{
  "hyperparameters": {
    "signal": "MHc160_MA85",
    "channel": "Combined",
    "iteration": 0,
    "model_idx": 1,
    "num_hidden": 128,
    "optimizer": "Adadelta",
    "initial_lr": 0.0007,
    "weight_decay": 5e-05,
    "scheduler": "ReduceLROnPlateau",
    "pilot_mode": false,
    "num_classes": 4,
    "model_type": "ParticleNet",
    "num_node_features": 9,
    "num_graph_features": 4,
    "dropout_p": 0.4,
    "batch_size": 1024,
    "train_folds": [
      0,
      1,
      2
    ],
    "valid_folds": [
      3
    ]
  },
  "training_summary": {
    "best_epoch": 15,
    "best_train_loss": 1.2748614844700428,
    "best_valid_loss": 1.2965206022799152,
    "best_train_acc": 0.35751211507199704,
    "best_valid_acc": 0.34947189020698316,
    "total_epochs": 23
  },
  "epoch_history": {
    "train_loss": [
      1.4440552376818747,
      1.4053508460540525,
      1.3818466651402654,
      1.3662395856091654,
      1.3543714074843023,
      1.345679672250939,
      1.3339689872525273,
      1.3257324424889485,
      1.3163651324836092,
      1.3121709204477245,
      1.3024951300040624,
      1.2965429443125962,
      1.2879375569863405,
      1.2852216325568546,
      1.2807557986835272,
      1.2748614844700428,
      1.275376786678476,
      1.2755246035744865,
      1.2738008563325305,
      1.281453271657457,
      1.2817700717262142,
      1.283554883907226,
      1.299221877850732
    ],
    "valid_loss": [
      1.440352238016135,
      1.405746575788536,
      1.3849398952353504,
      1.3708454931324725,
      1.360607601373902,
      1.3528135636429546,
      1.343917871316577,
      1.336606312334889,
      1.3297323857778507,
      1.3245883213065712,
      1.317902124168932,
      1.312507328020359,
      1.3054757411964402,
      1.3041861984960899,
      1.3008442822841033,
      1.2965206022799152,
      1.298917557507619,
      1.3004107055362946,
      1.3002927291391408,
      1.3098985963148644,
      1.3119246419738477,
      1.3153476114991434,
      1.333171659278027
    ],
    "train_acc": [
      0.27689584505034787,
      0.28920737767436844,
      0.29521676155843357,
      0.3114536545528787,
      0.3405452360224042,
      0.3749624413507246,
      0.3963381279998767,
      0.42146967957656956,
      0.4114713745309984,
      0.4084127522207755,
      0.39764208725933575,
      0.3800973828362751,
      0.378136628735641,
      0.35580175196653235,
      0.34818601354422674,
      0.35751211507199704,
      0.3487233911415518,
      0.35483100533910644,
      0.3657711657434301,
      0.36774347635153354,
      0.3818308589566785,
      0.39744562663235666,
      0.39945645893202464
    ],
    "valid_acc": [
      0.2721279124526271,
      0.2824097952593456,
      0.28829076312425717,
      0.30323144888211157,
      0.33099925997353846,
      0.3634370865382459,
      0.3843764716435315,
      0.4081245935460723,
      0.39913775704707016,
      0.39687843383490684,
      0.38729172740116163,
      0.3705234005337161,
      0.36795012670150024,
      0.34709483551230014,
      0.3402888345704483,
      0.34947189020698316,
      0.34042338483618506,
      0.3464164779225439,
      0.3562442535824008,
      0.35819523243558404,
      0.3715773776153208,
      0.38661897607247775,
      0.38862041127531227
    ],
    "epoch": [
      0,
      1,
      2,
      3,
      4,
      5,
      6,
      7,
      8,
      9,
      10,
      11,
      12,
      13,
      14,
      15,
      16,
      17,
      18,
      19,
      20,
      21,
      22
    ],
    "timestamp": [
      1762457420.2434895,
      1762457638.3495119,
      1762457864.1500578,
      1762458088.8901596,
      1762458313.7137077,
      1762458539.030984,
      1762458764.6705859,
      1762458989.4566789,
      1762459214.515409,
      1762459439.2765713,
      1762459662.4432895,
      1762459884.8379943,
      1762460107.1403396,
      1762460328.510675,
      1762460549.3017173,
      1762460770.2383618,
      1762460990.5658987,
      1762461211.0482042,
      1762461432.4308848,
      1762461651.1874995,
      1762461869.9986432,
      1762462088.140183,
      1762462306.7070005
    ]
  }
}