{
  "hyperparameters": {
    "signal": "MHc160_MA85",
    "channel": "Combined",
    "iteration": 0,
    "model_idx": 11,
    "num_hidden": 64,
    "optimizer": "RMSprop",
    "initial_lr": 0.003,
    "weight_decay": 0.00042,
    "scheduler": "CyclicLR",
    "pilot_mode": false,
    "num_classes": 4,
    "model_type": "ParticleNet",
    "num_node_features": 9,
    "num_graph_features": 4,
    "dropout_p": 0.4,
    "batch_size": 1024,
    "train_folds": [
      0,
      1,
      2
    ],
    "valid_folds": [
      3
    ]
  },
  "training_summary": {
    "best_epoch": 0,
    "best_train_loss": 1.0364176373965321,
    "best_valid_loss": 1.0750213997561813,
    "best_train_acc": 0.5591346487206946,
    "best_valid_acc": 0.5419572578655842,
    "total_epochs": 8
  },
  "epoch_history": {
    "train_loss": [
      1.0364176373965321,
      1.081419730181503,
      1.2012019445796278,
      1.124548942624668,
      4.345227698004566,
      1.1079330428098118,
      1.0816220685096758,
      1.059799527512479
    ],
    "valid_loss": [
      1.0750213997561813,
      1.1078331901795464,
      1.2279898985865147,
      1.1650219011955834,
      5.058892268004048,
      1.1605598144825524,
      1.1119716196802496,
      1.0918323866809296
    ],
    "train_acc": [
      0.5591346487206946,
      0.5129432883656787,
      0.4842561846575807,
      0.5224350331671764,
      0.40244959436658784,
      0.539502068614837,
      0.5303339060224812,
      0.550939158840343
    ],
    "valid_acc": [
      0.5419572578655842,
      0.49545892853138385,
      0.4655831632767475,
      0.507176014172628,
      0.3823638239185522,
      0.5178839728208463,
      0.51533312403292,
      0.5335590787791806
    ],
    "epoch": [
      0,
      1,
      2,
      3,
      4,
      5,
      6,
      7
    ],
    "timestamp": [
      1762457886.4362226,
      1762458107.610647,
      1762458328.787185,
      1762458549.1540923,
      1762458771.1027334,
      1762458993.087032,
      1762459215.3208988,
      1762459438.2592533
    ]
  }
}