{
  "hyperparameters": {
    "signal": "MHc160_MA85",
    "channel": "Combined",
    "iteration": 0,
    "model_idx": 12,
    "num_hidden": 96,
    "optimizer": "Adadelta",
    "initial_lr": 0.0019,
    "weight_decay": 1e-05,
    "scheduler": "ExponentialLR",
    "pilot_mode": false,
    "num_classes": 4,
    "model_type": "ParticleNet",
    "num_node_features": 9,
    "num_graph_features": 4,
    "dropout_p": 0.4,
    "batch_size": 1024,
    "train_folds": [
      0,
      1,
      2
    ],
    "valid_folds": [
      3
    ]
  },
  "training_summary": {
    "best_epoch": 77,
    "best_train_loss": 1.1568827048128099,
    "best_valid_loss": 1.2010180117226208,
    "best_train_acc": 0.4956085271616447,
    "best_valid_acc": 0.47867938914179353,
    "total_epochs": 81
  },
  "epoch_history": {
    "train_loss": [
      1.4430673307542863,
      1.415466462632611,
      1.3929026859639093,
      1.3886832042551462,
      1.3719467651337327,
      1.3635293925678347,
      1.353028567034571,
      1.3444182929329056,
      1.326974198391266,
      1.3171147595405455,
      1.3053907432814194,
      1.2989918238169016,
      1.2929555949306468,
      1.293273729597533,
      1.296113776847644,
      1.3101843635006378,
      1.3121851212693816,
      1.2982672787868397,
      1.287399201537982,
      1.2730432996981542,
      1.2834759841923413,
      1.2804130277472978,
      1.2631611958236446,
      1.261174896951348,
      1.2470968028270693,
      1.2515107294983716,
      1.2405048131738858,
      1.2359089384009398,
      1.2297674405253074,
      1.2327248849573922,
      1.2202506873365482,
      1.2164598948375254,
      1.2210990917635165,
      1.214359416165723,
      1.2134558864746243,
      1.2034881730545735,
      1.207602654535585,
      1.20055223536809,
      1.2091248832020853,
      1.1949141029823092,
      1.198042824884478,
      1.1958836384006646,
      1.1915807461365153,
      1.1856759872800369,
      1.1962553189704674,
      1.184106975251736,
      1.1875163376194944,
      1.183296814956159,
      1.1798003008614764,
      1.1867620767554752,
      1.180541656443032,
      1.1798028386820198,
      1.1726009016925218,
      1.178593331151401,
      1.1833651016212898,
      1.1741577196732154,
      1.1716875968984597,
      1.171074887883791,
      1.1699540239389346,
      1.17268115547255,
      1.1735943950765433,
      1.1690353891467948,
      1.170002922085673,
      1.165361214745051,
      1.1627721423095156,
      1.1683994188791222,
      1.1645408607689578,
      1.1636117392587686,
      1.1716612676307203,
      1.1681669281474214,
      1.1615622810662898,
      1.1617185250305233,
      1.1643020735950307,
      1.1581007216146937,
      1.1593673718244073,
      1.1589461587161016,
      1.1608720591273316,
      1.1568827048128099,
      1.1590978853336846,
      1.1570674151181486,
      1.1602714418509872
    ],
    "valid_loss": [
      1.4387749809299526,
      1.4164974212732029,
      1.398003805200429,
      1.395213614677176,
      1.3806745875502746,
      1.3748542245514948,
      1.3653294812635033,
      1.3572770744195242,
      1.3416629658066581,
      1.3327181145023856,
      1.3231645744545633,
      1.3186057163493705,
      1.3153672106579917,
      1.318051529110308,
      1.3238456397069092,
      1.3402853462264235,
      1.344366545601585,
      1.3319441320768206,
      1.3237343974784241,
      1.3103934638266517,
      1.3215703961880918,
      1.3202639183636575,
      1.3037926267530187,
      1.3021703193179854,
      1.2887180670462617,
      1.293162319987556,
      1.2820417454517894,
      1.2778437222239603,
      1.2724681674860696,
      1.2754304294878318,
      1.2625185021842356,
      1.2590918624467657,
      1.2640671836437793,
      1.2575748640270907,
      1.2567814316327302,
      1.2464182376808106,
      1.2509424641895146,
      1.2438615096584984,
      1.2529784791487164,
      1.2379089945556472,
      1.24151681722904,
      1.2392857338803516,
      1.2346801564481353,
      1.2288033348519602,
      1.2403997431059524,
      1.2276422131356417,
      1.231241132054286,
      1.227030442043475,
      1.2231725247445802,
      1.2312522608281156,
      1.2242976214258936,
      1.2239959500710824,
      1.2156599039367713,
      1.222601367308084,
      1.2285283996549181,
      1.218147434806657,
      1.215440706365928,
      1.2151723069592675,
      1.2138366906237057,
      1.217107423419596,
      1.2183480926048993,
      1.2133356931458552,
      1.2144828070796105,
      1.2094224504609365,
      1.2062368330710527,
      1.2131035707890485,
      1.2085389668992879,
      1.2078617038546735,
      1.2170375623543248,
      1.2132935650913848,
      1.2059072728428968,
      1.205820671353404,
      1.2087079634715738,
      1.2019603292028804,
      1.2036302828423588,
      1.2030413011295937,
      1.2054052247899087,
      1.2010180117226208,
      1.2035871161034715,
      1.2012896836438889,
      1.2051909380012786
    ],
    "train_acc": [
      0.2509707466274259,
      0.2860697858964383,
      0.2889781736095595,
      0.2891592255599128,
      0.2946562709461698,
      0.3059874265198733,
      0.378417837084062,
      0.45627402790511334,
      0.46569450757721675,
      0.44507769825188565,
      0.41394831929859705,
      0.40196036888371844,
      0.39474718213826204,
      0.40553518186090587,
      0.4200944551877162,
      0.4212135103276655,
      0.4317568973088746,
      0.4513509557231677,
      0.4676841529465242,
      0.48114170589458927,
      0.4775014060417421,
      0.4837072505527863,
      0.4906276724423523,
      0.490770202701141,
      0.49337812122005903,
      0.4928484479610469,
      0.49418322457375746,
      0.4948130542308374,
      0.4952233102459995,
      0.49504611046480274,
      0.4952772406141899,
      0.49546407081827776,
      0.4953408014052713,
      0.49547755341032534,
      0.49549296208695115,
      0.49553726203225035,
      0.49551222293273345,
      0.4955623011317673,
      0.49547755341032534,
      0.49556615330092374,
      0.49555267070887615,
      0.4955334098630939,
      0.49556615330092374,
      0.49556807938550196,
      0.49554304028598506,
      0.49557193155465845,
      0.49558734023128426,
      0.49558156197754955,
      0.4955777098083931,
      0.4955892663158625,
      0.49557193155465845,
      0.49558348806212776,
      0.49559504456959713,
      0.49558734023128426,
      0.4956220097536923,
      0.4955931184850189,
      0.4955892663158625,
      0.4955911924004407,
      0.49560082282333184,
      0.49561815758453587,
      0.4956143054153794,
      0.4956046749924883,
      0.4956374184303181,
      0.49560082282333184,
      0.49560082282333184,
      0.49561815758453587,
      0.4956046749924883,
      0.49559697065417535,
      0.49565667927610035,
      0.4956489749377875,
      0.4956239358382705,
      0.4956239358382705,
      0.4956374184303181,
      0.4956239358382705,
      0.4956085271616447,
      0.4956143054153794,
      0.4956200836691141,
      0.4956085271616447,
      0.4956220097536923,
      0.49561045324622294,
      0.49561237933080116
    ],