{
  "hyperparameters": {
    "signal": "MHc130_MA100",
    "channel": "Combined",
    "iteration": 0,
    "model_idx": 12,
    "num_hidden": 128,
    "optimizer": "Adadelta",
    "initial_lr": 0.0017,
    "weight_decay": 0.00041,
    "scheduler": "CyclicLR",
    "pilot_mode": false,
    "num_classes": 4,
    "model_type": "ParticleNet",
    "num_node_features": 9,
    "num_graph_features": 4,
    "dropout_p": 0.4,
    "batch_size": 1024,
    "train_folds": [
      0,
      1,
      2
    ],
    "valid_folds": [
      3
    ]
  },
  "training_summary": {
    "best_epoch": 0,
    "best_train_loss": 1.3367792643395768,
    "best_valid_loss": 1.3576912399953904,
    "best_train_acc": 0.3001276033864829,
    "best_valid_acc": 0.2821604172768572,
    "total_epochs": 8
  },
  "epoch_history": {
    "train_loss": [
      1.3367792643395768,
      1.3404709946909092,
      1.4192708476231573,
      1.6317948473654202,
      1.7734192667096016,
      1.8036619385912875,
      1.7558539108354758,
      1.749962709197739
    ],
    "valid_loss": [
      1.3576912399953904,
      1.371718982564146,
      1.463838364212383,
      1.6887625277007845,
      1.8347308563102531,
      1.8666095584709896,
      1.818850975986795,
      1.8138110373927363
    ],
    "train_acc": [
      0.3001276033864829,
      0.33316911332290317,
      0.3328783995206551,
      0.3328783995206551,
      0.3328783995206551,
      0.33291612573926743,
      0.33369284200481564,
      0.33465375098476524
    ],
    "valid_acc": [
      0.2821604172768572,
      0.3119418703924122,
      0.3115866615981903,
      0.3115866615981903,
      0.3115866615981903,
      0.31161782026435014,
      0.31247156771712914,
      0.3135870479656507
    ],
    "epoch": [
      0,
      1,
      2,
      3,
      4,
      5,
      6,
      7
    ],
    "timestamp": [
      1762457851.3668754,
      1762458067.0024772,
      1762458282.964229,
      1762458500.5695944,
      1762458715.5927577,
      1762458932.9635725,
      1762459149.9028242,
      1762459362.2982855
    ]
  }
}