{
  "hyperparameters": {
    "signal": "MHc130_MA100",
    "channel": "Combined",
    "iteration": 0,
    "model_idx": 0,
    "num_hidden": 96,
    "optimizer": "Adam",
    "initial_lr": 0.0024,
    "weight_decay": 0.00026,
    "scheduler": "CyclicLR",
    "pilot_mode": false,
    "num_classes": 4,
    "model_type": "ParticleNet",
    "num_node_features": 9,
    "num_graph_features": 4,
    "dropout_p": 0.4,
    "batch_size": 1024,
    "train_folds": [
      0,
      1,
      2
    ],
    "valid_folds": [
      3
    ]
  },
  "training_summary": {
    "best_epoch": 8,
    "best_train_loss": 0.9111141354462324,
    "best_valid_loss": 0.9542132822170141,
    "best_train_acc": 0.628314636663227,
    "best_valid_acc": 0.605032747758134,
    "total_epochs": 16
  },
  "epoch_history": {
    "train_loss": [
      1.066131512068462,
      0.968541683557103,
      0.951367133100469,
      0.9729752512705021,
      0.9496289180865117,
      0.9471979882922078,
      0.9267662012107352,
      0.9181482699843228,
      0.9111141354462324,
      0.9302053867005403,
      0.9307192556325501,
      0.9490071983088092,
      0.9306716664132695,
      0.9198880737761149,
      0.9201706929349334,
      0.9152518066803792
    ],
    "valid_loss": [
      1.131565104335037,
      1.0229577090301027,
      0.9957895521109704,
      1.0261274148696555,
      0.9883046745314223,
      0.9987195541643995,
      0.9690421687877604,
      0.9600441260418923,
      0.9542132822170141,
      0.9728359334165108,
      0.9832282074219748,
      1.0074490686954627,
      0.9790669192512699,
      0.9643138229409769,
      0.9674073121423326,
      0.9630856386171891
    ],
    "train_acc": [
      0.5719228165950978,
      0.5942744915282447,
      0.6036594432053971,
      0.595197674289582,
      0.6104079979583458,
      0.6118815396735573,
      0.6169257570209602,
      0.6235522563607514,
      0.628314636663227,
      0.6203211166960709,
      0.6106654239206418,
      0.6111824950345639,
      0.614746513098765,
      0.6251456342997903,
      0.6210090653884136,
      0.6251767029504122
    ],
    "valid_acc": [
      0.5326698614685702,
      0.561647420997202,
      0.5759866391639507,
      0.5655796446665711,
      0.5854090198106799,
      0.5846238214234525,
      0.5912980077148857,
      0.6004648872991045,
      0.605032747758134,
      0.5995612859804698,
      0.5795574223058659,
      0.5787036748530869,
      0.5879266400363933,
      0.6016987704790333,
      0.5936349076768722,
      0.5997482379774287
    ],
    "epoch": [
      0,
      1,
      2,
      3,
      4,
      5,
      6,
      7,
      8,
      9,
      10,
      11,
      12,
      13,
      14,
      15
    ],
    "timestamp": [
      1762457248.206557,
      1762457432.390229,
      1762457622.0426855,
      1762457827.4739015,
      1762458039.9222178,
      1762458251.5341198,
      1762458461.3428817,
      1762458674.3573737,
      1762458886.0558615,
      1762459094.9691668,
      1762459305.1585064,
      1762459509.617561,
      1762459710.9353762,
      1762459905.8345594,
      1762460098.2180037,
      1762460289.1053526
    ]
  }
}