{
  "hyperparameters": {
    "signal": "MHc130_MA100",
    "channel": "Combined",
    "iteration": 0,
    "model_idx": 15,
    "num_hidden": 128,
    "optimizer": "Adam",
    "initial_lr": 0.005,
    "weight_decay": 7e-05,
    "scheduler": "ExponentialLR",
    "pilot_mode": false,
    "num_classes": 4,
    "model_type": "ParticleNet",
    "num_node_features": 9,
    "num_graph_features": 4,
    "dropout_p": 0.4,
    "batch_size": 1024,
    "train_folds": [
      0,
      1,
      2
    ],
    "valid_folds": [
      3
    ]
  },
  "training_summary": {
    "best_epoch": 18,
    "best_train_loss": 0.8938160255894093,
    "best_valid_loss": 0.9321602638417262,
    "best_train_acc": 0.6367630904430611,
    "best_valid_acc": 0.6149474353301884,
    "total_epochs": 26
  },
  "epoch_history": {
    "train_loss": [
      0.9513020928824574,
      0.9367104396208645,
      0.9235733521788478,
      0.9182918058979741,
      0.9163139670116043,
      0.9122869969604772,
      0.9105979886079384,
      0.9098967685379677,
      0.9024324789957604,
      0.9072519130454303,
      0.9024948508515955,
      0.9047990453408201,
      0.8974478414351461,
      0.9017413090147919,
      0.9038234500028509,
      0.9032092347361005,
      0.8961386008809878,
      0.9209653037340125,
      0.8938160255894093,
      0.8962270870851909,
      0.894982370292122,
      0.8977031105652462,
      0.8986921610845494,
      0.8932269877309577,
      0.901687147932602,
      0.891679713047293
    ],
    "valid_loss": [
      0.9972972257145217,
      0.9757449794412443,
      0.9699142135891025,
      0.9649630600776328,
      0.96070759643595,
      0.9560799187167771,
      0.9502911486000849,
      0.9518505656721956,
      0.9405418290305001,
      0.9579320344109006,
      0.9453609096586364,
      0.9433136327696569,
      0.9373641745360961,
      0.9432949611519592,
      0.9521797604794384,
      0.9440152664440834,
      0.9382146726177204,
      0.9734529723773069,
      0.9321602638417262,
      0.9393520084340667,
      0.9382614718540847,
      0.9342840783883638,
      0.9468185955114383,
      0.9333552857902071,
      0.9501764472817034,
      0.9341484370161887
    ],
    "train_acc": [
      0.6017487211921485,
      0.612875736493459,
      0.6216260000221919,
      0.6194622904253076,
      0.6207494202367875,
      0.6230107741641978,
      0.6264194489752893,
      0.6262818592368208,
      0.632473397467905,
      0.6271406855075841,
      0.6320606282524993,
      0.6324689590892447,
      0.636552267456698,
      0.6347613816672769,
      0.6328528788433585,
      0.6267878344040921,
      0.6361017720226801,
      0.6296261775573383,
      0.6367630904430611,
      0.6378926578121012,
      0.6365544866460282,
      0.6358376884923937,
      0.6376241359031546,
      0.6381079191771246,
      0.628219211522031,
      0.6387647992188453
    ],
    "valid_acc": [
      0.5722226722918445,
      0.5881260554998161,
      0.5961712231022814,
      0.5919274127713141,
      0.5955044276464613,
      0.5962335404346011,
      0.6019605032747758,
      0.5997980918432844,
      0.6087904828970081,
      0.5994989686481501,
      0.6067090839975322,
      0.6087032386317607,
      0.6128348777645527,
      0.6111460780586905,
      0.609681620749179,
      0.6027270064623074,
      0.6116820071166393,
      0.6042288541712106,
      0.6149474353301884,
      0.6140002118789298,
      0.6111523097919225,
      0.6154958278546012,
      0.6123986564383151,
      0.6158136462494314,
      0.599517663847846,
      0.6137073204170276
    ],
    "epoch": [
      0,
      1,
      2,
      3,
      4,
      5,
      6,
      7,
      8,
      9,
      10,
      11,
      12,
      13,
      14,
      15,
      16,
      17,
      18,
      19,
      20,
      21,
      22,
      23,
      24,
      25
    ],
    "timestamp": [
      1762458001.1889741,
      1762458213.583914,
      1762458426.1335895,
      1762458640.221653,
      1762458853.388015,
      1762459063.9756656,
      1762459274.5519807,
      1762459481.9270391,
      1762459684.4236348,
      1762459881.089871,
      1762460075.2258775,
      1762460268.2771153,
      1762460458.5110877,
      1762460645.8329966,
      1762460832.501275,
      1762461019.6115327,
      1762461206.8866973,
      1762461394.3780956,
      1762461585.3464596,
      1762461773.0442524,
      1762461960.3440268,
      1762462149.1666968,
      1762462336.6035163,
      1762462523.1771731,
      1762462709.0738933,
      1762462895.5728018
    ]
  }
}