{
  "hyperparameters": {
    "signal": "MHc130_MA100",
    "channel": "Combined",
    "iteration": 0,
    "model_idx": 14,
    "num_hidden": 128,
    "optimizer": "Adadelta",
    "initial_lr": 0.005,
    "weight_decay": 0.00027,
    "scheduler": "ReduceLROnPlateau",
    "pilot_mode": false,
    "num_classes": 4,
    "model_type": "ParticleNet",
    "num_node_features": 9,
    "num_graph_features": 4,
    "dropout_p": 0.4,
    "batch_size": 1024,
    "train_folds": [
      0,
      1,
      2
    ],
    "valid_folds": [
      3
    ]
  },
  "training_summary": {
    "best_epoch": 80,
    "best_train_loss": 1.0251330132699936,
    "best_valid_loss": 1.0948859193750282,
    "best_train_acc": 0.5773465153179543,
    "best_valid_acc": 0.5369074400663056,
    "total_epochs": 81
  },
  "epoch_history": {
    "train_loss": [
      1.3128583921689403,
      1.4723990846915411,
      1.6361036835913823,
      1.4590854148398718,
      1.337572781323749,
      1.2655679058383393,
      1.2284812797977367,
      1.2039233726121448,
      1.195455528692628,
      1.1783389252241636,
      1.1644038060601845,
      1.1607911279880523,
      1.1535804810672186,
      1.143047715659841,
      1.1402680623285708,
      1.1368444309480332,
      1.1316755546966943,
      1.1290798317836743,
      1.1291299255316236,
      1.1230839645934139,
      1.1226419864700805,
      1.1187510786785295,
      1.115351816069877,
      1.1142681523304192,
      1.1105053612330942,
      1.1085809636044335,
      1.1098584542440029,
      1.1064967835821047,
      1.1034115608391162,
      1.1021497138911105,
      1.1011297232788069,
      1.0997034273699642,
      1.0965446811720596,
      1.095664253953164,
      1.0938220608558873,
      1.0926812151417693,
      1.0916544255362397,
      1.0905957074017885,
      1.088992075803016,
      1.0870000948163676,
      1.0871117141459676,
      1.0833014019091984,
      1.08274133945381,
      1.0804099630614012,
      1.0781463435281298,
      1.076117212851231,
      1.0751933232176822,
      1.0768404293537548,
      1.0717673664053442,
      1.0716694902799915,
      1.067228054257719,
      1.066184416704343,
      1.0650032827619582,
      1.0645107526512405,
      1.062119012741235,
      1.0632032276801728,
      1.0601310472120258,
      1.0575868901781769,
      1.057245427581776,
      1.0552603523302901,
      1.0552301697249382,
      1.0498225886535797,
      1.0491537896543155,
      1.0467290101646511,
      1.045634068613444,
      1.0464966779880946,
      1.0438628813631623,
      1.0436370510141402,
      1.0420635195664043,
      1.0383328008274488,
      1.0387498677158495,
      1.0376975030419582,
      1.0351934932090205,
      1.0359533879137965,
      1.0355476739603064,
      1.032162752434344,
      1.0291952789744478,
      1.0262231508922532,
      1.029112914486771,
      1.0264174010860694,
      1.0251330132699936
    ],
    "valid_loss": [
      1.3490487278239147,
      1.5290143451638731,
      1.7039875914628566,
      1.533796147597287,
      1.4174008376666598,
      1.3470891033208956,
      1.3108033684082139,
      1.2860549162149553,
      1.2782915409406372,
      1.2602814184545819,
      1.2450204199109816,
      1.2417465162511674,
      1.2341828645276696,
      1.2226765955592231,
      1.220192627225459,
      1.2168396284022343,
      1.2111992023673575,
      1.2086443678465302,
      1.2096663952982156,
      1.2030220813129697,
      1.2034158923170128,
      1.198781048713191,
      1.1948583084303375,
      1.1939339465853802,
      1.190049043618822,
      1.1876480135534841,
      1.1896582560551756,
      1.1867167996165975,
      1.183127088117487,
      1.1813296982539998,
      1.1812855363978985,
      1.1789460872979654,
      1.175341891887632,
      1.175054561213074,
      1.1722273112512678,
      1.172139559212347,
      1.1708261837785843,
      1.1694482701207574,
      1.1679352361768471,
      1.1666122373859982,
      1.1660460069816347,
      1.161808757771166,
      1.1609443561997614,
      1.1585154495499326,
      1.1559264960614473,
      1.153428704492768,
      1.1522457637541654,
      1.1548641955012533,
      1.1486772273681218,
      1.1489438290858067,
      1.1430622824431336,
      1.1422465168414782,
      1.1409223077616188,
      1.1400922427208244,
      1.13727356595647,
      1.1387358617095875,
      1.1353278757519707,
      1.1322043229259575,
      1.13182702768854,
      1.1297570078639605,
      1.129535251880328,
      1.123190118143438,
      1.1232749475359873,
      1.119570450279727,
      1.1182321764396472,
      1.1190603408474484,
      1.1164280987975093,
      1.1157694303829468,
      1.1138538619973912,
      1.1103027489045538,
      1.1104801159602624,
      1.1091747519398947,
      1.1063735346024535,
      1.1075209087429854,
      1.1062624211710088,
      1.1033231445458556,
      1.1003531812748637,
      1.096347522502034,
      1.0992298634350959,
      1.0952012833402596,
      1.0948859193750282
    ],
    "train_acc": [
      0.33550813887686826,
      0.33298713979783184,
      0.3404480543257548,
      0.4198462101794215,
      0.5128058320295596,
      0.559677329871398,
      0.5691998712870189,
      0.5705225081277809,
      0.5707022624635221,
      0.5708753592312729,
      0.570910866260555,
      0.5709485924791674,
      0.5710107297804112,
      0.5710284832950523,
      0.5710307024843825,
      0.571039579241703,
      0.5710573327563441,
      0.5710573327563441,
      0.5711172508682578,
      0.5711394427615593,
      0.5712570597960565,
      0.5712681557427072,
      0.5712526214173962,
      0.5713169779079702,
      0.5714212798064867,
      0.5714545676464388,
      0.5715899381955771,
      0.5718828711871553,
      0.5719694195710308,
      0.5719627620030403,
      0.5721380779601212,
      0.5722046536400253,
      0.5723045171598815,
      0.572408819058398,
      0.5725264360928952,
      0.5726440531273925,
      0.5728060539484926,
      0.5728104923271529,
      0.5730035617988749,
      0.5730834526147598,
      0.5732010696492571,
      0.5732609877611708,
      0.573391919931649,
      0.5735139753448065,
      0.5735228521021271,
      0.5736892913018874,
      0.5738091275257149,
      0.5739977586187766,
      0.573971128346815,
      0.5741664170078671,
      0.5742751572850437,
      0.5743705824262397,
      0.5744704459460959,
      0.5745170489220288,
      0.5746191316312151,
      0.5747189951510713,
      0.5747811324523152,
      0.5749497908414056,
      0.5750252432786304,
      0.575116230041166,
      0.5751628330170988,
      0.5752737924836058,
      0.5753381489741798,
      0.5754957114166195,
      0.5756865616990113,
      0.5757509181895853,
      0.575841904952121,
      0.5759262341466662,
      0.5760704814531252,
      0.5761880984876224,
      0.5762790852501581,
      0.5762635509248472,
      0.5763722912020239,
      0.5764632779645595,
      0.576534292023124,
      0.5766607858149418,
      0.5769914450251323,
      0.5768938006946063,
      0.5769315269132186,
      0.5771024044916392,
      0.5773465153179543
    ],