{
  "Central": {
    "ptcorr_15to17_EB1": 21.262962547014467,
    "ptcorr_15to17_EB2": 11.362649961258285,
    "ptcorr_15to17_EE": 17.13677046634257,
    "ptcorr_17to20_EB1": 36.52469177148305,
    "ptcorr_17to20_EB2": 19.74493430776056,
    "ptcorr_17to20_EE": 23.93923730927054,
    "ptcorr_20to25_EB1": 65.35888446785975,
    "ptcorr_20to25_EB2": 39.44545435975306,
    "ptcorr_20to25_EE": 40.135258131544106,
    "ptcorr_25to35_EB1": 152.44296600786038,
    "ptcorr_25to35_EB2": 84.39699320029467,
    "ptcorr_25to35_EE": 81.8476936656516,
    "ptcorr_35to50_EB1": 226.2151729008183,
    "ptcorr_35to50_EB2": 132.62633527256548,
    "ptcorr_35to50_EE": 100.40081851335708,
    "ptcorr_50to100_EB1": 452.5930011655437,
    "ptcorr_50to100_EB2": 255.98823807307053,
    "ptcorr_50to100_EE": 168.7143001925433,
    "ptcorr_100to200_EB1": 169.89608908304945,
    "ptcorr_100to200_EB2": 99.82540555042215,
    "ptcorr_100to200_EE": 47.73322117596399
  },
  "MotherJetPt_Up": {
    "ptcorr_15to17_EB1": 15.080367774353363,
    "ptcorr_15to17_EB2": 8.119510727119632,
    "ptcorr_15to17_EE": 12.013700650306419,
    "ptcorr_17to20_EB1": 24.837348024593666,
    "ptcorr_17to20_EB2": 14.379974138690159,
    "ptcorr_17to20_EE": 16.938215998117812,
    "ptcorr_20to25_EB1": 46.539980497793294,
    "ptcorr_20to25_EB2": 27.852346955565736,
    "ptcorr_20to25_EE": 28.460501977126114,
    "ptcorr_25to35_EB1": 112.3328802678734,
    "ptcorr_25to35_EB2": 61.94812127051409,
    "ptcorr_25to35_EE": 61.4865065026097,
    "ptcorr_35to50_EB1": 173.17699533933774,
    "ptcorr_35to50_EB2": 99.83857312274631,
    "ptcorr_35to50_EE": 77.58050010085572,
    "ptcorr_50to100_EB1": 366.1782280851621,
    "ptcorr_50to100_EB2": 206.70562291657552,
    "ptcorr_50to100_EE": 134.08944641973358,
    "ptcorr_100to200_EB1": 156.19016078638379,
    "ptcorr_100to200_EB2": 91.93129166867584,
    "ptcorr_100to200_EE": 43.22151818976272
  },
  "MotherJetPt_Down": {
    "ptcorr_15to17_EB1": 23.149275279720314,
    "ptcorr_15to17_EB2": 12.543083602911793,
    "ptcorr_15to17_EE": 18.068851556861773,
    "ptcorr_17to20_EB1": 38.785066006239504,
    "ptcorr_17to20_EB2": 21.012622300419025,
    "ptcorr_17to20_EE": 25.74239422439132,
    "ptcorr_20to25_EB1": 69.68654327152763,
    "ptcorr_20to25_EB2": 42.306194722186774,
    "ptcorr_20to25_EE": 43.15973168471828,
    "ptcorr_25to35_EB1": 161.266377568827,
    "ptcorr_25to35_EB2": 89.33872182038613,
    "ptcorr_25to35_EE": 86.4792468433734,
    "ptcorr_35to50_EB1": 237.37062169483397,
    "ptcorr_35to50_EB2": 139.76592648716178,
    "ptcorr_35to50_EE": 105.88464631338138,
    "ptcorr_50to100_EB1": 472.14520946121775,
    "ptcorr_50to100_EB2": 267.15093923325185,
    "ptcorr_50to100_EE": 177.55809001915623,
    "ptcorr_100to200_EB1": 173.70288684638217,
    "ptcorr_100to200_EB2": 101.65639935526997,
    "ptcorr_100to200_EE": 49.03127625398338
  },
  "RequireHeavyTag": {
    "ptcorr_15to17_EB1": 12.921751272981055,
    "ptcorr_15to17_EB2": 6.671577011817135,
    "ptcorr_15to17_EE": 10.306381542002782,
    "ptcorr_17to20_EB1": 20.16953077202197,
    "ptcorr_17to20_EB2": 11.186247892677784,
    "ptcorr_17to20_EE": 13.986877402756363,
    "ptcorr_20to25_EB1": 38.55879588925745,
    "ptcorr_20to25_EB2": 21.44264080922585,
    "ptcorr_20to25_EE": 24.497958652675152,
    "ptcorr_25to35_EB1": 87.50059615483042,
    "ptcorr_25to35_EB2": 50.08270952908788,
    "ptcorr_25to35_EE": 46.24645531736314,
    "ptcorr_35to50_EB1": 128.7330342924688,
    "ptcorr_35to50_EB2": 74.85336143593304,
    "ptcorr_35to50_EE": 55.10464702825993,
    "ptcorr_50to100_EB1": 236.24024784762878,
    "ptcorr_50to100_EB2": 134.1918819422135,
    "ptcorr_50to100_EE": 84.24894738267176,
    "ptcorr_100to200_EB1": 93.05548076611012,
    "ptcorr_100to200_EB2": 55.07057400722988,
    "ptcorr_100to200_EE": 23.575865602004342
  },
  "L1Prefire_Up": {
    "ptcorr_15to17_EB1": 21.262962547014467,
    "ptcorr_15to17_EB2": 11.362649961258285,
    "ptcorr_15to17_EE": 17.13677046634257,
    "ptcorr_17to20_EB1": 36.52469177148305,
    "ptcorr_17to20_EB2": 19.74493430776056,
    "ptcorr_17to20_EE": 23.93923730927054,
    "ptcorr_20to25_EB1": 65.35888446785975,
    "ptcorr_20to25_EB2": 39.44545435975306,
    "ptcorr_20to25_EE": 40.135258131544106,
    "ptcorr_25to35_EB1": 152.44296600786038,
    "ptcorr_25to35_EB2": 84.39699320029467,
    "ptcorr_25to35_EE": 81.8476936656516,
    "ptcorr_35to50_EB1": 226.2151729008183,
    "ptcorr_35to50_EB2": 132.62633527256548,
    "ptcorr_35to50_EE": 100.40081851335708,
    "ptcorr_50to100_EB1": 452.5930011655437,
    "ptcorr_50to100_EB2": 255.98823807307053,
    "ptcorr_50to100_EE": 168.7143001925433,
    "ptcorr_100to200_EB1": 169.89608908304945,
    "ptcorr_100to200_EB2": 99.82540555042215,
    "ptcorr_100to200_EE": 47.73322117596399
  },
  "L1Prefire_Down": {
    "ptcorr_15to17_EB1": 21.262962547014467,
    "ptcorr_15to17_EB2": 11.362649961258285,
    "ptcorr_15to17_EE": 17.13677046634257,
    "ptcorr_17to20_EB1": 36.52469177148305,
    "ptcorr_17to20_EB2": 19.74493430776056,
    "ptcorr_17to20_EE": 23.93923730927054,
    "ptcorr_20to25_EB1": 65.35888446785975,
    "ptcorr_20to25_EB2": 39.44545435975306,
    "ptcorr_20to25_EE": 40.135258131544106,
    "ptcorr_25to35_EB1": 152.44296600786038,
    "ptcorr_25to35_EB2": 84.39699320029467,
    "ptcorr_25to35_EE": 81.8476936656516,
    "ptcorr_35to50_EB1": 226.2151729008183,
    "ptcorr_35to50_EB2": 132.62633527256548,
    "ptcorr_35to50_EE": 100.40081851335708,
    "ptcorr_50to100_EB1": 452.5930011655437,
    "ptcorr_50to100_EB2": 255.98823807307053,
    "ptcorr_50to100_EE": 168.7143001925433,
    "ptcorr_100to200_EB1": 169.89608908304945,
    "ptcorr_100to200_EB2": 99.82540555042215,
    "ptcorr_100to200_EE": 47.73322117596399
  },
  "PileupReweight_Up": {
    "ptcorr_15to17_EB1": 21.16847531008534,
    "ptcorr_15to17_EB2": 11.174067227402702,
    "ptcorr_15to17_EE": 16.469008846208453,
    "ptcorr_17to20_EB1": 36.12220990937203,
    "ptcorr_17to20_EB2": 19.2474569871556,
    "ptcorr_17to20_EE": 23.323422870598733,
    "ptcorr_20to25_EB1": 64.66235787700862,
    "ptcorr_20to25_EB2": 38.9496253458783,
    "ptcorr_20to25_EE": 39.62394185503945,
    "ptcorr_25to35_EB1": 152.10523524624296,
    "ptcorr_25to35_EB2": 84.33312721550465,
    "ptcorr_25to35_EE": 80.86505254125223,
    "ptcorr_35to50_EB1": 224.7787672188133,
    "ptcorr_35to50_EB2": 131.08365198713727,
    "ptcorr_35to50_EE": 99.76727389614098,
    "ptcorr_50to100_EB1": 448.23135761660524,
    "ptcorr_50to100_EB2": 253.97922818968073,
    "ptcorr_50to100_EE": 166.3088012863882,
    "ptcorr_100to200_EB1": 168.85063064540736,
    "ptcorr_100to200_EB2": 98.40475530922413,
    "ptcorr_100to200_EE": 47.154413459124044
  },
  "PileupReweight_Down": {
    "ptcorr_15to17_EB1": 21.365523579064757,
    "ptcorr_15to17_EB2": 11.54120562193566,
    "ptcorr_15to17_EE": 17.856050015660003,
    "ptcorr_17to20_EB1": 37.002200239454396,
    "ptcorr_17to20_EB2": 20.216012647229945,
    "ptcorr_17to20_EE": 24.582980105275055,
    "ptcorr_20to25_EB1": 65.80553815444,
    "ptcorr_20to25_EB2": 39.77276449764031,
    "ptcorr_20to25_EE": 40.546192316309316,
    "ptcorr_25to35_EB1": 153.03400187924854,
    "ptcorr_25to35_EB2": 84.23813567397883,
    "ptcorr_25to35_EE": 82.69796454027528,
    "ptcorr_35to50_EB1": 227.46496919437777,
    "ptcorr_35to50_EB2": 134.23417219950352,
    "ptcorr_35to50_EE": 100.82880227675196,
    "ptcorr_50to100_EB1": 456.23504873455386,
    "ptcorr_50to100_EB2": 257.9099998639431,
    "ptcorr_50to100_EE": 171.17502971016802,
    "ptcorr_100to200_EB1": 170.88043915259186,
    "ptcorr_100to200_EB2": 101.11618265716243,
    "ptcorr_100to200_EE": 48.39468807229423
  },
  "JetEn_Up": {
    "ptcorr_15to17_EB1": 20.296658227569424,
    "ptcorr_15to17_EB2": 11.112801813404076,
    "ptcorr_15to17_EE": 16.63793408102356,
    "ptcorr_17to20_EB1": 34.222390403505415,
    "ptcorr_17to20_EB2": 18.238840153091587,
    "ptcorr_17to20_EE": 22.274580211844295,