process,threshold,initial_sensitivity,max_sensitivity,improvement
MHc-160_MA-85,0.54,0.9668049705058327,1.2583958484346123,0.3016025846207835
