{
  "syst": "ljet",
  "observed": 38.300301315262914,
  "expected": 118.20598246576265,
  "difference": -0.6759867773498158,
  "max_bin_difference": 2.7930262907908774,
  "max_bin_difference_bin": 159,
  "max_bin_difference_filtered": 0.822220982076264,
  "max_bin_difference_filtered_bin": 82,
  "snr_threshold": 3.0,
  "mass_range_min": 10.0,
  "mass_range_max": 160.0,
  "percentile_68_difference": 0.7087395681038929,
  "percentile_95_difference": 0.7862269931873844,
  "rms_bin_difference": 0.6476817629073175,
  "chi2": 31.481389584100704,
  "ndf": 21,
  "chi2_per_ndf": 1.4991137897190812,
  "p_value": 0.0660111233767314,
  "closure_uncertainty_scale": 1.6,
  "recommended_systematic_pct": 60.00000000000001
}