{
  "syst": "ljet",
  "observed": 38.300301619805396,
  "expected": 118.20598291512579,
  "difference": -0.6759867760051895,
  "max_bin_difference": 1.0,
  "max_bin_difference_bin": 82,
  "max_bin_difference_filtered": 0.863828445511948,
  "max_bin_difference_filtered_bin": 39,
  "snr_threshold": 3.0,
  "mass_range_min": 10.0,
  "mass_range_max": 160.0,
  "percentile_68_difference": 0.6871910851056995,
  "percentile_95_difference": 0.7729846691873318,
  "rms_bin_difference": 0.6305844112155062,
  "chi2": 24.66232099497291,
  "ndf": 20,
  "chi2_per_ndf": 1.2331160497486455,
  "p_value": 0.21465639328659014,
  "closure_uncertainty_scale": 1.3,
  "recommended_systematic_pct": 30.000000000000004
}