{
  "syst": "TT",
  "observed": 242.21715662628412,
  "expected": 219.7429213837604,
  "difference": 0.10227512723049029,
  "max_bin_difference": 19.231613954451397,
  "max_bin_difference_bin": 157,
  "max_bin_difference_filtered": 0.9229453637925774,
  "max_bin_difference_filtered_bin": 78,
  "snr_threshold": 3.0,
  "mass_range_min": 10.0,
  "mass_range_max": 160.0,
  "percentile_68_difference": 0.24446630807181766,
  "percentile_95_difference": 0.5646231429485705,
  "rms_bin_difference": 0.28352892368706417,
  "chi2": 59.91744316168906,
  "ndf": 29,
  "chi2_per_ndf": 2.066118729713416,
  "p_value": 0.0006324298815601917,
  "closure_uncertainty_scale": 2.0,
  "recommended_systematic_pct": 100.0
}