{
  "syst": "TT",
  "observed": 242.21715816482902,
  "expected": 219.74292123271152,
  "difference": 0.10227513498974963,
  "max_bin_difference": 2.533756886224508,
  "max_bin_difference_bin": 155,
  "max_bin_difference_filtered": 1.541608836956106,
  "max_bin_difference_filtered_bin": 152,
  "snr_threshold": 3.0,
  "mass_range_min": 10.0,
  "mass_range_max": 160.0,
  "percentile_68_difference": 0.243018119557439,
  "percentile_95_difference": 0.6608849269247568,
  "rms_bin_difference": 0.3114163663197928,
  "chi2": 54.15264729724839,
  "ndf": 37,
  "chi2_per_ndf": 1.4635850620877944,
  "p_value": 0.03406161785721145,
  "closure_uncertainty_scale": 1.55,
  "recommended_systematic_pct": 55.00000000000001
}