{
  "hyperparameters": {
    "signal": "MHc100_MA95",
    "channel": "Combined",
    "iteration": 1,
    "model_idx": 15,
    "num_hidden": 256,
    "optimizer": "Adadelta",
    "initial_lr": 0.0007,
    "weight_decay": 5e-05,
    "scheduler": "ReduceLROnPlateau",
    "pilot_mode": false,
    "num_classes": 4,
    "model_type": "ParticleNet",
    "num_node_features": 9,
    "num_graph_features": 4,
    "dropout_p": 0.4,
    "batch_size": 256,
    "train_folds": [
      0,
      1,
      2
    ],
    "valid_folds": [
      3
    ],
    "loss_type": "disco",
    "disco_lambda": 0.05
  },
  "training_summary": {
    "best_epoch": 0,
    "best_train_loss": 1.4493425270706688,
    "best_valid_loss": 0.9416298664791484,
    "best_train_acc": 0.2501332350075245,
    "best_valid_acc": 0.26328325644135475,
    "total_epochs": 8
  },
  "epoch_history": {
    "train_loss": [
      1.4493425270706688,
      1.4092932240216565,
      1.3734461079977203,
      1.3486307347074469,
      1.3238122447283434,
      1.30401132693769,
      1.2817712291033434,
      1.263870155775076
    ],
    "valid_loss": [
      0.9416298664791484,
      0.9515533447265625,
      1.0068187444982395,
      1.1110364887076365,
      1.1632003784179688,
      1.2866994293642715,
      1.3709896248830875,
      1.4793230513451805
    ],
    "train_acc": [
      0.2501332350075245,
      0.2541966065764427,
      0.2601173184812069,
      0.26424186304211617,
      0.267770454287529,
      0.2724170573055744,
      0.2757517658174038,
      0.27824871242046356
    ],
    "valid_acc": [
      0.26328325644135475,
      0.28037163079716265,
      0.25933691549289506,
      0.25043936392467003,
      0.2501622315030545,
      0.2500583791588724,
      0.25002966237843793,
      0.25
    ],
    "epoch": [
      0,
      1,
      2,
      3,
      4,
      5,
      6,
      7
    ],
    "timestamp": [
      1767312096.5044968,
      1767312465.6857781,
      1767312835.4091988,
      1767313205.5737374,
      1767313562.239362,
      1767313891.3316424,
      1767314209.654343,
      1767314509.8530226
    ],
    "train_ce_loss": [
      1.420064578809999,
      1.3804256832346002,
      1.344423513861775,
      1.3194288842221524,
      1.2948258846001786,
      1.2750452085287738,
      1.2525888668367566,
      1.2351509494259727
    ],
    "valid_ce_loss": [
      0.9110790277818139,
      0.9211057247266068,
      0.9765231959180722,
      1.0808388315023145,
      1.1330095181490858,
      1.256650852734669,
      1.3408298150072215,
      1.4491783566248249
    ],
    "train_disco_term": [
      0.5855576216540438,
      0.5773498649292804,
      0.5804509535386569,
      0.58403709086966,
      0.5797259901069942,
      0.5793255034732239,
      0.5836453610097021,
      0.5743832014795495
    ],
    "valid_disco_term": [
      0.6110176277727308,
      0.6089529257110307,
      0.6059113285491164,
      0.6039524205868513,
      0.6038182285994711,
      0.6009725417259714,
      0.6031954377155069,
      0.6028949124082713
    ]
  }
}