{
  "hyperparameters": {
    "signal": "MHc100_MA95",
    "channel": "Combined",
    "iteration": 1,
    "model_idx": 4,
    "num_hidden": 128,
    "optimizer": "RMSprop",
    "initial_lr": 0.0002,
    "weight_decay": 9e-05,
    "scheduler": "ReduceLROnPlateau",
    "pilot_mode": false,
    "num_classes": 4,
    "model_type": "ParticleNet",
    "num_node_features": 9,
    "num_graph_features": 4,
    "dropout_p": 0.4,
    "batch_size": 256,
    "train_folds": [
      0,
      1,
      2
    ],
    "valid_folds": [
      3
    ],
    "loss_type": "disco",
    "disco_lambda": 0.05
  },
  "training_summary": {
    "best_epoch": 9,
    "best_train_loss": 0.6659403792268237,
    "best_valid_loss": 0.6516759093378631,
    "best_train_acc": 0.5715524703264236,
    "best_valid_acc": 0.58144810795784,
    "total_epochs": 17
  },
  "epoch_history": {
    "train_loss": [
      0.7300826516194909,
      0.6816306812784955,
      0.6755491308890578,
      0.671837228699658,
      0.6694018332066869,
      0.6687664739266718,
      0.6685618113601823,
      0.6668016242401216,
      0.6668482261588146,
      0.6659403792268237,
      0.6660708349164134,
      0.6660979204264817,
      0.6661116486987082,
      0.6671144062262538,
      0.6666546204169833,
      0.66551992306231,
      0.6649945383738601
    ],
    "valid_loss": [
      0.6760435507331096,
      0.6733282922019421,
      0.6664861759669344,
      0.6617023306833186,
      0.6620657477580326,
      0.6576275892660651,
      0.6590798606335277,
      0.6547234226280535,
      0.6543998180980414,
      0.6516759093378631,
      0.6580272191007372,
      0.6543175066021126,
      0.6554515999807439,
      0.6530358757771236,
      0.6582847917583626,
      0.6615023545815911,
      0.6575135781731404
    ],
    "train_acc": [
      0.5181376859545708,
      0.5579862222075462,
      0.5648913756012917,
      0.5685432180762291,
      0.5682717487215996,
      0.5685264617204666,
      0.5685954317450523,
      0.5714675635099411,
      0.571124479174614,
      0.5715524703264236,
      0.5697622299194336,
      0.5730079039931297,
      0.5723372399806976,
      0.5707019045948982,
      0.5727474838495255,
      0.571918897330761,
      0.5724534243345261
    ],
    "valid_acc": [
      0.5584460124373436,
      0.5654191598296165,
      0.5727110505104065,
      0.573981299996376,
      0.5793364569544792,
      0.5745333954691887,
      0.570246048271656,
      0.5780126601457596,
      0.5788258761167526,
      0.58144810795784,
      0.5734410956501961,
      0.5771804973483086,
      0.5776007100939751,
      0.5792204290628433,
      0.5754419416189194,
      0.5779881775379181,
      0.5739060938358307
    ],
    "epoch": [
      0,
      1,
      2,
      3,
      4,
      5,
      6,
      7,
      8,
      9,
      10,
      11,
      12,
      13,
      14,
      15,
      16
    ],
    "timestamp": [
      1767310952.2041016,
      1767311156.4903302,
      1767311416.1661022,
      1767311737.7971904,
      1767312106.0938792,
      1767312473.7379575,
      1767312842.0298753,
      1767313208.925146,
      1767313567.3102522,
      1767313895.6007926,
      1767314211.9017243,
      1767314511.9331803,
      1767314789.6459575,
      1767315064.3286633,
      1767315319.38148,
      1767315550.35984,
      1767315780.7266767
    ],
    "train_ce_loss": [
      0.7004418355353335,
      0.6526141848064121,
      0.6465786234404903,
      0.6433340500009821,
      0.6406628319195339,
      0.6399693707202343,
      0.6395709546684857,
      0.6379227636251769,
      0.6381208866562886,
      0.6372357612866398,
      0.637153898256528,
      0.6373266622469418,
      0.637517167143184,
      0.6380561645270119,
      0.6380418435780836,
      0.6365599652735295,
      0.6360630038661435
    ],
    "valid_ce_loss": [
      0.6474614347475516,
      0.6444613207393969,
      0.6370673373236623,
      0.6328623388224924,
      0.6338636713548446,
      0.6284625809377348,
      0.6307053784249534,
      0.626365203462856,
      0.6263233816749613,
      0.6236156590912544,
      0.6299753764670499,
      0.6256884815512409,
      0.6272246915269906,
      0.6247457440575244,
      0.6294257068927859,
      0.6325119235880778,
      0.6291286964756502
    ],
    "train_disco_term": [
      0.5928165997415328,
      0.5803296970379026,
      0.5794102956821129,
      0.5700632995203998,
      0.5747801133021033,
      0.5759421873056417,
      0.5798168408472125,
      0.5775764285431082,
      0.5745469960941733,
      0.5740912784196686,
      0.5783382143293109,
      0.5754260609758661,
      0.5718902071920934,
      0.58116509850989,
      0.5722553065301437,
      0.5791997976940816,
      0.5786312514706585
    ],
    "valid_disco_term": [
      0.5716415447983104,
      0.5773395728057539,
      0.588377272526563,
      0.5768002894457797,
      0.5640422255850174,
      0.5833006926720411,
      0.5674893979875135,
      0.5671641446754966,
      0.5615292350486131,
      0.5612058834710592,
      0.5610362685902018,
      0.5725802093954153,
      0.5645372782059959,
      0.565803226135986,
      0.5771819290665674,
      0.5798093318729334,
      0.5676982931687798
    ]
  }
}