{
  "era": "2022EE",
  "channel": "ZG1E2Mu",
  "histkey": "ZCand/mass",
  "systematic": "Central",
  "data": {
    "events": 640.0,
    "stat_error": 25.298221281347036,
    "systematics": {},
    "syst_error": 0.0,
    "total_error": 25.298221281347036
  },
  "samples": {
    "MuonEG_E": {
      "events": 168.0,
      "stat_error": 12.96148139681572,
      "systematics": {},
      "syst_error": 0.0,
      "total_error": 12.96148139681572
    },
    "MuonEG_F": {
      "events": 403.0,
      "stat_error": 20.074859899884732,
      "systematics": {},
      "syst_error": 0.0,
      "total_error": 20.074859899884732
    },
    "MuonEG_G": {
      "events": 69.0,
      "stat_error": 8.306623862918075,
      "systematics": {},
      "syst_error": 0.0,
      "total_error": 8.306623862918075
    },
    "nonprompt_MuonEG_E": {
      "events": 37.73045738041401,
      "stat_error": 3.5907611326333484,
      "systematics": {
        "nonprompt_rate": 11.319137214124202
      },
      "syst_error": 11.319137214124202,
      "total_error": 11.875034011900839
    },
    "nonprompt_MuonEG_G": {
      "events": 21.764502247795463,
      "stat_error": 2.695562040231444,
      "systematics": {
        "nonprompt_rate": 6.529350674338638
      },
      "syst_error": 6.529350674338638,
      "total_error": 7.063885258214713
    },
    "nonprompt_MuonEG_F": {
      "events": 117.90033888071775,
      "stat_error": 6.304781785245178,
      "systematics": {
        "nonprompt_rate": 35.370101664215326
      },
      "syst_error": 35.370101664215326,
      "total_error": 35.92762676682788
    },
    "DYJets": {
      "events": 406.6670943200588,
      "stat_error": 20.849629782476025,
      "systematics": {
        "PileupReweight": 8.50515510712252,
        "MuonIDSF": 2.276079069697101,
        "ElectronIDSF": 4.647891817681575,
        "EMuTrigSF": 4.3934406847047995,
        "JetEn": 5.881493386311151,
        "JetRes": 4.7564139203052616,
        "MuonEn": 6.075936103397546,
        "ElectronEn": 5.36097746209304,
        "ElectronRes": 14.615836960577973,
        "UnclusteredEn": 4.8767212008137415,
        "BtagSF_HFcorr": 0.17396006954438728,
        "BtagSF_HFuncorr": 0.08848878795394385,
        "BtagSF_LFcorr": 0.07963498322669678,
        "BtagSF_LFuncorr": 0.04619015208277466,
        "conv_rate": 72.45570376112694
      },
      "syst_error": 75.68736096815434,
      "total_error": 78.50658362449613
    },
    "tZq": {
      "events": 0.002344155218452215,
      "stat_error": 0.016960390996497064,
      "systematics": {
        "PileupReweight": 0.005184825668872487,
        "MuonIDSF": 0.00032191823992094794,
        "ElectronIDSF": 0.0003618628863787401,
        "EMuTrigSF": 0.000489340921481567,
        "JetEn": 0.010936965666944257,
        "JetRes": 0.007131600502381082,
        "MuonEn": 0.003090456994947928,
        "ElectronEn": 0.006867946378866645,
        "ElectronRes": 0.008460356921416667,
        "UnclusteredEn": 0.0020832366223963146,
        "BtagSF_HFcorr": 0.0015712242900520852,
        "BtagSF_HFuncorr": 0.0009666587957557147,
        "BtagSF_LFcorr": 3.435979798872227e-05,
        "BtagSF_LFuncorr": 1.7233459159931328e-05,
        "xsec": 8.204543264582734e-05
      },
      "syst_error": 0.018272435567882717,
      "total_error": 0.02493063906795179
    },
    "TTHToNonbb": {
      "events": 0.022430302255088463,
      "stat_error": 0.0033471943684168404,
      "systematics": {
        "PileupReweight": 0.0009893339123975878,
        "MuonIDSF": 0.00011147097865807687,
        "ElectronIDSF": 8.306523373636389e-05,
        "EMuTrigSF": 0.00012597330158806784,
        "JetEn": 0.0015522500705126732,
        "JetRes": 0.0008082456422103492,
        "MuonEn": 0.0005733274107146084,
        "ElectronEn": 0.0,
        "ElectronRes": 0.002655885305613483,
        "UnclusteredEn": 0.0009562506667677102,
        "BtagSF_HFcorr": 0.0011716247420714147,
        "BtagSF_HFuncorr": 0.000578457936761365,
        "BtagSF_LFcorr": 1.7931590901770265e-05,
        "BtagSF_LFuncorr": 9.727425112404843e-06,
        "xsec": 0.002243030225508848
      },
      "syst_error": 0.004371782596025129,
      "total_error": 0.00550601427594132
    },
    "TTZ_M50": {
      "events": 0.021247239666990936,
      "stat_error": 0.010103397051741507,
      "systematics": {
        "PileupReweight": 0.0017844737721397187,
        "MuonIDSF": 0.00012304458033437856,
        "ElectronIDSF": 0.0002573641209053226,
        "EMuTrigSF": 0.00024023243797193357,
        "JetEn": 0.009117133208505507,
        "JetRes": 0.0065616477809138625,
        "MuonEn": 0.004956360094453626,
        "ElectronEn": 0.005203423280455503,
        "ElectronRes": 0.011235102734098348,
        "UnclusteredEn": 0.0038027470000088215,
        "BtagSF_HFcorr": 0.00019626390450852113,
        "BtagSF_HFuncorr": 0.00010740992973468327,
        "BtagSF_LFcorr": 3.1090868234174716e-05,
        "BtagSF_LFuncorr": 1.314219007075733e-05,
        "xsec": 0.0015935429750243192
      },
      "syst_error": 0.01801168749641764,
      "total_error": 0.020651864769403915
    },
    "TTZ_M4to50": {
      "events": 0.02113996775005944,
      "stat_error": 0.011805293082161276,
      "systematics": {
        "PileupReweight": 0.005348095589504659,
        "MuonIDSF": 0.0002818156249260294,
        "ElectronIDSF": 0.0002575888304265002,
        "EMuTrigSF": 0.0004452544900184159,
        "JetEn": 0.004787846459701464,
        "JetRes": 0.005626292640567181,
        "MuonEn": 0.0010886305826716125,
        "ElectronEn": 0.005696341625881848,
        "ElectronRes": 0.01784226292323656,
        "UnclusteredEn": 0.004372245205391066,
        "BtagSF_HFcorr": 0.003116880557841085,
        "BtagSF_HFuncorr": 0.0014454163012425142,
        "BtagSF_LFcorr": 2.6859226095257118e-05,
        "BtagSF_LFuncorr": 1.3514881424699023e-05,
        "xsec": 0.001585497581254457
      },
      "syst_error": 0.02165502183823777,
      "total_error": 0.024663838216512034
    },
    "WZTo3LNu_powheg": {
      "events": 5.82009107619524,
      "stat_error": 0.3146087027141464,
      "systematics": {
        "PileupReweight": 0.14353304329021319,
        "MuonIDSF": 0.028187307002599693,
        "ElectronIDSF": 0.02478338133501212,
        "EMuTrigSF": 0.03600722888979207,
        "JetEn": 0.21464784640380385,
        "JetRes": 0.06717136712357274,
        "MuonEn": 0.10968330887908204,
        "ElectronEn": 0.10060330808023486,
        "ElectronRes": 0.32713810430746737,
        "UnclusteredEn": 0.18420060299358607,
        "BtagSF_HFcorr": 0.0026549934920329513,
        "BtagSF_HFuncorr": 0.0012298357687048113,
        "BtagSF_LFcorr": 0.0013454661679268487,
        "BtagSF_LFuncorr": 0.0007531739621937052,
        "xsec": 1.2431719988275318
      },
      "syst_error": 1.3350958388160494,
      "total_error": 1.371663054342213
    },
    "ZZTo4L_powheg": {
      "events": 49.065180882811546,
      "stat_error": 0.20153312472289067,
      "systematics": {
        "PileupReweight": 0.3924507631480274,
        "MuonIDSF": 0.2743524559129011,
        "ElectronIDSF": 0.5061267535962187,
        "EMuTrigSF": 0.48822872954102087,
        "JetEn": 0.3104575690951117,
        "JetRes": 0.10185734604024445,
        "MuonEn": 0.0819838604624008,
        "ElectronEn": 0.07258776142630777,
        "ElectronRes": 0.3133110167161006,
        "UnclusteredEn": 0.17779993437389885,
        "BtagSF_HFcorr": 0.008140971448586045,
        "BtagSF_HFuncorr": 0.005255397753606516,
        "BtagSF_LFcorr": 0.006922443980915086,
        "BtagSF_LFuncorr": 0.004115956621543519,
        "xsec": 10.30322068735688
      },
      "syst_error": 10.350307218167057,
      "total_error": 10.352269080293539
    },
    "VBFHToZZTo4L": {
      "events": 0.06491695926524699,
      "stat_error": 0.002448322319679823,
      "systematics": {
        "PileupReweight": 0.0011630162913168886,
        "MuonIDSF": 0.00027136777793028525,