{
  "hyperparameters": {
    "signal": "MHc130_MA90",
    "channel": "Run1E2Mu",
    "iteration": 0,
    "model_idx": 7,
    "num_hidden": 128,
    "optimizer": "RMSprop",
    "initial_lr": 0.0008,
    "weight_decay": 0.00076,
    "scheduler": "ExponentialLR",
    "pilot_mode": false,
    "num_classes": 4,
    "model_type": "ParticleNet",
    "num_node_features": 9,
    "num_graph_features": 4,
    "dropout_p": 0.3,
    "batch_size": 1024,
    "train_folds": [
      0,
      1,
      2
    ],
    "valid_folds": [
      3
    ]
  },
  "training_summary": {
    "best_epoch": 3,
    "best_train_loss": 0.7932529380330692,
    "best_valid_loss": 0.8077570351433049,
    "best_train_acc": 0.6893552783176788,
    "best_valid_acc": 0.6835047481174984,
    "total_epochs": 11
  },
  "epoch_history": {
    "train_loss": [
      0.811228102085579,
      0.8095396780119616,
      0.8667083538912972,
      0.7932529380330692,
      0.8232381844474229,
      0.8098720480585145,
      0.81653725552843,
      0.7954759174107718,
      0.8091582888496729,
      0.8055288518508725,
      0.7997724413368923
    ],
    "valid_loss": [
      0.8254731687467041,
      0.8247882683156611,
      0.8849273916053922,
      0.8077570351433049,
      0.8371962520957538,
      0.8256417365522492,
      0.8319069017408404,
      0.8101364218495686,
      0.8252457399600001,
      0.8205675047417029,
      0.8153450877080002
    ],
    "train_acc": [
      0.6871318433127267,
      0.6859711889632516,
      0.6624315017122577,
      0.6893552783176788,
      0.6821998602108327,
      0.6822998615938306,
      0.6886690986151937,
      0.6878020653477123,
      0.6849052167742745,
      0.685440330557763,
      0.6873818467702213
    ],
    "valid_acc": [
      0.6818221103464668,
      0.680206994155332,
      0.656679774856044,
      0.6835047481174984,
      0.6769524540042998,
      0.6775844559921351,
      0.682829532318529,
      0.6815817335220337,
      0.6792292816784244,
      0.6796290094314142,
      0.681419681730281
    ],
    "epoch": [
      0,
      1,
      2,
      3,
      4,
      5,
      6,
      7,
      8,
      9,
      10
    ],
    "timestamp": [
      1760788307.416415,
      1760788762.0761697,
      1760789217.6173306,
      1760789683.6523786,
      1760790090.9760735,
      1760790538.847397,
      1760790992.3107128,
      1760791461.507338,
      1760791915.3352418,
      1760792303.2013788,
      1760792722.8709922
    ]
  }
}