{
  "hyperparameters": {
    "signal": "MHc130_MA90",
    "channel": "Run1E2Mu",
    "iteration": 0,
    "model_idx": 4,
    "num_hidden": 128,
    "optimizer": "Adam",
    "initial_lr": 0.0001,
    "weight_decay": 0.00031,
    "scheduler": "ExponentialLR",
    "pilot_mode": true,
    "num_classes": 5,
    "model_type": "ParticleNet",
    "num_node_features": 9,
    "num_graph_features": 4,
    "dropout_p": 0.4,
    "batch_size": 1024,
    "train_folds": [
      0,
      1,
      2
    ],
    "valid_folds": [
      3
    ]
  },
  "training_summary": {
    "best_epoch": 2,
    "best_train_loss": 1.4225642775960161,
    "best_valid_loss": 1.4426447015142083,
    "best_train_acc": 0.5968877470401994,
    "best_valid_acc": 0.5919352236222551,
    "total_epochs": 3
  },
  "epoch_history": {
    "train_loss": [
      2.1332041725844997,
      1.608079529317598,
      1.4225642775960161
    ],
    "valid_loss": [
      2.095377728911533,
      1.6168092813246033,
      1.4426447015142083
    ],
    "train_acc": [
      0.2769132630667221,
      0.5503444078350588,
      0.5968877470401994
    ],
    "valid_acc": [
      0.2920657738400833,
      0.552124741466563,
      0.5919352236222551
    ],
    "epoch": [
      0,
      1,
      2
    ],
    "timestamp": [
      1762321985.7202108,
      1762322021.2581627,
      1762322060.974252
    ]
  }
}