{
  "hyperparameters": {
    "signal": "MHc130_MA90",
    "channel": "Run1E2Mu",
    "iteration": 0,
    "model_idx": 1,
    "num_hidden": 128,
    "optimizer": "RMSprop",
    "initial_lr": 0.0007,
    "weight_decay": 0.00045,
    "scheduler": "CyclicLR",
    "pilot_mode": true,
    "num_classes": 4,
    "model_type": "ParticleNet",
    "num_node_features": 9,
    "num_graph_features": 4,
    "dropout_p": 0.25,
    "batch_size": 1024,
    "train_folds": [
      0,
      2,
      4
    ],
    "valid_folds": [
      1
    ]
  },
  "training_summary": {
    "best_epoch": 4,
    "best_train_loss": 0.9125565255153585,
    "best_valid_loss": 0.912177823884709,
    "best_train_acc": 0.621208173806665,
    "best_valid_acc": 0.6201924026628213,
    "total_epochs": 5
  },
  "epoch_history": {
    "train_loss": [
      0.9424394097791293,
      0.9462413100364921,
      0.9470891079017161,
      0.9790539635542698,
      0.9125565255153585
    ],
    "valid_loss": [
      0.9404610394089257,
      0.9446849668897027,
      0.9435072522975059,
      0.9667945679306543,
      0.912177823884709
    ],
    "train_acc": [
      0.6144457533812102,
      0.6130864728936816,
      0.6097618993679346,
      0.6072472304660067,
      0.621208173806665
    ],
    "valid_acc": [
      0.6135748572783122,
      0.6124686407364242,
      0.6086166367066353,
      0.6052782332141516,
      0.6201924026628213
    ],
    "epoch": [
      0,
      1,
      2,
      3,
      4
    ],
    "timestamp": [
      1760522800.5476308,
      1760522832.4328794,
      1760522865.2371488,
      1760522897.4933424,
      1760522925.4726837
    ]
  }
}