{
  "hyperparameters": {
    "signal": "MHc130_MA90",
    "channel": "Run1E2Mu",
    "iteration": 0,
    "model_idx": 1,
    "num_hidden": 64,
    "optimizer": "RMSprop",
    "initial_lr": 0.0011,
    "weight_decay": 4e-05,
    "scheduler": "ReduceLROnPlateau",
    "pilot_mode": false,
    "num_classes": 4,
    "model_type": "ParticleNet",
    "num_node_features": 9,
    "num_graph_features": 4,
    "dropout_p": 0.3,
    "batch_size": 1024,
    "train_folds": [
      0,
      1,
      2
    ],
    "valid_folds": [
      3
    ]
  },
  "training_summary": {
    "best_epoch": 4,
    "best_train_loss": 0.7917850916365108,
    "best_valid_loss": 0.8061257251474798,
    "best_train_acc": 0.6866722624887366,
    "best_valid_acc": 0.6812549290753325,
    "total_epochs": 12
  },
  "epoch_history": {
    "train_loss": [
      0.8029289531589973,
      0.8242327103617856,
      0.8106773589303545,
      0.8091614985641091,
      0.7917850916365108,
      0.7978843675970344,
      0.7939164849373,
      0.7960728197555234,
      0.8105325714081102,
      0.7996991400873222,
      0.7986134834635679,
      0.7956373428272604
    ],
    "valid_loss": [
      0.8172300580308679,
      0.8380754394438935,
      0.8251049483168726,
      0.8253798943439198,
      0.8061257251474798,
      0.8122288115093107,
      0.8091708945780878,
      0.8110060844678136,
      0.8237453171509445,
      0.8145522312165832,
      0.8138568784581599,
      0.8107891920807695
    ],
    "train_acc": [
      0.6879350459102094,
      0.6882095177912035,
      0.6836105180178024,
      0.6856658655917582,
      0.6866722624887366,
      0.6902850784106589,
      0.692462768102112,
      0.6863084276697443,
      0.6817392155423426,
      0.6848701099057752,
      0.6910584933621422,
      0.6921148909506195
    ],
    "valid_acc": [
      0.6821759234251267,
      0.682213735509869,
      0.6775358404546092,
      0.6799747199204866,
      0.6812549290753325,
      0.6846526149757463,
      0.6858409947819323,
      0.6804662770221362,
      0.6763879735963614,
      0.6790645290234759,
      0.6846823244709009,
      0.686046260384819
    ],
    "epoch": [
      0,
      1,
      2,
      3,
      4,
      5,
      6,
      7,
      8,
      9,
      10,
      11
    ],
    "timestamp": [
      1760784504.7595391,
      1760788142.4824781,
      1760788552.135392,
      1760788987.8551686,
      1760789329.4659493,
      1760789752.449453,
      1760790187.820042,
      1760790611.2859325,
      1760791026.095812,
      1760791392.3964212,
      1760791825.0975254,
      1760792251.1341076
    ]
  }
}