{
  "hyperparameters": {
    "signal": "MHc130_MA90",
    "channel": "Run1E2Mu",
    "iteration": 0,
    "model_idx": 2,
    "num_hidden": 64,
    "optimizer": "Adam",
    "initial_lr": 0.0002,
    "weight_decay": 0.00168,
    "scheduler": "ReduceLROnPlateau",
    "pilot_mode": false,
    "num_classes": 4,
    "model_type": "ParticleNet",
    "num_node_features": 9,
    "num_graph_features": 4,
    "dropout_p": 0.4,
    "batch_size": 1024,
    "train_folds": [
      0,
      1,
      2
    ],
    "valid_folds": [
      3
    ]
  },
  "training_summary": {
    "best_epoch": 45,
    "best_train_loss": 0.8630215795406373,
    "best_valid_loss": 0.8986425312878169,
    "best_train_acc": 0.6532815391811914,
    "best_valid_acc": 0.6363000793923522,
    "total_epochs": 53
  },
  "epoch_history": {
    "train_loss": [
      1.1434553121574413,
      1.059735785159259,
      1.0292768239785866,
      1.0000782811350029,
      0.9811812883095564,
      0.965576783045843,
      0.9577569956078223,
      0.9493849909519654,
      0.9447341704194514,
      0.9389669799308153,
      0.9332922844422347,
      0.9249821047724808,
      0.9210773485008339,
      0.9136423189282338,
      0.9090951798641964,
      0.904888708123197,
      0.9023521335670623,
      0.8946360396074258,
      0.888425507452662,
      0.8877003581507069,
      0.8812379002510494,
      0.8811177569856027,
      0.8802030605908977,
      0.8789429488633312,
      0.8751819747685537,
      0.8761872556570376,
      0.8741084177427279,
      0.8730170459588656,
      0.8728402585082727,
      0.8708542900114155,
      0.8705926007393763,
      0.8696327767297166,
      0.8700822800059052,
      0.8707581717433293,
      0.8698484168514004,
      0.8690142545510188,
      0.8694162963800155,
      0.8659604222209747,
      0.8651419544489573,
      0.8663809245810388,
      0.8657187433166572,
      0.8687602647468207,
      0.8653485422969003,
      0.8624978236620265,
      0.8644810543034313,
      0.8630215795406373,
      0.8647281369212761,
      0.8650287476032817,
      0.8668105964588492,
      0.8680120826768828,
      0.8627308642464915,
      0.8639729131354021,
      0.865520370369506
    ],
    "valid_loss": [
      1.1785449182732524,
      1.095767855563709,
      1.0663335829349212,
      1.0340359622227424,
      1.0111972907244071,
      0.9953830988085547,
      0.988422902825927,
      0.9825003540416595,
      0.9774242202728594,
      0.9731229771775686,
      0.9679968691614081,
      0.9606916442054553,
      0.9573846038559077,
      0.9491564719515456,
      0.9417922893533708,
      0.9408660439176673,
      0.9371456314348908,
      0.9313946278115501,
      0.9241006225162117,
      0.9254517439800536,
      0.9194043986207523,
      0.9181186637015499,
      0.9170994255556909,
      0.9160708376926533,
      0.9115526366794056,
      0.9125869132061809,
      0.9110126309352402,
      0.9087856324502076,
      0.9094002543979391,
      0.905222311488988,
      0.9065033514796222,
      0.9046291814148345,
      0.9074789994395044,
      0.9084994197251993,
      0.9052347501748048,
      0.9060870277938267,
      0.9017806739055408,
      0.9020764341545464,
      0.9022145409225871,
      0.9004722306189067,
      0.9039909810389659,
      0.905182437684502,
      0.8990552271893256,
      0.8990817857381073,
      0.9019520563369094,
      0.8986425312878169,
      0.9008786773437546,
      0.9005077548431094,
      0.904617150276156,
      0.9050657862662941,
      0.8988679609065799,
      0.9006803364105122,
      0.9016266210872698
    ],
    "train_acc": [
      0.524188004637068,
      0.5234090585531535,
      0.5251011816388375,
      0.5431755781081575,
      0.5633590270292257,
      0.577567166303972,
      0.5845431064288474,
      0.5915780268055075,
      0.5959934104822144,
      0.6034818686570806,
      0.6096259838516138,
      0.6157680652443613,
      0.6189794382639467,
      0.6228456954585206,
      0.6262523134495313,
      0.6292989485244768,
      0.6313429193190832,
      0.6369989220850536,
      0.6412007565742642,
      0.6422034208546035,
      0.6454371656938315,
      0.6464520327848848,
      0.6460798470581057,
      0.6472309788687994,
      0.6482621163741382,
      0.6474099534259391,
      0.6494640932294738,
      0.6482051699241392,
      0.6486790457402022,
      0.6505887856169538,
      0.6499155972258943,
      0.650763692570522,
      0.6502389717098171,
      0.6498871240008949,
      0.6514185767455104,
      0.6499033944151803,
      0.6516280583294353,
      0.6518355061115744,
      0.6519697370294291,
      0.6519087229758588,
      0.6520185482722853,
      0.6498261099473245,
      0.652488356484777,
      0.6537574487990401,
      0.653574406638329,
      0.6532815391811914,
      0.6531757814883361,
      0.652923590066912,
      0.6513148528544408,
      0.6522870101079948,
      0.6540869246883199,
      0.6540015050133214,
      0.6522198946490675
    ],
    "valid_acc": [
      0.5069616428292116,
      0.5059307272102476,
      0.5076015214892583,
      0.5267267836617648,
      0.5467052173810003,
      0.5599649251697456,
      0.5672939057482433,
      0.574587337512294,
      0.5785510303231387,
      0.5865435887713145,
      0.5924150679574837,
      0.598203599909943,
      0.6019303006244742,
      0.6058051213992013,
      0.6099524830846891,
      0.6119313670889076,
      0.6146093777772511,
      0.6201549928309891,
      0.6237750471021791,
      0.6253095709258096,
      0.6280883032550865,
      0.6301560592954225,
      0.6287933547416193,
      0.6301560592954225,
      0.6310566292614141,
      0.6301027360737519,
      0.6328577691933974,
      0.6308255619675084,
      0.6318801767961039,
      0.6334857982486284,
      0.6321527177068644,
      0.6339894064532948,
      0.6328755436006209,
      0.6330177388584091,
      0.634125676908675,
      0.6336042942967852,
      0.6354350582408077,
      0.6343034209809103,
      0.6347596307663139,
      0.6349136756289178,
      0.6339123840219929,
      0.6327096491332014,
      0.6364067258356934,
      0.6369458828548068,
      0.6358142455949094,
      0.6363000793923522,
      0.6364896730694032,
      0.6359505160502897,
      0.6348011043831688,
      0.6355417046841488,
      0.6362941545899444,
      0.6362941545899444,
      0.6357016743491605
    ],
    "epoch": [
      0,
      1,
      2,
      3,
      4,
      5,
      6,
      7,
      8,
      9,
      10,
      11,
      12,
      13,
      14,
      15,
      16,
      17,
      18,
      19,
      20,
      21,
      22,
      23,
      24,
      25,
      26,
      27,
      28,
      29,
      30,
      31,
      32,
      33,
      34,
      35,
      36,
      37,
      38,
      39,
      40,
      41,
      42,
      43,
      44,
      45,
      46,
      47,
      48,
      49,
      50,
      51,
      52
    ],