{
  "hyperparameters": {
    "signal": "MHc130_MA90",
    "channel": "Run1E2Mu",
    "iteration": 0,
    "model_idx": 7,
    "num_hidden": 64,
    "optimizer": "Adadelta",
    "initial_lr": 0.0015,
    "weight_decay": 5e-05,
    "scheduler": "ExponentialLR",
    "pilot_mode": false,
    "num_classes": 4,
    "model_type": "ParticleNet",
    "num_node_features": 9,
    "num_graph_features": 4,
    "dropout_p": 0.4,
    "batch_size": 1024,
    "train_folds": [
      0,
      1,
      2
    ],
    "valid_folds": [
      3
    ]
  },
  "training_summary": {
    "best_epoch": 14,
    "best_train_loss": 1.271438688753668,
    "best_valid_loss": 1.2913254693114675,
    "best_train_acc": 0.31537147389615405,
    "best_valid_acc": 0.30714175682240996,
    "total_epochs": 22
  },
  "epoch_history": {
    "train_loss": [
      1.3336964196260204,
      1.324829962893197,
      1.3190291422432527,
      1.313741033850019,
      1.3083712543314616,
      1.3034911109480385,
      1.2982124760752713,
      1.2949996329126807,
      1.2898024484560346,
      1.285125471431381,
      1.2814087542177552,
      1.2784519394402847,
      1.2748467536747363,
      1.2729105765471054,
      1.271438688753668,
      1.2734697141404696,
      1.2784073288099482,
      1.2771427947986254,
      1.283661059851847,
      1.2882485466807958,
      1.2994987045102195,
      1.2944482837597788
    ],
    "valid_loss": [
      1.3432857130425637,
      1.3355628596713789,
      1.3302162151334636,
      1.325626900218366,
      1.3209927731991193,
      1.3167189062782354,
      1.3121286475316996,
      1.3093168145637752,
      1.3049564369934756,
      1.3007767955495568,
      1.2978898263667222,
      1.2957235314312618,
      1.2926964043647093,
      1.2916971501318546,
      1.2913254693114675,
      1.2941595492181206,
      1.3002966703050198,
      1.2999134899291782,
      1.3074879390058718,
      1.3132155081263295,
      1.326099775680269,
      1.3218173795608017
    ],
    "train_acc": [
      0.3115723321605076,
      0.317399174276475,
      0.3342573572779597,
      0.34674083263845107,
      0.35846163232931316,
      0.36068051007748786,
      0.3608208424006996,
      0.35003762533303506,
      0.34081840183855683,
      0.3309341251601619,
      0.32365514856922045,
      0.31777339380503977,
      0.3164290508247066,
      0.31466981228009516,
      0.31537147389615405,
      0.31512741768187275,
      0.3158595863247168,
      0.31956720698000773,
      0.32183896357461,
      0.3261709613781041,
      0.3289328642030548,
      0.33822530456181743
    ],
    "valid_acc": [
      0.3022537948359422,
      0.3074913201644725,
      0.322960979251342,
      0.33461506558756265,
      0.34580701733597186,
      0.34838430638338214,
      0.3495929660745814,
      0.33989406453294785,
      0.33191335568958774,
      0.32219075493832283,
      0.3153950065765307,
      0.30929838489886363,
      0.30807787560284866,
      0.30649595335995544,
      0.30714175682240996,
      0.3068751407140572,
      0.3076335154222607,
      0.3111646976573331,
      0.313647189866218,
      0.3179841452287566,
      0.32078065196525696,
      0.33072839520801983
    ],
    "epoch": [
      0,
      1,
      2,
      3,
      4,
      5,
      6,
      7,
      8,
      9,
      10,
      11,
      12,
      13,
      14,
      15,
      16,
      17,
      18,
      19,
      20,
      21
    ],
    "timestamp": [
      1762387690.2188318,
      1762387947.725512,
      1762388205.7683794,
      1762388464.0949771,
      1762388719.9733803,
      1762388976.0449097,
      1762389233.2816389,
      1762389492.0485137,
      1762389747.2489848,
      1762389999.1054406,
      1762390250.5905972,
      1762390502.2158506,
      1762390753.1825686,
      1762391003.540054,
      1762391254.3498647,
      1762391504.657143,
      1762391755.0801163,
      1762392005.558423,
      1762392256.06048,
      1762392505.9376519,
      1762392755.8914373,
      1762393006.9569278
    ]
  }
}