{
  "syst": "ljet",
  "observed": 242.21716153994203,
  "expected": 388.5225828294642,
  "difference": -0.37656864170940774,
  "max_bin_difference": 0.7644133982291372,
  "max_bin_difference_bin": 155,
  "max_bin_difference_filtered": 0.6551433373077931,
  "max_bin_difference_filtered_bin": 133,
  "snr_threshold": 3.0,
  "mass_range_min": 10.0,
  "mass_range_max": 160.0,
  "percentile_68_difference": 0.41431595105774094,
  "percentile_95_difference": 0.568779660300686,
  "rms_bin_difference": 0.3794354018900721,
  "chi2": 92.70899518086735,
  "ndf": 55,
  "chi2_per_ndf": 1.6856180941975882,
  "p_value": 0.0011095952555213516,
  "closure_uncertainty_scale": 1.7000000000000002,
  "recommended_systematic_pct": 70.00000000000001
}