process,threshold,initial_sensitivity,max_sensitivity,improvement
MHc-130_MA-90,0.78,0.7864531937819521,1.0889485293697445,0.38463234427611814
