{
  "hyperparameters": {
    "signal": "MHc100_MA95",
    "channel": "Combined",
    "iteration": 2,
    "model_idx": 5,
    "num_hidden": 128,
    "optimizer": "Adam",
    "initial_lr": 0.0003,
    "weight_decay": 2e-05,
    "scheduler": "CyclicLR",
    "pilot_mode": false,
    "num_classes": 4,
    "model_type": "ParticleNet",
    "num_node_features": 9,
    "num_graph_features": 4,
    "dropout_p": 0.4,
    "batch_size": 1024,
    "train_folds": [
      0,
      1,
      2
    ],
    "valid_folds": [
      3
    ]
  },
  "training_summary": {
    "best_epoch": 70,
    "best_train_loss": 0.8794881135574988,
    "best_valid_loss": 0.9102892679880829,
    "best_train_acc": 0.6388706980900946,
    "best_valid_acc": 0.6249018904312336,
    "total_epochs": 78
  },
  "epoch_history": {
    "train_loss": [
      1.361411305448587,
      1.1275164697212818,
      1.016278681022564,
      0.9765305240342526,
      0.9652531247277218,
      0.9589614848803586,
      0.9558069598304922,
      0.9536429375587566,
      0.9514672007877735,
      0.9495476100110798,
      0.9492122139801373,
      0.9418958119179959,
      0.9405658236728969,
      0.9375951580556138,
      0.9352432695628305,
      0.9344522989825701,
      0.933294704546615,
      0.9334423649864603,
      0.9291287804231819,
      0.9315143124543286,
      0.9261457415691792,
      0.9246404198193848,
      0.9218362162311331,
      0.9217951449208902,
      0.9182094957543496,
      0.9199783961692115,
      0.9183795144223884,
      0.916767698739963,
      0.9143509059345162,
      0.9122030825517833,
      0.9086558769240357,
      0.9090873307400804,
      0.907709606382804,
      0.9082972060142811,
      0.9069681392966573,
      0.9039152676413867,
      0.9042452928078484,
      0.901882331973815,
      0.900659581450827,
      0.8975399313685208,
      0.8985051984923723,
      0.896942235264858,
      0.8963478092669805,
      0.8987712178082272,
      0.8948378775782281,
      0.8919146200857031,
      0.892423077726316,
      0.8909814894064821,
      0.8906313122906321,
      0.8892807031427784,
      0.8888900974937037,
      0.8911804223075854,
      0.8916355024924519,
      0.8892493412274365,
      0.886299983075096,
      0.8848233589671636,
      0.8863398754443425,
      0.8863407490316765,
      0.8854902199668669,
      0.8877598118003033,
      0.8880333001420178,
      0.8853023310202197,
      0.8820941821222301,
      0.8829209889563041,
      0.8816035584933133,
      0.881624220188997,
      0.8836905821057238,
      0.8851128236699551,
      0.8827630938372858,
      0.8809419306250128,
      0.8794881135574988,
      0.8780599876499972,
      0.877519275318896,
      0.879834580067118,
      0.879734801253456,
      0.8826865742634322,
      0.8806862858337949,
      0.8805170467555868
    ],
    "valid_loss": [
      1.3961432793182489,
      1.1634264951052413,
      1.0425766574968347,
      1.0036001611995784,
      0.9932982897487413,
      0.9862365937373585,
      0.986440203171832,
      0.9830763437891618,
      0.9815033252745065,
      0.9795057536149927,
      0.9808061373166161,
      0.9720773507631644,
      0.9722730352459775,
      0.9661737682867859,
      0.9652236138804191,
      0.9654349652863216,
      0.9639723048951069,
      0.964819095573847,
      0.9593814284146049,
      0.9643856589483472,
      0.9580038309049171,
      0.9572752926762553,
      0.9542654818199794,
      0.9546375996228212,
      0.95055194071403,
      0.9526541206918129,
      0.9519153032342849,
      0.9472592810865041,
      0.9480015682393003,
      0.9438199764480371,
      0.9405323861171555,
      0.9418091978759574,
      0.9396842106399192,
      0.94007386973698,
      0.93671470034551,
      0.9352257158656115,
      0.9370098300073514,
      0.9316944637892692,
      0.9301668449026999,
      0.9279225689274195,
      0.9295413127390435,
      0.9297201418254845,
      0.9286892726064047,
      0.927996190711216,
      0.9272170914261226,
      0.9239653821584234,
      0.9240711842537503,
      0.9221946041873744,
      0.9231882220018395,
      0.9208422672739743,
      0.9214787577207632,
      0.9229417236778432,
      0.9241645872356341,
      0.9211170046059979,
      0.918358262302261,
      0.916632864711728,
      0.9184296478606135,
      0.9196137427920126,
      0.9173390189575827,
      0.9197218344927107,
      0.9190843807264344,
      0.9168167005615974,
      0.9128867167680991,
      0.9168191522742795,
      0.9143217643388941,
      0.9137902963325341,
      0.9152009103537339,
      0.9158921162524425,
      0.9131792764088622,
      0.9126156720609757,
      0.9102892679880829,
      0.9113151609832119,
      0.9105133926801874,
      0.9115195180788451,
      0.9114293377389767,
      0.9143726652646379,
      0.9118324597840556,
      0.9113030782142731
    ],
    "train_acc": [
      0.48735140257478987,
      0.531712982580491,
      0.5563803477738315,
      0.585583642148894,
      0.5918742343813802,
      0.5977237532454525,
      0.599347442544897,
      0.5995766466097059,
      0.60117914897879,
      0.60141798346649,
      0.6030705640346079,
      0.6048598966077798,
      0.6063429817330138,
      0.6076296062312688,
      0.6086735440726673,
      0.6092436651078222,
      0.6091916608242101,
      0.6101469987750102,
      0.6117244620445773,
      0.6117186837908426,
      0.6139240506329114,
      0.6146887062104671,
      0.6167380602016995,
      0.6161583087436535,
      0.618727705571007,
      0.6173563333513101,
      0.618182623635369,
      0.6192496744917063,
      0.6219057451250799,
      0.6219577494086921,
      0.6248622849526568,
      0.6243075725941277,
      0.624513663643998,
      0.624394246400148,
      0.6247505720471197,
      0.6272698906754394,
      0.6267710347696788,
      0.6275510990238603,
      0.6277822291732474,
      0.6296601616370178,
      0.6292210143531822,
      0.6306424647719131,
      0.6303246608165057,
      0.6291651579004137,
      0.6309679730656332,
      0.6324606886137584,
      0.6318289328721003,
      0.6332311224450488,
      0.6328266446836214,
      0.633710717505027,
      0.6335181090472045,
      0.6328728707134987,
      0.6326436666486899,
      0.6337588696194827,
      0.635482715316995,
      0.6362897447552717,
      0.6356849541977088,
      0.6355559065309676,
      0.6359449756157692,
      0.6348586639136498,
      0.6346063468339022,
      0.635397967595553,
      0.6373336825966702,
      0.6372277479448678,
      0.637647634382921,
      0.6374280607410032,
      0.636871422297896,
      0.636045132013837,
      0.6375359214773839,
      0.6384739246669799,
      0.6388706980900946,
      0.6398183317025817,
      0.6398183317025817,
      0.6384739246669799,
      0.6388186938064825,
      0.6365940661186315,
      0.6380675208209743,
      0.6383159857315654
    ],