{
  "syst": "bjet",
  "observed": 18.497015002649277,
  "expected": 32.41635277786736,
  "difference": -0.42939246961557226,
  "max_bin_difference": 15.908696868081494,
  "max_bin_difference_bin": 138,
  "max_bin_difference_filtered": 0.568066572942576,
  "max_bin_difference_filtered_bin": 11,
  "snr_threshold": 3.0,
  "mass_range_min": 10.0,
  "mass_range_max": 160.0,
  "percentile_68_difference": 0.5266537002117343,
  "percentile_95_difference": 0.5674122529072991,
  "rms_bin_difference": 0.4887782840137717,
  "chi2": 5.0885845223095325,
  "ndf": 6,
  "chi2_per_ndf": 0.8480974203849221,
  "p_value": 0.5325028045409521,
  "closure_uncertainty_scale": 0.45,
  "recommended_systematic_pct": 55.00000000000001
}