{
  "era": "2023BPix",
  "channel": "ZG1E2Mu",
  "histkey": "ZCand/mass",
  "systematic": "Central",
  "data": {
    "events": 289.0,
    "stat_error": 17.0,
    "systematics": {},
    "syst_error": 0.0,
    "total_error": 17.0
  },
  "samples": {
    "MuonEG_D_v1": {
      "events": 231.0,
      "stat_error": 15.198684153570664,
      "systematics": {},
      "syst_error": 0.0,
      "total_error": 15.198684153570664
    },
    "MuonEG_D_v2": {
      "events": 58.0,
      "stat_error": 7.615773105863909,
      "systematics": {},
      "syst_error": 0.0,
      "total_error": 7.615773105863909
    },
    "nonprompt_MuonEG_D_v2": {
      "events": 13.303495801985264,
      "stat_error": 2.339561040720004,
      "systematics": {
        "nonprompt_rate": 3.991048740595579
      },
      "syst_error": 3.991048740595579,
      "total_error": 4.626231286162033
    },
    "nonprompt_MuonEG_D_v1": {
      "events": 59.91428765654564,
      "stat_error": 4.707010533064904,
      "systematics": {
        "nonprompt_rate": 17.97428629696369
      },
      "syst_error": 17.97428629696369,
      "total_error": 18.580390632158426
    },
    "DYJets": {
      "events": 189.97186030447483,
      "stat_error": 17.79272306199509,
      "systematics": {
        "PileupReweight": 2.5388236890974567,
        "MuonIDSF": 0.6056449979950748,
        "ElectronIDSF": 2.1211084270384193,
        "EMuTrigSF": 2.98282729079782,
        "JetEn": 3.4276311891583617,
        "JetRes": 4.154519623436473,
        "MuonEn": 7.322832648004556,
        "ElectronEn": 6.337824563002013,
        "ElectronRes": 11.059237338486492,
        "UnclusteredEn": 3.297722330592159,
        "BtagSF_HFcorr": 0.06665362292165576,
        "BtagSF_HFuncorr": 0.04104633862209744,
        "BtagSF_LFcorr": 0.04467298524596215,
        "BtagSF_LFuncorr": 0.02231328898381637,
        "conv_rate": 36.91019713307673
      },
      "syst_error": 40.47915951194476,
      "total_error": 44.217002937267466
    },
    "TTHToNonbb": {
      "events": 0.022411372301576193,
      "stat_error": 0.0039503319784429305,
      "systematics": {
        "PileupReweight": 0.0009582613958410644,
        "MuonIDSF": 6.609301019197008e-05,
        "ElectronIDSF": 9.280544692609126e-05,
        "EMuTrigSF": 0.0002780175044781855,
        "JetEn": 0.00176197909916677,
        "JetRes": 0.0015929218797251052,
        "MuonEn": 0.0014701059392421682,
        "ElectronEn": 0.0013648767030721156,
        "ElectronRes": 0.003845123948408832,
        "UnclusteredEn": 0.0012866062136799496,
        "BtagSF_HFcorr": 0.0008453730832544313,
        "BtagSF_HFuncorr": 0.0006827181993866296,
        "BtagSF_LFcorr": 2.0223566253210665e-05,
        "BtagSF_LFuncorr": 8.584203987971638e-06,
        "xsec": 0.0022411372301576215
      },
      "syst_error": 0.005772251068992324,
      "total_error": 0.006994569689651528
    },
    "tZq": {
      "events": 0.007379954709904268,
      "stat_error": 0.014068771713598945,
      "systematics": {
        "PileupReweight": 0.002365821784508145,
        "MuonIDSF": 0.00015378542860932767,
        "ElectronIDSF": 0.0005750521714190747,
        "EMuTrigSF": 0.0006576982422591278,
        "JetEn": 0.0081774443743288,
        "JetRes": 0.008177057617805109,
        "MuonEn": 0.0,
        "ElectronEn": 0.002958614342640279,
        "ElectronRes": 0.015087253021891097,
        "UnclusteredEn": 0.0077718873361377816,
        "BtagSF_HFcorr": 0.0008868877043699165,
        "BtagSF_HFuncorr": 0.0006064974828137882,
        "BtagSF_LFcorr": 1.0326020409501514e-05,
        "BtagSF_LFuncorr": 4.546732270865989e-06,
        "xsec": 0.0002582984148466488
      },
      "syst_error": 0.020931339473145058,
      "total_error": 0.02522005768568744
    },
    "TTWToLNu": {
      "events": 0.009646966587752104,
      "stat_error": 0.04729102498939903,
      "systematics": {
        "PileupReweight": 0.006627076838230435,
        "MuonIDSF": 0.0005945703507818651,
        "ElectronIDSF": 0.0002442591701490065,
        "EMuTrigSF": 0.0020935404572531143,
        "JetEn": 0.00025069155875698,
        "JetRes": 4.397532913089424e-06,
        "MuonEn": 0.0,
        "ElectronEn": 0.0,
        "ElectronRes": 0.04238024769005171,
        "UnclusteredEn": 0.0,
        "BtagSF_HFcorr": 0.004237042629983652,
        "BtagSF_HFuncorr": 0.002998709991179997,
        "BtagSF_LFcorr": 0.00014960138967553744,
        "BtagSF_LFuncorr": 7.492641265084369e-05,
        "xsec": 0.0011576359905302535
      },
      "syst_error": 0.043280196428221486,
      "total_error": 0.064106290232811
    },
    "TTZ_M4to50": {
      "events": 0.008215043693780899,
      "stat_error": 0.006976002321758674,
      "systematics": {
        "PileupReweight": 0.0013544080541897606,
        "MuonIDSF": 4.3416087309226295e-05,
        "ElectronIDSF": 9.699238286901507e-05,
        "EMuTrigSF": 0.0006202372939832394,
        "JetEn": 0.005927970971826239,
        "JetRes": 0.00479533480905551,
        "MuonEn": 0.0,
        "ElectronEn": 0.0,
        "ElectronRes": 0.0075381313477212945,
        "UnclusteredEn": 0.0,
        "BtagSF_HFcorr": 0.00011496028231790177,
        "BtagSF_HFuncorr": 7.423095965235204e-05,
        "BtagSF_LFcorr": 1.9575847547520896e-05,
        "BtagSF_LFuncorr": 8.351101789384515e-06,
        "xsec": 0.0006161282770335671
      },
      "syst_error": 0.010843832397112941,
      "total_error": 0.012893925292549922
    },
    "TTZ_M50": {
      "events": 0.0070938304997980595,
      "stat_error": 0.007093830462545156,
      "systematics": {
        "PileupReweight": 0.0013031247071921825,
        "MuonIDSF": 7.646949961781502e-05,
        "ElectronIDSF": 0.0001378878951072693,
        "EMuTrigSF": 0.000420489814132452,
        "JetEn": 0.008570728217773455,
        "JetRes": 3.4370459616184235e-06,
        "MuonEn": 0.010032191301990326,
        "ElectronEn": 0.010032191301990326,
        "ElectronRes": 0.0,
        "UnclusteredEn": 0.008623907342553139,
        "BtagSF_HFcorr": 0.0,
        "BtagSF_HFuncorr": 0.0,
        "BtagSF_LFcorr": 5.7672616094350815e-05,
        "BtagSF_LFuncorr": 2.0971521735191345e-05,
        "xsec": 0.0005320372874848541
      },
      "syst_error": 0.018743146279148117,
      "total_error": 0.020040657750505033
    },
    "ZZTo4L_powheg": {
      "events": 22.783552946522832,
      "stat_error": 0.20120745006025217,
      "systematics": {
        "PileupReweight": 0.1432493084556069,
        "MuonIDSF": 0.0643610365343543,
        "ElectronIDSF": 0.238623583864177,
        "EMuTrigSF": 0.33407834365697237,
        "JetEn": 0.09700568979535394,
        "JetRes": 0.07425782580319763,
        "MuonEn": 0.09611492862470783,
        "ElectronEn": 0.06700539806451881,
        "ElectronRes": 0.22891147248688448,
        "UnclusteredEn": 0.0738085380001147,
        "BtagSF_HFcorr": 0.003524481991879527,
        "BtagSF_HFuncorr": 0.0020617736633897496,
        "BtagSF_LFcorr": 0.004049952246642778,
        "BtagSF_LFuncorr": 0.0019971980545620055,
        "xsec": 4.784329127630712
      },
      "syst_error": 4.813476375874744,
      "total_error": 4.817679862658374
    },
    "WZTo3LNu_powheg": {
      "events": 2.4939015191048384,
      "stat_error": 0.24730078263326105,
      "systematics": {
        "PileupReweight": 0.05649192603822092,
        "MuonIDSF": 0.008561288377950053,
        "ElectronIDSF": 0.010174422854876174,
        "EMuTrigSF": 0.03138399842586312,
        "JetEn": 0.13077830067166615,
        "JetRes": 0.08381422306387708,
        "MuonEn": 0.07938205610357296,
        "ElectronEn": 0.1006202896364838,
        "ElectronRes": 0.2397786416900262,
        "UnclusteredEn": 0.07810985759450714,
        "BtagSF_HFcorr": 0.0008596431805743159,
        "BtagSF_HFuncorr": 0.0005443731808031677,
        "BtagSF_LFcorr": 0.0009900253798315974,
        "BtagSF_LFuncorr": 0.0004719150136572873,
        "xsec": 0.5326975979921205
      },
      "syst_error": 0.6263152281313836,