{
  "hyperparameters": {
    "signal": "MHc130_MA90",
    "channel": "Combined",
    "iteration": 2,
    "model_idx": 8,
    "num_hidden": 96,
    "optimizer": "RMSprop",
    "initial_lr": 0.0005,
    "weight_decay": 4e-05,
    "scheduler": "ExponentialLR",
    "pilot_mode": false,
    "num_classes": 4,
    "model_type": "ParticleNet",
    "num_node_features": 9,
    "num_graph_features": 4,
    "dropout_p": 0.4,
    "batch_size": 1024,
    "train_folds": [
      0,
      1,
      2
    ],
    "valid_folds": [
      3
    ]
  },
  "training_summary": {
    "best_epoch": 29,
    "best_train_loss": 0.9637412247654507,
    "best_valid_loss": 0.994315343917591,
    "best_train_acc": 0.5910787614505728,
    "best_valid_acc": 0.5758751373533962,
    "total_epochs": 37
  },
  "epoch_history": {
    "train_loss": [
      0.9987078019327035,
      0.9855435132453169,
      0.9845827491479758,
      0.9814811460022012,
      0.9914754335651241,
      0.9917509018554231,
      0.9813877667335712,
      0.9823451373728053,
      0.9775983006917254,
      0.9802466307308949,
      0.9764414998222488,
      0.9800571372819671,
      0.9718921889176659,
      0.9758306501150449,
      0.970564640335125,
      0.9788877698722462,
      0.9689493224122241,
      0.9751587330441334,
      0.979991293374499,
      0.9700022813523422,
      0.971381316037351,
      0.9713710088868064,
      0.9673313834554662,
      0.9688429249880806,
      0.9751110478661746,
      0.965468430365359,
      0.9667883281319378,
      0.9754133688789748,
      0.9700327661278679,
      0.9637412247654507,
      0.9662803903109461,
      0.9684524426252004,
      0.9722946781358532,
      0.9664645160694828,
      0.9708790666551148,
      0.9661818976133991,
      0.9656896731706114
    ],
    "valid_loss": [
      1.03154965249859,
      1.0169497760186468,
      1.016904907024677,
      1.0125665099008159,
      1.0230936928916903,
      1.0234106064398814,
      1.0159019518290997,
      1.0179013957211243,
      1.009040953821994,
      1.0152130461433118,
      1.0122808920458424,
      1.0147982286759454,
      1.0030311686442004,
      1.009714644175455,
      0.9997506665517292,
      1.0063964185568655,
      1.0005216064925333,
      1.006104054385868,
      1.019493483017146,
      1.0006456804342878,
      0.9987029161873058,
      1.0021395771506603,
      0.9971847054273612,
      1.0006039142341314,
      1.0079609392266353,
      0.997678493193249,
      0.998085424888453,
      1.0069850890578114,
      1.0046685056083524,
      0.994315343917591,
      0.9962073231519727,
      0.9982573896926525,
      1.0082137268865736,
      0.9968666395913183,
      1.006797089316986,
      0.9988232810795675,
      0.9976238939966514
    ],
    "train_acc": [
      0.5589863402081712,
      0.5737786697689469,
      0.5794278758368837,
      0.576199758083777,
      0.5680813115865544,
      0.5678078075764463,
      0.5799209534889096,
      0.578952132946062,
      0.5846398607055633,
      0.5770221961986794,
      0.5846745302279713,
      0.5819876422413461,
      0.585703059392744,
      0.5845512608149649,
      0.5859226330346619,
      0.5800422968173379,
      0.5873826051449571,
      0.5859977503332127,
      0.5857454332534651,
      0.5865640191992111,
      0.5864638628011434,
      0.5841236700385988,
      0.5903603319028945,
      0.5873363791150797,
      0.5818393337288227,
      0.5898171760518348,
      0.5889908857677758,
      0.5844568826706318,
      0.5867816667565506,
      0.5910787614505728,
      0.5895956763253388,
      0.585907224358036,
      0.5834803577894713,
      0.5897613195990662,
      0.588609521021287,
      0.5907416966493833,
      0.5889985901060888
    ],
    "valid_acc": [
      0.5444015876931357,
      0.5586190657726549,
      0.5631096808916197,
      0.5610802143834234,
      0.5541957257865584,
      0.5531978113156774,
      0.5644383647657704,
      0.5626948175722647,
      0.5692709618101496,
      0.5599141120803713,
      0.5680768282017357,
      0.56685466328796,
      0.5708182898661225,
      0.5675218083555715,
      0.5714910411948063,
      0.5655540107191712,
      0.5716143789383984,
      0.5701231134931491,
      0.5685533603928867,
      0.5719956046913193,
      0.5726515372367861,
      0.5707229834278923,
      0.5758302872648173,
      0.5724048617496019,
      0.5663500997914471,
      0.5753201175072321,
      0.573385957437266,
      0.5704146390689122,
      0.5700053820106294,
      0.5758751373533962,
      0.5748155540107192,
      0.5714517973672998,
      0.5672302827798085,
      0.5740362837216604,
      0.5716760478101944,
      0.5756845244769359,
      0.57258986836499
    ],
    "epoch": [
      0,
      1,
      2,
      3,
      4,
      5,
      6,
      7,
      8,
      9,
      10,
      11,
      12,
      13,
      14,
      15,
      16,
      17,
      18,
      19,
      20,
      21,
      22,
      23,
      24,
      25,
      26,
      27,
      28,
      29,
      30,
      31,
      32,
      33,
      34,
      35,
      36
    ],
    "timestamp": [
      1762494368.3699,
      1762494585.8799248,
      1762494806.8368628,
      1762495032.2670894,
      1762495264.2365043,
      1762495507.8091252,
      1762495749.5180385,
      1762495989.272862,
      1762496229.6113138,
      1762496467.2423983,
      1762496703.4591265,
      1762496940.0305657,
      1762497174.3292818,
      1762497407.263162,
      1762497635.8145254,
      1762497859.9743142,
      1762498082.872159,
      1762498303.3535593,
      1762498524.1867473,
      1762498744.4439313,
      1762498964.3584423,
      1762499183.2536306,
      1762499401.312668,
      1762499618.9588013,
      1762499838.963459,
      1762500056.8498533,
      1762500274.4163747,
      1762500491.8362784,
      1762500708.6922414,
      1762500923.946339,
      1762501139.696344,
      1762501355.5098557,
      1762501573.362871,
      1762501790.8200588,
      1762502006.2689512,
      1762502221.928749,
      1762502436.7155106
    ]
  }
}