{
  "hyperparameters": {
    "signal": "MHc130_MA90",
    "channel": "Combined",
    "iteration": 2,
    "model_idx": 13,
    "num_hidden": 64,
    "optimizer": "Adam",
    "initial_lr": 0.0003,
    "weight_decay": 0.00796,
    "scheduler": "CyclicLR",
    "pilot_mode": true,
    "num_classes": 5,
    "model_type": "ParticleNet",
    "num_node_features": 9,
    "num_graph_features": 4,
    "dropout_p": 0.4,
    "batch_size": 1024,
    "train_folds": [
      0,
      1,
      2
    ],
    "valid_folds": [
      3
    ]
  },
  "training_summary": {
    "best_epoch": 2,
    "best_train_loss": 1.099178176579546,
    "best_valid_loss": 1.116114525757686,
    "best_train_acc": 0.5968521871695294,
    "best_valid_acc": 0.5897430010255468,
    "total_epochs": 3
  },
  "epoch_history": {
    "train_loss": [
      1.4880143255714111,
      1.2541855714447798,
      1.099178176579546
    ],
    "valid_loss": [
      1.4718545435859196,
      1.2622584259327023,
      1.116114525757686
    ],
    "train_acc": [
      0.3130428756933293,
      0.596620198666518,
      0.5968521871695294
    ],
    "valid_acc": [
      0.3327669865760512,
      0.5894827876505794,
      0.5897430010255468
    ],
    "epoch": [
      0,
      1,
      2
    ],
    "timestamp": [
      1762323548.6340897,
      1762323612.9562385,
      1762323678.5213697
    ]
  }
}