{
  "hyperparameters": {
    "signal": "MHc130_MA90",
    "channel": "Combined",
    "iteration": 2,
    "model_idx": 0,
    "num_hidden": 96,
    "optimizer": "RMSprop",
    "initial_lr": 0.0003,
    "weight_decay": 0.0002,
    "scheduler": "ReduceLROnPlateau",
    "pilot_mode": true,
    "num_classes": 5,
    "model_type": "ParticleNet",
    "num_node_features": 9,
    "num_graph_features": 4,
    "dropout_p": 0.4,
    "batch_size": 1024,
    "train_folds": [
      0,
      1,
      2
    ],
    "valid_folds": [
      3
    ]
  },
  "training_summary": {
    "best_epoch": 2,
    "best_train_loss": 1.0003880380124908,
    "best_valid_loss": 1.0158702187436621,
    "best_train_acc": 0.60343825038489,
    "best_valid_acc": 0.5969830555172889,
    "total_epochs": 3
  },
  "epoch_history": {
    "train_loss": [
      1.0135957981126893,
      1.0106124538654446,
      1.0003880380124908
    ],
    "valid_loss": [
      1.0289137593674125,
      1.0251809724941248,
      1.0158702187436621
    ],
    "train_acc": [
      0.6010550957630464,
      0.6012177889989244,
      0.60343825038489
    ],
    "valid_acc": [
      0.5948630818447598,
      0.5952304419035374,
      0.5969830555172889
    ],
    "epoch": [
      0,
      1,
      2
    ],
    "timestamp": [
      1762323487.942202,
      1762323551.6517627,
      1762323615.1980324
    ]
  }
}