{
  "hyperparameters": {
    "signal": "MHc130_MA90",
    "channel": "Combined",
    "iteration": 2,
    "model_idx": 6,
    "num_hidden": 96,
    "optimizer": "Adam",
    "initial_lr": 0.0046,
    "weight_decay": 2e-05,
    "scheduler": "ExponentialLR",
    "pilot_mode": false,
    "num_classes": 4,
    "model_type": "ParticleNet",
    "num_node_features": 9,
    "num_graph_features": 4,
    "dropout_p": 0.4,
    "batch_size": 1024,
    "train_folds": [
      0,
      1,
      2
    ],
    "valid_folds": [
      3
    ]
  },
  "training_summary": {
    "best_epoch": 80,
    "best_train_loss": 0.9086112497830028,
    "best_valid_loss": 0.9396728177038859,
    "best_train_acc": 0.6228052266231114,
    "best_valid_acc": 0.6074832372793936,
    "total_epochs": 81
  },
  "epoch_history": {
    "train_loss": [
      1.0132107502887142,
      0.9815246818295196,
      0.9612990509919362,
      0.9674506937942159,
      0.9506491720710863,
      0.9547872357812364,
      0.9479587348975842,
      0.9436284087163964,
      0.9435648579251666,
      0.9418770195663655,
      0.9395632167980656,
      0.9389375503892892,
      0.9443585356070742,
      0.9333300600617852,
      0.9387482236608858,
      0.938725361509235,
      0.9326567533531498,
      0.9375252312605163,
      0.9345146765031821,
      0.9352275731755575,
      0.9343051040464729,
      0.9390056792316328,
      0.9348392851004772,
      0.9349755540891849,
      0.9330705594736175,
      0.9330701593858718,
      0.927444100885998,
      0.9318774690065753,
      0.927525575647178,
      0.9270351266887046,
      0.9246528674451552,
      0.9242101850851814,
      0.9256515202236132,
      0.9242108029893137,
      0.9247128660352252,
      0.9245808948280935,
      0.9254333069582811,
      0.9225553094739617,
      0.9206681363280282,
      0.9239789446178128,
      0.920374028733057,
      0.9214851935087978,
      0.9223621113775684,
      0.9185934853810749,
      0.9214099425164184,
      0.9200724343387939,
      0.917991014192116,
      0.9200472988630433,
      0.9201571962077115,
      0.9163448569489859,
      0.9170596873178766,
      0.9144115482384018,
      0.9131108106945571,
      0.9179368249482658,
      0.9139154668212386,
      0.9148259154232865,
      0.9146036387391765,
      0.9124976978578119,
      0.9153173233498995,
      0.9131684484691728,
      0.9140931454895265,
      0.9154095392889837,
      0.9129491063961929,
      0.9115710153158484,
      0.9128698802607284,
      0.9120515350792282,
      0.9131444669733636,
      0.9100956880696466,
      0.9108133920623281,
      0.9113259702461469,
      0.9114716672783086,
      0.9107715700486739,
      0.9096889943932602,
      0.9104398323947592,
      0.9089262309661792,
      0.9087234053252503,
      0.9085435066292799,
      0.9125655747200582,
      0.9086876378176616,
      0.9071828492800157,
      0.9086112497830028
    ],
    "valid_loss": [
      1.0493208945266674,
      1.0120263364324495,
      0.9920666351841894,
      0.9951683598592518,
      0.9838268560701638,
      0.9830281556586927,
      0.9765276145922227,
      0.9743385001847602,
      0.9774838563633648,
      0.972488124358866,
      0.969031378684633,
      0.9711882030266441,
      0.9735091151262574,
      0.9661933256142491,
      0.9685979156258037,
      0.9756086347477003,
      0.9640875804732514,
      0.9664656163662758,
      0.9666704065750044,
      0.9653275199617933,
      0.9688209701530216,
      0.9732809546892399,
      0.9639950510744071,
      0.969574140908379,
      0.963506652114824,
      0.9678451461608927,
      0.9591979592951009,
      0.9638048869657321,
      0.9587915703813683,
      0.9590972808173379,
      0.9557993814024706,
      0.9576750190222793,
      0.9557537583314842,
      0.9604286583247381,
      0.9557325683823694,
      0.9579982730621761,
      0.9549643917082457,
      0.9551174411983694,
      0.9508481583340673,
      0.9559721303954405,
      0.9552607268667765,
      0.9535602799438835,
      0.956375305649357,
      0.950846089605254,
      0.9509044797176752,
      0.9515530040873476,
      0.9515794073049297,
      0.9503992953373296,
      0.9499864065620125,
      0.9498749301975329,
      0.9480452133444583,
      0.9464126509752694,
      0.945750004449696,
      0.947728518192027,
      0.9459213052555062,
      0.9486767182429181,
      0.9469458149064,
      0.9463821219341472,
      0.9476720280286172,
      0.9445536718278067,
      0.9489936194726646,
      0.9494082313759843,
      0.946546625182625,
      0.9435632830712136,
      0.9444953267119266,
      0.9436177422310471,
      0.9439464518877025,
      0.9452962096267353,
      0.9431082661558812,
      0.9432318536901582,
      0.9423089992670416,
      0.9426075547396919,
      0.9423284109117868,
      0.9421573254221252,
      0.9398264009932816,
      0.9428312800233347,
      0.9397028434852137,
      0.9445844752109586,
      0.940784011052782,
      0.9402242239685038,
      0.9396728177038859
    ],
    "train_acc": [
      0.547888240868433,
      0.574631925237101,
      0.5890255552901839,
      0.5942856922733191,
      0.5948635176467869,
      0.5927043768345955,
      0.6012157445857762,
      0.601997734924536,
      0.6042435495427475,
      0.6006745148192948,
      0.6028240252085949,
      0.6065644814595098,
      0.5998385941123446,
      0.6078356972811391,
      0.6056476652002742,
      0.606377651255422,
      0.6066781204496252,
      0.6064874380763808,
      0.6049003443839226,
      0.6087101396796536,
      0.6099929120087522,
      0.5999426026795689,
      0.6069265853602164,
      0.605611069593288,
      0.6087024353413407,
      0.6104821374916215,
      0.6117591315669854,
      0.6073137283604397,
      0.6115896361241014,
      0.6112756843378506,
      0.6149390972056364,
      0.6128030694083839,
      0.6128608519457306,
      0.6130881299259613,
      0.6139201984637549,
      0.6131305037866823,
      0.6135792814934089,
      0.6155169225791043,
      0.6158058352658382,
      0.6125526784132145,
      0.6151952664545406,
      0.6163759563009931,
      0.6140704330608565,
      0.6184676841529465,
      0.6154109879273019,
      0.6154398791959752,
      0.6170809032566238,
      0.6159291046788447,
      0.6157538309822261,
      0.618608288327157,
      0.619937286686133,
      0.6192959005215837,
      0.6195077698251885,
      0.617722289421173,
      0.6201453038205814,
      0.6188432706457005,
      0.618931870536299,
      0.6208098030000694,
      0.6183347843170489,
      0.6203571731241863,
      0.6195963697157869,
      0.6189877269890676,
      0.6186699230336603,
      0.6204958512138185,
      0.6198159433577047,
      0.6207423900398314,
      0.6199815866314322,
      0.6215937194234074,
      0.6226588441951663,
      0.6214492630800403,
      0.6215263064631694,
      0.6201799733429895,
      0.6210698244181299,
      0.6210043375424702,
      0.6226838832946833,
      0.6229400525435873,
      0.6230960653944236,
      0.6198140172731265,
      0.621283619806313,
      0.622836043976363,
      0.6228052266231114
    ],