{
  "Central": {
    "ptcorr_10to15_EB1": 257.22330800420605,
    "ptcorr_10to15_EB2": 119.86282370844856,
    "ptcorr_10to15_EE": 128.00375759159215,
    "ptcorr_15to20_EB1": 228.88836861751042,
    "ptcorr_15to20_EB2": 113.12424949626438,
    "ptcorr_15to20_EE": 128.6201460820157,
    "ptcorr_20to25_EB1": 204.35767281823792,
    "ptcorr_20to25_EB2": 115.20172428386286,
    "ptcorr_20to25_EE": 120.00229886244051,
    "ptcorr_25to35_EB1": 391.1561398699414,
    "ptcorr_25to35_EB2": 230.7372354916297,
    "ptcorr_25to35_EE": 210.42264489387162,
    "ptcorr_35to50_EB1": 479.0639111280907,
    "ptcorr_35to50_EB2": 287.64992326823995,
    "ptcorr_35to50_EE": 226.78255660948344,
    "ptcorr_50to100_EB1": 604.693383739097,
    "ptcorr_50to100_EB2": 370.2582311888691,
    "ptcorr_50to100_EE": 249.72842981410213
  },
  "MotherJetPt_Up": {
    "ptcorr_10to15_EB1": 172.92460204008967,
    "ptcorr_10to15_EB2": 80.45980364596471,
    "ptcorr_10to15_EE": 86.72330366563983,
    "ptcorr_15to20_EB1": 154.9387365321163,
    "ptcorr_15to20_EB2": 74.87289332016371,
    "ptcorr_15to20_EE": 87.05156538193114,
    "ptcorr_20to25_EB1": 140.46233348175883,
    "ptcorr_20to25_EB2": 77.3238211069256,
    "ptcorr_20to25_EE": 78.63424833188765,
    "ptcorr_25to35_EB1": 260.43645037477836,
    "ptcorr_25to35_EB2": 154.4831072888337,
    "ptcorr_25to35_EE": 137.15163116622716,
    "ptcorr_35to50_EB1": 317.10613321256824,
    "ptcorr_35to50_EB2": 191.9611725404393,
    "ptcorr_35to50_EE": 145.1283477281686,
    "ptcorr_50to100_EB1": 408.1716472294647,
    "ptcorr_50to100_EB2": 249.3181781184394,
    "ptcorr_50to100_EE": 161.07316781696863
  },
  "MotherJetPt_Down": {
    "ptcorr_10to15_EB1": 290.4553351602517,
    "ptcorr_10to15_EB2": 133.43494555563666,
    "ptcorr_10to15_EE": 143.70948099461384,
    "ptcorr_15to20_EB1": 257.579107809579,
    "ptcorr_15to20_EB2": 127.6673707801383,
    "ptcorr_15to20_EE": 145.4462998744566,
    "ptcorr_20to25_EB1": 233.33606870588847,
    "ptcorr_20to25_EB2": 130.19163609901443,
    "ptcorr_20to25_EE": 135.57082915632054,
    "ptcorr_25to35_EB1": 439.60614585736766,
    "ptcorr_25to35_EB2": 260.5659176330082,
    "ptcorr_25to35_EE": 243.22199460025877,
    "ptcorr_35to50_EB1": 537.0480501551647,
    "ptcorr_35to50_EB2": 324.63794185128063,
    "ptcorr_35to50_EE": 259.7868007400539,
    "ptcorr_50to100_EB1": 672.7942976641934,
    "ptcorr_50to100_EB2": 413.58639500592835,
    "ptcorr_50to100_EE": 285.1327560732607
  },
  "RequireHeavyTag": {
    "ptcorr_10to15_EB1": 125.23803460854106,
    "ptcorr_10to15_EB2": 59.87040745723061,
    "ptcorr_10to15_EE": 64.4372973733116,
    "ptcorr_15to20_EB1": 123.00098209199496,
    "ptcorr_15to20_EB2": 60.42132986278739,
    "ptcorr_15to20_EE": 69.43010430363938,
    "ptcorr_20to25_EB1": 116.5046686984133,
    "ptcorr_20to25_EB2": 63.392514302860945,
    "ptcorr_20to25_EE": 65.21049153222702,
    "ptcorr_25to35_EB1": 232.07211738475598,
    "ptcorr_25to35_EB2": 136.58170624030754,
    "ptcorr_25to35_EE": 115.82928471197374,
    "ptcorr_35to50_EB1": 311.68260163557716,
    "ptcorr_35to50_EB2": 182.95966004906222,
    "ptcorr_35to50_EE": 136.41348425881006,
    "ptcorr_50to100_EB1": 405.1835807985626,
    "ptcorr_50to100_EB2": 239.62578609003685,
    "ptcorr_50to100_EE": 142.83003709232435
  },
  "L1Prefire_Up": {
    "ptcorr_10to15_EB1": 255.7993286512792,
    "ptcorr_10to15_EB2": 119.23191405553371,
    "ptcorr_10to15_EE": 127.31163255567662,
    "ptcorr_15to20_EB1": 227.70632066205144,
    "ptcorr_15to20_EB2": 112.50592119491193,
    "ptcorr_15to20_EE": 127.87160303560086,
    "ptcorr_20to25_EB1": 203.4031787745189,
    "ptcorr_20to25_EB2": 114.65075922710821,
    "ptcorr_20to25_EE": 118.80232907249592,
    "ptcorr_25to35_EB1": 389.4875166309066,
    "ptcorr_25to35_EB2": 229.73127913378994,
    "ptcorr_25to35_EE": 208.15183480083942,
    "ptcorr_35to50_EB1": 477.1979573435383,
    "ptcorr_35to50_EB2": 286.3035929403268,
    "ptcorr_35to50_EE": 223.68845321936533,
    "ptcorr_50to100_EB1": 601.9110108313616,
    "ptcorr_50to100_EB2": 368.41317160613835,
    "ptcorr_50to100_EE": 245.9588331140112
  },
  "L1Prefire_Down": {
    "ptcorr_10to15_EB1": 258.6239490606822,
    "ptcorr_10to15_EB2": 120.48279530042782,
    "ptcorr_10to15_EE": 128.68220106931403,
    "ptcorr_15to20_EB1": 230.04520052392036,
    "ptcorr_15to20_EB2": 113.73010339215398,
    "ptcorr_15to20_EE": 129.35591598087922,
    "ptcorr_20to25_EB1": 205.29284591064788,
    "ptcorr_20to25_EB2": 115.74053980968893,
    "ptcorr_20to25_EE": 121.14225636958145,
    "ptcorr_25to35_EB1": 392.7800106080249,
    "ptcorr_25to35_EB2": 231.7209318834357,
    "ptcorr_25to35_EE": 212.63799877581187,
    "ptcorr_35to50_EB1": 480.8848257926293,
    "ptcorr_35to50_EB2": 288.968829508638,
    "ptcorr_35to50_EE": 229.87181012658402,
    "ptcorr_50to100_EB1": 607.4147060796386,
    "ptcorr_50to100_EB2": 372.06486429064535,
    "ptcorr_50to100_EE": 253.4836677708663
  },
  "PileupReweight_Up": {
    "ptcorr_10to15_EB1": 253.46425291430205,
    "ptcorr_10to15_EB2": 117.3850601897575,
    "ptcorr_10to15_EE": 123.1164235835895,
    "ptcorr_15to20_EB1": 224.5260212533176,
    "ptcorr_15to20_EB2": 110.49579701351468,
    "ptcorr_15to20_EE": 124.55214768601581,
    "ptcorr_20to25_EB1": 201.6348890537629,
    "ptcorr_20to25_EB2": 115.02291891723871,
    "ptcorr_20to25_EE": 117.14317714027129,
    "ptcorr_25to35_EB1": 386.9335372648202,
    "ptcorr_25to35_EB2": 228.29123388882726,
    "ptcorr_25to35_EE": 207.19302169280127,
    "ptcorr_35to50_EB1": 472.24285327410325,
    "ptcorr_35to50_EB2": 284.6312772757374,
    "ptcorr_35to50_EE": 222.31587425153702,
    "ptcorr_50to100_EB1": 596.6967403007438,
    "ptcorr_50to100_EB2": 365.34204111108556,
    "ptcorr_50to100_EE": 245.59125739103183
  },
  "PileupReweight_Down": {
    "ptcorr_10to15_EB1": 261.72867661179043,
    "ptcorr_10to15_EB2": 122.10403506807052,
    "ptcorr_10to15_EE": 132.79176051262766,
    "ptcorr_15to20_EB1": 232.87010174663737,
    "ptcorr_15to20_EB2": 115.65125517570414,
    "ptcorr_15to20_EE": 132.57517329184338,
    "ptcorr_20to25_EB1": 206.98116863938048,
    "ptcorr_20to25_EB2": 115.84244171250612,
    "ptcorr_20to25_EE": 122.69971583690494,
    "ptcorr_25to35_EB1": 395.8299250905402,
    "ptcorr_25to35_EB2": 233.72142865508795,
    "ptcorr_25to35_EE": 213.4956456143409,
    "ptcorr_35to50_EB1": 485.88112050970085,
    "ptcorr_35to50_EB2": 290.4174853679724,
    "ptcorr_35to50_EE": 231.29095173068345,
    "ptcorr_50to100_EB1": 612.3135496785399,
    "ptcorr_50to100_EB2": 374.95139197353274,
    "ptcorr_50to100_EE": 253.92006629751995
  },
  "PileupJetIDSF_Up": {
    "ptcorr_10to15_EB1": 257.474656911334,
    "ptcorr_10to15_EB2": 119.9631575869862,
    "ptcorr_10to15_EE": 128.1155466453638,
    "ptcorr_15to20_EB1": 229.0864329340402,
    "ptcorr_15to20_EB2": 113.21919699222781,
    "ptcorr_15to20_EE": 128.73623777343892,
    "ptcorr_20to25_EB1": 204.51338513172232,
    "ptcorr_20to25_EB2": 115.29933102196082,
    "ptcorr_20to25_EE": 120.1052996146027,
    "ptcorr_25to35_EB1": 391.43921286426485,
    "ptcorr_25to35_EB2": 230.93146089976653,
    "ptcorr_25to35_EE": 210.59556379332207,
    "ptcorr_35to50_EB1": 479.40633297129534,
    "ptcorr_35to50_EB2": 287.85542298085056,
    "ptcorr_35to50_EE": 226.9797196763102,
    "ptcorr_50to100_EB1": 605.0987636155915,
    "ptcorr_50to100_EB2": 370.52937351935543,
    "ptcorr_50to100_EE": 249.96030882839113
  },
  "PileupJetIDSF_Down": {
    "ptcorr_10to15_EB1": 256.97214122046717,
    "ptcorr_10to15_EB2": 119.76257515116595,
    "ptcorr_10to15_EE": 127.89206374087371,
    "ptcorr_15to20_EB1": 228.69043394341134,
    "ptcorr_15to20_EB2": 113.02934229443781,
    "ptcorr_15to20_EE": 128.50411698850803,
    "ptcorr_20to25_EB1": 204.20202721096575,
    "ptcorr_20to25_EB2": 115.10423311637715,
    "ptcorr_20to25_EE": 119.89935879525729,
    "ptcorr_25to35_EB1": 390.8732224009,
    "ptcorr_25to35_EB2": 230.54308266192675,
    "ptcorr_25to35_EE": 210.24984817835502,