{
  "Central": {
    "ptcorr_10to15_EB1": 124.21667196881026,
    "ptcorr_10to15_EB2": 60.064062640070915,
    "ptcorr_10to15_EE": 70.32207772228867,
    "ptcorr_15to20_EB1": 136.1309332298115,
    "ptcorr_15to20_EB2": 73.64764756336808,
    "ptcorr_15to20_EE": 95.82833187747747,
    "ptcorr_20to25_EB1": 135.81154980883002,
    "ptcorr_20to25_EB2": 82.94332116656005,
    "ptcorr_20to25_EE": 101.10348212346435,
    "ptcorr_25to35_EB1": 269.30738809425384,
    "ptcorr_25to35_EB2": 177.39022932387888,
    "ptcorr_25to35_EE": 208.71209570392966,
    "ptcorr_35to50_EB1": 394.3142716176808,
    "ptcorr_35to50_EB2": 275.742151318118,
    "ptcorr_35to50_EE": 272.0135607505217,
    "ptcorr_50to100_EB1": 701.3455628985539,
    "ptcorr_50to100_EB2": 452.9929961813614,
    "ptcorr_50to100_EE": 445.7423424581066
  },
  "MotherJetPt_Up": {
    "ptcorr_10to15_EB1": 39.5468407291919,
    "ptcorr_10to15_EB2": 19.5737578086555,
    "ptcorr_10to15_EE": 24.547890486195683,
    "ptcorr_15to20_EB1": 42.49726146925241,
    "ptcorr_15to20_EB2": 24.24483383819461,
    "ptcorr_15to20_EE": 34.30000187270343,
    "ptcorr_20to25_EB1": 44.930134639143944,
    "ptcorr_20to25_EB2": 25.599895688705146,
    "ptcorr_20to25_EE": 36.81369582004845,
    "ptcorr_25to35_EB1": 98.00021352060139,
    "ptcorr_25to35_EB2": 66.09077810589224,
    "ptcorr_25to35_EE": 81.91311006434262,
    "ptcorr_35to50_EB1": 167.84615144785494,
    "ptcorr_35to50_EB2": 115.6726147653535,
    "ptcorr_35to50_EE": 120.57142508029938,
    "ptcorr_50to100_EB1": 448.2871607700363,
    "ptcorr_50to100_EB2": 296.004602747038,
    "ptcorr_50to100_EE": 294.9536466849968
  },
  "MotherJetPt_Down": {
    "ptcorr_10to15_EB1": 182.82603903114796,
    "ptcorr_10to15_EB2": 86.80664469208568,
    "ptcorr_10to15_EE": 101.38275189977139,
    "ptcorr_15to20_EB1": 198.9240043060854,
    "ptcorr_15to20_EB2": 108.7454492803663,
    "ptcorr_15to20_EE": 136.75831514783204,
    "ptcorr_20to25_EB1": 194.72186179459095,
    "ptcorr_20to25_EB2": 114.90083946753293,
    "ptcorr_20to25_EE": 140.79420306999236,
    "ptcorr_25to35_EB1": 372.0413961978629,
    "ptcorr_25to35_EB2": 241.41760812327266,
    "ptcorr_25to35_EE": 286.38648379873484,
    "ptcorr_35to50_EB1": 505.95516346022487,
    "ptcorr_35to50_EB2": 348.96175171621144,
    "ptcorr_35to50_EE": 340.43667444959283,
    "ptcorr_50to100_EB1": 790.286335461773,
    "ptcorr_50to100_EB2": 510.0098481643945,
    "ptcorr_50to100_EE": 498.46619874984026
  },
  "RequireHeavyTag": {
    "ptcorr_10to15_EB1": 8.107440583407879,
    "ptcorr_10to15_EB2": 2.7571977581828833,
    "ptcorr_10to15_EE": 4.366830594837666,
    "ptcorr_15to20_EB1": 8.93782614544034,
    "ptcorr_15to20_EB2": 3.8314356431365013,
    "ptcorr_15to20_EE": 5.6386579647660255,
    "ptcorr_20to25_EB1": 7.0363432709127665,
    "ptcorr_20to25_EB2": 4.707767702639103,
    "ptcorr_20to25_EE": 5.967431744560599,
    "ptcorr_25to35_EB1": 15.011436629109085,
    "ptcorr_25to35_EB2": 8.524448532611132,
    "ptcorr_25to35_EE": 8.673771377652884,
    "ptcorr_35to50_EB1": 19.25540042296052,
    "ptcorr_35to50_EB2": 16.42711341381073,
    "ptcorr_35to50_EE": 11.436212673783302,
    "ptcorr_50to100_EB1": 34.47152937762439,
    "ptcorr_50to100_EB2": 16.90789669752121,
    "ptcorr_50to100_EE": 18.48316007014364
  },
  "L1Prefire_Up": {
    "ptcorr_10to15_EB1": 124.02879348676652,
    "ptcorr_10to15_EB2": 59.94503030925989,
    "ptcorr_10to15_EE": 70.11620494257659,
    "ptcorr_15to20_EB1": 135.89782838430256,
    "ptcorr_15to20_EB2": 73.47308092750609,
    "ptcorr_15to20_EE": 95.54502556938678,
    "ptcorr_20to25_EB1": 135.609455678612,
    "ptcorr_20to25_EB2": 82.82610214874148,
    "ptcorr_20to25_EE": 100.35180190205574,
    "ptcorr_25to35_EB1": 268.8891620757058,
    "ptcorr_25to35_EB2": 177.03744710050523,
    "ptcorr_25to35_EE": 206.7682513780892,
    "ptcorr_35to50_EB1": 393.6170742828399,
    "ptcorr_35to50_EB2": 275.2405715249479,
    "ptcorr_35to50_EE": 268.8303734557703,
    "ptcorr_50to100_EB1": 700.1876717982814,
    "ptcorr_50to100_EB2": 452.11583406757563,
    "ptcorr_50to100_EE": 439.37657117750496
  },
  "L1Prefire_Down": {
    "ptcorr_10to15_EB1": 124.39636665489525,
    "ptcorr_10to15_EB2": 60.18194823432714,
    "ptcorr_10to15_EE": 70.52242994122207,
    "ptcorr_15to20_EB1": 136.3601650642231,
    "ptcorr_15to20_EB2": 73.81772308144718,
    "ptcorr_15to20_EE": 96.10736751649529,
    "ptcorr_20to25_EB1": 136.00736379623413,
    "ptcorr_20to25_EB2": 83.05760208889842,
    "ptcorr_20to25_EE": 101.80805561412126,
    "ptcorr_25to35_EB1": 269.71322235185653,
    "ptcorr_25to35_EB2": 177.73529804497957,
    "ptcorr_25to35_EE": 210.60517414938658,
    "ptcorr_35to50_EB1": 395.0004560723901,
    "ptcorr_35to50_EB2": 276.23491455614567,
    "ptcorr_35to50_EE": 275.191298273392,
    "ptcorr_50to100_EB1": 702.4743626378477,
    "ptcorr_50to100_EB2": 453.8544418513775,
    "ptcorr_50to100_EE": 452.07580940332264
  },
  "PileupReweight_Up": {
    "ptcorr_10to15_EB1": 122.64782375562936,
    "ptcorr_10to15_EB2": 58.04288082011044,
    "ptcorr_10to15_EE": 67.12272639293224,
    "ptcorr_15to20_EB1": 132.55428694933653,
    "ptcorr_15to20_EB2": 70.79597875103354,
    "ptcorr_15to20_EE": 94.35548780299723,
    "ptcorr_20to25_EB1": 132.65670322161168,
    "ptcorr_20to25_EB2": 81.02107422053814,
    "ptcorr_20to25_EE": 98.78356548026204,
    "ptcorr_25to35_EB1": 263.91714567597955,
    "ptcorr_25to35_EB2": 174.92868429608643,
    "ptcorr_25to35_EE": 204.36770081613213,
    "ptcorr_35to50_EB1": 389.57242170814425,
    "ptcorr_35to50_EB2": 271.981389363762,
    "ptcorr_35to50_EE": 266.561247555539,
    "ptcorr_50to100_EB1": 692.6979564484209,
    "ptcorr_50to100_EB2": 443.23291045613587,
    "ptcorr_50to100_EE": 441.79862978775054
  },
  "PileupReweight_Down": {
    "ptcorr_10to15_EB1": 125.88759017549455,
    "ptcorr_10to15_EB2": 61.86539791710675,
    "ptcorr_10to15_EE": 73.7532453071326,
    "ptcorr_15to20_EB1": 139.35510596819222,
    "ptcorr_15to20_EB2": 76.3397196996957,
    "ptcorr_15to20_EE": 97.266561165452,
    "ptcorr_20to25_EB1": 138.7058743853122,
    "ptcorr_20to25_EB2": 84.48010382987559,
    "ptcorr_20to25_EE": 103.51903874613345,
    "ptcorr_25to35_EB1": 274.64925322309136,
    "ptcorr_25to35_EB2": 179.85463044978678,
    "ptcorr_25to35_EE": 212.786950760521,
    "ptcorr_35to50_EB1": 399.2373154107481,
    "ptcorr_35to50_EB2": 279.60125098284334,
    "ptcorr_35to50_EE": 277.1127410521731,
    "ptcorr_50to100_EB1": 708.2960973978043,
    "ptcorr_50to100_EB2": 461.2999839056283,
    "ptcorr_50to100_EE": 449.32585180643946
  },
  "PileupJetIDSF_Up": {
    "ptcorr_10to15_EB1": 124.42123501002789,
    "ptcorr_10to15_EB2": 60.16023252066225,
    "ptcorr_10to15_EE": 70.42293191794306,
    "ptcorr_15to20_EB1": 136.33028434216976,
    "ptcorr_15to20_EB2": 73.7563409935683,
    "ptcorr_15to20_EE": 95.95329861808568,
    "ptcorr_20to25_EB1": 135.98841534368694,
    "ptcorr_20to25_EB2": 83.07722188159823,
    "ptcorr_20to25_EE": 101.24026050698012,
    "ptcorr_25to35_EB1": 269.6324851298705,
    "ptcorr_25to35_EB2": 177.58309076167643,
    "ptcorr_25to35_EE": 208.98253516945988,
    "ptcorr_35to50_EB1": 394.7718471912667,
    "ptcorr_35to50_EB2": 276.05913550872356,
    "ptcorr_35to50_EE": 272.34911157470196,
    "ptcorr_50to100_EB1": 701.7889361679554,
    "ptcorr_50to100_EB2": 453.3100156839937,
    "ptcorr_50to100_EE": 446.08715557307005
  },
  "PileupJetIDSF_Down": {
    "ptcorr_10to15_EB1": 124.0121519267559,
    "ptcorr_10to15_EB2": 59.96793624665588,
    "ptcorr_10to15_EE": 70.22147338837385,
    "ptcorr_15to20_EB1": 135.93163756094873,
    "ptcorr_15to20_EB2": 73.53898453712463,
    "ptcorr_15to20_EE": 95.70340695884079,
    "ptcorr_20to25_EB1": 135.63471788726747,
    "ptcorr_20to25_EB2": 82.80945984087884,
    "ptcorr_20to25_EE": 100.96689219865948,
    "ptcorr_25to35_EB1": 268.98265170212835,
    "ptcorr_25to35_EB2": 177.19742542319,
    "ptcorr_25to35_EE": 208.4420027434826,
    "ptcorr_35to50_EB1": 393.856975318864,