{
  "observed": 86.1021692249924,
  "expected": 94.8214474786073,
  "difference": -0.09195470524305234,
  "max_bin_difference": 5.871108296135273,
  "max_bin_difference_bin": 152,
  "max_bin_difference_filtered": 2.919350183554102,
  "max_bin_difference_filtered_bin": 157,
  "snr_threshold": 3.0,
  "mass_range_min": 10.0,
  "mass_range_max": 160.0,
  "percentile_68_difference": 0.28320991644952687,
  "percentile_95_difference": 0.7293386368664745,
  "rms_bin_difference": 0.42435296525509547,
  "chi2": 368.11474069433945,
  "ndf": 265,
  "chi2_per_ndf": 1.3891122290352431,
  "p_value": 2.7836209282724535e-05,
  "closure_uncertainty_scale": 1.3,
  "recommended_systematic_pct": 30.000000000000004
}