{
  "syst": "TT",
  "observed": 155.67041835328564,
  "expected": 141.0009352596826,
  "difference": 0.10403819709838194,
  "max_bin_difference": 22.880094781616275,
  "max_bin_difference_bin": 136,
  "max_bin_difference_filtered": 0.7565654015365535,
  "max_bin_difference_filtered_bin": 57,
  "snr_threshold": 3.0,
  "mass_range_min": 10.0,
  "mass_range_max": 160.0,
  "percentile_68_difference": 0.1970930468749032,
  "percentile_95_difference": 0.5525004975408344,
  "rms_bin_difference": 0.2661677775592385,
  "chi2": 16.417258072572633,
  "ndf": 21,
  "chi2_per_ndf": 0.7817741939320302,
  "p_value": 0.7457678716226133,
  "closure_uncertainty_scale": 0.1,
  "recommended_systematic_pct": 90.0
}