{
  "syst": "TT",
  "observed": 157.6276368619874,
  "expected": 142.560358334973,
  "difference": 0.10569052086422899,
  "max_bin_difference": 35.38624890501549,
  "max_bin_difference_bin": 131,
  "max_bin_difference_filtered": 0.6243489139475586,
  "max_bin_difference_filtered_bin": 65,
  "snr_threshold": 3.0,
  "mass_range_min": 10.0,
  "mass_range_max": 160.0,
  "percentile_68_difference": 0.22134564303600066,
  "percentile_95_difference": 0.5764333844140535,
  "rms_bin_difference": 0.2543867833628715,
  "chi2": 15.591147655433025,
  "ndf": 21,
  "chi2_per_ndf": 0.7424356026396678,
  "p_value": 0.7921650768128541,
  "closure_uncertainty_scale": 0.1,
  "recommended_systematic_pct": 90.0
}