{
  "Mu8_loose_Central": 0.0004438078473183412,
  "Mu8_loose_PromptNorm_Up": 0.0005103790244160923,
  "Mu8_loose_PromptNorm_Down": 0.00037723667022059,
  "Mu8_loose_MotherJetPt_Up": 0.0004277896138827809,
  "Mu8_loose_MotherJetPt_Down": 0.0004427136656426825,
  "Mu8_loose_RequireHeavyTag": 0.0004740769230298871,
  "Mu8_loose_L1Prefire_Up": 0.0004469825858549344,
  "Mu8_loose_L1Prefire_Down": 0.0004406976198743951,
  "Mu8_loose_PileupReweight_Up": 0.00044842737928119276,
  "Mu8_loose_PileupReweight_Down": 0.0004396523183264887,
  "Mu8_loose_PileupJetIDSF_Up": 0.00044348421072052356,
  "Mu8_loose_PileupJetIDSF_Down": 0.00044413185301263975,
  "Mu8_loose_JetEn_Up": 0.0004198806265820978,
  "Mu8_loose_JetEn_Down": 0.0004666430283974928,
  "Mu8_loose_JetRes_Up": 0.0004428008245367363,
  "Mu8_loose_JetRes_Down": 0.00044474189902612255,
  "Mu8_loose_MuonEn_Up": 0.00044376096894533897,
  "Mu8_loose_MuonEn_Down": 0.00044383134732902345,
  "Mu8_loose_MuonRecoSF_Up": 0.00044341396110404464,
  "Mu8_loose_MuonRecoSF_Down": 0.0004442023603430299,
  "Mu8_loose_ElectronEn_Up": 0.000443807908298781,
  "Mu8_loose_ElectronEn_Down": 0.0004438068087851817,
  "Mu8_loose_ElectronRes_Up": 0.0004438078336498046,
  "Mu8_loose_ElectronRes_Down": 0.00044380783562144113,
  "Mu8_loose_UnclusteredEn_Up": 0.0004438078473183412,
  "Mu8_loose_UnclusteredEn_Down": 0.0004438078473183412,
  "Mu8_tight_Central": 0.00044286019077204887,
  "Mu8_tight_PromptNorm_Up": 0.0005092892193878562,
  "Mu8_tight_PromptNorm_Down": 0.00037643116215624155,
  "Mu8_tight_MotherJetPt_Up": 0.0004269639441716339,
  "Mu8_tight_MotherJetPt_Down": 0.0004392013208901548,
  "Mu8_tight_RequireHeavyTag": 0.0005013735030885034,
  "Mu8_tight_L1Prefire_Up": 0.0004460153189463354,
  "Mu8_tight_L1Prefire_Down": 0.0004397673766413434,
  "Mu8_tight_PileupReweight_Up": 0.0004488943500958782,
  "Mu8_tight_PileupReweight_Down": 0.00043733528066465744,
  "Mu8_tight_PileupJetIDSF_Up": 0.0004425382392533853,
  "Mu8_tight_PileupJetIDSF_Down": 0.00044318249552290973,
  "Mu8_tight_JetEn_Up": 0.00041890715059280504,
  "Mu8_tight_JetEn_Down": 0.00046571846155499827,
  "Mu8_tight_JetRes_Up": 0.0004418651247569642,
  "Mu8_tight_JetRes_Down": 0.00044380050168147094,
  "Mu8_tight_MuonEn_Up": 0.0004428342689590128,
  "Mu8_tight_MuonEn_Down": 0.00044285943658050605,
  "Mu8_tight_MuonRecoSF_Up": 0.00044246943377124166,
  "Mu8_tight_MuonRecoSF_Down": 0.0004432514657808559,
  "Mu8_tight_ElectronEn_Up": 0.00044286022152052545,
  "Mu8_tight_ElectronEn_Down": 0.0004428590543310814,
  "Mu8_tight_ElectronRes_Up": 0.00044286019077204887,
  "Mu8_tight_ElectronRes_Down": 0.00044286019077204887,
  "Mu8_tight_UnclusteredEn_Up": 0.00044286019077204887,
  "Mu8_tight_UnclusteredEn_Down": 0.00044286019077204887,
  "Mu17_loose_Central": 0.009095893221121339,
  "Mu17_loose_PromptNorm_Up": 0.010460277204289539,
  "Mu17_loose_PromptNorm_Down": 0.007731509237953138,
  "Mu17_loose_MotherJetPt_Up": 0.009124613221359273,
  "Mu17_loose_MotherJetPt_Down": 0.009333885645640647,
  "Mu17_loose_RequireHeavyTag": 0.009930820948889191,
  "Mu17_loose_L1Prefire_Up": 0.009161010023560958,
  "Mu17_loose_L1Prefire_Down": 0.009032083659090955,
  "Mu17_loose_PileupReweight_Up": 0.009190666765484527,
  "Mu17_loose_PileupReweight_Down": 0.009010568633832473,
  "Mu17_loose_PileupJetIDSF_Up": 0.009089264577190679,
  "Mu17_loose_PileupJetIDSF_Down": 0.009102528747151128,
  "Mu17_loose_JetEn_Up": 0.008606014129703627,
  "Mu17_loose_JetEn_Down": 0.00956317350602793,
  "Mu17_loose_JetRes_Up": 0.009075289432277244,
  "Mu17_loose_JetRes_Down": 0.009114989799394787,
  "Mu17_loose_MuonEn_Up": 0.009094946302622685,
  "Mu17_loose_MuonEn_Down": 0.009096449141445065,
  "Mu17_loose_MuonRecoSF_Up": 0.009087826422575131,
  "Mu17_loose_MuonRecoSF_Down": 0.009103971924129102,
  "Mu17_loose_ElectronEn_Up": 0.009095894477858834,
  "Mu17_loose_ElectronEn_Down": 0.009095871677380993,
  "Mu17_loose_ElectronRes_Up": 0.00909589293967089,
  "Mu17_loose_ElectronRes_Down": 0.009095892980540702,
  "Mu17_loose_UnclusteredEn_Up": 0.009095893221121339,
  "Mu17_loose_UnclusteredEn_Down": 0.009095893221121339,
  "Mu17_tight_Central": 0.008962931046307058,
  "Mu17_tight_PromptNorm_Up": 0.010307370703253115,
  "Mu17_tight_PromptNorm_Down": 0.007618491389360999,
  "Mu17_tight_MotherJetPt_Up": 0.008994029218044472,
  "Mu17_tight_MotherJetPt_Down": 0.009231159139016528,
  "Mu17_tight_RequireHeavyTag": 0.009771778815311381,
  "Mu17_tight_L1Prefire_Up": 0.009026837621353076,
  "Mu17_tight_L1Prefire_Down": 0.008900272577033496,
  "Mu17_tight_PileupReweight_Up": 0.009084985670292652,
  "Mu17_tight_PileupReweight_Down": 0.008851155734367275,
  "Mu17_tight_PileupJetIDSF_Up": 0.008956419088374702,
  "Mu17_tight_PileupJetIDSF_Down": 0.008969450143210088,
  "Mu17_tight_JetEn_Up": 0.00847857526199664,
  "Mu17_tight_JetEn_Down": 0.009424971910201935,
  "Mu17_tight_JetRes_Up": 0.00894280355564333,
  "Mu17_tight_JetRes_Down": 0.008981921158640006,
  "Mu17_tight_MuonEn_Up": 0.008962402483585563,
  "Mu17_tight_MuonEn_Down": 0.008963033861528068,
  "Mu17_tight_MuonRecoSF_Up": 0.008955027834611967,
  "Mu17_tight_MuonRecoSF_Down": 0.008970844625195823,
  "Mu17_tight_ElectronEn_Up": 0.008962931821183474,
  "Mu17_tight_ElectronEn_Down": 0.008962908123190977,
  "Mu17_tight_ElectronRes_Up": 0.008962931046307058,
  "Mu17_tight_ElectronRes_Down": 0.008962931046307058,
  "Mu17_tight_UnclusteredEn_Up": 0.008962931046307058,
  "Mu17_tight_UnclusteredEn_Down": 0.008962931046307058,
  "summary": {
    "Mu8_loose": {
      "central": 0.0004438078473183412,
      "stat": 3.5085,
      "L1Prefire_Up": 0.7153,
      "L1Prefire_Down": -0.7008,
      "PileupReweight_Up": 1.0409,
      "PileupReweight_Down": -0.9363,
      "PileupJetIDSF_Up": -0.0729,
      "PileupJetIDSF_Down": 0.073,
      "JetEn_Up": -5.3913,
      "JetEn_Down": 5.1453,
      "JetRes_Up": -0.2269,
      "JetRes_Down": 0.2105,
      "MuonEn_Up": -0.0106,
      "MuonEn_Down": 0.0053,
      "MuonRecoSF_Up": -0.0888,
      "MuonRecoSF_Down": 0.0889,
      "ElectronEn_Up": 0.0,
      "ElectronEn_Down": -0.0002,
      "ElectronRes_Up": -0.0,
      "ElectronRes_Down": -0.0,
      "UnclusteredEn_Up": 0.0,
      "UnclusteredEn_Down": 0.0,
      "total": 8.4223
    },
    "Mu8_tight": {
      "central": 0.00044286019077204887,
      "stat": 3.7099,
      "L1Prefire_Up": 0.7124,
      "L1Prefire_Down": -0.6984,
      "PileupReweight_Up": 1.3625,
      "PileupReweight_Down": -1.2476,
      "PileupJetIDSF_Up": -0.0727,
      "PileupJetIDSF_Down": 0.0728,
      "JetEn_Up": -5.4087,
      "JetEn_Down": 5.1615,
      "JetRes_Up": -0.2247,
      "JetRes_Down": 0.2123,
      "MuonEn_Up": -0.0059,
      "MuonEn_Down": -0.0002,
      "MuonRecoSF_Up": -0.0882,
      "MuonRecoSF_Down": 0.0884,
      "ElectronEn_Up": 0.0,
      "ElectronEn_Down": -0.0003,
      "ElectronRes_Up": 0.0,
      "ElectronRes_Down": 0.0,
      "UnclusteredEn_Up": 0.0,
      "UnclusteredEn_Down": 0.0,
      "total": 8.6133
    },
    "Mu17_loose": {
      "central": 0.009095893221121339,
      "stat": 0.7919,
      "L1Prefire_Up": 0.7159,
      "L1Prefire_Down": -0.7015,
      "PileupReweight_Up": 1.0419,
      "PileupReweight_Down": -0.9381,
      "PileupJetIDSF_Up": -0.0729,
      "PileupJetIDSF_Down": 0.073,
      "JetEn_Up": -5.3857,
      "JetEn_Down": 5.1373,
      "JetRes_Up": -0.2265,
      "JetRes_Down": 0.2099,
      "MuonEn_Up": -0.0104,
      "MuonEn_Down": 0.0061,
      "MuonRecoSF_Up": -0.0887,
      "MuonRecoSF_Down": 0.0888,
      "ElectronEn_Up": 0.0,
      "ElectronEn_Down": -0.0002,
      "ElectronRes_Up": -0.0,
      "ElectronRes_Down": -0.0,
      "UnclusteredEn_Up": 0.0,
      "UnclusteredEn_Down": 0.0,
      "total": 7.6887
    },
    "Mu17_tight": {
      "central": 0.008962931046307058,
      "stat": 0.842,
      "L1Prefire_Up": 0.713,
      "L1Prefire_Down": -0.6991,
      "PileupReweight_Up": 1.3618,
      "PileupReweight_Down": -1.2471,
      "PileupJetIDSF_Up": -0.0727,