{
  "Central": {
    "ptcorr_10to12_EB1": 9020.95573425293,
    "ptcorr_10to12_EB2": 4818.5886306762695,
    "ptcorr_10to12_EE": 3502.090156555176,
    "ptcorr_12to14_EB1": 9315.317626953125,
    "ptcorr_12to14_EB2": 5177.266250610352,
    "ptcorr_12to14_EE": 3590.6224975585938,
    "ptcorr_14to17_EB1": 13884.860748291016,
    "ptcorr_14to17_EB2": 7604.531295776367,
    "ptcorr_14to17_EE": 5825.802719116211,
    "ptcorr_17to20_EB1": 14757.328063964844,
    "ptcorr_17to20_EB2": 7731.740188598633,
    "ptcorr_17to20_EE": 5689.771469116211,
    "ptcorr_20to30_EB1": 47405.65270996094,
    "ptcorr_20to30_EB2": 26463.10577392578,
    "ptcorr_20to30_EE": 20152.541015625,
    "ptcorr_30to50_EB1": 69429.1669921875,
    "ptcorr_30to50_EB2": 51030.24182128906,
    "ptcorr_30to50_EE": 46126.038330078125,
    "ptcorr_50to100_EB1": 39782.5576171875,
    "ptcorr_50to100_EB2": 34262.359375,
    "ptcorr_50to100_EE": 34007.10754394531,
    "ptcorr_100to200_EB1": 5344.582778930664,
    "ptcorr_100to200_EB2": 4849.310531616211,
    "ptcorr_100to200_EE": 4983.347274780273
  },
  "MotherJetPt_Up": {
    "ptcorr_10to12_EB1": 2829.193504333496,
    "ptcorr_10to12_EB2": 1417.0747241973877,
    "ptcorr_10to12_EE": 1118.4565773010254,
    "ptcorr_12to14_EB1": 2774.8633728027344,
    "ptcorr_12to14_EB2": 1594.1907043457031,
    "ptcorr_12to14_EE": 1092.4070320129395,
    "ptcorr_14to17_EB1": 3971.796989440918,
    "ptcorr_14to17_EB2": 2390.427291870117,
    "ptcorr_14to17_EE": 1896.763843536377,
    "ptcorr_17to20_EB1": 4086.8998489379883,
    "ptcorr_17to20_EB2": 2413.4612579345703,
    "ptcorr_17to20_EE": 1719.3041343688965,
    "ptcorr_20to30_EB1": 12036.464630126953,
    "ptcorr_20to30_EB2": 7831.545211791992,
    "ptcorr_20to30_EE": 6179.645401000977,
    "ptcorr_30to50_EB1": 20013.037475585938,
    "ptcorr_30to50_EB2": 16516.541564941406,
    "ptcorr_30to50_EE": 19156.634033203125,
    "ptcorr_50to100_EB1": 23888.292236328125,
    "ptcorr_50to100_EB2": 20659.029418945312,
    "ptcorr_50to100_EE": 19708.682250976562,
    "ptcorr_100to200_EB1": 5095.963409423828,
    "ptcorr_100to200_EB2": 4523.322967529297,
    "ptcorr_100to200_EE": 4671.990211486816
  },
  "MotherJetPt_Down": {
    "ptcorr_10to12_EB1": 40337.06481933594,
    "ptcorr_10to12_EB2": 24886.617126464844,
    "ptcorr_10to12_EE": 18731.530700683594,
    "ptcorr_12to14_EB1": 43541.36193847656,
    "ptcorr_12to14_EB2": 26602.037353515625,
    "ptcorr_12to14_EE": 19263.013244628906,
    "ptcorr_14to17_EB1": 68356.25268554688,
    "ptcorr_14to17_EB2": 39838.107177734375,
    "ptcorr_14to17_EE": 29498.211547851562,
    "ptcorr_17to20_EB1": 71116.40966796875,
    "ptcorr_17to20_EB2": 37293.17761230469,
    "ptcorr_17to20_EE": 28835.148071289062,
    "ptcorr_20to30_EB1": 194569.763671875,
    "ptcorr_20to30_EB2": 102474.3681640625,
    "ptcorr_20to30_EE": 83613.98071289062,
    "ptcorr_30to50_EB1": 162774.68994140625,
    "ptcorr_30to50_EB2": 113831.42651367188,
    "ptcorr_30to50_EE": 105779.78930664062,
    "ptcorr_50to100_EB1": 53364.11962890625,
    "ptcorr_50to100_EB2": 47967.745849609375,
    "ptcorr_50to100_EE": 49362.60510253906,
    "ptcorr_100to200_EB1": 5508.839767456055,
    "ptcorr_100to200_EB2": 5030.084259033203,
    "ptcorr_100to200_EE": 5449.117248535156
  },
  "RequireHeavyTag": {
    "ptcorr_10to12_EB1": 713.1349382400513,
    "ptcorr_10to12_EB2": 382.3708519935608,
    "ptcorr_10to12_EE": 258.370054602623,
    "ptcorr_12to14_EB1": 658.0958013534546,
    "ptcorr_12to14_EB2": 350.02331829071045,
    "ptcorr_12to14_EE": 266.7394286394119,
    "ptcorr_14to17_EB1": 1025.872667312622,
    "ptcorr_14to17_EB2": 510.1494994163513,
    "ptcorr_14to17_EE": 383.72397232055664,
    "ptcorr_17to20_EB1": 1051.0096740722656,
    "ptcorr_17to20_EB2": 569.5327863693237,
    "ptcorr_17to20_EE": 346.93575620651245,
    "ptcorr_20to30_EB1": 3313.5342407226562,
    "ptcorr_20to30_EB2": 1593.8496780395508,
    "ptcorr_20to30_EE": 1224.5700569152832,
    "ptcorr_30to50_EB1": 3638.237258911133,
    "ptcorr_30to50_EB2": 2234.0988578796387,
    "ptcorr_30to50_EE": 1990.1953392028809,
    "ptcorr_50to100_EB1": 2213.268413543701,
    "ptcorr_50to100_EB2": 1723.1225929260254,
    "ptcorr_50to100_EE": 1480.2229080200195,
    "ptcorr_100to200_EB1": 381.83962178230286,
    "ptcorr_100to200_EB2": 288.3359593153,
    "ptcorr_100to200_EE": 303.39261400699615
  },
  "Stat": {
    "ptcorr_10to12_EB1": 188.387420642282,
    "ptcorr_10to12_EB2": 139.14742982821767,
    "ptcorr_10to12_EE": 121.49983200580525,
    "ptcorr_12to14_EB1": 191.18298150265016,
    "ptcorr_12to14_EB2": 141.49961621352347,
    "ptcorr_12to14_EE": 120.31434500325396,
    "ptcorr_14to17_EB1": 232.59380152903537,
    "ptcorr_14to17_EB2": 171.09671975090953,
    "ptcorr_14to17_EE": 148.56425622217986,
    "ptcorr_17to20_EB1": 232.31284185331427,
    "ptcorr_17to20_EB2": 170.5237335973415,
    "ptcorr_17to20_EE": 149.04586034380836,
    "ptcorr_20to30_EB1": 412.1861223597768,
    "ptcorr_20to30_EB2": 318.2567782924391,
    "ptcorr_20to30_EE": 279.6765429939651,
    "ptcorr_30to50_EB1": 495.1247007586387,
    "ptcorr_30to50_EB2": 426.15007857613836,
    "ptcorr_30to50_EE": 411.8861882834367,
    "ptcorr_50to100_EB1": 405.3260005131374,
    "ptcorr_50to100_EB2": 380.97641236152987,
    "ptcorr_50to100_EE": 384.04007090439404,
    "ptcorr_100to200_EB1": 151.30269667322983,
    "ptcorr_100to200_EB2": 143.5958192715853,
    "ptcorr_100to200_EE": 149.7613719909831
  }
}