process,threshold,initial_sensitivity,max_sensitivity,improvement
MHc-100_MA-95,0.51,1.315850758522531,1.689381536681526,0.28387016972836965
