{
  "syst": "TT",
  "observed": 86.16808281466365,
  "expected": 82.77192153106444,
  "difference": 0.04103035450644489,
  "max_bin_difference": 1.265081612007006,
  "max_bin_difference_bin": 103,
  "max_bin_difference_filtered": 1.2044709180911053,
  "max_bin_difference_filtered_bin": 149,
  "snr_threshold": 3.0,
  "mass_range_min": 10.0,
  "mass_range_max": 160.0,
  "percentile_68_difference": 0.30549509699034044,
  "percentile_95_difference": 0.7798285720572977,
  "rms_bin_difference": 0.356273016893683,
  "chi2": 15.485680688663821,
  "ndf": 14,
  "chi2_per_ndf": 1.106120049190273,
  "p_value": 0.34578034167873356,
  "closure_uncertainty_scale": 1.05,
  "recommended_systematic_pct": 5.000000000000004
}