{
  "syst": "ljet",
  "observed": 26.898268036544323,
  "expected": 48.68430395424366,
  "difference": -0.4474960952132564,
  "max_bin_difference": 0.0,
  "max_bin_difference_bin": -1,
  "max_bin_difference_filtered": 0.0,
  "max_bin_difference_filtered_bin": -1,
  "snr_threshold": 3.0,
  "mass_range_min": 10.0,
  "mass_range_max": 160.0,
  "percentile_68_difference": 0.0,
  "percentile_95_difference": 0.0,
  "rms_bin_difference": 0.0,
  "chi2": 6.2922989608729445,
  "ndf": 8,
  "chi2_per_ndf": 0.7865373701091181,
  "p_value": 0.6145261911671926,
  "closure_uncertainty_scale": 0.45,
  "recommended_systematic_pct": 55.00000000000001
}