{
  "syst": "cjet",
  "observed": 167.2924463097006,
  "expected": 131.49516594679153,
  "difference": 0.2722326718641061,
  "max_bin_difference": 30.190037186062046,
  "max_bin_difference_bin": 158,
  "max_bin_difference_filtered": 2.928554747207209,
  "max_bin_difference_filtered_bin": 126,
  "snr_threshold": 3.0,
  "mass_range_min": 10.0,
  "mass_range_max": 160.0,
  "percentile_68_difference": 0.4576740143104422,
  "percentile_95_difference": 0.8742693202517204,
  "rms_bin_difference": 0.6033711377213519,
  "chi2": 104.6941000324313,
  "ndf": 21,
  "chi2_per_ndf": 4.985433334877681,
  "p_value": 4.226208327346749e-13,
  "closure_uncertainty_scale": 4.05,
  "recommended_systematic_pct": 305.0
}