{
  "hyperparameters": {
    "signal": "MHc100_MA95",
    "channel": "Combined",
    "iteration": 2,
    "model_idx": 10,
    "num_hidden": 96,
    "optimizer": "Adam",
    "initial_lr": 0.0092,
    "weight_decay": 2e-05,
    "scheduler": "ExponentialLR",
    "pilot_mode": false,
    "num_classes": 4,
    "model_type": "ParticleNet",
    "num_node_features": 9,
    "num_graph_features": 8,
    "dropout_p": 0.4,
    "batch_size": 512,
    "train_folds": [
      0,
      1,
      2
    ],
    "valid_folds": [
      3
    ],
    "loss_type": "disco",
    "disco_lambda": 0.1
  },
  "training_summary": {
    "best_epoch": 28,
    "best_train_loss": 0.7945667566292929,
    "best_valid_loss": 0.7726459161704763,
    "best_train_acc": 0.47615234553813934,
    "best_valid_acc": 0.4918994605541229,
    "total_epochs": 39
  },
  "epoch_history": {
    "train_loss": [
      0.862330413922515,
      0.807050008415769,
      0.8039441417915423,
      0.8046720849776023,
      0.8039433085470883,
      0.8033792020517811,
      0.8040160612034716,
      0.8020721018924648,
      0.8015713740534343,
      0.8015894971203071,
      0.8018447823898784,
      0.8015363777863694,
      0.8001920420155183,
      0.7989607671015092,
      0.7996394967870094,
      0.7992992726609162,
      0.7990131573465497,
      0.797593204641505,
      0.7985727876526504,
      0.7980127953018344,
      0.7976841324425394,
      0.7970288898350842,
      0.7974334820952432,
      0.7963587529830152,
      0.7959254658669742,
      0.795218614181154,
      0.7950755565239708,
      0.7937211697418942,
      0.7945667566292929,
      0.794137844046635,
      0.7940401461344123,
      0.792368813993174,
      0.7928124125093323,
      0.7921436817572792,
      0.7926103507292556,
      0.790631551384519,
      0.7930194737561327,
      0.7910363519557914,
      0.7914355802047781
    ],
    "valid_loss": [
      0.7995206632882433,
      0.7883566151494565,
      0.7869866022368526,
      0.7936677664442136,
      0.7877696786085358,
      0.7903579750939098,
      0.7896099432045237,
      0.7875588653642503,
      0.7847272087545956,
      0.795762708424912,
      0.7843434365509111,
      0.7896031528482657,
      0.7888405255954284,
      0.7793575199058903,
      0.7801661967011668,
      0.7828147478420716,
      0.7823019588694853,
      0.7826757406639626,
      0.7781244068194533,
      0.7819909293328404,
      0.7808491348305626,
      0.7808222075557465,
      0.7763383870234575,
      0.7742237764246324,
      0.7807337768242487,
      0.7789445569753037,
      0.7796623054367807,
      0.7760535823109814,
      0.7726459161704763,
      0.7736687623631314,
      0.7735534043568174,
      0.7780376931895381,
      0.7729816875799232,
      0.7804674699788203,
      0.7743850278732417,
      0.7752804182984335,
      0.7769302407189098,
      0.77578836816656,
      0.774062603026095
    ],
    "train_acc": [
      0.3983503729104996,
      0.4640326499938965,
      0.4683065861463547,
      0.4684717357158661,
      0.4686410576105118,
      0.4695779159665108,
      0.46795471757650375,
      0.4685220867395401,
      0.4710950329899788,
      0.4700263664126396,
      0.47064514458179474,
      0.4709719493985176,
      0.47197772562503815,
      0.475696824491024,
      0.47335222363471985,
      0.4730818420648575,
      0.4749935269355774,
      0.4753735885024071,
      0.4751402586698532,
      0.4715316742658615,
      0.4751802459359169,
      0.4739861488342285,
      0.47401612997055054,
      0.4759373292326927,
      0.47565028816461563,
      0.47440994530916214,
      0.4761926233768463,
      0.47764619439840317,
      0.47615234553813934,
      0.4797068238258362,
      0.4760948643088341,
      0.47895340621471405,
      0.4786362797021866,
      0.4794556125998497,
      0.48050280660390854,
      0.4799574241042137,
      0.4763417989015579,
      0.4798892214894295,
      0.4815262630581856
    ],
    "valid_acc": [
      0.4648929461836815,
      0.4773748144507408,
      0.48206284642219543,
      0.4601440131664276,
      0.47740638256073,
      0.47729309648275375,
      0.4823998138308525,
      0.48598015308380127,
      0.4857521802186966,
      0.47942088544368744,
      0.48630040884017944,
      0.47415008395910263,
      0.474165391176939,
      0.4902926906943321,
      0.48353275656700134,
      0.4792573153972626,
      0.49323979020118713,
      0.4877583310008049,
      0.49162715673446655,
      0.48719141632318497,
      0.4858831390738487,
      0.49094805121421814,
      0.49399533867836,
      0.4970465302467346,
      0.48552732169628143,
      0.48463133722543716,
      0.4916788414120674,
      0.49133459478616714,
      0.4918994605541229,
      0.4945220574736595,
      0.4951925277709961,
      0.49131298065185547,
      0.497303731739521,
      0.4829700440168381,
      0.4942534938454628,
      0.49250639975070953,
      0.4940241649746895,
      0.4940110743045807,
      0.49459192156791687
    ],
    "epoch": [
      0,
      1,
      2,
      3,
      4,
      5,
      6,
      7,
      8,
      9,
      10,
      11,
      12,
      13,
      14,
      15,
      16,
      17,
      18,
      19,
      20,
      21,
      22,
      23,
      24,
      25,
      26,
      27,
      28,
      29,
      30,
      31,
      32,
      33,
      34,
      35,
      36,
      37,
      38
    ],
    "timestamp": [
      1772576906.0278847,
      1772577181.6075318,
      1772577465.7093,
      1772577749.6363018,
      1772578035.448934,
      1772578320.1653926,
      1772578603.965245,
      1772578887.2423735,
      1772579171.3247015,
      1772579457.4273734,
      1772579742.9223707,
      1772580028.5443714,
      1772580313.271759,
      1772580598.2861872,
      1772580883.8218565,
      1772581170.2157195,
      1772581456.2214167,
      1772581740.869811,
      1772582024.79641,
      1772582294.4218848,
      1772582565.7212987,
      1772582834.8897042,
      1772583105.5905528,
      1772583370.359738,
      1772583625.7501833,
      1772583881.5644107,
      1772584135.8811994,
      1772584390.7358232,
      1772584644.847512,
      1772584899.4658916,
      1772585153.32933,
      1772585407.9992607,
      1772585662.2964094,
      1772585915.8549292,
      1772586165.3528903,
      1772586402.9553232,
      1772586640.4309342,
      1772586878.017384,
      1772587116.4360764
    ],
    "train_ce_loss": [
      0.8165277444055056,
      0.7632249807335004,
      0.7600396393763328,
      0.7607795873548797,
      0.7606502886314848,
      0.7598818176944101,
      0.760552397995882,
      0.7586872518927164,
      0.757922025187634,
      0.7575550479083338,
      0.757528013947067,
      0.7579019395157746,
      0.7568269857672701,
      0.7554590003278882,
      0.7559421385921309,
      0.7557516616257385,
      0.7551017077862199,
      0.7541385812258965,
      0.7548752519152677,
      0.7546071817036781,
      0.7541873023015647,
      0.7539700932368484,
      0.7538905780978578,
      0.7531595831234708,
      0.7525085780655157,
      0.7522258657847655,
      0.7521561527109797,
      0.7507986737345266,
      0.7518361007139951,
      0.7510032898431752,
      0.7510021822749551,
      0.7493619065185049,
      0.7498079304656478,
      0.7494095520405639,
      0.7493325723875505,
      0.7482470343137357,
      0.7499589741535154,
      0.7485499931785434,
      0.7486762118370053
    ],