{
  "hyperparameters": {
    "signal": "MHc100_MA95",
    "channel": "Combined",
    "iteration": 2,
    "model_idx": 6,
    "num_hidden": 96,
    "optimizer": "Adam",
    "initial_lr": 0.002,
    "weight_decay": 4e-05,
    "scheduler": "CyclicLR",
    "pilot_mode": false,
    "num_classes": 4,
    "model_type": "ParticleNet",
    "num_node_features": 9,
    "num_graph_features": 8,
    "dropout_p": 0.4,
    "batch_size": 512,
    "train_folds": [
      0,
      1,
      2
    ],
    "valid_folds": [
      3
    ],
    "loss_type": "disco",
    "disco_lambda": 0.1
  },
  "training_summary": {
    "best_epoch": 40,
    "best_train_loss": 0.7703341851869134,
    "best_valid_loss": 0.747784626758312,
    "best_train_acc": 0.4998959079384804,
    "best_valid_acc": 0.5143527612090111,
    "total_epochs": 51
  },
  "epoch_history": {
    "train_loss": [
      1.0583558587084045,
      0.8997546511705418,
      0.8298031543302048,
      0.8086354122226962,
      0.7986296565866308,
      0.794400263971843,
      0.7908696509872281,
      0.78792168418702,
      0.7826921378386306,
      0.7870132394211284,
      0.7933693322712244,
      0.7953522457604523,
      0.7933489177821033,
      0.7895457817832765,
      0.7859713713870521,
      0.7826578706604629,
      0.7788824400397291,
      0.7827209889278477,
      0.7875846368054075,
      0.7912400281469977,
      0.7884724587710644,
      0.783974084430994,
      0.7803314521451046,
      0.7767336067486135,
      0.7736901813806527,
      0.7773050041328925,
      0.7827081777943686,
      0.7877668569519252,
      0.7855982861828071,
      0.7818915982295221,
      0.7789483184293675,
      0.7755400882239227,
      0.7707487763805194,
      0.7745805551574498,
      0.7817383854055567,
      0.7870327165102389,
      0.7839194027637052,
      0.7814628939579779,
      0.7769178579284877,
      0.7741084700965231,
      0.7703341851869134,
      0.7748279246047088,
      0.780887434506986,
      0.7855604777157104,
      0.7835532959817619,
      0.7805773634145691,
      0.7766901218036742,
      0.7733144922874894,
      0.7694644862881292,
      0.7730922243294048,
      0.7806821439046502
    ],
    "valid_loss": [
      0.9975098905051151,
      0.8688326394161605,
      0.8016586889086477,
      0.7869521821551311,
      0.7822618411325127,
      0.784884947949968,
      0.775969366283368,
      0.7710824951796276,
      0.7677016782638667,
      0.7713185966472187,
      0.7742475036464994,
      0.7786969821471388,
      0.7774233610733695,
      0.7742292399296675,
      0.7697689124690298,
      0.7639378696451407,
      0.7616740273087835,
      0.7673453796855019,
      0.7670846143951806,
      0.7704697240648977,
      0.7699146319533248,
      0.7619340901484575,
      0.7597031849424553,
      0.7554019235284127,
      0.7515531964314258,
      0.7536232404391784,
      0.7615591376029012,
      0.7613135140265346,
      0.7628598420516305,
      0.7589822364280291,
      0.7578661203994166,
      0.7543078956701567,
      0.7497572642762947,
      0.7545332262278213,
      0.7618048392293398,
      0.767541987816696,
      0.7621172736672794,
      0.755997367527174,
      0.7548394166600064,
      0.7514570387428069,
      0.747784626758312,
      0.7507418659337036,
      0.7595380309902494,
      0.7647074433543798,
      0.7599286716002638,
      0.7541449271199648,
      0.7564055694033728,
      0.7527265231627638,
      0.7485911181515745,
      0.7505138036235214,
      0.7587786037903612
    ],
    "train_acc": [
      0.26459113880991936,
      0.3381097912788391,
      0.4328243285417557,
      0.461420014500618,
      0.4734015166759491,
      0.47671424597501755,
      0.47917038202285767,
      0.48188792169094086,
      0.4883250296115875,
      0.48425765335559845,
      0.477576844394207,
      0.47588296234607697,
      0.4755943492054939,
      0.4814149737358093,
      0.4865056127309799,
      0.48753391951322556,
      0.49151884764432907,
      0.4874761924147606,
      0.48412495106458664,
      0.48151279240846634,
      0.4801795184612274,
      0.4871494323015213,
      0.490046463906765,
      0.4914296641945839,
      0.4952680543065071,
      0.49369998276233673,
      0.4889173284173012,
      0.48524611443281174,
      0.4845041409134865,
      0.48840027302503586,
      0.4914054647088051,
      0.494651697576046,
      0.49987807869911194,
      0.49347881972789764,
      0.4884764328598976,
      0.48440565913915634,
      0.48658183962106705,
      0.49050235748291016,
      0.4951895922422409,
      0.49654610455036163,
      0.4998959079384804,
      0.4947238117456436,
      0.4909467101097107,
      0.48595764487981796,
      0.48734335601329803,
      0.4920652285218239,
      0.49469029158353806,
      0.49686001241207123,
      0.5015245750546455,
      0.49486351013183594,
      0.4924904927611351
    ],
    "valid_acc": [
      0.25,
      0.40714071352203973,
      0.4767911732196808,
      0.4860193803906441,
      0.4835919290781021,
      0.4781162440776825,
      0.4919649511575699,
      0.49646852910518646,
      0.49658025801181793,
      0.49650708585977554,
      0.49213454872369766,
      0.4848438873887062,
      0.48759788274765015,
      0.4950214773416519,
      0.49700263142585754,
      0.5033689141273499,
      0.5047141164541245,
      0.49757084995508194,
      0.497562013566494,
      0.4957101047039032,
      0.49561403691768646,
      0.5036639869213104,
      0.5068186745047569,
      0.5099291354417801,
      0.5099918246269226,
      0.5089110881090164,
      0.5031553581357002,
      0.505007378757,
      0.5077733993530273,
      0.5057107359170914,
      0.5105715170502663,
      0.509741522371769,
      0.5146951526403427,
      0.5112199634313583,
      0.5047354698181152,
      0.49816659837961197,
      0.5018760934472084,
      0.5075565576553345,
      0.5128511264920235,
      0.5115387439727783,
      0.5143527612090111,
      0.5143881887197495,
      0.5039235502481461,
      0.5008298382163048,
      0.5103727579116821,
      0.5118743404746056,
      0.509336531162262,
      0.5105071291327477,
      0.5139933153986931,
      0.5135147869586945,
      0.50737714022398
    ],
    "epoch": [
      0,
      1,
      2,
      3,
      4,
      5,
      6,
      7,
      8,
      9,
      10,
      11,
      12,
      13,
      14,
      15,
      16,
      17,
      18,
      19,
      20,
      21,
      22,
      23,
      24,
      25,
      26,
      27,
      28,
      29,
      30,
      31,
      32,
      33,
      34,
      35,
      36,
      37,
      38,
      39,
      40,
      41,
      42,
      43,
      44,
      45,
      46,
      47,
      48,
      49,
      50
    ],