{
  "Central": {
    "ptcorr_10to15_EB1": 7079.688954666257,
    "ptcorr_10to15_EB2": 4028.069798618555,
    "ptcorr_10to15_EE": 4214.72667683661,
    "ptcorr_15to20_EB1": 10354.892068073153,
    "ptcorr_15to20_EB2": 6205.773241072893,
    "ptcorr_15to20_EE": 7074.065269008279,
    "ptcorr_20to25_EB1": 17784.776645109057,
    "ptcorr_20to25_EB2": 9489.070785611868,
    "ptcorr_20to25_EE": 9278.53820644319,
    "ptcorr_25to35_EB1": 61539.58347137272,
    "ptcorr_25to35_EB2": 25088.529554367065,
    "ptcorr_25to35_EE": 25886.270857065916,
    "ptcorr_35to50_EB1": 83631.75321546197,
    "ptcorr_35to50_EB2": 58422.29586480558,
    "ptcorr_35to50_EE": 61354.615651622415,
    "ptcorr_50to100_EB1": 20835.3049492985,
    "ptcorr_50to100_EB2": 17199.51576858759,
    "ptcorr_50to100_EE": 20339.37913426757
  },
  "MotherJetPt_Up": {
    "ptcorr_10to15_EB1": 2529.826401025057,
    "ptcorr_10to15_EB2": 1399.8105364143848,
    "ptcorr_10to15_EE": 1385.7069580852985,
    "ptcorr_15to20_EB1": 3391.4535600095987,
    "ptcorr_15to20_EB2": 1830.0495218485594,
    "ptcorr_15to20_EE": 2237.123037353158,
    "ptcorr_20to25_EB1": 4956.554264456034,
    "ptcorr_20to25_EB2": 2567.4940964728594,
    "ptcorr_20to25_EE": 2928.802937299013,
    "ptcorr_25to35_EB1": 14665.514334067702,
    "ptcorr_25to35_EB2": 8439.211858168244,
    "ptcorr_25to35_EE": 9306.804166808724,
    "ptcorr_35to50_EB1": 20758.28933569789,
    "ptcorr_35to50_EB2": 21926.56480358541,
    "ptcorr_35to50_EE": 28329.525750502944,
    "ptcorr_50to100_EB1": 10756.301154404879,
    "ptcorr_50to100_EB2": 8386.970700919628,
    "ptcorr_50to100_EE": 10466.309236943722
  },
  "MotherJetPt_Down": {
    "ptcorr_10to15_EB1": 11745.416935354471,
    "ptcorr_10to15_EB2": 6612.449595823884,
    "ptcorr_10to15_EE": 7518.270477056503,
    "ptcorr_15to20_EB1": 16947.150472834706,
    "ptcorr_15to20_EB2": 11206.906310915947,
    "ptcorr_15to20_EE": 12780.975573927164,
    "ptcorr_20to25_EB1": 28604.584505274892,
    "ptcorr_20to25_EB2": 17683.79927714169,
    "ptcorr_20to25_EE": 15734.043130978942,
    "ptcorr_25to35_EB1": 82848.60074856877,
    "ptcorr_25to35_EB2": 36457.71667805314,
    "ptcorr_25to35_EE": 36079.00363846123,
    "ptcorr_35to50_EB1": 93402.18050019443,
    "ptcorr_35to50_EB2": 64034.5289311111,
    "ptcorr_35to50_EE": 68549.12504886091,
    "ptcorr_50to100_EB1": 25305.238116666675,
    "ptcorr_50to100_EB2": 20186.072512358427,
    "ptcorr_50to100_EE": 24558.68572026491
  },
  "RequireHeavyTag": {
    "ptcorr_10to15_EB1": 272.7941799610853,
    "ptcorr_10to15_EB2": 120.30198776721954,
    "ptcorr_10to15_EE": 164.96018561720848,
    "ptcorr_15to20_EB1": 318.12592555582523,
    "ptcorr_15to20_EB2": 231.02685467898846,
    "ptcorr_15to20_EE": 269.9565642774105,
    "ptcorr_20to25_EB1": 364.34966999292374,
    "ptcorr_20to25_EB2": 215.2605162858963,
    "ptcorr_20to25_EE": 239.27192676067352,
    "ptcorr_25to35_EB1": 875.2308520674706,
    "ptcorr_25to35_EB2": 470.14266192913055,
    "ptcorr_25to35_EE": 554.7387581020594,
    "ptcorr_35to50_EB1": 829.5133869946003,
    "ptcorr_35to50_EB2": 644.2261451631784,
    "ptcorr_35to50_EE": 701.8858305066824,
    "ptcorr_50to100_EB1": 824.7045195996761,
    "ptcorr_50to100_EB2": 625.1681405454874,
    "ptcorr_50to100_EE": 667.0934737026691
  },
  "L1Prefire_Up": {
    "ptcorr_10to15_EB1": 7079.688954666257,
    "ptcorr_10to15_EB2": 4028.069798618555,
    "ptcorr_10to15_EE": 4214.72667683661,
    "ptcorr_15to20_EB1": 10354.892068073153,
    "ptcorr_15to20_EB2": 6205.773241072893,
    "ptcorr_15to20_EE": 7074.065269008279,
    "ptcorr_20to25_EB1": 17784.776645109057,
    "ptcorr_20to25_EB2": 9489.070785611868,
    "ptcorr_20to25_EE": 9278.53820644319,
    "ptcorr_25to35_EB1": 61539.58347137272,
    "ptcorr_25to35_EB2": 25088.529554367065,
    "ptcorr_25to35_EE": 25886.270857065916,
    "ptcorr_35to50_EB1": 83631.75321546197,
    "ptcorr_35to50_EB2": 58422.29586480558,
    "ptcorr_35to50_EE": 61354.615651622415,
    "ptcorr_50to100_EB1": 20835.3049492985,
    "ptcorr_50to100_EB2": 17199.51576858759,
    "ptcorr_50to100_EE": 20339.37913426757
  },
  "L1Prefire_Down": {
    "ptcorr_10to15_EB1": 7079.688954666257,
    "ptcorr_10to15_EB2": 4028.069798618555,
    "ptcorr_10to15_EE": 4214.72667683661,
    "ptcorr_15to20_EB1": 10354.892068073153,
    "ptcorr_15to20_EB2": 6205.773241072893,
    "ptcorr_15to20_EE": 7074.065269008279,
    "ptcorr_20to25_EB1": 17784.776645109057,
    "ptcorr_20to25_EB2": 9489.070785611868,
    "ptcorr_20to25_EE": 9278.53820644319,
    "ptcorr_25to35_EB1": 61539.58347137272,
    "ptcorr_25to35_EB2": 25088.529554367065,
    "ptcorr_25to35_EE": 25886.270857065916,
    "ptcorr_35to50_EB1": 83631.75321546197,
    "ptcorr_35to50_EB2": 58422.29586480558,
    "ptcorr_35to50_EE": 61354.615651622415,
    "ptcorr_50to100_EB1": 20835.3049492985,
    "ptcorr_50to100_EB2": 17199.51576858759,
    "ptcorr_50to100_EE": 20339.37913426757
  },
  "PileupReweight_Up": {
    "ptcorr_10to15_EB1": 6966.599150761962,
    "ptcorr_10to15_EB2": 3930.0109106600285,
    "ptcorr_10to15_EE": 4088.4530358612537,
    "ptcorr_15to20_EB1": 10186.066048711538,
    "ptcorr_15to20_EB2": 6099.97861815989,
    "ptcorr_15to20_EE": 6886.125137656927,
    "ptcorr_20to25_EB1": 17533.904485553503,
    "ptcorr_20to25_EB2": 9324.662052482367,
    "ptcorr_20to25_EE": 9092.902691721916,
    "ptcorr_25to35_EB1": 60497.93172544241,
    "ptcorr_25to35_EB2": 24708.81033603847,
    "ptcorr_25to35_EE": 25397.05260667205,
    "ptcorr_35to50_EB1": 82018.64077469707,
    "ptcorr_35to50_EB2": 57337.99624092877,
    "ptcorr_35to50_EE": 60155.27669709921,
    "ptcorr_50to100_EB1": 20490.274734333158,
    "ptcorr_50to100_EB2": 16876.265721276402,
    "ptcorr_50to100_EE": 19919.325426489115
  },
  "PileupReweight_Down": {
    "ptcorr_10to15_EB1": 7188.321096129715,
    "ptcorr_10to15_EB2": 4127.41079942137,
    "ptcorr_10to15_EE": 4348.246369544417,
    "ptcorr_15to20_EB1": 10523.77802316472,
    "ptcorr_15to20_EB2": 6313.9987023063,
    "ptcorr_15to20_EE": 7260.080053403974,
    "ptcorr_20to25_EB1": 18058.862287502736,
    "ptcorr_20to25_EB2": 9653.229141622782,
    "ptcorr_20to25_EE": 9473.073143325746,
    "ptcorr_25to35_EB1": 62566.299431119114,
    "ptcorr_25to35_EB2": 25470.965472772717,
    "ptcorr_25to35_EE": 26371.590170376003,
    "ptcorr_35to50_EB1": 85218.48566922173,
    "ptcorr_35to50_EB2": 59468.6553231515,
    "ptcorr_35to50_EE": 62535.87020622939,
    "ptcorr_50to100_EB1": 21185.099555339664,
    "ptcorr_50to100_EB2": 17525.06304879859,
    "ptcorr_50to100_EE": 20786.564725052565
  },
  "JetEn_Up": {
    "ptcorr_10to15_EB1": 7363.738538146019,
    "ptcorr_10to15_EB2": 4202.557833522558,
    "ptcorr_10to15_EE": 4481.872856467962,
    "ptcorr_15to20_EB1": 10710.678280368447,
    "ptcorr_15to20_EB2": 6580.099923610687,
    "ptcorr_15to20_EE": 7437.546030566096,
    "ptcorr_20to25_EB1": 18918.581590130925,
    "ptcorr_20to25_EB2": 10366.457513049245,
    "ptcorr_20to25_EE": 9771.97287403047,
    "ptcorr_25to35_EB1": 63951.94538855553,
    "ptcorr_25to35_EB2": 26253.64139918983,
    "ptcorr_25to35_EE": 26697.293907001615,
    "ptcorr_35to50_EB1": 83003.27316738665,
    "ptcorr_35to50_EB2": 56901.343237012625,
    "ptcorr_35to50_EE": 60811.87468992174,
    "ptcorr_50to100_EB1": 20679.682756453753,
    "ptcorr_50to100_EB2": 16774.625893190503,
    "ptcorr_50to100_EE": 20173.15042063594
  },
  "JetEn_Down": {
    "ptcorr_10to15_EB1": 6752.13954372704,
    "ptcorr_10to15_EB2": 3797.716410845518,
    "ptcorr_10to15_EE": 3798.029963120818,
    "ptcorr_15to20_EB1": 9781.267138808966,
    "ptcorr_15to20_EB2": 5731.8706137388945,
    "ptcorr_15to20_EE": 6425.771259471774,
    "ptcorr_20to25_EB1": 16317.41927215457,
    "ptcorr_20to25_EB2": 8556.633605495095,
    "ptcorr_20to25_EE": 8788.931818857789,
    "ptcorr_25to35_EB1": 57555.66957128048,
    "ptcorr_25to35_EB2": 23478.452214971185,
    "ptcorr_25to35_EE": 24525.45520852506,
    "ptcorr_35to50_EB1": 82431.59357756376,