{
  "Central": {
    "ptcorr_10to15_EB1": 1.596425094641745,
    "ptcorr_10to15_EB2": 0.8300834130495787,
    "ptcorr_10to15_EE": 1.0374277802184224,
    "ptcorr_15to20_EB1": 1.7968257083557546,
    "ptcorr_15to20_EB2": 1.0636436943896115,
    "ptcorr_15to20_EE": 1.6611869158223271,
    "ptcorr_20to25_EB1": 2.9216862828470767,
    "ptcorr_20to25_EB2": 1.7951007918454707,
    "ptcorr_20to25_EE": 1.780775086954236,
    "ptcorr_25to35_EB1": 7.642914406955242,
    "ptcorr_25to35_EB2": 4.215467850677669,
    "ptcorr_25to35_EE": 3.6335378531366587,
    "ptcorr_35to50_EB1": 10.40704020857811,
    "ptcorr_35to50_EB2": 5.804931954946369,
    "ptcorr_35to50_EE": 5.632902062498033,
    "ptcorr_50to100_EB1": 12.816200632601976,
    "ptcorr_50to100_EB2": 8.30281596025452,
    "ptcorr_50to100_EE": 6.327436645049602
  },
  "MotherJetPt_Up": {
    "ptcorr_10to15_EB1": 1.1293066181242466,
    "ptcorr_10to15_EB2": 0.5930434390902519,
    "ptcorr_10to15_EE": 0.6762321665883064,
    "ptcorr_15to20_EB1": 1.2876989399082959,
    "ptcorr_15to20_EB2": 0.6251306827180088,
    "ptcorr_15to20_EE": 1.1084456844255328,
    "ptcorr_20to25_EB1": 1.7679513129405677,
    "ptcorr_20to25_EB2": 1.13420325005427,
    "ptcorr_20to25_EE": 1.3134812386706471,
    "ptcorr_25to35_EB1": 4.725011623464525,
    "ptcorr_25to35_EB2": 2.8857401460409164,
    "ptcorr_25to35_EE": 2.416249363683164,
    "ptcorr_35to50_EB1": 7.090045175049454,
    "ptcorr_35to50_EB2": 4.500202901661396,
    "ptcorr_35to50_EE": 3.6966438866220415,
    "ptcorr_50to100_EB1": 9.448772494215518,
    "ptcorr_50to100_EB2": 5.9627909399569035,
    "ptcorr_50to100_EE": 4.895682606380433
  },
  "MotherJetPt_Down": {
    "ptcorr_10to15_EB1": 1.7757519967854023,
    "ptcorr_10to15_EB2": 1.0525449169799685,
    "ptcorr_10to15_EE": 1.1878523537889123,
    "ptcorr_15to20_EB1": 2.128849572967738,
    "ptcorr_15to20_EB2": 1.4180895811878145,
    "ptcorr_15to20_EE": 1.9291357789188623,
    "ptcorr_20to25_EB1": 3.3495053919032216,
    "ptcorr_20to25_EB2": 1.826667154673487,
    "ptcorr_20to25_EE": 1.9539687056094408,
    "ptcorr_25to35_EB1": 8.486518888734281,
    "ptcorr_25to35_EB2": 4.870859831571579,
    "ptcorr_25to35_EE": 3.9759394163265824,
    "ptcorr_35to50_EB1": 11.3032454890199,
    "ptcorr_35to50_EB2": 7.048908793833107,
    "ptcorr_35to50_EE": 6.634350534528494,
    "ptcorr_50to100_EB1": 13.640731697902083,
    "ptcorr_50to100_EB2": 9.09175693942234,
    "ptcorr_50to100_EE": 6.807015322614461
  },
  "RequireHeavyTag": {
    "ptcorr_10to15_EB1": 1.540840145200491,
    "ptcorr_10to15_EB2": 0.5852486742660403,
    "ptcorr_10to15_EE": 0.659903964959085,
    "ptcorr_15to20_EB1": 1.2894334900192916,
    "ptcorr_15to20_EB2": 0.7299771173857152,
    "ptcorr_15to20_EE": 1.1471934271976352,
    "ptcorr_20to25_EB1": 2.125510956160724,
    "ptcorr_20to25_EB2": 1.2542636040598154,
    "ptcorr_20to25_EE": 1.2148503623902798,
    "ptcorr_25to35_EB1": 7.000068686436862,
    "ptcorr_25to35_EB2": 3.620537417009473,
    "ptcorr_25to35_EE": 2.167112026363611,
    "ptcorr_35to50_EB1": 8.453311511781067,
    "ptcorr_35to50_EB2": 4.433181855361909,
    "ptcorr_35to50_EE": 4.110664231702685,
    "ptcorr_50to100_EB1": 10.172469364479184,
    "ptcorr_50to100_EB2": 6.55879761883989,
    "ptcorr_50to100_EE": 4.314721599686891
  },
  "L1Prefire_Up": {
    "ptcorr_10to15_EB1": 1.596425094641745,
    "ptcorr_10to15_EB2": 0.8300834130495787,
    "ptcorr_10to15_EE": 1.0374277802184224,
    "ptcorr_15to20_EB1": 1.7968257083557546,
    "ptcorr_15to20_EB2": 1.0636436943896115,
    "ptcorr_15to20_EE": 1.6611869158223271,
    "ptcorr_20to25_EB1": 2.9216862828470767,
    "ptcorr_20to25_EB2": 1.7951007918454707,
    "ptcorr_20to25_EE": 1.780775086954236,
    "ptcorr_25to35_EB1": 7.642914406955242,
    "ptcorr_25to35_EB2": 4.215467850677669,
    "ptcorr_25to35_EE": 3.6335378531366587,
    "ptcorr_35to50_EB1": 10.40704020857811,
    "ptcorr_35to50_EB2": 5.804931954946369,
    "ptcorr_35to50_EE": 5.632902062498033,
    "ptcorr_50to100_EB1": 12.816200632601976,
    "ptcorr_50to100_EB2": 8.30281596025452,
    "ptcorr_50to100_EE": 6.327436645049602
  },
  "L1Prefire_Down": {
    "ptcorr_10to15_EB1": 1.596425094641745,
    "ptcorr_10to15_EB2": 0.8300834130495787,
    "ptcorr_10to15_EE": 1.0374277802184224,
    "ptcorr_15to20_EB1": 1.7968257083557546,
    "ptcorr_15to20_EB2": 1.0636436943896115,
    "ptcorr_15to20_EE": 1.6611869158223271,
    "ptcorr_20to25_EB1": 2.9216862828470767,
    "ptcorr_20to25_EB2": 1.7951007918454707,
    "ptcorr_20to25_EE": 1.780775086954236,
    "ptcorr_25to35_EB1": 7.642914406955242,
    "ptcorr_25to35_EB2": 4.215467850677669,
    "ptcorr_25to35_EE": 3.6335378531366587,
    "ptcorr_35to50_EB1": 10.40704020857811,
    "ptcorr_35to50_EB2": 5.804931954946369,
    "ptcorr_35to50_EE": 5.632902062498033,
    "ptcorr_50to100_EB1": 12.816200632601976,
    "ptcorr_50to100_EB2": 8.30281596025452,
    "ptcorr_50to100_EE": 6.327436645049602
  },
  "PileupReweight_Up": {
    "ptcorr_10to15_EB1": 1.5876384200528264,
    "ptcorr_10to15_EB2": 0.8242133716121316,
    "ptcorr_10to15_EE": 0.9725471241399646,
    "ptcorr_15to20_EB1": 1.783858751412481,
    "ptcorr_15to20_EB2": 1.102794417180121,
    "ptcorr_15to20_EE": 1.639446150045842,
    "ptcorr_20to25_EB1": 2.898865258321166,
    "ptcorr_20to25_EB2": 1.8485430064611137,
    "ptcorr_20to25_EE": 1.664836827199906,
    "ptcorr_25to35_EB1": 7.579585443716496,
    "ptcorr_25to35_EB2": 4.046686866786331,
    "ptcorr_25to35_EE": 3.596421870868653,
    "ptcorr_35to50_EB1": 10.333705919794738,
    "ptcorr_35to50_EB2": 5.749271823558956,
    "ptcorr_35to50_EE": 5.642083232756704,
    "ptcorr_50to100_EB1": 12.523263300769031,
    "ptcorr_50to100_EB2": 8.104074236936867,
    "ptcorr_50to100_EE": 6.245718175545335
  },
  "PileupReweight_Down": {
    "ptcorr_10to15_EB1": 1.572951043723151,
    "ptcorr_10to15_EB2": 0.834429222624749,
    "ptcorr_10to15_EE": 1.1175846783444285,
    "ptcorr_15to20_EB1": 1.8228343252558261,
    "ptcorr_15to20_EB2": 1.0075952818151563,
    "ptcorr_15to20_EE": 1.661234937608242,
    "ptcorr_20to25_EB1": 2.9099932209355757,
    "ptcorr_20to25_EB2": 1.7661988933105022,
    "ptcorr_20to25_EE": 1.921490448527038,
    "ptcorr_25to35_EB1": 7.73797816853039,
    "ptcorr_25to35_EB2": 4.375573655124754,
    "ptcorr_25to35_EE": 3.667527890065685,
    "ptcorr_35to50_EB1": 10.488757128827274,
    "ptcorr_35to50_EB2": 5.8818869347451255,
    "ptcorr_35to50_EE": 5.558934902539477,
    "ptcorr_50to100_EB1": 13.052197235869244,
    "ptcorr_50to100_EB2": 8.524938126676716,
    "ptcorr_50to100_EE": 6.443490728037432
  },
  "JetEn_Up": {
    "ptcorr_10to15_EB1": 1.5279858829453588,
    "ptcorr_10to15_EB2": 0.7686747070401907,
    "ptcorr_10to15_EE": 1.0311621567234397,
    "ptcorr_15to20_EB1": 1.7327600154094398,
    "ptcorr_15to20_EB2": 1.1477190260775387,
    "ptcorr_15to20_EE": 1.79964504763484,
    "ptcorr_20to25_EB1": 2.947854373138398,
    "ptcorr_20to25_EB2": 2.0949264862574637,
    "ptcorr_20to25_EE": 1.3559443671256304,
    "ptcorr_25to35_EB1": 6.768379454500973,
    "ptcorr_25to35_EB2": 4.091194084845483,
    "ptcorr_25to35_EE": 3.373917601071298,
    "ptcorr_35to50_EB1": 9.957576220855117,
    "ptcorr_35to50_EB2": 5.3379693371243775,
    "ptcorr_35to50_EE": 5.842970407567918,
    "ptcorr_50to100_EB1": 12.178909173700958,
    "ptcorr_50to100_EB2": 7.554995883721858,
    "ptcorr_50to100_EE": 5.892059205565602
  },
  "JetEn_Down": {
    "ptcorr_10to15_EB1": 1.5809435928240418,
    "ptcorr_10to15_EB2": 0.896456515416503,
    "ptcorr_10to15_EE": 1.1693699825555086,
    "ptcorr_15to20_EB1": 1.9523001401685178,
    "ptcorr_15to20_EB2": 1.1751150176860392,
    "ptcorr_15to20_EE": 1.690717295743525,
    "ptcorr_20to25_EB1": 3.118208692409098,
    "ptcorr_20to25_EB2": 1.5231969356536865,
    "ptcorr_20to25_EE": 1.8310487437993288,
    "ptcorr_25to35_EB1": 8.612823818344623,
    "ptcorr_25to35_EB2": 4.746516743674874,
    "ptcorr_25to35_EE": 3.8836830407381058,
    "ptcorr_35to50_EB1": 11.205982799176127,