{
  "Central": {
    "ptcorr_10to15_EB1": 119.99701724201441,
    "ptcorr_10to15_EB2": 67.4610079601407,
    "ptcorr_10to15_EE": 76.08351539820433,
    "ptcorr_15to20_EB1": 109.31672132387757,
    "ptcorr_15to20_EB2": 60.084818199276924,
    "ptcorr_15to20_EE": 79.53737074136734,
    "ptcorr_20to25_EB1": 98.06282525509596,
    "ptcorr_20to25_EB2": 61.50570663064718,
    "ptcorr_20to25_EE": 70.4685214087367,
    "ptcorr_25to35_EB1": 196.74409263581038,
    "ptcorr_25to35_EB2": 117.43753673881292,
    "ptcorr_25to35_EE": 108.95121843367815,
    "ptcorr_35to50_EB1": 234.01086519658566,
    "ptcorr_35to50_EB2": 135.02671261876822,
    "ptcorr_35to50_EE": 125.04122396558523,
    "ptcorr_50to100_EB1": 301.5638093575835,
    "ptcorr_50to100_EB2": 168.57232197374105,
    "ptcorr_50to100_EE": 116.91554383933544
  },
  "MotherJetPt_Up": {
    "ptcorr_10to15_EB1": 85.72720737755299,
    "ptcorr_10to15_EB2": 47.67274998128414,
    "ptcorr_10to15_EE": 50.2842925414443,
    "ptcorr_15to20_EB1": 79.53724475577474,
    "ptcorr_15to20_EB2": 45.1832337975502,
    "ptcorr_15to20_EE": 53.22359097748995,
    "ptcorr_20to25_EB1": 74.66100616008043,
    "ptcorr_20to25_EB2": 38.590610183775425,
    "ptcorr_20to25_EE": 43.8322748541832,
    "ptcorr_25to35_EB1": 131.87142932415009,
    "ptcorr_25to35_EB2": 79.93456431478262,
    "ptcorr_25to35_EE": 74.40700992196798,
    "ptcorr_35to50_EB1": 158.14196287840605,
    "ptcorr_35to50_EB2": 94.12639582157135,
    "ptcorr_35to50_EE": 91.66184888035059,
    "ptcorr_50to100_EB1": 221.29279547184706,
    "ptcorr_50to100_EB2": 128.96252337098122,
    "ptcorr_50to100_EE": 86.37860261648893
  },
  "MotherJetPt_Down": {
    "ptcorr_10to15_EB1": 134.7508325278759,
    "ptcorr_10to15_EB2": 73.03056550770998,
    "ptcorr_10to15_EE": 83.99871583282948,
    "ptcorr_15to20_EB1": 118.31920411810279,
    "ptcorr_15to20_EB2": 68.08972752094269,
    "ptcorr_15to20_EE": 90.40114925801754,
    "ptcorr_20to25_EB1": 104.85785493254662,
    "ptcorr_20to25_EB2": 69.83636961132288,
    "ptcorr_20to25_EE": 78.70096503943205,
    "ptcorr_25to35_EB1": 213.48670149594545,
    "ptcorr_25to35_EB2": 129.5414638221264,
    "ptcorr_25to35_EE": 125.06284856051207,
    "ptcorr_35to50_EB1": 257.81299547851086,
    "ptcorr_35to50_EB2": 147.91637774556875,
    "ptcorr_35to50_EE": 137.86064130067825,
    "ptcorr_50to100_EB1": 329.0362998023629,
    "ptcorr_50to100_EB2": 181.95599208772182,
    "ptcorr_50to100_EE": 135.78791508823633
  },
  "RequireHeavyTag": {
    "ptcorr_10to15_EB1": 52.6745275631547,
    "ptcorr_10to15_EB2": 29.639692552387714,
    "ptcorr_10to15_EE": 42.423064939677715,
    "ptcorr_15to20_EB1": 63.432172041386366,
    "ptcorr_15to20_EB2": 29.32040086388588,
    "ptcorr_15to20_EE": 50.38933727145195,
    "ptcorr_20to25_EB1": 56.3001285046339,
    "ptcorr_20to25_EB2": 39.40246855467558,
    "ptcorr_20to25_EE": 37.77361852675676,
    "ptcorr_25to35_EB1": 128.56575123220682,
    "ptcorr_25to35_EB2": 81.16482163965702,
    "ptcorr_25to35_EE": 64.76933667808771,
    "ptcorr_35to50_EB1": 160.77593924850225,
    "ptcorr_35to50_EB2": 86.60060555487871,
    "ptcorr_35to50_EE": 81.05145671963692,
    "ptcorr_50to100_EB1": 201.93384397029877,
    "ptcorr_50to100_EB2": 109.33292692899704,
    "ptcorr_50to100_EE": 78.77543594688177
  },
  "L1Prefire_Up": {
    "ptcorr_10to15_EB1": 119.99701724201441,
    "ptcorr_10to15_EB2": 67.4610079601407,
    "ptcorr_10to15_EE": 76.08351539820433,
    "ptcorr_15to20_EB1": 109.31672132387757,
    "ptcorr_15to20_EB2": 60.084818199276924,
    "ptcorr_15to20_EE": 79.53737074136734,
    "ptcorr_20to25_EB1": 98.06282525509596,
    "ptcorr_20to25_EB2": 61.50570663064718,
    "ptcorr_20to25_EE": 70.4685214087367,
    "ptcorr_25to35_EB1": 196.74409263581038,
    "ptcorr_25to35_EB2": 117.43753673881292,
    "ptcorr_25to35_EE": 108.95121843367815,
    "ptcorr_35to50_EB1": 234.01086519658566,
    "ptcorr_35to50_EB2": 135.02671261876822,
    "ptcorr_35to50_EE": 125.04122396558523,
    "ptcorr_50to100_EB1": 301.5638093575835,
    "ptcorr_50to100_EB2": 168.57232197374105,
    "ptcorr_50to100_EE": 116.91554383933544
  },
  "L1Prefire_Down": {
    "ptcorr_10to15_EB1": 119.99701724201441,
    "ptcorr_10to15_EB2": 67.4610079601407,
    "ptcorr_10to15_EE": 76.08351539820433,
    "ptcorr_15to20_EB1": 109.31672132387757,
    "ptcorr_15to20_EB2": 60.084818199276924,
    "ptcorr_15to20_EE": 79.53737074136734,
    "ptcorr_20to25_EB1": 98.06282525509596,
    "ptcorr_20to25_EB2": 61.50570663064718,
    "ptcorr_20to25_EE": 70.4685214087367,
    "ptcorr_25to35_EB1": 196.74409263581038,
    "ptcorr_25to35_EB2": 117.43753673881292,
    "ptcorr_25to35_EE": 108.95121843367815,
    "ptcorr_35to50_EB1": 234.01086519658566,
    "ptcorr_35to50_EB2": 135.02671261876822,
    "ptcorr_35to50_EE": 125.04122396558523,
    "ptcorr_50to100_EB1": 301.5638093575835,
    "ptcorr_50to100_EB2": 168.57232197374105,
    "ptcorr_50to100_EE": 116.91554383933544
  },
  "PileupReweight_Up": {
    "ptcorr_10to15_EB1": 118.00308457762003,
    "ptcorr_10to15_EB2": 65.93992912769318,
    "ptcorr_10to15_EE": 72.32845269143581,
    "ptcorr_15to20_EB1": 107.54460345208645,
    "ptcorr_15to20_EB2": 57.98708539456129,
    "ptcorr_15to20_EE": 77.04925234615803,
    "ptcorr_20to25_EB1": 98.83770631998777,
    "ptcorr_20to25_EB2": 60.452586468309164,
    "ptcorr_20to25_EE": 71.2367512434721,
    "ptcorr_25to35_EB1": 195.35108514502645,
    "ptcorr_25to35_EB2": 115.95849171280861,
    "ptcorr_25to35_EE": 106.95926247537136,
    "ptcorr_35to50_EB1": 234.81559098511934,
    "ptcorr_35to50_EB2": 136.52321602404118,
    "ptcorr_35to50_EE": 121.97105723619461,
    "ptcorr_50to100_EB1": 297.4651618003845,
    "ptcorr_50to100_EB2": 167.72681344673038,
    "ptcorr_50to100_EE": 114.44954503327608
  },
  "PileupReweight_Down": {
    "ptcorr_10to15_EB1": 122.41748456656933,
    "ptcorr_10to15_EB2": 69.38866805844009,
    "ptcorr_10to15_EE": 80.06640025414526,
    "ptcorr_15to20_EB1": 112.15154302306473,
    "ptcorr_15to20_EB2": 62.20366891659796,
    "ptcorr_15to20_EE": 82.67431790940464,
    "ptcorr_20to25_EB1": 97.8152292445302,
    "ptcorr_20to25_EB2": 63.4818595405668,
    "ptcorr_20to25_EE": 69.44677871838212,
    "ptcorr_25to35_EB1": 198.54686857759953,
    "ptcorr_25to35_EB2": 118.41701902635396,
    "ptcorr_25to35_EE": 111.55891516804695,
    "ptcorr_35to50_EB1": 233.4085434563458,
    "ptcorr_35to50_EB2": 133.14922476373613,
    "ptcorr_35to50_EE": 128.06585795991123,
    "ptcorr_50to100_EB1": 305.81285198032856,
    "ptcorr_50to100_EB2": 169.93568252958357,
    "ptcorr_50to100_EE": 119.56762013584375
  },
  "JetEn_Up": {
    "ptcorr_10to15_EB1": 117.42873328924179,
    "ptcorr_10to15_EB2": 64.97482947260141,
    "ptcorr_10to15_EE": 72.97767991572618,
    "ptcorr_15to20_EB1": 100.30120889469981,
    "ptcorr_15to20_EB2": 59.07342457771301,
    "ptcorr_15to20_EE": 79.55973138660192,
    "ptcorr_20to25_EB1": 96.01522970944643,
    "ptcorr_20to25_EB2": 58.77318175882101,
    "ptcorr_20to25_EE": 69.60493040829897,
    "ptcorr_25to35_EB1": 197.30233819782734,
    "ptcorr_25to35_EB2": 116.30611924082041,
    "ptcorr_25to35_EE": 110.52790742367506,
    "ptcorr_35to50_EB1": 208.75221106410027,
    "ptcorr_35to50_EB2": 123.47072962671518,
    "ptcorr_35to50_EE": 119.33511240780354,
    "ptcorr_50to100_EB1": 279.40502362698317,
    "ptcorr_50to100_EB2": 159.78157088160515,
    "ptcorr_50to100_EE": 108.02642787992954
  },
  "JetEn_Down": {
    "ptcorr_10to15_EB1": 122.83593366295099,
    "ptcorr_10to15_EB2": 67.61004886031151,
    "ptcorr_10to15_EE": 78.76930376142263,
    "ptcorr_15to20_EB1": 109.3337685726583,
    "ptcorr_15to20_EB2": 63.71768616884947,
    "ptcorr_15to20_EE": 76.95159810036421,
    "ptcorr_20to25_EB1": 109.24042294174433,
    "ptcorr_20to25_EB2": 69.6126402541995,
    "ptcorr_20to25_EE": 75.67003294825554,
    "ptcorr_25to35_EB1": 203.68884176760912,
    "ptcorr_25to35_EB2": 118.97122865915298,
    "ptcorr_25to35_EE": 110.33346399664879,
    "ptcorr_35to50_EB1": 247.00353176146746,