{
  "Central": {
    "ptcorr_10to15_EB1": 12.360840606503189,
    "ptcorr_10to15_EB2": 8.405598423909396,
    "ptcorr_10to15_EE": 9.321097734384239,
    "ptcorr_15to20_EB1": 19.479425156489015,
    "ptcorr_15to20_EB2": 12.430733092594892,
    "ptcorr_15to20_EE": 12.735636870842427,
    "ptcorr_20to25_EB1": 25.092559908516705,
    "ptcorr_20to25_EB2": 15.26468312740326,
    "ptcorr_20to25_EE": 15.054076567757875,
    "ptcorr_25to35_EB1": 61.52464350266382,
    "ptcorr_25to35_EB2": 35.797901100479066,
    "ptcorr_25to35_EE": 28.319849422201514,
    "ptcorr_35to50_EB1": 91.71633939631283,
    "ptcorr_35to50_EB2": 55.21212940569967,
    "ptcorr_35to50_EE": 40.242722291033715,
    "ptcorr_50to100_EB1": 195.56648597680032,
    "ptcorr_50to100_EB2": 106.82787085929886,
    "ptcorr_50to100_EE": 62.62497923383489
  },
  "MotherJetPt_Up": {
    "ptcorr_10to15_EB1": 8.572258522734046,
    "ptcorr_10to15_EB2": 6.168214037083089,
    "ptcorr_10to15_EE": 7.0322778024710715,
    "ptcorr_15to20_EB1": 13.88975578499958,
    "ptcorr_15to20_EB2": 9.032526432536542,
    "ptcorr_15to20_EE": 9.211321467533708,
    "ptcorr_20to25_EB1": 18.453086400404572,
    "ptcorr_20to25_EB2": 11.3749367906712,
    "ptcorr_20to25_EE": 10.01897439500317,
    "ptcorr_25to35_EB1": 44.96716352971271,
    "ptcorr_25to35_EB2": 25.941869303118438,
    "ptcorr_25to35_EE": 20.597836257424206,
    "ptcorr_35to50_EB1": 69.61078006215394,
    "ptcorr_35to50_EB2": 42.26030106563121,
    "ptcorr_35to50_EE": 30.102300295606256,
    "ptcorr_50to100_EB1": 159.23357765888795,
    "ptcorr_50to100_EB2": 85.43948895297945,
    "ptcorr_50to100_EE": 49.521115687675774
  },
  "MotherJetPt_Down": {
    "ptcorr_10to15_EB1": 13.335576922167093,
    "ptcorr_10to15_EB2": 8.996540690306574,
    "ptcorr_10to15_EE": 10.199544582050294,
    "ptcorr_15to20_EB1": 20.4803050737828,
    "ptcorr_15to20_EB2": 13.234716382808983,
    "ptcorr_15to20_EE": 13.495871884282678,
    "ptcorr_20to25_EB1": 27.1141229942441,
    "ptcorr_20to25_EB2": 16.36406584456563,
    "ptcorr_20to25_EE": 15.890992149244994,
    "ptcorr_25to35_EB1": 65.00815278105438,
    "ptcorr_25to35_EB2": 37.796584718395025,
    "ptcorr_25to35_EE": 30.079603641293943,
    "ptcorr_35to50_EB1": 96.67199812736362,
    "ptcorr_35to50_EB2": 58.63979524420574,
    "ptcorr_35to50_EE": 42.60993417305872,
    "ptcorr_50to100_EB1": 203.82696445612237,
    "ptcorr_50to100_EB2": 111.8034976767376,
    "ptcorr_50to100_EE": 66.07298500696197
  },
  "RequireHeavyTag": {
    "ptcorr_10to15_EB1": 7.410837342496961,
    "ptcorr_10to15_EB2": 5.214729676023126,
    "ptcorr_10to15_EE": 5.681049251463264,
    "ptcorr_15to20_EB1": 11.672158879693598,
    "ptcorr_15to20_EB2": 7.129492424428463,
    "ptcorr_15to20_EE": 7.138050041161478,
    "ptcorr_20to25_EB1": 14.800350653938949,
    "ptcorr_20to25_EB2": 8.753788681235164,
    "ptcorr_20to25_EE": 8.094767697621137,
    "ptcorr_25to35_EB1": 36.11181931849569,
    "ptcorr_25to35_EB2": 19.667754733469337,
    "ptcorr_25to35_EE": 16.853457576595247,
    "ptcorr_35to50_EB1": 51.447308188304305,
    "ptcorr_35to50_EB2": 29.713216927833855,
    "ptcorr_35to50_EE": 22.271299198735505,
    "ptcorr_50to100_EB1": 102.06864341627806,
    "ptcorr_50to100_EB2": 54.551819732412696,
    "ptcorr_50to100_EE": 30.96508123073727
  },
  "L1Prefire_Up": {
    "ptcorr_10to15_EB1": 12.360840606503189,
    "ptcorr_10to15_EB2": 8.405598423909396,
    "ptcorr_10to15_EE": 9.321097734384239,
    "ptcorr_15to20_EB1": 19.479425156489015,
    "ptcorr_15to20_EB2": 12.430733092594892,
    "ptcorr_15to20_EE": 12.735636870842427,
    "ptcorr_20to25_EB1": 25.092559908516705,
    "ptcorr_20to25_EB2": 15.26468312740326,
    "ptcorr_20to25_EE": 15.054076567757875,
    "ptcorr_25to35_EB1": 61.52464350266382,
    "ptcorr_25to35_EB2": 35.797901100479066,
    "ptcorr_25to35_EE": 28.319849422201514,
    "ptcorr_35to50_EB1": 91.71633939631283,
    "ptcorr_35to50_EB2": 55.21212940569967,
    "ptcorr_35to50_EE": 40.242722291033715,
    "ptcorr_50to100_EB1": 195.56648597680032,
    "ptcorr_50to100_EB2": 106.82787085929886,
    "ptcorr_50to100_EE": 62.62497923383489
  },
  "L1Prefire_Down": {
    "ptcorr_10to15_EB1": 12.360840606503189,
    "ptcorr_10to15_EB2": 8.405598423909396,
    "ptcorr_10to15_EE": 9.321097734384239,
    "ptcorr_15to20_EB1": 19.479425156489015,
    "ptcorr_15to20_EB2": 12.430733092594892,
    "ptcorr_15to20_EE": 12.735636870842427,
    "ptcorr_20to25_EB1": 25.092559908516705,
    "ptcorr_20to25_EB2": 15.26468312740326,
    "ptcorr_20to25_EE": 15.054076567757875,
    "ptcorr_25to35_EB1": 61.52464350266382,
    "ptcorr_25to35_EB2": 35.797901100479066,
    "ptcorr_25to35_EE": 28.319849422201514,
    "ptcorr_35to50_EB1": 91.71633939631283,
    "ptcorr_35to50_EB2": 55.21212940569967,
    "ptcorr_35to50_EE": 40.242722291033715,
    "ptcorr_50to100_EB1": 195.56648597680032,
    "ptcorr_50to100_EB2": 106.82787085929886,
    "ptcorr_50to100_EE": 62.62497923383489
  },
  "PileupReweight_Up": {
    "ptcorr_10to15_EB1": 12.172253610566258,
    "ptcorr_10to15_EB2": 8.099641552194953,
    "ptcorr_10to15_EE": 9.030286121182144,
    "ptcorr_15to20_EB1": 18.99791740300134,
    "ptcorr_15to20_EB2": 12.449203076772392,
    "ptcorr_15to20_EE": 12.310296001844108,
    "ptcorr_20to25_EB1": 24.979158057831228,
    "ptcorr_20to25_EB2": 15.01923104794696,
    "ptcorr_20to25_EE": 14.635744086932391,
    "ptcorr_25to35_EB1": 61.252238815650344,
    "ptcorr_25to35_EB2": 35.62975696614012,
    "ptcorr_25to35_EE": 28.1219412824139,
    "ptcorr_35to50_EB1": 91.24098624382168,
    "ptcorr_35to50_EB2": 55.11080945190042,
    "ptcorr_35to50_EE": 39.83554531307891,
    "ptcorr_50to100_EB1": 193.18815848836675,
    "ptcorr_50to100_EB2": 106.51082260953262,
    "ptcorr_50to100_EE": 61.827218123245984
  },
  "PileupReweight_Down": {
    "ptcorr_10to15_EB1": 12.574182874523103,
    "ptcorr_10to15_EB2": 8.679616141715087,
    "ptcorr_10to15_EE": 9.605492724222131,
    "ptcorr_15to20_EB1": 20.025854123057798,
    "ptcorr_15to20_EB2": 12.373503323062323,
    "ptcorr_15to20_EE": 13.219586869701743,
    "ptcorr_20to25_EB1": 25.245323755196296,
    "ptcorr_20to25_EB2": 15.471278617042117,
    "ptcorr_20to25_EE": 15.461209835717455,
    "ptcorr_25to35_EB1": 61.78596798016224,
    "ptcorr_25to35_EB2": 35.92757557332516,
    "ptcorr_25to35_EE": 28.58746609161608,
    "ptcorr_35to50_EB1": 92.44792764307931,
    "ptcorr_35to50_EB2": 55.32936657755636,
    "ptcorr_35to50_EE": 40.631308172713034,
    "ptcorr_50to100_EB1": 198.02683017624076,
    "ptcorr_50to100_EB2": 107.20251484913751,
    "ptcorr_50to100_EE": 63.44556573883165
  },
  "JetEn_Up": {
    "ptcorr_10to15_EB1": 11.399137754924595,
    "ptcorr_10to15_EB2": 7.858233068604022,
    "ptcorr_10to15_EE": 8.927066568285227,
    "ptcorr_15to20_EB1": 17.679290571715683,
    "ptcorr_15to20_EB2": 11.517151022795588,
    "ptcorr_15to20_EE": 12.322006506845355,
    "ptcorr_20to25_EB1": 23.57069779932499,
    "ptcorr_20to25_EB2": 13.965987240429968,
    "ptcorr_20to25_EE": 14.798963747452945,
    "ptcorr_25to35_EB1": 57.087755114771426,
    "ptcorr_25to35_EB2": 34.040661646518856,
    "ptcorr_25to35_EE": 26.303434891160578,
    "ptcorr_35to50_EB1": 86.53728893585503,
    "ptcorr_35to50_EB2": 51.22597000701353,
    "ptcorr_35to50_EE": 38.75491988193244,
    "ptcorr_50to100_EB1": 187.9274732475169,
    "ptcorr_50to100_EB2": 98.8428067509085,
    "ptcorr_50to100_EE": 60.112489900551736
  },
  "JetEn_Down": {
    "ptcorr_10to15_EB1": 13.149623971898109,
    "ptcorr_10to15_EB2": 8.679551102686673,
    "ptcorr_10to15_EE": 9.905188558623195,
    "ptcorr_15to20_EB1": 19.928206200245768,
    "ptcorr_15to20_EB2": 13.189713573083282,
    "ptcorr_15to20_EE": 12.781498442869633,
    "ptcorr_20to25_EB1": 26.669182007201016,
    "ptcorr_20to25_EB2": 17.01514142146334,
    "ptcorr_20to25_EE": 14.911944038700312,
    "ptcorr_25to35_EB1": 65.70941984979436,
    "ptcorr_25to35_EB2": 37.829743896611035,
    "ptcorr_25to35_EE": 31.527677113190293,