{
  "Central": {
    "ptcorr_10to15_EB1": 42.698127165436745,
    "ptcorr_10to15_EB2": 34.0222302377224,
    "ptcorr_10to15_EE": 38.066155694425106,
    "ptcorr_15to20_EB1": 62.777547746896744,
    "ptcorr_15to20_EB2": 33.51064383983612,
    "ptcorr_15to20_EE": 44.95664817839861,
    "ptcorr_20to25_EB1": 66.74618692696095,
    "ptcorr_20to25_EB2": 38.45516949892044,
    "ptcorr_20to25_EE": 43.272867523133755,
    "ptcorr_25to35_EB1": 151.93246038258076,
    "ptcorr_25to35_EB2": 77.38875954598188,
    "ptcorr_25to35_EE": 72.41486932337284,
    "ptcorr_35to50_EB1": 202.07475657761097,
    "ptcorr_35to50_EB2": 115.46129751950502,
    "ptcorr_35to50_EE": 96.93744056671858,
    "ptcorr_50to100_EB1": 281.9387454688549,
    "ptcorr_50to100_EB2": 150.02251175791025,
    "ptcorr_50to100_EE": 96.60657046735287
  },
  "MotherJetPt_Up": {
    "ptcorr_10to15_EB1": 31.938026383519173,
    "ptcorr_10to15_EB2": 24.69263458251953,
    "ptcorr_10to15_EE": 23.64406093209982,
    "ptcorr_15to20_EB1": 43.77989097684622,
    "ptcorr_15to20_EB2": 25.44339070469141,
    "ptcorr_15to20_EE": 29.21615945547819,
    "ptcorr_20to25_EB1": 50.893325328826904,
    "ptcorr_20to25_EB2": 24.4093170017004,
    "ptcorr_20to25_EE": 26.15849068760872,
    "ptcorr_25to35_EB1": 102.09642274677753,
    "ptcorr_25to35_EB2": 51.83019480854273,
    "ptcorr_25to35_EE": 49.9310300052166,
    "ptcorr_35to50_EB1": 141.1292356029153,
    "ptcorr_35to50_EB2": 79.64634345471859,
    "ptcorr_35to50_EE": 69.52914769202471,
    "ptcorr_50to100_EB1": 210.8114972859621,
    "ptcorr_50to100_EB2": 115.3307145088911,
    "ptcorr_50to100_EE": 71.82806365936995
  },
  "MotherJetPt_Down": {
    "ptcorr_10to15_EB1": 49.51869951188564,
    "ptcorr_10to15_EB2": 35.184204302728176,
    "ptcorr_10to15_EE": 41.52048345655203,
    "ptcorr_15to20_EB1": 68.14350915700197,
    "ptcorr_15to20_EB2": 36.730037197470665,
    "ptcorr_15to20_EE": 51.050698451697826,
    "ptcorr_20to25_EB1": 71.43025651574135,
    "ptcorr_20to25_EB2": 46.00903031975031,
    "ptcorr_20to25_EE": 47.817812882363796,
    "ptcorr_25to35_EB1": 164.85444428026676,
    "ptcorr_25to35_EB2": 85.86367818713188,
    "ptcorr_25to35_EE": 83.24203622341156,
    "ptcorr_35to50_EB1": 222.71049386262894,
    "ptcorr_35to50_EB2": 126.46289177983999,
    "ptcorr_35to50_EE": 106.38095989078283,
    "ptcorr_50to100_EB1": 305.4748861640692,
    "ptcorr_50to100_EB2": 161.80541749298573,
    "ptcorr_50to100_EE": 112.78716235607862
  },
  "RequireHeavyTag": {
    "ptcorr_10to15_EB1": 19.341943323612213,
    "ptcorr_10to15_EB2": 18.25193166732788,
    "ptcorr_10to15_EE": 25.254306219518185,
    "ptcorr_15to20_EB1": 40.189631424844265,
    "ptcorr_15to20_EB2": 19.611420281231403,
    "ptcorr_15to20_EE": 31.63779576867819,
    "ptcorr_20to25_EB1": 44.46207319945097,
    "ptcorr_20to25_EB2": 28.63398675620556,
    "ptcorr_20to25_EE": 25.782549060881138,
    "ptcorr_25to35_EB1": 110.53137477487326,
    "ptcorr_25to35_EB2": 62.12010216712952,
    "ptcorr_25to35_EE": 48.412518598139286,
    "ptcorr_35to50_EB1": 143.91988198459148,
    "ptcorr_35to50_EB2": 78.79248276352882,
    "ptcorr_35to50_EE": 67.41416484117508,
    "ptcorr_50to100_EB1": 192.9024116024375,
    "ptcorr_50to100_EB2": 97.75487744063139,
    "ptcorr_50to100_EE": 69.71667373925447
  },
  "L1Prefire_Up": {
    "ptcorr_10to15_EB1": 42.698127165436745,
    "ptcorr_10to15_EB2": 34.0222302377224,
    "ptcorr_10to15_EE": 38.066155694425106,
    "ptcorr_15to20_EB1": 62.777547746896744,
    "ptcorr_15to20_EB2": 33.51064383983612,
    "ptcorr_15to20_EE": 44.95664817839861,
    "ptcorr_20to25_EB1": 66.74618692696095,
    "ptcorr_20to25_EB2": 38.45516949892044,
    "ptcorr_20to25_EE": 43.272867523133755,
    "ptcorr_25to35_EB1": 151.93246038258076,
    "ptcorr_25to35_EB2": 77.38875954598188,
    "ptcorr_25to35_EE": 72.41486932337284,
    "ptcorr_35to50_EB1": 202.07475657761097,
    "ptcorr_35to50_EB2": 115.46129751950502,
    "ptcorr_35to50_EE": 96.93744056671858,
    "ptcorr_50to100_EB1": 281.9387454688549,
    "ptcorr_50to100_EB2": 150.02251175791025,
    "ptcorr_50to100_EE": 96.60657046735287
  },
  "L1Prefire_Down": {
    "ptcorr_10to15_EB1": 42.698127165436745,
    "ptcorr_10to15_EB2": 34.0222302377224,
    "ptcorr_10to15_EE": 38.066155694425106,
    "ptcorr_15to20_EB1": 62.777547746896744,
    "ptcorr_15to20_EB2": 33.51064383983612,
    "ptcorr_15to20_EE": 44.95664817839861,
    "ptcorr_20to25_EB1": 66.74618692696095,
    "ptcorr_20to25_EB2": 38.45516949892044,
    "ptcorr_20to25_EE": 43.272867523133755,
    "ptcorr_25to35_EB1": 151.93246038258076,
    "ptcorr_25to35_EB2": 77.38875954598188,
    "ptcorr_25to35_EE": 72.41486932337284,
    "ptcorr_35to50_EB1": 202.07475657761097,
    "ptcorr_35to50_EB2": 115.46129751950502,
    "ptcorr_35to50_EE": 96.93744056671858,
    "ptcorr_50to100_EB1": 281.9387454688549,
    "ptcorr_50to100_EB2": 150.02251175791025,
    "ptcorr_50to100_EE": 96.60657046735287
  },
  "PileupReweight_Up": {
    "ptcorr_10to15_EB1": 42.606613993644714,
    "ptcorr_10to15_EB2": 32.787822760641575,
    "ptcorr_10to15_EE": 36.07032027840614,
    "ptcorr_15to20_EB1": 62.335032269358635,
    "ptcorr_15to20_EB2": 32.46719868481159,
    "ptcorr_15to20_EE": 43.64644732326269,
    "ptcorr_20to25_EB1": 67.91648376733065,
    "ptcorr_20to25_EB2": 38.19156180694699,
    "ptcorr_20to25_EE": 43.50465424358845,
    "ptcorr_25to35_EB1": 149.78074541687965,
    "ptcorr_25to35_EB2": 77.26537047326565,
    "ptcorr_25to35_EE": 71.72769777476788,
    "ptcorr_35to50_EB1": 203.4446203969419,
    "ptcorr_35to50_EB2": 117.4338630437851,
    "ptcorr_35to50_EE": 94.45895875245333,
    "ptcorr_50to100_EB1": 278.69898515194654,
    "ptcorr_50to100_EB2": 148.65868331864476,
    "ptcorr_50to100_EE": 94.09719253331423
  },
  "PileupReweight_Down": {
    "ptcorr_10to15_EB1": 42.96944452263415,
    "ptcorr_10to15_EB2": 35.3558665625751,
    "ptcorr_10to15_EE": 40.37626365199685,
    "ptcorr_15to20_EB1": 63.71917038876563,
    "ptcorr_15to20_EB2": 34.619284849613905,
    "ptcorr_15to20_EE": 46.446905210614204,
    "ptcorr_20to25_EB1": 65.79568105749786,
    "ptcorr_20to25_EB2": 39.37347047589719,
    "ptcorr_20to25_EE": 42.782994559034705,
    "ptcorr_25to35_EB1": 154.51829085499048,
    "ptcorr_25to35_EB2": 77.12825500033796,
    "ptcorr_25to35_EE": 73.49699316732585,
    "ptcorr_35to50_EB1": 200.70538502559066,
    "ptcorr_35to50_EB2": 112.90403469465673,
    "ptcorr_35to50_EE": 99.37217199243605,
    "ptcorr_50to100_EB1": 285.29358952119946,
    "ptcorr_50to100_EB2": 152.108058931306,
    "ptcorr_50to100_EE": 99.42349556460977
  },
  "JetEn_Up": {
    "ptcorr_10to15_EB1": 43.282554507255554,
    "ptcorr_10to15_EB2": 31.466228008270264,
    "ptcorr_10to15_EE": 35.881686605513096,
    "ptcorr_15to20_EB1": 55.9023072719574,
    "ptcorr_15to20_EB2": 32.32534725219011,
    "ptcorr_15to20_EE": 44.38489966094494,
    "ptcorr_20to25_EB1": 62.30136060714722,
    "ptcorr_20to25_EB2": 35.35586194694042,
    "ptcorr_20to25_EE": 44.50030165165663,
    "ptcorr_25to35_EB1": 152.88948725908995,
    "ptcorr_25to35_EB2": 76.09372467547655,
    "ptcorr_25to35_EE": 73.19422756135464,
    "ptcorr_35to50_EB1": 178.00703053176403,
    "ptcorr_35to50_EB2": 103.33709908276796,
    "ptcorr_35to50_EE": 91.8195193707943,
    "ptcorr_50to100_EB1": 260.540680937469,
    "ptcorr_50to100_EB2": 141.51851455122232,
    "ptcorr_50to100_EE": 89.97593767940998
  },
  "JetEn_Down": {
    "ptcorr_10to15_EB1": 45.009479217231274,
    "ptcorr_10to15_EB2": 32.086938448250294,
    "ptcorr_10to15_EE": 39.20412250608206,
    "ptcorr_15to20_EB1": 64.02069155871868,
    "ptcorr_15to20_EB2": 35.42395716160536,
    "ptcorr_15to20_EE": 40.88701681792736,
    "ptcorr_20to25_EB1": 68.87270071357489,
    "ptcorr_20to25_EB2": 44.386459179222584,
    "ptcorr_20to25_EE": 47.23924073576927,
    "ptcorr_25to35_EB1": 152.99202310293913,
    "ptcorr_25to35_EB2": 82.80780028551817,
    "ptcorr_25to35_EE": 72.65168815106153,
    "ptcorr_35to50_EB1": 213.9660083949566,