{
  "Central": {
    "ptcorr_10to15_EB1": 12.899649017490447,
    "ptcorr_10to15_EB2": 7.787276700604707,
    "ptcorr_10to15_EE": 8.960588620509952,
    "ptcorr_15to20_EB1": 18.01952189952135,
    "ptcorr_15to20_EB2": 11.095525386277586,
    "ptcorr_15to20_EE": 13.442003728821874,
    "ptcorr_20to25_EB1": 25.37031720066443,
    "ptcorr_20to25_EB2": 16.868391370400786,
    "ptcorr_20to25_EE": 15.500800866633654,
    "ptcorr_25to35_EB1": 62.619243897963315,
    "ptcorr_25to35_EB2": 35.703416446223855,
    "ptcorr_25to35_EE": 29.66491296654567,
    "ptcorr_35to50_EB1": 92.42073316127062,
    "ptcorr_35to50_EB2": 55.79952067742124,
    "ptcorr_35to50_EE": 36.77935146680102,
    "ptcorr_50to100_EB1": 191.47769413003698,
    "ptcorr_50to100_EB2": 109.36784712783992,
    "ptcorr_50to100_EE": 65.88620025943965
  },
  "MotherJetPt_Up": {
    "ptcorr_10to15_EB1": 8.827390890568495,
    "ptcorr_10to15_EB2": 5.435656436253339,
    "ptcorr_10to15_EE": 6.065295663662255,
    "ptcorr_15to20_EB1": 12.858080727048218,
    "ptcorr_15to20_EB2": 8.186130065005273,
    "ptcorr_15to20_EE": 9.917476984672248,
    "ptcorr_20to25_EB1": 17.886031162925065,
    "ptcorr_20to25_EB2": 12.337372459471226,
    "ptcorr_20to25_EE": 10.718064897693694,
    "ptcorr_25to35_EB1": 44.66178613388911,
    "ptcorr_25to35_EB2": 26.34545798646286,
    "ptcorr_25to35_EE": 21.864842982497066,
    "ptcorr_35to50_EB1": 70.18218120839447,
    "ptcorr_35to50_EB2": 43.03486279770732,
    "ptcorr_35to50_EE": 28.669595539104193,
    "ptcorr_50to100_EB1": 156.42293033981696,
    "ptcorr_50to100_EB2": 87.6652080048807,
    "ptcorr_50to100_EE": 53.01366323279217
  },
  "MotherJetPt_Down": {
    "ptcorr_10to15_EB1": 14.05463132634759,
    "ptcorr_10to15_EB2": 8.390777411870658,
    "ptcorr_10to15_EE": 9.726255201734602,
    "ptcorr_15to20_EB1": 19.311621364671737,
    "ptcorr_15to20_EB2": 11.666391187813133,
    "ptcorr_15to20_EE": 14.346309134736657,
    "ptcorr_20to25_EB1": 27.003128960262984,
    "ptcorr_20to25_EB2": 18.21655908320099,
    "ptcorr_20to25_EE": 16.344845993909985,
    "ptcorr_25to35_EB1": 66.3098882404156,
    "ptcorr_25to35_EB2": 38.16775865294039,
    "ptcorr_25to35_EE": 31.35207820031792,
    "ptcorr_35to50_EB1": 97.21736100455746,
    "ptcorr_35to50_EB2": 59.02630387991667,
    "ptcorr_35to50_EE": 38.550501592922956,
    "ptcorr_50to100_EB1": 200.4205069243908,
    "ptcorr_50to100_EB2": 114.73194089019671,
    "ptcorr_50to100_EE": 69.6920169214718
  },
  "RequireHeavyTag": {
    "ptcorr_10to15_EB1": 7.443379400763661,
    "ptcorr_10to15_EB2": 4.609503391198814,
    "ptcorr_10to15_EE": 5.283313829917461,
    "ptcorr_15to20_EB1": 10.541387093719095,
    "ptcorr_15to20_EB2": 6.466726703569293,
    "ptcorr_15to20_EE": 8.653778277803212,
    "ptcorr_20to25_EB1": 14.715971380937845,
    "ptcorr_20to25_EB2": 9.6399329691194,
    "ptcorr_20to25_EE": 9.348160146269947,
    "ptcorr_25to35_EB1": 36.45425983518362,
    "ptcorr_25to35_EB2": 21.56893744925037,
    "ptcorr_25to35_EE": 17.79668200807646,
    "ptcorr_35to50_EB1": 53.54895100835711,
    "ptcorr_35to50_EB2": 30.468092180322856,
    "ptcorr_35to50_EE": 20.085671060252935,
    "ptcorr_50to100_EB1": 100.71025297325104,
    "ptcorr_50to100_EB2": 56.897983335889876,
    "ptcorr_50to100_EE": 31.961992915719748
  },
  "L1Prefire_Up": {
    "ptcorr_10to15_EB1": 12.899649017490447,
    "ptcorr_10to15_EB2": 7.787276700604707,
    "ptcorr_10to15_EE": 8.960588620509952,
    "ptcorr_15to20_EB1": 18.01952189952135,
    "ptcorr_15to20_EB2": 11.095525386277586,
    "ptcorr_15to20_EE": 13.442003728821874,
    "ptcorr_20to25_EB1": 25.37031720066443,
    "ptcorr_20to25_EB2": 16.868391370400786,
    "ptcorr_20to25_EE": 15.500800866633654,
    "ptcorr_25to35_EB1": 62.619243897963315,
    "ptcorr_25to35_EB2": 35.703416446223855,
    "ptcorr_25to35_EE": 29.66491296654567,
    "ptcorr_35to50_EB1": 92.42073316127062,
    "ptcorr_35to50_EB2": 55.79952067742124,
    "ptcorr_35to50_EE": 36.77935146680102,
    "ptcorr_50to100_EB1": 191.47769413003698,
    "ptcorr_50to100_EB2": 109.36784712783992,
    "ptcorr_50to100_EE": 65.88620025943965
  },
  "L1Prefire_Down": {
    "ptcorr_10to15_EB1": 12.899649017490447,
    "ptcorr_10to15_EB2": 7.787276700604707,
    "ptcorr_10to15_EE": 8.960588620509952,
    "ptcorr_15to20_EB1": 18.01952189952135,
    "ptcorr_15to20_EB2": 11.095525386277586,
    "ptcorr_15to20_EE": 13.442003728821874,
    "ptcorr_20to25_EB1": 25.37031720066443,
    "ptcorr_20to25_EB2": 16.868391370400786,
    "ptcorr_20to25_EE": 15.500800866633654,
    "ptcorr_25to35_EB1": 62.619243897963315,
    "ptcorr_25to35_EB2": 35.703416446223855,
    "ptcorr_25to35_EE": 29.66491296654567,
    "ptcorr_35to50_EB1": 92.42073316127062,
    "ptcorr_35to50_EB2": 55.79952067742124,
    "ptcorr_35to50_EE": 36.77935146680102,
    "ptcorr_50to100_EB1": 191.47769413003698,
    "ptcorr_50to100_EB2": 109.36784712783992,
    "ptcorr_50to100_EE": 65.88620025943965
  },
  "PileupReweight_Up": {
    "ptcorr_10to15_EB1": 12.867806148715317,
    "ptcorr_10to15_EB2": 7.731799372471869,
    "ptcorr_10to15_EE": 8.770133923273534,
    "ptcorr_15to20_EB1": 17.659745895769447,
    "ptcorr_15to20_EB2": 10.936367342248559,
    "ptcorr_15to20_EE": 13.214925497304648,
    "ptcorr_20to25_EB1": 25.117528540547937,
    "ptcorr_20to25_EB2": 16.637591832783073,
    "ptcorr_20to25_EE": 15.335451703518629,
    "ptcorr_25to35_EB1": 62.42272717412561,
    "ptcorr_25to35_EB2": 35.444986327085644,
    "ptcorr_25to35_EE": 29.231225778814405,
    "ptcorr_35to50_EB1": 91.78428115788847,
    "ptcorr_35to50_EB2": 55.44278526585549,
    "ptcorr_35to50_EE": 36.500073769595474,
    "ptcorr_50to100_EB1": 190.22522291354835,
    "ptcorr_50to100_EB2": 108.45910793635994,
    "ptcorr_50to100_EE": 64.95231142267585
  },
  "PileupReweight_Down": {
    "ptcorr_10to15_EB1": 12.91897538129706,
    "ptcorr_10to15_EB2": 7.832718184799887,
    "ptcorr_10to15_EE": 9.153341542347334,
    "ptcorr_15to20_EB1": 18.353948183939792,
    "ptcorr_15to20_EB2": 11.250482997740619,
    "ptcorr_15to20_EE": 13.654700639541261,
    "ptcorr_20to25_EB1": 25.59919794811867,
    "ptcorr_20to25_EB2": 17.005032620276324,
    "ptcorr_20to25_EE": 15.616979746497236,
    "ptcorr_25to35_EB1": 62.87680566031486,
    "ptcorr_25to35_EB2": 35.96639711270109,
    "ptcorr_25to35_EE": 30.170185029273853,
    "ptcorr_35to50_EB1": 93.19307596737053,
    "ptcorr_35to50_EB2": 56.09316808579024,
    "ptcorr_35to50_EE": 37.193568033748306,
    "ptcorr_50to100_EB1": 192.70776514650788,
    "ptcorr_50to100_EB2": 110.38082056446001,
    "ptcorr_50to100_EE": 66.78678689757362
  },
  "JetEn_Up": {
    "ptcorr_10to15_EB1": 12.156602058559656,
    "ptcorr_10to15_EB2": 7.2510024616494775,
    "ptcorr_10to15_EE": 8.336714488454163,
    "ptcorr_15to20_EB1": 17.021596977952868,
    "ptcorr_15to20_EB2": 10.674477725755423,
    "ptcorr_15to20_EE": 13.215706639457494,
    "ptcorr_20to25_EB1": 24.024564754683524,
    "ptcorr_20to25_EB2": 15.963747086469084,
    "ptcorr_20to25_EE": 14.543713385704905,
    "ptcorr_25to35_EB1": 58.23816147679463,
    "ptcorr_25to35_EB2": 32.815552124753594,
    "ptcorr_25to35_EE": 28.393278654199094,
    "ptcorr_35to50_EB1": 87.5931453933008,
    "ptcorr_35to50_EB2": 51.957934429869056,
    "ptcorr_35to50_EE": 34.36965351598337,
    "ptcorr_50to100_EB1": 180.91775197302923,
    "ptcorr_50to100_EB2": 101.55794893577695,
    "ptcorr_50to100_EE": 62.84918499505147
  },
  "JetEn_Down": {
    "ptcorr_10to15_EB1": 13.764751981478184,
    "ptcorr_10to15_EB2": 8.066037073265761,
    "ptcorr_10to15_EE": 9.707128091249615,
    "ptcorr_15to20_EB1": 18.695708417333663,
    "ptcorr_15to20_EB2": 11.733646511100233,
    "ptcorr_15to20_EE": 13.643434247467667,
    "ptcorr_20to25_EB1": 26.890339973848313,
    "ptcorr_20to25_EB2": 17.650782729964703,
    "ptcorr_20to25_EE": 16.92167172394693,
    "ptcorr_25to35_EB1": 66.99580540740862,
    "ptcorr_25to35_EB2": 37.767578878905624,
    "ptcorr_25to35_EE": 30.933430904056877,