{
  "Central": {
    "ptcorr_10to15_EB1": 2.1836522093508393,
    "ptcorr_10to15_EB2": 1.1247272610198706,
    "ptcorr_10to15_EE": 1.551520604873076,
    "ptcorr_15to20_EB1": 3.5770084327086806,
    "ptcorr_15to20_EB2": 2.049134290544316,
    "ptcorr_15to20_EE": 1.9721749105956405,
    "ptcorr_20to25_EB1": 4.083474074257538,
    "ptcorr_20to25_EB2": 2.655826517380774,
    "ptcorr_20to25_EE": 2.695525497663766,
    "ptcorr_25to35_EB1": 11.867665651720017,
    "ptcorr_25to35_EB2": 6.3325810946989805,
    "ptcorr_25to35_EE": 5.064273622818291,
    "ptcorr_35to50_EB1": 14.074296569218859,
    "ptcorr_35to50_EB2": 8.829263864317909,
    "ptcorr_35to50_EE": 5.929411638760939,
    "ptcorr_50to100_EB1": 20.051459779264405,
    "ptcorr_50to100_EB2": 12.131747889798135,
    "ptcorr_50to100_EE": 6.619747832417488
  },
  "MotherJetPt_Up": {
    "ptcorr_10to15_EB1": 1.1661359865684062,
    "ptcorr_10to15_EB2": 0.6927450967486948,
    "ptcorr_10to15_EE": 0.824286499992013,
    "ptcorr_15to20_EB1": 2.000562339555472,
    "ptcorr_15to20_EB2": 1.3139777590986341,
    "ptcorr_15to20_EE": 1.141396784922108,
    "ptcorr_20to25_EB1": 2.2291926096659154,
    "ptcorr_20to25_EB2": 1.5011903634294868,
    "ptcorr_20to25_EE": 1.5059791575185955,
    "ptcorr_25to35_EB1": 7.1007857790682465,
    "ptcorr_25to35_EB2": 3.7933301385492086,
    "ptcorr_25to35_EE": 2.9680084788706154,
    "ptcorr_35to50_EB1": 9.104531216202304,
    "ptcorr_35to50_EB2": 5.955892168916762,
    "ptcorr_35to50_EE": 4.0823685131035745,
    "ptcorr_50to100_EB1": 15.2268867213279,
    "ptcorr_50to100_EB2": 9.015734649496153,
    "ptcorr_50to100_EE": 5.008464762708172
  },
  "MotherJetPt_Down": {
    "ptcorr_10to15_EB1": 2.8826443457510322,
    "ptcorr_10to15_EB2": 1.3186708681751043,
    "ptcorr_10to15_EE": 1.8809953918680549,
    "ptcorr_15to20_EB1": 4.4019529186189175,
    "ptcorr_15to20_EB2": 2.595593564445153,
    "ptcorr_15to20_EE": 2.568253908539191,
    "ptcorr_20to25_EB1": 5.330375820863992,
    "ptcorr_20to25_EB2": 3.281531392596662,
    "ptcorr_20to25_EE": 3.230534509057179,
    "ptcorr_25to35_EB1": 13.90447900770232,
    "ptcorr_25to35_EB2": 7.600363966077566,
    "ptcorr_25to35_EE": 5.90744330175221,
    "ptcorr_35to50_EB1": 15.724902601446956,
    "ptcorr_35to50_EB2": 9.734880731673911,
    "ptcorr_35to50_EE": 6.6428094850853086,
    "ptcorr_50to100_EB1": 21.72880755411461,
    "ptcorr_50to100_EB2": 13.164661898743361,
    "ptcorr_50to100_EE": 7.148003743030131
  },
  "RequireHeavyTag": {
    "ptcorr_10to15_EB1": 1.5517635352443904,
    "ptcorr_10to15_EB2": 0.6400569495745003,
    "ptcorr_10to15_EE": 1.1117423814721406,
    "ptcorr_15to20_EB1": 2.189387087477371,
    "ptcorr_15to20_EB2": 1.3045145750511438,
    "ptcorr_15to20_EE": 0.9830518036615103,
    "ptcorr_20to25_EB1": 2.703132748603821,
    "ptcorr_20to25_EB2": 1.7272960359696299,
    "ptcorr_20to25_EE": 1.7130310046486557,
    "ptcorr_25to35_EB1": 7.558088366640732,
    "ptcorr_25to35_EB2": 3.988221521023661,
    "ptcorr_25to35_EE": 3.0662701120600104,
    "ptcorr_35to50_EB1": 9.202088651945814,
    "ptcorr_35to50_EB2": 6.0231529348529875,
    "ptcorr_35to50_EE": 3.651726631214842,
    "ptcorr_50to100_EB1": 13.085191247519106,
    "ptcorr_50to100_EB2": 7.505625368561596,
    "ptcorr_50to100_EE": 3.9015950427856296
  },
  "L1Prefire_Up": {
    "ptcorr_10to15_EB1": 2.1836522093508393,
    "ptcorr_10to15_EB2": 1.1247272610198706,
    "ptcorr_10to15_EE": 1.551520604873076,
    "ptcorr_15to20_EB1": 3.5770084327086806,
    "ptcorr_15to20_EB2": 2.049134290544316,
    "ptcorr_15to20_EE": 1.9721749105956405,
    "ptcorr_20to25_EB1": 4.083474074257538,
    "ptcorr_20to25_EB2": 2.655826517380774,
    "ptcorr_20to25_EE": 2.695525497663766,
    "ptcorr_25to35_EB1": 11.867665651720017,
    "ptcorr_25to35_EB2": 6.3325810946989805,
    "ptcorr_25to35_EE": 5.064273622818291,
    "ptcorr_35to50_EB1": 14.074296569218859,
    "ptcorr_35to50_EB2": 8.829263864317909,
    "ptcorr_35to50_EE": 5.929411638760939,
    "ptcorr_50to100_EB1": 20.051459779264405,
    "ptcorr_50to100_EB2": 12.131747889798135,
    "ptcorr_50to100_EE": 6.619747832417488
  },
  "L1Prefire_Down": {
    "ptcorr_10to15_EB1": 2.1836522093508393,
    "ptcorr_10to15_EB2": 1.1247272610198706,
    "ptcorr_10to15_EE": 1.551520604873076,
    "ptcorr_15to20_EB1": 3.5770084327086806,
    "ptcorr_15to20_EB2": 2.049134290544316,
    "ptcorr_15to20_EE": 1.9721749105956405,
    "ptcorr_20to25_EB1": 4.083474074257538,
    "ptcorr_20to25_EB2": 2.655826517380774,
    "ptcorr_20to25_EE": 2.695525497663766,
    "ptcorr_25to35_EB1": 11.867665651720017,
    "ptcorr_25to35_EB2": 6.3325810946989805,
    "ptcorr_25to35_EE": 5.064273622818291,
    "ptcorr_35to50_EB1": 14.074296569218859,
    "ptcorr_35to50_EB2": 8.829263864317909,
    "ptcorr_35to50_EE": 5.929411638760939,
    "ptcorr_50to100_EB1": 20.051459779264405,
    "ptcorr_50to100_EB2": 12.131747889798135,
    "ptcorr_50to100_EE": 6.619747832417488
  },
  "PileupReweight_Up": {
    "ptcorr_10to15_EB1": 2.12920675217174,
    "ptcorr_10to15_EB2": 1.0899183615110815,
    "ptcorr_10to15_EE": 1.4965592143125832,
    "ptcorr_15to20_EB1": 3.4660660354420543,
    "ptcorr_15to20_EB2": 2.04259154596366,
    "ptcorr_15to20_EE": 1.9804053285624832,
    "ptcorr_20to25_EB1": 4.118090830743313,
    "ptcorr_20to25_EB2": 2.6150673632510006,
    "ptcorr_20to25_EE": 2.720558190252632,
    "ptcorr_25to35_EB1": 11.677705771522596,
    "ptcorr_25to35_EB2": 6.235181531636044,
    "ptcorr_25to35_EE": 4.986728076590225,
    "ptcorr_35to50_EB1": 14.019390777917579,
    "ptcorr_35to50_EB2": 8.693058730801567,
    "ptcorr_35to50_EE": 5.781279940158129,
    "ptcorr_50to100_EB1": 19.928303407970816,
    "ptcorr_50to100_EB2": 11.995210957713425,
    "ptcorr_50to100_EE": 6.632177289808169
  },
  "PileupReweight_Down": {
    "ptcorr_10to15_EB1": 2.233426103601232,
    "ptcorr_10to15_EB2": 1.1545856661396101,
    "ptcorr_10to15_EE": 1.6050230104010552,
    "ptcorr_15to20_EB1": 3.6910134369973093,
    "ptcorr_15to20_EB2": 2.0610989058041014,
    "ptcorr_15to20_EE": 1.964564806316048,
    "ptcorr_20to25_EB1": 4.040779467031825,
    "ptcorr_20to25_EB2": 2.701732598361559,
    "ptcorr_20to25_EE": 2.6676506098010577,
    "ptcorr_25to35_EB1": 12.039966963115148,
    "ptcorr_25to35_EB2": 6.471030154149048,
    "ptcorr_25to35_EE": 5.1329584730556235,
    "ptcorr_35to50_EB1": 14.133364090463147,
    "ptcorr_35to50_EB2": 8.970730890112463,
    "ptcorr_35to50_EE": 6.08983852667734,
    "ptcorr_50to100_EB1": 20.12614768790081,
    "ptcorr_50to100_EB2": 12.234405289404094,
    "ptcorr_50to100_EE": 6.589326154789887
  },
  "JetEn_Up": {
    "ptcorr_10to15_EB1": 2.0287398796062917,
    "ptcorr_10to15_EB2": 1.118435604730621,
    "ptcorr_10to15_EE": 1.4304064859170467,
    "ptcorr_15to20_EB1": 3.613326277816668,
    "ptcorr_15to20_EB2": 1.867179931839928,
    "ptcorr_15to20_EE": 1.933945721713826,
    "ptcorr_20to25_EB1": 3.9802617342211306,
    "ptcorr_20to25_EB2": 2.5465394409839064,
    "ptcorr_20to25_EE": 2.5545946126803756,
    "ptcorr_25to35_EB1": 11.213283244520426,
    "ptcorr_25to35_EB2": 6.178672784473747,
    "ptcorr_25to35_EE": 4.918080143397674,
    "ptcorr_35to50_EB1": 13.487574743572623,
    "ptcorr_35to50_EB2": 8.519698278978467,
    "ptcorr_35to50_EE": 5.7640797465574,
    "ptcorr_50to100_EB1": 19.08814661554061,
    "ptcorr_50to100_EB2": 11.900143129751086,
    "ptcorr_50to100_EE": 6.049818709027022
  },
  "JetEn_Down": {
    "ptcorr_10to15_EB1": 2.3919926781672984,
    "ptcorr_10to15_EB2": 1.2819850901141763,
    "ptcorr_10to15_EE": 1.5584039413370192,
    "ptcorr_15to20_EB1": 3.6801182387862355,
    "ptcorr_15to20_EB2": 2.254350100411102,
    "ptcorr_15to20_EE": 2.115471664816141,
    "ptcorr_20to25_EB1": 4.182616407750174,
    "ptcorr_20to25_EB2": 2.8155192954000086,
    "ptcorr_20to25_EE": 2.4158802023157477,
    "ptcorr_25to35_EB1": 11.75404192507267,
    "ptcorr_25to35_EB2": 6.654190406668931,
    "ptcorr_25to35_EE": 5.476051373872906,
    "ptcorr_35to50_EB1": 14.803419035626575,