{
  "Central": {
    "ptcorr_10to15_EB1": 70.01251046359539,
    "ptcorr_10to15_EB2": 45.5678131505847,
    "ptcorr_10to15_EE": 53.37562743574381,
    "ptcorr_15to20_EB1": 68.39206095039845,
    "ptcorr_15to20_EB2": 28.031342521309853,
    "ptcorr_15to20_EE": 44.767784990370274,
    "ptcorr_20to25_EB1": 66.62216770648956,
    "ptcorr_20to25_EB2": 36.495121479034424,
    "ptcorr_20to25_EE": 43.614289954304695,
    "ptcorr_25to35_EB1": 142.51292642951012,
    "ptcorr_25to35_EB2": 63.976601630449295,
    "ptcorr_25to35_EE": 67.47959119081497,
    "ptcorr_35to50_EB1": 148.4588839262724,
    "ptcorr_35to50_EB2": 98.71761977672577,
    "ptcorr_35to50_EE": 74.12270113825798,
    "ptcorr_50to100_EB1": 183.28940131515265,
    "ptcorr_50to100_EB2": 116.78732734173536,
    "ptcorr_50to100_EE": 68.11145979911089
  },
  "MotherJetPt_Up": {
    "ptcorr_10to15_EB1": 48.1621977686882,
    "ptcorr_10to15_EB2": 29.2040943428874,
    "ptcorr_10to15_EE": 34.05300084501505,
    "ptcorr_15to20_EB1": 45.192859306931496,
    "ptcorr_15to20_EB2": 18.712267830967903,
    "ptcorr_15to20_EE": 31.43760009855032,
    "ptcorr_20to25_EB1": 42.1070287078619,
    "ptcorr_20to25_EB2": 24.83576523512602,
    "ptcorr_20to25_EE": 28.247086226940155,
    "ptcorr_25to35_EB1": 88.5073225274682,
    "ptcorr_25to35_EB2": 45.34325022995472,
    "ptcorr_25to35_EE": 40.0347306355834,
    "ptcorr_35to50_EB1": 102.00831191986799,
    "ptcorr_35to50_EB2": 64.22576543688774,
    "ptcorr_35to50_EE": 45.68025988340378,
    "ptcorr_50to100_EB1": 133.7399322092533,
    "ptcorr_50to100_EB2": 87.12588933855295,
    "ptcorr_50to100_EE": 48.386629454791546
  },
  "MotherJetPt_Down": {
    "ptcorr_10to15_EB1": 78.64093662798405,
    "ptcorr_10to15_EB2": 48.92251647263765,
    "ptcorr_10to15_EE": 61.15859927237034,
    "ptcorr_15to20_EB1": 75.5058344528079,
    "ptcorr_15to20_EB2": 27.206946402788162,
    "ptcorr_15to20_EE": 50.38682336360216,
    "ptcorr_20to25_EB1": 77.23431552946568,
    "ptcorr_20to25_EB2": 39.21286699175835,
    "ptcorr_20to25_EE": 47.96572061628103,
    "ptcorr_25to35_EB1": 159.1510434895754,
    "ptcorr_25to35_EB2": 70.29765214771032,
    "ptcorr_25to35_EE": 77.20595344901085,
    "ptcorr_35to50_EB1": 169.64293368160725,
    "ptcorr_35to50_EB2": 109.22445461153984,
    "ptcorr_35to50_EE": 81.99478139728308,
    "ptcorr_50to100_EB1": 209.43370277434587,
    "ptcorr_50to100_EB2": 131.55842053890228,
    "ptcorr_50to100_EE": 73.2520022764802
  },
  "RequireHeavyTag": {
    "ptcorr_10to15_EB1": 35.60262206196785,
    "ptcorr_10to15_EB2": 23.976589523255825,
    "ptcorr_10to15_EE": 31.81048794090748,
    "ptcorr_15to20_EB1": 36.08175998926163,
    "ptcorr_15to20_EB2": 16.202714160084724,
    "ptcorr_15to20_EE": 22.539388060569763,
    "ptcorr_20to25_EB1": 45.29048750549555,
    "ptcorr_20to25_EB2": 21.410101354122162,
    "ptcorr_20to25_EE": 23.1097619086504,
    "ptcorr_25to35_EB1": 83.10309939086437,
    "ptcorr_25to35_EB2": 42.714606523513794,
    "ptcorr_25to35_EE": 40.672122702002525,
    "ptcorr_35to50_EB1": 103.50471590459347,
    "ptcorr_35to50_EB2": 66.09904988110065,
    "ptcorr_35to50_EE": 49.5703244805336,
    "ptcorr_50to100_EB1": 112.8525645583868,
    "ptcorr_50to100_EB2": 78.47077276557684,
    "ptcorr_50to100_EE": 35.124688379466534
  },
  "L1Prefire_Up": {
    "ptcorr_10to15_EB1": 70.01251046359539,
    "ptcorr_10to15_EB2": 45.5678131505847,
    "ptcorr_10to15_EE": 53.37562743574381,
    "ptcorr_15to20_EB1": 68.39206095039845,
    "ptcorr_15to20_EB2": 28.031342521309853,
    "ptcorr_15to20_EE": 44.767784990370274,
    "ptcorr_20to25_EB1": 66.62216770648956,
    "ptcorr_20to25_EB2": 36.495121479034424,
    "ptcorr_20to25_EE": 43.614289954304695,
    "ptcorr_25to35_EB1": 142.51292642951012,
    "ptcorr_25to35_EB2": 63.976601630449295,
    "ptcorr_25to35_EE": 67.47959119081497,
    "ptcorr_35to50_EB1": 148.4588839262724,
    "ptcorr_35to50_EB2": 98.71761977672577,
    "ptcorr_35to50_EE": 74.12270113825798,
    "ptcorr_50to100_EB1": 183.28940131515265,
    "ptcorr_50to100_EB2": 116.78732734173536,
    "ptcorr_50to100_EE": 68.11145979911089
  },
  "L1Prefire_Down": {
    "ptcorr_10to15_EB1": 70.01251046359539,
    "ptcorr_10to15_EB2": 45.5678131505847,
    "ptcorr_10to15_EE": 53.37562743574381,
    "ptcorr_15to20_EB1": 68.39206095039845,
    "ptcorr_15to20_EB2": 28.031342521309853,
    "ptcorr_15to20_EE": 44.767784990370274,
    "ptcorr_20to25_EB1": 66.62216770648956,
    "ptcorr_20to25_EB2": 36.495121479034424,
    "ptcorr_20to25_EE": 43.614289954304695,
    "ptcorr_25to35_EB1": 142.51292642951012,
    "ptcorr_25to35_EB2": 63.976601630449295,
    "ptcorr_25to35_EE": 67.47959119081497,
    "ptcorr_35to50_EB1": 148.4588839262724,
    "ptcorr_35to50_EB2": 98.71761977672577,
    "ptcorr_35to50_EE": 74.12270113825798,
    "ptcorr_50to100_EB1": 183.28940131515265,
    "ptcorr_50to100_EB2": 116.78732734173536,
    "ptcorr_50to100_EE": 68.11145979911089
  },
  "PileupReweight_Up": {
    "ptcorr_10to15_EB1": 68.35184033960104,
    "ptcorr_10to15_EB2": 45.41763413697481,
    "ptcorr_10to15_EE": 52.89260011911392,
    "ptcorr_15to20_EB1": 68.3382258489728,
    "ptcorr_15to20_EB2": 27.84019960463047,
    "ptcorr_15to20_EE": 44.500547125935555,
    "ptcorr_20to25_EB1": 65.37171942740679,
    "ptcorr_20to25_EB2": 38.14716097712517,
    "ptcorr_20to25_EE": 42.151393942534924,
    "ptcorr_25to35_EB1": 142.20876205712557,
    "ptcorr_25to35_EB2": 64.6036930307746,
    "ptcorr_25to35_EE": 67.18334504961967,
    "ptcorr_35to50_EB1": 147.3663502112031,
    "ptcorr_35to50_EB2": 97.88854557275772,
    "ptcorr_35to50_EE": 73.1878020465374,
    "ptcorr_50to100_EB1": 181.1072268486023,
    "ptcorr_50to100_EB2": 115.19256714731455,
    "ptcorr_50to100_EE": 67.73275393247604
  },
  "PileupReweight_Down": {
    "ptcorr_10to15_EB1": 72.13336625695229,
    "ptcorr_10to15_EB2": 45.820625349879265,
    "ptcorr_10to15_EE": 54.012537967413664,
    "ptcorr_15to20_EB1": 68.137704372406,
    "ptcorr_15to20_EB2": 28.51721452921629,
    "ptcorr_15to20_EE": 45.39530497044325,
    "ptcorr_20to25_EB1": 68.17384593002498,
    "ptcorr_20to25_EB2": 34.40933779627085,
    "ptcorr_20to25_EE": 44.81802877411246,
    "ptcorr_25to35_EB1": 142.46055816300213,
    "ptcorr_25to35_EB2": 63.220364551991224,
    "ptcorr_25to35_EE": 67.82851804420352,
    "ptcorr_35to50_EB1": 149.47749796882272,
    "ptcorr_35to50_EB2": 99.97927931323647,
    "ptcorr_35to50_EE": 74.89306833222508,
    "ptcorr_50to100_EB1": 184.75342828035355,
    "ptcorr_50to100_EB2": 118.53504294343293,
    "ptcorr_50to100_EE": 68.55812782794237
  },
  "JetEn_Up": {
    "ptcorr_10to15_EB1": 69.34555234014988,
    "ptcorr_10to15_EB2": 45.056297309696674,
    "ptcorr_10to15_EE": 55.41614530235529,
    "ptcorr_15to20_EB1": 63.382080003619194,
    "ptcorr_15to20_EB2": 26.559199824929237,
    "ptcorr_15to20_EE": 39.232148103415966,
    "ptcorr_20to25_EB1": 65.52269019186497,
    "ptcorr_20to25_EB2": 34.61091995239258,
    "ptcorr_20to25_EE": 39.278658643364906,
    "ptcorr_25to35_EB1": 130.5947451889515,
    "ptcorr_25to35_EB2": 61.09297988563776,
    "ptcorr_25to35_EE": 68.61421458423138,
    "ptcorr_35to50_EB1": 140.41710722446442,
    "ptcorr_35to50_EB2": 93.8429241925478,
    "ptcorr_35to50_EE": 77.73137102276087,
    "ptcorr_50to100_EB1": 174.48863004148006,
    "ptcorr_50to100_EB2": 110.83321937918663,
    "ptcorr_50to100_EE": 64.22837475687265
  },
  "JetEn_Down": {
    "ptcorr_10to15_EB1": 73.99939770251513,
    "ptcorr_10to15_EB2": 44.6027711853385,
    "ptcorr_10to15_EE": 55.247578613460064,
    "ptcorr_15to20_EB1": 68.24292206764221,
    "ptcorr_15to20_EB2": 29.161684155464172,
    "ptcorr_15to20_EE": 40.760098561644554,
    "ptcorr_20to25_EB1": 71.41448850184679,
    "ptcorr_20to25_EB2": 34.59252583235502,
    "ptcorr_20to25_EE": 40.17668508738279,
    "ptcorr_25to35_EB1": 135.08738954365253,
    "ptcorr_25to35_EB2": 65.83805631101131,
    "ptcorr_25to35_EE": 74.21814741194248,
    "ptcorr_35to50_EB1": 164.95948844403028,