{
  "Central": {
    "ptcorr_10to15_EB1": 2.1017153176944703,
    "ptcorr_10to15_EB2": 1.445677364943549,
    "ptcorr_10to15_EE": 1.6077404515817761,
    "ptcorr_15to20_EB1": 3.6301215682178736,
    "ptcorr_15to20_EB2": 2.234015841037035,
    "ptcorr_15to20_EE": 1.979262542910874,
    "ptcorr_20to25_EB1": 4.541378979803994,
    "ptcorr_20to25_EB2": 2.6355854840949178,
    "ptcorr_20to25_EE": 2.312759750057012,
    "ptcorr_25to35_EB1": 11.3991832411848,
    "ptcorr_25to35_EB2": 6.368133249459788,
    "ptcorr_25to35_EE": 5.548089208314195,
    "ptcorr_35to50_EB1": 15.708930135006085,
    "ptcorr_35to50_EB2": 7.810274459188804,
    "ptcorr_35to50_EE": 6.172664207406342,
    "ptcorr_50to100_EB1": 21.22739551193081,
    "ptcorr_50to100_EB2": 12.759718351066113,
    "ptcorr_50to100_EE": 5.587032698793337
  },
  "MotherJetPt_Up": {
    "ptcorr_10to15_EB1": 1.0802450163755566,
    "ptcorr_10to15_EB2": 0.6997241249773651,
    "ptcorr_10to15_EE": 0.8560237574856728,
    "ptcorr_15to20_EB1": 2.115556828910485,
    "ptcorr_15to20_EB2": 1.3784858202561736,
    "ptcorr_15to20_EE": 1.18060468044132,
    "ptcorr_20to25_EB1": 2.6907186806201935,
    "ptcorr_20to25_EB2": 1.3373619001358747,
    "ptcorr_20to25_EE": 1.2190455354284495,
    "ptcorr_25to35_EB1": 6.703819265356287,
    "ptcorr_25to35_EB2": 3.7774751547258347,
    "ptcorr_25to35_EE": 3.465935956221074,
    "ptcorr_35to50_EB1": 9.884013948729262,
    "ptcorr_35to50_EB2": 5.143038681941107,
    "ptcorr_35to50_EE": 3.7289411921519786,
    "ptcorr_50to100_EB1": 16.091518171830103,
    "ptcorr_50to100_EB2": 9.776635196758434,
    "ptcorr_50to100_EE": 4.205810604384169
  },
  "MotherJetPt_Down": {
    "ptcorr_10to15_EB1": 2.7523262901231647,
    "ptcorr_10to15_EB2": 1.6961316380184144,
    "ptcorr_10to15_EE": 1.8966183071024716,
    "ptcorr_15to20_EB1": 4.391933352919295,
    "ptcorr_15to20_EB2": 2.675465232692659,
    "ptcorr_15to20_EE": 2.3950629914179444,
    "ptcorr_20to25_EB1": 5.405359168536961,
    "ptcorr_20to25_EB2": 3.1512190946377814,
    "ptcorr_20to25_EE": 2.9396173951681703,
    "ptcorr_25to35_EB1": 13.281325465999544,
    "ptcorr_25to35_EB2": 7.53077308787033,
    "ptcorr_25to35_EE": 6.35825486225076,
    "ptcorr_35to50_EB1": 17.240758857456967,
    "ptcorr_35to50_EB2": 8.982559658586979,
    "ptcorr_35to50_EE": 6.681646304670721,
    "ptcorr_50to100_EB1": 23.079711496364325,
    "ptcorr_50to100_EB2": 13.9444151786156,
    "ptcorr_50to100_EE": 6.066689130151644
  },
  "RequireHeavyTag": {
    "ptcorr_10to15_EB1": 1.3854669309221208,
    "ptcorr_10to15_EB2": 0.9453991178888828,
    "ptcorr_10to15_EE": 1.1537576401606202,
    "ptcorr_15to20_EB1": 2.1612208823207766,
    "ptcorr_15to20_EB2": 1.4851398409809917,
    "ptcorr_15to20_EE": 1.1026230084244162,
    "ptcorr_20to25_EB1": 2.8926744563505054,
    "ptcorr_20to25_EB2": 1.6497074887156487,
    "ptcorr_20to25_EE": 1.5365024413913488,
    "ptcorr_25to35_EB1": 7.141070286743343,
    "ptcorr_25to35_EB2": 3.843104788567871,
    "ptcorr_25to35_EE": 3.7457553590647876,
    "ptcorr_35to50_EB1": 10.209919532062486,
    "ptcorr_35to50_EB2": 4.9931498428341,
    "ptcorr_35to50_EE": 4.1043033744208515,
    "ptcorr_50to100_EB1": 14.36245008232072,
    "ptcorr_50to100_EB2": 8.113500585081056,
    "ptcorr_50to100_EE": 3.563818556955084
  },
  "L1Prefire_Up": {
    "ptcorr_10to15_EB1": 2.1017153176944703,
    "ptcorr_10to15_EB2": 1.445677364943549,
    "ptcorr_10to15_EE": 1.6077404515817761,
    "ptcorr_15to20_EB1": 3.6301215682178736,
    "ptcorr_15to20_EB2": 2.234015841037035,
    "ptcorr_15to20_EE": 1.979262542910874,
    "ptcorr_20to25_EB1": 4.541378979803994,
    "ptcorr_20to25_EB2": 2.6355854840949178,
    "ptcorr_20to25_EE": 2.312759750057012,
    "ptcorr_25to35_EB1": 11.3991832411848,
    "ptcorr_25to35_EB2": 6.368133249459788,
    "ptcorr_25to35_EE": 5.548089208314195,
    "ptcorr_35to50_EB1": 15.708930135006085,
    "ptcorr_35to50_EB2": 7.810274459188804,
    "ptcorr_35to50_EE": 6.172664207406342,
    "ptcorr_50to100_EB1": 21.22739551193081,
    "ptcorr_50to100_EB2": 12.759718351066113,
    "ptcorr_50to100_EE": 5.587032698793337
  },
  "L1Prefire_Down": {
    "ptcorr_10to15_EB1": 2.1017153176944703,
    "ptcorr_10to15_EB2": 1.445677364943549,
    "ptcorr_10to15_EE": 1.6077404515817761,
    "ptcorr_15to20_EB1": 3.6301215682178736,
    "ptcorr_15to20_EB2": 2.234015841037035,
    "ptcorr_15to20_EE": 1.979262542910874,
    "ptcorr_20to25_EB1": 4.541378979803994,
    "ptcorr_20to25_EB2": 2.6355854840949178,
    "ptcorr_20to25_EE": 2.312759750057012,
    "ptcorr_25to35_EB1": 11.3991832411848,
    "ptcorr_25to35_EB2": 6.368133249459788,
    "ptcorr_25to35_EE": 5.548089208314195,
    "ptcorr_35to50_EB1": 15.708930135006085,
    "ptcorr_35to50_EB2": 7.810274459188804,
    "ptcorr_35to50_EE": 6.172664207406342,
    "ptcorr_50to100_EB1": 21.22739551193081,
    "ptcorr_50to100_EB2": 12.759718351066113,
    "ptcorr_50to100_EE": 5.587032698793337
  },
  "PileupReweight_Up": {
    "ptcorr_10to15_EB1": 2.086248625535518,
    "ptcorr_10to15_EB2": 1.3946598484180868,
    "ptcorr_10to15_EE": 1.5936179421842098,
    "ptcorr_15to20_EB1": 3.5313061540946364,
    "ptcorr_15to20_EB2": 2.2174020286183804,
    "ptcorr_15to20_EE": 1.9331379472278059,
    "ptcorr_20to25_EB1": 4.540531100472435,
    "ptcorr_20to25_EB2": 2.63745300588198,
    "ptcorr_20to25_EE": 2.2678050904069096,
    "ptcorr_25to35_EB1": 11.347511602099985,
    "ptcorr_25to35_EB2": 6.195994705194607,
    "ptcorr_25to35_EE": 5.388624109793454,
    "ptcorr_35to50_EB1": 15.682980545097962,
    "ptcorr_35to50_EB2": 7.684233851032332,
    "ptcorr_35to50_EE": 6.058152618817985,
    "ptcorr_50to100_EB1": 20.95100190024823,
    "ptcorr_50to100_EB2": 12.585167453158647,
    "ptcorr_50to100_EE": 5.591789371799678
  },
  "PileupReweight_Down": {
    "ptcorr_10to15_EB1": 2.135601047310047,
    "ptcorr_10to15_EB2": 1.5021432540379465,
    "ptcorr_10to15_EE": 1.6185435933875851,
    "ptcorr_15to20_EB1": 3.733531459874939,
    "ptcorr_15to20_EB2": 2.2407242538174614,
    "ptcorr_15to20_EE": 2.0258831116370857,
    "ptcorr_20to25_EB1": 4.560054452042095,
    "ptcorr_20to25_EB2": 2.6409484954783693,
    "ptcorr_20to25_EE": 2.3604780033929273,
    "ptcorr_25to35_EB1": 11.38029050437035,
    "ptcorr_25to35_EB2": 6.564406673482154,
    "ptcorr_25to35_EE": 5.728375834180042,
    "ptcorr_35to50_EB1": 15.700917771609966,
    "ptcorr_35to50_EB2": 7.990166011906695,
    "ptcorr_35to50_EE": 6.322257406427525,
    "ptcorr_50to100_EB1": 21.484961265930906,
    "ptcorr_50to100_EB2": 12.895340872346424,
    "ptcorr_50to100_EE": 5.576405582251027
  },
  "JetEn_Up": {
    "ptcorr_10to15_EB1": 2.098954403307289,
    "ptcorr_10to15_EB2": 1.4099125664215535,
    "ptcorr_10to15_EE": 1.5545475925318897,
    "ptcorr_15to20_EB1": 3.530052036046982,
    "ptcorr_15to20_EB2": 2.3081530209165066,
    "ptcorr_15to20_EE": 1.8705430221743882,
    "ptcorr_20to25_EB1": 4.446771167451516,
    "ptcorr_20to25_EB2": 2.3908420302905142,
    "ptcorr_20to25_EE": 2.331415300955996,
    "ptcorr_25to35_EB1": 10.917942511383444,
    "ptcorr_25to35_EB2": 6.137746091466397,
    "ptcorr_25to35_EE": 5.207302995258942,
    "ptcorr_35to50_EB1": 15.156240119598806,
    "ptcorr_35to50_EB2": 7.168710357276723,
    "ptcorr_35to50_EE": 5.707886061165482,
    "ptcorr_50to100_EB1": 19.869413359090686,
    "ptcorr_50to100_EB2": 12.082072090124711,
    "ptcorr_50to100_EE": 5.86805450101383
  },
  "JetEn_Down": {
    "ptcorr_10to15_EB1": 2.124272969784215,
    "ptcorr_10to15_EB2": 1.396548654185608,
    "ptcorr_10to15_EE": 1.6264603813178837,
    "ptcorr_15to20_EB1": 3.466490341350436,
    "ptcorr_15to20_EB2": 2.3765855056699365,
    "ptcorr_15to20_EE": 2.180378606542945,
    "ptcorr_20to25_EB1": 4.76017282390967,
    "ptcorr_20to25_EB2": 2.7409815157298,
    "ptcorr_20to25_EE": 2.6156833162531257,
    "ptcorr_25to35_EB1": 12.442680802196264,
    "ptcorr_25to35_EB2": 6.730906669981778,
    "ptcorr_25to35_EE": 6.050309961661696,
    "ptcorr_35to50_EB1": 16.330705316970125,