{
  "syst": "ljet",
  "observed": 18.079135879292153,
  "expected": 55.83035090734484,
  "difference": -0.676177283762805,
  "max_bin_difference": 12.133148116229421,
  "max_bin_difference_bin": 141,
  "max_bin_difference_filtered": 0.1996198750608076,
  "max_bin_difference_filtered_bin": 42,
  "snr_threshold": 3.0,
  "mass_range_min": 10.0,
  "mass_range_max": 160.0,
  "percentile_68_difference": 0.1996198750608076,
  "percentile_95_difference": 0.1996198750608076,
  "rms_bin_difference": 0.1996198750608076,
  "chi2": 7.586115184897816,
  "ndf": 9,
  "chi2_per_ndf": 0.8429016872108684,
  "p_value": 0.5763320137908285,
  "closure_uncertainty_scale": 0.25,
  "recommended_systematic_pct": 75.0
}