{
  "syst": "ljet",
  "observed": 18.07913582457695,
  "expected": 55.83035055920482,
  "difference": -0.6761772827235772,
  "max_bin_difference": 0.7455561307491114,
  "max_bin_difference_bin": 3,
  "max_bin_difference_filtered": 0.7455561307491114,
  "max_bin_difference_filtered_bin": 3,
  "snr_threshold": 3.0,
  "mass_range_min": 10.0,
  "mass_range_max": 160.0,
  "percentile_68_difference": 0.6985859098203078,
  "percentile_95_difference": 0.7421223826308647,
  "rms_bin_difference": 0.6758787961956976,
  "chi2": 5.115965809632604,
  "ndf": 10,
  "chi2_per_ndf": 0.5115965809632603,
  "p_value": 0.8832978835818249,
  "closure_uncertainty_scale": 0.1,
  "recommended_systematic_pct": 90.0
}