{
  "masspoint": "MHc130_MA90",
  "threshold": 0.88,
  "initial_sensitivity": 0.49693133335522693,
  "max_sensitivity": 0.7428706436613257,
  "improvement": 0.4949160855797581
}