{
  "syst": "cjet",
  "observed": 18.49701484106481,
  "expected": 26.16151685983641,
  "difference": -0.2929685637050453,
  "max_bin_difference": 9.037883965921404,
  "max_bin_difference_bin": 141,
  "max_bin_difference_filtered": 0.0,
  "max_bin_difference_filtered_bin": -1,
  "snr_threshold": 3.0,
  "mass_range_min": 10.0,
  "mass_range_max": 160.0,
  "percentile_68_difference": 0.0,
  "percentile_95_difference": 0.0,
  "rms_bin_difference": 0.0,
  "chi2": 1.796666787150086,
  "ndf": 4,
  "chi2_per_ndf": 0.4491666967875215,
  "p_value": 0.7730921291442971,
  "closure_uncertainty_scale": 0.1,
  "recommended_systematic_pct": 90.0
}