{
  "nbins": 11,
  "bin_edges": [
    77.55304140121754,
    82.47268392021128,
    84.93250517970816,
    86.77737112433081,
    88.00728175407924,
    89.23719238382768,
    90.46710301357612,
    91.69701364332455,
    92.92692427307298,
    94.77179021769564,
    97.23161147719252,
    102.15125399618626
  ],
  "method": "SigmaBased",
  "voigt_width": 1.2299106297484361,
  "mass_min": 77.55304140121754,
  "mass_max": 102.15125399618626,
  "binning_type": "sigma"
}