process,threshold,initial_sensitivity,max_sensitivity,improvement
MHc-100_MA-95,0.64,2.25272455804818,2.977819201384913,0.32187452333940647
