{
  "syst": "cjet",
  "observed": 105.36460177623667,
  "expected": 146.70614681241568,
  "difference": -0.2817983154382751,
  "max_bin_difference": 1.0,
  "max_bin_difference_bin": 90,
  "max_bin_difference_filtered": 0.6131083891854704,
  "max_bin_difference_filtered_bin": 39,
  "snr_threshold": 3.0,
  "mass_range_min": 10.0,
  "mass_range_max": 160.0,
  "percentile_68_difference": 0.3609992044539507,
  "percentile_95_difference": 0.5390870168894927,
  "rms_bin_difference": 0.31815594631929156,
  "chi2": 21.542866580197668,
  "ndf": 24,
  "chi2_per_ndf": 0.8976194408415695,
  "p_value": 0.6065308035948955,
  "closure_uncertainty_scale": 0.7000000000000001,
  "recommended_systematic_pct": 29.999999999999993
}