{
  "hyperparameters": {
    "signal": "MHc115_MA87",
    "channel": "Combined",
    "iteration": 1,
    "model_idx": 8,
    "num_hidden": 96,
    "optimizer": "RMSprop",
    "initial_lr": 0.0002,
    "weight_decay": 3e-05,
    "scheduler": "CyclicLR",
    "pilot_mode": false,
    "num_classes": 4,
    "model_type": "ParticleNet",
    "num_node_features": 9,
    "num_graph_features": 4,
    "dropout_p": 0.4,
    "batch_size": 256,
    "train_folds": [
      0,
      1,
      2
    ],
    "valid_folds": [
      3
    ],
    "loss_type": "disco",
    "disco_lambda": 0.05
  },
  "training_summary": {
    "best_epoch": 24,
    "best_train_loss": 0.6570678339903115,
    "best_valid_loss": 0.6366472378583021,
    "best_train_acc": 0.5690373107790947,
    "best_valid_acc": 0.5841138362884521,
    "total_epochs": 32
  },
  "epoch_history": {
    "train_loss": [
      0.8775638475968845,
      0.7218991914418693,
      0.7036965413658814,
      0.6966304141337386,
      0.6908001282294833,
      0.6855284716945289,
      0.6805942338288374,
      0.6774634456924392,
      0.6724790439779635,
      0.6738606276120821,
      0.6758584993588526,
      0.6763051505509119,
      0.6729288860657295,
      0.6696523556231003,
      0.6681032128609422,
      0.66431406131269,
      0.6612041995155775,
      0.663603085225114,
      0.6655826278732903,
      0.6686058902450608,
      0.667770469224924,
      0.6657155323898176,
      0.6621740833966565,
      0.6596470424107143,
      0.6570678339903115,
      0.6597801695478723,
      0.6625485312974924,
      0.664279258287424,
      0.6648959916413374,
      0.6615936372055471,
      0.6612947319053951,
      0.6569183071333586
    ],
    "valid_loss": [
      0.7808495105152399,
      0.7006778985681669,
      0.6917358720806283,
      0.6826872489821743,
      0.6738801338303257,
      0.6695660873198174,
      0.6661701471033231,
      0.6624408775651959,
      0.6571784220950704,
      0.6576959314480634,
      0.6583044562541264,
      0.6593568828743948,
      0.6552944989271567,
      0.6568876454527949,
      0.6485393148073009,
      0.6450665970923195,
      0.6416850560147997,
      0.6458197580256932,
      0.6513750318070533,
      0.6473224263795665,
      0.6507935859787632,
      0.648527978171765,
      0.6425976820395026,
      0.6384249405122139,
      0.6366472378583021,
      0.6407872589541154,
      0.6443416434274593,
      0.6414043802610585,
      0.6474864046338579,
      0.6443149942747304,
      0.6455488070635729,
      0.6374412858989876
    ],
    "train_acc": [
      0.3927060291171074,
      0.504900261759758,
      0.5203116834163666,
      0.5288001373410225,
      0.536021500825882,
      0.5431391894817352,
      0.5445966646075249,
      0.5482126697897911,
      0.5521184653043747,
      0.5502003282308578,
      0.5503313466906548,
      0.5499022006988525,
      0.5532997325062752,
      0.5566620975732803,
      0.5585700944066048,
      0.5607444271445274,
      0.5666038990020752,
      0.5618298798799515,
      0.5607741624116898,
      0.5578257292509079,
      0.5596266463398933,
      0.5629271790385246,
      0.5644607245922089,
      0.5666153058409691,
      0.5690373107790947,
      0.567961797118187,
      0.564209021627903,
      0.561459593474865,
      0.5631484463810921,
      0.5653548836708069,
      0.5655712485313416,
      0.569555327296257
    ],
    "valid_acc": [
      0.45651528239250183,
      0.5231946110725403,
      0.5296316035091877,
      0.5384765490889549,
      0.5493929162621498,
      0.5508013442158699,
      0.5578829422593117,
      0.557366132736206,
      0.5647067576646805,
      0.5651608482003212,
      0.5609744936227798,
      0.5597710534930229,
      0.565064262598753,
      0.5613998509943485,
      0.5718764811754227,
      0.5767056122422218,
      0.5773118361830711,
      0.5745785683393478,
      0.5689968764781952,
      0.5760296881198883,
      0.5675747469067574,
      0.5741672590374947,
      0.5788928270339966,
      0.5829516723752022,
      0.5841138362884521,
      0.5816136002540588,
      0.5762180760502815,
      0.5829596966505051,
      0.5808203145861626,
      0.5822493955492973,
      0.5758337453007698,
      0.5872640460729599
    ],
    "epoch": [
      0,
      1,
      2,
      3,
      4,
      5,
      6,
      7,
      8,
      9,
      10,
      11,
      12,
      13,
      14,
      15,
      16,
      17,
      18,
      19,
      20,
      21,
      22,
      23,
      24,
      25,
      26,
      27,
      28,
      29,
      30,
      31
    ],
    "timestamp": [
      1767010096.7269228,
      1767010422.022586,
      1767010747.047883,
      1767011073.5382223,
      1767011400.2889693,
      1767011725.961828,
      1767012052.721104,
      1767012370.41533,
      1767012659.7327666,
      1767012942.9013095,
      1767013226.1893387,
      1767013509.0087655,
      1767013791.7486558,
      1767014075.1352746,
      1767014356.0482807,
      1767014621.9299285,
      1767014888.33314,
      1767015153.8638053,
      1767015419.8526487,
      1767015685.2214546,
      1767015950.3933089,
      1767016215.524882,
      1767016480.2537029,
      1767016725.396625,
      1767016954.2789342,
      1767017155.1620417,
      1767017354.352562,
      1767017527.2019334,
      1767017692.6230047,
      1767017858.4216974,
      1767018025.3388233,
      1767018190.5010207
    ],
    "train_ce_loss": [
      0.8467706671058226,
      0.6915262695684984,
      0.6738447780848275,
      0.6672004678872581,
      0.6614935481349024,
      0.6563764208990027,
      0.6518230705819231,
      0.6484742819175894,
      0.6438200676332491,
      0.6452579919871588,
      0.6472785742630712,
      0.6474070965881406,
      0.6441402972469213,
      0.6409041958920499,
      0.6395184565460066,
      0.6355567839551479,
      0.6327145955120539,
      0.635314244249309,
      0.6369177105126047,
      0.6399861648452319,
      0.6390839940146472,
      0.6372256524838212,
      0.633839594692807,
      0.6312527532091982,
      0.6286153027351866,
      0.6313126880709523,
      0.6339238125140182,
      0.6356500791198939,
      0.6364208623631022,
      0.632779469515415,
      0.6327127448150089,
      0.6287322513238275
    ],
    "valid_ce_loss": [
      0.7507410045765656,
      0.6713998539137168,
      0.6616070920627721,
      0.6532675415592294,
      0.645797034856719,
      0.6409741772837202,
      0.637431483138615,
      0.6341599288435888,
      0.6286111067928059,
      0.6297013979982322,
      0.6299868855153171,
      0.6304497424460632,
      0.627279868113323,
      0.6280547174769389,
      0.6202335634701689,
      0.6163941490608202,
      0.6133742479371352,
      0.617427731483755,
      0.6235327408976958,
      0.6192731434925342,
      0.6227150423530962,
      0.6199966982846529,
      0.6142714210379292,
      0.6104063994552887,
      0.608743541309951,
      0.6127562759522821,
      0.6163191715071739,
      0.6132750666477311,
      0.6181629673171212,
      0.6153541171634701,
      0.617582918892444,
      0.6091946203943709
    ],