{
  "syst": "Central",
  "observed": 72.74588088877499,
  "expected": 73.19816544139758,
  "difference": -0.00617890557632466,
  "max_bin_difference": 3.499139701779163,
  "max_bin_difference_bin": 154,
  "max_bin_difference_filtered": 2.038641898473861,
  "max_bin_difference_filtered_bin": 107,
  "snr_threshold": 3.0,
  "mass_range_min": 10.0,
  "mass_range_max": 160.0,
  "percentile_68_difference": 0.3435067383875057,
  "percentile_95_difference": 0.6494680277879298,
  "rms_bin_difference": 0.38693106760818496,
  "chi2": 13.288639665822194,
  "ndf": 13,
  "chi2_per_ndf": 1.0222030512170919,
  "p_value": 0.4257717304815108,
  "closure_uncertainty_scale": 0.9,
  "recommended_systematic_pct": 9.999999999999998
}