{
  "syst": "Central",
  "observed": 72.7458802734036,
  "expected": 73.35589662610437,
  "difference": -0.008315846179483383,
  "max_bin_difference": 5.527041990604137,
  "max_bin_difference_bin": 149,
  "max_bin_difference_filtered": 0.7727727538316072,
  "max_bin_difference_filtered_bin": 63,
  "snr_threshold": 3.0,
  "mass_range_min": 10.0,
  "mass_range_max": 160.0,
  "percentile_68_difference": 0.27448114179974065,
  "percentile_95_difference": 0.6153552989377522,
  "rms_bin_difference": 0.2980337429967948,
  "chi2": 27.074244047219427,
  "ndf": 13,
  "chi2_per_ndf": 2.0826341574784175,
  "p_value": 0.012153022336373866,
  "closure_uncertainty_scale": 1.9000000000000001,
  "recommended_systematic_pct": 90.00000000000001
}