{
  "weights": {
    "nonprompt": 0.44061858811831267,
    "diboson": 0.19105093003818954,
    "ttX": 0.36833048184349787
  },
  "yields": {
    "nonprompt": 22.002226756885648,
    "diboson": 9.540101117307895,
    "ttX": 18.39253041412207
  },
  "total_yield": 49.93485828831561,
  "mass_window": [
    83.44562143944931,
    96.19215429474322
  ]
}