{
  "hyperparameters": {
    "signal": "MHc145_MA92",
    "channel": "Combined",
    "iteration": 1,
    "model_idx": 8,
    "num_hidden": 256,
    "optimizer": "Adadelta",
    "initial_lr": 0.0014,
    "weight_decay": 1e-05,
    "scheduler": "ExponentialLR",
    "pilot_mode": false,
    "num_classes": 4,
    "model_type": "ParticleNet",
    "num_node_features": 9,
    "num_graph_features": 4,
    "dropout_p": 0.4,
    "batch_size": 256,
    "train_folds": [
      0,
      1,
      2
    ],
    "valid_folds": [
      3
    ],
    "loss_type": "disco",
    "disco_lambda": 0.05
  },
  "training_summary": {
    "best_epoch": 0,
    "best_train_loss": 1.4101923145421733,
    "best_valid_loss": 0.9551803159042144,
    "best_train_acc": 0.2582419663667679,
    "best_valid_acc": 0.3027774391521234,
    "total_epochs": 8
  },
  "epoch_history": {
    "train_loss": [
      1.4101923145421733,
      1.3565327282009878,
      1.319256090900456,
      1.2764090401785715,
      1.2497917755034194,
      1.224411094224924,
      1.2022331817534195,
      1.1808466856240503
    ],
    "valid_loss": [
      0.9551803159042144,
      0.967406366912412,
      1.0015779951928367,
      1.0552868910238777,
      1.0867801719987895,
      1.086911698462258,
      1.126618828572018,
      1.1328321644957637
    ],
    "train_acc": [
      0.2582419663667679,
      0.26552803814411163,
      0.2707435414195061,
      0.2784656286239624,
      0.28032485395669937,
      0.28411540389060974,
      0.2894405499100685,
      0.2960042506456375
    ],
    "valid_acc": [
      0.3027774391521234,
      0.29809108923655003,
      0.2606593582459027,
      0.2524292470770888,
      0.25140401840326376,
      0.251250822970178,
      0.2505243850464467,
      0.2507445249357261
    ],
    "epoch": [
      0,
      1,
      2,
      3,
      4,
      5,
      6,
      7
    ],
    "timestamp": [
      1766999100.141895,
      1766999468.1655507,
      1766999835.451939,
      1767000203.4614394,
      1767000570.822124,
      1767000939.0187492,
      1767001306.5399506,
      1767001664.712045
    ],
    "train_ce_loss": [
      1.380933899864962,
      1.3271155186337178,
      1.2898370407634956,
      1.2472588863416283,
      1.220477589545913,
      1.1950099688170528,
      1.1726597686306683,
      1.1514949680099371
    ],
    "valid_ce_loss": [
      0.9240214895509499,
      0.9367029846344196,
      0.9711946977276198,
      1.0251957157652982,
      1.0568795358945786,
      1.0570863902463878,
      1.0968648548906959,
      1.1031211305042388
    ],
    "train_disco_term": [
      0.5851690556684164,
      0.5883440403590449,
      0.5883820967833684,
      0.583003623398604,
      0.5862833867862957,
      0.5880216052104636,
      0.5914694785528269,
      0.587034392882263
    ],
    "valid_disco_term": [
      0.6231776893558637,
      0.6140678880185308,
      0.6076668305716044,
      0.6018246196630136,
      0.598013029079622,
      0.5965067202251562,
      0.5950797097363942,
      0.5942218805807578
    ]
  }
}