{
  "Central": {
    "ptcorr_10to15_EB1": 27.682452369481325,
    "ptcorr_10to15_EB2": 16.75966078462079,
    "ptcorr_10to15_EE": 13.123847724869847,
    "ptcorr_15to20_EB1": 31.264381362940185,
    "ptcorr_15to20_EB2": 20.03092560172081,
    "ptcorr_15to20_EE": 13.095962693914771,
    "ptcorr_20to30_EB1": 64.36780771659687,
    "ptcorr_20to30_EB2": 42.017970003187656,
    "ptcorr_20to30_EE": 30.00572270853445,
    "ptcorr_30to50_EB1": 127.58533469960093,
    "ptcorr_30to50_EB2": 81.40718876221217,
    "ptcorr_30to50_EE": 60.341976308613084,
    "ptcorr_50to100_EB1": 113.51989160710946,
    "ptcorr_50to100_EB2": 76.33113485667855,
    "ptcorr_50to100_EE": 54.05702006840147
  },
  "MotherJetPt_Up": {
    "ptcorr_10to15_EB1": 18.2112809936516,
    "ptcorr_10to15_EB2": 10.589636414777488,
    "ptcorr_10to15_EE": 8.633465443272144,
    "ptcorr_15to20_EB1": 20.4019137135474,
    "ptcorr_15to20_EB2": 13.0179353938438,
    "ptcorr_15to20_EE": 8.145584453828633,
    "ptcorr_20to30_EB1": 42.119225011672825,
    "ptcorr_20to30_EB2": 27.33422270230949,
    "ptcorr_20to30_EE": 18.899645691737533,
    "ptcorr_30to50_EB1": 84.36545558227226,
    "ptcorr_30to50_EB2": 52.54657107847743,
    "ptcorr_30to50_EE": 36.99088254699018,
    "ptcorr_50to100_EB1": 79.03669541003183,
    "ptcorr_50to100_EB2": 53.75410906528123,
    "ptcorr_50to100_EE": 36.32099629868753
  },
  "MotherJetPt_Down": {
    "ptcorr_10to15_EB1": 37.994472806341946,
    "ptcorr_10to15_EB2": 23.07249109633267,
    "ptcorr_10to15_EE": 18.54201035515871,
    "ptcorr_15to20_EB1": 42.03564944991376,
    "ptcorr_15to20_EB2": 26.50713849067688,
    "ptcorr_15to20_EE": 19.08018560614437,
    "ptcorr_20to30_EB1": 87.11826262366958,
    "ptcorr_20to30_EB2": 57.03211863851175,
    "ptcorr_20to30_EE": 42.22288433928043,
    "ptcorr_30to50_EB1": 159.53851927258074,
    "ptcorr_30to50_EB2": 104.87675246270373,
    "ptcorr_30to50_EE": 81.67430825030897,
    "ptcorr_50to100_EB1": 132.083744700416,
    "ptcorr_50to100_EB2": 90.40477350121364,
    "ptcorr_50to100_EE": 68.02164108376019
  },
  "RequireHeavyTag": {
    "ptcorr_10to15_EB1": 22.018998532555997,
    "ptcorr_10to15_EB2": 13.699212793260813,
    "ptcorr_10to15_EE": 10.071425431640819,
    "ptcorr_15to20_EB1": 25.58992369507905,
    "ptcorr_15to20_EB2": 16.361794180236757,
    "ptcorr_15to20_EE": 10.491092315874994,
    "ptcorr_20to30_EB1": 52.138861884362996,
    "ptcorr_20to30_EB2": 32.632713036611676,
    "ptcorr_20to30_EE": 23.901605499442667,
    "ptcorr_30to50_EB1": 103.5193913076073,
    "ptcorr_30to50_EB2": 63.62911698408425,
    "ptcorr_30to50_EE": 45.47507591813337,
    "ptcorr_50to100_EB1": 90.58281477307901,
    "ptcorr_50to100_EB2": 59.25351477554068,
    "ptcorr_50to100_EE": 40.111015665810555
  },
  "L1Prefire_Up": {
    "ptcorr_10to15_EB1": 27.601796619128436,
    "ptcorr_10to15_EB2": 16.699281136970967,
    "ptcorr_10to15_EE": 13.077372334199026,
    "ptcorr_15to20_EB1": 31.159796487307176,
    "ptcorr_15to20_EB2": 19.962034426862374,
    "ptcorr_15to20_EE": 13.04110668040812,
    "ptcorr_20to30_EB1": 64.19995084172115,
    "ptcorr_20to30_EB2": 41.866857254644856,
    "ptcorr_20to30_EE": 29.837523170514032,
    "ptcorr_30to50_EB1": 127.31947784288786,
    "ptcorr_30to50_EB2": 81.0975297773839,
    "ptcorr_30to50_EE": 60.008368011622224,
    "ptcorr_50to100_EB1": 113.28985009621829,
    "ptcorr_50to100_EB2": 76.07268702075817,
    "ptcorr_50to100_EE": 53.69453873636667
  },
  "L1Prefire_Down": {
    "ptcorr_10to15_EB1": 27.754840763285756,
    "ptcorr_10to15_EB2": 16.817808088380843,
    "ptcorr_10to15_EE": 13.16965951723978,
    "ptcorr_15to20_EB1": 31.3667109971866,
    "ptcorr_15to20_EB2": 20.098392536398023,
    "ptcorr_15to20_EE": 13.149703373201191,
    "ptcorr_20to30_EB1": 64.53110569762066,
    "ptcorr_20to30_EB2": 42.165268554352224,
    "ptcorr_20to30_EE": 30.172083580866456,
    "ptcorr_30to50_EB1": 127.84235471300781,
    "ptcorr_30to50_EB2": 81.71110351895913,
    "ptcorr_30to50_EE": 60.670862823259085,
    "ptcorr_50to100_EB1": 113.743594402913,
    "ptcorr_50to100_EB2": 76.58420029189438,
    "ptcorr_50to100_EE": 54.41653056908399
  },
  "PileupReweight_Up": {
    "ptcorr_10to15_EB1": 27.66995657933876,
    "ptcorr_10to15_EB2": 16.503008272498846,
    "ptcorr_10to15_EE": 12.717413594480604,
    "ptcorr_15to20_EB1": 31.058334041154012,
    "ptcorr_15to20_EB2": 19.6680259546265,
    "ptcorr_15to20_EE": 12.956879005767405,
    "ptcorr_20to30_EB1": 63.54678635764867,
    "ptcorr_20to30_EB2": 41.6846578263212,
    "ptcorr_20to30_EE": 29.450141770299524,
    "ptcorr_30to50_EB1": 126.72913755639456,
    "ptcorr_30to50_EB2": 80.47953568538651,
    "ptcorr_30to50_EE": 59.50516769546084,
    "ptcorr_50to100_EB1": 112.28251240868121,
    "ptcorr_50to100_EB2": 75.05242254328914,
    "ptcorr_50to100_EE": 53.11905242782086
  },
  "PileupReweight_Down": {
    "ptcorr_10to15_EB1": 27.7709701503627,
    "ptcorr_10to15_EB2": 17.0200079632923,
    "ptcorr_10to15_EE": 13.51622199837584,
    "ptcorr_15to20_EB1": 31.542091987794265,
    "ptcorr_15to20_EB2": 20.33780447067693,
    "ptcorr_15to20_EE": 13.205166763626039,
    "ptcorr_20to30_EB1": 65.05611983197741,
    "ptcorr_20to30_EB2": 42.372509482782334,
    "ptcorr_20to30_EE": 30.636318159289658,
    "ptcorr_30to50_EB1": 128.72775787347928,
    "ptcorr_30to50_EB2": 82.48723270581104,
    "ptcorr_30to50_EE": 61.03428334975615,
    "ptcorr_50to100_EB1": 114.84978427644819,
    "ptcorr_50to100_EB2": 77.37067572260275,
    "ptcorr_50to100_EE": 55.02725467411801
  },
  "PileupJetIDSF_Up": {
    "ptcorr_10to15_EB1": 27.69334215950221,
    "ptcorr_10to15_EB2": 16.768182993400842,
    "ptcorr_10to15_EE": 13.1302336063236,
    "ptcorr_15to20_EB1": 31.27685054007452,
    "ptcorr_15to20_EB2": 20.0397792882286,
    "ptcorr_15to20_EE": 13.103188009932637,
    "ptcorr_20to30_EB1": 64.3929107435979,
    "ptcorr_20to30_EB2": 42.03645450156182,
    "ptcorr_20to30_EE": 30.022131419740617,
    "ptcorr_30to50_EB1": 127.63454841217026,
    "ptcorr_30to50_EB2": 81.4440361589659,
    "ptcorr_30to50_EE": 60.37114244920667,
    "ptcorr_50to100_EB1": 113.55802726419643,
    "ptcorr_50to100_EB2": 76.36034162621945,
    "ptcorr_50to100_EE": 54.08645938290283
  },
  "PileupJetIDSF_Down": {
    "ptcorr_10to15_EB1": 27.671565205790102,
    "ptcorr_10to15_EB2": 16.751140811946243,
    "ptcorr_10to15_EE": 13.117463460657746,
    "ptcorr_15to20_EB1": 31.25191489502322,
    "ptcorr_15to20_EB2": 20.022072857711464,
    "ptcorr_15to20_EE": 13.08873881213367,
    "ptcorr_20to30_EB1": 64.34270918602124,
    "ptcorr_20to30_EB2": 41.99948675138876,
    "ptcorr_20to30_EE": 29.989317879546434,
    "ptcorr_30to50_EB1": 127.5361296152696,
    "ptcorr_30to50_EB2": 81.37034631543793,
    "ptcorr_30to50_EE": 60.312812059069984,
    "ptcorr_50to100_EB1": 113.48176138941199,
    "ptcorr_50to100_EB2": 76.30193342431448,
    "ptcorr_50to100_EE": 54.027587772579864
  },
  "JetEn_Up": {
    "ptcorr_10to15_EB1": 25.890216377330944,
    "ptcorr_10to15_EB2": 15.517578687518835,
    "ptcorr_10to15_EE": 12.056081267306581,
    "ptcorr_15to20_EB1": 28.924514471553266,
    "ptcorr_15to20_EB2": 18.849858726374805,
    "ptcorr_15to20_EE": 12.84600419178605,
    "ptcorr_20to30_EB1": 61.251969267381355,
    "ptcorr_20to30_EB2": 39.48995341965929,
    "ptcorr_20to30_EE": 26.928155853413045,
    "ptcorr_30to50_EB1": 120.40275397710502,
    "ptcorr_30to50_EB2": 75.78140683867969,
    "ptcorr_30to50_EE": 55.73719221109059,
    "ptcorr_50to100_EB1": 108.20034485682845,
    "ptcorr_50to100_EB2": 71.28344429447316,
    "ptcorr_50to100_EE": 51.353955963626504
  },
  "JetEn_Down": {
    "ptcorr_10to15_EB1": 29.447451815009117,
    "ptcorr_10to15_EB2": 16.956362017430365,
    "ptcorr_10to15_EE": 13.478759133024141,
    "ptcorr_15to20_EB1": 32.62002606398892,
    "ptcorr_15to20_EB2": 20.591099495999515,
    "ptcorr_15to20_EE": 13.584170892834663,
    "ptcorr_20to30_EB1": 70.5993253136985,
    "ptcorr_20to30_EB2": 45.31084304396063,