{
  "Central": {
    "ptcorr_10to15_EB1": 3664.792802128708,
    "ptcorr_10to15_EB2": 2425.332807962084,
    "ptcorr_10to15_EE": 2025.8252824735828,
    "ptcorr_15to20_EB1": 4229.706223566085,
    "ptcorr_15to20_EB2": 2655.2421140111983,
    "ptcorr_15to20_EE": 1997.175075221341,
    "ptcorr_20to30_EB1": 9343.288727518404,
    "ptcorr_20to30_EB2": 5569.149635819718,
    "ptcorr_20to30_EE": 3752.5526517957915,
    "ptcorr_30to50_EB1": 18315.580747312168,
    "ptcorr_30to50_EB2": 10377.625115729403,
    "ptcorr_30to50_EE": 6509.071619904833,
    "ptcorr_50to100_EB1": 22472.012651549652,
    "ptcorr_50to100_EB2": 12455.294477082789,
    "ptcorr_50to100_EE": 6909.501126386458
  },
  "MotherJetPt_Up": {
    "ptcorr_10to15_EB1": 3000.040438178694,
    "ptcorr_10to15_EB2": 2000.548945439048,
    "ptcorr_10to15_EE": 1673.47948606126,
    "ptcorr_15to20_EB1": 3481.2394334543496,
    "ptcorr_15to20_EB2": 2191.6260636425577,
    "ptcorr_15to20_EE": 1649.7988735903054,
    "ptcorr_20to30_EB1": 7735.073317971779,
    "ptcorr_20to30_EB2": 4593.914430601755,
    "ptcorr_20to30_EE": 3077.2070020558313,
    "ptcorr_30to50_EB1": 15310.726531282999,
    "ptcorr_30to50_EB2": 8611.069257259835,
    "ptcorr_30to50_EE": 5329.103427591035,
    "ptcorr_50to100_EB1": 19195.7460040641,
    "ptcorr_50to100_EB2": 10554.51611974719,
    "ptcorr_50to100_EE": 5742.724043662427
  },
  "MotherJetPt_Down": {
    "ptcorr_10to15_EB1": 3927.532169331331,
    "ptcorr_10to15_EB2": 2581.069051511353,
    "ptcorr_10to15_EE": 2152.893682990223,
    "ptcorr_15to20_EB1": 4516.245638914872,
    "ptcorr_15to20_EB2": 2833.947651173454,
    "ptcorr_15to20_EE": 2132.325768464245,
    "ptcorr_20to30_EB1": 9938.549468670273,
    "ptcorr_20to30_EB2": 5936.031503583305,
    "ptcorr_20to30_EE": 4021.490426021861,
    "ptcorr_30to50_EB1": 19345.103710437426,
    "ptcorr_30to50_EB2": 11030.452672025887,
    "ptcorr_30to50_EE": 6994.21663967357,
    "ptcorr_50to100_EB1": 23536.562977660447,
    "ptcorr_50to100_EB2": 13132.0755196549,
    "ptcorr_50to100_EE": 7413.241360734217
  },
  "RequireHeavyTag": {
    "ptcorr_10to15_EB1": 2601.823602998862,
    "ptcorr_10to15_EB2": 1737.148457491072,
    "ptcorr_10to15_EE": 1458.1314840149134,
    "ptcorr_15to20_EB1": 3029.434213442728,
    "ptcorr_15to20_EB2": 1901.6936129736714,
    "ptcorr_15to20_EE": 1433.7283582407981,
    "ptcorr_20to30_EB1": 6732.671665742062,
    "ptcorr_20to30_EB2": 3980.164433831349,
    "ptcorr_20to30_EE": 2640.2090772308875,
    "ptcorr_30to50_EB1": 13229.000951482449,
    "ptcorr_30to50_EB2": 7320.751689223107,
    "ptcorr_30to50_EE": 4437.14005656098,
    "ptcorr_50to100_EB1": 15872.74269691296,
    "ptcorr_50to100_EB2": 8546.206058299169,
    "ptcorr_50to100_EE": 4488.995659644017
  },
  "L1Prefire_Up": {
    "ptcorr_10to15_EB1": 3646.112833967665,
    "ptcorr_10to15_EB2": 2413.824654885684,
    "ptcorr_10to15_EE": 2015.9364483193494,
    "ptcorr_15to20_EB1": 4209.389157043217,
    "ptcorr_15to20_EB2": 2642.3593176420545,
    "ptcorr_15to20_EE": 1986.244557712169,
    "ptcorr_20to30_EB1": 9298.549980618176,
    "ptcorr_20to30_EB2": 5541.272448803764,
    "ptcorr_20to30_EE": 3729.8920593073417,
    "ptcorr_30to50_EB1": 18232.3641105672,
    "ptcorr_30to50_EB2": 10324.406717410428,
    "ptcorr_30to50_EE": 6464.208894322917,
    "ptcorr_50to100_EB1": 22370.99824468291,
    "ptcorr_50to100_EB2": 12390.909987880557,
    "ptcorr_50to100_EE": 6857.443274370802
  },
  "L1Prefire_Down": {
    "ptcorr_10to15_EB1": 3682.2322975602,
    "ptcorr_10to15_EB2": 2436.4595035240054,
    "ptcorr_10to15_EE": 2035.4348519323394,
    "ptcorr_15to20_EB1": 4249.478960049339,
    "ptcorr_15to20_EB2": 2667.8623782247305,
    "ptcorr_15to20_EE": 2007.905263312161,
    "ptcorr_20to30_EB1": 9387.077253676951,
    "ptcorr_20to30_EB2": 5596.492057305295,
    "ptcorr_20to30_EE": 3774.8666858426295,
    "ptcorr_30to50_EB1": 18396.980263281614,
    "ptcorr_30to50_EB2": 10429.837314323522,
    "ptcorr_30to50_EE": 6553.4091601977125,
    "ptcorr_50to100_EB1": 22570.950496315025,
    "ptcorr_50to100_EB2": 12518.45882571023,
    "ptcorr_50to100_EE": 6961.041235231329
  },
  "PileupReweight_Up": {
    "ptcorr_10to15_EB1": 3640.6538573130965,
    "ptcorr_10to15_EB2": 2397.9035832970403,
    "ptcorr_10to15_EE": 1997.2761302422732,
    "ptcorr_15to20_EB1": 4213.008651000913,
    "ptcorr_15to20_EB2": 2633.4516965439543,
    "ptcorr_15to20_EE": 1974.8383813714609,
    "ptcorr_20to30_EB1": 9301.181065788958,
    "ptcorr_20to30_EB2": 5527.087174099404,
    "ptcorr_20to30_EE": 3716.4695631833747,
    "ptcorr_30to50_EB1": 18203.928559144493,
    "ptcorr_30to50_EB2": 10298.667172211455,
    "ptcorr_30to50_EE": 6440.6104815667495,
    "ptcorr_50to100_EB1": 22272.838078872184,
    "ptcorr_50to100_EB2": 12316.98266284191,
    "ptcorr_50to100_EE": 6814.7738314557355
  },
  "PileupReweight_Down": {
    "ptcorr_10to15_EB1": 3689.590502765728,
    "ptcorr_10to15_EB2": 2453.2651039140765,
    "ptcorr_10to15_EE": 2050.6005849209614,
    "ptcorr_15to20_EB1": 4248.424485295778,
    "ptcorr_15to20_EB2": 2676.0738525325432,
    "ptcorr_15to20_EE": 2018.0429654852487,
    "ptcorr_20to30_EB1": 9381.290152438916,
    "ptcorr_20to30_EB2": 5611.5316798640415,
    "ptcorr_20to30_EE": 3787.2000475951936,
    "ptcorr_30to50_EB1": 18419.533458836377,
    "ptcorr_30to50_EB2": 10455.090631134808,
    "ptcorr_30to50_EE": 6575.915144378552,
    "ptcorr_50to100_EB1": 22666.19462710328,
    "ptcorr_50to100_EB2": 12589.484934164444,
    "ptcorr_50to100_EE": 6999.250233469298
  },
  "PileupJetIDSF_Up": {
    "ptcorr_10to15_EB1": 3666.9122443234082,
    "ptcorr_10to15_EB2": 2426.740509590134,
    "ptcorr_10to15_EE": 2026.9493418117054,
    "ptcorr_15to20_EB1": 4232.159763676114,
    "ptcorr_15to20_EB2": 2656.7618986452,
    "ptcorr_15to20_EE": 1998.2937357090414,
    "ptcorr_20to30_EB1": 9348.611703266622,
    "ptcorr_20to30_EB2": 5572.339755018242,
    "ptcorr_20to30_EE": 3754.7204984792043,
    "ptcorr_30to50_EB1": 18325.949369096663,
    "ptcorr_30to50_EB2": 10383.561423910316,
    "ptcorr_30to50_EE": 6512.87156409747,
    "ptcorr_50to100_EB1": 22484.251058302354,
    "ptcorr_50to100_EB2": 12462.44612047309,
    "ptcorr_50to100_EE": 6913.5879651836585
  },
  "PileupJetIDSF_Down": {
    "ptcorr_10to15_EB1": 3662.6744158051442,
    "ptcorr_10to15_EB2": 2423.9258104895707,
    "ptcorr_10to15_EE": 2024.7018343503587,
    "ptcorr_15to20_EB1": 4227.253898605239,
    "ptcorr_15to20_EB2": 2653.7230963604525,
    "ptcorr_15to20_EE": 1996.0569439069368,
    "ptcorr_20to30_EB1": 9337.968447652878,
    "ptcorr_20to30_EB2": 5565.961137503153,
    "ptcorr_20to30_EE": 3750.3859336399473,
    "ptcorr_30to50_EB1": 18305.217281733407,
    "ptcorr_30to50_EB2": 10371.691696583759,
    "ptcorr_30to50_EE": 6505.273601040011,
    "ptcorr_50to100_EB1": 22459.78018320282,
    "ptcorr_50to100_EB2": 12448.146524327341,
    "ptcorr_50to100_EE": 6905.416441783076
  },
  "JetEn_Up": {
    "ptcorr_10to15_EB1": 3376.551672539208,
    "ptcorr_10to15_EB2": 2235.68418824533,
    "ptcorr_10to15_EE": 1852.505323696183,
    "ptcorr_15to20_EB1": 3866.5461959030945,
    "ptcorr_15to20_EB2": 2416.3055025599897,
    "ptcorr_15to20_EE": 1827.7445975737646,
    "ptcorr_20to30_EB1": 8532.091076395824,
    "ptcorr_20to30_EB2": 5060.578702224884,
    "ptcorr_20to30_EE": 3376.289620047901,
    "ptcorr_30to50_EB1": 16871.245244027115,
    "ptcorr_30to50_EB2": 9444.925514082424,
    "ptcorr_30to50_EE": 5812.257931826753,
    "ptcorr_50to100_EB1": 21093.11943524005,
    "ptcorr_50to100_EB2": 11508.113612381509,
    "ptcorr_50to100_EE": 6260.599147221539
  },
  "JetEn_Down": {
    "ptcorr_10to15_EB1": 3960.9642947339453,
    "ptcorr_10to15_EB2": 2635.0219700972084,
    "ptcorr_10to15_EE": 2191.603478197474,
    "ptcorr_15to20_EB1": 4587.237160229823,
    "ptcorr_15to20_EB2": 2888.6045543067157,
    "ptcorr_15to20_EE": 2180.0327505175956,
    "ptcorr_20to30_EB1": 10181.752491113264,
    "ptcorr_20to30_EB2": 6104.8722340899985,