{
  "nbins": 19,
  "bin_edges": [
    13.336180022051103,
    13.83195292376807,
    14.162468191579379,
    14.272639947516483,
    14.382811703453585,
    14.49298345939069,
    14.603155215327792,
    14.713326971264896,
    14.823498727201999,
    14.933670483139103,
    15.043842239076206,
    15.15401399501331,
    15.264185750950412,
    15.374357506887517,
    15.48452926282462,
    15.594701018761723,
    15.704872774698826,
    15.81504453063593,
    16.14555979844724,
    16.641332700164206
  ],
  "method": "ExtendedBins",
  "voigt_width": 0.1652576339056551,
  "mass_min": 13.336180022051103,
  "mass_max": 16.641332700164206,
  "binning_type": "extended"
}