{
  "syst": "cjet",
  "observed": 320.45585203170776,
  "expected": 256.3191460536327,
  "difference": 0.25022206481857956,
  "max_bin_difference": 1.40460972333264,
  "max_bin_difference_bin": 158,
  "max_bin_difference_filtered": 1.40460972333264,
  "max_bin_difference_filtered_bin": 158,
  "snr_threshold": 3.0,
  "mass_range_min": 10.0,
  "mass_range_max": 160.0,
  "percentile_68_difference": 0.35423463396887844,
  "percentile_95_difference": 0.8600406191156134,
  "rms_bin_difference": 0.4090556577986205,
  "chi2": 46.91616303310655,
  "ndf": 42,
  "chi2_per_ndf": 1.117051500788251,
  "p_value": 0.27795407260558036,
  "closure_uncertainty_scale": 1.1500000000000001,
  "recommended_systematic_pct": 15.000000000000014
}