process,threshold,initial_sensitivity,max_sensitivity,improvement
MHc-160_MA-85,0.54,2.6776757265367976,3.1721953430494327,0.18468241378586492
