{
  "era": "2022",
  "channel": "ZFake3Mu",
  "histkey": "pair_lowM/mass",
  "systematic": "Central",
  "data": {
    "events": 89.0,
    "stat_error": 9.433981132056603,
    "systematics": {},
    "syst_error": 0.0,
    "total_error": 9.433981132056603
  },
  "samples": {
    "DoubleMuon_C": {
      "events": 5.0,
      "stat_error": 2.23606797749979,
      "systematics": {},
      "syst_error": 0.0,
      "total_error": 2.23606797749979
    },
    "Muon_C": {
      "events": 54.0,
      "stat_error": 7.3484692283495345,
      "systematics": {},
      "syst_error": 0.0,
      "total_error": 7.3484692283495345
    },
    "Muon_D": {
      "events": 30.0,
      "stat_error": 5.477225575051661,
      "systematics": {},
      "syst_error": 0.0,
      "total_error": 5.477225575051661
    },
    "nonprompt_Muon_D": {
      "events": 14.303890225943178,
      "stat_error": 2.5492256647750957,
      "systematics": {
        "nonprompt_rate": 4.291167067782953
      },
      "syst_error": 4.291167067782953,
      "total_error": 4.99125898882967
    },
    "nonprompt_Muon_C": {
      "events": 16.084849108941853,
      "stat_error": 2.6091300682573557,
      "systematics": {
        "nonprompt_rate": 4.825454732682556
      },
      "syst_error": 4.825454732682556,
      "total_error": 5.485669794132082
    },
    "nonprompt_DoubleMuon_C": {
      "events": 2.064337683841586,
      "stat_error": 1.012132669792542,
      "systematics": {
        "nonprompt_rate": 0.6193013051524758
      },
      "syst_error": 0.6193013051524758,
      "total_error": 1.1865692764541558
    },
    "DYJets": {
      "events": 0.1014896035194397,
      "stat_error": 0.6803848141925755,
      "systematics": {
        "PileupReweight": 0.42003608304165124,
        "MuonIDSF": 0.013998405689094566,
        "DblMuTrigSF": 0.0004654894836114541,
        "JetEn": 5.1746478752474854e-05,
        "JetRes": 4.345113193872579e-06,
        "MuonEn": 0.6048255678635831,
        "ElectronEn": 0.0,
        "ElectronRes": 0.0,
        "UnclusteredEn": 0.0,
        "BtagSF_HFcorr": 0.0,
        "BtagSF_HFuncorr": 0.0,
        "BtagSF_LFcorr": 0.0022373662157898857,
        "BtagSF_LFuncorr": 0.0011816575762366944
      },
      "syst_error": 0.7365099153844187,
      "total_error": 1.0026815799861035
    },
    "tZq": {
      "events": 0.776047601364553,
      "stat_error": 0.12057690445300114,
      "systematics": {
        "PileupReweight": 0.021277736912376215,
        "MuonIDSF": 0.0028114599789066624,
        "DblMuTrigSF": 0.0001660840232634519,
        "JetEn": 0.014513320729753509,
        "JetRes": 0.003595611466488839,
        "MuonEn": 0.04204596140831326,
        "ElectronEn": 0.0,
        "ElectronRes": 0.0,
        "UnclusteredEn": 0.0,
        "BtagSF_HFcorr": 0.038688699392996705,
        "BtagSF_HFuncorr": 0.01647227249265947,
        "BtagSF_LFcorr": 0.00042202653666623103,
        "BtagSF_LFuncorr": 0.0002047682117663467,
        "xsec": 0.02716166604775929
      },
      "syst_error": 0.07041469385790419,
      "total_error": 0.13963172633241536
    },
    "TTZ_M50": {
      "events": 3.683685488987976,
      "stat_error": 0.21577141384049248,
      "systematics": {
        "PileupReweight": 0.04151105139371343,
        "MuonIDSF": 0.012418466107649786,
        "DblMuTrigSF": 0.0007562665748943763,
        "JetEn": 0.014523645604305097,
        "JetRes": 0.0022876403040563587,
        "MuonEn": 0.08246218235960416,
        "ElectronEn": 0.0,
        "ElectronRes": 0.0,
        "UnclusteredEn": 0.0,
        "BtagSF_HFcorr": 0.08811600141459462,
        "BtagSF_HFuncorr": 0.04495342118127237,
        "BtagSF_LFcorr": 0.001824882605292513,
        "BtagSF_LFuncorr": 0.0008785472408519173,
        "xsec": 0.27627641167409805
      },
      "syst_error": 0.30824038703130774,
      "total_error": 0.3762571450855591
    },
    "TTZ_M4to50": {
      "events": 0.007457457822965807,
      "stat_error": 0.014566499048187517,
      "systematics": {
        "PileupReweight": 0.004028895936672231,
        "MuonIDSF": 0.00026559578927129565,
        "DblMuTrigSF": 1.6589922358635934e-05,
        "JetEn": 0.002825680775027232,
        "JetRes": 6.2703265279755415e-06,
        "MuonEn": 0.004913643260838229,
        "ElectronEn": 0.0,
        "ElectronRes": 0.0,
        "UnclusteredEn": 0.0,
        "BtagSF_HFcorr": 0.002192615162240564,
        "BtagSF_HFuncorr": 0.0011002219533537635,
        "BtagSF_LFcorr": 4.07349842921579e-05,
        "BtagSF_LFuncorr": 2.138772457834993e-05,
        "xsec": 0.0005593093367224352
      },
      "syst_error": 0.007400284682068139,
      "total_error": 0.016338516086123005
    },
    "TTHToNonbb": {
      "events": 0.12499617994762957,
      "stat_error": 0.009549453336119706,
      "systematics": {
        "PileupReweight": 0.0018073204263698375,
        "MuonIDSF": 0.00027897913790890673,
        "DblMuTrigSF": 1.6711329287297705e-05,
        "JetEn": 0.0013477201093954447,
        "JetRes": 0.0009802933883474544,
        "MuonEn": 0.003451050606927703,
        "ElectronEn": 0.0,
        "ElectronRes": 0.0,
        "UnclusteredEn": 0.0,
        "BtagSF_HFcorr": 0.0033717853036503427,
        "BtagSF_HFuncorr": 0.001517619317453642,
        "BtagSF_LFcorr": 5.3393896622094417e-05,
        "BtagSF_LFuncorr": 2.6510275527559256e-05,
        "xsec": 0.012499617994762968
      },
      "syst_error": 0.0137094018435561,
      "total_error": 0.01670747610882108
    },
    "TTWToLNu": {
      "events": 0.07307220809161663,
      "stat_error": 0.055059022411872674,
      "systematics": {
        "PileupReweight": 0.008126482984760588,
        "MuonIDSF": 0.0011356340952851586,
        "DblMuTrigSF": 6.0255089195133686e-05,
        "JetEn": 7.603056715241459e-06,
        "JetRes": 1.0842530850473622e-06,
        "MuonEn": 0.0,
        "ElectronEn": 0.0,
        "ElectronRes": 0.0,
        "UnclusteredEn": 0.0,
        "BtagSF_HFcorr": 0.0,
        "BtagSF_HFuncorr": 0.0,
        "BtagSF_LFcorr": 0.00025988369331737604,
        "BtagSF_LFuncorr": 0.00012601659951105336,
        "xsec": 0.008768664970994003
      },
      "syst_error": 0.012012742619767123,
      "total_error": 0.05635425391396702
    },
    "WZTo3LNu_powheg": {
      "events": 46.294168991968036,
      "stat_error": 1.4425215265657774,
      "systematics": {
        "PileupReweight": 0.3051755736467544,
        "MuonIDSF": 0.1362061801141217,
        "DblMuTrigSF": 0.00748009833458886,
        "JetEn": 0.15380715847426887,
        "JetRes": 0.0636761398886327,
        "MuonEn": 0.5276149461941088,
        "ElectronEn": 0.0,
        "ElectronRes": 0.0,
        "UnclusteredEn": 0.0,
        "BtagSF_HFcorr": 0.09500068398258851,
        "BtagSF_HFuncorr": 0.03962978160618779,
        "BtagSF_LFcorr": 0.025214545191884555,
        "BtagSF_LFuncorr": 0.012167897795044161,
        "xsec": 9.888438831343441
      },
      "syst_error": 9.910117609400688,
      "total_error": 10.014554377842245
    },
    "ZZTo4L_powheg": {
      "events": 3.516947253898252,
      "stat_error": 0.06751492724104936,
      "systematics": {
        "PileupReweight": 0.014119424802101274,
        "MuonIDSF": 0.009406826979088585,
        "DblMuTrigSF": 0.0005440288006852524,
        "JetEn": 0.025378559754283287,
        "JetRes": 0.007690792716585078,
        "MuonEn": 0.03531444029149776,
        "ElectronEn": 0.0,
        "ElectronRes": 0.0,
        "UnclusteredEn": 0.0,
        "BtagSF_HFcorr": 0.004247311639313018,
        "BtagSF_HFuncorr": 0.0018799492093278594,
        "BtagSF_LFcorr": 0.0017076219089937191,
        "BtagSF_LFuncorr": 0.0009168858126172566,
        "xsec": 0.7385254278233293
      },
      "syst_error": 0.7400564909909282,
      "total_error": 0.7431297835897643
    },
    "VBFHToZZTo4L": {
      "events": 0.01675503875594586,
      "stat_error": 0.0014204965757671274,
      "systematics": {
        "PileupReweight": 0.00020207503990649761,
        "MuonIDSF": 4.669683622308057e-05,