{
  "syst": "Central",
  "observed": 126.76414351724088,
  "expected": 127.86011667759158,
  "difference": -0.008571657752466079,
  "max_bin_difference": 6.750395128391725,
  "max_bin_difference_bin": 135,
  "max_bin_difference_filtered": 1.630171108328721,
  "max_bin_difference_filtered_bin": 116,
  "snr_threshold": 3.0,
  "mass_range_min": 10.0,
  "mass_range_max": 160.0,
  "percentile_68_difference": 0.22970342874137098,
  "percentile_95_difference": 0.599203550436059,
  "rms_bin_difference": 0.3719745934519005,
  "chi2": 60.576978966885605,
  "ndf": 21,
  "chi2_per_ndf": 2.8846180460421715,
  "p_value": 1.0441202523235375e-05,
  "closure_uncertainty_scale": 2.8000000000000003,
  "recommended_systematic_pct": 180.00000000000003
}