{
  "syst": "Central",
  "observed": 126.76414529234171,
  "expected": 127.8601157143712,
  "difference": -0.008571636400500383,
  "max_bin_difference": 0.24604968728701018,
  "max_bin_difference_bin": 16,
  "max_bin_difference_filtered": 0.24604968728701018,
  "max_bin_difference_filtered_bin": 16,
  "snr_threshold": 3.0,
  "mass_range_min": 10.0,
  "mass_range_max": 160.0,
  "percentile_68_difference": 0.07870110849576029,
  "percentile_95_difference": 0.16904967382038433,
  "rms_bin_difference": 0.09587130486925928,
  "chi2": 26.27624160346979,
  "ndf": 22,
  "chi2_per_ndf": 1.1943746183395358,
  "p_value": 0.24001076809073366,
  "closure_uncertainty_scale": 1.25,
  "recommended_systematic_pct": 25.0
}