{
  "syst": "Central",
  "observed": 137.3035142030567,
  "expected": 151.972236744361,
  "difference": -0.09652238366392667,
  "max_bin_difference": 0.3118888884739251,
  "max_bin_difference_bin": 25,
  "max_bin_difference_filtered": 0.3118888884739251,
  "max_bin_difference_filtered_bin": 25,
  "snr_threshold": 3.0,
  "mass_range_min": 10.0,
  "mass_range_max": 160.0,
  "percentile_68_difference": 0.14041526445291874,
  "percentile_95_difference": 0.22629982965715945,
  "rms_bin_difference": 0.13485598050465322,
  "chi2": 28.137894293773748,
  "ndf": 24,
  "chi2_per_ndf": 1.1724122622405728,
  "p_value": 0.25426664051547326,
  "closure_uncertainty_scale": 1.2000000000000002,
  "recommended_systematic_pct": 20.000000000000018
}