{
  "hyperparameters": {
    "signal": "MHc130_MA100",
    "channel": "Combined",
    "iteration": 1,
    "model_idx": 12,
    "num_hidden": 64,
    "optimizer": "Adam",
    "initial_lr": 0.0007,
    "weight_decay": 0.00026,
    "scheduler": "ReduceLROnPlateau",
    "pilot_mode": false,
    "num_classes": 4,
    "model_type": "ParticleNet",
    "num_node_features": 9,
    "num_graph_features": 4,
    "dropout_p": 0.4,
    "batch_size": 1024,
    "train_folds": [
      0,
      1,
      2
    ],
    "valid_folds": [
      3
    ]
  },
  "training_summary": {
    "best_epoch": 32,
    "best_train_loss": 0.9094170004166777,
    "best_valid_loss": 0.9522908522306587,
    "best_train_acc": 0.6293842859203533,
    "best_valid_acc": 0.6048271005614791,
    "total_epochs": 40
  },
  "epoch_history": {
    "train_loss": [
      1.0543986188168704,
      0.9917558961194874,
      0.9740301205407866,
      0.9687494889694859,
      0.9577509493265021,
      0.955013815653993,
      0.9497800724572224,
      0.9509517371225281,
      0.9448913991654304,
      0.9400686504268819,
      0.9376340190856595,
      0.9343822379989644,
      0.9329105226468407,
      0.9309802840949997,
      0.9257847945450978,
      0.9227285116837853,
      0.9236421601019378,
      0.9248657106097931,
      0.9215092926179463,
      0.9210731406708303,
      0.9183916877118524,
      0.919865452756355,
      0.9179103455258283,
      0.9159565553717753,
      0.9169377178744388,
      0.9162406991819974,
      0.9179078707958445,
      0.9156214053135356,
      0.914325206196131,
      0.9119041583229672,
      0.9152501440153508,
      0.9151829816230455,
      0.9094170004166777,
      0.9139734936986943,
      0.9106476451702394,
      0.9090536688702225,
      0.9104393064291221,
      0.9117392246509658,
      0.9096682576871911,
      0.9105663794836699
    ],
    "valid_loss": [
      1.1149629983080114,
      1.045358531071787,
      1.0258620242016907,
      1.0220505871473327,
      1.0054178363134976,
      1.0053719035253936,
      0.9963798388160983,
      1.0014728498384278,
      0.9910533074358161,
      0.9849064827102022,
      0.9818825246505215,
      0.9806527945647796,
      0.9808823520059511,
      0.9783181497264707,
      0.9728889358594962,
      0.9665343818749893,
      0.9668603702911709,
      0.9668699826179676,
      0.9671808359554893,
      0.9646180052354593,
      0.961044102043025,
      0.9634537258449744,
      0.9639335194773553,
      0.9599564443686115,
      0.9625238321196383,
      0.9633018775542803,
      0.9656366593203214,
      0.9617009496991047,
      0.9602327599678278,
      0.9544870927994415,
      0.9592693067767616,
      0.9567336383348867,
      0.9522908522306587,
      0.9566523751490504,
      0.9546040891787559,
      0.9559888199358696,
      0.9545489206151188,
      0.9585599070177934,
      0.9538261977878126,
      0.9555630697775933
    ],
    "train_acc": [
      0.5727594509725598,
      0.5859813810015202,
      0.5942345461203022,
      0.594245642066953,
      0.6001886310930618,
      0.6019329139065499,
      0.6040455821488411,
      0.6049887376141495,
      0.6082953297160547,
      0.6116751550658545,
      0.6117617034497298,
      0.6124718440353739,
      0.614520155787091,
      0.6153190639459406,
      0.617147675953974,
      0.6201702118216216,
      0.620403226701286,
      0.619677551790331,
      0.6227600057698922,
      0.6237164763711817,
      0.6243866715488832,
      0.6230973225480732,
      0.6248105367109394,
      0.6254940470246219,
      0.6245797410206052,
      0.6274890982324157,
      0.6229042530763512,
      0.6243267534369695,
      0.6269986573904552,
      0.6296949724265726,
      0.6259423232693098,
      0.6271207128036128,
      0.6293842859203533,
      0.6284500072123653,
      0.630813443848962,
      0.629572917013415,
      0.6286497342520777,
      0.629603985664037,
      0.6303163454390112,
      0.6321116696070925
    ],
    "valid_acc": [
      0.533230717459447,
      0.5510784014357913,
      0.5626507300475482,
      0.5617969825947691,
      0.5696240395341157,
      0.5714810960372408,
      0.5760302612965744,
      0.5756314303697287,
      0.5809533305498258,
      0.5860633518000361,
      0.5854775688762316,
      0.584698602222236,
      0.5877521515058983,
      0.5879515669693212,
      0.589690220541039,
      0.5947753148583216,
      0.595205304451327,
      0.5961026740367298,
      0.5969127993568851,
      0.6006580710292954,
      0.6002343131695218,
      0.5982526220017573,
      0.5996360667792533,
      0.6016863070125694,
      0.5993556387838149,
      0.6031694595217768,
      0.5962210769681372,
      0.5992434675856396,
      0.6017236974119612,
      0.6068212551957076,
      0.5999850438402433,
      0.603830023244365,
      0.6048271005614791,
      0.6050452112245979,
      0.606235472271903,
      0.6032068499211686,
      0.6026833843296836,
      0.6048021736285513,
      0.6041852320385869,
      0.6066529983984446
    ],
    "epoch": [
      0,
      1,
      2,
      3,
      4,
      5,
      6,
      7,
      8,
      9,
      10,
      11,
      12,
      13,
      14,
      15,
      16,
      17,
      18,
      19,
      20,
      21,
      22,
      23,
      24,
      25,
      26,
      27,
      28,
      29,
      30,
      31,
      32,
      33,
      34,
      35,
      36,
      37,
      38,
      39
    ],
    "timestamp": [
      1762474126.153626,
      1762474311.8838074,
      1762474497.3513412,
      1762474684.1059904,
      1762474873.4753182,
      1762475061.022311,
      1762475251.928163,
      1762475444.4108407,
      1762475638.692729,
      1762475835.8218145,
      1762476039.7321124,
      1762476255.9888108,
      1762476469.8908484,
      1762476681.744295,
      1762476894.0513372,
      1762477107.938838,
      1762477319.8152096,
      1762477533.596323,
      1762477744.5731518,
      1762477948.694787,
      1762478151.1398587,
      1762478350.690905,
      1762478548.445474,
      1762478746.5870998,
      1762478941.3469474,
      1762479135.1823397,
      1762479327.251342,
      1762479519.8347268,
      1762479711.2724557,
      1762479902.6799033,
      1762480093.8642433,
      1762480283.879587,
      1762480473.621526,
      1762480663.401324,
      1762480852.370056,
      1762481041.7879677,
      1762481230.481154,
      1762481419.33692,
      1762481608.3181512,
      1762481796.9662464
    ]
  }
}