{
  "hyperparameters": {
    "signal": "MHc130_MA100",
    "channel": "Combined",
    "iteration": 1,
    "model_idx": 9,
    "num_hidden": 128,
    "optimizer": "RMSprop",
    "initial_lr": 0.0003,
    "weight_decay": 1e-05,
    "scheduler": "ReduceLROnPlateau",
    "pilot_mode": false,
    "num_classes": 4,
    "model_type": "ParticleNet",
    "num_node_features": 9,
    "num_graph_features": 4,
    "dropout_p": 0.4,
    "batch_size": 1024,
    "train_folds": [
      0,
      1,
      2
    ],
    "valid_folds": [
      3
    ]
  },
  "training_summary": {
    "best_epoch": 36,
    "best_train_loss": 0.8716346875832602,
    "best_valid_loss": 0.9113419102755049,
    "best_train_acc": 0.6474507062570043,
    "best_valid_acc": 0.6264574466096255,
    "total_epochs": 44
  },
  "epoch_history": {
    "train_loss": [
      0.9603647452857993,
      0.9343968281715699,
      0.9256445863995774,
      0.9131349993076411,
      0.9076112016045248,
      0.9039967437382155,
      0.9022877574246078,
      0.894395260924978,
      0.8925292407231032,
      0.8906082632723586,
      0.8882698157197587,
      0.8874476854034756,
      0.8894189963799962,
      0.88271051106355,
      0.8850805796937544,
      0.880820084731382,
      0.8852768780476876,
      0.882076320019839,
      0.8822183849366505,
      0.8787121563085382,
      0.875400096029445,
      0.8787934291823473,
      0.8740750708325575,
      0.8778687668909104,
      0.8733740033453982,
      0.8816744938635135,
      0.8785941606783636,
      0.8737650068310234,
      0.8738973896471941,
      0.875916082970705,
      0.872464305851908,
      0.8755418865613208,
      0.8758884861462312,
      0.8736283362549996,
      0.8759146842187449,
      0.8760225249650537,
      0.8716346875832602,
      0.8715332559838035,
      0.8716399768836838,
      0.871518559399417,
      0.8719964128366877,
      0.8780604841711174,
      0.872564266107438,
      0.868974251636709
    ],
    "valid_loss": [
      1.0118483673126701,
      0.981908905299539,
      0.9695326058888322,
      0.9565678618313497,
      0.9551573981694624,
      0.9469487654796497,
      0.9490263022563694,
      0.938597726807339,
      0.9332906399257314,
      0.9337018730819163,
      0.9273137002963286,
      0.9311736025411256,
      0.9279339330964772,
      0.9240314657250778,
      0.9232695541808309,
      0.9237972721391087,
      0.9246530252028088,
      0.9243436134100229,
      0.9238949731188345,
      0.9192597567672971,
      0.9214068125143379,
      0.9191523563595227,
      0.9180516388223008,
      0.9189988094042405,
      0.9156998441658951,
      0.9208074235382155,
      0.9210237081178841,
      0.9191922590024446,
      0.9186005414025158,
      0.9143890494395286,
      0.9153993931521138,
      0.9153370929357607,
      0.9244240226993073,
      0.9151196026313396,
      0.9182081019579229,
      0.9189499927659558,
      0.9113419102755049,
      0.9147180407569472,
      0.9149861068406563,
      0.9174736778951951,
      0.9132481633913715,
      0.919555908250289,
      0.9122410135181386,
      0.9127652706279864
    ],
    "train_acc": [
      0.6010119503345428,
      0.611635209657912,
      0.6168392086370849,
      0.6254829510779712,
      0.6266191760150017,
      0.6289914894089189,
      0.6333055934667066,
      0.6339979805377096,
      0.6389512111225769,
      0.6383764410860713,
      0.6378283013215272,
      0.6397589960387471,
      0.6376773964470779,
      0.6425285443227589,
      0.6394638438578387,
      0.6420935832140519,
      0.6384452359553056,
      0.6403404236432432,
      0.6434228776228044,
      0.6445213763412225,
      0.6459416575125106,
      0.6445080612052417,
      0.6463677418638971,
      0.6449718717752405,
      0.6464653861944232,
      0.6417207594065888,
      0.6450717352950966,
      0.6466651132341356,
      0.6459372191338504,
      0.6456465053316024,
      0.6467605383753315,
      0.6439599214406977,
      0.6465208659276767,
      0.6487067674178623,
      0.6454179288305982,
      0.6452759007134694,
      0.6474507062570043,
      0.6487400552578143,
      0.6466207294475328,
      0.6473464043584879,
      0.6477968997925058,
      0.6429302175915138,
      0.6472088146200193,
      0.648444903076906
    ],
    "valid_acc": [
      0.5718176096317669,
      0.5827543014538633,
      0.5909427989206638,
      0.6002841670353776,
      0.5993992609164387,
      0.6065345954670373,
      0.6095881447506996,
      0.6093014850220292,
      0.6157762558500396,
      0.6128535729642486,
      0.6174027382235822,
      0.6166424667692826,
      0.6177454835513402,
      0.6191289283288361,
      0.6192099408608517,
      0.6200823835133266,
      0.6163620387738442,
      0.6184060472739283,
      0.6204188971078526,
      0.6209485944325696,
      0.6219955256155395,
      0.6217711832191888,
      0.623784033053113,
      0.6215281456231422,
      0.6238151917192729,
      0.6184247424736242,
      0.6221326237466427,
      0.6238401186522007,
      0.6214159744249668,
      0.6253793567604958,
      0.6235970810561542,
      0.6224691373411687,
      0.6208862771002499,
      0.6260773108824758,
      0.6232543357283962,
      0.6237653378534171,
      0.6264574466096255,
      0.6261520916812593,
      0.6251924047635369,
      0.6237653378534171,
      0.6245443045074126,
      0.6207803376353065,
      0.6276414759236987,
      0.6244508285089332
    ],
    "epoch": [
      0,
      1,
      2,
      3,
      4,
      5,
      6,
      7,
      8,
      9,
      10,
      11,
      12,
      13,
      14,
      15,
      16,
      17,
      18,
      19,
      20,
      21,
      22,
      23,
      24,
      25,
      26,
      27,
      28,
      29,
      30,
      31,
      32,
      33,
      34,
      35,
      36,
      37,
      38,
      39,
      40,
      41,
      42,
      43
    ],
    "timestamp": [
      1762473944.749911,
      1762474131.8086576,
      1762474318.7799196,
      1762474505.27158,
      1762474691.3919554,
      1762474877.7289603,
      1762475063.7403905,
      1762475250.6616087,
      1762475440.56247,
      1762475632.6430888,
      1762475826.2855973,
      1762476025.8706887,
      1762476235.0261755,
      1762476446.1955788,
      1762476656.9106038,
      1762476867.6034982,
      1762477078.2761323,
      1762477288.679877,
      1762477497.4879248,
      1762477706.5974917,
      1762477910.659504,
      1762478112.4791076,
      1762478310.9723675,
      1762478506.742985,
      1762478702.6255443,
      1762478898.5434344,
      1762479094.0868087,
      1762479286.9131873,
      1762479478.1588423,
      1762479667.9488144,
      1762479859.542896,
      1762480048.9400692,
      1762480237.3807752,
      1762480426.0799701,
      1762480615.073029,
      1762480803.1911144,
      1762480991.6895435,
      1762481182.8415406,
      1762481373.5042815,
      1762481561.7928836,
      1762481750.661689,
      1762481938.4198701,
      1762482124.3727024,
      1762482309.6437795
    ]
  }
}