{
  "hyperparameters": {
    "signal": "MHc130_MA100",
    "channel": "Combined",
    "iteration": 1,
    "model_idx": 14,
    "num_hidden": 96,
    "optimizer": "RMSprop",
    "initial_lr": 0.0055,
    "weight_decay": 5e-05,
    "scheduler": "ReduceLROnPlateau",
    "pilot_mode": false,
    "num_classes": 4,
    "model_type": "ParticleNet",
    "num_node_features": 9,
    "num_graph_features": 4,
    "dropout_p": 0.4,
    "batch_size": 1024,
    "train_folds": [
      0,
      1,
      2
    ],
    "valid_folds": [
      3
    ]
  },
  "training_summary": {
    "best_epoch": 1,
    "best_train_loss": 0.9872646217798674,
    "best_valid_loss": 1.0319180445410212,
    "best_train_acc": 0.5874083197407987,
    "best_valid_acc": 0.5548859904405212,
    "total_epochs": 9
  },
  "epoch_history": {
    "train_loss": [
      1.0760569465941712,
      0.9872646217798674,
      1.0225133038124805,
      1.0268292490226465,
      1.0283618714643996,
      1.0191708980342018,
      1.0379486493970258,
      1.0522018009001792,
      1.0274903729050224
    ],
    "valid_loss": [
      1.1098964972553353,
      1.0319180445410212,
      1.0554144090123618,
      1.0650828225492783,
      1.0977261732874857,
      1.0790231021487697,
      1.0684932047422078,
      1.1075995885589418,
      1.0651507307169725
    ],
    "train_acc": [
      0.5268710540039724,
      0.5874083197407987,
      0.5848917590404226,
      0.5783651232204876,
      0.5776083796589107,
      0.5782852324046026,
      0.5851447466240582,
      0.5450018308311974,
      0.5246474262951744
    ],
    "valid_acc": [
      0.5101857679676448,
      0.5548859904405212,
      0.556475082414672,
      0.5477319606902268,
      0.5387021792371112,
      0.5426967202388,
      0.5577650511936885,
      0.5306383164349501,
      0.5184802048993886
    ],
    "epoch": [
      0,
      1,
      2,
      3,
      4,
      5,
      6,
      7,
      8
    ],
    "timestamp": [
      1762474259.3597453,
      1762474443.9377782,
      1762474628.2051296,
      1762474814.3264022,
      1762474997.344015,
      1762475181.4406304,
      1762475370.4164665,
      1762475561.534941,
      1762475752.7605438
    ]
  }
}