{
  "Central": {
    "ptcorr_10to15_EB1": 33925.448045030236,
    "ptcorr_10to15_EB2": 19945.71528877318,
    "ptcorr_10to15_EE": 15319.112200677395,
    "ptcorr_15to20_EB1": 37110.65448616445,
    "ptcorr_15to20_EB2": 21224.678264558315,
    "ptcorr_15to20_EE": 16168.6656280905,
    "ptcorr_20to30_EB1": 81890.56976789236,
    "ptcorr_20to30_EB2": 42044.00604625046,
    "ptcorr_20to30_EE": 32787.66494522989,
    "ptcorr_30to50_EB1": 107756.8614204824,
    "ptcorr_30to50_EB2": 86770.41228663921,
    "ptcorr_30to50_EE": 78255.04625636339,
    "ptcorr_50to100_EB1": 29095.787274569273,
    "ptcorr_50to100_EB2": 25401.08714492619,
    "ptcorr_50to100_EE": 27509.60772447288
  },
  "MotherJetPt_Up": {
    "ptcorr_10to15_EB1": 9359.496618822217,
    "ptcorr_10to15_EB2": 5280.397690817714,
    "ptcorr_10to15_EE": 4299.855986833572,
    "ptcorr_15to20_EB1": 8759.190508902073,
    "ptcorr_15to20_EB2": 4995.288375407457,
    "ptcorr_15to20_EE": 4146.391270518303,
    "ptcorr_20to30_EB1": 16831.22388187051,
    "ptcorr_20to30_EB2": 11122.767782658339,
    "ptcorr_20to30_EE": 8413.75874312222,
    "ptcorr_30to50_EB1": 27250.77540168166,
    "ptcorr_30to50_EB2": 32802.76592065394,
    "ptcorr_30to50_EE": 40933.716550037265,
    "ptcorr_50to100_EB1": 17607.733574286103,
    "ptcorr_50to100_EB2": 14980.63210453093,
    "ptcorr_50to100_EE": 16254.854626744986
  },
  "MotherJetPt_Down": {
    "ptcorr_10to15_EB1": 118152.12340590358,
    "ptcorr_10to15_EB2": 75448.5424836278,
    "ptcorr_10to15_EE": 57895.50246246159,
    "ptcorr_15to20_EB1": 126948.51039506495,
    "ptcorr_15to20_EB2": 73146.3741478324,
    "ptcorr_15to20_EE": 55967.81058640778,
    "ptcorr_20to30_EB1": 205657.0038536638,
    "ptcorr_20to30_EB2": 105913.3771315068,
    "ptcorr_20to30_EE": 85646.70032233,
    "ptcorr_30to50_EB1": 164566.77949503064,
    "ptcorr_30to50_EB2": 124464.05318589509,
    "ptcorr_30to50_EE": 115239.84698836505,
    "ptcorr_50to100_EB1": 36435.240155011415,
    "ptcorr_50to100_EB2": 32305.28995960951,
    "ptcorr_50to100_EE": 35128.839791715145
  },
  "RequireHeavyTag": {
    "ptcorr_10to15_EB1": 1238.0935821086168,
    "ptcorr_10to15_EB2": 837.6242488324642,
    "ptcorr_10to15_EE": 535.1034293472767,
    "ptcorr_15to20_EB1": 1230.067469149828,
    "ptcorr_15to20_EB2": 762.4094840437174,
    "ptcorr_15to20_EE": 618.7455675899982,
    "ptcorr_20to30_EB1": 2172.747028455138,
    "ptcorr_20to30_EB2": 1412.6898119300604,
    "ptcorr_20to30_EE": 989.2874331921339,
    "ptcorr_30to50_EB1": 2532.526079520583,
    "ptcorr_30to50_EB2": 1598.512726381421,
    "ptcorr_30to50_EE": 1297.7477981746197,
    "ptcorr_50to100_EB1": 1468.5533789247274,
    "ptcorr_50to100_EB2": 1083.3281521350145,
    "ptcorr_50to100_EE": 960.0908574014902
  },
  "L1Prefire_Up": {
    "ptcorr_10to15_EB1": 33925.448045030236,
    "ptcorr_10to15_EB2": 19945.71528877318,
    "ptcorr_10to15_EE": 15319.112200677395,
    "ptcorr_15to20_EB1": 37110.65448616445,
    "ptcorr_15to20_EB2": 21224.678264558315,
    "ptcorr_15to20_EE": 16168.6656280905,
    "ptcorr_20to30_EB1": 81890.56976789236,
    "ptcorr_20to30_EB2": 42044.00604625046,
    "ptcorr_20to30_EE": 32787.66494522989,
    "ptcorr_30to50_EB1": 107756.8614204824,
    "ptcorr_30to50_EB2": 86770.41228663921,
    "ptcorr_30to50_EE": 78255.04625636339,
    "ptcorr_50to100_EB1": 29095.787274569273,
    "ptcorr_50to100_EB2": 25401.08714492619,
    "ptcorr_50to100_EE": 27509.60772447288
  },
  "L1Prefire_Down": {
    "ptcorr_10to15_EB1": 33925.448045030236,
    "ptcorr_10to15_EB2": 19945.71528877318,
    "ptcorr_10to15_EE": 15319.112200677395,
    "ptcorr_15to20_EB1": 37110.65448616445,
    "ptcorr_15to20_EB2": 21224.678264558315,
    "ptcorr_15to20_EE": 16168.6656280905,
    "ptcorr_20to30_EB1": 81890.56976789236,
    "ptcorr_20to30_EB2": 42044.00604625046,
    "ptcorr_20to30_EE": 32787.66494522989,
    "ptcorr_30to50_EB1": 107756.8614204824,
    "ptcorr_30to50_EB2": 86770.41228663921,
    "ptcorr_30to50_EE": 78255.04625636339,
    "ptcorr_50to100_EB1": 29095.787274569273,
    "ptcorr_50to100_EB2": 25401.08714492619,
    "ptcorr_50to100_EE": 27509.60772447288
  },
  "PileupReweight_Up": {
    "ptcorr_10to15_EB1": 33500.81085200608,
    "ptcorr_10to15_EB2": 19672.72097310424,
    "ptcorr_10to15_EE": 15109.835078939795,
    "ptcorr_15to20_EB1": 36486.369832634926,
    "ptcorr_15to20_EB2": 20942.317636847496,
    "ptcorr_15to20_EE": 15957.585328400135,
    "ptcorr_20to30_EB1": 80454.74146609008,
    "ptcorr_20to30_EB2": 41421.26718561351,
    "ptcorr_20to30_EE": 32085.85219731927,
    "ptcorr_30to50_EB1": 105949.1511604935,
    "ptcorr_30to50_EB2": 84989.88471639156,
    "ptcorr_30to50_EE": 76915.4602766335,
    "ptcorr_50to100_EB1": 28702.641019642353,
    "ptcorr_50to100_EB2": 24860.19079877436,
    "ptcorr_50to100_EE": 27201.034911602736
  },
  "PileupReweight_Down": {
    "ptcorr_10to15_EB1": 34359.85814413428,
    "ptcorr_10to15_EB2": 20233.424723774195,
    "ptcorr_10to15_EE": 15547.397852659225,
    "ptcorr_15to20_EB1": 37745.556631952524,
    "ptcorr_15to20_EB2": 21473.936483323574,
    "ptcorr_15to20_EE": 16392.11677122116,
    "ptcorr_20to30_EB1": 83234.83907929063,
    "ptcorr_20to30_EB2": 42692.031225293875,
    "ptcorr_20to30_EE": 33357.182610183954,
    "ptcorr_30to50_EB1": 109598.12224677205,
    "ptcorr_30to50_EB2": 88559.68219310045,
    "ptcorr_30to50_EE": 79595.00974601507,
    "ptcorr_50to100_EB1": 29488.85471224785,
    "ptcorr_50to100_EB2": 25928.328083634377,
    "ptcorr_50to100_EE": 27858.73895969987
  },
  "JetEn_Up": {
    "ptcorr_10to15_EB1": 35428.997683122754,
    "ptcorr_10to15_EB2": 21263.480478346348,
    "ptcorr_10to15_EE": 16063.144468456507,
    "ptcorr_15to20_EB1": 40138.275997146964,
    "ptcorr_15to20_EB2": 22731.57175604999,
    "ptcorr_15to20_EE": 17107.88085143268,
    "ptcorr_20to30_EB1": 89122.86595910788,
    "ptcorr_20to30_EB2": 45274.17287661135,
    "ptcorr_20to30_EE": 35158.54147849977,
    "ptcorr_30to50_EB1": 109780.48102234304,
    "ptcorr_30to50_EB2": 86765.32396675646,
    "ptcorr_30to50_EE": 78065.34787027538,
    "ptcorr_50to100_EB1": 28524.980994716287,
    "ptcorr_50to100_EB2": 24939.300193607807,
    "ptcorr_50to100_EE": 26935.188654214144
  },
  "JetEn_Down": {
    "ptcorr_10to15_EB1": 30901.110143348575,
    "ptcorr_10to15_EB2": 18165.079904168844,
    "ptcorr_10to15_EE": 14185.644790962338,
    "ptcorr_15to20_EB1": 33437.67379784584,
    "ptcorr_15to20_EB2": 19190.342259168625,
    "ptcorr_15to20_EE": 14981.602689683437,
    "ptcorr_20to30_EB1": 73265.56067380309,
    "ptcorr_20to30_EB2": 38039.29087008536,
    "ptcorr_20to30_EE": 29947.10589005053,
    "ptcorr_30to50_EB1": 102870.92472620308,
    "ptcorr_30to50_EB2": 86018.47888734937,
    "ptcorr_30to50_EE": 77521.28480131924,
    "ptcorr_50to100_EB1": 29321.79815672338,
    "ptcorr_50to100_EB2": 25563.235825523734,
    "ptcorr_50to100_EE": 28071.83024983108
  },
  "JetRes_Up": {
    "ptcorr_10to15_EB1": 33814.2414611429,
    "ptcorr_10to15_EB2": 19888.65084014833,
    "ptcorr_10to15_EE": 15286.977143719792,
    "ptcorr_15to20_EB1": 36908.380958497524,
    "ptcorr_15to20_EB2": 21066.39329381287,
    "ptcorr_15to20_EE": 16012.72932331264,
    "ptcorr_20to30_EB1": 81715.21880206466,
    "ptcorr_20to30_EB2": 41819.591237559915,
    "ptcorr_20to30_EE": 32732.338381156325,
    "ptcorr_30to50_EB1": 107449.76425643265,
    "ptcorr_30to50_EB2": 85809.9340582341,
    "ptcorr_30to50_EE": 77128.59990906715,
    "ptcorr_50to100_EB1": 28822.70226058364,
    "ptcorr_50to100_EB2": 25224.176053330302,
    "ptcorr_50to100_EE": 27375.34932155907
  },
  "JetRes_Down": {
    "ptcorr_10to15_EB1": 34332.67580384016,
    "ptcorr_10to15_EB2": 20200.413716733456,
    "ptcorr_10to15_EE": 15448.031666755676,
    "ptcorr_15to20_EB1": 37425.05328117311,
    "ptcorr_15to20_EB2": 21316.12232157588,
    "ptcorr_15to20_EE": 16250.642029866576,
    "ptcorr_20to30_EB1": 82089.42323100567,
    "ptcorr_20to30_EB2": 42369.315305277705,
    "ptcorr_20to30_EE": 32955.5938847661,