{
  "Central": {
    "ptcorr_10to15_EB1": 663.3803737312555,
    "ptcorr_10to15_EB2": 464.5164334923029,
    "ptcorr_10to15_EE": 400.3453425168991,
    "ptcorr_15to20_EB1": 564.2048620805144,
    "ptcorr_15to20_EB2": 376.4393701031804,
    "ptcorr_15to20_EE": 353.9537577033043,
    "ptcorr_20to30_EB1": 993.5702784433961,
    "ptcorr_20to30_EB2": 632.8718665316701,
    "ptcorr_20to30_EE": 517.7345737665892,
    "ptcorr_30to50_EB1": 1589.4631197825074,
    "ptcorr_30to50_EB2": 992.6702662780881,
    "ptcorr_30to50_EE": 719.4486049860716,
    "ptcorr_50to100_EB1": 1320.1885040402412,
    "ptcorr_50to100_EB2": 762.1598260775208,
    "ptcorr_50to100_EE": 445.43836303800344
  },
  "MotherJetPt_Up": {
    "ptcorr_10to15_EB1": 457.2344361692667,
    "ptcorr_10to15_EB2": 309.59210762381554,
    "ptcorr_10to15_EE": 262.8891262561083,
    "ptcorr_15to20_EB1": 386.288235925138,
    "ptcorr_15to20_EB2": 260.93912656605244,
    "ptcorr_15to20_EE": 222.69919154047966,
    "ptcorr_20to30_EB1": 645.1691762879491,
    "ptcorr_20to30_EB2": 407.04347994178534,
    "ptcorr_20to30_EE": 336.341400206089,
    "ptcorr_30to50_EB1": 1064.237384326756,
    "ptcorr_30to50_EB2": 663.7604040652514,
    "ptcorr_30to50_EE": 463.9159464016557,
    "ptcorr_50to100_EB1": 951.9967888593674,
    "ptcorr_50to100_EB2": 553.734541490674,
    "ptcorr_50to100_EE": 305.00528835505247
  },
  "MotherJetPt_Down": {
    "ptcorr_10to15_EB1": 812.2748203650117,
    "ptcorr_10to15_EB2": 585.0584450140595,
    "ptcorr_10to15_EE": 487.54605900496244,
    "ptcorr_15to20_EB1": 709.6893604621291,
    "ptcorr_15to20_EB2": 472.2634474262595,
    "ptcorr_15to20_EE": 428.3865908831358,
    "ptcorr_20to30_EB1": 1227.118782915175,
    "ptcorr_20to30_EB2": 813.2570347413421,
    "ptcorr_20to30_EE": 668.6919569969177,
    "ptcorr_30to50_EB1": 1922.6618486493826,
    "ptcorr_30to50_EB2": 1257.0377073436975,
    "ptcorr_30to50_EE": 932.1248395815492,
    "ptcorr_50to100_EB1": 1556.996491521597,
    "ptcorr_50to100_EB2": 927.6265746876597,
    "ptcorr_50to100_EE": 577.8335329294205
  },
  "RequireHeavyTag": {
    "ptcorr_10to15_EB1": 341.72155433893204,
    "ptcorr_10to15_EB2": 251.5067773759365,
    "ptcorr_10to15_EE": 224.28514024615288,
    "ptcorr_15to20_EB1": 320.31778129190207,
    "ptcorr_15to20_EB2": 231.33036774396896,
    "ptcorr_15to20_EE": 202.19004519283772,
    "ptcorr_20to30_EB1": 597.2229300886393,
    "ptcorr_20to30_EB2": 379.39670322835445,
    "ptcorr_20to30_EE": 324.57958597689867,
    "ptcorr_30to50_EB1": 1025.9988951086998,
    "ptcorr_30to50_EB2": 651.9323756992817,
    "ptcorr_30to50_EE": 456.98757316172123,
    "ptcorr_50to100_EB1": 852.6154186949134,
    "ptcorr_50to100_EB2": 495.5369580462575,
    "ptcorr_50to100_EE": 284.853397116065
  },
  "L1Prefire_Up": {
    "ptcorr_10to15_EB1": 663.3803737312555,
    "ptcorr_10to15_EB2": 464.5164334923029,
    "ptcorr_10to15_EE": 400.3453425168991,
    "ptcorr_15to20_EB1": 564.2048620805144,
    "ptcorr_15to20_EB2": 376.4393701031804,
    "ptcorr_15to20_EE": 353.9537577033043,
    "ptcorr_20to30_EB1": 993.5702784433961,
    "ptcorr_20to30_EB2": 632.8718665316701,
    "ptcorr_20to30_EE": 517.7345737665892,
    "ptcorr_30to50_EB1": 1589.4631197825074,
    "ptcorr_30to50_EB2": 992.6702662780881,
    "ptcorr_30to50_EE": 719.4486049860716,
    "ptcorr_50to100_EB1": 1320.1885040402412,
    "ptcorr_50to100_EB2": 762.1598260775208,
    "ptcorr_50to100_EE": 445.43836303800344
  },
  "L1Prefire_Down": {
    "ptcorr_10to15_EB1": 663.3803737312555,
    "ptcorr_10to15_EB2": 464.5164334923029,
    "ptcorr_10to15_EE": 400.3453425168991,
    "ptcorr_15to20_EB1": 564.2048620805144,
    "ptcorr_15to20_EB2": 376.4393701031804,
    "ptcorr_15to20_EE": 353.9537577033043,
    "ptcorr_20to30_EB1": 993.5702784433961,
    "ptcorr_20to30_EB2": 632.8718665316701,
    "ptcorr_20to30_EE": 517.7345737665892,
    "ptcorr_30to50_EB1": 1589.4631197825074,
    "ptcorr_30to50_EB2": 992.6702662780881,
    "ptcorr_30to50_EE": 719.4486049860716,
    "ptcorr_50to100_EB1": 1320.1885040402412,
    "ptcorr_50to100_EB2": 762.1598260775208,
    "ptcorr_50to100_EE": 445.43836303800344
  },
  "PileupReweight_Up": {
    "ptcorr_10to15_EB1": 654.1304563879967,
    "ptcorr_10to15_EB2": 466.1335682608187,
    "ptcorr_10to15_EE": 396.6835359111428,
    "ptcorr_15to20_EB1": 561.1323068588972,
    "ptcorr_15to20_EB2": 369.15797348320484,
    "ptcorr_15to20_EE": 347.73303550854325,
    "ptcorr_20to30_EB1": 986.2003826759756,
    "ptcorr_20to30_EB2": 629.5696656517684,
    "ptcorr_20to30_EE": 509.34167758375406,
    "ptcorr_30to50_EB1": 1591.92197361961,
    "ptcorr_30to50_EB2": 991.7601618953049,
    "ptcorr_30to50_EE": 714.2079915441573,
    "ptcorr_50to100_EB1": 1308.0880329422653,
    "ptcorr_50to100_EB2": 762.3857692927122,
    "ptcorr_50to100_EE": 437.9093127809465
  },
  "PileupReweight_Down": {
    "ptcorr_10to15_EB1": 675.9834277778864,
    "ptcorr_10to15_EB2": 468.6670179590583,
    "ptcorr_10to15_EE": 408.8201910853386,
    "ptcorr_15to20_EB1": 569.8063322007656,
    "ptcorr_15to20_EB2": 383.9735893085599,
    "ptcorr_15to20_EE": 360.40048302710056,
    "ptcorr_20to30_EB1": 1005.2983056232333,
    "ptcorr_20to30_EB2": 635.4187804087996,
    "ptcorr_20to30_EE": 522.1963663995266,
    "ptcorr_30to50_EB1": 1590.7819422781467,
    "ptcorr_30to50_EB2": 995.2201731577516,
    "ptcorr_30to50_EE": 724.4925099536777,
    "ptcorr_50to100_EB1": 1330.3664989173412,
    "ptcorr_50to100_EB2": 766.8085145056248,
    "ptcorr_50to100_EE": 454.08510728925467
  },
  "JetEn_Up": {
    "ptcorr_10to15_EB1": 625.9268129095435,
    "ptcorr_10to15_EB2": 448.0768278464675,
    "ptcorr_10to15_EE": 374.99588342756033,
    "ptcorr_15to20_EB1": 544.3572718799114,
    "ptcorr_15to20_EB2": 355.0420525446534,
    "ptcorr_15to20_EE": 338.89193147420883,
    "ptcorr_20to30_EB1": 950.1768347993493,
    "ptcorr_20to30_EB2": 610.0490152910352,
    "ptcorr_20to30_EE": 499.4072603434324,
    "ptcorr_30to50_EB1": 1497.3634979501367,
    "ptcorr_30to50_EB2": 932.5998535081744,
    "ptcorr_30to50_EE": 688.3564653247595,
    "ptcorr_50to100_EB1": 1271.311608582735,
    "ptcorr_50to100_EB2": 724.897074572742,
    "ptcorr_50to100_EE": 417.6629945039749
  },
  "JetEn_Down": {
    "ptcorr_10to15_EB1": 688.8675584495068,
    "ptcorr_10to15_EB2": 488.3914171755314,
    "ptcorr_10to15_EE": 416.72730365395546,
    "ptcorr_15to20_EB1": 600.8724082708359,
    "ptcorr_15to20_EB2": 398.08915112912655,
    "ptcorr_15to20_EE": 356.4593690484762,
    "ptcorr_20to30_EB1": 1038.6933094263077,
    "ptcorr_20to30_EB2": 653.6743340790272,
    "ptcorr_20to30_EE": 537.4462028667331,
    "ptcorr_30to50_EB1": 1678.324491225183,
    "ptcorr_30to50_EB2": 1025.3619820028543,
    "ptcorr_30to50_EE": 741.8259780555964,
    "ptcorr_50to100_EB1": 1377.029454447329,
    "ptcorr_50to100_EB2": 807.0450186803937,
    "ptcorr_50to100_EE": 461.4077636525035
  },
  "JetRes_Up": {
    "ptcorr_10to15_EB1": 642.2623273283243,
    "ptcorr_10to15_EB2": 461.91263580322266,
    "ptcorr_10to15_EE": 391.13802541047335,
    "ptcorr_15to20_EB1": 562.1411465108395,
    "ptcorr_15to20_EB2": 372.84185918420553,
    "ptcorr_15to20_EE": 348.1852602213621,
    "ptcorr_20to30_EB1": 987.5712566450238,
    "ptcorr_20to30_EB2": 634.7869982495904,
    "ptcorr_20to30_EE": 506.8398160636425,
    "ptcorr_30to50_EB1": 1585.7877358198166,
    "ptcorr_30to50_EB2": 991.1388199701905,
    "ptcorr_30to50_EE": 716.7879316136241,
    "ptcorr_50to100_EB1": 1318.1405075266957,
    "ptcorr_50to100_EB2": 753.4831891208887,
    "ptcorr_50to100_EE": 426.306033462286
  },
  "JetRes_Down": {
    "ptcorr_10to15_EB1": 683.893281891942,
    "ptcorr_10to15_EB2": 469.6805411577225,
    "ptcorr_10to15_EE": 408.6761229708791,
    "ptcorr_15to20_EB1": 568.4205646067858,
    "ptcorr_15to20_EB2": 378.41819174587727,
    "ptcorr_15to20_EE": 356.6105215996504,
    "ptcorr_20to30_EB1": 1010.0888376832008,
    "ptcorr_20to30_EB2": 643.7699649184942,
    "ptcorr_20to30_EE": 523.3376216292381,