{
  "Central": {
    "ptcorr_10to15_EB1": 15.633688546251506,
    "ptcorr_10to15_EB2": 8.834486204432324,
    "ptcorr_10to15_EE": 7.804816544288769,
    "ptcorr_15to20_EB1": 18.481674342183396,
    "ptcorr_15to20_EB2": 11.960054761497304,
    "ptcorr_15to20_EE": 8.671234316192567,
    "ptcorr_20to30_EB1": 47.959122825879604,
    "ptcorr_20to30_EB2": 26.853904785355553,
    "ptcorr_20to30_EE": 18.35865687718615,
    "ptcorr_30to50_EB1": 90.37030407390557,
    "ptcorr_30to50_EB2": 49.798981541534886,
    "ptcorr_30to50_EE": 30.67090992256999,
    "ptcorr_50to100_EB1": 83.05954696587287,
    "ptcorr_50to100_EB2": 44.40320856217295,
    "ptcorr_50to100_EE": 24.64666915591806
  },
  "MotherJetPt_Up": {
    "ptcorr_10to15_EB1": 8.707124582724646,
    "ptcorr_10to15_EB2": 5.066286745248362,
    "ptcorr_10to15_EE": 4.815223885001615,
    "ptcorr_15to20_EB1": 10.684326292481273,
    "ptcorr_15to20_EB2": 6.634470062330365,
    "ptcorr_15to20_EE": 4.939605269115418,
    "ptcorr_20to30_EB1": 26.810062072705477,
    "ptcorr_20to30_EB2": 15.411182295763865,
    "ptcorr_20to30_EE": 10.038865613285452,
    "ptcorr_30to50_EB1": 55.800828335108235,
    "ptcorr_30to50_EB2": 31.44262219243683,
    "ptcorr_30to50_EE": 17.95831390004605,
    "ptcorr_50to100_EB1": 62.43597539863549,
    "ptcorr_50to100_EB2": 32.81963346898556,
    "ptcorr_50to100_EE": 18.01033072080463
  },
  "MotherJetPt_Down": {
    "ptcorr_10to15_EB1": 23.210610198089853,
    "ptcorr_10to15_EB2": 13.30170931853354,
    "ptcorr_10to15_EE": 11.787737926933914,
    "ptcorr_15to20_EB1": 27.8814779445529,
    "ptcorr_15to20_EB2": 17.743854282191023,
    "ptcorr_15to20_EE": 12.666053782682866,
    "ptcorr_20to30_EB1": 66.60459054494277,
    "ptcorr_20to30_EB2": 37.43150279670954,
    "ptcorr_20to30_EE": 25.65748193790205,
    "ptcorr_30to50_EB1": 113.03856185707264,
    "ptcorr_30to50_EB2": 63.451133193215355,
    "ptcorr_30to50_EE": 39.33666788274422,
    "ptcorr_50to100_EB1": 95.65378180681728,
    "ptcorr_50to100_EB2": 51.44408440566622,
    "ptcorr_50to100_EE": 28.785931755555794
  },
  "RequireHeavyTag": {
    "ptcorr_10to15_EB1": 9.990707023302093,
    "ptcorr_10to15_EB2": 5.447404994396493,
    "ptcorr_10to15_EE": 5.14728236827068,
    "ptcorr_15to20_EB1": 11.45630832016468,
    "ptcorr_15to20_EB2": 7.897021083626896,
    "ptcorr_15to20_EE": 5.6514453801792115,
    "ptcorr_20to30_EB1": 30.943899851758033,
    "ptcorr_20to30_EB2": 17.381835632724687,
    "ptcorr_20to30_EE": 11.484970208723098,
    "ptcorr_30to50_EB1": 58.881727064726874,
    "ptcorr_30to50_EB2": 32.88778826314956,
    "ptcorr_30to50_EE": 19.03304599504918,
    "ptcorr_50to100_EB1": 53.68090776237659,
    "ptcorr_50to100_EB2": 29.08909972407855,
    "ptcorr_50to100_EE": 15.273907316615805
  },
  "L1Prefire_Up": {
    "ptcorr_10to15_EB1": 15.633688546251506,
    "ptcorr_10to15_EB2": 8.834486204432324,
    "ptcorr_10to15_EE": 7.804816544288769,
    "ptcorr_15to20_EB1": 18.481674342183396,
    "ptcorr_15to20_EB2": 11.960054761497304,
    "ptcorr_15to20_EE": 8.671234316192567,
    "ptcorr_20to30_EB1": 47.959122825879604,
    "ptcorr_20to30_EB2": 26.853904785355553,
    "ptcorr_20to30_EE": 18.35865687718615,
    "ptcorr_30to50_EB1": 90.37030407390557,
    "ptcorr_30to50_EB2": 49.798981541534886,
    "ptcorr_30to50_EE": 30.67090992256999,
    "ptcorr_50to100_EB1": 83.05954696587287,
    "ptcorr_50to100_EB2": 44.40320856217295,
    "ptcorr_50to100_EE": 24.64666915591806
  },
  "L1Prefire_Down": {
    "ptcorr_10to15_EB1": 15.633688546251506,
    "ptcorr_10to15_EB2": 8.834486204432324,
    "ptcorr_10to15_EE": 7.804816544288769,
    "ptcorr_15to20_EB1": 18.481674342183396,
    "ptcorr_15to20_EB2": 11.960054761497304,
    "ptcorr_15to20_EE": 8.671234316192567,
    "ptcorr_20to30_EB1": 47.959122825879604,
    "ptcorr_20to30_EB2": 26.853904785355553,
    "ptcorr_20to30_EE": 18.35865687718615,
    "ptcorr_30to50_EB1": 90.37030407390557,
    "ptcorr_30to50_EB2": 49.798981541534886,
    "ptcorr_30to50_EE": 30.67090992256999,
    "ptcorr_50to100_EB1": 83.05954696587287,
    "ptcorr_50to100_EB2": 44.40320856217295,
    "ptcorr_50to100_EE": 24.64666915591806
  },
  "PileupReweight_Up": {
    "ptcorr_10to15_EB1": 15.663889418588951,
    "ptcorr_10to15_EB2": 8.669948325259611,
    "ptcorr_10to15_EE": 7.879603652749211,
    "ptcorr_15to20_EB1": 17.971370405051857,
    "ptcorr_15to20_EB2": 12.005566357867792,
    "ptcorr_15to20_EE": 8.561672484502196,
    "ptcorr_20to30_EB1": 47.6053876450751,
    "ptcorr_20to30_EB2": 26.384099305141717,
    "ptcorr_20to30_EE": 18.13964712386951,
    "ptcorr_30to50_EB1": 90.28792615188286,
    "ptcorr_30to50_EB2": 49.61136356508359,
    "ptcorr_30to50_EE": 30.378126490162686,
    "ptcorr_50to100_EB1": 82.99094379832968,
    "ptcorr_50to100_EB2": 44.072618576465175,
    "ptcorr_50to100_EE": 24.03905313508585
  },
  "PileupReweight_Down": {
    "ptcorr_10to15_EB1": 15.703092275187373,
    "ptcorr_10to15_EB2": 9.035578453913331,
    "ptcorr_10to15_EE": 7.802072207909077,
    "ptcorr_15to20_EB1": 18.768577327020466,
    "ptcorr_15to20_EB2": 11.847617534920573,
    "ptcorr_15to20_EE": 8.75268058013171,
    "ptcorr_20to30_EB1": 48.63695230567828,
    "ptcorr_20to30_EB2": 27.463727159425616,
    "ptcorr_20to30_EE": 18.58513554558158,
    "ptcorr_30to50_EB1": 90.73180533386767,
    "ptcorr_30to50_EB2": 50.16113383322954,
    "ptcorr_30to50_EE": 30.89400657499209,
    "ptcorr_50to100_EB1": 83.27517497120425,
    "ptcorr_50to100_EB2": 44.63946457579732,
    "ptcorr_50to100_EE": 25.227584795095026
  },
  "JetEn_Up": {
    "ptcorr_10to15_EB1": 15.427958604414016,
    "ptcorr_10to15_EB2": 8.654674811521545,
    "ptcorr_10to15_EE": 7.854157382622361,
    "ptcorr_15to20_EB1": 17.84721208596602,
    "ptcorr_15to20_EB2": 11.704055599169806,
    "ptcorr_15to20_EE": 7.927181420382112,
    "ptcorr_20to30_EB1": 46.111201611114666,
    "ptcorr_20to30_EB2": 25.86860899068415,
    "ptcorr_20to30_EE": 17.613384496653453,
    "ptcorr_30to50_EB1": 86.70798879652284,
    "ptcorr_30to50_EB2": 47.43670767918229,
    "ptcorr_30to50_EE": 28.766933424165472,
    "ptcorr_50to100_EB1": 77.86042969650589,
    "ptcorr_50to100_EB2": 42.27798841823824,
    "ptcorr_50to100_EE": 24.270359326619655
  },
  "JetEn_Down": {
    "ptcorr_10to15_EB1": 16.104080435121432,
    "ptcorr_10to15_EB2": 9.43382564256899,
    "ptcorr_10to15_EE": 8.242752095218748,
    "ptcorr_15to20_EB1": 19.251479535363615,
    "ptcorr_15to20_EB2": 12.33315919758752,
    "ptcorr_15to20_EE": 9.293918236158788,
    "ptcorr_20to30_EB1": 49.335136817768216,
    "ptcorr_20to30_EB2": 27.39167940057814,
    "ptcorr_20to30_EE": 18.974668379640207,
    "ptcorr_30to50_EB1": 94.20502223307267,
    "ptcorr_30to50_EB2": 50.419366682413965,
    "ptcorr_30to50_EE": 32.031826249090955,
    "ptcorr_50to100_EB1": 88.2161037614569,
    "ptcorr_50to100_EB2": 46.948756394675,
    "ptcorr_50to100_EE": 25.653696173336357
  },
  "JetRes_Up": {
    "ptcorr_10to15_EB1": 15.674670015461743,
    "ptcorr_10to15_EB2": 9.099928487557918,
    "ptcorr_10to15_EE": 7.797834592638537,
    "ptcorr_15to20_EB1": 18.61019905633293,
    "ptcorr_15to20_EB2": 12.062704487936571,
    "ptcorr_15to20_EE": 8.633126385509968,
    "ptcorr_20to30_EB1": 47.977106847800314,
    "ptcorr_20to30_EB2": 26.475036970106885,
    "ptcorr_20to30_EE": 18.161268236348405,
    "ptcorr_30to50_EB1": 89.64197202958167,
    "ptcorr_30to50_EB2": 49.16083820257336,
    "ptcorr_30to50_EE": 30.373437700793147,
    "ptcorr_50to100_EB1": 82.86977592483163,
    "ptcorr_50to100_EB2": 44.29524839064106,
    "ptcorr_50to100_EE": 24.789612013148144
  },
  "JetRes_Down": {
    "ptcorr_10to15_EB1": 15.73613776336424,
    "ptcorr_10to15_EB2": 8.748317427234724,
    "ptcorr_10to15_EE": 7.745235106674954,
    "ptcorr_15to20_EB1": 18.455528527032584,
    "ptcorr_15to20_EB2": 11.821128647075966,
    "ptcorr_15to20_EE": 8.796301688998938,
    "ptcorr_20to30_EB1": 48.85576851852238,
    "ptcorr_20to30_EB2": 26.6665938841179,
    "ptcorr_20to30_EE": 17.916289701126516,