{
  "Central": {
    "ptcorr_10to15_EB1": 22.53653735201806,
    "ptcorr_10to15_EB2": 13.49974278267473,
    "ptcorr_10to15_EE": 11.81936491583474,
    "ptcorr_15to20_EB1": 24.64762192266062,
    "ptcorr_15to20_EB2": 17.26236990164034,
    "ptcorr_15to20_EE": 12.142778058769181,
    "ptcorr_20to30_EB1": 58.11879043211229,
    "ptcorr_20to30_EB2": 33.71508526895195,
    "ptcorr_20to30_EE": 24.0809489346575,
    "ptcorr_30to50_EB1": 100.62710539717227,
    "ptcorr_30to50_EB2": 57.9697173924651,
    "ptcorr_30to50_EE": 36.39564437838271,
    "ptcorr_50to100_EB1": 88.64384559332393,
    "ptcorr_50to100_EB2": 49.47937275725417,
    "ptcorr_50to100_EE": 28.020481917308643
  },
  "MotherJetPt_Up": {
    "ptcorr_10to15_EB1": 12.7283698793035,
    "ptcorr_10to15_EB2": 7.672507624141872,
    "ptcorr_10to15_EE": 6.968794352607802,
    "ptcorr_15to20_EB1": 14.177138157654554,
    "ptcorr_15to20_EB2": 10.043635355541483,
    "ptcorr_15to20_EE": 7.094111019279808,
    "ptcorr_20to30_EB1": 33.099195855204016,
    "ptcorr_20to30_EB2": 19.438118444988504,
    "ptcorr_20to30_EE": 13.384369720937684,
    "ptcorr_30to50_EB1": 62.58590420149267,
    "ptcorr_30to50_EB2": 36.56866709794849,
    "ptcorr_30to50_EE": 21.893031655810773,
    "ptcorr_50to100_EB1": 67.14483891357668,
    "ptcorr_50to100_EB2": 36.48651414480992,
    "ptcorr_50to100_EE": 20.335429657949135
  },
  "MotherJetPt_Down": {
    "ptcorr_10to15_EB1": 33.085473612416536,
    "ptcorr_10to15_EB2": 20.044203731929883,
    "ptcorr_10to15_EE": 17.460299006430432,
    "ptcorr_15to20_EB1": 36.7053859741427,
    "ptcorr_15to20_EB2": 25.127787462435663,
    "ptcorr_15to20_EE": 17.719143884256482,
    "ptcorr_20to30_EB1": 80.23888492840342,
    "ptcorr_20to30_EB2": 46.92802418558858,
    "ptcorr_20to30_EE": 32.661592927761376,
    "ptcorr_30to50_EB1": 125.5822296878323,
    "ptcorr_30to50_EB2": 73.52166296797805,
    "ptcorr_30to50_EE": 46.6903831763193,
    "ptcorr_50to100_EB1": 101.93575180112384,
    "ptcorr_50to100_EB2": 57.00432918732986,
    "ptcorr_50to100_EE": 32.82587334048003
  },
  "RequireHeavyTag": {
    "ptcorr_10to15_EB1": 14.169829311547801,
    "ptcorr_10to15_EB2": 8.187199895503,
    "ptcorr_10to15_EE": 7.460492014186457,
    "ptcorr_15to20_EB1": 15.176869932329282,
    "ptcorr_15to20_EB2": 11.506992800626904,
    "ptcorr_15to20_EE": 7.697770856320858,
    "ptcorr_20to30_EB1": 37.45307280239649,
    "ptcorr_20to30_EB2": 21.764691684395075,
    "ptcorr_20to30_EE": 14.987080718623474,
    "ptcorr_30to50_EB1": 65.67297818395309,
    "ptcorr_30to50_EB2": 37.97056404128671,
    "ptcorr_30to50_EE": 22.74174692807719,
    "ptcorr_50to100_EB1": 57.25950342579745,
    "ptcorr_50to100_EB2": 32.35117675573565,
    "ptcorr_50to100_EE": 17.184222761774436
  },
  "L1Prefire_Up": {
    "ptcorr_10to15_EB1": 22.53653735201806,
    "ptcorr_10to15_EB2": 13.49974278267473,
    "ptcorr_10to15_EE": 11.81936491583474,
    "ptcorr_15to20_EB1": 24.64762192266062,
    "ptcorr_15to20_EB2": 17.26236990164034,
    "ptcorr_15to20_EE": 12.142778058769181,
    "ptcorr_20to30_EB1": 58.11879043211229,
    "ptcorr_20to30_EB2": 33.71508526895195,
    "ptcorr_20to30_EE": 24.0809489346575,
    "ptcorr_30to50_EB1": 100.62710539717227,
    "ptcorr_30to50_EB2": 57.9697173924651,
    "ptcorr_30to50_EE": 36.39564437838271,
    "ptcorr_50to100_EB1": 88.64384559332393,
    "ptcorr_50to100_EB2": 49.47937275725417,
    "ptcorr_50to100_EE": 28.020481917308643
  },
  "L1Prefire_Down": {
    "ptcorr_10to15_EB1": 22.53653735201806,
    "ptcorr_10to15_EB2": 13.49974278267473,
    "ptcorr_10to15_EE": 11.81936491583474,
    "ptcorr_15to20_EB1": 24.64762192266062,
    "ptcorr_15to20_EB2": 17.26236990164034,
    "ptcorr_15to20_EE": 12.142778058769181,
    "ptcorr_20to30_EB1": 58.11879043211229,
    "ptcorr_20to30_EB2": 33.71508526895195,
    "ptcorr_20to30_EE": 24.0809489346575,
    "ptcorr_30to50_EB1": 100.62710539717227,
    "ptcorr_30to50_EB2": 57.9697173924651,
    "ptcorr_30to50_EE": 36.39564437838271,
    "ptcorr_50to100_EB1": 88.64384559332393,
    "ptcorr_50to100_EB2": 49.47937275725417,
    "ptcorr_50to100_EE": 28.020481917308643
  },
  "PileupReweight_Up": {
    "ptcorr_10to15_EB1": 22.59164745802991,
    "ptcorr_10to15_EB2": 13.322185303084552,
    "ptcorr_10to15_EE": 11.83575138868764,
    "ptcorr_15to20_EB1": 24.1057310460601,
    "ptcorr_15to20_EB2": 17.430118734948337,
    "ptcorr_15to20_EE": 12.067669208860025,
    "ptcorr_20to30_EB1": 58.08702204748988,
    "ptcorr_20to30_EB2": 33.40643400605768,
    "ptcorr_20to30_EE": 23.89195810770616,
    "ptcorr_30to50_EB1": 100.19253195542842,
    "ptcorr_30to50_EB2": 57.61552353412844,
    "ptcorr_30to50_EE": 36.474057774059474,
    "ptcorr_50to100_EB1": 88.44556716759689,
    "ptcorr_50to100_EB2": 49.08349777664989,
    "ptcorr_50to100_EE": 27.292578319320455
  },
  "PileupReweight_Down": {
    "ptcorr_10to15_EB1": 22.541755742393434,
    "ptcorr_10to15_EB2": 13.725198555737734,
    "ptcorr_10to15_EE": 11.797994655556977,
    "ptcorr_15to20_EB1": 24.906299978960305,
    "ptcorr_15to20_EB2": 16.948949079029262,
    "ptcorr_15to20_EE": 12.157980421558022,
    "ptcorr_20to30_EB1": 58.481899834703654,
    "ptcorr_20to30_EB2": 34.1638466459699,
    "ptcorr_20to30_EE": 24.20459377905354,
    "ptcorr_30to50_EB1": 101.08369795745239,
    "ptcorr_30to50_EB2": 58.43719875160605,
    "ptcorr_30to50_EE": 36.32385995425284,
    "ptcorr_50to100_EB1": 88.85312686022371,
    "ptcorr_50to100_EB2": 49.58540424425155,
    "ptcorr_50to100_EE": 28.591586779337376
  },
  "JetEn_Up": {
    "ptcorr_10to15_EB1": 22.27494743419811,
    "ptcorr_10to15_EB2": 13.346535684540868,
    "ptcorr_10to15_EE": 11.693572857417166,
    "ptcorr_15to20_EB1": 24.131492847111076,
    "ptcorr_15to20_EB2": 16.541459609521553,
    "ptcorr_15to20_EE": 11.111520989565179,
    "ptcorr_20to30_EB1": 56.001974165439606,
    "ptcorr_20to30_EB2": 32.48795199370943,
    "ptcorr_20to30_EE": 22.93478824198246,
    "ptcorr_30to50_EB1": 96.87717598071322,
    "ptcorr_30to50_EB2": 55.043687120545655,
    "ptcorr_30to50_EE": 34.59556366316974,
    "ptcorr_50to100_EB1": 82.77340831840411,
    "ptcorr_50to100_EB2": 46.7699349229224,
    "ptcorr_50to100_EE": 27.169724812498316
  },
  "JetEn_Down": {
    "ptcorr_10to15_EB1": 23.05506972433068,
    "ptcorr_10to15_EB2": 14.21807018131949,
    "ptcorr_10to15_EE": 12.472516016103327,
    "ptcorr_15to20_EB1": 25.528893039561808,
    "ptcorr_15to20_EB2": 17.712162794312462,
    "ptcorr_15to20_EE": 12.794108296977356,
    "ptcorr_20to30_EB1": 59.89539357717149,
    "ptcorr_20to30_EB2": 34.91597167868167,
    "ptcorr_20to30_EE": 24.74914849246852,
    "ptcorr_30to50_EB1": 104.51518943696283,
    "ptcorr_30to50_EB2": 59.31275285943411,
    "ptcorr_30to50_EE": 37.954975355183706,
    "ptcorr_50to100_EB1": 93.76348482677713,
    "ptcorr_50to100_EB2": 52.39170148433186,
    "ptcorr_50to100_EE": 29.161632913397625
  },
  "JetRes_Up": {
    "ptcorr_10to15_EB1": 22.502586431102827,
    "ptcorr_10to15_EB2": 13.780041973805055,
    "ptcorr_10to15_EE": 11.797470632242039,
    "ptcorr_15to20_EB1": 24.664443705696613,
    "ptcorr_15to20_EB2": 17.320537339663133,
    "ptcorr_15to20_EE": 12.123373715439811,
    "ptcorr_20to30_EB1": 58.17232411564328,
    "ptcorr_20to30_EB2": 33.56521482300013,
    "ptcorr_20to30_EE": 23.814671532716602,
    "ptcorr_30to50_EB1": 99.75514650461264,
    "ptcorr_30to50_EB2": 57.24229386774823,
    "ptcorr_30to50_EE": 35.81422762386501,
    "ptcorr_50to100_EB1": 88.19910509744659,
    "ptcorr_50to100_EB2": 49.21785458177328,
    "ptcorr_50to100_EE": 27.882449183845893
  },
  "JetRes_Down": {
    "ptcorr_10to15_EB1": 22.893717848695815,
    "ptcorr_10to15_EB2": 13.508084612432867,
    "ptcorr_10to15_EE": 11.621092775138095,
    "ptcorr_15to20_EB1": 24.70146734570153,
    "ptcorr_15to20_EB2": 17.162379279499874,
    "ptcorr_15to20_EE": 12.36590010416694,
    "ptcorr_20to30_EB1": 59.13603933970444,
    "ptcorr_20to30_EB2": 33.82240797369741,
    "ptcorr_20to30_EE": 23.535049758153036,