{
  "Central": {
    "ptcorr_10to15_EB1": 247.44769016467035,
    "ptcorr_10to15_EB2": 162.22738940268755,
    "ptcorr_10to15_EE": 142.7522708894685,
    "ptcorr_15to20_EB1": 269.1087269857526,
    "ptcorr_15to20_EB2": 183.02110423054546,
    "ptcorr_15to20_EE": 153.4911521822214,
    "ptcorr_20to30_EB1": 581.870808695443,
    "ptcorr_20to30_EB2": 390.8372699506581,
    "ptcorr_20to30_EE": 339.9910336891189,
    "ptcorr_30to50_EB1": 1128.4479821138084,
    "ptcorr_30to50_EB2": 724.8393369689584,
    "ptcorr_30to50_EE": 639.6786267217249,
    "ptcorr_50to100_EB1": 1216.7496993429959,
    "ptcorr_50to100_EB2": 766.7583607276902,
    "ptcorr_50to100_EE": 618.2946199607104
  },
  "MotherJetPt_Up": {
    "ptcorr_10to15_EB1": 73.48757924698293,
    "ptcorr_10to15_EB2": 48.32120193913579,
    "ptcorr_10to15_EE": 40.87958658486605,
    "ptcorr_15to20_EB1": 75.82825863361359,
    "ptcorr_15to20_EB2": 54.450784012675285,
    "ptcorr_15to20_EE": 46.12918781675398,
    "ptcorr_20to30_EB1": 185.3969353856519,
    "ptcorr_20to30_EB2": 126.19197797961533,
    "ptcorr_20to30_EE": 107.78155993204564,
    "ptcorr_30to50_EB1": 463.7530476367101,
    "ptcorr_30to50_EB2": 311.8142002504319,
    "ptcorr_30to50_EE": 277.05129346624017,
    "ptcorr_50to100_EB1": 813.56566093117,
    "ptcorr_50to100_EB2": 502.4701909562573,
    "ptcorr_50to100_EE": 403.80926337558776
  },
  "MotherJetPt_Down": {
    "ptcorr_10to15_EB1": 477.1304909037426,
    "ptcorr_10to15_EB2": 313.4392294352874,
    "ptcorr_10to15_EE": 277.15174430422485,
    "ptcorr_15to20_EB1": 514.7477967599407,
    "ptcorr_15to20_EB2": 353.3584173768759,
    "ptcorr_15to20_EE": 291.1878854865208,
    "ptcorr_20to30_EB1": 999.781252306886,
    "ptcorr_20to30_EB2": 669.2747612241656,
    "ptcorr_20to30_EE": 591.1441581798717,
    "ptcorr_30to50_EB1": 1648.0022754361853,
    "ptcorr_30to50_EB2": 1078.0573530150577,
    "ptcorr_30to50_EE": 962.1824859213084,
    "ptcorr_50to100_EB1": 1482.934306550771,
    "ptcorr_50to100_EB2": 957.3462746124715,
    "ptcorr_50to100_EE": 779.8394566131756
  },
  "RequireHeavyTag": {
    "ptcorr_10to15_EB1": 13.722273489460349,
    "ptcorr_10to15_EB2": 8.633641770109534,
    "ptcorr_10to15_EE": 8.629610042087734,
    "ptcorr_15to20_EB1": 13.492880006320775,
    "ptcorr_15to20_EB2": 10.195752177387476,
    "ptcorr_15to20_EE": 7.252723092213273,
    "ptcorr_20to30_EB1": 29.703959389589727,
    "ptcorr_20to30_EB2": 19.612388325855136,
    "ptcorr_20to30_EE": 15.338123013265431,
    "ptcorr_30to50_EB1": 49.195925096049905,
    "ptcorr_30to50_EB2": 33.28979248274118,
    "ptcorr_30to50_EE": 27.623366250656545,
    "ptcorr_50to100_EB1": 50.6166673945263,
    "ptcorr_50to100_EB2": 32.302001365460455,
    "ptcorr_50to100_EE": 24.216928362846375
  },
  "L1Prefire_Up": {
    "ptcorr_10to15_EB1": 247.44769016467035,
    "ptcorr_10to15_EB2": 162.22738940268755,
    "ptcorr_10to15_EE": 142.7522708894685,
    "ptcorr_15to20_EB1": 269.1087269857526,
    "ptcorr_15to20_EB2": 183.02110423054546,
    "ptcorr_15to20_EE": 153.4911521822214,
    "ptcorr_20to30_EB1": 581.870808695443,
    "ptcorr_20to30_EB2": 390.8372699506581,
    "ptcorr_20to30_EE": 339.9910336891189,
    "ptcorr_30to50_EB1": 1128.4479821138084,
    "ptcorr_30to50_EB2": 724.8393369689584,
    "ptcorr_30to50_EE": 639.6786267217249,
    "ptcorr_50to100_EB1": 1216.7496993429959,
    "ptcorr_50to100_EB2": 766.7583607276902,
    "ptcorr_50to100_EE": 618.2946199607104
  },
  "L1Prefire_Down": {
    "ptcorr_10to15_EB1": 247.44769016467035,
    "ptcorr_10to15_EB2": 162.22738940268755,
    "ptcorr_10to15_EE": 142.7522708894685,
    "ptcorr_15to20_EB1": 269.1087269857526,
    "ptcorr_15to20_EB2": 183.02110423054546,
    "ptcorr_15to20_EE": 153.4911521822214,
    "ptcorr_20to30_EB1": 581.870808695443,
    "ptcorr_20to30_EB2": 390.8372699506581,
    "ptcorr_20to30_EE": 339.9910336891189,
    "ptcorr_30to50_EB1": 1128.4479821138084,
    "ptcorr_30to50_EB2": 724.8393369689584,
    "ptcorr_30to50_EE": 639.6786267217249,
    "ptcorr_50to100_EB1": 1216.7496993429959,
    "ptcorr_50to100_EB2": 766.7583607276902,
    "ptcorr_50to100_EE": 618.2946199607104
  },
  "PileupReweight_Up": {
    "ptcorr_10to15_EB1": 244.49233183357865,
    "ptcorr_10to15_EB2": 158.65992187149823,
    "ptcorr_10to15_EE": 139.43704149499536,
    "ptcorr_15to20_EB1": 267.6205146079883,
    "ptcorr_15to20_EB2": 178.9949899520725,
    "ptcorr_15to20_EE": 150.55364342126995,
    "ptcorr_20to30_EB1": 578.5300888288766,
    "ptcorr_20to30_EB2": 383.17956894170493,
    "ptcorr_20to30_EE": 333.9425187110901,
    "ptcorr_30to50_EB1": 1123.265493218787,
    "ptcorr_30to50_EB2": 719.9548062691465,
    "ptcorr_30to50_EE": 632.3804107727483,
    "ptcorr_50to100_EB1": 1198.125355033204,
    "ptcorr_50to100_EB2": 755.4053814522922,
    "ptcorr_50to100_EE": 609.368136475794
  },
  "PileupReweight_Down": {
    "ptcorr_10to15_EB1": 251.31666387896985,
    "ptcorr_10to15_EB2": 165.45398847945035,
    "ptcorr_10to15_EE": 145.98251449130476,
    "ptcorr_15to20_EB1": 270.5625067669898,
    "ptcorr_15to20_EB2": 186.18279633950442,
    "ptcorr_15to20_EE": 155.43873398937285,
    "ptcorr_20to30_EB1": 585.5451668174937,
    "ptcorr_20to30_EB2": 398.2719760099426,
    "ptcorr_20to30_EE": 346.75914593972266,
    "ptcorr_30to50_EB1": 1134.6266522696242,
    "ptcorr_30to50_EB2": 730.6079590441659,
    "ptcorr_30to50_EE": 647.0816855905578,
    "ptcorr_50to100_EB1": 1233.3297676006332,
    "ptcorr_50to100_EB2": 777.7408630512655,
    "ptcorr_50to100_EE": 627.7469447255135
  },
  "JetEn_Up": {
    "ptcorr_10to15_EB1": 254.8246419755742,
    "ptcorr_10to15_EB2": 167.95235085021704,
    "ptcorr_10to15_EE": 145.15746491588652,
    "ptcorr_15to20_EB1": 270.6363746682182,
    "ptcorr_15to20_EB2": 187.36976982932538,
    "ptcorr_15to20_EE": 154.68960519880056,
    "ptcorr_20to30_EB1": 579.2724603097886,
    "ptcorr_20to30_EB2": 388.42528971564025,
    "ptcorr_20to30_EE": 339.42139306571335,
    "ptcorr_30to50_EB1": 1099.1970746805891,
    "ptcorr_30to50_EB2": 704.2955305762589,
    "ptcorr_30to50_EE": 629.7871582442895,
    "ptcorr_50to100_EB1": 1165.6460378402844,
    "ptcorr_50to100_EB2": 738.4501741044223,
    "ptcorr_50to100_EE": 594.040107011795
  },
  "JetEn_Down": {
    "ptcorr_10to15_EB1": 238.87536188494414,
    "ptcorr_10to15_EB2": 158.84581895265728,
    "ptcorr_10to15_EE": 136.69092571735382,
    "ptcorr_15to20_EB1": 261.0805545328185,
    "ptcorr_15to20_EB2": 179.64277993049473,
    "ptcorr_15to20_EE": 151.57553523033857,
    "ptcorr_20to30_EB1": 573.0567700490355,
    "ptcorr_20to30_EB2": 388.44906272459775,
    "ptcorr_20to30_EE": 337.98854030203074,
    "ptcorr_30to50_EB1": 1152.9835275243968,
    "ptcorr_30to50_EB2": 736.9281466025859,
    "ptcorr_30to50_EE": 647.7375590000302,
    "ptcorr_50to100_EB1": 1266.9270609766245,
    "ptcorr_50to100_EB2": 795.0731388637796,
    "ptcorr_50to100_EE": 643.4842989183962
  },
  "JetRes_Up": {
    "ptcorr_10to15_EB1": 247.14095260482281,
    "ptcorr_10to15_EB2": 162.26974107790738,
    "ptcorr_10to15_EE": 140.6817138083279,
    "ptcorr_15to20_EB1": 267.34904585778713,
    "ptcorr_15to20_EB2": 182.98382371943444,
    "ptcorr_15to20_EE": 150.56016164459288,
    "ptcorr_20to30_EB1": 580.4483290035278,
    "ptcorr_20to30_EB2": 388.3603745177388,
    "ptcorr_20to30_EE": 334.8946072049439,
    "ptcorr_30to50_EB1": 1128.1226745722815,
    "ptcorr_30to50_EB2": 721.923419889994,
    "ptcorr_30to50_EE": 633.9663823982701,
    "ptcorr_50to100_EB1": 1215.994798081927,
    "ptcorr_50to100_EB2": 765.8928582072258,
    "ptcorr_50to100_EE": 611.9742313530296
  },
  "JetRes_Down": {
    "ptcorr_10to15_EB1": 250.25382001232356,
    "ptcorr_10to15_EB2": 163.82772589009255,
    "ptcorr_10to15_EE": 143.7853462053463,
    "ptcorr_15to20_EB1": 274.00843537878245,
    "ptcorr_15to20_EB2": 184.72214316669852,
    "ptcorr_15to20_EE": 153.36009154841304,
    "ptcorr_20to30_EB1": 584.8488809699193,
    "ptcorr_20to30_EB2": 390.9821811998263,
    "ptcorr_20to30_EE": 342.21460383106023,