{
  "Central": {
    "ptcorr_10to15_EB1": 376.80493009556085,
    "ptcorr_10to15_EB2": 266.5345371393487,
    "ptcorr_10to15_EE": 234.61571995262057,
    "ptcorr_15to20_EB1": 380.35539914947003,
    "ptcorr_15to20_EB2": 271.57308443821967,
    "ptcorr_15to20_EE": 234.1797443209216,
    "ptcorr_20to30_EB1": 723.3610787885264,
    "ptcorr_20to30_EB2": 517.2674101162702,
    "ptcorr_20to30_EE": 461.60945618338883,
    "ptcorr_30to50_EB1": 1267.100556208752,
    "ptcorr_30to50_EB2": 862.4521082602441,
    "ptcorr_30to50_EE": 770.9197005582973,
    "ptcorr_50to100_EB1": 1294.4029006231576,
    "ptcorr_50to100_EB2": 853.4952982673422,
    "ptcorr_50to100_EE": 701.7654748233035
  },
  "MotherJetPt_Up": {
    "ptcorr_10to15_EB1": 116.81564112287015,
    "ptcorr_10to15_EB2": 82.44479512330145,
    "ptcorr_10to15_EE": 72.05162080656737,
    "ptcorr_15to20_EB1": 112.30442622490227,
    "ptcorr_15to20_EB2": 84.22388984914869,
    "ptcorr_15to20_EE": 73.31973865907639,
    "ptcorr_20to30_EB1": 233.18123695254326,
    "ptcorr_20to30_EB2": 173.1542432224378,
    "ptcorr_20to30_EE": 150.88445692695677,
    "ptcorr_30to50_EB1": 522.6464888397604,
    "ptcorr_30to50_EB2": 375.74352182634175,
    "ptcorr_30to50_EE": 336.4833940025419,
    "ptcorr_50to100_EB1": 865.624779406935,
    "ptcorr_50to100_EB2": 561.7124820919707,
    "ptcorr_50to100_EE": 459.41922164615244
  },
  "MotherJetPt_Down": {
    "ptcorr_10to15_EB1": 701.6214056797326,
    "ptcorr_10to15_EB2": 496.4922239212319,
    "ptcorr_10to15_EE": 440.58580949995667,
    "ptcorr_15to20_EB1": 709.8161019776016,
    "ptcorr_15to20_EB2": 504.56256070919335,
    "ptcorr_15to20_EE": 430.45251863170415,
    "ptcorr_20to30_EB1": 1231.3768724184483,
    "ptcorr_20to30_EB2": 870.6328441314399,
    "ptcorr_20to30_EE": 778.463590811938,
    "ptcorr_30to50_EB1": 1842.9305019704625,
    "ptcorr_30to50_EB2": 1267.769628657028,
    "ptcorr_30to50_EE": 1148.769272997044,
    "ptcorr_50to100_EB1": 1578.6258565420285,
    "ptcorr_50to100_EB2": 1063.3170028924942,
    "ptcorr_50to100_EE": 883.9537176350132
  },
  "RequireHeavyTag": {
    "ptcorr_10to15_EB1": 20.38316600304097,
    "ptcorr_10to15_EB2": 13.64196578040719,
    "ptcorr_10to15_EE": 13.343744123354554,
    "ptcorr_15to20_EB1": 20.085162546485662,
    "ptcorr_15to20_EB2": 14.356503274291754,
    "ptcorr_15to20_EE": 11.250102498568594,
    "ptcorr_20to30_EB1": 36.202665232121944,
    "ptcorr_20to30_EB2": 24.793326629325747,
    "ptcorr_20to30_EE": 20.672605362720788,
    "ptcorr_30to50_EB1": 54.461359517648816,
    "ptcorr_30to50_EB2": 39.12734747771174,
    "ptcorr_30to50_EE": 33.94894379097968,
    "ptcorr_50to100_EB1": 53.427705126814544,
    "ptcorr_50to100_EB2": 35.95556792989373,
    "ptcorr_50to100_EE": 26.692837147973478
  },
  "L1Prefire_Up": {
    "ptcorr_10to15_EB1": 376.80493009556085,
    "ptcorr_10to15_EB2": 266.5345371393487,
    "ptcorr_10to15_EE": 234.61571995262057,
    "ptcorr_15to20_EB1": 380.35539914947003,
    "ptcorr_15to20_EB2": 271.57308443821967,
    "ptcorr_15to20_EE": 234.1797443209216,
    "ptcorr_20to30_EB1": 723.3610787885264,
    "ptcorr_20to30_EB2": 517.2674101162702,
    "ptcorr_20to30_EE": 461.60945618338883,
    "ptcorr_30to50_EB1": 1267.100556208752,
    "ptcorr_30to50_EB2": 862.4521082602441,
    "ptcorr_30to50_EE": 770.9197005582973,
    "ptcorr_50to100_EB1": 1294.4029006231576,
    "ptcorr_50to100_EB2": 853.4952982673422,
    "ptcorr_50to100_EE": 701.7654748233035
  },
  "L1Prefire_Down": {
    "ptcorr_10to15_EB1": 376.80493009556085,
    "ptcorr_10to15_EB2": 266.5345371393487,
    "ptcorr_10to15_EE": 234.61571995262057,
    "ptcorr_15to20_EB1": 380.35539914947003,
    "ptcorr_15to20_EB2": 271.57308443821967,
    "ptcorr_15to20_EE": 234.1797443209216,
    "ptcorr_20to30_EB1": 723.3610787885264,
    "ptcorr_20to30_EB2": 517.2674101162702,
    "ptcorr_20to30_EE": 461.60945618338883,
    "ptcorr_30to50_EB1": 1267.100556208752,
    "ptcorr_30to50_EB2": 862.4521082602441,
    "ptcorr_30to50_EE": 770.9197005582973,
    "ptcorr_50to100_EB1": 1294.4029006231576,
    "ptcorr_50to100_EB2": 853.4952982673422,
    "ptcorr_50to100_EE": 701.7654748233035
  },
  "PileupReweight_Up": {
    "ptcorr_10to15_EB1": 374.0327922841534,
    "ptcorr_10to15_EB2": 262.73944040481,
    "ptcorr_10to15_EE": 228.82020225096494,
    "ptcorr_15to20_EB1": 379.7654094984755,
    "ptcorr_15to20_EB2": 267.38457782100886,
    "ptcorr_15to20_EE": 230.80157962441444,
    "ptcorr_20to30_EB1": 721.0732017131522,
    "ptcorr_20to30_EB2": 509.8028813144192,
    "ptcorr_20to30_EE": 454.77570606861264,
    "ptcorr_30to50_EB1": 1261.732144898735,
    "ptcorr_30to50_EB2": 860.0542484251782,
    "ptcorr_30to50_EE": 764.7316407244653,
    "ptcorr_50to100_EB1": 1277.3264648849145,
    "ptcorr_50to100_EB2": 845.6757139787078,
    "ptcorr_50to100_EE": 692.7354865986854
  },
  "PileupReweight_Down": {
    "ptcorr_10to15_EB1": 380.89902083203197,
    "ptcorr_10to15_EB2": 270.144393295981,
    "ptcorr_10to15_EE": 239.7944826502353,
    "ptcorr_15to20_EB1": 381.92904557008296,
    "ptcorr_15to20_EB2": 275.06934634782374,
    "ptcorr_15to20_EE": 236.63166513759643,
    "ptcorr_20to30_EB1": 726.1826546462253,
    "ptcorr_20to30_EB2": 523.5129565922543,
    "ptcorr_20to30_EE": 468.67515910137445,
    "ptcorr_30to50_EB1": 1272.5049431473017,
    "ptcorr_30to50_EB2": 865.7355125220492,
    "ptcorr_30to50_EE": 777.4184664599597,
    "ptcorr_50to100_EB1": 1309.0749052120373,
    "ptcorr_50to100_EB2": 861.0501715010032,
    "ptcorr_50to100_EE": 711.2511036759242
  },
  "JetEn_Up": {
    "ptcorr_10to15_EB1": 385.0066634900868,
    "ptcorr_10to15_EB2": 272.4690317278728,
    "ptcorr_10to15_EE": 238.33189330622554,
    "ptcorr_15to20_EB1": 383.49531712941825,
    "ptcorr_15to20_EB2": 275.93498594500124,
    "ptcorr_15to20_EE": 234.66283826623112,
    "ptcorr_20to30_EB1": 720.9978178450838,
    "ptcorr_20to30_EB2": 515.9866658896208,
    "ptcorr_20to30_EE": 458.333054298535,
    "ptcorr_30to50_EB1": 1232.0122674414888,
    "ptcorr_30to50_EB2": 836.3493796801195,
    "ptcorr_30to50_EE": 758.4245905606076,
    "ptcorr_50to100_EB1": 1238.5950142284855,
    "ptcorr_50to100_EB2": 820.3461528792977,
    "ptcorr_50to100_EE": 674.9711105758324
  },
  "JetEn_Down": {
    "ptcorr_10to15_EB1": 365.42328415159136,
    "ptcorr_10to15_EB2": 260.36459034401923,
    "ptcorr_10to15_EE": 225.71569386590272,
    "ptcorr_15to20_EB1": 368.49587582889944,
    "ptcorr_15to20_EB2": 267.3072202941403,
    "ptcorr_15to20_EE": 230.7819589553401,
    "ptcorr_20to30_EB1": 711.1849648822099,
    "ptcorr_20to30_EB2": 509.0340319555253,
    "ptcorr_20to30_EE": 457.61943727359176,
    "ptcorr_30to50_EB1": 1291.9350232295692,
    "ptcorr_30to50_EB2": 878.1093060066923,
    "ptcorr_30to50_EE": 780.4124899487942,
    "ptcorr_50to100_EB1": 1348.769181038253,
    "ptcorr_50to100_EB2": 882.6100375643,
    "ptcorr_50to100_EE": 730.89754946623
  },
  "JetRes_Up": {
    "ptcorr_10to15_EB1": 376.4935742598027,
    "ptcorr_10to15_EB2": 266.8420210937038,
    "ptcorr_10to15_EE": 232.6860335348174,
    "ptcorr_15to20_EB1": 376.76433086395264,
    "ptcorr_15to20_EB2": 272.2337394785136,
    "ptcorr_15to20_EE": 230.7243433650583,
    "ptcorr_20to30_EB1": 720.1843299120665,
    "ptcorr_20to30_EB2": 515.051751056686,
    "ptcorr_20to30_EE": 456.09774290956557,
    "ptcorr_30to50_EB1": 1266.3150569740683,
    "ptcorr_30to50_EB2": 859.1758109405637,
    "ptcorr_30to50_EE": 765.630332567729,
    "ptcorr_50to100_EB1": 1292.7515185857192,
    "ptcorr_50to100_EB2": 850.7458863090724,
    "ptcorr_50to100_EE": 694.8204988343641
  },
  "JetRes_Down": {
    "ptcorr_10to15_EB1": 382.0440449360758,
    "ptcorr_10to15_EB2": 269.42772946693003,
    "ptcorr_10to15_EE": 237.39788384642452,
    "ptcorr_15to20_EB1": 383.86734997015446,
    "ptcorr_15to20_EB2": 274.71331601496786,
    "ptcorr_15to20_EE": 234.79102417826653,
    "ptcorr_20to30_EB1": 725.9484594203532,
    "ptcorr_20to30_EB2": 517.8559751836583,
    "ptcorr_20to30_EE": 465.323679599911,