{
  "syst": "TT",
  "observed": 167.29244607314467,
  "expected": 161.35565232251247,
  "difference": 0.03679321836687774,
  "max_bin_difference": 18.0596260780596,
  "max_bin_difference_bin": 112,
  "max_bin_difference_filtered": 0.5092041599073274,
  "max_bin_difference_filtered_bin": 21,
  "snr_threshold": 3.0,
  "mass_range_min": 10.0,
  "mass_range_max": 160.0,
  "percentile_68_difference": 0.1779477135580311,
  "percentile_95_difference": 0.37883223681807165,
  "rms_bin_difference": 0.19715594975310707,
  "chi2": 91.3428370251794,
  "ndf": 18,
  "chi2_per_ndf": 5.0746020569544115,
  "p_value": 8.281778392126047e-12,
  "closure_uncertainty_scale": 5.0,
  "recommended_systematic_pct": 400.0
}