{
  "syst": "TT",
  "observed": 389.2312674578279,
  "expected": 378.7253233740339,
  "difference": 0.027740273584553037,
  "max_bin_difference": 1.1208752092675234,
  "max_bin_difference_bin": 158,
  "max_bin_difference_filtered": 1.1208752092675234,
  "max_bin_difference_filtered_bin": 158,
  "snr_threshold": 3.0,
  "mass_range_min": 10.0,
  "mass_range_max": 160.0,
  "percentile_68_difference": 0.16536291874871153,
  "percentile_95_difference": 0.4004784637760621,
  "rms_bin_difference": 0.2188918978858756,
  "chi2": 73.99115099650888,
  "ndf": 53,
  "chi2_per_ndf": 1.3960594527643184,
  "p_value": 0.029947865607513748,
  "closure_uncertainty_scale": 1.55,
  "recommended_systematic_pct": 55.00000000000001
}