{
  "syst": "TT",
  "observed": 389.2312660217285,
  "expected": 378.72532176971436,
  "difference": 0.027740274146238225,
  "max_bin_difference": 0.0,
  "max_bin_difference_bin": -1,
  "max_bin_difference_filtered": 0.0,
  "max_bin_difference_filtered_bin": -1,
  "snr_threshold": 3.0,
  "mass_range_min": 10.0,
  "mass_range_max": 160.0,
  "percentile_68_difference": 0.0,
  "percentile_95_difference": 0.0,
  "rms_bin_difference": 0.0,
  "chi2": 48.35619545168841,
  "ndf": 44,
  "chi2_per_ndf": 1.0990044420838274,
  "p_value": 0.3013742387469347,
  "closure_uncertainty_scale": 1.1,
  "recommended_systematic_pct": 10.000000000000009
}