{
  "hyperparameters": {
    "signal": "MHc130_MA90",
    "channel": "Combined",
    "iteration": 0,
    "model_idx": 13,
    "num_hidden": 96,
    "optimizer": "Adadelta",
    "initial_lr": 0.0028,
    "weight_decay": 0.00022,
    "scheduler": "ReduceLROnPlateau",
    "pilot_mode": false,
    "num_classes": 4,
    "model_type": "ParticleNet",
    "num_node_features": 9,
    "num_graph_features": 4,
    "dropout_p": 0.4,
    "batch_size": 256,
    "train_folds": [
      0,
      1,
      2
    ],
    "valid_folds": [
      3
    ],
    "loss_type": "disco",
    "disco_lambda": 0.05
  },
  "training_summary": {
    "best_epoch": 0,
    "best_train_loss": 1.3928759914038753,
    "best_valid_loss": 0.9183247525927046,
    "best_train_acc": 0.25276271998882294,
    "best_valid_acc": 0.2666947264224291,
    "total_epochs": 8
  },
  "epoch_history": {
    "train_loss": [
      1.3928759914038753,
      1.3277539656155015,
      1.2717890684365503,
      1.2248999691299391,
      1.1889725612651976,
      1.1636765500332447,
      1.1282560493446048,
      1.1061084132788754
    ],
    "valid_loss": [
      0.9183247525927046,
      0.9197525239326585,
      0.9321141847422425,
      0.9383684615014305,
      0.9582435715366417,
      0.9625596597161091,
      0.9647956095950704,
      0.9713955731459067
    ],
    "train_acc": [
      0.25276271998882294,
      0.25640131905674934,
      0.26020868495106697,
      0.26407813280820847,
      0.270498588681221,
      0.2684352621436119,
      0.275098517537117,
      0.2773943170905113
    ],
    "valid_acc": [
      0.2666947264224291,
      0.2770113806473091,
      0.29395212544477545,
      0.3053013673052192,
      0.2854821151122451,
      0.2904423922300339,
      0.28049195354105905,
      0.26639142257045023
    ],
    "epoch": [
      0,
      1,
      2,
      3,
      4,
      5,
      6,
      7
    ],
    "timestamp": [
      1767292688.0538893,
      1767293061.0396526,
      1767293433.8034923,
      1767293803.9778922,
      1767294173.8423588,
      1767294509.0235295,
      1767294807.2275898,
      1767295088.5047872
    ],
    "train_ce_loss": [
      1.3640802184136804,
      1.298536512083558,
      1.2423763337468665,
      1.1955797315368537,
      1.1595406579029235,
      1.134190183678659,
      1.098541933515514,
      1.0764794407282194
    ],
    "valid_ce_loss": [
      0.8881214119389024,
      0.8894145101518698,
      0.9017164076770275,
      0.9079889127801002,
      0.9278385570849961,
      0.9322189117034136,
      0.9344163535205438,
      0.9409213464930128
    ],
    "train_disco_term": [
      0.5759150195629039,
      0.5843503515771095,
      0.5882542428274647,
      0.5864035816721641,
      0.5886384400553254,
      0.5897265040041103,
      0.5942835638225984,
      0.5925788482271792
    ],
    "valid_disco_term": [
      0.6040662478812984,
      0.6067595137152034,
      0.6079541631305302,
      0.6075894275391606,
      0.6081014865825713,
      0.6068147332210776,
      0.6075846135196551,
      0.6094849424462923
    ]
  }
}