{
  "hyperparameters": {
    "signal": "MHc115_MA87",
    "channel": "Combined",
    "iteration": 0,
    "model_idx": 0,
    "num_hidden": 64,
    "optimizer": "Adadelta",
    "initial_lr": 0.0012,
    "weight_decay": 3e-05,
    "scheduler": "CyclicLR",
    "pilot_mode": false,
    "num_classes": 4,
    "model_type": "ParticleNet",
    "num_node_features": 9,
    "num_graph_features": 4,
    "dropout_p": 0.4,
    "batch_size": 1024,
    "train_folds": [
      0,
      1,
      2
    ],
    "valid_folds": [
      3
    ]
  },
  "training_summary": {
    "best_epoch": 6,
    "best_train_loss": 1.3428242037454026,
    "best_valid_loss": 1.3560923834122713,
    "best_train_acc": 0.3568649506537131,
    "best_valid_acc": 0.3464781467943399,
    "total_epochs": 14
  },
  "epoch_history": {
    "train_loss": [
      1.4223794411939523,
      1.3947722282398793,
      1.3738568189688818,
      1.3576455986832165,
      1.3514859221757247,
      1.3464656075311747,
      1.3428242037454026,
      1.346872369759079,
      1.3436630755070302,
      1.3492574038585972,
      1.3450688148877135,
      1.3420396549214537,
      1.355759349564721,
      1.347224120639238
    ],
    "valid_loss": [
      1.4253367481604238,
      1.3988063106426085,
      1.3795581903428342,
      1.3660480099859116,
      1.3621984640112093,
      1.35916224163951,
      1.3560923834122713,
      1.3598787621132469,
      1.3569044631945346,
      1.363506529546299,
      1.360735173925052,
      1.3593372973468019,
      1.3748524691731194,
      1.3674825048520438
    ],
    "train_acc": [
      0.2804263580822361,
      0.28335785881029607,
      0.31092783346302305,
      0.37490851098253425,
      0.3782521938103346,
      0.3667996949082028,
      0.3568649506537131,
      0.33245760687843323,
      0.33945121998197186,
      0.31846267633304315,
      0.31526152376403155,
      0.30700439917717665,
      0.3031560821898811,
      0.3095449047358568
    ],
    "valid_acc": [
      0.27316507075101476,
      0.27544121274639516,
      0.30094409436458636,
      0.36200188370372033,
      0.36636355481802074,
      0.35550422712084856,
      0.3464781467943399,
      0.3236158141412329,
      0.3306180342206176,
      0.3103514004440159,
      0.30750341981925416,
      0.2992397909985872,
      0.29529298320364183,
      0.30207095284013186
    ],
    "epoch": [
      0,
      1,
      2,
      3,
      4,
      5,
      6,
      7,
      8,
      9,
      10,
      11,
      12,
      13
    ],
    "timestamp": [
      1762457304.382054,
      1762457528.7678149,
      1762457765.9678366,
      1762458016.779026,
      1762458265.3803408,
      1762458518.241607,
      1762458770.6488354,
      1762459023.093121,
      1762459270.657713,
      1762459515.186022,
      1762459753.181913,
      1762459982.4714262,
      1762460208.451738,
      1762460431.304336
    ]
  }
}