{
  "hyperparameters": {
    "signal": "MHc115_MA87",
    "channel": "Combined",
    "iteration": 0,
    "model_idx": 10,
    "num_hidden": 64,
    "optimizer": "Adam",
    "initial_lr": 0.0026,
    "weight_decay": 0.0002,
    "scheduler": "CyclicLR",
    "pilot_mode": false,
    "num_classes": 4,
    "model_type": "ParticleNet",
    "num_node_features": 9,
    "num_graph_features": 4,
    "dropout_p": 0.4,
    "batch_size": 1024,
    "train_folds": [
      0,
      1,
      2
    ],
    "valid_folds": [
      3
    ]
  },
  "training_summary": {
    "best_epoch": 16,
    "best_train_loss": 0.9636588184714333,
    "best_valid_loss": 0.9971692678497603,
    "best_train_acc": 0.5870725055278627,
    "best_valid_acc": 0.5707566209943264,
    "total_epochs": 24
  },
  "epoch_history": {
    "train_loss": [
      1.0804131955067489,
      0.9981395672839648,
      0.9832079711485325,
      0.9977670674904593,
      1.0071241580368258,
      0.9829778460062786,
      0.9711616683406905,
      0.9718227040263728,
      0.9663641204317607,
      0.9718680230013744,
      0.9763200111800322,
      0.9815258116382546,
      0.9969627641138716,
      0.9875083785634319,
      0.9676134510894495,
      0.9670655116759971,
      0.9636588184714333,
      0.972059111845444,
      0.9734046357307519,
      0.9817526365557723,
      0.9750009452563664,
      0.9741520669054957,
      0.9704688289570946,
      0.9693769162653264
    ],
    "valid_loss": [
      1.1215332159909313,
      1.0337318274299714,
      1.014778370316489,
      1.0324937101302587,
      1.0509269690745116,
      1.0162470182417498,
      1.0027475675923738,
      1.0051850521286196,
      1.0000990112104855,
      1.0050100788009269,
      1.0108991182412088,
      1.0086859194778417,
      1.0204540907359558,
      1.0264958641773045,
      1.0018617628593394,
      0.9994920662112243,
      0.9971692678497603,
      1.0065982550762886,
      1.0079907739009801,
      1.0200698621910402,
      1.008781669465627,
      1.0023987373815875,
      1.0039617433103782,
      1.0059365391921065
    ],
    "train_acc": [
      0.5177604258958219,
      0.5622857230906724,
      0.5693371187315578,
      0.5678752205366842,
      0.5683971894573835,
      0.5761804972379947,
      0.5821841028683251,
      0.5812460996787291,
      0.5842854611431697,
      0.5811054955045186,
      0.5777040301393714,
      0.5759647757652334,
      0.5608546422490505,
      0.5730910575745202,
      0.5861942109601916,
      0.5852947294621601,
      0.5870725055278627,
      0.5823054461967534,
      0.5798362057674676,
      0.5769894527608497,
      0.5800788924243241,
      0.5828717150627518,
      0.5857146159002135,
      0.5831683320877986
    ],
    "valid_acc": [
      0.5008801829883615,
      0.5455845087794048,
      0.5556982037539524,
      0.5540836005651111,
      0.549604197968291,
      0.5625826923508174,
      0.5668770883322495,
      0.5666920817168614,
      0.5693438432040904,
      0.5668602695490323,
      0.5588264974323325,
      0.562285560513982,
      0.5514430516000269,
      0.5542293633529927,
      0.5699549256609782,
      0.5691139865001233,
      0.5707566209943264,
      0.5650326284394411,
      0.5657278048124145,
      0.5589218038705627,
      0.5637824322203037,
      0.5661258493485525,
      0.5697082501737941,
      0.5647579216468952
    ],
    "epoch": [
      0,
      1,
      2,
      3,
      4,
      5,
      6,
      7,
      8,
      9,
      10,
      11,
      12,
      13,
      14,
      15,
      16,
      17,
      18,
      19,
      20,
      21,
      22,
      23
    ],
    "timestamp": [
      1762457798.251938,
      1762458045.3277888,
      1762458292.0293896,
      1762458540.344507,
      1762458786.6282945,
      1762459032.6428545,
      1762459277.2117949,
      1762459518.0188522,
      1762459752.9044797,
      1762459977.8836684,
      1762460203.4392436,
      1762460423.836844,
      1762460640.5499082,
      1762460858.0214257,
      1762461075.1509442,
      1762461292.1449296,
      1762461508.8800547,
      1762461725.2266986,
      1762461939.9670987,
      1762462154.8900054,
      1762462369.3514814,
      1762462584.5676632,
      1762462799.791384,
      1762463014.156116
    ]
  }
}