{
  "hyperparameters": {
    "signal": "MHc115_MA87",
    "channel": "Combined",
    "iteration": 3,
    "model_idx": 8,
    "num_hidden": 192,
    "optimizer": "Adam",
    "initial_lr": 0.0058,
    "weight_decay": 0.00035,
    "scheduler": "ExponentialLR",
    "pilot_mode": false,
    "num_classes": 4,
    "model_type": "ParticleNet",
    "num_node_features": 9,
    "num_graph_features": 4,
    "dropout_p": 0.4,
    "batch_size": 256,
    "train_folds": [
      0,
      1,
      2
    ],
    "valid_folds": [
      3
    ],
    "loss_type": "disco",
    "disco_lambda": 0.05
  },
  "training_summary": {
    "best_epoch": 0,
    "best_train_loss": 0.7350640850588905,
    "best_valid_loss": 0.6958973844286421,
    "best_train_acc": 0.502902165055275,
    "best_valid_acc": 0.5248041488230228,
    "total_epochs": 8
  },
  "epoch_history": {
    "train_loss": [
      0.7350640850588905,
      0.7073895208016717,
      0.711344450512918,
      0.7129758144946808,
      0.7125550615026596,
      0.7125243398556231,
      0.712076872387918,
      0.7125933522511398
    ],
    "valid_loss": [
      0.6958973844286421,
      0.7072718982965174,
      0.6983973006127586,
      0.7008396202409771,
      0.6983180516202685,
      0.6997720422879071,
      0.7359799129862181,
      0.7094603525081151
    ],
    "train_acc": [
      0.502902165055275,
      0.5169757455587387,
      0.5118627846240997,
      0.5098312646150589,
      0.5111338272690773,
      0.5124130472540855,
      0.5127537101507187,
      0.5121597871184349
    ],
    "valid_acc": [
      0.5248041488230228,
      0.5170185416936874,
      0.5181891359388828,
      0.5245595648884773,
      0.5212850719690323,
      0.5260643884539604,
      0.4764529261738062,
      0.5123644322156906
    ],
    "epoch": [
      0,
      1,
      2,
      3,
      4,
      5,
      6,
      7
    ],
    "timestamp": [
      1767357674.9617646,
      1767358055.0399156,
      1767358432.9783134,
      1767358811.3990672,
      1767359189.8168619,
      1767359568.5602887,
      1767359946.839502,
      1767360324.0596075
    ],
    "train_ce_loss": [
      0.7053335328594892,
      0.6777103544730908,
      0.6814633389374405,
      0.6829211985448936,
      0.682469454905907,
      0.6827161868836017,
      0.6822209625258634,
      0.6821160425621687
    ],
    "valid_ce_loss": [
      0.6661672271053556,
      0.6761468518787707,
      0.6679945386631388,
      0.671306456793362,
      0.6692919582653214,
      0.6702110239002906,
      0.7058991781947478,
      0.6790624483895134
    ],
    "train_disco_term": [
      0.5946105890542178,
      0.5935841163059861,
      0.5976212056574488,
      0.6010927140350399,
      0.6017130218197148,
      0.5961633955997536,
      0.5971190721611846,
      0.6095466996036402
    ],
    "valid_disco_term": [
      0.5946027768749587,
      0.6225013243900218,
      0.6080551676871911,
      0.5906628277415121,
      0.5805219233455793,
      0.5912213071551121,
      0.6016143626520332,
      0.6079580855726356
    ]
  }
}