2025-09-24 15:54:34,986 - INFO - [2022] MISSING_CENTRAL: ZG1E2Mu/Central/jets/3/eta in Skim_TriLep_MuonEG_D.root
2025-09-24 15:54:35,007 - INFO - [2022] MISSING_CENTRAL: ZG1E2Mu/Central/jets/3/eta in Skim_TriLep_DYJets10to50.root
2025-09-24 15:54:35,011 - INFO - [2022] MISSING_CENTRAL: ZG1E2Mu/Central/jets/3/eta in Skim_TriLep_DYGTo2LG_MLL4to50_PTG100to200.root
2025-09-24 15:54:35,011 - INFO - [2022] MISSING_CENTRAL: ZG1E2Mu/Central/jets/3/eta in Skim_TriLep_DYGTo2LG_MLL4to50_PTG200toInf.root
2025-09-24 15:54:35,015 - INFO - [2022] MISSING_CENTRAL: ZG1E2Mu/Central/jets/3/eta in Skim_TriLep_DYGTo2LG_MLL50_PTG100to200.root
2025-09-24 15:54:35,099 - INFO - [2022] MISSING_CENTRAL: ZG1E2Mu/Central/jets/3/eta in Skim_TriLep_DYGTo2LG_MLL50_PTG200toInf.root
2025-09-24 15:54:35,099 - INFO - [2022] MISSING_CENTRAL: ZG1E2Mu/Central/jets/3/eta in Skim_TriLep_TTG_PTG10to100.root
2025-09-24 15:54:35,099 - INFO - [2022] MISSING_CENTRAL: ZG1E2Mu/Central/jets/3/eta in Skim_TriLep_TTG_PTG100to200.root
2025-09-24 15:54:35,099 - INFO - [2022] MISSING_CENTRAL: ZG1E2Mu/Central/jets/3/eta in Skim_TriLep_TTG_PTG200toInf.root
2025-09-24 15:54:35,100 - INFO - [2022] MISSING_CENTRAL: ZG1E2Mu/Central/jets/3/eta in Skim_TriLep_TTWToLNu.root
2025-09-24 15:54:35,103 - INFO - [2022] MISSING_CENTRAL: ZG1E2Mu/Central/jets/3/eta in Skim_TriLep_TTZ_M50.root
2025-09-24 15:54:35,107 - INFO - [2022] MISSING_CENTRAL: ZG1E2Mu/Central/jets/3/eta in Skim_TriLep_WZTo3LNu_powheg.root
2025-09-24 15:54:35,117 - INFO - [2022] MISSING_CENTRAL: ZG1E2Mu/Central/jets/3/eta in Skim_TriLep_WWW.root
2025-09-24 15:54:35,117 - INFO - [2022] MISSING_CENTRAL: ZG1E2Mu/Central/jets/3/eta in Skim_TriLep_WWZ.root
2025-09-24 15:54:35,126 - INFO - [2022] MISSING_CENTRAL: ZG1E2Mu/Central/jets/3/eta in Skim_TriLep_VBFHToZZTo4L.root
2025-09-24 15:54:45,600 - INFO - [2022] MISSING_CENTRAL: ZG1E2Mu/Central/jets/3/eta in Skim_TriLep_MuonEG_D.root
2025-09-24 15:54:45,690 - INFO - [2022] MISSING_CENTRAL: ZG1E2Mu/Central/jets/3/eta in Skim_TriLep_DYJets10to50.root
2025-09-24 15:54:45,691 - INFO - [2022] MISSING_CENTRAL: ZG1E2Mu/Central/jets/3/eta in Skim_TriLep_DYGTo2LG_MLL4to50_PTG100to200.root
2025-09-24 15:54:45,691 - INFO - [2022] MISSING_CENTRAL: ZG1E2Mu/Central/jets/3/eta in Skim_TriLep_DYGTo2LG_MLL4to50_PTG200toInf.root
2025-09-24 15:54:45,692 - INFO - [2022] MISSING_CENTRAL: ZG1E2Mu/Central/jets/3/eta in Skim_TriLep_DYGTo2LG_MLL50_PTG100to200.root
2025-09-24 15:54:45,692 - INFO - [2022] MISSING_CENTRAL: ZG1E2Mu/Central/jets/3/eta in Skim_TriLep_DYGTo2LG_MLL50_PTG200toInf.root
2025-09-24 15:54:45,692 - INFO - [2022] MISSING_CENTRAL: ZG1E2Mu/Central/jets/3/eta in Skim_TriLep_TTG_PTG10to100.root
2025-09-24 15:54:45,692 - INFO - [2022] MISSING_CENTRAL: ZG1E2Mu/Central/jets/3/eta in Skim_TriLep_TTG_PTG100to200.root
2025-09-24 15:54:45,693 - INFO - [2022] MISSING_CENTRAL: ZG1E2Mu/Central/jets/3/eta in Skim_TriLep_TTG_PTG200toInf.root
2025-09-24 15:54:45,693 - INFO - [2022] MISSING_CENTRAL: ZG1E2Mu/Central/jets/3/eta in Skim_TriLep_TTWToLNu.root
2025-09-24 15:54:45,693 - INFO - [2022] MISSING_CENTRAL: ZG1E2Mu/Central/jets/3/eta in Skim_TriLep_TTZ_M50.root
2025-09-24 15:54:45,694 - INFO - [2022] MISSING_CENTRAL: ZG1E2Mu/Central/jets/3/eta in Skim_TriLep_WZTo3LNu_powheg.root
2025-09-24 15:54:45,696 - INFO - [2022] MISSING_CENTRAL: ZG1E2Mu/Central/jets/3/eta in Skim_TriLep_WWW.root
2025-09-24 15:54:45,697 - INFO - [2022] MISSING_CENTRAL: ZG1E2Mu/Central/jets/3/eta in Skim_TriLep_WWZ.root
2025-09-24 15:54:45,698 - INFO - [2022] MISSING_CENTRAL: ZG1E2Mu/Central/jets/3/eta in Skim_TriLep_VBFHToZZTo4L.root
2025-10-02 21:16:27,109 - INFO - [2022] MISSING_CENTRAL: ZG1E2Mu/Central/jets/3/eta in Skim_TriLep_MuonEG_D.root
2025-10-02 21:16:27,161 - INFO - [2022] MISSING_CENTRAL: ZG1E2Mu/Central/jets/3/eta in Skim_TriLep_DYJets10to50.root
2025-10-02 21:16:27,241 - INFO - [2022] MISSING_CENTRAL: ZG1E2Mu/Central/jets/3/eta in Skim_TriLep_DYGTo2LG_MLL4to50_PTG100to200.root
2025-10-02 21:16:27,263 - INFO - [2022] MISSING_CENTRAL: ZG1E2Mu/Central/jets/3/eta in Skim_TriLep_DYGTo2LG_MLL4to50_PTG200toInf.root
2025-10-02 21:16:27,487 - INFO - [2022] MISSING_CENTRAL: ZG1E2Mu/Central/jets/3/eta in Skim_TriLep_DYGTo2LG_MLL50_PTG100to200.root
2025-10-02 21:16:27,532 - INFO - [2022] MISSING_CENTRAL: ZG1E2Mu/Central/jets/3/eta in Skim_TriLep_DYGTo2LG_MLL50_PTG200toInf.root
2025-10-02 21:16:27,561 - INFO - [2022] MISSING_CENTRAL: ZG1E2Mu/Central/jets/3/eta in Skim_TriLep_TTG_PTG10to100.root
2025-10-02 21:16:27,570 - INFO - [2022] MISSING_CENTRAL: ZG1E2Mu/Central/jets/3/eta in Skim_TriLep_TTG_PTG100to200.root
2025-10-02 21:16:27,600 - INFO - [2022] MISSING_CENTRAL: ZG1E2Mu/Central/jets/3/eta in Skim_TriLep_TTG_PTG200toInf.root
2025-10-02 21:16:27,639 - INFO - [2022] MISSING_CENTRAL: ZG1E2Mu/Central/jets/3/eta in Skim_TriLep_TTWToLNu.root
2025-10-02 21:16:27,806 - INFO - [2022] MISSING_CENTRAL: ZG1E2Mu/Central/jets/3/eta in Skim_TriLep_TTZ_M50.root
2025-10-02 21:16:27,954 - INFO - [2022] MISSING_CENTRAL: ZG1E2Mu/Central/jets/3/eta in Skim_TriLep_WZTo3LNu_powheg.root
2025-10-02 21:16:28,429 - INFO - [2022] MISSING_CENTRAL: ZG1E2Mu/Central/jets/3/eta in Skim_TriLep_WWW.root
2025-10-02 21:16:28,502 - INFO - [2022] MISSING_CENTRAL: ZG1E2Mu/Central/jets/3/eta in Skim_TriLep_WWZ.root
2025-10-02 21:16:28,746 - INFO - [2022] MISSING_CENTRAL: ZG1E2Mu/Central/jets/3/eta in Skim_TriLep_VBFHToZZTo4L.root
2025-10-02 21:16:33,853 - INFO - [2022] MISSING_CENTRAL: ZG1E2Mu/Central/jets/3/eta in Skim_TriLep_MuonEG_D.root
2025-10-02 21:16:33,900 - INFO - [2022] MISSING_CENTRAL: ZG1E2Mu/Central/jets/3/eta in Skim_TriLep_DYJets10to50.root
2025-10-02 21:16:33,903 - INFO - [2022] MISSING_CENTRAL: ZG1E2Mu/Central/jets/3/eta in Skim_TriLep_DYGTo2LG_MLL4to50_PTG100to200.root
2025-10-02 21:16:33,904 - INFO - [2022] MISSING_CENTRAL: ZG1E2Mu/Central/jets/3/eta in Skim_TriLep_DYGTo2LG_MLL4to50_PTG200toInf.root
2025-10-02 21:16:33,907 - INFO - [2022] MISSING_CENTRAL: ZG1E2Mu/Central/jets/3/eta in Skim_TriLep_DYGTo2LG_MLL50_PTG100to200.root
2025-10-02 21:16:33,908 - INFO - [2022] MISSING_CENTRAL: ZG1E2Mu/Central/jets/3/eta in Skim_TriLep_DYGTo2LG_MLL50_PTG200toInf.root
2025-10-02 21:16:33,909 - INFO - [2022] MISSING_CENTRAL: ZG1E2Mu/Central/jets/3/eta in Skim_TriLep_TTG_PTG10to100.root
2025-10-02 21:16:33,910 - INFO - [2022] MISSING_CENTRAL: ZG1E2Mu/Central/jets/3/eta in Skim_TriLep_TTG_PTG100to200.root
2025-10-02 21:16:33,911 - INFO - [2022] MISSING_CENTRAL: ZG1E2Mu/Central/jets/3/eta in Skim_TriLep_TTG_PTG200toInf.root
2025-10-02 21:16:33,913 - INFO - [2022] MISSING_CENTRAL: ZG1E2Mu/Central/jets/3/eta in Skim_TriLep_TTWToLNu.root
2025-10-02 21:16:33,915 - INFO - [2022] MISSING_CENTRAL: ZG1E2Mu/Central/jets/3/eta in Skim_TriLep_TTZ_M50.root
2025-10-02 21:16:33,918 - INFO - [2022] MISSING_CENTRAL: ZG1E2Mu/Central/jets/3/eta in Skim_TriLep_WZTo3LNu_powheg.root
2025-10-02 21:16:33,927 - INFO - [2022] MISSING_CENTRAL: ZG1E2Mu/Central/jets/3/eta in Skim_TriLep_WWW.root
2025-10-02 21:16:33,928 - INFO - [2022] MISSING_CENTRAL: ZG1E2Mu/Central/jets/3/eta in Skim_TriLep_WWZ.root
2025-10-02 21:16:33,933 - INFO - [2022] MISSING_CENTRAL: ZG1E2Mu/Central/jets/3/eta in Skim_TriLep_VBFHToZZTo4L.root
2025-10-03 00:22:40,790 - INFO - [2022] MISSING_CENTRAL: ZG1E2Mu/Central/jets/3/eta in Skim_TriLep_MuonEG_D.root
2025-10-03 00:22:40,810 - INFO - [2022] MISSING_CENTRAL: ZG1E2Mu/Central/jets/3/eta in Skim_TriLep_DYJets10to50.root
2025-10-03 00:22:40,828 - INFO - [2022] MISSING_CENTRAL: ZG1E2Mu/Central/jets/3/eta in Skim_TriLep_DYGTo2LG_MLL4to50_PTG100to200.root
2025-10-03 00:22:40,829 - INFO - [2022] MISSING_CENTRAL: ZG1E2Mu/Central/jets/3/eta in Skim_TriLep_DYGTo2LG_MLL4to50_PTG200toInf.root
2025-10-03 00:22:40,835 - INFO - [2022] MISSING_CENTRAL: ZG1E2Mu/Central/jets/3/eta in Skim_TriLep_DYGTo2LG_MLL50_PTG100to200.root
2025-10-03 00:22:40,835 - INFO - [2022] MISSING_CENTRAL: ZG1E2Mu/Central/jets/3/eta in Skim_TriLep_DYGTo2LG_MLL50_PTG200toInf.root
2025-10-03 00:22:40,836 - INFO - [2022] MISSING_CENTRAL: ZG1E2Mu/Central/jets/3/eta in Skim_TriLep_TTG_PTG10to100.root
2025-10-03 00:22:40,836 - INFO - [2022] MISSING_CENTRAL: ZG1E2Mu/Central/jets/3/eta in Skim_TriLep_TTG_PTG100to200.root
2025-10-03 00:22:40,836 - INFO - [2022] MISSING_CENTRAL: ZG1E2Mu/Central/jets/3/eta in Skim_TriLep_TTG_PTG200toInf.root
2025-10-03 00:22:40,836 - INFO - [2022] MISSING_CENTRAL: ZG1E2Mu/Central/jets/3/eta in Skim_TriLep_TTWToLNu.root
2025-10-03 00:22:40,840 - INFO - [2022] MISSING_CENTRAL: ZG1E2Mu/Central/jets/3/eta in Skim_TriLep_TTZ_M50.root
2025-10-03 00:22:40,843 - INFO - [2022] MISSING_CENTRAL: ZG1E2Mu/Central/jets/3/eta in Skim_TriLep_WZTo3LNu_powheg.root
2025-10-03 00:22:40,866 - INFO - [2022] MISSING_CENTRAL: ZG1E2Mu/Central/jets/3/eta in Skim_TriLep_WWW.root
2025-10-03 00:22:40,867 - INFO - [2022] MISSING_CENTRAL: ZG1E2Mu/Central/jets/3/eta in Skim_TriLep_WWZ.root
2025-10-03 00:22:41,060 - INFO - [2022] MISSING_CENTRAL: ZG1E2Mu/Central/jets/3/eta in Skim_TriLep_VBFHToZZTo4L.root
2025-10-03 00:22:51,013 - INFO - [2022] MISSING_CENTRAL: ZG1E2Mu/Central/jets/3/eta in Skim_TriLep_MuonEG_D.root
2025-10-03 00:22:51,086 - INFO - [2022] MISSING_CENTRAL: ZG1E2Mu/Central/jets/3/eta in Skim_TriLep_DYJets10to50.root
2025-10-03 00:22:51,087 - INFO - [2022] MISSING_CENTRAL: ZG1E2Mu/Central/jets/3/eta in Skim_TriLep_DYGTo2LG_MLL4to50_PTG100to200.root
2025-10-03 00:22:51,087 - INFO - [2022] MISSING_CENTRAL: ZG1E2Mu/Central/jets/3/eta in Skim_TriLep_DYGTo2LG_MLL4to50_PTG200toInf.root
2025-10-03 00:22:51,088 - INFO - [2022] MISSING_CENTRAL: ZG1E2Mu/Central/jets/3/eta in Skim_TriLep_DYGTo2LG_MLL50_PTG100to200.root
2025-10-03 00:22:51,088 - INFO - [2022] MISSING_CENTRAL: ZG1E2Mu/Central/jets/3/eta in Skim_TriLep_DYGTo2LG_MLL50_PTG200toInf.root
2025-10-03 00:22:51,088 - INFO - [2022] MISSING_CENTRAL: ZG1E2Mu/Central/jets/3/eta in Skim_TriLep_TTG_PTG10to100.root
2025-10-03 00:22:51,088 - INFO - [2022] MISSING_CENTRAL: ZG1E2Mu/Central/jets/3/eta in Skim_TriLep_TTG_PTG100to200.root
2025-10-03 00:22:51,088 - INFO - [2022] MISSING_CENTRAL: ZG1E2Mu/Central/jets/3/eta in Skim_TriLep_TTG_PTG200toInf.root
2025-10-03 00:22:51,089 - INFO - [2022] MISSING_CENTRAL: ZG1E2Mu/Central/jets/3/eta in Skim_TriLep_TTWToLNu.root
2025-10-03 00:22:51,089 - INFO - [2022] MISSING_CENTRAL: ZG1E2Mu/Central/jets/3/eta in Skim_TriLep_TTZ_M50.root
2025-10-03 00:22:51,102 - INFO - [2022] MISSING_CENTRAL: ZG1E2Mu/Central/jets/3/eta in Skim_TriLep_WZTo3LNu_powheg.root
2025-10-03 00:22:51,126 - INFO - [2022] MISSING_CENTRAL: ZG1E2Mu/Central/jets/3/eta in Skim_TriLep_WWW.root
2025-10-03 00:22:51,127 - INFO - [2022] MISSING_CENTRAL: ZG1E2Mu/Central/jets/3/eta in Skim_TriLep_WWZ.root
2025-10-03 00:22:51,128 - INFO - [2022] MISSING_CENTRAL: ZG1E2Mu/Central/jets/3/eta in Skim_TriLep_VBFHToZZTo4L.root
2025-11-07 13:08:53,961 - INFO - [2022] MISSING_CENTRAL: ZG1E2Mu/Central/jets/3/eta in Skim_TriLep_MuonEG_D.root
2025-11-07 13:08:54,004 - INFO - [2022] MISSING_CENTRAL: ZG1E2Mu/Central/jets/3/eta in Skim_TriLep_DYJets10to50.root
2025-11-07 13:08:54,010 - INFO - [2022] MISSING_CENTRAL: ZG1E2Mu/Central/jets/3/eta in Skim_TriLep_DYGTo2LG_MLL4to50_PTG100to200.root
2025-11-07 13:08:54,010 - INFO - [2022] MISSING_CENTRAL: ZG1E2Mu/Central/jets/3/eta in Skim_TriLep_DYGTo2LG_MLL4to50_PTG200toInf.root
2025-11-07 13:08:54,015 - INFO - [2022] MISSING_CENTRAL: ZG1E2Mu/Central/jets/3/eta in Skim_TriLep_DYGTo2LG_MLL50_PTG100to200.root
2025-11-07 13:08:54,016 - INFO - [2022] MISSING_CENTRAL: ZG1E2Mu/Central/jets/3/eta in Skim_TriLep_DYGTo2LG_MLL50_PTG200toInf.root
2025-11-07 13:08:54,016 - INFO - [2022] MISSING_CENTRAL: ZG1E2Mu/Central/jets/3/eta in Skim_TriLep_TTG_PTG10to100.root
2025-11-07 13:08:54,017 - INFO - [2022] MISSING_CENTRAL: ZG1E2Mu/Central/jets/3/eta in Skim_TriLep_TTG_PTG100to200.root
2025-11-07 13:08:54,017 - INFO - [2022] MISSING_CENTRAL: ZG1E2Mu/Central/jets/3/eta in Skim_TriLep_TTG_PTG200toInf.root
2025-11-07 13:08:54,017 - INFO - [2022] MISSING_CENTRAL: ZG1E2Mu/Central/jets/3/eta in Skim_TriLep_TTWToLNu.root
2025-11-07 13:08:54,031 - INFO - [2022] MISSING_CENTRAL: ZG1E2Mu/Central/jets/3/eta in Skim_TriLep_TTZ_M50.root
2025-11-07 13:08:54,059 - INFO - [2022] MISSING_CENTRAL: ZG1E2Mu/Central/jets/3/eta in Skim_TriLep_WZTo3LNu_powheg.root
2025-11-07 13:08:54,110 - INFO - [2022] MISSING_CENTRAL: ZG1E2Mu/Central/jets/3/eta in Skim_TriLep_WWW.root
2025-11-07 13:08:54,112 - INFO - [2022] MISSING_CENTRAL: ZG1E2Mu/Central/jets/3/eta in Skim_TriLep_WWZ.root
2025-11-07 13:08:54,154 - INFO - [2022] MISSING_CENTRAL: ZG1E2Mu/Central/jets/3/eta in Skim_TriLep_VBFHToZZTo4L.root
2025-11-07 13:08:59,416 - INFO - [2022] MISSING_CENTRAL: ZG1E2Mu/Central/jets/3/eta in Skim_TriLep_MuonEG_D.root
2025-11-07 13:08:59,450 - INFO - [2022] MISSING_CENTRAL: ZG1E2Mu/Central/jets/3/eta in Skim_TriLep_DYJets10to50.root
2025-11-07 13:08:59,451 - INFO - [2022] MISSING_CENTRAL: ZG1E2Mu/Central/jets/3/eta in Skim_TriLep_DYGTo2LG_MLL4to50_PTG100to200.root
2025-11-07 13:08:59,452 - INFO - [2022] MISSING_CENTRAL: ZG1E2Mu/Central/jets/3/eta in Skim_TriLep_DYGTo2LG_MLL4to50_PTG200toInf.root
2025-11-07 13:08:59,454 - INFO - [2022] MISSING_CENTRAL: ZG1E2Mu/Central/jets/3/eta in Skim_TriLep_DYGTo2LG_MLL50_PTG100to200.root
2025-11-07 13:08:59,454 - INFO - [2022] MISSING_CENTRAL: ZG1E2Mu/Central/jets/3/eta in Skim_TriLep_DYGTo2LG_MLL50_PTG200toInf.root
2025-11-07 13:08:59,455 - INFO - [2022] MISSING_CENTRAL: ZG1E2Mu/Central/jets/3/eta in Skim_TriLep_TTG_PTG10to100.root
2025-11-07 13:08:59,456 - INFO - [2022] MISSING_CENTRAL: ZG1E2Mu/Central/jets/3/eta in Skim_TriLep_TTG_PTG100to200.root
2025-11-07 13:08:59,456 - INFO - [2022] MISSING_CENTRAL: ZG1E2Mu/Central/jets/3/eta in Skim_TriLep_TTG_PTG200toInf.root
2025-11-07 13:08:59,457 - INFO - [2022] MISSING_CENTRAL: ZG1E2Mu/Central/jets/3/eta in Skim_TriLep_TTWToLNu.root
2025-11-07 13:08:59,458 - INFO - [2022] MISSING_CENTRAL: ZG1E2Mu/Central/jets/3/eta in Skim_TriLep_TTZ_M50.root
2025-11-07 13:08:59,459 - INFO - [2022] MISSING_CENTRAL: ZG1E2Mu/Central/jets/3/eta in Skim_TriLep_WZTo3LNu_powheg.root
2025-11-07 13:08:59,466 - INFO - [2022] MISSING_CENTRAL: ZG1E2Mu/Central/jets/3/eta in Skim_TriLep_WWW.root
2025-11-07 13:08:59,466 - INFO - [2022] MISSING_CENTRAL: ZG1E2Mu/Central/jets/3/eta in Skim_TriLep_WWZ.root
2025-11-07 13:08:59,468 - INFO - [2022] MISSING_CENTRAL: ZG1E2Mu/Central/jets/3/eta in Skim_TriLep_VBFHToZZTo4L.root
2025-11-07 14:06:36,098 - INFO - [2022] MISSING_CENTRAL: ZG1E2Mu/Central/jets/3/eta in Skim_TriLep_MuonEG_D.root
2025-11-07 14:06:36,145 - INFO - [2022] MISSING_CENTRAL: ZG1E2Mu/Central/jets/3/eta in Skim_TriLep_DYJets10to50.root
2025-11-07 14:06:36,151 - INFO - [2022] MISSING_CENTRAL: ZG1E2Mu/Central/jets/3/eta in Skim_TriLep_DYGTo2LG_MLL4to50_PTG100to200.root
2025-11-07 14:06:36,152 - INFO - [2022] MISSING_CENTRAL: ZG1E2Mu/Central/jets/3/eta in Skim_TriLep_DYGTo2LG_MLL4to50_PTG200toInf.root
2025-11-07 14:06:36,159 - INFO - [2022] MISSING_CENTRAL: ZG1E2Mu/Central/jets/3/eta in Skim_TriLep_DYGTo2LG_MLL50_PTG100to200.root
2025-11-07 14:06:36,159 - INFO - [2022] MISSING_CENTRAL: ZG1E2Mu/Central/jets/3/eta in Skim_TriLep_DYGTo2LG_MLL50_PTG200toInf.root
2025-11-07 14:06:36,160 - INFO - [2022] MISSING_CENTRAL: ZG1E2Mu/Central/jets/3/eta in Skim_TriLep_TTG_PTG10to100.root
2025-11-07 14:06:36,160 - INFO - [2022] MISSING_CENTRAL: ZG1E2Mu/Central/jets/3/eta in Skim_TriLep_TTG_PTG100to200.root
2025-11-07 14:06:36,161 - INFO - [2022] MISSING_CENTRAL: ZG1E2Mu/Central/jets/3/eta in Skim_TriLep_TTG_PTG200toInf.root
2025-11-07 14:06:36,161 - INFO - [2022] MISSING_CENTRAL: ZG1E2Mu/Central/jets/3/eta in Skim_TriLep_TTWToLNu.root
2025-11-07 14:06:36,167 - INFO - [2022] MISSING_CENTRAL: ZG1E2Mu/Central/jets/3/eta in Skim_TriLep_TTZ_M50.root
2025-11-07 14:06:36,173 - INFO - [2022] MISSING_CENTRAL: ZG1E2Mu/Central/jets/3/eta in Skim_TriLep_WZTo3LNu_powheg.root
2025-11-07 14:06:36,190 - INFO - [2022] MISSING_CENTRAL: ZG1E2Mu/Central/jets/3/eta in Skim_TriLep_WWW.root
2025-11-07 14:06:36,191 - INFO - [2022] MISSING_CENTRAL: ZG1E2Mu/Central/jets/3/eta in Skim_TriLep_WWZ.root
2025-11-07 14:06:36,209 - INFO - [2022] MISSING_CENTRAL: ZG1E2Mu/Central/jets/3/eta in Skim_TriLep_VBFHToZZTo4L.root
2025-11-07 14:06:41,165 - INFO - [2022] MISSING_CENTRAL: ZG1E2Mu/Central/jets/3/eta in Skim_TriLep_MuonEG_D.root
2025-11-07 14:06:41,198 - INFO - [2022] MISSING_CENTRAL: ZG1E2Mu/Central/jets/3/eta in Skim_TriLep_DYJets10to50.root
2025-11-07 14:06:41,200 - INFO - [2022] MISSING_CENTRAL: ZG1E2Mu/Central/jets/3/eta in Skim_TriLep_DYGTo2LG_MLL4to50_PTG100to200.root
2025-11-07 14:06:41,200 - INFO - [2022] MISSING_CENTRAL: ZG1E2Mu/Central/jets/3/eta in Skim_TriLep_DYGTo2LG_MLL4to50_PTG200toInf.root
2025-11-07 14:06:41,202 - INFO - [2022] MISSING_CENTRAL: ZG1E2Mu/Central/jets/3/eta in Skim_TriLep_DYGTo2LG_MLL50_PTG100to200.root
2025-11-07 14:06:41,202 - INFO - [2022] MISSING_CENTRAL: ZG1E2Mu/Central/jets/3/eta in Skim_TriLep_DYGTo2LG_MLL50_PTG200toInf.root
2025-11-07 14:06:41,203 - INFO - [2022] MISSING_CENTRAL: ZG1E2Mu/Central/jets/3/eta in Skim_TriLep_TTG_PTG10to100.root
2025-11-07 14:06:41,203 - INFO - [2022] MISSING_CENTRAL: ZG1E2Mu/Central/jets/3/eta in Skim_TriLep_TTG_PTG100to200.root
2025-11-07 14:06:41,203 - INFO - [2022] MISSING_CENTRAL: ZG1E2Mu/Central/jets/3/eta in Skim_TriLep_TTG_PTG200toInf.root
2025-11-07 14:06:41,204 - INFO - [2022] MISSING_CENTRAL: ZG1E2Mu/Central/jets/3/eta in Skim_TriLep_TTWToLNu.root
2025-11-07 14:06:41,205 - INFO - [2022] MISSING_CENTRAL: ZG1E2Mu/Central/jets/3/eta in Skim_TriLep_TTZ_M50.root
2025-11-07 14:06:41,206 - INFO - [2022] MISSING_CENTRAL: ZG1E2Mu/Central/jets/3/eta in Skim_TriLep_WZTo3LNu_powheg.root
2025-11-07 14:06:41,211 - INFO - [2022] MISSING_CENTRAL: ZG1E2Mu/Central/jets/3/eta in Skim_TriLep_WWW.root
2025-11-07 14:06:41,212 - INFO - [2022] MISSING_CENTRAL: ZG1E2Mu/Central/jets/3/eta in Skim_TriLep_WWZ.root
2025-11-07 14:06:41,214 - INFO - [2022] MISSING_CENTRAL: ZG1E2Mu/Central/jets/3/eta in Skim_TriLep_VBFHToZZTo4L.root
2025-11-10 12:21:47,995 - INFO - [2022] MISSING_CENTRAL: ZG1E2Mu/Central/jets/3/eta in Skim_TriLep_MuonEG_D.root
2025-11-10 12:21:48,039 - INFO - [2022] MISSING_CENTRAL: ZG1E2Mu/Central/jets/3/eta in Skim_TriLep_DYJets10to50.root
2025-11-10 12:21:48,044 - INFO - [2022] MISSING_CENTRAL: ZG1E2Mu/Central/jets/3/eta in Skim_TriLep_DYGTo2LG_MLL4to50_PTG100to200.root
2025-11-10 12:21:48,045 - INFO - [2022] MISSING_CENTRAL: ZG1E2Mu/Central/jets/3/eta in Skim_TriLep_DYGTo2LG_MLL4to50_PTG200toInf.root
2025-11-10 12:21:48,051 - INFO - [2022] MISSING_CENTRAL: ZG1E2Mu/Central/jets/3/eta in Skim_TriLep_DYGTo2LG_MLL50_PTG100to200.root
2025-11-10 12:21:48,052 - INFO - [2022] MISSING_CENTRAL: ZG1E2Mu/Central/jets/3/eta in Skim_TriLep_DYGTo2LG_MLL50_PTG200toInf.root
2025-11-10 12:21:48,052 - INFO - [2022] MISSING_CENTRAL: ZG1E2Mu/Central/jets/3/eta in Skim_TriLep_TTG_PTG10to100.root
2025-11-10 12:21:48,053 - INFO - [2022] MISSING_CENTRAL: ZG1E2Mu/Central/jets/3/eta in Skim_TriLep_TTG_PTG100to200.root
2025-11-10 12:21:48,053 - INFO - [2022] MISSING_CENTRAL: ZG1E2Mu/Central/jets/3/eta in Skim_TriLep_TTG_PTG200toInf.root
2025-11-10 12:21:48,054 - INFO - [2022] MISSING_CENTRAL: ZG1E2Mu/Central/jets/3/eta in Skim_TriLep_TTWToLNu.root
2025-11-10 12:21:48,079 - INFO - [2022] MISSING_CENTRAL: ZG1E2Mu/Central/jets/3/eta in Skim_TriLep_TTZ_M50.root
2025-11-10 12:21:48,108 - INFO - [2022] MISSING_CENTRAL: ZG1E2Mu/Central/jets/3/eta in Skim_TriLep_WZTo3LNu_powheg.root
2025-11-10 12:21:48,154 - INFO - [2022] MISSING_CENTRAL: ZG1E2Mu/Central/jets/3/eta in Skim_TriLep_WWW.root
2025-11-10 12:21:48,156 - INFO - [2022] MISSING_CENTRAL: ZG1E2Mu/Central/jets/3/eta in Skim_TriLep_WWZ.root
2025-11-10 12:21:48,193 - INFO - [2022] MISSING_CENTRAL: ZG1E2Mu/Central/jets/3/eta in Skim_TriLep_VBFHToZZTo4L.root
2025-11-10 12:21:53,221 - INFO - [2022] MISSING_CENTRAL: ZG1E2Mu/Central/jets/3/eta in Skim_TriLep_MuonEG_D.root
2025-11-10 12:21:53,256 - INFO - [2022] MISSING_CENTRAL: ZG1E2Mu/Central/jets/3/eta in Skim_TriLep_DYJets10to50.root
2025-11-10 12:21:53,257 - INFO - [2022] MISSING_CENTRAL: ZG1E2Mu/Central/jets/3/eta in Skim_TriLep_DYGTo2LG_MLL4to50_PTG100to200.root
2025-11-10 12:21:53,258 - INFO - [2022] MISSING_CENTRAL: ZG1E2Mu/Central/jets/3/eta in Skim_TriLep_DYGTo2LG_MLL4to50_PTG200toInf.root
2025-11-10 12:21:53,259 - INFO - [2022] MISSING_CENTRAL: ZG1E2Mu/Central/jets/3/eta in Skim_TriLep_DYGTo2LG_MLL50_PTG100to200.root
2025-11-10 12:21:53,260 - INFO - [2022] MISSING_CENTRAL: ZG1E2Mu/Central/jets/3/eta in Skim_TriLep_DYGTo2LG_MLL50_PTG200toInf.root
2025-11-10 12:21:53,260 - INFO - [2022] MISSING_CENTRAL: ZG1E2Mu/Central/jets/3/eta in Skim_TriLep_TTG_PTG10to100.root
2025-11-10 12:21:53,261 - INFO - [2022] MISSING_CENTRAL: ZG1E2Mu/Central/jets/3/eta in Skim_TriLep_TTG_PTG100to200.root
2025-11-10 12:21:53,261 - INFO - [2022] MISSING_CENTRAL: ZG1E2Mu/Central/jets/3/eta in Skim_TriLep_TTG_PTG200toInf.root
2025-11-10 12:21:53,261 - INFO - [2022] MISSING_CENTRAL: ZG1E2Mu/Central/jets/3/eta in Skim_TriLep_TTWToLNu.root
2025-11-10 12:21:53,263 - INFO - [2022] MISSING_CENTRAL: ZG1E2Mu/Central/jets/3/eta in Skim_TriLep_TTZ_M50.root
2025-11-10 12:21:53,264 - INFO - [2022] MISSING_CENTRAL: ZG1E2Mu/Central/jets/3/eta in Skim_TriLep_WZTo3LNu_powheg.root
2025-11-10 12:21:53,269 - INFO - [2022] MISSING_CENTRAL: ZG1E2Mu/Central/jets/3/eta in Skim_TriLep_WWW.root
2025-11-10 12:21:53,270 - INFO - [2022] MISSING_CENTRAL: ZG1E2Mu/Central/jets/3/eta in Skim_TriLep_WWZ.root
2025-11-10 12:21:53,272 - INFO - [2022] MISSING_CENTRAL: ZG1E2Mu/Central/jets/3/eta in Skim_TriLep_VBFHToZZTo4L.root
2025-11-13 11:11:23,531 - INFO - [2022] MISSING_CENTRAL: ZG1E2Mu/Central/jets/3/eta in Skim_TriLep_MuonEG_D.root
2025-11-13 11:11:23,573 - INFO - [2022] MISSING_CENTRAL: ZG1E2Mu/Central/jets/3/eta in Skim_TriLep_DYJets10to50.root
2025-11-13 11:11:23,580 - INFO - [2022] MISSING_CENTRAL: ZG1E2Mu/Central/jets/3/eta in Skim_TriLep_DYGTo2LG_MLL4to50_PTG100to200.root
2025-11-13 11:11:23,580 - INFO - [2022] MISSING_CENTRAL: ZG1E2Mu/Central/jets/3/eta in Skim_TriLep_DYGTo2LG_MLL4to50_PTG200toInf.root
2025-11-13 11:11:23,586 - INFO - [2022] MISSING_CENTRAL: ZG1E2Mu/Central/jets/3/eta in Skim_TriLep_DYGTo2LG_MLL50_PTG100to200.root
2025-11-13 11:11:23,587 - INFO - [2022] MISSING_CENTRAL: ZG1E2Mu/Central/jets/3/eta in Skim_TriLep_DYGTo2LG_MLL50_PTG200toInf.root
2025-11-13 11:11:23,588 - INFO - [2022] MISSING_CENTRAL: ZG1E2Mu/Central/jets/3/eta in Skim_TriLep_TTG_PTG10to100.root
2025-11-13 11:11:23,588 - INFO - [2022] MISSING_CENTRAL: ZG1E2Mu/Central/jets/3/eta in Skim_TriLep_TTG_PTG100to200.root
2025-11-13 11:11:23,589 - INFO - [2022] MISSING_CENTRAL: ZG1E2Mu/Central/jets/3/eta in Skim_TriLep_TTG_PTG200toInf.root
2025-11-13 11:11:23,590 - INFO - [2022] MISSING_CENTRAL: ZG1E2Mu/Central/jets/3/eta in Skim_TriLep_TTWToLNu.root
2025-11-13 11:11:23,685 - INFO - [2022] MISSING_CENTRAL: ZG1E2Mu/Central/jets/3/eta in Skim_TriLep_TTZ_M50.root
2025-11-13 11:11:23,913 - INFO - [2022] MISSING_CENTRAL: ZG1E2Mu/Central/jets/3/eta in Skim_TriLep_WZTo3LNu_powheg.root
2025-11-13 11:11:24,450 - INFO - [2022] MISSING_CENTRAL: ZG1E2Mu/Central/jets/3/eta in Skim_TriLep_WWW.root
2025-11-13 11:11:24,508 - INFO - [2022] MISSING_CENTRAL: ZG1E2Mu/Central/jets/3/eta in Skim_TriLep_WWZ.root
2025-11-13 11:11:24,874 - INFO - [2022] MISSING_CENTRAL: ZG1E2Mu/Central/jets/3/eta in Skim_TriLep_VBFHToZZTo4L.root
2025-11-13 11:11:29,980 - INFO - [2022] MISSING_CENTRAL: ZG1E2Mu/Central/jets/3/eta in Skim_TriLep_MuonEG_D.root
2025-11-13 11:11:30,022 - INFO - [2022] MISSING_CENTRAL: ZG1E2Mu/Central/jets/3/eta in Skim_TriLep_DYJets10to50.root
2025-11-13 11:11:30,024 - INFO - [2022] MISSING_CENTRAL: ZG1E2Mu/Central/jets/3/eta in Skim_TriLep_DYGTo2LG_MLL4to50_PTG100to200.root
2025-11-13 11:11:30,026 - INFO - [2022] MISSING_CENTRAL: ZG1E2Mu/Central/jets/3/eta in Skim_TriLep_DYGTo2LG_MLL4to50_PTG200toInf.root
2025-11-13 11:11:30,028 - INFO - [2022] MISSING_CENTRAL: ZG1E2Mu/Central/jets/3/eta in Skim_TriLep_DYGTo2LG_MLL50_PTG100to200.root
2025-11-13 11:11:30,029 - INFO - [2022] MISSING_CENTRAL: ZG1E2Mu/Central/jets/3/eta in Skim_TriLep_DYGTo2LG_MLL50_PTG200toInf.root
2025-11-13 11:11:30,030 - INFO - [2022] MISSING_CENTRAL: ZG1E2Mu/Central/jets/3/eta in Skim_TriLep_TTG_PTG10to100.root
2025-11-13 11:11:30,031 - INFO - [2022] MISSING_CENTRAL: ZG1E2Mu/Central/jets/3/eta in Skim_TriLep_TTG_PTG100to200.root
2025-11-13 11:11:30,032 - INFO - [2022] MISSING_CENTRAL: ZG1E2Mu/Central/jets/3/eta in Skim_TriLep_TTG_PTG200toInf.root
2025-11-13 11:11:30,033 - INFO - [2022] MISSING_CENTRAL: ZG1E2Mu/Central/jets/3/eta in Skim_TriLep_TTWToLNu.root
2025-11-13 11:11:30,036 - INFO - [2022] MISSING_CENTRAL: ZG1E2Mu/Central/jets/3/eta in Skim_TriLep_TTZ_M50.root
2025-11-13 11:11:30,038 - INFO - [2022] MISSING_CENTRAL: ZG1E2Mu/Central/jets/3/eta in Skim_TriLep_WZTo3LNu_powheg.root
2025-11-13 11:11:30,047 - INFO - [2022] MISSING_CENTRAL: ZG1E2Mu/Central/jets/3/eta in Skim_TriLep_WWW.root
2025-11-13 11:11:30,048 - INFO - [2022] MISSING_CENTRAL: ZG1E2Mu/Central/jets/3/eta in Skim_TriLep_WWZ.root
2025-11-13 11:11:30,052 - INFO - [2022] MISSING_CENTRAL: ZG1E2Mu/Central/jets/3/eta in Skim_TriLep_VBFHToZZTo4L.root
2025-11-19 00:17:49,958 - INFO - [2022] MISSING_CENTRAL: ZG1E2Mu/Central/jets/3/eta in Skim_TriLep_MuonEG_D.root
2025-11-19 00:17:50,023 - INFO - [2022] MISSING_CENTRAL: ZG1E2Mu/Central/jets/3/eta in Skim_TriLep_DYJets10to50.root
2025-11-19 00:17:50,031 - INFO - [2022] MISSING_CENTRAL: ZG1E2Mu/Central/jets/3/eta in Skim_TriLep_DYGTo2LG_MLL4to50_PTG100to200.root
2025-11-19 00:17:50,032 - INFO - [2022] MISSING_CENTRAL: ZG1E2Mu/Central/jets/3/eta in Skim_TriLep_DYGTo2LG_MLL4to50_PTG200toInf.root
2025-11-19 00:17:50,080 - INFO - [2022] MISSING_CENTRAL: ZG1E2Mu/Central/jets/3/eta in Skim_TriLep_DYGTo2LG_MLL50_PTG100to200.root
2025-11-19 00:17:50,082 - INFO - [2022] MISSING_CENTRAL: ZG1E2Mu/Central/jets/3/eta in Skim_TriLep_DYGTo2LG_MLL50_PTG200toInf.root
2025-11-19 00:17:50,083 - INFO - [2022] MISSING_CENTRAL: ZG1E2Mu/Central/jets/3/eta in Skim_TriLep_TTG_PTG10to100.root
2025-11-19 00:17:50,083 - INFO - [2022] MISSING_CENTRAL: ZG1E2Mu/Central/jets/3/eta in Skim_TriLep_TTG_PTG100to200.root
2025-11-19 00:17:50,084 - INFO - [2022] MISSING_CENTRAL: ZG1E2Mu/Central/jets/3/eta in Skim_TriLep_TTG_PTG200toInf.root
2025-11-19 00:17:50,085 - INFO - [2022] MISSING_CENTRAL: ZG1E2Mu/Central/jets/3/eta in Skim_TriLep_TTWToLNu.root
2025-11-19 00:17:50,139 - INFO - [2022] MISSING_CENTRAL: ZG1E2Mu/Central/jets/3/eta in Skim_TriLep_TTZ_M50.root
2025-11-19 00:17:50,185 - INFO - [2022] MISSING_CENTRAL: ZG1E2Mu/Central/jets/3/eta in Skim_TriLep_WZTo3LNu_powheg.root
2025-11-19 00:17:50,410 - INFO - [2022] MISSING_CENTRAL: ZG1E2Mu/Central/jets/3/eta in Skim_TriLep_WWW.root
2025-11-19 00:17:50,415 - INFO - [2022] MISSING_CENTRAL: ZG1E2Mu/Central/jets/3/eta in Skim_TriLep_WWZ.root
2025-11-19 00:17:50,601 - INFO - [2022] MISSING_CENTRAL: ZG1E2Mu/Central/jets/3/eta in Skim_TriLep_VBFHToZZTo4L.root
2025-11-19 00:17:56,298 - INFO - [2022] MISSING_CENTRAL: ZG1E2Mu/Central/jets/3/eta in Skim_TriLep_MuonEG_D.root
2025-11-19 00:17:56,332 - INFO - [2022] MISSING_CENTRAL: ZG1E2Mu/Central/jets/3/eta in Skim_TriLep_DYJets10to50.root
2025-11-19 00:17:56,333 - INFO - [2022] MISSING_CENTRAL: ZG1E2Mu/Central/jets/3/eta in Skim_TriLep_DYGTo2LG_MLL4to50_PTG100to200.root
2025-11-19 00:17:56,334 - INFO - [2022] MISSING_CENTRAL: ZG1E2Mu/Central/jets/3/eta in Skim_TriLep_DYGTo2LG_MLL4to50_PTG200toInf.root
2025-11-19 00:17:56,335 - INFO - [2022] MISSING_CENTRAL: ZG1E2Mu/Central/jets/3/eta in Skim_TriLep_DYGTo2LG_MLL50_PTG100to200.root
2025-11-19 00:17:56,336 - INFO - [2022] MISSING_CENTRAL: ZG1E2Mu/Central/jets/3/eta in Skim_TriLep_DYGTo2LG_MLL50_PTG200toInf.root
2025-11-19 00:17:56,337 - INFO - [2022] MISSING_CENTRAL: ZG1E2Mu/Central/jets/3/eta in Skim_TriLep_TTG_PTG10to100.root
2025-11-19 00:17:56,337 - INFO - [2022] MISSING_CENTRAL: ZG1E2Mu/Central/jets/3/eta in Skim_TriLep_TTG_PTG100to200.root
2025-11-19 00:17:56,338 - INFO - [2022] MISSING_CENTRAL: ZG1E2Mu/Central/jets/3/eta in Skim_TriLep_TTG_PTG200toInf.root
2025-11-19 00:17:56,338 - INFO - [2022] MISSING_CENTRAL: ZG1E2Mu/Central/jets/3/eta in Skim_TriLep_TTWToLNu.root
2025-11-19 00:17:56,340 - INFO - [2022] MISSING_CENTRAL: ZG1E2Mu/Central/jets/3/eta in Skim_TriLep_TTZ_M50.root
2025-11-19 00:17:56,341 - INFO - [2022] MISSING_CENTRAL: ZG1E2Mu/Central/jets/3/eta in Skim_TriLep_WZTo3LNu_powheg.root
2025-11-19 00:17:56,347 - INFO - [2022] MISSING_CENTRAL: ZG1E2Mu/Central/jets/3/eta in Skim_TriLep_WWW.root
2025-11-19 00:17:56,348 - INFO - [2022] MISSING_CENTRAL: ZG1E2Mu/Central/jets/3/eta in Skim_TriLep_WWZ.root
2025-11-19 00:17:56,350 - INFO - [2022] MISSING_CENTRAL: ZG1E2Mu/Central/jets/3/eta in Skim_TriLep_VBFHToZZTo4L.root
2025-11-19 15:43:00,821 - INFO - [2022] MISSING_CENTRAL: ZG1E2Mu/Central/jets/3/eta in Skim_TriLep_MuonEG_D.root
2025-11-19 15:43:00,874 - INFO - [2022] MISSING_CENTRAL: ZG1E2Mu/Central/jets/3/eta in Skim_TriLep_DYJets10to50.root
2025-11-19 15:43:00,881 - INFO - [2022] MISSING_CENTRAL: ZG1E2Mu/Central/jets/3/eta in Skim_TriLep_DYGTo2LG_MLL4to50_PTG100to200.root
2025-11-19 15:43:00,882 - INFO - [2022] MISSING_CENTRAL: ZG1E2Mu/Central/jets/3/eta in Skim_TriLep_DYGTo2LG_MLL4to50_PTG200toInf.root
2025-11-19 15:43:00,888 - INFO - [2022] MISSING_CENTRAL: ZG1E2Mu/Central/jets/3/eta in Skim_TriLep_DYGTo2LG_MLL50_PTG100to200.root
2025-11-19 15:43:00,889 - INFO - [2022] MISSING_CENTRAL: ZG1E2Mu/Central/jets/3/eta in Skim_TriLep_DYGTo2LG_MLL50_PTG200toInf.root
2025-11-19 15:43:00,891 - INFO - [2022] MISSING_CENTRAL: ZG1E2Mu/Central/jets/3/eta in Skim_TriLep_TTG_PTG10to100.root
2025-11-19 15:43:00,894 - INFO - [2022] MISSING_CENTRAL: ZG1E2Mu/Central/jets/3/eta in Skim_TriLep_TTG_PTG100to200.root
2025-11-19 15:43:00,894 - INFO - [2022] MISSING_CENTRAL: ZG1E2Mu/Central/jets/3/eta in Skim_TriLep_TTG_PTG200toInf.root
2025-11-19 15:43:00,896 - INFO - [2022] MISSING_CENTRAL: ZG1E2Mu/Central/jets/3/eta in Skim_TriLep_TTWToLNu.root
2025-11-19 15:43:00,921 - INFO - [2022] MISSING_CENTRAL: ZG1E2Mu/Central/jets/3/eta in Skim_TriLep_TTZ_M50.root
2025-11-19 15:43:00,946 - INFO - [2022] MISSING_CENTRAL: ZG1E2Mu/Central/jets/3/eta in Skim_TriLep_WZTo3LNu_powheg.root
2025-11-19 15:43:00,990 - INFO - [2022] MISSING_CENTRAL: ZG1E2Mu/Central/jets/3/eta in Skim_TriLep_WWW.root
2025-11-19 15:43:00,992 - INFO - [2022] MISSING_CENTRAL: ZG1E2Mu/Central/jets/3/eta in Skim_TriLep_WWZ.root
2025-11-19 15:43:01,032 - INFO - [2022] MISSING_CENTRAL: ZG1E2Mu/Central/jets/3/eta in Skim_TriLep_VBFHToZZTo4L.root
2025-11-19 15:43:06,072 - INFO - [2022] MISSING_CENTRAL: ZG1E2Mu/Central/jets/3/eta in Skim_TriLep_MuonEG_D.root
2025-11-19 15:43:06,114 - INFO - [2022] MISSING_CENTRAL: ZG1E2Mu/Central/jets/3/eta in Skim_TriLep_DYJets10to50.root
2025-11-19 15:43:06,115 - INFO - [2022] MISSING_CENTRAL: ZG1E2Mu/Central/jets/3/eta in Skim_TriLep_DYGTo2LG_MLL4to50_PTG100to200.root
2025-11-19 15:43:06,116 - INFO - [2022] MISSING_CENTRAL: ZG1E2Mu/Central/jets/3/eta in Skim_TriLep_DYGTo2LG_MLL4to50_PTG200toInf.root
2025-11-19 15:43:06,117 - INFO - [2022] MISSING_CENTRAL: ZG1E2Mu/Central/jets/3/eta in Skim_TriLep_DYGTo2LG_MLL50_PTG100to200.root
2025-11-19 15:43:06,118 - INFO - [2022] MISSING_CENTRAL: ZG1E2Mu/Central/jets/3/eta in Skim_TriLep_DYGTo2LG_MLL50_PTG200toInf.root
2025-11-19 15:43:06,118 - INFO - [2022] MISSING_CENTRAL: ZG1E2Mu/Central/jets/3/eta in Skim_TriLep_TTG_PTG10to100.root
2025-11-19 15:43:06,119 - INFO - [2022] MISSING_CENTRAL: ZG1E2Mu/Central/jets/3/eta in Skim_TriLep_TTG_PTG100to200.root
2025-11-19 15:43:06,119 - INFO - [2022] MISSING_CENTRAL: ZG1E2Mu/Central/jets/3/eta in Skim_TriLep_TTG_PTG200toInf.root
2025-11-19 15:43:06,120 - INFO - [2022] MISSING_CENTRAL: ZG1E2Mu/Central/jets/3/eta in Skim_TriLep_TTWToLNu.root
2025-11-19 15:43:06,121 - INFO - [2022] MISSING_CENTRAL: ZG1E2Mu/Central/jets/3/eta in Skim_TriLep_TTZ_M50.root
2025-11-19 15:43:06,122 - INFO - [2022] MISSING_CENTRAL: ZG1E2Mu/Central/jets/3/eta in Skim_TriLep_WZTo3LNu_powheg.root
2025-11-19 15:43:06,127 - INFO - [2022] MISSING_CENTRAL: ZG1E2Mu/Central/jets/3/eta in Skim_TriLep_WWW.root
2025-11-19 15:43:06,128 - INFO - [2022] MISSING_CENTRAL: ZG1E2Mu/Central/jets/3/eta in Skim_TriLep_WWZ.root
2025-11-19 15:43:06,130 - INFO - [2022] MISSING_CENTRAL: ZG1E2Mu/Central/jets/3/eta in Skim_TriLep_VBFHToZZTo4L.root
2025-11-19 16:24:11,483 - INFO - [2022] MISSING_CENTRAL: ZG1E2Mu/Central/jets/3/eta in Skim_TriLep_MuonEG_D.root
2025-11-19 16:24:11,539 - INFO - [2022] MISSING_CENTRAL: ZG1E2Mu/Central/jets/3/eta in Skim_TriLep_DYJets10to50.root
2025-11-19 16:24:11,546 - INFO - [2022] MISSING_CENTRAL: ZG1E2Mu/Central/jets/3/eta in Skim_TriLep_DYGTo2LG_MLL4to50_PTG100to200.root
2025-11-19 16:24:11,546 - INFO - [2022] MISSING_CENTRAL: ZG1E2Mu/Central/jets/3/eta in Skim_TriLep_DYGTo2LG_MLL4to50_PTG200toInf.root
2025-11-19 16:24:11,552 - INFO - [2022] MISSING_CENTRAL: ZG1E2Mu/Central/jets/3/eta in Skim_TriLep_DYGTo2LG_MLL50_PTG100to200.root
2025-11-19 16:24:11,553 - INFO - [2022] MISSING_CENTRAL: ZG1E2Mu/Central/jets/3/eta in Skim_TriLep_DYGTo2LG_MLL50_PTG200toInf.root
2025-11-19 16:24:11,554 - INFO - [2022] MISSING_CENTRAL: ZG1E2Mu/Central/jets/3/eta in Skim_TriLep_TTG_PTG10to100.root
2025-11-19 16:24:11,554 - INFO - [2022] MISSING_CENTRAL: ZG1E2Mu/Central/jets/3/eta in Skim_TriLep_TTG_PTG100to200.root
2025-11-19 16:24:11,555 - INFO - [2022] MISSING_CENTRAL: ZG1E2Mu/Central/jets/3/eta in Skim_TriLep_TTG_PTG200toInf.root
2025-11-19 16:24:11,555 - INFO - [2022] MISSING_CENTRAL: ZG1E2Mu/Central/jets/3/eta in Skim_TriLep_TTWToLNu.root
2025-11-19 16:24:11,561 - INFO - [2022] MISSING_CENTRAL: ZG1E2Mu/Central/jets/3/eta in Skim_TriLep_TTZ_M50.root
2025-11-19 16:24:11,567 - INFO - [2022] MISSING_CENTRAL: ZG1E2Mu/Central/jets/3/eta in Skim_TriLep_WZTo3LNu_powheg.root
2025-11-19 16:24:11,584 - INFO - [2022] MISSING_CENTRAL: ZG1E2Mu/Central/jets/3/eta in Skim_TriLep_WWW.root
2025-11-19 16:24:11,585 - INFO - [2022] MISSING_CENTRAL: ZG1E2Mu/Central/jets/3/eta in Skim_TriLep_WWZ.root
2025-11-19 16:24:11,601 - INFO - [2022] MISSING_CENTRAL: ZG1E2Mu/Central/jets/3/eta in Skim_TriLep_VBFHToZZTo4L.root
2025-11-19 16:24:16,547 - INFO - [2022] MISSING_CENTRAL: ZG1E2Mu/Central/jets/3/eta in Skim_TriLep_MuonEG_D.root
2025-11-19 16:24:16,585 - INFO - [2022] MISSING_CENTRAL: ZG1E2Mu/Central/jets/3/eta in Skim_TriLep_DYJets10to50.root
2025-11-19 16:24:16,586 - INFO - [2022] MISSING_CENTRAL: ZG1E2Mu/Central/jets/3/eta in Skim_TriLep_DYGTo2LG_MLL4to50_PTG100to200.root
2025-11-19 16:24:16,586 - INFO - [2022] MISSING_CENTRAL: ZG1E2Mu/Central/jets/3/eta in Skim_TriLep_DYGTo2LG_MLL4to50_PTG200toInf.root
2025-11-19 16:24:16,587 - INFO - [2022] MISSING_CENTRAL: ZG1E2Mu/Central/jets/3/eta in Skim_TriLep_DYGTo2LG_MLL50_PTG100to200.root
2025-11-19 16:24:16,588 - INFO - [2022] MISSING_CENTRAL: ZG1E2Mu/Central/jets/3/eta in Skim_TriLep_DYGTo2LG_MLL50_PTG200toInf.root
2025-11-19 16:24:16,588 - INFO - [2022] MISSING_CENTRAL: ZG1E2Mu/Central/jets/3/eta in Skim_TriLep_TTG_PTG10to100.root
2025-11-19 16:24:16,589 - INFO - [2022] MISSING_CENTRAL: ZG1E2Mu/Central/jets/3/eta in Skim_TriLep_TTG_PTG100to200.root
2025-11-19 16:24:16,589 - INFO - [2022] MISSING_CENTRAL: ZG1E2Mu/Central/jets/3/eta in Skim_TriLep_TTG_PTG200toInf.root
2025-11-19 16:24:16,590 - INFO - [2022] MISSING_CENTRAL: ZG1E2Mu/Central/jets/3/eta in Skim_TriLep_TTWToLNu.root
2025-11-19 16:24:16,591 - INFO - [2022] MISSING_CENTRAL: ZG1E2Mu/Central/jets/3/eta in Skim_TriLep_TTZ_M50.root
2025-11-19 16:24:16,591 - INFO - [2022] MISSING_CENTRAL: ZG1E2Mu/Central/jets/3/eta in Skim_TriLep_WZTo3LNu_powheg.root
2025-11-19 16:24:16,597 - INFO - [2022] MISSING_CENTRAL: ZG1E2Mu/Central/jets/3/eta in Skim_TriLep_WWW.root
2025-11-19 16:24:16,598 - INFO - [2022] MISSING_CENTRAL: ZG1E2Mu/Central/jets/3/eta in Skim_TriLep_WWZ.root
2025-11-19 16:24:16,600 - INFO - [2022] MISSING_CENTRAL: ZG1E2Mu/Central/jets/3/eta in Skim_TriLep_VBFHToZZTo4L.root
2025-12-17 12:26:14,696 - INFO - [2022] MISSING_CENTRAL: ZG1E2Mu/Central/jets/3/eta in Skim_TriLep_MuonEG_D.root
2025-12-17 12:26:14,973 - INFO - [2022] MISSING_CENTRAL: ZG1E2Mu/Central/jets/3/eta in Skim_TriLep_DYJets10to50.root
2025-12-17 12:26:14,975 - INFO - [2022] MISSING_CENTRAL: ZG1E2Mu/Central/jets/3/eta in Skim_TriLep_TTG_PTG10to100.root
2025-12-17 12:26:14,976 - INFO - [2022] MISSING_CENTRAL: ZG1E2Mu/Central/jets/3/eta in Skim_TriLep_TTG_PTG100to200.root
2025-12-17 12:26:14,980 - INFO - [2022] MISSING_CENTRAL: ZG1E2Mu/Central/jets/3/eta in Skim_TriLep_TTG_PTG200toInf.root
2025-12-17 12:26:14,985 - INFO - [2022] MISSING_CENTRAL: ZG1E2Mu/Central/jets/3/eta in Skim_TriLep_TTWToLNu.root
2025-12-17 12:26:15,012 - INFO - [2022] MISSING_CENTRAL: ZG1E2Mu/Central/jets/3/eta in Skim_TriLep_TTZ_M50.root
2025-12-17 12:26:15,039 - INFO - [2022] MISSING_CENTRAL: ZG1E2Mu/Central/jets/3/eta in Skim_TriLep_WZTo3LNu_powheg.root
2025-12-17 12:26:15,218 - INFO - [2022] MISSING_CENTRAL: ZG1E2Mu/Central/jets/3/eta in Skim_TriLep_WWW.root
2025-12-17 12:26:15,220 - INFO - [2022] MISSING_CENTRAL: ZG1E2Mu/Central/jets/3/eta in Skim_TriLep_WWZ.root
2025-12-17 12:26:15,428 - INFO - [2022] MISSING_CENTRAL: ZG1E2Mu/Central/jets/3/eta in Skim_TriLep_VBFHToZZTo4L.root
2025-12-17 12:26:20,574 - INFO - [2022] MISSING_CENTRAL: ZG1E2Mu/Central/jets/3/eta in Skim_TriLep_MuonEG_D.root
2025-12-17 12:26:20,609 - INFO - [2022] MISSING_CENTRAL: ZG1E2Mu/Central/jets/3/eta in Skim_TriLep_DYJets10to50.root
2025-12-17 12:26:20,610 - INFO - [2022] MISSING_CENTRAL: ZG1E2Mu/Central/jets/3/eta in Skim_TriLep_TTG_PTG10to100.root
2025-12-17 12:26:20,612 - INFO - [2022] MISSING_CENTRAL: ZG1E2Mu/Central/jets/3/eta in Skim_TriLep_TTG_PTG100to200.root
2025-12-17 12:26:20,613 - INFO - [2022] MISSING_CENTRAL: ZG1E2Mu/Central/jets/3/eta in Skim_TriLep_TTG_PTG200toInf.root
2025-12-17 12:26:20,615 - INFO - [2022] MISSING_CENTRAL: ZG1E2Mu/Central/jets/3/eta in Skim_TriLep_TTWToLNu.root
2025-12-17 12:26:20,618 - INFO - [2022] MISSING_CENTRAL: ZG1E2Mu/Central/jets/3/eta in Skim_TriLep_TTZ_M50.root
2025-12-17 12:26:20,622 - INFO - [2022] MISSING_CENTRAL: ZG1E2Mu/Central/jets/3/eta in Skim_TriLep_WZTo3LNu_powheg.root
2025-12-17 12:26:20,633 - INFO - [2022] MISSING_CENTRAL: ZG1E2Mu/Central/jets/3/eta in Skim_TriLep_WWW.root
2025-12-17 12:26:20,634 - INFO - [2022] MISSING_CENTRAL: ZG1E2Mu/Central/jets/3/eta in Skim_TriLep_WWZ.root
2025-12-17 12:26:20,639 - INFO - [2022] MISSING_CENTRAL: ZG1E2Mu/Central/jets/3/eta in Skim_TriLep_VBFHToZZTo4L.root
2025-12-17 16:08:00,564 - INFO - [2022] MISSING_CENTRAL: ZG1E2Mu/Central/jets/3/eta in Skim_TriLep_MuonEG_D.root
2025-12-17 16:08:00,616 - INFO - [2022] MISSING_CENTRAL: ZG1E2Mu/Central/jets/3/eta in Skim_TriLep_DYJets10to50.root
2025-12-17 16:08:00,617 - INFO - [2022] MISSING_CENTRAL: ZG1E2Mu/Central/jets/3/eta in Skim_TriLep_TTG_PTG10to100.root
2025-12-17 16:08:00,618 - INFO - [2022] MISSING_CENTRAL: ZG1E2Mu/Central/jets/3/eta in Skim_TriLep_TTG_PTG100to200.root
2025-12-17 16:08:00,619 - INFO - [2022] MISSING_CENTRAL: ZG1E2Mu/Central/jets/3/eta in Skim_TriLep_TTG_PTG200toInf.root
2025-12-17 16:08:00,619 - INFO - [2022] MISSING_CENTRAL: ZG1E2Mu/Central/jets/3/eta in Skim_TriLep_TTWToLNu.root
2025-12-17 16:08:00,629 - INFO - [2022] MISSING_CENTRAL: ZG1E2Mu/Central/jets/3/eta in Skim_TriLep_TTZ_M50.root
2025-12-17 16:08:00,638 - INFO - [2022] MISSING_CENTRAL: ZG1E2Mu/Central/jets/3/eta in Skim_TriLep_WZTo3LNu_powheg.root
2025-12-17 16:08:00,662 - INFO - [2022] MISSING_CENTRAL: ZG1E2Mu/Central/jets/3/eta in Skim_TriLep_WWW.root
2025-12-17 16:08:00,663 - INFO - [2022] MISSING_CENTRAL: ZG1E2Mu/Central/jets/3/eta in Skim_TriLep_WWZ.root
2025-12-17 16:08:00,688 - INFO - [2022] MISSING_CENTRAL: ZG1E2Mu/Central/jets/3/eta in Skim_TriLep_VBFHToZZTo4L.root
2025-12-17 16:08:04,095 - INFO - [2022] MISSING_CENTRAL: ZG1E2Mu/Central/jets/3/eta in Skim_TriLep_MuonEG_D.root
2025-12-17 16:08:04,138 - INFO - [2022] MISSING_CENTRAL: ZG1E2Mu/Central/jets/3/eta in Skim_TriLep_DYJets10to50.root
2025-12-17 16:08:04,139 - INFO - [2022] MISSING_CENTRAL: ZG1E2Mu/Central/jets/3/eta in Skim_TriLep_TTG_PTG10to100.root
2025-12-17 16:08:04,140 - INFO - [2022] MISSING_CENTRAL: ZG1E2Mu/Central/jets/3/eta in Skim_TriLep_TTG_PTG100to200.root
2025-12-17 16:08:04,141 - INFO - [2022] MISSING_CENTRAL: ZG1E2Mu/Central/jets/3/eta in Skim_TriLep_TTG_PTG200toInf.root
2025-12-17 16:08:04,142 - INFO - [2022] MISSING_CENTRAL: ZG1E2Mu/Central/jets/3/eta in Skim_TriLep_TTWToLNu.root
2025-12-17 16:08:04,144 - INFO - [2022] MISSING_CENTRAL: ZG1E2Mu/Central/jets/3/eta in Skim_TriLep_TTZ_M50.root
2025-12-17 16:08:04,146 - INFO - [2022] MISSING_CENTRAL: ZG1E2Mu/Central/jets/3/eta in Skim_TriLep_WZTo3LNu_powheg.root
2025-12-17 16:08:04,156 - INFO - [2022] MISSING_CENTRAL: ZG1E2Mu/Central/jets/3/eta in Skim_TriLep_WWW.root
2025-12-17 16:08:04,157 - INFO - [2022] MISSING_CENTRAL: ZG1E2Mu/Central/jets/3/eta in Skim_TriLep_WWZ.root
2025-12-17 16:08:04,161 - INFO - [2022] MISSING_CENTRAL: ZG1E2Mu/Central/jets/3/eta in Skim_TriLep_VBFHToZZTo4L.root
2025-12-17 22:38:42,442 - INFO - [2022] MISSING_CENTRAL: ZG1E2Mu/Central/jets/3/eta in Skim_TriLep_MuonEG_D.root
2025-12-17 22:38:42,502 - INFO - [2022] MISSING_CENTRAL: ZG1E2Mu/Central/jets/3/eta in Skim_TriLep_DYJets10to50.root
2025-12-17 22:38:42,503 - INFO - [2022] MISSING_CENTRAL: ZG1E2Mu/Central/jets/3/eta in Skim_TriLep_TTG_PTG10to100.root
2025-12-17 22:38:42,504 - INFO - [2022] MISSING_CENTRAL: ZG1E2Mu/Central/jets/3/eta in Skim_TriLep_TTG_PTG100to200.root
2025-12-17 22:38:42,505 - INFO - [2022] MISSING_CENTRAL: ZG1E2Mu/Central/jets/3/eta in Skim_TriLep_TTG_PTG200toInf.root
2025-12-17 22:38:42,506 - INFO - [2022] MISSING_CENTRAL: ZG1E2Mu/Central/jets/3/eta in Skim_TriLep_TTWToLNu.root
2025-12-17 22:38:42,516 - INFO - [2022] MISSING_CENTRAL: ZG1E2Mu/Central/jets/3/eta in Skim_TriLep_TTZ_M50.root
2025-12-17 22:38:42,527 - INFO - [2022] MISSING_CENTRAL: ZG1E2Mu/Central/jets/3/eta in Skim_TriLep_WZTo3LNu_powheg.root
2025-12-17 22:38:42,555 - INFO - [2022] MISSING_CENTRAL: ZG1E2Mu/Central/jets/3/eta in Skim_TriLep_WWW.root
2025-12-17 22:38:42,556 - INFO - [2022] MISSING_CENTRAL: ZG1E2Mu/Central/jets/3/eta in Skim_TriLep_WWZ.root
2025-12-17 22:38:42,586 - INFO - [2022] MISSING_CENTRAL: ZG1E2Mu/Central/jets/3/eta in Skim_TriLep_VBFHToZZTo4L.root
2025-12-17 22:38:46,134 - INFO - [2022] MISSING_CENTRAL: ZG1E2Mu/Central/jets/3/eta in Skim_TriLep_MuonEG_D.root
2025-12-17 22:38:46,177 - INFO - [2022] MISSING_CENTRAL: ZG1E2Mu/Central/jets/3/eta in Skim_TriLep_DYJets10to50.root
2025-12-17 22:38:46,178 - INFO - [2022] MISSING_CENTRAL: ZG1E2Mu/Central/jets/3/eta in Skim_TriLep_TTG_PTG10to100.root
2025-12-17 22:38:46,179 - INFO - [2022] MISSING_CENTRAL: ZG1E2Mu/Central/jets/3/eta in Skim_TriLep_TTG_PTG100to200.root
2025-12-17 22:38:46,180 - INFO - [2022] MISSING_CENTRAL: ZG1E2Mu/Central/jets/3/eta in Skim_TriLep_TTG_PTG200toInf.root
2025-12-17 22:38:46,181 - INFO - [2022] MISSING_CENTRAL: ZG1E2Mu/Central/jets/3/eta in Skim_TriLep_TTWToLNu.root
2025-12-17 22:38:46,183 - INFO - [2022] MISSING_CENTRAL: ZG1E2Mu/Central/jets/3/eta in Skim_TriLep_TTZ_M50.root
2025-12-17 22:38:46,185 - INFO - [2022] MISSING_CENTRAL: ZG1E2Mu/Central/jets/3/eta in Skim_TriLep_WZTo3LNu_powheg.root
2025-12-17 22:38:46,195 - INFO - [2022] MISSING_CENTRAL: ZG1E2Mu/Central/jets/3/eta in Skim_TriLep_WWW.root
2025-12-17 22:38:46,196 - INFO - [2022] MISSING_CENTRAL: ZG1E2Mu/Central/jets/3/eta in Skim_TriLep_WWZ.root
2025-12-17 22:38:46,200 - INFO - [2022] MISSING_CENTRAL: ZG1E2Mu/Central/jets/3/eta in Skim_TriLep_VBFHToZZTo4L.root
2025-12-18 14:23:26,814 - INFO - [2022] MISSING_CENTRAL: ZG1E2Mu/Central/jets/3/eta in Skim_TriLep_MuonEG_D.root
2025-12-18 14:23:26,994 - INFO - [2022] MISSING_CENTRAL: ZG1E2Mu/Central/jets/3/eta in Skim_TriLep_DYJets10to50.root
2025-12-18 14:23:27,003 - INFO - [2022] MISSING_CENTRAL: ZG1E2Mu/Central/jets/3/eta in Skim_TriLep_TTG_PTG10to100.root
2025-12-18 14:23:27,011 - INFO - [2022] MISSING_CENTRAL: ZG1E2Mu/Central/jets/3/eta in Skim_TriLep_TTG_PTG100to200.root
2025-12-18 14:23:27,013 - INFO - [2022] MISSING_CENTRAL: ZG1E2Mu/Central/jets/3/eta in Skim_TriLep_TTG_PTG200toInf.root
2025-12-18 14:23:27,014 - INFO - [2022] MISSING_CENTRAL: ZG1E2Mu/Central/jets/3/eta in Skim_TriLep_TTWToLNu.root
2025-12-18 14:23:27,024 - INFO - [2022] MISSING_CENTRAL: ZG1E2Mu/Central/jets/3/eta in Skim_TriLep_TTZ_M50.root
2025-12-18 14:23:27,035 - INFO - [2022] MISSING_CENTRAL: ZG1E2Mu/Central/jets/3/eta in Skim_TriLep_WZTo3LNu_powheg.root
2025-12-18 14:23:27,089 - INFO - [2022] MISSING_CENTRAL: ZG1E2Mu/Central/jets/3/eta in Skim_TriLep_WWW.root
2025-12-18 14:23:27,091 - INFO - [2022] MISSING_CENTRAL: ZG1E2Mu/Central/jets/3/eta in Skim_TriLep_WWZ.root
2025-12-18 14:23:27,197 - INFO - [2022] MISSING_CENTRAL: ZG1E2Mu/Central/jets/3/eta in Skim_TriLep_VBFHToZZTo4L.root
2025-12-18 14:23:32,827 - INFO - [2022] MISSING_CENTRAL: ZG1E2Mu/Central/jets/3/eta in Skim_TriLep_MuonEG_D.root
2025-12-18 14:23:32,860 - INFO - [2022] MISSING_CENTRAL: ZG1E2Mu/Central/jets/3/eta in Skim_TriLep_DYJets10to50.root
2025-12-18 14:23:32,860 - INFO - [2022] MISSING_CENTRAL: ZG1E2Mu/Central/jets/3/eta in Skim_TriLep_TTG_PTG10to100.root
2025-12-18 14:23:32,861 - INFO - [2022] MISSING_CENTRAL: ZG1E2Mu/Central/jets/3/eta in Skim_TriLep_TTG_PTG100to200.root
2025-12-18 14:23:32,862 - INFO - [2022] MISSING_CENTRAL: ZG1E2Mu/Central/jets/3/eta in Skim_TriLep_TTG_PTG200toInf.root
2025-12-18 14:23:32,862 - INFO - [2022] MISSING_CENTRAL: ZG1E2Mu/Central/jets/3/eta in Skim_TriLep_TTWToLNu.root
2025-12-18 14:23:32,864 - INFO - [2022] MISSING_CENTRAL: ZG1E2Mu/Central/jets/3/eta in Skim_TriLep_TTZ_M50.root
2025-12-18 14:23:32,865 - INFO - [2022] MISSING_CENTRAL: ZG1E2Mu/Central/jets/3/eta in Skim_TriLep_WZTo3LNu_powheg.root
2025-12-18 14:23:32,872 - INFO - [2022] MISSING_CENTRAL: ZG1E2Mu/Central/jets/3/eta in Skim_TriLep_WWW.root
2025-12-18 14:23:32,872 - INFO - [2022] MISSING_CENTRAL: ZG1E2Mu/Central/jets/3/eta in Skim_TriLep_WWZ.root
2025-12-18 14:23:32,875 - INFO - [2022] MISSING_CENTRAL: ZG1E2Mu/Central/jets/3/eta in Skim_TriLep_VBFHToZZTo4L.root
2025-12-18 14:38:52,123 - INFO - [2022] MISSING_CENTRAL: ZG1E2Mu/Central/jets/3/eta in Skim_TriLep_MuonEG_D.root
2025-12-18 14:38:52,199 - INFO - [2022] MISSING_CENTRAL: ZG1E2Mu/Central/jets/3/eta in Skim_TriLep_DYJets10to50.root
2025-12-18 14:38:52,200 - INFO - [2022] MISSING_CENTRAL: ZG1E2Mu/Central/jets/3/eta in Skim_TriLep_TTG_PTG10to100.root
2025-12-18 14:38:52,201 - INFO - [2022] MISSING_CENTRAL: ZG1E2Mu/Central/jets/3/eta in Skim_TriLep_TTG_PTG100to200.root
2025-12-18 14:38:52,202 - INFO - [2022] MISSING_CENTRAL: ZG1E2Mu/Central/jets/3/eta in Skim_TriLep_TTG_PTG200toInf.root
2025-12-18 14:38:52,203 - INFO - [2022] MISSING_CENTRAL: ZG1E2Mu/Central/jets/3/eta in Skim_TriLep_TTWToLNu.root
2025-12-18 14:38:52,214 - INFO - [2022] MISSING_CENTRAL: ZG1E2Mu/Central/jets/3/eta in Skim_TriLep_TTZ_M50.root
2025-12-18 14:38:52,222 - INFO - [2022] MISSING_CENTRAL: ZG1E2Mu/Central/jets/3/eta in Skim_TriLep_WZTo3LNu_powheg.root
2025-12-18 14:38:52,245 - INFO - [2022] MISSING_CENTRAL: ZG1E2Mu/Central/jets/3/eta in Skim_TriLep_WWW.root
2025-12-18 14:38:52,246 - INFO - [2022] MISSING_CENTRAL: ZG1E2Mu/Central/jets/3/eta in Skim_TriLep_WWZ.root
2025-12-18 14:38:52,276 - INFO - [2022] MISSING_CENTRAL: ZG1E2Mu/Central/jets/3/eta in Skim_TriLep_VBFHToZZTo4L.root
2025-12-18 14:38:57,612 - INFO - [2022] MISSING_CENTRAL: ZG1E2Mu/Central/jets/3/eta in Skim_TriLep_MuonEG_D.root
2025-12-18 14:38:57,655 - INFO - [2022] MISSING_CENTRAL: ZG1E2Mu/Central/jets/3/eta in Skim_TriLep_DYJets10to50.root
2025-12-18 14:38:57,656 - INFO - [2022] MISSING_CENTRAL: ZG1E2Mu/Central/jets/3/eta in Skim_TriLep_TTG_PTG10to100.root
2025-12-18 14:38:57,657 - INFO - [2022] MISSING_CENTRAL: ZG1E2Mu/Central/jets/3/eta in Skim_TriLep_TTG_PTG100to200.root
2025-12-18 14:38:57,658 - INFO - [2022] MISSING_CENTRAL: ZG1E2Mu/Central/jets/3/eta in Skim_TriLep_TTG_PTG200toInf.root
2025-12-18 14:38:57,659 - INFO - [2022] MISSING_CENTRAL: ZG1E2Mu/Central/jets/3/eta in Skim_TriLep_TTWToLNu.root
2025-12-18 14:38:57,661 - INFO - [2022] MISSING_CENTRAL: ZG1E2Mu/Central/jets/3/eta in Skim_TriLep_TTZ_M50.root
2025-12-18 14:38:57,663 - INFO - [2022] MISSING_CENTRAL: ZG1E2Mu/Central/jets/3/eta in Skim_TriLep_WZTo3LNu_powheg.root
2025-12-18 14:38:57,672 - INFO - [2022] MISSING_CENTRAL: ZG1E2Mu/Central/jets/3/eta in Skim_TriLep_WWW.root
2025-12-18 14:38:57,674 - INFO - [2022] MISSING_CENTRAL: ZG1E2Mu/Central/jets/3/eta in Skim_TriLep_WWZ.root
2025-12-18 14:38:57,678 - INFO - [2022] MISSING_CENTRAL: ZG1E2Mu/Central/jets/3/eta in Skim_TriLep_VBFHToZZTo4L.root
2026-01-07 11:48:31,895 - INFO - [2022] MISSING_FILE: /data9/Users/choij/Sync/workspace/ChargedHiggsAnalysisV3/SKNanoOutput/CRPromptSelector/Run1E2Mu/2022/Skim_TriLep_MuonEG_C.root
2026-01-07 11:48:31,895 - INFO - [2022] MISSING_FILE: /data9/Users/choij/Sync/workspace/ChargedHiggsAnalysisV3/SKNanoOutput/CRPromptSelector/Run1E2Mu/2022/Skim_TriLep_MuonEG_D.root
2026-01-07 11:48:35,737 - INFO - [2022] MISSING_FILE: /data9/Users/choij/Sync/workspace/ChargedHiggsAnalysisV3/SKNanoOutput/CRPromptSelector/Run1E2Mu/2022/Skim_TriLep_MuonEG_C.root
2026-01-07 11:48:35,737 - INFO - [2022] MISSING_FILE: /data9/Users/choij/Sync/workspace/ChargedHiggsAnalysisV3/SKNanoOutput/CRPromptSelector/Run1E2Mu/2022/Skim_TriLep_MuonEG_D.root
2026-01-07 18:45:12,084 - INFO - [2022] MISSING_CENTRAL: ZG1E2Mu/Central/jets/3/eta in Skim_TriLep_MuonEG_D.root
2026-01-07 18:45:12,125 - INFO - [2022] MISSING_CENTRAL: ZG1E2Mu/Central/jets/3/eta in Skim_TriLep_DYJets10to50.root
2026-01-07 18:45:12,126 - INFO - [2022] MISSING_CENTRAL: ZG1E2Mu/Central/jets/3/eta in Skim_TriLep_TTG_PTG10to100.root
2026-01-07 18:45:12,126 - INFO - [2022] MISSING_CENTRAL: ZG1E2Mu/Central/jets/3/eta in Skim_TriLep_TTG_PTG100to200.root
2026-01-07 18:45:12,127 - INFO - [2022] MISSING_CENTRAL: ZG1E2Mu/Central/jets/3/eta in Skim_TriLep_TTG_PTG200toInf.root
2026-01-07 18:45:12,128 - INFO - [2022] MISSING_CENTRAL: ZG1E2Mu/Central/jets/3/eta in Skim_TriLep_TTWToLNu.root
2026-01-07 18:45:12,133 - INFO - [2022] MISSING_CENTRAL: ZG1E2Mu/Central/jets/3/eta in Skim_TriLep_TTZ_M50.root
2026-01-07 18:45:12,140 - INFO - [2022] MISSING_CENTRAL: ZG1E2Mu/Central/jets/3/eta in Skim_TriLep_WZTo3LNu_powheg.root
2026-01-07 18:45:12,156 - INFO - [2022] MISSING_CENTRAL: ZG1E2Mu/Central/jets/3/eta in Skim_TriLep_WWW.root
2026-01-07 18:45:12,157 - INFO - [2022] MISSING_CENTRAL: ZG1E2Mu/Central/jets/3/eta in Skim_TriLep_WWZ.root
2026-01-07 18:45:12,174 - INFO - [2022] MISSING_CENTRAL: ZG1E2Mu/Central/jets/3/eta in Skim_TriLep_VBFHToZZTo4L.root
2026-01-07 18:45:16,912 - INFO - [2022] MISSING_CENTRAL: ZG1E2Mu/Central/jets/3/eta in Skim_TriLep_MuonEG_D.root
2026-01-07 18:45:16,956 - INFO - [2022] MISSING_CENTRAL: ZG1E2Mu/Central/jets/3/eta in Skim_TriLep_DYJets10to50.root
2026-01-07 18:45:16,957 - INFO - [2022] MISSING_CENTRAL: ZG1E2Mu/Central/jets/3/eta in Skim_TriLep_TTG_PTG10to100.root
2026-01-07 18:45:16,958 - INFO - [2022] MISSING_CENTRAL: ZG1E2Mu/Central/jets/3/eta in Skim_TriLep_TTG_PTG100to200.root
2026-01-07 18:45:16,959 - INFO - [2022] MISSING_CENTRAL: ZG1E2Mu/Central/jets/3/eta in Skim_TriLep_TTG_PTG200toInf.root
2026-01-07 18:45:16,960 - INFO - [2022] MISSING_CENTRAL: ZG1E2Mu/Central/jets/3/eta in Skim_TriLep_TTWToLNu.root
2026-01-07 18:45:16,962 - INFO - [2022] MISSING_CENTRAL: ZG1E2Mu/Central/jets/3/eta in Skim_TriLep_TTZ_M50.root
2026-01-07 18:45:16,964 - INFO - [2022] MISSING_CENTRAL: ZG1E2Mu/Central/jets/3/eta in Skim_TriLep_WZTo3LNu_powheg.root
2026-01-07 18:45:16,973 - INFO - [2022] MISSING_CENTRAL: ZG1E2Mu/Central/jets/3/eta in Skim_TriLep_WWW.root
2026-01-07 18:45:16,975 - INFO - [2022] MISSING_CENTRAL: ZG1E2Mu/Central/jets/3/eta in Skim_TriLep_WWZ.root
2026-01-07 18:45:16,979 - INFO - [2022] MISSING_CENTRAL: ZG1E2Mu/Central/jets/3/eta in Skim_TriLep_VBFHToZZTo4L.root
2026-01-08 23:11:22,635 - INFO - [2022] MISSING_CENTRAL: ZG1E2Mu/Central/jets/3/eta in Skim_TriLep_MuonEG_D.root
2026-01-08 23:11:22,794 - INFO - [2022] MISSING_CENTRAL: ZG1E2Mu/Central/jets/3/eta in Skim_TriLep_DYJets10to50.root
2026-01-08 23:11:22,795 - INFO - [2022] MISSING_CENTRAL: ZG1E2Mu/Central/jets/3/eta in Skim_TriLep_TTG_PTG10to100.root
2026-01-08 23:11:22,797 - INFO - [2022] MISSING_CENTRAL: ZG1E2Mu/Central/jets/3/eta in Skim_TriLep_TTG_PTG100to200.root
2026-01-08 23:11:22,799 - INFO - [2022] MISSING_CENTRAL: ZG1E2Mu/Central/jets/3/eta in Skim_TriLep_TTG_PTG200toInf.root
2026-01-08 23:11:22,804 - INFO - [2022] MISSING_CENTRAL: ZG1E2Mu/Central/jets/3/eta in Skim_TriLep_TTWToLNu.root
2026-01-08 23:11:22,943 - INFO - [2022] MISSING_CENTRAL: ZG1E2Mu/Central/jets/3/eta in Skim_TriLep_TTZ_M50.root
2026-01-08 23:11:23,069 - INFO - [2022] MISSING_CENTRAL: ZG1E2Mu/Central/jets/3/eta in Skim_TriLep_WZTo3LNu_powheg.root
2026-01-08 23:11:23,497 - INFO - [2022] MISSING_CENTRAL: ZG1E2Mu/Central/jets/3/eta in Skim_TriLep_WWW.root
2026-01-08 23:11:23,506 - INFO - [2022] MISSING_CENTRAL: ZG1E2Mu/Central/jets/3/eta in Skim_TriLep_WWZ.root
2026-01-08 23:11:23,812 - INFO - [2022] MISSING_CENTRAL: ZG1E2Mu/Central/jets/3/eta in Skim_TriLep_VBFHToZZTo4L.root
2026-01-08 23:11:28,973 - INFO - [2022] MISSING_CENTRAL: ZG1E2Mu/Central/jets/3/eta in Skim_TriLep_MuonEG_D.root
2026-01-08 23:11:29,005 - INFO - [2022] MISSING_CENTRAL: ZG1E2Mu/Central/jets/3/eta in Skim_TriLep_DYJets10to50.root
2026-01-08 23:11:29,005 - INFO - [2022] MISSING_CENTRAL: ZG1E2Mu/Central/jets/3/eta in Skim_TriLep_TTG_PTG10to100.root
2026-01-08 23:11:29,006 - INFO - [2022] MISSING_CENTRAL: ZG1E2Mu/Central/jets/3/eta in Skim_TriLep_TTG_PTG100to200.root
2026-01-08 23:11:29,007 - INFO - [2022] MISSING_CENTRAL: ZG1E2Mu/Central/jets/3/eta in Skim_TriLep_TTG_PTG200toInf.root
2026-01-08 23:11:29,008 - INFO - [2022] MISSING_CENTRAL: ZG1E2Mu/Central/jets/3/eta in Skim_TriLep_TTWToLNu.root
2026-01-08 23:11:29,009 - INFO - [2022] MISSING_CENTRAL: ZG1E2Mu/Central/jets/3/eta in Skim_TriLep_TTZ_M50.root
2026-01-08 23:11:29,011 - INFO - [2022] MISSING_CENTRAL: ZG1E2Mu/Central/jets/3/eta in Skim_TriLep_WZTo3LNu_powheg.root
2026-01-08 23:11:29,018 - INFO - [2022] MISSING_CENTRAL: ZG1E2Mu/Central/jets/3/eta in Skim_TriLep_WWW.root
2026-01-08 23:11:29,019 - INFO - [2022] MISSING_CENTRAL: ZG1E2Mu/Central/jets/3/eta in Skim_TriLep_WWZ.root
2026-01-08 23:11:29,022 - INFO - [2022] MISSING_CENTRAL: ZG1E2Mu/Central/jets/3/eta in Skim_TriLep_VBFHToZZTo4L.root
2026-01-09 12:19:25,453 - INFO - [2022] MISSING_CENTRAL: ZG1E2Mu/Central/jets/3/eta in Skim_TriLep_MuonEG_D.root
2026-01-09 12:19:25,497 - INFO - [2022] MISSING_CENTRAL: ZG1E2Mu/Central/jets/3/eta in Skim_TriLep_DYJets10to50.root
2026-01-09 12:19:25,498 - INFO - [2022] MISSING_CENTRAL: ZG1E2Mu/Central/jets/3/eta in Skim_TriLep_TTG_PTG10to100.root
2026-01-09 12:19:25,498 - INFO - [2022] MISSING_CENTRAL: ZG1E2Mu/Central/jets/3/eta in Skim_TriLep_TTG_PTG100to200.root
2026-01-09 12:19:25,499 - INFO - [2022] MISSING_CENTRAL: ZG1E2Mu/Central/jets/3/eta in Skim_TriLep_TTG_PTG200toInf.root
2026-01-09 12:19:25,499 - INFO - [2022] MISSING_CENTRAL: ZG1E2Mu/Central/jets/3/eta in Skim_TriLep_TTWToLNu.root
2026-01-09 12:19:25,505 - INFO - [2022] MISSING_CENTRAL: ZG1E2Mu/Central/jets/3/eta in Skim_TriLep_TTZ_M50.root
2026-01-09 12:19:25,511 - INFO - [2022] MISSING_CENTRAL: ZG1E2Mu/Central/jets/3/eta in Skim_TriLep_WZTo3LNu_powheg.root
2026-01-09 12:19:25,527 - INFO - [2022] MISSING_CENTRAL: ZG1E2Mu/Central/jets/3/eta in Skim_TriLep_WWW.root
2026-01-09 12:19:25,528 - INFO - [2022] MISSING_CENTRAL: ZG1E2Mu/Central/jets/3/eta in Skim_TriLep_WWZ.root
2026-01-09 12:19:25,544 - INFO - [2022] MISSING_CENTRAL: ZG1E2Mu/Central/jets/3/eta in Skim_TriLep_VBFHToZZTo4L.root
2026-01-09 12:19:30,643 - INFO - [2022] MISSING_CENTRAL: ZG1E2Mu/Central/jets/3/eta in Skim_TriLep_MuonEG_D.root
2026-01-09 12:19:30,676 - INFO - [2022] MISSING_CENTRAL: ZG1E2Mu/Central/jets/3/eta in Skim_TriLep_DYJets10to50.root
2026-01-09 12:19:30,677 - INFO - [2022] MISSING_CENTRAL: ZG1E2Mu/Central/jets/3/eta in Skim_TriLep_TTG_PTG10to100.root
2026-01-09 12:19:30,677 - INFO - [2022] MISSING_CENTRAL: ZG1E2Mu/Central/jets/3/eta in Skim_TriLep_TTG_PTG100to200.root
2026-01-09 12:19:30,678 - INFO - [2022] MISSING_CENTRAL: ZG1E2Mu/Central/jets/3/eta in Skim_TriLep_TTG_PTG200toInf.root
2026-01-09 12:19:30,678 - INFO - [2022] MISSING_CENTRAL: ZG1E2Mu/Central/jets/3/eta in Skim_TriLep_TTWToLNu.root
2026-01-09 12:19:30,680 - INFO - [2022] MISSING_CENTRAL: ZG1E2Mu/Central/jets/3/eta in Skim_TriLep_TTZ_M50.root
2026-01-09 12:19:30,681 - INFO - [2022] MISSING_CENTRAL: ZG1E2Mu/Central/jets/3/eta in Skim_TriLep_WZTo3LNu_powheg.root
2026-01-09 12:19:30,686 - INFO - [2022] MISSING_CENTRAL: ZG1E2Mu/Central/jets/3/eta in Skim_TriLep_WWW.root
2026-01-09 12:19:30,687 - INFO - [2022] MISSING_CENTRAL: ZG1E2Mu/Central/jets/3/eta in Skim_TriLep_WWZ.root
2026-01-09 12:19:30,689 - INFO - [2022] MISSING_CENTRAL: ZG1E2Mu/Central/jets/3/eta in Skim_TriLep_VBFHToZZTo4L.root
2026-01-11 09:39:29,097 - INFO - [2022] MISSING_CENTRAL: ZG1E2Mu/Central/jets/3/eta in Skim_TriLep_MuonEG_D.root
2026-01-11 09:39:29,142 - INFO - [2022] MISSING_CENTRAL: ZG1E2Mu/Central/jets/3/eta in Skim_TriLep_DYJets10to50.root
2026-01-11 09:39:29,143 - INFO - [2022] MISSING_CENTRAL: ZG1E2Mu/Central/jets/3/eta in Skim_TriLep_TTG_PTG10to100.root
2026-01-11 09:39:29,143 - INFO - [2022] MISSING_CENTRAL: ZG1E2Mu/Central/jets/3/eta in Skim_TriLep_TTG_PTG100to200.root
2026-01-11 09:39:29,143 - INFO - [2022] MISSING_CENTRAL: ZG1E2Mu/Central/jets/3/eta in Skim_TriLep_TTG_PTG200toInf.root
2026-01-11 09:39:29,144 - INFO - [2022] MISSING_CENTRAL: ZG1E2Mu/Central/jets/3/eta in Skim_TriLep_TTWToLNu.root
2026-01-11 09:39:29,150 - INFO - [2022] MISSING_CENTRAL: ZG1E2Mu/Central/jets/3/eta in Skim_TriLep_TTZ_M50.root
2026-01-11 09:39:29,156 - INFO - [2022] MISSING_CENTRAL: ZG1E2Mu/Central/jets/3/eta in Skim_TriLep_WZTo3LNu_powheg.root
2026-01-11 09:39:29,178 - INFO - [2022] MISSING_CENTRAL: ZG1E2Mu/Central/jets/3/eta in Skim_TriLep_WWW.root
2026-01-11 09:39:29,180 - INFO - [2022] MISSING_CENTRAL: ZG1E2Mu/Central/jets/3/eta in Skim_TriLep_WWZ.root
2026-01-11 09:39:29,214 - INFO - [2022] MISSING_CENTRAL: ZG1E2Mu/Central/jets/3/eta in Skim_TriLep_VBFHToZZTo4L.root
2026-01-11 09:39:34,433 - INFO - [2022] MISSING_CENTRAL: ZG1E2Mu/Central/jets/3/eta in Skim_TriLep_MuonEG_D.root
2026-01-11 09:39:34,467 - INFO - [2022] MISSING_CENTRAL: ZG1E2Mu/Central/jets/3/eta in Skim_TriLep_DYJets10to50.root
2026-01-11 09:39:34,467 - INFO - [2022] MISSING_CENTRAL: ZG1E2Mu/Central/jets/3/eta in Skim_TriLep_TTG_PTG10to100.root
2026-01-11 09:39:34,468 - INFO - [2022] MISSING_CENTRAL: ZG1E2Mu/Central/jets/3/eta in Skim_TriLep_TTG_PTG100to200.root
2026-01-11 09:39:34,468 - INFO - [2022] MISSING_CENTRAL: ZG1E2Mu/Central/jets/3/eta in Skim_TriLep_TTG_PTG200toInf.root
2026-01-11 09:39:34,469 - INFO - [2022] MISSING_CENTRAL: ZG1E2Mu/Central/jets/3/eta in Skim_TriLep_TTWToLNu.root
2026-01-11 09:39:34,470 - INFO - [2022] MISSING_CENTRAL: ZG1E2Mu/Central/jets/3/eta in Skim_TriLep_TTZ_M50.root
2026-01-11 09:39:34,471 - INFO - [2022] MISSING_CENTRAL: ZG1E2Mu/Central/jets/3/eta in Skim_TriLep_WZTo3LNu_powheg.root
2026-01-11 09:39:34,477 - INFO - [2022] MISSING_CENTRAL: ZG1E2Mu/Central/jets/3/eta in Skim_TriLep_WWW.root
2026-01-11 09:39:34,477 - INFO - [2022] MISSING_CENTRAL: ZG1E2Mu/Central/jets/3/eta in Skim_TriLep_WWZ.root
2026-01-11 09:39:34,479 - INFO - [2022] MISSING_CENTRAL: ZG1E2Mu/Central/jets/3/eta in Skim_TriLep_VBFHToZZTo4L.root
2026-01-12 13:48:10,545 - INFO - [2022] MISSING_CENTRAL: ZG1E2Mu/Central/jets/3/eta in Skim_TriLep_MuonEG_D.root
2026-01-12 13:48:10,590 - INFO - [2022] MISSING_CENTRAL: ZG1E2Mu/Central/jets/3/eta in Skim_TriLep_DYJets10to50.root
2026-01-12 13:48:10,591 - INFO - [2022] MISSING_CENTRAL: ZG1E2Mu/Central/jets/3/eta in Skim_TriLep_TTG_PTG10to100.root
2026-01-12 13:48:10,591 - INFO - [2022] MISSING_CENTRAL: ZG1E2Mu/Central/jets/3/eta in Skim_TriLep_TTG_PTG100to200.root
2026-01-12 13:48:10,591 - INFO - [2022] MISSING_CENTRAL: ZG1E2Mu/Central/jets/3/eta in Skim_TriLep_TTG_PTG200toInf.root
2026-01-12 13:48:10,592 - INFO - [2022] MISSING_CENTRAL: ZG1E2Mu/Central/jets/3/eta in Skim_TriLep_TTWToLNu.root
2026-01-12 13:48:10,598 - INFO - [2022] MISSING_CENTRAL: ZG1E2Mu/Central/jets/3/eta in Skim_TriLep_TTZ_M50.root
2026-01-12 13:48:10,604 - INFO - [2022] MISSING_CENTRAL: ZG1E2Mu/Central/jets/3/eta in Skim_TriLep_WZTo3LNu_powheg.root
2026-01-12 13:48:10,622 - INFO - [2022] MISSING_CENTRAL: ZG1E2Mu/Central/jets/3/eta in Skim_TriLep_WWW.root
2026-01-12 13:48:10,622 - INFO - [2022] MISSING_CENTRAL: ZG1E2Mu/Central/jets/3/eta in Skim_TriLep_WWZ.root
2026-01-12 13:48:10,640 - INFO - [2022] MISSING_CENTRAL: ZG1E2Mu/Central/jets/3/eta in Skim_TriLep_VBFHToZZTo4L.root
2026-01-12 13:48:15,771 - INFO - [2022] MISSING_CENTRAL: ZG1E2Mu/Central/jets/3/eta in Skim_TriLep_MuonEG_D.root
2026-01-12 13:48:15,805 - INFO - [2022] MISSING_CENTRAL: ZG1E2Mu/Central/jets/3/eta in Skim_TriLep_DYJets10to50.root
2026-01-12 13:48:15,805 - INFO - [2022] MISSING_CENTRAL: ZG1E2Mu/Central/jets/3/eta in Skim_TriLep_TTG_PTG10to100.root
2026-01-12 13:48:15,806 - INFO - [2022] MISSING_CENTRAL: ZG1E2Mu/Central/jets/3/eta in Skim_TriLep_TTG_PTG100to200.root
2026-01-12 13:48:15,806 - INFO - [2022] MISSING_CENTRAL: ZG1E2Mu/Central/jets/3/eta in Skim_TriLep_TTG_PTG200toInf.root
2026-01-12 13:48:15,807 - INFO - [2022] MISSING_CENTRAL: ZG1E2Mu/Central/jets/3/eta in Skim_TriLep_TTWToLNu.root
2026-01-12 13:48:15,808 - INFO - [2022] MISSING_CENTRAL: ZG1E2Mu/Central/jets/3/eta in Skim_TriLep_TTZ_M50.root
2026-01-12 13:48:15,809 - INFO - [2022] MISSING_CENTRAL: ZG1E2Mu/Central/jets/3/eta in Skim_TriLep_WZTo3LNu_powheg.root
2026-01-12 13:48:15,815 - INFO - [2022] MISSING_CENTRAL: ZG1E2Mu/Central/jets/3/eta in Skim_TriLep_WWW.root
2026-01-12 13:48:15,816 - INFO - [2022] MISSING_CENTRAL: ZG1E2Mu/Central/jets/3/eta in Skim_TriLep_WWZ.root
2026-01-12 13:48:15,818 - INFO - [2022] MISSING_CENTRAL: ZG1E2Mu/Central/jets/3/eta in Skim_TriLep_VBFHToZZTo4L.root
2026-01-16 19:03:12,025 - INFO - [2022] MISSING_CENTRAL: ZG1E2Mu/Central/jets/3/eta in Skim_TriLep_MuonEG_D.root
2026-01-16 19:03:12,068 - INFO - [2022] MISSING_CENTRAL: ZG1E2Mu/Central/jets/3/eta in Skim_TriLep_DYJets10to50.root
2026-01-16 19:03:12,069 - INFO - [2022] MISSING_CENTRAL: ZG1E2Mu/Central/jets/3/eta in Skim_TriLep_TTG_PTG10to100.root
2026-01-16 19:03:12,069 - INFO - [2022] MISSING_CENTRAL: ZG1E2Mu/Central/jets/3/eta in Skim_TriLep_TTG_PTG100to200.root
2026-01-16 19:03:12,070 - INFO - [2022] MISSING_CENTRAL: ZG1E2Mu/Central/jets/3/eta in Skim_TriLep_TTG_PTG200toInf.root
2026-01-16 19:03:12,070 - INFO - [2022] MISSING_CENTRAL: ZG1E2Mu/Central/jets/3/eta in Skim_TriLep_TTWToLNu.root
2026-01-16 19:03:12,076 - INFO - [2022] MISSING_CENTRAL: ZG1E2Mu/Central/jets/3/eta in Skim_TriLep_TTZ_M50.root
2026-01-16 19:03:12,083 - INFO - [2022] MISSING_CENTRAL: ZG1E2Mu/Central/jets/3/eta in Skim_TriLep_WZTo3LNu_powheg.root
2026-01-16 19:03:12,099 - INFO - [2022] MISSING_CENTRAL: ZG1E2Mu/Central/jets/3/eta in Skim_TriLep_WWW.root
2026-01-16 19:03:12,100 - INFO - [2022] MISSING_CENTRAL: ZG1E2Mu/Central/jets/3/eta in Skim_TriLep_WWZ.root
2026-01-16 19:03:12,148 - INFO - [2022] MISSING_CENTRAL: ZG1E2Mu/Central/jets/3/eta in Skim_TriLep_VBFHToZZTo4L.root
2026-01-16 19:03:17,053 - INFO - [2022] MISSING_CENTRAL: ZG1E2Mu/Central/jets/3/eta in Skim_TriLep_MuonEG_D.root
2026-01-16 19:03:17,086 - INFO - [2022] MISSING_CENTRAL: ZG1E2Mu/Central/jets/3/eta in Skim_TriLep_DYJets10to50.root
2026-01-16 19:03:17,087 - INFO - [2022] MISSING_CENTRAL: ZG1E2Mu/Central/jets/3/eta in Skim_TriLep_TTG_PTG10to100.root
2026-01-16 19:03:17,087 - INFO - [2022] MISSING_CENTRAL: ZG1E2Mu/Central/jets/3/eta in Skim_TriLep_TTG_PTG100to200.root
2026-01-16 19:03:17,087 - INFO - [2022] MISSING_CENTRAL: ZG1E2Mu/Central/jets/3/eta in Skim_TriLep_TTG_PTG200toInf.root
2026-01-16 19:03:17,088 - INFO - [2022] MISSING_CENTRAL: ZG1E2Mu/Central/jets/3/eta in Skim_TriLep_TTWToLNu.root
2026-01-16 19:03:17,089 - INFO - [2022] MISSING_CENTRAL: ZG1E2Mu/Central/jets/3/eta in Skim_TriLep_TTZ_M50.root
2026-01-16 19:03:17,090 - INFO - [2022] MISSING_CENTRAL: ZG1E2Mu/Central/jets/3/eta in Skim_TriLep_WZTo3LNu_powheg.root
2026-01-16 19:03:17,096 - INFO - [2022] MISSING_CENTRAL: ZG1E2Mu/Central/jets/3/eta in Skim_TriLep_WWW.root
2026-01-16 19:03:17,096 - INFO - [2022] MISSING_CENTRAL: ZG1E2Mu/Central/jets/3/eta in Skim_TriLep_WWZ.root
2026-01-16 19:03:17,099 - INFO - [2022] MISSING_CENTRAL: ZG1E2Mu/Central/jets/3/eta in Skim_TriLep_VBFHToZZTo4L.root
2026-01-28 17:01:36,625 - INFO - [2022] MISSING_CENTRAL: ZG1E2Mu/Central/jets/3/eta in Skim_TriLep_MuonEG_D.root
2026-01-28 17:01:36,680 - INFO - [2022] MISSING_CENTRAL: ZG1E2Mu/Central/jets/3/eta in Skim_TriLep_DYJets10to50.root
2026-01-28 17:01:36,681 - INFO - [2022] MISSING_CENTRAL: ZG1E2Mu/Central/jets/3/eta in Skim_TriLep_TTG_PTG10to100.root
2026-01-28 17:01:36,682 - INFO - [2022] MISSING_CENTRAL: ZG1E2Mu/Central/jets/3/eta in Skim_TriLep_TTG_PTG100to200.root
2026-01-28 17:01:36,683 - INFO - [2022] MISSING_CENTRAL: ZG1E2Mu/Central/jets/3/eta in Skim_TriLep_TTG_PTG200toInf.root
2026-01-28 17:01:36,686 - INFO - [2022] MISSING_CENTRAL: ZG1E2Mu/Central/jets/3/eta in Skim_TriLep_TTWToLNu.root
2026-01-28 17:01:36,719 - INFO - [2022] MISSING_CENTRAL: ZG1E2Mu/Central/jets/3/eta in Skim_TriLep_TTZ_M50.root
2026-01-28 17:01:36,756 - INFO - [2022] MISSING_CENTRAL: ZG1E2Mu/Central/jets/3/eta in Skim_TriLep_WZTo3LNu_powheg.root
2026-01-28 17:01:36,788 - INFO - [2022] MISSING_CENTRAL: ZG1E2Mu/Central/jets/3/eta in Skim_TriLep_WWW.root
2026-01-28 17:01:36,789 - INFO - [2022] MISSING_CENTRAL: ZG1E2Mu/Central/jets/3/eta in Skim_TriLep_WWZ.root
2026-01-28 17:01:36,837 - INFO - [2022] MISSING_CENTRAL: ZG1E2Mu/Central/jets/3/eta in Skim_TriLep_VBFHToZZTo4L.root
2026-01-28 17:01:41,960 - INFO - [2022] MISSING_CENTRAL: ZG1E2Mu/Central/jets/3/eta in Skim_TriLep_MuonEG_D.root
2026-01-28 17:01:41,996 - INFO - [2022] MISSING_CENTRAL: ZG1E2Mu/Central/jets/3/eta in Skim_TriLep_DYJets10to50.root
2026-01-28 17:01:41,997 - INFO - [2022] MISSING_CENTRAL: ZG1E2Mu/Central/jets/3/eta in Skim_TriLep_TTG_PTG10to100.root
2026-01-28 17:01:41,997 - INFO - [2022] MISSING_CENTRAL: ZG1E2Mu/Central/jets/3/eta in Skim_TriLep_TTG_PTG100to200.root
2026-01-28 17:01:41,998 - INFO - [2022] MISSING_CENTRAL: ZG1E2Mu/Central/jets/3/eta in Skim_TriLep_TTG_PTG200toInf.root
2026-01-28 17:01:41,998 - INFO - [2022] MISSING_CENTRAL: ZG1E2Mu/Central/jets/3/eta in Skim_TriLep_TTWToLNu.root
2026-01-28 17:01:42,007 - INFO - [2022] MISSING_CENTRAL: ZG1E2Mu/Central/jets/3/eta in Skim_TriLep_TTZ_M50.root
2026-01-28 17:01:42,009 - INFO - [2022] MISSING_CENTRAL: ZG1E2Mu/Central/jets/3/eta in Skim_TriLep_WZTo3LNu_powheg.root
2026-01-28 17:01:42,011 - INFO - [2022] MISSING_CENTRAL: ZG1E2Mu/Central/jets/3/eta in Skim_TriLep_WWW.root
2026-01-28 17:01:42,012 - INFO - [2022] MISSING_CENTRAL: ZG1E2Mu/Central/jets/3/eta in Skim_TriLep_WWZ.root
2026-01-28 17:01:42,013 - INFO - [2022] MISSING_CENTRAL: ZG1E2Mu/Central/jets/3/eta in Skim_TriLep_VBFHToZZTo4L.root
2026-01-28 17:22:24,699 - INFO - [2022] MISSING_CENTRAL: ZG1E2Mu/Central/jets/3/eta in Skim_TriLep_MuonEG_D.root
2026-01-28 17:22:24,747 - INFO - [2022] MISSING_CENTRAL: ZG1E2Mu/Central/jets/3/eta in Skim_TriLep_DYJets10to50.root
2026-01-28 17:22:24,748 - INFO - [2022] MISSING_CENTRAL: ZG1E2Mu/Central/jets/3/eta in Skim_TriLep_TTG_PTG10to100.root
2026-01-28 17:22:24,748 - INFO - [2022] MISSING_CENTRAL: ZG1E2Mu/Central/jets/3/eta in Skim_TriLep_TTG_PTG100to200.root
2026-01-28 17:22:24,749 - INFO - [2022] MISSING_CENTRAL: ZG1E2Mu/Central/jets/3/eta in Skim_TriLep_TTG_PTG200toInf.root
2026-01-28 17:22:24,749 - INFO - [2022] MISSING_CENTRAL: ZG1E2Mu/Central/jets/3/eta in Skim_TriLep_TTWToLNu.root
2026-01-28 17:22:24,757 - INFO - [2022] MISSING_CENTRAL: ZG1E2Mu/Central/jets/3/eta in Skim_TriLep_TTZ_M50.root
2026-01-28 17:22:24,771 - INFO - [2022] MISSING_CENTRAL: ZG1E2Mu/Central/jets/3/eta in Skim_TriLep_WZTo3LNu_powheg.root
2026-01-28 17:22:24,786 - INFO - [2022] MISSING_CENTRAL: ZG1E2Mu/Central/jets/3/eta in Skim_TriLep_WWW.root
2026-01-28 17:22:24,787 - INFO - [2022] MISSING_CENTRAL: ZG1E2Mu/Central/jets/3/eta in Skim_TriLep_WWZ.root
2026-01-28 17:22:24,808 - INFO - [2022] MISSING_CENTRAL: ZG1E2Mu/Central/jets/3/eta in Skim_TriLep_VBFHToZZTo4L.root
2026-01-28 17:22:29,714 - INFO - [2022] MISSING_CENTRAL: ZG1E2Mu/Central/jets/3/eta in Skim_TriLep_MuonEG_D.root
2026-01-28 17:22:29,748 - INFO - [2022] MISSING_CENTRAL: ZG1E2Mu/Central/jets/3/eta in Skim_TriLep_DYJets10to50.root
2026-01-28 17:22:29,749 - INFO - [2022] MISSING_CENTRAL: ZG1E2Mu/Central/jets/3/eta in Skim_TriLep_TTG_PTG10to100.root
2026-01-28 17:22:29,749 - INFO - [2022] MISSING_CENTRAL: ZG1E2Mu/Central/jets/3/eta in Skim_TriLep_TTG_PTG100to200.root
2026-01-28 17:22:29,750 - INFO - [2022] MISSING_CENTRAL: ZG1E2Mu/Central/jets/3/eta in Skim_TriLep_TTG_PTG200toInf.root
2026-01-28 17:22:29,750 - INFO - [2022] MISSING_CENTRAL: ZG1E2Mu/Central/jets/3/eta in Skim_TriLep_TTWToLNu.root
2026-01-28 17:22:29,760 - INFO - [2022] MISSING_CENTRAL: ZG1E2Mu/Central/jets/3/eta in Skim_TriLep_TTZ_M50.root
2026-01-28 17:22:29,763 - INFO - [2022] MISSING_CENTRAL: ZG1E2Mu/Central/jets/3/eta in Skim_TriLep_WZTo3LNu_powheg.root
2026-01-28 17:22:29,765 - INFO - [2022] MISSING_CENTRAL: ZG1E2Mu/Central/jets/3/eta in Skim_TriLep_WWW.root
2026-01-28 17:22:29,766 - INFO - [2022] MISSING_CENTRAL: ZG1E2Mu/Central/jets/3/eta in Skim_TriLep_WWZ.root
2026-01-28 17:22:29,768 - INFO - [2022] MISSING_CENTRAL: ZG1E2Mu/Central/jets/3/eta in Skim_TriLep_VBFHToZZTo4L.root
2026-01-28 19:55:56,610 - INFO - [2022] MISSING_CENTRAL: ZG1E2Mu/Central/jets/3/eta in Skim_TriLep_MuonEG_D.root
2026-01-28 19:55:56,655 - INFO - [2022] MISSING_CENTRAL: ZG1E2Mu/Central/jets/3/eta in Skim_TriLep_DYJets10to50.root
2026-01-28 19:55:56,656 - INFO - [2022] MISSING_CENTRAL: ZG1E2Mu/Central/jets/3/eta in Skim_TriLep_TTG_PTG10to100.root
2026-01-28 19:55:56,657 - INFO - [2022] MISSING_CENTRAL: ZG1E2Mu/Central/jets/3/eta in Skim_TriLep_TTG_PTG100to200.root
2026-01-28 19:55:56,657 - INFO - [2022] MISSING_CENTRAL: ZG1E2Mu/Central/jets/3/eta in Skim_TriLep_TTG_PTG200toInf.root
2026-01-28 19:55:56,658 - INFO - [2022] MISSING_CENTRAL: ZG1E2Mu/Central/jets/3/eta in Skim_TriLep_TTWToLNu.root
2026-01-28 19:55:56,666 - INFO - [2022] MISSING_CENTRAL: ZG1E2Mu/Central/jets/3/eta in Skim_TriLep_TTZ_M50.root
2026-01-28 19:55:56,687 - INFO - [2022] MISSING_CENTRAL: ZG1E2Mu/Central/jets/3/eta in Skim_TriLep_WZTo3LNu_powheg.root
2026-01-28 19:55:56,731 - INFO - [2022] MISSING_CENTRAL: ZG1E2Mu/Central/jets/3/eta in Skim_TriLep_WWW.root
2026-01-28 19:55:56,733 - INFO - [2022] MISSING_CENTRAL: ZG1E2Mu/Central/jets/3/eta in Skim_TriLep_WWZ.root
2026-01-28 19:55:56,774 - INFO - [2022] MISSING_CENTRAL: ZG1E2Mu/Central/jets/3/eta in Skim_TriLep_VBFHToZZTo4L.root
2026-01-28 19:56:01,675 - INFO - [2022] MISSING_CENTRAL: ZG1E2Mu/Central/jets/3/eta in Skim_TriLep_MuonEG_D.root
2026-01-28 19:56:01,709 - INFO - [2022] MISSING_CENTRAL: ZG1E2Mu/Central/jets/3/eta in Skim_TriLep_DYJets10to50.root
2026-01-28 19:56:01,710 - INFO - [2022] MISSING_CENTRAL: ZG1E2Mu/Central/jets/3/eta in Skim_TriLep_TTG_PTG10to100.root
2026-01-28 19:56:01,711 - INFO - [2022] MISSING_CENTRAL: ZG1E2Mu/Central/jets/3/eta in Skim_TriLep_TTG_PTG100to200.root
2026-01-28 19:56:01,711 - INFO - [2022] MISSING_CENTRAL: ZG1E2Mu/Central/jets/3/eta in Skim_TriLep_TTG_PTG200toInf.root
2026-01-28 19:56:01,712 - INFO - [2022] MISSING_CENTRAL: ZG1E2Mu/Central/jets/3/eta in Skim_TriLep_TTWToLNu.root
2026-01-28 19:56:01,720 - INFO - [2022] MISSING_CENTRAL: ZG1E2Mu/Central/jets/3/eta in Skim_TriLep_TTZ_M50.root
2026-01-28 19:56:01,722 - INFO - [2022] MISSING_CENTRAL: ZG1E2Mu/Central/jets/3/eta in Skim_TriLep_WZTo3LNu_powheg.root
2026-01-28 19:56:01,724 - INFO - [2022] MISSING_CENTRAL: ZG1E2Mu/Central/jets/3/eta in Skim_TriLep_WWW.root
2026-01-28 19:56:01,725 - INFO - [2022] MISSING_CENTRAL: ZG1E2Mu/Central/jets/3/eta in Skim_TriLep_WWZ.root
2026-01-28 19:56:01,727 - INFO - [2022] MISSING_CENTRAL: ZG1E2Mu/Central/jets/3/eta in Skim_TriLep_VBFHToZZTo4L.root
2026-01-29 07:13:03,318 - INFO - [2022] MISSING_CENTRAL: ZG1E2Mu/Central/jets/3/eta in Skim_TriLep_MuonEG_D.root
2026-01-29 07:13:03,365 - INFO - [2022] MISSING_CENTRAL: ZG1E2Mu/Central/jets/3/eta in Skim_TriLep_DYJets10to50.root
2026-01-29 07:13:03,366 - INFO - [2022] MISSING_CENTRAL: ZG1E2Mu/Central/jets/3/eta in Skim_TriLep_TTG_PTG10to100.root
2026-01-29 07:13:03,366 - INFO - [2022] MISSING_CENTRAL: ZG1E2Mu/Central/jets/3/eta in Skim_TriLep_TTG_PTG100to200.root
2026-01-29 07:13:03,367 - INFO - [2022] MISSING_CENTRAL: ZG1E2Mu/Central/jets/3/eta in Skim_TriLep_TTG_PTG200toInf.root
2026-01-29 07:13:03,367 - INFO - [2022] MISSING_CENTRAL: ZG1E2Mu/Central/jets/3/eta in Skim_TriLep_TTWToLNu.root
2026-01-29 07:13:03,374 - INFO - [2022] MISSING_CENTRAL: ZG1E2Mu/Central/jets/3/eta in Skim_TriLep_TTZ_M50.root
2026-01-29 07:13:03,385 - INFO - [2022] MISSING_CENTRAL: ZG1E2Mu/Central/jets/3/eta in Skim_TriLep_WZTo3LNu_powheg.root
2026-01-29 07:13:03,397 - INFO - [2022] MISSING_CENTRAL: ZG1E2Mu/Central/jets/3/eta in Skim_TriLep_WWW.root
2026-01-29 07:13:03,398 - INFO - [2022] MISSING_CENTRAL: ZG1E2Mu/Central/jets/3/eta in Skim_TriLep_WWZ.root
2026-01-29 07:13:03,416 - INFO - [2022] MISSING_CENTRAL: ZG1E2Mu/Central/jets/3/eta in Skim_TriLep_VBFHToZZTo4L.root
2026-01-29 07:13:08,211 - INFO - [2022] MISSING_CENTRAL: ZG1E2Mu/Central/jets/3/eta in Skim_TriLep_MuonEG_D.root
2026-01-29 07:13:08,243 - INFO - [2022] MISSING_CENTRAL: ZG1E2Mu/Central/jets/3/eta in Skim_TriLep_DYJets10to50.root
2026-01-29 07:13:08,244 - INFO - [2022] MISSING_CENTRAL: ZG1E2Mu/Central/jets/3/eta in Skim_TriLep_TTG_PTG10to100.root
2026-01-29 07:13:08,245 - INFO - [2022] MISSING_CENTRAL: ZG1E2Mu/Central/jets/3/eta in Skim_TriLep_TTG_PTG100to200.root
2026-01-29 07:13:08,246 - INFO - [2022] MISSING_CENTRAL: ZG1E2Mu/Central/jets/3/eta in Skim_TriLep_TTG_PTG200toInf.root
2026-01-29 07:13:08,246 - INFO - [2022] MISSING_CENTRAL: ZG1E2Mu/Central/jets/3/eta in Skim_TriLep_TTWToLNu.root
2026-01-29 07:13:08,255 - INFO - [2022] MISSING_CENTRAL: ZG1E2Mu/Central/jets/3/eta in Skim_TriLep_TTZ_M50.root
2026-01-29 07:13:08,257 - INFO - [2022] MISSING_CENTRAL: ZG1E2Mu/Central/jets/3/eta in Skim_TriLep_WZTo3LNu_powheg.root
2026-01-29 07:13:08,259 - INFO - [2022] MISSING_CENTRAL: ZG1E2Mu/Central/jets/3/eta in Skim_TriLep_WWW.root
2026-01-29 07:13:08,260 - INFO - [2022] MISSING_CENTRAL: ZG1E2Mu/Central/jets/3/eta in Skim_TriLep_WWZ.root
2026-01-29 07:13:08,263 - INFO - [2022] MISSING_CENTRAL: ZG1E2Mu/Central/jets/3/eta in Skim_TriLep_VBFHToZZTo4L.root
2026-03-02 12:00:59,188 - INFO - [2022] MISSING_CENTRAL: ZG1E2Mu/Central/jets/3/eta in Skim_TriLep_MuonEG_D.root
2026-03-02 12:00:59,234 - INFO - [2022] MISSING_CENTRAL: ZG1E2Mu/Central/jets/3/eta in Skim_TriLep_DYJets10to50.root
2026-03-02 12:00:59,235 - INFO - [2022] MISSING_CENTRAL: ZG1E2Mu/Central/jets/3/eta in Skim_TriLep_TTG_PTG10to100.root
2026-03-02 12:00:59,235 - INFO - [2022] MISSING_CENTRAL: ZG1E2Mu/Central/jets/3/eta in Skim_TriLep_TTG_PTG100to200.root
2026-03-02 12:00:59,236 - INFO - [2022] MISSING_CENTRAL: ZG1E2Mu/Central/jets/3/eta in Skim_TriLep_TTG_PTG200toInf.root
2026-03-02 12:00:59,236 - INFO - [2022] MISSING_CENTRAL: ZG1E2Mu/Central/jets/3/eta in Skim_TriLep_TTWToLNu.root
2026-03-02 12:00:59,242 - INFO - [2022] MISSING_CENTRAL: ZG1E2Mu/Central/jets/3/eta in Skim_TriLep_TTZ_M50.root
2026-03-02 12:00:59,254 - INFO - [2022] MISSING_CENTRAL: ZG1E2Mu/Central/jets/3/eta in Skim_TriLep_WZTo3LNu_powheg.root
2026-03-02 12:00:59,267 - INFO - [2022] MISSING_CENTRAL: ZG1E2Mu/Central/jets/3/eta in Skim_TriLep_WWW.root
2026-03-02 12:00:59,268 - INFO - [2022] MISSING_CENTRAL: ZG1E2Mu/Central/jets/3/eta in Skim_TriLep_WWZ.root
2026-03-02 12:00:59,287 - INFO - [2022] MISSING_CENTRAL: ZG1E2Mu/Central/jets/3/eta in Skim_TriLep_VBFHToZZTo4L.root
2026-03-02 12:01:03,897 - INFO - [2022] MISSING_CENTRAL: ZG1E2Mu/Central/jets/3/eta in Skim_TriLep_MuonEG_D.root
2026-03-02 12:01:03,929 - INFO - [2022] MISSING_CENTRAL: ZG1E2Mu/Central/jets/3/eta in Skim_TriLep_DYJets10to50.root
2026-03-02 12:01:03,930 - INFO - [2022] MISSING_CENTRAL: ZG1E2Mu/Central/jets/3/eta in Skim_TriLep_TTG_PTG10to100.root
2026-03-02 12:01:03,930 - INFO - [2022] MISSING_CENTRAL: ZG1E2Mu/Central/jets/3/eta in Skim_TriLep_TTG_PTG100to200.root
2026-03-02 12:01:03,931 - INFO - [2022] MISSING_CENTRAL: ZG1E2Mu/Central/jets/3/eta in Skim_TriLep_TTG_PTG200toInf.root
2026-03-02 12:01:03,931 - INFO - [2022] MISSING_CENTRAL: ZG1E2Mu/Central/jets/3/eta in Skim_TriLep_TTWToLNu.root
2026-03-02 12:01:03,939 - INFO - [2022] MISSING_CENTRAL: ZG1E2Mu/Central/jets/3/eta in Skim_TriLep_TTZ_M50.root
2026-03-02 12:01:03,941 - INFO - [2022] MISSING_CENTRAL: ZG1E2Mu/Central/jets/3/eta in Skim_TriLep_WZTo3LNu_powheg.root
2026-03-02 12:01:03,942 - INFO - [2022] MISSING_CENTRAL: ZG1E2Mu/Central/jets/3/eta in Skim_TriLep_WWW.root
2026-03-02 12:01:03,943 - INFO - [2022] MISSING_CENTRAL: ZG1E2Mu/Central/jets/3/eta in Skim_TriLep_WWZ.root
2026-03-02 12:01:03,945 - INFO - [2022] MISSING_CENTRAL: ZG1E2Mu/Central/jets/3/eta in Skim_TriLep_VBFHToZZTo4L.root
2026-04-10 20:11:14,239 - INFO - [2022] MISSING_CENTRAL: ZG1E2Mu/Central/jets/3/eta in Skim_TriLep_MuonEG_D.root
2026-04-10 20:11:14,298 - INFO - [2022] MISSING_CENTRAL: ZG1E2Mu/Central/jets/3/eta in Skim_TriLep_DYJets10to50.root
2026-04-10 20:11:14,298 - INFO - [2022] MISSING_CENTRAL: ZG1E2Mu/Central/jets/3/eta in Skim_TriLep_TTG_PTG10to100.root
2026-04-10 20:11:14,299 - INFO - [2022] MISSING_CENTRAL: ZG1E2Mu/Central/jets/3/eta in Skim_TriLep_TTG_PTG100to200.root
2026-04-10 20:11:14,299 - INFO - [2022] MISSING_CENTRAL: ZG1E2Mu/Central/jets/3/eta in Skim_TriLep_TTG_PTG200toInf.root
2026-04-10 20:11:14,300 - INFO - [2022] MISSING_CENTRAL: ZG1E2Mu/Central/jets/3/eta in Skim_TriLep_TTWToLNu.root
2026-04-10 20:11:14,306 - INFO - [2022] MISSING_CENTRAL: ZG1E2Mu/Central/jets/3/eta in Skim_TriLep_TTZ_M50.root
2026-04-10 20:11:14,317 - INFO - [2022] MISSING_CENTRAL: ZG1E2Mu/Central/jets/3/eta in Skim_TriLep_WZTo3LNu_powheg.root
2026-04-10 20:11:14,329 - INFO - [2022] MISSING_CENTRAL: ZG1E2Mu/Central/jets/3/eta in Skim_TriLep_WWW.root
2026-04-10 20:11:14,329 - INFO - [2022] MISSING_CENTRAL: ZG1E2Mu/Central/jets/3/eta in Skim_TriLep_WWZ.root
2026-04-10 20:11:14,347 - INFO - [2022] MISSING_CENTRAL: ZG1E2Mu/Central/jets/3/eta in Skim_TriLep_VBFHToZZTo4L.root
2026-04-10 20:11:18,908 - INFO - [2022] MISSING_CENTRAL: ZG1E2Mu/Central/jets/3/eta in Skim_TriLep_MuonEG_D.root
2026-04-10 20:11:18,942 - INFO - [2022] MISSING_CENTRAL: ZG1E2Mu/Central/jets/3/eta in Skim_TriLep_DYJets10to50.root
2026-04-10 20:11:18,943 - INFO - [2022] MISSING_CENTRAL: ZG1E2Mu/Central/jets/3/eta in Skim_TriLep_TTG_PTG10to100.root
2026-04-10 20:11:18,943 - INFO - [2022] MISSING_CENTRAL: ZG1E2Mu/Central/jets/3/eta in Skim_TriLep_TTG_PTG100to200.root
2026-04-10 20:11:18,944 - INFO - [2022] MISSING_CENTRAL: ZG1E2Mu/Central/jets/3/eta in Skim_TriLep_TTG_PTG200toInf.root
2026-04-10 20:11:18,944 - INFO - [2022] MISSING_CENTRAL: ZG1E2Mu/Central/jets/3/eta in Skim_TriLep_TTWToLNu.root
2026-04-10 20:11:18,952 - INFO - [2022] MISSING_CENTRAL: ZG1E2Mu/Central/jets/3/eta in Skim_TriLep_TTZ_M50.root
2026-04-10 20:11:18,954 - INFO - [2022] MISSING_CENTRAL: ZG1E2Mu/Central/jets/3/eta in Skim_TriLep_WZTo3LNu_powheg.root
2026-04-10 20:11:18,956 - INFO - [2022] MISSING_CENTRAL: ZG1E2Mu/Central/jets/3/eta in Skim_TriLep_WWW.root
2026-04-10 20:11:18,956 - INFO - [2022] MISSING_CENTRAL: ZG1E2Mu/Central/jets/3/eta in Skim_TriLep_WWZ.root
2026-04-10 20:11:18,958 - INFO - [2022] MISSING_CENTRAL: ZG1E2Mu/Central/jets/3/eta in Skim_TriLep_VBFHToZZTo4L.root
2026-04-10 20:13:12,655 - INFO - [2022] MISSING_CENTRAL: ZG1E2Mu/Central/jets/3/eta in Skim_TriLep_MuonEG_D.root
2026-04-10 20:13:12,703 - INFO - [2022] MISSING_CENTRAL: ZG1E2Mu/Central/jets/3/eta in Skim_TriLep_DYJets10to50.root
2026-04-10 20:13:12,703 - INFO - [2022] MISSING_CENTRAL: ZG1E2Mu/Central/jets/3/eta in Skim_TriLep_TTG_PTG10to100.root
2026-04-10 20:13:12,704 - INFO - [2022] MISSING_CENTRAL: ZG1E2Mu/Central/jets/3/eta in Skim_TriLep_TTG_PTG100to200.root
2026-04-10 20:13:12,704 - INFO - [2022] MISSING_CENTRAL: ZG1E2Mu/Central/jets/3/eta in Skim_TriLep_TTG_PTG200toInf.root
2026-04-10 20:13:12,705 - INFO - [2022] MISSING_CENTRAL: ZG1E2Mu/Central/jets/3/eta in Skim_TriLep_TTWToLNu.root
2026-04-10 20:13:12,712 - INFO - [2022] MISSING_CENTRAL: ZG1E2Mu/Central/jets/3/eta in Skim_TriLep_TTZ_M50.root
2026-04-10 20:13:12,725 - INFO - [2022] MISSING_CENTRAL: ZG1E2Mu/Central/jets/3/eta in Skim_TriLep_WZTo3LNu_powheg.root
2026-04-10 20:13:12,738 - INFO - [2022] MISSING_CENTRAL: ZG1E2Mu/Central/jets/3/eta in Skim_TriLep_WWW.root
2026-04-10 20:13:12,738 - INFO - [2022] MISSING_CENTRAL: ZG1E2Mu/Central/jets/3/eta in Skim_TriLep_WWZ.root
2026-04-10 20:13:12,757 - INFO - [2022] MISSING_CENTRAL: ZG1E2Mu/Central/jets/3/eta in Skim_TriLep_VBFHToZZTo4L.root
2026-04-10 20:13:17,137 - INFO - [2022] MISSING_CENTRAL: ZG1E2Mu/Central/jets/3/eta in Skim_TriLep_MuonEG_D.root
2026-04-10 20:13:17,168 - INFO - [2022] MISSING_CENTRAL: ZG1E2Mu/Central/jets/3/eta in Skim_TriLep_DYJets10to50.root
2026-04-10 20:13:17,169 - INFO - [2022] MISSING_CENTRAL: ZG1E2Mu/Central/jets/3/eta in Skim_TriLep_TTG_PTG10to100.root
2026-04-10 20:13:17,169 - INFO - [2022] MISSING_CENTRAL: ZG1E2Mu/Central/jets/3/eta in Skim_TriLep_TTG_PTG100to200.root
2026-04-10 20:13:17,169 - INFO - [2022] MISSING_CENTRAL: ZG1E2Mu/Central/jets/3/eta in Skim_TriLep_TTG_PTG200toInf.root
2026-04-10 20:13:17,170 - INFO - [2022] MISSING_CENTRAL: ZG1E2Mu/Central/jets/3/eta in Skim_TriLep_TTWToLNu.root
2026-04-10 20:13:17,178 - INFO - [2022] MISSING_CENTRAL: ZG1E2Mu/Central/jets/3/eta in Skim_TriLep_TTZ_M50.root
2026-04-10 20:13:17,180 - INFO - [2022] MISSING_CENTRAL: ZG1E2Mu/Central/jets/3/eta in Skim_TriLep_WZTo3LNu_powheg.root
2026-04-10 20:13:17,181 - INFO - [2022] MISSING_CENTRAL: ZG1E2Mu/Central/jets/3/eta in Skim_TriLep_WWW.root
2026-04-10 20:13:17,182 - INFO - [2022] MISSING_CENTRAL: ZG1E2Mu/Central/jets/3/eta in Skim_TriLep_WWZ.root
2026-04-10 20:13:17,184 - INFO - [2022] MISSING_CENTRAL: ZG1E2Mu/Central/jets/3/eta in Skim_TriLep_VBFHToZZTo4L.root
2026-04-12 11:27:54,938 - INFO - [2022] MISSING_CENTRAL: ZG1E2Mu/Central/jets/3/eta in Skim_TriLep_MuonEG_D.root
2026-04-12 11:27:54,993 - INFO - [2022] MISSING_CENTRAL: ZG1E2Mu/Central/jets/3/eta in Skim_TriLep_DYJets10to50.root
2026-04-12 11:27:54,994 - INFO - [2022] MISSING_CENTRAL: ZG1E2Mu/Central/jets/3/eta in Skim_TriLep_TTG_PTG10to100.root
2026-04-12 11:27:54,995 - INFO - [2022] MISSING_CENTRAL: ZG1E2Mu/Central/jets/3/eta in Skim_TriLep_TTG_PTG100to200.root
2026-04-12 11:27:54,995 - INFO - [2022] MISSING_CENTRAL: ZG1E2Mu/Central/jets/3/eta in Skim_TriLep_TTG_PTG200toInf.root
2026-04-12 11:27:54,997 - INFO - [2022] MISSING_CENTRAL: ZG1E2Mu/Central/jets/3/eta in Skim_TriLep_TTWToLNu.root
2026-04-12 11:27:55,004 - INFO - [2022] MISSING_CENTRAL: ZG1E2Mu/Central/jets/3/eta in Skim_TriLep_TTZ_M50.root
2026-04-12 11:27:55,016 - INFO - [2022] MISSING_CENTRAL: ZG1E2Mu/Central/jets/3/eta in Skim_TriLep_WZTo3LNu_powheg.root
2026-04-12 11:27:55,030 - INFO - [2022] MISSING_CENTRAL: ZG1E2Mu/Central/jets/3/eta in Skim_TriLep_WWW.root
2026-04-12 11:27:55,030 - INFO - [2022] MISSING_CENTRAL: ZG1E2Mu/Central/jets/3/eta in Skim_TriLep_WWZ.root
2026-04-12 11:27:55,049 - INFO - [2022] MISSING_CENTRAL: ZG1E2Mu/Central/jets/3/eta in Skim_TriLep_VBFHToZZTo4L.root
2026-04-12 11:27:59,496 - INFO - [2022] MISSING_CENTRAL: ZG1E2Mu/Central/jets/3/eta in Skim_TriLep_MuonEG_D.root
2026-04-12 11:27:59,528 - INFO - [2022] MISSING_CENTRAL: ZG1E2Mu/Central/jets/3/eta in Skim_TriLep_DYJets10to50.root
2026-04-12 11:27:59,529 - INFO - [2022] MISSING_CENTRAL: ZG1E2Mu/Central/jets/3/eta in Skim_TriLep_TTG_PTG10to100.root
2026-04-12 11:27:59,529 - INFO - [2022] MISSING_CENTRAL: ZG1E2Mu/Central/jets/3/eta in Skim_TriLep_TTG_PTG100to200.root
2026-04-12 11:27:59,530 - INFO - [2022] MISSING_CENTRAL: ZG1E2Mu/Central/jets/3/eta in Skim_TriLep_TTG_PTG200toInf.root
2026-04-12 11:27:59,531 - INFO - [2022] MISSING_CENTRAL: ZG1E2Mu/Central/jets/3/eta in Skim_TriLep_TTWToLNu.root
2026-04-12 11:27:59,539 - INFO - [2022] MISSING_CENTRAL: ZG1E2Mu/Central/jets/3/eta in Skim_TriLep_TTZ_M50.root
2026-04-12 11:27:59,541 - INFO - [2022] MISSING_CENTRAL: ZG1E2Mu/Central/jets/3/eta in Skim_TriLep_WZTo3LNu_powheg.root
2026-04-12 11:27:59,543 - INFO - [2022] MISSING_CENTRAL: ZG1E2Mu/Central/jets/3/eta in Skim_TriLep_WWW.root
2026-04-12 11:27:59,544 - INFO - [2022] MISSING_CENTRAL: ZG1E2Mu/Central/jets/3/eta in Skim_TriLep_WWZ.root
2026-04-12 11:27:59,546 - INFO - [2022] MISSING_CENTRAL: ZG1E2Mu/Central/jets/3/eta in Skim_TriLep_VBFHToZZTo4L.root
2026-04-12 12:10:28,533 - INFO - [2022] MISSING_CENTRAL: ZG1E2Mu/Central/jets/3/eta in Skim_TriLep_MuonEG_D.root
2026-04-12 12:10:28,579 - INFO - [2022] MISSING_CENTRAL: ZG1E2Mu/Central/jets/3/eta in Skim_TriLep_DYJets10to50.root
2026-04-12 12:10:28,580 - INFO - [2022] MISSING_CENTRAL: ZG1E2Mu/Central/jets/3/eta in Skim_TriLep_TTG_PTG10to100.root
2026-04-12 12:10:28,581 - INFO - [2022] MISSING_CENTRAL: ZG1E2Mu/Central/jets/3/eta in Skim_TriLep_TTG_PTG100to200.root
2026-04-12 12:10:28,581 - INFO - [2022] MISSING_CENTRAL: ZG1E2Mu/Central/jets/3/eta in Skim_TriLep_TTG_PTG200toInf.root
2026-04-12 12:10:28,582 - INFO - [2022] MISSING_CENTRAL: ZG1E2Mu/Central/jets/3/eta in Skim_TriLep_TTWToLNu.root
2026-04-12 12:10:28,589 - INFO - [2022] MISSING_CENTRAL: ZG1E2Mu/Central/jets/3/eta in Skim_TriLep_TTZ_M50.root
2026-04-12 12:10:28,601 - INFO - [2022] MISSING_CENTRAL: ZG1E2Mu/Central/jets/3/eta in Skim_TriLep_WZTo3LNu_powheg.root
2026-04-12 12:10:28,614 - INFO - [2022] MISSING_CENTRAL: ZG1E2Mu/Central/jets/3/eta in Skim_TriLep_WWW.root
2026-04-12 12:10:28,615 - INFO - [2022] MISSING_CENTRAL: ZG1E2Mu/Central/jets/3/eta in Skim_TriLep_WWZ.root
2026-04-12 12:10:28,634 - INFO - [2022] MISSING_CENTRAL: ZG1E2Mu/Central/jets/3/eta in Skim_TriLep_VBFHToZZTo4L.root
2026-04-12 12:10:33,042 - INFO - [2022] MISSING_CENTRAL: ZG1E2Mu/Central/jets/3/eta in Skim_TriLep_MuonEG_D.root
2026-04-12 12:10:33,073 - INFO - [2022] MISSING_CENTRAL: ZG1E2Mu/Central/jets/3/eta in Skim_TriLep_DYJets10to50.root
2026-04-12 12:10:33,073 - INFO - [2022] MISSING_CENTRAL: ZG1E2Mu/Central/jets/3/eta in Skim_TriLep_TTG_PTG10to100.root
2026-04-12 12:10:33,074 - INFO - [2022] MISSING_CENTRAL: ZG1E2Mu/Central/jets/3/eta in Skim_TriLep_TTG_PTG100to200.root
2026-04-12 12:10:33,074 - INFO - [2022] MISSING_CENTRAL: ZG1E2Mu/Central/jets/3/eta in Skim_TriLep_TTG_PTG200toInf.root
2026-04-12 12:10:33,075 - INFO - [2022] MISSING_CENTRAL: ZG1E2Mu/Central/jets/3/eta in Skim_TriLep_TTWToLNu.root
2026-04-12 12:10:33,081 - INFO - [2022] MISSING_CENTRAL: ZG1E2Mu/Central/jets/3/eta in Skim_TriLep_TTZ_M50.root
2026-04-12 12:10:33,083 - INFO - [2022] MISSING_CENTRAL: ZG1E2Mu/Central/jets/3/eta in Skim_TriLep_WZTo3LNu_powheg.root
2026-04-12 12:10:33,085 - INFO - [2022] MISSING_CENTRAL: ZG1E2Mu/Central/jets/3/eta in Skim_TriLep_WWW.root
2026-04-12 12:10:33,085 - INFO - [2022] MISSING_CENTRAL: ZG1E2Mu/Central/jets/3/eta in Skim_TriLep_WWZ.root
2026-04-12 12:10:33,087 - INFO - [2022] MISSING_CENTRAL: ZG1E2Mu/Central/jets/3/eta in Skim_TriLep_VBFHToZZTo4L.root
2026-04-12 12:30:08,062 - INFO - [2022] MISSING_CENTRAL: ZG1E2Mu/Central/jets/3/eta in Skim_TriLep_MuonEG_D.root
2026-04-12 12:30:08,107 - INFO - [2022] MISSING_CENTRAL: ZG1E2Mu/Central/jets/3/eta in Skim_TriLep_DYJets10to50.root
2026-04-12 12:30:08,107 - INFO - [2022] MISSING_CENTRAL: ZG1E2Mu/Central/jets/3/eta in Skim_TriLep_TTG_PTG10to100.root
2026-04-12 12:30:08,108 - INFO - [2022] MISSING_CENTRAL: ZG1E2Mu/Central/jets/3/eta in Skim_TriLep_TTG_PTG100to200.root
2026-04-12 12:30:08,108 - INFO - [2022] MISSING_CENTRAL: ZG1E2Mu/Central/jets/3/eta in Skim_TriLep_TTG_PTG200toInf.root
2026-04-12 12:30:08,109 - INFO - [2022] MISSING_CENTRAL: ZG1E2Mu/Central/jets/3/eta in Skim_TriLep_TTWToLNu.root
2026-04-12 12:30:08,115 - INFO - [2022] MISSING_CENTRAL: ZG1E2Mu/Central/jets/3/eta in Skim_TriLep_TTZ_M50.root
2026-04-12 12:30:08,127 - INFO - [2022] MISSING_CENTRAL: ZG1E2Mu/Central/jets/3/eta in Skim_TriLep_WZTo3LNu_powheg.root
2026-04-12 12:30:08,139 - INFO - [2022] MISSING_CENTRAL: ZG1E2Mu/Central/jets/3/eta in Skim_TriLep_WWW.root
2026-04-12 12:30:08,139 - INFO - [2022] MISSING_CENTRAL: ZG1E2Mu/Central/jets/3/eta in Skim_TriLep_WWZ.root
2026-04-12 12:30:08,158 - INFO - [2022] MISSING_CENTRAL: ZG1E2Mu/Central/jets/3/eta in Skim_TriLep_VBFHToZZTo4L.root
2026-04-12 12:30:12,530 - INFO - [2022] MISSING_CENTRAL: ZG1E2Mu/Central/jets/3/eta in Skim_TriLep_MuonEG_D.root
2026-04-12 12:30:12,564 - INFO - [2022] MISSING_CENTRAL: ZG1E2Mu/Central/jets/3/eta in Skim_TriLep_DYJets10to50.root
2026-04-12 12:30:12,564 - INFO - [2022] MISSING_CENTRAL: ZG1E2Mu/Central/jets/3/eta in Skim_TriLep_TTG_PTG10to100.root
2026-04-12 12:30:12,565 - INFO - [2022] MISSING_CENTRAL: ZG1E2Mu/Central/jets/3/eta in Skim_TriLep_TTG_PTG100to200.root
2026-04-12 12:30:12,565 - INFO - [2022] MISSING_CENTRAL: ZG1E2Mu/Central/jets/3/eta in Skim_TriLep_TTG_PTG200toInf.root
2026-04-12 12:30:12,566 - INFO - [2022] MISSING_CENTRAL: ZG1E2Mu/Central/jets/3/eta in Skim_TriLep_TTWToLNu.root
2026-04-12 12:30:12,573 - INFO - [2022] MISSING_CENTRAL: ZG1E2Mu/Central/jets/3/eta in Skim_TriLep_TTZ_M50.root
2026-04-12 12:30:12,575 - INFO - [2022] MISSING_CENTRAL: ZG1E2Mu/Central/jets/3/eta in Skim_TriLep_WZTo3LNu_powheg.root
2026-04-12 12:30:12,577 - INFO - [2022] MISSING_CENTRAL: ZG1E2Mu/Central/jets/3/eta in Skim_TriLep_WWW.root
2026-04-12 12:30:12,578 - INFO - [2022] MISSING_CENTRAL: ZG1E2Mu/Central/jets/3/eta in Skim_TriLep_WWZ.root
2026-04-12 12:30:12,580 - INFO - [2022] MISSING_CENTRAL: ZG1E2Mu/Central/jets/3/eta in Skim_TriLep_VBFHToZZTo4L.root
2026-04-12 20:38:00,791 - INFO - [2022] MISSING_CENTRAL: ZG1E2Mu/Central/jets/3/eta in Skim_TriLep_MuonEG_D.root
2026-04-12 20:38:00,838 - INFO - [2022] MISSING_CENTRAL: ZG1E2Mu/Central/jets/3/eta in Skim_TriLep_DYJets10to50.root
2026-04-12 20:38:00,839 - INFO - [2022] MISSING_CENTRAL: ZG1E2Mu/Central/jets/3/eta in Skim_TriLep_TTG_PTG10to100.root
2026-04-12 20:38:00,839 - INFO - [2022] MISSING_CENTRAL: ZG1E2Mu/Central/jets/3/eta in Skim_TriLep_TTG_PTG100to200.root
2026-04-12 20:38:00,839 - INFO - [2022] MISSING_CENTRAL: ZG1E2Mu/Central/jets/3/eta in Skim_TriLep_TTG_PTG200toInf.root
2026-04-12 20:38:00,840 - INFO - [2022] MISSING_CENTRAL: ZG1E2Mu/Central/jets/3/eta in Skim_TriLep_TTWToLNu.root
2026-04-12 20:38:00,846 - INFO - [2022] MISSING_CENTRAL: ZG1E2Mu/Central/jets/3/eta in Skim_TriLep_TTZ_M50.root
2026-04-12 20:38:00,859 - INFO - [2022] MISSING_CENTRAL: ZG1E2Mu/Central/jets/3/eta in Skim_TriLep_WZTo3LNu_powheg.root
2026-04-12 20:38:00,873 - INFO - [2022] MISSING_CENTRAL: ZG1E2Mu/Central/jets/3/eta in Skim_TriLep_WWW.root
2026-04-12 20:38:00,873 - INFO - [2022] MISSING_CENTRAL: ZG1E2Mu/Central/jets/3/eta in Skim_TriLep_WWZ.root
2026-04-12 20:38:00,893 - INFO - [2022] MISSING_CENTRAL: ZG1E2Mu/Central/jets/3/eta in Skim_TriLep_VBFHToZZTo4L.root
2026-04-12 20:38:05,332 - INFO - [2022] MISSING_CENTRAL: ZG1E2Mu/Central/jets/3/eta in Skim_TriLep_MuonEG_D.root
2026-04-12 20:38:05,365 - INFO - [2022] MISSING_CENTRAL: ZG1E2Mu/Central/jets/3/eta in Skim_TriLep_DYJets10to50.root
2026-04-12 20:38:05,366 - INFO - [2022] MISSING_CENTRAL: ZG1E2Mu/Central/jets/3/eta in Skim_TriLep_TTG_PTG10to100.root
2026-04-12 20:38:05,366 - INFO - [2022] MISSING_CENTRAL: ZG1E2Mu/Central/jets/3/eta in Skim_TriLep_TTG_PTG100to200.root
2026-04-12 20:38:05,367 - INFO - [2022] MISSING_CENTRAL: ZG1E2Mu/Central/jets/3/eta in Skim_TriLep_TTG_PTG200toInf.root
2026-04-12 20:38:05,367 - INFO - [2022] MISSING_CENTRAL: ZG1E2Mu/Central/jets/3/eta in Skim_TriLep_TTWToLNu.root
2026-04-12 20:38:05,376 - INFO - [2022] MISSING_CENTRAL: ZG1E2Mu/Central/jets/3/eta in Skim_TriLep_TTZ_M50.root
2026-04-12 20:38:05,379 - INFO - [2022] MISSING_CENTRAL: ZG1E2Mu/Central/jets/3/eta in Skim_TriLep_WZTo3LNu_powheg.root
2026-04-12 20:38:05,381 - INFO - [2022] MISSING_CENTRAL: ZG1E2Mu/Central/jets/3/eta in Skim_TriLep_WWW.root
2026-04-12 20:38:05,382 - INFO - [2022] MISSING_CENTRAL: ZG1E2Mu/Central/jets/3/eta in Skim_TriLep_WWZ.root
2026-04-12 20:38:05,384 - INFO - [2022] MISSING_CENTRAL: ZG1E2Mu/Central/jets/3/eta in Skim_TriLep_VBFHToZZTo4L.root
2026-04-12 21:09:44,395 - INFO - [2022] MISSING_CENTRAL: ZG1E2Mu/Central/jets/3/eta in Skim_TriLep_MuonEG_D.root
2026-04-12 21:09:44,444 - INFO - [2022] MISSING_CENTRAL: ZG1E2Mu/Central/jets/3/eta in Skim_TriLep_DYJets10to50.root
2026-04-12 21:09:44,445 - INFO - [2022] MISSING_CENTRAL: ZG1E2Mu/Central/jets/3/eta in Skim_TriLep_TTG_PTG10to100.root
2026-04-12 21:09:44,446 - INFO - [2022] MISSING_CENTRAL: ZG1E2Mu/Central/jets/3/eta in Skim_TriLep_TTG_PTG100to200.root
2026-04-12 21:09:44,446 - INFO - [2022] MISSING_CENTRAL: ZG1E2Mu/Central/jets/3/eta in Skim_TriLep_TTG_PTG200toInf.root
2026-04-12 21:09:44,447 - INFO - [2022] MISSING_CENTRAL: ZG1E2Mu/Central/jets/3/eta in Skim_TriLep_TTWToLNu.root
2026-04-12 21:09:44,454 - INFO - [2022] MISSING_CENTRAL: ZG1E2Mu/Central/jets/3/eta in Skim_TriLep_TTZ_M50.root
2026-04-12 21:09:44,467 - INFO - [2022] MISSING_CENTRAL: ZG1E2Mu/Central/jets/3/eta in Skim_TriLep_WZTo3LNu_powheg.root
2026-04-12 21:09:44,480 - INFO - [2022] MISSING_CENTRAL: ZG1E2Mu/Central/jets/3/eta in Skim_TriLep_WWW.root
2026-04-12 21:09:44,481 - INFO - [2022] MISSING_CENTRAL: ZG1E2Mu/Central/jets/3/eta in Skim_TriLep_WWZ.root
2026-04-12 21:09:44,500 - INFO - [2022] MISSING_CENTRAL: ZG1E2Mu/Central/jets/3/eta in Skim_TriLep_VBFHToZZTo4L.root
2026-04-12 21:09:49,052 - INFO - [2022] MISSING_CENTRAL: ZG1E2Mu/Central/jets/3/eta in Skim_TriLep_MuonEG_D.root
2026-04-12 21:09:49,085 - INFO - [2022] MISSING_CENTRAL: ZG1E2Mu/Central/jets/3/eta in Skim_TriLep_DYJets10to50.root
2026-04-12 21:09:49,086 - INFO - [2022] MISSING_CENTRAL: ZG1E2Mu/Central/jets/3/eta in Skim_TriLep_TTG_PTG10to100.root
2026-04-12 21:09:49,086 - INFO - [2022] MISSING_CENTRAL: ZG1E2Mu/Central/jets/3/eta in Skim_TriLep_TTG_PTG100to200.root
2026-04-12 21:09:49,087 - INFO - [2022] MISSING_CENTRAL: ZG1E2Mu/Central/jets/3/eta in Skim_TriLep_TTG_PTG200toInf.root
2026-04-12 21:09:49,087 - INFO - [2022] MISSING_CENTRAL: ZG1E2Mu/Central/jets/3/eta in Skim_TriLep_TTWToLNu.root
2026-04-12 21:09:49,095 - INFO - [2022] MISSING_CENTRAL: ZG1E2Mu/Central/jets/3/eta in Skim_TriLep_TTZ_M50.root
2026-04-12 21:09:49,097 - INFO - [2022] MISSING_CENTRAL: ZG1E2Mu/Central/jets/3/eta in Skim_TriLep_WZTo3LNu_powheg.root
2026-04-12 21:09:49,099 - INFO - [2022] MISSING_CENTRAL: ZG1E2Mu/Central/jets/3/eta in Skim_TriLep_WWW.root
2026-04-12 21:09:49,101 - INFO - [2022] MISSING_CENTRAL: ZG1E2Mu/Central/jets/3/eta in Skim_TriLep_WWZ.root
2026-04-12 21:09:49,103 - INFO - [2022] MISSING_CENTRAL: ZG1E2Mu/Central/jets/3/eta in Skim_TriLep_VBFHToZZTo4L.root
2026-04-13 12:47:07,522 - INFO - [2022] MISSING_CENTRAL: ZG1E2Mu/Central/jets/3/eta in Skim_TriLep_MuonEG_D.root
2026-04-13 12:47:07,564 - INFO - [2022] MISSING_CENTRAL: ZG1E2Mu/Central/jets/3/eta in Skim_TriLep_DYJets10to50.root
2026-04-13 12:47:07,564 - INFO - [2022] MISSING_CENTRAL: ZG1E2Mu/Central/jets/3/eta in Skim_TriLep_TTG_PTG10to100.root
2026-04-13 12:47:07,565 - INFO - [2022] MISSING_CENTRAL: ZG1E2Mu/Central/jets/3/eta in Skim_TriLep_TTG_PTG100to200.root
2026-04-13 12:47:07,565 - INFO - [2022] MISSING_CENTRAL: ZG1E2Mu/Central/jets/3/eta in Skim_TriLep_TTG_PTG200toInf.root
2026-04-13 12:47:07,566 - INFO - [2022] MISSING_CENTRAL: ZG1E2Mu/Central/jets/3/eta in Skim_TriLep_TTWToLNu.root
2026-04-13 12:47:07,573 - INFO - [2022] MISSING_CENTRAL: ZG1E2Mu/Central/jets/3/eta in Skim_TriLep_TTZ_M50.root
2026-04-13 12:47:07,587 - INFO - [2022] MISSING_CENTRAL: ZG1E2Mu/Central/jets/3/eta in Skim_TriLep_WZTo3LNu_powheg.root
2026-04-13 12:47:07,600 - INFO - [2022] MISSING_CENTRAL: ZG1E2Mu/Central/jets/3/eta in Skim_TriLep_WWW.root
2026-04-13 12:47:07,600 - INFO - [2022] MISSING_CENTRAL: ZG1E2Mu/Central/jets/3/eta in Skim_TriLep_WWZ.root
2026-04-13 12:47:07,619 - INFO - [2022] MISSING_CENTRAL: ZG1E2Mu/Central/jets/3/eta in Skim_TriLep_VBFHToZZTo4L.root
2026-04-13 12:47:12,198 - INFO - [2022] MISSING_CENTRAL: ZG1E2Mu/Central/jets/3/eta in Skim_TriLep_MuonEG_D.root
2026-04-13 12:47:12,229 - INFO - [2022] MISSING_CENTRAL: ZG1E2Mu/Central/jets/3/eta in Skim_TriLep_DYJets10to50.root
2026-04-13 12:47:12,230 - INFO - [2022] MISSING_CENTRAL: ZG1E2Mu/Central/jets/3/eta in Skim_TriLep_TTG_PTG10to100.root
2026-04-13 12:47:12,230 - INFO - [2022] MISSING_CENTRAL: ZG1E2Mu/Central/jets/3/eta in Skim_TriLep_TTG_PTG100to200.root
2026-04-13 12:47:12,230 - INFO - [2022] MISSING_CENTRAL: ZG1E2Mu/Central/jets/3/eta in Skim_TriLep_TTG_PTG200toInf.root
2026-04-13 12:47:12,231 - INFO - [2022] MISSING_CENTRAL: ZG1E2Mu/Central/jets/3/eta in Skim_TriLep_TTWToLNu.root
2026-04-13 12:47:12,239 - INFO - [2022] MISSING_CENTRAL: ZG1E2Mu/Central/jets/3/eta in Skim_TriLep_TTZ_M50.root
2026-04-13 12:47:12,242 - INFO - [2022] MISSING_CENTRAL: ZG1E2Mu/Central/jets/3/eta in Skim_TriLep_WZTo3LNu_powheg.root
2026-04-13 12:47:12,244 - INFO - [2022] MISSING_CENTRAL: ZG1E2Mu/Central/jets/3/eta in Skim_TriLep_WWW.root
2026-04-13 12:47:12,244 - INFO - [2022] MISSING_CENTRAL: ZG1E2Mu/Central/jets/3/eta in Skim_TriLep_WWZ.root
2026-04-13 12:47:12,247 - INFO - [2022] MISSING_CENTRAL: ZG1E2Mu/Central/jets/3/eta in Skim_TriLep_VBFHToZZTo4L.root
2026-06-12 14:06:29,654 - INFO - [2022] MISSING_CENTRAL: ZG1E2Mu/Central/jets/3/eta in Skim_TriLep_MuonEG_D.root
2026-06-12 14:06:29,697 - INFO - [2022] MISSING_CENTRAL: ZG1E2Mu/Central/jets/3/eta in Skim_TriLep_DYJets10to50.root
2026-06-12 14:06:29,698 - INFO - [2022] MISSING_CENTRAL: ZG1E2Mu/Central/jets/3/eta in Skim_TriLep_TTG_PTG10to100.root
2026-06-12 14:06:29,698 - INFO - [2022] MISSING_CENTRAL: ZG1E2Mu/Central/jets/3/eta in Skim_TriLep_TTG_PTG100to200.root
2026-06-12 14:06:29,699 - INFO - [2022] MISSING_CENTRAL: ZG1E2Mu/Central/jets/3/eta in Skim_TriLep_TTG_PTG200toInf.root
2026-06-12 14:06:29,699 - INFO - [2022] MISSING_CENTRAL: ZG1E2Mu/Central/jets/3/eta in Skim_TriLep_TTWToLNu.root
2026-06-12 14:06:29,706 - INFO - [2022] MISSING_CENTRAL: ZG1E2Mu/Central/jets/3/eta in Skim_TriLep_TTZ_M50.root
2026-06-12 14:06:29,719 - INFO - [2022] MISSING_CENTRAL: ZG1E2Mu/Central/jets/3/eta in Skim_TriLep_WZTo3LNu_powheg.root
2026-06-12 14:06:29,731 - INFO - [2022] MISSING_CENTRAL: ZG1E2Mu/Central/jets/3/eta in Skim_TriLep_WWW.root
2026-06-12 14:06:29,732 - INFO - [2022] MISSING_CENTRAL: ZG1E2Mu/Central/jets/3/eta in Skim_TriLep_WWZ.root
2026-06-12 14:06:29,751 - INFO - [2022] MISSING_CENTRAL: ZG1E2Mu/Central/jets/3/eta in Skim_TriLep_VBFHToZZTo4L.root
2026-06-12 14:06:34,204 - INFO - [2022] MISSING_CENTRAL: ZG1E2Mu/Central/jets/3/eta in Skim_TriLep_MuonEG_D.root
2026-06-12 14:06:34,233 - INFO - [2022] MISSING_CENTRAL: ZG1E2Mu/Central/jets/3/eta in Skim_TriLep_DYJets10to50.root
2026-06-12 14:06:34,234 - INFO - [2022] MISSING_CENTRAL: ZG1E2Mu/Central/jets/3/eta in Skim_TriLep_TTG_PTG10to100.root
2026-06-12 14:06:34,235 - INFO - [2022] MISSING_CENTRAL: ZG1E2Mu/Central/jets/3/eta in Skim_TriLep_TTG_PTG100to200.root
2026-06-12 14:06:34,235 - INFO - [2022] MISSING_CENTRAL: ZG1E2Mu/Central/jets/3/eta in Skim_TriLep_TTG_PTG200toInf.root
2026-06-12 14:06:34,236 - INFO - [2022] MISSING_CENTRAL: ZG1E2Mu/Central/jets/3/eta in Skim_TriLep_TTWToLNu.root
2026-06-12 14:06:34,244 - INFO - [2022] MISSING_CENTRAL: ZG1E2Mu/Central/jets/3/eta in Skim_TriLep_TTZ_M50.root
2026-06-12 14:06:34,246 - INFO - [2022] MISSING_CENTRAL: ZG1E2Mu/Central/jets/3/eta in Skim_TriLep_WZTo3LNu_powheg.root
2026-06-12 14:06:34,247 - INFO - [2022] MISSING_CENTRAL: ZG1E2Mu/Central/jets/3/eta in Skim_TriLep_WWW.root
2026-06-12 14:06:34,248 - INFO - [2022] MISSING_CENTRAL: ZG1E2Mu/Central/jets/3/eta in Skim_TriLep_WWZ.root
2026-06-12 14:06:34,250 - INFO - [2022] MISSING_CENTRAL: ZG1E2Mu/Central/jets/3/eta in Skim_TriLep_VBFHToZZTo4L.root
2026-06-12 14:29:02,375 - INFO - [2022] MISSING_CENTRAL: ZG1E2Mu/Central/jets/3/eta in Skim_TriLep_MuonEG_D.root
2026-06-12 14:29:02,417 - INFO - [2022] MISSING_CENTRAL: ZG1E2Mu/Central/jets/3/eta in Skim_TriLep_DYJets10to50.root
2026-06-12 14:29:02,418 - INFO - [2022] MISSING_CENTRAL: ZG1E2Mu/Central/jets/3/eta in Skim_TriLep_TTG_PTG10to100.root
2026-06-12 14:29:02,418 - INFO - [2022] MISSING_CENTRAL: ZG1E2Mu/Central/jets/3/eta in Skim_TriLep_TTG_PTG100to200.root
2026-06-12 14:29:02,419 - INFO - [2022] MISSING_CENTRAL: ZG1E2Mu/Central/jets/3/eta in Skim_TriLep_TTG_PTG200toInf.root
2026-06-12 14:29:02,419 - INFO - [2022] MISSING_CENTRAL: ZG1E2Mu/Central/jets/3/eta in Skim_TriLep_TTWToLNu.root
2026-06-12 14:29:02,426 - INFO - [2022] MISSING_CENTRAL: ZG1E2Mu/Central/jets/3/eta in Skim_TriLep_TTZ_M50.root
2026-06-12 14:29:02,439 - INFO - [2022] MISSING_CENTRAL: ZG1E2Mu/Central/jets/3/eta in Skim_TriLep_WZTo3LNu_powheg.root
2026-06-12 14:29:02,452 - INFO - [2022] MISSING_CENTRAL: ZG1E2Mu/Central/jets/3/eta in Skim_TriLep_WWW.root
2026-06-12 14:29:02,453 - INFO - [2022] MISSING_CENTRAL: ZG1E2Mu/Central/jets/3/eta in Skim_TriLep_WWZ.root
2026-06-12 14:29:02,473 - INFO - [2022] MISSING_CENTRAL: ZG1E2Mu/Central/jets/3/eta in Skim_TriLep_VBFHToZZTo4L.root
2026-06-12 14:29:06,925 - INFO - [2022] MISSING_CENTRAL: ZG1E2Mu/Central/jets/3/eta in Skim_TriLep_MuonEG_D.root
2026-06-12 14:29:06,955 - INFO - [2022] MISSING_CENTRAL: ZG1E2Mu/Central/jets/3/eta in Skim_TriLep_DYJets10to50.root
2026-06-12 14:29:06,955 - INFO - [2022] MISSING_CENTRAL: ZG1E2Mu/Central/jets/3/eta in Skim_TriLep_TTG_PTG10to100.root
2026-06-12 14:29:06,956 - INFO - [2022] MISSING_CENTRAL: ZG1E2Mu/Central/jets/3/eta in Skim_TriLep_TTG_PTG100to200.root
2026-06-12 14:29:06,956 - INFO - [2022] MISSING_CENTRAL: ZG1E2Mu/Central/jets/3/eta in Skim_TriLep_TTG_PTG200toInf.root
2026-06-12 14:29:06,957 - INFO - [2022] MISSING_CENTRAL: ZG1E2Mu/Central/jets/3/eta in Skim_TriLep_TTWToLNu.root
2026-06-12 14:29:06,965 - INFO - [2022] MISSING_CENTRAL: ZG1E2Mu/Central/jets/3/eta in Skim_TriLep_TTZ_M50.root
2026-06-12 14:29:06,967 - INFO - [2022] MISSING_CENTRAL: ZG1E2Mu/Central/jets/3/eta in Skim_TriLep_WZTo3LNu_powheg.root
2026-06-12 14:29:06,969 - INFO - [2022] MISSING_CENTRAL: ZG1E2Mu/Central/jets/3/eta in Skim_TriLep_WWW.root
2026-06-12 14:29:06,969 - INFO - [2022] MISSING_CENTRAL: ZG1E2Mu/Central/jets/3/eta in Skim_TriLep_WWZ.root
2026-06-12 14:29:06,971 - INFO - [2022] MISSING_CENTRAL: ZG1E2Mu/Central/jets/3/eta in Skim_TriLep_VBFHToZZTo4L.root
2026-06-18 00:23:29,050 - INFO - [2022] MISSING_CENTRAL: ZG1E2Mu/Central/jets/3/eta in Skim_TriLep_MuonEG_D.root
2026-06-18 00:23:29,095 - INFO - [2022] MISSING_CENTRAL: ZG1E2Mu/Central/jets/3/eta in Skim_TriLep_DYJets10to50.root
2026-06-18 00:23:29,096 - INFO - [2022] MISSING_CENTRAL: ZG1E2Mu/Central/jets/3/eta in Skim_TriLep_TTG_PTG10to100.root
2026-06-18 00:23:29,096 - INFO - [2022] MISSING_CENTRAL: ZG1E2Mu/Central/jets/3/eta in Skim_TriLep_TTG_PTG100to200.root
2026-06-18 00:23:29,097 - INFO - [2022] MISSING_CENTRAL: ZG1E2Mu/Central/jets/3/eta in Skim_TriLep_TTG_PTG200toInf.root
2026-06-18 00:23:29,097 - INFO - [2022] MISSING_CENTRAL: ZG1E2Mu/Central/jets/3/eta in Skim_TriLep_TTWToLNu.root
2026-06-18 00:23:29,104 - INFO - [2022] MISSING_CENTRAL: ZG1E2Mu/Central/jets/3/eta in Skim_TriLep_TTZ_M50.root
2026-06-18 00:23:29,117 - INFO - [2022] MISSING_CENTRAL: ZG1E2Mu/Central/jets/3/eta in Skim_TriLep_WZTo3LNu_powheg.root
2026-06-18 00:23:29,131 - INFO - [2022] MISSING_CENTRAL: ZG1E2Mu/Central/jets/3/eta in Skim_TriLep_WWW.root
2026-06-18 00:23:29,131 - INFO - [2022] MISSING_CENTRAL: ZG1E2Mu/Central/jets/3/eta in Skim_TriLep_WWZ.root
2026-06-18 00:23:29,152 - INFO - [2022] MISSING_CENTRAL: ZG1E2Mu/Central/jets/3/eta in Skim_TriLep_VBFHToZZTo4L.root
2026-06-18 00:23:34,083 - INFO - [2022] MISSING_CENTRAL: ZG1E2Mu/Central/jets/3/eta in Skim_TriLep_MuonEG_D.root
2026-06-18 00:23:34,113 - INFO - [2022] MISSING_CENTRAL: ZG1E2Mu/Central/jets/3/eta in Skim_TriLep_DYJets10to50.root
2026-06-18 00:23:34,114 - INFO - [2022] MISSING_CENTRAL: ZG1E2Mu/Central/jets/3/eta in Skim_TriLep_TTG_PTG10to100.root
2026-06-18 00:23:34,114 - INFO - [2022] MISSING_CENTRAL: ZG1E2Mu/Central/jets/3/eta in Skim_TriLep_TTG_PTG100to200.root
2026-06-18 00:23:34,115 - INFO - [2022] MISSING_CENTRAL: ZG1E2Mu/Central/jets/3/eta in Skim_TriLep_TTG_PTG200toInf.root
2026-06-18 00:23:34,116 - INFO - [2022] MISSING_CENTRAL: ZG1E2Mu/Central/jets/3/eta in Skim_TriLep_TTWToLNu.root
2026-06-18 00:23:34,124 - INFO - [2022] MISSING_CENTRAL: ZG1E2Mu/Central/jets/3/eta in Skim_TriLep_TTZ_M50.root
2026-06-18 00:23:34,126 - INFO - [2022] MISSING_CENTRAL: ZG1E2Mu/Central/jets/3/eta in Skim_TriLep_WZTo3LNu_powheg.root
2026-06-18 00:23:34,128 - INFO - [2022] MISSING_CENTRAL: ZG1E2Mu/Central/jets/3/eta in Skim_TriLep_WWW.root
2026-06-18 00:23:34,129 - INFO - [2022] MISSING_CENTRAL: ZG1E2Mu/Central/jets/3/eta in Skim_TriLep_WWZ.root
2026-06-18 00:23:34,131 - INFO - [2022] MISSING_CENTRAL: ZG1E2Mu/Central/jets/3/eta in Skim_TriLep_VBFHToZZTo4L.root
2026-06-29 16:37:09,634 - INFO - [2022] MISSING_CENTRAL: ZG1E2Mu/Central/jets/3/eta in Skim_TriLep_MuonEG_D.root
2026-06-29 16:37:09,954 - INFO - [2022] MISSING_CENTRAL: ZG1E2Mu/Central/jets/3/eta in Skim_TriLep_DYJets10to50.root
2026-06-29 16:37:10,004 - INFO - [2022] MISSING_CENTRAL: ZG1E2Mu/Central/jets/3/eta in Skim_TriLep_TTG_PTG10to100.root
2026-06-29 16:37:10,032 - INFO - [2022] MISSING_CENTRAL: ZG1E2Mu/Central/jets/3/eta in Skim_TriLep_TTG_PTG100to200.root
2026-06-29 16:37:10,062 - INFO - [2022] MISSING_CENTRAL: ZG1E2Mu/Central/jets/3/eta in Skim_TriLep_TTG_PTG200toInf.root
2026-06-29 16:37:10,112 - INFO - [2022] MISSING_CENTRAL: ZG1E2Mu/Central/jets/3/eta in Skim_TriLep_TTWToLNu.root
2026-06-29 16:37:10,326 - INFO - [2022] MISSING_CENTRAL: ZG1E2Mu/Central/jets/3/eta in Skim_TriLep_TTZ_M50.root
2026-06-29 16:37:10,675 - INFO - [2022] MISSING_CENTRAL: ZG1E2Mu/Central/jets/3/eta in Skim_TriLep_WZTo3LNu_powheg.root
2026-06-29 16:37:10,983 - INFO - [2022] MISSING_FILE: /data9/Users/choij/Sync/workspace/ChargedHiggsAnalysisV3/SKNanoOutput/PromptAnalyzer/Run1E2Mu_RunSyst_RunCR_NoTreeMode/2022/Skim_TriLep_tHW.root
2026-06-29 16:37:10,983 - INFO - [2022] MISSING_FILE: /data9/Users/choij/Sync/workspace/ChargedHiggsAnalysisV3/SKNanoOutput/PromptAnalyzer/Run1E2Mu_RunSyst_RunCR_NoTreeMode/2022/Skim_TriLep_tWZ_thadWlep.root
2026-06-29 16:37:10,983 - INFO - [2022] MISSING_FILE: /data9/Users/choij/Sync/workspace/ChargedHiggsAnalysisV3/SKNanoOutput/PromptAnalyzer/Run1E2Mu_RunSyst_RunCR_NoTreeMode/2022/Skim_TriLep_tWZ_tlepWhad.root
2026-06-29 16:37:10,983 - INFO - [2022] MISSING_FILE: /data9/Users/choij/Sync/workspace/ChargedHiggsAnalysisV3/SKNanoOutput/PromptAnalyzer/Run1E2Mu_RunSyst_RunCR_NoTreeMode/2022/Skim_TriLep_tWZ_tlepWlep.root
2026-06-29 16:37:11,010 - INFO - [2022] MISSING_CENTRAL: ZG1E2Mu/Central/jets/3/eta in Skim_TriLep_WWW.root
2026-06-29 16:37:11,047 - INFO - [2022] MISSING_CENTRAL: ZG1E2Mu/Central/jets/3/eta in Skim_TriLep_WWZ.root
2026-06-29 16:37:11,364 - INFO - [2022] MISSING_CENTRAL: ZG1E2Mu/Central/jets/3/eta in Skim_TriLep_VBFHToZZTo4L.root
2026-06-29 16:37:14,724 - INFO - [2022] MISSING_CENTRAL: ZG1E2Mu/Central/jets/3/eta in Skim_TriLep_MuonEG_D.root
2026-06-29 16:37:14,753 - INFO - [2022] MISSING_CENTRAL: ZG1E2Mu/Central/jets/3/eta in Skim_TriLep_DYJets10to50.root
2026-06-29 16:37:14,754 - INFO - [2022] MISSING_CENTRAL: ZG1E2Mu/Central/jets/3/eta in Skim_TriLep_TTG_PTG10to100.root
2026-06-29 16:37:14,755 - INFO - [2022] MISSING_CENTRAL: ZG1E2Mu/Central/jets/3/eta in Skim_TriLep_TTG_PTG100to200.root
2026-06-29 16:37:14,755 - INFO - [2022] MISSING_CENTRAL: ZG1E2Mu/Central/jets/3/eta in Skim_TriLep_TTG_PTG200toInf.root
2026-06-29 16:37:14,756 - INFO - [2022] MISSING_CENTRAL: ZG1E2Mu/Central/jets/3/eta in Skim_TriLep_TTWToLNu.root
2026-06-29 16:37:14,765 - INFO - [2022] MISSING_CENTRAL: ZG1E2Mu/Central/jets/3/eta in Skim_TriLep_TTZ_M50.root
2026-06-29 16:37:14,768 - INFO - [2022] MISSING_CENTRAL: ZG1E2Mu/Central/jets/3/eta in Skim_TriLep_WZTo3LNu_powheg.root
2026-06-29 16:37:14,770 - INFO - [2022] MISSING_FILE: /data9/Users/choij/Sync/workspace/ChargedHiggsAnalysisV3/SKNanoOutput/PromptAnalyzer/Run1E2Mu_RunSyst_RunCR_NoTreeMode/2022/Skim_TriLep_tHW.root
2026-06-29 16:37:14,770 - INFO - [2022] MISSING_FILE: /data9/Users/choij/Sync/workspace/ChargedHiggsAnalysisV3/SKNanoOutput/PromptAnalyzer/Run1E2Mu_RunSyst_RunCR_NoTreeMode/2022/Skim_TriLep_tWZ_thadWlep.root
2026-06-29 16:37:14,770 - INFO - [2022] MISSING_FILE: /data9/Users/choij/Sync/workspace/ChargedHiggsAnalysisV3/SKNanoOutput/PromptAnalyzer/Run1E2Mu_RunSyst_RunCR_NoTreeMode/2022/Skim_TriLep_tWZ_tlepWhad.root
2026-06-29 16:37:14,771 - INFO - [2022] MISSING_FILE: /data9/Users/choij/Sync/workspace/ChargedHiggsAnalysisV3/SKNanoOutput/PromptAnalyzer/Run1E2Mu_RunSyst_RunCR_NoTreeMode/2022/Skim_TriLep_tWZ_tlepWlep.root
2026-06-29 16:37:14,772 - INFO - [2022] MISSING_CENTRAL: ZG1E2Mu/Central/jets/3/eta in Skim_TriLep_WWW.root
2026-06-29 16:37:14,773 - INFO - [2022] MISSING_CENTRAL: ZG1E2Mu/Central/jets/3/eta in Skim_TriLep_WWZ.root
2026-06-29 16:37:14,776 - INFO - [2022] MISSING_CENTRAL: ZG1E2Mu/Central/jets/3/eta in Skim_TriLep_VBFHToZZTo4L.root
2026-07-01 05:32:16,478 - INFO - [2022] MISSING_CENTRAL: ZG1E2Mu/Central/jets/3/eta in Skim_TriLep_MuonEG_D.root
2026-07-01 05:32:16,535 - INFO - [2022] MISSING_CENTRAL: ZG1E2Mu/Central/jets/3/eta in Skim_TriLep_DYJets10to50.root
2026-07-01 05:32:16,536 - INFO - [2022] MISSING_CENTRAL: ZG1E2Mu/Central/jets/3/eta in Skim_TriLep_TTG_PTG10to100.root
2026-07-01 05:32:16,537 - INFO - [2022] MISSING_CENTRAL: ZG1E2Mu/Central/jets/3/eta in Skim_TriLep_TTG_PTG100to200.root
2026-07-01 05:32:16,538 - INFO - [2022] MISSING_CENTRAL: ZG1E2Mu/Central/jets/3/eta in Skim_TriLep_TTG_PTG200toInf.root
2026-07-01 05:32:16,539 - INFO - [2022] MISSING_CENTRAL: ZG1E2Mu/Central/jets/3/eta in Skim_TriLep_TTWToLNu.root
2026-07-01 05:32:16,550 - INFO - [2022] MISSING_CENTRAL: ZG1E2Mu/Central/jets/3/eta in Skim_TriLep_TTZ_M50.root
2026-07-01 05:32:16,572 - INFO - [2022] MISSING_CENTRAL: ZG1E2Mu/Central/jets/3/eta in Skim_TriLep_WZTo3LNu_powheg.root
2026-07-01 05:32:16,637 - INFO - [2022] MISSING_CENTRAL: ZG1E2Mu/Central/jets/3/eta in Skim_TriLep_WWW.root
2026-07-01 05:32:16,638 - INFO - [2022] MISSING_CENTRAL: ZG1E2Mu/Central/jets/3/eta in Skim_TriLep_WWZ.root
2026-07-01 05:32:16,671 - INFO - [2022] MISSING_CENTRAL: ZG1E2Mu/Central/jets/3/eta in Skim_TriLep_VBFHToZZTo4L.root
2026-07-01 05:32:20,041 - INFO - [2022] MISSING_CENTRAL: ZG1E2Mu/Central/jets/3/eta in Skim_TriLep_MuonEG_D.root
2026-07-01 05:32:20,068 - INFO - [2022] MISSING_CENTRAL: ZG1E2Mu/Central/jets/3/eta in Skim_TriLep_DYJets10to50.root
2026-07-01 05:32:20,068 - INFO - [2022] MISSING_CENTRAL: ZG1E2Mu/Central/jets/3/eta in Skim_TriLep_TTG_PTG10to100.root
2026-07-01 05:32:20,069 - INFO - [2022] MISSING_CENTRAL: ZG1E2Mu/Central/jets/3/eta in Skim_TriLep_TTG_PTG100to200.root
2026-07-01 05:32:20,070 - INFO - [2022] MISSING_CENTRAL: ZG1E2Mu/Central/jets/3/eta in Skim_TriLep_TTG_PTG200toInf.root
2026-07-01 05:32:20,070 - INFO - [2022] MISSING_CENTRAL: ZG1E2Mu/Central/jets/3/eta in Skim_TriLep_TTWToLNu.root
2026-07-01 05:32:20,079 - INFO - [2022] MISSING_CENTRAL: ZG1E2Mu/Central/jets/3/eta in Skim_TriLep_TTZ_M50.root
2026-07-01 05:32:20,082 - INFO - [2022] MISSING_CENTRAL: ZG1E2Mu/Central/jets/3/eta in Skim_TriLep_WZTo3LNu_powheg.root
2026-07-01 05:32:20,087 - INFO - [2022] MISSING_CENTRAL: ZG1E2Mu/Central/jets/3/eta in Skim_TriLep_WWW.root
2026-07-01 05:32:20,088 - INFO - [2022] MISSING_CENTRAL: ZG1E2Mu/Central/jets/3/eta in Skim_TriLep_WWZ.root
2026-07-01 05:32:20,091 - INFO - [2022] MISSING_CENTRAL: ZG1E2Mu/Central/jets/3/eta in Skim_TriLep_VBFHToZZTo4L.root
2026-07-01 05:58:35,355 - INFO - [2022] MISSING_FILE: /data9/Users/choij/Sync/workspace/ChargedHiggsAnalysisV3/SKNanoOutput/PromptAnalyzer/Run1E2Mu_RunCR_NoTreeMode/2022/Skim_TriLep_MuonEG_C.root
2026-07-01 05:58:35,355 - INFO - [2022] MISSING_FILE: /data9/Users/choij/Sync/workspace/ChargedHiggsAnalysisV3/SKNanoOutput/PromptAnalyzer/Run1E2Mu_RunCR_NoTreeMode/2022/Skim_TriLep_MuonEG_D.root
2026-07-01 05:58:38,030 - INFO - [2022] MISSING_FILE: /data9/Users/choij/Sync/workspace/ChargedHiggsAnalysisV3/SKNanoOutput/PromptAnalyzer/Run1E2Mu_RunCR_NoTreeMode/2022/Skim_TriLep_MuonEG_C.root
2026-07-01 05:58:38,030 - INFO - [2022] MISSING_FILE: /data9/Users/choij/Sync/workspace/ChargedHiggsAnalysisV3/SKNanoOutput/PromptAnalyzer/Run1E2Mu_RunCR_NoTreeMode/2022/Skim_TriLep_MuonEG_D.root
2026-07-01 06:50:05,823 - INFO - [2022] MISSING_CENTRAL: ZG1E2Mu/Central/jets/3/eta in Skim_TriLep_MuonEG_D.root
2026-07-01 06:50:05,880 - INFO - [2022] MISSING_CENTRAL: ZG1E2Mu/Central/jets/3/eta in Skim_TriLep_DYJets10to50.root
2026-07-01 06:50:05,881 - INFO - [2022] MISSING_CENTRAL: ZG1E2Mu/Central/jets/3/eta in Skim_TriLep_TTG_PTG10to100.root
2026-07-01 06:50:05,883 - INFO - [2022] MISSING_CENTRAL: ZG1E2Mu/Central/jets/3/eta in Skim_TriLep_TTG_PTG100to200.root
2026-07-01 06:50:05,884 - INFO - [2022] MISSING_CENTRAL: ZG1E2Mu/Central/jets/3/eta in Skim_TriLep_TTG_PTG200toInf.root
2026-07-01 06:50:05,885 - INFO - [2022] MISSING_CENTRAL: ZG1E2Mu/Central/jets/3/eta in Skim_TriLep_TTWToLNu.root
2026-07-01 06:50:05,895 - INFO - [2022] MISSING_CENTRAL: ZG1E2Mu/Central/jets/3/eta in Skim_TriLep_TTZ_M50.root
2026-07-01 06:50:06,013 - INFO - [2022] MISSING_CENTRAL: ZG1E2Mu/Central/jets/3/eta in Skim_TriLep_WZTo3LNu_powheg.root
2026-07-01 06:50:06,079 - INFO - [2022] MISSING_CENTRAL: ZG1E2Mu/Central/jets/3/eta in Skim_TriLep_WWW.root
2026-07-01 06:50:06,081 - INFO - [2022] MISSING_CENTRAL: ZG1E2Mu/Central/jets/3/eta in Skim_TriLep_WWZ.root
2026-07-01 06:50:06,109 - INFO - [2022] MISSING_CENTRAL: ZG1E2Mu/Central/jets/3/eta in Skim_TriLep_VBFHToZZTo4L.root
2026-07-01 06:50:10,151 - INFO - [2022] MISSING_CENTRAL: ZG1E2Mu/Central/jets/3/eta in Skim_TriLep_MuonEG_D.root
2026-07-01 06:50:10,179 - INFO - [2022] MISSING_CENTRAL: ZG1E2Mu/Central/jets/3/eta in Skim_TriLep_DYJets10to50.root
2026-07-01 06:50:10,180 - INFO - [2022] MISSING_CENTRAL: ZG1E2Mu/Central/jets/3/eta in Skim_TriLep_TTG_PTG10to100.root
2026-07-01 06:50:10,181 - INFO - [2022] MISSING_CENTRAL: ZG1E2Mu/Central/jets/3/eta in Skim_TriLep_TTG_PTG100to200.root
2026-07-01 06:50:10,182 - INFO - [2022] MISSING_CENTRAL: ZG1E2Mu/Central/jets/3/eta in Skim_TriLep_TTG_PTG200toInf.root
2026-07-01 06:50:10,184 - INFO - [2022] MISSING_CENTRAL: ZG1E2Mu/Central/jets/3/eta in Skim_TriLep_TTWToLNu.root
2026-07-01 06:50:10,193 - INFO - [2022] MISSING_CENTRAL: ZG1E2Mu/Central/jets/3/eta in Skim_TriLep_TTZ_M50.root
2026-07-01 06:50:10,196 - INFO - [2022] MISSING_CENTRAL: ZG1E2Mu/Central/jets/3/eta in Skim_TriLep_WZTo3LNu_powheg.root
2026-07-01 06:50:10,204 - INFO - [2022] MISSING_CENTRAL: ZG1E2Mu/Central/jets/3/eta in Skim_TriLep_WWW.root
2026-07-01 06:50:10,205 - INFO - [2022] MISSING_CENTRAL: ZG1E2Mu/Central/jets/3/eta in Skim_TriLep_WWZ.root
2026-07-01 06:50:10,209 - INFO - [2022] MISSING_CENTRAL: ZG1E2Mu/Central/jets/3/eta in Skim_TriLep_VBFHToZZTo4L.root
2026-07-01 15:25:20,269 - INFO - [2022] MISSING_CENTRAL: ZG1E2Mu/Central/jets/3/eta in Skim_TriLep_MuonEG_D.root
2026-07-01 15:25:20,308 - INFO - [2022] MISSING_CENTRAL: ZG1E2Mu/Central/jets/3/eta in Skim_TriLep_DYJets10to50.root
2026-07-01 15:25:20,309 - INFO - [2022] MISSING_CENTRAL: ZG1E2Mu/Central/jets/3/eta in Skim_TriLep_TTG_PTG10to100.root
2026-07-01 15:25:20,309 - INFO - [2022] MISSING_CENTRAL: ZG1E2Mu/Central/jets/3/eta in Skim_TriLep_TTG_PTG100to200.root
2026-07-01 15:25:20,310 - INFO - [2022] MISSING_CENTRAL: ZG1E2Mu/Central/jets/3/eta in Skim_TriLep_TTG_PTG200toInf.root
2026-07-01 15:25:20,311 - INFO - [2022] MISSING_CENTRAL: ZG1E2Mu/Central/jets/3/eta in Skim_TriLep_TTWToLNu.root
2026-07-01 15:25:20,317 - INFO - [2022] MISSING_CENTRAL: ZG1E2Mu/Central/jets/3/eta in Skim_TriLep_TTZ_M50.root
2026-07-01 15:25:20,330 - INFO - [2022] MISSING_CENTRAL: ZG1E2Mu/Central/jets/3/eta in Skim_TriLep_WZTo3LNu_powheg.root
2026-07-01 15:25:20,367 - INFO - [2022] MISSING_CENTRAL: ZG1E2Mu/Central/jets/3/eta in Skim_TriLep_WWW.root
2026-07-01 15:25:20,368 - INFO - [2022] MISSING_CENTRAL: ZG1E2Mu/Central/jets/3/eta in Skim_TriLep_WWZ.root
2026-07-01 15:25:20,387 - INFO - [2022] MISSING_CENTRAL: ZG1E2Mu/Central/jets/3/eta in Skim_TriLep_VBFHToZZTo4L.root
2026-07-01 15:25:23,502 - INFO - [2022] MISSING_CENTRAL: ZG1E2Mu/Central/jets/3/eta in Skim_TriLep_MuonEG_D.root
2026-07-01 15:25:23,529 - INFO - [2022] MISSING_CENTRAL: ZG1E2Mu/Central/jets/3/eta in Skim_TriLep_DYJets10to50.root
2026-07-01 15:25:23,530 - INFO - [2022] MISSING_CENTRAL: ZG1E2Mu/Central/jets/3/eta in Skim_TriLep_TTG_PTG10to100.root
2026-07-01 15:25:23,530 - INFO - [2022] MISSING_CENTRAL: ZG1E2Mu/Central/jets/3/eta in Skim_TriLep_TTG_PTG100to200.root
2026-07-01 15:25:23,531 - INFO - [2022] MISSING_CENTRAL: ZG1E2Mu/Central/jets/3/eta in Skim_TriLep_TTG_PTG200toInf.root
2026-07-01 15:25:23,532 - INFO - [2022] MISSING_CENTRAL: ZG1E2Mu/Central/jets/3/eta in Skim_TriLep_TTWToLNu.root
2026-07-01 15:25:23,541 - INFO - [2022] MISSING_CENTRAL: ZG1E2Mu/Central/jets/3/eta in Skim_TriLep_TTZ_M50.root
2026-07-01 15:25:23,543 - INFO - [2022] MISSING_CENTRAL: ZG1E2Mu/Central/jets/3/eta in Skim_TriLep_WZTo3LNu_powheg.root
2026-07-01 15:25:23,549 - INFO - [2022] MISSING_CENTRAL: ZG1E2Mu/Central/jets/3/eta in Skim_TriLep_WWW.root
2026-07-01 15:25:23,549 - INFO - [2022] MISSING_CENTRAL: ZG1E2Mu/Central/jets/3/eta in Skim_TriLep_WWZ.root
2026-07-01 15:25:23,552 - INFO - [2022] MISSING_CENTRAL: ZG1E2Mu/Central/jets/3/eta in Skim_TriLep_VBFHToZZTo4L.root
2026-07-01 17:37:50,317 - INFO - [2022] MISSING_CENTRAL: ZG1E2Mu/Central/jets/3/eta in Skim_TriLep_MuonEG_D.root
2026-07-01 17:37:50,357 - INFO - [2022] MISSING_CENTRAL: ZG1E2Mu/Central/jets/3/eta in Skim_TriLep_DYJets10to50.root
2026-07-01 17:37:50,358 - INFO - [2022] MISSING_CENTRAL: ZG1E2Mu/Central/jets/3/eta in Skim_TriLep_TTG_PTG10to100.root
2026-07-01 17:37:50,358 - INFO - [2022] MISSING_CENTRAL: ZG1E2Mu/Central/jets/3/eta in Skim_TriLep_TTG_PTG100to200.root
2026-07-01 17:37:50,359 - INFO - [2022] MISSING_CENTRAL: ZG1E2Mu/Central/jets/3/eta in Skim_TriLep_TTG_PTG200toInf.root
2026-07-01 17:37:50,360 - INFO - [2022] MISSING_CENTRAL: ZG1E2Mu/Central/jets/3/eta in Skim_TriLep_TTWToLNu.root
2026-07-01 17:37:50,367 - INFO - [2022] MISSING_CENTRAL: ZG1E2Mu/Central/jets/3/eta in Skim_TriLep_TTZ_M50.root
2026-07-01 17:37:50,381 - INFO - [2022] MISSING_CENTRAL: ZG1E2Mu/Central/jets/3/eta in Skim_TriLep_WZTo3LNu_powheg.root
2026-07-01 17:37:50,421 - INFO - [2022] MISSING_CENTRAL: ZG1E2Mu/Central/jets/3/eta in Skim_TriLep_WWW.root
2026-07-01 17:37:50,422 - INFO - [2022] MISSING_CENTRAL: ZG1E2Mu/Central/jets/3/eta in Skim_TriLep_WWZ.root
2026-07-01 17:37:50,443 - INFO - [2022] MISSING_CENTRAL: ZG1E2Mu/Central/jets/3/eta in Skim_TriLep_VBFHToZZTo4L.root
2026-07-01 17:37:54,482 - INFO - [2022] MISSING_CENTRAL: ZG1E2Mu/Central/jets/3/eta in Skim_TriLep_MuonEG_D.root
2026-07-01 17:37:54,523 - INFO - [2022] MISSING_CENTRAL: ZG1E2Mu/Central/jets/3/eta in Skim_TriLep_DYJets10to50.root
2026-07-01 17:37:54,525 - INFO - [2022] MISSING_CENTRAL: ZG1E2Mu/Central/jets/3/eta in Skim_TriLep_TTG_PTG10to100.root
2026-07-01 17:37:54,526 - INFO - [2022] MISSING_CENTRAL: ZG1E2Mu/Central/jets/3/eta in Skim_TriLep_TTG_PTG100to200.root
2026-07-01 17:37:54,527 - INFO - [2022] MISSING_CENTRAL: ZG1E2Mu/Central/jets/3/eta in Skim_TriLep_TTG_PTG200toInf.root
2026-07-01 17:37:54,528 - INFO - [2022] MISSING_CENTRAL: ZG1E2Mu/Central/jets/3/eta in Skim_TriLep_TTWToLNu.root
2026-07-01 17:37:54,541 - INFO - [2022] MISSING_CENTRAL: ZG1E2Mu/Central/jets/3/eta in Skim_TriLep_TTZ_M50.root
2026-07-01 17:37:54,546 - INFO - [2022] MISSING_CENTRAL: ZG1E2Mu/Central/jets/3/eta in Skim_TriLep_WZTo3LNu_powheg.root
2026-07-01 17:37:54,555 - INFO - [2022] MISSING_CENTRAL: ZG1E2Mu/Central/jets/3/eta in Skim_TriLep_WWW.root
2026-07-01 17:37:54,557 - INFO - [2022] MISSING_CENTRAL: ZG1E2Mu/Central/jets/3/eta in Skim_TriLep_WWZ.root
2026-07-01 17:37:54,562 - INFO - [2022] MISSING_CENTRAL: ZG1E2Mu/Central/jets/3/eta in Skim_TriLep_VBFHToZZTo4L.root
