process,threshold,initial_sensitivity,max_sensitivity,improvement
MHc-130_MA-90,0.76,0.8215130965721378,1.2600118179172577,0.533769605347509
