2026-01-16 19:12:42,878 - INFO - [2022] MISSING_CENTRAL: SR1E2Mu/Central/bjets/3/energy in Skim_TriLep_MuonEG_C.root
2026-01-16 19:12:42,879 - INFO - [2022] MISSING_CENTRAL: SR1E2Mu/Central/bjets/3/energy in Skim_TriLep_MuonEG_D.root
2026-01-16 19:12:42,880 - INFO - [2022EE] MISSING_CENTRAL: SR1E2Mu/Central/bjets/3/energy in Skim_TriLep_MuonEG_E.root
2026-01-16 19:12:42,880 - INFO - [2022EE] MISSING_CENTRAL: SR1E2Mu/Central/bjets/3/energy in Skim_TriLep_MuonEG_F.root
2026-01-16 19:12:42,880 - INFO - [2022EE] MISSING_CENTRAL: SR1E2Mu/Central/bjets/3/energy in Skim_TriLep_MuonEG_G.root
2026-01-16 19:12:42,881 - INFO - [2023] MISSING_CENTRAL: SR1E2Mu/Central/bjets/3/energy in Skim_TriLep_MuonEG_C_v1.root
2026-01-16 19:12:42,881 - INFO - [2023] MISSING_CENTRAL: SR1E2Mu/Central/bjets/3/energy in Skim_TriLep_MuonEG_C_v2.root
2026-01-16 19:12:42,882 - INFO - [2023] MISSING_CENTRAL: SR1E2Mu/Central/bjets/3/energy in Skim_TriLep_MuonEG_C_v3.root
2026-01-16 19:12:42,941 - INFO - [2023BPix] MISSING_CENTRAL: SR1E2Mu/Central/bjets/3/energy in Skim_TriLep_MuonEG_D_v1.root
2026-01-16 19:12:42,941 - INFO - [2023BPix] MISSING_CENTRAL: SR1E2Mu/Central/bjets/3/energy in Skim_TriLep_MuonEG_D_v2.root
2026-01-16 19:12:42,956 - INFO - [2022] MISSING_CENTRAL: SR1E2Mu/Central/bjets/3/energy in Skim_TriLep_MuonEG_D.root
2026-01-16 19:12:42,956 - INFO - [2022] MISSING_CENTRAL: SR1E2Mu/Central/bjets/3/energy in Skim_TriLep_DYJets.root
2026-01-16 19:12:42,957 - INFO - [2022] MISSING_CENTRAL: SR1E2Mu/Central/bjets/3/energy in Skim_TriLep_DYJets10to50.root
2026-01-16 19:12:42,957 - INFO - [2022] MISSING_CENTRAL: SR1E2Mu/Central/bjets/3/energy in Skim_TriLep_TTG_PTG10to100.root
2026-01-16 19:12:42,958 - INFO - [2022] MISSING_CENTRAL: SR1E2Mu/Central/bjets/3/energy in Skim_TriLep_TTG_PTG100to200.root
2026-01-16 19:12:42,958 - INFO - [2022] MISSING_CENTRAL: SR1E2Mu/Central/bjets/3/energy in Skim_TriLep_TTG_PTG200toInf.root
2026-01-16 19:12:43,008 - INFO - [2022] MISSING_CENTRAL: SR1E2Mu/Central/bjets/3/energy in Skim_TriLep_WZTo3LNu_powheg.root
2026-01-16 19:12:43,009 - INFO - [2022] MISSING_CENTRAL: SR1E2Mu/Central/bjets/3/energy in Skim_TriLep_ZZTo4L_powheg.root
2026-01-16 19:12:43,032 - INFO - [2022] MISSING_CENTRAL: SR1E2Mu/Central/bjets/3/energy in Skim_TriLep_WWW.root
2026-01-16 19:12:43,032 - INFO - [2022] MISSING_CENTRAL: SR1E2Mu/Central/bjets/3/energy in Skim_TriLep_WWZ.root
2026-01-16 19:12:43,033 - INFO - [2022] MISSING_CENTRAL: SR1E2Mu/Central/bjets/3/energy in Skim_TriLep_WZZ.root
2026-01-16 19:12:43,034 - INFO - [2022] MISSING_CENTRAL: SR1E2Mu/Central/bjets/3/energy in Skim_TriLep_ZZZ.root
2026-01-16 19:12:43,046 - INFO - [2022] MISSING_CENTRAL: SR1E2Mu/Central/bjets/3/energy in Skim_TriLep_VBFHToZZTo4L.root
2026-01-16 19:12:43,046 - INFO - [2022] MISSING_CENTRAL: SR1E2Mu/Central/bjets/3/energy in Skim_TriLep_ggHToZZTo4L.root
2026-01-16 19:12:43,047 - INFO - [2022EE] MISSING_CENTRAL: SR1E2Mu/Central/bjets/3/energy in Skim_TriLep_MuonEG_E.root
2026-01-16 19:12:43,048 - INFO - [2022EE] MISSING_CENTRAL: SR1E2Mu/Central/bjets/3/energy in Skim_TriLep_MuonEG_G.root
2026-01-16 19:12:43,049 - INFO - [2022EE] MISSING_CENTRAL: SR1E2Mu/Central/bjets/3/energy in Skim_TriLep_DYJets.root
2026-01-16 19:12:43,049 - INFO - [2022EE] MISSING_CENTRAL: SR1E2Mu/Central/bjets/3/energy in Skim_TriLep_DYJets10to50.root
2026-01-16 19:12:43,066 - INFO - [2022EE] MISSING_CENTRAL: SR1E2Mu/Central/bjets/3/energy in Skim_TriLep_TTG_PTG100to200.root
2026-01-16 19:12:43,066 - INFO - [2022EE] MISSING_CENTRAL: SR1E2Mu/Central/bjets/3/energy in Skim_TriLep_TTG_PTG200toInf.root
2026-01-16 19:12:43,067 - INFO - [2022EE] MISSING_CENTRAL: SR1E2Mu/Central/bjets/3/energy in Skim_TriLep_TTWToLNu.root
2026-01-16 19:12:43,103 - INFO - [2022EE] MISSING_CENTRAL: SR1E2Mu/Central/bjets/3/energy in Skim_TriLep_WZTo3LNu_powheg.root
2026-01-16 19:12:43,139 - INFO - [2022EE] MISSING_CENTRAL: SR1E2Mu/Central/bjets/3/energy in Skim_TriLep_WWW.root
2026-01-16 19:12:43,140 - INFO - [2022EE] MISSING_CENTRAL: SR1E2Mu/Central/bjets/3/energy in Skim_TriLep_WWZ.root
2026-01-16 19:12:43,154 - INFO - [2022EE] MISSING_SYSTEMATIC: SR1E2Mu/JetEn_Down/bjets/3/energy in Skim_TriLep_ZZZ.root
2026-01-16 19:12:43,177 - INFO - [2022EE] MISSING_CENTRAL: SR1E2Mu/Central/bjets/3/energy in Skim_TriLep_VBFHToZZTo4L.root
2026-01-16 19:12:43,177 - INFO - [2022EE] MISSING_CENTRAL: SR1E2Mu/Central/bjets/3/energy in Skim_TriLep_ggHToZZTo4L.root
2026-01-16 19:12:43,178 - INFO - [2023] MISSING_CENTRAL: SR1E2Mu/Central/bjets/3/energy in Skim_TriLep_MuonEG_C_v1.root
2026-01-16 19:12:43,179 - INFO - [2023] MISSING_CENTRAL: SR1E2Mu/Central/bjets/3/energy in Skim_TriLep_MuonEG_C_v2.root
2026-01-16 19:12:43,179 - INFO - [2023] MISSING_CENTRAL: SR1E2Mu/Central/bjets/3/energy in Skim_TriLep_MuonEG_C_v3.root
2026-01-16 19:12:43,180 - INFO - [2023] MISSING_CENTRAL: SR1E2Mu/Central/bjets/3/energy in Skim_TriLep_DYJets.root
2026-01-16 19:12:43,181 - INFO - [2023] MISSING_CENTRAL: SR1E2Mu/Central/bjets/3/energy in Skim_TriLep_DYJets10to50.root
2026-01-16 19:12:43,182 - INFO - [2023] MISSING_CENTRAL: SR1E2Mu/Central/bjets/3/energy in Skim_TriLep_TTG_PTG10to100.root
2026-01-16 19:12:43,182 - INFO - [2023] MISSING_CENTRAL: SR1E2Mu/Central/bjets/3/energy in Skim_TriLep_TTG_PTG100to200.root
2026-01-16 19:12:43,183 - INFO - [2023] MISSING_CENTRAL: SR1E2Mu/Central/bjets/3/energy in Skim_TriLep_TTG_PTG200toInf.root
2026-01-16 19:12:43,237 - INFO - [2023] MISSING_CENTRAL: SR1E2Mu/Central/bjets/3/energy in Skim_TriLep_WZTo3LNu_powheg.root
2026-01-16 19:12:43,238 - INFO - [2023] MISSING_CENTRAL: SR1E2Mu/Central/bjets/3/energy in Skim_TriLep_ZZTo4L_powheg.root
2026-01-16 19:12:43,264 - INFO - [2023] MISSING_CENTRAL: SR1E2Mu/Central/bjets/3/energy in Skim_TriLep_WWW.root
2026-01-16 19:12:43,314 - INFO - [2023] MISSING_CENTRAL: SR1E2Mu/Central/bjets/3/energy in Skim_TriLep_VBFHToZZTo4L.root
2026-01-16 19:12:43,314 - INFO - [2023] MISSING_CENTRAL: SR1E2Mu/Central/bjets/3/energy in Skim_TriLep_ggHToZZTo4L.root
2026-01-16 19:12:43,316 - INFO - [2023BPix] MISSING_CENTRAL: SR1E2Mu/Central/bjets/3/energy in Skim_TriLep_MuonEG_D_v2.root
2026-01-16 19:12:43,316 - INFO - [2023BPix] MISSING_CENTRAL: SR1E2Mu/Central/bjets/3/energy in Skim_TriLep_DYJets.root
2026-01-16 19:12:43,317 - INFO - [2023BPix] MISSING_CENTRAL: SR1E2Mu/Central/bjets/3/energy in Skim_TriLep_DYJets10to50.root
2026-01-16 19:12:43,317 - INFO - [2023BPix] MISSING_CENTRAL: SR1E2Mu/Central/bjets/3/energy in Skim_TriLep_TTG_PTG10to100.root
2026-01-16 19:12:43,318 - INFO - [2023BPix] MISSING_CENTRAL: SR1E2Mu/Central/bjets/3/energy in Skim_TriLep_TTG_PTG100to200.root
2026-01-16 19:12:43,319 - INFO - [2023BPix] MISSING_CENTRAL: SR1E2Mu/Central/bjets/3/energy in Skim_TriLep_TTG_PTG200toInf.root
2026-01-16 19:12:43,369 - INFO - [2023BPix] MISSING_CENTRAL: SR1E2Mu/Central/bjets/3/energy in Skim_TriLep_WZTo3LNu_powheg.root
2026-01-16 19:12:43,370 - INFO - [2023BPix] MISSING_CENTRAL: SR1E2Mu/Central/bjets/3/energy in Skim_TriLep_ZZTo4L_powheg.root
2026-01-16 19:12:43,395 - INFO - [2023BPix] MISSING_CENTRAL: SR1E2Mu/Central/bjets/3/energy in Skim_TriLep_WWW.root
2026-01-16 19:12:43,396 - INFO - [2023BPix] MISSING_CENTRAL: SR1E2Mu/Central/bjets/3/energy in Skim_TriLep_WWZ.root
2026-01-16 19:12:43,441 - INFO - [2023BPix] MISSING_CENTRAL: SR1E2Mu/Central/bjets/3/energy in Skim_TriLep_VBFHToZZTo4L.root
2026-01-16 19:12:43,442 - INFO - [2023BPix] MISSING_CENTRAL: SR1E2Mu/Central/bjets/3/energy in Skim_TriLep_ggHToZZTo4L.root
2026-01-21 13:02:01,467 - INFO - [2022] MISSING_CENTRAL: SR1E2Mu/Central/bjets/3/energy in Skim_TriLep_MuonEG_C.root
2026-01-21 13:02:01,468 - INFO - [2022] MISSING_CENTRAL: SR1E2Mu/Central/bjets/3/energy in Skim_TriLep_MuonEG_D.root
2026-01-21 13:02:01,469 - INFO - [2022EE] MISSING_CENTRAL: SR1E2Mu/Central/bjets/3/energy in Skim_TriLep_MuonEG_E.root
2026-01-21 13:02:01,469 - INFO - [2022EE] MISSING_CENTRAL: SR1E2Mu/Central/bjets/3/energy in Skim_TriLep_MuonEG_F.root
2026-01-21 13:02:01,470 - INFO - [2022EE] MISSING_CENTRAL: SR1E2Mu/Central/bjets/3/energy in Skim_TriLep_MuonEG_G.root
2026-01-21 13:02:01,470 - INFO - [2023] MISSING_CENTRAL: SR1E2Mu/Central/bjets/3/energy in Skim_TriLep_MuonEG_C_v1.root
2026-01-21 13:02:01,471 - INFO - [2023] MISSING_CENTRAL: SR1E2Mu/Central/bjets/3/energy in Skim_TriLep_MuonEG_C_v2.root
2026-01-21 13:02:01,471 - INFO - [2023] MISSING_CENTRAL: SR1E2Mu/Central/bjets/3/energy in Skim_TriLep_MuonEG_C_v3.root
2026-01-21 13:02:01,529 - INFO - [2023BPix] MISSING_CENTRAL: SR1E2Mu/Central/bjets/3/energy in Skim_TriLep_MuonEG_D_v1.root
2026-01-21 13:02:01,530 - INFO - [2023BPix] MISSING_CENTRAL: SR1E2Mu/Central/bjets/3/energy in Skim_TriLep_MuonEG_D_v2.root
2026-01-21 13:02:01,545 - INFO - [2022] MISSING_CENTRAL: SR1E2Mu/Central/bjets/3/energy in Skim_TriLep_MuonEG_D.root
2026-01-21 13:02:01,545 - INFO - [2022] MISSING_CENTRAL: SR1E2Mu/Central/bjets/3/energy in Skim_TriLep_DYJets.root
2026-01-21 13:02:01,546 - INFO - [2022] MISSING_CENTRAL: SR1E2Mu/Central/bjets/3/energy in Skim_TriLep_DYJets10to50.root
2026-01-21 13:02:01,546 - INFO - [2022] MISSING_CENTRAL: SR1E2Mu/Central/bjets/3/energy in Skim_TriLep_TTG_PTG10to100.root
2026-01-21 13:02:01,547 - INFO - [2022] MISSING_CENTRAL: SR1E2Mu/Central/bjets/3/energy in Skim_TriLep_TTG_PTG100to200.root
2026-01-21 13:02:01,547 - INFO - [2022] MISSING_CENTRAL: SR1E2Mu/Central/bjets/3/energy in Skim_TriLep_TTG_PTG200toInf.root
2026-01-21 13:02:01,598 - INFO - [2022] MISSING_CENTRAL: SR1E2Mu/Central/bjets/3/energy in Skim_TriLep_WZTo3LNu_powheg.root
2026-01-21 13:02:01,599 - INFO - [2022] MISSING_CENTRAL: SR1E2Mu/Central/bjets/3/energy in Skim_TriLep_ZZTo4L_powheg.root
2026-01-21 13:02:01,622 - INFO - [2022] MISSING_CENTRAL: SR1E2Mu/Central/bjets/3/energy in Skim_TriLep_WWW.root
2026-01-21 13:02:01,622 - INFO - [2022] MISSING_CENTRAL: SR1E2Mu/Central/bjets/3/energy in Skim_TriLep_WWZ.root
2026-01-21 13:02:01,623 - INFO - [2022] MISSING_CENTRAL: SR1E2Mu/Central/bjets/3/energy in Skim_TriLep_WZZ.root
2026-01-21 13:02:01,623 - INFO - [2022] MISSING_CENTRAL: SR1E2Mu/Central/bjets/3/energy in Skim_TriLep_ZZZ.root
2026-01-21 13:02:01,640 - INFO - [2022] MISSING_CENTRAL: SR1E2Mu/Central/bjets/3/energy in Skim_TriLep_VBFHToZZTo4L.root
2026-01-21 13:02:01,641 - INFO - [2022] MISSING_CENTRAL: SR1E2Mu/Central/bjets/3/energy in Skim_TriLep_ggHToZZTo4L.root
2026-01-21 13:02:01,644 - INFO - [2022EE] MISSING_CENTRAL: SR1E2Mu/Central/bjets/3/energy in Skim_TriLep_MuonEG_E.root
2026-01-21 13:02:01,645 - INFO - [2022EE] MISSING_CENTRAL: SR1E2Mu/Central/bjets/3/energy in Skim_TriLep_MuonEG_G.root
2026-01-21 13:02:01,646 - INFO - [2022EE] MISSING_CENTRAL: SR1E2Mu/Central/bjets/3/energy in Skim_TriLep_DYJets.root
2026-01-21 13:02:01,646 - INFO - [2022EE] MISSING_CENTRAL: SR1E2Mu/Central/bjets/3/energy in Skim_TriLep_DYJets10to50.root
2026-01-21 13:02:01,675 - INFO - [2022EE] MISSING_CENTRAL: SR1E2Mu/Central/bjets/3/energy in Skim_TriLep_TTG_PTG100to200.root
2026-01-21 13:02:01,676 - INFO - [2022EE] MISSING_CENTRAL: SR1E2Mu/Central/bjets/3/energy in Skim_TriLep_TTG_PTG200toInf.root
2026-01-21 13:02:01,676 - INFO - [2022EE] MISSING_CENTRAL: SR1E2Mu/Central/bjets/3/energy in Skim_TriLep_TTWToLNu.root
2026-01-21 13:02:01,713 - INFO - [2022EE] MISSING_CENTRAL: SR1E2Mu/Central/bjets/3/energy in Skim_TriLep_WZTo3LNu_powheg.root
2026-01-21 13:02:01,749 - INFO - [2022EE] MISSING_CENTRAL: SR1E2Mu/Central/bjets/3/energy in Skim_TriLep_WWW.root
2026-01-21 13:02:01,749 - INFO - [2022EE] MISSING_CENTRAL: SR1E2Mu/Central/bjets/3/energy in Skim_TriLep_WWZ.root
2026-01-21 13:02:01,763 - INFO - [2022EE] MISSING_SYSTEMATIC: SR1E2Mu/JetEn_Down/bjets/3/energy in Skim_TriLep_ZZZ.root
2026-01-21 13:02:01,785 - INFO - [2022EE] MISSING_CENTRAL: SR1E2Mu/Central/bjets/3/energy in Skim_TriLep_VBFHToZZTo4L.root
2026-01-21 13:02:01,786 - INFO - [2022EE] MISSING_CENTRAL: SR1E2Mu/Central/bjets/3/energy in Skim_TriLep_ggHToZZTo4L.root
2026-01-21 13:02:01,786 - INFO - [2023] MISSING_CENTRAL: SR1E2Mu/Central/bjets/3/energy in Skim_TriLep_MuonEG_C_v1.root
2026-01-21 13:02:01,787 - INFO - [2023] MISSING_CENTRAL: SR1E2Mu/Central/bjets/3/energy in Skim_TriLep_MuonEG_C_v2.root
2026-01-21 13:02:01,787 - INFO - [2023] MISSING_CENTRAL: SR1E2Mu/Central/bjets/3/energy in Skim_TriLep_MuonEG_C_v3.root
2026-01-21 13:02:01,789 - INFO - [2023] MISSING_CENTRAL: SR1E2Mu/Central/bjets/3/energy in Skim_TriLep_DYJets.root
2026-01-21 13:02:01,789 - INFO - [2023] MISSING_CENTRAL: SR1E2Mu/Central/bjets/3/energy in Skim_TriLep_DYJets10to50.root
2026-01-21 13:02:01,790 - INFO - [2023] MISSING_CENTRAL: SR1E2Mu/Central/bjets/3/energy in Skim_TriLep_TTG_PTG10to100.root
2026-01-21 13:02:01,790 - INFO - [2023] MISSING_CENTRAL: SR1E2Mu/Central/bjets/3/energy in Skim_TriLep_TTG_PTG100to200.root
2026-01-21 13:02:01,791 - INFO - [2023] MISSING_CENTRAL: SR1E2Mu/Central/bjets/3/energy in Skim_TriLep_TTG_PTG200toInf.root
2026-01-21 13:02:01,840 - INFO - [2023] MISSING_CENTRAL: SR1E2Mu/Central/bjets/3/energy in Skim_TriLep_WZTo3LNu_powheg.root
2026-01-21 13:02:01,840 - INFO - [2023] MISSING_CENTRAL: SR1E2Mu/Central/bjets/3/energy in Skim_TriLep_ZZTo4L_powheg.root
2026-01-21 13:02:01,866 - INFO - [2023] MISSING_CENTRAL: SR1E2Mu/Central/bjets/3/energy in Skim_TriLep_WWW.root
2026-01-21 13:02:01,914 - INFO - [2023] MISSING_CENTRAL: SR1E2Mu/Central/bjets/3/energy in Skim_TriLep_VBFHToZZTo4L.root
2026-01-21 13:02:01,915 - INFO - [2023] MISSING_CENTRAL: SR1E2Mu/Central/bjets/3/energy in Skim_TriLep_ggHToZZTo4L.root
2026-01-21 13:02:01,916 - INFO - [2023BPix] MISSING_CENTRAL: SR1E2Mu/Central/bjets/3/energy in Skim_TriLep_MuonEG_D_v2.root
2026-01-21 13:02:01,917 - INFO - [2023BPix] MISSING_CENTRAL: SR1E2Mu/Central/bjets/3/energy in Skim_TriLep_DYJets.root
2026-01-21 13:02:01,917 - INFO - [2023BPix] MISSING_CENTRAL: SR1E2Mu/Central/bjets/3/energy in Skim_TriLep_DYJets10to50.root
2026-01-21 13:02:01,918 - INFO - [2023BPix] MISSING_CENTRAL: SR1E2Mu/Central/bjets/3/energy in Skim_TriLep_TTG_PTG10to100.root
2026-01-21 13:02:01,919 - INFO - [2023BPix] MISSING_CENTRAL: SR1E2Mu/Central/bjets/3/energy in Skim_TriLep_TTG_PTG100to200.root
2026-01-21 13:02:01,919 - INFO - [2023BPix] MISSING_CENTRAL: SR1E2Mu/Central/bjets/3/energy in Skim_TriLep_TTG_PTG200toInf.root
2026-01-21 13:02:01,967 - INFO - [2023BPix] MISSING_CENTRAL: SR1E2Mu/Central/bjets/3/energy in Skim_TriLep_WZTo3LNu_powheg.root
2026-01-21 13:02:01,968 - INFO - [2023BPix] MISSING_CENTRAL: SR1E2Mu/Central/bjets/3/energy in Skim_TriLep_ZZTo4L_powheg.root
2026-01-21 13:02:01,993 - INFO - [2023BPix] MISSING_CENTRAL: SR1E2Mu/Central/bjets/3/energy in Skim_TriLep_WWW.root
2026-01-21 13:02:01,994 - INFO - [2023BPix] MISSING_CENTRAL: SR1E2Mu/Central/bjets/3/energy in Skim_TriLep_WWZ.root
2026-01-21 13:02:02,030 - INFO - [2023BPix] MISSING_CENTRAL: SR1E2Mu/Central/bjets/3/energy in Skim_TriLep_VBFHToZZTo4L.root
2026-01-21 13:02:02,031 - INFO - [2023BPix] MISSING_CENTRAL: SR1E2Mu/Central/bjets/3/energy in Skim_TriLep_ggHToZZTo4L.root
2026-01-21 14:50:29,825 - INFO - [2022] MISSING_CENTRAL: SR1E2Mu/Central/bjets/3/energy in Skim_TriLep_MuonEG_C.root
2026-01-21 14:50:29,826 - INFO - [2022] MISSING_CENTRAL: SR1E2Mu/Central/bjets/3/energy in Skim_TriLep_MuonEG_D.root
2026-01-21 14:50:29,827 - INFO - [2022EE] MISSING_CENTRAL: SR1E2Mu/Central/bjets/3/energy in Skim_TriLep_MuonEG_E.root
2026-01-21 14:50:29,827 - INFO - [2022EE] MISSING_CENTRAL: SR1E2Mu/Central/bjets/3/energy in Skim_TriLep_MuonEG_F.root
2026-01-21 14:50:29,828 - INFO - [2022EE] MISSING_CENTRAL: SR1E2Mu/Central/bjets/3/energy in Skim_TriLep_MuonEG_G.root
2026-01-21 14:50:29,828 - INFO - [2023] MISSING_CENTRAL: SR1E2Mu/Central/bjets/3/energy in Skim_TriLep_MuonEG_C_v1.root
2026-01-21 14:50:29,829 - INFO - [2023] MISSING_CENTRAL: SR1E2Mu/Central/bjets/3/energy in Skim_TriLep_MuonEG_C_v2.root
2026-01-21 14:50:29,829 - INFO - [2023] MISSING_CENTRAL: SR1E2Mu/Central/bjets/3/energy in Skim_TriLep_MuonEG_C_v3.root
2026-01-21 14:50:29,883 - INFO - [2023BPix] MISSING_CENTRAL: SR1E2Mu/Central/bjets/3/energy in Skim_TriLep_MuonEG_D_v1.root
2026-01-21 14:50:29,883 - INFO - [2023BPix] MISSING_CENTRAL: SR1E2Mu/Central/bjets/3/energy in Skim_TriLep_MuonEG_D_v2.root
2026-01-21 14:50:29,896 - INFO - [2022] MISSING_CENTRAL: SR1E2Mu/Central/bjets/3/energy in Skim_TriLep_MuonEG_D.root
2026-01-21 14:50:29,897 - INFO - [2022] MISSING_CENTRAL: SR1E2Mu/Central/bjets/3/energy in Skim_TriLep_DYJets.root
2026-01-21 14:50:29,897 - INFO - [2022] MISSING_CENTRAL: SR1E2Mu/Central/bjets/3/energy in Skim_TriLep_DYJets10to50.root
2026-01-21 14:50:29,898 - INFO - [2022] MISSING_CENTRAL: SR1E2Mu/Central/bjets/3/energy in Skim_TriLep_TTG_PTG10to100.root
2026-01-21 14:50:29,898 - INFO - [2022] MISSING_CENTRAL: SR1E2Mu/Central/bjets/3/energy in Skim_TriLep_TTG_PTG100to200.root
2026-01-21 14:50:29,899 - INFO - [2022] MISSING_CENTRAL: SR1E2Mu/Central/bjets/3/energy in Skim_TriLep_TTG_PTG200toInf.root
2026-01-21 14:50:29,948 - INFO - [2022] MISSING_CENTRAL: SR1E2Mu/Central/bjets/3/energy in Skim_TriLep_WZTo3LNu_powheg.root
2026-01-21 14:50:29,949 - INFO - [2022] MISSING_CENTRAL: SR1E2Mu/Central/bjets/3/energy in Skim_TriLep_ZZTo4L_powheg.root
2026-01-21 14:50:29,971 - INFO - [2022] MISSING_CENTRAL: SR1E2Mu/Central/bjets/3/energy in Skim_TriLep_WWW.root
2026-01-21 14:50:29,972 - INFO - [2022] MISSING_CENTRAL: SR1E2Mu/Central/bjets/3/energy in Skim_TriLep_WWZ.root
2026-01-21 14:50:29,973 - INFO - [2022] MISSING_CENTRAL: SR1E2Mu/Central/bjets/3/energy in Skim_TriLep_WZZ.root
2026-01-21 14:50:29,973 - INFO - [2022] MISSING_CENTRAL: SR1E2Mu/Central/bjets/3/energy in Skim_TriLep_ZZZ.root
2026-01-21 14:50:29,986 - INFO - [2022] MISSING_CENTRAL: SR1E2Mu/Central/bjets/3/energy in Skim_TriLep_VBFHToZZTo4L.root
2026-01-21 14:50:29,986 - INFO - [2022] MISSING_CENTRAL: SR1E2Mu/Central/bjets/3/energy in Skim_TriLep_ggHToZZTo4L.root
2026-01-21 14:50:29,987 - INFO - [2022EE] MISSING_CENTRAL: SR1E2Mu/Central/bjets/3/energy in Skim_TriLep_MuonEG_E.root
2026-01-21 14:50:29,988 - INFO - [2022EE] MISSING_CENTRAL: SR1E2Mu/Central/bjets/3/energy in Skim_TriLep_MuonEG_G.root
2026-01-21 14:50:29,988 - INFO - [2022EE] MISSING_CENTRAL: SR1E2Mu/Central/bjets/3/energy in Skim_TriLep_DYJets.root
2026-01-21 14:50:29,989 - INFO - [2022EE] MISSING_CENTRAL: SR1E2Mu/Central/bjets/3/energy in Skim_TriLep_DYJets10to50.root
2026-01-21 14:50:30,007 - INFO - [2022EE] MISSING_CENTRAL: SR1E2Mu/Central/bjets/3/energy in Skim_TriLep_TTG_PTG100to200.root
2026-01-21 14:50:30,008 - INFO - [2022EE] MISSING_CENTRAL: SR1E2Mu/Central/bjets/3/energy in Skim_TriLep_TTG_PTG200toInf.root
2026-01-21 14:50:30,008 - INFO - [2022EE] MISSING_CENTRAL: SR1E2Mu/Central/bjets/3/energy in Skim_TriLep_TTWToLNu.root
2026-01-21 14:50:30,057 - INFO - [2022EE] MISSING_CENTRAL: SR1E2Mu/Central/bjets/3/energy in Skim_TriLep_WZTo3LNu_powheg.root
2026-01-21 14:50:30,092 - INFO - [2022EE] MISSING_CENTRAL: SR1E2Mu/Central/bjets/3/energy in Skim_TriLep_WWW.root
2026-01-21 14:50:30,093 - INFO - [2022EE] MISSING_CENTRAL: SR1E2Mu/Central/bjets/3/energy in Skim_TriLep_WWZ.root
2026-01-21 14:50:30,106 - INFO - [2022EE] MISSING_SYSTEMATIC: SR1E2Mu/JetEn_Down/bjets/3/energy in Skim_TriLep_ZZZ.root
2026-01-21 14:50:30,127 - INFO - [2022EE] MISSING_CENTRAL: SR1E2Mu/Central/bjets/3/energy in Skim_TriLep_VBFHToZZTo4L.root
2026-01-21 14:50:30,128 - INFO - [2022EE] MISSING_CENTRAL: SR1E2Mu/Central/bjets/3/energy in Skim_TriLep_ggHToZZTo4L.root
2026-01-21 14:50:30,129 - INFO - [2023] MISSING_CENTRAL: SR1E2Mu/Central/bjets/3/energy in Skim_TriLep_MuonEG_C_v1.root
2026-01-21 14:50:30,129 - INFO - [2023] MISSING_CENTRAL: SR1E2Mu/Central/bjets/3/energy in Skim_TriLep_MuonEG_C_v2.root
2026-01-21 14:50:30,130 - INFO - [2023] MISSING_CENTRAL: SR1E2Mu/Central/bjets/3/energy in Skim_TriLep_MuonEG_C_v3.root
2026-01-21 14:50:30,131 - INFO - [2023] MISSING_CENTRAL: SR1E2Mu/Central/bjets/3/energy in Skim_TriLep_DYJets.root
2026-01-21 14:50:30,132 - INFO - [2023] MISSING_CENTRAL: SR1E2Mu/Central/bjets/3/energy in Skim_TriLep_DYJets10to50.root
2026-01-21 14:50:30,132 - INFO - [2023] MISSING_CENTRAL: SR1E2Mu/Central/bjets/3/energy in Skim_TriLep_TTG_PTG10to100.root
2026-01-21 14:50:30,133 - INFO - [2023] MISSING_CENTRAL: SR1E2Mu/Central/bjets/3/energy in Skim_TriLep_TTG_PTG100to200.root
2026-01-21 14:50:30,133 - INFO - [2023] MISSING_CENTRAL: SR1E2Mu/Central/bjets/3/energy in Skim_TriLep_TTG_PTG200toInf.root
2026-01-21 14:50:30,180 - INFO - [2023] MISSING_CENTRAL: SR1E2Mu/Central/bjets/3/energy in Skim_TriLep_WZTo3LNu_powheg.root
2026-01-21 14:50:30,181 - INFO - [2023] MISSING_CENTRAL: SR1E2Mu/Central/bjets/3/energy in Skim_TriLep_ZZTo4L_powheg.root
2026-01-21 14:50:30,206 - INFO - [2023] MISSING_CENTRAL: SR1E2Mu/Central/bjets/3/energy in Skim_TriLep_WWW.root
2026-01-21 14:50:30,254 - INFO - [2023] MISSING_CENTRAL: SR1E2Mu/Central/bjets/3/energy in Skim_TriLep_VBFHToZZTo4L.root
2026-01-21 14:50:30,254 - INFO - [2023] MISSING_CENTRAL: SR1E2Mu/Central/bjets/3/energy in Skim_TriLep_ggHToZZTo4L.root
2026-01-21 14:50:30,256 - INFO - [2023BPix] MISSING_CENTRAL: SR1E2Mu/Central/bjets/3/energy in Skim_TriLep_MuonEG_D_v2.root
2026-01-21 14:50:30,256 - INFO - [2023BPix] MISSING_CENTRAL: SR1E2Mu/Central/bjets/3/energy in Skim_TriLep_DYJets.root
2026-01-21 14:50:30,257 - INFO - [2023BPix] MISSING_CENTRAL: SR1E2Mu/Central/bjets/3/energy in Skim_TriLep_DYJets10to50.root
2026-01-21 14:50:30,258 - INFO - [2023BPix] MISSING_CENTRAL: SR1E2Mu/Central/bjets/3/energy in Skim_TriLep_TTG_PTG10to100.root
2026-01-21 14:50:30,258 - INFO - [2023BPix] MISSING_CENTRAL: SR1E2Mu/Central/bjets/3/energy in Skim_TriLep_TTG_PTG100to200.root
2026-01-21 14:50:30,259 - INFO - [2023BPix] MISSING_CENTRAL: SR1E2Mu/Central/bjets/3/energy in Skim_TriLep_TTG_PTG200toInf.root
2026-01-21 14:50:30,307 - INFO - [2023BPix] MISSING_CENTRAL: SR1E2Mu/Central/bjets/3/energy in Skim_TriLep_WZTo3LNu_powheg.root
2026-01-21 14:50:30,308 - INFO - [2023BPix] MISSING_CENTRAL: SR1E2Mu/Central/bjets/3/energy in Skim_TriLep_ZZTo4L_powheg.root
2026-01-21 14:50:30,333 - INFO - [2023BPix] MISSING_CENTRAL: SR1E2Mu/Central/bjets/3/energy in Skim_TriLep_WWW.root
2026-01-21 14:50:30,334 - INFO - [2023BPix] MISSING_CENTRAL: SR1E2Mu/Central/bjets/3/energy in Skim_TriLep_WWZ.root
2026-01-21 14:50:30,371 - INFO - [2023BPix] MISSING_CENTRAL: SR1E2Mu/Central/bjets/3/energy in Skim_TriLep_VBFHToZZTo4L.root
2026-01-21 14:50:30,372 - INFO - [2023BPix] MISSING_CENTRAL: SR1E2Mu/Central/bjets/3/energy in Skim_TriLep_ggHToZZTo4L.root
2026-01-28 17:09:31,498 - INFO - [2022] MISSING_CENTRAL: SR1E2Mu/Central/bjets/3/energy in Skim_TriLep_MuonEG_C.root
2026-01-28 17:09:31,499 - INFO - [2022] MISSING_CENTRAL: SR1E2Mu/Central/bjets/3/energy in Skim_TriLep_MuonEG_D.root
2026-01-28 17:09:31,499 - INFO - [2022EE] MISSING_CENTRAL: SR1E2Mu/Central/bjets/3/energy in Skim_TriLep_MuonEG_E.root
2026-01-28 17:09:31,499 - INFO - [2022EE] MISSING_CENTRAL: SR1E2Mu/Central/bjets/3/energy in Skim_TriLep_MuonEG_F.root
2026-01-28 17:09:31,500 - INFO - [2022EE] MISSING_CENTRAL: SR1E2Mu/Central/bjets/3/energy in Skim_TriLep_MuonEG_G.root
2026-01-28 17:09:31,500 - INFO - [2023] MISSING_CENTRAL: SR1E2Mu/Central/bjets/3/energy in Skim_TriLep_MuonEG_C_v1.root
2026-01-28 17:09:31,501 - INFO - [2023] MISSING_CENTRAL: SR1E2Mu/Central/bjets/3/energy in Skim_TriLep_MuonEG_C_v2.root
2026-01-28 17:09:31,501 - INFO - [2023] MISSING_CENTRAL: SR1E2Mu/Central/bjets/3/energy in Skim_TriLep_MuonEG_C_v3.root
2026-01-28 17:09:31,558 - INFO - [2023BPix] MISSING_CENTRAL: SR1E2Mu/Central/bjets/3/energy in Skim_TriLep_MuonEG_D_v1.root
2026-01-28 17:09:31,559 - INFO - [2023BPix] MISSING_CENTRAL: SR1E2Mu/Central/bjets/3/energy in Skim_TriLep_MuonEG_D_v2.root
2026-01-28 17:09:31,573 - INFO - [2022] MISSING_CENTRAL: SR1E2Mu/Central/bjets/3/energy in Skim_TriLep_MuonEG_D.root
2026-01-28 17:09:31,573 - INFO - [2022] MISSING_CENTRAL: SR1E2Mu/Central/bjets/3/energy in Skim_TriLep_DYJets.root
2026-01-28 17:09:31,574 - INFO - [2022] MISSING_CENTRAL: SR1E2Mu/Central/bjets/3/energy in Skim_TriLep_DYJets10to50.root
2026-01-28 17:09:31,574 - INFO - [2022] MISSING_CENTRAL: SR1E2Mu/Central/bjets/3/energy in Skim_TriLep_TTG_PTG10to100.root
2026-01-28 17:09:31,575 - INFO - [2022] MISSING_CENTRAL: SR1E2Mu/Central/bjets/3/energy in Skim_TriLep_TTG_PTG100to200.root
2026-01-28 17:09:31,576 - INFO - [2022] MISSING_CENTRAL: SR1E2Mu/Central/bjets/3/energy in Skim_TriLep_TTG_PTG200toInf.root
2026-01-28 17:09:31,698 - INFO - [2022] MISSING_CENTRAL: SR1E2Mu/Central/bjets/3/energy in Skim_TriLep_WZTo3LNu_powheg.root
2026-01-28 17:09:31,699 - INFO - [2022] MISSING_CENTRAL: SR1E2Mu/Central/bjets/3/energy in Skim_TriLep_ZZTo4L_powheg.root
2026-01-28 17:09:31,721 - INFO - [2022] MISSING_CENTRAL: SR1E2Mu/Central/bjets/3/energy in Skim_TriLep_WWW.root
2026-01-28 17:09:31,722 - INFO - [2022] MISSING_CENTRAL: SR1E2Mu/Central/bjets/3/energy in Skim_TriLep_WWZ.root
2026-01-28 17:09:31,723 - INFO - [2022] MISSING_CENTRAL: SR1E2Mu/Central/bjets/3/energy in Skim_TriLep_WZZ.root
2026-01-28 17:09:31,723 - INFO - [2022] MISSING_CENTRAL: SR1E2Mu/Central/bjets/3/energy in Skim_TriLep_ZZZ.root
2026-01-28 17:09:31,746 - INFO - [2022] MISSING_CENTRAL: SR1E2Mu/Central/bjets/3/energy in Skim_TriLep_VBFHToZZTo4L.root
2026-01-28 17:09:31,747 - INFO - [2022] MISSING_CENTRAL: SR1E2Mu/Central/bjets/3/energy in Skim_TriLep_ggHToZZTo4L.root
2026-01-28 17:09:31,747 - INFO - [2022EE] MISSING_CENTRAL: SR1E2Mu/Central/bjets/3/energy in Skim_TriLep_MuonEG_E.root
2026-01-28 17:09:31,749 - INFO - [2022EE] MISSING_CENTRAL: SR1E2Mu/Central/bjets/3/energy in Skim_TriLep_MuonEG_G.root
2026-01-28 17:09:31,750 - INFO - [2022EE] MISSING_CENTRAL: SR1E2Mu/Central/bjets/3/energy in Skim_TriLep_DYJets.root
2026-01-28 17:09:31,750 - INFO - [2022EE] MISSING_CENTRAL: SR1E2Mu/Central/bjets/3/energy in Skim_TriLep_DYJets10to50.root
2026-01-28 17:09:31,772 - INFO - [2022EE] MISSING_CENTRAL: SR1E2Mu/Central/bjets/3/energy in Skim_TriLep_TTG_PTG100to200.root
2026-01-28 17:09:31,773 - INFO - [2022EE] MISSING_CENTRAL: SR1E2Mu/Central/bjets/3/energy in Skim_TriLep_TTG_PTG200toInf.root
2026-01-28 17:09:31,773 - INFO - [2022EE] MISSING_CENTRAL: SR1E2Mu/Central/bjets/3/energy in Skim_TriLep_TTWToLNu.root
2026-01-28 17:09:31,935 - INFO - [2022EE] MISSING_CENTRAL: SR1E2Mu/Central/bjets/3/energy in Skim_TriLep_WWW.root
2026-01-28 17:09:31,935 - INFO - [2022EE] MISSING_CENTRAL: SR1E2Mu/Central/bjets/3/energy in Skim_TriLep_WWZ.root
2026-01-28 17:09:31,959 - INFO - [2022EE] MISSING_CENTRAL: SR1E2Mu/Central/bjets/3/energy in Skim_TriLep_ZZZ.root
2026-01-28 17:09:31,984 - INFO - [2022EE] MISSING_CENTRAL: SR1E2Mu/Central/bjets/3/energy in Skim_TriLep_VBFHToZZTo4L.root
2026-01-28 17:09:31,985 - INFO - [2022EE] MISSING_CENTRAL: SR1E2Mu/Central/bjets/3/energy in Skim_TriLep_ggHToZZTo4L.root
2026-01-28 17:09:31,985 - INFO - [2023] MISSING_CENTRAL: SR1E2Mu/Central/bjets/3/energy in Skim_TriLep_MuonEG_C_v1.root
2026-01-28 17:09:31,986 - INFO - [2023] MISSING_CENTRAL: SR1E2Mu/Central/bjets/3/energy in Skim_TriLep_MuonEG_C_v2.root
2026-01-28 17:09:31,987 - INFO - [2023] MISSING_CENTRAL: SR1E2Mu/Central/bjets/3/energy in Skim_TriLep_MuonEG_C_v3.root
2026-01-28 17:09:31,989 - INFO - [2023] MISSING_CENTRAL: SR1E2Mu/Central/bjets/3/energy in Skim_TriLep_DYJets.root
2026-01-28 17:09:31,990 - INFO - [2023] MISSING_CENTRAL: SR1E2Mu/Central/bjets/3/energy in Skim_TriLep_DYJets10to50.root
2026-01-28 17:09:31,990 - INFO - [2023] MISSING_CENTRAL: SR1E2Mu/Central/bjets/3/energy in Skim_TriLep_TTG_PTG10to100.root
2026-01-28 17:09:31,991 - INFO - [2023] MISSING_CENTRAL: SR1E2Mu/Central/bjets/3/energy in Skim_TriLep_TTG_PTG100to200.root
2026-01-28 17:09:31,992 - INFO - [2023] MISSING_CENTRAL: SR1E2Mu/Central/bjets/3/energy in Skim_TriLep_TTG_PTG200toInf.root
2026-01-28 17:09:32,115 - INFO - [2023] MISSING_CENTRAL: SR1E2Mu/Central/bjets/3/energy in Skim_TriLep_WZTo3LNu_powheg.root
2026-01-28 17:09:32,116 - INFO - [2023] MISSING_CENTRAL: SR1E2Mu/Central/bjets/3/energy in Skim_TriLep_ZZTo4L_powheg.root
2026-01-28 17:09:32,140 - INFO - [2023] MISSING_CENTRAL: SR1E2Mu/Central/bjets/3/energy in Skim_TriLep_WWW.root
2026-01-28 17:09:32,235 - INFO - [2023] MISSING_CENTRAL: SR1E2Mu/Central/bjets/3/energy in Skim_TriLep_VBFHToZZTo4L.root
2026-01-28 17:09:32,236 - INFO - [2023] MISSING_CENTRAL: SR1E2Mu/Central/bjets/3/energy in Skim_TriLep_ggHToZZTo4L.root
2026-01-28 17:09:32,238 - INFO - [2023BPix] MISSING_CENTRAL: SR1E2Mu/Central/bjets/3/energy in Skim_TriLep_MuonEG_D_v2.root
2026-01-28 17:09:32,238 - INFO - [2023BPix] MISSING_CENTRAL: SR1E2Mu/Central/bjets/3/energy in Skim_TriLep_DYJets.root
2026-01-28 17:09:32,239 - INFO - [2023BPix] MISSING_CENTRAL: SR1E2Mu/Central/bjets/3/energy in Skim_TriLep_DYJets10to50.root
2026-01-28 17:09:32,239 - INFO - [2023BPix] MISSING_CENTRAL: SR1E2Mu/Central/bjets/3/energy in Skim_TriLep_TTG_PTG10to100.root
2026-01-28 17:09:32,240 - INFO - [2023BPix] MISSING_CENTRAL: SR1E2Mu/Central/bjets/3/energy in Skim_TriLep_TTG_PTG100to200.root
2026-01-28 17:09:32,241 - INFO - [2023BPix] MISSING_CENTRAL: SR1E2Mu/Central/bjets/3/energy in Skim_TriLep_TTG_PTG200toInf.root
2026-01-28 17:09:32,364 - INFO - [2023BPix] MISSING_CENTRAL: SR1E2Mu/Central/bjets/3/energy in Skim_TriLep_WZTo3LNu_powheg.root
2026-01-28 17:09:32,365 - INFO - [2023BPix] MISSING_CENTRAL: SR1E2Mu/Central/bjets/3/energy in Skim_TriLep_ZZTo4L_powheg.root
2026-01-28 17:09:32,390 - INFO - [2023BPix] MISSING_CENTRAL: SR1E2Mu/Central/bjets/3/energy in Skim_TriLep_WWW.root
2026-01-28 17:09:32,391 - INFO - [2023BPix] MISSING_CENTRAL: SR1E2Mu/Central/bjets/3/energy in Skim_TriLep_WWZ.root
2026-01-28 17:09:32,465 - INFO - [2023BPix] MISSING_CENTRAL: SR1E2Mu/Central/bjets/3/energy in Skim_TriLep_VBFHToZZTo4L.root
2026-01-28 17:09:32,467 - INFO - [2023BPix] MISSING_CENTRAL: SR1E2Mu/Central/bjets/3/energy in Skim_TriLep_ggHToZZTo4L.root
2026-01-28 17:30:01,164 - INFO - [2022] MISSING_CENTRAL: SR1E2Mu/Central/bjets/3/energy in Skim_TriLep_MuonEG_C.root
2026-01-28 17:30:01,165 - INFO - [2022] MISSING_CENTRAL: SR1E2Mu/Central/bjets/3/energy in Skim_TriLep_MuonEG_D.root
2026-01-28 17:30:01,165 - INFO - [2022EE] MISSING_CENTRAL: SR1E2Mu/Central/bjets/3/energy in Skim_TriLep_MuonEG_E.root
2026-01-28 17:30:01,166 - INFO - [2022EE] MISSING_CENTRAL: SR1E2Mu/Central/bjets/3/energy in Skim_TriLep_MuonEG_F.root
2026-01-28 17:30:01,168 - INFO - [2022EE] MISSING_CENTRAL: SR1E2Mu/Central/bjets/3/energy in Skim_TriLep_MuonEG_G.root
2026-01-28 17:30:01,169 - INFO - [2023] MISSING_CENTRAL: SR1E2Mu/Central/bjets/3/energy in Skim_TriLep_MuonEG_C_v1.root
2026-01-28 17:30:01,170 - INFO - [2023] MISSING_CENTRAL: SR1E2Mu/Central/bjets/3/energy in Skim_TriLep_MuonEG_C_v2.root
2026-01-28 17:30:01,170 - INFO - [2023] MISSING_CENTRAL: SR1E2Mu/Central/bjets/3/energy in Skim_TriLep_MuonEG_C_v3.root
2026-01-28 17:30:01,229 - INFO - [2023BPix] MISSING_CENTRAL: SR1E2Mu/Central/bjets/3/energy in Skim_TriLep_MuonEG_D_v1.root
2026-01-28 17:30:01,229 - INFO - [2023BPix] MISSING_CENTRAL: SR1E2Mu/Central/bjets/3/energy in Skim_TriLep_MuonEG_D_v2.root
2026-01-28 17:30:01,245 - INFO - [2022] MISSING_CENTRAL: SR1E2Mu/Central/bjets/3/energy in Skim_TriLep_MuonEG_D.root
2026-01-28 17:30:01,245 - INFO - [2022] MISSING_CENTRAL: SR1E2Mu/Central/bjets/3/energy in Skim_TriLep_DYJets.root
2026-01-28 17:30:01,246 - INFO - [2022] MISSING_CENTRAL: SR1E2Mu/Central/bjets/3/energy in Skim_TriLep_DYJets10to50.root
2026-01-28 17:30:01,246 - INFO - [2022] MISSING_CENTRAL: SR1E2Mu/Central/bjets/3/energy in Skim_TriLep_TTG_PTG10to100.root
2026-01-28 17:30:01,247 - INFO - [2022] MISSING_CENTRAL: SR1E2Mu/Central/bjets/3/energy in Skim_TriLep_TTG_PTG100to200.root
2026-01-28 17:30:01,248 - INFO - [2022] MISSING_CENTRAL: SR1E2Mu/Central/bjets/3/energy in Skim_TriLep_TTG_PTG200toInf.root
2026-01-28 17:30:01,374 - INFO - [2022] MISSING_CENTRAL: SR1E2Mu/Central/bjets/3/energy in Skim_TriLep_WZTo3LNu_powheg.root
2026-01-28 17:30:01,375 - INFO - [2022] MISSING_CENTRAL: SR1E2Mu/Central/bjets/3/energy in Skim_TriLep_ZZTo4L_powheg.root
2026-01-28 17:30:01,398 - INFO - [2022] MISSING_CENTRAL: SR1E2Mu/Central/bjets/3/energy in Skim_TriLep_WWW.root
2026-01-28 17:30:01,399 - INFO - [2022] MISSING_CENTRAL: SR1E2Mu/Central/bjets/3/energy in Skim_TriLep_WWZ.root
2026-01-28 17:30:01,399 - INFO - [2022] MISSING_CENTRAL: SR1E2Mu/Central/bjets/3/energy in Skim_TriLep_WZZ.root
2026-01-28 17:30:01,400 - INFO - [2022] MISSING_CENTRAL: SR1E2Mu/Central/bjets/3/energy in Skim_TriLep_ZZZ.root
2026-01-28 17:30:01,425 - INFO - [2022] MISSING_CENTRAL: SR1E2Mu/Central/bjets/3/energy in Skim_TriLep_VBFHToZZTo4L.root
2026-01-28 17:30:01,425 - INFO - [2022] MISSING_CENTRAL: SR1E2Mu/Central/bjets/3/energy in Skim_TriLep_ggHToZZTo4L.root
2026-01-28 17:30:01,426 - INFO - [2022EE] MISSING_CENTRAL: SR1E2Mu/Central/bjets/3/energy in Skim_TriLep_MuonEG_E.root
2026-01-28 17:30:01,428 - INFO - [2022EE] MISSING_CENTRAL: SR1E2Mu/Central/bjets/3/energy in Skim_TriLep_MuonEG_G.root
2026-01-28 17:30:01,429 - INFO - [2022EE] MISSING_CENTRAL: SR1E2Mu/Central/bjets/3/energy in Skim_TriLep_DYJets.root
2026-01-28 17:30:01,429 - INFO - [2022EE] MISSING_CENTRAL: SR1E2Mu/Central/bjets/3/energy in Skim_TriLep_DYJets10to50.root
2026-01-28 17:30:01,454 - INFO - [2022EE] MISSING_CENTRAL: SR1E2Mu/Central/bjets/3/energy in Skim_TriLep_TTG_PTG100to200.root
2026-01-28 17:30:01,455 - INFO - [2022EE] MISSING_CENTRAL: SR1E2Mu/Central/bjets/3/energy in Skim_TriLep_TTG_PTG200toInf.root
2026-01-28 17:30:01,456 - INFO - [2022EE] MISSING_CENTRAL: SR1E2Mu/Central/bjets/3/energy in Skim_TriLep_TTWToLNu.root
2026-01-28 17:30:01,623 - INFO - [2022EE] MISSING_CENTRAL: SR1E2Mu/Central/bjets/3/energy in Skim_TriLep_WWW.root
2026-01-28 17:30:01,624 - INFO - [2022EE] MISSING_CENTRAL: SR1E2Mu/Central/bjets/3/energy in Skim_TriLep_WWZ.root
2026-01-28 17:30:01,647 - INFO - [2022EE] MISSING_CENTRAL: SR1E2Mu/Central/bjets/3/energy in Skim_TriLep_ZZZ.root
2026-01-28 17:30:01,672 - INFO - [2022EE] MISSING_CENTRAL: SR1E2Mu/Central/bjets/3/energy in Skim_TriLep_VBFHToZZTo4L.root
2026-01-28 17:30:01,673 - INFO - [2022EE] MISSING_CENTRAL: SR1E2Mu/Central/bjets/3/energy in Skim_TriLep_ggHToZZTo4L.root
2026-01-28 17:30:01,673 - INFO - [2023] MISSING_CENTRAL: SR1E2Mu/Central/bjets/3/energy in Skim_TriLep_MuonEG_C_v1.root
2026-01-28 17:30:01,674 - INFO - [2023] MISSING_CENTRAL: SR1E2Mu/Central/bjets/3/energy in Skim_TriLep_MuonEG_C_v2.root
2026-01-28 17:30:01,674 - INFO - [2023] MISSING_CENTRAL: SR1E2Mu/Central/bjets/3/energy in Skim_TriLep_MuonEG_C_v3.root
2026-01-28 17:30:01,677 - INFO - [2023] MISSING_CENTRAL: SR1E2Mu/Central/bjets/3/energy in Skim_TriLep_DYJets.root
2026-01-28 17:30:01,677 - INFO - [2023] MISSING_CENTRAL: SR1E2Mu/Central/bjets/3/energy in Skim_TriLep_DYJets10to50.root
2026-01-28 17:30:01,678 - INFO - [2023] MISSING_CENTRAL: SR1E2Mu/Central/bjets/3/energy in Skim_TriLep_TTG_PTG10to100.root
2026-01-28 17:30:01,679 - INFO - [2023] MISSING_CENTRAL: SR1E2Mu/Central/bjets/3/energy in Skim_TriLep_TTG_PTG100to200.root
2026-01-28 17:30:01,679 - INFO - [2023] MISSING_CENTRAL: SR1E2Mu/Central/bjets/3/energy in Skim_TriLep_TTG_PTG200toInf.root
2026-01-28 17:30:01,801 - INFO - [2023] MISSING_CENTRAL: SR1E2Mu/Central/bjets/3/energy in Skim_TriLep_WZTo3LNu_powheg.root
2026-01-28 17:30:01,802 - INFO - [2023] MISSING_CENTRAL: SR1E2Mu/Central/bjets/3/energy in Skim_TriLep_ZZTo4L_powheg.root
2026-01-28 17:30:01,826 - INFO - [2023] MISSING_CENTRAL: SR1E2Mu/Central/bjets/3/energy in Skim_TriLep_WWW.root
2026-01-28 17:30:01,924 - INFO - [2023] MISSING_CENTRAL: SR1E2Mu/Central/bjets/3/energy in Skim_TriLep_VBFHToZZTo4L.root
2026-01-28 17:30:01,925 - INFO - [2023] MISSING_CENTRAL: SR1E2Mu/Central/bjets/3/energy in Skim_TriLep_ggHToZZTo4L.root
2026-01-28 17:30:01,927 - INFO - [2023BPix] MISSING_CENTRAL: SR1E2Mu/Central/bjets/3/energy in Skim_TriLep_MuonEG_D_v2.root
2026-01-28 17:30:01,928 - INFO - [2023BPix] MISSING_CENTRAL: SR1E2Mu/Central/bjets/3/energy in Skim_TriLep_DYJets.root
2026-01-28 17:30:01,929 - INFO - [2023BPix] MISSING_CENTRAL: SR1E2Mu/Central/bjets/3/energy in Skim_TriLep_DYJets10to50.root
2026-01-28 17:30:01,929 - INFO - [2023BPix] MISSING_CENTRAL: SR1E2Mu/Central/bjets/3/energy in Skim_TriLep_TTG_PTG10to100.root
2026-01-28 17:30:01,930 - INFO - [2023BPix] MISSING_CENTRAL: SR1E2Mu/Central/bjets/3/energy in Skim_TriLep_TTG_PTG100to200.root
2026-01-28 17:30:01,931 - INFO - [2023BPix] MISSING_CENTRAL: SR1E2Mu/Central/bjets/3/energy in Skim_TriLep_TTG_PTG200toInf.root
2026-01-28 17:30:02,058 - INFO - [2023BPix] MISSING_CENTRAL: SR1E2Mu/Central/bjets/3/energy in Skim_TriLep_WZTo3LNu_powheg.root
2026-01-28 17:30:02,059 - INFO - [2023BPix] MISSING_CENTRAL: SR1E2Mu/Central/bjets/3/energy in Skim_TriLep_ZZTo4L_powheg.root
2026-01-28 17:30:02,084 - INFO - [2023BPix] MISSING_CENTRAL: SR1E2Mu/Central/bjets/3/energy in Skim_TriLep_WWW.root
2026-01-28 17:30:02,085 - INFO - [2023BPix] MISSING_CENTRAL: SR1E2Mu/Central/bjets/3/energy in Skim_TriLep_WWZ.root
2026-01-28 17:30:02,158 - INFO - [2023BPix] MISSING_CENTRAL: SR1E2Mu/Central/bjets/3/energy in Skim_TriLep_VBFHToZZTo4L.root
2026-01-28 17:30:02,159 - INFO - [2023BPix] MISSING_CENTRAL: SR1E2Mu/Central/bjets/3/energy in Skim_TriLep_ggHToZZTo4L.root
2026-01-28 20:03:52,402 - INFO - [2022] MISSING_CENTRAL: SR1E2Mu/Central/bjets/3/energy in Skim_TriLep_MuonEG_C.root
2026-01-28 20:03:52,403 - INFO - [2022] MISSING_CENTRAL: SR1E2Mu/Central/bjets/3/energy in Skim_TriLep_MuonEG_D.root
2026-01-28 20:03:52,403 - INFO - [2022EE] MISSING_CENTRAL: SR1E2Mu/Central/bjets/3/energy in Skim_TriLep_MuonEG_E.root
2026-01-28 20:03:52,404 - INFO - [2022EE] MISSING_CENTRAL: SR1E2Mu/Central/bjets/3/energy in Skim_TriLep_MuonEG_F.root
2026-01-28 20:03:52,404 - INFO - [2022EE] MISSING_CENTRAL: SR1E2Mu/Central/bjets/3/energy in Skim_TriLep_MuonEG_G.root
2026-01-28 20:03:52,405 - INFO - [2023] MISSING_CENTRAL: SR1E2Mu/Central/bjets/3/energy in Skim_TriLep_MuonEG_C_v1.root
2026-01-28 20:03:52,405 - INFO - [2023] MISSING_CENTRAL: SR1E2Mu/Central/bjets/3/energy in Skim_TriLep_MuonEG_C_v2.root
2026-01-28 20:03:52,406 - INFO - [2023] MISSING_CENTRAL: SR1E2Mu/Central/bjets/3/energy in Skim_TriLep_MuonEG_C_v3.root
2026-01-28 20:03:52,473 - INFO - [2023BPix] MISSING_CENTRAL: SR1E2Mu/Central/bjets/3/energy in Skim_TriLep_MuonEG_D_v1.root
2026-01-28 20:03:52,474 - INFO - [2023BPix] MISSING_CENTRAL: SR1E2Mu/Central/bjets/3/energy in Skim_TriLep_MuonEG_D_v2.root
2026-01-28 20:03:52,490 - INFO - [2022] MISSING_CENTRAL: SR1E2Mu/Central/bjets/3/energy in Skim_TriLep_MuonEG_D.root
2026-01-28 20:03:52,491 - INFO - [2022] MISSING_CENTRAL: SR1E2Mu/Central/bjets/3/energy in Skim_TriLep_DYJets.root
2026-01-28 20:03:52,492 - INFO - [2022] MISSING_CENTRAL: SR1E2Mu/Central/bjets/3/energy in Skim_TriLep_DYJets10to50.root
2026-01-28 20:03:52,492 - INFO - [2022] MISSING_CENTRAL: SR1E2Mu/Central/bjets/3/energy in Skim_TriLep_TTG_PTG10to100.root
2026-01-28 20:03:52,493 - INFO - [2022] MISSING_CENTRAL: SR1E2Mu/Central/bjets/3/energy in Skim_TriLep_TTG_PTG100to200.root
2026-01-28 20:03:52,494 - INFO - [2022] MISSING_CENTRAL: SR1E2Mu/Central/bjets/3/energy in Skim_TriLep_TTG_PTG200toInf.root
2026-01-28 20:03:52,634 - INFO - [2022] MISSING_CENTRAL: SR1E2Mu/Central/bjets/3/energy in Skim_TriLep_WZTo3LNu_powheg.root
2026-01-28 20:03:52,635 - INFO - [2022] MISSING_CENTRAL: SR1E2Mu/Central/bjets/3/energy in Skim_TriLep_ZZTo4L_powheg.root
2026-01-28 20:03:52,657 - INFO - [2022] MISSING_CENTRAL: SR1E2Mu/Central/bjets/3/energy in Skim_TriLep_WWW.root
2026-01-28 20:03:52,658 - INFO - [2022] MISSING_CENTRAL: SR1E2Mu/Central/bjets/3/energy in Skim_TriLep_WWZ.root
2026-01-28 20:03:52,658 - INFO - [2022] MISSING_CENTRAL: SR1E2Mu/Central/bjets/3/energy in Skim_TriLep_WZZ.root
2026-01-28 20:03:52,659 - INFO - [2022] MISSING_CENTRAL: SR1E2Mu/Central/bjets/3/energy in Skim_TriLep_ZZZ.root
2026-01-28 20:03:52,683 - INFO - [2022] MISSING_CENTRAL: SR1E2Mu/Central/bjets/3/energy in Skim_TriLep_VBFHToZZTo4L.root
2026-01-28 20:03:52,684 - INFO - [2022] MISSING_CENTRAL: SR1E2Mu/Central/bjets/3/energy in Skim_TriLep_ggHToZZTo4L.root
2026-01-28 20:03:52,684 - INFO - [2022EE] MISSING_CENTRAL: SR1E2Mu/Central/bjets/3/energy in Skim_TriLep_MuonEG_E.root
2026-01-28 20:03:52,686 - INFO - [2022EE] MISSING_CENTRAL: SR1E2Mu/Central/bjets/3/energy in Skim_TriLep_MuonEG_G.root
2026-01-28 20:03:52,687 - INFO - [2022EE] MISSING_CENTRAL: SR1E2Mu/Central/bjets/3/energy in Skim_TriLep_DYJets.root
2026-01-28 20:03:52,687 - INFO - [2022EE] MISSING_CENTRAL: SR1E2Mu/Central/bjets/3/energy in Skim_TriLep_DYJets10to50.root
2026-01-28 20:03:52,709 - INFO - [2022EE] MISSING_CENTRAL: SR1E2Mu/Central/bjets/3/energy in Skim_TriLep_TTG_PTG100to200.root
2026-01-28 20:03:52,710 - INFO - [2022EE] MISSING_CENTRAL: SR1E2Mu/Central/bjets/3/energy in Skim_TriLep_TTG_PTG200toInf.root
2026-01-28 20:03:52,711 - INFO - [2022EE] MISSING_CENTRAL: SR1E2Mu/Central/bjets/3/energy in Skim_TriLep_TTWToLNu.root
2026-01-28 20:03:52,887 - INFO - [2022EE] MISSING_CENTRAL: SR1E2Mu/Central/bjets/3/energy in Skim_TriLep_WWW.root
2026-01-28 20:03:52,888 - INFO - [2022EE] MISSING_CENTRAL: SR1E2Mu/Central/bjets/3/energy in Skim_TriLep_WWZ.root
2026-01-28 20:03:52,910 - INFO - [2022EE] MISSING_CENTRAL: SR1E2Mu/Central/bjets/3/energy in Skim_TriLep_ZZZ.root
2026-01-28 20:03:52,936 - INFO - [2022EE] MISSING_CENTRAL: SR1E2Mu/Central/bjets/3/energy in Skim_TriLep_VBFHToZZTo4L.root
2026-01-28 20:03:52,937 - INFO - [2022EE] MISSING_CENTRAL: SR1E2Mu/Central/bjets/3/energy in Skim_TriLep_ggHToZZTo4L.root
2026-01-28 20:03:52,937 - INFO - [2023] MISSING_CENTRAL: SR1E2Mu/Central/bjets/3/energy in Skim_TriLep_MuonEG_C_v1.root
2026-01-28 20:03:52,938 - INFO - [2023] MISSING_CENTRAL: SR1E2Mu/Central/bjets/3/energy in Skim_TriLep_MuonEG_C_v2.root
2026-01-28 20:03:52,938 - INFO - [2023] MISSING_CENTRAL: SR1E2Mu/Central/bjets/3/energy in Skim_TriLep_MuonEG_C_v3.root
2026-01-28 20:03:52,940 - INFO - [2023] MISSING_CENTRAL: SR1E2Mu/Central/bjets/3/energy in Skim_TriLep_DYJets.root
2026-01-28 20:03:52,941 - INFO - [2023] MISSING_CENTRAL: SR1E2Mu/Central/bjets/3/energy in Skim_TriLep_DYJets10to50.root
2026-01-28 20:03:52,941 - INFO - [2023] MISSING_CENTRAL: SR1E2Mu/Central/bjets/3/energy in Skim_TriLep_TTG_PTG10to100.root
2026-01-28 20:03:52,942 - INFO - [2023] MISSING_CENTRAL: SR1E2Mu/Central/bjets/3/energy in Skim_TriLep_TTG_PTG100to200.root
2026-01-28 20:03:52,942 - INFO - [2023] MISSING_CENTRAL: SR1E2Mu/Central/bjets/3/energy in Skim_TriLep_TTG_PTG200toInf.root
2026-01-28 20:03:53,071 - INFO - [2023] MISSING_CENTRAL: SR1E2Mu/Central/bjets/3/energy in Skim_TriLep_WZTo3LNu_powheg.root
2026-01-28 20:03:53,072 - INFO - [2023] MISSING_CENTRAL: SR1E2Mu/Central/bjets/3/energy in Skim_TriLep_ZZTo4L_powheg.root
2026-01-28 20:03:53,098 - INFO - [2023] MISSING_CENTRAL: SR1E2Mu/Central/bjets/3/energy in Skim_TriLep_WWW.root
2026-01-28 20:03:53,203 - INFO - [2023] MISSING_CENTRAL: SR1E2Mu/Central/bjets/3/energy in Skim_TriLep_VBFHToZZTo4L.root
2026-01-28 20:03:53,204 - INFO - [2023] MISSING_CENTRAL: SR1E2Mu/Central/bjets/3/energy in Skim_TriLep_ggHToZZTo4L.root
2026-01-28 20:03:53,206 - INFO - [2023BPix] MISSING_CENTRAL: SR1E2Mu/Central/bjets/3/energy in Skim_TriLep_MuonEG_D_v2.root
2026-01-28 20:03:53,206 - INFO - [2023BPix] MISSING_CENTRAL: SR1E2Mu/Central/bjets/3/energy in Skim_TriLep_DYJets.root
2026-01-28 20:03:53,207 - INFO - [2023BPix] MISSING_CENTRAL: SR1E2Mu/Central/bjets/3/energy in Skim_TriLep_DYJets10to50.root
2026-01-28 20:03:53,208 - INFO - [2023BPix] MISSING_CENTRAL: SR1E2Mu/Central/bjets/3/energy in Skim_TriLep_TTG_PTG10to100.root
2026-01-28 20:03:53,208 - INFO - [2023BPix] MISSING_CENTRAL: SR1E2Mu/Central/bjets/3/energy in Skim_TriLep_TTG_PTG100to200.root
2026-01-28 20:03:53,209 - INFO - [2023BPix] MISSING_CENTRAL: SR1E2Mu/Central/bjets/3/energy in Skim_TriLep_TTG_PTG200toInf.root
2026-01-28 20:03:53,330 - INFO - [2023BPix] MISSING_CENTRAL: SR1E2Mu/Central/bjets/3/energy in Skim_TriLep_WZTo3LNu_powheg.root
2026-01-28 20:03:53,331 - INFO - [2023BPix] MISSING_CENTRAL: SR1E2Mu/Central/bjets/3/energy in Skim_TriLep_ZZTo4L_powheg.root
2026-01-28 20:03:53,354 - INFO - [2023BPix] MISSING_CENTRAL: SR1E2Mu/Central/bjets/3/energy in Skim_TriLep_WWW.root
2026-01-28 20:03:53,355 - INFO - [2023BPix] MISSING_CENTRAL: SR1E2Mu/Central/bjets/3/energy in Skim_TriLep_WWZ.root
2026-01-28 20:03:53,423 - INFO - [2023BPix] MISSING_CENTRAL: SR1E2Mu/Central/bjets/3/energy in Skim_TriLep_VBFHToZZTo4L.root
2026-01-28 20:03:53,424 - INFO - [2023BPix] MISSING_CENTRAL: SR1E2Mu/Central/bjets/3/energy in Skim_TriLep_ggHToZZTo4L.root
2026-01-29 07:20:15,944 - INFO - [2022] MISSING_CENTRAL: SR1E2Mu/Central/bjets/3/energy in Skim_TriLep_MuonEG_C.root
2026-01-29 07:20:15,944 - INFO - [2022] MISSING_CENTRAL: SR1E2Mu/Central/bjets/3/energy in Skim_TriLep_MuonEG_D.root
2026-01-29 07:20:15,945 - INFO - [2022EE] MISSING_CENTRAL: SR1E2Mu/Central/bjets/3/energy in Skim_TriLep_MuonEG_E.root
2026-01-29 07:20:15,945 - INFO - [2022EE] MISSING_CENTRAL: SR1E2Mu/Central/bjets/3/energy in Skim_TriLep_MuonEG_F.root
2026-01-29 07:20:15,946 - INFO - [2022EE] MISSING_CENTRAL: SR1E2Mu/Central/bjets/3/energy in Skim_TriLep_MuonEG_G.root
2026-01-29 07:20:15,946 - INFO - [2023] MISSING_CENTRAL: SR1E2Mu/Central/bjets/3/energy in Skim_TriLep_MuonEG_C_v1.root
2026-01-29 07:20:15,947 - INFO - [2023] MISSING_CENTRAL: SR1E2Mu/Central/bjets/3/energy in Skim_TriLep_MuonEG_C_v2.root
2026-01-29 07:20:15,947 - INFO - [2023] MISSING_CENTRAL: SR1E2Mu/Central/bjets/3/energy in Skim_TriLep_MuonEG_C_v3.root
2026-01-29 07:20:16,000 - INFO - [2023BPix] MISSING_CENTRAL: SR1E2Mu/Central/bjets/3/energy in Skim_TriLep_MuonEG_D_v1.root
2026-01-29 07:20:16,001 - INFO - [2023BPix] MISSING_CENTRAL: SR1E2Mu/Central/bjets/3/energy in Skim_TriLep_MuonEG_D_v2.root
2026-01-29 07:20:16,014 - INFO - [2022] MISSING_CENTRAL: SR1E2Mu/Central/bjets/3/energy in Skim_TriLep_MuonEG_D.root
2026-01-29 07:20:16,015 - INFO - [2022] MISSING_CENTRAL: SR1E2Mu/Central/bjets/3/energy in Skim_TriLep_DYJets.root
2026-01-29 07:20:16,016 - INFO - [2022] MISSING_CENTRAL: SR1E2Mu/Central/bjets/3/energy in Skim_TriLep_DYJets10to50.root
2026-01-29 07:20:16,016 - INFO - [2022] MISSING_CENTRAL: SR1E2Mu/Central/bjets/3/energy in Skim_TriLep_TTG_PTG10to100.root
2026-01-29 07:20:16,017 - INFO - [2022] MISSING_CENTRAL: SR1E2Mu/Central/bjets/3/energy in Skim_TriLep_TTG_PTG100to200.root
2026-01-29 07:20:16,017 - INFO - [2022] MISSING_CENTRAL: SR1E2Mu/Central/bjets/3/energy in Skim_TriLep_TTG_PTG200toInf.root
2026-01-29 07:20:16,099 - INFO - [2022] MISSING_CENTRAL: SR1E2Mu/Central/bjets/3/energy in Skim_TriLep_WZTo3LNu_powheg.root
2026-01-29 07:20:16,100 - INFO - [2022] MISSING_CENTRAL: SR1E2Mu/Central/bjets/3/energy in Skim_TriLep_ZZTo4L_powheg.root
2026-01-29 07:20:16,114 - INFO - [2022] MISSING_CENTRAL: SR1E2Mu/Central/bjets/3/energy in Skim_TriLep_WWW.root
2026-01-29 07:20:16,115 - INFO - [2022] MISSING_CENTRAL: SR1E2Mu/Central/bjets/3/energy in Skim_TriLep_WWZ.root
2026-01-29 07:20:16,116 - INFO - [2022] MISSING_CENTRAL: SR1E2Mu/Central/bjets/3/energy in Skim_TriLep_WZZ.root
2026-01-29 07:20:16,116 - INFO - [2022] MISSING_CENTRAL: SR1E2Mu/Central/bjets/3/energy in Skim_TriLep_ZZZ.root
2026-01-29 07:20:16,132 - INFO - [2022] MISSING_CENTRAL: SR1E2Mu/Central/bjets/3/energy in Skim_TriLep_VBFHToZZTo4L.root
2026-01-29 07:20:16,133 - INFO - [2022] MISSING_CENTRAL: SR1E2Mu/Central/bjets/3/energy in Skim_TriLep_ggHToZZTo4L.root
2026-01-29 07:20:16,133 - INFO - [2022EE] MISSING_CENTRAL: SR1E2Mu/Central/bjets/3/energy in Skim_TriLep_MuonEG_E.root
2026-01-29 07:20:16,135 - INFO - [2022EE] MISSING_CENTRAL: SR1E2Mu/Central/bjets/3/energy in Skim_TriLep_MuonEG_G.root
2026-01-29 07:20:16,135 - INFO - [2022EE] MISSING_CENTRAL: SR1E2Mu/Central/bjets/3/energy in Skim_TriLep_DYJets.root
2026-01-29 07:20:16,136 - INFO - [2022EE] MISSING_CENTRAL: SR1E2Mu/Central/bjets/3/energy in Skim_TriLep_DYJets10to50.root
2026-01-29 07:20:16,151 - INFO - [2022EE] MISSING_CENTRAL: SR1E2Mu/Central/bjets/3/energy in Skim_TriLep_TTG_PTG100to200.root
2026-01-29 07:20:16,152 - INFO - [2022EE] MISSING_CENTRAL: SR1E2Mu/Central/bjets/3/energy in Skim_TriLep_TTG_PTG200toInf.root
2026-01-29 07:20:16,152 - INFO - [2022EE] MISSING_CENTRAL: SR1E2Mu/Central/bjets/3/energy in Skim_TriLep_TTWToLNu.root
2026-01-29 07:20:16,261 - INFO - [2022EE] MISSING_CENTRAL: SR1E2Mu/Central/bjets/3/energy in Skim_TriLep_WWW.root
2026-01-29 07:20:16,262 - INFO - [2022EE] MISSING_CENTRAL: SR1E2Mu/Central/bjets/3/energy in Skim_TriLep_WWZ.root
2026-01-29 07:20:16,275 - INFO - [2022EE] MISSING_CENTRAL: SR1E2Mu/Central/bjets/3/energy in Skim_TriLep_ZZZ.root
2026-01-29 07:20:16,291 - INFO - [2022EE] MISSING_CENTRAL: SR1E2Mu/Central/bjets/3/energy in Skim_TriLep_VBFHToZZTo4L.root
2026-01-29 07:20:16,292 - INFO - [2022EE] MISSING_CENTRAL: SR1E2Mu/Central/bjets/3/energy in Skim_TriLep_ggHToZZTo4L.root
2026-01-29 07:20:16,292 - INFO - [2023] MISSING_CENTRAL: SR1E2Mu/Central/bjets/3/energy in Skim_TriLep_MuonEG_C_v1.root
2026-01-29 07:20:16,293 - INFO - [2023] MISSING_CENTRAL: SR1E2Mu/Central/bjets/3/energy in Skim_TriLep_MuonEG_C_v2.root
2026-01-29 07:20:16,293 - INFO - [2023] MISSING_CENTRAL: SR1E2Mu/Central/bjets/3/energy in Skim_TriLep_MuonEG_C_v3.root
2026-01-29 07:20:16,295 - INFO - [2023] MISSING_CENTRAL: SR1E2Mu/Central/bjets/3/energy in Skim_TriLep_DYJets.root
2026-01-29 07:20:16,295 - INFO - [2023] MISSING_CENTRAL: SR1E2Mu/Central/bjets/3/energy in Skim_TriLep_DYJets10to50.root
2026-01-29 07:20:16,296 - INFO - [2023] MISSING_CENTRAL: SR1E2Mu/Central/bjets/3/energy in Skim_TriLep_TTG_PTG10to100.root
2026-01-29 07:20:16,297 - INFO - [2023] MISSING_CENTRAL: SR1E2Mu/Central/bjets/3/energy in Skim_TriLep_TTG_PTG100to200.root
2026-01-29 07:20:16,297 - INFO - [2023] MISSING_CENTRAL: SR1E2Mu/Central/bjets/3/energy in Skim_TriLep_TTG_PTG200toInf.root
2026-01-29 07:20:16,370 - INFO - [2023] MISSING_CENTRAL: SR1E2Mu/Central/bjets/3/energy in Skim_TriLep_WZTo3LNu_powheg.root
2026-01-29 07:20:16,371 - INFO - [2023] MISSING_CENTRAL: SR1E2Mu/Central/bjets/3/energy in Skim_TriLep_ZZTo4L_powheg.root
2026-01-29 07:20:16,382 - INFO - [2023] MISSING_CENTRAL: SR1E2Mu/Central/bjets/3/energy in Skim_TriLep_WWW.root
2026-01-29 07:20:16,442 - INFO - [2023] MISSING_CENTRAL: SR1E2Mu/Central/bjets/3/energy in Skim_TriLep_VBFHToZZTo4L.root
2026-01-29 07:20:16,443 - INFO - [2023] MISSING_CENTRAL: SR1E2Mu/Central/bjets/3/energy in Skim_TriLep_ggHToZZTo4L.root
2026-01-29 07:20:16,445 - INFO - [2023BPix] MISSING_CENTRAL: SR1E2Mu/Central/bjets/3/energy in Skim_TriLep_MuonEG_D_v2.root
2026-01-29 07:20:16,446 - INFO - [2023BPix] MISSING_CENTRAL: SR1E2Mu/Central/bjets/3/energy in Skim_TriLep_DYJets.root
2026-01-29 07:20:16,447 - INFO - [2023BPix] MISSING_CENTRAL: SR1E2Mu/Central/bjets/3/energy in Skim_TriLep_DYJets10to50.root
2026-01-29 07:20:16,447 - INFO - [2023BPix] MISSING_CENTRAL: SR1E2Mu/Central/bjets/3/energy in Skim_TriLep_TTG_PTG10to100.root
2026-01-29 07:20:16,448 - INFO - [2023BPix] MISSING_CENTRAL: SR1E2Mu/Central/bjets/3/energy in Skim_TriLep_TTG_PTG100to200.root
2026-01-29 07:20:16,449 - INFO - [2023BPix] MISSING_CENTRAL: SR1E2Mu/Central/bjets/3/energy in Skim_TriLep_TTG_PTG200toInf.root
2026-01-29 07:20:16,546 - INFO - [2023BPix] MISSING_CENTRAL: SR1E2Mu/Central/bjets/3/energy in Skim_TriLep_WZTo3LNu_powheg.root
2026-01-29 07:20:16,547 - INFO - [2023BPix] MISSING_CENTRAL: SR1E2Mu/Central/bjets/3/energy in Skim_TriLep_ZZTo4L_powheg.root
2026-01-29 07:20:16,562 - INFO - [2023BPix] MISSING_CENTRAL: SR1E2Mu/Central/bjets/3/energy in Skim_TriLep_WWW.root
2026-01-29 07:20:16,563 - INFO - [2023BPix] MISSING_CENTRAL: SR1E2Mu/Central/bjets/3/energy in Skim_TriLep_WWZ.root
2026-01-29 07:20:16,609 - INFO - [2023BPix] MISSING_CENTRAL: SR1E2Mu/Central/bjets/3/energy in Skim_TriLep_VBFHToZZTo4L.root
2026-01-29 07:20:16,610 - INFO - [2023BPix] MISSING_CENTRAL: SR1E2Mu/Central/bjets/3/energy in Skim_TriLep_ggHToZZTo4L.root
2026-03-06 09:45:09,036 - INFO - [2022] MISSING_CENTRAL: SR1E2Mu/Central/bjets/3/energy in Skim_TriLep_MuonEG_C.root
2026-03-06 09:45:09,037 - INFO - [2022] MISSING_CENTRAL: SR1E2Mu/Central/bjets/3/energy in Skim_TriLep_MuonEG_D.root
2026-03-06 09:45:09,038 - INFO - [2022EE] MISSING_CENTRAL: SR1E2Mu/Central/bjets/3/energy in Skim_TriLep_MuonEG_E.root
2026-03-06 09:45:09,038 - INFO - [2022EE] MISSING_CENTRAL: SR1E2Mu/Central/bjets/3/energy in Skim_TriLep_MuonEG_F.root
2026-03-06 09:45:09,039 - INFO - [2022EE] MISSING_CENTRAL: SR1E2Mu/Central/bjets/3/energy in Skim_TriLep_MuonEG_G.root
2026-03-06 09:45:09,039 - INFO - [2023] MISSING_CENTRAL: SR1E2Mu/Central/bjets/3/energy in Skim_TriLep_MuonEG_C_v1.root
2026-03-06 09:45:09,040 - INFO - [2023] MISSING_CENTRAL: SR1E2Mu/Central/bjets/3/energy in Skim_TriLep_MuonEG_C_v2.root
2026-03-06 09:45:09,040 - INFO - [2023] MISSING_CENTRAL: SR1E2Mu/Central/bjets/3/energy in Skim_TriLep_MuonEG_C_v3.root
2026-03-06 09:45:09,095 - INFO - [2023BPix] MISSING_CENTRAL: SR1E2Mu/Central/bjets/3/energy in Skim_TriLep_MuonEG_D_v1.root
2026-03-06 09:45:09,096 - INFO - [2023BPix] MISSING_CENTRAL: SR1E2Mu/Central/bjets/3/energy in Skim_TriLep_MuonEG_D_v2.root
2026-03-06 09:45:09,111 - INFO - [2022] MISSING_CENTRAL: SR1E2Mu/Central/bjets/3/energy in Skim_TriLep_MuonEG_D.root
2026-03-06 09:45:09,112 - INFO - [2022] MISSING_CENTRAL: SR1E2Mu/Central/bjets/3/energy in Skim_TriLep_DYJets.root
2026-03-06 09:45:09,112 - INFO - [2022] MISSING_CENTRAL: SR1E2Mu/Central/bjets/3/energy in Skim_TriLep_DYJets10to50.root
2026-03-06 09:45:09,113 - INFO - [2022] MISSING_CENTRAL: SR1E2Mu/Central/bjets/3/energy in Skim_TriLep_TTG_PTG10to100.root
2026-03-06 09:45:09,113 - INFO - [2022] MISSING_CENTRAL: SR1E2Mu/Central/bjets/3/energy in Skim_TriLep_TTG_PTG100to200.root
2026-03-06 09:45:09,114 - INFO - [2022] MISSING_CENTRAL: SR1E2Mu/Central/bjets/3/energy in Skim_TriLep_TTG_PTG200toInf.root
2026-03-06 09:45:09,193 - INFO - [2022] MISSING_CENTRAL: SR1E2Mu/Central/bjets/3/energy in Skim_TriLep_WZTo3LNu_powheg.root
2026-03-06 09:45:09,194 - INFO - [2022] MISSING_CENTRAL: SR1E2Mu/Central/bjets/3/energy in Skim_TriLep_ZZTo4L_powheg.root
2026-03-06 09:45:09,210 - INFO - [2022] MISSING_CENTRAL: SR1E2Mu/Central/bjets/3/energy in Skim_TriLep_WWW.root
2026-03-06 09:45:09,211 - INFO - [2022] MISSING_CENTRAL: SR1E2Mu/Central/bjets/3/energy in Skim_TriLep_WWZ.root
2026-03-06 09:45:09,212 - INFO - [2022] MISSING_CENTRAL: SR1E2Mu/Central/bjets/3/energy in Skim_TriLep_WZZ.root
2026-03-06 09:45:09,213 - INFO - [2022] MISSING_CENTRAL: SR1E2Mu/Central/bjets/3/energy in Skim_TriLep_ZZZ.root
2026-03-06 09:45:09,230 - INFO - [2022] MISSING_CENTRAL: SR1E2Mu/Central/bjets/3/energy in Skim_TriLep_VBFHToZZTo4L.root
2026-03-06 09:45:09,230 - INFO - [2022] MISSING_CENTRAL: SR1E2Mu/Central/bjets/3/energy in Skim_TriLep_ggHToZZTo4L.root
2026-03-06 09:45:09,231 - INFO - [2022EE] MISSING_CENTRAL: SR1E2Mu/Central/bjets/3/energy in Skim_TriLep_MuonEG_E.root
2026-03-06 09:45:09,233 - INFO - [2022EE] MISSING_CENTRAL: SR1E2Mu/Central/bjets/3/energy in Skim_TriLep_MuonEG_G.root
2026-03-06 09:45:09,233 - INFO - [2022EE] MISSING_CENTRAL: SR1E2Mu/Central/bjets/3/energy in Skim_TriLep_DYJets.root
2026-03-06 09:45:09,234 - INFO - [2022EE] MISSING_CENTRAL: SR1E2Mu/Central/bjets/3/energy in Skim_TriLep_DYJets10to50.root
2026-03-06 09:45:09,250 - INFO - [2022EE] MISSING_CENTRAL: SR1E2Mu/Central/bjets/3/energy in Skim_TriLep_TTG_PTG100to200.root
2026-03-06 09:45:09,251 - INFO - [2022EE] MISSING_CENTRAL: SR1E2Mu/Central/bjets/3/energy in Skim_TriLep_TTG_PTG200toInf.root
2026-03-06 09:45:09,251 - INFO - [2022EE] MISSING_CENTRAL: SR1E2Mu/Central/bjets/3/energy in Skim_TriLep_TTWToLNu.root
2026-03-06 09:45:09,363 - INFO - [2022EE] MISSING_CENTRAL: SR1E2Mu/Central/bjets/3/energy in Skim_TriLep_WWW.root
2026-03-06 09:45:09,364 - INFO - [2022EE] MISSING_CENTRAL: SR1E2Mu/Central/bjets/3/energy in Skim_TriLep_WWZ.root
2026-03-06 09:45:09,380 - INFO - [2022EE] MISSING_CENTRAL: SR1E2Mu/Central/bjets/3/energy in Skim_TriLep_ZZZ.root
2026-03-06 09:45:09,397 - INFO - [2022EE] MISSING_CENTRAL: SR1E2Mu/Central/bjets/3/energy in Skim_TriLep_VBFHToZZTo4L.root
2026-03-06 09:45:09,398 - INFO - [2022EE] MISSING_CENTRAL: SR1E2Mu/Central/bjets/3/energy in Skim_TriLep_ggHToZZTo4L.root
2026-03-06 09:45:09,399 - INFO - [2023] MISSING_CENTRAL: SR1E2Mu/Central/bjets/3/energy in Skim_TriLep_MuonEG_C_v1.root
2026-03-06 09:45:09,400 - INFO - [2023] MISSING_CENTRAL: SR1E2Mu/Central/bjets/3/energy in Skim_TriLep_MuonEG_C_v2.root
2026-03-06 09:45:09,400 - INFO - [2023] MISSING_CENTRAL: SR1E2Mu/Central/bjets/3/energy in Skim_TriLep_MuonEG_C_v3.root
2026-03-06 09:45:09,403 - INFO - [2023] MISSING_CENTRAL: SR1E2Mu/Central/bjets/3/energy in Skim_TriLep_DYJets.root
2026-03-06 09:45:09,404 - INFO - [2023] MISSING_CENTRAL: SR1E2Mu/Central/bjets/3/energy in Skim_TriLep_DYJets10to50.root
2026-03-06 09:45:09,405 - INFO - [2023] MISSING_CENTRAL: SR1E2Mu/Central/bjets/3/energy in Skim_TriLep_TTG_PTG10to100.root
2026-03-06 09:45:09,406 - INFO - [2023] MISSING_CENTRAL: SR1E2Mu/Central/bjets/3/energy in Skim_TriLep_TTG_PTG100to200.root
2026-03-06 09:45:09,407 - INFO - [2023] MISSING_CENTRAL: SR1E2Mu/Central/bjets/3/energy in Skim_TriLep_TTG_PTG200toInf.root
2026-03-06 09:45:09,491 - INFO - [2023] MISSING_CENTRAL: SR1E2Mu/Central/bjets/3/energy in Skim_TriLep_WZTo3LNu_powheg.root
2026-03-06 09:45:09,491 - INFO - [2023] MISSING_CENTRAL: SR1E2Mu/Central/bjets/3/energy in Skim_TriLep_ZZTo4L_powheg.root
2026-03-06 09:45:09,508 - INFO - [2023] MISSING_CENTRAL: SR1E2Mu/Central/bjets/3/energy in Skim_TriLep_WWW.root
2026-03-06 09:45:09,574 - INFO - [2023] MISSING_CENTRAL: SR1E2Mu/Central/bjets/3/energy in Skim_TriLep_VBFHToZZTo4L.root
2026-03-06 09:45:09,575 - INFO - [2023] MISSING_CENTRAL: SR1E2Mu/Central/bjets/3/energy in Skim_TriLep_ggHToZZTo4L.root
2026-03-06 09:45:09,577 - INFO - [2023BPix] MISSING_CENTRAL: SR1E2Mu/Central/bjets/3/energy in Skim_TriLep_MuonEG_D_v2.root
2026-03-06 09:45:09,577 - INFO - [2023BPix] MISSING_CENTRAL: SR1E2Mu/Central/bjets/3/energy in Skim_TriLep_DYJets.root
2026-03-06 09:45:09,578 - INFO - [2023BPix] MISSING_CENTRAL: SR1E2Mu/Central/bjets/3/energy in Skim_TriLep_DYJets10to50.root
2026-03-06 09:45:09,579 - INFO - [2023BPix] MISSING_CENTRAL: SR1E2Mu/Central/bjets/3/energy in Skim_TriLep_TTG_PTG10to100.root
2026-03-06 09:45:09,579 - INFO - [2023BPix] MISSING_CENTRAL: SR1E2Mu/Central/bjets/3/energy in Skim_TriLep_TTG_PTG100to200.root
2026-03-06 09:45:09,580 - INFO - [2023BPix] MISSING_CENTRAL: SR1E2Mu/Central/bjets/3/energy in Skim_TriLep_TTG_PTG200toInf.root
2026-03-06 09:45:09,662 - INFO - [2023BPix] MISSING_CENTRAL: SR1E2Mu/Central/bjets/3/energy in Skim_TriLep_WZTo3LNu_powheg.root
2026-03-06 09:45:09,663 - INFO - [2023BPix] MISSING_CENTRAL: SR1E2Mu/Central/bjets/3/energy in Skim_TriLep_ZZTo4L_powheg.root
2026-03-06 09:45:09,680 - INFO - [2023BPix] MISSING_CENTRAL: SR1E2Mu/Central/bjets/3/energy in Skim_TriLep_WWW.root
2026-03-06 09:45:09,681 - INFO - [2023BPix] MISSING_CENTRAL: SR1E2Mu/Central/bjets/3/energy in Skim_TriLep_WWZ.root
2026-03-06 09:45:09,730 - INFO - [2023BPix] MISSING_CENTRAL: SR1E2Mu/Central/bjets/3/energy in Skim_TriLep_VBFHToZZTo4L.root
2026-03-06 09:45:09,731 - INFO - [2023BPix] MISSING_CENTRAL: SR1E2Mu/Central/bjets/3/energy in Skim_TriLep_ggHToZZTo4L.root
2026-03-06 19:50:54,990 - INFO - [2022] MISSING_CENTRAL: SR1E2Mu/Central/bjets/3/energy in Skim_TriLep_MuonEG_C.root
2026-03-06 19:50:54,991 - INFO - [2022] MISSING_CENTRAL: SR1E2Mu/Central/bjets/3/energy in Skim_TriLep_MuonEG_D.root
2026-03-06 19:50:54,992 - INFO - [2022EE] MISSING_CENTRAL: SR1E2Mu/Central/bjets/3/energy in Skim_TriLep_MuonEG_E.root
2026-03-06 19:50:54,992 - INFO - [2022EE] MISSING_CENTRAL: SR1E2Mu/Central/bjets/3/energy in Skim_TriLep_MuonEG_F.root
2026-03-06 19:50:54,993 - INFO - [2022EE] MISSING_CENTRAL: SR1E2Mu/Central/bjets/3/energy in Skim_TriLep_MuonEG_G.root
2026-03-06 19:50:54,993 - INFO - [2023] MISSING_CENTRAL: SR1E2Mu/Central/bjets/3/energy in Skim_TriLep_MuonEG_C_v1.root
2026-03-06 19:50:54,994 - INFO - [2023] MISSING_CENTRAL: SR1E2Mu/Central/bjets/3/energy in Skim_TriLep_MuonEG_C_v2.root
2026-03-06 19:50:54,994 - INFO - [2023] MISSING_CENTRAL: SR1E2Mu/Central/bjets/3/energy in Skim_TriLep_MuonEG_C_v3.root
2026-03-06 19:50:55,046 - INFO - [2023BPix] MISSING_CENTRAL: SR1E2Mu/Central/bjets/3/energy in Skim_TriLep_MuonEG_D_v1.root
2026-03-06 19:50:55,047 - INFO - [2023BPix] MISSING_CENTRAL: SR1E2Mu/Central/bjets/3/energy in Skim_TriLep_MuonEG_D_v2.root
2026-03-06 19:50:55,060 - INFO - [2022] MISSING_CENTRAL: SR1E2Mu/Central/bjets/3/energy in Skim_TriLep_MuonEG_D.root
2026-03-06 19:50:55,061 - INFO - [2022] MISSING_CENTRAL: SR1E2Mu/Central/bjets/3/energy in Skim_TriLep_DYJets.root
2026-03-06 19:50:55,061 - INFO - [2022] MISSING_CENTRAL: SR1E2Mu/Central/bjets/3/energy in Skim_TriLep_DYJets10to50.root
2026-03-06 19:50:55,062 - INFO - [2022] MISSING_CENTRAL: SR1E2Mu/Central/bjets/3/energy in Skim_TriLep_TTG_PTG10to100.root
2026-03-06 19:50:55,062 - INFO - [2022] MISSING_CENTRAL: SR1E2Mu/Central/bjets/3/energy in Skim_TriLep_TTG_PTG100to200.root
2026-03-06 19:50:55,063 - INFO - [2022] MISSING_CENTRAL: SR1E2Mu/Central/bjets/3/energy in Skim_TriLep_TTG_PTG200toInf.root
2026-03-06 19:50:55,145 - INFO - [2022] MISSING_CENTRAL: SR1E2Mu/Central/bjets/3/energy in Skim_TriLep_WZTo3LNu_powheg.root
2026-03-06 19:50:55,146 - INFO - [2022] MISSING_CENTRAL: SR1E2Mu/Central/bjets/3/energy in Skim_TriLep_ZZTo4L_powheg.root
2026-03-06 19:50:55,161 - INFO - [2022] MISSING_CENTRAL: SR1E2Mu/Central/bjets/3/energy in Skim_TriLep_WWW.root
2026-03-06 19:50:55,162 - INFO - [2022] MISSING_CENTRAL: SR1E2Mu/Central/bjets/3/energy in Skim_TriLep_WWZ.root
2026-03-06 19:50:55,162 - INFO - [2022] MISSING_CENTRAL: SR1E2Mu/Central/bjets/3/energy in Skim_TriLep_WZZ.root
2026-03-06 19:50:55,163 - INFO - [2022] MISSING_CENTRAL: SR1E2Mu/Central/bjets/3/energy in Skim_TriLep_ZZZ.root
2026-03-06 19:50:55,179 - INFO - [2022] MISSING_CENTRAL: SR1E2Mu/Central/bjets/3/energy in Skim_TriLep_VBFHToZZTo4L.root
2026-03-06 19:50:55,180 - INFO - [2022] MISSING_CENTRAL: SR1E2Mu/Central/bjets/3/energy in Skim_TriLep_ggHToZZTo4L.root
2026-03-06 19:50:55,180 - INFO - [2022EE] MISSING_CENTRAL: SR1E2Mu/Central/bjets/3/energy in Skim_TriLep_MuonEG_E.root
2026-03-06 19:50:55,182 - INFO - [2022EE] MISSING_CENTRAL: SR1E2Mu/Central/bjets/3/energy in Skim_TriLep_MuonEG_G.root
2026-03-06 19:50:55,182 - INFO - [2022EE] MISSING_CENTRAL: SR1E2Mu/Central/bjets/3/energy in Skim_TriLep_DYJets.root
2026-03-06 19:50:55,183 - INFO - [2022EE] MISSING_CENTRAL: SR1E2Mu/Central/bjets/3/energy in Skim_TriLep_DYJets10to50.root
2026-03-06 19:50:55,198 - INFO - [2022EE] MISSING_CENTRAL: SR1E2Mu/Central/bjets/3/energy in Skim_TriLep_TTG_PTG100to200.root
2026-03-06 19:50:55,199 - INFO - [2022EE] MISSING_CENTRAL: SR1E2Mu/Central/bjets/3/energy in Skim_TriLep_TTG_PTG200toInf.root
2026-03-06 19:50:55,199 - INFO - [2022EE] MISSING_CENTRAL: SR1E2Mu/Central/bjets/3/energy in Skim_TriLep_TTWToLNu.root
2026-03-06 19:50:55,308 - INFO - [2022EE] MISSING_CENTRAL: SR1E2Mu/Central/bjets/3/energy in Skim_TriLep_WWW.root
2026-03-06 19:50:55,309 - INFO - [2022EE] MISSING_CENTRAL: SR1E2Mu/Central/bjets/3/energy in Skim_TriLep_WWZ.root
2026-03-06 19:50:55,324 - INFO - [2022EE] MISSING_CENTRAL: SR1E2Mu/Central/bjets/3/energy in Skim_TriLep_ZZZ.root
2026-03-06 19:50:55,341 - INFO - [2022EE] MISSING_CENTRAL: SR1E2Mu/Central/bjets/3/energy in Skim_TriLep_VBFHToZZTo4L.root
2026-03-06 19:50:55,342 - INFO - [2022EE] MISSING_CENTRAL: SR1E2Mu/Central/bjets/3/energy in Skim_TriLep_ggHToZZTo4L.root
2026-03-06 19:50:55,342 - INFO - [2023] MISSING_CENTRAL: SR1E2Mu/Central/bjets/3/energy in Skim_TriLep_MuonEG_C_v1.root
2026-03-06 19:50:55,343 - INFO - [2023] MISSING_CENTRAL: SR1E2Mu/Central/bjets/3/energy in Skim_TriLep_MuonEG_C_v2.root
2026-03-06 19:50:55,343 - INFO - [2023] MISSING_CENTRAL: SR1E2Mu/Central/bjets/3/energy in Skim_TriLep_MuonEG_C_v3.root
2026-03-06 19:50:55,345 - INFO - [2023] MISSING_CENTRAL: SR1E2Mu/Central/bjets/3/energy in Skim_TriLep_DYJets.root
2026-03-06 19:50:55,346 - INFO - [2023] MISSING_CENTRAL: SR1E2Mu/Central/bjets/3/energy in Skim_TriLep_DYJets10to50.root
2026-03-06 19:50:55,346 - INFO - [2023] MISSING_CENTRAL: SR1E2Mu/Central/bjets/3/energy in Skim_TriLep_TTG_PTG10to100.root
2026-03-06 19:50:55,347 - INFO - [2023] MISSING_CENTRAL: SR1E2Mu/Central/bjets/3/energy in Skim_TriLep_TTG_PTG100to200.root
2026-03-06 19:50:55,347 - INFO - [2023] MISSING_CENTRAL: SR1E2Mu/Central/bjets/3/energy in Skim_TriLep_TTG_PTG200toInf.root
2026-03-06 19:50:55,422 - INFO - [2023] MISSING_CENTRAL: SR1E2Mu/Central/bjets/3/energy in Skim_TriLep_WZTo3LNu_powheg.root
2026-03-06 19:50:55,423 - INFO - [2023] MISSING_CENTRAL: SR1E2Mu/Central/bjets/3/energy in Skim_TriLep_ZZTo4L_powheg.root
2026-03-06 19:50:55,437 - INFO - [2023] MISSING_CENTRAL: SR1E2Mu/Central/bjets/3/energy in Skim_TriLep_WWW.root
2026-03-06 19:50:55,496 - INFO - [2023] MISSING_CENTRAL: SR1E2Mu/Central/bjets/3/energy in Skim_TriLep_VBFHToZZTo4L.root
2026-03-06 19:50:55,496 - INFO - [2023] MISSING_CENTRAL: SR1E2Mu/Central/bjets/3/energy in Skim_TriLep_ggHToZZTo4L.root
2026-03-06 19:50:55,498 - INFO - [2023BPix] MISSING_CENTRAL: SR1E2Mu/Central/bjets/3/energy in Skim_TriLep_MuonEG_D_v2.root
2026-03-06 19:50:55,498 - INFO - [2023BPix] MISSING_CENTRAL: SR1E2Mu/Central/bjets/3/energy in Skim_TriLep_DYJets.root
2026-03-06 19:50:55,499 - INFO - [2023BPix] MISSING_CENTRAL: SR1E2Mu/Central/bjets/3/energy in Skim_TriLep_DYJets10to50.root
2026-03-06 19:50:55,499 - INFO - [2023BPix] MISSING_CENTRAL: SR1E2Mu/Central/bjets/3/energy in Skim_TriLep_TTG_PTG10to100.root
2026-03-06 19:50:55,500 - INFO - [2023BPix] MISSING_CENTRAL: SR1E2Mu/Central/bjets/3/energy in Skim_TriLep_TTG_PTG100to200.root
2026-03-06 19:50:55,500 - INFO - [2023BPix] MISSING_CENTRAL: SR1E2Mu/Central/bjets/3/energy in Skim_TriLep_TTG_PTG200toInf.root
2026-03-06 19:50:55,564 - INFO - [2023BPix] MISSING_CENTRAL: SR1E2Mu/Central/bjets/3/energy in Skim_TriLep_WZTo3LNu_powheg.root
2026-03-06 19:50:55,565 - INFO - [2023BPix] MISSING_CENTRAL: SR1E2Mu/Central/bjets/3/energy in Skim_TriLep_ZZTo4L_powheg.root
2026-03-06 19:50:55,575 - INFO - [2023BPix] MISSING_CENTRAL: SR1E2Mu/Central/bjets/3/energy in Skim_TriLep_WWW.root
2026-03-06 19:50:55,576 - INFO - [2023BPix] MISSING_CENTRAL: SR1E2Mu/Central/bjets/3/energy in Skim_TriLep_WWZ.root
2026-03-06 19:50:55,607 - INFO - [2023BPix] MISSING_CENTRAL: SR1E2Mu/Central/bjets/3/energy in Skim_TriLep_VBFHToZZTo4L.root
2026-03-06 19:50:55,608 - INFO - [2023BPix] MISSING_CENTRAL: SR1E2Mu/Central/bjets/3/energy in Skim_TriLep_ggHToZZTo4L.root
2026-04-10 20:25:48,642 - INFO - [2022] MISSING_CENTRAL: SR1E2Mu/Central/bjets/3/energy in Skim_TriLep_MuonEG_C.root
2026-04-10 20:25:48,643 - INFO - [2022] MISSING_CENTRAL: SR1E2Mu/Central/bjets/3/energy in Skim_TriLep_MuonEG_D.root
2026-04-10 20:25:48,644 - INFO - [2022EE] MISSING_CENTRAL: SR1E2Mu/Central/bjets/3/energy in Skim_TriLep_MuonEG_E.root
2026-04-10 20:25:48,644 - INFO - [2022EE] MISSING_CENTRAL: SR1E2Mu/Central/bjets/3/energy in Skim_TriLep_MuonEG_F.root
2026-04-10 20:25:48,644 - INFO - [2022EE] MISSING_CENTRAL: SR1E2Mu/Central/bjets/3/energy in Skim_TriLep_MuonEG_G.root
2026-04-10 20:25:48,645 - INFO - [2023] MISSING_CENTRAL: SR1E2Mu/Central/bjets/3/energy in Skim_TriLep_MuonEG_C_v1.root
2026-04-10 20:25:48,645 - INFO - [2023] MISSING_CENTRAL: SR1E2Mu/Central/bjets/3/energy in Skim_TriLep_MuonEG_C_v2.root
2026-04-10 20:25:48,646 - INFO - [2023] MISSING_CENTRAL: SR1E2Mu/Central/bjets/3/energy in Skim_TriLep_MuonEG_C_v3.root
2026-04-10 20:25:48,702 - INFO - [2023BPix] MISSING_CENTRAL: SR1E2Mu/Central/bjets/3/energy in Skim_TriLep_MuonEG_D_v1.root
2026-04-10 20:25:48,703 - INFO - [2023BPix] MISSING_CENTRAL: SR1E2Mu/Central/bjets/3/energy in Skim_TriLep_MuonEG_D_v2.root
2026-04-10 20:25:48,718 - INFO - [2022] MISSING_CENTRAL: SR1E2Mu/Central/bjets/3/energy in Skim_TriLep_MuonEG_D.root
2026-04-10 20:25:48,718 - INFO - [2022] MISSING_CENTRAL: SR1E2Mu/Central/bjets/3/energy in Skim_TriLep_DYJets.root
2026-04-10 20:25:48,719 - INFO - [2022] MISSING_CENTRAL: SR1E2Mu/Central/bjets/3/energy in Skim_TriLep_DYJets10to50.root
2026-04-10 20:25:48,719 - INFO - [2022] MISSING_CENTRAL: SR1E2Mu/Central/bjets/3/energy in Skim_TriLep_TTG_PTG10to100.root
2026-04-10 20:25:48,720 - INFO - [2022] MISSING_CENTRAL: SR1E2Mu/Central/bjets/3/energy in Skim_TriLep_TTG_PTG100to200.root
2026-04-10 20:25:48,720 - INFO - [2022] MISSING_CENTRAL: SR1E2Mu/Central/bjets/3/energy in Skim_TriLep_TTG_PTG200toInf.root
2026-04-10 20:25:48,804 - INFO - [2022] MISSING_CENTRAL: SR1E2Mu/Central/bjets/3/energy in Skim_TriLep_WZTo3LNu_powheg.root
2026-04-10 20:25:48,804 - INFO - [2022] MISSING_CENTRAL: SR1E2Mu/Central/bjets/3/energy in Skim_TriLep_ZZTo4L_powheg.root
2026-04-10 20:25:48,819 - INFO - [2022] MISSING_CENTRAL: SR1E2Mu/Central/bjets/3/energy in Skim_TriLep_WWW.root
2026-04-10 20:25:48,819 - INFO - [2022] MISSING_CENTRAL: SR1E2Mu/Central/bjets/3/energy in Skim_TriLep_WWZ.root
2026-04-10 20:25:48,820 - INFO - [2022] MISSING_CENTRAL: SR1E2Mu/Central/bjets/3/energy in Skim_TriLep_WZZ.root
2026-04-10 20:25:48,821 - INFO - [2022] MISSING_CENTRAL: SR1E2Mu/Central/bjets/3/energy in Skim_TriLep_ZZZ.root
2026-04-10 20:25:48,836 - INFO - [2022] MISSING_CENTRAL: SR1E2Mu/Central/bjets/3/energy in Skim_TriLep_VBFHToZZTo4L.root
2026-04-10 20:25:48,837 - INFO - [2022] MISSING_CENTRAL: SR1E2Mu/Central/bjets/3/energy in Skim_TriLep_ggHToZZTo4L.root
2026-04-10 20:25:48,837 - INFO - [2022EE] MISSING_CENTRAL: SR1E2Mu/Central/bjets/3/energy in Skim_TriLep_MuonEG_E.root
2026-04-10 20:25:48,838 - INFO - [2022EE] MISSING_CENTRAL: SR1E2Mu/Central/bjets/3/energy in Skim_TriLep_MuonEG_G.root
2026-04-10 20:25:48,839 - INFO - [2022EE] MISSING_CENTRAL: SR1E2Mu/Central/bjets/3/energy in Skim_TriLep_DYJets.root
2026-04-10 20:25:48,839 - INFO - [2022EE] MISSING_CENTRAL: SR1E2Mu/Central/bjets/3/energy in Skim_TriLep_DYJets10to50.root
2026-04-10 20:25:48,855 - INFO - [2022EE] MISSING_CENTRAL: SR1E2Mu/Central/bjets/3/energy in Skim_TriLep_TTG_PTG100to200.root
2026-04-10 20:25:48,856 - INFO - [2022EE] MISSING_CENTRAL: SR1E2Mu/Central/bjets/3/energy in Skim_TriLep_TTG_PTG200toInf.root
2026-04-10 20:25:48,856 - INFO - [2022EE] MISSING_CENTRAL: SR1E2Mu/Central/bjets/3/energy in Skim_TriLep_TTWToLNu.root
2026-04-10 20:25:48,967 - INFO - [2022EE] MISSING_CENTRAL: SR1E2Mu/Central/bjets/3/energy in Skim_TriLep_WWW.root
2026-04-10 20:25:48,968 - INFO - [2022EE] MISSING_CENTRAL: SR1E2Mu/Central/bjets/3/energy in Skim_TriLep_WWZ.root
2026-04-10 20:25:48,985 - INFO - [2022EE] MISSING_CENTRAL: SR1E2Mu/Central/bjets/3/energy in Skim_TriLep_ZZZ.root
2026-04-10 20:25:49,003 - INFO - [2022EE] MISSING_CENTRAL: SR1E2Mu/Central/bjets/3/energy in Skim_TriLep_VBFHToZZTo4L.root
2026-04-10 20:25:49,004 - INFO - [2022EE] MISSING_CENTRAL: SR1E2Mu/Central/bjets/3/energy in Skim_TriLep_ggHToZZTo4L.root
2026-04-10 20:25:49,005 - INFO - [2023] MISSING_CENTRAL: SR1E2Mu/Central/bjets/3/energy in Skim_TriLep_MuonEG_C_v1.root
2026-04-10 20:25:49,005 - INFO - [2023] MISSING_CENTRAL: SR1E2Mu/Central/bjets/3/energy in Skim_TriLep_MuonEG_C_v2.root
2026-04-10 20:25:49,006 - INFO - [2023] MISSING_CENTRAL: SR1E2Mu/Central/bjets/3/energy in Skim_TriLep_MuonEG_C_v3.root
2026-04-10 20:25:49,008 - INFO - [2023] MISSING_CENTRAL: SR1E2Mu/Central/bjets/3/energy in Skim_TriLep_DYJets.root
2026-04-10 20:25:49,009 - INFO - [2023] MISSING_CENTRAL: SR1E2Mu/Central/bjets/3/energy in Skim_TriLep_DYJets10to50.root
2026-04-10 20:25:49,009 - INFO - [2023] MISSING_CENTRAL: SR1E2Mu/Central/bjets/3/energy in Skim_TriLep_TTG_PTG10to100.root
2026-04-10 20:25:49,010 - INFO - [2023] MISSING_CENTRAL: SR1E2Mu/Central/bjets/3/energy in Skim_TriLep_TTG_PTG100to200.root
2026-04-10 20:25:49,010 - INFO - [2023] MISSING_CENTRAL: SR1E2Mu/Central/bjets/3/energy in Skim_TriLep_TTG_PTG200toInf.root
2026-04-10 20:25:49,094 - INFO - [2023] MISSING_CENTRAL: SR1E2Mu/Central/bjets/3/energy in Skim_TriLep_WZTo3LNu_powheg.root
2026-04-10 20:25:49,095 - INFO - [2023] MISSING_CENTRAL: SR1E2Mu/Central/bjets/3/energy in Skim_TriLep_ZZTo4L_powheg.root
2026-04-10 20:25:49,112 - INFO - [2023] MISSING_CENTRAL: SR1E2Mu/Central/bjets/3/energy in Skim_TriLep_WWW.root
2026-04-10 20:25:49,178 - INFO - [2023] MISSING_CENTRAL: SR1E2Mu/Central/bjets/3/energy in Skim_TriLep_VBFHToZZTo4L.root
2026-04-10 20:25:49,179 - INFO - [2023] MISSING_CENTRAL: SR1E2Mu/Central/bjets/3/energy in Skim_TriLep_ggHToZZTo4L.root
2026-04-10 20:25:49,181 - INFO - [2023BPix] MISSING_CENTRAL: SR1E2Mu/Central/bjets/3/energy in Skim_TriLep_MuonEG_D_v2.root
2026-04-10 20:25:49,182 - INFO - [2023BPix] MISSING_CENTRAL: SR1E2Mu/Central/bjets/3/energy in Skim_TriLep_DYJets.root
2026-04-10 20:25:49,183 - INFO - [2023BPix] MISSING_CENTRAL: SR1E2Mu/Central/bjets/3/energy in Skim_TriLep_DYJets10to50.root
2026-04-10 20:25:49,183 - INFO - [2023BPix] MISSING_CENTRAL: SR1E2Mu/Central/bjets/3/energy in Skim_TriLep_TTG_PTG10to100.root
2026-04-10 20:25:49,184 - INFO - [2023BPix] MISSING_CENTRAL: SR1E2Mu/Central/bjets/3/energy in Skim_TriLep_TTG_PTG100to200.root
2026-04-10 20:25:49,185 - INFO - [2023BPix] MISSING_CENTRAL: SR1E2Mu/Central/bjets/3/energy in Skim_TriLep_TTG_PTG200toInf.root
2026-04-10 20:25:49,270 - INFO - [2023BPix] MISSING_CENTRAL: SR1E2Mu/Central/bjets/3/energy in Skim_TriLep_WZTo3LNu_powheg.root
2026-04-10 20:25:49,271 - INFO - [2023BPix] MISSING_CENTRAL: SR1E2Mu/Central/bjets/3/energy in Skim_TriLep_ZZTo4L_powheg.root
2026-04-10 20:25:49,288 - INFO - [2023BPix] MISSING_CENTRAL: SR1E2Mu/Central/bjets/3/energy in Skim_TriLep_WWW.root
2026-04-10 20:25:49,289 - INFO - [2023BPix] MISSING_CENTRAL: SR1E2Mu/Central/bjets/3/energy in Skim_TriLep_WWZ.root
2026-04-10 20:25:49,340 - INFO - [2023BPix] MISSING_CENTRAL: SR1E2Mu/Central/bjets/3/energy in Skim_TriLep_VBFHToZZTo4L.root
2026-04-10 20:25:49,342 - INFO - [2023BPix] MISSING_CENTRAL: SR1E2Mu/Central/bjets/3/energy in Skim_TriLep_ggHToZZTo4L.root
2026-04-12 11:41:13,467 - INFO - [2022] MISSING_CENTRAL: SR1E2Mu/Central/bjets/3/energy in Skim_TriLep_MuonEG_C.root
2026-04-12 11:41:13,468 - INFO - [2022] MISSING_CENTRAL: SR1E2Mu/Central/bjets/3/energy in Skim_TriLep_MuonEG_D.root
2026-04-12 11:41:13,468 - INFO - [2022EE] MISSING_CENTRAL: SR1E2Mu/Central/bjets/3/energy in Skim_TriLep_MuonEG_E.root
2026-04-12 11:41:13,469 - INFO - [2022EE] MISSING_CENTRAL: SR1E2Mu/Central/bjets/3/energy in Skim_TriLep_MuonEG_F.root
2026-04-12 11:41:13,470 - INFO - [2022EE] MISSING_CENTRAL: SR1E2Mu/Central/bjets/3/energy in Skim_TriLep_MuonEG_G.root
2026-04-12 11:41:13,470 - INFO - [2023] MISSING_CENTRAL: SR1E2Mu/Central/bjets/3/energy in Skim_TriLep_MuonEG_C_v1.root
2026-04-12 11:41:13,471 - INFO - [2023] MISSING_CENTRAL: SR1E2Mu/Central/bjets/3/energy in Skim_TriLep_MuonEG_C_v2.root
2026-04-12 11:41:13,471 - INFO - [2023] MISSING_CENTRAL: SR1E2Mu/Central/bjets/3/energy in Skim_TriLep_MuonEG_C_v3.root
2026-04-12 11:41:13,527 - INFO - [2023BPix] MISSING_CENTRAL: SR1E2Mu/Central/bjets/3/energy in Skim_TriLep_MuonEG_D_v1.root
2026-04-12 11:41:13,527 - INFO - [2023BPix] MISSING_CENTRAL: SR1E2Mu/Central/bjets/3/energy in Skim_TriLep_MuonEG_D_v2.root
2026-04-12 11:41:13,542 - INFO - [2022] MISSING_CENTRAL: SR1E2Mu/Central/bjets/3/energy in Skim_TriLep_MuonEG_D.root
2026-04-12 11:41:13,543 - INFO - [2022] MISSING_CENTRAL: SR1E2Mu/Central/bjets/3/energy in Skim_TriLep_DYJets.root
2026-04-12 11:41:13,544 - INFO - [2022] MISSING_CENTRAL: SR1E2Mu/Central/bjets/3/energy in Skim_TriLep_DYJets10to50.root
2026-04-12 11:41:13,544 - INFO - [2022] MISSING_CENTRAL: SR1E2Mu/Central/bjets/3/energy in Skim_TriLep_TTG_PTG10to100.root
2026-04-12 11:41:13,545 - INFO - [2022] MISSING_CENTRAL: SR1E2Mu/Central/bjets/3/energy in Skim_TriLep_TTG_PTG100to200.root
2026-04-12 11:41:13,546 - INFO - [2022] MISSING_CENTRAL: SR1E2Mu/Central/bjets/3/energy in Skim_TriLep_TTG_PTG200toInf.root
2026-04-12 11:41:13,638 - INFO - [2022] MISSING_CENTRAL: SR1E2Mu/Central/bjets/3/energy in Skim_TriLep_WZTo3LNu_powheg.root
2026-04-12 11:41:13,638 - INFO - [2022] MISSING_CENTRAL: SR1E2Mu/Central/bjets/3/energy in Skim_TriLep_ZZTo4L_powheg.root
2026-04-12 11:41:13,654 - INFO - [2022] MISSING_CENTRAL: SR1E2Mu/Central/bjets/3/energy in Skim_TriLep_WWW.root
2026-04-12 11:41:13,655 - INFO - [2022] MISSING_CENTRAL: SR1E2Mu/Central/bjets/3/energy in Skim_TriLep_WWZ.root
2026-04-12 11:41:13,655 - INFO - [2022] MISSING_CENTRAL: SR1E2Mu/Central/bjets/3/energy in Skim_TriLep_WZZ.root
2026-04-12 11:41:13,656 - INFO - [2022] MISSING_CENTRAL: SR1E2Mu/Central/bjets/3/energy in Skim_TriLep_ZZZ.root
2026-04-12 11:41:13,673 - INFO - [2022] MISSING_CENTRAL: SR1E2Mu/Central/bjets/3/energy in Skim_TriLep_VBFHToZZTo4L.root
2026-04-12 11:41:13,674 - INFO - [2022] MISSING_CENTRAL: SR1E2Mu/Central/bjets/3/energy in Skim_TriLep_ggHToZZTo4L.root
2026-04-12 11:41:13,675 - INFO - [2022EE] MISSING_CENTRAL: SR1E2Mu/Central/bjets/3/energy in Skim_TriLep_MuonEG_E.root
2026-04-12 11:41:13,676 - INFO - [2022EE] MISSING_CENTRAL: SR1E2Mu/Central/bjets/3/energy in Skim_TriLep_MuonEG_G.root
2026-04-12 11:41:13,677 - INFO - [2022EE] MISSING_CENTRAL: SR1E2Mu/Central/bjets/3/energy in Skim_TriLep_DYJets.root
2026-04-12 11:41:13,677 - INFO - [2022EE] MISSING_CENTRAL: SR1E2Mu/Central/bjets/3/energy in Skim_TriLep_DYJets10to50.root
2026-04-12 11:41:13,694 - INFO - [2022EE] MISSING_CENTRAL: SR1E2Mu/Central/bjets/3/energy in Skim_TriLep_TTG_PTG100to200.root
2026-04-12 11:41:13,695 - INFO - [2022EE] MISSING_CENTRAL: SR1E2Mu/Central/bjets/3/energy in Skim_TriLep_TTG_PTG200toInf.root
2026-04-12 11:41:13,695 - INFO - [2022EE] MISSING_CENTRAL: SR1E2Mu/Central/bjets/3/energy in Skim_TriLep_TTWToLNu.root
2026-04-12 11:41:13,810 - INFO - [2022EE] MISSING_CENTRAL: SR1E2Mu/Central/bjets/3/energy in Skim_TriLep_WWW.root
2026-04-12 11:41:13,810 - INFO - [2022EE] MISSING_CENTRAL: SR1E2Mu/Central/bjets/3/energy in Skim_TriLep_WWZ.root
2026-04-12 11:41:13,827 - INFO - [2022EE] MISSING_CENTRAL: SR1E2Mu/Central/bjets/3/energy in Skim_TriLep_ZZZ.root
2026-04-12 11:41:13,845 - INFO - [2022EE] MISSING_CENTRAL: SR1E2Mu/Central/bjets/3/energy in Skim_TriLep_VBFHToZZTo4L.root
2026-04-12 11:41:13,846 - INFO - [2022EE] MISSING_CENTRAL: SR1E2Mu/Central/bjets/3/energy in Skim_TriLep_ggHToZZTo4L.root
2026-04-12 11:41:13,846 - INFO - [2023] MISSING_CENTRAL: SR1E2Mu/Central/bjets/3/energy in Skim_TriLep_MuonEG_C_v1.root
2026-04-12 11:41:13,847 - INFO - [2023] MISSING_CENTRAL: SR1E2Mu/Central/bjets/3/energy in Skim_TriLep_MuonEG_C_v2.root
2026-04-12 11:41:13,847 - INFO - [2023] MISSING_CENTRAL: SR1E2Mu/Central/bjets/3/energy in Skim_TriLep_MuonEG_C_v3.root
2026-04-12 11:41:13,849 - INFO - [2023] MISSING_CENTRAL: SR1E2Mu/Central/bjets/3/energy in Skim_TriLep_DYJets.root
2026-04-12 11:41:13,850 - INFO - [2023] MISSING_CENTRAL: SR1E2Mu/Central/bjets/3/energy in Skim_TriLep_DYJets10to50.root
2026-04-12 11:41:13,851 - INFO - [2023] MISSING_CENTRAL: SR1E2Mu/Central/bjets/3/energy in Skim_TriLep_TTG_PTG10to100.root
2026-04-12 11:41:13,851 - INFO - [2023] MISSING_CENTRAL: SR1E2Mu/Central/bjets/3/energy in Skim_TriLep_TTG_PTG100to200.root
2026-04-12 11:41:13,852 - INFO - [2023] MISSING_CENTRAL: SR1E2Mu/Central/bjets/3/energy in Skim_TriLep_TTG_PTG200toInf.root
2026-04-12 11:41:13,934 - INFO - [2023] MISSING_CENTRAL: SR1E2Mu/Central/bjets/3/energy in Skim_TriLep_WZTo3LNu_powheg.root
2026-04-12 11:41:13,935 - INFO - [2023] MISSING_CENTRAL: SR1E2Mu/Central/bjets/3/energy in Skim_TriLep_ZZTo4L_powheg.root
2026-04-12 11:41:13,953 - INFO - [2023] MISSING_CENTRAL: SR1E2Mu/Central/bjets/3/energy in Skim_TriLep_WWW.root
2026-04-12 11:41:14,021 - INFO - [2023] MISSING_CENTRAL: SR1E2Mu/Central/bjets/3/energy in Skim_TriLep_VBFHToZZTo4L.root
2026-04-12 11:41:14,022 - INFO - [2023] MISSING_CENTRAL: SR1E2Mu/Central/bjets/3/energy in Skim_TriLep_ggHToZZTo4L.root
2026-04-12 11:41:14,024 - INFO - [2023BPix] MISSING_CENTRAL: SR1E2Mu/Central/bjets/3/energy in Skim_TriLep_MuonEG_D_v2.root
2026-04-12 11:41:14,024 - INFO - [2023BPix] MISSING_CENTRAL: SR1E2Mu/Central/bjets/3/energy in Skim_TriLep_DYJets.root
2026-04-12 11:41:14,025 - INFO - [2023BPix] MISSING_CENTRAL: SR1E2Mu/Central/bjets/3/energy in Skim_TriLep_DYJets10to50.root
2026-04-12 11:41:14,026 - INFO - [2023BPix] MISSING_CENTRAL: SR1E2Mu/Central/bjets/3/energy in Skim_TriLep_TTG_PTG10to100.root
2026-04-12 11:41:14,026 - INFO - [2023BPix] MISSING_CENTRAL: SR1E2Mu/Central/bjets/3/energy in Skim_TriLep_TTG_PTG100to200.root
2026-04-12 11:41:14,027 - INFO - [2023BPix] MISSING_CENTRAL: SR1E2Mu/Central/bjets/3/energy in Skim_TriLep_TTG_PTG200toInf.root
2026-04-12 11:41:14,120 - INFO - [2023BPix] MISSING_CENTRAL: SR1E2Mu/Central/bjets/3/energy in Skim_TriLep_WZTo3LNu_powheg.root
2026-04-12 11:41:14,122 - INFO - [2023BPix] MISSING_CENTRAL: SR1E2Mu/Central/bjets/3/energy in Skim_TriLep_ZZTo4L_powheg.root
2026-04-12 11:41:14,145 - INFO - [2023BPix] MISSING_CENTRAL: SR1E2Mu/Central/bjets/3/energy in Skim_TriLep_WWW.root
2026-04-12 11:41:14,146 - INFO - [2023BPix] MISSING_CENTRAL: SR1E2Mu/Central/bjets/3/energy in Skim_TriLep_WWZ.root
2026-04-12 11:41:14,196 - INFO - [2023BPix] MISSING_CENTRAL: SR1E2Mu/Central/bjets/3/energy in Skim_TriLep_VBFHToZZTo4L.root
2026-04-12 11:41:14,197 - INFO - [2023BPix] MISSING_CENTRAL: SR1E2Mu/Central/bjets/3/energy in Skim_TriLep_ggHToZZTo4L.root
2026-04-12 12:22:53,911 - INFO - [2022] MISSING_CENTRAL: SR1E2Mu/Central/bjets/3/energy in Skim_TriLep_MuonEG_C.root
2026-04-12 12:22:53,911 - INFO - [2022] MISSING_CENTRAL: SR1E2Mu/Central/bjets/3/energy in Skim_TriLep_MuonEG_D.root
2026-04-12 12:22:53,912 - INFO - [2022EE] MISSING_CENTRAL: SR1E2Mu/Central/bjets/3/energy in Skim_TriLep_MuonEG_E.root
2026-04-12 12:22:53,912 - INFO - [2022EE] MISSING_CENTRAL: SR1E2Mu/Central/bjets/3/energy in Skim_TriLep_MuonEG_F.root
2026-04-12 12:22:53,913 - INFO - [2022EE] MISSING_CENTRAL: SR1E2Mu/Central/bjets/3/energy in Skim_TriLep_MuonEG_G.root
2026-04-12 12:22:53,913 - INFO - [2023] MISSING_CENTRAL: SR1E2Mu/Central/bjets/3/energy in Skim_TriLep_MuonEG_C_v1.root
2026-04-12 12:22:53,914 - INFO - [2023] MISSING_CENTRAL: SR1E2Mu/Central/bjets/3/energy in Skim_TriLep_MuonEG_C_v2.root
2026-04-12 12:22:53,914 - INFO - [2023] MISSING_CENTRAL: SR1E2Mu/Central/bjets/3/energy in Skim_TriLep_MuonEG_C_v3.root
2026-04-12 12:22:53,972 - INFO - [2023BPix] MISSING_CENTRAL: SR1E2Mu/Central/bjets/3/energy in Skim_TriLep_MuonEG_D_v1.root
2026-04-12 12:22:53,972 - INFO - [2023BPix] MISSING_CENTRAL: SR1E2Mu/Central/bjets/3/energy in Skim_TriLep_MuonEG_D_v2.root
2026-04-12 12:22:53,988 - INFO - [2022] MISSING_CENTRAL: SR1E2Mu/Central/bjets/3/energy in Skim_TriLep_MuonEG_D.root
2026-04-12 12:22:53,988 - INFO - [2022] MISSING_CENTRAL: SR1E2Mu/Central/bjets/3/energy in Skim_TriLep_DYJets.root
2026-04-12 12:22:53,989 - INFO - [2022] MISSING_CENTRAL: SR1E2Mu/Central/bjets/3/energy in Skim_TriLep_DYJets10to50.root
2026-04-12 12:22:53,990 - INFO - [2022] MISSING_CENTRAL: SR1E2Mu/Central/bjets/3/energy in Skim_TriLep_TTG_PTG10to100.root
2026-04-12 12:22:53,990 - INFO - [2022] MISSING_CENTRAL: SR1E2Mu/Central/bjets/3/energy in Skim_TriLep_TTG_PTG100to200.root
2026-04-12 12:22:53,991 - INFO - [2022] MISSING_CENTRAL: SR1E2Mu/Central/bjets/3/energy in Skim_TriLep_TTG_PTG200toInf.root
2026-04-12 12:22:54,083 - INFO - [2022] MISSING_CENTRAL: SR1E2Mu/Central/bjets/3/energy in Skim_TriLep_WZTo3LNu_powheg.root
2026-04-12 12:22:54,084 - INFO - [2022] MISSING_CENTRAL: SR1E2Mu/Central/bjets/3/energy in Skim_TriLep_ZZTo4L_powheg.root
2026-04-12 12:22:54,100 - INFO - [2022] MISSING_CENTRAL: SR1E2Mu/Central/bjets/3/energy in Skim_TriLep_WWW.root
2026-04-12 12:22:54,101 - INFO - [2022] MISSING_CENTRAL: SR1E2Mu/Central/bjets/3/energy in Skim_TriLep_WWZ.root
2026-04-12 12:22:54,102 - INFO - [2022] MISSING_CENTRAL: SR1E2Mu/Central/bjets/3/energy in Skim_TriLep_WZZ.root
2026-04-12 12:22:54,102 - INFO - [2022] MISSING_CENTRAL: SR1E2Mu/Central/bjets/3/energy in Skim_TriLep_ZZZ.root
2026-04-12 12:22:54,120 - INFO - [2022] MISSING_CENTRAL: SR1E2Mu/Central/bjets/3/energy in Skim_TriLep_VBFHToZZTo4L.root
2026-04-12 12:22:54,121 - INFO - [2022] MISSING_CENTRAL: SR1E2Mu/Central/bjets/3/energy in Skim_TriLep_ggHToZZTo4L.root
2026-04-12 12:22:54,122 - INFO - [2022EE] MISSING_CENTRAL: SR1E2Mu/Central/bjets/3/energy in Skim_TriLep_MuonEG_E.root
2026-04-12 12:22:54,123 - INFO - [2022EE] MISSING_CENTRAL: SR1E2Mu/Central/bjets/3/energy in Skim_TriLep_MuonEG_G.root
2026-04-12 12:22:54,124 - INFO - [2022EE] MISSING_CENTRAL: SR1E2Mu/Central/bjets/3/energy in Skim_TriLep_DYJets.root
2026-04-12 12:22:54,124 - INFO - [2022EE] MISSING_CENTRAL: SR1E2Mu/Central/bjets/3/energy in Skim_TriLep_DYJets10to50.root
2026-04-12 12:22:54,142 - INFO - [2022EE] MISSING_CENTRAL: SR1E2Mu/Central/bjets/3/energy in Skim_TriLep_TTG_PTG100to200.root
2026-04-12 12:22:54,142 - INFO - [2022EE] MISSING_CENTRAL: SR1E2Mu/Central/bjets/3/energy in Skim_TriLep_TTG_PTG200toInf.root
2026-04-12 12:22:54,143 - INFO - [2022EE] MISSING_CENTRAL: SR1E2Mu/Central/bjets/3/energy in Skim_TriLep_TTWToLNu.root
2026-04-12 12:22:54,262 - INFO - [2022EE] MISSING_CENTRAL: SR1E2Mu/Central/bjets/3/energy in Skim_TriLep_WWW.root
2026-04-12 12:22:54,263 - INFO - [2022EE] MISSING_CENTRAL: SR1E2Mu/Central/bjets/3/energy in Skim_TriLep_WWZ.root
2026-04-12 12:22:54,281 - INFO - [2022EE] MISSING_CENTRAL: SR1E2Mu/Central/bjets/3/energy in Skim_TriLep_ZZZ.root
2026-04-12 12:22:54,299 - INFO - [2022EE] MISSING_CENTRAL: SR1E2Mu/Central/bjets/3/energy in Skim_TriLep_VBFHToZZTo4L.root
2026-04-12 12:22:54,300 - INFO - [2022EE] MISSING_CENTRAL: SR1E2Mu/Central/bjets/3/energy in Skim_TriLep_ggHToZZTo4L.root
2026-04-12 12:22:54,301 - INFO - [2023] MISSING_CENTRAL: SR1E2Mu/Central/bjets/3/energy in Skim_TriLep_MuonEG_C_v1.root
2026-04-12 12:22:54,301 - INFO - [2023] MISSING_CENTRAL: SR1E2Mu/Central/bjets/3/energy in Skim_TriLep_MuonEG_C_v2.root
2026-04-12 12:22:54,302 - INFO - [2023] MISSING_CENTRAL: SR1E2Mu/Central/bjets/3/energy in Skim_TriLep_MuonEG_C_v3.root
2026-04-12 12:22:54,304 - INFO - [2023] MISSING_CENTRAL: SR1E2Mu/Central/bjets/3/energy in Skim_TriLep_DYJets.root
2026-04-12 12:22:54,305 - INFO - [2023] MISSING_CENTRAL: SR1E2Mu/Central/bjets/3/energy in Skim_TriLep_DYJets10to50.root
2026-04-12 12:22:54,305 - INFO - [2023] MISSING_CENTRAL: SR1E2Mu/Central/bjets/3/energy in Skim_TriLep_TTG_PTG10to100.root
2026-04-12 12:22:54,306 - INFO - [2023] MISSING_CENTRAL: SR1E2Mu/Central/bjets/3/energy in Skim_TriLep_TTG_PTG100to200.root
2026-04-12 12:22:54,307 - INFO - [2023] MISSING_CENTRAL: SR1E2Mu/Central/bjets/3/energy in Skim_TriLep_TTG_PTG200toInf.root
2026-04-12 12:22:54,393 - INFO - [2023] MISSING_CENTRAL: SR1E2Mu/Central/bjets/3/energy in Skim_TriLep_WZTo3LNu_powheg.root
2026-04-12 12:22:54,395 - INFO - [2023] MISSING_CENTRAL: SR1E2Mu/Central/bjets/3/energy in Skim_TriLep_ZZTo4L_powheg.root
2026-04-12 12:22:54,415 - INFO - [2023] MISSING_CENTRAL: SR1E2Mu/Central/bjets/3/energy in Skim_TriLep_WWW.root
2026-04-12 12:22:54,488 - INFO - [2023] MISSING_CENTRAL: SR1E2Mu/Central/bjets/3/energy in Skim_TriLep_VBFHToZZTo4L.root
2026-04-12 12:22:54,489 - INFO - [2023] MISSING_CENTRAL: SR1E2Mu/Central/bjets/3/energy in Skim_TriLep_ggHToZZTo4L.root
2026-04-12 12:22:54,491 - INFO - [2023BPix] MISSING_CENTRAL: SR1E2Mu/Central/bjets/3/energy in Skim_TriLep_MuonEG_D_v2.root
2026-04-12 12:22:54,492 - INFO - [2023BPix] MISSING_CENTRAL: SR1E2Mu/Central/bjets/3/energy in Skim_TriLep_DYJets.root
2026-04-12 12:22:54,493 - INFO - [2023BPix] MISSING_CENTRAL: SR1E2Mu/Central/bjets/3/energy in Skim_TriLep_DYJets10to50.root
2026-04-12 12:22:54,493 - INFO - [2023BPix] MISSING_CENTRAL: SR1E2Mu/Central/bjets/3/energy in Skim_TriLep_TTG_PTG10to100.root
2026-04-12 12:22:54,494 - INFO - [2023BPix] MISSING_CENTRAL: SR1E2Mu/Central/bjets/3/energy in Skim_TriLep_TTG_PTG100to200.root
2026-04-12 12:22:54,495 - INFO - [2023BPix] MISSING_CENTRAL: SR1E2Mu/Central/bjets/3/energy in Skim_TriLep_TTG_PTG200toInf.root
2026-04-12 12:22:54,589 - INFO - [2023BPix] MISSING_CENTRAL: SR1E2Mu/Central/bjets/3/energy in Skim_TriLep_WZTo3LNu_powheg.root
2026-04-12 12:22:54,590 - INFO - [2023BPix] MISSING_CENTRAL: SR1E2Mu/Central/bjets/3/energy in Skim_TriLep_ZZTo4L_powheg.root
2026-04-12 12:22:54,609 - INFO - [2023BPix] MISSING_CENTRAL: SR1E2Mu/Central/bjets/3/energy in Skim_TriLep_WWW.root
2026-04-12 12:22:54,610 - INFO - [2023BPix] MISSING_CENTRAL: SR1E2Mu/Central/bjets/3/energy in Skim_TriLep_WWZ.root
2026-04-12 12:22:54,661 - INFO - [2023BPix] MISSING_CENTRAL: SR1E2Mu/Central/bjets/3/energy in Skim_TriLep_VBFHToZZTo4L.root
2026-04-12 12:22:54,662 - INFO - [2023BPix] MISSING_CENTRAL: SR1E2Mu/Central/bjets/3/energy in Skim_TriLep_ggHToZZTo4L.root
2026-04-12 12:42:32,920 - INFO - [2022] MISSING_CENTRAL: SR1E2Mu/Central/bjets/3/energy in Skim_TriLep_MuonEG_C.root
2026-04-12 12:42:32,921 - INFO - [2022] MISSING_CENTRAL: SR1E2Mu/Central/bjets/3/energy in Skim_TriLep_MuonEG_D.root
2026-04-12 12:42:32,921 - INFO - [2022EE] MISSING_CENTRAL: SR1E2Mu/Central/bjets/3/energy in Skim_TriLep_MuonEG_E.root
2026-04-12 12:42:32,922 - INFO - [2022EE] MISSING_CENTRAL: SR1E2Mu/Central/bjets/3/energy in Skim_TriLep_MuonEG_F.root
2026-04-12 12:42:32,922 - INFO - [2022EE] MISSING_CENTRAL: SR1E2Mu/Central/bjets/3/energy in Skim_TriLep_MuonEG_G.root
2026-04-12 12:42:32,923 - INFO - [2023] MISSING_CENTRAL: SR1E2Mu/Central/bjets/3/energy in Skim_TriLep_MuonEG_C_v1.root
2026-04-12 12:42:32,923 - INFO - [2023] MISSING_CENTRAL: SR1E2Mu/Central/bjets/3/energy in Skim_TriLep_MuonEG_C_v2.root
2026-04-12 12:42:32,924 - INFO - [2023] MISSING_CENTRAL: SR1E2Mu/Central/bjets/3/energy in Skim_TriLep_MuonEG_C_v3.root
2026-04-12 12:42:32,977 - INFO - [2023BPix] MISSING_CENTRAL: SR1E2Mu/Central/bjets/3/energy in Skim_TriLep_MuonEG_D_v1.root
2026-04-12 12:42:32,978 - INFO - [2023BPix] MISSING_CENTRAL: SR1E2Mu/Central/bjets/3/energy in Skim_TriLep_MuonEG_D_v2.root
2026-04-12 12:42:32,992 - INFO - [2022] MISSING_CENTRAL: SR1E2Mu/Central/bjets/3/energy in Skim_TriLep_MuonEG_D.root
2026-04-12 12:42:32,993 - INFO - [2022] MISSING_CENTRAL: SR1E2Mu/Central/bjets/3/energy in Skim_TriLep_DYJets.root
2026-04-12 12:42:32,993 - INFO - [2022] MISSING_CENTRAL: SR1E2Mu/Central/bjets/3/energy in Skim_TriLep_DYJets10to50.root
2026-04-12 12:42:32,994 - INFO - [2022] MISSING_CENTRAL: SR1E2Mu/Central/bjets/3/energy in Skim_TriLep_TTG_PTG10to100.root
2026-04-12 12:42:32,995 - INFO - [2022] MISSING_CENTRAL: SR1E2Mu/Central/bjets/3/energy in Skim_TriLep_TTG_PTG100to200.root
2026-04-12 12:42:32,995 - INFO - [2022] MISSING_CENTRAL: SR1E2Mu/Central/bjets/3/energy in Skim_TriLep_TTG_PTG200toInf.root
2026-04-12 12:42:33,085 - INFO - [2022] MISSING_CENTRAL: SR1E2Mu/Central/bjets/3/energy in Skim_TriLep_WZTo3LNu_powheg.root
2026-04-12 12:42:33,085 - INFO - [2022] MISSING_CENTRAL: SR1E2Mu/Central/bjets/3/energy in Skim_TriLep_ZZTo4L_powheg.root
2026-04-12 12:42:33,102 - INFO - [2022] MISSING_CENTRAL: SR1E2Mu/Central/bjets/3/energy in Skim_TriLep_WWW.root
2026-04-12 12:42:33,103 - INFO - [2022] MISSING_CENTRAL: SR1E2Mu/Central/bjets/3/energy in Skim_TriLep_WWZ.root
2026-04-12 12:42:33,103 - INFO - [2022] MISSING_CENTRAL: SR1E2Mu/Central/bjets/3/energy in Skim_TriLep_WZZ.root
2026-04-12 12:42:33,104 - INFO - [2022] MISSING_CENTRAL: SR1E2Mu/Central/bjets/3/energy in Skim_TriLep_ZZZ.root
2026-04-12 12:42:33,121 - INFO - [2022] MISSING_CENTRAL: SR1E2Mu/Central/bjets/3/energy in Skim_TriLep_VBFHToZZTo4L.root
2026-04-12 12:42:33,122 - INFO - [2022] MISSING_CENTRAL: SR1E2Mu/Central/bjets/3/energy in Skim_TriLep_ggHToZZTo4L.root
2026-04-12 12:42:33,122 - INFO - [2022EE] MISSING_CENTRAL: SR1E2Mu/Central/bjets/3/energy in Skim_TriLep_MuonEG_E.root
2026-04-12 12:42:33,124 - INFO - [2022EE] MISSING_CENTRAL: SR1E2Mu/Central/bjets/3/energy in Skim_TriLep_MuonEG_G.root
2026-04-12 12:42:33,124 - INFO - [2022EE] MISSING_CENTRAL: SR1E2Mu/Central/bjets/3/energy in Skim_TriLep_DYJets.root
2026-04-12 12:42:33,125 - INFO - [2022EE] MISSING_CENTRAL: SR1E2Mu/Central/bjets/3/energy in Skim_TriLep_DYJets10to50.root
2026-04-12 12:42:33,142 - INFO - [2022EE] MISSING_CENTRAL: SR1E2Mu/Central/bjets/3/energy in Skim_TriLep_TTG_PTG100to200.root
2026-04-12 12:42:33,142 - INFO - [2022EE] MISSING_CENTRAL: SR1E2Mu/Central/bjets/3/energy in Skim_TriLep_TTG_PTG200toInf.root
2026-04-12 12:42:33,143 - INFO - [2022EE] MISSING_CENTRAL: SR1E2Mu/Central/bjets/3/energy in Skim_TriLep_TTWToLNu.root
2026-04-12 12:42:33,258 - INFO - [2022EE] MISSING_CENTRAL: SR1E2Mu/Central/bjets/3/energy in Skim_TriLep_WWW.root
2026-04-12 12:42:33,258 - INFO - [2022EE] MISSING_CENTRAL: SR1E2Mu/Central/bjets/3/energy in Skim_TriLep_WWZ.root
2026-04-12 12:42:33,275 - INFO - [2022EE] MISSING_CENTRAL: SR1E2Mu/Central/bjets/3/energy in Skim_TriLep_ZZZ.root
2026-04-12 12:42:33,297 - INFO - [2022EE] MISSING_CENTRAL: SR1E2Mu/Central/bjets/3/energy in Skim_TriLep_VBFHToZZTo4L.root
2026-04-12 12:42:33,298 - INFO - [2022EE] MISSING_CENTRAL: SR1E2Mu/Central/bjets/3/energy in Skim_TriLep_ggHToZZTo4L.root
2026-04-12 12:42:33,302 - INFO - [2023] MISSING_CENTRAL: SR1E2Mu/Central/bjets/3/energy in Skim_TriLep_MuonEG_C_v1.root
2026-04-12 12:42:33,303 - INFO - [2023] MISSING_CENTRAL: SR1E2Mu/Central/bjets/3/energy in Skim_TriLep_MuonEG_C_v2.root
2026-04-12 12:42:33,303 - INFO - [2023] MISSING_CENTRAL: SR1E2Mu/Central/bjets/3/energy in Skim_TriLep_MuonEG_C_v3.root
2026-04-12 12:42:33,308 - INFO - [2023] MISSING_CENTRAL: SR1E2Mu/Central/bjets/3/energy in Skim_TriLep_DYJets.root
2026-04-12 12:42:33,308 - INFO - [2023] MISSING_CENTRAL: SR1E2Mu/Central/bjets/3/energy in Skim_TriLep_DYJets10to50.root
2026-04-12 12:42:33,309 - INFO - [2023] MISSING_CENTRAL: SR1E2Mu/Central/bjets/3/energy in Skim_TriLep_TTG_PTG10to100.root
2026-04-12 12:42:33,310 - INFO - [2023] MISSING_CENTRAL: SR1E2Mu/Central/bjets/3/energy in Skim_TriLep_TTG_PTG100to200.root
2026-04-12 12:42:33,311 - INFO - [2023] MISSING_CENTRAL: SR1E2Mu/Central/bjets/3/energy in Skim_TriLep_TTG_PTG200toInf.root
2026-04-12 12:42:33,395 - INFO - [2023] MISSING_CENTRAL: SR1E2Mu/Central/bjets/3/energy in Skim_TriLep_WZTo3LNu_powheg.root
2026-04-12 12:42:33,396 - INFO - [2023] MISSING_CENTRAL: SR1E2Mu/Central/bjets/3/energy in Skim_TriLep_ZZTo4L_powheg.root
2026-04-12 12:42:33,414 - INFO - [2023] MISSING_CENTRAL: SR1E2Mu/Central/bjets/3/energy in Skim_TriLep_WWW.root
2026-04-12 12:42:33,516 - INFO - [2023] MISSING_CENTRAL: SR1E2Mu/Central/bjets/3/energy in Skim_TriLep_VBFHToZZTo4L.root
2026-04-12 12:42:33,517 - INFO - [2023] MISSING_CENTRAL: SR1E2Mu/Central/bjets/3/energy in Skim_TriLep_ggHToZZTo4L.root
2026-04-12 12:42:33,519 - INFO - [2023BPix] MISSING_CENTRAL: SR1E2Mu/Central/bjets/3/energy in Skim_TriLep_MuonEG_D_v2.root
2026-04-12 12:42:33,520 - INFO - [2023BPix] MISSING_CENTRAL: SR1E2Mu/Central/bjets/3/energy in Skim_TriLep_DYJets.root
2026-04-12 12:42:33,520 - INFO - [2023BPix] MISSING_CENTRAL: SR1E2Mu/Central/bjets/3/energy in Skim_TriLep_DYJets10to50.root
2026-04-12 12:42:33,521 - INFO - [2023BPix] MISSING_CENTRAL: SR1E2Mu/Central/bjets/3/energy in Skim_TriLep_TTG_PTG10to100.root
2026-04-12 12:42:33,522 - INFO - [2023BPix] MISSING_CENTRAL: SR1E2Mu/Central/bjets/3/energy in Skim_TriLep_TTG_PTG100to200.root
2026-04-12 12:42:33,522 - INFO - [2023BPix] MISSING_CENTRAL: SR1E2Mu/Central/bjets/3/energy in Skim_TriLep_TTG_PTG200toInf.root
2026-04-12 12:42:33,605 - INFO - [2023BPix] MISSING_CENTRAL: SR1E2Mu/Central/bjets/3/energy in Skim_TriLep_WZTo3LNu_powheg.root
2026-04-12 12:42:33,606 - INFO - [2023BPix] MISSING_CENTRAL: SR1E2Mu/Central/bjets/3/energy in Skim_TriLep_ZZTo4L_powheg.root
2026-04-12 12:42:33,623 - INFO - [2023BPix] MISSING_CENTRAL: SR1E2Mu/Central/bjets/3/energy in Skim_TriLep_WWW.root
2026-04-12 12:42:33,624 - INFO - [2023BPix] MISSING_CENTRAL: SR1E2Mu/Central/bjets/3/energy in Skim_TriLep_WWZ.root
2026-04-12 12:42:33,676 - INFO - [2023BPix] MISSING_CENTRAL: SR1E2Mu/Central/bjets/3/energy in Skim_TriLep_VBFHToZZTo4L.root
2026-04-12 12:42:33,677 - INFO - [2023BPix] MISSING_CENTRAL: SR1E2Mu/Central/bjets/3/energy in Skim_TriLep_ggHToZZTo4L.root
2026-04-12 20:50:43,785 - INFO - [2022] MISSING_CENTRAL: SR1E2Mu/Central/bjets/3/energy in Skim_TriLep_MuonEG_C.root
2026-04-12 20:50:43,786 - INFO - [2022] MISSING_CENTRAL: SR1E2Mu/Central/bjets/3/energy in Skim_TriLep_MuonEG_D.root
2026-04-12 20:50:43,786 - INFO - [2022EE] MISSING_CENTRAL: SR1E2Mu/Central/bjets/3/energy in Skim_TriLep_MuonEG_E.root
2026-04-12 20:50:43,787 - INFO - [2022EE] MISSING_CENTRAL: SR1E2Mu/Central/bjets/3/energy in Skim_TriLep_MuonEG_F.root
2026-04-12 20:50:43,787 - INFO - [2022EE] MISSING_CENTRAL: SR1E2Mu/Central/bjets/3/energy in Skim_TriLep_MuonEG_G.root
2026-04-12 20:50:43,788 - INFO - [2023] MISSING_CENTRAL: SR1E2Mu/Central/bjets/3/energy in Skim_TriLep_MuonEG_C_v1.root
2026-04-12 20:50:43,788 - INFO - [2023] MISSING_CENTRAL: SR1E2Mu/Central/bjets/3/energy in Skim_TriLep_MuonEG_C_v2.root
2026-04-12 20:50:43,788 - INFO - [2023] MISSING_CENTRAL: SR1E2Mu/Central/bjets/3/energy in Skim_TriLep_MuonEG_C_v3.root
2026-04-12 20:50:43,842 - INFO - [2023BPix] MISSING_CENTRAL: SR1E2Mu/Central/bjets/3/energy in Skim_TriLep_MuonEG_D_v1.root
2026-04-12 20:50:43,843 - INFO - [2023BPix] MISSING_CENTRAL: SR1E2Mu/Central/bjets/3/energy in Skim_TriLep_MuonEG_D_v2.root
2026-04-12 20:50:43,857 - INFO - [2022] MISSING_CENTRAL: SR1E2Mu/Central/bjets/3/energy in Skim_TriLep_MuonEG_D.root
2026-04-12 20:50:43,858 - INFO - [2022] MISSING_CENTRAL: SR1E2Mu/Central/bjets/3/energy in Skim_TriLep_DYJets.root
2026-04-12 20:50:43,858 - INFO - [2022] MISSING_CENTRAL: SR1E2Mu/Central/bjets/3/energy in Skim_TriLep_DYJets10to50.root
2026-04-12 20:50:43,859 - INFO - [2022] MISSING_CENTRAL: SR1E2Mu/Central/bjets/3/energy in Skim_TriLep_TTG_PTG10to100.root
2026-04-12 20:50:43,859 - INFO - [2022] MISSING_CENTRAL: SR1E2Mu/Central/bjets/3/energy in Skim_TriLep_TTG_PTG100to200.root
2026-04-12 20:50:43,860 - INFO - [2022] MISSING_CENTRAL: SR1E2Mu/Central/bjets/3/energy in Skim_TriLep_TTG_PTG200toInf.root
2026-04-12 20:50:43,946 - INFO - [2022] MISSING_CENTRAL: SR1E2Mu/Central/bjets/3/energy in Skim_TriLep_WZTo3LNu_powheg.root
2026-04-12 20:50:43,947 - INFO - [2022] MISSING_CENTRAL: SR1E2Mu/Central/bjets/3/energy in Skim_TriLep_ZZTo4L_powheg.root
2026-04-12 20:50:43,963 - INFO - [2022] MISSING_CENTRAL: SR1E2Mu/Central/bjets/3/energy in Skim_TriLep_WWW.root
2026-04-12 20:50:43,964 - INFO - [2022] MISSING_CENTRAL: SR1E2Mu/Central/bjets/3/energy in Skim_TriLep_WWZ.root
2026-04-12 20:50:43,965 - INFO - [2022] MISSING_CENTRAL: SR1E2Mu/Central/bjets/3/energy in Skim_TriLep_WZZ.root
2026-04-12 20:50:43,965 - INFO - [2022] MISSING_CENTRAL: SR1E2Mu/Central/bjets/3/energy in Skim_TriLep_ZZZ.root
2026-04-12 20:50:43,983 - INFO - [2022] MISSING_CENTRAL: SR1E2Mu/Central/bjets/3/energy in Skim_TriLep_VBFHToZZTo4L.root
2026-04-12 20:50:43,984 - INFO - [2022] MISSING_CENTRAL: SR1E2Mu/Central/bjets/3/energy in Skim_TriLep_ggHToZZTo4L.root
2026-04-12 20:50:43,984 - INFO - [2022EE] MISSING_CENTRAL: SR1E2Mu/Central/bjets/3/energy in Skim_TriLep_MuonEG_E.root
2026-04-12 20:50:43,985 - INFO - [2022EE] MISSING_CENTRAL: SR1E2Mu/Central/bjets/3/energy in Skim_TriLep_MuonEG_G.root
2026-04-12 20:50:43,986 - INFO - [2022EE] MISSING_CENTRAL: SR1E2Mu/Central/bjets/3/energy in Skim_TriLep_DYJets.root
2026-04-12 20:50:43,986 - INFO - [2022EE] MISSING_CENTRAL: SR1E2Mu/Central/bjets/3/energy in Skim_TriLep_DYJets10to50.root
2026-04-12 20:50:44,003 - INFO - [2022EE] MISSING_CENTRAL: SR1E2Mu/Central/bjets/3/energy in Skim_TriLep_TTG_PTG100to200.root
2026-04-12 20:50:44,004 - INFO - [2022EE] MISSING_CENTRAL: SR1E2Mu/Central/bjets/3/energy in Skim_TriLep_TTG_PTG200toInf.root
2026-04-12 20:50:44,004 - INFO - [2022EE] MISSING_CENTRAL: SR1E2Mu/Central/bjets/3/energy in Skim_TriLep_TTWToLNu.root
2026-04-12 20:50:44,114 - INFO - [2022EE] MISSING_CENTRAL: SR1E2Mu/Central/bjets/3/energy in Skim_TriLep_WWW.root
2026-04-12 20:50:44,115 - INFO - [2022EE] MISSING_CENTRAL: SR1E2Mu/Central/bjets/3/energy in Skim_TriLep_WWZ.root
2026-04-12 20:50:44,131 - INFO - [2022EE] MISSING_CENTRAL: SR1E2Mu/Central/bjets/3/energy in Skim_TriLep_ZZZ.root
2026-04-12 20:50:44,168 - INFO - [2022EE] MISSING_CENTRAL: SR1E2Mu/Central/bjets/3/energy in Skim_TriLep_VBFHToZZTo4L.root
2026-04-12 20:50:44,168 - INFO - [2022EE] MISSING_CENTRAL: SR1E2Mu/Central/bjets/3/energy in Skim_TriLep_ggHToZZTo4L.root
2026-04-12 20:50:44,169 - INFO - [2023] MISSING_CENTRAL: SR1E2Mu/Central/bjets/3/energy in Skim_TriLep_MuonEG_C_v1.root
2026-04-12 20:50:44,173 - INFO - [2023] MISSING_CENTRAL: SR1E2Mu/Central/bjets/3/energy in Skim_TriLep_MuonEG_C_v2.root
2026-04-12 20:50:44,174 - INFO - [2023] MISSING_CENTRAL: SR1E2Mu/Central/bjets/3/energy in Skim_TriLep_MuonEG_C_v3.root
2026-04-12 20:50:44,179 - INFO - [2023] MISSING_CENTRAL: SR1E2Mu/Central/bjets/3/energy in Skim_TriLep_DYJets.root
2026-04-12 20:50:44,180 - INFO - [2023] MISSING_CENTRAL: SR1E2Mu/Central/bjets/3/energy in Skim_TriLep_DYJets10to50.root
2026-04-12 20:50:44,180 - INFO - [2023] MISSING_CENTRAL: SR1E2Mu/Central/bjets/3/energy in Skim_TriLep_TTG_PTG10to100.root
2026-04-12 20:50:44,181 - INFO - [2023] MISSING_CENTRAL: SR1E2Mu/Central/bjets/3/energy in Skim_TriLep_TTG_PTG100to200.root
2026-04-12 20:50:44,185 - INFO - [2023] MISSING_CENTRAL: SR1E2Mu/Central/bjets/3/energy in Skim_TriLep_TTG_PTG200toInf.root
2026-04-12 20:50:44,295 - INFO - [2023] MISSING_CENTRAL: SR1E2Mu/Central/bjets/3/energy in Skim_TriLep_WZTo3LNu_powheg.root
2026-04-12 20:50:44,296 - INFO - [2023] MISSING_CENTRAL: SR1E2Mu/Central/bjets/3/energy in Skim_TriLep_ZZTo4L_powheg.root
2026-04-12 20:50:44,315 - INFO - [2023] MISSING_CENTRAL: SR1E2Mu/Central/bjets/3/energy in Skim_TriLep_WWW.root
2026-04-12 20:50:44,386 - INFO - [2023] MISSING_CENTRAL: SR1E2Mu/Central/bjets/3/energy in Skim_TriLep_VBFHToZZTo4L.root
2026-04-12 20:50:44,387 - INFO - [2023] MISSING_CENTRAL: SR1E2Mu/Central/bjets/3/energy in Skim_TriLep_ggHToZZTo4L.root
2026-04-12 20:50:44,388 - INFO - [2023BPix] MISSING_CENTRAL: SR1E2Mu/Central/bjets/3/energy in Skim_TriLep_MuonEG_D_v2.root
2026-04-12 20:50:44,389 - INFO - [2023BPix] MISSING_CENTRAL: SR1E2Mu/Central/bjets/3/energy in Skim_TriLep_DYJets.root
2026-04-12 20:50:44,389 - INFO - [2023BPix] MISSING_CENTRAL: SR1E2Mu/Central/bjets/3/energy in Skim_TriLep_DYJets10to50.root
2026-04-12 20:50:44,390 - INFO - [2023BPix] MISSING_CENTRAL: SR1E2Mu/Central/bjets/3/energy in Skim_TriLep_TTG_PTG10to100.root
2026-04-12 20:50:44,391 - INFO - [2023BPix] MISSING_CENTRAL: SR1E2Mu/Central/bjets/3/energy in Skim_TriLep_TTG_PTG100to200.root
2026-04-12 20:50:44,392 - INFO - [2023BPix] MISSING_CENTRAL: SR1E2Mu/Central/bjets/3/energy in Skim_TriLep_TTG_PTG200toInf.root
2026-04-12 20:50:44,482 - INFO - [2023BPix] MISSING_CENTRAL: SR1E2Mu/Central/bjets/3/energy in Skim_TriLep_WZTo3LNu_powheg.root
2026-04-12 20:50:44,483 - INFO - [2023BPix] MISSING_CENTRAL: SR1E2Mu/Central/bjets/3/energy in Skim_TriLep_ZZTo4L_powheg.root
2026-04-12 20:50:44,502 - INFO - [2023BPix] MISSING_CENTRAL: SR1E2Mu/Central/bjets/3/energy in Skim_TriLep_WWW.root
2026-04-12 20:50:44,503 - INFO - [2023BPix] MISSING_CENTRAL: SR1E2Mu/Central/bjets/3/energy in Skim_TriLep_WWZ.root
2026-04-12 20:50:44,558 - INFO - [2023BPix] MISSING_CENTRAL: SR1E2Mu/Central/bjets/3/energy in Skim_TriLep_VBFHToZZTo4L.root
2026-04-12 20:50:44,559 - INFO - [2023BPix] MISSING_CENTRAL: SR1E2Mu/Central/bjets/3/energy in Skim_TriLep_ggHToZZTo4L.root
2026-04-12 21:22:18,029 - INFO - [2022] MISSING_CENTRAL: SR1E2Mu/Central/bjets/3/energy in Skim_TriLep_MuonEG_C.root
2026-04-12 21:22:18,029 - INFO - [2022] MISSING_CENTRAL: SR1E2Mu/Central/bjets/3/energy in Skim_TriLep_MuonEG_D.root
2026-04-12 21:22:18,030 - INFO - [2022EE] MISSING_CENTRAL: SR1E2Mu/Central/bjets/3/energy in Skim_TriLep_MuonEG_E.root
2026-04-12 21:22:18,030 - INFO - [2022EE] MISSING_CENTRAL: SR1E2Mu/Central/bjets/3/energy in Skim_TriLep_MuonEG_F.root
2026-04-12 21:22:18,031 - INFO - [2022EE] MISSING_CENTRAL: SR1E2Mu/Central/bjets/3/energy in Skim_TriLep_MuonEG_G.root
2026-04-12 21:22:18,031 - INFO - [2023] MISSING_CENTRAL: SR1E2Mu/Central/bjets/3/energy in Skim_TriLep_MuonEG_C_v1.root
2026-04-12 21:22:18,032 - INFO - [2023] MISSING_CENTRAL: SR1E2Mu/Central/bjets/3/energy in Skim_TriLep_MuonEG_C_v2.root
2026-04-12 21:22:18,032 - INFO - [2023] MISSING_CENTRAL: SR1E2Mu/Central/bjets/3/energy in Skim_TriLep_MuonEG_C_v3.root
2026-04-12 21:22:18,087 - INFO - [2023BPix] MISSING_CENTRAL: SR1E2Mu/Central/bjets/3/energy in Skim_TriLep_MuonEG_D_v1.root
2026-04-12 21:22:18,087 - INFO - [2023BPix] MISSING_CENTRAL: SR1E2Mu/Central/bjets/3/energy in Skim_TriLep_MuonEG_D_v2.root
2026-04-12 21:22:18,101 - INFO - [2022] MISSING_CENTRAL: SR1E2Mu/Central/bjets/3/energy in Skim_TriLep_MuonEG_D.root
2026-04-12 21:22:18,101 - INFO - [2022] MISSING_CENTRAL: SR1E2Mu/Central/bjets/3/energy in Skim_TriLep_DYJets.root
2026-04-12 21:22:18,102 - INFO - [2022] MISSING_CENTRAL: SR1E2Mu/Central/bjets/3/energy in Skim_TriLep_DYJets10to50.root
2026-04-12 21:22:18,102 - INFO - [2022] MISSING_CENTRAL: SR1E2Mu/Central/bjets/3/energy in Skim_TriLep_TTG_PTG10to100.root
2026-04-12 21:22:18,103 - INFO - [2022] MISSING_CENTRAL: SR1E2Mu/Central/bjets/3/energy in Skim_TriLep_TTG_PTG100to200.root
2026-04-12 21:22:18,103 - INFO - [2022] MISSING_CENTRAL: SR1E2Mu/Central/bjets/3/energy in Skim_TriLep_TTG_PTG200toInf.root
2026-04-12 21:22:18,202 - INFO - [2022] MISSING_CENTRAL: SR1E2Mu/Central/bjets/3/energy in Skim_TriLep_WZTo3LNu_powheg.root
2026-04-12 21:22:18,203 - INFO - [2022] MISSING_CENTRAL: SR1E2Mu/Central/bjets/3/energy in Skim_TriLep_ZZTo4L_powheg.root
2026-04-12 21:22:18,219 - INFO - [2022] MISSING_CENTRAL: SR1E2Mu/Central/bjets/3/energy in Skim_TriLep_WWW.root
2026-04-12 21:22:18,220 - INFO - [2022] MISSING_CENTRAL: SR1E2Mu/Central/bjets/3/energy in Skim_TriLep_WWZ.root
2026-04-12 21:22:18,221 - INFO - [2022] MISSING_CENTRAL: SR1E2Mu/Central/bjets/3/energy in Skim_TriLep_WZZ.root
2026-04-12 21:22:18,221 - INFO - [2022] MISSING_CENTRAL: SR1E2Mu/Central/bjets/3/energy in Skim_TriLep_ZZZ.root
2026-04-12 21:22:18,239 - INFO - [2022] MISSING_CENTRAL: SR1E2Mu/Central/bjets/3/energy in Skim_TriLep_VBFHToZZTo4L.root
2026-04-12 21:22:18,240 - INFO - [2022] MISSING_CENTRAL: SR1E2Mu/Central/bjets/3/energy in Skim_TriLep_ggHToZZTo4L.root
2026-04-12 21:22:18,240 - INFO - [2022EE] MISSING_CENTRAL: SR1E2Mu/Central/bjets/3/energy in Skim_TriLep_MuonEG_E.root
2026-04-12 21:22:18,241 - INFO - [2022EE] MISSING_CENTRAL: SR1E2Mu/Central/bjets/3/energy in Skim_TriLep_MuonEG_G.root
2026-04-12 21:22:18,242 - INFO - [2022EE] MISSING_CENTRAL: SR1E2Mu/Central/bjets/3/energy in Skim_TriLep_DYJets.root
2026-04-12 21:22:18,242 - INFO - [2022EE] MISSING_CENTRAL: SR1E2Mu/Central/bjets/3/energy in Skim_TriLep_DYJets10to50.root
2026-04-12 21:22:18,258 - INFO - [2022EE] MISSING_CENTRAL: SR1E2Mu/Central/bjets/3/energy in Skim_TriLep_TTG_PTG100to200.root
2026-04-12 21:22:18,259 - INFO - [2022EE] MISSING_CENTRAL: SR1E2Mu/Central/bjets/3/energy in Skim_TriLep_TTG_PTG200toInf.root
2026-04-12 21:22:18,259 - INFO - [2022EE] MISSING_CENTRAL: SR1E2Mu/Central/bjets/3/energy in Skim_TriLep_TTWToLNu.root
2026-04-12 21:22:18,370 - INFO - [2022EE] MISSING_CENTRAL: SR1E2Mu/Central/bjets/3/energy in Skim_TriLep_WWW.root
2026-04-12 21:22:18,371 - INFO - [2022EE] MISSING_CENTRAL: SR1E2Mu/Central/bjets/3/energy in Skim_TriLep_WWZ.root
2026-04-12 21:22:18,389 - INFO - [2022EE] MISSING_CENTRAL: SR1E2Mu/Central/bjets/3/energy in Skim_TriLep_ZZZ.root
2026-04-12 21:22:18,408 - INFO - [2022EE] MISSING_CENTRAL: SR1E2Mu/Central/bjets/3/energy in Skim_TriLep_VBFHToZZTo4L.root
2026-04-12 21:22:18,409 - INFO - [2022EE] MISSING_CENTRAL: SR1E2Mu/Central/bjets/3/energy in Skim_TriLep_ggHToZZTo4L.root
2026-04-12 21:22:18,409 - INFO - [2023] MISSING_CENTRAL: SR1E2Mu/Central/bjets/3/energy in Skim_TriLep_MuonEG_C_v1.root
2026-04-12 21:22:18,410 - INFO - [2023] MISSING_CENTRAL: SR1E2Mu/Central/bjets/3/energy in Skim_TriLep_MuonEG_C_v2.root
2026-04-12 21:22:18,411 - INFO - [2023] MISSING_CENTRAL: SR1E2Mu/Central/bjets/3/energy in Skim_TriLep_MuonEG_C_v3.root
2026-04-12 21:22:18,413 - INFO - [2023] MISSING_CENTRAL: SR1E2Mu/Central/bjets/3/energy in Skim_TriLep_DYJets.root
2026-04-12 21:22:18,414 - INFO - [2023] MISSING_CENTRAL: SR1E2Mu/Central/bjets/3/energy in Skim_TriLep_DYJets10to50.root
2026-04-12 21:22:18,415 - INFO - [2023] MISSING_CENTRAL: SR1E2Mu/Central/bjets/3/energy in Skim_TriLep_TTG_PTG10to100.root
2026-04-12 21:22:18,416 - INFO - [2023] MISSING_CENTRAL: SR1E2Mu/Central/bjets/3/energy in Skim_TriLep_TTG_PTG100to200.root
2026-04-12 21:22:18,416 - INFO - [2023] MISSING_CENTRAL: SR1E2Mu/Central/bjets/3/energy in Skim_TriLep_TTG_PTG200toInf.root
2026-04-12 21:22:18,499 - INFO - [2023] MISSING_CENTRAL: SR1E2Mu/Central/bjets/3/energy in Skim_TriLep_WZTo3LNu_powheg.root
2026-04-12 21:22:18,500 - INFO - [2023] MISSING_CENTRAL: SR1E2Mu/Central/bjets/3/energy in Skim_TriLep_ZZTo4L_powheg.root
2026-04-12 21:22:18,519 - INFO - [2023] MISSING_CENTRAL: SR1E2Mu/Central/bjets/3/energy in Skim_TriLep_WWW.root
2026-04-12 21:22:18,593 - INFO - [2023] MISSING_CENTRAL: SR1E2Mu/Central/bjets/3/energy in Skim_TriLep_VBFHToZZTo4L.root
2026-04-12 21:22:18,594 - INFO - [2023] MISSING_CENTRAL: SR1E2Mu/Central/bjets/3/energy in Skim_TriLep_ggHToZZTo4L.root
2026-04-12 21:22:18,596 - INFO - [2023BPix] MISSING_CENTRAL: SR1E2Mu/Central/bjets/3/energy in Skim_TriLep_MuonEG_D_v2.root
2026-04-12 21:22:18,596 - INFO - [2023BPix] MISSING_CENTRAL: SR1E2Mu/Central/bjets/3/energy in Skim_TriLep_DYJets.root
2026-04-12 21:22:18,597 - INFO - [2023BPix] MISSING_CENTRAL: SR1E2Mu/Central/bjets/3/energy in Skim_TriLep_DYJets10to50.root
2026-04-12 21:22:18,598 - INFO - [2023BPix] MISSING_CENTRAL: SR1E2Mu/Central/bjets/3/energy in Skim_TriLep_TTG_PTG10to100.root
2026-04-12 21:22:18,598 - INFO - [2023BPix] MISSING_CENTRAL: SR1E2Mu/Central/bjets/3/energy in Skim_TriLep_TTG_PTG100to200.root
2026-04-12 21:22:18,599 - INFO - [2023BPix] MISSING_CENTRAL: SR1E2Mu/Central/bjets/3/energy in Skim_TriLep_TTG_PTG200toInf.root
2026-04-12 21:22:18,687 - INFO - [2023BPix] MISSING_CENTRAL: SR1E2Mu/Central/bjets/3/energy in Skim_TriLep_WZTo3LNu_powheg.root
2026-04-12 21:22:18,688 - INFO - [2023BPix] MISSING_CENTRAL: SR1E2Mu/Central/bjets/3/energy in Skim_TriLep_ZZTo4L_powheg.root
2026-04-12 21:22:18,707 - INFO - [2023BPix] MISSING_CENTRAL: SR1E2Mu/Central/bjets/3/energy in Skim_TriLep_WWW.root
2026-04-12 21:22:18,708 - INFO - [2023BPix] MISSING_CENTRAL: SR1E2Mu/Central/bjets/3/energy in Skim_TriLep_WWZ.root
2026-04-12 21:22:18,763 - INFO - [2023BPix] MISSING_CENTRAL: SR1E2Mu/Central/bjets/3/energy in Skim_TriLep_VBFHToZZTo4L.root
2026-04-12 21:22:18,764 - INFO - [2023BPix] MISSING_CENTRAL: SR1E2Mu/Central/bjets/3/energy in Skim_TriLep_ggHToZZTo4L.root
2026-04-13 13:00:07,497 - INFO - [2022] MISSING_CENTRAL: SR1E2Mu/Central/bjets/3/energy in Skim_TriLep_MuonEG_C.root
2026-04-13 13:00:07,498 - INFO - [2022] MISSING_CENTRAL: SR1E2Mu/Central/bjets/3/energy in Skim_TriLep_MuonEG_D.root
2026-04-13 13:00:07,499 - INFO - [2022EE] MISSING_CENTRAL: SR1E2Mu/Central/bjets/3/energy in Skim_TriLep_MuonEG_E.root
2026-04-13 13:00:07,499 - INFO - [2022EE] MISSING_CENTRAL: SR1E2Mu/Central/bjets/3/energy in Skim_TriLep_MuonEG_F.root
2026-04-13 13:00:07,500 - INFO - [2022EE] MISSING_CENTRAL: SR1E2Mu/Central/bjets/3/energy in Skim_TriLep_MuonEG_G.root
2026-04-13 13:00:07,500 - INFO - [2023] MISSING_CENTRAL: SR1E2Mu/Central/bjets/3/energy in Skim_TriLep_MuonEG_C_v1.root
2026-04-13 13:00:07,501 - INFO - [2023] MISSING_CENTRAL: SR1E2Mu/Central/bjets/3/energy in Skim_TriLep_MuonEG_C_v2.root
2026-04-13 13:00:07,501 - INFO - [2023] MISSING_CENTRAL: SR1E2Mu/Central/bjets/3/energy in Skim_TriLep_MuonEG_C_v3.root
2026-04-13 13:00:07,560 - INFO - [2023BPix] MISSING_CENTRAL: SR1E2Mu/Central/bjets/3/energy in Skim_TriLep_MuonEG_D_v1.root
2026-04-13 13:00:07,560 - INFO - [2023BPix] MISSING_CENTRAL: SR1E2Mu/Central/bjets/3/energy in Skim_TriLep_MuonEG_D_v2.root
2026-04-13 13:00:07,568 - INFO - [2022] MISSING_CENTRAL: SR1E2Mu/Central/bjets/3/energy in Skim_TriLep_MuonEG_D.root
2026-04-13 13:00:07,569 - INFO - [2022] MISSING_CENTRAL: SR1E2Mu/Central/bjets/3/energy in Skim_TriLep_DYJets.root
2026-04-13 13:00:07,569 - INFO - [2022] MISSING_CENTRAL: SR1E2Mu/Central/bjets/3/energy in Skim_TriLep_DYJets10to50.root
2026-04-13 13:00:07,570 - INFO - [2022] MISSING_CENTRAL: SR1E2Mu/Central/bjets/3/energy in Skim_TriLep_TTG_PTG10to100.root
2026-04-13 13:00:07,571 - INFO - [2022] MISSING_CENTRAL: SR1E2Mu/Central/bjets/3/energy in Skim_TriLep_TTG_PTG100to200.root
2026-04-13 13:00:07,571 - INFO - [2022] MISSING_CENTRAL: SR1E2Mu/Central/bjets/3/energy in Skim_TriLep_TTG_PTG200toInf.root
2026-04-13 13:00:07,680 - INFO - [2022] MISSING_CENTRAL: SR1E2Mu/Central/bjets/3/energy in Skim_TriLep_WZTo3LNu_powheg.root
2026-04-13 13:00:07,681 - INFO - [2022] MISSING_CENTRAL: SR1E2Mu/Central/bjets/3/energy in Skim_TriLep_ZZTo4L_powheg.root
2026-04-13 13:00:07,701 - INFO - [2022] MISSING_CENTRAL: SR1E2Mu/Central/bjets/3/energy in Skim_TriLep_WWW.root
2026-04-13 13:00:07,702 - INFO - [2022] MISSING_CENTRAL: SR1E2Mu/Central/bjets/3/energy in Skim_TriLep_WWZ.root
2026-04-13 13:00:07,702 - INFO - [2022] MISSING_CENTRAL: SR1E2Mu/Central/bjets/3/energy in Skim_TriLep_WZZ.root
2026-04-13 13:00:07,703 - INFO - [2022] MISSING_CENTRAL: SR1E2Mu/Central/bjets/3/energy in Skim_TriLep_ZZZ.root
2026-04-13 13:00:07,726 - INFO - [2022] MISSING_CENTRAL: SR1E2Mu/Central/bjets/3/energy in Skim_TriLep_VBFHToZZTo4L.root
2026-04-13 13:00:07,727 - INFO - [2022] MISSING_CENTRAL: SR1E2Mu/Central/bjets/3/energy in Skim_TriLep_ggHToZZTo4L.root
2026-04-13 13:00:07,727 - INFO - [2022EE] MISSING_CENTRAL: SR1E2Mu/Central/bjets/3/energy in Skim_TriLep_MuonEG_E.root
2026-04-13 13:00:07,729 - INFO - [2022EE] MISSING_CENTRAL: SR1E2Mu/Central/bjets/3/energy in Skim_TriLep_MuonEG_G.root
2026-04-13 13:00:07,730 - INFO - [2022EE] MISSING_CENTRAL: SR1E2Mu/Central/bjets/3/energy in Skim_TriLep_DYJets.root
2026-04-13 13:00:07,730 - INFO - [2022EE] MISSING_CENTRAL: SR1E2Mu/Central/bjets/3/energy in Skim_TriLep_DYJets10to50.root
2026-04-13 13:00:07,750 - INFO - [2022EE] MISSING_CENTRAL: SR1E2Mu/Central/bjets/3/energy in Skim_TriLep_TTG_PTG100to200.root
2026-04-13 13:00:07,751 - INFO - [2022EE] MISSING_CENTRAL: SR1E2Mu/Central/bjets/3/energy in Skim_TriLep_TTG_PTG200toInf.root
2026-04-13 13:00:07,752 - INFO - [2022EE] MISSING_CENTRAL: SR1E2Mu/Central/bjets/3/energy in Skim_TriLep_TTWToLNu.root
2026-04-13 13:00:07,889 - INFO - [2022EE] MISSING_CENTRAL: SR1E2Mu/Central/bjets/3/energy in Skim_TriLep_WWW.root
2026-04-13 13:00:07,889 - INFO - [2022EE] MISSING_CENTRAL: SR1E2Mu/Central/bjets/3/energy in Skim_TriLep_WWZ.root
2026-04-13 13:00:07,908 - INFO - [2022EE] MISSING_CENTRAL: SR1E2Mu/Central/bjets/3/energy in Skim_TriLep_ZZZ.root
2026-04-13 13:00:07,930 - INFO - [2022EE] MISSING_CENTRAL: SR1E2Mu/Central/bjets/3/energy in Skim_TriLep_VBFHToZZTo4L.root
2026-04-13 13:00:07,931 - INFO - [2022EE] MISSING_CENTRAL: SR1E2Mu/Central/bjets/3/energy in Skim_TriLep_ggHToZZTo4L.root
2026-04-13 13:00:07,932 - INFO - [2023] MISSING_CENTRAL: SR1E2Mu/Central/bjets/3/energy in Skim_TriLep_MuonEG_C_v1.root
2026-04-13 13:00:07,932 - INFO - [2023] MISSING_CENTRAL: SR1E2Mu/Central/bjets/3/energy in Skim_TriLep_MuonEG_C_v2.root
2026-04-13 13:00:07,932 - INFO - [2023] MISSING_CENTRAL: SR1E2Mu/Central/bjets/3/energy in Skim_TriLep_MuonEG_C_v3.root
2026-04-13 13:00:07,934 - INFO - [2023] MISSING_CENTRAL: SR1E2Mu/Central/bjets/3/energy in Skim_TriLep_DYJets.root
2026-04-13 13:00:07,935 - INFO - [2023] MISSING_CENTRAL: SR1E2Mu/Central/bjets/3/energy in Skim_TriLep_DYJets10to50.root
2026-04-13 13:00:07,936 - INFO - [2023] MISSING_CENTRAL: SR1E2Mu/Central/bjets/3/energy in Skim_TriLep_TTG_PTG10to100.root
2026-04-13 13:00:07,936 - INFO - [2023] MISSING_CENTRAL: SR1E2Mu/Central/bjets/3/energy in Skim_TriLep_TTG_PTG100to200.root
2026-04-13 13:00:07,937 - INFO - [2023] MISSING_CENTRAL: SR1E2Mu/Central/bjets/3/energy in Skim_TriLep_TTG_PTG200toInf.root
2026-04-13 13:00:08,045 - INFO - [2023] MISSING_CENTRAL: SR1E2Mu/Central/bjets/3/energy in Skim_TriLep_WZTo3LNu_powheg.root
2026-04-13 13:00:08,046 - INFO - [2023] MISSING_CENTRAL: SR1E2Mu/Central/bjets/3/energy in Skim_TriLep_ZZTo4L_powheg.root
2026-04-13 13:00:08,071 - INFO - [2023] MISSING_CENTRAL: SR1E2Mu/Central/bjets/3/energy in Skim_TriLep_WWW.root
2026-04-13 13:00:08,151 - INFO - [2023] MISSING_CENTRAL: SR1E2Mu/Central/bjets/3/energy in Skim_TriLep_VBFHToZZTo4L.root
2026-04-13 13:00:08,152 - INFO - [2023] MISSING_CENTRAL: SR1E2Mu/Central/bjets/3/energy in Skim_TriLep_ggHToZZTo4L.root
2026-04-13 13:00:08,154 - INFO - [2023BPix] MISSING_CENTRAL: SR1E2Mu/Central/bjets/3/energy in Skim_TriLep_MuonEG_D_v2.root
2026-04-13 13:00:08,154 - INFO - [2023BPix] MISSING_CENTRAL: SR1E2Mu/Central/bjets/3/energy in Skim_TriLep_DYJets.root
2026-04-13 13:00:08,155 - INFO - [2023BPix] MISSING_CENTRAL: SR1E2Mu/Central/bjets/3/energy in Skim_TriLep_DYJets10to50.root
2026-04-13 13:00:08,156 - INFO - [2023BPix] MISSING_CENTRAL: SR1E2Mu/Central/bjets/3/energy in Skim_TriLep_TTG_PTG10to100.root
2026-04-13 13:00:08,156 - INFO - [2023BPix] MISSING_CENTRAL: SR1E2Mu/Central/bjets/3/energy in Skim_TriLep_TTG_PTG100to200.root
2026-04-13 13:00:08,157 - INFO - [2023BPix] MISSING_CENTRAL: SR1E2Mu/Central/bjets/3/energy in Skim_TriLep_TTG_PTG200toInf.root
2026-04-13 13:00:08,262 - INFO - [2023BPix] MISSING_CENTRAL: SR1E2Mu/Central/bjets/3/energy in Skim_TriLep_WZTo3LNu_powheg.root
2026-04-13 13:00:08,263 - INFO - [2023BPix] MISSING_CENTRAL: SR1E2Mu/Central/bjets/3/energy in Skim_TriLep_ZZTo4L_powheg.root
2026-04-13 13:00:08,284 - INFO - [2023BPix] MISSING_CENTRAL: SR1E2Mu/Central/bjets/3/energy in Skim_TriLep_WWW.root
2026-04-13 13:00:08,285 - INFO - [2023BPix] MISSING_CENTRAL: SR1E2Mu/Central/bjets/3/energy in Skim_TriLep_WWZ.root
2026-04-13 13:00:08,350 - INFO - [2023BPix] MISSING_CENTRAL: SR1E2Mu/Central/bjets/3/energy in Skim_TriLep_VBFHToZZTo4L.root
2026-04-13 13:00:08,352 - INFO - [2023BPix] MISSING_CENTRAL: SR1E2Mu/Central/bjets/3/energy in Skim_TriLep_ggHToZZTo4L.root
2026-04-16 17:32:23,533 - INFO - [2022] MISSING_CENTRAL: SR1E2Mu/Central/bjets/3/energy in Skim_TriLep_MuonEG_C.root
2026-04-16 17:32:23,535 - INFO - [2022] MISSING_CENTRAL: SR1E2Mu/Central/bjets/3/energy in Skim_TriLep_MuonEG_D.root
2026-04-16 17:32:23,535 - INFO - [2022EE] MISSING_CENTRAL: SR1E2Mu/Central/bjets/3/energy in Skim_TriLep_MuonEG_E.root
2026-04-16 17:32:23,536 - INFO - [2022EE] MISSING_CENTRAL: SR1E2Mu/Central/bjets/3/energy in Skim_TriLep_MuonEG_F.root
2026-04-16 17:32:23,536 - INFO - [2022EE] MISSING_CENTRAL: SR1E2Mu/Central/bjets/3/energy in Skim_TriLep_MuonEG_G.root
2026-04-16 17:32:23,537 - INFO - [2023] MISSING_CENTRAL: SR1E2Mu/Central/bjets/3/energy in Skim_TriLep_MuonEG_C_v1.root
2026-04-16 17:32:23,537 - INFO - [2023] MISSING_CENTRAL: SR1E2Mu/Central/bjets/3/energy in Skim_TriLep_MuonEG_C_v2.root
2026-04-16 17:32:23,538 - INFO - [2023] MISSING_CENTRAL: SR1E2Mu/Central/bjets/3/energy in Skim_TriLep_MuonEG_C_v3.root
2026-04-16 17:32:23,599 - INFO - [2023BPix] MISSING_CENTRAL: SR1E2Mu/Central/bjets/3/energy in Skim_TriLep_MuonEG_D_v1.root
2026-04-16 17:32:23,600 - INFO - [2023BPix] MISSING_CENTRAL: SR1E2Mu/Central/bjets/3/energy in Skim_TriLep_MuonEG_D_v2.root
2026-04-16 17:32:23,607 - INFO - [2022] MISSING_CENTRAL: SR1E2Mu/Central/bjets/3/energy in Skim_TriLep_MuonEG_D.root
2026-04-16 17:32:23,608 - INFO - [2022] MISSING_CENTRAL: SR1E2Mu/Central/bjets/3/energy in Skim_TriLep_DYJets.root
2026-04-16 17:32:23,608 - INFO - [2022] MISSING_CENTRAL: SR1E2Mu/Central/bjets/3/energy in Skim_TriLep_DYJets10to50.root
2026-04-16 17:32:23,609 - INFO - [2022] MISSING_CENTRAL: SR1E2Mu/Central/bjets/3/energy in Skim_TriLep_TTG_PTG10to100.root
2026-04-16 17:32:23,610 - INFO - [2022] MISSING_CENTRAL: SR1E2Mu/Central/bjets/3/energy in Skim_TriLep_TTG_PTG100to200.root
2026-04-16 17:32:23,610 - INFO - [2022] MISSING_CENTRAL: SR1E2Mu/Central/bjets/3/energy in Skim_TriLep_TTG_PTG200toInf.root
2026-04-16 17:32:23,721 - INFO - [2022] MISSING_CENTRAL: SR1E2Mu/Central/bjets/3/energy in Skim_TriLep_WZTo3LNu_powheg.root
2026-04-16 17:32:23,721 - INFO - [2022] MISSING_CENTRAL: SR1E2Mu/Central/bjets/3/energy in Skim_TriLep_ZZTo4L_powheg.root
2026-04-16 17:32:23,744 - INFO - [2022] MISSING_CENTRAL: SR1E2Mu/Central/bjets/3/energy in Skim_TriLep_WWW.root
2026-04-16 17:32:23,745 - INFO - [2022] MISSING_CENTRAL: SR1E2Mu/Central/bjets/3/energy in Skim_TriLep_WWZ.root
2026-04-16 17:32:23,745 - INFO - [2022] MISSING_CENTRAL: SR1E2Mu/Central/bjets/3/energy in Skim_TriLep_WZZ.root
2026-04-16 17:32:23,746 - INFO - [2022] MISSING_CENTRAL: SR1E2Mu/Central/bjets/3/energy in Skim_TriLep_ZZZ.root
2026-04-16 17:32:23,767 - INFO - [2022] MISSING_CENTRAL: SR1E2Mu/Central/bjets/3/energy in Skim_TriLep_VBFHToZZTo4L.root
2026-04-16 17:32:23,768 - INFO - [2022] MISSING_CENTRAL: SR1E2Mu/Central/bjets/3/energy in Skim_TriLep_ggHToZZTo4L.root
2026-04-16 17:32:23,768 - INFO - [2022EE] MISSING_CENTRAL: SR1E2Mu/Central/bjets/3/energy in Skim_TriLep_MuonEG_E.root
2026-04-16 17:32:23,770 - INFO - [2022EE] MISSING_CENTRAL: SR1E2Mu/Central/bjets/3/energy in Skim_TriLep_MuonEG_G.root
2026-04-16 17:32:23,770 - INFO - [2022EE] MISSING_CENTRAL: SR1E2Mu/Central/bjets/3/energy in Skim_TriLep_DYJets.root
2026-04-16 17:32:23,771 - INFO - [2022EE] MISSING_CENTRAL: SR1E2Mu/Central/bjets/3/energy in Skim_TriLep_DYJets10to50.root
2026-04-16 17:32:23,791 - INFO - [2022EE] MISSING_CENTRAL: SR1E2Mu/Central/bjets/3/energy in Skim_TriLep_TTG_PTG100to200.root
2026-04-16 17:32:23,792 - INFO - [2022EE] MISSING_CENTRAL: SR1E2Mu/Central/bjets/3/energy in Skim_TriLep_TTG_PTG200toInf.root
2026-04-16 17:32:23,793 - INFO - [2022EE] MISSING_CENTRAL: SR1E2Mu/Central/bjets/3/energy in Skim_TriLep_TTWToLNu.root
2026-04-16 17:32:23,929 - INFO - [2022EE] MISSING_CENTRAL: SR1E2Mu/Central/bjets/3/energy in Skim_TriLep_WWW.root
2026-04-16 17:32:23,929 - INFO - [2022EE] MISSING_CENTRAL: SR1E2Mu/Central/bjets/3/energy in Skim_TriLep_WWZ.root
2026-04-16 17:32:23,947 - INFO - [2022EE] MISSING_CENTRAL: SR1E2Mu/Central/bjets/3/energy in Skim_TriLep_ZZZ.root
2026-04-16 17:32:23,967 - INFO - [2022EE] MISSING_CENTRAL: SR1E2Mu/Central/bjets/3/energy in Skim_TriLep_VBFHToZZTo4L.root
2026-04-16 17:32:23,968 - INFO - [2022EE] MISSING_CENTRAL: SR1E2Mu/Central/bjets/3/energy in Skim_TriLep_ggHToZZTo4L.root
2026-04-16 17:32:23,968 - INFO - [2023] MISSING_CENTRAL: SR1E2Mu/Central/bjets/3/energy in Skim_TriLep_MuonEG_C_v1.root
2026-04-16 17:32:23,969 - INFO - [2023] MISSING_CENTRAL: SR1E2Mu/Central/bjets/3/energy in Skim_TriLep_MuonEG_C_v2.root
2026-04-16 17:32:23,969 - INFO - [2023] MISSING_CENTRAL: SR1E2Mu/Central/bjets/3/energy in Skim_TriLep_MuonEG_C_v3.root
2026-04-16 17:32:23,971 - INFO - [2023] MISSING_CENTRAL: SR1E2Mu/Central/bjets/3/energy in Skim_TriLep_DYJets.root
2026-04-16 17:32:23,971 - INFO - [2023] MISSING_CENTRAL: SR1E2Mu/Central/bjets/3/energy in Skim_TriLep_DYJets10to50.root
2026-04-16 17:32:23,972 - INFO - [2023] MISSING_CENTRAL: SR1E2Mu/Central/bjets/3/energy in Skim_TriLep_TTG_PTG10to100.root
2026-04-16 17:32:23,972 - INFO - [2023] MISSING_CENTRAL: SR1E2Mu/Central/bjets/3/energy in Skim_TriLep_TTG_PTG100to200.root
2026-04-16 17:32:23,973 - INFO - [2023] MISSING_CENTRAL: SR1E2Mu/Central/bjets/3/energy in Skim_TriLep_TTG_PTG200toInf.root
2026-04-16 17:32:24,066 - INFO - [2023] MISSING_CENTRAL: SR1E2Mu/Central/bjets/3/energy in Skim_TriLep_WZTo3LNu_powheg.root
2026-04-16 17:32:24,067 - INFO - [2023] MISSING_CENTRAL: SR1E2Mu/Central/bjets/3/energy in Skim_TriLep_ZZTo4L_powheg.root
2026-04-16 17:32:24,089 - INFO - [2023] MISSING_CENTRAL: SR1E2Mu/Central/bjets/3/energy in Skim_TriLep_WWW.root
2026-04-16 17:32:24,177 - INFO - [2023] MISSING_CENTRAL: SR1E2Mu/Central/bjets/3/energy in Skim_TriLep_VBFHToZZTo4L.root
2026-04-16 17:32:24,178 - INFO - [2023] MISSING_CENTRAL: SR1E2Mu/Central/bjets/3/energy in Skim_TriLep_ggHToZZTo4L.root
2026-04-16 17:32:24,180 - INFO - [2023BPix] MISSING_CENTRAL: SR1E2Mu/Central/bjets/3/energy in Skim_TriLep_MuonEG_D_v2.root
2026-04-16 17:32:24,180 - INFO - [2023BPix] MISSING_CENTRAL: SR1E2Mu/Central/bjets/3/energy in Skim_TriLep_DYJets.root
2026-04-16 17:32:24,181 - INFO - [2023BPix] MISSING_CENTRAL: SR1E2Mu/Central/bjets/3/energy in Skim_TriLep_DYJets10to50.root
2026-04-16 17:32:24,181 - INFO - [2023BPix] MISSING_CENTRAL: SR1E2Mu/Central/bjets/3/energy in Skim_TriLep_TTG_PTG10to100.root
2026-04-16 17:32:24,182 - INFO - [2023BPix] MISSING_CENTRAL: SR1E2Mu/Central/bjets/3/energy in Skim_TriLep_TTG_PTG100to200.root
2026-04-16 17:32:24,183 - INFO - [2023BPix] MISSING_CENTRAL: SR1E2Mu/Central/bjets/3/energy in Skim_TriLep_TTG_PTG200toInf.root
2026-04-16 17:32:24,287 - INFO - [2023BPix] MISSING_CENTRAL: SR1E2Mu/Central/bjets/3/energy in Skim_TriLep_WZTo3LNu_powheg.root
2026-04-16 17:32:24,288 - INFO - [2023BPix] MISSING_CENTRAL: SR1E2Mu/Central/bjets/3/energy in Skim_TriLep_ZZTo4L_powheg.root
2026-04-16 17:32:24,309 - INFO - [2023BPix] MISSING_CENTRAL: SR1E2Mu/Central/bjets/3/energy in Skim_TriLep_WWW.root
2026-04-16 17:32:24,310 - INFO - [2023BPix] MISSING_CENTRAL: SR1E2Mu/Central/bjets/3/energy in Skim_TriLep_WWZ.root
2026-04-16 17:32:24,383 - INFO - [2023BPix] MISSING_CENTRAL: SR1E2Mu/Central/bjets/3/energy in Skim_TriLep_VBFHToZZTo4L.root
2026-04-16 17:32:24,384 - INFO - [2023BPix] MISSING_CENTRAL: SR1E2Mu/Central/bjets/3/energy in Skim_TriLep_ggHToZZTo4L.root
2026-04-16 17:42:39,054 - INFO - [2022] MISSING_CENTRAL: SR1E2Mu/Central/bjets/3/energy in Skim_TriLep_MuonEG_C.root
2026-04-16 17:42:39,055 - INFO - [2022] MISSING_CENTRAL: SR1E2Mu/Central/bjets/3/energy in Skim_TriLep_MuonEG_D.root
2026-04-16 17:42:39,055 - INFO - [2022EE] MISSING_CENTRAL: SR1E2Mu/Central/bjets/3/energy in Skim_TriLep_MuonEG_E.root
2026-04-16 17:42:39,056 - INFO - [2022EE] MISSING_CENTRAL: SR1E2Mu/Central/bjets/3/energy in Skim_TriLep_MuonEG_F.root
2026-04-16 17:42:39,056 - INFO - [2022EE] MISSING_CENTRAL: SR1E2Mu/Central/bjets/3/energy in Skim_TriLep_MuonEG_G.root
2026-04-16 17:42:39,057 - INFO - [2023] MISSING_CENTRAL: SR1E2Mu/Central/bjets/3/energy in Skim_TriLep_MuonEG_C_v1.root
2026-04-16 17:42:39,057 - INFO - [2023] MISSING_CENTRAL: SR1E2Mu/Central/bjets/3/energy in Skim_TriLep_MuonEG_C_v2.root
2026-04-16 17:42:39,057 - INFO - [2023] MISSING_CENTRAL: SR1E2Mu/Central/bjets/3/energy in Skim_TriLep_MuonEG_C_v3.root
2026-04-16 17:42:39,116 - INFO - [2023BPix] MISSING_CENTRAL: SR1E2Mu/Central/bjets/3/energy in Skim_TriLep_MuonEG_D_v1.root
2026-04-16 17:42:39,116 - INFO - [2023BPix] MISSING_CENTRAL: SR1E2Mu/Central/bjets/3/energy in Skim_TriLep_MuonEG_D_v2.root
2026-04-16 17:42:39,124 - INFO - [2022] MISSING_CENTRAL: SR1E2Mu/Central/bjets/3/energy in Skim_TriLep_MuonEG_D.root
2026-04-16 17:42:39,124 - INFO - [2022] MISSING_CENTRAL: SR1E2Mu/Central/bjets/3/energy in Skim_TriLep_DYJets.root
2026-04-16 17:42:39,125 - INFO - [2022] MISSING_CENTRAL: SR1E2Mu/Central/bjets/3/energy in Skim_TriLep_DYJets10to50.root
2026-04-16 17:42:39,125 - INFO - [2022] MISSING_CENTRAL: SR1E2Mu/Central/bjets/3/energy in Skim_TriLep_TTG_PTG10to100.root
2026-04-16 17:42:39,126 - INFO - [2022] MISSING_CENTRAL: SR1E2Mu/Central/bjets/3/energy in Skim_TriLep_TTG_PTG100to200.root
2026-04-16 17:42:39,126 - INFO - [2022] MISSING_CENTRAL: SR1E2Mu/Central/bjets/3/energy in Skim_TriLep_TTG_PTG200toInf.root
2026-04-16 17:42:39,232 - INFO - [2022] MISSING_CENTRAL: SR1E2Mu/Central/bjets/3/energy in Skim_TriLep_WZTo3LNu_powheg.root
2026-04-16 17:42:39,233 - INFO - [2022] MISSING_CENTRAL: SR1E2Mu/Central/bjets/3/energy in Skim_TriLep_ZZTo4L_powheg.root
2026-04-16 17:42:39,252 - INFO - [2022] MISSING_CENTRAL: SR1E2Mu/Central/bjets/3/energy in Skim_TriLep_WWW.root
2026-04-16 17:42:39,252 - INFO - [2022] MISSING_CENTRAL: SR1E2Mu/Central/bjets/3/energy in Skim_TriLep_WWZ.root
2026-04-16 17:42:39,253 - INFO - [2022] MISSING_CENTRAL: SR1E2Mu/Central/bjets/3/energy in Skim_TriLep_WZZ.root
2026-04-16 17:42:39,254 - INFO - [2022] MISSING_CENTRAL: SR1E2Mu/Central/bjets/3/energy in Skim_TriLep_ZZZ.root
2026-04-16 17:42:39,276 - INFO - [2022] MISSING_CENTRAL: SR1E2Mu/Central/bjets/3/energy in Skim_TriLep_VBFHToZZTo4L.root
2026-04-16 17:42:39,277 - INFO - [2022] MISSING_CENTRAL: SR1E2Mu/Central/bjets/3/energy in Skim_TriLep_ggHToZZTo4L.root
2026-04-16 17:42:39,277 - INFO - [2022EE] MISSING_CENTRAL: SR1E2Mu/Central/bjets/3/energy in Skim_TriLep_MuonEG_E.root
2026-04-16 17:42:39,279 - INFO - [2022EE] MISSING_CENTRAL: SR1E2Mu/Central/bjets/3/energy in Skim_TriLep_MuonEG_G.root
2026-04-16 17:42:39,279 - INFO - [2022EE] MISSING_CENTRAL: SR1E2Mu/Central/bjets/3/energy in Skim_TriLep_DYJets.root
2026-04-16 17:42:39,280 - INFO - [2022EE] MISSING_CENTRAL: SR1E2Mu/Central/bjets/3/energy in Skim_TriLep_DYJets10to50.root
2026-04-16 17:42:39,301 - INFO - [2022EE] MISSING_CENTRAL: SR1E2Mu/Central/bjets/3/energy in Skim_TriLep_TTG_PTG100to200.root
2026-04-16 17:42:39,301 - INFO - [2022EE] MISSING_CENTRAL: SR1E2Mu/Central/bjets/3/energy in Skim_TriLep_TTG_PTG200toInf.root
2026-04-16 17:42:39,302 - INFO - [2022EE] MISSING_CENTRAL: SR1E2Mu/Central/bjets/3/energy in Skim_TriLep_TTWToLNu.root
2026-04-16 17:42:39,439 - INFO - [2022EE] MISSING_CENTRAL: SR1E2Mu/Central/bjets/3/energy in Skim_TriLep_WWW.root
2026-04-16 17:42:39,440 - INFO - [2022EE] MISSING_CENTRAL: SR1E2Mu/Central/bjets/3/energy in Skim_TriLep_WWZ.root
2026-04-16 17:42:39,460 - INFO - [2022EE] MISSING_CENTRAL: SR1E2Mu/Central/bjets/3/energy in Skim_TriLep_ZZZ.root
2026-04-16 17:42:39,483 - INFO - [2022EE] MISSING_CENTRAL: SR1E2Mu/Central/bjets/3/energy in Skim_TriLep_VBFHToZZTo4L.root
2026-04-16 17:42:39,484 - INFO - [2022EE] MISSING_CENTRAL: SR1E2Mu/Central/bjets/3/energy in Skim_TriLep_ggHToZZTo4L.root
2026-04-16 17:42:39,484 - INFO - [2023] MISSING_CENTRAL: SR1E2Mu/Central/bjets/3/energy in Skim_TriLep_MuonEG_C_v1.root
2026-04-16 17:42:39,485 - INFO - [2023] MISSING_CENTRAL: SR1E2Mu/Central/bjets/3/energy in Skim_TriLep_MuonEG_C_v2.root
2026-04-16 17:42:39,485 - INFO - [2023] MISSING_CENTRAL: SR1E2Mu/Central/bjets/3/energy in Skim_TriLep_MuonEG_C_v3.root
2026-04-16 17:42:39,487 - INFO - [2023] MISSING_CENTRAL: SR1E2Mu/Central/bjets/3/energy in Skim_TriLep_DYJets.root
2026-04-16 17:42:39,488 - INFO - [2023] MISSING_CENTRAL: SR1E2Mu/Central/bjets/3/energy in Skim_TriLep_DYJets10to50.root
2026-04-16 17:42:39,489 - INFO - [2023] MISSING_CENTRAL: SR1E2Mu/Central/bjets/3/energy in Skim_TriLep_TTG_PTG10to100.root
2026-04-16 17:42:39,489 - INFO - [2023] MISSING_CENTRAL: SR1E2Mu/Central/bjets/3/energy in Skim_TriLep_TTG_PTG100to200.root
2026-04-16 17:42:39,490 - INFO - [2023] MISSING_CENTRAL: SR1E2Mu/Central/bjets/3/energy in Skim_TriLep_TTG_PTG200toInf.root
2026-04-16 17:42:39,592 - INFO - [2023] MISSING_CENTRAL: SR1E2Mu/Central/bjets/3/energy in Skim_TriLep_WZTo3LNu_powheg.root
2026-04-16 17:42:39,593 - INFO - [2023] MISSING_CENTRAL: SR1E2Mu/Central/bjets/3/energy in Skim_TriLep_ZZTo4L_powheg.root
2026-04-16 17:42:39,615 - INFO - [2023] MISSING_CENTRAL: SR1E2Mu/Central/bjets/3/energy in Skim_TriLep_WWW.root
2026-04-16 17:42:39,698 - INFO - [2023] MISSING_CENTRAL: SR1E2Mu/Central/bjets/3/energy in Skim_TriLep_VBFHToZZTo4L.root
2026-04-16 17:42:39,699 - INFO - [2023] MISSING_CENTRAL: SR1E2Mu/Central/bjets/3/energy in Skim_TriLep_ggHToZZTo4L.root
2026-04-16 17:42:39,700 - INFO - [2023BPix] MISSING_CENTRAL: SR1E2Mu/Central/bjets/3/energy in Skim_TriLep_MuonEG_D_v2.root
2026-04-16 17:42:39,701 - INFO - [2023BPix] MISSING_CENTRAL: SR1E2Mu/Central/bjets/3/energy in Skim_TriLep_DYJets.root
2026-04-16 17:42:39,702 - INFO - [2023BPix] MISSING_CENTRAL: SR1E2Mu/Central/bjets/3/energy in Skim_TriLep_DYJets10to50.root
2026-04-16 17:42:39,702 - INFO - [2023BPix] MISSING_CENTRAL: SR1E2Mu/Central/bjets/3/energy in Skim_TriLep_TTG_PTG10to100.root
2026-04-16 17:42:39,703 - INFO - [2023BPix] MISSING_CENTRAL: SR1E2Mu/Central/bjets/3/energy in Skim_TriLep_TTG_PTG100to200.root
2026-04-16 17:42:39,704 - INFO - [2023BPix] MISSING_CENTRAL: SR1E2Mu/Central/bjets/3/energy in Skim_TriLep_TTG_PTG200toInf.root
2026-04-16 17:42:39,785 - INFO - [2023BPix] MISSING_CENTRAL: SR1E2Mu/Central/bjets/3/energy in Skim_TriLep_WZTo3LNu_powheg.root
2026-04-16 17:42:39,785 - INFO - [2023BPix] MISSING_CENTRAL: SR1E2Mu/Central/bjets/3/energy in Skim_TriLep_ZZTo4L_powheg.root
2026-04-16 17:42:39,801 - INFO - [2023BPix] MISSING_CENTRAL: SR1E2Mu/Central/bjets/3/energy in Skim_TriLep_WWW.root
2026-04-16 17:42:39,802 - INFO - [2023BPix] MISSING_CENTRAL: SR1E2Mu/Central/bjets/3/energy in Skim_TriLep_WWZ.root
2026-04-16 17:42:39,844 - INFO - [2023BPix] MISSING_CENTRAL: SR1E2Mu/Central/bjets/3/energy in Skim_TriLep_VBFHToZZTo4L.root
2026-04-16 17:42:39,845 - INFO - [2023BPix] MISSING_CENTRAL: SR1E2Mu/Central/bjets/3/energy in Skim_TriLep_ggHToZZTo4L.root
2026-04-28 15:13:03,174 - INFO - [2022] MISSING_CENTRAL: SR1E2Mu/Central/bjets/3/energy in Skim_TriLep_MuonEG_C.root
2026-04-28 15:13:03,175 - INFO - [2022] MISSING_CENTRAL: SR1E2Mu/Central/bjets/3/energy in Skim_TriLep_MuonEG_D.root
2026-04-28 15:13:03,175 - INFO - [2022EE] MISSING_CENTRAL: SR1E2Mu/Central/bjets/3/energy in Skim_TriLep_MuonEG_E.root
2026-04-28 15:13:03,176 - INFO - [2022EE] MISSING_CENTRAL: SR1E2Mu/Central/bjets/3/energy in Skim_TriLep_MuonEG_F.root
2026-04-28 15:13:03,176 - INFO - [2022EE] MISSING_CENTRAL: SR1E2Mu/Central/bjets/3/energy in Skim_TriLep_MuonEG_G.root
2026-04-28 15:13:03,177 - INFO - [2023] MISSING_CENTRAL: SR1E2Mu/Central/bjets/3/energy in Skim_TriLep_MuonEG_C_v1.root
2026-04-28 15:13:03,177 - INFO - [2023] MISSING_CENTRAL: SR1E2Mu/Central/bjets/3/energy in Skim_TriLep_MuonEG_C_v2.root
2026-04-28 15:13:03,178 - INFO - [2023] MISSING_CENTRAL: SR1E2Mu/Central/bjets/3/energy in Skim_TriLep_MuonEG_C_v3.root
2026-04-28 15:13:03,239 - INFO - [2023BPix] MISSING_CENTRAL: SR1E2Mu/Central/bjets/3/energy in Skim_TriLep_MuonEG_D_v1.root
2026-04-28 15:13:03,239 - INFO - [2023BPix] MISSING_CENTRAL: SR1E2Mu/Central/bjets/3/energy in Skim_TriLep_MuonEG_D_v2.root
2026-04-28 15:13:03,247 - INFO - [2022] MISSING_CENTRAL: SR1E2Mu/Central/bjets/3/energy in Skim_TriLep_MuonEG_D.root
2026-04-28 15:13:03,248 - INFO - [2022] MISSING_CENTRAL: SR1E2Mu/Central/bjets/3/energy in Skim_TriLep_DYJets.root
2026-04-28 15:13:03,248 - INFO - [2022] MISSING_CENTRAL: SR1E2Mu/Central/bjets/3/energy in Skim_TriLep_DYJets10to50.root
2026-04-28 15:13:03,249 - INFO - [2022] MISSING_CENTRAL: SR1E2Mu/Central/bjets/3/energy in Skim_TriLep_TTG_PTG10to100.root
2026-04-28 15:13:03,250 - INFO - [2022] MISSING_CENTRAL: SR1E2Mu/Central/bjets/3/energy in Skim_TriLep_TTG_PTG100to200.root
2026-04-28 15:13:03,250 - INFO - [2022] MISSING_CENTRAL: SR1E2Mu/Central/bjets/3/energy in Skim_TriLep_TTG_PTG200toInf.root
2026-04-28 15:13:03,363 - INFO - [2022] MISSING_CENTRAL: SR1E2Mu/Central/bjets/3/energy in Skim_TriLep_WZTo3LNu_powheg.root
2026-04-28 15:13:03,364 - INFO - [2022] MISSING_CENTRAL: SR1E2Mu/Central/bjets/3/energy in Skim_TriLep_ZZTo4L_powheg.root
2026-04-28 15:13:03,383 - INFO - [2022] MISSING_CENTRAL: SR1E2Mu/Central/bjets/3/energy in Skim_TriLep_WWW.root
2026-04-28 15:13:03,384 - INFO - [2022] MISSING_CENTRAL: SR1E2Mu/Central/bjets/3/energy in Skim_TriLep_WWZ.root
2026-04-28 15:13:03,385 - INFO - [2022] MISSING_CENTRAL: SR1E2Mu/Central/bjets/3/energy in Skim_TriLep_WZZ.root
2026-04-28 15:13:03,385 - INFO - [2022] MISSING_CENTRAL: SR1E2Mu/Central/bjets/3/energy in Skim_TriLep_ZZZ.root
2026-04-28 15:13:03,407 - INFO - [2022] MISSING_CENTRAL: SR1E2Mu/Central/bjets/3/energy in Skim_TriLep_VBFHToZZTo4L.root
2026-04-28 15:13:03,408 - INFO - [2022] MISSING_CENTRAL: SR1E2Mu/Central/bjets/3/energy in Skim_TriLep_ggHToZZTo4L.root
2026-04-28 15:13:03,408 - INFO - [2022EE] MISSING_CENTRAL: SR1E2Mu/Central/bjets/3/energy in Skim_TriLep_MuonEG_E.root
2026-04-28 15:13:03,409 - INFO - [2022EE] MISSING_CENTRAL: SR1E2Mu/Central/bjets/3/energy in Skim_TriLep_MuonEG_G.root
2026-04-28 15:13:03,410 - INFO - [2022EE] MISSING_CENTRAL: SR1E2Mu/Central/bjets/3/energy in Skim_TriLep_DYJets.root
2026-04-28 15:13:03,410 - INFO - [2022EE] MISSING_CENTRAL: SR1E2Mu/Central/bjets/3/energy in Skim_TriLep_DYJets10to50.root
2026-04-28 15:13:03,430 - INFO - [2022EE] MISSING_CENTRAL: SR1E2Mu/Central/bjets/3/energy in Skim_TriLep_TTG_PTG100to200.root
2026-04-28 15:13:03,431 - INFO - [2022EE] MISSING_CENTRAL: SR1E2Mu/Central/bjets/3/energy in Skim_TriLep_TTG_PTG200toInf.root
2026-04-28 15:13:03,431 - INFO - [2022EE] MISSING_CENTRAL: SR1E2Mu/Central/bjets/3/energy in Skim_TriLep_TTWToLNu.root
2026-04-28 15:13:03,568 - INFO - [2022EE] MISSING_CENTRAL: SR1E2Mu/Central/bjets/3/energy in Skim_TriLep_WWW.root
2026-04-28 15:13:03,569 - INFO - [2022EE] MISSING_CENTRAL: SR1E2Mu/Central/bjets/3/energy in Skim_TriLep_WWZ.root
2026-04-28 15:13:03,589 - INFO - [2022EE] MISSING_CENTRAL: SR1E2Mu/Central/bjets/3/energy in Skim_TriLep_ZZZ.root
2026-04-28 15:13:03,613 - INFO - [2022EE] MISSING_CENTRAL: SR1E2Mu/Central/bjets/3/energy in Skim_TriLep_VBFHToZZTo4L.root
2026-04-28 15:13:03,613 - INFO - [2022EE] MISSING_CENTRAL: SR1E2Mu/Central/bjets/3/energy in Skim_TriLep_ggHToZZTo4L.root
2026-04-28 15:13:03,614 - INFO - [2023] MISSING_CENTRAL: SR1E2Mu/Central/bjets/3/energy in Skim_TriLep_MuonEG_C_v1.root
2026-04-28 15:13:03,614 - INFO - [2023] MISSING_CENTRAL: SR1E2Mu/Central/bjets/3/energy in Skim_TriLep_MuonEG_C_v2.root
2026-04-28 15:13:03,615 - INFO - [2023] MISSING_CENTRAL: SR1E2Mu/Central/bjets/3/energy in Skim_TriLep_MuonEG_C_v3.root
2026-04-28 15:13:03,617 - INFO - [2023] MISSING_CENTRAL: SR1E2Mu/Central/bjets/3/energy in Skim_TriLep_DYJets.root
2026-04-28 15:13:03,618 - INFO - [2023] MISSING_CENTRAL: SR1E2Mu/Central/bjets/3/energy in Skim_TriLep_DYJets10to50.root
2026-04-28 15:13:03,618 - INFO - [2023] MISSING_CENTRAL: SR1E2Mu/Central/bjets/3/energy in Skim_TriLep_TTG_PTG10to100.root
2026-04-28 15:13:03,619 - INFO - [2023] MISSING_CENTRAL: SR1E2Mu/Central/bjets/3/energy in Skim_TriLep_TTG_PTG100to200.root
2026-04-28 15:13:03,619 - INFO - [2023] MISSING_CENTRAL: SR1E2Mu/Central/bjets/3/energy in Skim_TriLep_TTG_PTG200toInf.root
2026-04-28 15:13:03,723 - INFO - [2023] MISSING_CENTRAL: SR1E2Mu/Central/bjets/3/energy in Skim_TriLep_WZTo3LNu_powheg.root
2026-04-28 15:13:03,723 - INFO - [2023] MISSING_CENTRAL: SR1E2Mu/Central/bjets/3/energy in Skim_TriLep_ZZTo4L_powheg.root
2026-04-28 15:13:03,746 - INFO - [2023] MISSING_CENTRAL: SR1E2Mu/Central/bjets/3/energy in Skim_TriLep_WWW.root
2026-04-28 15:13:03,830 - INFO - [2023] MISSING_CENTRAL: SR1E2Mu/Central/bjets/3/energy in Skim_TriLep_VBFHToZZTo4L.root
2026-04-28 15:13:03,831 - INFO - [2023] MISSING_CENTRAL: SR1E2Mu/Central/bjets/3/energy in Skim_TriLep_ggHToZZTo4L.root
2026-04-28 15:13:03,832 - INFO - [2023BPix] MISSING_CENTRAL: SR1E2Mu/Central/bjets/3/energy in Skim_TriLep_MuonEG_D_v2.root
2026-04-28 15:13:03,833 - INFO - [2023BPix] MISSING_CENTRAL: SR1E2Mu/Central/bjets/3/energy in Skim_TriLep_DYJets.root
2026-04-28 15:13:03,834 - INFO - [2023BPix] MISSING_CENTRAL: SR1E2Mu/Central/bjets/3/energy in Skim_TriLep_DYJets10to50.root
2026-04-28 15:13:03,834 - INFO - [2023BPix] MISSING_CENTRAL: SR1E2Mu/Central/bjets/3/energy in Skim_TriLep_TTG_PTG10to100.root
2026-04-28 15:13:03,835 - INFO - [2023BPix] MISSING_CENTRAL: SR1E2Mu/Central/bjets/3/energy in Skim_TriLep_TTG_PTG100to200.root
2026-04-28 15:13:03,836 - INFO - [2023BPix] MISSING_CENTRAL: SR1E2Mu/Central/bjets/3/energy in Skim_TriLep_TTG_PTG200toInf.root
2026-04-28 15:13:03,940 - INFO - [2023BPix] MISSING_CENTRAL: SR1E2Mu/Central/bjets/3/energy in Skim_TriLep_WZTo3LNu_powheg.root
2026-04-28 15:13:03,941 - INFO - [2023BPix] MISSING_CENTRAL: SR1E2Mu/Central/bjets/3/energy in Skim_TriLep_ZZTo4L_powheg.root
2026-04-28 15:13:03,962 - INFO - [2023BPix] MISSING_CENTRAL: SR1E2Mu/Central/bjets/3/energy in Skim_TriLep_WWW.root
2026-04-28 15:13:03,963 - INFO - [2023BPix] MISSING_CENTRAL: SR1E2Mu/Central/bjets/3/energy in Skim_TriLep_WWZ.root
2026-04-28 15:13:04,027 - INFO - [2023BPix] MISSING_CENTRAL: SR1E2Mu/Central/bjets/3/energy in Skim_TriLep_VBFHToZZTo4L.root
2026-04-28 15:13:04,028 - INFO - [2023BPix] MISSING_CENTRAL: SR1E2Mu/Central/bjets/3/energy in Skim_TriLep_ggHToZZTo4L.root
2026-04-28 15:19:18,977 - INFO - [2022] MISSING_CENTRAL: SR1E2Mu/Central/bjets/3/energy in Skim_TriLep_MuonEG_C.root
2026-04-28 15:19:18,978 - INFO - [2022] MISSING_CENTRAL: SR1E2Mu/Central/bjets/3/energy in Skim_TriLep_MuonEG_D.root
2026-04-28 15:19:18,978 - INFO - [2022EE] MISSING_CENTRAL: SR1E2Mu/Central/bjets/3/energy in Skim_TriLep_MuonEG_E.root
2026-04-28 15:19:18,979 - INFO - [2022EE] MISSING_CENTRAL: SR1E2Mu/Central/bjets/3/energy in Skim_TriLep_MuonEG_F.root
2026-04-28 15:19:18,979 - INFO - [2022EE] MISSING_CENTRAL: SR1E2Mu/Central/bjets/3/energy in Skim_TriLep_MuonEG_G.root
2026-04-28 15:19:18,980 - INFO - [2023] MISSING_CENTRAL: SR1E2Mu/Central/bjets/3/energy in Skim_TriLep_MuonEG_C_v1.root
2026-04-28 15:19:18,980 - INFO - [2023] MISSING_CENTRAL: SR1E2Mu/Central/bjets/3/energy in Skim_TriLep_MuonEG_C_v2.root
2026-04-28 15:19:18,981 - INFO - [2023] MISSING_CENTRAL: SR1E2Mu/Central/bjets/3/energy in Skim_TriLep_MuonEG_C_v3.root
2026-04-28 15:19:19,041 - INFO - [2023BPix] MISSING_CENTRAL: SR1E2Mu/Central/bjets/3/energy in Skim_TriLep_MuonEG_D_v1.root
2026-04-28 15:19:19,042 - INFO - [2023BPix] MISSING_CENTRAL: SR1E2Mu/Central/bjets/3/energy in Skim_TriLep_MuonEG_D_v2.root
2026-04-28 15:19:19,050 - INFO - [2022] MISSING_CENTRAL: SR1E2Mu/Central/bjets/3/energy in Skim_TriLep_MuonEG_D.root
2026-04-28 15:19:19,051 - INFO - [2022] MISSING_CENTRAL: SR1E2Mu/Central/bjets/3/energy in Skim_TriLep_DYJets.root
2026-04-28 15:19:19,051 - INFO - [2022] MISSING_CENTRAL: SR1E2Mu/Central/bjets/3/energy in Skim_TriLep_DYJets10to50.root
2026-04-28 15:19:19,052 - INFO - [2022] MISSING_CENTRAL: SR1E2Mu/Central/bjets/3/energy in Skim_TriLep_TTG_PTG10to100.root
2026-04-28 15:19:19,052 - INFO - [2022] MISSING_CENTRAL: SR1E2Mu/Central/bjets/3/energy in Skim_TriLep_TTG_PTG100to200.root
2026-04-28 15:19:19,053 - INFO - [2022] MISSING_CENTRAL: SR1E2Mu/Central/bjets/3/energy in Skim_TriLep_TTG_PTG200toInf.root
2026-04-28 15:19:19,165 - INFO - [2022] MISSING_CENTRAL: SR1E2Mu/Central/bjets/3/energy in Skim_TriLep_WZTo3LNu_powheg.root
2026-04-28 15:19:19,166 - INFO - [2022] MISSING_CENTRAL: SR1E2Mu/Central/bjets/3/energy in Skim_TriLep_ZZTo4L_powheg.root
2026-04-28 15:19:19,186 - INFO - [2022] MISSING_CENTRAL: SR1E2Mu/Central/bjets/3/energy in Skim_TriLep_WWW.root
2026-04-28 15:19:19,187 - INFO - [2022] MISSING_CENTRAL: SR1E2Mu/Central/bjets/3/energy in Skim_TriLep_WWZ.root
2026-04-28 15:19:19,188 - INFO - [2022] MISSING_CENTRAL: SR1E2Mu/Central/bjets/3/energy in Skim_TriLep_WZZ.root
2026-04-28 15:19:19,188 - INFO - [2022] MISSING_CENTRAL: SR1E2Mu/Central/bjets/3/energy in Skim_TriLep_ZZZ.root
2026-04-28 15:19:19,211 - INFO - [2022] MISSING_CENTRAL: SR1E2Mu/Central/bjets/3/energy in Skim_TriLep_VBFHToZZTo4L.root
2026-04-28 15:19:19,212 - INFO - [2022] MISSING_CENTRAL: SR1E2Mu/Central/bjets/3/energy in Skim_TriLep_ggHToZZTo4L.root
2026-04-28 15:19:19,212 - INFO - [2022EE] MISSING_CENTRAL: SR1E2Mu/Central/bjets/3/energy in Skim_TriLep_MuonEG_E.root
2026-04-28 15:19:19,214 - INFO - [2022EE] MISSING_CENTRAL: SR1E2Mu/Central/bjets/3/energy in Skim_TriLep_MuonEG_G.root
2026-04-28 15:19:19,214 - INFO - [2022EE] MISSING_CENTRAL: SR1E2Mu/Central/bjets/3/energy in Skim_TriLep_DYJets.root
2026-04-28 15:19:19,215 - INFO - [2022EE] MISSING_CENTRAL: SR1E2Mu/Central/bjets/3/energy in Skim_TriLep_DYJets10to50.root
2026-04-28 15:19:19,236 - INFO - [2022EE] MISSING_CENTRAL: SR1E2Mu/Central/bjets/3/energy in Skim_TriLep_TTG_PTG100to200.root
2026-04-28 15:19:19,237 - INFO - [2022EE] MISSING_CENTRAL: SR1E2Mu/Central/bjets/3/energy in Skim_TriLep_TTG_PTG200toInf.root
2026-04-28 15:19:19,238 - INFO - [2022EE] MISSING_CENTRAL: SR1E2Mu/Central/bjets/3/energy in Skim_TriLep_TTWToLNu.root
2026-04-28 15:19:19,382 - INFO - [2022EE] MISSING_CENTRAL: SR1E2Mu/Central/bjets/3/energy in Skim_TriLep_WWW.root
2026-04-28 15:19:19,383 - INFO - [2022EE] MISSING_CENTRAL: SR1E2Mu/Central/bjets/3/energy in Skim_TriLep_WWZ.root
2026-04-28 15:19:19,404 - INFO - [2022EE] MISSING_CENTRAL: SR1E2Mu/Central/bjets/3/energy in Skim_TriLep_ZZZ.root
2026-04-28 15:19:19,427 - INFO - [2022EE] MISSING_CENTRAL: SR1E2Mu/Central/bjets/3/energy in Skim_TriLep_VBFHToZZTo4L.root
2026-04-28 15:19:19,428 - INFO - [2022EE] MISSING_CENTRAL: SR1E2Mu/Central/bjets/3/energy in Skim_TriLep_ggHToZZTo4L.root
2026-04-28 15:19:19,429 - INFO - [2023] MISSING_CENTRAL: SR1E2Mu/Central/bjets/3/energy in Skim_TriLep_MuonEG_C_v1.root
2026-04-28 15:19:19,429 - INFO - [2023] MISSING_CENTRAL: SR1E2Mu/Central/bjets/3/energy in Skim_TriLep_MuonEG_C_v2.root
2026-04-28 15:19:19,430 - INFO - [2023] MISSING_CENTRAL: SR1E2Mu/Central/bjets/3/energy in Skim_TriLep_MuonEG_C_v3.root
2026-04-28 15:19:19,432 - INFO - [2023] MISSING_CENTRAL: SR1E2Mu/Central/bjets/3/energy in Skim_TriLep_DYJets.root
2026-04-28 15:19:19,433 - INFO - [2023] MISSING_CENTRAL: SR1E2Mu/Central/bjets/3/energy in Skim_TriLep_DYJets10to50.root
2026-04-28 15:19:19,433 - INFO - [2023] MISSING_CENTRAL: SR1E2Mu/Central/bjets/3/energy in Skim_TriLep_TTG_PTG10to100.root
2026-04-28 15:19:19,434 - INFO - [2023] MISSING_CENTRAL: SR1E2Mu/Central/bjets/3/energy in Skim_TriLep_TTG_PTG100to200.root
2026-04-28 15:19:19,434 - INFO - [2023] MISSING_CENTRAL: SR1E2Mu/Central/bjets/3/energy in Skim_TriLep_TTG_PTG200toInf.root
2026-04-28 15:19:19,537 - INFO - [2023] MISSING_CENTRAL: SR1E2Mu/Central/bjets/3/energy in Skim_TriLep_WZTo3LNu_powheg.root
2026-04-28 15:19:19,538 - INFO - [2023] MISSING_CENTRAL: SR1E2Mu/Central/bjets/3/energy in Skim_TriLep_ZZTo4L_powheg.root
2026-04-28 15:19:19,559 - INFO - [2023] MISSING_CENTRAL: SR1E2Mu/Central/bjets/3/energy in Skim_TriLep_WWW.root
2026-04-28 15:19:19,643 - INFO - [2023] MISSING_CENTRAL: SR1E2Mu/Central/bjets/3/energy in Skim_TriLep_VBFHToZZTo4L.root
2026-04-28 15:19:19,644 - INFO - [2023] MISSING_CENTRAL: SR1E2Mu/Central/bjets/3/energy in Skim_TriLep_ggHToZZTo4L.root
2026-04-28 15:19:19,645 - INFO - [2023BPix] MISSING_CENTRAL: SR1E2Mu/Central/bjets/3/energy in Skim_TriLep_MuonEG_D_v2.root
2026-04-28 15:19:19,646 - INFO - [2023BPix] MISSING_CENTRAL: SR1E2Mu/Central/bjets/3/energy in Skim_TriLep_DYJets.root
2026-04-28 15:19:19,646 - INFO - [2023BPix] MISSING_CENTRAL: SR1E2Mu/Central/bjets/3/energy in Skim_TriLep_DYJets10to50.root
2026-04-28 15:19:19,647 - INFO - [2023BPix] MISSING_CENTRAL: SR1E2Mu/Central/bjets/3/energy in Skim_TriLep_TTG_PTG10to100.root
2026-04-28 15:19:19,647 - INFO - [2023BPix] MISSING_CENTRAL: SR1E2Mu/Central/bjets/3/energy in Skim_TriLep_TTG_PTG100to200.root
2026-04-28 15:19:19,648 - INFO - [2023BPix] MISSING_CENTRAL: SR1E2Mu/Central/bjets/3/energy in Skim_TriLep_TTG_PTG200toInf.root
2026-04-28 15:19:19,749 - INFO - [2023BPix] MISSING_CENTRAL: SR1E2Mu/Central/bjets/3/energy in Skim_TriLep_WZTo3LNu_powheg.root
2026-04-28 15:19:19,750 - INFO - [2023BPix] MISSING_CENTRAL: SR1E2Mu/Central/bjets/3/energy in Skim_TriLep_ZZTo4L_powheg.root
2026-04-28 15:19:19,770 - INFO - [2023BPix] MISSING_CENTRAL: SR1E2Mu/Central/bjets/3/energy in Skim_TriLep_WWW.root
2026-04-28 15:19:19,771 - INFO - [2023BPix] MISSING_CENTRAL: SR1E2Mu/Central/bjets/3/energy in Skim_TriLep_WWZ.root
2026-04-28 15:19:19,834 - INFO - [2023BPix] MISSING_CENTRAL: SR1E2Mu/Central/bjets/3/energy in Skim_TriLep_VBFHToZZTo4L.root
2026-04-28 15:19:19,835 - INFO - [2023BPix] MISSING_CENTRAL: SR1E2Mu/Central/bjets/3/energy in Skim_TriLep_ggHToZZTo4L.root
2026-04-28 15:21:24,255 - INFO - [2022] MISSING_CENTRAL: SR1E2Mu/Central/bjets/3/energy in Skim_TriLep_MuonEG_C.root
2026-04-28 15:21:24,256 - INFO - [2022] MISSING_CENTRAL: SR1E2Mu/Central/bjets/3/energy in Skim_TriLep_MuonEG_D.root
2026-04-28 15:21:24,257 - INFO - [2022EE] MISSING_CENTRAL: SR1E2Mu/Central/bjets/3/energy in Skim_TriLep_MuonEG_E.root
2026-04-28 15:21:24,257 - INFO - [2022EE] MISSING_CENTRAL: SR1E2Mu/Central/bjets/3/energy in Skim_TriLep_MuonEG_F.root
2026-04-28 15:21:24,258 - INFO - [2022EE] MISSING_CENTRAL: SR1E2Mu/Central/bjets/3/energy in Skim_TriLep_MuonEG_G.root
2026-04-28 15:21:24,258 - INFO - [2023] MISSING_CENTRAL: SR1E2Mu/Central/bjets/3/energy in Skim_TriLep_MuonEG_C_v1.root
2026-04-28 15:21:24,258 - INFO - [2023] MISSING_CENTRAL: SR1E2Mu/Central/bjets/3/energy in Skim_TriLep_MuonEG_C_v2.root
2026-04-28 15:21:24,259 - INFO - [2023] MISSING_CENTRAL: SR1E2Mu/Central/bjets/3/energy in Skim_TriLep_MuonEG_C_v3.root
2026-04-28 15:21:24,320 - INFO - [2023BPix] MISSING_CENTRAL: SR1E2Mu/Central/bjets/3/energy in Skim_TriLep_MuonEG_D_v1.root
2026-04-28 15:21:24,320 - INFO - [2023BPix] MISSING_CENTRAL: SR1E2Mu/Central/bjets/3/energy in Skim_TriLep_MuonEG_D_v2.root
2026-04-28 15:21:24,329 - INFO - [2022] MISSING_CENTRAL: SR1E2Mu/Central/bjets/3/energy in Skim_TriLep_MuonEG_D.root
2026-04-28 15:21:24,330 - INFO - [2022] MISSING_CENTRAL: SR1E2Mu/Central/bjets/3/energy in Skim_TriLep_DYJets.root
2026-04-28 15:21:24,330 - INFO - [2022] MISSING_CENTRAL: SR1E2Mu/Central/bjets/3/energy in Skim_TriLep_DYJets10to50.root
2026-04-28 15:21:24,331 - INFO - [2022] MISSING_CENTRAL: SR1E2Mu/Central/bjets/3/energy in Skim_TriLep_TTG_PTG10to100.root
2026-04-28 15:21:24,331 - INFO - [2022] MISSING_CENTRAL: SR1E2Mu/Central/bjets/3/energy in Skim_TriLep_TTG_PTG100to200.root
2026-04-28 15:21:24,332 - INFO - [2022] MISSING_CENTRAL: SR1E2Mu/Central/bjets/3/energy in Skim_TriLep_TTG_PTG200toInf.root
2026-04-28 15:21:24,437 - INFO - [2022] MISSING_CENTRAL: SR1E2Mu/Central/bjets/3/energy in Skim_TriLep_WZTo3LNu_powheg.root
2026-04-28 15:21:24,438 - INFO - [2022] MISSING_CENTRAL: SR1E2Mu/Central/bjets/3/energy in Skim_TriLep_ZZTo4L_powheg.root
2026-04-28 15:21:24,458 - INFO - [2022] MISSING_CENTRAL: SR1E2Mu/Central/bjets/3/energy in Skim_TriLep_WWW.root
2026-04-28 15:21:24,458 - INFO - [2022] MISSING_CENTRAL: SR1E2Mu/Central/bjets/3/energy in Skim_TriLep_WWZ.root
2026-04-28 15:21:24,459 - INFO - [2022] MISSING_CENTRAL: SR1E2Mu/Central/bjets/3/energy in Skim_TriLep_WZZ.root
2026-04-28 15:21:24,459 - INFO - [2022] MISSING_CENTRAL: SR1E2Mu/Central/bjets/3/energy in Skim_TriLep_ZZZ.root
2026-04-28 15:21:24,481 - INFO - [2022] MISSING_CENTRAL: SR1E2Mu/Central/bjets/3/energy in Skim_TriLep_VBFHToZZTo4L.root
2026-04-28 15:21:24,482 - INFO - [2022] MISSING_CENTRAL: SR1E2Mu/Central/bjets/3/energy in Skim_TriLep_ggHToZZTo4L.root
2026-04-28 15:21:24,482 - INFO - [2022EE] MISSING_CENTRAL: SR1E2Mu/Central/bjets/3/energy in Skim_TriLep_MuonEG_E.root
2026-04-28 15:21:24,484 - INFO - [2022EE] MISSING_CENTRAL: SR1E2Mu/Central/bjets/3/energy in Skim_TriLep_MuonEG_G.root
2026-04-28 15:21:24,484 - INFO - [2022EE] MISSING_CENTRAL: SR1E2Mu/Central/bjets/3/energy in Skim_TriLep_DYJets.root
2026-04-28 15:21:24,485 - INFO - [2022EE] MISSING_CENTRAL: SR1E2Mu/Central/bjets/3/energy in Skim_TriLep_DYJets10to50.root
2026-04-28 15:21:24,505 - INFO - [2022EE] MISSING_CENTRAL: SR1E2Mu/Central/bjets/3/energy in Skim_TriLep_TTG_PTG100to200.root
2026-04-28 15:21:24,506 - INFO - [2022EE] MISSING_CENTRAL: SR1E2Mu/Central/bjets/3/energy in Skim_TriLep_TTG_PTG200toInf.root
2026-04-28 15:21:24,507 - INFO - [2022EE] MISSING_CENTRAL: SR1E2Mu/Central/bjets/3/energy in Skim_TriLep_TTWToLNu.root
2026-04-28 15:21:24,645 - INFO - [2022EE] MISSING_CENTRAL: SR1E2Mu/Central/bjets/3/energy in Skim_TriLep_WWW.root
2026-04-28 15:21:24,645 - INFO - [2022EE] MISSING_CENTRAL: SR1E2Mu/Central/bjets/3/energy in Skim_TriLep_WWZ.root
2026-04-28 15:21:24,666 - INFO - [2022EE] MISSING_CENTRAL: SR1E2Mu/Central/bjets/3/energy in Skim_TriLep_ZZZ.root
2026-04-28 15:21:24,687 - INFO - [2022EE] MISSING_CENTRAL: SR1E2Mu/Central/bjets/3/energy in Skim_TriLep_VBFHToZZTo4L.root
2026-04-28 15:21:24,688 - INFO - [2022EE] MISSING_CENTRAL: SR1E2Mu/Central/bjets/3/energy in Skim_TriLep_ggHToZZTo4L.root
2026-04-28 15:21:24,689 - INFO - [2023] MISSING_CENTRAL: SR1E2Mu/Central/bjets/3/energy in Skim_TriLep_MuonEG_C_v1.root
2026-04-28 15:21:24,689 - INFO - [2023] MISSING_CENTRAL: SR1E2Mu/Central/bjets/3/energy in Skim_TriLep_MuonEG_C_v2.root
2026-04-28 15:21:24,690 - INFO - [2023] MISSING_CENTRAL: SR1E2Mu/Central/bjets/3/energy in Skim_TriLep_MuonEG_C_v3.root
2026-04-28 15:21:24,691 - INFO - [2023] MISSING_CENTRAL: SR1E2Mu/Central/bjets/3/energy in Skim_TriLep_DYJets.root
2026-04-28 15:21:24,692 - INFO - [2023] MISSING_CENTRAL: SR1E2Mu/Central/bjets/3/energy in Skim_TriLep_DYJets10to50.root
2026-04-28 15:21:24,692 - INFO - [2023] MISSING_CENTRAL: SR1E2Mu/Central/bjets/3/energy in Skim_TriLep_TTG_PTG10to100.root
2026-04-28 15:21:24,693 - INFO - [2023] MISSING_CENTRAL: SR1E2Mu/Central/bjets/3/energy in Skim_TriLep_TTG_PTG100to200.root
2026-04-28 15:21:24,694 - INFO - [2023] MISSING_CENTRAL: SR1E2Mu/Central/bjets/3/energy in Skim_TriLep_TTG_PTG200toInf.root
2026-04-28 15:21:24,789 - INFO - [2023] MISSING_CENTRAL: SR1E2Mu/Central/bjets/3/energy in Skim_TriLep_WZTo3LNu_powheg.root
2026-04-28 15:21:24,790 - INFO - [2023] MISSING_CENTRAL: SR1E2Mu/Central/bjets/3/energy in Skim_TriLep_ZZTo4L_powheg.root
2026-04-28 15:21:24,811 - INFO - [2023] MISSING_CENTRAL: SR1E2Mu/Central/bjets/3/energy in Skim_TriLep_WWW.root
2026-04-28 15:21:24,890 - INFO - [2023] MISSING_CENTRAL: SR1E2Mu/Central/bjets/3/energy in Skim_TriLep_VBFHToZZTo4L.root
2026-04-28 15:21:24,890 - INFO - [2023] MISSING_CENTRAL: SR1E2Mu/Central/bjets/3/energy in Skim_TriLep_ggHToZZTo4L.root
2026-04-28 15:21:24,892 - INFO - [2023BPix] MISSING_CENTRAL: SR1E2Mu/Central/bjets/3/energy in Skim_TriLep_MuonEG_D_v2.root
2026-04-28 15:21:24,893 - INFO - [2023BPix] MISSING_CENTRAL: SR1E2Mu/Central/bjets/3/energy in Skim_TriLep_DYJets.root
2026-04-28 15:21:24,893 - INFO - [2023BPix] MISSING_CENTRAL: SR1E2Mu/Central/bjets/3/energy in Skim_TriLep_DYJets10to50.root
2026-04-28 15:21:24,894 - INFO - [2023BPix] MISSING_CENTRAL: SR1E2Mu/Central/bjets/3/energy in Skim_TriLep_TTG_PTG10to100.root
2026-04-28 15:21:24,894 - INFO - [2023BPix] MISSING_CENTRAL: SR1E2Mu/Central/bjets/3/energy in Skim_TriLep_TTG_PTG100to200.root
2026-04-28 15:21:24,895 - INFO - [2023BPix] MISSING_CENTRAL: SR1E2Mu/Central/bjets/3/energy in Skim_TriLep_TTG_PTG200toInf.root
2026-04-28 15:21:24,996 - INFO - [2023BPix] MISSING_CENTRAL: SR1E2Mu/Central/bjets/3/energy in Skim_TriLep_WZTo3LNu_powheg.root
2026-04-28 15:21:24,996 - INFO - [2023BPix] MISSING_CENTRAL: SR1E2Mu/Central/bjets/3/energy in Skim_TriLep_ZZTo4L_powheg.root
2026-04-28 15:21:25,017 - INFO - [2023BPix] MISSING_CENTRAL: SR1E2Mu/Central/bjets/3/energy in Skim_TriLep_WWW.root
2026-04-28 15:21:25,018 - INFO - [2023BPix] MISSING_CENTRAL: SR1E2Mu/Central/bjets/3/energy in Skim_TriLep_WWZ.root
2026-04-28 15:21:25,080 - INFO - [2023BPix] MISSING_CENTRAL: SR1E2Mu/Central/bjets/3/energy in Skim_TriLep_VBFHToZZTo4L.root
2026-04-28 15:21:25,081 - INFO - [2023BPix] MISSING_CENTRAL: SR1E2Mu/Central/bjets/3/energy in Skim_TriLep_ggHToZZTo4L.root
2026-04-28 20:32:30,833 - INFO - [2022] MISSING_CENTRAL: SR1E2Mu/Central/bjets/3/energy in Skim_TriLep_MuonEG_C.root
2026-04-28 20:32:30,834 - INFO - [2022] MISSING_CENTRAL: SR1E2Mu/Central/bjets/3/energy in Skim_TriLep_MuonEG_D.root
2026-04-28 20:32:30,834 - INFO - [2022EE] MISSING_CENTRAL: SR1E2Mu/Central/bjets/3/energy in Skim_TriLep_MuonEG_E.root
2026-04-28 20:32:30,835 - INFO - [2022EE] MISSING_CENTRAL: SR1E2Mu/Central/bjets/3/energy in Skim_TriLep_MuonEG_F.root
2026-04-28 20:32:30,835 - INFO - [2022EE] MISSING_CENTRAL: SR1E2Mu/Central/bjets/3/energy in Skim_TriLep_MuonEG_G.root
2026-04-28 20:32:30,836 - INFO - [2023] MISSING_CENTRAL: SR1E2Mu/Central/bjets/3/energy in Skim_TriLep_MuonEG_C_v1.root
2026-04-28 20:32:30,836 - INFO - [2023] MISSING_CENTRAL: SR1E2Mu/Central/bjets/3/energy in Skim_TriLep_MuonEG_C_v2.root
2026-04-28 20:32:30,837 - INFO - [2023] MISSING_CENTRAL: SR1E2Mu/Central/bjets/3/energy in Skim_TriLep_MuonEG_C_v3.root
2026-04-28 20:32:30,899 - INFO - [2023BPix] MISSING_CENTRAL: SR1E2Mu/Central/bjets/3/energy in Skim_TriLep_MuonEG_D_v1.root
2026-04-28 20:32:30,900 - INFO - [2023BPix] MISSING_CENTRAL: SR1E2Mu/Central/bjets/3/energy in Skim_TriLep_MuonEG_D_v2.root
2026-04-28 20:32:30,909 - INFO - [2022] MISSING_CENTRAL: SR1E2Mu/Central/bjets/3/energy in Skim_TriLep_MuonEG_D.root
2026-04-28 20:32:30,910 - INFO - [2022] MISSING_CENTRAL: SR1E2Mu/Central/bjets/3/energy in Skim_TriLep_DYJets.root
2026-04-28 20:32:30,910 - INFO - [2022] MISSING_CENTRAL: SR1E2Mu/Central/bjets/3/energy in Skim_TriLep_DYJets10to50.root
2026-04-28 20:32:30,911 - INFO - [2022] MISSING_CENTRAL: SR1E2Mu/Central/bjets/3/energy in Skim_TriLep_TTG_PTG10to100.root
2026-04-28 20:32:30,911 - INFO - [2022] MISSING_CENTRAL: SR1E2Mu/Central/bjets/3/energy in Skim_TriLep_TTG_PTG100to200.root
2026-04-28 20:32:30,912 - INFO - [2022] MISSING_CENTRAL: SR1E2Mu/Central/bjets/3/energy in Skim_TriLep_TTG_PTG200toInf.root
2026-04-28 20:32:31,023 - INFO - [2022] MISSING_CENTRAL: SR1E2Mu/Central/bjets/3/energy in Skim_TriLep_WZTo3LNu_powheg.root
2026-04-28 20:32:31,023 - INFO - [2022] MISSING_CENTRAL: SR1E2Mu/Central/bjets/3/energy in Skim_TriLep_ZZTo4L_powheg.root
2026-04-28 20:32:31,044 - INFO - [2022] MISSING_CENTRAL: SR1E2Mu/Central/bjets/3/energy in Skim_TriLep_WWW.root
2026-04-28 20:32:31,044 - INFO - [2022] MISSING_CENTRAL: SR1E2Mu/Central/bjets/3/energy in Skim_TriLep_WWZ.root
2026-04-28 20:32:31,045 - INFO - [2022] MISSING_CENTRAL: SR1E2Mu/Central/bjets/3/energy in Skim_TriLep_WZZ.root
2026-04-28 20:32:31,046 - INFO - [2022] MISSING_CENTRAL: SR1E2Mu/Central/bjets/3/energy in Skim_TriLep_ZZZ.root
2026-04-28 20:32:31,068 - INFO - [2022] MISSING_CENTRAL: SR1E2Mu/Central/bjets/3/energy in Skim_TriLep_VBFHToZZTo4L.root
2026-04-28 20:32:31,069 - INFO - [2022] MISSING_CENTRAL: SR1E2Mu/Central/bjets/3/energy in Skim_TriLep_ggHToZZTo4L.root
2026-04-28 20:32:31,070 - INFO - [2022EE] MISSING_CENTRAL: SR1E2Mu/Central/bjets/3/energy in Skim_TriLep_MuonEG_E.root
2026-04-28 20:32:31,072 - INFO - [2022EE] MISSING_CENTRAL: SR1E2Mu/Central/bjets/3/energy in Skim_TriLep_MuonEG_G.root
2026-04-28 20:32:31,073 - INFO - [2022EE] MISSING_CENTRAL: SR1E2Mu/Central/bjets/3/energy in Skim_TriLep_DYJets.root
2026-04-28 20:32:31,073 - INFO - [2022EE] MISSING_CENTRAL: SR1E2Mu/Central/bjets/3/energy in Skim_TriLep_DYJets10to50.root
2026-04-28 20:32:31,094 - INFO - [2022EE] MISSING_CENTRAL: SR1E2Mu/Central/bjets/3/energy in Skim_TriLep_TTG_PTG100to200.root
2026-04-28 20:32:31,095 - INFO - [2022EE] MISSING_CENTRAL: SR1E2Mu/Central/bjets/3/energy in Skim_TriLep_TTG_PTG200toInf.root
2026-04-28 20:32:31,095 - INFO - [2022EE] MISSING_CENTRAL: SR1E2Mu/Central/bjets/3/energy in Skim_TriLep_TTWToLNu.root
2026-04-28 20:32:31,234 - INFO - [2022EE] MISSING_CENTRAL: SR1E2Mu/Central/bjets/3/energy in Skim_TriLep_WWW.root
2026-04-28 20:32:31,235 - INFO - [2022EE] MISSING_CENTRAL: SR1E2Mu/Central/bjets/3/energy in Skim_TriLep_WWZ.root
2026-04-28 20:32:31,256 - INFO - [2022EE] MISSING_CENTRAL: SR1E2Mu/Central/bjets/3/energy in Skim_TriLep_ZZZ.root
2026-04-28 20:32:31,279 - INFO - [2022EE] MISSING_CENTRAL: SR1E2Mu/Central/bjets/3/energy in Skim_TriLep_VBFHToZZTo4L.root
2026-04-28 20:32:31,279 - INFO - [2022EE] MISSING_CENTRAL: SR1E2Mu/Central/bjets/3/energy in Skim_TriLep_ggHToZZTo4L.root
2026-04-28 20:32:31,280 - INFO - [2023] MISSING_CENTRAL: SR1E2Mu/Central/bjets/3/energy in Skim_TriLep_MuonEG_C_v1.root
2026-04-28 20:32:31,280 - INFO - [2023] MISSING_CENTRAL: SR1E2Mu/Central/bjets/3/energy in Skim_TriLep_MuonEG_C_v2.root
2026-04-28 20:32:31,281 - INFO - [2023] MISSING_CENTRAL: SR1E2Mu/Central/bjets/3/energy in Skim_TriLep_MuonEG_C_v3.root
2026-04-28 20:32:31,283 - INFO - [2023] MISSING_CENTRAL: SR1E2Mu/Central/bjets/3/energy in Skim_TriLep_DYJets.root
2026-04-28 20:32:31,283 - INFO - [2023] MISSING_CENTRAL: SR1E2Mu/Central/bjets/3/energy in Skim_TriLep_DYJets10to50.root
2026-04-28 20:32:31,284 - INFO - [2023] MISSING_CENTRAL: SR1E2Mu/Central/bjets/3/energy in Skim_TriLep_TTG_PTG10to100.root
2026-04-28 20:32:31,284 - INFO - [2023] MISSING_CENTRAL: SR1E2Mu/Central/bjets/3/energy in Skim_TriLep_TTG_PTG100to200.root
2026-04-28 20:32:31,285 - INFO - [2023] MISSING_CENTRAL: SR1E2Mu/Central/bjets/3/energy in Skim_TriLep_TTG_PTG200toInf.root
2026-04-28 20:32:31,353 - INFO - [2023] MISSING_CENTRAL: SR1E2Mu/Central/bjets/3/energy in Skim_TriLep_WZTo3LNu_powheg.root
2026-04-28 20:32:31,354 - INFO - [2023] MISSING_CENTRAL: SR1E2Mu/Central/bjets/3/energy in Skim_TriLep_ZZTo4L_powheg.root
2026-04-28 20:32:31,369 - INFO - [2023] MISSING_CENTRAL: SR1E2Mu/Central/bjets/3/energy in Skim_TriLep_WWW.root
2026-04-28 20:32:31,425 - INFO - [2023] MISSING_CENTRAL: SR1E2Mu/Central/bjets/3/energy in Skim_TriLep_VBFHToZZTo4L.root
2026-04-28 20:32:31,426 - INFO - [2023] MISSING_CENTRAL: SR1E2Mu/Central/bjets/3/energy in Skim_TriLep_ggHToZZTo4L.root
2026-04-28 20:32:31,427 - INFO - [2023BPix] MISSING_CENTRAL: SR1E2Mu/Central/bjets/3/energy in Skim_TriLep_MuonEG_D_v2.root
2026-04-28 20:32:31,427 - INFO - [2023BPix] MISSING_CENTRAL: SR1E2Mu/Central/bjets/3/energy in Skim_TriLep_DYJets.root
2026-04-28 20:32:31,428 - INFO - [2023BPix] MISSING_CENTRAL: SR1E2Mu/Central/bjets/3/energy in Skim_TriLep_DYJets10to50.root
2026-04-28 20:32:31,428 - INFO - [2023BPix] MISSING_CENTRAL: SR1E2Mu/Central/bjets/3/energy in Skim_TriLep_TTG_PTG10to100.root
2026-04-28 20:32:31,429 - INFO - [2023BPix] MISSING_CENTRAL: SR1E2Mu/Central/bjets/3/energy in Skim_TriLep_TTG_PTG100to200.root
2026-04-28 20:32:31,429 - INFO - [2023BPix] MISSING_CENTRAL: SR1E2Mu/Central/bjets/3/energy in Skim_TriLep_TTG_PTG200toInf.root
2026-04-28 20:32:31,529 - INFO - [2023BPix] MISSING_CENTRAL: SR1E2Mu/Central/bjets/3/energy in Skim_TriLep_WZTo3LNu_powheg.root
2026-04-28 20:32:31,529 - INFO - [2023BPix] MISSING_CENTRAL: SR1E2Mu/Central/bjets/3/energy in Skim_TriLep_ZZTo4L_powheg.root
2026-04-28 20:32:31,550 - INFO - [2023BPix] MISSING_CENTRAL: SR1E2Mu/Central/bjets/3/energy in Skim_TriLep_WWW.root
2026-04-28 20:32:31,551 - INFO - [2023BPix] MISSING_CENTRAL: SR1E2Mu/Central/bjets/3/energy in Skim_TriLep_WWZ.root
2026-04-28 20:32:31,614 - INFO - [2023BPix] MISSING_CENTRAL: SR1E2Mu/Central/bjets/3/energy in Skim_TriLep_VBFHToZZTo4L.root
2026-04-28 20:32:31,615 - INFO - [2023BPix] MISSING_CENTRAL: SR1E2Mu/Central/bjets/3/energy in Skim_TriLep_ggHToZZTo4L.root
2026-04-28 20:34:30,453 - INFO - [2022] MISSING_CENTRAL: SR1E2Mu/Central/bjets/3/energy in Skim_TriLep_MuonEG_C.root
2026-04-28 20:34:30,453 - INFO - [2022] MISSING_CENTRAL: SR1E2Mu/Central/bjets/3/energy in Skim_TriLep_MuonEG_D.root
2026-04-28 20:34:30,454 - INFO - [2022EE] MISSING_CENTRAL: SR1E2Mu/Central/bjets/3/energy in Skim_TriLep_MuonEG_E.root
2026-04-28 20:34:30,454 - INFO - [2022EE] MISSING_CENTRAL: SR1E2Mu/Central/bjets/3/energy in Skim_TriLep_MuonEG_F.root
2026-04-28 20:34:30,455 - INFO - [2022EE] MISSING_CENTRAL: SR1E2Mu/Central/bjets/3/energy in Skim_TriLep_MuonEG_G.root
2026-04-28 20:34:30,455 - INFO - [2023] MISSING_CENTRAL: SR1E2Mu/Central/bjets/3/energy in Skim_TriLep_MuonEG_C_v1.root
2026-04-28 20:34:30,456 - INFO - [2023] MISSING_CENTRAL: SR1E2Mu/Central/bjets/3/energy in Skim_TriLep_MuonEG_C_v2.root
2026-04-28 20:34:30,456 - INFO - [2023] MISSING_CENTRAL: SR1E2Mu/Central/bjets/3/energy in Skim_TriLep_MuonEG_C_v3.root
2026-04-28 20:34:30,520 - INFO - [2023BPix] MISSING_CENTRAL: SR1E2Mu/Central/bjets/3/energy in Skim_TriLep_MuonEG_D_v1.root
2026-04-28 20:34:30,520 - INFO - [2023BPix] MISSING_CENTRAL: SR1E2Mu/Central/bjets/3/energy in Skim_TriLep_MuonEG_D_v2.root
2026-04-28 20:34:30,529 - INFO - [2022] MISSING_CENTRAL: SR1E2Mu/Central/bjets/3/energy in Skim_TriLep_MuonEG_D.root
2026-04-28 20:34:30,530 - INFO - [2022] MISSING_CENTRAL: SR1E2Mu/Central/bjets/3/energy in Skim_TriLep_DYJets.root
2026-04-28 20:34:30,530 - INFO - [2022] MISSING_CENTRAL: SR1E2Mu/Central/bjets/3/energy in Skim_TriLep_DYJets10to50.root
2026-04-28 20:34:30,531 - INFO - [2022] MISSING_CENTRAL: SR1E2Mu/Central/bjets/3/energy in Skim_TriLep_TTG_PTG10to100.root
2026-04-28 20:34:30,531 - INFO - [2022] MISSING_CENTRAL: SR1E2Mu/Central/bjets/3/energy in Skim_TriLep_TTG_PTG100to200.root
2026-04-28 20:34:30,532 - INFO - [2022] MISSING_CENTRAL: SR1E2Mu/Central/bjets/3/energy in Skim_TriLep_TTG_PTG200toInf.root
2026-04-28 20:34:30,643 - INFO - [2022] MISSING_CENTRAL: SR1E2Mu/Central/bjets/3/energy in Skim_TriLep_WZTo3LNu_powheg.root
2026-04-28 20:34:30,643 - INFO - [2022] MISSING_CENTRAL: SR1E2Mu/Central/bjets/3/energy in Skim_TriLep_ZZTo4L_powheg.root
2026-04-28 20:34:30,663 - INFO - [2022] MISSING_CENTRAL: SR1E2Mu/Central/bjets/3/energy in Skim_TriLep_WWW.root
2026-04-28 20:34:30,664 - INFO - [2022] MISSING_CENTRAL: SR1E2Mu/Central/bjets/3/energy in Skim_TriLep_WWZ.root
2026-04-28 20:34:30,664 - INFO - [2022] MISSING_CENTRAL: SR1E2Mu/Central/bjets/3/energy in Skim_TriLep_WZZ.root
2026-04-28 20:34:30,665 - INFO - [2022] MISSING_CENTRAL: SR1E2Mu/Central/bjets/3/energy in Skim_TriLep_ZZZ.root
2026-04-28 20:34:30,687 - INFO - [2022] MISSING_CENTRAL: SR1E2Mu/Central/bjets/3/energy in Skim_TriLep_VBFHToZZTo4L.root
2026-04-28 20:34:30,688 - INFO - [2022] MISSING_CENTRAL: SR1E2Mu/Central/bjets/3/energy in Skim_TriLep_ggHToZZTo4L.root
2026-04-28 20:34:30,688 - INFO - [2022EE] MISSING_CENTRAL: SR1E2Mu/Central/bjets/3/energy in Skim_TriLep_MuonEG_E.root
2026-04-28 20:34:30,689 - INFO - [2022EE] MISSING_CENTRAL: SR1E2Mu/Central/bjets/3/energy in Skim_TriLep_MuonEG_G.root
2026-04-28 20:34:30,690 - INFO - [2022EE] MISSING_CENTRAL: SR1E2Mu/Central/bjets/3/energy in Skim_TriLep_DYJets.root
2026-04-28 20:34:30,691 - INFO - [2022EE] MISSING_CENTRAL: SR1E2Mu/Central/bjets/3/energy in Skim_TriLep_DYJets10to50.root
2026-04-28 20:34:30,711 - INFO - [2022EE] MISSING_CENTRAL: SR1E2Mu/Central/bjets/3/energy in Skim_TriLep_TTG_PTG100to200.root
2026-04-28 20:34:30,712 - INFO - [2022EE] MISSING_CENTRAL: SR1E2Mu/Central/bjets/3/energy in Skim_TriLep_TTG_PTG200toInf.root
2026-04-28 20:34:30,712 - INFO - [2022EE] MISSING_CENTRAL: SR1E2Mu/Central/bjets/3/energy in Skim_TriLep_TTWToLNu.root
2026-04-28 20:34:30,850 - INFO - [2022EE] MISSING_CENTRAL: SR1E2Mu/Central/bjets/3/energy in Skim_TriLep_WWW.root
2026-04-28 20:34:30,850 - INFO - [2022EE] MISSING_CENTRAL: SR1E2Mu/Central/bjets/3/energy in Skim_TriLep_WWZ.root
2026-04-28 20:34:30,870 - INFO - [2022EE] MISSING_CENTRAL: SR1E2Mu/Central/bjets/3/energy in Skim_TriLep_ZZZ.root
2026-04-28 20:34:30,892 - INFO - [2022EE] MISSING_CENTRAL: SR1E2Mu/Central/bjets/3/energy in Skim_TriLep_VBFHToZZTo4L.root
2026-04-28 20:34:30,893 - INFO - [2022EE] MISSING_CENTRAL: SR1E2Mu/Central/bjets/3/energy in Skim_TriLep_ggHToZZTo4L.root
2026-04-28 20:34:30,893 - INFO - [2023] MISSING_CENTRAL: SR1E2Mu/Central/bjets/3/energy in Skim_TriLep_MuonEG_C_v1.root
2026-04-28 20:34:30,894 - INFO - [2023] MISSING_CENTRAL: SR1E2Mu/Central/bjets/3/energy in Skim_TriLep_MuonEG_C_v2.root
2026-04-28 20:34:30,894 - INFO - [2023] MISSING_CENTRAL: SR1E2Mu/Central/bjets/3/energy in Skim_TriLep_MuonEG_C_v3.root
2026-04-28 20:34:30,896 - INFO - [2023] MISSING_CENTRAL: SR1E2Mu/Central/bjets/3/energy in Skim_TriLep_DYJets.root
2026-04-28 20:34:30,897 - INFO - [2023] MISSING_CENTRAL: SR1E2Mu/Central/bjets/3/energy in Skim_TriLep_DYJets10to50.root
2026-04-28 20:34:30,897 - INFO - [2023] MISSING_CENTRAL: SR1E2Mu/Central/bjets/3/energy in Skim_TriLep_TTG_PTG10to100.root
2026-04-28 20:34:30,898 - INFO - [2023] MISSING_CENTRAL: SR1E2Mu/Central/bjets/3/energy in Skim_TriLep_TTG_PTG100to200.root
2026-04-28 20:34:30,898 - INFO - [2023] MISSING_CENTRAL: SR1E2Mu/Central/bjets/3/energy in Skim_TriLep_TTG_PTG200toInf.root
2026-04-28 20:34:30,997 - INFO - [2023] MISSING_CENTRAL: SR1E2Mu/Central/bjets/3/energy in Skim_TriLep_WZTo3LNu_powheg.root
2026-04-28 20:34:30,998 - INFO - [2023] MISSING_CENTRAL: SR1E2Mu/Central/bjets/3/energy in Skim_TriLep_ZZTo4L_powheg.root
2026-04-28 20:34:31,019 - INFO - [2023] MISSING_CENTRAL: SR1E2Mu/Central/bjets/3/energy in Skim_TriLep_WWW.root
2026-04-28 20:34:31,098 - INFO - [2023] MISSING_CENTRAL: SR1E2Mu/Central/bjets/3/energy in Skim_TriLep_VBFHToZZTo4L.root
2026-04-28 20:34:31,099 - INFO - [2023] MISSING_CENTRAL: SR1E2Mu/Central/bjets/3/energy in Skim_TriLep_ggHToZZTo4L.root
2026-04-28 20:34:31,101 - INFO - [2023BPix] MISSING_CENTRAL: SR1E2Mu/Central/bjets/3/energy in Skim_TriLep_MuonEG_D_v2.root
2026-04-28 20:34:31,101 - INFO - [2023BPix] MISSING_CENTRAL: SR1E2Mu/Central/bjets/3/energy in Skim_TriLep_DYJets.root
2026-04-28 20:34:31,102 - INFO - [2023BPix] MISSING_CENTRAL: SR1E2Mu/Central/bjets/3/energy in Skim_TriLep_DYJets10to50.root
2026-04-28 20:34:31,102 - INFO - [2023BPix] MISSING_CENTRAL: SR1E2Mu/Central/bjets/3/energy in Skim_TriLep_TTG_PTG10to100.root
2026-04-28 20:34:31,103 - INFO - [2023BPix] MISSING_CENTRAL: SR1E2Mu/Central/bjets/3/energy in Skim_TriLep_TTG_PTG100to200.root
2026-04-28 20:34:31,104 - INFO - [2023BPix] MISSING_CENTRAL: SR1E2Mu/Central/bjets/3/energy in Skim_TriLep_TTG_PTG200toInf.root
2026-04-28 20:34:31,184 - INFO - [2023BPix] MISSING_CENTRAL: SR1E2Mu/Central/bjets/3/energy in Skim_TriLep_WZTo3LNu_powheg.root
2026-04-28 20:34:31,185 - INFO - [2023BPix] MISSING_CENTRAL: SR1E2Mu/Central/bjets/3/energy in Skim_TriLep_ZZTo4L_powheg.root
2026-04-28 20:34:31,198 - INFO - [2023BPix] MISSING_CENTRAL: SR1E2Mu/Central/bjets/3/energy in Skim_TriLep_WWW.root
2026-04-28 20:34:31,199 - INFO - [2023BPix] MISSING_CENTRAL: SR1E2Mu/Central/bjets/3/energy in Skim_TriLep_WWZ.root
2026-04-28 20:34:31,250 - INFO - [2023BPix] MISSING_CENTRAL: SR1E2Mu/Central/bjets/3/energy in Skim_TriLep_VBFHToZZTo4L.root
2026-04-28 20:34:31,251 - INFO - [2023BPix] MISSING_CENTRAL: SR1E2Mu/Central/bjets/3/energy in Skim_TriLep_ggHToZZTo4L.root
2026-05-04 15:38:57,552 - INFO - [2022] MISSING_CENTRAL: SR1E2Mu/Central/bjets/3/energy in Skim_TriLep_MuonEG_C.root
2026-05-04 15:38:57,552 - INFO - [2022] MISSING_CENTRAL: SR1E2Mu/Central/bjets/3/energy in Skim_TriLep_MuonEG_D.root
2026-05-04 15:38:57,553 - INFO - [2022EE] MISSING_CENTRAL: SR1E2Mu/Central/bjets/3/energy in Skim_TriLep_MuonEG_E.root
2026-05-04 15:38:57,553 - INFO - [2022EE] MISSING_CENTRAL: SR1E2Mu/Central/bjets/3/energy in Skim_TriLep_MuonEG_F.root
2026-05-04 15:38:57,554 - INFO - [2022EE] MISSING_CENTRAL: SR1E2Mu/Central/bjets/3/energy in Skim_TriLep_MuonEG_G.root
2026-05-04 15:38:57,554 - INFO - [2023] MISSING_CENTRAL: SR1E2Mu/Central/bjets/3/energy in Skim_TriLep_MuonEG_C_v1.root
2026-05-04 15:38:57,555 - INFO - [2023] MISSING_CENTRAL: SR1E2Mu/Central/bjets/3/energy in Skim_TriLep_MuonEG_C_v2.root
2026-05-04 15:38:57,555 - INFO - [2023] MISSING_CENTRAL: SR1E2Mu/Central/bjets/3/energy in Skim_TriLep_MuonEG_C_v3.root
2026-05-04 15:38:57,615 - INFO - [2023BPix] MISSING_CENTRAL: SR1E2Mu/Central/bjets/3/energy in Skim_TriLep_MuonEG_D_v1.root
2026-05-04 15:38:57,615 - INFO - [2023BPix] MISSING_CENTRAL: SR1E2Mu/Central/bjets/3/energy in Skim_TriLep_MuonEG_D_v2.root
2026-05-04 15:38:57,624 - INFO - [2022] MISSING_CENTRAL: SR1E2Mu/Central/bjets/3/energy in Skim_TriLep_MuonEG_D.root
2026-05-04 15:38:57,624 - INFO - [2022] MISSING_CENTRAL: SR1E2Mu/Central/bjets/3/energy in Skim_TriLep_DYJets.root
2026-05-04 15:38:57,625 - INFO - [2022] MISSING_CENTRAL: SR1E2Mu/Central/bjets/3/energy in Skim_TriLep_DYJets10to50.root
2026-05-04 15:38:57,625 - INFO - [2022] MISSING_CENTRAL: SR1E2Mu/Central/bjets/3/energy in Skim_TriLep_TTG_PTG10to100.root
2026-05-04 15:38:57,626 - INFO - [2022] MISSING_CENTRAL: SR1E2Mu/Central/bjets/3/energy in Skim_TriLep_TTG_PTG100to200.root
2026-05-04 15:38:57,626 - INFO - [2022] MISSING_CENTRAL: SR1E2Mu/Central/bjets/3/energy in Skim_TriLep_TTG_PTG200toInf.root
2026-05-04 15:38:57,739 - INFO - [2022] MISSING_CENTRAL: SR1E2Mu/Central/bjets/3/energy in Skim_TriLep_WZTo3LNu_powheg.root
2026-05-04 15:38:57,740 - INFO - [2022] MISSING_CENTRAL: SR1E2Mu/Central/bjets/3/energy in Skim_TriLep_ZZTo4L_powheg.root
2026-05-04 15:38:57,760 - INFO - [2022] MISSING_CENTRAL: SR1E2Mu/Central/bjets/3/energy in Skim_TriLep_WWW.root
2026-05-04 15:38:57,760 - INFO - [2022] MISSING_CENTRAL: SR1E2Mu/Central/bjets/3/energy in Skim_TriLep_WWZ.root
2026-05-04 15:38:57,761 - INFO - [2022] MISSING_CENTRAL: SR1E2Mu/Central/bjets/3/energy in Skim_TriLep_WZZ.root
2026-05-04 15:38:57,762 - INFO - [2022] MISSING_CENTRAL: SR1E2Mu/Central/bjets/3/energy in Skim_TriLep_ZZZ.root
2026-05-04 15:38:57,784 - INFO - [2022] MISSING_CENTRAL: SR1E2Mu/Central/bjets/3/energy in Skim_TriLep_VBFHToZZTo4L.root
2026-05-04 15:38:57,785 - INFO - [2022] MISSING_CENTRAL: SR1E2Mu/Central/bjets/3/energy in Skim_TriLep_ggHToZZTo4L.root
2026-05-04 15:38:57,785 - INFO - [2022EE] MISSING_CENTRAL: SR1E2Mu/Central/bjets/3/energy in Skim_TriLep_MuonEG_E.root
2026-05-04 15:38:57,787 - INFO - [2022EE] MISSING_CENTRAL: SR1E2Mu/Central/bjets/3/energy in Skim_TriLep_MuonEG_G.root
2026-05-04 15:38:57,787 - INFO - [2022EE] MISSING_CENTRAL: SR1E2Mu/Central/bjets/3/energy in Skim_TriLep_DYJets.root
2026-05-04 15:38:57,788 - INFO - [2022EE] MISSING_CENTRAL: SR1E2Mu/Central/bjets/3/energy in Skim_TriLep_DYJets10to50.root
2026-05-04 15:38:57,808 - INFO - [2022EE] MISSING_CENTRAL: SR1E2Mu/Central/bjets/3/energy in Skim_TriLep_TTG_PTG100to200.root
2026-05-04 15:38:57,808 - INFO - [2022EE] MISSING_CENTRAL: SR1E2Mu/Central/bjets/3/energy in Skim_TriLep_TTG_PTG200toInf.root
2026-05-04 15:38:57,809 - INFO - [2022EE] MISSING_CENTRAL: SR1E2Mu/Central/bjets/3/energy in Skim_TriLep_TTWToLNu.root
2026-05-04 15:38:57,949 - INFO - [2022EE] MISSING_CENTRAL: SR1E2Mu/Central/bjets/3/energy in Skim_TriLep_WWW.root
2026-05-04 15:38:57,949 - INFO - [2022EE] MISSING_CENTRAL: SR1E2Mu/Central/bjets/3/energy in Skim_TriLep_WWZ.root
2026-05-04 15:38:57,971 - INFO - [2022EE] MISSING_CENTRAL: SR1E2Mu/Central/bjets/3/energy in Skim_TriLep_ZZZ.root
2026-05-04 15:38:57,996 - INFO - [2022EE] MISSING_CENTRAL: SR1E2Mu/Central/bjets/3/energy in Skim_TriLep_VBFHToZZTo4L.root
2026-05-04 15:38:57,996 - INFO - [2022EE] MISSING_CENTRAL: SR1E2Mu/Central/bjets/3/energy in Skim_TriLep_ggHToZZTo4L.root
2026-05-04 15:38:57,997 - INFO - [2023] MISSING_CENTRAL: SR1E2Mu/Central/bjets/3/energy in Skim_TriLep_MuonEG_C_v1.root
2026-05-04 15:38:57,997 - INFO - [2023] MISSING_CENTRAL: SR1E2Mu/Central/bjets/3/energy in Skim_TriLep_MuonEG_C_v2.root
2026-05-04 15:38:57,998 - INFO - [2023] MISSING_CENTRAL: SR1E2Mu/Central/bjets/3/energy in Skim_TriLep_MuonEG_C_v3.root
2026-05-04 15:38:58,000 - INFO - [2023] MISSING_CENTRAL: SR1E2Mu/Central/bjets/3/energy in Skim_TriLep_DYJets.root
2026-05-04 15:38:58,001 - INFO - [2023] MISSING_CENTRAL: SR1E2Mu/Central/bjets/3/energy in Skim_TriLep_DYJets10to50.root
2026-05-04 15:38:58,001 - INFO - [2023] MISSING_CENTRAL: SR1E2Mu/Central/bjets/3/energy in Skim_TriLep_TTG_PTG10to100.root
2026-05-04 15:38:58,002 - INFO - [2023] MISSING_CENTRAL: SR1E2Mu/Central/bjets/3/energy in Skim_TriLep_TTG_PTG100to200.root
2026-05-04 15:38:58,003 - INFO - [2023] MISSING_CENTRAL: SR1E2Mu/Central/bjets/3/energy in Skim_TriLep_TTG_PTG200toInf.root
2026-05-04 15:38:58,108 - INFO - [2023] MISSING_CENTRAL: SR1E2Mu/Central/bjets/3/energy in Skim_TriLep_WZTo3LNu_powheg.root
2026-05-04 15:38:58,109 - INFO - [2023] MISSING_CENTRAL: SR1E2Mu/Central/bjets/3/energy in Skim_TriLep_ZZTo4L_powheg.root
2026-05-04 15:38:58,138 - INFO - [2023] MISSING_CENTRAL: SR1E2Mu/Central/bjets/3/energy in Skim_TriLep_WWW.root
2026-05-04 15:38:58,227 - INFO - [2023] MISSING_CENTRAL: SR1E2Mu/Central/bjets/3/energy in Skim_TriLep_VBFHToZZTo4L.root
2026-05-04 15:38:58,228 - INFO - [2023] MISSING_CENTRAL: SR1E2Mu/Central/bjets/3/energy in Skim_TriLep_ggHToZZTo4L.root
2026-05-04 15:38:58,229 - INFO - [2023BPix] MISSING_CENTRAL: SR1E2Mu/Central/bjets/3/energy in Skim_TriLep_MuonEG_D_v2.root
2026-05-04 15:38:58,230 - INFO - [2023BPix] MISSING_CENTRAL: SR1E2Mu/Central/bjets/3/energy in Skim_TriLep_DYJets.root
2026-05-04 15:38:58,230 - INFO - [2023BPix] MISSING_CENTRAL: SR1E2Mu/Central/bjets/3/energy in Skim_TriLep_DYJets10to50.root
2026-05-04 15:38:58,231 - INFO - [2023BPix] MISSING_CENTRAL: SR1E2Mu/Central/bjets/3/energy in Skim_TriLep_TTG_PTG10to100.root
2026-05-04 15:38:58,232 - INFO - [2023BPix] MISSING_CENTRAL: SR1E2Mu/Central/bjets/3/energy in Skim_TriLep_TTG_PTG100to200.root
2026-05-04 15:38:58,232 - INFO - [2023BPix] MISSING_CENTRAL: SR1E2Mu/Central/bjets/3/energy in Skim_TriLep_TTG_PTG200toInf.root
2026-05-04 15:38:58,340 - INFO - [2023BPix] MISSING_CENTRAL: SR1E2Mu/Central/bjets/3/energy in Skim_TriLep_WZTo3LNu_powheg.root
2026-05-04 15:38:58,341 - INFO - [2023BPix] MISSING_CENTRAL: SR1E2Mu/Central/bjets/3/energy in Skim_TriLep_ZZTo4L_powheg.root
2026-05-04 15:38:58,363 - INFO - [2023BPix] MISSING_CENTRAL: SR1E2Mu/Central/bjets/3/energy in Skim_TriLep_WWW.root
2026-05-04 15:38:58,364 - INFO - [2023BPix] MISSING_CENTRAL: SR1E2Mu/Central/bjets/3/energy in Skim_TriLep_WWZ.root
2026-05-04 15:38:58,430 - INFO - [2023BPix] MISSING_CENTRAL: SR1E2Mu/Central/bjets/3/energy in Skim_TriLep_VBFHToZZTo4L.root
2026-05-04 15:38:58,431 - INFO - [2023BPix] MISSING_CENTRAL: SR1E2Mu/Central/bjets/3/energy in Skim_TriLep_ggHToZZTo4L.root
2026-05-04 15:41:09,227 - INFO - [2022] MISSING_CENTRAL: SR1E2Mu/Central/bjets/3/energy in Skim_TriLep_MuonEG_C.root
2026-05-04 15:41:09,227 - INFO - [2022] MISSING_CENTRAL: SR1E2Mu/Central/bjets/3/energy in Skim_TriLep_MuonEG_D.root
2026-05-04 15:41:09,228 - INFO - [2022EE] MISSING_CENTRAL: SR1E2Mu/Central/bjets/3/energy in Skim_TriLep_MuonEG_E.root
2026-05-04 15:41:09,228 - INFO - [2022EE] MISSING_CENTRAL: SR1E2Mu/Central/bjets/3/energy in Skim_TriLep_MuonEG_F.root
2026-05-04 15:41:09,229 - INFO - [2022EE] MISSING_CENTRAL: SR1E2Mu/Central/bjets/3/energy in Skim_TriLep_MuonEG_G.root
2026-05-04 15:41:09,229 - INFO - [2023] MISSING_CENTRAL: SR1E2Mu/Central/bjets/3/energy in Skim_TriLep_MuonEG_C_v1.root
2026-05-04 15:41:09,230 - INFO - [2023] MISSING_CENTRAL: SR1E2Mu/Central/bjets/3/energy in Skim_TriLep_MuonEG_C_v2.root
2026-05-04 15:41:09,230 - INFO - [2023] MISSING_CENTRAL: SR1E2Mu/Central/bjets/3/energy in Skim_TriLep_MuonEG_C_v3.root
2026-05-04 15:41:09,295 - INFO - [2023BPix] MISSING_CENTRAL: SR1E2Mu/Central/bjets/3/energy in Skim_TriLep_MuonEG_D_v1.root
2026-05-04 15:41:09,296 - INFO - [2023BPix] MISSING_CENTRAL: SR1E2Mu/Central/bjets/3/energy in Skim_TriLep_MuonEG_D_v2.root
2026-05-04 15:41:09,304 - INFO - [2022] MISSING_CENTRAL: SR1E2Mu/Central/bjets/3/energy in Skim_TriLep_MuonEG_D.root
2026-05-04 15:41:09,305 - INFO - [2022] MISSING_CENTRAL: SR1E2Mu/Central/bjets/3/energy in Skim_TriLep_DYJets.root
2026-05-04 15:41:09,305 - INFO - [2022] MISSING_CENTRAL: SR1E2Mu/Central/bjets/3/energy in Skim_TriLep_DYJets10to50.root
2026-05-04 15:41:09,306 - INFO - [2022] MISSING_CENTRAL: SR1E2Mu/Central/bjets/3/energy in Skim_TriLep_TTG_PTG10to100.root
2026-05-04 15:41:09,307 - INFO - [2022] MISSING_CENTRAL: SR1E2Mu/Central/bjets/3/energy in Skim_TriLep_TTG_PTG100to200.root
2026-05-04 15:41:09,307 - INFO - [2022] MISSING_CENTRAL: SR1E2Mu/Central/bjets/3/energy in Skim_TriLep_TTG_PTG200toInf.root
2026-05-04 15:41:09,419 - INFO - [2022] MISSING_CENTRAL: SR1E2Mu/Central/bjets/3/energy in Skim_TriLep_WZTo3LNu_powheg.root
2026-05-04 15:41:09,420 - INFO - [2022] MISSING_CENTRAL: SR1E2Mu/Central/bjets/3/energy in Skim_TriLep_ZZTo4L_powheg.root
2026-05-04 15:41:09,441 - INFO - [2022] MISSING_CENTRAL: SR1E2Mu/Central/bjets/3/energy in Skim_TriLep_WWW.root
2026-05-04 15:41:09,442 - INFO - [2022] MISSING_CENTRAL: SR1E2Mu/Central/bjets/3/energy in Skim_TriLep_WWZ.root
2026-05-04 15:41:09,442 - INFO - [2022] MISSING_CENTRAL: SR1E2Mu/Central/bjets/3/energy in Skim_TriLep_WZZ.root
2026-05-04 15:41:09,443 - INFO - [2022] MISSING_CENTRAL: SR1E2Mu/Central/bjets/3/energy in Skim_TriLep_ZZZ.root
2026-05-04 15:41:09,466 - INFO - [2022] MISSING_CENTRAL: SR1E2Mu/Central/bjets/3/energy in Skim_TriLep_VBFHToZZTo4L.root
2026-05-04 15:41:09,466 - INFO - [2022] MISSING_CENTRAL: SR1E2Mu/Central/bjets/3/energy in Skim_TriLep_ggHToZZTo4L.root
2026-05-04 15:41:09,467 - INFO - [2022EE] MISSING_CENTRAL: SR1E2Mu/Central/bjets/3/energy in Skim_TriLep_MuonEG_E.root
2026-05-04 15:41:09,468 - INFO - [2022EE] MISSING_CENTRAL: SR1E2Mu/Central/bjets/3/energy in Skim_TriLep_MuonEG_G.root
2026-05-04 15:41:09,468 - INFO - [2022EE] MISSING_CENTRAL: SR1E2Mu/Central/bjets/3/energy in Skim_TriLep_DYJets.root
2026-05-04 15:41:09,469 - INFO - [2022EE] MISSING_CENTRAL: SR1E2Mu/Central/bjets/3/energy in Skim_TriLep_DYJets10to50.root
2026-05-04 15:41:09,491 - INFO - [2022EE] MISSING_CENTRAL: SR1E2Mu/Central/bjets/3/energy in Skim_TriLep_TTG_PTG100to200.root
2026-05-04 15:41:09,491 - INFO - [2022EE] MISSING_CENTRAL: SR1E2Mu/Central/bjets/3/energy in Skim_TriLep_TTG_PTG200toInf.root
2026-05-04 15:41:09,492 - INFO - [2022EE] MISSING_CENTRAL: SR1E2Mu/Central/bjets/3/energy in Skim_TriLep_TTWToLNu.root
2026-05-04 15:41:09,632 - INFO - [2022EE] MISSING_CENTRAL: SR1E2Mu/Central/bjets/3/energy in Skim_TriLep_WWW.root
2026-05-04 15:41:09,633 - INFO - [2022EE] MISSING_CENTRAL: SR1E2Mu/Central/bjets/3/energy in Skim_TriLep_WWZ.root
2026-05-04 15:41:09,652 - INFO - [2022EE] MISSING_CENTRAL: SR1E2Mu/Central/bjets/3/energy in Skim_TriLep_ZZZ.root
2026-05-04 15:41:09,676 - INFO - [2022EE] MISSING_CENTRAL: SR1E2Mu/Central/bjets/3/energy in Skim_TriLep_VBFHToZZTo4L.root
2026-05-04 15:41:09,676 - INFO - [2022EE] MISSING_CENTRAL: SR1E2Mu/Central/bjets/3/energy in Skim_TriLep_ggHToZZTo4L.root
2026-05-04 15:41:09,677 - INFO - [2023] MISSING_CENTRAL: SR1E2Mu/Central/bjets/3/energy in Skim_TriLep_MuonEG_C_v1.root
2026-05-04 15:41:09,677 - INFO - [2023] MISSING_CENTRAL: SR1E2Mu/Central/bjets/3/energy in Skim_TriLep_MuonEG_C_v2.root
2026-05-04 15:41:09,678 - INFO - [2023] MISSING_CENTRAL: SR1E2Mu/Central/bjets/3/energy in Skim_TriLep_MuonEG_C_v3.root
2026-05-04 15:41:09,680 - INFO - [2023] MISSING_CENTRAL: SR1E2Mu/Central/bjets/3/energy in Skim_TriLep_DYJets.root
2026-05-04 15:41:09,680 - INFO - [2023] MISSING_CENTRAL: SR1E2Mu/Central/bjets/3/energy in Skim_TriLep_DYJets10to50.root
2026-05-04 15:41:09,681 - INFO - [2023] MISSING_CENTRAL: SR1E2Mu/Central/bjets/3/energy in Skim_TriLep_TTG_PTG10to100.root
2026-05-04 15:41:09,681 - INFO - [2023] MISSING_CENTRAL: SR1E2Mu/Central/bjets/3/energy in Skim_TriLep_TTG_PTG100to200.root
2026-05-04 15:41:09,682 - INFO - [2023] MISSING_CENTRAL: SR1E2Mu/Central/bjets/3/energy in Skim_TriLep_TTG_PTG200toInf.root
2026-05-04 15:41:09,781 - INFO - [2023] MISSING_CENTRAL: SR1E2Mu/Central/bjets/3/energy in Skim_TriLep_WZTo3LNu_powheg.root
2026-05-04 15:41:09,782 - INFO - [2023] MISSING_CENTRAL: SR1E2Mu/Central/bjets/3/energy in Skim_TriLep_ZZTo4L_powheg.root
2026-05-04 15:41:09,803 - INFO - [2023] MISSING_CENTRAL: SR1E2Mu/Central/bjets/3/energy in Skim_TriLep_WWW.root
2026-05-04 15:41:09,886 - INFO - [2023] MISSING_CENTRAL: SR1E2Mu/Central/bjets/3/energy in Skim_TriLep_VBFHToZZTo4L.root
2026-05-04 15:41:09,887 - INFO - [2023] MISSING_CENTRAL: SR1E2Mu/Central/bjets/3/energy in Skim_TriLep_ggHToZZTo4L.root
2026-05-04 15:41:09,889 - INFO - [2023BPix] MISSING_CENTRAL: SR1E2Mu/Central/bjets/3/energy in Skim_TriLep_MuonEG_D_v2.root
2026-05-04 15:41:09,889 - INFO - [2023BPix] MISSING_CENTRAL: SR1E2Mu/Central/bjets/3/energy in Skim_TriLep_DYJets.root
2026-05-04 15:41:09,890 - INFO - [2023BPix] MISSING_CENTRAL: SR1E2Mu/Central/bjets/3/energy in Skim_TriLep_DYJets10to50.root
2026-05-04 15:41:09,891 - INFO - [2023BPix] MISSING_CENTRAL: SR1E2Mu/Central/bjets/3/energy in Skim_TriLep_TTG_PTG10to100.root
2026-05-04 15:41:09,891 - INFO - [2023BPix] MISSING_CENTRAL: SR1E2Mu/Central/bjets/3/energy in Skim_TriLep_TTG_PTG100to200.root
2026-05-04 15:41:09,892 - INFO - [2023BPix] MISSING_CENTRAL: SR1E2Mu/Central/bjets/3/energy in Skim_TriLep_TTG_PTG200toInf.root
2026-05-04 15:41:09,990 - INFO - [2023BPix] MISSING_CENTRAL: SR1E2Mu/Central/bjets/3/energy in Skim_TriLep_WZTo3LNu_powheg.root
2026-05-04 15:41:09,991 - INFO - [2023BPix] MISSING_CENTRAL: SR1E2Mu/Central/bjets/3/energy in Skim_TriLep_ZZTo4L_powheg.root
2026-05-04 15:41:10,009 - INFO - [2023BPix] MISSING_CENTRAL: SR1E2Mu/Central/bjets/3/energy in Skim_TriLep_WWW.root
2026-05-04 15:41:10,010 - INFO - [2023BPix] MISSING_CENTRAL: SR1E2Mu/Central/bjets/3/energy in Skim_TriLep_WWZ.root
2026-05-04 15:41:10,066 - INFO - [2023BPix] MISSING_CENTRAL: SR1E2Mu/Central/bjets/3/energy in Skim_TriLep_VBFHToZZTo4L.root
2026-05-04 15:41:10,067 - INFO - [2023BPix] MISSING_CENTRAL: SR1E2Mu/Central/bjets/3/energy in Skim_TriLep_ggHToZZTo4L.root
2026-05-04 16:03:07,872 - INFO - [2022] MISSING_CENTRAL: SR1E2Mu/Central/bjets/3/energy in Skim_TriLep_MuonEG_C.root
2026-05-04 16:03:07,873 - INFO - [2022] MISSING_CENTRAL: SR1E2Mu/Central/bjets/3/energy in Skim_TriLep_MuonEG_D.root
2026-05-04 16:03:07,874 - INFO - [2022EE] MISSING_CENTRAL: SR1E2Mu/Central/bjets/3/energy in Skim_TriLep_MuonEG_E.root
2026-05-04 16:03:07,875 - INFO - [2022EE] MISSING_CENTRAL: SR1E2Mu/Central/bjets/3/energy in Skim_TriLep_MuonEG_F.root
2026-05-04 16:03:07,876 - INFO - [2022EE] MISSING_CENTRAL: SR1E2Mu/Central/bjets/3/energy in Skim_TriLep_MuonEG_G.root
2026-05-04 16:03:07,876 - INFO - [2023] MISSING_CENTRAL: SR1E2Mu/Central/bjets/3/energy in Skim_TriLep_MuonEG_C_v1.root
2026-05-04 16:03:07,877 - INFO - [2023] MISSING_CENTRAL: SR1E2Mu/Central/bjets/3/energy in Skim_TriLep_MuonEG_C_v2.root
2026-05-04 16:03:07,877 - INFO - [2023] MISSING_CENTRAL: SR1E2Mu/Central/bjets/3/energy in Skim_TriLep_MuonEG_C_v3.root
2026-05-04 16:03:07,959 - INFO - [2023BPix] MISSING_CENTRAL: SR1E2Mu/Central/bjets/3/energy in Skim_TriLep_MuonEG_D_v1.root
2026-05-04 16:03:07,959 - INFO - [2023BPix] MISSING_CENTRAL: SR1E2Mu/Central/bjets/3/energy in Skim_TriLep_MuonEG_D_v2.root
2026-05-04 16:03:07,968 - INFO - [2022] MISSING_CENTRAL: SR1E2Mu/Central/bjets/3/energy in Skim_TriLep_MuonEG_D.root
2026-05-04 16:03:07,969 - INFO - [2022] MISSING_CENTRAL: SR1E2Mu/Central/bjets/3/energy in Skim_TriLep_DYJets.root
2026-05-04 16:03:07,970 - INFO - [2022] MISSING_CENTRAL: SR1E2Mu/Central/bjets/3/energy in Skim_TriLep_DYJets10to50.root
2026-05-04 16:03:07,971 - INFO - [2022] MISSING_CENTRAL: SR1E2Mu/Central/bjets/3/energy in Skim_TriLep_TTG_PTG10to100.root
2026-05-04 16:03:07,971 - INFO - [2022] MISSING_CENTRAL: SR1E2Mu/Central/bjets/3/energy in Skim_TriLep_TTG_PTG100to200.root
2026-05-04 16:03:07,972 - INFO - [2022] MISSING_CENTRAL: SR1E2Mu/Central/bjets/3/energy in Skim_TriLep_TTG_PTG200toInf.root
2026-05-04 16:03:08,087 - INFO - [2022] MISSING_CENTRAL: SR1E2Mu/Central/bjets/3/energy in Skim_TriLep_WZTo3LNu_powheg.root
2026-05-04 16:03:08,088 - INFO - [2022] MISSING_CENTRAL: SR1E2Mu/Central/bjets/3/energy in Skim_TriLep_ZZTo4L_powheg.root
2026-05-04 16:03:08,109 - INFO - [2022] MISSING_CENTRAL: SR1E2Mu/Central/bjets/3/energy in Skim_TriLep_WWW.root
2026-05-04 16:03:08,109 - INFO - [2022] MISSING_CENTRAL: SR1E2Mu/Central/bjets/3/energy in Skim_TriLep_WWZ.root
2026-05-04 16:03:08,110 - INFO - [2022] MISSING_CENTRAL: SR1E2Mu/Central/bjets/3/energy in Skim_TriLep_WZZ.root
2026-05-04 16:03:08,111 - INFO - [2022] MISSING_CENTRAL: SR1E2Mu/Central/bjets/3/energy in Skim_TriLep_ZZZ.root
2026-05-04 16:03:08,133 - INFO - [2022] MISSING_CENTRAL: SR1E2Mu/Central/bjets/3/energy in Skim_TriLep_VBFHToZZTo4L.root
2026-05-04 16:03:08,134 - INFO - [2022] MISSING_CENTRAL: SR1E2Mu/Central/bjets/3/energy in Skim_TriLep_ggHToZZTo4L.root
2026-05-04 16:03:08,134 - INFO - [2022EE] MISSING_CENTRAL: SR1E2Mu/Central/bjets/3/energy in Skim_TriLep_MuonEG_E.root
2026-05-04 16:03:08,136 - INFO - [2022EE] MISSING_CENTRAL: SR1E2Mu/Central/bjets/3/energy in Skim_TriLep_MuonEG_G.root
2026-05-04 16:03:08,136 - INFO - [2022EE] MISSING_CENTRAL: SR1E2Mu/Central/bjets/3/energy in Skim_TriLep_DYJets.root
2026-05-04 16:03:08,137 - INFO - [2022EE] MISSING_CENTRAL: SR1E2Mu/Central/bjets/3/energy in Skim_TriLep_DYJets10to50.root
2026-05-04 16:03:08,156 - INFO - [2022EE] MISSING_CENTRAL: SR1E2Mu/Central/bjets/3/energy in Skim_TriLep_TTG_PTG100to200.root
2026-05-04 16:03:08,157 - INFO - [2022EE] MISSING_CENTRAL: SR1E2Mu/Central/bjets/3/energy in Skim_TriLep_TTG_PTG200toInf.root
2026-05-04 16:03:08,157 - INFO - [2022EE] MISSING_CENTRAL: SR1E2Mu/Central/bjets/3/energy in Skim_TriLep_TTWToLNu.root
2026-05-04 16:03:08,293 - INFO - [2022EE] MISSING_CENTRAL: SR1E2Mu/Central/bjets/3/energy in Skim_TriLep_WWW.root
2026-05-04 16:03:08,294 - INFO - [2022EE] MISSING_CENTRAL: SR1E2Mu/Central/bjets/3/energy in Skim_TriLep_WWZ.root
2026-05-04 16:03:08,312 - INFO - [2022EE] MISSING_CENTRAL: SR1E2Mu/Central/bjets/3/energy in Skim_TriLep_ZZZ.root
2026-05-04 16:03:08,334 - INFO - [2022EE] MISSING_CENTRAL: SR1E2Mu/Central/bjets/3/energy in Skim_TriLep_VBFHToZZTo4L.root
2026-05-04 16:03:08,335 - INFO - [2022EE] MISSING_CENTRAL: SR1E2Mu/Central/bjets/3/energy in Skim_TriLep_ggHToZZTo4L.root
2026-05-04 16:03:08,335 - INFO - [2023] MISSING_CENTRAL: SR1E2Mu/Central/bjets/3/energy in Skim_TriLep_MuonEG_C_v1.root
2026-05-04 16:03:08,336 - INFO - [2023] MISSING_CENTRAL: SR1E2Mu/Central/bjets/3/energy in Skim_TriLep_MuonEG_C_v2.root
2026-05-04 16:03:08,336 - INFO - [2023] MISSING_CENTRAL: SR1E2Mu/Central/bjets/3/energy in Skim_TriLep_MuonEG_C_v3.root
2026-05-04 16:03:08,338 - INFO - [2023] MISSING_CENTRAL: SR1E2Mu/Central/bjets/3/energy in Skim_TriLep_DYJets.root
2026-05-04 16:03:08,339 - INFO - [2023] MISSING_CENTRAL: SR1E2Mu/Central/bjets/3/energy in Skim_TriLep_DYJets10to50.root
2026-05-04 16:03:08,339 - INFO - [2023] MISSING_CENTRAL: SR1E2Mu/Central/bjets/3/energy in Skim_TriLep_TTG_PTG10to100.root
2026-05-04 16:03:08,340 - INFO - [2023] MISSING_CENTRAL: SR1E2Mu/Central/bjets/3/energy in Skim_TriLep_TTG_PTG100to200.root
2026-05-04 16:03:08,341 - INFO - [2023] MISSING_CENTRAL: SR1E2Mu/Central/bjets/3/energy in Skim_TriLep_TTG_PTG200toInf.root
2026-05-04 16:03:08,442 - INFO - [2023] MISSING_CENTRAL: SR1E2Mu/Central/bjets/3/energy in Skim_TriLep_WZTo3LNu_powheg.root
2026-05-04 16:03:08,443 - INFO - [2023] MISSING_CENTRAL: SR1E2Mu/Central/bjets/3/energy in Skim_TriLep_ZZTo4L_powheg.root
2026-05-04 16:03:08,466 - INFO - [2023] MISSING_CENTRAL: SR1E2Mu/Central/bjets/3/energy in Skim_TriLep_WWW.root
2026-05-04 16:03:08,554 - INFO - [2023] MISSING_CENTRAL: SR1E2Mu/Central/bjets/3/energy in Skim_TriLep_VBFHToZZTo4L.root
2026-05-04 16:03:08,555 - INFO - [2023] MISSING_CENTRAL: SR1E2Mu/Central/bjets/3/energy in Skim_TriLep_ggHToZZTo4L.root
2026-05-04 16:03:08,556 - INFO - [2023BPix] MISSING_CENTRAL: SR1E2Mu/Central/bjets/3/energy in Skim_TriLep_MuonEG_D_v2.root
2026-05-04 16:03:08,557 - INFO - [2023BPix] MISSING_CENTRAL: SR1E2Mu/Central/bjets/3/energy in Skim_TriLep_DYJets.root
2026-05-04 16:03:08,557 - INFO - [2023BPix] MISSING_CENTRAL: SR1E2Mu/Central/bjets/3/energy in Skim_TriLep_DYJets10to50.root
2026-05-04 16:03:08,558 - INFO - [2023BPix] MISSING_CENTRAL: SR1E2Mu/Central/bjets/3/energy in Skim_TriLep_TTG_PTG10to100.root
2026-05-04 16:03:08,559 - INFO - [2023BPix] MISSING_CENTRAL: SR1E2Mu/Central/bjets/3/energy in Skim_TriLep_TTG_PTG100to200.root
2026-05-04 16:03:08,560 - INFO - [2023BPix] MISSING_CENTRAL: SR1E2Mu/Central/bjets/3/energy in Skim_TriLep_TTG_PTG200toInf.root
2026-05-04 16:03:08,666 - INFO - [2023BPix] MISSING_CENTRAL: SR1E2Mu/Central/bjets/3/energy in Skim_TriLep_WZTo3LNu_powheg.root
2026-05-04 16:03:08,667 - INFO - [2023BPix] MISSING_CENTRAL: SR1E2Mu/Central/bjets/3/energy in Skim_TriLep_ZZTo4L_powheg.root
2026-05-04 16:03:08,689 - INFO - [2023BPix] MISSING_CENTRAL: SR1E2Mu/Central/bjets/3/energy in Skim_TriLep_WWW.root
2026-05-04 16:03:08,689 - INFO - [2023BPix] MISSING_CENTRAL: SR1E2Mu/Central/bjets/3/energy in Skim_TriLep_WWZ.root
2026-05-04 16:03:08,756 - INFO - [2023BPix] MISSING_CENTRAL: SR1E2Mu/Central/bjets/3/energy in Skim_TriLep_VBFHToZZTo4L.root
2026-05-04 16:03:08,757 - INFO - [2023BPix] MISSING_CENTRAL: SR1E2Mu/Central/bjets/3/energy in Skim_TriLep_ggHToZZTo4L.root
2026-05-04 16:05:10,170 - INFO - [2022] MISSING_CENTRAL: SR1E2Mu/Central/bjets/3/energy in Skim_TriLep_MuonEG_C.root
2026-05-04 16:05:10,171 - INFO - [2022] MISSING_CENTRAL: SR1E2Mu/Central/bjets/3/energy in Skim_TriLep_MuonEG_D.root
2026-05-04 16:05:10,172 - INFO - [2022EE] MISSING_CENTRAL: SR1E2Mu/Central/bjets/3/energy in Skim_TriLep_MuonEG_E.root
2026-05-04 16:05:10,172 - INFO - [2022EE] MISSING_CENTRAL: SR1E2Mu/Central/bjets/3/energy in Skim_TriLep_MuonEG_F.root
2026-05-04 16:05:10,173 - INFO - [2022EE] MISSING_CENTRAL: SR1E2Mu/Central/bjets/3/energy in Skim_TriLep_MuonEG_G.root
2026-05-04 16:05:10,173 - INFO - [2023] MISSING_CENTRAL: SR1E2Mu/Central/bjets/3/energy in Skim_TriLep_MuonEG_C_v1.root
2026-05-04 16:05:10,174 - INFO - [2023] MISSING_CENTRAL: SR1E2Mu/Central/bjets/3/energy in Skim_TriLep_MuonEG_C_v2.root
2026-05-04 16:05:10,174 - INFO - [2023] MISSING_CENTRAL: SR1E2Mu/Central/bjets/3/energy in Skim_TriLep_MuonEG_C_v3.root
2026-05-04 16:05:10,241 - INFO - [2023BPix] MISSING_CENTRAL: SR1E2Mu/Central/bjets/3/energy in Skim_TriLep_MuonEG_D_v1.root
2026-05-04 16:05:10,242 - INFO - [2023BPix] MISSING_CENTRAL: SR1E2Mu/Central/bjets/3/energy in Skim_TriLep_MuonEG_D_v2.root
2026-05-04 16:05:10,250 - INFO - [2022] MISSING_CENTRAL: SR1E2Mu/Central/bjets/3/energy in Skim_TriLep_MuonEG_D.root
2026-05-04 16:05:10,251 - INFO - [2022] MISSING_CENTRAL: SR1E2Mu/Central/bjets/3/energy in Skim_TriLep_DYJets.root
2026-05-04 16:05:10,251 - INFO - [2022] MISSING_CENTRAL: SR1E2Mu/Central/bjets/3/energy in Skim_TriLep_DYJets10to50.root
2026-05-04 16:05:10,252 - INFO - [2022] MISSING_CENTRAL: SR1E2Mu/Central/bjets/3/energy in Skim_TriLep_TTG_PTG10to100.root
2026-05-04 16:05:10,253 - INFO - [2022] MISSING_CENTRAL: SR1E2Mu/Central/bjets/3/energy in Skim_TriLep_TTG_PTG100to200.root
2026-05-04 16:05:10,253 - INFO - [2022] MISSING_CENTRAL: SR1E2Mu/Central/bjets/3/energy in Skim_TriLep_TTG_PTG200toInf.root
2026-05-04 16:05:10,366 - INFO - [2022] MISSING_CENTRAL: SR1E2Mu/Central/bjets/3/energy in Skim_TriLep_WZTo3LNu_powheg.root
2026-05-04 16:05:10,367 - INFO - [2022] MISSING_CENTRAL: SR1E2Mu/Central/bjets/3/energy in Skim_TriLep_ZZTo4L_powheg.root
2026-05-04 16:05:10,387 - INFO - [2022] MISSING_CENTRAL: SR1E2Mu/Central/bjets/3/energy in Skim_TriLep_WWW.root
2026-05-04 16:05:10,387 - INFO - [2022] MISSING_CENTRAL: SR1E2Mu/Central/bjets/3/energy in Skim_TriLep_WWZ.root
2026-05-04 16:05:10,388 - INFO - [2022] MISSING_CENTRAL: SR1E2Mu/Central/bjets/3/energy in Skim_TriLep_WZZ.root
2026-05-04 16:05:10,388 - INFO - [2022] MISSING_CENTRAL: SR1E2Mu/Central/bjets/3/energy in Skim_TriLep_ZZZ.root
2026-05-04 16:05:10,410 - INFO - [2022] MISSING_CENTRAL: SR1E2Mu/Central/bjets/3/energy in Skim_TriLep_VBFHToZZTo4L.root
2026-05-04 16:05:10,411 - INFO - [2022] MISSING_CENTRAL: SR1E2Mu/Central/bjets/3/energy in Skim_TriLep_ggHToZZTo4L.root
2026-05-04 16:05:10,411 - INFO - [2022EE] MISSING_CENTRAL: SR1E2Mu/Central/bjets/3/energy in Skim_TriLep_MuonEG_E.root
2026-05-04 16:05:10,413 - INFO - [2022EE] MISSING_CENTRAL: SR1E2Mu/Central/bjets/3/energy in Skim_TriLep_MuonEG_G.root
2026-05-04 16:05:10,413 - INFO - [2022EE] MISSING_CENTRAL: SR1E2Mu/Central/bjets/3/energy in Skim_TriLep_DYJets.root
2026-05-04 16:05:10,414 - INFO - [2022EE] MISSING_CENTRAL: SR1E2Mu/Central/bjets/3/energy in Skim_TriLep_DYJets10to50.root
2026-05-04 16:05:10,434 - INFO - [2022EE] MISSING_CENTRAL: SR1E2Mu/Central/bjets/3/energy in Skim_TriLep_TTG_PTG100to200.root
2026-05-04 16:05:10,435 - INFO - [2022EE] MISSING_CENTRAL: SR1E2Mu/Central/bjets/3/energy in Skim_TriLep_TTG_PTG200toInf.root
2026-05-04 16:05:10,436 - INFO - [2022EE] MISSING_CENTRAL: SR1E2Mu/Central/bjets/3/energy in Skim_TriLep_TTWToLNu.root
2026-05-04 16:05:10,578 - INFO - [2022EE] MISSING_CENTRAL: SR1E2Mu/Central/bjets/3/energy in Skim_TriLep_WWW.root
2026-05-04 16:05:10,579 - INFO - [2022EE] MISSING_CENTRAL: SR1E2Mu/Central/bjets/3/energy in Skim_TriLep_WWZ.root
2026-05-04 16:05:10,599 - INFO - [2022EE] MISSING_CENTRAL: SR1E2Mu/Central/bjets/3/energy in Skim_TriLep_ZZZ.root
2026-05-04 16:05:10,622 - INFO - [2022EE] MISSING_CENTRAL: SR1E2Mu/Central/bjets/3/energy in Skim_TriLep_VBFHToZZTo4L.root
2026-05-04 16:05:10,623 - INFO - [2022EE] MISSING_CENTRAL: SR1E2Mu/Central/bjets/3/energy in Skim_TriLep_ggHToZZTo4L.root
2026-05-04 16:05:10,623 - INFO - [2023] MISSING_CENTRAL: SR1E2Mu/Central/bjets/3/energy in Skim_TriLep_MuonEG_C_v1.root
2026-05-04 16:05:10,624 - INFO - [2023] MISSING_CENTRAL: SR1E2Mu/Central/bjets/3/energy in Skim_TriLep_MuonEG_C_v2.root
2026-05-04 16:05:10,624 - INFO - [2023] MISSING_CENTRAL: SR1E2Mu/Central/bjets/3/energy in Skim_TriLep_MuonEG_C_v3.root
2026-05-04 16:05:10,626 - INFO - [2023] MISSING_CENTRAL: SR1E2Mu/Central/bjets/3/energy in Skim_TriLep_DYJets.root
2026-05-04 16:05:10,627 - INFO - [2023] MISSING_CENTRAL: SR1E2Mu/Central/bjets/3/energy in Skim_TriLep_DYJets10to50.root
2026-05-04 16:05:10,628 - INFO - [2023] MISSING_CENTRAL: SR1E2Mu/Central/bjets/3/energy in Skim_TriLep_TTG_PTG10to100.root
2026-05-04 16:05:10,628 - INFO - [2023] MISSING_CENTRAL: SR1E2Mu/Central/bjets/3/energy in Skim_TriLep_TTG_PTG100to200.root
2026-05-04 16:05:10,629 - INFO - [2023] MISSING_CENTRAL: SR1E2Mu/Central/bjets/3/energy in Skim_TriLep_TTG_PTG200toInf.root
2026-05-04 16:05:10,729 - INFO - [2023] MISSING_CENTRAL: SR1E2Mu/Central/bjets/3/energy in Skim_TriLep_WZTo3LNu_powheg.root
2026-05-04 16:05:10,730 - INFO - [2023] MISSING_CENTRAL: SR1E2Mu/Central/bjets/3/energy in Skim_TriLep_ZZTo4L_powheg.root
2026-05-04 16:05:10,751 - INFO - [2023] MISSING_CENTRAL: SR1E2Mu/Central/bjets/3/energy in Skim_TriLep_WWW.root
2026-05-04 16:05:10,827 - INFO - [2023] MISSING_CENTRAL: SR1E2Mu/Central/bjets/3/energy in Skim_TriLep_VBFHToZZTo4L.root
2026-05-04 16:05:10,828 - INFO - [2023] MISSING_CENTRAL: SR1E2Mu/Central/bjets/3/energy in Skim_TriLep_ggHToZZTo4L.root
2026-05-04 16:05:10,829 - INFO - [2023BPix] MISSING_CENTRAL: SR1E2Mu/Central/bjets/3/energy in Skim_TriLep_MuonEG_D_v2.root
2026-05-04 16:05:10,830 - INFO - [2023BPix] MISSING_CENTRAL: SR1E2Mu/Central/bjets/3/energy in Skim_TriLep_DYJets.root
2026-05-04 16:05:10,830 - INFO - [2023BPix] MISSING_CENTRAL: SR1E2Mu/Central/bjets/3/energy in Skim_TriLep_DYJets10to50.root
2026-05-04 16:05:10,831 - INFO - [2023BPix] MISSING_CENTRAL: SR1E2Mu/Central/bjets/3/energy in Skim_TriLep_TTG_PTG10to100.root
2026-05-04 16:05:10,831 - INFO - [2023BPix] MISSING_CENTRAL: SR1E2Mu/Central/bjets/3/energy in Skim_TriLep_TTG_PTG100to200.root
2026-05-04 16:05:10,832 - INFO - [2023BPix] MISSING_CENTRAL: SR1E2Mu/Central/bjets/3/energy in Skim_TriLep_TTG_PTG200toInf.root
2026-05-04 16:05:10,905 - INFO - [2023BPix] MISSING_CENTRAL: SR1E2Mu/Central/bjets/3/energy in Skim_TriLep_WZTo3LNu_powheg.root
2026-05-04 16:05:10,906 - INFO - [2023BPix] MISSING_CENTRAL: SR1E2Mu/Central/bjets/3/energy in Skim_TriLep_ZZTo4L_powheg.root
2026-05-04 16:05:10,922 - INFO - [2023BPix] MISSING_CENTRAL: SR1E2Mu/Central/bjets/3/energy in Skim_TriLep_WWW.root
2026-05-04 16:05:10,923 - INFO - [2023BPix] MISSING_CENTRAL: SR1E2Mu/Central/bjets/3/energy in Skim_TriLep_WWZ.root
2026-05-04 16:05:10,966 - INFO - [2023BPix] MISSING_CENTRAL: SR1E2Mu/Central/bjets/3/energy in Skim_TriLep_VBFHToZZTo4L.root
2026-05-04 16:05:10,967 - INFO - [2023BPix] MISSING_CENTRAL: SR1E2Mu/Central/bjets/3/energy in Skim_TriLep_ggHToZZTo4L.root
2026-05-04 17:02:15,487 - INFO - [2022] MISSING_CENTRAL: SR1E2Mu/Central/bjets/3/energy in Skim_TriLep_MuonEG_C.root
2026-05-04 17:02:15,487 - INFO - [2022] MISSING_CENTRAL: SR1E2Mu/Central/bjets/3/energy in Skim_TriLep_MuonEG_D.root
2026-05-04 17:02:15,488 - INFO - [2022EE] MISSING_CENTRAL: SR1E2Mu/Central/bjets/3/energy in Skim_TriLep_MuonEG_E.root
2026-05-04 17:02:15,489 - INFO - [2022EE] MISSING_CENTRAL: SR1E2Mu/Central/bjets/3/energy in Skim_TriLep_MuonEG_F.root
2026-05-04 17:02:15,489 - INFO - [2022EE] MISSING_CENTRAL: SR1E2Mu/Central/bjets/3/energy in Skim_TriLep_MuonEG_G.root
2026-05-04 17:02:15,490 - INFO - [2023] MISSING_CENTRAL: SR1E2Mu/Central/bjets/3/energy in Skim_TriLep_MuonEG_C_v1.root
2026-05-04 17:02:15,490 - INFO - [2023] MISSING_CENTRAL: SR1E2Mu/Central/bjets/3/energy in Skim_TriLep_MuonEG_C_v2.root
2026-05-04 17:02:15,491 - INFO - [2023] MISSING_CENTRAL: SR1E2Mu/Central/bjets/3/energy in Skim_TriLep_MuonEG_C_v3.root
2026-05-04 17:02:15,553 - INFO - [2023BPix] MISSING_CENTRAL: SR1E2Mu/Central/bjets/3/energy in Skim_TriLep_MuonEG_D_v1.root
2026-05-04 17:02:15,554 - INFO - [2023BPix] MISSING_CENTRAL: SR1E2Mu/Central/bjets/3/energy in Skim_TriLep_MuonEG_D_v2.root
2026-05-04 17:02:15,562 - INFO - [2022] MISSING_CENTRAL: SR1E2Mu/Central/bjets/3/energy in Skim_TriLep_MuonEG_D.root
2026-05-04 17:02:15,563 - INFO - [2022] MISSING_CENTRAL: SR1E2Mu/Central/bjets/3/energy in Skim_TriLep_DYJets.root
2026-05-04 17:02:15,563 - INFO - [2022] MISSING_CENTRAL: SR1E2Mu/Central/bjets/3/energy in Skim_TriLep_DYJets10to50.root
2026-05-04 17:02:15,564 - INFO - [2022] MISSING_CENTRAL: SR1E2Mu/Central/bjets/3/energy in Skim_TriLep_TTG_PTG10to100.root
2026-05-04 17:02:15,565 - INFO - [2022] MISSING_CENTRAL: SR1E2Mu/Central/bjets/3/energy in Skim_TriLep_TTG_PTG100to200.root
2026-05-04 17:02:15,565 - INFO - [2022] MISSING_CENTRAL: SR1E2Mu/Central/bjets/3/energy in Skim_TriLep_TTG_PTG200toInf.root
2026-05-04 17:02:15,680 - INFO - [2022] MISSING_CENTRAL: SR1E2Mu/Central/bjets/3/energy in Skim_TriLep_WZTo3LNu_powheg.root
2026-05-04 17:02:15,681 - INFO - [2022] MISSING_CENTRAL: SR1E2Mu/Central/bjets/3/energy in Skim_TriLep_ZZTo4L_powheg.root
2026-05-04 17:02:15,702 - INFO - [2022] MISSING_CENTRAL: SR1E2Mu/Central/bjets/3/energy in Skim_TriLep_WWW.root
2026-05-04 17:02:15,702 - INFO - [2022] MISSING_CENTRAL: SR1E2Mu/Central/bjets/3/energy in Skim_TriLep_WWZ.root
2026-05-04 17:02:15,703 - INFO - [2022] MISSING_CENTRAL: SR1E2Mu/Central/bjets/3/energy in Skim_TriLep_WZZ.root
2026-05-04 17:02:15,704 - INFO - [2022] MISSING_CENTRAL: SR1E2Mu/Central/bjets/3/energy in Skim_TriLep_ZZZ.root
2026-05-04 17:02:15,727 - INFO - [2022] MISSING_CENTRAL: SR1E2Mu/Central/bjets/3/energy in Skim_TriLep_VBFHToZZTo4L.root
2026-05-04 17:02:15,728 - INFO - [2022] MISSING_CENTRAL: SR1E2Mu/Central/bjets/3/energy in Skim_TriLep_ggHToZZTo4L.root
2026-05-04 17:02:15,729 - INFO - [2022EE] MISSING_CENTRAL: SR1E2Mu/Central/bjets/3/energy in Skim_TriLep_MuonEG_E.root
2026-05-04 17:02:15,730 - INFO - [2022EE] MISSING_CENTRAL: SR1E2Mu/Central/bjets/3/energy in Skim_TriLep_MuonEG_G.root
2026-05-04 17:02:15,731 - INFO - [2022EE] MISSING_CENTRAL: SR1E2Mu/Central/bjets/3/energy in Skim_TriLep_DYJets.root
2026-05-04 17:02:15,732 - INFO - [2022EE] MISSING_CENTRAL: SR1E2Mu/Central/bjets/3/energy in Skim_TriLep_DYJets10to50.root
2026-05-04 17:02:15,753 - INFO - [2022EE] MISSING_CENTRAL: SR1E2Mu/Central/bjets/3/energy in Skim_TriLep_TTG_PTG100to200.root
2026-05-04 17:02:15,754 - INFO - [2022EE] MISSING_CENTRAL: SR1E2Mu/Central/bjets/3/energy in Skim_TriLep_TTG_PTG200toInf.root
2026-05-04 17:02:15,755 - INFO - [2022EE] MISSING_CENTRAL: SR1E2Mu/Central/bjets/3/energy in Skim_TriLep_TTWToLNu.root
2026-05-04 17:02:15,899 - INFO - [2022EE] MISSING_CENTRAL: SR1E2Mu/Central/bjets/3/energy in Skim_TriLep_WWW.root
2026-05-04 17:02:15,900 - INFO - [2022EE] MISSING_CENTRAL: SR1E2Mu/Central/bjets/3/energy in Skim_TriLep_WWZ.root
2026-05-04 17:02:15,922 - INFO - [2022EE] MISSING_CENTRAL: SR1E2Mu/Central/bjets/3/energy in Skim_TriLep_ZZZ.root
2026-05-04 17:02:15,947 - INFO - [2022EE] MISSING_CENTRAL: SR1E2Mu/Central/bjets/3/energy in Skim_TriLep_VBFHToZZTo4L.root
2026-05-04 17:02:15,948 - INFO - [2022EE] MISSING_CENTRAL: SR1E2Mu/Central/bjets/3/energy in Skim_TriLep_ggHToZZTo4L.root
2026-05-04 17:02:15,949 - INFO - [2023] MISSING_CENTRAL: SR1E2Mu/Central/bjets/3/energy in Skim_TriLep_MuonEG_C_v1.root
2026-05-04 17:02:15,949 - INFO - [2023] MISSING_CENTRAL: SR1E2Mu/Central/bjets/3/energy in Skim_TriLep_MuonEG_C_v2.root
2026-05-04 17:02:15,950 - INFO - [2023] MISSING_CENTRAL: SR1E2Mu/Central/bjets/3/energy in Skim_TriLep_MuonEG_C_v3.root
2026-05-04 17:02:15,952 - INFO - [2023] MISSING_CENTRAL: SR1E2Mu/Central/bjets/3/energy in Skim_TriLep_DYJets.root
2026-05-04 17:02:15,953 - INFO - [2023] MISSING_CENTRAL: SR1E2Mu/Central/bjets/3/energy in Skim_TriLep_DYJets10to50.root
2026-05-04 17:02:15,954 - INFO - [2023] MISSING_CENTRAL: SR1E2Mu/Central/bjets/3/energy in Skim_TriLep_TTG_PTG10to100.root
2026-05-04 17:02:15,954 - INFO - [2023] MISSING_CENTRAL: SR1E2Mu/Central/bjets/3/energy in Skim_TriLep_TTG_PTG100to200.root
2026-05-04 17:02:15,955 - INFO - [2023] MISSING_CENTRAL: SR1E2Mu/Central/bjets/3/energy in Skim_TriLep_TTG_PTG200toInf.root
2026-05-04 17:02:16,062 - INFO - [2023] MISSING_CENTRAL: SR1E2Mu/Central/bjets/3/energy in Skim_TriLep_WZTo3LNu_powheg.root
2026-05-04 17:02:16,063 - INFO - [2023] MISSING_CENTRAL: SR1E2Mu/Central/bjets/3/energy in Skim_TriLep_ZZTo4L_powheg.root
2026-05-04 17:02:16,085 - INFO - [2023] MISSING_CENTRAL: SR1E2Mu/Central/bjets/3/energy in Skim_TriLep_WWW.root
2026-05-04 17:02:16,170 - INFO - [2023] MISSING_CENTRAL: SR1E2Mu/Central/bjets/3/energy in Skim_TriLep_VBFHToZZTo4L.root
2026-05-04 17:02:16,171 - INFO - [2023] MISSING_CENTRAL: SR1E2Mu/Central/bjets/3/energy in Skim_TriLep_ggHToZZTo4L.root
2026-05-04 17:02:16,172 - INFO - [2023BPix] MISSING_CENTRAL: SR1E2Mu/Central/bjets/3/energy in Skim_TriLep_MuonEG_D_v2.root
2026-05-04 17:02:16,173 - INFO - [2023BPix] MISSING_CENTRAL: SR1E2Mu/Central/bjets/3/energy in Skim_TriLep_DYJets.root
2026-05-04 17:02:16,174 - INFO - [2023BPix] MISSING_CENTRAL: SR1E2Mu/Central/bjets/3/energy in Skim_TriLep_DYJets10to50.root
2026-05-04 17:02:16,174 - INFO - [2023BPix] MISSING_CENTRAL: SR1E2Mu/Central/bjets/3/energy in Skim_TriLep_TTG_PTG10to100.root
2026-05-04 17:02:16,175 - INFO - [2023BPix] MISSING_CENTRAL: SR1E2Mu/Central/bjets/3/energy in Skim_TriLep_TTG_PTG100to200.root
2026-05-04 17:02:16,176 - INFO - [2023BPix] MISSING_CENTRAL: SR1E2Mu/Central/bjets/3/energy in Skim_TriLep_TTG_PTG200toInf.root
2026-05-04 17:02:16,281 - INFO - [2023BPix] MISSING_CENTRAL: SR1E2Mu/Central/bjets/3/energy in Skim_TriLep_WZTo3LNu_powheg.root
2026-05-04 17:02:16,282 - INFO - [2023BPix] MISSING_CENTRAL: SR1E2Mu/Central/bjets/3/energy in Skim_TriLep_ZZTo4L_powheg.root
2026-05-04 17:02:16,304 - INFO - [2023BPix] MISSING_CENTRAL: SR1E2Mu/Central/bjets/3/energy in Skim_TriLep_WWW.root
2026-05-04 17:02:16,305 - INFO - [2023BPix] MISSING_CENTRAL: SR1E2Mu/Central/bjets/3/energy in Skim_TriLep_WWZ.root
2026-05-04 17:02:16,371 - INFO - [2023BPix] MISSING_CENTRAL: SR1E2Mu/Central/bjets/3/energy in Skim_TriLep_VBFHToZZTo4L.root
2026-05-04 17:02:16,372 - INFO - [2023BPix] MISSING_CENTRAL: SR1E2Mu/Central/bjets/3/energy in Skim_TriLep_ggHToZZTo4L.root
2026-05-04 17:12:02,695 - INFO - [2022] MISSING_CENTRAL: SR1E2Mu/Central/bjets/3/energy in Skim_TriLep_MuonEG_C.root
2026-05-04 17:12:02,696 - INFO - [2022] MISSING_CENTRAL: SR1E2Mu/Central/bjets/3/energy in Skim_TriLep_MuonEG_D.root
2026-05-04 17:12:02,697 - INFO - [2022EE] MISSING_CENTRAL: SR1E2Mu/Central/bjets/3/energy in Skim_TriLep_MuonEG_E.root
2026-05-04 17:12:02,697 - INFO - [2022EE] MISSING_CENTRAL: SR1E2Mu/Central/bjets/3/energy in Skim_TriLep_MuonEG_F.root
2026-05-04 17:12:02,698 - INFO - [2022EE] MISSING_CENTRAL: SR1E2Mu/Central/bjets/3/energy in Skim_TriLep_MuonEG_G.root
2026-05-04 17:12:02,698 - INFO - [2023] MISSING_CENTRAL: SR1E2Mu/Central/bjets/3/energy in Skim_TriLep_MuonEG_C_v1.root
2026-05-04 17:12:02,699 - INFO - [2023] MISSING_CENTRAL: SR1E2Mu/Central/bjets/3/energy in Skim_TriLep_MuonEG_C_v2.root
2026-05-04 17:12:02,699 - INFO - [2023] MISSING_CENTRAL: SR1E2Mu/Central/bjets/3/energy in Skim_TriLep_MuonEG_C_v3.root
2026-05-04 17:12:02,759 - INFO - [2023BPix] MISSING_CENTRAL: SR1E2Mu/Central/bjets/3/energy in Skim_TriLep_MuonEG_D_v1.root
2026-05-04 17:12:02,760 - INFO - [2023BPix] MISSING_CENTRAL: SR1E2Mu/Central/bjets/3/energy in Skim_TriLep_MuonEG_D_v2.root
2026-05-04 17:12:02,768 - INFO - [2022] MISSING_CENTRAL: SR1E2Mu/Central/bjets/3/energy in Skim_TriLep_MuonEG_D.root
2026-05-04 17:12:02,769 - INFO - [2022] MISSING_CENTRAL: SR1E2Mu/Central/bjets/3/energy in Skim_TriLep_DYJets.root
2026-05-04 17:12:02,769 - INFO - [2022] MISSING_CENTRAL: SR1E2Mu/Central/bjets/3/energy in Skim_TriLep_DYJets10to50.root
2026-05-04 17:12:02,770 - INFO - [2022] MISSING_CENTRAL: SR1E2Mu/Central/bjets/3/energy in Skim_TriLep_TTG_PTG10to100.root
2026-05-04 17:12:02,771 - INFO - [2022] MISSING_CENTRAL: SR1E2Mu/Central/bjets/3/energy in Skim_TriLep_TTG_PTG100to200.root
2026-05-04 17:12:02,771 - INFO - [2022] MISSING_CENTRAL: SR1E2Mu/Central/bjets/3/energy in Skim_TriLep_TTG_PTG200toInf.root
2026-05-04 17:12:02,877 - INFO - [2022] MISSING_CENTRAL: SR1E2Mu/Central/bjets/3/energy in Skim_TriLep_WZTo3LNu_powheg.root
2026-05-04 17:12:02,878 - INFO - [2022] MISSING_CENTRAL: SR1E2Mu/Central/bjets/3/energy in Skim_TriLep_ZZTo4L_powheg.root
2026-05-04 17:12:02,897 - INFO - [2022] MISSING_CENTRAL: SR1E2Mu/Central/bjets/3/energy in Skim_TriLep_WWW.root
2026-05-04 17:12:02,898 - INFO - [2022] MISSING_CENTRAL: SR1E2Mu/Central/bjets/3/energy in Skim_TriLep_WWZ.root
2026-05-04 17:12:02,899 - INFO - [2022] MISSING_CENTRAL: SR1E2Mu/Central/bjets/3/energy in Skim_TriLep_WZZ.root
2026-05-04 17:12:02,899 - INFO - [2022] MISSING_CENTRAL: SR1E2Mu/Central/bjets/3/energy in Skim_TriLep_ZZZ.root
2026-05-04 17:12:02,920 - INFO - [2022] MISSING_CENTRAL: SR1E2Mu/Central/bjets/3/energy in Skim_TriLep_VBFHToZZTo4L.root
2026-05-04 17:12:02,921 - INFO - [2022] MISSING_CENTRAL: SR1E2Mu/Central/bjets/3/energy in Skim_TriLep_ggHToZZTo4L.root
2026-05-04 17:12:02,922 - INFO - [2022EE] MISSING_CENTRAL: SR1E2Mu/Central/bjets/3/energy in Skim_TriLep_MuonEG_E.root
2026-05-04 17:12:02,923 - INFO - [2022EE] MISSING_CENTRAL: SR1E2Mu/Central/bjets/3/energy in Skim_TriLep_MuonEG_G.root
2026-05-04 17:12:02,924 - INFO - [2022EE] MISSING_CENTRAL: SR1E2Mu/Central/bjets/3/energy in Skim_TriLep_DYJets.root
2026-05-04 17:12:02,924 - INFO - [2022EE] MISSING_CENTRAL: SR1E2Mu/Central/bjets/3/energy in Skim_TriLep_DYJets10to50.root
2026-05-04 17:12:02,944 - INFO - [2022EE] MISSING_CENTRAL: SR1E2Mu/Central/bjets/3/energy in Skim_TriLep_TTG_PTG100to200.root
2026-05-04 17:12:02,945 - INFO - [2022EE] MISSING_CENTRAL: SR1E2Mu/Central/bjets/3/energy in Skim_TriLep_TTG_PTG200toInf.root
2026-05-04 17:12:02,945 - INFO - [2022EE] MISSING_CENTRAL: SR1E2Mu/Central/bjets/3/energy in Skim_TriLep_TTWToLNu.root
2026-05-04 17:12:03,107 - INFO - [2022EE] MISSING_CENTRAL: SR1E2Mu/Central/bjets/3/energy in Skim_TriLep_WWW.root
2026-05-04 17:12:03,107 - INFO - [2022EE] MISSING_CENTRAL: SR1E2Mu/Central/bjets/3/energy in Skim_TriLep_WWZ.root
2026-05-04 17:12:03,129 - INFO - [2022EE] MISSING_CENTRAL: SR1E2Mu/Central/bjets/3/energy in Skim_TriLep_ZZZ.root
2026-05-04 17:12:03,152 - INFO - [2022EE] MISSING_CENTRAL: SR1E2Mu/Central/bjets/3/energy in Skim_TriLep_VBFHToZZTo4L.root
2026-05-04 17:12:03,153 - INFO - [2022EE] MISSING_CENTRAL: SR1E2Mu/Central/bjets/3/energy in Skim_TriLep_ggHToZZTo4L.root
2026-05-04 17:12:03,153 - INFO - [2023] MISSING_CENTRAL: SR1E2Mu/Central/bjets/3/energy in Skim_TriLep_MuonEG_C_v1.root
2026-05-04 17:12:03,154 - INFO - [2023] MISSING_CENTRAL: SR1E2Mu/Central/bjets/3/energy in Skim_TriLep_MuonEG_C_v2.root
2026-05-04 17:12:03,154 - INFO - [2023] MISSING_CENTRAL: SR1E2Mu/Central/bjets/3/energy in Skim_TriLep_MuonEG_C_v3.root
2026-05-04 17:12:03,157 - INFO - [2023] MISSING_CENTRAL: SR1E2Mu/Central/bjets/3/energy in Skim_TriLep_DYJets.root
2026-05-04 17:12:03,157 - INFO - [2023] MISSING_CENTRAL: SR1E2Mu/Central/bjets/3/energy in Skim_TriLep_DYJets10to50.root
2026-05-04 17:12:03,158 - INFO - [2023] MISSING_CENTRAL: SR1E2Mu/Central/bjets/3/energy in Skim_TriLep_TTG_PTG10to100.root
2026-05-04 17:12:03,159 - INFO - [2023] MISSING_CENTRAL: SR1E2Mu/Central/bjets/3/energy in Skim_TriLep_TTG_PTG100to200.root
2026-05-04 17:12:03,159 - INFO - [2023] MISSING_CENTRAL: SR1E2Mu/Central/bjets/3/energy in Skim_TriLep_TTG_PTG200toInf.root
2026-05-04 17:12:03,264 - INFO - [2023] MISSING_CENTRAL: SR1E2Mu/Central/bjets/3/energy in Skim_TriLep_WZTo3LNu_powheg.root
2026-05-04 17:12:03,265 - INFO - [2023] MISSING_CENTRAL: SR1E2Mu/Central/bjets/3/energy in Skim_TriLep_ZZTo4L_powheg.root
2026-05-04 17:12:03,286 - INFO - [2023] MISSING_CENTRAL: SR1E2Mu/Central/bjets/3/energy in Skim_TriLep_WWW.root
2026-05-04 17:12:03,372 - INFO - [2023] MISSING_CENTRAL: SR1E2Mu/Central/bjets/3/energy in Skim_TriLep_VBFHToZZTo4L.root
2026-05-04 17:12:03,373 - INFO - [2023] MISSING_CENTRAL: SR1E2Mu/Central/bjets/3/energy in Skim_TriLep_ggHToZZTo4L.root
2026-05-04 17:12:03,374 - INFO - [2023BPix] MISSING_CENTRAL: SR1E2Mu/Central/bjets/3/energy in Skim_TriLep_MuonEG_D_v2.root
2026-05-04 17:12:03,375 - INFO - [2023BPix] MISSING_CENTRAL: SR1E2Mu/Central/bjets/3/energy in Skim_TriLep_DYJets.root
2026-05-04 17:12:03,375 - INFO - [2023BPix] MISSING_CENTRAL: SR1E2Mu/Central/bjets/3/energy in Skim_TriLep_DYJets10to50.root
2026-05-04 17:12:03,376 - INFO - [2023BPix] MISSING_CENTRAL: SR1E2Mu/Central/bjets/3/energy in Skim_TriLep_TTG_PTG10to100.root
2026-05-04 17:12:03,377 - INFO - [2023BPix] MISSING_CENTRAL: SR1E2Mu/Central/bjets/3/energy in Skim_TriLep_TTG_PTG100to200.root
2026-05-04 17:12:03,377 - INFO - [2023BPix] MISSING_CENTRAL: SR1E2Mu/Central/bjets/3/energy in Skim_TriLep_TTG_PTG200toInf.root
2026-05-04 17:12:03,479 - INFO - [2023BPix] MISSING_CENTRAL: SR1E2Mu/Central/bjets/3/energy in Skim_TriLep_WZTo3LNu_powheg.root
2026-05-04 17:12:03,480 - INFO - [2023BPix] MISSING_CENTRAL: SR1E2Mu/Central/bjets/3/energy in Skim_TriLep_ZZTo4L_powheg.root
2026-05-04 17:12:03,501 - INFO - [2023BPix] MISSING_CENTRAL: SR1E2Mu/Central/bjets/3/energy in Skim_TriLep_WWW.root
2026-05-04 17:12:03,502 - INFO - [2023BPix] MISSING_CENTRAL: SR1E2Mu/Central/bjets/3/energy in Skim_TriLep_WWZ.root
2026-05-04 17:12:03,566 - INFO - [2023BPix] MISSING_CENTRAL: SR1E2Mu/Central/bjets/3/energy in Skim_TriLep_VBFHToZZTo4L.root
2026-05-04 17:12:03,567 - INFO - [2023BPix] MISSING_CENTRAL: SR1E2Mu/Central/bjets/3/energy in Skim_TriLep_ggHToZZTo4L.root
2026-05-28 15:39:15,112 - INFO - [2022] MISSING_CENTRAL: SR1E2Mu/Central/bjets/3/energy in Skim_TriLep_MuonEG_C.root
2026-05-28 15:39:15,114 - INFO - [2022] MISSING_CENTRAL: SR1E2Mu/Central/bjets/3/energy in Skim_TriLep_MuonEG_D.root
2026-05-28 15:39:15,115 - INFO - [2022EE] MISSING_CENTRAL: SR1E2Mu/Central/bjets/3/energy in Skim_TriLep_MuonEG_E.root
2026-05-28 15:39:15,116 - INFO - [2022EE] MISSING_CENTRAL: SR1E2Mu/Central/bjets/3/energy in Skim_TriLep_MuonEG_F.root
2026-05-28 15:39:15,117 - INFO - [2022EE] MISSING_CENTRAL: SR1E2Mu/Central/bjets/3/energy in Skim_TriLep_MuonEG_G.root
2026-05-28 15:39:15,118 - INFO - [2023] MISSING_CENTRAL: SR1E2Mu/Central/bjets/3/energy in Skim_TriLep_MuonEG_C_v1.root
2026-05-28 15:39:15,119 - INFO - [2023] MISSING_CENTRAL: SR1E2Mu/Central/bjets/3/energy in Skim_TriLep_MuonEG_C_v2.root
2026-05-28 15:39:15,120 - INFO - [2023] MISSING_CENTRAL: SR1E2Mu/Central/bjets/3/energy in Skim_TriLep_MuonEG_C_v3.root
2026-05-28 15:39:15,199 - INFO - [2023BPix] MISSING_CENTRAL: SR1E2Mu/Central/bjets/3/energy in Skim_TriLep_MuonEG_D_v1.root
2026-05-28 15:39:15,201 - INFO - [2023BPix] MISSING_CENTRAL: SR1E2Mu/Central/bjets/3/energy in Skim_TriLep_MuonEG_D_v2.root
2026-05-28 15:39:15,213 - INFO - [2022] MISSING_CENTRAL: SR1E2Mu/Central/bjets/3/energy in Skim_TriLep_MuonEG_D.root
2026-05-28 15:39:15,215 - INFO - [2022] MISSING_CENTRAL: SR1E2Mu/Central/bjets/3/energy in Skim_TriLep_DYJets.root
2026-05-28 15:39:15,216 - INFO - [2022] MISSING_CENTRAL: SR1E2Mu/Central/bjets/3/energy in Skim_TriLep_DYJets10to50.root
2026-05-28 15:39:15,217 - INFO - [2022] MISSING_CENTRAL: SR1E2Mu/Central/bjets/3/energy in Skim_TriLep_TTG_PTG10to100.root
2026-05-28 15:39:15,218 - INFO - [2022] MISSING_CENTRAL: SR1E2Mu/Central/bjets/3/energy in Skim_TriLep_TTG_PTG100to200.root
2026-05-28 15:39:15,219 - INFO - [2022] MISSING_CENTRAL: SR1E2Mu/Central/bjets/3/energy in Skim_TriLep_TTG_PTG200toInf.root
2026-05-28 15:39:15,393 - INFO - [2022] MISSING_CENTRAL: SR1E2Mu/Central/bjets/3/energy in Skim_TriLep_WZTo3LNu_powheg.root
2026-05-28 15:39:15,394 - INFO - [2022] MISSING_CENTRAL: SR1E2Mu/Central/bjets/3/energy in Skim_TriLep_ZZTo4L_powheg.root
2026-05-28 15:39:15,427 - INFO - [2022] MISSING_CENTRAL: SR1E2Mu/Central/bjets/3/energy in Skim_TriLep_WWW.root
2026-05-28 15:39:15,428 - INFO - [2022] MISSING_CENTRAL: SR1E2Mu/Central/bjets/3/energy in Skim_TriLep_WWZ.root
2026-05-28 15:39:15,429 - INFO - [2022] MISSING_CENTRAL: SR1E2Mu/Central/bjets/3/energy in Skim_TriLep_WZZ.root
2026-05-28 15:39:15,430 - INFO - [2022] MISSING_CENTRAL: SR1E2Mu/Central/bjets/3/energy in Skim_TriLep_ZZZ.root
2026-05-28 15:39:15,467 - INFO - [2022] MISSING_CENTRAL: SR1E2Mu/Central/bjets/3/energy in Skim_TriLep_VBFHToZZTo4L.root
2026-05-28 15:39:15,468 - INFO - [2022] MISSING_CENTRAL: SR1E2Mu/Central/bjets/3/energy in Skim_TriLep_ggHToZZTo4L.root
2026-05-28 15:39:15,469 - INFO - [2022EE] MISSING_CENTRAL: SR1E2Mu/Central/bjets/3/energy in Skim_TriLep_MuonEG_E.root
2026-05-28 15:39:15,472 - INFO - [2022EE] MISSING_CENTRAL: SR1E2Mu/Central/bjets/3/energy in Skim_TriLep_MuonEG_G.root
2026-05-28 15:39:15,473 - INFO - [2022EE] MISSING_CENTRAL: SR1E2Mu/Central/bjets/3/energy in Skim_TriLep_DYJets.root
2026-05-28 15:39:15,487 - INFO - [2022EE] MISSING_CENTRAL: SR1E2Mu/Central/bjets/3/energy in Skim_TriLep_DYJets10to50.root
2026-05-28 15:39:15,521 - INFO - [2022EE] MISSING_CENTRAL: SR1E2Mu/Central/bjets/3/energy in Skim_TriLep_TTG_PTG100to200.root
2026-05-28 15:39:15,522 - INFO - [2022EE] MISSING_CENTRAL: SR1E2Mu/Central/bjets/3/energy in Skim_TriLep_TTG_PTG200toInf.root
2026-05-28 15:39:15,524 - INFO - [2022EE] MISSING_CENTRAL: SR1E2Mu/Central/bjets/3/energy in Skim_TriLep_TTWToLNu.root
2026-05-28 15:39:15,779 - INFO - [2022EE] MISSING_CENTRAL: SR1E2Mu/Central/bjets/3/energy in Skim_TriLep_WWW.root
2026-05-28 15:39:15,781 - INFO - [2022EE] MISSING_CENTRAL: SR1E2Mu/Central/bjets/3/energy in Skim_TriLep_WWZ.root
2026-05-28 15:39:15,815 - INFO - [2022EE] MISSING_CENTRAL: SR1E2Mu/Central/bjets/3/energy in Skim_TriLep_ZZZ.root
2026-05-28 15:39:15,853 - INFO - [2022EE] MISSING_CENTRAL: SR1E2Mu/Central/bjets/3/energy in Skim_TriLep_VBFHToZZTo4L.root
2026-05-28 15:39:15,855 - INFO - [2022EE] MISSING_CENTRAL: SR1E2Mu/Central/bjets/3/energy in Skim_TriLep_ggHToZZTo4L.root
2026-05-28 15:39:15,856 - INFO - [2023] MISSING_CENTRAL: SR1E2Mu/Central/bjets/3/energy in Skim_TriLep_MuonEG_C_v1.root
2026-05-28 15:39:15,857 - INFO - [2023] MISSING_CENTRAL: SR1E2Mu/Central/bjets/3/energy in Skim_TriLep_MuonEG_C_v2.root
2026-05-28 15:39:15,858 - INFO - [2023] MISSING_CENTRAL: SR1E2Mu/Central/bjets/3/energy in Skim_TriLep_MuonEG_C_v3.root
2026-05-28 15:39:15,862 - INFO - [2023] MISSING_CENTRAL: SR1E2Mu/Central/bjets/3/energy in Skim_TriLep_DYJets.root
2026-05-28 15:39:15,863 - INFO - [2023] MISSING_CENTRAL: SR1E2Mu/Central/bjets/3/energy in Skim_TriLep_DYJets10to50.root
2026-05-28 15:39:15,864 - INFO - [2023] MISSING_CENTRAL: SR1E2Mu/Central/bjets/3/energy in Skim_TriLep_TTG_PTG10to100.root
2026-05-28 15:39:15,865 - INFO - [2023] MISSING_CENTRAL: SR1E2Mu/Central/bjets/3/energy in Skim_TriLep_TTG_PTG100to200.root
2026-05-28 15:39:15,866 - INFO - [2023] MISSING_CENTRAL: SR1E2Mu/Central/bjets/3/energy in Skim_TriLep_TTG_PTG200toInf.root
2026-05-28 15:39:16,039 - INFO - [2023] MISSING_CENTRAL: SR1E2Mu/Central/bjets/3/energy in Skim_TriLep_WZTo3LNu_powheg.root
2026-05-28 15:39:16,041 - INFO - [2023] MISSING_CENTRAL: SR1E2Mu/Central/bjets/3/energy in Skim_TriLep_ZZTo4L_powheg.root
2026-05-28 15:39:16,078 - INFO - [2023] MISSING_CENTRAL: SR1E2Mu/Central/bjets/3/energy in Skim_TriLep_WWW.root
2026-05-28 15:39:16,217 - INFO - [2023] MISSING_CENTRAL: SR1E2Mu/Central/bjets/3/energy in Skim_TriLep_VBFHToZZTo4L.root
2026-05-28 15:39:16,219 - INFO - [2023] MISSING_CENTRAL: SR1E2Mu/Central/bjets/3/energy in Skim_TriLep_ggHToZZTo4L.root
2026-05-28 15:39:16,222 - INFO - [2023BPix] MISSING_CENTRAL: SR1E2Mu/Central/bjets/3/energy in Skim_TriLep_MuonEG_D_v2.root
2026-05-28 15:39:16,223 - INFO - [2023BPix] MISSING_CENTRAL: SR1E2Mu/Central/bjets/3/energy in Skim_TriLep_DYJets.root
2026-05-28 15:39:16,224 - INFO - [2023BPix] MISSING_CENTRAL: SR1E2Mu/Central/bjets/3/energy in Skim_TriLep_DYJets10to50.root
2026-05-28 15:39:16,225 - INFO - [2023BPix] MISSING_CENTRAL: SR1E2Mu/Central/bjets/3/energy in Skim_TriLep_TTG_PTG10to100.root
2026-05-28 15:39:16,227 - INFO - [2023BPix] MISSING_CENTRAL: SR1E2Mu/Central/bjets/3/energy in Skim_TriLep_TTG_PTG100to200.root
2026-05-28 15:39:16,228 - INFO - [2023BPix] MISSING_CENTRAL: SR1E2Mu/Central/bjets/3/energy in Skim_TriLep_TTG_PTG200toInf.root
2026-05-28 15:39:16,399 - INFO - [2023BPix] MISSING_CENTRAL: SR1E2Mu/Central/bjets/3/energy in Skim_TriLep_WZTo3LNu_powheg.root
2026-05-28 15:39:16,401 - INFO - [2023BPix] MISSING_CENTRAL: SR1E2Mu/Central/bjets/3/energy in Skim_TriLep_ZZTo4L_powheg.root
2026-05-28 15:39:16,425 - INFO - [2023BPix] MISSING_CENTRAL: SR1E2Mu/Central/bjets/3/energy in Skim_TriLep_WWW.root
2026-05-28 15:39:16,426 - INFO - [2023BPix] MISSING_CENTRAL: SR1E2Mu/Central/bjets/3/energy in Skim_TriLep_WWZ.root
2026-05-28 15:39:16,484 - INFO - [2023BPix] MISSING_CENTRAL: SR1E2Mu/Central/bjets/3/energy in Skim_TriLep_VBFHToZZTo4L.root
2026-05-28 15:39:16,486 - INFO - [2023BPix] MISSING_CENTRAL: SR1E2Mu/Central/bjets/3/energy in Skim_TriLep_ggHToZZTo4L.root
2026-05-28 15:48:42,886 - INFO - [2022] MISSING_CENTRAL: SR1E2Mu/Central/bjets/3/energy in Skim_TriLep_MuonEG_C.root
2026-05-28 15:48:42,887 - INFO - [2022] MISSING_CENTRAL: SR1E2Mu/Central/bjets/3/energy in Skim_TriLep_MuonEG_D.root
2026-05-28 15:48:42,889 - INFO - [2022EE] MISSING_CENTRAL: SR1E2Mu/Central/bjets/3/energy in Skim_TriLep_MuonEG_E.root
2026-05-28 15:48:42,890 - INFO - [2022EE] MISSING_CENTRAL: SR1E2Mu/Central/bjets/3/energy in Skim_TriLep_MuonEG_F.root
2026-05-28 15:48:42,891 - INFO - [2022EE] MISSING_CENTRAL: SR1E2Mu/Central/bjets/3/energy in Skim_TriLep_MuonEG_G.root
2026-05-28 15:48:42,892 - INFO - [2023] MISSING_CENTRAL: SR1E2Mu/Central/bjets/3/energy in Skim_TriLep_MuonEG_C_v1.root
2026-05-28 15:48:42,893 - INFO - [2023] MISSING_CENTRAL: SR1E2Mu/Central/bjets/3/energy in Skim_TriLep_MuonEG_C_v2.root
2026-05-28 15:48:42,894 - INFO - [2023] MISSING_CENTRAL: SR1E2Mu/Central/bjets/3/energy in Skim_TriLep_MuonEG_C_v3.root
2026-05-28 15:48:42,974 - INFO - [2023BPix] MISSING_CENTRAL: SR1E2Mu/Central/bjets/3/energy in Skim_TriLep_MuonEG_D_v1.root
2026-05-28 15:48:42,975 - INFO - [2023BPix] MISSING_CENTRAL: SR1E2Mu/Central/bjets/3/energy in Skim_TriLep_MuonEG_D_v2.root
2026-05-28 15:48:42,988 - INFO - [2022] MISSING_CENTRAL: SR1E2Mu/Central/bjets/3/energy in Skim_TriLep_MuonEG_D.root
2026-05-28 15:48:42,990 - INFO - [2022] MISSING_CENTRAL: SR1E2Mu/Central/bjets/3/energy in Skim_TriLep_DYJets.root
2026-05-28 15:48:42,991 - INFO - [2022] MISSING_CENTRAL: SR1E2Mu/Central/bjets/3/energy in Skim_TriLep_DYJets10to50.root
2026-05-28 15:48:42,992 - INFO - [2022] MISSING_CENTRAL: SR1E2Mu/Central/bjets/3/energy in Skim_TriLep_TTG_PTG10to100.root
2026-05-28 15:48:42,993 - INFO - [2022] MISSING_CENTRAL: SR1E2Mu/Central/bjets/3/energy in Skim_TriLep_TTG_PTG100to200.root
2026-05-28 15:48:42,995 - INFO - [2022] MISSING_CENTRAL: SR1E2Mu/Central/bjets/3/energy in Skim_TriLep_TTG_PTG200toInf.root
2026-05-28 15:48:43,174 - INFO - [2022] MISSING_CENTRAL: SR1E2Mu/Central/bjets/3/energy in Skim_TriLep_WZTo3LNu_powheg.root
2026-05-28 15:48:43,175 - INFO - [2022] MISSING_CENTRAL: SR1E2Mu/Central/bjets/3/energy in Skim_TriLep_ZZTo4L_powheg.root
2026-05-28 15:48:43,209 - INFO - [2022] MISSING_CENTRAL: SR1E2Mu/Central/bjets/3/energy in Skim_TriLep_WWW.root
2026-05-28 15:48:43,210 - INFO - [2022] MISSING_CENTRAL: SR1E2Mu/Central/bjets/3/energy in Skim_TriLep_WWZ.root
2026-05-28 15:48:43,211 - INFO - [2022] MISSING_CENTRAL: SR1E2Mu/Central/bjets/3/energy in Skim_TriLep_WZZ.root
2026-05-28 15:48:43,212 - INFO - [2022] MISSING_CENTRAL: SR1E2Mu/Central/bjets/3/energy in Skim_TriLep_ZZZ.root
2026-05-28 15:48:43,250 - INFO - [2022] MISSING_CENTRAL: SR1E2Mu/Central/bjets/3/energy in Skim_TriLep_VBFHToZZTo4L.root
2026-05-28 15:48:43,251 - INFO - [2022] MISSING_CENTRAL: SR1E2Mu/Central/bjets/3/energy in Skim_TriLep_ggHToZZTo4L.root
2026-05-28 15:48:43,252 - INFO - [2022EE] MISSING_CENTRAL: SR1E2Mu/Central/bjets/3/energy in Skim_TriLep_MuonEG_E.root
2026-05-28 15:48:43,255 - INFO - [2022EE] MISSING_CENTRAL: SR1E2Mu/Central/bjets/3/energy in Skim_TriLep_MuonEG_G.root
2026-05-28 15:48:43,256 - INFO - [2022EE] MISSING_CENTRAL: SR1E2Mu/Central/bjets/3/energy in Skim_TriLep_DYJets.root
2026-05-28 15:48:43,257 - INFO - [2022EE] MISSING_CENTRAL: SR1E2Mu/Central/bjets/3/energy in Skim_TriLep_DYJets10to50.root
2026-05-28 15:48:43,292 - INFO - [2022EE] MISSING_CENTRAL: SR1E2Mu/Central/bjets/3/energy in Skim_TriLep_TTG_PTG100to200.root
2026-05-28 15:48:43,294 - INFO - [2022EE] MISSING_CENTRAL: SR1E2Mu/Central/bjets/3/energy in Skim_TriLep_TTG_PTG200toInf.root
2026-05-28 15:48:43,295 - INFO - [2022EE] MISSING_CENTRAL: SR1E2Mu/Central/bjets/3/energy in Skim_TriLep_TTWToLNu.root
2026-05-28 15:48:43,481 - INFO - [2022EE] MISSING_CENTRAL: SR1E2Mu/Central/bjets/3/energy in Skim_TriLep_WWW.root
2026-05-28 15:48:43,483 - INFO - [2022EE] MISSING_CENTRAL: SR1E2Mu/Central/bjets/3/energy in Skim_TriLep_WWZ.root
2026-05-28 15:48:43,516 - INFO - [2022EE] MISSING_CENTRAL: SR1E2Mu/Central/bjets/3/energy in Skim_TriLep_ZZZ.root
2026-05-28 15:48:43,554 - INFO - [2022EE] MISSING_CENTRAL: SR1E2Mu/Central/bjets/3/energy in Skim_TriLep_VBFHToZZTo4L.root
2026-05-28 15:48:43,556 - INFO - [2022EE] MISSING_CENTRAL: SR1E2Mu/Central/bjets/3/energy in Skim_TriLep_ggHToZZTo4L.root
2026-05-28 15:48:43,557 - INFO - [2023] MISSING_CENTRAL: SR1E2Mu/Central/bjets/3/energy in Skim_TriLep_MuonEG_C_v1.root
2026-05-28 15:48:43,558 - INFO - [2023] MISSING_CENTRAL: SR1E2Mu/Central/bjets/3/energy in Skim_TriLep_MuonEG_C_v2.root
2026-05-28 15:48:43,559 - INFO - [2023] MISSING_CENTRAL: SR1E2Mu/Central/bjets/3/energy in Skim_TriLep_MuonEG_C_v3.root
2026-05-28 15:48:43,562 - INFO - [2023] MISSING_CENTRAL: SR1E2Mu/Central/bjets/3/energy in Skim_TriLep_DYJets.root
2026-05-28 15:48:43,563 - INFO - [2023] MISSING_CENTRAL: SR1E2Mu/Central/bjets/3/energy in Skim_TriLep_DYJets10to50.root
2026-05-28 15:48:43,565 - INFO - [2023] MISSING_CENTRAL: SR1E2Mu/Central/bjets/3/energy in Skim_TriLep_TTG_PTG10to100.root
2026-05-28 15:48:43,566 - INFO - [2023] MISSING_CENTRAL: SR1E2Mu/Central/bjets/3/energy in Skim_TriLep_TTG_PTG100to200.root
2026-05-28 15:48:43,567 - INFO - [2023] MISSING_CENTRAL: SR1E2Mu/Central/bjets/3/energy in Skim_TriLep_TTG_PTG200toInf.root
2026-05-28 15:48:43,736 - INFO - [2023] MISSING_CENTRAL: SR1E2Mu/Central/bjets/3/energy in Skim_TriLep_WZTo3LNu_powheg.root
2026-05-28 15:48:43,737 - INFO - [2023] MISSING_CENTRAL: SR1E2Mu/Central/bjets/3/energy in Skim_TriLep_ZZTo4L_powheg.root
2026-05-28 15:48:43,773 - INFO - [2023] MISSING_CENTRAL: SR1E2Mu/Central/bjets/3/energy in Skim_TriLep_WWW.root
2026-05-28 15:48:43,909 - INFO - [2023] MISSING_CENTRAL: SR1E2Mu/Central/bjets/3/energy in Skim_TriLep_VBFHToZZTo4L.root
2026-05-28 15:48:43,911 - INFO - [2023] MISSING_CENTRAL: SR1E2Mu/Central/bjets/3/energy in Skim_TriLep_ggHToZZTo4L.root
2026-05-28 15:48:43,914 - INFO - [2023BPix] MISSING_CENTRAL: SR1E2Mu/Central/bjets/3/energy in Skim_TriLep_MuonEG_D_v2.root
2026-05-28 15:48:43,915 - INFO - [2023BPix] MISSING_CENTRAL: SR1E2Mu/Central/bjets/3/energy in Skim_TriLep_DYJets.root
2026-05-28 15:48:43,916 - INFO - [2023BPix] MISSING_CENTRAL: SR1E2Mu/Central/bjets/3/energy in Skim_TriLep_DYJets10to50.root
2026-05-28 15:48:43,918 - INFO - [2023BPix] MISSING_CENTRAL: SR1E2Mu/Central/bjets/3/energy in Skim_TriLep_TTG_PTG10to100.root
2026-05-28 15:48:43,919 - INFO - [2023BPix] MISSING_CENTRAL: SR1E2Mu/Central/bjets/3/energy in Skim_TriLep_TTG_PTG100to200.root
2026-05-28 15:48:43,921 - INFO - [2023BPix] MISSING_CENTRAL: SR1E2Mu/Central/bjets/3/energy in Skim_TriLep_TTG_PTG200toInf.root
2026-05-28 15:48:44,089 - INFO - [2023BPix] MISSING_CENTRAL: SR1E2Mu/Central/bjets/3/energy in Skim_TriLep_WZTo3LNu_powheg.root
2026-05-28 15:48:44,091 - INFO - [2023BPix] MISSING_CENTRAL: SR1E2Mu/Central/bjets/3/energy in Skim_TriLep_ZZTo4L_powheg.root
2026-05-28 15:48:44,125 - INFO - [2023BPix] MISSING_CENTRAL: SR1E2Mu/Central/bjets/3/energy in Skim_TriLep_WWW.root
2026-05-28 15:48:44,127 - INFO - [2023BPix] MISSING_CENTRAL: SR1E2Mu/Central/bjets/3/energy in Skim_TriLep_WWZ.root
2026-05-28 15:48:44,231 - INFO - [2023BPix] MISSING_CENTRAL: SR1E2Mu/Central/bjets/3/energy in Skim_TriLep_VBFHToZZTo4L.root
2026-05-28 15:48:44,232 - INFO - [2023BPix] MISSING_CENTRAL: SR1E2Mu/Central/bjets/3/energy in Skim_TriLep_ggHToZZTo4L.root
2026-05-29 15:20:05,056 - INFO - [2022] MISSING_CENTRAL: SR1E2Mu/Central/bjets/3/energy in Skim_TriLep_MuonEG_C.root
2026-05-29 15:20:05,057 - INFO - [2022] MISSING_CENTRAL: SR1E2Mu/Central/bjets/3/energy in Skim_TriLep_MuonEG_D.root
2026-05-29 15:20:05,058 - INFO - [2022EE] MISSING_CENTRAL: SR1E2Mu/Central/bjets/3/energy in Skim_TriLep_MuonEG_E.root
2026-05-29 15:20:05,058 - INFO - [2022EE] MISSING_CENTRAL: SR1E2Mu/Central/bjets/3/energy in Skim_TriLep_MuonEG_F.root
2026-05-29 15:20:05,058 - INFO - [2022EE] MISSING_CENTRAL: SR1E2Mu/Central/bjets/3/energy in Skim_TriLep_MuonEG_G.root
2026-05-29 15:20:05,059 - INFO - [2023] MISSING_CENTRAL: SR1E2Mu/Central/bjets/3/energy in Skim_TriLep_MuonEG_C_v1.root
2026-05-29 15:20:05,059 - INFO - [2023] MISSING_CENTRAL: SR1E2Mu/Central/bjets/3/energy in Skim_TriLep_MuonEG_C_v2.root
2026-05-29 15:20:05,060 - INFO - [2023] MISSING_CENTRAL: SR1E2Mu/Central/bjets/3/energy in Skim_TriLep_MuonEG_C_v3.root
2026-05-29 15:20:05,123 - INFO - [2023BPix] MISSING_CENTRAL: SR1E2Mu/Central/bjets/3/energy in Skim_TriLep_MuonEG_D_v1.root
2026-05-29 15:20:05,123 - INFO - [2023BPix] MISSING_CENTRAL: SR1E2Mu/Central/bjets/3/energy in Skim_TriLep_MuonEG_D_v2.root
2026-05-29 15:20:05,132 - INFO - [2022] MISSING_CENTRAL: SR1E2Mu/Central/bjets/3/energy in Skim_TriLep_MuonEG_D.root
2026-05-29 15:20:05,133 - INFO - [2022] MISSING_CENTRAL: SR1E2Mu/Central/bjets/3/energy in Skim_TriLep_DYJets.root
2026-05-29 15:20:05,133 - INFO - [2022] MISSING_CENTRAL: SR1E2Mu/Central/bjets/3/energy in Skim_TriLep_DYJets10to50.root
2026-05-29 15:20:05,134 - INFO - [2022] MISSING_CENTRAL: SR1E2Mu/Central/bjets/3/energy in Skim_TriLep_TTG_PTG10to100.root
2026-05-29 15:20:05,135 - INFO - [2022] MISSING_CENTRAL: SR1E2Mu/Central/bjets/3/energy in Skim_TriLep_TTG_PTG100to200.root
2026-05-29 15:20:05,135 - INFO - [2022] MISSING_CENTRAL: SR1E2Mu/Central/bjets/3/energy in Skim_TriLep_TTG_PTG200toInf.root
2026-05-29 15:20:05,254 - INFO - [2022] MISSING_CENTRAL: SR1E2Mu/Central/bjets/3/energy in Skim_TriLep_WZTo3LNu_powheg.root
2026-05-29 15:20:05,255 - INFO - [2022] MISSING_CENTRAL: SR1E2Mu/Central/bjets/3/energy in Skim_TriLep_ZZTo4L_powheg.root
2026-05-29 15:20:05,276 - INFO - [2022] MISSING_CENTRAL: SR1E2Mu/Central/bjets/3/energy in Skim_TriLep_WWW.root
2026-05-29 15:20:05,277 - INFO - [2022] MISSING_CENTRAL: SR1E2Mu/Central/bjets/3/energy in Skim_TriLep_WWZ.root
2026-05-29 15:20:05,277 - INFO - [2022] MISSING_CENTRAL: SR1E2Mu/Central/bjets/3/energy in Skim_TriLep_WZZ.root
2026-05-29 15:20:05,278 - INFO - [2022] MISSING_CENTRAL: SR1E2Mu/Central/bjets/3/energy in Skim_TriLep_ZZZ.root
2026-05-29 15:20:05,301 - INFO - [2022] MISSING_CENTRAL: SR1E2Mu/Central/bjets/3/energy in Skim_TriLep_VBFHToZZTo4L.root
2026-05-29 15:20:05,302 - INFO - [2022] MISSING_CENTRAL: SR1E2Mu/Central/bjets/3/energy in Skim_TriLep_ggHToZZTo4L.root
2026-05-29 15:20:05,303 - INFO - [2022EE] MISSING_CENTRAL: SR1E2Mu/Central/bjets/3/energy in Skim_TriLep_MuonEG_E.root
2026-05-29 15:20:05,304 - INFO - [2022EE] MISSING_CENTRAL: SR1E2Mu/Central/bjets/3/energy in Skim_TriLep_MuonEG_G.root
2026-05-29 15:20:05,305 - INFO - [2022EE] MISSING_CENTRAL: SR1E2Mu/Central/bjets/3/energy in Skim_TriLep_DYJets.root
2026-05-29 15:20:05,305 - INFO - [2022EE] MISSING_CENTRAL: SR1E2Mu/Central/bjets/3/energy in Skim_TriLep_DYJets10to50.root
2026-05-29 15:20:05,327 - INFO - [2022EE] MISSING_CENTRAL: SR1E2Mu/Central/bjets/3/energy in Skim_TriLep_TTG_PTG100to200.root
2026-05-29 15:20:05,327 - INFO - [2022EE] MISSING_CENTRAL: SR1E2Mu/Central/bjets/3/energy in Skim_TriLep_TTG_PTG200toInf.root
2026-05-29 15:20:05,328 - INFO - [2022EE] MISSING_CENTRAL: SR1E2Mu/Central/bjets/3/energy in Skim_TriLep_TTWToLNu.root
2026-05-29 15:20:05,477 - INFO - [2022EE] MISSING_CENTRAL: SR1E2Mu/Central/bjets/3/energy in Skim_TriLep_WWW.root
2026-05-29 15:20:05,478 - INFO - [2022EE] MISSING_CENTRAL: SR1E2Mu/Central/bjets/3/energy in Skim_TriLep_WWZ.root
2026-05-29 15:20:05,499 - INFO - [2022EE] MISSING_CENTRAL: SR1E2Mu/Central/bjets/3/energy in Skim_TriLep_ZZZ.root
2026-05-29 15:20:05,524 - INFO - [2022EE] MISSING_CENTRAL: SR1E2Mu/Central/bjets/3/energy in Skim_TriLep_VBFHToZZTo4L.root
2026-05-29 15:20:05,524 - INFO - [2022EE] MISSING_CENTRAL: SR1E2Mu/Central/bjets/3/energy in Skim_TriLep_ggHToZZTo4L.root
2026-05-29 15:20:05,525 - INFO - [2023] MISSING_CENTRAL: SR1E2Mu/Central/bjets/3/energy in Skim_TriLep_MuonEG_C_v1.root
2026-05-29 15:20:05,526 - INFO - [2023] MISSING_CENTRAL: SR1E2Mu/Central/bjets/3/energy in Skim_TriLep_MuonEG_C_v2.root
2026-05-29 15:20:05,526 - INFO - [2023] MISSING_CENTRAL: SR1E2Mu/Central/bjets/3/energy in Skim_TriLep_MuonEG_C_v3.root
2026-05-29 15:20:05,528 - INFO - [2023] MISSING_CENTRAL: SR1E2Mu/Central/bjets/3/energy in Skim_TriLep_DYJets.root
2026-05-29 15:20:05,529 - INFO - [2023] MISSING_CENTRAL: SR1E2Mu/Central/bjets/3/energy in Skim_TriLep_DYJets10to50.root
2026-05-29 15:20:05,530 - INFO - [2023] MISSING_CENTRAL: SR1E2Mu/Central/bjets/3/energy in Skim_TriLep_TTG_PTG10to100.root
2026-05-29 15:20:05,530 - INFO - [2023] MISSING_CENTRAL: SR1E2Mu/Central/bjets/3/energy in Skim_TriLep_TTG_PTG100to200.root
2026-05-29 15:20:05,531 - INFO - [2023] MISSING_CENTRAL: SR1E2Mu/Central/bjets/3/energy in Skim_TriLep_TTG_PTG200toInf.root
2026-05-29 15:20:05,639 - INFO - [2023] MISSING_CENTRAL: SR1E2Mu/Central/bjets/3/energy in Skim_TriLep_WZTo3LNu_powheg.root
2026-05-29 15:20:05,639 - INFO - [2023] MISSING_CENTRAL: SR1E2Mu/Central/bjets/3/energy in Skim_TriLep_ZZTo4L_powheg.root
2026-05-29 15:20:05,663 - INFO - [2023] MISSING_CENTRAL: SR1E2Mu/Central/bjets/3/energy in Skim_TriLep_WWW.root
2026-05-29 15:20:05,751 - INFO - [2023] MISSING_CENTRAL: SR1E2Mu/Central/bjets/3/energy in Skim_TriLep_VBFHToZZTo4L.root
2026-05-29 15:20:05,752 - INFO - [2023] MISSING_CENTRAL: SR1E2Mu/Central/bjets/3/energy in Skim_TriLep_ggHToZZTo4L.root
2026-05-29 15:20:05,754 - INFO - [2023BPix] MISSING_CENTRAL: SR1E2Mu/Central/bjets/3/energy in Skim_TriLep_MuonEG_D_v2.root
2026-05-29 15:20:05,755 - INFO - [2023BPix] MISSING_CENTRAL: SR1E2Mu/Central/bjets/3/energy in Skim_TriLep_DYJets.root
2026-05-29 15:20:05,755 - INFO - [2023BPix] MISSING_CENTRAL: SR1E2Mu/Central/bjets/3/energy in Skim_TriLep_DYJets10to50.root
2026-05-29 15:20:05,756 - INFO - [2023BPix] MISSING_CENTRAL: SR1E2Mu/Central/bjets/3/energy in Skim_TriLep_TTG_PTG10to100.root
2026-05-29 15:20:05,757 - INFO - [2023BPix] MISSING_CENTRAL: SR1E2Mu/Central/bjets/3/energy in Skim_TriLep_TTG_PTG100to200.root
2026-05-29 15:20:05,757 - INFO - [2023BPix] MISSING_CENTRAL: SR1E2Mu/Central/bjets/3/energy in Skim_TriLep_TTG_PTG200toInf.root
2026-05-29 15:20:05,860 - INFO - [2023BPix] MISSING_CENTRAL: SR1E2Mu/Central/bjets/3/energy in Skim_TriLep_WZTo3LNu_powheg.root
2026-05-29 15:20:05,861 - INFO - [2023BPix] MISSING_CENTRAL: SR1E2Mu/Central/bjets/3/energy in Skim_TriLep_ZZTo4L_powheg.root
2026-05-29 15:20:05,882 - INFO - [2023BPix] MISSING_CENTRAL: SR1E2Mu/Central/bjets/3/energy in Skim_TriLep_WWW.root
2026-05-29 15:20:05,883 - INFO - [2023BPix] MISSING_CENTRAL: SR1E2Mu/Central/bjets/3/energy in Skim_TriLep_WWZ.root
2026-05-29 15:20:05,945 - INFO - [2023BPix] MISSING_CENTRAL: SR1E2Mu/Central/bjets/3/energy in Skim_TriLep_VBFHToZZTo4L.root
2026-05-29 15:20:05,946 - INFO - [2023BPix] MISSING_CENTRAL: SR1E2Mu/Central/bjets/3/energy in Skim_TriLep_ggHToZZTo4L.root
2026-05-29 15:22:16,375 - INFO - [2022] MISSING_CENTRAL: SR1E2Mu/Central/bjets/3/energy in Skim_TriLep_MuonEG_C.root
2026-05-29 15:22:16,376 - INFO - [2022] MISSING_CENTRAL: SR1E2Mu/Central/bjets/3/energy in Skim_TriLep_MuonEG_D.root
2026-05-29 15:22:16,377 - INFO - [2022EE] MISSING_CENTRAL: SR1E2Mu/Central/bjets/3/energy in Skim_TriLep_MuonEG_E.root
2026-05-29 15:22:16,377 - INFO - [2022EE] MISSING_CENTRAL: SR1E2Mu/Central/bjets/3/energy in Skim_TriLep_MuonEG_F.root
2026-05-29 15:22:16,378 - INFO - [2022EE] MISSING_CENTRAL: SR1E2Mu/Central/bjets/3/energy in Skim_TriLep_MuonEG_G.root
2026-05-29 15:22:16,378 - INFO - [2023] MISSING_CENTRAL: SR1E2Mu/Central/bjets/3/energy in Skim_TriLep_MuonEG_C_v1.root
2026-05-29 15:22:16,379 - INFO - [2023] MISSING_CENTRAL: SR1E2Mu/Central/bjets/3/energy in Skim_TriLep_MuonEG_C_v2.root
2026-05-29 15:22:16,379 - INFO - [2023] MISSING_CENTRAL: SR1E2Mu/Central/bjets/3/energy in Skim_TriLep_MuonEG_C_v3.root
2026-05-29 15:22:16,440 - INFO - [2023BPix] MISSING_CENTRAL: SR1E2Mu/Central/bjets/3/energy in Skim_TriLep_MuonEG_D_v1.root
2026-05-29 15:22:16,440 - INFO - [2023BPix] MISSING_CENTRAL: SR1E2Mu/Central/bjets/3/energy in Skim_TriLep_MuonEG_D_v2.root
2026-05-29 15:22:16,449 - INFO - [2022] MISSING_CENTRAL: SR1E2Mu/Central/bjets/3/energy in Skim_TriLep_MuonEG_D.root
2026-05-29 15:22:16,449 - INFO - [2022] MISSING_CENTRAL: SR1E2Mu/Central/bjets/3/energy in Skim_TriLep_DYJets.root
2026-05-29 15:22:16,450 - INFO - [2022] MISSING_CENTRAL: SR1E2Mu/Central/bjets/3/energy in Skim_TriLep_DYJets10to50.root
2026-05-29 15:22:16,450 - INFO - [2022] MISSING_CENTRAL: SR1E2Mu/Central/bjets/3/energy in Skim_TriLep_TTG_PTG10to100.root
2026-05-29 15:22:16,451 - INFO - [2022] MISSING_CENTRAL: SR1E2Mu/Central/bjets/3/energy in Skim_TriLep_TTG_PTG100to200.root
2026-05-29 15:22:16,452 - INFO - [2022] MISSING_CENTRAL: SR1E2Mu/Central/bjets/3/energy in Skim_TriLep_TTG_PTG200toInf.root
2026-05-29 15:22:16,558 - INFO - [2022] MISSING_CENTRAL: SR1E2Mu/Central/bjets/3/energy in Skim_TriLep_WZTo3LNu_powheg.root
2026-05-29 15:22:16,559 - INFO - [2022] MISSING_CENTRAL: SR1E2Mu/Central/bjets/3/energy in Skim_TriLep_ZZTo4L_powheg.root
2026-05-29 15:22:16,578 - INFO - [2022] MISSING_CENTRAL: SR1E2Mu/Central/bjets/3/energy in Skim_TriLep_WWW.root
2026-05-29 15:22:16,579 - INFO - [2022] MISSING_CENTRAL: SR1E2Mu/Central/bjets/3/energy in Skim_TriLep_WWZ.root
2026-05-29 15:22:16,580 - INFO - [2022] MISSING_CENTRAL: SR1E2Mu/Central/bjets/3/energy in Skim_TriLep_WZZ.root
2026-05-29 15:22:16,580 - INFO - [2022] MISSING_CENTRAL: SR1E2Mu/Central/bjets/3/energy in Skim_TriLep_ZZZ.root
2026-05-29 15:22:16,603 - INFO - [2022] MISSING_CENTRAL: SR1E2Mu/Central/bjets/3/energy in Skim_TriLep_VBFHToZZTo4L.root
2026-05-29 15:22:16,603 - INFO - [2022] MISSING_CENTRAL: SR1E2Mu/Central/bjets/3/energy in Skim_TriLep_ggHToZZTo4L.root
2026-05-29 15:22:16,604 - INFO - [2022EE] MISSING_CENTRAL: SR1E2Mu/Central/bjets/3/energy in Skim_TriLep_MuonEG_E.root
2026-05-29 15:22:16,605 - INFO - [2022EE] MISSING_CENTRAL: SR1E2Mu/Central/bjets/3/energy in Skim_TriLep_MuonEG_G.root
2026-05-29 15:22:16,606 - INFO - [2022EE] MISSING_CENTRAL: SR1E2Mu/Central/bjets/3/energy in Skim_TriLep_DYJets.root
2026-05-29 15:22:16,607 - INFO - [2022EE] MISSING_CENTRAL: SR1E2Mu/Central/bjets/3/energy in Skim_TriLep_DYJets10to50.root
2026-05-29 15:22:16,627 - INFO - [2022EE] MISSING_CENTRAL: SR1E2Mu/Central/bjets/3/energy in Skim_TriLep_TTG_PTG100to200.root
2026-05-29 15:22:16,628 - INFO - [2022EE] MISSING_CENTRAL: SR1E2Mu/Central/bjets/3/energy in Skim_TriLep_TTG_PTG200toInf.root
2026-05-29 15:22:16,628 - INFO - [2022EE] MISSING_CENTRAL: SR1E2Mu/Central/bjets/3/energy in Skim_TriLep_TTWToLNu.root
2026-05-29 15:22:16,763 - INFO - [2022EE] MISSING_CENTRAL: SR1E2Mu/Central/bjets/3/energy in Skim_TriLep_WWW.root
2026-05-29 15:22:16,763 - INFO - [2022EE] MISSING_CENTRAL: SR1E2Mu/Central/bjets/3/energy in Skim_TriLep_WWZ.root
2026-05-29 15:22:16,782 - INFO - [2022EE] MISSING_CENTRAL: SR1E2Mu/Central/bjets/3/energy in Skim_TriLep_ZZZ.root
2026-05-29 15:22:16,802 - INFO - [2022EE] MISSING_CENTRAL: SR1E2Mu/Central/bjets/3/energy in Skim_TriLep_VBFHToZZTo4L.root
2026-05-29 15:22:16,803 - INFO - [2022EE] MISSING_CENTRAL: SR1E2Mu/Central/bjets/3/energy in Skim_TriLep_ggHToZZTo4L.root
2026-05-29 15:22:16,803 - INFO - [2023] MISSING_CENTRAL: SR1E2Mu/Central/bjets/3/energy in Skim_TriLep_MuonEG_C_v1.root
2026-05-29 15:22:16,804 - INFO - [2023] MISSING_CENTRAL: SR1E2Mu/Central/bjets/3/energy in Skim_TriLep_MuonEG_C_v2.root
2026-05-29 15:22:16,804 - INFO - [2023] MISSING_CENTRAL: SR1E2Mu/Central/bjets/3/energy in Skim_TriLep_MuonEG_C_v3.root
2026-05-29 15:22:16,806 - INFO - [2023] MISSING_CENTRAL: SR1E2Mu/Central/bjets/3/energy in Skim_TriLep_DYJets.root
2026-05-29 15:22:16,806 - INFO - [2023] MISSING_CENTRAL: SR1E2Mu/Central/bjets/3/energy in Skim_TriLep_DYJets10to50.root
2026-05-29 15:22:16,807 - INFO - [2023] MISSING_CENTRAL: SR1E2Mu/Central/bjets/3/energy in Skim_TriLep_TTG_PTG10to100.root
2026-05-29 15:22:16,807 - INFO - [2023] MISSING_CENTRAL: SR1E2Mu/Central/bjets/3/energy in Skim_TriLep_TTG_PTG100to200.root
2026-05-29 15:22:16,808 - INFO - [2023] MISSING_CENTRAL: SR1E2Mu/Central/bjets/3/energy in Skim_TriLep_TTG_PTG200toInf.root
2026-05-29 15:22:16,894 - INFO - [2023] MISSING_CENTRAL: SR1E2Mu/Central/bjets/3/energy in Skim_TriLep_WZTo3LNu_powheg.root
2026-05-29 15:22:16,894 - INFO - [2023] MISSING_CENTRAL: SR1E2Mu/Central/bjets/3/energy in Skim_TriLep_ZZTo4L_powheg.root
2026-05-29 15:22:16,917 - INFO - [2023] MISSING_CENTRAL: SR1E2Mu/Central/bjets/3/energy in Skim_TriLep_WWW.root
2026-05-29 15:22:16,999 - INFO - [2023] MISSING_CENTRAL: SR1E2Mu/Central/bjets/3/energy in Skim_TriLep_VBFHToZZTo4L.root
2026-05-29 15:22:17,000 - INFO - [2023] MISSING_CENTRAL: SR1E2Mu/Central/bjets/3/energy in Skim_TriLep_ggHToZZTo4L.root
2026-05-29 15:22:17,002 - INFO - [2023BPix] MISSING_CENTRAL: SR1E2Mu/Central/bjets/3/energy in Skim_TriLep_MuonEG_D_v2.root
2026-05-29 15:22:17,002 - INFO - [2023BPix] MISSING_CENTRAL: SR1E2Mu/Central/bjets/3/energy in Skim_TriLep_DYJets.root
2026-05-29 15:22:17,003 - INFO - [2023BPix] MISSING_CENTRAL: SR1E2Mu/Central/bjets/3/energy in Skim_TriLep_DYJets10to50.root
2026-05-29 15:22:17,004 - INFO - [2023BPix] MISSING_CENTRAL: SR1E2Mu/Central/bjets/3/energy in Skim_TriLep_TTG_PTG10to100.root
2026-05-29 15:22:17,004 - INFO - [2023BPix] MISSING_CENTRAL: SR1E2Mu/Central/bjets/3/energy in Skim_TriLep_TTG_PTG100to200.root
2026-05-29 15:22:17,005 - INFO - [2023BPix] MISSING_CENTRAL: SR1E2Mu/Central/bjets/3/energy in Skim_TriLep_TTG_PTG200toInf.root
2026-05-29 15:22:17,105 - INFO - [2023BPix] MISSING_CENTRAL: SR1E2Mu/Central/bjets/3/energy in Skim_TriLep_WZTo3LNu_powheg.root
2026-05-29 15:22:17,106 - INFO - [2023BPix] MISSING_CENTRAL: SR1E2Mu/Central/bjets/3/energy in Skim_TriLep_ZZTo4L_powheg.root
2026-05-29 15:22:17,127 - INFO - [2023BPix] MISSING_CENTRAL: SR1E2Mu/Central/bjets/3/energy in Skim_TriLep_WWW.root
2026-05-29 15:22:17,128 - INFO - [2023BPix] MISSING_CENTRAL: SR1E2Mu/Central/bjets/3/energy in Skim_TriLep_WWZ.root
2026-05-29 15:22:17,192 - INFO - [2023BPix] MISSING_CENTRAL: SR1E2Mu/Central/bjets/3/energy in Skim_TriLep_VBFHToZZTo4L.root
2026-05-29 15:22:17,194 - INFO - [2023BPix] MISSING_CENTRAL: SR1E2Mu/Central/bjets/3/energy in Skim_TriLep_ggHToZZTo4L.root
2026-05-29 15:30:02,933 - INFO - [2022] MISSING_CENTRAL: SR1E2Mu/Central/bjets/3/energy in Skim_TriLep_MuonEG_C.root
2026-05-29 15:30:02,934 - INFO - [2022] MISSING_CENTRAL: SR1E2Mu/Central/bjets/3/energy in Skim_TriLep_MuonEG_D.root
2026-05-29 15:30:02,935 - INFO - [2022EE] MISSING_CENTRAL: SR1E2Mu/Central/bjets/3/energy in Skim_TriLep_MuonEG_E.root
2026-05-29 15:30:02,935 - INFO - [2022EE] MISSING_CENTRAL: SR1E2Mu/Central/bjets/3/energy in Skim_TriLep_MuonEG_F.root
2026-05-29 15:30:02,936 - INFO - [2022EE] MISSING_CENTRAL: SR1E2Mu/Central/bjets/3/energy in Skim_TriLep_MuonEG_G.root
2026-05-29 15:30:02,936 - INFO - [2023] MISSING_CENTRAL: SR1E2Mu/Central/bjets/3/energy in Skim_TriLep_MuonEG_C_v1.root
2026-05-29 15:30:02,937 - INFO - [2023] MISSING_CENTRAL: SR1E2Mu/Central/bjets/3/energy in Skim_TriLep_MuonEG_C_v2.root
2026-05-29 15:30:02,937 - INFO - [2023] MISSING_CENTRAL: SR1E2Mu/Central/bjets/3/energy in Skim_TriLep_MuonEG_C_v3.root
2026-05-29 15:30:03,013 - INFO - [2023BPix] MISSING_CENTRAL: SR1E2Mu/Central/bjets/3/energy in Skim_TriLep_MuonEG_D_v1.root
2026-05-29 15:30:03,014 - INFO - [2023BPix] MISSING_CENTRAL: SR1E2Mu/Central/bjets/3/energy in Skim_TriLep_MuonEG_D_v2.root
2026-05-29 15:30:03,022 - INFO - [2022] MISSING_CENTRAL: SR1E2Mu/Central/bjets/3/energy in Skim_TriLep_MuonEG_D.root
2026-05-29 15:30:03,023 - INFO - [2022] MISSING_CENTRAL: SR1E2Mu/Central/bjets/3/energy in Skim_TriLep_DYJets.root
2026-05-29 15:30:03,024 - INFO - [2022] MISSING_CENTRAL: SR1E2Mu/Central/bjets/3/energy in Skim_TriLep_DYJets10to50.root
2026-05-29 15:30:03,024 - INFO - [2022] MISSING_CENTRAL: SR1E2Mu/Central/bjets/3/energy in Skim_TriLep_TTG_PTG10to100.root
2026-05-29 15:30:03,025 - INFO - [2022] MISSING_CENTRAL: SR1E2Mu/Central/bjets/3/energy in Skim_TriLep_TTG_PTG100to200.root
2026-05-29 15:30:03,026 - INFO - [2022] MISSING_CENTRAL: SR1E2Mu/Central/bjets/3/energy in Skim_TriLep_TTG_PTG200toInf.root
2026-05-29 15:30:03,143 - INFO - [2022] MISSING_CENTRAL: SR1E2Mu/Central/bjets/3/energy in Skim_TriLep_WZTo3LNu_powheg.root
2026-05-29 15:30:03,144 - INFO - [2022] MISSING_CENTRAL: SR1E2Mu/Central/bjets/3/energy in Skim_TriLep_ZZTo4L_powheg.root
2026-05-29 15:30:03,166 - INFO - [2022] MISSING_CENTRAL: SR1E2Mu/Central/bjets/3/energy in Skim_TriLep_WWW.root
2026-05-29 15:30:03,166 - INFO - [2022] MISSING_CENTRAL: SR1E2Mu/Central/bjets/3/energy in Skim_TriLep_WWZ.root
2026-05-29 15:30:03,167 - INFO - [2022] MISSING_CENTRAL: SR1E2Mu/Central/bjets/3/energy in Skim_TriLep_WZZ.root
2026-05-29 15:30:03,168 - INFO - [2022] MISSING_CENTRAL: SR1E2Mu/Central/bjets/3/energy in Skim_TriLep_ZZZ.root
2026-05-29 15:30:03,191 - INFO - [2022] MISSING_CENTRAL: SR1E2Mu/Central/bjets/3/energy in Skim_TriLep_VBFHToZZTo4L.root
2026-05-29 15:30:03,192 - INFO - [2022] MISSING_CENTRAL: SR1E2Mu/Central/bjets/3/energy in Skim_TriLep_ggHToZZTo4L.root
2026-05-29 15:30:03,192 - INFO - [2022EE] MISSING_CENTRAL: SR1E2Mu/Central/bjets/3/energy in Skim_TriLep_MuonEG_E.root
2026-05-29 15:30:03,194 - INFO - [2022EE] MISSING_CENTRAL: SR1E2Mu/Central/bjets/3/energy in Skim_TriLep_MuonEG_G.root
2026-05-29 15:30:03,194 - INFO - [2022EE] MISSING_CENTRAL: SR1E2Mu/Central/bjets/3/energy in Skim_TriLep_DYJets.root
2026-05-29 15:30:03,195 - INFO - [2022EE] MISSING_CENTRAL: SR1E2Mu/Central/bjets/3/energy in Skim_TriLep_DYJets10to50.root
2026-05-29 15:30:03,217 - INFO - [2022EE] MISSING_CENTRAL: SR1E2Mu/Central/bjets/3/energy in Skim_TriLep_TTG_PTG100to200.root
2026-05-29 15:30:03,217 - INFO - [2022EE] MISSING_CENTRAL: SR1E2Mu/Central/bjets/3/energy in Skim_TriLep_TTG_PTG200toInf.root
2026-05-29 15:30:03,218 - INFO - [2022EE] MISSING_CENTRAL: SR1E2Mu/Central/bjets/3/energy in Skim_TriLep_TTWToLNu.root
2026-05-29 15:30:03,367 - INFO - [2022EE] MISSING_CENTRAL: SR1E2Mu/Central/bjets/3/energy in Skim_TriLep_WWW.root
2026-05-29 15:30:03,368 - INFO - [2022EE] MISSING_CENTRAL: SR1E2Mu/Central/bjets/3/energy in Skim_TriLep_WWZ.root
2026-05-29 15:30:03,389 - INFO - [2022EE] MISSING_CENTRAL: SR1E2Mu/Central/bjets/3/energy in Skim_TriLep_ZZZ.root
2026-05-29 15:30:03,413 - INFO - [2022EE] MISSING_CENTRAL: SR1E2Mu/Central/bjets/3/energy in Skim_TriLep_VBFHToZZTo4L.root
2026-05-29 15:30:03,414 - INFO - [2022EE] MISSING_CENTRAL: SR1E2Mu/Central/bjets/3/energy in Skim_TriLep_ggHToZZTo4L.root
2026-05-29 15:30:03,414 - INFO - [2023] MISSING_CENTRAL: SR1E2Mu/Central/bjets/3/energy in Skim_TriLep_MuonEG_C_v1.root
2026-05-29 15:30:03,415 - INFO - [2023] MISSING_CENTRAL: SR1E2Mu/Central/bjets/3/energy in Skim_TriLep_MuonEG_C_v2.root
2026-05-29 15:30:03,415 - INFO - [2023] MISSING_CENTRAL: SR1E2Mu/Central/bjets/3/energy in Skim_TriLep_MuonEG_C_v3.root
2026-05-29 15:30:03,417 - INFO - [2023] MISSING_CENTRAL: SR1E2Mu/Central/bjets/3/energy in Skim_TriLep_DYJets.root
2026-05-29 15:30:03,418 - INFO - [2023] MISSING_CENTRAL: SR1E2Mu/Central/bjets/3/energy in Skim_TriLep_DYJets10to50.root
2026-05-29 15:30:03,418 - INFO - [2023] MISSING_CENTRAL: SR1E2Mu/Central/bjets/3/energy in Skim_TriLep_TTG_PTG10to100.root
2026-05-29 15:30:03,419 - INFO - [2023] MISSING_CENTRAL: SR1E2Mu/Central/bjets/3/energy in Skim_TriLep_TTG_PTG100to200.root
2026-05-29 15:30:03,420 - INFO - [2023] MISSING_CENTRAL: SR1E2Mu/Central/bjets/3/energy in Skim_TriLep_TTG_PTG200toInf.root
2026-05-29 15:30:03,544 - INFO - [2023] MISSING_CENTRAL: SR1E2Mu/Central/bjets/3/energy in Skim_TriLep_WZTo3LNu_powheg.root
2026-05-29 15:30:03,545 - INFO - [2023] MISSING_CENTRAL: SR1E2Mu/Central/bjets/3/energy in Skim_TriLep_ZZTo4L_powheg.root
2026-05-29 15:30:03,568 - INFO - [2023] MISSING_CENTRAL: SR1E2Mu/Central/bjets/3/energy in Skim_TriLep_WWW.root
2026-05-29 15:30:03,655 - INFO - [2023] MISSING_CENTRAL: SR1E2Mu/Central/bjets/3/energy in Skim_TriLep_VBFHToZZTo4L.root
2026-05-29 15:30:03,656 - INFO - [2023] MISSING_CENTRAL: SR1E2Mu/Central/bjets/3/energy in Skim_TriLep_ggHToZZTo4L.root
2026-05-29 15:30:03,658 - INFO - [2023BPix] MISSING_CENTRAL: SR1E2Mu/Central/bjets/3/energy in Skim_TriLep_MuonEG_D_v2.root
2026-05-29 15:30:03,658 - INFO - [2023BPix] MISSING_CENTRAL: SR1E2Mu/Central/bjets/3/energy in Skim_TriLep_DYJets.root
2026-05-29 15:30:03,659 - INFO - [2023BPix] MISSING_CENTRAL: SR1E2Mu/Central/bjets/3/energy in Skim_TriLep_DYJets10to50.root
2026-05-29 15:30:03,660 - INFO - [2023BPix] MISSING_CENTRAL: SR1E2Mu/Central/bjets/3/energy in Skim_TriLep_TTG_PTG10to100.root
2026-05-29 15:30:03,660 - INFO - [2023BPix] MISSING_CENTRAL: SR1E2Mu/Central/bjets/3/energy in Skim_TriLep_TTG_PTG100to200.root
2026-05-29 15:30:03,661 - INFO - [2023BPix] MISSING_CENTRAL: SR1E2Mu/Central/bjets/3/energy in Skim_TriLep_TTG_PTG200toInf.root
2026-05-29 15:30:03,769 - INFO - [2023BPix] MISSING_CENTRAL: SR1E2Mu/Central/bjets/3/energy in Skim_TriLep_WZTo3LNu_powheg.root
2026-05-29 15:30:03,770 - INFO - [2023BPix] MISSING_CENTRAL: SR1E2Mu/Central/bjets/3/energy in Skim_TriLep_ZZTo4L_powheg.root
2026-05-29 15:30:03,792 - INFO - [2023BPix] MISSING_CENTRAL: SR1E2Mu/Central/bjets/3/energy in Skim_TriLep_WWW.root
2026-05-29 15:30:03,793 - INFO - [2023BPix] MISSING_CENTRAL: SR1E2Mu/Central/bjets/3/energy in Skim_TriLep_WWZ.root
2026-05-29 15:30:03,858 - INFO - [2023BPix] MISSING_CENTRAL: SR1E2Mu/Central/bjets/3/energy in Skim_TriLep_VBFHToZZTo4L.root
2026-05-29 15:30:03,859 - INFO - [2023BPix] MISSING_CENTRAL: SR1E2Mu/Central/bjets/3/energy in Skim_TriLep_ggHToZZTo4L.root
2026-05-29 15:39:44,506 - INFO - [2022] MISSING_CENTRAL: SR1E2Mu/Central/bjets/3/energy in Skim_TriLep_MuonEG_C.root
2026-05-29 15:39:44,507 - INFO - [2022] MISSING_CENTRAL: SR1E2Mu/Central/bjets/3/energy in Skim_TriLep_MuonEG_D.root
2026-05-29 15:39:44,507 - INFO - [2022EE] MISSING_CENTRAL: SR1E2Mu/Central/bjets/3/energy in Skim_TriLep_MuonEG_E.root
2026-05-29 15:39:44,508 - INFO - [2022EE] MISSING_CENTRAL: SR1E2Mu/Central/bjets/3/energy in Skim_TriLep_MuonEG_F.root
2026-05-29 15:39:44,508 - INFO - [2022EE] MISSING_CENTRAL: SR1E2Mu/Central/bjets/3/energy in Skim_TriLep_MuonEG_G.root
2026-05-29 15:39:44,509 - INFO - [2023] MISSING_CENTRAL: SR1E2Mu/Central/bjets/3/energy in Skim_TriLep_MuonEG_C_v1.root
2026-05-29 15:39:44,509 - INFO - [2023] MISSING_CENTRAL: SR1E2Mu/Central/bjets/3/energy in Skim_TriLep_MuonEG_C_v2.root
2026-05-29 15:39:44,511 - INFO - [2023] MISSING_CENTRAL: SR1E2Mu/Central/bjets/3/energy in Skim_TriLep_MuonEG_C_v3.root
2026-05-29 15:39:44,571 - INFO - [2023BPix] MISSING_CENTRAL: SR1E2Mu/Central/bjets/3/energy in Skim_TriLep_MuonEG_D_v1.root
2026-05-29 15:39:44,572 - INFO - [2023BPix] MISSING_CENTRAL: SR1E2Mu/Central/bjets/3/energy in Skim_TriLep_MuonEG_D_v2.root
2026-05-29 15:39:44,580 - INFO - [2022] MISSING_CENTRAL: SR1E2Mu/Central/bjets/3/energy in Skim_TriLep_MuonEG_D.root
2026-05-29 15:39:44,581 - INFO - [2022] MISSING_CENTRAL: SR1E2Mu/Central/bjets/3/energy in Skim_TriLep_DYJets.root
2026-05-29 15:39:44,581 - INFO - [2022] MISSING_CENTRAL: SR1E2Mu/Central/bjets/3/energy in Skim_TriLep_DYJets10to50.root
2026-05-29 15:39:44,582 - INFO - [2022] MISSING_CENTRAL: SR1E2Mu/Central/bjets/3/energy in Skim_TriLep_TTG_PTG10to100.root
2026-05-29 15:39:44,583 - INFO - [2022] MISSING_CENTRAL: SR1E2Mu/Central/bjets/3/energy in Skim_TriLep_TTG_PTG100to200.root
2026-05-29 15:39:44,583 - INFO - [2022] MISSING_CENTRAL: SR1E2Mu/Central/bjets/3/energy in Skim_TriLep_TTG_PTG200toInf.root
2026-05-29 15:39:44,691 - INFO - [2022] MISSING_CENTRAL: SR1E2Mu/Central/bjets/3/energy in Skim_TriLep_WZTo3LNu_powheg.root
2026-05-29 15:39:44,692 - INFO - [2022] MISSING_CENTRAL: SR1E2Mu/Central/bjets/3/energy in Skim_TriLep_ZZTo4L_powheg.root
2026-05-29 15:39:44,711 - INFO - [2022] MISSING_CENTRAL: SR1E2Mu/Central/bjets/3/energy in Skim_TriLep_WWW.root
2026-05-29 15:39:44,712 - INFO - [2022] MISSING_CENTRAL: SR1E2Mu/Central/bjets/3/energy in Skim_TriLep_WWZ.root
2026-05-29 15:39:44,713 - INFO - [2022] MISSING_CENTRAL: SR1E2Mu/Central/bjets/3/energy in Skim_TriLep_WZZ.root
2026-05-29 15:39:44,713 - INFO - [2022] MISSING_CENTRAL: SR1E2Mu/Central/bjets/3/energy in Skim_TriLep_ZZZ.root
2026-05-29 15:39:44,735 - INFO - [2022] MISSING_CENTRAL: SR1E2Mu/Central/bjets/3/energy in Skim_TriLep_VBFHToZZTo4L.root
2026-05-29 15:39:44,736 - INFO - [2022] MISSING_CENTRAL: SR1E2Mu/Central/bjets/3/energy in Skim_TriLep_ggHToZZTo4L.root
2026-05-29 15:39:44,737 - INFO - [2022EE] MISSING_CENTRAL: SR1E2Mu/Central/bjets/3/energy in Skim_TriLep_MuonEG_E.root
2026-05-29 15:39:44,738 - INFO - [2022EE] MISSING_CENTRAL: SR1E2Mu/Central/bjets/3/energy in Skim_TriLep_MuonEG_G.root
2026-05-29 15:39:44,739 - INFO - [2022EE] MISSING_CENTRAL: SR1E2Mu/Central/bjets/3/energy in Skim_TriLep_DYJets.root
2026-05-29 15:39:44,739 - INFO - [2022EE] MISSING_CENTRAL: SR1E2Mu/Central/bjets/3/energy in Skim_TriLep_DYJets10to50.root
2026-05-29 15:39:44,760 - INFO - [2022EE] MISSING_CENTRAL: SR1E2Mu/Central/bjets/3/energy in Skim_TriLep_TTG_PTG100to200.root
2026-05-29 15:39:44,761 - INFO - [2022EE] MISSING_CENTRAL: SR1E2Mu/Central/bjets/3/energy in Skim_TriLep_TTG_PTG200toInf.root
2026-05-29 15:39:44,761 - INFO - [2022EE] MISSING_CENTRAL: SR1E2Mu/Central/bjets/3/energy in Skim_TriLep_TTWToLNu.root
2026-05-29 15:39:44,902 - INFO - [2022EE] MISSING_CENTRAL: SR1E2Mu/Central/bjets/3/energy in Skim_TriLep_WWW.root
2026-05-29 15:39:44,903 - INFO - [2022EE] MISSING_CENTRAL: SR1E2Mu/Central/bjets/3/energy in Skim_TriLep_WWZ.root
2026-05-29 15:39:44,923 - INFO - [2022EE] MISSING_CENTRAL: SR1E2Mu/Central/bjets/3/energy in Skim_TriLep_ZZZ.root
2026-05-29 15:39:44,946 - INFO - [2022EE] MISSING_CENTRAL: SR1E2Mu/Central/bjets/3/energy in Skim_TriLep_VBFHToZZTo4L.root
2026-05-29 15:39:44,947 - INFO - [2022EE] MISSING_CENTRAL: SR1E2Mu/Central/bjets/3/energy in Skim_TriLep_ggHToZZTo4L.root
2026-05-29 15:39:44,948 - INFO - [2023] MISSING_CENTRAL: SR1E2Mu/Central/bjets/3/energy in Skim_TriLep_MuonEG_C_v1.root
2026-05-29 15:39:44,948 - INFO - [2023] MISSING_CENTRAL: SR1E2Mu/Central/bjets/3/energy in Skim_TriLep_MuonEG_C_v2.root
2026-05-29 15:39:44,949 - INFO - [2023] MISSING_CENTRAL: SR1E2Mu/Central/bjets/3/energy in Skim_TriLep_MuonEG_C_v3.root
2026-05-29 15:39:44,951 - INFO - [2023] MISSING_CENTRAL: SR1E2Mu/Central/bjets/3/energy in Skim_TriLep_DYJets.root
2026-05-29 15:39:44,951 - INFO - [2023] MISSING_CENTRAL: SR1E2Mu/Central/bjets/3/energy in Skim_TriLep_DYJets10to50.root
2026-05-29 15:39:44,952 - INFO - [2023] MISSING_CENTRAL: SR1E2Mu/Central/bjets/3/energy in Skim_TriLep_TTG_PTG10to100.root
2026-05-29 15:39:44,953 - INFO - [2023] MISSING_CENTRAL: SR1E2Mu/Central/bjets/3/energy in Skim_TriLep_TTG_PTG100to200.root
2026-05-29 15:39:44,954 - INFO - [2023] MISSING_CENTRAL: SR1E2Mu/Central/bjets/3/energy in Skim_TriLep_TTG_PTG200toInf.root
2026-05-29 15:39:45,051 - INFO - [2023] MISSING_CENTRAL: SR1E2Mu/Central/bjets/3/energy in Skim_TriLep_WZTo3LNu_powheg.root
2026-05-29 15:39:45,052 - INFO - [2023] MISSING_CENTRAL: SR1E2Mu/Central/bjets/3/energy in Skim_TriLep_ZZTo4L_powheg.root
2026-05-29 15:39:45,072 - INFO - [2023] MISSING_CENTRAL: SR1E2Mu/Central/bjets/3/energy in Skim_TriLep_WWW.root
2026-05-29 15:39:45,132 - INFO - [2023] MISSING_CENTRAL: SR1E2Mu/Central/bjets/3/energy in Skim_TriLep_VBFHToZZTo4L.root
2026-05-29 15:39:45,132 - INFO - [2023] MISSING_CENTRAL: SR1E2Mu/Central/bjets/3/energy in Skim_TriLep_ggHToZZTo4L.root
2026-05-29 15:39:45,133 - INFO - [2023BPix] MISSING_CENTRAL: SR1E2Mu/Central/bjets/3/energy in Skim_TriLep_MuonEG_D_v2.root
2026-05-29 15:39:45,134 - INFO - [2023BPix] MISSING_CENTRAL: SR1E2Mu/Central/bjets/3/energy in Skim_TriLep_DYJets.root
2026-05-29 15:39:45,134 - INFO - [2023BPix] MISSING_CENTRAL: SR1E2Mu/Central/bjets/3/energy in Skim_TriLep_DYJets10to50.root
2026-05-29 15:39:45,135 - INFO - [2023BPix] MISSING_CENTRAL: SR1E2Mu/Central/bjets/3/energy in Skim_TriLep_TTG_PTG10to100.root
2026-05-29 15:39:45,135 - INFO - [2023BPix] MISSING_CENTRAL: SR1E2Mu/Central/bjets/3/energy in Skim_TriLep_TTG_PTG100to200.root
2026-05-29 15:39:45,135 - INFO - [2023BPix] MISSING_CENTRAL: SR1E2Mu/Central/bjets/3/energy in Skim_TriLep_TTG_PTG200toInf.root
2026-05-29 15:39:45,228 - INFO - [2023BPix] MISSING_CENTRAL: SR1E2Mu/Central/bjets/3/energy in Skim_TriLep_WZTo3LNu_powheg.root
2026-05-29 15:39:45,229 - INFO - [2023BPix] MISSING_CENTRAL: SR1E2Mu/Central/bjets/3/energy in Skim_TriLep_ZZTo4L_powheg.root
2026-05-29 15:39:45,250 - INFO - [2023BPix] MISSING_CENTRAL: SR1E2Mu/Central/bjets/3/energy in Skim_TriLep_WWW.root
2026-05-29 15:39:45,251 - INFO - [2023BPix] MISSING_CENTRAL: SR1E2Mu/Central/bjets/3/energy in Skim_TriLep_WWZ.root
2026-05-29 15:39:45,318 - INFO - [2023BPix] MISSING_CENTRAL: SR1E2Mu/Central/bjets/3/energy in Skim_TriLep_VBFHToZZTo4L.root
2026-05-29 15:39:45,318 - INFO - [2023BPix] MISSING_CENTRAL: SR1E2Mu/Central/bjets/3/energy in Skim_TriLep_ggHToZZTo4L.root
2026-05-29 18:21:11,159 - INFO - [2022] MISSING_CENTRAL: SR1E2Mu/Central/bjets/3/energy in Skim_TriLep_MuonEG_C.root
2026-05-29 18:21:11,160 - INFO - [2022] MISSING_CENTRAL: SR1E2Mu/Central/bjets/3/energy in Skim_TriLep_MuonEG_D.root
2026-05-29 18:21:11,160 - INFO - [2022EE] MISSING_CENTRAL: SR1E2Mu/Central/bjets/3/energy in Skim_TriLep_MuonEG_E.root
2026-05-29 18:21:11,161 - INFO - [2022EE] MISSING_CENTRAL: SR1E2Mu/Central/bjets/3/energy in Skim_TriLep_MuonEG_F.root
2026-05-29 18:21:11,161 - INFO - [2022EE] MISSING_CENTRAL: SR1E2Mu/Central/bjets/3/energy in Skim_TriLep_MuonEG_G.root
2026-05-29 18:21:11,161 - INFO - [2023] MISSING_CENTRAL: SR1E2Mu/Central/bjets/3/energy in Skim_TriLep_MuonEG_C_v1.root
2026-05-29 18:21:11,162 - INFO - [2023] MISSING_CENTRAL: SR1E2Mu/Central/bjets/3/energy in Skim_TriLep_MuonEG_C_v2.root
2026-05-29 18:21:11,162 - INFO - [2023] MISSING_CENTRAL: SR1E2Mu/Central/bjets/3/energy in Skim_TriLep_MuonEG_C_v3.root
2026-05-29 18:21:11,218 - INFO - [2023BPix] MISSING_CENTRAL: SR1E2Mu/Central/bjets/3/energy in Skim_TriLep_MuonEG_D_v1.root
2026-05-29 18:21:11,219 - INFO - [2023BPix] MISSING_CENTRAL: SR1E2Mu/Central/bjets/3/energy in Skim_TriLep_MuonEG_D_v2.root
2026-05-29 18:21:11,227 - INFO - [2022] MISSING_CENTRAL: SR1E2Mu/Central/bjets/3/energy in Skim_TriLep_MuonEG_D.root
2026-05-29 18:21:11,228 - INFO - [2022] MISSING_CENTRAL: SR1E2Mu/Central/bjets/3/energy in Skim_TriLep_DYJets.root
2026-05-29 18:21:11,228 - INFO - [2022] MISSING_CENTRAL: SR1E2Mu/Central/bjets/3/energy in Skim_TriLep_DYJets10to50.root
2026-05-29 18:21:11,229 - INFO - [2022] MISSING_CENTRAL: SR1E2Mu/Central/bjets/3/energy in Skim_TriLep_TTG_PTG10to100.root
2026-05-29 18:21:11,229 - INFO - [2022] MISSING_CENTRAL: SR1E2Mu/Central/bjets/3/energy in Skim_TriLep_TTG_PTG100to200.root
2026-05-29 18:21:11,230 - INFO - [2022] MISSING_CENTRAL: SR1E2Mu/Central/bjets/3/energy in Skim_TriLep_TTG_PTG200toInf.root
2026-05-29 18:21:11,336 - INFO - [2022] MISSING_CENTRAL: SR1E2Mu/Central/bjets/3/energy in Skim_TriLep_WZTo3LNu_powheg.root
2026-05-29 18:21:11,336 - INFO - [2022] MISSING_CENTRAL: SR1E2Mu/Central/bjets/3/energy in Skim_TriLep_ZZTo4L_powheg.root
2026-05-29 18:21:11,355 - INFO - [2022] MISSING_CENTRAL: SR1E2Mu/Central/bjets/3/energy in Skim_TriLep_WWW.root
2026-05-29 18:21:11,356 - INFO - [2022] MISSING_CENTRAL: SR1E2Mu/Central/bjets/3/energy in Skim_TriLep_WWZ.root
2026-05-29 18:21:11,357 - INFO - [2022] MISSING_CENTRAL: SR1E2Mu/Central/bjets/3/energy in Skim_TriLep_WZZ.root
2026-05-29 18:21:11,357 - INFO - [2022] MISSING_CENTRAL: SR1E2Mu/Central/bjets/3/energy in Skim_TriLep_ZZZ.root
2026-05-29 18:21:11,378 - INFO - [2022] MISSING_CENTRAL: SR1E2Mu/Central/bjets/3/energy in Skim_TriLep_VBFHToZZTo4L.root
2026-05-29 18:21:11,379 - INFO - [2022] MISSING_CENTRAL: SR1E2Mu/Central/bjets/3/energy in Skim_TriLep_ggHToZZTo4L.root
2026-05-29 18:21:11,380 - INFO - [2022EE] MISSING_CENTRAL: SR1E2Mu/Central/bjets/3/energy in Skim_TriLep_MuonEG_E.root
2026-05-29 18:21:11,381 - INFO - [2022EE] MISSING_CENTRAL: SR1E2Mu/Central/bjets/3/energy in Skim_TriLep_MuonEG_G.root
2026-05-29 18:21:11,381 - INFO - [2022EE] MISSING_CENTRAL: SR1E2Mu/Central/bjets/3/energy in Skim_TriLep_DYJets.root
2026-05-29 18:21:11,382 - INFO - [2022EE] MISSING_CENTRAL: SR1E2Mu/Central/bjets/3/energy in Skim_TriLep_DYJets10to50.root
2026-05-29 18:21:11,402 - INFO - [2022EE] MISSING_CENTRAL: SR1E2Mu/Central/bjets/3/energy in Skim_TriLep_TTG_PTG100to200.root
2026-05-29 18:21:11,403 - INFO - [2022EE] MISSING_CENTRAL: SR1E2Mu/Central/bjets/3/energy in Skim_TriLep_TTG_PTG200toInf.root
2026-05-29 18:21:11,403 - INFO - [2022EE] MISSING_CENTRAL: SR1E2Mu/Central/bjets/3/energy in Skim_TriLep_TTWToLNu.root
2026-05-29 18:21:11,546 - INFO - [2022EE] MISSING_CENTRAL: SR1E2Mu/Central/bjets/3/energy in Skim_TriLep_WWW.root
2026-05-29 18:21:11,547 - INFO - [2022EE] MISSING_CENTRAL: SR1E2Mu/Central/bjets/3/energy in Skim_TriLep_WWZ.root
2026-05-29 18:21:11,567 - INFO - [2022EE] MISSING_CENTRAL: SR1E2Mu/Central/bjets/3/energy in Skim_TriLep_ZZZ.root
2026-05-29 18:21:11,590 - INFO - [2022EE] MISSING_CENTRAL: SR1E2Mu/Central/bjets/3/energy in Skim_TriLep_VBFHToZZTo4L.root
2026-05-29 18:21:11,591 - INFO - [2022EE] MISSING_CENTRAL: SR1E2Mu/Central/bjets/3/energy in Skim_TriLep_ggHToZZTo4L.root
2026-05-29 18:21:11,592 - INFO - [2023] MISSING_CENTRAL: SR1E2Mu/Central/bjets/3/energy in Skim_TriLep_MuonEG_C_v1.root
2026-05-29 18:21:11,592 - INFO - [2023] MISSING_CENTRAL: SR1E2Mu/Central/bjets/3/energy in Skim_TriLep_MuonEG_C_v2.root
2026-05-29 18:21:11,593 - INFO - [2023] MISSING_CENTRAL: SR1E2Mu/Central/bjets/3/energy in Skim_TriLep_MuonEG_C_v3.root
2026-05-29 18:21:11,595 - INFO - [2023] MISSING_CENTRAL: SR1E2Mu/Central/bjets/3/energy in Skim_TriLep_DYJets.root
2026-05-29 18:21:11,595 - INFO - [2023] MISSING_CENTRAL: SR1E2Mu/Central/bjets/3/energy in Skim_TriLep_DYJets10to50.root
2026-05-29 18:21:11,596 - INFO - [2023] MISSING_CENTRAL: SR1E2Mu/Central/bjets/3/energy in Skim_TriLep_TTG_PTG10to100.root
2026-05-29 18:21:11,597 - INFO - [2023] MISSING_CENTRAL: SR1E2Mu/Central/bjets/3/energy in Skim_TriLep_TTG_PTG100to200.root
2026-05-29 18:21:11,597 - INFO - [2023] MISSING_CENTRAL: SR1E2Mu/Central/bjets/3/energy in Skim_TriLep_TTG_PTG200toInf.root
2026-05-29 18:21:11,700 - INFO - [2023] MISSING_CENTRAL: SR1E2Mu/Central/bjets/3/energy in Skim_TriLep_WZTo3LNu_powheg.root
2026-05-29 18:21:11,701 - INFO - [2023] MISSING_CENTRAL: SR1E2Mu/Central/bjets/3/energy in Skim_TriLep_ZZTo4L_powheg.root
2026-05-29 18:21:11,723 - INFO - [2023] MISSING_CENTRAL: SR1E2Mu/Central/bjets/3/energy in Skim_TriLep_WWW.root
2026-05-29 18:21:11,808 - INFO - [2023] MISSING_CENTRAL: SR1E2Mu/Central/bjets/3/energy in Skim_TriLep_VBFHToZZTo4L.root
2026-05-29 18:21:11,809 - INFO - [2023] MISSING_CENTRAL: SR1E2Mu/Central/bjets/3/energy in Skim_TriLep_ggHToZZTo4L.root
2026-05-29 18:21:11,810 - INFO - [2023BPix] MISSING_CENTRAL: SR1E2Mu/Central/bjets/3/energy in Skim_TriLep_MuonEG_D_v2.root
2026-05-29 18:21:11,811 - INFO - [2023BPix] MISSING_CENTRAL: SR1E2Mu/Central/bjets/3/energy in Skim_TriLep_DYJets.root
2026-05-29 18:21:11,812 - INFO - [2023BPix] MISSING_CENTRAL: SR1E2Mu/Central/bjets/3/energy in Skim_TriLep_DYJets10to50.root
2026-05-29 18:21:11,812 - INFO - [2023BPix] MISSING_CENTRAL: SR1E2Mu/Central/bjets/3/energy in Skim_TriLep_TTG_PTG10to100.root
2026-05-29 18:21:11,813 - INFO - [2023BPix] MISSING_CENTRAL: SR1E2Mu/Central/bjets/3/energy in Skim_TriLep_TTG_PTG100to200.root
2026-05-29 18:21:11,814 - INFO - [2023BPix] MISSING_CENTRAL: SR1E2Mu/Central/bjets/3/energy in Skim_TriLep_TTG_PTG200toInf.root
2026-05-29 18:21:11,917 - INFO - [2023BPix] MISSING_CENTRAL: SR1E2Mu/Central/bjets/3/energy in Skim_TriLep_WZTo3LNu_powheg.root
2026-05-29 18:21:11,918 - INFO - [2023BPix] MISSING_CENTRAL: SR1E2Mu/Central/bjets/3/energy in Skim_TriLep_ZZTo4L_powheg.root
2026-05-29 18:21:11,939 - INFO - [2023BPix] MISSING_CENTRAL: SR1E2Mu/Central/bjets/3/energy in Skim_TriLep_WWW.root
2026-05-29 18:21:11,939 - INFO - [2023BPix] MISSING_CENTRAL: SR1E2Mu/Central/bjets/3/energy in Skim_TriLep_WWZ.root
2026-05-29 18:21:12,002 - INFO - [2023BPix] MISSING_CENTRAL: SR1E2Mu/Central/bjets/3/energy in Skim_TriLep_VBFHToZZTo4L.root
2026-05-29 18:21:12,003 - INFO - [2023BPix] MISSING_CENTRAL: SR1E2Mu/Central/bjets/3/energy in Skim_TriLep_ggHToZZTo4L.root
2026-05-29 18:31:07,247 - INFO - [2022] MISSING_CENTRAL: SR1E2Mu/Central/bjets/3/energy in Skim_TriLep_MuonEG_C.root
2026-05-29 18:31:07,248 - INFO - [2022] MISSING_CENTRAL: SR1E2Mu/Central/bjets/3/energy in Skim_TriLep_MuonEG_D.root
2026-05-29 18:31:07,249 - INFO - [2022EE] MISSING_CENTRAL: SR1E2Mu/Central/bjets/3/energy in Skim_TriLep_MuonEG_E.root
2026-05-29 18:31:07,249 - INFO - [2022EE] MISSING_CENTRAL: SR1E2Mu/Central/bjets/3/energy in Skim_TriLep_MuonEG_F.root
2026-05-29 18:31:07,250 - INFO - [2022EE] MISSING_CENTRAL: SR1E2Mu/Central/bjets/3/energy in Skim_TriLep_MuonEG_G.root
2026-05-29 18:31:07,250 - INFO - [2023] MISSING_CENTRAL: SR1E2Mu/Central/bjets/3/energy in Skim_TriLep_MuonEG_C_v1.root
2026-05-29 18:31:07,251 - INFO - [2023] MISSING_CENTRAL: SR1E2Mu/Central/bjets/3/energy in Skim_TriLep_MuonEG_C_v2.root
2026-05-29 18:31:07,251 - INFO - [2023] MISSING_CENTRAL: SR1E2Mu/Central/bjets/3/energy in Skim_TriLep_MuonEG_C_v3.root
2026-05-29 18:31:07,310 - INFO - [2023BPix] MISSING_CENTRAL: SR1E2Mu/Central/bjets/3/energy in Skim_TriLep_MuonEG_D_v1.root
2026-05-29 18:31:07,311 - INFO - [2023BPix] MISSING_CENTRAL: SR1E2Mu/Central/bjets/3/energy in Skim_TriLep_MuonEG_D_v2.root
2026-05-29 18:31:07,319 - INFO - [2022] MISSING_CENTRAL: SR1E2Mu/Central/bjets/3/energy in Skim_TriLep_MuonEG_D.root
2026-05-29 18:31:07,320 - INFO - [2022] MISSING_CENTRAL: SR1E2Mu/Central/bjets/3/energy in Skim_TriLep_DYJets.root
2026-05-29 18:31:07,320 - INFO - [2022] MISSING_CENTRAL: SR1E2Mu/Central/bjets/3/energy in Skim_TriLep_DYJets10to50.root
2026-05-29 18:31:07,321 - INFO - [2022] MISSING_CENTRAL: SR1E2Mu/Central/bjets/3/energy in Skim_TriLep_TTG_PTG10to100.root
2026-05-29 18:31:07,321 - INFO - [2022] MISSING_CENTRAL: SR1E2Mu/Central/bjets/3/energy in Skim_TriLep_TTG_PTG100to200.root
2026-05-29 18:31:07,322 - INFO - [2022] MISSING_CENTRAL: SR1E2Mu/Central/bjets/3/energy in Skim_TriLep_TTG_PTG200toInf.root
2026-05-29 18:31:07,427 - INFO - [2022] MISSING_CENTRAL: SR1E2Mu/Central/bjets/3/energy in Skim_TriLep_WZTo3LNu_powheg.root
2026-05-29 18:31:07,428 - INFO - [2022] MISSING_CENTRAL: SR1E2Mu/Central/bjets/3/energy in Skim_TriLep_ZZTo4L_powheg.root
2026-05-29 18:31:07,447 - INFO - [2022] MISSING_CENTRAL: SR1E2Mu/Central/bjets/3/energy in Skim_TriLep_WWW.root
2026-05-29 18:31:07,448 - INFO - [2022] MISSING_CENTRAL: SR1E2Mu/Central/bjets/3/energy in Skim_TriLep_WWZ.root
2026-05-29 18:31:07,448 - INFO - [2022] MISSING_CENTRAL: SR1E2Mu/Central/bjets/3/energy in Skim_TriLep_WZZ.root
2026-05-29 18:31:07,449 - INFO - [2022] MISSING_CENTRAL: SR1E2Mu/Central/bjets/3/energy in Skim_TriLep_ZZZ.root
2026-05-29 18:31:07,470 - INFO - [2022] MISSING_CENTRAL: SR1E2Mu/Central/bjets/3/energy in Skim_TriLep_VBFHToZZTo4L.root
2026-05-29 18:31:07,471 - INFO - [2022] MISSING_CENTRAL: SR1E2Mu/Central/bjets/3/energy in Skim_TriLep_ggHToZZTo4L.root
2026-05-29 18:31:07,471 - INFO - [2022EE] MISSING_CENTRAL: SR1E2Mu/Central/bjets/3/energy in Skim_TriLep_MuonEG_E.root
2026-05-29 18:31:07,473 - INFO - [2022EE] MISSING_CENTRAL: SR1E2Mu/Central/bjets/3/energy in Skim_TriLep_MuonEG_G.root
2026-05-29 18:31:07,473 - INFO - [2022EE] MISSING_CENTRAL: SR1E2Mu/Central/bjets/3/energy in Skim_TriLep_DYJets.root
2026-05-29 18:31:07,474 - INFO - [2022EE] MISSING_CENTRAL: SR1E2Mu/Central/bjets/3/energy in Skim_TriLep_DYJets10to50.root
2026-05-29 18:31:07,494 - INFO - [2022EE] MISSING_CENTRAL: SR1E2Mu/Central/bjets/3/energy in Skim_TriLep_TTG_PTG100to200.root
2026-05-29 18:31:07,495 - INFO - [2022EE] MISSING_CENTRAL: SR1E2Mu/Central/bjets/3/energy in Skim_TriLep_TTG_PTG200toInf.root
2026-05-29 18:31:07,495 - INFO - [2022EE] MISSING_CENTRAL: SR1E2Mu/Central/bjets/3/energy in Skim_TriLep_TTWToLNu.root
2026-05-29 18:31:07,633 - INFO - [2022EE] MISSING_CENTRAL: SR1E2Mu/Central/bjets/3/energy in Skim_TriLep_WWW.root
2026-05-29 18:31:07,634 - INFO - [2022EE] MISSING_CENTRAL: SR1E2Mu/Central/bjets/3/energy in Skim_TriLep_WWZ.root
2026-05-29 18:31:07,654 - INFO - [2022EE] MISSING_CENTRAL: SR1E2Mu/Central/bjets/3/energy in Skim_TriLep_ZZZ.root
2026-05-29 18:31:07,677 - INFO - [2022EE] MISSING_CENTRAL: SR1E2Mu/Central/bjets/3/energy in Skim_TriLep_VBFHToZZTo4L.root
2026-05-29 18:31:07,677 - INFO - [2022EE] MISSING_CENTRAL: SR1E2Mu/Central/bjets/3/energy in Skim_TriLep_ggHToZZTo4L.root
2026-05-29 18:31:07,678 - INFO - [2023] MISSING_CENTRAL: SR1E2Mu/Central/bjets/3/energy in Skim_TriLep_MuonEG_C_v1.root
2026-05-29 18:31:07,678 - INFO - [2023] MISSING_CENTRAL: SR1E2Mu/Central/bjets/3/energy in Skim_TriLep_MuonEG_C_v2.root
2026-05-29 18:31:07,679 - INFO - [2023] MISSING_CENTRAL: SR1E2Mu/Central/bjets/3/energy in Skim_TriLep_MuonEG_C_v3.root
2026-05-29 18:31:07,681 - INFO - [2023] MISSING_CENTRAL: SR1E2Mu/Central/bjets/3/energy in Skim_TriLep_DYJets.root
2026-05-29 18:31:07,682 - INFO - [2023] MISSING_CENTRAL: SR1E2Mu/Central/bjets/3/energy in Skim_TriLep_DYJets10to50.root
2026-05-29 18:31:07,682 - INFO - [2023] MISSING_CENTRAL: SR1E2Mu/Central/bjets/3/energy in Skim_TriLep_TTG_PTG10to100.root
2026-05-29 18:31:07,683 - INFO - [2023] MISSING_CENTRAL: SR1E2Mu/Central/bjets/3/energy in Skim_TriLep_TTG_PTG100to200.root
2026-05-29 18:31:07,684 - INFO - [2023] MISSING_CENTRAL: SR1E2Mu/Central/bjets/3/energy in Skim_TriLep_TTG_PTG200toInf.root
2026-05-29 18:31:07,784 - INFO - [2023] MISSING_CENTRAL: SR1E2Mu/Central/bjets/3/energy in Skim_TriLep_WZTo3LNu_powheg.root
2026-05-29 18:31:07,785 - INFO - [2023] MISSING_CENTRAL: SR1E2Mu/Central/bjets/3/energy in Skim_TriLep_ZZTo4L_powheg.root
2026-05-29 18:31:07,807 - INFO - [2023] MISSING_CENTRAL: SR1E2Mu/Central/bjets/3/energy in Skim_TriLep_WWW.root
2026-05-29 18:31:07,888 - INFO - [2023] MISSING_CENTRAL: SR1E2Mu/Central/bjets/3/energy in Skim_TriLep_VBFHToZZTo4L.root
2026-05-29 18:31:07,889 - INFO - [2023] MISSING_CENTRAL: SR1E2Mu/Central/bjets/3/energy in Skim_TriLep_ggHToZZTo4L.root
2026-05-29 18:31:07,891 - INFO - [2023BPix] MISSING_CENTRAL: SR1E2Mu/Central/bjets/3/energy in Skim_TriLep_MuonEG_D_v2.root
2026-05-29 18:31:07,892 - INFO - [2023BPix] MISSING_CENTRAL: SR1E2Mu/Central/bjets/3/energy in Skim_TriLep_DYJets.root
2026-05-29 18:31:07,892 - INFO - [2023BPix] MISSING_CENTRAL: SR1E2Mu/Central/bjets/3/energy in Skim_TriLep_DYJets10to50.root
2026-05-29 18:31:07,893 - INFO - [2023BPix] MISSING_CENTRAL: SR1E2Mu/Central/bjets/3/energy in Skim_TriLep_TTG_PTG10to100.root
2026-05-29 18:31:07,894 - INFO - [2023BPix] MISSING_CENTRAL: SR1E2Mu/Central/bjets/3/energy in Skim_TriLep_TTG_PTG100to200.root
2026-05-29 18:31:07,894 - INFO - [2023BPix] MISSING_CENTRAL: SR1E2Mu/Central/bjets/3/energy in Skim_TriLep_TTG_PTG200toInf.root
2026-05-29 18:31:07,996 - INFO - [2023BPix] MISSING_CENTRAL: SR1E2Mu/Central/bjets/3/energy in Skim_TriLep_WZTo3LNu_powheg.root
2026-05-29 18:31:07,997 - INFO - [2023BPix] MISSING_CENTRAL: SR1E2Mu/Central/bjets/3/energy in Skim_TriLep_ZZTo4L_powheg.root
2026-05-29 18:31:08,018 - INFO - [2023BPix] MISSING_CENTRAL: SR1E2Mu/Central/bjets/3/energy in Skim_TriLep_WWW.root
2026-05-29 18:31:08,019 - INFO - [2023BPix] MISSING_CENTRAL: SR1E2Mu/Central/bjets/3/energy in Skim_TriLep_WWZ.root
2026-05-29 18:31:08,083 - INFO - [2023BPix] MISSING_CENTRAL: SR1E2Mu/Central/bjets/3/energy in Skim_TriLep_VBFHToZZTo4L.root
2026-05-29 18:31:08,084 - INFO - [2023BPix] MISSING_CENTRAL: SR1E2Mu/Central/bjets/3/energy in Skim_TriLep_ggHToZZTo4L.root
