2025-09-24 16:10:28,620 - INFO - [2022] MISSING_CENTRAL: SR1E2Mu/Central/jets/4/pt in Skim_TriLep_MuonEG_D.root
2025-09-24 16:10:28,660 - INFO - [2022EE] MISSING_CENTRAL: SR1E2Mu/Central/jets/4/pt in Skim_TriLep_MuonEG_G.root
2025-09-24 16:10:28,664 - INFO - [2023] MISSING_CENTRAL: SR1E2Mu/Central/jets/4/pt in Skim_TriLep_MuonEG_C_v2.root
2025-09-24 16:10:28,665 - INFO - [2023] MISSING_CENTRAL: SR1E2Mu/Central/jets/4/pt in Skim_TriLep_MuonEG_C_v3.root
2025-09-24 16:10:28,665 - INFO - [2023BPix] MISSING_CENTRAL: SR1E2Mu/Central/jets/4/pt in Skim_TriLep_MuonEG_D_v1.root
2025-09-24 16:10:28,665 - INFO - [2023BPix] MISSING_CENTRAL: SR1E2Mu/Central/jets/4/pt in Skim_TriLep_MuonEG_D_v2.root
2025-09-24 16:10:28,681 - INFO - [2022] MISSING_CENTRAL: SR1E2Mu/Central/jets/4/pt in Skim_TriLep_MuonEG_D.root
2025-09-24 16:10:28,682 - INFO - [2022] MISSING_CENTRAL: SR1E2Mu/Central/jets/4/pt in Skim_TriLep_DYJets.root
2025-09-24 16:10:28,682 - INFO - [2022] MISSING_CENTRAL: SR1E2Mu/Central/jets/4/pt in Skim_TriLep_DYJets10to50.root
2025-09-24 16:10:28,682 - INFO - [2022] MISSING_CENTRAL: SR1E2Mu/Central/jets/4/pt in Skim_TriLep_DYGTo2LG_MLL4to50_PTG10to100.root
2025-09-24 16:10:28,682 - INFO - [2022] MISSING_CENTRAL: SR1E2Mu/Central/jets/4/pt in Skim_TriLep_DYGTo2LG_MLL4to50_PTG100to200.root
2025-09-24 16:10:28,683 - INFO - [2022] MISSING_CENTRAL: SR1E2Mu/Central/jets/4/pt in Skim_TriLep_DYGTo2LG_MLL4to50_PTG200toInf.root
2025-09-24 16:10:28,683 - INFO - [2022] MISSING_CENTRAL: SR1E2Mu/Central/jets/4/pt in Skim_TriLep_DYGTo2LG_MLL50_PTG10to100.root
2025-09-24 16:10:28,683 - INFO - [2022] MISSING_CENTRAL: SR1E2Mu/Central/jets/4/pt in Skim_TriLep_DYGTo2LG_MLL50_PTG100to200.root
2025-09-24 16:10:28,684 - INFO - [2022] MISSING_CENTRAL: SR1E2Mu/Central/jets/4/pt in Skim_TriLep_DYGTo2LG_MLL50_PTG200toInf.root
2025-09-24 16:10:28,684 - INFO - [2022] MISSING_CENTRAL: SR1E2Mu/Central/jets/4/pt in Skim_TriLep_TTG_PTG10to100.root
2025-09-24 16:10:28,684 - INFO - [2022] MISSING_CENTRAL: SR1E2Mu/Central/jets/4/pt in Skim_TriLep_TTG_PTG100to200.root
2025-09-24 16:10:28,730 - INFO - [2022] MISSING_CENTRAL: SR1E2Mu/Central/jets/4/pt in Skim_TriLep_WZTo3LNu_powheg.root
2025-09-24 16:10:28,731 - INFO - [2022] MISSING_CENTRAL: SR1E2Mu/Central/jets/4/pt in Skim_TriLep_ZZTo4L_powheg.root
2025-09-24 16:10:28,768 - INFO - [2022] MISSING_CENTRAL: SR1E2Mu/Central/jets/4/pt in Skim_TriLep_WWW.root
2025-09-24 16:10:28,809 - INFO - [2022] MISSING_CENTRAL: SR1E2Mu/Central/jets/4/pt in Skim_TriLep_VBFHToZZTo4L.root
2025-09-24 16:10:28,809 - INFO - [2022] MISSING_CENTRAL: SR1E2Mu/Central/jets/4/pt in Skim_TriLep_ggHToZZTo4L.root
2025-09-24 16:10:28,809 - INFO - [2022EE] MISSING_CENTRAL: SR1E2Mu/Central/jets/4/pt in Skim_TriLep_MuonEG_E.root
2025-09-24 16:10:28,812 - INFO - [2022EE] MISSING_CENTRAL: SR1E2Mu/Central/jets/4/pt in Skim_TriLep_DYJets.root
2025-09-24 16:10:28,812 - INFO - [2022EE] MISSING_CENTRAL: SR1E2Mu/Central/jets/4/pt in Skim_TriLep_DYJets10to50.root
2025-09-24 16:10:28,816 - INFO - [2022EE] MISSING_CENTRAL: SR1E2Mu/Central/jets/4/pt in Skim_TriLep_DYGTo2LG_MLL4to50_PTG10to100.root
2025-09-24 16:10:28,816 - INFO - [2022EE] MISSING_CENTRAL: SR1E2Mu/Central/jets/4/pt in Skim_TriLep_DYGTo2LG_MLL4to50_PTG100to200.root
2025-09-24 16:10:28,823 - INFO - [2022EE] MISSING_CENTRAL: SR1E2Mu/Central/jets/4/pt in Skim_TriLep_DYGTo2LG_MLL4to50_PTG200toInf.root
2025-09-24 16:10:28,845 - INFO - [2022EE] MISSING_CENTRAL: SR1E2Mu/Central/jets/4/pt in Skim_TriLep_DYGTo2LG_MLL50_PTG100to200.root
2025-09-24 16:10:28,846 - INFO - [2022EE] MISSING_CENTRAL: SR1E2Mu/Central/jets/4/pt in Skim_TriLep_DYGTo2LG_MLL50_PTG200toInf.root
2025-09-24 16:10:29,125 - INFO - [2022EE] MISSING_CENTRAL: SR1E2Mu/Central/jets/4/pt in Skim_TriLep_WZTo3LNu_powheg.root
2025-09-24 16:10:29,181 - INFO - [2022EE] MISSING_CENTRAL: SR1E2Mu/Central/jets/4/pt in Skim_TriLep_WWW.root
2025-09-24 16:10:29,294 - INFO - [2023] MISSING_CENTRAL: SR1E2Mu/Central/jets/4/pt in Skim_TriLep_DYJets.root
2025-09-24 16:10:29,300 - INFO - [2023] MISSING_CENTRAL: SR1E2Mu/Central/jets/4/pt in Skim_TriLep_DYJets10to50.root
2025-09-24 16:10:29,300 - INFO - [2023] MISSING_CENTRAL: SR1E2Mu/Central/jets/4/pt in Skim_TriLep_DYGTo2LG_MLL4to50_PTG10to100.root
2025-09-24 16:10:29,300 - INFO - [2023] MISSING_CENTRAL: SR1E2Mu/Central/jets/4/pt in Skim_TriLep_DYGTo2LG_MLL4to50_PTG100to200.root
2025-09-24 16:10:29,301 - INFO - [2023] MISSING_CENTRAL: SR1E2Mu/Central/jets/4/pt in Skim_TriLep_DYGTo2LG_MLL4to50_PTG200toInf.root
2025-09-24 16:10:29,301 - INFO - [2023] MISSING_CENTRAL: SR1E2Mu/Central/jets/4/pt in Skim_TriLep_DYGTo2LG_MLL50_PTG10to100.root
2025-09-24 16:10:29,301 - INFO - [2023] MISSING_CENTRAL: SR1E2Mu/Central/jets/4/pt in Skim_TriLep_DYGTo2LG_MLL50_PTG100to200.root
2025-09-24 16:10:29,302 - INFO - [2023] MISSING_CENTRAL: SR1E2Mu/Central/jets/4/pt in Skim_TriLep_DYGTo2LG_MLL50_PTG200to400.root
2025-09-24 16:10:29,306 - INFO - [2023] MISSING_CENTRAL: SR1E2Mu/Central/jets/4/pt in Skim_TriLep_DYGTo2LG_MLL50_PTG400to600.root
2025-09-24 16:10:29,310 - INFO - [2023] MISSING_CENTRAL: SR1E2Mu/Central/jets/4/pt in Skim_TriLep_DYGTo2LG_MLL50_PTG600toInf.root
2025-09-24 16:10:29,414 - INFO - [2023] MISSING_CENTRAL: SR1E2Mu/Central/jets/4/pt in Skim_TriLep_TTG_PTG100to200.root
2025-09-24 16:10:29,485 - INFO - [2023] MISSING_CENTRAL: SR1E2Mu/Central/jets/4/pt in Skim_TriLep_WZTo3LNu_powheg.root
2025-09-24 16:10:29,553 - INFO - [2023] MISSING_CENTRAL: SR1E2Mu/Central/jets/4/pt in Skim_TriLep_WWW.root
2025-09-24 16:10:29,630 - INFO - [2023] MISSING_CENTRAL: SR1E2Mu/Central/jets/4/pt in Skim_TriLep_VBFHToZZTo4L.root
2025-09-24 16:10:29,630 - INFO - [2023] MISSING_CENTRAL: SR1E2Mu/Central/jets/4/pt in Skim_TriLep_ggHToZZTo4L.root
2025-09-24 16:10:29,631 - INFO - [2023BPix] MISSING_CENTRAL: SR1E2Mu/Central/jets/4/pt in Skim_TriLep_MuonEG_D_v2.root
2025-09-24 16:10:29,631 - INFO - [2023BPix] MISSING_CENTRAL: SR1E2Mu/Central/jets/4/pt in Skim_TriLep_DYJets.root
2025-09-24 16:10:29,632 - INFO - [2023BPix] MISSING_CENTRAL: SR1E2Mu/Central/jets/4/pt in Skim_TriLep_DYJets10to50.root
2025-09-24 16:10:29,632 - INFO - [2023BPix] MISSING_CENTRAL: SR1E2Mu/Central/jets/4/pt in Skim_TriLep_DYGTo2LG_MLL4to50_PTG10to100.root
2025-09-24 16:10:29,633 - INFO - [2023BPix] MISSING_CENTRAL: SR1E2Mu/Central/jets/4/pt in Skim_TriLep_DYGTo2LG_MLL4to50_PTG100to200.root
2025-09-24 16:10:29,633 - INFO - [2023BPix] MISSING_CENTRAL: SR1E2Mu/Central/jets/4/pt in Skim_TriLep_DYGTo2LG_MLL4to50_PTG200toInf.root
2025-09-24 16:10:29,633 - INFO - [2023BPix] MISSING_CENTRAL: SR1E2Mu/Central/jets/4/pt in Skim_TriLep_DYGTo2LG_MLL50_PTG10to100.root
2025-09-24 16:10:29,634 - INFO - [2023BPix] MISSING_CENTRAL: SR1E2Mu/Central/jets/4/pt in Skim_TriLep_DYGTo2LG_MLL50_PTG100to200.root
2025-09-24 16:10:29,634 - INFO - [2023BPix] MISSING_CENTRAL: SR1E2Mu/Central/jets/4/pt in Skim_TriLep_DYGTo2LG_MLL50_PTG200to400.root
2025-09-24 16:10:29,634 - INFO - [2023BPix] MISSING_CENTRAL: SR1E2Mu/Central/jets/4/pt in Skim_TriLep_DYGTo2LG_MLL50_PTG400to600.root
2025-09-24 16:10:29,635 - INFO - [2023BPix] MISSING_CENTRAL: SR1E2Mu/Central/jets/4/pt in Skim_TriLep_DYGTo2LG_MLL50_PTG600toInf.root
2025-09-24 16:10:29,635 - INFO - [2023BPix] MISSING_CENTRAL: SR1E2Mu/Central/jets/4/pt in Skim_TriLep_TTG_PTG10to100.root
2025-09-24 16:10:29,635 - INFO - [2023BPix] MISSING_CENTRAL: SR1E2Mu/Central/jets/4/pt in Skim_TriLep_TTG_PTG100to200.root
2025-09-24 16:10:29,636 - INFO - [2023BPix] MISSING_CENTRAL: SR1E2Mu/Central/jets/4/pt in Skim_TriLep_TTG_PTG200toInf.root
2025-09-24 16:10:29,705 - INFO - [2023BPix] MISSING_CENTRAL: SR1E2Mu/Central/jets/4/pt in Skim_TriLep_WZTo3LNu_powheg.root
2025-09-24 16:10:29,747 - INFO - [2023BPix] MISSING_CENTRAL: SR1E2Mu/Central/jets/4/pt in Skim_TriLep_WWW.root
2025-09-24 16:10:29,792 - INFO - [2023BPix] MISSING_CENTRAL: SR1E2Mu/Central/jets/4/pt in Skim_TriLep_VBFHToZZTo4L.root
2025-09-24 16:10:29,792 - INFO - [2023BPix] MISSING_CENTRAL: SR1E2Mu/Central/jets/4/pt in Skim_TriLep_ggHToZZTo4L.root
2025-10-02 21:24:45,209 - INFO - [2022] MISSING_CENTRAL: SR1E2Mu/Central/jets/4/pt in Skim_TriLep_MuonEG_D.root
2025-10-02 21:24:45,239 - INFO - [2022EE] MISSING_CENTRAL: SR1E2Mu/Central/jets/4/pt in Skim_TriLep_MuonEG_G.root
2025-10-02 21:24:45,256 - INFO - [2023] MISSING_CENTRAL: SR1E2Mu/Central/jets/4/pt in Skim_TriLep_MuonEG_C_v2.root
2025-10-02 21:24:45,258 - INFO - [2023] MISSING_CENTRAL: SR1E2Mu/Central/jets/4/pt in Skim_TriLep_MuonEG_C_v3.root
2025-10-02 21:24:45,260 - INFO - [2023BPix] MISSING_CENTRAL: SR1E2Mu/Central/jets/4/pt in Skim_TriLep_MuonEG_D_v1.root
2025-10-02 21:24:45,262 - INFO - [2023BPix] MISSING_CENTRAL: SR1E2Mu/Central/jets/4/pt in Skim_TriLep_MuonEG_D_v2.root
2025-10-02 21:24:45,291 - INFO - [2022] MISSING_CENTRAL: SR1E2Mu/Central/jets/4/pt in Skim_TriLep_MuonEG_D.root
2025-10-02 21:24:45,292 - INFO - [2022] MISSING_CENTRAL: SR1E2Mu/Central/jets/4/pt in Skim_TriLep_DYJets.root
2025-10-02 21:24:45,293 - INFO - [2022] MISSING_CENTRAL: SR1E2Mu/Central/jets/4/pt in Skim_TriLep_DYJets10to50.root
2025-10-02 21:24:45,294 - INFO - [2022] MISSING_CENTRAL: SR1E2Mu/Central/jets/4/pt in Skim_TriLep_DYGTo2LG_MLL4to50_PTG10to100.root
2025-10-02 21:24:45,295 - INFO - [2022] MISSING_CENTRAL: SR1E2Mu/Central/jets/4/pt in Skim_TriLep_DYGTo2LG_MLL4to50_PTG100to200.root
2025-10-02 21:24:45,296 - INFO - [2022] MISSING_CENTRAL: SR1E2Mu/Central/jets/4/pt in Skim_TriLep_DYGTo2LG_MLL4to50_PTG200toInf.root
2025-10-02 21:24:45,297 - INFO - [2022] MISSING_CENTRAL: SR1E2Mu/Central/jets/4/pt in Skim_TriLep_DYGTo2LG_MLL50_PTG10to100.root
2025-10-02 21:24:45,299 - INFO - [2022] MISSING_CENTRAL: SR1E2Mu/Central/jets/4/pt in Skim_TriLep_DYGTo2LG_MLL50_PTG100to200.root
2025-10-02 21:24:45,300 - INFO - [2022] MISSING_CENTRAL: SR1E2Mu/Central/jets/4/pt in Skim_TriLep_DYGTo2LG_MLL50_PTG200toInf.root
2025-10-02 21:24:45,301 - INFO - [2022] MISSING_CENTRAL: SR1E2Mu/Central/jets/4/pt in Skim_TriLep_TTG_PTG10to100.root
2025-10-02 21:24:45,302 - INFO - [2022] MISSING_CENTRAL: SR1E2Mu/Central/jets/4/pt in Skim_TriLep_TTG_PTG100to200.root
2025-10-02 21:24:45,413 - INFO - [2022] MISSING_CENTRAL: SR1E2Mu/Central/jets/4/pt in Skim_TriLep_WZTo3LNu_powheg.root
2025-10-02 21:24:45,415 - INFO - [2022] MISSING_CENTRAL: SR1E2Mu/Central/jets/4/pt in Skim_TriLep_ZZTo4L_powheg.root
2025-10-02 21:24:45,482 - INFO - [2022] MISSING_CENTRAL: SR1E2Mu/Central/jets/4/pt in Skim_TriLep_WWW.root
2025-10-02 21:24:45,563 - INFO - [2022] MISSING_CENTRAL: SR1E2Mu/Central/jets/4/pt in Skim_TriLep_VBFHToZZTo4L.root
2025-10-02 21:24:45,564 - INFO - [2022] MISSING_CENTRAL: SR1E2Mu/Central/jets/4/pt in Skim_TriLep_ggHToZZTo4L.root
2025-10-02 21:24:45,566 - INFO - [2022EE] MISSING_CENTRAL: SR1E2Mu/Central/jets/4/pt in Skim_TriLep_MuonEG_E.root
2025-10-02 21:24:45,573 - INFO - [2022EE] MISSING_CENTRAL: SR1E2Mu/Central/jets/4/pt in Skim_TriLep_DYJets.root
2025-10-02 21:24:45,575 - INFO - [2022EE] MISSING_CENTRAL: SR1E2Mu/Central/jets/4/pt in Skim_TriLep_DYJets10to50.root
2025-10-02 21:24:45,581 - INFO - [2022EE] MISSING_CENTRAL: SR1E2Mu/Central/jets/4/pt in Skim_TriLep_DYGTo2LG_MLL4to50_PTG10to100.root
2025-10-02 21:24:45,583 - INFO - [2022EE] MISSING_CENTRAL: SR1E2Mu/Central/jets/4/pt in Skim_TriLep_DYGTo2LG_MLL4to50_PTG100to200.root
2025-10-02 21:24:45,585 - INFO - [2022EE] MISSING_CENTRAL: SR1E2Mu/Central/jets/4/pt in Skim_TriLep_DYGTo2LG_MLL4to50_PTG200toInf.root
2025-10-02 21:24:45,609 - INFO - [2022EE] MISSING_CENTRAL: SR1E2Mu/Central/jets/4/pt in Skim_TriLep_DYGTo2LG_MLL50_PTG100to200.root
2025-10-02 21:24:45,612 - INFO - [2022EE] MISSING_CENTRAL: SR1E2Mu/Central/jets/4/pt in Skim_TriLep_DYGTo2LG_MLL50_PTG200toInf.root
2025-10-02 21:24:45,828 - INFO - [2022EE] MISSING_CENTRAL: SR1E2Mu/Central/jets/4/pt in Skim_TriLep_WZTo3LNu_powheg.root
2025-10-02 21:24:46,003 - INFO - [2022EE] MISSING_CENTRAL: SR1E2Mu/Central/jets/4/pt in Skim_TriLep_WWW.root
2025-10-02 21:24:46,173 - INFO - [2023] MISSING_CENTRAL: SR1E2Mu/Central/jets/4/pt in Skim_TriLep_DYJets.root
2025-10-02 21:24:46,174 - INFO - [2023] MISSING_CENTRAL: SR1E2Mu/Central/jets/4/pt in Skim_TriLep_DYJets10to50.root
2025-10-02 21:24:46,176 - INFO - [2023] MISSING_CENTRAL: SR1E2Mu/Central/jets/4/pt in Skim_TriLep_DYGTo2LG_MLL4to50_PTG10to100.root
2025-10-02 21:24:46,177 - INFO - [2023] MISSING_CENTRAL: SR1E2Mu/Central/jets/4/pt in Skim_TriLep_DYGTo2LG_MLL4to50_PTG100to200.root
2025-10-02 21:24:46,178 - INFO - [2023] MISSING_CENTRAL: SR1E2Mu/Central/jets/4/pt in Skim_TriLep_DYGTo2LG_MLL4to50_PTG200toInf.root
2025-10-02 21:24:46,180 - INFO - [2023] MISSING_CENTRAL: SR1E2Mu/Central/jets/4/pt in Skim_TriLep_DYGTo2LG_MLL50_PTG10to100.root
2025-10-02 21:24:46,181 - INFO - [2023] MISSING_CENTRAL: SR1E2Mu/Central/jets/4/pt in Skim_TriLep_DYGTo2LG_MLL50_PTG100to200.root
2025-10-02 21:24:46,183 - INFO - [2023] MISSING_CENTRAL: SR1E2Mu/Central/jets/4/pt in Skim_TriLep_DYGTo2LG_MLL50_PTG200to400.root
2025-10-02 21:24:46,184 - INFO - [2023] MISSING_CENTRAL: SR1E2Mu/Central/jets/4/pt in Skim_TriLep_DYGTo2LG_MLL50_PTG400to600.root
2025-10-02 21:24:46,185 - INFO - [2023] MISSING_CENTRAL: SR1E2Mu/Central/jets/4/pt in Skim_TriLep_DYGTo2LG_MLL50_PTG600toInf.root
2025-10-02 21:24:46,206 - INFO - [2023] MISSING_CENTRAL: SR1E2Mu/Central/jets/4/pt in Skim_TriLep_TTG_PTG100to200.root
2025-10-02 21:24:46,318 - INFO - [2023] MISSING_CENTRAL: SR1E2Mu/Central/jets/4/pt in Skim_TriLep_WZTo3LNu_powheg.root
2025-10-02 21:24:46,401 - INFO - [2023] MISSING_CENTRAL: SR1E2Mu/Central/jets/4/pt in Skim_TriLep_WWW.root
2025-10-02 21:24:46,536 - INFO - [2023] MISSING_CENTRAL: SR1E2Mu/Central/jets/4/pt in Skim_TriLep_VBFHToZZTo4L.root
2025-10-02 21:24:46,537 - INFO - [2023] MISSING_CENTRAL: SR1E2Mu/Central/jets/4/pt in Skim_TriLep_ggHToZZTo4L.root
2025-10-02 21:24:46,541 - INFO - [2023BPix] MISSING_CENTRAL: SR1E2Mu/Central/jets/4/pt in Skim_TriLep_MuonEG_D_v2.root
2025-10-02 21:24:46,543 - INFO - [2023BPix] MISSING_CENTRAL: SR1E2Mu/Central/jets/4/pt in Skim_TriLep_DYJets.root
2025-10-02 21:24:46,544 - INFO - [2023BPix] MISSING_CENTRAL: SR1E2Mu/Central/jets/4/pt in Skim_TriLep_DYJets10to50.root
2025-10-02 21:24:46,546 - INFO - [2023BPix] MISSING_CENTRAL: SR1E2Mu/Central/jets/4/pt in Skim_TriLep_DYGTo2LG_MLL4to50_PTG10to100.root
2025-10-02 21:24:46,548 - INFO - [2023BPix] MISSING_CENTRAL: SR1E2Mu/Central/jets/4/pt in Skim_TriLep_DYGTo2LG_MLL4to50_PTG100to200.root
2025-10-02 21:24:46,549 - INFO - [2023BPix] MISSING_CENTRAL: SR1E2Mu/Central/jets/4/pt in Skim_TriLep_DYGTo2LG_MLL4to50_PTG200toInf.root
2025-10-02 21:24:46,551 - INFO - [2023BPix] MISSING_CENTRAL: SR1E2Mu/Central/jets/4/pt in Skim_TriLep_DYGTo2LG_MLL50_PTG10to100.root
2025-10-02 21:24:46,553 - INFO - [2023BPix] MISSING_CENTRAL: SR1E2Mu/Central/jets/4/pt in Skim_TriLep_DYGTo2LG_MLL50_PTG100to200.root
2025-10-02 21:24:46,554 - INFO - [2023BPix] MISSING_CENTRAL: SR1E2Mu/Central/jets/4/pt in Skim_TriLep_DYGTo2LG_MLL50_PTG200to400.root
2025-10-02 21:24:46,556 - INFO - [2023BPix] MISSING_CENTRAL: SR1E2Mu/Central/jets/4/pt in Skim_TriLep_DYGTo2LG_MLL50_PTG400to600.root
2025-10-02 21:24:46,558 - INFO - [2023BPix] MISSING_CENTRAL: SR1E2Mu/Central/jets/4/pt in Skim_TriLep_DYGTo2LG_MLL50_PTG600toInf.root
2025-10-02 21:24:46,560 - INFO - [2023BPix] MISSING_CENTRAL: SR1E2Mu/Central/jets/4/pt in Skim_TriLep_TTG_PTG10to100.root
2025-10-02 21:24:46,561 - INFO - [2023BPix] MISSING_CENTRAL: SR1E2Mu/Central/jets/4/pt in Skim_TriLep_TTG_PTG100to200.root
2025-10-02 21:24:46,563 - INFO - [2023BPix] MISSING_CENTRAL: SR1E2Mu/Central/jets/4/pt in Skim_TriLep_TTG_PTG200toInf.root
2025-10-02 21:24:46,654 - INFO - [2023BPix] MISSING_CENTRAL: SR1E2Mu/Central/jets/4/pt in Skim_TriLep_WZTo3LNu_powheg.root
2025-10-02 21:24:46,716 - INFO - [2023BPix] MISSING_CENTRAL: SR1E2Mu/Central/jets/4/pt in Skim_TriLep_WWW.root
2025-10-02 21:24:46,861 - INFO - [2023BPix] MISSING_CENTRAL: SR1E2Mu/Central/jets/4/pt in Skim_TriLep_VBFHToZZTo4L.root
2025-10-02 21:24:46,865 - INFO - [2023BPix] MISSING_CENTRAL: SR1E2Mu/Central/jets/4/pt in Skim_TriLep_ggHToZZTo4L.root
2025-10-03 00:44:47,542 - INFO - [2022] MISSING_CENTRAL: SR1E2Mu/Central/jets/4/pt in Skim_TriLep_MuonEG_D.root
2025-10-03 00:44:47,575 - INFO - [2022EE] MISSING_CENTRAL: SR1E2Mu/Central/jets/4/pt in Skim_TriLep_MuonEG_G.root
2025-10-03 00:44:47,584 - INFO - [2023] MISSING_CENTRAL: SR1E2Mu/Central/jets/4/pt in Skim_TriLep_MuonEG_C_v2.root
2025-10-03 00:44:47,585 - INFO - [2023] MISSING_CENTRAL: SR1E2Mu/Central/jets/4/pt in Skim_TriLep_MuonEG_C_v3.root
2025-10-03 00:44:47,586 - INFO - [2023BPix] MISSING_CENTRAL: SR1E2Mu/Central/jets/4/pt in Skim_TriLep_MuonEG_D_v1.root
2025-10-03 00:44:47,586 - INFO - [2023BPix] MISSING_CENTRAL: SR1E2Mu/Central/jets/4/pt in Skim_TriLep_MuonEG_D_v2.root
2025-10-03 00:44:47,604 - INFO - [2022] MISSING_CENTRAL: SR1E2Mu/Central/jets/4/pt in Skim_TriLep_MuonEG_D.root
2025-10-03 00:44:47,604 - INFO - [2022] MISSING_CENTRAL: SR1E2Mu/Central/jets/4/pt in Skim_TriLep_DYJets.root
2025-10-03 00:44:47,605 - INFO - [2022] MISSING_CENTRAL: SR1E2Mu/Central/jets/4/pt in Skim_TriLep_DYJets10to50.root
2025-10-03 00:44:47,606 - INFO - [2022] MISSING_CENTRAL: SR1E2Mu/Central/jets/4/pt in Skim_TriLep_DYGTo2LG_MLL4to50_PTG10to100.root
2025-10-03 00:44:47,607 - INFO - [2022] MISSING_CENTRAL: SR1E2Mu/Central/jets/4/pt in Skim_TriLep_DYGTo2LG_MLL4to50_PTG100to200.root
2025-10-03 00:44:47,608 - INFO - [2022] MISSING_CENTRAL: SR1E2Mu/Central/jets/4/pt in Skim_TriLep_DYGTo2LG_MLL4to50_PTG200toInf.root
2025-10-03 00:44:47,608 - INFO - [2022] MISSING_CENTRAL: SR1E2Mu/Central/jets/4/pt in Skim_TriLep_DYGTo2LG_MLL50_PTG10to100.root
2025-10-03 00:44:47,609 - INFO - [2022] MISSING_CENTRAL: SR1E2Mu/Central/jets/4/pt in Skim_TriLep_DYGTo2LG_MLL50_PTG100to200.root
2025-10-03 00:44:47,609 - INFO - [2022] MISSING_CENTRAL: SR1E2Mu/Central/jets/4/pt in Skim_TriLep_DYGTo2LG_MLL50_PTG200toInf.root
2025-10-03 00:44:47,610 - INFO - [2022] MISSING_CENTRAL: SR1E2Mu/Central/jets/4/pt in Skim_TriLep_TTG_PTG10to100.root
2025-10-03 00:44:47,611 - INFO - [2022] MISSING_CENTRAL: SR1E2Mu/Central/jets/4/pt in Skim_TriLep_TTG_PTG100to200.root
2025-10-03 00:44:48,045 - INFO - [2022] MISSING_CENTRAL: SR1E2Mu/Central/jets/4/pt in Skim_TriLep_WZTo3LNu_powheg.root
2025-10-03 00:44:48,046 - INFO - [2022] MISSING_CENTRAL: SR1E2Mu/Central/jets/4/pt in Skim_TriLep_ZZTo4L_powheg.root
2025-10-03 00:44:48,116 - INFO - [2022] MISSING_CENTRAL: SR1E2Mu/Central/jets/4/pt in Skim_TriLep_WWW.root
2025-10-03 00:44:48,255 - INFO - [2022] MISSING_CENTRAL: SR1E2Mu/Central/jets/4/pt in Skim_TriLep_VBFHToZZTo4L.root
2025-10-03 00:44:48,255 - INFO - [2022] MISSING_CENTRAL: SR1E2Mu/Central/jets/4/pt in Skim_TriLep_ggHToZZTo4L.root
2025-10-03 00:44:48,257 - INFO - [2022EE] MISSING_CENTRAL: SR1E2Mu/Central/jets/4/pt in Skim_TriLep_MuonEG_E.root
2025-10-03 00:44:48,267 - INFO - [2022EE] MISSING_CENTRAL: SR1E2Mu/Central/jets/4/pt in Skim_TriLep_DYJets.root
2025-10-03 00:44:48,268 - INFO - [2022EE] MISSING_CENTRAL: SR1E2Mu/Central/jets/4/pt in Skim_TriLep_DYJets10to50.root
2025-10-03 00:44:48,269 - INFO - [2022EE] MISSING_CENTRAL: SR1E2Mu/Central/jets/4/pt in Skim_TriLep_DYGTo2LG_MLL4to50_PTG10to100.root
2025-10-03 00:44:48,270 - INFO - [2022EE] MISSING_CENTRAL: SR1E2Mu/Central/jets/4/pt in Skim_TriLep_DYGTo2LG_MLL4to50_PTG100to200.root
2025-10-03 00:44:48,271 - INFO - [2022EE] MISSING_CENTRAL: SR1E2Mu/Central/jets/4/pt in Skim_TriLep_DYGTo2LG_MLL4to50_PTG200toInf.root
2025-10-03 00:44:48,297 - INFO - [2022EE] MISSING_CENTRAL: SR1E2Mu/Central/jets/4/pt in Skim_TriLep_DYGTo2LG_MLL50_PTG100to200.root
2025-10-03 00:44:48,298 - INFO - [2022EE] MISSING_CENTRAL: SR1E2Mu/Central/jets/4/pt in Skim_TriLep_DYGTo2LG_MLL50_PTG200toInf.root
2025-10-03 00:44:48,479 - INFO - [2022EE] MISSING_CENTRAL: SR1E2Mu/Central/jets/4/pt in Skim_TriLep_WZTo3LNu_powheg.root
2025-10-03 00:44:48,561 - INFO - [2022EE] MISSING_CENTRAL: SR1E2Mu/Central/jets/4/pt in Skim_TriLep_WWW.root
2025-10-03 00:44:48,727 - INFO - [2023] MISSING_CENTRAL: SR1E2Mu/Central/jets/4/pt in Skim_TriLep_DYJets.root
2025-10-03 00:44:48,728 - INFO - [2023] MISSING_CENTRAL: SR1E2Mu/Central/jets/4/pt in Skim_TriLep_DYJets10to50.root
2025-10-03 00:44:48,729 - INFO - [2023] MISSING_CENTRAL: SR1E2Mu/Central/jets/4/pt in Skim_TriLep_DYGTo2LG_MLL4to50_PTG10to100.root
2025-10-03 00:44:48,729 - INFO - [2023] MISSING_CENTRAL: SR1E2Mu/Central/jets/4/pt in Skim_TriLep_DYGTo2LG_MLL4to50_PTG100to200.root
2025-10-03 00:44:48,730 - INFO - [2023] MISSING_CENTRAL: SR1E2Mu/Central/jets/4/pt in Skim_TriLep_DYGTo2LG_MLL4to50_PTG200toInf.root
2025-10-03 00:44:48,731 - INFO - [2023] MISSING_CENTRAL: SR1E2Mu/Central/jets/4/pt in Skim_TriLep_DYGTo2LG_MLL50_PTG10to100.root
2025-10-03 00:44:48,732 - INFO - [2023] MISSING_CENTRAL: SR1E2Mu/Central/jets/4/pt in Skim_TriLep_DYGTo2LG_MLL50_PTG100to200.root
2025-10-03 00:44:48,734 - INFO - [2023] MISSING_CENTRAL: SR1E2Mu/Central/jets/4/pt in Skim_TriLep_DYGTo2LG_MLL50_PTG200to400.root
2025-10-03 00:44:48,735 - INFO - [2023] MISSING_CENTRAL: SR1E2Mu/Central/jets/4/pt in Skim_TriLep_DYGTo2LG_MLL50_PTG400to600.root
2025-10-03 00:44:48,736 - INFO - [2023] MISSING_CENTRAL: SR1E2Mu/Central/jets/4/pt in Skim_TriLep_DYGTo2LG_MLL50_PTG600toInf.root
2025-10-03 00:44:48,761 - INFO - [2023] MISSING_CENTRAL: SR1E2Mu/Central/jets/4/pt in Skim_TriLep_TTG_PTG100to200.root
2025-10-03 00:44:48,900 - INFO - [2023] MISSING_CENTRAL: SR1E2Mu/Central/jets/4/pt in Skim_TriLep_WZTo3LNu_powheg.root
2025-10-03 00:44:48,977 - INFO - [2023] MISSING_CENTRAL: SR1E2Mu/Central/jets/4/pt in Skim_TriLep_WWW.root
2025-10-03 00:44:49,089 - INFO - [2023] MISSING_CENTRAL: SR1E2Mu/Central/jets/4/pt in Skim_TriLep_VBFHToZZTo4L.root
2025-10-03 00:44:49,090 - INFO - [2023] MISSING_CENTRAL: SR1E2Mu/Central/jets/4/pt in Skim_TriLep_ggHToZZTo4L.root
2025-10-03 00:44:49,092 - INFO - [2023BPix] MISSING_CENTRAL: SR1E2Mu/Central/jets/4/pt in Skim_TriLep_MuonEG_D_v2.root
2025-10-03 00:44:49,093 - INFO - [2023BPix] MISSING_CENTRAL: SR1E2Mu/Central/jets/4/pt in Skim_TriLep_DYJets.root
2025-10-03 00:44:49,093 - INFO - [2023BPix] MISSING_CENTRAL: SR1E2Mu/Central/jets/4/pt in Skim_TriLep_DYJets10to50.root
2025-10-03 00:44:49,094 - INFO - [2023BPix] MISSING_CENTRAL: SR1E2Mu/Central/jets/4/pt in Skim_TriLep_DYGTo2LG_MLL4to50_PTG10to100.root
2025-10-03 00:44:49,095 - INFO - [2023BPix] MISSING_CENTRAL: SR1E2Mu/Central/jets/4/pt in Skim_TriLep_DYGTo2LG_MLL4to50_PTG100to200.root
2025-10-03 00:44:49,096 - INFO - [2023BPix] MISSING_CENTRAL: SR1E2Mu/Central/jets/4/pt in Skim_TriLep_DYGTo2LG_MLL4to50_PTG200toInf.root
2025-10-03 00:44:49,097 - INFO - [2023BPix] MISSING_CENTRAL: SR1E2Mu/Central/jets/4/pt in Skim_TriLep_DYGTo2LG_MLL50_PTG10to100.root
2025-10-03 00:44:49,098 - INFO - [2023BPix] MISSING_CENTRAL: SR1E2Mu/Central/jets/4/pt in Skim_TriLep_DYGTo2LG_MLL50_PTG100to200.root
2025-10-03 00:44:49,099 - INFO - [2023BPix] MISSING_CENTRAL: SR1E2Mu/Central/jets/4/pt in Skim_TriLep_DYGTo2LG_MLL50_PTG200to400.root
2025-10-03 00:44:49,100 - INFO - [2023BPix] MISSING_CENTRAL: SR1E2Mu/Central/jets/4/pt in Skim_TriLep_DYGTo2LG_MLL50_PTG400to600.root
2025-10-03 00:44:49,101 - INFO - [2023BPix] MISSING_CENTRAL: SR1E2Mu/Central/jets/4/pt in Skim_TriLep_DYGTo2LG_MLL50_PTG600toInf.root
2025-10-03 00:44:49,101 - INFO - [2023BPix] MISSING_CENTRAL: SR1E2Mu/Central/jets/4/pt in Skim_TriLep_TTG_PTG10to100.root
2025-10-03 00:44:49,102 - INFO - [2023BPix] MISSING_CENTRAL: SR1E2Mu/Central/jets/4/pt in Skim_TriLep_TTG_PTG100to200.root
2025-10-03 00:44:49,103 - INFO - [2023BPix] MISSING_CENTRAL: SR1E2Mu/Central/jets/4/pt in Skim_TriLep_TTG_PTG200toInf.root
2025-10-03 00:44:49,218 - INFO - [2023BPix] MISSING_CENTRAL: SR1E2Mu/Central/jets/4/pt in Skim_TriLep_WZTo3LNu_powheg.root
2025-10-03 00:44:49,298 - INFO - [2023BPix] MISSING_CENTRAL: SR1E2Mu/Central/jets/4/pt in Skim_TriLep_WWW.root
2025-10-03 00:44:49,411 - INFO - [2023BPix] MISSING_CENTRAL: SR1E2Mu/Central/jets/4/pt in Skim_TriLep_VBFHToZZTo4L.root
2025-10-03 00:44:49,412 - INFO - [2023BPix] MISSING_CENTRAL: SR1E2Mu/Central/jets/4/pt in Skim_TriLep_ggHToZZTo4L.root
2025-11-07 13:15:21,550 - INFO - [2022] MISSING_FILE: /home/choij/Sync/workspace/ChargedHiggsAnalysisV3/SKNanoOutput/PromptSelector/Run1E2Mu/2022/Skim_TriLep_MuonEG_C.root
2025-11-07 13:15:21,551 - INFO - [2022] MISSING_FILE: /home/choij/Sync/workspace/ChargedHiggsAnalysisV3/SKNanoOutput/PromptSelector/Run1E2Mu/2022/Skim_TriLep_MuonEG_D.root
2025-11-07 13:15:21,551 - INFO - [2022EE] MISSING_FILE: /home/choij/Sync/workspace/ChargedHiggsAnalysisV3/SKNanoOutput/PromptSelector/Run1E2Mu/2022EE/Skim_TriLep_MuonEG_E.root
2025-11-07 13:15:21,551 - INFO - [2022EE] MISSING_FILE: /home/choij/Sync/workspace/ChargedHiggsAnalysisV3/SKNanoOutput/PromptSelector/Run1E2Mu/2022EE/Skim_TriLep_MuonEG_F.root
2025-11-07 13:15:21,551 - INFO - [2022EE] MISSING_FILE: /home/choij/Sync/workspace/ChargedHiggsAnalysisV3/SKNanoOutput/PromptSelector/Run1E2Mu/2022EE/Skim_TriLep_MuonEG_G.root
2025-11-07 13:15:21,551 - INFO - [2023] MISSING_FILE: /home/choij/Sync/workspace/ChargedHiggsAnalysisV3/SKNanoOutput/PromptSelector/Run1E2Mu/2023/Skim_TriLep_MuonEG_C_v1.root
2025-11-07 13:15:21,551 - INFO - [2023] MISSING_FILE: /home/choij/Sync/workspace/ChargedHiggsAnalysisV3/SKNanoOutput/PromptSelector/Run1E2Mu/2023/Skim_TriLep_MuonEG_C_v2.root
2025-11-07 13:15:21,552 - INFO - [2023] MISSING_FILE: /home/choij/Sync/workspace/ChargedHiggsAnalysisV3/SKNanoOutput/PromptSelector/Run1E2Mu/2023/Skim_TriLep_MuonEG_C_v3.root
2025-11-07 13:15:21,552 - INFO - [2023] MISSING_FILE: /home/choij/Sync/workspace/ChargedHiggsAnalysisV3/SKNanoOutput/PromptSelector/Run1E2Mu/2023/Skim_TriLep_MuonEG_C_v4.root
2025-11-07 13:15:21,552 - INFO - [2023BPix] MISSING_FILE: /home/choij/Sync/workspace/ChargedHiggsAnalysisV3/SKNanoOutput/PromptSelector/Run1E2Mu/2023BPix/Skim_TriLep_MuonEG_D_v1.root
2025-11-07 13:15:21,552 - INFO - [2023BPix] MISSING_FILE: /home/choij/Sync/workspace/ChargedHiggsAnalysisV3/SKNanoOutput/PromptSelector/Run1E2Mu/2023BPix/Skim_TriLep_MuonEG_D_v2.root
2025-11-07 14:12:52,643 - INFO - [2022] MISSING_FILE: /home/choij/Sync/workspace/ChargedHiggsAnalysisV3/SKNanoOutput/PromptSelector/Run1E2Mu/2022/Skim_TriLep_MuonEG_C.root
2025-11-07 14:12:52,644 - INFO - [2022] MISSING_FILE: /home/choij/Sync/workspace/ChargedHiggsAnalysisV3/SKNanoOutput/PromptSelector/Run1E2Mu/2022/Skim_TriLep_MuonEG_D.root
2025-11-07 14:12:52,644 - INFO - [2022EE] MISSING_FILE: /home/choij/Sync/workspace/ChargedHiggsAnalysisV3/SKNanoOutput/PromptSelector/Run1E2Mu/2022EE/Skim_TriLep_MuonEG_E.root
2025-11-07 14:12:52,644 - INFO - [2022EE] MISSING_FILE: /home/choij/Sync/workspace/ChargedHiggsAnalysisV3/SKNanoOutput/PromptSelector/Run1E2Mu/2022EE/Skim_TriLep_MuonEG_F.root
2025-11-07 14:12:52,644 - INFO - [2022EE] MISSING_FILE: /home/choij/Sync/workspace/ChargedHiggsAnalysisV3/SKNanoOutput/PromptSelector/Run1E2Mu/2022EE/Skim_TriLep_MuonEG_G.root
2025-11-07 14:12:52,644 - INFO - [2023] MISSING_FILE: /home/choij/Sync/workspace/ChargedHiggsAnalysisV3/SKNanoOutput/PromptSelector/Run1E2Mu/2023/Skim_TriLep_MuonEG_C_v1.root
2025-11-07 14:12:52,644 - INFO - [2023] MISSING_FILE: /home/choij/Sync/workspace/ChargedHiggsAnalysisV3/SKNanoOutput/PromptSelector/Run1E2Mu/2023/Skim_TriLep_MuonEG_C_v2.root
2025-11-07 14:12:52,644 - INFO - [2023] MISSING_FILE: /home/choij/Sync/workspace/ChargedHiggsAnalysisV3/SKNanoOutput/PromptSelector/Run1E2Mu/2023/Skim_TriLep_MuonEG_C_v3.root
2025-11-07 14:12:52,645 - INFO - [2023] MISSING_FILE: /home/choij/Sync/workspace/ChargedHiggsAnalysisV3/SKNanoOutput/PromptSelector/Run1E2Mu/2023/Skim_TriLep_MuonEG_C_v4.root
2025-11-07 14:12:52,645 - INFO - [2023BPix] MISSING_FILE: /home/choij/Sync/workspace/ChargedHiggsAnalysisV3/SKNanoOutput/PromptSelector/Run1E2Mu/2023BPix/Skim_TriLep_MuonEG_D_v1.root
2025-11-07 14:12:52,645 - INFO - [2023BPix] MISSING_FILE: /home/choij/Sync/workspace/ChargedHiggsAnalysisV3/SKNanoOutput/PromptSelector/Run1E2Mu/2023BPix/Skim_TriLep_MuonEG_D_v2.root
2025-11-10 12:29:38,839 - INFO - [2022] MISSING_CENTRAL: SR1E2Mu/Central/jets/4/pt in Skim_TriLep_MuonEG_D.root
2025-11-10 12:29:38,860 - INFO - [2022EE] MISSING_CENTRAL: SR1E2Mu/Central/jets/4/pt in Skim_TriLep_MuonEG_G.root
2025-11-10 12:29:38,870 - INFO - [2023] MISSING_CENTRAL: SR1E2Mu/Central/jets/4/pt in Skim_TriLep_MuonEG_C_v2.root
2025-11-10 12:29:38,871 - INFO - [2023] MISSING_CENTRAL: SR1E2Mu/Central/jets/4/pt in Skim_TriLep_MuonEG_C_v3.root
2025-11-10 12:29:38,872 - INFO - [2023BPix] MISSING_CENTRAL: SR1E2Mu/Central/jets/4/pt in Skim_TriLep_MuonEG_D_v1.root
2025-11-10 12:29:38,873 - INFO - [2023BPix] MISSING_CENTRAL: SR1E2Mu/Central/jets/4/pt in Skim_TriLep_MuonEG_D_v2.root
2025-11-10 12:29:38,887 - INFO - [2022] MISSING_CENTRAL: SR1E2Mu/Central/jets/4/pt in Skim_TriLep_MuonEG_D.root
2025-11-10 12:29:38,887 - INFO - [2022] MISSING_CENTRAL: SR1E2Mu/Central/jets/4/pt in Skim_TriLep_DYJets.root
2025-11-10 12:29:38,887 - INFO - [2022] MISSING_CENTRAL: SR1E2Mu/Central/jets/4/pt in Skim_TriLep_DYJets10to50.root
2025-11-10 12:29:38,888 - INFO - [2022] MISSING_CENTRAL: SR1E2Mu/Central/jets/4/pt in Skim_TriLep_DYGTo2LG_MLL4to50_PTG10to100.root
2025-11-10 12:29:38,889 - INFO - [2022] MISSING_CENTRAL: SR1E2Mu/Central/jets/4/pt in Skim_TriLep_DYGTo2LG_MLL4to50_PTG100to200.root
2025-11-10 12:29:38,889 - INFO - [2022] MISSING_CENTRAL: SR1E2Mu/Central/jets/4/pt in Skim_TriLep_DYGTo2LG_MLL4to50_PTG200toInf.root
2025-11-10 12:29:38,890 - INFO - [2022] MISSING_CENTRAL: SR1E2Mu/Central/jets/4/pt in Skim_TriLep_DYGTo2LG_MLL50_PTG10to100.root
2025-11-10 12:29:38,890 - INFO - [2022] MISSING_CENTRAL: SR1E2Mu/Central/jets/4/pt in Skim_TriLep_DYGTo2LG_MLL50_PTG100to200.root
2025-11-10 12:29:38,891 - INFO - [2022] MISSING_CENTRAL: SR1E2Mu/Central/jets/4/pt in Skim_TriLep_DYGTo2LG_MLL50_PTG200toInf.root
2025-11-10 12:29:38,892 - INFO - [2022] MISSING_CENTRAL: SR1E2Mu/Central/jets/4/pt in Skim_TriLep_TTG_PTG10to100.root
2025-11-10 12:29:38,892 - INFO - [2022] MISSING_CENTRAL: SR1E2Mu/Central/jets/4/pt in Skim_TriLep_TTG_PTG100to200.root
2025-11-10 12:29:38,950 - INFO - [2022] MISSING_CENTRAL: SR1E2Mu/Central/jets/4/pt in Skim_TriLep_WZTo3LNu_powheg.root
2025-11-10 12:29:38,983 - INFO - [2022] MISSING_CENTRAL: SR1E2Mu/Central/jets/4/pt in Skim_TriLep_WWW.root
2025-11-10 12:29:39,028 - INFO - [2022] MISSING_CENTRAL: SR1E2Mu/Central/jets/4/pt in Skim_TriLep_VBFHToZZTo4L.root
2025-11-10 12:29:39,029 - INFO - [2022] MISSING_CENTRAL: SR1E2Mu/Central/jets/4/pt in Skim_TriLep_ggHToZZTo4L.root
2025-11-10 12:29:39,029 - INFO - [2022EE] MISSING_CENTRAL: SR1E2Mu/Central/jets/4/pt in Skim_TriLep_MuonEG_E.root
2025-11-10 12:29:39,031 - INFO - [2022EE] MISSING_CENTRAL: SR1E2Mu/Central/jets/4/pt in Skim_TriLep_DYJets.root
2025-11-10 12:29:39,031 - INFO - [2022EE] MISSING_CENTRAL: SR1E2Mu/Central/jets/4/pt in Skim_TriLep_DYJets10to50.root
2025-11-10 12:29:39,032 - INFO - [2022EE] MISSING_CENTRAL: SR1E2Mu/Central/jets/4/pt in Skim_TriLep_DYGTo2LG_MLL4to50_PTG10to100.root
2025-11-10 12:29:39,033 - INFO - [2022EE] MISSING_CENTRAL: SR1E2Mu/Central/jets/4/pt in Skim_TriLep_DYGTo2LG_MLL4to50_PTG100to200.root
2025-11-10 12:29:39,033 - INFO - [2022EE] MISSING_CENTRAL: SR1E2Mu/Central/jets/4/pt in Skim_TriLep_DYGTo2LG_MLL4to50_PTG200toInf.root
2025-11-10 12:29:39,045 - INFO - [2022EE] MISSING_CENTRAL: SR1E2Mu/Central/jets/4/pt in Skim_TriLep_DYGTo2LG_MLL50_PTG100to200.root
2025-11-10 12:29:39,045 - INFO - [2022EE] MISSING_CENTRAL: SR1E2Mu/Central/jets/4/pt in Skim_TriLep_DYGTo2LG_MLL50_PTG200toInf.root
2025-11-10 12:29:39,125 - INFO - [2022EE] MISSING_CENTRAL: SR1E2Mu/Central/jets/4/pt in Skim_TriLep_WZTo3LNu_powheg.root
2025-11-10 12:29:39,161 - INFO - [2022EE] MISSING_CENTRAL: SR1E2Mu/Central/jets/4/pt in Skim_TriLep_WWW.root
2025-11-10 12:29:39,229 - INFO - [2023] MISSING_CENTRAL: SR1E2Mu/Central/jets/4/pt in Skim_TriLep_DYJets.root
2025-11-10 12:29:39,230 - INFO - [2023] MISSING_CENTRAL: SR1E2Mu/Central/jets/4/pt in Skim_TriLep_DYJets10to50.root
2025-11-10 12:29:39,231 - INFO - [2023] MISSING_CENTRAL: SR1E2Mu/Central/jets/4/pt in Skim_TriLep_DYGTo2LG_MLL4to50_PTG10to100.root
2025-11-10 12:29:39,231 - INFO - [2023] MISSING_CENTRAL: SR1E2Mu/Central/jets/4/pt in Skim_TriLep_DYGTo2LG_MLL4to50_PTG100to200.root
2025-11-10 12:29:39,232 - INFO - [2023] MISSING_CENTRAL: SR1E2Mu/Central/jets/4/pt in Skim_TriLep_DYGTo2LG_MLL4to50_PTG200toInf.root
2025-11-10 12:29:39,233 - INFO - [2023] MISSING_CENTRAL: SR1E2Mu/Central/jets/4/pt in Skim_TriLep_DYGTo2LG_MLL50_PTG10to100.root
2025-11-10 12:29:39,234 - INFO - [2023] MISSING_CENTRAL: SR1E2Mu/Central/jets/4/pt in Skim_TriLep_DYGTo2LG_MLL50_PTG100to200.root
2025-11-10 12:29:39,234 - INFO - [2023] MISSING_CENTRAL: SR1E2Mu/Central/jets/4/pt in Skim_TriLep_DYGTo2LG_MLL50_PTG200to400.root
2025-11-10 12:29:39,235 - INFO - [2023] MISSING_CENTRAL: SR1E2Mu/Central/jets/4/pt in Skim_TriLep_DYGTo2LG_MLL50_PTG400to600.root
2025-11-10 12:29:39,235 - INFO - [2023] MISSING_CENTRAL: SR1E2Mu/Central/jets/4/pt in Skim_TriLep_DYGTo2LG_MLL50_PTG600toInf.root
2025-11-10 12:29:39,247 - INFO - [2023] MISSING_CENTRAL: SR1E2Mu/Central/jets/4/pt in Skim_TriLep_TTG_PTG100to200.root
2025-11-10 12:29:39,353 - INFO - [2023] MISSING_CENTRAL: SR1E2Mu/Central/jets/4/pt in Skim_TriLep_WWW.root
2025-11-10 12:29:39,405 - INFO - [2023] MISSING_CENTRAL: SR1E2Mu/Central/jets/4/pt in Skim_TriLep_VBFHToZZTo4L.root
2025-11-10 12:29:39,406 - INFO - [2023] MISSING_CENTRAL: SR1E2Mu/Central/jets/4/pt in Skim_TriLep_ggHToZZTo4L.root
2025-11-10 12:29:39,408 - INFO - [2023BPix] MISSING_CENTRAL: SR1E2Mu/Central/jets/4/pt in Skim_TriLep_MuonEG_D_v2.root
2025-11-10 12:29:39,409 - INFO - [2023BPix] MISSING_CENTRAL: SR1E2Mu/Central/jets/4/pt in Skim_TriLep_DYJets.root
2025-11-10 12:29:39,410 - INFO - [2023BPix] MISSING_CENTRAL: SR1E2Mu/Central/jets/4/pt in Skim_TriLep_DYJets10to50.root
2025-11-10 12:29:39,411 - INFO - [2023BPix] MISSING_CENTRAL: SR1E2Mu/Central/jets/4/pt in Skim_TriLep_DYGTo2LG_MLL4to50_PTG10to100.root
2025-11-10 12:29:39,412 - INFO - [2023BPix] MISSING_CENTRAL: SR1E2Mu/Central/jets/4/pt in Skim_TriLep_DYGTo2LG_MLL4to50_PTG100to200.root
2025-11-10 12:29:39,413 - INFO - [2023BPix] MISSING_CENTRAL: SR1E2Mu/Central/jets/4/pt in Skim_TriLep_DYGTo2LG_MLL4to50_PTG200toInf.root
2025-11-10 12:29:39,413 - INFO - [2023BPix] MISSING_CENTRAL: SR1E2Mu/Central/jets/4/pt in Skim_TriLep_DYGTo2LG_MLL50_PTG10to100.root
2025-11-10 12:29:39,414 - INFO - [2023BPix] MISSING_CENTRAL: SR1E2Mu/Central/jets/4/pt in Skim_TriLep_DYGTo2LG_MLL50_PTG100to200.root
2025-11-10 12:29:39,415 - INFO - [2023BPix] MISSING_CENTRAL: SR1E2Mu/Central/jets/4/pt in Skim_TriLep_DYGTo2LG_MLL50_PTG200to400.root
2025-11-10 12:29:39,416 - INFO - [2023BPix] MISSING_CENTRAL: SR1E2Mu/Central/jets/4/pt in Skim_TriLep_DYGTo2LG_MLL50_PTG400to600.root
2025-11-10 12:29:39,417 - INFO - [2023BPix] MISSING_CENTRAL: SR1E2Mu/Central/jets/4/pt in Skim_TriLep_DYGTo2LG_MLL50_PTG600toInf.root
2025-11-10 12:29:39,418 - INFO - [2023BPix] MISSING_CENTRAL: SR1E2Mu/Central/jets/4/pt in Skim_TriLep_TTG_PTG10to100.root
2025-11-10 12:29:39,419 - INFO - [2023BPix] MISSING_CENTRAL: SR1E2Mu/Central/jets/4/pt in Skim_TriLep_TTG_PTG100to200.root
2025-11-10 12:29:39,420 - INFO - [2023BPix] MISSING_CENTRAL: SR1E2Mu/Central/jets/4/pt in Skim_TriLep_TTG_PTG200toInf.root
2025-11-10 12:29:39,472 - INFO - [2023BPix] MISSING_CENTRAL: SR1E2Mu/Central/jets/4/pt in Skim_TriLep_WZTo3LNu_powheg.root
2025-11-10 12:29:39,512 - INFO - [2023BPix] MISSING_CENTRAL: SR1E2Mu/Central/jets/4/pt in Skim_TriLep_WWW.root
2025-11-10 12:29:39,565 - INFO - [2023BPix] MISSING_CENTRAL: SR1E2Mu/Central/jets/4/pt in Skim_TriLep_VBFHToZZTo4L.root
2025-11-10 12:29:39,567 - INFO - [2023BPix] MISSING_CENTRAL: SR1E2Mu/Central/jets/4/pt in Skim_TriLep_ggHToZZTo4L.root
2025-11-13 11:20:01,254 - INFO - [2022] MISSING_CENTRAL: SR1E2Mu/Central/jets/4/pt in Skim_TriLep_MuonEG_D.root
2025-11-13 11:20:01,282 - INFO - [2022EE] MISSING_CENTRAL: SR1E2Mu/Central/jets/4/pt in Skim_TriLep_MuonEG_G.root
2025-11-13 11:20:01,307 - INFO - [2023] MISSING_CENTRAL: SR1E2Mu/Central/jets/4/pt in Skim_TriLep_MuonEG_C_v2.root
2025-11-13 11:20:01,309 - INFO - [2023] MISSING_CENTRAL: SR1E2Mu/Central/jets/4/pt in Skim_TriLep_MuonEG_C_v3.root
2025-11-13 11:20:01,312 - INFO - [2023BPix] MISSING_CENTRAL: SR1E2Mu/Central/jets/4/pt in Skim_TriLep_MuonEG_D_v1.root
2025-11-13 11:20:01,318 - INFO - [2023BPix] MISSING_CENTRAL: SR1E2Mu/Central/jets/4/pt in Skim_TriLep_MuonEG_D_v2.root
2025-11-13 11:20:01,349 - INFO - [2022] MISSING_CENTRAL: SR1E2Mu/Central/jets/4/pt in Skim_TriLep_MuonEG_D.root
2025-11-13 11:20:01,352 - INFO - [2022] MISSING_CENTRAL: SR1E2Mu/Central/jets/4/pt in Skim_TriLep_DYJets.root
2025-11-13 11:20:01,355 - INFO - [2022] MISSING_CENTRAL: SR1E2Mu/Central/jets/4/pt in Skim_TriLep_DYJets10to50.root
2025-11-13 11:20:01,357 - INFO - [2022] MISSING_CENTRAL: SR1E2Mu/Central/jets/4/pt in Skim_TriLep_DYGTo2LG_MLL4to50_PTG10to100.root
2025-11-13 11:20:01,360 - INFO - [2022] MISSING_CENTRAL: SR1E2Mu/Central/jets/4/pt in Skim_TriLep_DYGTo2LG_MLL4to50_PTG100to200.root
2025-11-13 11:20:01,363 - INFO - [2022] MISSING_CENTRAL: SR1E2Mu/Central/jets/4/pt in Skim_TriLep_DYGTo2LG_MLL4to50_PTG200toInf.root
2025-11-13 11:20:01,367 - INFO - [2022] MISSING_CENTRAL: SR1E2Mu/Central/jets/4/pt in Skim_TriLep_DYGTo2LG_MLL50_PTG10to100.root
2025-11-13 11:20:01,370 - INFO - [2022] MISSING_CENTRAL: SR1E2Mu/Central/jets/4/pt in Skim_TriLep_DYGTo2LG_MLL50_PTG100to200.root
2025-11-13 11:20:01,371 - INFO - [2022] MISSING_CENTRAL: SR1E2Mu/Central/jets/4/pt in Skim_TriLep_DYGTo2LG_MLL50_PTG200toInf.root
2025-11-13 11:20:01,372 - INFO - [2022] MISSING_CENTRAL: SR1E2Mu/Central/jets/4/pt in Skim_TriLep_TTG_PTG10to100.root
2025-11-13 11:20:01,373 - INFO - [2022] MISSING_CENTRAL: SR1E2Mu/Central/jets/4/pt in Skim_TriLep_TTG_PTG100to200.root
2025-11-13 11:20:01,537 - INFO - [2022] MISSING_CENTRAL: SR1E2Mu/Central/jets/4/pt in Skim_TriLep_WZTo3LNu_powheg.root
2025-11-13 11:20:01,660 - INFO - [2022] MISSING_CENTRAL: SR1E2Mu/Central/jets/4/pt in Skim_TriLep_WWW.root
2025-11-13 11:20:01,849 - INFO - [2022] MISSING_CENTRAL: SR1E2Mu/Central/jets/4/pt in Skim_TriLep_VBFHToZZTo4L.root
2025-11-13 11:20:01,850 - INFO - [2022] MISSING_CENTRAL: SR1E2Mu/Central/jets/4/pt in Skim_TriLep_ggHToZZTo4L.root
2025-11-13 11:20:01,858 - INFO - [2022EE] MISSING_CENTRAL: SR1E2Mu/Central/jets/4/pt in Skim_TriLep_MuonEG_E.root
2025-11-13 11:20:01,875 - INFO - [2022EE] MISSING_CENTRAL: SR1E2Mu/Central/jets/4/pt in Skim_TriLep_DYJets.root
2025-11-13 11:20:01,876 - INFO - [2022EE] MISSING_CENTRAL: SR1E2Mu/Central/jets/4/pt in Skim_TriLep_DYJets10to50.root
2025-11-13 11:20:01,878 - INFO - [2022EE] MISSING_CENTRAL: SR1E2Mu/Central/jets/4/pt in Skim_TriLep_DYGTo2LG_MLL4to50_PTG10to100.root
2025-11-13 11:20:01,892 - INFO - [2022EE] MISSING_CENTRAL: SR1E2Mu/Central/jets/4/pt in Skim_TriLep_DYGTo2LG_MLL4to50_PTG100to200.root
2025-11-13 11:20:01,894 - INFO - [2022EE] MISSING_CENTRAL: SR1E2Mu/Central/jets/4/pt in Skim_TriLep_DYGTo2LG_MLL4to50_PTG200toInf.root
2025-11-13 11:20:01,934 - INFO - [2022EE] MISSING_CENTRAL: SR1E2Mu/Central/jets/4/pt in Skim_TriLep_DYGTo2LG_MLL50_PTG100to200.root
2025-11-13 11:20:01,936 - INFO - [2022EE] MISSING_CENTRAL: SR1E2Mu/Central/jets/4/pt in Skim_TriLep_DYGTo2LG_MLL50_PTG200toInf.root
2025-11-13 11:20:02,159 - INFO - [2022EE] MISSING_CENTRAL: SR1E2Mu/Central/jets/4/pt in Skim_TriLep_WZTo3LNu_powheg.root
2025-11-13 11:20:02,216 - INFO - [2022EE] MISSING_CENTRAL: SR1E2Mu/Central/jets/4/pt in Skim_TriLep_WWW.root
2025-11-13 11:20:02,412 - INFO - [2023] MISSING_CENTRAL: SR1E2Mu/Central/jets/4/pt in Skim_TriLep_DYJets.root
2025-11-13 11:20:02,414 - INFO - [2023] MISSING_CENTRAL: SR1E2Mu/Central/jets/4/pt in Skim_TriLep_DYJets10to50.root
2025-11-13 11:20:02,416 - INFO - [2023] MISSING_CENTRAL: SR1E2Mu/Central/jets/4/pt in Skim_TriLep_DYGTo2LG_MLL4to50_PTG10to100.root
2025-11-13 11:20:02,418 - INFO - [2023] MISSING_CENTRAL: SR1E2Mu/Central/jets/4/pt in Skim_TriLep_DYGTo2LG_MLL4to50_PTG100to200.root
2025-11-13 11:20:02,420 - INFO - [2023] MISSING_CENTRAL: SR1E2Mu/Central/jets/4/pt in Skim_TriLep_DYGTo2LG_MLL4to50_PTG200toInf.root
2025-11-13 11:20:02,422 - INFO - [2023] MISSING_CENTRAL: SR1E2Mu/Central/jets/4/pt in Skim_TriLep_DYGTo2LG_MLL50_PTG10to100.root
2025-11-13 11:20:02,424 - INFO - [2023] MISSING_CENTRAL: SR1E2Mu/Central/jets/4/pt in Skim_TriLep_DYGTo2LG_MLL50_PTG100to200.root
2025-11-13 11:20:02,426 - INFO - [2023] MISSING_CENTRAL: SR1E2Mu/Central/jets/4/pt in Skim_TriLep_DYGTo2LG_MLL50_PTG200to400.root
2025-11-13 11:20:02,427 - INFO - [2023] MISSING_CENTRAL: SR1E2Mu/Central/jets/4/pt in Skim_TriLep_DYGTo2LG_MLL50_PTG400to600.root
2025-11-13 11:20:02,430 - INFO - [2023] MISSING_CENTRAL: SR1E2Mu/Central/jets/4/pt in Skim_TriLep_DYGTo2LG_MLL50_PTG600toInf.root
2025-11-13 11:20:02,452 - INFO - [2023] MISSING_CENTRAL: SR1E2Mu/Central/jets/4/pt in Skim_TriLep_TTG_PTG100to200.root
2025-11-13 11:20:02,669 - INFO - [2023] MISSING_CENTRAL: SR1E2Mu/Central/jets/4/pt in Skim_TriLep_WWW.root
2025-11-13 11:20:02,751 - INFO - [2023] MISSING_CENTRAL: SR1E2Mu/Central/jets/4/pt in Skim_TriLep_VBFHToZZTo4L.root
2025-11-13 11:20:02,752 - INFO - [2023] MISSING_CENTRAL: SR1E2Mu/Central/jets/4/pt in Skim_TriLep_ggHToZZTo4L.root
2025-11-13 11:20:02,755 - INFO - [2023BPix] MISSING_CENTRAL: SR1E2Mu/Central/jets/4/pt in Skim_TriLep_MuonEG_D_v2.root
2025-11-13 11:20:02,765 - INFO - [2023BPix] MISSING_CENTRAL: SR1E2Mu/Central/jets/4/pt in Skim_TriLep_DYJets.root
2025-11-13 11:20:02,768 - INFO - [2023BPix] MISSING_CENTRAL: SR1E2Mu/Central/jets/4/pt in Skim_TriLep_DYJets10to50.root
2025-11-13 11:20:02,771 - INFO - [2023BPix] MISSING_CENTRAL: SR1E2Mu/Central/jets/4/pt in Skim_TriLep_DYGTo2LG_MLL4to50_PTG10to100.root
2025-11-13 11:20:02,783 - INFO - [2023BPix] MISSING_CENTRAL: SR1E2Mu/Central/jets/4/pt in Skim_TriLep_DYGTo2LG_MLL4to50_PTG100to200.root
2025-11-13 11:20:02,794 - INFO - [2023BPix] MISSING_CENTRAL: SR1E2Mu/Central/jets/4/pt in Skim_TriLep_DYGTo2LG_MLL4to50_PTG200toInf.root
2025-11-13 11:20:02,796 - INFO - [2023BPix] MISSING_CENTRAL: SR1E2Mu/Central/jets/4/pt in Skim_TriLep_DYGTo2LG_MLL50_PTG10to100.root
2025-11-13 11:20:02,797 - INFO - [2023BPix] MISSING_CENTRAL: SR1E2Mu/Central/jets/4/pt in Skim_TriLep_DYGTo2LG_MLL50_PTG100to200.root
2025-11-13 11:20:02,812 - INFO - [2023BPix] MISSING_CENTRAL: SR1E2Mu/Central/jets/4/pt in Skim_TriLep_DYGTo2LG_MLL50_PTG200to400.root
2025-11-13 11:20:02,813 - INFO - [2023BPix] MISSING_CENTRAL: SR1E2Mu/Central/jets/4/pt in Skim_TriLep_DYGTo2LG_MLL50_PTG400to600.root
2025-11-13 11:20:02,815 - INFO - [2023BPix] MISSING_CENTRAL: SR1E2Mu/Central/jets/4/pt in Skim_TriLep_DYGTo2LG_MLL50_PTG600toInf.root
2025-11-13 11:20:02,820 - INFO - [2023BPix] MISSING_CENTRAL: SR1E2Mu/Central/jets/4/pt in Skim_TriLep_TTG_PTG10to100.root
2025-11-13 11:20:02,821 - INFO - [2023BPix] MISSING_CENTRAL: SR1E2Mu/Central/jets/4/pt in Skim_TriLep_TTG_PTG100to200.root
2025-11-13 11:20:02,826 - INFO - [2023BPix] MISSING_CENTRAL: SR1E2Mu/Central/jets/4/pt in Skim_TriLep_TTG_PTG200toInf.root
2025-11-13 11:20:03,065 - INFO - [2023BPix] MISSING_CENTRAL: SR1E2Mu/Central/jets/4/pt in Skim_TriLep_WZTo3LNu_powheg.root
2025-11-13 11:20:03,128 - INFO - [2023BPix] MISSING_CENTRAL: SR1E2Mu/Central/jets/4/pt in Skim_TriLep_WWW.root
2025-11-13 11:20:03,304 - INFO - [2023BPix] MISSING_CENTRAL: SR1E2Mu/Central/jets/4/pt in Skim_TriLep_VBFHToZZTo4L.root
2025-11-13 11:20:03,306 - INFO - [2023BPix] MISSING_CENTRAL: SR1E2Mu/Central/jets/4/pt in Skim_TriLep_ggHToZZTo4L.root
2025-11-19 16:32:06,337 - INFO - [2022] MISSING_CENTRAL: SR1E2Mu/Central/jets/4/pt in Skim_TriLep_MuonEG_D.root
2025-11-19 16:32:06,360 - INFO - [2022EE] MISSING_CENTRAL: SR1E2Mu/Central/jets/4/pt in Skim_TriLep_MuonEG_G.root
2025-11-19 16:32:06,371 - INFO - [2023] MISSING_CENTRAL: SR1E2Mu/Central/jets/4/pt in Skim_TriLep_MuonEG_C_v2.root
2025-11-19 16:32:06,371 - INFO - [2023] MISSING_CENTRAL: SR1E2Mu/Central/jets/4/pt in Skim_TriLep_MuonEG_C_v3.root
2025-11-19 16:32:06,372 - INFO - [2023BPix] MISSING_CENTRAL: SR1E2Mu/Central/jets/4/pt in Skim_TriLep_MuonEG_D_v1.root
2025-11-19 16:32:06,373 - INFO - [2023BPix] MISSING_CENTRAL: SR1E2Mu/Central/jets/4/pt in Skim_TriLep_MuonEG_D_v2.root
2025-11-19 16:32:06,387 - INFO - [2022] MISSING_CENTRAL: SR1E2Mu/Central/jets/4/pt in Skim_TriLep_DYJets.root
2025-11-19 16:32:06,387 - INFO - [2022] MISSING_CENTRAL: SR1E2Mu/Central/jets/4/pt in Skim_TriLep_DYJets10to50.root
2025-11-19 16:32:06,388 - INFO - [2022] MISSING_CENTRAL: SR1E2Mu/Central/jets/4/pt in Skim_TriLep_DYGTo2LG_MLL4to50_PTG10to100.root
2025-11-19 16:32:06,388 - INFO - [2022] MISSING_CENTRAL: SR1E2Mu/Central/jets/4/pt in Skim_TriLep_DYGTo2LG_MLL4to50_PTG100to200.root
2025-11-19 16:32:06,389 - INFO - [2022] MISSING_CENTRAL: SR1E2Mu/Central/jets/4/pt in Skim_TriLep_DYGTo2LG_MLL4to50_PTG200toInf.root
2025-11-19 16:32:06,389 - INFO - [2022] MISSING_CENTRAL: SR1E2Mu/Central/jets/4/pt in Skim_TriLep_DYGTo2LG_MLL50_PTG10to100.root
2025-11-19 16:32:06,390 - INFO - [2022] MISSING_CENTRAL: SR1E2Mu/Central/jets/4/pt in Skim_TriLep_DYGTo2LG_MLL50_PTG100to200.root
2025-11-19 16:32:06,390 - INFO - [2022] MISSING_CENTRAL: SR1E2Mu/Central/jets/4/pt in Skim_TriLep_DYGTo2LG_MLL50_PTG200toInf.root
2025-11-19 16:32:06,391 - INFO - [2022] MISSING_CENTRAL: SR1E2Mu/Central/jets/4/pt in Skim_TriLep_TTG_PTG10to100.root
2025-11-19 16:32:06,391 - INFO - [2022] MISSING_CENTRAL: SR1E2Mu/Central/jets/4/pt in Skim_TriLep_TTG_PTG100to200.root
2025-11-19 16:32:06,452 - INFO - [2022] MISSING_CENTRAL: SR1E2Mu/Central/jets/4/pt in Skim_TriLep_WZTo3LNu_powheg.root
2025-11-19 16:32:06,488 - INFO - [2022] MISSING_CENTRAL: SR1E2Mu/Central/jets/4/pt in Skim_TriLep_WWW.root
2025-11-19 16:32:06,535 - INFO - [2022] MISSING_CENTRAL: SR1E2Mu/Central/jets/4/pt in Skim_TriLep_VBFHToZZTo4L.root
2025-11-19 16:32:06,536 - INFO - [2022] MISSING_CENTRAL: SR1E2Mu/Central/jets/4/pt in Skim_TriLep_ggHToZZTo4L.root
2025-11-19 16:32:06,536 - INFO - [2022EE] MISSING_CENTRAL: SR1E2Mu/Central/jets/4/pt in Skim_TriLep_MuonEG_E.root
2025-11-19 16:32:06,538 - INFO - [2022EE] MISSING_CENTRAL: SR1E2Mu/Central/jets/4/pt in Skim_TriLep_DYJets.root
2025-11-19 16:32:06,539 - INFO - [2022EE] MISSING_CENTRAL: SR1E2Mu/Central/jets/4/pt in Skim_TriLep_DYJets10to50.root
2025-11-19 16:32:06,539 - INFO - [2022EE] MISSING_CENTRAL: SR1E2Mu/Central/jets/4/pt in Skim_TriLep_DYGTo2LG_MLL4to50_PTG10to100.root
2025-11-19 16:32:06,540 - INFO - [2022EE] MISSING_CENTRAL: SR1E2Mu/Central/jets/4/pt in Skim_TriLep_DYGTo2LG_MLL4to50_PTG100to200.root
2025-11-19 16:32:06,541 - INFO - [2022EE] MISSING_CENTRAL: SR1E2Mu/Central/jets/4/pt in Skim_TriLep_DYGTo2LG_MLL4to50_PTG200toInf.root
2025-11-19 16:32:06,551 - INFO - [2022EE] MISSING_CENTRAL: SR1E2Mu/Central/jets/4/pt in Skim_TriLep_DYGTo2LG_MLL50_PTG100to200.root
2025-11-19 16:32:06,552 - INFO - [2022EE] MISSING_CENTRAL: SR1E2Mu/Central/jets/4/pt in Skim_TriLep_DYGTo2LG_MLL50_PTG200toInf.root
2025-11-19 16:32:06,642 - INFO - [2022EE] MISSING_CENTRAL: SR1E2Mu/Central/jets/4/pt in Skim_TriLep_WZTo3LNu_powheg.root
2025-11-19 16:32:06,672 - INFO - [2022EE] MISSING_CENTRAL: SR1E2Mu/Central/jets/4/pt in Skim_TriLep_WWW.root
2025-11-19 16:32:06,781 - INFO - [2023] MISSING_CENTRAL: SR1E2Mu/Central/jets/4/pt in Skim_TriLep_DYJets.root
2025-11-19 16:32:06,782 - INFO - [2023] MISSING_CENTRAL: SR1E2Mu/Central/jets/4/pt in Skim_TriLep_DYJets10to50.root
2025-11-19 16:32:06,783 - INFO - [2023] MISSING_CENTRAL: SR1E2Mu/Central/jets/4/pt in Skim_TriLep_DYGTo2LG_MLL4to50_PTG10to100.root
2025-11-19 16:32:06,783 - INFO - [2023] MISSING_CENTRAL: SR1E2Mu/Central/jets/4/pt in Skim_TriLep_DYGTo2LG_MLL4to50_PTG100to200.root
2025-11-19 16:32:06,784 - INFO - [2023] MISSING_CENTRAL: SR1E2Mu/Central/jets/4/pt in Skim_TriLep_DYGTo2LG_MLL4to50_PTG200toInf.root
2025-11-19 16:32:06,785 - INFO - [2023] MISSING_CENTRAL: SR1E2Mu/Central/jets/4/pt in Skim_TriLep_DYGTo2LG_MLL50_PTG10to100.root
2025-11-19 16:32:06,785 - INFO - [2023] MISSING_CENTRAL: SR1E2Mu/Central/jets/4/pt in Skim_TriLep_DYGTo2LG_MLL50_PTG100to200.root
2025-11-19 16:32:06,786 - INFO - [2023] MISSING_CENTRAL: SR1E2Mu/Central/jets/4/pt in Skim_TriLep_DYGTo2LG_MLL50_PTG200to400.root
2025-11-19 16:32:06,787 - INFO - [2023] MISSING_CENTRAL: SR1E2Mu/Central/jets/4/pt in Skim_TriLep_DYGTo2LG_MLL50_PTG400to600.root
2025-11-19 16:32:06,788 - INFO - [2023] MISSING_CENTRAL: SR1E2Mu/Central/jets/4/pt in Skim_TriLep_DYGTo2LG_MLL50_PTG600toInf.root
2025-11-19 16:32:06,804 - INFO - [2023] MISSING_CENTRAL: SR1E2Mu/Central/jets/4/pt in Skim_TriLep_TTG_PTG100to200.root
2025-11-19 16:32:06,919 - INFO - [2023] MISSING_CENTRAL: SR1E2Mu/Central/jets/4/pt in Skim_TriLep_WWW.root
2025-11-19 16:32:07,024 - INFO - [2023] MISSING_CENTRAL: SR1E2Mu/Central/jets/4/pt in Skim_TriLep_VBFHToZZTo4L.root
2025-11-19 16:32:07,026 - INFO - [2023] MISSING_CENTRAL: SR1E2Mu/Central/jets/4/pt in Skim_TriLep_ggHToZZTo4L.root
2025-11-19 16:32:07,027 - INFO - [2023BPix] MISSING_CENTRAL: SR1E2Mu/Central/jets/4/pt in Skim_TriLep_MuonEG_D_v2.root
2025-11-19 16:32:07,028 - INFO - [2023BPix] MISSING_CENTRAL: SR1E2Mu/Central/jets/4/pt in Skim_TriLep_DYJets.root
2025-11-19 16:32:07,028 - INFO - [2023BPix] MISSING_CENTRAL: SR1E2Mu/Central/jets/4/pt in Skim_TriLep_DYJets10to50.root
2025-11-19 16:32:07,029 - INFO - [2023BPix] MISSING_CENTRAL: SR1E2Mu/Central/jets/4/pt in Skim_TriLep_DYGTo2LG_MLL4to50_PTG10to100.root
2025-11-19 16:32:07,030 - INFO - [2023BPix] MISSING_CENTRAL: SR1E2Mu/Central/jets/4/pt in Skim_TriLep_DYGTo2LG_MLL4to50_PTG100to200.root
2025-11-19 16:32:07,031 - INFO - [2023BPix] MISSING_CENTRAL: SR1E2Mu/Central/jets/4/pt in Skim_TriLep_DYGTo2LG_MLL4to50_PTG200toInf.root
2025-11-19 16:32:07,031 - INFO - [2023BPix] MISSING_CENTRAL: SR1E2Mu/Central/jets/4/pt in Skim_TriLep_DYGTo2LG_MLL50_PTG10to100.root
2025-11-19 16:32:07,032 - INFO - [2023BPix] MISSING_CENTRAL: SR1E2Mu/Central/jets/4/pt in Skim_TriLep_DYGTo2LG_MLL50_PTG100to200.root
2025-11-19 16:32:07,033 - INFO - [2023BPix] MISSING_CENTRAL: SR1E2Mu/Central/jets/4/pt in Skim_TriLep_DYGTo2LG_MLL50_PTG200to400.root
2025-11-19 16:32:07,034 - INFO - [2023BPix] MISSING_CENTRAL: SR1E2Mu/Central/jets/4/pt in Skim_TriLep_DYGTo2LG_MLL50_PTG400to600.root
2025-11-19 16:32:07,035 - INFO - [2023BPix] MISSING_CENTRAL: SR1E2Mu/Central/jets/4/pt in Skim_TriLep_DYGTo2LG_MLL50_PTG600toInf.root
2025-11-19 16:32:07,036 - INFO - [2023BPix] MISSING_CENTRAL: SR1E2Mu/Central/jets/4/pt in Skim_TriLep_TTG_PTG10to100.root
2025-11-19 16:32:07,036 - INFO - [2023BPix] MISSING_CENTRAL: SR1E2Mu/Central/jets/4/pt in Skim_TriLep_TTG_PTG100to200.root
2025-11-19 16:32:07,037 - INFO - [2023BPix] MISSING_CENTRAL: SR1E2Mu/Central/jets/4/pt in Skim_TriLep_TTG_PTG200toInf.root
2025-11-19 16:32:07,091 - INFO - [2023BPix] MISSING_CENTRAL: SR1E2Mu/Central/jets/4/pt in Skim_TriLep_WZTo3LNu_powheg.root
2025-11-19 16:32:07,132 - INFO - [2023BPix] MISSING_CENTRAL: SR1E2Mu/Central/jets/4/pt in Skim_TriLep_WWW.root
2025-11-19 16:32:07,241 - INFO - [2023BPix] MISSING_CENTRAL: SR1E2Mu/Central/jets/4/pt in Skim_TriLep_VBFHToZZTo4L.root
2025-11-19 16:32:07,242 - INFO - [2023BPix] MISSING_CENTRAL: SR1E2Mu/Central/jets/4/pt in Skim_TriLep_ggHToZZTo4L.root
2025-12-17 22:47:02,529 - INFO - [2022] MISSING_CENTRAL: SR1E2Mu/Central/jets/4/pt in Skim_TriLep_MuonEG_D.root
2025-12-17 22:47:02,554 - INFO - [2022EE] MISSING_CENTRAL: SR1E2Mu/Central/jets/4/pt in Skim_TriLep_MuonEG_G.root
2025-12-17 22:47:02,570 - INFO - [2023] MISSING_CENTRAL: SR1E2Mu/Central/jets/4/pt in Skim_TriLep_MuonEG_C_v2.root
2025-12-17 22:47:02,571 - INFO - [2023] MISSING_CENTRAL: SR1E2Mu/Central/jets/4/pt in Skim_TriLep_MuonEG_C_v3.root
2025-12-17 22:47:02,573 - INFO - [2023BPix] MISSING_CENTRAL: SR1E2Mu/Central/jets/4/pt in Skim_TriLep_MuonEG_D_v1.root
2025-12-17 22:47:02,574 - INFO - [2023BPix] MISSING_CENTRAL: SR1E2Mu/Central/jets/4/pt in Skim_TriLep_MuonEG_D_v2.root
2025-12-17 22:47:02,652 - INFO - [2022] MISSING_CENTRAL: SR1E2Mu/Central/jets/4/pt in Skim_TriLep_DYJets.root
2025-12-17 22:47:02,657 - INFO - [2022] MISSING_CENTRAL: SR1E2Mu/Central/jets/4/pt in Skim_TriLep_DYJets10to50.root
2025-12-17 22:47:02,658 - INFO - [2022] MISSING_CENTRAL: SR1E2Mu/Central/jets/4/pt in Skim_TriLep_TTG_PTG10to100.root
2025-12-17 22:47:02,659 - INFO - [2022] MISSING_CENTRAL: SR1E2Mu/Central/jets/4/pt in Skim_TriLep_TTG_PTG100to200.root
2025-12-17 22:47:02,849 - INFO - [2022] MISSING_CENTRAL: SR1E2Mu/Central/jets/4/pt in Skim_TriLep_WZTo3LNu_powheg.root
2025-12-17 22:47:02,929 - INFO - [2022] MISSING_CENTRAL: SR1E2Mu/Central/jets/4/pt in Skim_TriLep_WWW.root
2025-12-17 22:47:03,073 - INFO - [2022] MISSING_CENTRAL: SR1E2Mu/Central/jets/4/pt in Skim_TriLep_VBFHToZZTo4L.root
2025-12-17 22:47:03,075 - INFO - [2022] MISSING_CENTRAL: SR1E2Mu/Central/jets/4/pt in Skim_TriLep_ggHToZZTo4L.root
2025-12-17 22:47:03,076 - INFO - [2022EE] MISSING_CENTRAL: SR1E2Mu/Central/jets/4/pt in Skim_TriLep_MuonEG_E.root
2025-12-17 22:47:03,084 - INFO - [2022EE] MISSING_CENTRAL: SR1E2Mu/Central/jets/4/pt in Skim_TriLep_DYJets.root
2025-12-17 22:47:03,086 - INFO - [2022EE] MISSING_CENTRAL: SR1E2Mu/Central/jets/4/pt in Skim_TriLep_DYJets10to50.root
2025-12-17 22:47:03,303 - INFO - [2022EE] MISSING_CENTRAL: SR1E2Mu/Central/jets/4/pt in Skim_TriLep_WZTo3LNu_powheg.root
2025-12-17 22:47:03,430 - INFO - [2022EE] MISSING_CENTRAL: SR1E2Mu/Central/jets/4/pt in Skim_TriLep_WWW.root
2025-12-17 22:47:03,606 - INFO - [2023] MISSING_CENTRAL: SR1E2Mu/Central/jets/4/pt in Skim_TriLep_DYJets.root
2025-12-17 22:47:03,608 - INFO - [2023] MISSING_CENTRAL: SR1E2Mu/Central/jets/4/pt in Skim_TriLep_DYJets10to50.root
2025-12-17 22:47:03,631 - INFO - [2023] MISSING_CENTRAL: SR1E2Mu/Central/jets/4/pt in Skim_TriLep_TTG_PTG100to200.root
2025-12-17 22:47:03,823 - INFO - [2023] MISSING_CENTRAL: SR1E2Mu/Central/jets/4/pt in Skim_TriLep_WWW.root
2025-12-17 22:47:03,902 - INFO - [2023] MISSING_CENTRAL: SR1E2Mu/Central/jets/4/pt in Skim_TriLep_VBFHToZZTo4L.root
2025-12-17 22:47:03,904 - INFO - [2023] MISSING_CENTRAL: SR1E2Mu/Central/jets/4/pt in Skim_TriLep_ggHToZZTo4L.root
2025-12-17 22:47:03,907 - INFO - [2023BPix] MISSING_CENTRAL: SR1E2Mu/Central/jets/4/pt in Skim_TriLep_MuonEG_D_v2.root
2025-12-17 22:47:03,909 - INFO - [2023BPix] MISSING_CENTRAL: SR1E2Mu/Central/jets/4/pt in Skim_TriLep_DYJets.root
2025-12-17 22:47:03,911 - INFO - [2023BPix] MISSING_CENTRAL: SR1E2Mu/Central/jets/4/pt in Skim_TriLep_DYJets10to50.root
2025-12-17 22:47:03,912 - INFO - [2023BPix] MISSING_CENTRAL: SR1E2Mu/Central/jets/4/pt in Skim_TriLep_TTG_PTG10to100.root
2025-12-17 22:47:03,914 - INFO - [2023BPix] MISSING_CENTRAL: SR1E2Mu/Central/jets/4/pt in Skim_TriLep_TTG_PTG100to200.root
2025-12-17 22:47:03,915 - INFO - [2023BPix] MISSING_CENTRAL: SR1E2Mu/Central/jets/4/pt in Skim_TriLep_TTG_PTG200toInf.root
2025-12-17 22:47:04,166 - INFO - [2023BPix] MISSING_CENTRAL: SR1E2Mu/Central/jets/4/pt in Skim_TriLep_WZTo3LNu_powheg.root
2025-12-17 22:47:04,420 - INFO - [2023BPix] MISSING_CENTRAL: SR1E2Mu/Central/jets/4/pt in Skim_TriLep_WWW.root
2025-12-17 22:47:04,506 - INFO - [2023BPix] MISSING_CENTRAL: SR1E2Mu/Central/jets/4/pt in Skim_TriLep_VBFHToZZTo4L.root
2025-12-17 22:47:04,508 - INFO - [2023BPix] MISSING_CENTRAL: SR1E2Mu/Central/jets/4/pt in Skim_TriLep_ggHToZZTo4L.root
2025-12-18 14:48:55,828 - INFO - [2022] MISSING_CENTRAL: SR1E2Mu/Central/jets/4/pt in Skim_TriLep_MuonEG_D.root
2025-12-18 14:48:55,853 - INFO - [2022EE] MISSING_CENTRAL: SR1E2Mu/Central/jets/4/pt in Skim_TriLep_MuonEG_G.root
2025-12-18 14:48:55,882 - INFO - [2023] MISSING_CENTRAL: SR1E2Mu/Central/jets/4/pt in Skim_TriLep_MuonEG_C_v2.root
2025-12-18 14:48:55,884 - INFO - [2023] MISSING_CENTRAL: SR1E2Mu/Central/jets/4/pt in Skim_TriLep_MuonEG_C_v3.root
2025-12-18 14:48:55,887 - INFO - [2023BPix] MISSING_CENTRAL: SR1E2Mu/Central/jets/4/pt in Skim_TriLep_MuonEG_D_v1.root
2025-12-18 14:48:55,888 - INFO - [2023BPix] MISSING_CENTRAL: SR1E2Mu/Central/jets/4/pt in Skim_TriLep_MuonEG_D_v2.root
2025-12-18 14:48:55,917 - INFO - [2022] MISSING_CENTRAL: SR1E2Mu/Central/jets/4/pt in Skim_TriLep_DYJets.root
2025-12-18 14:48:55,922 - INFO - [2022] MISSING_CENTRAL: SR1E2Mu/Central/jets/4/pt in Skim_TriLep_DYJets10to50.root
2025-12-18 14:48:55,923 - INFO - [2022] MISSING_CENTRAL: SR1E2Mu/Central/jets/4/pt in Skim_TriLep_TTG_PTG10to100.root
2025-12-18 14:48:55,924 - INFO - [2022] MISSING_CENTRAL: SR1E2Mu/Central/jets/4/pt in Skim_TriLep_TTG_PTG100to200.root
2025-12-18 14:48:56,099 - INFO - [2022] MISSING_CENTRAL: SR1E2Mu/Central/jets/4/pt in Skim_TriLep_WZTo3LNu_powheg.root
2025-12-18 14:48:56,200 - INFO - [2022] MISSING_CENTRAL: SR1E2Mu/Central/jets/4/pt in Skim_TriLep_WWW.root
2025-12-18 14:48:56,454 - INFO - [2022] MISSING_CENTRAL: SR1E2Mu/Central/jets/4/pt in Skim_TriLep_VBFHToZZTo4L.root
2025-12-18 14:48:56,455 - INFO - [2022] MISSING_CENTRAL: SR1E2Mu/Central/jets/4/pt in Skim_TriLep_ggHToZZTo4L.root
2025-12-18 14:48:56,461 - INFO - [2022EE] MISSING_CENTRAL: SR1E2Mu/Central/jets/4/pt in Skim_TriLep_MuonEG_E.root
2025-12-18 14:48:56,491 - INFO - [2022EE] MISSING_CENTRAL: SR1E2Mu/Central/jets/4/pt in Skim_TriLep_DYJets.root
2025-12-18 14:48:56,492 - INFO - [2022EE] MISSING_CENTRAL: SR1E2Mu/Central/jets/4/pt in Skim_TriLep_DYJets10to50.root
2025-12-18 14:48:56,753 - INFO - [2022EE] MISSING_CENTRAL: SR1E2Mu/Central/jets/4/pt in Skim_TriLep_WZTo3LNu_powheg.root
2025-12-18 14:48:56,842 - INFO - [2022EE] MISSING_CENTRAL: SR1E2Mu/Central/jets/4/pt in Skim_TriLep_WWW.root
2025-12-18 14:48:57,067 - INFO - [2023] MISSING_CENTRAL: SR1E2Mu/Central/jets/4/pt in Skim_TriLep_DYJets.root
2025-12-18 14:48:57,069 - INFO - [2023] MISSING_CENTRAL: SR1E2Mu/Central/jets/4/pt in Skim_TriLep_DYJets10to50.root
2025-12-18 14:48:57,093 - INFO - [2023] MISSING_CENTRAL: SR1E2Mu/Central/jets/4/pt in Skim_TriLep_TTG_PTG100to200.root
2025-12-18 14:48:57,402 - INFO - [2023] MISSING_CENTRAL: SR1E2Mu/Central/jets/4/pt in Skim_TriLep_WWW.root
2025-12-18 14:48:57,663 - INFO - [2023] MISSING_CENTRAL: SR1E2Mu/Central/jets/4/pt in Skim_TriLep_VBFHToZZTo4L.root
2025-12-18 14:48:57,665 - INFO - [2023] MISSING_CENTRAL: SR1E2Mu/Central/jets/4/pt in Skim_TriLep_ggHToZZTo4L.root
2025-12-18 14:48:57,668 - INFO - [2023BPix] MISSING_CENTRAL: SR1E2Mu/Central/jets/4/pt in Skim_TriLep_MuonEG_D_v2.root
2025-12-18 14:48:57,670 - INFO - [2023BPix] MISSING_CENTRAL: SR1E2Mu/Central/jets/4/pt in Skim_TriLep_DYJets.root
2025-12-18 14:48:57,672 - INFO - [2023BPix] MISSING_CENTRAL: SR1E2Mu/Central/jets/4/pt in Skim_TriLep_DYJets10to50.root
2025-12-18 14:48:57,674 - INFO - [2023BPix] MISSING_CENTRAL: SR1E2Mu/Central/jets/4/pt in Skim_TriLep_TTG_PTG10to100.root
2025-12-18 14:48:57,675 - INFO - [2023BPix] MISSING_CENTRAL: SR1E2Mu/Central/jets/4/pt in Skim_TriLep_TTG_PTG100to200.root
2025-12-18 14:48:57,677 - INFO - [2023BPix] MISSING_CENTRAL: SR1E2Mu/Central/jets/4/pt in Skim_TriLep_TTG_PTG200toInf.root
2025-12-18 14:48:57,874 - INFO - [2023BPix] MISSING_CENTRAL: SR1E2Mu/Central/jets/4/pt in Skim_TriLep_WZTo3LNu_powheg.root
2025-12-18 14:48:57,942 - INFO - [2023BPix] MISSING_CENTRAL: SR1E2Mu/Central/jets/4/pt in Skim_TriLep_WWW.root
2025-12-18 14:48:58,137 - INFO - [2023BPix] MISSING_CENTRAL: SR1E2Mu/Central/jets/4/pt in Skim_TriLep_VBFHToZZTo4L.root
2025-12-18 14:48:58,139 - INFO - [2023BPix] MISSING_CENTRAL: SR1E2Mu/Central/jets/4/pt in Skim_TriLep_ggHToZZTo4L.root
2026-01-07 11:57:13,301 - INFO - [2022] MISSING_CENTRAL: SR1E2Mu/Central/jets/4/pt in Skim_TriLep_MuonEG_D.root
2026-01-07 11:57:13,325 - INFO - [2022EE] MISSING_CENTRAL: SR1E2Mu/Central/jets/4/pt in Skim_TriLep_MuonEG_G.root
2026-01-07 11:57:13,339 - INFO - [2023] MISSING_CENTRAL: SR1E2Mu/Central/jets/4/pt in Skim_TriLep_MuonEG_C_v2.root
2026-01-07 11:57:13,340 - INFO - [2023] MISSING_CENTRAL: SR1E2Mu/Central/jets/4/pt in Skim_TriLep_MuonEG_C_v3.root
2026-01-07 11:57:13,342 - INFO - [2023BPix] MISSING_CENTRAL: SR1E2Mu/Central/jets/4/pt in Skim_TriLep_MuonEG_D_v1.root
2026-01-07 11:57:13,344 - INFO - [2023BPix] MISSING_CENTRAL: SR1E2Mu/Central/jets/4/pt in Skim_TriLep_MuonEG_D_v2.root
2026-01-07 11:57:13,365 - INFO - [2022] MISSING_CENTRAL: SR1E2Mu/Central/jets/4/pt in Skim_TriLep_DYJets.root
2026-01-07 11:57:13,366 - INFO - [2022] MISSING_CENTRAL: SR1E2Mu/Central/jets/4/pt in Skim_TriLep_DYJets10to50.root
2026-01-07 11:57:13,367 - INFO - [2022] MISSING_CENTRAL: SR1E2Mu/Central/jets/4/pt in Skim_TriLep_TTG_PTG10to100.root
2026-01-07 11:57:13,368 - INFO - [2022] MISSING_CENTRAL: SR1E2Mu/Central/jets/4/pt in Skim_TriLep_TTG_PTG100to200.root
2026-01-07 11:57:13,487 - INFO - [2022] MISSING_CENTRAL: SR1E2Mu/Central/jets/4/pt in Skim_TriLep_WZTo3LNu_powheg.root
2026-01-07 11:57:13,611 - INFO - [2022] MISSING_CENTRAL: SR1E2Mu/Central/jets/4/pt in Skim_TriLep_WWW.root
2026-01-07 11:57:13,808 - INFO - [2022] MISSING_CENTRAL: SR1E2Mu/Central/jets/4/pt in Skim_TriLep_VBFHToZZTo4L.root
2026-01-07 11:57:13,810 - INFO - [2022] MISSING_CENTRAL: SR1E2Mu/Central/jets/4/pt in Skim_TriLep_ggHToZZTo4L.root
2026-01-07 11:57:13,811 - INFO - [2022EE] MISSING_CENTRAL: SR1E2Mu/Central/jets/4/pt in Skim_TriLep_MuonEG_E.root
2026-01-07 11:57:13,814 - INFO - [2022EE] MISSING_CENTRAL: SR1E2Mu/Central/jets/4/pt in Skim_TriLep_DYJets.root
2026-01-07 11:57:13,815 - INFO - [2022EE] MISSING_CENTRAL: SR1E2Mu/Central/jets/4/pt in Skim_TriLep_DYJets10to50.root
2026-01-07 11:57:13,953 - INFO - [2022EE] MISSING_CENTRAL: SR1E2Mu/Central/jets/4/pt in Skim_TriLep_WZTo3LNu_powheg.root
2026-01-07 11:57:14,128 - INFO - [2022EE] MISSING_CENTRAL: SR1E2Mu/Central/jets/4/pt in Skim_TriLep_WWW.root
2026-01-07 11:57:14,254 - INFO - [2023] MISSING_CENTRAL: SR1E2Mu/Central/jets/4/pt in Skim_TriLep_DYJets.root
2026-01-07 11:57:14,255 - INFO - [2023] MISSING_CENTRAL: SR1E2Mu/Central/jets/4/pt in Skim_TriLep_DYJets10to50.root
2026-01-07 11:57:14,284 - INFO - [2023] MISSING_CENTRAL: SR1E2Mu/Central/jets/4/pt in Skim_TriLep_TTG_PTG100to200.root
2026-01-07 11:57:14,762 - INFO - [2023] MISSING_CENTRAL: SR1E2Mu/Central/jets/4/pt in Skim_TriLep_WWW.root
2026-01-07 11:57:14,875 - INFO - [2023] MISSING_CENTRAL: SR1E2Mu/Central/jets/4/pt in Skim_TriLep_VBFHToZZTo4L.root
2026-01-07 11:57:14,877 - INFO - [2023] MISSING_CENTRAL: SR1E2Mu/Central/jets/4/pt in Skim_TriLep_ggHToZZTo4L.root
2026-01-07 11:57:14,890 - INFO - [2023BPix] MISSING_CENTRAL: SR1E2Mu/Central/jets/4/pt in Skim_TriLep_MuonEG_D_v2.root
2026-01-07 11:57:14,894 - INFO - [2023BPix] MISSING_CENTRAL: SR1E2Mu/Central/jets/4/pt in Skim_TriLep_DYJets.root
2026-01-07 11:57:14,902 - INFO - [2023BPix] MISSING_CENTRAL: SR1E2Mu/Central/jets/4/pt in Skim_TriLep_DYJets10to50.root
2026-01-07 11:57:14,905 - INFO - [2023BPix] MISSING_CENTRAL: SR1E2Mu/Central/jets/4/pt in Skim_TriLep_TTG_PTG10to100.root
2026-01-07 11:57:14,907 - INFO - [2023BPix] MISSING_CENTRAL: SR1E2Mu/Central/jets/4/pt in Skim_TriLep_TTG_PTG100to200.root
2026-01-07 11:57:14,909 - INFO - [2023BPix] MISSING_CENTRAL: SR1E2Mu/Central/jets/4/pt in Skim_TriLep_TTG_PTG200toInf.root
2026-01-07 11:57:15,001 - INFO - [2023BPix] MISSING_CENTRAL: SR1E2Mu/Central/jets/4/pt in Skim_TriLep_WZTo3LNu_powheg.root
2026-01-07 11:57:15,076 - INFO - [2023BPix] MISSING_CENTRAL: SR1E2Mu/Central/jets/4/pt in Skim_TriLep_WWW.root
2026-01-07 11:57:15,172 - INFO - [2023BPix] MISSING_CENTRAL: SR1E2Mu/Central/jets/4/pt in Skim_TriLep_VBFHToZZTo4L.root
2026-01-07 11:57:15,174 - INFO - [2023BPix] MISSING_CENTRAL: SR1E2Mu/Central/jets/4/pt in Skim_TriLep_ggHToZZTo4L.root
2026-01-07 18:53:51,487 - INFO - [2022] MISSING_CENTRAL: SR1E2Mu/Central/jets/4/pt in Skim_TriLep_MuonEG_D.root
2026-01-07 18:53:51,512 - INFO - [2022EE] MISSING_CENTRAL: SR1E2Mu/Central/jets/4/pt in Skim_TriLep_MuonEG_G.root
2026-01-07 18:53:51,529 - INFO - [2023] MISSING_CENTRAL: SR1E2Mu/Central/jets/4/pt in Skim_TriLep_MuonEG_C_v2.root
2026-01-07 18:53:51,530 - INFO - [2023] MISSING_CENTRAL: SR1E2Mu/Central/jets/4/pt in Skim_TriLep_MuonEG_C_v3.root
2026-01-07 18:53:51,532 - INFO - [2023BPix] MISSING_CENTRAL: SR1E2Mu/Central/jets/4/pt in Skim_TriLep_MuonEG_D_v1.root
2026-01-07 18:53:51,533 - INFO - [2023BPix] MISSING_CENTRAL: SR1E2Mu/Central/jets/4/pt in Skim_TriLep_MuonEG_D_v2.root
2026-01-07 18:53:51,556 - INFO - [2022] MISSING_CENTRAL: SR1E2Mu/Central/jets/4/pt in Skim_TriLep_DYJets.root
2026-01-07 18:53:51,557 - INFO - [2022] MISSING_CENTRAL: SR1E2Mu/Central/jets/4/pt in Skim_TriLep_DYJets10to50.root
2026-01-07 18:53:51,558 - INFO - [2022] MISSING_CENTRAL: SR1E2Mu/Central/jets/4/pt in Skim_TriLep_TTG_PTG10to100.root
2026-01-07 18:53:51,559 - INFO - [2022] MISSING_CENTRAL: SR1E2Mu/Central/jets/4/pt in Skim_TriLep_TTG_PTG100to200.root
2026-01-07 18:53:51,801 - INFO - [2022] MISSING_CENTRAL: SR1E2Mu/Central/jets/4/pt in Skim_TriLep_WZTo3LNu_powheg.root
2026-01-07 18:53:51,991 - INFO - [2022] MISSING_CENTRAL: SR1E2Mu/Central/jets/4/pt in Skim_TriLep_WWW.root
2026-01-07 18:53:52,102 - INFO - [2022] MISSING_CENTRAL: SR1E2Mu/Central/jets/4/pt in Skim_TriLep_VBFHToZZTo4L.root
2026-01-07 18:53:52,103 - INFO - [2022] MISSING_CENTRAL: SR1E2Mu/Central/jets/4/pt in Skim_TriLep_ggHToZZTo4L.root
2026-01-07 18:53:52,105 - INFO - [2022EE] MISSING_CENTRAL: SR1E2Mu/Central/jets/4/pt in Skim_TriLep_MuonEG_E.root
2026-01-07 18:53:52,109 - INFO - [2022EE] MISSING_CENTRAL: SR1E2Mu/Central/jets/4/pt in Skim_TriLep_DYJets.root
2026-01-07 18:53:52,110 - INFO - [2022EE] MISSING_CENTRAL: SR1E2Mu/Central/jets/4/pt in Skim_TriLep_DYJets10to50.root
2026-01-07 18:53:52,320 - INFO - [2022EE] MISSING_CENTRAL: SR1E2Mu/Central/jets/4/pt in Skim_TriLep_WZTo3LNu_powheg.root
2026-01-07 18:53:52,382 - INFO - [2022EE] MISSING_CENTRAL: SR1E2Mu/Central/jets/4/pt in Skim_TriLep_WWW.root
2026-01-07 18:53:52,565 - INFO - [2023] MISSING_CENTRAL: SR1E2Mu/Central/jets/4/pt in Skim_TriLep_DYJets.root
2026-01-07 18:53:52,566 - INFO - [2023] MISSING_CENTRAL: SR1E2Mu/Central/jets/4/pt in Skim_TriLep_DYJets10to50.root
2026-01-07 18:53:52,600 - INFO - [2023] MISSING_CENTRAL: SR1E2Mu/Central/jets/4/pt in Skim_TriLep_TTG_PTG100to200.root
2026-01-07 18:53:53,159 - INFO - [2023] MISSING_CENTRAL: SR1E2Mu/Central/jets/4/pt in Skim_TriLep_WWW.root
2026-01-07 18:53:53,244 - INFO - [2023] MISSING_CENTRAL: SR1E2Mu/Central/jets/4/pt in Skim_TriLep_VBFHToZZTo4L.root
2026-01-07 18:53:53,250 - INFO - [2023] MISSING_CENTRAL: SR1E2Mu/Central/jets/4/pt in Skim_TriLep_ggHToZZTo4L.root
2026-01-07 18:53:53,253 - INFO - [2023BPix] MISSING_CENTRAL: SR1E2Mu/Central/jets/4/pt in Skim_TriLep_MuonEG_D_v2.root
2026-01-07 18:53:53,260 - INFO - [2023BPix] MISSING_CENTRAL: SR1E2Mu/Central/jets/4/pt in Skim_TriLep_DYJets.root
2026-01-07 18:53:53,268 - INFO - [2023BPix] MISSING_CENTRAL: SR1E2Mu/Central/jets/4/pt in Skim_TriLep_DYJets10to50.root
2026-01-07 18:53:53,269 - INFO - [2023BPix] MISSING_CENTRAL: SR1E2Mu/Central/jets/4/pt in Skim_TriLep_TTG_PTG10to100.root
2026-01-07 18:53:53,270 - INFO - [2023BPix] MISSING_CENTRAL: SR1E2Mu/Central/jets/4/pt in Skim_TriLep_TTG_PTG100to200.root
2026-01-07 18:53:53,276 - INFO - [2023BPix] MISSING_CENTRAL: SR1E2Mu/Central/jets/4/pt in Skim_TriLep_TTG_PTG200toInf.root
2026-01-07 18:53:53,463 - INFO - [2023BPix] MISSING_CENTRAL: SR1E2Mu/Central/jets/4/pt in Skim_TriLep_WZTo3LNu_powheg.root
2026-01-07 18:53:53,535 - INFO - [2023BPix] MISSING_CENTRAL: SR1E2Mu/Central/jets/4/pt in Skim_TriLep_WWW.root
2026-01-07 18:53:53,616 - INFO - [2023BPix] MISSING_CENTRAL: SR1E2Mu/Central/jets/4/pt in Skim_TriLep_VBFHToZZTo4L.root
2026-01-07 18:53:53,618 - INFO - [2023BPix] MISSING_CENTRAL: SR1E2Mu/Central/jets/4/pt in Skim_TriLep_ggHToZZTo4L.root
2026-01-07 19:31:43,072 - INFO - [2022] MISSING_CENTRAL: SR1E2Mu/Central/jets/4/pt in Skim_TriLep_MuonEG_D.root
2026-01-07 19:31:43,097 - INFO - [2022EE] MISSING_CENTRAL: SR1E2Mu/Central/jets/4/pt in Skim_TriLep_MuonEG_G.root
2026-01-07 19:31:43,112 - INFO - [2023] MISSING_CENTRAL: SR1E2Mu/Central/jets/4/pt in Skim_TriLep_MuonEG_C_v2.root
2026-01-07 19:31:43,113 - INFO - [2023] MISSING_CENTRAL: SR1E2Mu/Central/jets/4/pt in Skim_TriLep_MuonEG_C_v3.root
2026-01-07 19:31:43,115 - INFO - [2023BPix] MISSING_CENTRAL: SR1E2Mu/Central/jets/4/pt in Skim_TriLep_MuonEG_D_v1.root
2026-01-07 19:31:43,116 - INFO - [2023BPix] MISSING_CENTRAL: SR1E2Mu/Central/jets/4/pt in Skim_TriLep_MuonEG_D_v2.root
2026-01-07 19:31:43,137 - INFO - [2022] MISSING_CENTRAL: SR1E2Mu/Central/jets/4/pt in Skim_TriLep_DYJets.root
2026-01-07 19:31:43,138 - INFO - [2022] MISSING_CENTRAL: SR1E2Mu/Central/jets/4/pt in Skim_TriLep_DYJets10to50.root
2026-01-07 19:31:43,139 - INFO - [2022] MISSING_CENTRAL: SR1E2Mu/Central/jets/4/pt in Skim_TriLep_TTG_PTG10to100.root
2026-01-07 19:31:43,140 - INFO - [2022] MISSING_CENTRAL: SR1E2Mu/Central/jets/4/pt in Skim_TriLep_TTG_PTG100to200.root
2026-01-07 19:31:43,402 - INFO - [2022] MISSING_CENTRAL: SR1E2Mu/Central/jets/4/pt in Skim_TriLep_WZTo3LNu_powheg.root
2026-01-07 19:31:43,458 - INFO - [2022] MISSING_CENTRAL: SR1E2Mu/Central/jets/4/pt in Skim_TriLep_WWW.root
2026-01-07 19:31:43,628 - INFO - [2022] MISSING_CENTRAL: SR1E2Mu/Central/jets/4/pt in Skim_TriLep_VBFHToZZTo4L.root
2026-01-07 19:31:43,629 - INFO - [2022] MISSING_CENTRAL: SR1E2Mu/Central/jets/4/pt in Skim_TriLep_ggHToZZTo4L.root
2026-01-07 19:31:43,630 - INFO - [2022EE] MISSING_CENTRAL: SR1E2Mu/Central/jets/4/pt in Skim_TriLep_MuonEG_E.root
2026-01-07 19:31:43,634 - INFO - [2022EE] MISSING_CENTRAL: SR1E2Mu/Central/jets/4/pt in Skim_TriLep_DYJets.root
2026-01-07 19:31:43,635 - INFO - [2022EE] MISSING_CENTRAL: SR1E2Mu/Central/jets/4/pt in Skim_TriLep_DYJets10to50.root
2026-01-07 19:31:43,864 - INFO - [2022EE] MISSING_CENTRAL: SR1E2Mu/Central/jets/4/pt in Skim_TriLep_WZTo3LNu_powheg.root
2026-01-07 19:31:43,964 - INFO - [2022EE] MISSING_CENTRAL: SR1E2Mu/Central/jets/4/pt in Skim_TriLep_WWW.root
2026-01-07 19:31:44,234 - INFO - [2023] MISSING_CENTRAL: SR1E2Mu/Central/jets/4/pt in Skim_TriLep_DYJets.root
2026-01-07 19:31:44,239 - INFO - [2023] MISSING_CENTRAL: SR1E2Mu/Central/jets/4/pt in Skim_TriLep_DYJets10to50.root
2026-01-07 19:31:44,314 - INFO - [2023] MISSING_CENTRAL: SR1E2Mu/Central/jets/4/pt in Skim_TriLep_TTG_PTG100to200.root
2026-01-07 19:31:44,570 - INFO - [2023] MISSING_CENTRAL: SR1E2Mu/Central/jets/4/pt in Skim_TriLep_WWW.root
2026-01-07 19:31:44,775 - INFO - [2023] MISSING_CENTRAL: SR1E2Mu/Central/jets/4/pt in Skim_TriLep_VBFHToZZTo4L.root
2026-01-07 19:31:44,777 - INFO - [2023] MISSING_CENTRAL: SR1E2Mu/Central/jets/4/pt in Skim_TriLep_ggHToZZTo4L.root
2026-01-07 19:31:44,780 - INFO - [2023BPix] MISSING_CENTRAL: SR1E2Mu/Central/jets/4/pt in Skim_TriLep_MuonEG_D_v2.root
2026-01-07 19:31:44,781 - INFO - [2023BPix] MISSING_CENTRAL: SR1E2Mu/Central/jets/4/pt in Skim_TriLep_DYJets.root
2026-01-07 19:31:44,782 - INFO - [2023BPix] MISSING_CENTRAL: SR1E2Mu/Central/jets/4/pt in Skim_TriLep_DYJets10to50.root
2026-01-07 19:31:44,783 - INFO - [2023BPix] MISSING_CENTRAL: SR1E2Mu/Central/jets/4/pt in Skim_TriLep_TTG_PTG10to100.root
2026-01-07 19:31:44,785 - INFO - [2023BPix] MISSING_CENTRAL: SR1E2Mu/Central/jets/4/pt in Skim_TriLep_TTG_PTG100to200.root
2026-01-07 19:31:44,786 - INFO - [2023BPix] MISSING_CENTRAL: SR1E2Mu/Central/jets/4/pt in Skim_TriLep_TTG_PTG200toInf.root
2026-01-07 19:31:44,957 - INFO - [2023BPix] MISSING_CENTRAL: SR1E2Mu/Central/jets/4/pt in Skim_TriLep_WZTo3LNu_powheg.root
2026-01-07 19:31:45,023 - INFO - [2023BPix] MISSING_CENTRAL: SR1E2Mu/Central/jets/4/pt in Skim_TriLep_WWW.root
2026-01-07 19:31:45,235 - INFO - [2023BPix] MISSING_CENTRAL: SR1E2Mu/Central/jets/4/pt in Skim_TriLep_VBFHToZZTo4L.root
2026-01-07 19:31:45,237 - INFO - [2023BPix] MISSING_CENTRAL: SR1E2Mu/Central/jets/4/pt in Skim_TriLep_ggHToZZTo4L.root
2026-01-09 12:29:10,217 - INFO - [2022] MISSING_CENTRAL: SR1E2Mu/Central/jets/4/pt in Skim_TriLep_MuonEG_D.root
2026-01-09 12:29:10,239 - INFO - [2022EE] MISSING_CENTRAL: SR1E2Mu/Central/jets/4/pt in Skim_TriLep_MuonEG_G.root
2026-01-09 12:29:10,249 - INFO - [2023] MISSING_CENTRAL: SR1E2Mu/Central/jets/4/pt in Skim_TriLep_MuonEG_C_v2.root
2026-01-09 12:29:10,250 - INFO - [2023] MISSING_CENTRAL: SR1E2Mu/Central/jets/4/pt in Skim_TriLep_MuonEG_C_v3.root
2026-01-09 12:29:10,251 - INFO - [2023BPix] MISSING_CENTRAL: SR1E2Mu/Central/jets/4/pt in Skim_TriLep_MuonEG_D_v1.root
2026-01-09 12:29:10,251 - INFO - [2023BPix] MISSING_CENTRAL: SR1E2Mu/Central/jets/4/pt in Skim_TriLep_MuonEG_D_v2.root
2026-01-09 12:29:10,266 - INFO - [2022] MISSING_CENTRAL: SR1E2Mu/Central/jets/4/pt in Skim_TriLep_DYJets.root
2026-01-09 12:29:10,266 - INFO - [2022] MISSING_CENTRAL: SR1E2Mu/Central/jets/4/pt in Skim_TriLep_DYJets10to50.root
2026-01-09 12:29:10,267 - INFO - [2022] MISSING_CENTRAL: SR1E2Mu/Central/jets/4/pt in Skim_TriLep_TTG_PTG10to100.root
2026-01-09 12:29:10,268 - INFO - [2022] MISSING_CENTRAL: SR1E2Mu/Central/jets/4/pt in Skim_TriLep_TTG_PTG100to200.root
2026-01-09 12:29:10,331 - INFO - [2022] MISSING_CENTRAL: SR1E2Mu/Central/jets/4/pt in Skim_TriLep_WZTo3LNu_powheg.root
2026-01-09 12:29:10,387 - INFO - [2022] MISSING_CENTRAL: SR1E2Mu/Central/jets/4/pt in Skim_TriLep_WWW.root
2026-01-09 12:29:10,450 - INFO - [2022] MISSING_CENTRAL: SR1E2Mu/Central/jets/4/pt in Skim_TriLep_VBFHToZZTo4L.root
2026-01-09 12:29:10,451 - INFO - [2022] MISSING_CENTRAL: SR1E2Mu/Central/jets/4/pt in Skim_TriLep_ggHToZZTo4L.root
2026-01-09 12:29:10,451 - INFO - [2022EE] MISSING_CENTRAL: SR1E2Mu/Central/jets/4/pt in Skim_TriLep_MuonEG_E.root
2026-01-09 12:29:10,453 - INFO - [2022EE] MISSING_CENTRAL: SR1E2Mu/Central/jets/4/pt in Skim_TriLep_DYJets.root
2026-01-09 12:29:10,454 - INFO - [2022EE] MISSING_CENTRAL: SR1E2Mu/Central/jets/4/pt in Skim_TriLep_DYJets10to50.root
2026-01-09 12:29:10,581 - INFO - [2022EE] MISSING_CENTRAL: SR1E2Mu/Central/jets/4/pt in Skim_TriLep_WZTo3LNu_powheg.root
2026-01-09 12:29:10,616 - INFO - [2022EE] MISSING_CENTRAL: SR1E2Mu/Central/jets/4/pt in Skim_TriLep_WWW.root
2026-01-09 12:29:10,689 - INFO - [2023] MISSING_CENTRAL: SR1E2Mu/Central/jets/4/pt in Skim_TriLep_DYJets.root
2026-01-09 12:29:10,690 - INFO - [2023] MISSING_CENTRAL: SR1E2Mu/Central/jets/4/pt in Skim_TriLep_DYJets10to50.root
2026-01-09 12:29:10,703 - INFO - [2023] MISSING_CENTRAL: SR1E2Mu/Central/jets/4/pt in Skim_TriLep_TTG_PTG100to200.root
2026-01-09 12:29:10,817 - INFO - [2023] MISSING_CENTRAL: SR1E2Mu/Central/jets/4/pt in Skim_TriLep_WWW.root
2026-01-09 12:29:10,906 - INFO - [2023] MISSING_CENTRAL: SR1E2Mu/Central/jets/4/pt in Skim_TriLep_VBFHToZZTo4L.root
2026-01-09 12:29:10,907 - INFO - [2023] MISSING_CENTRAL: SR1E2Mu/Central/jets/4/pt in Skim_TriLep_ggHToZZTo4L.root
2026-01-09 12:29:10,908 - INFO - [2023BPix] MISSING_CENTRAL: SR1E2Mu/Central/jets/4/pt in Skim_TriLep_MuonEG_D_v2.root
2026-01-09 12:29:10,909 - INFO - [2023BPix] MISSING_CENTRAL: SR1E2Mu/Central/jets/4/pt in Skim_TriLep_DYJets.root
2026-01-09 12:29:10,909 - INFO - [2023BPix] MISSING_CENTRAL: SR1E2Mu/Central/jets/4/pt in Skim_TriLep_DYJets10to50.root
2026-01-09 12:29:10,910 - INFO - [2023BPix] MISSING_CENTRAL: SR1E2Mu/Central/jets/4/pt in Skim_TriLep_TTG_PTG10to100.root
2026-01-09 12:29:10,911 - INFO - [2023BPix] MISSING_CENTRAL: SR1E2Mu/Central/jets/4/pt in Skim_TriLep_TTG_PTG100to200.root
2026-01-09 12:29:10,911 - INFO - [2023BPix] MISSING_CENTRAL: SR1E2Mu/Central/jets/4/pt in Skim_TriLep_TTG_PTG200toInf.root
2026-01-09 12:29:10,961 - INFO - [2023BPix] MISSING_CENTRAL: SR1E2Mu/Central/jets/4/pt in Skim_TriLep_WZTo3LNu_powheg.root
2026-01-09 12:29:11,000 - INFO - [2023BPix] MISSING_CENTRAL: SR1E2Mu/Central/jets/4/pt in Skim_TriLep_WWW.root
2026-01-09 12:29:11,053 - INFO - [2023BPix] MISSING_CENTRAL: SR1E2Mu/Central/jets/4/pt in Skim_TriLep_VBFHToZZTo4L.root
2026-01-09 12:29:11,054 - INFO - [2023BPix] MISSING_CENTRAL: SR1E2Mu/Central/jets/4/pt in Skim_TriLep_ggHToZZTo4L.root
2026-01-11 09:49:10,002 - INFO - [2022] MISSING_CENTRAL: SR1E2Mu/Central/jets/4/pt in Skim_TriLep_MuonEG_D.root
2026-01-11 09:49:10,026 - INFO - [2022EE] MISSING_CENTRAL: SR1E2Mu/Central/jets/4/pt in Skim_TriLep_MuonEG_G.root
2026-01-11 09:49:10,036 - INFO - [2023] MISSING_CENTRAL: SR1E2Mu/Central/jets/4/pt in Skim_TriLep_MuonEG_C_v2.root
2026-01-11 09:49:10,036 - INFO - [2023] MISSING_CENTRAL: SR1E2Mu/Central/jets/4/pt in Skim_TriLep_MuonEG_C_v3.root
2026-01-11 09:49:10,037 - INFO - [2023BPix] MISSING_CENTRAL: SR1E2Mu/Central/jets/4/pt in Skim_TriLep_MuonEG_D_v1.root
2026-01-11 09:49:10,038 - INFO - [2023BPix] MISSING_CENTRAL: SR1E2Mu/Central/jets/4/pt in Skim_TriLep_MuonEG_D_v2.root
2026-01-11 09:49:10,053 - INFO - [2022] MISSING_CENTRAL: SR1E2Mu/Central/jets/4/pt in Skim_TriLep_DYJets.root
2026-01-11 09:49:10,053 - INFO - [2022] MISSING_CENTRAL: SR1E2Mu/Central/jets/4/pt in Skim_TriLep_DYJets10to50.root
2026-01-11 09:49:10,054 - INFO - [2022] MISSING_CENTRAL: SR1E2Mu/Central/jets/4/pt in Skim_TriLep_TTG_PTG10to100.root
2026-01-11 09:49:10,054 - INFO - [2022] MISSING_CENTRAL: SR1E2Mu/Central/jets/4/pt in Skim_TriLep_TTG_PTG100to200.root
2026-01-11 09:49:10,115 - INFO - [2022] MISSING_CENTRAL: SR1E2Mu/Central/jets/4/pt in Skim_TriLep_WZTo3LNu_powheg.root
2026-01-11 09:49:10,158 - INFO - [2022] MISSING_CENTRAL: SR1E2Mu/Central/jets/4/pt in Skim_TriLep_WWW.root
2026-01-11 09:49:10,227 - INFO - [2022] MISSING_CENTRAL: SR1E2Mu/Central/jets/4/pt in Skim_TriLep_VBFHToZZTo4L.root
2026-01-11 09:49:10,228 - INFO - [2022] MISSING_CENTRAL: SR1E2Mu/Central/jets/4/pt in Skim_TriLep_ggHToZZTo4L.root
2026-01-11 09:49:10,228 - INFO - [2022EE] MISSING_CENTRAL: SR1E2Mu/Central/jets/4/pt in Skim_TriLep_MuonEG_E.root
2026-01-11 09:49:10,230 - INFO - [2022EE] MISSING_CENTRAL: SR1E2Mu/Central/jets/4/pt in Skim_TriLep_DYJets.root
2026-01-11 09:49:10,231 - INFO - [2022EE] MISSING_CENTRAL: SR1E2Mu/Central/jets/4/pt in Skim_TriLep_DYJets10to50.root
2026-01-11 09:49:10,307 - INFO - [2022EE] MISSING_CENTRAL: SR1E2Mu/Central/jets/4/pt in Skim_TriLep_WZTo3LNu_powheg.root
2026-01-11 09:49:10,386 - INFO - [2022EE] MISSING_CENTRAL: SR1E2Mu/Central/jets/4/pt in Skim_TriLep_WWW.root
2026-01-11 09:49:10,458 - INFO - [2023] MISSING_CENTRAL: SR1E2Mu/Central/jets/4/pt in Skim_TriLep_DYJets.root
2026-01-11 09:49:10,459 - INFO - [2023] MISSING_CENTRAL: SR1E2Mu/Central/jets/4/pt in Skim_TriLep_DYJets10to50.root
2026-01-11 09:49:10,471 - INFO - [2023] MISSING_CENTRAL: SR1E2Mu/Central/jets/4/pt in Skim_TriLep_TTG_PTG100to200.root
2026-01-11 09:49:10,609 - INFO - [2023] MISSING_CENTRAL: SR1E2Mu/Central/jets/4/pt in Skim_TriLep_WWW.root
2026-01-11 09:49:10,659 - INFO - [2023] MISSING_CENTRAL: SR1E2Mu/Central/jets/4/pt in Skim_TriLep_VBFHToZZTo4L.root
2026-01-11 09:49:10,660 - INFO - [2023] MISSING_CENTRAL: SR1E2Mu/Central/jets/4/pt in Skim_TriLep_ggHToZZTo4L.root
2026-01-11 09:49:10,662 - INFO - [2023BPix] MISSING_CENTRAL: SR1E2Mu/Central/jets/4/pt in Skim_TriLep_MuonEG_D_v2.root
2026-01-11 09:49:10,663 - INFO - [2023BPix] MISSING_CENTRAL: SR1E2Mu/Central/jets/4/pt in Skim_TriLep_DYJets.root
2026-01-11 09:49:10,663 - INFO - [2023BPix] MISSING_CENTRAL: SR1E2Mu/Central/jets/4/pt in Skim_TriLep_DYJets10to50.root
2026-01-11 09:49:10,664 - INFO - [2023BPix] MISSING_CENTRAL: SR1E2Mu/Central/jets/4/pt in Skim_TriLep_TTG_PTG10to100.root
2026-01-11 09:49:10,665 - INFO - [2023BPix] MISSING_CENTRAL: SR1E2Mu/Central/jets/4/pt in Skim_TriLep_TTG_PTG100to200.root
2026-01-11 09:49:10,665 - INFO - [2023BPix] MISSING_CENTRAL: SR1E2Mu/Central/jets/4/pt in Skim_TriLep_TTG_PTG200toInf.root
2026-01-11 09:49:10,714 - INFO - [2023BPix] MISSING_CENTRAL: SR1E2Mu/Central/jets/4/pt in Skim_TriLep_WZTo3LNu_powheg.root
2026-01-11 09:49:10,752 - INFO - [2023BPix] MISSING_CENTRAL: SR1E2Mu/Central/jets/4/pt in Skim_TriLep_WWW.root
2026-01-11 09:49:10,803 - INFO - [2023BPix] MISSING_CENTRAL: SR1E2Mu/Central/jets/4/pt in Skim_TriLep_VBFHToZZTo4L.root
2026-01-11 09:49:10,805 - INFO - [2023BPix] MISSING_CENTRAL: SR1E2Mu/Central/jets/4/pt in Skim_TriLep_ggHToZZTo4L.root
2026-01-12 13:58:07,077 - INFO - [2022] MISSING_CENTRAL: SR1E2Mu/Central/jets/4/pt in Skim_TriLep_MuonEG_D.root
2026-01-12 13:58:07,125 - INFO - [2022EE] MISSING_CENTRAL: SR1E2Mu/Central/jets/4/pt in Skim_TriLep_MuonEG_G.root
2026-01-12 13:58:07,137 - INFO - [2023] MISSING_CENTRAL: SR1E2Mu/Central/jets/4/pt in Skim_TriLep_MuonEG_C_v2.root
2026-01-12 13:58:07,138 - INFO - [2023] MISSING_CENTRAL: SR1E2Mu/Central/jets/4/pt in Skim_TriLep_MuonEG_C_v3.root
2026-01-12 13:58:07,139 - INFO - [2023BPix] MISSING_CENTRAL: SR1E2Mu/Central/jets/4/pt in Skim_TriLep_MuonEG_D_v1.root
2026-01-12 13:58:07,140 - INFO - [2023BPix] MISSING_CENTRAL: SR1E2Mu/Central/jets/4/pt in Skim_TriLep_MuonEG_D_v2.root
2026-01-12 13:58:07,143 - INFO - [2022] MISSING_FILE: /home/choij/Sync/workspace/ChargedHiggsAnalysisV3/SKNanoOutput/MatrixSelector/Run1E2Mu/2022/Skim_TriLep_MuonEG_C.root
2026-01-12 13:58:07,143 - INFO - [2022] MISSING_FILE: /home/choij/Sync/workspace/ChargedHiggsAnalysisV3/SKNanoOutput/MatrixSelector/Run1E2Mu/2022/Skim_TriLep_MuonEG_D.root
2026-01-12 13:58:07,144 - INFO - [2022] MISSING_CENTRAL: SR1E2Mu/Central/jets/4/pt in Skim_TriLep_DYJets.root
2026-01-12 13:58:07,144 - INFO - [2022] MISSING_CENTRAL: SR1E2Mu/Central/jets/4/pt in Skim_TriLep_DYJets10to50.root
2026-01-12 13:58:07,145 - INFO - [2022] MISSING_CENTRAL: SR1E2Mu/Central/jets/4/pt in Skim_TriLep_TTG_PTG10to100.root
2026-01-12 13:58:07,146 - INFO - [2022] MISSING_CENTRAL: SR1E2Mu/Central/jets/4/pt in Skim_TriLep_TTG_PTG100to200.root
2026-01-12 13:58:07,224 - INFO - [2022] MISSING_CENTRAL: SR1E2Mu/Central/jets/4/pt in Skim_TriLep_WZTo3LNu_powheg.root
2026-01-12 13:58:07,258 - INFO - [2022] MISSING_CENTRAL: SR1E2Mu/Central/jets/4/pt in Skim_TriLep_WWW.root
2026-01-12 13:58:07,352 - INFO - [2022] MISSING_CENTRAL: SR1E2Mu/Central/jets/4/pt in Skim_TriLep_VBFHToZZTo4L.root
2026-01-12 13:58:07,353 - INFO - [2022] MISSING_CENTRAL: SR1E2Mu/Central/jets/4/pt in Skim_TriLep_ggHToZZTo4L.root
2026-01-12 13:58:07,353 - INFO - [2022EE] MISSING_FILE: /home/choij/Sync/workspace/ChargedHiggsAnalysisV3/SKNanoOutput/MatrixSelector/Run1E2Mu/2022EE/Skim_TriLep_MuonEG_E.root
2026-01-12 13:58:07,353 - INFO - [2022EE] MISSING_FILE: /home/choij/Sync/workspace/ChargedHiggsAnalysisV3/SKNanoOutput/MatrixSelector/Run1E2Mu/2022EE/Skim_TriLep_MuonEG_F.root
2026-01-12 13:58:07,353 - INFO - [2022EE] MISSING_FILE: /home/choij/Sync/workspace/ChargedHiggsAnalysisV3/SKNanoOutput/MatrixSelector/Run1E2Mu/2022EE/Skim_TriLep_MuonEG_G.root
2026-01-12 13:58:07,353 - INFO - [2022EE] MISSING_CENTRAL: SR1E2Mu/Central/jets/4/pt in Skim_TriLep_DYJets.root
2026-01-12 13:58:07,354 - INFO - [2022EE] MISSING_CENTRAL: SR1E2Mu/Central/jets/4/pt in Skim_TriLep_DYJets10to50.root
2026-01-12 13:58:07,464 - INFO - [2022EE] MISSING_CENTRAL: SR1E2Mu/Central/jets/4/pt in Skim_TriLep_WZTo3LNu_powheg.root
2026-01-12 13:58:07,500 - INFO - [2022EE] MISSING_CENTRAL: SR1E2Mu/Central/jets/4/pt in Skim_TriLep_WWW.root
2026-01-12 13:58:07,688 - INFO - [2023] MISSING_FILE: /home/choij/Sync/workspace/ChargedHiggsAnalysisV3/SKNanoOutput/MatrixSelector/Run1E2Mu/2023/Skim_TriLep_MuonEG_C_v1.root
2026-01-12 13:58:07,688 - INFO - [2023] MISSING_FILE: /home/choij/Sync/workspace/ChargedHiggsAnalysisV3/SKNanoOutput/MatrixSelector/Run1E2Mu/2023/Skim_TriLep_MuonEG_C_v2.root
2026-01-12 13:58:07,688 - INFO - [2023] MISSING_FILE: /home/choij/Sync/workspace/ChargedHiggsAnalysisV3/SKNanoOutput/MatrixSelector/Run1E2Mu/2023/Skim_TriLep_MuonEG_C_v3.root
2026-01-12 13:58:07,688 - INFO - [2023] MISSING_FILE: /home/choij/Sync/workspace/ChargedHiggsAnalysisV3/SKNanoOutput/MatrixSelector/Run1E2Mu/2023/Skim_TriLep_MuonEG_C_v4.root
2026-01-12 13:58:07,688 - INFO - [2023] MISSING_CENTRAL: SR1E2Mu/Central/jets/4/pt in Skim_TriLep_DYJets.root
2026-01-12 13:58:07,689 - INFO - [2023] MISSING_CENTRAL: SR1E2Mu/Central/jets/4/pt in Skim_TriLep_DYJets10to50.root
2026-01-12 13:58:07,719 - INFO - [2023] MISSING_CENTRAL: SR1E2Mu/Central/jets/4/pt in Skim_TriLep_TTG_PTG100to200.root
2026-01-12 13:58:07,856 - INFO - [2023] MISSING_CENTRAL: SR1E2Mu/Central/jets/4/pt in Skim_TriLep_WWW.root
2026-01-12 13:58:07,906 - INFO - [2023] MISSING_CENTRAL: SR1E2Mu/Central/jets/4/pt in Skim_TriLep_VBFHToZZTo4L.root
2026-01-12 13:58:07,907 - INFO - [2023] MISSING_CENTRAL: SR1E2Mu/Central/jets/4/pt in Skim_TriLep_ggHToZZTo4L.root
2026-01-12 13:58:07,907 - INFO - [2023BPix] MISSING_FILE: /home/choij/Sync/workspace/ChargedHiggsAnalysisV3/SKNanoOutput/MatrixSelector/Run1E2Mu/2023BPix/Skim_TriLep_MuonEG_D_v1.root
2026-01-12 13:58:07,907 - INFO - [2023BPix] MISSING_FILE: /home/choij/Sync/workspace/ChargedHiggsAnalysisV3/SKNanoOutput/MatrixSelector/Run1E2Mu/2023BPix/Skim_TriLep_MuonEG_D_v2.root
2026-01-12 13:58:07,907 - INFO - [2023BPix] MISSING_CENTRAL: SR1E2Mu/Central/jets/4/pt in Skim_TriLep_DYJets.root
2026-01-12 13:58:07,908 - INFO - [2023BPix] MISSING_CENTRAL: SR1E2Mu/Central/jets/4/pt in Skim_TriLep_DYJets10to50.root
2026-01-12 13:58:07,908 - INFO - [2023BPix] MISSING_CENTRAL: SR1E2Mu/Central/jets/4/pt in Skim_TriLep_TTG_PTG10to100.root
2026-01-12 13:58:07,909 - INFO - [2023BPix] MISSING_CENTRAL: SR1E2Mu/Central/jets/4/pt in Skim_TriLep_TTG_PTG100to200.root
2026-01-12 13:58:07,910 - INFO - [2023BPix] MISSING_CENTRAL: SR1E2Mu/Central/jets/4/pt in Skim_TriLep_TTG_PTG200toInf.root
2026-01-12 13:58:07,977 - INFO - [2023BPix] MISSING_CENTRAL: SR1E2Mu/Central/jets/4/pt in Skim_TriLep_WZTo3LNu_powheg.root
2026-01-12 13:58:08,048 - INFO - [2023BPix] MISSING_CENTRAL: SR1E2Mu/Central/jets/4/pt in Skim_TriLep_WWW.root
2026-01-12 13:58:08,102 - INFO - [2023BPix] MISSING_CENTRAL: SR1E2Mu/Central/jets/4/pt in Skim_TriLep_VBFHToZZTo4L.root
2026-01-12 13:58:08,104 - INFO - [2023BPix] MISSING_CENTRAL: SR1E2Mu/Central/jets/4/pt in Skim_TriLep_ggHToZZTo4L.root
2026-01-16 19:12:38,795 - INFO - [2022] MISSING_CENTRAL: SR1E2Mu/Central/jets/4/pt in Skim_TriLep_MuonEG_D.root
2026-01-16 19:12:38,816 - INFO - [2022EE] MISSING_CENTRAL: SR1E2Mu/Central/jets/4/pt in Skim_TriLep_MuonEG_G.root
2026-01-16 19:12:38,826 - INFO - [2023] MISSING_CENTRAL: SR1E2Mu/Central/jets/4/pt in Skim_TriLep_MuonEG_C_v2.root
2026-01-16 19:12:38,826 - INFO - [2023] MISSING_CENTRAL: SR1E2Mu/Central/jets/4/pt in Skim_TriLep_MuonEG_C_v3.root
2026-01-16 19:12:38,827 - INFO - [2023BPix] MISSING_CENTRAL: SR1E2Mu/Central/jets/4/pt in Skim_TriLep_MuonEG_D_v1.root
2026-01-16 19:12:38,828 - INFO - [2023BPix] MISSING_CENTRAL: SR1E2Mu/Central/jets/4/pt in Skim_TriLep_MuonEG_D_v2.root
2026-01-16 19:12:38,843 - INFO - [2022] MISSING_CENTRAL: SR1E2Mu/Central/jets/4/pt in Skim_TriLep_DYJets.root
2026-01-16 19:12:38,843 - INFO - [2022] MISSING_CENTRAL: SR1E2Mu/Central/jets/4/pt in Skim_TriLep_DYJets10to50.root
2026-01-16 19:12:38,844 - INFO - [2022] MISSING_CENTRAL: SR1E2Mu/Central/jets/4/pt in Skim_TriLep_TTG_PTG10to100.root
2026-01-16 19:12:38,844 - INFO - [2022] MISSING_CENTRAL: SR1E2Mu/Central/jets/4/pt in Skim_TriLep_TTG_PTG100to200.root
2026-01-16 19:12:38,905 - INFO - [2022] MISSING_CENTRAL: SR1E2Mu/Central/jets/4/pt in Skim_TriLep_WZTo3LNu_powheg.root
2026-01-16 19:12:38,939 - INFO - [2022] MISSING_CENTRAL: SR1E2Mu/Central/jets/4/pt in Skim_TriLep_WWW.root
2026-01-16 19:12:38,986 - INFO - [2022] MISSING_CENTRAL: SR1E2Mu/Central/jets/4/pt in Skim_TriLep_VBFHToZZTo4L.root
2026-01-16 19:12:38,986 - INFO - [2022] MISSING_CENTRAL: SR1E2Mu/Central/jets/4/pt in Skim_TriLep_ggHToZZTo4L.root
2026-01-16 19:12:38,987 - INFO - [2022EE] MISSING_CENTRAL: SR1E2Mu/Central/jets/4/pt in Skim_TriLep_MuonEG_E.root
2026-01-16 19:12:38,988 - INFO - [2022EE] MISSING_CENTRAL: SR1E2Mu/Central/jets/4/pt in Skim_TriLep_DYJets.root
2026-01-16 19:12:38,989 - INFO - [2022EE] MISSING_CENTRAL: SR1E2Mu/Central/jets/4/pt in Skim_TriLep_DYJets10to50.root
2026-01-16 19:12:39,074 - INFO - [2022EE] MISSING_CENTRAL: SR1E2Mu/Central/jets/4/pt in Skim_TriLep_WZTo3LNu_powheg.root
2026-01-16 19:12:39,111 - INFO - [2022EE] MISSING_CENTRAL: SR1E2Mu/Central/jets/4/pt in Skim_TriLep_WWW.root
2026-01-16 19:12:39,186 - INFO - [2023] MISSING_CENTRAL: SR1E2Mu/Central/jets/4/pt in Skim_TriLep_DYJets.root
2026-01-16 19:12:39,187 - INFO - [2023] MISSING_CENTRAL: SR1E2Mu/Central/jets/4/pt in Skim_TriLep_DYJets10to50.root
2026-01-16 19:12:39,199 - INFO - [2023] MISSING_CENTRAL: SR1E2Mu/Central/jets/4/pt in Skim_TriLep_TTG_PTG100to200.root
2026-01-16 19:12:39,305 - INFO - [2023] MISSING_CENTRAL: SR1E2Mu/Central/jets/4/pt in Skim_TriLep_WWW.root
2026-01-16 19:12:39,357 - INFO - [2023] MISSING_CENTRAL: SR1E2Mu/Central/jets/4/pt in Skim_TriLep_VBFHToZZTo4L.root
2026-01-16 19:12:39,358 - INFO - [2023] MISSING_CENTRAL: SR1E2Mu/Central/jets/4/pt in Skim_TriLep_ggHToZZTo4L.root
2026-01-16 19:12:39,360 - INFO - [2023BPix] MISSING_CENTRAL: SR1E2Mu/Central/jets/4/pt in Skim_TriLep_MuonEG_D_v2.root
2026-01-16 19:12:39,360 - INFO - [2023BPix] MISSING_CENTRAL: SR1E2Mu/Central/jets/4/pt in Skim_TriLep_DYJets.root
2026-01-16 19:12:39,361 - INFO - [2023BPix] MISSING_CENTRAL: SR1E2Mu/Central/jets/4/pt in Skim_TriLep_DYJets10to50.root
2026-01-16 19:12:39,361 - INFO - [2023BPix] MISSING_CENTRAL: SR1E2Mu/Central/jets/4/pt in Skim_TriLep_TTG_PTG10to100.root
2026-01-16 19:12:39,362 - INFO - [2023BPix] MISSING_CENTRAL: SR1E2Mu/Central/jets/4/pt in Skim_TriLep_TTG_PTG100to200.root
2026-01-16 19:12:39,363 - INFO - [2023BPix] MISSING_CENTRAL: SR1E2Mu/Central/jets/4/pt in Skim_TriLep_TTG_PTG200toInf.root
2026-01-16 19:12:39,413 - INFO - [2023BPix] MISSING_CENTRAL: SR1E2Mu/Central/jets/4/pt in Skim_TriLep_WZTo3LNu_powheg.root
2026-01-16 19:12:39,459 - INFO - [2023BPix] MISSING_CENTRAL: SR1E2Mu/Central/jets/4/pt in Skim_TriLep_WWW.root
2026-01-16 19:12:39,532 - INFO - [2023BPix] MISSING_CENTRAL: SR1E2Mu/Central/jets/4/pt in Skim_TriLep_VBFHToZZTo4L.root
2026-01-16 19:12:39,536 - INFO - [2023BPix] MISSING_CENTRAL: SR1E2Mu/Central/jets/4/pt in Skim_TriLep_ggHToZZTo4L.root
2026-01-21 13:01:57,965 - INFO - [2022] MISSING_CENTRAL: SR1E2Mu/Central/jets/4/pt in Skim_TriLep_MuonEG_D.root
2026-01-21 13:01:57,988 - INFO - [2022EE] MISSING_CENTRAL: SR1E2Mu/Central/jets/4/pt in Skim_TriLep_MuonEG_G.root
2026-01-21 13:01:57,999 - INFO - [2023] MISSING_CENTRAL: SR1E2Mu/Central/jets/4/pt in Skim_TriLep_MuonEG_C_v2.root
2026-01-21 13:01:58,000 - INFO - [2023] MISSING_CENTRAL: SR1E2Mu/Central/jets/4/pt in Skim_TriLep_MuonEG_C_v3.root
2026-01-21 13:01:58,001 - INFO - [2023BPix] MISSING_CENTRAL: SR1E2Mu/Central/jets/4/pt in Skim_TriLep_MuonEG_D_v1.root
2026-01-21 13:01:58,002 - INFO - [2023BPix] MISSING_CENTRAL: SR1E2Mu/Central/jets/4/pt in Skim_TriLep_MuonEG_D_v2.root
2026-01-21 13:01:58,015 - INFO - [2022] MISSING_CENTRAL: SR1E2Mu/Central/jets/4/pt in Skim_TriLep_DYJets.root
2026-01-21 13:01:58,015 - INFO - [2022] MISSING_CENTRAL: SR1E2Mu/Central/jets/4/pt in Skim_TriLep_DYJets10to50.root
2026-01-21 13:01:58,016 - INFO - [2022] MISSING_CENTRAL: SR1E2Mu/Central/jets/4/pt in Skim_TriLep_TTG_PTG10to100.root
2026-01-21 13:01:58,017 - INFO - [2022] MISSING_CENTRAL: SR1E2Mu/Central/jets/4/pt in Skim_TriLep_TTG_PTG100to200.root
2026-01-21 13:01:58,076 - INFO - [2022] MISSING_CENTRAL: SR1E2Mu/Central/jets/4/pt in Skim_TriLep_WZTo3LNu_powheg.root
2026-01-21 13:01:58,111 - INFO - [2022] MISSING_CENTRAL: SR1E2Mu/Central/jets/4/pt in Skim_TriLep_WWW.root
2026-01-21 13:01:58,157 - INFO - [2022] MISSING_CENTRAL: SR1E2Mu/Central/jets/4/pt in Skim_TriLep_VBFHToZZTo4L.root
2026-01-21 13:01:58,158 - INFO - [2022] MISSING_CENTRAL: SR1E2Mu/Central/jets/4/pt in Skim_TriLep_ggHToZZTo4L.root
2026-01-21 13:01:58,158 - INFO - [2022EE] MISSING_CENTRAL: SR1E2Mu/Central/jets/4/pt in Skim_TriLep_MuonEG_E.root
2026-01-21 13:01:58,160 - INFO - [2022EE] MISSING_CENTRAL: SR1E2Mu/Central/jets/4/pt in Skim_TriLep_DYJets.root
2026-01-21 13:01:58,161 - INFO - [2022EE] MISSING_CENTRAL: SR1E2Mu/Central/jets/4/pt in Skim_TriLep_DYJets10to50.root
2026-01-21 13:01:58,247 - INFO - [2022EE] MISSING_CENTRAL: SR1E2Mu/Central/jets/4/pt in Skim_TriLep_WZTo3LNu_powheg.root
2026-01-21 13:01:58,284 - INFO - [2022EE] MISSING_CENTRAL: SR1E2Mu/Central/jets/4/pt in Skim_TriLep_WWW.root
2026-01-21 13:01:58,360 - INFO - [2023] MISSING_CENTRAL: SR1E2Mu/Central/jets/4/pt in Skim_TriLep_DYJets.root
2026-01-21 13:01:58,361 - INFO - [2023] MISSING_CENTRAL: SR1E2Mu/Central/jets/4/pt in Skim_TriLep_DYJets10to50.root
2026-01-21 13:01:58,373 - INFO - [2023] MISSING_CENTRAL: SR1E2Mu/Central/jets/4/pt in Skim_TriLep_TTG_PTG100to200.root
2026-01-21 13:01:58,480 - INFO - [2023] MISSING_CENTRAL: SR1E2Mu/Central/jets/4/pt in Skim_TriLep_WWW.root
2026-01-21 13:01:58,527 - INFO - [2023] MISSING_CENTRAL: SR1E2Mu/Central/jets/4/pt in Skim_TriLep_VBFHToZZTo4L.root
2026-01-21 13:01:58,528 - INFO - [2023] MISSING_CENTRAL: SR1E2Mu/Central/jets/4/pt in Skim_TriLep_ggHToZZTo4L.root
2026-01-21 13:01:58,529 - INFO - [2023BPix] MISSING_CENTRAL: SR1E2Mu/Central/jets/4/pt in Skim_TriLep_MuonEG_D_v2.root
2026-01-21 13:01:58,530 - INFO - [2023BPix] MISSING_CENTRAL: SR1E2Mu/Central/jets/4/pt in Skim_TriLep_DYJets.root
2026-01-21 13:01:58,530 - INFO - [2023BPix] MISSING_CENTRAL: SR1E2Mu/Central/jets/4/pt in Skim_TriLep_DYJets10to50.root
2026-01-21 13:01:58,531 - INFO - [2023BPix] MISSING_CENTRAL: SR1E2Mu/Central/jets/4/pt in Skim_TriLep_TTG_PTG10to100.root
2026-01-21 13:01:58,532 - INFO - [2023BPix] MISSING_CENTRAL: SR1E2Mu/Central/jets/4/pt in Skim_TriLep_TTG_PTG100to200.root
2026-01-21 13:01:58,532 - INFO - [2023BPix] MISSING_CENTRAL: SR1E2Mu/Central/jets/4/pt in Skim_TriLep_TTG_PTG200toInf.root
2026-01-21 13:01:58,581 - INFO - [2023BPix] MISSING_CENTRAL: SR1E2Mu/Central/jets/4/pt in Skim_TriLep_WZTo3LNu_powheg.root
2026-01-21 13:01:58,618 - INFO - [2023BPix] MISSING_CENTRAL: SR1E2Mu/Central/jets/4/pt in Skim_TriLep_WWW.root
2026-01-21 13:01:58,668 - INFO - [2023BPix] MISSING_CENTRAL: SR1E2Mu/Central/jets/4/pt in Skim_TriLep_VBFHToZZTo4L.root
2026-01-21 13:01:58,668 - INFO - [2023BPix] MISSING_CENTRAL: SR1E2Mu/Central/jets/4/pt in Skim_TriLep_ggHToZZTo4L.root
2026-01-21 14:50:25,658 - INFO - [2022] MISSING_CENTRAL: SR1E2Mu/Central/jets/4/pt in Skim_TriLep_MuonEG_D.root
2026-01-21 14:50:25,680 - INFO - [2022EE] MISSING_CENTRAL: SR1E2Mu/Central/jets/4/pt in Skim_TriLep_MuonEG_G.root
2026-01-21 14:50:25,690 - INFO - [2023] MISSING_CENTRAL: SR1E2Mu/Central/jets/4/pt in Skim_TriLep_MuonEG_C_v2.root
2026-01-21 14:50:25,690 - INFO - [2023] MISSING_CENTRAL: SR1E2Mu/Central/jets/4/pt in Skim_TriLep_MuonEG_C_v3.root
2026-01-21 14:50:25,691 - INFO - [2023BPix] MISSING_CENTRAL: SR1E2Mu/Central/jets/4/pt in Skim_TriLep_MuonEG_D_v1.root
2026-01-21 14:50:25,692 - INFO - [2023BPix] MISSING_CENTRAL: SR1E2Mu/Central/jets/4/pt in Skim_TriLep_MuonEG_D_v2.root
2026-01-21 14:50:25,706 - INFO - [2022] MISSING_CENTRAL: SR1E2Mu/Central/jets/4/pt in Skim_TriLep_DYJets.root
2026-01-21 14:50:25,707 - INFO - [2022] MISSING_CENTRAL: SR1E2Mu/Central/jets/4/pt in Skim_TriLep_DYJets10to50.root
2026-01-21 14:50:25,707 - INFO - [2022] MISSING_CENTRAL: SR1E2Mu/Central/jets/4/pt in Skim_TriLep_TTG_PTG10to100.root
2026-01-21 14:50:25,708 - INFO - [2022] MISSING_CENTRAL: SR1E2Mu/Central/jets/4/pt in Skim_TriLep_TTG_PTG100to200.root
2026-01-21 14:50:25,774 - INFO - [2022] MISSING_CENTRAL: SR1E2Mu/Central/jets/4/pt in Skim_TriLep_WZTo3LNu_powheg.root
2026-01-21 14:50:25,811 - INFO - [2022] MISSING_CENTRAL: SR1E2Mu/Central/jets/4/pt in Skim_TriLep_WWW.root
2026-01-21 14:50:25,859 - INFO - [2022] MISSING_CENTRAL: SR1E2Mu/Central/jets/4/pt in Skim_TriLep_VBFHToZZTo4L.root
2026-01-21 14:50:25,860 - INFO - [2022] MISSING_CENTRAL: SR1E2Mu/Central/jets/4/pt in Skim_TriLep_ggHToZZTo4L.root
2026-01-21 14:50:25,860 - INFO - [2022EE] MISSING_CENTRAL: SR1E2Mu/Central/jets/4/pt in Skim_TriLep_MuonEG_E.root
2026-01-21 14:50:25,862 - INFO - [2022EE] MISSING_CENTRAL: SR1E2Mu/Central/jets/4/pt in Skim_TriLep_DYJets.root
2026-01-21 14:50:25,863 - INFO - [2022EE] MISSING_CENTRAL: SR1E2Mu/Central/jets/4/pt in Skim_TriLep_DYJets10to50.root
2026-01-21 14:50:25,950 - INFO - [2022EE] MISSING_CENTRAL: SR1E2Mu/Central/jets/4/pt in Skim_TriLep_WZTo3LNu_powheg.root
2026-01-21 14:50:25,987 - INFO - [2022EE] MISSING_CENTRAL: SR1E2Mu/Central/jets/4/pt in Skim_TriLep_WWW.root
2026-01-21 14:50:26,064 - INFO - [2023] MISSING_CENTRAL: SR1E2Mu/Central/jets/4/pt in Skim_TriLep_DYJets.root
2026-01-21 14:50:26,065 - INFO - [2023] MISSING_CENTRAL: SR1E2Mu/Central/jets/4/pt in Skim_TriLep_DYJets10to50.root
2026-01-21 14:50:26,078 - INFO - [2023] MISSING_CENTRAL: SR1E2Mu/Central/jets/4/pt in Skim_TriLep_TTG_PTG100to200.root
2026-01-21 14:50:26,192 - INFO - [2023] MISSING_CENTRAL: SR1E2Mu/Central/jets/4/pt in Skim_TriLep_WWW.root
2026-01-21 14:50:26,245 - INFO - [2023] MISSING_CENTRAL: SR1E2Mu/Central/jets/4/pt in Skim_TriLep_VBFHToZZTo4L.root
2026-01-21 14:50:26,246 - INFO - [2023] MISSING_CENTRAL: SR1E2Mu/Central/jets/4/pt in Skim_TriLep_ggHToZZTo4L.root
2026-01-21 14:50:26,249 - INFO - [2023BPix] MISSING_CENTRAL: SR1E2Mu/Central/jets/4/pt in Skim_TriLep_MuonEG_D_v2.root
2026-01-21 14:50:26,249 - INFO - [2023BPix] MISSING_CENTRAL: SR1E2Mu/Central/jets/4/pt in Skim_TriLep_DYJets.root
2026-01-21 14:50:26,250 - INFO - [2023BPix] MISSING_CENTRAL: SR1E2Mu/Central/jets/4/pt in Skim_TriLep_DYJets10to50.root
2026-01-21 14:50:26,250 - INFO - [2023BPix] MISSING_CENTRAL: SR1E2Mu/Central/jets/4/pt in Skim_TriLep_TTG_PTG10to100.root
2026-01-21 14:50:26,251 - INFO - [2023BPix] MISSING_CENTRAL: SR1E2Mu/Central/jets/4/pt in Skim_TriLep_TTG_PTG100to200.root
2026-01-21 14:50:26,252 - INFO - [2023BPix] MISSING_CENTRAL: SR1E2Mu/Central/jets/4/pt in Skim_TriLep_TTG_PTG200toInf.root
2026-01-21 14:50:26,303 - INFO - [2023BPix] MISSING_CENTRAL: SR1E2Mu/Central/jets/4/pt in Skim_TriLep_WZTo3LNu_powheg.root
2026-01-21 14:50:26,342 - INFO - [2023BPix] MISSING_CENTRAL: SR1E2Mu/Central/jets/4/pt in Skim_TriLep_WWW.root
2026-01-21 14:50:26,395 - INFO - [2023BPix] MISSING_CENTRAL: SR1E2Mu/Central/jets/4/pt in Skim_TriLep_VBFHToZZTo4L.root
2026-01-21 14:50:26,396 - INFO - [2023BPix] MISSING_CENTRAL: SR1E2Mu/Central/jets/4/pt in Skim_TriLep_ggHToZZTo4L.root
2026-01-28 17:09:26,780 - INFO - [2022] MISSING_CENTRAL: SR1E2Mu/Central/jets/4/pt in Skim_TriLep_MuonEG_D.root
2026-01-28 17:09:26,803 - INFO - [2022EE] MISSING_CENTRAL: SR1E2Mu/Central/jets/4/pt in Skim_TriLep_MuonEG_G.root
2026-01-28 17:09:26,813 - INFO - [2023] MISSING_CENTRAL: SR1E2Mu/Central/jets/4/pt in Skim_TriLep_MuonEG_C_v2.root
2026-01-28 17:09:26,814 - INFO - [2023] MISSING_CENTRAL: SR1E2Mu/Central/jets/4/pt in Skim_TriLep_MuonEG_C_v3.root
2026-01-28 17:09:26,815 - INFO - [2023BPix] MISSING_CENTRAL: SR1E2Mu/Central/jets/4/pt in Skim_TriLep_MuonEG_D_v1.root
2026-01-28 17:09:26,816 - INFO - [2023BPix] MISSING_CENTRAL: SR1E2Mu/Central/jets/4/pt in Skim_TriLep_MuonEG_D_v2.root
2026-01-28 17:09:26,831 - INFO - [2022] MISSING_CENTRAL: SR1E2Mu/Central/jets/4/pt in Skim_TriLep_MuonEG_D.root
2026-01-28 17:09:26,832 - INFO - [2022] MISSING_CENTRAL: SR1E2Mu/Central/jets/4/pt in Skim_TriLep_DYJets.root
2026-01-28 17:09:26,833 - INFO - [2022] MISSING_CENTRAL: SR1E2Mu/Central/jets/4/pt in Skim_TriLep_DYJets10to50.root
2026-01-28 17:09:26,833 - INFO - [2022] MISSING_CENTRAL: SR1E2Mu/Central/jets/4/pt in Skim_TriLep_TTG_PTG10to100.root
2026-01-28 17:09:26,834 - INFO - [2022] MISSING_CENTRAL: SR1E2Mu/Central/jets/4/pt in Skim_TriLep_TTG_PTG100to200.root
2026-01-28 17:09:26,948 - INFO - [2022] MISSING_CENTRAL: SR1E2Mu/Central/jets/4/pt in Skim_TriLep_WZTo3LNu_powheg.root
2026-01-28 17:09:26,949 - INFO - [2022] MISSING_CENTRAL: SR1E2Mu/Central/jets/4/pt in Skim_TriLep_ZZTo4L_powheg.root
2026-01-28 17:09:26,966 - INFO - [2022] MISSING_CENTRAL: SR1E2Mu/Central/jets/4/pt in Skim_TriLep_WWW.root
2026-01-28 17:09:27,033 - INFO - [2022] MISSING_CENTRAL: SR1E2Mu/Central/jets/4/pt in Skim_TriLep_VBFHToZZTo4L.root
2026-01-28 17:09:27,033 - INFO - [2022] MISSING_CENTRAL: SR1E2Mu/Central/jets/4/pt in Skim_TriLep_ggHToZZTo4L.root
2026-01-28 17:09:27,034 - INFO - [2022EE] MISSING_CENTRAL: SR1E2Mu/Central/jets/4/pt in Skim_TriLep_MuonEG_E.root
2026-01-28 17:09:27,036 - INFO - [2022EE] MISSING_CENTRAL: SR1E2Mu/Central/jets/4/pt in Skim_TriLep_DYJets.root
2026-01-28 17:09:27,039 - INFO - [2022EE] MISSING_CENTRAL: SR1E2Mu/Central/jets/4/pt in Skim_TriLep_DYJets10to50.root
2026-01-28 17:09:27,072 - INFO - [2022EE] MISSING_CENTRAL: SR1E2Mu/Central/jets/4/pt in Skim_TriLep_TTG_PTG100to200.root
2026-01-28 17:09:27,179 - INFO - [2022EE] MISSING_CENTRAL: SR1E2Mu/Central/jets/4/pt in Skim_TriLep_WZTo3LNu_powheg.root
2026-01-28 17:09:27,214 - INFO - [2022EE] MISSING_CENTRAL: SR1E2Mu/Central/jets/4/pt in Skim_TriLep_WWW.root
2026-01-28 17:09:27,301 - INFO - [2022EE] MISSING_CENTRAL: SR1E2Mu/Central/jets/4/pt in Skim_TriLep_ggHToZZTo4L.root
2026-01-28 17:09:27,307 - INFO - [2023] MISSING_CENTRAL: SR1E2Mu/Central/jets/4/pt in Skim_TriLep_DYJets.root
2026-01-28 17:09:27,308 - INFO - [2023] MISSING_CENTRAL: SR1E2Mu/Central/jets/4/pt in Skim_TriLep_DYJets10to50.root
2026-01-28 17:09:27,329 - INFO - [2023] MISSING_CENTRAL: SR1E2Mu/Central/jets/4/pt in Skim_TriLep_TTG_PTG100to200.root
2026-01-28 17:09:27,445 - INFO - [2023] MISSING_CENTRAL: SR1E2Mu/Central/jets/4/pt in Skim_TriLep_WZTo3LNu_powheg.root
2026-01-28 17:09:27,487 - INFO - [2023] MISSING_CENTRAL: SR1E2Mu/Central/jets/4/pt in Skim_TriLep_WWW.root
2026-01-28 17:09:27,557 - INFO - [2023] MISSING_CENTRAL: SR1E2Mu/Central/jets/4/pt in Skim_TriLep_VBFHToZZTo4L.root
2026-01-28 17:09:27,558 - INFO - [2023] MISSING_CENTRAL: SR1E2Mu/Central/jets/4/pt in Skim_TriLep_ggHToZZTo4L.root
2026-01-28 17:09:27,560 - INFO - [2023BPix] MISSING_CENTRAL: SR1E2Mu/Central/jets/4/pt in Skim_TriLep_MuonEG_D_v2.root
2026-01-28 17:09:27,560 - INFO - [2023BPix] MISSING_CENTRAL: SR1E2Mu/Central/jets/4/pt in Skim_TriLep_DYJets.root
2026-01-28 17:09:27,561 - INFO - [2023BPix] MISSING_CENTRAL: SR1E2Mu/Central/jets/4/pt in Skim_TriLep_DYJets10to50.root
2026-01-28 17:09:27,561 - INFO - [2023BPix] MISSING_CENTRAL: SR1E2Mu/Central/jets/4/pt in Skim_TriLep_TTG_PTG10to100.root
2026-01-28 17:09:27,562 - INFO - [2023BPix] MISSING_CENTRAL: SR1E2Mu/Central/jets/4/pt in Skim_TriLep_TTG_PTG100to200.root
2026-01-28 17:09:27,563 - INFO - [2023BPix] MISSING_CENTRAL: SR1E2Mu/Central/jets/4/pt in Skim_TriLep_TTG_PTG200toInf.root
2026-01-28 17:09:27,653 - INFO - [2023BPix] MISSING_CENTRAL: SR1E2Mu/Central/jets/4/pt in Skim_TriLep_WZTo3LNu_powheg.root
2026-01-28 17:09:27,691 - INFO - [2023BPix] MISSING_CENTRAL: SR1E2Mu/Central/jets/4/pt in Skim_TriLep_WWW.root
2026-01-28 17:09:27,709 - INFO - [2023BPix] MISSING_CENTRAL: SR1E2Mu/Central/jets/4/pt in Skim_TriLep_WZZ.root
2026-01-28 17:09:27,745 - INFO - [2023BPix] MISSING_CENTRAL: SR1E2Mu/Central/jets/4/pt in Skim_TriLep_VBFHToZZTo4L.root
2026-01-28 17:09:27,746 - INFO - [2023BPix] MISSING_CENTRAL: SR1E2Mu/Central/jets/4/pt in Skim_TriLep_ggHToZZTo4L.root
2026-01-28 17:29:56,336 - INFO - [2022] MISSING_CENTRAL: SR1E2Mu/Central/jets/4/pt in Skim_TriLep_MuonEG_D.root
2026-01-28 17:29:56,379 - INFO - [2022EE] MISSING_CENTRAL: SR1E2Mu/Central/jets/4/pt in Skim_TriLep_MuonEG_G.root
2026-01-28 17:29:56,393 - INFO - [2023] MISSING_CENTRAL: SR1E2Mu/Central/jets/4/pt in Skim_TriLep_MuonEG_C_v2.root
2026-01-28 17:29:56,393 - INFO - [2023] MISSING_CENTRAL: SR1E2Mu/Central/jets/4/pt in Skim_TriLep_MuonEG_C_v3.root
2026-01-28 17:29:56,395 - INFO - [2023BPix] MISSING_CENTRAL: SR1E2Mu/Central/jets/4/pt in Skim_TriLep_MuonEG_D_v1.root
2026-01-28 17:29:56,395 - INFO - [2023BPix] MISSING_CENTRAL: SR1E2Mu/Central/jets/4/pt in Skim_TriLep_MuonEG_D_v2.root
2026-01-28 17:29:56,411 - INFO - [2022] MISSING_CENTRAL: SR1E2Mu/Central/jets/4/pt in Skim_TriLep_MuonEG_D.root
2026-01-28 17:29:56,411 - INFO - [2022] MISSING_CENTRAL: SR1E2Mu/Central/jets/4/pt in Skim_TriLep_DYJets.root
2026-01-28 17:29:56,412 - INFO - [2022] MISSING_CENTRAL: SR1E2Mu/Central/jets/4/pt in Skim_TriLep_DYJets10to50.root
2026-01-28 17:29:56,413 - INFO - [2022] MISSING_CENTRAL: SR1E2Mu/Central/jets/4/pt in Skim_TriLep_TTG_PTG10to100.root
2026-01-28 17:29:56,413 - INFO - [2022] MISSING_CENTRAL: SR1E2Mu/Central/jets/4/pt in Skim_TriLep_TTG_PTG100to200.root
2026-01-28 17:29:56,517 - INFO - [2022] MISSING_CENTRAL: SR1E2Mu/Central/jets/4/pt in Skim_TriLep_WZTo3LNu_powheg.root
2026-01-28 17:29:56,518 - INFO - [2022] MISSING_CENTRAL: SR1E2Mu/Central/jets/4/pt in Skim_TriLep_ZZTo4L_powheg.root
2026-01-28 17:29:56,534 - INFO - [2022] MISSING_CENTRAL: SR1E2Mu/Central/jets/4/pt in Skim_TriLep_WWW.root
2026-01-28 17:29:56,595 - INFO - [2022] MISSING_CENTRAL: SR1E2Mu/Central/jets/4/pt in Skim_TriLep_VBFHToZZTo4L.root
2026-01-28 17:29:56,596 - INFO - [2022] MISSING_CENTRAL: SR1E2Mu/Central/jets/4/pt in Skim_TriLep_ggHToZZTo4L.root
2026-01-28 17:29:56,597 - INFO - [2022EE] MISSING_CENTRAL: SR1E2Mu/Central/jets/4/pt in Skim_TriLep_MuonEG_E.root
2026-01-28 17:29:56,600 - INFO - [2022EE] MISSING_CENTRAL: SR1E2Mu/Central/jets/4/pt in Skim_TriLep_DYJets.root
2026-01-28 17:29:56,600 - INFO - [2022EE] MISSING_CENTRAL: SR1E2Mu/Central/jets/4/pt in Skim_TriLep_DYJets10to50.root
2026-01-28 17:29:56,617 - INFO - [2022EE] MISSING_CENTRAL: SR1E2Mu/Central/jets/4/pt in Skim_TriLep_TTG_PTG100to200.root
2026-01-28 17:29:56,713 - INFO - [2022EE] MISSING_CENTRAL: SR1E2Mu/Central/jets/4/pt in Skim_TriLep_WZTo3LNu_powheg.root
2026-01-28 17:29:56,746 - INFO - [2022EE] MISSING_CENTRAL: SR1E2Mu/Central/jets/4/pt in Skim_TriLep_WWW.root
2026-01-28 17:29:56,828 - INFO - [2022EE] MISSING_CENTRAL: SR1E2Mu/Central/jets/4/pt in Skim_TriLep_ggHToZZTo4L.root
2026-01-28 17:29:56,834 - INFO - [2023] MISSING_CENTRAL: SR1E2Mu/Central/jets/4/pt in Skim_TriLep_DYJets.root
2026-01-28 17:29:56,834 - INFO - [2023] MISSING_CENTRAL: SR1E2Mu/Central/jets/4/pt in Skim_TriLep_DYJets10to50.root
2026-01-28 17:29:56,853 - INFO - [2023] MISSING_CENTRAL: SR1E2Mu/Central/jets/4/pt in Skim_TriLep_TTG_PTG100to200.root
2026-01-28 17:29:56,961 - INFO - [2023] MISSING_CENTRAL: SR1E2Mu/Central/jets/4/pt in Skim_TriLep_WZTo3LNu_powheg.root
2026-01-28 17:29:56,999 - INFO - [2023] MISSING_CENTRAL: SR1E2Mu/Central/jets/4/pt in Skim_TriLep_WWW.root
2026-01-28 17:29:57,061 - INFO - [2023] MISSING_CENTRAL: SR1E2Mu/Central/jets/4/pt in Skim_TriLep_VBFHToZZTo4L.root
2026-01-28 17:29:57,062 - INFO - [2023] MISSING_CENTRAL: SR1E2Mu/Central/jets/4/pt in Skim_TriLep_ggHToZZTo4L.root
2026-01-28 17:29:57,064 - INFO - [2023BPix] MISSING_CENTRAL: SR1E2Mu/Central/jets/4/pt in Skim_TriLep_MuonEG_D_v2.root
2026-01-28 17:29:57,065 - INFO - [2023BPix] MISSING_CENTRAL: SR1E2Mu/Central/jets/4/pt in Skim_TriLep_DYJets.root
2026-01-28 17:29:57,065 - INFO - [2023BPix] MISSING_CENTRAL: SR1E2Mu/Central/jets/4/pt in Skim_TriLep_DYJets10to50.root
2026-01-28 17:29:57,066 - INFO - [2023BPix] MISSING_CENTRAL: SR1E2Mu/Central/jets/4/pt in Skim_TriLep_TTG_PTG10to100.root
2026-01-28 17:29:57,067 - INFO - [2023BPix] MISSING_CENTRAL: SR1E2Mu/Central/jets/4/pt in Skim_TriLep_TTG_PTG100to200.root
2026-01-28 17:29:57,068 - INFO - [2023BPix] MISSING_CENTRAL: SR1E2Mu/Central/jets/4/pt in Skim_TriLep_TTG_PTG200toInf.root
2026-01-28 17:29:57,232 - INFO - [2023BPix] MISSING_CENTRAL: SR1E2Mu/Central/jets/4/pt in Skim_TriLep_WZTo3LNu_powheg.root
2026-01-28 17:29:57,268 - INFO - [2023BPix] MISSING_CENTRAL: SR1E2Mu/Central/jets/4/pt in Skim_TriLep_WWW.root
2026-01-28 17:29:57,287 - INFO - [2023BPix] MISSING_CENTRAL: SR1E2Mu/Central/jets/4/pt in Skim_TriLep_WZZ.root
2026-01-28 17:29:57,324 - INFO - [2023BPix] MISSING_CENTRAL: SR1E2Mu/Central/jets/4/pt in Skim_TriLep_VBFHToZZTo4L.root
2026-01-28 17:29:57,325 - INFO - [2023BPix] MISSING_CENTRAL: SR1E2Mu/Central/jets/4/pt in Skim_TriLep_ggHToZZTo4L.root
2026-01-28 20:03:46,702 - INFO - [2022] MISSING_CENTRAL: SR1E2Mu/Central/jets/4/pt in Skim_TriLep_MuonEG_D.root
2026-01-28 20:03:46,728 - INFO - [2022EE] MISSING_CENTRAL: SR1E2Mu/Central/jets/4/pt in Skim_TriLep_MuonEG_G.root
2026-01-28 20:03:46,740 - INFO - [2023] MISSING_CENTRAL: SR1E2Mu/Central/jets/4/pt in Skim_TriLep_MuonEG_C_v2.root
2026-01-28 20:03:46,740 - INFO - [2023] MISSING_CENTRAL: SR1E2Mu/Central/jets/4/pt in Skim_TriLep_MuonEG_C_v3.root
2026-01-28 20:03:46,742 - INFO - [2023BPix] MISSING_CENTRAL: SR1E2Mu/Central/jets/4/pt in Skim_TriLep_MuonEG_D_v1.root
2026-01-28 20:03:46,742 - INFO - [2023BPix] MISSING_CENTRAL: SR1E2Mu/Central/jets/4/pt in Skim_TriLep_MuonEG_D_v2.root
2026-01-28 20:03:46,760 - INFO - [2022] MISSING_CENTRAL: SR1E2Mu/Central/jets/4/pt in Skim_TriLep_MuonEG_D.root
2026-01-28 20:03:46,761 - INFO - [2022] MISSING_CENTRAL: SR1E2Mu/Central/jets/4/pt in Skim_TriLep_DYJets.root
2026-01-28 20:03:46,761 - INFO - [2022] MISSING_CENTRAL: SR1E2Mu/Central/jets/4/pt in Skim_TriLep_DYJets10to50.root
2026-01-28 20:03:46,762 - INFO - [2022] MISSING_CENTRAL: SR1E2Mu/Central/jets/4/pt in Skim_TriLep_TTG_PTG10to100.root
2026-01-28 20:03:46,763 - INFO - [2022] MISSING_CENTRAL: SR1E2Mu/Central/jets/4/pt in Skim_TriLep_TTG_PTG100to200.root
2026-01-28 20:03:46,900 - INFO - [2022] MISSING_CENTRAL: SR1E2Mu/Central/jets/4/pt in Skim_TriLep_WZTo3LNu_powheg.root
2026-01-28 20:03:46,901 - INFO - [2022] MISSING_CENTRAL: SR1E2Mu/Central/jets/4/pt in Skim_TriLep_ZZTo4L_powheg.root
2026-01-28 20:03:46,917 - INFO - [2022] MISSING_CENTRAL: SR1E2Mu/Central/jets/4/pt in Skim_TriLep_WWW.root
2026-01-28 20:03:46,982 - INFO - [2022] MISSING_CENTRAL: SR1E2Mu/Central/jets/4/pt in Skim_TriLep_VBFHToZZTo4L.root
2026-01-28 20:03:46,983 - INFO - [2022] MISSING_CENTRAL: SR1E2Mu/Central/jets/4/pt in Skim_TriLep_ggHToZZTo4L.root
2026-01-28 20:03:46,983 - INFO - [2022EE] MISSING_CENTRAL: SR1E2Mu/Central/jets/4/pt in Skim_TriLep_MuonEG_E.root
2026-01-28 20:03:46,986 - INFO - [2022EE] MISSING_CENTRAL: SR1E2Mu/Central/jets/4/pt in Skim_TriLep_DYJets.root
2026-01-28 20:03:46,986 - INFO - [2022EE] MISSING_CENTRAL: SR1E2Mu/Central/jets/4/pt in Skim_TriLep_DYJets10to50.root
2026-01-28 20:03:47,003 - INFO - [2022EE] MISSING_CENTRAL: SR1E2Mu/Central/jets/4/pt in Skim_TriLep_TTG_PTG100to200.root
2026-01-28 20:03:47,115 - INFO - [2022EE] MISSING_CENTRAL: SR1E2Mu/Central/jets/4/pt in Skim_TriLep_WZTo3LNu_powheg.root
2026-01-28 20:03:47,193 - INFO - [2022EE] MISSING_CENTRAL: SR1E2Mu/Central/jets/4/pt in Skim_TriLep_WWW.root
2026-01-28 20:03:47,293 - INFO - [2022EE] MISSING_CENTRAL: SR1E2Mu/Central/jets/4/pt in Skim_TriLep_ggHToZZTo4L.root
2026-01-28 20:03:47,298 - INFO - [2023] MISSING_CENTRAL: SR1E2Mu/Central/jets/4/pt in Skim_TriLep_DYJets.root
2026-01-28 20:03:47,299 - INFO - [2023] MISSING_CENTRAL: SR1E2Mu/Central/jets/4/pt in Skim_TriLep_DYJets10to50.root
2026-01-28 20:03:47,314 - INFO - [2023] MISSING_CENTRAL: SR1E2Mu/Central/jets/4/pt in Skim_TriLep_TTG_PTG100to200.root
2026-01-28 20:03:47,415 - INFO - [2023] MISSING_CENTRAL: SR1E2Mu/Central/jets/4/pt in Skim_TriLep_WZTo3LNu_powheg.root
2026-01-28 20:03:47,453 - INFO - [2023] MISSING_CENTRAL: SR1E2Mu/Central/jets/4/pt in Skim_TriLep_WWW.root
2026-01-28 20:03:47,528 - INFO - [2023] MISSING_CENTRAL: SR1E2Mu/Central/jets/4/pt in Skim_TriLep_VBFHToZZTo4L.root
2026-01-28 20:03:47,529 - INFO - [2023] MISSING_CENTRAL: SR1E2Mu/Central/jets/4/pt in Skim_TriLep_ggHToZZTo4L.root
2026-01-28 20:03:47,530 - INFO - [2023BPix] MISSING_CENTRAL: SR1E2Mu/Central/jets/4/pt in Skim_TriLep_MuonEG_D_v2.root
2026-01-28 20:03:47,531 - INFO - [2023BPix] MISSING_CENTRAL: SR1E2Mu/Central/jets/4/pt in Skim_TriLep_DYJets.root
2026-01-28 20:03:47,532 - INFO - [2023BPix] MISSING_CENTRAL: SR1E2Mu/Central/jets/4/pt in Skim_TriLep_DYJets10to50.root
2026-01-28 20:03:47,532 - INFO - [2023BPix] MISSING_CENTRAL: SR1E2Mu/Central/jets/4/pt in Skim_TriLep_TTG_PTG10to100.root
2026-01-28 20:03:47,533 - INFO - [2023BPix] MISSING_CENTRAL: SR1E2Mu/Central/jets/4/pt in Skim_TriLep_TTG_PTG100to200.root
2026-01-28 20:03:47,534 - INFO - [2023BPix] MISSING_CENTRAL: SR1E2Mu/Central/jets/4/pt in Skim_TriLep_TTG_PTG200toInf.root
2026-01-28 20:03:47,620 - INFO - [2023BPix] MISSING_CENTRAL: SR1E2Mu/Central/jets/4/pt in Skim_TriLep_WZTo3LNu_powheg.root
2026-01-28 20:03:47,656 - INFO - [2023BPix] MISSING_CENTRAL: SR1E2Mu/Central/jets/4/pt in Skim_TriLep_WWW.root
2026-01-28 20:03:47,675 - INFO - [2023BPix] MISSING_CENTRAL: SR1E2Mu/Central/jets/4/pt in Skim_TriLep_WZZ.root
2026-01-28 20:03:47,710 - INFO - [2023BPix] MISSING_CENTRAL: SR1E2Mu/Central/jets/4/pt in Skim_TriLep_VBFHToZZTo4L.root
2026-01-28 20:03:47,711 - INFO - [2023BPix] MISSING_CENTRAL: SR1E2Mu/Central/jets/4/pt in Skim_TriLep_ggHToZZTo4L.root
2026-01-29 07:20:12,006 - INFO - [2022] MISSING_CENTRAL: SR1E2Mu/Central/jets/4/pt in Skim_TriLep_MuonEG_D.root
2026-01-29 07:20:12,029 - INFO - [2022EE] MISSING_CENTRAL: SR1E2Mu/Central/jets/4/pt in Skim_TriLep_MuonEG_G.root
2026-01-29 07:20:12,040 - INFO - [2023] MISSING_CENTRAL: SR1E2Mu/Central/jets/4/pt in Skim_TriLep_MuonEG_C_v2.root
2026-01-29 07:20:12,040 - INFO - [2023] MISSING_CENTRAL: SR1E2Mu/Central/jets/4/pt in Skim_TriLep_MuonEG_C_v3.root
2026-01-29 07:20:12,042 - INFO - [2023BPix] MISSING_CENTRAL: SR1E2Mu/Central/jets/4/pt in Skim_TriLep_MuonEG_D_v1.root
2026-01-29 07:20:12,042 - INFO - [2023BPix] MISSING_CENTRAL: SR1E2Mu/Central/jets/4/pt in Skim_TriLep_MuonEG_D_v2.root
2026-01-29 07:20:12,056 - INFO - [2022] MISSING_CENTRAL: SR1E2Mu/Central/jets/4/pt in Skim_TriLep_MuonEG_D.root
2026-01-29 07:20:12,057 - INFO - [2022] MISSING_CENTRAL: SR1E2Mu/Central/jets/4/pt in Skim_TriLep_DYJets.root
2026-01-29 07:20:12,058 - INFO - [2022] MISSING_CENTRAL: SR1E2Mu/Central/jets/4/pt in Skim_TriLep_DYJets10to50.root
2026-01-29 07:20:12,058 - INFO - [2022] MISSING_CENTRAL: SR1E2Mu/Central/jets/4/pt in Skim_TriLep_TTG_PTG10to100.root
2026-01-29 07:20:12,059 - INFO - [2022] MISSING_CENTRAL: SR1E2Mu/Central/jets/4/pt in Skim_TriLep_TTG_PTG100to200.root
2026-01-29 07:20:12,133 - INFO - [2022] MISSING_CENTRAL: SR1E2Mu/Central/jets/4/pt in Skim_TriLep_WZTo3LNu_powheg.root
2026-01-29 07:20:12,134 - INFO - [2022] MISSING_CENTRAL: SR1E2Mu/Central/jets/4/pt in Skim_TriLep_ZZTo4L_powheg.root
2026-01-29 07:20:12,146 - INFO - [2022] MISSING_CENTRAL: SR1E2Mu/Central/jets/4/pt in Skim_TriLep_WWW.root
2026-01-29 07:20:12,192 - INFO - [2022] MISSING_CENTRAL: SR1E2Mu/Central/jets/4/pt in Skim_TriLep_VBFHToZZTo4L.root
2026-01-29 07:20:12,193 - INFO - [2022] MISSING_CENTRAL: SR1E2Mu/Central/jets/4/pt in Skim_TriLep_ggHToZZTo4L.root
2026-01-29 07:20:12,194 - INFO - [2022EE] MISSING_CENTRAL: SR1E2Mu/Central/jets/4/pt in Skim_TriLep_MuonEG_E.root
2026-01-29 07:20:12,196 - INFO - [2022EE] MISSING_CENTRAL: SR1E2Mu/Central/jets/4/pt in Skim_TriLep_DYJets.root
2026-01-29 07:20:12,196 - INFO - [2022EE] MISSING_CENTRAL: SR1E2Mu/Central/jets/4/pt in Skim_TriLep_DYJets10to50.root
2026-01-29 07:20:12,208 - INFO - [2022EE] MISSING_CENTRAL: SR1E2Mu/Central/jets/4/pt in Skim_TriLep_TTG_PTG100to200.root
2026-01-29 07:20:12,281 - INFO - [2022EE] MISSING_CENTRAL: SR1E2Mu/Central/jets/4/pt in Skim_TriLep_WZTo3LNu_powheg.root
2026-01-29 07:20:12,306 - INFO - [2022EE] MISSING_CENTRAL: SR1E2Mu/Central/jets/4/pt in Skim_TriLep_WWW.root
2026-01-29 07:20:12,367 - INFO - [2022EE] MISSING_CENTRAL: SR1E2Mu/Central/jets/4/pt in Skim_TriLep_ggHToZZTo4L.root
2026-01-29 07:20:12,371 - INFO - [2023] MISSING_CENTRAL: SR1E2Mu/Central/jets/4/pt in Skim_TriLep_DYJets.root
2026-01-29 07:20:12,372 - INFO - [2023] MISSING_CENTRAL: SR1E2Mu/Central/jets/4/pt in Skim_TriLep_DYJets10to50.root
2026-01-29 07:20:12,387 - INFO - [2023] MISSING_CENTRAL: SR1E2Mu/Central/jets/4/pt in Skim_TriLep_TTG_PTG100to200.root
2026-01-29 07:20:12,463 - INFO - [2023] MISSING_CENTRAL: SR1E2Mu/Central/jets/4/pt in Skim_TriLep_WZTo3LNu_powheg.root
2026-01-29 07:20:12,489 - INFO - [2023] MISSING_CENTRAL: SR1E2Mu/Central/jets/4/pt in Skim_TriLep_WWW.root
2026-01-29 07:20:12,539 - INFO - [2023] MISSING_CENTRAL: SR1E2Mu/Central/jets/4/pt in Skim_TriLep_VBFHToZZTo4L.root
2026-01-29 07:20:12,540 - INFO - [2023] MISSING_CENTRAL: SR1E2Mu/Central/jets/4/pt in Skim_TriLep_ggHToZZTo4L.root
2026-01-29 07:20:12,542 - INFO - [2023BPix] MISSING_CENTRAL: SR1E2Mu/Central/jets/4/pt in Skim_TriLep_MuonEG_D_v2.root
2026-01-29 07:20:12,543 - INFO - [2023BPix] MISSING_CENTRAL: SR1E2Mu/Central/jets/4/pt in Skim_TriLep_DYJets.root
2026-01-29 07:20:12,543 - INFO - [2023BPix] MISSING_CENTRAL: SR1E2Mu/Central/jets/4/pt in Skim_TriLep_DYJets10to50.root
2026-01-29 07:20:12,544 - INFO - [2023BPix] MISSING_CENTRAL: SR1E2Mu/Central/jets/4/pt in Skim_TriLep_TTG_PTG10to100.root
2026-01-29 07:20:12,545 - INFO - [2023BPix] MISSING_CENTRAL: SR1E2Mu/Central/jets/4/pt in Skim_TriLep_TTG_PTG100to200.root
2026-01-29 07:20:12,546 - INFO - [2023BPix] MISSING_CENTRAL: SR1E2Mu/Central/jets/4/pt in Skim_TriLep_TTG_PTG200toInf.root
2026-01-29 07:20:12,611 - INFO - [2023BPix] MISSING_CENTRAL: SR1E2Mu/Central/jets/4/pt in Skim_TriLep_WZTo3LNu_powheg.root
2026-01-29 07:20:12,635 - INFO - [2023BPix] MISSING_CENTRAL: SR1E2Mu/Central/jets/4/pt in Skim_TriLep_WWW.root
2026-01-29 07:20:12,647 - INFO - [2023BPix] MISSING_CENTRAL: SR1E2Mu/Central/jets/4/pt in Skim_TriLep_WZZ.root
2026-01-29 07:20:12,671 - INFO - [2023BPix] MISSING_CENTRAL: SR1E2Mu/Central/jets/4/pt in Skim_TriLep_VBFHToZZTo4L.root
2026-01-29 07:20:12,672 - INFO - [2023BPix] MISSING_CENTRAL: SR1E2Mu/Central/jets/4/pt in Skim_TriLep_ggHToZZTo4L.root
2026-03-06 09:45:04,949 - INFO - [2022] MISSING_CENTRAL: SR1E2Mu/Central/jets/4/pt in Skim_TriLep_MuonEG_D.root
2026-03-06 09:45:04,972 - INFO - [2022EE] MISSING_CENTRAL: SR1E2Mu/Central/jets/4/pt in Skim_TriLep_MuonEG_G.root
2026-03-06 09:45:04,982 - INFO - [2023] MISSING_CENTRAL: SR1E2Mu/Central/jets/4/pt in Skim_TriLep_MuonEG_C_v2.root
2026-03-06 09:45:04,983 - INFO - [2023] MISSING_CENTRAL: SR1E2Mu/Central/jets/4/pt in Skim_TriLep_MuonEG_C_v3.root
2026-03-06 09:45:04,984 - INFO - [2023BPix] MISSING_CENTRAL: SR1E2Mu/Central/jets/4/pt in Skim_TriLep_MuonEG_D_v1.root
2026-03-06 09:45:04,984 - INFO - [2023BPix] MISSING_CENTRAL: SR1E2Mu/Central/jets/4/pt in Skim_TriLep_MuonEG_D_v2.root
2026-03-06 09:45:05,000 - INFO - [2022] MISSING_CENTRAL: SR1E2Mu/Central/jets/4/pt in Skim_TriLep_MuonEG_D.root
2026-03-06 09:45:05,001 - INFO - [2022] MISSING_CENTRAL: SR1E2Mu/Central/jets/4/pt in Skim_TriLep_DYJets.root
2026-03-06 09:45:05,001 - INFO - [2022] MISSING_CENTRAL: SR1E2Mu/Central/jets/4/pt in Skim_TriLep_DYJets10to50.root
2026-03-06 09:45:05,002 - INFO - [2022] MISSING_CENTRAL: SR1E2Mu/Central/jets/4/pt in Skim_TriLep_TTG_PTG10to100.root
2026-03-06 09:45:05,002 - INFO - [2022] MISSING_CENTRAL: SR1E2Mu/Central/jets/4/pt in Skim_TriLep_TTG_PTG100to200.root
2026-03-06 09:45:05,082 - INFO - [2022] MISSING_CENTRAL: SR1E2Mu/Central/jets/4/pt in Skim_TriLep_WZTo3LNu_powheg.root
2026-03-06 09:45:05,082 - INFO - [2022] MISSING_CENTRAL: SR1E2Mu/Central/jets/4/pt in Skim_TriLep_ZZTo4L_powheg.root
2026-03-06 09:45:05,094 - INFO - [2022] MISSING_CENTRAL: SR1E2Mu/Central/jets/4/pt in Skim_TriLep_WWW.root
2026-03-06 09:45:05,142 - INFO - [2022] MISSING_CENTRAL: SR1E2Mu/Central/jets/4/pt in Skim_TriLep_VBFHToZZTo4L.root
2026-03-06 09:45:05,143 - INFO - [2022] MISSING_CENTRAL: SR1E2Mu/Central/jets/4/pt in Skim_TriLep_ggHToZZTo4L.root
2026-03-06 09:45:05,143 - INFO - [2022EE] MISSING_CENTRAL: SR1E2Mu/Central/jets/4/pt in Skim_TriLep_MuonEG_E.root
2026-03-06 09:45:05,145 - INFO - [2022EE] MISSING_CENTRAL: SR1E2Mu/Central/jets/4/pt in Skim_TriLep_DYJets.root
2026-03-06 09:45:05,146 - INFO - [2022EE] MISSING_CENTRAL: SR1E2Mu/Central/jets/4/pt in Skim_TriLep_DYJets10to50.root
2026-03-06 09:45:05,159 - INFO - [2022EE] MISSING_CENTRAL: SR1E2Mu/Central/jets/4/pt in Skim_TriLep_TTG_PTG100to200.root
2026-03-06 09:45:05,252 - INFO - [2022EE] MISSING_CENTRAL: SR1E2Mu/Central/jets/4/pt in Skim_TriLep_WZTo3LNu_powheg.root
2026-03-06 09:45:05,305 - INFO - [2022EE] MISSING_CENTRAL: SR1E2Mu/Central/jets/4/pt in Skim_TriLep_WWW.root
2026-03-06 09:45:05,398 - INFO - [2022EE] MISSING_CENTRAL: SR1E2Mu/Central/jets/4/pt in Skim_TriLep_ggHToZZTo4L.root
2026-03-06 09:45:05,402 - INFO - [2023] MISSING_CENTRAL: SR1E2Mu/Central/jets/4/pt in Skim_TriLep_DYJets.root
2026-03-06 09:45:05,403 - INFO - [2023] MISSING_CENTRAL: SR1E2Mu/Central/jets/4/pt in Skim_TriLep_DYJets10to50.root
2026-03-06 09:45:05,417 - INFO - [2023] MISSING_CENTRAL: SR1E2Mu/Central/jets/4/pt in Skim_TriLep_TTG_PTG100to200.root
2026-03-06 09:45:05,490 - INFO - [2023] MISSING_CENTRAL: SR1E2Mu/Central/jets/4/pt in Skim_TriLep_WZTo3LNu_powheg.root
2026-03-06 09:45:05,517 - INFO - [2023] MISSING_CENTRAL: SR1E2Mu/Central/jets/4/pt in Skim_TriLep_WWW.root
2026-03-06 09:45:05,542 - INFO - [2023] MISSING_CENTRAL: SR1E2Mu/Central/jets/4/pt in Skim_TriLep_ZZZ.root
2026-03-06 09:45:05,556 - INFO - [2023] MISSING_CENTRAL: SR1E2Mu/Central/jets/4/pt in Skim_TriLep_VBFHToZZTo4L.root
2026-03-06 09:45:05,557 - INFO - [2023] MISSING_CENTRAL: SR1E2Mu/Central/jets/4/pt in Skim_TriLep_ggHToZZTo4L.root
2026-03-06 09:45:05,559 - INFO - [2023BPix] MISSING_CENTRAL: SR1E2Mu/Central/jets/4/pt in Skim_TriLep_MuonEG_D_v2.root
2026-03-06 09:45:05,559 - INFO - [2023BPix] MISSING_CENTRAL: SR1E2Mu/Central/jets/4/pt in Skim_TriLep_DYJets.root
2026-03-06 09:45:05,560 - INFO - [2023BPix] MISSING_CENTRAL: SR1E2Mu/Central/jets/4/pt in Skim_TriLep_DYJets10to50.root
2026-03-06 09:45:05,561 - INFO - [2023BPix] MISSING_CENTRAL: SR1E2Mu/Central/jets/4/pt in Skim_TriLep_TTG_PTG10to100.root
2026-03-06 09:45:05,561 - INFO - [2023BPix] MISSING_CENTRAL: SR1E2Mu/Central/jets/4/pt in Skim_TriLep_TTG_PTG100to200.root
2026-03-06 09:45:05,562 - INFO - [2023BPix] MISSING_CENTRAL: SR1E2Mu/Central/jets/4/pt in Skim_TriLep_TTG_PTG200toInf.root
2026-03-06 09:45:05,626 - INFO - [2023BPix] MISSING_CENTRAL: SR1E2Mu/Central/jets/4/pt in Skim_TriLep_WZTo3LNu_powheg.root
2026-03-06 09:45:05,652 - INFO - [2023BPix] MISSING_CENTRAL: SR1E2Mu/Central/jets/4/pt in Skim_TriLep_WWW.root
2026-03-06 09:45:05,665 - INFO - [2023BPix] MISSING_CENTRAL: SR1E2Mu/Central/jets/4/pt in Skim_TriLep_WZZ.root
2026-03-06 09:45:05,692 - INFO - [2023BPix] MISSING_CENTRAL: SR1E2Mu/Central/jets/4/pt in Skim_TriLep_VBFHToZZTo4L.root
2026-03-06 09:45:05,693 - INFO - [2023BPix] MISSING_CENTRAL: SR1E2Mu/Central/jets/4/pt in Skim_TriLep_ggHToZZTo4L.root
2026-03-06 19:50:50,896 - INFO - [2022] MISSING_CENTRAL: SR1E2Mu/Central/jets/4/pt in Skim_TriLep_MuonEG_D.root
2026-03-06 19:50:50,917 - INFO - [2022EE] MISSING_CENTRAL: SR1E2Mu/Central/jets/4/pt in Skim_TriLep_MuonEG_G.root
2026-03-06 19:50:50,926 - INFO - [2023] MISSING_CENTRAL: SR1E2Mu/Central/jets/4/pt in Skim_TriLep_MuonEG_C_v2.root
2026-03-06 19:50:50,927 - INFO - [2023] MISSING_CENTRAL: SR1E2Mu/Central/jets/4/pt in Skim_TriLep_MuonEG_C_v3.root
2026-03-06 19:50:50,928 - INFO - [2023BPix] MISSING_CENTRAL: SR1E2Mu/Central/jets/4/pt in Skim_TriLep_MuonEG_D_v1.root
2026-03-06 19:50:50,929 - INFO - [2023BPix] MISSING_CENTRAL: SR1E2Mu/Central/jets/4/pt in Skim_TriLep_MuonEG_D_v2.root
2026-03-06 19:50:50,943 - INFO - [2022] MISSING_CENTRAL: SR1E2Mu/Central/jets/4/pt in Skim_TriLep_MuonEG_D.root
2026-03-06 19:50:50,944 - INFO - [2022] MISSING_CENTRAL: SR1E2Mu/Central/jets/4/pt in Skim_TriLep_DYJets.root
2026-03-06 19:50:50,944 - INFO - [2022] MISSING_CENTRAL: SR1E2Mu/Central/jets/4/pt in Skim_TriLep_DYJets10to50.root
2026-03-06 19:50:50,945 - INFO - [2022] MISSING_CENTRAL: SR1E2Mu/Central/jets/4/pt in Skim_TriLep_TTG_PTG10to100.root
2026-03-06 19:50:50,945 - INFO - [2022] MISSING_CENTRAL: SR1E2Mu/Central/jets/4/pt in Skim_TriLep_TTG_PTG100to200.root
2026-03-06 19:50:51,019 - INFO - [2022] MISSING_CENTRAL: SR1E2Mu/Central/jets/4/pt in Skim_TriLep_WZTo3LNu_powheg.root
2026-03-06 19:50:51,020 - INFO - [2022] MISSING_CENTRAL: SR1E2Mu/Central/jets/4/pt in Skim_TriLep_ZZTo4L_powheg.root
2026-03-06 19:50:51,030 - INFO - [2022] MISSING_CENTRAL: SR1E2Mu/Central/jets/4/pt in Skim_TriLep_WWW.root
2026-03-06 19:50:51,071 - INFO - [2022] MISSING_CENTRAL: SR1E2Mu/Central/jets/4/pt in Skim_TriLep_VBFHToZZTo4L.root
2026-03-06 19:50:51,072 - INFO - [2022] MISSING_CENTRAL: SR1E2Mu/Central/jets/4/pt in Skim_TriLep_ggHToZZTo4L.root
2026-03-06 19:50:51,072 - INFO - [2022EE] MISSING_CENTRAL: SR1E2Mu/Central/jets/4/pt in Skim_TriLep_MuonEG_E.root
2026-03-06 19:50:51,074 - INFO - [2022EE] MISSING_CENTRAL: SR1E2Mu/Central/jets/4/pt in Skim_TriLep_DYJets.root
2026-03-06 19:50:51,075 - INFO - [2022EE] MISSING_CENTRAL: SR1E2Mu/Central/jets/4/pt in Skim_TriLep_DYJets10to50.root
2026-03-06 19:50:51,086 - INFO - [2022EE] MISSING_CENTRAL: SR1E2Mu/Central/jets/4/pt in Skim_TriLep_TTG_PTG100to200.root
2026-03-06 19:50:51,154 - INFO - [2022EE] MISSING_CENTRAL: SR1E2Mu/Central/jets/4/pt in Skim_TriLep_WZTo3LNu_powheg.root
2026-03-06 19:50:51,179 - INFO - [2022EE] MISSING_CENTRAL: SR1E2Mu/Central/jets/4/pt in Skim_TriLep_WWW.root
2026-03-06 19:50:51,242 - INFO - [2022EE] MISSING_CENTRAL: SR1E2Mu/Central/jets/4/pt in Skim_TriLep_ggHToZZTo4L.root
2026-03-06 19:50:51,246 - INFO - [2023] MISSING_CENTRAL: SR1E2Mu/Central/jets/4/pt in Skim_TriLep_DYJets.root
2026-03-06 19:50:51,247 - INFO - [2023] MISSING_CENTRAL: SR1E2Mu/Central/jets/4/pt in Skim_TriLep_DYJets10to50.root
2026-03-06 19:50:51,263 - INFO - [2023] MISSING_CENTRAL: SR1E2Mu/Central/jets/4/pt in Skim_TriLep_TTG_PTG100to200.root
2026-03-06 19:50:51,342 - INFO - [2023] MISSING_CENTRAL: SR1E2Mu/Central/jets/4/pt in Skim_TriLep_WZTo3LNu_powheg.root
2026-03-06 19:50:51,368 - INFO - [2023] MISSING_CENTRAL: SR1E2Mu/Central/jets/4/pt in Skim_TriLep_WWW.root
2026-03-06 19:50:51,394 - INFO - [2023] MISSING_CENTRAL: SR1E2Mu/Central/jets/4/pt in Skim_TriLep_ZZZ.root
2026-03-06 19:50:51,408 - INFO - [2023] MISSING_CENTRAL: SR1E2Mu/Central/jets/4/pt in Skim_TriLep_VBFHToZZTo4L.root
2026-03-06 19:50:51,409 - INFO - [2023] MISSING_CENTRAL: SR1E2Mu/Central/jets/4/pt in Skim_TriLep_ggHToZZTo4L.root
2026-03-06 19:50:51,411 - INFO - [2023BPix] MISSING_CENTRAL: SR1E2Mu/Central/jets/4/pt in Skim_TriLep_MuonEG_D_v2.root
2026-03-06 19:50:51,411 - INFO - [2023BPix] MISSING_CENTRAL: SR1E2Mu/Central/jets/4/pt in Skim_TriLep_DYJets.root
2026-03-06 19:50:51,412 - INFO - [2023BPix] MISSING_CENTRAL: SR1E2Mu/Central/jets/4/pt in Skim_TriLep_DYJets10to50.root
2026-03-06 19:50:51,413 - INFO - [2023BPix] MISSING_CENTRAL: SR1E2Mu/Central/jets/4/pt in Skim_TriLep_TTG_PTG10to100.root
2026-03-06 19:50:51,414 - INFO - [2023BPix] MISSING_CENTRAL: SR1E2Mu/Central/jets/4/pt in Skim_TriLep_TTG_PTG100to200.root
2026-03-06 19:50:51,415 - INFO - [2023BPix] MISSING_CENTRAL: SR1E2Mu/Central/jets/4/pt in Skim_TriLep_TTG_PTG200toInf.root
2026-03-06 19:50:51,479 - INFO - [2023BPix] MISSING_CENTRAL: SR1E2Mu/Central/jets/4/pt in Skim_TriLep_WZTo3LNu_powheg.root
2026-03-06 19:50:51,506 - INFO - [2023BPix] MISSING_CENTRAL: SR1E2Mu/Central/jets/4/pt in Skim_TriLep_WWW.root
2026-03-06 19:50:51,519 - INFO - [2023BPix] MISSING_CENTRAL: SR1E2Mu/Central/jets/4/pt in Skim_TriLep_WZZ.root
2026-03-06 19:50:51,545 - INFO - [2023BPix] MISSING_CENTRAL: SR1E2Mu/Central/jets/4/pt in Skim_TriLep_VBFHToZZTo4L.root
2026-03-06 19:50:51,546 - INFO - [2023BPix] MISSING_CENTRAL: SR1E2Mu/Central/jets/4/pt in Skim_TriLep_ggHToZZTo4L.root
2026-04-10 20:25:44,780 - INFO - [2022] MISSING_CENTRAL: SR1E2Mu/Central/jets/4/pt in Skim_TriLep_MuonEG_D.root
2026-04-10 20:25:44,802 - INFO - [2022EE] MISSING_CENTRAL: SR1E2Mu/Central/jets/4/pt in Skim_TriLep_MuonEG_G.root
2026-04-10 20:25:44,812 - INFO - [2023] MISSING_CENTRAL: SR1E2Mu/Central/jets/4/pt in Skim_TriLep_MuonEG_C_v2.root
2026-04-10 20:25:44,813 - INFO - [2023] MISSING_CENTRAL: SR1E2Mu/Central/jets/4/pt in Skim_TriLep_MuonEG_C_v3.root
2026-04-10 20:25:44,814 - INFO - [2023BPix] MISSING_CENTRAL: SR1E2Mu/Central/jets/4/pt in Skim_TriLep_MuonEG_D_v1.root
2026-04-10 20:25:44,814 - INFO - [2023BPix] MISSING_CENTRAL: SR1E2Mu/Central/jets/4/pt in Skim_TriLep_MuonEG_D_v2.root
2026-04-10 20:25:44,828 - INFO - [2022] MISSING_CENTRAL: SR1E2Mu/Central/jets/4/pt in Skim_TriLep_MuonEG_D.root
2026-04-10 20:25:44,829 - INFO - [2022] MISSING_CENTRAL: SR1E2Mu/Central/jets/4/pt in Skim_TriLep_DYJets.root
2026-04-10 20:25:44,829 - INFO - [2022] MISSING_CENTRAL: SR1E2Mu/Central/jets/4/pt in Skim_TriLep_DYJets10to50.root
2026-04-10 20:25:44,830 - INFO - [2022] MISSING_CENTRAL: SR1E2Mu/Central/jets/4/pt in Skim_TriLep_TTG_PTG10to100.root
2026-04-10 20:25:44,830 - INFO - [2022] MISSING_CENTRAL: SR1E2Mu/Central/jets/4/pt in Skim_TriLep_TTG_PTG100to200.root
2026-04-10 20:25:44,913 - INFO - [2022] MISSING_CENTRAL: SR1E2Mu/Central/jets/4/pt in Skim_TriLep_WZTo3LNu_powheg.root
2026-04-10 20:25:44,913 - INFO - [2022] MISSING_CENTRAL: SR1E2Mu/Central/jets/4/pt in Skim_TriLep_ZZTo4L_powheg.root
2026-04-10 20:25:44,926 - INFO - [2022] MISSING_CENTRAL: SR1E2Mu/Central/jets/4/pt in Skim_TriLep_WWW.root
2026-04-10 20:25:44,976 - INFO - [2022] MISSING_CENTRAL: SR1E2Mu/Central/jets/4/pt in Skim_TriLep_VBFHToZZTo4L.root
2026-04-10 20:25:44,977 - INFO - [2022] MISSING_CENTRAL: SR1E2Mu/Central/jets/4/pt in Skim_TriLep_ggHToZZTo4L.root
2026-04-10 20:25:44,977 - INFO - [2022EE] MISSING_CENTRAL: SR1E2Mu/Central/jets/4/pt in Skim_TriLep_MuonEG_E.root
2026-04-10 20:25:44,979 - INFO - [2022EE] MISSING_CENTRAL: SR1E2Mu/Central/jets/4/pt in Skim_TriLep_DYJets.root
2026-04-10 20:25:44,980 - INFO - [2022EE] MISSING_CENTRAL: SR1E2Mu/Central/jets/4/pt in Skim_TriLep_DYJets10to50.root
2026-04-10 20:25:44,993 - INFO - [2022EE] MISSING_CENTRAL: SR1E2Mu/Central/jets/4/pt in Skim_TriLep_TTG_PTG100to200.root
2026-04-10 20:25:45,071 - INFO - [2022EE] MISSING_CENTRAL: SR1E2Mu/Central/jets/4/pt in Skim_TriLep_WZTo3LNu_powheg.root
2026-04-10 20:25:45,098 - INFO - [2022EE] MISSING_CENTRAL: SR1E2Mu/Central/jets/4/pt in Skim_TriLep_WWW.root
2026-04-10 20:25:45,165 - INFO - [2022EE] MISSING_CENTRAL: SR1E2Mu/Central/jets/4/pt in Skim_TriLep_ggHToZZTo4L.root
2026-04-10 20:25:45,169 - INFO - [2023] MISSING_CENTRAL: SR1E2Mu/Central/jets/4/pt in Skim_TriLep_DYJets.root
2026-04-10 20:25:45,170 - INFO - [2023] MISSING_CENTRAL: SR1E2Mu/Central/jets/4/pt in Skim_TriLep_DYJets10to50.root
2026-04-10 20:25:45,183 - INFO - [2023] MISSING_CENTRAL: SR1E2Mu/Central/jets/4/pt in Skim_TriLep_TTG_PTG100to200.root
2026-04-10 20:25:45,260 - INFO - [2023] MISSING_CENTRAL: SR1E2Mu/Central/jets/4/pt in Skim_TriLep_WZTo3LNu_powheg.root
2026-04-10 20:25:45,286 - INFO - [2023] MISSING_CENTRAL: SR1E2Mu/Central/jets/4/pt in Skim_TriLep_WWW.root
2026-04-10 20:25:45,312 - INFO - [2023] MISSING_CENTRAL: SR1E2Mu/Central/jets/4/pt in Skim_TriLep_ZZZ.root
2026-04-10 20:25:45,326 - INFO - [2023] MISSING_CENTRAL: SR1E2Mu/Central/jets/4/pt in Skim_TriLep_VBFHToZZTo4L.root
2026-04-10 20:25:45,327 - INFO - [2023] MISSING_CENTRAL: SR1E2Mu/Central/jets/4/pt in Skim_TriLep_ggHToZZTo4L.root
2026-04-10 20:25:45,329 - INFO - [2023BPix] MISSING_CENTRAL: SR1E2Mu/Central/jets/4/pt in Skim_TriLep_MuonEG_D_v2.root
2026-04-10 20:25:45,329 - INFO - [2023BPix] MISSING_CENTRAL: SR1E2Mu/Central/jets/4/pt in Skim_TriLep_DYJets.root
2026-04-10 20:25:45,330 - INFO - [2023BPix] MISSING_CENTRAL: SR1E2Mu/Central/jets/4/pt in Skim_TriLep_DYJets10to50.root
2026-04-10 20:25:45,330 - INFO - [2023BPix] MISSING_CENTRAL: SR1E2Mu/Central/jets/4/pt in Skim_TriLep_TTG_PTG10to100.root
2026-04-10 20:25:45,331 - INFO - [2023BPix] MISSING_CENTRAL: SR1E2Mu/Central/jets/4/pt in Skim_TriLep_TTG_PTG100to200.root
2026-04-10 20:25:45,332 - INFO - [2023BPix] MISSING_CENTRAL: SR1E2Mu/Central/jets/4/pt in Skim_TriLep_TTG_PTG200toInf.root
2026-04-10 20:25:45,399 - INFO - [2023BPix] MISSING_CENTRAL: SR1E2Mu/Central/jets/4/pt in Skim_TriLep_WZTo3LNu_powheg.root
2026-04-10 20:25:45,425 - INFO - [2023BPix] MISSING_CENTRAL: SR1E2Mu/Central/jets/4/pt in Skim_TriLep_WWW.root
2026-04-10 20:25:45,438 - INFO - [2023BPix] MISSING_CENTRAL: SR1E2Mu/Central/jets/4/pt in Skim_TriLep_WZZ.root
2026-04-10 20:25:45,466 - INFO - [2023BPix] MISSING_CENTRAL: SR1E2Mu/Central/jets/4/pt in Skim_TriLep_VBFHToZZTo4L.root
2026-04-10 20:25:45,467 - INFO - [2023BPix] MISSING_CENTRAL: SR1E2Mu/Central/jets/4/pt in Skim_TriLep_ggHToZZTo4L.root
2026-04-12 11:41:09,475 - INFO - [2022] MISSING_CENTRAL: SR1E2Mu/Central/jets/4/pt in Skim_TriLep_MuonEG_D.root
2026-04-12 11:41:09,498 - INFO - [2022EE] MISSING_CENTRAL: SR1E2Mu/Central/jets/4/pt in Skim_TriLep_MuonEG_G.root
2026-04-12 11:41:09,508 - INFO - [2023] MISSING_CENTRAL: SR1E2Mu/Central/jets/4/pt in Skim_TriLep_MuonEG_C_v2.root
2026-04-12 11:41:09,509 - INFO - [2023] MISSING_CENTRAL: SR1E2Mu/Central/jets/4/pt in Skim_TriLep_MuonEG_C_v3.root
2026-04-12 11:41:09,510 - INFO - [2023BPix] MISSING_CENTRAL: SR1E2Mu/Central/jets/4/pt in Skim_TriLep_MuonEG_D_v1.root
2026-04-12 11:41:09,510 - INFO - [2023BPix] MISSING_CENTRAL: SR1E2Mu/Central/jets/4/pt in Skim_TriLep_MuonEG_D_v2.root
2026-04-12 11:41:09,526 - INFO - [2022] MISSING_CENTRAL: SR1E2Mu/Central/jets/4/pt in Skim_TriLep_MuonEG_D.root
2026-04-12 11:41:09,527 - INFO - [2022] MISSING_CENTRAL: SR1E2Mu/Central/jets/4/pt in Skim_TriLep_DYJets.root
2026-04-12 11:41:09,527 - INFO - [2022] MISSING_CENTRAL: SR1E2Mu/Central/jets/4/pt in Skim_TriLep_DYJets10to50.root
2026-04-12 11:41:09,528 - INFO - [2022] MISSING_CENTRAL: SR1E2Mu/Central/jets/4/pt in Skim_TriLep_TTG_PTG10to100.root
2026-04-12 11:41:09,528 - INFO - [2022] MISSING_CENTRAL: SR1E2Mu/Central/jets/4/pt in Skim_TriLep_TTG_PTG100to200.root
2026-04-12 11:41:09,610 - INFO - [2022] MISSING_CENTRAL: SR1E2Mu/Central/jets/4/pt in Skim_TriLep_WZTo3LNu_powheg.root
2026-04-12 11:41:09,611 - INFO - [2022] MISSING_CENTRAL: SR1E2Mu/Central/jets/4/pt in Skim_TriLep_ZZTo4L_powheg.root
2026-04-12 11:41:09,624 - INFO - [2022] MISSING_CENTRAL: SR1E2Mu/Central/jets/4/pt in Skim_TriLep_WWW.root
2026-04-12 11:41:09,673 - INFO - [2022] MISSING_CENTRAL: SR1E2Mu/Central/jets/4/pt in Skim_TriLep_VBFHToZZTo4L.root
2026-04-12 11:41:09,674 - INFO - [2022] MISSING_CENTRAL: SR1E2Mu/Central/jets/4/pt in Skim_TriLep_ggHToZZTo4L.root
2026-04-12 11:41:09,675 - INFO - [2022EE] MISSING_CENTRAL: SR1E2Mu/Central/jets/4/pt in Skim_TriLep_MuonEG_E.root
2026-04-12 11:41:09,677 - INFO - [2022EE] MISSING_CENTRAL: SR1E2Mu/Central/jets/4/pt in Skim_TriLep_DYJets.root
2026-04-12 11:41:09,677 - INFO - [2022EE] MISSING_CENTRAL: SR1E2Mu/Central/jets/4/pt in Skim_TriLep_DYJets10to50.root
2026-04-12 11:41:09,690 - INFO - [2022EE] MISSING_CENTRAL: SR1E2Mu/Central/jets/4/pt in Skim_TriLep_TTG_PTG100to200.root
2026-04-12 11:41:09,767 - INFO - [2022EE] MISSING_CENTRAL: SR1E2Mu/Central/jets/4/pt in Skim_TriLep_WZTo3LNu_powheg.root
2026-04-12 11:41:09,793 - INFO - [2022EE] MISSING_CENTRAL: SR1E2Mu/Central/jets/4/pt in Skim_TriLep_WWW.root
2026-04-12 11:41:09,857 - INFO - [2022EE] MISSING_CENTRAL: SR1E2Mu/Central/jets/4/pt in Skim_TriLep_ggHToZZTo4L.root
2026-04-12 11:41:09,861 - INFO - [2023] MISSING_CENTRAL: SR1E2Mu/Central/jets/4/pt in Skim_TriLep_DYJets.root
2026-04-12 11:41:09,862 - INFO - [2023] MISSING_CENTRAL: SR1E2Mu/Central/jets/4/pt in Skim_TriLep_DYJets10to50.root
2026-04-12 11:41:09,875 - INFO - [2023] MISSING_CENTRAL: SR1E2Mu/Central/jets/4/pt in Skim_TriLep_TTG_PTG100to200.root
2026-04-12 11:41:09,954 - INFO - [2023] MISSING_CENTRAL: SR1E2Mu/Central/jets/4/pt in Skim_TriLep_WZTo3LNu_powheg.root
2026-04-12 11:41:09,980 - INFO - [2023] MISSING_CENTRAL: SR1E2Mu/Central/jets/4/pt in Skim_TriLep_WWW.root
2026-04-12 11:41:10,006 - INFO - [2023] MISSING_CENTRAL: SR1E2Mu/Central/jets/4/pt in Skim_TriLep_ZZZ.root
2026-04-12 11:41:10,020 - INFO - [2023] MISSING_CENTRAL: SR1E2Mu/Central/jets/4/pt in Skim_TriLep_VBFHToZZTo4L.root
2026-04-12 11:41:10,021 - INFO - [2023] MISSING_CENTRAL: SR1E2Mu/Central/jets/4/pt in Skim_TriLep_ggHToZZTo4L.root
2026-04-12 11:41:10,023 - INFO - [2023BPix] MISSING_CENTRAL: SR1E2Mu/Central/jets/4/pt in Skim_TriLep_MuonEG_D_v2.root
2026-04-12 11:41:10,024 - INFO - [2023BPix] MISSING_CENTRAL: SR1E2Mu/Central/jets/4/pt in Skim_TriLep_DYJets.root
2026-04-12 11:41:10,025 - INFO - [2023BPix] MISSING_CENTRAL: SR1E2Mu/Central/jets/4/pt in Skim_TriLep_DYJets10to50.root
2026-04-12 11:41:10,026 - INFO - [2023BPix] MISSING_CENTRAL: SR1E2Mu/Central/jets/4/pt in Skim_TriLep_TTG_PTG10to100.root
2026-04-12 11:41:10,026 - INFO - [2023BPix] MISSING_CENTRAL: SR1E2Mu/Central/jets/4/pt in Skim_TriLep_TTG_PTG100to200.root
2026-04-12 11:41:10,027 - INFO - [2023BPix] MISSING_CENTRAL: SR1E2Mu/Central/jets/4/pt in Skim_TriLep_TTG_PTG200toInf.root
2026-04-12 11:41:10,106 - INFO - [2023BPix] MISSING_CENTRAL: SR1E2Mu/Central/jets/4/pt in Skim_TriLep_WZTo3LNu_powheg.root
2026-04-12 11:41:10,132 - INFO - [2023BPix] MISSING_CENTRAL: SR1E2Mu/Central/jets/4/pt in Skim_TriLep_WWW.root
2026-04-12 11:41:10,146 - INFO - [2023BPix] MISSING_CENTRAL: SR1E2Mu/Central/jets/4/pt in Skim_TriLep_WZZ.root
2026-04-12 11:41:10,173 - INFO - [2023BPix] MISSING_CENTRAL: SR1E2Mu/Central/jets/4/pt in Skim_TriLep_VBFHToZZTo4L.root
2026-04-12 11:41:10,175 - INFO - [2023BPix] MISSING_CENTRAL: SR1E2Mu/Central/jets/4/pt in Skim_TriLep_ggHToZZTo4L.root
2026-04-12 12:22:50,127 - INFO - [2022] MISSING_CENTRAL: SR1E2Mu/Central/jets/4/pt in Skim_TriLep_MuonEG_D.root
2026-04-12 12:22:50,150 - INFO - [2022EE] MISSING_CENTRAL: SR1E2Mu/Central/jets/4/pt in Skim_TriLep_MuonEG_G.root
2026-04-12 12:22:50,159 - INFO - [2023] MISSING_CENTRAL: SR1E2Mu/Central/jets/4/pt in Skim_TriLep_MuonEG_C_v2.root
2026-04-12 12:22:50,160 - INFO - [2023] MISSING_CENTRAL: SR1E2Mu/Central/jets/4/pt in Skim_TriLep_MuonEG_C_v3.root
2026-04-12 12:22:50,161 - INFO - [2023BPix] MISSING_CENTRAL: SR1E2Mu/Central/jets/4/pt in Skim_TriLep_MuonEG_D_v1.root
2026-04-12 12:22:50,162 - INFO - [2023BPix] MISSING_CENTRAL: SR1E2Mu/Central/jets/4/pt in Skim_TriLep_MuonEG_D_v2.root
2026-04-12 12:22:50,175 - INFO - [2022] MISSING_CENTRAL: SR1E2Mu/Central/jets/4/pt in Skim_TriLep_MuonEG_D.root
2026-04-12 12:22:50,176 - INFO - [2022] MISSING_CENTRAL: SR1E2Mu/Central/jets/4/pt in Skim_TriLep_DYJets.root
2026-04-12 12:22:50,176 - INFO - [2022] MISSING_CENTRAL: SR1E2Mu/Central/jets/4/pt in Skim_TriLep_DYJets10to50.root
2026-04-12 12:22:50,177 - INFO - [2022] MISSING_CENTRAL: SR1E2Mu/Central/jets/4/pt in Skim_TriLep_TTG_PTG10to100.root
2026-04-12 12:22:50,178 - INFO - [2022] MISSING_CENTRAL: SR1E2Mu/Central/jets/4/pt in Skim_TriLep_TTG_PTG100to200.root
2026-04-12 12:22:50,258 - INFO - [2022] MISSING_CENTRAL: SR1E2Mu/Central/jets/4/pt in Skim_TriLep_WZTo3LNu_powheg.root
2026-04-12 12:22:50,259 - INFO - [2022] MISSING_CENTRAL: SR1E2Mu/Central/jets/4/pt in Skim_TriLep_ZZTo4L_powheg.root
2026-04-12 12:22:50,271 - INFO - [2022] MISSING_CENTRAL: SR1E2Mu/Central/jets/4/pt in Skim_TriLep_WWW.root
2026-04-12 12:22:50,320 - INFO - [2022] MISSING_CENTRAL: SR1E2Mu/Central/jets/4/pt in Skim_TriLep_VBFHToZZTo4L.root
2026-04-12 12:22:50,321 - INFO - [2022] MISSING_CENTRAL: SR1E2Mu/Central/jets/4/pt in Skim_TriLep_ggHToZZTo4L.root
2026-04-12 12:22:50,322 - INFO - [2022EE] MISSING_CENTRAL: SR1E2Mu/Central/jets/4/pt in Skim_TriLep_MuonEG_E.root
2026-04-12 12:22:50,324 - INFO - [2022EE] MISSING_CENTRAL: SR1E2Mu/Central/jets/4/pt in Skim_TriLep_DYJets.root
2026-04-12 12:22:50,324 - INFO - [2022EE] MISSING_CENTRAL: SR1E2Mu/Central/jets/4/pt in Skim_TriLep_DYJets10to50.root
2026-04-12 12:22:50,336 - INFO - [2022EE] MISSING_CENTRAL: SR1E2Mu/Central/jets/4/pt in Skim_TriLep_TTG_PTG100to200.root
2026-04-12 12:22:50,408 - INFO - [2022EE] MISSING_CENTRAL: SR1E2Mu/Central/jets/4/pt in Skim_TriLep_WZTo3LNu_powheg.root
2026-04-12 12:22:50,432 - INFO - [2022EE] MISSING_CENTRAL: SR1E2Mu/Central/jets/4/pt in Skim_TriLep_WWW.root
2026-04-12 12:22:50,494 - INFO - [2022EE] MISSING_CENTRAL: SR1E2Mu/Central/jets/4/pt in Skim_TriLep_ggHToZZTo4L.root
2026-04-12 12:22:50,498 - INFO - [2023] MISSING_CENTRAL: SR1E2Mu/Central/jets/4/pt in Skim_TriLep_DYJets.root
2026-04-12 12:22:50,499 - INFO - [2023] MISSING_CENTRAL: SR1E2Mu/Central/jets/4/pt in Skim_TriLep_DYJets10to50.root
2026-04-12 12:22:50,512 - INFO - [2023] MISSING_CENTRAL: SR1E2Mu/Central/jets/4/pt in Skim_TriLep_TTG_PTG100to200.root
2026-04-12 12:22:50,593 - INFO - [2023] MISSING_CENTRAL: SR1E2Mu/Central/jets/4/pt in Skim_TriLep_WZTo3LNu_powheg.root
2026-04-12 12:22:50,619 - INFO - [2023] MISSING_CENTRAL: SR1E2Mu/Central/jets/4/pt in Skim_TriLep_WWW.root
2026-04-12 12:22:50,645 - INFO - [2023] MISSING_CENTRAL: SR1E2Mu/Central/jets/4/pt in Skim_TriLep_ZZZ.root
2026-04-12 12:22:50,659 - INFO - [2023] MISSING_CENTRAL: SR1E2Mu/Central/jets/4/pt in Skim_TriLep_VBFHToZZTo4L.root
2026-04-12 12:22:50,660 - INFO - [2023] MISSING_CENTRAL: SR1E2Mu/Central/jets/4/pt in Skim_TriLep_ggHToZZTo4L.root
2026-04-12 12:22:50,661 - INFO - [2023BPix] MISSING_CENTRAL: SR1E2Mu/Central/jets/4/pt in Skim_TriLep_MuonEG_D_v2.root
2026-04-12 12:22:50,662 - INFO - [2023BPix] MISSING_CENTRAL: SR1E2Mu/Central/jets/4/pt in Skim_TriLep_DYJets.root
2026-04-12 12:22:50,662 - INFO - [2023BPix] MISSING_CENTRAL: SR1E2Mu/Central/jets/4/pt in Skim_TriLep_DYJets10to50.root
2026-04-12 12:22:50,663 - INFO - [2023BPix] MISSING_CENTRAL: SR1E2Mu/Central/jets/4/pt in Skim_TriLep_TTG_PTG10to100.root
2026-04-12 12:22:50,664 - INFO - [2023BPix] MISSING_CENTRAL: SR1E2Mu/Central/jets/4/pt in Skim_TriLep_TTG_PTG100to200.root
2026-04-12 12:22:50,665 - INFO - [2023BPix] MISSING_CENTRAL: SR1E2Mu/Central/jets/4/pt in Skim_TriLep_TTG_PTG200toInf.root
2026-04-12 12:22:50,729 - INFO - [2023BPix] MISSING_CENTRAL: SR1E2Mu/Central/jets/4/pt in Skim_TriLep_WZTo3LNu_powheg.root
2026-04-12 12:22:50,753 - INFO - [2023BPix] MISSING_CENTRAL: SR1E2Mu/Central/jets/4/pt in Skim_TriLep_WWW.root
2026-04-12 12:22:50,767 - INFO - [2023BPix] MISSING_CENTRAL: SR1E2Mu/Central/jets/4/pt in Skim_TriLep_WZZ.root
2026-04-12 12:22:50,794 - INFO - [2023BPix] MISSING_CENTRAL: SR1E2Mu/Central/jets/4/pt in Skim_TriLep_VBFHToZZTo4L.root
2026-04-12 12:22:50,795 - INFO - [2023BPix] MISSING_CENTRAL: SR1E2Mu/Central/jets/4/pt in Skim_TriLep_ggHToZZTo4L.root
2026-04-12 12:42:28,849 - INFO - [2022] MISSING_CENTRAL: SR1E2Mu/Central/jets/4/pt in Skim_TriLep_MuonEG_D.root
2026-04-12 12:42:28,872 - INFO - [2022EE] MISSING_CENTRAL: SR1E2Mu/Central/jets/4/pt in Skim_TriLep_MuonEG_G.root
2026-04-12 12:42:28,882 - INFO - [2023] MISSING_CENTRAL: SR1E2Mu/Central/jets/4/pt in Skim_TriLep_MuonEG_C_v2.root
2026-04-12 12:42:28,883 - INFO - [2023] MISSING_CENTRAL: SR1E2Mu/Central/jets/4/pt in Skim_TriLep_MuonEG_C_v3.root
2026-04-12 12:42:28,884 - INFO - [2023BPix] MISSING_CENTRAL: SR1E2Mu/Central/jets/4/pt in Skim_TriLep_MuonEG_D_v1.root
2026-04-12 12:42:28,885 - INFO - [2023BPix] MISSING_CENTRAL: SR1E2Mu/Central/jets/4/pt in Skim_TriLep_MuonEG_D_v2.root
2026-04-12 12:42:28,900 - INFO - [2022] MISSING_CENTRAL: SR1E2Mu/Central/jets/4/pt in Skim_TriLep_MuonEG_D.root
2026-04-12 12:42:28,901 - INFO - [2022] MISSING_CENTRAL: SR1E2Mu/Central/jets/4/pt in Skim_TriLep_DYJets.root
2026-04-12 12:42:28,901 - INFO - [2022] MISSING_CENTRAL: SR1E2Mu/Central/jets/4/pt in Skim_TriLep_DYJets10to50.root
2026-04-12 12:42:28,902 - INFO - [2022] MISSING_CENTRAL: SR1E2Mu/Central/jets/4/pt in Skim_TriLep_TTG_PTG10to100.root
2026-04-12 12:42:28,903 - INFO - [2022] MISSING_CENTRAL: SR1E2Mu/Central/jets/4/pt in Skim_TriLep_TTG_PTG100to200.root
2026-04-12 12:42:28,981 - INFO - [2022] MISSING_CENTRAL: SR1E2Mu/Central/jets/4/pt in Skim_TriLep_WZTo3LNu_powheg.root
2026-04-12 12:42:28,982 - INFO - [2022] MISSING_CENTRAL: SR1E2Mu/Central/jets/4/pt in Skim_TriLep_ZZTo4L_powheg.root
2026-04-12 12:42:28,994 - INFO - [2022] MISSING_CENTRAL: SR1E2Mu/Central/jets/4/pt in Skim_TriLep_WWW.root
2026-04-12 12:42:29,041 - INFO - [2022] MISSING_CENTRAL: SR1E2Mu/Central/jets/4/pt in Skim_TriLep_VBFHToZZTo4L.root
2026-04-12 12:42:29,042 - INFO - [2022] MISSING_CENTRAL: SR1E2Mu/Central/jets/4/pt in Skim_TriLep_ggHToZZTo4L.root
2026-04-12 12:42:29,043 - INFO - [2022EE] MISSING_CENTRAL: SR1E2Mu/Central/jets/4/pt in Skim_TriLep_MuonEG_E.root
2026-04-12 12:42:29,045 - INFO - [2022EE] MISSING_CENTRAL: SR1E2Mu/Central/jets/4/pt in Skim_TriLep_DYJets.root
2026-04-12 12:42:29,045 - INFO - [2022EE] MISSING_CENTRAL: SR1E2Mu/Central/jets/4/pt in Skim_TriLep_DYJets10to50.root
2026-04-12 12:42:29,057 - INFO - [2022EE] MISSING_CENTRAL: SR1E2Mu/Central/jets/4/pt in Skim_TriLep_TTG_PTG100to200.root
2026-04-12 12:42:29,135 - INFO - [2022EE] MISSING_CENTRAL: SR1E2Mu/Central/jets/4/pt in Skim_TriLep_WZTo3LNu_powheg.root
2026-04-12 12:42:29,160 - INFO - [2022EE] MISSING_CENTRAL: SR1E2Mu/Central/jets/4/pt in Skim_TriLep_WWW.root
2026-04-12 12:42:29,227 - INFO - [2022EE] MISSING_CENTRAL: SR1E2Mu/Central/jets/4/pt in Skim_TriLep_ggHToZZTo4L.root
2026-04-12 12:42:29,231 - INFO - [2023] MISSING_CENTRAL: SR1E2Mu/Central/jets/4/pt in Skim_TriLep_DYJets.root
2026-04-12 12:42:29,232 - INFO - [2023] MISSING_CENTRAL: SR1E2Mu/Central/jets/4/pt in Skim_TriLep_DYJets10to50.root
2026-04-12 12:42:29,245 - INFO - [2023] MISSING_CENTRAL: SR1E2Mu/Central/jets/4/pt in Skim_TriLep_TTG_PTG100to200.root
2026-04-12 12:42:29,324 - INFO - [2023] MISSING_CENTRAL: SR1E2Mu/Central/jets/4/pt in Skim_TriLep_WZTo3LNu_powheg.root
2026-04-12 12:42:29,351 - INFO - [2023] MISSING_CENTRAL: SR1E2Mu/Central/jets/4/pt in Skim_TriLep_WWW.root
2026-04-12 12:42:29,379 - INFO - [2023] MISSING_CENTRAL: SR1E2Mu/Central/jets/4/pt in Skim_TriLep_ZZZ.root
2026-04-12 12:42:29,394 - INFO - [2023] MISSING_CENTRAL: SR1E2Mu/Central/jets/4/pt in Skim_TriLep_VBFHToZZTo4L.root
2026-04-12 12:42:29,395 - INFO - [2023] MISSING_CENTRAL: SR1E2Mu/Central/jets/4/pt in Skim_TriLep_ggHToZZTo4L.root
2026-04-12 12:42:29,397 - INFO - [2023BPix] MISSING_CENTRAL: SR1E2Mu/Central/jets/4/pt in Skim_TriLep_MuonEG_D_v2.root
2026-04-12 12:42:29,398 - INFO - [2023BPix] MISSING_CENTRAL: SR1E2Mu/Central/jets/4/pt in Skim_TriLep_DYJets.root
2026-04-12 12:42:29,399 - INFO - [2023BPix] MISSING_CENTRAL: SR1E2Mu/Central/jets/4/pt in Skim_TriLep_DYJets10to50.root
2026-04-12 12:42:29,399 - INFO - [2023BPix] MISSING_CENTRAL: SR1E2Mu/Central/jets/4/pt in Skim_TriLep_TTG_PTG10to100.root
2026-04-12 12:42:29,400 - INFO - [2023BPix] MISSING_CENTRAL: SR1E2Mu/Central/jets/4/pt in Skim_TriLep_TTG_PTG100to200.root
2026-04-12 12:42:29,401 - INFO - [2023BPix] MISSING_CENTRAL: SR1E2Mu/Central/jets/4/pt in Skim_TriLep_TTG_PTG200toInf.root
2026-04-12 12:42:29,467 - INFO - [2023BPix] MISSING_CENTRAL: SR1E2Mu/Central/jets/4/pt in Skim_TriLep_WZTo3LNu_powheg.root
2026-04-12 12:42:29,494 - INFO - [2023BPix] MISSING_CENTRAL: SR1E2Mu/Central/jets/4/pt in Skim_TriLep_WWW.root
2026-04-12 12:42:29,507 - INFO - [2023BPix] MISSING_CENTRAL: SR1E2Mu/Central/jets/4/pt in Skim_TriLep_WZZ.root
2026-04-12 12:42:29,535 - INFO - [2023BPix] MISSING_CENTRAL: SR1E2Mu/Central/jets/4/pt in Skim_TriLep_VBFHToZZTo4L.root
2026-04-12 12:42:29,536 - INFO - [2023BPix] MISSING_CENTRAL: SR1E2Mu/Central/jets/4/pt in Skim_TriLep_ggHToZZTo4L.root
2026-04-12 20:50:39,657 - INFO - [2022] MISSING_CENTRAL: SR1E2Mu/Central/jets/4/pt in Skim_TriLep_MuonEG_D.root
2026-04-12 20:50:39,680 - INFO - [2022EE] MISSING_CENTRAL: SR1E2Mu/Central/jets/4/pt in Skim_TriLep_MuonEG_G.root
2026-04-12 20:50:39,691 - INFO - [2023] MISSING_CENTRAL: SR1E2Mu/Central/jets/4/pt in Skim_TriLep_MuonEG_C_v2.root
2026-04-12 20:50:39,692 - INFO - [2023] MISSING_CENTRAL: SR1E2Mu/Central/jets/4/pt in Skim_TriLep_MuonEG_C_v3.root
2026-04-12 20:50:39,693 - INFO - [2023BPix] MISSING_CENTRAL: SR1E2Mu/Central/jets/4/pt in Skim_TriLep_MuonEG_D_v1.root
2026-04-12 20:50:39,693 - INFO - [2023BPix] MISSING_CENTRAL: SR1E2Mu/Central/jets/4/pt in Skim_TriLep_MuonEG_D_v2.root
2026-04-12 20:50:39,709 - INFO - [2022] MISSING_CENTRAL: SR1E2Mu/Central/jets/4/pt in Skim_TriLep_MuonEG_D.root
2026-04-12 20:50:39,710 - INFO - [2022] MISSING_CENTRAL: SR1E2Mu/Central/jets/4/pt in Skim_TriLep_DYJets.root
2026-04-12 20:50:39,710 - INFO - [2022] MISSING_CENTRAL: SR1E2Mu/Central/jets/4/pt in Skim_TriLep_DYJets10to50.root
2026-04-12 20:50:39,711 - INFO - [2022] MISSING_CENTRAL: SR1E2Mu/Central/jets/4/pt in Skim_TriLep_TTG_PTG10to100.root
2026-04-12 20:50:39,711 - INFO - [2022] MISSING_CENTRAL: SR1E2Mu/Central/jets/4/pt in Skim_TriLep_TTG_PTG100to200.root
2026-04-12 20:50:39,789 - INFO - [2022] MISSING_CENTRAL: SR1E2Mu/Central/jets/4/pt in Skim_TriLep_WZTo3LNu_powheg.root
2026-04-12 20:50:39,790 - INFO - [2022] MISSING_CENTRAL: SR1E2Mu/Central/jets/4/pt in Skim_TriLep_ZZTo4L_powheg.root
2026-04-12 20:50:39,801 - INFO - [2022] MISSING_CENTRAL: SR1E2Mu/Central/jets/4/pt in Skim_TriLep_WWW.root
2026-04-12 20:50:39,850 - INFO - [2022] MISSING_CENTRAL: SR1E2Mu/Central/jets/4/pt in Skim_TriLep_VBFHToZZTo4L.root
2026-04-12 20:50:39,851 - INFO - [2022] MISSING_CENTRAL: SR1E2Mu/Central/jets/4/pt in Skim_TriLep_ggHToZZTo4L.root
2026-04-12 20:50:39,851 - INFO - [2022EE] MISSING_CENTRAL: SR1E2Mu/Central/jets/4/pt in Skim_TriLep_MuonEG_E.root
2026-04-12 20:50:39,854 - INFO - [2022EE] MISSING_CENTRAL: SR1E2Mu/Central/jets/4/pt in Skim_TriLep_DYJets.root
2026-04-12 20:50:39,854 - INFO - [2022EE] MISSING_CENTRAL: SR1E2Mu/Central/jets/4/pt in Skim_TriLep_DYJets10to50.root
2026-04-12 20:50:39,867 - INFO - [2022EE] MISSING_CENTRAL: SR1E2Mu/Central/jets/4/pt in Skim_TriLep_TTG_PTG100to200.root
2026-04-12 20:50:39,946 - INFO - [2022EE] MISSING_CENTRAL: SR1E2Mu/Central/jets/4/pt in Skim_TriLep_WZTo3LNu_powheg.root
2026-04-12 20:50:39,972 - INFO - [2022EE] MISSING_CENTRAL: SR1E2Mu/Central/jets/4/pt in Skim_TriLep_WWW.root
2026-04-12 20:50:40,038 - INFO - [2022EE] MISSING_CENTRAL: SR1E2Mu/Central/jets/4/pt in Skim_TriLep_ggHToZZTo4L.root
2026-04-12 20:50:40,042 - INFO - [2023] MISSING_CENTRAL: SR1E2Mu/Central/jets/4/pt in Skim_TriLep_DYJets.root
2026-04-12 20:50:40,043 - INFO - [2023] MISSING_CENTRAL: SR1E2Mu/Central/jets/4/pt in Skim_TriLep_DYJets10to50.root
2026-04-12 20:50:40,057 - INFO - [2023] MISSING_CENTRAL: SR1E2Mu/Central/jets/4/pt in Skim_TriLep_TTG_PTG100to200.root
2026-04-12 20:50:40,137 - INFO - [2023] MISSING_CENTRAL: SR1E2Mu/Central/jets/4/pt in Skim_TriLep_WZTo3LNu_powheg.root
2026-04-12 20:50:40,162 - INFO - [2023] MISSING_CENTRAL: SR1E2Mu/Central/jets/4/pt in Skim_TriLep_WWW.root
2026-04-12 20:50:40,186 - INFO - [2023] MISSING_CENTRAL: SR1E2Mu/Central/jets/4/pt in Skim_TriLep_ZZZ.root
2026-04-12 20:50:40,201 - INFO - [2023] MISSING_CENTRAL: SR1E2Mu/Central/jets/4/pt in Skim_TriLep_VBFHToZZTo4L.root
2026-04-12 20:50:40,202 - INFO - [2023] MISSING_CENTRAL: SR1E2Mu/Central/jets/4/pt in Skim_TriLep_ggHToZZTo4L.root
2026-04-12 20:50:40,204 - INFO - [2023BPix] MISSING_CENTRAL: SR1E2Mu/Central/jets/4/pt in Skim_TriLep_MuonEG_D_v2.root
2026-04-12 20:50:40,205 - INFO - [2023BPix] MISSING_CENTRAL: SR1E2Mu/Central/jets/4/pt in Skim_TriLep_DYJets.root
2026-04-12 20:50:40,205 - INFO - [2023BPix] MISSING_CENTRAL: SR1E2Mu/Central/jets/4/pt in Skim_TriLep_DYJets10to50.root
2026-04-12 20:50:40,206 - INFO - [2023BPix] MISSING_CENTRAL: SR1E2Mu/Central/jets/4/pt in Skim_TriLep_TTG_PTG10to100.root
2026-04-12 20:50:40,207 - INFO - [2023BPix] MISSING_CENTRAL: SR1E2Mu/Central/jets/4/pt in Skim_TriLep_TTG_PTG100to200.root
2026-04-12 20:50:40,208 - INFO - [2023BPix] MISSING_CENTRAL: SR1E2Mu/Central/jets/4/pt in Skim_TriLep_TTG_PTG200toInf.root
2026-04-12 20:50:40,278 - INFO - [2023BPix] MISSING_CENTRAL: SR1E2Mu/Central/jets/4/pt in Skim_TriLep_WZTo3LNu_powheg.root
2026-04-12 20:50:40,305 - INFO - [2023BPix] MISSING_CENTRAL: SR1E2Mu/Central/jets/4/pt in Skim_TriLep_WWW.root
2026-04-12 20:50:40,320 - INFO - [2023BPix] MISSING_CENTRAL: SR1E2Mu/Central/jets/4/pt in Skim_TriLep_WZZ.root
2026-04-12 20:50:40,348 - INFO - [2023BPix] MISSING_CENTRAL: SR1E2Mu/Central/jets/4/pt in Skim_TriLep_VBFHToZZTo4L.root
2026-04-12 20:50:40,350 - INFO - [2023BPix] MISSING_CENTRAL: SR1E2Mu/Central/jets/4/pt in Skim_TriLep_ggHToZZTo4L.root
2026-04-12 21:22:13,531 - INFO - [2022] MISSING_CENTRAL: SR1E2Mu/Central/jets/4/pt in Skim_TriLep_MuonEG_D.root
2026-04-12 21:22:13,552 - INFO - [2022EE] MISSING_CENTRAL: SR1E2Mu/Central/jets/4/pt in Skim_TriLep_MuonEG_G.root
2026-04-12 21:22:13,563 - INFO - [2023] MISSING_CENTRAL: SR1E2Mu/Central/jets/4/pt in Skim_TriLep_MuonEG_C_v2.root
2026-04-12 21:22:13,564 - INFO - [2023] MISSING_CENTRAL: SR1E2Mu/Central/jets/4/pt in Skim_TriLep_MuonEG_C_v3.root
2026-04-12 21:22:13,565 - INFO - [2023BPix] MISSING_CENTRAL: SR1E2Mu/Central/jets/4/pt in Skim_TriLep_MuonEG_D_v1.root
2026-04-12 21:22:13,566 - INFO - [2023BPix] MISSING_CENTRAL: SR1E2Mu/Central/jets/4/pt in Skim_TriLep_MuonEG_D_v2.root
2026-04-12 21:22:13,580 - INFO - [2022] MISSING_CENTRAL: SR1E2Mu/Central/jets/4/pt in Skim_TriLep_MuonEG_D.root
2026-04-12 21:22:13,581 - INFO - [2022] MISSING_CENTRAL: SR1E2Mu/Central/jets/4/pt in Skim_TriLep_DYJets.root
2026-04-12 21:22:13,581 - INFO - [2022] MISSING_CENTRAL: SR1E2Mu/Central/jets/4/pt in Skim_TriLep_DYJets10to50.root
2026-04-12 21:22:13,582 - INFO - [2022] MISSING_CENTRAL: SR1E2Mu/Central/jets/4/pt in Skim_TriLep_TTG_PTG10to100.root
2026-04-12 21:22:13,583 - INFO - [2022] MISSING_CENTRAL: SR1E2Mu/Central/jets/4/pt in Skim_TriLep_TTG_PTG100to200.root
2026-04-12 21:22:13,668 - INFO - [2022] MISSING_CENTRAL: SR1E2Mu/Central/jets/4/pt in Skim_TriLep_WZTo3LNu_powheg.root
2026-04-12 21:22:13,669 - INFO - [2022] MISSING_CENTRAL: SR1E2Mu/Central/jets/4/pt in Skim_TriLep_ZZTo4L_powheg.root
2026-04-12 21:22:13,681 - INFO - [2022] MISSING_CENTRAL: SR1E2Mu/Central/jets/4/pt in Skim_TriLep_WWW.root
2026-04-12 21:22:13,732 - INFO - [2022] MISSING_CENTRAL: SR1E2Mu/Central/jets/4/pt in Skim_TriLep_VBFHToZZTo4L.root
2026-04-12 21:22:13,733 - INFO - [2022] MISSING_CENTRAL: SR1E2Mu/Central/jets/4/pt in Skim_TriLep_ggHToZZTo4L.root
2026-04-12 21:22:13,734 - INFO - [2022EE] MISSING_CENTRAL: SR1E2Mu/Central/jets/4/pt in Skim_TriLep_MuonEG_E.root
2026-04-12 21:22:13,736 - INFO - [2022EE] MISSING_CENTRAL: SR1E2Mu/Central/jets/4/pt in Skim_TriLep_DYJets.root
2026-04-12 21:22:13,736 - INFO - [2022EE] MISSING_CENTRAL: SR1E2Mu/Central/jets/4/pt in Skim_TriLep_DYJets10to50.root
2026-04-12 21:22:13,749 - INFO - [2022EE] MISSING_CENTRAL: SR1E2Mu/Central/jets/4/pt in Skim_TriLep_TTG_PTG100to200.root
2026-04-12 21:22:13,829 - INFO - [2022EE] MISSING_CENTRAL: SR1E2Mu/Central/jets/4/pt in Skim_TriLep_WZTo3LNu_powheg.root
2026-04-12 21:22:13,855 - INFO - [2022EE] MISSING_CENTRAL: SR1E2Mu/Central/jets/4/pt in Skim_TriLep_WWW.root
2026-04-12 21:22:13,924 - INFO - [2022EE] MISSING_CENTRAL: SR1E2Mu/Central/jets/4/pt in Skim_TriLep_ggHToZZTo4L.root
2026-04-12 21:22:13,928 - INFO - [2023] MISSING_CENTRAL: SR1E2Mu/Central/jets/4/pt in Skim_TriLep_DYJets.root
2026-04-12 21:22:13,929 - INFO - [2023] MISSING_CENTRAL: SR1E2Mu/Central/jets/4/pt in Skim_TriLep_DYJets10to50.root
2026-04-12 21:22:13,943 - INFO - [2023] MISSING_CENTRAL: SR1E2Mu/Central/jets/4/pt in Skim_TriLep_TTG_PTG100to200.root
2026-04-12 21:22:14,027 - INFO - [2023] MISSING_CENTRAL: SR1E2Mu/Central/jets/4/pt in Skim_TriLep_WZTo3LNu_powheg.root
2026-04-12 21:22:14,055 - INFO - [2023] MISSING_CENTRAL: SR1E2Mu/Central/jets/4/pt in Skim_TriLep_WWW.root
2026-04-12 21:22:14,083 - INFO - [2023] MISSING_CENTRAL: SR1E2Mu/Central/jets/4/pt in Skim_TriLep_ZZZ.root
2026-04-12 21:22:14,098 - INFO - [2023] MISSING_CENTRAL: SR1E2Mu/Central/jets/4/pt in Skim_TriLep_VBFHToZZTo4L.root
2026-04-12 21:22:14,099 - INFO - [2023] MISSING_CENTRAL: SR1E2Mu/Central/jets/4/pt in Skim_TriLep_ggHToZZTo4L.root
2026-04-12 21:22:14,100 - INFO - [2023BPix] MISSING_CENTRAL: SR1E2Mu/Central/jets/4/pt in Skim_TriLep_MuonEG_D_v2.root
2026-04-12 21:22:14,101 - INFO - [2023BPix] MISSING_CENTRAL: SR1E2Mu/Central/jets/4/pt in Skim_TriLep_DYJets.root
2026-04-12 21:22:14,102 - INFO - [2023BPix] MISSING_CENTRAL: SR1E2Mu/Central/jets/4/pt in Skim_TriLep_DYJets10to50.root
2026-04-12 21:22:14,102 - INFO - [2023BPix] MISSING_CENTRAL: SR1E2Mu/Central/jets/4/pt in Skim_TriLep_TTG_PTG10to100.root
2026-04-12 21:22:14,103 - INFO - [2023BPix] MISSING_CENTRAL: SR1E2Mu/Central/jets/4/pt in Skim_TriLep_TTG_PTG100to200.root
2026-04-12 21:22:14,104 - INFO - [2023BPix] MISSING_CENTRAL: SR1E2Mu/Central/jets/4/pt in Skim_TriLep_TTG_PTG200toInf.root
2026-04-12 21:22:14,175 - INFO - [2023BPix] MISSING_CENTRAL: SR1E2Mu/Central/jets/4/pt in Skim_TriLep_WZTo3LNu_powheg.root
2026-04-12 21:22:14,203 - INFO - [2023BPix] MISSING_CENTRAL: SR1E2Mu/Central/jets/4/pt in Skim_TriLep_WWW.root
2026-04-12 21:22:14,218 - INFO - [2023BPix] MISSING_CENTRAL: SR1E2Mu/Central/jets/4/pt in Skim_TriLep_WZZ.root
2026-04-12 21:22:14,247 - INFO - [2023BPix] MISSING_CENTRAL: SR1E2Mu/Central/jets/4/pt in Skim_TriLep_VBFHToZZTo4L.root
2026-04-12 21:22:14,248 - INFO - [2023BPix] MISSING_CENTRAL: SR1E2Mu/Central/jets/4/pt in Skim_TriLep_ggHToZZTo4L.root
2026-04-13 13:00:03,037 - INFO - [2022] MISSING_CENTRAL: SR1E2Mu/Central/jets/4/pt in Skim_TriLep_MuonEG_D.root
2026-04-13 13:00:03,058 - INFO - [2022EE] MISSING_CENTRAL: SR1E2Mu/Central/jets/4/pt in Skim_TriLep_MuonEG_G.root
2026-04-13 13:00:03,068 - INFO - [2023] MISSING_CENTRAL: SR1E2Mu/Central/jets/4/pt in Skim_TriLep_MuonEG_C_v2.root
2026-04-13 13:00:03,069 - INFO - [2023] MISSING_CENTRAL: SR1E2Mu/Central/jets/4/pt in Skim_TriLep_MuonEG_C_v3.root
2026-04-13 13:00:03,070 - INFO - [2023BPix] MISSING_CENTRAL: SR1E2Mu/Central/jets/4/pt in Skim_TriLep_MuonEG_D_v1.root
2026-04-13 13:00:03,070 - INFO - [2023BPix] MISSING_CENTRAL: SR1E2Mu/Central/jets/4/pt in Skim_TriLep_MuonEG_D_v2.root
2026-04-13 13:00:03,083 - INFO - [2022] MISSING_CENTRAL: SR1E2Mu/Central/jets/4/pt in Skim_TriLep_MuonEG_D.root
2026-04-13 13:00:03,084 - INFO - [2022] MISSING_CENTRAL: SR1E2Mu/Central/jets/4/pt in Skim_TriLep_DYJets.root
2026-04-13 13:00:03,085 - INFO - [2022] MISSING_CENTRAL: SR1E2Mu/Central/jets/4/pt in Skim_TriLep_DYJets10to50.root
2026-04-13 13:00:03,085 - INFO - [2022] MISSING_CENTRAL: SR1E2Mu/Central/jets/4/pt in Skim_TriLep_TTG_PTG10to100.root
2026-04-13 13:00:03,086 - INFO - [2022] MISSING_CENTRAL: SR1E2Mu/Central/jets/4/pt in Skim_TriLep_TTG_PTG100to200.root
2026-04-13 13:00:03,178 - INFO - [2022] MISSING_CENTRAL: SR1E2Mu/Central/jets/4/pt in Skim_TriLep_WZTo3LNu_powheg.root
2026-04-13 13:00:03,179 - INFO - [2022] MISSING_CENTRAL: SR1E2Mu/Central/jets/4/pt in Skim_TriLep_ZZTo4L_powheg.root
2026-04-13 13:00:03,196 - INFO - [2022] MISSING_CENTRAL: SR1E2Mu/Central/jets/4/pt in Skim_TriLep_WWW.root
2026-04-13 13:00:03,256 - INFO - [2022] MISSING_CENTRAL: SR1E2Mu/Central/jets/4/pt in Skim_TriLep_VBFHToZZTo4L.root
2026-04-13 13:00:03,257 - INFO - [2022] MISSING_CENTRAL: SR1E2Mu/Central/jets/4/pt in Skim_TriLep_ggHToZZTo4L.root
2026-04-13 13:00:03,257 - INFO - [2022EE] MISSING_CENTRAL: SR1E2Mu/Central/jets/4/pt in Skim_TriLep_MuonEG_E.root
2026-04-13 13:00:03,259 - INFO - [2022EE] MISSING_CENTRAL: SR1E2Mu/Central/jets/4/pt in Skim_TriLep_DYJets.root
2026-04-13 13:00:03,260 - INFO - [2022EE] MISSING_CENTRAL: SR1E2Mu/Central/jets/4/pt in Skim_TriLep_DYJets10to50.root
2026-04-13 13:00:03,275 - INFO - [2022EE] MISSING_CENTRAL: SR1E2Mu/Central/jets/4/pt in Skim_TriLep_TTG_PTG100to200.root
2026-04-13 13:00:03,369 - INFO - [2022EE] MISSING_CENTRAL: SR1E2Mu/Central/jets/4/pt in Skim_TriLep_WZTo3LNu_powheg.root
2026-04-13 13:00:03,400 - INFO - [2022EE] MISSING_CENTRAL: SR1E2Mu/Central/jets/4/pt in Skim_TriLep_WWW.root
2026-04-13 13:00:03,481 - INFO - [2022EE] MISSING_CENTRAL: SR1E2Mu/Central/jets/4/pt in Skim_TriLep_ggHToZZTo4L.root
2026-04-13 13:00:03,486 - INFO - [2023] MISSING_CENTRAL: SR1E2Mu/Central/jets/4/pt in Skim_TriLep_DYJets.root
2026-04-13 13:00:03,487 - INFO - [2023] MISSING_CENTRAL: SR1E2Mu/Central/jets/4/pt in Skim_TriLep_DYJets10to50.root
2026-04-13 13:00:03,503 - INFO - [2023] MISSING_CENTRAL: SR1E2Mu/Central/jets/4/pt in Skim_TriLep_TTG_PTG100to200.root
2026-04-13 13:00:03,600 - INFO - [2023] MISSING_CENTRAL: SR1E2Mu/Central/jets/4/pt in Skim_TriLep_WZTo3LNu_powheg.root
2026-04-13 13:00:03,632 - INFO - [2023] MISSING_CENTRAL: SR1E2Mu/Central/jets/4/pt in Skim_TriLep_WWW.root
2026-04-13 13:00:03,663 - INFO - [2023] MISSING_CENTRAL: SR1E2Mu/Central/jets/4/pt in Skim_TriLep_ZZZ.root
2026-04-13 13:00:03,681 - INFO - [2023] MISSING_CENTRAL: SR1E2Mu/Central/jets/4/pt in Skim_TriLep_VBFHToZZTo4L.root
2026-04-13 13:00:03,682 - INFO - [2023] MISSING_CENTRAL: SR1E2Mu/Central/jets/4/pt in Skim_TriLep_ggHToZZTo4L.root
2026-04-13 13:00:03,684 - INFO - [2023BPix] MISSING_CENTRAL: SR1E2Mu/Central/jets/4/pt in Skim_TriLep_MuonEG_D_v2.root
2026-04-13 13:00:03,685 - INFO - [2023BPix] MISSING_CENTRAL: SR1E2Mu/Central/jets/4/pt in Skim_TriLep_DYJets.root
2026-04-13 13:00:03,685 - INFO - [2023BPix] MISSING_CENTRAL: SR1E2Mu/Central/jets/4/pt in Skim_TriLep_DYJets10to50.root
2026-04-13 13:00:03,686 - INFO - [2023BPix] MISSING_CENTRAL: SR1E2Mu/Central/jets/4/pt in Skim_TriLep_TTG_PTG10to100.root
2026-04-13 13:00:03,687 - INFO - [2023BPix] MISSING_CENTRAL: SR1E2Mu/Central/jets/4/pt in Skim_TriLep_TTG_PTG100to200.root
2026-04-13 13:00:03,688 - INFO - [2023BPix] MISSING_CENTRAL: SR1E2Mu/Central/jets/4/pt in Skim_TriLep_TTG_PTG200toInf.root
2026-04-13 13:00:03,769 - INFO - [2023BPix] MISSING_CENTRAL: SR1E2Mu/Central/jets/4/pt in Skim_TriLep_WZTo3LNu_powheg.root
2026-04-13 13:00:03,799 - INFO - [2023BPix] MISSING_CENTRAL: SR1E2Mu/Central/jets/4/pt in Skim_TriLep_WWW.root
2026-04-13 13:00:03,816 - INFO - [2023BPix] MISSING_CENTRAL: SR1E2Mu/Central/jets/4/pt in Skim_TriLep_WZZ.root
2026-04-13 13:00:03,848 - INFO - [2023BPix] MISSING_CENTRAL: SR1E2Mu/Central/jets/4/pt in Skim_TriLep_VBFHToZZTo4L.root
2026-04-13 13:00:03,849 - INFO - [2023BPix] MISSING_CENTRAL: SR1E2Mu/Central/jets/4/pt in Skim_TriLep_ggHToZZTo4L.root
2026-04-16 17:32:19,023 - INFO - [2022] MISSING_CENTRAL: SR1E2Mu/Central/jets/4/pt in Skim_TriLep_MuonEG_D.root
2026-04-16 17:32:19,063 - INFO - [2022EE] MISSING_CENTRAL: SR1E2Mu/Central/jets/4/pt in Skim_TriLep_MuonEG_G.root
2026-04-16 17:32:19,073 - INFO - [2023] MISSING_CENTRAL: SR1E2Mu/Central/jets/4/pt in Skim_TriLep_MuonEG_C_v2.root
2026-04-16 17:32:19,074 - INFO - [2023] MISSING_CENTRAL: SR1E2Mu/Central/jets/4/pt in Skim_TriLep_MuonEG_C_v3.root
2026-04-16 17:32:19,075 - INFO - [2023BPix] MISSING_CENTRAL: SR1E2Mu/Central/jets/4/pt in Skim_TriLep_MuonEG_D_v1.root
2026-04-16 17:32:19,075 - INFO - [2023BPix] MISSING_CENTRAL: SR1E2Mu/Central/jets/4/pt in Skim_TriLep_MuonEG_D_v2.root
2026-04-16 17:32:19,101 - INFO - [2022] MISSING_CENTRAL: SR1E2Mu/Central/jets/4/pt in Skim_TriLep_MuonEG_D.root
2026-04-16 17:32:19,104 - INFO - [2022] MISSING_CENTRAL: SR1E2Mu/Central/jets/4/pt in Skim_TriLep_DYJets.root
2026-04-16 17:32:19,105 - INFO - [2022] MISSING_CENTRAL: SR1E2Mu/Central/jets/4/pt in Skim_TriLep_DYJets10to50.root
2026-04-16 17:32:19,106 - INFO - [2022] MISSING_CENTRAL: SR1E2Mu/Central/jets/4/pt in Skim_TriLep_TTG_PTG10to100.root
2026-04-16 17:32:19,106 - INFO - [2022] MISSING_CENTRAL: SR1E2Mu/Central/jets/4/pt in Skim_TriLep_TTG_PTG100to200.root
2026-04-16 17:32:19,305 - INFO - [2022] MISSING_CENTRAL: SR1E2Mu/Central/jets/4/pt in Skim_TriLep_WZTo3LNu_powheg.root
2026-04-16 17:32:19,306 - INFO - [2022] MISSING_CENTRAL: SR1E2Mu/Central/jets/4/pt in Skim_TriLep_ZZTo4L_powheg.root
2026-04-16 17:32:19,333 - INFO - [2022] MISSING_CENTRAL: SR1E2Mu/Central/jets/4/pt in Skim_TriLep_WWW.root
2026-04-16 17:32:19,394 - INFO - [2022] MISSING_CENTRAL: SR1E2Mu/Central/jets/4/pt in Skim_TriLep_VBFHToZZTo4L.root
2026-04-16 17:32:19,395 - INFO - [2022] MISSING_CENTRAL: SR1E2Mu/Central/jets/4/pt in Skim_TriLep_ggHToZZTo4L.root
2026-04-16 17:32:19,395 - INFO - [2022EE] MISSING_CENTRAL: SR1E2Mu/Central/jets/4/pt in Skim_TriLep_MuonEG_E.root
2026-04-16 17:32:19,397 - INFO - [2022EE] MISSING_CENTRAL: SR1E2Mu/Central/jets/4/pt in Skim_TriLep_DYJets.root
2026-04-16 17:32:19,398 - INFO - [2022EE] MISSING_CENTRAL: SR1E2Mu/Central/jets/4/pt in Skim_TriLep_DYJets10to50.root
2026-04-16 17:32:19,413 - INFO - [2022EE] MISSING_CENTRAL: SR1E2Mu/Central/jets/4/pt in Skim_TriLep_TTG_PTG100to200.root
2026-04-16 17:32:19,507 - INFO - [2022EE] MISSING_CENTRAL: SR1E2Mu/Central/jets/4/pt in Skim_TriLep_WZTo3LNu_powheg.root
2026-04-16 17:32:19,538 - INFO - [2022EE] MISSING_CENTRAL: SR1E2Mu/Central/jets/4/pt in Skim_TriLep_WWW.root
2026-04-16 17:32:19,616 - INFO - [2022EE] MISSING_CENTRAL: SR1E2Mu/Central/jets/4/pt in Skim_TriLep_ggHToZZTo4L.root
2026-04-16 17:32:19,621 - INFO - [2023] MISSING_CENTRAL: SR1E2Mu/Central/jets/4/pt in Skim_TriLep_DYJets.root
2026-04-16 17:32:19,621 - INFO - [2023] MISSING_CENTRAL: SR1E2Mu/Central/jets/4/pt in Skim_TriLep_DYJets10to50.root
2026-04-16 17:32:19,637 - INFO - [2023] MISSING_CENTRAL: SR1E2Mu/Central/jets/4/pt in Skim_TriLep_TTG_PTG100to200.root
2026-04-16 17:32:19,736 - INFO - [2023] MISSING_CENTRAL: SR1E2Mu/Central/jets/4/pt in Skim_TriLep_WZTo3LNu_powheg.root
2026-04-16 17:32:19,767 - INFO - [2023] MISSING_CENTRAL: SR1E2Mu/Central/jets/4/pt in Skim_TriLep_WWW.root
2026-04-16 17:32:19,798 - INFO - [2023] MISSING_CENTRAL: SR1E2Mu/Central/jets/4/pt in Skim_TriLep_ZZZ.root
2026-04-16 17:32:19,816 - INFO - [2023] MISSING_CENTRAL: SR1E2Mu/Central/jets/4/pt in Skim_TriLep_VBFHToZZTo4L.root
2026-04-16 17:32:19,817 - INFO - [2023] MISSING_CENTRAL: SR1E2Mu/Central/jets/4/pt in Skim_TriLep_ggHToZZTo4L.root
2026-04-16 17:32:19,818 - INFO - [2023BPix] MISSING_CENTRAL: SR1E2Mu/Central/jets/4/pt in Skim_TriLep_MuonEG_D_v2.root
2026-04-16 17:32:19,819 - INFO - [2023BPix] MISSING_CENTRAL: SR1E2Mu/Central/jets/4/pt in Skim_TriLep_DYJets.root
2026-04-16 17:32:19,819 - INFO - [2023BPix] MISSING_CENTRAL: SR1E2Mu/Central/jets/4/pt in Skim_TriLep_DYJets10to50.root
2026-04-16 17:32:19,820 - INFO - [2023BPix] MISSING_CENTRAL: SR1E2Mu/Central/jets/4/pt in Skim_TriLep_TTG_PTG10to100.root
2026-04-16 17:32:19,821 - INFO - [2023BPix] MISSING_CENTRAL: SR1E2Mu/Central/jets/4/pt in Skim_TriLep_TTG_PTG100to200.root
2026-04-16 17:32:19,822 - INFO - [2023BPix] MISSING_CENTRAL: SR1E2Mu/Central/jets/4/pt in Skim_TriLep_TTG_PTG200toInf.root
2026-04-16 17:32:19,923 - INFO - [2023BPix] MISSING_CENTRAL: SR1E2Mu/Central/jets/4/pt in Skim_TriLep_WZTo3LNu_powheg.root
2026-04-16 17:32:19,961 - INFO - [2023BPix] MISSING_CENTRAL: SR1E2Mu/Central/jets/4/pt in Skim_TriLep_WWW.root
2026-04-16 17:32:19,977 - INFO - [2023BPix] MISSING_CENTRAL: SR1E2Mu/Central/jets/4/pt in Skim_TriLep_WZZ.root
2026-04-16 17:32:20,010 - INFO - [2023BPix] MISSING_CENTRAL: SR1E2Mu/Central/jets/4/pt in Skim_TriLep_VBFHToZZTo4L.root
2026-04-16 17:32:20,011 - INFO - [2023BPix] MISSING_CENTRAL: SR1E2Mu/Central/jets/4/pt in Skim_TriLep_ggHToZZTo4L.root
2026-04-16 17:42:35,053 - INFO - [2022] MISSING_CENTRAL: SR1E2Mu/Central/jets/4/pt in Skim_TriLep_MuonEG_D.root
2026-04-16 17:42:35,076 - INFO - [2022EE] MISSING_CENTRAL: SR1E2Mu/Central/jets/4/pt in Skim_TriLep_MuonEG_G.root
2026-04-16 17:42:35,087 - INFO - [2023] MISSING_CENTRAL: SR1E2Mu/Central/jets/4/pt in Skim_TriLep_MuonEG_C_v2.root
2026-04-16 17:42:35,087 - INFO - [2023] MISSING_CENTRAL: SR1E2Mu/Central/jets/4/pt in Skim_TriLep_MuonEG_C_v3.root
2026-04-16 17:42:35,088 - INFO - [2023BPix] MISSING_CENTRAL: SR1E2Mu/Central/jets/4/pt in Skim_TriLep_MuonEG_D_v1.root
2026-04-16 17:42:35,089 - INFO - [2023BPix] MISSING_CENTRAL: SR1E2Mu/Central/jets/4/pt in Skim_TriLep_MuonEG_D_v2.root
2026-04-16 17:42:35,100 - INFO - [2022] MISSING_CENTRAL: SR1E2Mu/Central/jets/4/pt in Skim_TriLep_MuonEG_D.root
2026-04-16 17:42:35,101 - INFO - [2022] MISSING_CENTRAL: SR1E2Mu/Central/jets/4/pt in Skim_TriLep_DYJets.root
2026-04-16 17:42:35,101 - INFO - [2022] MISSING_CENTRAL: SR1E2Mu/Central/jets/4/pt in Skim_TriLep_DYJets10to50.root
2026-04-16 17:42:35,102 - INFO - [2022] MISSING_CENTRAL: SR1E2Mu/Central/jets/4/pt in Skim_TriLep_TTG_PTG10to100.root
2026-04-16 17:42:35,103 - INFO - [2022] MISSING_CENTRAL: SR1E2Mu/Central/jets/4/pt in Skim_TriLep_TTG_PTG100to200.root
2026-04-16 17:42:35,195 - INFO - [2022] MISSING_CENTRAL: SR1E2Mu/Central/jets/4/pt in Skim_TriLep_WZTo3LNu_powheg.root
2026-04-16 17:42:35,196 - INFO - [2022] MISSING_CENTRAL: SR1E2Mu/Central/jets/4/pt in Skim_TriLep_ZZTo4L_powheg.root
2026-04-16 17:42:35,210 - INFO - [2022] MISSING_CENTRAL: SR1E2Mu/Central/jets/4/pt in Skim_TriLep_WWW.root
2026-04-16 17:42:35,262 - INFO - [2022] MISSING_CENTRAL: SR1E2Mu/Central/jets/4/pt in Skim_TriLep_VBFHToZZTo4L.root
2026-04-16 17:42:35,263 - INFO - [2022] MISSING_CENTRAL: SR1E2Mu/Central/jets/4/pt in Skim_TriLep_ggHToZZTo4L.root
2026-04-16 17:42:35,263 - INFO - [2022EE] MISSING_CENTRAL: SR1E2Mu/Central/jets/4/pt in Skim_TriLep_MuonEG_E.root
2026-04-16 17:42:35,265 - INFO - [2022EE] MISSING_CENTRAL: SR1E2Mu/Central/jets/4/pt in Skim_TriLep_DYJets.root
2026-04-16 17:42:35,266 - INFO - [2022EE] MISSING_CENTRAL: SR1E2Mu/Central/jets/4/pt in Skim_TriLep_DYJets10to50.root
2026-04-16 17:42:35,279 - INFO - [2022EE] MISSING_CENTRAL: SR1E2Mu/Central/jets/4/pt in Skim_TriLep_TTG_PTG100to200.root
2026-04-16 17:42:35,367 - INFO - [2022EE] MISSING_CENTRAL: SR1E2Mu/Central/jets/4/pt in Skim_TriLep_WZTo3LNu_powheg.root
2026-04-16 17:42:35,397 - INFO - [2022EE] MISSING_CENTRAL: SR1E2Mu/Central/jets/4/pt in Skim_TriLep_WWW.root
2026-04-16 17:42:35,475 - INFO - [2022EE] MISSING_CENTRAL: SR1E2Mu/Central/jets/4/pt in Skim_TriLep_ggHToZZTo4L.root
2026-04-16 17:42:35,480 - INFO - [2023] MISSING_CENTRAL: SR1E2Mu/Central/jets/4/pt in Skim_TriLep_DYJets.root
2026-04-16 17:42:35,481 - INFO - [2023] MISSING_CENTRAL: SR1E2Mu/Central/jets/4/pt in Skim_TriLep_DYJets10to50.root
2026-04-16 17:42:35,496 - INFO - [2023] MISSING_CENTRAL: SR1E2Mu/Central/jets/4/pt in Skim_TriLep_TTG_PTG100to200.root
2026-04-16 17:42:35,593 - INFO - [2023] MISSING_CENTRAL: SR1E2Mu/Central/jets/4/pt in Skim_TriLep_WZTo3LNu_powheg.root
2026-04-16 17:42:35,641 - INFO - [2023] MISSING_CENTRAL: SR1E2Mu/Central/jets/4/pt in Skim_TriLep_WWW.root
2026-04-16 17:42:35,674 - INFO - [2023] MISSING_CENTRAL: SR1E2Mu/Central/jets/4/pt in Skim_TriLep_ZZZ.root
2026-04-16 17:42:35,692 - INFO - [2023] MISSING_CENTRAL: SR1E2Mu/Central/jets/4/pt in Skim_TriLep_VBFHToZZTo4L.root
2026-04-16 17:42:35,694 - INFO - [2023] MISSING_CENTRAL: SR1E2Mu/Central/jets/4/pt in Skim_TriLep_ggHToZZTo4L.root
2026-04-16 17:42:35,696 - INFO - [2023BPix] MISSING_CENTRAL: SR1E2Mu/Central/jets/4/pt in Skim_TriLep_MuonEG_D_v2.root
2026-04-16 17:42:35,696 - INFO - [2023BPix] MISSING_CENTRAL: SR1E2Mu/Central/jets/4/pt in Skim_TriLep_DYJets.root
2026-04-16 17:42:35,697 - INFO - [2023BPix] MISSING_CENTRAL: SR1E2Mu/Central/jets/4/pt in Skim_TriLep_DYJets10to50.root
2026-04-16 17:42:35,698 - INFO - [2023BPix] MISSING_CENTRAL: SR1E2Mu/Central/jets/4/pt in Skim_TriLep_TTG_PTG10to100.root
2026-04-16 17:42:35,699 - INFO - [2023BPix] MISSING_CENTRAL: SR1E2Mu/Central/jets/4/pt in Skim_TriLep_TTG_PTG100to200.root
2026-04-16 17:42:35,700 - INFO - [2023BPix] MISSING_CENTRAL: SR1E2Mu/Central/jets/4/pt in Skim_TriLep_TTG_PTG200toInf.root
2026-04-16 17:42:35,817 - INFO - [2023BPix] MISSING_CENTRAL: SR1E2Mu/Central/jets/4/pt in Skim_TriLep_WZTo3LNu_powheg.root
2026-04-16 17:42:35,858 - INFO - [2023BPix] MISSING_CENTRAL: SR1E2Mu/Central/jets/4/pt in Skim_TriLep_WWW.root
2026-04-16 17:42:35,892 - INFO - [2023BPix] MISSING_CENTRAL: SR1E2Mu/Central/jets/4/pt in Skim_TriLep_WZZ.root
2026-04-16 17:42:35,924 - INFO - [2023BPix] MISSING_CENTRAL: SR1E2Mu/Central/jets/4/pt in Skim_TriLep_VBFHToZZTo4L.root
2026-04-16 17:42:35,925 - INFO - [2023BPix] MISSING_CENTRAL: SR1E2Mu/Central/jets/4/pt in Skim_TriLep_ggHToZZTo4L.root
2026-04-28 15:12:58,899 - INFO - [2022] MISSING_CENTRAL: SR1E2Mu/Central/jets/4/pt in Skim_TriLep_MuonEG_D.root
2026-04-28 15:12:58,921 - INFO - [2022EE] MISSING_CENTRAL: SR1E2Mu/Central/jets/4/pt in Skim_TriLep_MuonEG_G.root
2026-04-28 15:12:58,931 - INFO - [2023] MISSING_CENTRAL: SR1E2Mu/Central/jets/4/pt in Skim_TriLep_MuonEG_C_v2.root
2026-04-28 15:12:58,932 - INFO - [2023] MISSING_CENTRAL: SR1E2Mu/Central/jets/4/pt in Skim_TriLep_MuonEG_C_v3.root
2026-04-28 15:12:58,933 - INFO - [2023BPix] MISSING_CENTRAL: SR1E2Mu/Central/jets/4/pt in Skim_TriLep_MuonEG_D_v1.root
2026-04-28 15:12:58,933 - INFO - [2023BPix] MISSING_CENTRAL: SR1E2Mu/Central/jets/4/pt in Skim_TriLep_MuonEG_D_v2.root
2026-04-28 15:12:58,944 - INFO - [2022] MISSING_CENTRAL: SR1E2Mu/Central/jets/4/pt in Skim_TriLep_MuonEG_D.root
2026-04-28 15:12:58,944 - INFO - [2022] MISSING_CENTRAL: SR1E2Mu/Central/jets/4/pt in Skim_TriLep_DYJets.root
2026-04-28 15:12:58,945 - INFO - [2022] MISSING_CENTRAL: SR1E2Mu/Central/jets/4/pt in Skim_TriLep_DYJets10to50.root
2026-04-28 15:12:58,945 - INFO - [2022] MISSING_CENTRAL: SR1E2Mu/Central/jets/4/pt in Skim_TriLep_TTG_PTG10to100.root
2026-04-28 15:12:58,946 - INFO - [2022] MISSING_CENTRAL: SR1E2Mu/Central/jets/4/pt in Skim_TriLep_TTG_PTG100to200.root
2026-04-28 15:12:59,035 - INFO - [2022] MISSING_CENTRAL: SR1E2Mu/Central/jets/4/pt in Skim_TriLep_WZTo3LNu_powheg.root
2026-04-28 15:12:59,036 - INFO - [2022] MISSING_CENTRAL: SR1E2Mu/Central/jets/4/pt in Skim_TriLep_ZZTo4L_powheg.root
2026-04-28 15:12:59,049 - INFO - [2022] MISSING_CENTRAL: SR1E2Mu/Central/jets/4/pt in Skim_TriLep_WWW.root
2026-04-28 15:12:59,103 - INFO - [2022] MISSING_CENTRAL: SR1E2Mu/Central/jets/4/pt in Skim_TriLep_VBFHToZZTo4L.root
2026-04-28 15:12:59,104 - INFO - [2022] MISSING_CENTRAL: SR1E2Mu/Central/jets/4/pt in Skim_TriLep_ggHToZZTo4L.root
2026-04-28 15:12:59,104 - INFO - [2022EE] MISSING_CENTRAL: SR1E2Mu/Central/jets/4/pt in Skim_TriLep_MuonEG_E.root
2026-04-28 15:12:59,106 - INFO - [2022EE] MISSING_CENTRAL: SR1E2Mu/Central/jets/4/pt in Skim_TriLep_DYJets.root
2026-04-28 15:12:59,107 - INFO - [2022EE] MISSING_CENTRAL: SR1E2Mu/Central/jets/4/pt in Skim_TriLep_DYJets10to50.root
2026-04-28 15:12:59,122 - INFO - [2022EE] MISSING_CENTRAL: SR1E2Mu/Central/jets/4/pt in Skim_TriLep_TTG_PTG100to200.root
2026-04-28 15:12:59,210 - INFO - [2022EE] MISSING_CENTRAL: SR1E2Mu/Central/jets/4/pt in Skim_TriLep_WZTo3LNu_powheg.root
2026-04-28 15:12:59,240 - INFO - [2022EE] MISSING_CENTRAL: SR1E2Mu/Central/jets/4/pt in Skim_TriLep_WWW.root
2026-04-28 15:12:59,318 - INFO - [2022EE] MISSING_CENTRAL: SR1E2Mu/Central/jets/4/pt in Skim_TriLep_ggHToZZTo4L.root
2026-04-28 15:12:59,322 - INFO - [2023] MISSING_CENTRAL: SR1E2Mu/Central/jets/4/pt in Skim_TriLep_DYJets.root
2026-04-28 15:12:59,323 - INFO - [2023] MISSING_CENTRAL: SR1E2Mu/Central/jets/4/pt in Skim_TriLep_DYJets10to50.root
2026-04-28 15:12:59,337 - INFO - [2023] MISSING_CENTRAL: SR1E2Mu/Central/jets/4/pt in Skim_TriLep_TTG_PTG100to200.root
2026-04-28 15:12:59,434 - INFO - [2023] MISSING_CENTRAL: SR1E2Mu/Central/jets/4/pt in Skim_TriLep_WZTo3LNu_powheg.root
2026-04-28 15:12:59,465 - INFO - [2023] MISSING_CENTRAL: SR1E2Mu/Central/jets/4/pt in Skim_TriLep_WWW.root
2026-04-28 15:12:59,494 - INFO - [2023] MISSING_CENTRAL: SR1E2Mu/Central/jets/4/pt in Skim_TriLep_ZZZ.root
2026-04-28 15:12:59,511 - INFO - [2023] MISSING_CENTRAL: SR1E2Mu/Central/jets/4/pt in Skim_TriLep_VBFHToZZTo4L.root
2026-04-28 15:12:59,512 - INFO - [2023] MISSING_CENTRAL: SR1E2Mu/Central/jets/4/pt in Skim_TriLep_ggHToZZTo4L.root
2026-04-28 15:12:59,514 - INFO - [2023BPix] MISSING_CENTRAL: SR1E2Mu/Central/jets/4/pt in Skim_TriLep_MuonEG_D_v2.root
2026-04-28 15:12:59,514 - INFO - [2023BPix] MISSING_CENTRAL: SR1E2Mu/Central/jets/4/pt in Skim_TriLep_DYJets.root
2026-04-28 15:12:59,515 - INFO - [2023BPix] MISSING_CENTRAL: SR1E2Mu/Central/jets/4/pt in Skim_TriLep_DYJets10to50.root
2026-04-28 15:12:59,516 - INFO - [2023BPix] MISSING_CENTRAL: SR1E2Mu/Central/jets/4/pt in Skim_TriLep_TTG_PTG10to100.root
2026-04-28 15:12:59,516 - INFO - [2023BPix] MISSING_CENTRAL: SR1E2Mu/Central/jets/4/pt in Skim_TriLep_TTG_PTG100to200.root
2026-04-28 15:12:59,517 - INFO - [2023BPix] MISSING_CENTRAL: SR1E2Mu/Central/jets/4/pt in Skim_TriLep_TTG_PTG200toInf.root
2026-04-28 15:12:59,596 - INFO - [2023BPix] MISSING_CENTRAL: SR1E2Mu/Central/jets/4/pt in Skim_TriLep_WZTo3LNu_powheg.root
2026-04-28 15:12:59,626 - INFO - [2023BPix] MISSING_CENTRAL: SR1E2Mu/Central/jets/4/pt in Skim_TriLep_WWW.root
2026-04-28 15:12:59,642 - INFO - [2023BPix] MISSING_CENTRAL: SR1E2Mu/Central/jets/4/pt in Skim_TriLep_WZZ.root
2026-04-28 15:12:59,675 - INFO - [2023BPix] MISSING_CENTRAL: SR1E2Mu/Central/jets/4/pt in Skim_TriLep_VBFHToZZTo4L.root
2026-04-28 15:12:59,676 - INFO - [2023BPix] MISSING_CENTRAL: SR1E2Mu/Central/jets/4/pt in Skim_TriLep_ggHToZZTo4L.root
2026-04-28 15:19:14,709 - INFO - [2022] MISSING_CENTRAL: SR1E2Mu/Central/jets/4/pt in Skim_TriLep_MuonEG_D.root
2026-04-28 15:19:14,731 - INFO - [2022EE] MISSING_CENTRAL: SR1E2Mu/Central/jets/4/pt in Skim_TriLep_MuonEG_G.root
2026-04-28 15:19:14,742 - INFO - [2023] MISSING_CENTRAL: SR1E2Mu/Central/jets/4/pt in Skim_TriLep_MuonEG_C_v2.root
2026-04-28 15:19:14,742 - INFO - [2023] MISSING_CENTRAL: SR1E2Mu/Central/jets/4/pt in Skim_TriLep_MuonEG_C_v3.root
2026-04-28 15:19:14,744 - INFO - [2023BPix] MISSING_CENTRAL: SR1E2Mu/Central/jets/4/pt in Skim_TriLep_MuonEG_D_v1.root
2026-04-28 15:19:14,744 - INFO - [2023BPix] MISSING_CENTRAL: SR1E2Mu/Central/jets/4/pt in Skim_TriLep_MuonEG_D_v2.root
2026-04-28 15:19:14,755 - INFO - [2022] MISSING_CENTRAL: SR1E2Mu/Central/jets/4/pt in Skim_TriLep_MuonEG_D.root
2026-04-28 15:19:14,756 - INFO - [2022] MISSING_CENTRAL: SR1E2Mu/Central/jets/4/pt in Skim_TriLep_DYJets.root
2026-04-28 15:19:14,757 - INFO - [2022] MISSING_CENTRAL: SR1E2Mu/Central/jets/4/pt in Skim_TriLep_DYJets10to50.root
2026-04-28 15:19:14,757 - INFO - [2022] MISSING_CENTRAL: SR1E2Mu/Central/jets/4/pt in Skim_TriLep_TTG_PTG10to100.root
2026-04-28 15:19:14,758 - INFO - [2022] MISSING_CENTRAL: SR1E2Mu/Central/jets/4/pt in Skim_TriLep_TTG_PTG100to200.root
2026-04-28 15:19:14,849 - INFO - [2022] MISSING_CENTRAL: SR1E2Mu/Central/jets/4/pt in Skim_TriLep_WZTo3LNu_powheg.root
2026-04-28 15:19:14,850 - INFO - [2022] MISSING_CENTRAL: SR1E2Mu/Central/jets/4/pt in Skim_TriLep_ZZTo4L_powheg.root
2026-04-28 15:19:14,862 - INFO - [2022] MISSING_CENTRAL: SR1E2Mu/Central/jets/4/pt in Skim_TriLep_WWW.root
2026-04-28 15:19:14,919 - INFO - [2022] MISSING_CENTRAL: SR1E2Mu/Central/jets/4/pt in Skim_TriLep_VBFHToZZTo4L.root
2026-04-28 15:19:14,920 - INFO - [2022] MISSING_CENTRAL: SR1E2Mu/Central/jets/4/pt in Skim_TriLep_ggHToZZTo4L.root
2026-04-28 15:19:14,920 - INFO - [2022EE] MISSING_CENTRAL: SR1E2Mu/Central/jets/4/pt in Skim_TriLep_MuonEG_E.root
2026-04-28 15:19:14,922 - INFO - [2022EE] MISSING_CENTRAL: SR1E2Mu/Central/jets/4/pt in Skim_TriLep_DYJets.root
2026-04-28 15:19:14,923 - INFO - [2022EE] MISSING_CENTRAL: SR1E2Mu/Central/jets/4/pt in Skim_TriLep_DYJets10to50.root
2026-04-28 15:19:14,937 - INFO - [2022EE] MISSING_CENTRAL: SR1E2Mu/Central/jets/4/pt in Skim_TriLep_TTG_PTG100to200.root
2026-04-28 15:19:15,025 - INFO - [2022EE] MISSING_CENTRAL: SR1E2Mu/Central/jets/4/pt in Skim_TriLep_WZTo3LNu_powheg.root
2026-04-28 15:19:15,054 - INFO - [2022EE] MISSING_CENTRAL: SR1E2Mu/Central/jets/4/pt in Skim_TriLep_WWW.root
2026-04-28 15:19:15,129 - INFO - [2022EE] MISSING_CENTRAL: SR1E2Mu/Central/jets/4/pt in Skim_TriLep_ggHToZZTo4L.root
2026-04-28 15:19:15,133 - INFO - [2023] MISSING_CENTRAL: SR1E2Mu/Central/jets/4/pt in Skim_TriLep_DYJets.root
2026-04-28 15:19:15,134 - INFO - [2023] MISSING_CENTRAL: SR1E2Mu/Central/jets/4/pt in Skim_TriLep_DYJets10to50.root
2026-04-28 15:19:15,148 - INFO - [2023] MISSING_CENTRAL: SR1E2Mu/Central/jets/4/pt in Skim_TriLep_TTG_PTG100to200.root
2026-04-28 15:19:15,239 - INFO - [2023] MISSING_CENTRAL: SR1E2Mu/Central/jets/4/pt in Skim_TriLep_WZTo3LNu_powheg.root
2026-04-28 15:19:15,269 - INFO - [2023] MISSING_CENTRAL: SR1E2Mu/Central/jets/4/pt in Skim_TriLep_WWW.root
2026-04-28 15:19:15,298 - INFO - [2023] MISSING_CENTRAL: SR1E2Mu/Central/jets/4/pt in Skim_TriLep_ZZZ.root
2026-04-28 15:19:15,314 - INFO - [2023] MISSING_CENTRAL: SR1E2Mu/Central/jets/4/pt in Skim_TriLep_VBFHToZZTo4L.root
2026-04-28 15:19:15,315 - INFO - [2023] MISSING_CENTRAL: SR1E2Mu/Central/jets/4/pt in Skim_TriLep_ggHToZZTo4L.root
2026-04-28 15:19:15,317 - INFO - [2023BPix] MISSING_CENTRAL: SR1E2Mu/Central/jets/4/pt in Skim_TriLep_MuonEG_D_v2.root
2026-04-28 15:19:15,318 - INFO - [2023BPix] MISSING_CENTRAL: SR1E2Mu/Central/jets/4/pt in Skim_TriLep_DYJets.root
2026-04-28 15:19:15,318 - INFO - [2023BPix] MISSING_CENTRAL: SR1E2Mu/Central/jets/4/pt in Skim_TriLep_DYJets10to50.root
2026-04-28 15:19:15,319 - INFO - [2023BPix] MISSING_CENTRAL: SR1E2Mu/Central/jets/4/pt in Skim_TriLep_TTG_PTG10to100.root
2026-04-28 15:19:15,320 - INFO - [2023BPix] MISSING_CENTRAL: SR1E2Mu/Central/jets/4/pt in Skim_TriLep_TTG_PTG100to200.root
2026-04-28 15:19:15,320 - INFO - [2023BPix] MISSING_CENTRAL: SR1E2Mu/Central/jets/4/pt in Skim_TriLep_TTG_PTG200toInf.root
2026-04-28 15:19:15,397 - INFO - [2023BPix] MISSING_CENTRAL: SR1E2Mu/Central/jets/4/pt in Skim_TriLep_WZTo3LNu_powheg.root
2026-04-28 15:19:15,427 - INFO - [2023BPix] MISSING_CENTRAL: SR1E2Mu/Central/jets/4/pt in Skim_TriLep_WWW.root
2026-04-28 15:19:15,442 - INFO - [2023BPix] MISSING_CENTRAL: SR1E2Mu/Central/jets/4/pt in Skim_TriLep_WZZ.root
2026-04-28 15:19:15,473 - INFO - [2023BPix] MISSING_CENTRAL: SR1E2Mu/Central/jets/4/pt in Skim_TriLep_VBFHToZZTo4L.root
2026-04-28 15:19:15,475 - INFO - [2023BPix] MISSING_CENTRAL: SR1E2Mu/Central/jets/4/pt in Skim_TriLep_ggHToZZTo4L.root
2026-04-28 15:21:20,067 - INFO - [2022] MISSING_CENTRAL: SR1E2Mu/Central/jets/4/pt in Skim_TriLep_MuonEG_D.root
2026-04-28 15:21:20,089 - INFO - [2022EE] MISSING_CENTRAL: SR1E2Mu/Central/jets/4/pt in Skim_TriLep_MuonEG_G.root
2026-04-28 15:21:20,098 - INFO - [2023] MISSING_CENTRAL: SR1E2Mu/Central/jets/4/pt in Skim_TriLep_MuonEG_C_v2.root
2026-04-28 15:21:20,099 - INFO - [2023] MISSING_CENTRAL: SR1E2Mu/Central/jets/4/pt in Skim_TriLep_MuonEG_C_v3.root
2026-04-28 15:21:20,100 - INFO - [2023BPix] MISSING_CENTRAL: SR1E2Mu/Central/jets/4/pt in Skim_TriLep_MuonEG_D_v1.root
2026-04-28 15:21:20,100 - INFO - [2023BPix] MISSING_CENTRAL: SR1E2Mu/Central/jets/4/pt in Skim_TriLep_MuonEG_D_v2.root
2026-04-28 15:21:20,111 - INFO - [2022] MISSING_CENTRAL: SR1E2Mu/Central/jets/4/pt in Skim_TriLep_MuonEG_D.root
2026-04-28 15:21:20,112 - INFO - [2022] MISSING_CENTRAL: SR1E2Mu/Central/jets/4/pt in Skim_TriLep_DYJets.root
2026-04-28 15:21:20,113 - INFO - [2022] MISSING_CENTRAL: SR1E2Mu/Central/jets/4/pt in Skim_TriLep_DYJets10to50.root
2026-04-28 15:21:20,113 - INFO - [2022] MISSING_CENTRAL: SR1E2Mu/Central/jets/4/pt in Skim_TriLep_TTG_PTG10to100.root
2026-04-28 15:21:20,114 - INFO - [2022] MISSING_CENTRAL: SR1E2Mu/Central/jets/4/pt in Skim_TriLep_TTG_PTG100to200.root
2026-04-28 15:21:20,203 - INFO - [2022] MISSING_CENTRAL: SR1E2Mu/Central/jets/4/pt in Skim_TriLep_WZTo3LNu_powheg.root
2026-04-28 15:21:20,204 - INFO - [2022] MISSING_CENTRAL: SR1E2Mu/Central/jets/4/pt in Skim_TriLep_ZZTo4L_powheg.root
2026-04-28 15:21:20,218 - INFO - [2022] MISSING_CENTRAL: SR1E2Mu/Central/jets/4/pt in Skim_TriLep_WWW.root
2026-04-28 15:21:20,274 - INFO - [2022] MISSING_CENTRAL: SR1E2Mu/Central/jets/4/pt in Skim_TriLep_VBFHToZZTo4L.root
2026-04-28 15:21:20,275 - INFO - [2022] MISSING_CENTRAL: SR1E2Mu/Central/jets/4/pt in Skim_TriLep_ggHToZZTo4L.root
2026-04-28 15:21:20,275 - INFO - [2022EE] MISSING_CENTRAL: SR1E2Mu/Central/jets/4/pt in Skim_TriLep_MuonEG_E.root
2026-04-28 15:21:20,278 - INFO - [2022EE] MISSING_CENTRAL: SR1E2Mu/Central/jets/4/pt in Skim_TriLep_DYJets.root
2026-04-28 15:21:20,278 - INFO - [2022EE] MISSING_CENTRAL: SR1E2Mu/Central/jets/4/pt in Skim_TriLep_DYJets10to50.root
2026-04-28 15:21:20,294 - INFO - [2022EE] MISSING_CENTRAL: SR1E2Mu/Central/jets/4/pt in Skim_TriLep_TTG_PTG100to200.root
2026-04-28 15:21:20,384 - INFO - [2022EE] MISSING_CENTRAL: SR1E2Mu/Central/jets/4/pt in Skim_TriLep_WZTo3LNu_powheg.root
2026-04-28 15:21:20,413 - INFO - [2022EE] MISSING_CENTRAL: SR1E2Mu/Central/jets/4/pt in Skim_TriLep_WWW.root
2026-04-28 15:21:20,486 - INFO - [2022EE] MISSING_CENTRAL: SR1E2Mu/Central/jets/4/pt in Skim_TriLep_ggHToZZTo4L.root
2026-04-28 15:21:20,491 - INFO - [2023] MISSING_CENTRAL: SR1E2Mu/Central/jets/4/pt in Skim_TriLep_DYJets.root
2026-04-28 15:21:20,492 - INFO - [2023] MISSING_CENTRAL: SR1E2Mu/Central/jets/4/pt in Skim_TriLep_DYJets10to50.root
2026-04-28 15:21:20,507 - INFO - [2023] MISSING_CENTRAL: SR1E2Mu/Central/jets/4/pt in Skim_TriLep_TTG_PTG100to200.root
2026-04-28 15:21:20,601 - INFO - [2023] MISSING_CENTRAL: SR1E2Mu/Central/jets/4/pt in Skim_TriLep_WZTo3LNu_powheg.root
2026-04-28 15:21:20,633 - INFO - [2023] MISSING_CENTRAL: SR1E2Mu/Central/jets/4/pt in Skim_TriLep_WWW.root
2026-04-28 15:21:20,664 - INFO - [2023] MISSING_CENTRAL: SR1E2Mu/Central/jets/4/pt in Skim_TriLep_ZZZ.root
2026-04-28 15:21:20,681 - INFO - [2023] MISSING_CENTRAL: SR1E2Mu/Central/jets/4/pt in Skim_TriLep_VBFHToZZTo4L.root
2026-04-28 15:21:20,683 - INFO - [2023] MISSING_CENTRAL: SR1E2Mu/Central/jets/4/pt in Skim_TriLep_ggHToZZTo4L.root
2026-04-28 15:21:20,684 - INFO - [2023BPix] MISSING_CENTRAL: SR1E2Mu/Central/jets/4/pt in Skim_TriLep_MuonEG_D_v2.root
2026-04-28 15:21:20,685 - INFO - [2023BPix] MISSING_CENTRAL: SR1E2Mu/Central/jets/4/pt in Skim_TriLep_DYJets.root
2026-04-28 15:21:20,686 - INFO - [2023BPix] MISSING_CENTRAL: SR1E2Mu/Central/jets/4/pt in Skim_TriLep_DYJets10to50.root
2026-04-28 15:21:20,687 - INFO - [2023BPix] MISSING_CENTRAL: SR1E2Mu/Central/jets/4/pt in Skim_TriLep_TTG_PTG10to100.root
2026-04-28 15:21:20,688 - INFO - [2023BPix] MISSING_CENTRAL: SR1E2Mu/Central/jets/4/pt in Skim_TriLep_TTG_PTG100to200.root
2026-04-28 15:21:20,689 - INFO - [2023BPix] MISSING_CENTRAL: SR1E2Mu/Central/jets/4/pt in Skim_TriLep_TTG_PTG200toInf.root
2026-04-28 15:21:20,769 - INFO - [2023BPix] MISSING_CENTRAL: SR1E2Mu/Central/jets/4/pt in Skim_TriLep_WZTo3LNu_powheg.root
2026-04-28 15:21:20,798 - INFO - [2023BPix] MISSING_CENTRAL: SR1E2Mu/Central/jets/4/pt in Skim_TriLep_WWW.root
2026-04-28 15:21:20,814 - INFO - [2023BPix] MISSING_CENTRAL: SR1E2Mu/Central/jets/4/pt in Skim_TriLep_WZZ.root
2026-04-28 15:21:20,845 - INFO - [2023BPix] MISSING_CENTRAL: SR1E2Mu/Central/jets/4/pt in Skim_TriLep_VBFHToZZTo4L.root
2026-04-28 15:21:20,846 - INFO - [2023BPix] MISSING_CENTRAL: SR1E2Mu/Central/jets/4/pt in Skim_TriLep_ggHToZZTo4L.root
2026-04-28 20:32:26,770 - INFO - [2022] MISSING_CENTRAL: SR1E2Mu/Central/jets/4/pt in Skim_TriLep_MuonEG_D.root
2026-04-28 20:32:26,794 - INFO - [2022EE] MISSING_CENTRAL: SR1E2Mu/Central/jets/4/pt in Skim_TriLep_MuonEG_G.root
2026-04-28 20:32:26,805 - INFO - [2023] MISSING_CENTRAL: SR1E2Mu/Central/jets/4/pt in Skim_TriLep_MuonEG_C_v2.root
2026-04-28 20:32:26,806 - INFO - [2023] MISSING_CENTRAL: SR1E2Mu/Central/jets/4/pt in Skim_TriLep_MuonEG_C_v3.root
2026-04-28 20:32:26,807 - INFO - [2023BPix] MISSING_CENTRAL: SR1E2Mu/Central/jets/4/pt in Skim_TriLep_MuonEG_D_v1.root
2026-04-28 20:32:26,807 - INFO - [2023BPix] MISSING_CENTRAL: SR1E2Mu/Central/jets/4/pt in Skim_TriLep_MuonEG_D_v2.root
2026-04-28 20:32:26,818 - INFO - [2022] MISSING_CENTRAL: SR1E2Mu/Central/jets/4/pt in Skim_TriLep_MuonEG_D.root
2026-04-28 20:32:26,819 - INFO - [2022] MISSING_CENTRAL: SR1E2Mu/Central/jets/4/pt in Skim_TriLep_DYJets.root
2026-04-28 20:32:26,819 - INFO - [2022] MISSING_CENTRAL: SR1E2Mu/Central/jets/4/pt in Skim_TriLep_DYJets10to50.root
2026-04-28 20:32:26,820 - INFO - [2022] MISSING_CENTRAL: SR1E2Mu/Central/jets/4/pt in Skim_TriLep_TTG_PTG10to100.root
2026-04-28 20:32:26,820 - INFO - [2022] MISSING_CENTRAL: SR1E2Mu/Central/jets/4/pt in Skim_TriLep_TTG_PTG100to200.root
2026-04-28 20:32:26,909 - INFO - [2022] MISSING_CENTRAL: SR1E2Mu/Central/jets/4/pt in Skim_TriLep_WZTo3LNu_powheg.root
2026-04-28 20:32:26,910 - INFO - [2022] MISSING_CENTRAL: SR1E2Mu/Central/jets/4/pt in Skim_TriLep_ZZTo4L_powheg.root
2026-04-28 20:32:26,924 - INFO - [2022] MISSING_CENTRAL: SR1E2Mu/Central/jets/4/pt in Skim_TriLep_WWW.root
2026-04-28 20:32:26,978 - INFO - [2022] MISSING_CENTRAL: SR1E2Mu/Central/jets/4/pt in Skim_TriLep_VBFHToZZTo4L.root
2026-04-28 20:32:26,978 - INFO - [2022] MISSING_CENTRAL: SR1E2Mu/Central/jets/4/pt in Skim_TriLep_ggHToZZTo4L.root
2026-04-28 20:32:26,979 - INFO - [2022EE] MISSING_CENTRAL: SR1E2Mu/Central/jets/4/pt in Skim_TriLep_MuonEG_E.root
2026-04-28 20:32:26,981 - INFO - [2022EE] MISSING_CENTRAL: SR1E2Mu/Central/jets/4/pt in Skim_TriLep_DYJets.root
2026-04-28 20:32:26,981 - INFO - [2022EE] MISSING_CENTRAL: SR1E2Mu/Central/jets/4/pt in Skim_TriLep_DYJets10to50.root
2026-04-28 20:32:26,995 - INFO - [2022EE] MISSING_CENTRAL: SR1E2Mu/Central/jets/4/pt in Skim_TriLep_TTG_PTG100to200.root
2026-04-28 20:32:27,084 - INFO - [2022EE] MISSING_CENTRAL: SR1E2Mu/Central/jets/4/pt in Skim_TriLep_WZTo3LNu_powheg.root
2026-04-28 20:32:27,116 - INFO - [2022EE] MISSING_CENTRAL: SR1E2Mu/Central/jets/4/pt in Skim_TriLep_WWW.root
2026-04-28 20:32:27,195 - INFO - [2022EE] MISSING_CENTRAL: SR1E2Mu/Central/jets/4/pt in Skim_TriLep_ggHToZZTo4L.root
2026-04-28 20:32:27,199 - INFO - [2023] MISSING_CENTRAL: SR1E2Mu/Central/jets/4/pt in Skim_TriLep_DYJets.root
2026-04-28 20:32:27,200 - INFO - [2023] MISSING_CENTRAL: SR1E2Mu/Central/jets/4/pt in Skim_TriLep_DYJets10to50.root
2026-04-28 20:32:27,214 - INFO - [2023] MISSING_CENTRAL: SR1E2Mu/Central/jets/4/pt in Skim_TriLep_TTG_PTG100to200.root
2026-04-28 20:32:27,307 - INFO - [2023] MISSING_CENTRAL: SR1E2Mu/Central/jets/4/pt in Skim_TriLep_WZTo3LNu_powheg.root
2026-04-28 20:32:27,340 - INFO - [2023] MISSING_CENTRAL: SR1E2Mu/Central/jets/4/pt in Skim_TriLep_WWW.root
2026-04-28 20:32:27,372 - INFO - [2023] MISSING_CENTRAL: SR1E2Mu/Central/jets/4/pt in Skim_TriLep_ZZZ.root
2026-04-28 20:32:27,389 - INFO - [2023] MISSING_CENTRAL: SR1E2Mu/Central/jets/4/pt in Skim_TriLep_VBFHToZZTo4L.root
2026-04-28 20:32:27,390 - INFO - [2023] MISSING_CENTRAL: SR1E2Mu/Central/jets/4/pt in Skim_TriLep_ggHToZZTo4L.root
2026-04-28 20:32:27,391 - INFO - [2023BPix] MISSING_CENTRAL: SR1E2Mu/Central/jets/4/pt in Skim_TriLep_MuonEG_D_v2.root
2026-04-28 20:32:27,392 - INFO - [2023BPix] MISSING_CENTRAL: SR1E2Mu/Central/jets/4/pt in Skim_TriLep_DYJets.root
2026-04-28 20:32:27,393 - INFO - [2023BPix] MISSING_CENTRAL: SR1E2Mu/Central/jets/4/pt in Skim_TriLep_DYJets10to50.root
2026-04-28 20:32:27,394 - INFO - [2023BPix] MISSING_CENTRAL: SR1E2Mu/Central/jets/4/pt in Skim_TriLep_TTG_PTG10to100.root
2026-04-28 20:32:27,395 - INFO - [2023BPix] MISSING_CENTRAL: SR1E2Mu/Central/jets/4/pt in Skim_TriLep_TTG_PTG100to200.root
2026-04-28 20:32:27,396 - INFO - [2023BPix] MISSING_CENTRAL: SR1E2Mu/Central/jets/4/pt in Skim_TriLep_TTG_PTG200toInf.root
2026-04-28 20:32:27,475 - INFO - [2023BPix] MISSING_CENTRAL: SR1E2Mu/Central/jets/4/pt in Skim_TriLep_WZTo3LNu_powheg.root
2026-04-28 20:32:27,506 - INFO - [2023BPix] MISSING_CENTRAL: SR1E2Mu/Central/jets/4/pt in Skim_TriLep_WWW.root
2026-04-28 20:32:27,523 - INFO - [2023BPix] MISSING_CENTRAL: SR1E2Mu/Central/jets/4/pt in Skim_TriLep_WZZ.root
2026-04-28 20:32:27,555 - INFO - [2023BPix] MISSING_CENTRAL: SR1E2Mu/Central/jets/4/pt in Skim_TriLep_VBFHToZZTo4L.root
2026-04-28 20:32:27,557 - INFO - [2023BPix] MISSING_CENTRAL: SR1E2Mu/Central/jets/4/pt in Skim_TriLep_ggHToZZTo4L.root
2026-04-28 20:34:26,325 - INFO - [2022] MISSING_CENTRAL: SR1E2Mu/Central/jets/4/pt in Skim_TriLep_MuonEG_D.root
2026-04-28 20:34:26,347 - INFO - [2022EE] MISSING_CENTRAL: SR1E2Mu/Central/jets/4/pt in Skim_TriLep_MuonEG_G.root
2026-04-28 20:34:26,358 - INFO - [2023] MISSING_CENTRAL: SR1E2Mu/Central/jets/4/pt in Skim_TriLep_MuonEG_C_v2.root
2026-04-28 20:34:26,358 - INFO - [2023] MISSING_CENTRAL: SR1E2Mu/Central/jets/4/pt in Skim_TriLep_MuonEG_C_v3.root
2026-04-28 20:34:26,359 - INFO - [2023BPix] MISSING_CENTRAL: SR1E2Mu/Central/jets/4/pt in Skim_TriLep_MuonEG_D_v1.root
2026-04-28 20:34:26,360 - INFO - [2023BPix] MISSING_CENTRAL: SR1E2Mu/Central/jets/4/pt in Skim_TriLep_MuonEG_D_v2.root
2026-04-28 20:34:26,372 - INFO - [2022] MISSING_CENTRAL: SR1E2Mu/Central/jets/4/pt in Skim_TriLep_MuonEG_D.root
2026-04-28 20:34:26,372 - INFO - [2022] MISSING_CENTRAL: SR1E2Mu/Central/jets/4/pt in Skim_TriLep_DYJets.root
2026-04-28 20:34:26,373 - INFO - [2022] MISSING_CENTRAL: SR1E2Mu/Central/jets/4/pt in Skim_TriLep_DYJets10to50.root
2026-04-28 20:34:26,374 - INFO - [2022] MISSING_CENTRAL: SR1E2Mu/Central/jets/4/pt in Skim_TriLep_TTG_PTG10to100.root
2026-04-28 20:34:26,374 - INFO - [2022] MISSING_CENTRAL: SR1E2Mu/Central/jets/4/pt in Skim_TriLep_TTG_PTG100to200.root
2026-04-28 20:34:26,466 - INFO - [2022] MISSING_CENTRAL: SR1E2Mu/Central/jets/4/pt in Skim_TriLep_WZTo3LNu_powheg.root
2026-04-28 20:34:26,467 - INFO - [2022] MISSING_CENTRAL: SR1E2Mu/Central/jets/4/pt in Skim_TriLep_ZZTo4L_powheg.root
2026-04-28 20:34:26,480 - INFO - [2022] MISSING_CENTRAL: SR1E2Mu/Central/jets/4/pt in Skim_TriLep_WWW.root
2026-04-28 20:34:26,536 - INFO - [2022] MISSING_CENTRAL: SR1E2Mu/Central/jets/4/pt in Skim_TriLep_VBFHToZZTo4L.root
2026-04-28 20:34:26,537 - INFO - [2022] MISSING_CENTRAL: SR1E2Mu/Central/jets/4/pt in Skim_TriLep_ggHToZZTo4L.root
2026-04-28 20:34:26,538 - INFO - [2022EE] MISSING_CENTRAL: SR1E2Mu/Central/jets/4/pt in Skim_TriLep_MuonEG_E.root
2026-04-28 20:34:26,540 - INFO - [2022EE] MISSING_CENTRAL: SR1E2Mu/Central/jets/4/pt in Skim_TriLep_DYJets.root
2026-04-28 20:34:26,540 - INFO - [2022EE] MISSING_CENTRAL: SR1E2Mu/Central/jets/4/pt in Skim_TriLep_DYJets10to50.root
2026-04-28 20:34:26,555 - INFO - [2022EE] MISSING_CENTRAL: SR1E2Mu/Central/jets/4/pt in Skim_TriLep_TTG_PTG100to200.root
2026-04-28 20:34:26,641 - INFO - [2022EE] MISSING_CENTRAL: SR1E2Mu/Central/jets/4/pt in Skim_TriLep_WZTo3LNu_powheg.root
2026-04-28 20:34:26,670 - INFO - [2022EE] MISSING_CENTRAL: SR1E2Mu/Central/jets/4/pt in Skim_TriLep_WWW.root
2026-04-28 20:34:26,746 - INFO - [2022EE] MISSING_CENTRAL: SR1E2Mu/Central/jets/4/pt in Skim_TriLep_ggHToZZTo4L.root
2026-04-28 20:34:26,750 - INFO - [2023] MISSING_CENTRAL: SR1E2Mu/Central/jets/4/pt in Skim_TriLep_DYJets.root
2026-04-28 20:34:26,751 - INFO - [2023] MISSING_CENTRAL: SR1E2Mu/Central/jets/4/pt in Skim_TriLep_DYJets10to50.root
2026-04-28 20:34:26,766 - INFO - [2023] MISSING_CENTRAL: SR1E2Mu/Central/jets/4/pt in Skim_TriLep_TTG_PTG100to200.root
2026-04-28 20:34:26,858 - INFO - [2023] MISSING_CENTRAL: SR1E2Mu/Central/jets/4/pt in Skim_TriLep_WZTo3LNu_powheg.root
2026-04-28 20:34:26,889 - INFO - [2023] MISSING_CENTRAL: SR1E2Mu/Central/jets/4/pt in Skim_TriLep_WWW.root
2026-04-28 20:34:26,919 - INFO - [2023] MISSING_CENTRAL: SR1E2Mu/Central/jets/4/pt in Skim_TriLep_ZZZ.root
2026-04-28 20:34:26,936 - INFO - [2023] MISSING_CENTRAL: SR1E2Mu/Central/jets/4/pt in Skim_TriLep_VBFHToZZTo4L.root
2026-04-28 20:34:26,937 - INFO - [2023] MISSING_CENTRAL: SR1E2Mu/Central/jets/4/pt in Skim_TriLep_ggHToZZTo4L.root
2026-04-28 20:34:26,938 - INFO - [2023BPix] MISSING_CENTRAL: SR1E2Mu/Central/jets/4/pt in Skim_TriLep_MuonEG_D_v2.root
2026-04-28 20:34:26,939 - INFO - [2023BPix] MISSING_CENTRAL: SR1E2Mu/Central/jets/4/pt in Skim_TriLep_DYJets.root
2026-04-28 20:34:26,940 - INFO - [2023BPix] MISSING_CENTRAL: SR1E2Mu/Central/jets/4/pt in Skim_TriLep_DYJets10to50.root
2026-04-28 20:34:26,940 - INFO - [2023BPix] MISSING_CENTRAL: SR1E2Mu/Central/jets/4/pt in Skim_TriLep_TTG_PTG10to100.root
2026-04-28 20:34:26,941 - INFO - [2023BPix] MISSING_CENTRAL: SR1E2Mu/Central/jets/4/pt in Skim_TriLep_TTG_PTG100to200.root
2026-04-28 20:34:26,942 - INFO - [2023BPix] MISSING_CENTRAL: SR1E2Mu/Central/jets/4/pt in Skim_TriLep_TTG_PTG200toInf.root
2026-04-28 20:34:27,017 - INFO - [2023BPix] MISSING_CENTRAL: SR1E2Mu/Central/jets/4/pt in Skim_TriLep_WZTo3LNu_powheg.root
2026-04-28 20:34:27,045 - INFO - [2023BPix] MISSING_CENTRAL: SR1E2Mu/Central/jets/4/pt in Skim_TriLep_WWW.root
2026-04-28 20:34:27,060 - INFO - [2023BPix] MISSING_CENTRAL: SR1E2Mu/Central/jets/4/pt in Skim_TriLep_WZZ.root
2026-04-28 20:34:27,090 - INFO - [2023BPix] MISSING_CENTRAL: SR1E2Mu/Central/jets/4/pt in Skim_TriLep_VBFHToZZTo4L.root
2026-04-28 20:34:27,090 - INFO - [2023BPix] MISSING_CENTRAL: SR1E2Mu/Central/jets/4/pt in Skim_TriLep_ggHToZZTo4L.root
2026-05-04 15:38:53,958 - INFO - [2022] MISSING_CENTRAL: SR1E2Mu/Central/jets/4/pt in Skim_TriLep_MuonEG_D.root
2026-05-04 15:38:53,981 - INFO - [2022EE] MISSING_CENTRAL: SR1E2Mu/Central/jets/4/pt in Skim_TriLep_MuonEG_G.root
2026-05-04 15:38:53,991 - INFO - [2023] MISSING_CENTRAL: SR1E2Mu/Central/jets/4/pt in Skim_TriLep_MuonEG_C_v2.root
2026-05-04 15:38:53,992 - INFO - [2023] MISSING_CENTRAL: SR1E2Mu/Central/jets/4/pt in Skim_TriLep_MuonEG_C_v3.root
2026-05-04 15:38:53,993 - INFO - [2023BPix] MISSING_CENTRAL: SR1E2Mu/Central/jets/4/pt in Skim_TriLep_MuonEG_D_v1.root
2026-05-04 15:38:53,993 - INFO - [2023BPix] MISSING_CENTRAL: SR1E2Mu/Central/jets/4/pt in Skim_TriLep_MuonEG_D_v2.root
2026-05-04 15:38:54,004 - INFO - [2022] MISSING_CENTRAL: SR1E2Mu/Central/jets/4/pt in Skim_TriLep_MuonEG_D.root
2026-05-04 15:38:54,005 - INFO - [2022] MISSING_CENTRAL: SR1E2Mu/Central/jets/4/pt in Skim_TriLep_DYJets.root
2026-05-04 15:38:54,005 - INFO - [2022] MISSING_CENTRAL: SR1E2Mu/Central/jets/4/pt in Skim_TriLep_DYJets10to50.root
2026-05-04 15:38:54,006 - INFO - [2022] MISSING_CENTRAL: SR1E2Mu/Central/jets/4/pt in Skim_TriLep_TTG_PTG10to100.root
2026-05-04 15:38:54,006 - INFO - [2022] MISSING_CENTRAL: SR1E2Mu/Central/jets/4/pt in Skim_TriLep_TTG_PTG100to200.root
2026-05-04 15:38:54,100 - INFO - [2022] MISSING_CENTRAL: SR1E2Mu/Central/jets/4/pt in Skim_TriLep_WZTo3LNu_powheg.root
2026-05-04 15:38:54,101 - INFO - [2022] MISSING_CENTRAL: SR1E2Mu/Central/jets/4/pt in Skim_TriLep_ZZTo4L_powheg.root
2026-05-04 15:38:54,115 - INFO - [2022] MISSING_CENTRAL: SR1E2Mu/Central/jets/4/pt in Skim_TriLep_WWW.root
2026-05-04 15:38:54,173 - INFO - [2022] MISSING_CENTRAL: SR1E2Mu/Central/jets/4/pt in Skim_TriLep_VBFHToZZTo4L.root
2026-05-04 15:38:54,174 - INFO - [2022] MISSING_CENTRAL: SR1E2Mu/Central/jets/4/pt in Skim_TriLep_ggHToZZTo4L.root
2026-05-04 15:38:54,174 - INFO - [2022EE] MISSING_CENTRAL: SR1E2Mu/Central/jets/4/pt in Skim_TriLep_MuonEG_E.root
2026-05-04 15:38:54,176 - INFO - [2022EE] MISSING_CENTRAL: SR1E2Mu/Central/jets/4/pt in Skim_TriLep_DYJets.root
2026-05-04 15:38:54,177 - INFO - [2022EE] MISSING_CENTRAL: SR1E2Mu/Central/jets/4/pt in Skim_TriLep_DYJets10to50.root
2026-05-04 15:38:54,191 - INFO - [2022EE] MISSING_CENTRAL: SR1E2Mu/Central/jets/4/pt in Skim_TriLep_TTG_PTG100to200.root
2026-05-04 15:38:54,282 - INFO - [2022EE] MISSING_CENTRAL: SR1E2Mu/Central/jets/4/pt in Skim_TriLep_WZTo3LNu_powheg.root
2026-05-04 15:38:54,313 - INFO - [2022EE] MISSING_CENTRAL: SR1E2Mu/Central/jets/4/pt in Skim_TriLep_WWW.root
2026-05-04 15:38:54,389 - INFO - [2022EE] MISSING_CENTRAL: SR1E2Mu/Central/jets/4/pt in Skim_TriLep_ggHToZZTo4L.root
2026-05-04 15:38:54,393 - INFO - [2023] MISSING_CENTRAL: SR1E2Mu/Central/jets/4/pt in Skim_TriLep_DYJets.root
2026-05-04 15:38:54,393 - INFO - [2023] MISSING_CENTRAL: SR1E2Mu/Central/jets/4/pt in Skim_TriLep_DYJets10to50.root
2026-05-04 15:38:54,414 - INFO - [2023] MISSING_CENTRAL: SR1E2Mu/Central/jets/4/pt in Skim_TriLep_TTG_PTG100to200.root
2026-05-04 15:38:54,502 - INFO - [2023] MISSING_CENTRAL: SR1E2Mu/Central/jets/4/pt in Skim_TriLep_WZTo3LNu_powheg.root
2026-05-04 15:38:54,531 - INFO - [2023] MISSING_CENTRAL: SR1E2Mu/Central/jets/4/pt in Skim_TriLep_WWW.root
2026-05-04 15:38:54,560 - INFO - [2023] MISSING_CENTRAL: SR1E2Mu/Central/jets/4/pt in Skim_TriLep_ZZZ.root
2026-05-04 15:38:54,577 - INFO - [2023] MISSING_CENTRAL: SR1E2Mu/Central/jets/4/pt in Skim_TriLep_VBFHToZZTo4L.root
2026-05-04 15:38:54,578 - INFO - [2023] MISSING_CENTRAL: SR1E2Mu/Central/jets/4/pt in Skim_TriLep_ggHToZZTo4L.root
2026-05-04 15:38:54,580 - INFO - [2023BPix] MISSING_CENTRAL: SR1E2Mu/Central/jets/4/pt in Skim_TriLep_MuonEG_D_v2.root
2026-05-04 15:38:54,581 - INFO - [2023BPix] MISSING_CENTRAL: SR1E2Mu/Central/jets/4/pt in Skim_TriLep_DYJets.root
2026-05-04 15:38:54,581 - INFO - [2023BPix] MISSING_CENTRAL: SR1E2Mu/Central/jets/4/pt in Skim_TriLep_DYJets10to50.root
2026-05-04 15:38:54,582 - INFO - [2023BPix] MISSING_CENTRAL: SR1E2Mu/Central/jets/4/pt in Skim_TriLep_TTG_PTG10to100.root
2026-05-04 15:38:54,583 - INFO - [2023BPix] MISSING_CENTRAL: SR1E2Mu/Central/jets/4/pt in Skim_TriLep_TTG_PTG100to200.root
2026-05-04 15:38:54,583 - INFO - [2023BPix] MISSING_CENTRAL: SR1E2Mu/Central/jets/4/pt in Skim_TriLep_TTG_PTG200toInf.root
2026-05-04 15:38:54,659 - INFO - [2023BPix] MISSING_CENTRAL: SR1E2Mu/Central/jets/4/pt in Skim_TriLep_WZTo3LNu_powheg.root
2026-05-04 15:38:54,690 - INFO - [2023BPix] MISSING_CENTRAL: SR1E2Mu/Central/jets/4/pt in Skim_TriLep_WWW.root
2026-05-04 15:38:54,706 - INFO - [2023BPix] MISSING_CENTRAL: SR1E2Mu/Central/jets/4/pt in Skim_TriLep_WZZ.root
2026-05-04 15:38:54,737 - INFO - [2023BPix] MISSING_CENTRAL: SR1E2Mu/Central/jets/4/pt in Skim_TriLep_VBFHToZZTo4L.root
2026-05-04 15:38:54,738 - INFO - [2023BPix] MISSING_CENTRAL: SR1E2Mu/Central/jets/4/pt in Skim_TriLep_ggHToZZTo4L.root
2026-05-04 15:41:04,838 - INFO - [2022] MISSING_CENTRAL: SR1E2Mu/Central/jets/4/pt in Skim_TriLep_MuonEG_D.root
2026-05-04 15:41:04,860 - INFO - [2022EE] MISSING_CENTRAL: SR1E2Mu/Central/jets/4/pt in Skim_TriLep_MuonEG_G.root
2026-05-04 15:41:04,871 - INFO - [2023] MISSING_CENTRAL: SR1E2Mu/Central/jets/4/pt in Skim_TriLep_MuonEG_C_v2.root
2026-05-04 15:41:04,871 - INFO - [2023] MISSING_CENTRAL: SR1E2Mu/Central/jets/4/pt in Skim_TriLep_MuonEG_C_v3.root
2026-05-04 15:41:04,873 - INFO - [2023BPix] MISSING_CENTRAL: SR1E2Mu/Central/jets/4/pt in Skim_TriLep_MuonEG_D_v1.root
2026-05-04 15:41:04,873 - INFO - [2023BPix] MISSING_CENTRAL: SR1E2Mu/Central/jets/4/pt in Skim_TriLep_MuonEG_D_v2.root
2026-05-04 15:41:04,884 - INFO - [2022] MISSING_CENTRAL: SR1E2Mu/Central/jets/4/pt in Skim_TriLep_MuonEG_D.root
2026-05-04 15:41:04,885 - INFO - [2022] MISSING_CENTRAL: SR1E2Mu/Central/jets/4/pt in Skim_TriLep_DYJets.root
2026-05-04 15:41:04,886 - INFO - [2022] MISSING_CENTRAL: SR1E2Mu/Central/jets/4/pt in Skim_TriLep_DYJets10to50.root
2026-05-04 15:41:04,886 - INFO - [2022] MISSING_CENTRAL: SR1E2Mu/Central/jets/4/pt in Skim_TriLep_TTG_PTG10to100.root
2026-05-04 15:41:04,887 - INFO - [2022] MISSING_CENTRAL: SR1E2Mu/Central/jets/4/pt in Skim_TriLep_TTG_PTG100to200.root
2026-05-04 15:41:04,986 - INFO - [2022] MISSING_CENTRAL: SR1E2Mu/Central/jets/4/pt in Skim_TriLep_WZTo3LNu_powheg.root
2026-05-04 15:41:04,987 - INFO - [2022] MISSING_CENTRAL: SR1E2Mu/Central/jets/4/pt in Skim_TriLep_ZZTo4L_powheg.root
2026-05-04 15:41:05,002 - INFO - [2022] MISSING_CENTRAL: SR1E2Mu/Central/jets/4/pt in Skim_TriLep_WWW.root
2026-05-04 15:41:05,063 - INFO - [2022] MISSING_CENTRAL: SR1E2Mu/Central/jets/4/pt in Skim_TriLep_VBFHToZZTo4L.root
2026-05-04 15:41:05,064 - INFO - [2022] MISSING_CENTRAL: SR1E2Mu/Central/jets/4/pt in Skim_TriLep_ggHToZZTo4L.root
2026-05-04 15:41:05,064 - INFO - [2022EE] MISSING_CENTRAL: SR1E2Mu/Central/jets/4/pt in Skim_TriLep_MuonEG_E.root
2026-05-04 15:41:05,066 - INFO - [2022EE] MISSING_CENTRAL: SR1E2Mu/Central/jets/4/pt in Skim_TriLep_DYJets.root
2026-05-04 15:41:05,067 - INFO - [2022EE] MISSING_CENTRAL: SR1E2Mu/Central/jets/4/pt in Skim_TriLep_DYJets10to50.root
2026-05-04 15:41:05,083 - INFO - [2022EE] MISSING_CENTRAL: SR1E2Mu/Central/jets/4/pt in Skim_TriLep_TTG_PTG100to200.root
2026-05-04 15:41:05,180 - INFO - [2022EE] MISSING_CENTRAL: SR1E2Mu/Central/jets/4/pt in Skim_TriLep_WZTo3LNu_powheg.root
2026-05-04 15:41:05,214 - INFO - [2022EE] MISSING_CENTRAL: SR1E2Mu/Central/jets/4/pt in Skim_TriLep_WWW.root
2026-05-04 15:41:05,292 - INFO - [2022EE] MISSING_CENTRAL: SR1E2Mu/Central/jets/4/pt in Skim_TriLep_ggHToZZTo4L.root
2026-05-04 15:41:05,296 - INFO - [2023] MISSING_CENTRAL: SR1E2Mu/Central/jets/4/pt in Skim_TriLep_DYJets.root
2026-05-04 15:41:05,296 - INFO - [2023] MISSING_CENTRAL: SR1E2Mu/Central/jets/4/pt in Skim_TriLep_DYJets10to50.root
2026-05-04 15:41:05,312 - INFO - [2023] MISSING_CENTRAL: SR1E2Mu/Central/jets/4/pt in Skim_TriLep_TTG_PTG100to200.root
2026-05-04 15:41:05,448 - INFO - [2023] MISSING_CENTRAL: SR1E2Mu/Central/jets/4/pt in Skim_TriLep_WZTo3LNu_powheg.root
2026-05-04 15:41:05,479 - INFO - [2023] MISSING_CENTRAL: SR1E2Mu/Central/jets/4/pt in Skim_TriLep_WWW.root
2026-05-04 15:41:05,520 - INFO - [2023] MISSING_CENTRAL: SR1E2Mu/Central/jets/4/pt in Skim_TriLep_ZZZ.root
2026-05-04 15:41:05,542 - INFO - [2023] MISSING_CENTRAL: SR1E2Mu/Central/jets/4/pt in Skim_TriLep_VBFHToZZTo4L.root
2026-05-04 15:41:05,543 - INFO - [2023] MISSING_CENTRAL: SR1E2Mu/Central/jets/4/pt in Skim_TriLep_ggHToZZTo4L.root
2026-05-04 15:41:05,544 - INFO - [2023BPix] MISSING_CENTRAL: SR1E2Mu/Central/jets/4/pt in Skim_TriLep_MuonEG_D_v2.root
2026-05-04 15:41:05,545 - INFO - [2023BPix] MISSING_CENTRAL: SR1E2Mu/Central/jets/4/pt in Skim_TriLep_DYJets.root
2026-05-04 15:41:05,545 - INFO - [2023BPix] MISSING_CENTRAL: SR1E2Mu/Central/jets/4/pt in Skim_TriLep_DYJets10to50.root
2026-05-04 15:41:05,546 - INFO - [2023BPix] MISSING_CENTRAL: SR1E2Mu/Central/jets/4/pt in Skim_TriLep_TTG_PTG10to100.root
2026-05-04 15:41:05,547 - INFO - [2023BPix] MISSING_CENTRAL: SR1E2Mu/Central/jets/4/pt in Skim_TriLep_TTG_PTG100to200.root
2026-05-04 15:41:05,547 - INFO - [2023BPix] MISSING_CENTRAL: SR1E2Mu/Central/jets/4/pt in Skim_TriLep_TTG_PTG200toInf.root
2026-05-04 15:41:05,628 - INFO - [2023BPix] MISSING_CENTRAL: SR1E2Mu/Central/jets/4/pt in Skim_TriLep_WZTo3LNu_powheg.root
2026-05-04 15:41:05,660 - INFO - [2023BPix] MISSING_CENTRAL: SR1E2Mu/Central/jets/4/pt in Skim_TriLep_WWW.root
2026-05-04 15:41:05,676 - INFO - [2023BPix] MISSING_CENTRAL: SR1E2Mu/Central/jets/4/pt in Skim_TriLep_WZZ.root
2026-05-04 15:41:05,710 - INFO - [2023BPix] MISSING_CENTRAL: SR1E2Mu/Central/jets/4/pt in Skim_TriLep_VBFHToZZTo4L.root
2026-05-04 15:41:05,711 - INFO - [2023BPix] MISSING_CENTRAL: SR1E2Mu/Central/jets/4/pt in Skim_TriLep_ggHToZZTo4L.root
2026-05-04 16:03:03,601 - INFO - [2022] MISSING_CENTRAL: SR1E2Mu/Central/jets/4/pt in Skim_TriLep_MuonEG_D.root
2026-05-04 16:03:03,623 - INFO - [2022EE] MISSING_CENTRAL: SR1E2Mu/Central/jets/4/pt in Skim_TriLep_MuonEG_G.root
2026-05-04 16:03:03,634 - INFO - [2023] MISSING_CENTRAL: SR1E2Mu/Central/jets/4/pt in Skim_TriLep_MuonEG_C_v2.root
2026-05-04 16:03:03,634 - INFO - [2023] MISSING_CENTRAL: SR1E2Mu/Central/jets/4/pt in Skim_TriLep_MuonEG_C_v3.root
2026-05-04 16:03:03,635 - INFO - [2023BPix] MISSING_CENTRAL: SR1E2Mu/Central/jets/4/pt in Skim_TriLep_MuonEG_D_v1.root
2026-05-04 16:03:03,636 - INFO - [2023BPix] MISSING_CENTRAL: SR1E2Mu/Central/jets/4/pt in Skim_TriLep_MuonEG_D_v2.root
2026-05-04 16:03:03,648 - INFO - [2022] MISSING_CENTRAL: SR1E2Mu/Central/jets/4/pt in Skim_TriLep_MuonEG_D.root
2026-05-04 16:03:03,649 - INFO - [2022] MISSING_CENTRAL: SR1E2Mu/Central/jets/4/pt in Skim_TriLep_DYJets.root
2026-05-04 16:03:03,649 - INFO - [2022] MISSING_CENTRAL: SR1E2Mu/Central/jets/4/pt in Skim_TriLep_DYJets10to50.root
2026-05-04 16:03:03,650 - INFO - [2022] MISSING_CENTRAL: SR1E2Mu/Central/jets/4/pt in Skim_TriLep_TTG_PTG10to100.root
2026-05-04 16:03:03,650 - INFO - [2022] MISSING_CENTRAL: SR1E2Mu/Central/jets/4/pt in Skim_TriLep_TTG_PTG100to200.root
2026-05-04 16:03:03,742 - INFO - [2022] MISSING_CENTRAL: SR1E2Mu/Central/jets/4/pt in Skim_TriLep_WZTo3LNu_powheg.root
2026-05-04 16:03:03,743 - INFO - [2022] MISSING_CENTRAL: SR1E2Mu/Central/jets/4/pt in Skim_TriLep_ZZTo4L_powheg.root
2026-05-04 16:03:03,757 - INFO - [2022] MISSING_CENTRAL: SR1E2Mu/Central/jets/4/pt in Skim_TriLep_WWW.root
2026-05-04 16:03:03,813 - INFO - [2022] MISSING_CENTRAL: SR1E2Mu/Central/jets/4/pt in Skim_TriLep_VBFHToZZTo4L.root
2026-05-04 16:03:03,814 - INFO - [2022] MISSING_CENTRAL: SR1E2Mu/Central/jets/4/pt in Skim_TriLep_ggHToZZTo4L.root
2026-05-04 16:03:03,815 - INFO - [2022EE] MISSING_CENTRAL: SR1E2Mu/Central/jets/4/pt in Skim_TriLep_MuonEG_E.root
2026-05-04 16:03:03,817 - INFO - [2022EE] MISSING_CENTRAL: SR1E2Mu/Central/jets/4/pt in Skim_TriLep_DYJets.root
2026-05-04 16:03:03,818 - INFO - [2022EE] MISSING_CENTRAL: SR1E2Mu/Central/jets/4/pt in Skim_TriLep_DYJets10to50.root
2026-05-04 16:03:03,832 - INFO - [2022EE] MISSING_CENTRAL: SR1E2Mu/Central/jets/4/pt in Skim_TriLep_TTG_PTG100to200.root
2026-05-04 16:03:03,917 - INFO - [2022EE] MISSING_CENTRAL: SR1E2Mu/Central/jets/4/pt in Skim_TriLep_WZTo3LNu_powheg.root
2026-05-04 16:03:03,945 - INFO - [2022EE] MISSING_CENTRAL: SR1E2Mu/Central/jets/4/pt in Skim_TriLep_WWW.root
2026-05-04 16:03:04,021 - INFO - [2022EE] MISSING_CENTRAL: SR1E2Mu/Central/jets/4/pt in Skim_TriLep_ggHToZZTo4L.root
2026-05-04 16:03:04,026 - INFO - [2023] MISSING_CENTRAL: SR1E2Mu/Central/jets/4/pt in Skim_TriLep_DYJets.root
2026-05-04 16:03:04,027 - INFO - [2023] MISSING_CENTRAL: SR1E2Mu/Central/jets/4/pt in Skim_TriLep_DYJets10to50.root
2026-05-04 16:03:04,043 - INFO - [2023] MISSING_CENTRAL: SR1E2Mu/Central/jets/4/pt in Skim_TriLep_TTG_PTG100to200.root
2026-05-04 16:03:04,134 - INFO - [2023] MISSING_CENTRAL: SR1E2Mu/Central/jets/4/pt in Skim_TriLep_WZTo3LNu_powheg.root
2026-05-04 16:03:04,164 - INFO - [2023] MISSING_CENTRAL: SR1E2Mu/Central/jets/4/pt in Skim_TriLep_WWW.root
2026-05-04 16:03:04,195 - INFO - [2023] MISSING_CENTRAL: SR1E2Mu/Central/jets/4/pt in Skim_TriLep_ZZZ.root
2026-05-04 16:03:04,212 - INFO - [2023] MISSING_CENTRAL: SR1E2Mu/Central/jets/4/pt in Skim_TriLep_VBFHToZZTo4L.root
2026-05-04 16:03:04,214 - INFO - [2023] MISSING_CENTRAL: SR1E2Mu/Central/jets/4/pt in Skim_TriLep_ggHToZZTo4L.root
2026-05-04 16:03:04,215 - INFO - [2023BPix] MISSING_CENTRAL: SR1E2Mu/Central/jets/4/pt in Skim_TriLep_MuonEG_D_v2.root
2026-05-04 16:03:04,216 - INFO - [2023BPix] MISSING_CENTRAL: SR1E2Mu/Central/jets/4/pt in Skim_TriLep_DYJets.root
2026-05-04 16:03:04,217 - INFO - [2023BPix] MISSING_CENTRAL: SR1E2Mu/Central/jets/4/pt in Skim_TriLep_DYJets10to50.root
2026-05-04 16:03:04,218 - INFO - [2023BPix] MISSING_CENTRAL: SR1E2Mu/Central/jets/4/pt in Skim_TriLep_TTG_PTG10to100.root
2026-05-04 16:03:04,219 - INFO - [2023BPix] MISSING_CENTRAL: SR1E2Mu/Central/jets/4/pt in Skim_TriLep_TTG_PTG100to200.root
2026-05-04 16:03:04,220 - INFO - [2023BPix] MISSING_CENTRAL: SR1E2Mu/Central/jets/4/pt in Skim_TriLep_TTG_PTG200toInf.root
2026-05-04 16:03:04,300 - INFO - [2023BPix] MISSING_CENTRAL: SR1E2Mu/Central/jets/4/pt in Skim_TriLep_WZTo3LNu_powheg.root
2026-05-04 16:03:04,331 - INFO - [2023BPix] MISSING_CENTRAL: SR1E2Mu/Central/jets/4/pt in Skim_TriLep_WWW.root
2026-05-04 16:03:04,348 - INFO - [2023BPix] MISSING_CENTRAL: SR1E2Mu/Central/jets/4/pt in Skim_TriLep_WZZ.root
2026-05-04 16:03:04,382 - INFO - [2023BPix] MISSING_CENTRAL: SR1E2Mu/Central/jets/4/pt in Skim_TriLep_VBFHToZZTo4L.root
2026-05-04 16:03:04,383 - INFO - [2023BPix] MISSING_CENTRAL: SR1E2Mu/Central/jets/4/pt in Skim_TriLep_ggHToZZTo4L.root
2026-05-04 16:05:05,965 - INFO - [2022] MISSING_CENTRAL: SR1E2Mu/Central/jets/4/pt in Skim_TriLep_MuonEG_D.root
2026-05-04 16:05:05,986 - INFO - [2022EE] MISSING_CENTRAL: SR1E2Mu/Central/jets/4/pt in Skim_TriLep_MuonEG_G.root
2026-05-04 16:05:05,995 - INFO - [2023] MISSING_CENTRAL: SR1E2Mu/Central/jets/4/pt in Skim_TriLep_MuonEG_C_v2.root
2026-05-04 16:05:05,996 - INFO - [2023] MISSING_CENTRAL: SR1E2Mu/Central/jets/4/pt in Skim_TriLep_MuonEG_C_v3.root
2026-05-04 16:05:05,997 - INFO - [2023BPix] MISSING_CENTRAL: SR1E2Mu/Central/jets/4/pt in Skim_TriLep_MuonEG_D_v1.root
2026-05-04 16:05:05,997 - INFO - [2023BPix] MISSING_CENTRAL: SR1E2Mu/Central/jets/4/pt in Skim_TriLep_MuonEG_D_v2.root
2026-05-04 16:05:06,008 - INFO - [2022] MISSING_CENTRAL: SR1E2Mu/Central/jets/4/pt in Skim_TriLep_MuonEG_D.root
2026-05-04 16:05:06,008 - INFO - [2022] MISSING_CENTRAL: SR1E2Mu/Central/jets/4/pt in Skim_TriLep_DYJets.root
2026-05-04 16:05:06,009 - INFO - [2022] MISSING_CENTRAL: SR1E2Mu/Central/jets/4/pt in Skim_TriLep_DYJets10to50.root
2026-05-04 16:05:06,010 - INFO - [2022] MISSING_CENTRAL: SR1E2Mu/Central/jets/4/pt in Skim_TriLep_TTG_PTG10to100.root
2026-05-04 16:05:06,010 - INFO - [2022] MISSING_CENTRAL: SR1E2Mu/Central/jets/4/pt in Skim_TriLep_TTG_PTG100to200.root
2026-05-04 16:05:06,101 - INFO - [2022] MISSING_CENTRAL: SR1E2Mu/Central/jets/4/pt in Skim_TriLep_WZTo3LNu_powheg.root
2026-05-04 16:05:06,101 - INFO - [2022] MISSING_CENTRAL: SR1E2Mu/Central/jets/4/pt in Skim_TriLep_ZZTo4L_powheg.root
2026-05-04 16:05:06,114 - INFO - [2022] MISSING_CENTRAL: SR1E2Mu/Central/jets/4/pt in Skim_TriLep_WWW.root
2026-05-04 16:05:06,173 - INFO - [2022] MISSING_CENTRAL: SR1E2Mu/Central/jets/4/pt in Skim_TriLep_VBFHToZZTo4L.root
2026-05-04 16:05:06,174 - INFO - [2022] MISSING_CENTRAL: SR1E2Mu/Central/jets/4/pt in Skim_TriLep_ggHToZZTo4L.root
2026-05-04 16:05:06,174 - INFO - [2022EE] MISSING_CENTRAL: SR1E2Mu/Central/jets/4/pt in Skim_TriLep_MuonEG_E.root
2026-05-04 16:05:06,177 - INFO - [2022EE] MISSING_CENTRAL: SR1E2Mu/Central/jets/4/pt in Skim_TriLep_DYJets.root
2026-05-04 16:05:06,177 - INFO - [2022EE] MISSING_CENTRAL: SR1E2Mu/Central/jets/4/pt in Skim_TriLep_DYJets10to50.root
2026-05-04 16:05:06,193 - INFO - [2022EE] MISSING_CENTRAL: SR1E2Mu/Central/jets/4/pt in Skim_TriLep_TTG_PTG100to200.root
2026-05-04 16:05:06,279 - INFO - [2022EE] MISSING_CENTRAL: SR1E2Mu/Central/jets/4/pt in Skim_TriLep_WZTo3LNu_powheg.root
2026-05-04 16:05:06,310 - INFO - [2022EE] MISSING_CENTRAL: SR1E2Mu/Central/jets/4/pt in Skim_TriLep_WWW.root
2026-05-04 16:05:06,386 - INFO - [2022EE] MISSING_CENTRAL: SR1E2Mu/Central/jets/4/pt in Skim_TriLep_ggHToZZTo4L.root
2026-05-04 16:05:06,391 - INFO - [2023] MISSING_CENTRAL: SR1E2Mu/Central/jets/4/pt in Skim_TriLep_DYJets.root
2026-05-04 16:05:06,392 - INFO - [2023] MISSING_CENTRAL: SR1E2Mu/Central/jets/4/pt in Skim_TriLep_DYJets10to50.root
2026-05-04 16:05:06,406 - INFO - [2023] MISSING_CENTRAL: SR1E2Mu/Central/jets/4/pt in Skim_TriLep_TTG_PTG100to200.root
2026-05-04 16:05:06,501 - INFO - [2023] MISSING_CENTRAL: SR1E2Mu/Central/jets/4/pt in Skim_TriLep_WZTo3LNu_powheg.root
2026-05-04 16:05:06,532 - INFO - [2023] MISSING_CENTRAL: SR1E2Mu/Central/jets/4/pt in Skim_TriLep_WWW.root
2026-05-04 16:05:06,563 - INFO - [2023] MISSING_CENTRAL: SR1E2Mu/Central/jets/4/pt in Skim_TriLep_ZZZ.root
2026-05-04 16:05:06,581 - INFO - [2023] MISSING_CENTRAL: SR1E2Mu/Central/jets/4/pt in Skim_TriLep_VBFHToZZTo4L.root
2026-05-04 16:05:06,582 - INFO - [2023] MISSING_CENTRAL: SR1E2Mu/Central/jets/4/pt in Skim_TriLep_ggHToZZTo4L.root
2026-05-04 16:05:06,584 - INFO - [2023BPix] MISSING_CENTRAL: SR1E2Mu/Central/jets/4/pt in Skim_TriLep_MuonEG_D_v2.root
2026-05-04 16:05:06,585 - INFO - [2023BPix] MISSING_CENTRAL: SR1E2Mu/Central/jets/4/pt in Skim_TriLep_DYJets.root
2026-05-04 16:05:06,585 - INFO - [2023BPix] MISSING_CENTRAL: SR1E2Mu/Central/jets/4/pt in Skim_TriLep_DYJets10to50.root
2026-05-04 16:05:06,586 - INFO - [2023BPix] MISSING_CENTRAL: SR1E2Mu/Central/jets/4/pt in Skim_TriLep_TTG_PTG10to100.root
2026-05-04 16:05:06,587 - INFO - [2023BPix] MISSING_CENTRAL: SR1E2Mu/Central/jets/4/pt in Skim_TriLep_TTG_PTG100to200.root
2026-05-04 16:05:06,588 - INFO - [2023BPix] MISSING_CENTRAL: SR1E2Mu/Central/jets/4/pt in Skim_TriLep_TTG_PTG200toInf.root
2026-05-04 16:05:06,664 - INFO - [2023BPix] MISSING_CENTRAL: SR1E2Mu/Central/jets/4/pt in Skim_TriLep_WZTo3LNu_powheg.root
2026-05-04 16:05:06,696 - INFO - [2023BPix] MISSING_CENTRAL: SR1E2Mu/Central/jets/4/pt in Skim_TriLep_WWW.root
2026-05-04 16:05:06,712 - INFO - [2023BPix] MISSING_CENTRAL: SR1E2Mu/Central/jets/4/pt in Skim_TriLep_WZZ.root
2026-05-04 16:05:06,753 - INFO - [2023BPix] MISSING_CENTRAL: SR1E2Mu/Central/jets/4/pt in Skim_TriLep_VBFHToZZTo4L.root
2026-05-04 16:05:06,754 - INFO - [2023BPix] MISSING_CENTRAL: SR1E2Mu/Central/jets/4/pt in Skim_TriLep_ggHToZZTo4L.root
2026-05-04 17:02:11,410 - INFO - [2022] MISSING_CENTRAL: SR1E2Mu/Central/jets/4/pt in Skim_TriLep_MuonEG_D.root
2026-05-04 17:02:11,446 - INFO - [2022EE] MISSING_CENTRAL: SR1E2Mu/Central/jets/4/pt in Skim_TriLep_MuonEG_G.root
2026-05-04 17:02:11,457 - INFO - [2023] MISSING_CENTRAL: SR1E2Mu/Central/jets/4/pt in Skim_TriLep_MuonEG_C_v2.root
2026-05-04 17:02:11,458 - INFO - [2023] MISSING_CENTRAL: SR1E2Mu/Central/jets/4/pt in Skim_TriLep_MuonEG_C_v3.root
2026-05-04 17:02:11,459 - INFO - [2023BPix] MISSING_CENTRAL: SR1E2Mu/Central/jets/4/pt in Skim_TriLep_MuonEG_D_v1.root
2026-05-04 17:02:11,459 - INFO - [2023BPix] MISSING_CENTRAL: SR1E2Mu/Central/jets/4/pt in Skim_TriLep_MuonEG_D_v2.root
2026-05-04 17:02:11,471 - INFO - [2022] MISSING_CENTRAL: SR1E2Mu/Central/jets/4/pt in Skim_TriLep_MuonEG_D.root
2026-05-04 17:02:11,472 - INFO - [2022] MISSING_CENTRAL: SR1E2Mu/Central/jets/4/pt in Skim_TriLep_DYJets.root
2026-05-04 17:02:11,472 - INFO - [2022] MISSING_CENTRAL: SR1E2Mu/Central/jets/4/pt in Skim_TriLep_DYJets10to50.root
2026-05-04 17:02:11,473 - INFO - [2022] MISSING_CENTRAL: SR1E2Mu/Central/jets/4/pt in Skim_TriLep_TTG_PTG10to100.root
2026-05-04 17:02:11,473 - INFO - [2022] MISSING_CENTRAL: SR1E2Mu/Central/jets/4/pt in Skim_TriLep_TTG_PTG100to200.root
2026-05-04 17:02:11,564 - INFO - [2022] MISSING_CENTRAL: SR1E2Mu/Central/jets/4/pt in Skim_TriLep_WZTo3LNu_powheg.root
2026-05-04 17:02:11,565 - INFO - [2022] MISSING_CENTRAL: SR1E2Mu/Central/jets/4/pt in Skim_TriLep_ZZTo4L_powheg.root
2026-05-04 17:02:11,578 - INFO - [2022] MISSING_CENTRAL: SR1E2Mu/Central/jets/4/pt in Skim_TriLep_WWW.root
2026-05-04 17:02:11,634 - INFO - [2022] MISSING_CENTRAL: SR1E2Mu/Central/jets/4/pt in Skim_TriLep_VBFHToZZTo4L.root
2026-05-04 17:02:11,635 - INFO - [2022] MISSING_CENTRAL: SR1E2Mu/Central/jets/4/pt in Skim_TriLep_ggHToZZTo4L.root
2026-05-04 17:02:11,635 - INFO - [2022EE] MISSING_CENTRAL: SR1E2Mu/Central/jets/4/pt in Skim_TriLep_MuonEG_E.root
2026-05-04 17:02:11,637 - INFO - [2022EE] MISSING_CENTRAL: SR1E2Mu/Central/jets/4/pt in Skim_TriLep_DYJets.root
2026-05-04 17:02:11,638 - INFO - [2022EE] MISSING_CENTRAL: SR1E2Mu/Central/jets/4/pt in Skim_TriLep_DYJets10to50.root
2026-05-04 17:02:11,652 - INFO - [2022EE] MISSING_CENTRAL: SR1E2Mu/Central/jets/4/pt in Skim_TriLep_TTG_PTG100to200.root
2026-05-04 17:02:11,742 - INFO - [2022EE] MISSING_CENTRAL: SR1E2Mu/Central/jets/4/pt in Skim_TriLep_WZTo3LNu_powheg.root
2026-05-04 17:02:11,771 - INFO - [2022EE] MISSING_CENTRAL: SR1E2Mu/Central/jets/4/pt in Skim_TriLep_WWW.root
2026-05-04 17:02:11,848 - INFO - [2022EE] MISSING_CENTRAL: SR1E2Mu/Central/jets/4/pt in Skim_TriLep_ggHToZZTo4L.root
2026-05-04 17:02:11,853 - INFO - [2023] MISSING_CENTRAL: SR1E2Mu/Central/jets/4/pt in Skim_TriLep_DYJets.root
2026-05-04 17:02:11,853 - INFO - [2023] MISSING_CENTRAL: SR1E2Mu/Central/jets/4/pt in Skim_TriLep_DYJets10to50.root
2026-05-04 17:02:11,869 - INFO - [2023] MISSING_CENTRAL: SR1E2Mu/Central/jets/4/pt in Skim_TriLep_TTG_PTG100to200.root
2026-05-04 17:02:11,959 - INFO - [2023] MISSING_CENTRAL: SR1E2Mu/Central/jets/4/pt in Skim_TriLep_WZTo3LNu_powheg.root
2026-05-04 17:02:11,987 - INFO - [2023] MISSING_CENTRAL: SR1E2Mu/Central/jets/4/pt in Skim_TriLep_WWW.root
2026-05-04 17:02:12,019 - INFO - [2023] MISSING_CENTRAL: SR1E2Mu/Central/jets/4/pt in Skim_TriLep_ZZZ.root
2026-05-04 17:02:12,037 - INFO - [2023] MISSING_CENTRAL: SR1E2Mu/Central/jets/4/pt in Skim_TriLep_VBFHToZZTo4L.root
2026-05-04 17:02:12,038 - INFO - [2023] MISSING_CENTRAL: SR1E2Mu/Central/jets/4/pt in Skim_TriLep_ggHToZZTo4L.root
2026-05-04 17:02:12,040 - INFO - [2023BPix] MISSING_CENTRAL: SR1E2Mu/Central/jets/4/pt in Skim_TriLep_MuonEG_D_v2.root
2026-05-04 17:02:12,041 - INFO - [2023BPix] MISSING_CENTRAL: SR1E2Mu/Central/jets/4/pt in Skim_TriLep_DYJets.root
2026-05-04 17:02:12,042 - INFO - [2023BPix] MISSING_CENTRAL: SR1E2Mu/Central/jets/4/pt in Skim_TriLep_DYJets10to50.root
2026-05-04 17:02:12,042 - INFO - [2023BPix] MISSING_CENTRAL: SR1E2Mu/Central/jets/4/pt in Skim_TriLep_TTG_PTG10to100.root
2026-05-04 17:02:12,043 - INFO - [2023BPix] MISSING_CENTRAL: SR1E2Mu/Central/jets/4/pt in Skim_TriLep_TTG_PTG100to200.root
2026-05-04 17:02:12,044 - INFO - [2023BPix] MISSING_CENTRAL: SR1E2Mu/Central/jets/4/pt in Skim_TriLep_TTG_PTG200toInf.root
2026-05-04 17:02:12,123 - INFO - [2023BPix] MISSING_CENTRAL: SR1E2Mu/Central/jets/4/pt in Skim_TriLep_WZTo3LNu_powheg.root
2026-05-04 17:02:12,154 - INFO - [2023BPix] MISSING_CENTRAL: SR1E2Mu/Central/jets/4/pt in Skim_TriLep_WWW.root
2026-05-04 17:02:12,170 - INFO - [2023BPix] MISSING_CENTRAL: SR1E2Mu/Central/jets/4/pt in Skim_TriLep_WZZ.root
2026-05-04 17:02:12,204 - INFO - [2023BPix] MISSING_CENTRAL: SR1E2Mu/Central/jets/4/pt in Skim_TriLep_VBFHToZZTo4L.root
2026-05-04 17:02:12,206 - INFO - [2023BPix] MISSING_CENTRAL: SR1E2Mu/Central/jets/4/pt in Skim_TriLep_ggHToZZTo4L.root
2026-05-04 17:11:58,205 - INFO - [2022] MISSING_CENTRAL: SR1E2Mu/Central/jets/4/pt in Skim_TriLep_MuonEG_D.root
2026-05-04 17:11:58,228 - INFO - [2022EE] MISSING_CENTRAL: SR1E2Mu/Central/jets/4/pt in Skim_TriLep_MuonEG_G.root
2026-05-04 17:11:58,238 - INFO - [2023] MISSING_CENTRAL: SR1E2Mu/Central/jets/4/pt in Skim_TriLep_MuonEG_C_v2.root
2026-05-04 17:11:58,238 - INFO - [2023] MISSING_CENTRAL: SR1E2Mu/Central/jets/4/pt in Skim_TriLep_MuonEG_C_v3.root
2026-05-04 17:11:58,239 - INFO - [2023BPix] MISSING_CENTRAL: SR1E2Mu/Central/jets/4/pt in Skim_TriLep_MuonEG_D_v1.root
2026-05-04 17:11:58,240 - INFO - [2023BPix] MISSING_CENTRAL: SR1E2Mu/Central/jets/4/pt in Skim_TriLep_MuonEG_D_v2.root
2026-05-04 17:11:58,251 - INFO - [2022] MISSING_CENTRAL: SR1E2Mu/Central/jets/4/pt in Skim_TriLep_MuonEG_D.root
2026-05-04 17:11:58,252 - INFO - [2022] MISSING_CENTRAL: SR1E2Mu/Central/jets/4/pt in Skim_TriLep_DYJets.root
2026-05-04 17:11:58,253 - INFO - [2022] MISSING_CENTRAL: SR1E2Mu/Central/jets/4/pt in Skim_TriLep_DYJets10to50.root
2026-05-04 17:11:58,253 - INFO - [2022] MISSING_CENTRAL: SR1E2Mu/Central/jets/4/pt in Skim_TriLep_TTG_PTG10to100.root
2026-05-04 17:11:58,254 - INFO - [2022] MISSING_CENTRAL: SR1E2Mu/Central/jets/4/pt in Skim_TriLep_TTG_PTG100to200.root
2026-05-04 17:11:58,347 - INFO - [2022] MISSING_CENTRAL: SR1E2Mu/Central/jets/4/pt in Skim_TriLep_WZTo3LNu_powheg.root
2026-05-04 17:11:58,348 - INFO - [2022] MISSING_CENTRAL: SR1E2Mu/Central/jets/4/pt in Skim_TriLep_ZZTo4L_powheg.root
2026-05-04 17:11:58,362 - INFO - [2022] MISSING_CENTRAL: SR1E2Mu/Central/jets/4/pt in Skim_TriLep_WWW.root
2026-05-04 17:11:58,420 - INFO - [2022] MISSING_CENTRAL: SR1E2Mu/Central/jets/4/pt in Skim_TriLep_VBFHToZZTo4L.root
2026-05-04 17:11:58,421 - INFO - [2022] MISSING_CENTRAL: SR1E2Mu/Central/jets/4/pt in Skim_TriLep_ggHToZZTo4L.root
2026-05-04 17:11:58,421 - INFO - [2022EE] MISSING_CENTRAL: SR1E2Mu/Central/jets/4/pt in Skim_TriLep_MuonEG_E.root
2026-05-04 17:11:58,424 - INFO - [2022EE] MISSING_CENTRAL: SR1E2Mu/Central/jets/4/pt in Skim_TriLep_DYJets.root
2026-05-04 17:11:58,424 - INFO - [2022EE] MISSING_CENTRAL: SR1E2Mu/Central/jets/4/pt in Skim_TriLep_DYJets10to50.root
2026-05-04 17:11:58,439 - INFO - [2022EE] MISSING_CENTRAL: SR1E2Mu/Central/jets/4/pt in Skim_TriLep_TTG_PTG100to200.root
2026-05-04 17:11:58,528 - INFO - [2022EE] MISSING_CENTRAL: SR1E2Mu/Central/jets/4/pt in Skim_TriLep_WZTo3LNu_powheg.root
2026-05-04 17:11:58,556 - INFO - [2022EE] MISSING_CENTRAL: SR1E2Mu/Central/jets/4/pt in Skim_TriLep_WWW.root
2026-05-04 17:11:58,636 - INFO - [2022EE] MISSING_CENTRAL: SR1E2Mu/Central/jets/4/pt in Skim_TriLep_ggHToZZTo4L.root
2026-05-04 17:11:58,641 - INFO - [2023] MISSING_CENTRAL: SR1E2Mu/Central/jets/4/pt in Skim_TriLep_DYJets.root
2026-05-04 17:11:58,641 - INFO - [2023] MISSING_CENTRAL: SR1E2Mu/Central/jets/4/pt in Skim_TriLep_DYJets10to50.root
2026-05-04 17:11:58,657 - INFO - [2023] MISSING_CENTRAL: SR1E2Mu/Central/jets/4/pt in Skim_TriLep_TTG_PTG100to200.root
2026-05-04 17:11:58,752 - INFO - [2023] MISSING_CENTRAL: SR1E2Mu/Central/jets/4/pt in Skim_TriLep_WZTo3LNu_powheg.root
2026-05-04 17:11:58,784 - INFO - [2023] MISSING_CENTRAL: SR1E2Mu/Central/jets/4/pt in Skim_TriLep_WWW.root
2026-05-04 17:11:58,834 - INFO - [2023] MISSING_CENTRAL: SR1E2Mu/Central/jets/4/pt in Skim_TriLep_ZZZ.root
2026-05-04 17:11:58,852 - INFO - [2023] MISSING_CENTRAL: SR1E2Mu/Central/jets/4/pt in Skim_TriLep_VBFHToZZTo4L.root
2026-05-04 17:11:58,853 - INFO - [2023] MISSING_CENTRAL: SR1E2Mu/Central/jets/4/pt in Skim_TriLep_ggHToZZTo4L.root
2026-05-04 17:11:58,855 - INFO - [2023BPix] MISSING_CENTRAL: SR1E2Mu/Central/jets/4/pt in Skim_TriLep_MuonEG_D_v2.root
2026-05-04 17:11:58,856 - INFO - [2023BPix] MISSING_CENTRAL: SR1E2Mu/Central/jets/4/pt in Skim_TriLep_DYJets.root
2026-05-04 17:11:58,856 - INFO - [2023BPix] MISSING_CENTRAL: SR1E2Mu/Central/jets/4/pt in Skim_TriLep_DYJets10to50.root
2026-05-04 17:11:58,857 - INFO - [2023BPix] MISSING_CENTRAL: SR1E2Mu/Central/jets/4/pt in Skim_TriLep_TTG_PTG10to100.root
2026-05-04 17:11:58,858 - INFO - [2023BPix] MISSING_CENTRAL: SR1E2Mu/Central/jets/4/pt in Skim_TriLep_TTG_PTG100to200.root
2026-05-04 17:11:58,859 - INFO - [2023BPix] MISSING_CENTRAL: SR1E2Mu/Central/jets/4/pt in Skim_TriLep_TTG_PTG200toInf.root
2026-05-04 17:11:58,933 - INFO - [2023BPix] MISSING_CENTRAL: SR1E2Mu/Central/jets/4/pt in Skim_TriLep_WZTo3LNu_powheg.root
2026-05-04 17:11:58,966 - INFO - [2023BPix] MISSING_CENTRAL: SR1E2Mu/Central/jets/4/pt in Skim_TriLep_WWW.root
2026-05-04 17:11:58,982 - INFO - [2023BPix] MISSING_CENTRAL: SR1E2Mu/Central/jets/4/pt in Skim_TriLep_WZZ.root
2026-05-04 17:11:59,015 - INFO - [2023BPix] MISSING_CENTRAL: SR1E2Mu/Central/jets/4/pt in Skim_TriLep_VBFHToZZTo4L.root
2026-05-04 17:11:59,016 - INFO - [2023BPix] MISSING_CENTRAL: SR1E2Mu/Central/jets/4/pt in Skim_TriLep_ggHToZZTo4L.root
2026-05-28 15:39:13,397 - INFO - [2022] MISSING_CENTRAL: SR1E2Mu/Central/jets/4/pt in Skim_TriLep_MuonEG_D.root
2026-05-28 15:39:13,429 - INFO - [2022EE] MISSING_CENTRAL: SR1E2Mu/Central/jets/4/pt in Skim_TriLep_MuonEG_G.root
2026-05-28 15:39:13,450 - INFO - [2023] MISSING_CENTRAL: SR1E2Mu/Central/jets/4/pt in Skim_TriLep_MuonEG_C_v2.root
2026-05-28 15:39:13,451 - INFO - [2023] MISSING_CENTRAL: SR1E2Mu/Central/jets/4/pt in Skim_TriLep_MuonEG_C_v3.root
2026-05-28 15:39:13,453 - INFO - [2023BPix] MISSING_CENTRAL: SR1E2Mu/Central/jets/4/pt in Skim_TriLep_MuonEG_D_v1.root
2026-05-28 15:39:13,454 - INFO - [2023BPix] MISSING_CENTRAL: SR1E2Mu/Central/jets/4/pt in Skim_TriLep_MuonEG_D_v2.root
2026-05-28 15:39:13,472 - INFO - [2022] MISSING_CENTRAL: SR1E2Mu/Central/jets/4/pt in Skim_TriLep_MuonEG_D.root
2026-05-28 15:39:13,486 - INFO - [2022] MISSING_CENTRAL: SR1E2Mu/Central/jets/4/pt in Skim_TriLep_DYJets.root
2026-05-28 15:39:13,487 - INFO - [2022] MISSING_CENTRAL: SR1E2Mu/Central/jets/4/pt in Skim_TriLep_DYJets10to50.root
2026-05-28 15:39:13,488 - INFO - [2022] MISSING_CENTRAL: SR1E2Mu/Central/jets/4/pt in Skim_TriLep_TTG_PTG10to100.root
2026-05-28 15:39:13,490 - INFO - [2022] MISSING_CENTRAL: SR1E2Mu/Central/jets/4/pt in Skim_TriLep_TTG_PTG100to200.root
2026-05-28 15:39:13,679 - INFO - [2022] MISSING_CENTRAL: SR1E2Mu/Central/jets/4/pt in Skim_TriLep_WZTo3LNu_powheg.root
2026-05-28 15:39:13,680 - INFO - [2022] MISSING_CENTRAL: SR1E2Mu/Central/jets/4/pt in Skim_TriLep_ZZTo4L_powheg.root
2026-05-28 15:39:13,706 - INFO - [2022] MISSING_CENTRAL: SR1E2Mu/Central/jets/4/pt in Skim_TriLep_WWW.root
2026-05-28 15:39:13,813 - INFO - [2022] MISSING_CENTRAL: SR1E2Mu/Central/jets/4/pt in Skim_TriLep_VBFHToZZTo4L.root
2026-05-28 15:39:13,815 - INFO - [2022] MISSING_CENTRAL: SR1E2Mu/Central/jets/4/pt in Skim_TriLep_ggHToZZTo4L.root
2026-05-28 15:39:13,816 - INFO - [2022EE] MISSING_CENTRAL: SR1E2Mu/Central/jets/4/pt in Skim_TriLep_MuonEG_E.root
2026-05-28 15:39:13,820 - INFO - [2022EE] MISSING_CENTRAL: SR1E2Mu/Central/jets/4/pt in Skim_TriLep_DYJets.root
2026-05-28 15:39:13,822 - INFO - [2022EE] MISSING_CENTRAL: SR1E2Mu/Central/jets/4/pt in Skim_TriLep_DYJets10to50.root
2026-05-28 15:39:13,848 - INFO - [2022EE] MISSING_CENTRAL: SR1E2Mu/Central/jets/4/pt in Skim_TriLep_TTG_PTG100to200.root
2026-05-28 15:39:14,019 - INFO - [2022EE] MISSING_CENTRAL: SR1E2Mu/Central/jets/4/pt in Skim_TriLep_WZTo3LNu_powheg.root
2026-05-28 15:39:14,072 - INFO - [2022EE] MISSING_CENTRAL: SR1E2Mu/Central/jets/4/pt in Skim_TriLep_WWW.root
2026-05-28 15:39:14,224 - INFO - [2022EE] MISSING_CENTRAL: SR1E2Mu/Central/jets/4/pt in Skim_TriLep_ggHToZZTo4L.root
2026-05-28 15:39:14,234 - INFO - [2023] MISSING_CENTRAL: SR1E2Mu/Central/jets/4/pt in Skim_TriLep_DYJets.root
2026-05-28 15:39:14,236 - INFO - [2023] MISSING_CENTRAL: SR1E2Mu/Central/jets/4/pt in Skim_TriLep_DYJets10to50.root
2026-05-28 15:39:14,266 - INFO - [2023] MISSING_CENTRAL: SR1E2Mu/Central/jets/4/pt in Skim_TriLep_TTG_PTG100to200.root
2026-05-28 15:39:14,432 - INFO - [2023] MISSING_CENTRAL: SR1E2Mu/Central/jets/4/pt in Skim_TriLep_WZTo3LNu_powheg.root
2026-05-28 15:39:14,482 - INFO - [2023] MISSING_CENTRAL: SR1E2Mu/Central/jets/4/pt in Skim_TriLep_WWW.root
2026-05-28 15:39:14,532 - INFO - [2023] MISSING_CENTRAL: SR1E2Mu/Central/jets/4/pt in Skim_TriLep_ZZZ.root
2026-05-28 15:39:14,562 - INFO - [2023] MISSING_CENTRAL: SR1E2Mu/Central/jets/4/pt in Skim_TriLep_VBFHToZZTo4L.root
2026-05-28 15:39:14,566 - INFO - [2023] MISSING_CENTRAL: SR1E2Mu/Central/jets/4/pt in Skim_TriLep_ggHToZZTo4L.root
2026-05-28 15:39:14,574 - INFO - [2023BPix] MISSING_CENTRAL: SR1E2Mu/Central/jets/4/pt in Skim_TriLep_MuonEG_D_v2.root
2026-05-28 15:39:14,579 - INFO - [2023BPix] MISSING_CENTRAL: SR1E2Mu/Central/jets/4/pt in Skim_TriLep_DYJets.root
2026-05-28 15:39:14,593 - INFO - [2023BPix] MISSING_CENTRAL: SR1E2Mu/Central/jets/4/pt in Skim_TriLep_DYJets10to50.root
2026-05-28 15:39:14,595 - INFO - [2023BPix] MISSING_CENTRAL: SR1E2Mu/Central/jets/4/pt in Skim_TriLep_TTG_PTG10to100.root
2026-05-28 15:39:14,596 - INFO - [2023BPix] MISSING_CENTRAL: SR1E2Mu/Central/jets/4/pt in Skim_TriLep_TTG_PTG100to200.root
2026-05-28 15:39:14,598 - INFO - [2023BPix] MISSING_CENTRAL: SR1E2Mu/Central/jets/4/pt in Skim_TriLep_TTG_PTG200toInf.root
2026-05-28 15:39:14,728 - INFO - [2023BPix] MISSING_CENTRAL: SR1E2Mu/Central/jets/4/pt in Skim_TriLep_WZTo3LNu_powheg.root
2026-05-28 15:39:14,777 - INFO - [2023BPix] MISSING_CENTRAL: SR1E2Mu/Central/jets/4/pt in Skim_TriLep_WWW.root
2026-05-28 15:39:14,806 - INFO - [2023BPix] MISSING_CENTRAL: SR1E2Mu/Central/jets/4/pt in Skim_TriLep_WZZ.root
2026-05-28 15:39:14,861 - INFO - [2023BPix] MISSING_CENTRAL: SR1E2Mu/Central/jets/4/pt in Skim_TriLep_VBFHToZZTo4L.root
2026-05-28 15:39:14,864 - INFO - [2023BPix] MISSING_CENTRAL: SR1E2Mu/Central/jets/4/pt in Skim_TriLep_ggHToZZTo4L.root
2026-05-28 15:48:41,276 - INFO - [2022] MISSING_CENTRAL: SR1E2Mu/Central/jets/4/pt in Skim_TriLep_MuonEG_D.root
2026-05-28 15:48:41,316 - INFO - [2022EE] MISSING_CENTRAL: SR1E2Mu/Central/jets/4/pt in Skim_TriLep_MuonEG_G.root
2026-05-28 15:48:41,334 - INFO - [2023] MISSING_CENTRAL: SR1E2Mu/Central/jets/4/pt in Skim_TriLep_MuonEG_C_v2.root
2026-05-28 15:48:41,335 - INFO - [2023] MISSING_CENTRAL: SR1E2Mu/Central/jets/4/pt in Skim_TriLep_MuonEG_C_v3.root
2026-05-28 15:48:41,338 - INFO - [2023BPix] MISSING_CENTRAL: SR1E2Mu/Central/jets/4/pt in Skim_TriLep_MuonEG_D_v1.root
2026-05-28 15:48:41,339 - INFO - [2023BPix] MISSING_CENTRAL: SR1E2Mu/Central/jets/4/pt in Skim_TriLep_MuonEG_D_v2.root
2026-05-28 15:48:41,357 - INFO - [2022] MISSING_CENTRAL: SR1E2Mu/Central/jets/4/pt in Skim_TriLep_MuonEG_D.root
2026-05-28 15:48:41,358 - INFO - [2022] MISSING_CENTRAL: SR1E2Mu/Central/jets/4/pt in Skim_TriLep_DYJets.root
2026-05-28 15:48:41,360 - INFO - [2022] MISSING_CENTRAL: SR1E2Mu/Central/jets/4/pt in Skim_TriLep_DYJets10to50.root
2026-05-28 15:48:41,362 - INFO - [2022] MISSING_CENTRAL: SR1E2Mu/Central/jets/4/pt in Skim_TriLep_TTG_PTG10to100.root
2026-05-28 15:48:41,363 - INFO - [2022] MISSING_CENTRAL: SR1E2Mu/Central/jets/4/pt in Skim_TriLep_TTG_PTG100to200.root
2026-05-28 15:48:41,541 - INFO - [2022] MISSING_CENTRAL: SR1E2Mu/Central/jets/4/pt in Skim_TriLep_WZTo3LNu_powheg.root
2026-05-28 15:48:41,543 - INFO - [2022] MISSING_CENTRAL: SR1E2Mu/Central/jets/4/pt in Skim_TriLep_ZZTo4L_powheg.root
2026-05-28 15:48:41,567 - INFO - [2022] MISSING_CENTRAL: SR1E2Mu/Central/jets/4/pt in Skim_TriLep_WWW.root
2026-05-28 15:48:41,664 - INFO - [2022] MISSING_CENTRAL: SR1E2Mu/Central/jets/4/pt in Skim_TriLep_VBFHToZZTo4L.root
2026-05-28 15:48:41,666 - INFO - [2022] MISSING_CENTRAL: SR1E2Mu/Central/jets/4/pt in Skim_TriLep_ggHToZZTo4L.root
2026-05-28 15:48:41,667 - INFO - [2022EE] MISSING_CENTRAL: SR1E2Mu/Central/jets/4/pt in Skim_TriLep_MuonEG_E.root
2026-05-28 15:48:41,672 - INFO - [2022EE] MISSING_CENTRAL: SR1E2Mu/Central/jets/4/pt in Skim_TriLep_DYJets.root
2026-05-28 15:48:41,673 - INFO - [2022EE] MISSING_CENTRAL: SR1E2Mu/Central/jets/4/pt in Skim_TriLep_DYJets10to50.root
2026-05-28 15:48:41,696 - INFO - [2022EE] MISSING_CENTRAL: SR1E2Mu/Central/jets/4/pt in Skim_TriLep_TTG_PTG100to200.root
2026-05-28 15:48:41,847 - INFO - [2022EE] MISSING_CENTRAL: SR1E2Mu/Central/jets/4/pt in Skim_TriLep_WZTo3LNu_powheg.root
2026-05-28 15:48:41,899 - INFO - [2022EE] MISSING_CENTRAL: SR1E2Mu/Central/jets/4/pt in Skim_TriLep_WWW.root
2026-05-28 15:48:42,031 - INFO - [2022EE] MISSING_CENTRAL: SR1E2Mu/Central/jets/4/pt in Skim_TriLep_ggHToZZTo4L.root
2026-05-28 15:48:42,042 - INFO - [2023] MISSING_CENTRAL: SR1E2Mu/Central/jets/4/pt in Skim_TriLep_DYJets.root
2026-05-28 15:48:42,043 - INFO - [2023] MISSING_CENTRAL: SR1E2Mu/Central/jets/4/pt in Skim_TriLep_DYJets10to50.root
2026-05-28 15:48:42,070 - INFO - [2023] MISSING_CENTRAL: SR1E2Mu/Central/jets/4/pt in Skim_TriLep_TTG_PTG100to200.root
2026-05-28 15:48:42,229 - INFO - [2023] MISSING_CENTRAL: SR1E2Mu/Central/jets/4/pt in Skim_TriLep_WZTo3LNu_powheg.root
2026-05-28 15:48:42,281 - INFO - [2023] MISSING_CENTRAL: SR1E2Mu/Central/jets/4/pt in Skim_TriLep_WWW.root
2026-05-28 15:48:42,333 - INFO - [2023] MISSING_CENTRAL: SR1E2Mu/Central/jets/4/pt in Skim_TriLep_ZZZ.root
2026-05-28 15:48:42,363 - INFO - [2023] MISSING_CENTRAL: SR1E2Mu/Central/jets/4/pt in Skim_TriLep_VBFHToZZTo4L.root
2026-05-28 15:48:42,369 - INFO - [2023] MISSING_CENTRAL: SR1E2Mu/Central/jets/4/pt in Skim_TriLep_ggHToZZTo4L.root
2026-05-28 15:48:42,375 - INFO - [2023BPix] MISSING_CENTRAL: SR1E2Mu/Central/jets/4/pt in Skim_TriLep_MuonEG_D_v2.root
2026-05-28 15:48:42,377 - INFO - [2023BPix] MISSING_CENTRAL: SR1E2Mu/Central/jets/4/pt in Skim_TriLep_DYJets.root
2026-05-28 15:48:42,379 - INFO - [2023BPix] MISSING_CENTRAL: SR1E2Mu/Central/jets/4/pt in Skim_TriLep_DYJets10to50.root
2026-05-28 15:48:42,381 - INFO - [2023BPix] MISSING_CENTRAL: SR1E2Mu/Central/jets/4/pt in Skim_TriLep_TTG_PTG10to100.root
2026-05-28 15:48:42,383 - INFO - [2023BPix] MISSING_CENTRAL: SR1E2Mu/Central/jets/4/pt in Skim_TriLep_TTG_PTG100to200.root
2026-05-28 15:48:42,384 - INFO - [2023BPix] MISSING_CENTRAL: SR1E2Mu/Central/jets/4/pt in Skim_TriLep_TTG_PTG200toInf.root
2026-05-28 15:48:42,534 - INFO - [2023BPix] MISSING_CENTRAL: SR1E2Mu/Central/jets/4/pt in Skim_TriLep_WZTo3LNu_powheg.root
2026-05-28 15:48:42,593 - INFO - [2023BPix] MISSING_CENTRAL: SR1E2Mu/Central/jets/4/pt in Skim_TriLep_WWW.root
2026-05-28 15:48:42,621 - INFO - [2023BPix] MISSING_CENTRAL: SR1E2Mu/Central/jets/4/pt in Skim_TriLep_WZZ.root
2026-05-28 15:48:42,694 - INFO - [2023BPix] MISSING_CENTRAL: SR1E2Mu/Central/jets/4/pt in Skim_TriLep_VBFHToZZTo4L.root
2026-05-28 15:48:42,696 - INFO - [2023BPix] MISSING_CENTRAL: SR1E2Mu/Central/jets/4/pt in Skim_TriLep_ggHToZZTo4L.root
