2026-07-03 14:24:48,319 - INFO - [2018] MISSING_CENTRAL: SR3Mu/Central/NMinusOne/charge_abs1/pair_highM/mass in Skim_TriLep_DYJets10to50.root
2026-07-03 14:32:43,474 - INFO - [2018] MISSING_CENTRAL: SR3Mu/Central/NMinusOne/charge_abs1/pair_highM/mass in Skim_TriLep_DYJets10to50.root
2026-07-03 14:36:00,900 - INFO - [2018] MISSING_CENTRAL: SR3Mu/Central/NMinusOne/charge_abs1/pair_highM/mass in Skim_TriLep_DYJets10to50.root
2026-07-03 14:39:31,927 - INFO - [2018] MISSING_CENTRAL: SR3Mu/Central/NMinusOne/charge_abs1/pair_highM/mass in Skim_TriLep_DYJets10to50.root
2026-07-21 19:45:18,022 - INFO - [2018] MISSING_SYSTEMATIC: SR3Mu/L1Prefire_Up/NMinusOne/charge_abs1/pair_highM/mass in Skim_TriLep_DYJets.root
2026-07-21 19:45:18,022 - INFO - [2018] MISSING_SYSTEMATIC: SR3Mu/L1Prefire_Down/NMinusOne/charge_abs1/pair_highM/mass in Skim_TriLep_DYJets.root
2026-07-21 19:45:18,023 - INFO - [2018] MISSING_SYSTEMATIC: SR3Mu/PileupReweight_Up/NMinusOne/charge_abs1/pair_highM/mass in Skim_TriLep_DYJets.root
2026-07-21 19:45:18,023 - INFO - [2018] MISSING_SYSTEMATIC: SR3Mu/PileupReweight_Down/NMinusOne/charge_abs1/pair_highM/mass in Skim_TriLep_DYJets.root
2026-07-21 19:45:18,024 - INFO - [2018] MISSING_SYSTEMATIC: SR3Mu/PileupJetIDSF_Up/NMinusOne/charge_abs1/pair_highM/mass in Skim_TriLep_DYJets.root
2026-07-21 19:45:18,024 - INFO - [2018] MISSING_SYSTEMATIC: SR3Mu/PileupJetIDSF_Down/NMinusOne/charge_abs1/pair_highM/mass in Skim_TriLep_DYJets.root
2026-07-21 19:45:18,024 - INFO - [2018] MISSING_SYSTEMATIC: SR3Mu/MuonIDSF_Up/NMinusOne/charge_abs1/pair_highM/mass in Skim_TriLep_DYJets.root
2026-07-21 19:45:18,024 - INFO - [2018] MISSING_SYSTEMATIC: SR3Mu/MuonIDSF_Down/NMinusOne/charge_abs1/pair_highM/mass in Skim_TriLep_DYJets.root
2026-07-21 19:45:18,025 - INFO - [2018] MISSING_SYSTEMATIC: SR3Mu/DblMuTrigSF_Up/NMinusOne/charge_abs1/pair_highM/mass in Skim_TriLep_DYJets.root
2026-07-21 19:45:18,025 - INFO - [2018] MISSING_SYSTEMATIC: SR3Mu/DblMuTrigSF_Down/NMinusOne/charge_abs1/pair_highM/mass in Skim_TriLep_DYJets.root
2026-07-21 19:45:18,026 - INFO - [2018] MISSING_SYSTEMATIC: SR3Mu/JetEn_Up/NMinusOne/charge_abs1/pair_highM/mass in Skim_TriLep_DYJets.root
2026-07-21 19:45:18,026 - INFO - [2018] MISSING_SYSTEMATIC: SR3Mu/JetEn_Down/NMinusOne/charge_abs1/pair_highM/mass in Skim_TriLep_DYJets.root
2026-07-21 19:45:18,027 - INFO - [2018] MISSING_SYSTEMATIC: SR3Mu/JetRes_Up/NMinusOne/charge_abs1/pair_highM/mass in Skim_TriLep_DYJets.root
2026-07-21 19:45:18,027 - INFO - [2018] MISSING_SYSTEMATIC: SR3Mu/JetRes_Down/NMinusOne/charge_abs1/pair_highM/mass in Skim_TriLep_DYJets.root
2026-07-21 19:45:18,027 - INFO - [2018] MISSING_SYSTEMATIC: SR3Mu/MuonEn_Up/NMinusOne/charge_abs1/pair_highM/mass in Skim_TriLep_DYJets.root
2026-07-21 19:45:18,027 - INFO - [2018] MISSING_SYSTEMATIC: SR3Mu/MuonEn_Down/NMinusOne/charge_abs1/pair_highM/mass in Skim_TriLep_DYJets.root
2026-07-21 19:45:18,028 - INFO - [2018] MISSING_SYSTEMATIC: SR3Mu/ElectronEn_Up/NMinusOne/charge_abs1/pair_highM/mass in Skim_TriLep_DYJets.root
2026-07-21 19:45:18,028 - INFO - [2018] MISSING_SYSTEMATIC: SR3Mu/ElectronEn_Down/NMinusOne/charge_abs1/pair_highM/mass in Skim_TriLep_DYJets.root
2026-07-21 19:45:18,029 - INFO - [2018] MISSING_SYSTEMATIC: SR3Mu/ElectronRes_Up/NMinusOne/charge_abs1/pair_highM/mass in Skim_TriLep_DYJets.root
2026-07-21 19:45:18,029 - INFO - [2018] MISSING_SYSTEMATIC: SR3Mu/ElectronRes_Down/NMinusOne/charge_abs1/pair_highM/mass in Skim_TriLep_DYJets.root
2026-07-21 19:45:18,029 - INFO - [2018] MISSING_SYSTEMATIC: SR3Mu/UnclusteredEn_Up/NMinusOne/charge_abs1/pair_highM/mass in Skim_TriLep_DYJets.root
2026-07-21 19:45:18,029 - INFO - [2018] MISSING_SYSTEMATIC: SR3Mu/UnclusteredEn_Down/NMinusOne/charge_abs1/pair_highM/mass in Skim_TriLep_DYJets.root
2026-07-21 19:45:18,030 - INFO - [2018] MISSING_SYSTEMATIC: SR3Mu/BtagSF_HFcorr_Up/NMinusOne/charge_abs1/pair_highM/mass in Skim_TriLep_DYJets.root
2026-07-21 19:45:18,030 - INFO - [2018] MISSING_SYSTEMATIC: SR3Mu/BtagSF_HFcorr_Down/NMinusOne/charge_abs1/pair_highM/mass in Skim_TriLep_DYJets.root
2026-07-21 19:45:18,031 - INFO - [2018] MISSING_SYSTEMATIC: SR3Mu/BtagSF_HFuncorr_Up/NMinusOne/charge_abs1/pair_highM/mass in Skim_TriLep_DYJets.root
2026-07-21 19:45:18,031 - INFO - [2018] MISSING_SYSTEMATIC: SR3Mu/BtagSF_HFuncorr_Down/NMinusOne/charge_abs1/pair_highM/mass in Skim_TriLep_DYJets.root
2026-07-21 19:45:18,031 - INFO - [2018] MISSING_SYSTEMATIC: SR3Mu/BtagSF_LFcorr_Up/NMinusOne/charge_abs1/pair_highM/mass in Skim_TriLep_DYJets.root
2026-07-21 19:45:18,031 - INFO - [2018] MISSING_SYSTEMATIC: SR3Mu/BtagSF_LFcorr_Down/NMinusOne/charge_abs1/pair_highM/mass in Skim_TriLep_DYJets.root
2026-07-21 19:45:18,032 - INFO - [2018] MISSING_SYSTEMATIC: SR3Mu/BtagSF_LFuncorr_Up/NMinusOne/charge_abs1/pair_highM/mass in Skim_TriLep_DYJets.root
2026-07-21 19:45:18,032 - INFO - [2018] MISSING_SYSTEMATIC: SR3Mu/BtagSF_LFuncorr_Down/NMinusOne/charge_abs1/pair_highM/mass in Skim_TriLep_DYJets.root
2026-07-21 19:45:18,032 - INFO - [2018] MISSING_CENTRAL: SR3Mu/Central/NMinusOne/charge_abs1/pair_highM/mass in Skim_TriLep_DYJets10to50.root
2026-07-21 19:45:18,033 - INFO - [2018] MISSING_SYSTEMATIC: SR3Mu/L1Prefire_Up/NMinusOne/charge_abs1/pair_highM/mass in Skim_TriLep_TTG.root
2026-07-21 19:45:18,033 - INFO - [2018] MISSING_SYSTEMATIC: SR3Mu/L1Prefire_Down/NMinusOne/charge_abs1/pair_highM/mass in Skim_TriLep_TTG.root
2026-07-21 19:45:18,034 - INFO - [2018] MISSING_SYSTEMATIC: SR3Mu/PileupReweight_Up/NMinusOne/charge_abs1/pair_highM/mass in Skim_TriLep_TTG.root
2026-07-21 19:45:18,034 - INFO - [2018] MISSING_SYSTEMATIC: SR3Mu/PileupReweight_Down/NMinusOne/charge_abs1/pair_highM/mass in Skim_TriLep_TTG.root
2026-07-21 19:45:18,035 - INFO - [2018] MISSING_SYSTEMATIC: SR3Mu/PileupJetIDSF_Up/NMinusOne/charge_abs1/pair_highM/mass in Skim_TriLep_TTG.root
2026-07-21 19:45:18,035 - INFO - [2018] MISSING_SYSTEMATIC: SR3Mu/PileupJetIDSF_Down/NMinusOne/charge_abs1/pair_highM/mass in Skim_TriLep_TTG.root
2026-07-21 19:45:18,035 - INFO - [2018] MISSING_SYSTEMATIC: SR3Mu/MuonIDSF_Up/NMinusOne/charge_abs1/pair_highM/mass in Skim_TriLep_TTG.root
2026-07-21 19:45:18,035 - INFO - [2018] MISSING_SYSTEMATIC: SR3Mu/MuonIDSF_Down/NMinusOne/charge_abs1/pair_highM/mass in Skim_TriLep_TTG.root
2026-07-21 19:45:18,036 - INFO - [2018] MISSING_SYSTEMATIC: SR3Mu/DblMuTrigSF_Up/NMinusOne/charge_abs1/pair_highM/mass in Skim_TriLep_TTG.root
2026-07-21 19:45:18,036 - INFO - [2018] MISSING_SYSTEMATIC: SR3Mu/DblMuTrigSF_Down/NMinusOne/charge_abs1/pair_highM/mass in Skim_TriLep_TTG.root
2026-07-21 19:45:18,037 - INFO - [2018] MISSING_SYSTEMATIC: SR3Mu/JetEn_Up/NMinusOne/charge_abs1/pair_highM/mass in Skim_TriLep_TTG.root
2026-07-21 19:45:18,037 - INFO - [2018] MISSING_SYSTEMATIC: SR3Mu/JetEn_Down/NMinusOne/charge_abs1/pair_highM/mass in Skim_TriLep_TTG.root
2026-07-21 19:45:18,037 - INFO - [2018] MISSING_SYSTEMATIC: SR3Mu/JetRes_Up/NMinusOne/charge_abs1/pair_highM/mass in Skim_TriLep_TTG.root
2026-07-21 19:45:18,037 - INFO - [2018] MISSING_SYSTEMATIC: SR3Mu/JetRes_Down/NMinusOne/charge_abs1/pair_highM/mass in Skim_TriLep_TTG.root
2026-07-21 19:45:18,038 - INFO - [2018] MISSING_SYSTEMATIC: SR3Mu/MuonEn_Up/NMinusOne/charge_abs1/pair_highM/mass in Skim_TriLep_TTG.root
2026-07-21 19:45:18,038 - INFO - [2018] MISSING_SYSTEMATIC: SR3Mu/MuonEn_Down/NMinusOne/charge_abs1/pair_highM/mass in Skim_TriLep_TTG.root
2026-07-21 19:45:18,039 - INFO - [2018] MISSING_SYSTEMATIC: SR3Mu/ElectronEn_Up/NMinusOne/charge_abs1/pair_highM/mass in Skim_TriLep_TTG.root
2026-07-21 19:45:18,039 - INFO - [2018] MISSING_SYSTEMATIC: SR3Mu/ElectronEn_Down/NMinusOne/charge_abs1/pair_highM/mass in Skim_TriLep_TTG.root
2026-07-21 19:45:18,039 - INFO - [2018] MISSING_SYSTEMATIC: SR3Mu/ElectronRes_Up/NMinusOne/charge_abs1/pair_highM/mass in Skim_TriLep_TTG.root
2026-07-21 19:45:18,039 - INFO - [2018] MISSING_SYSTEMATIC: SR3Mu/ElectronRes_Down/NMinusOne/charge_abs1/pair_highM/mass in Skim_TriLep_TTG.root
2026-07-21 19:45:18,040 - INFO - [2018] MISSING_SYSTEMATIC: SR3Mu/UnclusteredEn_Up/NMinusOne/charge_abs1/pair_highM/mass in Skim_TriLep_TTG.root
2026-07-21 19:45:18,040 - INFO - [2018] MISSING_SYSTEMATIC: SR3Mu/UnclusteredEn_Down/NMinusOne/charge_abs1/pair_highM/mass in Skim_TriLep_TTG.root
2026-07-21 19:45:18,041 - INFO - [2018] MISSING_SYSTEMATIC: SR3Mu/BtagSF_HFcorr_Up/NMinusOne/charge_abs1/pair_highM/mass in Skim_TriLep_TTG.root
2026-07-21 19:45:18,041 - INFO - [2018] MISSING_SYSTEMATIC: SR3Mu/BtagSF_HFcorr_Down/NMinusOne/charge_abs1/pair_highM/mass in Skim_TriLep_TTG.root
2026-07-21 19:45:18,041 - INFO - [2018] MISSING_SYSTEMATIC: SR3Mu/BtagSF_HFuncorr_Up/NMinusOne/charge_abs1/pair_highM/mass in Skim_TriLep_TTG.root
2026-07-21 19:45:18,042 - INFO - [2018] MISSING_SYSTEMATIC: SR3Mu/BtagSF_HFuncorr_Down/NMinusOne/charge_abs1/pair_highM/mass in Skim_TriLep_TTG.root
2026-07-21 19:45:18,042 - INFO - [2018] MISSING_SYSTEMATIC: SR3Mu/BtagSF_LFcorr_Up/NMinusOne/charge_abs1/pair_highM/mass in Skim_TriLep_TTG.root
2026-07-21 19:45:18,042 - INFO - [2018] MISSING_SYSTEMATIC: SR3Mu/BtagSF_LFcorr_Down/NMinusOne/charge_abs1/pair_highM/mass in Skim_TriLep_TTG.root
2026-07-21 19:45:18,043 - INFO - [2018] MISSING_SYSTEMATIC: SR3Mu/BtagSF_LFuncorr_Up/NMinusOne/charge_abs1/pair_highM/mass in Skim_TriLep_TTG.root
2026-07-21 19:45:18,043 - INFO - [2018] MISSING_SYSTEMATIC: SR3Mu/BtagSF_LFuncorr_Down/NMinusOne/charge_abs1/pair_highM/mass in Skim_TriLep_TTG.root
2026-07-21 19:45:18,044 - INFO - [2018] MISSING_SYSTEMATIC: SR3Mu/L1Prefire_Up/NMinusOne/charge_abs1/pair_highM/mass in Skim_TriLep_WWG.root
2026-07-21 19:45:18,044 - INFO - [2018] MISSING_SYSTEMATIC: SR3Mu/L1Prefire_Down/NMinusOne/charge_abs1/pair_highM/mass in Skim_TriLep_WWG.root
2026-07-21 19:45:18,045 - INFO - [2018] MISSING_SYSTEMATIC: SR3Mu/PileupReweight_Up/NMinusOne/charge_abs1/pair_highM/mass in Skim_TriLep_WWG.root
2026-07-21 19:45:18,045 - INFO - [2018] MISSING_SYSTEMATIC: SR3Mu/PileupReweight_Down/NMinusOne/charge_abs1/pair_highM/mass in Skim_TriLep_WWG.root
2026-07-21 19:45:18,045 - INFO - [2018] MISSING_SYSTEMATIC: SR3Mu/PileupJetIDSF_Up/NMinusOne/charge_abs1/pair_highM/mass in Skim_TriLep_WWG.root
2026-07-21 19:45:18,045 - INFO - [2018] MISSING_SYSTEMATIC: SR3Mu/PileupJetIDSF_Down/NMinusOne/charge_abs1/pair_highM/mass in Skim_TriLep_WWG.root
2026-07-21 19:45:18,046 - INFO - [2018] MISSING_SYSTEMATIC: SR3Mu/MuonIDSF_Up/NMinusOne/charge_abs1/pair_highM/mass in Skim_TriLep_WWG.root
2026-07-21 19:45:18,046 - INFO - [2018] MISSING_SYSTEMATIC: SR3Mu/MuonIDSF_Down/NMinusOne/charge_abs1/pair_highM/mass in Skim_TriLep_WWG.root
2026-07-21 19:45:18,047 - INFO - [2018] MISSING_SYSTEMATIC: SR3Mu/DblMuTrigSF_Up/NMinusOne/charge_abs1/pair_highM/mass in Skim_TriLep_WWG.root
2026-07-21 19:45:18,047 - INFO - [2018] MISSING_SYSTEMATIC: SR3Mu/DblMuTrigSF_Down/NMinusOne/charge_abs1/pair_highM/mass in Skim_TriLep_WWG.root
2026-07-21 19:45:18,047 - INFO - [2018] MISSING_SYSTEMATIC: SR3Mu/JetEn_Up/NMinusOne/charge_abs1/pair_highM/mass in Skim_TriLep_WWG.root
2026-07-21 19:45:18,047 - INFO - [2018] MISSING_SYSTEMATIC: SR3Mu/JetEn_Down/NMinusOne/charge_abs1/pair_highM/mass in Skim_TriLep_WWG.root
2026-07-21 19:45:18,048 - INFO - [2018] MISSING_SYSTEMATIC: SR3Mu/JetRes_Up/NMinusOne/charge_abs1/pair_highM/mass in Skim_TriLep_WWG.root
2026-07-21 19:45:18,048 - INFO - [2018] MISSING_SYSTEMATIC: SR3Mu/JetRes_Down/NMinusOne/charge_abs1/pair_highM/mass in Skim_TriLep_WWG.root
2026-07-21 19:45:18,049 - INFO - [2018] MISSING_SYSTEMATIC: SR3Mu/MuonEn_Up/NMinusOne/charge_abs1/pair_highM/mass in Skim_TriLep_WWG.root
2026-07-21 19:45:18,049 - INFO - [2018] MISSING_SYSTEMATIC: SR3Mu/MuonEn_Down/NMinusOne/charge_abs1/pair_highM/mass in Skim_TriLep_WWG.root
2026-07-21 19:45:18,049 - INFO - [2018] MISSING_SYSTEMATIC: SR3Mu/ElectronEn_Up/NMinusOne/charge_abs1/pair_highM/mass in Skim_TriLep_WWG.root
2026-07-21 19:45:18,049 - INFO - [2018] MISSING_SYSTEMATIC: SR3Mu/ElectronEn_Down/NMinusOne/charge_abs1/pair_highM/mass in Skim_TriLep_WWG.root
2026-07-21 19:45:18,050 - INFO - [2018] MISSING_SYSTEMATIC: SR3Mu/ElectronRes_Up/NMinusOne/charge_abs1/pair_highM/mass in Skim_TriLep_WWG.root
2026-07-21 19:45:18,050 - INFO - [2018] MISSING_SYSTEMATIC: SR3Mu/ElectronRes_Down/NMinusOne/charge_abs1/pair_highM/mass in Skim_TriLep_WWG.root
2026-07-21 19:45:18,051 - INFO - [2018] MISSING_SYSTEMATIC: SR3Mu/UnclusteredEn_Up/NMinusOne/charge_abs1/pair_highM/mass in Skim_TriLep_WWG.root
2026-07-21 19:45:18,051 - INFO - [2018] MISSING_SYSTEMATIC: SR3Mu/UnclusteredEn_Down/NMinusOne/charge_abs1/pair_highM/mass in Skim_TriLep_WWG.root
2026-07-21 19:45:18,051 - INFO - [2018] MISSING_SYSTEMATIC: SR3Mu/BtagSF_HFcorr_Up/NMinusOne/charge_abs1/pair_highM/mass in Skim_TriLep_WWG.root
2026-07-21 19:45:18,051 - INFO - [2018] MISSING_SYSTEMATIC: SR3Mu/BtagSF_HFcorr_Down/NMinusOne/charge_abs1/pair_highM/mass in Skim_TriLep_WWG.root
2026-07-21 19:45:18,052 - INFO - [2018] MISSING_SYSTEMATIC: SR3Mu/BtagSF_HFuncorr_Up/NMinusOne/charge_abs1/pair_highM/mass in Skim_TriLep_WWG.root
2026-07-21 19:45:18,052 - INFO - [2018] MISSING_SYSTEMATIC: SR3Mu/BtagSF_HFuncorr_Down/NMinusOne/charge_abs1/pair_highM/mass in Skim_TriLep_WWG.root
2026-07-21 19:45:18,053 - INFO - [2018] MISSING_SYSTEMATIC: SR3Mu/BtagSF_LFcorr_Up/NMinusOne/charge_abs1/pair_highM/mass in Skim_TriLep_WWG.root
2026-07-21 19:45:18,053 - INFO - [2018] MISSING_SYSTEMATIC: SR3Mu/BtagSF_LFcorr_Down/NMinusOne/charge_abs1/pair_highM/mass in Skim_TriLep_WWG.root
2026-07-21 19:45:18,053 - INFO - [2018] MISSING_SYSTEMATIC: SR3Mu/BtagSF_LFuncorr_Up/NMinusOne/charge_abs1/pair_highM/mass in Skim_TriLep_WWG.root
2026-07-21 19:45:18,053 - INFO - [2018] MISSING_SYSTEMATIC: SR3Mu/BtagSF_LFuncorr_Down/NMinusOne/charge_abs1/pair_highM/mass in Skim_TriLep_WWG.root
2026-07-21 19:45:18,054 - INFO - [2018] MISSING_SYSTEMATIC: SR3Mu/L1Prefire_Up/NMinusOne/charge_abs1/pair_highM/mass in Skim_TriLep_TTWToLNu.root
2026-07-21 19:45:18,055 - INFO - [2018] MISSING_SYSTEMATIC: SR3Mu/L1Prefire_Down/NMinusOne/charge_abs1/pair_highM/mass in Skim_TriLep_TTWToLNu.root
2026-07-21 19:45:18,055 - INFO - [2018] MISSING_SYSTEMATIC: SR3Mu/PileupReweight_Up/NMinusOne/charge_abs1/pair_highM/mass in Skim_TriLep_TTWToLNu.root
2026-07-21 19:45:18,055 - INFO - [2018] MISSING_SYSTEMATIC: SR3Mu/PileupReweight_Down/NMinusOne/charge_abs1/pair_highM/mass in Skim_TriLep_TTWToLNu.root
2026-07-21 19:45:18,056 - INFO - [2018] MISSING_SYSTEMATIC: SR3Mu/PileupJetIDSF_Up/NMinusOne/charge_abs1/pair_highM/mass in Skim_TriLep_TTWToLNu.root
2026-07-21 19:45:18,056 - INFO - [2018] MISSING_SYSTEMATIC: SR3Mu/PileupJetIDSF_Down/NMinusOne/charge_abs1/pair_highM/mass in Skim_TriLep_TTWToLNu.root
2026-07-21 19:45:18,056 - INFO - [2018] MISSING_SYSTEMATIC: SR3Mu/MuonIDSF_Up/NMinusOne/charge_abs1/pair_highM/mass in Skim_TriLep_TTWToLNu.root
2026-07-21 19:45:18,056 - INFO - [2018] MISSING_SYSTEMATIC: SR3Mu/MuonIDSF_Down/NMinusOne/charge_abs1/pair_highM/mass in Skim_TriLep_TTWToLNu.root
2026-07-21 19:45:18,057 - INFO - [2018] MISSING_SYSTEMATIC: SR3Mu/DblMuTrigSF_Up/NMinusOne/charge_abs1/pair_highM/mass in Skim_TriLep_TTWToLNu.root
2026-07-21 19:45:18,057 - INFO - [2018] MISSING_SYSTEMATIC: SR3Mu/DblMuTrigSF_Down/NMinusOne/charge_abs1/pair_highM/mass in Skim_TriLep_TTWToLNu.root
2026-07-21 19:45:18,058 - INFO - [2018] MISSING_SYSTEMATIC: SR3Mu/JetEn_Up/NMinusOne/charge_abs1/pair_highM/mass in Skim_TriLep_TTWToLNu.root
2026-07-21 19:45:18,058 - INFO - [2018] MISSING_SYSTEMATIC: SR3Mu/JetEn_Down/NMinusOne/charge_abs1/pair_highM/mass in Skim_TriLep_TTWToLNu.root
2026-07-21 19:45:18,058 - INFO - [2018] MISSING_SYSTEMATIC: SR3Mu/JetRes_Up/NMinusOne/charge_abs1/pair_highM/mass in Skim_TriLep_TTWToLNu.root
2026-07-21 19:45:18,058 - INFO - [2018] MISSING_SYSTEMATIC: SR3Mu/JetRes_Down/NMinusOne/charge_abs1/pair_highM/mass in Skim_TriLep_TTWToLNu.root
2026-07-21 19:45:18,059 - INFO - [2018] MISSING_SYSTEMATIC: SR3Mu/MuonEn_Up/NMinusOne/charge_abs1/pair_highM/mass in Skim_TriLep_TTWToLNu.root
2026-07-21 19:45:18,059 - INFO - [2018] MISSING_SYSTEMATIC: SR3Mu/MuonEn_Down/NMinusOne/charge_abs1/pair_highM/mass in Skim_TriLep_TTWToLNu.root
2026-07-21 19:45:18,060 - INFO - [2018] MISSING_SYSTEMATIC: SR3Mu/ElectronEn_Up/NMinusOne/charge_abs1/pair_highM/mass in Skim_TriLep_TTWToLNu.root
2026-07-21 19:45:18,060 - INFO - [2018] MISSING_SYSTEMATIC: SR3Mu/ElectronEn_Down/NMinusOne/charge_abs1/pair_highM/mass in Skim_TriLep_TTWToLNu.root
2026-07-21 19:45:18,060 - INFO - [2018] MISSING_SYSTEMATIC: SR3Mu/ElectronRes_Up/NMinusOne/charge_abs1/pair_highM/mass in Skim_TriLep_TTWToLNu.root
2026-07-21 19:45:18,060 - INFO - [2018] MISSING_SYSTEMATIC: SR3Mu/ElectronRes_Down/NMinusOne/charge_abs1/pair_highM/mass in Skim_TriLep_TTWToLNu.root
2026-07-21 19:45:18,061 - INFO - [2018] MISSING_SYSTEMATIC: SR3Mu/UnclusteredEn_Up/NMinusOne/charge_abs1/pair_highM/mass in Skim_TriLep_TTWToLNu.root
2026-07-21 19:45:18,061 - INFO - [2018] MISSING_SYSTEMATIC: SR3Mu/UnclusteredEn_Down/NMinusOne/charge_abs1/pair_highM/mass in Skim_TriLep_TTWToLNu.root
2026-07-21 19:45:18,062 - INFO - [2018] MISSING_SYSTEMATIC: SR3Mu/BtagSF_HFcorr_Up/NMinusOne/charge_abs1/pair_highM/mass in Skim_TriLep_TTWToLNu.root
2026-07-21 19:45:18,062 - INFO - [2018] MISSING_SYSTEMATIC: SR3Mu/BtagSF_HFcorr_Down/NMinusOne/charge_abs1/pair_highM/mass in Skim_TriLep_TTWToLNu.root
2026-07-21 19:45:18,062 - INFO - [2018] MISSING_SYSTEMATIC: SR3Mu/BtagSF_HFuncorr_Up/NMinusOne/charge_abs1/pair_highM/mass in Skim_TriLep_TTWToLNu.root
2026-07-21 19:45:18,062 - INFO - [2018] MISSING_SYSTEMATIC: SR3Mu/BtagSF_HFuncorr_Down/NMinusOne/charge_abs1/pair_highM/mass in Skim_TriLep_TTWToLNu.root
2026-07-21 19:45:18,063 - INFO - [2018] MISSING_SYSTEMATIC: SR3Mu/BtagSF_LFcorr_Up/NMinusOne/charge_abs1/pair_highM/mass in Skim_TriLep_TTWToLNu.root
2026-07-21 19:45:18,063 - INFO - [2018] MISSING_SYSTEMATIC: SR3Mu/BtagSF_LFcorr_Down/NMinusOne/charge_abs1/pair_highM/mass in Skim_TriLep_TTWToLNu.root
2026-07-21 19:45:18,064 - INFO - [2018] MISSING_SYSTEMATIC: SR3Mu/BtagSF_LFuncorr_Up/NMinusOne/charge_abs1/pair_highM/mass in Skim_TriLep_TTWToLNu.root
2026-07-21 19:45:18,064 - INFO - [2018] MISSING_SYSTEMATIC: SR3Mu/BtagSF_LFuncorr_Down/NMinusOne/charge_abs1/pair_highM/mass in Skim_TriLep_TTWToLNu.root
2026-07-21 19:45:18,065 - INFO - [2018] MISSING_SYSTEMATIC: SR3Mu/L1Prefire_Up/NMinusOne/charge_abs1/pair_highM/mass in Skim_TriLep_TTZToLLNuNu.root
2026-07-21 19:45:18,065 - INFO - [2018] MISSING_SYSTEMATIC: SR3Mu/L1Prefire_Down/NMinusOne/charge_abs1/pair_highM/mass in Skim_TriLep_TTZToLLNuNu.root
2026-07-21 19:45:18,065 - INFO - [2018] MISSING_SYSTEMATIC: SR3Mu/PileupReweight_Up/NMinusOne/charge_abs1/pair_highM/mass in Skim_TriLep_TTZToLLNuNu.root
2026-07-21 19:45:18,065 - INFO - [2018] MISSING_SYSTEMATIC: SR3Mu/PileupReweight_Down/NMinusOne/charge_abs1/pair_highM/mass in Skim_TriLep_TTZToLLNuNu.root
2026-07-21 19:45:18,066 - INFO - [2018] MISSING_SYSTEMATIC: SR3Mu/PileupJetIDSF_Up/NMinusOne/charge_abs1/pair_highM/mass in Skim_TriLep_TTZToLLNuNu.root
2026-07-21 19:45:18,066 - INFO - [2018] MISSING_SYSTEMATIC: SR3Mu/PileupJetIDSF_Down/NMinusOne/charge_abs1/pair_highM/mass in Skim_TriLep_TTZToLLNuNu.root
2026-07-21 19:45:18,067 - INFO - [2018] MISSING_SYSTEMATIC: SR3Mu/MuonIDSF_Up/NMinusOne/charge_abs1/pair_highM/mass in Skim_TriLep_TTZToLLNuNu.root
2026-07-21 19:45:18,067 - INFO - [2018] MISSING_SYSTEMATIC: SR3Mu/MuonIDSF_Down/NMinusOne/charge_abs1/pair_highM/mass in Skim_TriLep_TTZToLLNuNu.root
2026-07-21 19:45:18,067 - INFO - [2018] MISSING_SYSTEMATIC: SR3Mu/DblMuTrigSF_Up/NMinusOne/charge_abs1/pair_highM/mass in Skim_TriLep_TTZToLLNuNu.root
2026-07-21 19:45:18,067 - INFO - [2018] MISSING_SYSTEMATIC: SR3Mu/DblMuTrigSF_Down/NMinusOne/charge_abs1/pair_highM/mass in Skim_TriLep_TTZToLLNuNu.root
2026-07-21 19:45:18,068 - INFO - [2018] MISSING_SYSTEMATIC: SR3Mu/JetEn_Up/NMinusOne/charge_abs1/pair_highM/mass in Skim_TriLep_TTZToLLNuNu.root
2026-07-21 19:45:18,068 - INFO - [2018] MISSING_SYSTEMATIC: SR3Mu/JetEn_Down/NMinusOne/charge_abs1/pair_highM/mass in Skim_TriLep_TTZToLLNuNu.root
2026-07-21 19:45:18,069 - INFO - [2018] MISSING_SYSTEMATIC: SR3Mu/JetRes_Up/NMinusOne/charge_abs1/pair_highM/mass in Skim_TriLep_TTZToLLNuNu.root
2026-07-21 19:45:18,069 - INFO - [2018] MISSING_SYSTEMATIC: SR3Mu/JetRes_Down/NMinusOne/charge_abs1/pair_highM/mass in Skim_TriLep_TTZToLLNuNu.root
2026-07-21 19:45:18,069 - INFO - [2018] MISSING_SYSTEMATIC: SR3Mu/MuonEn_Up/NMinusOne/charge_abs1/pair_highM/mass in Skim_TriLep_TTZToLLNuNu.root
2026-07-21 19:45:18,069 - INFO - [2018] MISSING_SYSTEMATIC: SR3Mu/MuonEn_Down/NMinusOne/charge_abs1/pair_highM/mass in Skim_TriLep_TTZToLLNuNu.root
2026-07-21 19:45:18,070 - INFO - [2018] MISSING_SYSTEMATIC: SR3Mu/ElectronEn_Up/NMinusOne/charge_abs1/pair_highM/mass in Skim_TriLep_TTZToLLNuNu.root
2026-07-21 19:45:18,070 - INFO - [2018] MISSING_SYSTEMATIC: SR3Mu/ElectronEn_Down/NMinusOne/charge_abs1/pair_highM/mass in Skim_TriLep_TTZToLLNuNu.root
2026-07-21 19:45:18,071 - INFO - [2018] MISSING_SYSTEMATIC: SR3Mu/ElectronRes_Up/NMinusOne/charge_abs1/pair_highM/mass in Skim_TriLep_TTZToLLNuNu.root
2026-07-21 19:45:18,071 - INFO - [2018] MISSING_SYSTEMATIC: SR3Mu/ElectronRes_Down/NMinusOne/charge_abs1/pair_highM/mass in Skim_TriLep_TTZToLLNuNu.root
2026-07-21 19:45:18,071 - INFO - [2018] MISSING_SYSTEMATIC: SR3Mu/UnclusteredEn_Up/NMinusOne/charge_abs1/pair_highM/mass in Skim_TriLep_TTZToLLNuNu.root
2026-07-21 19:45:18,071 - INFO - [2018] MISSING_SYSTEMATIC: SR3Mu/UnclusteredEn_Down/NMinusOne/charge_abs1/pair_highM/mass in Skim_TriLep_TTZToLLNuNu.root
2026-07-21 19:45:18,072 - INFO - [2018] MISSING_SYSTEMATIC: SR3Mu/BtagSF_HFcorr_Up/NMinusOne/charge_abs1/pair_highM/mass in Skim_TriLep_TTZToLLNuNu.root
2026-07-21 19:45:18,072 - INFO - [2018] MISSING_SYSTEMATIC: SR3Mu/BtagSF_HFcorr_Down/NMinusOne/charge_abs1/pair_highM/mass in Skim_TriLep_TTZToLLNuNu.root
2026-07-21 19:45:18,073 - INFO - [2018] MISSING_SYSTEMATIC: SR3Mu/BtagSF_HFuncorr_Up/NMinusOne/charge_abs1/pair_highM/mass in Skim_TriLep_TTZToLLNuNu.root
2026-07-21 19:45:18,073 - INFO - [2018] MISSING_SYSTEMATIC: SR3Mu/BtagSF_HFuncorr_Down/NMinusOne/charge_abs1/pair_highM/mass in Skim_TriLep_TTZToLLNuNu.root
2026-07-21 19:45:18,073 - INFO - [2018] MISSING_SYSTEMATIC: SR3Mu/BtagSF_LFcorr_Up/NMinusOne/charge_abs1/pair_highM/mass in Skim_TriLep_TTZToLLNuNu.root
2026-07-21 19:45:18,073 - INFO - [2018] MISSING_SYSTEMATIC: SR3Mu/BtagSF_LFcorr_Down/NMinusOne/charge_abs1/pair_highM/mass in Skim_TriLep_TTZToLLNuNu.root
2026-07-21 19:45:18,074 - INFO - [2018] MISSING_SYSTEMATIC: SR3Mu/BtagSF_LFuncorr_Up/NMinusOne/charge_abs1/pair_highM/mass in Skim_TriLep_TTZToLLNuNu.root
2026-07-21 19:45:18,074 - INFO - [2018] MISSING_SYSTEMATIC: SR3Mu/BtagSF_LFuncorr_Down/NMinusOne/charge_abs1/pair_highM/mass in Skim_TriLep_TTZToLLNuNu.root
2026-07-21 19:45:18,075 - INFO - [2018] MISSING_SYSTEMATIC: SR3Mu/L1Prefire_Up/NMinusOne/charge_abs1/pair_highM/mass in Skim_TriLep_TTHToNonbb.root
2026-07-21 19:45:18,075 - INFO - [2018] MISSING_SYSTEMATIC: SR3Mu/L1Prefire_Down/NMinusOne/charge_abs1/pair_highM/mass in Skim_TriLep_TTHToNonbb.root
2026-07-21 19:45:18,076 - INFO - [2018] MISSING_SYSTEMATIC: SR3Mu/PileupReweight_Up/NMinusOne/charge_abs1/pair_highM/mass in Skim_TriLep_TTHToNonbb.root
2026-07-21 19:45:18,076 - INFO - [2018] MISSING_SYSTEMATIC: SR3Mu/PileupReweight_Down/NMinusOne/charge_abs1/pair_highM/mass in Skim_TriLep_TTHToNonbb.root
2026-07-21 19:45:18,076 - INFO - [2018] MISSING_SYSTEMATIC: SR3Mu/PileupJetIDSF_Up/NMinusOne/charge_abs1/pair_highM/mass in Skim_TriLep_TTHToNonbb.root
2026-07-21 19:45:18,076 - INFO - [2018] MISSING_SYSTEMATIC: SR3Mu/PileupJetIDSF_Down/NMinusOne/charge_abs1/pair_highM/mass in Skim_TriLep_TTHToNonbb.root
2026-07-21 19:45:18,077 - INFO - [2018] MISSING_SYSTEMATIC: SR3Mu/MuonIDSF_Up/NMinusOne/charge_abs1/pair_highM/mass in Skim_TriLep_TTHToNonbb.root
2026-07-21 19:45:18,077 - INFO - [2018] MISSING_SYSTEMATIC: SR3Mu/MuonIDSF_Down/NMinusOne/charge_abs1/pair_highM/mass in Skim_TriLep_TTHToNonbb.root
2026-07-21 19:45:18,078 - INFO - [2018] MISSING_SYSTEMATIC: SR3Mu/DblMuTrigSF_Up/NMinusOne/charge_abs1/pair_highM/mass in Skim_TriLep_TTHToNonbb.root
2026-07-21 19:45:18,078 - INFO - [2018] MISSING_SYSTEMATIC: SR3Mu/DblMuTrigSF_Down/NMinusOne/charge_abs1/pair_highM/mass in Skim_TriLep_TTHToNonbb.root
2026-07-21 19:45:18,078 - INFO - [2018] MISSING_SYSTEMATIC: SR3Mu/JetEn_Up/NMinusOne/charge_abs1/pair_highM/mass in Skim_TriLep_TTHToNonbb.root
2026-07-21 19:45:18,078 - INFO - [2018] MISSING_SYSTEMATIC: SR3Mu/JetEn_Down/NMinusOne/charge_abs1/pair_highM/mass in Skim_TriLep_TTHToNonbb.root
2026-07-21 19:45:18,079 - INFO - [2018] MISSING_SYSTEMATIC: SR3Mu/JetRes_Up/NMinusOne/charge_abs1/pair_highM/mass in Skim_TriLep_TTHToNonbb.root
2026-07-21 19:45:18,079 - INFO - [2018] MISSING_SYSTEMATIC: SR3Mu/JetRes_Down/NMinusOne/charge_abs1/pair_highM/mass in Skim_TriLep_TTHToNonbb.root
2026-07-21 19:45:18,080 - INFO - [2018] MISSING_SYSTEMATIC: SR3Mu/MuonEn_Up/NMinusOne/charge_abs1/pair_highM/mass in Skim_TriLep_TTHToNonbb.root
2026-07-21 19:45:18,080 - INFO - [2018] MISSING_SYSTEMATIC: SR3Mu/MuonEn_Down/NMinusOne/charge_abs1/pair_highM/mass in Skim_TriLep_TTHToNonbb.root
2026-07-21 19:45:18,080 - INFO - [2018] MISSING_SYSTEMATIC: SR3Mu/ElectronEn_Up/NMinusOne/charge_abs1/pair_highM/mass in Skim_TriLep_TTHToNonbb.root
2026-07-21 19:45:18,080 - INFO - [2018] MISSING_SYSTEMATIC: SR3Mu/ElectronEn_Down/NMinusOne/charge_abs1/pair_highM/mass in Skim_TriLep_TTHToNonbb.root
2026-07-21 19:45:18,081 - INFO - [2018] MISSING_SYSTEMATIC: SR3Mu/ElectronRes_Up/NMinusOne/charge_abs1/pair_highM/mass in Skim_TriLep_TTHToNonbb.root
2026-07-21 19:45:18,081 - INFO - [2018] MISSING_SYSTEMATIC: SR3Mu/ElectronRes_Down/NMinusOne/charge_abs1/pair_highM/mass in Skim_TriLep_TTHToNonbb.root
2026-07-21 19:45:18,082 - INFO - [2018] MISSING_SYSTEMATIC: SR3Mu/UnclusteredEn_Up/NMinusOne/charge_abs1/pair_highM/mass in Skim_TriLep_TTHToNonbb.root
2026-07-21 19:45:18,082 - INFO - [2018] MISSING_SYSTEMATIC: SR3Mu/UnclusteredEn_Down/NMinusOne/charge_abs1/pair_highM/mass in Skim_TriLep_TTHToNonbb.root
2026-07-21 19:45:18,082 - INFO - [2018] MISSING_SYSTEMATIC: SR3Mu/BtagSF_HFcorr_Up/NMinusOne/charge_abs1/pair_highM/mass in Skim_TriLep_TTHToNonbb.root
2026-07-21 19:45:18,082 - INFO - [2018] MISSING_SYSTEMATIC: SR3Mu/BtagSF_HFcorr_Down/NMinusOne/charge_abs1/pair_highM/mass in Skim_TriLep_TTHToNonbb.root
2026-07-21 19:45:18,083 - INFO - [2018] MISSING_SYSTEMATIC: SR3Mu/BtagSF_HFuncorr_Up/NMinusOne/charge_abs1/pair_highM/mass in Skim_TriLep_TTHToNonbb.root
2026-07-21 19:45:18,083 - INFO - [2018] MISSING_SYSTEMATIC: SR3Mu/BtagSF_HFuncorr_Down/NMinusOne/charge_abs1/pair_highM/mass in Skim_TriLep_TTHToNonbb.root
2026-07-21 19:45:18,084 - INFO - [2018] MISSING_SYSTEMATIC: SR3Mu/BtagSF_LFcorr_Up/NMinusOne/charge_abs1/pair_highM/mass in Skim_TriLep_TTHToNonbb.root
2026-07-21 19:45:18,084 - INFO - [2018] MISSING_SYSTEMATIC: SR3Mu/BtagSF_LFcorr_Down/NMinusOne/charge_abs1/pair_highM/mass in Skim_TriLep_TTHToNonbb.root
2026-07-21 19:45:18,084 - INFO - [2018] MISSING_SYSTEMATIC: SR3Mu/BtagSF_LFuncorr_Up/NMinusOne/charge_abs1/pair_highM/mass in Skim_TriLep_TTHToNonbb.root
2026-07-21 19:45:18,084 - INFO - [2018] MISSING_SYSTEMATIC: SR3Mu/BtagSF_LFuncorr_Down/NMinusOne/charge_abs1/pair_highM/mass in Skim_TriLep_TTHToNonbb.root
2026-07-21 19:45:18,246 - INFO - [2018] MISSING_SYSTEMATIC: SR3Mu/L1Prefire_Up/NMinusOne/charge_abs1/pair_highM/mass in Skim_TriLep_tZq.root
2026-07-21 19:45:18,246 - INFO - [2018] MISSING_SYSTEMATIC: SR3Mu/L1Prefire_Down/NMinusOne/charge_abs1/pair_highM/mass in Skim_TriLep_tZq.root
2026-07-21 19:45:18,247 - INFO - [2018] MISSING_SYSTEMATIC: SR3Mu/PileupReweight_Up/NMinusOne/charge_abs1/pair_highM/mass in Skim_TriLep_tZq.root
2026-07-21 19:45:18,247 - INFO - [2018] MISSING_SYSTEMATIC: SR3Mu/PileupReweight_Down/NMinusOne/charge_abs1/pair_highM/mass in Skim_TriLep_tZq.root
2026-07-21 19:45:18,247 - INFO - [2018] MISSING_SYSTEMATIC: SR3Mu/PileupJetIDSF_Up/NMinusOne/charge_abs1/pair_highM/mass in Skim_TriLep_tZq.root
2026-07-21 19:45:18,247 - INFO - [2018] MISSING_SYSTEMATIC: SR3Mu/PileupJetIDSF_Down/NMinusOne/charge_abs1/pair_highM/mass in Skim_TriLep_tZq.root
2026-07-21 19:45:18,248 - INFO - [2018] MISSING_SYSTEMATIC: SR3Mu/MuonIDSF_Up/NMinusOne/charge_abs1/pair_highM/mass in Skim_TriLep_tZq.root
2026-07-21 19:45:18,248 - INFO - [2018] MISSING_SYSTEMATIC: SR3Mu/MuonIDSF_Down/NMinusOne/charge_abs1/pair_highM/mass in Skim_TriLep_tZq.root
2026-07-21 19:45:18,249 - INFO - [2018] MISSING_SYSTEMATIC: SR3Mu/DblMuTrigSF_Up/NMinusOne/charge_abs1/pair_highM/mass in Skim_TriLep_tZq.root
2026-07-21 19:45:18,249 - INFO - [2018] MISSING_SYSTEMATIC: SR3Mu/DblMuTrigSF_Down/NMinusOne/charge_abs1/pair_highM/mass in Skim_TriLep_tZq.root
2026-07-21 19:45:18,249 - INFO - [2018] MISSING_SYSTEMATIC: SR3Mu/JetEn_Up/NMinusOne/charge_abs1/pair_highM/mass in Skim_TriLep_tZq.root
2026-07-21 19:45:18,250 - INFO - [2018] MISSING_SYSTEMATIC: SR3Mu/JetEn_Down/NMinusOne/charge_abs1/pair_highM/mass in Skim_TriLep_tZq.root
2026-07-21 19:45:18,250 - INFO - [2018] MISSING_SYSTEMATIC: SR3Mu/JetRes_Up/NMinusOne/charge_abs1/pair_highM/mass in Skim_TriLep_tZq.root
2026-07-21 19:45:18,250 - INFO - [2018] MISSING_SYSTEMATIC: SR3Mu/JetRes_Down/NMinusOne/charge_abs1/pair_highM/mass in Skim_TriLep_tZq.root
2026-07-21 19:45:18,251 - INFO - [2018] MISSING_SYSTEMATIC: SR3Mu/MuonEn_Up/NMinusOne/charge_abs1/pair_highM/mass in Skim_TriLep_tZq.root
2026-07-21 19:45:18,251 - INFO - [2018] MISSING_SYSTEMATIC: SR3Mu/MuonEn_Down/NMinusOne/charge_abs1/pair_highM/mass in Skim_TriLep_tZq.root
2026-07-21 19:45:18,251 - INFO - [2018] MISSING_SYSTEMATIC: SR3Mu/ElectronEn_Up/NMinusOne/charge_abs1/pair_highM/mass in Skim_TriLep_tZq.root
2026-07-21 19:45:18,251 - INFO - [2018] MISSING_SYSTEMATIC: SR3Mu/ElectronEn_Down/NMinusOne/charge_abs1/pair_highM/mass in Skim_TriLep_tZq.root
2026-07-21 19:45:18,252 - INFO - [2018] MISSING_SYSTEMATIC: SR3Mu/ElectronRes_Up/NMinusOne/charge_abs1/pair_highM/mass in Skim_TriLep_tZq.root
2026-07-21 19:45:18,252 - INFO - [2018] MISSING_SYSTEMATIC: SR3Mu/ElectronRes_Down/NMinusOne/charge_abs1/pair_highM/mass in Skim_TriLep_tZq.root
2026-07-21 19:45:18,253 - INFO - [2018] MISSING_SYSTEMATIC: SR3Mu/UnclusteredEn_Up/NMinusOne/charge_abs1/pair_highM/mass in Skim_TriLep_tZq.root
2026-07-21 19:45:18,253 - INFO - [2018] MISSING_SYSTEMATIC: SR3Mu/UnclusteredEn_Down/NMinusOne/charge_abs1/pair_highM/mass in Skim_TriLep_tZq.root
2026-07-21 19:45:18,254 - INFO - [2018] MISSING_SYSTEMATIC: SR3Mu/BtagSF_HFcorr_Up/NMinusOne/charge_abs1/pair_highM/mass in Skim_TriLep_tZq.root
2026-07-21 19:45:18,254 - INFO - [2018] MISSING_SYSTEMATIC: SR3Mu/BtagSF_HFcorr_Down/NMinusOne/charge_abs1/pair_highM/mass in Skim_TriLep_tZq.root
2026-07-21 19:45:18,254 - INFO - [2018] MISSING_SYSTEMATIC: SR3Mu/BtagSF_HFuncorr_Up/NMinusOne/charge_abs1/pair_highM/mass in Skim_TriLep_tZq.root
2026-07-21 19:45:18,254 - INFO - [2018] MISSING_SYSTEMATIC: SR3Mu/BtagSF_HFuncorr_Down/NMinusOne/charge_abs1/pair_highM/mass in Skim_TriLep_tZq.root
2026-07-21 19:45:18,255 - INFO - [2018] MISSING_SYSTEMATIC: SR3Mu/BtagSF_LFcorr_Up/NMinusOne/charge_abs1/pair_highM/mass in Skim_TriLep_tZq.root
2026-07-21 19:45:18,255 - INFO - [2018] MISSING_SYSTEMATIC: SR3Mu/BtagSF_LFcorr_Down/NMinusOne/charge_abs1/pair_highM/mass in Skim_TriLep_tZq.root
2026-07-21 19:45:18,256 - INFO - [2018] MISSING_SYSTEMATIC: SR3Mu/BtagSF_LFuncorr_Up/NMinusOne/charge_abs1/pair_highM/mass in Skim_TriLep_tZq.root
2026-07-21 19:45:18,256 - INFO - [2018] MISSING_SYSTEMATIC: SR3Mu/BtagSF_LFuncorr_Down/NMinusOne/charge_abs1/pair_highM/mass in Skim_TriLep_tZq.root
2026-07-21 19:45:18,257 - INFO - [2018] MISSING_SYSTEMATIC: SR3Mu/L1Prefire_Up/NMinusOne/charge_abs1/pair_highM/mass in Skim_TriLep_WZTo3LNu_amcatnlo.root
2026-07-21 19:45:18,257 - INFO - [2018] MISSING_SYSTEMATIC: SR3Mu/L1Prefire_Down/NMinusOne/charge_abs1/pair_highM/mass in Skim_TriLep_WZTo3LNu_amcatnlo.root
2026-07-21 19:45:18,258 - INFO - [2018] MISSING_SYSTEMATIC: SR3Mu/PileupReweight_Up/NMinusOne/charge_abs1/pair_highM/mass in Skim_TriLep_WZTo3LNu_amcatnlo.root
2026-07-21 19:45:18,258 - INFO - [2018] MISSING_SYSTEMATIC: SR3Mu/PileupReweight_Down/NMinusOne/charge_abs1/pair_highM/mass in Skim_TriLep_WZTo3LNu_amcatnlo.root
2026-07-21 19:45:18,259 - INFO - [2018] MISSING_SYSTEMATIC: SR3Mu/PileupJetIDSF_Up/NMinusOne/charge_abs1/pair_highM/mass in Skim_TriLep_WZTo3LNu_amcatnlo.root
2026-07-21 19:45:18,259 - INFO - [2018] MISSING_SYSTEMATIC: SR3Mu/PileupJetIDSF_Down/NMinusOne/charge_abs1/pair_highM/mass in Skim_TriLep_WZTo3LNu_amcatnlo.root
2026-07-21 19:45:18,259 - INFO - [2018] MISSING_SYSTEMATIC: SR3Mu/MuonIDSF_Up/NMinusOne/charge_abs1/pair_highM/mass in Skim_TriLep_WZTo3LNu_amcatnlo.root
2026-07-21 19:45:18,259 - INFO - [2018] MISSING_SYSTEMATIC: SR3Mu/MuonIDSF_Down/NMinusOne/charge_abs1/pair_highM/mass in Skim_TriLep_WZTo3LNu_amcatnlo.root
2026-07-21 19:45:18,260 - INFO - [2018] MISSING_SYSTEMATIC: SR3Mu/DblMuTrigSF_Up/NMinusOne/charge_abs1/pair_highM/mass in Skim_TriLep_WZTo3LNu_amcatnlo.root
2026-07-21 19:45:18,260 - INFO - [2018] MISSING_SYSTEMATIC: SR3Mu/DblMuTrigSF_Down/NMinusOne/charge_abs1/pair_highM/mass in Skim_TriLep_WZTo3LNu_amcatnlo.root
2026-07-21 19:45:18,261 - INFO - [2018] MISSING_SYSTEMATIC: SR3Mu/JetEn_Up/NMinusOne/charge_abs1/pair_highM/mass in Skim_TriLep_WZTo3LNu_amcatnlo.root
2026-07-21 19:45:18,261 - INFO - [2018] MISSING_SYSTEMATIC: SR3Mu/JetEn_Down/NMinusOne/charge_abs1/pair_highM/mass in Skim_TriLep_WZTo3LNu_amcatnlo.root
2026-07-21 19:45:18,262 - INFO - [2018] MISSING_SYSTEMATIC: SR3Mu/JetRes_Up/NMinusOne/charge_abs1/pair_highM/mass in Skim_TriLep_WZTo3LNu_amcatnlo.root
2026-07-21 19:45:18,262 - INFO - [2018] MISSING_SYSTEMATIC: SR3Mu/JetRes_Down/NMinusOne/charge_abs1/pair_highM/mass in Skim_TriLep_WZTo3LNu_amcatnlo.root
2026-07-21 19:45:18,262 - INFO - [2018] MISSING_SYSTEMATIC: SR3Mu/MuonEn_Up/NMinusOne/charge_abs1/pair_highM/mass in Skim_TriLep_WZTo3LNu_amcatnlo.root
2026-07-21 19:45:18,262 - INFO - [2018] MISSING_SYSTEMATIC: SR3Mu/MuonEn_Down/NMinusOne/charge_abs1/pair_highM/mass in Skim_TriLep_WZTo3LNu_amcatnlo.root
2026-07-21 19:45:18,263 - INFO - [2018] MISSING_SYSTEMATIC: SR3Mu/ElectronEn_Up/NMinusOne/charge_abs1/pair_highM/mass in Skim_TriLep_WZTo3LNu_amcatnlo.root
2026-07-21 19:45:18,263 - INFO - [2018] MISSING_SYSTEMATIC: SR3Mu/ElectronEn_Down/NMinusOne/charge_abs1/pair_highM/mass in Skim_TriLep_WZTo3LNu_amcatnlo.root
2026-07-21 19:45:18,264 - INFO - [2018] MISSING_SYSTEMATIC: SR3Mu/ElectronRes_Up/NMinusOne/charge_abs1/pair_highM/mass in Skim_TriLep_WZTo3LNu_amcatnlo.root
2026-07-21 19:45:18,264 - INFO - [2018] MISSING_SYSTEMATIC: SR3Mu/ElectronRes_Down/NMinusOne/charge_abs1/pair_highM/mass in Skim_TriLep_WZTo3LNu_amcatnlo.root
2026-07-21 19:45:18,264 - INFO - [2018] MISSING_SYSTEMATIC: SR3Mu/UnclusteredEn_Up/NMinusOne/charge_abs1/pair_highM/mass in Skim_TriLep_WZTo3LNu_amcatnlo.root
2026-07-21 19:45:18,264 - INFO - [2018] MISSING_SYSTEMATIC: SR3Mu/UnclusteredEn_Down/NMinusOne/charge_abs1/pair_highM/mass in Skim_TriLep_WZTo3LNu_amcatnlo.root
2026-07-21 19:45:18,265 - INFO - [2018] MISSING_SYSTEMATIC: SR3Mu/BtagSF_HFcorr_Up/NMinusOne/charge_abs1/pair_highM/mass in Skim_TriLep_WZTo3LNu_amcatnlo.root
2026-07-21 19:45:18,265 - INFO - [2018] MISSING_SYSTEMATIC: SR3Mu/BtagSF_HFcorr_Down/NMinusOne/charge_abs1/pair_highM/mass in Skim_TriLep_WZTo3LNu_amcatnlo.root
2026-07-21 19:45:18,266 - INFO - [2018] MISSING_SYSTEMATIC: SR3Mu/BtagSF_HFuncorr_Up/NMinusOne/charge_abs1/pair_highM/mass in Skim_TriLep_WZTo3LNu_amcatnlo.root
2026-07-21 19:45:18,266 - INFO - [2018] MISSING_SYSTEMATIC: SR3Mu/BtagSF_HFuncorr_Down/NMinusOne/charge_abs1/pair_highM/mass in Skim_TriLep_WZTo3LNu_amcatnlo.root
2026-07-21 19:45:18,267 - INFO - [2018] MISSING_SYSTEMATIC: SR3Mu/BtagSF_LFcorr_Up/NMinusOne/charge_abs1/pair_highM/mass in Skim_TriLep_WZTo3LNu_amcatnlo.root
2026-07-21 19:45:18,267 - INFO - [2018] MISSING_SYSTEMATIC: SR3Mu/BtagSF_LFcorr_Down/NMinusOne/charge_abs1/pair_highM/mass in Skim_TriLep_WZTo3LNu_amcatnlo.root
2026-07-21 19:45:18,267 - INFO - [2018] MISSING_SYSTEMATIC: SR3Mu/BtagSF_LFuncorr_Up/NMinusOne/charge_abs1/pair_highM/mass in Skim_TriLep_WZTo3LNu_amcatnlo.root
2026-07-21 19:45:18,267 - INFO - [2018] MISSING_SYSTEMATIC: SR3Mu/BtagSF_LFuncorr_Down/NMinusOne/charge_abs1/pair_highM/mass in Skim_TriLep_WZTo3LNu_amcatnlo.root
2026-07-21 19:45:18,269 - INFO - [2018] MISSING_SYSTEMATIC: SR3Mu/L1Prefire_Up/NMinusOne/charge_abs1/pair_highM/mass in Skim_TriLep_ZZTo4L_powheg.root
2026-07-21 19:45:18,269 - INFO - [2018] MISSING_SYSTEMATIC: SR3Mu/L1Prefire_Down/NMinusOne/charge_abs1/pair_highM/mass in Skim_TriLep_ZZTo4L_powheg.root
2026-07-21 19:45:18,269 - INFO - [2018] MISSING_SYSTEMATIC: SR3Mu/PileupReweight_Up/NMinusOne/charge_abs1/pair_highM/mass in Skim_TriLep_ZZTo4L_powheg.root
2026-07-21 19:45:18,269 - INFO - [2018] MISSING_SYSTEMATIC: SR3Mu/PileupReweight_Down/NMinusOne/charge_abs1/pair_highM/mass in Skim_TriLep_ZZTo4L_powheg.root
2026-07-21 19:45:18,270 - INFO - [2018] MISSING_SYSTEMATIC: SR3Mu/PileupJetIDSF_Up/NMinusOne/charge_abs1/pair_highM/mass in Skim_TriLep_ZZTo4L_powheg.root
2026-07-21 19:45:18,270 - INFO - [2018] MISSING_SYSTEMATIC: SR3Mu/PileupJetIDSF_Down/NMinusOne/charge_abs1/pair_highM/mass in Skim_TriLep_ZZTo4L_powheg.root
2026-07-21 19:45:18,271 - INFO - [2018] MISSING_SYSTEMATIC: SR3Mu/MuonIDSF_Up/NMinusOne/charge_abs1/pair_highM/mass in Skim_TriLep_ZZTo4L_powheg.root
2026-07-21 19:45:18,271 - INFO - [2018] MISSING_SYSTEMATIC: SR3Mu/MuonIDSF_Down/NMinusOne/charge_abs1/pair_highM/mass in Skim_TriLep_ZZTo4L_powheg.root
2026-07-21 19:45:18,272 - INFO - [2018] MISSING_SYSTEMATIC: SR3Mu/DblMuTrigSF_Up/NMinusOne/charge_abs1/pair_highM/mass in Skim_TriLep_ZZTo4L_powheg.root
2026-07-21 19:45:18,272 - INFO - [2018] MISSING_SYSTEMATIC: SR3Mu/DblMuTrigSF_Down/NMinusOne/charge_abs1/pair_highM/mass in Skim_TriLep_ZZTo4L_powheg.root
2026-07-21 19:45:18,272 - INFO - [2018] MISSING_SYSTEMATIC: SR3Mu/JetEn_Up/NMinusOne/charge_abs1/pair_highM/mass in Skim_TriLep_ZZTo4L_powheg.root
2026-07-21 19:45:18,272 - INFO - [2018] MISSING_SYSTEMATIC: SR3Mu/JetEn_Down/NMinusOne/charge_abs1/pair_highM/mass in Skim_TriLep_ZZTo4L_powheg.root
2026-07-21 19:45:18,273 - INFO - [2018] MISSING_SYSTEMATIC: SR3Mu/JetRes_Up/NMinusOne/charge_abs1/pair_highM/mass in Skim_TriLep_ZZTo4L_powheg.root
2026-07-21 19:45:18,273 - INFO - [2018] MISSING_SYSTEMATIC: SR3Mu/JetRes_Down/NMinusOne/charge_abs1/pair_highM/mass in Skim_TriLep_ZZTo4L_powheg.root
2026-07-21 19:45:18,274 - INFO - [2018] MISSING_SYSTEMATIC: SR3Mu/MuonEn_Up/NMinusOne/charge_abs1/pair_highM/mass in Skim_TriLep_ZZTo4L_powheg.root
2026-07-21 19:45:18,274 - INFO - [2018] MISSING_SYSTEMATIC: SR3Mu/MuonEn_Down/NMinusOne/charge_abs1/pair_highM/mass in Skim_TriLep_ZZTo4L_powheg.root
2026-07-21 19:45:18,275 - INFO - [2018] MISSING_SYSTEMATIC: SR3Mu/ElectronEn_Up/NMinusOne/charge_abs1/pair_highM/mass in Skim_TriLep_ZZTo4L_powheg.root
2026-07-21 19:45:18,275 - INFO - [2018] MISSING_SYSTEMATIC: SR3Mu/ElectronEn_Down/NMinusOne/charge_abs1/pair_highM/mass in Skim_TriLep_ZZTo4L_powheg.root
2026-07-21 19:45:18,275 - INFO - [2018] MISSING_SYSTEMATIC: SR3Mu/ElectronRes_Up/NMinusOne/charge_abs1/pair_highM/mass in Skim_TriLep_ZZTo4L_powheg.root
2026-07-21 19:45:18,275 - INFO - [2018] MISSING_SYSTEMATIC: SR3Mu/ElectronRes_Down/NMinusOne/charge_abs1/pair_highM/mass in Skim_TriLep_ZZTo4L_powheg.root
2026-07-21 19:45:18,276 - INFO - [2018] MISSING_SYSTEMATIC: SR3Mu/UnclusteredEn_Up/NMinusOne/charge_abs1/pair_highM/mass in Skim_TriLep_ZZTo4L_powheg.root
2026-07-21 19:45:18,276 - INFO - [2018] MISSING_SYSTEMATIC: SR3Mu/UnclusteredEn_Down/NMinusOne/charge_abs1/pair_highM/mass in Skim_TriLep_ZZTo4L_powheg.root
2026-07-21 19:45:18,277 - INFO - [2018] MISSING_SYSTEMATIC: SR3Mu/BtagSF_HFcorr_Up/NMinusOne/charge_abs1/pair_highM/mass in Skim_TriLep_ZZTo4L_powheg.root
2026-07-21 19:45:18,277 - INFO - [2018] MISSING_SYSTEMATIC: SR3Mu/BtagSF_HFcorr_Down/NMinusOne/charge_abs1/pair_highM/mass in Skim_TriLep_ZZTo4L_powheg.root
2026-07-21 19:45:18,277 - INFO - [2018] MISSING_SYSTEMATIC: SR3Mu/BtagSF_HFuncorr_Up/NMinusOne/charge_abs1/pair_highM/mass in Skim_TriLep_ZZTo4L_powheg.root
2026-07-21 19:45:18,278 - INFO - [2018] MISSING_SYSTEMATIC: SR3Mu/BtagSF_HFuncorr_Down/NMinusOne/charge_abs1/pair_highM/mass in Skim_TriLep_ZZTo4L_powheg.root
2026-07-21 19:45:18,278 - INFO - [2018] MISSING_SYSTEMATIC: SR3Mu/BtagSF_LFcorr_Up/NMinusOne/charge_abs1/pair_highM/mass in Skim_TriLep_ZZTo4L_powheg.root
2026-07-21 19:45:18,278 - INFO - [2018] MISSING_SYSTEMATIC: SR3Mu/BtagSF_LFcorr_Down/NMinusOne/charge_abs1/pair_highM/mass in Skim_TriLep_ZZTo4L_powheg.root
2026-07-21 19:45:18,279 - INFO - [2018] MISSING_SYSTEMATIC: SR3Mu/BtagSF_LFuncorr_Up/NMinusOne/charge_abs1/pair_highM/mass in Skim_TriLep_ZZTo4L_powheg.root
2026-07-21 19:45:18,279 - INFO - [2018] MISSING_SYSTEMATIC: SR3Mu/BtagSF_LFuncorr_Down/NMinusOne/charge_abs1/pair_highM/mass in Skim_TriLep_ZZTo4L_powheg.root
2026-07-21 19:45:18,280 - INFO - [2018] MISSING_SYSTEMATIC: SR3Mu/L1Prefire_Up/NMinusOne/charge_abs1/pair_highM/mass in Skim_TriLep_tHq.root
2026-07-21 19:45:18,280 - INFO - [2018] MISSING_SYSTEMATIC: SR3Mu/L1Prefire_Down/NMinusOne/charge_abs1/pair_highM/mass in Skim_TriLep_tHq.root
2026-07-21 19:45:18,281 - INFO - [2018] MISSING_SYSTEMATIC: SR3Mu/PileupReweight_Up/NMinusOne/charge_abs1/pair_highM/mass in Skim_TriLep_tHq.root
2026-07-21 19:45:18,281 - INFO - [2018] MISSING_SYSTEMATIC: SR3Mu/PileupReweight_Down/NMinusOne/charge_abs1/pair_highM/mass in Skim_TriLep_tHq.root
2026-07-21 19:45:18,282 - INFO - [2018] MISSING_SYSTEMATIC: SR3Mu/PileupJetIDSF_Up/NMinusOne/charge_abs1/pair_highM/mass in Skim_TriLep_tHq.root
2026-07-21 19:45:18,282 - INFO - [2018] MISSING_SYSTEMATIC: SR3Mu/PileupJetIDSF_Down/NMinusOne/charge_abs1/pair_highM/mass in Skim_TriLep_tHq.root
2026-07-21 19:45:18,282 - INFO - [2018] MISSING_SYSTEMATIC: SR3Mu/MuonIDSF_Up/NMinusOne/charge_abs1/pair_highM/mass in Skim_TriLep_tHq.root
2026-07-21 19:45:18,282 - INFO - [2018] MISSING_SYSTEMATIC: SR3Mu/MuonIDSF_Down/NMinusOne/charge_abs1/pair_highM/mass in Skim_TriLep_tHq.root
2026-07-21 19:45:18,283 - INFO - [2018] MISSING_SYSTEMATIC: SR3Mu/DblMuTrigSF_Up/NMinusOne/charge_abs1/pair_highM/mass in Skim_TriLep_tHq.root
2026-07-21 19:45:18,283 - INFO - [2018] MISSING_SYSTEMATIC: SR3Mu/DblMuTrigSF_Down/NMinusOne/charge_abs1/pair_highM/mass in Skim_TriLep_tHq.root
2026-07-21 19:45:18,284 - INFO - [2018] MISSING_SYSTEMATIC: SR3Mu/JetEn_Up/NMinusOne/charge_abs1/pair_highM/mass in Skim_TriLep_tHq.root
2026-07-21 19:45:18,284 - INFO - [2018] MISSING_SYSTEMATIC: SR3Mu/JetEn_Down/NMinusOne/charge_abs1/pair_highM/mass in Skim_TriLep_tHq.root
2026-07-21 19:45:18,284 - INFO - [2018] MISSING_SYSTEMATIC: SR3Mu/JetRes_Up/NMinusOne/charge_abs1/pair_highM/mass in Skim_TriLep_tHq.root
2026-07-21 19:45:18,284 - INFO - [2018] MISSING_SYSTEMATIC: SR3Mu/JetRes_Down/NMinusOne/charge_abs1/pair_highM/mass in Skim_TriLep_tHq.root
2026-07-21 19:45:18,285 - INFO - [2018] MISSING_SYSTEMATIC: SR3Mu/MuonEn_Up/NMinusOne/charge_abs1/pair_highM/mass in Skim_TriLep_tHq.root
2026-07-21 19:45:18,285 - INFO - [2018] MISSING_SYSTEMATIC: SR3Mu/MuonEn_Down/NMinusOne/charge_abs1/pair_highM/mass in Skim_TriLep_tHq.root
2026-07-21 19:45:18,286 - INFO - [2018] MISSING_SYSTEMATIC: SR3Mu/ElectronEn_Up/NMinusOne/charge_abs1/pair_highM/mass in Skim_TriLep_tHq.root
2026-07-21 19:45:18,286 - INFO - [2018] MISSING_SYSTEMATIC: SR3Mu/ElectronEn_Down/NMinusOne/charge_abs1/pair_highM/mass in Skim_TriLep_tHq.root
2026-07-21 19:45:18,287 - INFO - [2018] MISSING_SYSTEMATIC: SR3Mu/ElectronRes_Up/NMinusOne/charge_abs1/pair_highM/mass in Skim_TriLep_tHq.root
2026-07-21 19:45:18,287 - INFO - [2018] MISSING_SYSTEMATIC: SR3Mu/ElectronRes_Down/NMinusOne/charge_abs1/pair_highM/mass in Skim_TriLep_tHq.root
2026-07-21 19:45:18,287 - INFO - [2018] MISSING_SYSTEMATIC: SR3Mu/UnclusteredEn_Up/NMinusOne/charge_abs1/pair_highM/mass in Skim_TriLep_tHq.root
2026-07-21 19:45:18,287 - INFO - [2018] MISSING_SYSTEMATIC: SR3Mu/UnclusteredEn_Down/NMinusOne/charge_abs1/pair_highM/mass in Skim_TriLep_tHq.root
2026-07-21 19:45:18,288 - INFO - [2018] MISSING_SYSTEMATIC: SR3Mu/BtagSF_HFcorr_Up/NMinusOne/charge_abs1/pair_highM/mass in Skim_TriLep_tHq.root
2026-07-21 19:45:18,288 - INFO - [2018] MISSING_SYSTEMATIC: SR3Mu/BtagSF_HFcorr_Down/NMinusOne/charge_abs1/pair_highM/mass in Skim_TriLep_tHq.root
2026-07-21 19:45:18,289 - INFO - [2018] MISSING_SYSTEMATIC: SR3Mu/BtagSF_HFuncorr_Up/NMinusOne/charge_abs1/pair_highM/mass in Skim_TriLep_tHq.root
2026-07-21 19:45:18,289 - INFO - [2018] MISSING_SYSTEMATIC: SR3Mu/BtagSF_HFuncorr_Down/NMinusOne/charge_abs1/pair_highM/mass in Skim_TriLep_tHq.root
2026-07-21 19:45:18,289 - INFO - [2018] MISSING_SYSTEMATIC: SR3Mu/BtagSF_LFcorr_Up/NMinusOne/charge_abs1/pair_highM/mass in Skim_TriLep_tHq.root
2026-07-21 19:45:18,289 - INFO - [2018] MISSING_SYSTEMATIC: SR3Mu/BtagSF_LFcorr_Down/NMinusOne/charge_abs1/pair_highM/mass in Skim_TriLep_tHq.root
2026-07-21 19:45:18,290 - INFO - [2018] MISSING_SYSTEMATIC: SR3Mu/BtagSF_LFuncorr_Up/NMinusOne/charge_abs1/pair_highM/mass in Skim_TriLep_tHq.root
2026-07-21 19:45:18,290 - INFO - [2018] MISSING_SYSTEMATIC: SR3Mu/BtagSF_LFuncorr_Down/NMinusOne/charge_abs1/pair_highM/mass in Skim_TriLep_tHq.root
2026-07-21 19:45:18,291 - INFO - [2018] MISSING_SYSTEMATIC: SR3Mu/L1Prefire_Up/NMinusOne/charge_abs1/pair_highM/mass in Skim_TriLep_tHW.root
2026-07-21 19:45:18,291 - INFO - [2018] MISSING_SYSTEMATIC: SR3Mu/L1Prefire_Down/NMinusOne/charge_abs1/pair_highM/mass in Skim_TriLep_tHW.root
2026-07-21 19:45:18,292 - INFO - [2018] MISSING_SYSTEMATIC: SR3Mu/PileupReweight_Up/NMinusOne/charge_abs1/pair_highM/mass in Skim_TriLep_tHW.root
2026-07-21 19:45:18,292 - INFO - [2018] MISSING_SYSTEMATIC: SR3Mu/PileupReweight_Down/NMinusOne/charge_abs1/pair_highM/mass in Skim_TriLep_tHW.root
2026-07-21 19:45:18,293 - INFO - [2018] MISSING_SYSTEMATIC: SR3Mu/PileupJetIDSF_Up/NMinusOne/charge_abs1/pair_highM/mass in Skim_TriLep_tHW.root
2026-07-21 19:45:18,293 - INFO - [2018] MISSING_SYSTEMATIC: SR3Mu/PileupJetIDSF_Down/NMinusOne/charge_abs1/pair_highM/mass in Skim_TriLep_tHW.root
2026-07-21 19:45:18,294 - INFO - [2018] MISSING_SYSTEMATIC: SR3Mu/MuonIDSF_Up/NMinusOne/charge_abs1/pair_highM/mass in Skim_TriLep_tHW.root
2026-07-21 19:45:18,294 - INFO - [2018] MISSING_SYSTEMATIC: SR3Mu/MuonIDSF_Down/NMinusOne/charge_abs1/pair_highM/mass in Skim_TriLep_tHW.root
2026-07-21 19:45:18,294 - INFO - [2018] MISSING_SYSTEMATIC: SR3Mu/DblMuTrigSF_Up/NMinusOne/charge_abs1/pair_highM/mass in Skim_TriLep_tHW.root
2026-07-21 19:45:18,294 - INFO - [2018] MISSING_SYSTEMATIC: SR3Mu/DblMuTrigSF_Down/NMinusOne/charge_abs1/pair_highM/mass in Skim_TriLep_tHW.root
2026-07-21 19:45:18,295 - INFO - [2018] MISSING_SYSTEMATIC: SR3Mu/JetEn_Up/NMinusOne/charge_abs1/pair_highM/mass in Skim_TriLep_tHW.root
2026-07-21 19:45:18,295 - INFO - [2018] MISSING_SYSTEMATIC: SR3Mu/JetEn_Down/NMinusOne/charge_abs1/pair_highM/mass in Skim_TriLep_tHW.root
2026-07-21 19:45:18,296 - INFO - [2018] MISSING_SYSTEMATIC: SR3Mu/JetRes_Up/NMinusOne/charge_abs1/pair_highM/mass in Skim_TriLep_tHW.root
2026-07-21 19:45:18,296 - INFO - [2018] MISSING_SYSTEMATIC: SR3Mu/JetRes_Down/NMinusOne/charge_abs1/pair_highM/mass in Skim_TriLep_tHW.root
2026-07-21 19:45:18,297 - INFO - [2018] MISSING_SYSTEMATIC: SR3Mu/MuonEn_Up/NMinusOne/charge_abs1/pair_highM/mass in Skim_TriLep_tHW.root
2026-07-21 19:45:18,297 - INFO - [2018] MISSING_SYSTEMATIC: SR3Mu/MuonEn_Down/NMinusOne/charge_abs1/pair_highM/mass in Skim_TriLep_tHW.root
2026-07-21 19:45:18,297 - INFO - [2018] MISSING_SYSTEMATIC: SR3Mu/ElectronEn_Up/NMinusOne/charge_abs1/pair_highM/mass in Skim_TriLep_tHW.root
2026-07-21 19:45:18,297 - INFO - [2018] MISSING_SYSTEMATIC: SR3Mu/ElectronEn_Down/NMinusOne/charge_abs1/pair_highM/mass in Skim_TriLep_tHW.root
2026-07-21 19:45:18,298 - INFO - [2018] MISSING_SYSTEMATIC: SR3Mu/ElectronRes_Up/NMinusOne/charge_abs1/pair_highM/mass in Skim_TriLep_tHW.root
2026-07-21 19:45:18,298 - INFO - [2018] MISSING_SYSTEMATIC: SR3Mu/ElectronRes_Down/NMinusOne/charge_abs1/pair_highM/mass in Skim_TriLep_tHW.root
2026-07-21 19:45:18,299 - INFO - [2018] MISSING_SYSTEMATIC: SR3Mu/UnclusteredEn_Up/NMinusOne/charge_abs1/pair_highM/mass in Skim_TriLep_tHW.root
2026-07-21 19:45:18,299 - INFO - [2018] MISSING_SYSTEMATIC: SR3Mu/UnclusteredEn_Down/NMinusOne/charge_abs1/pair_highM/mass in Skim_TriLep_tHW.root
2026-07-21 19:45:18,300 - INFO - [2018] MISSING_SYSTEMATIC: SR3Mu/BtagSF_HFcorr_Up/NMinusOne/charge_abs1/pair_highM/mass in Skim_TriLep_tHW.root
2026-07-21 19:45:18,300 - INFO - [2018] MISSING_SYSTEMATIC: SR3Mu/BtagSF_HFcorr_Down/NMinusOne/charge_abs1/pair_highM/mass in Skim_TriLep_tHW.root
2026-07-21 19:45:18,300 - INFO - [2018] MISSING_SYSTEMATIC: SR3Mu/BtagSF_HFuncorr_Up/NMinusOne/charge_abs1/pair_highM/mass in Skim_TriLep_tHW.root
2026-07-21 19:45:18,300 - INFO - [2018] MISSING_SYSTEMATIC: SR3Mu/BtagSF_HFuncorr_Down/NMinusOne/charge_abs1/pair_highM/mass in Skim_TriLep_tHW.root
2026-07-21 19:45:18,301 - INFO - [2018] MISSING_SYSTEMATIC: SR3Mu/BtagSF_LFcorr_Up/NMinusOne/charge_abs1/pair_highM/mass in Skim_TriLep_tHW.root
2026-07-21 19:45:18,301 - INFO - [2018] MISSING_SYSTEMATIC: SR3Mu/BtagSF_LFcorr_Down/NMinusOne/charge_abs1/pair_highM/mass in Skim_TriLep_tHW.root
2026-07-21 19:45:18,302 - INFO - [2018] MISSING_SYSTEMATIC: SR3Mu/BtagSF_LFuncorr_Up/NMinusOne/charge_abs1/pair_highM/mass in Skim_TriLep_tHW.root
2026-07-21 19:45:18,302 - INFO - [2018] MISSING_SYSTEMATIC: SR3Mu/BtagSF_LFuncorr_Down/NMinusOne/charge_abs1/pair_highM/mass in Skim_TriLep_tHW.root
2026-07-21 19:45:18,366 - INFO - [2018] MISSING_SYSTEMATIC: SR3Mu/L1Prefire_Up/NMinusOne/charge_abs1/pair_highM/mass in Skim_TriLep_tWZ_thadWlep.root
2026-07-21 19:45:18,366 - INFO - [2018] MISSING_SYSTEMATIC: SR3Mu/L1Prefire_Down/NMinusOne/charge_abs1/pair_highM/mass in Skim_TriLep_tWZ_thadWlep.root
2026-07-21 19:45:18,367 - INFO - [2018] MISSING_SYSTEMATIC: SR3Mu/PileupReweight_Up/NMinusOne/charge_abs1/pair_highM/mass in Skim_TriLep_tWZ_thadWlep.root
2026-07-21 19:45:18,367 - INFO - [2018] MISSING_SYSTEMATIC: SR3Mu/PileupReweight_Down/NMinusOne/charge_abs1/pair_highM/mass in Skim_TriLep_tWZ_thadWlep.root
2026-07-21 19:45:18,368 - INFO - [2018] MISSING_SYSTEMATIC: SR3Mu/PileupJetIDSF_Up/NMinusOne/charge_abs1/pair_highM/mass in Skim_TriLep_tWZ_thadWlep.root
2026-07-21 19:45:18,368 - INFO - [2018] MISSING_SYSTEMATIC: SR3Mu/PileupJetIDSF_Down/NMinusOne/charge_abs1/pair_highM/mass in Skim_TriLep_tWZ_thadWlep.root
2026-07-21 19:45:18,368 - INFO - [2018] MISSING_SYSTEMATIC: SR3Mu/MuonIDSF_Up/NMinusOne/charge_abs1/pair_highM/mass in Skim_TriLep_tWZ_thadWlep.root
2026-07-21 19:45:18,368 - INFO - [2018] MISSING_SYSTEMATIC: SR3Mu/MuonIDSF_Down/NMinusOne/charge_abs1/pair_highM/mass in Skim_TriLep_tWZ_thadWlep.root
2026-07-21 19:45:18,369 - INFO - [2018] MISSING_SYSTEMATIC: SR3Mu/DblMuTrigSF_Up/NMinusOne/charge_abs1/pair_highM/mass in Skim_TriLep_tWZ_thadWlep.root
2026-07-21 19:45:18,369 - INFO - [2018] MISSING_SYSTEMATIC: SR3Mu/DblMuTrigSF_Down/NMinusOne/charge_abs1/pair_highM/mass in Skim_TriLep_tWZ_thadWlep.root
2026-07-21 19:45:18,370 - INFO - [2018] MISSING_SYSTEMATIC: SR3Mu/JetEn_Up/NMinusOne/charge_abs1/pair_highM/mass in Skim_TriLep_tWZ_thadWlep.root
2026-07-21 19:45:18,370 - INFO - [2018] MISSING_SYSTEMATIC: SR3Mu/JetEn_Down/NMinusOne/charge_abs1/pair_highM/mass in Skim_TriLep_tWZ_thadWlep.root
2026-07-21 19:45:18,371 - INFO - [2018] MISSING_SYSTEMATIC: SR3Mu/JetRes_Up/NMinusOne/charge_abs1/pair_highM/mass in Skim_TriLep_tWZ_thadWlep.root
2026-07-21 19:45:18,371 - INFO - [2018] MISSING_SYSTEMATIC: SR3Mu/JetRes_Down/NMinusOne/charge_abs1/pair_highM/mass in Skim_TriLep_tWZ_thadWlep.root
2026-07-21 19:45:18,371 - INFO - [2018] MISSING_SYSTEMATIC: SR3Mu/MuonEn_Up/NMinusOne/charge_abs1/pair_highM/mass in Skim_TriLep_tWZ_thadWlep.root
2026-07-21 19:45:18,371 - INFO - [2018] MISSING_SYSTEMATIC: SR3Mu/MuonEn_Down/NMinusOne/charge_abs1/pair_highM/mass in Skim_TriLep_tWZ_thadWlep.root
2026-07-21 19:45:18,372 - INFO - [2018] MISSING_SYSTEMATIC: SR3Mu/ElectronEn_Up/NMinusOne/charge_abs1/pair_highM/mass in Skim_TriLep_tWZ_thadWlep.root
2026-07-21 19:45:18,372 - INFO - [2018] MISSING_SYSTEMATIC: SR3Mu/ElectronEn_Down/NMinusOne/charge_abs1/pair_highM/mass in Skim_TriLep_tWZ_thadWlep.root
2026-07-21 19:45:18,373 - INFO - [2018] MISSING_SYSTEMATIC: SR3Mu/ElectronRes_Up/NMinusOne/charge_abs1/pair_highM/mass in Skim_TriLep_tWZ_thadWlep.root
2026-07-21 19:45:18,373 - INFO - [2018] MISSING_SYSTEMATIC: SR3Mu/ElectronRes_Down/NMinusOne/charge_abs1/pair_highM/mass in Skim_TriLep_tWZ_thadWlep.root
2026-07-21 19:45:18,373 - INFO - [2018] MISSING_SYSTEMATIC: SR3Mu/UnclusteredEn_Up/NMinusOne/charge_abs1/pair_highM/mass in Skim_TriLep_tWZ_thadWlep.root
2026-07-21 19:45:18,374 - INFO - [2018] MISSING_SYSTEMATIC: SR3Mu/UnclusteredEn_Down/NMinusOne/charge_abs1/pair_highM/mass in Skim_TriLep_tWZ_thadWlep.root
2026-07-21 19:45:18,374 - INFO - [2018] MISSING_SYSTEMATIC: SR3Mu/BtagSF_HFcorr_Up/NMinusOne/charge_abs1/pair_highM/mass in Skim_TriLep_tWZ_thadWlep.root
2026-07-21 19:45:18,374 - INFO - [2018] MISSING_SYSTEMATIC: SR3Mu/BtagSF_HFcorr_Down/NMinusOne/charge_abs1/pair_highM/mass in Skim_TriLep_tWZ_thadWlep.root
2026-07-21 19:45:18,375 - INFO - [2018] MISSING_SYSTEMATIC: SR3Mu/BtagSF_HFuncorr_Up/NMinusOne/charge_abs1/pair_highM/mass in Skim_TriLep_tWZ_thadWlep.root
2026-07-21 19:45:18,375 - INFO - [2018] MISSING_SYSTEMATIC: SR3Mu/BtagSF_HFuncorr_Down/NMinusOne/charge_abs1/pair_highM/mass in Skim_TriLep_tWZ_thadWlep.root
2026-07-21 19:45:18,376 - INFO - [2018] MISSING_SYSTEMATIC: SR3Mu/BtagSF_LFcorr_Up/NMinusOne/charge_abs1/pair_highM/mass in Skim_TriLep_tWZ_thadWlep.root
2026-07-21 19:45:18,376 - INFO - [2018] MISSING_SYSTEMATIC: SR3Mu/BtagSF_LFcorr_Down/NMinusOne/charge_abs1/pair_highM/mass in Skim_TriLep_tWZ_thadWlep.root
2026-07-21 19:45:18,377 - INFO - [2018] MISSING_SYSTEMATIC: SR3Mu/BtagSF_LFuncorr_Up/NMinusOne/charge_abs1/pair_highM/mass in Skim_TriLep_tWZ_thadWlep.root
2026-07-21 19:45:18,377 - INFO - [2018] MISSING_SYSTEMATIC: SR3Mu/BtagSF_LFuncorr_Down/NMinusOne/charge_abs1/pair_highM/mass in Skim_TriLep_tWZ_thadWlep.root
2026-07-21 19:45:18,378 - INFO - [2018] MISSING_SYSTEMATIC: SR3Mu/L1Prefire_Up/NMinusOne/charge_abs1/pair_highM/mass in Skim_TriLep_tWZ_tlepWhad.root
2026-07-21 19:45:18,378 - INFO - [2018] MISSING_SYSTEMATIC: SR3Mu/L1Prefire_Down/NMinusOne/charge_abs1/pair_highM/mass in Skim_TriLep_tWZ_tlepWhad.root
2026-07-21 19:45:18,379 - INFO - [2018] MISSING_SYSTEMATIC: SR3Mu/PileupReweight_Up/NMinusOne/charge_abs1/pair_highM/mass in Skim_TriLep_tWZ_tlepWhad.root
2026-07-21 19:45:18,379 - INFO - [2018] MISSING_SYSTEMATIC: SR3Mu/PileupReweight_Down/NMinusOne/charge_abs1/pair_highM/mass in Skim_TriLep_tWZ_tlepWhad.root
2026-07-21 19:45:18,379 - INFO - [2018] MISSING_SYSTEMATIC: SR3Mu/PileupJetIDSF_Up/NMinusOne/charge_abs1/pair_highM/mass in Skim_TriLep_tWZ_tlepWhad.root
2026-07-21 19:45:18,379 - INFO - [2018] MISSING_SYSTEMATIC: SR3Mu/PileupJetIDSF_Down/NMinusOne/charge_abs1/pair_highM/mass in Skim_TriLep_tWZ_tlepWhad.root
2026-07-21 19:45:18,380 - INFO - [2018] MISSING_SYSTEMATIC: SR3Mu/MuonIDSF_Up/NMinusOne/charge_abs1/pair_highM/mass in Skim_TriLep_tWZ_tlepWhad.root
2026-07-21 19:45:18,380 - INFO - [2018] MISSING_SYSTEMATIC: SR3Mu/MuonIDSF_Down/NMinusOne/charge_abs1/pair_highM/mass in Skim_TriLep_tWZ_tlepWhad.root
2026-07-21 19:45:18,381 - INFO - [2018] MISSING_SYSTEMATIC: SR3Mu/DblMuTrigSF_Up/NMinusOne/charge_abs1/pair_highM/mass in Skim_TriLep_tWZ_tlepWhad.root
2026-07-21 19:45:18,381 - INFO - [2018] MISSING_SYSTEMATIC: SR3Mu/DblMuTrigSF_Down/NMinusOne/charge_abs1/pair_highM/mass in Skim_TriLep_tWZ_tlepWhad.root
2026-07-21 19:45:18,382 - INFO - [2018] MISSING_SYSTEMATIC: SR3Mu/JetEn_Up/NMinusOne/charge_abs1/pair_highM/mass in Skim_TriLep_tWZ_tlepWhad.root
2026-07-21 19:45:18,382 - INFO - [2018] MISSING_SYSTEMATIC: SR3Mu/JetEn_Down/NMinusOne/charge_abs1/pair_highM/mass in Skim_TriLep_tWZ_tlepWhad.root
2026-07-21 19:45:18,382 - INFO - [2018] MISSING_SYSTEMATIC: SR3Mu/JetRes_Up/NMinusOne/charge_abs1/pair_highM/mass in Skim_TriLep_tWZ_tlepWhad.root
2026-07-21 19:45:18,382 - INFO - [2018] MISSING_SYSTEMATIC: SR3Mu/JetRes_Down/NMinusOne/charge_abs1/pair_highM/mass in Skim_TriLep_tWZ_tlepWhad.root
2026-07-21 19:45:18,383 - INFO - [2018] MISSING_SYSTEMATIC: SR3Mu/MuonEn_Up/NMinusOne/charge_abs1/pair_highM/mass in Skim_TriLep_tWZ_tlepWhad.root
2026-07-21 19:45:18,383 - INFO - [2018] MISSING_SYSTEMATIC: SR3Mu/MuonEn_Down/NMinusOne/charge_abs1/pair_highM/mass in Skim_TriLep_tWZ_tlepWhad.root
2026-07-21 19:45:18,384 - INFO - [2018] MISSING_SYSTEMATIC: SR3Mu/ElectronEn_Up/NMinusOne/charge_abs1/pair_highM/mass in Skim_TriLep_tWZ_tlepWhad.root
2026-07-21 19:45:18,384 - INFO - [2018] MISSING_SYSTEMATIC: SR3Mu/ElectronEn_Down/NMinusOne/charge_abs1/pair_highM/mass in Skim_TriLep_tWZ_tlepWhad.root
2026-07-21 19:45:18,384 - INFO - [2018] MISSING_SYSTEMATIC: SR3Mu/ElectronRes_Up/NMinusOne/charge_abs1/pair_highM/mass in Skim_TriLep_tWZ_tlepWhad.root
2026-07-21 19:45:18,385 - INFO - [2018] MISSING_SYSTEMATIC: SR3Mu/ElectronRes_Down/NMinusOne/charge_abs1/pair_highM/mass in Skim_TriLep_tWZ_tlepWhad.root
2026-07-21 19:45:18,385 - INFO - [2018] MISSING_SYSTEMATIC: SR3Mu/UnclusteredEn_Up/NMinusOne/charge_abs1/pair_highM/mass in Skim_TriLep_tWZ_tlepWhad.root
2026-07-21 19:45:18,385 - INFO - [2018] MISSING_SYSTEMATIC: SR3Mu/UnclusteredEn_Down/NMinusOne/charge_abs1/pair_highM/mass in Skim_TriLep_tWZ_tlepWhad.root
2026-07-21 19:45:18,386 - INFO - [2018] MISSING_SYSTEMATIC: SR3Mu/BtagSF_HFcorr_Up/NMinusOne/charge_abs1/pair_highM/mass in Skim_TriLep_tWZ_tlepWhad.root
2026-07-21 19:45:18,386 - INFO - [2018] MISSING_SYSTEMATIC: SR3Mu/BtagSF_HFcorr_Down/NMinusOne/charge_abs1/pair_highM/mass in Skim_TriLep_tWZ_tlepWhad.root
2026-07-21 19:45:18,387 - INFO - [2018] MISSING_SYSTEMATIC: SR3Mu/BtagSF_HFuncorr_Up/NMinusOne/charge_abs1/pair_highM/mass in Skim_TriLep_tWZ_tlepWhad.root
2026-07-21 19:45:18,387 - INFO - [2018] MISSING_SYSTEMATIC: SR3Mu/BtagSF_HFuncorr_Down/NMinusOne/charge_abs1/pair_highM/mass in Skim_TriLep_tWZ_tlepWhad.root
2026-07-21 19:45:18,388 - INFO - [2018] MISSING_SYSTEMATIC: SR3Mu/BtagSF_LFcorr_Up/NMinusOne/charge_abs1/pair_highM/mass in Skim_TriLep_tWZ_tlepWhad.root
2026-07-21 19:45:18,388 - INFO - [2018] MISSING_SYSTEMATIC: SR3Mu/BtagSF_LFcorr_Down/NMinusOne/charge_abs1/pair_highM/mass in Skim_TriLep_tWZ_tlepWhad.root
2026-07-21 19:45:18,388 - INFO - [2018] MISSING_SYSTEMATIC: SR3Mu/BtagSF_LFuncorr_Up/NMinusOne/charge_abs1/pair_highM/mass in Skim_TriLep_tWZ_tlepWhad.root
2026-07-21 19:45:18,388 - INFO - [2018] MISSING_SYSTEMATIC: SR3Mu/BtagSF_LFuncorr_Down/NMinusOne/charge_abs1/pair_highM/mass in Skim_TriLep_tWZ_tlepWhad.root
2026-07-21 19:45:18,390 - INFO - [2018] MISSING_SYSTEMATIC: SR3Mu/L1Prefire_Up/NMinusOne/charge_abs1/pair_highM/mass in Skim_TriLep_tWZ_tlepWlep.root
2026-07-21 19:45:18,390 - INFO - [2018] MISSING_SYSTEMATIC: SR3Mu/L1Prefire_Down/NMinusOne/charge_abs1/pair_highM/mass in Skim_TriLep_tWZ_tlepWlep.root
2026-07-21 19:45:18,390 - INFO - [2018] MISSING_SYSTEMATIC: SR3Mu/PileupReweight_Up/NMinusOne/charge_abs1/pair_highM/mass in Skim_TriLep_tWZ_tlepWlep.root
2026-07-21 19:45:18,390 - INFO - [2018] MISSING_SYSTEMATIC: SR3Mu/PileupReweight_Down/NMinusOne/charge_abs1/pair_highM/mass in Skim_TriLep_tWZ_tlepWlep.root
2026-07-21 19:45:18,391 - INFO - [2018] MISSING_SYSTEMATIC: SR3Mu/PileupJetIDSF_Up/NMinusOne/charge_abs1/pair_highM/mass in Skim_TriLep_tWZ_tlepWlep.root
2026-07-21 19:45:18,391 - INFO - [2018] MISSING_SYSTEMATIC: SR3Mu/PileupJetIDSF_Down/NMinusOne/charge_abs1/pair_highM/mass in Skim_TriLep_tWZ_tlepWlep.root
2026-07-21 19:45:18,392 - INFO - [2018] MISSING_SYSTEMATIC: SR3Mu/MuonIDSF_Up/NMinusOne/charge_abs1/pair_highM/mass in Skim_TriLep_tWZ_tlepWlep.root
2026-07-21 19:45:18,392 - INFO - [2018] MISSING_SYSTEMATIC: SR3Mu/MuonIDSF_Down/NMinusOne/charge_abs1/pair_highM/mass in Skim_TriLep_tWZ_tlepWlep.root
2026-07-21 19:45:18,393 - INFO - [2018] MISSING_SYSTEMATIC: SR3Mu/DblMuTrigSF_Up/NMinusOne/charge_abs1/pair_highM/mass in Skim_TriLep_tWZ_tlepWlep.root
2026-07-21 19:45:18,393 - INFO - [2018] MISSING_SYSTEMATIC: SR3Mu/DblMuTrigSF_Down/NMinusOne/charge_abs1/pair_highM/mass in Skim_TriLep_tWZ_tlepWlep.root
2026-07-21 19:45:18,393 - INFO - [2018] MISSING_SYSTEMATIC: SR3Mu/JetEn_Up/NMinusOne/charge_abs1/pair_highM/mass in Skim_TriLep_tWZ_tlepWlep.root
2026-07-21 19:45:18,393 - INFO - [2018] MISSING_SYSTEMATIC: SR3Mu/JetEn_Down/NMinusOne/charge_abs1/pair_highM/mass in Skim_TriLep_tWZ_tlepWlep.root
2026-07-21 19:45:18,394 - INFO - [2018] MISSING_SYSTEMATIC: SR3Mu/JetRes_Up/NMinusOne/charge_abs1/pair_highM/mass in Skim_TriLep_tWZ_tlepWlep.root
2026-07-21 19:45:18,394 - INFO - [2018] MISSING_SYSTEMATIC: SR3Mu/JetRes_Down/NMinusOne/charge_abs1/pair_highM/mass in Skim_TriLep_tWZ_tlepWlep.root
2026-07-21 19:45:18,395 - INFO - [2018] MISSING_SYSTEMATIC: SR3Mu/MuonEn_Up/NMinusOne/charge_abs1/pair_highM/mass in Skim_TriLep_tWZ_tlepWlep.root
2026-07-21 19:45:18,395 - INFO - [2018] MISSING_SYSTEMATIC: SR3Mu/MuonEn_Down/NMinusOne/charge_abs1/pair_highM/mass in Skim_TriLep_tWZ_tlepWlep.root
2026-07-21 19:45:18,395 - INFO - [2018] MISSING_SYSTEMATIC: SR3Mu/ElectronEn_Up/NMinusOne/charge_abs1/pair_highM/mass in Skim_TriLep_tWZ_tlepWlep.root
2026-07-21 19:45:18,396 - INFO - [2018] MISSING_SYSTEMATIC: SR3Mu/ElectronEn_Down/NMinusOne/charge_abs1/pair_highM/mass in Skim_TriLep_tWZ_tlepWlep.root
2026-07-21 19:45:18,396 - INFO - [2018] MISSING_SYSTEMATIC: SR3Mu/ElectronRes_Up/NMinusOne/charge_abs1/pair_highM/mass in Skim_TriLep_tWZ_tlepWlep.root
2026-07-21 19:45:18,396 - INFO - [2018] MISSING_SYSTEMATIC: SR3Mu/ElectronRes_Down/NMinusOne/charge_abs1/pair_highM/mass in Skim_TriLep_tWZ_tlepWlep.root
2026-07-21 19:45:18,397 - INFO - [2018] MISSING_SYSTEMATIC: SR3Mu/UnclusteredEn_Up/NMinusOne/charge_abs1/pair_highM/mass in Skim_TriLep_tWZ_tlepWlep.root
2026-07-21 19:45:18,397 - INFO - [2018] MISSING_SYSTEMATIC: SR3Mu/UnclusteredEn_Down/NMinusOne/charge_abs1/pair_highM/mass in Skim_TriLep_tWZ_tlepWlep.root
2026-07-21 19:45:18,398 - INFO - [2018] MISSING_SYSTEMATIC: SR3Mu/BtagSF_HFcorr_Up/NMinusOne/charge_abs1/pair_highM/mass in Skim_TriLep_tWZ_tlepWlep.root
2026-07-21 19:45:18,398 - INFO - [2018] MISSING_SYSTEMATIC: SR3Mu/BtagSF_HFcorr_Down/NMinusOne/charge_abs1/pair_highM/mass in Skim_TriLep_tWZ_tlepWlep.root
2026-07-21 19:45:18,398 - INFO - [2018] MISSING_SYSTEMATIC: SR3Mu/BtagSF_HFuncorr_Up/NMinusOne/charge_abs1/pair_highM/mass in Skim_TriLep_tWZ_tlepWlep.root
2026-07-21 19:45:18,398 - INFO - [2018] MISSING_SYSTEMATIC: SR3Mu/BtagSF_HFuncorr_Down/NMinusOne/charge_abs1/pair_highM/mass in Skim_TriLep_tWZ_tlepWlep.root
2026-07-21 19:45:18,399 - INFO - [2018] MISSING_SYSTEMATIC: SR3Mu/BtagSF_LFcorr_Up/NMinusOne/charge_abs1/pair_highM/mass in Skim_TriLep_tWZ_tlepWlep.root
2026-07-21 19:45:18,399 - INFO - [2018] MISSING_SYSTEMATIC: SR3Mu/BtagSF_LFcorr_Down/NMinusOne/charge_abs1/pair_highM/mass in Skim_TriLep_tWZ_tlepWlep.root
2026-07-21 19:45:18,400 - INFO - [2018] MISSING_SYSTEMATIC: SR3Mu/BtagSF_LFuncorr_Up/NMinusOne/charge_abs1/pair_highM/mass in Skim_TriLep_tWZ_tlepWlep.root
2026-07-21 19:45:18,400 - INFO - [2018] MISSING_SYSTEMATIC: SR3Mu/BtagSF_LFuncorr_Down/NMinusOne/charge_abs1/pair_highM/mass in Skim_TriLep_tWZ_tlepWlep.root
2026-07-21 19:45:18,401 - INFO - [2018] MISSING_SYSTEMATIC: SR3Mu/L1Prefire_Up/NMinusOne/charge_abs1/pair_highM/mass in Skim_TriLep_WWW.root
2026-07-21 19:45:18,401 - INFO - [2018] MISSING_SYSTEMATIC: SR3Mu/L1Prefire_Down/NMinusOne/charge_abs1/pair_highM/mass in Skim_TriLep_WWW.root
2026-07-21 19:45:18,402 - INFO - [2018] MISSING_SYSTEMATIC: SR3Mu/PileupReweight_Up/NMinusOne/charge_abs1/pair_highM/mass in Skim_TriLep_WWW.root
2026-07-21 19:45:18,402 - INFO - [2018] MISSING_SYSTEMATIC: SR3Mu/PileupReweight_Down/NMinusOne/charge_abs1/pair_highM/mass in Skim_TriLep_WWW.root
2026-07-21 19:45:18,403 - INFO - [2018] MISSING_SYSTEMATIC: SR3Mu/PileupJetIDSF_Up/NMinusOne/charge_abs1/pair_highM/mass in Skim_TriLep_WWW.root
2026-07-21 19:45:18,403 - INFO - [2018] MISSING_SYSTEMATIC: SR3Mu/PileupJetIDSF_Down/NMinusOne/charge_abs1/pair_highM/mass in Skim_TriLep_WWW.root
2026-07-21 19:45:18,403 - INFO - [2018] MISSING_SYSTEMATIC: SR3Mu/MuonIDSF_Up/NMinusOne/charge_abs1/pair_highM/mass in Skim_TriLep_WWW.root
2026-07-21 19:45:18,403 - INFO - [2018] MISSING_SYSTEMATIC: SR3Mu/MuonIDSF_Down/NMinusOne/charge_abs1/pair_highM/mass in Skim_TriLep_WWW.root
2026-07-21 19:45:18,404 - INFO - [2018] MISSING_SYSTEMATIC: SR3Mu/DblMuTrigSF_Up/NMinusOne/charge_abs1/pair_highM/mass in Skim_TriLep_WWW.root
2026-07-21 19:45:18,404 - INFO - [2018] MISSING_SYSTEMATIC: SR3Mu/DblMuTrigSF_Down/NMinusOne/charge_abs1/pair_highM/mass in Skim_TriLep_WWW.root
2026-07-21 19:45:18,405 - INFO - [2018] MISSING_SYSTEMATIC: SR3Mu/JetEn_Up/NMinusOne/charge_abs1/pair_highM/mass in Skim_TriLep_WWW.root
2026-07-21 19:45:18,405 - INFO - [2018] MISSING_SYSTEMATIC: SR3Mu/JetEn_Down/NMinusOne/charge_abs1/pair_highM/mass in Skim_TriLep_WWW.root
2026-07-21 19:45:18,406 - INFO - [2018] MISSING_SYSTEMATIC: SR3Mu/JetRes_Up/NMinusOne/charge_abs1/pair_highM/mass in Skim_TriLep_WWW.root
2026-07-21 19:45:18,406 - INFO - [2018] MISSING_SYSTEMATIC: SR3Mu/JetRes_Down/NMinusOne/charge_abs1/pair_highM/mass in Skim_TriLep_WWW.root
2026-07-21 19:45:18,406 - INFO - [2018] MISSING_SYSTEMATIC: SR3Mu/MuonEn_Up/NMinusOne/charge_abs1/pair_highM/mass in Skim_TriLep_WWW.root
2026-07-21 19:45:18,406 - INFO - [2018] MISSING_SYSTEMATIC: SR3Mu/MuonEn_Down/NMinusOne/charge_abs1/pair_highM/mass in Skim_TriLep_WWW.root
2026-07-21 19:45:18,407 - INFO - [2018] MISSING_SYSTEMATIC: SR3Mu/ElectronEn_Up/NMinusOne/charge_abs1/pair_highM/mass in Skim_TriLep_WWW.root
2026-07-21 19:45:18,407 - INFO - [2018] MISSING_SYSTEMATIC: SR3Mu/ElectronEn_Down/NMinusOne/charge_abs1/pair_highM/mass in Skim_TriLep_WWW.root
2026-07-21 19:45:18,408 - INFO - [2018] MISSING_SYSTEMATIC: SR3Mu/ElectronRes_Up/NMinusOne/charge_abs1/pair_highM/mass in Skim_TriLep_WWW.root
2026-07-21 19:45:18,408 - INFO - [2018] MISSING_SYSTEMATIC: SR3Mu/ElectronRes_Down/NMinusOne/charge_abs1/pair_highM/mass in Skim_TriLep_WWW.root
2026-07-21 19:45:18,409 - INFO - [2018] MISSING_SYSTEMATIC: SR3Mu/UnclusteredEn_Up/NMinusOne/charge_abs1/pair_highM/mass in Skim_TriLep_WWW.root
2026-07-21 19:45:18,409 - INFO - [2018] MISSING_SYSTEMATIC: SR3Mu/UnclusteredEn_Down/NMinusOne/charge_abs1/pair_highM/mass in Skim_TriLep_WWW.root
2026-07-21 19:45:18,409 - INFO - [2018] MISSING_SYSTEMATIC: SR3Mu/BtagSF_HFcorr_Up/NMinusOne/charge_abs1/pair_highM/mass in Skim_TriLep_WWW.root
2026-07-21 19:45:18,409 - INFO - [2018] MISSING_SYSTEMATIC: SR3Mu/BtagSF_HFcorr_Down/NMinusOne/charge_abs1/pair_highM/mass in Skim_TriLep_WWW.root
2026-07-21 19:45:18,410 - INFO - [2018] MISSING_SYSTEMATIC: SR3Mu/BtagSF_HFuncorr_Up/NMinusOne/charge_abs1/pair_highM/mass in Skim_TriLep_WWW.root
2026-07-21 19:45:18,410 - INFO - [2018] MISSING_SYSTEMATIC: SR3Mu/BtagSF_HFuncorr_Down/NMinusOne/charge_abs1/pair_highM/mass in Skim_TriLep_WWW.root
2026-07-21 19:45:18,411 - INFO - [2018] MISSING_SYSTEMATIC: SR3Mu/BtagSF_LFcorr_Up/NMinusOne/charge_abs1/pair_highM/mass in Skim_TriLep_WWW.root
2026-07-21 19:45:18,411 - INFO - [2018] MISSING_SYSTEMATIC: SR3Mu/BtagSF_LFcorr_Down/NMinusOne/charge_abs1/pair_highM/mass in Skim_TriLep_WWW.root
2026-07-21 19:45:18,411 - INFO - [2018] MISSING_SYSTEMATIC: SR3Mu/BtagSF_LFuncorr_Up/NMinusOne/charge_abs1/pair_highM/mass in Skim_TriLep_WWW.root
2026-07-21 19:45:18,411 - INFO - [2018] MISSING_SYSTEMATIC: SR3Mu/BtagSF_LFuncorr_Down/NMinusOne/charge_abs1/pair_highM/mass in Skim_TriLep_WWW.root
2026-07-21 19:45:18,412 - INFO - [2018] MISSING_SYSTEMATIC: SR3Mu/L1Prefire_Up/NMinusOne/charge_abs1/pair_highM/mass in Skim_TriLep_WWZ.root
2026-07-21 19:45:18,413 - INFO - [2018] MISSING_SYSTEMATIC: SR3Mu/L1Prefire_Down/NMinusOne/charge_abs1/pair_highM/mass in Skim_TriLep_WWZ.root
2026-07-21 19:45:18,413 - INFO - [2018] MISSING_SYSTEMATIC: SR3Mu/PileupReweight_Up/NMinusOne/charge_abs1/pair_highM/mass in Skim_TriLep_WWZ.root
2026-07-21 19:45:18,413 - INFO - [2018] MISSING_SYSTEMATIC: SR3Mu/PileupReweight_Down/NMinusOne/charge_abs1/pair_highM/mass in Skim_TriLep_WWZ.root
2026-07-21 19:45:18,414 - INFO - [2018] MISSING_SYSTEMATIC: SR3Mu/PileupJetIDSF_Up/NMinusOne/charge_abs1/pair_highM/mass in Skim_TriLep_WWZ.root
2026-07-21 19:45:18,414 - INFO - [2018] MISSING_SYSTEMATIC: SR3Mu/PileupJetIDSF_Down/NMinusOne/charge_abs1/pair_highM/mass in Skim_TriLep_WWZ.root
2026-07-21 19:45:18,415 - INFO - [2018] MISSING_SYSTEMATIC: SR3Mu/MuonIDSF_Up/NMinusOne/charge_abs1/pair_highM/mass in Skim_TriLep_WWZ.root
2026-07-21 19:45:18,415 - INFO - [2018] MISSING_SYSTEMATIC: SR3Mu/MuonIDSF_Down/NMinusOne/charge_abs1/pair_highM/mass in Skim_TriLep_WWZ.root
2026-07-21 19:45:18,416 - INFO - [2018] MISSING_SYSTEMATIC: SR3Mu/DblMuTrigSF_Up/NMinusOne/charge_abs1/pair_highM/mass in Skim_TriLep_WWZ.root
2026-07-21 19:45:18,416 - INFO - [2018] MISSING_SYSTEMATIC: SR3Mu/DblMuTrigSF_Down/NMinusOne/charge_abs1/pair_highM/mass in Skim_TriLep_WWZ.root
2026-07-21 19:45:18,416 - INFO - [2018] MISSING_SYSTEMATIC: SR3Mu/JetEn_Up/NMinusOne/charge_abs1/pair_highM/mass in Skim_TriLep_WWZ.root
2026-07-21 19:45:18,416 - INFO - [2018] MISSING_SYSTEMATIC: SR3Mu/JetEn_Down/NMinusOne/charge_abs1/pair_highM/mass in Skim_TriLep_WWZ.root
2026-07-21 19:45:18,417 - INFO - [2018] MISSING_SYSTEMATIC: SR3Mu/JetRes_Up/NMinusOne/charge_abs1/pair_highM/mass in Skim_TriLep_WWZ.root
2026-07-21 19:45:18,417 - INFO - [2018] MISSING_SYSTEMATIC: SR3Mu/JetRes_Down/NMinusOne/charge_abs1/pair_highM/mass in Skim_TriLep_WWZ.root
2026-07-21 19:45:18,418 - INFO - [2018] MISSING_SYSTEMATIC: SR3Mu/MuonEn_Up/NMinusOne/charge_abs1/pair_highM/mass in Skim_TriLep_WWZ.root
2026-07-21 19:45:18,418 - INFO - [2018] MISSING_SYSTEMATIC: SR3Mu/MuonEn_Down/NMinusOne/charge_abs1/pair_highM/mass in Skim_TriLep_WWZ.root
2026-07-21 19:45:18,418 - INFO - [2018] MISSING_SYSTEMATIC: SR3Mu/ElectronEn_Up/NMinusOne/charge_abs1/pair_highM/mass in Skim_TriLep_WWZ.root
2026-07-21 19:45:18,418 - INFO - [2018] MISSING_SYSTEMATIC: SR3Mu/ElectronEn_Down/NMinusOne/charge_abs1/pair_highM/mass in Skim_TriLep_WWZ.root
2026-07-21 19:45:18,419 - INFO - [2018] MISSING_SYSTEMATIC: SR3Mu/ElectronRes_Up/NMinusOne/charge_abs1/pair_highM/mass in Skim_TriLep_WWZ.root
2026-07-21 19:45:18,419 - INFO - [2018] MISSING_SYSTEMATIC: SR3Mu/ElectronRes_Down/NMinusOne/charge_abs1/pair_highM/mass in Skim_TriLep_WWZ.root
2026-07-21 19:45:18,420 - INFO - [2018] MISSING_SYSTEMATIC: SR3Mu/UnclusteredEn_Up/NMinusOne/charge_abs1/pair_highM/mass in Skim_TriLep_WWZ.root
2026-07-21 19:45:18,420 - INFO - [2018] MISSING_SYSTEMATIC: SR3Mu/UnclusteredEn_Down/NMinusOne/charge_abs1/pair_highM/mass in Skim_TriLep_WWZ.root
2026-07-21 19:45:18,420 - INFO - [2018] MISSING_SYSTEMATIC: SR3Mu/BtagSF_HFcorr_Up/NMinusOne/charge_abs1/pair_highM/mass in Skim_TriLep_WWZ.root
2026-07-21 19:45:18,421 - INFO - [2018] MISSING_SYSTEMATIC: SR3Mu/BtagSF_HFcorr_Down/NMinusOne/charge_abs1/pair_highM/mass in Skim_TriLep_WWZ.root
2026-07-21 19:45:18,421 - INFO - [2018] MISSING_SYSTEMATIC: SR3Mu/BtagSF_HFuncorr_Up/NMinusOne/charge_abs1/pair_highM/mass in Skim_TriLep_WWZ.root
2026-07-21 19:45:18,421 - INFO - [2018] MISSING_SYSTEMATIC: SR3Mu/BtagSF_HFuncorr_Down/NMinusOne/charge_abs1/pair_highM/mass in Skim_TriLep_WWZ.root
2026-07-21 19:45:18,422 - INFO - [2018] MISSING_SYSTEMATIC: SR3Mu/BtagSF_LFcorr_Up/NMinusOne/charge_abs1/pair_highM/mass in Skim_TriLep_WWZ.root
2026-07-21 19:45:18,422 - INFO - [2018] MISSING_SYSTEMATIC: SR3Mu/BtagSF_LFcorr_Down/NMinusOne/charge_abs1/pair_highM/mass in Skim_TriLep_WWZ.root
2026-07-21 19:45:18,423 - INFO - [2018] MISSING_SYSTEMATIC: SR3Mu/BtagSF_LFuncorr_Up/NMinusOne/charge_abs1/pair_highM/mass in Skim_TriLep_WWZ.root
2026-07-21 19:45:18,423 - INFO - [2018] MISSING_SYSTEMATIC: SR3Mu/BtagSF_LFuncorr_Down/NMinusOne/charge_abs1/pair_highM/mass in Skim_TriLep_WWZ.root
2026-07-21 19:45:18,424 - INFO - [2018] MISSING_SYSTEMATIC: SR3Mu/L1Prefire_Up/NMinusOne/charge_abs1/pair_highM/mass in Skim_TriLep_WZZ.root
2026-07-21 19:45:18,424 - INFO - [2018] MISSING_SYSTEMATIC: SR3Mu/L1Prefire_Down/NMinusOne/charge_abs1/pair_highM/mass in Skim_TriLep_WZZ.root
2026-07-21 19:45:18,425 - INFO - [2018] MISSING_SYSTEMATIC: SR3Mu/PileupReweight_Up/NMinusOne/charge_abs1/pair_highM/mass in Skim_TriLep_WZZ.root
2026-07-21 19:45:18,425 - INFO - [2018] MISSING_SYSTEMATIC: SR3Mu/PileupReweight_Down/NMinusOne/charge_abs1/pair_highM/mass in Skim_TriLep_WZZ.root
2026-07-21 19:45:18,426 - INFO - [2018] MISSING_SYSTEMATIC: SR3Mu/PileupJetIDSF_Up/NMinusOne/charge_abs1/pair_highM/mass in Skim_TriLep_WZZ.root
2026-07-21 19:45:18,426 - INFO - [2018] MISSING_SYSTEMATIC: SR3Mu/PileupJetIDSF_Down/NMinusOne/charge_abs1/pair_highM/mass in Skim_TriLep_WZZ.root
2026-07-21 19:45:18,426 - INFO - [2018] MISSING_SYSTEMATIC: SR3Mu/MuonIDSF_Up/NMinusOne/charge_abs1/pair_highM/mass in Skim_TriLep_WZZ.root
2026-07-21 19:45:18,427 - INFO - [2018] MISSING_SYSTEMATIC: SR3Mu/MuonIDSF_Down/NMinusOne/charge_abs1/pair_highM/mass in Skim_TriLep_WZZ.root
2026-07-21 19:45:18,427 - INFO - [2018] MISSING_SYSTEMATIC: SR3Mu/DblMuTrigSF_Up/NMinusOne/charge_abs1/pair_highM/mass in Skim_TriLep_WZZ.root
2026-07-21 19:45:18,427 - INFO - [2018] MISSING_SYSTEMATIC: SR3Mu/DblMuTrigSF_Down/NMinusOne/charge_abs1/pair_highM/mass in Skim_TriLep_WZZ.root
2026-07-21 19:45:18,428 - INFO - [2018] MISSING_SYSTEMATIC: SR3Mu/JetEn_Up/NMinusOne/charge_abs1/pair_highM/mass in Skim_TriLep_WZZ.root
2026-07-21 19:45:18,428 - INFO - [2018] MISSING_SYSTEMATIC: SR3Mu/JetEn_Down/NMinusOne/charge_abs1/pair_highM/mass in Skim_TriLep_WZZ.root
2026-07-21 19:45:18,429 - INFO - [2018] MISSING_SYSTEMATIC: SR3Mu/JetRes_Up/NMinusOne/charge_abs1/pair_highM/mass in Skim_TriLep_WZZ.root
2026-07-21 19:45:18,429 - INFO - [2018] MISSING_SYSTEMATIC: SR3Mu/JetRes_Down/NMinusOne/charge_abs1/pair_highM/mass in Skim_TriLep_WZZ.root
2026-07-21 19:45:18,430 - INFO - [2018] MISSING_SYSTEMATIC: SR3Mu/MuonEn_Up/NMinusOne/charge_abs1/pair_highM/mass in Skim_TriLep_WZZ.root
2026-07-21 19:45:18,430 - INFO - [2018] MISSING_SYSTEMATIC: SR3Mu/MuonEn_Down/NMinusOne/charge_abs1/pair_highM/mass in Skim_TriLep_WZZ.root
2026-07-21 19:45:18,430 - INFO - [2018] MISSING_SYSTEMATIC: SR3Mu/ElectronEn_Up/NMinusOne/charge_abs1/pair_highM/mass in Skim_TriLep_WZZ.root
2026-07-21 19:45:18,430 - INFO - [2018] MISSING_SYSTEMATIC: SR3Mu/ElectronEn_Down/NMinusOne/charge_abs1/pair_highM/mass in Skim_TriLep_WZZ.root
2026-07-21 19:45:18,431 - INFO - [2018] MISSING_SYSTEMATIC: SR3Mu/ElectronRes_Up/NMinusOne/charge_abs1/pair_highM/mass in Skim_TriLep_WZZ.root
2026-07-21 19:45:18,431 - INFO - [2018] MISSING_SYSTEMATIC: SR3Mu/ElectronRes_Down/NMinusOne/charge_abs1/pair_highM/mass in Skim_TriLep_WZZ.root
2026-07-21 19:45:18,432 - INFO - [2018] MISSING_SYSTEMATIC: SR3Mu/UnclusteredEn_Up/NMinusOne/charge_abs1/pair_highM/mass in Skim_TriLep_WZZ.root
2026-07-21 19:45:18,432 - INFO - [2018] MISSING_SYSTEMATIC: SR3Mu/UnclusteredEn_Down/NMinusOne/charge_abs1/pair_highM/mass in Skim_TriLep_WZZ.root
2026-07-21 19:45:18,432 - INFO - [2018] MISSING_SYSTEMATIC: SR3Mu/BtagSF_HFcorr_Up/NMinusOne/charge_abs1/pair_highM/mass in Skim_TriLep_WZZ.root
2026-07-21 19:45:18,433 - INFO - [2018] MISSING_SYSTEMATIC: SR3Mu/BtagSF_HFcorr_Down/NMinusOne/charge_abs1/pair_highM/mass in Skim_TriLep_WZZ.root
2026-07-21 19:45:18,433 - INFO - [2018] MISSING_SYSTEMATIC: SR3Mu/BtagSF_HFuncorr_Up/NMinusOne/charge_abs1/pair_highM/mass in Skim_TriLep_WZZ.root
2026-07-21 19:45:18,433 - INFO - [2018] MISSING_SYSTEMATIC: SR3Mu/BtagSF_HFuncorr_Down/NMinusOne/charge_abs1/pair_highM/mass in Skim_TriLep_WZZ.root
2026-07-21 19:45:18,434 - INFO - [2018] MISSING_SYSTEMATIC: SR3Mu/BtagSF_LFcorr_Up/NMinusOne/charge_abs1/pair_highM/mass in Skim_TriLep_WZZ.root
2026-07-21 19:45:18,434 - INFO - [2018] MISSING_SYSTEMATIC: SR3Mu/BtagSF_LFcorr_Down/NMinusOne/charge_abs1/pair_highM/mass in Skim_TriLep_WZZ.root
2026-07-21 19:45:18,435 - INFO - [2018] MISSING_SYSTEMATIC: SR3Mu/BtagSF_LFuncorr_Up/NMinusOne/charge_abs1/pair_highM/mass in Skim_TriLep_WZZ.root
2026-07-21 19:45:18,435 - INFO - [2018] MISSING_SYSTEMATIC: SR3Mu/BtagSF_LFuncorr_Down/NMinusOne/charge_abs1/pair_highM/mass in Skim_TriLep_WZZ.root
2026-07-21 19:45:18,436 - INFO - [2018] MISSING_SYSTEMATIC: SR3Mu/L1Prefire_Up/NMinusOne/charge_abs1/pair_highM/mass in Skim_TriLep_ZZZ.root
2026-07-21 19:45:18,436 - INFO - [2018] MISSING_SYSTEMATIC: SR3Mu/L1Prefire_Down/NMinusOne/charge_abs1/pair_highM/mass in Skim_TriLep_ZZZ.root
2026-07-21 19:45:18,437 - INFO - [2018] MISSING_SYSTEMATIC: SR3Mu/PileupReweight_Up/NMinusOne/charge_abs1/pair_highM/mass in Skim_TriLep_ZZZ.root
2026-07-21 19:45:18,437 - INFO - [2018] MISSING_SYSTEMATIC: SR3Mu/PileupReweight_Down/NMinusOne/charge_abs1/pair_highM/mass in Skim_TriLep_ZZZ.root
2026-07-21 19:45:18,438 - INFO - [2018] MISSING_SYSTEMATIC: SR3Mu/PileupJetIDSF_Up/NMinusOne/charge_abs1/pair_highM/mass in Skim_TriLep_ZZZ.root
2026-07-21 19:45:18,438 - INFO - [2018] MISSING_SYSTEMATIC: SR3Mu/PileupJetIDSF_Down/NMinusOne/charge_abs1/pair_highM/mass in Skim_TriLep_ZZZ.root
2026-07-21 19:45:18,438 - INFO - [2018] MISSING_SYSTEMATIC: SR3Mu/MuonIDSF_Up/NMinusOne/charge_abs1/pair_highM/mass in Skim_TriLep_ZZZ.root
2026-07-21 19:45:18,438 - INFO - [2018] MISSING_SYSTEMATIC: SR3Mu/MuonIDSF_Down/NMinusOne/charge_abs1/pair_highM/mass in Skim_TriLep_ZZZ.root
2026-07-21 19:45:18,439 - INFO - [2018] MISSING_SYSTEMATIC: SR3Mu/DblMuTrigSF_Up/NMinusOne/charge_abs1/pair_highM/mass in Skim_TriLep_ZZZ.root
2026-07-21 19:45:18,439 - INFO - [2018] MISSING_SYSTEMATIC: SR3Mu/DblMuTrigSF_Down/NMinusOne/charge_abs1/pair_highM/mass in Skim_TriLep_ZZZ.root
2026-07-21 19:45:18,440 - INFO - [2018] MISSING_SYSTEMATIC: SR3Mu/JetEn_Up/NMinusOne/charge_abs1/pair_highM/mass in Skim_TriLep_ZZZ.root
2026-07-21 19:45:18,440 - INFO - [2018] MISSING_SYSTEMATIC: SR3Mu/JetEn_Down/NMinusOne/charge_abs1/pair_highM/mass in Skim_TriLep_ZZZ.root
2026-07-21 19:45:18,440 - INFO - [2018] MISSING_SYSTEMATIC: SR3Mu/JetRes_Up/NMinusOne/charge_abs1/pair_highM/mass in Skim_TriLep_ZZZ.root
2026-07-21 19:45:18,441 - INFO - [2018] MISSING_SYSTEMATIC: SR3Mu/JetRes_Down/NMinusOne/charge_abs1/pair_highM/mass in Skim_TriLep_ZZZ.root
2026-07-21 19:45:18,441 - INFO - [2018] MISSING_SYSTEMATIC: SR3Mu/MuonEn_Up/NMinusOne/charge_abs1/pair_highM/mass in Skim_TriLep_ZZZ.root
2026-07-21 19:45:18,441 - INFO - [2018] MISSING_SYSTEMATIC: SR3Mu/MuonEn_Down/NMinusOne/charge_abs1/pair_highM/mass in Skim_TriLep_ZZZ.root
2026-07-21 19:45:18,442 - INFO - [2018] MISSING_SYSTEMATIC: SR3Mu/ElectronEn_Up/NMinusOne/charge_abs1/pair_highM/mass in Skim_TriLep_ZZZ.root
2026-07-21 19:45:18,442 - INFO - [2018] MISSING_SYSTEMATIC: SR3Mu/ElectronEn_Down/NMinusOne/charge_abs1/pair_highM/mass in Skim_TriLep_ZZZ.root
2026-07-21 19:45:18,443 - INFO - [2018] MISSING_SYSTEMATIC: SR3Mu/ElectronRes_Up/NMinusOne/charge_abs1/pair_highM/mass in Skim_TriLep_ZZZ.root
2026-07-21 19:45:18,443 - INFO - [2018] MISSING_SYSTEMATIC: SR3Mu/ElectronRes_Down/NMinusOne/charge_abs1/pair_highM/mass in Skim_TriLep_ZZZ.root
2026-07-21 19:45:18,443 - INFO - [2018] MISSING_SYSTEMATIC: SR3Mu/UnclusteredEn_Up/NMinusOne/charge_abs1/pair_highM/mass in Skim_TriLep_ZZZ.root
2026-07-21 19:45:18,444 - INFO - [2018] MISSING_SYSTEMATIC: SR3Mu/UnclusteredEn_Down/NMinusOne/charge_abs1/pair_highM/mass in Skim_TriLep_ZZZ.root
2026-07-21 19:45:18,444 - INFO - [2018] MISSING_SYSTEMATIC: SR3Mu/BtagSF_HFcorr_Up/NMinusOne/charge_abs1/pair_highM/mass in Skim_TriLep_ZZZ.root
2026-07-21 19:45:18,444 - INFO - [2018] MISSING_SYSTEMATIC: SR3Mu/BtagSF_HFcorr_Down/NMinusOne/charge_abs1/pair_highM/mass in Skim_TriLep_ZZZ.root
2026-07-21 19:45:18,445 - INFO - [2018] MISSING_SYSTEMATIC: SR3Mu/BtagSF_HFuncorr_Up/NMinusOne/charge_abs1/pair_highM/mass in Skim_TriLep_ZZZ.root
2026-07-21 19:45:18,445 - INFO - [2018] MISSING_SYSTEMATIC: SR3Mu/BtagSF_HFuncorr_Down/NMinusOne/charge_abs1/pair_highM/mass in Skim_TriLep_ZZZ.root
2026-07-21 19:45:18,446 - INFO - [2018] MISSING_SYSTEMATIC: SR3Mu/BtagSF_LFcorr_Up/NMinusOne/charge_abs1/pair_highM/mass in Skim_TriLep_ZZZ.root
2026-07-21 19:45:18,446 - INFO - [2018] MISSING_SYSTEMATIC: SR3Mu/BtagSF_LFcorr_Down/NMinusOne/charge_abs1/pair_highM/mass in Skim_TriLep_ZZZ.root
2026-07-21 19:45:18,446 - INFO - [2018] MISSING_SYSTEMATIC: SR3Mu/BtagSF_LFuncorr_Up/NMinusOne/charge_abs1/pair_highM/mass in Skim_TriLep_ZZZ.root
2026-07-21 19:45:18,446 - INFO - [2018] MISSING_SYSTEMATIC: SR3Mu/BtagSF_LFuncorr_Down/NMinusOne/charge_abs1/pair_highM/mass in Skim_TriLep_ZZZ.root
2026-07-21 19:45:18,447 - INFO - [2018] MISSING_SYSTEMATIC: SR3Mu/L1Prefire_Up/NMinusOne/charge_abs1/pair_highM/mass in Skim_TriLep_TTTT.root
2026-07-21 19:45:18,447 - INFO - [2018] MISSING_SYSTEMATIC: SR3Mu/L1Prefire_Down/NMinusOne/charge_abs1/pair_highM/mass in Skim_TriLep_TTTT.root
2026-07-21 19:45:18,448 - INFO - [2018] MISSING_SYSTEMATIC: SR3Mu/PileupReweight_Up/NMinusOne/charge_abs1/pair_highM/mass in Skim_TriLep_TTTT.root
2026-07-21 19:45:18,448 - INFO - [2018] MISSING_SYSTEMATIC: SR3Mu/PileupReweight_Down/NMinusOne/charge_abs1/pair_highM/mass in Skim_TriLep_TTTT.root
2026-07-21 19:45:18,449 - INFO - [2018] MISSING_SYSTEMATIC: SR3Mu/PileupJetIDSF_Up/NMinusOne/charge_abs1/pair_highM/mass in Skim_TriLep_TTTT.root
2026-07-21 19:45:18,449 - INFO - [2018] MISSING_SYSTEMATIC: SR3Mu/PileupJetIDSF_Down/NMinusOne/charge_abs1/pair_highM/mass in Skim_TriLep_TTTT.root
2026-07-21 19:45:18,450 - INFO - [2018] MISSING_SYSTEMATIC: SR3Mu/MuonIDSF_Up/NMinusOne/charge_abs1/pair_highM/mass in Skim_TriLep_TTTT.root
2026-07-21 19:45:18,450 - INFO - [2018] MISSING_SYSTEMATIC: SR3Mu/MuonIDSF_Down/NMinusOne/charge_abs1/pair_highM/mass in Skim_TriLep_TTTT.root
2026-07-21 19:45:18,450 - INFO - [2018] MISSING_SYSTEMATIC: SR3Mu/DblMuTrigSF_Up/NMinusOne/charge_abs1/pair_highM/mass in Skim_TriLep_TTTT.root
2026-07-21 19:45:18,450 - INFO - [2018] MISSING_SYSTEMATIC: SR3Mu/DblMuTrigSF_Down/NMinusOne/charge_abs1/pair_highM/mass in Skim_TriLep_TTTT.root
2026-07-21 19:45:18,451 - INFO - [2018] MISSING_SYSTEMATIC: SR3Mu/JetEn_Up/NMinusOne/charge_abs1/pair_highM/mass in Skim_TriLep_TTTT.root
2026-07-21 19:45:18,451 - INFO - [2018] MISSING_SYSTEMATIC: SR3Mu/JetEn_Down/NMinusOne/charge_abs1/pair_highM/mass in Skim_TriLep_TTTT.root
2026-07-21 19:45:18,452 - INFO - [2018] MISSING_SYSTEMATIC: SR3Mu/JetRes_Up/NMinusOne/charge_abs1/pair_highM/mass in Skim_TriLep_TTTT.root
2026-07-21 19:45:18,452 - INFO - [2018] MISSING_SYSTEMATIC: SR3Mu/JetRes_Down/NMinusOne/charge_abs1/pair_highM/mass in Skim_TriLep_TTTT.root
2026-07-21 19:45:18,452 - INFO - [2018] MISSING_SYSTEMATIC: SR3Mu/MuonEn_Up/NMinusOne/charge_abs1/pair_highM/mass in Skim_TriLep_TTTT.root
2026-07-21 19:45:18,452 - INFO - [2018] MISSING_SYSTEMATIC: SR3Mu/MuonEn_Down/NMinusOne/charge_abs1/pair_highM/mass in Skim_TriLep_TTTT.root
2026-07-21 19:45:18,453 - INFO - [2018] MISSING_SYSTEMATIC: SR3Mu/ElectronEn_Up/NMinusOne/charge_abs1/pair_highM/mass in Skim_TriLep_TTTT.root
2026-07-21 19:45:18,453 - INFO - [2018] MISSING_SYSTEMATIC: SR3Mu/ElectronEn_Down/NMinusOne/charge_abs1/pair_highM/mass in Skim_TriLep_TTTT.root
2026-07-21 19:45:18,454 - INFO - [2018] MISSING_SYSTEMATIC: SR3Mu/ElectronRes_Up/NMinusOne/charge_abs1/pair_highM/mass in Skim_TriLep_TTTT.root
2026-07-21 19:45:18,454 - INFO - [2018] MISSING_SYSTEMATIC: SR3Mu/ElectronRes_Down/NMinusOne/charge_abs1/pair_highM/mass in Skim_TriLep_TTTT.root
2026-07-21 19:45:18,455 - INFO - [2018] MISSING_SYSTEMATIC: SR3Mu/UnclusteredEn_Up/NMinusOne/charge_abs1/pair_highM/mass in Skim_TriLep_TTTT.root
2026-07-21 19:45:18,455 - INFO - [2018] MISSING_SYSTEMATIC: SR3Mu/UnclusteredEn_Down/NMinusOne/charge_abs1/pair_highM/mass in Skim_TriLep_TTTT.root
2026-07-21 19:45:18,455 - INFO - [2018] MISSING_SYSTEMATIC: SR3Mu/BtagSF_HFcorr_Up/NMinusOne/charge_abs1/pair_highM/mass in Skim_TriLep_TTTT.root
2026-07-21 19:45:18,456 - INFO - [2018] MISSING_SYSTEMATIC: SR3Mu/BtagSF_HFcorr_Down/NMinusOne/charge_abs1/pair_highM/mass in Skim_TriLep_TTTT.root
2026-07-21 19:45:18,456 - INFO - [2018] MISSING_SYSTEMATIC: SR3Mu/BtagSF_HFuncorr_Up/NMinusOne/charge_abs1/pair_highM/mass in Skim_TriLep_TTTT.root
2026-07-21 19:45:18,456 - INFO - [2018] MISSING_SYSTEMATIC: SR3Mu/BtagSF_HFuncorr_Down/NMinusOne/charge_abs1/pair_highM/mass in Skim_TriLep_TTTT.root
2026-07-21 19:45:18,457 - INFO - [2018] MISSING_SYSTEMATIC: SR3Mu/BtagSF_LFcorr_Up/NMinusOne/charge_abs1/pair_highM/mass in Skim_TriLep_TTTT.root
2026-07-21 19:45:18,457 - INFO - [2018] MISSING_SYSTEMATIC: SR3Mu/BtagSF_LFcorr_Down/NMinusOne/charge_abs1/pair_highM/mass in Skim_TriLep_TTTT.root
2026-07-21 19:45:18,458 - INFO - [2018] MISSING_SYSTEMATIC: SR3Mu/BtagSF_LFuncorr_Up/NMinusOne/charge_abs1/pair_highM/mass in Skim_TriLep_TTTT.root
2026-07-21 19:45:18,458 - INFO - [2018] MISSING_SYSTEMATIC: SR3Mu/BtagSF_LFuncorr_Down/NMinusOne/charge_abs1/pair_highM/mass in Skim_TriLep_TTTT.root
2026-07-21 19:45:18,459 - INFO - [2018] MISSING_SYSTEMATIC: SR3Mu/L1Prefire_Up/NMinusOne/charge_abs1/pair_highM/mass in Skim_TriLep_VBFHToZZTo4L.root
2026-07-21 19:45:18,459 - INFO - [2018] MISSING_SYSTEMATIC: SR3Mu/L1Prefire_Down/NMinusOne/charge_abs1/pair_highM/mass in Skim_TriLep_VBFHToZZTo4L.root
2026-07-21 19:45:18,460 - INFO - [2018] MISSING_SYSTEMATIC: SR3Mu/PileupReweight_Up/NMinusOne/charge_abs1/pair_highM/mass in Skim_TriLep_VBFHToZZTo4L.root
2026-07-21 19:45:18,460 - INFO - [2018] MISSING_SYSTEMATIC: SR3Mu/PileupReweight_Down/NMinusOne/charge_abs1/pair_highM/mass in Skim_TriLep_VBFHToZZTo4L.root
2026-07-21 19:45:18,461 - INFO - [2018] MISSING_SYSTEMATIC: SR3Mu/PileupJetIDSF_Up/NMinusOne/charge_abs1/pair_highM/mass in Skim_TriLep_VBFHToZZTo4L.root
2026-07-21 19:45:18,461 - INFO - [2018] MISSING_SYSTEMATIC: SR3Mu/PileupJetIDSF_Down/NMinusOne/charge_abs1/pair_highM/mass in Skim_TriLep_VBFHToZZTo4L.root
2026-07-21 19:45:18,461 - INFO - [2018] MISSING_SYSTEMATIC: SR3Mu/MuonIDSF_Up/NMinusOne/charge_abs1/pair_highM/mass in Skim_TriLep_VBFHToZZTo4L.root
2026-07-21 19:45:18,461 - INFO - [2018] MISSING_SYSTEMATIC: SR3Mu/MuonIDSF_Down/NMinusOne/charge_abs1/pair_highM/mass in Skim_TriLep_VBFHToZZTo4L.root
2026-07-21 19:45:18,462 - INFO - [2018] MISSING_SYSTEMATIC: SR3Mu/DblMuTrigSF_Up/NMinusOne/charge_abs1/pair_highM/mass in Skim_TriLep_VBFHToZZTo4L.root
2026-07-21 19:45:18,462 - INFO - [2018] MISSING_SYSTEMATIC: SR3Mu/DblMuTrigSF_Down/NMinusOne/charge_abs1/pair_highM/mass in Skim_TriLep_VBFHToZZTo4L.root
2026-07-21 19:45:18,463 - INFO - [2018] MISSING_SYSTEMATIC: SR3Mu/JetEn_Up/NMinusOne/charge_abs1/pair_highM/mass in Skim_TriLep_VBFHToZZTo4L.root
2026-07-21 19:45:18,463 - INFO - [2018] MISSING_SYSTEMATIC: SR3Mu/JetEn_Down/NMinusOne/charge_abs1/pair_highM/mass in Skim_TriLep_VBFHToZZTo4L.root
2026-07-21 19:45:18,464 - INFO - [2018] MISSING_SYSTEMATIC: SR3Mu/JetRes_Up/NMinusOne/charge_abs1/pair_highM/mass in Skim_TriLep_VBFHToZZTo4L.root
2026-07-21 19:45:18,464 - INFO - [2018] MISSING_SYSTEMATIC: SR3Mu/JetRes_Down/NMinusOne/charge_abs1/pair_highM/mass in Skim_TriLep_VBFHToZZTo4L.root
2026-07-21 19:45:18,464 - INFO - [2018] MISSING_SYSTEMATIC: SR3Mu/MuonEn_Up/NMinusOne/charge_abs1/pair_highM/mass in Skim_TriLep_VBFHToZZTo4L.root
2026-07-21 19:45:18,464 - INFO - [2018] MISSING_SYSTEMATIC: SR3Mu/MuonEn_Down/NMinusOne/charge_abs1/pair_highM/mass in Skim_TriLep_VBFHToZZTo4L.root
2026-07-21 19:45:18,465 - INFO - [2018] MISSING_SYSTEMATIC: SR3Mu/ElectronEn_Up/NMinusOne/charge_abs1/pair_highM/mass in Skim_TriLep_VBFHToZZTo4L.root
2026-07-21 19:45:18,465 - INFO - [2018] MISSING_SYSTEMATIC: SR3Mu/ElectronEn_Down/NMinusOne/charge_abs1/pair_highM/mass in Skim_TriLep_VBFHToZZTo4L.root
2026-07-21 19:45:18,466 - INFO - [2018] MISSING_SYSTEMATIC: SR3Mu/ElectronRes_Up/NMinusOne/charge_abs1/pair_highM/mass in Skim_TriLep_VBFHToZZTo4L.root
2026-07-21 19:45:18,466 - INFO - [2018] MISSING_SYSTEMATIC: SR3Mu/ElectronRes_Down/NMinusOne/charge_abs1/pair_highM/mass in Skim_TriLep_VBFHToZZTo4L.root
2026-07-21 19:45:18,467 - INFO - [2018] MISSING_SYSTEMATIC: SR3Mu/UnclusteredEn_Up/NMinusOne/charge_abs1/pair_highM/mass in Skim_TriLep_VBFHToZZTo4L.root
2026-07-21 19:45:18,467 - INFO - [2018] MISSING_SYSTEMATIC: SR3Mu/UnclusteredEn_Down/NMinusOne/charge_abs1/pair_highM/mass in Skim_TriLep_VBFHToZZTo4L.root
2026-07-21 19:45:18,468 - INFO - [2018] MISSING_SYSTEMATIC: SR3Mu/BtagSF_HFcorr_Up/NMinusOne/charge_abs1/pair_highM/mass in Skim_TriLep_VBFHToZZTo4L.root
2026-07-21 19:45:18,468 - INFO - [2018] MISSING_SYSTEMATIC: SR3Mu/BtagSF_HFcorr_Down/NMinusOne/charge_abs1/pair_highM/mass in Skim_TriLep_VBFHToZZTo4L.root
2026-07-21 19:45:18,468 - INFO - [2018] MISSING_SYSTEMATIC: SR3Mu/BtagSF_HFuncorr_Up/NMinusOne/charge_abs1/pair_highM/mass in Skim_TriLep_VBFHToZZTo4L.root
2026-07-21 19:45:18,468 - INFO - [2018] MISSING_SYSTEMATIC: SR3Mu/BtagSF_HFuncorr_Down/NMinusOne/charge_abs1/pair_highM/mass in Skim_TriLep_VBFHToZZTo4L.root
2026-07-21 19:45:18,469 - INFO - [2018] MISSING_SYSTEMATIC: SR3Mu/BtagSF_LFcorr_Up/NMinusOne/charge_abs1/pair_highM/mass in Skim_TriLep_VBFHToZZTo4L.root
2026-07-21 19:45:18,469 - INFO - [2018] MISSING_SYSTEMATIC: SR3Mu/BtagSF_LFcorr_Down/NMinusOne/charge_abs1/pair_highM/mass in Skim_TriLep_VBFHToZZTo4L.root
2026-07-21 19:45:18,470 - INFO - [2018] MISSING_SYSTEMATIC: SR3Mu/BtagSF_LFuncorr_Up/NMinusOne/charge_abs1/pair_highM/mass in Skim_TriLep_VBFHToZZTo4L.root
2026-07-21 19:45:18,470 - INFO - [2018] MISSING_SYSTEMATIC: SR3Mu/BtagSF_LFuncorr_Down/NMinusOne/charge_abs1/pair_highM/mass in Skim_TriLep_VBFHToZZTo4L.root
2026-07-21 19:45:18,471 - INFO - [2018] MISSING_SYSTEMATIC: SR3Mu/L1Prefire_Up/NMinusOne/charge_abs1/pair_highM/mass in Skim_TriLep_ggHToZZTo4L.root
2026-07-21 19:45:18,471 - INFO - [2018] MISSING_SYSTEMATIC: SR3Mu/L1Prefire_Down/NMinusOne/charge_abs1/pair_highM/mass in Skim_TriLep_ggHToZZTo4L.root
2026-07-21 19:45:18,472 - INFO - [2018] MISSING_SYSTEMATIC: SR3Mu/PileupReweight_Up/NMinusOne/charge_abs1/pair_highM/mass in Skim_TriLep_ggHToZZTo4L.root
2026-07-21 19:45:18,472 - INFO - [2018] MISSING_SYSTEMATIC: SR3Mu/PileupReweight_Down/NMinusOne/charge_abs1/pair_highM/mass in Skim_TriLep_ggHToZZTo4L.root
2026-07-21 19:45:18,473 - INFO - [2018] MISSING_SYSTEMATIC: SR3Mu/PileupJetIDSF_Up/NMinusOne/charge_abs1/pair_highM/mass in Skim_TriLep_ggHToZZTo4L.root
2026-07-21 19:45:18,473 - INFO - [2018] MISSING_SYSTEMATIC: SR3Mu/PileupJetIDSF_Down/NMinusOne/charge_abs1/pair_highM/mass in Skim_TriLep_ggHToZZTo4L.root
2026-07-21 19:45:18,474 - INFO - [2018] MISSING_SYSTEMATIC: SR3Mu/MuonIDSF_Up/NMinusOne/charge_abs1/pair_highM/mass in Skim_TriLep_ggHToZZTo4L.root
2026-07-21 19:45:18,474 - INFO - [2018] MISSING_SYSTEMATIC: SR3Mu/MuonIDSF_Down/NMinusOne/charge_abs1/pair_highM/mass in Skim_TriLep_ggHToZZTo4L.root
2026-07-21 19:45:18,474 - INFO - [2018] MISSING_SYSTEMATIC: SR3Mu/DblMuTrigSF_Up/NMinusOne/charge_abs1/pair_highM/mass in Skim_TriLep_ggHToZZTo4L.root
2026-07-21 19:45:18,474 - INFO - [2018] MISSING_SYSTEMATIC: SR3Mu/DblMuTrigSF_Down/NMinusOne/charge_abs1/pair_highM/mass in Skim_TriLep_ggHToZZTo4L.root
2026-07-21 19:45:18,475 - INFO - [2018] MISSING_SYSTEMATIC: SR3Mu/JetEn_Up/NMinusOne/charge_abs1/pair_highM/mass in Skim_TriLep_ggHToZZTo4L.root
2026-07-21 19:45:18,475 - INFO - [2018] MISSING_SYSTEMATIC: SR3Mu/JetEn_Down/NMinusOne/charge_abs1/pair_highM/mass in Skim_TriLep_ggHToZZTo4L.root
2026-07-21 19:45:18,476 - INFO - [2018] MISSING_SYSTEMATIC: SR3Mu/JetRes_Up/NMinusOne/charge_abs1/pair_highM/mass in Skim_TriLep_ggHToZZTo4L.root
2026-07-21 19:45:18,476 - INFO - [2018] MISSING_SYSTEMATIC: SR3Mu/JetRes_Down/NMinusOne/charge_abs1/pair_highM/mass in Skim_TriLep_ggHToZZTo4L.root
2026-07-21 19:45:18,477 - INFO - [2018] MISSING_SYSTEMATIC: SR3Mu/MuonEn_Up/NMinusOne/charge_abs1/pair_highM/mass in Skim_TriLep_ggHToZZTo4L.root
2026-07-21 19:45:18,477 - INFO - [2018] MISSING_SYSTEMATIC: SR3Mu/MuonEn_Down/NMinusOne/charge_abs1/pair_highM/mass in Skim_TriLep_ggHToZZTo4L.root
2026-07-21 19:45:18,477 - INFO - [2018] MISSING_SYSTEMATIC: SR3Mu/ElectronEn_Up/NMinusOne/charge_abs1/pair_highM/mass in Skim_TriLep_ggHToZZTo4L.root
2026-07-21 19:45:18,478 - INFO - [2018] MISSING_SYSTEMATIC: SR3Mu/ElectronEn_Down/NMinusOne/charge_abs1/pair_highM/mass in Skim_TriLep_ggHToZZTo4L.root
2026-07-21 19:45:18,478 - INFO - [2018] MISSING_SYSTEMATIC: SR3Mu/ElectronRes_Up/NMinusOne/charge_abs1/pair_highM/mass in Skim_TriLep_ggHToZZTo4L.root
2026-07-21 19:45:18,478 - INFO - [2018] MISSING_SYSTEMATIC: SR3Mu/ElectronRes_Down/NMinusOne/charge_abs1/pair_highM/mass in Skim_TriLep_ggHToZZTo4L.root
2026-07-21 19:45:18,479 - INFO - [2018] MISSING_SYSTEMATIC: SR3Mu/UnclusteredEn_Up/NMinusOne/charge_abs1/pair_highM/mass in Skim_TriLep_ggHToZZTo4L.root
2026-07-21 19:45:18,479 - INFO - [2018] MISSING_SYSTEMATIC: SR3Mu/UnclusteredEn_Down/NMinusOne/charge_abs1/pair_highM/mass in Skim_TriLep_ggHToZZTo4L.root
2026-07-21 19:45:18,480 - INFO - [2018] MISSING_SYSTEMATIC: SR3Mu/BtagSF_HFcorr_Up/NMinusOne/charge_abs1/pair_highM/mass in Skim_TriLep_ggHToZZTo4L.root
2026-07-21 19:45:18,480 - INFO - [2018] MISSING_SYSTEMATIC: SR3Mu/BtagSF_HFcorr_Down/NMinusOne/charge_abs1/pair_highM/mass in Skim_TriLep_ggHToZZTo4L.root
2026-07-21 19:45:18,480 - INFO - [2018] MISSING_SYSTEMATIC: SR3Mu/BtagSF_HFuncorr_Up/NMinusOne/charge_abs1/pair_highM/mass in Skim_TriLep_ggHToZZTo4L.root
2026-07-21 19:45:18,480 - INFO - [2018] MISSING_SYSTEMATIC: SR3Mu/BtagSF_HFuncorr_Down/NMinusOne/charge_abs1/pair_highM/mass in Skim_TriLep_ggHToZZTo4L.root
2026-07-21 19:45:18,481 - INFO - [2018] MISSING_SYSTEMATIC: SR3Mu/BtagSF_LFcorr_Up/NMinusOne/charge_abs1/pair_highM/mass in Skim_TriLep_ggHToZZTo4L.root
2026-07-21 19:45:18,481 - INFO - [2018] MISSING_SYSTEMATIC: SR3Mu/BtagSF_LFcorr_Down/NMinusOne/charge_abs1/pair_highM/mass in Skim_TriLep_ggHToZZTo4L.root
2026-07-21 19:45:18,482 - INFO - [2018] MISSING_SYSTEMATIC: SR3Mu/BtagSF_LFuncorr_Up/NMinusOne/charge_abs1/pair_highM/mass in Skim_TriLep_ggHToZZTo4L.root
2026-07-21 19:45:18,482 - INFO - [2018] MISSING_SYSTEMATIC: SR3Mu/BtagSF_LFuncorr_Down/NMinusOne/charge_abs1/pair_highM/mass in Skim_TriLep_ggHToZZTo4L.root
2026-08-18 18:29:36,592 - INFO - [2018] MISSING_SYSTEMATIC: SR3Mu/L1Prefire_Up/NMinusOne/charge_abs1/pair_highM/mass in Skim_TriLep_DYJets.root
2026-08-18 18:29:36,593 - INFO - [2018] MISSING_SYSTEMATIC: SR3Mu/L1Prefire_Down/NMinusOne/charge_abs1/pair_highM/mass in Skim_TriLep_DYJets.root
2026-08-18 18:29:36,593 - INFO - [2018] MISSING_SYSTEMATIC: SR3Mu/PileupReweight_Up/NMinusOne/charge_abs1/pair_highM/mass in Skim_TriLep_DYJets.root
2026-08-18 18:29:36,594 - INFO - [2018] MISSING_SYSTEMATIC: SR3Mu/PileupReweight_Down/NMinusOne/charge_abs1/pair_highM/mass in Skim_TriLep_DYJets.root
2026-08-18 18:29:36,595 - INFO - [2018] MISSING_SYSTEMATIC: SR3Mu/PileupJetIDSF_Up/NMinusOne/charge_abs1/pair_highM/mass in Skim_TriLep_DYJets.root
2026-08-18 18:29:36,595 - INFO - [2018] MISSING_SYSTEMATIC: SR3Mu/PileupJetIDSF_Down/NMinusOne/charge_abs1/pair_highM/mass in Skim_TriLep_DYJets.root
2026-08-18 18:29:36,596 - INFO - [2018] MISSING_SYSTEMATIC: SR3Mu/MuonIDSF_Up/NMinusOne/charge_abs1/pair_highM/mass in Skim_TriLep_DYJets.root
2026-08-18 18:29:36,596 - INFO - [2018] MISSING_SYSTEMATIC: SR3Mu/MuonIDSF_Down/NMinusOne/charge_abs1/pair_highM/mass in Skim_TriLep_DYJets.root
2026-08-18 18:29:36,596 - INFO - [2018] MISSING_SYSTEMATIC: SR3Mu/DblMuTrigSF_Up/NMinusOne/charge_abs1/pair_highM/mass in Skim_TriLep_DYJets.root
2026-08-18 18:29:36,597 - INFO - [2018] MISSING_SYSTEMATIC: SR3Mu/DblMuTrigSF_Down/NMinusOne/charge_abs1/pair_highM/mass in Skim_TriLep_DYJets.root
2026-08-18 18:29:36,597 - INFO - [2018] MISSING_SYSTEMATIC: SR3Mu/JetEn_Up/NMinusOne/charge_abs1/pair_highM/mass in Skim_TriLep_DYJets.root
2026-08-18 18:29:36,597 - INFO - [2018] MISSING_SYSTEMATIC: SR3Mu/JetEn_Down/NMinusOne/charge_abs1/pair_highM/mass in Skim_TriLep_DYJets.root
2026-08-18 18:29:36,598 - INFO - [2018] MISSING_SYSTEMATIC: SR3Mu/JetRes_Up/NMinusOne/charge_abs1/pair_highM/mass in Skim_TriLep_DYJets.root
2026-08-18 18:29:36,598 - INFO - [2018] MISSING_SYSTEMATIC: SR3Mu/JetRes_Down/NMinusOne/charge_abs1/pair_highM/mass in Skim_TriLep_DYJets.root
2026-08-18 18:29:36,599 - INFO - [2018] MISSING_SYSTEMATIC: SR3Mu/MuonEn_Up/NMinusOne/charge_abs1/pair_highM/mass in Skim_TriLep_DYJets.root
2026-08-18 18:29:36,599 - INFO - [2018] MISSING_SYSTEMATIC: SR3Mu/MuonEn_Down/NMinusOne/charge_abs1/pair_highM/mass in Skim_TriLep_DYJets.root
2026-08-18 18:29:36,600 - INFO - [2018] MISSING_SYSTEMATIC: SR3Mu/ElectronEn_Up/NMinusOne/charge_abs1/pair_highM/mass in Skim_TriLep_DYJets.root
2026-08-18 18:29:36,600 - INFO - [2018] MISSING_SYSTEMATIC: SR3Mu/ElectronEn_Down/NMinusOne/charge_abs1/pair_highM/mass in Skim_TriLep_DYJets.root
2026-08-18 18:29:36,601 - INFO - [2018] MISSING_SYSTEMATIC: SR3Mu/ElectronRes_Up/NMinusOne/charge_abs1/pair_highM/mass in Skim_TriLep_DYJets.root
2026-08-18 18:29:36,601 - INFO - [2018] MISSING_SYSTEMATIC: SR3Mu/ElectronRes_Down/NMinusOne/charge_abs1/pair_highM/mass in Skim_TriLep_DYJets.root
2026-08-18 18:29:36,602 - INFO - [2018] MISSING_SYSTEMATIC: SR3Mu/UnclusteredEn_Up/NMinusOne/charge_abs1/pair_highM/mass in Skim_TriLep_DYJets.root
2026-08-18 18:29:36,602 - INFO - [2018] MISSING_SYSTEMATIC: SR3Mu/UnclusteredEn_Down/NMinusOne/charge_abs1/pair_highM/mass in Skim_TriLep_DYJets.root
2026-08-18 18:29:36,603 - INFO - [2018] MISSING_SYSTEMATIC: SR3Mu/BtagSF_HFcorr_Up/NMinusOne/charge_abs1/pair_highM/mass in Skim_TriLep_DYJets.root
2026-08-18 18:29:36,603 - INFO - [2018] MISSING_SYSTEMATIC: SR3Mu/BtagSF_HFcorr_Down/NMinusOne/charge_abs1/pair_highM/mass in Skim_TriLep_DYJets.root
2026-08-18 18:29:36,604 - INFO - [2018] MISSING_SYSTEMATIC: SR3Mu/BtagSF_HFuncorr_Up/NMinusOne/charge_abs1/pair_highM/mass in Skim_TriLep_DYJets.root
2026-08-18 18:29:36,604 - INFO - [2018] MISSING_SYSTEMATIC: SR3Mu/BtagSF_HFuncorr_Down/NMinusOne/charge_abs1/pair_highM/mass in Skim_TriLep_DYJets.root
2026-08-18 18:29:36,605 - INFO - [2018] MISSING_SYSTEMATIC: SR3Mu/BtagSF_LFcorr_Up/NMinusOne/charge_abs1/pair_highM/mass in Skim_TriLep_DYJets.root
2026-08-18 18:29:36,605 - INFO - [2018] MISSING_SYSTEMATIC: SR3Mu/BtagSF_LFcorr_Down/NMinusOne/charge_abs1/pair_highM/mass in Skim_TriLep_DYJets.root
2026-08-18 18:29:36,606 - INFO - [2018] MISSING_SYSTEMATIC: SR3Mu/BtagSF_LFuncorr_Up/NMinusOne/charge_abs1/pair_highM/mass in Skim_TriLep_DYJets.root
2026-08-18 18:29:36,606 - INFO - [2018] MISSING_SYSTEMATIC: SR3Mu/BtagSF_LFuncorr_Down/NMinusOne/charge_abs1/pair_highM/mass in Skim_TriLep_DYJets.root
2026-08-18 18:29:36,607 - INFO - [2018] MISSING_CENTRAL: SR3Mu/Central/NMinusOne/charge_abs1/pair_highM/mass in Skim_TriLep_DYJets10to50.root
2026-08-18 18:29:36,608 - INFO - [2018] MISSING_SYSTEMATIC: SR3Mu/L1Prefire_Up/NMinusOne/charge_abs1/pair_highM/mass in Skim_TriLep_TTG.root
2026-08-18 18:29:36,608 - INFO - [2018] MISSING_SYSTEMATIC: SR3Mu/L1Prefire_Down/NMinusOne/charge_abs1/pair_highM/mass in Skim_TriLep_TTG.root
2026-08-18 18:29:36,609 - INFO - [2018] MISSING_SYSTEMATIC: SR3Mu/PileupReweight_Up/NMinusOne/charge_abs1/pair_highM/mass in Skim_TriLep_TTG.root
2026-08-18 18:29:36,609 - INFO - [2018] MISSING_SYSTEMATIC: SR3Mu/PileupReweight_Down/NMinusOne/charge_abs1/pair_highM/mass in Skim_TriLep_TTG.root
2026-08-18 18:29:36,610 - INFO - [2018] MISSING_SYSTEMATIC: SR3Mu/PileupJetIDSF_Up/NMinusOne/charge_abs1/pair_highM/mass in Skim_TriLep_TTG.root
2026-08-18 18:29:36,610 - INFO - [2018] MISSING_SYSTEMATIC: SR3Mu/PileupJetIDSF_Down/NMinusOne/charge_abs1/pair_highM/mass in Skim_TriLep_TTG.root
2026-08-18 18:29:36,611 - INFO - [2018] MISSING_SYSTEMATIC: SR3Mu/MuonIDSF_Up/NMinusOne/charge_abs1/pair_highM/mass in Skim_TriLep_TTG.root
2026-08-18 18:29:36,611 - INFO - [2018] MISSING_SYSTEMATIC: SR3Mu/MuonIDSF_Down/NMinusOne/charge_abs1/pair_highM/mass in Skim_TriLep_TTG.root
2026-08-18 18:29:36,612 - INFO - [2018] MISSING_SYSTEMATIC: SR3Mu/DblMuTrigSF_Up/NMinusOne/charge_abs1/pair_highM/mass in Skim_TriLep_TTG.root
2026-08-18 18:29:36,612 - INFO - [2018] MISSING_SYSTEMATIC: SR3Mu/DblMuTrigSF_Down/NMinusOne/charge_abs1/pair_highM/mass in Skim_TriLep_TTG.root
2026-08-18 18:29:36,613 - INFO - [2018] MISSING_SYSTEMATIC: SR3Mu/JetEn_Up/NMinusOne/charge_abs1/pair_highM/mass in Skim_TriLep_TTG.root
2026-08-18 18:29:36,613 - INFO - [2018] MISSING_SYSTEMATIC: SR3Mu/JetEn_Down/NMinusOne/charge_abs1/pair_highM/mass in Skim_TriLep_TTG.root
2026-08-18 18:29:36,614 - INFO - [2018] MISSING_SYSTEMATIC: SR3Mu/JetRes_Up/NMinusOne/charge_abs1/pair_highM/mass in Skim_TriLep_TTG.root
2026-08-18 18:29:36,614 - INFO - [2018] MISSING_SYSTEMATIC: SR3Mu/JetRes_Down/NMinusOne/charge_abs1/pair_highM/mass in Skim_TriLep_TTG.root
2026-08-18 18:29:36,615 - INFO - [2018] MISSING_SYSTEMATIC: SR3Mu/MuonEn_Up/NMinusOne/charge_abs1/pair_highM/mass in Skim_TriLep_TTG.root
2026-08-18 18:29:36,615 - INFO - [2018] MISSING_SYSTEMATIC: SR3Mu/MuonEn_Down/NMinusOne/charge_abs1/pair_highM/mass in Skim_TriLep_TTG.root
2026-08-18 18:29:36,616 - INFO - [2018] MISSING_SYSTEMATIC: SR3Mu/ElectronEn_Up/NMinusOne/charge_abs1/pair_highM/mass in Skim_TriLep_TTG.root
2026-08-18 18:29:36,616 - INFO - [2018] MISSING_SYSTEMATIC: SR3Mu/ElectronEn_Down/NMinusOne/charge_abs1/pair_highM/mass in Skim_TriLep_TTG.root
2026-08-18 18:29:36,617 - INFO - [2018] MISSING_SYSTEMATIC: SR3Mu/ElectronRes_Up/NMinusOne/charge_abs1/pair_highM/mass in Skim_TriLep_TTG.root
2026-08-18 18:29:36,617 - INFO - [2018] MISSING_SYSTEMATIC: SR3Mu/ElectronRes_Down/NMinusOne/charge_abs1/pair_highM/mass in Skim_TriLep_TTG.root
2026-08-18 18:29:36,618 - INFO - [2018] MISSING_SYSTEMATIC: SR3Mu/UnclusteredEn_Up/NMinusOne/charge_abs1/pair_highM/mass in Skim_TriLep_TTG.root
2026-08-18 18:29:36,618 - INFO - [2018] MISSING_SYSTEMATIC: SR3Mu/UnclusteredEn_Down/NMinusOne/charge_abs1/pair_highM/mass in Skim_TriLep_TTG.root
2026-08-18 18:29:36,618 - INFO - [2018] MISSING_SYSTEMATIC: SR3Mu/BtagSF_HFcorr_Up/NMinusOne/charge_abs1/pair_highM/mass in Skim_TriLep_TTG.root
2026-08-18 18:29:36,618 - INFO - [2018] MISSING_SYSTEMATIC: SR3Mu/BtagSF_HFcorr_Down/NMinusOne/charge_abs1/pair_highM/mass in Skim_TriLep_TTG.root
2026-08-18 18:29:36,619 - INFO - [2018] MISSING_SYSTEMATIC: SR3Mu/BtagSF_HFuncorr_Up/NMinusOne/charge_abs1/pair_highM/mass in Skim_TriLep_TTG.root
2026-08-18 18:29:36,619 - INFO - [2018] MISSING_SYSTEMATIC: SR3Mu/BtagSF_HFuncorr_Down/NMinusOne/charge_abs1/pair_highM/mass in Skim_TriLep_TTG.root
2026-08-18 18:29:36,620 - INFO - [2018] MISSING_SYSTEMATIC: SR3Mu/BtagSF_LFcorr_Up/NMinusOne/charge_abs1/pair_highM/mass in Skim_TriLep_TTG.root
2026-08-18 18:29:36,620 - INFO - [2018] MISSING_SYSTEMATIC: SR3Mu/BtagSF_LFcorr_Down/NMinusOne/charge_abs1/pair_highM/mass in Skim_TriLep_TTG.root
2026-08-18 18:29:36,621 - INFO - [2018] MISSING_SYSTEMATIC: SR3Mu/BtagSF_LFuncorr_Up/NMinusOne/charge_abs1/pair_highM/mass in Skim_TriLep_TTG.root
2026-08-18 18:29:36,621 - INFO - [2018] MISSING_SYSTEMATIC: SR3Mu/BtagSF_LFuncorr_Down/NMinusOne/charge_abs1/pair_highM/mass in Skim_TriLep_TTG.root
2026-08-18 18:29:36,623 - INFO - [2018] MISSING_SYSTEMATIC: SR3Mu/L1Prefire_Up/NMinusOne/charge_abs1/pair_highM/mass in Skim_TriLep_WWG.root
2026-08-18 18:29:36,623 - INFO - [2018] MISSING_SYSTEMATIC: SR3Mu/L1Prefire_Down/NMinusOne/charge_abs1/pair_highM/mass in Skim_TriLep_WWG.root
2026-08-18 18:29:36,624 - INFO - [2018] MISSING_SYSTEMATIC: SR3Mu/PileupReweight_Up/NMinusOne/charge_abs1/pair_highM/mass in Skim_TriLep_WWG.root
2026-08-18 18:29:36,624 - INFO - [2018] MISSING_SYSTEMATIC: SR3Mu/PileupReweight_Down/NMinusOne/charge_abs1/pair_highM/mass in Skim_TriLep_WWG.root
2026-08-18 18:29:36,624 - INFO - [2018] MISSING_SYSTEMATIC: SR3Mu/PileupJetIDSF_Up/NMinusOne/charge_abs1/pair_highM/mass in Skim_TriLep_WWG.root
2026-08-18 18:29:36,625 - INFO - [2018] MISSING_SYSTEMATIC: SR3Mu/PileupJetIDSF_Down/NMinusOne/charge_abs1/pair_highM/mass in Skim_TriLep_WWG.root
2026-08-18 18:29:36,625 - INFO - [2018] MISSING_SYSTEMATIC: SR3Mu/MuonIDSF_Up/NMinusOne/charge_abs1/pair_highM/mass in Skim_TriLep_WWG.root
2026-08-18 18:29:36,625 - INFO - [2018] MISSING_SYSTEMATIC: SR3Mu/MuonIDSF_Down/NMinusOne/charge_abs1/pair_highM/mass in Skim_TriLep_WWG.root
2026-08-18 18:29:36,626 - INFO - [2018] MISSING_SYSTEMATIC: SR3Mu/DblMuTrigSF_Up/NMinusOne/charge_abs1/pair_highM/mass in Skim_TriLep_WWG.root
2026-08-18 18:29:36,626 - INFO - [2018] MISSING_SYSTEMATIC: SR3Mu/DblMuTrigSF_Down/NMinusOne/charge_abs1/pair_highM/mass in Skim_TriLep_WWG.root
2026-08-18 18:29:36,627 - INFO - [2018] MISSING_SYSTEMATIC: SR3Mu/JetEn_Up/NMinusOne/charge_abs1/pair_highM/mass in Skim_TriLep_WWG.root
2026-08-18 18:29:36,627 - INFO - [2018] MISSING_SYSTEMATIC: SR3Mu/JetEn_Down/NMinusOne/charge_abs1/pair_highM/mass in Skim_TriLep_WWG.root
2026-08-18 18:29:36,628 - INFO - [2018] MISSING_SYSTEMATIC: SR3Mu/JetRes_Up/NMinusOne/charge_abs1/pair_highM/mass in Skim_TriLep_WWG.root
2026-08-18 18:29:36,628 - INFO - [2018] MISSING_SYSTEMATIC: SR3Mu/JetRes_Down/NMinusOne/charge_abs1/pair_highM/mass in Skim_TriLep_WWG.root
2026-08-18 18:29:36,629 - INFO - [2018] MISSING_SYSTEMATIC: SR3Mu/MuonEn_Up/NMinusOne/charge_abs1/pair_highM/mass in Skim_TriLep_WWG.root
2026-08-18 18:29:36,629 - INFO - [2018] MISSING_SYSTEMATIC: SR3Mu/MuonEn_Down/NMinusOne/charge_abs1/pair_highM/mass in Skim_TriLep_WWG.root
2026-08-18 18:29:36,630 - INFO - [2018] MISSING_SYSTEMATIC: SR3Mu/ElectronEn_Up/NMinusOne/charge_abs1/pair_highM/mass in Skim_TriLep_WWG.root
2026-08-18 18:29:36,630 - INFO - [2018] MISSING_SYSTEMATIC: SR3Mu/ElectronEn_Down/NMinusOne/charge_abs1/pair_highM/mass in Skim_TriLep_WWG.root
2026-08-18 18:29:36,631 - INFO - [2018] MISSING_SYSTEMATIC: SR3Mu/ElectronRes_Up/NMinusOne/charge_abs1/pair_highM/mass in Skim_TriLep_WWG.root
2026-08-18 18:29:36,631 - INFO - [2018] MISSING_SYSTEMATIC: SR3Mu/ElectronRes_Down/NMinusOne/charge_abs1/pair_highM/mass in Skim_TriLep_WWG.root
2026-08-18 18:29:36,632 - INFO - [2018] MISSING_SYSTEMATIC: SR3Mu/UnclusteredEn_Up/NMinusOne/charge_abs1/pair_highM/mass in Skim_TriLep_WWG.root
2026-08-18 18:29:36,632 - INFO - [2018] MISSING_SYSTEMATIC: SR3Mu/UnclusteredEn_Down/NMinusOne/charge_abs1/pair_highM/mass in Skim_TriLep_WWG.root
2026-08-18 18:29:36,633 - INFO - [2018] MISSING_SYSTEMATIC: SR3Mu/BtagSF_HFcorr_Up/NMinusOne/charge_abs1/pair_highM/mass in Skim_TriLep_WWG.root
2026-08-18 18:29:36,633 - INFO - [2018] MISSING_SYSTEMATIC: SR3Mu/BtagSF_HFcorr_Down/NMinusOne/charge_abs1/pair_highM/mass in Skim_TriLep_WWG.root
2026-08-18 18:29:36,634 - INFO - [2018] MISSING_SYSTEMATIC: SR3Mu/BtagSF_HFuncorr_Up/NMinusOne/charge_abs1/pair_highM/mass in Skim_TriLep_WWG.root
2026-08-18 18:29:36,634 - INFO - [2018] MISSING_SYSTEMATIC: SR3Mu/BtagSF_HFuncorr_Down/NMinusOne/charge_abs1/pair_highM/mass in Skim_TriLep_WWG.root
2026-08-18 18:29:36,635 - INFO - [2018] MISSING_SYSTEMATIC: SR3Mu/BtagSF_LFcorr_Up/NMinusOne/charge_abs1/pair_highM/mass in Skim_TriLep_WWG.root
2026-08-18 18:29:36,635 - INFO - [2018] MISSING_SYSTEMATIC: SR3Mu/BtagSF_LFcorr_Down/NMinusOne/charge_abs1/pair_highM/mass in Skim_TriLep_WWG.root
2026-08-18 18:29:36,636 - INFO - [2018] MISSING_SYSTEMATIC: SR3Mu/BtagSF_LFuncorr_Up/NMinusOne/charge_abs1/pair_highM/mass in Skim_TriLep_WWG.root
2026-08-18 18:29:36,636 - INFO - [2018] MISSING_SYSTEMATIC: SR3Mu/BtagSF_LFuncorr_Down/NMinusOne/charge_abs1/pair_highM/mass in Skim_TriLep_WWG.root
2026-08-18 18:29:36,637 - INFO - [2018] MISSING_SYSTEMATIC: SR3Mu/L1Prefire_Up/NMinusOne/charge_abs1/pair_highM/mass in Skim_TriLep_TTWToLNu.root
2026-08-18 18:29:36,637 - INFO - [2018] MISSING_SYSTEMATIC: SR3Mu/L1Prefire_Down/NMinusOne/charge_abs1/pair_highM/mass in Skim_TriLep_TTWToLNu.root
2026-08-18 18:29:36,638 - INFO - [2018] MISSING_SYSTEMATIC: SR3Mu/PileupReweight_Up/NMinusOne/charge_abs1/pair_highM/mass in Skim_TriLep_TTWToLNu.root
2026-08-18 18:29:36,638 - INFO - [2018] MISSING_SYSTEMATIC: SR3Mu/PileupReweight_Down/NMinusOne/charge_abs1/pair_highM/mass in Skim_TriLep_TTWToLNu.root
2026-08-18 18:29:36,639 - INFO - [2018] MISSING_SYSTEMATIC: SR3Mu/PileupJetIDSF_Up/NMinusOne/charge_abs1/pair_highM/mass in Skim_TriLep_TTWToLNu.root
2026-08-18 18:29:36,639 - INFO - [2018] MISSING_SYSTEMATIC: SR3Mu/PileupJetIDSF_Down/NMinusOne/charge_abs1/pair_highM/mass in Skim_TriLep_TTWToLNu.root
2026-08-18 18:29:36,640 - INFO - [2018] MISSING_SYSTEMATIC: SR3Mu/MuonIDSF_Up/NMinusOne/charge_abs1/pair_highM/mass in Skim_TriLep_TTWToLNu.root
2026-08-18 18:29:36,640 - INFO - [2018] MISSING_SYSTEMATIC: SR3Mu/MuonIDSF_Down/NMinusOne/charge_abs1/pair_highM/mass in Skim_TriLep_TTWToLNu.root
2026-08-18 18:29:36,641 - INFO - [2018] MISSING_SYSTEMATIC: SR3Mu/DblMuTrigSF_Up/NMinusOne/charge_abs1/pair_highM/mass in Skim_TriLep_TTWToLNu.root
2026-08-18 18:29:36,641 - INFO - [2018] MISSING_SYSTEMATIC: SR3Mu/DblMuTrigSF_Down/NMinusOne/charge_abs1/pair_highM/mass in Skim_TriLep_TTWToLNu.root
2026-08-18 18:29:36,642 - INFO - [2018] MISSING_SYSTEMATIC: SR3Mu/JetEn_Up/NMinusOne/charge_abs1/pair_highM/mass in Skim_TriLep_TTWToLNu.root
2026-08-18 18:29:36,642 - INFO - [2018] MISSING_SYSTEMATIC: SR3Mu/JetEn_Down/NMinusOne/charge_abs1/pair_highM/mass in Skim_TriLep_TTWToLNu.root
2026-08-18 18:29:36,643 - INFO - [2018] MISSING_SYSTEMATIC: SR3Mu/JetRes_Up/NMinusOne/charge_abs1/pair_highM/mass in Skim_TriLep_TTWToLNu.root
2026-08-18 18:29:36,643 - INFO - [2018] MISSING_SYSTEMATIC: SR3Mu/JetRes_Down/NMinusOne/charge_abs1/pair_highM/mass in Skim_TriLep_TTWToLNu.root
2026-08-18 18:29:36,644 - INFO - [2018] MISSING_SYSTEMATIC: SR3Mu/MuonEn_Up/NMinusOne/charge_abs1/pair_highM/mass in Skim_TriLep_TTWToLNu.root
2026-08-18 18:29:36,644 - INFO - [2018] MISSING_SYSTEMATIC: SR3Mu/MuonEn_Down/NMinusOne/charge_abs1/pair_highM/mass in Skim_TriLep_TTWToLNu.root
2026-08-18 18:29:36,645 - INFO - [2018] MISSING_SYSTEMATIC: SR3Mu/ElectronEn_Up/NMinusOne/charge_abs1/pair_highM/mass in Skim_TriLep_TTWToLNu.root
2026-08-18 18:29:36,645 - INFO - [2018] MISSING_SYSTEMATIC: SR3Mu/ElectronEn_Down/NMinusOne/charge_abs1/pair_highM/mass in Skim_TriLep_TTWToLNu.root
2026-08-18 18:29:36,646 - INFO - [2018] MISSING_SYSTEMATIC: SR3Mu/ElectronRes_Up/NMinusOne/charge_abs1/pair_highM/mass in Skim_TriLep_TTWToLNu.root
2026-08-18 18:29:36,646 - INFO - [2018] MISSING_SYSTEMATIC: SR3Mu/ElectronRes_Down/NMinusOne/charge_abs1/pair_highM/mass in Skim_TriLep_TTWToLNu.root
2026-08-18 18:29:36,647 - INFO - [2018] MISSING_SYSTEMATIC: SR3Mu/UnclusteredEn_Up/NMinusOne/charge_abs1/pair_highM/mass in Skim_TriLep_TTWToLNu.root
2026-08-18 18:29:36,647 - INFO - [2018] MISSING_SYSTEMATIC: SR3Mu/UnclusteredEn_Down/NMinusOne/charge_abs1/pair_highM/mass in Skim_TriLep_TTWToLNu.root
2026-08-18 18:29:36,648 - INFO - [2018] MISSING_SYSTEMATIC: SR3Mu/BtagSF_HFcorr_Up/NMinusOne/charge_abs1/pair_highM/mass in Skim_TriLep_TTWToLNu.root
2026-08-18 18:29:36,648 - INFO - [2018] MISSING_SYSTEMATIC: SR3Mu/BtagSF_HFcorr_Down/NMinusOne/charge_abs1/pair_highM/mass in Skim_TriLep_TTWToLNu.root
2026-08-18 18:29:36,649 - INFO - [2018] MISSING_SYSTEMATIC: SR3Mu/BtagSF_HFuncorr_Up/NMinusOne/charge_abs1/pair_highM/mass in Skim_TriLep_TTWToLNu.root
2026-08-18 18:29:36,649 - INFO - [2018] MISSING_SYSTEMATIC: SR3Mu/BtagSF_HFuncorr_Down/NMinusOne/charge_abs1/pair_highM/mass in Skim_TriLep_TTWToLNu.root
2026-08-18 18:29:36,650 - INFO - [2018] MISSING_SYSTEMATIC: SR3Mu/BtagSF_LFcorr_Up/NMinusOne/charge_abs1/pair_highM/mass in Skim_TriLep_TTWToLNu.root
2026-08-18 18:29:36,650 - INFO - [2018] MISSING_SYSTEMATIC: SR3Mu/BtagSF_LFcorr_Down/NMinusOne/charge_abs1/pair_highM/mass in Skim_TriLep_TTWToLNu.root
2026-08-18 18:29:36,651 - INFO - [2018] MISSING_SYSTEMATIC: SR3Mu/BtagSF_LFuncorr_Up/NMinusOne/charge_abs1/pair_highM/mass in Skim_TriLep_TTWToLNu.root
2026-08-18 18:29:36,651 - INFO - [2018] MISSING_SYSTEMATIC: SR3Mu/BtagSF_LFuncorr_Down/NMinusOne/charge_abs1/pair_highM/mass in Skim_TriLep_TTWToLNu.root
2026-08-18 18:29:36,653 - INFO - [2018] MISSING_SYSTEMATIC: SR3Mu/L1Prefire_Up/NMinusOne/charge_abs1/pair_highM/mass in Skim_TriLep_TTZToLLNuNu.root
2026-08-18 18:29:36,653 - INFO - [2018] MISSING_SYSTEMATIC: SR3Mu/L1Prefire_Down/NMinusOne/charge_abs1/pair_highM/mass in Skim_TriLep_TTZToLLNuNu.root
2026-08-18 18:29:36,654 - INFO - [2018] MISSING_SYSTEMATIC: SR3Mu/PileupReweight_Up/NMinusOne/charge_abs1/pair_highM/mass in Skim_TriLep_TTZToLLNuNu.root
2026-08-18 18:29:36,654 - INFO - [2018] MISSING_SYSTEMATIC: SR3Mu/PileupReweight_Down/NMinusOne/charge_abs1/pair_highM/mass in Skim_TriLep_TTZToLLNuNu.root
2026-08-18 18:29:36,655 - INFO - [2018] MISSING_SYSTEMATIC: SR3Mu/PileupJetIDSF_Up/NMinusOne/charge_abs1/pair_highM/mass in Skim_TriLep_TTZToLLNuNu.root
2026-08-18 18:29:36,655 - INFO - [2018] MISSING_SYSTEMATIC: SR3Mu/PileupJetIDSF_Down/NMinusOne/charge_abs1/pair_highM/mass in Skim_TriLep_TTZToLLNuNu.root
2026-08-18 18:29:36,656 - INFO - [2018] MISSING_SYSTEMATIC: SR3Mu/MuonIDSF_Up/NMinusOne/charge_abs1/pair_highM/mass in Skim_TriLep_TTZToLLNuNu.root
2026-08-18 18:29:36,656 - INFO - [2018] MISSING_SYSTEMATIC: SR3Mu/MuonIDSF_Down/NMinusOne/charge_abs1/pair_highM/mass in Skim_TriLep_TTZToLLNuNu.root
2026-08-18 18:29:36,657 - INFO - [2018] MISSING_SYSTEMATIC: SR3Mu/DblMuTrigSF_Up/NMinusOne/charge_abs1/pair_highM/mass in Skim_TriLep_TTZToLLNuNu.root
2026-08-18 18:29:36,657 - INFO - [2018] MISSING_SYSTEMATIC: SR3Mu/DblMuTrigSF_Down/NMinusOne/charge_abs1/pair_highM/mass in Skim_TriLep_TTZToLLNuNu.root
2026-08-18 18:29:36,658 - INFO - [2018] MISSING_SYSTEMATIC: SR3Mu/JetEn_Up/NMinusOne/charge_abs1/pair_highM/mass in Skim_TriLep_TTZToLLNuNu.root
2026-08-18 18:29:36,658 - INFO - [2018] MISSING_SYSTEMATIC: SR3Mu/JetEn_Down/NMinusOne/charge_abs1/pair_highM/mass in Skim_TriLep_TTZToLLNuNu.root
2026-08-18 18:29:36,659 - INFO - [2018] MISSING_SYSTEMATIC: SR3Mu/JetRes_Up/NMinusOne/charge_abs1/pair_highM/mass in Skim_TriLep_TTZToLLNuNu.root
2026-08-18 18:29:36,659 - INFO - [2018] MISSING_SYSTEMATIC: SR3Mu/JetRes_Down/NMinusOne/charge_abs1/pair_highM/mass in Skim_TriLep_TTZToLLNuNu.root
2026-08-18 18:29:36,660 - INFO - [2018] MISSING_SYSTEMATIC: SR3Mu/MuonEn_Up/NMinusOne/charge_abs1/pair_highM/mass in Skim_TriLep_TTZToLLNuNu.root
2026-08-18 18:29:36,660 - INFO - [2018] MISSING_SYSTEMATIC: SR3Mu/MuonEn_Down/NMinusOne/charge_abs1/pair_highM/mass in Skim_TriLep_TTZToLLNuNu.root
2026-08-18 18:29:36,661 - INFO - [2018] MISSING_SYSTEMATIC: SR3Mu/ElectronEn_Up/NMinusOne/charge_abs1/pair_highM/mass in Skim_TriLep_TTZToLLNuNu.root
2026-08-18 18:29:36,661 - INFO - [2018] MISSING_SYSTEMATIC: SR3Mu/ElectronEn_Down/NMinusOne/charge_abs1/pair_highM/mass in Skim_TriLep_TTZToLLNuNu.root
2026-08-18 18:29:36,662 - INFO - [2018] MISSING_SYSTEMATIC: SR3Mu/ElectronRes_Up/NMinusOne/charge_abs1/pair_highM/mass in Skim_TriLep_TTZToLLNuNu.root
2026-08-18 18:29:36,662 - INFO - [2018] MISSING_SYSTEMATIC: SR3Mu/ElectronRes_Down/NMinusOne/charge_abs1/pair_highM/mass in Skim_TriLep_TTZToLLNuNu.root
2026-08-18 18:29:36,663 - INFO - [2018] MISSING_SYSTEMATIC: SR3Mu/UnclusteredEn_Up/NMinusOne/charge_abs1/pair_highM/mass in Skim_TriLep_TTZToLLNuNu.root
2026-08-18 18:29:36,663 - INFO - [2018] MISSING_SYSTEMATIC: SR3Mu/UnclusteredEn_Down/NMinusOne/charge_abs1/pair_highM/mass in Skim_TriLep_TTZToLLNuNu.root
2026-08-18 18:29:36,664 - INFO - [2018] MISSING_SYSTEMATIC: SR3Mu/BtagSF_HFcorr_Up/NMinusOne/charge_abs1/pair_highM/mass in Skim_TriLep_TTZToLLNuNu.root
2026-08-18 18:29:36,664 - INFO - [2018] MISSING_SYSTEMATIC: SR3Mu/BtagSF_HFcorr_Down/NMinusOne/charge_abs1/pair_highM/mass in Skim_TriLep_TTZToLLNuNu.root
2026-08-18 18:29:36,664 - INFO - [2018] MISSING_SYSTEMATIC: SR3Mu/BtagSF_HFuncorr_Up/NMinusOne/charge_abs1/pair_highM/mass in Skim_TriLep_TTZToLLNuNu.root
2026-08-18 18:29:36,665 - INFO - [2018] MISSING_SYSTEMATIC: SR3Mu/BtagSF_HFuncorr_Down/NMinusOne/charge_abs1/pair_highM/mass in Skim_TriLep_TTZToLLNuNu.root
2026-08-18 18:29:36,665 - INFO - [2018] MISSING_SYSTEMATIC: SR3Mu/BtagSF_LFcorr_Up/NMinusOne/charge_abs1/pair_highM/mass in Skim_TriLep_TTZToLLNuNu.root
2026-08-18 18:29:36,666 - INFO - [2018] MISSING_SYSTEMATIC: SR3Mu/BtagSF_LFcorr_Down/NMinusOne/charge_abs1/pair_highM/mass in Skim_TriLep_TTZToLLNuNu.root
2026-08-18 18:29:36,666 - INFO - [2018] MISSING_SYSTEMATIC: SR3Mu/BtagSF_LFuncorr_Up/NMinusOne/charge_abs1/pair_highM/mass in Skim_TriLep_TTZToLLNuNu.root
2026-08-18 18:29:36,666 - INFO - [2018] MISSING_SYSTEMATIC: SR3Mu/BtagSF_LFuncorr_Down/NMinusOne/charge_abs1/pair_highM/mass in Skim_TriLep_TTZToLLNuNu.root
2026-08-18 18:29:36,668 - INFO - [2018] MISSING_SYSTEMATIC: SR3Mu/L1Prefire_Up/NMinusOne/charge_abs1/pair_highM/mass in Skim_TriLep_TTHToNonbb.root
2026-08-18 18:29:36,668 - INFO - [2018] MISSING_SYSTEMATIC: SR3Mu/L1Prefire_Down/NMinusOne/charge_abs1/pair_highM/mass in Skim_TriLep_TTHToNonbb.root
2026-08-18 18:29:36,669 - INFO - [2018] MISSING_SYSTEMATIC: SR3Mu/PileupReweight_Up/NMinusOne/charge_abs1/pair_highM/mass in Skim_TriLep_TTHToNonbb.root
2026-08-18 18:29:36,669 - INFO - [2018] MISSING_SYSTEMATIC: SR3Mu/PileupReweight_Down/NMinusOne/charge_abs1/pair_highM/mass in Skim_TriLep_TTHToNonbb.root
2026-08-18 18:29:36,670 - INFO - [2018] MISSING_SYSTEMATIC: SR3Mu/PileupJetIDSF_Up/NMinusOne/charge_abs1/pair_highM/mass in Skim_TriLep_TTHToNonbb.root
2026-08-18 18:29:36,670 - INFO - [2018] MISSING_SYSTEMATIC: SR3Mu/PileupJetIDSF_Down/NMinusOne/charge_abs1/pair_highM/mass in Skim_TriLep_TTHToNonbb.root
2026-08-18 18:29:36,671 - INFO - [2018] MISSING_SYSTEMATIC: SR3Mu/MuonIDSF_Up/NMinusOne/charge_abs1/pair_highM/mass in Skim_TriLep_TTHToNonbb.root
2026-08-18 18:29:36,671 - INFO - [2018] MISSING_SYSTEMATIC: SR3Mu/MuonIDSF_Down/NMinusOne/charge_abs1/pair_highM/mass in Skim_TriLep_TTHToNonbb.root
2026-08-18 18:29:36,672 - INFO - [2018] MISSING_SYSTEMATIC: SR3Mu/DblMuTrigSF_Up/NMinusOne/charge_abs1/pair_highM/mass in Skim_TriLep_TTHToNonbb.root
2026-08-18 18:29:36,672 - INFO - [2018] MISSING_SYSTEMATIC: SR3Mu/DblMuTrigSF_Down/NMinusOne/charge_abs1/pair_highM/mass in Skim_TriLep_TTHToNonbb.root
2026-08-18 18:29:36,673 - INFO - [2018] MISSING_SYSTEMATIC: SR3Mu/JetEn_Up/NMinusOne/charge_abs1/pair_highM/mass in Skim_TriLep_TTHToNonbb.root
2026-08-18 18:29:36,673 - INFO - [2018] MISSING_SYSTEMATIC: SR3Mu/JetEn_Down/NMinusOne/charge_abs1/pair_highM/mass in Skim_TriLep_TTHToNonbb.root
2026-08-18 18:29:36,674 - INFO - [2018] MISSING_SYSTEMATIC: SR3Mu/JetRes_Up/NMinusOne/charge_abs1/pair_highM/mass in Skim_TriLep_TTHToNonbb.root
2026-08-18 18:29:36,674 - INFO - [2018] MISSING_SYSTEMATIC: SR3Mu/JetRes_Down/NMinusOne/charge_abs1/pair_highM/mass in Skim_TriLep_TTHToNonbb.root
2026-08-18 18:29:36,675 - INFO - [2018] MISSING_SYSTEMATIC: SR3Mu/MuonEn_Up/NMinusOne/charge_abs1/pair_highM/mass in Skim_TriLep_TTHToNonbb.root
2026-08-18 18:29:36,675 - INFO - [2018] MISSING_SYSTEMATIC: SR3Mu/MuonEn_Down/NMinusOne/charge_abs1/pair_highM/mass in Skim_TriLep_TTHToNonbb.root
2026-08-18 18:29:36,676 - INFO - [2018] MISSING_SYSTEMATIC: SR3Mu/ElectronEn_Up/NMinusOne/charge_abs1/pair_highM/mass in Skim_TriLep_TTHToNonbb.root
2026-08-18 18:29:36,676 - INFO - [2018] MISSING_SYSTEMATIC: SR3Mu/ElectronEn_Down/NMinusOne/charge_abs1/pair_highM/mass in Skim_TriLep_TTHToNonbb.root
2026-08-18 18:29:36,677 - INFO - [2018] MISSING_SYSTEMATIC: SR3Mu/ElectronRes_Up/NMinusOne/charge_abs1/pair_highM/mass in Skim_TriLep_TTHToNonbb.root
2026-08-18 18:29:36,677 - INFO - [2018] MISSING_SYSTEMATIC: SR3Mu/ElectronRes_Down/NMinusOne/charge_abs1/pair_highM/mass in Skim_TriLep_TTHToNonbb.root
2026-08-18 18:29:36,678 - INFO - [2018] MISSING_SYSTEMATIC: SR3Mu/UnclusteredEn_Up/NMinusOne/charge_abs1/pair_highM/mass in Skim_TriLep_TTHToNonbb.root
2026-08-18 18:29:36,678 - INFO - [2018] MISSING_SYSTEMATIC: SR3Mu/UnclusteredEn_Down/NMinusOne/charge_abs1/pair_highM/mass in Skim_TriLep_TTHToNonbb.root
2026-08-18 18:29:36,679 - INFO - [2018] MISSING_SYSTEMATIC: SR3Mu/BtagSF_HFcorr_Up/NMinusOne/charge_abs1/pair_highM/mass in Skim_TriLep_TTHToNonbb.root
2026-08-18 18:29:36,679 - INFO - [2018] MISSING_SYSTEMATIC: SR3Mu/BtagSF_HFcorr_Down/NMinusOne/charge_abs1/pair_highM/mass in Skim_TriLep_TTHToNonbb.root
2026-08-18 18:29:36,680 - INFO - [2018] MISSING_SYSTEMATIC: SR3Mu/BtagSF_HFuncorr_Up/NMinusOne/charge_abs1/pair_highM/mass in Skim_TriLep_TTHToNonbb.root
2026-08-18 18:29:36,680 - INFO - [2018] MISSING_SYSTEMATIC: SR3Mu/BtagSF_HFuncorr_Down/NMinusOne/charge_abs1/pair_highM/mass in Skim_TriLep_TTHToNonbb.root
2026-08-18 18:29:36,681 - INFO - [2018] MISSING_SYSTEMATIC: SR3Mu/BtagSF_LFcorr_Up/NMinusOne/charge_abs1/pair_highM/mass in Skim_TriLep_TTHToNonbb.root
2026-08-18 18:29:36,681 - INFO - [2018] MISSING_SYSTEMATIC: SR3Mu/BtagSF_LFcorr_Down/NMinusOne/charge_abs1/pair_highM/mass in Skim_TriLep_TTHToNonbb.root
2026-08-18 18:29:36,682 - INFO - [2018] MISSING_SYSTEMATIC: SR3Mu/BtagSF_LFuncorr_Up/NMinusOne/charge_abs1/pair_highM/mass in Skim_TriLep_TTHToNonbb.root
2026-08-18 18:29:36,682 - INFO - [2018] MISSING_SYSTEMATIC: SR3Mu/BtagSF_LFuncorr_Down/NMinusOne/charge_abs1/pair_highM/mass in Skim_TriLep_TTHToNonbb.root
2026-08-18 18:29:36,683 - INFO - [2018] MISSING_SYSTEMATIC: SR3Mu/L1Prefire_Up/NMinusOne/charge_abs1/pair_highM/mass in Skim_TriLep_tZq.root
2026-08-18 18:29:36,683 - INFO - [2018] MISSING_SYSTEMATIC: SR3Mu/L1Prefire_Down/NMinusOne/charge_abs1/pair_highM/mass in Skim_TriLep_tZq.root
2026-08-18 18:29:36,684 - INFO - [2018] MISSING_SYSTEMATIC: SR3Mu/PileupReweight_Up/NMinusOne/charge_abs1/pair_highM/mass in Skim_TriLep_tZq.root
2026-08-18 18:29:36,684 - INFO - [2018] MISSING_SYSTEMATIC: SR3Mu/PileupReweight_Down/NMinusOne/charge_abs1/pair_highM/mass in Skim_TriLep_tZq.root
2026-08-18 18:29:36,685 - INFO - [2018] MISSING_SYSTEMATIC: SR3Mu/PileupJetIDSF_Up/NMinusOne/charge_abs1/pair_highM/mass in Skim_TriLep_tZq.root
2026-08-18 18:29:36,685 - INFO - [2018] MISSING_SYSTEMATIC: SR3Mu/PileupJetIDSF_Down/NMinusOne/charge_abs1/pair_highM/mass in Skim_TriLep_tZq.root
2026-08-18 18:29:36,686 - INFO - [2018] MISSING_SYSTEMATIC: SR3Mu/MuonIDSF_Up/NMinusOne/charge_abs1/pair_highM/mass in Skim_TriLep_tZq.root
2026-08-18 18:29:36,686 - INFO - [2018] MISSING_SYSTEMATIC: SR3Mu/MuonIDSF_Down/NMinusOne/charge_abs1/pair_highM/mass in Skim_TriLep_tZq.root
2026-08-18 18:29:36,687 - INFO - [2018] MISSING_SYSTEMATIC: SR3Mu/DblMuTrigSF_Up/NMinusOne/charge_abs1/pair_highM/mass in Skim_TriLep_tZq.root
2026-08-18 18:29:36,687 - INFO - [2018] MISSING_SYSTEMATIC: SR3Mu/DblMuTrigSF_Down/NMinusOne/charge_abs1/pair_highM/mass in Skim_TriLep_tZq.root
2026-08-18 18:29:36,688 - INFO - [2018] MISSING_SYSTEMATIC: SR3Mu/JetEn_Up/NMinusOne/charge_abs1/pair_highM/mass in Skim_TriLep_tZq.root
2026-08-18 18:29:36,688 - INFO - [2018] MISSING_SYSTEMATIC: SR3Mu/JetEn_Down/NMinusOne/charge_abs1/pair_highM/mass in Skim_TriLep_tZq.root
2026-08-18 18:29:36,689 - INFO - [2018] MISSING_SYSTEMATIC: SR3Mu/JetRes_Up/NMinusOne/charge_abs1/pair_highM/mass in Skim_TriLep_tZq.root
2026-08-18 18:29:36,689 - INFO - [2018] MISSING_SYSTEMATIC: SR3Mu/JetRes_Down/NMinusOne/charge_abs1/pair_highM/mass in Skim_TriLep_tZq.root
2026-08-18 18:29:36,690 - INFO - [2018] MISSING_SYSTEMATIC: SR3Mu/MuonEn_Up/NMinusOne/charge_abs1/pair_highM/mass in Skim_TriLep_tZq.root
2026-08-18 18:29:36,690 - INFO - [2018] MISSING_SYSTEMATIC: SR3Mu/MuonEn_Down/NMinusOne/charge_abs1/pair_highM/mass in Skim_TriLep_tZq.root
2026-08-18 18:29:36,691 - INFO - [2018] MISSING_SYSTEMATIC: SR3Mu/ElectronEn_Up/NMinusOne/charge_abs1/pair_highM/mass in Skim_TriLep_tZq.root
2026-08-18 18:29:36,691 - INFO - [2018] MISSING_SYSTEMATIC: SR3Mu/ElectronEn_Down/NMinusOne/charge_abs1/pair_highM/mass in Skim_TriLep_tZq.root
2026-08-18 18:29:36,692 - INFO - [2018] MISSING_SYSTEMATIC: SR3Mu/ElectronRes_Up/NMinusOne/charge_abs1/pair_highM/mass in Skim_TriLep_tZq.root
2026-08-18 18:29:36,692 - INFO - [2018] MISSING_SYSTEMATIC: SR3Mu/ElectronRes_Down/NMinusOne/charge_abs1/pair_highM/mass in Skim_TriLep_tZq.root
2026-08-18 18:29:36,693 - INFO - [2018] MISSING_SYSTEMATIC: SR3Mu/UnclusteredEn_Up/NMinusOne/charge_abs1/pair_highM/mass in Skim_TriLep_tZq.root
2026-08-18 18:29:36,693 - INFO - [2018] MISSING_SYSTEMATIC: SR3Mu/UnclusteredEn_Down/NMinusOne/charge_abs1/pair_highM/mass in Skim_TriLep_tZq.root
2026-08-18 18:29:36,694 - INFO - [2018] MISSING_SYSTEMATIC: SR3Mu/BtagSF_HFcorr_Up/NMinusOne/charge_abs1/pair_highM/mass in Skim_TriLep_tZq.root
2026-08-18 18:29:36,694 - INFO - [2018] MISSING_SYSTEMATIC: SR3Mu/BtagSF_HFcorr_Down/NMinusOne/charge_abs1/pair_highM/mass in Skim_TriLep_tZq.root
2026-08-18 18:29:36,695 - INFO - [2018] MISSING_SYSTEMATIC: SR3Mu/BtagSF_HFuncorr_Up/NMinusOne/charge_abs1/pair_highM/mass in Skim_TriLep_tZq.root
2026-08-18 18:29:36,695 - INFO - [2018] MISSING_SYSTEMATIC: SR3Mu/BtagSF_HFuncorr_Down/NMinusOne/charge_abs1/pair_highM/mass in Skim_TriLep_tZq.root
2026-08-18 18:29:36,696 - INFO - [2018] MISSING_SYSTEMATIC: SR3Mu/BtagSF_LFcorr_Up/NMinusOne/charge_abs1/pair_highM/mass in Skim_TriLep_tZq.root
2026-08-18 18:29:36,696 - INFO - [2018] MISSING_SYSTEMATIC: SR3Mu/BtagSF_LFcorr_Down/NMinusOne/charge_abs1/pair_highM/mass in Skim_TriLep_tZq.root
2026-08-18 18:29:36,697 - INFO - [2018] MISSING_SYSTEMATIC: SR3Mu/BtagSF_LFuncorr_Up/NMinusOne/charge_abs1/pair_highM/mass in Skim_TriLep_tZq.root
2026-08-18 18:29:36,697 - INFO - [2018] MISSING_SYSTEMATIC: SR3Mu/BtagSF_LFuncorr_Down/NMinusOne/charge_abs1/pair_highM/mass in Skim_TriLep_tZq.root
2026-08-18 18:29:36,699 - INFO - [2018] MISSING_SYSTEMATIC: SR3Mu/L1Prefire_Up/NMinusOne/charge_abs1/pair_highM/mass in Skim_TriLep_WZTo3LNu_amcatnlo.root
2026-08-18 18:29:36,699 - INFO - [2018] MISSING_SYSTEMATIC: SR3Mu/L1Prefire_Down/NMinusOne/charge_abs1/pair_highM/mass in Skim_TriLep_WZTo3LNu_amcatnlo.root
2026-08-18 18:29:36,700 - INFO - [2018] MISSING_SYSTEMATIC: SR3Mu/PileupReweight_Up/NMinusOne/charge_abs1/pair_highM/mass in Skim_TriLep_WZTo3LNu_amcatnlo.root
2026-08-18 18:29:36,700 - INFO - [2018] MISSING_SYSTEMATIC: SR3Mu/PileupReweight_Down/NMinusOne/charge_abs1/pair_highM/mass in Skim_TriLep_WZTo3LNu_amcatnlo.root
2026-08-18 18:29:36,701 - INFO - [2018] MISSING_SYSTEMATIC: SR3Mu/PileupJetIDSF_Up/NMinusOne/charge_abs1/pair_highM/mass in Skim_TriLep_WZTo3LNu_amcatnlo.root
2026-08-18 18:29:36,701 - INFO - [2018] MISSING_SYSTEMATIC: SR3Mu/PileupJetIDSF_Down/NMinusOne/charge_abs1/pair_highM/mass in Skim_TriLep_WZTo3LNu_amcatnlo.root
2026-08-18 18:29:36,702 - INFO - [2018] MISSING_SYSTEMATIC: SR3Mu/MuonIDSF_Up/NMinusOne/charge_abs1/pair_highM/mass in Skim_TriLep_WZTo3LNu_amcatnlo.root
2026-08-18 18:29:36,702 - INFO - [2018] MISSING_SYSTEMATIC: SR3Mu/MuonIDSF_Down/NMinusOne/charge_abs1/pair_highM/mass in Skim_TriLep_WZTo3LNu_amcatnlo.root
2026-08-18 18:29:36,703 - INFO - [2018] MISSING_SYSTEMATIC: SR3Mu/DblMuTrigSF_Up/NMinusOne/charge_abs1/pair_highM/mass in Skim_TriLep_WZTo3LNu_amcatnlo.root
2026-08-18 18:29:36,703 - INFO - [2018] MISSING_SYSTEMATIC: SR3Mu/DblMuTrigSF_Down/NMinusOne/charge_abs1/pair_highM/mass in Skim_TriLep_WZTo3LNu_amcatnlo.root
2026-08-18 18:29:36,704 - INFO - [2018] MISSING_SYSTEMATIC: SR3Mu/JetEn_Up/NMinusOne/charge_abs1/pair_highM/mass in Skim_TriLep_WZTo3LNu_amcatnlo.root
2026-08-18 18:29:36,704 - INFO - [2018] MISSING_SYSTEMATIC: SR3Mu/JetEn_Down/NMinusOne/charge_abs1/pair_highM/mass in Skim_TriLep_WZTo3LNu_amcatnlo.root
2026-08-18 18:29:36,705 - INFO - [2018] MISSING_SYSTEMATIC: SR3Mu/JetRes_Up/NMinusOne/charge_abs1/pair_highM/mass in Skim_TriLep_WZTo3LNu_amcatnlo.root
2026-08-18 18:29:36,705 - INFO - [2018] MISSING_SYSTEMATIC: SR3Mu/JetRes_Down/NMinusOne/charge_abs1/pair_highM/mass in Skim_TriLep_WZTo3LNu_amcatnlo.root
2026-08-18 18:29:36,706 - INFO - [2018] MISSING_SYSTEMATIC: SR3Mu/MuonEn_Up/NMinusOne/charge_abs1/pair_highM/mass in Skim_TriLep_WZTo3LNu_amcatnlo.root
2026-08-18 18:29:36,706 - INFO - [2018] MISSING_SYSTEMATIC: SR3Mu/MuonEn_Down/NMinusOne/charge_abs1/pair_highM/mass in Skim_TriLep_WZTo3LNu_amcatnlo.root
2026-08-18 18:29:36,707 - INFO - [2018] MISSING_SYSTEMATIC: SR3Mu/ElectronEn_Up/NMinusOne/charge_abs1/pair_highM/mass in Skim_TriLep_WZTo3LNu_amcatnlo.root
2026-08-18 18:29:36,707 - INFO - [2018] MISSING_SYSTEMATIC: SR3Mu/ElectronEn_Down/NMinusOne/charge_abs1/pair_highM/mass in Skim_TriLep_WZTo3LNu_amcatnlo.root
2026-08-18 18:29:36,708 - INFO - [2018] MISSING_SYSTEMATIC: SR3Mu/ElectronRes_Up/NMinusOne/charge_abs1/pair_highM/mass in Skim_TriLep_WZTo3LNu_amcatnlo.root
2026-08-18 18:29:36,708 - INFO - [2018] MISSING_SYSTEMATIC: SR3Mu/ElectronRes_Down/NMinusOne/charge_abs1/pair_highM/mass in Skim_TriLep_WZTo3LNu_amcatnlo.root
2026-08-18 18:29:36,709 - INFO - [2018] MISSING_SYSTEMATIC: SR3Mu/UnclusteredEn_Up/NMinusOne/charge_abs1/pair_highM/mass in Skim_TriLep_WZTo3LNu_amcatnlo.root
2026-08-18 18:29:36,709 - INFO - [2018] MISSING_SYSTEMATIC: SR3Mu/UnclusteredEn_Down/NMinusOne/charge_abs1/pair_highM/mass in Skim_TriLep_WZTo3LNu_amcatnlo.root
2026-08-18 18:29:36,710 - INFO - [2018] MISSING_SYSTEMATIC: SR3Mu/BtagSF_HFcorr_Up/NMinusOne/charge_abs1/pair_highM/mass in Skim_TriLep_WZTo3LNu_amcatnlo.root
2026-08-18 18:29:36,710 - INFO - [2018] MISSING_SYSTEMATIC: SR3Mu/BtagSF_HFcorr_Down/NMinusOne/charge_abs1/pair_highM/mass in Skim_TriLep_WZTo3LNu_amcatnlo.root
2026-08-18 18:29:36,711 - INFO - [2018] MISSING_SYSTEMATIC: SR3Mu/BtagSF_HFuncorr_Up/NMinusOne/charge_abs1/pair_highM/mass in Skim_TriLep_WZTo3LNu_amcatnlo.root
2026-08-18 18:29:36,711 - INFO - [2018] MISSING_SYSTEMATIC: SR3Mu/BtagSF_HFuncorr_Down/NMinusOne/charge_abs1/pair_highM/mass in Skim_TriLep_WZTo3LNu_amcatnlo.root
2026-08-18 18:29:36,712 - INFO - [2018] MISSING_SYSTEMATIC: SR3Mu/BtagSF_LFcorr_Up/NMinusOne/charge_abs1/pair_highM/mass in Skim_TriLep_WZTo3LNu_amcatnlo.root
2026-08-18 18:29:36,712 - INFO - [2018] MISSING_SYSTEMATIC: SR3Mu/BtagSF_LFcorr_Down/NMinusOne/charge_abs1/pair_highM/mass in Skim_TriLep_WZTo3LNu_amcatnlo.root
2026-08-18 18:29:36,713 - INFO - [2018] MISSING_SYSTEMATIC: SR3Mu/BtagSF_LFuncorr_Up/NMinusOne/charge_abs1/pair_highM/mass in Skim_TriLep_WZTo3LNu_amcatnlo.root
2026-08-18 18:29:36,713 - INFO - [2018] MISSING_SYSTEMATIC: SR3Mu/BtagSF_LFuncorr_Down/NMinusOne/charge_abs1/pair_highM/mass in Skim_TriLep_WZTo3LNu_amcatnlo.root
2026-08-18 18:29:36,715 - INFO - [2018] MISSING_SYSTEMATIC: SR3Mu/L1Prefire_Up/NMinusOne/charge_abs1/pair_highM/mass in Skim_TriLep_ZZTo4L_powheg.root
2026-08-18 18:29:36,715 - INFO - [2018] MISSING_SYSTEMATIC: SR3Mu/L1Prefire_Down/NMinusOne/charge_abs1/pair_highM/mass in Skim_TriLep_ZZTo4L_powheg.root
2026-08-18 18:29:36,716 - INFO - [2018] MISSING_SYSTEMATIC: SR3Mu/PileupReweight_Up/NMinusOne/charge_abs1/pair_highM/mass in Skim_TriLep_ZZTo4L_powheg.root
2026-08-18 18:29:36,716 - INFO - [2018] MISSING_SYSTEMATIC: SR3Mu/PileupReweight_Down/NMinusOne/charge_abs1/pair_highM/mass in Skim_TriLep_ZZTo4L_powheg.root
2026-08-18 18:29:36,717 - INFO - [2018] MISSING_SYSTEMATIC: SR3Mu/PileupJetIDSF_Up/NMinusOne/charge_abs1/pair_highM/mass in Skim_TriLep_ZZTo4L_powheg.root
2026-08-18 18:29:36,717 - INFO - [2018] MISSING_SYSTEMATIC: SR3Mu/PileupJetIDSF_Down/NMinusOne/charge_abs1/pair_highM/mass in Skim_TriLep_ZZTo4L_powheg.root
2026-08-18 18:29:36,718 - INFO - [2018] MISSING_SYSTEMATIC: SR3Mu/MuonIDSF_Up/NMinusOne/charge_abs1/pair_highM/mass in Skim_TriLep_ZZTo4L_powheg.root
2026-08-18 18:29:36,718 - INFO - [2018] MISSING_SYSTEMATIC: SR3Mu/MuonIDSF_Down/NMinusOne/charge_abs1/pair_highM/mass in Skim_TriLep_ZZTo4L_powheg.root
2026-08-18 18:29:36,719 - INFO - [2018] MISSING_SYSTEMATIC: SR3Mu/DblMuTrigSF_Up/NMinusOne/charge_abs1/pair_highM/mass in Skim_TriLep_ZZTo4L_powheg.root
2026-08-18 18:29:36,719 - INFO - [2018] MISSING_SYSTEMATIC: SR3Mu/DblMuTrigSF_Down/NMinusOne/charge_abs1/pair_highM/mass in Skim_TriLep_ZZTo4L_powheg.root
2026-08-18 18:29:36,720 - INFO - [2018] MISSING_SYSTEMATIC: SR3Mu/JetEn_Up/NMinusOne/charge_abs1/pair_highM/mass in Skim_TriLep_ZZTo4L_powheg.root
2026-08-18 18:29:36,720 - INFO - [2018] MISSING_SYSTEMATIC: SR3Mu/JetEn_Down/NMinusOne/charge_abs1/pair_highM/mass in Skim_TriLep_ZZTo4L_powheg.root
2026-08-18 18:29:36,721 - INFO - [2018] MISSING_SYSTEMATIC: SR3Mu/JetRes_Up/NMinusOne/charge_abs1/pair_highM/mass in Skim_TriLep_ZZTo4L_powheg.root
2026-08-18 18:29:36,721 - INFO - [2018] MISSING_SYSTEMATIC: SR3Mu/JetRes_Down/NMinusOne/charge_abs1/pair_highM/mass in Skim_TriLep_ZZTo4L_powheg.root
2026-08-18 18:29:36,722 - INFO - [2018] MISSING_SYSTEMATIC: SR3Mu/MuonEn_Up/NMinusOne/charge_abs1/pair_highM/mass in Skim_TriLep_ZZTo4L_powheg.root
2026-08-18 18:29:36,722 - INFO - [2018] MISSING_SYSTEMATIC: SR3Mu/MuonEn_Down/NMinusOne/charge_abs1/pair_highM/mass in Skim_TriLep_ZZTo4L_powheg.root
2026-08-18 18:29:36,723 - INFO - [2018] MISSING_SYSTEMATIC: SR3Mu/ElectronEn_Up/NMinusOne/charge_abs1/pair_highM/mass in Skim_TriLep_ZZTo4L_powheg.root
2026-08-18 18:29:36,723 - INFO - [2018] MISSING_SYSTEMATIC: SR3Mu/ElectronEn_Down/NMinusOne/charge_abs1/pair_highM/mass in Skim_TriLep_ZZTo4L_powheg.root
2026-08-18 18:29:36,724 - INFO - [2018] MISSING_SYSTEMATIC: SR3Mu/ElectronRes_Up/NMinusOne/charge_abs1/pair_highM/mass in Skim_TriLep_ZZTo4L_powheg.root
2026-08-18 18:29:36,724 - INFO - [2018] MISSING_SYSTEMATIC: SR3Mu/ElectronRes_Down/NMinusOne/charge_abs1/pair_highM/mass in Skim_TriLep_ZZTo4L_powheg.root
2026-08-18 18:29:36,725 - INFO - [2018] MISSING_SYSTEMATIC: SR3Mu/UnclusteredEn_Up/NMinusOne/charge_abs1/pair_highM/mass in Skim_TriLep_ZZTo4L_powheg.root
2026-08-18 18:29:36,725 - INFO - [2018] MISSING_SYSTEMATIC: SR3Mu/UnclusteredEn_Down/NMinusOne/charge_abs1/pair_highM/mass in Skim_TriLep_ZZTo4L_powheg.root
2026-08-18 18:29:36,726 - INFO - [2018] MISSING_SYSTEMATIC: SR3Mu/BtagSF_HFcorr_Up/NMinusOne/charge_abs1/pair_highM/mass in Skim_TriLep_ZZTo4L_powheg.root
2026-08-18 18:29:36,726 - INFO - [2018] MISSING_SYSTEMATIC: SR3Mu/BtagSF_HFcorr_Down/NMinusOne/charge_abs1/pair_highM/mass in Skim_TriLep_ZZTo4L_powheg.root
2026-08-18 18:29:36,727 - INFO - [2018] MISSING_SYSTEMATIC: SR3Mu/BtagSF_HFuncorr_Up/NMinusOne/charge_abs1/pair_highM/mass in Skim_TriLep_ZZTo4L_powheg.root
2026-08-18 18:29:36,727 - INFO - [2018] MISSING_SYSTEMATIC: SR3Mu/BtagSF_HFuncorr_Down/NMinusOne/charge_abs1/pair_highM/mass in Skim_TriLep_ZZTo4L_powheg.root
2026-08-18 18:29:36,728 - INFO - [2018] MISSING_SYSTEMATIC: SR3Mu/BtagSF_LFcorr_Up/NMinusOne/charge_abs1/pair_highM/mass in Skim_TriLep_ZZTo4L_powheg.root
2026-08-18 18:29:36,728 - INFO - [2018] MISSING_SYSTEMATIC: SR3Mu/BtagSF_LFcorr_Down/NMinusOne/charge_abs1/pair_highM/mass in Skim_TriLep_ZZTo4L_powheg.root
2026-08-18 18:29:36,729 - INFO - [2018] MISSING_SYSTEMATIC: SR3Mu/BtagSF_LFuncorr_Up/NMinusOne/charge_abs1/pair_highM/mass in Skim_TriLep_ZZTo4L_powheg.root
2026-08-18 18:29:36,729 - INFO - [2018] MISSING_SYSTEMATIC: SR3Mu/BtagSF_LFuncorr_Down/NMinusOne/charge_abs1/pair_highM/mass in Skim_TriLep_ZZTo4L_powheg.root
2026-08-18 18:29:36,730 - INFO - [2018] MISSING_SYSTEMATIC: SR3Mu/L1Prefire_Up/NMinusOne/charge_abs1/pair_highM/mass in Skim_TriLep_tHq.root
2026-08-18 18:29:36,730 - INFO - [2018] MISSING_SYSTEMATIC: SR3Mu/L1Prefire_Down/NMinusOne/charge_abs1/pair_highM/mass in Skim_TriLep_tHq.root
2026-08-18 18:29:36,731 - INFO - [2018] MISSING_SYSTEMATIC: SR3Mu/PileupReweight_Up/NMinusOne/charge_abs1/pair_highM/mass in Skim_TriLep_tHq.root
2026-08-18 18:29:36,731 - INFO - [2018] MISSING_SYSTEMATIC: SR3Mu/PileupReweight_Down/NMinusOne/charge_abs1/pair_highM/mass in Skim_TriLep_tHq.root
2026-08-18 18:29:36,732 - INFO - [2018] MISSING_SYSTEMATIC: SR3Mu/PileupJetIDSF_Up/NMinusOne/charge_abs1/pair_highM/mass in Skim_TriLep_tHq.root
2026-08-18 18:29:36,732 - INFO - [2018] MISSING_SYSTEMATIC: SR3Mu/PileupJetIDSF_Down/NMinusOne/charge_abs1/pair_highM/mass in Skim_TriLep_tHq.root
2026-08-18 18:29:36,733 - INFO - [2018] MISSING_SYSTEMATIC: SR3Mu/MuonIDSF_Up/NMinusOne/charge_abs1/pair_highM/mass in Skim_TriLep_tHq.root
2026-08-18 18:29:36,733 - INFO - [2018] MISSING_SYSTEMATIC: SR3Mu/MuonIDSF_Down/NMinusOne/charge_abs1/pair_highM/mass in Skim_TriLep_tHq.root
2026-08-18 18:29:36,734 - INFO - [2018] MISSING_SYSTEMATIC: SR3Mu/DblMuTrigSF_Up/NMinusOne/charge_abs1/pair_highM/mass in Skim_TriLep_tHq.root
2026-08-18 18:29:36,734 - INFO - [2018] MISSING_SYSTEMATIC: SR3Mu/DblMuTrigSF_Down/NMinusOne/charge_abs1/pair_highM/mass in Skim_TriLep_tHq.root
2026-08-18 18:29:36,735 - INFO - [2018] MISSING_SYSTEMATIC: SR3Mu/JetEn_Up/NMinusOne/charge_abs1/pair_highM/mass in Skim_TriLep_tHq.root
2026-08-18 18:29:36,735 - INFO - [2018] MISSING_SYSTEMATIC: SR3Mu/JetEn_Down/NMinusOne/charge_abs1/pair_highM/mass in Skim_TriLep_tHq.root
2026-08-18 18:29:36,736 - INFO - [2018] MISSING_SYSTEMATIC: SR3Mu/JetRes_Up/NMinusOne/charge_abs1/pair_highM/mass in Skim_TriLep_tHq.root
2026-08-18 18:29:36,736 - INFO - [2018] MISSING_SYSTEMATIC: SR3Mu/JetRes_Down/NMinusOne/charge_abs1/pair_highM/mass in Skim_TriLep_tHq.root
2026-08-18 18:29:36,737 - INFO - [2018] MISSING_SYSTEMATIC: SR3Mu/MuonEn_Up/NMinusOne/charge_abs1/pair_highM/mass in Skim_TriLep_tHq.root
2026-08-18 18:29:36,737 - INFO - [2018] MISSING_SYSTEMATIC: SR3Mu/MuonEn_Down/NMinusOne/charge_abs1/pair_highM/mass in Skim_TriLep_tHq.root
2026-08-18 18:29:36,738 - INFO - [2018] MISSING_SYSTEMATIC: SR3Mu/ElectronEn_Up/NMinusOne/charge_abs1/pair_highM/mass in Skim_TriLep_tHq.root
2026-08-18 18:29:36,738 - INFO - [2018] MISSING_SYSTEMATIC: SR3Mu/ElectronEn_Down/NMinusOne/charge_abs1/pair_highM/mass in Skim_TriLep_tHq.root
2026-08-18 18:29:36,739 - INFO - [2018] MISSING_SYSTEMATIC: SR3Mu/ElectronRes_Up/NMinusOne/charge_abs1/pair_highM/mass in Skim_TriLep_tHq.root
2026-08-18 18:29:36,739 - INFO - [2018] MISSING_SYSTEMATIC: SR3Mu/ElectronRes_Down/NMinusOne/charge_abs1/pair_highM/mass in Skim_TriLep_tHq.root
2026-08-18 18:29:36,740 - INFO - [2018] MISSING_SYSTEMATIC: SR3Mu/UnclusteredEn_Up/NMinusOne/charge_abs1/pair_highM/mass in Skim_TriLep_tHq.root
2026-08-18 18:29:36,740 - INFO - [2018] MISSING_SYSTEMATIC: SR3Mu/UnclusteredEn_Down/NMinusOne/charge_abs1/pair_highM/mass in Skim_TriLep_tHq.root
2026-08-18 18:29:36,741 - INFO - [2018] MISSING_SYSTEMATIC: SR3Mu/BtagSF_HFcorr_Up/NMinusOne/charge_abs1/pair_highM/mass in Skim_TriLep_tHq.root
2026-08-18 18:29:36,741 - INFO - [2018] MISSING_SYSTEMATIC: SR3Mu/BtagSF_HFcorr_Down/NMinusOne/charge_abs1/pair_highM/mass in Skim_TriLep_tHq.root
2026-08-18 18:29:36,742 - INFO - [2018] MISSING_SYSTEMATIC: SR3Mu/BtagSF_HFuncorr_Up/NMinusOne/charge_abs1/pair_highM/mass in Skim_TriLep_tHq.root
2026-08-18 18:29:36,742 - INFO - [2018] MISSING_SYSTEMATIC: SR3Mu/BtagSF_HFuncorr_Down/NMinusOne/charge_abs1/pair_highM/mass in Skim_TriLep_tHq.root
2026-08-18 18:29:36,743 - INFO - [2018] MISSING_SYSTEMATIC: SR3Mu/BtagSF_LFcorr_Up/NMinusOne/charge_abs1/pair_highM/mass in Skim_TriLep_tHq.root
2026-08-18 18:29:36,743 - INFO - [2018] MISSING_SYSTEMATIC: SR3Mu/BtagSF_LFcorr_Down/NMinusOne/charge_abs1/pair_highM/mass in Skim_TriLep_tHq.root
2026-08-18 18:29:36,744 - INFO - [2018] MISSING_SYSTEMATIC: SR3Mu/BtagSF_LFuncorr_Up/NMinusOne/charge_abs1/pair_highM/mass in Skim_TriLep_tHq.root
2026-08-18 18:29:36,744 - INFO - [2018] MISSING_SYSTEMATIC: SR3Mu/BtagSF_LFuncorr_Down/NMinusOne/charge_abs1/pair_highM/mass in Skim_TriLep_tHq.root
2026-08-18 18:29:36,746 - INFO - [2018] MISSING_SYSTEMATIC: SR3Mu/L1Prefire_Up/NMinusOne/charge_abs1/pair_highM/mass in Skim_TriLep_tHW.root
2026-08-18 18:29:36,746 - INFO - [2018] MISSING_SYSTEMATIC: SR3Mu/L1Prefire_Down/NMinusOne/charge_abs1/pair_highM/mass in Skim_TriLep_tHW.root
2026-08-18 18:29:36,747 - INFO - [2018] MISSING_SYSTEMATIC: SR3Mu/PileupReweight_Up/NMinusOne/charge_abs1/pair_highM/mass in Skim_TriLep_tHW.root
2026-08-18 18:29:36,747 - INFO - [2018] MISSING_SYSTEMATIC: SR3Mu/PileupReweight_Down/NMinusOne/charge_abs1/pair_highM/mass in Skim_TriLep_tHW.root
2026-08-18 18:29:36,748 - INFO - [2018] MISSING_SYSTEMATIC: SR3Mu/PileupJetIDSF_Up/NMinusOne/charge_abs1/pair_highM/mass in Skim_TriLep_tHW.root
2026-08-18 18:29:36,748 - INFO - [2018] MISSING_SYSTEMATIC: SR3Mu/PileupJetIDSF_Down/NMinusOne/charge_abs1/pair_highM/mass in Skim_TriLep_tHW.root
2026-08-18 18:29:36,749 - INFO - [2018] MISSING_SYSTEMATIC: SR3Mu/MuonIDSF_Up/NMinusOne/charge_abs1/pair_highM/mass in Skim_TriLep_tHW.root
2026-08-18 18:29:36,749 - INFO - [2018] MISSING_SYSTEMATIC: SR3Mu/MuonIDSF_Down/NMinusOne/charge_abs1/pair_highM/mass in Skim_TriLep_tHW.root
2026-08-18 18:29:36,750 - INFO - [2018] MISSING_SYSTEMATIC: SR3Mu/DblMuTrigSF_Up/NMinusOne/charge_abs1/pair_highM/mass in Skim_TriLep_tHW.root
2026-08-18 18:29:36,750 - INFO - [2018] MISSING_SYSTEMATIC: SR3Mu/DblMuTrigSF_Down/NMinusOne/charge_abs1/pair_highM/mass in Skim_TriLep_tHW.root
2026-08-18 18:29:36,751 - INFO - [2018] MISSING_SYSTEMATIC: SR3Mu/JetEn_Up/NMinusOne/charge_abs1/pair_highM/mass in Skim_TriLep_tHW.root
2026-08-18 18:29:36,751 - INFO - [2018] MISSING_SYSTEMATIC: SR3Mu/JetEn_Down/NMinusOne/charge_abs1/pair_highM/mass in Skim_TriLep_tHW.root
2026-08-18 18:29:36,752 - INFO - [2018] MISSING_SYSTEMATIC: SR3Mu/JetRes_Up/NMinusOne/charge_abs1/pair_highM/mass in Skim_TriLep_tHW.root
2026-08-18 18:29:36,752 - INFO - [2018] MISSING_SYSTEMATIC: SR3Mu/JetRes_Down/NMinusOne/charge_abs1/pair_highM/mass in Skim_TriLep_tHW.root
2026-08-18 18:29:36,753 - INFO - [2018] MISSING_SYSTEMATIC: SR3Mu/MuonEn_Up/NMinusOne/charge_abs1/pair_highM/mass in Skim_TriLep_tHW.root
2026-08-18 18:29:36,753 - INFO - [2018] MISSING_SYSTEMATIC: SR3Mu/MuonEn_Down/NMinusOne/charge_abs1/pair_highM/mass in Skim_TriLep_tHW.root
2026-08-18 18:29:36,754 - INFO - [2018] MISSING_SYSTEMATIC: SR3Mu/ElectronEn_Up/NMinusOne/charge_abs1/pair_highM/mass in Skim_TriLep_tHW.root
2026-08-18 18:29:36,754 - INFO - [2018] MISSING_SYSTEMATIC: SR3Mu/ElectronEn_Down/NMinusOne/charge_abs1/pair_highM/mass in Skim_TriLep_tHW.root
2026-08-18 18:29:36,755 - INFO - [2018] MISSING_SYSTEMATIC: SR3Mu/ElectronRes_Up/NMinusOne/charge_abs1/pair_highM/mass in Skim_TriLep_tHW.root
2026-08-18 18:29:36,755 - INFO - [2018] MISSING_SYSTEMATIC: SR3Mu/ElectronRes_Down/NMinusOne/charge_abs1/pair_highM/mass in Skim_TriLep_tHW.root
2026-08-18 18:29:36,756 - INFO - [2018] MISSING_SYSTEMATIC: SR3Mu/UnclusteredEn_Up/NMinusOne/charge_abs1/pair_highM/mass in Skim_TriLep_tHW.root
2026-08-18 18:29:36,756 - INFO - [2018] MISSING_SYSTEMATIC: SR3Mu/UnclusteredEn_Down/NMinusOne/charge_abs1/pair_highM/mass in Skim_TriLep_tHW.root
2026-08-18 18:29:36,756 - INFO - [2018] MISSING_SYSTEMATIC: SR3Mu/BtagSF_HFcorr_Up/NMinusOne/charge_abs1/pair_highM/mass in Skim_TriLep_tHW.root
2026-08-18 18:29:36,756 - INFO - [2018] MISSING_SYSTEMATIC: SR3Mu/BtagSF_HFcorr_Down/NMinusOne/charge_abs1/pair_highM/mass in Skim_TriLep_tHW.root
2026-08-18 18:29:36,757 - INFO - [2018] MISSING_SYSTEMATIC: SR3Mu/BtagSF_HFuncorr_Up/NMinusOne/charge_abs1/pair_highM/mass in Skim_TriLep_tHW.root
2026-08-18 18:29:36,757 - INFO - [2018] MISSING_SYSTEMATIC: SR3Mu/BtagSF_HFuncorr_Down/NMinusOne/charge_abs1/pair_highM/mass in Skim_TriLep_tHW.root
2026-08-18 18:29:36,758 - INFO - [2018] MISSING_SYSTEMATIC: SR3Mu/BtagSF_LFcorr_Up/NMinusOne/charge_abs1/pair_highM/mass in Skim_TriLep_tHW.root
2026-08-18 18:29:36,758 - INFO - [2018] MISSING_SYSTEMATIC: SR3Mu/BtagSF_LFcorr_Down/NMinusOne/charge_abs1/pair_highM/mass in Skim_TriLep_tHW.root
2026-08-18 18:29:36,759 - INFO - [2018] MISSING_SYSTEMATIC: SR3Mu/BtagSF_LFuncorr_Up/NMinusOne/charge_abs1/pair_highM/mass in Skim_TriLep_tHW.root
2026-08-18 18:29:36,759 - INFO - [2018] MISSING_SYSTEMATIC: SR3Mu/BtagSF_LFuncorr_Down/NMinusOne/charge_abs1/pair_highM/mass in Skim_TriLep_tHW.root
2026-08-18 18:29:36,761 - INFO - [2018] MISSING_SYSTEMATIC: SR3Mu/L1Prefire_Up/NMinusOne/charge_abs1/pair_highM/mass in Skim_TriLep_tWZ_thadWlep.root
2026-08-18 18:29:36,761 - INFO - [2018] MISSING_SYSTEMATIC: SR3Mu/L1Prefire_Down/NMinusOne/charge_abs1/pair_highM/mass in Skim_TriLep_tWZ_thadWlep.root
2026-08-18 18:29:36,762 - INFO - [2018] MISSING_SYSTEMATIC: SR3Mu/PileupReweight_Up/NMinusOne/charge_abs1/pair_highM/mass in Skim_TriLep_tWZ_thadWlep.root
2026-08-18 18:29:36,762 - INFO - [2018] MISSING_SYSTEMATIC: SR3Mu/PileupReweight_Down/NMinusOne/charge_abs1/pair_highM/mass in Skim_TriLep_tWZ_thadWlep.root
2026-08-18 18:29:36,763 - INFO - [2018] MISSING_SYSTEMATIC: SR3Mu/PileupJetIDSF_Up/NMinusOne/charge_abs1/pair_highM/mass in Skim_TriLep_tWZ_thadWlep.root
2026-08-18 18:29:36,763 - INFO - [2018] MISSING_SYSTEMATIC: SR3Mu/PileupJetIDSF_Down/NMinusOne/charge_abs1/pair_highM/mass in Skim_TriLep_tWZ_thadWlep.root
2026-08-18 18:29:36,764 - INFO - [2018] MISSING_SYSTEMATIC: SR3Mu/MuonIDSF_Up/NMinusOne/charge_abs1/pair_highM/mass in Skim_TriLep_tWZ_thadWlep.root
2026-08-18 18:29:36,764 - INFO - [2018] MISSING_SYSTEMATIC: SR3Mu/MuonIDSF_Down/NMinusOne/charge_abs1/pair_highM/mass in Skim_TriLep_tWZ_thadWlep.root
2026-08-18 18:29:36,765 - INFO - [2018] MISSING_SYSTEMATIC: SR3Mu/DblMuTrigSF_Up/NMinusOne/charge_abs1/pair_highM/mass in Skim_TriLep_tWZ_thadWlep.root
2026-08-18 18:29:36,765 - INFO - [2018] MISSING_SYSTEMATIC: SR3Mu/DblMuTrigSF_Down/NMinusOne/charge_abs1/pair_highM/mass in Skim_TriLep_tWZ_thadWlep.root
2026-08-18 18:29:36,766 - INFO - [2018] MISSING_SYSTEMATIC: SR3Mu/JetEn_Up/NMinusOne/charge_abs1/pair_highM/mass in Skim_TriLep_tWZ_thadWlep.root
2026-08-18 18:29:36,766 - INFO - [2018] MISSING_SYSTEMATIC: SR3Mu/JetEn_Down/NMinusOne/charge_abs1/pair_highM/mass in Skim_TriLep_tWZ_thadWlep.root
2026-08-18 18:29:36,767 - INFO - [2018] MISSING_SYSTEMATIC: SR3Mu/JetRes_Up/NMinusOne/charge_abs1/pair_highM/mass in Skim_TriLep_tWZ_thadWlep.root
2026-08-18 18:29:36,767 - INFO - [2018] MISSING_SYSTEMATIC: SR3Mu/JetRes_Down/NMinusOne/charge_abs1/pair_highM/mass in Skim_TriLep_tWZ_thadWlep.root
2026-08-18 18:29:36,768 - INFO - [2018] MISSING_SYSTEMATIC: SR3Mu/MuonEn_Up/NMinusOne/charge_abs1/pair_highM/mass in Skim_TriLep_tWZ_thadWlep.root
2026-08-18 18:29:36,768 - INFO - [2018] MISSING_SYSTEMATIC: SR3Mu/MuonEn_Down/NMinusOne/charge_abs1/pair_highM/mass in Skim_TriLep_tWZ_thadWlep.root
2026-08-18 18:29:36,769 - INFO - [2018] MISSING_SYSTEMATIC: SR3Mu/ElectronEn_Up/NMinusOne/charge_abs1/pair_highM/mass in Skim_TriLep_tWZ_thadWlep.root
2026-08-18 18:29:36,769 - INFO - [2018] MISSING_SYSTEMATIC: SR3Mu/ElectronEn_Down/NMinusOne/charge_abs1/pair_highM/mass in Skim_TriLep_tWZ_thadWlep.root
2026-08-18 18:29:36,770 - INFO - [2018] MISSING_SYSTEMATIC: SR3Mu/ElectronRes_Up/NMinusOne/charge_abs1/pair_highM/mass in Skim_TriLep_tWZ_thadWlep.root
2026-08-18 18:29:36,770 - INFO - [2018] MISSING_SYSTEMATIC: SR3Mu/ElectronRes_Down/NMinusOne/charge_abs1/pair_highM/mass in Skim_TriLep_tWZ_thadWlep.root
2026-08-18 18:29:36,771 - INFO - [2018] MISSING_SYSTEMATIC: SR3Mu/UnclusteredEn_Up/NMinusOne/charge_abs1/pair_highM/mass in Skim_TriLep_tWZ_thadWlep.root
2026-08-18 18:29:36,771 - INFO - [2018] MISSING_SYSTEMATIC: SR3Mu/UnclusteredEn_Down/NMinusOne/charge_abs1/pair_highM/mass in Skim_TriLep_tWZ_thadWlep.root
2026-08-18 18:29:36,772 - INFO - [2018] MISSING_SYSTEMATIC: SR3Mu/BtagSF_HFcorr_Up/NMinusOne/charge_abs1/pair_highM/mass in Skim_TriLep_tWZ_thadWlep.root
2026-08-18 18:29:36,772 - INFO - [2018] MISSING_SYSTEMATIC: SR3Mu/BtagSF_HFcorr_Down/NMinusOne/charge_abs1/pair_highM/mass in Skim_TriLep_tWZ_thadWlep.root
2026-08-18 18:29:36,773 - INFO - [2018] MISSING_SYSTEMATIC: SR3Mu/BtagSF_HFuncorr_Up/NMinusOne/charge_abs1/pair_highM/mass in Skim_TriLep_tWZ_thadWlep.root
2026-08-18 18:29:36,773 - INFO - [2018] MISSING_SYSTEMATIC: SR3Mu/BtagSF_HFuncorr_Down/NMinusOne/charge_abs1/pair_highM/mass in Skim_TriLep_tWZ_thadWlep.root
2026-08-18 18:29:36,774 - INFO - [2018] MISSING_SYSTEMATIC: SR3Mu/BtagSF_LFcorr_Up/NMinusOne/charge_abs1/pair_highM/mass in Skim_TriLep_tWZ_thadWlep.root
2026-08-18 18:29:36,774 - INFO - [2018] MISSING_SYSTEMATIC: SR3Mu/BtagSF_LFcorr_Down/NMinusOne/charge_abs1/pair_highM/mass in Skim_TriLep_tWZ_thadWlep.root
2026-08-18 18:29:36,775 - INFO - [2018] MISSING_SYSTEMATIC: SR3Mu/BtagSF_LFuncorr_Up/NMinusOne/charge_abs1/pair_highM/mass in Skim_TriLep_tWZ_thadWlep.root
2026-08-18 18:29:36,775 - INFO - [2018] MISSING_SYSTEMATIC: SR3Mu/BtagSF_LFuncorr_Down/NMinusOne/charge_abs1/pair_highM/mass in Skim_TriLep_tWZ_thadWlep.root
2026-08-18 18:29:36,777 - INFO - [2018] MISSING_SYSTEMATIC: SR3Mu/L1Prefire_Up/NMinusOne/charge_abs1/pair_highM/mass in Skim_TriLep_tWZ_tlepWhad.root
2026-08-18 18:29:36,777 - INFO - [2018] MISSING_SYSTEMATIC: SR3Mu/L1Prefire_Down/NMinusOne/charge_abs1/pair_highM/mass in Skim_TriLep_tWZ_tlepWhad.root
2026-08-18 18:29:36,778 - INFO - [2018] MISSING_SYSTEMATIC: SR3Mu/PileupReweight_Up/NMinusOne/charge_abs1/pair_highM/mass in Skim_TriLep_tWZ_tlepWhad.root
2026-08-18 18:29:36,778 - INFO - [2018] MISSING_SYSTEMATIC: SR3Mu/PileupReweight_Down/NMinusOne/charge_abs1/pair_highM/mass in Skim_TriLep_tWZ_tlepWhad.root
2026-08-18 18:29:36,779 - INFO - [2018] MISSING_SYSTEMATIC: SR3Mu/PileupJetIDSF_Up/NMinusOne/charge_abs1/pair_highM/mass in Skim_TriLep_tWZ_tlepWhad.root
2026-08-18 18:29:36,779 - INFO - [2018] MISSING_SYSTEMATIC: SR3Mu/PileupJetIDSF_Down/NMinusOne/charge_abs1/pair_highM/mass in Skim_TriLep_tWZ_tlepWhad.root
2026-08-18 18:29:36,779 - INFO - [2018] MISSING_SYSTEMATIC: SR3Mu/MuonIDSF_Up/NMinusOne/charge_abs1/pair_highM/mass in Skim_TriLep_tWZ_tlepWhad.root
2026-08-18 18:29:36,780 - INFO - [2018] MISSING_SYSTEMATIC: SR3Mu/MuonIDSF_Down/NMinusOne/charge_abs1/pair_highM/mass in Skim_TriLep_tWZ_tlepWhad.root
2026-08-18 18:29:36,780 - INFO - [2018] MISSING_SYSTEMATIC: SR3Mu/DblMuTrigSF_Up/NMinusOne/charge_abs1/pair_highM/mass in Skim_TriLep_tWZ_tlepWhad.root
2026-08-18 18:29:36,780 - INFO - [2018] MISSING_SYSTEMATIC: SR3Mu/DblMuTrigSF_Down/NMinusOne/charge_abs1/pair_highM/mass in Skim_TriLep_tWZ_tlepWhad.root
2026-08-18 18:29:36,781 - INFO - [2018] MISSING_SYSTEMATIC: SR3Mu/JetEn_Up/NMinusOne/charge_abs1/pair_highM/mass in Skim_TriLep_tWZ_tlepWhad.root
2026-08-18 18:29:36,781 - INFO - [2018] MISSING_SYSTEMATIC: SR3Mu/JetEn_Down/NMinusOne/charge_abs1/pair_highM/mass in Skim_TriLep_tWZ_tlepWhad.root
2026-08-18 18:29:36,781 - INFO - [2018] MISSING_SYSTEMATIC: SR3Mu/JetRes_Up/NMinusOne/charge_abs1/pair_highM/mass in Skim_TriLep_tWZ_tlepWhad.root
2026-08-18 18:29:36,781 - INFO - [2018] MISSING_SYSTEMATIC: SR3Mu/JetRes_Down/NMinusOne/charge_abs1/pair_highM/mass in Skim_TriLep_tWZ_tlepWhad.root
2026-08-18 18:29:36,782 - INFO - [2018] MISSING_SYSTEMATIC: SR3Mu/MuonEn_Up/NMinusOne/charge_abs1/pair_highM/mass in Skim_TriLep_tWZ_tlepWhad.root
2026-08-18 18:29:36,782 - INFO - [2018] MISSING_SYSTEMATIC: SR3Mu/MuonEn_Down/NMinusOne/charge_abs1/pair_highM/mass in Skim_TriLep_tWZ_tlepWhad.root
2026-08-18 18:29:36,783 - INFO - [2018] MISSING_SYSTEMATIC: SR3Mu/ElectronEn_Up/NMinusOne/charge_abs1/pair_highM/mass in Skim_TriLep_tWZ_tlepWhad.root
2026-08-18 18:29:36,783 - INFO - [2018] MISSING_SYSTEMATIC: SR3Mu/ElectronEn_Down/NMinusOne/charge_abs1/pair_highM/mass in Skim_TriLep_tWZ_tlepWhad.root
2026-08-18 18:29:36,783 - INFO - [2018] MISSING_SYSTEMATIC: SR3Mu/ElectronRes_Up/NMinusOne/charge_abs1/pair_highM/mass in Skim_TriLep_tWZ_tlepWhad.root
2026-08-18 18:29:36,783 - INFO - [2018] MISSING_SYSTEMATIC: SR3Mu/ElectronRes_Down/NMinusOne/charge_abs1/pair_highM/mass in Skim_TriLep_tWZ_tlepWhad.root
2026-08-18 18:29:36,784 - INFO - [2018] MISSING_SYSTEMATIC: SR3Mu/UnclusteredEn_Up/NMinusOne/charge_abs1/pair_highM/mass in Skim_TriLep_tWZ_tlepWhad.root
2026-08-18 18:29:36,784 - INFO - [2018] MISSING_SYSTEMATIC: SR3Mu/UnclusteredEn_Down/NMinusOne/charge_abs1/pair_highM/mass in Skim_TriLep_tWZ_tlepWhad.root
2026-08-18 18:29:36,785 - INFO - [2018] MISSING_SYSTEMATIC: SR3Mu/BtagSF_HFcorr_Up/NMinusOne/charge_abs1/pair_highM/mass in Skim_TriLep_tWZ_tlepWhad.root
2026-08-18 18:29:36,785 - INFO - [2018] MISSING_SYSTEMATIC: SR3Mu/BtagSF_HFcorr_Down/NMinusOne/charge_abs1/pair_highM/mass in Skim_TriLep_tWZ_tlepWhad.root
2026-08-18 18:29:36,785 - INFO - [2018] MISSING_SYSTEMATIC: SR3Mu/BtagSF_HFuncorr_Up/NMinusOne/charge_abs1/pair_highM/mass in Skim_TriLep_tWZ_tlepWhad.root
2026-08-18 18:29:36,785 - INFO - [2018] MISSING_SYSTEMATIC: SR3Mu/BtagSF_HFuncorr_Down/NMinusOne/charge_abs1/pair_highM/mass in Skim_TriLep_tWZ_tlepWhad.root
2026-08-18 18:29:36,786 - INFO - [2018] MISSING_SYSTEMATIC: SR3Mu/BtagSF_LFcorr_Up/NMinusOne/charge_abs1/pair_highM/mass in Skim_TriLep_tWZ_tlepWhad.root
2026-08-18 18:29:36,786 - INFO - [2018] MISSING_SYSTEMATIC: SR3Mu/BtagSF_LFcorr_Down/NMinusOne/charge_abs1/pair_highM/mass in Skim_TriLep_tWZ_tlepWhad.root
2026-08-18 18:29:36,787 - INFO - [2018] MISSING_SYSTEMATIC: SR3Mu/BtagSF_LFuncorr_Up/NMinusOne/charge_abs1/pair_highM/mass in Skim_TriLep_tWZ_tlepWhad.root
2026-08-18 18:29:36,787 - INFO - [2018] MISSING_SYSTEMATIC: SR3Mu/BtagSF_LFuncorr_Down/NMinusOne/charge_abs1/pair_highM/mass in Skim_TriLep_tWZ_tlepWhad.root
2026-08-18 18:29:36,788 - INFO - [2018] MISSING_SYSTEMATIC: SR3Mu/L1Prefire_Up/NMinusOne/charge_abs1/pair_highM/mass in Skim_TriLep_tWZ_tlepWlep.root
2026-08-18 18:29:36,788 - INFO - [2018] MISSING_SYSTEMATIC: SR3Mu/L1Prefire_Down/NMinusOne/charge_abs1/pair_highM/mass in Skim_TriLep_tWZ_tlepWlep.root
2026-08-18 18:29:36,788 - INFO - [2018] MISSING_SYSTEMATIC: SR3Mu/PileupReweight_Up/NMinusOne/charge_abs1/pair_highM/mass in Skim_TriLep_tWZ_tlepWlep.root
2026-08-18 18:29:36,788 - INFO - [2018] MISSING_SYSTEMATIC: SR3Mu/PileupReweight_Down/NMinusOne/charge_abs1/pair_highM/mass in Skim_TriLep_tWZ_tlepWlep.root
2026-08-18 18:29:36,789 - INFO - [2018] MISSING_SYSTEMATIC: SR3Mu/PileupJetIDSF_Up/NMinusOne/charge_abs1/pair_highM/mass in Skim_TriLep_tWZ_tlepWlep.root
2026-08-18 18:29:36,789 - INFO - [2018] MISSING_SYSTEMATIC: SR3Mu/PileupJetIDSF_Down/NMinusOne/charge_abs1/pair_highM/mass in Skim_TriLep_tWZ_tlepWlep.root
2026-08-18 18:29:36,790 - INFO - [2018] MISSING_SYSTEMATIC: SR3Mu/MuonIDSF_Up/NMinusOne/charge_abs1/pair_highM/mass in Skim_TriLep_tWZ_tlepWlep.root
2026-08-18 18:29:36,790 - INFO - [2018] MISSING_SYSTEMATIC: SR3Mu/MuonIDSF_Down/NMinusOne/charge_abs1/pair_highM/mass in Skim_TriLep_tWZ_tlepWlep.root
2026-08-18 18:29:36,790 - INFO - [2018] MISSING_SYSTEMATIC: SR3Mu/DblMuTrigSF_Up/NMinusOne/charge_abs1/pair_highM/mass in Skim_TriLep_tWZ_tlepWlep.root
2026-08-18 18:29:36,790 - INFO - [2018] MISSING_SYSTEMATIC: SR3Mu/DblMuTrigSF_Down/NMinusOne/charge_abs1/pair_highM/mass in Skim_TriLep_tWZ_tlepWlep.root
2026-08-18 18:29:36,791 - INFO - [2018] MISSING_SYSTEMATIC: SR3Mu/JetEn_Up/NMinusOne/charge_abs1/pair_highM/mass in Skim_TriLep_tWZ_tlepWlep.root
2026-08-18 18:29:36,791 - INFO - [2018] MISSING_SYSTEMATIC: SR3Mu/JetEn_Down/NMinusOne/charge_abs1/pair_highM/mass in Skim_TriLep_tWZ_tlepWlep.root
2026-08-18 18:29:36,792 - INFO - [2018] MISSING_SYSTEMATIC: SR3Mu/JetRes_Up/NMinusOne/charge_abs1/pair_highM/mass in Skim_TriLep_tWZ_tlepWlep.root
2026-08-18 18:29:36,792 - INFO - [2018] MISSING_SYSTEMATIC: SR3Mu/JetRes_Down/NMinusOne/charge_abs1/pair_highM/mass in Skim_TriLep_tWZ_tlepWlep.root
2026-08-18 18:29:36,792 - INFO - [2018] MISSING_SYSTEMATIC: SR3Mu/MuonEn_Up/NMinusOne/charge_abs1/pair_highM/mass in Skim_TriLep_tWZ_tlepWlep.root
2026-08-18 18:29:36,792 - INFO - [2018] MISSING_SYSTEMATIC: SR3Mu/MuonEn_Down/NMinusOne/charge_abs1/pair_highM/mass in Skim_TriLep_tWZ_tlepWlep.root
2026-08-18 18:29:36,793 - INFO - [2018] MISSING_SYSTEMATIC: SR3Mu/ElectronEn_Up/NMinusOne/charge_abs1/pair_highM/mass in Skim_TriLep_tWZ_tlepWlep.root
2026-08-18 18:29:36,793 - INFO - [2018] MISSING_SYSTEMATIC: SR3Mu/ElectronEn_Down/NMinusOne/charge_abs1/pair_highM/mass in Skim_TriLep_tWZ_tlepWlep.root
2026-08-18 18:29:36,794 - INFO - [2018] MISSING_SYSTEMATIC: SR3Mu/ElectronRes_Up/NMinusOne/charge_abs1/pair_highM/mass in Skim_TriLep_tWZ_tlepWlep.root
2026-08-18 18:29:36,794 - INFO - [2018] MISSING_SYSTEMATIC: SR3Mu/ElectronRes_Down/NMinusOne/charge_abs1/pair_highM/mass in Skim_TriLep_tWZ_tlepWlep.root
2026-08-18 18:29:36,794 - INFO - [2018] MISSING_SYSTEMATIC: SR3Mu/UnclusteredEn_Up/NMinusOne/charge_abs1/pair_highM/mass in Skim_TriLep_tWZ_tlepWlep.root
2026-08-18 18:29:36,794 - INFO - [2018] MISSING_SYSTEMATIC: SR3Mu/UnclusteredEn_Down/NMinusOne/charge_abs1/pair_highM/mass in Skim_TriLep_tWZ_tlepWlep.root
2026-08-18 18:29:36,795 - INFO - [2018] MISSING_SYSTEMATIC: SR3Mu/BtagSF_HFcorr_Up/NMinusOne/charge_abs1/pair_highM/mass in Skim_TriLep_tWZ_tlepWlep.root
2026-08-18 18:29:36,795 - INFO - [2018] MISSING_SYSTEMATIC: SR3Mu/BtagSF_HFcorr_Down/NMinusOne/charge_abs1/pair_highM/mass in Skim_TriLep_tWZ_tlepWlep.root
2026-08-18 18:29:36,796 - INFO - [2018] MISSING_SYSTEMATIC: SR3Mu/BtagSF_HFuncorr_Up/NMinusOne/charge_abs1/pair_highM/mass in Skim_TriLep_tWZ_tlepWlep.root
2026-08-18 18:29:36,796 - INFO - [2018] MISSING_SYSTEMATIC: SR3Mu/BtagSF_HFuncorr_Down/NMinusOne/charge_abs1/pair_highM/mass in Skim_TriLep_tWZ_tlepWlep.root
2026-08-18 18:29:36,796 - INFO - [2018] MISSING_SYSTEMATIC: SR3Mu/BtagSF_LFcorr_Up/NMinusOne/charge_abs1/pair_highM/mass in Skim_TriLep_tWZ_tlepWlep.root
2026-08-18 18:29:36,796 - INFO - [2018] MISSING_SYSTEMATIC: SR3Mu/BtagSF_LFcorr_Down/NMinusOne/charge_abs1/pair_highM/mass in Skim_TriLep_tWZ_tlepWlep.root
2026-08-18 18:29:36,797 - INFO - [2018] MISSING_SYSTEMATIC: SR3Mu/BtagSF_LFuncorr_Up/NMinusOne/charge_abs1/pair_highM/mass in Skim_TriLep_tWZ_tlepWlep.root
2026-08-18 18:29:36,797 - INFO - [2018] MISSING_SYSTEMATIC: SR3Mu/BtagSF_LFuncorr_Down/NMinusOne/charge_abs1/pair_highM/mass in Skim_TriLep_tWZ_tlepWlep.root
2026-08-18 18:29:36,798 - INFO - [2018] MISSING_SYSTEMATIC: SR3Mu/L1Prefire_Up/NMinusOne/charge_abs1/pair_highM/mass in Skim_TriLep_WWW.root
2026-08-18 18:29:36,798 - INFO - [2018] MISSING_SYSTEMATIC: SR3Mu/L1Prefire_Down/NMinusOne/charge_abs1/pair_highM/mass in Skim_TriLep_WWW.root
2026-08-18 18:29:36,799 - INFO - [2018] MISSING_SYSTEMATIC: SR3Mu/PileupReweight_Up/NMinusOne/charge_abs1/pair_highM/mass in Skim_TriLep_WWW.root
2026-08-18 18:29:36,799 - INFO - [2018] MISSING_SYSTEMATIC: SR3Mu/PileupReweight_Down/NMinusOne/charge_abs1/pair_highM/mass in Skim_TriLep_WWW.root
2026-08-18 18:29:36,799 - INFO - [2018] MISSING_SYSTEMATIC: SR3Mu/PileupJetIDSF_Up/NMinusOne/charge_abs1/pair_highM/mass in Skim_TriLep_WWW.root
2026-08-18 18:29:36,799 - INFO - [2018] MISSING_SYSTEMATIC: SR3Mu/PileupJetIDSF_Down/NMinusOne/charge_abs1/pair_highM/mass in Skim_TriLep_WWW.root
2026-08-18 18:29:36,800 - INFO - [2018] MISSING_SYSTEMATIC: SR3Mu/MuonIDSF_Up/NMinusOne/charge_abs1/pair_highM/mass in Skim_TriLep_WWW.root
2026-08-18 18:29:36,800 - INFO - [2018] MISSING_SYSTEMATIC: SR3Mu/MuonIDSF_Down/NMinusOne/charge_abs1/pair_highM/mass in Skim_TriLep_WWW.root
2026-08-18 18:29:36,800 - INFO - [2018] MISSING_SYSTEMATIC: SR3Mu/DblMuTrigSF_Up/NMinusOne/charge_abs1/pair_highM/mass in Skim_TriLep_WWW.root
2026-08-18 18:29:36,800 - INFO - [2018] MISSING_SYSTEMATIC: SR3Mu/DblMuTrigSF_Down/NMinusOne/charge_abs1/pair_highM/mass in Skim_TriLep_WWW.root
2026-08-18 18:29:36,801 - INFO - [2018] MISSING_SYSTEMATIC: SR3Mu/JetEn_Up/NMinusOne/charge_abs1/pair_highM/mass in Skim_TriLep_WWW.root
2026-08-18 18:29:36,801 - INFO - [2018] MISSING_SYSTEMATIC: SR3Mu/JetEn_Down/NMinusOne/charge_abs1/pair_highM/mass in Skim_TriLep_WWW.root
2026-08-18 18:29:36,802 - INFO - [2018] MISSING_SYSTEMATIC: SR3Mu/JetRes_Up/NMinusOne/charge_abs1/pair_highM/mass in Skim_TriLep_WWW.root
2026-08-18 18:29:36,802 - INFO - [2018] MISSING_SYSTEMATIC: SR3Mu/JetRes_Down/NMinusOne/charge_abs1/pair_highM/mass in Skim_TriLep_WWW.root
2026-08-18 18:29:36,802 - INFO - [2018] MISSING_SYSTEMATIC: SR3Mu/MuonEn_Up/NMinusOne/charge_abs1/pair_highM/mass in Skim_TriLep_WWW.root
2026-08-18 18:29:36,802 - INFO - [2018] MISSING_SYSTEMATIC: SR3Mu/MuonEn_Down/NMinusOne/charge_abs1/pair_highM/mass in Skim_TriLep_WWW.root
2026-08-18 18:29:36,803 - INFO - [2018] MISSING_SYSTEMATIC: SR3Mu/ElectronEn_Up/NMinusOne/charge_abs1/pair_highM/mass in Skim_TriLep_WWW.root
2026-08-18 18:29:36,803 - INFO - [2018] MISSING_SYSTEMATIC: SR3Mu/ElectronEn_Down/NMinusOne/charge_abs1/pair_highM/mass in Skim_TriLep_WWW.root
2026-08-18 18:29:36,803 - INFO - [2018] MISSING_SYSTEMATIC: SR3Mu/ElectronRes_Up/NMinusOne/charge_abs1/pair_highM/mass in Skim_TriLep_WWW.root
2026-08-18 18:29:36,804 - INFO - [2018] MISSING_SYSTEMATIC: SR3Mu/ElectronRes_Down/NMinusOne/charge_abs1/pair_highM/mass in Skim_TriLep_WWW.root
2026-08-18 18:29:36,804 - INFO - [2018] MISSING_SYSTEMATIC: SR3Mu/UnclusteredEn_Up/NMinusOne/charge_abs1/pair_highM/mass in Skim_TriLep_WWW.root
2026-08-18 18:29:36,804 - INFO - [2018] MISSING_SYSTEMATIC: SR3Mu/UnclusteredEn_Down/NMinusOne/charge_abs1/pair_highM/mass in Skim_TriLep_WWW.root
2026-08-18 18:29:36,805 - INFO - [2018] MISSING_SYSTEMATIC: SR3Mu/BtagSF_HFcorr_Up/NMinusOne/charge_abs1/pair_highM/mass in Skim_TriLep_WWW.root
2026-08-18 18:29:36,805 - INFO - [2018] MISSING_SYSTEMATIC: SR3Mu/BtagSF_HFcorr_Down/NMinusOne/charge_abs1/pair_highM/mass in Skim_TriLep_WWW.root
2026-08-18 18:29:36,805 - INFO - [2018] MISSING_SYSTEMATIC: SR3Mu/BtagSF_HFuncorr_Up/NMinusOne/charge_abs1/pair_highM/mass in Skim_TriLep_WWW.root
2026-08-18 18:29:36,805 - INFO - [2018] MISSING_SYSTEMATIC: SR3Mu/BtagSF_HFuncorr_Down/NMinusOne/charge_abs1/pair_highM/mass in Skim_TriLep_WWW.root
2026-08-18 18:29:36,806 - INFO - [2018] MISSING_SYSTEMATIC: SR3Mu/BtagSF_LFcorr_Up/NMinusOne/charge_abs1/pair_highM/mass in Skim_TriLep_WWW.root
2026-08-18 18:29:36,806 - INFO - [2018] MISSING_SYSTEMATIC: SR3Mu/BtagSF_LFcorr_Down/NMinusOne/charge_abs1/pair_highM/mass in Skim_TriLep_WWW.root
2026-08-18 18:29:36,807 - INFO - [2018] MISSING_SYSTEMATIC: SR3Mu/BtagSF_LFuncorr_Up/NMinusOne/charge_abs1/pair_highM/mass in Skim_TriLep_WWW.root
2026-08-18 18:29:36,807 - INFO - [2018] MISSING_SYSTEMATIC: SR3Mu/BtagSF_LFuncorr_Down/NMinusOne/charge_abs1/pair_highM/mass in Skim_TriLep_WWW.root
2026-08-18 18:29:36,808 - INFO - [2018] MISSING_SYSTEMATIC: SR3Mu/L1Prefire_Up/NMinusOne/charge_abs1/pair_highM/mass in Skim_TriLep_WWZ.root
2026-08-18 18:29:36,808 - INFO - [2018] MISSING_SYSTEMATIC: SR3Mu/L1Prefire_Down/NMinusOne/charge_abs1/pair_highM/mass in Skim_TriLep_WWZ.root
2026-08-18 18:29:36,809 - INFO - [2018] MISSING_SYSTEMATIC: SR3Mu/PileupReweight_Up/NMinusOne/charge_abs1/pair_highM/mass in Skim_TriLep_WWZ.root
2026-08-18 18:29:36,809 - INFO - [2018] MISSING_SYSTEMATIC: SR3Mu/PileupReweight_Down/NMinusOne/charge_abs1/pair_highM/mass in Skim_TriLep_WWZ.root
2026-08-18 18:29:36,809 - INFO - [2018] MISSING_SYSTEMATIC: SR3Mu/PileupJetIDSF_Up/NMinusOne/charge_abs1/pair_highM/mass in Skim_TriLep_WWZ.root
2026-08-18 18:29:36,810 - INFO - [2018] MISSING_SYSTEMATIC: SR3Mu/PileupJetIDSF_Down/NMinusOne/charge_abs1/pair_highM/mass in Skim_TriLep_WWZ.root
2026-08-18 18:29:36,810 - INFO - [2018] MISSING_SYSTEMATIC: SR3Mu/MuonIDSF_Up/NMinusOne/charge_abs1/pair_highM/mass in Skim_TriLep_WWZ.root
2026-08-18 18:29:36,810 - INFO - [2018] MISSING_SYSTEMATIC: SR3Mu/MuonIDSF_Down/NMinusOne/charge_abs1/pair_highM/mass in Skim_TriLep_WWZ.root
2026-08-18 18:29:36,811 - INFO - [2018] MISSING_SYSTEMATIC: SR3Mu/DblMuTrigSF_Up/NMinusOne/charge_abs1/pair_highM/mass in Skim_TriLep_WWZ.root
2026-08-18 18:29:36,811 - INFO - [2018] MISSING_SYSTEMATIC: SR3Mu/DblMuTrigSF_Down/NMinusOne/charge_abs1/pair_highM/mass in Skim_TriLep_WWZ.root
2026-08-18 18:29:36,812 - INFO - [2018] MISSING_SYSTEMATIC: SR3Mu/JetEn_Up/NMinusOne/charge_abs1/pair_highM/mass in Skim_TriLep_WWZ.root
2026-08-18 18:29:36,812 - INFO - [2018] MISSING_SYSTEMATIC: SR3Mu/JetEn_Down/NMinusOne/charge_abs1/pair_highM/mass in Skim_TriLep_WWZ.root
2026-08-18 18:29:36,813 - INFO - [2018] MISSING_SYSTEMATIC: SR3Mu/JetRes_Up/NMinusOne/charge_abs1/pair_highM/mass in Skim_TriLep_WWZ.root
2026-08-18 18:29:36,813 - INFO - [2018] MISSING_SYSTEMATIC: SR3Mu/JetRes_Down/NMinusOne/charge_abs1/pair_highM/mass in Skim_TriLep_WWZ.root
2026-08-18 18:29:36,813 - INFO - [2018] MISSING_SYSTEMATIC: SR3Mu/MuonEn_Up/NMinusOne/charge_abs1/pair_highM/mass in Skim_TriLep_WWZ.root
2026-08-18 18:29:36,813 - INFO - [2018] MISSING_SYSTEMATIC: SR3Mu/MuonEn_Down/NMinusOne/charge_abs1/pair_highM/mass in Skim_TriLep_WWZ.root
2026-08-18 18:29:36,814 - INFO - [2018] MISSING_SYSTEMATIC: SR3Mu/ElectronEn_Up/NMinusOne/charge_abs1/pair_highM/mass in Skim_TriLep_WWZ.root
2026-08-18 18:29:36,814 - INFO - [2018] MISSING_SYSTEMATIC: SR3Mu/ElectronEn_Down/NMinusOne/charge_abs1/pair_highM/mass in Skim_TriLep_WWZ.root
2026-08-18 18:29:36,815 - INFO - [2018] MISSING_SYSTEMATIC: SR3Mu/ElectronRes_Up/NMinusOne/charge_abs1/pair_highM/mass in Skim_TriLep_WWZ.root
2026-08-18 18:29:36,815 - INFO - [2018] MISSING_SYSTEMATIC: SR3Mu/ElectronRes_Down/NMinusOne/charge_abs1/pair_highM/mass in Skim_TriLep_WWZ.root
2026-08-18 18:29:36,815 - INFO - [2018] MISSING_SYSTEMATIC: SR3Mu/UnclusteredEn_Up/NMinusOne/charge_abs1/pair_highM/mass in Skim_TriLep_WWZ.root
2026-08-18 18:29:36,815 - INFO - [2018] MISSING_SYSTEMATIC: SR3Mu/UnclusteredEn_Down/NMinusOne/charge_abs1/pair_highM/mass in Skim_TriLep_WWZ.root
2026-08-18 18:29:36,816 - INFO - [2018] MISSING_SYSTEMATIC: SR3Mu/BtagSF_HFcorr_Up/NMinusOne/charge_abs1/pair_highM/mass in Skim_TriLep_WWZ.root
2026-08-18 18:29:36,816 - INFO - [2018] MISSING_SYSTEMATIC: SR3Mu/BtagSF_HFcorr_Down/NMinusOne/charge_abs1/pair_highM/mass in Skim_TriLep_WWZ.root
2026-08-18 18:29:36,817 - INFO - [2018] MISSING_SYSTEMATIC: SR3Mu/BtagSF_HFuncorr_Up/NMinusOne/charge_abs1/pair_highM/mass in Skim_TriLep_WWZ.root
2026-08-18 18:29:36,817 - INFO - [2018] MISSING_SYSTEMATIC: SR3Mu/BtagSF_HFuncorr_Down/NMinusOne/charge_abs1/pair_highM/mass in Skim_TriLep_WWZ.root
2026-08-18 18:29:36,817 - INFO - [2018] MISSING_SYSTEMATIC: SR3Mu/BtagSF_LFcorr_Up/NMinusOne/charge_abs1/pair_highM/mass in Skim_TriLep_WWZ.root
2026-08-18 18:29:36,818 - INFO - [2018] MISSING_SYSTEMATIC: SR3Mu/BtagSF_LFcorr_Down/NMinusOne/charge_abs1/pair_highM/mass in Skim_TriLep_WWZ.root
2026-08-18 18:29:36,818 - INFO - [2018] MISSING_SYSTEMATIC: SR3Mu/BtagSF_LFuncorr_Up/NMinusOne/charge_abs1/pair_highM/mass in Skim_TriLep_WWZ.root
2026-08-18 18:29:36,818 - INFO - [2018] MISSING_SYSTEMATIC: SR3Mu/BtagSF_LFuncorr_Down/NMinusOne/charge_abs1/pair_highM/mass in Skim_TriLep_WWZ.root
2026-08-18 18:29:36,819 - INFO - [2018] MISSING_SYSTEMATIC: SR3Mu/L1Prefire_Up/NMinusOne/charge_abs1/pair_highM/mass in Skim_TriLep_WZZ.root
2026-08-18 18:29:36,819 - INFO - [2018] MISSING_SYSTEMATIC: SR3Mu/L1Prefire_Down/NMinusOne/charge_abs1/pair_highM/mass in Skim_TriLep_WZZ.root
2026-08-18 18:29:36,820 - INFO - [2018] MISSING_SYSTEMATIC: SR3Mu/PileupReweight_Up/NMinusOne/charge_abs1/pair_highM/mass in Skim_TriLep_WZZ.root
2026-08-18 18:29:36,820 - INFO - [2018] MISSING_SYSTEMATIC: SR3Mu/PileupReweight_Down/NMinusOne/charge_abs1/pair_highM/mass in Skim_TriLep_WZZ.root
2026-08-18 18:29:36,821 - INFO - [2018] MISSING_SYSTEMATIC: SR3Mu/PileupJetIDSF_Up/NMinusOne/charge_abs1/pair_highM/mass in Skim_TriLep_WZZ.root
2026-08-18 18:29:36,821 - INFO - [2018] MISSING_SYSTEMATIC: SR3Mu/PileupJetIDSF_Down/NMinusOne/charge_abs1/pair_highM/mass in Skim_TriLep_WZZ.root
2026-08-18 18:29:36,822 - INFO - [2018] MISSING_SYSTEMATIC: SR3Mu/MuonIDSF_Up/NMinusOne/charge_abs1/pair_highM/mass in Skim_TriLep_WZZ.root
2026-08-18 18:29:36,822 - INFO - [2018] MISSING_SYSTEMATIC: SR3Mu/MuonIDSF_Down/NMinusOne/charge_abs1/pair_highM/mass in Skim_TriLep_WZZ.root
2026-08-18 18:29:36,822 - INFO - [2018] MISSING_SYSTEMATIC: SR3Mu/DblMuTrigSF_Up/NMinusOne/charge_abs1/pair_highM/mass in Skim_TriLep_WZZ.root
2026-08-18 18:29:36,822 - INFO - [2018] MISSING_SYSTEMATIC: SR3Mu/DblMuTrigSF_Down/NMinusOne/charge_abs1/pair_highM/mass in Skim_TriLep_WZZ.root
2026-08-18 18:29:36,823 - INFO - [2018] MISSING_SYSTEMATIC: SR3Mu/JetEn_Up/NMinusOne/charge_abs1/pair_highM/mass in Skim_TriLep_WZZ.root
2026-08-18 18:29:36,823 - INFO - [2018] MISSING_SYSTEMATIC: SR3Mu/JetEn_Down/NMinusOne/charge_abs1/pair_highM/mass in Skim_TriLep_WZZ.root
2026-08-18 18:29:36,824 - INFO - [2018] MISSING_SYSTEMATIC: SR3Mu/JetRes_Up/NMinusOne/charge_abs1/pair_highM/mass in Skim_TriLep_WZZ.root
2026-08-18 18:29:36,824 - INFO - [2018] MISSING_SYSTEMATIC: SR3Mu/JetRes_Down/NMinusOne/charge_abs1/pair_highM/mass in Skim_TriLep_WZZ.root
2026-08-18 18:29:36,824 - INFO - [2018] MISSING_SYSTEMATIC: SR3Mu/MuonEn_Up/NMinusOne/charge_abs1/pair_highM/mass in Skim_TriLep_WZZ.root
2026-08-18 18:29:36,824 - INFO - [2018] MISSING_SYSTEMATIC: SR3Mu/MuonEn_Down/NMinusOne/charge_abs1/pair_highM/mass in Skim_TriLep_WZZ.root
2026-08-18 18:29:36,825 - INFO - [2018] MISSING_SYSTEMATIC: SR3Mu/ElectronEn_Up/NMinusOne/charge_abs1/pair_highM/mass in Skim_TriLep_WZZ.root
2026-08-18 18:29:36,825 - INFO - [2018] MISSING_SYSTEMATIC: SR3Mu/ElectronEn_Down/NMinusOne/charge_abs1/pair_highM/mass in Skim_TriLep_WZZ.root
2026-08-18 18:29:36,826 - INFO - [2018] MISSING_SYSTEMATIC: SR3Mu/ElectronRes_Up/NMinusOne/charge_abs1/pair_highM/mass in Skim_TriLep_WZZ.root
2026-08-18 18:29:36,826 - INFO - [2018] MISSING_SYSTEMATIC: SR3Mu/ElectronRes_Down/NMinusOne/charge_abs1/pair_highM/mass in Skim_TriLep_WZZ.root
2026-08-18 18:29:36,826 - INFO - [2018] MISSING_SYSTEMATIC: SR3Mu/UnclusteredEn_Up/NMinusOne/charge_abs1/pair_highM/mass in Skim_TriLep_WZZ.root
2026-08-18 18:29:36,826 - INFO - [2018] MISSING_SYSTEMATIC: SR3Mu/UnclusteredEn_Down/NMinusOne/charge_abs1/pair_highM/mass in Skim_TriLep_WZZ.root
2026-08-18 18:29:36,827 - INFO - [2018] MISSING_SYSTEMATIC: SR3Mu/BtagSF_HFcorr_Up/NMinusOne/charge_abs1/pair_highM/mass in Skim_TriLep_WZZ.root
2026-08-18 18:29:36,827 - INFO - [2018] MISSING_SYSTEMATIC: SR3Mu/BtagSF_HFcorr_Down/NMinusOne/charge_abs1/pair_highM/mass in Skim_TriLep_WZZ.root
2026-08-18 18:29:36,827 - INFO - [2018] MISSING_SYSTEMATIC: SR3Mu/BtagSF_HFuncorr_Up/NMinusOne/charge_abs1/pair_highM/mass in Skim_TriLep_WZZ.root
2026-08-18 18:29:36,827 - INFO - [2018] MISSING_SYSTEMATIC: SR3Mu/BtagSF_HFuncorr_Down/NMinusOne/charge_abs1/pair_highM/mass in Skim_TriLep_WZZ.root
2026-08-18 18:29:36,828 - INFO - [2018] MISSING_SYSTEMATIC: SR3Mu/BtagSF_LFcorr_Up/NMinusOne/charge_abs1/pair_highM/mass in Skim_TriLep_WZZ.root
2026-08-18 18:29:36,828 - INFO - [2018] MISSING_SYSTEMATIC: SR3Mu/BtagSF_LFcorr_Down/NMinusOne/charge_abs1/pair_highM/mass in Skim_TriLep_WZZ.root
2026-08-18 18:29:36,829 - INFO - [2018] MISSING_SYSTEMATIC: SR3Mu/BtagSF_LFuncorr_Up/NMinusOne/charge_abs1/pair_highM/mass in Skim_TriLep_WZZ.root
2026-08-18 18:29:36,829 - INFO - [2018] MISSING_SYSTEMATIC: SR3Mu/BtagSF_LFuncorr_Down/NMinusOne/charge_abs1/pair_highM/mass in Skim_TriLep_WZZ.root
2026-08-18 18:29:36,830 - INFO - [2018] MISSING_SYSTEMATIC: SR3Mu/L1Prefire_Up/NMinusOne/charge_abs1/pair_highM/mass in Skim_TriLep_ZZZ.root
2026-08-18 18:29:36,830 - INFO - [2018] MISSING_SYSTEMATIC: SR3Mu/L1Prefire_Down/NMinusOne/charge_abs1/pair_highM/mass in Skim_TriLep_ZZZ.root
2026-08-18 18:29:36,830 - INFO - [2018] MISSING_SYSTEMATIC: SR3Mu/PileupReweight_Up/NMinusOne/charge_abs1/pair_highM/mass in Skim_TriLep_ZZZ.root
2026-08-18 18:29:36,830 - INFO - [2018] MISSING_SYSTEMATIC: SR3Mu/PileupReweight_Down/NMinusOne/charge_abs1/pair_highM/mass in Skim_TriLep_ZZZ.root
2026-08-18 18:29:36,831 - INFO - [2018] MISSING_SYSTEMATIC: SR3Mu/PileupJetIDSF_Up/NMinusOne/charge_abs1/pair_highM/mass in Skim_TriLep_ZZZ.root
2026-08-18 18:29:36,831 - INFO - [2018] MISSING_SYSTEMATIC: SR3Mu/PileupJetIDSF_Down/NMinusOne/charge_abs1/pair_highM/mass in Skim_TriLep_ZZZ.root
2026-08-18 18:29:36,832 - INFO - [2018] MISSING_SYSTEMATIC: SR3Mu/MuonIDSF_Up/NMinusOne/charge_abs1/pair_highM/mass in Skim_TriLep_ZZZ.root
2026-08-18 18:29:36,832 - INFO - [2018] MISSING_SYSTEMATIC: SR3Mu/MuonIDSF_Down/NMinusOne/charge_abs1/pair_highM/mass in Skim_TriLep_ZZZ.root
2026-08-18 18:29:36,832 - INFO - [2018] MISSING_SYSTEMATIC: SR3Mu/DblMuTrigSF_Up/NMinusOne/charge_abs1/pair_highM/mass in Skim_TriLep_ZZZ.root
2026-08-18 18:29:36,832 - INFO - [2018] MISSING_SYSTEMATIC: SR3Mu/DblMuTrigSF_Down/NMinusOne/charge_abs1/pair_highM/mass in Skim_TriLep_ZZZ.root
2026-08-18 18:29:36,833 - INFO - [2018] MISSING_SYSTEMATIC: SR3Mu/JetEn_Up/NMinusOne/charge_abs1/pair_highM/mass in Skim_TriLep_ZZZ.root
2026-08-18 18:29:36,833 - INFO - [2018] MISSING_SYSTEMATIC: SR3Mu/JetEn_Down/NMinusOne/charge_abs1/pair_highM/mass in Skim_TriLep_ZZZ.root
2026-08-18 18:29:36,834 - INFO - [2018] MISSING_SYSTEMATIC: SR3Mu/JetRes_Up/NMinusOne/charge_abs1/pair_highM/mass in Skim_TriLep_ZZZ.root
2026-08-18 18:29:36,834 - INFO - [2018] MISSING_SYSTEMATIC: SR3Mu/JetRes_Down/NMinusOne/charge_abs1/pair_highM/mass in Skim_TriLep_ZZZ.root
2026-08-18 18:29:36,834 - INFO - [2018] MISSING_SYSTEMATIC: SR3Mu/MuonEn_Up/NMinusOne/charge_abs1/pair_highM/mass in Skim_TriLep_ZZZ.root
2026-08-18 18:29:36,834 - INFO - [2018] MISSING_SYSTEMATIC: SR3Mu/MuonEn_Down/NMinusOne/charge_abs1/pair_highM/mass in Skim_TriLep_ZZZ.root
2026-08-18 18:29:36,835 - INFO - [2018] MISSING_SYSTEMATIC: SR3Mu/ElectronEn_Up/NMinusOne/charge_abs1/pair_highM/mass in Skim_TriLep_ZZZ.root
2026-08-18 18:29:36,835 - INFO - [2018] MISSING_SYSTEMATIC: SR3Mu/ElectronEn_Down/NMinusOne/charge_abs1/pair_highM/mass in Skim_TriLep_ZZZ.root
2026-08-18 18:29:36,836 - INFO - [2018] MISSING_SYSTEMATIC: SR3Mu/ElectronRes_Up/NMinusOne/charge_abs1/pair_highM/mass in Skim_TriLep_ZZZ.root
2026-08-18 18:29:36,836 - INFO - [2018] MISSING_SYSTEMATIC: SR3Mu/ElectronRes_Down/NMinusOne/charge_abs1/pair_highM/mass in Skim_TriLep_ZZZ.root
2026-08-18 18:29:36,837 - INFO - [2018] MISSING_SYSTEMATIC: SR3Mu/UnclusteredEn_Up/NMinusOne/charge_abs1/pair_highM/mass in Skim_TriLep_ZZZ.root
2026-08-18 18:29:36,837 - INFO - [2018] MISSING_SYSTEMATIC: SR3Mu/UnclusteredEn_Down/NMinusOne/charge_abs1/pair_highM/mass in Skim_TriLep_ZZZ.root
2026-08-18 18:29:36,837 - INFO - [2018] MISSING_SYSTEMATIC: SR3Mu/BtagSF_HFcorr_Up/NMinusOne/charge_abs1/pair_highM/mass in Skim_TriLep_ZZZ.root
2026-08-18 18:29:36,837 - INFO - [2018] MISSING_SYSTEMATIC: SR3Mu/BtagSF_HFcorr_Down/NMinusOne/charge_abs1/pair_highM/mass in Skim_TriLep_ZZZ.root
2026-08-18 18:29:36,838 - INFO - [2018] MISSING_SYSTEMATIC: SR3Mu/BtagSF_HFuncorr_Up/NMinusOne/charge_abs1/pair_highM/mass in Skim_TriLep_ZZZ.root
2026-08-18 18:29:36,838 - INFO - [2018] MISSING_SYSTEMATIC: SR3Mu/BtagSF_HFuncorr_Down/NMinusOne/charge_abs1/pair_highM/mass in Skim_TriLep_ZZZ.root
2026-08-18 18:29:36,838 - INFO - [2018] MISSING_SYSTEMATIC: SR3Mu/BtagSF_LFcorr_Up/NMinusOne/charge_abs1/pair_highM/mass in Skim_TriLep_ZZZ.root
2026-08-18 18:29:36,838 - INFO - [2018] MISSING_SYSTEMATIC: SR3Mu/BtagSF_LFcorr_Down/NMinusOne/charge_abs1/pair_highM/mass in Skim_TriLep_ZZZ.root
2026-08-18 18:29:36,839 - INFO - [2018] MISSING_SYSTEMATIC: SR3Mu/BtagSF_LFuncorr_Up/NMinusOne/charge_abs1/pair_highM/mass in Skim_TriLep_ZZZ.root
2026-08-18 18:29:36,839 - INFO - [2018] MISSING_SYSTEMATIC: SR3Mu/BtagSF_LFuncorr_Down/NMinusOne/charge_abs1/pair_highM/mass in Skim_TriLep_ZZZ.root
2026-08-18 18:29:36,840 - INFO - [2018] MISSING_SYSTEMATIC: SR3Mu/L1Prefire_Up/NMinusOne/charge_abs1/pair_highM/mass in Skim_TriLep_TTTT.root
2026-08-18 18:29:36,840 - INFO - [2018] MISSING_SYSTEMATIC: SR3Mu/L1Prefire_Down/NMinusOne/charge_abs1/pair_highM/mass in Skim_TriLep_TTTT.root
2026-08-18 18:29:36,841 - INFO - [2018] MISSING_SYSTEMATIC: SR3Mu/PileupReweight_Up/NMinusOne/charge_abs1/pair_highM/mass in Skim_TriLep_TTTT.root
2026-08-18 18:29:36,841 - INFO - [2018] MISSING_SYSTEMATIC: SR3Mu/PileupReweight_Down/NMinusOne/charge_abs1/pair_highM/mass in Skim_TriLep_TTTT.root
2026-08-18 18:29:36,841 - INFO - [2018] MISSING_SYSTEMATIC: SR3Mu/PileupJetIDSF_Up/NMinusOne/charge_abs1/pair_highM/mass in Skim_TriLep_TTTT.root
2026-08-18 18:29:36,842 - INFO - [2018] MISSING_SYSTEMATIC: SR3Mu/PileupJetIDSF_Down/NMinusOne/charge_abs1/pair_highM/mass in Skim_TriLep_TTTT.root
2026-08-18 18:29:36,842 - INFO - [2018] MISSING_SYSTEMATIC: SR3Mu/MuonIDSF_Up/NMinusOne/charge_abs1/pair_highM/mass in Skim_TriLep_TTTT.root
2026-08-18 18:29:36,842 - INFO - [2018] MISSING_SYSTEMATIC: SR3Mu/MuonIDSF_Down/NMinusOne/charge_abs1/pair_highM/mass in Skim_TriLep_TTTT.root
2026-08-18 18:29:36,843 - INFO - [2018] MISSING_SYSTEMATIC: SR3Mu/DblMuTrigSF_Up/NMinusOne/charge_abs1/pair_highM/mass in Skim_TriLep_TTTT.root
2026-08-18 18:29:36,843 - INFO - [2018] MISSING_SYSTEMATIC: SR3Mu/DblMuTrigSF_Down/NMinusOne/charge_abs1/pair_highM/mass in Skim_TriLep_TTTT.root
2026-08-18 18:29:36,843 - INFO - [2018] MISSING_SYSTEMATIC: SR3Mu/JetEn_Up/NMinusOne/charge_abs1/pair_highM/mass in Skim_TriLep_TTTT.root
2026-08-18 18:29:36,843 - INFO - [2018] MISSING_SYSTEMATIC: SR3Mu/JetEn_Down/NMinusOne/charge_abs1/pair_highM/mass in Skim_TriLep_TTTT.root
2026-08-18 18:29:36,844 - INFO - [2018] MISSING_SYSTEMATIC: SR3Mu/JetRes_Up/NMinusOne/charge_abs1/pair_highM/mass in Skim_TriLep_TTTT.root
2026-08-18 18:29:36,844 - INFO - [2018] MISSING_SYSTEMATIC: SR3Mu/JetRes_Down/NMinusOne/charge_abs1/pair_highM/mass in Skim_TriLep_TTTT.root
2026-08-18 18:29:36,845 - INFO - [2018] MISSING_SYSTEMATIC: SR3Mu/MuonEn_Up/NMinusOne/charge_abs1/pair_highM/mass in Skim_TriLep_TTTT.root
2026-08-18 18:29:36,845 - INFO - [2018] MISSING_SYSTEMATIC: SR3Mu/MuonEn_Down/NMinusOne/charge_abs1/pair_highM/mass in Skim_TriLep_TTTT.root
2026-08-18 18:29:36,845 - INFO - [2018] MISSING_SYSTEMATIC: SR3Mu/ElectronEn_Up/NMinusOne/charge_abs1/pair_highM/mass in Skim_TriLep_TTTT.root
2026-08-18 18:29:36,845 - INFO - [2018] MISSING_SYSTEMATIC: SR3Mu/ElectronEn_Down/NMinusOne/charge_abs1/pair_highM/mass in Skim_TriLep_TTTT.root
2026-08-18 18:29:36,846 - INFO - [2018] MISSING_SYSTEMATIC: SR3Mu/ElectronRes_Up/NMinusOne/charge_abs1/pair_highM/mass in Skim_TriLep_TTTT.root
2026-08-18 18:29:36,846 - INFO - [2018] MISSING_SYSTEMATIC: SR3Mu/ElectronRes_Down/NMinusOne/charge_abs1/pair_highM/mass in Skim_TriLep_TTTT.root
2026-08-18 18:29:36,847 - INFO - [2018] MISSING_SYSTEMATIC: SR3Mu/UnclusteredEn_Up/NMinusOne/charge_abs1/pair_highM/mass in Skim_TriLep_TTTT.root
2026-08-18 18:29:36,847 - INFO - [2018] MISSING_SYSTEMATIC: SR3Mu/UnclusteredEn_Down/NMinusOne/charge_abs1/pair_highM/mass in Skim_TriLep_TTTT.root
2026-08-18 18:29:36,847 - INFO - [2018] MISSING_SYSTEMATIC: SR3Mu/BtagSF_HFcorr_Up/NMinusOne/charge_abs1/pair_highM/mass in Skim_TriLep_TTTT.root
2026-08-18 18:29:36,847 - INFO - [2018] MISSING_SYSTEMATIC: SR3Mu/BtagSF_HFcorr_Down/NMinusOne/charge_abs1/pair_highM/mass in Skim_TriLep_TTTT.root
2026-08-18 18:29:36,848 - INFO - [2018] MISSING_SYSTEMATIC: SR3Mu/BtagSF_HFuncorr_Up/NMinusOne/charge_abs1/pair_highM/mass in Skim_TriLep_TTTT.root
2026-08-18 18:29:36,848 - INFO - [2018] MISSING_SYSTEMATIC: SR3Mu/BtagSF_HFuncorr_Down/NMinusOne/charge_abs1/pair_highM/mass in Skim_TriLep_TTTT.root
2026-08-18 18:29:36,848 - INFO - [2018] MISSING_SYSTEMATIC: SR3Mu/BtagSF_LFcorr_Up/NMinusOne/charge_abs1/pair_highM/mass in Skim_TriLep_TTTT.root
2026-08-18 18:29:36,848 - INFO - [2018] MISSING_SYSTEMATIC: SR3Mu/BtagSF_LFcorr_Down/NMinusOne/charge_abs1/pair_highM/mass in Skim_TriLep_TTTT.root
2026-08-18 18:29:36,849 - INFO - [2018] MISSING_SYSTEMATIC: SR3Mu/BtagSF_LFuncorr_Up/NMinusOne/charge_abs1/pair_highM/mass in Skim_TriLep_TTTT.root
2026-08-18 18:29:36,849 - INFO - [2018] MISSING_SYSTEMATIC: SR3Mu/BtagSF_LFuncorr_Down/NMinusOne/charge_abs1/pair_highM/mass in Skim_TriLep_TTTT.root
2026-08-18 18:29:36,850 - INFO - [2018] MISSING_SYSTEMATIC: SR3Mu/L1Prefire_Up/NMinusOne/charge_abs1/pair_highM/mass in Skim_TriLep_VBFHToZZTo4L.root
2026-08-18 18:29:36,850 - INFO - [2018] MISSING_SYSTEMATIC: SR3Mu/L1Prefire_Down/NMinusOne/charge_abs1/pair_highM/mass in Skim_TriLep_VBFHToZZTo4L.root
2026-08-18 18:29:36,851 - INFO - [2018] MISSING_SYSTEMATIC: SR3Mu/PileupReweight_Up/NMinusOne/charge_abs1/pair_highM/mass in Skim_TriLep_VBFHToZZTo4L.root
2026-08-18 18:29:36,851 - INFO - [2018] MISSING_SYSTEMATIC: SR3Mu/PileupReweight_Down/NMinusOne/charge_abs1/pair_highM/mass in Skim_TriLep_VBFHToZZTo4L.root
2026-08-18 18:29:36,851 - INFO - [2018] MISSING_SYSTEMATIC: SR3Mu/PileupJetIDSF_Up/NMinusOne/charge_abs1/pair_highM/mass in Skim_TriLep_VBFHToZZTo4L.root
2026-08-18 18:29:36,851 - INFO - [2018] MISSING_SYSTEMATIC: SR3Mu/PileupJetIDSF_Down/NMinusOne/charge_abs1/pair_highM/mass in Skim_TriLep_VBFHToZZTo4L.root
2026-08-18 18:29:36,852 - INFO - [2018] MISSING_SYSTEMATIC: SR3Mu/MuonIDSF_Up/NMinusOne/charge_abs1/pair_highM/mass in Skim_TriLep_VBFHToZZTo4L.root
2026-08-18 18:29:36,852 - INFO - [2018] MISSING_SYSTEMATIC: SR3Mu/MuonIDSF_Down/NMinusOne/charge_abs1/pair_highM/mass in Skim_TriLep_VBFHToZZTo4L.root
2026-08-18 18:29:36,853 - INFO - [2018] MISSING_SYSTEMATIC: SR3Mu/DblMuTrigSF_Up/NMinusOne/charge_abs1/pair_highM/mass in Skim_TriLep_VBFHToZZTo4L.root
2026-08-18 18:29:36,853 - INFO - [2018] MISSING_SYSTEMATIC: SR3Mu/DblMuTrigSF_Down/NMinusOne/charge_abs1/pair_highM/mass in Skim_TriLep_VBFHToZZTo4L.root
2026-08-18 18:29:36,853 - INFO - [2018] MISSING_SYSTEMATIC: SR3Mu/JetEn_Up/NMinusOne/charge_abs1/pair_highM/mass in Skim_TriLep_VBFHToZZTo4L.root
2026-08-18 18:29:36,853 - INFO - [2018] MISSING_SYSTEMATIC: SR3Mu/JetEn_Down/NMinusOne/charge_abs1/pair_highM/mass in Skim_TriLep_VBFHToZZTo4L.root
2026-08-18 18:29:36,854 - INFO - [2018] MISSING_SYSTEMATIC: SR3Mu/JetRes_Up/NMinusOne/charge_abs1/pair_highM/mass in Skim_TriLep_VBFHToZZTo4L.root
2026-08-18 18:29:36,854 - INFO - [2018] MISSING_SYSTEMATIC: SR3Mu/JetRes_Down/NMinusOne/charge_abs1/pair_highM/mass in Skim_TriLep_VBFHToZZTo4L.root
2026-08-18 18:29:36,855 - INFO - [2018] MISSING_SYSTEMATIC: SR3Mu/MuonEn_Up/NMinusOne/charge_abs1/pair_highM/mass in Skim_TriLep_VBFHToZZTo4L.root
2026-08-18 18:29:36,855 - INFO - [2018] MISSING_SYSTEMATIC: SR3Mu/MuonEn_Down/NMinusOne/charge_abs1/pair_highM/mass in Skim_TriLep_VBFHToZZTo4L.root
2026-08-18 18:29:36,855 - INFO - [2018] MISSING_SYSTEMATIC: SR3Mu/ElectronEn_Up/NMinusOne/charge_abs1/pair_highM/mass in Skim_TriLep_VBFHToZZTo4L.root
2026-08-18 18:29:36,855 - INFO - [2018] MISSING_SYSTEMATIC: SR3Mu/ElectronEn_Down/NMinusOne/charge_abs1/pair_highM/mass in Skim_TriLep_VBFHToZZTo4L.root
2026-08-18 18:29:36,856 - INFO - [2018] MISSING_SYSTEMATIC: SR3Mu/ElectronRes_Up/NMinusOne/charge_abs1/pair_highM/mass in Skim_TriLep_VBFHToZZTo4L.root
2026-08-18 18:29:36,856 - INFO - [2018] MISSING_SYSTEMATIC: SR3Mu/ElectronRes_Down/NMinusOne/charge_abs1/pair_highM/mass in Skim_TriLep_VBFHToZZTo4L.root
2026-08-18 18:29:36,857 - INFO - [2018] MISSING_SYSTEMATIC: SR3Mu/UnclusteredEn_Up/NMinusOne/charge_abs1/pair_highM/mass in Skim_TriLep_VBFHToZZTo4L.root
2026-08-18 18:29:36,857 - INFO - [2018] MISSING_SYSTEMATIC: SR3Mu/UnclusteredEn_Down/NMinusOne/charge_abs1/pair_highM/mass in Skim_TriLep_VBFHToZZTo4L.root
2026-08-18 18:29:36,857 - INFO - [2018] MISSING_SYSTEMATIC: SR3Mu/BtagSF_HFcorr_Up/NMinusOne/charge_abs1/pair_highM/mass in Skim_TriLep_VBFHToZZTo4L.root
2026-08-18 18:29:36,857 - INFO - [2018] MISSING_SYSTEMATIC: SR3Mu/BtagSF_HFcorr_Down/NMinusOne/charge_abs1/pair_highM/mass in Skim_TriLep_VBFHToZZTo4L.root
2026-08-18 18:29:36,858 - INFO - [2018] MISSING_SYSTEMATIC: SR3Mu/BtagSF_HFuncorr_Up/NMinusOne/charge_abs1/pair_highM/mass in Skim_TriLep_VBFHToZZTo4L.root
2026-08-18 18:29:36,858 - INFO - [2018] MISSING_SYSTEMATIC: SR3Mu/BtagSF_HFuncorr_Down/NMinusOne/charge_abs1/pair_highM/mass in Skim_TriLep_VBFHToZZTo4L.root
2026-08-18 18:29:36,858 - INFO - [2018] MISSING_SYSTEMATIC: SR3Mu/BtagSF_LFcorr_Up/NMinusOne/charge_abs1/pair_highM/mass in Skim_TriLep_VBFHToZZTo4L.root
2026-08-18 18:29:36,859 - INFO - [2018] MISSING_SYSTEMATIC: SR3Mu/BtagSF_LFcorr_Down/NMinusOne/charge_abs1/pair_highM/mass in Skim_TriLep_VBFHToZZTo4L.root
2026-08-18 18:29:36,859 - INFO - [2018] MISSING_SYSTEMATIC: SR3Mu/BtagSF_LFuncorr_Up/NMinusOne/charge_abs1/pair_highM/mass in Skim_TriLep_VBFHToZZTo4L.root
2026-08-18 18:29:36,859 - INFO - [2018] MISSING_SYSTEMATIC: SR3Mu/BtagSF_LFuncorr_Down/NMinusOne/charge_abs1/pair_highM/mass in Skim_TriLep_VBFHToZZTo4L.root
2026-08-18 18:29:36,860 - INFO - [2018] MISSING_SYSTEMATIC: SR3Mu/L1Prefire_Up/NMinusOne/charge_abs1/pair_highM/mass in Skim_TriLep_ggHToZZTo4L.root
2026-08-18 18:29:36,860 - INFO - [2018] MISSING_SYSTEMATIC: SR3Mu/L1Prefire_Down/NMinusOne/charge_abs1/pair_highM/mass in Skim_TriLep_ggHToZZTo4L.root
2026-08-18 18:29:36,861 - INFO - [2018] MISSING_SYSTEMATIC: SR3Mu/PileupReweight_Up/NMinusOne/charge_abs1/pair_highM/mass in Skim_TriLep_ggHToZZTo4L.root
2026-08-18 18:29:36,861 - INFO - [2018] MISSING_SYSTEMATIC: SR3Mu/PileupReweight_Down/NMinusOne/charge_abs1/pair_highM/mass in Skim_TriLep_ggHToZZTo4L.root
2026-08-18 18:29:36,861 - INFO - [2018] MISSING_SYSTEMATIC: SR3Mu/PileupJetIDSF_Up/NMinusOne/charge_abs1/pair_highM/mass in Skim_TriLep_ggHToZZTo4L.root
2026-08-18 18:29:36,862 - INFO - [2018] MISSING_SYSTEMATIC: SR3Mu/PileupJetIDSF_Down/NMinusOne/charge_abs1/pair_highM/mass in Skim_TriLep_ggHToZZTo4L.root
2026-08-18 18:29:36,862 - INFO - [2018] MISSING_SYSTEMATIC: SR3Mu/MuonIDSF_Up/NMinusOne/charge_abs1/pair_highM/mass in Skim_TriLep_ggHToZZTo4L.root
2026-08-18 18:29:36,862 - INFO - [2018] MISSING_SYSTEMATIC: SR3Mu/MuonIDSF_Down/NMinusOne/charge_abs1/pair_highM/mass in Skim_TriLep_ggHToZZTo4L.root
2026-08-18 18:29:36,863 - INFO - [2018] MISSING_SYSTEMATIC: SR3Mu/DblMuTrigSF_Up/NMinusOne/charge_abs1/pair_highM/mass in Skim_TriLep_ggHToZZTo4L.root
2026-08-18 18:29:36,863 - INFO - [2018] MISSING_SYSTEMATIC: SR3Mu/DblMuTrigSF_Down/NMinusOne/charge_abs1/pair_highM/mass in Skim_TriLep_ggHToZZTo4L.root
2026-08-18 18:29:36,863 - INFO - [2018] MISSING_SYSTEMATIC: SR3Mu/JetEn_Up/NMinusOne/charge_abs1/pair_highM/mass in Skim_TriLep_ggHToZZTo4L.root
2026-08-18 18:29:36,863 - INFO - [2018] MISSING_SYSTEMATIC: SR3Mu/JetEn_Down/NMinusOne/charge_abs1/pair_highM/mass in Skim_TriLep_ggHToZZTo4L.root
2026-08-18 18:29:36,864 - INFO - [2018] MISSING_SYSTEMATIC: SR3Mu/JetRes_Up/NMinusOne/charge_abs1/pair_highM/mass in Skim_TriLep_ggHToZZTo4L.root
2026-08-18 18:29:36,864 - INFO - [2018] MISSING_SYSTEMATIC: SR3Mu/JetRes_Down/NMinusOne/charge_abs1/pair_highM/mass in Skim_TriLep_ggHToZZTo4L.root
2026-08-18 18:29:36,865 - INFO - [2018] MISSING_SYSTEMATIC: SR3Mu/MuonEn_Up/NMinusOne/charge_abs1/pair_highM/mass in Skim_TriLep_ggHToZZTo4L.root
2026-08-18 18:29:36,865 - INFO - [2018] MISSING_SYSTEMATIC: SR3Mu/MuonEn_Down/NMinusOne/charge_abs1/pair_highM/mass in Skim_TriLep_ggHToZZTo4L.root
2026-08-18 18:29:36,865 - INFO - [2018] MISSING_SYSTEMATIC: SR3Mu/ElectronEn_Up/NMinusOne/charge_abs1/pair_highM/mass in Skim_TriLep_ggHToZZTo4L.root
2026-08-18 18:29:36,865 - INFO - [2018] MISSING_SYSTEMATIC: SR3Mu/ElectronEn_Down/NMinusOne/charge_abs1/pair_highM/mass in Skim_TriLep_ggHToZZTo4L.root
2026-08-18 18:29:36,866 - INFO - [2018] MISSING_SYSTEMATIC: SR3Mu/ElectronRes_Up/NMinusOne/charge_abs1/pair_highM/mass in Skim_TriLep_ggHToZZTo4L.root
2026-08-18 18:29:36,866 - INFO - [2018] MISSING_SYSTEMATIC: SR3Mu/ElectronRes_Down/NMinusOne/charge_abs1/pair_highM/mass in Skim_TriLep_ggHToZZTo4L.root
2026-08-18 18:29:36,867 - INFO - [2018] MISSING_SYSTEMATIC: SR3Mu/UnclusteredEn_Up/NMinusOne/charge_abs1/pair_highM/mass in Skim_TriLep_ggHToZZTo4L.root
2026-08-18 18:29:36,867 - INFO - [2018] MISSING_SYSTEMATIC: SR3Mu/UnclusteredEn_Down/NMinusOne/charge_abs1/pair_highM/mass in Skim_TriLep_ggHToZZTo4L.root
2026-08-18 18:29:36,867 - INFO - [2018] MISSING_SYSTEMATIC: SR3Mu/BtagSF_HFcorr_Up/NMinusOne/charge_abs1/pair_highM/mass in Skim_TriLep_ggHToZZTo4L.root
2026-08-18 18:29:36,867 - INFO - [2018] MISSING_SYSTEMATIC: SR3Mu/BtagSF_HFcorr_Down/NMinusOne/charge_abs1/pair_highM/mass in Skim_TriLep_ggHToZZTo4L.root
2026-08-18 18:29:36,868 - INFO - [2018] MISSING_SYSTEMATIC: SR3Mu/BtagSF_HFuncorr_Up/NMinusOne/charge_abs1/pair_highM/mass in Skim_TriLep_ggHToZZTo4L.root
2026-08-18 18:29:36,868 - INFO - [2018] MISSING_SYSTEMATIC: SR3Mu/BtagSF_HFuncorr_Down/NMinusOne/charge_abs1/pair_highM/mass in Skim_TriLep_ggHToZZTo4L.root
2026-08-18 18:29:36,869 - INFO - [2018] MISSING_SYSTEMATIC: SR3Mu/BtagSF_LFcorr_Up/NMinusOne/charge_abs1/pair_highM/mass in Skim_TriLep_ggHToZZTo4L.root
2026-08-18 18:29:36,869 - INFO - [2018] MISSING_SYSTEMATIC: SR3Mu/BtagSF_LFcorr_Down/NMinusOne/charge_abs1/pair_highM/mass in Skim_TriLep_ggHToZZTo4L.root
2026-08-18 18:29:36,869 - INFO - [2018] MISSING_SYSTEMATIC: SR3Mu/BtagSF_LFuncorr_Up/NMinusOne/charge_abs1/pair_highM/mass in Skim_TriLep_ggHToZZTo4L.root
2026-08-18 18:29:36,869 - INFO - [2018] MISSING_SYSTEMATIC: SR3Mu/BtagSF_LFuncorr_Down/NMinusOne/charge_abs1/pair_highM/mass in Skim_TriLep_ggHToZZTo4L.root
2026-08-19 10:24:01,742 - INFO - [2018] MISSING_SYSTEMATIC: SR3Mu/L1Prefire_Up/NMinusOne/charge_abs1/pair_highM/mass in Skim_TriLep_DYJets.root
2026-08-19 10:24:01,742 - INFO - [2018] MISSING_SYSTEMATIC: SR3Mu/L1Prefire_Down/NMinusOne/charge_abs1/pair_highM/mass in Skim_TriLep_DYJets.root
2026-08-19 10:24:01,743 - INFO - [2018] MISSING_SYSTEMATIC: SR3Mu/PileupReweight_Up/NMinusOne/charge_abs1/pair_highM/mass in Skim_TriLep_DYJets.root
2026-08-19 10:24:01,743 - INFO - [2018] MISSING_SYSTEMATIC: SR3Mu/PileupReweight_Down/NMinusOne/charge_abs1/pair_highM/mass in Skim_TriLep_DYJets.root
2026-08-19 10:24:01,744 - INFO - [2018] MISSING_SYSTEMATIC: SR3Mu/PileupJetIDSF_Up/NMinusOne/charge_abs1/pair_highM/mass in Skim_TriLep_DYJets.root
2026-08-19 10:24:01,744 - INFO - [2018] MISSING_SYSTEMATIC: SR3Mu/PileupJetIDSF_Down/NMinusOne/charge_abs1/pair_highM/mass in Skim_TriLep_DYJets.root
2026-08-19 10:24:01,745 - INFO - [2018] MISSING_SYSTEMATIC: SR3Mu/MuonIDSF_Up/NMinusOne/charge_abs1/pair_highM/mass in Skim_TriLep_DYJets.root
2026-08-19 10:24:01,745 - INFO - [2018] MISSING_SYSTEMATIC: SR3Mu/MuonIDSF_Down/NMinusOne/charge_abs1/pair_highM/mass in Skim_TriLep_DYJets.root
2026-08-19 10:24:01,746 - INFO - [2018] MISSING_SYSTEMATIC: SR3Mu/DblMuTrigSF_Up/NMinusOne/charge_abs1/pair_highM/mass in Skim_TriLep_DYJets.root
2026-08-19 10:24:01,746 - INFO - [2018] MISSING_SYSTEMATIC: SR3Mu/DblMuTrigSF_Down/NMinusOne/charge_abs1/pair_highM/mass in Skim_TriLep_DYJets.root
2026-08-19 10:24:01,747 - INFO - [2018] MISSING_SYSTEMATIC: SR3Mu/JetEn_Up/NMinusOne/charge_abs1/pair_highM/mass in Skim_TriLep_DYJets.root
2026-08-19 10:24:01,747 - INFO - [2018] MISSING_SYSTEMATIC: SR3Mu/JetEn_Down/NMinusOne/charge_abs1/pair_highM/mass in Skim_TriLep_DYJets.root
2026-08-19 10:24:01,748 - INFO - [2018] MISSING_SYSTEMATIC: SR3Mu/JetRes_Up/NMinusOne/charge_abs1/pair_highM/mass in Skim_TriLep_DYJets.root
2026-08-19 10:24:01,748 - INFO - [2018] MISSING_SYSTEMATIC: SR3Mu/JetRes_Down/NMinusOne/charge_abs1/pair_highM/mass in Skim_TriLep_DYJets.root
2026-08-19 10:24:01,749 - INFO - [2018] MISSING_SYSTEMATIC: SR3Mu/MuonEn_Up/NMinusOne/charge_abs1/pair_highM/mass in Skim_TriLep_DYJets.root
2026-08-19 10:24:01,749 - INFO - [2018] MISSING_SYSTEMATIC: SR3Mu/MuonEn_Down/NMinusOne/charge_abs1/pair_highM/mass in Skim_TriLep_DYJets.root
2026-08-19 10:24:01,750 - INFO - [2018] MISSING_SYSTEMATIC: SR3Mu/ElectronEn_Up/NMinusOne/charge_abs1/pair_highM/mass in Skim_TriLep_DYJets.root
2026-08-19 10:24:01,750 - INFO - [2018] MISSING_SYSTEMATIC: SR3Mu/ElectronEn_Down/NMinusOne/charge_abs1/pair_highM/mass in Skim_TriLep_DYJets.root
2026-08-19 10:24:01,751 - INFO - [2018] MISSING_SYSTEMATIC: SR3Mu/ElectronRes_Up/NMinusOne/charge_abs1/pair_highM/mass in Skim_TriLep_DYJets.root
2026-08-19 10:24:01,751 - INFO - [2018] MISSING_SYSTEMATIC: SR3Mu/ElectronRes_Down/NMinusOne/charge_abs1/pair_highM/mass in Skim_TriLep_DYJets.root
2026-08-19 10:24:01,752 - INFO - [2018] MISSING_SYSTEMATIC: SR3Mu/UnclusteredEn_Up/NMinusOne/charge_abs1/pair_highM/mass in Skim_TriLep_DYJets.root
2026-08-19 10:24:01,752 - INFO - [2018] MISSING_SYSTEMATIC: SR3Mu/UnclusteredEn_Down/NMinusOne/charge_abs1/pair_highM/mass in Skim_TriLep_DYJets.root
2026-08-19 10:24:01,753 - INFO - [2018] MISSING_SYSTEMATIC: SR3Mu/BtagSF_HFcorr_Up/NMinusOne/charge_abs1/pair_highM/mass in Skim_TriLep_DYJets.root
2026-08-19 10:24:01,753 - INFO - [2018] MISSING_SYSTEMATIC: SR3Mu/BtagSF_HFcorr_Down/NMinusOne/charge_abs1/pair_highM/mass in Skim_TriLep_DYJets.root
2026-08-19 10:24:01,754 - INFO - [2018] MISSING_SYSTEMATIC: SR3Mu/BtagSF_HFuncorr_Up/NMinusOne/charge_abs1/pair_highM/mass in Skim_TriLep_DYJets.root
2026-08-19 10:24:01,754 - INFO - [2018] MISSING_SYSTEMATIC: SR3Mu/BtagSF_HFuncorr_Down/NMinusOne/charge_abs1/pair_highM/mass in Skim_TriLep_DYJets.root
2026-08-19 10:24:01,755 - INFO - [2018] MISSING_SYSTEMATIC: SR3Mu/BtagSF_LFcorr_Up/NMinusOne/charge_abs1/pair_highM/mass in Skim_TriLep_DYJets.root
2026-08-19 10:24:01,755 - INFO - [2018] MISSING_SYSTEMATIC: SR3Mu/BtagSF_LFcorr_Down/NMinusOne/charge_abs1/pair_highM/mass in Skim_TriLep_DYJets.root
2026-08-19 10:24:01,756 - INFO - [2018] MISSING_SYSTEMATIC: SR3Mu/BtagSF_LFuncorr_Up/NMinusOne/charge_abs1/pair_highM/mass in Skim_TriLep_DYJets.root
2026-08-19 10:24:01,756 - INFO - [2018] MISSING_SYSTEMATIC: SR3Mu/BtagSF_LFuncorr_Down/NMinusOne/charge_abs1/pair_highM/mass in Skim_TriLep_DYJets.root
2026-08-19 10:24:01,756 - INFO - [2018] MISSING_CENTRAL: SR3Mu/Central/NMinusOne/charge_abs1/pair_highM/mass in Skim_TriLep_DYJets10to50.root
2026-08-19 10:24:01,758 - INFO - [2018] MISSING_SYSTEMATIC: SR3Mu/L1Prefire_Up/NMinusOne/charge_abs1/pair_highM/mass in Skim_TriLep_TTG.root
2026-08-19 10:24:01,758 - INFO - [2018] MISSING_SYSTEMATIC: SR3Mu/L1Prefire_Down/NMinusOne/charge_abs1/pair_highM/mass in Skim_TriLep_TTG.root
2026-08-19 10:24:01,759 - INFO - [2018] MISSING_SYSTEMATIC: SR3Mu/PileupReweight_Up/NMinusOne/charge_abs1/pair_highM/mass in Skim_TriLep_TTG.root
2026-08-19 10:24:01,759 - INFO - [2018] MISSING_SYSTEMATIC: SR3Mu/PileupReweight_Down/NMinusOne/charge_abs1/pair_highM/mass in Skim_TriLep_TTG.root
2026-08-19 10:24:01,760 - INFO - [2018] MISSING_SYSTEMATIC: SR3Mu/PileupJetIDSF_Up/NMinusOne/charge_abs1/pair_highM/mass in Skim_TriLep_TTG.root
2026-08-19 10:24:01,760 - INFO - [2018] MISSING_SYSTEMATIC: SR3Mu/PileupJetIDSF_Down/NMinusOne/charge_abs1/pair_highM/mass in Skim_TriLep_TTG.root
2026-08-19 10:24:01,761 - INFO - [2018] MISSING_SYSTEMATIC: SR3Mu/MuonIDSF_Up/NMinusOne/charge_abs1/pair_highM/mass in Skim_TriLep_TTG.root
2026-08-19 10:24:01,761 - INFO - [2018] MISSING_SYSTEMATIC: SR3Mu/MuonIDSF_Down/NMinusOne/charge_abs1/pair_highM/mass in Skim_TriLep_TTG.root
2026-08-19 10:24:01,762 - INFO - [2018] MISSING_SYSTEMATIC: SR3Mu/DblMuTrigSF_Up/NMinusOne/charge_abs1/pair_highM/mass in Skim_TriLep_TTG.root
2026-08-19 10:24:01,762 - INFO - [2018] MISSING_SYSTEMATIC: SR3Mu/DblMuTrigSF_Down/NMinusOne/charge_abs1/pair_highM/mass in Skim_TriLep_TTG.root
2026-08-19 10:24:01,763 - INFO - [2018] MISSING_SYSTEMATIC: SR3Mu/JetEn_Up/NMinusOne/charge_abs1/pair_highM/mass in Skim_TriLep_TTG.root
2026-08-19 10:24:01,763 - INFO - [2018] MISSING_SYSTEMATIC: SR3Mu/JetEn_Down/NMinusOne/charge_abs1/pair_highM/mass in Skim_TriLep_TTG.root
2026-08-19 10:24:01,763 - INFO - [2018] MISSING_SYSTEMATIC: SR3Mu/JetRes_Up/NMinusOne/charge_abs1/pair_highM/mass in Skim_TriLep_TTG.root
2026-08-19 10:24:01,763 - INFO - [2018] MISSING_SYSTEMATIC: SR3Mu/JetRes_Down/NMinusOne/charge_abs1/pair_highM/mass in Skim_TriLep_TTG.root
2026-08-19 10:24:01,764 - INFO - [2018] MISSING_SYSTEMATIC: SR3Mu/MuonEn_Up/NMinusOne/charge_abs1/pair_highM/mass in Skim_TriLep_TTG.root
2026-08-19 10:24:01,764 - INFO - [2018] MISSING_SYSTEMATIC: SR3Mu/MuonEn_Down/NMinusOne/charge_abs1/pair_highM/mass in Skim_TriLep_TTG.root
2026-08-19 10:24:01,765 - INFO - [2018] MISSING_SYSTEMATIC: SR3Mu/ElectronEn_Up/NMinusOne/charge_abs1/pair_highM/mass in Skim_TriLep_TTG.root
2026-08-19 10:24:01,765 - INFO - [2018] MISSING_SYSTEMATIC: SR3Mu/ElectronEn_Down/NMinusOne/charge_abs1/pair_highM/mass in Skim_TriLep_TTG.root
2026-08-19 10:24:01,766 - INFO - [2018] MISSING_SYSTEMATIC: SR3Mu/ElectronRes_Up/NMinusOne/charge_abs1/pair_highM/mass in Skim_TriLep_TTG.root
2026-08-19 10:24:01,766 - INFO - [2018] MISSING_SYSTEMATIC: SR3Mu/ElectronRes_Down/NMinusOne/charge_abs1/pair_highM/mass in Skim_TriLep_TTG.root
2026-08-19 10:24:01,767 - INFO - [2018] MISSING_SYSTEMATIC: SR3Mu/UnclusteredEn_Up/NMinusOne/charge_abs1/pair_highM/mass in Skim_TriLep_TTG.root
2026-08-19 10:24:01,767 - INFO - [2018] MISSING_SYSTEMATIC: SR3Mu/UnclusteredEn_Down/NMinusOne/charge_abs1/pair_highM/mass in Skim_TriLep_TTG.root
2026-08-19 10:24:01,768 - INFO - [2018] MISSING_SYSTEMATIC: SR3Mu/BtagSF_HFcorr_Up/NMinusOne/charge_abs1/pair_highM/mass in Skim_TriLep_TTG.root
2026-08-19 10:24:01,768 - INFO - [2018] MISSING_SYSTEMATIC: SR3Mu/BtagSF_HFcorr_Down/NMinusOne/charge_abs1/pair_highM/mass in Skim_TriLep_TTG.root
2026-08-19 10:24:01,769 - INFO - [2018] MISSING_SYSTEMATIC: SR3Mu/BtagSF_HFuncorr_Up/NMinusOne/charge_abs1/pair_highM/mass in Skim_TriLep_TTG.root
2026-08-19 10:24:01,769 - INFO - [2018] MISSING_SYSTEMATIC: SR3Mu/BtagSF_HFuncorr_Down/NMinusOne/charge_abs1/pair_highM/mass in Skim_TriLep_TTG.root
2026-08-19 10:24:01,770 - INFO - [2018] MISSING_SYSTEMATIC: SR3Mu/BtagSF_LFcorr_Up/NMinusOne/charge_abs1/pair_highM/mass in Skim_TriLep_TTG.root
2026-08-19 10:24:01,770 - INFO - [2018] MISSING_SYSTEMATIC: SR3Mu/BtagSF_LFcorr_Down/NMinusOne/charge_abs1/pair_highM/mass in Skim_TriLep_TTG.root
2026-08-19 10:24:01,771 - INFO - [2018] MISSING_SYSTEMATIC: SR3Mu/BtagSF_LFuncorr_Up/NMinusOne/charge_abs1/pair_highM/mass in Skim_TriLep_TTG.root
2026-08-19 10:24:01,771 - INFO - [2018] MISSING_SYSTEMATIC: SR3Mu/BtagSF_LFuncorr_Down/NMinusOne/charge_abs1/pair_highM/mass in Skim_TriLep_TTG.root
2026-08-19 10:24:01,773 - INFO - [2018] MISSING_SYSTEMATIC: SR3Mu/L1Prefire_Up/NMinusOne/charge_abs1/pair_highM/mass in Skim_TriLep_WWG.root
2026-08-19 10:24:01,773 - INFO - [2018] MISSING_SYSTEMATIC: SR3Mu/L1Prefire_Down/NMinusOne/charge_abs1/pair_highM/mass in Skim_TriLep_WWG.root
2026-08-19 10:24:01,774 - INFO - [2018] MISSING_SYSTEMATIC: SR3Mu/PileupReweight_Up/NMinusOne/charge_abs1/pair_highM/mass in Skim_TriLep_WWG.root
2026-08-19 10:24:01,774 - INFO - [2018] MISSING_SYSTEMATIC: SR3Mu/PileupReweight_Down/NMinusOne/charge_abs1/pair_highM/mass in Skim_TriLep_WWG.root
2026-08-19 10:24:01,775 - INFO - [2018] MISSING_SYSTEMATIC: SR3Mu/PileupJetIDSF_Up/NMinusOne/charge_abs1/pair_highM/mass in Skim_TriLep_WWG.root
2026-08-19 10:24:01,775 - INFO - [2018] MISSING_SYSTEMATIC: SR3Mu/PileupJetIDSF_Down/NMinusOne/charge_abs1/pair_highM/mass in Skim_TriLep_WWG.root
2026-08-19 10:24:01,776 - INFO - [2018] MISSING_SYSTEMATIC: SR3Mu/MuonIDSF_Up/NMinusOne/charge_abs1/pair_highM/mass in Skim_TriLep_WWG.root
2026-08-19 10:24:01,776 - INFO - [2018] MISSING_SYSTEMATIC: SR3Mu/MuonIDSF_Down/NMinusOne/charge_abs1/pair_highM/mass in Skim_TriLep_WWG.root
2026-08-19 10:24:01,777 - INFO - [2018] MISSING_SYSTEMATIC: SR3Mu/DblMuTrigSF_Up/NMinusOne/charge_abs1/pair_highM/mass in Skim_TriLep_WWG.root
2026-08-19 10:24:01,777 - INFO - [2018] MISSING_SYSTEMATIC: SR3Mu/DblMuTrigSF_Down/NMinusOne/charge_abs1/pair_highM/mass in Skim_TriLep_WWG.root
2026-08-19 10:24:01,778 - INFO - [2018] MISSING_SYSTEMATIC: SR3Mu/JetEn_Up/NMinusOne/charge_abs1/pair_highM/mass in Skim_TriLep_WWG.root
2026-08-19 10:24:01,778 - INFO - [2018] MISSING_SYSTEMATIC: SR3Mu/JetEn_Down/NMinusOne/charge_abs1/pair_highM/mass in Skim_TriLep_WWG.root
2026-08-19 10:24:01,779 - INFO - [2018] MISSING_SYSTEMATIC: SR3Mu/JetRes_Up/NMinusOne/charge_abs1/pair_highM/mass in Skim_TriLep_WWG.root
2026-08-19 10:24:01,779 - INFO - [2018] MISSING_SYSTEMATIC: SR3Mu/JetRes_Down/NMinusOne/charge_abs1/pair_highM/mass in Skim_TriLep_WWG.root
2026-08-19 10:24:01,780 - INFO - [2018] MISSING_SYSTEMATIC: SR3Mu/MuonEn_Up/NMinusOne/charge_abs1/pair_highM/mass in Skim_TriLep_WWG.root
2026-08-19 10:24:01,780 - INFO - [2018] MISSING_SYSTEMATIC: SR3Mu/MuonEn_Down/NMinusOne/charge_abs1/pair_highM/mass in Skim_TriLep_WWG.root
2026-08-19 10:24:01,781 - INFO - [2018] MISSING_SYSTEMATIC: SR3Mu/ElectronEn_Up/NMinusOne/charge_abs1/pair_highM/mass in Skim_TriLep_WWG.root
2026-08-19 10:24:01,781 - INFO - [2018] MISSING_SYSTEMATIC: SR3Mu/ElectronEn_Down/NMinusOne/charge_abs1/pair_highM/mass in Skim_TriLep_WWG.root
2026-08-19 10:24:01,782 - INFO - [2018] MISSING_SYSTEMATIC: SR3Mu/ElectronRes_Up/NMinusOne/charge_abs1/pair_highM/mass in Skim_TriLep_WWG.root
2026-08-19 10:24:01,782 - INFO - [2018] MISSING_SYSTEMATIC: SR3Mu/ElectronRes_Down/NMinusOne/charge_abs1/pair_highM/mass in Skim_TriLep_WWG.root
2026-08-19 10:24:01,783 - INFO - [2018] MISSING_SYSTEMATIC: SR3Mu/UnclusteredEn_Up/NMinusOne/charge_abs1/pair_highM/mass in Skim_TriLep_WWG.root
2026-08-19 10:24:01,783 - INFO - [2018] MISSING_SYSTEMATIC: SR3Mu/UnclusteredEn_Down/NMinusOne/charge_abs1/pair_highM/mass in Skim_TriLep_WWG.root
2026-08-19 10:24:01,784 - INFO - [2018] MISSING_SYSTEMATIC: SR3Mu/BtagSF_HFcorr_Up/NMinusOne/charge_abs1/pair_highM/mass in Skim_TriLep_WWG.root
2026-08-19 10:24:01,784 - INFO - [2018] MISSING_SYSTEMATIC: SR3Mu/BtagSF_HFcorr_Down/NMinusOne/charge_abs1/pair_highM/mass in Skim_TriLep_WWG.root
2026-08-19 10:24:01,785 - INFO - [2018] MISSING_SYSTEMATIC: SR3Mu/BtagSF_HFuncorr_Up/NMinusOne/charge_abs1/pair_highM/mass in Skim_TriLep_WWG.root
2026-08-19 10:24:01,785 - INFO - [2018] MISSING_SYSTEMATIC: SR3Mu/BtagSF_HFuncorr_Down/NMinusOne/charge_abs1/pair_highM/mass in Skim_TriLep_WWG.root
2026-08-19 10:24:01,786 - INFO - [2018] MISSING_SYSTEMATIC: SR3Mu/BtagSF_LFcorr_Up/NMinusOne/charge_abs1/pair_highM/mass in Skim_TriLep_WWG.root
2026-08-19 10:24:01,786 - INFO - [2018] MISSING_SYSTEMATIC: SR3Mu/BtagSF_LFcorr_Down/NMinusOne/charge_abs1/pair_highM/mass in Skim_TriLep_WWG.root
2026-08-19 10:24:01,787 - INFO - [2018] MISSING_SYSTEMATIC: SR3Mu/BtagSF_LFuncorr_Up/NMinusOne/charge_abs1/pair_highM/mass in Skim_TriLep_WWG.root
2026-08-19 10:24:01,787 - INFO - [2018] MISSING_SYSTEMATIC: SR3Mu/BtagSF_LFuncorr_Down/NMinusOne/charge_abs1/pair_highM/mass in Skim_TriLep_WWG.root
2026-08-19 10:24:01,788 - INFO - [2018] MISSING_SYSTEMATIC: SR3Mu/L1Prefire_Up/NMinusOne/charge_abs1/pair_highM/mass in Skim_TriLep_TTWToLNu.root
2026-08-19 10:24:01,788 - INFO - [2018] MISSING_SYSTEMATIC: SR3Mu/L1Prefire_Down/NMinusOne/charge_abs1/pair_highM/mass in Skim_TriLep_TTWToLNu.root
2026-08-19 10:24:01,789 - INFO - [2018] MISSING_SYSTEMATIC: SR3Mu/PileupReweight_Up/NMinusOne/charge_abs1/pair_highM/mass in Skim_TriLep_TTWToLNu.root
2026-08-19 10:24:01,789 - INFO - [2018] MISSING_SYSTEMATIC: SR3Mu/PileupReweight_Down/NMinusOne/charge_abs1/pair_highM/mass in Skim_TriLep_TTWToLNu.root
2026-08-19 10:24:01,790 - INFO - [2018] MISSING_SYSTEMATIC: SR3Mu/PileupJetIDSF_Up/NMinusOne/charge_abs1/pair_highM/mass in Skim_TriLep_TTWToLNu.root
2026-08-19 10:24:01,790 - INFO - [2018] MISSING_SYSTEMATIC: SR3Mu/PileupJetIDSF_Down/NMinusOne/charge_abs1/pair_highM/mass in Skim_TriLep_TTWToLNu.root
2026-08-19 10:24:01,791 - INFO - [2018] MISSING_SYSTEMATIC: SR3Mu/MuonIDSF_Up/NMinusOne/charge_abs1/pair_highM/mass in Skim_TriLep_TTWToLNu.root
2026-08-19 10:24:01,791 - INFO - [2018] MISSING_SYSTEMATIC: SR3Mu/MuonIDSF_Down/NMinusOne/charge_abs1/pair_highM/mass in Skim_TriLep_TTWToLNu.root
2026-08-19 10:24:01,792 - INFO - [2018] MISSING_SYSTEMATIC: SR3Mu/DblMuTrigSF_Up/NMinusOne/charge_abs1/pair_highM/mass in Skim_TriLep_TTWToLNu.root
2026-08-19 10:24:01,792 - INFO - [2018] MISSING_SYSTEMATIC: SR3Mu/DblMuTrigSF_Down/NMinusOne/charge_abs1/pair_highM/mass in Skim_TriLep_TTWToLNu.root
2026-08-19 10:24:01,793 - INFO - [2018] MISSING_SYSTEMATIC: SR3Mu/JetEn_Up/NMinusOne/charge_abs1/pair_highM/mass in Skim_TriLep_TTWToLNu.root
2026-08-19 10:24:01,793 - INFO - [2018] MISSING_SYSTEMATIC: SR3Mu/JetEn_Down/NMinusOne/charge_abs1/pair_highM/mass in Skim_TriLep_TTWToLNu.root
2026-08-19 10:24:01,794 - INFO - [2018] MISSING_SYSTEMATIC: SR3Mu/JetRes_Up/NMinusOne/charge_abs1/pair_highM/mass in Skim_TriLep_TTWToLNu.root
2026-08-19 10:24:01,794 - INFO - [2018] MISSING_SYSTEMATIC: SR3Mu/JetRes_Down/NMinusOne/charge_abs1/pair_highM/mass in Skim_TriLep_TTWToLNu.root
2026-08-19 10:24:01,795 - INFO - [2018] MISSING_SYSTEMATIC: SR3Mu/MuonEn_Up/NMinusOne/charge_abs1/pair_highM/mass in Skim_TriLep_TTWToLNu.root
2026-08-19 10:24:01,795 - INFO - [2018] MISSING_SYSTEMATIC: SR3Mu/MuonEn_Down/NMinusOne/charge_abs1/pair_highM/mass in Skim_TriLep_TTWToLNu.root
2026-08-19 10:24:01,796 - INFO - [2018] MISSING_SYSTEMATIC: SR3Mu/ElectronEn_Up/NMinusOne/charge_abs1/pair_highM/mass in Skim_TriLep_TTWToLNu.root
2026-08-19 10:24:01,796 - INFO - [2018] MISSING_SYSTEMATIC: SR3Mu/ElectronEn_Down/NMinusOne/charge_abs1/pair_highM/mass in Skim_TriLep_TTWToLNu.root
2026-08-19 10:24:01,797 - INFO - [2018] MISSING_SYSTEMATIC: SR3Mu/ElectronRes_Up/NMinusOne/charge_abs1/pair_highM/mass in Skim_TriLep_TTWToLNu.root
2026-08-19 10:24:01,797 - INFO - [2018] MISSING_SYSTEMATIC: SR3Mu/ElectronRes_Down/NMinusOne/charge_abs1/pair_highM/mass in Skim_TriLep_TTWToLNu.root
2026-08-19 10:24:01,798 - INFO - [2018] MISSING_SYSTEMATIC: SR3Mu/UnclusteredEn_Up/NMinusOne/charge_abs1/pair_highM/mass in Skim_TriLep_TTWToLNu.root
2026-08-19 10:24:01,798 - INFO - [2018] MISSING_SYSTEMATIC: SR3Mu/UnclusteredEn_Down/NMinusOne/charge_abs1/pair_highM/mass in Skim_TriLep_TTWToLNu.root
2026-08-19 10:24:01,799 - INFO - [2018] MISSING_SYSTEMATIC: SR3Mu/BtagSF_HFcorr_Up/NMinusOne/charge_abs1/pair_highM/mass in Skim_TriLep_TTWToLNu.root
2026-08-19 10:24:01,799 - INFO - [2018] MISSING_SYSTEMATIC: SR3Mu/BtagSF_HFcorr_Down/NMinusOne/charge_abs1/pair_highM/mass in Skim_TriLep_TTWToLNu.root
2026-08-19 10:24:01,800 - INFO - [2018] MISSING_SYSTEMATIC: SR3Mu/BtagSF_HFuncorr_Up/NMinusOne/charge_abs1/pair_highM/mass in Skim_TriLep_TTWToLNu.root
2026-08-19 10:24:01,800 - INFO - [2018] MISSING_SYSTEMATIC: SR3Mu/BtagSF_HFuncorr_Down/NMinusOne/charge_abs1/pair_highM/mass in Skim_TriLep_TTWToLNu.root
2026-08-19 10:24:01,801 - INFO - [2018] MISSING_SYSTEMATIC: SR3Mu/BtagSF_LFcorr_Up/NMinusOne/charge_abs1/pair_highM/mass in Skim_TriLep_TTWToLNu.root
2026-08-19 10:24:01,801 - INFO - [2018] MISSING_SYSTEMATIC: SR3Mu/BtagSF_LFcorr_Down/NMinusOne/charge_abs1/pair_highM/mass in Skim_TriLep_TTWToLNu.root
2026-08-19 10:24:01,802 - INFO - [2018] MISSING_SYSTEMATIC: SR3Mu/BtagSF_LFuncorr_Up/NMinusOne/charge_abs1/pair_highM/mass in Skim_TriLep_TTWToLNu.root
2026-08-19 10:24:01,802 - INFO - [2018] MISSING_SYSTEMATIC: SR3Mu/BtagSF_LFuncorr_Down/NMinusOne/charge_abs1/pair_highM/mass in Skim_TriLep_TTWToLNu.root
2026-08-19 10:24:01,804 - INFO - [2018] MISSING_SYSTEMATIC: SR3Mu/L1Prefire_Up/NMinusOne/charge_abs1/pair_highM/mass in Skim_TriLep_TTZToLLNuNu.root
2026-08-19 10:24:01,804 - INFO - [2018] MISSING_SYSTEMATIC: SR3Mu/L1Prefire_Down/NMinusOne/charge_abs1/pair_highM/mass in Skim_TriLep_TTZToLLNuNu.root
2026-08-19 10:24:01,805 - INFO - [2018] MISSING_SYSTEMATIC: SR3Mu/PileupReweight_Up/NMinusOne/charge_abs1/pair_highM/mass in Skim_TriLep_TTZToLLNuNu.root
2026-08-19 10:24:01,805 - INFO - [2018] MISSING_SYSTEMATIC: SR3Mu/PileupReweight_Down/NMinusOne/charge_abs1/pair_highM/mass in Skim_TriLep_TTZToLLNuNu.root
2026-08-19 10:24:01,806 - INFO - [2018] MISSING_SYSTEMATIC: SR3Mu/PileupJetIDSF_Up/NMinusOne/charge_abs1/pair_highM/mass in Skim_TriLep_TTZToLLNuNu.root
2026-08-19 10:24:01,806 - INFO - [2018] MISSING_SYSTEMATIC: SR3Mu/PileupJetIDSF_Down/NMinusOne/charge_abs1/pair_highM/mass in Skim_TriLep_TTZToLLNuNu.root
2026-08-19 10:24:01,807 - INFO - [2018] MISSING_SYSTEMATIC: SR3Mu/MuonIDSF_Up/NMinusOne/charge_abs1/pair_highM/mass in Skim_TriLep_TTZToLLNuNu.root
2026-08-19 10:24:01,807 - INFO - [2018] MISSING_SYSTEMATIC: SR3Mu/MuonIDSF_Down/NMinusOne/charge_abs1/pair_highM/mass in Skim_TriLep_TTZToLLNuNu.root
2026-08-19 10:24:01,808 - INFO - [2018] MISSING_SYSTEMATIC: SR3Mu/DblMuTrigSF_Up/NMinusOne/charge_abs1/pair_highM/mass in Skim_TriLep_TTZToLLNuNu.root
2026-08-19 10:24:01,808 - INFO - [2018] MISSING_SYSTEMATIC: SR3Mu/DblMuTrigSF_Down/NMinusOne/charge_abs1/pair_highM/mass in Skim_TriLep_TTZToLLNuNu.root
2026-08-19 10:24:01,809 - INFO - [2018] MISSING_SYSTEMATIC: SR3Mu/JetEn_Up/NMinusOne/charge_abs1/pair_highM/mass in Skim_TriLep_TTZToLLNuNu.root
2026-08-19 10:24:01,809 - INFO - [2018] MISSING_SYSTEMATIC: SR3Mu/JetEn_Down/NMinusOne/charge_abs1/pair_highM/mass in Skim_TriLep_TTZToLLNuNu.root
2026-08-19 10:24:01,810 - INFO - [2018] MISSING_SYSTEMATIC: SR3Mu/JetRes_Up/NMinusOne/charge_abs1/pair_highM/mass in Skim_TriLep_TTZToLLNuNu.root
2026-08-19 10:24:01,810 - INFO - [2018] MISSING_SYSTEMATIC: SR3Mu/JetRes_Down/NMinusOne/charge_abs1/pair_highM/mass in Skim_TriLep_TTZToLLNuNu.root
2026-08-19 10:24:01,811 - INFO - [2018] MISSING_SYSTEMATIC: SR3Mu/MuonEn_Up/NMinusOne/charge_abs1/pair_highM/mass in Skim_TriLep_TTZToLLNuNu.root
2026-08-19 10:24:01,811 - INFO - [2018] MISSING_SYSTEMATIC: SR3Mu/MuonEn_Down/NMinusOne/charge_abs1/pair_highM/mass in Skim_TriLep_TTZToLLNuNu.root
2026-08-19 10:24:01,812 - INFO - [2018] MISSING_SYSTEMATIC: SR3Mu/ElectronEn_Up/NMinusOne/charge_abs1/pair_highM/mass in Skim_TriLep_TTZToLLNuNu.root
2026-08-19 10:24:01,812 - INFO - [2018] MISSING_SYSTEMATIC: SR3Mu/ElectronEn_Down/NMinusOne/charge_abs1/pair_highM/mass in Skim_TriLep_TTZToLLNuNu.root
2026-08-19 10:24:01,813 - INFO - [2018] MISSING_SYSTEMATIC: SR3Mu/ElectronRes_Up/NMinusOne/charge_abs1/pair_highM/mass in Skim_TriLep_TTZToLLNuNu.root
2026-08-19 10:24:01,814 - INFO - [2018] MISSING_SYSTEMATIC: SR3Mu/ElectronRes_Down/NMinusOne/charge_abs1/pair_highM/mass in Skim_TriLep_TTZToLLNuNu.root
2026-08-19 10:24:01,815 - INFO - [2018] MISSING_SYSTEMATIC: SR3Mu/UnclusteredEn_Up/NMinusOne/charge_abs1/pair_highM/mass in Skim_TriLep_TTZToLLNuNu.root
2026-08-19 10:24:01,815 - INFO - [2018] MISSING_SYSTEMATIC: SR3Mu/UnclusteredEn_Down/NMinusOne/charge_abs1/pair_highM/mass in Skim_TriLep_TTZToLLNuNu.root
2026-08-19 10:24:01,816 - INFO - [2018] MISSING_SYSTEMATIC: SR3Mu/BtagSF_HFcorr_Up/NMinusOne/charge_abs1/pair_highM/mass in Skim_TriLep_TTZToLLNuNu.root
2026-08-19 10:24:01,816 - INFO - [2018] MISSING_SYSTEMATIC: SR3Mu/BtagSF_HFcorr_Down/NMinusOne/charge_abs1/pair_highM/mass in Skim_TriLep_TTZToLLNuNu.root
2026-08-19 10:24:01,817 - INFO - [2018] MISSING_SYSTEMATIC: SR3Mu/BtagSF_HFuncorr_Up/NMinusOne/charge_abs1/pair_highM/mass in Skim_TriLep_TTZToLLNuNu.root
2026-08-19 10:24:01,817 - INFO - [2018] MISSING_SYSTEMATIC: SR3Mu/BtagSF_HFuncorr_Down/NMinusOne/charge_abs1/pair_highM/mass in Skim_TriLep_TTZToLLNuNu.root
2026-08-19 10:24:01,818 - INFO - [2018] MISSING_SYSTEMATIC: SR3Mu/BtagSF_LFcorr_Up/NMinusOne/charge_abs1/pair_highM/mass in Skim_TriLep_TTZToLLNuNu.root
2026-08-19 10:24:01,818 - INFO - [2018] MISSING_SYSTEMATIC: SR3Mu/BtagSF_LFcorr_Down/NMinusOne/charge_abs1/pair_highM/mass in Skim_TriLep_TTZToLLNuNu.root
2026-08-19 10:24:01,819 - INFO - [2018] MISSING_SYSTEMATIC: SR3Mu/BtagSF_LFuncorr_Up/NMinusOne/charge_abs1/pair_highM/mass in Skim_TriLep_TTZToLLNuNu.root
2026-08-19 10:24:01,819 - INFO - [2018] MISSING_SYSTEMATIC: SR3Mu/BtagSF_LFuncorr_Down/NMinusOne/charge_abs1/pair_highM/mass in Skim_TriLep_TTZToLLNuNu.root
2026-08-19 10:24:01,820 - INFO - [2018] MISSING_SYSTEMATIC: SR3Mu/L1Prefire_Up/NMinusOne/charge_abs1/pair_highM/mass in Skim_TriLep_TTHToNonbb.root
2026-08-19 10:24:01,820 - INFO - [2018] MISSING_SYSTEMATIC: SR3Mu/L1Prefire_Down/NMinusOne/charge_abs1/pair_highM/mass in Skim_TriLep_TTHToNonbb.root
2026-08-19 10:24:01,821 - INFO - [2018] MISSING_SYSTEMATIC: SR3Mu/PileupReweight_Up/NMinusOne/charge_abs1/pair_highM/mass in Skim_TriLep_TTHToNonbb.root
2026-08-19 10:24:01,821 - INFO - [2018] MISSING_SYSTEMATIC: SR3Mu/PileupReweight_Down/NMinusOne/charge_abs1/pair_highM/mass in Skim_TriLep_TTHToNonbb.root
2026-08-19 10:24:01,822 - INFO - [2018] MISSING_SYSTEMATIC: SR3Mu/PileupJetIDSF_Up/NMinusOne/charge_abs1/pair_highM/mass in Skim_TriLep_TTHToNonbb.root
2026-08-19 10:24:01,822 - INFO - [2018] MISSING_SYSTEMATIC: SR3Mu/PileupJetIDSF_Down/NMinusOne/charge_abs1/pair_highM/mass in Skim_TriLep_TTHToNonbb.root
2026-08-19 10:24:01,823 - INFO - [2018] MISSING_SYSTEMATIC: SR3Mu/MuonIDSF_Up/NMinusOne/charge_abs1/pair_highM/mass in Skim_TriLep_TTHToNonbb.root
2026-08-19 10:24:01,823 - INFO - [2018] MISSING_SYSTEMATIC: SR3Mu/MuonIDSF_Down/NMinusOne/charge_abs1/pair_highM/mass in Skim_TriLep_TTHToNonbb.root
2026-08-19 10:24:01,824 - INFO - [2018] MISSING_SYSTEMATIC: SR3Mu/DblMuTrigSF_Up/NMinusOne/charge_abs1/pair_highM/mass in Skim_TriLep_TTHToNonbb.root
2026-08-19 10:24:01,824 - INFO - [2018] MISSING_SYSTEMATIC: SR3Mu/DblMuTrigSF_Down/NMinusOne/charge_abs1/pair_highM/mass in Skim_TriLep_TTHToNonbb.root
2026-08-19 10:24:01,825 - INFO - [2018] MISSING_SYSTEMATIC: SR3Mu/JetEn_Up/NMinusOne/charge_abs1/pair_highM/mass in Skim_TriLep_TTHToNonbb.root
2026-08-19 10:24:01,825 - INFO - [2018] MISSING_SYSTEMATIC: SR3Mu/JetEn_Down/NMinusOne/charge_abs1/pair_highM/mass in Skim_TriLep_TTHToNonbb.root
2026-08-19 10:24:01,826 - INFO - [2018] MISSING_SYSTEMATIC: SR3Mu/JetRes_Up/NMinusOne/charge_abs1/pair_highM/mass in Skim_TriLep_TTHToNonbb.root
2026-08-19 10:24:01,826 - INFO - [2018] MISSING_SYSTEMATIC: SR3Mu/JetRes_Down/NMinusOne/charge_abs1/pair_highM/mass in Skim_TriLep_TTHToNonbb.root
2026-08-19 10:24:01,827 - INFO - [2018] MISSING_SYSTEMATIC: SR3Mu/MuonEn_Up/NMinusOne/charge_abs1/pair_highM/mass in Skim_TriLep_TTHToNonbb.root
2026-08-19 10:24:01,827 - INFO - [2018] MISSING_SYSTEMATIC: SR3Mu/MuonEn_Down/NMinusOne/charge_abs1/pair_highM/mass in Skim_TriLep_TTHToNonbb.root
2026-08-19 10:24:01,828 - INFO - [2018] MISSING_SYSTEMATIC: SR3Mu/ElectronEn_Up/NMinusOne/charge_abs1/pair_highM/mass in Skim_TriLep_TTHToNonbb.root
2026-08-19 10:24:01,828 - INFO - [2018] MISSING_SYSTEMATIC: SR3Mu/ElectronEn_Down/NMinusOne/charge_abs1/pair_highM/mass in Skim_TriLep_TTHToNonbb.root
2026-08-19 10:24:01,829 - INFO - [2018] MISSING_SYSTEMATIC: SR3Mu/ElectronRes_Up/NMinusOne/charge_abs1/pair_highM/mass in Skim_TriLep_TTHToNonbb.root
2026-08-19 10:24:01,829 - INFO - [2018] MISSING_SYSTEMATIC: SR3Mu/ElectronRes_Down/NMinusOne/charge_abs1/pair_highM/mass in Skim_TriLep_TTHToNonbb.root
2026-08-19 10:24:01,830 - INFO - [2018] MISSING_SYSTEMATIC: SR3Mu/UnclusteredEn_Up/NMinusOne/charge_abs1/pair_highM/mass in Skim_TriLep_TTHToNonbb.root
2026-08-19 10:24:01,830 - INFO - [2018] MISSING_SYSTEMATIC: SR3Mu/UnclusteredEn_Down/NMinusOne/charge_abs1/pair_highM/mass in Skim_TriLep_TTHToNonbb.root
2026-08-19 10:24:01,831 - INFO - [2018] MISSING_SYSTEMATIC: SR3Mu/BtagSF_HFcorr_Up/NMinusOne/charge_abs1/pair_highM/mass in Skim_TriLep_TTHToNonbb.root
2026-08-19 10:24:01,831 - INFO - [2018] MISSING_SYSTEMATIC: SR3Mu/BtagSF_HFcorr_Down/NMinusOne/charge_abs1/pair_highM/mass in Skim_TriLep_TTHToNonbb.root
2026-08-19 10:24:01,832 - INFO - [2018] MISSING_SYSTEMATIC: SR3Mu/BtagSF_HFuncorr_Up/NMinusOne/charge_abs1/pair_highM/mass in Skim_TriLep_TTHToNonbb.root
2026-08-19 10:24:01,832 - INFO - [2018] MISSING_SYSTEMATIC: SR3Mu/BtagSF_HFuncorr_Down/NMinusOne/charge_abs1/pair_highM/mass in Skim_TriLep_TTHToNonbb.root
2026-08-19 10:24:01,833 - INFO - [2018] MISSING_SYSTEMATIC: SR3Mu/BtagSF_LFcorr_Up/NMinusOne/charge_abs1/pair_highM/mass in Skim_TriLep_TTHToNonbb.root
2026-08-19 10:24:01,833 - INFO - [2018] MISSING_SYSTEMATIC: SR3Mu/BtagSF_LFcorr_Down/NMinusOne/charge_abs1/pair_highM/mass in Skim_TriLep_TTHToNonbb.root
2026-08-19 10:24:01,834 - INFO - [2018] MISSING_SYSTEMATIC: SR3Mu/BtagSF_LFuncorr_Up/NMinusOne/charge_abs1/pair_highM/mass in Skim_TriLep_TTHToNonbb.root
2026-08-19 10:24:01,834 - INFO - [2018] MISSING_SYSTEMATIC: SR3Mu/BtagSF_LFuncorr_Down/NMinusOne/charge_abs1/pair_highM/mass in Skim_TriLep_TTHToNonbb.root
2026-08-19 10:24:01,836 - INFO - [2018] MISSING_SYSTEMATIC: SR3Mu/L1Prefire_Up/NMinusOne/charge_abs1/pair_highM/mass in Skim_TriLep_tZq.root
2026-08-19 10:24:01,836 - INFO - [2018] MISSING_SYSTEMATIC: SR3Mu/L1Prefire_Down/NMinusOne/charge_abs1/pair_highM/mass in Skim_TriLep_tZq.root
2026-08-19 10:24:01,837 - INFO - [2018] MISSING_SYSTEMATIC: SR3Mu/PileupReweight_Up/NMinusOne/charge_abs1/pair_highM/mass in Skim_TriLep_tZq.root
2026-08-19 10:24:01,837 - INFO - [2018] MISSING_SYSTEMATIC: SR3Mu/PileupReweight_Down/NMinusOne/charge_abs1/pair_highM/mass in Skim_TriLep_tZq.root
2026-08-19 10:24:01,838 - INFO - [2018] MISSING_SYSTEMATIC: SR3Mu/PileupJetIDSF_Up/NMinusOne/charge_abs1/pair_highM/mass in Skim_TriLep_tZq.root
2026-08-19 10:24:01,838 - INFO - [2018] MISSING_SYSTEMATIC: SR3Mu/PileupJetIDSF_Down/NMinusOne/charge_abs1/pair_highM/mass in Skim_TriLep_tZq.root
2026-08-19 10:24:01,839 - INFO - [2018] MISSING_SYSTEMATIC: SR3Mu/MuonIDSF_Up/NMinusOne/charge_abs1/pair_highM/mass in Skim_TriLep_tZq.root
2026-08-19 10:24:01,839 - INFO - [2018] MISSING_SYSTEMATIC: SR3Mu/MuonIDSF_Down/NMinusOne/charge_abs1/pair_highM/mass in Skim_TriLep_tZq.root
2026-08-19 10:24:01,840 - INFO - [2018] MISSING_SYSTEMATIC: SR3Mu/DblMuTrigSF_Up/NMinusOne/charge_abs1/pair_highM/mass in Skim_TriLep_tZq.root
2026-08-19 10:24:01,840 - INFO - [2018] MISSING_SYSTEMATIC: SR3Mu/DblMuTrigSF_Down/NMinusOne/charge_abs1/pair_highM/mass in Skim_TriLep_tZq.root
2026-08-19 10:24:01,841 - INFO - [2018] MISSING_SYSTEMATIC: SR3Mu/JetEn_Up/NMinusOne/charge_abs1/pair_highM/mass in Skim_TriLep_tZq.root
2026-08-19 10:24:01,841 - INFO - [2018] MISSING_SYSTEMATIC: SR3Mu/JetEn_Down/NMinusOne/charge_abs1/pair_highM/mass in Skim_TriLep_tZq.root
2026-08-19 10:24:01,842 - INFO - [2018] MISSING_SYSTEMATIC: SR3Mu/JetRes_Up/NMinusOne/charge_abs1/pair_highM/mass in Skim_TriLep_tZq.root
2026-08-19 10:24:01,842 - INFO - [2018] MISSING_SYSTEMATIC: SR3Mu/JetRes_Down/NMinusOne/charge_abs1/pair_highM/mass in Skim_TriLep_tZq.root
2026-08-19 10:24:01,843 - INFO - [2018] MISSING_SYSTEMATIC: SR3Mu/MuonEn_Up/NMinusOne/charge_abs1/pair_highM/mass in Skim_TriLep_tZq.root
2026-08-19 10:24:01,843 - INFO - [2018] MISSING_SYSTEMATIC: SR3Mu/MuonEn_Down/NMinusOne/charge_abs1/pair_highM/mass in Skim_TriLep_tZq.root
2026-08-19 10:24:01,844 - INFO - [2018] MISSING_SYSTEMATIC: SR3Mu/ElectronEn_Up/NMinusOne/charge_abs1/pair_highM/mass in Skim_TriLep_tZq.root
2026-08-19 10:24:01,844 - INFO - [2018] MISSING_SYSTEMATIC: SR3Mu/ElectronEn_Down/NMinusOne/charge_abs1/pair_highM/mass in Skim_TriLep_tZq.root
2026-08-19 10:24:01,845 - INFO - [2018] MISSING_SYSTEMATIC: SR3Mu/ElectronRes_Up/NMinusOne/charge_abs1/pair_highM/mass in Skim_TriLep_tZq.root
2026-08-19 10:24:01,845 - INFO - [2018] MISSING_SYSTEMATIC: SR3Mu/ElectronRes_Down/NMinusOne/charge_abs1/pair_highM/mass in Skim_TriLep_tZq.root
2026-08-19 10:24:01,846 - INFO - [2018] MISSING_SYSTEMATIC: SR3Mu/UnclusteredEn_Up/NMinusOne/charge_abs1/pair_highM/mass in Skim_TriLep_tZq.root
2026-08-19 10:24:01,846 - INFO - [2018] MISSING_SYSTEMATIC: SR3Mu/UnclusteredEn_Down/NMinusOne/charge_abs1/pair_highM/mass in Skim_TriLep_tZq.root
2026-08-19 10:24:01,847 - INFO - [2018] MISSING_SYSTEMATIC: SR3Mu/BtagSF_HFcorr_Up/NMinusOne/charge_abs1/pair_highM/mass in Skim_TriLep_tZq.root
2026-08-19 10:24:01,847 - INFO - [2018] MISSING_SYSTEMATIC: SR3Mu/BtagSF_HFcorr_Down/NMinusOne/charge_abs1/pair_highM/mass in Skim_TriLep_tZq.root
2026-08-19 10:24:01,848 - INFO - [2018] MISSING_SYSTEMATIC: SR3Mu/BtagSF_HFuncorr_Up/NMinusOne/charge_abs1/pair_highM/mass in Skim_TriLep_tZq.root
2026-08-19 10:24:01,848 - INFO - [2018] MISSING_SYSTEMATIC: SR3Mu/BtagSF_HFuncorr_Down/NMinusOne/charge_abs1/pair_highM/mass in Skim_TriLep_tZq.root
2026-08-19 10:24:01,849 - INFO - [2018] MISSING_SYSTEMATIC: SR3Mu/BtagSF_LFcorr_Up/NMinusOne/charge_abs1/pair_highM/mass in Skim_TriLep_tZq.root
2026-08-19 10:24:01,849 - INFO - [2018] MISSING_SYSTEMATIC: SR3Mu/BtagSF_LFcorr_Down/NMinusOne/charge_abs1/pair_highM/mass in Skim_TriLep_tZq.root
2026-08-19 10:24:01,850 - INFO - [2018] MISSING_SYSTEMATIC: SR3Mu/BtagSF_LFuncorr_Up/NMinusOne/charge_abs1/pair_highM/mass in Skim_TriLep_tZq.root
2026-08-19 10:24:01,850 - INFO - [2018] MISSING_SYSTEMATIC: SR3Mu/BtagSF_LFuncorr_Down/NMinusOne/charge_abs1/pair_highM/mass in Skim_TriLep_tZq.root
2026-08-19 10:24:01,922 - INFO - [2018] MISSING_SYSTEMATIC: SR3Mu/L1Prefire_Up/NMinusOne/charge_abs1/pair_highM/mass in Skim_TriLep_WZTo3LNu_amcatnlo.root
2026-08-19 10:24:01,922 - INFO - [2018] MISSING_SYSTEMATIC: SR3Mu/L1Prefire_Down/NMinusOne/charge_abs1/pair_highM/mass in Skim_TriLep_WZTo3LNu_amcatnlo.root
2026-08-19 10:24:01,923 - INFO - [2018] MISSING_SYSTEMATIC: SR3Mu/PileupReweight_Up/NMinusOne/charge_abs1/pair_highM/mass in Skim_TriLep_WZTo3LNu_amcatnlo.root
2026-08-19 10:24:01,923 - INFO - [2018] MISSING_SYSTEMATIC: SR3Mu/PileupReweight_Down/NMinusOne/charge_abs1/pair_highM/mass in Skim_TriLep_WZTo3LNu_amcatnlo.root
2026-08-19 10:24:01,923 - INFO - [2018] MISSING_SYSTEMATIC: SR3Mu/PileupJetIDSF_Up/NMinusOne/charge_abs1/pair_highM/mass in Skim_TriLep_WZTo3LNu_amcatnlo.root
2026-08-19 10:24:01,923 - INFO - [2018] MISSING_SYSTEMATIC: SR3Mu/PileupJetIDSF_Down/NMinusOne/charge_abs1/pair_highM/mass in Skim_TriLep_WZTo3LNu_amcatnlo.root
2026-08-19 10:24:01,924 - INFO - [2018] MISSING_SYSTEMATIC: SR3Mu/MuonIDSF_Up/NMinusOne/charge_abs1/pair_highM/mass in Skim_TriLep_WZTo3LNu_amcatnlo.root
2026-08-19 10:24:01,924 - INFO - [2018] MISSING_SYSTEMATIC: SR3Mu/MuonIDSF_Down/NMinusOne/charge_abs1/pair_highM/mass in Skim_TriLep_WZTo3LNu_amcatnlo.root
2026-08-19 10:24:01,925 - INFO - [2018] MISSING_SYSTEMATIC: SR3Mu/DblMuTrigSF_Up/NMinusOne/charge_abs1/pair_highM/mass in Skim_TriLep_WZTo3LNu_amcatnlo.root
2026-08-19 10:24:01,925 - INFO - [2018] MISSING_SYSTEMATIC: SR3Mu/DblMuTrigSF_Down/NMinusOne/charge_abs1/pair_highM/mass in Skim_TriLep_WZTo3LNu_amcatnlo.root
2026-08-19 10:24:01,925 - INFO - [2018] MISSING_SYSTEMATIC: SR3Mu/JetEn_Up/NMinusOne/charge_abs1/pair_highM/mass in Skim_TriLep_WZTo3LNu_amcatnlo.root
2026-08-19 10:24:01,925 - INFO - [2018] MISSING_SYSTEMATIC: SR3Mu/JetEn_Down/NMinusOne/charge_abs1/pair_highM/mass in Skim_TriLep_WZTo3LNu_amcatnlo.root
2026-08-19 10:24:01,926 - INFO - [2018] MISSING_SYSTEMATIC: SR3Mu/JetRes_Up/NMinusOne/charge_abs1/pair_highM/mass in Skim_TriLep_WZTo3LNu_amcatnlo.root
2026-08-19 10:24:01,926 - INFO - [2018] MISSING_SYSTEMATIC: SR3Mu/JetRes_Down/NMinusOne/charge_abs1/pair_highM/mass in Skim_TriLep_WZTo3LNu_amcatnlo.root
2026-08-19 10:24:01,927 - INFO - [2018] MISSING_SYSTEMATIC: SR3Mu/MuonEn_Up/NMinusOne/charge_abs1/pair_highM/mass in Skim_TriLep_WZTo3LNu_amcatnlo.root
2026-08-19 10:24:01,927 - INFO - [2018] MISSING_SYSTEMATIC: SR3Mu/MuonEn_Down/NMinusOne/charge_abs1/pair_highM/mass in Skim_TriLep_WZTo3LNu_amcatnlo.root
2026-08-19 10:24:01,928 - INFO - [2018] MISSING_SYSTEMATIC: SR3Mu/ElectronEn_Up/NMinusOne/charge_abs1/pair_highM/mass in Skim_TriLep_WZTo3LNu_amcatnlo.root
2026-08-19 10:24:01,928 - INFO - [2018] MISSING_SYSTEMATIC: SR3Mu/ElectronEn_Down/NMinusOne/charge_abs1/pair_highM/mass in Skim_TriLep_WZTo3LNu_amcatnlo.root
2026-08-19 10:24:01,929 - INFO - [2018] MISSING_SYSTEMATIC: SR3Mu/ElectronRes_Up/NMinusOne/charge_abs1/pair_highM/mass in Skim_TriLep_WZTo3LNu_amcatnlo.root
2026-08-19 10:24:01,929 - INFO - [2018] MISSING_SYSTEMATIC: SR3Mu/ElectronRes_Down/NMinusOne/charge_abs1/pair_highM/mass in Skim_TriLep_WZTo3LNu_amcatnlo.root
2026-08-19 10:24:01,930 - INFO - [2018] MISSING_SYSTEMATIC: SR3Mu/UnclusteredEn_Up/NMinusOne/charge_abs1/pair_highM/mass in Skim_TriLep_WZTo3LNu_amcatnlo.root
2026-08-19 10:24:01,930 - INFO - [2018] MISSING_SYSTEMATIC: SR3Mu/UnclusteredEn_Down/NMinusOne/charge_abs1/pair_highM/mass in Skim_TriLep_WZTo3LNu_amcatnlo.root
2026-08-19 10:24:01,930 - INFO - [2018] MISSING_SYSTEMATIC: SR3Mu/BtagSF_HFcorr_Up/NMinusOne/charge_abs1/pair_highM/mass in Skim_TriLep_WZTo3LNu_amcatnlo.root
2026-08-19 10:24:01,930 - INFO - [2018] MISSING_SYSTEMATIC: SR3Mu/BtagSF_HFcorr_Down/NMinusOne/charge_abs1/pair_highM/mass in Skim_TriLep_WZTo3LNu_amcatnlo.root
2026-08-19 10:24:01,931 - INFO - [2018] MISSING_SYSTEMATIC: SR3Mu/BtagSF_HFuncorr_Up/NMinusOne/charge_abs1/pair_highM/mass in Skim_TriLep_WZTo3LNu_amcatnlo.root
2026-08-19 10:24:01,931 - INFO - [2018] MISSING_SYSTEMATIC: SR3Mu/BtagSF_HFuncorr_Down/NMinusOne/charge_abs1/pair_highM/mass in Skim_TriLep_WZTo3LNu_amcatnlo.root
2026-08-19 10:24:01,932 - INFO - [2018] MISSING_SYSTEMATIC: SR3Mu/BtagSF_LFcorr_Up/NMinusOne/charge_abs1/pair_highM/mass in Skim_TriLep_WZTo3LNu_amcatnlo.root
2026-08-19 10:24:01,932 - INFO - [2018] MISSING_SYSTEMATIC: SR3Mu/BtagSF_LFcorr_Down/NMinusOne/charge_abs1/pair_highM/mass in Skim_TriLep_WZTo3LNu_amcatnlo.root
2026-08-19 10:24:01,933 - INFO - [2018] MISSING_SYSTEMATIC: SR3Mu/BtagSF_LFuncorr_Up/NMinusOne/charge_abs1/pair_highM/mass in Skim_TriLep_WZTo3LNu_amcatnlo.root
2026-08-19 10:24:01,933 - INFO - [2018] MISSING_SYSTEMATIC: SR3Mu/BtagSF_LFuncorr_Down/NMinusOne/charge_abs1/pair_highM/mass in Skim_TriLep_WZTo3LNu_amcatnlo.root
2026-08-19 10:24:01,934 - INFO - [2018] MISSING_SYSTEMATIC: SR3Mu/L1Prefire_Up/NMinusOne/charge_abs1/pair_highM/mass in Skim_TriLep_ZZTo4L_powheg.root
2026-08-19 10:24:01,934 - INFO - [2018] MISSING_SYSTEMATIC: SR3Mu/L1Prefire_Down/NMinusOne/charge_abs1/pair_highM/mass in Skim_TriLep_ZZTo4L_powheg.root
2026-08-19 10:24:01,935 - INFO - [2018] MISSING_SYSTEMATIC: SR3Mu/PileupReweight_Up/NMinusOne/charge_abs1/pair_highM/mass in Skim_TriLep_ZZTo4L_powheg.root
2026-08-19 10:24:01,935 - INFO - [2018] MISSING_SYSTEMATIC: SR3Mu/PileupReweight_Down/NMinusOne/charge_abs1/pair_highM/mass in Skim_TriLep_ZZTo4L_powheg.root
2026-08-19 10:24:01,935 - INFO - [2018] MISSING_SYSTEMATIC: SR3Mu/PileupJetIDSF_Up/NMinusOne/charge_abs1/pair_highM/mass in Skim_TriLep_ZZTo4L_powheg.root
2026-08-19 10:24:01,935 - INFO - [2018] MISSING_SYSTEMATIC: SR3Mu/PileupJetIDSF_Down/NMinusOne/charge_abs1/pair_highM/mass in Skim_TriLep_ZZTo4L_powheg.root
2026-08-19 10:24:01,936 - INFO - [2018] MISSING_SYSTEMATIC: SR3Mu/MuonIDSF_Up/NMinusOne/charge_abs1/pair_highM/mass in Skim_TriLep_ZZTo4L_powheg.root
2026-08-19 10:24:01,936 - INFO - [2018] MISSING_SYSTEMATIC: SR3Mu/MuonIDSF_Down/NMinusOne/charge_abs1/pair_highM/mass in Skim_TriLep_ZZTo4L_powheg.root
2026-08-19 10:24:01,937 - INFO - [2018] MISSING_SYSTEMATIC: SR3Mu/DblMuTrigSF_Up/NMinusOne/charge_abs1/pair_highM/mass in Skim_TriLep_ZZTo4L_powheg.root
2026-08-19 10:24:01,937 - INFO - [2018] MISSING_SYSTEMATIC: SR3Mu/DblMuTrigSF_Down/NMinusOne/charge_abs1/pair_highM/mass in Skim_TriLep_ZZTo4L_powheg.root
2026-08-19 10:24:01,938 - INFO - [2018] MISSING_SYSTEMATIC: SR3Mu/JetEn_Up/NMinusOne/charge_abs1/pair_highM/mass in Skim_TriLep_ZZTo4L_powheg.root
2026-08-19 10:24:01,938 - INFO - [2018] MISSING_SYSTEMATIC: SR3Mu/JetEn_Down/NMinusOne/charge_abs1/pair_highM/mass in Skim_TriLep_ZZTo4L_powheg.root
2026-08-19 10:24:01,939 - INFO - [2018] MISSING_SYSTEMATIC: SR3Mu/JetRes_Up/NMinusOne/charge_abs1/pair_highM/mass in Skim_TriLep_ZZTo4L_powheg.root
2026-08-19 10:24:01,939 - INFO - [2018] MISSING_SYSTEMATIC: SR3Mu/JetRes_Down/NMinusOne/charge_abs1/pair_highM/mass in Skim_TriLep_ZZTo4L_powheg.root
2026-08-19 10:24:01,940 - INFO - [2018] MISSING_SYSTEMATIC: SR3Mu/MuonEn_Up/NMinusOne/charge_abs1/pair_highM/mass in Skim_TriLep_ZZTo4L_powheg.root
2026-08-19 10:24:01,940 - INFO - [2018] MISSING_SYSTEMATIC: SR3Mu/MuonEn_Down/NMinusOne/charge_abs1/pair_highM/mass in Skim_TriLep_ZZTo4L_powheg.root
2026-08-19 10:24:01,940 - INFO - [2018] MISSING_SYSTEMATIC: SR3Mu/ElectronEn_Up/NMinusOne/charge_abs1/pair_highM/mass in Skim_TriLep_ZZTo4L_powheg.root
2026-08-19 10:24:01,941 - INFO - [2018] MISSING_SYSTEMATIC: SR3Mu/ElectronEn_Down/NMinusOne/charge_abs1/pair_highM/mass in Skim_TriLep_ZZTo4L_powheg.root
2026-08-19 10:24:01,941 - INFO - [2018] MISSING_SYSTEMATIC: SR3Mu/ElectronRes_Up/NMinusOne/charge_abs1/pair_highM/mass in Skim_TriLep_ZZTo4L_powheg.root
2026-08-19 10:24:01,941 - INFO - [2018] MISSING_SYSTEMATIC: SR3Mu/ElectronRes_Down/NMinusOne/charge_abs1/pair_highM/mass in Skim_TriLep_ZZTo4L_powheg.root
2026-08-19 10:24:01,942 - INFO - [2018] MISSING_SYSTEMATIC: SR3Mu/UnclusteredEn_Up/NMinusOne/charge_abs1/pair_highM/mass in Skim_TriLep_ZZTo4L_powheg.root
2026-08-19 10:24:01,942 - INFO - [2018] MISSING_SYSTEMATIC: SR3Mu/UnclusteredEn_Down/NMinusOne/charge_abs1/pair_highM/mass in Skim_TriLep_ZZTo4L_powheg.root
2026-08-19 10:24:01,943 - INFO - [2018] MISSING_SYSTEMATIC: SR3Mu/BtagSF_HFcorr_Up/NMinusOne/charge_abs1/pair_highM/mass in Skim_TriLep_ZZTo4L_powheg.root
2026-08-19 10:24:01,943 - INFO - [2018] MISSING_SYSTEMATIC: SR3Mu/BtagSF_HFcorr_Down/NMinusOne/charge_abs1/pair_highM/mass in Skim_TriLep_ZZTo4L_powheg.root
2026-08-19 10:24:01,944 - INFO - [2018] MISSING_SYSTEMATIC: SR3Mu/BtagSF_HFuncorr_Up/NMinusOne/charge_abs1/pair_highM/mass in Skim_TriLep_ZZTo4L_powheg.root
2026-08-19 10:24:01,944 - INFO - [2018] MISSING_SYSTEMATIC: SR3Mu/BtagSF_HFuncorr_Down/NMinusOne/charge_abs1/pair_highM/mass in Skim_TriLep_ZZTo4L_powheg.root
2026-08-19 10:24:01,944 - INFO - [2018] MISSING_SYSTEMATIC: SR3Mu/BtagSF_LFcorr_Up/NMinusOne/charge_abs1/pair_highM/mass in Skim_TriLep_ZZTo4L_powheg.root
2026-08-19 10:24:01,944 - INFO - [2018] MISSING_SYSTEMATIC: SR3Mu/BtagSF_LFcorr_Down/NMinusOne/charge_abs1/pair_highM/mass in Skim_TriLep_ZZTo4L_powheg.root
2026-08-19 10:24:01,945 - INFO - [2018] MISSING_SYSTEMATIC: SR3Mu/BtagSF_LFuncorr_Up/NMinusOne/charge_abs1/pair_highM/mass in Skim_TriLep_ZZTo4L_powheg.root
2026-08-19 10:24:01,945 - INFO - [2018] MISSING_SYSTEMATIC: SR3Mu/BtagSF_LFuncorr_Down/NMinusOne/charge_abs1/pair_highM/mass in Skim_TriLep_ZZTo4L_powheg.root
2026-08-19 10:24:01,946 - INFO - [2018] MISSING_SYSTEMATIC: SR3Mu/L1Prefire_Up/NMinusOne/charge_abs1/pair_highM/mass in Skim_TriLep_tHq.root
2026-08-19 10:24:01,946 - INFO - [2018] MISSING_SYSTEMATIC: SR3Mu/L1Prefire_Down/NMinusOne/charge_abs1/pair_highM/mass in Skim_TriLep_tHq.root
2026-08-19 10:24:01,947 - INFO - [2018] MISSING_SYSTEMATIC: SR3Mu/PileupReweight_Up/NMinusOne/charge_abs1/pair_highM/mass in Skim_TriLep_tHq.root
2026-08-19 10:24:01,947 - INFO - [2018] MISSING_SYSTEMATIC: SR3Mu/PileupReweight_Down/NMinusOne/charge_abs1/pair_highM/mass in Skim_TriLep_tHq.root
2026-08-19 10:24:01,948 - INFO - [2018] MISSING_SYSTEMATIC: SR3Mu/PileupJetIDSF_Up/NMinusOne/charge_abs1/pair_highM/mass in Skim_TriLep_tHq.root
2026-08-19 10:24:01,948 - INFO - [2018] MISSING_SYSTEMATIC: SR3Mu/PileupJetIDSF_Down/NMinusOne/charge_abs1/pair_highM/mass in Skim_TriLep_tHq.root
2026-08-19 10:24:01,949 - INFO - [2018] MISSING_SYSTEMATIC: SR3Mu/MuonIDSF_Up/NMinusOne/charge_abs1/pair_highM/mass in Skim_TriLep_tHq.root
2026-08-19 10:24:01,949 - INFO - [2018] MISSING_SYSTEMATIC: SR3Mu/MuonIDSF_Down/NMinusOne/charge_abs1/pair_highM/mass in Skim_TriLep_tHq.root
2026-08-19 10:24:01,950 - INFO - [2018] MISSING_SYSTEMATIC: SR3Mu/DblMuTrigSF_Up/NMinusOne/charge_abs1/pair_highM/mass in Skim_TriLep_tHq.root
2026-08-19 10:24:01,950 - INFO - [2018] MISSING_SYSTEMATIC: SR3Mu/DblMuTrigSF_Down/NMinusOne/charge_abs1/pair_highM/mass in Skim_TriLep_tHq.root
2026-08-19 10:24:01,950 - INFO - [2018] MISSING_SYSTEMATIC: SR3Mu/JetEn_Up/NMinusOne/charge_abs1/pair_highM/mass in Skim_TriLep_tHq.root
2026-08-19 10:24:01,950 - INFO - [2018] MISSING_SYSTEMATIC: SR3Mu/JetEn_Down/NMinusOne/charge_abs1/pair_highM/mass in Skim_TriLep_tHq.root
2026-08-19 10:24:01,951 - INFO - [2018] MISSING_SYSTEMATIC: SR3Mu/JetRes_Up/NMinusOne/charge_abs1/pair_highM/mass in Skim_TriLep_tHq.root
2026-08-19 10:24:01,951 - INFO - [2018] MISSING_SYSTEMATIC: SR3Mu/JetRes_Down/NMinusOne/charge_abs1/pair_highM/mass in Skim_TriLep_tHq.root
2026-08-19 10:24:01,952 - INFO - [2018] MISSING_SYSTEMATIC: SR3Mu/MuonEn_Up/NMinusOne/charge_abs1/pair_highM/mass in Skim_TriLep_tHq.root
2026-08-19 10:24:01,952 - INFO - [2018] MISSING_SYSTEMATIC: SR3Mu/MuonEn_Down/NMinusOne/charge_abs1/pair_highM/mass in Skim_TriLep_tHq.root
2026-08-19 10:24:01,953 - INFO - [2018] MISSING_SYSTEMATIC: SR3Mu/ElectronEn_Up/NMinusOne/charge_abs1/pair_highM/mass in Skim_TriLep_tHq.root
2026-08-19 10:24:01,953 - INFO - [2018] MISSING_SYSTEMATIC: SR3Mu/ElectronEn_Down/NMinusOne/charge_abs1/pair_highM/mass in Skim_TriLep_tHq.root
2026-08-19 10:24:01,953 - INFO - [2018] MISSING_SYSTEMATIC: SR3Mu/ElectronRes_Up/NMinusOne/charge_abs1/pair_highM/mass in Skim_TriLep_tHq.root
2026-08-19 10:24:01,953 - INFO - [2018] MISSING_SYSTEMATIC: SR3Mu/ElectronRes_Down/NMinusOne/charge_abs1/pair_highM/mass in Skim_TriLep_tHq.root
2026-08-19 10:24:01,954 - INFO - [2018] MISSING_SYSTEMATIC: SR3Mu/UnclusteredEn_Up/NMinusOne/charge_abs1/pair_highM/mass in Skim_TriLep_tHq.root
2026-08-19 10:24:01,954 - INFO - [2018] MISSING_SYSTEMATIC: SR3Mu/UnclusteredEn_Down/NMinusOne/charge_abs1/pair_highM/mass in Skim_TriLep_tHq.root
2026-08-19 10:24:01,955 - INFO - [2018] MISSING_SYSTEMATIC: SR3Mu/BtagSF_HFcorr_Up/NMinusOne/charge_abs1/pair_highM/mass in Skim_TriLep_tHq.root
2026-08-19 10:24:01,955 - INFO - [2018] MISSING_SYSTEMATIC: SR3Mu/BtagSF_HFcorr_Down/NMinusOne/charge_abs1/pair_highM/mass in Skim_TriLep_tHq.root
2026-08-19 10:24:01,955 - INFO - [2018] MISSING_SYSTEMATIC: SR3Mu/BtagSF_HFuncorr_Up/NMinusOne/charge_abs1/pair_highM/mass in Skim_TriLep_tHq.root
2026-08-19 10:24:01,956 - INFO - [2018] MISSING_SYSTEMATIC: SR3Mu/BtagSF_HFuncorr_Down/NMinusOne/charge_abs1/pair_highM/mass in Skim_TriLep_tHq.root
2026-08-19 10:24:01,956 - INFO - [2018] MISSING_SYSTEMATIC: SR3Mu/BtagSF_LFcorr_Up/NMinusOne/charge_abs1/pair_highM/mass in Skim_TriLep_tHq.root
2026-08-19 10:24:01,956 - INFO - [2018] MISSING_SYSTEMATIC: SR3Mu/BtagSF_LFcorr_Down/NMinusOne/charge_abs1/pair_highM/mass in Skim_TriLep_tHq.root
2026-08-19 10:24:01,957 - INFO - [2018] MISSING_SYSTEMATIC: SR3Mu/BtagSF_LFuncorr_Up/NMinusOne/charge_abs1/pair_highM/mass in Skim_TriLep_tHq.root
2026-08-19 10:24:01,957 - INFO - [2018] MISSING_SYSTEMATIC: SR3Mu/BtagSF_LFuncorr_Down/NMinusOne/charge_abs1/pair_highM/mass in Skim_TriLep_tHq.root
2026-08-19 10:24:01,958 - INFO - [2018] MISSING_SYSTEMATIC: SR3Mu/L1Prefire_Up/NMinusOne/charge_abs1/pair_highM/mass in Skim_TriLep_tHW.root
2026-08-19 10:24:01,958 - INFO - [2018] MISSING_SYSTEMATIC: SR3Mu/L1Prefire_Down/NMinusOne/charge_abs1/pair_highM/mass in Skim_TriLep_tHW.root
2026-08-19 10:24:01,959 - INFO - [2018] MISSING_SYSTEMATIC: SR3Mu/PileupReweight_Up/NMinusOne/charge_abs1/pair_highM/mass in Skim_TriLep_tHW.root
2026-08-19 10:24:01,959 - INFO - [2018] MISSING_SYSTEMATIC: SR3Mu/PileupReweight_Down/NMinusOne/charge_abs1/pair_highM/mass in Skim_TriLep_tHW.root
2026-08-19 10:24:01,960 - INFO - [2018] MISSING_SYSTEMATIC: SR3Mu/PileupJetIDSF_Up/NMinusOne/charge_abs1/pair_highM/mass in Skim_TriLep_tHW.root
2026-08-19 10:24:01,960 - INFO - [2018] MISSING_SYSTEMATIC: SR3Mu/PileupJetIDSF_Down/NMinusOne/charge_abs1/pair_highM/mass in Skim_TriLep_tHW.root
2026-08-19 10:24:01,960 - INFO - [2018] MISSING_SYSTEMATIC: SR3Mu/MuonIDSF_Up/NMinusOne/charge_abs1/pair_highM/mass in Skim_TriLep_tHW.root
2026-08-19 10:24:01,960 - INFO - [2018] MISSING_SYSTEMATIC: SR3Mu/MuonIDSF_Down/NMinusOne/charge_abs1/pair_highM/mass in Skim_TriLep_tHW.root
2026-08-19 10:24:01,961 - INFO - [2018] MISSING_SYSTEMATIC: SR3Mu/DblMuTrigSF_Up/NMinusOne/charge_abs1/pair_highM/mass in Skim_TriLep_tHW.root
2026-08-19 10:24:01,961 - INFO - [2018] MISSING_SYSTEMATIC: SR3Mu/DblMuTrigSF_Down/NMinusOne/charge_abs1/pair_highM/mass in Skim_TriLep_tHW.root
2026-08-19 10:24:01,962 - INFO - [2018] MISSING_SYSTEMATIC: SR3Mu/JetEn_Up/NMinusOne/charge_abs1/pair_highM/mass in Skim_TriLep_tHW.root
2026-08-19 10:24:01,962 - INFO - [2018] MISSING_SYSTEMATIC: SR3Mu/JetEn_Down/NMinusOne/charge_abs1/pair_highM/mass in Skim_TriLep_tHW.root
2026-08-19 10:24:01,962 - INFO - [2018] MISSING_SYSTEMATIC: SR3Mu/JetRes_Up/NMinusOne/charge_abs1/pair_highM/mass in Skim_TriLep_tHW.root
2026-08-19 10:24:01,962 - INFO - [2018] MISSING_SYSTEMATIC: SR3Mu/JetRes_Down/NMinusOne/charge_abs1/pair_highM/mass in Skim_TriLep_tHW.root
2026-08-19 10:24:01,963 - INFO - [2018] MISSING_SYSTEMATIC: SR3Mu/MuonEn_Up/NMinusOne/charge_abs1/pair_highM/mass in Skim_TriLep_tHW.root
2026-08-19 10:24:01,963 - INFO - [2018] MISSING_SYSTEMATIC: SR3Mu/MuonEn_Down/NMinusOne/charge_abs1/pair_highM/mass in Skim_TriLep_tHW.root
2026-08-19 10:24:01,964 - INFO - [2018] MISSING_SYSTEMATIC: SR3Mu/ElectronEn_Up/NMinusOne/charge_abs1/pair_highM/mass in Skim_TriLep_tHW.root
2026-08-19 10:24:01,964 - INFO - [2018] MISSING_SYSTEMATIC: SR3Mu/ElectronEn_Down/NMinusOne/charge_abs1/pair_highM/mass in Skim_TriLep_tHW.root
2026-08-19 10:24:01,965 - INFO - [2018] MISSING_SYSTEMATIC: SR3Mu/ElectronRes_Up/NMinusOne/charge_abs1/pair_highM/mass in Skim_TriLep_tHW.root
2026-08-19 10:24:01,965 - INFO - [2018] MISSING_SYSTEMATIC: SR3Mu/ElectronRes_Down/NMinusOne/charge_abs1/pair_highM/mass in Skim_TriLep_tHW.root
2026-08-19 10:24:01,966 - INFO - [2018] MISSING_SYSTEMATIC: SR3Mu/UnclusteredEn_Up/NMinusOne/charge_abs1/pair_highM/mass in Skim_TriLep_tHW.root
2026-08-19 10:24:01,966 - INFO - [2018] MISSING_SYSTEMATIC: SR3Mu/UnclusteredEn_Down/NMinusOne/charge_abs1/pair_highM/mass in Skim_TriLep_tHW.root
2026-08-19 10:24:01,966 - INFO - [2018] MISSING_SYSTEMATIC: SR3Mu/BtagSF_HFcorr_Up/NMinusOne/charge_abs1/pair_highM/mass in Skim_TriLep_tHW.root
2026-08-19 10:24:01,966 - INFO - [2018] MISSING_SYSTEMATIC: SR3Mu/BtagSF_HFcorr_Down/NMinusOne/charge_abs1/pair_highM/mass in Skim_TriLep_tHW.root
2026-08-19 10:24:01,967 - INFO - [2018] MISSING_SYSTEMATIC: SR3Mu/BtagSF_HFuncorr_Up/NMinusOne/charge_abs1/pair_highM/mass in Skim_TriLep_tHW.root
2026-08-19 10:24:01,967 - INFO - [2018] MISSING_SYSTEMATIC: SR3Mu/BtagSF_HFuncorr_Down/NMinusOne/charge_abs1/pair_highM/mass in Skim_TriLep_tHW.root
2026-08-19 10:24:01,968 - INFO - [2018] MISSING_SYSTEMATIC: SR3Mu/BtagSF_LFcorr_Up/NMinusOne/charge_abs1/pair_highM/mass in Skim_TriLep_tHW.root
2026-08-19 10:24:01,968 - INFO - [2018] MISSING_SYSTEMATIC: SR3Mu/BtagSF_LFcorr_Down/NMinusOne/charge_abs1/pair_highM/mass in Skim_TriLep_tHW.root
2026-08-19 10:24:01,968 - INFO - [2018] MISSING_SYSTEMATIC: SR3Mu/BtagSF_LFuncorr_Up/NMinusOne/charge_abs1/pair_highM/mass in Skim_TriLep_tHW.root
2026-08-19 10:24:01,968 - INFO - [2018] MISSING_SYSTEMATIC: SR3Mu/BtagSF_LFuncorr_Down/NMinusOne/charge_abs1/pair_highM/mass in Skim_TriLep_tHW.root
2026-08-19 10:24:01,969 - INFO - [2018] MISSING_SYSTEMATIC: SR3Mu/L1Prefire_Up/NMinusOne/charge_abs1/pair_highM/mass in Skim_TriLep_tWZ_thadWlep.root
2026-08-19 10:24:01,969 - INFO - [2018] MISSING_SYSTEMATIC: SR3Mu/L1Prefire_Down/NMinusOne/charge_abs1/pair_highM/mass in Skim_TriLep_tWZ_thadWlep.root
2026-08-19 10:24:01,970 - INFO - [2018] MISSING_SYSTEMATIC: SR3Mu/PileupReweight_Up/NMinusOne/charge_abs1/pair_highM/mass in Skim_TriLep_tWZ_thadWlep.root
2026-08-19 10:24:01,970 - INFO - [2018] MISSING_SYSTEMATIC: SR3Mu/PileupReweight_Down/NMinusOne/charge_abs1/pair_highM/mass in Skim_TriLep_tWZ_thadWlep.root
2026-08-19 10:24:01,971 - INFO - [2018] MISSING_SYSTEMATIC: SR3Mu/PileupJetIDSF_Up/NMinusOne/charge_abs1/pair_highM/mass in Skim_TriLep_tWZ_thadWlep.root
2026-08-19 10:24:01,971 - INFO - [2018] MISSING_SYSTEMATIC: SR3Mu/PileupJetIDSF_Down/NMinusOne/charge_abs1/pair_highM/mass in Skim_TriLep_tWZ_thadWlep.root
2026-08-19 10:24:01,972 - INFO - [2018] MISSING_SYSTEMATIC: SR3Mu/MuonIDSF_Up/NMinusOne/charge_abs1/pair_highM/mass in Skim_TriLep_tWZ_thadWlep.root
2026-08-19 10:24:01,972 - INFO - [2018] MISSING_SYSTEMATIC: SR3Mu/MuonIDSF_Down/NMinusOne/charge_abs1/pair_highM/mass in Skim_TriLep_tWZ_thadWlep.root
2026-08-19 10:24:01,972 - INFO - [2018] MISSING_SYSTEMATIC: SR3Mu/DblMuTrigSF_Up/NMinusOne/charge_abs1/pair_highM/mass in Skim_TriLep_tWZ_thadWlep.root
2026-08-19 10:24:01,972 - INFO - [2018] MISSING_SYSTEMATIC: SR3Mu/DblMuTrigSF_Down/NMinusOne/charge_abs1/pair_highM/mass in Skim_TriLep_tWZ_thadWlep.root
2026-08-19 10:24:01,973 - INFO - [2018] MISSING_SYSTEMATIC: SR3Mu/JetEn_Up/NMinusOne/charge_abs1/pair_highM/mass in Skim_TriLep_tWZ_thadWlep.root
2026-08-19 10:24:01,973 - INFO - [2018] MISSING_SYSTEMATIC: SR3Mu/JetEn_Down/NMinusOne/charge_abs1/pair_highM/mass in Skim_TriLep_tWZ_thadWlep.root
2026-08-19 10:24:01,974 - INFO - [2018] MISSING_SYSTEMATIC: SR3Mu/JetRes_Up/NMinusOne/charge_abs1/pair_highM/mass in Skim_TriLep_tWZ_thadWlep.root
2026-08-19 10:24:01,974 - INFO - [2018] MISSING_SYSTEMATIC: SR3Mu/JetRes_Down/NMinusOne/charge_abs1/pair_highM/mass in Skim_TriLep_tWZ_thadWlep.root
2026-08-19 10:24:01,975 - INFO - [2018] MISSING_SYSTEMATIC: SR3Mu/MuonEn_Up/NMinusOne/charge_abs1/pair_highM/mass in Skim_TriLep_tWZ_thadWlep.root
2026-08-19 10:24:01,975 - INFO - [2018] MISSING_SYSTEMATIC: SR3Mu/MuonEn_Down/NMinusOne/charge_abs1/pair_highM/mass in Skim_TriLep_tWZ_thadWlep.root
2026-08-19 10:24:01,976 - INFO - [2018] MISSING_SYSTEMATIC: SR3Mu/ElectronEn_Up/NMinusOne/charge_abs1/pair_highM/mass in Skim_TriLep_tWZ_thadWlep.root
2026-08-19 10:24:01,976 - INFO - [2018] MISSING_SYSTEMATIC: SR3Mu/ElectronEn_Down/NMinusOne/charge_abs1/pair_highM/mass in Skim_TriLep_tWZ_thadWlep.root
2026-08-19 10:24:01,976 - INFO - [2018] MISSING_SYSTEMATIC: SR3Mu/ElectronRes_Up/NMinusOne/charge_abs1/pair_highM/mass in Skim_TriLep_tWZ_thadWlep.root
2026-08-19 10:24:01,976 - INFO - [2018] MISSING_SYSTEMATIC: SR3Mu/ElectronRes_Down/NMinusOne/charge_abs1/pair_highM/mass in Skim_TriLep_tWZ_thadWlep.root
2026-08-19 10:24:01,977 - INFO - [2018] MISSING_SYSTEMATIC: SR3Mu/UnclusteredEn_Up/NMinusOne/charge_abs1/pair_highM/mass in Skim_TriLep_tWZ_thadWlep.root
2026-08-19 10:24:01,977 - INFO - [2018] MISSING_SYSTEMATIC: SR3Mu/UnclusteredEn_Down/NMinusOne/charge_abs1/pair_highM/mass in Skim_TriLep_tWZ_thadWlep.root
2026-08-19 10:24:01,978 - INFO - [2018] MISSING_SYSTEMATIC: SR3Mu/BtagSF_HFcorr_Up/NMinusOne/charge_abs1/pair_highM/mass in Skim_TriLep_tWZ_thadWlep.root
2026-08-19 10:24:01,978 - INFO - [2018] MISSING_SYSTEMATIC: SR3Mu/BtagSF_HFcorr_Down/NMinusOne/charge_abs1/pair_highM/mass in Skim_TriLep_tWZ_thadWlep.root
2026-08-19 10:24:01,978 - INFO - [2018] MISSING_SYSTEMATIC: SR3Mu/BtagSF_HFuncorr_Up/NMinusOne/charge_abs1/pair_highM/mass in Skim_TriLep_tWZ_thadWlep.root
2026-08-19 10:24:01,978 - INFO - [2018] MISSING_SYSTEMATIC: SR3Mu/BtagSF_HFuncorr_Down/NMinusOne/charge_abs1/pair_highM/mass in Skim_TriLep_tWZ_thadWlep.root
2026-08-19 10:24:01,979 - INFO - [2018] MISSING_SYSTEMATIC: SR3Mu/BtagSF_LFcorr_Up/NMinusOne/charge_abs1/pair_highM/mass in Skim_TriLep_tWZ_thadWlep.root
2026-08-19 10:24:01,979 - INFO - [2018] MISSING_SYSTEMATIC: SR3Mu/BtagSF_LFcorr_Down/NMinusOne/charge_abs1/pair_highM/mass in Skim_TriLep_tWZ_thadWlep.root
2026-08-19 10:24:01,980 - INFO - [2018] MISSING_SYSTEMATIC: SR3Mu/BtagSF_LFuncorr_Up/NMinusOne/charge_abs1/pair_highM/mass in Skim_TriLep_tWZ_thadWlep.root
2026-08-19 10:24:01,980 - INFO - [2018] MISSING_SYSTEMATIC: SR3Mu/BtagSF_LFuncorr_Down/NMinusOne/charge_abs1/pair_highM/mass in Skim_TriLep_tWZ_thadWlep.root
2026-08-19 10:24:01,981 - INFO - [2018] MISSING_SYSTEMATIC: SR3Mu/L1Prefire_Up/NMinusOne/charge_abs1/pair_highM/mass in Skim_TriLep_tWZ_tlepWhad.root
2026-08-19 10:24:01,981 - INFO - [2018] MISSING_SYSTEMATIC: SR3Mu/L1Prefire_Down/NMinusOne/charge_abs1/pair_highM/mass in Skim_TriLep_tWZ_tlepWhad.root
2026-08-19 10:24:01,982 - INFO - [2018] MISSING_SYSTEMATIC: SR3Mu/PileupReweight_Up/NMinusOne/charge_abs1/pair_highM/mass in Skim_TriLep_tWZ_tlepWhad.root
2026-08-19 10:24:01,982 - INFO - [2018] MISSING_SYSTEMATIC: SR3Mu/PileupReweight_Down/NMinusOne/charge_abs1/pair_highM/mass in Skim_TriLep_tWZ_tlepWhad.root
2026-08-19 10:24:01,983 - INFO - [2018] MISSING_SYSTEMATIC: SR3Mu/PileupJetIDSF_Up/NMinusOne/charge_abs1/pair_highM/mass in Skim_TriLep_tWZ_tlepWhad.root
2026-08-19 10:24:01,983 - INFO - [2018] MISSING_SYSTEMATIC: SR3Mu/PileupJetIDSF_Down/NMinusOne/charge_abs1/pair_highM/mass in Skim_TriLep_tWZ_tlepWhad.root
2026-08-19 10:24:01,983 - INFO - [2018] MISSING_SYSTEMATIC: SR3Mu/MuonIDSF_Up/NMinusOne/charge_abs1/pair_highM/mass in Skim_TriLep_tWZ_tlepWhad.root
2026-08-19 10:24:01,983 - INFO - [2018] MISSING_SYSTEMATIC: SR3Mu/MuonIDSF_Down/NMinusOne/charge_abs1/pair_highM/mass in Skim_TriLep_tWZ_tlepWhad.root
2026-08-19 10:24:01,984 - INFO - [2018] MISSING_SYSTEMATIC: SR3Mu/DblMuTrigSF_Up/NMinusOne/charge_abs1/pair_highM/mass in Skim_TriLep_tWZ_tlepWhad.root
2026-08-19 10:24:01,984 - INFO - [2018] MISSING_SYSTEMATIC: SR3Mu/DblMuTrigSF_Down/NMinusOne/charge_abs1/pair_highM/mass in Skim_TriLep_tWZ_tlepWhad.root
2026-08-19 10:24:01,985 - INFO - [2018] MISSING_SYSTEMATIC: SR3Mu/JetEn_Up/NMinusOne/charge_abs1/pair_highM/mass in Skim_TriLep_tWZ_tlepWhad.root
2026-08-19 10:24:01,985 - INFO - [2018] MISSING_SYSTEMATIC: SR3Mu/JetEn_Down/NMinusOne/charge_abs1/pair_highM/mass in Skim_TriLep_tWZ_tlepWhad.root
2026-08-19 10:24:01,985 - INFO - [2018] MISSING_SYSTEMATIC: SR3Mu/JetRes_Up/NMinusOne/charge_abs1/pair_highM/mass in Skim_TriLep_tWZ_tlepWhad.root
2026-08-19 10:24:01,985 - INFO - [2018] MISSING_SYSTEMATIC: SR3Mu/JetRes_Down/NMinusOne/charge_abs1/pair_highM/mass in Skim_TriLep_tWZ_tlepWhad.root
2026-08-19 10:24:01,986 - INFO - [2018] MISSING_SYSTEMATIC: SR3Mu/MuonEn_Up/NMinusOne/charge_abs1/pair_highM/mass in Skim_TriLep_tWZ_tlepWhad.root
2026-08-19 10:24:01,986 - INFO - [2018] MISSING_SYSTEMATIC: SR3Mu/MuonEn_Down/NMinusOne/charge_abs1/pair_highM/mass in Skim_TriLep_tWZ_tlepWhad.root
2026-08-19 10:24:01,987 - INFO - [2018] MISSING_SYSTEMATIC: SR3Mu/ElectronEn_Up/NMinusOne/charge_abs1/pair_highM/mass in Skim_TriLep_tWZ_tlepWhad.root
2026-08-19 10:24:01,987 - INFO - [2018] MISSING_SYSTEMATIC: SR3Mu/ElectronEn_Down/NMinusOne/charge_abs1/pair_highM/mass in Skim_TriLep_tWZ_tlepWhad.root
2026-08-19 10:24:01,987 - INFO - [2018] MISSING_SYSTEMATIC: SR3Mu/ElectronRes_Up/NMinusOne/charge_abs1/pair_highM/mass in Skim_TriLep_tWZ_tlepWhad.root
2026-08-19 10:24:01,988 - INFO - [2018] MISSING_SYSTEMATIC: SR3Mu/ElectronRes_Down/NMinusOne/charge_abs1/pair_highM/mass in Skim_TriLep_tWZ_tlepWhad.root
2026-08-19 10:24:01,988 - INFO - [2018] MISSING_SYSTEMATIC: SR3Mu/UnclusteredEn_Up/NMinusOne/charge_abs1/pair_highM/mass in Skim_TriLep_tWZ_tlepWhad.root
2026-08-19 10:24:01,988 - INFO - [2018] MISSING_SYSTEMATIC: SR3Mu/UnclusteredEn_Down/NMinusOne/charge_abs1/pair_highM/mass in Skim_TriLep_tWZ_tlepWhad.root
2026-08-19 10:24:01,989 - INFO - [2018] MISSING_SYSTEMATIC: SR3Mu/BtagSF_HFcorr_Up/NMinusOne/charge_abs1/pair_highM/mass in Skim_TriLep_tWZ_tlepWhad.root
2026-08-19 10:24:01,989 - INFO - [2018] MISSING_SYSTEMATIC: SR3Mu/BtagSF_HFcorr_Down/NMinusOne/charge_abs1/pair_highM/mass in Skim_TriLep_tWZ_tlepWhad.root
2026-08-19 10:24:01,990 - INFO - [2018] MISSING_SYSTEMATIC: SR3Mu/BtagSF_HFuncorr_Up/NMinusOne/charge_abs1/pair_highM/mass in Skim_TriLep_tWZ_tlepWhad.root
2026-08-19 10:24:01,990 - INFO - [2018] MISSING_SYSTEMATIC: SR3Mu/BtagSF_HFuncorr_Down/NMinusOne/charge_abs1/pair_highM/mass in Skim_TriLep_tWZ_tlepWhad.root
2026-08-19 10:24:01,990 - INFO - [2018] MISSING_SYSTEMATIC: SR3Mu/BtagSF_LFcorr_Up/NMinusOne/charge_abs1/pair_highM/mass in Skim_TriLep_tWZ_tlepWhad.root
2026-08-19 10:24:01,990 - INFO - [2018] MISSING_SYSTEMATIC: SR3Mu/BtagSF_LFcorr_Down/NMinusOne/charge_abs1/pair_highM/mass in Skim_TriLep_tWZ_tlepWhad.root
2026-08-19 10:24:01,991 - INFO - [2018] MISSING_SYSTEMATIC: SR3Mu/BtagSF_LFuncorr_Up/NMinusOne/charge_abs1/pair_highM/mass in Skim_TriLep_tWZ_tlepWhad.root
2026-08-19 10:24:01,991 - INFO - [2018] MISSING_SYSTEMATIC: SR3Mu/BtagSF_LFuncorr_Down/NMinusOne/charge_abs1/pair_highM/mass in Skim_TriLep_tWZ_tlepWhad.root
2026-08-19 10:24:01,992 - INFO - [2018] MISSING_SYSTEMATIC: SR3Mu/L1Prefire_Up/NMinusOne/charge_abs1/pair_highM/mass in Skim_TriLep_tWZ_tlepWlep.root
2026-08-19 10:24:01,992 - INFO - [2018] MISSING_SYSTEMATIC: SR3Mu/L1Prefire_Down/NMinusOne/charge_abs1/pair_highM/mass in Skim_TriLep_tWZ_tlepWlep.root
2026-08-19 10:24:01,993 - INFO - [2018] MISSING_SYSTEMATIC: SR3Mu/PileupReweight_Up/NMinusOne/charge_abs1/pair_highM/mass in Skim_TriLep_tWZ_tlepWlep.root
2026-08-19 10:24:01,993 - INFO - [2018] MISSING_SYSTEMATIC: SR3Mu/PileupReweight_Down/NMinusOne/charge_abs1/pair_highM/mass in Skim_TriLep_tWZ_tlepWlep.root
2026-08-19 10:24:01,994 - INFO - [2018] MISSING_SYSTEMATIC: SR3Mu/PileupJetIDSF_Up/NMinusOne/charge_abs1/pair_highM/mass in Skim_TriLep_tWZ_tlepWlep.root
2026-08-19 10:24:01,994 - INFO - [2018] MISSING_SYSTEMATIC: SR3Mu/PileupJetIDSF_Down/NMinusOne/charge_abs1/pair_highM/mass in Skim_TriLep_tWZ_tlepWlep.root
2026-08-19 10:24:01,994 - INFO - [2018] MISSING_SYSTEMATIC: SR3Mu/MuonIDSF_Up/NMinusOne/charge_abs1/pair_highM/mass in Skim_TriLep_tWZ_tlepWlep.root
2026-08-19 10:24:01,995 - INFO - [2018] MISSING_SYSTEMATIC: SR3Mu/MuonIDSF_Down/NMinusOne/charge_abs1/pair_highM/mass in Skim_TriLep_tWZ_tlepWlep.root
2026-08-19 10:24:01,995 - INFO - [2018] MISSING_SYSTEMATIC: SR3Mu/DblMuTrigSF_Up/NMinusOne/charge_abs1/pair_highM/mass in Skim_TriLep_tWZ_tlepWlep.root
2026-08-19 10:24:01,995 - INFO - [2018] MISSING_SYSTEMATIC: SR3Mu/DblMuTrigSF_Down/NMinusOne/charge_abs1/pair_highM/mass in Skim_TriLep_tWZ_tlepWlep.root
2026-08-19 10:24:01,996 - INFO - [2018] MISSING_SYSTEMATIC: SR3Mu/JetEn_Up/NMinusOne/charge_abs1/pair_highM/mass in Skim_TriLep_tWZ_tlepWlep.root
2026-08-19 10:24:01,996 - INFO - [2018] MISSING_SYSTEMATIC: SR3Mu/JetEn_Down/NMinusOne/charge_abs1/pair_highM/mass in Skim_TriLep_tWZ_tlepWlep.root
2026-08-19 10:24:01,997 - INFO - [2018] MISSING_SYSTEMATIC: SR3Mu/JetRes_Up/NMinusOne/charge_abs1/pair_highM/mass in Skim_TriLep_tWZ_tlepWlep.root
2026-08-19 10:24:01,997 - INFO - [2018] MISSING_SYSTEMATIC: SR3Mu/JetRes_Down/NMinusOne/charge_abs1/pair_highM/mass in Skim_TriLep_tWZ_tlepWlep.root
2026-08-19 10:24:01,998 - INFO - [2018] MISSING_SYSTEMATIC: SR3Mu/MuonEn_Up/NMinusOne/charge_abs1/pair_highM/mass in Skim_TriLep_tWZ_tlepWlep.root
2026-08-19 10:24:01,998 - INFO - [2018] MISSING_SYSTEMATIC: SR3Mu/MuonEn_Down/NMinusOne/charge_abs1/pair_highM/mass in Skim_TriLep_tWZ_tlepWlep.root
2026-08-19 10:24:01,998 - INFO - [2018] MISSING_SYSTEMATIC: SR3Mu/ElectronEn_Up/NMinusOne/charge_abs1/pair_highM/mass in Skim_TriLep_tWZ_tlepWlep.root
2026-08-19 10:24:01,998 - INFO - [2018] MISSING_SYSTEMATIC: SR3Mu/ElectronEn_Down/NMinusOne/charge_abs1/pair_highM/mass in Skim_TriLep_tWZ_tlepWlep.root
2026-08-19 10:24:01,999 - INFO - [2018] MISSING_SYSTEMATIC: SR3Mu/ElectronRes_Up/NMinusOne/charge_abs1/pair_highM/mass in Skim_TriLep_tWZ_tlepWlep.root
2026-08-19 10:24:01,999 - INFO - [2018] MISSING_SYSTEMATIC: SR3Mu/ElectronRes_Down/NMinusOne/charge_abs1/pair_highM/mass in Skim_TriLep_tWZ_tlepWlep.root
2026-08-19 10:24:02,000 - INFO - [2018] MISSING_SYSTEMATIC: SR3Mu/UnclusteredEn_Up/NMinusOne/charge_abs1/pair_highM/mass in Skim_TriLep_tWZ_tlepWlep.root
2026-08-19 10:24:02,000 - INFO - [2018] MISSING_SYSTEMATIC: SR3Mu/UnclusteredEn_Down/NMinusOne/charge_abs1/pair_highM/mass in Skim_TriLep_tWZ_tlepWlep.root
2026-08-19 10:24:02,001 - INFO - [2018] MISSING_SYSTEMATIC: SR3Mu/BtagSF_HFcorr_Up/NMinusOne/charge_abs1/pair_highM/mass in Skim_TriLep_tWZ_tlepWlep.root
2026-08-19 10:24:02,001 - INFO - [2018] MISSING_SYSTEMATIC: SR3Mu/BtagSF_HFcorr_Down/NMinusOne/charge_abs1/pair_highM/mass in Skim_TriLep_tWZ_tlepWlep.root
2026-08-19 10:24:02,002 - INFO - [2018] MISSING_SYSTEMATIC: SR3Mu/BtagSF_HFuncorr_Up/NMinusOne/charge_abs1/pair_highM/mass in Skim_TriLep_tWZ_tlepWlep.root
2026-08-19 10:24:02,002 - INFO - [2018] MISSING_SYSTEMATIC: SR3Mu/BtagSF_HFuncorr_Down/NMinusOne/charge_abs1/pair_highM/mass in Skim_TriLep_tWZ_tlepWlep.root
2026-08-19 10:24:02,002 - INFO - [2018] MISSING_SYSTEMATIC: SR3Mu/BtagSF_LFcorr_Up/NMinusOne/charge_abs1/pair_highM/mass in Skim_TriLep_tWZ_tlepWlep.root
2026-08-19 10:24:02,002 - INFO - [2018] MISSING_SYSTEMATIC: SR3Mu/BtagSF_LFcorr_Down/NMinusOne/charge_abs1/pair_highM/mass in Skim_TriLep_tWZ_tlepWlep.root
2026-08-19 10:24:02,003 - INFO - [2018] MISSING_SYSTEMATIC: SR3Mu/BtagSF_LFuncorr_Up/NMinusOne/charge_abs1/pair_highM/mass in Skim_TriLep_tWZ_tlepWlep.root
2026-08-19 10:24:02,003 - INFO - [2018] MISSING_SYSTEMATIC: SR3Mu/BtagSF_LFuncorr_Down/NMinusOne/charge_abs1/pair_highM/mass in Skim_TriLep_tWZ_tlepWlep.root
2026-08-19 10:24:02,004 - INFO - [2018] MISSING_SYSTEMATIC: SR3Mu/L1Prefire_Up/NMinusOne/charge_abs1/pair_highM/mass in Skim_TriLep_WWW.root
2026-08-19 10:24:02,004 - INFO - [2018] MISSING_SYSTEMATIC: SR3Mu/L1Prefire_Down/NMinusOne/charge_abs1/pair_highM/mass in Skim_TriLep_WWW.root
2026-08-19 10:24:02,005 - INFO - [2018] MISSING_SYSTEMATIC: SR3Mu/PileupReweight_Up/NMinusOne/charge_abs1/pair_highM/mass in Skim_TriLep_WWW.root
2026-08-19 10:24:02,005 - INFO - [2018] MISSING_SYSTEMATIC: SR3Mu/PileupReweight_Down/NMinusOne/charge_abs1/pair_highM/mass in Skim_TriLep_WWW.root
2026-08-19 10:24:02,006 - INFO - [2018] MISSING_SYSTEMATIC: SR3Mu/PileupJetIDSF_Up/NMinusOne/charge_abs1/pair_highM/mass in Skim_TriLep_WWW.root
2026-08-19 10:24:02,006 - INFO - [2018] MISSING_SYSTEMATIC: SR3Mu/PileupJetIDSF_Down/NMinusOne/charge_abs1/pair_highM/mass in Skim_TriLep_WWW.root
2026-08-19 10:24:02,007 - INFO - [2018] MISSING_SYSTEMATIC: SR3Mu/MuonIDSF_Up/NMinusOne/charge_abs1/pair_highM/mass in Skim_TriLep_WWW.root
2026-08-19 10:24:02,007 - INFO - [2018] MISSING_SYSTEMATIC: SR3Mu/MuonIDSF_Down/NMinusOne/charge_abs1/pair_highM/mass in Skim_TriLep_WWW.root
2026-08-19 10:24:02,007 - INFO - [2018] MISSING_SYSTEMATIC: SR3Mu/DblMuTrigSF_Up/NMinusOne/charge_abs1/pair_highM/mass in Skim_TriLep_WWW.root
2026-08-19 10:24:02,007 - INFO - [2018] MISSING_SYSTEMATIC: SR3Mu/DblMuTrigSF_Down/NMinusOne/charge_abs1/pair_highM/mass in Skim_TriLep_WWW.root
2026-08-19 10:24:02,008 - INFO - [2018] MISSING_SYSTEMATIC: SR3Mu/JetEn_Up/NMinusOne/charge_abs1/pair_highM/mass in Skim_TriLep_WWW.root
2026-08-19 10:24:02,008 - INFO - [2018] MISSING_SYSTEMATIC: SR3Mu/JetEn_Down/NMinusOne/charge_abs1/pair_highM/mass in Skim_TriLep_WWW.root
2026-08-19 10:24:02,009 - INFO - [2018] MISSING_SYSTEMATIC: SR3Mu/JetRes_Up/NMinusOne/charge_abs1/pair_highM/mass in Skim_TriLep_WWW.root
2026-08-19 10:24:02,009 - INFO - [2018] MISSING_SYSTEMATIC: SR3Mu/JetRes_Down/NMinusOne/charge_abs1/pair_highM/mass in Skim_TriLep_WWW.root
2026-08-19 10:24:02,009 - INFO - [2018] MISSING_SYSTEMATIC: SR3Mu/MuonEn_Up/NMinusOne/charge_abs1/pair_highM/mass in Skim_TriLep_WWW.root
2026-08-19 10:24:02,010 - INFO - [2018] MISSING_SYSTEMATIC: SR3Mu/MuonEn_Down/NMinusOne/charge_abs1/pair_highM/mass in Skim_TriLep_WWW.root
2026-08-19 10:24:02,010 - INFO - [2018] MISSING_SYSTEMATIC: SR3Mu/ElectronEn_Up/NMinusOne/charge_abs1/pair_highM/mass in Skim_TriLep_WWW.root
2026-08-19 10:24:02,010 - INFO - [2018] MISSING_SYSTEMATIC: SR3Mu/ElectronEn_Down/NMinusOne/charge_abs1/pair_highM/mass in Skim_TriLep_WWW.root
2026-08-19 10:24:02,011 - INFO - [2018] MISSING_SYSTEMATIC: SR3Mu/ElectronRes_Up/NMinusOne/charge_abs1/pair_highM/mass in Skim_TriLep_WWW.root
2026-08-19 10:24:02,011 - INFO - [2018] MISSING_SYSTEMATIC: SR3Mu/ElectronRes_Down/NMinusOne/charge_abs1/pair_highM/mass in Skim_TriLep_WWW.root
2026-08-19 10:24:02,012 - INFO - [2018] MISSING_SYSTEMATIC: SR3Mu/UnclusteredEn_Up/NMinusOne/charge_abs1/pair_highM/mass in Skim_TriLep_WWW.root
2026-08-19 10:24:02,012 - INFO - [2018] MISSING_SYSTEMATIC: SR3Mu/UnclusteredEn_Down/NMinusOne/charge_abs1/pair_highM/mass in Skim_TriLep_WWW.root
2026-08-19 10:24:02,012 - INFO - [2018] MISSING_SYSTEMATIC: SR3Mu/BtagSF_HFcorr_Up/NMinusOne/charge_abs1/pair_highM/mass in Skim_TriLep_WWW.root
2026-08-19 10:24:02,012 - INFO - [2018] MISSING_SYSTEMATIC: SR3Mu/BtagSF_HFcorr_Down/NMinusOne/charge_abs1/pair_highM/mass in Skim_TriLep_WWW.root
2026-08-19 10:24:02,013 - INFO - [2018] MISSING_SYSTEMATIC: SR3Mu/BtagSF_HFuncorr_Up/NMinusOne/charge_abs1/pair_highM/mass in Skim_TriLep_WWW.root
2026-08-19 10:24:02,013 - INFO - [2018] MISSING_SYSTEMATIC: SR3Mu/BtagSF_HFuncorr_Down/NMinusOne/charge_abs1/pair_highM/mass in Skim_TriLep_WWW.root
2026-08-19 10:24:02,014 - INFO - [2018] MISSING_SYSTEMATIC: SR3Mu/BtagSF_LFcorr_Up/NMinusOne/charge_abs1/pair_highM/mass in Skim_TriLep_WWW.root
2026-08-19 10:24:02,014 - INFO - [2018] MISSING_SYSTEMATIC: SR3Mu/BtagSF_LFcorr_Down/NMinusOne/charge_abs1/pair_highM/mass in Skim_TriLep_WWW.root
2026-08-19 10:24:02,014 - INFO - [2018] MISSING_SYSTEMATIC: SR3Mu/BtagSF_LFuncorr_Up/NMinusOne/charge_abs1/pair_highM/mass in Skim_TriLep_WWW.root
2026-08-19 10:24:02,014 - INFO - [2018] MISSING_SYSTEMATIC: SR3Mu/BtagSF_LFuncorr_Down/NMinusOne/charge_abs1/pair_highM/mass in Skim_TriLep_WWW.root
2026-08-19 10:24:02,015 - INFO - [2018] MISSING_SYSTEMATIC: SR3Mu/L1Prefire_Up/NMinusOne/charge_abs1/pair_highM/mass in Skim_TriLep_WWZ.root
2026-08-19 10:24:02,015 - INFO - [2018] MISSING_SYSTEMATIC: SR3Mu/L1Prefire_Down/NMinusOne/charge_abs1/pair_highM/mass in Skim_TriLep_WWZ.root
2026-08-19 10:24:02,016 - INFO - [2018] MISSING_SYSTEMATIC: SR3Mu/PileupReweight_Up/NMinusOne/charge_abs1/pair_highM/mass in Skim_TriLep_WWZ.root
2026-08-19 10:24:02,016 - INFO - [2018] MISSING_SYSTEMATIC: SR3Mu/PileupReweight_Down/NMinusOne/charge_abs1/pair_highM/mass in Skim_TriLep_WWZ.root
2026-08-19 10:24:02,017 - INFO - [2018] MISSING_SYSTEMATIC: SR3Mu/PileupJetIDSF_Up/NMinusOne/charge_abs1/pair_highM/mass in Skim_TriLep_WWZ.root
2026-08-19 10:24:02,017 - INFO - [2018] MISSING_SYSTEMATIC: SR3Mu/PileupJetIDSF_Down/NMinusOne/charge_abs1/pair_highM/mass in Skim_TriLep_WWZ.root
2026-08-19 10:24:02,017 - INFO - [2018] MISSING_SYSTEMATIC: SR3Mu/MuonIDSF_Up/NMinusOne/charge_abs1/pair_highM/mass in Skim_TriLep_WWZ.root
2026-08-19 10:24:02,017 - INFO - [2018] MISSING_SYSTEMATIC: SR3Mu/MuonIDSF_Down/NMinusOne/charge_abs1/pair_highM/mass in Skim_TriLep_WWZ.root
2026-08-19 10:24:02,018 - INFO - [2018] MISSING_SYSTEMATIC: SR3Mu/DblMuTrigSF_Up/NMinusOne/charge_abs1/pair_highM/mass in Skim_TriLep_WWZ.root
2026-08-19 10:24:02,018 - INFO - [2018] MISSING_SYSTEMATIC: SR3Mu/DblMuTrigSF_Down/NMinusOne/charge_abs1/pair_highM/mass in Skim_TriLep_WWZ.root
2026-08-19 10:24:02,018 - INFO - [2018] MISSING_SYSTEMATIC: SR3Mu/JetEn_Up/NMinusOne/charge_abs1/pair_highM/mass in Skim_TriLep_WWZ.root
2026-08-19 10:24:02,018 - INFO - [2018] MISSING_SYSTEMATIC: SR3Mu/JetEn_Down/NMinusOne/charge_abs1/pair_highM/mass in Skim_TriLep_WWZ.root
2026-08-19 10:24:02,019 - INFO - [2018] MISSING_SYSTEMATIC: SR3Mu/JetRes_Up/NMinusOne/charge_abs1/pair_highM/mass in Skim_TriLep_WWZ.root
2026-08-19 10:24:02,019 - INFO - [2018] MISSING_SYSTEMATIC: SR3Mu/JetRes_Down/NMinusOne/charge_abs1/pair_highM/mass in Skim_TriLep_WWZ.root
2026-08-19 10:24:02,020 - INFO - [2018] MISSING_SYSTEMATIC: SR3Mu/MuonEn_Up/NMinusOne/charge_abs1/pair_highM/mass in Skim_TriLep_WWZ.root
2026-08-19 10:24:02,020 - INFO - [2018] MISSING_SYSTEMATIC: SR3Mu/MuonEn_Down/NMinusOne/charge_abs1/pair_highM/mass in Skim_TriLep_WWZ.root
2026-08-19 10:24:02,020 - INFO - [2018] MISSING_SYSTEMATIC: SR3Mu/ElectronEn_Up/NMinusOne/charge_abs1/pair_highM/mass in Skim_TriLep_WWZ.root
2026-08-19 10:24:02,020 - INFO - [2018] MISSING_SYSTEMATIC: SR3Mu/ElectronEn_Down/NMinusOne/charge_abs1/pair_highM/mass in Skim_TriLep_WWZ.root
2026-08-19 10:24:02,021 - INFO - [2018] MISSING_SYSTEMATIC: SR3Mu/ElectronRes_Up/NMinusOne/charge_abs1/pair_highM/mass in Skim_TriLep_WWZ.root
2026-08-19 10:24:02,021 - INFO - [2018] MISSING_SYSTEMATIC: SR3Mu/ElectronRes_Down/NMinusOne/charge_abs1/pair_highM/mass in Skim_TriLep_WWZ.root
2026-08-19 10:24:02,022 - INFO - [2018] MISSING_SYSTEMATIC: SR3Mu/UnclusteredEn_Up/NMinusOne/charge_abs1/pair_highM/mass in Skim_TriLep_WWZ.root
2026-08-19 10:24:02,022 - INFO - [2018] MISSING_SYSTEMATIC: SR3Mu/UnclusteredEn_Down/NMinusOne/charge_abs1/pair_highM/mass in Skim_TriLep_WWZ.root
2026-08-19 10:24:02,022 - INFO - [2018] MISSING_SYSTEMATIC: SR3Mu/BtagSF_HFcorr_Up/NMinusOne/charge_abs1/pair_highM/mass in Skim_TriLep_WWZ.root
2026-08-19 10:24:02,022 - INFO - [2018] MISSING_SYSTEMATIC: SR3Mu/BtagSF_HFcorr_Down/NMinusOne/charge_abs1/pair_highM/mass in Skim_TriLep_WWZ.root
2026-08-19 10:24:02,023 - INFO - [2018] MISSING_SYSTEMATIC: SR3Mu/BtagSF_HFuncorr_Up/NMinusOne/charge_abs1/pair_highM/mass in Skim_TriLep_WWZ.root
2026-08-19 10:24:02,023 - INFO - [2018] MISSING_SYSTEMATIC: SR3Mu/BtagSF_HFuncorr_Down/NMinusOne/charge_abs1/pair_highM/mass in Skim_TriLep_WWZ.root
2026-08-19 10:24:02,023 - INFO - [2018] MISSING_SYSTEMATIC: SR3Mu/BtagSF_LFcorr_Up/NMinusOne/charge_abs1/pair_highM/mass in Skim_TriLep_WWZ.root
2026-08-19 10:24:02,023 - INFO - [2018] MISSING_SYSTEMATIC: SR3Mu/BtagSF_LFcorr_Down/NMinusOne/charge_abs1/pair_highM/mass in Skim_TriLep_WWZ.root
2026-08-19 10:24:02,024 - INFO - [2018] MISSING_SYSTEMATIC: SR3Mu/BtagSF_LFuncorr_Up/NMinusOne/charge_abs1/pair_highM/mass in Skim_TriLep_WWZ.root
2026-08-19 10:24:02,024 - INFO - [2018] MISSING_SYSTEMATIC: SR3Mu/BtagSF_LFuncorr_Down/NMinusOne/charge_abs1/pair_highM/mass in Skim_TriLep_WWZ.root
2026-08-19 10:24:02,025 - INFO - [2018] MISSING_SYSTEMATIC: SR3Mu/L1Prefire_Up/NMinusOne/charge_abs1/pair_highM/mass in Skim_TriLep_WZZ.root
2026-08-19 10:24:02,025 - INFO - [2018] MISSING_SYSTEMATIC: SR3Mu/L1Prefire_Down/NMinusOne/charge_abs1/pair_highM/mass in Skim_TriLep_WZZ.root
2026-08-19 10:24:02,026 - INFO - [2018] MISSING_SYSTEMATIC: SR3Mu/PileupReweight_Up/NMinusOne/charge_abs1/pair_highM/mass in Skim_TriLep_WZZ.root
2026-08-19 10:24:02,026 - INFO - [2018] MISSING_SYSTEMATIC: SR3Mu/PileupReweight_Down/NMinusOne/charge_abs1/pair_highM/mass in Skim_TriLep_WZZ.root
2026-08-19 10:24:02,027 - INFO - [2018] MISSING_SYSTEMATIC: SR3Mu/PileupJetIDSF_Up/NMinusOne/charge_abs1/pair_highM/mass in Skim_TriLep_WZZ.root
2026-08-19 10:24:02,027 - INFO - [2018] MISSING_SYSTEMATIC: SR3Mu/PileupJetIDSF_Down/NMinusOne/charge_abs1/pair_highM/mass in Skim_TriLep_WZZ.root
2026-08-19 10:24:02,027 - INFO - [2018] MISSING_SYSTEMATIC: SR3Mu/MuonIDSF_Up/NMinusOne/charge_abs1/pair_highM/mass in Skim_TriLep_WZZ.root
2026-08-19 10:24:02,028 - INFO - [2018] MISSING_SYSTEMATIC: SR3Mu/MuonIDSF_Down/NMinusOne/charge_abs1/pair_highM/mass in Skim_TriLep_WZZ.root
2026-08-19 10:24:02,028 - INFO - [2018] MISSING_SYSTEMATIC: SR3Mu/DblMuTrigSF_Up/NMinusOne/charge_abs1/pair_highM/mass in Skim_TriLep_WZZ.root
2026-08-19 10:24:02,028 - INFO - [2018] MISSING_SYSTEMATIC: SR3Mu/DblMuTrigSF_Down/NMinusOne/charge_abs1/pair_highM/mass in Skim_TriLep_WZZ.root
2026-08-19 10:24:02,029 - INFO - [2018] MISSING_SYSTEMATIC: SR3Mu/JetEn_Up/NMinusOne/charge_abs1/pair_highM/mass in Skim_TriLep_WZZ.root
2026-08-19 10:24:02,029 - INFO - [2018] MISSING_SYSTEMATIC: SR3Mu/JetEn_Down/NMinusOne/charge_abs1/pair_highM/mass in Skim_TriLep_WZZ.root
2026-08-19 10:24:02,030 - INFO - [2018] MISSING_SYSTEMATIC: SR3Mu/JetRes_Up/NMinusOne/charge_abs1/pair_highM/mass in Skim_TriLep_WZZ.root
2026-08-19 10:24:02,030 - INFO - [2018] MISSING_SYSTEMATIC: SR3Mu/JetRes_Down/NMinusOne/charge_abs1/pair_highM/mass in Skim_TriLep_WZZ.root
2026-08-19 10:24:02,031 - INFO - [2018] MISSING_SYSTEMATIC: SR3Mu/MuonEn_Up/NMinusOne/charge_abs1/pair_highM/mass in Skim_TriLep_WZZ.root
2026-08-19 10:24:02,031 - INFO - [2018] MISSING_SYSTEMATIC: SR3Mu/MuonEn_Down/NMinusOne/charge_abs1/pair_highM/mass in Skim_TriLep_WZZ.root
2026-08-19 10:24:02,032 - INFO - [2018] MISSING_SYSTEMATIC: SR3Mu/ElectronEn_Up/NMinusOne/charge_abs1/pair_highM/mass in Skim_TriLep_WZZ.root
2026-08-19 10:24:02,032 - INFO - [2018] MISSING_SYSTEMATIC: SR3Mu/ElectronEn_Down/NMinusOne/charge_abs1/pair_highM/mass in Skim_TriLep_WZZ.root
2026-08-19 10:24:02,032 - INFO - [2018] MISSING_SYSTEMATIC: SR3Mu/ElectronRes_Up/NMinusOne/charge_abs1/pair_highM/mass in Skim_TriLep_WZZ.root
2026-08-19 10:24:02,033 - INFO - [2018] MISSING_SYSTEMATIC: SR3Mu/ElectronRes_Down/NMinusOne/charge_abs1/pair_highM/mass in Skim_TriLep_WZZ.root
2026-08-19 10:24:02,033 - INFO - [2018] MISSING_SYSTEMATIC: SR3Mu/UnclusteredEn_Up/NMinusOne/charge_abs1/pair_highM/mass in Skim_TriLep_WZZ.root
2026-08-19 10:24:02,033 - INFO - [2018] MISSING_SYSTEMATIC: SR3Mu/UnclusteredEn_Down/NMinusOne/charge_abs1/pair_highM/mass in Skim_TriLep_WZZ.root
2026-08-19 10:24:02,034 - INFO - [2018] MISSING_SYSTEMATIC: SR3Mu/BtagSF_HFcorr_Up/NMinusOne/charge_abs1/pair_highM/mass in Skim_TriLep_WZZ.root
2026-08-19 10:24:02,034 - INFO - [2018] MISSING_SYSTEMATIC: SR3Mu/BtagSF_HFcorr_Down/NMinusOne/charge_abs1/pair_highM/mass in Skim_TriLep_WZZ.root
2026-08-19 10:24:02,034 - INFO - [2018] MISSING_SYSTEMATIC: SR3Mu/BtagSF_HFuncorr_Up/NMinusOne/charge_abs1/pair_highM/mass in Skim_TriLep_WZZ.root
2026-08-19 10:24:02,034 - INFO - [2018] MISSING_SYSTEMATIC: SR3Mu/BtagSF_HFuncorr_Down/NMinusOne/charge_abs1/pair_highM/mass in Skim_TriLep_WZZ.root
2026-08-19 10:24:02,035 - INFO - [2018] MISSING_SYSTEMATIC: SR3Mu/BtagSF_LFcorr_Up/NMinusOne/charge_abs1/pair_highM/mass in Skim_TriLep_WZZ.root
2026-08-19 10:24:02,035 - INFO - [2018] MISSING_SYSTEMATIC: SR3Mu/BtagSF_LFcorr_Down/NMinusOne/charge_abs1/pair_highM/mass in Skim_TriLep_WZZ.root
2026-08-19 10:24:02,036 - INFO - [2018] MISSING_SYSTEMATIC: SR3Mu/BtagSF_LFuncorr_Up/NMinusOne/charge_abs1/pair_highM/mass in Skim_TriLep_WZZ.root
2026-08-19 10:24:02,036 - INFO - [2018] MISSING_SYSTEMATIC: SR3Mu/BtagSF_LFuncorr_Down/NMinusOne/charge_abs1/pair_highM/mass in Skim_TriLep_WZZ.root
2026-08-19 10:24:02,037 - INFO - [2018] MISSING_SYSTEMATIC: SR3Mu/L1Prefire_Up/NMinusOne/charge_abs1/pair_highM/mass in Skim_TriLep_ZZZ.root
2026-08-19 10:24:02,037 - INFO - [2018] MISSING_SYSTEMATIC: SR3Mu/L1Prefire_Down/NMinusOne/charge_abs1/pair_highM/mass in Skim_TriLep_ZZZ.root
2026-08-19 10:24:02,038 - INFO - [2018] MISSING_SYSTEMATIC: SR3Mu/PileupReweight_Up/NMinusOne/charge_abs1/pair_highM/mass in Skim_TriLep_ZZZ.root
2026-08-19 10:24:02,038 - INFO - [2018] MISSING_SYSTEMATIC: SR3Mu/PileupReweight_Down/NMinusOne/charge_abs1/pair_highM/mass in Skim_TriLep_ZZZ.root
2026-08-19 10:24:02,039 - INFO - [2018] MISSING_SYSTEMATIC: SR3Mu/PileupJetIDSF_Up/NMinusOne/charge_abs1/pair_highM/mass in Skim_TriLep_ZZZ.root
2026-08-19 10:24:02,039 - INFO - [2018] MISSING_SYSTEMATIC: SR3Mu/PileupJetIDSF_Down/NMinusOne/charge_abs1/pair_highM/mass in Skim_TriLep_ZZZ.root
2026-08-19 10:24:02,039 - INFO - [2018] MISSING_SYSTEMATIC: SR3Mu/MuonIDSF_Up/NMinusOne/charge_abs1/pair_highM/mass in Skim_TriLep_ZZZ.root
2026-08-19 10:24:02,039 - INFO - [2018] MISSING_SYSTEMATIC: SR3Mu/MuonIDSF_Down/NMinusOne/charge_abs1/pair_highM/mass in Skim_TriLep_ZZZ.root
2026-08-19 10:24:02,040 - INFO - [2018] MISSING_SYSTEMATIC: SR3Mu/DblMuTrigSF_Up/NMinusOne/charge_abs1/pair_highM/mass in Skim_TriLep_ZZZ.root
2026-08-19 10:24:02,040 - INFO - [2018] MISSING_SYSTEMATIC: SR3Mu/DblMuTrigSF_Down/NMinusOne/charge_abs1/pair_highM/mass in Skim_TriLep_ZZZ.root
2026-08-19 10:24:02,041 - INFO - [2018] MISSING_SYSTEMATIC: SR3Mu/JetEn_Up/NMinusOne/charge_abs1/pair_highM/mass in Skim_TriLep_ZZZ.root
2026-08-19 10:24:02,041 - INFO - [2018] MISSING_SYSTEMATIC: SR3Mu/JetEn_Down/NMinusOne/charge_abs1/pair_highM/mass in Skim_TriLep_ZZZ.root
2026-08-19 10:24:02,041 - INFO - [2018] MISSING_SYSTEMATIC: SR3Mu/JetRes_Up/NMinusOne/charge_abs1/pair_highM/mass in Skim_TriLep_ZZZ.root
2026-08-19 10:24:02,041 - INFO - [2018] MISSING_SYSTEMATIC: SR3Mu/JetRes_Down/NMinusOne/charge_abs1/pair_highM/mass in Skim_TriLep_ZZZ.root
2026-08-19 10:24:02,042 - INFO - [2018] MISSING_SYSTEMATIC: SR3Mu/MuonEn_Up/NMinusOne/charge_abs1/pair_highM/mass in Skim_TriLep_ZZZ.root
2026-08-19 10:24:02,042 - INFO - [2018] MISSING_SYSTEMATIC: SR3Mu/MuonEn_Down/NMinusOne/charge_abs1/pair_highM/mass in Skim_TriLep_ZZZ.root
2026-08-19 10:24:02,043 - INFO - [2018] MISSING_SYSTEMATIC: SR3Mu/ElectronEn_Up/NMinusOne/charge_abs1/pair_highM/mass in Skim_TriLep_ZZZ.root
2026-08-19 10:24:02,043 - INFO - [2018] MISSING_SYSTEMATIC: SR3Mu/ElectronEn_Down/NMinusOne/charge_abs1/pair_highM/mass in Skim_TriLep_ZZZ.root
2026-08-19 10:24:02,044 - INFO - [2018] MISSING_SYSTEMATIC: SR3Mu/ElectronRes_Up/NMinusOne/charge_abs1/pair_highM/mass in Skim_TriLep_ZZZ.root
2026-08-19 10:24:02,044 - INFO - [2018] MISSING_SYSTEMATIC: SR3Mu/ElectronRes_Down/NMinusOne/charge_abs1/pair_highM/mass in Skim_TriLep_ZZZ.root
2026-08-19 10:24:02,045 - INFO - [2018] MISSING_SYSTEMATIC: SR3Mu/UnclusteredEn_Up/NMinusOne/charge_abs1/pair_highM/mass in Skim_TriLep_ZZZ.root
2026-08-19 10:24:02,045 - INFO - [2018] MISSING_SYSTEMATIC: SR3Mu/UnclusteredEn_Down/NMinusOne/charge_abs1/pair_highM/mass in Skim_TriLep_ZZZ.root
2026-08-19 10:24:02,046 - INFO - [2018] MISSING_SYSTEMATIC: SR3Mu/BtagSF_HFcorr_Up/NMinusOne/charge_abs1/pair_highM/mass in Skim_TriLep_ZZZ.root
2026-08-19 10:24:02,046 - INFO - [2018] MISSING_SYSTEMATIC: SR3Mu/BtagSF_HFcorr_Down/NMinusOne/charge_abs1/pair_highM/mass in Skim_TriLep_ZZZ.root
2026-08-19 10:24:02,046 - INFO - [2018] MISSING_SYSTEMATIC: SR3Mu/BtagSF_HFuncorr_Up/NMinusOne/charge_abs1/pair_highM/mass in Skim_TriLep_ZZZ.root
2026-08-19 10:24:02,046 - INFO - [2018] MISSING_SYSTEMATIC: SR3Mu/BtagSF_HFuncorr_Down/NMinusOne/charge_abs1/pair_highM/mass in Skim_TriLep_ZZZ.root
2026-08-19 10:24:02,047 - INFO - [2018] MISSING_SYSTEMATIC: SR3Mu/BtagSF_LFcorr_Up/NMinusOne/charge_abs1/pair_highM/mass in Skim_TriLep_ZZZ.root
2026-08-19 10:24:02,047 - INFO - [2018] MISSING_SYSTEMATIC: SR3Mu/BtagSF_LFcorr_Down/NMinusOne/charge_abs1/pair_highM/mass in Skim_TriLep_ZZZ.root
2026-08-19 10:24:02,048 - INFO - [2018] MISSING_SYSTEMATIC: SR3Mu/BtagSF_LFuncorr_Up/NMinusOne/charge_abs1/pair_highM/mass in Skim_TriLep_ZZZ.root
2026-08-19 10:24:02,048 - INFO - [2018] MISSING_SYSTEMATIC: SR3Mu/BtagSF_LFuncorr_Down/NMinusOne/charge_abs1/pair_highM/mass in Skim_TriLep_ZZZ.root
2026-08-19 10:24:02,049 - INFO - [2018] MISSING_SYSTEMATIC: SR3Mu/L1Prefire_Up/NMinusOne/charge_abs1/pair_highM/mass in Skim_TriLep_TTTT.root
2026-08-19 10:24:02,049 - INFO - [2018] MISSING_SYSTEMATIC: SR3Mu/L1Prefire_Down/NMinusOne/charge_abs1/pair_highM/mass in Skim_TriLep_TTTT.root
2026-08-19 10:24:02,050 - INFO - [2018] MISSING_SYSTEMATIC: SR3Mu/PileupReweight_Up/NMinusOne/charge_abs1/pair_highM/mass in Skim_TriLep_TTTT.root
2026-08-19 10:24:02,050 - INFO - [2018] MISSING_SYSTEMATIC: SR3Mu/PileupReweight_Down/NMinusOne/charge_abs1/pair_highM/mass in Skim_TriLep_TTTT.root
2026-08-19 10:24:02,051 - INFO - [2018] MISSING_SYSTEMATIC: SR3Mu/PileupJetIDSF_Up/NMinusOne/charge_abs1/pair_highM/mass in Skim_TriLep_TTTT.root
2026-08-19 10:24:02,051 - INFO - [2018] MISSING_SYSTEMATIC: SR3Mu/PileupJetIDSF_Down/NMinusOne/charge_abs1/pair_highM/mass in Skim_TriLep_TTTT.root
2026-08-19 10:24:02,051 - INFO - [2018] MISSING_SYSTEMATIC: SR3Mu/MuonIDSF_Up/NMinusOne/charge_abs1/pair_highM/mass in Skim_TriLep_TTTT.root
2026-08-19 10:24:02,051 - INFO - [2018] MISSING_SYSTEMATIC: SR3Mu/MuonIDSF_Down/NMinusOne/charge_abs1/pair_highM/mass in Skim_TriLep_TTTT.root
2026-08-19 10:24:02,052 - INFO - [2018] MISSING_SYSTEMATIC: SR3Mu/DblMuTrigSF_Up/NMinusOne/charge_abs1/pair_highM/mass in Skim_TriLep_TTTT.root
2026-08-19 10:24:02,052 - INFO - [2018] MISSING_SYSTEMATIC: SR3Mu/DblMuTrigSF_Down/NMinusOne/charge_abs1/pair_highM/mass in Skim_TriLep_TTTT.root
2026-08-19 10:24:02,053 - INFO - [2018] MISSING_SYSTEMATIC: SR3Mu/JetEn_Up/NMinusOne/charge_abs1/pair_highM/mass in Skim_TriLep_TTTT.root
2026-08-19 10:24:02,053 - INFO - [2018] MISSING_SYSTEMATIC: SR3Mu/JetEn_Down/NMinusOne/charge_abs1/pair_highM/mass in Skim_TriLep_TTTT.root
2026-08-19 10:24:02,054 - INFO - [2018] MISSING_SYSTEMATIC: SR3Mu/JetRes_Up/NMinusOne/charge_abs1/pair_highM/mass in Skim_TriLep_TTTT.root
2026-08-19 10:24:02,054 - INFO - [2018] MISSING_SYSTEMATIC: SR3Mu/JetRes_Down/NMinusOne/charge_abs1/pair_highM/mass in Skim_TriLep_TTTT.root
2026-08-19 10:24:02,054 - INFO - [2018] MISSING_SYSTEMATIC: SR3Mu/MuonEn_Up/NMinusOne/charge_abs1/pair_highM/mass in Skim_TriLep_TTTT.root
2026-08-19 10:24:02,054 - INFO - [2018] MISSING_SYSTEMATIC: SR3Mu/MuonEn_Down/NMinusOne/charge_abs1/pair_highM/mass in Skim_TriLep_TTTT.root
2026-08-19 10:24:02,055 - INFO - [2018] MISSING_SYSTEMATIC: SR3Mu/ElectronEn_Up/NMinusOne/charge_abs1/pair_highM/mass in Skim_TriLep_TTTT.root
2026-08-19 10:24:02,055 - INFO - [2018] MISSING_SYSTEMATIC: SR3Mu/ElectronEn_Down/NMinusOne/charge_abs1/pair_highM/mass in Skim_TriLep_TTTT.root
2026-08-19 10:24:02,056 - INFO - [2018] MISSING_SYSTEMATIC: SR3Mu/ElectronRes_Up/NMinusOne/charge_abs1/pair_highM/mass in Skim_TriLep_TTTT.root
2026-08-19 10:24:02,056 - INFO - [2018] MISSING_SYSTEMATIC: SR3Mu/ElectronRes_Down/NMinusOne/charge_abs1/pair_highM/mass in Skim_TriLep_TTTT.root
2026-08-19 10:24:02,056 - INFO - [2018] MISSING_SYSTEMATIC: SR3Mu/UnclusteredEn_Up/NMinusOne/charge_abs1/pair_highM/mass in Skim_TriLep_TTTT.root
2026-08-19 10:24:02,056 - INFO - [2018] MISSING_SYSTEMATIC: SR3Mu/UnclusteredEn_Down/NMinusOne/charge_abs1/pair_highM/mass in Skim_TriLep_TTTT.root
2026-08-19 10:24:02,057 - INFO - [2018] MISSING_SYSTEMATIC: SR3Mu/BtagSF_HFcorr_Up/NMinusOne/charge_abs1/pair_highM/mass in Skim_TriLep_TTTT.root
2026-08-19 10:24:02,057 - INFO - [2018] MISSING_SYSTEMATIC: SR3Mu/BtagSF_HFcorr_Down/NMinusOne/charge_abs1/pair_highM/mass in Skim_TriLep_TTTT.root
2026-08-19 10:24:02,058 - INFO - [2018] MISSING_SYSTEMATIC: SR3Mu/BtagSF_HFuncorr_Up/NMinusOne/charge_abs1/pair_highM/mass in Skim_TriLep_TTTT.root
2026-08-19 10:24:02,058 - INFO - [2018] MISSING_SYSTEMATIC: SR3Mu/BtagSF_HFuncorr_Down/NMinusOne/charge_abs1/pair_highM/mass in Skim_TriLep_TTTT.root
2026-08-19 10:24:02,059 - INFO - [2018] MISSING_SYSTEMATIC: SR3Mu/BtagSF_LFcorr_Up/NMinusOne/charge_abs1/pair_highM/mass in Skim_TriLep_TTTT.root
2026-08-19 10:24:02,059 - INFO - [2018] MISSING_SYSTEMATIC: SR3Mu/BtagSF_LFcorr_Down/NMinusOne/charge_abs1/pair_highM/mass in Skim_TriLep_TTTT.root
2026-08-19 10:24:02,059 - INFO - [2018] MISSING_SYSTEMATIC: SR3Mu/BtagSF_LFuncorr_Up/NMinusOne/charge_abs1/pair_highM/mass in Skim_TriLep_TTTT.root
2026-08-19 10:24:02,059 - INFO - [2018] MISSING_SYSTEMATIC: SR3Mu/BtagSF_LFuncorr_Down/NMinusOne/charge_abs1/pair_highM/mass in Skim_TriLep_TTTT.root
2026-08-19 10:24:02,061 - INFO - [2018] MISSING_SYSTEMATIC: SR3Mu/L1Prefire_Up/NMinusOne/charge_abs1/pair_highM/mass in Skim_TriLep_VBFHToZZTo4L.root
2026-08-19 10:24:02,061 - INFO - [2018] MISSING_SYSTEMATIC: SR3Mu/L1Prefire_Down/NMinusOne/charge_abs1/pair_highM/mass in Skim_TriLep_VBFHToZZTo4L.root
2026-08-19 10:24:02,062 - INFO - [2018] MISSING_SYSTEMATIC: SR3Mu/PileupReweight_Up/NMinusOne/charge_abs1/pair_highM/mass in Skim_TriLep_VBFHToZZTo4L.root
2026-08-19 10:24:02,062 - INFO - [2018] MISSING_SYSTEMATIC: SR3Mu/PileupReweight_Down/NMinusOne/charge_abs1/pair_highM/mass in Skim_TriLep_VBFHToZZTo4L.root
2026-08-19 10:24:02,063 - INFO - [2018] MISSING_SYSTEMATIC: SR3Mu/PileupJetIDSF_Up/NMinusOne/charge_abs1/pair_highM/mass in Skim_TriLep_VBFHToZZTo4L.root
2026-08-19 10:24:02,063 - INFO - [2018] MISSING_SYSTEMATIC: SR3Mu/PileupJetIDSF_Down/NMinusOne/charge_abs1/pair_highM/mass in Skim_TriLep_VBFHToZZTo4L.root
2026-08-19 10:24:02,063 - INFO - [2018] MISSING_SYSTEMATIC: SR3Mu/MuonIDSF_Up/NMinusOne/charge_abs1/pair_highM/mass in Skim_TriLep_VBFHToZZTo4L.root
2026-08-19 10:24:02,063 - INFO - [2018] MISSING_SYSTEMATIC: SR3Mu/MuonIDSF_Down/NMinusOne/charge_abs1/pair_highM/mass in Skim_TriLep_VBFHToZZTo4L.root
2026-08-19 10:24:02,064 - INFO - [2018] MISSING_SYSTEMATIC: SR3Mu/DblMuTrigSF_Up/NMinusOne/charge_abs1/pair_highM/mass in Skim_TriLep_VBFHToZZTo4L.root
2026-08-19 10:24:02,064 - INFO - [2018] MISSING_SYSTEMATIC: SR3Mu/DblMuTrigSF_Down/NMinusOne/charge_abs1/pair_highM/mass in Skim_TriLep_VBFHToZZTo4L.root
2026-08-19 10:24:02,065 - INFO - [2018] MISSING_SYSTEMATIC: SR3Mu/JetEn_Up/NMinusOne/charge_abs1/pair_highM/mass in Skim_TriLep_VBFHToZZTo4L.root
2026-08-19 10:24:02,065 - INFO - [2018] MISSING_SYSTEMATIC: SR3Mu/JetEn_Down/NMinusOne/charge_abs1/pair_highM/mass in Skim_TriLep_VBFHToZZTo4L.root
2026-08-19 10:24:02,066 - INFO - [2018] MISSING_SYSTEMATIC: SR3Mu/JetRes_Up/NMinusOne/charge_abs1/pair_highM/mass in Skim_TriLep_VBFHToZZTo4L.root
2026-08-19 10:24:02,066 - INFO - [2018] MISSING_SYSTEMATIC: SR3Mu/JetRes_Down/NMinusOne/charge_abs1/pair_highM/mass in Skim_TriLep_VBFHToZZTo4L.root
2026-08-19 10:24:02,066 - INFO - [2018] MISSING_SYSTEMATIC: SR3Mu/MuonEn_Up/NMinusOne/charge_abs1/pair_highM/mass in Skim_TriLep_VBFHToZZTo4L.root
2026-08-19 10:24:02,066 - INFO - [2018] MISSING_SYSTEMATIC: SR3Mu/MuonEn_Down/NMinusOne/charge_abs1/pair_highM/mass in Skim_TriLep_VBFHToZZTo4L.root
2026-08-19 10:24:02,067 - INFO - [2018] MISSING_SYSTEMATIC: SR3Mu/ElectronEn_Up/NMinusOne/charge_abs1/pair_highM/mass in Skim_TriLep_VBFHToZZTo4L.root
2026-08-19 10:24:02,067 - INFO - [2018] MISSING_SYSTEMATIC: SR3Mu/ElectronEn_Down/NMinusOne/charge_abs1/pair_highM/mass in Skim_TriLep_VBFHToZZTo4L.root
2026-08-19 10:24:02,068 - INFO - [2018] MISSING_SYSTEMATIC: SR3Mu/ElectronRes_Up/NMinusOne/charge_abs1/pair_highM/mass in Skim_TriLep_VBFHToZZTo4L.root
2026-08-19 10:24:02,068 - INFO - [2018] MISSING_SYSTEMATIC: SR3Mu/ElectronRes_Down/NMinusOne/charge_abs1/pair_highM/mass in Skim_TriLep_VBFHToZZTo4L.root
2026-08-19 10:24:02,069 - INFO - [2018] MISSING_SYSTEMATIC: SR3Mu/UnclusteredEn_Up/NMinusOne/charge_abs1/pair_highM/mass in Skim_TriLep_VBFHToZZTo4L.root
2026-08-19 10:24:02,069 - INFO - [2018] MISSING_SYSTEMATIC: SR3Mu/UnclusteredEn_Down/NMinusOne/charge_abs1/pair_highM/mass in Skim_TriLep_VBFHToZZTo4L.root
2026-08-19 10:24:02,070 - INFO - [2018] MISSING_SYSTEMATIC: SR3Mu/BtagSF_HFcorr_Up/NMinusOne/charge_abs1/pair_highM/mass in Skim_TriLep_VBFHToZZTo4L.root
2026-08-19 10:24:02,070 - INFO - [2018] MISSING_SYSTEMATIC: SR3Mu/BtagSF_HFcorr_Down/NMinusOne/charge_abs1/pair_highM/mass in Skim_TriLep_VBFHToZZTo4L.root
2026-08-19 10:24:02,070 - INFO - [2018] MISSING_SYSTEMATIC: SR3Mu/BtagSF_HFuncorr_Up/NMinusOne/charge_abs1/pair_highM/mass in Skim_TriLep_VBFHToZZTo4L.root
2026-08-19 10:24:02,070 - INFO - [2018] MISSING_SYSTEMATIC: SR3Mu/BtagSF_HFuncorr_Down/NMinusOne/charge_abs1/pair_highM/mass in Skim_TriLep_VBFHToZZTo4L.root
2026-08-19 10:24:02,071 - INFO - [2018] MISSING_SYSTEMATIC: SR3Mu/BtagSF_LFcorr_Up/NMinusOne/charge_abs1/pair_highM/mass in Skim_TriLep_VBFHToZZTo4L.root
2026-08-19 10:24:02,071 - INFO - [2018] MISSING_SYSTEMATIC: SR3Mu/BtagSF_LFcorr_Down/NMinusOne/charge_abs1/pair_highM/mass in Skim_TriLep_VBFHToZZTo4L.root
2026-08-19 10:24:02,072 - INFO - [2018] MISSING_SYSTEMATIC: SR3Mu/BtagSF_LFuncorr_Up/NMinusOne/charge_abs1/pair_highM/mass in Skim_TriLep_VBFHToZZTo4L.root
2026-08-19 10:24:02,072 - INFO - [2018] MISSING_SYSTEMATIC: SR3Mu/BtagSF_LFuncorr_Down/NMinusOne/charge_abs1/pair_highM/mass in Skim_TriLep_VBFHToZZTo4L.root
2026-08-19 10:24:02,073 - INFO - [2018] MISSING_SYSTEMATIC: SR3Mu/L1Prefire_Up/NMinusOne/charge_abs1/pair_highM/mass in Skim_TriLep_ggHToZZTo4L.root
2026-08-19 10:24:02,073 - INFO - [2018] MISSING_SYSTEMATIC: SR3Mu/L1Prefire_Down/NMinusOne/charge_abs1/pair_highM/mass in Skim_TriLep_ggHToZZTo4L.root
2026-08-19 10:24:02,074 - INFO - [2018] MISSING_SYSTEMATIC: SR3Mu/PileupReweight_Up/NMinusOne/charge_abs1/pair_highM/mass in Skim_TriLep_ggHToZZTo4L.root
2026-08-19 10:24:02,074 - INFO - [2018] MISSING_SYSTEMATIC: SR3Mu/PileupReweight_Down/NMinusOne/charge_abs1/pair_highM/mass in Skim_TriLep_ggHToZZTo4L.root
2026-08-19 10:24:02,074 - INFO - [2018] MISSING_SYSTEMATIC: SR3Mu/PileupJetIDSF_Up/NMinusOne/charge_abs1/pair_highM/mass in Skim_TriLep_ggHToZZTo4L.root
2026-08-19 10:24:02,074 - INFO - [2018] MISSING_SYSTEMATIC: SR3Mu/PileupJetIDSF_Down/NMinusOne/charge_abs1/pair_highM/mass in Skim_TriLep_ggHToZZTo4L.root
2026-08-19 10:24:02,075 - INFO - [2018] MISSING_SYSTEMATIC: SR3Mu/MuonIDSF_Up/NMinusOne/charge_abs1/pair_highM/mass in Skim_TriLep_ggHToZZTo4L.root
2026-08-19 10:24:02,075 - INFO - [2018] MISSING_SYSTEMATIC: SR3Mu/MuonIDSF_Down/NMinusOne/charge_abs1/pair_highM/mass in Skim_TriLep_ggHToZZTo4L.root
2026-08-19 10:24:02,076 - INFO - [2018] MISSING_SYSTEMATIC: SR3Mu/DblMuTrigSF_Up/NMinusOne/charge_abs1/pair_highM/mass in Skim_TriLep_ggHToZZTo4L.root
2026-08-19 10:24:02,076 - INFO - [2018] MISSING_SYSTEMATIC: SR3Mu/DblMuTrigSF_Down/NMinusOne/charge_abs1/pair_highM/mass in Skim_TriLep_ggHToZZTo4L.root
2026-08-19 10:24:02,076 - INFO - [2018] MISSING_SYSTEMATIC: SR3Mu/JetEn_Up/NMinusOne/charge_abs1/pair_highM/mass in Skim_TriLep_ggHToZZTo4L.root
2026-08-19 10:24:02,076 - INFO - [2018] MISSING_SYSTEMATIC: SR3Mu/JetEn_Down/NMinusOne/charge_abs1/pair_highM/mass in Skim_TriLep_ggHToZZTo4L.root
2026-08-19 10:24:02,077 - INFO - [2018] MISSING_SYSTEMATIC: SR3Mu/JetRes_Up/NMinusOne/charge_abs1/pair_highM/mass in Skim_TriLep_ggHToZZTo4L.root
2026-08-19 10:24:02,077 - INFO - [2018] MISSING_SYSTEMATIC: SR3Mu/JetRes_Down/NMinusOne/charge_abs1/pair_highM/mass in Skim_TriLep_ggHToZZTo4L.root
2026-08-19 10:24:02,078 - INFO - [2018] MISSING_SYSTEMATIC: SR3Mu/MuonEn_Up/NMinusOne/charge_abs1/pair_highM/mass in Skim_TriLep_ggHToZZTo4L.root
2026-08-19 10:24:02,078 - INFO - [2018] MISSING_SYSTEMATIC: SR3Mu/MuonEn_Down/NMinusOne/charge_abs1/pair_highM/mass in Skim_TriLep_ggHToZZTo4L.root
2026-08-19 10:24:02,078 - INFO - [2018] MISSING_SYSTEMATIC: SR3Mu/ElectronEn_Up/NMinusOne/charge_abs1/pair_highM/mass in Skim_TriLep_ggHToZZTo4L.root
2026-08-19 10:24:02,078 - INFO - [2018] MISSING_SYSTEMATIC: SR3Mu/ElectronEn_Down/NMinusOne/charge_abs1/pair_highM/mass in Skim_TriLep_ggHToZZTo4L.root
2026-08-19 10:24:02,079 - INFO - [2018] MISSING_SYSTEMATIC: SR3Mu/ElectronRes_Up/NMinusOne/charge_abs1/pair_highM/mass in Skim_TriLep_ggHToZZTo4L.root
2026-08-19 10:24:02,079 - INFO - [2018] MISSING_SYSTEMATIC: SR3Mu/ElectronRes_Down/NMinusOne/charge_abs1/pair_highM/mass in Skim_TriLep_ggHToZZTo4L.root
2026-08-19 10:24:02,080 - INFO - [2018] MISSING_SYSTEMATIC: SR3Mu/UnclusteredEn_Up/NMinusOne/charge_abs1/pair_highM/mass in Skim_TriLep_ggHToZZTo4L.root
2026-08-19 10:24:02,080 - INFO - [2018] MISSING_SYSTEMATIC: SR3Mu/UnclusteredEn_Down/NMinusOne/charge_abs1/pair_highM/mass in Skim_TriLep_ggHToZZTo4L.root
2026-08-19 10:24:02,080 - INFO - [2018] MISSING_SYSTEMATIC: SR3Mu/BtagSF_HFcorr_Up/NMinusOne/charge_abs1/pair_highM/mass in Skim_TriLep_ggHToZZTo4L.root
2026-08-19 10:24:02,080 - INFO - [2018] MISSING_SYSTEMATIC: SR3Mu/BtagSF_HFcorr_Down/NMinusOne/charge_abs1/pair_highM/mass in Skim_TriLep_ggHToZZTo4L.root
2026-08-19 10:24:02,081 - INFO - [2018] MISSING_SYSTEMATIC: SR3Mu/BtagSF_HFuncorr_Up/NMinusOne/charge_abs1/pair_highM/mass in Skim_TriLep_ggHToZZTo4L.root
2026-08-19 10:24:02,081 - INFO - [2018] MISSING_SYSTEMATIC: SR3Mu/BtagSF_HFuncorr_Down/NMinusOne/charge_abs1/pair_highM/mass in Skim_TriLep_ggHToZZTo4L.root
2026-08-19 10:24:02,081 - INFO - [2018] MISSING_SYSTEMATIC: SR3Mu/BtagSF_LFcorr_Up/NMinusOne/charge_abs1/pair_highM/mass in Skim_TriLep_ggHToZZTo4L.root
2026-08-19 10:24:02,082 - INFO - [2018] MISSING_SYSTEMATIC: SR3Mu/BtagSF_LFcorr_Down/NMinusOne/charge_abs1/pair_highM/mass in Skim_TriLep_ggHToZZTo4L.root
2026-08-19 10:24:02,082 - INFO - [2018] MISSING_SYSTEMATIC: SR3Mu/BtagSF_LFuncorr_Up/NMinusOne/charge_abs1/pair_highM/mass in Skim_TriLep_ggHToZZTo4L.root
2026-08-19 10:24:02,082 - INFO - [2018] MISSING_SYSTEMATIC: SR3Mu/BtagSF_LFuncorr_Down/NMinusOne/charge_abs1/pair_highM/mass in Skim_TriLep_ggHToZZTo4L.root
2026-08-19 12:39:15,548 - INFO - [2018] MISSING_SYSTEMATIC: SR3Mu/L1Prefire_Up/NMinusOne/charge_abs1/pair_highM/mass in Skim_TriLep_DYJets.root
2026-08-19 12:39:15,548 - INFO - [2018] MISSING_SYSTEMATIC: SR3Mu/L1Prefire_Down/NMinusOne/charge_abs1/pair_highM/mass in Skim_TriLep_DYJets.root
2026-08-19 12:39:15,549 - INFO - [2018] MISSING_SYSTEMATIC: SR3Mu/PileupReweight_Up/NMinusOne/charge_abs1/pair_highM/mass in Skim_TriLep_DYJets.root
2026-08-19 12:39:15,549 - INFO - [2018] MISSING_SYSTEMATIC: SR3Mu/PileupReweight_Down/NMinusOne/charge_abs1/pair_highM/mass in Skim_TriLep_DYJets.root
2026-08-19 12:39:15,550 - INFO - [2018] MISSING_SYSTEMATIC: SR3Mu/PileupJetIDSF_Up/NMinusOne/charge_abs1/pair_highM/mass in Skim_TriLep_DYJets.root
2026-08-19 12:39:15,550 - INFO - [2018] MISSING_SYSTEMATIC: SR3Mu/PileupJetIDSF_Down/NMinusOne/charge_abs1/pair_highM/mass in Skim_TriLep_DYJets.root
2026-08-19 12:39:15,551 - INFO - [2018] MISSING_SYSTEMATIC: SR3Mu/MuonIDSF_Up/NMinusOne/charge_abs1/pair_highM/mass in Skim_TriLep_DYJets.root
2026-08-19 12:39:15,551 - INFO - [2018] MISSING_SYSTEMATIC: SR3Mu/MuonIDSF_Down/NMinusOne/charge_abs1/pair_highM/mass in Skim_TriLep_DYJets.root
2026-08-19 12:39:15,551 - INFO - [2018] MISSING_SYSTEMATIC: SR3Mu/DblMuTrigSF_Up/NMinusOne/charge_abs1/pair_highM/mass in Skim_TriLep_DYJets.root
2026-08-19 12:39:15,551 - INFO - [2018] MISSING_SYSTEMATIC: SR3Mu/DblMuTrigSF_Down/NMinusOne/charge_abs1/pair_highM/mass in Skim_TriLep_DYJets.root
2026-08-19 12:39:15,552 - INFO - [2018] MISSING_SYSTEMATIC: SR3Mu/JetEn_Up/NMinusOne/charge_abs1/pair_highM/mass in Skim_TriLep_DYJets.root
2026-08-19 12:39:15,552 - INFO - [2018] MISSING_SYSTEMATIC: SR3Mu/JetEn_Down/NMinusOne/charge_abs1/pair_highM/mass in Skim_TriLep_DYJets.root
2026-08-19 12:39:15,553 - INFO - [2018] MISSING_SYSTEMATIC: SR3Mu/JetRes_Up/NMinusOne/charge_abs1/pair_highM/mass in Skim_TriLep_DYJets.root
2026-08-19 12:39:15,553 - INFO - [2018] MISSING_SYSTEMATIC: SR3Mu/JetRes_Down/NMinusOne/charge_abs1/pair_highM/mass in Skim_TriLep_DYJets.root
2026-08-19 12:39:15,554 - INFO - [2018] MISSING_SYSTEMATIC: SR3Mu/MuonEn_Up/NMinusOne/charge_abs1/pair_highM/mass in Skim_TriLep_DYJets.root
2026-08-19 12:39:15,554 - INFO - [2018] MISSING_SYSTEMATIC: SR3Mu/MuonEn_Down/NMinusOne/charge_abs1/pair_highM/mass in Skim_TriLep_DYJets.root
2026-08-19 12:39:15,554 - INFO - [2018] MISSING_SYSTEMATIC: SR3Mu/ElectronEn_Up/NMinusOne/charge_abs1/pair_highM/mass in Skim_TriLep_DYJets.root
2026-08-19 12:39:15,554 - INFO - [2018] MISSING_SYSTEMATIC: SR3Mu/ElectronEn_Down/NMinusOne/charge_abs1/pair_highM/mass in Skim_TriLep_DYJets.root
2026-08-19 12:39:15,555 - INFO - [2018] MISSING_SYSTEMATIC: SR3Mu/ElectronRes_Up/NMinusOne/charge_abs1/pair_highM/mass in Skim_TriLep_DYJets.root
2026-08-19 12:39:15,555 - INFO - [2018] MISSING_SYSTEMATIC: SR3Mu/ElectronRes_Down/NMinusOne/charge_abs1/pair_highM/mass in Skim_TriLep_DYJets.root
2026-08-19 12:39:15,556 - INFO - [2018] MISSING_SYSTEMATIC: SR3Mu/UnclusteredEn_Up/NMinusOne/charge_abs1/pair_highM/mass in Skim_TriLep_DYJets.root
2026-08-19 12:39:15,556 - INFO - [2018] MISSING_SYSTEMATIC: SR3Mu/UnclusteredEn_Down/NMinusOne/charge_abs1/pair_highM/mass in Skim_TriLep_DYJets.root
2026-08-19 12:39:15,557 - INFO - [2018] MISSING_SYSTEMATIC: SR3Mu/BtagSF_HFcorr_Up/NMinusOne/charge_abs1/pair_highM/mass in Skim_TriLep_DYJets.root
2026-08-19 12:39:15,557 - INFO - [2018] MISSING_SYSTEMATIC: SR3Mu/BtagSF_HFcorr_Down/NMinusOne/charge_abs1/pair_highM/mass in Skim_TriLep_DYJets.root
2026-08-19 12:39:15,557 - INFO - [2018] MISSING_SYSTEMATIC: SR3Mu/BtagSF_HFuncorr_Up/NMinusOne/charge_abs1/pair_highM/mass in Skim_TriLep_DYJets.root
2026-08-19 12:39:15,557 - INFO - [2018] MISSING_SYSTEMATIC: SR3Mu/BtagSF_HFuncorr_Down/NMinusOne/charge_abs1/pair_highM/mass in Skim_TriLep_DYJets.root
2026-08-19 12:39:15,558 - INFO - [2018] MISSING_SYSTEMATIC: SR3Mu/BtagSF_LFcorr_Up/NMinusOne/charge_abs1/pair_highM/mass in Skim_TriLep_DYJets.root
2026-08-19 12:39:15,558 - INFO - [2018] MISSING_SYSTEMATIC: SR3Mu/BtagSF_LFcorr_Down/NMinusOne/charge_abs1/pair_highM/mass in Skim_TriLep_DYJets.root
2026-08-19 12:39:15,559 - INFO - [2018] MISSING_SYSTEMATIC: SR3Mu/BtagSF_LFuncorr_Up/NMinusOne/charge_abs1/pair_highM/mass in Skim_TriLep_DYJets.root
2026-08-19 12:39:15,559 - INFO - [2018] MISSING_SYSTEMATIC: SR3Mu/BtagSF_LFuncorr_Down/NMinusOne/charge_abs1/pair_highM/mass in Skim_TriLep_DYJets.root
2026-08-19 12:39:15,559 - INFO - [2018] MISSING_CENTRAL: SR3Mu/Central/NMinusOne/charge_abs1/pair_highM/mass in Skim_TriLep_DYJets10to50.root
2026-08-19 12:39:15,560 - INFO - [2018] MISSING_SYSTEMATIC: SR3Mu/L1Prefire_Up/NMinusOne/charge_abs1/pair_highM/mass in Skim_TriLep_TTG.root
2026-08-19 12:39:15,560 - INFO - [2018] MISSING_SYSTEMATIC: SR3Mu/L1Prefire_Down/NMinusOne/charge_abs1/pair_highM/mass in Skim_TriLep_TTG.root
2026-08-19 12:39:15,561 - INFO - [2018] MISSING_SYSTEMATIC: SR3Mu/PileupReweight_Up/NMinusOne/charge_abs1/pair_highM/mass in Skim_TriLep_TTG.root
2026-08-19 12:39:15,561 - INFO - [2018] MISSING_SYSTEMATIC: SR3Mu/PileupReweight_Down/NMinusOne/charge_abs1/pair_highM/mass in Skim_TriLep_TTG.root
2026-08-19 12:39:15,561 - INFO - [2018] MISSING_SYSTEMATIC: SR3Mu/PileupJetIDSF_Up/NMinusOne/charge_abs1/pair_highM/mass in Skim_TriLep_TTG.root
2026-08-19 12:39:15,561 - INFO - [2018] MISSING_SYSTEMATIC: SR3Mu/PileupJetIDSF_Down/NMinusOne/charge_abs1/pair_highM/mass in Skim_TriLep_TTG.root
2026-08-19 12:39:15,562 - INFO - [2018] MISSING_SYSTEMATIC: SR3Mu/MuonIDSF_Up/NMinusOne/charge_abs1/pair_highM/mass in Skim_TriLep_TTG.root
2026-08-19 12:39:15,562 - INFO - [2018] MISSING_SYSTEMATIC: SR3Mu/MuonIDSF_Down/NMinusOne/charge_abs1/pair_highM/mass in Skim_TriLep_TTG.root
2026-08-19 12:39:15,563 - INFO - [2018] MISSING_SYSTEMATIC: SR3Mu/DblMuTrigSF_Up/NMinusOne/charge_abs1/pair_highM/mass in Skim_TriLep_TTG.root
2026-08-19 12:39:15,563 - INFO - [2018] MISSING_SYSTEMATIC: SR3Mu/DblMuTrigSF_Down/NMinusOne/charge_abs1/pair_highM/mass in Skim_TriLep_TTG.root
2026-08-19 12:39:15,563 - INFO - [2018] MISSING_SYSTEMATIC: SR3Mu/JetEn_Up/NMinusOne/charge_abs1/pair_highM/mass in Skim_TriLep_TTG.root
2026-08-19 12:39:15,563 - INFO - [2018] MISSING_SYSTEMATIC: SR3Mu/JetEn_Down/NMinusOne/charge_abs1/pair_highM/mass in Skim_TriLep_TTG.root
2026-08-19 12:39:15,564 - INFO - [2018] MISSING_SYSTEMATIC: SR3Mu/JetRes_Up/NMinusOne/charge_abs1/pair_highM/mass in Skim_TriLep_TTG.root
2026-08-19 12:39:15,564 - INFO - [2018] MISSING_SYSTEMATIC: SR3Mu/JetRes_Down/NMinusOne/charge_abs1/pair_highM/mass in Skim_TriLep_TTG.root
2026-08-19 12:39:15,564 - INFO - [2018] MISSING_SYSTEMATIC: SR3Mu/MuonEn_Up/NMinusOne/charge_abs1/pair_highM/mass in Skim_TriLep_TTG.root
2026-08-19 12:39:15,564 - INFO - [2018] MISSING_SYSTEMATIC: SR3Mu/MuonEn_Down/NMinusOne/charge_abs1/pair_highM/mass in Skim_TriLep_TTG.root
2026-08-19 12:39:15,565 - INFO - [2018] MISSING_SYSTEMATIC: SR3Mu/ElectronEn_Up/NMinusOne/charge_abs1/pair_highM/mass in Skim_TriLep_TTG.root
2026-08-19 12:39:15,565 - INFO - [2018] MISSING_SYSTEMATIC: SR3Mu/ElectronEn_Down/NMinusOne/charge_abs1/pair_highM/mass in Skim_TriLep_TTG.root
2026-08-19 12:39:15,566 - INFO - [2018] MISSING_SYSTEMATIC: SR3Mu/ElectronRes_Up/NMinusOne/charge_abs1/pair_highM/mass in Skim_TriLep_TTG.root
2026-08-19 12:39:15,566 - INFO - [2018] MISSING_SYSTEMATIC: SR3Mu/ElectronRes_Down/NMinusOne/charge_abs1/pair_highM/mass in Skim_TriLep_TTG.root
2026-08-19 12:39:15,566 - INFO - [2018] MISSING_SYSTEMATIC: SR3Mu/UnclusteredEn_Up/NMinusOne/charge_abs1/pair_highM/mass in Skim_TriLep_TTG.root
2026-08-19 12:39:15,566 - INFO - [2018] MISSING_SYSTEMATIC: SR3Mu/UnclusteredEn_Down/NMinusOne/charge_abs1/pair_highM/mass in Skim_TriLep_TTG.root
2026-08-19 12:39:15,567 - INFO - [2018] MISSING_SYSTEMATIC: SR3Mu/BtagSF_HFcorr_Up/NMinusOne/charge_abs1/pair_highM/mass in Skim_TriLep_TTG.root
2026-08-19 12:39:15,567 - INFO - [2018] MISSING_SYSTEMATIC: SR3Mu/BtagSF_HFcorr_Down/NMinusOne/charge_abs1/pair_highM/mass in Skim_TriLep_TTG.root
2026-08-19 12:39:15,568 - INFO - [2018] MISSING_SYSTEMATIC: SR3Mu/BtagSF_HFuncorr_Up/NMinusOne/charge_abs1/pair_highM/mass in Skim_TriLep_TTG.root
2026-08-19 12:39:15,568 - INFO - [2018] MISSING_SYSTEMATIC: SR3Mu/BtagSF_HFuncorr_Down/NMinusOne/charge_abs1/pair_highM/mass in Skim_TriLep_TTG.root
2026-08-19 12:39:15,569 - INFO - [2018] MISSING_SYSTEMATIC: SR3Mu/BtagSF_LFcorr_Up/NMinusOne/charge_abs1/pair_highM/mass in Skim_TriLep_TTG.root
2026-08-19 12:39:15,569 - INFO - [2018] MISSING_SYSTEMATIC: SR3Mu/BtagSF_LFcorr_Down/NMinusOne/charge_abs1/pair_highM/mass in Skim_TriLep_TTG.root
2026-08-19 12:39:15,569 - INFO - [2018] MISSING_SYSTEMATIC: SR3Mu/BtagSF_LFuncorr_Up/NMinusOne/charge_abs1/pair_highM/mass in Skim_TriLep_TTG.root
2026-08-19 12:39:15,569 - INFO - [2018] MISSING_SYSTEMATIC: SR3Mu/BtagSF_LFuncorr_Down/NMinusOne/charge_abs1/pair_highM/mass in Skim_TriLep_TTG.root
2026-08-19 12:39:15,571 - INFO - [2018] MISSING_SYSTEMATIC: SR3Mu/L1Prefire_Up/NMinusOne/charge_abs1/pair_highM/mass in Skim_TriLep_WWG.root
2026-08-19 12:39:15,571 - INFO - [2018] MISSING_SYSTEMATIC: SR3Mu/L1Prefire_Down/NMinusOne/charge_abs1/pair_highM/mass in Skim_TriLep_WWG.root
2026-08-19 12:39:15,571 - INFO - [2018] MISSING_SYSTEMATIC: SR3Mu/PileupReweight_Up/NMinusOne/charge_abs1/pair_highM/mass in Skim_TriLep_WWG.root
2026-08-19 12:39:15,571 - INFO - [2018] MISSING_SYSTEMATIC: SR3Mu/PileupReweight_Down/NMinusOne/charge_abs1/pair_highM/mass in Skim_TriLep_WWG.root
2026-08-19 12:39:15,572 - INFO - [2018] MISSING_SYSTEMATIC: SR3Mu/PileupJetIDSF_Up/NMinusOne/charge_abs1/pair_highM/mass in Skim_TriLep_WWG.root
2026-08-19 12:39:15,572 - INFO - [2018] MISSING_SYSTEMATIC: SR3Mu/PileupJetIDSF_Down/NMinusOne/charge_abs1/pair_highM/mass in Skim_TriLep_WWG.root
2026-08-19 12:39:15,573 - INFO - [2018] MISSING_SYSTEMATIC: SR3Mu/MuonIDSF_Up/NMinusOne/charge_abs1/pair_highM/mass in Skim_TriLep_WWG.root
2026-08-19 12:39:15,573 - INFO - [2018] MISSING_SYSTEMATIC: SR3Mu/MuonIDSF_Down/NMinusOne/charge_abs1/pair_highM/mass in Skim_TriLep_WWG.root
2026-08-19 12:39:15,573 - INFO - [2018] MISSING_SYSTEMATIC: SR3Mu/DblMuTrigSF_Up/NMinusOne/charge_abs1/pair_highM/mass in Skim_TriLep_WWG.root
2026-08-19 12:39:15,573 - INFO - [2018] MISSING_SYSTEMATIC: SR3Mu/DblMuTrigSF_Down/NMinusOne/charge_abs1/pair_highM/mass in Skim_TriLep_WWG.root
2026-08-19 12:39:15,574 - INFO - [2018] MISSING_SYSTEMATIC: SR3Mu/JetEn_Up/NMinusOne/charge_abs1/pair_highM/mass in Skim_TriLep_WWG.root
2026-08-19 12:39:15,574 - INFO - [2018] MISSING_SYSTEMATIC: SR3Mu/JetEn_Down/NMinusOne/charge_abs1/pair_highM/mass in Skim_TriLep_WWG.root
2026-08-19 12:39:15,575 - INFO - [2018] MISSING_SYSTEMATIC: SR3Mu/JetRes_Up/NMinusOne/charge_abs1/pair_highM/mass in Skim_TriLep_WWG.root
2026-08-19 12:39:15,575 - INFO - [2018] MISSING_SYSTEMATIC: SR3Mu/JetRes_Down/NMinusOne/charge_abs1/pair_highM/mass in Skim_TriLep_WWG.root
2026-08-19 12:39:15,575 - INFO - [2018] MISSING_SYSTEMATIC: SR3Mu/MuonEn_Up/NMinusOne/charge_abs1/pair_highM/mass in Skim_TriLep_WWG.root
2026-08-19 12:39:15,575 - INFO - [2018] MISSING_SYSTEMATIC: SR3Mu/MuonEn_Down/NMinusOne/charge_abs1/pair_highM/mass in Skim_TriLep_WWG.root
2026-08-19 12:39:15,576 - INFO - [2018] MISSING_SYSTEMATIC: SR3Mu/ElectronEn_Up/NMinusOne/charge_abs1/pair_highM/mass in Skim_TriLep_WWG.root
2026-08-19 12:39:15,576 - INFO - [2018] MISSING_SYSTEMATIC: SR3Mu/ElectronEn_Down/NMinusOne/charge_abs1/pair_highM/mass in Skim_TriLep_WWG.root
2026-08-19 12:39:15,577 - INFO - [2018] MISSING_SYSTEMATIC: SR3Mu/ElectronRes_Up/NMinusOne/charge_abs1/pair_highM/mass in Skim_TriLep_WWG.root
2026-08-19 12:39:15,577 - INFO - [2018] MISSING_SYSTEMATIC: SR3Mu/ElectronRes_Down/NMinusOne/charge_abs1/pair_highM/mass in Skim_TriLep_WWG.root
2026-08-19 12:39:15,577 - INFO - [2018] MISSING_SYSTEMATIC: SR3Mu/UnclusteredEn_Up/NMinusOne/charge_abs1/pair_highM/mass in Skim_TriLep_WWG.root
2026-08-19 12:39:15,577 - INFO - [2018] MISSING_SYSTEMATIC: SR3Mu/UnclusteredEn_Down/NMinusOne/charge_abs1/pair_highM/mass in Skim_TriLep_WWG.root
2026-08-19 12:39:15,578 - INFO - [2018] MISSING_SYSTEMATIC: SR3Mu/BtagSF_HFcorr_Up/NMinusOne/charge_abs1/pair_highM/mass in Skim_TriLep_WWG.root
2026-08-19 12:39:15,578 - INFO - [2018] MISSING_SYSTEMATIC: SR3Mu/BtagSF_HFcorr_Down/NMinusOne/charge_abs1/pair_highM/mass in Skim_TriLep_WWG.root
2026-08-19 12:39:15,579 - INFO - [2018] MISSING_SYSTEMATIC: SR3Mu/BtagSF_HFuncorr_Up/NMinusOne/charge_abs1/pair_highM/mass in Skim_TriLep_WWG.root
2026-08-19 12:39:15,579 - INFO - [2018] MISSING_SYSTEMATIC: SR3Mu/BtagSF_HFuncorr_Down/NMinusOne/charge_abs1/pair_highM/mass in Skim_TriLep_WWG.root
2026-08-19 12:39:15,579 - INFO - [2018] MISSING_SYSTEMATIC: SR3Mu/BtagSF_LFcorr_Up/NMinusOne/charge_abs1/pair_highM/mass in Skim_TriLep_WWG.root
2026-08-19 12:39:15,579 - INFO - [2018] MISSING_SYSTEMATIC: SR3Mu/BtagSF_LFcorr_Down/NMinusOne/charge_abs1/pair_highM/mass in Skim_TriLep_WWG.root
2026-08-19 12:39:15,580 - INFO - [2018] MISSING_SYSTEMATIC: SR3Mu/BtagSF_LFuncorr_Up/NMinusOne/charge_abs1/pair_highM/mass in Skim_TriLep_WWG.root
2026-08-19 12:39:15,580 - INFO - [2018] MISSING_SYSTEMATIC: SR3Mu/BtagSF_LFuncorr_Down/NMinusOne/charge_abs1/pair_highM/mass in Skim_TriLep_WWG.root
2026-08-19 12:39:15,581 - INFO - [2018] MISSING_SYSTEMATIC: SR3Mu/L1Prefire_Up/NMinusOne/charge_abs1/pair_highM/mass in Skim_TriLep_TTWToLNu.root
2026-08-19 12:39:15,581 - INFO - [2018] MISSING_SYSTEMATIC: SR3Mu/L1Prefire_Down/NMinusOne/charge_abs1/pair_highM/mass in Skim_TriLep_TTWToLNu.root
2026-08-19 12:39:15,582 - INFO - [2018] MISSING_SYSTEMATIC: SR3Mu/PileupReweight_Up/NMinusOne/charge_abs1/pair_highM/mass in Skim_TriLep_TTWToLNu.root
2026-08-19 12:39:15,582 - INFO - [2018] MISSING_SYSTEMATIC: SR3Mu/PileupReweight_Down/NMinusOne/charge_abs1/pair_highM/mass in Skim_TriLep_TTWToLNu.root
2026-08-19 12:39:15,583 - INFO - [2018] MISSING_SYSTEMATIC: SR3Mu/PileupJetIDSF_Up/NMinusOne/charge_abs1/pair_highM/mass in Skim_TriLep_TTWToLNu.root
2026-08-19 12:39:15,583 - INFO - [2018] MISSING_SYSTEMATIC: SR3Mu/PileupJetIDSF_Down/NMinusOne/charge_abs1/pair_highM/mass in Skim_TriLep_TTWToLNu.root
2026-08-19 12:39:15,583 - INFO - [2018] MISSING_SYSTEMATIC: SR3Mu/MuonIDSF_Up/NMinusOne/charge_abs1/pair_highM/mass in Skim_TriLep_TTWToLNu.root
2026-08-19 12:39:15,583 - INFO - [2018] MISSING_SYSTEMATIC: SR3Mu/MuonIDSF_Down/NMinusOne/charge_abs1/pair_highM/mass in Skim_TriLep_TTWToLNu.root
2026-08-19 12:39:15,584 - INFO - [2018] MISSING_SYSTEMATIC: SR3Mu/DblMuTrigSF_Up/NMinusOne/charge_abs1/pair_highM/mass in Skim_TriLep_TTWToLNu.root
2026-08-19 12:39:15,584 - INFO - [2018] MISSING_SYSTEMATIC: SR3Mu/DblMuTrigSF_Down/NMinusOne/charge_abs1/pair_highM/mass in Skim_TriLep_TTWToLNu.root
2026-08-19 12:39:15,585 - INFO - [2018] MISSING_SYSTEMATIC: SR3Mu/JetEn_Up/NMinusOne/charge_abs1/pair_highM/mass in Skim_TriLep_TTWToLNu.root
2026-08-19 12:39:15,585 - INFO - [2018] MISSING_SYSTEMATIC: SR3Mu/JetEn_Down/NMinusOne/charge_abs1/pair_highM/mass in Skim_TriLep_TTWToLNu.root
2026-08-19 12:39:15,586 - INFO - [2018] MISSING_SYSTEMATIC: SR3Mu/JetRes_Up/NMinusOne/charge_abs1/pair_highM/mass in Skim_TriLep_TTWToLNu.root
2026-08-19 12:39:15,586 - INFO - [2018] MISSING_SYSTEMATIC: SR3Mu/JetRes_Down/NMinusOne/charge_abs1/pair_highM/mass in Skim_TriLep_TTWToLNu.root
2026-08-19 12:39:15,586 - INFO - [2018] MISSING_SYSTEMATIC: SR3Mu/MuonEn_Up/NMinusOne/charge_abs1/pair_highM/mass in Skim_TriLep_TTWToLNu.root
2026-08-19 12:39:15,586 - INFO - [2018] MISSING_SYSTEMATIC: SR3Mu/MuonEn_Down/NMinusOne/charge_abs1/pair_highM/mass in Skim_TriLep_TTWToLNu.root
2026-08-19 12:39:15,587 - INFO - [2018] MISSING_SYSTEMATIC: SR3Mu/ElectronEn_Up/NMinusOne/charge_abs1/pair_highM/mass in Skim_TriLep_TTWToLNu.root
2026-08-19 12:39:15,587 - INFO - [2018] MISSING_SYSTEMATIC: SR3Mu/ElectronEn_Down/NMinusOne/charge_abs1/pair_highM/mass in Skim_TriLep_TTWToLNu.root
2026-08-19 12:39:15,587 - INFO - [2018] MISSING_SYSTEMATIC: SR3Mu/ElectronRes_Up/NMinusOne/charge_abs1/pair_highM/mass in Skim_TriLep_TTWToLNu.root
2026-08-19 12:39:15,588 - INFO - [2018] MISSING_SYSTEMATIC: SR3Mu/ElectronRes_Down/NMinusOne/charge_abs1/pair_highM/mass in Skim_TriLep_TTWToLNu.root
2026-08-19 12:39:15,588 - INFO - [2018] MISSING_SYSTEMATIC: SR3Mu/UnclusteredEn_Up/NMinusOne/charge_abs1/pair_highM/mass in Skim_TriLep_TTWToLNu.root
2026-08-19 12:39:15,589 - INFO - [2018] MISSING_SYSTEMATIC: SR3Mu/UnclusteredEn_Down/NMinusOne/charge_abs1/pair_highM/mass in Skim_TriLep_TTWToLNu.root
2026-08-19 12:39:15,589 - INFO - [2018] MISSING_SYSTEMATIC: SR3Mu/BtagSF_HFcorr_Up/NMinusOne/charge_abs1/pair_highM/mass in Skim_TriLep_TTWToLNu.root
2026-08-19 12:39:15,589 - INFO - [2018] MISSING_SYSTEMATIC: SR3Mu/BtagSF_HFcorr_Down/NMinusOne/charge_abs1/pair_highM/mass in Skim_TriLep_TTWToLNu.root
2026-08-19 12:39:15,590 - INFO - [2018] MISSING_SYSTEMATIC: SR3Mu/BtagSF_HFuncorr_Up/NMinusOne/charge_abs1/pair_highM/mass in Skim_TriLep_TTWToLNu.root
2026-08-19 12:39:15,590 - INFO - [2018] MISSING_SYSTEMATIC: SR3Mu/BtagSF_HFuncorr_Down/NMinusOne/charge_abs1/pair_highM/mass in Skim_TriLep_TTWToLNu.root
2026-08-19 12:39:15,591 - INFO - [2018] MISSING_SYSTEMATIC: SR3Mu/BtagSF_LFcorr_Up/NMinusOne/charge_abs1/pair_highM/mass in Skim_TriLep_TTWToLNu.root
2026-08-19 12:39:15,591 - INFO - [2018] MISSING_SYSTEMATIC: SR3Mu/BtagSF_LFcorr_Down/NMinusOne/charge_abs1/pair_highM/mass in Skim_TriLep_TTWToLNu.root
2026-08-19 12:39:15,591 - INFO - [2018] MISSING_SYSTEMATIC: SR3Mu/BtagSF_LFuncorr_Up/NMinusOne/charge_abs1/pair_highM/mass in Skim_TriLep_TTWToLNu.root
2026-08-19 12:39:15,591 - INFO - [2018] MISSING_SYSTEMATIC: SR3Mu/BtagSF_LFuncorr_Down/NMinusOne/charge_abs1/pair_highM/mass in Skim_TriLep_TTWToLNu.root
2026-08-19 12:39:15,593 - INFO - [2018] MISSING_SYSTEMATIC: SR3Mu/L1Prefire_Up/NMinusOne/charge_abs1/pair_highM/mass in Skim_TriLep_TTZToLLNuNu.root
2026-08-19 12:39:15,593 - INFO - [2018] MISSING_SYSTEMATIC: SR3Mu/L1Prefire_Down/NMinusOne/charge_abs1/pair_highM/mass in Skim_TriLep_TTZToLLNuNu.root
2026-08-19 12:39:15,593 - INFO - [2018] MISSING_SYSTEMATIC: SR3Mu/PileupReweight_Up/NMinusOne/charge_abs1/pair_highM/mass in Skim_TriLep_TTZToLLNuNu.root
2026-08-19 12:39:15,593 - INFO - [2018] MISSING_SYSTEMATIC: SR3Mu/PileupReweight_Down/NMinusOne/charge_abs1/pair_highM/mass in Skim_TriLep_TTZToLLNuNu.root
2026-08-19 12:39:15,594 - INFO - [2018] MISSING_SYSTEMATIC: SR3Mu/PileupJetIDSF_Up/NMinusOne/charge_abs1/pair_highM/mass in Skim_TriLep_TTZToLLNuNu.root
2026-08-19 12:39:15,594 - INFO - [2018] MISSING_SYSTEMATIC: SR3Mu/PileupJetIDSF_Down/NMinusOne/charge_abs1/pair_highM/mass in Skim_TriLep_TTZToLLNuNu.root
2026-08-19 12:39:15,595 - INFO - [2018] MISSING_SYSTEMATIC: SR3Mu/MuonIDSF_Up/NMinusOne/charge_abs1/pair_highM/mass in Skim_TriLep_TTZToLLNuNu.root
2026-08-19 12:39:15,595 - INFO - [2018] MISSING_SYSTEMATIC: SR3Mu/MuonIDSF_Down/NMinusOne/charge_abs1/pair_highM/mass in Skim_TriLep_TTZToLLNuNu.root
2026-08-19 12:39:15,596 - INFO - [2018] MISSING_SYSTEMATIC: SR3Mu/DblMuTrigSF_Up/NMinusOne/charge_abs1/pair_highM/mass in Skim_TriLep_TTZToLLNuNu.root
2026-08-19 12:39:15,596 - INFO - [2018] MISSING_SYSTEMATIC: SR3Mu/DblMuTrigSF_Down/NMinusOne/charge_abs1/pair_highM/mass in Skim_TriLep_TTZToLLNuNu.root
2026-08-19 12:39:15,597 - INFO - [2018] MISSING_SYSTEMATIC: SR3Mu/JetEn_Up/NMinusOne/charge_abs1/pair_highM/mass in Skim_TriLep_TTZToLLNuNu.root
2026-08-19 12:39:15,597 - INFO - [2018] MISSING_SYSTEMATIC: SR3Mu/JetEn_Down/NMinusOne/charge_abs1/pair_highM/mass in Skim_TriLep_TTZToLLNuNu.root
2026-08-19 12:39:15,598 - INFO - [2018] MISSING_SYSTEMATIC: SR3Mu/JetRes_Up/NMinusOne/charge_abs1/pair_highM/mass in Skim_TriLep_TTZToLLNuNu.root
2026-08-19 12:39:15,598 - INFO - [2018] MISSING_SYSTEMATIC: SR3Mu/JetRes_Down/NMinusOne/charge_abs1/pair_highM/mass in Skim_TriLep_TTZToLLNuNu.root
2026-08-19 12:39:15,598 - INFO - [2018] MISSING_SYSTEMATIC: SR3Mu/MuonEn_Up/NMinusOne/charge_abs1/pair_highM/mass in Skim_TriLep_TTZToLLNuNu.root
2026-08-19 12:39:15,598 - INFO - [2018] MISSING_SYSTEMATIC: SR3Mu/MuonEn_Down/NMinusOne/charge_abs1/pair_highM/mass in Skim_TriLep_TTZToLLNuNu.root
2026-08-19 12:39:15,599 - INFO - [2018] MISSING_SYSTEMATIC: SR3Mu/ElectronEn_Up/NMinusOne/charge_abs1/pair_highM/mass in Skim_TriLep_TTZToLLNuNu.root
2026-08-19 12:39:15,599 - INFO - [2018] MISSING_SYSTEMATIC: SR3Mu/ElectronEn_Down/NMinusOne/charge_abs1/pair_highM/mass in Skim_TriLep_TTZToLLNuNu.root
2026-08-19 12:39:15,600 - INFO - [2018] MISSING_SYSTEMATIC: SR3Mu/ElectronRes_Up/NMinusOne/charge_abs1/pair_highM/mass in Skim_TriLep_TTZToLLNuNu.root
2026-08-19 12:39:15,600 - INFO - [2018] MISSING_SYSTEMATIC: SR3Mu/ElectronRes_Down/NMinusOne/charge_abs1/pair_highM/mass in Skim_TriLep_TTZToLLNuNu.root
2026-08-19 12:39:15,601 - INFO - [2018] MISSING_SYSTEMATIC: SR3Mu/UnclusteredEn_Up/NMinusOne/charge_abs1/pair_highM/mass in Skim_TriLep_TTZToLLNuNu.root
2026-08-19 12:39:15,601 - INFO - [2018] MISSING_SYSTEMATIC: SR3Mu/UnclusteredEn_Down/NMinusOne/charge_abs1/pair_highM/mass in Skim_TriLep_TTZToLLNuNu.root
2026-08-19 12:39:15,602 - INFO - [2018] MISSING_SYSTEMATIC: SR3Mu/BtagSF_HFcorr_Up/NMinusOne/charge_abs1/pair_highM/mass in Skim_TriLep_TTZToLLNuNu.root
2026-08-19 12:39:15,602 - INFO - [2018] MISSING_SYSTEMATIC: SR3Mu/BtagSF_HFcorr_Down/NMinusOne/charge_abs1/pair_highM/mass in Skim_TriLep_TTZToLLNuNu.root
2026-08-19 12:39:15,602 - INFO - [2018] MISSING_SYSTEMATIC: SR3Mu/BtagSF_HFuncorr_Up/NMinusOne/charge_abs1/pair_highM/mass in Skim_TriLep_TTZToLLNuNu.root
2026-08-19 12:39:15,602 - INFO - [2018] MISSING_SYSTEMATIC: SR3Mu/BtagSF_HFuncorr_Down/NMinusOne/charge_abs1/pair_highM/mass in Skim_TriLep_TTZToLLNuNu.root
2026-08-19 12:39:15,603 - INFO - [2018] MISSING_SYSTEMATIC: SR3Mu/BtagSF_LFcorr_Up/NMinusOne/charge_abs1/pair_highM/mass in Skim_TriLep_TTZToLLNuNu.root
2026-08-19 12:39:15,603 - INFO - [2018] MISSING_SYSTEMATIC: SR3Mu/BtagSF_LFcorr_Down/NMinusOne/charge_abs1/pair_highM/mass in Skim_TriLep_TTZToLLNuNu.root
2026-08-19 12:39:15,604 - INFO - [2018] MISSING_SYSTEMATIC: SR3Mu/BtagSF_LFuncorr_Up/NMinusOne/charge_abs1/pair_highM/mass in Skim_TriLep_TTZToLLNuNu.root
2026-08-19 12:39:15,604 - INFO - [2018] MISSING_SYSTEMATIC: SR3Mu/BtagSF_LFuncorr_Down/NMinusOne/charge_abs1/pair_highM/mass in Skim_TriLep_TTZToLLNuNu.root
2026-08-19 12:39:15,605 - INFO - [2018] MISSING_SYSTEMATIC: SR3Mu/L1Prefire_Up/NMinusOne/charge_abs1/pair_highM/mass in Skim_TriLep_TTHToNonbb.root
2026-08-19 12:39:15,605 - INFO - [2018] MISSING_SYSTEMATIC: SR3Mu/L1Prefire_Down/NMinusOne/charge_abs1/pair_highM/mass in Skim_TriLep_TTHToNonbb.root
2026-08-19 12:39:15,606 - INFO - [2018] MISSING_SYSTEMATIC: SR3Mu/PileupReweight_Up/NMinusOne/charge_abs1/pair_highM/mass in Skim_TriLep_TTHToNonbb.root
2026-08-19 12:39:15,606 - INFO - [2018] MISSING_SYSTEMATIC: SR3Mu/PileupReweight_Down/NMinusOne/charge_abs1/pair_highM/mass in Skim_TriLep_TTHToNonbb.root
2026-08-19 12:39:15,606 - INFO - [2018] MISSING_SYSTEMATIC: SR3Mu/PileupJetIDSF_Up/NMinusOne/charge_abs1/pair_highM/mass in Skim_TriLep_TTHToNonbb.root
2026-08-19 12:39:15,606 - INFO - [2018] MISSING_SYSTEMATIC: SR3Mu/PileupJetIDSF_Down/NMinusOne/charge_abs1/pair_highM/mass in Skim_TriLep_TTHToNonbb.root
2026-08-19 12:39:15,607 - INFO - [2018] MISSING_SYSTEMATIC: SR3Mu/MuonIDSF_Up/NMinusOne/charge_abs1/pair_highM/mass in Skim_TriLep_TTHToNonbb.root
2026-08-19 12:39:15,607 - INFO - [2018] MISSING_SYSTEMATIC: SR3Mu/MuonIDSF_Down/NMinusOne/charge_abs1/pair_highM/mass in Skim_TriLep_TTHToNonbb.root
2026-08-19 12:39:15,608 - INFO - [2018] MISSING_SYSTEMATIC: SR3Mu/DblMuTrigSF_Up/NMinusOne/charge_abs1/pair_highM/mass in Skim_TriLep_TTHToNonbb.root
2026-08-19 12:39:15,608 - INFO - [2018] MISSING_SYSTEMATIC: SR3Mu/DblMuTrigSF_Down/NMinusOne/charge_abs1/pair_highM/mass in Skim_TriLep_TTHToNonbb.root
2026-08-19 12:39:15,609 - INFO - [2018] MISSING_SYSTEMATIC: SR3Mu/JetEn_Up/NMinusOne/charge_abs1/pair_highM/mass in Skim_TriLep_TTHToNonbb.root
2026-08-19 12:39:15,609 - INFO - [2018] MISSING_SYSTEMATIC: SR3Mu/JetEn_Down/NMinusOne/charge_abs1/pair_highM/mass in Skim_TriLep_TTHToNonbb.root
2026-08-19 12:39:15,609 - INFO - [2018] MISSING_SYSTEMATIC: SR3Mu/JetRes_Up/NMinusOne/charge_abs1/pair_highM/mass in Skim_TriLep_TTHToNonbb.root
2026-08-19 12:39:15,609 - INFO - [2018] MISSING_SYSTEMATIC: SR3Mu/JetRes_Down/NMinusOne/charge_abs1/pair_highM/mass in Skim_TriLep_TTHToNonbb.root
2026-08-19 12:39:15,610 - INFO - [2018] MISSING_SYSTEMATIC: SR3Mu/MuonEn_Up/NMinusOne/charge_abs1/pair_highM/mass in Skim_TriLep_TTHToNonbb.root
2026-08-19 12:39:15,610 - INFO - [2018] MISSING_SYSTEMATIC: SR3Mu/MuonEn_Down/NMinusOne/charge_abs1/pair_highM/mass in Skim_TriLep_TTHToNonbb.root
2026-08-19 12:39:15,611 - INFO - [2018] MISSING_SYSTEMATIC: SR3Mu/ElectronEn_Up/NMinusOne/charge_abs1/pair_highM/mass in Skim_TriLep_TTHToNonbb.root
2026-08-19 12:39:15,611 - INFO - [2018] MISSING_SYSTEMATIC: SR3Mu/ElectronEn_Down/NMinusOne/charge_abs1/pair_highM/mass in Skim_TriLep_TTHToNonbb.root
2026-08-19 12:39:15,611 - INFO - [2018] MISSING_SYSTEMATIC: SR3Mu/ElectronRes_Up/NMinusOne/charge_abs1/pair_highM/mass in Skim_TriLep_TTHToNonbb.root
2026-08-19 12:39:15,611 - INFO - [2018] MISSING_SYSTEMATIC: SR3Mu/ElectronRes_Down/NMinusOne/charge_abs1/pair_highM/mass in Skim_TriLep_TTHToNonbb.root
2026-08-19 12:39:15,612 - INFO - [2018] MISSING_SYSTEMATIC: SR3Mu/UnclusteredEn_Up/NMinusOne/charge_abs1/pair_highM/mass in Skim_TriLep_TTHToNonbb.root
2026-08-19 12:39:15,612 - INFO - [2018] MISSING_SYSTEMATIC: SR3Mu/UnclusteredEn_Down/NMinusOne/charge_abs1/pair_highM/mass in Skim_TriLep_TTHToNonbb.root
2026-08-19 12:39:15,613 - INFO - [2018] MISSING_SYSTEMATIC: SR3Mu/BtagSF_HFcorr_Up/NMinusOne/charge_abs1/pair_highM/mass in Skim_TriLep_TTHToNonbb.root
2026-08-19 12:39:15,613 - INFO - [2018] MISSING_SYSTEMATIC: SR3Mu/BtagSF_HFcorr_Down/NMinusOne/charge_abs1/pair_highM/mass in Skim_TriLep_TTHToNonbb.root
2026-08-19 12:39:15,614 - INFO - [2018] MISSING_SYSTEMATIC: SR3Mu/BtagSF_HFuncorr_Up/NMinusOne/charge_abs1/pair_highM/mass in Skim_TriLep_TTHToNonbb.root
2026-08-19 12:39:15,614 - INFO - [2018] MISSING_SYSTEMATIC: SR3Mu/BtagSF_HFuncorr_Down/NMinusOne/charge_abs1/pair_highM/mass in Skim_TriLep_TTHToNonbb.root
2026-08-19 12:39:15,614 - INFO - [2018] MISSING_SYSTEMATIC: SR3Mu/BtagSF_LFcorr_Up/NMinusOne/charge_abs1/pair_highM/mass in Skim_TriLep_TTHToNonbb.root
2026-08-19 12:39:15,614 - INFO - [2018] MISSING_SYSTEMATIC: SR3Mu/BtagSF_LFcorr_Down/NMinusOne/charge_abs1/pair_highM/mass in Skim_TriLep_TTHToNonbb.root
2026-08-19 12:39:15,615 - INFO - [2018] MISSING_SYSTEMATIC: SR3Mu/BtagSF_LFuncorr_Up/NMinusOne/charge_abs1/pair_highM/mass in Skim_TriLep_TTHToNonbb.root
2026-08-19 12:39:15,615 - INFO - [2018] MISSING_SYSTEMATIC: SR3Mu/BtagSF_LFuncorr_Down/NMinusOne/charge_abs1/pair_highM/mass in Skim_TriLep_TTHToNonbb.root
2026-08-19 12:39:15,616 - INFO - [2018] MISSING_SYSTEMATIC: SR3Mu/L1Prefire_Up/NMinusOne/charge_abs1/pair_highM/mass in Skim_TriLep_tZq.root
2026-08-19 12:39:15,616 - INFO - [2018] MISSING_SYSTEMATIC: SR3Mu/L1Prefire_Down/NMinusOne/charge_abs1/pair_highM/mass in Skim_TriLep_tZq.root
2026-08-19 12:39:15,617 - INFO - [2018] MISSING_SYSTEMATIC: SR3Mu/PileupReweight_Up/NMinusOne/charge_abs1/pair_highM/mass in Skim_TriLep_tZq.root
2026-08-19 12:39:15,617 - INFO - [2018] MISSING_SYSTEMATIC: SR3Mu/PileupReweight_Down/NMinusOne/charge_abs1/pair_highM/mass in Skim_TriLep_tZq.root
2026-08-19 12:39:15,618 - INFO - [2018] MISSING_SYSTEMATIC: SR3Mu/PileupJetIDSF_Up/NMinusOne/charge_abs1/pair_highM/mass in Skim_TriLep_tZq.root
2026-08-19 12:39:15,618 - INFO - [2018] MISSING_SYSTEMATIC: SR3Mu/PileupJetIDSF_Down/NMinusOne/charge_abs1/pair_highM/mass in Skim_TriLep_tZq.root
2026-08-19 12:39:15,618 - INFO - [2018] MISSING_SYSTEMATIC: SR3Mu/MuonIDSF_Up/NMinusOne/charge_abs1/pair_highM/mass in Skim_TriLep_tZq.root
2026-08-19 12:39:15,618 - INFO - [2018] MISSING_SYSTEMATIC: SR3Mu/MuonIDSF_Down/NMinusOne/charge_abs1/pair_highM/mass in Skim_TriLep_tZq.root
2026-08-19 12:39:15,619 - INFO - [2018] MISSING_SYSTEMATIC: SR3Mu/DblMuTrigSF_Up/NMinusOne/charge_abs1/pair_highM/mass in Skim_TriLep_tZq.root
2026-08-19 12:39:15,619 - INFO - [2018] MISSING_SYSTEMATIC: SR3Mu/DblMuTrigSF_Down/NMinusOne/charge_abs1/pair_highM/mass in Skim_TriLep_tZq.root
2026-08-19 12:39:15,620 - INFO - [2018] MISSING_SYSTEMATIC: SR3Mu/JetEn_Up/NMinusOne/charge_abs1/pair_highM/mass in Skim_TriLep_tZq.root
2026-08-19 12:39:15,620 - INFO - [2018] MISSING_SYSTEMATIC: SR3Mu/JetEn_Down/NMinusOne/charge_abs1/pair_highM/mass in Skim_TriLep_tZq.root
2026-08-19 12:39:15,620 - INFO - [2018] MISSING_SYSTEMATIC: SR3Mu/JetRes_Up/NMinusOne/charge_abs1/pair_highM/mass in Skim_TriLep_tZq.root
2026-08-19 12:39:15,620 - INFO - [2018] MISSING_SYSTEMATIC: SR3Mu/JetRes_Down/NMinusOne/charge_abs1/pair_highM/mass in Skim_TriLep_tZq.root
2026-08-19 12:39:15,621 - INFO - [2018] MISSING_SYSTEMATIC: SR3Mu/MuonEn_Up/NMinusOne/charge_abs1/pair_highM/mass in Skim_TriLep_tZq.root
2026-08-19 12:39:15,621 - INFO - [2018] MISSING_SYSTEMATIC: SR3Mu/MuonEn_Down/NMinusOne/charge_abs1/pair_highM/mass in Skim_TriLep_tZq.root
2026-08-19 12:39:15,622 - INFO - [2018] MISSING_SYSTEMATIC: SR3Mu/ElectronEn_Up/NMinusOne/charge_abs1/pair_highM/mass in Skim_TriLep_tZq.root
2026-08-19 12:39:15,622 - INFO - [2018] MISSING_SYSTEMATIC: SR3Mu/ElectronEn_Down/NMinusOne/charge_abs1/pair_highM/mass in Skim_TriLep_tZq.root
2026-08-19 12:39:15,622 - INFO - [2018] MISSING_SYSTEMATIC: SR3Mu/ElectronRes_Up/NMinusOne/charge_abs1/pair_highM/mass in Skim_TriLep_tZq.root
2026-08-19 12:39:15,622 - INFO - [2018] MISSING_SYSTEMATIC: SR3Mu/ElectronRes_Down/NMinusOne/charge_abs1/pair_highM/mass in Skim_TriLep_tZq.root
2026-08-19 12:39:15,623 - INFO - [2018] MISSING_SYSTEMATIC: SR3Mu/UnclusteredEn_Up/NMinusOne/charge_abs1/pair_highM/mass in Skim_TriLep_tZq.root
2026-08-19 12:39:15,623 - INFO - [2018] MISSING_SYSTEMATIC: SR3Mu/UnclusteredEn_Down/NMinusOne/charge_abs1/pair_highM/mass in Skim_TriLep_tZq.root
2026-08-19 12:39:15,624 - INFO - [2018] MISSING_SYSTEMATIC: SR3Mu/BtagSF_HFcorr_Up/NMinusOne/charge_abs1/pair_highM/mass in Skim_TriLep_tZq.root
2026-08-19 12:39:15,624 - INFO - [2018] MISSING_SYSTEMATIC: SR3Mu/BtagSF_HFcorr_Down/NMinusOne/charge_abs1/pair_highM/mass in Skim_TriLep_tZq.root
2026-08-19 12:39:15,624 - INFO - [2018] MISSING_SYSTEMATIC: SR3Mu/BtagSF_HFuncorr_Up/NMinusOne/charge_abs1/pair_highM/mass in Skim_TriLep_tZq.root
2026-08-19 12:39:15,624 - INFO - [2018] MISSING_SYSTEMATIC: SR3Mu/BtagSF_HFuncorr_Down/NMinusOne/charge_abs1/pair_highM/mass in Skim_TriLep_tZq.root
2026-08-19 12:39:15,625 - INFO - [2018] MISSING_SYSTEMATIC: SR3Mu/BtagSF_LFcorr_Up/NMinusOne/charge_abs1/pair_highM/mass in Skim_TriLep_tZq.root
2026-08-19 12:39:15,625 - INFO - [2018] MISSING_SYSTEMATIC: SR3Mu/BtagSF_LFcorr_Down/NMinusOne/charge_abs1/pair_highM/mass in Skim_TriLep_tZq.root
2026-08-19 12:39:15,625 - INFO - [2018] MISSING_SYSTEMATIC: SR3Mu/BtagSF_LFuncorr_Up/NMinusOne/charge_abs1/pair_highM/mass in Skim_TriLep_tZq.root
2026-08-19 12:39:15,625 - INFO - [2018] MISSING_SYSTEMATIC: SR3Mu/BtagSF_LFuncorr_Down/NMinusOne/charge_abs1/pair_highM/mass in Skim_TriLep_tZq.root
2026-08-19 12:39:15,627 - INFO - [2018] MISSING_SYSTEMATIC: SR3Mu/L1Prefire_Up/NMinusOne/charge_abs1/pair_highM/mass in Skim_TriLep_WZTo3LNu_amcatnlo.root
2026-08-19 12:39:15,627 - INFO - [2018] MISSING_SYSTEMATIC: SR3Mu/L1Prefire_Down/NMinusOne/charge_abs1/pair_highM/mass in Skim_TriLep_WZTo3LNu_amcatnlo.root
2026-08-19 12:39:15,627 - INFO - [2018] MISSING_SYSTEMATIC: SR3Mu/PileupReweight_Up/NMinusOne/charge_abs1/pair_highM/mass in Skim_TriLep_WZTo3LNu_amcatnlo.root
2026-08-19 12:39:15,627 - INFO - [2018] MISSING_SYSTEMATIC: SR3Mu/PileupReweight_Down/NMinusOne/charge_abs1/pair_highM/mass in Skim_TriLep_WZTo3LNu_amcatnlo.root
2026-08-19 12:39:15,628 - INFO - [2018] MISSING_SYSTEMATIC: SR3Mu/PileupJetIDSF_Up/NMinusOne/charge_abs1/pair_highM/mass in Skim_TriLep_WZTo3LNu_amcatnlo.root
2026-08-19 12:39:15,628 - INFO - [2018] MISSING_SYSTEMATIC: SR3Mu/PileupJetIDSF_Down/NMinusOne/charge_abs1/pair_highM/mass in Skim_TriLep_WZTo3LNu_amcatnlo.root
2026-08-19 12:39:15,629 - INFO - [2018] MISSING_SYSTEMATIC: SR3Mu/MuonIDSF_Up/NMinusOne/charge_abs1/pair_highM/mass in Skim_TriLep_WZTo3LNu_amcatnlo.root
2026-08-19 12:39:15,629 - INFO - [2018] MISSING_SYSTEMATIC: SR3Mu/MuonIDSF_Down/NMinusOne/charge_abs1/pair_highM/mass in Skim_TriLep_WZTo3LNu_amcatnlo.root
2026-08-19 12:39:15,629 - INFO - [2018] MISSING_SYSTEMATIC: SR3Mu/DblMuTrigSF_Up/NMinusOne/charge_abs1/pair_highM/mass in Skim_TriLep_WZTo3LNu_amcatnlo.root
2026-08-19 12:39:15,629 - INFO - [2018] MISSING_SYSTEMATIC: SR3Mu/DblMuTrigSF_Down/NMinusOne/charge_abs1/pair_highM/mass in Skim_TriLep_WZTo3LNu_amcatnlo.root
2026-08-19 12:39:15,630 - INFO - [2018] MISSING_SYSTEMATIC: SR3Mu/JetEn_Up/NMinusOne/charge_abs1/pair_highM/mass in Skim_TriLep_WZTo3LNu_amcatnlo.root
2026-08-19 12:39:15,630 - INFO - [2018] MISSING_SYSTEMATIC: SR3Mu/JetEn_Down/NMinusOne/charge_abs1/pair_highM/mass in Skim_TriLep_WZTo3LNu_amcatnlo.root
2026-08-19 12:39:15,631 - INFO - [2018] MISSING_SYSTEMATIC: SR3Mu/JetRes_Up/NMinusOne/charge_abs1/pair_highM/mass in Skim_TriLep_WZTo3LNu_amcatnlo.root
2026-08-19 12:39:15,631 - INFO - [2018] MISSING_SYSTEMATIC: SR3Mu/JetRes_Down/NMinusOne/charge_abs1/pair_highM/mass in Skim_TriLep_WZTo3LNu_amcatnlo.root
2026-08-19 12:39:15,632 - INFO - [2018] MISSING_SYSTEMATIC: SR3Mu/MuonEn_Up/NMinusOne/charge_abs1/pair_highM/mass in Skim_TriLep_WZTo3LNu_amcatnlo.root
2026-08-19 12:39:15,632 - INFO - [2018] MISSING_SYSTEMATIC: SR3Mu/MuonEn_Down/NMinusOne/charge_abs1/pair_highM/mass in Skim_TriLep_WZTo3LNu_amcatnlo.root
2026-08-19 12:39:15,632 - INFO - [2018] MISSING_SYSTEMATIC: SR3Mu/ElectronEn_Up/NMinusOne/charge_abs1/pair_highM/mass in Skim_TriLep_WZTo3LNu_amcatnlo.root
2026-08-19 12:39:15,632 - INFO - [2018] MISSING_SYSTEMATIC: SR3Mu/ElectronEn_Down/NMinusOne/charge_abs1/pair_highM/mass in Skim_TriLep_WZTo3LNu_amcatnlo.root
2026-08-19 12:39:15,633 - INFO - [2018] MISSING_SYSTEMATIC: SR3Mu/ElectronRes_Up/NMinusOne/charge_abs1/pair_highM/mass in Skim_TriLep_WZTo3LNu_amcatnlo.root
2026-08-19 12:39:15,633 - INFO - [2018] MISSING_SYSTEMATIC: SR3Mu/ElectronRes_Down/NMinusOne/charge_abs1/pair_highM/mass in Skim_TriLep_WZTo3LNu_amcatnlo.root
2026-08-19 12:39:15,634 - INFO - [2018] MISSING_SYSTEMATIC: SR3Mu/UnclusteredEn_Up/NMinusOne/charge_abs1/pair_highM/mass in Skim_TriLep_WZTo3LNu_amcatnlo.root
2026-08-19 12:39:15,634 - INFO - [2018] MISSING_SYSTEMATIC: SR3Mu/UnclusteredEn_Down/NMinusOne/charge_abs1/pair_highM/mass in Skim_TriLep_WZTo3LNu_amcatnlo.root
2026-08-19 12:39:15,635 - INFO - [2018] MISSING_SYSTEMATIC: SR3Mu/BtagSF_HFcorr_Up/NMinusOne/charge_abs1/pair_highM/mass in Skim_TriLep_WZTo3LNu_amcatnlo.root
2026-08-19 12:39:15,635 - INFO - [2018] MISSING_SYSTEMATIC: SR3Mu/BtagSF_HFcorr_Down/NMinusOne/charge_abs1/pair_highM/mass in Skim_TriLep_WZTo3LNu_amcatnlo.root
2026-08-19 12:39:15,635 - INFO - [2018] MISSING_SYSTEMATIC: SR3Mu/BtagSF_HFuncorr_Up/NMinusOne/charge_abs1/pair_highM/mass in Skim_TriLep_WZTo3LNu_amcatnlo.root
2026-08-19 12:39:15,635 - INFO - [2018] MISSING_SYSTEMATIC: SR3Mu/BtagSF_HFuncorr_Down/NMinusOne/charge_abs1/pair_highM/mass in Skim_TriLep_WZTo3LNu_amcatnlo.root
2026-08-19 12:39:15,636 - INFO - [2018] MISSING_SYSTEMATIC: SR3Mu/BtagSF_LFcorr_Up/NMinusOne/charge_abs1/pair_highM/mass in Skim_TriLep_WZTo3LNu_amcatnlo.root
2026-08-19 12:39:15,636 - INFO - [2018] MISSING_SYSTEMATIC: SR3Mu/BtagSF_LFcorr_Down/NMinusOne/charge_abs1/pair_highM/mass in Skim_TriLep_WZTo3LNu_amcatnlo.root
2026-08-19 12:39:15,637 - INFO - [2018] MISSING_SYSTEMATIC: SR3Mu/BtagSF_LFuncorr_Up/NMinusOne/charge_abs1/pair_highM/mass in Skim_TriLep_WZTo3LNu_amcatnlo.root
2026-08-19 12:39:15,637 - INFO - [2018] MISSING_SYSTEMATIC: SR3Mu/BtagSF_LFuncorr_Down/NMinusOne/charge_abs1/pair_highM/mass in Skim_TriLep_WZTo3LNu_amcatnlo.root
2026-08-19 12:39:15,638 - INFO - [2018] MISSING_SYSTEMATIC: SR3Mu/L1Prefire_Up/NMinusOne/charge_abs1/pair_highM/mass in Skim_TriLep_ZZTo4L_powheg.root
2026-08-19 12:39:15,638 - INFO - [2018] MISSING_SYSTEMATIC: SR3Mu/L1Prefire_Down/NMinusOne/charge_abs1/pair_highM/mass in Skim_TriLep_ZZTo4L_powheg.root
2026-08-19 12:39:15,639 - INFO - [2018] MISSING_SYSTEMATIC: SR3Mu/PileupReweight_Up/NMinusOne/charge_abs1/pair_highM/mass in Skim_TriLep_ZZTo4L_powheg.root
2026-08-19 12:39:15,639 - INFO - [2018] MISSING_SYSTEMATIC: SR3Mu/PileupReweight_Down/NMinusOne/charge_abs1/pair_highM/mass in Skim_TriLep_ZZTo4L_powheg.root
2026-08-19 12:39:15,639 - INFO - [2018] MISSING_SYSTEMATIC: SR3Mu/PileupJetIDSF_Up/NMinusOne/charge_abs1/pair_highM/mass in Skim_TriLep_ZZTo4L_powheg.root
2026-08-19 12:39:15,639 - INFO - [2018] MISSING_SYSTEMATIC: SR3Mu/PileupJetIDSF_Down/NMinusOne/charge_abs1/pair_highM/mass in Skim_TriLep_ZZTo4L_powheg.root
2026-08-19 12:39:15,640 - INFO - [2018] MISSING_SYSTEMATIC: SR3Mu/MuonIDSF_Up/NMinusOne/charge_abs1/pair_highM/mass in Skim_TriLep_ZZTo4L_powheg.root
2026-08-19 12:39:15,640 - INFO - [2018] MISSING_SYSTEMATIC: SR3Mu/MuonIDSF_Down/NMinusOne/charge_abs1/pair_highM/mass in Skim_TriLep_ZZTo4L_powheg.root
2026-08-19 12:39:15,641 - INFO - [2018] MISSING_SYSTEMATIC: SR3Mu/DblMuTrigSF_Up/NMinusOne/charge_abs1/pair_highM/mass in Skim_TriLep_ZZTo4L_powheg.root
2026-08-19 12:39:15,641 - INFO - [2018] MISSING_SYSTEMATIC: SR3Mu/DblMuTrigSF_Down/NMinusOne/charge_abs1/pair_highM/mass in Skim_TriLep_ZZTo4L_powheg.root
2026-08-19 12:39:15,642 - INFO - [2018] MISSING_SYSTEMATIC: SR3Mu/JetEn_Up/NMinusOne/charge_abs1/pair_highM/mass in Skim_TriLep_ZZTo4L_powheg.root
2026-08-19 12:39:15,642 - INFO - [2018] MISSING_SYSTEMATIC: SR3Mu/JetEn_Down/NMinusOne/charge_abs1/pair_highM/mass in Skim_TriLep_ZZTo4L_powheg.root
2026-08-19 12:39:15,643 - INFO - [2018] MISSING_SYSTEMATIC: SR3Mu/JetRes_Up/NMinusOne/charge_abs1/pair_highM/mass in Skim_TriLep_ZZTo4L_powheg.root
2026-08-19 12:39:15,643 - INFO - [2018] MISSING_SYSTEMATIC: SR3Mu/JetRes_Down/NMinusOne/charge_abs1/pair_highM/mass in Skim_TriLep_ZZTo4L_powheg.root
2026-08-19 12:39:15,644 - INFO - [2018] MISSING_SYSTEMATIC: SR3Mu/MuonEn_Up/NMinusOne/charge_abs1/pair_highM/mass in Skim_TriLep_ZZTo4L_powheg.root
2026-08-19 12:39:15,644 - INFO - [2018] MISSING_SYSTEMATIC: SR3Mu/MuonEn_Down/NMinusOne/charge_abs1/pair_highM/mass in Skim_TriLep_ZZTo4L_powheg.root
2026-08-19 12:39:15,645 - INFO - [2018] MISSING_SYSTEMATIC: SR3Mu/ElectronEn_Up/NMinusOne/charge_abs1/pair_highM/mass in Skim_TriLep_ZZTo4L_powheg.root
2026-08-19 12:39:15,645 - INFO - [2018] MISSING_SYSTEMATIC: SR3Mu/ElectronEn_Down/NMinusOne/charge_abs1/pair_highM/mass in Skim_TriLep_ZZTo4L_powheg.root
2026-08-19 12:39:15,645 - INFO - [2018] MISSING_SYSTEMATIC: SR3Mu/ElectronRes_Up/NMinusOne/charge_abs1/pair_highM/mass in Skim_TriLep_ZZTo4L_powheg.root
2026-08-19 12:39:15,645 - INFO - [2018] MISSING_SYSTEMATIC: SR3Mu/ElectronRes_Down/NMinusOne/charge_abs1/pair_highM/mass in Skim_TriLep_ZZTo4L_powheg.root
2026-08-19 12:39:15,646 - INFO - [2018] MISSING_SYSTEMATIC: SR3Mu/UnclusteredEn_Up/NMinusOne/charge_abs1/pair_highM/mass in Skim_TriLep_ZZTo4L_powheg.root
2026-08-19 12:39:15,646 - INFO - [2018] MISSING_SYSTEMATIC: SR3Mu/UnclusteredEn_Down/NMinusOne/charge_abs1/pair_highM/mass in Skim_TriLep_ZZTo4L_powheg.root
2026-08-19 12:39:15,647 - INFO - [2018] MISSING_SYSTEMATIC: SR3Mu/BtagSF_HFcorr_Up/NMinusOne/charge_abs1/pair_highM/mass in Skim_TriLep_ZZTo4L_powheg.root
2026-08-19 12:39:15,647 - INFO - [2018] MISSING_SYSTEMATIC: SR3Mu/BtagSF_HFcorr_Down/NMinusOne/charge_abs1/pair_highM/mass in Skim_TriLep_ZZTo4L_powheg.root
2026-08-19 12:39:15,648 - INFO - [2018] MISSING_SYSTEMATIC: SR3Mu/BtagSF_HFuncorr_Up/NMinusOne/charge_abs1/pair_highM/mass in Skim_TriLep_ZZTo4L_powheg.root
2026-08-19 12:39:15,648 - INFO - [2018] MISSING_SYSTEMATIC: SR3Mu/BtagSF_HFuncorr_Down/NMinusOne/charge_abs1/pair_highM/mass in Skim_TriLep_ZZTo4L_powheg.root
2026-08-19 12:39:15,648 - INFO - [2018] MISSING_SYSTEMATIC: SR3Mu/BtagSF_LFcorr_Up/NMinusOne/charge_abs1/pair_highM/mass in Skim_TriLep_ZZTo4L_powheg.root
2026-08-19 12:39:15,648 - INFO - [2018] MISSING_SYSTEMATIC: SR3Mu/BtagSF_LFcorr_Down/NMinusOne/charge_abs1/pair_highM/mass in Skim_TriLep_ZZTo4L_powheg.root
2026-08-19 12:39:15,649 - INFO - [2018] MISSING_SYSTEMATIC: SR3Mu/BtagSF_LFuncorr_Up/NMinusOne/charge_abs1/pair_highM/mass in Skim_TriLep_ZZTo4L_powheg.root
2026-08-19 12:39:15,649 - INFO - [2018] MISSING_SYSTEMATIC: SR3Mu/BtagSF_LFuncorr_Down/NMinusOne/charge_abs1/pair_highM/mass in Skim_TriLep_ZZTo4L_powheg.root
2026-08-19 12:39:15,650 - INFO - [2018] MISSING_SYSTEMATIC: SR3Mu/L1Prefire_Up/NMinusOne/charge_abs1/pair_highM/mass in Skim_TriLep_tHq.root
2026-08-19 12:39:15,650 - INFO - [2018] MISSING_SYSTEMATIC: SR3Mu/L1Prefire_Down/NMinusOne/charge_abs1/pair_highM/mass in Skim_TriLep_tHq.root
2026-08-19 12:39:15,651 - INFO - [2018] MISSING_SYSTEMATIC: SR3Mu/PileupReweight_Up/NMinusOne/charge_abs1/pair_highM/mass in Skim_TriLep_tHq.root
2026-08-19 12:39:15,651 - INFO - [2018] MISSING_SYSTEMATIC: SR3Mu/PileupReweight_Down/NMinusOne/charge_abs1/pair_highM/mass in Skim_TriLep_tHq.root
2026-08-19 12:39:15,652 - INFO - [2018] MISSING_SYSTEMATIC: SR3Mu/PileupJetIDSF_Up/NMinusOne/charge_abs1/pair_highM/mass in Skim_TriLep_tHq.root
2026-08-19 12:39:15,652 - INFO - [2018] MISSING_SYSTEMATIC: SR3Mu/PileupJetIDSF_Down/NMinusOne/charge_abs1/pair_highM/mass in Skim_TriLep_tHq.root
2026-08-19 12:39:15,652 - INFO - [2018] MISSING_SYSTEMATIC: SR3Mu/MuonIDSF_Up/NMinusOne/charge_abs1/pair_highM/mass in Skim_TriLep_tHq.root
2026-08-19 12:39:15,652 - INFO - [2018] MISSING_SYSTEMATIC: SR3Mu/MuonIDSF_Down/NMinusOne/charge_abs1/pair_highM/mass in Skim_TriLep_tHq.root
2026-08-19 12:39:15,653 - INFO - [2018] MISSING_SYSTEMATIC: SR3Mu/DblMuTrigSF_Up/NMinusOne/charge_abs1/pair_highM/mass in Skim_TriLep_tHq.root
2026-08-19 12:39:15,653 - INFO - [2018] MISSING_SYSTEMATIC: SR3Mu/DblMuTrigSF_Down/NMinusOne/charge_abs1/pair_highM/mass in Skim_TriLep_tHq.root
2026-08-19 12:39:15,654 - INFO - [2018] MISSING_SYSTEMATIC: SR3Mu/JetEn_Up/NMinusOne/charge_abs1/pair_highM/mass in Skim_TriLep_tHq.root
2026-08-19 12:39:15,654 - INFO - [2018] MISSING_SYSTEMATIC: SR3Mu/JetEn_Down/NMinusOne/charge_abs1/pair_highM/mass in Skim_TriLep_tHq.root
2026-08-19 12:39:15,654 - INFO - [2018] MISSING_SYSTEMATIC: SR3Mu/JetRes_Up/NMinusOne/charge_abs1/pair_highM/mass in Skim_TriLep_tHq.root
2026-08-19 12:39:15,654 - INFO - [2018] MISSING_SYSTEMATIC: SR3Mu/JetRes_Down/NMinusOne/charge_abs1/pair_highM/mass in Skim_TriLep_tHq.root
2026-08-19 12:39:15,655 - INFO - [2018] MISSING_SYSTEMATIC: SR3Mu/MuonEn_Up/NMinusOne/charge_abs1/pair_highM/mass in Skim_TriLep_tHq.root
2026-08-19 12:39:15,655 - INFO - [2018] MISSING_SYSTEMATIC: SR3Mu/MuonEn_Down/NMinusOne/charge_abs1/pair_highM/mass in Skim_TriLep_tHq.root
2026-08-19 12:39:15,655 - INFO - [2018] MISSING_SYSTEMATIC: SR3Mu/ElectronEn_Up/NMinusOne/charge_abs1/pair_highM/mass in Skim_TriLep_tHq.root
2026-08-19 12:39:15,655 - INFO - [2018] MISSING_SYSTEMATIC: SR3Mu/ElectronEn_Down/NMinusOne/charge_abs1/pair_highM/mass in Skim_TriLep_tHq.root
2026-08-19 12:39:15,656 - INFO - [2018] MISSING_SYSTEMATIC: SR3Mu/ElectronRes_Up/NMinusOne/charge_abs1/pair_highM/mass in Skim_TriLep_tHq.root
2026-08-19 12:39:15,656 - INFO - [2018] MISSING_SYSTEMATIC: SR3Mu/ElectronRes_Down/NMinusOne/charge_abs1/pair_highM/mass in Skim_TriLep_tHq.root
2026-08-19 12:39:15,657 - INFO - [2018] MISSING_SYSTEMATIC: SR3Mu/UnclusteredEn_Up/NMinusOne/charge_abs1/pair_highM/mass in Skim_TriLep_tHq.root
2026-08-19 12:39:15,657 - INFO - [2018] MISSING_SYSTEMATIC: SR3Mu/UnclusteredEn_Down/NMinusOne/charge_abs1/pair_highM/mass in Skim_TriLep_tHq.root
2026-08-19 12:39:15,657 - INFO - [2018] MISSING_SYSTEMATIC: SR3Mu/BtagSF_HFcorr_Up/NMinusOne/charge_abs1/pair_highM/mass in Skim_TriLep_tHq.root
2026-08-19 12:39:15,657 - INFO - [2018] MISSING_SYSTEMATIC: SR3Mu/BtagSF_HFcorr_Down/NMinusOne/charge_abs1/pair_highM/mass in Skim_TriLep_tHq.root
2026-08-19 12:39:15,658 - INFO - [2018] MISSING_SYSTEMATIC: SR3Mu/BtagSF_HFuncorr_Up/NMinusOne/charge_abs1/pair_highM/mass in Skim_TriLep_tHq.root
2026-08-19 12:39:15,658 - INFO - [2018] MISSING_SYSTEMATIC: SR3Mu/BtagSF_HFuncorr_Down/NMinusOne/charge_abs1/pair_highM/mass in Skim_TriLep_tHq.root
2026-08-19 12:39:15,659 - INFO - [2018] MISSING_SYSTEMATIC: SR3Mu/BtagSF_LFcorr_Up/NMinusOne/charge_abs1/pair_highM/mass in Skim_TriLep_tHq.root
2026-08-19 12:39:15,659 - INFO - [2018] MISSING_SYSTEMATIC: SR3Mu/BtagSF_LFcorr_Down/NMinusOne/charge_abs1/pair_highM/mass in Skim_TriLep_tHq.root
2026-08-19 12:39:15,659 - INFO - [2018] MISSING_SYSTEMATIC: SR3Mu/BtagSF_LFuncorr_Up/NMinusOne/charge_abs1/pair_highM/mass in Skim_TriLep_tHq.root
2026-08-19 12:39:15,659 - INFO - [2018] MISSING_SYSTEMATIC: SR3Mu/BtagSF_LFuncorr_Down/NMinusOne/charge_abs1/pair_highM/mass in Skim_TriLep_tHq.root
2026-08-19 12:39:15,661 - INFO - [2018] MISSING_SYSTEMATIC: SR3Mu/L1Prefire_Up/NMinusOne/charge_abs1/pair_highM/mass in Skim_TriLep_tHW.root
2026-08-19 12:39:15,661 - INFO - [2018] MISSING_SYSTEMATIC: SR3Mu/L1Prefire_Down/NMinusOne/charge_abs1/pair_highM/mass in Skim_TriLep_tHW.root
2026-08-19 12:39:15,662 - INFO - [2018] MISSING_SYSTEMATIC: SR3Mu/PileupReweight_Up/NMinusOne/charge_abs1/pair_highM/mass in Skim_TriLep_tHW.root
2026-08-19 12:39:15,662 - INFO - [2018] MISSING_SYSTEMATIC: SR3Mu/PileupReweight_Down/NMinusOne/charge_abs1/pair_highM/mass in Skim_TriLep_tHW.root
2026-08-19 12:39:15,663 - INFO - [2018] MISSING_SYSTEMATIC: SR3Mu/PileupJetIDSF_Up/NMinusOne/charge_abs1/pair_highM/mass in Skim_TriLep_tHW.root
2026-08-19 12:39:15,663 - INFO - [2018] MISSING_SYSTEMATIC: SR3Mu/PileupJetIDSF_Down/NMinusOne/charge_abs1/pair_highM/mass in Skim_TriLep_tHW.root
2026-08-19 12:39:15,664 - INFO - [2018] MISSING_SYSTEMATIC: SR3Mu/MuonIDSF_Up/NMinusOne/charge_abs1/pair_highM/mass in Skim_TriLep_tHW.root
2026-08-19 12:39:15,664 - INFO - [2018] MISSING_SYSTEMATIC: SR3Mu/MuonIDSF_Down/NMinusOne/charge_abs1/pair_highM/mass in Skim_TriLep_tHW.root
2026-08-19 12:39:15,664 - INFO - [2018] MISSING_SYSTEMATIC: SR3Mu/DblMuTrigSF_Up/NMinusOne/charge_abs1/pair_highM/mass in Skim_TriLep_tHW.root
2026-08-19 12:39:15,664 - INFO - [2018] MISSING_SYSTEMATIC: SR3Mu/DblMuTrigSF_Down/NMinusOne/charge_abs1/pair_highM/mass in Skim_TriLep_tHW.root
2026-08-19 12:39:15,665 - INFO - [2018] MISSING_SYSTEMATIC: SR3Mu/JetEn_Up/NMinusOne/charge_abs1/pair_highM/mass in Skim_TriLep_tHW.root
2026-08-19 12:39:15,665 - INFO - [2018] MISSING_SYSTEMATIC: SR3Mu/JetEn_Down/NMinusOne/charge_abs1/pair_highM/mass in Skim_TriLep_tHW.root
2026-08-19 12:39:15,666 - INFO - [2018] MISSING_SYSTEMATIC: SR3Mu/JetRes_Up/NMinusOne/charge_abs1/pair_highM/mass in Skim_TriLep_tHW.root
2026-08-19 12:39:15,666 - INFO - [2018] MISSING_SYSTEMATIC: SR3Mu/JetRes_Down/NMinusOne/charge_abs1/pair_highM/mass in Skim_TriLep_tHW.root
2026-08-19 12:39:15,666 - INFO - [2018] MISSING_SYSTEMATIC: SR3Mu/MuonEn_Up/NMinusOne/charge_abs1/pair_highM/mass in Skim_TriLep_tHW.root
2026-08-19 12:39:15,666 - INFO - [2018] MISSING_SYSTEMATIC: SR3Mu/MuonEn_Down/NMinusOne/charge_abs1/pair_highM/mass in Skim_TriLep_tHW.root
2026-08-19 12:39:15,667 - INFO - [2018] MISSING_SYSTEMATIC: SR3Mu/ElectronEn_Up/NMinusOne/charge_abs1/pair_highM/mass in Skim_TriLep_tHW.root
2026-08-19 12:39:15,667 - INFO - [2018] MISSING_SYSTEMATIC: SR3Mu/ElectronEn_Down/NMinusOne/charge_abs1/pair_highM/mass in Skim_TriLep_tHW.root
2026-08-19 12:39:15,668 - INFO - [2018] MISSING_SYSTEMATIC: SR3Mu/ElectronRes_Up/NMinusOne/charge_abs1/pair_highM/mass in Skim_TriLep_tHW.root
2026-08-19 12:39:15,668 - INFO - [2018] MISSING_SYSTEMATIC: SR3Mu/ElectronRes_Down/NMinusOne/charge_abs1/pair_highM/mass in Skim_TriLep_tHW.root
2026-08-19 12:39:15,668 - INFO - [2018] MISSING_SYSTEMATIC: SR3Mu/UnclusteredEn_Up/NMinusOne/charge_abs1/pair_highM/mass in Skim_TriLep_tHW.root
2026-08-19 12:39:15,668 - INFO - [2018] MISSING_SYSTEMATIC: SR3Mu/UnclusteredEn_Down/NMinusOne/charge_abs1/pair_highM/mass in Skim_TriLep_tHW.root
2026-08-19 12:39:15,669 - INFO - [2018] MISSING_SYSTEMATIC: SR3Mu/BtagSF_HFcorr_Up/NMinusOne/charge_abs1/pair_highM/mass in Skim_TriLep_tHW.root
2026-08-19 12:39:15,669 - INFO - [2018] MISSING_SYSTEMATIC: SR3Mu/BtagSF_HFcorr_Down/NMinusOne/charge_abs1/pair_highM/mass in Skim_TriLep_tHW.root
2026-08-19 12:39:15,670 - INFO - [2018] MISSING_SYSTEMATIC: SR3Mu/BtagSF_HFuncorr_Up/NMinusOne/charge_abs1/pair_highM/mass in Skim_TriLep_tHW.root
2026-08-19 12:39:15,670 - INFO - [2018] MISSING_SYSTEMATIC: SR3Mu/BtagSF_HFuncorr_Down/NMinusOne/charge_abs1/pair_highM/mass in Skim_TriLep_tHW.root
2026-08-19 12:39:15,670 - INFO - [2018] MISSING_SYSTEMATIC: SR3Mu/BtagSF_LFcorr_Up/NMinusOne/charge_abs1/pair_highM/mass in Skim_TriLep_tHW.root
2026-08-19 12:39:15,670 - INFO - [2018] MISSING_SYSTEMATIC: SR3Mu/BtagSF_LFcorr_Down/NMinusOne/charge_abs1/pair_highM/mass in Skim_TriLep_tHW.root
2026-08-19 12:39:15,671 - INFO - [2018] MISSING_SYSTEMATIC: SR3Mu/BtagSF_LFuncorr_Up/NMinusOne/charge_abs1/pair_highM/mass in Skim_TriLep_tHW.root
2026-08-19 12:39:15,671 - INFO - [2018] MISSING_SYSTEMATIC: SR3Mu/BtagSF_LFuncorr_Down/NMinusOne/charge_abs1/pair_highM/mass in Skim_TriLep_tHW.root
2026-08-19 12:39:15,672 - INFO - [2018] MISSING_SYSTEMATIC: SR3Mu/L1Prefire_Up/NMinusOne/charge_abs1/pair_highM/mass in Skim_TriLep_tWZ_thadWlep.root
2026-08-19 12:39:15,672 - INFO - [2018] MISSING_SYSTEMATIC: SR3Mu/L1Prefire_Down/NMinusOne/charge_abs1/pair_highM/mass in Skim_TriLep_tWZ_thadWlep.root
2026-08-19 12:39:15,673 - INFO - [2018] MISSING_SYSTEMATIC: SR3Mu/PileupReweight_Up/NMinusOne/charge_abs1/pair_highM/mass in Skim_TriLep_tWZ_thadWlep.root
2026-08-19 12:39:15,673 - INFO - [2018] MISSING_SYSTEMATIC: SR3Mu/PileupReweight_Down/NMinusOne/charge_abs1/pair_highM/mass in Skim_TriLep_tWZ_thadWlep.root
2026-08-19 12:39:15,673 - INFO - [2018] MISSING_SYSTEMATIC: SR3Mu/PileupJetIDSF_Up/NMinusOne/charge_abs1/pair_highM/mass in Skim_TriLep_tWZ_thadWlep.root
2026-08-19 12:39:15,673 - INFO - [2018] MISSING_SYSTEMATIC: SR3Mu/PileupJetIDSF_Down/NMinusOne/charge_abs1/pair_highM/mass in Skim_TriLep_tWZ_thadWlep.root
2026-08-19 12:39:15,674 - INFO - [2018] MISSING_SYSTEMATIC: SR3Mu/MuonIDSF_Up/NMinusOne/charge_abs1/pair_highM/mass in Skim_TriLep_tWZ_thadWlep.root
2026-08-19 12:39:15,674 - INFO - [2018] MISSING_SYSTEMATIC: SR3Mu/MuonIDSF_Down/NMinusOne/charge_abs1/pair_highM/mass in Skim_TriLep_tWZ_thadWlep.root
2026-08-19 12:39:15,675 - INFO - [2018] MISSING_SYSTEMATIC: SR3Mu/DblMuTrigSF_Up/NMinusOne/charge_abs1/pair_highM/mass in Skim_TriLep_tWZ_thadWlep.root
2026-08-19 12:39:15,675 - INFO - [2018] MISSING_SYSTEMATIC: SR3Mu/DblMuTrigSF_Down/NMinusOne/charge_abs1/pair_highM/mass in Skim_TriLep_tWZ_thadWlep.root
2026-08-19 12:39:15,676 - INFO - [2018] MISSING_SYSTEMATIC: SR3Mu/JetEn_Up/NMinusOne/charge_abs1/pair_highM/mass in Skim_TriLep_tWZ_thadWlep.root
2026-08-19 12:39:15,676 - INFO - [2018] MISSING_SYSTEMATIC: SR3Mu/JetEn_Down/NMinusOne/charge_abs1/pair_highM/mass in Skim_TriLep_tWZ_thadWlep.root
2026-08-19 12:39:15,676 - INFO - [2018] MISSING_SYSTEMATIC: SR3Mu/JetRes_Up/NMinusOne/charge_abs1/pair_highM/mass in Skim_TriLep_tWZ_thadWlep.root
2026-08-19 12:39:15,676 - INFO - [2018] MISSING_SYSTEMATIC: SR3Mu/JetRes_Down/NMinusOne/charge_abs1/pair_highM/mass in Skim_TriLep_tWZ_thadWlep.root
2026-08-19 12:39:15,677 - INFO - [2018] MISSING_SYSTEMATIC: SR3Mu/MuonEn_Up/NMinusOne/charge_abs1/pair_highM/mass in Skim_TriLep_tWZ_thadWlep.root
2026-08-19 12:39:15,677 - INFO - [2018] MISSING_SYSTEMATIC: SR3Mu/MuonEn_Down/NMinusOne/charge_abs1/pair_highM/mass in Skim_TriLep_tWZ_thadWlep.root
2026-08-19 12:39:15,678 - INFO - [2018] MISSING_SYSTEMATIC: SR3Mu/ElectronEn_Up/NMinusOne/charge_abs1/pair_highM/mass in Skim_TriLep_tWZ_thadWlep.root
2026-08-19 12:39:15,678 - INFO - [2018] MISSING_SYSTEMATIC: SR3Mu/ElectronEn_Down/NMinusOne/charge_abs1/pair_highM/mass in Skim_TriLep_tWZ_thadWlep.root
2026-08-19 12:39:15,678 - INFO - [2018] MISSING_SYSTEMATIC: SR3Mu/ElectronRes_Up/NMinusOne/charge_abs1/pair_highM/mass in Skim_TriLep_tWZ_thadWlep.root
2026-08-19 12:39:15,678 - INFO - [2018] MISSING_SYSTEMATIC: SR3Mu/ElectronRes_Down/NMinusOne/charge_abs1/pair_highM/mass in Skim_TriLep_tWZ_thadWlep.root
2026-08-19 12:39:15,679 - INFO - [2018] MISSING_SYSTEMATIC: SR3Mu/UnclusteredEn_Up/NMinusOne/charge_abs1/pair_highM/mass in Skim_TriLep_tWZ_thadWlep.root
2026-08-19 12:39:15,679 - INFO - [2018] MISSING_SYSTEMATIC: SR3Mu/UnclusteredEn_Down/NMinusOne/charge_abs1/pair_highM/mass in Skim_TriLep_tWZ_thadWlep.root
2026-08-19 12:39:15,680 - INFO - [2018] MISSING_SYSTEMATIC: SR3Mu/BtagSF_HFcorr_Up/NMinusOne/charge_abs1/pair_highM/mass in Skim_TriLep_tWZ_thadWlep.root
2026-08-19 12:39:15,680 - INFO - [2018] MISSING_SYSTEMATIC: SR3Mu/BtagSF_HFcorr_Down/NMinusOne/charge_abs1/pair_highM/mass in Skim_TriLep_tWZ_thadWlep.root
2026-08-19 12:39:15,681 - INFO - [2018] MISSING_SYSTEMATIC: SR3Mu/BtagSF_HFuncorr_Up/NMinusOne/charge_abs1/pair_highM/mass in Skim_TriLep_tWZ_thadWlep.root
2026-08-19 12:39:15,681 - INFO - [2018] MISSING_SYSTEMATIC: SR3Mu/BtagSF_HFuncorr_Down/NMinusOne/charge_abs1/pair_highM/mass in Skim_TriLep_tWZ_thadWlep.root
2026-08-19 12:39:15,682 - INFO - [2018] MISSING_SYSTEMATIC: SR3Mu/BtagSF_LFcorr_Up/NMinusOne/charge_abs1/pair_highM/mass in Skim_TriLep_tWZ_thadWlep.root
2026-08-19 12:39:15,682 - INFO - [2018] MISSING_SYSTEMATIC: SR3Mu/BtagSF_LFcorr_Down/NMinusOne/charge_abs1/pair_highM/mass in Skim_TriLep_tWZ_thadWlep.root
2026-08-19 12:39:15,683 - INFO - [2018] MISSING_SYSTEMATIC: SR3Mu/BtagSF_LFuncorr_Up/NMinusOne/charge_abs1/pair_highM/mass in Skim_TriLep_tWZ_thadWlep.root
2026-08-19 12:39:15,683 - INFO - [2018] MISSING_SYSTEMATIC: SR3Mu/BtagSF_LFuncorr_Down/NMinusOne/charge_abs1/pair_highM/mass in Skim_TriLep_tWZ_thadWlep.root
2026-08-19 12:39:15,684 - INFO - [2018] MISSING_SYSTEMATIC: SR3Mu/L1Prefire_Up/NMinusOne/charge_abs1/pair_highM/mass in Skim_TriLep_tWZ_tlepWhad.root
2026-08-19 12:39:15,684 - INFO - [2018] MISSING_SYSTEMATIC: SR3Mu/L1Prefire_Down/NMinusOne/charge_abs1/pair_highM/mass in Skim_TriLep_tWZ_tlepWhad.root
2026-08-19 12:39:15,685 - INFO - [2018] MISSING_SYSTEMATIC: SR3Mu/PileupReweight_Up/NMinusOne/charge_abs1/pair_highM/mass in Skim_TriLep_tWZ_tlepWhad.root
2026-08-19 12:39:15,685 - INFO - [2018] MISSING_SYSTEMATIC: SR3Mu/PileupReweight_Down/NMinusOne/charge_abs1/pair_highM/mass in Skim_TriLep_tWZ_tlepWhad.root
2026-08-19 12:39:15,686 - INFO - [2018] MISSING_SYSTEMATIC: SR3Mu/PileupJetIDSF_Up/NMinusOne/charge_abs1/pair_highM/mass in Skim_TriLep_tWZ_tlepWhad.root
2026-08-19 12:39:15,686 - INFO - [2018] MISSING_SYSTEMATIC: SR3Mu/PileupJetIDSF_Down/NMinusOne/charge_abs1/pair_highM/mass in Skim_TriLep_tWZ_tlepWhad.root
2026-08-19 12:39:15,687 - INFO - [2018] MISSING_SYSTEMATIC: SR3Mu/MuonIDSF_Up/NMinusOne/charge_abs1/pair_highM/mass in Skim_TriLep_tWZ_tlepWhad.root
2026-08-19 12:39:15,687 - INFO - [2018] MISSING_SYSTEMATIC: SR3Mu/MuonIDSF_Down/NMinusOne/charge_abs1/pair_highM/mass in Skim_TriLep_tWZ_tlepWhad.root
2026-08-19 12:39:15,688 - INFO - [2018] MISSING_SYSTEMATIC: SR3Mu/DblMuTrigSF_Up/NMinusOne/charge_abs1/pair_highM/mass in Skim_TriLep_tWZ_tlepWhad.root
2026-08-19 12:39:15,688 - INFO - [2018] MISSING_SYSTEMATIC: SR3Mu/DblMuTrigSF_Down/NMinusOne/charge_abs1/pair_highM/mass in Skim_TriLep_tWZ_tlepWhad.root
2026-08-19 12:39:15,689 - INFO - [2018] MISSING_SYSTEMATIC: SR3Mu/JetEn_Up/NMinusOne/charge_abs1/pair_highM/mass in Skim_TriLep_tWZ_tlepWhad.root
2026-08-19 12:39:15,689 - INFO - [2018] MISSING_SYSTEMATIC: SR3Mu/JetEn_Down/NMinusOne/charge_abs1/pair_highM/mass in Skim_TriLep_tWZ_tlepWhad.root
2026-08-19 12:39:15,689 - INFO - [2018] MISSING_SYSTEMATIC: SR3Mu/JetRes_Up/NMinusOne/charge_abs1/pair_highM/mass in Skim_TriLep_tWZ_tlepWhad.root
2026-08-19 12:39:15,689 - INFO - [2018] MISSING_SYSTEMATIC: SR3Mu/JetRes_Down/NMinusOne/charge_abs1/pair_highM/mass in Skim_TriLep_tWZ_tlepWhad.root
2026-08-19 12:39:15,690 - INFO - [2018] MISSING_SYSTEMATIC: SR3Mu/MuonEn_Up/NMinusOne/charge_abs1/pair_highM/mass in Skim_TriLep_tWZ_tlepWhad.root
2026-08-19 12:39:15,690 - INFO - [2018] MISSING_SYSTEMATIC: SR3Mu/MuonEn_Down/NMinusOne/charge_abs1/pair_highM/mass in Skim_TriLep_tWZ_tlepWhad.root
2026-08-19 12:39:15,691 - INFO - [2018] MISSING_SYSTEMATIC: SR3Mu/ElectronEn_Up/NMinusOne/charge_abs1/pair_highM/mass in Skim_TriLep_tWZ_tlepWhad.root
2026-08-19 12:39:15,691 - INFO - [2018] MISSING_SYSTEMATIC: SR3Mu/ElectronEn_Down/NMinusOne/charge_abs1/pair_highM/mass in Skim_TriLep_tWZ_tlepWhad.root
2026-08-19 12:39:15,692 - INFO - [2018] MISSING_SYSTEMATIC: SR3Mu/ElectronRes_Up/NMinusOne/charge_abs1/pair_highM/mass in Skim_TriLep_tWZ_tlepWhad.root
2026-08-19 12:39:15,692 - INFO - [2018] MISSING_SYSTEMATIC: SR3Mu/ElectronRes_Down/NMinusOne/charge_abs1/pair_highM/mass in Skim_TriLep_tWZ_tlepWhad.root
2026-08-19 12:39:15,692 - INFO - [2018] MISSING_SYSTEMATIC: SR3Mu/UnclusteredEn_Up/NMinusOne/charge_abs1/pair_highM/mass in Skim_TriLep_tWZ_tlepWhad.root
2026-08-19 12:39:15,692 - INFO - [2018] MISSING_SYSTEMATIC: SR3Mu/UnclusteredEn_Down/NMinusOne/charge_abs1/pair_highM/mass in Skim_TriLep_tWZ_tlepWhad.root
2026-08-19 12:39:15,693 - INFO - [2018] MISSING_SYSTEMATIC: SR3Mu/BtagSF_HFcorr_Up/NMinusOne/charge_abs1/pair_highM/mass in Skim_TriLep_tWZ_tlepWhad.root
2026-08-19 12:39:15,693 - INFO - [2018] MISSING_SYSTEMATIC: SR3Mu/BtagSF_HFcorr_Down/NMinusOne/charge_abs1/pair_highM/mass in Skim_TriLep_tWZ_tlepWhad.root
2026-08-19 12:39:15,694 - INFO - [2018] MISSING_SYSTEMATIC: SR3Mu/BtagSF_HFuncorr_Up/NMinusOne/charge_abs1/pair_highM/mass in Skim_TriLep_tWZ_tlepWhad.root
2026-08-19 12:39:15,694 - INFO - [2018] MISSING_SYSTEMATIC: SR3Mu/BtagSF_HFuncorr_Down/NMinusOne/charge_abs1/pair_highM/mass in Skim_TriLep_tWZ_tlepWhad.root
2026-08-19 12:39:15,694 - INFO - [2018] MISSING_SYSTEMATIC: SR3Mu/BtagSF_LFcorr_Up/NMinusOne/charge_abs1/pair_highM/mass in Skim_TriLep_tWZ_tlepWhad.root
2026-08-19 12:39:15,694 - INFO - [2018] MISSING_SYSTEMATIC: SR3Mu/BtagSF_LFcorr_Down/NMinusOne/charge_abs1/pair_highM/mass in Skim_TriLep_tWZ_tlepWhad.root
2026-08-19 12:39:15,695 - INFO - [2018] MISSING_SYSTEMATIC: SR3Mu/BtagSF_LFuncorr_Up/NMinusOne/charge_abs1/pair_highM/mass in Skim_TriLep_tWZ_tlepWhad.root
2026-08-19 12:39:15,695 - INFO - [2018] MISSING_SYSTEMATIC: SR3Mu/BtagSF_LFuncorr_Down/NMinusOne/charge_abs1/pair_highM/mass in Skim_TriLep_tWZ_tlepWhad.root
2026-08-19 12:39:15,696 - INFO - [2018] MISSING_SYSTEMATIC: SR3Mu/L1Prefire_Up/NMinusOne/charge_abs1/pair_highM/mass in Skim_TriLep_tWZ_tlepWlep.root
2026-08-19 12:39:15,696 - INFO - [2018] MISSING_SYSTEMATIC: SR3Mu/L1Prefire_Down/NMinusOne/charge_abs1/pair_highM/mass in Skim_TriLep_tWZ_tlepWlep.root
2026-08-19 12:39:15,697 - INFO - [2018] MISSING_SYSTEMATIC: SR3Mu/PileupReweight_Up/NMinusOne/charge_abs1/pair_highM/mass in Skim_TriLep_tWZ_tlepWlep.root
2026-08-19 12:39:15,697 - INFO - [2018] MISSING_SYSTEMATIC: SR3Mu/PileupReweight_Down/NMinusOne/charge_abs1/pair_highM/mass in Skim_TriLep_tWZ_tlepWlep.root
2026-08-19 12:39:15,698 - INFO - [2018] MISSING_SYSTEMATIC: SR3Mu/PileupJetIDSF_Up/NMinusOne/charge_abs1/pair_highM/mass in Skim_TriLep_tWZ_tlepWlep.root
2026-08-19 12:39:15,698 - INFO - [2018] MISSING_SYSTEMATIC: SR3Mu/PileupJetIDSF_Down/NMinusOne/charge_abs1/pair_highM/mass in Skim_TriLep_tWZ_tlepWlep.root
2026-08-19 12:39:15,698 - INFO - [2018] MISSING_SYSTEMATIC: SR3Mu/MuonIDSF_Up/NMinusOne/charge_abs1/pair_highM/mass in Skim_TriLep_tWZ_tlepWlep.root
2026-08-19 12:39:15,698 - INFO - [2018] MISSING_SYSTEMATIC: SR3Mu/MuonIDSF_Down/NMinusOne/charge_abs1/pair_highM/mass in Skim_TriLep_tWZ_tlepWlep.root
2026-08-19 12:39:15,699 - INFO - [2018] MISSING_SYSTEMATIC: SR3Mu/DblMuTrigSF_Up/NMinusOne/charge_abs1/pair_highM/mass in Skim_TriLep_tWZ_tlepWlep.root
2026-08-19 12:39:15,699 - INFO - [2018] MISSING_SYSTEMATIC: SR3Mu/DblMuTrigSF_Down/NMinusOne/charge_abs1/pair_highM/mass in Skim_TriLep_tWZ_tlepWlep.root
2026-08-19 12:39:15,699 - INFO - [2018] MISSING_SYSTEMATIC: SR3Mu/JetEn_Up/NMinusOne/charge_abs1/pair_highM/mass in Skim_TriLep_tWZ_tlepWlep.root
2026-08-19 12:39:15,700 - INFO - [2018] MISSING_SYSTEMATIC: SR3Mu/JetEn_Down/NMinusOne/charge_abs1/pair_highM/mass in Skim_TriLep_tWZ_tlepWlep.root
2026-08-19 12:39:15,700 - INFO - [2018] MISSING_SYSTEMATIC: SR3Mu/JetRes_Up/NMinusOne/charge_abs1/pair_highM/mass in Skim_TriLep_tWZ_tlepWlep.root
2026-08-19 12:39:15,700 - INFO - [2018] MISSING_SYSTEMATIC: SR3Mu/JetRes_Down/NMinusOne/charge_abs1/pair_highM/mass in Skim_TriLep_tWZ_tlepWlep.root
2026-08-19 12:39:15,701 - INFO - [2018] MISSING_SYSTEMATIC: SR3Mu/MuonEn_Up/NMinusOne/charge_abs1/pair_highM/mass in Skim_TriLep_tWZ_tlepWlep.root
2026-08-19 12:39:15,701 - INFO - [2018] MISSING_SYSTEMATIC: SR3Mu/MuonEn_Down/NMinusOne/charge_abs1/pair_highM/mass in Skim_TriLep_tWZ_tlepWlep.root
2026-08-19 12:39:15,701 - INFO - [2018] MISSING_SYSTEMATIC: SR3Mu/ElectronEn_Up/NMinusOne/charge_abs1/pair_highM/mass in Skim_TriLep_tWZ_tlepWlep.root
2026-08-19 12:39:15,701 - INFO - [2018] MISSING_SYSTEMATIC: SR3Mu/ElectronEn_Down/NMinusOne/charge_abs1/pair_highM/mass in Skim_TriLep_tWZ_tlepWlep.root
2026-08-19 12:39:15,702 - INFO - [2018] MISSING_SYSTEMATIC: SR3Mu/ElectronRes_Up/NMinusOne/charge_abs1/pair_highM/mass in Skim_TriLep_tWZ_tlepWlep.root
2026-08-19 12:39:15,702 - INFO - [2018] MISSING_SYSTEMATIC: SR3Mu/ElectronRes_Down/NMinusOne/charge_abs1/pair_highM/mass in Skim_TriLep_tWZ_tlepWlep.root
2026-08-19 12:39:15,703 - INFO - [2018] MISSING_SYSTEMATIC: SR3Mu/UnclusteredEn_Up/NMinusOne/charge_abs1/pair_highM/mass in Skim_TriLep_tWZ_tlepWlep.root
2026-08-19 12:39:15,703 - INFO - [2018] MISSING_SYSTEMATIC: SR3Mu/UnclusteredEn_Down/NMinusOne/charge_abs1/pair_highM/mass in Skim_TriLep_tWZ_tlepWlep.root
2026-08-19 12:39:15,703 - INFO - [2018] MISSING_SYSTEMATIC: SR3Mu/BtagSF_HFcorr_Up/NMinusOne/charge_abs1/pair_highM/mass in Skim_TriLep_tWZ_tlepWlep.root
2026-08-19 12:39:15,703 - INFO - [2018] MISSING_SYSTEMATIC: SR3Mu/BtagSF_HFcorr_Down/NMinusOne/charge_abs1/pair_highM/mass in Skim_TriLep_tWZ_tlepWlep.root
2026-08-19 12:39:15,704 - INFO - [2018] MISSING_SYSTEMATIC: SR3Mu/BtagSF_HFuncorr_Up/NMinusOne/charge_abs1/pair_highM/mass in Skim_TriLep_tWZ_tlepWlep.root
2026-08-19 12:39:15,704 - INFO - [2018] MISSING_SYSTEMATIC: SR3Mu/BtagSF_HFuncorr_Down/NMinusOne/charge_abs1/pair_highM/mass in Skim_TriLep_tWZ_tlepWlep.root
2026-08-19 12:39:15,705 - INFO - [2018] MISSING_SYSTEMATIC: SR3Mu/BtagSF_LFcorr_Up/NMinusOne/charge_abs1/pair_highM/mass in Skim_TriLep_tWZ_tlepWlep.root
2026-08-19 12:39:15,705 - INFO - [2018] MISSING_SYSTEMATIC: SR3Mu/BtagSF_LFcorr_Down/NMinusOne/charge_abs1/pair_highM/mass in Skim_TriLep_tWZ_tlepWlep.root
2026-08-19 12:39:15,705 - INFO - [2018] MISSING_SYSTEMATIC: SR3Mu/BtagSF_LFuncorr_Up/NMinusOne/charge_abs1/pair_highM/mass in Skim_TriLep_tWZ_tlepWlep.root
2026-08-19 12:39:15,705 - INFO - [2018] MISSING_SYSTEMATIC: SR3Mu/BtagSF_LFuncorr_Down/NMinusOne/charge_abs1/pair_highM/mass in Skim_TriLep_tWZ_tlepWlep.root
2026-08-19 12:39:15,706 - INFO - [2018] MISSING_SYSTEMATIC: SR3Mu/L1Prefire_Up/NMinusOne/charge_abs1/pair_highM/mass in Skim_TriLep_WWW.root
2026-08-19 12:39:15,706 - INFO - [2018] MISSING_SYSTEMATIC: SR3Mu/L1Prefire_Down/NMinusOne/charge_abs1/pair_highM/mass in Skim_TriLep_WWW.root
2026-08-19 12:39:15,707 - INFO - [2018] MISSING_SYSTEMATIC: SR3Mu/PileupReweight_Up/NMinusOne/charge_abs1/pair_highM/mass in Skim_TriLep_WWW.root
2026-08-19 12:39:15,707 - INFO - [2018] MISSING_SYSTEMATIC: SR3Mu/PileupReweight_Down/NMinusOne/charge_abs1/pair_highM/mass in Skim_TriLep_WWW.root
2026-08-19 12:39:15,708 - INFO - [2018] MISSING_SYSTEMATIC: SR3Mu/PileupJetIDSF_Up/NMinusOne/charge_abs1/pair_highM/mass in Skim_TriLep_WWW.root
2026-08-19 12:39:15,708 - INFO - [2018] MISSING_SYSTEMATIC: SR3Mu/PileupJetIDSF_Down/NMinusOne/charge_abs1/pair_highM/mass in Skim_TriLep_WWW.root
2026-08-19 12:39:15,708 - INFO - [2018] MISSING_SYSTEMATIC: SR3Mu/MuonIDSF_Up/NMinusOne/charge_abs1/pair_highM/mass in Skim_TriLep_WWW.root
2026-08-19 12:39:15,708 - INFO - [2018] MISSING_SYSTEMATIC: SR3Mu/MuonIDSF_Down/NMinusOne/charge_abs1/pair_highM/mass in Skim_TriLep_WWW.root
2026-08-19 12:39:15,709 - INFO - [2018] MISSING_SYSTEMATIC: SR3Mu/DblMuTrigSF_Up/NMinusOne/charge_abs1/pair_highM/mass in Skim_TriLep_WWW.root
2026-08-19 12:39:15,709 - INFO - [2018] MISSING_SYSTEMATIC: SR3Mu/DblMuTrigSF_Down/NMinusOne/charge_abs1/pair_highM/mass in Skim_TriLep_WWW.root
2026-08-19 12:39:15,710 - INFO - [2018] MISSING_SYSTEMATIC: SR3Mu/JetEn_Up/NMinusOne/charge_abs1/pair_highM/mass in Skim_TriLep_WWW.root
2026-08-19 12:39:15,710 - INFO - [2018] MISSING_SYSTEMATIC: SR3Mu/JetEn_Down/NMinusOne/charge_abs1/pair_highM/mass in Skim_TriLep_WWW.root
2026-08-19 12:39:15,710 - INFO - [2018] MISSING_SYSTEMATIC: SR3Mu/JetRes_Up/NMinusOne/charge_abs1/pair_highM/mass in Skim_TriLep_WWW.root
2026-08-19 12:39:15,710 - INFO - [2018] MISSING_SYSTEMATIC: SR3Mu/JetRes_Down/NMinusOne/charge_abs1/pair_highM/mass in Skim_TriLep_WWW.root
2026-08-19 12:39:15,711 - INFO - [2018] MISSING_SYSTEMATIC: SR3Mu/MuonEn_Up/NMinusOne/charge_abs1/pair_highM/mass in Skim_TriLep_WWW.root
2026-08-19 12:39:15,711 - INFO - [2018] MISSING_SYSTEMATIC: SR3Mu/MuonEn_Down/NMinusOne/charge_abs1/pair_highM/mass in Skim_TriLep_WWW.root
2026-08-19 12:39:15,711 - INFO - [2018] MISSING_SYSTEMATIC: SR3Mu/ElectronEn_Up/NMinusOne/charge_abs1/pair_highM/mass in Skim_TriLep_WWW.root
2026-08-19 12:39:15,711 - INFO - [2018] MISSING_SYSTEMATIC: SR3Mu/ElectronEn_Down/NMinusOne/charge_abs1/pair_highM/mass in Skim_TriLep_WWW.root
2026-08-19 12:39:15,712 - INFO - [2018] MISSING_SYSTEMATIC: SR3Mu/ElectronRes_Up/NMinusOne/charge_abs1/pair_highM/mass in Skim_TriLep_WWW.root
2026-08-19 12:39:15,712 - INFO - [2018] MISSING_SYSTEMATIC: SR3Mu/ElectronRes_Down/NMinusOne/charge_abs1/pair_highM/mass in Skim_TriLep_WWW.root
2026-08-19 12:39:15,713 - INFO - [2018] MISSING_SYSTEMATIC: SR3Mu/UnclusteredEn_Up/NMinusOne/charge_abs1/pair_highM/mass in Skim_TriLep_WWW.root
2026-08-19 12:39:15,713 - INFO - [2018] MISSING_SYSTEMATIC: SR3Mu/UnclusteredEn_Down/NMinusOne/charge_abs1/pair_highM/mass in Skim_TriLep_WWW.root
2026-08-19 12:39:15,713 - INFO - [2018] MISSING_SYSTEMATIC: SR3Mu/BtagSF_HFcorr_Up/NMinusOne/charge_abs1/pair_highM/mass in Skim_TriLep_WWW.root
2026-08-19 12:39:15,713 - INFO - [2018] MISSING_SYSTEMATIC: SR3Mu/BtagSF_HFcorr_Down/NMinusOne/charge_abs1/pair_highM/mass in Skim_TriLep_WWW.root
2026-08-19 12:39:15,714 - INFO - [2018] MISSING_SYSTEMATIC: SR3Mu/BtagSF_HFuncorr_Up/NMinusOne/charge_abs1/pair_highM/mass in Skim_TriLep_WWW.root
2026-08-19 12:39:15,714 - INFO - [2018] MISSING_SYSTEMATIC: SR3Mu/BtagSF_HFuncorr_Down/NMinusOne/charge_abs1/pair_highM/mass in Skim_TriLep_WWW.root
2026-08-19 12:39:15,714 - INFO - [2018] MISSING_SYSTEMATIC: SR3Mu/BtagSF_LFcorr_Up/NMinusOne/charge_abs1/pair_highM/mass in Skim_TriLep_WWW.root
2026-08-19 12:39:15,714 - INFO - [2018] MISSING_SYSTEMATIC: SR3Mu/BtagSF_LFcorr_Down/NMinusOne/charge_abs1/pair_highM/mass in Skim_TriLep_WWW.root
2026-08-19 12:39:15,715 - INFO - [2018] MISSING_SYSTEMATIC: SR3Mu/BtagSF_LFuncorr_Up/NMinusOne/charge_abs1/pair_highM/mass in Skim_TriLep_WWW.root
2026-08-19 12:39:15,715 - INFO - [2018] MISSING_SYSTEMATIC: SR3Mu/BtagSF_LFuncorr_Down/NMinusOne/charge_abs1/pair_highM/mass in Skim_TriLep_WWW.root
2026-08-19 12:39:15,716 - INFO - [2018] MISSING_SYSTEMATIC: SR3Mu/L1Prefire_Up/NMinusOne/charge_abs1/pair_highM/mass in Skim_TriLep_WWZ.root
2026-08-19 12:39:15,716 - INFO - [2018] MISSING_SYSTEMATIC: SR3Mu/L1Prefire_Down/NMinusOne/charge_abs1/pair_highM/mass in Skim_TriLep_WWZ.root
2026-08-19 12:39:15,717 - INFO - [2018] MISSING_SYSTEMATIC: SR3Mu/PileupReweight_Up/NMinusOne/charge_abs1/pair_highM/mass in Skim_TriLep_WWZ.root
2026-08-19 12:39:15,717 - INFO - [2018] MISSING_SYSTEMATIC: SR3Mu/PileupReweight_Down/NMinusOne/charge_abs1/pair_highM/mass in Skim_TriLep_WWZ.root
2026-08-19 12:39:15,717 - INFO - [2018] MISSING_SYSTEMATIC: SR3Mu/PileupJetIDSF_Up/NMinusOne/charge_abs1/pair_highM/mass in Skim_TriLep_WWZ.root
2026-08-19 12:39:15,717 - INFO - [2018] MISSING_SYSTEMATIC: SR3Mu/PileupJetIDSF_Down/NMinusOne/charge_abs1/pair_highM/mass in Skim_TriLep_WWZ.root
2026-08-19 12:39:15,718 - INFO - [2018] MISSING_SYSTEMATIC: SR3Mu/MuonIDSF_Up/NMinusOne/charge_abs1/pair_highM/mass in Skim_TriLep_WWZ.root
2026-08-19 12:39:15,718 - INFO - [2018] MISSING_SYSTEMATIC: SR3Mu/MuonIDSF_Down/NMinusOne/charge_abs1/pair_highM/mass in Skim_TriLep_WWZ.root
2026-08-19 12:39:15,719 - INFO - [2018] MISSING_SYSTEMATIC: SR3Mu/DblMuTrigSF_Up/NMinusOne/charge_abs1/pair_highM/mass in Skim_TriLep_WWZ.root
2026-08-19 12:39:15,719 - INFO - [2018] MISSING_SYSTEMATIC: SR3Mu/DblMuTrigSF_Down/NMinusOne/charge_abs1/pair_highM/mass in Skim_TriLep_WWZ.root
2026-08-19 12:39:15,719 - INFO - [2018] MISSING_SYSTEMATIC: SR3Mu/JetEn_Up/NMinusOne/charge_abs1/pair_highM/mass in Skim_TriLep_WWZ.root
2026-08-19 12:39:15,719 - INFO - [2018] MISSING_SYSTEMATIC: SR3Mu/JetEn_Down/NMinusOne/charge_abs1/pair_highM/mass in Skim_TriLep_WWZ.root
2026-08-19 12:39:15,720 - INFO - [2018] MISSING_SYSTEMATIC: SR3Mu/JetRes_Up/NMinusOne/charge_abs1/pair_highM/mass in Skim_TriLep_WWZ.root
2026-08-19 12:39:15,720 - INFO - [2018] MISSING_SYSTEMATIC: SR3Mu/JetRes_Down/NMinusOne/charge_abs1/pair_highM/mass in Skim_TriLep_WWZ.root
2026-08-19 12:39:15,721 - INFO - [2018] MISSING_SYSTEMATIC: SR3Mu/MuonEn_Up/NMinusOne/charge_abs1/pair_highM/mass in Skim_TriLep_WWZ.root
2026-08-19 12:39:15,721 - INFO - [2018] MISSING_SYSTEMATIC: SR3Mu/MuonEn_Down/NMinusOne/charge_abs1/pair_highM/mass in Skim_TriLep_WWZ.root
2026-08-19 12:39:15,721 - INFO - [2018] MISSING_SYSTEMATIC: SR3Mu/ElectronEn_Up/NMinusOne/charge_abs1/pair_highM/mass in Skim_TriLep_WWZ.root
2026-08-19 12:39:15,721 - INFO - [2018] MISSING_SYSTEMATIC: SR3Mu/ElectronEn_Down/NMinusOne/charge_abs1/pair_highM/mass in Skim_TriLep_WWZ.root
2026-08-19 12:39:15,722 - INFO - [2018] MISSING_SYSTEMATIC: SR3Mu/ElectronRes_Up/NMinusOne/charge_abs1/pair_highM/mass in Skim_TriLep_WWZ.root
2026-08-19 12:39:15,722 - INFO - [2018] MISSING_SYSTEMATIC: SR3Mu/ElectronRes_Down/NMinusOne/charge_abs1/pair_highM/mass in Skim_TriLep_WWZ.root
2026-08-19 12:39:15,723 - INFO - [2018] MISSING_SYSTEMATIC: SR3Mu/UnclusteredEn_Up/NMinusOne/charge_abs1/pair_highM/mass in Skim_TriLep_WWZ.root
2026-08-19 12:39:15,723 - INFO - [2018] MISSING_SYSTEMATIC: SR3Mu/UnclusteredEn_Down/NMinusOne/charge_abs1/pair_highM/mass in Skim_TriLep_WWZ.root
2026-08-19 12:39:15,723 - INFO - [2018] MISSING_SYSTEMATIC: SR3Mu/BtagSF_HFcorr_Up/NMinusOne/charge_abs1/pair_highM/mass in Skim_TriLep_WWZ.root
2026-08-19 12:39:15,723 - INFO - [2018] MISSING_SYSTEMATIC: SR3Mu/BtagSF_HFcorr_Down/NMinusOne/charge_abs1/pair_highM/mass in Skim_TriLep_WWZ.root
2026-08-19 12:39:15,724 - INFO - [2018] MISSING_SYSTEMATIC: SR3Mu/BtagSF_HFuncorr_Up/NMinusOne/charge_abs1/pair_highM/mass in Skim_TriLep_WWZ.root
2026-08-19 12:39:15,724 - INFO - [2018] MISSING_SYSTEMATIC: SR3Mu/BtagSF_HFuncorr_Down/NMinusOne/charge_abs1/pair_highM/mass in Skim_TriLep_WWZ.root
2026-08-19 12:39:15,724 - INFO - [2018] MISSING_SYSTEMATIC: SR3Mu/BtagSF_LFcorr_Up/NMinusOne/charge_abs1/pair_highM/mass in Skim_TriLep_WWZ.root
2026-08-19 12:39:15,725 - INFO - [2018] MISSING_SYSTEMATIC: SR3Mu/BtagSF_LFcorr_Down/NMinusOne/charge_abs1/pair_highM/mass in Skim_TriLep_WWZ.root
2026-08-19 12:39:15,725 - INFO - [2018] MISSING_SYSTEMATIC: SR3Mu/BtagSF_LFuncorr_Up/NMinusOne/charge_abs1/pair_highM/mass in Skim_TriLep_WWZ.root
2026-08-19 12:39:15,725 - INFO - [2018] MISSING_SYSTEMATIC: SR3Mu/BtagSF_LFuncorr_Down/NMinusOne/charge_abs1/pair_highM/mass in Skim_TriLep_WWZ.root
2026-08-19 12:39:15,726 - INFO - [2018] MISSING_SYSTEMATIC: SR3Mu/L1Prefire_Up/NMinusOne/charge_abs1/pair_highM/mass in Skim_TriLep_WZZ.root
2026-08-19 12:39:15,726 - INFO - [2018] MISSING_SYSTEMATIC: SR3Mu/L1Prefire_Down/NMinusOne/charge_abs1/pair_highM/mass in Skim_TriLep_WZZ.root
2026-08-19 12:39:15,727 - INFO - [2018] MISSING_SYSTEMATIC: SR3Mu/PileupReweight_Up/NMinusOne/charge_abs1/pair_highM/mass in Skim_TriLep_WZZ.root
2026-08-19 12:39:15,727 - INFO - [2018] MISSING_SYSTEMATIC: SR3Mu/PileupReweight_Down/NMinusOne/charge_abs1/pair_highM/mass in Skim_TriLep_WZZ.root
2026-08-19 12:39:15,727 - INFO - [2018] MISSING_SYSTEMATIC: SR3Mu/PileupJetIDSF_Up/NMinusOne/charge_abs1/pair_highM/mass in Skim_TriLep_WZZ.root
2026-08-19 12:39:15,727 - INFO - [2018] MISSING_SYSTEMATIC: SR3Mu/PileupJetIDSF_Down/NMinusOne/charge_abs1/pair_highM/mass in Skim_TriLep_WZZ.root
2026-08-19 12:39:15,728 - INFO - [2018] MISSING_SYSTEMATIC: SR3Mu/MuonIDSF_Up/NMinusOne/charge_abs1/pair_highM/mass in Skim_TriLep_WZZ.root
2026-08-19 12:39:15,728 - INFO - [2018] MISSING_SYSTEMATIC: SR3Mu/MuonIDSF_Down/NMinusOne/charge_abs1/pair_highM/mass in Skim_TriLep_WZZ.root
2026-08-19 12:39:15,729 - INFO - [2018] MISSING_SYSTEMATIC: SR3Mu/DblMuTrigSF_Up/NMinusOne/charge_abs1/pair_highM/mass in Skim_TriLep_WZZ.root
2026-08-19 12:39:15,729 - INFO - [2018] MISSING_SYSTEMATIC: SR3Mu/DblMuTrigSF_Down/NMinusOne/charge_abs1/pair_highM/mass in Skim_TriLep_WZZ.root
2026-08-19 12:39:15,729 - INFO - [2018] MISSING_SYSTEMATIC: SR3Mu/JetEn_Up/NMinusOne/charge_abs1/pair_highM/mass in Skim_TriLep_WZZ.root
2026-08-19 12:39:15,729 - INFO - [2018] MISSING_SYSTEMATIC: SR3Mu/JetEn_Down/NMinusOne/charge_abs1/pair_highM/mass in Skim_TriLep_WZZ.root
2026-08-19 12:39:15,730 - INFO - [2018] MISSING_SYSTEMATIC: SR3Mu/JetRes_Up/NMinusOne/charge_abs1/pair_highM/mass in Skim_TriLep_WZZ.root
2026-08-19 12:39:15,730 - INFO - [2018] MISSING_SYSTEMATIC: SR3Mu/JetRes_Down/NMinusOne/charge_abs1/pair_highM/mass in Skim_TriLep_WZZ.root
2026-08-19 12:39:15,731 - INFO - [2018] MISSING_SYSTEMATIC: SR3Mu/MuonEn_Up/NMinusOne/charge_abs1/pair_highM/mass in Skim_TriLep_WZZ.root
2026-08-19 12:39:15,731 - INFO - [2018] MISSING_SYSTEMATIC: SR3Mu/MuonEn_Down/NMinusOne/charge_abs1/pair_highM/mass in Skim_TriLep_WZZ.root
2026-08-19 12:39:15,731 - INFO - [2018] MISSING_SYSTEMATIC: SR3Mu/ElectronEn_Up/NMinusOne/charge_abs1/pair_highM/mass in Skim_TriLep_WZZ.root
2026-08-19 12:39:15,731 - INFO - [2018] MISSING_SYSTEMATIC: SR3Mu/ElectronEn_Down/NMinusOne/charge_abs1/pair_highM/mass in Skim_TriLep_WZZ.root
2026-08-19 12:39:15,732 - INFO - [2018] MISSING_SYSTEMATIC: SR3Mu/ElectronRes_Up/NMinusOne/charge_abs1/pair_highM/mass in Skim_TriLep_WZZ.root
2026-08-19 12:39:15,732 - INFO - [2018] MISSING_SYSTEMATIC: SR3Mu/ElectronRes_Down/NMinusOne/charge_abs1/pair_highM/mass in Skim_TriLep_WZZ.root
2026-08-19 12:39:15,732 - INFO - [2018] MISSING_SYSTEMATIC: SR3Mu/UnclusteredEn_Up/NMinusOne/charge_abs1/pair_highM/mass in Skim_TriLep_WZZ.root
2026-08-19 12:39:15,732 - INFO - [2018] MISSING_SYSTEMATIC: SR3Mu/UnclusteredEn_Down/NMinusOne/charge_abs1/pair_highM/mass in Skim_TriLep_WZZ.root
2026-08-19 12:39:15,733 - INFO - [2018] MISSING_SYSTEMATIC: SR3Mu/BtagSF_HFcorr_Up/NMinusOne/charge_abs1/pair_highM/mass in Skim_TriLep_WZZ.root
2026-08-19 12:39:15,733 - INFO - [2018] MISSING_SYSTEMATIC: SR3Mu/BtagSF_HFcorr_Down/NMinusOne/charge_abs1/pair_highM/mass in Skim_TriLep_WZZ.root
2026-08-19 12:39:15,734 - INFO - [2018] MISSING_SYSTEMATIC: SR3Mu/BtagSF_HFuncorr_Up/NMinusOne/charge_abs1/pair_highM/mass in Skim_TriLep_WZZ.root
2026-08-19 12:39:15,734 - INFO - [2018] MISSING_SYSTEMATIC: SR3Mu/BtagSF_HFuncorr_Down/NMinusOne/charge_abs1/pair_highM/mass in Skim_TriLep_WZZ.root
2026-08-19 12:39:15,734 - INFO - [2018] MISSING_SYSTEMATIC: SR3Mu/BtagSF_LFcorr_Up/NMinusOne/charge_abs1/pair_highM/mass in Skim_TriLep_WZZ.root
2026-08-19 12:39:15,734 - INFO - [2018] MISSING_SYSTEMATIC: SR3Mu/BtagSF_LFcorr_Down/NMinusOne/charge_abs1/pair_highM/mass in Skim_TriLep_WZZ.root
2026-08-19 12:39:15,735 - INFO - [2018] MISSING_SYSTEMATIC: SR3Mu/BtagSF_LFuncorr_Up/NMinusOne/charge_abs1/pair_highM/mass in Skim_TriLep_WZZ.root
2026-08-19 12:39:15,735 - INFO - [2018] MISSING_SYSTEMATIC: SR3Mu/BtagSF_LFuncorr_Down/NMinusOne/charge_abs1/pair_highM/mass in Skim_TriLep_WZZ.root
2026-08-19 12:39:15,736 - INFO - [2018] MISSING_SYSTEMATIC: SR3Mu/L1Prefire_Up/NMinusOne/charge_abs1/pair_highM/mass in Skim_TriLep_ZZZ.root
2026-08-19 12:39:15,736 - INFO - [2018] MISSING_SYSTEMATIC: SR3Mu/L1Prefire_Down/NMinusOne/charge_abs1/pair_highM/mass in Skim_TriLep_ZZZ.root
2026-08-19 12:39:15,737 - INFO - [2018] MISSING_SYSTEMATIC: SR3Mu/PileupReweight_Up/NMinusOne/charge_abs1/pair_highM/mass in Skim_TriLep_ZZZ.root
2026-08-19 12:39:15,737 - INFO - [2018] MISSING_SYSTEMATIC: SR3Mu/PileupReweight_Down/NMinusOne/charge_abs1/pair_highM/mass in Skim_TriLep_ZZZ.root
2026-08-19 12:39:15,737 - INFO - [2018] MISSING_SYSTEMATIC: SR3Mu/PileupJetIDSF_Up/NMinusOne/charge_abs1/pair_highM/mass in Skim_TriLep_ZZZ.root
2026-08-19 12:39:15,737 - INFO - [2018] MISSING_SYSTEMATIC: SR3Mu/PileupJetIDSF_Down/NMinusOne/charge_abs1/pair_highM/mass in Skim_TriLep_ZZZ.root
2026-08-19 12:39:15,738 - INFO - [2018] MISSING_SYSTEMATIC: SR3Mu/MuonIDSF_Up/NMinusOne/charge_abs1/pair_highM/mass in Skim_TriLep_ZZZ.root
2026-08-19 12:39:15,738 - INFO - [2018] MISSING_SYSTEMATIC: SR3Mu/MuonIDSF_Down/NMinusOne/charge_abs1/pair_highM/mass in Skim_TriLep_ZZZ.root
2026-08-19 12:39:15,738 - INFO - [2018] MISSING_SYSTEMATIC: SR3Mu/DblMuTrigSF_Up/NMinusOne/charge_abs1/pair_highM/mass in Skim_TriLep_ZZZ.root
2026-08-19 12:39:15,738 - INFO - [2018] MISSING_SYSTEMATIC: SR3Mu/DblMuTrigSF_Down/NMinusOne/charge_abs1/pair_highM/mass in Skim_TriLep_ZZZ.root
2026-08-19 12:39:15,739 - INFO - [2018] MISSING_SYSTEMATIC: SR3Mu/JetEn_Up/NMinusOne/charge_abs1/pair_highM/mass in Skim_TriLep_ZZZ.root
2026-08-19 12:39:15,739 - INFO - [2018] MISSING_SYSTEMATIC: SR3Mu/JetEn_Down/NMinusOne/charge_abs1/pair_highM/mass in Skim_TriLep_ZZZ.root
2026-08-19 12:39:15,740 - INFO - [2018] MISSING_SYSTEMATIC: SR3Mu/JetRes_Up/NMinusOne/charge_abs1/pair_highM/mass in Skim_TriLep_ZZZ.root
2026-08-19 12:39:15,740 - INFO - [2018] MISSING_SYSTEMATIC: SR3Mu/JetRes_Down/NMinusOne/charge_abs1/pair_highM/mass in Skim_TriLep_ZZZ.root
2026-08-19 12:39:15,740 - INFO - [2018] MISSING_SYSTEMATIC: SR3Mu/MuonEn_Up/NMinusOne/charge_abs1/pair_highM/mass in Skim_TriLep_ZZZ.root
2026-08-19 12:39:15,740 - INFO - [2018] MISSING_SYSTEMATIC: SR3Mu/MuonEn_Down/NMinusOne/charge_abs1/pair_highM/mass in Skim_TriLep_ZZZ.root
2026-08-19 12:39:15,741 - INFO - [2018] MISSING_SYSTEMATIC: SR3Mu/ElectronEn_Up/NMinusOne/charge_abs1/pair_highM/mass in Skim_TriLep_ZZZ.root
2026-08-19 12:39:15,741 - INFO - [2018] MISSING_SYSTEMATIC: SR3Mu/ElectronEn_Down/NMinusOne/charge_abs1/pair_highM/mass in Skim_TriLep_ZZZ.root
2026-08-19 12:39:15,742 - INFO - [2018] MISSING_SYSTEMATIC: SR3Mu/ElectronRes_Up/NMinusOne/charge_abs1/pair_highM/mass in Skim_TriLep_ZZZ.root
2026-08-19 12:39:15,742 - INFO - [2018] MISSING_SYSTEMATIC: SR3Mu/ElectronRes_Down/NMinusOne/charge_abs1/pair_highM/mass in Skim_TriLep_ZZZ.root
2026-08-19 12:39:15,742 - INFO - [2018] MISSING_SYSTEMATIC: SR3Mu/UnclusteredEn_Up/NMinusOne/charge_abs1/pair_highM/mass in Skim_TriLep_ZZZ.root
2026-08-19 12:39:15,742 - INFO - [2018] MISSING_SYSTEMATIC: SR3Mu/UnclusteredEn_Down/NMinusOne/charge_abs1/pair_highM/mass in Skim_TriLep_ZZZ.root
2026-08-19 12:39:15,743 - INFO - [2018] MISSING_SYSTEMATIC: SR3Mu/BtagSF_HFcorr_Up/NMinusOne/charge_abs1/pair_highM/mass in Skim_TriLep_ZZZ.root
2026-08-19 12:39:15,743 - INFO - [2018] MISSING_SYSTEMATIC: SR3Mu/BtagSF_HFcorr_Down/NMinusOne/charge_abs1/pair_highM/mass in Skim_TriLep_ZZZ.root
2026-08-19 12:39:15,744 - INFO - [2018] MISSING_SYSTEMATIC: SR3Mu/BtagSF_HFuncorr_Up/NMinusOne/charge_abs1/pair_highM/mass in Skim_TriLep_ZZZ.root
2026-08-19 12:39:15,744 - INFO - [2018] MISSING_SYSTEMATIC: SR3Mu/BtagSF_HFuncorr_Down/NMinusOne/charge_abs1/pair_highM/mass in Skim_TriLep_ZZZ.root
2026-08-19 12:39:15,744 - INFO - [2018] MISSING_SYSTEMATIC: SR3Mu/BtagSF_LFcorr_Up/NMinusOne/charge_abs1/pair_highM/mass in Skim_TriLep_ZZZ.root
2026-08-19 12:39:15,744 - INFO - [2018] MISSING_SYSTEMATIC: SR3Mu/BtagSF_LFcorr_Down/NMinusOne/charge_abs1/pair_highM/mass in Skim_TriLep_ZZZ.root
2026-08-19 12:39:15,745 - INFO - [2018] MISSING_SYSTEMATIC: SR3Mu/BtagSF_LFuncorr_Up/NMinusOne/charge_abs1/pair_highM/mass in Skim_TriLep_ZZZ.root
2026-08-19 12:39:15,745 - INFO - [2018] MISSING_SYSTEMATIC: SR3Mu/BtagSF_LFuncorr_Down/NMinusOne/charge_abs1/pair_highM/mass in Skim_TriLep_ZZZ.root
2026-08-19 12:39:15,746 - INFO - [2018] MISSING_SYSTEMATIC: SR3Mu/L1Prefire_Up/NMinusOne/charge_abs1/pair_highM/mass in Skim_TriLep_TTTT.root
2026-08-19 12:39:15,746 - INFO - [2018] MISSING_SYSTEMATIC: SR3Mu/L1Prefire_Down/NMinusOne/charge_abs1/pair_highM/mass in Skim_TriLep_TTTT.root
2026-08-19 12:39:15,747 - INFO - [2018] MISSING_SYSTEMATIC: SR3Mu/PileupReweight_Up/NMinusOne/charge_abs1/pair_highM/mass in Skim_TriLep_TTTT.root
2026-08-19 12:39:15,747 - INFO - [2018] MISSING_SYSTEMATIC: SR3Mu/PileupReweight_Down/NMinusOne/charge_abs1/pair_highM/mass in Skim_TriLep_TTTT.root
2026-08-19 12:39:15,747 - INFO - [2018] MISSING_SYSTEMATIC: SR3Mu/PileupJetIDSF_Up/NMinusOne/charge_abs1/pair_highM/mass in Skim_TriLep_TTTT.root
2026-08-19 12:39:15,747 - INFO - [2018] MISSING_SYSTEMATIC: SR3Mu/PileupJetIDSF_Down/NMinusOne/charge_abs1/pair_highM/mass in Skim_TriLep_TTTT.root
2026-08-19 12:39:15,748 - INFO - [2018] MISSING_SYSTEMATIC: SR3Mu/MuonIDSF_Up/NMinusOne/charge_abs1/pair_highM/mass in Skim_TriLep_TTTT.root
2026-08-19 12:39:15,748 - INFO - [2018] MISSING_SYSTEMATIC: SR3Mu/MuonIDSF_Down/NMinusOne/charge_abs1/pair_highM/mass in Skim_TriLep_TTTT.root
2026-08-19 12:39:15,749 - INFO - [2018] MISSING_SYSTEMATIC: SR3Mu/DblMuTrigSF_Up/NMinusOne/charge_abs1/pair_highM/mass in Skim_TriLep_TTTT.root
2026-08-19 12:39:15,749 - INFO - [2018] MISSING_SYSTEMATIC: SR3Mu/DblMuTrigSF_Down/NMinusOne/charge_abs1/pair_highM/mass in Skim_TriLep_TTTT.root
2026-08-19 12:39:15,749 - INFO - [2018] MISSING_SYSTEMATIC: SR3Mu/JetEn_Up/NMinusOne/charge_abs1/pair_highM/mass in Skim_TriLep_TTTT.root
2026-08-19 12:39:15,749 - INFO - [2018] MISSING_SYSTEMATIC: SR3Mu/JetEn_Down/NMinusOne/charge_abs1/pair_highM/mass in Skim_TriLep_TTTT.root
2026-08-19 12:39:15,750 - INFO - [2018] MISSING_SYSTEMATIC: SR3Mu/JetRes_Up/NMinusOne/charge_abs1/pair_highM/mass in Skim_TriLep_TTTT.root
2026-08-19 12:39:15,750 - INFO - [2018] MISSING_SYSTEMATIC: SR3Mu/JetRes_Down/NMinusOne/charge_abs1/pair_highM/mass in Skim_TriLep_TTTT.root
2026-08-19 12:39:15,751 - INFO - [2018] MISSING_SYSTEMATIC: SR3Mu/MuonEn_Up/NMinusOne/charge_abs1/pair_highM/mass in Skim_TriLep_TTTT.root
2026-08-19 12:39:15,751 - INFO - [2018] MISSING_SYSTEMATIC: SR3Mu/MuonEn_Down/NMinusOne/charge_abs1/pair_highM/mass in Skim_TriLep_TTTT.root
2026-08-19 12:39:15,751 - INFO - [2018] MISSING_SYSTEMATIC: SR3Mu/ElectronEn_Up/NMinusOne/charge_abs1/pair_highM/mass in Skim_TriLep_TTTT.root
2026-08-19 12:39:15,751 - INFO - [2018] MISSING_SYSTEMATIC: SR3Mu/ElectronEn_Down/NMinusOne/charge_abs1/pair_highM/mass in Skim_TriLep_TTTT.root
2026-08-19 12:39:15,752 - INFO - [2018] MISSING_SYSTEMATIC: SR3Mu/ElectronRes_Up/NMinusOne/charge_abs1/pair_highM/mass in Skim_TriLep_TTTT.root
2026-08-19 12:39:15,752 - INFO - [2018] MISSING_SYSTEMATIC: SR3Mu/ElectronRes_Down/NMinusOne/charge_abs1/pair_highM/mass in Skim_TriLep_TTTT.root
2026-08-19 12:39:15,753 - INFO - [2018] MISSING_SYSTEMATIC: SR3Mu/UnclusteredEn_Up/NMinusOne/charge_abs1/pair_highM/mass in Skim_TriLep_TTTT.root
2026-08-19 12:39:15,753 - INFO - [2018] MISSING_SYSTEMATIC: SR3Mu/UnclusteredEn_Down/NMinusOne/charge_abs1/pair_highM/mass in Skim_TriLep_TTTT.root
2026-08-19 12:39:15,753 - INFO - [2018] MISSING_SYSTEMATIC: SR3Mu/BtagSF_HFcorr_Up/NMinusOne/charge_abs1/pair_highM/mass in Skim_TriLep_TTTT.root
2026-08-19 12:39:15,753 - INFO - [2018] MISSING_SYSTEMATIC: SR3Mu/BtagSF_HFcorr_Down/NMinusOne/charge_abs1/pair_highM/mass in Skim_TriLep_TTTT.root
2026-08-19 12:39:15,754 - INFO - [2018] MISSING_SYSTEMATIC: SR3Mu/BtagSF_HFuncorr_Up/NMinusOne/charge_abs1/pair_highM/mass in Skim_TriLep_TTTT.root
2026-08-19 12:39:15,754 - INFO - [2018] MISSING_SYSTEMATIC: SR3Mu/BtagSF_HFuncorr_Down/NMinusOne/charge_abs1/pair_highM/mass in Skim_TriLep_TTTT.root
2026-08-19 12:39:15,754 - INFO - [2018] MISSING_SYSTEMATIC: SR3Mu/BtagSF_LFcorr_Up/NMinusOne/charge_abs1/pair_highM/mass in Skim_TriLep_TTTT.root
2026-08-19 12:39:15,754 - INFO - [2018] MISSING_SYSTEMATIC: SR3Mu/BtagSF_LFcorr_Down/NMinusOne/charge_abs1/pair_highM/mass in Skim_TriLep_TTTT.root
2026-08-19 12:39:15,755 - INFO - [2018] MISSING_SYSTEMATIC: SR3Mu/BtagSF_LFuncorr_Up/NMinusOne/charge_abs1/pair_highM/mass in Skim_TriLep_TTTT.root
2026-08-19 12:39:15,755 - INFO - [2018] MISSING_SYSTEMATIC: SR3Mu/BtagSF_LFuncorr_Down/NMinusOne/charge_abs1/pair_highM/mass in Skim_TriLep_TTTT.root
2026-08-19 12:39:15,756 - INFO - [2018] MISSING_SYSTEMATIC: SR3Mu/L1Prefire_Up/NMinusOne/charge_abs1/pair_highM/mass in Skim_TriLep_VBFHToZZTo4L.root
2026-08-19 12:39:15,756 - INFO - [2018] MISSING_SYSTEMATIC: SR3Mu/L1Prefire_Down/NMinusOne/charge_abs1/pair_highM/mass in Skim_TriLep_VBFHToZZTo4L.root
2026-08-19 12:39:15,757 - INFO - [2018] MISSING_SYSTEMATIC: SR3Mu/PileupReweight_Up/NMinusOne/charge_abs1/pair_highM/mass in Skim_TriLep_VBFHToZZTo4L.root
2026-08-19 12:39:15,757 - INFO - [2018] MISSING_SYSTEMATIC: SR3Mu/PileupReweight_Down/NMinusOne/charge_abs1/pair_highM/mass in Skim_TriLep_VBFHToZZTo4L.root
2026-08-19 12:39:15,758 - INFO - [2018] MISSING_SYSTEMATIC: SR3Mu/PileupJetIDSF_Up/NMinusOne/charge_abs1/pair_highM/mass in Skim_TriLep_VBFHToZZTo4L.root
2026-08-19 12:39:15,758 - INFO - [2018] MISSING_SYSTEMATIC: SR3Mu/PileupJetIDSF_Down/NMinusOne/charge_abs1/pair_highM/mass in Skim_TriLep_VBFHToZZTo4L.root
2026-08-19 12:39:15,758 - INFO - [2018] MISSING_SYSTEMATIC: SR3Mu/MuonIDSF_Up/NMinusOne/charge_abs1/pair_highM/mass in Skim_TriLep_VBFHToZZTo4L.root
2026-08-19 12:39:15,758 - INFO - [2018] MISSING_SYSTEMATIC: SR3Mu/MuonIDSF_Down/NMinusOne/charge_abs1/pair_highM/mass in Skim_TriLep_VBFHToZZTo4L.root
2026-08-19 12:39:15,759 - INFO - [2018] MISSING_SYSTEMATIC: SR3Mu/DblMuTrigSF_Up/NMinusOne/charge_abs1/pair_highM/mass in Skim_TriLep_VBFHToZZTo4L.root
2026-08-19 12:39:15,759 - INFO - [2018] MISSING_SYSTEMATIC: SR3Mu/DblMuTrigSF_Down/NMinusOne/charge_abs1/pair_highM/mass in Skim_TriLep_VBFHToZZTo4L.root
2026-08-19 12:39:15,760 - INFO - [2018] MISSING_SYSTEMATIC: SR3Mu/JetEn_Up/NMinusOne/charge_abs1/pair_highM/mass in Skim_TriLep_VBFHToZZTo4L.root
2026-08-19 12:39:15,760 - INFO - [2018] MISSING_SYSTEMATIC: SR3Mu/JetEn_Down/NMinusOne/charge_abs1/pair_highM/mass in Skim_TriLep_VBFHToZZTo4L.root
2026-08-19 12:39:15,760 - INFO - [2018] MISSING_SYSTEMATIC: SR3Mu/JetRes_Up/NMinusOne/charge_abs1/pair_highM/mass in Skim_TriLep_VBFHToZZTo4L.root
2026-08-19 12:39:15,761 - INFO - [2018] MISSING_SYSTEMATIC: SR3Mu/JetRes_Down/NMinusOne/charge_abs1/pair_highM/mass in Skim_TriLep_VBFHToZZTo4L.root
2026-08-19 12:39:15,761 - INFO - [2018] MISSING_SYSTEMATIC: SR3Mu/MuonEn_Up/NMinusOne/charge_abs1/pair_highM/mass in Skim_TriLep_VBFHToZZTo4L.root
2026-08-19 12:39:15,761 - INFO - [2018] MISSING_SYSTEMATIC: SR3Mu/MuonEn_Down/NMinusOne/charge_abs1/pair_highM/mass in Skim_TriLep_VBFHToZZTo4L.root
2026-08-19 12:39:15,762 - INFO - [2018] MISSING_SYSTEMATIC: SR3Mu/ElectronEn_Up/NMinusOne/charge_abs1/pair_highM/mass in Skim_TriLep_VBFHToZZTo4L.root
2026-08-19 12:39:15,763 - INFO - [2018] MISSING_SYSTEMATIC: SR3Mu/ElectronEn_Down/NMinusOne/charge_abs1/pair_highM/mass in Skim_TriLep_VBFHToZZTo4L.root
2026-08-19 12:39:15,763 - INFO - [2018] MISSING_SYSTEMATIC: SR3Mu/ElectronRes_Up/NMinusOne/charge_abs1/pair_highM/mass in Skim_TriLep_VBFHToZZTo4L.root
2026-08-19 12:39:15,763 - INFO - [2018] MISSING_SYSTEMATIC: SR3Mu/ElectronRes_Down/NMinusOne/charge_abs1/pair_highM/mass in Skim_TriLep_VBFHToZZTo4L.root
2026-08-19 12:39:15,764 - INFO - [2018] MISSING_SYSTEMATIC: SR3Mu/UnclusteredEn_Up/NMinusOne/charge_abs1/pair_highM/mass in Skim_TriLep_VBFHToZZTo4L.root
2026-08-19 12:39:15,764 - INFO - [2018] MISSING_SYSTEMATIC: SR3Mu/UnclusteredEn_Down/NMinusOne/charge_abs1/pair_highM/mass in Skim_TriLep_VBFHToZZTo4L.root
2026-08-19 12:39:15,765 - INFO - [2018] MISSING_SYSTEMATIC: SR3Mu/BtagSF_HFcorr_Up/NMinusOne/charge_abs1/pair_highM/mass in Skim_TriLep_VBFHToZZTo4L.root
2026-08-19 12:39:15,765 - INFO - [2018] MISSING_SYSTEMATIC: SR3Mu/BtagSF_HFcorr_Down/NMinusOne/charge_abs1/pair_highM/mass in Skim_TriLep_VBFHToZZTo4L.root
2026-08-19 12:39:15,765 - INFO - [2018] MISSING_SYSTEMATIC: SR3Mu/BtagSF_HFuncorr_Up/NMinusOne/charge_abs1/pair_highM/mass in Skim_TriLep_VBFHToZZTo4L.root
2026-08-19 12:39:15,766 - INFO - [2018] MISSING_SYSTEMATIC: SR3Mu/BtagSF_HFuncorr_Down/NMinusOne/charge_abs1/pair_highM/mass in Skim_TriLep_VBFHToZZTo4L.root
2026-08-19 12:39:15,766 - INFO - [2018] MISSING_SYSTEMATIC: SR3Mu/BtagSF_LFcorr_Up/NMinusOne/charge_abs1/pair_highM/mass in Skim_TriLep_VBFHToZZTo4L.root
2026-08-19 12:39:15,766 - INFO - [2018] MISSING_SYSTEMATIC: SR3Mu/BtagSF_LFcorr_Down/NMinusOne/charge_abs1/pair_highM/mass in Skim_TriLep_VBFHToZZTo4L.root
2026-08-19 12:39:15,767 - INFO - [2018] MISSING_SYSTEMATIC: SR3Mu/BtagSF_LFuncorr_Up/NMinusOne/charge_abs1/pair_highM/mass in Skim_TriLep_VBFHToZZTo4L.root
2026-08-19 12:39:15,767 - INFO - [2018] MISSING_SYSTEMATIC: SR3Mu/BtagSF_LFuncorr_Down/NMinusOne/charge_abs1/pair_highM/mass in Skim_TriLep_VBFHToZZTo4L.root
2026-08-19 12:39:15,768 - INFO - [2018] MISSING_SYSTEMATIC: SR3Mu/L1Prefire_Up/NMinusOne/charge_abs1/pair_highM/mass in Skim_TriLep_ggHToZZTo4L.root
2026-08-19 12:39:15,768 - INFO - [2018] MISSING_SYSTEMATIC: SR3Mu/L1Prefire_Down/NMinusOne/charge_abs1/pair_highM/mass in Skim_TriLep_ggHToZZTo4L.root
2026-08-19 12:39:15,769 - INFO - [2018] MISSING_SYSTEMATIC: SR3Mu/PileupReweight_Up/NMinusOne/charge_abs1/pair_highM/mass in Skim_TriLep_ggHToZZTo4L.root
2026-08-19 12:39:15,769 - INFO - [2018] MISSING_SYSTEMATIC: SR3Mu/PileupReweight_Down/NMinusOne/charge_abs1/pair_highM/mass in Skim_TriLep_ggHToZZTo4L.root
2026-08-19 12:39:15,769 - INFO - [2018] MISSING_SYSTEMATIC: SR3Mu/PileupJetIDSF_Up/NMinusOne/charge_abs1/pair_highM/mass in Skim_TriLep_ggHToZZTo4L.root
2026-08-19 12:39:15,769 - INFO - [2018] MISSING_SYSTEMATIC: SR3Mu/PileupJetIDSF_Down/NMinusOne/charge_abs1/pair_highM/mass in Skim_TriLep_ggHToZZTo4L.root
2026-08-19 12:39:15,770 - INFO - [2018] MISSING_SYSTEMATIC: SR3Mu/MuonIDSF_Up/NMinusOne/charge_abs1/pair_highM/mass in Skim_TriLep_ggHToZZTo4L.root
2026-08-19 12:39:15,770 - INFO - [2018] MISSING_SYSTEMATIC: SR3Mu/MuonIDSF_Down/NMinusOne/charge_abs1/pair_highM/mass in Skim_TriLep_ggHToZZTo4L.root
2026-08-19 12:39:15,771 - INFO - [2018] MISSING_SYSTEMATIC: SR3Mu/DblMuTrigSF_Up/NMinusOne/charge_abs1/pair_highM/mass in Skim_TriLep_ggHToZZTo4L.root
2026-08-19 12:39:15,771 - INFO - [2018] MISSING_SYSTEMATIC: SR3Mu/DblMuTrigSF_Down/NMinusOne/charge_abs1/pair_highM/mass in Skim_TriLep_ggHToZZTo4L.root
2026-08-19 12:39:15,771 - INFO - [2018] MISSING_SYSTEMATIC: SR3Mu/JetEn_Up/NMinusOne/charge_abs1/pair_highM/mass in Skim_TriLep_ggHToZZTo4L.root
2026-08-19 12:39:15,771 - INFO - [2018] MISSING_SYSTEMATIC: SR3Mu/JetEn_Down/NMinusOne/charge_abs1/pair_highM/mass in Skim_TriLep_ggHToZZTo4L.root
2026-08-19 12:39:15,772 - INFO - [2018] MISSING_SYSTEMATIC: SR3Mu/JetRes_Up/NMinusOne/charge_abs1/pair_highM/mass in Skim_TriLep_ggHToZZTo4L.root
2026-08-19 12:39:15,772 - INFO - [2018] MISSING_SYSTEMATIC: SR3Mu/JetRes_Down/NMinusOne/charge_abs1/pair_highM/mass in Skim_TriLep_ggHToZZTo4L.root
2026-08-19 12:39:15,773 - INFO - [2018] MISSING_SYSTEMATIC: SR3Mu/MuonEn_Up/NMinusOne/charge_abs1/pair_highM/mass in Skim_TriLep_ggHToZZTo4L.root
2026-08-19 12:39:15,773 - INFO - [2018] MISSING_SYSTEMATIC: SR3Mu/MuonEn_Down/NMinusOne/charge_abs1/pair_highM/mass in Skim_TriLep_ggHToZZTo4L.root
2026-08-19 12:39:15,773 - INFO - [2018] MISSING_SYSTEMATIC: SR3Mu/ElectronEn_Up/NMinusOne/charge_abs1/pair_highM/mass in Skim_TriLep_ggHToZZTo4L.root
2026-08-19 12:39:15,773 - INFO - [2018] MISSING_SYSTEMATIC: SR3Mu/ElectronEn_Down/NMinusOne/charge_abs1/pair_highM/mass in Skim_TriLep_ggHToZZTo4L.root
2026-08-19 12:39:15,774 - INFO - [2018] MISSING_SYSTEMATIC: SR3Mu/ElectronRes_Up/NMinusOne/charge_abs1/pair_highM/mass in Skim_TriLep_ggHToZZTo4L.root
2026-08-19 12:39:15,774 - INFO - [2018] MISSING_SYSTEMATIC: SR3Mu/ElectronRes_Down/NMinusOne/charge_abs1/pair_highM/mass in Skim_TriLep_ggHToZZTo4L.root
2026-08-19 12:39:15,775 - INFO - [2018] MISSING_SYSTEMATIC: SR3Mu/UnclusteredEn_Up/NMinusOne/charge_abs1/pair_highM/mass in Skim_TriLep_ggHToZZTo4L.root
2026-08-19 12:39:15,775 - INFO - [2018] MISSING_SYSTEMATIC: SR3Mu/UnclusteredEn_Down/NMinusOne/charge_abs1/pair_highM/mass in Skim_TriLep_ggHToZZTo4L.root
2026-08-19 12:39:15,775 - INFO - [2018] MISSING_SYSTEMATIC: SR3Mu/BtagSF_HFcorr_Up/NMinusOne/charge_abs1/pair_highM/mass in Skim_TriLep_ggHToZZTo4L.root
2026-08-19 12:39:15,775 - INFO - [2018] MISSING_SYSTEMATIC: SR3Mu/BtagSF_HFcorr_Down/NMinusOne/charge_abs1/pair_highM/mass in Skim_TriLep_ggHToZZTo4L.root
2026-08-19 12:39:15,776 - INFO - [2018] MISSING_SYSTEMATIC: SR3Mu/BtagSF_HFuncorr_Up/NMinusOne/charge_abs1/pair_highM/mass in Skim_TriLep_ggHToZZTo4L.root
2026-08-19 12:39:15,776 - INFO - [2018] MISSING_SYSTEMATIC: SR3Mu/BtagSF_HFuncorr_Down/NMinusOne/charge_abs1/pair_highM/mass in Skim_TriLep_ggHToZZTo4L.root
2026-08-19 12:39:15,776 - INFO - [2018] MISSING_SYSTEMATIC: SR3Mu/BtagSF_LFcorr_Up/NMinusOne/charge_abs1/pair_highM/mass in Skim_TriLep_ggHToZZTo4L.root
2026-08-19 12:39:15,777 - INFO - [2018] MISSING_SYSTEMATIC: SR3Mu/BtagSF_LFcorr_Down/NMinusOne/charge_abs1/pair_highM/mass in Skim_TriLep_ggHToZZTo4L.root
2026-08-19 12:39:15,777 - INFO - [2018] MISSING_SYSTEMATIC: SR3Mu/BtagSF_LFuncorr_Up/NMinusOne/charge_abs1/pair_highM/mass in Skim_TriLep_ggHToZZTo4L.root
2026-08-19 12:39:15,777 - INFO - [2018] MISSING_SYSTEMATIC: SR3Mu/BtagSF_LFuncorr_Down/NMinusOne/charge_abs1/pair_highM/mass in Skim_TriLep_ggHToZZTo4L.root
