{
  "hyperparameters": {
    "signal": "MHc100_MA95",
    "channel": "Run3Mu",
    "iteration": 2,
    "model_idx": 8,
    "num_hidden": 128,
    "optimizer": "Adadelta",
    "initial_lr": 0.0005,
    "weight_decay": 3e-05,
    "scheduler": "ExponentialLR",
    "pilot_mode": false,
    "num_classes": 4,
    "model_type": "ParticleNet",
    "num_node_features": 9,
    "num_graph_features": 4,
    "dropout_p": 0.3,
    "batch_size": 1024,
    "train_folds": [
      0,
      1,
      2
    ],
    "valid_folds": [
      3
    ]
  },
  "training_summary": {
    "best_epoch": 78,
    "best_train_loss": 0.8762743990736033,
    "best_valid_loss": 0.900610017817998,
    "best_train_acc": 0.7009270753285649,
    "best_valid_acc": 0.6925190499568875,
    "total_epochs": 81
  },
  "epoch_history": {
    "train_loss": [
      1.1853846017525427,
      1.1646726655542605,
      1.1543038586272405,
      1.146847421993468,
      1.1501531504051978,
      1.1487106151164521,
      1.1509324392409537,
      1.1487207415413139,
      1.1442294455178723,
      1.141258359859712,
      1.129654741243072,
      1.1165922354495568,
      1.105713736982534,
      1.0930485254462992,
      1.07388651452979,
      1.0582402419420076,
      1.0439470715606793,
      1.03537252165989,
      1.0196302307369034,
      1.0179128023294544,
      1.0010886176317904,
      0.9900672840790057,
      0.9879822414542234,
      0.9815505301252466,
      0.9737587875824517,
      0.9707217757334959,
      0.9636833351921329,
      0.9583911515291943,
      0.9484561659268413,
      0.944787389419224,
      0.9445194644938878,
      0.9420579522164011,
      0.9313752470646425,
      0.9330154677212141,
      0.9264121380347006,
      0.9246816338292851,
      0.9214788456445068,
      0.9184993214659948,
      0.9158158358148436,
      0.9171283744949363,
      0.9154947162411273,
      0.9120195703021092,
      0.9099400961987792,
      0.9080039736146478,
      0.9031879284515394,
      0.9041453434277182,
      0.9017122902104466,
      0.9014582011512281,
      0.8979804031917167,
      0.8995061441953063,
      0.8958837481807753,
      0.8954660424255803,
      0.8914540593690965,
      0.8914251888057394,
      0.8910081401928003,
      0.8918997406232156,
      0.8902829159146481,
      0.8880053584700442,
      0.8889111504472036,
      0.887589374092825,
      0.889906915391561,
      0.8849431039199428,
      0.8826918915960079,
      0.8849901512766207,
      0.8826321500789586,
      0.8835769025642723,
      0.8813140832660561,
      0.8828928370188044,
      0.8833485272399959,
      0.8807898975150402,
      0.883046408668524,
      0.878113525977513,
      0.8806062662923976,
      0.8814742872720681,
      0.8786908454431753,
      0.879050551203508,
      0.8798538709809135,
      0.877930547888328,
      0.8762743990736033,
      0.8782707637734676,
      0.8773752610785994
    ],
    "valid_loss": [
      1.1927220660273556,
      1.167738731697808,
      1.153799403563574,
      1.143184832920623,
      1.1432771983608832,
      1.1400818155887045,
      1.1411099231568367,
      1.1389645448051737,
      1.135397719561035,
      1.1340086502163265,
      1.1247638597751186,
      1.1142225313700291,
      1.1060532480726035,
      1.095835504275765,
      1.0793793399577036,
      1.065918151813417,
      1.053756052937746,
      1.04666668239283,
      1.0325802082868667,
      1.0320152478903681,
      1.0164953091689004,
      1.0064395702009798,
      1.0050232289396512,
      0.9994452294622326,
      0.992271000336188,
      0.9898465159950631,
      0.9831754181629755,
      0.9784891362019864,
      0.9690410267669396,
      0.9655646169725498,
      0.9656726191006663,
      0.9634643150286059,
      0.9530932887325648,
      0.9549735096710021,
      0.9485583433091732,
      0.947052277555477,
      0.944108038905985,
      0.9412150111772328,
      0.9387309106101949,
      0.9400059873471562,
      0.9387107570150828,
      0.9352824677187128,
      0.933233603321472,
      0.931518295578482,
      0.926713693209266,
      0.9277170464234241,
      0.9253608978680544,
      0.9252040598592939,
      0.9217586018835555,
      0.9233354540050903,
      0.9197094247424852,
      0.9194449711287789,
      0.9153784935510269,
      0.9154581984059423,
      0.9149961143618832,
      0.9159156713670678,
      0.9143112078935809,
      0.9121165779285344,
      0.913010083272008,
      0.9117499764389576,
      0.9140535986357737,
      0.909126923184185,
      0.9069090079050198,
      0.9091529962494591,
      0.9069105754012662,
      0.9078108404936125,
      0.9055684669850652,
      0.907116610633179,
      0.9077606435981553,
      0.9051258480968029,
      0.9074373299338337,
      0.902419726102399,
      0.9049199201345126,
      0.9057810811686935,
      0.9030443034802302,
      0.9034030569126971,
      0.9042426431551691,
      0.9022613817864021,
      0.900610017817998,
      0.9026063480506799,
      0.9018096540452537
    ],
    "train_acc": [
      0.5509973530899227,
      0.5943084865322851,
      0.5808309195877914,
      0.5393736084018049,
      0.49284907358147295,
      0.4833418717529375,
      0.48668170742120026,
      0.510861854938819,
      0.5425607377194538,
      0.5734501126414586,
      0.6095938996275936,
      0.6398330410566623,
      0.661105199897539,
      0.6760031001031178,
      0.6864725161408971,
      0.6912901552021964,
      0.6935167123143715,
      0.6942342679618793,
      0.6948483773718744,
      0.6949616756320073,
      0.6951422960467117,
      0.6952391742691442,
      0.6952703723407749,
      0.6952982864048656,
      0.6953097804312559,
      0.6953212744576461,
      0.6953294844764963,
      0.6953393364991166,
      0.6953459045141968,
      0.6953442625104267,
      0.6953491885217369,
      0.6953573985405871,
      0.6953820285971377,
      0.6953853126046777,
      0.6954296467064688,
      0.6954509927554794,
      0.6954986108648106,
      0.6955445869703717,
      0.6956135511287134,
      0.6956168351362535,
      0.6956890833021353,
      0.6957695414868672,
      0.6958499996715992,
      0.6959797179694325,
      0.6961931784595378,
      0.6962095984972382,
      0.6963885769081726,
      0.6964690350929046,
      0.6967136936546406,
      0.6966627915377693,
      0.6969222281334357,
      0.697051946431269,
      0.6974279652946083,
      0.6976364997734035,
      0.697659487826184,
      0.6975429055585112,
      0.6978023421541776,
      0.6981537309609663,
      0.698102828844095,
      0.6983409193907509,
      0.6979960985990424,
      0.6987596303521113,
      0.6991799833172417,
      0.698749778329491,
      0.6993573197244061,
      0.6991635632795413,
      0.6996200403276126,
      0.6992785035434441,
      0.69951495208633,
      0.6998499208554183,
      0.6994689759807688,
      0.7003113239147997,
      0.6998876869421292,
      0.6996742264520239,
      0.7003507320052806,
      0.7002144456923673,
      0.7002177296999074,
      0.7004410422126329,
      0.7009270753285649,
      0.7004508942352532,
      0.7007349608874702
    ],