{
  "hyperparameters": {
    "signal": "MHc100_MA95",
    "channel": "Run3Mu",
    "iteration": 2,
    "model_idx": 14,
    "num_hidden": 96,
    "optimizer": "RMSprop",
    "initial_lr": 0.0003,
    "weight_decay": 0.00975,
    "scheduler": "ReduceLROnPlateau",
    "pilot_mode": false,
    "num_classes": 4,
    "model_type": "ParticleNet",
    "num_node_features": 9,
    "num_graph_features": 4,
    "dropout_p": 0.3,
    "batch_size": 1024,
    "train_folds": [
      0,
      1,
      2
    ],
    "valid_folds": [
      3
    ]
  },
  "training_summary": {
    "best_epoch": 4,
    "best_train_loss": 0.7762943076477313,
    "best_valid_loss": 0.793505550106102,
    "best_train_acc": 0.7126624762730456,
    "best_valid_acc": 0.7052258972148076,
    "total_epochs": 12
  },
  "epoch_history": {
    "train_loss": [
      0.7784432830883707,
      0.7937376051365073,
      0.7769711984465015,
      1.0315527166841731,
      0.7762943076477313,
      0.8089994310641342,
      0.7979500041537564,
      0.8102089739954196,
      0.8496838136734747,
      0.7934738216004403,
      0.8437635767975298,
      0.7868984006663597
    ],
    "valid_loss": [
      0.7959811378465375,
      0.81066153011098,
      0.7939150878988842,
      1.0649314901050713,
      0.793505550106102,
      0.8273573251973713,
      0.8153927235463482,
      0.8269736698522474,
      0.8609425612124584,
      0.8081359733600838,
      0.8648210079838574,
      0.8043161403724198
    ],
    "train_acc": [
      0.7093489126651035,
      0.7016413469685326,
      0.7072783459110822,
      0.5752119826867123,
      0.7126624762730456,
      0.6990010049063072,
      0.7024541388347028,
      0.6984542176508838,
      0.6700951705385115,
      0.7017415091985051,
      0.6628522919088622,
      0.701692249085404
    ],
    "valid_acc": [
      0.7003783174979062,
      0.6936659666899075,
      0.6981174888299386,
      0.548981183139499,
      0.7052258972148076,
      0.6889297781665009,
      0.6944168258460574,
      0.6924447891612243,
      0.6655912603294704,
      0.6940083914699099,
      0.6490022236982701,
      0.6938062370817157
    ],
    "epoch": [
      0,
      1,
      2,
      3,
      4,
      5,
      6,
      7,
      8,
      9,
      10,
      11
    ],
    "timestamp": [
      1760742603.199922,
      1760742962.6021802,
      1760743293.461712,
      1760743664.5088584,
      1760744027.2239249,
      1760744393.9803026,
      1760744720.4138749,
      1760745096.953505,
      1760745469.7917416,
      1760745843.3483515,
      1760746211.001833,
      1760746515.4698842
    ]
  }
}