{
  "hyperparameters": {
    "signal": "MHc100_MA95",
    "channel": "Run3Mu",
    "iteration": 2,
    "model_idx": 12,
    "num_hidden": 128,
    "optimizer": "Adam",
    "initial_lr": 0.0001,
    "weight_decay": 0.00019,
    "scheduler": "ReduceLROnPlateau",
    "pilot_mode": false,
    "num_classes": 4,
    "model_type": "ParticleNet",
    "num_node_features": 9,
    "num_graph_features": 4,
    "dropout_p": 0.3,
    "batch_size": 1024,
    "train_folds": [
      0,
      1,
      2
    ],
    "valid_folds": [
      3
    ]
  },
  "training_summary": {
    "best_epoch": 78,
    "best_train_loss": 0.68553963581187,
    "best_valid_loss": 0.7079124200922897,
    "best_train_acc": 0.7373828430310077,
    "best_valid_acc": 0.7272937303260462,
    "total_epochs": 81
  },
  "epoch_history": {
    "train_loss": [
      0.901185143761471,
      0.8263544257512898,
      0.7996959665859481,
      0.7860280382478416,
      0.7801872091512628,
      0.7709797311383347,
      0.7632178223729005,
      0.7582575243123032,
      0.7570220252140005,
      0.7520940417755713,
      0.7505836720078355,
      0.747818868585384,
      0.7459405752213087,
      0.7442666365625159,
      0.741979626471819,
      0.7408260663081082,
      0.7380509224911875,
      0.7384622125656365,
      0.7359875150499908,
      0.734577262513467,
      0.7356780651882489,
      0.7330374449154238,
      0.7311382507796055,
      0.7307675058912658,
      0.7300609445734444,
      0.7289987222725214,
      0.7276967475776212,
      0.7285340647704871,
      0.7259034564713331,
      0.7255146601648385,
      0.7240280799088767,
      0.723714161038827,
      0.7230282263911672,
      0.7223248614886437,
      0.7214528703956098,
      0.720345316403447,
      0.7196184066260638,
      0.7179338086227898,
      0.7179211371622385,
      0.7182401491102661,
      0.7165583831726376,
      0.7128845095782441,
      0.7082922928601981,
      0.7054857622574684,
      0.7029094823950641,
      0.7038406789787092,
      0.7018627876731275,
      0.7007615452331758,
      0.7007311876061016,
      0.6985507719624162,
      0.698949593872496,
      0.6971561298867828,
      0.696483352616134,
      0.6947306555030743,
      0.695133492926158,
      0.6958024586815247,
      0.6939022437052278,
      0.6941236393609521,
      0.6935015747914566,
      0.6933101249590045,
      0.6932622377089797,
      0.6941555336606219,
      0.6912996191731444,
      0.6911212934947877,
      0.6923411925049654,
      0.6917030004899328,
      0.6906273089776036,
      0.6896308915011085,
      0.6906588032493164,
      0.6897462199670135,
      0.6895541197070425,
      0.6888726142302576,
      0.6877834484955243,
      0.6880938649787484,
      0.688279198637795,
      0.6883363765283528,
      0.686261883457089,
      0.6853983401046426,
      0.68553963581187,
      0.6863833262924404,
      0.6871049026643897
    ],
    "valid_loss": [
      0.9298712123227185,
      0.8497372058926812,
      0.8204818961088084,
      0.8061291090490131,
      0.8005148798860638,
      0.7908262714534411,
      0.7830087882003142,
      0.777407341748923,
      0.7765095964854821,
      0.7708843036948098,
      0.7698450096173209,
      0.7669497063120903,
      0.7650316536943682,
      0.7632467264554439,
      0.7610448590643553,
      0.7602232913486141,
      0.7572709296691765,
      0.7578332788309643,
      0.7553185706649326,
      0.7541536165196846,
      0.7556745461667022,
      0.7529142610706763,
      0.7510748255032458,
      0.7510999049395741,
      0.7502638865451847,
      0.749591824481064,
      0.7478885196045116,
      0.7489595370361537,
      0.7465776787724709,
      0.7462203075065739,
      0.7446508622769404,
      0.744389204975815,
      0.7440322373559393,
      0.743178792684003,
      0.7425239217100404,
      0.7414344460972987,
      0.7408034076132529,
      0.7392511189762698,
      0.7392535322909726,
      0.7394717793888227,
      0.7380624418769873,
      0.7337389321822148,
      0.7288031947137723,
      0.7264727578811687,
      0.7235525373030768,
      0.7246083997529378,
      0.7225800880643112,
      0.721621678052167,
      0.7217657071614804,
      0.7194402966409367,
      0.7201504933077132,
      0.7182732535079202,
      0.7174942063626449,
      0.7157835754241181,
      0.7163720616100631,
      0.7169988367561253,
      0.7151855681778405,
      0.7155338512389949,
      0.7147893146954154,
      0.7145903741151878,
      0.7147092459799254,
      0.7155511475843227,
      0.7127453716068715,
      0.7127773530628162,
      0.7140397400048644,
      0.713289322769343,
      0.7122931269067201,
      0.711782714372368,
      0.7124913075345506,
      0.7116327261333489,
      0.7116506229115763,
      0.7110278086837396,
      0.7099908819662444,
      0.7103926890438043,
      0.7105153910132254,
      0.7105877050918635,
      0.7087851066934487,
      0.7079273634306016,
      0.7079124200922897,
      0.7088641690637583,
      0.7093422661206763
    ],
    "train_acc": [
      0.7061453633097542,
      0.7069088950628231,
      0.7080615817093916,
      0.7095147550458776,
      0.7114342574530551,
      0.712642772227805,
      0.714260145941295,
      0.7147231910044466,
      0.7149530715322523,
      0.715061443781075,
      0.7156131570478086,
      0.7159842498998378,
      0.7163734047933374,
      0.7165277531477212,
      0.7171911226708176,
      0.7179431603974963,
      0.7183963534380275,
      0.7175031033871254,
      0.7180269025897683,
      0.719187799255187,
      0.7187034081430251,
      0.7194160377792227,
      0.7199020708951548,
      0.7202485336906334,
      0.7201040373588697,
      0.7209677313419112,
      0.721000571417312,
      0.7209726573532212,
      0.7215473586727356,
      0.7212895640808391,
      0.7228905177566287,
      0.7216951390120392,
      0.7219923416944165,
      0.7225539069837704,
      0.722455386757568,
      0.7234520830459826,
      0.7235801593400458,
      0.7241269465954694,
      0.7243666791458954,
      0.7239742402448556,
      0.7243781731722856,
      0.7258773226143327,
      0.7288050153363153,
      0.7300332341563056,
      0.7307688518452838,
      0.7302384846275607,
      0.7314010232967495,
      0.7320709608349261,
      0.7319954286615042,
      0.7326210320978896,
      0.7328082205276744,
      0.7327638864258832,
      0.733524134171412,
      0.734328716018732,
      0.7337507306916776,
      0.7336308644164647,
      0.7343205059998817,
      0.7340807734494559,
      0.7343369260375822,
      0.7344797803655757,
      0.7344223102336243,
      0.7339297091026121,
      0.7351874839904633,
      0.7355158847444714,
      0.7352695841789653,
      0.7348213171497442,
      0.7354124385069588,
      0.7361743282562577,
      0.7351464338962123,
      0.7354452785823596,
      0.7357309872383467,
      0.7360052018679435,
      0.7364009247765233,
      0.7363582326785022,
      0.7359674357812326,
      0.7358295074645491,
      0.7367785856436326,
      0.7376258595889736,
      0.7373828430310077,
      0.7367703756247824,
      0.736591397213848
    ],