process,threshold,initial_sensitivity,max_sensitivity,improvement
MHc-160_MA-85,0.68,1.5397906156046732,2.0107058084982343,0.3058306682227918
