process,threshold,initial_sensitivity,max_sensitivity,improvement
MHc-100_MA-95,0.72,0.839101454679509,1.1761094617327108,0.4016296303310789
