{
  "hyperparameters": {
    "signal": "MHc145_MA92",
    "channel": "Combined",
    "iteration": 0,
    "model_idx": 11,
    "num_hidden": 64,
    "optimizer": "Adadelta",
    "initial_lr": 0.0094,
    "weight_decay": 0.00069,
    "scheduler": "ReduceLROnPlateau",
    "pilot_mode": false,
    "num_classes": 4,
    "model_type": "ParticleNet",
    "num_node_features": 9,
    "num_graph_features": 4,
    "dropout_p": 0.4,
    "batch_size": 1024,
    "train_folds": [
      0,
      1,
      2
    ],
    "valid_folds": [
      3
    ]
  },
  "training_summary": {
    "best_epoch": 79,
    "best_train_loss": 1.031146616603516,
    "best_valid_loss": 1.0679418205281932,
    "best_train_acc": 0.5419963481436397,
    "best_valid_acc": 0.5250936245599085,
    "total_epochs": 81
  },
  "epoch_history": {
    "train_loss": [
      1.3466949188060022,
      1.338117179846212,
      1.3497161499699755,
      1.3357263368137668,
      1.2633032534884157,
      1.219727044373821,
      1.189520353304638,
      1.1606155544535726,
      1.1488209735726616,
      1.1430942686874999,
      1.1323960653072125,
      1.1293905255856924,
      1.124364956614242,
      1.121249763938256,
      1.117117598340459,
      1.1140804963171502,
      1.112661624482502,
      1.1099948214477287,
      1.1084502077092007,
      1.1056556086129243,
      1.103800631502949,
      1.1014893267027344,
      1.0994213475873686,
      1.0972270593686024,
      1.0948613260665148,
      1.0919385620677708,
      1.0897137223992293,
      1.0872899441941057,
      1.085348813553272,
      1.0815057715832386,
      1.079367322231168,
      1.0774953472947402,
      1.0749196118839779,
      1.071936946775349,
      1.0700004706319601,
      1.0676107047694277,
      1.0682602405999964,
      1.06659786825576,
      1.0623425537317808,
      1.0603879307966186,
      1.058145927947722,
      1.0566463431260447,
      1.0574036844678765,
      1.0555216445025877,
      1.0542169898713727,
      1.05600525212611,
      1.0528704153844575,
      1.0493448948281008,
      1.0502889870052492,
      1.050292755086748,
      1.0476960829072337,
      1.0477826387208822,
      1.0470411489899576,
      1.0441956385696078,
      1.044797572310625,
      1.0438230890156357,
      1.0433024193335605,
      1.0446289719389594,
      1.0416492037381258,
      1.0420703093535368,
      1.0426666580084165,
      1.039222788375211,
      1.0392528044912677,
      1.0384166693128483,
      1.0396265534580122,
      1.0389673268637871,
      1.0383392696675542,
      1.038008242087602,
      1.0371444918816788,
      1.036143817671049,
      1.0372148059781576,
      1.0352987720259939,
      1.0375608333576272,
      1.034804449491628,
      1.034774281052335,
      1.0347188553426254,
      1.033485392932261,
      1.0323105618747186,
      1.0325587639126483,
      1.031146616603516,
      1.0313799451993482
    ],
    "valid_loss": [
      1.3639385856505404,
      1.3590080217260465,
      1.3743622046535164,
      1.3661345600630066,
      1.3001967652039228,
      1.2592615282356712,
      1.2301865148412787,
      1.200815222662349,
      1.1891919774788664,
      1.1833038543940013,
      1.17211638942013,
      1.1695479518606458,
      1.1645817475103657,
      1.161492861221064,
      1.1571776433895984,
      1.1538851884706716,
      1.1530083401879547,
      1.1500462448273756,
      1.1500579614647624,
      1.1468502926045347,
      1.1453558651685014,
      1.1435144906183765,
      1.141310033416902,
      1.1385458774988815,
      1.1370321210543364,
      1.133862978985478,
      1.1308742814302162,
      1.1291860480741924,
      1.1269862795807468,
      1.1227759380792681,
      1.1208438844633524,
      1.1185784754262194,
      1.116445705071725,
      1.1117328657229355,
      1.1106266923113601,
      1.10725984767337,
      1.1094868182013211,
      1.108158826897508,
      1.1021654136171308,
      1.0996168404052356,
      1.0971203970550365,
      1.0958816884699762,
      1.0974757344842563,
      1.0950646055171642,
      1.093423013214713,
      1.0964722182006301,
      1.0922786148136645,
      1.0874813606704132,
      1.0894938048844198,
      1.0899217029147488,
      1.0859261730189729,
      1.0868466023338264,
      1.0862282665371508,
      1.0822121362667123,
      1.0835726294447905,
      1.0823390372915347,
      1.0818461156662926,
      1.0842389770641947,
      1.0795996248517572,
      1.0807368761596037,
      1.0818793579304133,
      1.0763401523119849,
      1.0774005970903462,
      1.0764768584766404,
      1.0783672214284186,
      1.0778581255996893,
      1.0770554541151403,
      1.0764569919904323,
      1.0757243610440508,
      1.0744149762377475,
      1.0760245721498918,
      1.0735300545832203,
      1.0769854191373818,
      1.0728037745650045,
      1.073220558791836,
      1.0734479802932586,
      1.0715692101956067,
      1.069909806619689,
      1.0705271996276184,
      1.0679418205281932,
      1.069125533331171
    ],
    "train_acc": [
      0.3016518101342866,
      0.28898780403245067,
      0.2923526737906115,
      0.3577182061218672,
      0.4584408730556176,
      0.4908838416912564,
      0.4957992095348891,
      0.4958608442413923,
      0.4958165442960931,
      0.49598603973897704,
      0.4956817183756173,
      0.4961131613211399,
      0.4963019176098061,
      0.4958512138185012,
      0.4962460611570375,
      0.49653882601292787,
      0.49658119987364885,
      0.49652341733630206,
      0.4998497654028984,
      0.4997110873132661,
      0.500442999452992,
      0.5028217139071011,
      0.5021822538271301,
      0.5018008890806414,
      0.5042855381865529,
      0.5055201584011957,
      0.5050713806944691,
      0.5083149071242017,
      0.507525212447129,
      0.5097093923588373,
      0.5105896130110865,
      0.5107533302002357,
      0.5124829541514827,
      0.511778007195852,
      0.5139544827692474,
      0.5139795218687643,
      0.515169842138108,
      0.5167415271539404,
      0.5165932186414169,
      0.5164892100741928,
      0.5180435603288212,
      0.5204954659969029,
      0.520803639529419,
      0.5215394038383013,
      0.5218495034553957,
      0.5218591338782869,
      0.5237678836953088,
      0.5258730941393098,
      0.5259655461990647,
      0.5266107845327704,
      0.5268669537816745,
      0.527629683274652,
      0.5293804941562594,
      0.5304475450125966,
      0.5311101181075063,
      0.5321290168493878,
      0.5336082498054655,
      0.5340647318505051,
      0.5334907586461937,
      0.5345732181791567,
      0.5337989321787099,
      0.5338971624921993,
      0.5366842068768923,
      0.5374719754693869,
      0.537217732305061,
      0.5378205967780457,
      0.537934235768161,
      0.5383117483454933,
      0.539407690470504,
      0.5401646417097468,
      0.5395598511521837,
      0.5402513155157669,
      0.5404342935506984,
      0.5397062335801289,
      0.540567193386596,
      0.5412259143123492,
      0.5409832276554928,
      0.5419289351834018,
      0.5415263835065526,
      0.5419963481436397,
      0.5426531429848147
    ],