{
  "syst": "TT",
  "observed": 18.5496729593724,
  "expected": 16.727901969861705,
  "difference": 0.10890612539414335,
  "max_bin_difference": 0.5663112693434528,
  "max_bin_difference_bin": 4,
  "max_bin_difference_filtered": 0.5663112693434528,
  "max_bin_difference_filtered_bin": 4,
  "snr_threshold": 3.0,
  "mass_range_min": 10.0,
  "mass_range_max": 160.0,
  "percentile_68_difference": 0.23212284388797896,
  "percentile_95_difference": 0.5140943278660348,
  "rms_bin_difference": 0.3035387420433313,
  "chi2": 4.385299621515629,
  "ndf": 3,
  "chi2_per_ndf": 1.4617665405052096,
  "p_value": 0.22275233070225303,
  "closure_uncertainty_scale": 1.2000000000000002,
  "recommended_systematic_pct": 20.000000000000018
}