{
  "hyperparameters": {
    "signal": "MHc115_MA87",
    "channel": "Combined",
    "iteration": 3,
    "model_idx": 7,
    "num_hidden": 192,
    "optimizer": "Adam",
    "initial_lr": 0.0016,
    "weight_decay": 0.00075,
    "scheduler": "CyclicLR",
    "pilot_mode": false,
    "num_classes": 4,
    "model_type": "ParticleNet",
    "num_node_features": 9,
    "num_graph_features": 4,
    "dropout_p": 0.4,
    "batch_size": 256,
    "train_folds": [
      0,
      1,
      2
    ],
    "valid_folds": [
      3
    ],
    "loss_type": "disco",
    "disco_lambda": 0.05
  },
  "training_summary": {
    "best_epoch": 8,
    "best_train_loss": 0.6871228806515958,
    "best_valid_loss": 0.6800800914495764,
    "best_train_acc": 0.5371703431010246,
    "best_valid_acc": 0.5424364730715752,
    "total_epochs": 16
  },
  "epoch_history": {
    "train_loss": [
      0.9120825121105623,
      0.7258021763392857,
      0.7013575406060031,
      0.705704727868541,
      0.7045989711958587,
      0.7013182109612462,
      0.6972681480338145,
      0.6926566358757599,
      0.6871228806515958,
      0.6948556824658054,
      0.7014964558795592,
      0.7067805791698328,
      0.7053583301671732,
      0.702298558011968,
      0.6973658042838146,
      0.6939169654730243
    ],
    "valid_loss": [
      0.7954426617689536,
      0.7090324079486686,
      0.6916240638410541,
      0.7013923752475792,
      0.7030069592972876,
      0.7021675647144586,
      0.68589702122648,
      0.6926968534227828,
      0.6800800914495764,
      0.6908693985200264,
      0.6924017248019366,
      0.6987413218323614,
      0.6979221827547315,
      0.7007414052184199,
      0.7028384141519036,
      0.6866195571254676
    ],
    "train_acc": [
      0.39453452453017235,
      0.5007481947541237,
      0.5246678963303566,
      0.5191668346524239,
      0.5231252089142799,
      0.5250513628125191,
      0.5285134539008141,
      0.5309038907289505,
      0.5371703431010246,
      0.5306031033396721,
      0.5254716724157333,
      0.5201301276683807,
      0.5217748060822487,
      0.5247861742973328,
      0.5265428200364113,
      0.5319561809301376
    ],
    "valid_acc": [
      0.4387343470007181,
      0.5103041660040617,
      0.5356153249740601,
      0.5278907269239426,
      0.5244076102972031,
      0.5206306725740433,
      0.5395447686314583,
      0.5346983000636101,
      0.5424364730715752,
      0.52797981351614,
      0.5303719453513622,
      0.5287608467042446,
      0.5299877822399139,
      0.5139811960980296,
      0.5225029289722443,
      0.5393338724970818
    ],
    "epoch": [
      0,
      1,
      2,
      3,
      4,
      5,
      6,
      7,
      8,
      9,
      10,
      11,
      12,
      13,
      14,
      15
    ],
    "timestamp": [
      1767052674.2560985,
      1767053017.0298593,
      1767053361.0340028,
      1767053706.143142,
      1767054050.5083344,
      1767054397.1558685,
      1767054742.0622823,
      1767055087.8319132,
      1767055429.947115,
      1767055755.1041198,
      1767056068.2442021,
      1767056370.9391387,
      1767056674.518219,
      1767056976.938608,
      1767057256.813185,
      1767057537.2714217
    ],
    "train_ce_loss": [
      0.8822134620150535,
      0.695468199307433,
      0.6716092618403101,
      0.6761859805025953,
      0.6748563434034133,
      0.6716492925371442,
      0.6678560281959348,
      0.663462223923315,
      0.6581771786452064,
      0.6655990606021012,
      0.6719535251881213,
      0.6769952913185746,
      0.6756371522112821,
      0.672446706356611,
      0.667829902076069,
      0.664566782832508
    ],
    "valid_ce_loss": [
      0.7650011987228629,
      0.6790136795123698,
      0.6627038145883822,
      0.6726796539421652,
      0.674006521177124,
      0.6710867802546897,
      0.6561876152392844,
      0.6638922653042935,
      0.652288058641511,
      0.6632293268093761,
      0.6639662951650754,
      0.6696989729370869,
      0.6681011306567931,
      0.6724118166931079,
      0.6724664230476802,
      0.6572822485591324
    ],
    "train_disco_term": [
      0.5973816950632809,
      0.6066794150687279,
      0.5949661576276855,
      0.5903743651681396,
      0.5948524970595235,
      0.593378993714834,
      0.5882424419592941,
      0.5838884354905879,
      0.5789148458231547,
      0.5851328261898644,
      0.5908571995862711,
      0.5957059004024169,
      0.5944238000727714,
      0.5970371033282991,
      0.5907174827117688,
      0.5870047723993342
    ],
    "valid_disco_term": [
      0.6088301755592856,
      0.6003752507689134,
      0.5784058765521352,
      0.5742551380584777,
      0.5800086893665959,
      0.621615327737281,
      0.5941877642147978,
      0.5760916886510143,
      0.5558399959978922,
      0.552800953860434,
      0.5687088981585603,
      0.5808467227493374,
      0.5964203686256644,
      0.5665915254241144,
      0.6074398041925799,
      0.5867459533709876
    ]
  }
}