{
  "observed": 61.53949074447155,
  "expected": 60.1221824362874,
  "difference": 0.023573800064328916,
  "max_bin_difference": 0.0,
  "max_bin_difference_bin": -1,
  "max_bin_difference_filtered": 0.0,
  "max_bin_difference_filtered_bin": -1,
  "snr_threshold": 3.0,
  "mass_range_min": 10.0,
  "mass_range_max": 160.0,
  "percentile_68_difference": 0.0,
  "percentile_95_difference": 0.0,
  "rms_bin_difference": 0.0,
  "chi2": 59.751549561410556,
  "ndf": 50,
  "chi2_per_ndf": 1.195030991228211,
  "p_value": 0.16259945011087668,
  "closure_uncertainty_scale": 1.35,
  "recommended_systematic_pct": 35.00000000000001
}