{
  "observed": 106.33890985604376,
  "expected": 143.64380379786598,
  "difference": -0.2597041637404512,
  "max_bin_difference": 0.40614924489788284,
  "max_bin_difference_bin": 8,
  "max_bin_difference_filtered": 0.40614924489788284,
  "max_bin_difference_filtered_bin": 8,
  "snr_threshold": 3.0,
  "mass_range_min": 10.0,
  "mass_range_max": 160.0,
  "percentile_68_difference": 0.2818566389617639,
  "percentile_95_difference": 0.31695072592036105,
  "rms_bin_difference": 0.2652595995342932,
  "chi2": 12.009438593040624,
  "ndf": 24,
  "chi2_per_ndf": 0.500393274710026,
  "p_value": 0.9798015063978851,
  "closure_uncertainty_scale": 0.1,
  "recommended_systematic_pct": 90.0
}