{
  "observed": 39.210244089365005,
  "expected": 53.650966346263885,
  "difference": -0.26916052478343655,
  "max_bin_difference": 0.0,
  "max_bin_difference_bin": -1,
  "max_bin_difference_filtered": 0.0,
  "max_bin_difference_filtered_bin": -1,
  "snr_threshold": 3.0,
  "mass_range_min": 10.0,
  "mass_range_max": 160.0,
  "percentile_68_difference": 0.0,
  "percentile_95_difference": 0.0,
  "rms_bin_difference": 0.0,
  "chi2": 4.513792398336187,
  "ndf": 10,
  "chi2_per_ndf": 0.45137923983361866,
  "p_value": 0.9212076256937589,
  "closure_uncertainty_scale": 0.1,
  "recommended_systematic_pct": 90.0
}