{
  "observed": 39.176756612956524,
  "expected": 54.836272563639795,
  "difference": -0.2855685701924715,
  "max_bin_difference": 15.979141065304708,
  "max_bin_difference_bin": 132,
  "max_bin_difference_filtered": 1.1785677820478615,
  "max_bin_difference_filtered_bin": 95,
  "snr_threshold": 3.0,
  "mass_range_min": 10.0,
  "mass_range_max": 160.0,
  "percentile_68_difference": 0.5067809143496567,
  "percentile_95_difference": 0.8957723677887398,
  "rms_bin_difference": 0.48560935482450923,
  "chi2": 364.8393050134423,
  "ndf": 216,
  "chi2_per_ndf": 1.6890708565437142,
  "p_value": 9.956132455238635e-10,
  "closure_uncertainty_scale": 1.5,
  "recommended_systematic_pct": 50.0
}