{
  "observed": 39.17675648257136,
  "expected": 54.836272187530994,
  "difference": -0.28556856767007566,
  "max_bin_difference": 2.8458283284145542,
  "max_bin_difference_bin": 142,
  "max_bin_difference_filtered": 1.5739810148635651,
  "max_bin_difference_filtered_bin": 130,
  "snr_threshold": 3.0,
  "mass_range_min": 10.0,
  "mass_range_max": 160.0,
  "percentile_68_difference": 0.542377830975783,
  "percentile_95_difference": 0.8848003032568982,
  "rms_bin_difference": 0.495349869821122,
  "chi2": 307.4496051613406,
  "ndf": 187,
  "chi2_per_ndf": 1.6441155356221424,
  "p_value": 6.660817138858122e-08,
  "closure_uncertainty_scale": 1.55,
  "recommended_systematic_pct": 55.00000000000001
}