{
  "observed": 39.176756710745394,
  "expected": 54.836272554675816,
  "difference": -0.28556856829239674,
  "max_bin_difference": 2.7143118400027295,
  "max_bin_difference_bin": 71,
  "max_bin_difference_filtered": 1.4195870232113335,
  "max_bin_difference_filtered_bin": 58,
  "snr_threshold": 3.0,
  "mass_range_min": 10.0,
  "mass_range_max": 160.0,
  "percentile_68_difference": 0.5616127592515512,
  "percentile_95_difference": 1.0,
  "rms_bin_difference": 0.5477340975907975,
  "chi2": 259.1605030788459,
  "ndf": 96,
  "chi2_per_ndf": 2.6995885737379783,
  "p_value": 6.215186396606392e-17,
  "closure_uncertainty_scale": 2.0500000000000003,
  "recommended_systematic_pct": 105.00000000000003
}