{
  "observed": 39.210244646295905,
  "expected": 53.65096618334064,
  "difference": -0.26916051218344655,
  "max_bin_difference": 0.4065708648920871,
  "max_bin_difference_bin": 3,
  "max_bin_difference_filtered": 0.4065708648920871,
  "max_bin_difference_filtered_bin": 3,
  "snr_threshold": 3.0,
  "mass_range_min": 10.0,
  "mass_range_max": 160.0,
  "percentile_68_difference": 0.2885749112447256,
  "percentile_95_difference": 0.403628899191313,
  "rms_bin_difference": 0.2833671605802927,
  "chi2": 11.319724359624225,
  "ndf": 10,
  "chi2_per_ndf": 1.1319724359624224,
  "p_value": 0.3331570535265785,
  "closure_uncertainty_scale": 1.25,
  "recommended_systematic_pct": 25.0
}