{
  "hyperparameters": {
    "signal": "MHc130_MA90",
    "channel": "Run1E2Mu",
    "iteration": 3,
    "model_idx": 2,
    "num_hidden": 96,
    "optimizer": "RMSprop",
    "initial_lr": 0.0001,
    "weight_decay": 0.00381,
    "scheduler": "ExponentialLR",
    "pilot_mode": true,
    "num_classes": 5,
    "model_type": "ParticleNet",
    "num_node_features": 9,
    "num_graph_features": 4,
    "dropout_p": 0.4,
    "batch_size": 1024,
    "train_folds": [
      0,
      1,
      2
    ],
    "valid_folds": [
      3
    ]
  },
  "training_summary": {
    "best_epoch": 2,
    "best_train_loss": 1.0074935585983678,
    "best_valid_loss": 1.0205598490152121,
    "best_train_acc": 0.6026464099067729,
    "best_valid_acc": 0.5956903759552902,
    "total_epochs": 3
  },
  "epoch_history": {
    "train_loss": [
      1.0641432002976077,
      1.017858027733751,
      1.0074935585983678
    ],
    "valid_loss": [
      1.0781378314121335,
      1.0310097190050382,
      1.0205598490152121
    ],
    "train_acc": [
      0.6010955504965676,
      0.60222504433117,
      0.6026464099067729
    ],
    "valid_acc": [
      0.5947662564358324,
      0.5956463702638874,
      0.5956903759552902
    ],
    "epoch": [
      0,
      1,
      2
    ],
    "timestamp": [
      1762323150.578717,
      1762323183.037308,
      1762323215.555497
    ]
  }
}