{
  "hyperparameters": {
    "signal": "MHc130_MA90",
    "channel": "Run1E2Mu",
    "iteration": 3,
    "model_idx": 11,
    "num_hidden": 128,
    "optimizer": "Adadelta",
    "initial_lr": 0.0002,
    "weight_decay": 1e-05,
    "scheduler": "ExponentialLR",
    "pilot_mode": false,
    "num_classes": 4,
    "model_type": "ParticleNet",
    "num_node_features": 9,
    "num_graph_features": 4,
    "dropout_p": 0.4,
    "batch_size": 1024,
    "train_folds": [
      0,
      1,
      2
    ],
    "valid_folds": [
      3
    ]
  },
  "training_summary": {
    "best_epoch": 23,
    "best_train_loss": 1.3176851891349264,
    "best_valid_loss": 1.3305372292018143,
    "best_train_acc": 0.3700888771380341,
    "best_valid_acc": 0.35856904172245857,
    "total_epochs": 31
  },
  "epoch_history": {
    "train_loss": [
      1.4254863018186479,
      1.4188092233360343,
      1.4016401294346015,
      1.3918793729779662,
      1.3818587351282714,
      1.3680524506134732,
      1.3643028269673516,
      1.358777275567242,
      1.3547745371022943,
      1.3476368883845111,
      1.3431231953298688,
      1.3395715497935552,
      1.3331614702033838,
      1.3320177512675213,
      1.3287899323710757,
      1.3262082402547926,
      1.3267013221782151,
      1.3230023335430063,
      1.3219500046646853,
      1.3228249097845548,
      1.3202477850329508,
      1.318030039878007,
      1.319951038158491,
      1.3176851891349264,
      1.3187589862968334,
      1.3174082328810197,
      1.321309975876211,
      1.3197523837388332,
      1.3197741543183055,
      1.3206876172613842,
      1.3213689975575211
    ],
    "valid_loss": [
      1.4285843100366244,
      1.4225522594476991,
      1.4060830315174955,
      1.3971483065352515,
      1.3873897244705355,
      1.3744747581662293,
      1.3714358813023233,
      1.3663685465015523,
      1.3623200043292716,
      1.355911744698783,
      1.3519831175764077,
      1.3486805175740748,
      1.3430660599614999,
      1.3421651623666642,
      1.339281608334827,
      1.3368443448177605,
      1.33758836967189,
      1.3343079435607952,
      1.3339994647311324,
      1.334988838025206,
      1.332681493448048,
      1.3307236232541273,
      1.3328061211459623,
      1.3305372292018143,
      1.3324682851807361,
      1.3309466046970908,
      1.334877238817352,
      1.3339254683463728,
      1.3341888573467735,
      1.3349450384605308,
      1.336007134509354
    ],
    "train_acc": [
      0.30512111289633714,
      0.3052472086070492,
      0.3058492139356098,
      0.30695560210701867,
      0.30968699790518417,
      0.31515385710508653,
      0.31726697716040597,
      0.3228375602513779,
      0.3338587321279668,
      0.3455815656206146,
      0.36714189835058675,
      0.37476458744330776,
      0.3921088490715695,
      0.39813907136610466,
      0.4066200248123818,
      0.4094022656551892,
      0.4091114319998373,
      0.4105127214301694,
      0.4039760824910004,
      0.3956883402143627,
      0.39078484410909314,
      0.38312147898065857,
      0.37806341393967746,
      0.3700888771380341,
      0.3555370253615083,
      0.3505603123919543,
      0.3442636620634953,
      0.3399886107100002,
      0.34105635664748113,
      0.33395635461367934,
      0.33147918403872356
    ],
    "valid_acc": [
      0.2963586164401417,
      0.29645341327866714,
      0.29719401357964714,
      0.29820122998897985,
      0.3008910902821391,
      0.3065374269768103,
      0.30836226611842493,
      0.31374791150715126,
      0.32424666137384317,
      0.3357704020570914,
      0.35713523953976134,
      0.36480785865791376,
      0.38241637141401336,
      0.38764204713772793,
      0.39421857781043,
      0.3967484684385776,
      0.3965884987735659,
      0.39850220995129815,
      0.39173016079913736,
      0.38359540709317347,
      0.37876076832837624,
      0.3709459539524357,
      0.3661468640020855,
      0.35856904172245857,
      0.34467538007607446,
      0.3397874180896067,
      0.33419440461660604,
      0.33039068147077294,
      0.33122607861027836,
      0.3248924648362977,
      0.32249884466353046
    ],
    "epoch": [
      0,
      1,
      2,
      3,
      4,
      5,
      6,
      7,
      8,
      9,
      10,
      11,
      12,
      13,
      14,
      15,
      16,
      17,
      18,
      19,
      20,
      21,
      22,
      23,
      24,
      25,
      26,
      27,
      28,
      29,
      30
    ],
    "timestamp": [
      1762306999.8546312,
      1762307111.4891117,
      1762307220.4516318,
      1762307330.01629,
      1762307440.647471,
      1762307549.9008336,
      1762307656.537632,
      1762307751.6346433,
      1762307860.9857922,
      1762307968.802078,
      1762308075.2018619,
      1762308183.386677,
      1762308290.4597945,
      1762308382.4338,
      1762308495.5245936,
      1762308604.9414825,
      1762308709.398588,
      1762308812.2489507,
      1762308921.9363968,
      1762309012.7680075,
      1762309117.1124766,
      1762309221.229556,
      1762309321.3606489,
      1762309416.7231622,
      1762309509.4376194,
      1762309599.2208707,
      1762309676.5644891,
      1762309769.0153344,
      1762309864.010284,
      1762309959.8647156,
      1762310053.57418
    ]
  }
}