{
  "hyperparameters": {
    "signal": "MHc130_MA90",
    "channel": "Run1E2Mu",
    "iteration": 3,
    "model_idx": 6,
    "num_hidden": 128,
    "optimizer": "Adam",
    "initial_lr": 0.0002,
    "weight_decay": 2e-05,
    "scheduler": "ExponentialLR",
    "pilot_mode": true,
    "num_classes": 5,
    "model_type": "ParticleNet",
    "num_node_features": 9,
    "num_graph_features": 4,
    "dropout_p": 0.4,
    "batch_size": 1024,
    "train_folds": [
      0,
      1,
      2
    ],
    "valid_folds": [
      3
    ]
  },
  "training_summary": {
    "best_epoch": 2,
    "best_train_loss": 1.2414539972498306,
    "best_valid_loss": 1.2646746760009346,
    "best_train_acc": 0.5972037712219016,
    "best_valid_acc": 0.5922285948982735,
    "total_epochs": 3
  },
  "epoch_history": {
    "train_loss": [
      1.7011590652361788,
      1.3675030862593764,
      1.2414539972498306
    ],
    "valid_loss": [
      1.7072030012984545,
      1.3883597302184676,
      1.2646746760009346
    ],
    "train_acc": [
      0.5304407366874814,
      0.596870190141216,
      0.5972037712219016
    ],
    "valid_acc": [
      0.5312220380502545,
      0.5919058864946533,
      0.5922285948982735
    ],
    "epoch": [
      0,
      1,
      2
    ],
    "timestamp": [
      1762323172.773778,
      1762323205.6272492,
      1762323238.4638433
    ]
  }
}