{
  "hyperparameters": {
    "signal": "MHc130_MA90",
    "channel": "Run1E2Mu",
    "iteration": 3,
    "model_idx": 3,
    "num_hidden": 96,
    "optimizer": "Adam",
    "initial_lr": 0.0021,
    "weight_decay": 0.00092,
    "scheduler": "ExponentialLR",
    "pilot_mode": true,
    "num_classes": 5,
    "model_type": "ParticleNet",
    "num_node_features": 9,
    "num_graph_features": 4,
    "dropout_p": 0.4,
    "batch_size": 1024,
    "train_folds": [
      0,
      1,
      2
    ],
    "valid_folds": [
      3
    ]
  },
  "training_summary": {
    "best_epoch": 2,
    "best_train_loss": 1.006472689860717,
    "best_valid_loss": 1.0203858755869144,
    "best_train_acc": 0.6040217003271435,
    "best_valid_acc": 0.5972599122819885,
    "total_epochs": 3
  },
  "epoch_history": {
    "train_loss": [
      1.0671735524239632,
      1.0208489822102207,
      1.006472689860717
    ],
    "valid_loss": [
      1.082436271214124,
      1.034980987342462,
      1.0203858755869144
    ],
    "train_acc": [
      0.59968514627823,
      0.6016573712640382,
      0.6040217003271435
    ],
    "valid_acc": [
      0.5940621653733883,
      0.5955876960086838,
      0.5972599122819885
    ],
    "epoch": [
      0,
      1,
      2
    ],
    "timestamp": [
      1762323157.7381175,
      1762323190.4714699,
      1762323223.3076234
    ]
  }
}