{
  "syst": "Central",
  "observed": 18.49701494537294,
  "expected": 24.912715049809776,
  "difference": -0.2575271338996761,
  "max_bin_difference": 0.40529127062862536,
  "max_bin_difference_bin": 1,
  "max_bin_difference_filtered": 0.40529127062862536,
  "max_bin_difference_filtered_bin": 1,
  "snr_threshold": 3.0,
  "mass_range_min": 10.0,
  "mass_range_max": 160.0,
  "percentile_68_difference": 0.3016930105434835,
  "percentile_95_difference": 0.38561653364488924,
  "rms_bin_difference": 0.2906341955876699,
  "chi2": 2.8616413270098318,
  "ndf": 4,
  "chi2_per_ndf": 0.7154103317524579,
  "p_value": 0.5812398750154176,
  "closure_uncertainty_scale": 0.1,
  "recommended_systematic_pct": 90.0
}