{
  "syst": "Central",
  "observed": 18.079136166837998,
  "expected": 24.74116377923565,
  "difference": -0.26926896696706104,
  "max_bin_difference": 14.962674640840401,
  "max_bin_difference_bin": 134,
  "max_bin_difference_filtered": 0.74480978583743,
  "max_bin_difference_filtered_bin": 18,
  "snr_threshold": 3.0,
  "mass_range_min": 10.0,
  "mass_range_max": 160.0,
  "percentile_68_difference": 0.33777711014800665,
  "percentile_95_difference": 0.6287524570388592,
  "rms_bin_difference": 0.38433401431782416,
  "chi2": 0.8032078587404929,
  "ndf": 4,
  "chi2_per_ndf": 0.20080196468512324,
  "p_value": 0.9380174894457913,
  "closure_uncertainty_scale": 1.0,
  "recommended_systematic_pct": 0.0
}