{
  "Central": {
    "ptcorr_10to15_EB1": 87.52845934778452,
    "ptcorr_10to15_EB2": 59.66784239560366,
    "ptcorr_10to15_EE": 52.65030575171113,
    "ptcorr_15to20_EB1": 91.5948748588562,
    "ptcorr_15to20_EB2": 60.285569220781326,
    "ptcorr_15to20_EE": 50.377305172383785,
    "ptcorr_20to30_EB1": 201.5111327059567,
    "ptcorr_20to30_EB2": 125.98179338872433,
    "ptcorr_20to30_EE": 93.9527229219675,
    "ptcorr_30to50_EB1": 406.83675191923976,
    "ptcorr_30to50_EB2": 244.16768045537174,
    "ptcorr_30to50_EE": 147.81477341800928,
    "ptcorr_50to100_EB1": 574.0023153536022,
    "ptcorr_50to100_EB2": 327.79822600260377,
    "ptcorr_50to100_EE": 165.26829139888287
  },
  "MotherJetPt_Up": {
    "ptcorr_10to15_EB1": 59.7341483682394,
    "ptcorr_10to15_EB2": 41.30038067698479,
    "ptcorr_10to15_EE": 34.39419787749648,
    "ptcorr_15to20_EB1": 60.01975657790899,
    "ptcorr_15to20_EB2": 41.812633618712425,
    "ptcorr_15to20_EE": 34.430315017700195,
    "ptcorr_20to30_EB1": 137.7993680126965,
    "ptcorr_20to30_EB2": 85.87253488600254,
    "ptcorr_20to30_EE": 67.28037369996309,
    "ptcorr_30to50_EB1": 291.54906567558646,
    "ptcorr_30to50_EB2": 176.97978158853948,
    "ptcorr_30to50_EE": 104.79373176023364,
    "ptcorr_50to100_EB1": 452.49966759607196,
    "ptcorr_50to100_EB2": 256.306549128145,
    "ptcorr_50to100_EE": 127.66387565806508
  },
  "MotherJetPt_Down": {
    "ptcorr_10to15_EB1": 108.26708170771599,
    "ptcorr_10to15_EB2": 73.68539290875196,
    "ptcorr_10to15_EE": 63.29402494058013,
    "ptcorr_15to20_EB1": 113.53723694384098,
    "ptcorr_15to20_EB2": 72.64290041476488,
    "ptcorr_15to20_EE": 60.300146870315075,
    "ptcorr_20to30_EB1": 247.0909812785685,
    "ptcorr_20to30_EB2": 153.15441845729947,
    "ptcorr_20to30_EE": 111.57816325128078,
    "ptcorr_30to50_EB1": 475.70393703877926,
    "ptcorr_30to50_EB2": 290.1845760848373,
    "ptcorr_30to50_EE": 179.9692216180265,
    "ptcorr_50to100_EB1": 633.7545183971524,
    "ptcorr_50to100_EB2": 364.6991592384875,
    "ptcorr_50to100_EE": 190.89961598813534
  },
  "RequireHeavyTag": {
    "ptcorr_10to15_EB1": 47.11690390110016,
    "ptcorr_10to15_EB2": 31.91480352729559,
    "ptcorr_10to15_EE": 28.665564611554146,
    "ptcorr_15to20_EB1": 52.120541490614414,
    "ptcorr_15to20_EB2": 35.112881265580654,
    "ptcorr_15to20_EE": 27.418933905661106,
    "ptcorr_20to30_EB1": 107.9858950600028,
    "ptcorr_20to30_EB2": 72.57287034392357,
    "ptcorr_20to30_EE": 50.38450098782778,
    "ptcorr_30to50_EB1": 225.8580133318901,
    "ptcorr_30to50_EB2": 131.02292635291815,
    "ptcorr_30to50_EE": 80.90315066277981,
    "ptcorr_50to100_EB1": 305.411185298115,
    "ptcorr_50to100_EB2": 170.39869379624724,
    "ptcorr_50to100_EE": 80.77790673077106
  },
  "L1Prefire_Up": {
    "ptcorr_10to15_EB1": 87.20838449150324,
    "ptcorr_10to15_EB2": 59.45577468723059,
    "ptcorr_10to15_EE": 52.33006551861763,
    "ptcorr_15to20_EB1": 91.25914716720581,
    "ptcorr_15to20_EB2": 60.05461574718356,
    "ptcorr_15to20_EE": 50.045325826853514,
    "ptcorr_20to30_EB1": 200.60722791403532,
    "ptcorr_20to30_EB2": 125.48502261191607,
    "ptcorr_20to30_EE": 93.20785614103079,
    "ptcorr_30to50_EB1": 405.02155428752303,
    "ptcorr_30to50_EB2": 243.1411588564515,
    "ptcorr_30to50_EE": 146.56503668799996,
    "ptcorr_50to100_EB1": 571.4098622836173,
    "ptcorr_50to100_EB2": 326.3718394264579,
    "ptcorr_50to100_EE": 163.7688911370933
  },
  "L1Prefire_Down": {
    "ptcorr_10to15_EB1": 87.74602051079273,
    "ptcorr_10to15_EB2": 59.84758645296097,
    "ptcorr_10to15_EE": 52.96232798323035,
    "ptcorr_15to20_EB1": 91.90887782722712,
    "ptcorr_15to20_EB2": 60.50640958547592,
    "ptcorr_15to20_EE": 50.703474305570126,
    "ptcorr_20to30_EB1": 202.38585901260376,
    "ptcorr_20to30_EB2": 126.46369408071041,
    "ptcorr_20to30_EE": 94.68568721413612,
    "ptcorr_30to50_EB1": 408.59118623659015,
    "ptcorr_30to50_EB2": 245.1547881476581,
    "ptcorr_30to50_EE": 149.04487703740597,
    "ptcorr_50to100_EB1": 576.5185545831919,
    "ptcorr_50to100_EB2": 329.17596673220396,
    "ptcorr_50to100_EE": 166.75024714693427
  },
  "PileupReweight_Up": {
    "ptcorr_10to15_EB1": 86.749715462327,
    "ptcorr_10to15_EB2": 58.56058228760958,
    "ptcorr_10to15_EE": 51.937831308692694,
    "ptcorr_15to20_EB1": 91.08256324380636,
    "ptcorr_15to20_EB2": 59.593511551618576,
    "ptcorr_15to20_EE": 50.161659210920334,
    "ptcorr_20to30_EB1": 200.78025557100773,
    "ptcorr_20to30_EB2": 125.15773337334394,
    "ptcorr_20to30_EE": 92.4570520222187,
    "ptcorr_30to50_EB1": 404.15873597189784,
    "ptcorr_30to50_EB2": 241.51789043284953,
    "ptcorr_30to50_EE": 146.40999914705753,
    "ptcorr_50to100_EB1": 567.6859095208347,
    "ptcorr_50to100_EB2": 323.90483106672764,
    "ptcorr_50to100_EE": 163.46737330406904
  },
  "PileupReweight_Down": {
    "ptcorr_10to15_EB1": 88.13808318786323,
    "ptcorr_10to15_EB2": 60.671687169000506,
    "ptcorr_10to15_EE": 53.29767698608339,
    "ptcorr_15to20_EB1": 92.10309064388275,
    "ptcorr_15to20_EB2": 60.91688936017454,
    "ptcorr_15to20_EE": 50.60274141654372,
    "ptcorr_20to30_EB1": 202.4874407723546,
    "ptcorr_20to30_EB2": 126.86759619601071,
    "ptcorr_20to30_EE": 95.27448334917426,
    "ptcorr_30to50_EB1": 409.066696556285,
    "ptcorr_30to50_EB2": 246.4125146009028,
    "ptcorr_30to50_EE": 148.9741544816643,
    "ptcorr_50to100_EB1": 580.5530991684645,
    "ptcorr_50to100_EB2": 331.69752098992467,
    "ptcorr_50to100_EE": 166.86772939190269
  },
  "PileupJetIDSF_Up": {
    "ptcorr_10to15_EB1": 87.59131977707148,
    "ptcorr_10to15_EB2": 59.70667161792517,
    "ptcorr_10to15_EE": 52.68052874878049,
    "ptcorr_15to20_EB1": 91.66024360060692,
    "ptcorr_15to20_EB2": 60.32925683259964,
    "ptcorr_15to20_EE": 50.4138270765543,
    "ptcorr_20to30_EB1": 201.66982759907842,
    "ptcorr_20to30_EB2": 126.0647066347301,
    "ptcorr_20to30_EE": 94.00713590532541,
    "ptcorr_30to50_EB1": 407.1073365174234,
    "ptcorr_30to50_EB2": 244.33312199823558,
    "ptcorr_30to50_EE": 147.92293282970786,
    "ptcorr_50to100_EB1": 574.3585274852812,
    "ptcorr_50to100_EB2": 328.01840510591865,
    "ptcorr_50to100_EE": 165.37836001813412
  },
  "PileupJetIDSF_Down": {
    "ptcorr_10to15_EB1": 87.46562536805868,
    "ptcorr_10to15_EB2": 59.62902210652828,
    "ptcorr_10to15_EE": 52.6200943030417,
    "ptcorr_15to20_EB1": 91.52952480316162,
    "ptcorr_15to20_EB2": 60.24191100895405,
    "ptcorr_15to20_EE": 50.34079206734896,
    "ptcorr_20to30_EB1": 201.35247388854623,
    "ptcorr_20to30_EB2": 125.89890299737453,
    "ptcorr_20to30_EE": 93.89833322167397,
    "ptcorr_30to50_EB1": 406.5662910230458,
    "ptcorr_30to50_EB2": 244.00233194045722,
    "ptcorr_30to50_EE": 147.70667570456862,
    "ptcorr_50to100_EB1": 573.6462497264147,
    "ptcorr_50to100_EB2": 327.57815008983016,
    "ptcorr_50to100_EE": 165.1582484692335
  },
  "JetEn_Up": {
    "ptcorr_10to15_EB1": 85.36565958708525,
    "ptcorr_10to15_EB2": 58.59860920906067,
    "ptcorr_10to15_EE": 52.13838280364871,
    "ptcorr_15to20_EB1": 85.66199556738138,
    "ptcorr_15to20_EB2": 59.48330470174551,
    "ptcorr_15to20_EE": 47.99863424152136,
    "ptcorr_20to30_EB1": 196.5596126653254,
    "ptcorr_20to30_EB2": 121.75032632052898,
    "ptcorr_20to30_EE": 93.17720061540604,
    "ptcorr_30to50_EB1": 392.4368626959622,
    "ptcorr_30to50_EB2": 233.1109580602497,
    "ptcorr_30to50_EE": 144.41547370702028,
    "ptcorr_50to100_EB1": 556.6242656596005,
    "ptcorr_50to100_EB2": 314.2584896981716,
    "ptcorr_50to100_EE": 161.59575719758868
  },
  "JetEn_Down": {
    "ptcorr_10to15_EB1": 89.2123308070004,
    "ptcorr_10to15_EB2": 61.37346466630697,
    "ptcorr_10to15_EE": 55.87081191316247,
    "ptcorr_15to20_EB1": 95.92306508123875,
    "ptcorr_15to20_EB2": 62.037727907299995,
    "ptcorr_15to20_EE": 48.99013161659241,
    "ptcorr_20to30_EB1": 207.78718055412173,
    "ptcorr_20to30_EB2": 130.38624098151922,
    "ptcorr_20to30_EE": 95.29119163006544,