{
  "syst": "ljet",
  "observed": 126.76414351724088,
  "expected": 184.29361310671084,
  "difference": -0.312162036544147,
  "max_bin_difference": 2.211515024294951,
  "max_bin_difference_bin": 135,
  "max_bin_difference_filtered": 0.6552944310489455,
  "max_bin_difference_filtered_bin": 61,
  "snr_threshold": 3.0,
  "mass_range_min": 10.0,
  "mass_range_max": 160.0,
  "percentile_68_difference": 0.41453572067529165,
  "percentile_95_difference": 0.5742706939746002,
  "rms_bin_difference": 0.3782784448179864,
  "chi2": 105.20162821616894,
  "ndf": 30,
  "chi2_per_ndf": 3.5067209405389645,
  "p_value": 2.753166421672852e-10,
  "closure_uncertainty_scale": 3.1,
  "recommended_systematic_pct": 210.0
}