process,threshold,initial_sensitivity,max_sensitivity,improvement
MHc-100_MA-95,0.45,1.3970255732249814,1.562448628472141,0.11841089985581776
