{
  "weights": {
    "nonprompt": 0.31446440320914687,
    "diboson": 0.21309735794569287,
    "ttX": 0.47243823884516023
  },
  "yields": {
    "nonprompt": 13.252029592171311,
    "diboson": 8.980261246395035,
    "ttX": 19.909298024696913
  },
  "total_yield": 42.14158886326326,
  "mass_window": [
    83.70259454995971,
    96.00170084744408
  ]
}