{
  "hyperparameters": {
    "signal": "MHc100_MA95",
    "channel": "Combined",
    "iteration": 0,
    "model_idx": 5,
    "num_hidden": 128,
    "optimizer": "Adam",
    "initial_lr": 0.0009,
    "weight_decay": 0.0002,
    "scheduler": "CyclicLR",
    "pilot_mode": false,
    "num_classes": 4,
    "model_type": "ParticleNet",
    "num_node_features": 9,
    "num_graph_features": 4,
    "dropout_p": 0.4,
    "batch_size": 1024,
    "train_folds": [
      0,
      1,
      2
    ],
    "valid_folds": [
      3
    ]
  },
  "training_summary": {
    "best_epoch": 24,
    "best_train_loss": 0.8966649243953547,
    "best_valid_loss": 0.9278176207398383,
    "best_train_acc": 0.6308138862993752,
    "best_valid_acc": 0.6156964097504093,
    "total_epochs": 32
  },
  "epoch_history": {
    "train_loss": [
      1.1862639814666451,
      0.9833066295857222,
      0.9577694245486587,
      0.9496899948275,
      0.9429587897910388,
      0.9390624566846985,
      0.935826799318976,
      0.9348590031437385,
      0.9268807594379962,
      0.9283059288647435,
      0.9314977231559817,
      0.9366375799506846,
      0.9283986892850965,
      0.919794507554475,
      0.9162967416488262,
      0.9109777196024521,
      0.9056764494712698,
      0.9118930151311253,
      0.9165145787514801,
      0.934880723987927,
      0.9157465632788757,
      0.9100739551775104,
      0.9047152107814103,
      0.9053251523701981,
      0.8966649243953547,
      0.9025263991492889,
      0.910300274468804,
      0.9180179849198468,
      0.9109574511779364,
      0.9064123311626869,
      0.9026486147939459,
      0.8977029428884915
    ],
    "valid_loss": [
      1.2163742592727558,
      1.0098973096019845,
      0.986307928995395,
      0.9789072179217954,
      0.9731249728959998,
      0.9690413261709387,
      0.9686595226487418,
      0.9675418276418213,
      0.9579746137781596,
      0.9601438818879761,
      0.9632865964445421,
      0.9751285836730469,
      0.9606697852080148,
      0.9499083811053114,
      0.9489158955612252,
      0.9399556536434226,
      0.9386563545637494,
      0.9437023370116738,
      0.9407030949532602,
      0.9664153987720361,
      0.948910249094118,
      0.9398970561705148,
      0.9325990564602392,
      0.9379083599504356,
      0.9278176207398383,
      0.9309035368296971,
      0.9428315795155224,
      0.9458001330773904,
      0.9392983901926555,
      0.9396718515614214,
      0.9321761172882759,
      0.9289918332844902
    ],
    "train_acc": [
      0.4988289405764386,
      0.5824441242863857,
      0.5959093815727636,
      0.6003066326648536,
      0.6041645800750403,
      0.6066819726187817,
      0.6084713051919536,
      0.6102664160188602,
      0.6134040077967904,
      0.6136929204835243,
      0.6126566869804387,
      0.6109540282132869,
      0.6115568926862717,
      0.618063206391519,
      0.6205401511591176,
      0.6229284960361179,
      0.6259524488239327,
      0.622716626732513,
      0.6189973574119587,
      0.6090857261724076,
      0.6209889288658443,
      0.623712412459456,
      0.6264609351525844,
      0.6256230883610561,
      0.6308138862993752,
      0.6289147669052444,
      0.6229477568819002,
      0.6215012673636525,
      0.6235775865389801,
      0.6258599967641779,
      0.6277128901284313,
      0.6293789532885968
    ],
    "valid_acc": [
      0.48209360213486424,
      0.5729654878568385,
      0.5848619738523984,
      0.5870596281927657,
      0.5913596304352701,
      0.593719866346736,
      0.5917744937546252,
      0.5963492027896755,
      0.5990065705379768,
      0.5991074832372794,
      0.5988720202722401,
      0.5944767115915054,
      0.5958222142488732,
      0.6046184378714148,
      0.6061153095777364,
      0.6085484268831431,
      0.6106115309577737,
      0.60742717466867,
      0.6073094431861503,
      0.5955643262395444,
      0.6052855829390263,
      0.6081055322584262,
      0.6136333056757787,
      0.6094790662211558,
      0.6156964097504093,
      0.6143621196151863,
      0.6071636803982687,
      0.6069898863050255,
      0.609636041531182,
      0.6105947121745565,
      0.6136164868925617,
      0.6141490816944364
    ],
    "epoch": [
      0,
      1,
      2,
      3,
      4,
      5,
      6,
      7,
      8,
      9,
      10,
      11,
      12,
      13,
      14,
      15,
      16,
      17,
      18,
      19,
      20,
      21,
      22,
      23,
      24,
      25,
      26,
      27,
      28,
      29,
      30,
      31
    ],
    "timestamp": [
      1762457523.9512477,
      1762457761.768395,
      1762458015.9137843,
      1762458270.5965254,
      1762458523.474634,
      1762458776.099216,
      1762459026.5435438,
      1762459276.6042314,
      1762459525.4519045,
      1762459766.2358067,
      1762459997.5436945,
      1762460228.9347866,
      1762460454.7993007,
      1762460677.4146693,
      1762460900.5457516,
      1762461122.6411088,
      1762461344.2167776,
      1762461566.251317,
      1762461787.6940777,
      1762462007.523597,
      1762462226.9266708,
      1762462445.359819,
      1762462664.5850255,
      1762462884.2425323,
      1762463101.0946217,
      1762463315.7454786,
      1762463529.099548,
      1762463743.2202988,
      1762463956.4456477,
      1762464169.9526675,
      1762464383.179391,
      1762464596.209964
    ]
  }
}