{
  "syst": "Central",
  "observed": 157.627634704113,
  "expected": 171.97747123241425,
  "difference": -0.08344021124085808,
  "max_bin_difference": 0.0,
  "max_bin_difference_bin": -1,
  "max_bin_difference_filtered": 0.0,
  "max_bin_difference_filtered_bin": -1,
  "snr_threshold": 3.0,
  "mass_range_min": 10.0,
  "mass_range_max": 160.0,
  "percentile_68_difference": 0.0,
  "percentile_95_difference": 0.0,
  "rms_bin_difference": 0.0,
  "chi2": 19.89153923217043,
  "ndf": 26,
  "chi2_per_ndf": 0.7650592012373243,
  "p_value": 0.7966683756342725,
  "closure_uncertainty_scale": 0.35000000000000003,
  "recommended_systematic_pct": 64.99999999999999
}