{
  "syst": "Central",
  "observed": 157.62763585709035,
  "expected": 171.97747251436522,
  "difference": -0.08344021136882464,
  "max_bin_difference": 1.8638770519787544,
  "max_bin_difference_bin": 148,
  "max_bin_difference_filtered": 1.0716093336140355,
  "max_bin_difference_filtered_bin": 98,
  "snr_threshold": 3.0,
  "mass_range_min": 10.0,
  "mass_range_max": 160.0,
  "percentile_68_difference": 0.26252735789971765,
  "percentile_95_difference": 0.4586114527266985,
  "rms_bin_difference": 0.28132236733338306,
  "chi2": 85.30050588700773,
  "ndf": 27,
  "chi2_per_ndf": 3.159277995815101,
  "p_value": 5.798206741791645e-08,
  "closure_uncertainty_scale": 2.85,
  "recommended_systematic_pct": 185.0
}