{
  "hyperparameters": {
    "signal": "MHc130_MA90",
    "channel": "Run3Mu",
    "iteration": 4,
    "model_idx": 9,
    "num_hidden": 128,
    "optimizer": "Adam",
    "initial_lr": 0.0003,
    "weight_decay": 9e-05,
    "scheduler": "ReduceLROnPlateau",
    "pilot_mode": false,
    "num_classes": 4,
    "model_type": "ParticleNet",
    "num_node_features": 9,
    "num_graph_features": 4,
    "dropout_p": 0.4,
    "batch_size": 1024,
    "train_folds": [
      0,
      1,
      2
    ],
    "valid_folds": [
      3
    ]
  },
  "training_summary": {
    "best_epoch": 79,
    "best_train_loss": 0.810828330299421,
    "best_valid_loss": 0.841830414076806,
    "best_train_acc": 0.6732002867732851,
    "best_valid_acc": 0.6611632738940614,
    "total_epochs": 81
  },
  "epoch_history": {
    "train_loss": [
      1.0027574018725578,
      0.9552562797939673,
      0.9322602502831911,
      0.918266372498696,
      0.9096895014682963,
      0.9077275351808964,
      0.8982823010645785,
      0.8987340185353996,
      0.8897193401147141,
      0.8866538290931472,
      0.8830955873632943,
      0.8814582855273373,
      0.8775331195738545,
      0.8761126022382125,
      0.8727091014134135,
      0.868511103515259,
      0.8666118484921138,
      0.8638373256074329,
      0.8614614328580551,
      0.8608200504888976,
      0.8578740616552221,
      0.8549019071754164,
      0.8547735368361046,
      0.8538638451967799,
      0.8533008415046599,
      0.8500907158672761,
      0.849333917424488,
      0.8469717435640748,
      0.8455953676002381,
      0.8439291352048949,
      0.842910794558146,
      0.8424635209685942,
      0.8391715274437542,
      0.8395614817431515,
      0.839235197811873,
      0.8394888907223959,
      0.8386622211269736,
      0.8345689049753972,
      0.8360004263368971,
      0.8340544394892114,
      0.8340131127948106,
      0.8340366984272369,
      0.8335251615897961,
      0.8309299548055502,
      0.8302985348471402,
      0.8306365851395531,
      0.8295300920225823,
      0.8307984820719747,
      0.8301832441848842,
      0.827431503985232,
      0.8287212328443417,
      0.8273065612231549,
      0.8283369668159295,
      0.8276943393420542,
      0.8272316171303731,
      0.8254732326858653,
      0.8234443849557583,
      0.8250156725035979,
      0.8223760898268462,
      0.8224510567996964,
      0.822712710114989,
      0.8204870298761434,
      0.8216685148480386,
      0.8197799634068542,
      0.8201086905004281,
      0.8196989237778712,
      0.8186708090519371,
      0.8183036229945254,
      0.8169026842763448,
      0.8160939665255266,
      0.8186896909713182,
      0.8151249814751527,
      0.8148460858833749,
      0.8148785416892874,
      0.8135712948488693,
      0.8148044982131948,
      0.8116223440313333,
      0.8120822591446325,
      0.8122230078869059,
      0.810828330299421,
      0.8132942737066886
    ],
    "valid_loss": [
      1.0404768772174404,
      0.9981467331435866,
      0.975112185850179,
      0.9582243663484247,
      0.9480244060297841,
      0.9462495913893575,
      0.9330705395189329,
      0.9349182724457324,
      0.922088470747931,
      0.9196760113301617,
      0.914227921133396,
      0.915103731561225,
      0.9090965108062309,
      0.9067560893909514,
      0.901967745778888,
      0.8983684838975061,
      0.8956118812378437,
      0.8941317243206338,
      0.8908709643998381,
      0.8918957001193131,
      0.8880135165629849,
      0.8854795374365396,
      0.8836241191318025,
      0.8833802997592523,
      0.8822228039065351,
      0.881079018771269,
      0.8808232444332573,
      0.8756187755602174,
      0.8773463181334188,
      0.8753645320372833,
      0.874295363151057,
      0.8738022157591714,
      0.8686275065813691,
      0.8703427448446274,
      0.8699212812949729,
      0.8698094744063033,
      0.8696715483490643,
      0.8658629879884507,
      0.8654608280791282,
      0.8661022855471626,
      0.865599136188,
      0.8652483365391639,
      0.8652103246089178,
      0.863164786857054,
      0.8611739687713692,
      0.8610496902245097,
      0.8621734112280107,
      0.8615105382008227,
      0.8612703880489446,
      0.8586270962049418,
      0.8585905599089965,
      0.8584090336137502,
      0.8585475443865661,
      0.8574395113782425,
      0.8588434339453788,
      0.8576496815130904,
      0.8543187930453401,
      0.8569556606429773,
      0.854185177710386,
      0.8566590900530501,
      0.8547997942452904,
      0.8521429837129398,
      0.852831648435869,
      0.851879983301711,
      0.8528593166793367,
      0.8506294187481866,
      0.8511371844308091,
      0.8498885664544334,
      0.8487030383657791,
      0.8477730689084635,
      0.8510454093680678,
      0.8482379948445118,
      0.8469116716995387,
      0.8480803357401687,
      0.8466687183641984,
      0.8451495163319432,
      0.8443627987797875,
      0.8425637457323227,
      0.8434824653341759,
      0.841830414076806,
      0.8447754452439362
    ],
    "train_acc": [
      0.5917463649611778,
      0.5933770365823372,
      0.5969593597270968,
      0.6035359333486404,
      0.6112136788982657,
      0.6126358307287884,
      0.6172584099077358,
      0.6186547896293033,
      0.6237998397443407,
      0.6269791808218023,
      0.6299336016756557,
      0.6301046347623577,
      0.6331082569151254,
      0.6357815274894686,
      0.6373044248368157,
      0.6403736487214691,
      0.6417489421720733,
      0.6434264721731511,
      0.6455913293253799,
      0.6465003818957963,
      0.6489838760314701,
      0.6507902665773233,
      0.650712950250458,
      0.6521585312709398,
      0.652036699483152,
      0.6532807894699849,
      0.655637765979879,
      0.654227328744336,
      0.6560571484801484,
      0.6569005993186792,
      0.6576807913443201,
      0.6581751472524588,
      0.6592880337755203,
      0.6602580022398306,
      0.6594778102141896,
      0.6606703559831122,
      0.6608343603128265,
      0.6631608788757738,
      0.661281857841047,
      0.6624392598250308,
      0.6623291426322226,
      0.6621417091125491,
      0.6638239249516187,
      0.6655201983046638,
      0.6655014549526964,
      0.6649227539607045,
      0.6654499107347862,
      0.6642620508038555,
      0.6642292499379127,
      0.6666354277467211,
      0.6651008158043944,
      0.6669095492692436,
      0.6657146605813251,
      0.6660145542128026,
      0.6668603479703292,
      0.6684558758065499,
      0.6688283999269009,
      0.6680341503872845,
      0.6688330857648928,
      0.6699600298019296,
      0.6688682295498315,
      0.6702200938104766,
      0.6693414991870071,
      0.6701076336986725,
      0.6696695078464358,
      0.6694656738937907,
      0.6712626927636604,
      0.6705551312268929,
      0.671473555473293,
      0.6709323411852358,
      0.6697561958492847,
      0.6709791995651543,
      0.6720850573312278,
      0.672883992708836,
      0.6729191364937749,
      0.6712697215206481,
      0.6737860165222648,
      0.6717148761298727,
      0.6721928316050401,
      0.6732002867732851,
      0.6725044398314972
    ],