{
  "weights": {
    "nonprompt": 0.2836384585375587,
    "diboson": 0.23449255018979473,
    "ttX": 0.48186899127264654
  },
  "yields": {
    "nonprompt": 44.476323472801596,
    "diboson": 36.769930876007926,
    "ttX": 75.56013820501319
  },
  "total_yield": 156.80639255382272,
  "mass_window": [
    83.7024131474076,
    95.97539156172276
  ]
}