{
  "syst": "ljet",
  "observed": 35.81544735003263,
  "expected": 110.75167041865643,
  "difference": -0.6766148337569506,
  "max_bin_difference": 1.0,
  "max_bin_difference_bin": 39,
  "max_bin_difference_filtered": 0.7789376633269103,
  "max_bin_difference_filtered_bin": 29,
  "snr_threshold": 3.0,
  "mass_range_min": 10.0,
  "mass_range_max": 160.0,
  "percentile_68_difference": 0.6955980169081923,
  "percentile_95_difference": 0.759258832267831,
  "rms_bin_difference": 0.6394798836961972,
  "chi2": 136.46308720379704,
  "ndf": 15,
  "chi2_per_ndf": 9.097539146919804,
  "p_value": 1.145383928271852e-21,
  "closure_uncertainty_scale": 4.6000000000000005,
  "recommended_systematic_pct": 360.00000000000006
}