{
  "syst": "ljet",
  "observed": 137.30351388454437,
  "expected": 277.47668892145157,
  "difference": -0.5051709950185674,
  "max_bin_difference": 0.0,
  "max_bin_difference_bin": -1,
  "max_bin_difference_filtered": 0.0,
  "max_bin_difference_filtered_bin": -1,
  "snr_threshold": 3.0,
  "mass_range_min": 10.0,
  "mass_range_max": 160.0,
  "percentile_68_difference": 0.0,
  "percentile_95_difference": 0.0,
  "rms_bin_difference": 0.0,
  "chi2": 49.29418803553848,
  "ndf": 35,
  "chi2_per_ndf": 1.4084053724439567,
  "p_value": 0.05517267407487789,
  "closure_uncertainty_scale": 1.6,
  "recommended_systematic_pct": 60.00000000000001
}