{
  "syst": "ljet",
  "observed": 137.30351442098618,
  "expected": 277.47668652702123,
  "difference": -0.5051709888152521,
  "max_bin_difference": 1.2786551612615948,
  "max_bin_difference_bin": 147,
  "max_bin_difference_filtered": 0.7054168795118428,
  "max_bin_difference_filtered_bin": 97,
  "snr_threshold": 3.0,
  "mass_range_min": 10.0,
  "mass_range_max": 160.0,
  "percentile_68_difference": 0.5447759011238579,
  "percentile_95_difference": 0.640492222852355,
  "rms_bin_difference": 0.4995210420470541,
  "chi2": 53.843086728086526,
  "ndf": 39,
  "chi2_per_ndf": 1.380591967386834,
  "p_value": 0.05722979529777481,
  "closure_uncertainty_scale": 1.55,
  "recommended_systematic_pct": 55.00000000000001
}