{
  "expected": 0.9104800115871824,
  "up": 0.9354350050070447,
  "down": 0.8850920465496674,
  "observed": 0.8815354759561074,
  "difference": -0.03179041303786322
}