{
  "Central": {
    "ptcorr_10to15_EB1": 7.568862555082887,
    "ptcorr_10to15_EB2": 4.616083030123264,
    "ptcorr_10to15_EE": 3.5167436324991286,
    "ptcorr_15to20_EB1": 10.89205266488716,
    "ptcorr_15to20_EB2": 5.548903306014836,
    "ptcorr_15to20_EE": 3.9492523218505085,
    "ptcorr_20to30_EB1": 17.83674980001524,
    "ptcorr_20to30_EB2": 11.017174634616822,
    "ptcorr_20to30_EE": 8.448008465580642,
    "ptcorr_30to50_EB1": 28.109326966572553,
    "ptcorr_30to50_EB2": 21.10759271075949,
    "ptcorr_30to50_EE": 15.586445895023644,
    "ptcorr_50to100_EB1": 24.55413310788572,
    "ptcorr_50to100_EB2": 15.150691084563732,
    "ptcorr_50to100_EE": 12.0728266290389
  },
  "MotherJetPt_Up": {
    "ptcorr_10to15_EB1": 4.827059078030288,
    "ptcorr_10to15_EB2": 2.9040948967449367,
    "ptcorr_10to15_EE": 2.321386908646673,
    "ptcorr_15to20_EB1": 6.741180658340454,
    "ptcorr_15to20_EB2": 3.5921605713665485,
    "ptcorr_15to20_EE": 2.7129713888280094,
    "ptcorr_20to30_EB1": 12.019135766662657,
    "ptcorr_20to30_EB2": 7.12904545571655,
    "ptcorr_20to30_EE": 5.339151760097593,
    "ptcorr_30to50_EB1": 18.914303765632212,
    "ptcorr_30to50_EB2": 14.366453108843416,
    "ptcorr_30to50_EE": 10.101717783603817,
    "ptcorr_50to100_EB1": 19.58857608307153,
    "ptcorr_50to100_EB2": 11.103535266593099,
    "ptcorr_50to100_EE": 8.974466761108488
  },
  "MotherJetPt_Down": {
    "ptcorr_10to15_EB1": 11.351997745223343,
    "ptcorr_10to15_EB2": 6.349060746841133,
    "ptcorr_10to15_EE": 5.543048338033259,
    "ptcorr_15to20_EB1": 14.890888394787908,
    "ptcorr_15to20_EB2": 7.374433616176248,
    "ptcorr_15to20_EE": 4.90401269402355,
    "ptcorr_20to30_EB1": 23.881985947024077,
    "ptcorr_20to30_EB2": 14.606022675521672,
    "ptcorr_20to30_EE": 12.153797418810427,
    "ptcorr_30to50_EB1": 33.20743593387306,
    "ptcorr_30to50_EB2": 25.90145644871518,
    "ptcorr_30to50_EE": 19.580773398280144,
    "ptcorr_50to100_EB1": 26.9972682450898,
    "ptcorr_50to100_EB2": 17.458369374275208,
    "ptcorr_50to100_EE": 14.400592108257115
  },
  "RequireHeavyTag": {
    "ptcorr_10to15_EB1": 5.804558129515499,
    "ptcorr_10to15_EB2": 3.7043234007433057,
    "ptcorr_10to15_EE": 2.9581822264008224,
    "ptcorr_15to20_EB1": 8.574458415154368,
    "ptcorr_15to20_EB2": 4.386169733479619,
    "ptcorr_15to20_EE": 3.0105315507389605,
    "ptcorr_20to30_EB1": 13.603810836095363,
    "ptcorr_20to30_EB2": 8.720104557462037,
    "ptcorr_20to30_EE": 6.908293290995061,
    "ptcorr_30to50_EB1": 23.417751856148243,
    "ptcorr_30to50_EB2": 16.329881011042744,
    "ptcorr_30to50_EE": 11.781230515334755,
    "ptcorr_50to100_EB1": 19.885413764044642,
    "ptcorr_50to100_EB2": 11.52651056041941,
    "ptcorr_50to100_EE": 9.099502158351243
  },
  "L1Prefire_Up": {
    "ptcorr_10to15_EB1": 7.568862555082887,
    "ptcorr_10to15_EB2": 4.616083030123264,
    "ptcorr_10to15_EE": 3.5167436324991286,
    "ptcorr_15to20_EB1": 10.89205266488716,
    "ptcorr_15to20_EB2": 5.548903306014836,
    "ptcorr_15to20_EE": 3.9492523218505085,
    "ptcorr_20to30_EB1": 17.83674980001524,
    "ptcorr_20to30_EB2": 11.017174634616822,
    "ptcorr_20to30_EE": 8.448008465580642,
    "ptcorr_30to50_EB1": 28.109326966572553,
    "ptcorr_30to50_EB2": 21.10759271075949,
    "ptcorr_30to50_EE": 15.586445895023644,
    "ptcorr_50to100_EB1": 24.55413310788572,
    "ptcorr_50to100_EB2": 15.150691084563732,
    "ptcorr_50to100_EE": 12.0728266290389
  },
  "L1Prefire_Down": {
    "ptcorr_10to15_EB1": 7.568862555082887,
    "ptcorr_10to15_EB2": 4.616083030123264,
    "ptcorr_10to15_EE": 3.5167436324991286,
    "ptcorr_15to20_EB1": 10.89205266488716,
    "ptcorr_15to20_EB2": 5.548903306014836,
    "ptcorr_15to20_EE": 3.9492523218505085,
    "ptcorr_20to30_EB1": 17.83674980001524,
    "ptcorr_20to30_EB2": 11.017174634616822,
    "ptcorr_20to30_EE": 8.448008465580642,
    "ptcorr_30to50_EB1": 28.109326966572553,
    "ptcorr_30to50_EB2": 21.10759271075949,
    "ptcorr_30to50_EE": 15.586445895023644,
    "ptcorr_50to100_EB1": 24.55413310788572,
    "ptcorr_50to100_EB2": 15.150691084563732,
    "ptcorr_50to100_EE": 12.0728266290389
  },
  "PileupReweight_Up": {
    "ptcorr_10to15_EB1": 7.357565024867654,
    "ptcorr_10to15_EB2": 4.594367887824774,
    "ptcorr_10to15_EE": 3.4499333151616156,
    "ptcorr_15to20_EB1": 10.538148139137775,
    "ptcorr_15to20_EB2": 5.417329552117735,
    "ptcorr_15to20_EE": 3.907902928069234,
    "ptcorr_20to30_EB1": 17.756514542270452,
    "ptcorr_20to30_EB2": 10.841993956826627,
    "ptcorr_20to30_EE": 8.497001698240638,
    "ptcorr_30to50_EB1": 28.08456935500726,
    "ptcorr_30to50_EB2": 20.817636497318745,
    "ptcorr_30to50_EE": 15.422811221331358,
    "ptcorr_50to100_EB1": 24.431239341851324,
    "ptcorr_50to100_EB2": 15.238341419491917,
    "ptcorr_50to100_EE": 11.8587263119407
  },
  "PileupReweight_Down": {
    "ptcorr_10to15_EB1": 7.721343534998596,
    "ptcorr_10to15_EB2": 4.717718526721001,
    "ptcorr_10to15_EE": 3.552588240010664,
    "ptcorr_15to20_EB1": 11.257705537369475,
    "ptcorr_15to20_EB2": 5.658557155169547,
    "ptcorr_15to20_EE": 3.989775799913332,
    "ptcorr_20to30_EB1": 17.91718092188239,
    "ptcorr_20to30_EB2": 11.24605254153721,
    "ptcorr_20to30_EE": 8.404451510170475,
    "ptcorr_30to50_EB1": 28.061301471316256,
    "ptcorr_30to50_EB2": 21.373396616312675,
    "ptcorr_30to50_EE": 15.705091314623132,
    "ptcorr_50to100_EB1": 24.59552876208909,
    "ptcorr_50to100_EB2": 14.983130642678589,
    "ptcorr_50to100_EE": 12.349009718280286
  },
  "JetEn_Up": {
    "ptcorr_10to15_EB1": 7.886502296663821,
    "ptcorr_10to15_EB2": 4.2754993927665055,
    "ptcorr_10to15_EE": 3.495056254789233,
    "ptcorr_15to20_EB1": 10.027941034175456,
    "ptcorr_15to20_EB2": 5.5607102694921196,
    "ptcorr_15to20_EE": 3.818683812394738,
    "ptcorr_20to30_EB1": 17.54287011222914,
    "ptcorr_20to30_EB2": 10.469079738482833,
    "ptcorr_20to30_EE": 8.497666729614139,
    "ptcorr_30to50_EB1": 27.09519868856296,
    "ptcorr_30to50_EB2": 20.8110206653364,
    "ptcorr_30to50_EE": 15.612265811301768,
    "ptcorr_50to100_EB1": 23.257822386920452,
    "ptcorr_50to100_EB2": 14.983620505779982,
    "ptcorr_50to100_EE": 12.132294702809304
  },
  "JetEn_Down": {
    "ptcorr_10to15_EB1": 6.7391211851499975,
    "ptcorr_10to15_EB2": 4.947348282672465,
    "ptcorr_10to15_EE": 3.7495122267864645,
    "ptcorr_15to20_EB1": 10.599084234796464,
    "ptcorr_15to20_EB2": 5.4590872642584145,
    "ptcorr_15to20_EE": 4.069434649776667,
    "ptcorr_20to30_EB1": 19.617628749925643,
    "ptcorr_20to30_EB2": 12.014480620156974,
    "ptcorr_20to30_EE": 7.804620529524982,
    "ptcorr_30to50_EB1": 29.762836335692555,
    "ptcorr_30to50_EB2": 22.253154289443046,
    "ptcorr_30to50_EE": 16.90905689727515,
    "ptcorr_50to100_EB1": 24.47668750025332,
    "ptcorr_50to100_EB2": 16.622836453840137,
    "ptcorr_50to100_EE": 12.530125216115266
  },
  "JetRes_Up": {
    "ptcorr_10to15_EB1": 7.427978383842856,
    "ptcorr_10to15_EB2": 4.986578909214586,
    "ptcorr_10to15_EE": 3.627384122926742,
    "ptcorr_15to20_EB1": 10.446331583429128,
    "ptcorr_15to20_EB2": 5.616710427682847,
    "ptcorr_15to20_EE": 3.894737681839615,
    "ptcorr_20to30_EB1": 17.852927673608065,
    "ptcorr_20to30_EB2": 11.08823283109814,
    "ptcorr_20to30_EE": 7.9843145022168756,
    "ptcorr_30to50_EB1": 26.97445790003985,
    "ptcorr_30to50_EB2": 21.188170445151627,
    "ptcorr_30to50_EE": 15.70250161876902,
    "ptcorr_50to100_EB1": 24.185948484111577,
    "ptcorr_50to100_EB2": 14.745789739768952,
    "ptcorr_50to100_EE": 12.150025756563991
  },
  "JetRes_Down": {
    "ptcorr_10to15_EB1": 7.522813893388957,
    "ptcorr_10to15_EB2": 4.8958001169376075,
    "ptcorr_10to15_EE": 3.6143070673570037,
    "ptcorr_15to20_EB1": 10.437768360599875,
    "ptcorr_15to20_EB2": 5.807302938774228,
    "ptcorr_15to20_EE": 3.7401051078923047,
    "ptcorr_20to30_EB1": 19.138791266828775,
    "ptcorr_20to30_EB2": 11.291593716014177,