{
  "Central": {
    "ptcorr_10to15_EB1": 187.56798967719078,
    "ptcorr_10to15_EB2": 128.54874271154404,
    "ptcorr_10to15_EE": 100.25333522260189,
    "ptcorr_15to20_EB1": 150.7271667122841,
    "ptcorr_15to20_EB2": 104.000523917377,
    "ptcorr_15to20_EE": 90.26847851276398,
    "ptcorr_20to30_EB1": 296.1855760961771,
    "ptcorr_20to30_EB2": 194.61411981284618,
    "ptcorr_20to30_EE": 135.11405787616968,
    "ptcorr_30to50_EB1": 497.8013061285019,
    "ptcorr_30to50_EB2": 294.01404598355293,
    "ptcorr_30to50_EE": 234.34329471737146,
    "ptcorr_50to100_EB1": 385.02305985987186,
    "ptcorr_50to100_EB2": 258.0496105849743,
    "ptcorr_50to100_EE": 134.593205653131
  },
  "MotherJetPt_Up": {
    "ptcorr_10to15_EB1": 142.56242718547583,
    "ptcorr_10to15_EB2": 77.18542845547199,
    "ptcorr_10to15_EE": 60.11753999441862,
    "ptcorr_15to20_EB1": 101.89711966365576,
    "ptcorr_15to20_EB2": 69.08487201482058,
    "ptcorr_15to20_EE": 56.5343147739768,
    "ptcorr_20to30_EB1": 198.52237539738417,
    "ptcorr_20to30_EB2": 129.51117942482233,
    "ptcorr_20to30_EE": 91.51819281280041,
    "ptcorr_30to50_EB1": 332.62220676243305,
    "ptcorr_30to50_EB2": 207.525855332613,
    "ptcorr_30to50_EE": 151.97737734764814,
    "ptcorr_50to100_EB1": 293.83339773863554,
    "ptcorr_50to100_EB2": 183.37143921852112,
    "ptcorr_50to100_EE": 88.76439774036407
  },
  "MotherJetPt_Down": {
    "ptcorr_10to15_EB1": 230.64321050792933,
    "ptcorr_10to15_EB2": 160.09563367068768,
    "ptcorr_10to15_EE": 117.59274780005217,
    "ptcorr_15to20_EB1": 191.99928553402424,
    "ptcorr_15to20_EB2": 127.1652567833662,
    "ptcorr_15to20_EE": 118.8178417161107,
    "ptcorr_20to30_EB1": 358.0341548919678,
    "ptcorr_20to30_EB2": 241.74099998921156,
    "ptcorr_20to30_EE": 177.91358008235693,
    "ptcorr_30to50_EB1": 609.0233283415437,
    "ptcorr_30to50_EB2": 362.14439544826746,
    "ptcorr_30to50_EE": 289.47296564280987,
    "ptcorr_50to100_EB1": 462.145420730114,
    "ptcorr_50to100_EB2": 316.51356644928455,
    "ptcorr_50to100_EE": 172.6791621297598
  },
  "RequireHeavyTag": {
    "ptcorr_10to15_EB1": 108.07784116268158,
    "ptcorr_10to15_EB2": 68.10147340595722,
    "ptcorr_10to15_EE": 59.72942811995745,
    "ptcorr_15to20_EB1": 83.8619023412466,
    "ptcorr_15to20_EB2": 57.27905007451773,
    "ptcorr_15to20_EE": 56.569187209010124,
    "ptcorr_20to30_EB1": 189.998028755188,
    "ptcorr_20to30_EB2": 120.75265747308731,
    "ptcorr_20to30_EE": 82.2662470638752,
    "ptcorr_30to50_EB1": 315.34493573755026,
    "ptcorr_30to50_EB2": 186.68220306187868,
    "ptcorr_30to50_EE": 155.0540672391653,
    "ptcorr_50to100_EB1": 234.18933361023664,
    "ptcorr_50to100_EB2": 158.4257836714387,
    "ptcorr_50to100_EE": 91.15643944591284
  },
  "L1Prefire_Up": {
    "ptcorr_10to15_EB1": 187.56798967719078,
    "ptcorr_10to15_EB2": 128.54874271154404,
    "ptcorr_10to15_EE": 100.25333522260189,
    "ptcorr_15to20_EB1": 150.7271667122841,
    "ptcorr_15to20_EB2": 104.000523917377,
    "ptcorr_15to20_EE": 90.26847851276398,
    "ptcorr_20to30_EB1": 296.1855760961771,
    "ptcorr_20to30_EB2": 194.61411981284618,
    "ptcorr_20to30_EE": 135.11405787616968,
    "ptcorr_30to50_EB1": 497.8013061285019,
    "ptcorr_30to50_EB2": 294.01404598355293,
    "ptcorr_30to50_EE": 234.34329471737146,
    "ptcorr_50to100_EB1": 385.02305985987186,
    "ptcorr_50to100_EB2": 258.0496105849743,
    "ptcorr_50to100_EE": 134.593205653131
  },
  "L1Prefire_Down": {
    "ptcorr_10to15_EB1": 187.56798967719078,
    "ptcorr_10to15_EB2": 128.54874271154404,
    "ptcorr_10to15_EE": 100.25333522260189,
    "ptcorr_15to20_EB1": 150.7271667122841,
    "ptcorr_15to20_EB2": 104.000523917377,
    "ptcorr_15to20_EE": 90.26847851276398,
    "ptcorr_20to30_EB1": 296.1855760961771,
    "ptcorr_20to30_EB2": 194.61411981284618,
    "ptcorr_20to30_EE": 135.11405787616968,
    "ptcorr_30to50_EB1": 497.8013061285019,
    "ptcorr_30to50_EB2": 294.01404598355293,
    "ptcorr_30to50_EE": 234.34329471737146,
    "ptcorr_50to100_EB1": 385.02305985987186,
    "ptcorr_50to100_EB2": 258.0496105849743,
    "ptcorr_50to100_EE": 134.593205653131
  },
  "PileupReweight_Up": {
    "ptcorr_10to15_EB1": 185.04925305768847,
    "ptcorr_10to15_EB2": 128.49517589062452,
    "ptcorr_10to15_EE": 100.0612770691514,
    "ptcorr_15to20_EB1": 148.31647656857967,
    "ptcorr_15to20_EB2": 101.09776431694627,
    "ptcorr_15to20_EE": 89.37829745933414,
    "ptcorr_20to30_EB1": 292.8849463686347,
    "ptcorr_20to30_EB2": 191.03517961502075,
    "ptcorr_20to30_EE": 132.71468360722065,
    "ptcorr_30to50_EB1": 491.2993162944913,
    "ptcorr_30to50_EB2": 294.5154889598489,
    "ptcorr_30to50_EE": 228.60211960598826,
    "ptcorr_50to100_EB1": 382.5265531167388,
    "ptcorr_50to100_EB2": 255.54982234537601,
    "ptcorr_50to100_EE": 132.41675724834204
  },
  "PileupReweight_Down": {
    "ptcorr_10to15_EB1": 190.3825490809977,
    "ptcorr_10to15_EB2": 127.49237149581313,
    "ptcorr_10to15_EE": 100.11397712305188,
    "ptcorr_15to20_EB1": 153.60966597497463,
    "ptcorr_15to20_EB2": 107.22146268934011,
    "ptcorr_15to20_EE": 91.03249039687216,
    "ptcorr_20to30_EB1": 300.3065812587738,
    "ptcorr_20to30_EB2": 198.04058579728007,
    "ptcorr_20to30_EE": 138.5416108071804,
    "ptcorr_30to50_EB1": 505.2985246554017,
    "ptcorr_30to50_EB2": 293.70162443071604,
    "ptcorr_30to50_EE": 239.98939298652112,
    "ptcorr_50to100_EB1": 387.1113577056676,
    "ptcorr_50to100_EB2": 260.40621626749635,
    "ptcorr_50to100_EE": 136.44546553120017
  },
  "JetEn_Up": {
    "ptcorr_10to15_EB1": 182.89856182038784,
    "ptcorr_10to15_EB2": 122.21827188879251,
    "ptcorr_10to15_EE": 92.4117326810956,
    "ptcorr_15to20_EB1": 143.4423626959324,
    "ptcorr_15to20_EB2": 100.40409928560257,
    "ptcorr_15to20_EE": 90.38321694731712,
    "ptcorr_20to30_EB1": 289.81708177924156,
    "ptcorr_20to30_EB2": 189.13583850860596,
    "ptcorr_20to30_EE": 124.43317703157663,
    "ptcorr_30to50_EB1": 478.36921472102404,
    "ptcorr_30to50_EB2": 287.5888190641999,
    "ptcorr_30to50_EE": 212.50947836786509,
    "ptcorr_50to100_EB1": 370.92906928807497,
    "ptcorr_50to100_EB2": 254.69323433190584,
    "ptcorr_50to100_EE": 133.2821118682623
  },
  "JetEn_Down": {
    "ptcorr_10to15_EB1": 188.54339384287596,
    "ptcorr_10to15_EB2": 136.24420652538538,
    "ptcorr_10to15_EE": 96.78962691873312,
    "ptcorr_15to20_EB1": 155.45492416620255,
    "ptcorr_15to20_EB2": 105.88227389752865,
    "ptcorr_15to20_EE": 88.50951026380062,
    "ptcorr_20to30_EB1": 307.47084602713585,
    "ptcorr_20to30_EB2": 207.30325138568878,
    "ptcorr_20to30_EE": 139.8421483412385,
    "ptcorr_30to50_EB1": 508.84188970923424,
    "ptcorr_30to50_EB2": 297.56466495990753,
    "ptcorr_30to50_EE": 244.15790507942438,
    "ptcorr_50to100_EB1": 410.1082027852535,
    "ptcorr_50to100_EB2": 253.01837346702814,
    "ptcorr_50to100_EE": 149.6328779309988
  },
  "JetRes_Up": {
    "ptcorr_10to15_EB1": 181.72224861383438,
    "ptcorr_10to15_EB2": 128.31164775788784,
    "ptcorr_10to15_EE": 97.5427860096097,
    "ptcorr_15to20_EB1": 155.62250849604607,
    "ptcorr_15to20_EB2": 105.91712006926537,
    "ptcorr_15to20_EE": 89.64345093816519,
    "ptcorr_20to30_EB1": 296.04238886386156,
    "ptcorr_20to30_EB2": 192.03962365537882,
    "ptcorr_20to30_EE": 137.93935776501894,
    "ptcorr_30to50_EB1": 495.737426802516,
    "ptcorr_30to50_EB2": 288.91561008244753,
    "ptcorr_30to50_EE": 228.93237148225307,
    "ptcorr_50to100_EB1": 394.3771334066987,
    "ptcorr_50to100_EB2": 253.23385436832905,
    "ptcorr_50to100_EE": 136.36684484034777
  },
  "JetRes_Down": {
    "ptcorr_10to15_EB1": 190.69045113027096,
    "ptcorr_10to15_EB2": 136.1834284812212,
    "ptcorr_10to15_EE": 98.75494530051947,
    "ptcorr_15to20_EB1": 151.49571818858385,
    "ptcorr_15to20_EB2": 107.7006190046668,
    "ptcorr_15to20_EE": 94.23509209603071,
    "ptcorr_20to30_EB1": 293.09010135382414,
    "ptcorr_20to30_EB2": 197.0551928281784,