{
  "Central": {
    "ptcorr_10to15_EB1": 28.687793396413326,
    "ptcorr_10to15_EB2": 18.075819090008736,
    "ptcorr_10to15_EE": 17.307345386594534,
    "ptcorr_15to20_EB1": 23.57409587316215,
    "ptcorr_15to20_EB2": 15.436959693208337,
    "ptcorr_15to20_EE": 12.404975526034832,
    "ptcorr_20to30_EB1": 28.243295297026634,
    "ptcorr_20to30_EB2": 21.885274613276124,
    "ptcorr_20to30_EE": 13.37471223436296,
    "ptcorr_30to50_EB1": 25.75993651151657,
    "ptcorr_30to50_EB2": 20.363876320421696,
    "ptcorr_30to50_EE": 17.08401787094772,
    "ptcorr_50to100_EB1": 18.15262039937079,
    "ptcorr_50to100_EB2": 15.059583814814687,
    "ptcorr_50to100_EE": 12.175933903083205
  },
  "MotherJetPt_Up": {
    "ptcorr_10to15_EB1": 11.849275853484869,
    "ptcorr_10to15_EB2": 8.229387201368809,
    "ptcorr_10to15_EE": 6.802117899060249,
    "ptcorr_15to20_EB1": 8.52432106807828,
    "ptcorr_15to20_EB2": 6.101024812087417,
    "ptcorr_15to20_EE": 4.58986522257328,
    "ptcorr_20to30_EB1": 12.655304906889796,
    "ptcorr_20to30_EB2": 7.871383229270577,
    "ptcorr_20to30_EE": 5.628538651391864,
    "ptcorr_30to50_EB1": 12.871049240231514,
    "ptcorr_30to50_EB2": 11.600751722231507,
    "ptcorr_30to50_EE": 10.681198187172413,
    "ptcorr_50to100_EB1": 12.919719381257892,
    "ptcorr_50to100_EB2": 10.133931543678045,
    "ptcorr_50to100_EE": 8.586222121492028
  },
  "MotherJetPt_Down": {
    "ptcorr_10to15_EB1": 49.00059614889324,
    "ptcorr_10to15_EB2": 29.159882290288806,
    "ptcorr_10to15_EE": 27.903519293293357,
    "ptcorr_15to20_EB1": 35.06946517713368,
    "ptcorr_15to20_EB2": 22.825638454407454,
    "ptcorr_15to20_EE": 20.298964696004987,
    "ptcorr_20to30_EB1": 41.02190142869949,
    "ptcorr_20to30_EB2": 29.959267880767584,
    "ptcorr_20to30_EE": 21.858336091041565,
    "ptcorr_30to50_EB1": 33.507305793464184,
    "ptcorr_30to50_EB2": 26.978702146559954,
    "ptcorr_30to50_EE": 21.35360449552536,
    "ptcorr_50to100_EB1": 20.61941925622523,
    "ptcorr_50to100_EB2": 16.94614550471306,
    "ptcorr_50to100_EE": 15.084748273715377
  },
  "RequireHeavyTag": {
    "ptcorr_10to15_EB1": 6.554160118103027,
    "ptcorr_10to15_EB2": 4.504800034686923,
    "ptcorr_10to15_EE": 3.5336753465235233,
    "ptcorr_15to20_EB1": 5.2389765828847885,
    "ptcorr_15to20_EB2": 3.4254939798265696,
    "ptcorr_15to20_EE": 2.1990511175245047,
    "ptcorr_20to30_EB1": 5.340298607945442,
    "ptcorr_20to30_EB2": 4.062282871454954,
    "ptcorr_20to30_EE": 2.761155068874359,
    "ptcorr_30to50_EB1": 4.389908464625478,
    "ptcorr_30to50_EB2": 2.1419713366776705,
    "ptcorr_30to50_EE": 1.6058165691792965,
    "ptcorr_50to100_EB1": 2.363279225304723,
    "ptcorr_50to100_EB2": 1.75935472920537,
    "ptcorr_50to100_EE": 2.066260650753975
  },
  "L1Prefire_Up": {
    "ptcorr_10to15_EB1": 28.687793396413326,
    "ptcorr_10to15_EB2": 18.075819090008736,
    "ptcorr_10to15_EE": 17.307345386594534,
    "ptcorr_15to20_EB1": 23.57409587316215,
    "ptcorr_15to20_EB2": 15.436959693208337,
    "ptcorr_15to20_EE": 12.404975526034832,
    "ptcorr_20to30_EB1": 28.243295297026634,
    "ptcorr_20to30_EB2": 21.885274613276124,
    "ptcorr_20to30_EE": 13.37471223436296,
    "ptcorr_30to50_EB1": 25.75993651151657,
    "ptcorr_30to50_EB2": 20.363876320421696,
    "ptcorr_30to50_EE": 17.08401787094772,
    "ptcorr_50to100_EB1": 18.15262039937079,
    "ptcorr_50to100_EB2": 15.059583814814687,
    "ptcorr_50to100_EE": 12.175933903083205
  },
  "L1Prefire_Down": {
    "ptcorr_10to15_EB1": 28.687793396413326,
    "ptcorr_10to15_EB2": 18.075819090008736,
    "ptcorr_10to15_EE": 17.307345386594534,
    "ptcorr_15to20_EB1": 23.57409587316215,
    "ptcorr_15to20_EB2": 15.436959693208337,
    "ptcorr_15to20_EE": 12.404975526034832,
    "ptcorr_20to30_EB1": 28.243295297026634,
    "ptcorr_20to30_EB2": 21.885274613276124,
    "ptcorr_20to30_EE": 13.37471223436296,
    "ptcorr_30to50_EB1": 25.75993651151657,
    "ptcorr_30to50_EB2": 20.363876320421696,
    "ptcorr_30to50_EE": 17.08401787094772,
    "ptcorr_50to100_EB1": 18.15262039937079,
    "ptcorr_50to100_EB2": 15.059583814814687,
    "ptcorr_50to100_EE": 12.175933903083205
  },
  "PileupReweight_Up": {
    "ptcorr_10to15_EB1": 28.691571585834026,
    "ptcorr_10to15_EB2": 17.76451935619116,
    "ptcorr_10to15_EE": 16.874443788081408,
    "ptcorr_15to20_EB1": 22.811344262212515,
    "ptcorr_15to20_EB2": 15.626987881958485,
    "ptcorr_15to20_EE": 12.308032689616084,
    "ptcorr_20to30_EB1": 27.834791116416454,
    "ptcorr_20to30_EB2": 21.17767332866788,
    "ptcorr_20to30_EE": 13.278600536286831,
    "ptcorr_30to50_EB1": 25.749937497079372,
    "ptcorr_30to50_EB2": 20.026224453002214,
    "ptcorr_30to50_EE": 16.96422410197556,
    "ptcorr_50to100_EB1": 17.862834587693214,
    "ptcorr_50to100_EB2": 14.882459098473191,
    "ptcorr_50to100_EE": 12.183673772960901
  },
  "PileupReweight_Down": {
    "ptcorr_10to15_EB1": 28.552665926981717,
    "ptcorr_10to15_EB2": 18.58359921257943,
    "ptcorr_10to15_EE": 17.674944108352065,
    "ptcorr_15to20_EB1": 24.40300031704828,
    "ptcorr_15to20_EB2": 15.333464215509593,
    "ptcorr_15to20_EE": 12.48632630519569,
    "ptcorr_20to30_EB1": 28.538242721464485,
    "ptcorr_20to30_EB2": 22.52999184699729,
    "ptcorr_20to30_EE": 13.474724608007818,
    "ptcorr_30to50_EB1": 25.897583606652915,
    "ptcorr_30to50_EB2": 20.753904168494046,
    "ptcorr_30to50_EE": 17.16283109271899,
    "ptcorr_50to100_EB1": 18.408951449673623,
    "ptcorr_50to100_EB2": 15.203474925365299,
    "ptcorr_50to100_EE": 12.120033764280379
  },
  "JetEn_Up": {
    "ptcorr_10to15_EB1": 30.730569111183286,
    "ptcorr_10to15_EB2": 18.208664579316974,
    "ptcorr_10to15_EE": 16.486997541040182,
    "ptcorr_15to20_EB1": 24.21915285475552,
    "ptcorr_15to20_EB2": 15.292734693735838,
    "ptcorr_15to20_EE": 12.816183544695377,
    "ptcorr_20to30_EB1": 28.475837912410498,
    "ptcorr_20to30_EB2": 21.36527088843286,
    "ptcorr_20to30_EE": 12.549827333539724,
    "ptcorr_30to50_EB1": 25.67310489155352,
    "ptcorr_30to50_EB2": 20.045778093859553,
    "ptcorr_30to50_EE": 16.59042868576944,
    "ptcorr_50to100_EB1": 16.565844405442476,
    "ptcorr_50to100_EB2": 14.560583060607314,
    "ptcorr_50to100_EE": 12.441554613411427
  },
  "JetEn_Down": {
    "ptcorr_10to15_EB1": 29.063371039927006,
    "ptcorr_10to15_EB2": 17.392268577590585,
    "ptcorr_10to15_EE": 16.847592178732157,
    "ptcorr_15to20_EB1": 23.62722140736878,
    "ptcorr_15to20_EB2": 15.174738559871912,
    "ptcorr_15to20_EE": 12.808122806251049,
    "ptcorr_20to30_EB1": 27.927104387432337,
    "ptcorr_20to30_EB2": 20.55955514125526,
    "ptcorr_20to30_EE": 14.206217201426625,
    "ptcorr_30to50_EB1": 27.196525134146214,
    "ptcorr_30to50_EB2": 20.01762462221086,
    "ptcorr_30to50_EE": 17.133259711787105,
    "ptcorr_50to100_EB1": 18.96768292784691,
    "ptcorr_50to100_EB2": 15.013594754040241,
    "ptcorr_50to100_EE": 11.508364643901587
  },
  "JetRes_Up": {
    "ptcorr_10to15_EB1": 28.723399786278605,
    "ptcorr_10to15_EB2": 17.70387808419764,
    "ptcorr_10to15_EE": 17.05506207421422,
    "ptcorr_15to20_EB1": 23.04552144743502,
    "ptcorr_15to20_EB2": 15.538606813177466,
    "ptcorr_15to20_EE": 12.496616687625647,
    "ptcorr_20to30_EB1": 28.214481437578797,
    "ptcorr_20to30_EB2": 21.272539718076587,
    "ptcorr_20to30_EE": 13.013141369447112,
    "ptcorr_30to50_EB1": 25.91611174866557,
    "ptcorr_30to50_EB2": 19.273610768839717,
    "ptcorr_30to50_EE": 16.798023782670498,
    "ptcorr_50to100_EB1": 17.93623817153275,
    "ptcorr_50to100_EB2": 14.716799763962626,
    "ptcorr_50to100_EE": 11.667357508093119
  },
  "JetRes_Down": {
    "ptcorr_10to15_EB1": 28.713751951232553,
    "ptcorr_10to15_EB2": 18.00308476574719,
    "ptcorr_10to15_EE": 17.776359729468822,
    "ptcorr_15to20_EB1": 25.258351001888514,
    "ptcorr_15to20_EB2": 15.5843511428684,
    "ptcorr_15to20_EE": 12.815235210582614,
    "ptcorr_20to30_EB1": 28.193739594891667,
    "ptcorr_20to30_EB2": 22.667188622057438,