{
  "Central": {
    "ptcorr_10to12_EB1": 5.491524785757065,
    "ptcorr_10to12_EB2": 4.2588853389024734,
    "ptcorr_10to12_EE": 3.922863580286503,
    "ptcorr_12to14_EB1": 6.449688747525215,
    "ptcorr_12to14_EB2": 4.576107036322355,
    "ptcorr_12to14_EE": 3.8043772913515568,
    "ptcorr_14to17_EB1": 11.560409234836698,
    "ptcorr_14to17_EB2": 6.647192500531673,
    "ptcorr_14to17_EE": 5.539318684488535,
    "ptcorr_17to20_EB1": 10.218483738601208,
    "ptcorr_17to20_EB2": 7.179793622344732,
    "ptcorr_17to20_EE": 6.245310001075268,
    "ptcorr_20to30_EB1": 37.4476615190506,
    "ptcorr_20to30_EB2": 25.4513640999794,
    "ptcorr_20to30_EE": 18.86151832342148,
    "ptcorr_30to50_EB1": 70.36517798900604,
    "ptcorr_30to50_EB2": 47.10965168476105,
    "ptcorr_30to50_EE": 32.928506791591644,
    "ptcorr_50to100_EB1": 57.095139026641846,
    "ptcorr_50to100_EB2": 34.315479040145874,
    "ptcorr_50to100_EE": 25.089907586574554,
    "ptcorr_100to200_EB1": 5.641846988350153,
    "ptcorr_100to200_EB2": 2.798969918861985,
    "ptcorr_100to200_EE": 2.0375831704586744
  },
  "MotherJetPt_Up": {
    "ptcorr_10to12_EB1": 3.860459439456463,
    "ptcorr_10to12_EB2": 2.8891083560884,
    "ptcorr_10to12_EE": 2.6585713792592287,
    "ptcorr_12to14_EB1": 4.062415324151516,
    "ptcorr_12to14_EB2": 3.1369714811444283,
    "ptcorr_12to14_EE": 2.3951150458306074,
    "ptcorr_14to17_EB1": 7.38057747669518,
    "ptcorr_14to17_EB2": 4.105060984380543,
    "ptcorr_14to17_EE": 3.617571599781513,
    "ptcorr_17to20_EB1": 7.528902389109135,
    "ptcorr_17to20_EB2": 4.815111378207803,
    "ptcorr_17to20_EE": 3.911341207101941,
    "ptcorr_20to30_EB1": 24.080411314964294,
    "ptcorr_20to30_EB2": 16.606359988451004,
    "ptcorr_20to30_EE": 11.778251901268959,
    "ptcorr_30to50_EB1": 47.13595378398895,
    "ptcorr_30to50_EB2": 30.123791992664337,
    "ptcorr_30to50_EE": 22.163535058498383,
    "ptcorr_50to100_EB1": 42.389737486839294,
    "ptcorr_50to100_EB2": 25.649874210357666,
    "ptcorr_50to100_EE": 18.150110214948654,
    "ptcorr_100to200_EB1": 5.417562920600176,
    "ptcorr_100to200_EB2": 2.3934483751654625,
    "ptcorr_100to200_EE": 1.8227082546800375
  },
  "MotherJetPt_Down": {
    "ptcorr_10to12_EB1": 7.599137671291828,
    "ptcorr_10to12_EB2": 5.574065677821636,
    "ptcorr_10to12_EE": 4.8391295382753015,
    "ptcorr_12to14_EB1": 9.065788693726063,
    "ptcorr_12to14_EB2": 5.7181747034192085,
    "ptcorr_12to14_EE": 4.998181512579322,
    "ptcorr_14to17_EB1": 15.03291404247284,
    "ptcorr_14to17_EB2": 8.889675199985504,
    "ptcorr_14to17_EE": 7.427210137248039,
    "ptcorr_17to20_EB1": 13.2052913159132,
    "ptcorr_17to20_EB2": 9.800794929265976,
    "ptcorr_17to20_EE": 8.598300717771053,
    "ptcorr_20to30_EB1": 47.921029448509216,
    "ptcorr_20to30_EB2": 32.57102781534195,
    "ptcorr_20to30_EE": 26.14050543308258,
    "ptcorr_30to50_EB1": 83.85864615440369,
    "ptcorr_30to50_EB2": 56.49491345882416,
    "ptcorr_30to50_EE": 40.42700731754303,
    "ptcorr_50to100_EB1": 66.21996772289276,
    "ptcorr_50to100_EB2": 40.421668350696564,
    "ptcorr_50to100_EE": 29.99230867624283,
    "ptcorr_100to200_EB1": 5.843156676739454,
    "ptcorr_100to200_EB2": 2.838609926402569,
    "ptcorr_100to200_EE": 2.245454041287303
  },
  "RequireHeavyTag": {
    "ptcorr_10to12_EB1": 4.272997956722975,
    "ptcorr_10to12_EB2": 3.3504236936569214,
    "ptcorr_10to12_EE": 3.267318621277809,
    "ptcorr_12to14_EB1": 4.986282456666231,
    "ptcorr_12to14_EB2": 4.19347744807601,
    "ptcorr_12to14_EE": 3.054058289155364,
    "ptcorr_14to17_EB1": 9.560791967436671,
    "ptcorr_14to17_EB2": 4.991481779143214,
    "ptcorr_14to17_EE": 4.667464811354876,
    "ptcorr_17to20_EB1": 8.32773383334279,
    "ptcorr_17to20_EB2": 5.35209321975708,
    "ptcorr_17to20_EE": 4.340479463338852,
    "ptcorr_20to30_EB1": 29.650887072086334,
    "ptcorr_20to30_EB2": 19.507516115903854,
    "ptcorr_20to30_EE": 14.815965682268143,
    "ptcorr_30to50_EB1": 57.541475892066956,
    "ptcorr_30to50_EB2": 37.52221816778183,
    "ptcorr_30to50_EE": 24.611009031534195,
    "ptcorr_50to100_EB1": 46.04466640949249,
    "ptcorr_50to100_EB2": 27.619459688663483,
    "ptcorr_50to100_EE": 19.40092146396637,
    "ptcorr_100to200_EB1": 4.751307308673859,
    "ptcorr_100to200_EB2": 2.2793408315628767,
    "ptcorr_100to200_EE": 1.2847778610885143
  },
  "Stat": {
    "ptcorr_10to12_EB1": 0.627664056595361,
    "ptcorr_10to12_EB2": 0.5387337441120345,
    "ptcorr_10to12_EE": 0.5448968917872319,
    "ptcorr_12to14_EB1": 0.6709479350404537,
    "ptcorr_12to14_EB2": 0.5393952174283524,
    "ptcorr_12to14_EE": 0.5295146182590832,
    "ptcorr_14to17_EB1": 0.8803220710620737,
    "ptcorr_14to17_EB2": 0.6956111312165868,
    "ptcorr_14to17_EE": 0.6184455686122177,
    "ptcorr_17to20_EB1": 0.8619786164506714,
    "ptcorr_17to20_EB2": 0.7010862687423486,
    "ptcorr_17to20_EE": 0.6811544992014766,
    "ptcorr_20to30_EB1": 1.6359444026803722,
    "ptcorr_20to30_EB2": 1.3523434613145868,
    "ptcorr_20to30_EE": 1.1247053716509068,
    "ptcorr_30to50_EB1": 2.248305129246609,
    "ptcorr_30to50_EB2": 1.7798965738889525,
    "ptcorr_30to50_EE": 1.5552025867148545,
    "ptcorr_50to100_EB1": 1.993735323106088,
    "ptcorr_50to100_EB2": 1.5652861583782527,
    "ptcorr_50to100_EE": 1.3266541374568137,
    "ptcorr_100to200_EB1": 0.5944621964184531,
    "ptcorr_100to200_EB2": 0.47582192692331055,
    "ptcorr_100to200_EE": 0.36142398291837785
  }
}