{
  "Central": {
    "ptcorr_10to12_EB1": 269.4394736289978,
    "ptcorr_10to12_EB2": 183.49190592765808,
    "ptcorr_10to12_EE": 158.78267192840576,
    "ptcorr_12to14_EB1": 278.78700399398804,
    "ptcorr_12to14_EB2": 201.83139491081238,
    "ptcorr_12to14_EE": 165.64097476005554,
    "ptcorr_14to17_EB1": 352.97485542297363,
    "ptcorr_14to17_EB2": 239.92498588562012,
    "ptcorr_14to17_EE": 225.46423816680908,
    "ptcorr_17to20_EB1": 326.67118549346924,
    "ptcorr_17to20_EB2": 218.423987865448,
    "ptcorr_17to20_EE": 204.02565908432007,
    "ptcorr_20to30_EB1": 994.3323020935059,
    "ptcorr_20to30_EB2": 635.6053829193115,
    "ptcorr_20to30_EE": 517.058385848999,
    "ptcorr_30to50_EB1": 1589.2697715759277,
    "ptcorr_30to50_EB2": 991.5458526611328,
    "ptcorr_30to50_EE": 722.2450675964355,
    "ptcorr_50to100_EB1": 1320.1486549377441,
    "ptcorr_50to100_EB2": 762.9160614013672,
    "ptcorr_50to100_EE": 443.08974266052246,
    "ptcorr_100to200_EB1": 128.26343154907227,
    "ptcorr_100to200_EB2": 71.85280522704124,
    "ptcorr_100to200_EE": 44.2962711751461
  },
  "MotherJetPt_Up": {
    "ptcorr_10to12_EB1": 186.7328794002533,
    "ptcorr_10to12_EB2": 119.19298374652863,
    "ptcorr_10to12_EE": 106.95483160018921,
    "ptcorr_12to14_EB1": 191.85743379592896,
    "ptcorr_12to14_EB2": 134.45076298713684,
    "ptcorr_12to14_EE": 106.62767004966736,
    "ptcorr_14to17_EB1": 236.04549598693848,
    "ptcorr_14to17_EB2": 171.8440945148468,
    "ptcorr_14to17_EE": 145.05339431762695,
    "ptcorr_17to20_EB1": 230.1519341468811,
    "ptcorr_17to20_EB2": 148.19347476959229,
    "ptcorr_17to20_EE": 125.98193836212158,
    "ptcorr_20to30_EB1": 646.7970123291016,
    "ptcorr_20to30_EB2": 408.61329078674316,
    "ptcorr_20to30_EE": 335.96704387664795,
    "ptcorr_30to50_EB1": 1064.0897693634033,
    "ptcorr_30to50_EB2": 663.399299621582,
    "ptcorr_30to50_EE": 467.41289615631104,
    "ptcorr_50to100_EB1": 952.8850727081299,
    "ptcorr_50to100_EB2": 553.471363067627,
    "ptcorr_50to100_EE": 304.8783025741577,
    "ptcorr_100to200_EB1": 112.15603649616241,
    "ptcorr_100to200_EB2": 62.89013138413429,
    "ptcorr_100to200_EE": 37.30077010393143
  },
  "MotherJetPt_Down": {
    "ptcorr_10to12_EB1": 327.1496605873108,
    "ptcorr_10to12_EB2": 226.35511445999146,
    "ptcorr_10to12_EE": 193.842276096344,
    "ptcorr_12to14_EB1": 344.80059242248535,
    "ptcorr_12to14_EB2": 249.86596965789795,
    "ptcorr_12to14_EE": 199.6250865459442,
    "ptcorr_14to17_EB1": 440.4371404647827,
    "ptcorr_14to17_EB2": 307.85487270355225,
    "ptcorr_14to17_EE": 273.55683851242065,
    "ptcorr_17to20_EB1": 411.007230758667,
    "ptcorr_17to20_EB2": 275.98553705215454,
    "ptcorr_17to20_EE": 247.4687957763672,
    "ptcorr_20to30_EB1": 1227.2734603881836,
    "ptcorr_20to30_EB2": 815.4033756256104,
    "ptcorr_20to30_EE": 667.9906101226807,
    "ptcorr_30to50_EB1": 1920.0274238586426,
    "ptcorr_30to50_EB2": 1251.3940315246582,
    "ptcorr_30to50_EE": 931.7313861846924,
    "ptcorr_50to100_EB1": 1554.8603210449219,
    "ptcorr_50to100_EB2": 924.682035446167,
    "ptcorr_50to100_EE": 576.437629699707,
    "ptcorr_100to200_EB1": 142.87164306640625,
    "ptcorr_100to200_EB2": 82.5192891061306,
    "ptcorr_100to200_EE": 48.508542746305466
  },
  "RequireHeavyTag": {
    "ptcorr_10to12_EB1": 126.16765570640564,
    "ptcorr_10to12_EB2": 92.85975909233093,
    "ptcorr_10to12_EE": 84.80752909183502,
    "ptcorr_12to14_EB1": 146.49971795082092,
    "ptcorr_12to14_EB2": 114.99349737167358,
    "ptcorr_12to14_EE": 91.89882051944733,
    "ptcorr_14to17_EB1": 200.98711228370667,
    "ptcorr_14to17_EB2": 140.65636777877808,
    "ptcorr_14to17_EE": 127.67147731781006,
    "ptcorr_17to20_EB1": 187.74522829055786,
    "ptcorr_17to20_EB2": 135.19939994812012,
    "ptcorr_17to20_EE": 122.16615867614746,
    "ptcorr_20to30_EB1": 597.0649337768555,
    "ptcorr_20to30_EB2": 382.2775297164917,
    "ptcorr_20to30_EE": 324.14366340637207,
    "ptcorr_30to50_EB1": 1024.90824508667,
    "ptcorr_30to50_EB2": 650.9385757446289,
    "ptcorr_30to50_EE": 460.2699947357178,
    "ptcorr_50to100_EB1": 851.1908779144287,
    "ptcorr_50to100_EB2": 496.02319049835205,
    "ptcorr_50to100_EE": 282.2876720428467,
    "ptcorr_100to200_EB1": 82.67483580112457,
    "ptcorr_100to200_EB2": 42.43689548969269,
    "ptcorr_100to200_EE": 26.5056122392416
  },
  "Stat": {
    "ptcorr_10to12_EB1": 12.010914933508335,
    "ptcorr_10to12_EB2": 9.740621573790408,
    "ptcorr_10to12_EE": 9.2460801082587,
    "ptcorr_12to14_EB1": 12.228347343813123,
    "ptcorr_12to14_EB2": 11.445183084966086,
    "ptcorr_12to14_EE": 9.290388501889247,
    "ptcorr_14to17_EB1": 13.773504888214228,
    "ptcorr_14to17_EB2": 11.472076537137074,
    "ptcorr_14to17_EE": 10.861472988261164,
    "ptcorr_17to20_EB1": 13.141251759631407,
    "ptcorr_17to20_EB2": 10.846597693195221,
    "ptcorr_17to20_EE": 10.219923744322795,
    "ptcorr_20to30_EB1": 23.490755522614855,
    "ptcorr_20to30_EB2": 18.80487423985055,
    "ptcorr_20to30_EE": 16.731836720648694,
    "ptcorr_30to50_EB1": 29.541753196347408,
    "ptcorr_30to50_EB2": 23.485743250165513,
    "ptcorr_30to50_EE": 19.947394472470396,
    "ptcorr_50to100_EB1": 26.880905563276777,
    "ptcorr_50to100_EB2": 20.509931953743983,
    "ptcorr_50to100_EE": 15.542189688218455,
    "ptcorr_100to200_EB1": 9.055233888437696,
    "ptcorr_100to200_EB2": 6.674164634631989,
    "ptcorr_100to200_EE": 5.202866315457066
  }
}