{
  "Central": {
    "ptcorr_10to12_EB1": 30.894304871559143,
    "ptcorr_10to12_EB2": 21.10031110048294,
    "ptcorr_10to12_EE": 18.749391496181488,
    "ptcorr_12to14_EB1": 34.1200116276741,
    "ptcorr_12to14_EB2": 19.911022037267685,
    "ptcorr_12to14_EE": 21.43814879655838,
    "ptcorr_14to17_EB1": 57.73582863807678,
    "ptcorr_14to17_EB2": 37.20354813337326,
    "ptcorr_14to17_EE": 31.06120014190674,
    "ptcorr_17to20_EB1": 62.402772068977356,
    "ptcorr_17to20_EB2": 37.228403985500336,
    "ptcorr_17to20_EE": 31.90988701581955,
    "ptcorr_20to30_EB1": 247.6540002822876,
    "ptcorr_20to30_EB2": 151.40120553970337,
    "ptcorr_20to30_EE": 109.63850498199463,
    "ptcorr_30to50_EB1": 553.8847827911377,
    "ptcorr_30to50_EB2": 298.1802587509155,
    "ptcorr_30to50_EE": 188.22141122817993,
    "ptcorr_50to100_EB1": 772.7178859710693,
    "ptcorr_50to100_EB2": 406.38070583343506,
    "ptcorr_50to100_EE": 213.72125148773193,
    "ptcorr_100to200_EB1": 292.338339805603,
    "ptcorr_100to200_EB2": 136.75109815597534,
    "ptcorr_100to200_EE": 60.05570912361145
  },
  "MotherJetPt_Up": {
    "ptcorr_10to12_EB1": 20.995576709508896,
    "ptcorr_10to12_EB2": 14.58843931555748,
    "ptcorr_10to12_EE": 13.357163667678833,
    "ptcorr_12to14_EB1": 23.94192886352539,
    "ptcorr_12to14_EB2": 14.31469164788723,
    "ptcorr_12to14_EE": 15.036224365234375,
    "ptcorr_14to17_EB1": 40.94291913509369,
    "ptcorr_14to17_EB2": 27.249854564666748,
    "ptcorr_14to17_EE": 21.579921305179596,
    "ptcorr_17to20_EB1": 43.36446750164032,
    "ptcorr_17to20_EB2": 26.28839462995529,
    "ptcorr_17to20_EE": 22.687850415706635,
    "ptcorr_20to30_EB1": 178.39142179489136,
    "ptcorr_20to30_EB2": 109.13752341270447,
    "ptcorr_20to30_EE": 77.20868444442749,
    "ptcorr_30to50_EB1": 420.0634870529175,
    "ptcorr_30to50_EB2": 221.89846420288086,
    "ptcorr_30to50_EE": 140.58129262924194,
    "ptcorr_50to100_EB1": 624.2561283111572,
    "ptcorr_50to100_EB2": 327.81170654296875,
    "ptcorr_50to100_EE": 170.0537075996399,
    "ptcorr_100to200_EB1": 270.8599739074707,
    "ptcorr_100to200_EB2": 125.67279529571533,
    "ptcorr_100to200_EE": 54.29002487659454
  },
  "MotherJetPt_Down": {
    "ptcorr_10to12_EB1": 35.230428636074066,
    "ptcorr_10to12_EB2": 23.6407470703125,
    "ptcorr_10to12_EE": 20.655615210533142,
    "ptcorr_12to14_EB1": 39.048601388931274,
    "ptcorr_12to14_EB2": 22.6280380487442,
    "ptcorr_12to14_EE": 23.579069077968597,
    "ptcorr_14to17_EB1": 64.28540694713593,
    "ptcorr_14to17_EB2": 42.655171513557434,
    "ptcorr_14to17_EE": 34.72563308477402,
    "ptcorr_17to20_EB1": 69.31305623054504,
    "ptcorr_17to20_EB2": 42.17226004600525,
    "ptcorr_17to20_EE": 35.57938814163208,
    "ptcorr_20to30_EB1": 274.879337310791,
    "ptcorr_20to30_EB2": 167.06643867492676,
    "ptcorr_20to30_EE": 122.39282608032227,
    "ptcorr_30to50_EB1": 600.3012161254883,
    "ptcorr_30to50_EB2": 327.19439697265625,
    "ptcorr_30to50_EE": 206.20281791687012,
    "ptcorr_50to100_EB1": 824.448034286499,
    "ptcorr_50to100_EB2": 436.0537328720093,
    "ptcorr_50to100_EE": 233.8740062713623,
    "ptcorr_100to200_EB1": 302.8939962387085,
    "ptcorr_100to200_EB2": 142.04535293579102,
    "ptcorr_100to200_EE": 62.881131172180176
  },
  "RequireHeavyTag": {
    "ptcorr_10to12_EB1": 17.112579941749573,
    "ptcorr_10to12_EB2": 12.780343726277351,
    "ptcorr_10to12_EE": 11.87638321518898,
    "ptcorr_12to14_EB1": 19.767937809228897,
    "ptcorr_12to14_EB2": 12.020872995257378,
    "ptcorr_12to14_EE": 12.889708489179611,
    "ptcorr_14to17_EB1": 34.36437076330185,
    "ptcorr_14to17_EB2": 22.795211255550385,
    "ptcorr_14to17_EE": 18.356348007917404,
    "ptcorr_17to20_EB1": 37.10611283779144,
    "ptcorr_17to20_EB2": 22.78585821390152,
    "ptcorr_17to20_EE": 18.14336684346199,
    "ptcorr_20to30_EB1": 144.16194915771484,
    "ptcorr_20to30_EB2": 88.69306564331055,
    "ptcorr_20to30_EE": 63.48002541065216,
    "ptcorr_30to50_EB1": 317.07485485076904,
    "ptcorr_30to50_EB2": 168.01810932159424,
    "ptcorr_30to50_EE": 102.89031481742859,
    "ptcorr_50to100_EB1": 405.8411331176758,
    "ptcorr_50to100_EB2": 210.84251832962036,
    "ptcorr_50to100_EE": 106.50373435020447,
    "ptcorr_100to200_EB1": 155.53067207336426,
    "ptcorr_100to200_EB2": 72.8139533996582,
    "ptcorr_100to200_EE": 29.85593944787979
  },
  "Stat": {
    "ptcorr_10to12_EB1": 1.0699618350720421,
    "ptcorr_10to12_EB2": 0.892169127627986,
    "ptcorr_10to12_EE": 0.837928172210254,
    "ptcorr_12to14_EB1": 1.1454866482030055,
    "ptcorr_12to14_EB2": 0.8558239444284712,
    "ptcorr_12to14_EE": 0.9007820605358253,
    "ptcorr_14to17_EB1": 1.4640994043010769,
    "ptcorr_14to17_EB2": 1.1791147407852862,
    "ptcorr_14to17_EE": 1.0652704341424857,
    "ptcorr_17to20_EB1": 1.541942157811233,
    "ptcorr_17to20_EB2": 1.1832709324534145,
    "ptcorr_17to20_EE": 1.0948955003195364,
    "ptcorr_20to30_EB1": 3.0748123899846687,
    "ptcorr_20to30_EB2": 2.3969621417650915,
    "ptcorr_20to30_EE": 2.062923227435167,
    "ptcorr_30to50_EB1": 4.595470957461339,
    "ptcorr_30to50_EB2": 3.353800592850225,
    "ptcorr_30to50_EE": 2.6504396091469924,
    "ptcorr_50to100_EB1": 5.393245060139243,
    "ptcorr_50to100_EB2": 3.903153507279572,
    "ptcorr_50to100_EE": 2.8273470639856852,
    "ptcorr_100to200_EB1": 3.3137136265214404,
    "ptcorr_100to200_EB2": 2.26785191764078,
    "ptcorr_100to200_EE": 1.519607387245147
  }
}