{
  "Central": {
    "ptcorr_10to12_EB1": 49.95118296146393,
    "ptcorr_10to12_EB2": 31.739181756973267,
    "ptcorr_10to12_EE": 30.26660853624344,
    "ptcorr_12to14_EB1": 52.41420221328735,
    "ptcorr_12to14_EB2": 35.194433093070984,
    "ptcorr_12to14_EE": 33.73226350545883,
    "ptcorr_14to17_EB1": 84.53440833091736,
    "ptcorr_14to17_EB2": 59.44587457180023,
    "ptcorr_14to17_EE": 51.9236421585083,
    "ptcorr_17to20_EB1": 86.96209597587585,
    "ptcorr_17to20_EB2": 59.495996832847595,
    "ptcorr_17to20_EE": 44.764697313308716,
    "ptcorr_20to30_EB1": 313.7292833328247,
    "ptcorr_20to30_EB2": 194.74553537368774,
    "ptcorr_20to30_EE": 142.74671840667725,
    "ptcorr_30to50_EB1": 620.1206169128418,
    "ptcorr_30to50_EB2": 368.77226066589355,
    "ptcorr_30to50_EE": 237.620689868927,
    "ptcorr_50to100_EB1": 826.7919292449951,
    "ptcorr_50to100_EB2": 455.0495948791504,
    "ptcorr_50to100_EE": 253.18703937530518,
    "ptcorr_100to200_EB1": 303.13267707824707,
    "ptcorr_100to200_EB2": 152.28057050704956,
    "ptcorr_100to200_EE": 64.99107253551483
  },
  "MotherJetPt_Up": {
    "ptcorr_10to12_EB1": 36.29988253116608,
    "ptcorr_10to12_EB2": 21.535865396261215,
    "ptcorr_10to12_EE": 21.13892313838005,
    "ptcorr_12to14_EB1": 36.008803844451904,
    "ptcorr_12to14_EB2": 24.847785770893097,
    "ptcorr_12to14_EE": 23.433893501758575,
    "ptcorr_14to17_EB1": 58.849467158317566,
    "ptcorr_14to17_EB2": 43.82524347305298,
    "ptcorr_14to17_EE": 37.755722522735596,
    "ptcorr_17to20_EB1": 62.10672688484192,
    "ptcorr_17to20_EB2": 41.60850930213928,
    "ptcorr_17to20_EE": 32.185038924217224,
    "ptcorr_20to30_EB1": 222.62882328033447,
    "ptcorr_20to30_EB2": 141.91823291778564,
    "ptcorr_20to30_EE": 102.433096408844,
    "ptcorr_30to50_EB1": 463.37441062927246,
    "ptcorr_30to50_EB2": 279.6753168106079,
    "ptcorr_30to50_EE": 178.4948468208313,
    "ptcorr_50to100_EB1": 673.5848903656006,
    "ptcorr_50to100_EB2": 366.30937099456787,
    "ptcorr_50to100_EE": 200.9350814819336,
    "ptcorr_100to200_EB1": 281.04280948638916,
    "ptcorr_100to200_EB2": 139.71385622024536,
    "ptcorr_100to200_EE": 59.08275043964386
  },
  "MotherJetPt_Down": {
    "ptcorr_10to12_EB1": 56.80779218673706,
    "ptcorr_10to12_EB2": 36.35380816459656,
    "ptcorr_10to12_EE": 34.17979246377945,
    "ptcorr_12to14_EB1": 59.28468561172485,
    "ptcorr_12to14_EB2": 39.5049809217453,
    "ptcorr_12to14_EE": 37.74049162864685,
    "ptcorr_14to17_EB1": 96.4167971611023,
    "ptcorr_14to17_EB2": 66.26818120479584,
    "ptcorr_14to17_EE": 56.86523199081421,
    "ptcorr_17to20_EB1": 96.63478541374207,
    "ptcorr_17to20_EB2": 65.527130484581,
    "ptcorr_17to20_EE": 49.994105219841,
    "ptcorr_20to30_EB1": 346.69622707366943,
    "ptcorr_20to30_EB2": 215.7838740348816,
    "ptcorr_20to30_EE": 158.88691329956055,
    "ptcorr_30to50_EB1": 673.3265247344971,
    "ptcorr_30to50_EB2": 403.5898656845093,
    "ptcorr_30to50_EE": 262.65963554382324,
    "ptcorr_50to100_EB1": 881.3034801483154,
    "ptcorr_50to100_EB2": 489.35498046875,
    "ptcorr_50to100_EE": 274.0644721984863,
    "ptcorr_100to200_EB1": 313.22907161712646,
    "ptcorr_100to200_EB2": 158.2663311958313,
    "ptcorr_100to200_EE": 68.36740684509277
  },
  "RequireHeavyTag": {
    "ptcorr_10to12_EB1": 28.367271840572357,
    "ptcorr_10to12_EB2": 19.558496475219727,
    "ptcorr_10to12_EE": 18.370009124279022,
    "ptcorr_12to14_EB1": 29.462469398975372,
    "ptcorr_12to14_EB2": 20.720190346240997,
    "ptcorr_12to14_EE": 19.627860188484192,
    "ptcorr_14to17_EB1": 50.03099453449249,
    "ptcorr_14to17_EB2": 35.85754466056824,
    "ptcorr_14to17_EE": 30.970144271850586,
    "ptcorr_17to20_EB1": 50.040648221969604,
    "ptcorr_17to20_EB2": 34.93017792701721,
    "ptcorr_17to20_EE": 26.127634644508362,
    "ptcorr_20to30_EB1": 184.9706802368164,
    "ptcorr_20to30_EB2": 113.98485040664673,
    "ptcorr_20to30_EE": 82.16242623329163,
    "ptcorr_30to50_EB1": 351.5522699356079,
    "ptcorr_30to50_EB2": 208.9543514251709,
    "ptcorr_30to50_EE": 128.24766063690186,
    "ptcorr_50to100_EB1": 434.29176330566406,
    "ptcorr_50to100_EB2": 237.34229469299316,
    "ptcorr_50to100_EE": 123.4567608833313,
    "ptcorr_100to200_EB1": 163.1308479309082,
    "ptcorr_100to200_EB2": 81.67882871627808,
    "ptcorr_100to200_EE": 32.133991718292236
  },
  "Stat": {
    "ptcorr_10to12_EB1": 1.3884172974897566,
    "ptcorr_10to12_EB2": 1.0928278597938343,
    "ptcorr_10to12_EE": 1.0633722527455043,
    "ptcorr_12to14_EB1": 1.4078037253308038,
    "ptcorr_12to14_EB2": 1.1616602243432772,
    "ptcorr_12to14_EE": 1.1393037789435827,
    "ptcorr_14to17_EB1": 1.80880002081888,
    "ptcorr_14to17_EB2": 1.5179224254151622,
    "ptcorr_14to17_EE": 1.4742484510169032,
    "ptcorr_17to20_EB1": 1.8331282506714763,
    "ptcorr_17to20_EB2": 1.514086909032091,
    "ptcorr_17to20_EE": 1.3310897510187725,
    "ptcorr_20to30_EB1": 3.45797060362901,
    "ptcorr_20to30_EB2": 2.746308059992168,
    "ptcorr_20to30_EE": 2.3497797271909566,
    "ptcorr_30to50_EB1": 4.929219254831272,
    "ptcorr_30to50_EB2": 3.7812883552651373,
    "ptcorr_30to50_EE": 3.0228271193467946,
    "ptcorr_50to100_EB1": 5.61520594639399,
    "ptcorr_50to100_EB2": 4.163136503878817,
    "ptcorr_50to100_EE": 3.0942851769811632,
    "ptcorr_100to200_EB1": 3.402555445923973,
    "ptcorr_100to200_EB2": 2.4101857267747153,
    "ptcorr_100to200_EE": 1.5659982101069347
  }
}