{
  "Central": {
    "ptcorr_10to12_EB1": 17221.51385498047,
    "ptcorr_10to12_EB2": 10867.96762084961,
    "ptcorr_10to12_EE": 10087.992431640625,
    "ptcorr_12to14_EB1": 17638.53399658203,
    "ptcorr_12to14_EB2": 12070.985748291016,
    "ptcorr_12to14_EE": 10693.497024536133,
    "ptcorr_14to17_EB1": 28503.35760498047,
    "ptcorr_14to17_EB2": 19190.928161621094,
    "ptcorr_14to17_EE": 18283.35400390625,
    "ptcorr_17to20_EB1": 31172.93487548828,
    "ptcorr_17to20_EB2": 22169.661865234375,
    "ptcorr_17to20_EE": 19088.373504638672,
    "ptcorr_20to30_EB1": 116441.86840820312,
    "ptcorr_20to30_EB2": 81957.34790039062,
    "ptcorr_20to30_EE": 76904.94970703125,
    "ptcorr_30to50_EB1": 226277.79736328125,
    "ptcorr_30to50_EB2": 149312.994140625,
    "ptcorr_30to50_EE": 140454.1494140625,
    "ptcorr_50to100_EB1": 231803.84228515625,
    "ptcorr_50to100_EB2": 158070.373046875,
    "ptcorr_50to100_EE": 125735.08984375,
    "ptcorr_100to200_EB1": 35939.51599121094,
    "ptcorr_100to200_EB2": 23289.274871826172,
    "ptcorr_100to200_EE": 16481.083129882812
  },
  "MotherJetPt_Up": {
    "ptcorr_10to12_EB1": 4932.977466583252,
    "ptcorr_10to12_EB2": 3082.1567516326904,
    "ptcorr_10to12_EE": 2878.476734161377,
    "ptcorr_12to14_EB1": 5377.623344421387,
    "ptcorr_12to14_EB2": 2908.7043132781982,
    "ptcorr_12to14_EE": 2879.349536895752,
    "ptcorr_14to17_EB1": 7731.906074523926,
    "ptcorr_14to17_EB2": 5146.712448120117,
    "ptcorr_14to17_EE": 4739.727130889893,
    "ptcorr_17to20_EB1": 8460.375213623047,
    "ptcorr_17to20_EB2": 5928.310810089111,
    "ptcorr_17to20_EE": 4926.736557006836,
    "ptcorr_20to30_EB1": 29672.406005859375,
    "ptcorr_20to30_EB2": 20818.64532470703,
    "ptcorr_20to30_EE": 19106.60809326172,
    "ptcorr_30to50_EB1": 73274.68603515625,
    "ptcorr_30to50_EB2": 49368.80432128906,
    "ptcorr_30to50_EE": 48808.12658691406,
    "ptcorr_50to100_EB1": 144627.7734375,
    "ptcorr_50to100_EB2": 96115.33325195312,
    "ptcorr_50to100_EE": 77474.21923828125,
    "ptcorr_100to200_EB1": 33687.397216796875,
    "ptcorr_100to200_EB2": 21095.525970458984,
    "ptcorr_100to200_EE": 15097.553985595703
  },
  "MotherJetPt_Down": {
    "ptcorr_10to12_EB1": 97992.8896484375,
    "ptcorr_10to12_EB2": 65561.96228027344,
    "ptcorr_10to12_EE": 57558.412841796875,
    "ptcorr_12to14_EB1": 107411.7333984375,
    "ptcorr_12to14_EB2": 71678.41015625,
    "ptcorr_12to14_EE": 64844.8369140625,
    "ptcorr_14to17_EB1": 168041.337890625,
    "ptcorr_14to17_EB2": 111684.42626953125,
    "ptcorr_14to17_EE": 103323.21313476562,
    "ptcorr_17to20_EB1": 166415.5517578125,
    "ptcorr_17to20_EB2": 115437.29345703125,
    "ptcorr_17to20_EE": 104159.48950195312,
    "ptcorr_20to30_EB1": 489073.06640625,
    "ptcorr_20to30_EB2": 333918.9052734375,
    "ptcorr_20to30_EE": 313424.5380859375,
    "ptcorr_30to50_EB1": 584950.1796875,
    "ptcorr_30to50_EB2": 403964.9697265625,
    "ptcorr_30to50_EE": 384941.3349609375,
    "ptcorr_50to100_EB1": 310638.48828125,
    "ptcorr_50to100_EB2": 213686.08251953125,
    "ptcorr_50to100_EE": 174911.546875,
    "ptcorr_100to200_EB1": 39010.53125,
    "ptcorr_100to200_EB2": 24961.64825439453,
    "ptcorr_100to200_EE": 17225.66424560547
  },
  "RequireHeavyTag": {
    "ptcorr_10to12_EB1": 682.8321132659912,
    "ptcorr_10to12_EB2": 154.53031635284424,
    "ptcorr_10to12_EE": 457.05924940109253,
    "ptcorr_12to14_EB1": 874.7275395393372,
    "ptcorr_12to14_EB2": 695.2767996788025,
    "ptcorr_12to14_EE": 292.51301193237305,
    "ptcorr_14to17_EB1": 958.6502256393433,
    "ptcorr_14to17_EB2": 722.9126477241516,
    "ptcorr_14to17_EE": 699.3135781288147,
    "ptcorr_17to20_EB1": 948.1810832023621,
    "ptcorr_17to20_EB2": 927.7281589508057,
    "ptcorr_17to20_EE": 642.8764276504517,
    "ptcorr_20to30_EB1": 3944.8165969848633,
    "ptcorr_20to30_EB2": 3211.730209350586,
    "ptcorr_20to30_EE": 3199.5999813079834,
    "ptcorr_30to50_EB1": 9279.334518432617,
    "ptcorr_30to50_EB2": 5667.090965270996,
    "ptcorr_30to50_EE": 5552.3313064575195,
    "ptcorr_50to100_EB1": 10827.403625488281,
    "ptcorr_50to100_EB2": 6643.668228149414,
    "ptcorr_50to100_EE": 5292.718460083008,
    "ptcorr_100to200_EB1": 1681.0048170089722,
    "ptcorr_100to200_EB2": 1041.674479484558,
    "ptcorr_100to200_EE": 729.4105269908905
  },
  "Stat": {
    "ptcorr_10to12_EB1": 658.3802845547671,
    "ptcorr_10to12_EB2": 533.0366900127716,
    "ptcorr_10to12_EE": 509.4598326026647,
    "ptcorr_12to14_EB1": 678.7126193843034,
    "ptcorr_12to14_EB2": 568.8914454978075,
    "ptcorr_12to14_EE": 531.5782399608278,
    "ptcorr_14to17_EB1": 841.5499735321324,
    "ptcorr_14to17_EB2": 706.6212609315103,
    "ptcorr_14to17_EE": 672.441213899219,
    "ptcorr_17to20_EB1": 868.2697753623535,
    "ptcorr_17to20_EB2": 744.0976043198451,
    "ptcorr_17to20_EE": 697.1983208574256,
    "ptcorr_20to30_EB1": 1676.1999136597124,
    "ptcorr_20to30_EB2": 1454.0933221015678,
    "ptcorr_20to30_EE": 1370.0484188009866,
    "ptcorr_30to50_EB1": 2354.214574946428,
    "ptcorr_30to50_EB2": 1925.253182044607,
    "ptcorr_30to50_EE": 1877.665999418904,
    "ptcorr_50to100_EB1": 2355.251921624643,
    "ptcorr_50to100_EB2": 1942.038674285908,
    "ptcorr_50to100_EE": 1864.696184402594,
    "ptcorr_100to200_EB1": 922.5810117452462,
    "ptcorr_100to200_EB2": 757.1481524001413,
    "ptcorr_100to200_EE": 673.9882325273372
  }
}