process,threshold,initial_sensitivity,max_sensitivity,improvement
MHc-100_MA-95,0.64,1.8533558303848436,2.4080336938499567,0.2992829840721605
