{
  "syst": "TT",
  "observed": 84.61135144531727,
  "expected": 77.61310514161596,
  "difference": 0.09016835869318757,
  "max_bin_difference": 14.677770846676257,
  "max_bin_difference_bin": 101,
  "max_bin_difference_filtered": 1.4134320393342743,
  "max_bin_difference_filtered_bin": 59,
  "snr_threshold": 3.0,
  "mass_range_min": 10.0,
  "mass_range_max": 160.0,
  "percentile_68_difference": 0.2696671122432919,
  "percentile_95_difference": 0.5270298936313411,
  "rms_bin_difference": 0.334095034921017,
  "chi2": 11.617620906614583,
  "ndf": 12,
  "chi2_per_ndf": 0.9681350755512153,
  "p_value": 0.47685659730333385,
  "closure_uncertainty_scale": 0.8,
  "recommended_systematic_pct": 19.999999999999996
}