{
  "syst": "TT",
  "observed": 320.45585203170776,
  "expected": 311.1901657246053,
  "difference": 0.029774997180670285,
  "max_bin_difference": 0.995771577287218,
  "max_bin_difference_bin": 158,
  "max_bin_difference_filtered": 0.995771577287218,
  "max_bin_difference_filtered_bin": 158,
  "snr_threshold": 3.0,
  "mass_range_min": 10.0,
  "mass_range_max": 160.0,
  "percentile_68_difference": 0.1904471089529698,
  "percentile_95_difference": 0.5133339837195693,
  "rms_bin_difference": 0.2402641589848303,
  "chi2": 65.37197219550012,
  "ndf": 48,
  "chi2_per_ndf": 1.3619160874062526,
  "p_value": 0.04829565474834966,
  "closure_uncertainty_scale": 1.5,
  "recommended_systematic_pct": 50.0
}