{
  "syst": "TT",
  "observed": 320.4558529686183,
  "expected": 311.19016838529933,
  "difference": 0.029774991386767268,
  "max_bin_difference": 0.2347627851907303,
  "max_bin_difference_bin": 42,
  "max_bin_difference_filtered": 0.2347627851907303,
  "max_bin_difference_filtered_bin": 42,
  "snr_threshold": 3.0,
  "mass_range_min": 10.0,
  "mass_range_max": 160.0,
  "percentile_68_difference": 0.09614122902755988,
  "percentile_95_difference": 0.21296797109077273,
  "rms_bin_difference": 0.10103385961368969,
  "chi2": 46.499271534581176,
  "ndf": 41,
  "chi2_per_ndf": 1.134128574014175,
  "p_value": 0.2562323504313352,
  "closure_uncertainty_scale": 1.2000000000000002,
  "recommended_systematic_pct": 20.000000000000018
}