{
  "syst": "TT",
  "observed": 320.45585206337273,
  "expected": 311.1901684925251,
  "difference": 0.029774988122962434,
  "max_bin_difference": 2.155650154332656,
  "max_bin_difference_bin": 151,
  "max_bin_difference_filtered": 1.05506757249282,
  "max_bin_difference_filtered_bin": 142,
  "snr_threshold": 3.0,
  "mass_range_min": 10.0,
  "mass_range_max": 160.0,
  "percentile_68_difference": 0.21831810495130277,
  "percentile_95_difference": 0.7291375125139236,
  "rms_bin_difference": 0.3073087806784622,
  "chi2": 77.87826516732652,
  "ndf": 41,
  "chi2_per_ndf": 1.899469882129915,
  "p_value": 0.00044841067742952887,
  "closure_uncertainty_scale": 1.9000000000000001,
  "recommended_systematic_pct": 90.00000000000001
}