{
  "hyperparameters": {
    "signal": "MHc160_MA98",
    "channel": "Combined",
    "iteration": 2,
    "model_idx": 1,
    "num_hidden": 192,
    "optimizer": "Adam",
    "initial_lr": 0.0044,
    "weight_decay": 7e-05,
    "scheduler": "ExponentialLR",
    "pilot_mode": false,
    "num_classes": 4,
    "model_type": "ParticleNet",
    "num_node_features": 9,
    "num_graph_features": 4,
    "dropout_p": 0.4,
    "batch_size": 256,
    "train_folds": [
      0,
      1,
      2
    ],
    "valid_folds": [
      3
    ],
    "loss_type": "disco",
    "disco_lambda": 0.05
  },
  "training_summary": {
    "best_epoch": 8,
    "best_train_loss": 0.7088744746153115,
    "best_valid_loss": 0.6908113721390845,
    "best_train_acc": 0.5372179821133614,
    "best_valid_acc": 0.5481668561697006,
    "total_epochs": 16
  },
  "epoch_history": {
    "train_loss": [
      0.763714766574848,
      0.7153499893142097,
      0.7120176553001519,
      0.71170917731288,
      0.7107471593607523,
      0.7096158755224165,
      0.7099395659194528,
      0.7095338027165653,
      0.7088744746153115,
      0.7088703190302051,
      0.7083093892477204,
      0.7081125926101823,
      0.7078537590235562,
      0.7064428636730623,
      0.7068548602536094,
      0.7062114124240122
    ],
    "valid_loss": [
      0.7092084750323229,
      0.7114028393382757,
      0.7064123019366197,
      0.7045391781229369,
      0.6973451963612731,
      0.7049885064783231,
      0.6975157294474857,
      0.7057136750557054,
      0.6908113721390845,
      0.6943633388465559,
      0.7063745847890075,
      0.69587680655466,
      0.693375869536064,
      0.6956687712333571,
      0.697111640177982,
      0.6986582581426056
    ],
    "train_acc": [
      0.49244166910648346,
      0.5299963727593422,
      0.5336895138025284,
      0.5337668433785439,
      0.5360376983880997,
      0.537371039390564,
      0.5367108732461929,
      0.5368469879031181,
      0.5372179821133614,
      0.5382203459739685,
      0.5390926003456116,
      0.536876916885376,
      0.5383311286568642,
      0.5392727479338646,
      0.5375541895627975,
      0.5398149192333221
    ],
    "valid_acc": [
      0.5366614386439323,
      0.5385484248399734,
      0.5407882034778595,
      0.539029560983181,
      0.5437109023332596,
      0.5403659120202065,
      0.5463996082544327,
      0.5444551631808281,
      0.5481668561697006,
      0.5462404415011406,
      0.5394696369767189,
      0.5475355088710785,
      0.547920934855938,
      0.5469376817345619,
      0.5452531054615974,
      0.5454032495617867
    ],
    "epoch": [
      0,
      1,
      2,
      3,
      4,
      5,
      6,
      7,
      8,
      9,
      10,
      11,
      12,
      13,
      14,
      15
    ],
    "timestamp": [
      1767030575.9390068,
      1767030756.9748874,
      1767031084.9143188,
      1767031448.4868846,
      1767031812.1263978,
      1767032176.0750492,
      1767032539.3691092,
      1767032902.9784014,
      1767033266.221043,
      1767033626.1892333,
      1767033927.7481034,
      1767034205.535586,
      1767034476.335439,
      1767034746.847738,
      1767035017.6453576,
      1767035288.5865536
    ],
    "train_ce_loss": [
      0.7337955569242633,
      0.686419776380968,
      0.682871453577262,
      0.6826532884028182,
      0.6818161625811394,
      0.6804919683281049,
      0.6806413668810778,
      0.6803472262566576,
      0.6797514484283772,
      0.6793721441439945,
      0.6793835159311903,
      0.6793822063319951,
      0.678796300844581,
      0.6772543390289991,
      0.6777511549575713,
      0.677216151909263
    ],
    "valid_ce_loss": [
      0.6814539350149497,
      0.6825807731021458,
      0.6778844825818505,
      0.6756176189322707,
      0.6696597400685431,
      0.676066660860055,
      0.6696528356889604,
      0.6769881307239264,
      0.6632372708597654,
      0.6663227227686996,
      0.6779362329504859,
      0.6682194609877089,
      0.6655846237086914,
      0.6663881240176482,
      0.6692091536668825,
      0.6693873375549283
    ],
    "train_disco_term": [
      0.598383729399881,
      0.5786041997486335,
      0.5829233276626622,
      0.5811185071533574,
      0.5786192750314811,
      0.5824780008894332,
      0.5859631465017614,
      0.5837315063889628,
      0.5824605424715755,
      0.589962884847154,
      0.5785186742939122,
      0.574606503288072,
      0.5811496053604369,
      0.5837696690870998,
      0.5820741366108138,
      0.5799048061791162
    ],
    "valid_disco_term": [
      0.5550907304589178,
      0.576440563504125,
      0.5705566335417015,
      0.5784312972510365,
      0.5537094666924275,
      0.578437698244209,
      0.5572572469606366,
      0.5745101248399472,
      0.5514811268994506,
      0.5608124578712692,
      0.5687667699137204,
      0.5531468542004135,
      0.5558245376696889,
      0.585612878255861,
      0.5580489186858627,
      0.5854182511987821
    ]
  }
}