{
  "hyperparameters": {
    "signal": "MHc160_MA98",
    "channel": "Combined",
    "iteration": 2,
    "model_idx": 13,
    "num_hidden": 96,
    "optimizer": "Adam",
    "initial_lr": 0.0053,
    "weight_decay": 0.00013,
    "scheduler": "CyclicLR",
    "pilot_mode": false,
    "num_classes": 4,
    "model_type": "ParticleNet",
    "num_node_features": 9,
    "num_graph_features": 4,
    "dropout_p": 0.4,
    "batch_size": 256,
    "train_folds": [
      0,
      1,
      2
    ],
    "valid_folds": [
      3
    ],
    "loss_type": "disco",
    "disco_lambda": 0.05
  },
  "training_summary": {
    "best_epoch": 8,
    "best_train_loss": 0.7063915867211246,
    "best_valid_loss": 0.6932711534097161,
    "best_train_acc": 0.5388396382331848,
    "best_valid_acc": 0.5452912598848343,
    "total_epochs": 16
  },
  "epoch_history": {
    "train_loss": [
      0.8361624210438829,
      0.7361351129131839,
      0.7248953683035714,
      0.7334632943104104,
      0.7310113506838906,
      0.7264272950702888,
      0.7207863851158814,
      0.7132638113839286,
      0.7063915867211246,
      0.7175148265340046,
      0.7260994490881459,
      0.7362094682038374,
      0.7330153816014437,
      0.7271430946048633,
      0.7206018326130319,
      0.7151490370915653
    ],
    "valid_loss": [
      0.7820068144462478,
      0.7089603585256657,
      0.7333556699081206,
      0.7399170029331261,
      0.7201915794694927,
      0.7132605969066351,
      0.7052859991369113,
      0.706452275665713,
      0.6932711534097161,
      0.7072830200195312,
      0.7111099135707801,
      0.7190077875701475,
      0.7111928160761444,
      0.7126245095696248,
      0.7247609420561455,
      0.7020661260040713
    ],
    "train_acc": [
      0.42136844247579575,
      0.5140976011753082,
      0.523507185280323,
      0.5169971212744713,
      0.5192234516143799,
      0.5241666063666344,
      0.5283790826797485,
      0.5340364500880241,
      0.5388396382331848,
      0.5297741293907166,
      0.5253489166498184,
      0.5143740549683571,
      0.5181337520480156,
      0.5210879072546959,
      0.5275099501013756,
      0.5319181308150291
    ],
    "valid_acc": [
      0.4395070666214451,
      0.5349939465522766,
      0.5123895555734634,
      0.5264215916395187,
      0.5285517573356628,
      0.534720666706562,
      0.5432465374469757,
      0.5361436456441879,
      0.5452912598848343,
      0.5378880202770233,
      0.5335872992873192,
      0.5214680545032024,
      0.5359149351716042,
      0.5301071479916573,
      0.5301250666379929,
      0.5406624898314476
    ],
    "epoch": [
      0,
      1,
      2,
      3,
      4,
      5,
      6,
      7,
      8,
      9,
      10,
      11,
      12,
      13,
      14,
      15
    ],
    "timestamp": [
      1767031210.5681772,
      1767031576.450057,
      1767031941.1346104,
      1767032307.5353727,
      1767032672.697746,
      1767033037.5154922,
      1767033404.6483457,
      1767033744.9225903,
      1767034041.312649,
      1767034315.1379805,
      1767034589.2344074,
      1767034864.0928347,
      1767035138.0247037,
      1767035405.2684293,
      1767035655.1521342,
      1767035885.762169
    ],
    "train_ce_loss": [
      0.8051170188605242,
      0.7060816989481268,
      0.695415781225477,
      0.7036511236773436,
      0.7011644712787993,
      0.6968937391386931,
      0.6914220504485366,
      0.6843068127211829,
      0.67781875030248,
      0.6884617889905773,
      0.6967054432467487,
      0.7060761698292382,
      0.7032223575745672,
      0.6975598801595462,
      0.69127625699373,
      0.6860324155414721
    ],
    "valid_ce_loss": [
      0.7544452386947584,
      0.6799341300108903,
      0.7041847958741053,
      0.710330539973269,
      0.6912210961462746,
      0.684478998236673,
      0.6769788544887388,
      0.6780371504350448,
      0.6656672459777812,
      0.6783833606562144,
      0.6831528437389455,
      0.6895861910577391,
      0.6829683514652958,
      0.6855838009169404,
      0.6953767428148381,
      0.6738849736120499
    ],
    "train_disco_term": [
      0.6209081603944483,
      0.6010675804955619,
      0.5895926769743575,
      0.596243045485853,
      0.5969362254019567,
      0.5906709098707217,
      0.5872870662835593,
      0.5791395495003118,
      0.5714556382057515,
      0.581060860620806,
      0.5878795573595447,
      0.6026666787438842,
      0.5958600976184508,
      0.5916657269182176,
      0.5865112883341711,
      0.5823320885016201
    ],
    "valid_disco_term": [
      0.5512323387911622,
      0.5805245061785402,
      0.5834169526859908,
      0.5917296593248005,
      0.5794090999054237,
      0.5756321887839848,
      0.5661429067102957,
      0.568302618418361,
      0.5520786136178903,
      0.5779923326007916,
      0.5591411683970774,
      0.5884324620727083,
      0.5644888903053713,
      0.5408140217859141,
      0.5876842567198713,
      0.5636231623799868
    ]
  }
}