{
  "hyperparameters": {
    "signal": "MHc160_MA98",
    "channel": "Combined",
    "iteration": 2,
    "model_idx": 9,
    "num_hidden": 128,
    "optimizer": "Adadelta",
    "initial_lr": 0.0032,
    "weight_decay": 0.00071,
    "scheduler": "CyclicLR",
    "pilot_mode": false,
    "num_classes": 4,
    "model_type": "ParticleNet",
    "num_node_features": 9,
    "num_graph_features": 4,
    "dropout_p": 0.4,
    "batch_size": 256,
    "train_folds": [
      0,
      1,
      2
    ],
    "valid_folds": [
      3
    ],
    "loss_type": "disco",
    "disco_lambda": 0.05
  },
  "training_summary": {
    "best_epoch": 0,
    "best_train_loss": 1.4472077436360182,
    "best_valid_loss": 1.1151889210015955,
    "best_train_acc": 0.24950715154409409,
    "best_valid_acc": 0.25159859413935237,
    "total_epochs": 8
  },
  "epoch_history": {
    "train_loss": [
      1.4472077436360182,
      1.3875537257788755,
      1.3063811977583586,
      1.2148350677954027,
      1.1467962665036093,
      1.089931017287234,
      1.066471403637918,
      1.0411500878609423
    ],
    "valid_loss": [
      1.1151889210015955,
      1.2334850472463688,
      1.3388501019545005,
      1.4113266635948503,
      1.435360760755942,
      1.4454412326006822,
      1.4342901740275638,
      1.4835132007867518
    ],
    "train_acc": [
      0.24950715154409409,
      0.255759559571743,
      0.2619396634399891,
      0.2700491137802601,
      0.28073425218462944,
      0.29806220158934593,
      0.30491116642951965,
      0.3128587082028389
    ],
    "valid_acc": [
      0.25159859413935237,
      0.25015297641795087,
      0.25,
      0.25,
      0.25,
      0.25,
      0.25,
      0.25
    ],
    "epoch": [
      0,
      1,
      2,
      3,
      4,
      5,
      6,
      7
    ],
    "timestamp": [
      1767031026.4334912,
      1767031390.4840512,
      1767031753.5171123,
      1767032116.5050752,
      1767032479.5323956,
      1767032843.9501793,
      1767033207.8973618,
      1767033571.123406
    ],
    "train_ce_loss": [
      1.417947781738177,
      1.357918070931565,
      1.276740222317832,
      1.1852726890142202,
      1.1165754907036987,
      1.0600528932632285,
      1.036553195254781,
      1.0111853427075326
    ],
    "valid_ce_loss": [
      1.0846748503685837,
      1.2030292477222606,
      1.3081280598548097,
      1.3804360846923271,
      1.4045641925185919,
      1.41501405446882,
      1.4040323590833537,
      1.453431777341265
    ],
    "train_disco_term": [
      0.5852019053462066,
      0.5927130446064436,
      0.5928223255738662,
      0.5912475444987915,
      0.6044151948940428,
      0.5975630125013891,
      0.5983630979677101,
      0.5992945157285882
    ],
    "valid_disco_term": [
      0.610282229548189,
      0.6091155900396932,
      0.6144411618440924,
      0.6178116276335548,
      0.615931108069252,
      0.6085425447410261,
      0.6051561873878392,
      0.6016287828834963
    ]
  }
}