process,threshold,initial_sensitivity,max_sensitivity,improvement
MHc-130_MA-90,0.62,1.9685823478361144,2.495437793122678,0.26763190570396445
