{
  "observed": 86.16808252036572,
  "expected": 137.33226280286726,
  "difference": -0.3725576149280002
}