{
  "syst": "ljet",
  "observed": 63.96627699956298,
  "expected": 127.07489544712007,
  "difference": -0.4966253816342395,
  "max_bin_difference": 52.45306577473075,
  "max_bin_difference_bin": 22,
  "max_bin_difference_filtered": 0.6811295263493121,
  "max_bin_difference_filtered_bin": 66,
  "snr_threshold": 3.0,
  "mass_range_min": 10.0,
  "mass_range_max": 160.0,
  "percentile_68_difference": 0.561373385347289,
  "percentile_95_difference": 0.6474253000127902,
  "rms_bin_difference": 0.48455792520831614,
  "chi2": 22.036827036227358,
  "ndf": 21,
  "chi2_per_ndf": 1.0493727160108266,
  "p_value": 0.3973903323596871,
  "closure_uncertainty_scale": 1.0,
  "recommended_systematic_pct": 0.0
}