{
  "syst": "cjet",
  "observed": 35.81544703547843,
  "expected": 49.187958057038486,
  "difference": -0.27186554493791465,
  "max_bin_difference": 0.44171977479045443,
  "max_bin_difference_bin": 6,
  "max_bin_difference_filtered": 0.44171977479045443,
  "max_bin_difference_filtered_bin": 6,
  "snr_threshold": 3.0,
  "mass_range_min": 10.0,
  "mass_range_max": 160.0,
  "percentile_68_difference": 0.32220613499173945,
  "percentile_95_difference": 0.4103995044752711,
  "rms_bin_difference": 0.2976953724901683,
  "chi2": 5.94035936440123,
  "ndf": 8,
  "chi2_per_ndf": 0.7425449205501538,
  "p_value": 0.6539125549910783,
  "closure_uncertainty_scale": 0.1,
  "recommended_systematic_pct": 90.0
}