{
  "syst": "ljet",
  "observed": 104.68741510435939,
  "expected": 206.03704765206203,
  "difference": -0.49190004274791077,
  "max_bin_difference": 5.785937215015851,
  "max_bin_difference_bin": 17,
  "max_bin_difference_filtered": 0.7447642411871511,
  "max_bin_difference_filtered_bin": 99,
  "snr_threshold": 3.0,
  "mass_range_min": 10.0,
  "mass_range_max": 160.0,
  "percentile_68_difference": 0.5573560590325087,
  "percentile_95_difference": 0.6788716834334119,
  "rms_bin_difference": 0.50242962639918,
  "chi2": 91.74392816122688,
  "ndf": 34,
  "chi2_per_ndf": 2.6983508282713786,
  "p_value": 3.3222373252905665e-07,
  "closure_uncertainty_scale": 2.75,
  "recommended_systematic_pct": 175.0
}