{
  "syst": "ljet",
  "observed": 104.68741704896092,
  "expected": 206.03704482503235,
  "difference": -0.4919000263381666,
  "max_bin_difference": 2.7609291500808095,
  "max_bin_difference_bin": 95,
  "max_bin_difference_filtered": 0.831517118286839,
  "max_bin_difference_filtered_bin": 35,
  "snr_threshold": 3.0,
  "mass_range_min": 10.0,
  "mass_range_max": 160.0,
  "percentile_68_difference": 0.6552657471642254,
  "percentile_95_difference": 0.8267843088407616,
  "rms_bin_difference": 0.5994281855309374,
  "chi2": 728.9035200141428,
  "ndf": 26,
  "chi2_per_ndf": 28.034750769774725,
  "p_value": 6.229512020426524e-137,
  "closure_uncertainty_scale": 5.0,
  "recommended_systematic_pct": 400.0
}