{
  "syst": "ljet",
  "observed": 104.68741571903229,
  "expected": 206.03704631328583,
  "difference": -0.49190003646309427,
  "max_bin_difference": 0.0,
  "max_bin_difference_bin": -1,
  "max_bin_difference_filtered": 0.0,
  "max_bin_difference_filtered_bin": -1,
  "snr_threshold": 3.0,
  "mass_range_min": 10.0,
  "mass_range_max": 160.0,
  "percentile_68_difference": 0.0,
  "percentile_95_difference": 0.0,
  "rms_bin_difference": 0.0,
  "chi2": 37.17423493356476,
  "ndf": 31,
  "chi2_per_ndf": 1.1991688688246698,
  "p_value": 0.2058606032878348,
  "closure_uncertainty_scale": 1.3,
  "recommended_systematic_pct": 30.000000000000004
}