{
  "syst": "ljet",
  "observed": 104.68741590343416,
  "expected": 206.03704584459774,
  "difference": -0.491900034412287,
  "max_bin_difference": 1.252947844666411,
  "max_bin_difference_bin": 152,
  "max_bin_difference_filtered": 1.252947844666411,
  "max_bin_difference_filtered_bin": 152,
  "snr_threshold": 3.0,
  "mass_range_min": 10.0,
  "mass_range_max": 160.0,
  "percentile_68_difference": 0.5359272149166124,
  "percentile_95_difference": 0.6709747231824928,
  "rms_bin_difference": 0.4895074403047193,
  "chi2": 58.5004095368582,
  "ndf": 35,
  "chi2_per_ndf": 1.6714402724816628,
  "p_value": 0.007636536849825814,
  "closure_uncertainty_scale": 1.9000000000000001,
  "recommended_systematic_pct": 90.00000000000001
}