{
  "observed": 159.02634294237942,
  "expected": 180.17117173597217,
  "difference": -0.11735966741992981,
  "max_bin_difference": 0.33883263207226705,
  "max_bin_difference_bin": 1,
  "max_bin_difference_filtered": 0.33883263207226705,
  "max_bin_difference_filtered_bin": 1,
  "snr_threshold": 3.0,
  "mass_range_min": 10.0,
  "mass_range_max": 160.0,
  "percentile_68_difference": 0.1923508426579696,
  "percentile_95_difference": 0.2693320422080068,
  "rms_bin_difference": 0.16386031758092054,
  "chi2": 37.281081069294636,
  "ndf": 30,
  "chi2_per_ndf": 1.2427027023098212,
  "p_value": 0.16909258861349843,
  "closure_uncertainty_scale": 1.4000000000000001,
  "recommended_systematic_pct": 40.000000000000014
}