{
  "syst": "Central",
  "observed": 167.29244816303253,
  "expected": 184.9723916053772,
  "difference": -0.09558152591800465,
  "max_bin_difference": 0.0,
  "max_bin_difference_bin": -1,
  "max_bin_difference_filtered": 0.0,
  "max_bin_difference_filtered_bin": -1,
  "snr_threshold": 3.0,
  "mass_range_min": 10.0,
  "mass_range_max": 160.0,
  "percentile_68_difference": 0.0,
  "percentile_95_difference": 0.0,
  "rms_bin_difference": 0.0,
  "chi2": 31.25223536896102,
  "ndf": 27,
  "chi2_per_ndf": 1.1574901988504083,
  "p_value": 0.26090861642576585,
  "closure_uncertainty_scale": 1.2000000000000002,
  "recommended_systematic_pct": 20.000000000000018
}