{
  "hyperparameters": {
    "signal": "MHc145_MA92",
    "channel": "Combined",
    "iteration": 3,
    "model_idx": 3,
    "num_hidden": 128,
    "optimizer": "Adam",
    "initial_lr": 0.0015,
    "weight_decay": 2e-05,
    "scheduler": "ReduceLROnPlateau",
    "pilot_mode": false,
    "num_classes": 4,
    "model_type": "ParticleNet",
    "num_node_features": 9,
    "num_graph_features": 4,
    "dropout_p": 0.4,
    "batch_size": 1024,
    "train_folds": [
      0,
      1,
      2
    ],
    "valid_folds": [
      3
    ]
  },
  "training_summary": {
    "best_epoch": 41,
    "best_train_loss": 0.9024380928803448,
    "best_valid_loss": 0.9353403438699598,
    "best_train_acc": 0.6306732821251647,
    "best_valid_acc": 0.6143733321373309,
    "total_epochs": 49
  },
  "epoch_history": {
    "train_loss": [
      1.0196583012709357,
      0.9915519562726565,
      0.9782594379850112,
      0.9769316538255095,
      0.971220330291883,
      0.9608611780536334,
      0.9527450981046971,
      0.9496468328704619,
      0.9468386015370398,
      0.9420033991646792,
      0.9406669921573462,
      0.9389072396596753,
      0.935208782061969,
      0.9377570437289509,
      0.9334094790856446,
      0.9334323909261248,
      0.9318188298764991,
      0.9326149830286626,
      0.9280167225618658,
      0.9275130288421295,
      0.9270217120071116,
      0.9241771185808731,
      0.9256847423905644,
      0.9244266372524663,
      0.9221886415079736,
      0.9256439124562409,
      0.9236376936480133,
      0.9265676162510648,
      0.9213322300212466,
      0.9207782025368335,
      0.9258779588022628,
      0.9220644365412489,
      0.9223778181632911,
      0.9217998372980082,
      0.9202751575804338,
      0.9186182029056416,
      0.9152363199042843,
      0.9128932217697057,
      0.9083759709662862,
      0.91031890908949,
      0.9090165202916703,
      0.9024380928803448,
      0.9064252672345543,
      0.9098742236108125,
      0.9044660535243673,
      0.9030399023395907,
      0.9012189557534208,
      0.9029400872700376,
      0.9025508323099626
    ],
    "valid_loss": [
      1.0557879922132976,
      1.0280000114650503,
      1.0107450516239467,
      1.0135417550115868,
      1.00392350796999,
      0.9968386177814242,
      0.9870309490740822,
      0.9820630794240539,
      0.982407212372336,
      0.9751879401845669,
      0.9728199344996266,
      0.9740230564665517,
      0.9704589507559113,
      0.9699754936312874,
      0.9654565618296577,
      0.9663247138892019,
      0.9663947151623269,
      0.9696672354158757,
      0.9614424280027145,
      0.9622207703022697,
      0.9597150115559604,
      0.9590522450110955,
      0.9608128115902692,
      0.9608182249479187,
      0.9573898732888092,
      0.9589992715070245,
      0.958734633930971,
      0.9578056917153553,
      0.9546618935633762,
      0.9550649518776124,
      0.9572831592008478,
      0.9576189696709926,
      0.9548819660859749,
      0.9553140974696009,
      0.9569670054611716,
      0.9496330752428452,
      0.947118348668766,
      0.9462102922906607,
      0.9414553851109083,
      0.9417496816523795,
      0.9407802702661848,
      0.9353403438699598,
      0.9402592709703236,
      0.9433432565716932,
      0.9386755773256753,
      0.9359166507585359,
      0.9393246048695972,
      0.9384013160502142,
      0.9369663522277344
    ],
    "train_acc": [
      0.5525859611547262,
      0.574393090749401,
      0.5843008698197956,
      0.5845705216607472,
      0.5861133154079062,
      0.5950542000200313,
      0.5979125095341187,
      0.600847862431335,
      0.6026680123577587,
      0.6053337134140234,
      0.6053857176976355,
      0.6071557894250252,
      0.6083037358336479,
      0.6052239265930646,
      0.6104127984468054,
      0.6107479371634167,
      0.6107768284320901,
      0.6104378375463223,
      0.6131555428861992,
      0.6141436242748292,
      0.6146232193348075,
      0.6154514357034446,
      0.6159329568480011,
      0.6144094239466243,
      0.6174564897493778,
      0.615557370355247,
      0.6168382165997673,
      0.614355493578434,
      0.6178089632271933,
      0.6176163547693706,
      0.6149641363051535,
      0.6185716927201708,
      0.6158751743106543,
      0.6185871013967965,
      0.6172542508686641,
      0.6197812738352967,
      0.6229477568819002,
      0.6234215736881438,
      0.6274470904566362,
      0.6256616100526207,
      0.6270984691479772,
      0.6306732821251647,
      0.6277841552578257,
      0.626720956570645,
      0.629764170204242,
      0.6296486051295485,
      0.631493794155489,
      0.6299895220998945,
      0.6311836945383946
    ],
    "valid_acc": [
      0.534147736191779,
      0.5567353620523401,
      0.5675218083555715,
      0.5678918215863477,
      0.5696690063462876,
      0.5786165990177831,
      0.5808871347520911,
      0.5849516740295562,
      0.5858094319736281,
      0.5881416365797323,
      0.5896889646357052,
      0.5906308164958626,
      0.5911185612091584,
      0.5897842710739354,
      0.5937535039131703,
      0.5946056555961698,
      0.5944991366357949,
      0.5925593703047564,
      0.5975489426591617,
      0.5969042226358398,
      0.5985468571300429,
      0.5990962707151347,
      0.5990682394097728,
      0.5975993990088131,
      0.6007276926871931,
      0.5993765837687529,
      0.5991299082815689,
      0.5983450317314377,
      0.6021797143049358,
      0.6007501177314826,
      0.5992140021976543,
      0.6006211737268181,
      0.6003464669342722,
      0.6024488148364093,
      0.599270064808378,
      0.6040409929809611,
      0.6069786737828807,
      0.6076009687619133,
      0.6115645953400758,
      0.6098771107572938,
      0.6108413876617407,
      0.6143733321373309,
      0.6109983629717669,
      0.6104825869531092,
      0.613498755410042,
      0.6138463435965286,
      0.6132296548785684,
      0.613913618729397,
      0.613975287601193
    ],
    "epoch": [
      0,
      1,
      2,
      3,
      4,
      5,
      6,
      7,
      8,
      9,
      10,
      11,
      12,
      13,
      14,
      15,
      16,
      17,
      18,
      19,
      20,
      21,
      22,
      23,
      24,
      25,
      26,
      27,
      28,
      29,
      30,
      31,
      32,
      33,
      34,
      35,
      36,
      37,
      38,
      39,
      40,
      41,
      42,
      43,
      44,
      45,
      46,
      47,
      48
    ],
    "timestamp": [
      1762513587.7694623,
      1762513807.4728496,
      1762514032.7181425,
      1762514260.0159826,
      1762514486.2008212,
      1762514713.999793,
      1762514940.5555077,
      1762515167.12933,
      1762515395.2680655,
      1762515621.9310784,
      1762515847.2184293,
      1762516073.4625115,
      1762516298.9317527,
      1762516525.8709478,
      1762516750.5825117,
      1762516974.3415663,
      1762517196.6416707,
      1762517416.926458,
      1762517637.3754752,
      1762517857.1421053,
      1762518076.7354271,
      1762518296.7582767,
      1762518515.8832724,
      1762518734.6440675,
      1762518953.191336,
      1762519172.755646,
      1762519392.170322,
      1762519611.2014859,
      1762519830.6320415,
      1762520048.2179306,
      1762520266.5521932,
      1762520484.7963722,
      1762520702.7535176,
      1762520921.161288,
      1762521139.5310047,
      1762521356.9641414,
      1762521575.3396485,
      1762521796.0327291,
      1762522015.9608743,
      1762522235.138485,
      1762522454.1410904,
      1762522672.785366,
      1762522889.249126,
      1762523105.1959312,
      1762523322.0154955,
      1762523539.881369,
      1762523756.5303547,
      1762523972.4939444,
      1762524189.2585354
    ]
  }
}