{
  "nbins": 11,
  "bin_edges": [
    13.371608221776981,
    14.017826319010489,
    14.340935367627242,
    14.583267154089809,
    14.744821678398186,
    14.906376202706562,
    15.067930727014941,
    15.229485251323318,
    15.391039775631695,
    15.633371562094261,
    15.956480610711015,
    16.602698707944523
  ],
  "method": "SigmaBased",
  "voigt_width": 0.1615545243083772,
  "mass_min": 13.371608221776981,
  "mass_max": 16.602698707944523,
  "binning_type": "sigma"
}