{
  "hyperparameters": {
    "signal": "MHc130_MA90",
    "channel": "Run1E2Mu",
    "iteration": 1,
    "model_idx": 11,
    "num_hidden": 64,
    "optimizer": "Adadelta",
    "initial_lr": 0.0007,
    "weight_decay": 7e-05,
    "scheduler": "CyclicLR",
    "pilot_mode": false,
    "num_classes": 4,
    "model_type": "ParticleNet",
    "num_node_features": 9,
    "num_graph_features": 4,
    "dropout_p": 0.4,
    "batch_size": 1024,
    "train_folds": [
      0,
      1,
      2
    ],
    "valid_folds": [
      3
    ]
  },
  "training_summary": {
    "best_epoch": 80,
    "best_train_loss": 1.1152051795668225,
    "best_valid_loss": 1.154935055125079,
    "best_train_acc": 0.5247493339299152,
    "best_valid_acc": 0.5074948750459172,
    "total_epochs": 81
  },
  "epoch_history": {
    "train_loss": [
      1.4854990888198083,
      1.4698358504849625,
      1.4482876965458895,
      1.4221009386017585,
      1.406243565141271,
      1.3926927420943105,
      1.3855580471310127,
      1.3815570826566241,
      1.3820769607626804,
      1.3752170306951732,
      1.3670598925926238,
      1.3559172693947827,
      1.348382225564964,
      1.3425367861849784,
      1.339189478950956,
      1.3359476227692333,
      1.3349910535375777,
      1.3314008455230522,
      1.32560048339089,
      1.316755331085552,
      1.310634458258264,
      1.3055000103614156,
      1.2994124794266253,
      1.2964395111064744,
      1.2941361328291339,
      1.2919320522489042,
      1.2836240669475014,
      1.2720133982315875,
      1.264101375325438,
      1.257382042637006,
      1.2521182781708955,
      1.2494915051758866,
      1.2491591523396686,
      1.2464301098006187,
      1.240190219008277,
      1.235148824029094,
      1.2282955502122523,
      1.2297673310957906,
      1.2242102046560714,
      1.2251783632931965,
      1.2235346870877777,
      1.2229913739904577,
      1.2219087978965781,
      1.2168424325820528,
      1.2134038222459425,
      1.2149290717647716,
      1.2095139954684553,
      1.2108447638707962,
      1.20902817957004,
      1.202290838289252,
      1.2111875446582354,
      1.1891152050596538,
      1.1884662660991598,
      1.1872922618698154,
      1.1831541685520877,
      1.1843028870230954,
      1.1793625599765465,
      1.175385150623529,
      1.1805563156933865,
      1.1685650909348728,
      1.164639918782688,
      1.1601700250844822,
      1.1587326510339637,
      1.151143940700199,
      1.1579251034021372,
      1.1519837919416502,
      1.1477859367661232,
      1.148596268896531,
      1.1404459904372388,
      1.1331021620221637,
      1.1300948260641173,
      1.1345338680170587,
      1.1350991900299978,
      1.1297742846770056,
      1.1259229330498768,
      1.1244751973043448,
      1.1222920915153305,
      1.1192058368420552,
      1.118169652320542,
      1.1163041731110113,
      1.1152051795668225
    ],
    "valid_loss": [
      1.476977556564968,
      1.4626441743385143,
      1.4428316010943016,
      1.4190326700663616,
      1.40492445202868,
      1.3927407128027944,
      1.386438946288241,
      1.3828992963301958,
      1.383345653383275,
      1.3772695515412912,
      1.3700089513696847,
      1.3604897589501084,
      1.3537032724315334,
      1.3488344394854568,
      1.345898864791658,
      1.3430754852575177,
      1.3421618868014658,
      1.3389302318238634,
      1.3338727974894204,
      1.326055974669109,
      1.3205775712624124,
      1.3161443031451072,
      1.3106436173608005,
      1.3078998472963184,
      1.3059012332372064,
      1.3041001121095277,
      1.2965440232664676,
      1.286158828978542,
      1.2791632696931639,
      1.2731628775973778,
      1.2686894557807464,
      1.2662671547041358,
      1.266284004807468,
      1.2639958847387087,
      1.2587987336984616,
      1.255200958911912,
      1.2491922292768,
      1.2516710083587852,
      1.2467507224960952,
      1.248176402665726,
      1.2467691514377643,
      1.2468888647030174,
      1.2470330770840863,
      1.2435909563746614,
      1.2413532625798136,
      1.2438816781549202,
      1.2390671451694855,
      1.2409875033072433,
      1.2393934833873632,
      1.2332648293001938,
      1.2430032770174693,
      1.2221659657299477,
      1.2221676689659915,
      1.2216968294316735,
      1.2180927913652346,
      1.2193562706667986,
      1.2145527758081154,
      1.2107716756871012,
      1.2166444227173403,
      1.2052968252090945,
      1.2018112195454742,
      1.197608129857065,
      1.1963185559667713,
      1.1888365195597632,
      1.1958059864261388,
      1.1898799306390788,
      1.185979934878437,
      1.1872925382558244,
      1.179207021813132,
      1.1717644455159104,
      1.169155531244515,
      1.173833606816388,
      1.1744060724063623,
      1.1688000112773753,
      1.1651585164828235,
      1.164069732063193,
      1.1618942009596236,
      1.1589271854686722,
      1.1578576179633946,
      1.1559307911448828,
      1.154935055125079
    ],
    "train_acc": [
      0.10018710976428237,
      0.1073013484105839,
      0.1256340377066851,
      0.18977404462161118,
      0.2569769570257683,
      0.2951737883625862,
      0.3084260407980638,
      0.31443185747117086,
      0.31253228660334764,
      0.3180845654782485,
      0.3201712461103541,
      0.3233399092924404,
      0.3249893225406252,
      0.33326486200654887,
      0.3325916736154894,
      0.3309809026012325,
      0.33973235168500476,
      0.33639284915292156,
      0.3338038194797535,
      0.33382619129939595,
      0.3336756899672558,
      0.3293030161280482,
      0.33193475563871544,
      0.3288454107262706,
      0.33144257560658136,
      0.32896337122983993,
      0.3303443226423153,
      0.3295979173869715,
      0.3268909272102341,
      0.3284528869816348,
      0.3341475319815331,
      0.3345990359779536,
      0.33247981451727715,
      0.3358376212654315,
      0.3416115845349712,
      0.35117452053122905,
      0.36803880493807073,
      0.3718826903130021,
      0.383800768777075,
      0.3877788850698611,
      0.38953608981268684,
      0.3965669425857756,
      0.41069372978909474,
      0.4299009538530375,
      0.4445951717545608,
      0.451345359881226,
      0.4621712867863898,
      0.4637718887917184,
      0.4666578535255954,
      0.47692651874148345,
      0.4734039740486892,
      0.49575748947507575,
      0.498806158351807,
      0.5018812666517521,
      0.5056783745856129,
      0.504913665114198,
      0.5084301084016352,
      0.5099696963533934,
      0.509902580894466,
      0.516022290467571,
      0.5173768024568326,
      0.5186072525371678,
      0.5188187679228783,
      0.5211210315442657,
      0.5192885761353698,
      0.5204803839817771,
      0.5219487888710367,
      0.5215766031442576,
      0.5232585572210132,
      0.5239012385852875,
      0.5242205454656389,
      0.5239520836299294,
      0.5235168500477944,
      0.5244442636620635,
      0.5245215481299192,
      0.5247513677317008,
      0.5243771482031361,
      0.5250767760174093,
      0.5249323760906263,
      0.5251560942870508,
      0.5247493339299152
    ],