{
  "hyperparameters": {
    "signal": "MHc130_MA90",
    "channel": "Run1E2Mu",
    "iteration": 1,
    "model_idx": 8,
    "num_hidden": 96,
    "optimizer": "RMSprop",
    "initial_lr": 0.0073,
    "weight_decay": 0.00244,
    "scheduler": "ReduceLROnPlateau",
    "pilot_mode": true,
    "num_classes": 5,
    "model_type": "ParticleNet",
    "num_node_features": 9,
    "num_graph_features": 4,
    "dropout_p": 0.4,
    "batch_size": 1024,
    "train_folds": [
      0,
      1,
      2
    ],
    "valid_folds": [
      3
    ]
  },
  "training_summary": {
    "best_epoch": 0,
    "best_train_loss": 1.1860187938145217,
    "best_valid_loss": 1.2032129325965741,
    "best_train_acc": 0.5653145903682852,
    "best_valid_acc": 0.5673213735643143,
    "total_epochs": 3
  },
  "epoch_history": {
    "train_loss": [
      1.1860187938145217,
      1.6413095347472062,
      1.5741169784231654
    ],
    "valid_loss": [
      1.2032129325965741,
      1.6492178006259122,
      1.6032382885126581
    ],
    "train_acc": [
      0.5653145903682852,
      0.43497802461477236,
      0.39541062660572474
    ],
    "valid_acc": [
      0.5673213735643143,
      0.4179807255071656,
      0.39118125944288795
    ],
    "epoch": [
      0,
      1,
      2
    ],
    "timestamp": [
      1762322399.7841132,
      1762322433.682563,
      1762322466.970199
    ]
  }
}