{
  "hyperparameters": {
    "signal": "MHc130_MA90",
    "channel": "Run1E2Mu",
    "iteration": 1,
    "model_idx": 1,
    "num_hidden": 64,
    "optimizer": "Adam",
    "initial_lr": 0.0002,
    "weight_decay": 0.00168,
    "scheduler": "ReduceLROnPlateau",
    "pilot_mode": false,
    "num_classes": 4,
    "model_type": "ParticleNet",
    "num_node_features": 9,
    "num_graph_features": 4,
    "dropout_p": 0.4,
    "batch_size": 1024,
    "train_folds": [
      0,
      1,
      2
    ],
    "valid_folds": [
      3
    ]
  },
  "training_summary": {
    "best_epoch": 47,
    "best_train_loss": 0.8615688978855929,
    "best_valid_loss": 0.8973174103911823,
    "best_train_acc": 0.6545587667025972,
    "best_valid_acc": 0.6378168288087592,
    "total_epochs": 55
  },
  "epoch_history": {
    "train_loss": [
      1.1097304216649564,
      1.0643798991670768,
      1.0357945360795344,
      1.0093078379289773,
      0.9792987502834214,
      0.9699846344624118,
      0.9588594872625318,
      0.9537274389575944,
      0.9475215757707056,
      0.939237741524141,
      0.9317250455562166,
      0.9273197709630345,
      0.9216728619934305,
      0.9133034676769809,
      0.9124885404691103,
      0.9024466037779338,
      0.895019870072142,
      0.8943694068775093,
      0.8891347563820263,
      0.8860393934508425,
      0.8852181144605273,
      0.8808516179342568,
      0.8811960488891788,
      0.8821490776808208,
      0.8779251416414342,
      0.8828070358024687,
      0.8770468666098228,
      0.8776381782795988,
      0.8740326556159762,
      0.8738261755468663,
      0.8729663792629002,
      0.8708702233103933,
      0.8702507473216081,
      0.8676726690702503,
      0.872367186890505,
      0.8682858188480733,
      0.8747203965080299,
      0.8691266166378074,
      0.8679650918815142,
      0.8685099320680412,
      0.8692947173254847,
      0.8672772162426442,
      0.8684947582482977,
      0.8670806552088087,
      0.8654509583493979,
      0.864562552510915,
      0.8661041753195928,
      0.8615688978855929,
      0.8666718121413239,
      0.8676546194518027,
      0.863550525654344,
      0.8640337651638395,
      0.8641009301519973,
      0.8680903511813112,
      0.8629079203838499
    ],
    "valid_loss": [
      1.148526115646658,
      1.103605296942302,
      1.0759487850706644,
      1.0482988952071866,
      1.0143997400857458,
      1.005893143553079,
      0.9935410866358398,
      0.9895254577824039,
      0.9842945352961078,
      0.9740711918268878,
      0.9684753399887688,
      0.9646870822985373,
      0.9571216961733784,
      0.9480168830021862,
      0.9509198427146639,
      0.939075670896505,
      0.930570681408632,
      0.9310720027205721,
      0.924184181974682,
      0.9219577812495603,
      0.9203391750631454,
      0.9166862089195956,
      0.9176641358165368,
      0.9203884119647959,
      0.9134147029196454,
      0.9189188725629853,
      0.9128385636194868,
      0.9141612395949129,
      0.909490325570091,
      0.9102781127419078,
      0.9089692506978769,
      0.9068929990897328,
      0.9052773491569608,
      0.9029588930439394,
      0.9087655270324665,
      0.9048549816953693,
      0.9138954812521431,
      0.906861688476227,
      0.9024944216596704,
      0.9061731949030638,
      0.9057704519029632,
      0.9044451111406142,
      0.9064530275445221,
      0.9022664798581482,
      0.900532641255274,
      0.8995012945837909,
      0.9009200262012814,
      0.8973174103911823,
      0.9027897016756684,
      0.9060354490330214,
      0.901864804002329,
      0.8989816199090209,
      0.9008550652848423,
      0.9057992962596074,
      0.8994745667962686
    ],
    "train_acc": [
      0.526038764262035,
      0.5229026419085196,
      0.5300961988244626,
      0.5492241046187638,
      0.5684089568630641,
      0.5772254876039781,
      0.5843071854217088,
      0.589326608228762,
      0.5954036079643678,
      0.5997783156053611,
      0.6097907217962537,
      0.6128353230694137,
      0.6174378165104029,
      0.6226341800728101,
      0.6244178242388497,
      0.6309442941690903,
      0.6353739144582969,
      0.6382008989403892,
      0.6406455286867742,
      0.6425573023653115,
      0.6429986373528036,
      0.6447375378795582,
      0.6440806199027843,
      0.6439097805527874,
      0.6466899875938091,
      0.6422196912688889,
      0.6469401452134474,
      0.6479021334580731,
      0.6487014175598447,
      0.6490634342776953,
      0.6490207244401961,
      0.6501433830258903,
      0.6512050275580142,
      0.6518924525615734,
      0.6504220138705282,
      0.651831438508003,
      0.6473224999491549,
      0.6511704529276576,
      0.6512741768187272,
      0.6505928532205252,
      0.6523907339990644,
      0.6519188919847871,
      0.6515650104740792,
      0.6528727450222701,
      0.6532205251276211,
      0.6532693363704773,
      0.6529032520490553,
      0.6545587667025972,
      0.6526815676544164,
      0.6515141654294373,
      0.6536394882954707,
      0.6529459618865545,
      0.6530618885883381,
      0.6520795623258557,
      0.6540950598954626
    ],
    "valid_acc": [
      0.509165669324928,
      0.5053382469694636,
      0.5130404900996551,
      0.5330663222381533,
      0.5503489708618218,
      0.5591176784254245,
      0.5665473806448555,
      0.5722114917467502,
      0.5775556635186216,
      0.5829650081169793,
      0.5919588581720799,
      0.5958870021684777,
      0.6007334905380906,
      0.6054970316739937,
      0.6069012098446517,
      0.613691033404036,
      0.618679717031437,
      0.62226422248818,
      0.6242194072827671,
      0.6255584126269389,
      0.6267492979109147,
      0.6281949496984276,
      0.6267315235036911,
      0.6268322451446244,
      0.630695216314536,
      0.6260146224123425,
      0.6304996978350772,
      0.6317913047599862,
      0.6316668839094216,
      0.6318150039696177,
      0.6321882665213115,
      0.6333850766076952,
      0.6349255252337335,
      0.6347359315566826,
      0.6339123840219929,
      0.6350973445035608,
      0.6301916081098695,
      0.6344396914362906,
      0.6343567442025808,
      0.6331125356969345,
      0.6353521110070979,
      0.6351684421324549,
      0.6344278418314749,
      0.6354409830432155,
      0.6365370714886659,
      0.6370347548909244,
      0.6363889514284699,
      0.6378168288087592,
      0.6355831783010036,
      0.6333673022004717,
      0.636163808936972,
      0.6365074474766267,
      0.6362467561706817,
      0.634866277209655,
      0.6370229052861087
    ],
    "epoch": [
      0,
      1,
      2,
      3,
      4,
      5,
      6,
      7,
      8,
      9,
      10,
      11,
      12,
      13,
      14,
      15,
      16,
      17,
      18,
      19,
      20,
      21,
      22,
      23,
      24,
      25,
      26,
      27,
      28,
      29,
      30,
      31,
      32,
      33,
      34,
      35,
      36,
      37,
      38,
      39,
      40,
      41,
      42,
      43,
      44,
      45,
      46,
      47,
      48,
      49,
      50,
      51,
      52,
      53,
      54
    ],