{
  "hyperparameters": {
    "signal": "MHc160_MA85",
    "channel": "Combined",
    "iteration": 0,
    "model_idx": 13,
    "num_hidden": 256,
    "optimizer": "Adam",
    "initial_lr": 0.0007,
    "weight_decay": 0.00069,
    "scheduler": "CyclicLR",
    "pilot_mode": false,
    "num_classes": 4,
    "model_type": "ParticleNet",
    "num_node_features": 9,
    "num_graph_features": 8,
    "dropout_p": 0.4,
    "batch_size": 512,
    "train_folds": [
      0,
      1,
      2
    ],
    "valid_folds": [
      3
    ],
    "loss_type": "disco",
    "disco_lambda": 0.1
  },
  "training_summary": {
    "best_epoch": 32,
    "best_train_loss": 0.7524971294728562,
    "best_valid_loss": 0.7248628816336317,
    "best_train_acc": 0.514729231595993,
    "best_valid_acc": 0.5374725237488747,
    "total_epochs": 43
  },
  "epoch_history": {
    "train_loss": [
      1.1758485344896545,
      0.911556829771491,
      0.8335267154836817,
      0.8050550128819592,
      0.7888979862981282,
      0.7820681418981975,
      0.7736600804247546,
      0.7658703904916809,
      0.7575594019971204,
      0.7668251844803221,
      0.7725571772344283,
      0.7789324347069646,
      0.7767487613821192,
      0.7717502841363588,
      0.7670159453824925,
      0.7627620241340923,
      0.7559385332231229,
      0.7622181758945712,
      0.7700558815393025,
      0.7769304607508533,
      0.7736122730242108,
      0.7696490499346736,
      0.7666705655563406,
      0.7608158254786156,
      0.7553058923714804,
      0.7617957209564313,
      0.7679105374593377,
      0.7742047098309514,
      0.7730201486841404,
      0.7706261332124573,
      0.7642379083731069,
      0.7583934796954992,
      0.7524971294728562,
      0.7603981616960858,
      0.7670274545715123,
      0.7754978010678861,
      0.7728658943046075,
      0.7689011088817193,
      0.765081307993814,
      0.7594460757519198,
      0.7544579099062767,
      0.7606270435320233,
      0.7691613415402357
    ],
    "valid_loss": [
      1.2823831309442935,
      1.0874110853580563,
      0.8249344691596068,
      0.7792036832141145,
      0.7693512665341272,
      0.7664724676810262,
      0.7521864947150735,
      0.7402492825637388,
      0.7313916140505116,
      0.7414587464783807,
      0.7461164625709319,
      0.7570445653422714,
      0.7543672137248242,
      0.7490749505474744,
      0.7412359135230179,
      0.7360012512987532,
      0.7305024676310742,
      0.7393195501068974,
      0.7545060648027894,
      0.7459554452725383,
      0.7455587948069853,
      0.746793390844789,
      0.7424700412603901,
      0.7348546957420876,
      0.727253087036445,
      0.7334678240139466,
      0.7409602406689578,
      0.751723735838595,
      0.7485776154891305,
      0.7434614332740569,
      0.7362435187220269,
      0.729714864355219,
      0.7248628816336317,
      0.7346246041300352,
      0.7433651194852942,
      0.7504166312839674,
      0.7503166491418238,
      0.7417166239160407,
      0.7435794449828165,
      0.7302770590233376,
      0.7263648772178708,
      0.7329242833130195,
      0.7507622370024776
    ],
    "train_acc": [
      0.27389924228191376,
      0.34645508974790573,
      0.41918621212244034,
      0.4547218158841133,
      0.4719611778855324,
      0.4826982021331787,
      0.49229713529348373,
      0.49989810585975647,
      0.5071942806243896,
      0.4974139854311943,
      0.4923481196165085,
      0.48572345823049545,
      0.48895030468702316,
      0.4950328767299652,
      0.49836134910583496,
      0.5052321031689644,
      0.5087522640824318,
      0.5039906427264214,
      0.49570101499557495,
      0.4906183034181595,
      0.49281370639801025,
      0.4962000548839569,
      0.5002363920211792,
      0.5078557729721069,
      0.5114731043577194,
      0.5047357007861137,
      0.4991709589958191,
      0.4933256506919861,
      0.493344709277153,
      0.49632665514945984,
      0.503388524055481,
      0.5107646882534027,
      0.514729231595993,
      0.505832277238369,
      0.5014989748597145,
      0.4894919693470001,
      0.49428846687078476,
      0.49756159633398056,
      0.502442479133606,
      0.5086188837885857,
      0.5131550133228302,
      0.5064611956477165,
      0.49735574424266815
    ],
    "valid_acc": [
      0.2576231062412262,
      0.288974585942924,
      0.4153601974248886,
      0.47773241996765137,
      0.49347682297229767,
      0.5016452968120575,
      0.5099456757307053,
      0.5209761410951614,
      0.5304171741008759,
      0.5253089070320129,
      0.5178318917751312,
      0.5093720555305481,
      0.5129678323864937,
      0.5109797492623329,
      0.5214237570762634,
      0.5246758833527565,
      0.5298741459846497,
      0.524814285337925,
      0.5085137784481049,
      0.5193346738815308,
      0.5212268605828285,
      0.5189015418291092,
      0.519906610250473,
      0.528780609369278,
      0.5371977537870407,
      0.5314568877220154,
      0.5247128307819366,
      0.5114720463752747,
      0.5168480202555656,
      0.5239525139331818,
      0.523528017103672,
      0.5340757593512535,
      0.5374725237488747,
      0.5304234176874161,
      0.5208343118429184,
      0.512899175286293,
      0.5130847468972206,
      0.5237076953053474,
      0.5182545259594917,
      0.5356834977865219,
      0.5352856069803238,
      0.5324959307909012,
      0.5144283324480057
    ],
    "epoch": [
      0,
      1,
      2,
      3,
      4,
      5,
      6,
      7,
      8,
      9,
      10,
      11,
      12,
      13,
      14,
      15,
      16,
      17,
      18,
      19,
      20,
      21,
      22,
      23,
      24,
      25,
      26,
      27,
      28,
      29,
      30,
      31,
      32,
      33,
      34,
      35,
      36,
      37,
      38,
      39,
      40,
      41,
      42
    ],
    "timestamp": [
      1772529204.4574666,
      1772529507.560199,
      1772529810.671012,
      1772530113.301682,
      1772530415.9956994,
      1772530718.0534058,
      1772531020.571331,
      1772531324.2395246,
      1772531618.4480634,
      1772531881.7719655,
      1772532146.6099482,
      1772532395.752209,
      1772532638.7649906,
      1772532881.0403655,
      1772533111.66633,
      1772533336.85653,
      1772533562.1209643,
      1772533786.9668593,
      1772534011.4430108,
      1772534235.556065,
      1772534459.4664965,
      1772534683.6535437,
      1772534907.8685002,
      1772535132.6089487,
      1772535356.852354,
      1772535580.5466177,
      1772535790.160228,
      1772535980.2429729,
      1772536166.4209356,
      1772536352.8441536,
      1772536530.8712075,
      1772536706.6444657,
      1772536882.3901572,
      1772537056.0842948,
      1772537225.3320842,
      1772537394.4146562,
      1772537563.200973,
      1772537732.2586715,
      1772537901.5816898,
      1772538071.141138,
      1772538240.060377,
      1772538408.6365578,
      1772538577.7025976
    ],