{
  "hyperparameters": {
    "signal": "MHc160_MA85",
    "channel": "Combined",
    "iteration": 0,
    "model_idx": 15,
    "num_hidden": 256,
    "optimizer": "Adadelta",
    "initial_lr": 0.0057,
    "weight_decay": 0.00011,
    "scheduler": "CyclicLR",
    "pilot_mode": false,
    "num_classes": 4,
    "model_type": "ParticleNet",
    "num_node_features": 9,
    "num_graph_features": 8,
    "dropout_p": 0.4,
    "batch_size": 512,
    "train_folds": [
      0,
      1,
      2
    ],
    "valid_folds": [
      3
    ],
    "loss_type": "disco",
    "disco_lambda": 0.1
  },
  "training_summary": {
    "best_epoch": 0,
    "best_train_loss": 1.477235969829885,
    "best_valid_loss": 1.1881172980189019,
    "best_train_acc": 0.2562389634549618,
    "best_valid_acc": 0.2500594255652686,
    "total_epochs": 11
  },
  "epoch_history": {
    "train_loss": [
      1.477235969829885,
      1.3976034223016212,
      1.2947650167315485,
      1.194404576011892,
      1.1438090353695607,
      1.103536560266905,
      1.0817791935526877,
      1.0672762613654543,
      1.060293881152677,
      1.048908428934247,
      1.0339426294528584
    ],
    "valid_loss": [
      1.1881172980189019,
      1.3228644251518542,
      1.3628875654371804,
      1.3596640974664322,
      1.3655504777913203,
      1.3854997639765825,
      1.4126307494804988,
      1.4371200522498402,
      1.4536101592471227,
      1.4641425481537724,
      1.471157688618926
    ],
    "train_acc": [
      0.2562389634549618,
      0.26233169063925743,
      0.26663031429052353,
      0.27635911107063293,
      0.2751743346452713,
      0.28219038248062134,
      0.2858366221189499,
      0.28917477279901505,
      0.28813251107931137,
      0.2924826368689537,
      0.2952299639582634
    ],
    "valid_acc": [
      0.2500594255652686,
      0.2536529004573822,
      0.2607729434967041,
      0.2581733614206314,
      0.251143058296293,
      0.25165195344015956,
      0.2507532159797847,
      0.2503785180160776,
      0.2503812469076365,
      0.25049874978139997,
      0.2510846252553165
    ],
    "epoch": [
      0,
      1,
      2,
      3,
      4,
      5,
      6,
      7,
      8,
      9,
      10
    ],
    "timestamp": [
      1772529283.177189,
      1772529582.9323688,
      1772529883.0859272,
      1772530184.5537016,
      1772530484.4372993,
      1772530784.7472153,
      1772531085.025447,
      1772531385.0296967,
      1772531666.9173515,
      1772531929.1052775,
      1772532190.4384012
    ],
    "train_ce_loss": [
      1.428304199676058,
      1.3487935798566904,
      1.2453843058172753,
      1.1446398540873577,
      1.0938788732265856,
      1.053443824421017,
      1.0314698050453395,
      1.0170423446458354,
      1.0093382591883884,
      0.9985001468617761,
      0.9836221445644268
    ],
    "valid_ce_loss": [
      1.1333151101456274,
      1.2674464351685761,
      1.3072360313456992,
      1.3042373431613072,
      1.3104120000548984,
      1.3322799878047251,
      1.3598838799140032,
      1.3844859167133146,
      1.4010599052814572,
      1.4121344969095782,
      1.4205038020068117
    ],
    "train_disco_term": [
      0.48931837703638514,
      0.48809838155125596,
      0.4938070485718014,
      0.49764732251089994,
      0.4993019808884774,
      0.5009275719065716,
      0.5030943983752573,
      0.5023390360608849,
      0.5095562976832683,
      0.5040825670489679,
      0.5032046325377637
    ],
    "valid_disco_term": [
      0.5480215592914836,
      0.5541805740817428,
      0.5565171164777273,
      0.5542666882352756,
      0.5513843891718199,
      0.5321985451156831,
      0.5274689774531538,
      0.5263421924980095,
      0.5255023891206287,
      0.520080664273723,
      0.5065387082679192
    ]
  }
}