{
  "syst": "bjet",
  "observed": 63.96627733297646,
  "expected": 73.66491979453713,
  "difference": -0.1316589020745788,
  "max_bin_difference": 15.067439852519076,
  "max_bin_difference_bin": 93,
  "max_bin_difference_filtered": 0.6598786326077265,
  "max_bin_difference_filtered_bin": 22,
  "snr_threshold": 3.0,
  "mass_range_min": 10.0,
  "mass_range_max": 160.0,
  "percentile_68_difference": 0.2639311247510929,
  "percentile_95_difference": 0.5748498869061203,
  "rms_bin_difference": 0.26492271577403304,
  "chi2": 18.382067934371534,
  "ndf": 12,
  "chi2_per_ndf": 1.5318389945309612,
  "p_value": 0.10457250180436586,
  "closure_uncertainty_scale": 1.55,
  "recommended_systematic_pct": 55.00000000000001
}