process,threshold,initial_sensitivity,max_sensitivity,improvement
MHc-160_MA-85,0.53,2.2301415680283907,2.6925672833959946,0.20735262819051536
