{
  "hyperparameters": {
    "signal": "MHc160_MA85",
    "channel": "Combined",
    "iteration": 1,
    "model_idx": 8,
    "num_hidden": 96,
    "optimizer": "Adam",
    "initial_lr": 0.0013,
    "weight_decay": 0.00028,
    "scheduler": "ReduceLROnPlateau",
    "pilot_mode": false,
    "num_classes": 4,
    "model_type": "ParticleNet",
    "num_node_features": 9,
    "num_graph_features": 4,
    "dropout_p": 0.4,
    "batch_size": 256,
    "train_folds": [
      0,
      1,
      2
    ],
    "valid_folds": [
      3
    ],
    "loss_type": "disco",
    "disco_lambda": 0.05
  },
  "training_summary": {
    "best_epoch": 17,
    "best_train_loss": 0.7051458016717326,
    "best_valid_loss": 0.6885706404565086,
    "best_train_acc": 0.5387964099645615,
    "best_valid_acc": 0.5521690025925636,
    "total_epochs": 25
  },
  "epoch_history": {
    "train_loss": [
      0.8310882290083587,
      0.7436149434840426,
      0.723693439518427,
      0.7169918906724924,
      0.71607929450038,
      0.7124061283007219,
      0.7111369680851064,
      0.709727185837766,
      0.7081703997672872,
      0.7068829846599544,
      0.7052840490833967,
      0.7047878276975684,
      0.7047904249382598,
      0.7045258032152356,
      0.7054607356572948,
      0.7040331437594984,
      0.7043204727868541,
      0.7051458016717326,
      0.7047385543313069,
      0.7043290807845745,
      0.703531950512918,
      0.7035930969794832,
      0.7032357166603344,
      0.7051382325702887,
      0.7039360811645137
    ],
    "valid_loss": [
      0.768247899874835,
      0.724973974093585,
      0.7099964517942616,
      0.7073852109237456,
      0.701384638396787,
      0.7056828351087974,
      0.7009086071605414,
      0.6931013725173305,
      0.695280478034221,
      0.699372627365757,
      0.6972080284441021,
      0.6972906623088139,
      0.6996577088261994,
      0.694915664028114,
      0.6915569036779269,
      0.6890966388541209,
      0.6893808069363446,
      0.6885706404565086,
      0.6938141298965669,
      0.6901792069556008,
      0.6910298307177046,
      0.6963147445463799,
      0.6930299678318937,
      0.6925177775638204,
      0.69094687448421
    ],
    "train_acc": [
      0.4240582287311554,
      0.5036847405135632,
      0.5258299931883812,
      0.5300226882100105,
      0.5301235243678093,
      0.5335551351308823,
      0.5353635475039482,
      0.5365354269742966,
      0.537153460085392,
      0.5375569015741348,
      0.5395914912223816,
      0.5400163158774376,
      0.5394406542181969,
      0.5401732325553894,
      0.5409374982118607,
      0.5402068942785263,
      0.5402760654687881,
      0.5387964099645615,
      0.5403597205877304,
      0.5412833988666534,
      0.5429986715316772,
      0.5405330955982208,
      0.542293906211853,
      0.5393784865736961,
      0.5417176559567451
    ],
    "valid_acc": [
      0.4610662003979087,
      0.5162883773446083,
      0.532410703599453,
      0.5340710133314133,
      0.5395118966698647,
      0.5397903323173523,
      0.5432699546217918,
      0.5461281687021255,
      0.543168380856514,
      0.54181008040905,
      0.5418829396367073,
      0.5474822074174881,
      0.540126845240593,
      0.5476178675889969,
      0.5494067147374153,
      0.5506180673837662,
      0.5532855316996574,
      0.5521690025925636,
      0.5488476008176804,
      0.5511653795838356,
      0.5480194464325905,
      0.5511492043733597,
      0.550645612180233,
      0.5460197106003761,
      0.5509471744298935
    ],
    "epoch": [
      0,
      1,
      2,
      3,
      4,
      5,
      6,
      7,
      8,
      9,
      10,
      11,
      12,
      13,
      14,
      15,
      16,
      17,
      18,
      19,
      20,
      21,
      22,
      23,
      24
    ],
    "timestamp": [
      1767006065.7977996,
      1767006426.198643,
      1767006786.0961928,
      1767007145.9622307,
      1767007505.9399,
      1767007865.8073056,
      1767008228.2054796,
      1767008589.4816382,
      1767008925.1681502,
      1767009216.591165,
      1767009507.7474065,
      1767009797.5008526,
      1767010086.9574454,
      1767010377.0282998,
      1767010667.5037668,
      1767010950.1131265,
      1767011189.3886592,
      1767011413.3121293,
      1767011637.5781033,
      1767011862.32331,
      1767012087.2963183,
      1767012311.7632504,
      1767012535.4651258,
      1767012746.6305127,
      1767012951.801007
    ],
    "train_ce_loss": [
      0.7988812199298372,
      0.713148309448932,
      0.694323958451987,
      0.6880987555060343,
      0.6869534127074535,
      0.6837656692530971,
      0.68236624810471,
      0.6809211676606292,
      0.6795724504080949,
      0.678454201163492,
      0.677109959676273,
      0.6762115140635192,
      0.6759763750805319,
      0.6760172821830471,
      0.6766151195782658,
      0.6754676585139474,
      0.6758372198484589,
      0.6764135725954745,
      0.6761595101160843,
      0.6756874797735533,
      0.674731398715799,
      0.6752129994264852,
      0.675036992236836,
      0.676735377221122,
      0.6751480761994707
    ],
    "valid_ce_loss": [
      0.7392918418725611,
      0.6970309501802417,
      0.6812021368721002,
      0.6788837489947467,
      0.672916597988404,
      0.6780274026620556,
      0.6717459655458659,
      0.6651710882573061,
      0.668071411969796,
      0.6705823536490051,
      0.669594528232242,
      0.6678090763973518,
      0.6714917283872484,
      0.6667423343784372,
      0.6640053190500803,
      0.66072656177509,
      0.6612140662758283,
      0.661154465881032,
      0.6670753566521994,
      0.6621964967901438,
      0.6639752972503783,
      0.667692816855622,
      0.6652637423134186,
      0.6653500102775197,
      0.6640631082192273
    ],
    "train_disco_term": [
      0.6441397897921797,
      0.6093334040199732,
      0.587388984646116,
      0.5778631423382049,
      0.5825170366597393,
      0.5728085691624499,
      0.575414738539142,
      0.5761193728193323,
      0.5719599006023813,
      0.5685759403060635,
      0.5634808121843541,
      0.5715258345596697,
      0.5762810407800877,
      0.5701706323761345,
      0.5769115174251487,
      0.5713089938946408,
      0.5696659240679176,
      0.5746437674235428,
      0.5715802587999037,
      0.5728317336108547,
      0.5760109106276897,
      0.5676023324934545,
      0.5639748955751263,
      0.5680572243628168,
      0.5757610671788363
    ],
    "valid_disco_term": [
      0.5791208615500323,
      0.5588596393682168,
      0.5758861784469074,
      0.5700300557827446,
      0.5693609283213884,
      0.5531085334508352,
      0.5832522122687857,
      0.5586065596992701,
      0.5441811218018263,
      0.575804811705586,
      0.5522705022717865,
      0.589631553896716,
      0.5633189957851256,
      0.5634666123545505,
      0.5510317116031345,
      0.5674019042979663,
      0.5633351750881739,
      0.5483235271358994,
      0.5347765119037997,
      0.5596544749929871,
      0.5410911178504917,
      0.5724382508073894,
      0.555324342259219,
      0.5433552917880071,
      0.537675638906133
    ]
  }
}