{
  "Central": {
    "ptcorr_10to15_EB1": 15149.52989578247,
    "ptcorr_10to15_EB2": 9839.31856918335,
    "ptcorr_10to15_EE": 10843.604740142822,
    "ptcorr_15to20_EB1": 19803.29328918457,
    "ptcorr_15to20_EB2": 11859.319862365723,
    "ptcorr_15to20_EE": 15493.345733642578,
    "ptcorr_20to25_EB1": 22696.242671966553,
    "ptcorr_20to25_EB2": 12513.721340179443,
    "ptcorr_20to25_EE": 17664.862588882446,
    "ptcorr_25to35_EB1": 50031.42235183716,
    "ptcorr_25to35_EB2": 32532.493412017822,
    "ptcorr_25to35_EE": 42617.40252494812,
    "ptcorr_35to50_EB1": 84662.76782035828,
    "ptcorr_35to50_EB2": 55583.16491699219,
    "ptcorr_35to50_EE": 58817.78052330017,
    "ptcorr_50to100_EB1": 142471.22311782837,
    "ptcorr_50to100_EB2": 100001.97765350342,
    "ptcorr_50to100_EE": 91115.31301116943
  },
  "MotherJetPt_Up": {
    "ptcorr_10to15_EB1": 2206.6231422424316,
    "ptcorr_10to15_EB2": 2779.218376159668,
    "ptcorr_10to15_EE": 3042.767707824707,
    "ptcorr_15to20_EB1": 6633.451332092285,
    "ptcorr_15to20_EB2": 3217.379207611084,
    "ptcorr_15to20_EE": 3163.290699005127,
    "ptcorr_20to25_EB1": 6902.502227783203,
    "ptcorr_20to25_EB2": 3559.2670555114746,
    "ptcorr_20to25_EE": 3459.3029041290283,
    "ptcorr_25to35_EB1": 14060.218395233154,
    "ptcorr_25to35_EB2": 7219.093235015869,
    "ptcorr_25to35_EE": 12204.990697860718,
    "ptcorr_35to50_EB1": 26171.37343978882,
    "ptcorr_35to50_EB2": 18227.057079315186,
    "ptcorr_35to50_EE": 16950.316719055176,
    "ptcorr_50to100_EB1": 85519.64527130127,
    "ptcorr_50to100_EB2": 59583.654304504395,
    "ptcorr_50to100_EE": 56538.02221107483
  },
  "MotherJetPt_Down": {
    "ptcorr_10to15_EB1": 34480.59201049805,
    "ptcorr_10to15_EB2": 19033.315753936768,
    "ptcorr_10to15_EE": 21757.167053222656,
    "ptcorr_15to20_EB1": 40199.36801528931,
    "ptcorr_15to20_EB2": 24269.306720733643,
    "ptcorr_15to20_EE": 30063.49901199341,
    "ptcorr_20to25_EB1": 47134.33364868164,
    "ptcorr_20to25_EB2": 27957.59981918335,
    "ptcorr_20to25_EE": 35631.741037368774,
    "ptcorr_25to35_EB1": 94013.64199066162,
    "ptcorr_25to35_EB2": 59186.99574661255,
    "ptcorr_25to35_EE": 74976.18325424194,
    "ptcorr_35to50_EB1": 127721.57043266296,
    "ptcorr_35to50_EB2": 82280.05962371826,
    "ptcorr_35to50_EE": 89161.34905052185,
    "ptcorr_50to100_EB1": 162055.0975933075,
    "ptcorr_50to100_EB2": 114927.49979782104,
    "ptcorr_50to100_EE": 104712.6787185669
  },
  "RequireHeavyTag": {
    "ptcorr_10to15_EB1": 935.3315010070801,
    "ptcorr_10to15_EB2": 714.3466720581055,
    "ptcorr_10to15_EE": 627.3738861083984,
    "ptcorr_15to20_EB1": 674.395938873291,
    "ptcorr_15to20_EB2": 23.55150604248047,
    "ptcorr_15to20_EE": 628.6281433105469,
    "ptcorr_20to25_EB1": 921.2560958862305,
    "ptcorr_20to25_EB2": 508.9339790344238,
    "ptcorr_20to25_EE": 1175.9411125183105,
    "ptcorr_25to35_EB1": 1951.173484802246,
    "ptcorr_25to35_EB2": 1485.2860260009766,
    "ptcorr_25to35_EE": 1471.0198974609375,
    "ptcorr_35to50_EB1": 2479.897518157959,
    "ptcorr_35to50_EB2": 2446.8824577331543,
    "ptcorr_35to50_EE": 2466.0229530334473,
    "ptcorr_50to100_EB1": 5699.354911804199,
    "ptcorr_50to100_EB2": 3527.8192291259766,
    "ptcorr_50to100_EE": 3052.208396911621
  },
  "L1Prefire_Up": {
    "ptcorr_10to15_EB1": 15129.753910064697,
    "ptcorr_10to15_EB2": 9831.33224105835,
    "ptcorr_10to15_EE": 10836.529792785645,
    "ptcorr_15to20_EB1": 19774.718631744385,
    "ptcorr_15to20_EB2": 11837.59079360962,
    "ptcorr_15to20_EE": 15477.06489944458,
    "ptcorr_20to25_EB1": 22665.934661865234,
    "ptcorr_20to25_EB2": 12496.19729232788,
    "ptcorr_20to25_EE": 17583.436710357666,
    "ptcorr_25to35_EB1": 49973.38511276245,
    "ptcorr_25to35_EB2": 32500.092945098877,
    "ptcorr_25to35_EE": 42327.70235824585,
    "ptcorr_35to50_EB1": 84592.6974773407,
    "ptcorr_35to50_EB2": 55537.33465576172,
    "ptcorr_35to50_EE": 58320.393465042114,
    "ptcorr_50to100_EB1": 142370.69937896729,
    "ptcorr_50to100_EB2": 99896.31869506836,
    "ptcorr_50to100_EE": 90147.87523078918
  },
  "L1Prefire_Down": {
    "ptcorr_10to15_EB1": 15169.99216079712,
    "ptcorr_10to15_EB2": 9847.236392974854,
    "ptcorr_10to15_EE": 10850.273571014404,
    "ptcorr_15to20_EB1": 19830.6669921875,
    "ptcorr_15to20_EB2": 11880.981307983398,
    "ptcorr_15to20_EE": 15507.824165344238,
    "ptcorr_20to25_EB1": 22724.87872695923,
    "ptcorr_20to25_EB2": 12530.756210327148,
    "ptcorr_20to25_EE": 17733.837509155273,
    "ptcorr_25to35_EB1": 50088.25687789917,
    "ptcorr_25to35_EB2": 32563.40525817871,
    "ptcorr_25to35_EE": 42900.947326660156,
    "ptcorr_35to50_EB1": 84732.40139198303,
    "ptcorr_35to50_EB2": 55627.988594055176,
    "ptcorr_35to50_EE": 59312.78793525696,
    "ptcorr_50to100_EB1": 142569.05242538452,
    "ptcorr_50to100_EB2": 100105.60583114624,
    "ptcorr_50to100_EE": 92081.29780006409
  },
  "PileupReweight_Up": {
    "ptcorr_10to15_EB1": 14807.168537139893,
    "ptcorr_10to15_EB2": 9957.389043807983,
    "ptcorr_10to15_EE": 10746.887191772461,
    "ptcorr_15to20_EB1": 19208.794136047363,
    "ptcorr_15to20_EB2": 11724.655094146729,
    "ptcorr_15to20_EE": 15352.717643737793,
    "ptcorr_20to25_EB1": 22123.808429718018,
    "ptcorr_20to25_EB2": 12077.347408294678,
    "ptcorr_20to25_EE": 17260.026203155518,
    "ptcorr_25to35_EB1": 48814.24785614014,
    "ptcorr_25to35_EB2": 31992.98504638672,
    "ptcorr_25to35_EE": 41646.07580757141,
    "ptcorr_35to50_EB1": 81921.50122833252,
    "ptcorr_35to50_EB2": 53993.6742515564,
    "ptcorr_35to50_EE": 57108.38313102722,
    "ptcorr_50to100_EB1": 139688.14121627808,
    "ptcorr_50to100_EB2": 98648.68169021606,
    "ptcorr_50to100_EE": 89718.92856025696
  },
  "PileupReweight_Down": {
    "ptcorr_10to15_EB1": 15497.20834350586,
    "ptcorr_10to15_EB2": 9665.440942764282,
    "ptcorr_10to15_EE": 10949.902170181274,
    "ptcorr_15to20_EB1": 20398.037085533142,
    "ptcorr_15to20_EB2": 11945.330629348755,
    "ptcorr_15to20_EE": 15666.171403884888,
    "ptcorr_20to25_EB1": 23201.261024475098,
    "ptcorr_20to25_EB2": 12925.866235733032,
    "ptcorr_20to25_EE": 18083.252261161804,
    "ptcorr_25to35_EB1": 50979.52791881561,
    "ptcorr_25to35_EB2": 32938.64719200134,
    "ptcorr_25to35_EE": 43564.516211509705,
    "ptcorr_35to50_EB1": 87359.07002353668,
    "ptcorr_35to50_EB2": 57117.619985580444,
    "ptcorr_35to50_EE": 60684.62754821777,
    "ptcorr_50to100_EB1": 145142.35584926605,
    "ptcorr_50to100_EB2": 101287.90165424347,
    "ptcorr_50to100_EE": 92372.83335018158
  },
  "PileupJetIDSF_Up": {
    "ptcorr_10to15_EB1": 15165.04139328003,
    "ptcorr_10to15_EB2": 9853.759246826172,
    "ptcorr_10to15_EE": 10859.726413726807,
    "ptcorr_15to20_EB1": 19827.028842926025,
    "ptcorr_15to20_EB2": 11878.807193756104,
    "ptcorr_15to20_EE": 15508.703903198242,
    "ptcorr_20to25_EB1": 22722.092475891113,
    "ptcorr_20to25_EB2": 12525.942268371582,
    "ptcorr_20to25_EE": 17693.58415412903,
    "ptcorr_25to35_EB1": 50081.84928894043,
    "ptcorr_25to35_EB2": 32574.449249267578,
    "ptcorr_25to35_EE": 42675.47260475159,
    "ptcorr_35to50_EB1": 84745.74681091309,
    "ptcorr_35to50_EB2": 55645.412422180176,
    "ptcorr_35to50_EE": 58884.59404754639,
    "ptcorr_50to100_EB1": 142549.13695144653,
    "ptcorr_50to100_EB2": 100053.36716079712,
    "ptcorr_50to100_EE": 91165.93173217773
  },
  "PileupJetIDSF_Down": {
    "ptcorr_10to15_EB1": 15134.018699645996,
    "ptcorr_10to15_EB2": 9824.881629943848,
    "ptcorr_10to15_EE": 10827.483085632324,
    "ptcorr_15to20_EB1": 19779.560165405273,
    "ptcorr_15to20_EB2": 11839.848503112793,
    "ptcorr_15to20_EE": 15477.991985321045,
    "ptcorr_20to25_EB1": 22670.403968811035,
    "ptcorr_20to25_EB2": 12501.501281738281,
    "ptcorr_20to25_EE": 17636.148260116577,
    "ptcorr_25to35_EB1": 49981.006690979004,
    "ptcorr_25to35_EB2": 32490.543476104736,
    "ptcorr_25to35_EE": 42559.33715629578,