{
  "Central": {
    "ptcorr_10to15_EB1": 637.6723969869781,
    "ptcorr_10to15_EB2": 285.6070570042357,
    "ptcorr_10to15_EE": 310.37344038812444,
    "ptcorr_15to20_EB1": 573.1324948403053,
    "ptcorr_15to20_EB2": 287.21962771285325,
    "ptcorr_15to20_EE": 314.8568987152539,
    "ptcorr_20to25_EB1": 498.06106634764,
    "ptcorr_20to25_EB2": 267.13245958508924,
    "ptcorr_20to25_EE": 289.85651407390833,
    "ptcorr_25to35_EB1": 931.2645528498106,
    "ptcorr_25to35_EB2": 524.0657545216382,
    "ptcorr_25to35_EE": 501.31314326496795,
    "ptcorr_35to50_EB1": 1116.745243031066,
    "ptcorr_35to50_EB2": 660.1794990273193,
    "ptcorr_35to50_EE": 523.9191774381325,
    "ptcorr_50to100_EB1": 1401.1538246681448,
    "ptcorr_50to100_EB2": 829.1437979326583,
    "ptcorr_50to100_EE": 583.9186220720876
  },
  "MotherJetPt_Up": {
    "ptcorr_10to15_EB1": 434.2416480984539,
    "ptcorr_10to15_EB2": 193.68553293077275,
    "ptcorr_10to15_EE": 210.40972885256633,
    "ptcorr_15to20_EB1": 390.42470705276355,
    "ptcorr_15to20_EB2": 193.95331108104438,
    "ptcorr_15to20_EE": 208.72299198852852,
    "ptcorr_20to25_EB1": 335.8487152303569,
    "ptcorr_20to25_EB2": 181.84868008224294,
    "ptcorr_20to25_EE": 191.28435124084353,
    "ptcorr_25to35_EB1": 620.0579519527964,
    "ptcorr_25to35_EB2": 346.0458607003093,
    "ptcorr_25to35_EE": 327.50760600483045,
    "ptcorr_35to50_EB1": 743.9062198111787,
    "ptcorr_35to50_EB2": 436.2248566909693,
    "ptcorr_35to50_EE": 338.29012297187,
    "ptcorr_50to100_EB1": 955.0047733520623,
    "ptcorr_50to100_EB2": 555.0606984063052,
    "ptcorr_50to100_EE": 387.6568688887637
  },
  "MotherJetPt_Down": {
    "ptcorr_10to15_EB1": 707.349015271524,
    "ptcorr_10to15_EB2": 313.3961872328073,
    "ptcorr_10to15_EE": 340.2874253313057,
    "ptcorr_15to20_EB1": 638.3286126428284,
    "ptcorr_15to20_EB2": 318.1494360342622,
    "ptcorr_15to20_EE": 348.42152701318264,
    "ptcorr_20to25_EB1": 554.3707921393216,
    "ptcorr_20to25_EB2": 294.83723524818197,
    "ptcorr_20to25_EE": 322.82346141012385,
    "ptcorr_25to35_EB1": 1029.1483527198434,
    "ptcorr_25to35_EB2": 585.4295257078484,
    "ptcorr_25to35_EE": 559.2935391529463,
    "ptcorr_35to50_EB1": 1228.6716585741378,
    "ptcorr_35to50_EB2": 730.8914688797668,
    "ptcorr_35to50_EE": 585.1937436619774,
    "ptcorr_50to100_EB1": 1527.1385234319605,
    "ptcorr_50to100_EB2": 907.0636260937899,
    "ptcorr_50to100_EE": 647.5360796970781
  },
  "RequireHeavyTag": {
    "ptcorr_10to15_EB1": 312.3570334278047,
    "ptcorr_10to15_EB2": 145.83398964907974,
    "ptcorr_10to15_EE": 164.37245354941115,
    "ptcorr_15to20_EB1": 304.7766827926971,
    "ptcorr_15to20_EB2": 160.98667955677956,
    "ptcorr_15to20_EE": 179.59914233675227,
    "ptcorr_20to25_EB1": 286.4575968799181,
    "ptcorr_20to25_EB2": 153.36697511933744,
    "ptcorr_20to25_EE": 174.13461960293353,
    "ptcorr_25to35_EB1": 587.7036873633042,
    "ptcorr_25to35_EB2": 323.2243841877207,
    "ptcorr_25to35_EE": 307.35725407721475,
    "ptcorr_35to50_EB1": 769.4686192851514,
    "ptcorr_35to50_EB2": 441.16078557725996,
    "ptcorr_35to50_EE": 339.01057882327586,
    "ptcorr_50to100_EB1": 968.202426420059,
    "ptcorr_50to100_EB2": 555.1805173917674,
    "ptcorr_50to100_EE": 367.34468856826425
  },
  "L1Prefire_Up": {
    "ptcorr_10to15_EB1": 633.958721843781,
    "ptcorr_10to15_EB2": 284.04207977908663,
    "ptcorr_10to15_EE": 308.6234739916399,
    "ptcorr_15to20_EB1": 570.2710055345669,
    "ptcorr_15to20_EB2": 285.77010095492005,
    "ptcorr_15to20_EE": 313.16002126946114,
    "ptcorr_20to25_EB1": 495.8347484548576,
    "ptcorr_20to25_EB2": 265.8691646459047,
    "ptcorr_20to25_EE": 287.2017210777849,
    "ptcorr_25to35_EB1": 927.5372242834419,
    "ptcorr_25to35_EB2": 521.5761958337389,
    "ptcorr_25to35_EE": 494.65879727713764,
    "ptcorr_35to50_EB1": 1112.4655088845175,
    "ptcorr_35to50_EB2": 657.1961055616848,
    "ptcorr_35to50_EE": 514.8939584711334,
    "ptcorr_50to100_EB1": 1394.7496443922864,
    "ptcorr_50to100_EB2": 825.0549295864766,
    "ptcorr_50to100_EE": 573.1187982904958
  },
  "L1Prefire_Down": {
    "ptcorr_10to15_EB1": 641.3481394909322,
    "ptcorr_10to15_EB2": 287.1519577289,
    "ptcorr_10to15_EE": 312.0965609755367,
    "ptcorr_15to20_EB1": 575.952507480979,
    "ptcorr_15to20_EB2": 288.65117579884827,
    "ptcorr_15to20_EE": 316.51991175394505,
    "ptcorr_20to25_EB1": 500.25303689111024,
    "ptcorr_20to25_EB2": 268.38120139203966,
    "ptcorr_20to25_EE": 292.4945999905467,
    "ptcorr_25to35_EB1": 934.9266725564376,
    "ptcorr_25to35_EB2": 526.5213176226243,
    "ptcorr_25to35_EE": 507.964140384458,
    "ptcorr_35to50_EB1": 1120.952907571569,
    "ptcorr_35to50_EB2": 663.1219251165166,
    "ptcorr_35to50_EE": 532.9811866860837,
    "ptcorr_50to100_EB1": 1407.4731247825548,
    "ptcorr_50to100_EB2": 833.1809229068458,
    "ptcorr_50to100_EE": 594.7864779662341
  },
  "PileupReweight_Up": {
    "ptcorr_10to15_EB1": 621.9843709394336,
    "ptcorr_10to15_EB2": 277.9375393730588,
    "ptcorr_10to15_EE": 297.6684809583239,
    "ptcorr_15to20_EB1": 564.2717422032729,
    "ptcorr_15to20_EB2": 281.2798463907093,
    "ptcorr_15to20_EE": 306.32068934245035,
    "ptcorr_20to25_EB1": 489.383722698316,
    "ptcorr_20to25_EB2": 262.65707218740135,
    "ptcorr_20to25_EE": 283.9689895166084,
    "ptcorr_25to35_EB1": 918.3314703665674,
    "ptcorr_25to35_EB2": 515.868270770181,
    "ptcorr_25to35_EE": 493.7013860447332,
    "ptcorr_35to50_EB1": 1100.1113258404657,
    "ptcorr_35to50_EB2": 650.3685090690851,
    "ptcorr_35to50_EE": 515.3487217077054,
    "ptcorr_50to100_EB1": 1381.4587931728456,
    "ptcorr_50to100_EB2": 816.8810142809525,
    "ptcorr_50to100_EE": 573.7586253862828
  },
  "PileupReweight_Down": {
    "ptcorr_10to15_EB1": 652.6980506421532,
    "ptcorr_10to15_EB2": 293.67840232746676,
    "ptcorr_10to15_EE": 323.3113202750683,
    "ptcorr_15to20_EB1": 582.084529875312,
    "ptcorr_15to20_EB2": 293.711017542053,
    "ptcorr_15to20_EE": 323.1526109878905,
    "ptcorr_20to25_EB1": 506.127509560436,
    "ptcorr_20to25_EB2": 271.56496278429404,
    "ptcorr_20to25_EE": 295.5711735873483,
    "ptcorr_25to35_EB1": 943.800745814573,
    "ptcorr_25to35_EB2": 532.3941735238768,
    "ptcorr_25to35_EE": 508.8971937475726,
    "ptcorr_35to50_EB1": 1132.3107864125632,
    "ptcorr_35to50_EB2": 669.9564467431046,
    "ptcorr_35to50_EE": 532.5829929071479,
    "ptcorr_50to100_EB1": 1418.4048410917167,
    "ptcorr_50to100_EB2": 840.4626520187594,
    "ptcorr_50to100_EE": 594.2777530616149
  },
  "PileupJetIDSF_Up": {
    "ptcorr_10to15_EB1": 638.0000752345659,
    "ptcorr_10to15_EB2": 285.7499770959839,
    "ptcorr_10to15_EE": 310.5222768546082,
    "ptcorr_15to20_EB1": 573.4117162576877,
    "ptcorr_15to20_EB2": 287.3511043051258,
    "ptcorr_15to20_EE": 315.0122408340685,
    "ptcorr_20to25_EB1": 498.2857861123048,
    "ptcorr_20to25_EB2": 267.25055569782853,
    "ptcorr_20to25_EE": 289.9883016785607,
    "ptcorr_25to35_EB1": 931.6508806808852,
    "ptcorr_25to35_EB2": 524.2877323944122,
    "ptcorr_25to35_EE": 501.54725317517295,
    "ptcorr_35to50_EB1": 1117.184035919141,
    "ptcorr_35to50_EB2": 660.4522371576168,
    "ptcorr_35to50_EE": 524.162463686429,
    "ptcorr_50to100_EB1": 1401.6767017135862,
    "ptcorr_50to100_EB2": 829.4830278488807,
    "ptcorr_50to100_EE": 584.1933474813122
  },
  "PileupJetIDSF_Down": {
    "ptcorr_10to15_EB1": 637.3448285004124,
    "ptcorr_10to15_EB2": 285.4641814548522,
    "ptcorr_10to15_EE": 310.2246551429853,
    "ptcorr_15to20_EB1": 572.8533962653019,
    "ptcorr_15to20_EB2": 287.08819716610014,
    "ptcorr_15to20_EE": 314.7016051397659,
    "ptcorr_20to25_EB1": 497.8364169499837,
    "ptcorr_20to25_EB2": 267.01440775068477,
    "ptcorr_20to25_EE": 289.724758008495,
    "ptcorr_25to35_EB1": 930.8783160173334,
    "ptcorr_25to35_EB2": 523.8438374781981,
    "ptcorr_25to35_EE": 501.0791086801328,
    "ptcorr_35to50_EB1": 1116.306552481372,