{
  "Central": {
    "ptcorr_10to15_EB1": 76.52983123064041,
    "ptcorr_10to15_EB2": 32.09817631542683,
    "ptcorr_10to15_EE": 36.150652915239334,
    "ptcorr_15to20_EB1": 66.81264984607697,
    "ptcorr_15to20_EB2": 41.30650458484888,
    "ptcorr_15to20_EE": 40.089945359155536,
    "ptcorr_20to25_EB1": 57.089934438467026,
    "ptcorr_20to25_EB2": 33.14959451556206,
    "ptcorr_20to25_EE": 38.35554192960262,
    "ptcorr_25to35_EB1": 91.52739065885544,
    "ptcorr_25to35_EB2": 67.2842278406024,
    "ptcorr_25to35_EE": 76.03640850633383,
    "ptcorr_35to50_EB1": 118.7380707859993,
    "ptcorr_35to50_EB2": 86.26544734090567,
    "ptcorr_35to50_EE": 92.85017782077193,
    "ptcorr_50to100_EB1": 165.36969725042582,
    "ptcorr_50to100_EB2": 116.76715590059757,
    "ptcorr_50to100_EE": 121.94408952817321
  },
  "MotherJetPt_Up": {
    "ptcorr_10to15_EB1": 31.88113059848547,
    "ptcorr_10to15_EB2": 14.101107642054558,
    "ptcorr_10to15_EE": 14.542229443788528,
    "ptcorr_15to20_EB1": 31.777696132659912,
    "ptcorr_15to20_EB2": 20.027097068727016,
    "ptcorr_15to20_EE": 19.799285469576716,
    "ptcorr_20to25_EB1": 27.133512929081917,
    "ptcorr_20to25_EB2": 16.265817418694496,
    "ptcorr_20to25_EE": 18.814124036580324,
    "ptcorr_25to35_EB1": 44.250584810972214,
    "ptcorr_25to35_EB2": 32.484059274196625,
    "ptcorr_25to35_EE": 41.165416203439236,
    "ptcorr_35to50_EB1": 60.37370730936527,
    "ptcorr_35to50_EB2": 46.853848315775394,
    "ptcorr_35to50_EE": 47.49731566011906,
    "ptcorr_50to100_EB1": 109.63676694780588,
    "ptcorr_50to100_EB2": 75.15468730777502,
    "ptcorr_50to100_EE": 82.06613442674279
  },
  "MotherJetPt_Down": {
    "ptcorr_10to15_EB1": 97.65434600412846,
    "ptcorr_10to15_EB2": 40.91218711435795,
    "ptcorr_10to15_EE": 45.18210315704346,
    "ptcorr_15to20_EB1": 85.22587458789349,
    "ptcorr_15to20_EB2": 51.42048452049494,
    "ptcorr_15to20_EE": 47.77927195839584,
    "ptcorr_20to25_EB1": 73.35283869504929,
    "ptcorr_20to25_EB2": 40.441697262227535,
    "ptcorr_20to25_EE": 46.713321797549725,
    "ptcorr_25to35_EB1": 115.79815037548542,
    "ptcorr_25to35_EB2": 77.90336379408836,
    "ptcorr_25to35_EE": 89.9081009477377,
    "ptcorr_35to50_EB1": 142.54918284714222,
    "ptcorr_35to50_EB2": 100.7563995346427,
    "ptcorr_35to50_EE": 108.14556873962283,
    "ptcorr_50to100_EB1": 184.7567536458373,
    "ptcorr_50to100_EB2": 130.55812898278236,
    "ptcorr_50to100_EE": 139.4990792311728
  },
  "RequireHeavyTag": {
    "ptcorr_10to15_EB1": 16.580519765615463,
    "ptcorr_10to15_EB2": 5.855723425745964,
    "ptcorr_10to15_EE": 9.535182446241379,
    "ptcorr_15to20_EB1": 8.287008330225945,
    "ptcorr_15to20_EB2": 5.756971538066864,
    "ptcorr_15to20_EE": 6.5671608075499535,
    "ptcorr_20to25_EB1": 9.986204788088799,
    "ptcorr_20to25_EB2": 4.815766140818596,
    "ptcorr_20to25_EE": 5.500856474041939,
    "ptcorr_25to35_EB1": 15.799095124006271,
    "ptcorr_25to35_EB2": 8.661408200860023,
    "ptcorr_25to35_EE": 10.112858384847641,
    "ptcorr_35to50_EB1": 18.536463871598244,
    "ptcorr_35to50_EB2": 7.590643301606178,
    "ptcorr_35to50_EE": 12.942843303084373,
    "ptcorr_50to100_EB1": 24.204191334545612,
    "ptcorr_50to100_EB2": 17.7445133253932,
    "ptcorr_50to100_EE": 18.02971087396145
  },
  "L1Prefire_Up": {
    "ptcorr_10to15_EB1": 75.98792300000787,
    "ptcorr_10to15_EB2": 32.007028974592686,
    "ptcorr_10to15_EE": 35.951939234510064,
    "ptcorr_15to20_EB1": 66.19022679328918,
    "ptcorr_15to20_EB2": 41.13749598711729,
    "ptcorr_15to20_EE": 39.58218922838569,
    "ptcorr_20to25_EB1": 56.687562979757786,
    "ptcorr_20to25_EB2": 32.74421751499176,
    "ptcorr_20to25_EE": 37.64070900902152,
    "ptcorr_25to35_EB1": 91.11400467157364,
    "ptcorr_25to35_EB2": 66.53482049703598,
    "ptcorr_25to35_EE": 74.3241374976933,
    "ptcorr_35to50_EB1": 118.41217839717865,
    "ptcorr_35to50_EB2": 85.650725081563,
    "ptcorr_35to50_EE": 90.19170559104532,
    "ptcorr_50to100_EB1": 165.0236634425819,
    "ptcorr_50to100_EB2": 116.13263399153948,
    "ptcorr_50to100_EE": 118.57815430685878
  },
  "L1Prefire_Down": {
    "ptcorr_10to15_EB1": 77.06630040705204,
    "ptcorr_10to15_EB2": 32.18742233514786,
    "ptcorr_10to15_EE": 36.34560103714466,
    "ptcorr_15to20_EB1": 67.43117868900299,
    "ptcorr_15to20_EB2": 41.4718869253993,
    "ptcorr_15to20_EE": 40.605378068983555,
    "ptcorr_20to25_EB1": 57.48935115337372,
    "ptcorr_20to25_EB2": 33.554982744157314,
    "ptcorr_20to25_EE": 39.082138530910015,
    "ptcorr_25to35_EB1": 91.93862143158913,
    "ptcorr_25to35_EB2": 68.03320856392384,
    "ptcorr_25to35_EE": 77.76843207329512,
    "ptcorr_35to50_EB1": 119.05665062367916,
    "ptcorr_35to50_EB2": 86.87810875475407,
    "ptcorr_35to50_EE": 95.55840802937746,
    "ptcorr_50to100_EB1": 165.70633597671986,
    "ptcorr_50to100_EB2": 117.39972051978111,
    "ptcorr_50to100_EE": 125.35095839947462
  },
  "PileupReweight_Up": {
    "ptcorr_10to15_EB1": 73.7942261248827,
    "ptcorr_10to15_EB2": 30.19681153446436,
    "ptcorr_10to15_EE": 35.04020972177386,
    "ptcorr_15to20_EB1": 65.03929397463799,
    "ptcorr_15to20_EB2": 39.69283955544233,
    "ptcorr_15to20_EE": 37.652999985963106,
    "ptcorr_20to25_EB1": 56.00996994972229,
    "ptcorr_20to25_EB2": 31.520194940268993,
    "ptcorr_20to25_EE": 37.50162971019745,
    "ptcorr_25to35_EB1": 87.97161637991667,
    "ptcorr_25to35_EB2": 65.2668796852231,
    "ptcorr_25to35_EE": 74.11935248225927,
    "ptcorr_35to50_EB1": 116.83648662269115,
    "ptcorr_35to50_EB2": 83.51745660603046,
    "ptcorr_35to50_EE": 91.42509816214442,
    "ptcorr_50to100_EB1": 162.046759031713,
    "ptcorr_50to100_EB2": 115.1138102337718,
    "ptcorr_50to100_EE": 120.43154277279973
  },
  "PileupReweight_Down": {
    "ptcorr_10to15_EB1": 78.59800558909774,
    "ptcorr_10to15_EB2": 34.001491129398346,
    "ptcorr_10to15_EE": 37.1650515794754,
    "ptcorr_15to20_EB1": 68.33083075284958,
    "ptcorr_15to20_EB2": 43.1457125172019,
    "ptcorr_15to20_EE": 42.37023767083883,
    "ptcorr_20to25_EB1": 58.08189790695906,
    "ptcorr_20to25_EB2": 34.61471898108721,
    "ptcorr_20to25_EE": 39.32797047495842,
    "ptcorr_25to35_EB1": 94.83528393507004,
    "ptcorr_25to35_EB2": 69.5548548027873,
    "ptcorr_25to35_EE": 78.34153544902802,
    "ptcorr_35to50_EB1": 120.90028537809849,
    "ptcorr_35to50_EB2": 89.04410357028246,
    "ptcorr_35to50_EE": 94.17677787318826,
    "ptcorr_50to100_EB1": 168.26379961520433,
    "ptcorr_50to100_EB2": 118.54491083323956,
    "ptcorr_50to100_EE": 124.27651864662766
  },
  "PileupJetIDSF_Up": {
    "ptcorr_10to15_EB1": 76.58629379048944,
    "ptcorr_10to15_EB2": 32.12277263402939,
    "ptcorr_10to15_EE": 36.18900269269943,
    "ptcorr_15to20_EB1": 66.85855595767498,
    "ptcorr_15to20_EB2": 41.3354419991374,
    "ptcorr_15to20_EE": 40.115571385249496,
    "ptcorr_20to25_EB1": 57.12515577673912,
    "ptcorr_20to25_EB2": 33.16817229986191,
    "ptcorr_20to25_EE": 38.38449463620782,
    "ptcorr_25to35_EB1": 91.57608540356159,
    "ptcorr_25to35_EB2": 67.32470751553774,
    "ptcorr_25to35_EE": 76.0864050462842,
    "ptcorr_35to50_EB1": 118.8066717684269,
    "ptcorr_35to50_EB2": 86.31454186886549,
    "ptcorr_35to50_EE": 92.92056388780475,
    "ptcorr_50to100_EB1": 165.44399469345808,
    "ptcorr_50to100_EB2": 116.82342757284641,
    "ptcorr_50to100_EE": 122.01006748899817
  },
  "PileupJetIDSF_Down": {
    "ptcorr_10to15_EB1": 76.47337595373392,
    "ptcorr_10to15_EB2": 32.07358059287071,
    "ptcorr_10to15_EE": 36.112324465066195,
    "ptcorr_15to20_EB1": 66.76675337553024,
    "ptcorr_15to20_EB2": 41.27757563441992,
    "ptcorr_15to20_EE": 40.064320435747504,
    "ptcorr_20to25_EB1": 57.05471982061863,
    "ptcorr_20to25_EB2": 33.131027176976204,
    "ptcorr_20to25_EE": 38.326593440026045,
    "ptcorr_25to35_EB1": 91.47870175540447,
    "ptcorr_25to35_EB2": 67.24375376105309,
    "ptcorr_25to35_EE": 75.9864294230938,
    "ptcorr_35to50_EB1": 118.66947866976261,