{
  "syst": "TT",
  "observed": 458.64511251449585,
  "expected": 392.3775255680084,
  "difference": 0.1688873154764866,
  "max_bin_difference": 0.0,
  "max_bin_difference_bin": -1,
  "max_bin_difference_filtered": 0.0,
  "max_bin_difference_filtered_bin": -1,
  "snr_threshold": 3.0,
  "mass_range_min": 10.0,
  "mass_range_max": 160.0,
  "percentile_68_difference": 0.0,
  "percentile_95_difference": 0.0,
  "rms_bin_difference": 0.0,
  "chi2": 49.51515566358701,
  "ndf": 40,
  "chi2_per_ndf": 1.2378788915896752,
  "p_value": 0.1439391148004207,
  "closure_uncertainty_scale": 1.3,
  "recommended_systematic_pct": 30.000000000000004
}