{
  "syst": "cjet",
  "observed": 389.2312654182315,
  "expected": 311.87409701151773,
  "difference": 0.24803973509815694,
  "max_bin_difference": 0.48551059739341695,
  "max_bin_difference_bin": 40,
  "max_bin_difference_filtered": 0.48551059739341695,
  "max_bin_difference_filtered_bin": 40,
  "snr_threshold": 3.0,
  "mass_range_min": 10.0,
  "mass_range_max": 160.0,
  "percentile_68_difference": 0.2740742046549872,
  "percentile_95_difference": 0.36733722285268394,
  "rms_bin_difference": 0.24830388464132638,
  "chi2": 40.625684886405644,
  "ndf": 48,
  "chi2_per_ndf": 0.846368435133451,
  "p_value": 0.7660909078958431,
  "closure_uncertainty_scale": 0.65,
  "recommended_systematic_pct": 35.0
}