{
  "Central": {
    "ptcorr_10to15_EB1": 45.111925430595875,
    "ptcorr_10to15_EB2": 21.274047112092376,
    "ptcorr_10to15_EE": 20.670305668376386,
    "ptcorr_15to20_EB1": 54.92475002910942,
    "ptcorr_15to20_EB2": 28.606235611252487,
    "ptcorr_15to20_EE": 31.22229537833482,
    "ptcorr_20to25_EB1": 57.92488281149417,
    "ptcorr_20to25_EB2": 35.707311685197055,
    "ptcorr_20to25_EE": 36.16538805980235,
    "ptcorr_25to35_EB1": 132.51223265007138,
    "ptcorr_25to35_EB2": 71.92477000784129,
    "ptcorr_25to35_EE": 63.89657953288406,
    "ptcorr_35to50_EB1": 204.66919736936688,
    "ptcorr_35to50_EB2": 121.90415742434561,
    "ptcorr_35to50_EE": 77.86270191706717,
    "ptcorr_50to100_EB1": 409.25859614415094,
    "ptcorr_50to100_EB2": 237.85030107665807,
    "ptcorr_50to100_EE": 129.02963489107788
  },
  "MotherJetPt_Up": {
    "ptcorr_10to15_EB1": 31.677518907003105,
    "ptcorr_10to15_EB2": 13.999792577698827,
    "ptcorr_10to15_EE": 15.842620613053441,
    "ptcorr_15to20_EB1": 38.43435667082667,
    "ptcorr_15to20_EB2": 19.407142261974514,
    "ptcorr_15to20_EE": 21.33444955199957,
    "ptcorr_20to25_EB1": 40.01863912586123,
    "ptcorr_20to25_EB2": 26.421410338021815,
    "ptcorr_20to25_EE": 24.519248050637543,
    "ptcorr_25to35_EB1": 92.29051860235631,
    "ptcorr_25to35_EB2": 50.49303793441504,
    "ptcorr_25to35_EE": 46.118405006825924,
    "ptcorr_35to50_EB1": 147.8232284449041,
    "ptcorr_35to50_EB2": 88.17436882853508,
    "ptcorr_35to50_EE": 52.98868882190436,
    "ptcorr_50to100_EB1": 321.13100455794483,
    "ptcorr_50to100_EB2": 184.42192035447806,
    "ptcorr_50to100_EE": 95.55372477322817
  },
  "MotherJetPt_Down": {
    "ptcorr_10to15_EB1": 50.12075406499207,
    "ptcorr_10to15_EB2": 24.42679015919566,
    "ptcorr_10to15_EE": 23.47130163665861,
    "ptcorr_15to20_EB1": 63.0184182934463,
    "ptcorr_15to20_EB2": 32.20889122411609,
    "ptcorr_15to20_EE": 34.59568784665316,
    "ptcorr_20to25_EB1": 65.62650390528142,
    "ptcorr_20to25_EB2": 38.70829186029732,
    "ptcorr_20to25_EE": 38.94790698494762,
    "ptcorr_25to35_EB1": 146.24551879428327,
    "ptcorr_25to35_EB2": 78.5823734253645,
    "ptcorr_25to35_EE": 71.48717557173222,
    "ptcorr_35to50_EB1": 221.88244455959648,
    "ptcorr_35to50_EB2": 133.79903165716678,
    "ptcorr_35to50_EE": 84.47842667531222,
    "ptcorr_50to100_EB1": 432.3304775436409,
    "ptcorr_50to100_EB2": 253.41301174182445,
    "ptcorr_50to100_EE": 140.27465991768986
  },
  "RequireHeavyTag": {
    "ptcorr_10to15_EB1": 25.058448522351682,
    "ptcorr_10to15_EB2": 11.30574821215123,
    "ptcorr_10to15_EE": 13.259923775680363,
    "ptcorr_15to20_EB1": 30.11446469835937,
    "ptcorr_15to20_EB2": 16.116608473472297,
    "ptcorr_15to20_EE": 17.379311190918088,
    "ptcorr_20to25_EB1": 32.69771403167397,
    "ptcorr_20to25_EB2": 21.1450809603557,
    "ptcorr_20to25_EE": 18.318029448390007,
    "ptcorr_25to35_EB1": 73.72003305517137,
    "ptcorr_25to35_EB2": 42.29766986891627,
    "ptcorr_25to35_EE": 32.391667710617185,
    "ptcorr_35to50_EB1": 115.37180205248296,
    "ptcorr_35to50_EB2": 68.41447140742093,
    "ptcorr_35to50_EE": 40.037238855846226,
    "ptcorr_50to100_EB1": 226.3704675012268,
    "ptcorr_50to100_EB2": 126.05854221154004,
    "ptcorr_50to100_EE": 64.46751623041928
  },
  "L1Prefire_Up": {
    "ptcorr_10to15_EB1": 44.93879604246467,
    "ptcorr_10to15_EB2": 21.193176469765604,
    "ptcorr_10to15_EE": 20.612016348168254,
    "ptcorr_15to20_EB1": 54.697688278742135,
    "ptcorr_15to20_EB2": 28.53352585155517,
    "ptcorr_15to20_EE": 31.116143560037017,
    "ptcorr_20to25_EB1": 57.766270701773465,
    "ptcorr_20to25_EB2": 35.560720979236066,
    "ptcorr_20to25_EE": 35.87907618377358,
    "ptcorr_25to35_EB1": 132.14717517979443,
    "ptcorr_25to35_EB2": 71.6865567304194,
    "ptcorr_25to35_EE": 63.263410835526884,
    "ptcorr_35to50_EB1": 204.1113873096183,
    "ptcorr_35to50_EB2": 121.5556785846129,
    "ptcorr_35to50_EE": 76.87883230298758,
    "ptcorr_50to100_EB1": 408.155576497782,
    "ptcorr_50to100_EB2": 237.09739687945694,
    "ptcorr_50to100_EE": 127.15879809716716
  },
  "L1Prefire_Down": {
    "ptcorr_10to15_EB1": 45.276595895178616,
    "ptcorr_10to15_EB2": 21.352679129689932,
    "ptcorr_10to15_EE": 20.72606215905398,
    "ptcorr_15to20_EB1": 55.14228355977684,
    "ptcorr_15to20_EB2": 28.676217892207205,
    "ptcorr_15to20_EE": 31.323855145834386,
    "ptcorr_20to25_EB1": 58.07799807470292,
    "ptcorr_20to25_EB2": 35.84960645157844,
    "ptcorr_20to25_EE": 36.43103688303381,
    "ptcorr_25to35_EB1": 132.8572442336008,
    "ptcorr_25to35_EB2": 72.15708936285228,
    "ptcorr_25to35_EE": 64.51170961745083,
    "ptcorr_35to50_EB1": 205.19559439551085,
    "ptcorr_35to50_EB2": 122.23596484120935,
    "ptcorr_35to50_EE": 78.844063651748,
    "ptcorr_50to100_EB1": 410.3087096833624,
    "ptcorr_50to100_EB2": 238.57021273300052,
    "ptcorr_50to100_EE": 130.8914768975228
  },
  "PileupReweight_Up": {
    "ptcorr_10to15_EB1": 44.88505371240899,
    "ptcorr_10to15_EB2": 20.827481204178184,
    "ptcorr_10to15_EE": 19.66385190654546,
    "ptcorr_15to20_EB1": 53.96111678984016,
    "ptcorr_15to20_EB2": 28.298531762789935,
    "ptcorr_15to20_EE": 30.55283895973116,
    "ptcorr_20to25_EB1": 57.46600146917626,
    "ptcorr_20to25_EB2": 36.014938512817025,
    "ptcorr_20to25_EE": 37.20260440465063,
    "ptcorr_25to35_EB1": 130.88582140300423,
    "ptcorr_25to35_EB2": 71.41227772599086,
    "ptcorr_25to35_EE": 63.55300846276805,
    "ptcorr_35to50_EB1": 202.89322874089703,
    "ptcorr_35to50_EB2": 121.25855632079765,
    "ptcorr_35to50_EE": 76.41026204032823,
    "ptcorr_50to100_EB1": 404.4104242264293,
    "ptcorr_50to100_EB2": 234.30742958467454,
    "ptcorr_50to100_EE": 127.04460140829906
  },
  "PileupReweight_Down": {
    "ptcorr_10to15_EB1": 45.32510379422456,
    "ptcorr_10to15_EB2": 21.75373327266425,
    "ptcorr_10to15_EE": 21.58880009315908,
    "ptcorr_15to20_EB1": 55.99769574217498,
    "ptcorr_15to20_EB2": 28.948380135931075,
    "ptcorr_15to20_EE": 31.761251021176577,
    "ptcorr_20to25_EB1": 58.30051826965064,
    "ptcorr_20to25_EB2": 35.68875035550445,
    "ptcorr_20to25_EE": 35.31435467861593,
    "ptcorr_25to35_EB1": 133.74932813178748,
    "ptcorr_25to35_EB2": 72.6311934152618,
    "ptcorr_25to35_EE": 64.49552016891539,
    "ptcorr_35to50_EB1": 206.40556448884308,
    "ptcorr_35to50_EB2": 122.6216251226142,
    "ptcorr_35to50_EE": 79.13257436826825,
    "ptcorr_50to100_EB1": 413.6865801215172,
    "ptcorr_50to100_EB2": 241.25721140950918,
    "ptcorr_50to100_EE": 131.2601118227467
  },
  "PileupJetIDSF_Up": {
    "ptcorr_10to15_EB1": 45.15783368702978,
    "ptcorr_10to15_EB2": 21.29675570037216,
    "ptcorr_10to15_EE": 20.68654414732009,
    "ptcorr_15to20_EB1": 54.97203396167606,
    "ptcorr_15to20_EB2": 28.630901402793825,
    "ptcorr_15to20_EE": 31.250886517576873,
    "ptcorr_20to25_EB1": 57.976604860275984,
    "ptcorr_20to25_EB2": 35.73451254796237,
    "ptcorr_20to25_EE": 36.19949482847005,
    "ptcorr_25to35_EB1": 132.62028265930712,
    "ptcorr_25to35_EB2": 71.99312597047538,
    "ptcorr_25to35_EE": 63.94664733763784,
    "ptcorr_35to50_EB1": 204.84885359648615,
    "ptcorr_35to50_EB2": 122.00598635151982,
    "ptcorr_35to50_EE": 77.93054314516485,
    "ptcorr_50to100_EB1": 409.5698413029313,
    "ptcorr_50to100_EB2": 238.0572080584243,
    "ptcorr_50to100_EE": 129.1440803045407
  },
  "PileupJetIDSF_Down": {
    "ptcorr_10to15_EB1": 45.06614952906966,
    "ptcorr_10to15_EB2": 21.251341035589576,
    "ptcorr_10to15_EE": 20.654080698266625,
    "ptcorr_15to20_EB1": 54.87750494480133,
    "ptcorr_15to20_EB2": 28.58159699756652,
    "ptcorr_15to20_EE": 31.19379597902298,
    "ptcorr_20to25_EB1": 57.873184562660754,
    "ptcorr_20to25_EB2": 35.68011704273522,
    "ptcorr_20to25_EE": 36.131300766952336,
    "ptcorr_25to35_EB1": 132.40424929000437,
    "ptcorr_25to35_EB2": 71.85644147265702,
    "ptcorr_25to35_EE": 63.8465305455029,
    "ptcorr_35to50_EB1": 204.4896648451686,