{
  "hyperparameters": {
    "signal": "MHc160_MA98",
    "channel": "Combined",
    "iteration": 2,
    "model_idx": 9,
    "num_hidden": 192,
    "optimizer": "Adam",
    "initial_lr": 0.0022,
    "weight_decay": 5e-05,
    "scheduler": "ReduceLROnPlateau",
    "pilot_mode": false,
    "num_classes": 4,
    "model_type": "ParticleNet",
    "num_node_features": 9,
    "num_graph_features": 4,
    "dropout_p": 0.4,
    "batch_size": 256,
    "train_folds": [
      0,
      1,
      2
    ],
    "valid_folds": [
      3
    ],
    "loss_type": "disco",
    "disco_lambda": 0.05
  },
  "training_summary": {
    "best_epoch": 12,
    "best_train_loss": 0.6860050282579787,
    "best_valid_loss": 0.6666992080043739,
    "best_train_acc": 0.5556679666042328,
    "best_valid_acc": 0.5732171460986137,
    "total_epochs": 20
  },
  "epoch_history": {
    "train_loss": [
      0.7808540321048633,
      0.7173614409194529,
      0.7055157971599544,
      0.6984652533719605,
      0.69489004024981,
      0.6932758922634878,
      0.6905387716090425,
      0.6897820098784194,
      0.6879872423537234,
      0.6870720489409194,
      0.6860364177669073,
      0.6866107047872341,
      0.6860050282579787,
      0.685570546993731,
      0.6867373017192249,
      0.6868977369870821,
      0.6856060920877659,
      0.686629924368351,
      0.6851301291793314,
      0.6857147309555471
    ],
    "valid_loss": [
      0.7295098640549351,
      0.6980059986383143,
      0.6883279504910321,
      0.6831724140006052,
      0.6850452691736356,
      0.6741813337299186,
      0.6748772742043079,
      0.6733356529558209,
      0.6719915363150584,
      0.6728119648678202,
      0.6690918828400088,
      0.6720140484017385,
      0.6666992080043739,
      0.6715577353893871,
      0.6696853637695312,
      0.6777695669254786,
      0.6754602781483825,
      0.6770856078241912,
      0.6710563444755446,
      0.6668131653691681
    ],
    "train_acc": [
      0.48022305220365524,
      0.5301007553935051,
      0.5391387939453125,
      0.5458010658621788,
      0.5480651780962944,
      0.5494924858212471,
      0.5519477352499962,
      0.5533066242933273,
      0.5553106665611267,
      0.5544821470975876,
      0.5548045486211777,
      0.5564927980303764,
      0.5556679666042328,
      0.5570933893322945,
      0.5551048144698143,
      0.554849773645401,
      0.5553445667028427,
      0.5560282468795776,
      0.5581611171364784,
      0.5563354343175888
    ],
    "valid_acc": [
      0.5269894823431969,
      0.5421981438994408,
      0.5520173385739326,
      0.5557977929711342,
      0.5572557970881462,
      0.5628253296017647,
      0.5632098168134689,
      0.5639901086688042,
      0.5711179971694946,
      0.5636277496814728,
      0.5696513950824738,
      0.5651105865836143,
      0.5732171460986137,
      0.5650415048003197,
      0.5679238736629486,
      0.5615139603614807,
      0.5679154321551323,
      0.5610197335481644,
      0.5651590377092361,
      0.5747360810637474
    ],
    "epoch": [
      0,
      1,
      2,
      3,
      4,
      5,
      6,
      7,
      8,
      9,
      10,
      11,
      12,
      13,
      14,
      15,
      16,
      17,
      18,
      19
    ],
    "timestamp": [
      1767325717.5335865,
      1767326091.4219074,
      1767326465.8821356,
      1767326840.5279343,
      1767327214.9833446,
      1767327589.328958,
      1767327964.1368358,
      1767328338.0998185,
      1767328710.7665591,
      1767329061.740978,
      1767329412.12723,
      1767329762.4167106,
      1767330113.1355915,
      1767330457.221045,
      1767330761.8249674,
      1767331021.5741527,
      1767331272.6736681,
      1767331523.4202433,
      1767331774.8923311,
      1767332027.3603148
    ],
    "train_ce_loss": [
      0.7503689293622245,
      0.6881462006221064,
      0.6765945914487346,
      0.6696791356820103,
      0.6657602821983465,
      0.6644431505703274,
      0.6615978874334086,
      0.6607916583406165,
      0.6589816513032536,
      0.6582036027792377,
      0.6568745215975405,
      0.6574483059459907,
      0.6569527179818023,
      0.6568656022968988,
      0.6577114459772603,
      0.6578577244354237,
      0.6568987323158055,
      0.6575314152748026,
      0.6562314657454795,
      0.6565822806764157
    ],
    "valid_ce_loss": [
      0.7021029224278221,
      0.6700400566865861,
      0.6598264793275108,
      0.654652448030005,
      0.6575428875504246,
      0.6461383707191742,
      0.6466267398020751,
      0.6445679181898144,
      0.64423586868904,
      0.6441119278085904,
      0.6408618213740033,
      0.6434908906968546,
      0.638048424267433,
      0.6431373319470547,
      0.6415208560795012,
      0.6489609256911446,
      0.6473460046863052,
      0.6489957134488603,
      0.6431155646036208,
      0.6379202827811241
    ],
    "train_disco_term": [
      0.6097028119766966,
      0.5843059027629782,
      0.5784249481096818,
      0.5757225687924127,
      0.5825953575253124,
      0.5766539021465916,
      0.5788170295826932,
      0.57980860486219,
      0.5801122146899215,
      0.577368843211229,
      0.5832388185259056,
      0.583248485420975,
      0.5810455512855554,
      0.574099813062007,
      0.5805162475464192,
      0.5808016856752993,
      0.5741479403523326,
      0.5819703974984699,
      0.5779724431617644,
      0.5826488174566019
    ],
    "valid_disco_term": [
      0.548139431999183,
      0.5593186445849042,
      0.5700294863904866,
      0.5703994147479534,
      0.550048536555448,
      0.5608592973103825,
      0.5650106923471034,
      0.5753553975635851,
      0.5551128364364866,
      0.574000643277672,
      0.5646010130433969,
      0.5704638376622133,
      0.5730153461787063,
      0.5684079692607195,
      0.563289746537175,
      0.5761733418724067,
      0.5622849241948463,
      0.5617980003671746,
      0.5588154108066794,
      0.5778573534753121
    ]
  }
}