2025-09-24 16:03:45,557 - INFO - [2023] MISSING_CENTRAL: SR3Mu/Central/jets/4/pz in Skim_TriLep_Muon0_C_v2.root
2025-09-24 16:03:45,558 - INFO - [2023] MISSING_CENTRAL: SR3Mu/Central/jets/4/pz in Skim_TriLep_Muon0_C_v3.root
2025-09-24 16:03:45,562 - INFO - [2023] MISSING_CENTRAL: SR3Mu/Central/jets/4/pz in Skim_TriLep_Muon0_C_v4.root
2025-09-24 16:03:45,562 - INFO - [2023] MISSING_CENTRAL: SR3Mu/Central/jets/4/pz in Skim_TriLep_Muon1_C_v2.root
2025-09-24 16:03:45,563 - INFO - [2023] MISSING_CENTRAL: SR3Mu/Central/jets/4/pz in Skim_TriLep_Muon1_C_v3.root
2025-09-24 16:03:45,563 - INFO - [2023] MISSING_CENTRAL: SR3Mu/Central/jets/4/pz in Skim_TriLep_Muon1_C_v4.root
2025-09-24 16:03:45,579 - INFO - [2023] MISSING_CENTRAL: SR3Mu/Central/jets/4/pz in Skim_TriLep_Muon0_C_v1.root
2025-09-24 16:03:45,579 - INFO - [2023] MISSING_CENTRAL: SR3Mu/Central/jets/4/pz in Skim_TriLep_Muon0_C_v2.root
2025-09-24 16:03:45,625 - INFO - [2023] MISSING_CENTRAL: SR3Mu/Central/jets/4/pz in Skim_TriLep_Muon1_C_v2.root
2025-09-24 16:03:45,625 - INFO - [2023] MISSING_CENTRAL: SR3Mu/Central/jets/4/pz in Skim_TriLep_Muon1_C_v3.root
2025-09-24 16:03:45,628 - INFO - [2023] MISSING_CENTRAL: SR3Mu/Central/jets/4/pz in Skim_TriLep_DYJets.root
2025-09-24 16:03:45,628 - INFO - [2023] MISSING_CENTRAL: SR3Mu/Central/jets/4/pz in Skim_TriLep_DYJets10to50.root
2025-09-24 16:03:45,629 - INFO - [2023] MISSING_CENTRAL: SR3Mu/Central/jets/4/pz in Skim_TriLep_DYGTo2LG_MLL4to50_PTG10to100.root
2025-09-24 16:03:45,629 - INFO - [2023] MISSING_CENTRAL: SR3Mu/Central/jets/4/pz in Skim_TriLep_DYGTo2LG_MLL4to50_PTG100to200.root
2025-09-24 16:03:45,629 - INFO - [2023] MISSING_CENTRAL: SR3Mu/Central/jets/4/pz in Skim_TriLep_DYGTo2LG_MLL4to50_PTG200toInf.root
2025-09-24 16:03:45,629 - INFO - [2023] MISSING_CENTRAL: SR3Mu/Central/jets/4/pz in Skim_TriLep_DYGTo2LG_MLL50_PTG10to100.root
2025-09-24 16:03:45,630 - INFO - [2023] MISSING_CENTRAL: SR3Mu/Central/jets/4/pz in Skim_TriLep_DYGTo2LG_MLL50_PTG100to200.root
2025-09-24 16:03:45,630 - INFO - [2023] MISSING_CENTRAL: SR3Mu/Central/jets/4/pz in Skim_TriLep_DYGTo2LG_MLL50_PTG200to400.root
2025-09-24 16:03:45,630 - INFO - [2023] MISSING_CENTRAL: SR3Mu/Central/jets/4/pz in Skim_TriLep_DYGTo2LG_MLL50_PTG400to600.root
2025-09-24 16:03:45,631 - INFO - [2023] MISSING_CENTRAL: SR3Mu/Central/jets/4/pz in Skim_TriLep_DYGTo2LG_MLL50_PTG600toInf.root
2025-09-24 16:03:45,631 - INFO - [2023] MISSING_CENTRAL: SR3Mu/Central/jets/4/pz in Skim_TriLep_TTG_PTG10to100.root
2025-09-24 16:03:45,631 - INFO - [2023] MISSING_CENTRAL: SR3Mu/Central/jets/4/pz in Skim_TriLep_TTG_PTG100to200.root
2025-09-24 16:03:45,631 - INFO - [2023] MISSING_CENTRAL: SR3Mu/Central/jets/4/pz in Skim_TriLep_TTG_PTG200toInf.root
2025-09-24 16:03:46,113 - INFO - [2023] MISSING_CENTRAL: SR3Mu/Central/jets/4/pz in Skim_TriLep_WWW.root
2025-09-24 16:03:46,228 - INFO - [2023] MISSING_CENTRAL: SR3Mu/Central/jets/4/pz in Skim_TriLep_VBFHToZZTo4L.root
2025-09-24 16:03:46,228 - INFO - [2023] MISSING_CENTRAL: SR3Mu/Central/jets/4/pz in Skim_TriLep_ggHToZZTo4L.root
2025-10-02 21:21:34,722 - INFO - [2023] MISSING_CENTRAL: SR3Mu/Central/jets/4/pz in Skim_TriLep_Muon0_C_v2.root
2025-10-02 21:21:34,731 - INFO - [2023] MISSING_CENTRAL: SR3Mu/Central/jets/4/pz in Skim_TriLep_Muon0_C_v3.root
2025-10-02 21:21:34,732 - INFO - [2023] MISSING_CENTRAL: SR3Mu/Central/jets/4/pz in Skim_TriLep_Muon0_C_v4.root
2025-10-02 21:21:34,735 - INFO - [2023] MISSING_CENTRAL: SR3Mu/Central/jets/4/pz in Skim_TriLep_Muon1_C_v2.root
2025-10-02 21:21:34,737 - INFO - [2023] MISSING_CENTRAL: SR3Mu/Central/jets/4/pz in Skim_TriLep_Muon1_C_v3.root
2025-10-02 21:21:34,748 - INFO - [2023] MISSING_CENTRAL: SR3Mu/Central/jets/4/pz in Skim_TriLep_Muon1_C_v4.root
2025-10-02 21:21:34,841 - INFO - [2023] MISSING_CENTRAL: SR3Mu/Central/jets/4/pz in Skim_TriLep_Muon0_C_v1.root
2025-10-02 21:21:34,851 - INFO - [2023] MISSING_CENTRAL: SR3Mu/Central/jets/4/pz in Skim_TriLep_Muon0_C_v2.root
2025-10-02 21:21:34,947 - INFO - [2023] MISSING_CENTRAL: SR3Mu/Central/jets/4/pz in Skim_TriLep_Muon1_C_v2.root
2025-10-02 21:21:34,952 - INFO - [2023] MISSING_CENTRAL: SR3Mu/Central/jets/4/pz in Skim_TriLep_Muon1_C_v3.root
2025-10-02 21:21:34,965 - INFO - [2023] MISSING_CENTRAL: SR3Mu/Central/jets/4/pz in Skim_TriLep_DYJets.root
2025-10-02 21:21:34,969 - INFO - [2023] MISSING_CENTRAL: SR3Mu/Central/jets/4/pz in Skim_TriLep_DYJets10to50.root
2025-10-02 21:21:34,970 - INFO - [2023] MISSING_CENTRAL: SR3Mu/Central/jets/4/pz in Skim_TriLep_DYGTo2LG_MLL4to50_PTG10to100.root
2025-10-02 21:21:34,972 - INFO - [2023] MISSING_CENTRAL: SR3Mu/Central/jets/4/pz in Skim_TriLep_DYGTo2LG_MLL4to50_PTG100to200.root
2025-10-02 21:21:34,973 - INFO - [2023] MISSING_CENTRAL: SR3Mu/Central/jets/4/pz in Skim_TriLep_DYGTo2LG_MLL4to50_PTG200toInf.root
2025-10-02 21:21:34,977 - INFO - [2023] MISSING_CENTRAL: SR3Mu/Central/jets/4/pz in Skim_TriLep_DYGTo2LG_MLL50_PTG10to100.root
2025-10-02 21:21:34,979 - INFO - [2023] MISSING_CENTRAL: SR3Mu/Central/jets/4/pz in Skim_TriLep_DYGTo2LG_MLL50_PTG100to200.root
2025-10-02 21:21:34,982 - INFO - [2023] MISSING_CENTRAL: SR3Mu/Central/jets/4/pz in Skim_TriLep_DYGTo2LG_MLL50_PTG200to400.root
2025-10-02 21:21:34,984 - INFO - [2023] MISSING_CENTRAL: SR3Mu/Central/jets/4/pz in Skim_TriLep_DYGTo2LG_MLL50_PTG400to600.root
2025-10-02 21:21:34,986 - INFO - [2023] MISSING_CENTRAL: SR3Mu/Central/jets/4/pz in Skim_TriLep_DYGTo2LG_MLL50_PTG600toInf.root
2025-10-02 21:21:34,990 - INFO - [2023] MISSING_CENTRAL: SR3Mu/Central/jets/4/pz in Skim_TriLep_TTG_PTG10to100.root
2025-10-02 21:21:35,003 - INFO - [2023] MISSING_CENTRAL: SR3Mu/Central/jets/4/pz in Skim_TriLep_TTG_PTG100to200.root
2025-10-02 21:21:35,006 - INFO - [2023] MISSING_CENTRAL: SR3Mu/Central/jets/4/pz in Skim_TriLep_TTG_PTG200toInf.root
2025-10-02 21:21:35,398 - INFO - [2023] MISSING_CENTRAL: SR3Mu/Central/jets/4/pz in Skim_TriLep_WWW.root
2025-10-02 21:21:35,621 - INFO - [2023] MISSING_CENTRAL: SR3Mu/Central/jets/4/pz in Skim_TriLep_VBFHToZZTo4L.root
2025-10-02 21:21:35,622 - INFO - [2023] MISSING_CENTRAL: SR3Mu/Central/jets/4/pz in Skim_TriLep_ggHToZZTo4L.root
2025-10-03 00:33:46,482 - INFO - [2023] MISSING_CENTRAL: SR3Mu/Central/jets/4/pz in Skim_TriLep_Muon0_C_v2.root
2025-10-03 00:33:46,483 - INFO - [2023] MISSING_CENTRAL: SR3Mu/Central/jets/4/pz in Skim_TriLep_Muon0_C_v3.root
2025-10-03 00:33:46,484 - INFO - [2023] MISSING_CENTRAL: SR3Mu/Central/jets/4/pz in Skim_TriLep_Muon0_C_v4.root
2025-10-03 00:33:46,485 - INFO - [2023] MISSING_CENTRAL: SR3Mu/Central/jets/4/pz in Skim_TriLep_Muon1_C_v2.root
2025-10-03 00:33:46,485 - INFO - [2023] MISSING_CENTRAL: SR3Mu/Central/jets/4/pz in Skim_TriLep_Muon1_C_v3.root
2025-10-03 00:33:46,486 - INFO - [2023] MISSING_CENTRAL: SR3Mu/Central/jets/4/pz in Skim_TriLep_Muon1_C_v4.root
2025-10-03 00:33:46,525 - INFO - [2023] MISSING_CENTRAL: SR3Mu/Central/jets/4/pz in Skim_TriLep_Muon0_C_v1.root
2025-10-03 00:33:46,526 - INFO - [2023] MISSING_CENTRAL: SR3Mu/Central/jets/4/pz in Skim_TriLep_Muon0_C_v2.root
2025-10-03 00:33:46,547 - INFO - [2023] MISSING_CENTRAL: SR3Mu/Central/jets/4/pz in Skim_TriLep_Muon1_C_v2.root
2025-10-03 00:33:46,547 - INFO - [2023] MISSING_CENTRAL: SR3Mu/Central/jets/4/pz in Skim_TriLep_Muon1_C_v3.root
2025-10-03 00:33:46,550 - INFO - [2023] MISSING_CENTRAL: SR3Mu/Central/jets/4/pz in Skim_TriLep_DYJets.root
2025-10-03 00:33:46,551 - INFO - [2023] MISSING_CENTRAL: SR3Mu/Central/jets/4/pz in Skim_TriLep_DYJets10to50.root
2025-10-03 00:33:46,551 - INFO - [2023] MISSING_CENTRAL: SR3Mu/Central/jets/4/pz in Skim_TriLep_DYGTo2LG_MLL4to50_PTG10to100.root
2025-10-03 00:33:46,552 - INFO - [2023] MISSING_CENTRAL: SR3Mu/Central/jets/4/pz in Skim_TriLep_DYGTo2LG_MLL4to50_PTG100to200.root
2025-10-03 00:33:46,553 - INFO - [2023] MISSING_CENTRAL: SR3Mu/Central/jets/4/pz in Skim_TriLep_DYGTo2LG_MLL4to50_PTG200toInf.root
2025-10-03 00:33:46,554 - INFO - [2023] MISSING_CENTRAL: SR3Mu/Central/jets/4/pz in Skim_TriLep_DYGTo2LG_MLL50_PTG10to100.root
2025-10-03 00:33:46,555 - INFO - [2023] MISSING_CENTRAL: SR3Mu/Central/jets/4/pz in Skim_TriLep_DYGTo2LG_MLL50_PTG100to200.root
2025-10-03 00:33:46,556 - INFO - [2023] MISSING_CENTRAL: SR3Mu/Central/jets/4/pz in Skim_TriLep_DYGTo2LG_MLL50_PTG200to400.root
2025-10-03 00:33:46,556 - INFO - [2023] MISSING_CENTRAL: SR3Mu/Central/jets/4/pz in Skim_TriLep_DYGTo2LG_MLL50_PTG400to600.root
2025-10-03 00:33:46,557 - INFO - [2023] MISSING_CENTRAL: SR3Mu/Central/jets/4/pz in Skim_TriLep_DYGTo2LG_MLL50_PTG600toInf.root
2025-10-03 00:33:46,557 - INFO - [2023] MISSING_CENTRAL: SR3Mu/Central/jets/4/pz in Skim_TriLep_TTG_PTG10to100.root
2025-10-03 00:33:46,558 - INFO - [2023] MISSING_CENTRAL: SR3Mu/Central/jets/4/pz in Skim_TriLep_TTG_PTG100to200.root
2025-10-03 00:33:46,559 - INFO - [2023] MISSING_CENTRAL: SR3Mu/Central/jets/4/pz in Skim_TriLep_TTG_PTG200toInf.root
2025-10-03 00:33:46,848 - INFO - [2023] MISSING_CENTRAL: SR3Mu/Central/jets/4/pz in Skim_TriLep_WWW.root
2025-10-03 00:33:46,985 - INFO - [2023] MISSING_CENTRAL: SR3Mu/Central/jets/4/pz in Skim_TriLep_VBFHToZZTo4L.root
2025-10-03 00:33:46,986 - INFO - [2023] MISSING_CENTRAL: SR3Mu/Central/jets/4/pz in Skim_TriLep_ggHToZZTo4L.root
2025-11-07 13:12:40,749 - INFO - [2023] MISSING_FILE: /home/choij/Sync/workspace/ChargedHiggsAnalysisV3/SKNanoOutput/PromptSelector/Run3Mu/2023/Skim_TriLep_Muon0_C_v1.root
2025-11-07 13:12:40,750 - INFO - [2023] MISSING_FILE: /home/choij/Sync/workspace/ChargedHiggsAnalysisV3/SKNanoOutput/PromptSelector/Run3Mu/2023/Skim_TriLep_Muon0_C_v2.root
2025-11-07 13:12:40,750 - INFO - [2023] MISSING_FILE: /home/choij/Sync/workspace/ChargedHiggsAnalysisV3/SKNanoOutput/PromptSelector/Run3Mu/2023/Skim_TriLep_Muon0_C_v3.root
2025-11-07 13:12:40,750 - INFO - [2023] MISSING_FILE: /home/choij/Sync/workspace/ChargedHiggsAnalysisV3/SKNanoOutput/PromptSelector/Run3Mu/2023/Skim_TriLep_Muon0_C_v4.root
2025-11-07 13:12:40,750 - INFO - [2023] MISSING_FILE: /home/choij/Sync/workspace/ChargedHiggsAnalysisV3/SKNanoOutput/PromptSelector/Run3Mu/2023/Skim_TriLep_Muon1_C_v1.root
2025-11-07 13:12:40,750 - INFO - [2023] MISSING_FILE: /home/choij/Sync/workspace/ChargedHiggsAnalysisV3/SKNanoOutput/PromptSelector/Run3Mu/2023/Skim_TriLep_Muon1_C_v2.root
2025-11-07 13:12:40,750 - INFO - [2023] MISSING_FILE: /home/choij/Sync/workspace/ChargedHiggsAnalysisV3/SKNanoOutput/PromptSelector/Run3Mu/2023/Skim_TriLep_Muon1_C_v3.root
2025-11-07 13:12:40,751 - INFO - [2023] MISSING_FILE: /home/choij/Sync/workspace/ChargedHiggsAnalysisV3/SKNanoOutput/PromptSelector/Run3Mu/2023/Skim_TriLep_Muon1_C_v4.root
2025-11-07 14:10:15,509 - INFO - [2023] MISSING_FILE: /home/choij/Sync/workspace/ChargedHiggsAnalysisV3/SKNanoOutput/PromptSelector/Run3Mu/2023/Skim_TriLep_Muon0_C_v1.root
2025-11-07 14:10:15,509 - INFO - [2023] MISSING_FILE: /home/choij/Sync/workspace/ChargedHiggsAnalysisV3/SKNanoOutput/PromptSelector/Run3Mu/2023/Skim_TriLep_Muon0_C_v2.root
2025-11-07 14:10:15,509 - INFO - [2023] MISSING_FILE: /home/choij/Sync/workspace/ChargedHiggsAnalysisV3/SKNanoOutput/PromptSelector/Run3Mu/2023/Skim_TriLep_Muon0_C_v3.root
2025-11-07 14:10:15,509 - INFO - [2023] MISSING_FILE: /home/choij/Sync/workspace/ChargedHiggsAnalysisV3/SKNanoOutput/PromptSelector/Run3Mu/2023/Skim_TriLep_Muon0_C_v4.root
2025-11-07 14:10:15,509 - INFO - [2023] MISSING_FILE: /home/choij/Sync/workspace/ChargedHiggsAnalysisV3/SKNanoOutput/PromptSelector/Run3Mu/2023/Skim_TriLep_Muon1_C_v1.root
2025-11-07 14:10:15,509 - INFO - [2023] MISSING_FILE: /home/choij/Sync/workspace/ChargedHiggsAnalysisV3/SKNanoOutput/PromptSelector/Run3Mu/2023/Skim_TriLep_Muon1_C_v2.root
2025-11-07 14:10:15,509 - INFO - [2023] MISSING_FILE: /home/choij/Sync/workspace/ChargedHiggsAnalysisV3/SKNanoOutput/PromptSelector/Run3Mu/2023/Skim_TriLep_Muon1_C_v3.root
2025-11-07 14:10:15,509 - INFO - [2023] MISSING_FILE: /home/choij/Sync/workspace/ChargedHiggsAnalysisV3/SKNanoOutput/PromptSelector/Run3Mu/2023/Skim_TriLep_Muon1_C_v4.root
2025-11-10 12:26:17,540 - INFO - [2023] MISSING_CENTRAL: SR3Mu/Central/jets/4/pz in Skim_TriLep_Muon0_C_v2.root
2025-11-10 12:26:17,541 - INFO - [2023] MISSING_CENTRAL: SR3Mu/Central/jets/4/pz in Skim_TriLep_Muon0_C_v3.root
2025-11-10 12:26:17,542 - INFO - [2023] MISSING_CENTRAL: SR3Mu/Central/jets/4/pz in Skim_TriLep_Muon0_C_v4.root
2025-11-10 12:26:17,542 - INFO - [2023] MISSING_CENTRAL: SR3Mu/Central/jets/4/pz in Skim_TriLep_Muon1_C_v2.root
2025-11-10 12:26:17,543 - INFO - [2023] MISSING_CENTRAL: SR3Mu/Central/jets/4/pz in Skim_TriLep_Muon1_C_v3.root
2025-11-10 12:26:17,544 - INFO - [2023] MISSING_CENTRAL: SR3Mu/Central/jets/4/pz in Skim_TriLep_Muon1_C_v4.root
2025-11-10 12:26:17,575 - INFO - [2023] MISSING_CENTRAL: SR3Mu/Central/jets/4/pz in Skim_TriLep_Muon0_C_v1.root
2025-11-10 12:26:17,576 - INFO - [2023] MISSING_CENTRAL: SR3Mu/Central/jets/4/pz in Skim_TriLep_Muon0_C_v2.root
2025-11-10 12:26:17,587 - INFO - [2023] MISSING_CENTRAL: SR3Mu/Central/jets/4/pz in Skim_TriLep_Muon1_C_v2.root
2025-11-10 12:26:17,587 - INFO - [2023] MISSING_CENTRAL: SR3Mu/Central/jets/4/pz in Skim_TriLep_Muon1_C_v3.root
2025-11-10 12:26:17,589 - INFO - [2023] MISSING_CENTRAL: SR3Mu/Central/jets/4/pz in Skim_TriLep_DYJets.root
2025-11-10 12:26:17,589 - INFO - [2023] MISSING_CENTRAL: SR3Mu/Central/jets/4/pz in Skim_TriLep_DYJets10to50.root
2025-11-10 12:26:17,590 - INFO - [2023] MISSING_CENTRAL: SR3Mu/Central/jets/4/pz in Skim_TriLep_DYGTo2LG_MLL4to50_PTG10to100.root
2025-11-10 12:26:17,590 - INFO - [2023] MISSING_CENTRAL: SR3Mu/Central/jets/4/pz in Skim_TriLep_DYGTo2LG_MLL4to50_PTG100to200.root
2025-11-10 12:26:17,591 - INFO - [2023] MISSING_CENTRAL: SR3Mu/Central/jets/4/pz in Skim_TriLep_DYGTo2LG_MLL4to50_PTG200toInf.root
2025-11-10 12:26:17,592 - INFO - [2023] MISSING_CENTRAL: SR3Mu/Central/jets/4/pz in Skim_TriLep_DYGTo2LG_MLL50_PTG10to100.root
2025-11-10 12:26:17,592 - INFO - [2023] MISSING_CENTRAL: SR3Mu/Central/jets/4/pz in Skim_TriLep_DYGTo2LG_MLL50_PTG100to200.root
2025-11-10 12:26:17,593 - INFO - [2023] MISSING_CENTRAL: SR3Mu/Central/jets/4/pz in Skim_TriLep_DYGTo2LG_MLL50_PTG200to400.root
2025-11-10 12:26:17,593 - INFO - [2023] MISSING_CENTRAL: SR3Mu/Central/jets/4/pz in Skim_TriLep_DYGTo2LG_MLL50_PTG400to600.root
2025-11-10 12:26:17,594 - INFO - [2023] MISSING_CENTRAL: SR3Mu/Central/jets/4/pz in Skim_TriLep_DYGTo2LG_MLL50_PTG600toInf.root
2025-11-10 12:26:17,594 - INFO - [2023] MISSING_CENTRAL: SR3Mu/Central/jets/4/pz in Skim_TriLep_TTG_PTG10to100.root
2025-11-10 12:26:17,595 - INFO - [2023] MISSING_CENTRAL: SR3Mu/Central/jets/4/pz in Skim_TriLep_TTG_PTG100to200.root
2025-11-10 12:26:17,595 - INFO - [2023] MISSING_CENTRAL: SR3Mu/Central/jets/4/pz in Skim_TriLep_TTG_PTG200toInf.root
2025-11-10 12:26:17,747 - INFO - [2023] MISSING_CENTRAL: SR3Mu/Central/jets/4/pz in Skim_TriLep_WWW.root
2025-11-10 12:26:17,806 - INFO - [2023] MISSING_CENTRAL: SR3Mu/Central/jets/4/pz in Skim_TriLep_VBFHToZZTo4L.root
2025-11-10 12:26:17,806 - INFO - [2023] MISSING_CENTRAL: SR3Mu/Central/jets/4/pz in Skim_TriLep_ggHToZZTo4L.root
2025-11-13 11:16:34,079 - INFO - [2023] MISSING_CENTRAL: SR3Mu/Central/jets/4/pz in Skim_TriLep_Muon0_C_v2.root
2025-11-13 11:16:34,080 - INFO - [2023] MISSING_CENTRAL: SR3Mu/Central/jets/4/pz in Skim_TriLep_Muon0_C_v3.root
2025-11-13 11:16:34,081 - INFO - [2023] MISSING_CENTRAL: SR3Mu/Central/jets/4/pz in Skim_TriLep_Muon0_C_v4.root
2025-11-13 11:16:34,084 - INFO - [2023] MISSING_CENTRAL: SR3Mu/Central/jets/4/pz in Skim_TriLep_Muon1_C_v2.root
2025-11-13 11:16:34,085 - INFO - [2023] MISSING_CENTRAL: SR3Mu/Central/jets/4/pz in Skim_TriLep_Muon1_C_v3.root
2025-11-13 11:16:34,087 - INFO - [2023] MISSING_CENTRAL: SR3Mu/Central/jets/4/pz in Skim_TriLep_Muon1_C_v4.root
2025-11-13 11:16:34,127 - INFO - [2023] MISSING_CENTRAL: SR3Mu/Central/jets/4/pz in Skim_TriLep_Muon0_C_v1.root
2025-11-13 11:16:34,128 - INFO - [2023] MISSING_CENTRAL: SR3Mu/Central/jets/4/pz in Skim_TriLep_Muon0_C_v2.root
2025-11-13 11:16:34,148 - INFO - [2023] MISSING_CENTRAL: SR3Mu/Central/jets/4/pz in Skim_TriLep_Muon1_C_v2.root
2025-11-13 11:16:34,149 - INFO - [2023] MISSING_CENTRAL: SR3Mu/Central/jets/4/pz in Skim_TriLep_Muon1_C_v3.root
2025-11-13 11:16:34,153 - INFO - [2023] MISSING_CENTRAL: SR3Mu/Central/jets/4/pz in Skim_TriLep_DYJets.root
2025-11-13 11:16:34,154 - INFO - [2023] MISSING_CENTRAL: SR3Mu/Central/jets/4/pz in Skim_TriLep_DYJets10to50.root
2025-11-13 11:16:34,155 - INFO - [2023] MISSING_CENTRAL: SR3Mu/Central/jets/4/pz in Skim_TriLep_DYGTo2LG_MLL4to50_PTG10to100.root
2025-11-13 11:16:34,156 - INFO - [2023] MISSING_CENTRAL: SR3Mu/Central/jets/4/pz in Skim_TriLep_DYGTo2LG_MLL4to50_PTG100to200.root
2025-11-13 11:16:34,158 - INFO - [2023] MISSING_CENTRAL: SR3Mu/Central/jets/4/pz in Skim_TriLep_DYGTo2LG_MLL4to50_PTG200toInf.root
2025-11-13 11:16:34,159 - INFO - [2023] MISSING_CENTRAL: SR3Mu/Central/jets/4/pz in Skim_TriLep_DYGTo2LG_MLL50_PTG10to100.root
2025-11-13 11:16:34,160 - INFO - [2023] MISSING_CENTRAL: SR3Mu/Central/jets/4/pz in Skim_TriLep_DYGTo2LG_MLL50_PTG100to200.root
2025-11-13 11:16:34,162 - INFO - [2023] MISSING_CENTRAL: SR3Mu/Central/jets/4/pz in Skim_TriLep_DYGTo2LG_MLL50_PTG200to400.root
2025-11-13 11:16:34,164 - INFO - [2023] MISSING_CENTRAL: SR3Mu/Central/jets/4/pz in Skim_TriLep_DYGTo2LG_MLL50_PTG400to600.root
2025-11-13 11:16:34,165 - INFO - [2023] MISSING_CENTRAL: SR3Mu/Central/jets/4/pz in Skim_TriLep_DYGTo2LG_MLL50_PTG600toInf.root
2025-11-13 11:16:34,166 - INFO - [2023] MISSING_CENTRAL: SR3Mu/Central/jets/4/pz in Skim_TriLep_TTG_PTG10to100.root
2025-11-13 11:16:34,168 - INFO - [2023] MISSING_CENTRAL: SR3Mu/Central/jets/4/pz in Skim_TriLep_TTG_PTG100to200.root
2025-11-13 11:16:34,173 - INFO - [2023] MISSING_CENTRAL: SR3Mu/Central/jets/4/pz in Skim_TriLep_TTG_PTG200toInf.root
2025-11-13 11:16:34,359 - INFO - [2023] MISSING_CENTRAL: SR3Mu/Central/jets/4/pz in Skim_TriLep_WWW.root
2025-11-13 11:16:34,448 - INFO - [2023] MISSING_CENTRAL: SR3Mu/Central/jets/4/pz in Skim_TriLep_VBFHToZZTo4L.root
2025-11-13 11:16:34,449 - INFO - [2023] MISSING_CENTRAL: SR3Mu/Central/jets/4/pz in Skim_TriLep_ggHToZZTo4L.root
2025-11-13 19:55:45,194 - INFO - [2023] MISSING_CENTRAL: SR3Mu/Central/jets/4/pz in Skim_TriLep_Muon0_C_v2.root
2025-11-13 19:55:45,195 - INFO - [2023] MISSING_CENTRAL: SR3Mu/Central/jets/4/pz in Skim_TriLep_Muon0_C_v3.root
2025-11-13 19:55:45,195 - INFO - [2023] MISSING_CENTRAL: SR3Mu/Central/jets/4/pz in Skim_TriLep_Muon0_C_v4.root
2025-11-13 19:55:45,196 - INFO - [2023] MISSING_CENTRAL: SR3Mu/Central/jets/4/pz in Skim_TriLep_Muon1_C_v2.root
2025-11-13 19:55:45,197 - INFO - [2023] MISSING_CENTRAL: SR3Mu/Central/jets/4/pz in Skim_TriLep_Muon1_C_v3.root
2025-11-13 19:55:45,197 - INFO - [2023] MISSING_CENTRAL: SR3Mu/Central/jets/4/pz in Skim_TriLep_Muon1_C_v4.root
2025-11-13 19:55:45,234 - INFO - [2023] MISSING_CENTRAL: SR3Mu/Central/jets/4/pz in Skim_TriLep_Muon0_C_v1.root
2025-11-13 19:55:45,235 - INFO - [2023] MISSING_CENTRAL: SR3Mu/Central/jets/4/pz in Skim_TriLep_Muon0_C_v2.root
2025-11-13 19:55:45,260 - INFO - [2023] MISSING_CENTRAL: SR3Mu/Central/jets/4/pz in Skim_TriLep_Muon1_C_v2.root
2025-11-13 19:55:45,261 - INFO - [2023] MISSING_CENTRAL: SR3Mu/Central/jets/4/pz in Skim_TriLep_Muon1_C_v3.root
2025-11-13 19:55:45,262 - INFO - [2023] MISSING_CENTRAL: SR3Mu/Central/jets/4/pz in Skim_TriLep_DYJets.root
2025-11-13 19:55:45,263 - INFO - [2023] MISSING_CENTRAL: SR3Mu/Central/jets/4/pz in Skim_TriLep_DYJets10to50.root
2025-11-13 19:55:45,263 - INFO - [2023] MISSING_CENTRAL: SR3Mu/Central/jets/4/pz in Skim_TriLep_DYGTo2LG_MLL4to50_PTG10to100.root
2025-11-13 19:55:45,264 - INFO - [2023] MISSING_CENTRAL: SR3Mu/Central/jets/4/pz in Skim_TriLep_DYGTo2LG_MLL4to50_PTG100to200.root
2025-11-13 19:55:45,264 - INFO - [2023] MISSING_CENTRAL: SR3Mu/Central/jets/4/pz in Skim_TriLep_DYGTo2LG_MLL4to50_PTG200toInf.root
2025-11-13 19:55:45,265 - INFO - [2023] MISSING_CENTRAL: SR3Mu/Central/jets/4/pz in Skim_TriLep_DYGTo2LG_MLL50_PTG10to100.root
2025-11-13 19:55:45,266 - INFO - [2023] MISSING_CENTRAL: SR3Mu/Central/jets/4/pz in Skim_TriLep_DYGTo2LG_MLL50_PTG100to200.root
2025-11-13 19:55:45,266 - INFO - [2023] MISSING_CENTRAL: SR3Mu/Central/jets/4/pz in Skim_TriLep_DYGTo2LG_MLL50_PTG200to400.root
2025-11-13 19:55:45,267 - INFO - [2023] MISSING_CENTRAL: SR3Mu/Central/jets/4/pz in Skim_TriLep_DYGTo2LG_MLL50_PTG400to600.root
2025-11-13 19:55:45,267 - INFO - [2023] MISSING_CENTRAL: SR3Mu/Central/jets/4/pz in Skim_TriLep_DYGTo2LG_MLL50_PTG600toInf.root
2025-11-13 19:55:45,268 - INFO - [2023] MISSING_CENTRAL: SR3Mu/Central/jets/4/pz in Skim_TriLep_TTG_PTG10to100.root
2025-11-13 19:55:45,268 - INFO - [2023] MISSING_CENTRAL: SR3Mu/Central/jets/4/pz in Skim_TriLep_TTG_PTG100to200.root
2025-11-13 19:55:45,269 - INFO - [2023] MISSING_CENTRAL: SR3Mu/Central/jets/4/pz in Skim_TriLep_TTG_PTG200toInf.root
2025-11-13 19:55:45,443 - INFO - [2023] MISSING_CENTRAL: SR3Mu/Central/jets/4/pz in Skim_TriLep_WWW.root
2025-11-13 19:55:45,500 - INFO - [2023] MISSING_CENTRAL: SR3Mu/Central/jets/4/pz in Skim_TriLep_VBFHToZZTo4L.root
2025-11-13 19:55:45,501 - INFO - [2023] MISSING_CENTRAL: SR3Mu/Central/jets/4/pz in Skim_TriLep_ggHToZZTo4L.root
2025-11-13 20:02:40,103 - INFO - [2023] MISSING_CENTRAL: SR3Mu/Central/jets/4/pz in Skim_TriLep_Muon0_C_v2.root
2025-11-13 20:02:40,104 - INFO - [2023] MISSING_CENTRAL: SR3Mu/Central/jets/4/pz in Skim_TriLep_Muon0_C_v3.root
2025-11-13 20:02:40,104 - INFO - [2023] MISSING_CENTRAL: SR3Mu/Central/jets/4/pz in Skim_TriLep_Muon0_C_v4.root
2025-11-13 20:02:40,105 - INFO - [2023] MISSING_CENTRAL: SR3Mu/Central/jets/4/pz in Skim_TriLep_Muon1_C_v2.root
2025-11-13 20:02:40,106 - INFO - [2023] MISSING_CENTRAL: SR3Mu/Central/jets/4/pz in Skim_TriLep_Muon1_C_v3.root
2025-11-13 20:02:40,106 - INFO - [2023] MISSING_CENTRAL: SR3Mu/Central/jets/4/pz in Skim_TriLep_Muon1_C_v4.root
2025-11-13 20:02:40,136 - INFO - [2023] MISSING_CENTRAL: SR3Mu/Central/jets/4/pz in Skim_TriLep_Muon0_C_v1.root
2025-11-13 20:02:40,137 - INFO - [2023] MISSING_CENTRAL: SR3Mu/Central/jets/4/pz in Skim_TriLep_Muon0_C_v2.root
2025-11-13 20:02:40,149 - INFO - [2023] MISSING_CENTRAL: SR3Mu/Central/jets/4/pz in Skim_TriLep_Muon1_C_v2.root
2025-11-13 20:02:40,150 - INFO - [2023] MISSING_CENTRAL: SR3Mu/Central/jets/4/pz in Skim_TriLep_Muon1_C_v3.root
2025-11-13 20:02:40,151 - INFO - [2023] MISSING_CENTRAL: SR3Mu/Central/jets/4/pz in Skim_TriLep_DYJets.root
2025-11-13 20:02:40,152 - INFO - [2023] MISSING_CENTRAL: SR3Mu/Central/jets/4/pz in Skim_TriLep_DYJets10to50.root
2025-11-13 20:02:40,152 - INFO - [2023] MISSING_CENTRAL: SR3Mu/Central/jets/4/pz in Skim_TriLep_DYGTo2LG_MLL4to50_PTG10to100.root
2025-11-13 20:02:40,153 - INFO - [2023] MISSING_CENTRAL: SR3Mu/Central/jets/4/pz in Skim_TriLep_DYGTo2LG_MLL4to50_PTG100to200.root
2025-11-13 20:02:40,153 - INFO - [2023] MISSING_CENTRAL: SR3Mu/Central/jets/4/pz in Skim_TriLep_DYGTo2LG_MLL4to50_PTG200toInf.root
2025-11-13 20:02:40,154 - INFO - [2023] MISSING_CENTRAL: SR3Mu/Central/jets/4/pz in Skim_TriLep_DYGTo2LG_MLL50_PTG10to100.root
2025-11-13 20:02:40,154 - INFO - [2023] MISSING_CENTRAL: SR3Mu/Central/jets/4/pz in Skim_TriLep_DYGTo2LG_MLL50_PTG100to200.root
2025-11-13 20:02:40,155 - INFO - [2023] MISSING_CENTRAL: SR3Mu/Central/jets/4/pz in Skim_TriLep_DYGTo2LG_MLL50_PTG200to400.root
2025-11-13 20:02:40,156 - INFO - [2023] MISSING_CENTRAL: SR3Mu/Central/jets/4/pz in Skim_TriLep_DYGTo2LG_MLL50_PTG400to600.root
2025-11-13 20:02:40,156 - INFO - [2023] MISSING_CENTRAL: SR3Mu/Central/jets/4/pz in Skim_TriLep_DYGTo2LG_MLL50_PTG600toInf.root
2025-11-13 20:02:40,157 - INFO - [2023] MISSING_CENTRAL: SR3Mu/Central/jets/4/pz in Skim_TriLep_TTG_PTG10to100.root
2025-11-13 20:02:40,157 - INFO - [2023] MISSING_CENTRAL: SR3Mu/Central/jets/4/pz in Skim_TriLep_TTG_PTG100to200.root
2025-11-13 20:02:40,158 - INFO - [2023] MISSING_CENTRAL: SR3Mu/Central/jets/4/pz in Skim_TriLep_TTG_PTG200toInf.root
2025-11-13 20:02:40,286 - INFO - [2023] MISSING_CENTRAL: SR3Mu/Central/jets/4/pz in Skim_TriLep_WWW.root
2025-11-13 20:02:40,366 - INFO - [2023] MISSING_CENTRAL: SR3Mu/Central/jets/4/pz in Skim_TriLep_VBFHToZZTo4L.root
2025-11-13 20:02:40,367 - INFO - [2023] MISSING_CENTRAL: SR3Mu/Central/jets/4/pz in Skim_TriLep_ggHToZZTo4L.root
2025-11-19 16:28:44,595 - INFO - [2023] MISSING_CENTRAL: SR3Mu/Central/jets/4/pz in Skim_TriLep_Muon0_C_v2.root
2025-11-19 16:28:44,595 - INFO - [2023] MISSING_CENTRAL: SR3Mu/Central/jets/4/pz in Skim_TriLep_Muon0_C_v3.root
2025-11-19 16:28:44,600 - INFO - [2023] MISSING_CENTRAL: SR3Mu/Central/jets/4/pz in Skim_TriLep_Muon0_C_v4.root
2025-11-19 16:28:44,602 - INFO - [2023] MISSING_CENTRAL: SR3Mu/Central/jets/4/pz in Skim_TriLep_Muon1_C_v2.root
2025-11-19 16:28:44,604 - INFO - [2023] MISSING_CENTRAL: SR3Mu/Central/jets/4/pz in Skim_TriLep_Muon1_C_v3.root
2025-11-19 16:28:44,606 - INFO - [2023] MISSING_CENTRAL: SR3Mu/Central/jets/4/pz in Skim_TriLep_Muon1_C_v4.root
2025-11-19 16:28:44,668 - INFO - [2023] MISSING_CENTRAL: SR3Mu/Central/jets/4/pz in Skim_TriLep_Muon0_C_v1.root
2025-11-19 16:28:44,669 - INFO - [2023] MISSING_CENTRAL: SR3Mu/Central/jets/4/pz in Skim_TriLep_Muon0_C_v2.root
2025-11-19 16:28:44,681 - INFO - [2023] MISSING_CENTRAL: SR3Mu/Central/jets/4/pz in Skim_TriLep_Muon1_C_v2.root
2025-11-19 16:28:44,682 - INFO - [2023] MISSING_CENTRAL: SR3Mu/Central/jets/4/pz in Skim_TriLep_Muon1_C_v3.root
2025-11-19 16:28:44,683 - INFO - [2023] MISSING_CENTRAL: SR3Mu/Central/jets/4/pz in Skim_TriLep_DYJets.root
2025-11-19 16:28:44,683 - INFO - [2023] MISSING_CENTRAL: SR3Mu/Central/jets/4/pz in Skim_TriLep_DYJets10to50.root
2025-11-19 16:28:44,684 - INFO - [2023] MISSING_CENTRAL: SR3Mu/Central/jets/4/pz in Skim_TriLep_DYGTo2LG_MLL4to50_PTG10to100.root
2025-11-19 16:28:44,684 - INFO - [2023] MISSING_CENTRAL: SR3Mu/Central/jets/4/pz in Skim_TriLep_DYGTo2LG_MLL4to50_PTG100to200.root
2025-11-19 16:28:44,685 - INFO - [2023] MISSING_CENTRAL: SR3Mu/Central/jets/4/pz in Skim_TriLep_DYGTo2LG_MLL4to50_PTG200toInf.root
2025-11-19 16:28:44,685 - INFO - [2023] MISSING_CENTRAL: SR3Mu/Central/jets/4/pz in Skim_TriLep_DYGTo2LG_MLL50_PTG10to100.root
2025-11-19 16:28:44,686 - INFO - [2023] MISSING_CENTRAL: SR3Mu/Central/jets/4/pz in Skim_TriLep_DYGTo2LG_MLL50_PTG100to200.root
2025-11-19 16:28:44,687 - INFO - [2023] MISSING_CENTRAL: SR3Mu/Central/jets/4/pz in Skim_TriLep_DYGTo2LG_MLL50_PTG200to400.root
2025-11-19 16:28:44,687 - INFO - [2023] MISSING_CENTRAL: SR3Mu/Central/jets/4/pz in Skim_TriLep_DYGTo2LG_MLL50_PTG400to600.root
2025-11-19 16:28:44,688 - INFO - [2023] MISSING_CENTRAL: SR3Mu/Central/jets/4/pz in Skim_TriLep_DYGTo2LG_MLL50_PTG600toInf.root
2025-11-19 16:28:44,688 - INFO - [2023] MISSING_CENTRAL: SR3Mu/Central/jets/4/pz in Skim_TriLep_TTG_PTG10to100.root
2025-11-19 16:28:44,689 - INFO - [2023] MISSING_CENTRAL: SR3Mu/Central/jets/4/pz in Skim_TriLep_TTG_PTG100to200.root
2025-11-19 16:28:44,689 - INFO - [2023] MISSING_CENTRAL: SR3Mu/Central/jets/4/pz in Skim_TriLep_TTG_PTG200toInf.root
2025-11-19 16:28:44,837 - INFO - [2023] MISSING_CENTRAL: SR3Mu/Central/jets/4/pz in Skim_TriLep_WWW.root
2025-11-19 16:28:44,889 - INFO - [2023] MISSING_CENTRAL: SR3Mu/Central/jets/4/pz in Skim_TriLep_VBFHToZZTo4L.root
2025-11-19 16:28:44,890 - INFO - [2023] MISSING_CENTRAL: SR3Mu/Central/jets/4/pz in Skim_TriLep_ggHToZZTo4L.root
2025-12-17 22:43:43,952 - INFO - [2023] MISSING_CENTRAL: SR3Mu/Central/jets/4/pz in Skim_TriLep_Muon0_C_v2.root
2025-12-17 22:43:43,953 - INFO - [2023] MISSING_CENTRAL: SR3Mu/Central/jets/4/pz in Skim_TriLep_Muon0_C_v3.root
2025-12-17 22:43:43,954 - INFO - [2023] MISSING_CENTRAL: SR3Mu/Central/jets/4/pz in Skim_TriLep_Muon0_C_v4.root
2025-12-17 22:43:43,955 - INFO - [2023] MISSING_CENTRAL: SR3Mu/Central/jets/4/pz in Skim_TriLep_Muon1_C_v2.root
2025-12-17 22:43:43,956 - INFO - [2023] MISSING_CENTRAL: SR3Mu/Central/jets/4/pz in Skim_TriLep_Muon1_C_v3.root
2025-12-17 22:43:43,957 - INFO - [2023] MISSING_CENTRAL: SR3Mu/Central/jets/4/pz in Skim_TriLep_Muon1_C_v4.root
2025-12-17 22:43:43,998 - INFO - [2023] MISSING_CENTRAL: SR3Mu/Central/jets/4/pz in Skim_TriLep_Muon0_C_v1.root
2025-12-17 22:43:44,014 - INFO - [2023] MISSING_CENTRAL: SR3Mu/Central/jets/4/pz in Skim_TriLep_Muon0_C_v2.root
2025-12-17 22:43:44,034 - INFO - [2023] MISSING_CENTRAL: SR3Mu/Central/jets/4/pz in Skim_TriLep_Muon1_C_v2.root
2025-12-17 22:43:44,035 - INFO - [2023] MISSING_CENTRAL: SR3Mu/Central/jets/4/pz in Skim_TriLep_Muon1_C_v3.root
2025-12-17 22:43:44,037 - INFO - [2023] MISSING_CENTRAL: SR3Mu/Central/jets/4/pz in Skim_TriLep_DYJets.root
2025-12-17 22:43:44,038 - INFO - [2023] MISSING_CENTRAL: SR3Mu/Central/jets/4/pz in Skim_TriLep_DYJets10to50.root
2025-12-17 22:43:44,039 - INFO - [2023] MISSING_CENTRAL: SR3Mu/Central/jets/4/pz in Skim_TriLep_TTG_PTG10to100.root
2025-12-17 22:43:44,041 - INFO - [2023] MISSING_CENTRAL: SR3Mu/Central/jets/4/pz in Skim_TriLep_TTG_PTG100to200.root
2025-12-17 22:43:44,042 - INFO - [2023] MISSING_CENTRAL: SR3Mu/Central/jets/4/pz in Skim_TriLep_TTG_PTG200toInf.root
2025-12-17 22:43:44,249 - INFO - [2023] MISSING_CENTRAL: SR3Mu/Central/jets/4/pz in Skim_TriLep_WWW.root
2025-12-17 22:43:44,350 - INFO - [2023] MISSING_CENTRAL: SR3Mu/Central/jets/4/pz in Skim_TriLep_VBFHToZZTo4L.root
2025-12-17 22:43:44,351 - INFO - [2023] MISSING_CENTRAL: SR3Mu/Central/jets/4/pz in Skim_TriLep_ggHToZZTo4L.root
2025-12-18 14:44:30,179 - INFO - [2023] MISSING_CENTRAL: SR3Mu/Central/jets/4/pz in Skim_TriLep_Muon0_C_v2.root
2025-12-18 14:44:30,185 - INFO - [2023] MISSING_CENTRAL: SR3Mu/Central/jets/4/pz in Skim_TriLep_Muon0_C_v3.root
2025-12-18 14:44:30,195 - INFO - [2023] MISSING_CENTRAL: SR3Mu/Central/jets/4/pz in Skim_TriLep_Muon0_C_v4.root
2025-12-18 14:44:30,197 - INFO - [2023] MISSING_CENTRAL: SR3Mu/Central/jets/4/pz in Skim_TriLep_Muon1_C_v2.root
2025-12-18 14:44:30,203 - INFO - [2023] MISSING_CENTRAL: SR3Mu/Central/jets/4/pz in Skim_TriLep_Muon1_C_v3.root
2025-12-18 14:44:30,204 - INFO - [2023] MISSING_CENTRAL: SR3Mu/Central/jets/4/pz in Skim_TriLep_Muon1_C_v4.root
2025-12-18 14:44:30,259 - INFO - [2023] MISSING_CENTRAL: SR3Mu/Central/jets/4/pz in Skim_TriLep_Muon0_C_v1.root
2025-12-18 14:44:30,262 - INFO - [2023] MISSING_CENTRAL: SR3Mu/Central/jets/4/pz in Skim_TriLep_Muon0_C_v2.root
2025-12-18 14:44:30,285 - INFO - [2023] MISSING_CENTRAL: SR3Mu/Central/jets/4/pz in Skim_TriLep_Muon1_C_v2.root
2025-12-18 14:44:30,286 - INFO - [2023] MISSING_CENTRAL: SR3Mu/Central/jets/4/pz in Skim_TriLep_Muon1_C_v3.root
2025-12-18 14:44:30,289 - INFO - [2023] MISSING_CENTRAL: SR3Mu/Central/jets/4/pz in Skim_TriLep_DYJets.root
2025-12-18 14:44:30,291 - INFO - [2023] MISSING_CENTRAL: SR3Mu/Central/jets/4/pz in Skim_TriLep_DYJets10to50.root
2025-12-18 14:44:30,307 - INFO - [2023] MISSING_CENTRAL: SR3Mu/Central/jets/4/pz in Skim_TriLep_TTG_PTG10to100.root
2025-12-18 14:44:30,308 - INFO - [2023] MISSING_CENTRAL: SR3Mu/Central/jets/4/pz in Skim_TriLep_TTG_PTG100to200.root
2025-12-18 14:44:30,309 - INFO - [2023] MISSING_CENTRAL: SR3Mu/Central/jets/4/pz in Skim_TriLep_TTG_PTG200toInf.root
2025-12-18 14:44:30,752 - INFO - [2023] MISSING_CENTRAL: SR3Mu/Central/jets/4/pz in Skim_TriLep_WWW.root
2025-12-18 14:44:30,928 - INFO - [2023] MISSING_CENTRAL: SR3Mu/Central/jets/4/pz in Skim_TriLep_VBFHToZZTo4L.root
2025-12-18 14:44:30,929 - INFO - [2023] MISSING_CENTRAL: SR3Mu/Central/jets/4/pz in Skim_TriLep_ggHToZZTo4L.root
2026-01-07 11:53:31,240 - INFO - [2023] MISSING_CENTRAL: SR3Mu/Central/jets/4/pz in Skim_TriLep_Muon0_C_v2.root
2026-01-07 11:53:31,241 - INFO - [2023] MISSING_CENTRAL: SR3Mu/Central/jets/4/pz in Skim_TriLep_Muon0_C_v3.root
2026-01-07 11:53:31,261 - INFO - [2023] MISSING_CENTRAL: SR3Mu/Central/jets/4/pz in Skim_TriLep_Muon0_C_v4.root
2026-01-07 11:53:31,264 - INFO - [2023] MISSING_CENTRAL: SR3Mu/Central/jets/4/pz in Skim_TriLep_Muon1_C_v2.root
2026-01-07 11:53:31,265 - INFO - [2023] MISSING_CENTRAL: SR3Mu/Central/jets/4/pz in Skim_TriLep_Muon1_C_v3.root
2026-01-07 11:53:31,266 - INFO - [2023] MISSING_CENTRAL: SR3Mu/Central/jets/4/pz in Skim_TriLep_Muon1_C_v4.root
2026-01-07 11:53:31,309 - INFO - [2023] MISSING_CENTRAL: SR3Mu/Central/jets/4/pz in Skim_TriLep_Muon0_C_v1.root
2026-01-07 11:53:31,310 - INFO - [2023] MISSING_CENTRAL: SR3Mu/Central/jets/4/pz in Skim_TriLep_Muon0_C_v2.root
2026-01-07 11:53:31,331 - INFO - [2023] MISSING_CENTRAL: SR3Mu/Central/jets/4/pz in Skim_TriLep_Muon1_C_v2.root
2026-01-07 11:53:31,332 - INFO - [2023] MISSING_CENTRAL: SR3Mu/Central/jets/4/pz in Skim_TriLep_Muon1_C_v3.root
2026-01-07 11:53:31,335 - INFO - [2023] MISSING_CENTRAL: SR3Mu/Central/jets/4/pz in Skim_TriLep_DYJets.root
2026-01-07 11:53:31,336 - INFO - [2023] MISSING_CENTRAL: SR3Mu/Central/jets/4/pz in Skim_TriLep_DYJets10to50.root
2026-01-07 11:53:31,337 - INFO - [2023] MISSING_CENTRAL: SR3Mu/Central/jets/4/pz in Skim_TriLep_TTG_PTG10to100.root
2026-01-07 11:53:31,339 - INFO - [2023] MISSING_CENTRAL: SR3Mu/Central/jets/4/pz in Skim_TriLep_TTG_PTG100to200.root
2026-01-07 11:53:31,340 - INFO - [2023] MISSING_CENTRAL: SR3Mu/Central/jets/4/pz in Skim_TriLep_TTG_PTG200toInf.root
2026-01-07 11:53:31,543 - INFO - [2023] MISSING_CENTRAL: SR3Mu/Central/jets/4/pz in Skim_TriLep_WWW.root
2026-01-07 11:53:31,641 - INFO - [2023] MISSING_CENTRAL: SR3Mu/Central/jets/4/pz in Skim_TriLep_VBFHToZZTo4L.root
2026-01-07 11:53:31,643 - INFO - [2023] MISSING_CENTRAL: SR3Mu/Central/jets/4/pz in Skim_TriLep_ggHToZZTo4L.root
2026-01-07 18:50:06,354 - INFO - [2023] MISSING_CENTRAL: SR3Mu/Central/jets/4/pz in Skim_TriLep_Muon0_C_v2.root
2026-01-07 18:50:06,355 - INFO - [2023] MISSING_CENTRAL: SR3Mu/Central/jets/4/pz in Skim_TriLep_Muon0_C_v3.root
2026-01-07 18:50:06,356 - INFO - [2023] MISSING_CENTRAL: SR3Mu/Central/jets/4/pz in Skim_TriLep_Muon0_C_v4.root
2026-01-07 18:50:06,360 - INFO - [2023] MISSING_CENTRAL: SR3Mu/Central/jets/4/pz in Skim_TriLep_Muon1_C_v2.root
2026-01-07 18:50:06,362 - INFO - [2023] MISSING_CENTRAL: SR3Mu/Central/jets/4/pz in Skim_TriLep_Muon1_C_v3.root
2026-01-07 18:50:06,371 - INFO - [2023] MISSING_CENTRAL: SR3Mu/Central/jets/4/pz in Skim_TriLep_Muon1_C_v4.root
2026-01-07 18:50:06,418 - INFO - [2023] MISSING_CENTRAL: SR3Mu/Central/jets/4/pz in Skim_TriLep_Muon0_C_v1.root
2026-01-07 18:50:06,419 - INFO - [2023] MISSING_CENTRAL: SR3Mu/Central/jets/4/pz in Skim_TriLep_Muon0_C_v2.root
2026-01-07 18:50:06,500 - INFO - [2023] MISSING_CENTRAL: SR3Mu/Central/jets/4/pz in Skim_TriLep_Muon1_C_v2.root
2026-01-07 18:50:06,501 - INFO - [2023] MISSING_CENTRAL: SR3Mu/Central/jets/4/pz in Skim_TriLep_Muon1_C_v3.root
2026-01-07 18:50:06,508 - INFO - [2023] MISSING_CENTRAL: SR3Mu/Central/jets/4/pz in Skim_TriLep_DYJets.root
2026-01-07 18:50:06,514 - INFO - [2023] MISSING_CENTRAL: SR3Mu/Central/jets/4/pz in Skim_TriLep_DYJets10to50.root
2026-01-07 18:50:06,515 - INFO - [2023] MISSING_CENTRAL: SR3Mu/Central/jets/4/pz in Skim_TriLep_TTG_PTG10to100.root
2026-01-07 18:50:06,516 - INFO - [2023] MISSING_CENTRAL: SR3Mu/Central/jets/4/pz in Skim_TriLep_TTG_PTG100to200.root
2026-01-07 18:50:06,517 - INFO - [2023] MISSING_CENTRAL: SR3Mu/Central/jets/4/pz in Skim_TriLep_TTG_PTG200toInf.root
2026-01-07 18:50:06,717 - INFO - [2023] MISSING_CENTRAL: SR3Mu/Central/jets/4/pz in Skim_TriLep_WWW.root
2026-01-07 18:50:06,816 - INFO - [2023] MISSING_CENTRAL: SR3Mu/Central/jets/4/pz in Skim_TriLep_VBFHToZZTo4L.root
2026-01-07 18:50:06,832 - INFO - [2023] MISSING_CENTRAL: SR3Mu/Central/jets/4/pz in Skim_TriLep_ggHToZZTo4L.root
2026-01-07 19:30:53,545 - INFO - [2023] MISSING_CENTRAL: SR3Mu/Central/jets/4/pz in Skim_TriLep_Muon0_C_v2.root
2026-01-07 19:30:53,546 - INFO - [2023] MISSING_CENTRAL: SR3Mu/Central/jets/4/pz in Skim_TriLep_Muon0_C_v3.root
2026-01-07 19:30:53,547 - INFO - [2023] MISSING_CENTRAL: SR3Mu/Central/jets/4/pz in Skim_TriLep_Muon0_C_v4.root
2026-01-07 19:30:53,549 - INFO - [2023] MISSING_CENTRAL: SR3Mu/Central/jets/4/pz in Skim_TriLep_Muon1_C_v2.root
2026-01-07 19:30:53,550 - INFO - [2023] MISSING_CENTRAL: SR3Mu/Central/jets/4/pz in Skim_TriLep_Muon1_C_v3.root
2026-01-07 19:30:53,550 - INFO - [2023] MISSING_CENTRAL: SR3Mu/Central/jets/4/pz in Skim_TriLep_Muon1_C_v4.root
2026-01-07 19:30:53,595 - INFO - [2023] MISSING_CENTRAL: SR3Mu/Central/jets/4/pz in Skim_TriLep_Muon0_C_v1.root
2026-01-07 19:30:53,596 - INFO - [2023] MISSING_CENTRAL: SR3Mu/Central/jets/4/pz in Skim_TriLep_Muon0_C_v2.root
2026-01-07 19:30:53,617 - INFO - [2023] MISSING_CENTRAL: SR3Mu/Central/jets/4/pz in Skim_TriLep_Muon1_C_v2.root
2026-01-07 19:30:53,618 - INFO - [2023] MISSING_CENTRAL: SR3Mu/Central/jets/4/pz in Skim_TriLep_Muon1_C_v3.root
2026-01-07 19:30:53,620 - INFO - [2023] MISSING_CENTRAL: SR3Mu/Central/jets/4/pz in Skim_TriLep_DYJets.root
2026-01-07 19:30:53,622 - INFO - [2023] MISSING_CENTRAL: SR3Mu/Central/jets/4/pz in Skim_TriLep_DYJets10to50.root
2026-01-07 19:30:53,623 - INFO - [2023] MISSING_CENTRAL: SR3Mu/Central/jets/4/pz in Skim_TriLep_TTG_PTG10to100.root
2026-01-07 19:30:53,624 - INFO - [2023] MISSING_CENTRAL: SR3Mu/Central/jets/4/pz in Skim_TriLep_TTG_PTG100to200.root
2026-01-07 19:30:53,625 - INFO - [2023] MISSING_CENTRAL: SR3Mu/Central/jets/4/pz in Skim_TriLep_TTG_PTG200toInf.root
2026-01-07 19:30:53,825 - INFO - [2023] MISSING_CENTRAL: SR3Mu/Central/jets/4/pz in Skim_TriLep_WWW.root
2026-01-07 19:30:53,923 - INFO - [2023] MISSING_CENTRAL: SR3Mu/Central/jets/4/pz in Skim_TriLep_VBFHToZZTo4L.root
2026-01-07 19:30:53,924 - INFO - [2023] MISSING_CENTRAL: SR3Mu/Central/jets/4/pz in Skim_TriLep_ggHToZZTo4L.root
2026-01-09 12:24:56,437 - INFO - [2023] MISSING_CENTRAL: SR3Mu/Central/jets/4/pz in Skim_TriLep_Muon0_C_v2.root
2026-01-09 12:24:56,437 - INFO - [2023] MISSING_CENTRAL: SR3Mu/Central/jets/4/pz in Skim_TriLep_Muon0_C_v3.root
2026-01-09 12:24:56,438 - INFO - [2023] MISSING_CENTRAL: SR3Mu/Central/jets/4/pz in Skim_TriLep_Muon0_C_v4.root
2026-01-09 12:24:56,439 - INFO - [2023] MISSING_CENTRAL: SR3Mu/Central/jets/4/pz in Skim_TriLep_Muon1_C_v2.root
2026-01-09 12:24:56,439 - INFO - [2023] MISSING_CENTRAL: SR3Mu/Central/jets/4/pz in Skim_TriLep_Muon1_C_v3.root
2026-01-09 12:24:56,440 - INFO - [2023] MISSING_CENTRAL: SR3Mu/Central/jets/4/pz in Skim_TriLep_Muon1_C_v4.root
2026-01-09 12:24:56,483 - INFO - [2023] MISSING_CENTRAL: SR3Mu/Central/jets/4/pz in Skim_TriLep_Muon0_C_v1.root
2026-01-09 12:24:56,484 - INFO - [2023] MISSING_CENTRAL: SR3Mu/Central/jets/4/pz in Skim_TriLep_Muon0_C_v2.root
2026-01-09 12:24:56,506 - INFO - [2023] MISSING_CENTRAL: SR3Mu/Central/jets/4/pz in Skim_TriLep_Muon1_C_v2.root
2026-01-09 12:24:56,510 - INFO - [2023] MISSING_CENTRAL: SR3Mu/Central/jets/4/pz in Skim_TriLep_Muon1_C_v3.root
2026-01-09 12:24:56,512 - INFO - [2023] MISSING_CENTRAL: SR3Mu/Central/jets/4/pz in Skim_TriLep_DYJets.root
2026-01-09 12:24:56,514 - INFO - [2023] MISSING_CENTRAL: SR3Mu/Central/jets/4/pz in Skim_TriLep_DYJets10to50.root
2026-01-09 12:24:56,515 - INFO - [2023] MISSING_CENTRAL: SR3Mu/Central/jets/4/pz in Skim_TriLep_TTG_PTG10to100.root
2026-01-09 12:24:56,516 - INFO - [2023] MISSING_CENTRAL: SR3Mu/Central/jets/4/pz in Skim_TriLep_TTG_PTG100to200.root
2026-01-09 12:24:56,517 - INFO - [2023] MISSING_CENTRAL: SR3Mu/Central/jets/4/pz in Skim_TriLep_TTG_PTG200toInf.root
2026-01-09 12:24:56,643 - INFO - [2023] MISSING_CENTRAL: SR3Mu/Central/jets/4/pz in Skim_TriLep_WWW.root
2026-01-09 12:24:56,702 - INFO - [2023] MISSING_CENTRAL: SR3Mu/Central/jets/4/pz in Skim_TriLep_VBFHToZZTo4L.root
2026-01-09 12:24:56,702 - INFO - [2023] MISSING_CENTRAL: SR3Mu/Central/jets/4/pz in Skim_TriLep_ggHToZZTo4L.root
2026-01-11 09:44:57,588 - INFO - [2023] MISSING_CENTRAL: SR3Mu/Central/jets/4/pz in Skim_TriLep_Muon0_C_v2.root
2026-01-11 09:44:57,588 - INFO - [2023] MISSING_CENTRAL: SR3Mu/Central/jets/4/pz in Skim_TriLep_Muon0_C_v3.root
2026-01-11 09:44:57,589 - INFO - [2023] MISSING_CENTRAL: SR3Mu/Central/jets/4/pz in Skim_TriLep_Muon0_C_v4.root
2026-01-11 09:44:57,590 - INFO - [2023] MISSING_CENTRAL: SR3Mu/Central/jets/4/pz in Skim_TriLep_Muon1_C_v2.root
2026-01-11 09:44:57,590 - INFO - [2023] MISSING_CENTRAL: SR3Mu/Central/jets/4/pz in Skim_TriLep_Muon1_C_v3.root
2026-01-11 09:44:57,591 - INFO - [2023] MISSING_CENTRAL: SR3Mu/Central/jets/4/pz in Skim_TriLep_Muon1_C_v4.root
2026-01-11 09:44:57,623 - INFO - [2023] MISSING_CENTRAL: SR3Mu/Central/jets/4/pz in Skim_TriLep_Muon0_C_v1.root
2026-01-11 09:44:57,623 - INFO - [2023] MISSING_CENTRAL: SR3Mu/Central/jets/4/pz in Skim_TriLep_Muon0_C_v2.root
2026-01-11 09:44:57,635 - INFO - [2023] MISSING_CENTRAL: SR3Mu/Central/jets/4/pz in Skim_TriLep_Muon1_C_v2.root
2026-01-11 09:44:57,636 - INFO - [2023] MISSING_CENTRAL: SR3Mu/Central/jets/4/pz in Skim_TriLep_Muon1_C_v3.root
2026-01-11 09:44:57,637 - INFO - [2023] MISSING_CENTRAL: SR3Mu/Central/jets/4/pz in Skim_TriLep_DYJets.root
2026-01-11 09:44:57,637 - INFO - [2023] MISSING_CENTRAL: SR3Mu/Central/jets/4/pz in Skim_TriLep_DYJets10to50.root
2026-01-11 09:44:57,638 - INFO - [2023] MISSING_CENTRAL: SR3Mu/Central/jets/4/pz in Skim_TriLep_TTG_PTG10to100.root
2026-01-11 09:44:57,638 - INFO - [2023] MISSING_CENTRAL: SR3Mu/Central/jets/4/pz in Skim_TriLep_TTG_PTG100to200.root
2026-01-11 09:44:57,639 - INFO - [2023] MISSING_CENTRAL: SR3Mu/Central/jets/4/pz in Skim_TriLep_TTG_PTG200toInf.root
2026-01-11 09:44:57,761 - INFO - [2023] MISSING_CENTRAL: SR3Mu/Central/jets/4/pz in Skim_TriLep_WWW.root
2026-01-11 09:44:57,819 - INFO - [2023] MISSING_CENTRAL: SR3Mu/Central/jets/4/pz in Skim_TriLep_VBFHToZZTo4L.root
2026-01-11 09:44:57,820 - INFO - [2023] MISSING_CENTRAL: SR3Mu/Central/jets/4/pz in Skim_TriLep_ggHToZZTo4L.root
2026-01-12 13:53:46,297 - INFO - [2023] MISSING_CENTRAL: SR3Mu/Central/jets/4/pz in Skim_TriLep_Muon0_C_v2.root
2026-01-12 13:53:46,298 - INFO - [2023] MISSING_CENTRAL: SR3Mu/Central/jets/4/pz in Skim_TriLep_Muon0_C_v3.root
2026-01-12 13:53:46,299 - INFO - [2023] MISSING_CENTRAL: SR3Mu/Central/jets/4/pz in Skim_TriLep_Muon0_C_v4.root
2026-01-12 13:53:46,300 - INFO - [2023] MISSING_CENTRAL: SR3Mu/Central/jets/4/pz in Skim_TriLep_Muon1_C_v2.root
2026-01-12 13:53:46,300 - INFO - [2023] MISSING_CENTRAL: SR3Mu/Central/jets/4/pz in Skim_TriLep_Muon1_C_v3.root
2026-01-12 13:53:46,301 - INFO - [2023] MISSING_CENTRAL: SR3Mu/Central/jets/4/pz in Skim_TriLep_Muon1_C_v4.root
2026-01-12 13:53:46,335 - INFO - [2023] MISSING_FILE: /home/choij/Sync/workspace/ChargedHiggsAnalysisV3/SKNanoOutput/MatrixSelector/Run3Mu/2023/Skim_TriLep_Muon0_C_v1.root
2026-01-12 13:53:46,335 - INFO - [2023] MISSING_FILE: /home/choij/Sync/workspace/ChargedHiggsAnalysisV3/SKNanoOutput/MatrixSelector/Run3Mu/2023/Skim_TriLep_Muon0_C_v2.root
2026-01-12 13:53:46,335 - INFO - [2023] MISSING_FILE: /home/choij/Sync/workspace/ChargedHiggsAnalysisV3/SKNanoOutput/MatrixSelector/Run3Mu/2023/Skim_TriLep_Muon0_C_v3.root
2026-01-12 13:53:46,335 - INFO - [2023] MISSING_FILE: /home/choij/Sync/workspace/ChargedHiggsAnalysisV3/SKNanoOutput/MatrixSelector/Run3Mu/2023/Skim_TriLep_Muon0_C_v4.root
2026-01-12 13:53:46,335 - INFO - [2023] MISSING_FILE: /home/choij/Sync/workspace/ChargedHiggsAnalysisV3/SKNanoOutput/MatrixSelector/Run3Mu/2023/Skim_TriLep_Muon1_C_v1.root
2026-01-12 13:53:46,335 - INFO - [2023] MISSING_FILE: /home/choij/Sync/workspace/ChargedHiggsAnalysisV3/SKNanoOutput/MatrixSelector/Run3Mu/2023/Skim_TriLep_Muon1_C_v2.root
2026-01-12 13:53:46,335 - INFO - [2023] MISSING_FILE: /home/choij/Sync/workspace/ChargedHiggsAnalysisV3/SKNanoOutput/MatrixSelector/Run3Mu/2023/Skim_TriLep_Muon1_C_v3.root
2026-01-12 13:53:46,335 - INFO - [2023] MISSING_FILE: /home/choij/Sync/workspace/ChargedHiggsAnalysisV3/SKNanoOutput/MatrixSelector/Run3Mu/2023/Skim_TriLep_Muon1_C_v4.root
2026-01-12 13:53:46,336 - INFO - [2023] MISSING_CENTRAL: SR3Mu/Central/jets/4/pz in Skim_TriLep_DYJets.root
2026-01-12 13:53:46,336 - INFO - [2023] MISSING_CENTRAL: SR3Mu/Central/jets/4/pz in Skim_TriLep_DYJets10to50.root
2026-01-12 13:53:46,337 - INFO - [2023] MISSING_CENTRAL: SR3Mu/Central/jets/4/pz in Skim_TriLep_TTG_PTG10to100.root
2026-01-12 13:53:46,337 - INFO - [2023] MISSING_CENTRAL: SR3Mu/Central/jets/4/pz in Skim_TriLep_TTG_PTG100to200.root
2026-01-12 13:53:46,338 - INFO - [2023] MISSING_CENTRAL: SR3Mu/Central/jets/4/pz in Skim_TriLep_TTG_PTG200toInf.root
2026-01-12 13:53:46,468 - INFO - [2023] MISSING_CENTRAL: SR3Mu/Central/jets/4/pz in Skim_TriLep_WWW.root
2026-01-12 13:53:46,526 - INFO - [2023] MISSING_CENTRAL: SR3Mu/Central/jets/4/pz in Skim_TriLep_VBFHToZZTo4L.root
2026-01-12 13:53:46,527 - INFO - [2023] MISSING_CENTRAL: SR3Mu/Central/jets/4/pz in Skim_TriLep_ggHToZZTo4L.root
2026-01-16 19:08:33,716 - INFO - [2023] MISSING_CENTRAL: SR3Mu/Central/jets/4/pz in Skim_TriLep_Muon0_C_v2.root
2026-01-16 19:08:33,716 - INFO - [2023] MISSING_CENTRAL: SR3Mu/Central/jets/4/pz in Skim_TriLep_Muon0_C_v3.root
2026-01-16 19:08:33,717 - INFO - [2023] MISSING_CENTRAL: SR3Mu/Central/jets/4/pz in Skim_TriLep_Muon0_C_v4.root
2026-01-16 19:08:33,718 - INFO - [2023] MISSING_CENTRAL: SR3Mu/Central/jets/4/pz in Skim_TriLep_Muon1_C_v2.root
2026-01-16 19:08:33,718 - INFO - [2023] MISSING_CENTRAL: SR3Mu/Central/jets/4/pz in Skim_TriLep_Muon1_C_v3.root
2026-01-16 19:08:33,719 - INFO - [2023] MISSING_CENTRAL: SR3Mu/Central/jets/4/pz in Skim_TriLep_Muon1_C_v4.root
2026-01-16 19:08:33,750 - INFO - [2023] MISSING_CENTRAL: SR3Mu/Central/jets/4/pz in Skim_TriLep_Muon0_C_v1.root
2026-01-16 19:08:33,750 - INFO - [2023] MISSING_CENTRAL: SR3Mu/Central/jets/4/pz in Skim_TriLep_Muon0_C_v2.root
2026-01-16 19:08:33,762 - INFO - [2023] MISSING_CENTRAL: SR3Mu/Central/jets/4/pz in Skim_TriLep_Muon1_C_v2.root
2026-01-16 19:08:33,762 - INFO - [2023] MISSING_CENTRAL: SR3Mu/Central/jets/4/pz in Skim_TriLep_Muon1_C_v3.root
2026-01-16 19:08:33,763 - INFO - [2023] MISSING_CENTRAL: SR3Mu/Central/jets/4/pz in Skim_TriLep_DYJets.root
2026-01-16 19:08:33,764 - INFO - [2023] MISSING_CENTRAL: SR3Mu/Central/jets/4/pz in Skim_TriLep_DYJets10to50.root
2026-01-16 19:08:33,764 - INFO - [2023] MISSING_CENTRAL: SR3Mu/Central/jets/4/pz in Skim_TriLep_TTG_PTG10to100.root
2026-01-16 19:08:33,765 - INFO - [2023] MISSING_CENTRAL: SR3Mu/Central/jets/4/pz in Skim_TriLep_TTG_PTG100to200.root
2026-01-16 19:08:33,765 - INFO - [2023] MISSING_CENTRAL: SR3Mu/Central/jets/4/pz in Skim_TriLep_TTG_PTG200toInf.root
2026-01-16 19:08:33,888 - INFO - [2023] MISSING_CENTRAL: SR3Mu/Central/jets/4/pz in Skim_TriLep_WWW.root
2026-01-16 19:08:33,946 - INFO - [2023] MISSING_CENTRAL: SR3Mu/Central/jets/4/pz in Skim_TriLep_VBFHToZZTo4L.root
2026-01-16 19:08:33,947 - INFO - [2023] MISSING_CENTRAL: SR3Mu/Central/jets/4/pz in Skim_TriLep_ggHToZZTo4L.root
2026-01-28 17:06:05,887 - INFO - [2023] MISSING_CENTRAL: SR3Mu/Central/jets/4/pz in Skim_TriLep_Muon0_C_v2.root
2026-01-28 17:06:05,888 - INFO - [2023] MISSING_CENTRAL: SR3Mu/Central/jets/4/pz in Skim_TriLep_Muon0_C_v3.root
2026-01-28 17:06:05,889 - INFO - [2023] MISSING_CENTRAL: SR3Mu/Central/jets/4/pz in Skim_TriLep_Muon0_C_v4.root
2026-01-28 17:06:05,890 - INFO - [2023] MISSING_CENTRAL: SR3Mu/Central/jets/4/pz in Skim_TriLep_Muon1_C_v2.root
2026-01-28 17:06:05,890 - INFO - [2023] MISSING_CENTRAL: SR3Mu/Central/jets/4/pz in Skim_TriLep_Muon1_C_v3.root
2026-01-28 17:06:05,891 - INFO - [2023] MISSING_CENTRAL: SR3Mu/Central/jets/4/pz in Skim_TriLep_Muon1_C_v4.root
2026-01-28 17:06:05,925 - INFO - [2023] MISSING_CENTRAL: SR3Mu/Central/jets/4/pz in Skim_TriLep_Muon0_C_v1.root
2026-01-28 17:06:05,926 - INFO - [2023] MISSING_CENTRAL: SR3Mu/Central/jets/4/pz in Skim_TriLep_Muon0_C_v2.root
2026-01-28 17:06:05,940 - INFO - [2023] MISSING_CENTRAL: SR3Mu/Central/jets/4/pz in Skim_TriLep_Muon1_C_v2.root
2026-01-28 17:06:05,940 - INFO - [2023] MISSING_CENTRAL: SR3Mu/Central/jets/4/pz in Skim_TriLep_Muon1_C_v3.root
2026-01-28 17:06:05,943 - INFO - [2023] MISSING_CENTRAL: SR3Mu/Central/jets/4/pz in Skim_TriLep_DYJets.root
2026-01-28 17:06:05,943 - INFO - [2023] MISSING_CENTRAL: SR3Mu/Central/jets/4/pz in Skim_TriLep_DYJets10to50.root
2026-01-28 17:06:05,944 - INFO - [2023] MISSING_CENTRAL: SR3Mu/Central/jets/4/pz in Skim_TriLep_TTG_PTG10to100.root
2026-01-28 17:06:05,944 - INFO - [2023] MISSING_CENTRAL: SR3Mu/Central/jets/4/pz in Skim_TriLep_TTG_PTG100to200.root
2026-01-28 17:06:05,945 - INFO - [2023] MISSING_CENTRAL: SR3Mu/Central/jets/4/pz in Skim_TriLep_TTG_PTG200toInf.root
2026-01-28 17:06:06,163 - INFO - [2023] MISSING_CENTRAL: SR3Mu/Central/jets/4/pz in Skim_TriLep_WWW.root
2026-01-28 17:06:06,265 - INFO - [2023] MISSING_CENTRAL: SR3Mu/Central/jets/4/pz in Skim_TriLep_VBFHToZZTo4L.root
2026-01-28 17:06:06,266 - INFO - [2023] MISSING_CENTRAL: SR3Mu/Central/jets/4/pz in Skim_TriLep_ggHToZZTo4L.root
2026-01-28 17:26:43,988 - INFO - [2023] MISSING_CENTRAL: SR3Mu/Central/jets/4/pz in Skim_TriLep_Muon0_C_v2.root
2026-01-28 17:26:43,989 - INFO - [2023] MISSING_CENTRAL: SR3Mu/Central/jets/4/pz in Skim_TriLep_Muon0_C_v3.root
2026-01-28 17:26:43,990 - INFO - [2023] MISSING_CENTRAL: SR3Mu/Central/jets/4/pz in Skim_TriLep_Muon0_C_v4.root
2026-01-28 17:26:43,991 - INFO - [2023] MISSING_CENTRAL: SR3Mu/Central/jets/4/pz in Skim_TriLep_Muon1_C_v2.root
2026-01-28 17:26:43,991 - INFO - [2023] MISSING_CENTRAL: SR3Mu/Central/jets/4/pz in Skim_TriLep_Muon1_C_v3.root
2026-01-28 17:26:43,992 - INFO - [2023] MISSING_CENTRAL: SR3Mu/Central/jets/4/pz in Skim_TriLep_Muon1_C_v4.root
2026-01-28 17:26:44,026 - INFO - [2023] MISSING_CENTRAL: SR3Mu/Central/jets/4/pz in Skim_TriLep_Muon0_C_v1.root
2026-01-28 17:26:44,027 - INFO - [2023] MISSING_CENTRAL: SR3Mu/Central/jets/4/pz in Skim_TriLep_Muon0_C_v2.root
2026-01-28 17:26:44,040 - INFO - [2023] MISSING_CENTRAL: SR3Mu/Central/jets/4/pz in Skim_TriLep_Muon1_C_v2.root
2026-01-28 17:26:44,040 - INFO - [2023] MISSING_CENTRAL: SR3Mu/Central/jets/4/pz in Skim_TriLep_Muon1_C_v3.root
2026-01-28 17:26:44,042 - INFO - [2023] MISSING_CENTRAL: SR3Mu/Central/jets/4/pz in Skim_TriLep_DYJets.root
2026-01-28 17:26:44,043 - INFO - [2023] MISSING_CENTRAL: SR3Mu/Central/jets/4/pz in Skim_TriLep_DYJets10to50.root
2026-01-28 17:26:44,044 - INFO - [2023] MISSING_CENTRAL: SR3Mu/Central/jets/4/pz in Skim_TriLep_TTG_PTG10to100.root
2026-01-28 17:26:44,044 - INFO - [2023] MISSING_CENTRAL: SR3Mu/Central/jets/4/pz in Skim_TriLep_TTG_PTG100to200.root
2026-01-28 17:26:44,045 - INFO - [2023] MISSING_CENTRAL: SR3Mu/Central/jets/4/pz in Skim_TriLep_TTG_PTG200toInf.root
2026-01-28 17:26:44,261 - INFO - [2023] MISSING_CENTRAL: SR3Mu/Central/jets/4/pz in Skim_TriLep_WWW.root
2026-01-28 17:26:44,362 - INFO - [2023] MISSING_CENTRAL: SR3Mu/Central/jets/4/pz in Skim_TriLep_VBFHToZZTo4L.root
2026-01-28 17:26:44,363 - INFO - [2023] MISSING_CENTRAL: SR3Mu/Central/jets/4/pz in Skim_TriLep_ggHToZZTo4L.root
2026-01-28 20:00:23,128 - INFO - [2023] MISSING_CENTRAL: SR3Mu/Central/jets/4/pz in Skim_TriLep_Muon0_C_v2.root
2026-01-28 20:00:23,130 - INFO - [2023] MISSING_CENTRAL: SR3Mu/Central/jets/4/pz in Skim_TriLep_Muon0_C_v3.root
2026-01-28 20:00:23,131 - INFO - [2023] MISSING_CENTRAL: SR3Mu/Central/jets/4/pz in Skim_TriLep_Muon0_C_v4.root
2026-01-28 20:00:23,132 - INFO - [2023] MISSING_CENTRAL: SR3Mu/Central/jets/4/pz in Skim_TriLep_Muon1_C_v2.root
2026-01-28 20:00:23,136 - INFO - [2023] MISSING_CENTRAL: SR3Mu/Central/jets/4/pz in Skim_TriLep_Muon1_C_v3.root
2026-01-28 20:00:23,137 - INFO - [2023] MISSING_CENTRAL: SR3Mu/Central/jets/4/pz in Skim_TriLep_Muon1_C_v4.root
2026-01-28 20:00:23,179 - INFO - [2023] MISSING_CENTRAL: SR3Mu/Central/jets/4/pz in Skim_TriLep_Muon0_C_v1.root
2026-01-28 20:00:23,180 - INFO - [2023] MISSING_CENTRAL: SR3Mu/Central/jets/4/pz in Skim_TriLep_Muon0_C_v2.root
2026-01-28 20:00:23,192 - INFO - [2023] MISSING_CENTRAL: SR3Mu/Central/jets/4/pz in Skim_TriLep_Muon1_C_v2.root
2026-01-28 20:00:23,193 - INFO - [2023] MISSING_CENTRAL: SR3Mu/Central/jets/4/pz in Skim_TriLep_Muon1_C_v3.root
2026-01-28 20:00:23,195 - INFO - [2023] MISSING_CENTRAL: SR3Mu/Central/jets/4/pz in Skim_TriLep_DYJets.root
2026-01-28 20:00:23,195 - INFO - [2023] MISSING_CENTRAL: SR3Mu/Central/jets/4/pz in Skim_TriLep_DYJets10to50.root
2026-01-28 20:00:23,196 - INFO - [2023] MISSING_CENTRAL: SR3Mu/Central/jets/4/pz in Skim_TriLep_TTG_PTG10to100.root
2026-01-28 20:00:23,196 - INFO - [2023] MISSING_CENTRAL: SR3Mu/Central/jets/4/pz in Skim_TriLep_TTG_PTG100to200.root
2026-01-28 20:00:23,197 - INFO - [2023] MISSING_CENTRAL: SR3Mu/Central/jets/4/pz in Skim_TriLep_TTG_PTG200toInf.root
2026-01-28 20:00:23,423 - INFO - [2023] MISSING_CENTRAL: SR3Mu/Central/jets/4/pz in Skim_TriLep_WWW.root
2026-01-28 20:00:23,523 - INFO - [2023] MISSING_CENTRAL: SR3Mu/Central/jets/4/pz in Skim_TriLep_VBFHToZZTo4L.root
2026-01-28 20:00:23,524 - INFO - [2023] MISSING_CENTRAL: SR3Mu/Central/jets/4/pz in Skim_TriLep_ggHToZZTo4L.root
2026-01-29 07:17:09,961 - INFO - [2023] MISSING_CENTRAL: SR3Mu/Central/jets/4/pz in Skim_TriLep_Muon0_C_v2.root
2026-01-29 07:17:09,963 - INFO - [2023] MISSING_CENTRAL: SR3Mu/Central/jets/4/pz in Skim_TriLep_Muon0_C_v3.root
2026-01-29 07:17:09,964 - INFO - [2023] MISSING_CENTRAL: SR3Mu/Central/jets/4/pz in Skim_TriLep_Muon0_C_v4.root
2026-01-29 07:17:09,965 - INFO - [2023] MISSING_CENTRAL: SR3Mu/Central/jets/4/pz in Skim_TriLep_Muon1_C_v2.root
2026-01-29 07:17:09,965 - INFO - [2023] MISSING_CENTRAL: SR3Mu/Central/jets/4/pz in Skim_TriLep_Muon1_C_v3.root
2026-01-29 07:17:09,966 - INFO - [2023] MISSING_CENTRAL: SR3Mu/Central/jets/4/pz in Skim_TriLep_Muon1_C_v4.root
2026-01-29 07:17:10,001 - INFO - [2023] MISSING_CENTRAL: SR3Mu/Central/jets/4/pz in Skim_TriLep_Muon0_C_v1.root
2026-01-29 07:17:10,001 - INFO - [2023] MISSING_CENTRAL: SR3Mu/Central/jets/4/pz in Skim_TriLep_Muon0_C_v2.root
2026-01-29 07:17:10,014 - INFO - [2023] MISSING_CENTRAL: SR3Mu/Central/jets/4/pz in Skim_TriLep_Muon1_C_v2.root
2026-01-29 07:17:10,015 - INFO - [2023] MISSING_CENTRAL: SR3Mu/Central/jets/4/pz in Skim_TriLep_Muon1_C_v3.root
2026-01-29 07:17:10,016 - INFO - [2023] MISSING_CENTRAL: SR3Mu/Central/jets/4/pz in Skim_TriLep_DYJets.root
2026-01-29 07:17:10,017 - INFO - [2023] MISSING_CENTRAL: SR3Mu/Central/jets/4/pz in Skim_TriLep_DYJets10to50.root
2026-01-29 07:17:10,018 - INFO - [2023] MISSING_CENTRAL: SR3Mu/Central/jets/4/pz in Skim_TriLep_TTG_PTG10to100.root
2026-01-29 07:17:10,018 - INFO - [2023] MISSING_CENTRAL: SR3Mu/Central/jets/4/pz in Skim_TriLep_TTG_PTG100to200.root
2026-01-29 07:17:10,019 - INFO - [2023] MISSING_CENTRAL: SR3Mu/Central/jets/4/pz in Skim_TriLep_TTG_PTG200toInf.root
2026-01-29 07:17:10,157 - INFO - [2023] MISSING_CENTRAL: SR3Mu/Central/jets/4/pz in Skim_TriLep_WWW.root
2026-01-29 07:17:10,224 - INFO - [2023] MISSING_CENTRAL: SR3Mu/Central/jets/4/pz in Skim_TriLep_VBFHToZZTo4L.root
2026-01-29 07:17:10,224 - INFO - [2023] MISSING_CENTRAL: SR3Mu/Central/jets/4/pz in Skim_TriLep_ggHToZZTo4L.root
2026-03-06 09:43:22,243 - INFO - [2023] MISSING_CENTRAL: SR3Mu/Central/jets/4/pz in Skim_TriLep_Muon0_C_v2.root
2026-03-06 09:43:22,244 - INFO - [2023] MISSING_CENTRAL: SR3Mu/Central/jets/4/pz in Skim_TriLep_Muon0_C_v3.root
2026-03-06 09:43:22,245 - INFO - [2023] MISSING_CENTRAL: SR3Mu/Central/jets/4/pz in Skim_TriLep_Muon0_C_v4.root
2026-03-06 09:43:22,246 - INFO - [2023] MISSING_CENTRAL: SR3Mu/Central/jets/4/pz in Skim_TriLep_Muon1_C_v2.root
2026-03-06 09:43:22,246 - INFO - [2023] MISSING_CENTRAL: SR3Mu/Central/jets/4/pz in Skim_TriLep_Muon1_C_v3.root
2026-03-06 09:43:22,247 - INFO - [2023] MISSING_CENTRAL: SR3Mu/Central/jets/4/pz in Skim_TriLep_Muon1_C_v4.root
2026-03-06 09:43:22,278 - INFO - [2023] MISSING_CENTRAL: SR3Mu/Central/jets/4/pz in Skim_TriLep_Muon0_C_v1.root
2026-03-06 09:43:22,279 - INFO - [2023] MISSING_CENTRAL: SR3Mu/Central/jets/4/pz in Skim_TriLep_Muon0_C_v2.root
2026-03-06 09:43:22,290 - INFO - [2023] MISSING_CENTRAL: SR3Mu/Central/jets/4/pz in Skim_TriLep_Muon1_C_v2.root
2026-03-06 09:43:22,290 - INFO - [2023] MISSING_CENTRAL: SR3Mu/Central/jets/4/pz in Skim_TriLep_Muon1_C_v3.root
2026-03-06 09:43:22,292 - INFO - [2023] MISSING_CENTRAL: SR3Mu/Central/jets/4/pz in Skim_TriLep_DYJets.root
2026-03-06 09:43:22,293 - INFO - [2023] MISSING_CENTRAL: SR3Mu/Central/jets/4/pz in Skim_TriLep_DYJets10to50.root
2026-03-06 09:43:22,293 - INFO - [2023] MISSING_CENTRAL: SR3Mu/Central/jets/4/pz in Skim_TriLep_TTG_PTG10to100.root
2026-03-06 09:43:22,294 - INFO - [2023] MISSING_CENTRAL: SR3Mu/Central/jets/4/pz in Skim_TriLep_TTG_PTG100to200.root
2026-03-06 09:43:22,294 - INFO - [2023] MISSING_CENTRAL: SR3Mu/Central/jets/4/pz in Skim_TriLep_TTG_PTG200toInf.root
2026-03-06 09:43:22,429 - INFO - [2023] MISSING_CENTRAL: SR3Mu/Central/jets/4/pz in Skim_TriLep_WWW.root
2026-03-06 09:43:22,430 - INFO - [2023] MISSING_CENTRAL: SR3Mu/Central/jets/4/pz in Skim_TriLep_WWZ.root
2026-03-06 09:43:22,480 - INFO - [2023] MISSING_CENTRAL: SR3Mu/Central/jets/4/pz in Skim_TriLep_VBFHToZZTo4L.root
2026-03-06 09:43:22,480 - INFO - [2023] MISSING_CENTRAL: SR3Mu/Central/jets/4/pz in Skim_TriLep_ggHToZZTo4L.root
2026-03-06 19:49:08,484 - INFO - [2023] MISSING_CENTRAL: SR3Mu/Central/jets/4/pz in Skim_TriLep_Muon0_C_v2.root
2026-03-06 19:49:08,485 - INFO - [2023] MISSING_CENTRAL: SR3Mu/Central/jets/4/pz in Skim_TriLep_Muon0_C_v3.root
2026-03-06 19:49:08,485 - INFO - [2023] MISSING_CENTRAL: SR3Mu/Central/jets/4/pz in Skim_TriLep_Muon0_C_v4.root
2026-03-06 19:49:08,487 - INFO - [2023] MISSING_CENTRAL: SR3Mu/Central/jets/4/pz in Skim_TriLep_Muon1_C_v2.root
2026-03-06 19:49:08,487 - INFO - [2023] MISSING_CENTRAL: SR3Mu/Central/jets/4/pz in Skim_TriLep_Muon1_C_v3.root
2026-03-06 19:49:08,487 - INFO - [2023] MISSING_CENTRAL: SR3Mu/Central/jets/4/pz in Skim_TriLep_Muon1_C_v4.root
2026-03-06 19:49:08,516 - INFO - [2023] MISSING_CENTRAL: SR3Mu/Central/jets/4/pz in Skim_TriLep_Muon0_C_v1.root
2026-03-06 19:49:08,517 - INFO - [2023] MISSING_CENTRAL: SR3Mu/Central/jets/4/pz in Skim_TriLep_Muon0_C_v2.root
2026-03-06 19:49:08,528 - INFO - [2023] MISSING_CENTRAL: SR3Mu/Central/jets/4/pz in Skim_TriLep_Muon1_C_v2.root
2026-03-06 19:49:08,528 - INFO - [2023] MISSING_CENTRAL: SR3Mu/Central/jets/4/pz in Skim_TriLep_Muon1_C_v3.root
2026-03-06 19:49:08,530 - INFO - [2023] MISSING_CENTRAL: SR3Mu/Central/jets/4/pz in Skim_TriLep_DYJets.root
2026-03-06 19:49:08,531 - INFO - [2023] MISSING_CENTRAL: SR3Mu/Central/jets/4/pz in Skim_TriLep_DYJets10to50.root
2026-03-06 19:49:08,532 - INFO - [2023] MISSING_CENTRAL: SR3Mu/Central/jets/4/pz in Skim_TriLep_TTG_PTG10to100.root
2026-03-06 19:49:08,532 - INFO - [2023] MISSING_CENTRAL: SR3Mu/Central/jets/4/pz in Skim_TriLep_TTG_PTG100to200.root
2026-03-06 19:49:08,533 - INFO - [2023] MISSING_CENTRAL: SR3Mu/Central/jets/4/pz in Skim_TriLep_TTG_PTG200toInf.root
2026-03-06 19:49:08,675 - INFO - [2023] MISSING_CENTRAL: SR3Mu/Central/jets/4/pz in Skim_TriLep_WWW.root
2026-03-06 19:49:08,676 - INFO - [2023] MISSING_CENTRAL: SR3Mu/Central/jets/4/pz in Skim_TriLep_WWZ.root
2026-03-06 19:49:08,726 - INFO - [2023] MISSING_CENTRAL: SR3Mu/Central/jets/4/pz in Skim_TriLep_VBFHToZZTo4L.root
2026-03-06 19:49:08,726 - INFO - [2023] MISSING_CENTRAL: SR3Mu/Central/jets/4/pz in Skim_TriLep_ggHToZZTo4L.root
2026-04-10 20:24:04,958 - INFO - [2023] MISSING_CENTRAL: SR3Mu/Central/jets/4/pz in Skim_TriLep_Muon0_C_v2.root
2026-04-10 20:24:04,959 - INFO - [2023] MISSING_CENTRAL: SR3Mu/Central/jets/4/pz in Skim_TriLep_Muon0_C_v3.root
2026-04-10 20:24:04,959 - INFO - [2023] MISSING_CENTRAL: SR3Mu/Central/jets/4/pz in Skim_TriLep_Muon0_C_v4.root
2026-04-10 20:24:04,960 - INFO - [2023] MISSING_CENTRAL: SR3Mu/Central/jets/4/pz in Skim_TriLep_Muon1_C_v2.root
2026-04-10 20:24:04,961 - INFO - [2023] MISSING_CENTRAL: SR3Mu/Central/jets/4/pz in Skim_TriLep_Muon1_C_v3.root
2026-04-10 20:24:04,961 - INFO - [2023] MISSING_CENTRAL: SR3Mu/Central/jets/4/pz in Skim_TriLep_Muon1_C_v4.root
2026-04-10 20:24:04,994 - INFO - [2023] MISSING_CENTRAL: SR3Mu/Central/jets/4/pz in Skim_TriLep_Muon0_C_v1.root
2026-04-10 20:24:04,995 - INFO - [2023] MISSING_CENTRAL: SR3Mu/Central/jets/4/pz in Skim_TriLep_Muon0_C_v2.root
2026-04-10 20:24:05,006 - INFO - [2023] MISSING_CENTRAL: SR3Mu/Central/jets/4/pz in Skim_TriLep_Muon1_C_v2.root
2026-04-10 20:24:05,007 - INFO - [2023] MISSING_CENTRAL: SR3Mu/Central/jets/4/pz in Skim_TriLep_Muon1_C_v3.root
2026-04-10 20:24:05,009 - INFO - [2023] MISSING_CENTRAL: SR3Mu/Central/jets/4/pz in Skim_TriLep_DYJets.root
2026-04-10 20:24:05,009 - INFO - [2023] MISSING_CENTRAL: SR3Mu/Central/jets/4/pz in Skim_TriLep_DYJets10to50.root
2026-04-10 20:24:05,010 - INFO - [2023] MISSING_CENTRAL: SR3Mu/Central/jets/4/pz in Skim_TriLep_TTG_PTG10to100.root
2026-04-10 20:24:05,011 - INFO - [2023] MISSING_CENTRAL: SR3Mu/Central/jets/4/pz in Skim_TriLep_TTG_PTG100to200.root
2026-04-10 20:24:05,011 - INFO - [2023] MISSING_CENTRAL: SR3Mu/Central/jets/4/pz in Skim_TriLep_TTG_PTG200toInf.root
2026-04-10 20:24:05,165 - INFO - [2023] MISSING_CENTRAL: SR3Mu/Central/jets/4/pz in Skim_TriLep_WWW.root
2026-04-10 20:24:05,166 - INFO - [2023] MISSING_CENTRAL: SR3Mu/Central/jets/4/pz in Skim_TriLep_WWZ.root
2026-04-10 20:24:05,221 - INFO - [2023] MISSING_CENTRAL: SR3Mu/Central/jets/4/pz in Skim_TriLep_VBFHToZZTo4L.root
2026-04-10 20:24:05,221 - INFO - [2023] MISSING_CENTRAL: SR3Mu/Central/jets/4/pz in Skim_TriLep_ggHToZZTo4L.root
2026-04-12 11:39:24,324 - INFO - [2023] MISSING_CENTRAL: SR3Mu/Central/jets/4/pz in Skim_TriLep_Muon0_C_v2.root
2026-04-12 11:39:24,325 - INFO - [2023] MISSING_CENTRAL: SR3Mu/Central/jets/4/pz in Skim_TriLep_Muon0_C_v3.root
2026-04-12 11:39:24,326 - INFO - [2023] MISSING_CENTRAL: SR3Mu/Central/jets/4/pz in Skim_TriLep_Muon0_C_v4.root
2026-04-12 11:39:24,327 - INFO - [2023] MISSING_CENTRAL: SR3Mu/Central/jets/4/pz in Skim_TriLep_Muon1_C_v2.root
2026-04-12 11:39:24,327 - INFO - [2023] MISSING_CENTRAL: SR3Mu/Central/jets/4/pz in Skim_TriLep_Muon1_C_v3.root
2026-04-12 11:39:24,328 - INFO - [2023] MISSING_CENTRAL: SR3Mu/Central/jets/4/pz in Skim_TriLep_Muon1_C_v4.root
2026-04-12 11:39:24,360 - INFO - [2023] MISSING_CENTRAL: SR3Mu/Central/jets/4/pz in Skim_TriLep_Muon0_C_v1.root
2026-04-12 11:39:24,361 - INFO - [2023] MISSING_CENTRAL: SR3Mu/Central/jets/4/pz in Skim_TriLep_Muon0_C_v2.root
2026-04-12 11:39:24,373 - INFO - [2023] MISSING_CENTRAL: SR3Mu/Central/jets/4/pz in Skim_TriLep_Muon1_C_v2.root
2026-04-12 11:39:24,373 - INFO - [2023] MISSING_CENTRAL: SR3Mu/Central/jets/4/pz in Skim_TriLep_Muon1_C_v3.root
2026-04-12 11:39:24,375 - INFO - [2023] MISSING_CENTRAL: SR3Mu/Central/jets/4/pz in Skim_TriLep_DYJets.root
2026-04-12 11:39:24,376 - INFO - [2023] MISSING_CENTRAL: SR3Mu/Central/jets/4/pz in Skim_TriLep_DYJets10to50.root
2026-04-12 11:39:24,377 - INFO - [2023] MISSING_CENTRAL: SR3Mu/Central/jets/4/pz in Skim_TriLep_TTG_PTG10to100.root
2026-04-12 11:39:24,377 - INFO - [2023] MISSING_CENTRAL: SR3Mu/Central/jets/4/pz in Skim_TriLep_TTG_PTG100to200.root
2026-04-12 11:39:24,378 - INFO - [2023] MISSING_CENTRAL: SR3Mu/Central/jets/4/pz in Skim_TriLep_TTG_PTG200toInf.root
2026-04-12 11:39:24,527 - INFO - [2023] MISSING_CENTRAL: SR3Mu/Central/jets/4/pz in Skim_TriLep_WWW.root
2026-04-12 11:39:24,528 - INFO - [2023] MISSING_CENTRAL: SR3Mu/Central/jets/4/pz in Skim_TriLep_WWZ.root
2026-04-12 11:39:24,576 - INFO - [2023] MISSING_CENTRAL: SR3Mu/Central/jets/4/pz in Skim_TriLep_VBFHToZZTo4L.root
2026-04-12 11:39:24,576 - INFO - [2023] MISSING_CENTRAL: SR3Mu/Central/jets/4/pz in Skim_TriLep_ggHToZZTo4L.root
2026-04-12 12:21:11,319 - INFO - [2023] MISSING_CENTRAL: SR3Mu/Central/jets/4/pz in Skim_TriLep_Muon0_C_v2.root
2026-04-12 12:21:11,320 - INFO - [2023] MISSING_CENTRAL: SR3Mu/Central/jets/4/pz in Skim_TriLep_Muon0_C_v3.root
2026-04-12 12:21:11,320 - INFO - [2023] MISSING_CENTRAL: SR3Mu/Central/jets/4/pz in Skim_TriLep_Muon0_C_v4.root
2026-04-12 12:21:11,324 - INFO - [2023] MISSING_CENTRAL: SR3Mu/Central/jets/4/pz in Skim_TriLep_Muon1_C_v2.root
2026-04-12 12:21:11,325 - INFO - [2023] MISSING_CENTRAL: SR3Mu/Central/jets/4/pz in Skim_TriLep_Muon1_C_v3.root
2026-04-12 12:21:11,325 - INFO - [2023] MISSING_CENTRAL: SR3Mu/Central/jets/4/pz in Skim_TriLep_Muon1_C_v4.root
2026-04-12 12:21:11,378 - INFO - [2023] MISSING_CENTRAL: SR3Mu/Central/jets/4/pz in Skim_TriLep_Muon0_C_v1.root
2026-04-12 12:21:11,378 - INFO - [2023] MISSING_CENTRAL: SR3Mu/Central/jets/4/pz in Skim_TriLep_Muon0_C_v2.root
2026-04-12 12:21:11,389 - INFO - [2023] MISSING_CENTRAL: SR3Mu/Central/jets/4/pz in Skim_TriLep_Muon1_C_v2.root
2026-04-12 12:21:11,390 - INFO - [2023] MISSING_CENTRAL: SR3Mu/Central/jets/4/pz in Skim_TriLep_Muon1_C_v3.root
2026-04-12 12:21:11,392 - INFO - [2023] MISSING_CENTRAL: SR3Mu/Central/jets/4/pz in Skim_TriLep_DYJets.root
2026-04-12 12:21:11,392 - INFO - [2023] MISSING_CENTRAL: SR3Mu/Central/jets/4/pz in Skim_TriLep_DYJets10to50.root
2026-04-12 12:21:11,393 - INFO - [2023] MISSING_CENTRAL: SR3Mu/Central/jets/4/pz in Skim_TriLep_TTG_PTG10to100.root
2026-04-12 12:21:11,393 - INFO - [2023] MISSING_CENTRAL: SR3Mu/Central/jets/4/pz in Skim_TriLep_TTG_PTG100to200.root
2026-04-12 12:21:11,394 - INFO - [2023] MISSING_CENTRAL: SR3Mu/Central/jets/4/pz in Skim_TriLep_TTG_PTG200toInf.root
2026-04-12 12:21:11,542 - INFO - [2023] MISSING_CENTRAL: SR3Mu/Central/jets/4/pz in Skim_TriLep_WWW.root
2026-04-12 12:21:11,543 - INFO - [2023] MISSING_CENTRAL: SR3Mu/Central/jets/4/pz in Skim_TriLep_WWZ.root
2026-04-12 12:21:11,599 - INFO - [2023] MISSING_CENTRAL: SR3Mu/Central/jets/4/pz in Skim_TriLep_VBFHToZZTo4L.root
2026-04-12 12:21:11,600 - INFO - [2023] MISSING_CENTRAL: SR3Mu/Central/jets/4/pz in Skim_TriLep_ggHToZZTo4L.root
2026-04-12 12:40:50,397 - INFO - [2023] MISSING_CENTRAL: SR3Mu/Central/jets/4/pz in Skim_TriLep_Muon0_C_v2.root
2026-04-12 12:40:50,397 - INFO - [2023] MISSING_CENTRAL: SR3Mu/Central/jets/4/pz in Skim_TriLep_Muon0_C_v3.root
2026-04-12 12:40:50,398 - INFO - [2023] MISSING_CENTRAL: SR3Mu/Central/jets/4/pz in Skim_TriLep_Muon0_C_v4.root
2026-04-12 12:40:50,399 - INFO - [2023] MISSING_CENTRAL: SR3Mu/Central/jets/4/pz in Skim_TriLep_Muon1_C_v2.root
2026-04-12 12:40:50,399 - INFO - [2023] MISSING_CENTRAL: SR3Mu/Central/jets/4/pz in Skim_TriLep_Muon1_C_v3.root
2026-04-12 12:40:50,400 - INFO - [2023] MISSING_CENTRAL: SR3Mu/Central/jets/4/pz in Skim_TriLep_Muon1_C_v4.root
2026-04-12 12:40:50,431 - INFO - [2023] MISSING_CENTRAL: SR3Mu/Central/jets/4/pz in Skim_TriLep_Muon0_C_v1.root
2026-04-12 12:40:50,432 - INFO - [2023] MISSING_CENTRAL: SR3Mu/Central/jets/4/pz in Skim_TriLep_Muon0_C_v2.root
2026-04-12 12:40:50,443 - INFO - [2023] MISSING_CENTRAL: SR3Mu/Central/jets/4/pz in Skim_TriLep_Muon1_C_v2.root
2026-04-12 12:40:50,444 - INFO - [2023] MISSING_CENTRAL: SR3Mu/Central/jets/4/pz in Skim_TriLep_Muon1_C_v3.root
2026-04-12 12:40:50,446 - INFO - [2023] MISSING_CENTRAL: SR3Mu/Central/jets/4/pz in Skim_TriLep_DYJets.root
2026-04-12 12:40:50,446 - INFO - [2023] MISSING_CENTRAL: SR3Mu/Central/jets/4/pz in Skim_TriLep_DYJets10to50.root
2026-04-12 12:40:50,447 - INFO - [2023] MISSING_CENTRAL: SR3Mu/Central/jets/4/pz in Skim_TriLep_TTG_PTG10to100.root
2026-04-12 12:40:50,447 - INFO - [2023] MISSING_CENTRAL: SR3Mu/Central/jets/4/pz in Skim_TriLep_TTG_PTG100to200.root
2026-04-12 12:40:50,448 - INFO - [2023] MISSING_CENTRAL: SR3Mu/Central/jets/4/pz in Skim_TriLep_TTG_PTG200toInf.root
2026-04-12 12:40:50,589 - INFO - [2023] MISSING_CENTRAL: SR3Mu/Central/jets/4/pz in Skim_TriLep_WWW.root
2026-04-12 12:40:50,589 - INFO - [2023] MISSING_CENTRAL: SR3Mu/Central/jets/4/pz in Skim_TriLep_WWZ.root
2026-04-12 12:40:50,643 - INFO - [2023] MISSING_CENTRAL: SR3Mu/Central/jets/4/pz in Skim_TriLep_VBFHToZZTo4L.root
2026-04-12 12:40:50,644 - INFO - [2023] MISSING_CENTRAL: SR3Mu/Central/jets/4/pz in Skim_TriLep_ggHToZZTo4L.root
2026-04-12 20:48:59,505 - INFO - [2023] MISSING_CENTRAL: SR3Mu/Central/jets/4/pz in Skim_TriLep_Muon0_C_v2.root
2026-04-12 20:48:59,506 - INFO - [2023] MISSING_CENTRAL: SR3Mu/Central/jets/4/pz in Skim_TriLep_Muon0_C_v3.root
2026-04-12 20:48:59,506 - INFO - [2023] MISSING_CENTRAL: SR3Mu/Central/jets/4/pz in Skim_TriLep_Muon0_C_v4.root
2026-04-12 20:48:59,507 - INFO - [2023] MISSING_CENTRAL: SR3Mu/Central/jets/4/pz in Skim_TriLep_Muon1_C_v2.root
2026-04-12 20:48:59,508 - INFO - [2023] MISSING_CENTRAL: SR3Mu/Central/jets/4/pz in Skim_TriLep_Muon1_C_v3.root
2026-04-12 20:48:59,508 - INFO - [2023] MISSING_CENTRAL: SR3Mu/Central/jets/4/pz in Skim_TriLep_Muon1_C_v4.root
2026-04-12 20:48:59,540 - INFO - [2023] MISSING_CENTRAL: SR3Mu/Central/jets/4/pz in Skim_TriLep_Muon0_C_v1.root
2026-04-12 20:48:59,541 - INFO - [2023] MISSING_CENTRAL: SR3Mu/Central/jets/4/pz in Skim_TriLep_Muon0_C_v2.root
2026-04-12 20:48:59,553 - INFO - [2023] MISSING_CENTRAL: SR3Mu/Central/jets/4/pz in Skim_TriLep_Muon1_C_v2.root
2026-04-12 20:48:59,554 - INFO - [2023] MISSING_CENTRAL: SR3Mu/Central/jets/4/pz in Skim_TriLep_Muon1_C_v3.root
2026-04-12 20:48:59,555 - INFO - [2023] MISSING_CENTRAL: SR3Mu/Central/jets/4/pz in Skim_TriLep_DYJets.root
2026-04-12 20:48:59,556 - INFO - [2023] MISSING_CENTRAL: SR3Mu/Central/jets/4/pz in Skim_TriLep_DYJets10to50.root
2026-04-12 20:48:59,557 - INFO - [2023] MISSING_CENTRAL: SR3Mu/Central/jets/4/pz in Skim_TriLep_TTG_PTG10to100.root
2026-04-12 20:48:59,557 - INFO - [2023] MISSING_CENTRAL: SR3Mu/Central/jets/4/pz in Skim_TriLep_TTG_PTG100to200.root
2026-04-12 20:48:59,558 - INFO - [2023] MISSING_CENTRAL: SR3Mu/Central/jets/4/pz in Skim_TriLep_TTG_PTG200toInf.root
2026-04-12 20:48:59,711 - INFO - [2023] MISSING_CENTRAL: SR3Mu/Central/jets/4/pz in Skim_TriLep_WWW.root
2026-04-12 20:48:59,712 - INFO - [2023] MISSING_CENTRAL: SR3Mu/Central/jets/4/pz in Skim_TriLep_WWZ.root
2026-04-12 20:48:59,765 - INFO - [2023] MISSING_CENTRAL: SR3Mu/Central/jets/4/pz in Skim_TriLep_VBFHToZZTo4L.root
2026-04-12 20:48:59,766 - INFO - [2023] MISSING_CENTRAL: SR3Mu/Central/jets/4/pz in Skim_TriLep_ggHToZZTo4L.root
2026-04-12 21:20:32,788 - INFO - [2023] MISSING_CENTRAL: SR3Mu/Central/jets/4/pz in Skim_TriLep_Muon0_C_v2.root
2026-04-12 21:20:32,788 - INFO - [2023] MISSING_CENTRAL: SR3Mu/Central/jets/4/pz in Skim_TriLep_Muon0_C_v3.root
2026-04-12 21:20:32,789 - INFO - [2023] MISSING_CENTRAL: SR3Mu/Central/jets/4/pz in Skim_TriLep_Muon0_C_v4.root
2026-04-12 21:20:32,790 - INFO - [2023] MISSING_CENTRAL: SR3Mu/Central/jets/4/pz in Skim_TriLep_Muon1_C_v2.root
2026-04-12 21:20:32,790 - INFO - [2023] MISSING_CENTRAL: SR3Mu/Central/jets/4/pz in Skim_TriLep_Muon1_C_v3.root
2026-04-12 21:20:32,791 - INFO - [2023] MISSING_CENTRAL: SR3Mu/Central/jets/4/pz in Skim_TriLep_Muon1_C_v4.root
2026-04-12 21:20:32,826 - INFO - [2023] MISSING_CENTRAL: SR3Mu/Central/jets/4/pz in Skim_TriLep_Muon0_C_v1.root
2026-04-12 21:20:32,827 - INFO - [2023] MISSING_CENTRAL: SR3Mu/Central/jets/4/pz in Skim_TriLep_Muon0_C_v2.root
2026-04-12 21:20:32,839 - INFO - [2023] MISSING_CENTRAL: SR3Mu/Central/jets/4/pz in Skim_TriLep_Muon1_C_v2.root
2026-04-12 21:20:32,840 - INFO - [2023] MISSING_CENTRAL: SR3Mu/Central/jets/4/pz in Skim_TriLep_Muon1_C_v3.root
2026-04-12 21:20:32,842 - INFO - [2023] MISSING_CENTRAL: SR3Mu/Central/jets/4/pz in Skim_TriLep_DYJets.root
2026-04-12 21:20:32,843 - INFO - [2023] MISSING_CENTRAL: SR3Mu/Central/jets/4/pz in Skim_TriLep_DYJets10to50.root
2026-04-12 21:20:32,843 - INFO - [2023] MISSING_CENTRAL: SR3Mu/Central/jets/4/pz in Skim_TriLep_TTG_PTG10to100.root
2026-04-12 21:20:32,844 - INFO - [2023] MISSING_CENTRAL: SR3Mu/Central/jets/4/pz in Skim_TriLep_TTG_PTG100to200.root
2026-04-12 21:20:32,844 - INFO - [2023] MISSING_CENTRAL: SR3Mu/Central/jets/4/pz in Skim_TriLep_TTG_PTG200toInf.root
2026-04-12 21:20:32,996 - INFO - [2023] MISSING_CENTRAL: SR3Mu/Central/jets/4/pz in Skim_TriLep_WWW.root
2026-04-12 21:20:32,997 - INFO - [2023] MISSING_CENTRAL: SR3Mu/Central/jets/4/pz in Skim_TriLep_WWZ.root
2026-04-12 21:20:33,052 - INFO - [2023] MISSING_CENTRAL: SR3Mu/Central/jets/4/pz in Skim_TriLep_VBFHToZZTo4L.root
2026-04-12 21:20:33,053 - INFO - [2023] MISSING_CENTRAL: SR3Mu/Central/jets/4/pz in Skim_TriLep_ggHToZZTo4L.root
2026-04-13 12:58:18,920 - INFO - [2023] MISSING_CENTRAL: SR3Mu/Central/jets/4/pz in Skim_TriLep_Muon0_C_v2.root
2026-04-13 12:58:18,921 - INFO - [2023] MISSING_CENTRAL: SR3Mu/Central/jets/4/pz in Skim_TriLep_Muon0_C_v3.root
2026-04-13 12:58:18,921 - INFO - [2023] MISSING_CENTRAL: SR3Mu/Central/jets/4/pz in Skim_TriLep_Muon0_C_v4.root
2026-04-13 12:58:18,922 - INFO - [2023] MISSING_CENTRAL: SR3Mu/Central/jets/4/pz in Skim_TriLep_Muon1_C_v2.root
2026-04-13 12:58:18,923 - INFO - [2023] MISSING_CENTRAL: SR3Mu/Central/jets/4/pz in Skim_TriLep_Muon1_C_v3.root
2026-04-13 12:58:18,923 - INFO - [2023] MISSING_CENTRAL: SR3Mu/Central/jets/4/pz in Skim_TriLep_Muon1_C_v4.root
2026-04-13 12:58:18,956 - INFO - [2023] MISSING_CENTRAL: SR3Mu/Central/jets/4/pz in Skim_TriLep_Muon0_C_v1.root
2026-04-13 12:58:18,956 - INFO - [2023] MISSING_CENTRAL: SR3Mu/Central/jets/4/pz in Skim_TriLep_Muon0_C_v2.root
2026-04-13 12:58:18,962 - INFO - [2023] MISSING_CENTRAL: SR3Mu/Central/jets/4/pz in Skim_TriLep_Muon1_C_v2.root
2026-04-13 12:58:18,963 - INFO - [2023] MISSING_CENTRAL: SR3Mu/Central/jets/4/pz in Skim_TriLep_Muon1_C_v3.root
2026-04-13 12:58:18,968 - INFO - [2023] MISSING_CENTRAL: SR3Mu/Central/jets/4/pz in Skim_TriLep_DYJets.root
2026-04-13 12:58:18,968 - INFO - [2023] MISSING_CENTRAL: SR3Mu/Central/jets/4/pz in Skim_TriLep_DYJets10to50.root
2026-04-13 12:58:18,969 - INFO - [2023] MISSING_CENTRAL: SR3Mu/Central/jets/4/pz in Skim_TriLep_TTG_PTG10to100.root
2026-04-13 12:58:18,969 - INFO - [2023] MISSING_CENTRAL: SR3Mu/Central/jets/4/pz in Skim_TriLep_TTG_PTG100to200.root
2026-04-13 12:58:18,970 - INFO - [2023] MISSING_CENTRAL: SR3Mu/Central/jets/4/pz in Skim_TriLep_TTG_PTG200toInf.root
2026-04-13 12:58:19,153 - INFO - [2023] MISSING_CENTRAL: SR3Mu/Central/jets/4/pz in Skim_TriLep_WWW.root
2026-04-13 12:58:19,154 - INFO - [2023] MISSING_CENTRAL: SR3Mu/Central/jets/4/pz in Skim_TriLep_WWZ.root
2026-04-13 12:58:19,221 - INFO - [2023] MISSING_CENTRAL: SR3Mu/Central/jets/4/pz in Skim_TriLep_VBFHToZZTo4L.root
2026-04-13 12:58:19,222 - INFO - [2023] MISSING_CENTRAL: SR3Mu/Central/jets/4/pz in Skim_TriLep_ggHToZZTo4L.root
2026-04-16 17:31:38,775 - INFO - [2023] MISSING_CENTRAL: SR3Mu/Central/jets/4/pz in Skim_TriLep_Muon0_C_v2.root
2026-04-16 17:31:38,776 - INFO - [2023] MISSING_CENTRAL: SR3Mu/Central/jets/4/pz in Skim_TriLep_Muon0_C_v3.root
2026-04-16 17:31:38,776 - INFO - [2023] MISSING_CENTRAL: SR3Mu/Central/jets/4/pz in Skim_TriLep_Muon0_C_v4.root
2026-04-16 17:31:38,777 - INFO - [2023] MISSING_CENTRAL: SR3Mu/Central/jets/4/pz in Skim_TriLep_Muon1_C_v2.root
2026-04-16 17:31:38,778 - INFO - [2023] MISSING_CENTRAL: SR3Mu/Central/jets/4/pz in Skim_TriLep_Muon1_C_v3.root
2026-04-16 17:31:38,778 - INFO - [2023] MISSING_CENTRAL: SR3Mu/Central/jets/4/pz in Skim_TriLep_Muon1_C_v4.root
2026-04-16 17:31:38,812 - INFO - [2023] MISSING_CENTRAL: SR3Mu/Central/jets/4/pz in Skim_TriLep_Muon0_C_v1.root
2026-04-16 17:31:38,813 - INFO - [2023] MISSING_CENTRAL: SR3Mu/Central/jets/4/pz in Skim_TriLep_Muon0_C_v2.root
2026-04-16 17:31:38,819 - INFO - [2023] MISSING_CENTRAL: SR3Mu/Central/jets/4/pz in Skim_TriLep_Muon1_C_v2.root
2026-04-16 17:31:38,820 - INFO - [2023] MISSING_CENTRAL: SR3Mu/Central/jets/4/pz in Skim_TriLep_Muon1_C_v3.root
2026-04-16 17:31:38,824 - INFO - [2023] MISSING_CENTRAL: SR3Mu/Central/jets/4/pz in Skim_TriLep_DYJets.root
2026-04-16 17:31:38,825 - INFO - [2023] MISSING_CENTRAL: SR3Mu/Central/jets/4/pz in Skim_TriLep_DYJets10to50.root
2026-04-16 17:31:38,825 - INFO - [2023] MISSING_CENTRAL: SR3Mu/Central/jets/4/pz in Skim_TriLep_TTG_PTG10to100.root
2026-04-16 17:31:38,826 - INFO - [2023] MISSING_CENTRAL: SR3Mu/Central/jets/4/pz in Skim_TriLep_TTG_PTG100to200.root
2026-04-16 17:31:38,827 - INFO - [2023] MISSING_CENTRAL: SR3Mu/Central/jets/4/pz in Skim_TriLep_TTG_PTG200toInf.root
2026-04-16 17:31:39,019 - INFO - [2023] MISSING_CENTRAL: SR3Mu/Central/jets/4/pz in Skim_TriLep_WWW.root
2026-04-16 17:31:39,020 - INFO - [2023] MISSING_CENTRAL: SR3Mu/Central/jets/4/pz in Skim_TriLep_WWZ.root
2026-04-16 17:31:39,088 - INFO - [2023] MISSING_CENTRAL: SR3Mu/Central/jets/4/pz in Skim_TriLep_VBFHToZZTo4L.root
2026-04-16 17:31:39,089 - INFO - [2023] MISSING_CENTRAL: SR3Mu/Central/jets/4/pz in Skim_TriLep_ggHToZZTo4L.root
2026-04-16 17:40:50,674 - INFO - [2023] MISSING_CENTRAL: SR3Mu/Central/jets/4/pz in Skim_TriLep_Muon0_C_v2.root
2026-04-16 17:40:50,675 - INFO - [2023] MISSING_CENTRAL: SR3Mu/Central/jets/4/pz in Skim_TriLep_Muon0_C_v3.root
2026-04-16 17:40:50,675 - INFO - [2023] MISSING_CENTRAL: SR3Mu/Central/jets/4/pz in Skim_TriLep_Muon0_C_v4.root
2026-04-16 17:40:50,676 - INFO - [2023] MISSING_CENTRAL: SR3Mu/Central/jets/4/pz in Skim_TriLep_Muon1_C_v2.root
2026-04-16 17:40:50,677 - INFO - [2023] MISSING_CENTRAL: SR3Mu/Central/jets/4/pz in Skim_TriLep_Muon1_C_v3.root
2026-04-16 17:40:50,678 - INFO - [2023] MISSING_CENTRAL: SR3Mu/Central/jets/4/pz in Skim_TriLep_Muon1_C_v4.root
2026-04-16 17:40:50,710 - INFO - [2023] MISSING_CENTRAL: SR3Mu/Central/jets/4/pz in Skim_TriLep_Muon0_C_v1.root
2026-04-16 17:40:50,711 - INFO - [2023] MISSING_CENTRAL: SR3Mu/Central/jets/4/pz in Skim_TriLep_Muon0_C_v2.root
2026-04-16 17:40:50,719 - INFO - [2023] MISSING_CENTRAL: SR3Mu/Central/jets/4/pz in Skim_TriLep_Muon1_C_v2.root
2026-04-16 17:40:50,720 - INFO - [2023] MISSING_CENTRAL: SR3Mu/Central/jets/4/pz in Skim_TriLep_Muon1_C_v3.root
2026-04-16 17:40:50,725 - INFO - [2023] MISSING_CENTRAL: SR3Mu/Central/jets/4/pz in Skim_TriLep_DYJets.root
2026-04-16 17:40:50,726 - INFO - [2023] MISSING_CENTRAL: SR3Mu/Central/jets/4/pz in Skim_TriLep_DYJets10to50.root
2026-04-16 17:40:50,726 - INFO - [2023] MISSING_CENTRAL: SR3Mu/Central/jets/4/pz in Skim_TriLep_TTG_PTG10to100.root
2026-04-16 17:40:50,727 - INFO - [2023] MISSING_CENTRAL: SR3Mu/Central/jets/4/pz in Skim_TriLep_TTG_PTG100to200.root
2026-04-16 17:40:50,728 - INFO - [2023] MISSING_CENTRAL: SR3Mu/Central/jets/4/pz in Skim_TriLep_TTG_PTG200toInf.root
2026-04-16 17:40:50,908 - INFO - [2023] MISSING_CENTRAL: SR3Mu/Central/jets/4/pz in Skim_TriLep_WWW.root
2026-04-16 17:40:50,909 - INFO - [2023] MISSING_CENTRAL: SR3Mu/Central/jets/4/pz in Skim_TriLep_WWZ.root
2026-04-16 17:40:50,975 - INFO - [2023] MISSING_CENTRAL: SR3Mu/Central/jets/4/pz in Skim_TriLep_VBFHToZZTo4L.root
2026-04-16 17:40:50,975 - INFO - [2023] MISSING_CENTRAL: SR3Mu/Central/jets/4/pz in Skim_TriLep_ggHToZZTo4L.root
2026-04-28 15:12:18,532 - INFO - [2023] MISSING_CENTRAL: SR3Mu/Central/jets/4/pz in Skim_TriLep_Muon0_C_v2.root
2026-04-28 15:12:18,533 - INFO - [2023] MISSING_CENTRAL: SR3Mu/Central/jets/4/pz in Skim_TriLep_Muon0_C_v3.root
2026-04-28 15:12:18,534 - INFO - [2023] MISSING_CENTRAL: SR3Mu/Central/jets/4/pz in Skim_TriLep_Muon0_C_v4.root
2026-04-28 15:12:18,535 - INFO - [2023] MISSING_CENTRAL: SR3Mu/Central/jets/4/pz in Skim_TriLep_Muon1_C_v2.root
2026-04-28 15:12:18,535 - INFO - [2023] MISSING_CENTRAL: SR3Mu/Central/jets/4/pz in Skim_TriLep_Muon1_C_v3.root
2026-04-28 15:12:18,536 - INFO - [2023] MISSING_CENTRAL: SR3Mu/Central/jets/4/pz in Skim_TriLep_Muon1_C_v4.root
2026-04-28 15:12:18,569 - INFO - [2023] MISSING_CENTRAL: SR3Mu/Central/jets/4/pz in Skim_TriLep_Muon0_C_v1.root
2026-04-28 15:12:18,569 - INFO - [2023] MISSING_CENTRAL: SR3Mu/Central/jets/4/pz in Skim_TriLep_Muon0_C_v2.root
2026-04-28 15:12:18,576 - INFO - [2023] MISSING_CENTRAL: SR3Mu/Central/jets/4/pz in Skim_TriLep_Muon1_C_v2.root
2026-04-28 15:12:18,576 - INFO - [2023] MISSING_CENTRAL: SR3Mu/Central/jets/4/pz in Skim_TriLep_Muon1_C_v3.root
2026-04-28 15:12:18,581 - INFO - [2023] MISSING_CENTRAL: SR3Mu/Central/jets/4/pz in Skim_TriLep_DYJets.root
2026-04-28 15:12:18,581 - INFO - [2023] MISSING_CENTRAL: SR3Mu/Central/jets/4/pz in Skim_TriLep_DYJets10to50.root
2026-04-28 15:12:18,582 - INFO - [2023] MISSING_CENTRAL: SR3Mu/Central/jets/4/pz in Skim_TriLep_TTG_PTG10to100.root
2026-04-28 15:12:18,583 - INFO - [2023] MISSING_CENTRAL: SR3Mu/Central/jets/4/pz in Skim_TriLep_TTG_PTG100to200.root
2026-04-28 15:12:18,583 - INFO - [2023] MISSING_CENTRAL: SR3Mu/Central/jets/4/pz in Skim_TriLep_TTG_PTG200toInf.root
2026-04-28 15:12:18,770 - INFO - [2023] MISSING_CENTRAL: SR3Mu/Central/jets/4/pz in Skim_TriLep_WWW.root
2026-04-28 15:12:18,771 - INFO - [2023] MISSING_CENTRAL: SR3Mu/Central/jets/4/pz in Skim_TriLep_WWZ.root
2026-04-28 15:12:18,840 - INFO - [2023] MISSING_CENTRAL: SR3Mu/Central/jets/4/pz in Skim_TriLep_VBFHToZZTo4L.root
2026-04-28 15:12:18,840 - INFO - [2023] MISSING_CENTRAL: SR3Mu/Central/jets/4/pz in Skim_TriLep_ggHToZZTo4L.root
2026-05-04 17:01:35,449 - INFO - [2023] MISSING_CENTRAL: SR3Mu/Central/jets/4/pz in Skim_TriLep_Muon0_C_v2.root
2026-05-04 17:01:35,450 - INFO - [2023] MISSING_CENTRAL: SR3Mu/Central/jets/4/pz in Skim_TriLep_Muon0_C_v3.root
2026-05-04 17:01:35,451 - INFO - [2023] MISSING_CENTRAL: SR3Mu/Central/jets/4/pz in Skim_TriLep_Muon0_C_v4.root
2026-05-04 17:01:35,452 - INFO - [2023] MISSING_CENTRAL: SR3Mu/Central/jets/4/pz in Skim_TriLep_Muon1_C_v2.root
2026-05-04 17:01:35,452 - INFO - [2023] MISSING_CENTRAL: SR3Mu/Central/jets/4/pz in Skim_TriLep_Muon1_C_v3.root
2026-05-04 17:01:35,453 - INFO - [2023] MISSING_CENTRAL: SR3Mu/Central/jets/4/pz in Skim_TriLep_Muon1_C_v4.root
2026-05-04 17:01:35,484 - INFO - [2023] MISSING_CENTRAL: SR3Mu/Central/jets/4/pz in Skim_TriLep_Muon0_C_v1.root
2026-05-04 17:01:35,484 - INFO - [2023] MISSING_CENTRAL: SR3Mu/Central/jets/4/pz in Skim_TriLep_Muon0_C_v2.root
2026-05-04 17:01:35,490 - INFO - [2023] MISSING_CENTRAL: SR3Mu/Central/jets/4/pz in Skim_TriLep_Muon1_C_v2.root
2026-05-04 17:01:35,491 - INFO - [2023] MISSING_CENTRAL: SR3Mu/Central/jets/4/pz in Skim_TriLep_Muon1_C_v3.root
2026-05-04 17:01:35,495 - INFO - [2023] MISSING_CENTRAL: SR3Mu/Central/jets/4/pz in Skim_TriLep_DYJets.root
2026-05-04 17:01:35,496 - INFO - [2023] MISSING_CENTRAL: SR3Mu/Central/jets/4/pz in Skim_TriLep_DYJets10to50.root
2026-05-04 17:01:35,496 - INFO - [2023] MISSING_CENTRAL: SR3Mu/Central/jets/4/pz in Skim_TriLep_TTG_PTG10to100.root
2026-05-04 17:01:35,497 - INFO - [2023] MISSING_CENTRAL: SR3Mu/Central/jets/4/pz in Skim_TriLep_TTG_PTG100to200.root
2026-05-04 17:01:35,498 - INFO - [2023] MISSING_CENTRAL: SR3Mu/Central/jets/4/pz in Skim_TriLep_TTG_PTG200toInf.root
2026-05-04 17:01:35,684 - INFO - [2023] MISSING_CENTRAL: SR3Mu/Central/jets/4/pz in Skim_TriLep_WWW.root
2026-05-04 17:01:35,684 - INFO - [2023] MISSING_CENTRAL: SR3Mu/Central/jets/4/pz in Skim_TriLep_WWZ.root
2026-05-04 17:01:35,752 - INFO - [2023] MISSING_CENTRAL: SR3Mu/Central/jets/4/pz in Skim_TriLep_VBFHToZZTo4L.root
2026-05-04 17:01:35,753 - INFO - [2023] MISSING_CENTRAL: SR3Mu/Central/jets/4/pz in Skim_TriLep_ggHToZZTo4L.root
2026-05-04 17:10:17,836 - INFO - [2023] MISSING_CENTRAL: SR3Mu/Central/jets/4/pz in Skim_TriLep_Muon0_C_v2.root
2026-05-04 17:10:17,836 - INFO - [2023] MISSING_CENTRAL: SR3Mu/Central/jets/4/pz in Skim_TriLep_Muon0_C_v3.root
2026-05-04 17:10:17,837 - INFO - [2023] MISSING_CENTRAL: SR3Mu/Central/jets/4/pz in Skim_TriLep_Muon0_C_v4.root
2026-05-04 17:10:17,838 - INFO - [2023] MISSING_CENTRAL: SR3Mu/Central/jets/4/pz in Skim_TriLep_Muon1_C_v2.root
2026-05-04 17:10:17,839 - INFO - [2023] MISSING_CENTRAL: SR3Mu/Central/jets/4/pz in Skim_TriLep_Muon1_C_v3.root
2026-05-04 17:10:17,839 - INFO - [2023] MISSING_CENTRAL: SR3Mu/Central/jets/4/pz in Skim_TriLep_Muon1_C_v4.root
2026-05-04 17:10:17,873 - INFO - [2023] MISSING_CENTRAL: SR3Mu/Central/jets/4/pz in Skim_TriLep_Muon0_C_v1.root
2026-05-04 17:10:17,873 - INFO - [2023] MISSING_CENTRAL: SR3Mu/Central/jets/4/pz in Skim_TriLep_Muon0_C_v2.root
2026-05-04 17:10:17,880 - INFO - [2023] MISSING_CENTRAL: SR3Mu/Central/jets/4/pz in Skim_TriLep_Muon1_C_v2.root
2026-05-04 17:10:17,880 - INFO - [2023] MISSING_CENTRAL: SR3Mu/Central/jets/4/pz in Skim_TriLep_Muon1_C_v3.root
2026-05-04 17:10:17,885 - INFO - [2023] MISSING_CENTRAL: SR3Mu/Central/jets/4/pz in Skim_TriLep_DYJets.root
2026-05-04 17:10:17,885 - INFO - [2023] MISSING_CENTRAL: SR3Mu/Central/jets/4/pz in Skim_TriLep_DYJets10to50.root
2026-05-04 17:10:17,886 - INFO - [2023] MISSING_CENTRAL: SR3Mu/Central/jets/4/pz in Skim_TriLep_TTG_PTG10to100.root
2026-05-04 17:10:17,887 - INFO - [2023] MISSING_CENTRAL: SR3Mu/Central/jets/4/pz in Skim_TriLep_TTG_PTG100to200.root
2026-05-04 17:10:17,887 - INFO - [2023] MISSING_CENTRAL: SR3Mu/Central/jets/4/pz in Skim_TriLep_TTG_PTG200toInf.root
2026-05-04 17:10:18,128 - INFO - [2023] MISSING_CENTRAL: SR3Mu/Central/jets/4/pz in Skim_TriLep_WWW.root
2026-05-04 17:10:18,130 - INFO - [2023] MISSING_CENTRAL: SR3Mu/Central/jets/4/pz in Skim_TriLep_WWZ.root
2026-05-04 17:10:18,207 - INFO - [2023] MISSING_CENTRAL: SR3Mu/Central/jets/4/pz in Skim_TriLep_VBFHToZZTo4L.root
2026-05-04 17:10:18,208 - INFO - [2023] MISSING_CENTRAL: SR3Mu/Central/jets/4/pz in Skim_TriLep_ggHToZZTo4L.root
2026-05-28 15:38:32,853 - INFO - [2023] MISSING_CENTRAL: SR3Mu/Central/jets/4/pz in Skim_TriLep_Muon0_C_v2.root
2026-05-28 15:38:32,854 - INFO - [2023] MISSING_CENTRAL: SR3Mu/Central/jets/4/pz in Skim_TriLep_Muon0_C_v3.root
2026-05-28 15:38:32,855 - INFO - [2023] MISSING_CENTRAL: SR3Mu/Central/jets/4/pz in Skim_TriLep_Muon0_C_v4.root
2026-05-28 15:38:32,857 - INFO - [2023] MISSING_CENTRAL: SR3Mu/Central/jets/4/pz in Skim_TriLep_Muon1_C_v2.root
2026-05-28 15:38:32,858 - INFO - [2023] MISSING_CENTRAL: SR3Mu/Central/jets/4/pz in Skim_TriLep_Muon1_C_v3.root
2026-05-28 15:38:32,859 - INFO - [2023] MISSING_CENTRAL: SR3Mu/Central/jets/4/pz in Skim_TriLep_Muon1_C_v4.root
2026-05-28 15:38:32,897 - INFO - [2023] MISSING_CENTRAL: SR3Mu/Central/jets/4/pz in Skim_TriLep_Muon0_C_v1.root
2026-05-28 15:38:32,897 - INFO - [2023] MISSING_CENTRAL: SR3Mu/Central/jets/4/pz in Skim_TriLep_Muon0_C_v2.root
2026-05-28 15:38:32,907 - INFO - [2023] MISSING_CENTRAL: SR3Mu/Central/jets/4/pz in Skim_TriLep_Muon1_C_v2.root
2026-05-28 15:38:32,908 - INFO - [2023] MISSING_CENTRAL: SR3Mu/Central/jets/4/pz in Skim_TriLep_Muon1_C_v3.root
2026-05-28 15:38:32,915 - INFO - [2023] MISSING_CENTRAL: SR3Mu/Central/jets/4/pz in Skim_TriLep_DYJets.root
2026-05-28 15:38:32,916 - INFO - [2023] MISSING_CENTRAL: SR3Mu/Central/jets/4/pz in Skim_TriLep_DYJets10to50.root
2026-05-28 15:38:32,917 - INFO - [2023] MISSING_CENTRAL: SR3Mu/Central/jets/4/pz in Skim_TriLep_TTG_PTG10to100.root
2026-05-28 15:38:32,919 - INFO - [2023] MISSING_CENTRAL: SR3Mu/Central/jets/4/pz in Skim_TriLep_TTG_PTG100to200.root
2026-05-28 15:38:32,920 - INFO - [2023] MISSING_CENTRAL: SR3Mu/Central/jets/4/pz in Skim_TriLep_TTG_PTG200toInf.root
2026-05-28 15:38:33,214 - INFO - [2023] MISSING_CENTRAL: SR3Mu/Central/jets/4/pz in Skim_TriLep_WWW.root
2026-05-28 15:38:33,216 - INFO - [2023] MISSING_CENTRAL: SR3Mu/Central/jets/4/pz in Skim_TriLep_WWZ.root
2026-05-28 15:38:33,329 - INFO - [2023] MISSING_CENTRAL: SR3Mu/Central/jets/4/pz in Skim_TriLep_VBFHToZZTo4L.root
2026-05-28 15:38:33,330 - INFO - [2023] MISSING_CENTRAL: SR3Mu/Central/jets/4/pz in Skim_TriLep_ggHToZZTo4L.root
2026-05-28 15:47:03,276 - INFO - [2023] MISSING_CENTRAL: SR3Mu/Central/jets/4/pz in Skim_TriLep_Muon0_C_v2.root
2026-05-28 15:47:03,278 - INFO - [2023] MISSING_CENTRAL: SR3Mu/Central/jets/4/pz in Skim_TriLep_Muon0_C_v3.root
2026-05-28 15:47:03,279 - INFO - [2023] MISSING_CENTRAL: SR3Mu/Central/jets/4/pz in Skim_TriLep_Muon0_C_v4.root
2026-05-28 15:47:03,281 - INFO - [2023] MISSING_CENTRAL: SR3Mu/Central/jets/4/pz in Skim_TriLep_Muon1_C_v2.root
2026-05-28 15:47:03,284 - INFO - [2023] MISSING_CENTRAL: SR3Mu/Central/jets/4/pz in Skim_TriLep_Muon1_C_v3.root
2026-05-28 15:47:03,286 - INFO - [2023] MISSING_CENTRAL: SR3Mu/Central/jets/4/pz in Skim_TriLep_Muon1_C_v4.root
2026-05-28 15:47:03,328 - INFO - [2023] MISSING_CENTRAL: SR3Mu/Central/jets/4/pz in Skim_TriLep_Muon0_C_v1.root
2026-05-28 15:47:03,330 - INFO - [2023] MISSING_CENTRAL: SR3Mu/Central/jets/4/pz in Skim_TriLep_Muon0_C_v2.root
2026-05-28 15:47:03,345 - INFO - [2023] MISSING_CENTRAL: SR3Mu/Central/jets/4/pz in Skim_TriLep_Muon1_C_v2.root
2026-05-28 15:47:03,347 - INFO - [2023] MISSING_CENTRAL: SR3Mu/Central/jets/4/pz in Skim_TriLep_Muon1_C_v3.root
2026-05-28 15:47:03,361 - INFO - [2023] MISSING_CENTRAL: SR3Mu/Central/jets/4/pz in Skim_TriLep_DYJets.root
2026-05-28 15:47:03,362 - INFO - [2023] MISSING_CENTRAL: SR3Mu/Central/jets/4/pz in Skim_TriLep_DYJets10to50.root
2026-05-28 15:47:03,365 - INFO - [2023] MISSING_CENTRAL: SR3Mu/Central/jets/4/pz in Skim_TriLep_TTG_PTG10to100.root
2026-05-28 15:47:03,368 - INFO - [2023] MISSING_CENTRAL: SR3Mu/Central/jets/4/pz in Skim_TriLep_TTG_PTG100to200.root
2026-05-28 15:47:03,372 - INFO - [2023] MISSING_CENTRAL: SR3Mu/Central/jets/4/pz in Skim_TriLep_TTG_PTG200toInf.root
2026-05-28 15:47:03,677 - INFO - [2023] MISSING_CENTRAL: SR3Mu/Central/jets/4/pz in Skim_TriLep_WWW.root
2026-05-28 15:47:03,679 - INFO - [2023] MISSING_CENTRAL: SR3Mu/Central/jets/4/pz in Skim_TriLep_WWZ.root
2026-05-28 15:47:03,795 - INFO - [2023] MISSING_CENTRAL: SR3Mu/Central/jets/4/pz in Skim_TriLep_VBFHToZZTo4L.root
2026-05-28 15:47:03,796 - INFO - [2023] MISSING_CENTRAL: SR3Mu/Central/jets/4/pz in Skim_TriLep_ggHToZZTo4L.root
2026-05-29 15:29:19,368 - INFO - [2023] MISSING_CENTRAL: SR3Mu/Central/jets/4/pz in Skim_TriLep_Muon0_C_v2.root
2026-05-29 15:29:19,369 - INFO - [2023] MISSING_CENTRAL: SR3Mu/Central/jets/4/pz in Skim_TriLep_Muon0_C_v3.root
2026-05-29 15:29:19,369 - INFO - [2023] MISSING_CENTRAL: SR3Mu/Central/jets/4/pz in Skim_TriLep_Muon0_C_v4.root
2026-05-29 15:29:19,370 - INFO - [2023] MISSING_CENTRAL: SR3Mu/Central/jets/4/pz in Skim_TriLep_Muon1_C_v2.root
2026-05-29 15:29:19,371 - INFO - [2023] MISSING_CENTRAL: SR3Mu/Central/jets/4/pz in Skim_TriLep_Muon1_C_v3.root
2026-05-29 15:29:19,371 - INFO - [2023] MISSING_CENTRAL: SR3Mu/Central/jets/4/pz in Skim_TriLep_Muon1_C_v4.root
2026-05-29 15:29:19,403 - INFO - [2023] MISSING_CENTRAL: SR3Mu/Central/jets/4/pz in Skim_TriLep_Muon0_C_v1.root
2026-05-29 15:29:19,403 - INFO - [2023] MISSING_CENTRAL: SR3Mu/Central/jets/4/pz in Skim_TriLep_Muon0_C_v2.root
2026-05-29 15:29:19,409 - INFO - [2023] MISSING_CENTRAL: SR3Mu/Central/jets/4/pz in Skim_TriLep_Muon1_C_v2.root
2026-05-29 15:29:19,410 - INFO - [2023] MISSING_CENTRAL: SR3Mu/Central/jets/4/pz in Skim_TriLep_Muon1_C_v3.root
2026-05-29 15:29:19,414 - INFO - [2023] MISSING_CENTRAL: SR3Mu/Central/jets/4/pz in Skim_TriLep_DYJets.root
2026-05-29 15:29:19,415 - INFO - [2023] MISSING_CENTRAL: SR3Mu/Central/jets/4/pz in Skim_TriLep_DYJets10to50.root
2026-05-29 15:29:19,416 - INFO - [2023] MISSING_CENTRAL: SR3Mu/Central/jets/4/pz in Skim_TriLep_TTG_PTG10to100.root
2026-05-29 15:29:19,416 - INFO - [2023] MISSING_CENTRAL: SR3Mu/Central/jets/4/pz in Skim_TriLep_TTG_PTG100to200.root
2026-05-29 15:29:19,417 - INFO - [2023] MISSING_CENTRAL: SR3Mu/Central/jets/4/pz in Skim_TriLep_TTG_PTG200toInf.root
2026-05-29 15:29:19,599 - INFO - [2023] MISSING_CENTRAL: SR3Mu/Central/jets/4/pz in Skim_TriLep_WWW.root
2026-05-29 15:29:19,599 - INFO - [2023] MISSING_CENTRAL: SR3Mu/Central/jets/4/pz in Skim_TriLep_WWZ.root
2026-05-29 15:29:19,667 - INFO - [2023] MISSING_CENTRAL: SR3Mu/Central/jets/4/pz in Skim_TriLep_VBFHToZZTo4L.root
2026-05-29 15:29:19,667 - INFO - [2023] MISSING_CENTRAL: SR3Mu/Central/jets/4/pz in Skim_TriLep_ggHToZZTo4L.root
2026-05-29 15:38:01,486 - INFO - [2023] MISSING_CENTRAL: SR3Mu/Central/jets/4/pz in Skim_TriLep_Muon0_C_v2.root
2026-05-29 15:38:01,487 - INFO - [2023] MISSING_CENTRAL: SR3Mu/Central/jets/4/pz in Skim_TriLep_Muon0_C_v3.root
2026-05-29 15:38:01,487 - INFO - [2023] MISSING_CENTRAL: SR3Mu/Central/jets/4/pz in Skim_TriLep_Muon0_C_v4.root
2026-05-29 15:38:01,489 - INFO - [2023] MISSING_CENTRAL: SR3Mu/Central/jets/4/pz in Skim_TriLep_Muon1_C_v2.root
2026-05-29 15:38:01,489 - INFO - [2023] MISSING_CENTRAL: SR3Mu/Central/jets/4/pz in Skim_TriLep_Muon1_C_v3.root
2026-05-29 15:38:01,490 - INFO - [2023] MISSING_CENTRAL: SR3Mu/Central/jets/4/pz in Skim_TriLep_Muon1_C_v4.root
2026-05-29 15:38:01,522 - INFO - [2023] MISSING_CENTRAL: SR3Mu/Central/jets/4/pz in Skim_TriLep_Muon0_C_v1.root
2026-05-29 15:38:01,523 - INFO - [2023] MISSING_CENTRAL: SR3Mu/Central/jets/4/pz in Skim_TriLep_Muon0_C_v2.root
2026-05-29 15:38:01,529 - INFO - [2023] MISSING_CENTRAL: SR3Mu/Central/jets/4/pz in Skim_TriLep_Muon1_C_v2.root
2026-05-29 15:38:01,530 - INFO - [2023] MISSING_CENTRAL: SR3Mu/Central/jets/4/pz in Skim_TriLep_Muon1_C_v3.root
2026-05-29 15:38:01,535 - INFO - [2023] MISSING_CENTRAL: SR3Mu/Central/jets/4/pz in Skim_TriLep_DYJets.root
2026-05-29 15:38:01,535 - INFO - [2023] MISSING_CENTRAL: SR3Mu/Central/jets/4/pz in Skim_TriLep_DYJets10to50.root
2026-05-29 15:38:01,536 - INFO - [2023] MISSING_CENTRAL: SR3Mu/Central/jets/4/pz in Skim_TriLep_TTG_PTG10to100.root
2026-05-29 15:38:01,536 - INFO - [2023] MISSING_CENTRAL: SR3Mu/Central/jets/4/pz in Skim_TriLep_TTG_PTG100to200.root
2026-05-29 15:38:01,537 - INFO - [2023] MISSING_CENTRAL: SR3Mu/Central/jets/4/pz in Skim_TriLep_TTG_PTG200toInf.root
2026-05-29 15:38:01,720 - INFO - [2023] MISSING_CENTRAL: SR3Mu/Central/jets/4/pz in Skim_TriLep_WWW.root
2026-05-29 15:38:01,721 - INFO - [2023] MISSING_CENTRAL: SR3Mu/Central/jets/4/pz in Skim_TriLep_WWZ.root
2026-05-29 15:38:01,793 - INFO - [2023] MISSING_CENTRAL: SR3Mu/Central/jets/4/pz in Skim_TriLep_VBFHToZZTo4L.root
2026-05-29 15:38:01,794 - INFO - [2023] MISSING_CENTRAL: SR3Mu/Central/jets/4/pz in Skim_TriLep_ggHToZZTo4L.root
2026-05-29 18:20:30,428 - INFO - [2023] MISSING_CENTRAL: SR3Mu/Central/jets/4/pz in Skim_TriLep_Muon0_C_v2.root
2026-05-29 18:20:30,428 - INFO - [2023] MISSING_CENTRAL: SR3Mu/Central/jets/4/pz in Skim_TriLep_Muon0_C_v3.root
2026-05-29 18:20:30,429 - INFO - [2023] MISSING_CENTRAL: SR3Mu/Central/jets/4/pz in Skim_TriLep_Muon0_C_v4.root
2026-05-29 18:20:30,430 - INFO - [2023] MISSING_CENTRAL: SR3Mu/Central/jets/4/pz in Skim_TriLep_Muon1_C_v2.root
2026-05-29 18:20:30,431 - INFO - [2023] MISSING_CENTRAL: SR3Mu/Central/jets/4/pz in Skim_TriLep_Muon1_C_v3.root
2026-05-29 18:20:30,431 - INFO - [2023] MISSING_CENTRAL: SR3Mu/Central/jets/4/pz in Skim_TriLep_Muon1_C_v4.root
2026-05-29 18:20:30,463 - INFO - [2023] MISSING_CENTRAL: SR3Mu/Central/jets/4/pz in Skim_TriLep_Muon0_C_v1.root
2026-05-29 18:20:30,463 - INFO - [2023] MISSING_CENTRAL: SR3Mu/Central/jets/4/pz in Skim_TriLep_Muon0_C_v2.root
2026-05-29 18:20:30,469 - INFO - [2023] MISSING_CENTRAL: SR3Mu/Central/jets/4/pz in Skim_TriLep_Muon1_C_v2.root
2026-05-29 18:20:30,470 - INFO - [2023] MISSING_CENTRAL: SR3Mu/Central/jets/4/pz in Skim_TriLep_Muon1_C_v3.root
2026-05-29 18:20:30,475 - INFO - [2023] MISSING_CENTRAL: SR3Mu/Central/jets/4/pz in Skim_TriLep_DYJets.root
2026-05-29 18:20:30,475 - INFO - [2023] MISSING_CENTRAL: SR3Mu/Central/jets/4/pz in Skim_TriLep_DYJets10to50.root
2026-05-29 18:20:30,476 - INFO - [2023] MISSING_CENTRAL: SR3Mu/Central/jets/4/pz in Skim_TriLep_TTG_PTG10to100.root
2026-05-29 18:20:30,476 - INFO - [2023] MISSING_CENTRAL: SR3Mu/Central/jets/4/pz in Skim_TriLep_TTG_PTG100to200.root
2026-05-29 18:20:30,477 - INFO - [2023] MISSING_CENTRAL: SR3Mu/Central/jets/4/pz in Skim_TriLep_TTG_PTG200toInf.root
2026-05-29 18:20:30,665 - INFO - [2023] MISSING_CENTRAL: SR3Mu/Central/jets/4/pz in Skim_TriLep_WWW.root
2026-05-29 18:20:30,665 - INFO - [2023] MISSING_CENTRAL: SR3Mu/Central/jets/4/pz in Skim_TriLep_WWZ.root
2026-05-29 18:20:30,735 - INFO - [2023] MISSING_CENTRAL: SR3Mu/Central/jets/4/pz in Skim_TriLep_VBFHToZZTo4L.root
2026-05-29 18:20:30,736 - INFO - [2023] MISSING_CENTRAL: SR3Mu/Central/jets/4/pz in Skim_TriLep_ggHToZZTo4L.root
2026-05-29 18:29:22,725 - INFO - [2023] MISSING_CENTRAL: SR3Mu/Central/jets/4/pz in Skim_TriLep_Muon0_C_v2.root
2026-05-29 18:29:22,725 - INFO - [2023] MISSING_CENTRAL: SR3Mu/Central/jets/4/pz in Skim_TriLep_Muon0_C_v3.root
2026-05-29 18:29:22,726 - INFO - [2023] MISSING_CENTRAL: SR3Mu/Central/jets/4/pz in Skim_TriLep_Muon0_C_v4.root
2026-05-29 18:29:22,727 - INFO - [2023] MISSING_CENTRAL: SR3Mu/Central/jets/4/pz in Skim_TriLep_Muon1_C_v2.root
2026-05-29 18:29:22,727 - INFO - [2023] MISSING_CENTRAL: SR3Mu/Central/jets/4/pz in Skim_TriLep_Muon1_C_v3.root
2026-05-29 18:29:22,728 - INFO - [2023] MISSING_CENTRAL: SR3Mu/Central/jets/4/pz in Skim_TriLep_Muon1_C_v4.root
2026-05-29 18:29:22,760 - INFO - [2023] MISSING_CENTRAL: SR3Mu/Central/jets/4/pz in Skim_TriLep_Muon0_C_v1.root
2026-05-29 18:29:22,761 - INFO - [2023] MISSING_CENTRAL: SR3Mu/Central/jets/4/pz in Skim_TriLep_Muon0_C_v2.root
2026-05-29 18:29:22,767 - INFO - [2023] MISSING_CENTRAL: SR3Mu/Central/jets/4/pz in Skim_TriLep_Muon1_C_v2.root
2026-05-29 18:29:22,767 - INFO - [2023] MISSING_CENTRAL: SR3Mu/Central/jets/4/pz in Skim_TriLep_Muon1_C_v3.root
2026-05-29 18:29:22,772 - INFO - [2023] MISSING_CENTRAL: SR3Mu/Central/jets/4/pz in Skim_TriLep_DYJets.root
2026-05-29 18:29:22,773 - INFO - [2023] MISSING_CENTRAL: SR3Mu/Central/jets/4/pz in Skim_TriLep_DYJets10to50.root
2026-05-29 18:29:22,773 - INFO - [2023] MISSING_CENTRAL: SR3Mu/Central/jets/4/pz in Skim_TriLep_TTG_PTG10to100.root
2026-05-29 18:29:22,774 - INFO - [2023] MISSING_CENTRAL: SR3Mu/Central/jets/4/pz in Skim_TriLep_TTG_PTG100to200.root
2026-05-29 18:29:22,774 - INFO - [2023] MISSING_CENTRAL: SR3Mu/Central/jets/4/pz in Skim_TriLep_TTG_PTG200toInf.root
2026-05-29 18:29:22,953 - INFO - [2023] MISSING_CENTRAL: SR3Mu/Central/jets/4/pz in Skim_TriLep_WWW.root
2026-05-29 18:29:22,954 - INFO - [2023] MISSING_CENTRAL: SR3Mu/Central/jets/4/pz in Skim_TriLep_WWZ.root
2026-05-29 18:29:23,020 - INFO - [2023] MISSING_CENTRAL: SR3Mu/Central/jets/4/pz in Skim_TriLep_VBFHToZZTo4L.root
2026-05-29 18:29:23,021 - INFO - [2023] MISSING_CENTRAL: SR3Mu/Central/jets/4/pz in Skim_TriLep_ggHToZZTo4L.root
2026-06-12 14:08:45,361 - INFO - [2023] MISSING_CENTRAL: SR3Mu/Central/jets/4/pz in Skim_TriLep_Muon0_C_v2.root
2026-06-12 14:08:45,362 - INFO - [2023] MISSING_CENTRAL: SR3Mu/Central/jets/4/pz in Skim_TriLep_Muon0_C_v3.root
2026-06-12 14:08:45,363 - INFO - [2023] MISSING_CENTRAL: SR3Mu/Central/jets/4/pz in Skim_TriLep_Muon0_C_v4.root
2026-06-12 14:08:45,364 - INFO - [2023] MISSING_CENTRAL: SR3Mu/Central/jets/4/pz in Skim_TriLep_Muon1_C_v2.root
2026-06-12 14:08:45,364 - INFO - [2023] MISSING_CENTRAL: SR3Mu/Central/jets/4/pz in Skim_TriLep_Muon1_C_v3.root
2026-06-12 14:08:45,365 - INFO - [2023] MISSING_CENTRAL: SR3Mu/Central/jets/4/pz in Skim_TriLep_Muon1_C_v4.root
2026-06-12 14:08:45,397 - INFO - [2023] MISSING_CENTRAL: SR3Mu/Central/jets/4/pz in Skim_TriLep_Muon0_C_v1.root
2026-06-12 14:08:45,397 - INFO - [2023] MISSING_CENTRAL: SR3Mu/Central/jets/4/pz in Skim_TriLep_Muon0_C_v2.root
2026-06-12 14:08:45,404 - INFO - [2023] MISSING_CENTRAL: SR3Mu/Central/jets/4/pz in Skim_TriLep_Muon1_C_v2.root
2026-06-12 14:08:45,404 - INFO - [2023] MISSING_CENTRAL: SR3Mu/Central/jets/4/pz in Skim_TriLep_Muon1_C_v3.root
2026-06-12 14:08:45,409 - INFO - [2023] MISSING_CENTRAL: SR3Mu/Central/jets/4/pz in Skim_TriLep_DYJets.root
2026-06-12 14:08:45,410 - INFO - [2023] MISSING_CENTRAL: SR3Mu/Central/jets/4/pz in Skim_TriLep_DYJets10to50.root
2026-06-12 14:08:45,411 - INFO - [2023] MISSING_CENTRAL: SR3Mu/Central/jets/4/pz in Skim_TriLep_TTG_PTG10to100.root
2026-06-12 14:08:45,411 - INFO - [2023] MISSING_CENTRAL: SR3Mu/Central/jets/4/pz in Skim_TriLep_TTG_PTG100to200.root
2026-06-12 14:08:45,412 - INFO - [2023] MISSING_CENTRAL: SR3Mu/Central/jets/4/pz in Skim_TriLep_TTG_PTG200toInf.root
2026-06-12 14:08:45,597 - INFO - [2023] MISSING_CENTRAL: SR3Mu/Central/jets/4/pz in Skim_TriLep_WWW.root
2026-06-12 14:08:45,597 - INFO - [2023] MISSING_CENTRAL: SR3Mu/Central/jets/4/pz in Skim_TriLep_WWZ.root
2026-06-12 14:08:45,664 - INFO - [2023] MISSING_CENTRAL: SR3Mu/Central/jets/4/pz in Skim_TriLep_VBFHToZZTo4L.root
2026-06-12 14:08:45,665 - INFO - [2023] MISSING_CENTRAL: SR3Mu/Central/jets/4/pz in Skim_TriLep_ggHToZZTo4L.root
2026-06-12 14:31:39,065 - INFO - [2023] MISSING_CENTRAL: SR3Mu/Central/jets/4/pz in Skim_TriLep_Muon0_C_v2.root
2026-06-12 14:31:39,066 - INFO - [2023] MISSING_CENTRAL: SR3Mu/Central/jets/4/pz in Skim_TriLep_Muon0_C_v3.root
2026-06-12 14:31:39,066 - INFO - [2023] MISSING_CENTRAL: SR3Mu/Central/jets/4/pz in Skim_TriLep_Muon0_C_v4.root
2026-06-12 14:31:39,068 - INFO - [2023] MISSING_CENTRAL: SR3Mu/Central/jets/4/pz in Skim_TriLep_Muon1_C_v2.root
2026-06-12 14:31:39,068 - INFO - [2023] MISSING_CENTRAL: SR3Mu/Central/jets/4/pz in Skim_TriLep_Muon1_C_v3.root
2026-06-12 14:31:39,069 - INFO - [2023] MISSING_CENTRAL: SR3Mu/Central/jets/4/pz in Skim_TriLep_Muon1_C_v4.root
2026-06-12 14:31:39,103 - INFO - [2023] MISSING_CENTRAL: SR3Mu/Central/jets/4/pz in Skim_TriLep_Muon0_C_v1.root
2026-06-12 14:31:39,103 - INFO - [2023] MISSING_CENTRAL: SR3Mu/Central/jets/4/pz in Skim_TriLep_Muon0_C_v2.root
2026-06-12 14:31:39,110 - INFO - [2023] MISSING_CENTRAL: SR3Mu/Central/jets/4/pz in Skim_TriLep_Muon1_C_v2.root
2026-06-12 14:31:39,110 - INFO - [2023] MISSING_CENTRAL: SR3Mu/Central/jets/4/pz in Skim_TriLep_Muon1_C_v3.root
2026-06-12 14:31:39,115 - INFO - [2023] MISSING_CENTRAL: SR3Mu/Central/jets/4/pz in Skim_TriLep_DYJets.root
2026-06-12 14:31:39,116 - INFO - [2023] MISSING_CENTRAL: SR3Mu/Central/jets/4/pz in Skim_TriLep_DYJets10to50.root
2026-06-12 14:31:39,117 - INFO - [2023] MISSING_CENTRAL: SR3Mu/Central/jets/4/pz in Skim_TriLep_TTG_PTG10to100.root
2026-06-12 14:31:39,117 - INFO - [2023] MISSING_CENTRAL: SR3Mu/Central/jets/4/pz in Skim_TriLep_TTG_PTG100to200.root
2026-06-12 14:31:39,118 - INFO - [2023] MISSING_CENTRAL: SR3Mu/Central/jets/4/pz in Skim_TriLep_TTG_PTG200toInf.root
2026-06-12 14:31:39,310 - INFO - [2023] MISSING_CENTRAL: SR3Mu/Central/jets/4/pz in Skim_TriLep_WWW.root
2026-06-12 14:31:39,310 - INFO - [2023] MISSING_CENTRAL: SR3Mu/Central/jets/4/pz in Skim_TriLep_WWZ.root
2026-06-12 14:31:39,379 - INFO - [2023] MISSING_CENTRAL: SR3Mu/Central/jets/4/pz in Skim_TriLep_VBFHToZZTo4L.root
2026-06-12 14:31:39,380 - INFO - [2023] MISSING_CENTRAL: SR3Mu/Central/jets/4/pz in Skim_TriLep_ggHToZZTo4L.root
2026-06-18 00:26:15,469 - INFO - [2023] MISSING_CENTRAL: SR3Mu/Central/jets/4/pz in Skim_TriLep_Muon0_C_v2.root
2026-06-18 00:26:15,470 - INFO - [2023] MISSING_CENTRAL: SR3Mu/Central/jets/4/pz in Skim_TriLep_Muon0_C_v3.root
2026-06-18 00:26:15,470 - INFO - [2023] MISSING_CENTRAL: SR3Mu/Central/jets/4/pz in Skim_TriLep_Muon0_C_v4.root
2026-06-18 00:26:15,471 - INFO - [2023] MISSING_CENTRAL: SR3Mu/Central/jets/4/pz in Skim_TriLep_Muon1_C_v2.root
2026-06-18 00:26:15,472 - INFO - [2023] MISSING_CENTRAL: SR3Mu/Central/jets/4/pz in Skim_TriLep_Muon1_C_v3.root
2026-06-18 00:26:15,472 - INFO - [2023] MISSING_CENTRAL: SR3Mu/Central/jets/4/pz in Skim_TriLep_Muon1_C_v4.root
2026-06-18 00:26:15,502 - INFO - [2023] MISSING_CENTRAL: SR3Mu/Central/jets/4/pz in Skim_TriLep_Muon0_C_v1.root
2026-06-18 00:26:15,503 - INFO - [2023] MISSING_CENTRAL: SR3Mu/Central/jets/4/pz in Skim_TriLep_Muon0_C_v2.root
2026-06-18 00:26:15,509 - INFO - [2023] MISSING_CENTRAL: SR3Mu/Central/jets/4/pz in Skim_TriLep_Muon1_C_v2.root
2026-06-18 00:26:15,510 - INFO - [2023] MISSING_CENTRAL: SR3Mu/Central/jets/4/pz in Skim_TriLep_Muon1_C_v3.root
2026-06-18 00:26:15,515 - INFO - [2023] MISSING_CENTRAL: SR3Mu/Central/jets/4/pz in Skim_TriLep_DYJets.root
2026-06-18 00:26:15,515 - INFO - [2023] MISSING_CENTRAL: SR3Mu/Central/jets/4/pz in Skim_TriLep_DYJets10to50.root
2026-06-18 00:26:15,516 - INFO - [2023] MISSING_CENTRAL: SR3Mu/Central/jets/4/pz in Skim_TriLep_TTG_PTG10to100.root
2026-06-18 00:26:15,517 - INFO - [2023] MISSING_CENTRAL: SR3Mu/Central/jets/4/pz in Skim_TriLep_TTG_PTG100to200.root
2026-06-18 00:26:15,517 - INFO - [2023] MISSING_CENTRAL: SR3Mu/Central/jets/4/pz in Skim_TriLep_TTG_PTG200toInf.root
2026-06-18 00:26:15,700 - INFO - [2023] MISSING_CENTRAL: SR3Mu/Central/jets/4/pz in Skim_TriLep_WWW.root
2026-06-18 00:26:15,701 - INFO - [2023] MISSING_CENTRAL: SR3Mu/Central/jets/4/pz in Skim_TriLep_WWZ.root
2026-06-18 00:26:15,771 - INFO - [2023] MISSING_CENTRAL: SR3Mu/Central/jets/4/pz in Skim_TriLep_VBFHToZZTo4L.root
2026-06-18 00:26:15,772 - INFO - [2023] MISSING_CENTRAL: SR3Mu/Central/jets/4/pz in Skim_TriLep_ggHToZZTo4L.root
2026-07-01 17:40:48,281 - INFO - [2023] MISSING_CENTRAL: SR3Mu/Central/jets/4/pz in Skim_TriLep_Muon0_C_v2.root
2026-07-01 17:40:48,282 - INFO - [2023] MISSING_CENTRAL: SR3Mu/Central/jets/4/pz in Skim_TriLep_Muon0_C_v3.root
2026-07-01 17:40:48,283 - INFO - [2023] MISSING_CENTRAL: SR3Mu/Central/jets/4/pz in Skim_TriLep_Muon0_C_v4.root
2026-07-01 17:40:48,285 - INFO - [2023] MISSING_CENTRAL: SR3Mu/Central/jets/4/pz in Skim_TriLep_Muon1_C_v2.root
2026-07-01 17:40:48,315 - INFO - [2023] MISSING_CENTRAL: SR3Mu/Central/jets/4/pz in Skim_TriLep_Muon1_C_v3.root
2026-07-01 17:40:48,316 - INFO - [2023] MISSING_CENTRAL: SR3Mu/Central/jets/4/pz in Skim_TriLep_Muon1_C_v4.root
2026-07-01 17:40:48,360 - INFO - [2023] MISSING_CENTRAL: SR3Mu/Central/jets/4/pz in Skim_TriLep_Muon0_C_v1.root
2026-07-01 17:40:48,361 - INFO - [2023] MISSING_CENTRAL: SR3Mu/Central/jets/4/pz in Skim_TriLep_Muon0_C_v2.root
2026-07-01 17:40:48,373 - INFO - [2023] MISSING_CENTRAL: SR3Mu/Central/jets/4/pz in Skim_TriLep_Muon1_C_v2.root
2026-07-01 17:40:48,374 - INFO - [2023] MISSING_CENTRAL: SR3Mu/Central/jets/4/pz in Skim_TriLep_Muon1_C_v3.root
2026-07-01 17:40:48,383 - INFO - [2023] MISSING_CENTRAL: SR3Mu/Central/jets/4/pz in Skim_TriLep_DYJets.root
2026-07-01 17:40:48,384 - INFO - [2023] MISSING_CENTRAL: SR3Mu/Central/jets/4/pz in Skim_TriLep_DYJets10to50.root
2026-07-01 17:40:48,385 - INFO - [2023] MISSING_CENTRAL: SR3Mu/Central/jets/4/pz in Skim_TriLep_TTG_PTG10to100.root
2026-07-01 17:40:48,386 - INFO - [2023] MISSING_CENTRAL: SR3Mu/Central/jets/4/pz in Skim_TriLep_TTG_PTG100to200.root
2026-07-01 17:40:48,387 - INFO - [2023] MISSING_CENTRAL: SR3Mu/Central/jets/4/pz in Skim_TriLep_TTG_PTG200toInf.root
2026-07-01 17:40:48,835 - INFO - [2023] MISSING_CENTRAL: SR3Mu/Central/jets/4/pz in Skim_TriLep_WWW.root
2026-07-01 17:40:48,837 - INFO - [2023] MISSING_CENTRAL: SR3Mu/Central/jets/4/pz in Skim_TriLep_WWZ.root
2026-07-01 17:40:48,951 - INFO - [2023] MISSING_CENTRAL: SR3Mu/Central/jets/4/pz in Skim_TriLep_VBFHToZZTo4L.root
2026-07-01 17:40:48,952 - INFO - [2023] MISSING_CENTRAL: SR3Mu/Central/jets/4/pz in Skim_TriLep_ggHToZZTo4L.root
2026-07-21 19:38:21,744 - INFO - [2023] MISSING_CENTRAL: SR3Mu/Central/jets/4/pz in Skim_TriLep_Muon0_C_v2.root
2026-07-21 19:38:21,745 - INFO - [2023] MISSING_CENTRAL: SR3Mu/Central/jets/4/pz in Skim_TriLep_Muon0_C_v3.root
2026-07-21 19:38:21,745 - INFO - [2023] MISSING_CENTRAL: SR3Mu/Central/jets/4/pz in Skim_TriLep_Muon0_C_v4.root
2026-07-21 19:38:21,746 - INFO - [2023] MISSING_CENTRAL: SR3Mu/Central/jets/4/pz in Skim_TriLep_Muon1_C_v2.root
2026-07-21 19:38:21,746 - INFO - [2023] MISSING_CENTRAL: SR3Mu/Central/jets/4/pz in Skim_TriLep_Muon1_C_v3.root
2026-07-21 19:38:21,746 - INFO - [2023] MISSING_CENTRAL: SR3Mu/Central/jets/4/pz in Skim_TriLep_Muon1_C_v4.root
2026-07-21 19:38:21,771 - INFO - [2023] MISSING_CENTRAL: SR3Mu/Central/jets/4/pz in Skim_TriLep_Muon0_C_v1.root
2026-07-21 19:38:21,771 - INFO - [2023] MISSING_CENTRAL: SR3Mu/Central/jets/4/pz in Skim_TriLep_Muon0_C_v2.root
2026-07-21 19:38:21,776 - INFO - [2023] MISSING_CENTRAL: SR3Mu/Central/jets/4/pz in Skim_TriLep_Muon1_C_v2.root
2026-07-21 19:38:21,776 - INFO - [2023] MISSING_CENTRAL: SR3Mu/Central/jets/4/pz in Skim_TriLep_Muon1_C_v3.root
2026-07-21 19:38:21,780 - INFO - [2023] MISSING_CENTRAL: SR3Mu/Central/jets/4/pz in Skim_TriLep_DYJets.root
2026-07-21 19:38:21,781 - INFO - [2023] MISSING_CENTRAL: SR3Mu/Central/jets/4/pz in Skim_TriLep_DYJets10to50.root
2026-07-21 19:38:21,781 - INFO - [2023] MISSING_CENTRAL: SR3Mu/Central/jets/4/pz in Skim_TriLep_TTG_PTG10to100.root
2026-07-21 19:38:21,781 - INFO - [2023] MISSING_CENTRAL: SR3Mu/Central/jets/4/pz in Skim_TriLep_TTG_PTG100to200.root
2026-07-21 19:38:21,782 - INFO - [2023] MISSING_CENTRAL: SR3Mu/Central/jets/4/pz in Skim_TriLep_TTG_PTG200toInf.root
2026-07-21 19:38:23,455 - INFO - [2023] MISSING_CENTRAL: SR3Mu/Central/jets/4/pz in Skim_TriLep_WWW.root
2026-07-21 19:38:23,456 - INFO - [2023] MISSING_CENTRAL: SR3Mu/Central/jets/4/pz in Skim_TriLep_WWZ.root
2026-07-21 19:38:23,624 - INFO - [2023] MISSING_CENTRAL: SR3Mu/Central/jets/4/pz in Skim_TriLep_VBFHToZZTo4L.root
2026-07-21 19:38:23,625 - INFO - [2023] MISSING_CENTRAL: SR3Mu/Central/jets/4/pz in Skim_TriLep_ggHToZZTo4L.root
