{
  "Central": {
    "ptcorr_10to12_EB1": 4617.603096008301,
    "ptcorr_10to12_EB2": 2759.535057067871,
    "ptcorr_10to12_EE": 2106.8441734313965,
    "ptcorr_12to14_EB1": 5344.222305297852,
    "ptcorr_12to14_EB2": 3165.13037109375,
    "ptcorr_12to14_EE": 2400.2915000915527,
    "ptcorr_14to17_EB1": 8184.799346923828,
    "ptcorr_14to17_EB2": 4759.701988220215,
    "ptcorr_14to17_EE": 4004.700370788574,
    "ptcorr_17to20_EB1": 8368.787033081055,
    "ptcorr_17to20_EB2": 4786.298721313477,
    "ptcorr_17to20_EE": 3822.4905700683594,
    "ptcorr_20to30_EB1": 30268.008666992188,
    "ptcorr_20to30_EB2": 15868.15805053711,
    "ptcorr_20to30_EE": 12663.389587402344,
    "ptcorr_30to50_EB1": 37999.08703613281,
    "ptcorr_30to50_EB2": 29922.499755859375,
    "ptcorr_30to50_EE": 27759.305419921875,
    "ptcorr_50to100_EB1": 10254.667358398438,
    "ptcorr_50to100_EB2": 8937.950469970703,
    "ptcorr_50to100_EE": 9405.95767211914,
    "ptcorr_100to200_EB1": 1122.6992416381836,
    "ptcorr_100to200_EB2": 859.0071754455566,
    "ptcorr_100to200_EE": 1178.4807605743408
  },
  "MotherJetPt_Up": {
    "ptcorr_10to12_EB1": 1370.708688735962,
    "ptcorr_10to12_EB2": 754.2769155502319,
    "ptcorr_10to12_EE": 604.4449186325073,
    "ptcorr_12to14_EB1": 1476.4777946472168,
    "ptcorr_12to14_EB2": 842.1524391174316,
    "ptcorr_12to14_EE": 635.766393661499,
    "ptcorr_14to17_EB1": 1990.518913269043,
    "ptcorr_14to17_EB2": 1169.4443397521973,
    "ptcorr_14to17_EE": 1046.0171165466309,
    "ptcorr_17to20_EB1": 1936.5200538635254,
    "ptcorr_17to20_EB2": 1076.2316398620605,
    "ptcorr_17to20_EE": 955.9111914634705,
    "ptcorr_20to30_EB1": 6007.393280029297,
    "ptcorr_20to30_EB2": 4003.6659927368164,
    "ptcorr_20to30_EE": 3161.990898132324,
    "ptcorr_30to50_EB1": 9834.665069580078,
    "ptcorr_30to50_EB2": 10680.802062988281,
    "ptcorr_30to50_EE": 14158.244232177734,
    "ptcorr_50to100_EB1": 6408.180389404297,
    "ptcorr_50to100_EB2": 5325.861618041992,
    "ptcorr_50to100_EE": 5589.260559082031,
    "ptcorr_100to200_EB1": 1011.1823825836182,
    "ptcorr_100to200_EB2": 820.8843641281128,
    "ptcorr_100to200_EE": 1068.7040042877197
  },
  "MotherJetPt_Down": {
    "ptcorr_10to12_EB1": 16922.528076171875,
    "ptcorr_10to12_EB2": 11021.107482910156,
    "ptcorr_10to12_EE": 8441.265548706055,
    "ptcorr_12to14_EB1": 18941.10565185547,
    "ptcorr_12to14_EB2": 12324.885009765625,
    "ptcorr_12to14_EE": 9409.43392944336,
    "ptcorr_14to17_EB1": 29457.60888671875,
    "ptcorr_14to17_EB2": 17895.534423828125,
    "ptcorr_14to17_EE": 13892.879119873047,
    "ptcorr_17to20_EB1": 29099.43798828125,
    "ptcorr_17to20_EB2": 15916.313781738281,
    "ptcorr_17to20_EE": 12704.728515625,
    "ptcorr_20to30_EB1": 76136.56372070312,
    "ptcorr_20to30_EB2": 38943.26318359375,
    "ptcorr_20to30_EE": 32005.4150390625,
    "ptcorr_30to50_EB1": 58344.606689453125,
    "ptcorr_30to50_EB2": 43313.118896484375,
    "ptcorr_30to50_EE": 40853.90588378906,
    "ptcorr_50to100_EB1": 12847.686401367188,
    "ptcorr_50to100_EB2": 11377.828704833984,
    "ptcorr_50to100_EE": 12151.396362304688,
    "ptcorr_100to200_EB1": 1212.4754905700684,
    "ptcorr_100to200_EB2": 934.4514074325562,
    "ptcorr_100to200_EE": 1329.0626907348633
  },
  "RequireHeavyTag": {
    "ptcorr_10to12_EB1": 260.5672825574875,
    "ptcorr_10to12_EB2": 132.39220371842384,
    "ptcorr_10to12_EE": 89.05092576146126,
    "ptcorr_12to14_EB1": 238.3431578874588,
    "ptcorr_12to14_EB2": 140.91636788845062,
    "ptcorr_12to14_EE": 122.93328785896301,
    "ptcorr_14to17_EB1": 347.78568983078003,
    "ptcorr_14to17_EB2": 214.59333634376526,
    "ptcorr_14to17_EE": 168.72969317436218,
    "ptcorr_17to20_EB1": 312.3387804031372,
    "ptcorr_17to20_EB2": 195.142702460289,
    "ptcorr_17to20_EE": 112.08411109447479,
    "ptcorr_20to30_EB1": 933.1020832061768,
    "ptcorr_20to30_EB2": 569.8057594299316,
    "ptcorr_20to30_EE": 433.4057240486145,
    "ptcorr_30to50_EB1": 1037.6596393585205,
    "ptcorr_30to50_EB2": 657.9774398803711,
    "ptcorr_30to50_EE": 505.0528726577759,
    "ptcorr_50to100_EB1": 546.3934326171875,
    "ptcorr_50to100_EB2": 433.88084185123444,
    "ptcorr_50to100_EE": 372.4709552526474,
    "ptcorr_100to200_EB1": 93.96024388074875,
    "ptcorr_100to200_EB2": 32.983206167817116,
    "ptcorr_100to200_EE": 42.43832513689995
  },
  "Stat": {
    "ptcorr_10to12_EB1": 109.56097839885413,
    "ptcorr_10to12_EB2": 86.04686046146661,
    "ptcorr_10to12_EE": 76.5327473325701,
    "ptcorr_12to14_EB1": 114.13526730954537,
    "ptcorr_12to14_EB2": 88.89078826155064,
    "ptcorr_12to14_EE": 78.8369284026376,
    "ptcorr_14to17_EB1": 140.68154254283706,
    "ptcorr_14to17_EB2": 107.4800564375324,
    "ptcorr_14to17_EE": 97.90441406219158,
    "ptcorr_17to20_EB1": 139.5362452437924,
    "ptcorr_17to20_EB2": 107.58001800612284,
    "ptcorr_17to20_EE": 96.2862191675827,
    "ptcorr_20to30_EB1": 254.4481935086672,
    "ptcorr_20to30_EB2": 191.3228802842047,
    "ptcorr_20to30_EE": 171.18268336191358,
    "ptcorr_30to50_EB1": 282.072624016487,
    "ptcorr_30to50_EB2": 249.97850235409854,
    "ptcorr_30to50_EE": 241.0947810197084,
    "ptcorr_50to100_EB1": 168.98630448429947,
    "ptcorr_50to100_EB2": 158.72193254027684,
    "ptcorr_50to100_EE": 165.76046574757854,
    "ptcorr_100to200_EB1": 58.83516876866157,
    "ptcorr_100to200_EB2": 56.995212452870845,
    "ptcorr_100to200_EE": 61.12865435512523
  }
}