{
  "Central": {
    "ptcorr_10to12_EB1": 3.0956258315127343,
    "ptcorr_10to12_EB2": 1.541260940139182,
    "ptcorr_10to12_EE": 1.788405172061175,
    "ptcorr_12to14_EB1": 3.445808842778206,
    "ptcorr_12to14_EB2": 1.889110982825514,
    "ptcorr_12to14_EE": 1.801281575113535,
    "ptcorr_14to17_EB1": 4.849614843726158,
    "ptcorr_14to17_EB2": 3.9070102125406265,
    "ptcorr_14to17_EE": 3.292546510696411,
    "ptcorr_17to20_EB1": 4.964656884782016,
    "ptcorr_17to20_EB2": 3.891796562820673,
    "ptcorr_17to20_EE": 2.980466827750206,
    "ptcorr_20to30_EB1": 20.5220850110054,
    "ptcorr_20to30_EB2": 12.510722219944,
    "ptcorr_20to30_EE": 8.513233564794064,
    "ptcorr_30to50_EB1": 38.039857149124146,
    "ptcorr_30to50_EB2": 21.38529247045517,
    "ptcorr_30to50_EE": 14.10243770480156,
    "ptcorr_50to100_EB1": 31.009288787841797,
    "ptcorr_50to100_EB2": 18.68728268146515,
    "ptcorr_50to100_EE": 9.712770491838455,
    "ptcorr_100to200_EB1": 6.853471249341965,
    "ptcorr_100to200_EB2": 3.726718172430992,
    "ptcorr_100to200_EE": 1.6542806663783267
  },
  "MotherJetPt_Up": {
    "ptcorr_10to12_EB1": 1.9334987187758088,
    "ptcorr_10to12_EB2": 0.6989324379246682,
    "ptcorr_10to12_EE": 1.1189172400627285,
    "ptcorr_12to14_EB1": 1.765238475985825,
    "ptcorr_12to14_EB2": 1.1876205941662192,
    "ptcorr_12to14_EE": 0.8602607725188136,
    "ptcorr_14to17_EB1": 2.863620039075613,
    "ptcorr_14to17_EB2": 2.0473256641998887,
    "ptcorr_14to17_EE": 1.9173776227980852,
    "ptcorr_17to20_EB1": 3.103445468470454,
    "ptcorr_17to20_EB2": 2.413785812444985,
    "ptcorr_17to20_EE": 1.7685102571267635,
    "ptcorr_20to30_EB1": 11.610502406954765,
    "ptcorr_20to30_EB2": 7.044264167547226,
    "ptcorr_20to30_EE": 4.754036154597998,
    "ptcorr_30to50_EB1": 24.117557168006897,
    "ptcorr_30to50_EB2": 13.427174553275108,
    "ptcorr_30to50_EE": 8.502963975071907,
    "ptcorr_50to100_EB1": 23.366029739379883,
    "ptcorr_50to100_EB2": 13.249229937791824,
    "ptcorr_50to100_EE": 7.158624649047852,
    "ptcorr_100to200_EB1": 6.134278230369091,
    "ptcorr_100to200_EB2": 3.4552885964512825,
    "ptcorr_100to200_EE": 1.4921413717092946
  },
  "MotherJetPt_Down": {
    "ptcorr_10to12_EB1": 4.405058987438679,
    "ptcorr_10to12_EB2": 2.778890267945826,
    "ptcorr_10to12_EE": 2.5099487747065723,
    "ptcorr_12to14_EB1": 4.933907188475132,
    "ptcorr_12to14_EB2": 2.709120901301503,
    "ptcorr_12to14_EE": 2.550114154815674,
    "ptcorr_14to17_EB1": 7.5595546662807465,
    "ptcorr_14to17_EB2": 5.644043706357479,
    "ptcorr_14to17_EE": 4.906173832714558,
    "ptcorr_17to20_EB1": 8.036923870444298,
    "ptcorr_17to20_EB2": 5.5721635222435,
    "ptcorr_17to20_EE": 4.251780070364475,
    "ptcorr_20to30_EB1": 28.10986202955246,
    "ptcorr_20to30_EB2": 17.12631231546402,
    "ptcorr_20to30_EE": 11.79336667060852,
    "ptcorr_30to50_EB1": 47.1356406211853,
    "ptcorr_30to50_EB2": 27.191669285297394,
    "ptcorr_30to50_EE": 16.990703016519547,
    "ptcorr_50to100_EB1": 35.21273982524872,
    "ptcorr_50to100_EB2": 20.9468155503273,
    "ptcorr_50to100_EE": 11.763160467147827,
    "ptcorr_100to200_EB1": 7.400411561131477,
    "ptcorr_100to200_EB2": 3.9722411185503006,
    "ptcorr_100to200_EE": 1.8475474882870913
  },
  "RequireHeavyTag": {
    "ptcorr_10to12_EB1": 1.9048649470787495,
    "ptcorr_10to12_EB2": 0.9507902490440756,
    "ptcorr_10to12_EE": 1.214419789146632,
    "ptcorr_12to14_EB1": 2.2071250495500863,
    "ptcorr_12to14_EB2": 1.2481709450366907,
    "ptcorr_12to14_EE": 1.1126504656858742,
    "ptcorr_14to17_EB1": 3.0105241648852825,
    "ptcorr_14to17_EB2": 2.290120266727172,
    "ptcorr_14to17_EE": 2.2575119212269783,
    "ptcorr_17to20_EB1": 3.411609231494367,
    "ptcorr_17to20_EB2": 2.542765598744154,
    "ptcorr_17to20_EE": 2.004844766110182,
    "ptcorr_20to30_EB1": 13.350681006908417,
    "ptcorr_20to30_EB2": 8.128619581460953,
    "ptcorr_20to30_EE": 5.901793695986271,
    "ptcorr_30to50_EB1": 25.031399846076965,
    "ptcorr_30to50_EB2": 13.602628320455551,
    "ptcorr_30to50_EE": 8.69804236292839,
    "ptcorr_50to100_EB1": 19.822374373674393,
    "ptcorr_50to100_EB2": 12.119360357522964,
    "ptcorr_50to100_EE": 6.196939341723919,
    "ptcorr_100to200_EB1": 4.665324509143829,
    "ptcorr_100to200_EB2": 2.517209328711033,
    "ptcorr_100to200_EE": 0.9188674531178549
  },
  "Stat": {
    "ptcorr_10to12_EB1": 0.27845736902803153,
    "ptcorr_10to12_EB2": 0.18950780354480773,
    "ptcorr_10to12_EE": 0.21471425693925866,
    "ptcorr_12to14_EB1": 0.2897644485100712,
    "ptcorr_12to14_EB2": 0.20888957804277816,
    "ptcorr_12to14_EE": 0.21059279536541872,
    "ptcorr_14to17_EB1": 0.3467205622453529,
    "ptcorr_14to17_EB2": 0.3130903699276786,
    "ptcorr_14to17_EE": 0.2850968171415943,
    "ptcorr_17to20_EB1": 0.34745981036369156,
    "ptcorr_17to20_EB2": 0.31564075382682044,
    "ptcorr_17to20_EE": 0.28165526849385086,
    "ptcorr_20to30_EB1": 0.7148892930983588,
    "ptcorr_20to30_EB2": 0.5624367527289068,
    "ptcorr_20to30_EE": 0.46505099981578923,
    "ptcorr_30to50_EB1": 0.9778657161827086,
    "ptcorr_30to50_EB2": 0.7297975336637522,
    "ptcorr_30to50_EE": 0.5866337649139843,
    "ptcorr_50to100_EB1": 0.8798590758429503,
    "ptcorr_50to100_EB2": 0.6808597347768257,
    "ptcorr_50to100_EE": 0.49591483315353785,
    "ptcorr_100to200_EB1": 0.41664643462779033,
    "ptcorr_100to200_EB2": 0.30319598305921064,
    "ptcorr_100to200_EE": 0.20963108029104718
  }
}