{
  "Central": {
    "ptcorr_10to12_EB1": 61.17561674118042,
    "ptcorr_10to12_EB2": 42.20716828107834,
    "ptcorr_10to12_EE": 37.15904802083969,
    "ptcorr_12to14_EB1": 64.72580754756927,
    "ptcorr_12to14_EB2": 46.90771675109863,
    "ptcorr_12to14_EE": 41.05026692152023,
    "ptcorr_14to17_EB1": 93.65901350975037,
    "ptcorr_14to17_EB2": 70.66063225269318,
    "ptcorr_14to17_EE": 61.91697800159454,
    "ptcorr_17to20_EB1": 95.50624012947083,
    "ptcorr_17to20_EB2": 68.07981240749359,
    "ptcorr_17to20_EE": 58.792863965034485,
    "ptcorr_20to30_EB1": 296.27194595336914,
    "ptcorr_20to30_EB2": 216.0606780052185,
    "ptcorr_20to30_EE": 184.20082092285156,
    "ptcorr_30to50_EB1": 498.6776180267334,
    "ptcorr_30to50_EB2": 347.034704208374,
    "ptcorr_30to50_EE": 315.6910572052002,
    "ptcorr_50to100_EB1": 491.1531677246094,
    "ptcorr_50to100_EB2": 336.1514358520508,
    "ptcorr_50to100_EE": 280.18279361724854,
    "ptcorr_100to200_EB1": 108.7500216960907,
    "ptcorr_100to200_EB2": 68.75882744789124,
    "ptcorr_100to200_EE": 50.12525177001953
  },
  "MotherJetPt_Up": {
    "ptcorr_10to12_EB1": 19.345229238271713,
    "ptcorr_10to12_EB2": 14.079257294535637,
    "ptcorr_10to12_EE": 11.51724697649479,
    "ptcorr_12to14_EB1": 17.758485704660416,
    "ptcorr_12to14_EB2": 13.74168786406517,
    "ptcorr_12to14_EE": 11.276956170797348,
    "ptcorr_14to17_EB1": 27.691949546337128,
    "ptcorr_14to17_EB2": 19.9437273144722,
    "ptcorr_14to17_EE": 20.49571281671524,
    "ptcorr_17to20_EB1": 29.10736846923828,
    "ptcorr_17to20_EB2": 22.2643503844738,
    "ptcorr_17to20_EE": 18.203899681568146,
    "ptcorr_20to30_EB1": 91.66159749031067,
    "ptcorr_20to30_EB2": 68.34821510314941,
    "ptcorr_20to30_EE": 62.52469825744629,
    "ptcorr_30to50_EB1": 209.90554189682007,
    "ptcorr_30to50_EB2": 148.88535284996033,
    "ptcorr_30to50_EE": 140.30246233940125,
    "ptcorr_50to100_EB1": 328.1385746002197,
    "ptcorr_50to100_EB2": 221.1190037727356,
    "ptcorr_50to100_EE": 182.5032138824463,
    "ptcorr_100to200_EB1": 96.1365065574646,
    "ptcorr_100to200_EB2": 61.00505483150482,
    "ptcorr_100to200_EE": 45.19533157348633
  },
  "MotherJetPt_Down": {
    "ptcorr_10to12_EB1": 112.30478191375732,
    "ptcorr_10to12_EB2": 80.1360216140747,
    "ptcorr_10to12_EE": 68.91902983188629,
    "ptcorr_12to14_EB1": 122.18467998504639,
    "ptcorr_12to14_EB2": 86.44442105293274,
    "ptcorr_12to14_EE": 78.95464587211609,
    "ptcorr_14to17_EB1": 171.8900694847107,
    "ptcorr_14to17_EB2": 129.83448100090027,
    "ptcorr_14to17_EE": 112.80689835548401,
    "ptcorr_17to20_EB1": 172.51794815063477,
    "ptcorr_17to20_EB2": 120.39614343643188,
    "ptcorr_17to20_EE": 109.08126878738403,
    "ptcorr_20to30_EB1": 497.54475688934326,
    "ptcorr_20to30_EB2": 363.0683584213257,
    "ptcorr_20to30_EE": 317.5641293525696,
    "ptcorr_30to50_EB1": 716.2830295562744,
    "ptcorr_30to50_EB2": 502.44303703308105,
    "ptcorr_30to50_EE": 469.6709804534912,
    "ptcorr_50to100_EB1": 597.5719833374023,
    "ptcorr_50to100_EB2": 412.9914789199829,
    "ptcorr_50to100_EE": 355.631667137146,
    "ptcorr_100to200_EB1": 118.74140930175781,
    "ptcorr_100to200_EB2": 76.32274317741394,
    "ptcorr_100to200_EE": 54.97423565387726
  },
  "RequireHeavyTag": {
    "ptcorr_10to12_EB1": 3.1323907244950533,
    "ptcorr_10to12_EB2": 2.940005572512746,
    "ptcorr_10to12_EE": 2.956351979635656,
    "ptcorr_12to14_EB1": 3.667187925428152,
    "ptcorr_12to14_EB2": 2.8010346684604883,
    "ptcorr_12to14_EE": 1.7519193519838154,
    "ptcorr_14to17_EB1": 5.822065372020006,
    "ptcorr_14to17_EB2": 4.0725820092484355,
    "ptcorr_14to17_EE": 4.589673485606909,
    "ptcorr_17to20_EB1": 6.432924962602556,
    "ptcorr_17to20_EB2": 4.370778331533074,
    "ptcorr_17to20_EE": 3.5442396625876427,
    "ptcorr_20to30_EB1": 16.811000265181065,
    "ptcorr_20to30_EB2": 10.301238685846329,
    "ptcorr_20to30_EE": 7.7387416791170835,
    "ptcorr_30to50_EB1": 25.523339927196503,
    "ptcorr_30to50_EB2": 18.397864490747452,
    "ptcorr_30to50_EE": 16.003871701657772,
    "ptcorr_50to100_EB1": 23.91612583398819,
    "ptcorr_50to100_EB2": 17.022438004612923,
    "ptcorr_50to100_EE": 13.827176481485367,
    "ptcorr_100to200_EB1": 6.416514262091368,
    "ptcorr_100to200_EB2": 3.826270053163171,
    "ptcorr_100to200_EE": 2.0578525476157665
  },
  "Stat": {
    "ptcorr_10to12_EB1": 2.4581568411754255,
    "ptcorr_10to12_EB2": 2.0628039158886984,
    "ptcorr_10to12_EE": 1.9406123013493348,
    "ptcorr_12to14_EB1": 2.568072715332861,
    "ptcorr_12to14_EB2": 2.171239420503991,
    "ptcorr_12to14_EE": 2.0275323143901187,
    "ptcorr_14to17_EB1": 3.080491281798478,
    "ptcorr_14to17_EB2": 2.7041770817596618,
    "ptcorr_14to17_EE": 2.5000411350244987,
    "ptcorr_17to20_EB1": 3.1109950622559444,
    "ptcorr_17to20_EB2": 2.6519956585331923,
    "ptcorr_17to20_EE": 2.434924446969247,
    "ptcorr_20to30_EB1": 5.472826569822894,
    "ptcorr_20to30_EB2": 4.682773791038488,
    "ptcorr_20to30_EE": 4.318495112332907,
    "ptcorr_30to50_EB1": 7.079130733067693,
    "ptcorr_30to50_EB2": 5.935654846135559,
    "ptcorr_30to50_EE": 5.625131428927706,
    "ptcorr_50to100_EB1": 7.027247346032915,
    "ptcorr_50to100_EB2": 5.822570334604283,
    "ptcorr_50to100_EE": 5.316229029201843,
    "ptcorr_100to200_EB1": 3.278567261087907,
    "ptcorr_100to200_EB2": 2.615931887942537,
    "ptcorr_100to200_EE": 2.2314156691065596
  }
}