2025-09-24 15:48:37,733 - INFO - [2018] MISSING_CENTRAL: ZG1E2Mu/Central/jets/4/pt in Skim_TriLep_MuonEG_A.root
2025-09-24 15:48:37,734 - INFO - [2018] MISSING_CENTRAL: ZG1E2Mu/Central/jets/4/pt in Skim_TriLep_MuonEG_B.root
2025-09-24 15:48:37,747 - INFO - [2018] MISSING_CENTRAL: ZG1E2Mu/Central/jets/4/pt in Skim_TriLep_MuonEG_C.root
2025-09-24 15:48:37,822 - INFO - [2018] MISSING_CENTRAL: ZG1E2Mu/Central/jets/4/pt in Skim_TriLep_MuonEG_B.root
2025-09-24 15:48:37,822 - INFO - [2018] MISSING_CENTRAL: ZG1E2Mu/Central/jets/4/pt in Skim_TriLep_MuonEG_C.root
2025-09-24 15:48:37,825 - INFO - [2018] MISSING_SYSTEMATIC: ZG1E2Mu/UnclusteredEn_Up/jets/4/pt in Skim_TriLep_DYJets.root
2025-09-24 15:48:37,836 - INFO - [2018] MISSING_CENTRAL: ZG1E2Mu/Central/jets/4/pt in Skim_TriLep_DYJets10to50.root
2025-09-24 15:48:37,948 - INFO - [2018] MISSING_CENTRAL: ZG1E2Mu/Central/jets/4/pt in Skim_TriLep_TTG.root
2025-09-24 15:48:37,948 - INFO - [2018] MISSING_CENTRAL: ZG1E2Mu/Central/jets/4/pt in Skim_TriLep_WWG.root
2025-09-24 15:48:38,043 - INFO - [2018] MISSING_FILE: /Users/choij/Sync/workspace/ChargedHiggsAnalysisV3/SKNanoOutput/CRPromptSelector/Run1E2Mu_RunSyst/2018/Skim_TriLep_WZTo3LNu_amcatnlo.root
2025-09-24 15:48:38,114 - INFO - [2018] MISSING_CENTRAL: ZG1E2Mu/Central/jets/4/pt in Skim_TriLep_WWW.root
2025-09-24 15:48:38,115 - INFO - [2018] MISSING_CENTRAL: ZG1E2Mu/Central/jets/4/pt in Skim_TriLep_WWZ.root
2025-09-24 15:48:38,150 - INFO - [2018] MISSING_SYSTEMATIC: ZG1E2Mu/UnclusteredEn_Up/jets/4/pt in Skim_TriLep_TTTT.root
2025-09-24 15:48:47,350 - INFO - [2018] MISSING_CENTRAL: ZG1E2Mu/Central/jets/4/pt in Skim_TriLep_MuonEG_A.root
2025-09-24 15:48:47,351 - INFO - [2018] MISSING_CENTRAL: ZG1E2Mu/Central/jets/4/pt in Skim_TriLep_MuonEG_B.root
2025-09-24 15:48:47,351 - INFO - [2018] MISSING_CENTRAL: ZG1E2Mu/Central/jets/4/pt in Skim_TriLep_MuonEG_C.root
2025-09-24 15:48:47,457 - INFO - [2018] MISSING_CENTRAL: ZG1E2Mu/Central/jets/4/pt in Skim_TriLep_MuonEG_B.root
2025-09-24 15:48:47,457 - INFO - [2018] MISSING_CENTRAL: ZG1E2Mu/Central/jets/4/pt in Skim_TriLep_MuonEG_C.root
2025-09-24 15:48:47,458 - INFO - [2018] MISSING_CENTRAL: ZG1E2Mu/Central/jets/4/pt in Skim_TriLep_DYJets10to50.root
2025-09-24 15:48:47,459 - INFO - [2018] MISSING_CENTRAL: ZG1E2Mu/Central/jets/4/pt in Skim_TriLep_TTG.root
2025-09-24 15:48:47,459 - INFO - [2018] MISSING_CENTRAL: ZG1E2Mu/Central/jets/4/pt in Skim_TriLep_WWG.root
2025-09-24 15:48:47,471 - INFO - [2018] MISSING_FILE: /Users/choij/Sync/workspace/ChargedHiggsAnalysisV3/SKNanoOutput/CRPromptSelector/Run1E2Mu_RunSyst/2018/Skim_TriLep_WZTo3LNu_amcatnlo.root
2025-09-24 15:48:47,474 - INFO - [2018] MISSING_CENTRAL: ZG1E2Mu/Central/jets/4/pt in Skim_TriLep_WWW.root
2025-09-24 15:48:47,474 - INFO - [2018] MISSING_CENTRAL: ZG1E2Mu/Central/jets/4/pt in Skim_TriLep_WWZ.root
2025-10-02 21:13:24,600 - INFO - [2018] MISSING_CENTRAL: ZG1E2Mu/Central/jets/4/pt in Skim_TriLep_MuonEG_A.root
2025-10-02 21:13:24,602 - INFO - [2018] MISSING_CENTRAL: ZG1E2Mu/Central/jets/4/pt in Skim_TriLep_MuonEG_B.root
2025-10-02 21:13:24,603 - INFO - [2018] MISSING_CENTRAL: ZG1E2Mu/Central/jets/4/pt in Skim_TriLep_MuonEG_C.root
2025-10-02 21:13:24,689 - INFO - [2018] MISSING_CENTRAL: ZG1E2Mu/Central/jets/4/pt in Skim_TriLep_MuonEG_B.root
2025-10-02 21:13:24,690 - INFO - [2018] MISSING_CENTRAL: ZG1E2Mu/Central/jets/4/pt in Skim_TriLep_MuonEG_C.root
2025-10-02 21:13:24,722 - INFO - [2018] MISSING_SYSTEMATIC: ZG1E2Mu/UnclusteredEn_Up/jets/4/pt in Skim_TriLep_DYJets.root
2025-10-02 21:13:24,789 - INFO - [2018] MISSING_CENTRAL: ZG1E2Mu/Central/jets/4/pt in Skim_TriLep_DYJets10to50.root
2025-10-02 21:13:25,025 - INFO - [2018] MISSING_CENTRAL: ZG1E2Mu/Central/jets/4/pt in Skim_TriLep_TTG.root
2025-10-02 21:13:25,077 - INFO - [2018] MISSING_CENTRAL: ZG1E2Mu/Central/jets/4/pt in Skim_TriLep_WWG.root
2025-10-02 21:13:25,518 - INFO - [2018] MISSING_FILE: /data9/Users/choij/Sync/workspace/ChargedHiggsAnalysisV3/SKNanoOutput/CRPromptSelector/Run1E2Mu_RunSyst/2018/Skim_TriLep_WZTo3LNu_amcatnlo.root
2025-10-02 21:13:25,843 - INFO - [2018] MISSING_CENTRAL: ZG1E2Mu/Central/jets/4/pt in Skim_TriLep_WWW.root
2025-10-02 21:13:25,886 - INFO - [2018] MISSING_CENTRAL: ZG1E2Mu/Central/jets/4/pt in Skim_TriLep_WWZ.root
2025-10-02 21:13:26,229 - INFO - [2018] MISSING_SYSTEMATIC: ZG1E2Mu/UnclusteredEn_Up/jets/4/pt in Skim_TriLep_TTTT.root
2025-10-02 21:13:31,895 - INFO - [2018] MISSING_CENTRAL: ZG1E2Mu/Central/jets/4/pt in Skim_TriLep_MuonEG_A.root
2025-10-02 21:13:31,897 - INFO - [2018] MISSING_CENTRAL: ZG1E2Mu/Central/jets/4/pt in Skim_TriLep_MuonEG_B.root
2025-10-02 21:13:31,898 - INFO - [2018] MISSING_CENTRAL: ZG1E2Mu/Central/jets/4/pt in Skim_TriLep_MuonEG_C.root
2025-10-02 21:13:31,991 - INFO - [2018] MISSING_CENTRAL: ZG1E2Mu/Central/jets/4/pt in Skim_TriLep_MuonEG_B.root
2025-10-02 21:13:31,992 - INFO - [2018] MISSING_CENTRAL: ZG1E2Mu/Central/jets/4/pt in Skim_TriLep_MuonEG_C.root
2025-10-02 21:13:31,995 - INFO - [2018] MISSING_CENTRAL: ZG1E2Mu/Central/jets/4/pt in Skim_TriLep_DYJets10to50.root
2025-10-02 21:13:31,997 - INFO - [2018] MISSING_CENTRAL: ZG1E2Mu/Central/jets/4/pt in Skim_TriLep_TTG.root
2025-10-02 21:13:31,998 - INFO - [2018] MISSING_CENTRAL: ZG1E2Mu/Central/jets/4/pt in Skim_TriLep_WWG.root
2025-10-02 21:13:32,002 - INFO - [2018] MISSING_FILE: /data9/Users/choij/Sync/workspace/ChargedHiggsAnalysisV3/SKNanoOutput/CRPromptSelector/Run1E2Mu_RunSyst/2018/Skim_TriLep_WZTo3LNu_amcatnlo.root
2025-10-02 21:13:32,011 - INFO - [2018] MISSING_CENTRAL: ZG1E2Mu/Central/jets/4/pt in Skim_TriLep_WWW.root
2025-10-02 21:13:32,013 - INFO - [2018] MISSING_CENTRAL: ZG1E2Mu/Central/jets/4/pt in Skim_TriLep_WWZ.root
2025-10-03 00:01:22,603 - INFO - [2018] MISSING_CENTRAL: ZG1E2Mu/Central/jets/4/pt in Skim_TriLep_MuonEG_A.root
2025-10-03 00:01:22,604 - INFO - [2018] MISSING_CENTRAL: ZG1E2Mu/Central/jets/4/pt in Skim_TriLep_MuonEG_B.root
2025-10-03 00:01:22,604 - INFO - [2018] MISSING_CENTRAL: ZG1E2Mu/Central/jets/4/pt in Skim_TriLep_MuonEG_C.root
2025-10-03 00:01:22,635 - INFO - [2018] MISSING_CENTRAL: ZG1E2Mu/Central/jets/4/pt in Skim_TriLep_MuonEG_B.root
2025-10-03 00:01:22,635 - INFO - [2018] MISSING_CENTRAL: ZG1E2Mu/Central/jets/4/pt in Skim_TriLep_MuonEG_C.root
2025-10-03 00:01:22,637 - INFO - [2018] MISSING_SYSTEMATIC: ZG1E2Mu/UnclusteredEn_Up/jets/4/pt in Skim_TriLep_DYJets.root
2025-10-03 00:01:22,648 - INFO - [2018] MISSING_CENTRAL: ZG1E2Mu/Central/jets/4/pt in Skim_TriLep_DYJets10to50.root
2025-10-03 00:01:22,711 - INFO - [2018] MISSING_CENTRAL: ZG1E2Mu/Central/jets/4/pt in Skim_TriLep_TTG.root
2025-10-03 00:01:22,713 - INFO - [2018] MISSING_CENTRAL: ZG1E2Mu/Central/jets/4/pt in Skim_TriLep_WWG.root
2025-10-03 00:01:22,763 - INFO - [2018] MISSING_FILE: /Users/choij/Sync/workspace/ChargedHiggsAnalysisV3/SKNanoOutput/CRPromptSelector/Run1E2Mu_RunSyst/2018/Skim_TriLep_WZTo3LNu_amcatnlo.root
2025-10-03 00:01:22,885 - INFO - [2018] MISSING_CENTRAL: ZG1E2Mu/Central/jets/4/pt in Skim_TriLep_WWW.root
2025-10-03 00:01:22,919 - INFO - [2018] MISSING_CENTRAL: ZG1E2Mu/Central/jets/4/pt in Skim_TriLep_WWZ.root
2025-10-03 00:01:22,983 - INFO - [2018] MISSING_SYSTEMATIC: ZG1E2Mu/UnclusteredEn_Up/jets/4/pt in Skim_TriLep_TTTT.root
2025-10-03 00:01:31,514 - INFO - [2018] MISSING_CENTRAL: ZG1E2Mu/Central/jets/4/pt in Skim_TriLep_MuonEG_A.root
2025-10-03 00:01:31,514 - INFO - [2018] MISSING_CENTRAL: ZG1E2Mu/Central/jets/4/pt in Skim_TriLep_MuonEG_B.root
2025-10-03 00:01:31,515 - INFO - [2018] MISSING_CENTRAL: ZG1E2Mu/Central/jets/4/pt in Skim_TriLep_MuonEG_C.root
2025-10-03 00:01:31,592 - INFO - [2018] MISSING_CENTRAL: ZG1E2Mu/Central/jets/4/pt in Skim_TriLep_MuonEG_B.root
2025-10-03 00:01:31,604 - INFO - [2018] MISSING_CENTRAL: ZG1E2Mu/Central/jets/4/pt in Skim_TriLep_MuonEG_C.root
2025-10-03 00:01:31,606 - INFO - [2018] MISSING_CENTRAL: ZG1E2Mu/Central/jets/4/pt in Skim_TriLep_DYJets10to50.root
2025-10-03 00:01:31,608 - INFO - [2018] MISSING_CENTRAL: ZG1E2Mu/Central/jets/4/pt in Skim_TriLep_TTG.root
2025-10-03 00:01:31,608 - INFO - [2018] MISSING_CENTRAL: ZG1E2Mu/Central/jets/4/pt in Skim_TriLep_WWG.root
2025-10-03 00:01:31,610 - INFO - [2018] MISSING_FILE: /Users/choij/Sync/workspace/ChargedHiggsAnalysisV3/SKNanoOutput/CRPromptSelector/Run1E2Mu_RunSyst/2018/Skim_TriLep_WZTo3LNu_amcatnlo.root
2025-10-03 00:01:31,613 - INFO - [2018] MISSING_CENTRAL: ZG1E2Mu/Central/jets/4/pt in Skim_TriLep_WWW.root
2025-10-03 00:01:31,613 - INFO - [2018] MISSING_CENTRAL: ZG1E2Mu/Central/jets/4/pt in Skim_TriLep_WWZ.root
2025-11-07 14:03:48,434 - INFO - [2018] MISSING_CENTRAL: ZG1E2Mu/Central/jets/4/pt in Skim_TriLep_MuonEG_A.root
2025-11-07 14:03:48,435 - INFO - [2018] MISSING_CENTRAL: ZG1E2Mu/Central/jets/4/pt in Skim_TriLep_MuonEG_B.root
2025-11-07 14:03:48,435 - INFO - [2018] MISSING_CENTRAL: ZG1E2Mu/Central/jets/4/pt in Skim_TriLep_MuonEG_C.root
2025-11-07 14:03:48,497 - INFO - [2018] MISSING_CENTRAL: ZG1E2Mu/Central/jets/4/pt in Skim_TriLep_MuonEG_B.root
2025-11-07 14:03:48,498 - INFO - [2018] MISSING_CENTRAL: ZG1E2Mu/Central/jets/4/pt in Skim_TriLep_MuonEG_C.root
2025-11-07 14:03:48,502 - INFO - [2018] MISSING_SYSTEMATIC: ZG1E2Mu/UnclusteredEn_Up/jets/4/pt in Skim_TriLep_DYJets.root
2025-11-07 14:03:48,518 - INFO - [2018] MISSING_CENTRAL: ZG1E2Mu/Central/jets/4/pt in Skim_TriLep_DYJets10to50.root
2025-11-07 14:03:48,529 - INFO - [2018] MISSING_CENTRAL: ZG1E2Mu/Central/jets/4/pt in Skim_TriLep_TTG.root
2025-11-07 14:03:48,530 - INFO - [2018] MISSING_CENTRAL: ZG1E2Mu/Central/jets/4/pt in Skim_TriLep_WWG.root
2025-11-07 14:03:48,570 - INFO - [2018] MISSING_FILE: /home/choij/Sync/workspace/ChargedHiggsAnalysisV3/SKNanoOutput/CRPromptSelector/Run1E2Mu_RunSyst/2018/Skim_TriLep_WZTo3LNu_amcatnlo.root
2025-11-07 14:03:48,609 - INFO - [2018] MISSING_CENTRAL: ZG1E2Mu/Central/jets/4/pt in Skim_TriLep_WWW.root
2025-11-07 14:03:48,610 - INFO - [2018] MISSING_CENTRAL: ZG1E2Mu/Central/jets/4/pt in Skim_TriLep_WWZ.root
2025-11-07 14:03:48,645 - INFO - [2018] MISSING_SYSTEMATIC: ZG1E2Mu/UnclusteredEn_Up/jets/4/pt in Skim_TriLep_TTTT.root
2025-11-07 14:03:53,719 - INFO - [2018] MISSING_CENTRAL: ZG1E2Mu/Central/jets/4/pt in Skim_TriLep_MuonEG_A.root
2025-11-07 14:03:53,720 - INFO - [2018] MISSING_CENTRAL: ZG1E2Mu/Central/jets/4/pt in Skim_TriLep_MuonEG_B.root
2025-11-07 14:03:53,720 - INFO - [2018] MISSING_CENTRAL: ZG1E2Mu/Central/jets/4/pt in Skim_TriLep_MuonEG_C.root
2025-11-07 14:03:53,784 - INFO - [2018] MISSING_CENTRAL: ZG1E2Mu/Central/jets/4/pt in Skim_TriLep_MuonEG_B.root
2025-11-07 14:03:53,785 - INFO - [2018] MISSING_CENTRAL: ZG1E2Mu/Central/jets/4/pt in Skim_TriLep_MuonEG_C.root
2025-11-07 14:03:53,786 - INFO - [2018] MISSING_CENTRAL: ZG1E2Mu/Central/jets/4/pt in Skim_TriLep_DYJets10to50.root
2025-11-07 14:03:53,787 - INFO - [2018] MISSING_CENTRAL: ZG1E2Mu/Central/jets/4/pt in Skim_TriLep_TTG.root
2025-11-07 14:03:53,787 - INFO - [2018] MISSING_CENTRAL: ZG1E2Mu/Central/jets/4/pt in Skim_TriLep_WWG.root
2025-11-07 14:03:53,789 - INFO - [2018] MISSING_FILE: /home/choij/Sync/workspace/ChargedHiggsAnalysisV3/SKNanoOutput/CRPromptSelector/Run1E2Mu_RunSyst/2018/Skim_TriLep_WZTo3LNu_amcatnlo.root
2025-11-07 14:03:53,795 - INFO - [2018] MISSING_CENTRAL: ZG1E2Mu/Central/jets/4/pt in Skim_TriLep_WWW.root
2025-11-07 14:03:53,795 - INFO - [2018] MISSING_CENTRAL: ZG1E2Mu/Central/jets/4/pt in Skim_TriLep_WWZ.root
2025-11-10 05:54:33,327 - INFO - [2018] MISSING_CENTRAL: ZG1E2Mu/Central/jets/4/pt in Skim_TriLep_MuonEG_A.root
2025-11-10 05:54:33,329 - INFO - [2018] MISSING_CENTRAL: ZG1E2Mu/Central/jets/4/pt in Skim_TriLep_MuonEG_B.root
2025-11-10 05:54:33,329 - INFO - [2018] MISSING_CENTRAL: ZG1E2Mu/Central/jets/4/pt in Skim_TriLep_MuonEG_C.root
2025-11-10 05:54:33,401 - INFO - [2018] MISSING_CENTRAL: ZG1E2Mu/Central/jets/4/pt in Skim_TriLep_MuonEG_B.root
2025-11-10 05:54:33,402 - INFO - [2018] MISSING_CENTRAL: ZG1E2Mu/Central/jets/4/pt in Skim_TriLep_MuonEG_C.root
2025-11-10 05:54:33,418 - INFO - [2018] MISSING_SYSTEMATIC: ZG1E2Mu/UnclusteredEn_Up/jets/4/pt in Skim_TriLep_DYJets.root
2025-11-10 05:54:33,462 - INFO - [2018] MISSING_CENTRAL: ZG1E2Mu/Central/jets/4/pt in Skim_TriLep_DYJets10to50.root
2025-11-10 05:54:33,506 - INFO - [2018] MISSING_CENTRAL: ZG1E2Mu/Central/jets/4/pt in Skim_TriLep_TTG.root
2025-11-10 05:54:33,507 - INFO - [2018] MISSING_CENTRAL: ZG1E2Mu/Central/jets/4/pt in Skim_TriLep_WWG.root
2025-11-10 05:54:33,729 - INFO - [2018] MISSING_FILE: /home/choij/Sync/workspace/ChargedHiggsAnalysisV3/SKNanoOutput/CRPromptSelector/Run1E2Mu_RunSyst/2018/Skim_TriLep_WZTo3LNu_amcatnlo.root
2025-11-10 05:54:33,990 - INFO - [2018] MISSING_CENTRAL: ZG1E2Mu/Central/jets/4/pt in Skim_TriLep_WWW.root
2025-11-10 05:54:33,993 - INFO - [2018] MISSING_CENTRAL: ZG1E2Mu/Central/jets/4/pt in Skim_TriLep_WWZ.root
2025-11-10 05:54:34,062 - INFO - [2018] MISSING_SYSTEMATIC: ZG1E2Mu/UnclusteredEn_Up/jets/4/pt in Skim_TriLep_TTTT.root
2025-11-10 05:54:40,756 - INFO - [2018] MISSING_CENTRAL: ZG1E2Mu/Central/jets/4/pt in Skim_TriLep_MuonEG_A.root
2025-11-10 05:54:40,757 - INFO - [2018] MISSING_CENTRAL: ZG1E2Mu/Central/jets/4/pt in Skim_TriLep_MuonEG_B.root
2025-11-10 05:54:40,757 - INFO - [2018] MISSING_CENTRAL: ZG1E2Mu/Central/jets/4/pt in Skim_TriLep_MuonEG_C.root
2025-11-10 05:54:41,032 - INFO - [2018] MISSING_CENTRAL: ZG1E2Mu/Central/jets/4/pt in Skim_TriLep_MuonEG_B.root
2025-11-10 05:54:41,032 - INFO - [2018] MISSING_CENTRAL: ZG1E2Mu/Central/jets/4/pt in Skim_TriLep_MuonEG_C.root
2025-11-10 05:54:41,044 - INFO - [2018] MISSING_CENTRAL: ZG1E2Mu/Central/jets/4/pt in Skim_TriLep_DYJets10to50.root
2025-11-10 05:54:41,054 - INFO - [2018] MISSING_CENTRAL: ZG1E2Mu/Central/jets/4/pt in Skim_TriLep_TTG.root
2025-11-10 05:54:41,062 - INFO - [2018] MISSING_CENTRAL: ZG1E2Mu/Central/jets/4/pt in Skim_TriLep_WWG.root
2025-11-10 05:54:41,077 - INFO - [2018] MISSING_FILE: /home/choij/Sync/workspace/ChargedHiggsAnalysisV3/SKNanoOutput/CRPromptSelector/Run1E2Mu_RunSyst/2018/Skim_TriLep_WZTo3LNu_amcatnlo.root
2025-11-10 05:54:41,112 - INFO - [2018] MISSING_CENTRAL: ZG1E2Mu/Central/jets/4/pt in Skim_TriLep_WWW.root
2025-11-10 05:54:41,112 - INFO - [2018] MISSING_CENTRAL: ZG1E2Mu/Central/jets/4/pt in Skim_TriLep_WWZ.root
2025-11-10 12:18:51,988 - INFO - [2018] MISSING_CENTRAL: ZG1E2Mu/Central/jets/4/pt in Skim_TriLep_MuonEG_A.root
2025-11-10 12:18:51,988 - INFO - [2018] MISSING_CENTRAL: ZG1E2Mu/Central/jets/4/pt in Skim_TriLep_MuonEG_B.root
2025-11-10 12:18:51,989 - INFO - [2018] MISSING_CENTRAL: ZG1E2Mu/Central/jets/4/pt in Skim_TriLep_MuonEG_C.root
2025-11-10 12:18:52,047 - INFO - [2018] MISSING_CENTRAL: ZG1E2Mu/Central/jets/4/pt in Skim_TriLep_MuonEG_B.root
2025-11-10 12:18:52,048 - INFO - [2018] MISSING_CENTRAL: ZG1E2Mu/Central/jets/4/pt in Skim_TriLep_MuonEG_C.root
2025-11-10 12:18:52,051 - INFO - [2018] MISSING_SYSTEMATIC: ZG1E2Mu/UnclusteredEn_Up/jets/4/pt in Skim_TriLep_DYJets.root
2025-11-10 12:18:52,064 - INFO - [2018] MISSING_CENTRAL: ZG1E2Mu/Central/jets/4/pt in Skim_TriLep_DYJets10to50.root
2025-11-10 12:18:52,075 - INFO - [2018] MISSING_CENTRAL: ZG1E2Mu/Central/jets/4/pt in Skim_TriLep_TTG.root
2025-11-10 12:18:52,076 - INFO - [2018] MISSING_CENTRAL: ZG1E2Mu/Central/jets/4/pt in Skim_TriLep_WWG.root
2025-11-10 12:18:52,103 - INFO - [2018] MISSING_FILE: /home/choij/Sync/workspace/ChargedHiggsAnalysisV3/SKNanoOutput/CRPromptSelector/Run1E2Mu_RunSyst/2018/Skim_TriLep_WZTo3LNu_amcatnlo.root
2025-11-10 12:18:52,133 - INFO - [2018] MISSING_CENTRAL: ZG1E2Mu/Central/jets/4/pt in Skim_TriLep_WWW.root
2025-11-10 12:18:52,133 - INFO - [2018] MISSING_CENTRAL: ZG1E2Mu/Central/jets/4/pt in Skim_TriLep_WWZ.root
2025-11-10 12:18:52,174 - INFO - [2018] MISSING_SYSTEMATIC: ZG1E2Mu/UnclusteredEn_Up/jets/4/pt in Skim_TriLep_TTTT.root
2025-11-10 12:18:57,221 - INFO - [2018] MISSING_CENTRAL: ZG1E2Mu/Central/jets/4/pt in Skim_TriLep_MuonEG_A.root
2025-11-10 12:18:57,222 - INFO - [2018] MISSING_CENTRAL: ZG1E2Mu/Central/jets/4/pt in Skim_TriLep_MuonEG_B.root
2025-11-10 12:18:57,222 - INFO - [2018] MISSING_CENTRAL: ZG1E2Mu/Central/jets/4/pt in Skim_TriLep_MuonEG_C.root
2025-11-10 12:18:57,290 - INFO - [2018] MISSING_CENTRAL: ZG1E2Mu/Central/jets/4/pt in Skim_TriLep_MuonEG_B.root
2025-11-10 12:18:57,290 - INFO - [2018] MISSING_CENTRAL: ZG1E2Mu/Central/jets/4/pt in Skim_TriLep_MuonEG_C.root
2025-11-10 12:18:57,292 - INFO - [2018] MISSING_CENTRAL: ZG1E2Mu/Central/jets/4/pt in Skim_TriLep_DYJets10to50.root
2025-11-10 12:18:57,293 - INFO - [2018] MISSING_CENTRAL: ZG1E2Mu/Central/jets/4/pt in Skim_TriLep_TTG.root
2025-11-10 12:18:57,294 - INFO - [2018] MISSING_CENTRAL: ZG1E2Mu/Central/jets/4/pt in Skim_TriLep_WWG.root
2025-11-10 12:18:57,296 - INFO - [2018] MISSING_FILE: /home/choij/Sync/workspace/ChargedHiggsAnalysisV3/SKNanoOutput/CRPromptSelector/Run1E2Mu_RunSyst/2018/Skim_TriLep_WZTo3LNu_amcatnlo.root
2025-11-10 12:18:57,302 - INFO - [2018] MISSING_CENTRAL: ZG1E2Mu/Central/jets/4/pt in Skim_TriLep_WWW.root
2025-11-10 12:18:57,303 - INFO - [2018] MISSING_CENTRAL: ZG1E2Mu/Central/jets/4/pt in Skim_TriLep_WWZ.root
2025-11-13 11:08:07,609 - INFO - [2018] MISSING_CENTRAL: ZG1E2Mu/Central/jets/4/pt in Skim_TriLep_MuonEG_A.root
2025-11-13 11:08:07,624 - INFO - [2018] MISSING_CENTRAL: ZG1E2Mu/Central/jets/4/pt in Skim_TriLep_MuonEG_B.root
2025-11-13 11:08:07,625 - INFO - [2018] MISSING_CENTRAL: ZG1E2Mu/Central/jets/4/pt in Skim_TriLep_MuonEG_C.root
2025-11-13 11:08:07,893 - INFO - [2018] MISSING_CENTRAL: ZG1E2Mu/Central/jets/4/pt in Skim_TriLep_MuonEG_B.root
2025-11-13 11:08:07,895 - INFO - [2018] MISSING_CENTRAL: ZG1E2Mu/Central/jets/4/pt in Skim_TriLep_MuonEG_C.root
2025-11-13 11:08:07,902 - INFO - [2018] MISSING_SYSTEMATIC: ZG1E2Mu/UnclusteredEn_Up/jets/4/pt in Skim_TriLep_DYJets.root
2025-11-13 11:08:07,994 - INFO - [2018] MISSING_CENTRAL: ZG1E2Mu/Central/jets/4/pt in Skim_TriLep_DYJets10to50.root
2025-11-13 11:08:08,139 - INFO - [2018] MISSING_CENTRAL: ZG1E2Mu/Central/jets/4/pt in Skim_TriLep_TTG.root
2025-11-13 11:08:08,185 - INFO - [2018] MISSING_CENTRAL: ZG1E2Mu/Central/jets/4/pt in Skim_TriLep_WWG.root
2025-11-13 11:08:08,648 - INFO - [2018] MISSING_FILE: /data9/Users/choij/Sync/workspace/ChargedHiggsAnalysisV3/SKNanoOutput/CRPromptSelector/Run1E2Mu_RunSyst/2018/Skim_TriLep_WZTo3LNu_amcatnlo.root
2025-11-13 11:08:09,280 - INFO - [2018] MISSING_CENTRAL: ZG1E2Mu/Central/jets/4/pt in Skim_TriLep_WWW.root
2025-11-13 11:08:09,327 - INFO - [2018] MISSING_CENTRAL: ZG1E2Mu/Central/jets/4/pt in Skim_TriLep_WWZ.root
2025-11-13 11:08:09,657 - INFO - [2018] MISSING_SYSTEMATIC: ZG1E2Mu/UnclusteredEn_Up/jets/4/pt in Skim_TriLep_TTTT.root
2025-11-13 11:08:14,988 - INFO - [2018] MISSING_CENTRAL: ZG1E2Mu/Central/jets/4/pt in Skim_TriLep_MuonEG_A.root
2025-11-13 11:08:14,989 - INFO - [2018] MISSING_CENTRAL: ZG1E2Mu/Central/jets/4/pt in Skim_TriLep_MuonEG_B.root
2025-11-13 11:08:15,000 - INFO - [2018] MISSING_CENTRAL: ZG1E2Mu/Central/jets/4/pt in Skim_TriLep_MuonEG_C.root
2025-11-13 11:08:15,122 - INFO - [2018] MISSING_CENTRAL: ZG1E2Mu/Central/jets/4/pt in Skim_TriLep_MuonEG_B.root
2025-11-13 11:08:15,124 - INFO - [2018] MISSING_CENTRAL: ZG1E2Mu/Central/jets/4/pt in Skim_TriLep_MuonEG_C.root
2025-11-13 11:08:15,129 - INFO - [2018] MISSING_CENTRAL: ZG1E2Mu/Central/jets/4/pt in Skim_TriLep_DYJets10to50.root
2025-11-13 11:08:15,133 - INFO - [2018] MISSING_CENTRAL: ZG1E2Mu/Central/jets/4/pt in Skim_TriLep_TTG.root
2025-11-13 11:08:15,134 - INFO - [2018] MISSING_CENTRAL: ZG1E2Mu/Central/jets/4/pt in Skim_TriLep_WWG.root
2025-11-13 11:08:15,141 - INFO - [2018] MISSING_FILE: /data9/Users/choij/Sync/workspace/ChargedHiggsAnalysisV3/SKNanoOutput/CRPromptSelector/Run1E2Mu_RunSyst/2018/Skim_TriLep_WZTo3LNu_amcatnlo.root
2025-11-13 11:08:15,153 - INFO - [2018] MISSING_CENTRAL: ZG1E2Mu/Central/jets/4/pt in Skim_TriLep_WWW.root
2025-11-13 11:08:15,155 - INFO - [2018] MISSING_CENTRAL: ZG1E2Mu/Central/jets/4/pt in Skim_TriLep_WWZ.root
2025-11-19 00:17:09,129 - INFO - [2018] MISSING_CENTRAL: ZG1E2Mu/Central/jets/4/pt in Skim_TriLep_MuonEG_A.root
2025-11-19 00:17:09,130 - INFO - [2018] MISSING_CENTRAL: ZG1E2Mu/Central/jets/4/pt in Skim_TriLep_MuonEG_B.root
2025-11-19 00:17:09,131 - INFO - [2018] MISSING_CENTRAL: ZG1E2Mu/Central/jets/4/pt in Skim_TriLep_MuonEG_C.root
2025-11-19 00:17:09,198 - INFO - [2018] MISSING_CENTRAL: ZG1E2Mu/Central/jets/4/pt in Skim_TriLep_MuonEG_B.root
2025-11-19 00:17:09,204 - INFO - [2018] MISSING_SYSTEMATIC: ZG1E2Mu/UnclusteredEn_Up/jets/4/pt in Skim_TriLep_DYJets.root
2025-11-19 00:17:09,221 - INFO - [2018] MISSING_CENTRAL: ZG1E2Mu/Central/jets/4/pt in Skim_TriLep_DYJets10to50.root
2025-11-19 00:17:09,340 - INFO - [2018] MISSING_CENTRAL: ZG1E2Mu/Central/jets/4/pt in Skim_TriLep_TTG.root
2025-11-19 00:17:09,341 - INFO - [2018] MISSING_CENTRAL: ZG1E2Mu/Central/jets/4/pt in Skim_TriLep_WWG.root
2025-11-19 00:17:09,512 - INFO - [2018] MISSING_FILE: /data9/Users/choij/Sync/workspace/ChargedHiggsAnalysisV3/SKNanoOutput/CRPromptSelector/Run1E2Mu_RunSyst/2018/Skim_TriLep_WZTo3LNu_amcatnlo.root
2025-11-19 00:17:09,638 - INFO - [2018] MISSING_CENTRAL: ZG1E2Mu/Central/jets/4/pt in Skim_TriLep_WWW.root
2025-11-19 00:17:09,644 - INFO - [2018] MISSING_CENTRAL: ZG1E2Mu/Central/jets/4/pt in Skim_TriLep_WWZ.root
2025-11-19 00:17:09,821 - INFO - [2018] MISSING_SYSTEMATIC: ZG1E2Mu/UnclusteredEn_Up/jets/4/pt in Skim_TriLep_TTTT.root
2025-11-19 00:17:15,582 - INFO - [2018] MISSING_CENTRAL: ZG1E2Mu/Central/jets/4/pt in Skim_TriLep_MuonEG_A.root
2025-11-19 00:17:15,584 - INFO - [2018] MISSING_CENTRAL: ZG1E2Mu/Central/jets/4/pt in Skim_TriLep_MuonEG_B.root
2025-11-19 00:17:15,585 - INFO - [2018] MISSING_CENTRAL: ZG1E2Mu/Central/jets/4/pt in Skim_TriLep_MuonEG_C.root
2025-11-19 00:17:15,653 - INFO - [2018] MISSING_CENTRAL: ZG1E2Mu/Central/jets/4/pt in Skim_TriLep_MuonEG_B.root
2025-11-19 00:17:15,657 - INFO - [2018] MISSING_CENTRAL: ZG1E2Mu/Central/jets/4/pt in Skim_TriLep_DYJets10to50.root
2025-11-19 00:17:15,658 - INFO - [2018] MISSING_CENTRAL: ZG1E2Mu/Central/jets/4/pt in Skim_TriLep_TTG.root
2025-11-19 00:17:15,659 - INFO - [2018] MISSING_CENTRAL: ZG1E2Mu/Central/jets/4/pt in Skim_TriLep_WWG.root
2025-11-19 00:17:15,662 - INFO - [2018] MISSING_FILE: /data9/Users/choij/Sync/workspace/ChargedHiggsAnalysisV3/SKNanoOutput/CRPromptSelector/Run1E2Mu_RunSyst/2018/Skim_TriLep_WZTo3LNu_amcatnlo.root
2025-11-19 00:17:15,670 - INFO - [2018] MISSING_CENTRAL: ZG1E2Mu/Central/jets/4/pt in Skim_TriLep_WWW.root
2025-11-19 00:17:15,671 - INFO - [2018] MISSING_CENTRAL: ZG1E2Mu/Central/jets/4/pt in Skim_TriLep_WWZ.root
2025-11-19 15:42:18,653 - INFO - [2018] MISSING_CENTRAL: ZG1E2Mu/Central/jets/4/pt in Skim_TriLep_MuonEG_A.root
2025-11-19 15:42:18,654 - INFO - [2018] MISSING_CENTRAL: ZG1E2Mu/Central/jets/4/pt in Skim_TriLep_MuonEG_B.root
2025-11-19 15:42:18,654 - INFO - [2018] MISSING_CENTRAL: ZG1E2Mu/Central/jets/4/pt in Skim_TriLep_MuonEG_C.root
2025-11-19 15:42:18,722 - INFO - [2018] MISSING_CENTRAL: ZG1E2Mu/Central/jets/4/pt in Skim_TriLep_MuonEG_B.root
2025-11-19 15:42:18,727 - INFO - [2018] MISSING_SYSTEMATIC: ZG1E2Mu/UnclusteredEn_Up/jets/4/pt in Skim_TriLep_DYJets.root
2025-11-19 15:42:18,741 - INFO - [2018] MISSING_CENTRAL: ZG1E2Mu/Central/jets/4/pt in Skim_TriLep_DYJets10to50.root
2025-11-19 15:42:18,763 - INFO - [2018] MISSING_CENTRAL: ZG1E2Mu/Central/jets/4/pt in Skim_TriLep_TTG.root
2025-11-19 15:42:18,764 - INFO - [2018] MISSING_CENTRAL: ZG1E2Mu/Central/jets/4/pt in Skim_TriLep_WWG.root
2025-11-19 15:42:18,811 - INFO - [2018] MISSING_FILE: /home/choij/Sync/workspace/ChargedHiggsAnalysisV3/SKNanoOutput/CRPromptSelector/Run1E2Mu_RunSyst/2018/Skim_TriLep_WZTo3LNu_amcatnlo.root
2025-11-19 15:42:18,852 - INFO - [2018] MISSING_CENTRAL: ZG1E2Mu/Central/jets/4/pt in Skim_TriLep_WWW.root
2025-11-19 15:42:18,853 - INFO - [2018] MISSING_CENTRAL: ZG1E2Mu/Central/jets/4/pt in Skim_TriLep_WWZ.root
2025-11-19 15:42:18,901 - INFO - [2018] MISSING_SYSTEMATIC: ZG1E2Mu/UnclusteredEn_Up/jets/4/pt in Skim_TriLep_TTTT.root
2025-11-19 15:42:24,024 - INFO - [2018] MISSING_CENTRAL: ZG1E2Mu/Central/jets/4/pt in Skim_TriLep_MuonEG_A.root
2025-11-19 15:42:24,025 - INFO - [2018] MISSING_CENTRAL: ZG1E2Mu/Central/jets/4/pt in Skim_TriLep_MuonEG_B.root
2025-11-19 15:42:24,025 - INFO - [2018] MISSING_CENTRAL: ZG1E2Mu/Central/jets/4/pt in Skim_TriLep_MuonEG_C.root
2025-11-19 15:42:24,095 - INFO - [2018] MISSING_CENTRAL: ZG1E2Mu/Central/jets/4/pt in Skim_TriLep_MuonEG_B.root
2025-11-19 15:42:24,097 - INFO - [2018] MISSING_CENTRAL: ZG1E2Mu/Central/jets/4/pt in Skim_TriLep_DYJets10to50.root
2025-11-19 15:42:24,098 - INFO - [2018] MISSING_CENTRAL: ZG1E2Mu/Central/jets/4/pt in Skim_TriLep_TTG.root
2025-11-19 15:42:24,099 - INFO - [2018] MISSING_CENTRAL: ZG1E2Mu/Central/jets/4/pt in Skim_TriLep_WWG.root
2025-11-19 15:42:24,100 - INFO - [2018] MISSING_FILE: /home/choij/Sync/workspace/ChargedHiggsAnalysisV3/SKNanoOutput/CRPromptSelector/Run1E2Mu_RunSyst/2018/Skim_TriLep_WZTo3LNu_amcatnlo.root
2025-11-19 15:42:24,106 - INFO - [2018] MISSING_CENTRAL: ZG1E2Mu/Central/jets/4/pt in Skim_TriLep_WWW.root
2025-11-19 15:42:24,106 - INFO - [2018] MISSING_CENTRAL: ZG1E2Mu/Central/jets/4/pt in Skim_TriLep_WWZ.root
2025-11-19 16:21:12,728 - INFO - [2018] MISSING_CENTRAL: ZG1E2Mu/Central/jets/4/pt in Skim_TriLep_MuonEG_A.root
2025-11-19 16:21:12,728 - INFO - [2018] MISSING_CENTRAL: ZG1E2Mu/Central/jets/4/pt in Skim_TriLep_MuonEG_B.root
2025-11-19 16:21:12,729 - INFO - [2018] MISSING_CENTRAL: ZG1E2Mu/Central/jets/4/pt in Skim_TriLep_MuonEG_C.root
2025-11-19 16:21:12,798 - INFO - [2018] MISSING_CENTRAL: ZG1E2Mu/Central/jets/4/pt in Skim_TriLep_MuonEG_B.root
2025-11-19 16:21:12,803 - INFO - [2018] MISSING_SYSTEMATIC: ZG1E2Mu/UnclusteredEn_Up/jets/4/pt in Skim_TriLep_DYJets.root
2025-11-19 16:21:12,817 - INFO - [2018] MISSING_CENTRAL: ZG1E2Mu/Central/jets/4/pt in Skim_TriLep_DYJets10to50.root
2025-11-19 16:21:12,829 - INFO - [2018] MISSING_CENTRAL: ZG1E2Mu/Central/jets/4/pt in Skim_TriLep_TTG.root
2025-11-19 16:21:12,830 - INFO - [2018] MISSING_CENTRAL: ZG1E2Mu/Central/jets/4/pt in Skim_TriLep_WWG.root
2025-11-19 16:21:12,865 - INFO - [2018] MISSING_FILE: /home/choij/Sync/workspace/ChargedHiggsAnalysisV3/SKNanoOutput/CRPromptSelector/Run1E2Mu_RunSyst/2018/Skim_TriLep_WZTo3LNu_amcatnlo.root
2025-11-19 16:21:12,903 - INFO - [2018] MISSING_CENTRAL: ZG1E2Mu/Central/jets/4/pt in Skim_TriLep_WWW.root
2025-11-19 16:21:12,903 - INFO - [2018] MISSING_CENTRAL: ZG1E2Mu/Central/jets/4/pt in Skim_TriLep_WWZ.root
2025-11-19 16:21:12,931 - INFO - [2018] MISSING_SYSTEMATIC: ZG1E2Mu/UnclusteredEn_Up/jets/4/pt in Skim_TriLep_TTTT.root
2025-11-19 16:21:17,986 - INFO - [2018] MISSING_CENTRAL: ZG1E2Mu/Central/jets/4/pt in Skim_TriLep_MuonEG_A.root
2025-11-19 16:21:17,986 - INFO - [2018] MISSING_CENTRAL: ZG1E2Mu/Central/jets/4/pt in Skim_TriLep_MuonEG_B.root
2025-11-19 16:21:17,987 - INFO - [2018] MISSING_CENTRAL: ZG1E2Mu/Central/jets/4/pt in Skim_TriLep_MuonEG_C.root
2025-11-19 16:21:18,058 - INFO - [2018] MISSING_CENTRAL: ZG1E2Mu/Central/jets/4/pt in Skim_TriLep_MuonEG_B.root
2025-11-19 16:21:18,061 - INFO - [2018] MISSING_CENTRAL: ZG1E2Mu/Central/jets/4/pt in Skim_TriLep_DYJets10to50.root
2025-11-19 16:21:18,062 - INFO - [2018] MISSING_CENTRAL: ZG1E2Mu/Central/jets/4/pt in Skim_TriLep_TTG.root
2025-11-19 16:21:18,063 - INFO - [2018] MISSING_CENTRAL: ZG1E2Mu/Central/jets/4/pt in Skim_TriLep_WWG.root
2025-11-19 16:21:18,064 - INFO - [2018] MISSING_FILE: /home/choij/Sync/workspace/ChargedHiggsAnalysisV3/SKNanoOutput/CRPromptSelector/Run1E2Mu_RunSyst/2018/Skim_TriLep_WZTo3LNu_amcatnlo.root
2025-11-19 16:21:18,071 - INFO - [2018] MISSING_CENTRAL: ZG1E2Mu/Central/jets/4/pt in Skim_TriLep_WWW.root
2025-11-19 16:21:18,071 - INFO - [2018] MISSING_CENTRAL: ZG1E2Mu/Central/jets/4/pt in Skim_TriLep_WWZ.root
2025-12-17 12:25:31,315 - INFO - [2018] MISSING_CENTRAL: ZG1E2Mu/Central/jets/4/pt in Skim_TriLep_MuonEG_A.root
2025-12-17 12:25:31,317 - INFO - [2018] MISSING_CENTRAL: ZG1E2Mu/Central/jets/4/pt in Skim_TriLep_MuonEG_B.root
2025-12-17 12:25:31,319 - INFO - [2018] MISSING_CENTRAL: ZG1E2Mu/Central/jets/4/pt in Skim_TriLep_MuonEG_C.root
2025-12-17 12:25:31,405 - INFO - [2018] MISSING_CENTRAL: ZG1E2Mu/Central/jets/4/pt in Skim_TriLep_MuonEG_B.root
2025-12-17 12:25:31,439 - INFO - [2018] MISSING_CENTRAL: ZG1E2Mu/Central/jets/4/pt in Skim_TriLep_DYJets10to50.root
2025-12-17 12:25:31,440 - INFO - [2018] MISSING_CENTRAL: ZG1E2Mu/Central/jets/4/pt in Skim_TriLep_TTG.root
2025-12-17 12:25:31,441 - INFO - [2018] MISSING_CENTRAL: ZG1E2Mu/Central/jets/4/pt in Skim_TriLep_WWG.root
2025-12-17 12:25:31,568 - INFO - [2018] MISSING_CENTRAL: ZG1E2Mu/Central/jets/4/pt in Skim_TriLep_WWW.root
2025-12-17 12:25:31,569 - INFO - [2018] MISSING_CENTRAL: ZG1E2Mu/Central/jets/4/pt in Skim_TriLep_WWZ.root
2025-12-17 12:25:36,845 - INFO - [2018] MISSING_CENTRAL: ZG1E2Mu/Central/jets/4/pt in Skim_TriLep_MuonEG_A.root
2025-12-17 12:25:36,847 - INFO - [2018] MISSING_CENTRAL: ZG1E2Mu/Central/jets/4/pt in Skim_TriLep_MuonEG_B.root
2025-12-17 12:25:36,849 - INFO - [2018] MISSING_CENTRAL: ZG1E2Mu/Central/jets/4/pt in Skim_TriLep_MuonEG_C.root
2025-12-17 12:25:36,945 - INFO - [2018] MISSING_CENTRAL: ZG1E2Mu/Central/jets/4/pt in Skim_TriLep_MuonEG_B.root
2025-12-17 12:25:36,951 - INFO - [2018] MISSING_CENTRAL: ZG1E2Mu/Central/jets/4/pt in Skim_TriLep_DYJets10to50.root
2025-12-17 12:25:36,952 - INFO - [2018] MISSING_CENTRAL: ZG1E2Mu/Central/jets/4/pt in Skim_TriLep_TTG.root
2025-12-17 12:25:36,954 - INFO - [2018] MISSING_CENTRAL: ZG1E2Mu/Central/jets/4/pt in Skim_TriLep_WWG.root
2025-12-17 12:25:36,972 - INFO - [2018] MISSING_CENTRAL: ZG1E2Mu/Central/jets/4/pt in Skim_TriLep_WWW.root
2025-12-17 12:25:36,974 - INFO - [2018] MISSING_CENTRAL: ZG1E2Mu/Central/jets/4/pt in Skim_TriLep_WWZ.root
2025-12-17 16:07:19,526 - INFO - [2018] MISSING_CENTRAL: ZG1E2Mu/Central/jets/4/pt in Skim_TriLep_MuonEG_A.root
2025-12-17 16:07:19,527 - INFO - [2018] MISSING_CENTRAL: ZG1E2Mu/Central/jets/4/pt in Skim_TriLep_MuonEG_B.root
2025-12-17 16:07:19,528 - INFO - [2018] MISSING_CENTRAL: ZG1E2Mu/Central/jets/4/pt in Skim_TriLep_MuonEG_C.root
2025-12-17 16:07:19,599 - INFO - [2018] MISSING_CENTRAL: ZG1E2Mu/Central/jets/4/pt in Skim_TriLep_MuonEG_B.root
2025-12-17 16:07:19,622 - INFO - [2018] MISSING_CENTRAL: ZG1E2Mu/Central/jets/4/pt in Skim_TriLep_DYJets10to50.root
2025-12-17 16:07:19,623 - INFO - [2018] MISSING_CENTRAL: ZG1E2Mu/Central/jets/4/pt in Skim_TriLep_TTG.root
2025-12-17 16:07:19,625 - INFO - [2018] MISSING_CENTRAL: ZG1E2Mu/Central/jets/4/pt in Skim_TriLep_WWG.root
2025-12-17 16:07:19,708 - INFO - [2018] MISSING_CENTRAL: ZG1E2Mu/Central/jets/4/pt in Skim_TriLep_WWW.root
2025-12-17 16:07:19,710 - INFO - [2018] MISSING_CENTRAL: ZG1E2Mu/Central/jets/4/pt in Skim_TriLep_WWZ.root
2025-12-17 16:07:25,840 - INFO - [2018] MISSING_CENTRAL: ZG1E2Mu/Central/jets/4/pt in Skim_TriLep_MuonEG_A.root
2025-12-17 16:07:25,841 - INFO - [2018] MISSING_CENTRAL: ZG1E2Mu/Central/jets/4/pt in Skim_TriLep_MuonEG_B.root
2025-12-17 16:07:25,842 - INFO - [2018] MISSING_CENTRAL: ZG1E2Mu/Central/jets/4/pt in Skim_TriLep_MuonEG_C.root
2025-12-17 16:07:25,928 - INFO - [2018] MISSING_CENTRAL: ZG1E2Mu/Central/jets/4/pt in Skim_TriLep_MuonEG_B.root
2025-12-17 16:07:25,933 - INFO - [2018] MISSING_CENTRAL: ZG1E2Mu/Central/jets/4/pt in Skim_TriLep_DYJets10to50.root
2025-12-17 16:07:25,933 - INFO - [2018] MISSING_CENTRAL: ZG1E2Mu/Central/jets/4/pt in Skim_TriLep_TTG.root
2025-12-17 16:07:25,934 - INFO - [2018] MISSING_CENTRAL: ZG1E2Mu/Central/jets/4/pt in Skim_TriLep_WWG.root
2025-12-17 16:07:25,949 - INFO - [2018] MISSING_CENTRAL: ZG1E2Mu/Central/jets/4/pt in Skim_TriLep_WWW.root
2025-12-17 16:07:25,950 - INFO - [2018] MISSING_CENTRAL: ZG1E2Mu/Central/jets/4/pt in Skim_TriLep_WWZ.root
2025-12-17 22:35:34,336 - INFO - [2018] MISSING_CENTRAL: ZG1E2Mu/Central/jets/4/pt in Skim_TriLep_MuonEG_A.root
2025-12-17 22:35:34,337 - INFO - [2018] MISSING_CENTRAL: ZG1E2Mu/Central/jets/4/pt in Skim_TriLep_MuonEG_B.root
2025-12-17 22:35:34,338 - INFO - [2018] MISSING_CENTRAL: ZG1E2Mu/Central/jets/4/pt in Skim_TriLep_MuonEG_C.root
2025-12-17 22:35:34,401 - INFO - [2018] MISSING_CENTRAL: ZG1E2Mu/Central/jets/4/pt in Skim_TriLep_MuonEG_B.root
2025-12-17 22:35:34,423 - INFO - [2018] MISSING_CENTRAL: ZG1E2Mu/Central/jets/4/pt in Skim_TriLep_DYJets10to50.root
2025-12-17 22:35:34,424 - INFO - [2018] MISSING_CENTRAL: ZG1E2Mu/Central/jets/4/pt in Skim_TriLep_TTG.root
2025-12-17 22:35:34,425 - INFO - [2018] MISSING_CENTRAL: ZG1E2Mu/Central/jets/4/pt in Skim_TriLep_WWG.root
2025-12-17 22:35:34,512 - INFO - [2018] MISSING_CENTRAL: ZG1E2Mu/Central/jets/4/pt in Skim_TriLep_WWW.root
2025-12-17 22:35:34,513 - INFO - [2018] MISSING_CENTRAL: ZG1E2Mu/Central/jets/4/pt in Skim_TriLep_WWZ.root
2025-12-17 22:35:39,501 - INFO - [2018] MISSING_CENTRAL: ZG1E2Mu/Central/jets/4/pt in Skim_TriLep_MuonEG_A.root
2025-12-17 22:35:39,503 - INFO - [2018] MISSING_CENTRAL: ZG1E2Mu/Central/jets/4/pt in Skim_TriLep_MuonEG_B.root
2025-12-17 22:35:39,504 - INFO - [2018] MISSING_CENTRAL: ZG1E2Mu/Central/jets/4/pt in Skim_TriLep_MuonEG_C.root
2025-12-17 22:35:39,577 - INFO - [2018] MISSING_CENTRAL: ZG1E2Mu/Central/jets/4/pt in Skim_TriLep_MuonEG_B.root
2025-12-17 22:35:39,582 - INFO - [2018] MISSING_CENTRAL: ZG1E2Mu/Central/jets/4/pt in Skim_TriLep_DYJets10to50.root
2025-12-17 22:35:39,583 - INFO - [2018] MISSING_CENTRAL: ZG1E2Mu/Central/jets/4/pt in Skim_TriLep_TTG.root
2025-12-17 22:35:39,584 - INFO - [2018] MISSING_CENTRAL: ZG1E2Mu/Central/jets/4/pt in Skim_TriLep_WWG.root
2025-12-17 22:35:39,597 - INFO - [2018] MISSING_CENTRAL: ZG1E2Mu/Central/jets/4/pt in Skim_TriLep_WWW.root
2025-12-17 22:35:39,598 - INFO - [2018] MISSING_CENTRAL: ZG1E2Mu/Central/jets/4/pt in Skim_TriLep_WWZ.root
2025-12-18 14:19:13,851 - INFO - [2018] MISSING_CENTRAL: ZG1E2Mu/Central/jets/4/pt in Skim_TriLep_MuonEG_A.root
2025-12-18 14:19:13,852 - INFO - [2018] MISSING_CENTRAL: ZG1E2Mu/Central/jets/4/pt in Skim_TriLep_MuonEG_B.root
2025-12-18 14:19:13,867 - INFO - [2018] MISSING_CENTRAL: ZG1E2Mu/Central/jets/4/pt in Skim_TriLep_MuonEG_C.root
2025-12-18 14:19:13,954 - INFO - [2018] MISSING_CENTRAL: ZG1E2Mu/Central/jets/4/pt in Skim_TriLep_MuonEG_B.root
2025-12-18 14:19:13,987 - INFO - [2018] MISSING_CENTRAL: ZG1E2Mu/Central/jets/4/pt in Skim_TriLep_DYJets10to50.root
2025-12-18 14:19:13,988 - INFO - [2018] MISSING_CENTRAL: ZG1E2Mu/Central/jets/4/pt in Skim_TriLep_TTG.root
2025-12-18 14:19:13,989 - INFO - [2018] MISSING_CENTRAL: ZG1E2Mu/Central/jets/4/pt in Skim_TriLep_WWG.root
2025-12-18 14:19:14,121 - INFO - [2018] MISSING_CENTRAL: ZG1E2Mu/Central/jets/4/pt in Skim_TriLep_WWW.root
2025-12-18 14:19:14,122 - INFO - [2018] MISSING_CENTRAL: ZG1E2Mu/Central/jets/4/pt in Skim_TriLep_WWZ.root
2025-12-18 14:19:19,098 - INFO - [2018] MISSING_CENTRAL: ZG1E2Mu/Central/jets/4/pt in Skim_TriLep_MuonEG_A.root
2025-12-18 14:19:19,100 - INFO - [2018] MISSING_CENTRAL: ZG1E2Mu/Central/jets/4/pt in Skim_TriLep_MuonEG_B.root
2025-12-18 14:19:19,101 - INFO - [2018] MISSING_CENTRAL: ZG1E2Mu/Central/jets/4/pt in Skim_TriLep_MuonEG_C.root
2025-12-18 14:19:19,187 - INFO - [2018] MISSING_CENTRAL: ZG1E2Mu/Central/jets/4/pt in Skim_TriLep_MuonEG_B.root
2025-12-18 14:19:19,191 - INFO - [2018] MISSING_CENTRAL: ZG1E2Mu/Central/jets/4/pt in Skim_TriLep_DYJets10to50.root
2025-12-18 14:19:19,192 - INFO - [2018] MISSING_CENTRAL: ZG1E2Mu/Central/jets/4/pt in Skim_TriLep_TTG.root
2025-12-18 14:19:19,193 - INFO - [2018] MISSING_CENTRAL: ZG1E2Mu/Central/jets/4/pt in Skim_TriLep_WWG.root
2025-12-18 14:19:19,207 - INFO - [2018] MISSING_CENTRAL: ZG1E2Mu/Central/jets/4/pt in Skim_TriLep_WWW.root
2025-12-18 14:19:19,208 - INFO - [2018] MISSING_CENTRAL: ZG1E2Mu/Central/jets/4/pt in Skim_TriLep_WWZ.root
2025-12-18 14:34:41,607 - INFO - [2018] MISSING_CENTRAL: ZG1E2Mu/Central/jets/4/pt in Skim_TriLep_MuonEG_A.root
2025-12-18 14:34:41,609 - INFO - [2018] MISSING_CENTRAL: ZG1E2Mu/Central/jets/4/pt in Skim_TriLep_MuonEG_B.root
2025-12-18 14:34:41,610 - INFO - [2018] MISSING_CENTRAL: ZG1E2Mu/Central/jets/4/pt in Skim_TriLep_MuonEG_C.root
2025-12-18 14:34:41,702 - INFO - [2018] MISSING_CENTRAL: ZG1E2Mu/Central/jets/4/pt in Skim_TriLep_MuonEG_B.root
2025-12-18 14:34:41,737 - INFO - [2018] MISSING_CENTRAL: ZG1E2Mu/Central/jets/4/pt in Skim_TriLep_DYJets10to50.root
2025-12-18 14:34:41,738 - INFO - [2018] MISSING_CENTRAL: ZG1E2Mu/Central/jets/4/pt in Skim_TriLep_TTG.root
2025-12-18 14:34:41,739 - INFO - [2018] MISSING_CENTRAL: ZG1E2Mu/Central/jets/4/pt in Skim_TriLep_WWG.root
2025-12-18 14:34:41,874 - INFO - [2018] MISSING_CENTRAL: ZG1E2Mu/Central/jets/4/pt in Skim_TriLep_WWW.root
2025-12-18 14:34:41,876 - INFO - [2018] MISSING_CENTRAL: ZG1E2Mu/Central/jets/4/pt in Skim_TriLep_WWZ.root
2025-12-18 14:34:46,843 - INFO - [2018] MISSING_CENTRAL: ZG1E2Mu/Central/jets/4/pt in Skim_TriLep_MuonEG_A.root
2025-12-18 14:34:46,844 - INFO - [2018] MISSING_CENTRAL: ZG1E2Mu/Central/jets/4/pt in Skim_TriLep_MuonEG_B.root
2025-12-18 14:34:46,845 - INFO - [2018] MISSING_CENTRAL: ZG1E2Mu/Central/jets/4/pt in Skim_TriLep_MuonEG_C.root
2025-12-18 14:34:46,921 - INFO - [2018] MISSING_CENTRAL: ZG1E2Mu/Central/jets/4/pt in Skim_TriLep_MuonEG_B.root
2025-12-18 14:34:46,926 - INFO - [2018] MISSING_CENTRAL: ZG1E2Mu/Central/jets/4/pt in Skim_TriLep_DYJets10to50.root
2025-12-18 14:34:46,927 - INFO - [2018] MISSING_CENTRAL: ZG1E2Mu/Central/jets/4/pt in Skim_TriLep_TTG.root
2025-12-18 14:34:46,928 - INFO - [2018] MISSING_CENTRAL: ZG1E2Mu/Central/jets/4/pt in Skim_TriLep_WWG.root
2025-12-18 14:34:46,943 - INFO - [2018] MISSING_CENTRAL: ZG1E2Mu/Central/jets/4/pt in Skim_TriLep_WWW.root
2025-12-18 14:34:46,944 - INFO - [2018] MISSING_CENTRAL: ZG1E2Mu/Central/jets/4/pt in Skim_TriLep_WWZ.root
2026-01-07 11:44:49,673 - INFO - [2018] MISSING_FILE: /data9/Users/choij/Sync/workspace/ChargedHiggsAnalysisV3/SKNanoOutput/CRPromptSelector/Run1E2Mu/2018/Skim_TriLep_MuonEG_A.root
2026-01-07 11:44:49,673 - INFO - [2018] MISSING_FILE: /data9/Users/choij/Sync/workspace/ChargedHiggsAnalysisV3/SKNanoOutput/CRPromptSelector/Run1E2Mu/2018/Skim_TriLep_MuonEG_B.root
2026-01-07 11:44:49,673 - INFO - [2018] MISSING_FILE: /data9/Users/choij/Sync/workspace/ChargedHiggsAnalysisV3/SKNanoOutput/CRPromptSelector/Run1E2Mu/2018/Skim_TriLep_MuonEG_C.root
2026-01-07 11:44:49,673 - INFO - [2018] MISSING_FILE: /data9/Users/choij/Sync/workspace/ChargedHiggsAnalysisV3/SKNanoOutput/CRPromptSelector/Run1E2Mu/2018/Skim_TriLep_MuonEG_D.root
2026-01-07 11:44:53,076 - INFO - [2018] MISSING_FILE: /data9/Users/choij/Sync/workspace/ChargedHiggsAnalysisV3/SKNanoOutput/CRPromptSelector/Run1E2Mu/2018/Skim_TriLep_MuonEG_A.root
2026-01-07 11:44:53,076 - INFO - [2018] MISSING_FILE: /data9/Users/choij/Sync/workspace/ChargedHiggsAnalysisV3/SKNanoOutput/CRPromptSelector/Run1E2Mu/2018/Skim_TriLep_MuonEG_B.root
2026-01-07 11:44:53,076 - INFO - [2018] MISSING_FILE: /data9/Users/choij/Sync/workspace/ChargedHiggsAnalysisV3/SKNanoOutput/CRPromptSelector/Run1E2Mu/2018/Skim_TriLep_MuonEG_C.root
2026-01-07 11:44:53,076 - INFO - [2018] MISSING_FILE: /data9/Users/choij/Sync/workspace/ChargedHiggsAnalysisV3/SKNanoOutput/CRPromptSelector/Run1E2Mu/2018/Skim_TriLep_MuonEG_D.root
2026-01-07 18:41:34,204 - INFO - [2018] MISSING_CENTRAL: ZG1E2Mu/Central/jets/4/pt in Skim_TriLep_MuonEG_A.root
2026-01-07 18:41:34,206 - INFO - [2018] MISSING_CENTRAL: ZG1E2Mu/Central/jets/4/pt in Skim_TriLep_MuonEG_B.root
2026-01-07 18:41:34,207 - INFO - [2018] MISSING_CENTRAL: ZG1E2Mu/Central/jets/4/pt in Skim_TriLep_MuonEG_C.root
2026-01-07 18:41:34,288 - INFO - [2018] MISSING_CENTRAL: ZG1E2Mu/Central/jets/4/pt in Skim_TriLep_MuonEG_B.root
2026-01-07 18:41:34,309 - INFO - [2018] MISSING_CENTRAL: ZG1E2Mu/Central/jets/4/pt in Skim_TriLep_DYJets10to50.root
2026-01-07 18:41:34,309 - INFO - [2018] MISSING_CENTRAL: ZG1E2Mu/Central/jets/4/pt in Skim_TriLep_TTG.root
2026-01-07 18:41:34,310 - INFO - [2018] MISSING_CENTRAL: ZG1E2Mu/Central/jets/4/pt in Skim_TriLep_WWG.root
2026-01-07 18:41:34,547 - INFO - [2018] MISSING_CENTRAL: ZG1E2Mu/Central/jets/4/pt in Skim_TriLep_WWW.root
2026-01-07 18:41:34,553 - INFO - [2018] MISSING_CENTRAL: ZG1E2Mu/Central/jets/4/pt in Skim_TriLep_WWZ.root
2026-01-07 18:41:40,358 - INFO - [2018] MISSING_CENTRAL: ZG1E2Mu/Central/jets/4/pt in Skim_TriLep_MuonEG_A.root
2026-01-07 18:41:40,359 - INFO - [2018] MISSING_CENTRAL: ZG1E2Mu/Central/jets/4/pt in Skim_TriLep_MuonEG_B.root
2026-01-07 18:41:40,359 - INFO - [2018] MISSING_CENTRAL: ZG1E2Mu/Central/jets/4/pt in Skim_TriLep_MuonEG_C.root
2026-01-07 18:41:40,421 - INFO - [2018] MISSING_CENTRAL: ZG1E2Mu/Central/jets/4/pt in Skim_TriLep_MuonEG_B.root
2026-01-07 18:41:40,424 - INFO - [2018] MISSING_CENTRAL: ZG1E2Mu/Central/jets/4/pt in Skim_TriLep_DYJets10to50.root
2026-01-07 18:41:40,424 - INFO - [2018] MISSING_CENTRAL: ZG1E2Mu/Central/jets/4/pt in Skim_TriLep_TTG.root
2026-01-07 18:41:40,425 - INFO - [2018] MISSING_CENTRAL: ZG1E2Mu/Central/jets/4/pt in Skim_TriLep_WWG.root
2026-01-07 18:41:40,439 - INFO - [2018] MISSING_CENTRAL: ZG1E2Mu/Central/jets/4/pt in Skim_TriLep_WWW.root
2026-01-07 18:41:40,440 - INFO - [2018] MISSING_CENTRAL: ZG1E2Mu/Central/jets/4/pt in Skim_TriLep_WWZ.root
2026-01-09 12:15:20,409 - INFO - [2018] MISSING_CENTRAL: ZG1E2Mu/Central/jets/4/pt in Skim_TriLep_MuonEG_A.root
2026-01-09 12:15:20,411 - INFO - [2018] MISSING_CENTRAL: ZG1E2Mu/Central/jets/4/pt in Skim_TriLep_MuonEG_B.root
2026-01-09 12:15:20,412 - INFO - [2018] MISSING_CENTRAL: ZG1E2Mu/Central/jets/4/pt in Skim_TriLep_MuonEG_C.root
2026-01-09 12:15:20,479 - INFO - [2018] MISSING_CENTRAL: ZG1E2Mu/Central/jets/4/pt in Skim_TriLep_MuonEG_B.root
2026-01-09 12:15:20,512 - INFO - [2018] MISSING_CENTRAL: ZG1E2Mu/Central/jets/4/pt in Skim_TriLep_DYJets10to50.root
2026-01-09 12:15:20,513 - INFO - [2018] MISSING_CENTRAL: ZG1E2Mu/Central/jets/4/pt in Skim_TriLep_TTG.root
2026-01-09 12:15:20,513 - INFO - [2018] MISSING_CENTRAL: ZG1E2Mu/Central/jets/4/pt in Skim_TriLep_WWG.root
2026-01-09 12:15:20,596 - INFO - [2018] MISSING_CENTRAL: ZG1E2Mu/Central/jets/4/pt in Skim_TriLep_WWW.root
2026-01-09 12:15:20,597 - INFO - [2018] MISSING_CENTRAL: ZG1E2Mu/Central/jets/4/pt in Skim_TriLep_WWZ.root
2026-01-09 12:15:25,631 - INFO - [2018] MISSING_CENTRAL: ZG1E2Mu/Central/jets/4/pt in Skim_TriLep_MuonEG_A.root
2026-01-09 12:15:25,632 - INFO - [2018] MISSING_CENTRAL: ZG1E2Mu/Central/jets/4/pt in Skim_TriLep_MuonEG_B.root
2026-01-09 12:15:25,633 - INFO - [2018] MISSING_CENTRAL: ZG1E2Mu/Central/jets/4/pt in Skim_TriLep_MuonEG_C.root
2026-01-09 12:15:25,698 - INFO - [2018] MISSING_CENTRAL: ZG1E2Mu/Central/jets/4/pt in Skim_TriLep_MuonEG_B.root
2026-01-09 12:15:25,701 - INFO - [2018] MISSING_CENTRAL: ZG1E2Mu/Central/jets/4/pt in Skim_TriLep_DYJets10to50.root
2026-01-09 12:15:25,701 - INFO - [2018] MISSING_CENTRAL: ZG1E2Mu/Central/jets/4/pt in Skim_TriLep_TTG.root
2026-01-09 12:15:25,702 - INFO - [2018] MISSING_CENTRAL: ZG1E2Mu/Central/jets/4/pt in Skim_TriLep_WWG.root
2026-01-09 12:15:25,714 - INFO - [2018] MISSING_CENTRAL: ZG1E2Mu/Central/jets/4/pt in Skim_TriLep_WWW.root
2026-01-09 12:15:25,715 - INFO - [2018] MISSING_CENTRAL: ZG1E2Mu/Central/jets/4/pt in Skim_TriLep_WWZ.root
2026-01-11 09:35:24,016 - INFO - [2018] MISSING_CENTRAL: ZG1E2Mu/Central/jets/4/pt in Skim_TriLep_MuonEG_A.root
2026-01-11 09:35:24,018 - INFO - [2018] MISSING_CENTRAL: ZG1E2Mu/Central/jets/4/pt in Skim_TriLep_MuonEG_B.root
2026-01-11 09:35:24,019 - INFO - [2018] MISSING_CENTRAL: ZG1E2Mu/Central/jets/4/pt in Skim_TriLep_MuonEG_C.root
2026-01-11 09:35:24,083 - INFO - [2018] MISSING_CENTRAL: ZG1E2Mu/Central/jets/4/pt in Skim_TriLep_MuonEG_B.root
2026-01-11 09:35:24,104 - INFO - [2018] MISSING_CENTRAL: ZG1E2Mu/Central/jets/4/pt in Skim_TriLep_DYJets10to50.root
2026-01-11 09:35:24,105 - INFO - [2018] MISSING_CENTRAL: ZG1E2Mu/Central/jets/4/pt in Skim_TriLep_TTG.root
2026-01-11 09:35:24,105 - INFO - [2018] MISSING_CENTRAL: ZG1E2Mu/Central/jets/4/pt in Skim_TriLep_WWG.root
2026-01-11 09:35:24,197 - INFO - [2018] MISSING_CENTRAL: ZG1E2Mu/Central/jets/4/pt in Skim_TriLep_WWW.root
2026-01-11 09:35:24,199 - INFO - [2018] MISSING_CENTRAL: ZG1E2Mu/Central/jets/4/pt in Skim_TriLep_WWZ.root
2026-01-11 09:35:29,191 - INFO - [2018] MISSING_CENTRAL: ZG1E2Mu/Central/jets/4/pt in Skim_TriLep_MuonEG_A.root
2026-01-11 09:35:29,192 - INFO - [2018] MISSING_CENTRAL: ZG1E2Mu/Central/jets/4/pt in Skim_TriLep_MuonEG_B.root
2026-01-11 09:35:29,192 - INFO - [2018] MISSING_CENTRAL: ZG1E2Mu/Central/jets/4/pt in Skim_TriLep_MuonEG_C.root
2026-01-11 09:35:29,262 - INFO - [2018] MISSING_CENTRAL: ZG1E2Mu/Central/jets/4/pt in Skim_TriLep_MuonEG_B.root
2026-01-11 09:35:29,265 - INFO - [2018] MISSING_CENTRAL: ZG1E2Mu/Central/jets/4/pt in Skim_TriLep_DYJets10to50.root
2026-01-11 09:35:29,265 - INFO - [2018] MISSING_CENTRAL: ZG1E2Mu/Central/jets/4/pt in Skim_TriLep_TTG.root
2026-01-11 09:35:29,266 - INFO - [2018] MISSING_CENTRAL: ZG1E2Mu/Central/jets/4/pt in Skim_TriLep_WWG.root
2026-01-11 09:35:29,277 - INFO - [2018] MISSING_CENTRAL: ZG1E2Mu/Central/jets/4/pt in Skim_TriLep_WWW.root
2026-01-11 09:35:29,278 - INFO - [2018] MISSING_CENTRAL: ZG1E2Mu/Central/jets/4/pt in Skim_TriLep_WWZ.root
2026-01-12 13:44:00,924 - INFO - [2018] MISSING_CENTRAL: ZG1E2Mu/Central/jets/4/pt in Skim_TriLep_MuonEG_A.root
2026-01-12 13:44:00,926 - INFO - [2018] MISSING_CENTRAL: ZG1E2Mu/Central/jets/4/pt in Skim_TriLep_MuonEG_B.root
2026-01-12 13:44:00,926 - INFO - [2018] MISSING_CENTRAL: ZG1E2Mu/Central/jets/4/pt in Skim_TriLep_MuonEG_C.root
2026-01-12 13:44:00,991 - INFO - [2018] MISSING_CENTRAL: ZG1E2Mu/Central/jets/4/pt in Skim_TriLep_MuonEG_B.root
2026-01-12 13:44:01,012 - INFO - [2018] MISSING_CENTRAL: ZG1E2Mu/Central/jets/4/pt in Skim_TriLep_DYJets10to50.root
2026-01-12 13:44:01,012 - INFO - [2018] MISSING_CENTRAL: ZG1E2Mu/Central/jets/4/pt in Skim_TriLep_TTG.root
2026-01-12 13:44:01,013 - INFO - [2018] MISSING_CENTRAL: ZG1E2Mu/Central/jets/4/pt in Skim_TriLep_WWG.root
2026-01-12 13:44:01,102 - INFO - [2018] MISSING_CENTRAL: ZG1E2Mu/Central/jets/4/pt in Skim_TriLep_WWW.root
2026-01-12 13:44:01,103 - INFO - [2018] MISSING_CENTRAL: ZG1E2Mu/Central/jets/4/pt in Skim_TriLep_WWZ.root
2026-01-12 13:44:06,128 - INFO - [2018] MISSING_CENTRAL: ZG1E2Mu/Central/jets/4/pt in Skim_TriLep_MuonEG_A.root
2026-01-12 13:44:06,129 - INFO - [2018] MISSING_CENTRAL: ZG1E2Mu/Central/jets/4/pt in Skim_TriLep_MuonEG_B.root
2026-01-12 13:44:06,129 - INFO - [2018] MISSING_CENTRAL: ZG1E2Mu/Central/jets/4/pt in Skim_TriLep_MuonEG_C.root
2026-01-12 13:44:06,191 - INFO - [2018] MISSING_CENTRAL: ZG1E2Mu/Central/jets/4/pt in Skim_TriLep_MuonEG_B.root
2026-01-12 13:44:06,193 - INFO - [2018] MISSING_CENTRAL: ZG1E2Mu/Central/jets/4/pt in Skim_TriLep_DYJets10to50.root
2026-01-12 13:44:06,194 - INFO - [2018] MISSING_CENTRAL: ZG1E2Mu/Central/jets/4/pt in Skim_TriLep_TTG.root
2026-01-12 13:44:06,195 - INFO - [2018] MISSING_CENTRAL: ZG1E2Mu/Central/jets/4/pt in Skim_TriLep_WWG.root
2026-01-12 13:44:06,207 - INFO - [2018] MISSING_CENTRAL: ZG1E2Mu/Central/jets/4/pt in Skim_TriLep_WWW.root
2026-01-12 13:44:06,208 - INFO - [2018] MISSING_CENTRAL: ZG1E2Mu/Central/jets/4/pt in Skim_TriLep_WWZ.root
2026-01-16 18:59:14,810 - INFO - [2018] MISSING_CENTRAL: ZG1E2Mu/Central/jets/4/pt in Skim_TriLep_MuonEG_A.root
2026-01-16 18:59:14,811 - INFO - [2018] MISSING_CENTRAL: ZG1E2Mu/Central/jets/4/pt in Skim_TriLep_MuonEG_B.root
2026-01-16 18:59:14,811 - INFO - [2018] MISSING_CENTRAL: ZG1E2Mu/Central/jets/4/pt in Skim_TriLep_MuonEG_C.root
2026-01-16 18:59:14,875 - INFO - [2018] MISSING_CENTRAL: ZG1E2Mu/Central/jets/4/pt in Skim_TriLep_MuonEG_B.root
2026-01-16 18:59:14,891 - INFO - [2018] MISSING_CENTRAL: ZG1E2Mu/Central/jets/4/pt in Skim_TriLep_DYJets10to50.root
2026-01-16 18:59:14,892 - INFO - [2018] MISSING_CENTRAL: ZG1E2Mu/Central/jets/4/pt in Skim_TriLep_TTG.root
2026-01-16 18:59:14,892 - INFO - [2018] MISSING_CENTRAL: ZG1E2Mu/Central/jets/4/pt in Skim_TriLep_WWG.root
2026-01-16 18:59:14,962 - INFO - [2018] MISSING_CENTRAL: ZG1E2Mu/Central/jets/4/pt in Skim_TriLep_WWW.root
2026-01-16 18:59:14,962 - INFO - [2018] MISSING_CENTRAL: ZG1E2Mu/Central/jets/4/pt in Skim_TriLep_WWZ.root
2026-01-16 18:59:19,923 - INFO - [2018] MISSING_CENTRAL: ZG1E2Mu/Central/jets/4/pt in Skim_TriLep_MuonEG_A.root
2026-01-16 18:59:19,924 - INFO - [2018] MISSING_CENTRAL: ZG1E2Mu/Central/jets/4/pt in Skim_TriLep_MuonEG_B.root
2026-01-16 18:59:19,924 - INFO - [2018] MISSING_CENTRAL: ZG1E2Mu/Central/jets/4/pt in Skim_TriLep_MuonEG_C.root
2026-01-16 18:59:19,990 - INFO - [2018] MISSING_CENTRAL: ZG1E2Mu/Central/jets/4/pt in Skim_TriLep_MuonEG_B.root
2026-01-16 18:59:19,992 - INFO - [2018] MISSING_CENTRAL: ZG1E2Mu/Central/jets/4/pt in Skim_TriLep_DYJets10to50.root
2026-01-16 18:59:19,993 - INFO - [2018] MISSING_CENTRAL: ZG1E2Mu/Central/jets/4/pt in Skim_TriLep_TTG.root
2026-01-16 18:59:19,993 - INFO - [2018] MISSING_CENTRAL: ZG1E2Mu/Central/jets/4/pt in Skim_TriLep_WWG.root
2026-01-16 18:59:20,007 - INFO - [2018] MISSING_CENTRAL: ZG1E2Mu/Central/jets/4/pt in Skim_TriLep_WWW.root
2026-01-16 18:59:20,007 - INFO - [2018] MISSING_CENTRAL: ZG1E2Mu/Central/jets/4/pt in Skim_TriLep_WWZ.root
2026-01-28 14:59:41,421 - INFO - [2018] MISSING_CENTRAL: ZG1E2Mu/Central/jets/4/pt in Skim_TriLep_MuonEG_A.root
2026-01-28 14:59:41,422 - INFO - [2018] MISSING_CENTRAL: ZG1E2Mu/Central/jets/4/pt in Skim_TriLep_MuonEG_B.root
2026-01-28 14:59:41,423 - INFO - [2018] MISSING_CENTRAL: ZG1E2Mu/Central/jets/4/pt in Skim_TriLep_MuonEG_C.root
2026-01-28 14:59:41,489 - INFO - [2018] MISSING_CENTRAL: ZG1E2Mu/Central/jets/4/pt in Skim_TriLep_MuonEG_B.root
2026-01-28 14:59:41,490 - INFO - [2018] MISSING_CENTRAL: ZG1E2Mu/Central/jets/4/pt in Skim_TriLep_MuonEG_C.root
2026-01-28 14:59:41,516 - INFO - [2018] MISSING_CENTRAL: ZG1E2Mu/Central/jets/4/pt in Skim_TriLep_DYJets10to50.root
2026-01-28 14:59:41,517 - INFO - [2018] MISSING_CENTRAL: ZG1E2Mu/Central/jets/4/pt in Skim_TriLep_TTG.root
2026-01-28 14:59:41,518 - INFO - [2018] MISSING_CENTRAL: ZG1E2Mu/Central/jets/4/pt in Skim_TriLep_WWG.root
2026-01-28 14:59:41,644 - INFO - [2018] MISSING_CENTRAL: ZG1E2Mu/Central/jets/4/pt in Skim_TriLep_WWW.root
2026-01-28 14:59:41,645 - INFO - [2018] MISSING_CENTRAL: ZG1E2Mu/Central/jets/4/pt in Skim_TriLep_WWZ.root
2026-01-28 14:59:41,685 - INFO - [2018] MISSING_SYSTEMATIC: ZG1E2Mu/UnclusteredEn_Up/jets/4/pt in Skim_TriLep_TTTT.root
2026-01-28 14:59:46,485 - INFO - [2018] MISSING_CENTRAL: ZG1E2Mu/Central/jets/4/pt in Skim_TriLep_MuonEG_A.root
2026-01-28 14:59:46,486 - INFO - [2018] MISSING_CENTRAL: ZG1E2Mu/Central/jets/4/pt in Skim_TriLep_MuonEG_B.root
2026-01-28 14:59:46,486 - INFO - [2018] MISSING_CENTRAL: ZG1E2Mu/Central/jets/4/pt in Skim_TriLep_MuonEG_C.root
2026-01-28 14:59:46,554 - INFO - [2018] MISSING_CENTRAL: ZG1E2Mu/Central/jets/4/pt in Skim_TriLep_MuonEG_B.root
2026-01-28 14:59:46,555 - INFO - [2018] MISSING_CENTRAL: ZG1E2Mu/Central/jets/4/pt in Skim_TriLep_MuonEG_C.root
2026-01-28 14:59:46,557 - INFO - [2018] MISSING_CENTRAL: ZG1E2Mu/Central/jets/4/pt in Skim_TriLep_DYJets10to50.root
2026-01-28 14:59:46,557 - INFO - [2018] MISSING_CENTRAL: ZG1E2Mu/Central/jets/4/pt in Skim_TriLep_TTG.root
2026-01-28 14:59:46,558 - INFO - [2018] MISSING_CENTRAL: ZG1E2Mu/Central/jets/4/pt in Skim_TriLep_WWG.root
2026-01-28 14:59:46,573 - INFO - [2018] MISSING_CENTRAL: ZG1E2Mu/Central/jets/4/pt in Skim_TriLep_WWW.root
2026-01-28 14:59:46,573 - INFO - [2018] MISSING_CENTRAL: ZG1E2Mu/Central/jets/4/pt in Skim_TriLep_WWZ.root
2026-01-28 15:12:17,217 - INFO - [2018] MISSING_CENTRAL: ZG1E2Mu/Central/jets/4/pt in Skim_TriLep_MuonEG_A.root
2026-01-28 15:12:17,218 - INFO - [2018] MISSING_CENTRAL: ZG1E2Mu/Central/jets/4/pt in Skim_TriLep_MuonEG_B.root
2026-01-28 15:12:17,219 - INFO - [2018] MISSING_CENTRAL: ZG1E2Mu/Central/jets/4/pt in Skim_TriLep_MuonEG_C.root
2026-01-28 15:12:17,287 - INFO - [2018] MISSING_CENTRAL: ZG1E2Mu/Central/jets/4/pt in Skim_TriLep_MuonEG_B.root
2026-01-28 15:12:17,288 - INFO - [2018] MISSING_CENTRAL: ZG1E2Mu/Central/jets/4/pt in Skim_TriLep_MuonEG_C.root
2026-01-28 15:12:17,314 - INFO - [2018] MISSING_CENTRAL: ZG1E2Mu/Central/jets/4/pt in Skim_TriLep_DYJets10to50.root
2026-01-28 15:12:17,314 - INFO - [2018] MISSING_CENTRAL: ZG1E2Mu/Central/jets/4/pt in Skim_TriLep_TTG.root
2026-01-28 15:12:17,315 - INFO - [2018] MISSING_CENTRAL: ZG1E2Mu/Central/jets/4/pt in Skim_TriLep_WWG.root
2026-01-28 15:12:17,437 - INFO - [2018] MISSING_CENTRAL: ZG1E2Mu/Central/jets/4/pt in Skim_TriLep_WWW.root
2026-01-28 15:12:17,438 - INFO - [2018] MISSING_CENTRAL: ZG1E2Mu/Central/jets/4/pt in Skim_TriLep_WWZ.root
2026-01-28 15:12:17,476 - INFO - [2018] MISSING_SYSTEMATIC: ZG1E2Mu/UnclusteredEn_Up/jets/4/pt in Skim_TriLep_TTTT.root
2026-01-28 15:12:22,220 - INFO - [2018] MISSING_CENTRAL: ZG1E2Mu/Central/jets/4/pt in Skim_TriLep_MuonEG_A.root
2026-01-28 15:12:22,221 - INFO - [2018] MISSING_CENTRAL: ZG1E2Mu/Central/jets/4/pt in Skim_TriLep_MuonEG_B.root
2026-01-28 15:12:22,222 - INFO - [2018] MISSING_CENTRAL: ZG1E2Mu/Central/jets/4/pt in Skim_TriLep_MuonEG_C.root
2026-01-28 15:12:22,289 - INFO - [2018] MISSING_CENTRAL: ZG1E2Mu/Central/jets/4/pt in Skim_TriLep_MuonEG_B.root
2026-01-28 15:12:22,290 - INFO - [2018] MISSING_CENTRAL: ZG1E2Mu/Central/jets/4/pt in Skim_TriLep_MuonEG_C.root
2026-01-28 15:12:22,292 - INFO - [2018] MISSING_CENTRAL: ZG1E2Mu/Central/jets/4/pt in Skim_TriLep_DYJets10to50.root
2026-01-28 15:12:22,292 - INFO - [2018] MISSING_CENTRAL: ZG1E2Mu/Central/jets/4/pt in Skim_TriLep_TTG.root
2026-01-28 15:12:22,293 - INFO - [2018] MISSING_CENTRAL: ZG1E2Mu/Central/jets/4/pt in Skim_TriLep_WWG.root
2026-01-28 15:12:22,309 - INFO - [2018] MISSING_CENTRAL: ZG1E2Mu/Central/jets/4/pt in Skim_TriLep_WWW.root
2026-01-28 15:12:22,310 - INFO - [2018] MISSING_CENTRAL: ZG1E2Mu/Central/jets/4/pt in Skim_TriLep_WWZ.root
2026-01-28 17:19:17,990 - INFO - [2018] MISSING_CENTRAL: ZG1E2Mu/Central/jets/4/pt in Skim_TriLep_MuonEG_A.root
2026-01-28 17:19:17,991 - INFO - [2018] MISSING_CENTRAL: ZG1E2Mu/Central/jets/4/pt in Skim_TriLep_MuonEG_B.root
2026-01-28 17:19:17,992 - INFO - [2018] MISSING_CENTRAL: ZG1E2Mu/Central/jets/4/pt in Skim_TriLep_MuonEG_C.root
2026-01-28 17:19:18,062 - INFO - [2018] MISSING_CENTRAL: ZG1E2Mu/Central/jets/4/pt in Skim_TriLep_MuonEG_B.root
2026-01-28 17:19:18,063 - INFO - [2018] MISSING_CENTRAL: ZG1E2Mu/Central/jets/4/pt in Skim_TriLep_MuonEG_C.root
2026-01-28 17:19:18,088 - INFO - [2018] MISSING_CENTRAL: ZG1E2Mu/Central/jets/4/pt in Skim_TriLep_DYJets10to50.root
2026-01-28 17:19:18,089 - INFO - [2018] MISSING_CENTRAL: ZG1E2Mu/Central/jets/4/pt in Skim_TriLep_TTG.root
2026-01-28 17:19:18,089 - INFO - [2018] MISSING_CENTRAL: ZG1E2Mu/Central/jets/4/pt in Skim_TriLep_WWG.root
2026-01-28 17:19:18,221 - INFO - [2018] MISSING_CENTRAL: ZG1E2Mu/Central/jets/4/pt in Skim_TriLep_WWW.root
2026-01-28 17:19:18,221 - INFO - [2018] MISSING_CENTRAL: ZG1E2Mu/Central/jets/4/pt in Skim_TriLep_WWZ.root
2026-01-28 17:19:18,261 - INFO - [2018] MISSING_SYSTEMATIC: ZG1E2Mu/UnclusteredEn_Up/jets/4/pt in Skim_TriLep_TTTT.root
2026-01-28 17:19:23,669 - INFO - [2018] MISSING_CENTRAL: ZG1E2Mu/Central/jets/4/pt in Skim_TriLep_MuonEG_A.root
2026-01-28 17:19:23,670 - INFO - [2018] MISSING_CENTRAL: ZG1E2Mu/Central/jets/4/pt in Skim_TriLep_MuonEG_B.root
2026-01-28 17:19:23,671 - INFO - [2018] MISSING_CENTRAL: ZG1E2Mu/Central/jets/4/pt in Skim_TriLep_MuonEG_C.root
2026-01-28 17:19:23,741 - INFO - [2018] MISSING_CENTRAL: ZG1E2Mu/Central/jets/4/pt in Skim_TriLep_MuonEG_B.root
2026-01-28 17:19:23,741 - INFO - [2018] MISSING_CENTRAL: ZG1E2Mu/Central/jets/4/pt in Skim_TriLep_MuonEG_C.root
2026-01-28 17:19:23,744 - INFO - [2018] MISSING_CENTRAL: ZG1E2Mu/Central/jets/4/pt in Skim_TriLep_DYJets10to50.root
2026-01-28 17:19:23,745 - INFO - [2018] MISSING_CENTRAL: ZG1E2Mu/Central/jets/4/pt in Skim_TriLep_TTG.root
2026-01-28 17:19:23,745 - INFO - [2018] MISSING_CENTRAL: ZG1E2Mu/Central/jets/4/pt in Skim_TriLep_WWG.root
2026-01-28 17:19:23,762 - INFO - [2018] MISSING_CENTRAL: ZG1E2Mu/Central/jets/4/pt in Skim_TriLep_WWW.root
2026-01-28 17:19:23,763 - INFO - [2018] MISSING_CENTRAL: ZG1E2Mu/Central/jets/4/pt in Skim_TriLep_WWZ.root
2026-01-28 19:52:54,584 - INFO - [2018] MISSING_CENTRAL: ZG1E2Mu/Central/jets/4/pt in Skim_TriLep_MuonEG_A.root
2026-01-28 19:52:54,585 - INFO - [2018] MISSING_CENTRAL: ZG1E2Mu/Central/jets/4/pt in Skim_TriLep_MuonEG_B.root
2026-01-28 19:52:54,585 - INFO - [2018] MISSING_CENTRAL: ZG1E2Mu/Central/jets/4/pt in Skim_TriLep_MuonEG_C.root
2026-01-28 19:52:54,657 - INFO - [2018] MISSING_CENTRAL: ZG1E2Mu/Central/jets/4/pt in Skim_TriLep_MuonEG_B.root
2026-01-28 19:52:54,657 - INFO - [2018] MISSING_CENTRAL: ZG1E2Mu/Central/jets/4/pt in Skim_TriLep_MuonEG_C.root
2026-01-28 19:52:54,683 - INFO - [2018] MISSING_CENTRAL: ZG1E2Mu/Central/jets/4/pt in Skim_TriLep_DYJets10to50.root
2026-01-28 19:52:54,684 - INFO - [2018] MISSING_CENTRAL: ZG1E2Mu/Central/jets/4/pt in Skim_TriLep_TTG.root
2026-01-28 19:52:54,685 - INFO - [2018] MISSING_CENTRAL: ZG1E2Mu/Central/jets/4/pt in Skim_TriLep_WWG.root
2026-01-28 19:52:54,810 - INFO - [2018] MISSING_CENTRAL: ZG1E2Mu/Central/jets/4/pt in Skim_TriLep_WWW.root
2026-01-28 19:52:54,811 - INFO - [2018] MISSING_CENTRAL: ZG1E2Mu/Central/jets/4/pt in Skim_TriLep_WWZ.root
2026-01-28 19:52:54,848 - INFO - [2018] MISSING_SYSTEMATIC: ZG1E2Mu/UnclusteredEn_Up/jets/4/pt in Skim_TriLep_TTTT.root
2026-01-28 19:53:00,157 - INFO - [2018] MISSING_CENTRAL: ZG1E2Mu/Central/jets/4/pt in Skim_TriLep_MuonEG_A.root
2026-01-28 19:53:00,158 - INFO - [2018] MISSING_CENTRAL: ZG1E2Mu/Central/jets/4/pt in Skim_TriLep_MuonEG_B.root
2026-01-28 19:53:00,159 - INFO - [2018] MISSING_CENTRAL: ZG1E2Mu/Central/jets/4/pt in Skim_TriLep_MuonEG_C.root
2026-01-28 19:53:00,227 - INFO - [2018] MISSING_CENTRAL: ZG1E2Mu/Central/jets/4/pt in Skim_TriLep_MuonEG_B.root
2026-01-28 19:53:00,228 - INFO - [2018] MISSING_CENTRAL: ZG1E2Mu/Central/jets/4/pt in Skim_TriLep_MuonEG_C.root
2026-01-28 19:53:00,229 - INFO - [2018] MISSING_CENTRAL: ZG1E2Mu/Central/jets/4/pt in Skim_TriLep_DYJets10to50.root
2026-01-28 19:53:00,230 - INFO - [2018] MISSING_CENTRAL: ZG1E2Mu/Central/jets/4/pt in Skim_TriLep_TTG.root
2026-01-28 19:53:00,230 - INFO - [2018] MISSING_CENTRAL: ZG1E2Mu/Central/jets/4/pt in Skim_TriLep_WWG.root
2026-01-28 19:53:00,247 - INFO - [2018] MISSING_CENTRAL: ZG1E2Mu/Central/jets/4/pt in Skim_TriLep_WWW.root
2026-01-28 19:53:00,247 - INFO - [2018] MISSING_CENTRAL: ZG1E2Mu/Central/jets/4/pt in Skim_TriLep_WWZ.root
2026-01-29 07:10:17,434 - INFO - [2018] MISSING_CENTRAL: ZG1E2Mu/Central/jets/4/pt in Skim_TriLep_MuonEG_A.root
2026-01-29 07:10:17,435 - INFO - [2018] MISSING_CENTRAL: ZG1E2Mu/Central/jets/4/pt in Skim_TriLep_MuonEG_B.root
2026-01-29 07:10:17,436 - INFO - [2018] MISSING_CENTRAL: ZG1E2Mu/Central/jets/4/pt in Skim_TriLep_MuonEG_C.root
2026-01-29 07:10:17,503 - INFO - [2018] MISSING_CENTRAL: ZG1E2Mu/Central/jets/4/pt in Skim_TriLep_MuonEG_B.root
2026-01-29 07:10:17,504 - INFO - [2018] MISSING_CENTRAL: ZG1E2Mu/Central/jets/4/pt in Skim_TriLep_MuonEG_C.root
2026-01-29 07:10:17,523 - INFO - [2018] MISSING_CENTRAL: ZG1E2Mu/Central/jets/4/pt in Skim_TriLep_DYJets10to50.root
2026-01-29 07:10:17,524 - INFO - [2018] MISSING_CENTRAL: ZG1E2Mu/Central/jets/4/pt in Skim_TriLep_TTG.root
2026-01-29 07:10:17,524 - INFO - [2018] MISSING_CENTRAL: ZG1E2Mu/Central/jets/4/pt in Skim_TriLep_WWG.root
2026-01-29 07:10:17,605 - INFO - [2018] MISSING_CENTRAL: ZG1E2Mu/Central/jets/4/pt in Skim_TriLep_WWW.root
2026-01-29 07:10:17,605 - INFO - [2018] MISSING_CENTRAL: ZG1E2Mu/Central/jets/4/pt in Skim_TriLep_WWZ.root
2026-01-29 07:10:17,649 - INFO - [2018] MISSING_SYSTEMATIC: ZG1E2Mu/UnclusteredEn_Up/jets/4/pt in Skim_TriLep_TTTT.root
2026-01-29 07:10:22,272 - INFO - [2018] MISSING_CENTRAL: ZG1E2Mu/Central/jets/4/pt in Skim_TriLep_MuonEG_A.root
2026-01-29 07:10:22,272 - INFO - [2018] MISSING_CENTRAL: ZG1E2Mu/Central/jets/4/pt in Skim_TriLep_MuonEG_B.root
2026-01-29 07:10:22,273 - INFO - [2018] MISSING_CENTRAL: ZG1E2Mu/Central/jets/4/pt in Skim_TriLep_MuonEG_C.root
2026-01-29 07:10:22,338 - INFO - [2018] MISSING_CENTRAL: ZG1E2Mu/Central/jets/4/pt in Skim_TriLep_MuonEG_B.root
2026-01-29 07:10:22,338 - INFO - [2018] MISSING_CENTRAL: ZG1E2Mu/Central/jets/4/pt in Skim_TriLep_MuonEG_C.root
2026-01-29 07:10:22,340 - INFO - [2018] MISSING_CENTRAL: ZG1E2Mu/Central/jets/4/pt in Skim_TriLep_DYJets10to50.root
2026-01-29 07:10:22,340 - INFO - [2018] MISSING_CENTRAL: ZG1E2Mu/Central/jets/4/pt in Skim_TriLep_TTG.root
2026-01-29 07:10:22,341 - INFO - [2018] MISSING_CENTRAL: ZG1E2Mu/Central/jets/4/pt in Skim_TriLep_WWG.root
2026-01-29 07:10:22,354 - INFO - [2018] MISSING_CENTRAL: ZG1E2Mu/Central/jets/4/pt in Skim_TriLep_WWW.root
2026-01-29 07:10:22,354 - INFO - [2018] MISSING_CENTRAL: ZG1E2Mu/Central/jets/4/pt in Skim_TriLep_WWZ.root
2026-03-02 12:00:17,710 - INFO - [2018] MISSING_CENTRAL: ZG1E2Mu/Central/jets/4/pt in Skim_TriLep_MuonEG_A.root
2026-03-02 12:00:17,711 - INFO - [2018] MISSING_CENTRAL: ZG1E2Mu/Central/jets/4/pt in Skim_TriLep_MuonEG_B.root
2026-03-02 12:00:17,712 - INFO - [2018] MISSING_CENTRAL: ZG1E2Mu/Central/jets/4/pt in Skim_TriLep_MuonEG_C.root
2026-03-02 12:00:17,781 - INFO - [2018] MISSING_CENTRAL: ZG1E2Mu/Central/jets/4/pt in Skim_TriLep_MuonEG_B.root
2026-03-02 12:00:17,782 - INFO - [2018] MISSING_CENTRAL: ZG1E2Mu/Central/jets/4/pt in Skim_TriLep_MuonEG_C.root
2026-03-02 12:00:17,804 - INFO - [2018] MISSING_CENTRAL: ZG1E2Mu/Central/jets/4/pt in Skim_TriLep_DYJets10to50.root
2026-03-02 12:00:17,805 - INFO - [2018] MISSING_CENTRAL: ZG1E2Mu/Central/jets/4/pt in Skim_TriLep_TTG.root
2026-03-02 12:00:17,805 - INFO - [2018] MISSING_CENTRAL: ZG1E2Mu/Central/jets/4/pt in Skim_TriLep_WWG.root
2026-03-02 12:00:17,896 - INFO - [2018] MISSING_CENTRAL: ZG1E2Mu/Central/jets/4/pt in Skim_TriLep_WWW.root
2026-03-02 12:00:17,897 - INFO - [2018] MISSING_CENTRAL: ZG1E2Mu/Central/jets/4/pt in Skim_TriLep_WWZ.root
2026-03-02 12:00:17,927 - INFO - [2018] MISSING_SYSTEMATIC: ZG1E2Mu/UnclusteredEn_Up/jets/4/pt in Skim_TriLep_TTTT.root
2026-03-02 12:00:22,901 - INFO - [2018] MISSING_CENTRAL: ZG1E2Mu/Central/jets/4/pt in Skim_TriLep_MuonEG_A.root
2026-03-02 12:00:22,902 - INFO - [2018] MISSING_CENTRAL: ZG1E2Mu/Central/jets/4/pt in Skim_TriLep_MuonEG_B.root
2026-03-02 12:00:22,903 - INFO - [2018] MISSING_CENTRAL: ZG1E2Mu/Central/jets/4/pt in Skim_TriLep_MuonEG_C.root
2026-03-02 12:00:22,968 - INFO - [2018] MISSING_CENTRAL: ZG1E2Mu/Central/jets/4/pt in Skim_TriLep_MuonEG_B.root
2026-03-02 12:00:22,968 - INFO - [2018] MISSING_CENTRAL: ZG1E2Mu/Central/jets/4/pt in Skim_TriLep_MuonEG_C.root
2026-03-02 12:00:22,970 - INFO - [2018] MISSING_CENTRAL: ZG1E2Mu/Central/jets/4/pt in Skim_TriLep_DYJets10to50.root
2026-03-02 12:00:22,970 - INFO - [2018] MISSING_CENTRAL: ZG1E2Mu/Central/jets/4/pt in Skim_TriLep_TTG.root
2026-03-02 12:00:22,971 - INFO - [2018] MISSING_CENTRAL: ZG1E2Mu/Central/jets/4/pt in Skim_TriLep_WWG.root
2026-03-02 12:00:22,984 - INFO - [2018] MISSING_CENTRAL: ZG1E2Mu/Central/jets/4/pt in Skim_TriLep_WWW.root
2026-03-02 12:00:22,985 - INFO - [2018] MISSING_CENTRAL: ZG1E2Mu/Central/jets/4/pt in Skim_TriLep_WWZ.root
2026-03-12 21:27:32,453 - INFO - [2018] MISSING_CENTRAL: ZG1E2Mu/Central/jets/4/pt in Skim_TriLep_MuonEG_A.root
2026-03-12 21:27:32,454 - INFO - [2018] MISSING_CENTRAL: ZG1E2Mu/Central/jets/4/pt in Skim_TriLep_MuonEG_B.root
2026-03-12 21:27:32,454 - INFO - [2018] MISSING_CENTRAL: ZG1E2Mu/Central/jets/4/pt in Skim_TriLep_MuonEG_C.root
2026-03-12 21:27:32,522 - INFO - [2018] MISSING_CENTRAL: ZG1E2Mu/Central/jets/4/pt in Skim_TriLep_MuonEG_B.root
2026-03-12 21:27:32,523 - INFO - [2018] MISSING_CENTRAL: ZG1E2Mu/Central/jets/4/pt in Skim_TriLep_MuonEG_C.root
2026-03-12 21:27:32,544 - INFO - [2018] MISSING_CENTRAL: ZG1E2Mu/Central/jets/4/pt in Skim_TriLep_DYJets10to50.root
2026-03-12 21:27:32,544 - INFO - [2018] MISSING_CENTRAL: ZG1E2Mu/Central/jets/4/pt in Skim_TriLep_TTG.root
2026-03-12 21:27:32,545 - INFO - [2018] MISSING_CENTRAL: ZG1E2Mu/Central/jets/4/pt in Skim_TriLep_WWG.root
2026-03-12 21:27:32,629 - INFO - [2018] MISSING_CENTRAL: ZG1E2Mu/Central/jets/4/pt in Skim_TriLep_WWW.root
2026-03-12 21:27:32,630 - INFO - [2018] MISSING_CENTRAL: ZG1E2Mu/Central/jets/4/pt in Skim_TriLep_WWZ.root
2026-03-12 21:27:32,657 - INFO - [2018] MISSING_SYSTEMATIC: ZG1E2Mu/UnclusteredEn_Up/jets/4/pt in Skim_TriLep_TTTT.root
2026-03-12 21:27:37,223 - INFO - [2018] MISSING_CENTRAL: ZG1E2Mu/Central/jets/4/pt in Skim_TriLep_MuonEG_A.root
2026-03-12 21:27:37,224 - INFO - [2018] MISSING_CENTRAL: ZG1E2Mu/Central/jets/4/pt in Skim_TriLep_MuonEG_B.root
2026-03-12 21:27:37,225 - INFO - [2018] MISSING_CENTRAL: ZG1E2Mu/Central/jets/4/pt in Skim_TriLep_MuonEG_C.root
2026-03-12 21:27:37,290 - INFO - [2018] MISSING_CENTRAL: ZG1E2Mu/Central/jets/4/pt in Skim_TriLep_MuonEG_B.root
2026-03-12 21:27:37,291 - INFO - [2018] MISSING_CENTRAL: ZG1E2Mu/Central/jets/4/pt in Skim_TriLep_MuonEG_C.root
2026-03-12 21:27:37,293 - INFO - [2018] MISSING_CENTRAL: ZG1E2Mu/Central/jets/4/pt in Skim_TriLep_DYJets10to50.root
2026-03-12 21:27:37,293 - INFO - [2018] MISSING_CENTRAL: ZG1E2Mu/Central/jets/4/pt in Skim_TriLep_TTG.root
2026-03-12 21:27:37,294 - INFO - [2018] MISSING_CENTRAL: ZG1E2Mu/Central/jets/4/pt in Skim_TriLep_WWG.root
2026-03-12 21:27:37,308 - INFO - [2018] MISSING_CENTRAL: ZG1E2Mu/Central/jets/4/pt in Skim_TriLep_WWW.root
2026-03-12 21:27:37,308 - INFO - [2018] MISSING_CENTRAL: ZG1E2Mu/Central/jets/4/pt in Skim_TriLep_WWZ.root
2026-03-12 21:32:00,697 - INFO - [2018] MISSING_CENTRAL: ZG1E2Mu/Central/jets/4/pt in Skim_TriLep_MuonEG_A.root
2026-03-12 21:32:00,698 - INFO - [2018] MISSING_CENTRAL: ZG1E2Mu/Central/jets/4/pt in Skim_TriLep_MuonEG_B.root
2026-03-12 21:32:00,698 - INFO - [2018] MISSING_CENTRAL: ZG1E2Mu/Central/jets/4/pt in Skim_TriLep_MuonEG_C.root
2026-03-12 21:32:00,766 - INFO - [2018] MISSING_CENTRAL: ZG1E2Mu/Central/jets/4/pt in Skim_TriLep_MuonEG_B.root
2026-03-12 21:32:00,766 - INFO - [2018] MISSING_CENTRAL: ZG1E2Mu/Central/jets/4/pt in Skim_TriLep_MuonEG_C.root
2026-03-12 21:32:00,787 - INFO - [2018] MISSING_CENTRAL: ZG1E2Mu/Central/jets/4/pt in Skim_TriLep_DYJets10to50.root
2026-03-12 21:32:00,787 - INFO - [2018] MISSING_CENTRAL: ZG1E2Mu/Central/jets/4/pt in Skim_TriLep_TTG.root
2026-03-12 21:32:00,788 - INFO - [2018] MISSING_CENTRAL: ZG1E2Mu/Central/jets/4/pt in Skim_TriLep_WWG.root
2026-03-12 21:32:00,875 - INFO - [2018] MISSING_CENTRAL: ZG1E2Mu/Central/jets/4/pt in Skim_TriLep_WWW.root
2026-03-12 21:32:00,876 - INFO - [2018] MISSING_CENTRAL: ZG1E2Mu/Central/jets/4/pt in Skim_TriLep_WWZ.root
2026-03-12 21:32:00,905 - INFO - [2018] MISSING_SYSTEMATIC: ZG1E2Mu/UnclusteredEn_Up/jets/4/pt in Skim_TriLep_TTTT.root
2026-03-12 21:32:05,325 - INFO - [2018] MISSING_CENTRAL: ZG1E2Mu/Central/jets/4/pt in Skim_TriLep_MuonEG_A.root
2026-03-12 21:32:05,326 - INFO - [2018] MISSING_CENTRAL: ZG1E2Mu/Central/jets/4/pt in Skim_TriLep_MuonEG_B.root
2026-03-12 21:32:05,327 - INFO - [2018] MISSING_CENTRAL: ZG1E2Mu/Central/jets/4/pt in Skim_TriLep_MuonEG_C.root
2026-03-12 21:32:05,392 - INFO - [2018] MISSING_CENTRAL: ZG1E2Mu/Central/jets/4/pt in Skim_TriLep_MuonEG_B.root
2026-03-12 21:32:05,393 - INFO - [2018] MISSING_CENTRAL: ZG1E2Mu/Central/jets/4/pt in Skim_TriLep_MuonEG_C.root
2026-03-12 21:32:05,395 - INFO - [2018] MISSING_CENTRAL: ZG1E2Mu/Central/jets/4/pt in Skim_TriLep_DYJets10to50.root
2026-03-12 21:32:05,395 - INFO - [2018] MISSING_CENTRAL: ZG1E2Mu/Central/jets/4/pt in Skim_TriLep_TTG.root
2026-03-12 21:32:05,395 - INFO - [2018] MISSING_CENTRAL: ZG1E2Mu/Central/jets/4/pt in Skim_TriLep_WWG.root
2026-03-12 21:32:05,409 - INFO - [2018] MISSING_CENTRAL: ZG1E2Mu/Central/jets/4/pt in Skim_TriLep_WWW.root
2026-03-12 21:32:05,410 - INFO - [2018] MISSING_CENTRAL: ZG1E2Mu/Central/jets/4/pt in Skim_TriLep_WWZ.root
2026-04-10 20:10:35,730 - INFO - [2018] MISSING_CENTRAL: ZG1E2Mu/Central/jets/4/pt in Skim_TriLep_MuonEG_A.root
2026-04-10 20:10:35,731 - INFO - [2018] MISSING_CENTRAL: ZG1E2Mu/Central/jets/4/pt in Skim_TriLep_MuonEG_B.root
2026-04-10 20:10:35,732 - INFO - [2018] MISSING_CENTRAL: ZG1E2Mu/Central/jets/4/pt in Skim_TriLep_MuonEG_C.root
2026-04-10 20:10:35,788 - INFO - [2018] MISSING_CENTRAL: ZG1E2Mu/Central/jets/4/pt in Skim_TriLep_MuonEG_B.root
2026-04-10 20:10:35,789 - INFO - [2018] MISSING_CENTRAL: ZG1E2Mu/Central/jets/4/pt in Skim_TriLep_MuonEG_C.root
2026-04-10 20:10:35,803 - INFO - [2018] MISSING_CENTRAL: ZG1E2Mu/Central/jets/4/pt in Skim_TriLep_DYJets10to50.root
2026-04-10 20:10:35,804 - INFO - [2018] MISSING_CENTRAL: ZG1E2Mu/Central/jets/4/pt in Skim_TriLep_TTG.root
2026-04-10 20:10:35,804 - INFO - [2018] MISSING_CENTRAL: ZG1E2Mu/Central/jets/4/pt in Skim_TriLep_WWG.root
2026-04-10 20:10:35,875 - INFO - [2018] MISSING_CENTRAL: ZG1E2Mu/Central/jets/4/pt in Skim_TriLep_WWW.root
2026-04-10 20:10:35,875 - INFO - [2018] MISSING_CENTRAL: ZG1E2Mu/Central/jets/4/pt in Skim_TriLep_WWZ.root
2026-04-10 20:10:35,916 - INFO - [2018] MISSING_SYSTEMATIC: ZG1E2Mu/UnclusteredEn_Up/jets/4/pt in Skim_TriLep_TTTT.root
2026-04-10 20:10:40,327 - INFO - [2018] MISSING_CENTRAL: ZG1E2Mu/Central/jets/4/pt in Skim_TriLep_MuonEG_A.root
2026-04-10 20:10:40,328 - INFO - [2018] MISSING_CENTRAL: ZG1E2Mu/Central/jets/4/pt in Skim_TriLep_MuonEG_B.root
2026-04-10 20:10:40,328 - INFO - [2018] MISSING_CENTRAL: ZG1E2Mu/Central/jets/4/pt in Skim_TriLep_MuonEG_C.root
2026-04-10 20:10:40,395 - INFO - [2018] MISSING_CENTRAL: ZG1E2Mu/Central/jets/4/pt in Skim_TriLep_MuonEG_B.root
2026-04-10 20:10:40,396 - INFO - [2018] MISSING_CENTRAL: ZG1E2Mu/Central/jets/4/pt in Skim_TriLep_MuonEG_C.root
2026-04-10 20:10:40,398 - INFO - [2018] MISSING_CENTRAL: ZG1E2Mu/Central/jets/4/pt in Skim_TriLep_DYJets10to50.root
2026-04-10 20:10:40,398 - INFO - [2018] MISSING_CENTRAL: ZG1E2Mu/Central/jets/4/pt in Skim_TriLep_TTG.root
2026-04-10 20:10:40,399 - INFO - [2018] MISSING_CENTRAL: ZG1E2Mu/Central/jets/4/pt in Skim_TriLep_WWG.root
2026-04-10 20:10:40,412 - INFO - [2018] MISSING_CENTRAL: ZG1E2Mu/Central/jets/4/pt in Skim_TriLep_WWW.root
2026-04-10 20:10:40,413 - INFO - [2018] MISSING_CENTRAL: ZG1E2Mu/Central/jets/4/pt in Skim_TriLep_WWZ.root
2026-04-10 20:12:35,745 - INFO - [2018] MISSING_CENTRAL: ZG1E2Mu/Central/jets/4/pt in Skim_TriLep_MuonEG_A.root
2026-04-10 20:12:35,746 - INFO - [2018] MISSING_CENTRAL: ZG1E2Mu/Central/jets/4/pt in Skim_TriLep_MuonEG_B.root
2026-04-10 20:12:35,747 - INFO - [2018] MISSING_CENTRAL: ZG1E2Mu/Central/jets/4/pt in Skim_TriLep_MuonEG_C.root
2026-04-10 20:12:35,813 - INFO - [2018] MISSING_CENTRAL: ZG1E2Mu/Central/jets/4/pt in Skim_TriLep_MuonEG_B.root
2026-04-10 20:12:35,813 - INFO - [2018] MISSING_CENTRAL: ZG1E2Mu/Central/jets/4/pt in Skim_TriLep_MuonEG_C.root
2026-04-10 20:12:35,833 - INFO - [2018] MISSING_CENTRAL: ZG1E2Mu/Central/jets/4/pt in Skim_TriLep_DYJets10to50.root
2026-04-10 20:12:35,834 - INFO - [2018] MISSING_CENTRAL: ZG1E2Mu/Central/jets/4/pt in Skim_TriLep_TTG.root
2026-04-10 20:12:35,835 - INFO - [2018] MISSING_CENTRAL: ZG1E2Mu/Central/jets/4/pt in Skim_TriLep_WWG.root
2026-04-10 20:12:35,917 - INFO - [2018] MISSING_CENTRAL: ZG1E2Mu/Central/jets/4/pt in Skim_TriLep_WWW.root
2026-04-10 20:12:35,918 - INFO - [2018] MISSING_CENTRAL: ZG1E2Mu/Central/jets/4/pt in Skim_TriLep_WWZ.root
2026-04-10 20:12:35,944 - INFO - [2018] MISSING_SYSTEMATIC: ZG1E2Mu/UnclusteredEn_Up/jets/4/pt in Skim_TriLep_TTTT.root
2026-04-10 20:12:40,386 - INFO - [2018] MISSING_CENTRAL: ZG1E2Mu/Central/jets/4/pt in Skim_TriLep_MuonEG_A.root
2026-04-10 20:12:40,387 - INFO - [2018] MISSING_CENTRAL: ZG1E2Mu/Central/jets/4/pt in Skim_TriLep_MuonEG_B.root
2026-04-10 20:12:40,388 - INFO - [2018] MISSING_CENTRAL: ZG1E2Mu/Central/jets/4/pt in Skim_TriLep_MuonEG_C.root
2026-04-10 20:12:40,452 - INFO - [2018] MISSING_CENTRAL: ZG1E2Mu/Central/jets/4/pt in Skim_TriLep_MuonEG_B.root
2026-04-10 20:12:40,453 - INFO - [2018] MISSING_CENTRAL: ZG1E2Mu/Central/jets/4/pt in Skim_TriLep_MuonEG_C.root
2026-04-10 20:12:40,454 - INFO - [2018] MISSING_CENTRAL: ZG1E2Mu/Central/jets/4/pt in Skim_TriLep_DYJets10to50.root
2026-04-10 20:12:40,455 - INFO - [2018] MISSING_CENTRAL: ZG1E2Mu/Central/jets/4/pt in Skim_TriLep_TTG.root
2026-04-10 20:12:40,456 - INFO - [2018] MISSING_CENTRAL: ZG1E2Mu/Central/jets/4/pt in Skim_TriLep_WWG.root
2026-04-10 20:12:40,469 - INFO - [2018] MISSING_CENTRAL: ZG1E2Mu/Central/jets/4/pt in Skim_TriLep_WWW.root
2026-04-10 20:12:40,469 - INFO - [2018] MISSING_CENTRAL: ZG1E2Mu/Central/jets/4/pt in Skim_TriLep_WWZ.root
2026-04-12 11:27:15,003 - INFO - [2018] MISSING_CENTRAL: ZG1E2Mu/Central/jets/4/pt in Skim_TriLep_MuonEG_A.root
2026-04-12 11:27:15,004 - INFO - [2018] MISSING_CENTRAL: ZG1E2Mu/Central/jets/4/pt in Skim_TriLep_MuonEG_B.root
2026-04-12 11:27:15,004 - INFO - [2018] MISSING_CENTRAL: ZG1E2Mu/Central/jets/4/pt in Skim_TriLep_MuonEG_C.root
2026-04-12 11:27:15,068 - INFO - [2018] MISSING_CENTRAL: ZG1E2Mu/Central/jets/4/pt in Skim_TriLep_MuonEG_B.root
2026-04-12 11:27:15,069 - INFO - [2018] MISSING_CENTRAL: ZG1E2Mu/Central/jets/4/pt in Skim_TriLep_MuonEG_C.root
2026-04-12 11:27:15,089 - INFO - [2018] MISSING_CENTRAL: ZG1E2Mu/Central/jets/4/pt in Skim_TriLep_DYJets10to50.root
2026-04-12 11:27:15,090 - INFO - [2018] MISSING_CENTRAL: ZG1E2Mu/Central/jets/4/pt in Skim_TriLep_TTG.root
2026-04-12 11:27:15,090 - INFO - [2018] MISSING_CENTRAL: ZG1E2Mu/Central/jets/4/pt in Skim_TriLep_WWG.root
2026-04-12 11:27:15,175 - INFO - [2018] MISSING_CENTRAL: ZG1E2Mu/Central/jets/4/pt in Skim_TriLep_WWW.root
2026-04-12 11:27:15,175 - INFO - [2018] MISSING_CENTRAL: ZG1E2Mu/Central/jets/4/pt in Skim_TriLep_WWZ.root
2026-04-12 11:27:15,202 - INFO - [2018] MISSING_SYSTEMATIC: ZG1E2Mu/UnclusteredEn_Up/jets/4/pt in Skim_TriLep_TTTT.root
2026-04-12 11:27:19,833 - INFO - [2018] MISSING_CENTRAL: ZG1E2Mu/Central/jets/4/pt in Skim_TriLep_MuonEG_A.root
2026-04-12 11:27:19,834 - INFO - [2018] MISSING_CENTRAL: ZG1E2Mu/Central/jets/4/pt in Skim_TriLep_MuonEG_B.root
2026-04-12 11:27:19,837 - INFO - [2018] MISSING_CENTRAL: ZG1E2Mu/Central/jets/4/pt in Skim_TriLep_MuonEG_C.root
2026-04-12 11:27:19,973 - INFO - [2018] MISSING_CENTRAL: ZG1E2Mu/Central/jets/4/pt in Skim_TriLep_MuonEG_B.root
2026-04-12 11:27:19,973 - INFO - [2018] MISSING_CENTRAL: ZG1E2Mu/Central/jets/4/pt in Skim_TriLep_MuonEG_C.root
2026-04-12 11:27:19,979 - INFO - [2018] MISSING_CENTRAL: ZG1E2Mu/Central/jets/4/pt in Skim_TriLep_DYJets10to50.root
2026-04-12 11:27:19,980 - INFO - [2018] MISSING_CENTRAL: ZG1E2Mu/Central/jets/4/pt in Skim_TriLep_TTG.root
2026-04-12 11:27:19,980 - INFO - [2018] MISSING_CENTRAL: ZG1E2Mu/Central/jets/4/pt in Skim_TriLep_WWG.root
2026-04-12 11:27:19,996 - INFO - [2018] MISSING_CENTRAL: ZG1E2Mu/Central/jets/4/pt in Skim_TriLep_WWW.root
2026-04-12 11:27:19,997 - INFO - [2018] MISSING_CENTRAL: ZG1E2Mu/Central/jets/4/pt in Skim_TriLep_WWZ.root
2026-04-12 11:56:18,063 - INFO - [2018] MISSING_CENTRAL: ZG1E2Mu/Central/jets/4/pt in Skim_TriLep_MuonEG_A.root
2026-04-12 11:56:18,063 - INFO - [2018] MISSING_CENTRAL: ZG1E2Mu/Central/jets/4/pt in Skim_TriLep_MuonEG_B.root
2026-04-12 11:56:18,064 - INFO - [2018] MISSING_CENTRAL: ZG1E2Mu/Central/jets/4/pt in Skim_TriLep_MuonEG_C.root
2026-04-12 11:56:18,129 - INFO - [2018] MISSING_CENTRAL: ZG1E2Mu/Central/jets/4/pt in Skim_TriLep_MuonEG_B.root
2026-04-12 11:56:18,130 - INFO - [2018] MISSING_CENTRAL: ZG1E2Mu/Central/jets/4/pt in Skim_TriLep_MuonEG_C.root
2026-04-12 11:56:18,151 - INFO - [2018] MISSING_CENTRAL: ZG1E2Mu/Central/jets/4/pt in Skim_TriLep_DYJets10to50.root
2026-04-12 11:56:18,151 - INFO - [2018] MISSING_CENTRAL: ZG1E2Mu/Central/jets/4/pt in Skim_TriLep_TTG.root
2026-04-12 11:56:18,152 - INFO - [2018] MISSING_CENTRAL: ZG1E2Mu/Central/jets/4/pt in Skim_TriLep_WWG.root
2026-04-12 11:56:18,241 - INFO - [2018] MISSING_CENTRAL: ZG1E2Mu/Central/jets/4/pt in Skim_TriLep_WWW.root
2026-04-12 11:56:18,241 - INFO - [2018] MISSING_CENTRAL: ZG1E2Mu/Central/jets/4/pt in Skim_TriLep_WWZ.root
2026-04-12 11:56:18,269 - INFO - [2018] MISSING_SYSTEMATIC: ZG1E2Mu/UnclusteredEn_Up/jets/4/pt in Skim_TriLep_TTTT.root
2026-04-12 11:56:22,753 - INFO - [2018] MISSING_CENTRAL: ZG1E2Mu/Central/jets/4/pt in Skim_TriLep_MuonEG_A.root
2026-04-12 11:56:22,755 - INFO - [2018] MISSING_CENTRAL: ZG1E2Mu/Central/jets/4/pt in Skim_TriLep_MuonEG_B.root
2026-04-12 11:56:22,755 - INFO - [2018] MISSING_CENTRAL: ZG1E2Mu/Central/jets/4/pt in Skim_TriLep_MuonEG_C.root
2026-04-12 11:56:22,823 - INFO - [2018] MISSING_CENTRAL: ZG1E2Mu/Central/jets/4/pt in Skim_TriLep_MuonEG_B.root
2026-04-12 11:56:22,824 - INFO - [2018] MISSING_CENTRAL: ZG1E2Mu/Central/jets/4/pt in Skim_TriLep_MuonEG_C.root
2026-04-12 11:56:22,826 - INFO - [2018] MISSING_CENTRAL: ZG1E2Mu/Central/jets/4/pt in Skim_TriLep_DYJets10to50.root
2026-04-12 11:56:22,827 - INFO - [2018] MISSING_CENTRAL: ZG1E2Mu/Central/jets/4/pt in Skim_TriLep_TTG.root
2026-04-12 11:56:22,827 - INFO - [2018] MISSING_CENTRAL: ZG1E2Mu/Central/jets/4/pt in Skim_TriLep_WWG.root
2026-04-12 11:56:22,840 - INFO - [2018] MISSING_CENTRAL: ZG1E2Mu/Central/jets/4/pt in Skim_TriLep_WWW.root
2026-04-12 11:56:22,841 - INFO - [2018] MISSING_CENTRAL: ZG1E2Mu/Central/jets/4/pt in Skim_TriLep_WWZ.root
2026-04-12 12:09:51,187 - INFO - [2018] MISSING_CENTRAL: ZG1E2Mu/Central/jets/4/pt in Skim_TriLep_MuonEG_A.root
2026-04-12 12:09:51,188 - INFO - [2018] MISSING_CENTRAL: ZG1E2Mu/Central/jets/4/pt in Skim_TriLep_MuonEG_B.root
2026-04-12 12:09:51,188 - INFO - [2018] MISSING_CENTRAL: ZG1E2Mu/Central/jets/4/pt in Skim_TriLep_MuonEG_C.root
2026-04-12 12:09:51,271 - INFO - [2018] MISSING_CENTRAL: ZG1E2Mu/Central/jets/4/pt in Skim_TriLep_MuonEG_B.root
2026-04-12 12:09:51,272 - INFO - [2018] MISSING_CENTRAL: ZG1E2Mu/Central/jets/4/pt in Skim_TriLep_MuonEG_C.root
2026-04-12 12:09:51,311 - INFO - [2018] MISSING_CENTRAL: ZG1E2Mu/Central/jets/4/pt in Skim_TriLep_DYJets10to50.root
2026-04-12 12:09:51,312 - INFO - [2018] MISSING_CENTRAL: ZG1E2Mu/Central/jets/4/pt in Skim_TriLep_TTG.root
2026-04-12 12:09:51,312 - INFO - [2018] MISSING_CENTRAL: ZG1E2Mu/Central/jets/4/pt in Skim_TriLep_WWG.root
2026-04-12 12:09:51,438 - INFO - [2018] MISSING_CENTRAL: ZG1E2Mu/Central/jets/4/pt in Skim_TriLep_WWW.root
2026-04-12 12:09:51,443 - INFO - [2018] MISSING_CENTRAL: ZG1E2Mu/Central/jets/4/pt in Skim_TriLep_WWZ.root
2026-04-12 12:09:51,500 - INFO - [2018] MISSING_SYSTEMATIC: ZG1E2Mu/UnclusteredEn_Up/jets/4/pt in Skim_TriLep_TTTT.root
2026-04-12 12:09:55,777 - INFO - [2018] MISSING_CENTRAL: ZG1E2Mu/Central/jets/4/pt in Skim_TriLep_MuonEG_A.root
2026-04-12 12:09:55,778 - INFO - [2018] MISSING_CENTRAL: ZG1E2Mu/Central/jets/4/pt in Skim_TriLep_MuonEG_B.root
2026-04-12 12:09:55,778 - INFO - [2018] MISSING_CENTRAL: ZG1E2Mu/Central/jets/4/pt in Skim_TriLep_MuonEG_C.root
2026-04-12 12:09:55,843 - INFO - [2018] MISSING_CENTRAL: ZG1E2Mu/Central/jets/4/pt in Skim_TriLep_MuonEG_B.root
2026-04-12 12:09:55,843 - INFO - [2018] MISSING_CENTRAL: ZG1E2Mu/Central/jets/4/pt in Skim_TriLep_MuonEG_C.root
2026-04-12 12:09:55,845 - INFO - [2018] MISSING_CENTRAL: ZG1E2Mu/Central/jets/4/pt in Skim_TriLep_DYJets10to50.root
2026-04-12 12:09:55,845 - INFO - [2018] MISSING_CENTRAL: ZG1E2Mu/Central/jets/4/pt in Skim_TriLep_TTG.root
2026-04-12 12:09:55,846 - INFO - [2018] MISSING_CENTRAL: ZG1E2Mu/Central/jets/4/pt in Skim_TriLep_WWG.root
2026-04-12 12:09:55,859 - INFO - [2018] MISSING_CENTRAL: ZG1E2Mu/Central/jets/4/pt in Skim_TriLep_WWW.root
2026-04-12 12:09:55,860 - INFO - [2018] MISSING_CENTRAL: ZG1E2Mu/Central/jets/4/pt in Skim_TriLep_WWZ.root
2026-04-12 12:29:30,622 - INFO - [2018] MISSING_CENTRAL: ZG1E2Mu/Central/jets/4/pt in Skim_TriLep_MuonEG_A.root
2026-04-12 12:29:30,623 - INFO - [2018] MISSING_CENTRAL: ZG1E2Mu/Central/jets/4/pt in Skim_TriLep_MuonEG_B.root
2026-04-12 12:29:30,624 - INFO - [2018] MISSING_CENTRAL: ZG1E2Mu/Central/jets/4/pt in Skim_TriLep_MuonEG_C.root
2026-04-12 12:29:30,689 - INFO - [2018] MISSING_CENTRAL: ZG1E2Mu/Central/jets/4/pt in Skim_TriLep_MuonEG_B.root
2026-04-12 12:29:30,690 - INFO - [2018] MISSING_CENTRAL: ZG1E2Mu/Central/jets/4/pt in Skim_TriLep_MuonEG_C.root
2026-04-12 12:29:30,711 - INFO - [2018] MISSING_CENTRAL: ZG1E2Mu/Central/jets/4/pt in Skim_TriLep_DYJets10to50.root
2026-04-12 12:29:30,711 - INFO - [2018] MISSING_CENTRAL: ZG1E2Mu/Central/jets/4/pt in Skim_TriLep_TTG.root
2026-04-12 12:29:30,712 - INFO - [2018] MISSING_CENTRAL: ZG1E2Mu/Central/jets/4/pt in Skim_TriLep_WWG.root
2026-04-12 12:29:30,796 - INFO - [2018] MISSING_CENTRAL: ZG1E2Mu/Central/jets/4/pt in Skim_TriLep_WWW.root
2026-04-12 12:29:30,797 - INFO - [2018] MISSING_CENTRAL: ZG1E2Mu/Central/jets/4/pt in Skim_TriLep_WWZ.root
2026-04-12 12:29:30,824 - INFO - [2018] MISSING_SYSTEMATIC: ZG1E2Mu/UnclusteredEn_Up/jets/4/pt in Skim_TriLep_TTTT.root
2026-04-12 12:29:35,313 - INFO - [2018] MISSING_CENTRAL: ZG1E2Mu/Central/jets/4/pt in Skim_TriLep_MuonEG_A.root
2026-04-12 12:29:35,313 - INFO - [2018] MISSING_CENTRAL: ZG1E2Mu/Central/jets/4/pt in Skim_TriLep_MuonEG_B.root
2026-04-12 12:29:35,314 - INFO - [2018] MISSING_CENTRAL: ZG1E2Mu/Central/jets/4/pt in Skim_TriLep_MuonEG_C.root
2026-04-12 12:29:35,380 - INFO - [2018] MISSING_CENTRAL: ZG1E2Mu/Central/jets/4/pt in Skim_TriLep_MuonEG_B.root
2026-04-12 12:29:35,381 - INFO - [2018] MISSING_CENTRAL: ZG1E2Mu/Central/jets/4/pt in Skim_TriLep_MuonEG_C.root
2026-04-12 12:29:35,383 - INFO - [2018] MISSING_CENTRAL: ZG1E2Mu/Central/jets/4/pt in Skim_TriLep_DYJets10to50.root
2026-04-12 12:29:35,383 - INFO - [2018] MISSING_CENTRAL: ZG1E2Mu/Central/jets/4/pt in Skim_TriLep_TTG.root
2026-04-12 12:29:35,384 - INFO - [2018] MISSING_CENTRAL: ZG1E2Mu/Central/jets/4/pt in Skim_TriLep_WWG.root
2026-04-12 12:29:35,397 - INFO - [2018] MISSING_CENTRAL: ZG1E2Mu/Central/jets/4/pt in Skim_TriLep_WWW.root
2026-04-12 12:29:35,397 - INFO - [2018] MISSING_CENTRAL: ZG1E2Mu/Central/jets/4/pt in Skim_TriLep_WWZ.root
2026-04-12 20:37:21,088 - INFO - [2018] MISSING_CENTRAL: ZG1E2Mu/Central/jets/4/pt in Skim_TriLep_MuonEG_A.root
2026-04-12 20:37:21,088 - INFO - [2018] MISSING_CENTRAL: ZG1E2Mu/Central/jets/4/pt in Skim_TriLep_MuonEG_B.root
2026-04-12 20:37:21,089 - INFO - [2018] MISSING_CENTRAL: ZG1E2Mu/Central/jets/4/pt in Skim_TriLep_MuonEG_C.root
2026-04-12 20:37:21,151 - INFO - [2018] MISSING_CENTRAL: ZG1E2Mu/Central/jets/4/pt in Skim_TriLep_MuonEG_B.root
2026-04-12 20:37:21,152 - INFO - [2018] MISSING_CENTRAL: ZG1E2Mu/Central/jets/4/pt in Skim_TriLep_MuonEG_C.root
2026-04-12 20:37:21,171 - INFO - [2018] MISSING_CENTRAL: ZG1E2Mu/Central/jets/4/pt in Skim_TriLep_DYJets10to50.root
2026-04-12 20:37:21,172 - INFO - [2018] MISSING_CENTRAL: ZG1E2Mu/Central/jets/4/pt in Skim_TriLep_TTG.root
2026-04-12 20:37:21,172 - INFO - [2018] MISSING_CENTRAL: ZG1E2Mu/Central/jets/4/pt in Skim_TriLep_WWG.root
2026-04-12 20:37:21,257 - INFO - [2018] MISSING_CENTRAL: ZG1E2Mu/Central/jets/4/pt in Skim_TriLep_WWW.root
2026-04-12 20:37:21,258 - INFO - [2018] MISSING_CENTRAL: ZG1E2Mu/Central/jets/4/pt in Skim_TriLep_WWZ.root
2026-04-12 20:37:21,286 - INFO - [2018] MISSING_SYSTEMATIC: ZG1E2Mu/UnclusteredEn_Up/jets/4/pt in Skim_TriLep_TTTT.root
2026-04-12 20:37:25,699 - INFO - [2018] MISSING_CENTRAL: ZG1E2Mu/Central/jets/4/pt in Skim_TriLep_MuonEG_A.root
2026-04-12 20:37:25,700 - INFO - [2018] MISSING_CENTRAL: ZG1E2Mu/Central/jets/4/pt in Skim_TriLep_MuonEG_B.root
2026-04-12 20:37:25,701 - INFO - [2018] MISSING_CENTRAL: ZG1E2Mu/Central/jets/4/pt in Skim_TriLep_MuonEG_C.root
2026-04-12 20:37:25,766 - INFO - [2018] MISSING_CENTRAL: ZG1E2Mu/Central/jets/4/pt in Skim_TriLep_MuonEG_B.root
2026-04-12 20:37:25,766 - INFO - [2018] MISSING_CENTRAL: ZG1E2Mu/Central/jets/4/pt in Skim_TriLep_MuonEG_C.root
2026-04-12 20:37:25,768 - INFO - [2018] MISSING_CENTRAL: ZG1E2Mu/Central/jets/4/pt in Skim_TriLep_DYJets10to50.root
2026-04-12 20:37:25,769 - INFO - [2018] MISSING_CENTRAL: ZG1E2Mu/Central/jets/4/pt in Skim_TriLep_TTG.root
2026-04-12 20:37:25,769 - INFO - [2018] MISSING_CENTRAL: ZG1E2Mu/Central/jets/4/pt in Skim_TriLep_WWG.root
2026-04-12 20:37:25,782 - INFO - [2018] MISSING_CENTRAL: ZG1E2Mu/Central/jets/4/pt in Skim_TriLep_WWW.root
2026-04-12 20:37:25,783 - INFO - [2018] MISSING_CENTRAL: ZG1E2Mu/Central/jets/4/pt in Skim_TriLep_WWZ.root
2026-04-12 21:09:06,286 - INFO - [2018] MISSING_CENTRAL: ZG1E2Mu/Central/jets/4/pt in Skim_TriLep_MuonEG_A.root
2026-04-12 21:09:06,286 - INFO - [2018] MISSING_CENTRAL: ZG1E2Mu/Central/jets/4/pt in Skim_TriLep_MuonEG_B.root
2026-04-12 21:09:06,287 - INFO - [2018] MISSING_CENTRAL: ZG1E2Mu/Central/jets/4/pt in Skim_TriLep_MuonEG_C.root
2026-04-12 21:09:06,354 - INFO - [2018] MISSING_CENTRAL: ZG1E2Mu/Central/jets/4/pt in Skim_TriLep_MuonEG_B.root
2026-04-12 21:09:06,354 - INFO - [2018] MISSING_CENTRAL: ZG1E2Mu/Central/jets/4/pt in Skim_TriLep_MuonEG_C.root
2026-04-12 21:09:06,376 - INFO - [2018] MISSING_CENTRAL: ZG1E2Mu/Central/jets/4/pt in Skim_TriLep_DYJets10to50.root
2026-04-12 21:09:06,376 - INFO - [2018] MISSING_CENTRAL: ZG1E2Mu/Central/jets/4/pt in Skim_TriLep_TTG.root
2026-04-12 21:09:06,377 - INFO - [2018] MISSING_CENTRAL: ZG1E2Mu/Central/jets/4/pt in Skim_TriLep_WWG.root
2026-04-12 21:09:06,460 - INFO - [2018] MISSING_CENTRAL: ZG1E2Mu/Central/jets/4/pt in Skim_TriLep_WWW.root
2026-04-12 21:09:06,461 - INFO - [2018] MISSING_CENTRAL: ZG1E2Mu/Central/jets/4/pt in Skim_TriLep_WWZ.root
2026-04-12 21:09:06,489 - INFO - [2018] MISSING_SYSTEMATIC: ZG1E2Mu/UnclusteredEn_Up/jets/4/pt in Skim_TriLep_TTTT.root
2026-04-12 21:09:10,927 - INFO - [2018] MISSING_CENTRAL: ZG1E2Mu/Central/jets/4/pt in Skim_TriLep_MuonEG_A.root
2026-04-12 21:09:10,927 - INFO - [2018] MISSING_CENTRAL: ZG1E2Mu/Central/jets/4/pt in Skim_TriLep_MuonEG_B.root
2026-04-12 21:09:10,928 - INFO - [2018] MISSING_CENTRAL: ZG1E2Mu/Central/jets/4/pt in Skim_TriLep_MuonEG_C.root
2026-04-12 21:09:10,991 - INFO - [2018] MISSING_CENTRAL: ZG1E2Mu/Central/jets/4/pt in Skim_TriLep_MuonEG_B.root
2026-04-12 21:09:10,992 - INFO - [2018] MISSING_CENTRAL: ZG1E2Mu/Central/jets/4/pt in Skim_TriLep_MuonEG_C.root
2026-04-12 21:09:10,993 - INFO - [2018] MISSING_CENTRAL: ZG1E2Mu/Central/jets/4/pt in Skim_TriLep_DYJets10to50.root
2026-04-12 21:09:10,994 - INFO - [2018] MISSING_CENTRAL: ZG1E2Mu/Central/jets/4/pt in Skim_TriLep_TTG.root
2026-04-12 21:09:10,994 - INFO - [2018] MISSING_CENTRAL: ZG1E2Mu/Central/jets/4/pt in Skim_TriLep_WWG.root
2026-04-12 21:09:11,007 - INFO - [2018] MISSING_CENTRAL: ZG1E2Mu/Central/jets/4/pt in Skim_TriLep_WWW.root
2026-04-12 21:09:11,008 - INFO - [2018] MISSING_CENTRAL: ZG1E2Mu/Central/jets/4/pt in Skim_TriLep_WWZ.root
2026-04-13 12:46:29,829 - INFO - [2018] MISSING_CENTRAL: ZG1E2Mu/Central/jets/4/pt in Skim_TriLep_MuonEG_A.root
2026-04-13 12:46:29,830 - INFO - [2018] MISSING_CENTRAL: ZG1E2Mu/Central/jets/4/pt in Skim_TriLep_MuonEG_B.root
2026-04-13 12:46:29,831 - INFO - [2018] MISSING_CENTRAL: ZG1E2Mu/Central/jets/4/pt in Skim_TriLep_MuonEG_C.root
2026-04-13 12:46:29,895 - INFO - [2018] MISSING_CENTRAL: ZG1E2Mu/Central/jets/4/pt in Skim_TriLep_MuonEG_B.root
2026-04-13 12:46:29,895 - INFO - [2018] MISSING_CENTRAL: ZG1E2Mu/Central/jets/4/pt in Skim_TriLep_MuonEG_C.root
2026-04-13 12:46:29,922 - INFO - [2018] MISSING_CENTRAL: ZG1E2Mu/Central/jets/4/pt in Skim_TriLep_DYJets10to50.root
2026-04-13 12:46:29,922 - INFO - [2018] MISSING_CENTRAL: ZG1E2Mu/Central/jets/4/pt in Skim_TriLep_TTG.root
2026-04-13 12:46:29,923 - INFO - [2018] MISSING_CENTRAL: ZG1E2Mu/Central/jets/4/pt in Skim_TriLep_WWG.root
2026-04-13 12:46:30,052 - INFO - [2018] MISSING_CENTRAL: ZG1E2Mu/Central/jets/4/pt in Skim_TriLep_WWW.root
2026-04-13 12:46:30,053 - INFO - [2018] MISSING_CENTRAL: ZG1E2Mu/Central/jets/4/pt in Skim_TriLep_WWZ.root
2026-04-13 12:46:30,087 - INFO - [2018] MISSING_SYSTEMATIC: ZG1E2Mu/UnclusteredEn_Up/jets/4/pt in Skim_TriLep_TTTT.root
2026-04-13 12:46:34,167 - INFO - [2018] MISSING_CENTRAL: ZG1E2Mu/Central/jets/4/pt in Skim_TriLep_MuonEG_A.root
2026-04-13 12:46:34,168 - INFO - [2018] MISSING_CENTRAL: ZG1E2Mu/Central/jets/4/pt in Skim_TriLep_MuonEG_B.root
2026-04-13 12:46:34,169 - INFO - [2018] MISSING_CENTRAL: ZG1E2Mu/Central/jets/4/pt in Skim_TriLep_MuonEG_C.root
2026-04-13 12:46:34,234 - INFO - [2018] MISSING_CENTRAL: ZG1E2Mu/Central/jets/4/pt in Skim_TriLep_MuonEG_B.root
2026-04-13 12:46:34,235 - INFO - [2018] MISSING_CENTRAL: ZG1E2Mu/Central/jets/4/pt in Skim_TriLep_MuonEG_C.root
2026-04-13 12:46:34,239 - INFO - [2018] MISSING_CENTRAL: ZG1E2Mu/Central/jets/4/pt in Skim_TriLep_DYJets10to50.root
2026-04-13 12:46:34,240 - INFO - [2018] MISSING_CENTRAL: ZG1E2Mu/Central/jets/4/pt in Skim_TriLep_TTG.root
2026-04-13 12:46:34,241 - INFO - [2018] MISSING_CENTRAL: ZG1E2Mu/Central/jets/4/pt in Skim_TriLep_WWG.root
2026-04-13 12:46:34,255 - INFO - [2018] MISSING_CENTRAL: ZG1E2Mu/Central/jets/4/pt in Skim_TriLep_WWW.root
2026-04-13 12:46:34,256 - INFO - [2018] MISSING_CENTRAL: ZG1E2Mu/Central/jets/4/pt in Skim_TriLep_WWZ.root
2026-06-12 14:04:18,948 - INFO - [2018] MISSING_CENTRAL: ZG1E2Mu/Central/jets/4/pt in Skim_TriLep_MuonEG_A.root
2026-06-12 14:04:18,949 - INFO - [2018] MISSING_CENTRAL: ZG1E2Mu/Central/jets/4/pt in Skim_TriLep_MuonEG_B.root
2026-06-12 14:04:18,950 - INFO - [2018] MISSING_CENTRAL: ZG1E2Mu/Central/jets/4/pt in Skim_TriLep_MuonEG_C.root
2026-06-12 14:04:19,018 - INFO - [2018] MISSING_CENTRAL: ZG1E2Mu/Central/jets/4/pt in Skim_TriLep_MuonEG_B.root
2026-06-12 14:04:19,018 - INFO - [2018] MISSING_CENTRAL: ZG1E2Mu/Central/jets/4/pt in Skim_TriLep_MuonEG_C.root
2026-06-12 14:04:19,045 - INFO - [2018] MISSING_CENTRAL: ZG1E2Mu/Central/jets/4/pt in Skim_TriLep_DYJets10to50.root
2026-06-12 14:04:19,046 - INFO - [2018] MISSING_CENTRAL: ZG1E2Mu/Central/jets/4/pt in Skim_TriLep_TTG.root
2026-06-12 14:04:19,046 - INFO - [2018] MISSING_CENTRAL: ZG1E2Mu/Central/jets/4/pt in Skim_TriLep_WWG.root
2026-06-12 14:04:19,152 - INFO - [2018] MISSING_CENTRAL: ZG1E2Mu/Central/jets/4/pt in Skim_TriLep_WWW.root
2026-06-12 14:04:19,153 - INFO - [2018] MISSING_CENTRAL: ZG1E2Mu/Central/jets/4/pt in Skim_TriLep_WWZ.root
2026-06-12 14:04:19,189 - INFO - [2018] MISSING_SYSTEMATIC: ZG1E2Mu/UnclusteredEn_Up/jets/4/pt in Skim_TriLep_TTTT.root
2026-06-12 14:04:23,750 - INFO - [2018] MISSING_CENTRAL: ZG1E2Mu/Central/jets/4/pt in Skim_TriLep_MuonEG_A.root
2026-06-12 14:04:23,751 - INFO - [2018] MISSING_CENTRAL: ZG1E2Mu/Central/jets/4/pt in Skim_TriLep_MuonEG_B.root
2026-06-12 14:04:23,751 - INFO - [2018] MISSING_CENTRAL: ZG1E2Mu/Central/jets/4/pt in Skim_TriLep_MuonEG_C.root
2026-06-12 14:04:23,816 - INFO - [2018] MISSING_CENTRAL: ZG1E2Mu/Central/jets/4/pt in Skim_TriLep_MuonEG_B.root
2026-06-12 14:04:23,817 - INFO - [2018] MISSING_CENTRAL: ZG1E2Mu/Central/jets/4/pt in Skim_TriLep_MuonEG_C.root
2026-06-12 14:04:23,822 - INFO - [2018] MISSING_CENTRAL: ZG1E2Mu/Central/jets/4/pt in Skim_TriLep_DYJets10to50.root
2026-06-12 14:04:23,822 - INFO - [2018] MISSING_CENTRAL: ZG1E2Mu/Central/jets/4/pt in Skim_TriLep_TTG.root
2026-06-12 14:04:23,823 - INFO - [2018] MISSING_CENTRAL: ZG1E2Mu/Central/jets/4/pt in Skim_TriLep_WWG.root
2026-06-12 14:04:23,837 - INFO - [2018] MISSING_CENTRAL: ZG1E2Mu/Central/jets/4/pt in Skim_TriLep_WWW.root
2026-06-12 14:04:23,837 - INFO - [2018] MISSING_CENTRAL: ZG1E2Mu/Central/jets/4/pt in Skim_TriLep_WWZ.root
2026-06-12 14:26:09,954 - INFO - [2018] MISSING_CENTRAL: ZG1E2Mu/Central/jets/4/pt in Skim_TriLep_MuonEG_A.root
2026-06-12 14:26:09,955 - INFO - [2018] MISSING_CENTRAL: ZG1E2Mu/Central/jets/4/pt in Skim_TriLep_MuonEG_B.root
2026-06-12 14:26:09,956 - INFO - [2018] MISSING_CENTRAL: ZG1E2Mu/Central/jets/4/pt in Skim_TriLep_MuonEG_C.root
2026-06-12 14:26:10,022 - INFO - [2018] MISSING_CENTRAL: ZG1E2Mu/Central/jets/4/pt in Skim_TriLep_MuonEG_B.root
2026-06-12 14:26:10,023 - INFO - [2018] MISSING_CENTRAL: ZG1E2Mu/Central/jets/4/pt in Skim_TriLep_MuonEG_C.root
2026-06-12 14:26:10,050 - INFO - [2018] MISSING_CENTRAL: ZG1E2Mu/Central/jets/4/pt in Skim_TriLep_DYJets10to50.root
2026-06-12 14:26:10,051 - INFO - [2018] MISSING_CENTRAL: ZG1E2Mu/Central/jets/4/pt in Skim_TriLep_TTG.root
2026-06-12 14:26:10,051 - INFO - [2018] MISSING_CENTRAL: ZG1E2Mu/Central/jets/4/pt in Skim_TriLep_WWG.root
2026-06-12 14:26:10,155 - INFO - [2018] MISSING_CENTRAL: ZG1E2Mu/Central/jets/4/pt in Skim_TriLep_WWW.root
2026-06-12 14:26:10,156 - INFO - [2018] MISSING_CENTRAL: ZG1E2Mu/Central/jets/4/pt in Skim_TriLep_WWZ.root
2026-06-12 14:26:10,191 - INFO - [2018] MISSING_SYSTEMATIC: ZG1E2Mu/UnclusteredEn_Up/jets/4/pt in Skim_TriLep_TTTT.root
2026-06-12 14:26:14,539 - INFO - [2018] MISSING_CENTRAL: ZG1E2Mu/Central/jets/4/pt in Skim_TriLep_MuonEG_A.root
2026-06-12 14:26:14,540 - INFO - [2018] MISSING_CENTRAL: ZG1E2Mu/Central/jets/4/pt in Skim_TriLep_MuonEG_B.root
2026-06-12 14:26:14,540 - INFO - [2018] MISSING_CENTRAL: ZG1E2Mu/Central/jets/4/pt in Skim_TriLep_MuonEG_C.root
2026-06-12 14:26:14,607 - INFO - [2018] MISSING_CENTRAL: ZG1E2Mu/Central/jets/4/pt in Skim_TriLep_MuonEG_B.root
2026-06-12 14:26:14,608 - INFO - [2018] MISSING_CENTRAL: ZG1E2Mu/Central/jets/4/pt in Skim_TriLep_MuonEG_C.root
2026-06-12 14:26:14,612 - INFO - [2018] MISSING_CENTRAL: ZG1E2Mu/Central/jets/4/pt in Skim_TriLep_DYJets10to50.root
2026-06-12 14:26:14,613 - INFO - [2018] MISSING_CENTRAL: ZG1E2Mu/Central/jets/4/pt in Skim_TriLep_TTG.root
2026-06-12 14:26:14,613 - INFO - [2018] MISSING_CENTRAL: ZG1E2Mu/Central/jets/4/pt in Skim_TriLep_WWG.root
2026-06-12 14:26:14,628 - INFO - [2018] MISSING_CENTRAL: ZG1E2Mu/Central/jets/4/pt in Skim_TriLep_WWW.root
2026-06-12 14:26:14,629 - INFO - [2018] MISSING_CENTRAL: ZG1E2Mu/Central/jets/4/pt in Skim_TriLep_WWZ.root
2026-06-18 00:20:26,174 - INFO - [2018] MISSING_CENTRAL: ZG1E2Mu/Central/jets/4/pt in Skim_TriLep_MuonEG_A.root
2026-06-18 00:20:26,175 - INFO - [2018] MISSING_CENTRAL: ZG1E2Mu/Central/jets/4/pt in Skim_TriLep_MuonEG_B.root
2026-06-18 00:20:26,175 - INFO - [2018] MISSING_CENTRAL: ZG1E2Mu/Central/jets/4/pt in Skim_TriLep_MuonEG_C.root
2026-06-18 00:20:26,242 - INFO - [2018] MISSING_CENTRAL: ZG1E2Mu/Central/jets/4/pt in Skim_TriLep_MuonEG_B.root
2026-06-18 00:20:26,242 - INFO - [2018] MISSING_CENTRAL: ZG1E2Mu/Central/jets/4/pt in Skim_TriLep_MuonEG_C.root
2026-06-18 00:20:26,270 - INFO - [2018] MISSING_CENTRAL: ZG1E2Mu/Central/jets/4/pt in Skim_TriLep_DYJets10to50.root
2026-06-18 00:20:26,270 - INFO - [2018] MISSING_CENTRAL: ZG1E2Mu/Central/jets/4/pt in Skim_TriLep_TTG.root
2026-06-18 00:20:26,271 - INFO - [2018] MISSING_CENTRAL: ZG1E2Mu/Central/jets/4/pt in Skim_TriLep_WWG.root
2026-06-18 00:20:26,375 - INFO - [2018] MISSING_CENTRAL: ZG1E2Mu/Central/jets/4/pt in Skim_TriLep_WWW.root
2026-06-18 00:20:26,376 - INFO - [2018] MISSING_CENTRAL: ZG1E2Mu/Central/jets/4/pt in Skim_TriLep_WWZ.root
2026-06-18 00:20:26,411 - INFO - [2018] MISSING_SYSTEMATIC: ZG1E2Mu/UnclusteredEn_Up/jets/4/pt in Skim_TriLep_TTTT.root
2026-06-18 00:20:31,068 - INFO - [2018] MISSING_CENTRAL: ZG1E2Mu/Central/jets/4/pt in Skim_TriLep_MuonEG_A.root
2026-06-18 00:20:31,069 - INFO - [2018] MISSING_CENTRAL: ZG1E2Mu/Central/jets/4/pt in Skim_TriLep_MuonEG_B.root
2026-06-18 00:20:31,069 - INFO - [2018] MISSING_CENTRAL: ZG1E2Mu/Central/jets/4/pt in Skim_TriLep_MuonEG_C.root
2026-06-18 00:20:31,137 - INFO - [2018] MISSING_CENTRAL: ZG1E2Mu/Central/jets/4/pt in Skim_TriLep_MuonEG_B.root
2026-06-18 00:20:31,138 - INFO - [2018] MISSING_CENTRAL: ZG1E2Mu/Central/jets/4/pt in Skim_TriLep_MuonEG_C.root
2026-06-18 00:20:31,143 - INFO - [2018] MISSING_CENTRAL: ZG1E2Mu/Central/jets/4/pt in Skim_TriLep_DYJets10to50.root
2026-06-18 00:20:31,143 - INFO - [2018] MISSING_CENTRAL: ZG1E2Mu/Central/jets/4/pt in Skim_TriLep_TTG.root
2026-06-18 00:20:31,144 - INFO - [2018] MISSING_CENTRAL: ZG1E2Mu/Central/jets/4/pt in Skim_TriLep_WWG.root
2026-06-18 00:20:31,159 - INFO - [2018] MISSING_CENTRAL: ZG1E2Mu/Central/jets/4/pt in Skim_TriLep_WWW.root
2026-06-18 00:20:31,159 - INFO - [2018] MISSING_CENTRAL: ZG1E2Mu/Central/jets/4/pt in Skim_TriLep_WWZ.root
2026-06-29 16:42:38,421 - INFO - [2018] MISSING_CENTRAL: ZG1E2Mu/Central/jets/4/pt in Skim_TriLep_MuonEG_A.root
2026-06-29 16:42:38,421 - INFO - [2018] MISSING_CENTRAL: ZG1E2Mu/Central/jets/4/pt in Skim_TriLep_MuonEG_B.root
2026-06-29 16:42:38,422 - INFO - [2018] MISSING_CENTRAL: ZG1E2Mu/Central/jets/4/pt in Skim_TriLep_MuonEG_C.root
2026-06-29 16:42:38,505 - INFO - [2018] MISSING_CENTRAL: ZG1E2Mu/Central/jets/4/pt in Skim_TriLep_MuonEG_B.root
2026-06-29 16:42:38,507 - INFO - [2018] MISSING_CENTRAL: ZG1E2Mu/Central/jets/4/pt in Skim_TriLep_MuonEG_C.root
2026-06-29 16:42:38,547 - INFO - [2018] MISSING_CENTRAL: ZG1E2Mu/Central/jets/4/pt in Skim_TriLep_DYJets10to50.root
2026-06-29 16:42:38,548 - INFO - [2018] MISSING_CENTRAL: ZG1E2Mu/Central/jets/4/pt in Skim_TriLep_TTG.root
2026-06-29 16:42:38,549 - INFO - [2018] MISSING_CENTRAL: ZG1E2Mu/Central/jets/4/pt in Skim_TriLep_WWG.root
2026-06-29 16:42:39,116 - INFO - [2018] MISSING_CENTRAL: ZG1E2Mu/Central/jets/4/pt in Skim_TriLep_tWZ_tlepWlep.root
2026-06-29 16:42:39,129 - INFO - [2018] MISSING_CENTRAL: ZG1E2Mu/Central/jets/4/pt in Skim_TriLep_WWW.root
2026-06-29 16:42:39,130 - INFO - [2018] MISSING_CENTRAL: ZG1E2Mu/Central/jets/4/pt in Skim_TriLep_WWZ.root
2026-06-29 16:42:39,422 - INFO - [2018] MISSING_SYSTEMATIC: ZG1E2Mu/UnclusteredEn_Up/jets/4/pt in Skim_TriLep_TTTT.root
2026-06-29 16:42:43,489 - INFO - [2018] MISSING_CENTRAL: ZG1E2Mu/Central/jets/4/pt in Skim_TriLep_MuonEG_A.root
2026-06-29 16:42:43,490 - INFO - [2018] MISSING_CENTRAL: ZG1E2Mu/Central/jets/4/pt in Skim_TriLep_MuonEG_B.root
2026-06-29 16:42:43,490 - INFO - [2018] MISSING_CENTRAL: ZG1E2Mu/Central/jets/4/pt in Skim_TriLep_MuonEG_C.root
2026-06-29 16:42:43,552 - INFO - [2018] MISSING_CENTRAL: ZG1E2Mu/Central/jets/4/pt in Skim_TriLep_MuonEG_B.root
2026-06-29 16:42:43,553 - INFO - [2018] MISSING_CENTRAL: ZG1E2Mu/Central/jets/4/pt in Skim_TriLep_MuonEG_C.root
2026-06-29 16:42:43,558 - INFO - [2018] MISSING_CENTRAL: ZG1E2Mu/Central/jets/4/pt in Skim_TriLep_DYJets10to50.root
2026-06-29 16:42:43,559 - INFO - [2018] MISSING_CENTRAL: ZG1E2Mu/Central/jets/4/pt in Skim_TriLep_TTG.root
2026-06-29 16:42:43,560 - INFO - [2018] MISSING_CENTRAL: ZG1E2Mu/Central/jets/4/pt in Skim_TriLep_WWG.root
2026-06-29 16:42:43,579 - INFO - [2018] MISSING_CENTRAL: ZG1E2Mu/Central/jets/4/pt in Skim_TriLep_tWZ_tlepWlep.root
2026-06-29 16:42:43,580 - INFO - [2018] MISSING_CENTRAL: ZG1E2Mu/Central/jets/4/pt in Skim_TriLep_WWW.root
2026-06-29 16:42:43,581 - INFO - [2018] MISSING_CENTRAL: ZG1E2Mu/Central/jets/4/pt in Skim_TriLep_WWZ.root
2026-07-01 05:31:22,152 - INFO - [2018] MISSING_CENTRAL: ZG1E2Mu/Central/jets/4/pt in Skim_TriLep_MuonEG_A.root
2026-07-01 05:31:22,153 - INFO - [2018] MISSING_CENTRAL: ZG1E2Mu/Central/jets/4/pt in Skim_TriLep_MuonEG_B.root
2026-07-01 05:31:22,155 - INFO - [2018] MISSING_CENTRAL: ZG1E2Mu/Central/jets/4/pt in Skim_TriLep_MuonEG_C.root
2026-07-01 05:31:22,217 - INFO - [2018] MISSING_CENTRAL: ZG1E2Mu/Central/jets/4/pt in Skim_TriLep_MuonEG_B.root
2026-07-01 05:31:22,218 - INFO - [2018] MISSING_CENTRAL: ZG1E2Mu/Central/jets/4/pt in Skim_TriLep_MuonEG_C.root
2026-07-01 05:31:22,246 - INFO - [2018] MISSING_CENTRAL: ZG1E2Mu/Central/jets/4/pt in Skim_TriLep_DYJets10to50.root
2026-07-01 05:31:22,247 - INFO - [2018] MISSING_CENTRAL: ZG1E2Mu/Central/jets/4/pt in Skim_TriLep_TTG.root
2026-07-01 05:31:22,249 - INFO - [2018] MISSING_CENTRAL: ZG1E2Mu/Central/jets/4/pt in Skim_TriLep_WWG.root
2026-07-01 05:31:22,385 - INFO - [2018] MISSING_CENTRAL: ZG1E2Mu/Central/jets/4/pt in Skim_TriLep_tWZ_tlepWlep.root
2026-07-01 05:31:22,386 - INFO - [2018] MISSING_CENTRAL: ZG1E2Mu/Central/jets/4/pt in Skim_TriLep_WWW.root
2026-07-01 05:31:22,387 - INFO - [2018] MISSING_CENTRAL: ZG1E2Mu/Central/jets/4/pt in Skim_TriLep_WWZ.root
2026-07-01 05:31:22,419 - INFO - [2018] MISSING_SYSTEMATIC: ZG1E2Mu/UnclusteredEn_Up/jets/4/pt in Skim_TriLep_TTTT.root
2026-07-01 05:31:26,812 - INFO - [2018] MISSING_CENTRAL: ZG1E2Mu/Central/jets/4/pt in Skim_TriLep_MuonEG_A.root
2026-07-01 05:31:26,813 - INFO - [2018] MISSING_CENTRAL: ZG1E2Mu/Central/jets/4/pt in Skim_TriLep_MuonEG_B.root
2026-07-01 05:31:26,814 - INFO - [2018] MISSING_CENTRAL: ZG1E2Mu/Central/jets/4/pt in Skim_TriLep_MuonEG_C.root
2026-07-01 05:31:26,884 - INFO - [2018] MISSING_CENTRAL: ZG1E2Mu/Central/jets/4/pt in Skim_TriLep_MuonEG_B.root
2026-07-01 05:31:26,885 - INFO - [2018] MISSING_CENTRAL: ZG1E2Mu/Central/jets/4/pt in Skim_TriLep_MuonEG_C.root
2026-07-01 05:31:26,893 - INFO - [2018] MISSING_CENTRAL: ZG1E2Mu/Central/jets/4/pt in Skim_TriLep_DYJets10to50.root
2026-07-01 05:31:26,895 - INFO - [2018] MISSING_CENTRAL: ZG1E2Mu/Central/jets/4/pt in Skim_TriLep_TTG.root
2026-07-01 05:31:26,896 - INFO - [2018] MISSING_CENTRAL: ZG1E2Mu/Central/jets/4/pt in Skim_TriLep_WWG.root
2026-07-01 05:31:26,927 - INFO - [2018] MISSING_CENTRAL: ZG1E2Mu/Central/jets/4/pt in Skim_TriLep_tWZ_tlepWlep.root
2026-07-01 05:31:26,928 - INFO - [2018] MISSING_CENTRAL: ZG1E2Mu/Central/jets/4/pt in Skim_TriLep_WWW.root
2026-07-01 05:31:26,929 - INFO - [2018] MISSING_CENTRAL: ZG1E2Mu/Central/jets/4/pt in Skim_TriLep_WWZ.root
2026-07-01 05:58:03,461 - INFO - [2018] MISSING_FILE: /data9/Users/choij/Sync/workspace/ChargedHiggsAnalysisV3/SKNanoOutput/PromptAnalyzer/Run1E2Mu_RunCR_NoTreeMode/2018/Skim_TriLep_MuonEG_A.root
2026-07-01 05:58:03,461 - INFO - [2018] MISSING_FILE: /data9/Users/choij/Sync/workspace/ChargedHiggsAnalysisV3/SKNanoOutput/PromptAnalyzer/Run1E2Mu_RunCR_NoTreeMode/2018/Skim_TriLep_MuonEG_B.root
2026-07-01 05:58:03,462 - INFO - [2018] MISSING_FILE: /data9/Users/choij/Sync/workspace/ChargedHiggsAnalysisV3/SKNanoOutput/PromptAnalyzer/Run1E2Mu_RunCR_NoTreeMode/2018/Skim_TriLep_MuonEG_C.root
2026-07-01 05:58:03,462 - INFO - [2018] MISSING_FILE: /data9/Users/choij/Sync/workspace/ChargedHiggsAnalysisV3/SKNanoOutput/PromptAnalyzer/Run1E2Mu_RunCR_NoTreeMode/2018/Skim_TriLep_MuonEG_D.root
2026-07-01 05:58:06,130 - INFO - [2018] MISSING_FILE: /data9/Users/choij/Sync/workspace/ChargedHiggsAnalysisV3/SKNanoOutput/PromptAnalyzer/Run1E2Mu_RunCR_NoTreeMode/2018/Skim_TriLep_MuonEG_A.root
2026-07-01 05:58:06,130 - INFO - [2018] MISSING_FILE: /data9/Users/choij/Sync/workspace/ChargedHiggsAnalysisV3/SKNanoOutput/PromptAnalyzer/Run1E2Mu_RunCR_NoTreeMode/2018/Skim_TriLep_MuonEG_B.root
2026-07-01 05:58:06,131 - INFO - [2018] MISSING_FILE: /data9/Users/choij/Sync/workspace/ChargedHiggsAnalysisV3/SKNanoOutput/PromptAnalyzer/Run1E2Mu_RunCR_NoTreeMode/2018/Skim_TriLep_MuonEG_C.root
2026-07-01 05:58:06,131 - INFO - [2018] MISSING_FILE: /data9/Users/choij/Sync/workspace/ChargedHiggsAnalysisV3/SKNanoOutput/PromptAnalyzer/Run1E2Mu_RunCR_NoTreeMode/2018/Skim_TriLep_MuonEG_D.root
2026-07-01 15:24:28,880 - INFO - [2018] MISSING_CENTRAL: ZG1E2Mu/Central/jets/4/pt in Skim_TriLep_MuonEG_A.root
2026-07-01 15:24:28,881 - INFO - [2018] MISSING_CENTRAL: ZG1E2Mu/Central/jets/4/pt in Skim_TriLep_MuonEG_B.root
2026-07-01 15:24:28,882 - INFO - [2018] MISSING_CENTRAL: ZG1E2Mu/Central/jets/4/pt in Skim_TriLep_MuonEG_C.root
2026-07-01 15:24:28,972 - INFO - [2018] MISSING_CENTRAL: ZG1E2Mu/Central/jets/4/pt in Skim_TriLep_MuonEG_B.root
2026-07-01 15:24:28,974 - INFO - [2018] MISSING_CENTRAL: ZG1E2Mu/Central/jets/4/pt in Skim_TriLep_MuonEG_C.root
2026-07-01 15:24:29,015 - INFO - [2018] MISSING_CENTRAL: ZG1E2Mu/Central/jets/4/pt in Skim_TriLep_DYJets10to50.root
2026-07-01 15:24:29,016 - INFO - [2018] MISSING_CENTRAL: ZG1E2Mu/Central/jets/4/pt in Skim_TriLep_TTG.root
2026-07-01 15:24:29,018 - INFO - [2018] MISSING_CENTRAL: ZG1E2Mu/Central/jets/4/pt in Skim_TriLep_WWG.root
2026-07-01 15:24:29,197 - INFO - [2018] MISSING_CENTRAL: ZG1E2Mu/Central/jets/4/pt in Skim_TriLep_tWZ_tlepWlep.root
2026-07-01 15:24:29,198 - INFO - [2018] MISSING_CENTRAL: ZG1E2Mu/Central/jets/4/pt in Skim_TriLep_WWW.root
2026-07-01 15:24:29,200 - INFO - [2018] MISSING_CENTRAL: ZG1E2Mu/Central/jets/4/pt in Skim_TriLep_WWZ.root
2026-07-01 15:24:29,234 - INFO - [2018] MISSING_SYSTEMATIC: ZG1E2Mu/UnclusteredEn_Up/jets/4/pt in Skim_TriLep_TTTT.root
2026-07-01 15:24:32,583 - INFO - [2018] MISSING_CENTRAL: ZG1E2Mu/Central/jets/4/pt in Skim_TriLep_MuonEG_A.root
2026-07-01 15:24:32,584 - INFO - [2018] MISSING_CENTRAL: ZG1E2Mu/Central/jets/4/pt in Skim_TriLep_MuonEG_B.root
2026-07-01 15:24:32,586 - INFO - [2018] MISSING_CENTRAL: ZG1E2Mu/Central/jets/4/pt in Skim_TriLep_MuonEG_C.root
2026-07-01 15:24:32,670 - INFO - [2018] MISSING_CENTRAL: ZG1E2Mu/Central/jets/4/pt in Skim_TriLep_MuonEG_B.root
2026-07-01 15:24:32,671 - INFO - [2018] MISSING_CENTRAL: ZG1E2Mu/Central/jets/4/pt in Skim_TriLep_MuonEG_C.root
2026-07-01 15:24:32,681 - INFO - [2018] MISSING_CENTRAL: ZG1E2Mu/Central/jets/4/pt in Skim_TriLep_DYJets10to50.root
2026-07-01 15:24:32,682 - INFO - [2018] MISSING_CENTRAL: ZG1E2Mu/Central/jets/4/pt in Skim_TriLep_TTG.root
2026-07-01 15:24:32,684 - INFO - [2018] MISSING_CENTRAL: ZG1E2Mu/Central/jets/4/pt in Skim_TriLep_WWG.root
2026-07-01 15:24:32,717 - INFO - [2018] MISSING_CENTRAL: ZG1E2Mu/Central/jets/4/pt in Skim_TriLep_tWZ_tlepWlep.root
2026-07-01 15:24:32,719 - INFO - [2018] MISSING_CENTRAL: ZG1E2Mu/Central/jets/4/pt in Skim_TriLep_WWW.root
2026-07-01 15:24:32,720 - INFO - [2018] MISSING_CENTRAL: ZG1E2Mu/Central/jets/4/pt in Skim_TriLep_WWZ.root
2026-07-01 17:34:54,640 - INFO - [2018] MISSING_CENTRAL: ZG1E2Mu/Central/jets/4/pt in Skim_TriLep_MuonEG_A.root
2026-07-01 17:34:54,641 - INFO - [2018] MISSING_CENTRAL: ZG1E2Mu/Central/jets/4/pt in Skim_TriLep_MuonEG_B.root
2026-07-01 17:34:54,641 - INFO - [2018] MISSING_CENTRAL: ZG1E2Mu/Central/jets/4/pt in Skim_TriLep_MuonEG_C.root
2026-07-01 17:34:54,703 - INFO - [2018] MISSING_CENTRAL: ZG1E2Mu/Central/jets/4/pt in Skim_TriLep_MuonEG_B.root
2026-07-01 17:34:54,703 - INFO - [2018] MISSING_CENTRAL: ZG1E2Mu/Central/jets/4/pt in Skim_TriLep_MuonEG_C.root
2026-07-01 17:34:54,732 - INFO - [2018] MISSING_CENTRAL: ZG1E2Mu/Central/jets/4/pt in Skim_TriLep_DYJets10to50.root
2026-07-01 17:34:54,733 - INFO - [2018] MISSING_CENTRAL: ZG1E2Mu/Central/jets/4/pt in Skim_TriLep_TTG.root
2026-07-01 17:34:54,734 - INFO - [2018] MISSING_CENTRAL: ZG1E2Mu/Central/jets/4/pt in Skim_TriLep_WWG.root
2026-07-01 17:34:54,971 - INFO - [2018] MISSING_CENTRAL: ZG1E2Mu/Central/jets/4/pt in Skim_TriLep_tWZ_tlepWlep.root
2026-07-01 17:34:54,972 - INFO - [2018] MISSING_CENTRAL: ZG1E2Mu/Central/jets/4/pt in Skim_TriLep_WWW.root
2026-07-01 17:34:54,974 - INFO - [2018] MISSING_CENTRAL: ZG1E2Mu/Central/jets/4/pt in Skim_TriLep_WWZ.root
2026-07-01 17:34:55,031 - INFO - [2018] MISSING_SYSTEMATIC: ZG1E2Mu/UnclusteredEn_Up/jets/4/pt in Skim_TriLep_TTTT.root
2026-07-01 17:34:59,077 - INFO - [2018] MISSING_CENTRAL: ZG1E2Mu/Central/jets/4/pt in Skim_TriLep_MuonEG_A.root
2026-07-01 17:34:59,079 - INFO - [2018] MISSING_CENTRAL: ZG1E2Mu/Central/jets/4/pt in Skim_TriLep_MuonEG_B.root
2026-07-01 17:34:59,080 - INFO - [2018] MISSING_CENTRAL: ZG1E2Mu/Central/jets/4/pt in Skim_TriLep_MuonEG_C.root
2026-07-01 17:34:59,167 - INFO - [2018] MISSING_CENTRAL: ZG1E2Mu/Central/jets/4/pt in Skim_TriLep_MuonEG_B.root
2026-07-01 17:34:59,168 - INFO - [2018] MISSING_CENTRAL: ZG1E2Mu/Central/jets/4/pt in Skim_TriLep_MuonEG_C.root
2026-07-01 17:34:59,177 - INFO - [2018] MISSING_CENTRAL: ZG1E2Mu/Central/jets/4/pt in Skim_TriLep_DYJets10to50.root
2026-07-01 17:34:59,178 - INFO - [2018] MISSING_CENTRAL: ZG1E2Mu/Central/jets/4/pt in Skim_TriLep_TTG.root
2026-07-01 17:34:59,179 - INFO - [2018] MISSING_CENTRAL: ZG1E2Mu/Central/jets/4/pt in Skim_TriLep_WWG.root
2026-07-01 17:34:59,213 - INFO - [2018] MISSING_CENTRAL: ZG1E2Mu/Central/jets/4/pt in Skim_TriLep_tWZ_tlepWlep.root
2026-07-01 17:34:59,214 - INFO - [2018] MISSING_CENTRAL: ZG1E2Mu/Central/jets/4/pt in Skim_TriLep_WWW.root
2026-07-01 17:34:59,215 - INFO - [2018] MISSING_CENTRAL: ZG1E2Mu/Central/jets/4/pt in Skim_TriLep_WWZ.root
