2026-01-16 19:13:28,877 - INFO - [2022] MISSING_CENTRAL: TTZ2E1Mu/Central/bjets/3/energy in Skim_TriLep_MuonEG_D.root
2026-01-16 19:13:28,899 - INFO - [2022EE] MISSING_CENTRAL: TTZ2E1Mu/Central/bjets/3/energy in Skim_TriLep_MuonEG_E.root
2026-01-16 19:13:28,899 - INFO - [2022EE] MISSING_CENTRAL: TTZ2E1Mu/Central/bjets/3/energy in Skim_TriLep_MuonEG_F.root
2026-01-16 19:13:28,900 - INFO - [2022EE] MISSING_CENTRAL: TTZ2E1Mu/Central/bjets/3/energy in Skim_TriLep_MuonEG_G.root
2026-01-16 19:13:28,900 - INFO - [2023] MISSING_CENTRAL: TTZ2E1Mu/Central/bjets/3/energy in Skim_TriLep_MuonEG_C_v1.root
2026-01-16 19:13:28,901 - INFO - [2023] MISSING_CENTRAL: TTZ2E1Mu/Central/bjets/3/energy in Skim_TriLep_MuonEG_C_v2.root
2026-01-16 19:13:28,901 - INFO - [2023] MISSING_CENTRAL: TTZ2E1Mu/Central/bjets/3/energy in Skim_TriLep_MuonEG_C_v3.root
2026-01-16 19:13:28,902 - INFO - [2023] MISSING_CENTRAL: TTZ2E1Mu/Central/bjets/3/energy in Skim_TriLep_MuonEG_C_v4.root
2026-01-16 19:13:28,903 - INFO - [2023BPix] MISSING_CENTRAL: TTZ2E1Mu/Central/bjets/3/energy in Skim_TriLep_MuonEG_D_v2.root
2026-01-16 19:13:28,925 - INFO - [2022] MISSING_CENTRAL: TTZ2E1Mu/Central/bjets/3/energy in Skim_TriLep_MuonEG_D.root
2026-01-16 19:13:28,926 - INFO - [2022] MISSING_CENTRAL: TTZ2E1Mu/Central/bjets/3/energy in Skim_TriLep_DYJets.root
2026-01-16 19:13:28,926 - INFO - [2022] MISSING_CENTRAL: TTZ2E1Mu/Central/bjets/3/energy in Skim_TriLep_DYJets10to50.root
2026-01-16 19:13:28,927 - INFO - [2022] MISSING_CENTRAL: TTZ2E1Mu/Central/bjets/3/energy in Skim_TriLep_TTG_PTG10to100.root
2026-01-16 19:13:28,927 - INFO - [2022] MISSING_CENTRAL: TTZ2E1Mu/Central/bjets/3/energy in Skim_TriLep_TTG_PTG100to200.root
2026-01-16 19:13:28,928 - INFO - [2022] MISSING_CENTRAL: TTZ2E1Mu/Central/bjets/3/energy in Skim_TriLep_TTG_PTG200toInf.root
2026-01-16 19:13:28,928 - INFO - [2022] MISSING_CENTRAL: TTZ2E1Mu/Central/bjets/3/energy in Skim_TriLep_TTWToLNu.root
2026-01-16 19:13:28,929 - INFO - [2022] MISSING_CENTRAL: TTZ2E1Mu/Central/bjets/3/energy in Skim_TriLep_TTZ_M4to50.root
2026-01-16 19:13:28,956 - INFO - [2022] MISSING_CENTRAL: TTZ2E1Mu/Central/bjets/3/energy in Skim_TriLep_WZTo3LNu_powheg.root
2026-01-16 19:13:28,956 - INFO - [2022] MISSING_CENTRAL: TTZ2E1Mu/Central/bjets/3/energy in Skim_TriLep_ZZTo4L_powheg.root
2026-01-16 19:13:28,978 - INFO - [2022] MISSING_CENTRAL: TTZ2E1Mu/Central/bjets/3/energy in Skim_TriLep_WWW.root
2026-01-16 19:13:28,979 - INFO - [2022] MISSING_CENTRAL: TTZ2E1Mu/Central/bjets/3/energy in Skim_TriLep_WWZ.root
2026-01-16 19:13:28,979 - INFO - [2022] MISSING_CENTRAL: TTZ2E1Mu/Central/bjets/3/energy in Skim_TriLep_WZZ.root
2026-01-16 19:13:28,980 - INFO - [2022] MISSING_CENTRAL: TTZ2E1Mu/Central/bjets/3/energy in Skim_TriLep_ZZZ.root
2026-01-16 19:13:28,992 - INFO - [2022] MISSING_CENTRAL: TTZ2E1Mu/Central/bjets/3/energy in Skim_TriLep_VBFHToZZTo4L.root
2026-01-16 19:13:28,993 - INFO - [2022] MISSING_CENTRAL: TTZ2E1Mu/Central/bjets/3/energy in Skim_TriLep_ggHToZZTo4L.root
2026-01-16 19:13:28,994 - INFO - [2022EE] MISSING_CENTRAL: TTZ2E1Mu/Central/bjets/3/energy in Skim_TriLep_MuonEG_E.root
2026-01-16 19:13:28,995 - INFO - [2022EE] MISSING_CENTRAL: TTZ2E1Mu/Central/bjets/3/energy in Skim_TriLep_MuonEG_G.root
2026-01-16 19:13:28,995 - INFO - [2022EE] MISSING_CENTRAL: TTZ2E1Mu/Central/bjets/3/energy in Skim_TriLep_DYJets.root
2026-01-16 19:13:28,996 - INFO - [2022EE] MISSING_CENTRAL: TTZ2E1Mu/Central/bjets/3/energy in Skim_TriLep_DYJets10to50.root
2026-01-16 19:13:29,008 - INFO - [2022EE] MISSING_CENTRAL: TTZ2E1Mu/Central/bjets/3/energy in Skim_TriLep_TTG_PTG100to200.root
2026-01-16 19:13:29,008 - INFO - [2022EE] MISSING_CENTRAL: TTZ2E1Mu/Central/bjets/3/energy in Skim_TriLep_TTG_PTG200toInf.root
2026-01-16 19:13:29,011 - INFO - [2022EE] MISSING_SYSTEMATIC: TTZ2E1Mu/ElectronRes_Up/bjets/3/energy in Skim_TriLep_TTWToLNu.root
2026-01-16 19:13:29,011 - INFO - [2022EE] MISSING_SYSTEMATIC: TTZ2E1Mu/ElectronRes_Down/bjets/3/energy in Skim_TriLep_TTWToLNu.root
2026-01-16 19:13:29,052 - INFO - [2022EE] MISSING_CENTRAL: TTZ2E1Mu/Central/bjets/3/energy in Skim_TriLep_WZTo3LNu_powheg.root
2026-01-16 19:13:29,053 - INFO - [2022EE] MISSING_CENTRAL: TTZ2E1Mu/Central/bjets/3/energy in Skim_TriLep_ZZTo4L_powheg.root
2026-01-16 19:13:29,065 - INFO - [2022EE] MISSING_SYSTEMATIC: TTZ2E1Mu/JetEn_Down/bjets/3/energy in Skim_TriLep_tHq.root
2026-01-16 19:13:29,074 - INFO - [2022EE] MISSING_CENTRAL: TTZ2E1Mu/Central/bjets/3/energy in Skim_TriLep_WWW.root
2026-01-16 19:13:29,074 - INFO - [2022EE] MISSING_CENTRAL: TTZ2E1Mu/Central/bjets/3/energy in Skim_TriLep_WWZ.root
2026-01-16 19:13:29,086 - INFO - [2022EE] MISSING_CENTRAL: TTZ2E1Mu/Central/bjets/3/energy in Skim_TriLep_ZZZ.root
2026-01-16 19:13:29,099 - INFO - [2022EE] MISSING_CENTRAL: TTZ2E1Mu/Central/bjets/3/energy in Skim_TriLep_VBFHToZZTo4L.root
2026-01-16 19:13:29,101 - INFO - [2022EE] MISSING_CENTRAL: TTZ2E1Mu/Central/bjets/3/energy in Skim_TriLep_ggHToZZTo4L.root
2026-01-16 19:13:29,101 - INFO - [2023] MISSING_CENTRAL: TTZ2E1Mu/Central/bjets/3/energy in Skim_TriLep_MuonEG_C_v1.root
2026-01-16 19:13:29,102 - INFO - [2023] MISSING_CENTRAL: TTZ2E1Mu/Central/bjets/3/energy in Skim_TriLep_MuonEG_C_v2.root
2026-01-16 19:13:29,102 - INFO - [2023] MISSING_CENTRAL: TTZ2E1Mu/Central/bjets/3/energy in Skim_TriLep_MuonEG_C_v3.root
2026-01-16 19:13:29,103 - INFO - [2023] MISSING_CENTRAL: TTZ2E1Mu/Central/bjets/3/energy in Skim_TriLep_MuonEG_C_v4.root
2026-01-16 19:13:29,103 - INFO - [2023] MISSING_CENTRAL: TTZ2E1Mu/Central/bjets/3/energy in Skim_TriLep_DYJets.root
2026-01-16 19:13:29,104 - INFO - [2023] MISSING_CENTRAL: TTZ2E1Mu/Central/bjets/3/energy in Skim_TriLep_DYJets10to50.root
2026-01-16 19:13:29,104 - INFO - [2023] MISSING_CENTRAL: TTZ2E1Mu/Central/bjets/3/energy in Skim_TriLep_TTG_PTG10to100.root
2026-01-16 19:13:29,105 - INFO - [2023] MISSING_CENTRAL: TTZ2E1Mu/Central/bjets/3/energy in Skim_TriLep_TTG_PTG100to200.root
2026-01-16 19:13:29,105 - INFO - [2023] MISSING_CENTRAL: TTZ2E1Mu/Central/bjets/3/energy in Skim_TriLep_TTG_PTG200toInf.root
2026-01-16 19:13:29,106 - INFO - [2023] MISSING_CENTRAL: TTZ2E1Mu/Central/bjets/3/energy in Skim_TriLep_TTWToLNu.root
2026-01-16 19:13:29,106 - INFO - [2023] MISSING_CENTRAL: TTZ2E1Mu/Central/bjets/3/energy in Skim_TriLep_TTZ_M4to50.root
2026-01-16 19:13:29,131 - INFO - [2023] MISSING_CENTRAL: TTZ2E1Mu/Central/bjets/3/energy in Skim_TriLep_WZTo3LNu_powheg.root
2026-01-16 19:13:29,132 - INFO - [2023] MISSING_CENTRAL: TTZ2E1Mu/Central/bjets/3/energy in Skim_TriLep_ZZTo4L_powheg.root
2026-01-16 19:13:29,144 - INFO - [2023] MISSING_CENTRAL: TTZ2E1Mu/Central/bjets/3/energy in Skim_TriLep_tHq.root
2026-01-16 19:13:29,144 - INFO - [2023] MISSING_CENTRAL: TTZ2E1Mu/Central/bjets/3/energy in Skim_TriLep_WWW.root
2026-01-16 19:13:29,145 - INFO - [2023] MISSING_CENTRAL: TTZ2E1Mu/Central/bjets/3/energy in Skim_TriLep_WWZ.root
2026-01-16 19:13:29,146 - INFO - [2023] MISSING_CENTRAL: TTZ2E1Mu/Central/bjets/3/energy in Skim_TriLep_WZZ.root
2026-01-16 19:13:29,170 - INFO - [2023] MISSING_CENTRAL: TTZ2E1Mu/Central/bjets/3/energy in Skim_TriLep_VBFHToZZTo4L.root
2026-01-16 19:13:29,171 - INFO - [2023] MISSING_CENTRAL: TTZ2E1Mu/Central/bjets/3/energy in Skim_TriLep_ggHToZZTo4L.root
2026-01-16 19:13:29,172 - INFO - [2023BPix] MISSING_CENTRAL: TTZ2E1Mu/Central/bjets/3/energy in Skim_TriLep_MuonEG_D_v1.root
2026-01-16 19:13:29,172 - INFO - [2023BPix] MISSING_CENTRAL: TTZ2E1Mu/Central/bjets/3/energy in Skim_TriLep_MuonEG_D_v2.root
2026-01-16 19:13:29,173 - INFO - [2023BPix] MISSING_CENTRAL: TTZ2E1Mu/Central/bjets/3/energy in Skim_TriLep_DYJets.root
2026-01-16 19:13:29,173 - INFO - [2023BPix] MISSING_CENTRAL: TTZ2E1Mu/Central/bjets/3/energy in Skim_TriLep_DYJets10to50.root
2026-01-16 19:13:29,174 - INFO - [2023BPix] MISSING_CENTRAL: TTZ2E1Mu/Central/bjets/3/energy in Skim_TriLep_TTG_PTG10to100.root
2026-01-16 19:13:29,175 - INFO - [2023BPix] MISSING_CENTRAL: TTZ2E1Mu/Central/bjets/3/energy in Skim_TriLep_TTG_PTG100to200.root
2026-01-16 19:13:29,175 - INFO - [2023BPix] MISSING_CENTRAL: TTZ2E1Mu/Central/bjets/3/energy in Skim_TriLep_TTG_PTG200toInf.root
2026-01-16 19:13:29,187 - INFO - [2023BPix] MISSING_CENTRAL: TTZ2E1Mu/Central/bjets/3/energy in Skim_TriLep_TTZ_M4to50.root
2026-01-16 19:13:29,215 - INFO - [2023BPix] MISSING_CENTRAL: TTZ2E1Mu/Central/bjets/3/energy in Skim_TriLep_WZTo3LNu_powheg.root
2026-01-16 19:13:29,215 - INFO - [2023BPix] MISSING_CENTRAL: TTZ2E1Mu/Central/bjets/3/energy in Skim_TriLep_ZZTo4L_powheg.root
2026-01-16 19:13:29,228 - INFO - [2023BPix] MISSING_CENTRAL: TTZ2E1Mu/Central/bjets/3/energy in Skim_TriLep_tHq.root
2026-01-16 19:13:29,229 - INFO - [2023BPix] MISSING_CENTRAL: TTZ2E1Mu/Central/bjets/3/energy in Skim_TriLep_WWW.root
2026-01-16 19:13:29,230 - INFO - [2023BPix] MISSING_CENTRAL: TTZ2E1Mu/Central/bjets/3/energy in Skim_TriLep_WWZ.root
2026-01-16 19:13:29,230 - INFO - [2023BPix] MISSING_CENTRAL: TTZ2E1Mu/Central/bjets/3/energy in Skim_TriLep_WZZ.root
2026-01-16 19:13:29,254 - INFO - [2023BPix] MISSING_CENTRAL: TTZ2E1Mu/Central/bjets/3/energy in Skim_TriLep_VBFHToZZTo4L.root
2026-01-16 19:13:29,254 - INFO - [2023BPix] MISSING_CENTRAL: TTZ2E1Mu/Central/bjets/3/energy in Skim_TriLep_ggHToZZTo4L.root
2026-01-28 17:10:06,081 - INFO - [2022] MISSING_CENTRAL: TTZ2E1Mu/Central/bjets/3/energy in Skim_TriLep_MuonEG_D.root
2026-01-28 17:10:06,102 - INFO - [2022EE] MISSING_CENTRAL: TTZ2E1Mu/Central/bjets/3/energy in Skim_TriLep_MuonEG_E.root
2026-01-28 17:10:06,103 - INFO - [2022EE] MISSING_CENTRAL: TTZ2E1Mu/Central/bjets/3/energy in Skim_TriLep_MuonEG_F.root
2026-01-28 17:10:06,103 - INFO - [2022EE] MISSING_CENTRAL: TTZ2E1Mu/Central/bjets/3/energy in Skim_TriLep_MuonEG_G.root
2026-01-28 17:10:06,104 - INFO - [2023] MISSING_CENTRAL: TTZ2E1Mu/Central/bjets/3/energy in Skim_TriLep_MuonEG_C_v1.root
2026-01-28 17:10:06,104 - INFO - [2023] MISSING_CENTRAL: TTZ2E1Mu/Central/bjets/3/energy in Skim_TriLep_MuonEG_C_v2.root
2026-01-28 17:10:06,105 - INFO - [2023] MISSING_CENTRAL: TTZ2E1Mu/Central/bjets/3/energy in Skim_TriLep_MuonEG_C_v3.root
2026-01-28 17:10:06,105 - INFO - [2023] MISSING_CENTRAL: TTZ2E1Mu/Central/bjets/3/energy in Skim_TriLep_MuonEG_C_v4.root
2026-01-28 17:10:06,106 - INFO - [2023BPix] MISSING_CENTRAL: TTZ2E1Mu/Central/bjets/3/energy in Skim_TriLep_MuonEG_D_v2.root
2026-01-28 17:10:06,129 - INFO - [2022] MISSING_CENTRAL: TTZ2E1Mu/Central/bjets/3/energy in Skim_TriLep_MuonEG_D.root
2026-01-28 17:10:06,129 - INFO - [2022] MISSING_CENTRAL: TTZ2E1Mu/Central/bjets/3/energy in Skim_TriLep_DYJets.root
2026-01-28 17:10:06,130 - INFO - [2022] MISSING_CENTRAL: TTZ2E1Mu/Central/bjets/3/energy in Skim_TriLep_DYJets10to50.root
2026-01-28 17:10:06,130 - INFO - [2022] MISSING_CENTRAL: TTZ2E1Mu/Central/bjets/3/energy in Skim_TriLep_TTG_PTG10to100.root
2026-01-28 17:10:06,131 - INFO - [2022] MISSING_CENTRAL: TTZ2E1Mu/Central/bjets/3/energy in Skim_TriLep_TTG_PTG100to200.root
2026-01-28 17:10:06,132 - INFO - [2022] MISSING_CENTRAL: TTZ2E1Mu/Central/bjets/3/energy in Skim_TriLep_TTG_PTG200toInf.root
2026-01-28 17:10:06,133 - INFO - [2022] MISSING_CENTRAL: TTZ2E1Mu/Central/bjets/3/energy in Skim_TriLep_TTWToLNu.root
2026-01-28 17:10:06,134 - INFO - [2022] MISSING_CENTRAL: TTZ2E1Mu/Central/bjets/3/energy in Skim_TriLep_TTZ_M4to50.root
2026-01-28 17:10:06,212 - INFO - [2022] MISSING_CENTRAL: TTZ2E1Mu/Central/bjets/3/energy in Skim_TriLep_WZTo3LNu_powheg.root
2026-01-28 17:10:06,213 - INFO - [2022] MISSING_CENTRAL: TTZ2E1Mu/Central/bjets/3/energy in Skim_TriLep_ZZTo4L_powheg.root
2026-01-28 17:10:06,237 - INFO - [2022] MISSING_CENTRAL: TTZ2E1Mu/Central/bjets/3/energy in Skim_TriLep_WWW.root
2026-01-28 17:10:06,238 - INFO - [2022] MISSING_CENTRAL: TTZ2E1Mu/Central/bjets/3/energy in Skim_TriLep_WWZ.root
2026-01-28 17:10:06,262 - INFO - [2022] MISSING_CENTRAL: TTZ2E1Mu/Central/bjets/3/energy in Skim_TriLep_ZZZ.root
2026-01-28 17:10:06,286 - INFO - [2022] MISSING_CENTRAL: TTZ2E1Mu/Central/bjets/3/energy in Skim_TriLep_VBFHToZZTo4L.root
2026-01-28 17:10:06,287 - INFO - [2022] MISSING_CENTRAL: TTZ2E1Mu/Central/bjets/3/energy in Skim_TriLep_ggHToZZTo4L.root
2026-01-28 17:10:06,287 - INFO - [2022EE] MISSING_CENTRAL: TTZ2E1Mu/Central/bjets/3/energy in Skim_TriLep_MuonEG_E.root
2026-01-28 17:10:06,289 - INFO - [2022EE] MISSING_CENTRAL: TTZ2E1Mu/Central/bjets/3/energy in Skim_TriLep_MuonEG_G.root
2026-01-28 17:10:06,290 - INFO - [2022EE] MISSING_CENTRAL: TTZ2E1Mu/Central/bjets/3/energy in Skim_TriLep_DYJets.root
2026-01-28 17:10:06,290 - INFO - [2022EE] MISSING_CENTRAL: TTZ2E1Mu/Central/bjets/3/energy in Skim_TriLep_DYJets10to50.root
2026-01-28 17:10:06,314 - INFO - [2022EE] MISSING_CENTRAL: TTZ2E1Mu/Central/bjets/3/energy in Skim_TriLep_TTG_PTG100to200.root
2026-01-28 17:10:06,315 - INFO - [2022EE] MISSING_CENTRAL: TTZ2E1Mu/Central/bjets/3/energy in Skim_TriLep_TTG_PTG200toInf.root
2026-01-28 17:10:06,319 - INFO - [2022EE] MISSING_SYSTEMATIC: TTZ2E1Mu/ElectronRes_Up/bjets/3/energy in Skim_TriLep_TTWToLNu.root
2026-01-28 17:10:06,319 - INFO - [2022EE] MISSING_SYSTEMATIC: TTZ2E1Mu/ElectronRes_Down/bjets/3/energy in Skim_TriLep_TTWToLNu.root
2026-01-28 17:10:06,434 - INFO - [2022EE] MISSING_CENTRAL: TTZ2E1Mu/Central/bjets/3/energy in Skim_TriLep_WZTo3LNu_powheg.root
2026-01-28 17:10:06,435 - INFO - [2022EE] MISSING_CENTRAL: TTZ2E1Mu/Central/bjets/3/energy in Skim_TriLep_ZZTo4L_powheg.root
2026-01-28 17:10:06,436 - INFO - [2022EE] MISSING_CENTRAL: TTZ2E1Mu/Central/bjets/3/energy in Skim_TriLep_tHq.root
2026-01-28 17:10:06,437 - INFO - [2022EE] MISSING_CENTRAL: TTZ2E1Mu/Central/bjets/3/energy in Skim_TriLep_WWW.root
2026-01-28 17:10:06,437 - INFO - [2022EE] MISSING_CENTRAL: TTZ2E1Mu/Central/bjets/3/energy in Skim_TriLep_WWZ.root
2026-01-28 17:10:06,460 - INFO - [2022EE] MISSING_CENTRAL: TTZ2E1Mu/Central/bjets/3/energy in Skim_TriLep_ZZZ.root
2026-01-28 17:10:06,485 - INFO - [2022EE] MISSING_CENTRAL: TTZ2E1Mu/Central/bjets/3/energy in Skim_TriLep_VBFHToZZTo4L.root
2026-01-28 17:10:06,486 - INFO - [2022EE] MISSING_CENTRAL: TTZ2E1Mu/Central/bjets/3/energy in Skim_TriLep_ggHToZZTo4L.root
2026-01-28 17:10:06,487 - INFO - [2023] MISSING_CENTRAL: TTZ2E1Mu/Central/bjets/3/energy in Skim_TriLep_MuonEG_C_v1.root
2026-01-28 17:10:06,487 - INFO - [2023] MISSING_CENTRAL: TTZ2E1Mu/Central/bjets/3/energy in Skim_TriLep_MuonEG_C_v2.root
2026-01-28 17:10:06,488 - INFO - [2023] MISSING_CENTRAL: TTZ2E1Mu/Central/bjets/3/energy in Skim_TriLep_MuonEG_C_v3.root
2026-01-28 17:10:06,488 - INFO - [2023] MISSING_CENTRAL: TTZ2E1Mu/Central/bjets/3/energy in Skim_TriLep_MuonEG_C_v4.root
2026-01-28 17:10:06,489 - INFO - [2023] MISSING_CENTRAL: TTZ2E1Mu/Central/bjets/3/energy in Skim_TriLep_DYJets.root
2026-01-28 17:10:06,490 - INFO - [2023] MISSING_CENTRAL: TTZ2E1Mu/Central/bjets/3/energy in Skim_TriLep_DYJets10to50.root
2026-01-28 17:10:06,491 - INFO - [2023] MISSING_CENTRAL: TTZ2E1Mu/Central/bjets/3/energy in Skim_TriLep_TTG_PTG10to100.root
2026-01-28 17:10:06,491 - INFO - [2023] MISSING_CENTRAL: TTZ2E1Mu/Central/bjets/3/energy in Skim_TriLep_TTG_PTG100to200.root
2026-01-28 17:10:06,492 - INFO - [2023] MISSING_CENTRAL: TTZ2E1Mu/Central/bjets/3/energy in Skim_TriLep_TTG_PTG200toInf.root
2026-01-28 17:10:06,493 - INFO - [2023] MISSING_CENTRAL: TTZ2E1Mu/Central/bjets/3/energy in Skim_TriLep_TTWToLNu.root
2026-01-28 17:10:06,493 - INFO - [2023] MISSING_CENTRAL: TTZ2E1Mu/Central/bjets/3/energy in Skim_TriLep_TTZ_M4to50.root
2026-01-28 17:10:06,568 - INFO - [2023] MISSING_CENTRAL: TTZ2E1Mu/Central/bjets/3/energy in Skim_TriLep_WZTo3LNu_powheg.root
2026-01-28 17:10:06,569 - INFO - [2023] MISSING_CENTRAL: TTZ2E1Mu/Central/bjets/3/energy in Skim_TriLep_ZZTo4L_powheg.root
2026-01-28 17:10:06,569 - INFO - [2023] MISSING_CENTRAL: TTZ2E1Mu/Central/bjets/3/energy in Skim_TriLep_tHq.root
2026-01-28 17:10:06,570 - INFO - [2023] MISSING_CENTRAL: TTZ2E1Mu/Central/bjets/3/energy in Skim_TriLep_WWW.root
2026-01-28 17:10:06,570 - INFO - [2023] MISSING_CENTRAL: TTZ2E1Mu/Central/bjets/3/energy in Skim_TriLep_WWZ.root
2026-01-28 17:10:06,571 - INFO - [2023] MISSING_CENTRAL: TTZ2E1Mu/Central/bjets/3/energy in Skim_TriLep_WZZ.root
2026-01-28 17:10:06,618 - INFO - [2023] MISSING_CENTRAL: TTZ2E1Mu/Central/bjets/3/energy in Skim_TriLep_VBFHToZZTo4L.root
2026-01-28 17:10:06,619 - INFO - [2023] MISSING_CENTRAL: TTZ2E1Mu/Central/bjets/3/energy in Skim_TriLep_ggHToZZTo4L.root
2026-01-28 17:10:06,619 - INFO - [2023BPix] MISSING_CENTRAL: TTZ2E1Mu/Central/bjets/3/energy in Skim_TriLep_MuonEG_D_v1.root
2026-01-28 17:10:06,620 - INFO - [2023BPix] MISSING_CENTRAL: TTZ2E1Mu/Central/bjets/3/energy in Skim_TriLep_MuonEG_D_v2.root
2026-01-28 17:10:06,621 - INFO - [2023BPix] MISSING_CENTRAL: TTZ2E1Mu/Central/bjets/3/energy in Skim_TriLep_DYJets.root
2026-01-28 17:10:06,621 - INFO - [2023BPix] MISSING_CENTRAL: TTZ2E1Mu/Central/bjets/3/energy in Skim_TriLep_DYJets10to50.root
2026-01-28 17:10:06,622 - INFO - [2023BPix] MISSING_CENTRAL: TTZ2E1Mu/Central/bjets/3/energy in Skim_TriLep_TTG_PTG10to100.root
2026-01-28 17:10:06,622 - INFO - [2023BPix] MISSING_CENTRAL: TTZ2E1Mu/Central/bjets/3/energy in Skim_TriLep_TTG_PTG100to200.root
2026-01-28 17:10:06,623 - INFO - [2023BPix] MISSING_CENTRAL: TTZ2E1Mu/Central/bjets/3/energy in Skim_TriLep_TTG_PTG200toInf.root
2026-01-28 17:10:06,648 - INFO - [2023BPix] MISSING_CENTRAL: TTZ2E1Mu/Central/bjets/3/energy in Skim_TriLep_TTZ_M4to50.root
2026-01-28 17:10:06,721 - INFO - [2023BPix] MISSING_CENTRAL: TTZ2E1Mu/Central/bjets/3/energy in Skim_TriLep_WZTo3LNu_powheg.root
2026-01-28 17:10:06,722 - INFO - [2023BPix] MISSING_CENTRAL: TTZ2E1Mu/Central/bjets/3/energy in Skim_TriLep_ZZTo4L_powheg.root
2026-01-28 17:10:06,723 - INFO - [2023BPix] MISSING_CENTRAL: TTZ2E1Mu/Central/bjets/3/energy in Skim_TriLep_tHq.root
2026-01-28 17:10:06,723 - INFO - [2023BPix] MISSING_CENTRAL: TTZ2E1Mu/Central/bjets/3/energy in Skim_TriLep_WWW.root
2026-01-28 17:10:06,724 - INFO - [2023BPix] MISSING_CENTRAL: TTZ2E1Mu/Central/bjets/3/energy in Skim_TriLep_WWZ.root
2026-01-28 17:10:06,725 - INFO - [2023BPix] MISSING_CENTRAL: TTZ2E1Mu/Central/bjets/3/energy in Skim_TriLep_WZZ.root
2026-01-28 17:10:06,772 - INFO - [2023BPix] MISSING_CENTRAL: TTZ2E1Mu/Central/bjets/3/energy in Skim_TriLep_VBFHToZZTo4L.root
2026-01-28 17:10:06,773 - INFO - [2023BPix] MISSING_CENTRAL: TTZ2E1Mu/Central/bjets/3/energy in Skim_TriLep_ggHToZZTo4L.root
2026-01-28 17:30:34,303 - INFO - [2022] MISSING_CENTRAL: TTZ2E1Mu/Central/bjets/3/energy in Skim_TriLep_MuonEG_D.root
2026-01-28 17:30:34,323 - INFO - [2022EE] MISSING_CENTRAL: TTZ2E1Mu/Central/bjets/3/energy in Skim_TriLep_MuonEG_E.root
2026-01-28 17:30:34,324 - INFO - [2022EE] MISSING_CENTRAL: TTZ2E1Mu/Central/bjets/3/energy in Skim_TriLep_MuonEG_F.root
2026-01-28 17:30:34,325 - INFO - [2022EE] MISSING_CENTRAL: TTZ2E1Mu/Central/bjets/3/energy in Skim_TriLep_MuonEG_G.root
2026-01-28 17:30:34,326 - INFO - [2023] MISSING_CENTRAL: TTZ2E1Mu/Central/bjets/3/energy in Skim_TriLep_MuonEG_C_v1.root
2026-01-28 17:30:34,326 - INFO - [2023] MISSING_CENTRAL: TTZ2E1Mu/Central/bjets/3/energy in Skim_TriLep_MuonEG_C_v2.root
2026-01-28 17:30:34,327 - INFO - [2023] MISSING_CENTRAL: TTZ2E1Mu/Central/bjets/3/energy in Skim_TriLep_MuonEG_C_v3.root
2026-01-28 17:30:34,327 - INFO - [2023] MISSING_CENTRAL: TTZ2E1Mu/Central/bjets/3/energy in Skim_TriLep_MuonEG_C_v4.root
2026-01-28 17:30:34,329 - INFO - [2023BPix] MISSING_CENTRAL: TTZ2E1Mu/Central/bjets/3/energy in Skim_TriLep_MuonEG_D_v2.root
2026-01-28 17:30:34,352 - INFO - [2022] MISSING_CENTRAL: TTZ2E1Mu/Central/bjets/3/energy in Skim_TriLep_MuonEG_D.root
2026-01-28 17:30:34,352 - INFO - [2022] MISSING_CENTRAL: TTZ2E1Mu/Central/bjets/3/energy in Skim_TriLep_DYJets.root
2026-01-28 17:30:34,353 - INFO - [2022] MISSING_CENTRAL: TTZ2E1Mu/Central/bjets/3/energy in Skim_TriLep_DYJets10to50.root
2026-01-28 17:30:34,353 - INFO - [2022] MISSING_CENTRAL: TTZ2E1Mu/Central/bjets/3/energy in Skim_TriLep_TTG_PTG10to100.root
2026-01-28 17:30:34,354 - INFO - [2022] MISSING_CENTRAL: TTZ2E1Mu/Central/bjets/3/energy in Skim_TriLep_TTG_PTG100to200.root
2026-01-28 17:30:34,355 - INFO - [2022] MISSING_CENTRAL: TTZ2E1Mu/Central/bjets/3/energy in Skim_TriLep_TTG_PTG200toInf.root
2026-01-28 17:30:34,356 - INFO - [2022] MISSING_CENTRAL: TTZ2E1Mu/Central/bjets/3/energy in Skim_TriLep_TTWToLNu.root
2026-01-28 17:30:34,357 - INFO - [2022] MISSING_CENTRAL: TTZ2E1Mu/Central/bjets/3/energy in Skim_TriLep_TTZ_M4to50.root
2026-01-28 17:30:34,434 - INFO - [2022] MISSING_CENTRAL: TTZ2E1Mu/Central/bjets/3/energy in Skim_TriLep_WZTo3LNu_powheg.root
2026-01-28 17:30:34,435 - INFO - [2022] MISSING_CENTRAL: TTZ2E1Mu/Central/bjets/3/energy in Skim_TriLep_ZZTo4L_powheg.root
2026-01-28 17:30:34,458 - INFO - [2022] MISSING_CENTRAL: TTZ2E1Mu/Central/bjets/3/energy in Skim_TriLep_WWW.root
2026-01-28 17:30:34,459 - INFO - [2022] MISSING_CENTRAL: TTZ2E1Mu/Central/bjets/3/energy in Skim_TriLep_WWZ.root
2026-01-28 17:30:34,481 - INFO - [2022] MISSING_CENTRAL: TTZ2E1Mu/Central/bjets/3/energy in Skim_TriLep_ZZZ.root
2026-01-28 17:30:34,505 - INFO - [2022] MISSING_CENTRAL: TTZ2E1Mu/Central/bjets/3/energy in Skim_TriLep_VBFHToZZTo4L.root
2026-01-28 17:30:34,505 - INFO - [2022] MISSING_CENTRAL: TTZ2E1Mu/Central/bjets/3/energy in Skim_TriLep_ggHToZZTo4L.root
2026-01-28 17:30:34,506 - INFO - [2022EE] MISSING_CENTRAL: TTZ2E1Mu/Central/bjets/3/energy in Skim_TriLep_MuonEG_E.root
2026-01-28 17:30:34,508 - INFO - [2022EE] MISSING_CENTRAL: TTZ2E1Mu/Central/bjets/3/energy in Skim_TriLep_MuonEG_G.root
2026-01-28 17:30:34,508 - INFO - [2022EE] MISSING_CENTRAL: TTZ2E1Mu/Central/bjets/3/energy in Skim_TriLep_DYJets.root
2026-01-28 17:30:34,509 - INFO - [2022EE] MISSING_CENTRAL: TTZ2E1Mu/Central/bjets/3/energy in Skim_TriLep_DYJets10to50.root
2026-01-28 17:30:34,532 - INFO - [2022EE] MISSING_CENTRAL: TTZ2E1Mu/Central/bjets/3/energy in Skim_TriLep_TTG_PTG100to200.root
2026-01-28 17:30:34,532 - INFO - [2022EE] MISSING_CENTRAL: TTZ2E1Mu/Central/bjets/3/energy in Skim_TriLep_TTG_PTG200toInf.root
2026-01-28 17:30:34,536 - INFO - [2022EE] MISSING_SYSTEMATIC: TTZ2E1Mu/ElectronRes_Up/bjets/3/energy in Skim_TriLep_TTWToLNu.root
2026-01-28 17:30:34,536 - INFO - [2022EE] MISSING_SYSTEMATIC: TTZ2E1Mu/ElectronRes_Down/bjets/3/energy in Skim_TriLep_TTWToLNu.root
2026-01-28 17:30:34,639 - INFO - [2022EE] MISSING_CENTRAL: TTZ2E1Mu/Central/bjets/3/energy in Skim_TriLep_WZTo3LNu_powheg.root
2026-01-28 17:30:34,640 - INFO - [2022EE] MISSING_CENTRAL: TTZ2E1Mu/Central/bjets/3/energy in Skim_TriLep_ZZTo4L_powheg.root
2026-01-28 17:30:34,640 - INFO - [2022EE] MISSING_CENTRAL: TTZ2E1Mu/Central/bjets/3/energy in Skim_TriLep_tHq.root
2026-01-28 17:30:34,641 - INFO - [2022EE] MISSING_CENTRAL: TTZ2E1Mu/Central/bjets/3/energy in Skim_TriLep_WWW.root
2026-01-28 17:30:34,641 - INFO - [2022EE] MISSING_CENTRAL: TTZ2E1Mu/Central/bjets/3/energy in Skim_TriLep_WWZ.root
2026-01-28 17:30:34,662 - INFO - [2022EE] MISSING_CENTRAL: TTZ2E1Mu/Central/bjets/3/energy in Skim_TriLep_ZZZ.root
2026-01-28 17:30:34,681 - INFO - [2022EE] MISSING_CENTRAL: TTZ2E1Mu/Central/bjets/3/energy in Skim_TriLep_VBFHToZZTo4L.root
2026-01-28 17:30:34,682 - INFO - [2022EE] MISSING_CENTRAL: TTZ2E1Mu/Central/bjets/3/energy in Skim_TriLep_ggHToZZTo4L.root
2026-01-28 17:30:34,682 - INFO - [2023] MISSING_CENTRAL: TTZ2E1Mu/Central/bjets/3/energy in Skim_TriLep_MuonEG_C_v1.root
2026-01-28 17:30:34,683 - INFO - [2023] MISSING_CENTRAL: TTZ2E1Mu/Central/bjets/3/energy in Skim_TriLep_MuonEG_C_v2.root
2026-01-28 17:30:34,683 - INFO - [2023] MISSING_CENTRAL: TTZ2E1Mu/Central/bjets/3/energy in Skim_TriLep_MuonEG_C_v3.root
2026-01-28 17:30:34,683 - INFO - [2023] MISSING_CENTRAL: TTZ2E1Mu/Central/bjets/3/energy in Skim_TriLep_MuonEG_C_v4.root
2026-01-28 17:30:34,684 - INFO - [2023] MISSING_CENTRAL: TTZ2E1Mu/Central/bjets/3/energy in Skim_TriLep_DYJets.root
2026-01-28 17:30:34,684 - INFO - [2023] MISSING_CENTRAL: TTZ2E1Mu/Central/bjets/3/energy in Skim_TriLep_DYJets10to50.root
2026-01-28 17:30:34,685 - INFO - [2023] MISSING_CENTRAL: TTZ2E1Mu/Central/bjets/3/energy in Skim_TriLep_TTG_PTG10to100.root
2026-01-28 17:30:34,685 - INFO - [2023] MISSING_CENTRAL: TTZ2E1Mu/Central/bjets/3/energy in Skim_TriLep_TTG_PTG100to200.root
2026-01-28 17:30:34,686 - INFO - [2023] MISSING_CENTRAL: TTZ2E1Mu/Central/bjets/3/energy in Skim_TriLep_TTG_PTG200toInf.root
2026-01-28 17:30:34,687 - INFO - [2023] MISSING_CENTRAL: TTZ2E1Mu/Central/bjets/3/energy in Skim_TriLep_TTWToLNu.root
2026-01-28 17:30:34,687 - INFO - [2023] MISSING_CENTRAL: TTZ2E1Mu/Central/bjets/3/energy in Skim_TriLep_TTZ_M4to50.root
2026-01-28 17:30:34,752 - INFO - [2023] MISSING_CENTRAL: TTZ2E1Mu/Central/bjets/3/energy in Skim_TriLep_WZTo3LNu_powheg.root
2026-01-28 17:30:34,752 - INFO - [2023] MISSING_CENTRAL: TTZ2E1Mu/Central/bjets/3/energy in Skim_TriLep_ZZTo4L_powheg.root
2026-01-28 17:30:34,753 - INFO - [2023] MISSING_CENTRAL: TTZ2E1Mu/Central/bjets/3/energy in Skim_TriLep_tHq.root
2026-01-28 17:30:34,754 - INFO - [2023] MISSING_CENTRAL: TTZ2E1Mu/Central/bjets/3/energy in Skim_TriLep_WWW.root
2026-01-28 17:30:34,754 - INFO - [2023] MISSING_CENTRAL: TTZ2E1Mu/Central/bjets/3/energy in Skim_TriLep_WWZ.root
2026-01-28 17:30:34,755 - INFO - [2023] MISSING_CENTRAL: TTZ2E1Mu/Central/bjets/3/energy in Skim_TriLep_WZZ.root
2026-01-28 17:30:34,790 - INFO - [2023] MISSING_CENTRAL: TTZ2E1Mu/Central/bjets/3/energy in Skim_TriLep_VBFHToZZTo4L.root
2026-01-28 17:30:34,790 - INFO - [2023] MISSING_CENTRAL: TTZ2E1Mu/Central/bjets/3/energy in Skim_TriLep_ggHToZZTo4L.root
2026-01-28 17:30:34,791 - INFO - [2023BPix] MISSING_CENTRAL: TTZ2E1Mu/Central/bjets/3/energy in Skim_TriLep_MuonEG_D_v1.root
2026-01-28 17:30:34,791 - INFO - [2023BPix] MISSING_CENTRAL: TTZ2E1Mu/Central/bjets/3/energy in Skim_TriLep_MuonEG_D_v2.root
2026-01-28 17:30:34,792 - INFO - [2023BPix] MISSING_CENTRAL: TTZ2E1Mu/Central/bjets/3/energy in Skim_TriLep_DYJets.root
2026-01-28 17:30:34,793 - INFO - [2023BPix] MISSING_CENTRAL: TTZ2E1Mu/Central/bjets/3/energy in Skim_TriLep_DYJets10to50.root
2026-01-28 17:30:34,793 - INFO - [2023BPix] MISSING_CENTRAL: TTZ2E1Mu/Central/bjets/3/energy in Skim_TriLep_TTG_PTG10to100.root
2026-01-28 17:30:34,794 - INFO - [2023BPix] MISSING_CENTRAL: TTZ2E1Mu/Central/bjets/3/energy in Skim_TriLep_TTG_PTG100to200.root
2026-01-28 17:30:34,795 - INFO - [2023BPix] MISSING_CENTRAL: TTZ2E1Mu/Central/bjets/3/energy in Skim_TriLep_TTG_PTG200toInf.root
2026-01-28 17:30:34,817 - INFO - [2023BPix] MISSING_CENTRAL: TTZ2E1Mu/Central/bjets/3/energy in Skim_TriLep_TTZ_M4to50.root
2026-01-28 17:30:34,880 - INFO - [2023BPix] MISSING_CENTRAL: TTZ2E1Mu/Central/bjets/3/energy in Skim_TriLep_WZTo3LNu_powheg.root
2026-01-28 17:30:34,881 - INFO - [2023BPix] MISSING_CENTRAL: TTZ2E1Mu/Central/bjets/3/energy in Skim_TriLep_ZZTo4L_powheg.root
2026-01-28 17:30:34,882 - INFO - [2023BPix] MISSING_CENTRAL: TTZ2E1Mu/Central/bjets/3/energy in Skim_TriLep_tHq.root
2026-01-28 17:30:34,882 - INFO - [2023BPix] MISSING_CENTRAL: TTZ2E1Mu/Central/bjets/3/energy in Skim_TriLep_WWW.root
2026-01-28 17:30:34,883 - INFO - [2023BPix] MISSING_CENTRAL: TTZ2E1Mu/Central/bjets/3/energy in Skim_TriLep_WWZ.root
2026-01-28 17:30:34,884 - INFO - [2023BPix] MISSING_CENTRAL: TTZ2E1Mu/Central/bjets/3/energy in Skim_TriLep_WZZ.root
2026-01-28 17:30:34,933 - INFO - [2023BPix] MISSING_CENTRAL: TTZ2E1Mu/Central/bjets/3/energy in Skim_TriLep_VBFHToZZTo4L.root
2026-01-28 17:30:34,934 - INFO - [2023BPix] MISSING_CENTRAL: TTZ2E1Mu/Central/bjets/3/energy in Skim_TriLep_ggHToZZTo4L.root
2026-01-28 20:04:30,259 - INFO - [2022] MISSING_CENTRAL: TTZ2E1Mu/Central/bjets/3/energy in Skim_TriLep_MuonEG_D.root
2026-01-28 20:04:30,280 - INFO - [2022EE] MISSING_CENTRAL: TTZ2E1Mu/Central/bjets/3/energy in Skim_TriLep_MuonEG_E.root
2026-01-28 20:04:30,280 - INFO - [2022EE] MISSING_CENTRAL: TTZ2E1Mu/Central/bjets/3/energy in Skim_TriLep_MuonEG_F.root
2026-01-28 20:04:30,281 - INFO - [2022EE] MISSING_CENTRAL: TTZ2E1Mu/Central/bjets/3/energy in Skim_TriLep_MuonEG_G.root
2026-01-28 20:04:30,281 - INFO - [2023] MISSING_CENTRAL: TTZ2E1Mu/Central/bjets/3/energy in Skim_TriLep_MuonEG_C_v1.root
2026-01-28 20:04:30,282 - INFO - [2023] MISSING_CENTRAL: TTZ2E1Mu/Central/bjets/3/energy in Skim_TriLep_MuonEG_C_v2.root
2026-01-28 20:04:30,282 - INFO - [2023] MISSING_CENTRAL: TTZ2E1Mu/Central/bjets/3/energy in Skim_TriLep_MuonEG_C_v3.root
2026-01-28 20:04:30,283 - INFO - [2023] MISSING_CENTRAL: TTZ2E1Mu/Central/bjets/3/energy in Skim_TriLep_MuonEG_C_v4.root
2026-01-28 20:04:30,284 - INFO - [2023BPix] MISSING_CENTRAL: TTZ2E1Mu/Central/bjets/3/energy in Skim_TriLep_MuonEG_D_v2.root
2026-01-28 20:04:30,306 - INFO - [2022] MISSING_CENTRAL: TTZ2E1Mu/Central/bjets/3/energy in Skim_TriLep_MuonEG_D.root
2026-01-28 20:04:30,307 - INFO - [2022] MISSING_CENTRAL: TTZ2E1Mu/Central/bjets/3/energy in Skim_TriLep_DYJets.root
2026-01-28 20:04:30,308 - INFO - [2022] MISSING_CENTRAL: TTZ2E1Mu/Central/bjets/3/energy in Skim_TriLep_DYJets10to50.root
2026-01-28 20:04:30,308 - INFO - [2022] MISSING_CENTRAL: TTZ2E1Mu/Central/bjets/3/energy in Skim_TriLep_TTG_PTG10to100.root
2026-01-28 20:04:30,309 - INFO - [2022] MISSING_CENTRAL: TTZ2E1Mu/Central/bjets/3/energy in Skim_TriLep_TTG_PTG100to200.root
2026-01-28 20:04:30,310 - INFO - [2022] MISSING_CENTRAL: TTZ2E1Mu/Central/bjets/3/energy in Skim_TriLep_TTG_PTG200toInf.root
2026-01-28 20:04:30,312 - INFO - [2022] MISSING_CENTRAL: TTZ2E1Mu/Central/bjets/3/energy in Skim_TriLep_TTWToLNu.root
2026-01-28 20:04:30,312 - INFO - [2022] MISSING_CENTRAL: TTZ2E1Mu/Central/bjets/3/energy in Skim_TriLep_TTZ_M4to50.root
2026-01-28 20:04:30,386 - INFO - [2022] MISSING_CENTRAL: TTZ2E1Mu/Central/bjets/3/energy in Skim_TriLep_WZTo3LNu_powheg.root
2026-01-28 20:04:30,387 - INFO - [2022] MISSING_CENTRAL: TTZ2E1Mu/Central/bjets/3/energy in Skim_TriLep_ZZTo4L_powheg.root
2026-01-28 20:04:30,408 - INFO - [2022] MISSING_CENTRAL: TTZ2E1Mu/Central/bjets/3/energy in Skim_TriLep_WWW.root
2026-01-28 20:04:30,409 - INFO - [2022] MISSING_CENTRAL: TTZ2E1Mu/Central/bjets/3/energy in Skim_TriLep_WWZ.root
2026-01-28 20:04:30,430 - INFO - [2022] MISSING_CENTRAL: TTZ2E1Mu/Central/bjets/3/energy in Skim_TriLep_ZZZ.root
2026-01-28 20:04:30,453 - INFO - [2022] MISSING_CENTRAL: TTZ2E1Mu/Central/bjets/3/energy in Skim_TriLep_VBFHToZZTo4L.root
2026-01-28 20:04:30,453 - INFO - [2022] MISSING_CENTRAL: TTZ2E1Mu/Central/bjets/3/energy in Skim_TriLep_ggHToZZTo4L.root
2026-01-28 20:04:30,454 - INFO - [2022EE] MISSING_CENTRAL: TTZ2E1Mu/Central/bjets/3/energy in Skim_TriLep_MuonEG_E.root
2026-01-28 20:04:30,455 - INFO - [2022EE] MISSING_CENTRAL: TTZ2E1Mu/Central/bjets/3/energy in Skim_TriLep_MuonEG_G.root
2026-01-28 20:04:30,456 - INFO - [2022EE] MISSING_CENTRAL: TTZ2E1Mu/Central/bjets/3/energy in Skim_TriLep_DYJets.root
2026-01-28 20:04:30,456 - INFO - [2022EE] MISSING_CENTRAL: TTZ2E1Mu/Central/bjets/3/energy in Skim_TriLep_DYJets10to50.root
2026-01-28 20:04:30,479 - INFO - [2022EE] MISSING_CENTRAL: TTZ2E1Mu/Central/bjets/3/energy in Skim_TriLep_TTG_PTG100to200.root
2026-01-28 20:04:30,480 - INFO - [2022EE] MISSING_CENTRAL: TTZ2E1Mu/Central/bjets/3/energy in Skim_TriLep_TTG_PTG200toInf.root
2026-01-28 20:04:30,484 - INFO - [2022EE] MISSING_SYSTEMATIC: TTZ2E1Mu/ElectronRes_Up/bjets/3/energy in Skim_TriLep_TTWToLNu.root
2026-01-28 20:04:30,484 - INFO - [2022EE] MISSING_SYSTEMATIC: TTZ2E1Mu/ElectronRes_Down/bjets/3/energy in Skim_TriLep_TTWToLNu.root
2026-01-28 20:04:30,594 - INFO - [2022EE] MISSING_CENTRAL: TTZ2E1Mu/Central/bjets/3/energy in Skim_TriLep_WZTo3LNu_powheg.root
2026-01-28 20:04:30,595 - INFO - [2022EE] MISSING_CENTRAL: TTZ2E1Mu/Central/bjets/3/energy in Skim_TriLep_ZZTo4L_powheg.root
2026-01-28 20:04:30,595 - INFO - [2022EE] MISSING_CENTRAL: TTZ2E1Mu/Central/bjets/3/energy in Skim_TriLep_tHq.root
2026-01-28 20:04:30,596 - INFO - [2022EE] MISSING_CENTRAL: TTZ2E1Mu/Central/bjets/3/energy in Skim_TriLep_WWW.root
2026-01-28 20:04:30,597 - INFO - [2022EE] MISSING_CENTRAL: TTZ2E1Mu/Central/bjets/3/energy in Skim_TriLep_WWZ.root
2026-01-28 20:04:30,620 - INFO - [2022EE] MISSING_CENTRAL: TTZ2E1Mu/Central/bjets/3/energy in Skim_TriLep_ZZZ.root
2026-01-28 20:04:30,642 - INFO - [2022EE] MISSING_CENTRAL: TTZ2E1Mu/Central/bjets/3/energy in Skim_TriLep_VBFHToZZTo4L.root
2026-01-28 20:04:30,643 - INFO - [2022EE] MISSING_CENTRAL: TTZ2E1Mu/Central/bjets/3/energy in Skim_TriLep_ggHToZZTo4L.root
2026-01-28 20:04:30,643 - INFO - [2023] MISSING_CENTRAL: TTZ2E1Mu/Central/bjets/3/energy in Skim_TriLep_MuonEG_C_v1.root
2026-01-28 20:04:30,644 - INFO - [2023] MISSING_CENTRAL: TTZ2E1Mu/Central/bjets/3/energy in Skim_TriLep_MuonEG_C_v2.root
2026-01-28 20:04:30,644 - INFO - [2023] MISSING_CENTRAL: TTZ2E1Mu/Central/bjets/3/energy in Skim_TriLep_MuonEG_C_v3.root
2026-01-28 20:04:30,645 - INFO - [2023] MISSING_CENTRAL: TTZ2E1Mu/Central/bjets/3/energy in Skim_TriLep_MuonEG_C_v4.root
2026-01-28 20:04:30,646 - INFO - [2023] MISSING_CENTRAL: TTZ2E1Mu/Central/bjets/3/energy in Skim_TriLep_DYJets.root
2026-01-28 20:04:30,646 - INFO - [2023] MISSING_CENTRAL: TTZ2E1Mu/Central/bjets/3/energy in Skim_TriLep_DYJets10to50.root
2026-01-28 20:04:30,647 - INFO - [2023] MISSING_CENTRAL: TTZ2E1Mu/Central/bjets/3/energy in Skim_TriLep_TTG_PTG10to100.root
2026-01-28 20:04:30,647 - INFO - [2023] MISSING_CENTRAL: TTZ2E1Mu/Central/bjets/3/energy in Skim_TriLep_TTG_PTG100to200.root
2026-01-28 20:04:30,648 - INFO - [2023] MISSING_CENTRAL: TTZ2E1Mu/Central/bjets/3/energy in Skim_TriLep_TTG_PTG200toInf.root
2026-01-28 20:04:30,649 - INFO - [2023] MISSING_CENTRAL: TTZ2E1Mu/Central/bjets/3/energy in Skim_TriLep_TTWToLNu.root
2026-01-28 20:04:30,649 - INFO - [2023] MISSING_CENTRAL: TTZ2E1Mu/Central/bjets/3/energy in Skim_TriLep_TTZ_M4to50.root
2026-01-28 20:04:30,718 - INFO - [2023] MISSING_CENTRAL: TTZ2E1Mu/Central/bjets/3/energy in Skim_TriLep_WZTo3LNu_powheg.root
2026-01-28 20:04:30,719 - INFO - [2023] MISSING_CENTRAL: TTZ2E1Mu/Central/bjets/3/energy in Skim_TriLep_ZZTo4L_powheg.root
2026-01-28 20:04:30,719 - INFO - [2023] MISSING_CENTRAL: TTZ2E1Mu/Central/bjets/3/energy in Skim_TriLep_tHq.root
2026-01-28 20:04:30,720 - INFO - [2023] MISSING_CENTRAL: TTZ2E1Mu/Central/bjets/3/energy in Skim_TriLep_WWW.root
2026-01-28 20:04:30,720 - INFO - [2023] MISSING_CENTRAL: TTZ2E1Mu/Central/bjets/3/energy in Skim_TriLep_WWZ.root
2026-01-28 20:04:30,721 - INFO - [2023] MISSING_CENTRAL: TTZ2E1Mu/Central/bjets/3/energy in Skim_TriLep_WZZ.root
2026-01-28 20:04:30,768 - INFO - [2023] MISSING_CENTRAL: TTZ2E1Mu/Central/bjets/3/energy in Skim_TriLep_VBFHToZZTo4L.root
2026-01-28 20:04:30,768 - INFO - [2023] MISSING_CENTRAL: TTZ2E1Mu/Central/bjets/3/energy in Skim_TriLep_ggHToZZTo4L.root
2026-01-28 20:04:30,769 - INFO - [2023BPix] MISSING_CENTRAL: TTZ2E1Mu/Central/bjets/3/energy in Skim_TriLep_MuonEG_D_v1.root
2026-01-28 20:04:30,770 - INFO - [2023BPix] MISSING_CENTRAL: TTZ2E1Mu/Central/bjets/3/energy in Skim_TriLep_MuonEG_D_v2.root
2026-01-28 20:04:30,770 - INFO - [2023BPix] MISSING_CENTRAL: TTZ2E1Mu/Central/bjets/3/energy in Skim_TriLep_DYJets.root
2026-01-28 20:04:30,771 - INFO - [2023BPix] MISSING_CENTRAL: TTZ2E1Mu/Central/bjets/3/energy in Skim_TriLep_DYJets10to50.root
2026-01-28 20:04:30,771 - INFO - [2023BPix] MISSING_CENTRAL: TTZ2E1Mu/Central/bjets/3/energy in Skim_TriLep_TTG_PTG10to100.root
2026-01-28 20:04:30,772 - INFO - [2023BPix] MISSING_CENTRAL: TTZ2E1Mu/Central/bjets/3/energy in Skim_TriLep_TTG_PTG100to200.root
2026-01-28 20:04:30,773 - INFO - [2023BPix] MISSING_CENTRAL: TTZ2E1Mu/Central/bjets/3/energy in Skim_TriLep_TTG_PTG200toInf.root
2026-01-28 20:04:30,797 - INFO - [2023BPix] MISSING_CENTRAL: TTZ2E1Mu/Central/bjets/3/energy in Skim_TriLep_TTZ_M4to50.root
2026-01-28 20:04:30,886 - INFO - [2023BPix] MISSING_CENTRAL: TTZ2E1Mu/Central/bjets/3/energy in Skim_TriLep_WZTo3LNu_powheg.root
2026-01-28 20:04:30,887 - INFO - [2023BPix] MISSING_CENTRAL: TTZ2E1Mu/Central/bjets/3/energy in Skim_TriLep_ZZTo4L_powheg.root
2026-01-28 20:04:30,888 - INFO - [2023BPix] MISSING_CENTRAL: TTZ2E1Mu/Central/bjets/3/energy in Skim_TriLep_tHq.root
2026-01-28 20:04:30,889 - INFO - [2023BPix] MISSING_CENTRAL: TTZ2E1Mu/Central/bjets/3/energy in Skim_TriLep_WWW.root
2026-01-28 20:04:30,889 - INFO - [2023BPix] MISSING_CENTRAL: TTZ2E1Mu/Central/bjets/3/energy in Skim_TriLep_WWZ.root
2026-01-28 20:04:30,890 - INFO - [2023BPix] MISSING_CENTRAL: TTZ2E1Mu/Central/bjets/3/energy in Skim_TriLep_WZZ.root
2026-01-28 20:04:30,937 - INFO - [2023BPix] MISSING_CENTRAL: TTZ2E1Mu/Central/bjets/3/energy in Skim_TriLep_VBFHToZZTo4L.root
2026-01-28 20:04:30,937 - INFO - [2023BPix] MISSING_CENTRAL: TTZ2E1Mu/Central/bjets/3/energy in Skim_TriLep_ggHToZZTo4L.root
2026-01-29 07:20:46,071 - INFO - [2022] MISSING_CENTRAL: TTZ2E1Mu/Central/bjets/3/energy in Skim_TriLep_MuonEG_D.root
2026-01-29 07:20:46,091 - INFO - [2022EE] MISSING_CENTRAL: TTZ2E1Mu/Central/bjets/3/energy in Skim_TriLep_MuonEG_E.root
2026-01-29 07:20:46,091 - INFO - [2022EE] MISSING_CENTRAL: TTZ2E1Mu/Central/bjets/3/energy in Skim_TriLep_MuonEG_F.root
2026-01-29 07:20:46,092 - INFO - [2022EE] MISSING_CENTRAL: TTZ2E1Mu/Central/bjets/3/energy in Skim_TriLep_MuonEG_G.root
2026-01-29 07:20:46,092 - INFO - [2023] MISSING_CENTRAL: TTZ2E1Mu/Central/bjets/3/energy in Skim_TriLep_MuonEG_C_v1.root
2026-01-29 07:20:46,093 - INFO - [2023] MISSING_CENTRAL: TTZ2E1Mu/Central/bjets/3/energy in Skim_TriLep_MuonEG_C_v2.root
2026-01-29 07:20:46,093 - INFO - [2023] MISSING_CENTRAL: TTZ2E1Mu/Central/bjets/3/energy in Skim_TriLep_MuonEG_C_v3.root
2026-01-29 07:20:46,094 - INFO - [2023] MISSING_CENTRAL: TTZ2E1Mu/Central/bjets/3/energy in Skim_TriLep_MuonEG_C_v4.root
2026-01-29 07:20:46,095 - INFO - [2023BPix] MISSING_CENTRAL: TTZ2E1Mu/Central/bjets/3/energy in Skim_TriLep_MuonEG_D_v2.root
2026-01-29 07:20:46,116 - INFO - [2022] MISSING_CENTRAL: TTZ2E1Mu/Central/bjets/3/energy in Skim_TriLep_MuonEG_D.root
2026-01-29 07:20:46,116 - INFO - [2022] MISSING_CENTRAL: TTZ2E1Mu/Central/bjets/3/energy in Skim_TriLep_DYJets.root
2026-01-29 07:20:46,117 - INFO - [2022] MISSING_CENTRAL: TTZ2E1Mu/Central/bjets/3/energy in Skim_TriLep_DYJets10to50.root
2026-01-29 07:20:46,118 - INFO - [2022] MISSING_CENTRAL: TTZ2E1Mu/Central/bjets/3/energy in Skim_TriLep_TTG_PTG10to100.root
2026-01-29 07:20:46,118 - INFO - [2022] MISSING_CENTRAL: TTZ2E1Mu/Central/bjets/3/energy in Skim_TriLep_TTG_PTG100to200.root
2026-01-29 07:20:46,119 - INFO - [2022] MISSING_CENTRAL: TTZ2E1Mu/Central/bjets/3/energy in Skim_TriLep_TTG_PTG200toInf.root
2026-01-29 07:20:46,120 - INFO - [2022] MISSING_CENTRAL: TTZ2E1Mu/Central/bjets/3/energy in Skim_TriLep_TTWToLNu.root
2026-01-29 07:20:46,121 - INFO - [2022] MISSING_CENTRAL: TTZ2E1Mu/Central/bjets/3/energy in Skim_TriLep_TTZ_M4to50.root
2026-01-29 07:20:46,175 - INFO - [2022] MISSING_CENTRAL: TTZ2E1Mu/Central/bjets/3/energy in Skim_TriLep_WZTo3LNu_powheg.root
2026-01-29 07:20:46,176 - INFO - [2022] MISSING_CENTRAL: TTZ2E1Mu/Central/bjets/3/energy in Skim_TriLep_ZZTo4L_powheg.root
2026-01-29 07:20:46,192 - INFO - [2022] MISSING_CENTRAL: TTZ2E1Mu/Central/bjets/3/energy in Skim_TriLep_WWW.root
2026-01-29 07:20:46,193 - INFO - [2022] MISSING_CENTRAL: TTZ2E1Mu/Central/bjets/3/energy in Skim_TriLep_WWZ.root
2026-01-29 07:20:46,208 - INFO - [2022] MISSING_CENTRAL: TTZ2E1Mu/Central/bjets/3/energy in Skim_TriLep_ZZZ.root
2026-01-29 07:20:46,225 - INFO - [2022] MISSING_CENTRAL: TTZ2E1Mu/Central/bjets/3/energy in Skim_TriLep_VBFHToZZTo4L.root
2026-01-29 07:20:46,226 - INFO - [2022] MISSING_CENTRAL: TTZ2E1Mu/Central/bjets/3/energy in Skim_TriLep_ggHToZZTo4L.root
2026-01-29 07:20:46,226 - INFO - [2022EE] MISSING_CENTRAL: TTZ2E1Mu/Central/bjets/3/energy in Skim_TriLep_MuonEG_E.root
2026-01-29 07:20:46,227 - INFO - [2022EE] MISSING_CENTRAL: TTZ2E1Mu/Central/bjets/3/energy in Skim_TriLep_MuonEG_G.root
2026-01-29 07:20:46,228 - INFO - [2022EE] MISSING_CENTRAL: TTZ2E1Mu/Central/bjets/3/energy in Skim_TriLep_DYJets.root
2026-01-29 07:20:46,228 - INFO - [2022EE] MISSING_CENTRAL: TTZ2E1Mu/Central/bjets/3/energy in Skim_TriLep_DYJets10to50.root
2026-01-29 07:20:46,244 - INFO - [2022EE] MISSING_CENTRAL: TTZ2E1Mu/Central/bjets/3/energy in Skim_TriLep_TTG_PTG100to200.root
2026-01-29 07:20:46,245 - INFO - [2022EE] MISSING_CENTRAL: TTZ2E1Mu/Central/bjets/3/energy in Skim_TriLep_TTG_PTG200toInf.root
2026-01-29 07:20:46,249 - INFO - [2022EE] MISSING_SYSTEMATIC: TTZ2E1Mu/ElectronRes_Up/bjets/3/energy in Skim_TriLep_TTWToLNu.root
2026-01-29 07:20:46,249 - INFO - [2022EE] MISSING_SYSTEMATIC: TTZ2E1Mu/ElectronRes_Down/bjets/3/energy in Skim_TriLep_TTWToLNu.root
2026-01-29 07:20:46,325 - INFO - [2022EE] MISSING_CENTRAL: TTZ2E1Mu/Central/bjets/3/energy in Skim_TriLep_WZTo3LNu_powheg.root
2026-01-29 07:20:46,326 - INFO - [2022EE] MISSING_CENTRAL: TTZ2E1Mu/Central/bjets/3/energy in Skim_TriLep_ZZTo4L_powheg.root
2026-01-29 07:20:46,327 - INFO - [2022EE] MISSING_CENTRAL: TTZ2E1Mu/Central/bjets/3/energy in Skim_TriLep_tHq.root
2026-01-29 07:20:46,327 - INFO - [2022EE] MISSING_CENTRAL: TTZ2E1Mu/Central/bjets/3/energy in Skim_TriLep_WWW.root
2026-01-29 07:20:46,328 - INFO - [2022EE] MISSING_CENTRAL: TTZ2E1Mu/Central/bjets/3/energy in Skim_TriLep_WWZ.root
2026-01-29 07:20:46,344 - INFO - [2022EE] MISSING_CENTRAL: TTZ2E1Mu/Central/bjets/3/energy in Skim_TriLep_ZZZ.root
2026-01-29 07:20:46,362 - INFO - [2022EE] MISSING_CENTRAL: TTZ2E1Mu/Central/bjets/3/energy in Skim_TriLep_VBFHToZZTo4L.root
2026-01-29 07:20:46,362 - INFO - [2022EE] MISSING_CENTRAL: TTZ2E1Mu/Central/bjets/3/energy in Skim_TriLep_ggHToZZTo4L.root
2026-01-29 07:20:46,363 - INFO - [2023] MISSING_CENTRAL: TTZ2E1Mu/Central/bjets/3/energy in Skim_TriLep_MuonEG_C_v1.root
2026-01-29 07:20:46,363 - INFO - [2023] MISSING_CENTRAL: TTZ2E1Mu/Central/bjets/3/energy in Skim_TriLep_MuonEG_C_v2.root
2026-01-29 07:20:46,364 - INFO - [2023] MISSING_CENTRAL: TTZ2E1Mu/Central/bjets/3/energy in Skim_TriLep_MuonEG_C_v3.root
2026-01-29 07:20:46,364 - INFO - [2023] MISSING_CENTRAL: TTZ2E1Mu/Central/bjets/3/energy in Skim_TriLep_MuonEG_C_v4.root
2026-01-29 07:20:46,365 - INFO - [2023] MISSING_CENTRAL: TTZ2E1Mu/Central/bjets/3/energy in Skim_TriLep_DYJets.root
2026-01-29 07:20:46,366 - INFO - [2023] MISSING_CENTRAL: TTZ2E1Mu/Central/bjets/3/energy in Skim_TriLep_DYJets10to50.root
2026-01-29 07:20:46,366 - INFO - [2023] MISSING_CENTRAL: TTZ2E1Mu/Central/bjets/3/energy in Skim_TriLep_TTG_PTG10to100.root
2026-01-29 07:20:46,367 - INFO - [2023] MISSING_CENTRAL: TTZ2E1Mu/Central/bjets/3/energy in Skim_TriLep_TTG_PTG100to200.root
2026-01-29 07:20:46,367 - INFO - [2023] MISSING_CENTRAL: TTZ2E1Mu/Central/bjets/3/energy in Skim_TriLep_TTG_PTG200toInf.root
2026-01-29 07:20:46,368 - INFO - [2023] MISSING_CENTRAL: TTZ2E1Mu/Central/bjets/3/energy in Skim_TriLep_TTWToLNu.root
2026-01-29 07:20:46,369 - INFO - [2023] MISSING_CENTRAL: TTZ2E1Mu/Central/bjets/3/energy in Skim_TriLep_TTZ_M4to50.root
2026-01-29 07:20:46,418 - INFO - [2023] MISSING_CENTRAL: TTZ2E1Mu/Central/bjets/3/energy in Skim_TriLep_WZTo3LNu_powheg.root
2026-01-29 07:20:46,418 - INFO - [2023] MISSING_CENTRAL: TTZ2E1Mu/Central/bjets/3/energy in Skim_TriLep_ZZTo4L_powheg.root
2026-01-29 07:20:46,419 - INFO - [2023] MISSING_CENTRAL: TTZ2E1Mu/Central/bjets/3/energy in Skim_TriLep_tHq.root
2026-01-29 07:20:46,419 - INFO - [2023] MISSING_CENTRAL: TTZ2E1Mu/Central/bjets/3/energy in Skim_TriLep_WWW.root
2026-01-29 07:20:46,420 - INFO - [2023] MISSING_CENTRAL: TTZ2E1Mu/Central/bjets/3/energy in Skim_TriLep_WWZ.root
2026-01-29 07:20:46,421 - INFO - [2023] MISSING_CENTRAL: TTZ2E1Mu/Central/bjets/3/energy in Skim_TriLep_WZZ.root
2026-01-29 07:20:46,453 - INFO - [2023] MISSING_CENTRAL: TTZ2E1Mu/Central/bjets/3/energy in Skim_TriLep_VBFHToZZTo4L.root
2026-01-29 07:20:46,453 - INFO - [2023] MISSING_CENTRAL: TTZ2E1Mu/Central/bjets/3/energy in Skim_TriLep_ggHToZZTo4L.root
2026-01-29 07:20:46,454 - INFO - [2023BPix] MISSING_CENTRAL: TTZ2E1Mu/Central/bjets/3/energy in Skim_TriLep_MuonEG_D_v1.root
2026-01-29 07:20:46,454 - INFO - [2023BPix] MISSING_CENTRAL: TTZ2E1Mu/Central/bjets/3/energy in Skim_TriLep_MuonEG_D_v2.root
2026-01-29 07:20:46,455 - INFO - [2023BPix] MISSING_CENTRAL: TTZ2E1Mu/Central/bjets/3/energy in Skim_TriLep_DYJets.root
2026-01-29 07:20:46,456 - INFO - [2023BPix] MISSING_CENTRAL: TTZ2E1Mu/Central/bjets/3/energy in Skim_TriLep_DYJets10to50.root
2026-01-29 07:20:46,456 - INFO - [2023BPix] MISSING_CENTRAL: TTZ2E1Mu/Central/bjets/3/energy in Skim_TriLep_TTG_PTG10to100.root
2026-01-29 07:20:46,457 - INFO - [2023BPix] MISSING_CENTRAL: TTZ2E1Mu/Central/bjets/3/energy in Skim_TriLep_TTG_PTG100to200.root
2026-01-29 07:20:46,457 - INFO - [2023BPix] MISSING_CENTRAL: TTZ2E1Mu/Central/bjets/3/energy in Skim_TriLep_TTG_PTG200toInf.root
2026-01-29 07:20:46,474 - INFO - [2023BPix] MISSING_CENTRAL: TTZ2E1Mu/Central/bjets/3/energy in Skim_TriLep_TTZ_M4to50.root
2026-01-29 07:20:46,524 - INFO - [2023BPix] MISSING_CENTRAL: TTZ2E1Mu/Central/bjets/3/energy in Skim_TriLep_WZTo3LNu_powheg.root
2026-01-29 07:20:46,525 - INFO - [2023BPix] MISSING_CENTRAL: TTZ2E1Mu/Central/bjets/3/energy in Skim_TriLep_ZZTo4L_powheg.root
2026-01-29 07:20:46,525 - INFO - [2023BPix] MISSING_CENTRAL: TTZ2E1Mu/Central/bjets/3/energy in Skim_TriLep_tHq.root
2026-01-29 07:20:46,526 - INFO - [2023BPix] MISSING_CENTRAL: TTZ2E1Mu/Central/bjets/3/energy in Skim_TriLep_WWW.root
2026-01-29 07:20:46,527 - INFO - [2023BPix] MISSING_CENTRAL: TTZ2E1Mu/Central/bjets/3/energy in Skim_TriLep_WWZ.root
2026-01-29 07:20:46,527 - INFO - [2023BPix] MISSING_CENTRAL: TTZ2E1Mu/Central/bjets/3/energy in Skim_TriLep_WZZ.root
2026-01-29 07:20:46,560 - INFO - [2023BPix] MISSING_CENTRAL: TTZ2E1Mu/Central/bjets/3/energy in Skim_TriLep_VBFHToZZTo4L.root
2026-01-29 07:20:46,560 - INFO - [2023BPix] MISSING_CENTRAL: TTZ2E1Mu/Central/bjets/3/energy in Skim_TriLep_ggHToZZTo4L.root
2026-03-06 09:45:39,230 - INFO - [2022] MISSING_CENTRAL: TTZ2E1Mu/Central/bjets/3/energy in Skim_TriLep_MuonEG_D.root
2026-03-06 09:45:39,253 - INFO - [2022EE] MISSING_CENTRAL: TTZ2E1Mu/Central/bjets/3/energy in Skim_TriLep_MuonEG_E.root
2026-03-06 09:45:39,253 - INFO - [2022EE] MISSING_CENTRAL: TTZ2E1Mu/Central/bjets/3/energy in Skim_TriLep_MuonEG_F.root
2026-03-06 09:45:39,254 - INFO - [2022EE] MISSING_CENTRAL: TTZ2E1Mu/Central/bjets/3/energy in Skim_TriLep_MuonEG_G.root
2026-03-06 09:45:39,254 - INFO - [2023] MISSING_CENTRAL: TTZ2E1Mu/Central/bjets/3/energy in Skim_TriLep_MuonEG_C_v1.root
2026-03-06 09:45:39,255 - INFO - [2023] MISSING_CENTRAL: TTZ2E1Mu/Central/bjets/3/energy in Skim_TriLep_MuonEG_C_v2.root
2026-03-06 09:45:39,255 - INFO - [2023] MISSING_CENTRAL: TTZ2E1Mu/Central/bjets/3/energy in Skim_TriLep_MuonEG_C_v3.root
2026-03-06 09:45:39,256 - INFO - [2023] MISSING_CENTRAL: TTZ2E1Mu/Central/bjets/3/energy in Skim_TriLep_MuonEG_C_v4.root
2026-03-06 09:45:39,257 - INFO - [2023BPix] MISSING_CENTRAL: TTZ2E1Mu/Central/bjets/3/energy in Skim_TriLep_MuonEG_D_v2.root
2026-03-06 09:45:39,279 - INFO - [2022] MISSING_CENTRAL: TTZ2E1Mu/Central/bjets/3/energy in Skim_TriLep_MuonEG_D.root
2026-03-06 09:45:39,280 - INFO - [2022] MISSING_CENTRAL: TTZ2E1Mu/Central/bjets/3/energy in Skim_TriLep_DYJets.root
2026-03-06 09:45:39,280 - INFO - [2022] MISSING_CENTRAL: TTZ2E1Mu/Central/bjets/3/energy in Skim_TriLep_DYJets10to50.root
2026-03-06 09:45:39,281 - INFO - [2022] MISSING_CENTRAL: TTZ2E1Mu/Central/bjets/3/energy in Skim_TriLep_TTG_PTG10to100.root
2026-03-06 09:45:39,281 - INFO - [2022] MISSING_CENTRAL: TTZ2E1Mu/Central/bjets/3/energy in Skim_TriLep_TTG_PTG100to200.root
2026-03-06 09:45:39,282 - INFO - [2022] MISSING_CENTRAL: TTZ2E1Mu/Central/bjets/3/energy in Skim_TriLep_TTG_PTG200toInf.root
2026-03-06 09:45:39,284 - INFO - [2022] MISSING_CENTRAL: TTZ2E1Mu/Central/bjets/3/energy in Skim_TriLep_TTWToLNu.root
2026-03-06 09:45:39,284 - INFO - [2022] MISSING_CENTRAL: TTZ2E1Mu/Central/bjets/3/energy in Skim_TriLep_TTZ_M4to50.root
2026-03-06 09:45:39,338 - INFO - [2022] MISSING_CENTRAL: TTZ2E1Mu/Central/bjets/3/energy in Skim_TriLep_WZTo3LNu_powheg.root
2026-03-06 09:45:39,338 - INFO - [2022] MISSING_CENTRAL: TTZ2E1Mu/Central/bjets/3/energy in Skim_TriLep_ZZTo4L_powheg.root
2026-03-06 09:45:39,353 - INFO - [2022] MISSING_CENTRAL: TTZ2E1Mu/Central/bjets/3/energy in Skim_TriLep_WWW.root
2026-03-06 09:45:39,354 - INFO - [2022] MISSING_CENTRAL: TTZ2E1Mu/Central/bjets/3/energy in Skim_TriLep_WWZ.root
2026-03-06 09:45:39,355 - INFO - [2022] MISSING_CENTRAL: TTZ2E1Mu/Central/bjets/3/energy in Skim_TriLep_WZZ.root
2026-03-06 09:45:39,355 - INFO - [2022] MISSING_CENTRAL: TTZ2E1Mu/Central/bjets/3/energy in Skim_TriLep_ZZZ.root
2026-03-06 09:45:39,371 - INFO - [2022] MISSING_CENTRAL: TTZ2E1Mu/Central/bjets/3/energy in Skim_TriLep_VBFHToZZTo4L.root
2026-03-06 09:45:39,372 - INFO - [2022] MISSING_CENTRAL: TTZ2E1Mu/Central/bjets/3/energy in Skim_TriLep_ggHToZZTo4L.root
2026-03-06 09:45:39,372 - INFO - [2022EE] MISSING_CENTRAL: TTZ2E1Mu/Central/bjets/3/energy in Skim_TriLep_MuonEG_E.root
2026-03-06 09:45:39,374 - INFO - [2022EE] MISSING_CENTRAL: TTZ2E1Mu/Central/bjets/3/energy in Skim_TriLep_MuonEG_G.root
2026-03-06 09:45:39,374 - INFO - [2022EE] MISSING_CENTRAL: TTZ2E1Mu/Central/bjets/3/energy in Skim_TriLep_DYJets.root
2026-03-06 09:45:39,375 - INFO - [2022EE] MISSING_CENTRAL: TTZ2E1Mu/Central/bjets/3/energy in Skim_TriLep_DYJets10to50.root
2026-03-06 09:45:39,390 - INFO - [2022EE] MISSING_CENTRAL: TTZ2E1Mu/Central/bjets/3/energy in Skim_TriLep_TTG_PTG100to200.root
2026-03-06 09:45:39,390 - INFO - [2022EE] MISSING_CENTRAL: TTZ2E1Mu/Central/bjets/3/energy in Skim_TriLep_TTG_PTG200toInf.root
2026-03-06 09:45:39,394 - INFO - [2022EE] MISSING_SYSTEMATIC: TTZ2E1Mu/ElectronRes_Up/bjets/3/energy in Skim_TriLep_TTWToLNu.root
2026-03-06 09:45:39,394 - INFO - [2022EE] MISSING_SYSTEMATIC: TTZ2E1Mu/ElectronRes_Down/bjets/3/energy in Skim_TriLep_TTWToLNu.root
2026-03-06 09:45:39,467 - INFO - [2022EE] MISSING_CENTRAL: TTZ2E1Mu/Central/bjets/3/energy in Skim_TriLep_WZTo3LNu_powheg.root
2026-03-06 09:45:39,468 - INFO - [2022EE] MISSING_CENTRAL: TTZ2E1Mu/Central/bjets/3/energy in Skim_TriLep_ZZTo4L_powheg.root
2026-03-06 09:45:39,468 - INFO - [2022EE] MISSING_CENTRAL: TTZ2E1Mu/Central/bjets/3/energy in Skim_TriLep_tHq.root
2026-03-06 09:45:39,469 - INFO - [2022EE] MISSING_CENTRAL: TTZ2E1Mu/Central/bjets/3/energy in Skim_TriLep_WWW.root
2026-03-06 09:45:39,469 - INFO - [2022EE] MISSING_CENTRAL: TTZ2E1Mu/Central/bjets/3/energy in Skim_TriLep_WWZ.root
2026-03-06 09:45:39,484 - INFO - [2022EE] MISSING_CENTRAL: TTZ2E1Mu/Central/bjets/3/energy in Skim_TriLep_ZZZ.root
2026-03-06 09:45:39,501 - INFO - [2022EE] MISSING_CENTRAL: TTZ2E1Mu/Central/bjets/3/energy in Skim_TriLep_VBFHToZZTo4L.root
2026-03-06 09:45:39,501 - INFO - [2022EE] MISSING_CENTRAL: TTZ2E1Mu/Central/bjets/3/energy in Skim_TriLep_ggHToZZTo4L.root
2026-03-06 09:45:39,502 - INFO - [2023] MISSING_CENTRAL: TTZ2E1Mu/Central/bjets/3/energy in Skim_TriLep_MuonEG_C_v1.root
2026-03-06 09:45:39,502 - INFO - [2023] MISSING_CENTRAL: TTZ2E1Mu/Central/bjets/3/energy in Skim_TriLep_MuonEG_C_v2.root
2026-03-06 09:45:39,503 - INFO - [2023] MISSING_CENTRAL: TTZ2E1Mu/Central/bjets/3/energy in Skim_TriLep_MuonEG_C_v3.root
2026-03-06 09:45:39,503 - INFO - [2023] MISSING_CENTRAL: TTZ2E1Mu/Central/bjets/3/energy in Skim_TriLep_MuonEG_C_v4.root
2026-03-06 09:45:39,504 - INFO - [2023] MISSING_CENTRAL: TTZ2E1Mu/Central/bjets/3/energy in Skim_TriLep_DYJets.root
2026-03-06 09:45:39,505 - INFO - [2023] MISSING_CENTRAL: TTZ2E1Mu/Central/bjets/3/energy in Skim_TriLep_DYJets10to50.root
2026-03-06 09:45:39,505 - INFO - [2023] MISSING_CENTRAL: TTZ2E1Mu/Central/bjets/3/energy in Skim_TriLep_TTG_PTG10to100.root
2026-03-06 09:45:39,506 - INFO - [2023] MISSING_CENTRAL: TTZ2E1Mu/Central/bjets/3/energy in Skim_TriLep_TTG_PTG100to200.root
2026-03-06 09:45:39,506 - INFO - [2023] MISSING_CENTRAL: TTZ2E1Mu/Central/bjets/3/energy in Skim_TriLep_TTG_PTG200toInf.root
2026-03-06 09:45:39,507 - INFO - [2023] MISSING_CENTRAL: TTZ2E1Mu/Central/bjets/3/energy in Skim_TriLep_TTWToLNu.root
2026-03-06 09:45:39,508 - INFO - [2023] MISSING_CENTRAL: TTZ2E1Mu/Central/bjets/3/energy in Skim_TriLep_TTZ_M4to50.root
2026-03-06 09:45:39,554 - INFO - [2023] MISSING_CENTRAL: TTZ2E1Mu/Central/bjets/3/energy in Skim_TriLep_WZTo3LNu_powheg.root
2026-03-06 09:45:39,555 - INFO - [2023] MISSING_CENTRAL: TTZ2E1Mu/Central/bjets/3/energy in Skim_TriLep_ZZTo4L_powheg.root
2026-03-06 09:45:39,556 - INFO - [2023] MISSING_CENTRAL: TTZ2E1Mu/Central/bjets/3/energy in Skim_TriLep_tHq.root
2026-03-06 09:45:39,556 - INFO - [2023] MISSING_CENTRAL: TTZ2E1Mu/Central/bjets/3/energy in Skim_TriLep_WWW.root
2026-03-06 09:45:39,557 - INFO - [2023] MISSING_CENTRAL: TTZ2E1Mu/Central/bjets/3/energy in Skim_TriLep_WWZ.root
2026-03-06 09:45:39,557 - INFO - [2023] MISSING_CENTRAL: TTZ2E1Mu/Central/bjets/3/energy in Skim_TriLep_WZZ.root
2026-03-06 09:45:39,588 - INFO - [2023] MISSING_CENTRAL: TTZ2E1Mu/Central/bjets/3/energy in Skim_TriLep_VBFHToZZTo4L.root
2026-03-06 09:45:39,589 - INFO - [2023] MISSING_CENTRAL: TTZ2E1Mu/Central/bjets/3/energy in Skim_TriLep_ggHToZZTo4L.root
2026-03-06 09:45:39,589 - INFO - [2023BPix] MISSING_CENTRAL: TTZ2E1Mu/Central/bjets/3/energy in Skim_TriLep_MuonEG_D_v1.root
2026-03-06 09:45:39,590 - INFO - [2023BPix] MISSING_CENTRAL: TTZ2E1Mu/Central/bjets/3/energy in Skim_TriLep_MuonEG_D_v2.root
2026-03-06 09:45:39,590 - INFO - [2023BPix] MISSING_CENTRAL: TTZ2E1Mu/Central/bjets/3/energy in Skim_TriLep_DYJets.root
2026-03-06 09:45:39,591 - INFO - [2023BPix] MISSING_CENTRAL: TTZ2E1Mu/Central/bjets/3/energy in Skim_TriLep_DYJets10to50.root
2026-03-06 09:45:39,591 - INFO - [2023BPix] MISSING_CENTRAL: TTZ2E1Mu/Central/bjets/3/energy in Skim_TriLep_TTG_PTG10to100.root
2026-03-06 09:45:39,592 - INFO - [2023BPix] MISSING_CENTRAL: TTZ2E1Mu/Central/bjets/3/energy in Skim_TriLep_TTG_PTG100to200.root
2026-03-06 09:45:39,593 - INFO - [2023BPix] MISSING_CENTRAL: TTZ2E1Mu/Central/bjets/3/energy in Skim_TriLep_TTG_PTG200toInf.root
2026-03-06 09:45:39,608 - INFO - [2023BPix] MISSING_CENTRAL: TTZ2E1Mu/Central/bjets/3/energy in Skim_TriLep_TTZ_M4to50.root
2026-03-06 09:45:39,655 - INFO - [2023BPix] MISSING_CENTRAL: TTZ2E1Mu/Central/bjets/3/energy in Skim_TriLep_WZTo3LNu_powheg.root
2026-03-06 09:45:39,656 - INFO - [2023BPix] MISSING_CENTRAL: TTZ2E1Mu/Central/bjets/3/energy in Skim_TriLep_ZZTo4L_powheg.root
2026-03-06 09:45:39,657 - INFO - [2023BPix] MISSING_CENTRAL: TTZ2E1Mu/Central/bjets/3/energy in Skim_TriLep_tHq.root
2026-03-06 09:45:39,657 - INFO - [2023BPix] MISSING_CENTRAL: TTZ2E1Mu/Central/bjets/3/energy in Skim_TriLep_WWW.root
2026-03-06 09:45:39,658 - INFO - [2023BPix] MISSING_CENTRAL: TTZ2E1Mu/Central/bjets/3/energy in Skim_TriLep_WWZ.root
2026-03-06 09:45:39,659 - INFO - [2023BPix] MISSING_CENTRAL: TTZ2E1Mu/Central/bjets/3/energy in Skim_TriLep_WZZ.root
2026-03-06 09:45:39,690 - INFO - [2023BPix] MISSING_CENTRAL: TTZ2E1Mu/Central/bjets/3/energy in Skim_TriLep_VBFHToZZTo4L.root
2026-03-06 09:45:39,691 - INFO - [2023BPix] MISSING_CENTRAL: TTZ2E1Mu/Central/bjets/3/energy in Skim_TriLep_ggHToZZTo4L.root
2026-03-06 19:51:24,984 - INFO - [2022] MISSING_CENTRAL: TTZ2E1Mu/Central/bjets/3/energy in Skim_TriLep_MuonEG_D.root
2026-03-06 19:51:24,999 - INFO - [2022EE] MISSING_CENTRAL: TTZ2E1Mu/Central/bjets/3/energy in Skim_TriLep_MuonEG_E.root
2026-03-06 19:51:24,999 - INFO - [2022EE] MISSING_CENTRAL: TTZ2E1Mu/Central/bjets/3/energy in Skim_TriLep_MuonEG_F.root
2026-03-06 19:51:25,000 - INFO - [2022EE] MISSING_CENTRAL: TTZ2E1Mu/Central/bjets/3/energy in Skim_TriLep_MuonEG_G.root
2026-03-06 19:51:25,000 - INFO - [2023] MISSING_CENTRAL: TTZ2E1Mu/Central/bjets/3/energy in Skim_TriLep_MuonEG_C_v1.root
2026-03-06 19:51:25,000 - INFO - [2023] MISSING_CENTRAL: TTZ2E1Mu/Central/bjets/3/energy in Skim_TriLep_MuonEG_C_v2.root
2026-03-06 19:51:25,001 - INFO - [2023] MISSING_CENTRAL: TTZ2E1Mu/Central/bjets/3/energy in Skim_TriLep_MuonEG_C_v3.root
2026-03-06 19:51:25,001 - INFO - [2023] MISSING_CENTRAL: TTZ2E1Mu/Central/bjets/3/energy in Skim_TriLep_MuonEG_C_v4.root
2026-03-06 19:51:25,002 - INFO - [2023BPix] MISSING_CENTRAL: TTZ2E1Mu/Central/bjets/3/energy in Skim_TriLep_MuonEG_D_v2.root
2026-03-06 19:51:25,019 - INFO - [2022] MISSING_CENTRAL: TTZ2E1Mu/Central/bjets/3/energy in Skim_TriLep_MuonEG_D.root
2026-03-06 19:51:25,019 - INFO - [2022] MISSING_CENTRAL: TTZ2E1Mu/Central/bjets/3/energy in Skim_TriLep_DYJets.root
2026-03-06 19:51:25,020 - INFO - [2022] MISSING_CENTRAL: TTZ2E1Mu/Central/bjets/3/energy in Skim_TriLep_DYJets10to50.root
2026-03-06 19:51:25,020 - INFO - [2022] MISSING_CENTRAL: TTZ2E1Mu/Central/bjets/3/energy in Skim_TriLep_TTG_PTG10to100.root
2026-03-06 19:51:25,020 - INFO - [2022] MISSING_CENTRAL: TTZ2E1Mu/Central/bjets/3/energy in Skim_TriLep_TTG_PTG100to200.root
2026-03-06 19:51:25,021 - INFO - [2022] MISSING_CENTRAL: TTZ2E1Mu/Central/bjets/3/energy in Skim_TriLep_TTG_PTG200toInf.root
2026-03-06 19:51:25,022 - INFO - [2022] MISSING_CENTRAL: TTZ2E1Mu/Central/bjets/3/energy in Skim_TriLep_TTWToLNu.root
2026-03-06 19:51:25,022 - INFO - [2022] MISSING_CENTRAL: TTZ2E1Mu/Central/bjets/3/energy in Skim_TriLep_TTZ_M4to50.root
2026-03-06 19:51:25,058 - INFO - [2022] MISSING_CENTRAL: TTZ2E1Mu/Central/bjets/3/energy in Skim_TriLep_WZTo3LNu_powheg.root
2026-03-06 19:51:25,058 - INFO - [2022] MISSING_CENTRAL: TTZ2E1Mu/Central/bjets/3/energy in Skim_TriLep_ZZTo4L_powheg.root
2026-03-06 19:51:25,071 - INFO - [2022] MISSING_CENTRAL: TTZ2E1Mu/Central/bjets/3/energy in Skim_TriLep_WWW.root
2026-03-06 19:51:25,072 - INFO - [2022] MISSING_CENTRAL: TTZ2E1Mu/Central/bjets/3/energy in Skim_TriLep_WWZ.root
2026-03-06 19:51:25,072 - INFO - [2022] MISSING_CENTRAL: TTZ2E1Mu/Central/bjets/3/energy in Skim_TriLep_WZZ.root
2026-03-06 19:51:25,073 - INFO - [2022] MISSING_CENTRAL: TTZ2E1Mu/Central/bjets/3/energy in Skim_TriLep_ZZZ.root
2026-03-06 19:51:25,089 - INFO - [2022] MISSING_CENTRAL: TTZ2E1Mu/Central/bjets/3/energy in Skim_TriLep_VBFHToZZTo4L.root
2026-03-06 19:51:25,090 - INFO - [2022] MISSING_CENTRAL: TTZ2E1Mu/Central/bjets/3/energy in Skim_TriLep_ggHToZZTo4L.root
2026-03-06 19:51:25,090 - INFO - [2022EE] MISSING_CENTRAL: TTZ2E1Mu/Central/bjets/3/energy in Skim_TriLep_MuonEG_E.root
2026-03-06 19:51:25,092 - INFO - [2022EE] MISSING_CENTRAL: TTZ2E1Mu/Central/bjets/3/energy in Skim_TriLep_MuonEG_G.root
2026-03-06 19:51:25,092 - INFO - [2022EE] MISSING_CENTRAL: TTZ2E1Mu/Central/bjets/3/energy in Skim_TriLep_DYJets.root
2026-03-06 19:51:25,093 - INFO - [2022EE] MISSING_CENTRAL: TTZ2E1Mu/Central/bjets/3/energy in Skim_TriLep_DYJets10to50.root
2026-03-06 19:51:25,108 - INFO - [2022EE] MISSING_CENTRAL: TTZ2E1Mu/Central/bjets/3/energy in Skim_TriLep_TTG_PTG100to200.root
2026-03-06 19:51:25,109 - INFO - [2022EE] MISSING_CENTRAL: TTZ2E1Mu/Central/bjets/3/energy in Skim_TriLep_TTG_PTG200toInf.root
2026-03-06 19:51:25,113 - INFO - [2022EE] MISSING_SYSTEMATIC: TTZ2E1Mu/ElectronRes_Up/bjets/3/energy in Skim_TriLep_TTWToLNu.root
2026-03-06 19:51:25,113 - INFO - [2022EE] MISSING_SYSTEMATIC: TTZ2E1Mu/ElectronRes_Down/bjets/3/energy in Skim_TriLep_TTWToLNu.root
2026-03-06 19:51:25,187 - INFO - [2022EE] MISSING_CENTRAL: TTZ2E1Mu/Central/bjets/3/energy in Skim_TriLep_WZTo3LNu_powheg.root
2026-03-06 19:51:25,187 - INFO - [2022EE] MISSING_CENTRAL: TTZ2E1Mu/Central/bjets/3/energy in Skim_TriLep_ZZTo4L_powheg.root
2026-03-06 19:51:25,188 - INFO - [2022EE] MISSING_CENTRAL: TTZ2E1Mu/Central/bjets/3/energy in Skim_TriLep_tHq.root
2026-03-06 19:51:25,188 - INFO - [2022EE] MISSING_CENTRAL: TTZ2E1Mu/Central/bjets/3/energy in Skim_TriLep_WWW.root
2026-03-06 19:51:25,189 - INFO - [2022EE] MISSING_CENTRAL: TTZ2E1Mu/Central/bjets/3/energy in Skim_TriLep_WWZ.root
2026-03-06 19:51:25,204 - INFO - [2022EE] MISSING_CENTRAL: TTZ2E1Mu/Central/bjets/3/energy in Skim_TriLep_ZZZ.root
2026-03-06 19:51:25,221 - INFO - [2022EE] MISSING_CENTRAL: TTZ2E1Mu/Central/bjets/3/energy in Skim_TriLep_VBFHToZZTo4L.root
2026-03-06 19:51:25,222 - INFO - [2022EE] MISSING_CENTRAL: TTZ2E1Mu/Central/bjets/3/energy in Skim_TriLep_ggHToZZTo4L.root
2026-03-06 19:51:25,223 - INFO - [2023] MISSING_CENTRAL: TTZ2E1Mu/Central/bjets/3/energy in Skim_TriLep_MuonEG_C_v1.root
2026-03-06 19:51:25,223 - INFO - [2023] MISSING_CENTRAL: TTZ2E1Mu/Central/bjets/3/energy in Skim_TriLep_MuonEG_C_v2.root
2026-03-06 19:51:25,224 - INFO - [2023] MISSING_CENTRAL: TTZ2E1Mu/Central/bjets/3/energy in Skim_TriLep_MuonEG_C_v3.root
2026-03-06 19:51:25,224 - INFO - [2023] MISSING_CENTRAL: TTZ2E1Mu/Central/bjets/3/energy in Skim_TriLep_MuonEG_C_v4.root
2026-03-06 19:51:25,225 - INFO - [2023] MISSING_CENTRAL: TTZ2E1Mu/Central/bjets/3/energy in Skim_TriLep_DYJets.root
2026-03-06 19:51:25,225 - INFO - [2023] MISSING_CENTRAL: TTZ2E1Mu/Central/bjets/3/energy in Skim_TriLep_DYJets10to50.root
2026-03-06 19:51:25,226 - INFO - [2023] MISSING_CENTRAL: TTZ2E1Mu/Central/bjets/3/energy in Skim_TriLep_TTG_PTG10to100.root
2026-03-06 19:51:25,227 - INFO - [2023] MISSING_CENTRAL: TTZ2E1Mu/Central/bjets/3/energy in Skim_TriLep_TTG_PTG100to200.root
2026-03-06 19:51:25,227 - INFO - [2023] MISSING_CENTRAL: TTZ2E1Mu/Central/bjets/3/energy in Skim_TriLep_TTG_PTG200toInf.root
2026-03-06 19:51:25,228 - INFO - [2023] MISSING_CENTRAL: TTZ2E1Mu/Central/bjets/3/energy in Skim_TriLep_TTWToLNu.root
2026-03-06 19:51:25,229 - INFO - [2023] MISSING_CENTRAL: TTZ2E1Mu/Central/bjets/3/energy in Skim_TriLep_TTZ_M4to50.root
2026-03-06 19:51:25,276 - INFO - [2023] MISSING_CENTRAL: TTZ2E1Mu/Central/bjets/3/energy in Skim_TriLep_WZTo3LNu_powheg.root
2026-03-06 19:51:25,276 - INFO - [2023] MISSING_CENTRAL: TTZ2E1Mu/Central/bjets/3/energy in Skim_TriLep_ZZTo4L_powheg.root
2026-03-06 19:51:25,277 - INFO - [2023] MISSING_CENTRAL: TTZ2E1Mu/Central/bjets/3/energy in Skim_TriLep_tHq.root
2026-03-06 19:51:25,277 - INFO - [2023] MISSING_CENTRAL: TTZ2E1Mu/Central/bjets/3/energy in Skim_TriLep_WWW.root
2026-03-06 19:51:25,278 - INFO - [2023] MISSING_CENTRAL: TTZ2E1Mu/Central/bjets/3/energy in Skim_TriLep_WWZ.root
2026-03-06 19:51:25,279 - INFO - [2023] MISSING_CENTRAL: TTZ2E1Mu/Central/bjets/3/energy in Skim_TriLep_WZZ.root
2026-03-06 19:51:25,310 - INFO - [2023] MISSING_CENTRAL: TTZ2E1Mu/Central/bjets/3/energy in Skim_TriLep_VBFHToZZTo4L.root
2026-03-06 19:51:25,310 - INFO - [2023] MISSING_CENTRAL: TTZ2E1Mu/Central/bjets/3/energy in Skim_TriLep_ggHToZZTo4L.root
2026-03-06 19:51:25,311 - INFO - [2023BPix] MISSING_CENTRAL: TTZ2E1Mu/Central/bjets/3/energy in Skim_TriLep_MuonEG_D_v1.root
2026-03-06 19:51:25,311 - INFO - [2023BPix] MISSING_CENTRAL: TTZ2E1Mu/Central/bjets/3/energy in Skim_TriLep_MuonEG_D_v2.root
2026-03-06 19:51:25,312 - INFO - [2023BPix] MISSING_CENTRAL: TTZ2E1Mu/Central/bjets/3/energy in Skim_TriLep_DYJets.root
2026-03-06 19:51:25,313 - INFO - [2023BPix] MISSING_CENTRAL: TTZ2E1Mu/Central/bjets/3/energy in Skim_TriLep_DYJets10to50.root
2026-03-06 19:51:25,313 - INFO - [2023BPix] MISSING_CENTRAL: TTZ2E1Mu/Central/bjets/3/energy in Skim_TriLep_TTG_PTG10to100.root
2026-03-06 19:51:25,314 - INFO - [2023BPix] MISSING_CENTRAL: TTZ2E1Mu/Central/bjets/3/energy in Skim_TriLep_TTG_PTG100to200.root
2026-03-06 19:51:25,315 - INFO - [2023BPix] MISSING_CENTRAL: TTZ2E1Mu/Central/bjets/3/energy in Skim_TriLep_TTG_PTG200toInf.root
2026-03-06 19:51:25,331 - INFO - [2023BPix] MISSING_CENTRAL: TTZ2E1Mu/Central/bjets/3/energy in Skim_TriLep_TTZ_M4to50.root
2026-03-06 19:51:25,379 - INFO - [2023BPix] MISSING_CENTRAL: TTZ2E1Mu/Central/bjets/3/energy in Skim_TriLep_WZTo3LNu_powheg.root
2026-03-06 19:51:25,380 - INFO - [2023BPix] MISSING_CENTRAL: TTZ2E1Mu/Central/bjets/3/energy in Skim_TriLep_ZZTo4L_powheg.root
2026-03-06 19:51:25,380 - INFO - [2023BPix] MISSING_CENTRAL: TTZ2E1Mu/Central/bjets/3/energy in Skim_TriLep_tHq.root
2026-03-06 19:51:25,381 - INFO - [2023BPix] MISSING_CENTRAL: TTZ2E1Mu/Central/bjets/3/energy in Skim_TriLep_WWW.root
2026-03-06 19:51:25,381 - INFO - [2023BPix] MISSING_CENTRAL: TTZ2E1Mu/Central/bjets/3/energy in Skim_TriLep_WWZ.root
2026-03-06 19:51:25,382 - INFO - [2023BPix] MISSING_CENTRAL: TTZ2E1Mu/Central/bjets/3/energy in Skim_TriLep_WZZ.root
2026-03-06 19:51:25,414 - INFO - [2023BPix] MISSING_CENTRAL: TTZ2E1Mu/Central/bjets/3/energy in Skim_TriLep_VBFHToZZTo4L.root
2026-03-06 19:51:25,415 - INFO - [2023BPix] MISSING_CENTRAL: TTZ2E1Mu/Central/bjets/3/energy in Skim_TriLep_ggHToZZTo4L.root
2026-04-10 20:26:18,193 - INFO - [2022] MISSING_CENTRAL: TTZ2E1Mu/Central/bjets/3/energy in Skim_TriLep_MuonEG_D.root
2026-04-10 20:26:18,213 - INFO - [2022EE] MISSING_CENTRAL: TTZ2E1Mu/Central/bjets/3/energy in Skim_TriLep_MuonEG_E.root
2026-04-10 20:26:18,214 - INFO - [2022EE] MISSING_CENTRAL: TTZ2E1Mu/Central/bjets/3/energy in Skim_TriLep_MuonEG_F.root
2026-04-10 20:26:18,214 - INFO - [2022EE] MISSING_CENTRAL: TTZ2E1Mu/Central/bjets/3/energy in Skim_TriLep_MuonEG_G.root
2026-04-10 20:26:18,215 - INFO - [2023] MISSING_CENTRAL: TTZ2E1Mu/Central/bjets/3/energy in Skim_TriLep_MuonEG_C_v1.root
2026-04-10 20:26:18,215 - INFO - [2023] MISSING_CENTRAL: TTZ2E1Mu/Central/bjets/3/energy in Skim_TriLep_MuonEG_C_v2.root
2026-04-10 20:26:18,215 - INFO - [2023] MISSING_CENTRAL: TTZ2E1Mu/Central/bjets/3/energy in Skim_TriLep_MuonEG_C_v3.root
2026-04-10 20:26:18,216 - INFO - [2023] MISSING_CENTRAL: TTZ2E1Mu/Central/bjets/3/energy in Skim_TriLep_MuonEG_C_v4.root
2026-04-10 20:26:18,217 - INFO - [2023BPix] MISSING_CENTRAL: TTZ2E1Mu/Central/bjets/3/energy in Skim_TriLep_MuonEG_D_v2.root
2026-04-10 20:26:18,239 - INFO - [2022] MISSING_CENTRAL: TTZ2E1Mu/Central/bjets/3/energy in Skim_TriLep_MuonEG_D.root
2026-04-10 20:26:18,240 - INFO - [2022] MISSING_CENTRAL: TTZ2E1Mu/Central/bjets/3/energy in Skim_TriLep_DYJets.root
2026-04-10 20:26:18,240 - INFO - [2022] MISSING_CENTRAL: TTZ2E1Mu/Central/bjets/3/energy in Skim_TriLep_DYJets10to50.root
2026-04-10 20:26:18,241 - INFO - [2022] MISSING_CENTRAL: TTZ2E1Mu/Central/bjets/3/energy in Skim_TriLep_TTG_PTG10to100.root
2026-04-10 20:26:18,242 - INFO - [2022] MISSING_CENTRAL: TTZ2E1Mu/Central/bjets/3/energy in Skim_TriLep_TTG_PTG100to200.root
2026-04-10 20:26:18,242 - INFO - [2022] MISSING_CENTRAL: TTZ2E1Mu/Central/bjets/3/energy in Skim_TriLep_TTG_PTG200toInf.root
2026-04-10 20:26:18,244 - INFO - [2022] MISSING_CENTRAL: TTZ2E1Mu/Central/bjets/3/energy in Skim_TriLep_TTWToLNu.root
2026-04-10 20:26:18,244 - INFO - [2022] MISSING_CENTRAL: TTZ2E1Mu/Central/bjets/3/energy in Skim_TriLep_TTZ_M4to50.root
2026-04-10 20:26:18,296 - INFO - [2022] MISSING_CENTRAL: TTZ2E1Mu/Central/bjets/3/energy in Skim_TriLep_WZTo3LNu_powheg.root
2026-04-10 20:26:18,297 - INFO - [2022] MISSING_CENTRAL: TTZ2E1Mu/Central/bjets/3/energy in Skim_TriLep_ZZTo4L_powheg.root
2026-04-10 20:26:18,312 - INFO - [2022] MISSING_CENTRAL: TTZ2E1Mu/Central/bjets/3/energy in Skim_TriLep_WWW.root
2026-04-10 20:26:18,313 - INFO - [2022] MISSING_CENTRAL: TTZ2E1Mu/Central/bjets/3/energy in Skim_TriLep_WWZ.root
2026-04-10 20:26:18,313 - INFO - [2022] MISSING_CENTRAL: TTZ2E1Mu/Central/bjets/3/energy in Skim_TriLep_WZZ.root
2026-04-10 20:26:18,314 - INFO - [2022] MISSING_CENTRAL: TTZ2E1Mu/Central/bjets/3/energy in Skim_TriLep_ZZZ.root
2026-04-10 20:26:18,329 - INFO - [2022] MISSING_CENTRAL: TTZ2E1Mu/Central/bjets/3/energy in Skim_TriLep_VBFHToZZTo4L.root
2026-04-10 20:26:18,330 - INFO - [2022] MISSING_CENTRAL: TTZ2E1Mu/Central/bjets/3/energy in Skim_TriLep_ggHToZZTo4L.root
2026-04-10 20:26:18,330 - INFO - [2022EE] MISSING_CENTRAL: TTZ2E1Mu/Central/bjets/3/energy in Skim_TriLep_MuonEG_E.root
2026-04-10 20:26:18,331 - INFO - [2022EE] MISSING_CENTRAL: TTZ2E1Mu/Central/bjets/3/energy in Skim_TriLep_MuonEG_G.root
2026-04-10 20:26:18,332 - INFO - [2022EE] MISSING_CENTRAL: TTZ2E1Mu/Central/bjets/3/energy in Skim_TriLep_DYJets.root
2026-04-10 20:26:18,332 - INFO - [2022EE] MISSING_CENTRAL: TTZ2E1Mu/Central/bjets/3/energy in Skim_TriLep_DYJets10to50.root
2026-04-10 20:26:18,347 - INFO - [2022EE] MISSING_CENTRAL: TTZ2E1Mu/Central/bjets/3/energy in Skim_TriLep_TTG_PTG100to200.root
2026-04-10 20:26:18,348 - INFO - [2022EE] MISSING_CENTRAL: TTZ2E1Mu/Central/bjets/3/energy in Skim_TriLep_TTG_PTG200toInf.root
2026-04-10 20:26:18,351 - INFO - [2022EE] MISSING_SYSTEMATIC: TTZ2E1Mu/ElectronRes_Up/bjets/3/energy in Skim_TriLep_TTWToLNu.root
2026-04-10 20:26:18,351 - INFO - [2022EE] MISSING_SYSTEMATIC: TTZ2E1Mu/ElectronRes_Down/bjets/3/energy in Skim_TriLep_TTWToLNu.root
2026-04-10 20:26:18,423 - INFO - [2022EE] MISSING_CENTRAL: TTZ2E1Mu/Central/bjets/3/energy in Skim_TriLep_WZTo3LNu_powheg.root
2026-04-10 20:26:18,424 - INFO - [2022EE] MISSING_CENTRAL: TTZ2E1Mu/Central/bjets/3/energy in Skim_TriLep_ZZTo4L_powheg.root
2026-04-10 20:26:18,424 - INFO - [2022EE] MISSING_CENTRAL: TTZ2E1Mu/Central/bjets/3/energy in Skim_TriLep_tHq.root
2026-04-10 20:26:18,424 - INFO - [2022EE] MISSING_CENTRAL: TTZ2E1Mu/Central/bjets/3/energy in Skim_TriLep_WWW.root
2026-04-10 20:26:18,425 - INFO - [2022EE] MISSING_CENTRAL: TTZ2E1Mu/Central/bjets/3/energy in Skim_TriLep_WWZ.root
2026-04-10 20:26:18,440 - INFO - [2022EE] MISSING_CENTRAL: TTZ2E1Mu/Central/bjets/3/energy in Skim_TriLep_ZZZ.root
2026-04-10 20:26:18,456 - INFO - [2022EE] MISSING_CENTRAL: TTZ2E1Mu/Central/bjets/3/energy in Skim_TriLep_VBFHToZZTo4L.root
2026-04-10 20:26:18,457 - INFO - [2022EE] MISSING_CENTRAL: TTZ2E1Mu/Central/bjets/3/energy in Skim_TriLep_ggHToZZTo4L.root
2026-04-10 20:26:18,457 - INFO - [2023] MISSING_CENTRAL: TTZ2E1Mu/Central/bjets/3/energy in Skim_TriLep_MuonEG_C_v1.root
2026-04-10 20:26:18,458 - INFO - [2023] MISSING_CENTRAL: TTZ2E1Mu/Central/bjets/3/energy in Skim_TriLep_MuonEG_C_v2.root
2026-04-10 20:26:18,458 - INFO - [2023] MISSING_CENTRAL: TTZ2E1Mu/Central/bjets/3/energy in Skim_TriLep_MuonEG_C_v3.root
2026-04-10 20:26:18,458 - INFO - [2023] MISSING_CENTRAL: TTZ2E1Mu/Central/bjets/3/energy in Skim_TriLep_MuonEG_C_v4.root
2026-04-10 20:26:18,459 - INFO - [2023] MISSING_CENTRAL: TTZ2E1Mu/Central/bjets/3/energy in Skim_TriLep_DYJets.root
2026-04-10 20:26:18,460 - INFO - [2023] MISSING_CENTRAL: TTZ2E1Mu/Central/bjets/3/energy in Skim_TriLep_DYJets10to50.root
2026-04-10 20:26:18,460 - INFO - [2023] MISSING_CENTRAL: TTZ2E1Mu/Central/bjets/3/energy in Skim_TriLep_TTG_PTG10to100.root
2026-04-10 20:26:18,461 - INFO - [2023] MISSING_CENTRAL: TTZ2E1Mu/Central/bjets/3/energy in Skim_TriLep_TTG_PTG100to200.root
2026-04-10 20:26:18,461 - INFO - [2023] MISSING_CENTRAL: TTZ2E1Mu/Central/bjets/3/energy in Skim_TriLep_TTG_PTG200toInf.root
2026-04-10 20:26:18,462 - INFO - [2023] MISSING_CENTRAL: TTZ2E1Mu/Central/bjets/3/energy in Skim_TriLep_TTWToLNu.root
2026-04-10 20:26:18,463 - INFO - [2023] MISSING_CENTRAL: TTZ2E1Mu/Central/bjets/3/energy in Skim_TriLep_TTZ_M4to50.root
2026-04-10 20:26:18,510 - INFO - [2023] MISSING_CENTRAL: TTZ2E1Mu/Central/bjets/3/energy in Skim_TriLep_WZTo3LNu_powheg.root
2026-04-10 20:26:18,511 - INFO - [2023] MISSING_CENTRAL: TTZ2E1Mu/Central/bjets/3/energy in Skim_TriLep_ZZTo4L_powheg.root
2026-04-10 20:26:18,512 - INFO - [2023] MISSING_CENTRAL: TTZ2E1Mu/Central/bjets/3/energy in Skim_TriLep_tHq.root
2026-04-10 20:26:18,512 - INFO - [2023] MISSING_CENTRAL: TTZ2E1Mu/Central/bjets/3/energy in Skim_TriLep_WWW.root
2026-04-10 20:26:18,513 - INFO - [2023] MISSING_CENTRAL: TTZ2E1Mu/Central/bjets/3/energy in Skim_TriLep_WWZ.root
2026-04-10 20:26:18,513 - INFO - [2023] MISSING_CENTRAL: TTZ2E1Mu/Central/bjets/3/energy in Skim_TriLep_WZZ.root
2026-04-10 20:26:18,545 - INFO - [2023] MISSING_CENTRAL: TTZ2E1Mu/Central/bjets/3/energy in Skim_TriLep_VBFHToZZTo4L.root
2026-04-10 20:26:18,545 - INFO - [2023] MISSING_CENTRAL: TTZ2E1Mu/Central/bjets/3/energy in Skim_TriLep_ggHToZZTo4L.root
2026-04-10 20:26:18,546 - INFO - [2023BPix] MISSING_CENTRAL: TTZ2E1Mu/Central/bjets/3/energy in Skim_TriLep_MuonEG_D_v1.root
2026-04-10 20:26:18,546 - INFO - [2023BPix] MISSING_CENTRAL: TTZ2E1Mu/Central/bjets/3/energy in Skim_TriLep_MuonEG_D_v2.root
2026-04-10 20:26:18,547 - INFO - [2023BPix] MISSING_CENTRAL: TTZ2E1Mu/Central/bjets/3/energy in Skim_TriLep_DYJets.root
2026-04-10 20:26:18,548 - INFO - [2023BPix] MISSING_CENTRAL: TTZ2E1Mu/Central/bjets/3/energy in Skim_TriLep_DYJets10to50.root
2026-04-10 20:26:18,548 - INFO - [2023BPix] MISSING_CENTRAL: TTZ2E1Mu/Central/bjets/3/energy in Skim_TriLep_TTG_PTG10to100.root
2026-04-10 20:26:18,549 - INFO - [2023BPix] MISSING_CENTRAL: TTZ2E1Mu/Central/bjets/3/energy in Skim_TriLep_TTG_PTG100to200.root
2026-04-10 20:26:18,549 - INFO - [2023BPix] MISSING_CENTRAL: TTZ2E1Mu/Central/bjets/3/energy in Skim_TriLep_TTG_PTG200toInf.root
2026-04-10 20:26:18,566 - INFO - [2023BPix] MISSING_CENTRAL: TTZ2E1Mu/Central/bjets/3/energy in Skim_TriLep_TTZ_M4to50.root
2026-04-10 20:26:18,616 - INFO - [2023BPix] MISSING_CENTRAL: TTZ2E1Mu/Central/bjets/3/energy in Skim_TriLep_WZTo3LNu_powheg.root
2026-04-10 20:26:18,616 - INFO - [2023BPix] MISSING_CENTRAL: TTZ2E1Mu/Central/bjets/3/energy in Skim_TriLep_ZZTo4L_powheg.root
2026-04-10 20:26:18,617 - INFO - [2023BPix] MISSING_CENTRAL: TTZ2E1Mu/Central/bjets/3/energy in Skim_TriLep_tHq.root
2026-04-10 20:26:18,618 - INFO - [2023BPix] MISSING_CENTRAL: TTZ2E1Mu/Central/bjets/3/energy in Skim_TriLep_WWW.root
2026-04-10 20:26:18,618 - INFO - [2023BPix] MISSING_CENTRAL: TTZ2E1Mu/Central/bjets/3/energy in Skim_TriLep_WWZ.root
2026-04-10 20:26:18,619 - INFO - [2023BPix] MISSING_CENTRAL: TTZ2E1Mu/Central/bjets/3/energy in Skim_TriLep_WZZ.root
2026-04-10 20:26:18,651 - INFO - [2023BPix] MISSING_CENTRAL: TTZ2E1Mu/Central/bjets/3/energy in Skim_TriLep_VBFHToZZTo4L.root
2026-04-10 20:26:18,652 - INFO - [2023BPix] MISSING_CENTRAL: TTZ2E1Mu/Central/bjets/3/energy in Skim_TriLep_ggHToZZTo4L.root
2026-04-12 11:41:45,363 - INFO - [2022] MISSING_CENTRAL: TTZ2E1Mu/Central/bjets/3/energy in Skim_TriLep_MuonEG_D.root
2026-04-12 11:41:45,385 - INFO - [2022EE] MISSING_CENTRAL: TTZ2E1Mu/Central/bjets/3/energy in Skim_TriLep_MuonEG_E.root
2026-04-12 11:41:45,385 - INFO - [2022EE] MISSING_CENTRAL: TTZ2E1Mu/Central/bjets/3/energy in Skim_TriLep_MuonEG_F.root
2026-04-12 11:41:45,386 - INFO - [2022EE] MISSING_CENTRAL: TTZ2E1Mu/Central/bjets/3/energy in Skim_TriLep_MuonEG_G.root
2026-04-12 11:41:45,387 - INFO - [2023] MISSING_CENTRAL: TTZ2E1Mu/Central/bjets/3/energy in Skim_TriLep_MuonEG_C_v1.root
2026-04-12 11:41:45,387 - INFO - [2023] MISSING_CENTRAL: TTZ2E1Mu/Central/bjets/3/energy in Skim_TriLep_MuonEG_C_v2.root
2026-04-12 11:41:45,388 - INFO - [2023] MISSING_CENTRAL: TTZ2E1Mu/Central/bjets/3/energy in Skim_TriLep_MuonEG_C_v3.root
2026-04-12 11:41:45,388 - INFO - [2023] MISSING_CENTRAL: TTZ2E1Mu/Central/bjets/3/energy in Skim_TriLep_MuonEG_C_v4.root
2026-04-12 11:41:45,390 - INFO - [2023BPix] MISSING_CENTRAL: TTZ2E1Mu/Central/bjets/3/energy in Skim_TriLep_MuonEG_D_v2.root
2026-04-12 11:41:45,413 - INFO - [2022] MISSING_CENTRAL: TTZ2E1Mu/Central/bjets/3/energy in Skim_TriLep_MuonEG_D.root
2026-04-12 11:41:45,414 - INFO - [2022] MISSING_CENTRAL: TTZ2E1Mu/Central/bjets/3/energy in Skim_TriLep_DYJets.root
2026-04-12 11:41:45,414 - INFO - [2022] MISSING_CENTRAL: TTZ2E1Mu/Central/bjets/3/energy in Skim_TriLep_DYJets10to50.root
2026-04-12 11:41:45,415 - INFO - [2022] MISSING_CENTRAL: TTZ2E1Mu/Central/bjets/3/energy in Skim_TriLep_TTG_PTG10to100.root
2026-04-12 11:41:45,415 - INFO - [2022] MISSING_CENTRAL: TTZ2E1Mu/Central/bjets/3/energy in Skim_TriLep_TTG_PTG100to200.root
2026-04-12 11:41:45,416 - INFO - [2022] MISSING_CENTRAL: TTZ2E1Mu/Central/bjets/3/energy in Skim_TriLep_TTG_PTG200toInf.root
2026-04-12 11:41:45,418 - INFO - [2022] MISSING_CENTRAL: TTZ2E1Mu/Central/bjets/3/energy in Skim_TriLep_TTWToLNu.root
2026-04-12 11:41:45,418 - INFO - [2022] MISSING_CENTRAL: TTZ2E1Mu/Central/bjets/3/energy in Skim_TriLep_TTZ_M4to50.root
2026-04-12 11:41:45,474 - INFO - [2022] MISSING_CENTRAL: TTZ2E1Mu/Central/bjets/3/energy in Skim_TriLep_WZTo3LNu_powheg.root
2026-04-12 11:41:45,474 - INFO - [2022] MISSING_CENTRAL: TTZ2E1Mu/Central/bjets/3/energy in Skim_TriLep_ZZTo4L_powheg.root
2026-04-12 11:41:45,491 - INFO - [2022] MISSING_CENTRAL: TTZ2E1Mu/Central/bjets/3/energy in Skim_TriLep_WWW.root
2026-04-12 11:41:45,491 - INFO - [2022] MISSING_CENTRAL: TTZ2E1Mu/Central/bjets/3/energy in Skim_TriLep_WWZ.root
2026-04-12 11:41:45,492 - INFO - [2022] MISSING_CENTRAL: TTZ2E1Mu/Central/bjets/3/energy in Skim_TriLep_WZZ.root
2026-04-12 11:41:45,493 - INFO - [2022] MISSING_CENTRAL: TTZ2E1Mu/Central/bjets/3/energy in Skim_TriLep_ZZZ.root
2026-04-12 11:41:45,510 - INFO - [2022] MISSING_CENTRAL: TTZ2E1Mu/Central/bjets/3/energy in Skim_TriLep_VBFHToZZTo4L.root
2026-04-12 11:41:45,511 - INFO - [2022] MISSING_CENTRAL: TTZ2E1Mu/Central/bjets/3/energy in Skim_TriLep_ggHToZZTo4L.root
2026-04-12 11:41:45,511 - INFO - [2022EE] MISSING_CENTRAL: TTZ2E1Mu/Central/bjets/3/energy in Skim_TriLep_MuonEG_E.root
2026-04-12 11:41:45,513 - INFO - [2022EE] MISSING_CENTRAL: TTZ2E1Mu/Central/bjets/3/energy in Skim_TriLep_MuonEG_G.root
2026-04-12 11:41:45,513 - INFO - [2022EE] MISSING_CENTRAL: TTZ2E1Mu/Central/bjets/3/energy in Skim_TriLep_DYJets.root
2026-04-12 11:41:45,514 - INFO - [2022EE] MISSING_CENTRAL: TTZ2E1Mu/Central/bjets/3/energy in Skim_TriLep_DYJets10to50.root
2026-04-12 11:41:45,530 - INFO - [2022EE] MISSING_CENTRAL: TTZ2E1Mu/Central/bjets/3/energy in Skim_TriLep_TTG_PTG100to200.root
2026-04-12 11:41:45,531 - INFO - [2022EE] MISSING_CENTRAL: TTZ2E1Mu/Central/bjets/3/energy in Skim_TriLep_TTG_PTG200toInf.root
2026-04-12 11:41:45,535 - INFO - [2022EE] MISSING_SYSTEMATIC: TTZ2E1Mu/ElectronRes_Up/bjets/3/energy in Skim_TriLep_TTWToLNu.root
2026-04-12 11:41:45,535 - INFO - [2022EE] MISSING_SYSTEMATIC: TTZ2E1Mu/ElectronRes_Down/bjets/3/energy in Skim_TriLep_TTWToLNu.root
2026-04-12 11:41:45,612 - INFO - [2022EE] MISSING_CENTRAL: TTZ2E1Mu/Central/bjets/3/energy in Skim_TriLep_WZTo3LNu_powheg.root
2026-04-12 11:41:45,613 - INFO - [2022EE] MISSING_CENTRAL: TTZ2E1Mu/Central/bjets/3/energy in Skim_TriLep_ZZTo4L_powheg.root
2026-04-12 11:41:45,614 - INFO - [2022EE] MISSING_CENTRAL: TTZ2E1Mu/Central/bjets/3/energy in Skim_TriLep_tHq.root
2026-04-12 11:41:45,614 - INFO - [2022EE] MISSING_CENTRAL: TTZ2E1Mu/Central/bjets/3/energy in Skim_TriLep_WWW.root
2026-04-12 11:41:45,615 - INFO - [2022EE] MISSING_CENTRAL: TTZ2E1Mu/Central/bjets/3/energy in Skim_TriLep_WWZ.root
2026-04-12 11:41:45,631 - INFO - [2022EE] MISSING_CENTRAL: TTZ2E1Mu/Central/bjets/3/energy in Skim_TriLep_ZZZ.root
2026-04-12 11:41:45,648 - INFO - [2022EE] MISSING_CENTRAL: TTZ2E1Mu/Central/bjets/3/energy in Skim_TriLep_VBFHToZZTo4L.root
2026-04-12 11:41:45,649 - INFO - [2022EE] MISSING_CENTRAL: TTZ2E1Mu/Central/bjets/3/energy in Skim_TriLep_ggHToZZTo4L.root
2026-04-12 11:41:45,649 - INFO - [2023] MISSING_CENTRAL: TTZ2E1Mu/Central/bjets/3/energy in Skim_TriLep_MuonEG_C_v1.root
2026-04-12 11:41:45,650 - INFO - [2023] MISSING_CENTRAL: TTZ2E1Mu/Central/bjets/3/energy in Skim_TriLep_MuonEG_C_v2.root
2026-04-12 11:41:45,650 - INFO - [2023] MISSING_CENTRAL: TTZ2E1Mu/Central/bjets/3/energy in Skim_TriLep_MuonEG_C_v3.root
2026-04-12 11:41:45,651 - INFO - [2023] MISSING_CENTRAL: TTZ2E1Mu/Central/bjets/3/energy in Skim_TriLep_MuonEG_C_v4.root
2026-04-12 11:41:45,652 - INFO - [2023] MISSING_CENTRAL: TTZ2E1Mu/Central/bjets/3/energy in Skim_TriLep_DYJets.root
2026-04-12 11:41:45,652 - INFO - [2023] MISSING_CENTRAL: TTZ2E1Mu/Central/bjets/3/energy in Skim_TriLep_DYJets10to50.root
2026-04-12 11:41:45,653 - INFO - [2023] MISSING_CENTRAL: TTZ2E1Mu/Central/bjets/3/energy in Skim_TriLep_TTG_PTG10to100.root
2026-04-12 11:41:45,653 - INFO - [2023] MISSING_CENTRAL: TTZ2E1Mu/Central/bjets/3/energy in Skim_TriLep_TTG_PTG100to200.root
2026-04-12 11:41:45,654 - INFO - [2023] MISSING_CENTRAL: TTZ2E1Mu/Central/bjets/3/energy in Skim_TriLep_TTG_PTG200toInf.root
2026-04-12 11:41:45,654 - INFO - [2023] MISSING_CENTRAL: TTZ2E1Mu/Central/bjets/3/energy in Skim_TriLep_TTWToLNu.root
2026-04-12 11:41:45,655 - INFO - [2023] MISSING_CENTRAL: TTZ2E1Mu/Central/bjets/3/energy in Skim_TriLep_TTZ_M4to50.root
2026-04-12 11:41:45,704 - INFO - [2023] MISSING_CENTRAL: TTZ2E1Mu/Central/bjets/3/energy in Skim_TriLep_WZTo3LNu_powheg.root
2026-04-12 11:41:45,705 - INFO - [2023] MISSING_CENTRAL: TTZ2E1Mu/Central/bjets/3/energy in Skim_TriLep_ZZTo4L_powheg.root
2026-04-12 11:41:45,706 - INFO - [2023] MISSING_CENTRAL: TTZ2E1Mu/Central/bjets/3/energy in Skim_TriLep_tHq.root
2026-04-12 11:41:45,706 - INFO - [2023] MISSING_CENTRAL: TTZ2E1Mu/Central/bjets/3/energy in Skim_TriLep_WWW.root
2026-04-12 11:41:45,707 - INFO - [2023] MISSING_CENTRAL: TTZ2E1Mu/Central/bjets/3/energy in Skim_TriLep_WWZ.root
2026-04-12 11:41:45,707 - INFO - [2023] MISSING_CENTRAL: TTZ2E1Mu/Central/bjets/3/energy in Skim_TriLep_WZZ.root
2026-04-12 11:41:45,740 - INFO - [2023] MISSING_CENTRAL: TTZ2E1Mu/Central/bjets/3/energy in Skim_TriLep_VBFHToZZTo4L.root
2026-04-12 11:41:45,741 - INFO - [2023] MISSING_CENTRAL: TTZ2E1Mu/Central/bjets/3/energy in Skim_TriLep_ggHToZZTo4L.root
2026-04-12 11:41:45,741 - INFO - [2023BPix] MISSING_CENTRAL: TTZ2E1Mu/Central/bjets/3/energy in Skim_TriLep_MuonEG_D_v1.root
2026-04-12 11:41:45,742 - INFO - [2023BPix] MISSING_CENTRAL: TTZ2E1Mu/Central/bjets/3/energy in Skim_TriLep_MuonEG_D_v2.root
2026-04-12 11:41:45,743 - INFO - [2023BPix] MISSING_CENTRAL: TTZ2E1Mu/Central/bjets/3/energy in Skim_TriLep_DYJets.root
2026-04-12 11:41:45,743 - INFO - [2023BPix] MISSING_CENTRAL: TTZ2E1Mu/Central/bjets/3/energy in Skim_TriLep_DYJets10to50.root
2026-04-12 11:41:45,744 - INFO - [2023BPix] MISSING_CENTRAL: TTZ2E1Mu/Central/bjets/3/energy in Skim_TriLep_TTG_PTG10to100.root
2026-04-12 11:41:45,744 - INFO - [2023BPix] MISSING_CENTRAL: TTZ2E1Mu/Central/bjets/3/energy in Skim_TriLep_TTG_PTG100to200.root
2026-04-12 11:41:45,745 - INFO - [2023BPix] MISSING_CENTRAL: TTZ2E1Mu/Central/bjets/3/energy in Skim_TriLep_TTG_PTG200toInf.root
2026-04-12 11:41:45,762 - INFO - [2023BPix] MISSING_CENTRAL: TTZ2E1Mu/Central/bjets/3/energy in Skim_TriLep_TTZ_M4to50.root
2026-04-12 11:41:45,811 - INFO - [2023BPix] MISSING_CENTRAL: TTZ2E1Mu/Central/bjets/3/energy in Skim_TriLep_WZTo3LNu_powheg.root
2026-04-12 11:41:45,812 - INFO - [2023BPix] MISSING_CENTRAL: TTZ2E1Mu/Central/bjets/3/energy in Skim_TriLep_ZZTo4L_powheg.root
2026-04-12 11:41:45,813 - INFO - [2023BPix] MISSING_CENTRAL: TTZ2E1Mu/Central/bjets/3/energy in Skim_TriLep_tHq.root
2026-04-12 11:41:45,813 - INFO - [2023BPix] MISSING_CENTRAL: TTZ2E1Mu/Central/bjets/3/energy in Skim_TriLep_WWW.root
2026-04-12 11:41:45,814 - INFO - [2023BPix] MISSING_CENTRAL: TTZ2E1Mu/Central/bjets/3/energy in Skim_TriLep_WWZ.root
2026-04-12 11:41:45,815 - INFO - [2023BPix] MISSING_CENTRAL: TTZ2E1Mu/Central/bjets/3/energy in Skim_TriLep_WZZ.root
2026-04-12 11:41:45,850 - INFO - [2023BPix] MISSING_CENTRAL: TTZ2E1Mu/Central/bjets/3/energy in Skim_TriLep_VBFHToZZTo4L.root
2026-04-12 11:41:45,851 - INFO - [2023BPix] MISSING_CENTRAL: TTZ2E1Mu/Central/bjets/3/energy in Skim_TriLep_ggHToZZTo4L.root
2026-04-12 12:23:24,221 - INFO - [2022] MISSING_CENTRAL: TTZ2E1Mu/Central/bjets/3/energy in Skim_TriLep_MuonEG_D.root
2026-04-12 12:23:24,240 - INFO - [2022EE] MISSING_CENTRAL: TTZ2E1Mu/Central/bjets/3/energy in Skim_TriLep_MuonEG_E.root
2026-04-12 12:23:24,241 - INFO - [2022EE] MISSING_CENTRAL: TTZ2E1Mu/Central/bjets/3/energy in Skim_TriLep_MuonEG_F.root
2026-04-12 12:23:24,242 - INFO - [2022EE] MISSING_CENTRAL: TTZ2E1Mu/Central/bjets/3/energy in Skim_TriLep_MuonEG_G.root
2026-04-12 12:23:24,242 - INFO - [2023] MISSING_CENTRAL: TTZ2E1Mu/Central/bjets/3/energy in Skim_TriLep_MuonEG_C_v1.root
2026-04-12 12:23:24,243 - INFO - [2023] MISSING_CENTRAL: TTZ2E1Mu/Central/bjets/3/energy in Skim_TriLep_MuonEG_C_v2.root
2026-04-12 12:23:24,243 - INFO - [2023] MISSING_CENTRAL: TTZ2E1Mu/Central/bjets/3/energy in Skim_TriLep_MuonEG_C_v3.root
2026-04-12 12:23:24,244 - INFO - [2023] MISSING_CENTRAL: TTZ2E1Mu/Central/bjets/3/energy in Skim_TriLep_MuonEG_C_v4.root
2026-04-12 12:23:24,245 - INFO - [2023BPix] MISSING_CENTRAL: TTZ2E1Mu/Central/bjets/3/energy in Skim_TriLep_MuonEG_D_v2.root
2026-04-12 12:23:24,266 - INFO - [2022] MISSING_CENTRAL: TTZ2E1Mu/Central/bjets/3/energy in Skim_TriLep_MuonEG_D.root
2026-04-12 12:23:24,267 - INFO - [2022] MISSING_CENTRAL: TTZ2E1Mu/Central/bjets/3/energy in Skim_TriLep_DYJets.root
2026-04-12 12:23:24,267 - INFO - [2022] MISSING_CENTRAL: TTZ2E1Mu/Central/bjets/3/energy in Skim_TriLep_DYJets10to50.root
2026-04-12 12:23:24,268 - INFO - [2022] MISSING_CENTRAL: TTZ2E1Mu/Central/bjets/3/energy in Skim_TriLep_TTG_PTG10to100.root
2026-04-12 12:23:24,268 - INFO - [2022] MISSING_CENTRAL: TTZ2E1Mu/Central/bjets/3/energy in Skim_TriLep_TTG_PTG100to200.root
2026-04-12 12:23:24,269 - INFO - [2022] MISSING_CENTRAL: TTZ2E1Mu/Central/bjets/3/energy in Skim_TriLep_TTG_PTG200toInf.root
2026-04-12 12:23:24,270 - INFO - [2022] MISSING_CENTRAL: TTZ2E1Mu/Central/bjets/3/energy in Skim_TriLep_TTWToLNu.root
2026-04-12 12:23:24,271 - INFO - [2022] MISSING_CENTRAL: TTZ2E1Mu/Central/bjets/3/energy in Skim_TriLep_TTZ_M4to50.root
2026-04-12 12:23:24,325 - INFO - [2022] MISSING_CENTRAL: TTZ2E1Mu/Central/bjets/3/energy in Skim_TriLep_WZTo3LNu_powheg.root
2026-04-12 12:23:24,326 - INFO - [2022] MISSING_CENTRAL: TTZ2E1Mu/Central/bjets/3/energy in Skim_TriLep_ZZTo4L_powheg.root
2026-04-12 12:23:24,343 - INFO - [2022] MISSING_CENTRAL: TTZ2E1Mu/Central/bjets/3/energy in Skim_TriLep_WWW.root
2026-04-12 12:23:24,343 - INFO - [2022] MISSING_CENTRAL: TTZ2E1Mu/Central/bjets/3/energy in Skim_TriLep_WWZ.root
2026-04-12 12:23:24,344 - INFO - [2022] MISSING_CENTRAL: TTZ2E1Mu/Central/bjets/3/energy in Skim_TriLep_WZZ.root
2026-04-12 12:23:24,344 - INFO - [2022] MISSING_CENTRAL: TTZ2E1Mu/Central/bjets/3/energy in Skim_TriLep_ZZZ.root
2026-04-12 12:23:24,361 - INFO - [2022] MISSING_CENTRAL: TTZ2E1Mu/Central/bjets/3/energy in Skim_TriLep_VBFHToZZTo4L.root
2026-04-12 12:23:24,362 - INFO - [2022] MISSING_CENTRAL: TTZ2E1Mu/Central/bjets/3/energy in Skim_TriLep_ggHToZZTo4L.root
2026-04-12 12:23:24,363 - INFO - [2022EE] MISSING_CENTRAL: TTZ2E1Mu/Central/bjets/3/energy in Skim_TriLep_MuonEG_E.root
2026-04-12 12:23:24,364 - INFO - [2022EE] MISSING_CENTRAL: TTZ2E1Mu/Central/bjets/3/energy in Skim_TriLep_MuonEG_G.root
2026-04-12 12:23:24,365 - INFO - [2022EE] MISSING_CENTRAL: TTZ2E1Mu/Central/bjets/3/energy in Skim_TriLep_DYJets.root
2026-04-12 12:23:24,365 - INFO - [2022EE] MISSING_CENTRAL: TTZ2E1Mu/Central/bjets/3/energy in Skim_TriLep_DYJets10to50.root
2026-04-12 12:23:24,382 - INFO - [2022EE] MISSING_CENTRAL: TTZ2E1Mu/Central/bjets/3/energy in Skim_TriLep_TTG_PTG100to200.root
2026-04-12 12:23:24,382 - INFO - [2022EE] MISSING_CENTRAL: TTZ2E1Mu/Central/bjets/3/energy in Skim_TriLep_TTG_PTG200toInf.root
2026-04-12 12:23:24,386 - INFO - [2022EE] MISSING_SYSTEMATIC: TTZ2E1Mu/ElectronRes_Up/bjets/3/energy in Skim_TriLep_TTWToLNu.root
2026-04-12 12:23:24,386 - INFO - [2022EE] MISSING_SYSTEMATIC: TTZ2E1Mu/ElectronRes_Down/bjets/3/energy in Skim_TriLep_TTWToLNu.root
2026-04-12 12:23:24,461 - INFO - [2022EE] MISSING_CENTRAL: TTZ2E1Mu/Central/bjets/3/energy in Skim_TriLep_WZTo3LNu_powheg.root
2026-04-12 12:23:24,461 - INFO - [2022EE] MISSING_CENTRAL: TTZ2E1Mu/Central/bjets/3/energy in Skim_TriLep_ZZTo4L_powheg.root
2026-04-12 12:23:24,462 - INFO - [2022EE] MISSING_CENTRAL: TTZ2E1Mu/Central/bjets/3/energy in Skim_TriLep_tHq.root
2026-04-12 12:23:24,462 - INFO - [2022EE] MISSING_CENTRAL: TTZ2E1Mu/Central/bjets/3/energy in Skim_TriLep_WWW.root
2026-04-12 12:23:24,463 - INFO - [2022EE] MISSING_CENTRAL: TTZ2E1Mu/Central/bjets/3/energy in Skim_TriLep_WWZ.root
2026-04-12 12:23:24,478 - INFO - [2022EE] MISSING_CENTRAL: TTZ2E1Mu/Central/bjets/3/energy in Skim_TriLep_ZZZ.root
2026-04-12 12:23:24,494 - INFO - [2022EE] MISSING_CENTRAL: TTZ2E1Mu/Central/bjets/3/energy in Skim_TriLep_VBFHToZZTo4L.root
2026-04-12 12:23:24,495 - INFO - [2022EE] MISSING_CENTRAL: TTZ2E1Mu/Central/bjets/3/energy in Skim_TriLep_ggHToZZTo4L.root
2026-04-12 12:23:24,496 - INFO - [2023] MISSING_CENTRAL: TTZ2E1Mu/Central/bjets/3/energy in Skim_TriLep_MuonEG_C_v1.root
2026-04-12 12:23:24,496 - INFO - [2023] MISSING_CENTRAL: TTZ2E1Mu/Central/bjets/3/energy in Skim_TriLep_MuonEG_C_v2.root
2026-04-12 12:23:24,496 - INFO - [2023] MISSING_CENTRAL: TTZ2E1Mu/Central/bjets/3/energy in Skim_TriLep_MuonEG_C_v3.root
2026-04-12 12:23:24,497 - INFO - [2023] MISSING_CENTRAL: TTZ2E1Mu/Central/bjets/3/energy in Skim_TriLep_MuonEG_C_v4.root
2026-04-12 12:23:24,498 - INFO - [2023] MISSING_CENTRAL: TTZ2E1Mu/Central/bjets/3/energy in Skim_TriLep_DYJets.root
2026-04-12 12:23:24,498 - INFO - [2023] MISSING_CENTRAL: TTZ2E1Mu/Central/bjets/3/energy in Skim_TriLep_DYJets10to50.root
2026-04-12 12:23:24,499 - INFO - [2023] MISSING_CENTRAL: TTZ2E1Mu/Central/bjets/3/energy in Skim_TriLep_TTG_PTG10to100.root
2026-04-12 12:23:24,499 - INFO - [2023] MISSING_CENTRAL: TTZ2E1Mu/Central/bjets/3/energy in Skim_TriLep_TTG_PTG100to200.root
2026-04-12 12:23:24,500 - INFO - [2023] MISSING_CENTRAL: TTZ2E1Mu/Central/bjets/3/energy in Skim_TriLep_TTG_PTG200toInf.root
2026-04-12 12:23:24,500 - INFO - [2023] MISSING_CENTRAL: TTZ2E1Mu/Central/bjets/3/energy in Skim_TriLep_TTWToLNu.root
2026-04-12 12:23:24,501 - INFO - [2023] MISSING_CENTRAL: TTZ2E1Mu/Central/bjets/3/energy in Skim_TriLep_TTZ_M4to50.root
2026-04-12 12:23:24,543 - INFO - [2023] MISSING_CENTRAL: TTZ2E1Mu/Central/bjets/3/energy in Skim_TriLep_WZTo3LNu_powheg.root
2026-04-12 12:23:24,543 - INFO - [2023] MISSING_CENTRAL: TTZ2E1Mu/Central/bjets/3/energy in Skim_TriLep_ZZTo4L_powheg.root
2026-04-12 12:23:24,544 - INFO - [2023] MISSING_CENTRAL: TTZ2E1Mu/Central/bjets/3/energy in Skim_TriLep_tHq.root
2026-04-12 12:23:24,544 - INFO - [2023] MISSING_CENTRAL: TTZ2E1Mu/Central/bjets/3/energy in Skim_TriLep_WWW.root
2026-04-12 12:23:24,544 - INFO - [2023] MISSING_CENTRAL: TTZ2E1Mu/Central/bjets/3/energy in Skim_TriLep_WWZ.root
2026-04-12 12:23:24,545 - INFO - [2023] MISSING_CENTRAL: TTZ2E1Mu/Central/bjets/3/energy in Skim_TriLep_WZZ.root
2026-04-12 12:23:24,567 - INFO - [2023] MISSING_CENTRAL: TTZ2E1Mu/Central/bjets/3/energy in Skim_TriLep_VBFHToZZTo4L.root
2026-04-12 12:23:24,568 - INFO - [2023] MISSING_CENTRAL: TTZ2E1Mu/Central/bjets/3/energy in Skim_TriLep_ggHToZZTo4L.root
2026-04-12 12:23:24,568 - INFO - [2023BPix] MISSING_CENTRAL: TTZ2E1Mu/Central/bjets/3/energy in Skim_TriLep_MuonEG_D_v1.root
2026-04-12 12:23:24,568 - INFO - [2023BPix] MISSING_CENTRAL: TTZ2E1Mu/Central/bjets/3/energy in Skim_TriLep_MuonEG_D_v2.root
2026-04-12 12:23:24,569 - INFO - [2023BPix] MISSING_CENTRAL: TTZ2E1Mu/Central/bjets/3/energy in Skim_TriLep_DYJets.root
2026-04-12 12:23:24,569 - INFO - [2023BPix] MISSING_CENTRAL: TTZ2E1Mu/Central/bjets/3/energy in Skim_TriLep_DYJets10to50.root
2026-04-12 12:23:24,569 - INFO - [2023BPix] MISSING_CENTRAL: TTZ2E1Mu/Central/bjets/3/energy in Skim_TriLep_TTG_PTG10to100.root
2026-04-12 12:23:24,570 - INFO - [2023BPix] MISSING_CENTRAL: TTZ2E1Mu/Central/bjets/3/energy in Skim_TriLep_TTG_PTG100to200.root
2026-04-12 12:23:24,570 - INFO - [2023BPix] MISSING_CENTRAL: TTZ2E1Mu/Central/bjets/3/energy in Skim_TriLep_TTG_PTG200toInf.root
2026-04-12 12:23:24,581 - INFO - [2023BPix] MISSING_CENTRAL: TTZ2E1Mu/Central/bjets/3/energy in Skim_TriLep_TTZ_M4to50.root
2026-04-12 12:23:24,614 - INFO - [2023BPix] MISSING_CENTRAL: TTZ2E1Mu/Central/bjets/3/energy in Skim_TriLep_WZTo3LNu_powheg.root
2026-04-12 12:23:24,614 - INFO - [2023BPix] MISSING_CENTRAL: TTZ2E1Mu/Central/bjets/3/energy in Skim_TriLep_ZZTo4L_powheg.root
2026-04-12 12:23:24,615 - INFO - [2023BPix] MISSING_CENTRAL: TTZ2E1Mu/Central/bjets/3/energy in Skim_TriLep_tHq.root
2026-04-12 12:23:24,616 - INFO - [2023BPix] MISSING_CENTRAL: TTZ2E1Mu/Central/bjets/3/energy in Skim_TriLep_WWW.root
2026-04-12 12:23:24,616 - INFO - [2023BPix] MISSING_CENTRAL: TTZ2E1Mu/Central/bjets/3/energy in Skim_TriLep_WWZ.root
2026-04-12 12:23:24,617 - INFO - [2023BPix] MISSING_CENTRAL: TTZ2E1Mu/Central/bjets/3/energy in Skim_TriLep_WZZ.root
2026-04-12 12:23:24,652 - INFO - [2023BPix] MISSING_CENTRAL: TTZ2E1Mu/Central/bjets/3/energy in Skim_TriLep_VBFHToZZTo4L.root
2026-04-12 12:23:24,653 - INFO - [2023BPix] MISSING_CENTRAL: TTZ2E1Mu/Central/bjets/3/energy in Skim_TriLep_ggHToZZTo4L.root
2026-04-12 12:43:02,869 - INFO - [2022] MISSING_CENTRAL: TTZ2E1Mu/Central/bjets/3/energy in Skim_TriLep_MuonEG_D.root
2026-04-12 12:43:02,884 - INFO - [2022EE] MISSING_CENTRAL: TTZ2E1Mu/Central/bjets/3/energy in Skim_TriLep_MuonEG_E.root
2026-04-12 12:43:02,885 - INFO - [2022EE] MISSING_CENTRAL: TTZ2E1Mu/Central/bjets/3/energy in Skim_TriLep_MuonEG_F.root
2026-04-12 12:43:02,885 - INFO - [2022EE] MISSING_CENTRAL: TTZ2E1Mu/Central/bjets/3/energy in Skim_TriLep_MuonEG_G.root
2026-04-12 12:43:02,885 - INFO - [2023] MISSING_CENTRAL: TTZ2E1Mu/Central/bjets/3/energy in Skim_TriLep_MuonEG_C_v1.root
2026-04-12 12:43:02,886 - INFO - [2023] MISSING_CENTRAL: TTZ2E1Mu/Central/bjets/3/energy in Skim_TriLep_MuonEG_C_v2.root
2026-04-12 12:43:02,886 - INFO - [2023] MISSING_CENTRAL: TTZ2E1Mu/Central/bjets/3/energy in Skim_TriLep_MuonEG_C_v3.root
2026-04-12 12:43:02,886 - INFO - [2023] MISSING_CENTRAL: TTZ2E1Mu/Central/bjets/3/energy in Skim_TriLep_MuonEG_C_v4.root
2026-04-12 12:43:02,887 - INFO - [2023BPix] MISSING_CENTRAL: TTZ2E1Mu/Central/bjets/3/energy in Skim_TriLep_MuonEG_D_v2.root
2026-04-12 12:43:02,904 - INFO - [2022] MISSING_CENTRAL: TTZ2E1Mu/Central/bjets/3/energy in Skim_TriLep_MuonEG_D.root
2026-04-12 12:43:02,905 - INFO - [2022] MISSING_CENTRAL: TTZ2E1Mu/Central/bjets/3/energy in Skim_TriLep_DYJets.root
2026-04-12 12:43:02,905 - INFO - [2022] MISSING_CENTRAL: TTZ2E1Mu/Central/bjets/3/energy in Skim_TriLep_DYJets10to50.root
2026-04-12 12:43:02,905 - INFO - [2022] MISSING_CENTRAL: TTZ2E1Mu/Central/bjets/3/energy in Skim_TriLep_TTG_PTG10to100.root
2026-04-12 12:43:02,906 - INFO - [2022] MISSING_CENTRAL: TTZ2E1Mu/Central/bjets/3/energy in Skim_TriLep_TTG_PTG100to200.root
2026-04-12 12:43:02,906 - INFO - [2022] MISSING_CENTRAL: TTZ2E1Mu/Central/bjets/3/energy in Skim_TriLep_TTG_PTG200toInf.root
2026-04-12 12:43:02,907 - INFO - [2022] MISSING_CENTRAL: TTZ2E1Mu/Central/bjets/3/energy in Skim_TriLep_TTWToLNu.root
2026-04-12 12:43:02,908 - INFO - [2022] MISSING_CENTRAL: TTZ2E1Mu/Central/bjets/3/energy in Skim_TriLep_TTZ_M4to50.root
2026-04-12 12:43:02,944 - INFO - [2022] MISSING_CENTRAL: TTZ2E1Mu/Central/bjets/3/energy in Skim_TriLep_WZTo3LNu_powheg.root
2026-04-12 12:43:02,944 - INFO - [2022] MISSING_CENTRAL: TTZ2E1Mu/Central/bjets/3/energy in Skim_TriLep_ZZTo4L_powheg.root
2026-04-12 12:43:02,955 - INFO - [2022] MISSING_CENTRAL: TTZ2E1Mu/Central/bjets/3/energy in Skim_TriLep_WWW.root
2026-04-12 12:43:02,955 - INFO - [2022] MISSING_CENTRAL: TTZ2E1Mu/Central/bjets/3/energy in Skim_TriLep_WWZ.root
2026-04-12 12:43:02,956 - INFO - [2022] MISSING_CENTRAL: TTZ2E1Mu/Central/bjets/3/energy in Skim_TriLep_WZZ.root
2026-04-12 12:43:02,956 - INFO - [2022] MISSING_CENTRAL: TTZ2E1Mu/Central/bjets/3/energy in Skim_TriLep_ZZZ.root
2026-04-12 12:43:02,967 - INFO - [2022] MISSING_CENTRAL: TTZ2E1Mu/Central/bjets/3/energy in Skim_TriLep_VBFHToZZTo4L.root
2026-04-12 12:43:02,967 - INFO - [2022] MISSING_CENTRAL: TTZ2E1Mu/Central/bjets/3/energy in Skim_TriLep_ggHToZZTo4L.root
2026-04-12 12:43:02,968 - INFO - [2022EE] MISSING_CENTRAL: TTZ2E1Mu/Central/bjets/3/energy in Skim_TriLep_MuonEG_E.root
2026-04-12 12:43:02,968 - INFO - [2022EE] MISSING_CENTRAL: TTZ2E1Mu/Central/bjets/3/energy in Skim_TriLep_MuonEG_G.root
2026-04-12 12:43:02,969 - INFO - [2022EE] MISSING_CENTRAL: TTZ2E1Mu/Central/bjets/3/energy in Skim_TriLep_DYJets.root
2026-04-12 12:43:02,969 - INFO - [2022EE] MISSING_CENTRAL: TTZ2E1Mu/Central/bjets/3/energy in Skim_TriLep_DYJets10to50.root
2026-04-12 12:43:02,979 - INFO - [2022EE] MISSING_CENTRAL: TTZ2E1Mu/Central/bjets/3/energy in Skim_TriLep_TTG_PTG100to200.root
2026-04-12 12:43:02,980 - INFO - [2022EE] MISSING_CENTRAL: TTZ2E1Mu/Central/bjets/3/energy in Skim_TriLep_TTG_PTG200toInf.root
2026-04-12 12:43:02,982 - INFO - [2022EE] MISSING_SYSTEMATIC: TTZ2E1Mu/ElectronRes_Up/bjets/3/energy in Skim_TriLep_TTWToLNu.root
2026-04-12 12:43:02,982 - INFO - [2022EE] MISSING_SYSTEMATIC: TTZ2E1Mu/ElectronRes_Down/bjets/3/energy in Skim_TriLep_TTWToLNu.root
2026-04-12 12:43:03,031 - INFO - [2022EE] MISSING_CENTRAL: TTZ2E1Mu/Central/bjets/3/energy in Skim_TriLep_WZTo3LNu_powheg.root
2026-04-12 12:43:03,031 - INFO - [2022EE] MISSING_CENTRAL: TTZ2E1Mu/Central/bjets/3/energy in Skim_TriLep_ZZTo4L_powheg.root
2026-04-12 12:43:03,031 - INFO - [2022EE] MISSING_CENTRAL: TTZ2E1Mu/Central/bjets/3/energy in Skim_TriLep_tHq.root
2026-04-12 12:43:03,032 - INFO - [2022EE] MISSING_CENTRAL: TTZ2E1Mu/Central/bjets/3/energy in Skim_TriLep_WWW.root
2026-04-12 12:43:03,032 - INFO - [2022EE] MISSING_CENTRAL: TTZ2E1Mu/Central/bjets/3/energy in Skim_TriLep_WWZ.root
2026-04-12 12:43:03,043 - INFO - [2022EE] MISSING_CENTRAL: TTZ2E1Mu/Central/bjets/3/energy in Skim_TriLep_ZZZ.root
2026-04-12 12:43:03,054 - INFO - [2022EE] MISSING_CENTRAL: TTZ2E1Mu/Central/bjets/3/energy in Skim_TriLep_VBFHToZZTo4L.root
2026-04-12 12:43:03,054 - INFO - [2022EE] MISSING_CENTRAL: TTZ2E1Mu/Central/bjets/3/energy in Skim_TriLep_ggHToZZTo4L.root
2026-04-12 12:43:03,055 - INFO - [2023] MISSING_CENTRAL: TTZ2E1Mu/Central/bjets/3/energy in Skim_TriLep_MuonEG_C_v1.root
2026-04-12 12:43:03,055 - INFO - [2023] MISSING_CENTRAL: TTZ2E1Mu/Central/bjets/3/energy in Skim_TriLep_MuonEG_C_v2.root
2026-04-12 12:43:03,055 - INFO - [2023] MISSING_CENTRAL: TTZ2E1Mu/Central/bjets/3/energy in Skim_TriLep_MuonEG_C_v3.root
2026-04-12 12:43:03,056 - INFO - [2023] MISSING_CENTRAL: TTZ2E1Mu/Central/bjets/3/energy in Skim_TriLep_MuonEG_C_v4.root
2026-04-12 12:43:03,056 - INFO - [2023] MISSING_CENTRAL: TTZ2E1Mu/Central/bjets/3/energy in Skim_TriLep_DYJets.root
2026-04-12 12:43:03,057 - INFO - [2023] MISSING_CENTRAL: TTZ2E1Mu/Central/bjets/3/energy in Skim_TriLep_DYJets10to50.root
2026-04-12 12:43:03,057 - INFO - [2023] MISSING_CENTRAL: TTZ2E1Mu/Central/bjets/3/energy in Skim_TriLep_TTG_PTG10to100.root
2026-04-12 12:43:03,057 - INFO - [2023] MISSING_CENTRAL: TTZ2E1Mu/Central/bjets/3/energy in Skim_TriLep_TTG_PTG100to200.root
2026-04-12 12:43:03,058 - INFO - [2023] MISSING_CENTRAL: TTZ2E1Mu/Central/bjets/3/energy in Skim_TriLep_TTG_PTG200toInf.root
2026-04-12 12:43:03,058 - INFO - [2023] MISSING_CENTRAL: TTZ2E1Mu/Central/bjets/3/energy in Skim_TriLep_TTWToLNu.root
2026-04-12 12:43:03,059 - INFO - [2023] MISSING_CENTRAL: TTZ2E1Mu/Central/bjets/3/energy in Skim_TriLep_TTZ_M4to50.root
2026-04-12 12:43:03,108 - INFO - [2023] MISSING_CENTRAL: TTZ2E1Mu/Central/bjets/3/energy in Skim_TriLep_WZTo3LNu_powheg.root
2026-04-12 12:43:03,109 - INFO - [2023] MISSING_CENTRAL: TTZ2E1Mu/Central/bjets/3/energy in Skim_TriLep_ZZTo4L_powheg.root
2026-04-12 12:43:03,110 - INFO - [2023] MISSING_CENTRAL: TTZ2E1Mu/Central/bjets/3/energy in Skim_TriLep_tHq.root
2026-04-12 12:43:03,110 - INFO - [2023] MISSING_CENTRAL: TTZ2E1Mu/Central/bjets/3/energy in Skim_TriLep_WWW.root
2026-04-12 12:43:03,111 - INFO - [2023] MISSING_CENTRAL: TTZ2E1Mu/Central/bjets/3/energy in Skim_TriLep_WWZ.root
2026-04-12 12:43:03,111 - INFO - [2023] MISSING_CENTRAL: TTZ2E1Mu/Central/bjets/3/energy in Skim_TriLep_WZZ.root
2026-04-12 12:43:03,147 - INFO - [2023] MISSING_CENTRAL: TTZ2E1Mu/Central/bjets/3/energy in Skim_TriLep_VBFHToZZTo4L.root
2026-04-12 12:43:03,148 - INFO - [2023] MISSING_CENTRAL: TTZ2E1Mu/Central/bjets/3/energy in Skim_TriLep_ggHToZZTo4L.root
2026-04-12 12:43:03,148 - INFO - [2023BPix] MISSING_CENTRAL: TTZ2E1Mu/Central/bjets/3/energy in Skim_TriLep_MuonEG_D_v1.root
2026-04-12 12:43:03,149 - INFO - [2023BPix] MISSING_CENTRAL: TTZ2E1Mu/Central/bjets/3/energy in Skim_TriLep_MuonEG_D_v2.root
2026-04-12 12:43:03,149 - INFO - [2023BPix] MISSING_CENTRAL: TTZ2E1Mu/Central/bjets/3/energy in Skim_TriLep_DYJets.root
2026-04-12 12:43:03,150 - INFO - [2023BPix] MISSING_CENTRAL: TTZ2E1Mu/Central/bjets/3/energy in Skim_TriLep_DYJets10to50.root
2026-04-12 12:43:03,150 - INFO - [2023BPix] MISSING_CENTRAL: TTZ2E1Mu/Central/bjets/3/energy in Skim_TriLep_TTG_PTG10to100.root
2026-04-12 12:43:03,151 - INFO - [2023BPix] MISSING_CENTRAL: TTZ2E1Mu/Central/bjets/3/energy in Skim_TriLep_TTG_PTG100to200.root
2026-04-12 12:43:03,152 - INFO - [2023BPix] MISSING_CENTRAL: TTZ2E1Mu/Central/bjets/3/energy in Skim_TriLep_TTG_PTG200toInf.root
2026-04-12 12:43:03,169 - INFO - [2023BPix] MISSING_CENTRAL: TTZ2E1Mu/Central/bjets/3/energy in Skim_TriLep_TTZ_M4to50.root
2026-04-12 12:43:03,220 - INFO - [2023BPix] MISSING_CENTRAL: TTZ2E1Mu/Central/bjets/3/energy in Skim_TriLep_WZTo3LNu_powheg.root
2026-04-12 12:43:03,221 - INFO - [2023BPix] MISSING_CENTRAL: TTZ2E1Mu/Central/bjets/3/energy in Skim_TriLep_ZZTo4L_powheg.root
2026-04-12 12:43:03,221 - INFO - [2023BPix] MISSING_CENTRAL: TTZ2E1Mu/Central/bjets/3/energy in Skim_TriLep_tHq.root
2026-04-12 12:43:03,222 - INFO - [2023BPix] MISSING_CENTRAL: TTZ2E1Mu/Central/bjets/3/energy in Skim_TriLep_WWW.root
2026-04-12 12:43:03,222 - INFO - [2023BPix] MISSING_CENTRAL: TTZ2E1Mu/Central/bjets/3/energy in Skim_TriLep_WWZ.root
2026-04-12 12:43:03,223 - INFO - [2023BPix] MISSING_CENTRAL: TTZ2E1Mu/Central/bjets/3/energy in Skim_TriLep_WZZ.root
2026-04-12 12:43:03,260 - INFO - [2023BPix] MISSING_CENTRAL: TTZ2E1Mu/Central/bjets/3/energy in Skim_TriLep_VBFHToZZTo4L.root
2026-04-12 12:43:03,261 - INFO - [2023BPix] MISSING_CENTRAL: TTZ2E1Mu/Central/bjets/3/energy in Skim_TriLep_ggHToZZTo4L.root
2026-04-12 20:51:14,300 - INFO - [2022] MISSING_CENTRAL: TTZ2E1Mu/Central/bjets/3/energy in Skim_TriLep_MuonEG_D.root
2026-04-12 20:51:14,318 - INFO - [2022EE] MISSING_CENTRAL: TTZ2E1Mu/Central/bjets/3/energy in Skim_TriLep_MuonEG_E.root
2026-04-12 20:51:14,318 - INFO - [2022EE] MISSING_CENTRAL: TTZ2E1Mu/Central/bjets/3/energy in Skim_TriLep_MuonEG_F.root
2026-04-12 20:51:14,319 - INFO - [2022EE] MISSING_CENTRAL: TTZ2E1Mu/Central/bjets/3/energy in Skim_TriLep_MuonEG_G.root
2026-04-12 20:51:14,319 - INFO - [2023] MISSING_CENTRAL: TTZ2E1Mu/Central/bjets/3/energy in Skim_TriLep_MuonEG_C_v1.root
2026-04-12 20:51:14,320 - INFO - [2023] MISSING_CENTRAL: TTZ2E1Mu/Central/bjets/3/energy in Skim_TriLep_MuonEG_C_v2.root
2026-04-12 20:51:14,320 - INFO - [2023] MISSING_CENTRAL: TTZ2E1Mu/Central/bjets/3/energy in Skim_TriLep_MuonEG_C_v3.root
2026-04-12 20:51:14,321 - INFO - [2023] MISSING_CENTRAL: TTZ2E1Mu/Central/bjets/3/energy in Skim_TriLep_MuonEG_C_v4.root
2026-04-12 20:51:14,322 - INFO - [2023BPix] MISSING_CENTRAL: TTZ2E1Mu/Central/bjets/3/energy in Skim_TriLep_MuonEG_D_v2.root
2026-04-12 20:51:14,341 - INFO - [2022] MISSING_CENTRAL: TTZ2E1Mu/Central/bjets/3/energy in Skim_TriLep_MuonEG_D.root
2026-04-12 20:51:14,342 - INFO - [2022] MISSING_CENTRAL: TTZ2E1Mu/Central/bjets/3/energy in Skim_TriLep_DYJets.root
2026-04-12 20:51:14,342 - INFO - [2022] MISSING_CENTRAL: TTZ2E1Mu/Central/bjets/3/energy in Skim_TriLep_DYJets10to50.root
2026-04-12 20:51:14,343 - INFO - [2022] MISSING_CENTRAL: TTZ2E1Mu/Central/bjets/3/energy in Skim_TriLep_TTG_PTG10to100.root
2026-04-12 20:51:14,344 - INFO - [2022] MISSING_CENTRAL: TTZ2E1Mu/Central/bjets/3/energy in Skim_TriLep_TTG_PTG100to200.root
2026-04-12 20:51:14,344 - INFO - [2022] MISSING_CENTRAL: TTZ2E1Mu/Central/bjets/3/energy in Skim_TriLep_TTG_PTG200toInf.root
2026-04-12 20:51:14,346 - INFO - [2022] MISSING_CENTRAL: TTZ2E1Mu/Central/bjets/3/energy in Skim_TriLep_TTWToLNu.root
2026-04-12 20:51:14,346 - INFO - [2022] MISSING_CENTRAL: TTZ2E1Mu/Central/bjets/3/energy in Skim_TriLep_TTZ_M4to50.root
2026-04-12 20:51:14,401 - INFO - [2022] MISSING_CENTRAL: TTZ2E1Mu/Central/bjets/3/energy in Skim_TriLep_WZTo3LNu_powheg.root
2026-04-12 20:51:14,401 - INFO - [2022] MISSING_CENTRAL: TTZ2E1Mu/Central/bjets/3/energy in Skim_TriLep_ZZTo4L_powheg.root
2026-04-12 20:51:14,417 - INFO - [2022] MISSING_CENTRAL: TTZ2E1Mu/Central/bjets/3/energy in Skim_TriLep_WWW.root
2026-04-12 20:51:14,418 - INFO - [2022] MISSING_CENTRAL: TTZ2E1Mu/Central/bjets/3/energy in Skim_TriLep_WWZ.root
2026-04-12 20:51:14,419 - INFO - [2022] MISSING_CENTRAL: TTZ2E1Mu/Central/bjets/3/energy in Skim_TriLep_WZZ.root
2026-04-12 20:51:14,419 - INFO - [2022] MISSING_CENTRAL: TTZ2E1Mu/Central/bjets/3/energy in Skim_TriLep_ZZZ.root
2026-04-12 20:51:14,437 - INFO - [2022] MISSING_CENTRAL: TTZ2E1Mu/Central/bjets/3/energy in Skim_TriLep_VBFHToZZTo4L.root
2026-04-12 20:51:14,437 - INFO - [2022] MISSING_CENTRAL: TTZ2E1Mu/Central/bjets/3/energy in Skim_TriLep_ggHToZZTo4L.root
2026-04-12 20:51:14,438 - INFO - [2022EE] MISSING_CENTRAL: TTZ2E1Mu/Central/bjets/3/energy in Skim_TriLep_MuonEG_E.root
2026-04-12 20:51:14,439 - INFO - [2022EE] MISSING_CENTRAL: TTZ2E1Mu/Central/bjets/3/energy in Skim_TriLep_MuonEG_G.root
2026-04-12 20:51:14,440 - INFO - [2022EE] MISSING_CENTRAL: TTZ2E1Mu/Central/bjets/3/energy in Skim_TriLep_DYJets.root
2026-04-12 20:51:14,440 - INFO - [2022EE] MISSING_CENTRAL: TTZ2E1Mu/Central/bjets/3/energy in Skim_TriLep_DYJets10to50.root
2026-04-12 20:51:14,457 - INFO - [2022EE] MISSING_CENTRAL: TTZ2E1Mu/Central/bjets/3/energy in Skim_TriLep_TTG_PTG100to200.root
2026-04-12 20:51:14,458 - INFO - [2022EE] MISSING_CENTRAL: TTZ2E1Mu/Central/bjets/3/energy in Skim_TriLep_TTG_PTG200toInf.root
2026-04-12 20:51:14,461 - INFO - [2022EE] MISSING_SYSTEMATIC: TTZ2E1Mu/ElectronRes_Up/bjets/3/energy in Skim_TriLep_TTWToLNu.root
2026-04-12 20:51:14,461 - INFO - [2022EE] MISSING_SYSTEMATIC: TTZ2E1Mu/ElectronRes_Down/bjets/3/energy in Skim_TriLep_TTWToLNu.root
2026-04-12 20:51:14,536 - INFO - [2022EE] MISSING_CENTRAL: TTZ2E1Mu/Central/bjets/3/energy in Skim_TriLep_WZTo3LNu_powheg.root
2026-04-12 20:51:14,537 - INFO - [2022EE] MISSING_CENTRAL: TTZ2E1Mu/Central/bjets/3/energy in Skim_TriLep_ZZTo4L_powheg.root
2026-04-12 20:51:14,538 - INFO - [2022EE] MISSING_CENTRAL: TTZ2E1Mu/Central/bjets/3/energy in Skim_TriLep_tHq.root
2026-04-12 20:51:14,538 - INFO - [2022EE] MISSING_CENTRAL: TTZ2E1Mu/Central/bjets/3/energy in Skim_TriLep_WWW.root
2026-04-12 20:51:14,539 - INFO - [2022EE] MISSING_CENTRAL: TTZ2E1Mu/Central/bjets/3/energy in Skim_TriLep_WWZ.root
2026-04-12 20:51:14,556 - INFO - [2022EE] MISSING_CENTRAL: TTZ2E1Mu/Central/bjets/3/energy in Skim_TriLep_ZZZ.root
2026-04-12 20:51:14,574 - INFO - [2022EE] MISSING_CENTRAL: TTZ2E1Mu/Central/bjets/3/energy in Skim_TriLep_VBFHToZZTo4L.root
2026-04-12 20:51:14,575 - INFO - [2022EE] MISSING_CENTRAL: TTZ2E1Mu/Central/bjets/3/energy in Skim_TriLep_ggHToZZTo4L.root
2026-04-12 20:51:14,576 - INFO - [2023] MISSING_CENTRAL: TTZ2E1Mu/Central/bjets/3/energy in Skim_TriLep_MuonEG_C_v1.root
2026-04-12 20:51:14,576 - INFO - [2023] MISSING_CENTRAL: TTZ2E1Mu/Central/bjets/3/energy in Skim_TriLep_MuonEG_C_v2.root
2026-04-12 20:51:14,577 - INFO - [2023] MISSING_CENTRAL: TTZ2E1Mu/Central/bjets/3/energy in Skim_TriLep_MuonEG_C_v3.root
2026-04-12 20:51:14,577 - INFO - [2023] MISSING_CENTRAL: TTZ2E1Mu/Central/bjets/3/energy in Skim_TriLep_MuonEG_C_v4.root
2026-04-12 20:51:14,578 - INFO - [2023] MISSING_CENTRAL: TTZ2E1Mu/Central/bjets/3/energy in Skim_TriLep_DYJets.root
2026-04-12 20:51:14,578 - INFO - [2023] MISSING_CENTRAL: TTZ2E1Mu/Central/bjets/3/energy in Skim_TriLep_DYJets10to50.root
2026-04-12 20:51:14,579 - INFO - [2023] MISSING_CENTRAL: TTZ2E1Mu/Central/bjets/3/energy in Skim_TriLep_TTG_PTG10to100.root
2026-04-12 20:51:14,580 - INFO - [2023] MISSING_CENTRAL: TTZ2E1Mu/Central/bjets/3/energy in Skim_TriLep_TTG_PTG100to200.root
2026-04-12 20:51:14,580 - INFO - [2023] MISSING_CENTRAL: TTZ2E1Mu/Central/bjets/3/energy in Skim_TriLep_TTG_PTG200toInf.root
2026-04-12 20:51:14,581 - INFO - [2023] MISSING_CENTRAL: TTZ2E1Mu/Central/bjets/3/energy in Skim_TriLep_TTWToLNu.root
2026-04-12 20:51:14,581 - INFO - [2023] MISSING_CENTRAL: TTZ2E1Mu/Central/bjets/3/energy in Skim_TriLep_TTZ_M4to50.root
2026-04-12 20:51:14,634 - INFO - [2023] MISSING_CENTRAL: TTZ2E1Mu/Central/bjets/3/energy in Skim_TriLep_WZTo3LNu_powheg.root
2026-04-12 20:51:14,635 - INFO - [2023] MISSING_CENTRAL: TTZ2E1Mu/Central/bjets/3/energy in Skim_TriLep_ZZTo4L_powheg.root
2026-04-12 20:51:14,635 - INFO - [2023] MISSING_CENTRAL: TTZ2E1Mu/Central/bjets/3/energy in Skim_TriLep_tHq.root
2026-04-12 20:51:14,636 - INFO - [2023] MISSING_CENTRAL: TTZ2E1Mu/Central/bjets/3/energy in Skim_TriLep_WWW.root
2026-04-12 20:51:14,636 - INFO - [2023] MISSING_CENTRAL: TTZ2E1Mu/Central/bjets/3/energy in Skim_TriLep_WWZ.root
2026-04-12 20:51:14,637 - INFO - [2023] MISSING_CENTRAL: TTZ2E1Mu/Central/bjets/3/energy in Skim_TriLep_WZZ.root
2026-04-12 20:51:14,671 - INFO - [2023] MISSING_CENTRAL: TTZ2E1Mu/Central/bjets/3/energy in Skim_TriLep_VBFHToZZTo4L.root
2026-04-12 20:51:14,672 - INFO - [2023] MISSING_CENTRAL: TTZ2E1Mu/Central/bjets/3/energy in Skim_TriLep_ggHToZZTo4L.root
2026-04-12 20:51:14,673 - INFO - [2023BPix] MISSING_CENTRAL: TTZ2E1Mu/Central/bjets/3/energy in Skim_TriLep_MuonEG_D_v1.root
2026-04-12 20:51:14,673 - INFO - [2023BPix] MISSING_CENTRAL: TTZ2E1Mu/Central/bjets/3/energy in Skim_TriLep_MuonEG_D_v2.root
2026-04-12 20:51:14,674 - INFO - [2023BPix] MISSING_CENTRAL: TTZ2E1Mu/Central/bjets/3/energy in Skim_TriLep_DYJets.root
2026-04-12 20:51:14,674 - INFO - [2023BPix] MISSING_CENTRAL: TTZ2E1Mu/Central/bjets/3/energy in Skim_TriLep_DYJets10to50.root
2026-04-12 20:51:14,675 - INFO - [2023BPix] MISSING_CENTRAL: TTZ2E1Mu/Central/bjets/3/energy in Skim_TriLep_TTG_PTG10to100.root
2026-04-12 20:51:14,676 - INFO - [2023BPix] MISSING_CENTRAL: TTZ2E1Mu/Central/bjets/3/energy in Skim_TriLep_TTG_PTG100to200.root
2026-04-12 20:51:14,676 - INFO - [2023BPix] MISSING_CENTRAL: TTZ2E1Mu/Central/bjets/3/energy in Skim_TriLep_TTG_PTG200toInf.root
2026-04-12 20:51:14,693 - INFO - [2023BPix] MISSING_CENTRAL: TTZ2E1Mu/Central/bjets/3/energy in Skim_TriLep_TTZ_M4to50.root
2026-04-12 20:51:14,746 - INFO - [2023BPix] MISSING_CENTRAL: TTZ2E1Mu/Central/bjets/3/energy in Skim_TriLep_WZTo3LNu_powheg.root
2026-04-12 20:51:14,746 - INFO - [2023BPix] MISSING_CENTRAL: TTZ2E1Mu/Central/bjets/3/energy in Skim_TriLep_ZZTo4L_powheg.root
2026-04-12 20:51:14,747 - INFO - [2023BPix] MISSING_CENTRAL: TTZ2E1Mu/Central/bjets/3/energy in Skim_TriLep_tHq.root
2026-04-12 20:51:14,748 - INFO - [2023BPix] MISSING_CENTRAL: TTZ2E1Mu/Central/bjets/3/energy in Skim_TriLep_WWW.root
2026-04-12 20:51:14,748 - INFO - [2023BPix] MISSING_CENTRAL: TTZ2E1Mu/Central/bjets/3/energy in Skim_TriLep_WWZ.root
2026-04-12 20:51:14,749 - INFO - [2023BPix] MISSING_CENTRAL: TTZ2E1Mu/Central/bjets/3/energy in Skim_TriLep_WZZ.root
2026-04-12 20:51:14,785 - INFO - [2023BPix] MISSING_CENTRAL: TTZ2E1Mu/Central/bjets/3/energy in Skim_TriLep_VBFHToZZTo4L.root
2026-04-12 20:51:14,786 - INFO - [2023BPix] MISSING_CENTRAL: TTZ2E1Mu/Central/bjets/3/energy in Skim_TriLep_ggHToZZTo4L.root
2026-04-12 21:22:48,196 - INFO - [2022] MISSING_CENTRAL: TTZ2E1Mu/Central/bjets/3/energy in Skim_TriLep_MuonEG_D.root
2026-04-12 21:22:48,216 - INFO - [2022EE] MISSING_CENTRAL: TTZ2E1Mu/Central/bjets/3/energy in Skim_TriLep_MuonEG_E.root
2026-04-12 21:22:48,216 - INFO - [2022EE] MISSING_CENTRAL: TTZ2E1Mu/Central/bjets/3/energy in Skim_TriLep_MuonEG_F.root
2026-04-12 21:22:48,217 - INFO - [2022EE] MISSING_CENTRAL: TTZ2E1Mu/Central/bjets/3/energy in Skim_TriLep_MuonEG_G.root
2026-04-12 21:22:48,217 - INFO - [2023] MISSING_CENTRAL: TTZ2E1Mu/Central/bjets/3/energy in Skim_TriLep_MuonEG_C_v1.root
2026-04-12 21:22:48,218 - INFO - [2023] MISSING_CENTRAL: TTZ2E1Mu/Central/bjets/3/energy in Skim_TriLep_MuonEG_C_v2.root
2026-04-12 21:22:48,218 - INFO - [2023] MISSING_CENTRAL: TTZ2E1Mu/Central/bjets/3/energy in Skim_TriLep_MuonEG_C_v3.root
2026-04-12 21:22:48,219 - INFO - [2023] MISSING_CENTRAL: TTZ2E1Mu/Central/bjets/3/energy in Skim_TriLep_MuonEG_C_v4.root
2026-04-12 21:22:48,220 - INFO - [2023BPix] MISSING_CENTRAL: TTZ2E1Mu/Central/bjets/3/energy in Skim_TriLep_MuonEG_D_v2.root
2026-04-12 21:22:48,243 - INFO - [2022] MISSING_CENTRAL: TTZ2E1Mu/Central/bjets/3/energy in Skim_TriLep_MuonEG_D.root
2026-04-12 21:22:48,244 - INFO - [2022] MISSING_CENTRAL: TTZ2E1Mu/Central/bjets/3/energy in Skim_TriLep_DYJets.root
2026-04-12 21:22:48,244 - INFO - [2022] MISSING_CENTRAL: TTZ2E1Mu/Central/bjets/3/energy in Skim_TriLep_DYJets10to50.root
2026-04-12 21:22:48,245 - INFO - [2022] MISSING_CENTRAL: TTZ2E1Mu/Central/bjets/3/energy in Skim_TriLep_TTG_PTG10to100.root
2026-04-12 21:22:48,245 - INFO - [2022] MISSING_CENTRAL: TTZ2E1Mu/Central/bjets/3/energy in Skim_TriLep_TTG_PTG100to200.root
2026-04-12 21:22:48,246 - INFO - [2022] MISSING_CENTRAL: TTZ2E1Mu/Central/bjets/3/energy in Skim_TriLep_TTG_PTG200toInf.root
2026-04-12 21:22:48,247 - INFO - [2022] MISSING_CENTRAL: TTZ2E1Mu/Central/bjets/3/energy in Skim_TriLep_TTWToLNu.root
2026-04-12 21:22:48,248 - INFO - [2022] MISSING_CENTRAL: TTZ2E1Mu/Central/bjets/3/energy in Skim_TriLep_TTZ_M4to50.root
2026-04-12 21:22:48,302 - INFO - [2022] MISSING_CENTRAL: TTZ2E1Mu/Central/bjets/3/energy in Skim_TriLep_WZTo3LNu_powheg.root
2026-04-12 21:22:48,303 - INFO - [2022] MISSING_CENTRAL: TTZ2E1Mu/Central/bjets/3/energy in Skim_TriLep_ZZTo4L_powheg.root
2026-04-12 21:22:48,319 - INFO - [2022] MISSING_CENTRAL: TTZ2E1Mu/Central/bjets/3/energy in Skim_TriLep_WWW.root
2026-04-12 21:22:48,319 - INFO - [2022] MISSING_CENTRAL: TTZ2E1Mu/Central/bjets/3/energy in Skim_TriLep_WWZ.root
2026-04-12 21:22:48,320 - INFO - [2022] MISSING_CENTRAL: TTZ2E1Mu/Central/bjets/3/energy in Skim_TriLep_WZZ.root
2026-04-12 21:22:48,320 - INFO - [2022] MISSING_CENTRAL: TTZ2E1Mu/Central/bjets/3/energy in Skim_TriLep_ZZZ.root
2026-04-12 21:22:48,337 - INFO - [2022] MISSING_CENTRAL: TTZ2E1Mu/Central/bjets/3/energy in Skim_TriLep_VBFHToZZTo4L.root
2026-04-12 21:22:48,338 - INFO - [2022] MISSING_CENTRAL: TTZ2E1Mu/Central/bjets/3/energy in Skim_TriLep_ggHToZZTo4L.root
2026-04-12 21:22:48,338 - INFO - [2022EE] MISSING_CENTRAL: TTZ2E1Mu/Central/bjets/3/energy in Skim_TriLep_MuonEG_E.root
2026-04-12 21:22:48,340 - INFO - [2022EE] MISSING_CENTRAL: TTZ2E1Mu/Central/bjets/3/energy in Skim_TriLep_MuonEG_G.root
2026-04-12 21:22:48,340 - INFO - [2022EE] MISSING_CENTRAL: TTZ2E1Mu/Central/bjets/3/energy in Skim_TriLep_DYJets.root
2026-04-12 21:22:48,341 - INFO - [2022EE] MISSING_CENTRAL: TTZ2E1Mu/Central/bjets/3/energy in Skim_TriLep_DYJets10to50.root
2026-04-12 21:22:48,357 - INFO - [2022EE] MISSING_CENTRAL: TTZ2E1Mu/Central/bjets/3/energy in Skim_TriLep_TTG_PTG100to200.root
2026-04-12 21:22:48,357 - INFO - [2022EE] MISSING_CENTRAL: TTZ2E1Mu/Central/bjets/3/energy in Skim_TriLep_TTG_PTG200toInf.root
2026-04-12 21:22:48,361 - INFO - [2022EE] MISSING_SYSTEMATIC: TTZ2E1Mu/ElectronRes_Up/bjets/3/energy in Skim_TriLep_TTWToLNu.root
2026-04-12 21:22:48,361 - INFO - [2022EE] MISSING_SYSTEMATIC: TTZ2E1Mu/ElectronRes_Down/bjets/3/energy in Skim_TriLep_TTWToLNu.root
2026-04-12 21:22:48,437 - INFO - [2022EE] MISSING_CENTRAL: TTZ2E1Mu/Central/bjets/3/energy in Skim_TriLep_WZTo3LNu_powheg.root
2026-04-12 21:22:48,438 - INFO - [2022EE] MISSING_CENTRAL: TTZ2E1Mu/Central/bjets/3/energy in Skim_TriLep_ZZTo4L_powheg.root
2026-04-12 21:22:48,438 - INFO - [2022EE] MISSING_CENTRAL: TTZ2E1Mu/Central/bjets/3/energy in Skim_TriLep_tHq.root
2026-04-12 21:22:48,438 - INFO - [2022EE] MISSING_CENTRAL: TTZ2E1Mu/Central/bjets/3/energy in Skim_TriLep_WWW.root
2026-04-12 21:22:48,439 - INFO - [2022EE] MISSING_CENTRAL: TTZ2E1Mu/Central/bjets/3/energy in Skim_TriLep_WWZ.root
2026-04-12 21:22:48,455 - INFO - [2022EE] MISSING_CENTRAL: TTZ2E1Mu/Central/bjets/3/energy in Skim_TriLep_ZZZ.root
2026-04-12 21:22:48,473 - INFO - [2022EE] MISSING_CENTRAL: TTZ2E1Mu/Central/bjets/3/energy in Skim_TriLep_VBFHToZZTo4L.root
2026-04-12 21:22:48,473 - INFO - [2022EE] MISSING_CENTRAL: TTZ2E1Mu/Central/bjets/3/energy in Skim_TriLep_ggHToZZTo4L.root
2026-04-12 21:22:48,474 - INFO - [2023] MISSING_CENTRAL: TTZ2E1Mu/Central/bjets/3/energy in Skim_TriLep_MuonEG_C_v1.root
2026-04-12 21:22:48,474 - INFO - [2023] MISSING_CENTRAL: TTZ2E1Mu/Central/bjets/3/energy in Skim_TriLep_MuonEG_C_v2.root
2026-04-12 21:22:48,475 - INFO - [2023] MISSING_CENTRAL: TTZ2E1Mu/Central/bjets/3/energy in Skim_TriLep_MuonEG_C_v3.root
2026-04-12 21:22:48,475 - INFO - [2023] MISSING_CENTRAL: TTZ2E1Mu/Central/bjets/3/energy in Skim_TriLep_MuonEG_C_v4.root
2026-04-12 21:22:48,476 - INFO - [2023] MISSING_CENTRAL: TTZ2E1Mu/Central/bjets/3/energy in Skim_TriLep_DYJets.root
2026-04-12 21:22:48,476 - INFO - [2023] MISSING_CENTRAL: TTZ2E1Mu/Central/bjets/3/energy in Skim_TriLep_DYJets10to50.root
2026-04-12 21:22:48,477 - INFO - [2023] MISSING_CENTRAL: TTZ2E1Mu/Central/bjets/3/energy in Skim_TriLep_TTG_PTG10to100.root
2026-04-12 21:22:48,478 - INFO - [2023] MISSING_CENTRAL: TTZ2E1Mu/Central/bjets/3/energy in Skim_TriLep_TTG_PTG100to200.root
2026-04-12 21:22:48,478 - INFO - [2023] MISSING_CENTRAL: TTZ2E1Mu/Central/bjets/3/energy in Skim_TriLep_TTG_PTG200toInf.root
2026-04-12 21:22:48,479 - INFO - [2023] MISSING_CENTRAL: TTZ2E1Mu/Central/bjets/3/energy in Skim_TriLep_TTWToLNu.root
2026-04-12 21:22:48,479 - INFO - [2023] MISSING_CENTRAL: TTZ2E1Mu/Central/bjets/3/energy in Skim_TriLep_TTZ_M4to50.root
2026-04-12 21:22:48,527 - INFO - [2023] MISSING_CENTRAL: TTZ2E1Mu/Central/bjets/3/energy in Skim_TriLep_WZTo3LNu_powheg.root
2026-04-12 21:22:48,528 - INFO - [2023] MISSING_CENTRAL: TTZ2E1Mu/Central/bjets/3/energy in Skim_TriLep_ZZTo4L_powheg.root
2026-04-12 21:22:48,528 - INFO - [2023] MISSING_CENTRAL: TTZ2E1Mu/Central/bjets/3/energy in Skim_TriLep_tHq.root
2026-04-12 21:22:48,529 - INFO - [2023] MISSING_CENTRAL: TTZ2E1Mu/Central/bjets/3/energy in Skim_TriLep_WWW.root
2026-04-12 21:22:48,529 - INFO - [2023] MISSING_CENTRAL: TTZ2E1Mu/Central/bjets/3/energy in Skim_TriLep_WWZ.root
2026-04-12 21:22:48,530 - INFO - [2023] MISSING_CENTRAL: TTZ2E1Mu/Central/bjets/3/energy in Skim_TriLep_WZZ.root
2026-04-12 21:22:48,563 - INFO - [2023] MISSING_CENTRAL: TTZ2E1Mu/Central/bjets/3/energy in Skim_TriLep_VBFHToZZTo4L.root
2026-04-12 21:22:48,564 - INFO - [2023] MISSING_CENTRAL: TTZ2E1Mu/Central/bjets/3/energy in Skim_TriLep_ggHToZZTo4L.root
2026-04-12 21:22:48,565 - INFO - [2023BPix] MISSING_CENTRAL: TTZ2E1Mu/Central/bjets/3/energy in Skim_TriLep_MuonEG_D_v1.root
2026-04-12 21:22:48,565 - INFO - [2023BPix] MISSING_CENTRAL: TTZ2E1Mu/Central/bjets/3/energy in Skim_TriLep_MuonEG_D_v2.root
2026-04-12 21:22:48,566 - INFO - [2023BPix] MISSING_CENTRAL: TTZ2E1Mu/Central/bjets/3/energy in Skim_TriLep_DYJets.root
2026-04-12 21:22:48,566 - INFO - [2023BPix] MISSING_CENTRAL: TTZ2E1Mu/Central/bjets/3/energy in Skim_TriLep_DYJets10to50.root
2026-04-12 21:22:48,567 - INFO - [2023BPix] MISSING_CENTRAL: TTZ2E1Mu/Central/bjets/3/energy in Skim_TriLep_TTG_PTG10to100.root
2026-04-12 21:22:48,568 - INFO - [2023BPix] MISSING_CENTRAL: TTZ2E1Mu/Central/bjets/3/energy in Skim_TriLep_TTG_PTG100to200.root
2026-04-12 21:22:48,568 - INFO - [2023BPix] MISSING_CENTRAL: TTZ2E1Mu/Central/bjets/3/energy in Skim_TriLep_TTG_PTG200toInf.root
2026-04-12 21:22:48,585 - INFO - [2023BPix] MISSING_CENTRAL: TTZ2E1Mu/Central/bjets/3/energy in Skim_TriLep_TTZ_M4to50.root
2026-04-12 21:22:48,634 - INFO - [2023BPix] MISSING_CENTRAL: TTZ2E1Mu/Central/bjets/3/energy in Skim_TriLep_WZTo3LNu_powheg.root
2026-04-12 21:22:48,635 - INFO - [2023BPix] MISSING_CENTRAL: TTZ2E1Mu/Central/bjets/3/energy in Skim_TriLep_ZZTo4L_powheg.root
2026-04-12 21:22:48,635 - INFO - [2023BPix] MISSING_CENTRAL: TTZ2E1Mu/Central/bjets/3/energy in Skim_TriLep_tHq.root
2026-04-12 21:22:48,636 - INFO - [2023BPix] MISSING_CENTRAL: TTZ2E1Mu/Central/bjets/3/energy in Skim_TriLep_WWW.root
2026-04-12 21:22:48,636 - INFO - [2023BPix] MISSING_CENTRAL: TTZ2E1Mu/Central/bjets/3/energy in Skim_TriLep_WWZ.root
2026-04-12 21:22:48,637 - INFO - [2023BPix] MISSING_CENTRAL: TTZ2E1Mu/Central/bjets/3/energy in Skim_TriLep_WZZ.root
2026-04-12 21:22:48,673 - INFO - [2023BPix] MISSING_CENTRAL: TTZ2E1Mu/Central/bjets/3/energy in Skim_TriLep_VBFHToZZTo4L.root
2026-04-12 21:22:48,674 - INFO - [2023BPix] MISSING_CENTRAL: TTZ2E1Mu/Central/bjets/3/energy in Skim_TriLep_ggHToZZTo4L.root
2026-04-13 13:00:39,112 - INFO - [2022] MISSING_CENTRAL: TTZ2E1Mu/Central/bjets/3/energy in Skim_TriLep_MuonEG_D.root
2026-04-13 13:00:39,133 - INFO - [2022EE] MISSING_CENTRAL: TTZ2E1Mu/Central/bjets/3/energy in Skim_TriLep_MuonEG_E.root
2026-04-13 13:00:39,133 - INFO - [2022EE] MISSING_CENTRAL: TTZ2E1Mu/Central/bjets/3/energy in Skim_TriLep_MuonEG_F.root
2026-04-13 13:00:39,134 - INFO - [2022EE] MISSING_CENTRAL: TTZ2E1Mu/Central/bjets/3/energy in Skim_TriLep_MuonEG_G.root
2026-04-13 13:00:39,134 - INFO - [2023] MISSING_CENTRAL: TTZ2E1Mu/Central/bjets/3/energy in Skim_TriLep_MuonEG_C_v1.root
2026-04-13 13:00:39,135 - INFO - [2023] MISSING_CENTRAL: TTZ2E1Mu/Central/bjets/3/energy in Skim_TriLep_MuonEG_C_v2.root
2026-04-13 13:00:39,135 - INFO - [2023] MISSING_CENTRAL: TTZ2E1Mu/Central/bjets/3/energy in Skim_TriLep_MuonEG_C_v3.root
2026-04-13 13:00:39,136 - INFO - [2023] MISSING_CENTRAL: TTZ2E1Mu/Central/bjets/3/energy in Skim_TriLep_MuonEG_C_v4.root
2026-04-13 13:00:39,137 - INFO - [2023BPix] MISSING_CENTRAL: TTZ2E1Mu/Central/bjets/3/energy in Skim_TriLep_MuonEG_D_v2.root
2026-04-13 13:00:39,153 - INFO - [2022] MISSING_CENTRAL: TTZ2E1Mu/Central/bjets/3/energy in Skim_TriLep_MuonEG_D.root
2026-04-13 13:00:39,153 - INFO - [2022] MISSING_CENTRAL: TTZ2E1Mu/Central/bjets/3/energy in Skim_TriLep_DYJets.root
2026-04-13 13:00:39,154 - INFO - [2022] MISSING_CENTRAL: TTZ2E1Mu/Central/bjets/3/energy in Skim_TriLep_DYJets10to50.root
2026-04-13 13:00:39,154 - INFO - [2022] MISSING_CENTRAL: TTZ2E1Mu/Central/bjets/3/energy in Skim_TriLep_TTG_PTG10to100.root
2026-04-13 13:00:39,155 - INFO - [2022] MISSING_CENTRAL: TTZ2E1Mu/Central/bjets/3/energy in Skim_TriLep_TTG_PTG100to200.root
2026-04-13 13:00:39,155 - INFO - [2022] MISSING_CENTRAL: TTZ2E1Mu/Central/bjets/3/energy in Skim_TriLep_TTG_PTG200toInf.root
2026-04-13 13:00:39,157 - INFO - [2022] MISSING_CENTRAL: TTZ2E1Mu/Central/bjets/3/energy in Skim_TriLep_TTWToLNu.root
2026-04-13 13:00:39,157 - INFO - [2022] MISSING_CENTRAL: TTZ2E1Mu/Central/bjets/3/energy in Skim_TriLep_TTZ_M4to50.root
2026-04-13 13:00:39,224 - INFO - [2022] MISSING_CENTRAL: TTZ2E1Mu/Central/bjets/3/energy in Skim_TriLep_WZTo3LNu_powheg.root
2026-04-13 13:00:39,225 - INFO - [2022] MISSING_CENTRAL: TTZ2E1Mu/Central/bjets/3/energy in Skim_TriLep_ZZTo4L_powheg.root
2026-04-13 13:00:39,240 - INFO - [2022] MISSING_CENTRAL: TTZ2E1Mu/Central/bjets/3/energy in Skim_TriLep_WWW.root
2026-04-13 13:00:39,241 - INFO - [2022] MISSING_CENTRAL: TTZ2E1Mu/Central/bjets/3/energy in Skim_TriLep_WWZ.root
2026-04-13 13:00:39,241 - INFO - [2022] MISSING_CENTRAL: TTZ2E1Mu/Central/bjets/3/energy in Skim_TriLep_WZZ.root
2026-04-13 13:00:39,242 - INFO - [2022] MISSING_CENTRAL: TTZ2E1Mu/Central/bjets/3/energy in Skim_TriLep_ZZZ.root
2026-04-13 13:00:39,263 - INFO - [2022] MISSING_CENTRAL: TTZ2E1Mu/Central/bjets/3/energy in Skim_TriLep_VBFHToZZTo4L.root
2026-04-13 13:00:39,264 - INFO - [2022] MISSING_CENTRAL: TTZ2E1Mu/Central/bjets/3/energy in Skim_TriLep_ggHToZZTo4L.root
2026-04-13 13:00:39,264 - INFO - [2022EE] MISSING_CENTRAL: TTZ2E1Mu/Central/bjets/3/energy in Skim_TriLep_MuonEG_E.root
2026-04-13 13:00:39,266 - INFO - [2022EE] MISSING_CENTRAL: TTZ2E1Mu/Central/bjets/3/energy in Skim_TriLep_MuonEG_G.root
2026-04-13 13:00:39,266 - INFO - [2022EE] MISSING_CENTRAL: TTZ2E1Mu/Central/bjets/3/energy in Skim_TriLep_DYJets.root
2026-04-13 13:00:39,267 - INFO - [2022EE] MISSING_CENTRAL: TTZ2E1Mu/Central/bjets/3/energy in Skim_TriLep_DYJets10to50.root
2026-04-13 13:00:39,281 - INFO - [2022EE] MISSING_CENTRAL: TTZ2E1Mu/Central/bjets/3/energy in Skim_TriLep_TTG_PTG100to200.root
2026-04-13 13:00:39,281 - INFO - [2022EE] MISSING_CENTRAL: TTZ2E1Mu/Central/bjets/3/energy in Skim_TriLep_TTG_PTG200toInf.root
2026-04-13 13:00:39,285 - INFO - [2022EE] MISSING_SYSTEMATIC: TTZ2E1Mu/ElectronRes_Up/bjets/3/energy in Skim_TriLep_TTWToLNu.root
2026-04-13 13:00:39,285 - INFO - [2022EE] MISSING_SYSTEMATIC: TTZ2E1Mu/ElectronRes_Down/bjets/3/energy in Skim_TriLep_TTWToLNu.root
2026-04-13 13:00:39,364 - INFO - [2022EE] MISSING_CENTRAL: TTZ2E1Mu/Central/bjets/3/energy in Skim_TriLep_WZTo3LNu_powheg.root
2026-04-13 13:00:39,365 - INFO - [2022EE] MISSING_CENTRAL: TTZ2E1Mu/Central/bjets/3/energy in Skim_TriLep_ZZTo4L_powheg.root
2026-04-13 13:00:39,366 - INFO - [2022EE] MISSING_CENTRAL: TTZ2E1Mu/Central/bjets/3/energy in Skim_TriLep_tHq.root
2026-04-13 13:00:39,366 - INFO - [2022EE] MISSING_CENTRAL: TTZ2E1Mu/Central/bjets/3/energy in Skim_TriLep_WWW.root
2026-04-13 13:00:39,367 - INFO - [2022EE] MISSING_CENTRAL: TTZ2E1Mu/Central/bjets/3/energy in Skim_TriLep_WWZ.root
2026-04-13 13:00:39,387 - INFO - [2022EE] MISSING_CENTRAL: TTZ2E1Mu/Central/bjets/3/energy in Skim_TriLep_ZZZ.root
2026-04-13 13:00:39,409 - INFO - [2022EE] MISSING_CENTRAL: TTZ2E1Mu/Central/bjets/3/energy in Skim_TriLep_VBFHToZZTo4L.root
2026-04-13 13:00:39,410 - INFO - [2022EE] MISSING_CENTRAL: TTZ2E1Mu/Central/bjets/3/energy in Skim_TriLep_ggHToZZTo4L.root
2026-04-13 13:00:39,410 - INFO - [2023] MISSING_CENTRAL: TTZ2E1Mu/Central/bjets/3/energy in Skim_TriLep_MuonEG_C_v1.root
2026-04-13 13:00:39,411 - INFO - [2023] MISSING_CENTRAL: TTZ2E1Mu/Central/bjets/3/energy in Skim_TriLep_MuonEG_C_v2.root
2026-04-13 13:00:39,411 - INFO - [2023] MISSING_CENTRAL: TTZ2E1Mu/Central/bjets/3/energy in Skim_TriLep_MuonEG_C_v3.root
2026-04-13 13:00:39,412 - INFO - [2023] MISSING_CENTRAL: TTZ2E1Mu/Central/bjets/3/energy in Skim_TriLep_MuonEG_C_v4.root
2026-04-13 13:00:39,412 - INFO - [2023] MISSING_CENTRAL: TTZ2E1Mu/Central/bjets/3/energy in Skim_TriLep_DYJets.root
2026-04-13 13:00:39,413 - INFO - [2023] MISSING_CENTRAL: TTZ2E1Mu/Central/bjets/3/energy in Skim_TriLep_DYJets10to50.root
2026-04-13 13:00:39,413 - INFO - [2023] MISSING_CENTRAL: TTZ2E1Mu/Central/bjets/3/energy in Skim_TriLep_TTG_PTG10to100.root
2026-04-13 13:00:39,414 - INFO - [2023] MISSING_CENTRAL: TTZ2E1Mu/Central/bjets/3/energy in Skim_TriLep_TTG_PTG100to200.root
2026-04-13 13:00:39,415 - INFO - [2023] MISSING_CENTRAL: TTZ2E1Mu/Central/bjets/3/energy in Skim_TriLep_TTG_PTG200toInf.root
2026-04-13 13:00:39,415 - INFO - [2023] MISSING_CENTRAL: TTZ2E1Mu/Central/bjets/3/energy in Skim_TriLep_TTWToLNu.root
2026-04-13 13:00:39,416 - INFO - [2023] MISSING_CENTRAL: TTZ2E1Mu/Central/bjets/3/energy in Skim_TriLep_TTZ_M4to50.root
2026-04-13 13:00:39,474 - INFO - [2023] MISSING_CENTRAL: TTZ2E1Mu/Central/bjets/3/energy in Skim_TriLep_WZTo3LNu_powheg.root
2026-04-13 13:00:39,475 - INFO - [2023] MISSING_CENTRAL: TTZ2E1Mu/Central/bjets/3/energy in Skim_TriLep_ZZTo4L_powheg.root
2026-04-13 13:00:39,476 - INFO - [2023] MISSING_CENTRAL: TTZ2E1Mu/Central/bjets/3/energy in Skim_TriLep_tHq.root
2026-04-13 13:00:39,476 - INFO - [2023] MISSING_CENTRAL: TTZ2E1Mu/Central/bjets/3/energy in Skim_TriLep_WWW.root
2026-04-13 13:00:39,477 - INFO - [2023] MISSING_CENTRAL: TTZ2E1Mu/Central/bjets/3/energy in Skim_TriLep_WWZ.root
2026-04-13 13:00:39,477 - INFO - [2023] MISSING_CENTRAL: TTZ2E1Mu/Central/bjets/3/energy in Skim_TriLep_WZZ.root
2026-04-13 13:00:39,518 - INFO - [2023] MISSING_CENTRAL: TTZ2E1Mu/Central/bjets/3/energy in Skim_TriLep_VBFHToZZTo4L.root
2026-04-13 13:00:39,518 - INFO - [2023] MISSING_CENTRAL: TTZ2E1Mu/Central/bjets/3/energy in Skim_TriLep_ggHToZZTo4L.root
2026-04-13 13:00:39,519 - INFO - [2023BPix] MISSING_CENTRAL: TTZ2E1Mu/Central/bjets/3/energy in Skim_TriLep_MuonEG_D_v1.root
2026-04-13 13:00:39,519 - INFO - [2023BPix] MISSING_CENTRAL: TTZ2E1Mu/Central/bjets/3/energy in Skim_TriLep_MuonEG_D_v2.root
2026-04-13 13:00:39,520 - INFO - [2023BPix] MISSING_CENTRAL: TTZ2E1Mu/Central/bjets/3/energy in Skim_TriLep_DYJets.root
2026-04-13 13:00:39,520 - INFO - [2023BPix] MISSING_CENTRAL: TTZ2E1Mu/Central/bjets/3/energy in Skim_TriLep_DYJets10to50.root
2026-04-13 13:00:39,521 - INFO - [2023BPix] MISSING_CENTRAL: TTZ2E1Mu/Central/bjets/3/energy in Skim_TriLep_TTG_PTG10to100.root
2026-04-13 13:00:39,522 - INFO - [2023BPix] MISSING_CENTRAL: TTZ2E1Mu/Central/bjets/3/energy in Skim_TriLep_TTG_PTG100to200.root
2026-04-13 13:00:39,522 - INFO - [2023BPix] MISSING_CENTRAL: TTZ2E1Mu/Central/bjets/3/energy in Skim_TriLep_TTG_PTG200toInf.root
2026-04-13 13:00:39,543 - INFO - [2023BPix] MISSING_CENTRAL: TTZ2E1Mu/Central/bjets/3/energy in Skim_TriLep_TTZ_M4to50.root
2026-04-13 13:00:39,606 - INFO - [2023BPix] MISSING_CENTRAL: TTZ2E1Mu/Central/bjets/3/energy in Skim_TriLep_WZTo3LNu_powheg.root
2026-04-13 13:00:39,607 - INFO - [2023BPix] MISSING_CENTRAL: TTZ2E1Mu/Central/bjets/3/energy in Skim_TriLep_ZZTo4L_powheg.root
2026-04-13 13:00:39,608 - INFO - [2023BPix] MISSING_CENTRAL: TTZ2E1Mu/Central/bjets/3/energy in Skim_TriLep_tHq.root
2026-04-13 13:00:39,608 - INFO - [2023BPix] MISSING_CENTRAL: TTZ2E1Mu/Central/bjets/3/energy in Skim_TriLep_WWW.root
2026-04-13 13:00:39,609 - INFO - [2023BPix] MISSING_CENTRAL: TTZ2E1Mu/Central/bjets/3/energy in Skim_TriLep_WWZ.root
2026-04-13 13:00:39,610 - INFO - [2023BPix] MISSING_CENTRAL: TTZ2E1Mu/Central/bjets/3/energy in Skim_TriLep_WZZ.root
2026-04-13 13:00:39,655 - INFO - [2023BPix] MISSING_CENTRAL: TTZ2E1Mu/Central/bjets/3/energy in Skim_TriLep_VBFHToZZTo4L.root
2026-04-13 13:00:39,655 - INFO - [2023BPix] MISSING_CENTRAL: TTZ2E1Mu/Central/bjets/3/energy in Skim_TriLep_ggHToZZTo4L.root
2026-04-16 17:43:10,417 - INFO - [2022] MISSING_CENTRAL: TTZ2E1Mu/Central/bjets/3/energy in Skim_TriLep_MuonEG_D.root
2026-04-16 17:43:10,437 - INFO - [2022EE] MISSING_CENTRAL: TTZ2E1Mu/Central/bjets/3/energy in Skim_TriLep_MuonEG_E.root
2026-04-16 17:43:10,437 - INFO - [2022EE] MISSING_CENTRAL: TTZ2E1Mu/Central/bjets/3/energy in Skim_TriLep_MuonEG_F.root
2026-04-16 17:43:10,438 - INFO - [2022EE] MISSING_CENTRAL: TTZ2E1Mu/Central/bjets/3/energy in Skim_TriLep_MuonEG_G.root
2026-04-16 17:43:10,439 - INFO - [2023] MISSING_CENTRAL: TTZ2E1Mu/Central/bjets/3/energy in Skim_TriLep_MuonEG_C_v1.root
2026-04-16 17:43:10,439 - INFO - [2023] MISSING_CENTRAL: TTZ2E1Mu/Central/bjets/3/energy in Skim_TriLep_MuonEG_C_v2.root
2026-04-16 17:43:10,440 - INFO - [2023] MISSING_CENTRAL: TTZ2E1Mu/Central/bjets/3/energy in Skim_TriLep_MuonEG_C_v3.root
2026-04-16 17:43:10,440 - INFO - [2023] MISSING_CENTRAL: TTZ2E1Mu/Central/bjets/3/energy in Skim_TriLep_MuonEG_C_v4.root
2026-04-16 17:43:10,442 - INFO - [2023BPix] MISSING_CENTRAL: TTZ2E1Mu/Central/bjets/3/energy in Skim_TriLep_MuonEG_D_v2.root
2026-04-16 17:43:10,458 - INFO - [2022] MISSING_CENTRAL: TTZ2E1Mu/Central/bjets/3/energy in Skim_TriLep_MuonEG_D.root
2026-04-16 17:43:10,459 - INFO - [2022] MISSING_CENTRAL: TTZ2E1Mu/Central/bjets/3/energy in Skim_TriLep_DYJets.root
2026-04-16 17:43:10,459 - INFO - [2022] MISSING_CENTRAL: TTZ2E1Mu/Central/bjets/3/energy in Skim_TriLep_DYJets10to50.root
2026-04-16 17:43:10,460 - INFO - [2022] MISSING_CENTRAL: TTZ2E1Mu/Central/bjets/3/energy in Skim_TriLep_TTG_PTG10to100.root
2026-04-16 17:43:10,461 - INFO - [2022] MISSING_CENTRAL: TTZ2E1Mu/Central/bjets/3/energy in Skim_TriLep_TTG_PTG100to200.root
2026-04-16 17:43:10,461 - INFO - [2022] MISSING_CENTRAL: TTZ2E1Mu/Central/bjets/3/energy in Skim_TriLep_TTG_PTG200toInf.root
2026-04-16 17:43:10,463 - INFO - [2022] MISSING_CENTRAL: TTZ2E1Mu/Central/bjets/3/energy in Skim_TriLep_TTWToLNu.root
2026-04-16 17:43:10,463 - INFO - [2022] MISSING_CENTRAL: TTZ2E1Mu/Central/bjets/3/energy in Skim_TriLep_TTZ_M4to50.root
2026-04-16 17:43:10,531 - INFO - [2022] MISSING_CENTRAL: TTZ2E1Mu/Central/bjets/3/energy in Skim_TriLep_WZTo3LNu_powheg.root
2026-04-16 17:43:10,532 - INFO - [2022] MISSING_CENTRAL: TTZ2E1Mu/Central/bjets/3/energy in Skim_TriLep_ZZTo4L_powheg.root
2026-04-16 17:43:10,552 - INFO - [2022] MISSING_CENTRAL: TTZ2E1Mu/Central/bjets/3/energy in Skim_TriLep_WWW.root
2026-04-16 17:43:10,552 - INFO - [2022] MISSING_CENTRAL: TTZ2E1Mu/Central/bjets/3/energy in Skim_TriLep_WWZ.root
2026-04-16 17:43:10,553 - INFO - [2022] MISSING_CENTRAL: TTZ2E1Mu/Central/bjets/3/energy in Skim_TriLep_WZZ.root
2026-04-16 17:43:10,553 - INFO - [2022] MISSING_CENTRAL: TTZ2E1Mu/Central/bjets/3/energy in Skim_TriLep_ZZZ.root
2026-04-16 17:43:10,575 - INFO - [2022] MISSING_CENTRAL: TTZ2E1Mu/Central/bjets/3/energy in Skim_TriLep_VBFHToZZTo4L.root
2026-04-16 17:43:10,576 - INFO - [2022] MISSING_CENTRAL: TTZ2E1Mu/Central/bjets/3/energy in Skim_TriLep_ggHToZZTo4L.root
2026-04-16 17:43:10,576 - INFO - [2022EE] MISSING_CENTRAL: TTZ2E1Mu/Central/bjets/3/energy in Skim_TriLep_MuonEG_E.root
2026-04-16 17:43:10,578 - INFO - [2022EE] MISSING_CENTRAL: TTZ2E1Mu/Central/bjets/3/energy in Skim_TriLep_MuonEG_G.root
2026-04-16 17:43:10,578 - INFO - [2022EE] MISSING_CENTRAL: TTZ2E1Mu/Central/bjets/3/energy in Skim_TriLep_DYJets.root
2026-04-16 17:43:10,579 - INFO - [2022EE] MISSING_CENTRAL: TTZ2E1Mu/Central/bjets/3/energy in Skim_TriLep_DYJets10to50.root
2026-04-16 17:43:10,600 - INFO - [2022EE] MISSING_CENTRAL: TTZ2E1Mu/Central/bjets/3/energy in Skim_TriLep_TTG_PTG100to200.root
2026-04-16 17:43:10,601 - INFO - [2022EE] MISSING_CENTRAL: TTZ2E1Mu/Central/bjets/3/energy in Skim_TriLep_TTG_PTG200toInf.root
2026-04-16 17:43:10,606 - INFO - [2022EE] MISSING_SYSTEMATIC: TTZ2E1Mu/ElectronRes_Up/bjets/3/energy in Skim_TriLep_TTWToLNu.root
2026-04-16 17:43:10,607 - INFO - [2022EE] MISSING_SYSTEMATIC: TTZ2E1Mu/ElectronRes_Down/bjets/3/energy in Skim_TriLep_TTWToLNu.root
2026-04-16 17:43:10,697 - INFO - [2022EE] MISSING_CENTRAL: TTZ2E1Mu/Central/bjets/3/energy in Skim_TriLep_WZTo3LNu_powheg.root
2026-04-16 17:43:10,698 - INFO - [2022EE] MISSING_CENTRAL: TTZ2E1Mu/Central/bjets/3/energy in Skim_TriLep_ZZTo4L_powheg.root
2026-04-16 17:43:10,699 - INFO - [2022EE] MISSING_CENTRAL: TTZ2E1Mu/Central/bjets/3/energy in Skim_TriLep_tHq.root
2026-04-16 17:43:10,699 - INFO - [2022EE] MISSING_CENTRAL: TTZ2E1Mu/Central/bjets/3/energy in Skim_TriLep_WWW.root
2026-04-16 17:43:10,700 - INFO - [2022EE] MISSING_CENTRAL: TTZ2E1Mu/Central/bjets/3/energy in Skim_TriLep_WWZ.root
2026-04-16 17:43:10,719 - INFO - [2022EE] MISSING_CENTRAL: TTZ2E1Mu/Central/bjets/3/energy in Skim_TriLep_ZZZ.root
2026-04-16 17:43:10,739 - INFO - [2022EE] MISSING_CENTRAL: TTZ2E1Mu/Central/bjets/3/energy in Skim_TriLep_VBFHToZZTo4L.root
2026-04-16 17:43:10,740 - INFO - [2022EE] MISSING_CENTRAL: TTZ2E1Mu/Central/bjets/3/energy in Skim_TriLep_ggHToZZTo4L.root
2026-04-16 17:43:10,741 - INFO - [2023] MISSING_CENTRAL: TTZ2E1Mu/Central/bjets/3/energy in Skim_TriLep_MuonEG_C_v1.root
2026-04-16 17:43:10,741 - INFO - [2023] MISSING_CENTRAL: TTZ2E1Mu/Central/bjets/3/energy in Skim_TriLep_MuonEG_C_v2.root
2026-04-16 17:43:10,741 - INFO - [2023] MISSING_CENTRAL: TTZ2E1Mu/Central/bjets/3/energy in Skim_TriLep_MuonEG_C_v3.root
2026-04-16 17:43:10,742 - INFO - [2023] MISSING_CENTRAL: TTZ2E1Mu/Central/bjets/3/energy in Skim_TriLep_MuonEG_C_v4.root
2026-04-16 17:43:10,743 - INFO - [2023] MISSING_CENTRAL: TTZ2E1Mu/Central/bjets/3/energy in Skim_TriLep_DYJets.root
2026-04-16 17:43:10,743 - INFO - [2023] MISSING_CENTRAL: TTZ2E1Mu/Central/bjets/3/energy in Skim_TriLep_DYJets10to50.root
2026-04-16 17:43:10,744 - INFO - [2023] MISSING_CENTRAL: TTZ2E1Mu/Central/bjets/3/energy in Skim_TriLep_TTG_PTG10to100.root
2026-04-16 17:43:10,744 - INFO - [2023] MISSING_CENTRAL: TTZ2E1Mu/Central/bjets/3/energy in Skim_TriLep_TTG_PTG100to200.root
2026-04-16 17:43:10,745 - INFO - [2023] MISSING_CENTRAL: TTZ2E1Mu/Central/bjets/3/energy in Skim_TriLep_TTG_PTG200toInf.root
2026-04-16 17:43:10,746 - INFO - [2023] MISSING_CENTRAL: TTZ2E1Mu/Central/bjets/3/energy in Skim_TriLep_TTWToLNu.root
2026-04-16 17:43:10,746 - INFO - [2023] MISSING_CENTRAL: TTZ2E1Mu/Central/bjets/3/energy in Skim_TriLep_TTZ_M4to50.root
2026-04-16 17:43:10,788 - INFO - [2023] MISSING_CENTRAL: TTZ2E1Mu/Central/bjets/3/energy in Skim_TriLep_WZTo3LNu_powheg.root
2026-04-16 17:43:10,789 - INFO - [2023] MISSING_CENTRAL: TTZ2E1Mu/Central/bjets/3/energy in Skim_TriLep_ZZTo4L_powheg.root
2026-04-16 17:43:10,789 - INFO - [2023] MISSING_CENTRAL: TTZ2E1Mu/Central/bjets/3/energy in Skim_TriLep_tHq.root
2026-04-16 17:43:10,789 - INFO - [2023] MISSING_CENTRAL: TTZ2E1Mu/Central/bjets/3/energy in Skim_TriLep_WWW.root
2026-04-16 17:43:10,790 - INFO - [2023] MISSING_CENTRAL: TTZ2E1Mu/Central/bjets/3/energy in Skim_TriLep_WWZ.root
2026-04-16 17:43:10,790 - INFO - [2023] MISSING_CENTRAL: TTZ2E1Mu/Central/bjets/3/energy in Skim_TriLep_WZZ.root
2026-04-16 17:43:10,819 - INFO - [2023] MISSING_CENTRAL: TTZ2E1Mu/Central/bjets/3/energy in Skim_TriLep_VBFHToZZTo4L.root
2026-04-16 17:43:10,819 - INFO - [2023] MISSING_CENTRAL: TTZ2E1Mu/Central/bjets/3/energy in Skim_TriLep_ggHToZZTo4L.root
2026-04-16 17:43:10,820 - INFO - [2023BPix] MISSING_CENTRAL: TTZ2E1Mu/Central/bjets/3/energy in Skim_TriLep_MuonEG_D_v1.root
2026-04-16 17:43:10,820 - INFO - [2023BPix] MISSING_CENTRAL: TTZ2E1Mu/Central/bjets/3/energy in Skim_TriLep_MuonEG_D_v2.root
2026-04-16 17:43:10,821 - INFO - [2023BPix] MISSING_CENTRAL: TTZ2E1Mu/Central/bjets/3/energy in Skim_TriLep_DYJets.root
2026-04-16 17:43:10,821 - INFO - [2023BPix] MISSING_CENTRAL: TTZ2E1Mu/Central/bjets/3/energy in Skim_TriLep_DYJets10to50.root
2026-04-16 17:43:10,821 - INFO - [2023BPix] MISSING_CENTRAL: TTZ2E1Mu/Central/bjets/3/energy in Skim_TriLep_TTG_PTG10to100.root
2026-04-16 17:43:10,822 - INFO - [2023BPix] MISSING_CENTRAL: TTZ2E1Mu/Central/bjets/3/energy in Skim_TriLep_TTG_PTG100to200.root
2026-04-16 17:43:10,822 - INFO - [2023BPix] MISSING_CENTRAL: TTZ2E1Mu/Central/bjets/3/energy in Skim_TriLep_TTG_PTG200toInf.root
2026-04-16 17:43:10,836 - INFO - [2023BPix] MISSING_CENTRAL: TTZ2E1Mu/Central/bjets/3/energy in Skim_TriLep_TTZ_M4to50.root
2026-04-16 17:43:10,877 - INFO - [2023BPix] MISSING_CENTRAL: TTZ2E1Mu/Central/bjets/3/energy in Skim_TriLep_WZTo3LNu_powheg.root
2026-04-16 17:43:10,878 - INFO - [2023BPix] MISSING_CENTRAL: TTZ2E1Mu/Central/bjets/3/energy in Skim_TriLep_ZZTo4L_powheg.root
2026-04-16 17:43:10,878 - INFO - [2023BPix] MISSING_CENTRAL: TTZ2E1Mu/Central/bjets/3/energy in Skim_TriLep_tHq.root
2026-04-16 17:43:10,879 - INFO - [2023BPix] MISSING_CENTRAL: TTZ2E1Mu/Central/bjets/3/energy in Skim_TriLep_WWW.root
2026-04-16 17:43:10,879 - INFO - [2023BPix] MISSING_CENTRAL: TTZ2E1Mu/Central/bjets/3/energy in Skim_TriLep_WWZ.root
2026-04-16 17:43:10,880 - INFO - [2023BPix] MISSING_CENTRAL: TTZ2E1Mu/Central/bjets/3/energy in Skim_TriLep_WZZ.root
2026-04-16 17:43:10,909 - INFO - [2023BPix] MISSING_CENTRAL: TTZ2E1Mu/Central/bjets/3/energy in Skim_TriLep_VBFHToZZTo4L.root
2026-04-16 17:43:10,910 - INFO - [2023BPix] MISSING_CENTRAL: TTZ2E1Mu/Central/bjets/3/energy in Skim_TriLep_ggHToZZTo4L.root
2026-04-28 15:21:56,425 - INFO - [2022] MISSING_CENTRAL: TTZ2E1Mu/Central/bjets/3/energy in Skim_TriLep_MuonEG_D.root
2026-04-28 15:21:56,446 - INFO - [2022EE] MISSING_CENTRAL: TTZ2E1Mu/Central/bjets/3/energy in Skim_TriLep_MuonEG_E.root
2026-04-28 15:21:56,446 - INFO - [2022EE] MISSING_CENTRAL: TTZ2E1Mu/Central/bjets/3/energy in Skim_TriLep_MuonEG_F.root
2026-04-28 15:21:56,446 - INFO - [2022EE] MISSING_CENTRAL: TTZ2E1Mu/Central/bjets/3/energy in Skim_TriLep_MuonEG_G.root
2026-04-28 15:21:56,447 - INFO - [2023] MISSING_CENTRAL: TTZ2E1Mu/Central/bjets/3/energy in Skim_TriLep_MuonEG_C_v1.root
2026-04-28 15:21:56,447 - INFO - [2023] MISSING_CENTRAL: TTZ2E1Mu/Central/bjets/3/energy in Skim_TriLep_MuonEG_C_v2.root
2026-04-28 15:21:56,448 - INFO - [2023] MISSING_CENTRAL: TTZ2E1Mu/Central/bjets/3/energy in Skim_TriLep_MuonEG_C_v3.root
2026-04-28 15:21:56,448 - INFO - [2023] MISSING_CENTRAL: TTZ2E1Mu/Central/bjets/3/energy in Skim_TriLep_MuonEG_C_v4.root
2026-04-28 15:21:56,450 - INFO - [2023BPix] MISSING_CENTRAL: TTZ2E1Mu/Central/bjets/3/energy in Skim_TriLep_MuonEG_D_v2.root
2026-04-28 15:21:56,467 - INFO - [2022] MISSING_CENTRAL: TTZ2E1Mu/Central/bjets/3/energy in Skim_TriLep_MuonEG_D.root
2026-04-28 15:21:56,467 - INFO - [2022] MISSING_CENTRAL: TTZ2E1Mu/Central/bjets/3/energy in Skim_TriLep_DYJets.root
2026-04-28 15:21:56,468 - INFO - [2022] MISSING_CENTRAL: TTZ2E1Mu/Central/bjets/3/energy in Skim_TriLep_DYJets10to50.root
2026-04-28 15:21:56,468 - INFO - [2022] MISSING_CENTRAL: TTZ2E1Mu/Central/bjets/3/energy in Skim_TriLep_TTG_PTG10to100.root
2026-04-28 15:21:56,469 - INFO - [2022] MISSING_CENTRAL: TTZ2E1Mu/Central/bjets/3/energy in Skim_TriLep_TTG_PTG100to200.root
2026-04-28 15:21:56,469 - INFO - [2022] MISSING_CENTRAL: TTZ2E1Mu/Central/bjets/3/energy in Skim_TriLep_TTG_PTG200toInf.root
2026-04-28 15:21:56,471 - INFO - [2022] MISSING_CENTRAL: TTZ2E1Mu/Central/bjets/3/energy in Skim_TriLep_TTWToLNu.root
2026-04-28 15:21:56,472 - INFO - [2022] MISSING_CENTRAL: TTZ2E1Mu/Central/bjets/3/energy in Skim_TriLep_TTZ_M4to50.root
2026-04-28 15:21:56,541 - INFO - [2022] MISSING_CENTRAL: TTZ2E1Mu/Central/bjets/3/energy in Skim_TriLep_WZTo3LNu_powheg.root
2026-04-28 15:21:56,542 - INFO - [2022] MISSING_CENTRAL: TTZ2E1Mu/Central/bjets/3/energy in Skim_TriLep_ZZTo4L_powheg.root
2026-04-28 15:21:56,561 - INFO - [2022] MISSING_CENTRAL: TTZ2E1Mu/Central/bjets/3/energy in Skim_TriLep_WWW.root
2026-04-28 15:21:56,562 - INFO - [2022] MISSING_CENTRAL: TTZ2E1Mu/Central/bjets/3/energy in Skim_TriLep_WWZ.root
2026-04-28 15:21:56,562 - INFO - [2022] MISSING_CENTRAL: TTZ2E1Mu/Central/bjets/3/energy in Skim_TriLep_WZZ.root
2026-04-28 15:21:56,563 - INFO - [2022] MISSING_CENTRAL: TTZ2E1Mu/Central/bjets/3/energy in Skim_TriLep_ZZZ.root
2026-04-28 15:21:56,584 - INFO - [2022] MISSING_CENTRAL: TTZ2E1Mu/Central/bjets/3/energy in Skim_TriLep_VBFHToZZTo4L.root
2026-04-28 15:21:56,584 - INFO - [2022] MISSING_CENTRAL: TTZ2E1Mu/Central/bjets/3/energy in Skim_TriLep_ggHToZZTo4L.root
2026-04-28 15:21:56,585 - INFO - [2022EE] MISSING_CENTRAL: TTZ2E1Mu/Central/bjets/3/energy in Skim_TriLep_MuonEG_E.root
2026-04-28 15:21:56,586 - INFO - [2022EE] MISSING_CENTRAL: TTZ2E1Mu/Central/bjets/3/energy in Skim_TriLep_MuonEG_G.root
2026-04-28 15:21:56,587 - INFO - [2022EE] MISSING_CENTRAL: TTZ2E1Mu/Central/bjets/3/energy in Skim_TriLep_DYJets.root
2026-04-28 15:21:56,587 - INFO - [2022EE] MISSING_CENTRAL: TTZ2E1Mu/Central/bjets/3/energy in Skim_TriLep_DYJets10to50.root
2026-04-28 15:21:56,606 - INFO - [2022EE] MISSING_CENTRAL: TTZ2E1Mu/Central/bjets/3/energy in Skim_TriLep_TTG_PTG100to200.root
2026-04-28 15:21:56,607 - INFO - [2022EE] MISSING_CENTRAL: TTZ2E1Mu/Central/bjets/3/energy in Skim_TriLep_TTG_PTG200toInf.root
2026-04-28 15:21:56,613 - INFO - [2022EE] MISSING_SYSTEMATIC: TTZ2E1Mu/ElectronRes_Up/bjets/3/energy in Skim_TriLep_TTWToLNu.root
2026-04-28 15:21:56,613 - INFO - [2022EE] MISSING_SYSTEMATIC: TTZ2E1Mu/ElectronRes_Down/bjets/3/energy in Skim_TriLep_TTWToLNu.root
2026-04-28 15:21:56,705 - INFO - [2022EE] MISSING_CENTRAL: TTZ2E1Mu/Central/bjets/3/energy in Skim_TriLep_WZTo3LNu_powheg.root
2026-04-28 15:21:56,706 - INFO - [2022EE] MISSING_CENTRAL: TTZ2E1Mu/Central/bjets/3/energy in Skim_TriLep_ZZTo4L_powheg.root
2026-04-28 15:21:56,707 - INFO - [2022EE] MISSING_CENTRAL: TTZ2E1Mu/Central/bjets/3/energy in Skim_TriLep_tHq.root
2026-04-28 15:21:56,707 - INFO - [2022EE] MISSING_CENTRAL: TTZ2E1Mu/Central/bjets/3/energy in Skim_TriLep_WWW.root
2026-04-28 15:21:56,708 - INFO - [2022EE] MISSING_CENTRAL: TTZ2E1Mu/Central/bjets/3/energy in Skim_TriLep_WWZ.root
2026-04-28 15:21:56,727 - INFO - [2022EE] MISSING_CENTRAL: TTZ2E1Mu/Central/bjets/3/energy in Skim_TriLep_ZZZ.root
2026-04-28 15:21:56,750 - INFO - [2022EE] MISSING_CENTRAL: TTZ2E1Mu/Central/bjets/3/energy in Skim_TriLep_VBFHToZZTo4L.root
2026-04-28 15:21:56,750 - INFO - [2022EE] MISSING_CENTRAL: TTZ2E1Mu/Central/bjets/3/energy in Skim_TriLep_ggHToZZTo4L.root
2026-04-28 15:21:56,751 - INFO - [2023] MISSING_CENTRAL: TTZ2E1Mu/Central/bjets/3/energy in Skim_TriLep_MuonEG_C_v1.root
2026-04-28 15:21:56,751 - INFO - [2023] MISSING_CENTRAL: TTZ2E1Mu/Central/bjets/3/energy in Skim_TriLep_MuonEG_C_v2.root
2026-04-28 15:21:56,752 - INFO - [2023] MISSING_CENTRAL: TTZ2E1Mu/Central/bjets/3/energy in Skim_TriLep_MuonEG_C_v3.root
2026-04-28 15:21:56,752 - INFO - [2023] MISSING_CENTRAL: TTZ2E1Mu/Central/bjets/3/energy in Skim_TriLep_MuonEG_C_v4.root
2026-04-28 15:21:56,753 - INFO - [2023] MISSING_CENTRAL: TTZ2E1Mu/Central/bjets/3/energy in Skim_TriLep_DYJets.root
2026-04-28 15:21:56,753 - INFO - [2023] MISSING_CENTRAL: TTZ2E1Mu/Central/bjets/3/energy in Skim_TriLep_DYJets10to50.root
2026-04-28 15:21:56,754 - INFO - [2023] MISSING_CENTRAL: TTZ2E1Mu/Central/bjets/3/energy in Skim_TriLep_TTG_PTG10to100.root
2026-04-28 15:21:56,755 - INFO - [2023] MISSING_CENTRAL: TTZ2E1Mu/Central/bjets/3/energy in Skim_TriLep_TTG_PTG100to200.root
2026-04-28 15:21:56,755 - INFO - [2023] MISSING_CENTRAL: TTZ2E1Mu/Central/bjets/3/energy in Skim_TriLep_TTG_PTG200toInf.root
2026-04-28 15:21:56,756 - INFO - [2023] MISSING_CENTRAL: TTZ2E1Mu/Central/bjets/3/energy in Skim_TriLep_TTWToLNu.root
2026-04-28 15:21:56,757 - INFO - [2023] MISSING_CENTRAL: TTZ2E1Mu/Central/bjets/3/energy in Skim_TriLep_TTZ_M4to50.root
2026-04-28 15:21:56,816 - INFO - [2023] MISSING_CENTRAL: TTZ2E1Mu/Central/bjets/3/energy in Skim_TriLep_WZTo3LNu_powheg.root
2026-04-28 15:21:56,817 - INFO - [2023] MISSING_CENTRAL: TTZ2E1Mu/Central/bjets/3/energy in Skim_TriLep_ZZTo4L_powheg.root
2026-04-28 15:21:56,817 - INFO - [2023] MISSING_CENTRAL: TTZ2E1Mu/Central/bjets/3/energy in Skim_TriLep_tHq.root
2026-04-28 15:21:56,818 - INFO - [2023] MISSING_CENTRAL: TTZ2E1Mu/Central/bjets/3/energy in Skim_TriLep_WWW.root
2026-04-28 15:21:56,818 - INFO - [2023] MISSING_CENTRAL: TTZ2E1Mu/Central/bjets/3/energy in Skim_TriLep_WWZ.root
2026-04-28 15:21:56,819 - INFO - [2023] MISSING_CENTRAL: TTZ2E1Mu/Central/bjets/3/energy in Skim_TriLep_WZZ.root
2026-04-28 15:21:56,861 - INFO - [2023] MISSING_CENTRAL: TTZ2E1Mu/Central/bjets/3/energy in Skim_TriLep_VBFHToZZTo4L.root
2026-04-28 15:21:56,861 - INFO - [2023] MISSING_CENTRAL: TTZ2E1Mu/Central/bjets/3/energy in Skim_TriLep_ggHToZZTo4L.root
2026-04-28 15:21:56,862 - INFO - [2023BPix] MISSING_CENTRAL: TTZ2E1Mu/Central/bjets/3/energy in Skim_TriLep_MuonEG_D_v1.root
2026-04-28 15:21:56,863 - INFO - [2023BPix] MISSING_CENTRAL: TTZ2E1Mu/Central/bjets/3/energy in Skim_TriLep_MuonEG_D_v2.root
2026-04-28 15:21:56,863 - INFO - [2023BPix] MISSING_CENTRAL: TTZ2E1Mu/Central/bjets/3/energy in Skim_TriLep_DYJets.root
2026-04-28 15:21:56,864 - INFO - [2023BPix] MISSING_CENTRAL: TTZ2E1Mu/Central/bjets/3/energy in Skim_TriLep_DYJets10to50.root
2026-04-28 15:21:56,864 - INFO - [2023BPix] MISSING_CENTRAL: TTZ2E1Mu/Central/bjets/3/energy in Skim_TriLep_TTG_PTG10to100.root
2026-04-28 15:21:56,865 - INFO - [2023BPix] MISSING_CENTRAL: TTZ2E1Mu/Central/bjets/3/energy in Skim_TriLep_TTG_PTG100to200.root
2026-04-28 15:21:56,866 - INFO - [2023BPix] MISSING_CENTRAL: TTZ2E1Mu/Central/bjets/3/energy in Skim_TriLep_TTG_PTG200toInf.root
2026-04-28 15:21:56,886 - INFO - [2023BPix] MISSING_CENTRAL: TTZ2E1Mu/Central/bjets/3/energy in Skim_TriLep_TTZ_M4to50.root
2026-04-28 15:21:56,946 - INFO - [2023BPix] MISSING_CENTRAL: TTZ2E1Mu/Central/bjets/3/energy in Skim_TriLep_WZTo3LNu_powheg.root
2026-04-28 15:21:56,946 - INFO - [2023BPix] MISSING_CENTRAL: TTZ2E1Mu/Central/bjets/3/energy in Skim_TriLep_ZZTo4L_powheg.root
2026-04-28 15:21:56,947 - INFO - [2023BPix] MISSING_CENTRAL: TTZ2E1Mu/Central/bjets/3/energy in Skim_TriLep_tHq.root
2026-04-28 15:21:56,947 - INFO - [2023BPix] MISSING_CENTRAL: TTZ2E1Mu/Central/bjets/3/energy in Skim_TriLep_WWW.root
2026-04-28 15:21:56,948 - INFO - [2023BPix] MISSING_CENTRAL: TTZ2E1Mu/Central/bjets/3/energy in Skim_TriLep_WWZ.root
2026-04-28 15:21:56,949 - INFO - [2023BPix] MISSING_CENTRAL: TTZ2E1Mu/Central/bjets/3/energy in Skim_TriLep_WZZ.root
2026-04-28 15:21:56,990 - INFO - [2023BPix] MISSING_CENTRAL: TTZ2E1Mu/Central/bjets/3/energy in Skim_TriLep_VBFHToZZTo4L.root
2026-04-28 15:21:56,991 - INFO - [2023BPix] MISSING_CENTRAL: TTZ2E1Mu/Central/bjets/3/energy in Skim_TriLep_ggHToZZTo4L.root
2026-04-28 20:35:00,328 - INFO - [2022] MISSING_CENTRAL: TTZ2E1Mu/Central/bjets/3/energy in Skim_TriLep_MuonEG_D.root
2026-04-28 20:35:00,343 - INFO - [2022EE] MISSING_CENTRAL: TTZ2E1Mu/Central/bjets/3/energy in Skim_TriLep_MuonEG_E.root
2026-04-28 20:35:00,344 - INFO - [2022EE] MISSING_CENTRAL: TTZ2E1Mu/Central/bjets/3/energy in Skim_TriLep_MuonEG_F.root
2026-04-28 20:35:00,344 - INFO - [2022EE] MISSING_CENTRAL: TTZ2E1Mu/Central/bjets/3/energy in Skim_TriLep_MuonEG_G.root
2026-04-28 20:35:00,344 - INFO - [2023] MISSING_CENTRAL: TTZ2E1Mu/Central/bjets/3/energy in Skim_TriLep_MuonEG_C_v1.root
2026-04-28 20:35:00,345 - INFO - [2023] MISSING_CENTRAL: TTZ2E1Mu/Central/bjets/3/energy in Skim_TriLep_MuonEG_C_v2.root
2026-04-28 20:35:00,345 - INFO - [2023] MISSING_CENTRAL: TTZ2E1Mu/Central/bjets/3/energy in Skim_TriLep_MuonEG_C_v3.root
2026-04-28 20:35:00,345 - INFO - [2023] MISSING_CENTRAL: TTZ2E1Mu/Central/bjets/3/energy in Skim_TriLep_MuonEG_C_v4.root
2026-04-28 20:35:00,346 - INFO - [2023BPix] MISSING_CENTRAL: TTZ2E1Mu/Central/bjets/3/energy in Skim_TriLep_MuonEG_D_v2.root
2026-04-28 20:35:00,359 - INFO - [2022] MISSING_CENTRAL: TTZ2E1Mu/Central/bjets/3/energy in Skim_TriLep_MuonEG_D.root
2026-04-28 20:35:00,359 - INFO - [2022] MISSING_CENTRAL: TTZ2E1Mu/Central/bjets/3/energy in Skim_TriLep_DYJets.root
2026-04-28 20:35:00,360 - INFO - [2022] MISSING_CENTRAL: TTZ2E1Mu/Central/bjets/3/energy in Skim_TriLep_DYJets10to50.root
2026-04-28 20:35:00,360 - INFO - [2022] MISSING_CENTRAL: TTZ2E1Mu/Central/bjets/3/energy in Skim_TriLep_TTG_PTG10to100.root
2026-04-28 20:35:00,360 - INFO - [2022] MISSING_CENTRAL: TTZ2E1Mu/Central/bjets/3/energy in Skim_TriLep_TTG_PTG100to200.root
2026-04-28 20:35:00,361 - INFO - [2022] MISSING_CENTRAL: TTZ2E1Mu/Central/bjets/3/energy in Skim_TriLep_TTG_PTG200toInf.root
2026-04-28 20:35:00,362 - INFO - [2022] MISSING_CENTRAL: TTZ2E1Mu/Central/bjets/3/energy in Skim_TriLep_TTWToLNu.root
2026-04-28 20:35:00,362 - INFO - [2022] MISSING_CENTRAL: TTZ2E1Mu/Central/bjets/3/energy in Skim_TriLep_TTZ_M4to50.root
2026-04-28 20:35:00,409 - INFO - [2022] MISSING_CENTRAL: TTZ2E1Mu/Central/bjets/3/energy in Skim_TriLep_WZTo3LNu_powheg.root
2026-04-28 20:35:00,410 - INFO - [2022] MISSING_CENTRAL: TTZ2E1Mu/Central/bjets/3/energy in Skim_TriLep_ZZTo4L_powheg.root
2026-04-28 20:35:00,423 - INFO - [2022] MISSING_CENTRAL: TTZ2E1Mu/Central/bjets/3/energy in Skim_TriLep_WWW.root
2026-04-28 20:35:00,423 - INFO - [2022] MISSING_CENTRAL: TTZ2E1Mu/Central/bjets/3/energy in Skim_TriLep_WWZ.root
2026-04-28 20:35:00,424 - INFO - [2022] MISSING_CENTRAL: TTZ2E1Mu/Central/bjets/3/energy in Skim_TriLep_WZZ.root
2026-04-28 20:35:00,424 - INFO - [2022] MISSING_CENTRAL: TTZ2E1Mu/Central/bjets/3/energy in Skim_TriLep_ZZZ.root
2026-04-28 20:35:00,438 - INFO - [2022] MISSING_CENTRAL: TTZ2E1Mu/Central/bjets/3/energy in Skim_TriLep_VBFHToZZTo4L.root
2026-04-28 20:35:00,439 - INFO - [2022] MISSING_CENTRAL: TTZ2E1Mu/Central/bjets/3/energy in Skim_TriLep_ggHToZZTo4L.root
2026-04-28 20:35:00,439 - INFO - [2022EE] MISSING_CENTRAL: TTZ2E1Mu/Central/bjets/3/energy in Skim_TriLep_MuonEG_E.root
2026-04-28 20:35:00,440 - INFO - [2022EE] MISSING_CENTRAL: TTZ2E1Mu/Central/bjets/3/energy in Skim_TriLep_MuonEG_G.root
2026-04-28 20:35:00,441 - INFO - [2022EE] MISSING_CENTRAL: TTZ2E1Mu/Central/bjets/3/energy in Skim_TriLep_DYJets.root
2026-04-28 20:35:00,441 - INFO - [2022EE] MISSING_CENTRAL: TTZ2E1Mu/Central/bjets/3/energy in Skim_TriLep_DYJets10to50.root
2026-04-28 20:35:00,454 - INFO - [2022EE] MISSING_CENTRAL: TTZ2E1Mu/Central/bjets/3/energy in Skim_TriLep_TTG_PTG100to200.root
2026-04-28 20:35:00,455 - INFO - [2022EE] MISSING_CENTRAL: TTZ2E1Mu/Central/bjets/3/energy in Skim_TriLep_TTG_PTG200toInf.root
2026-04-28 20:35:00,459 - INFO - [2022EE] MISSING_SYSTEMATIC: TTZ2E1Mu/ElectronRes_Up/bjets/3/energy in Skim_TriLep_TTWToLNu.root
2026-04-28 20:35:00,459 - INFO - [2022EE] MISSING_SYSTEMATIC: TTZ2E1Mu/ElectronRes_Down/bjets/3/energy in Skim_TriLep_TTWToLNu.root
2026-04-28 20:35:00,519 - INFO - [2022EE] MISSING_CENTRAL: TTZ2E1Mu/Central/bjets/3/energy in Skim_TriLep_WZTo3LNu_powheg.root
2026-04-28 20:35:00,519 - INFO - [2022EE] MISSING_CENTRAL: TTZ2E1Mu/Central/bjets/3/energy in Skim_TriLep_ZZTo4L_powheg.root
2026-04-28 20:35:00,520 - INFO - [2022EE] MISSING_CENTRAL: TTZ2E1Mu/Central/bjets/3/energy in Skim_TriLep_tHq.root
2026-04-28 20:35:00,520 - INFO - [2022EE] MISSING_CENTRAL: TTZ2E1Mu/Central/bjets/3/energy in Skim_TriLep_WWW.root
2026-04-28 20:35:00,521 - INFO - [2022EE] MISSING_CENTRAL: TTZ2E1Mu/Central/bjets/3/energy in Skim_TriLep_WWZ.root
2026-04-28 20:35:00,534 - INFO - [2022EE] MISSING_CENTRAL: TTZ2E1Mu/Central/bjets/3/energy in Skim_TriLep_ZZZ.root
2026-04-28 20:35:00,548 - INFO - [2022EE] MISSING_CENTRAL: TTZ2E1Mu/Central/bjets/3/energy in Skim_TriLep_VBFHToZZTo4L.root
2026-04-28 20:35:00,549 - INFO - [2022EE] MISSING_CENTRAL: TTZ2E1Mu/Central/bjets/3/energy in Skim_TriLep_ggHToZZTo4L.root
2026-04-28 20:35:00,549 - INFO - [2023] MISSING_CENTRAL: TTZ2E1Mu/Central/bjets/3/energy in Skim_TriLep_MuonEG_C_v1.root
2026-04-28 20:35:00,549 - INFO - [2023] MISSING_CENTRAL: TTZ2E1Mu/Central/bjets/3/energy in Skim_TriLep_MuonEG_C_v2.root
2026-04-28 20:35:00,550 - INFO - [2023] MISSING_CENTRAL: TTZ2E1Mu/Central/bjets/3/energy in Skim_TriLep_MuonEG_C_v3.root
2026-04-28 20:35:00,550 - INFO - [2023] MISSING_CENTRAL: TTZ2E1Mu/Central/bjets/3/energy in Skim_TriLep_MuonEG_C_v4.root
2026-04-28 20:35:00,551 - INFO - [2023] MISSING_CENTRAL: TTZ2E1Mu/Central/bjets/3/energy in Skim_TriLep_DYJets.root
2026-04-28 20:35:00,551 - INFO - [2023] MISSING_CENTRAL: TTZ2E1Mu/Central/bjets/3/energy in Skim_TriLep_DYJets10to50.root
2026-04-28 20:35:00,551 - INFO - [2023] MISSING_CENTRAL: TTZ2E1Mu/Central/bjets/3/energy in Skim_TriLep_TTG_PTG10to100.root
2026-04-28 20:35:00,552 - INFO - [2023] MISSING_CENTRAL: TTZ2E1Mu/Central/bjets/3/energy in Skim_TriLep_TTG_PTG100to200.root
2026-04-28 20:35:00,552 - INFO - [2023] MISSING_CENTRAL: TTZ2E1Mu/Central/bjets/3/energy in Skim_TriLep_TTG_PTG200toInf.root
2026-04-28 20:35:00,553 - INFO - [2023] MISSING_CENTRAL: TTZ2E1Mu/Central/bjets/3/energy in Skim_TriLep_TTWToLNu.root
2026-04-28 20:35:00,553 - INFO - [2023] MISSING_CENTRAL: TTZ2E1Mu/Central/bjets/3/energy in Skim_TriLep_TTZ_M4to50.root
2026-04-28 20:35:00,592 - INFO - [2023] MISSING_CENTRAL: TTZ2E1Mu/Central/bjets/3/energy in Skim_TriLep_WZTo3LNu_powheg.root
2026-04-28 20:35:00,592 - INFO - [2023] MISSING_CENTRAL: TTZ2E1Mu/Central/bjets/3/energy in Skim_TriLep_ZZTo4L_powheg.root
2026-04-28 20:35:00,593 - INFO - [2023] MISSING_CENTRAL: TTZ2E1Mu/Central/bjets/3/energy in Skim_TriLep_tHq.root
2026-04-28 20:35:00,593 - INFO - [2023] MISSING_CENTRAL: TTZ2E1Mu/Central/bjets/3/energy in Skim_TriLep_WWW.root
2026-04-28 20:35:00,593 - INFO - [2023] MISSING_CENTRAL: TTZ2E1Mu/Central/bjets/3/energy in Skim_TriLep_WWZ.root
2026-04-28 20:35:00,594 - INFO - [2023] MISSING_CENTRAL: TTZ2E1Mu/Central/bjets/3/energy in Skim_TriLep_WZZ.root
2026-04-28 20:35:00,621 - INFO - [2023] MISSING_CENTRAL: TTZ2E1Mu/Central/bjets/3/energy in Skim_TriLep_VBFHToZZTo4L.root
2026-04-28 20:35:00,621 - INFO - [2023] MISSING_CENTRAL: TTZ2E1Mu/Central/bjets/3/energy in Skim_TriLep_ggHToZZTo4L.root
2026-04-28 20:35:00,621 - INFO - [2023BPix] MISSING_CENTRAL: TTZ2E1Mu/Central/bjets/3/energy in Skim_TriLep_MuonEG_D_v1.root
2026-04-28 20:35:00,622 - INFO - [2023BPix] MISSING_CENTRAL: TTZ2E1Mu/Central/bjets/3/energy in Skim_TriLep_MuonEG_D_v2.root
2026-04-28 20:35:00,622 - INFO - [2023BPix] MISSING_CENTRAL: TTZ2E1Mu/Central/bjets/3/energy in Skim_TriLep_DYJets.root
2026-04-28 20:35:00,623 - INFO - [2023BPix] MISSING_CENTRAL: TTZ2E1Mu/Central/bjets/3/energy in Skim_TriLep_DYJets10to50.root
2026-04-28 20:35:00,623 - INFO - [2023BPix] MISSING_CENTRAL: TTZ2E1Mu/Central/bjets/3/energy in Skim_TriLep_TTG_PTG10to100.root
2026-04-28 20:35:00,623 - INFO - [2023BPix] MISSING_CENTRAL: TTZ2E1Mu/Central/bjets/3/energy in Skim_TriLep_TTG_PTG100to200.root
2026-04-28 20:35:00,624 - INFO - [2023BPix] MISSING_CENTRAL: TTZ2E1Mu/Central/bjets/3/energy in Skim_TriLep_TTG_PTG200toInf.root
2026-04-28 20:35:00,637 - INFO - [2023BPix] MISSING_CENTRAL: TTZ2E1Mu/Central/bjets/3/energy in Skim_TriLep_TTZ_M4to50.root
2026-04-28 20:35:00,676 - INFO - [2023BPix] MISSING_CENTRAL: TTZ2E1Mu/Central/bjets/3/energy in Skim_TriLep_WZTo3LNu_powheg.root
2026-04-28 20:35:00,677 - INFO - [2023BPix] MISSING_CENTRAL: TTZ2E1Mu/Central/bjets/3/energy in Skim_TriLep_ZZTo4L_powheg.root
2026-04-28 20:35:00,677 - INFO - [2023BPix] MISSING_CENTRAL: TTZ2E1Mu/Central/bjets/3/energy in Skim_TriLep_tHq.root
2026-04-28 20:35:00,677 - INFO - [2023BPix] MISSING_CENTRAL: TTZ2E1Mu/Central/bjets/3/energy in Skim_TriLep_WWW.root
2026-04-28 20:35:00,678 - INFO - [2023BPix] MISSING_CENTRAL: TTZ2E1Mu/Central/bjets/3/energy in Skim_TriLep_WWZ.root
2026-04-28 20:35:00,678 - INFO - [2023BPix] MISSING_CENTRAL: TTZ2E1Mu/Central/bjets/3/energy in Skim_TriLep_WZZ.root
2026-04-28 20:35:00,706 - INFO - [2023BPix] MISSING_CENTRAL: TTZ2E1Mu/Central/bjets/3/energy in Skim_TriLep_VBFHToZZTo4L.root
2026-04-28 20:35:00,707 - INFO - [2023BPix] MISSING_CENTRAL: TTZ2E1Mu/Central/bjets/3/energy in Skim_TriLep_ggHToZZTo4L.root
2026-05-04 15:41:41,008 - INFO - [2022] MISSING_CENTRAL: TTZ2E1Mu/Central/bjets/3/energy in Skim_TriLep_MuonEG_D.root
2026-05-04 15:41:41,028 - INFO - [2022EE] MISSING_CENTRAL: TTZ2E1Mu/Central/bjets/3/energy in Skim_TriLep_MuonEG_E.root
2026-05-04 15:41:41,028 - INFO - [2022EE] MISSING_CENTRAL: TTZ2E1Mu/Central/bjets/3/energy in Skim_TriLep_MuonEG_F.root
2026-05-04 15:41:41,029 - INFO - [2022EE] MISSING_CENTRAL: TTZ2E1Mu/Central/bjets/3/energy in Skim_TriLep_MuonEG_G.root
2026-05-04 15:41:41,029 - INFO - [2023] MISSING_CENTRAL: TTZ2E1Mu/Central/bjets/3/energy in Skim_TriLep_MuonEG_C_v1.root
2026-05-04 15:41:41,030 - INFO - [2023] MISSING_CENTRAL: TTZ2E1Mu/Central/bjets/3/energy in Skim_TriLep_MuonEG_C_v2.root
2026-05-04 15:41:41,030 - INFO - [2023] MISSING_CENTRAL: TTZ2E1Mu/Central/bjets/3/energy in Skim_TriLep_MuonEG_C_v3.root
2026-05-04 15:41:41,031 - INFO - [2023] MISSING_CENTRAL: TTZ2E1Mu/Central/bjets/3/energy in Skim_TriLep_MuonEG_C_v4.root
2026-05-04 15:41:41,032 - INFO - [2023BPix] MISSING_CENTRAL: TTZ2E1Mu/Central/bjets/3/energy in Skim_TriLep_MuonEG_D_v2.root
2026-05-04 15:41:41,049 - INFO - [2022] MISSING_CENTRAL: TTZ2E1Mu/Central/bjets/3/energy in Skim_TriLep_MuonEG_D.root
2026-05-04 15:41:41,049 - INFO - [2022] MISSING_CENTRAL: TTZ2E1Mu/Central/bjets/3/energy in Skim_TriLep_DYJets.root
2026-05-04 15:41:41,050 - INFO - [2022] MISSING_CENTRAL: TTZ2E1Mu/Central/bjets/3/energy in Skim_TriLep_DYJets10to50.root
2026-05-04 15:41:41,050 - INFO - [2022] MISSING_CENTRAL: TTZ2E1Mu/Central/bjets/3/energy in Skim_TriLep_TTG_PTG10to100.root
2026-05-04 15:41:41,051 - INFO - [2022] MISSING_CENTRAL: TTZ2E1Mu/Central/bjets/3/energy in Skim_TriLep_TTG_PTG100to200.root
2026-05-04 15:41:41,052 - INFO - [2022] MISSING_CENTRAL: TTZ2E1Mu/Central/bjets/3/energy in Skim_TriLep_TTG_PTG200toInf.root
2026-05-04 15:41:41,053 - INFO - [2022] MISSING_CENTRAL: TTZ2E1Mu/Central/bjets/3/energy in Skim_TriLep_TTWToLNu.root
2026-05-04 15:41:41,054 - INFO - [2022] MISSING_CENTRAL: TTZ2E1Mu/Central/bjets/3/energy in Skim_TriLep_TTZ_M4to50.root
2026-05-04 15:41:41,126 - INFO - [2022] MISSING_CENTRAL: TTZ2E1Mu/Central/bjets/3/energy in Skim_TriLep_WZTo3LNu_powheg.root
2026-05-04 15:41:41,127 - INFO - [2022] MISSING_CENTRAL: TTZ2E1Mu/Central/bjets/3/energy in Skim_TriLep_ZZTo4L_powheg.root
2026-05-04 15:41:41,147 - INFO - [2022] MISSING_CENTRAL: TTZ2E1Mu/Central/bjets/3/energy in Skim_TriLep_WWW.root
2026-05-04 15:41:41,147 - INFO - [2022] MISSING_CENTRAL: TTZ2E1Mu/Central/bjets/3/energy in Skim_TriLep_WWZ.root
2026-05-04 15:41:41,148 - INFO - [2022] MISSING_CENTRAL: TTZ2E1Mu/Central/bjets/3/energy in Skim_TriLep_WZZ.root
2026-05-04 15:41:41,149 - INFO - [2022] MISSING_CENTRAL: TTZ2E1Mu/Central/bjets/3/energy in Skim_TriLep_ZZZ.root
2026-05-04 15:41:41,170 - INFO - [2022] MISSING_CENTRAL: TTZ2E1Mu/Central/bjets/3/energy in Skim_TriLep_VBFHToZZTo4L.root
2026-05-04 15:41:41,171 - INFO - [2022] MISSING_CENTRAL: TTZ2E1Mu/Central/bjets/3/energy in Skim_TriLep_ggHToZZTo4L.root
2026-05-04 15:41:41,171 - INFO - [2022EE] MISSING_CENTRAL: TTZ2E1Mu/Central/bjets/3/energy in Skim_TriLep_MuonEG_E.root
2026-05-04 15:41:41,172 - INFO - [2022EE] MISSING_CENTRAL: TTZ2E1Mu/Central/bjets/3/energy in Skim_TriLep_MuonEG_G.root
2026-05-04 15:41:41,173 - INFO - [2022EE] MISSING_CENTRAL: TTZ2E1Mu/Central/bjets/3/energy in Skim_TriLep_DYJets.root
2026-05-04 15:41:41,174 - INFO - [2022EE] MISSING_CENTRAL: TTZ2E1Mu/Central/bjets/3/energy in Skim_TriLep_DYJets10to50.root
2026-05-04 15:41:41,193 - INFO - [2022EE] MISSING_CENTRAL: TTZ2E1Mu/Central/bjets/3/energy in Skim_TriLep_TTG_PTG100to200.root
2026-05-04 15:41:41,194 - INFO - [2022EE] MISSING_CENTRAL: TTZ2E1Mu/Central/bjets/3/energy in Skim_TriLep_TTG_PTG200toInf.root
2026-05-04 15:41:41,199 - INFO - [2022EE] MISSING_SYSTEMATIC: TTZ2E1Mu/ElectronRes_Up/bjets/3/energy in Skim_TriLep_TTWToLNu.root
2026-05-04 15:41:41,199 - INFO - [2022EE] MISSING_SYSTEMATIC: TTZ2E1Mu/ElectronRes_Down/bjets/3/energy in Skim_TriLep_TTWToLNu.root
2026-05-04 15:41:41,288 - INFO - [2022EE] MISSING_CENTRAL: TTZ2E1Mu/Central/bjets/3/energy in Skim_TriLep_WZTo3LNu_powheg.root
2026-05-04 15:41:41,288 - INFO - [2022EE] MISSING_CENTRAL: TTZ2E1Mu/Central/bjets/3/energy in Skim_TriLep_ZZTo4L_powheg.root
2026-05-04 15:41:41,289 - INFO - [2022EE] MISSING_CENTRAL: TTZ2E1Mu/Central/bjets/3/energy in Skim_TriLep_tHq.root
2026-05-04 15:41:41,290 - INFO - [2022EE] MISSING_CENTRAL: TTZ2E1Mu/Central/bjets/3/energy in Skim_TriLep_WWW.root
2026-05-04 15:41:41,290 - INFO - [2022EE] MISSING_CENTRAL: TTZ2E1Mu/Central/bjets/3/energy in Skim_TriLep_WWZ.root
2026-05-04 15:41:41,309 - INFO - [2022EE] MISSING_CENTRAL: TTZ2E1Mu/Central/bjets/3/energy in Skim_TriLep_ZZZ.root
2026-05-04 15:41:41,324 - INFO - [2022EE] MISSING_CENTRAL: TTZ2E1Mu/Central/bjets/3/energy in Skim_TriLep_VBFHToZZTo4L.root
2026-05-04 15:41:41,325 - INFO - [2022EE] MISSING_CENTRAL: TTZ2E1Mu/Central/bjets/3/energy in Skim_TriLep_ggHToZZTo4L.root
2026-05-04 15:41:41,325 - INFO - [2023] MISSING_CENTRAL: TTZ2E1Mu/Central/bjets/3/energy in Skim_TriLep_MuonEG_C_v1.root
2026-05-04 15:41:41,326 - INFO - [2023] MISSING_CENTRAL: TTZ2E1Mu/Central/bjets/3/energy in Skim_TriLep_MuonEG_C_v2.root
2026-05-04 15:41:41,326 - INFO - [2023] MISSING_CENTRAL: TTZ2E1Mu/Central/bjets/3/energy in Skim_TriLep_MuonEG_C_v3.root
2026-05-04 15:41:41,327 - INFO - [2023] MISSING_CENTRAL: TTZ2E1Mu/Central/bjets/3/energy in Skim_TriLep_MuonEG_C_v4.root
2026-05-04 15:41:41,327 - INFO - [2023] MISSING_CENTRAL: TTZ2E1Mu/Central/bjets/3/energy in Skim_TriLep_DYJets.root
2026-05-04 15:41:41,328 - INFO - [2023] MISSING_CENTRAL: TTZ2E1Mu/Central/bjets/3/energy in Skim_TriLep_DYJets10to50.root
2026-05-04 15:41:41,328 - INFO - [2023] MISSING_CENTRAL: TTZ2E1Mu/Central/bjets/3/energy in Skim_TriLep_TTG_PTG10to100.root
2026-05-04 15:41:41,328 - INFO - [2023] MISSING_CENTRAL: TTZ2E1Mu/Central/bjets/3/energy in Skim_TriLep_TTG_PTG100to200.root
2026-05-04 15:41:41,329 - INFO - [2023] MISSING_CENTRAL: TTZ2E1Mu/Central/bjets/3/energy in Skim_TriLep_TTG_PTG200toInf.root
2026-05-04 15:41:41,329 - INFO - [2023] MISSING_CENTRAL: TTZ2E1Mu/Central/bjets/3/energy in Skim_TriLep_TTWToLNu.root
2026-05-04 15:41:41,330 - INFO - [2023] MISSING_CENTRAL: TTZ2E1Mu/Central/bjets/3/energy in Skim_TriLep_TTZ_M4to50.root
2026-05-04 15:41:41,370 - INFO - [2023] MISSING_CENTRAL: TTZ2E1Mu/Central/bjets/3/energy in Skim_TriLep_WZTo3LNu_powheg.root
2026-05-04 15:41:41,370 - INFO - [2023] MISSING_CENTRAL: TTZ2E1Mu/Central/bjets/3/energy in Skim_TriLep_ZZTo4L_powheg.root
2026-05-04 15:41:41,371 - INFO - [2023] MISSING_CENTRAL: TTZ2E1Mu/Central/bjets/3/energy in Skim_TriLep_tHq.root
2026-05-04 15:41:41,371 - INFO - [2023] MISSING_CENTRAL: TTZ2E1Mu/Central/bjets/3/energy in Skim_TriLep_WWW.root
2026-05-04 15:41:41,372 - INFO - [2023] MISSING_CENTRAL: TTZ2E1Mu/Central/bjets/3/energy in Skim_TriLep_WWZ.root
2026-05-04 15:41:41,372 - INFO - [2023] MISSING_CENTRAL: TTZ2E1Mu/Central/bjets/3/energy in Skim_TriLep_WZZ.root
2026-05-04 15:41:41,400 - INFO - [2023] MISSING_CENTRAL: TTZ2E1Mu/Central/bjets/3/energy in Skim_TriLep_VBFHToZZTo4L.root
2026-05-04 15:41:41,401 - INFO - [2023] MISSING_CENTRAL: TTZ2E1Mu/Central/bjets/3/energy in Skim_TriLep_ggHToZZTo4L.root
2026-05-04 15:41:41,401 - INFO - [2023BPix] MISSING_CENTRAL: TTZ2E1Mu/Central/bjets/3/energy in Skim_TriLep_MuonEG_D_v1.root
2026-05-04 15:41:41,402 - INFO - [2023BPix] MISSING_CENTRAL: TTZ2E1Mu/Central/bjets/3/energy in Skim_TriLep_MuonEG_D_v2.root
2026-05-04 15:41:41,402 - INFO - [2023BPix] MISSING_CENTRAL: TTZ2E1Mu/Central/bjets/3/energy in Skim_TriLep_DYJets.root
2026-05-04 15:41:41,403 - INFO - [2023BPix] MISSING_CENTRAL: TTZ2E1Mu/Central/bjets/3/energy in Skim_TriLep_DYJets10to50.root
2026-05-04 15:41:41,403 - INFO - [2023BPix] MISSING_CENTRAL: TTZ2E1Mu/Central/bjets/3/energy in Skim_TriLep_TTG_PTG10to100.root
2026-05-04 15:41:41,403 - INFO - [2023BPix] MISSING_CENTRAL: TTZ2E1Mu/Central/bjets/3/energy in Skim_TriLep_TTG_PTG100to200.root
2026-05-04 15:41:41,404 - INFO - [2023BPix] MISSING_CENTRAL: TTZ2E1Mu/Central/bjets/3/energy in Skim_TriLep_TTG_PTG200toInf.root
2026-05-04 15:41:41,417 - INFO - [2023BPix] MISSING_CENTRAL: TTZ2E1Mu/Central/bjets/3/energy in Skim_TriLep_TTZ_M4to50.root
2026-05-04 15:41:41,459 - INFO - [2023BPix] MISSING_CENTRAL: TTZ2E1Mu/Central/bjets/3/energy in Skim_TriLep_WZTo3LNu_powheg.root
2026-05-04 15:41:41,459 - INFO - [2023BPix] MISSING_CENTRAL: TTZ2E1Mu/Central/bjets/3/energy in Skim_TriLep_ZZTo4L_powheg.root
2026-05-04 15:41:41,460 - INFO - [2023BPix] MISSING_CENTRAL: TTZ2E1Mu/Central/bjets/3/energy in Skim_TriLep_tHq.root
2026-05-04 15:41:41,460 - INFO - [2023BPix] MISSING_CENTRAL: TTZ2E1Mu/Central/bjets/3/energy in Skim_TriLep_WWW.root
2026-05-04 15:41:41,461 - INFO - [2023BPix] MISSING_CENTRAL: TTZ2E1Mu/Central/bjets/3/energy in Skim_TriLep_WWZ.root
2026-05-04 15:41:41,461 - INFO - [2023BPix] MISSING_CENTRAL: TTZ2E1Mu/Central/bjets/3/energy in Skim_TriLep_WZZ.root
2026-05-04 15:41:41,491 - INFO - [2023BPix] MISSING_CENTRAL: TTZ2E1Mu/Central/bjets/3/energy in Skim_TriLep_VBFHToZZTo4L.root
2026-05-04 15:41:41,492 - INFO - [2023BPix] MISSING_CENTRAL: TTZ2E1Mu/Central/bjets/3/energy in Skim_TriLep_ggHToZZTo4L.root
2026-05-04 16:05:40,888 - INFO - [2022] MISSING_CENTRAL: TTZ2E1Mu/Central/bjets/3/energy in Skim_TriLep_MuonEG_D.root
2026-05-04 16:05:40,908 - INFO - [2022EE] MISSING_CENTRAL: TTZ2E1Mu/Central/bjets/3/energy in Skim_TriLep_MuonEG_E.root
2026-05-04 16:05:40,909 - INFO - [2022EE] MISSING_CENTRAL: TTZ2E1Mu/Central/bjets/3/energy in Skim_TriLep_MuonEG_F.root
2026-05-04 16:05:40,910 - INFO - [2022EE] MISSING_CENTRAL: TTZ2E1Mu/Central/bjets/3/energy in Skim_TriLep_MuonEG_G.root
2026-05-04 16:05:40,910 - INFO - [2023] MISSING_CENTRAL: TTZ2E1Mu/Central/bjets/3/energy in Skim_TriLep_MuonEG_C_v1.root
2026-05-04 16:05:40,911 - INFO - [2023] MISSING_CENTRAL: TTZ2E1Mu/Central/bjets/3/energy in Skim_TriLep_MuonEG_C_v2.root
2026-05-04 16:05:40,911 - INFO - [2023] MISSING_CENTRAL: TTZ2E1Mu/Central/bjets/3/energy in Skim_TriLep_MuonEG_C_v3.root
2026-05-04 16:05:40,912 - INFO - [2023] MISSING_CENTRAL: TTZ2E1Mu/Central/bjets/3/energy in Skim_TriLep_MuonEG_C_v4.root
2026-05-04 16:05:40,913 - INFO - [2023BPix] MISSING_CENTRAL: TTZ2E1Mu/Central/bjets/3/energy in Skim_TriLep_MuonEG_D_v2.root
2026-05-04 16:05:40,930 - INFO - [2022] MISSING_CENTRAL: TTZ2E1Mu/Central/bjets/3/energy in Skim_TriLep_MuonEG_D.root
2026-05-04 16:05:40,931 - INFO - [2022] MISSING_CENTRAL: TTZ2E1Mu/Central/bjets/3/energy in Skim_TriLep_DYJets.root
2026-05-04 16:05:40,932 - INFO - [2022] MISSING_CENTRAL: TTZ2E1Mu/Central/bjets/3/energy in Skim_TriLep_DYJets10to50.root
2026-05-04 16:05:40,932 - INFO - [2022] MISSING_CENTRAL: TTZ2E1Mu/Central/bjets/3/energy in Skim_TriLep_TTG_PTG10to100.root
2026-05-04 16:05:40,933 - INFO - [2022] MISSING_CENTRAL: TTZ2E1Mu/Central/bjets/3/energy in Skim_TriLep_TTG_PTG100to200.root
2026-05-04 16:05:40,933 - INFO - [2022] MISSING_CENTRAL: TTZ2E1Mu/Central/bjets/3/energy in Skim_TriLep_TTG_PTG200toInf.root
2026-05-04 16:05:40,935 - INFO - [2022] MISSING_CENTRAL: TTZ2E1Mu/Central/bjets/3/energy in Skim_TriLep_TTWToLNu.root
2026-05-04 16:05:40,936 - INFO - [2022] MISSING_CENTRAL: TTZ2E1Mu/Central/bjets/3/energy in Skim_TriLep_TTZ_M4to50.root
2026-05-04 16:05:41,005 - INFO - [2022] MISSING_CENTRAL: TTZ2E1Mu/Central/bjets/3/energy in Skim_TriLep_WZTo3LNu_powheg.root
2026-05-04 16:05:41,005 - INFO - [2022] MISSING_CENTRAL: TTZ2E1Mu/Central/bjets/3/energy in Skim_TriLep_ZZTo4L_powheg.root
2026-05-04 16:05:41,025 - INFO - [2022] MISSING_CENTRAL: TTZ2E1Mu/Central/bjets/3/energy in Skim_TriLep_WWW.root
2026-05-04 16:05:41,026 - INFO - [2022] MISSING_CENTRAL: TTZ2E1Mu/Central/bjets/3/energy in Skim_TriLep_WWZ.root
2026-05-04 16:05:41,026 - INFO - [2022] MISSING_CENTRAL: TTZ2E1Mu/Central/bjets/3/energy in Skim_TriLep_WZZ.root
2026-05-04 16:05:41,027 - INFO - [2022] MISSING_CENTRAL: TTZ2E1Mu/Central/bjets/3/energy in Skim_TriLep_ZZZ.root
2026-05-04 16:05:41,048 - INFO - [2022] MISSING_CENTRAL: TTZ2E1Mu/Central/bjets/3/energy in Skim_TriLep_VBFHToZZTo4L.root
2026-05-04 16:05:41,049 - INFO - [2022] MISSING_CENTRAL: TTZ2E1Mu/Central/bjets/3/energy in Skim_TriLep_ggHToZZTo4L.root
2026-05-04 16:05:41,049 - INFO - [2022EE] MISSING_CENTRAL: TTZ2E1Mu/Central/bjets/3/energy in Skim_TriLep_MuonEG_E.root
2026-05-04 16:05:41,051 - INFO - [2022EE] MISSING_CENTRAL: TTZ2E1Mu/Central/bjets/3/energy in Skim_TriLep_MuonEG_G.root
2026-05-04 16:05:41,051 - INFO - [2022EE] MISSING_CENTRAL: TTZ2E1Mu/Central/bjets/3/energy in Skim_TriLep_DYJets.root
2026-05-04 16:05:41,052 - INFO - [2022EE] MISSING_CENTRAL: TTZ2E1Mu/Central/bjets/3/energy in Skim_TriLep_DYJets10to50.root
2026-05-04 16:05:41,071 - INFO - [2022EE] MISSING_CENTRAL: TTZ2E1Mu/Central/bjets/3/energy in Skim_TriLep_TTG_PTG100to200.root
2026-05-04 16:05:41,072 - INFO - [2022EE] MISSING_CENTRAL: TTZ2E1Mu/Central/bjets/3/energy in Skim_TriLep_TTG_PTG200toInf.root
2026-05-04 16:05:41,077 - INFO - [2022EE] MISSING_SYSTEMATIC: TTZ2E1Mu/ElectronRes_Up/bjets/3/energy in Skim_TriLep_TTWToLNu.root
2026-05-04 16:05:41,077 - INFO - [2022EE] MISSING_SYSTEMATIC: TTZ2E1Mu/ElectronRes_Down/bjets/3/energy in Skim_TriLep_TTWToLNu.root
2026-05-04 16:05:41,169 - INFO - [2022EE] MISSING_CENTRAL: TTZ2E1Mu/Central/bjets/3/energy in Skim_TriLep_WZTo3LNu_powheg.root
2026-05-04 16:05:41,170 - INFO - [2022EE] MISSING_CENTRAL: TTZ2E1Mu/Central/bjets/3/energy in Skim_TriLep_ZZTo4L_powheg.root
2026-05-04 16:05:41,170 - INFO - [2022EE] MISSING_CENTRAL: TTZ2E1Mu/Central/bjets/3/energy in Skim_TriLep_tHq.root
2026-05-04 16:05:41,171 - INFO - [2022EE] MISSING_CENTRAL: TTZ2E1Mu/Central/bjets/3/energy in Skim_TriLep_WWW.root
2026-05-04 16:05:41,172 - INFO - [2022EE] MISSING_CENTRAL: TTZ2E1Mu/Central/bjets/3/energy in Skim_TriLep_WWZ.root
2026-05-04 16:05:41,191 - INFO - [2022EE] MISSING_CENTRAL: TTZ2E1Mu/Central/bjets/3/energy in Skim_TriLep_ZZZ.root
2026-05-04 16:05:41,214 - INFO - [2022EE] MISSING_CENTRAL: TTZ2E1Mu/Central/bjets/3/energy in Skim_TriLep_VBFHToZZTo4L.root
2026-05-04 16:05:41,214 - INFO - [2022EE] MISSING_CENTRAL: TTZ2E1Mu/Central/bjets/3/energy in Skim_TriLep_ggHToZZTo4L.root
2026-05-04 16:05:41,215 - INFO - [2023] MISSING_CENTRAL: TTZ2E1Mu/Central/bjets/3/energy in Skim_TriLep_MuonEG_C_v1.root
2026-05-04 16:05:41,215 - INFO - [2023] MISSING_CENTRAL: TTZ2E1Mu/Central/bjets/3/energy in Skim_TriLep_MuonEG_C_v2.root
2026-05-04 16:05:41,216 - INFO - [2023] MISSING_CENTRAL: TTZ2E1Mu/Central/bjets/3/energy in Skim_TriLep_MuonEG_C_v3.root
2026-05-04 16:05:41,216 - INFO - [2023] MISSING_CENTRAL: TTZ2E1Mu/Central/bjets/3/energy in Skim_TriLep_MuonEG_C_v4.root
2026-05-04 16:05:41,217 - INFO - [2023] MISSING_CENTRAL: TTZ2E1Mu/Central/bjets/3/energy in Skim_TriLep_DYJets.root
2026-05-04 16:05:41,218 - INFO - [2023] MISSING_CENTRAL: TTZ2E1Mu/Central/bjets/3/energy in Skim_TriLep_DYJets10to50.root
2026-05-04 16:05:41,218 - INFO - [2023] MISSING_CENTRAL: TTZ2E1Mu/Central/bjets/3/energy in Skim_TriLep_TTG_PTG10to100.root
2026-05-04 16:05:41,219 - INFO - [2023] MISSING_CENTRAL: TTZ2E1Mu/Central/bjets/3/energy in Skim_TriLep_TTG_PTG100to200.root
2026-05-04 16:05:41,220 - INFO - [2023] MISSING_CENTRAL: TTZ2E1Mu/Central/bjets/3/energy in Skim_TriLep_TTG_PTG200toInf.root
2026-05-04 16:05:41,220 - INFO - [2023] MISSING_CENTRAL: TTZ2E1Mu/Central/bjets/3/energy in Skim_TriLep_TTWToLNu.root
2026-05-04 16:05:41,221 - INFO - [2023] MISSING_CENTRAL: TTZ2E1Mu/Central/bjets/3/energy in Skim_TriLep_TTZ_M4to50.root
2026-05-04 16:05:41,280 - INFO - [2023] MISSING_CENTRAL: TTZ2E1Mu/Central/bjets/3/energy in Skim_TriLep_WZTo3LNu_powheg.root
2026-05-04 16:05:41,281 - INFO - [2023] MISSING_CENTRAL: TTZ2E1Mu/Central/bjets/3/energy in Skim_TriLep_ZZTo4L_powheg.root
2026-05-04 16:05:41,282 - INFO - [2023] MISSING_CENTRAL: TTZ2E1Mu/Central/bjets/3/energy in Skim_TriLep_tHq.root
2026-05-04 16:05:41,282 - INFO - [2023] MISSING_CENTRAL: TTZ2E1Mu/Central/bjets/3/energy in Skim_TriLep_WWW.root
2026-05-04 16:05:41,283 - INFO - [2023] MISSING_CENTRAL: TTZ2E1Mu/Central/bjets/3/energy in Skim_TriLep_WWZ.root
2026-05-04 16:05:41,283 - INFO - [2023] MISSING_CENTRAL: TTZ2E1Mu/Central/bjets/3/energy in Skim_TriLep_WZZ.root
2026-05-04 16:05:41,324 - INFO - [2023] MISSING_CENTRAL: TTZ2E1Mu/Central/bjets/3/energy in Skim_TriLep_VBFHToZZTo4L.root
2026-05-04 16:05:41,325 - INFO - [2023] MISSING_CENTRAL: TTZ2E1Mu/Central/bjets/3/energy in Skim_TriLep_ggHToZZTo4L.root
2026-05-04 16:05:41,326 - INFO - [2023BPix] MISSING_CENTRAL: TTZ2E1Mu/Central/bjets/3/energy in Skim_TriLep_MuonEG_D_v1.root
2026-05-04 16:05:41,326 - INFO - [2023BPix] MISSING_CENTRAL: TTZ2E1Mu/Central/bjets/3/energy in Skim_TriLep_MuonEG_D_v2.root
2026-05-04 16:05:41,327 - INFO - [2023BPix] MISSING_CENTRAL: TTZ2E1Mu/Central/bjets/3/energy in Skim_TriLep_DYJets.root
2026-05-04 16:05:41,327 - INFO - [2023BPix] MISSING_CENTRAL: TTZ2E1Mu/Central/bjets/3/energy in Skim_TriLep_DYJets10to50.root
2026-05-04 16:05:41,328 - INFO - [2023BPix] MISSING_CENTRAL: TTZ2E1Mu/Central/bjets/3/energy in Skim_TriLep_TTG_PTG10to100.root
2026-05-04 16:05:41,328 - INFO - [2023BPix] MISSING_CENTRAL: TTZ2E1Mu/Central/bjets/3/energy in Skim_TriLep_TTG_PTG100to200.root
2026-05-04 16:05:41,329 - INFO - [2023BPix] MISSING_CENTRAL: TTZ2E1Mu/Central/bjets/3/energy in Skim_TriLep_TTG_PTG200toInf.root
2026-05-04 16:05:41,349 - INFO - [2023BPix] MISSING_CENTRAL: TTZ2E1Mu/Central/bjets/3/energy in Skim_TriLep_TTZ_M4to50.root
2026-05-04 16:05:41,409 - INFO - [2023BPix] MISSING_CENTRAL: TTZ2E1Mu/Central/bjets/3/energy in Skim_TriLep_WZTo3LNu_powheg.root
2026-05-04 16:05:41,409 - INFO - [2023BPix] MISSING_CENTRAL: TTZ2E1Mu/Central/bjets/3/energy in Skim_TriLep_ZZTo4L_powheg.root
2026-05-04 16:05:41,410 - INFO - [2023BPix] MISSING_CENTRAL: TTZ2E1Mu/Central/bjets/3/energy in Skim_TriLep_tHq.root
2026-05-04 16:05:41,411 - INFO - [2023BPix] MISSING_CENTRAL: TTZ2E1Mu/Central/bjets/3/energy in Skim_TriLep_WWW.root
2026-05-04 16:05:41,411 - INFO - [2023BPix] MISSING_CENTRAL: TTZ2E1Mu/Central/bjets/3/energy in Skim_TriLep_WWZ.root
2026-05-04 16:05:41,412 - INFO - [2023BPix] MISSING_CENTRAL: TTZ2E1Mu/Central/bjets/3/energy in Skim_TriLep_WZZ.root
2026-05-04 16:05:41,455 - INFO - [2023BPix] MISSING_CENTRAL: TTZ2E1Mu/Central/bjets/3/energy in Skim_TriLep_VBFHToZZTo4L.root
2026-05-04 16:05:41,456 - INFO - [2023BPix] MISSING_CENTRAL: TTZ2E1Mu/Central/bjets/3/energy in Skim_TriLep_ggHToZZTo4L.root
2026-05-04 17:12:35,047 - INFO - [2022] MISSING_CENTRAL: TTZ2E1Mu/Central/bjets/3/energy in Skim_TriLep_MuonEG_D.root
2026-05-04 17:12:35,070 - INFO - [2022EE] MISSING_CENTRAL: TTZ2E1Mu/Central/bjets/3/energy in Skim_TriLep_MuonEG_E.root
2026-05-04 17:12:35,070 - INFO - [2022EE] MISSING_CENTRAL: TTZ2E1Mu/Central/bjets/3/energy in Skim_TriLep_MuonEG_F.root
2026-05-04 17:12:35,071 - INFO - [2022EE] MISSING_CENTRAL: TTZ2E1Mu/Central/bjets/3/energy in Skim_TriLep_MuonEG_G.root
2026-05-04 17:12:35,071 - INFO - [2023] MISSING_CENTRAL: TTZ2E1Mu/Central/bjets/3/energy in Skim_TriLep_MuonEG_C_v1.root
2026-05-04 17:12:35,072 - INFO - [2023] MISSING_CENTRAL: TTZ2E1Mu/Central/bjets/3/energy in Skim_TriLep_MuonEG_C_v2.root
2026-05-04 17:12:35,072 - INFO - [2023] MISSING_CENTRAL: TTZ2E1Mu/Central/bjets/3/energy in Skim_TriLep_MuonEG_C_v3.root
2026-05-04 17:12:35,073 - INFO - [2023] MISSING_CENTRAL: TTZ2E1Mu/Central/bjets/3/energy in Skim_TriLep_MuonEG_C_v4.root
2026-05-04 17:12:35,074 - INFO - [2023BPix] MISSING_CENTRAL: TTZ2E1Mu/Central/bjets/3/energy in Skim_TriLep_MuonEG_D_v2.root
2026-05-04 17:12:35,092 - INFO - [2022] MISSING_CENTRAL: TTZ2E1Mu/Central/bjets/3/energy in Skim_TriLep_MuonEG_D.root
2026-05-04 17:12:35,092 - INFO - [2022] MISSING_CENTRAL: TTZ2E1Mu/Central/bjets/3/energy in Skim_TriLep_DYJets.root
2026-05-04 17:12:35,093 - INFO - [2022] MISSING_CENTRAL: TTZ2E1Mu/Central/bjets/3/energy in Skim_TriLep_DYJets10to50.root
2026-05-04 17:12:35,094 - INFO - [2022] MISSING_CENTRAL: TTZ2E1Mu/Central/bjets/3/energy in Skim_TriLep_TTG_PTG10to100.root
2026-05-04 17:12:35,094 - INFO - [2022] MISSING_CENTRAL: TTZ2E1Mu/Central/bjets/3/energy in Skim_TriLep_TTG_PTG100to200.root
2026-05-04 17:12:35,095 - INFO - [2022] MISSING_CENTRAL: TTZ2E1Mu/Central/bjets/3/energy in Skim_TriLep_TTG_PTG200toInf.root
2026-05-04 17:12:35,096 - INFO - [2022] MISSING_CENTRAL: TTZ2E1Mu/Central/bjets/3/energy in Skim_TriLep_TTWToLNu.root
2026-05-04 17:12:35,097 - INFO - [2022] MISSING_CENTRAL: TTZ2E1Mu/Central/bjets/3/energy in Skim_TriLep_TTZ_M4to50.root
2026-05-04 17:12:35,167 - INFO - [2022] MISSING_CENTRAL: TTZ2E1Mu/Central/bjets/3/energy in Skim_TriLep_WZTo3LNu_powheg.root
2026-05-04 17:12:35,168 - INFO - [2022] MISSING_CENTRAL: TTZ2E1Mu/Central/bjets/3/energy in Skim_TriLep_ZZTo4L_powheg.root
2026-05-04 17:12:35,188 - INFO - [2022] MISSING_CENTRAL: TTZ2E1Mu/Central/bjets/3/energy in Skim_TriLep_WWW.root
2026-05-04 17:12:35,189 - INFO - [2022] MISSING_CENTRAL: TTZ2E1Mu/Central/bjets/3/energy in Skim_TriLep_WWZ.root
2026-05-04 17:12:35,190 - INFO - [2022] MISSING_CENTRAL: TTZ2E1Mu/Central/bjets/3/energy in Skim_TriLep_WZZ.root
2026-05-04 17:12:35,190 - INFO - [2022] MISSING_CENTRAL: TTZ2E1Mu/Central/bjets/3/energy in Skim_TriLep_ZZZ.root
2026-05-04 17:12:35,211 - INFO - [2022] MISSING_CENTRAL: TTZ2E1Mu/Central/bjets/3/energy in Skim_TriLep_VBFHToZZTo4L.root
2026-05-04 17:12:35,212 - INFO - [2022] MISSING_CENTRAL: TTZ2E1Mu/Central/bjets/3/energy in Skim_TriLep_ggHToZZTo4L.root
2026-05-04 17:12:35,212 - INFO - [2022EE] MISSING_CENTRAL: TTZ2E1Mu/Central/bjets/3/energy in Skim_TriLep_MuonEG_E.root
2026-05-04 17:12:35,213 - INFO - [2022EE] MISSING_CENTRAL: TTZ2E1Mu/Central/bjets/3/energy in Skim_TriLep_MuonEG_G.root
2026-05-04 17:12:35,214 - INFO - [2022EE] MISSING_CENTRAL: TTZ2E1Mu/Central/bjets/3/energy in Skim_TriLep_DYJets.root
2026-05-04 17:12:35,214 - INFO - [2022EE] MISSING_CENTRAL: TTZ2E1Mu/Central/bjets/3/energy in Skim_TriLep_DYJets10to50.root
2026-05-04 17:12:35,227 - INFO - [2022EE] MISSING_CENTRAL: TTZ2E1Mu/Central/bjets/3/energy in Skim_TriLep_TTG_PTG100to200.root
2026-05-04 17:12:35,228 - INFO - [2022EE] MISSING_CENTRAL: TTZ2E1Mu/Central/bjets/3/energy in Skim_TriLep_TTG_PTG200toInf.root
2026-05-04 17:12:35,231 - INFO - [2022EE] MISSING_SYSTEMATIC: TTZ2E1Mu/ElectronRes_Up/bjets/3/energy in Skim_TriLep_TTWToLNu.root
2026-05-04 17:12:35,232 - INFO - [2022EE] MISSING_SYSTEMATIC: TTZ2E1Mu/ElectronRes_Down/bjets/3/energy in Skim_TriLep_TTWToLNu.root
2026-05-04 17:12:35,294 - INFO - [2022EE] MISSING_CENTRAL: TTZ2E1Mu/Central/bjets/3/energy in Skim_TriLep_WZTo3LNu_powheg.root
2026-05-04 17:12:35,294 - INFO - [2022EE] MISSING_CENTRAL: TTZ2E1Mu/Central/bjets/3/energy in Skim_TriLep_ZZTo4L_powheg.root
2026-05-04 17:12:35,294 - INFO - [2022EE] MISSING_CENTRAL: TTZ2E1Mu/Central/bjets/3/energy in Skim_TriLep_tHq.root
2026-05-04 17:12:35,295 - INFO - [2022EE] MISSING_CENTRAL: TTZ2E1Mu/Central/bjets/3/energy in Skim_TriLep_WWW.root
2026-05-04 17:12:35,295 - INFO - [2022EE] MISSING_CENTRAL: TTZ2E1Mu/Central/bjets/3/energy in Skim_TriLep_WWZ.root
2026-05-04 17:12:35,309 - INFO - [2022EE] MISSING_CENTRAL: TTZ2E1Mu/Central/bjets/3/energy in Skim_TriLep_ZZZ.root
2026-05-04 17:12:35,323 - INFO - [2022EE] MISSING_CENTRAL: TTZ2E1Mu/Central/bjets/3/energy in Skim_TriLep_VBFHToZZTo4L.root
2026-05-04 17:12:35,324 - INFO - [2022EE] MISSING_CENTRAL: TTZ2E1Mu/Central/bjets/3/energy in Skim_TriLep_ggHToZZTo4L.root
2026-05-04 17:12:35,324 - INFO - [2023] MISSING_CENTRAL: TTZ2E1Mu/Central/bjets/3/energy in Skim_TriLep_MuonEG_C_v1.root
2026-05-04 17:12:35,325 - INFO - [2023] MISSING_CENTRAL: TTZ2E1Mu/Central/bjets/3/energy in Skim_TriLep_MuonEG_C_v2.root
2026-05-04 17:12:35,325 - INFO - [2023] MISSING_CENTRAL: TTZ2E1Mu/Central/bjets/3/energy in Skim_TriLep_MuonEG_C_v3.root
2026-05-04 17:12:35,325 - INFO - [2023] MISSING_CENTRAL: TTZ2E1Mu/Central/bjets/3/energy in Skim_TriLep_MuonEG_C_v4.root
2026-05-04 17:12:35,326 - INFO - [2023] MISSING_CENTRAL: TTZ2E1Mu/Central/bjets/3/energy in Skim_TriLep_DYJets.root
2026-05-04 17:12:35,326 - INFO - [2023] MISSING_CENTRAL: TTZ2E1Mu/Central/bjets/3/energy in Skim_TriLep_DYJets10to50.root
2026-05-04 17:12:35,327 - INFO - [2023] MISSING_CENTRAL: TTZ2E1Mu/Central/bjets/3/energy in Skim_TriLep_TTG_PTG10to100.root
2026-05-04 17:12:35,327 - INFO - [2023] MISSING_CENTRAL: TTZ2E1Mu/Central/bjets/3/energy in Skim_TriLep_TTG_PTG100to200.root
2026-05-04 17:12:35,327 - INFO - [2023] MISSING_CENTRAL: TTZ2E1Mu/Central/bjets/3/energy in Skim_TriLep_TTG_PTG200toInf.root
2026-05-04 17:12:35,328 - INFO - [2023] MISSING_CENTRAL: TTZ2E1Mu/Central/bjets/3/energy in Skim_TriLep_TTWToLNu.root
2026-05-04 17:12:35,328 - INFO - [2023] MISSING_CENTRAL: TTZ2E1Mu/Central/bjets/3/energy in Skim_TriLep_TTZ_M4to50.root
2026-05-04 17:12:35,368 - INFO - [2023] MISSING_CENTRAL: TTZ2E1Mu/Central/bjets/3/energy in Skim_TriLep_WZTo3LNu_powheg.root
2026-05-04 17:12:35,369 - INFO - [2023] MISSING_CENTRAL: TTZ2E1Mu/Central/bjets/3/energy in Skim_TriLep_ZZTo4L_powheg.root
2026-05-04 17:12:35,369 - INFO - [2023] MISSING_CENTRAL: TTZ2E1Mu/Central/bjets/3/energy in Skim_TriLep_tHq.root
2026-05-04 17:12:35,370 - INFO - [2023] MISSING_CENTRAL: TTZ2E1Mu/Central/bjets/3/energy in Skim_TriLep_WWW.root
2026-05-04 17:12:35,370 - INFO - [2023] MISSING_CENTRAL: TTZ2E1Mu/Central/bjets/3/energy in Skim_TriLep_WWZ.root
2026-05-04 17:12:35,370 - INFO - [2023] MISSING_CENTRAL: TTZ2E1Mu/Central/bjets/3/energy in Skim_TriLep_WZZ.root
2026-05-04 17:12:35,398 - INFO - [2023] MISSING_CENTRAL: TTZ2E1Mu/Central/bjets/3/energy in Skim_TriLep_VBFHToZZTo4L.root
2026-05-04 17:12:35,399 - INFO - [2023] MISSING_CENTRAL: TTZ2E1Mu/Central/bjets/3/energy in Skim_TriLep_ggHToZZTo4L.root
2026-05-04 17:12:35,399 - INFO - [2023BPix] MISSING_CENTRAL: TTZ2E1Mu/Central/bjets/3/energy in Skim_TriLep_MuonEG_D_v1.root
2026-05-04 17:12:35,400 - INFO - [2023BPix] MISSING_CENTRAL: TTZ2E1Mu/Central/bjets/3/energy in Skim_TriLep_MuonEG_D_v2.root
2026-05-04 17:12:35,400 - INFO - [2023BPix] MISSING_CENTRAL: TTZ2E1Mu/Central/bjets/3/energy in Skim_TriLep_DYJets.root
2026-05-04 17:12:35,400 - INFO - [2023BPix] MISSING_CENTRAL: TTZ2E1Mu/Central/bjets/3/energy in Skim_TriLep_DYJets10to50.root
2026-05-04 17:12:35,401 - INFO - [2023BPix] MISSING_CENTRAL: TTZ2E1Mu/Central/bjets/3/energy in Skim_TriLep_TTG_PTG10to100.root
2026-05-04 17:12:35,401 - INFO - [2023BPix] MISSING_CENTRAL: TTZ2E1Mu/Central/bjets/3/energy in Skim_TriLep_TTG_PTG100to200.root
2026-05-04 17:12:35,402 - INFO - [2023BPix] MISSING_CENTRAL: TTZ2E1Mu/Central/bjets/3/energy in Skim_TriLep_TTG_PTG200toInf.root
2026-05-04 17:12:35,415 - INFO - [2023BPix] MISSING_CENTRAL: TTZ2E1Mu/Central/bjets/3/energy in Skim_TriLep_TTZ_M4to50.root
2026-05-04 17:12:35,461 - INFO - [2023BPix] MISSING_CENTRAL: TTZ2E1Mu/Central/bjets/3/energy in Skim_TriLep_WZTo3LNu_powheg.root
2026-05-04 17:12:35,461 - INFO - [2023BPix] MISSING_CENTRAL: TTZ2E1Mu/Central/bjets/3/energy in Skim_TriLep_ZZTo4L_powheg.root
2026-05-04 17:12:35,462 - INFO - [2023BPix] MISSING_CENTRAL: TTZ2E1Mu/Central/bjets/3/energy in Skim_TriLep_tHq.root
2026-05-04 17:12:35,462 - INFO - [2023BPix] MISSING_CENTRAL: TTZ2E1Mu/Central/bjets/3/energy in Skim_TriLep_WWW.root
2026-05-04 17:12:35,463 - INFO - [2023BPix] MISSING_CENTRAL: TTZ2E1Mu/Central/bjets/3/energy in Skim_TriLep_WWZ.root
2026-05-04 17:12:35,463 - INFO - [2023BPix] MISSING_CENTRAL: TTZ2E1Mu/Central/bjets/3/energy in Skim_TriLep_WZZ.root
2026-05-04 17:12:35,493 - INFO - [2023BPix] MISSING_CENTRAL: TTZ2E1Mu/Central/bjets/3/energy in Skim_TriLep_VBFHToZZTo4L.root
2026-05-04 17:12:35,493 - INFO - [2023BPix] MISSING_CENTRAL: TTZ2E1Mu/Central/bjets/3/energy in Skim_TriLep_ggHToZZTo4L.root
2026-05-28 15:49:09,395 - INFO - [2022] MISSING_CENTRAL: TTZ2E1Mu/Central/bjets/3/energy in Skim_TriLep_MuonEG_D.root
2026-05-28 15:49:09,417 - INFO - [2022EE] MISSING_CENTRAL: TTZ2E1Mu/Central/bjets/3/energy in Skim_TriLep_MuonEG_E.root
2026-05-28 15:49:09,418 - INFO - [2022EE] MISSING_CENTRAL: TTZ2E1Mu/Central/bjets/3/energy in Skim_TriLep_MuonEG_F.root
2026-05-28 15:49:09,419 - INFO - [2022EE] MISSING_CENTRAL: TTZ2E1Mu/Central/bjets/3/energy in Skim_TriLep_MuonEG_G.root
2026-05-28 15:49:09,420 - INFO - [2023] MISSING_CENTRAL: TTZ2E1Mu/Central/bjets/3/energy in Skim_TriLep_MuonEG_C_v1.root
2026-05-28 15:49:09,421 - INFO - [2023] MISSING_CENTRAL: TTZ2E1Mu/Central/bjets/3/energy in Skim_TriLep_MuonEG_C_v2.root
2026-05-28 15:49:09,422 - INFO - [2023] MISSING_CENTRAL: TTZ2E1Mu/Central/bjets/3/energy in Skim_TriLep_MuonEG_C_v3.root
2026-05-28 15:49:09,422 - INFO - [2023] MISSING_CENTRAL: TTZ2E1Mu/Central/bjets/3/energy in Skim_TriLep_MuonEG_C_v4.root
2026-05-28 15:49:09,425 - INFO - [2023BPix] MISSING_CENTRAL: TTZ2E1Mu/Central/bjets/3/energy in Skim_TriLep_MuonEG_D_v2.root
2026-05-28 15:49:09,450 - INFO - [2022] MISSING_CENTRAL: TTZ2E1Mu/Central/bjets/3/energy in Skim_TriLep_MuonEG_D.root
2026-05-28 15:49:09,452 - INFO - [2022] MISSING_CENTRAL: TTZ2E1Mu/Central/bjets/3/energy in Skim_TriLep_DYJets.root
2026-05-28 15:49:09,452 - INFO - [2022] MISSING_CENTRAL: TTZ2E1Mu/Central/bjets/3/energy in Skim_TriLep_DYJets10to50.root
2026-05-28 15:49:09,454 - INFO - [2022] MISSING_CENTRAL: TTZ2E1Mu/Central/bjets/3/energy in Skim_TriLep_TTG_PTG10to100.root
2026-05-28 15:49:09,455 - INFO - [2022] MISSING_CENTRAL: TTZ2E1Mu/Central/bjets/3/energy in Skim_TriLep_TTG_PTG100to200.root
2026-05-28 15:49:09,456 - INFO - [2022] MISSING_CENTRAL: TTZ2E1Mu/Central/bjets/3/energy in Skim_TriLep_TTG_PTG200toInf.root
2026-05-28 15:49:09,458 - INFO - [2022] MISSING_CENTRAL: TTZ2E1Mu/Central/bjets/3/energy in Skim_TriLep_TTWToLNu.root
2026-05-28 15:49:09,460 - INFO - [2022] MISSING_CENTRAL: TTZ2E1Mu/Central/bjets/3/energy in Skim_TriLep_TTZ_M4to50.root
2026-05-28 15:49:09,575 - INFO - [2022] MISSING_CENTRAL: TTZ2E1Mu/Central/bjets/3/energy in Skim_TriLep_WZTo3LNu_powheg.root
2026-05-28 15:49:09,577 - INFO - [2022] MISSING_CENTRAL: TTZ2E1Mu/Central/bjets/3/energy in Skim_TriLep_ZZTo4L_powheg.root
2026-05-28 15:49:09,611 - INFO - [2022] MISSING_CENTRAL: TTZ2E1Mu/Central/bjets/3/energy in Skim_TriLep_WWW.root
2026-05-28 15:49:09,612 - INFO - [2022] MISSING_CENTRAL: TTZ2E1Mu/Central/bjets/3/energy in Skim_TriLep_WWZ.root
2026-05-28 15:49:09,613 - INFO - [2022] MISSING_CENTRAL: TTZ2E1Mu/Central/bjets/3/energy in Skim_TriLep_WZZ.root
2026-05-28 15:49:09,614 - INFO - [2022] MISSING_CENTRAL: TTZ2E1Mu/Central/bjets/3/energy in Skim_TriLep_ZZZ.root
2026-05-28 15:49:09,651 - INFO - [2022] MISSING_CENTRAL: TTZ2E1Mu/Central/bjets/3/energy in Skim_TriLep_VBFHToZZTo4L.root
2026-05-28 15:49:09,652 - INFO - [2022] MISSING_CENTRAL: TTZ2E1Mu/Central/bjets/3/energy in Skim_TriLep_ggHToZZTo4L.root
2026-05-28 15:49:09,653 - INFO - [2022EE] MISSING_CENTRAL: TTZ2E1Mu/Central/bjets/3/energy in Skim_TriLep_MuonEG_E.root
2026-05-28 15:49:09,656 - INFO - [2022EE] MISSING_CENTRAL: TTZ2E1Mu/Central/bjets/3/energy in Skim_TriLep_MuonEG_G.root
2026-05-28 15:49:09,657 - INFO - [2022EE] MISSING_CENTRAL: TTZ2E1Mu/Central/bjets/3/energy in Skim_TriLep_DYJets.root
2026-05-28 15:49:09,658 - INFO - [2022EE] MISSING_CENTRAL: TTZ2E1Mu/Central/bjets/3/energy in Skim_TriLep_DYJets10to50.root
2026-05-28 15:49:09,692 - INFO - [2022EE] MISSING_CENTRAL: TTZ2E1Mu/Central/bjets/3/energy in Skim_TriLep_TTG_PTG100to200.root
2026-05-28 15:49:09,694 - INFO - [2022EE] MISSING_CENTRAL: TTZ2E1Mu/Central/bjets/3/energy in Skim_TriLep_TTG_PTG200toInf.root
2026-05-28 15:49:09,703 - INFO - [2022EE] MISSING_SYSTEMATIC: TTZ2E1Mu/ElectronRes_Up/bjets/3/energy in Skim_TriLep_TTWToLNu.root
2026-05-28 15:49:09,703 - INFO - [2022EE] MISSING_SYSTEMATIC: TTZ2E1Mu/ElectronRes_Down/bjets/3/energy in Skim_TriLep_TTWToLNu.root
2026-05-28 15:49:09,863 - INFO - [2022EE] MISSING_CENTRAL: TTZ2E1Mu/Central/bjets/3/energy in Skim_TriLep_WZTo3LNu_powheg.root
2026-05-28 15:49:09,864 - INFO - [2022EE] MISSING_CENTRAL: TTZ2E1Mu/Central/bjets/3/energy in Skim_TriLep_ZZTo4L_powheg.root
2026-05-28 15:49:09,866 - INFO - [2022EE] MISSING_CENTRAL: TTZ2E1Mu/Central/bjets/3/energy in Skim_TriLep_tHq.root
2026-05-28 15:49:09,867 - INFO - [2022EE] MISSING_CENTRAL: TTZ2E1Mu/Central/bjets/3/energy in Skim_TriLep_WWW.root
2026-05-28 15:49:09,868 - INFO - [2022EE] MISSING_CENTRAL: TTZ2E1Mu/Central/bjets/3/energy in Skim_TriLep_WWZ.root
2026-05-28 15:49:09,903 - INFO - [2022EE] MISSING_CENTRAL: TTZ2E1Mu/Central/bjets/3/energy in Skim_TriLep_ZZZ.root
2026-05-28 15:49:09,941 - INFO - [2022EE] MISSING_CENTRAL: TTZ2E1Mu/Central/bjets/3/energy in Skim_TriLep_VBFHToZZTo4L.root
2026-05-28 15:49:09,942 - INFO - [2022EE] MISSING_CENTRAL: TTZ2E1Mu/Central/bjets/3/energy in Skim_TriLep_ggHToZZTo4L.root
2026-05-28 15:49:09,943 - INFO - [2023] MISSING_CENTRAL: TTZ2E1Mu/Central/bjets/3/energy in Skim_TriLep_MuonEG_C_v1.root
2026-05-28 15:49:09,944 - INFO - [2023] MISSING_CENTRAL: TTZ2E1Mu/Central/bjets/3/energy in Skim_TriLep_MuonEG_C_v2.root
2026-05-28 15:49:09,945 - INFO - [2023] MISSING_CENTRAL: TTZ2E1Mu/Central/bjets/3/energy in Skim_TriLep_MuonEG_C_v3.root
2026-05-28 15:49:09,946 - INFO - [2023] MISSING_CENTRAL: TTZ2E1Mu/Central/bjets/3/energy in Skim_TriLep_MuonEG_C_v4.root
2026-05-28 15:49:09,948 - INFO - [2023] MISSING_CENTRAL: TTZ2E1Mu/Central/bjets/3/energy in Skim_TriLep_DYJets.root
2026-05-28 15:49:09,949 - INFO - [2023] MISSING_CENTRAL: TTZ2E1Mu/Central/bjets/3/energy in Skim_TriLep_DYJets10to50.root
2026-05-28 15:49:09,950 - INFO - [2023] MISSING_CENTRAL: TTZ2E1Mu/Central/bjets/3/energy in Skim_TriLep_TTG_PTG10to100.root
2026-05-28 15:49:09,951 - INFO - [2023] MISSING_CENTRAL: TTZ2E1Mu/Central/bjets/3/energy in Skim_TriLep_TTG_PTG100to200.root
2026-05-28 15:49:09,952 - INFO - [2023] MISSING_CENTRAL: TTZ2E1Mu/Central/bjets/3/energy in Skim_TriLep_TTG_PTG200toInf.root
2026-05-28 15:49:09,954 - INFO - [2023] MISSING_CENTRAL: TTZ2E1Mu/Central/bjets/3/energy in Skim_TriLep_TTWToLNu.root
2026-05-28 15:49:09,955 - INFO - [2023] MISSING_CENTRAL: TTZ2E1Mu/Central/bjets/3/energy in Skim_TriLep_TTZ_M4to50.root
2026-05-28 15:49:10,061 - INFO - [2023] MISSING_CENTRAL: TTZ2E1Mu/Central/bjets/3/energy in Skim_TriLep_WZTo3LNu_powheg.root
2026-05-28 15:49:10,062 - INFO - [2023] MISSING_CENTRAL: TTZ2E1Mu/Central/bjets/3/energy in Skim_TriLep_ZZTo4L_powheg.root
2026-05-28 15:49:10,063 - INFO - [2023] MISSING_CENTRAL: TTZ2E1Mu/Central/bjets/3/energy in Skim_TriLep_tHq.root
2026-05-28 15:49:10,064 - INFO - [2023] MISSING_CENTRAL: TTZ2E1Mu/Central/bjets/3/energy in Skim_TriLep_WWW.root
2026-05-28 15:49:10,066 - INFO - [2023] MISSING_CENTRAL: TTZ2E1Mu/Central/bjets/3/energy in Skim_TriLep_WWZ.root
2026-05-28 15:49:10,067 - INFO - [2023] MISSING_CENTRAL: TTZ2E1Mu/Central/bjets/3/energy in Skim_TriLep_WZZ.root
2026-05-28 15:49:10,139 - INFO - [2023] MISSING_CENTRAL: TTZ2E1Mu/Central/bjets/3/energy in Skim_TriLep_VBFHToZZTo4L.root
2026-05-28 15:49:10,140 - INFO - [2023] MISSING_CENTRAL: TTZ2E1Mu/Central/bjets/3/energy in Skim_TriLep_ggHToZZTo4L.root
2026-05-28 15:49:10,141 - INFO - [2023BPix] MISSING_CENTRAL: TTZ2E1Mu/Central/bjets/3/energy in Skim_TriLep_MuonEG_D_v1.root
2026-05-28 15:49:10,142 - INFO - [2023BPix] MISSING_CENTRAL: TTZ2E1Mu/Central/bjets/3/energy in Skim_TriLep_MuonEG_D_v2.root
2026-05-28 15:49:10,144 - INFO - [2023BPix] MISSING_CENTRAL: TTZ2E1Mu/Central/bjets/3/energy in Skim_TriLep_DYJets.root
2026-05-28 15:49:10,145 - INFO - [2023BPix] MISSING_CENTRAL: TTZ2E1Mu/Central/bjets/3/energy in Skim_TriLep_DYJets10to50.root
2026-05-28 15:49:10,146 - INFO - [2023BPix] MISSING_CENTRAL: TTZ2E1Mu/Central/bjets/3/energy in Skim_TriLep_TTG_PTG10to100.root
2026-05-28 15:49:10,148 - INFO - [2023BPix] MISSING_CENTRAL: TTZ2E1Mu/Central/bjets/3/energy in Skim_TriLep_TTG_PTG100to200.root
2026-05-28 15:49:10,149 - INFO - [2023BPix] MISSING_CENTRAL: TTZ2E1Mu/Central/bjets/3/energy in Skim_TriLep_TTG_PTG200toInf.root
2026-05-28 15:49:10,186 - INFO - [2023BPix] MISSING_CENTRAL: TTZ2E1Mu/Central/bjets/3/energy in Skim_TriLep_TTZ_M4to50.root
2026-05-28 15:49:10,286 - INFO - [2023BPix] MISSING_CENTRAL: TTZ2E1Mu/Central/bjets/3/energy in Skim_TriLep_WZTo3LNu_powheg.root
2026-05-28 15:49:10,288 - INFO - [2023BPix] MISSING_CENTRAL: TTZ2E1Mu/Central/bjets/3/energy in Skim_TriLep_ZZTo4L_powheg.root
2026-05-28 15:49:10,289 - INFO - [2023BPix] MISSING_CENTRAL: TTZ2E1Mu/Central/bjets/3/energy in Skim_TriLep_tHq.root
2026-05-28 15:49:10,291 - INFO - [2023BPix] MISSING_CENTRAL: TTZ2E1Mu/Central/bjets/3/energy in Skim_TriLep_WWW.root
2026-05-28 15:49:10,292 - INFO - [2023BPix] MISSING_CENTRAL: TTZ2E1Mu/Central/bjets/3/energy in Skim_TriLep_WWZ.root
2026-05-28 15:49:10,293 - INFO - [2023BPix] MISSING_CENTRAL: TTZ2E1Mu/Central/bjets/3/energy in Skim_TriLep_WZZ.root
2026-05-28 15:49:10,365 - INFO - [2023BPix] MISSING_CENTRAL: TTZ2E1Mu/Central/bjets/3/energy in Skim_TriLep_VBFHToZZTo4L.root
2026-05-28 15:49:10,367 - INFO - [2023BPix] MISSING_CENTRAL: TTZ2E1Mu/Central/bjets/3/energy in Skim_TriLep_ggHToZZTo4L.root
2026-05-29 15:22:48,098 - INFO - [2022] MISSING_CENTRAL: TTZ2E1Mu/Central/bjets/3/energy in Skim_TriLep_MuonEG_D.root
2026-05-29 15:22:48,120 - INFO - [2022EE] MISSING_CENTRAL: TTZ2E1Mu/Central/bjets/3/energy in Skim_TriLep_MuonEG_E.root
2026-05-29 15:22:48,120 - INFO - [2022EE] MISSING_CENTRAL: TTZ2E1Mu/Central/bjets/3/energy in Skim_TriLep_MuonEG_F.root
2026-05-29 15:22:48,121 - INFO - [2022EE] MISSING_CENTRAL: TTZ2E1Mu/Central/bjets/3/energy in Skim_TriLep_MuonEG_G.root
2026-05-29 15:22:48,121 - INFO - [2023] MISSING_CENTRAL: TTZ2E1Mu/Central/bjets/3/energy in Skim_TriLep_MuonEG_C_v1.root
2026-05-29 15:22:48,122 - INFO - [2023] MISSING_CENTRAL: TTZ2E1Mu/Central/bjets/3/energy in Skim_TriLep_MuonEG_C_v2.root
2026-05-29 15:22:48,122 - INFO - [2023] MISSING_CENTRAL: TTZ2E1Mu/Central/bjets/3/energy in Skim_TriLep_MuonEG_C_v3.root
2026-05-29 15:22:48,123 - INFO - [2023] MISSING_CENTRAL: TTZ2E1Mu/Central/bjets/3/energy in Skim_TriLep_MuonEG_C_v4.root
2026-05-29 15:22:48,124 - INFO - [2023BPix] MISSING_CENTRAL: TTZ2E1Mu/Central/bjets/3/energy in Skim_TriLep_MuonEG_D_v2.root
2026-05-29 15:22:48,141 - INFO - [2022] MISSING_CENTRAL: TTZ2E1Mu/Central/bjets/3/energy in Skim_TriLep_MuonEG_D.root
2026-05-29 15:22:48,142 - INFO - [2022] MISSING_CENTRAL: TTZ2E1Mu/Central/bjets/3/energy in Skim_TriLep_DYJets.root
2026-05-29 15:22:48,142 - INFO - [2022] MISSING_CENTRAL: TTZ2E1Mu/Central/bjets/3/energy in Skim_TriLep_DYJets10to50.root
2026-05-29 15:22:48,143 - INFO - [2022] MISSING_CENTRAL: TTZ2E1Mu/Central/bjets/3/energy in Skim_TriLep_TTG_PTG10to100.root
2026-05-29 15:22:48,143 - INFO - [2022] MISSING_CENTRAL: TTZ2E1Mu/Central/bjets/3/energy in Skim_TriLep_TTG_PTG100to200.root
2026-05-29 15:22:48,144 - INFO - [2022] MISSING_CENTRAL: TTZ2E1Mu/Central/bjets/3/energy in Skim_TriLep_TTG_PTG200toInf.root
2026-05-29 15:22:48,145 - INFO - [2022] MISSING_CENTRAL: TTZ2E1Mu/Central/bjets/3/energy in Skim_TriLep_TTWToLNu.root
2026-05-29 15:22:48,146 - INFO - [2022] MISSING_CENTRAL: TTZ2E1Mu/Central/bjets/3/energy in Skim_TriLep_TTZ_M4to50.root
2026-05-29 15:22:48,217 - INFO - [2022] MISSING_CENTRAL: TTZ2E1Mu/Central/bjets/3/energy in Skim_TriLep_WZTo3LNu_powheg.root
2026-05-29 15:22:48,217 - INFO - [2022] MISSING_CENTRAL: TTZ2E1Mu/Central/bjets/3/energy in Skim_TriLep_ZZTo4L_powheg.root
2026-05-29 15:22:48,238 - INFO - [2022] MISSING_CENTRAL: TTZ2E1Mu/Central/bjets/3/energy in Skim_TriLep_WWW.root
2026-05-29 15:22:48,238 - INFO - [2022] MISSING_CENTRAL: TTZ2E1Mu/Central/bjets/3/energy in Skim_TriLep_WWZ.root
2026-05-29 15:22:48,239 - INFO - [2022] MISSING_CENTRAL: TTZ2E1Mu/Central/bjets/3/energy in Skim_TriLep_WZZ.root
2026-05-29 15:22:48,239 - INFO - [2022] MISSING_CENTRAL: TTZ2E1Mu/Central/bjets/3/energy in Skim_TriLep_ZZZ.root
2026-05-29 15:22:48,261 - INFO - [2022] MISSING_CENTRAL: TTZ2E1Mu/Central/bjets/3/energy in Skim_TriLep_VBFHToZZTo4L.root
2026-05-29 15:22:48,262 - INFO - [2022] MISSING_CENTRAL: TTZ2E1Mu/Central/bjets/3/energy in Skim_TriLep_ggHToZZTo4L.root
2026-05-29 15:22:48,263 - INFO - [2022EE] MISSING_CENTRAL: TTZ2E1Mu/Central/bjets/3/energy in Skim_TriLep_MuonEG_E.root
2026-05-29 15:22:48,264 - INFO - [2022EE] MISSING_CENTRAL: TTZ2E1Mu/Central/bjets/3/energy in Skim_TriLep_MuonEG_G.root
2026-05-29 15:22:48,265 - INFO - [2022EE] MISSING_CENTRAL: TTZ2E1Mu/Central/bjets/3/energy in Skim_TriLep_DYJets.root
2026-05-29 15:22:48,265 - INFO - [2022EE] MISSING_CENTRAL: TTZ2E1Mu/Central/bjets/3/energy in Skim_TriLep_DYJets10to50.root
2026-05-29 15:22:48,285 - INFO - [2022EE] MISSING_CENTRAL: TTZ2E1Mu/Central/bjets/3/energy in Skim_TriLep_TTG_PTG100to200.root
2026-05-29 15:22:48,286 - INFO - [2022EE] MISSING_CENTRAL: TTZ2E1Mu/Central/bjets/3/energy in Skim_TriLep_TTG_PTG200toInf.root
2026-05-29 15:22:48,292 - INFO - [2022EE] MISSING_SYSTEMATIC: TTZ2E1Mu/ElectronRes_Up/bjets/3/energy in Skim_TriLep_TTWToLNu.root
2026-05-29 15:22:48,292 - INFO - [2022EE] MISSING_SYSTEMATIC: TTZ2E1Mu/ElectronRes_Down/bjets/3/energy in Skim_TriLep_TTWToLNu.root
2026-05-29 15:22:48,389 - INFO - [2022EE] MISSING_CENTRAL: TTZ2E1Mu/Central/bjets/3/energy in Skim_TriLep_WZTo3LNu_powheg.root
2026-05-29 15:22:48,390 - INFO - [2022EE] MISSING_CENTRAL: TTZ2E1Mu/Central/bjets/3/energy in Skim_TriLep_ZZTo4L_powheg.root
2026-05-29 15:22:48,391 - INFO - [2022EE] MISSING_CENTRAL: TTZ2E1Mu/Central/bjets/3/energy in Skim_TriLep_tHq.root
2026-05-29 15:22:48,391 - INFO - [2022EE] MISSING_CENTRAL: TTZ2E1Mu/Central/bjets/3/energy in Skim_TriLep_WWW.root
2026-05-29 15:22:48,392 - INFO - [2022EE] MISSING_CENTRAL: TTZ2E1Mu/Central/bjets/3/energy in Skim_TriLep_WWZ.root
2026-05-29 15:22:48,412 - INFO - [2022EE] MISSING_CENTRAL: TTZ2E1Mu/Central/bjets/3/energy in Skim_TriLep_ZZZ.root
2026-05-29 15:22:48,435 - INFO - [2022EE] MISSING_CENTRAL: TTZ2E1Mu/Central/bjets/3/energy in Skim_TriLep_VBFHToZZTo4L.root
2026-05-29 15:22:48,436 - INFO - [2022EE] MISSING_CENTRAL: TTZ2E1Mu/Central/bjets/3/energy in Skim_TriLep_ggHToZZTo4L.root
2026-05-29 15:22:48,437 - INFO - [2023] MISSING_CENTRAL: TTZ2E1Mu/Central/bjets/3/energy in Skim_TriLep_MuonEG_C_v1.root
2026-05-29 15:22:48,437 - INFO - [2023] MISSING_CENTRAL: TTZ2E1Mu/Central/bjets/3/energy in Skim_TriLep_MuonEG_C_v2.root
2026-05-29 15:22:48,438 - INFO - [2023] MISSING_CENTRAL: TTZ2E1Mu/Central/bjets/3/energy in Skim_TriLep_MuonEG_C_v3.root
2026-05-29 15:22:48,438 - INFO - [2023] MISSING_CENTRAL: TTZ2E1Mu/Central/bjets/3/energy in Skim_TriLep_MuonEG_C_v4.root
2026-05-29 15:22:48,439 - INFO - [2023] MISSING_CENTRAL: TTZ2E1Mu/Central/bjets/3/energy in Skim_TriLep_DYJets.root
2026-05-29 15:22:48,439 - INFO - [2023] MISSING_CENTRAL: TTZ2E1Mu/Central/bjets/3/energy in Skim_TriLep_DYJets10to50.root
2026-05-29 15:22:48,440 - INFO - [2023] MISSING_CENTRAL: TTZ2E1Mu/Central/bjets/3/energy in Skim_TriLep_TTG_PTG10to100.root
2026-05-29 15:22:48,441 - INFO - [2023] MISSING_CENTRAL: TTZ2E1Mu/Central/bjets/3/energy in Skim_TriLep_TTG_PTG100to200.root
2026-05-29 15:22:48,441 - INFO - [2023] MISSING_CENTRAL: TTZ2E1Mu/Central/bjets/3/energy in Skim_TriLep_TTG_PTG200toInf.root
2026-05-29 15:22:48,442 - INFO - [2023] MISSING_CENTRAL: TTZ2E1Mu/Central/bjets/3/energy in Skim_TriLep_TTWToLNu.root
2026-05-29 15:22:48,442 - INFO - [2023] MISSING_CENTRAL: TTZ2E1Mu/Central/bjets/3/energy in Skim_TriLep_TTZ_M4to50.root
2026-05-29 15:22:48,505 - INFO - [2023] MISSING_CENTRAL: TTZ2E1Mu/Central/bjets/3/energy in Skim_TriLep_WZTo3LNu_powheg.root
2026-05-29 15:22:48,505 - INFO - [2023] MISSING_CENTRAL: TTZ2E1Mu/Central/bjets/3/energy in Skim_TriLep_ZZTo4L_powheg.root
2026-05-29 15:22:48,506 - INFO - [2023] MISSING_CENTRAL: TTZ2E1Mu/Central/bjets/3/energy in Skim_TriLep_tHq.root
2026-05-29 15:22:48,506 - INFO - [2023] MISSING_CENTRAL: TTZ2E1Mu/Central/bjets/3/energy in Skim_TriLep_WWW.root
2026-05-29 15:22:48,507 - INFO - [2023] MISSING_CENTRAL: TTZ2E1Mu/Central/bjets/3/energy in Skim_TriLep_WWZ.root
2026-05-29 15:22:48,508 - INFO - [2023] MISSING_CENTRAL: TTZ2E1Mu/Central/bjets/3/energy in Skim_TriLep_WZZ.root
2026-05-29 15:22:48,550 - INFO - [2023] MISSING_CENTRAL: TTZ2E1Mu/Central/bjets/3/energy in Skim_TriLep_VBFHToZZTo4L.root
2026-05-29 15:22:48,550 - INFO - [2023] MISSING_CENTRAL: TTZ2E1Mu/Central/bjets/3/energy in Skim_TriLep_ggHToZZTo4L.root
2026-05-29 15:22:48,551 - INFO - [2023BPix] MISSING_CENTRAL: TTZ2E1Mu/Central/bjets/3/energy in Skim_TriLep_MuonEG_D_v1.root
2026-05-29 15:22:48,551 - INFO - [2023BPix] MISSING_CENTRAL: TTZ2E1Mu/Central/bjets/3/energy in Skim_TriLep_MuonEG_D_v2.root
2026-05-29 15:22:48,552 - INFO - [2023BPix] MISSING_CENTRAL: TTZ2E1Mu/Central/bjets/3/energy in Skim_TriLep_DYJets.root
2026-05-29 15:22:48,552 - INFO - [2023BPix] MISSING_CENTRAL: TTZ2E1Mu/Central/bjets/3/energy in Skim_TriLep_DYJets10to50.root
2026-05-29 15:22:48,553 - INFO - [2023BPix] MISSING_CENTRAL: TTZ2E1Mu/Central/bjets/3/energy in Skim_TriLep_TTG_PTG10to100.root
2026-05-29 15:22:48,554 - INFO - [2023BPix] MISSING_CENTRAL: TTZ2E1Mu/Central/bjets/3/energy in Skim_TriLep_TTG_PTG100to200.root
2026-05-29 15:22:48,554 - INFO - [2023BPix] MISSING_CENTRAL: TTZ2E1Mu/Central/bjets/3/energy in Skim_TriLep_TTG_PTG200toInf.root
2026-05-29 15:22:48,575 - INFO - [2023BPix] MISSING_CENTRAL: TTZ2E1Mu/Central/bjets/3/energy in Skim_TriLep_TTZ_M4to50.root
2026-05-29 15:22:48,636 - INFO - [2023BPix] MISSING_CENTRAL: TTZ2E1Mu/Central/bjets/3/energy in Skim_TriLep_WZTo3LNu_powheg.root
2026-05-29 15:22:48,637 - INFO - [2023BPix] MISSING_CENTRAL: TTZ2E1Mu/Central/bjets/3/energy in Skim_TriLep_ZZTo4L_powheg.root
2026-05-29 15:22:48,637 - INFO - [2023BPix] MISSING_CENTRAL: TTZ2E1Mu/Central/bjets/3/energy in Skim_TriLep_tHq.root
2026-05-29 15:22:48,638 - INFO - [2023BPix] MISSING_CENTRAL: TTZ2E1Mu/Central/bjets/3/energy in Skim_TriLep_WWW.root
2026-05-29 15:22:48,639 - INFO - [2023BPix] MISSING_CENTRAL: TTZ2E1Mu/Central/bjets/3/energy in Skim_TriLep_WWZ.root
2026-05-29 15:22:48,639 - INFO - [2023BPix] MISSING_CENTRAL: TTZ2E1Mu/Central/bjets/3/energy in Skim_TriLep_WZZ.root
2026-05-29 15:22:48,682 - INFO - [2023BPix] MISSING_CENTRAL: TTZ2E1Mu/Central/bjets/3/energy in Skim_TriLep_VBFHToZZTo4L.root
2026-05-29 15:22:48,683 - INFO - [2023BPix] MISSING_CENTRAL: TTZ2E1Mu/Central/bjets/3/energy in Skim_TriLep_ggHToZZTo4L.root
2026-05-29 15:40:14,634 - INFO - [2022] MISSING_CENTRAL: TTZ2E1Mu/Central/bjets/3/energy in Skim_TriLep_MuonEG_D.root
2026-05-29 15:40:14,654 - INFO - [2022EE] MISSING_CENTRAL: TTZ2E1Mu/Central/bjets/3/energy in Skim_TriLep_MuonEG_E.root
2026-05-29 15:40:14,655 - INFO - [2022EE] MISSING_CENTRAL: TTZ2E1Mu/Central/bjets/3/energy in Skim_TriLep_MuonEG_F.root
2026-05-29 15:40:14,655 - INFO - [2022EE] MISSING_CENTRAL: TTZ2E1Mu/Central/bjets/3/energy in Skim_TriLep_MuonEG_G.root
2026-05-29 15:40:14,656 - INFO - [2023] MISSING_CENTRAL: TTZ2E1Mu/Central/bjets/3/energy in Skim_TriLep_MuonEG_C_v1.root
2026-05-29 15:40:14,656 - INFO - [2023] MISSING_CENTRAL: TTZ2E1Mu/Central/bjets/3/energy in Skim_TriLep_MuonEG_C_v2.root
2026-05-29 15:40:14,657 - INFO - [2023] MISSING_CENTRAL: TTZ2E1Mu/Central/bjets/3/energy in Skim_TriLep_MuonEG_C_v3.root
2026-05-29 15:40:14,657 - INFO - [2023] MISSING_CENTRAL: TTZ2E1Mu/Central/bjets/3/energy in Skim_TriLep_MuonEG_C_v4.root
2026-05-29 15:40:14,658 - INFO - [2023BPix] MISSING_CENTRAL: TTZ2E1Mu/Central/bjets/3/energy in Skim_TriLep_MuonEG_D_v2.root
2026-05-29 15:40:14,676 - INFO - [2022] MISSING_CENTRAL: TTZ2E1Mu/Central/bjets/3/energy in Skim_TriLep_MuonEG_D.root
2026-05-29 15:40:14,677 - INFO - [2022] MISSING_CENTRAL: TTZ2E1Mu/Central/bjets/3/energy in Skim_TriLep_DYJets.root
2026-05-29 15:40:14,677 - INFO - [2022] MISSING_CENTRAL: TTZ2E1Mu/Central/bjets/3/energy in Skim_TriLep_DYJets10to50.root
2026-05-29 15:40:14,678 - INFO - [2022] MISSING_CENTRAL: TTZ2E1Mu/Central/bjets/3/energy in Skim_TriLep_TTG_PTG10to100.root
2026-05-29 15:40:14,678 - INFO - [2022] MISSING_CENTRAL: TTZ2E1Mu/Central/bjets/3/energy in Skim_TriLep_TTG_PTG100to200.root
2026-05-29 15:40:14,679 - INFO - [2022] MISSING_CENTRAL: TTZ2E1Mu/Central/bjets/3/energy in Skim_TriLep_TTG_PTG200toInf.root
2026-05-29 15:40:14,680 - INFO - [2022] MISSING_CENTRAL: TTZ2E1Mu/Central/bjets/3/energy in Skim_TriLep_TTWToLNu.root
2026-05-29 15:40:14,681 - INFO - [2022] MISSING_CENTRAL: TTZ2E1Mu/Central/bjets/3/energy in Skim_TriLep_TTZ_M4to50.root
2026-05-29 15:40:14,747 - INFO - [2022] MISSING_CENTRAL: TTZ2E1Mu/Central/bjets/3/energy in Skim_TriLep_WZTo3LNu_powheg.root
2026-05-29 15:40:14,748 - INFO - [2022] MISSING_CENTRAL: TTZ2E1Mu/Central/bjets/3/energy in Skim_TriLep_ZZTo4L_powheg.root
2026-05-29 15:40:14,767 - INFO - [2022] MISSING_CENTRAL: TTZ2E1Mu/Central/bjets/3/energy in Skim_TriLep_WWW.root
2026-05-29 15:40:14,767 - INFO - [2022] MISSING_CENTRAL: TTZ2E1Mu/Central/bjets/3/energy in Skim_TriLep_WWZ.root
2026-05-29 15:40:14,768 - INFO - [2022] MISSING_CENTRAL: TTZ2E1Mu/Central/bjets/3/energy in Skim_TriLep_WZZ.root
2026-05-29 15:40:14,769 - INFO - [2022] MISSING_CENTRAL: TTZ2E1Mu/Central/bjets/3/energy in Skim_TriLep_ZZZ.root
2026-05-29 15:40:14,789 - INFO - [2022] MISSING_CENTRAL: TTZ2E1Mu/Central/bjets/3/energy in Skim_TriLep_VBFHToZZTo4L.root
2026-05-29 15:40:14,790 - INFO - [2022] MISSING_CENTRAL: TTZ2E1Mu/Central/bjets/3/energy in Skim_TriLep_ggHToZZTo4L.root
2026-05-29 15:40:14,791 - INFO - [2022EE] MISSING_CENTRAL: TTZ2E1Mu/Central/bjets/3/energy in Skim_TriLep_MuonEG_E.root
2026-05-29 15:40:14,792 - INFO - [2022EE] MISSING_CENTRAL: TTZ2E1Mu/Central/bjets/3/energy in Skim_TriLep_MuonEG_G.root
2026-05-29 15:40:14,793 - INFO - [2022EE] MISSING_CENTRAL: TTZ2E1Mu/Central/bjets/3/energy in Skim_TriLep_DYJets.root
2026-05-29 15:40:14,793 - INFO - [2022EE] MISSING_CENTRAL: TTZ2E1Mu/Central/bjets/3/energy in Skim_TriLep_DYJets10to50.root
2026-05-29 15:40:14,807 - INFO - [2022EE] MISSING_CENTRAL: TTZ2E1Mu/Central/bjets/3/energy in Skim_TriLep_TTG_PTG100to200.root
2026-05-29 15:40:14,808 - INFO - [2022EE] MISSING_CENTRAL: TTZ2E1Mu/Central/bjets/3/energy in Skim_TriLep_TTG_PTG200toInf.root
2026-05-29 15:40:14,811 - INFO - [2022EE] MISSING_SYSTEMATIC: TTZ2E1Mu/ElectronRes_Up/bjets/3/energy in Skim_TriLep_TTWToLNu.root
2026-05-29 15:40:14,811 - INFO - [2022EE] MISSING_SYSTEMATIC: TTZ2E1Mu/ElectronRes_Down/bjets/3/energy in Skim_TriLep_TTWToLNu.root
2026-05-29 15:40:14,896 - INFO - [2022EE] MISSING_CENTRAL: TTZ2E1Mu/Central/bjets/3/energy in Skim_TriLep_WZTo3LNu_powheg.root
2026-05-29 15:40:14,897 - INFO - [2022EE] MISSING_CENTRAL: TTZ2E1Mu/Central/bjets/3/energy in Skim_TriLep_ZZTo4L_powheg.root
2026-05-29 15:40:14,898 - INFO - [2022EE] MISSING_CENTRAL: TTZ2E1Mu/Central/bjets/3/energy in Skim_TriLep_tHq.root
2026-05-29 15:40:14,898 - INFO - [2022EE] MISSING_CENTRAL: TTZ2E1Mu/Central/bjets/3/energy in Skim_TriLep_WWW.root
2026-05-29 15:40:14,899 - INFO - [2022EE] MISSING_CENTRAL: TTZ2E1Mu/Central/bjets/3/energy in Skim_TriLep_WWZ.root
2026-05-29 15:40:14,919 - INFO - [2022EE] MISSING_CENTRAL: TTZ2E1Mu/Central/bjets/3/energy in Skim_TriLep_ZZZ.root
2026-05-29 15:40:14,942 - INFO - [2022EE] MISSING_CENTRAL: TTZ2E1Mu/Central/bjets/3/energy in Skim_TriLep_VBFHToZZTo4L.root
2026-05-29 15:40:14,943 - INFO - [2022EE] MISSING_CENTRAL: TTZ2E1Mu/Central/bjets/3/energy in Skim_TriLep_ggHToZZTo4L.root
2026-05-29 15:40:14,943 - INFO - [2023] MISSING_CENTRAL: TTZ2E1Mu/Central/bjets/3/energy in Skim_TriLep_MuonEG_C_v1.root
2026-05-29 15:40:14,944 - INFO - [2023] MISSING_CENTRAL: TTZ2E1Mu/Central/bjets/3/energy in Skim_TriLep_MuonEG_C_v2.root
2026-05-29 15:40:14,945 - INFO - [2023] MISSING_CENTRAL: TTZ2E1Mu/Central/bjets/3/energy in Skim_TriLep_MuonEG_C_v3.root
2026-05-29 15:40:14,945 - INFO - [2023] MISSING_CENTRAL: TTZ2E1Mu/Central/bjets/3/energy in Skim_TriLep_MuonEG_C_v4.root
2026-05-29 15:40:14,946 - INFO - [2023] MISSING_CENTRAL: TTZ2E1Mu/Central/bjets/3/energy in Skim_TriLep_DYJets.root
2026-05-29 15:40:14,946 - INFO - [2023] MISSING_CENTRAL: TTZ2E1Mu/Central/bjets/3/energy in Skim_TriLep_DYJets10to50.root
2026-05-29 15:40:14,947 - INFO - [2023] MISSING_CENTRAL: TTZ2E1Mu/Central/bjets/3/energy in Skim_TriLep_TTG_PTG10to100.root
2026-05-29 15:40:14,948 - INFO - [2023] MISSING_CENTRAL: TTZ2E1Mu/Central/bjets/3/energy in Skim_TriLep_TTG_PTG100to200.root
2026-05-29 15:40:14,948 - INFO - [2023] MISSING_CENTRAL: TTZ2E1Mu/Central/bjets/3/energy in Skim_TriLep_TTG_PTG200toInf.root
2026-05-29 15:40:14,949 - INFO - [2023] MISSING_CENTRAL: TTZ2E1Mu/Central/bjets/3/energy in Skim_TriLep_TTWToLNu.root
2026-05-29 15:40:14,949 - INFO - [2023] MISSING_CENTRAL: TTZ2E1Mu/Central/bjets/3/energy in Skim_TriLep_TTZ_M4to50.root
2026-05-29 15:40:15,011 - INFO - [2023] MISSING_CENTRAL: TTZ2E1Mu/Central/bjets/3/energy in Skim_TriLep_WZTo3LNu_powheg.root
2026-05-29 15:40:15,012 - INFO - [2023] MISSING_CENTRAL: TTZ2E1Mu/Central/bjets/3/energy in Skim_TriLep_ZZTo4L_powheg.root
2026-05-29 15:40:15,012 - INFO - [2023] MISSING_CENTRAL: TTZ2E1Mu/Central/bjets/3/energy in Skim_TriLep_tHq.root
2026-05-29 15:40:15,013 - INFO - [2023] MISSING_CENTRAL: TTZ2E1Mu/Central/bjets/3/energy in Skim_TriLep_WWW.root
2026-05-29 15:40:15,013 - INFO - [2023] MISSING_CENTRAL: TTZ2E1Mu/Central/bjets/3/energy in Skim_TriLep_WWZ.root
2026-05-29 15:40:15,014 - INFO - [2023] MISSING_CENTRAL: TTZ2E1Mu/Central/bjets/3/energy in Skim_TriLep_WZZ.root
2026-05-29 15:40:15,057 - INFO - [2023] MISSING_CENTRAL: TTZ2E1Mu/Central/bjets/3/energy in Skim_TriLep_VBFHToZZTo4L.root
2026-05-29 15:40:15,057 - INFO - [2023] MISSING_CENTRAL: TTZ2E1Mu/Central/bjets/3/energy in Skim_TriLep_ggHToZZTo4L.root
2026-05-29 15:40:15,058 - INFO - [2023BPix] MISSING_CENTRAL: TTZ2E1Mu/Central/bjets/3/energy in Skim_TriLep_MuonEG_D_v1.root
2026-05-29 15:40:15,059 - INFO - [2023BPix] MISSING_CENTRAL: TTZ2E1Mu/Central/bjets/3/energy in Skim_TriLep_MuonEG_D_v2.root
2026-05-29 15:40:15,059 - INFO - [2023BPix] MISSING_CENTRAL: TTZ2E1Mu/Central/bjets/3/energy in Skim_TriLep_DYJets.root
2026-05-29 15:40:15,060 - INFO - [2023BPix] MISSING_CENTRAL: TTZ2E1Mu/Central/bjets/3/energy in Skim_TriLep_DYJets10to50.root
2026-05-29 15:40:15,060 - INFO - [2023BPix] MISSING_CENTRAL: TTZ2E1Mu/Central/bjets/3/energy in Skim_TriLep_TTG_PTG10to100.root
2026-05-29 15:40:15,061 - INFO - [2023BPix] MISSING_CENTRAL: TTZ2E1Mu/Central/bjets/3/energy in Skim_TriLep_TTG_PTG100to200.root
2026-05-29 15:40:15,062 - INFO - [2023BPix] MISSING_CENTRAL: TTZ2E1Mu/Central/bjets/3/energy in Skim_TriLep_TTG_PTG200toInf.root
2026-05-29 15:40:15,083 - INFO - [2023BPix] MISSING_CENTRAL: TTZ2E1Mu/Central/bjets/3/energy in Skim_TriLep_TTZ_M4to50.root
2026-05-29 15:40:15,147 - INFO - [2023BPix] MISSING_CENTRAL: TTZ2E1Mu/Central/bjets/3/energy in Skim_TriLep_WZTo3LNu_powheg.root
2026-05-29 15:40:15,148 - INFO - [2023BPix] MISSING_CENTRAL: TTZ2E1Mu/Central/bjets/3/energy in Skim_TriLep_ZZTo4L_powheg.root
2026-05-29 15:40:15,148 - INFO - [2023BPix] MISSING_CENTRAL: TTZ2E1Mu/Central/bjets/3/energy in Skim_TriLep_tHq.root
2026-05-29 15:40:15,149 - INFO - [2023BPix] MISSING_CENTRAL: TTZ2E1Mu/Central/bjets/3/energy in Skim_TriLep_WWW.root
2026-05-29 15:40:15,150 - INFO - [2023BPix] MISSING_CENTRAL: TTZ2E1Mu/Central/bjets/3/energy in Skim_TriLep_WWZ.root
2026-05-29 15:40:15,150 - INFO - [2023BPix] MISSING_CENTRAL: TTZ2E1Mu/Central/bjets/3/energy in Skim_TriLep_WZZ.root
2026-05-29 15:40:15,195 - INFO - [2023BPix] MISSING_CENTRAL: TTZ2E1Mu/Central/bjets/3/energy in Skim_TriLep_VBFHToZZTo4L.root
2026-05-29 15:40:15,196 - INFO - [2023BPix] MISSING_CENTRAL: TTZ2E1Mu/Central/bjets/3/energy in Skim_TriLep_ggHToZZTo4L.root
2026-05-29 18:31:37,476 - INFO - [2022] MISSING_CENTRAL: TTZ2E1Mu/Central/bjets/3/energy in Skim_TriLep_MuonEG_D.root
2026-05-29 18:31:37,496 - INFO - [2022EE] MISSING_CENTRAL: TTZ2E1Mu/Central/bjets/3/energy in Skim_TriLep_MuonEG_E.root
2026-05-29 18:31:37,497 - INFO - [2022EE] MISSING_CENTRAL: TTZ2E1Mu/Central/bjets/3/energy in Skim_TriLep_MuonEG_F.root
2026-05-29 18:31:37,497 - INFO - [2022EE] MISSING_CENTRAL: TTZ2E1Mu/Central/bjets/3/energy in Skim_TriLep_MuonEG_G.root
2026-05-29 18:31:37,498 - INFO - [2023] MISSING_CENTRAL: TTZ2E1Mu/Central/bjets/3/energy in Skim_TriLep_MuonEG_C_v1.root
2026-05-29 18:31:37,498 - INFO - [2023] MISSING_CENTRAL: TTZ2E1Mu/Central/bjets/3/energy in Skim_TriLep_MuonEG_C_v2.root
2026-05-29 18:31:37,499 - INFO - [2023] MISSING_CENTRAL: TTZ2E1Mu/Central/bjets/3/energy in Skim_TriLep_MuonEG_C_v3.root
2026-05-29 18:31:37,499 - INFO - [2023] MISSING_CENTRAL: TTZ2E1Mu/Central/bjets/3/energy in Skim_TriLep_MuonEG_C_v4.root
2026-05-29 18:31:37,500 - INFO - [2023BPix] MISSING_CENTRAL: TTZ2E1Mu/Central/bjets/3/energy in Skim_TriLep_MuonEG_D_v2.root
2026-05-29 18:31:37,519 - INFO - [2022] MISSING_CENTRAL: TTZ2E1Mu/Central/bjets/3/energy in Skim_TriLep_MuonEG_D.root
2026-05-29 18:31:37,519 - INFO - [2022] MISSING_CENTRAL: TTZ2E1Mu/Central/bjets/3/energy in Skim_TriLep_DYJets.root
2026-05-29 18:31:37,520 - INFO - [2022] MISSING_CENTRAL: TTZ2E1Mu/Central/bjets/3/energy in Skim_TriLep_DYJets10to50.root
2026-05-29 18:31:37,520 - INFO - [2022] MISSING_CENTRAL: TTZ2E1Mu/Central/bjets/3/energy in Skim_TriLep_TTG_PTG10to100.root
2026-05-29 18:31:37,521 - INFO - [2022] MISSING_CENTRAL: TTZ2E1Mu/Central/bjets/3/energy in Skim_TriLep_TTG_PTG100to200.root
2026-05-29 18:31:37,521 - INFO - [2022] MISSING_CENTRAL: TTZ2E1Mu/Central/bjets/3/energy in Skim_TriLep_TTG_PTG200toInf.root
2026-05-29 18:31:37,523 - INFO - [2022] MISSING_CENTRAL: TTZ2E1Mu/Central/bjets/3/energy in Skim_TriLep_TTWToLNu.root
2026-05-29 18:31:37,523 - INFO - [2022] MISSING_CENTRAL: TTZ2E1Mu/Central/bjets/3/energy in Skim_TriLep_TTZ_M4to50.root
2026-05-29 18:31:37,589 - INFO - [2022] MISSING_CENTRAL: TTZ2E1Mu/Central/bjets/3/energy in Skim_TriLep_WZTo3LNu_powheg.root
2026-05-29 18:31:37,590 - INFO - [2022] MISSING_CENTRAL: TTZ2E1Mu/Central/bjets/3/energy in Skim_TriLep_ZZTo4L_powheg.root
2026-05-29 18:31:37,608 - INFO - [2022] MISSING_CENTRAL: TTZ2E1Mu/Central/bjets/3/energy in Skim_TriLep_WWW.root
2026-05-29 18:31:37,609 - INFO - [2022] MISSING_CENTRAL: TTZ2E1Mu/Central/bjets/3/energy in Skim_TriLep_WWZ.root
2026-05-29 18:31:37,610 - INFO - [2022] MISSING_CENTRAL: TTZ2E1Mu/Central/bjets/3/energy in Skim_TriLep_WZZ.root
2026-05-29 18:31:37,610 - INFO - [2022] MISSING_CENTRAL: TTZ2E1Mu/Central/bjets/3/energy in Skim_TriLep_ZZZ.root
2026-05-29 18:31:37,630 - INFO - [2022] MISSING_CENTRAL: TTZ2E1Mu/Central/bjets/3/energy in Skim_TriLep_VBFHToZZTo4L.root
2026-05-29 18:31:37,631 - INFO - [2022] MISSING_CENTRAL: TTZ2E1Mu/Central/bjets/3/energy in Skim_TriLep_ggHToZZTo4L.root
2026-05-29 18:31:37,631 - INFO - [2022EE] MISSING_CENTRAL: TTZ2E1Mu/Central/bjets/3/energy in Skim_TriLep_MuonEG_E.root
2026-05-29 18:31:37,633 - INFO - [2022EE] MISSING_CENTRAL: TTZ2E1Mu/Central/bjets/3/energy in Skim_TriLep_MuonEG_G.root
2026-05-29 18:31:37,633 - INFO - [2022EE] MISSING_CENTRAL: TTZ2E1Mu/Central/bjets/3/energy in Skim_TriLep_DYJets.root
2026-05-29 18:31:37,634 - INFO - [2022EE] MISSING_CENTRAL: TTZ2E1Mu/Central/bjets/3/energy in Skim_TriLep_DYJets10to50.root
2026-05-29 18:31:37,653 - INFO - [2022EE] MISSING_CENTRAL: TTZ2E1Mu/Central/bjets/3/energy in Skim_TriLep_TTG_PTG100to200.root
2026-05-29 18:31:37,653 - INFO - [2022EE] MISSING_CENTRAL: TTZ2E1Mu/Central/bjets/3/energy in Skim_TriLep_TTG_PTG200toInf.root
2026-05-29 18:31:37,659 - INFO - [2022EE] MISSING_SYSTEMATIC: TTZ2E1Mu/ElectronRes_Up/bjets/3/energy in Skim_TriLep_TTWToLNu.root
2026-05-29 18:31:37,659 - INFO - [2022EE] MISSING_SYSTEMATIC: TTZ2E1Mu/ElectronRes_Down/bjets/3/energy in Skim_TriLep_TTWToLNu.root
2026-05-29 18:31:37,747 - INFO - [2022EE] MISSING_CENTRAL: TTZ2E1Mu/Central/bjets/3/energy in Skim_TriLep_WZTo3LNu_powheg.root
2026-05-29 18:31:37,748 - INFO - [2022EE] MISSING_CENTRAL: TTZ2E1Mu/Central/bjets/3/energy in Skim_TriLep_ZZTo4L_powheg.root
2026-05-29 18:31:37,748 - INFO - [2022EE] MISSING_CENTRAL: TTZ2E1Mu/Central/bjets/3/energy in Skim_TriLep_tHq.root
2026-05-29 18:31:37,749 - INFO - [2022EE] MISSING_CENTRAL: TTZ2E1Mu/Central/bjets/3/energy in Skim_TriLep_WWW.root
2026-05-29 18:31:37,749 - INFO - [2022EE] MISSING_CENTRAL: TTZ2E1Mu/Central/bjets/3/energy in Skim_TriLep_WWZ.root
2026-05-29 18:31:37,769 - INFO - [2022EE] MISSING_CENTRAL: TTZ2E1Mu/Central/bjets/3/energy in Skim_TriLep_ZZZ.root
2026-05-29 18:31:37,790 - INFO - [2022EE] MISSING_CENTRAL: TTZ2E1Mu/Central/bjets/3/energy in Skim_TriLep_VBFHToZZTo4L.root
2026-05-29 18:31:37,791 - INFO - [2022EE] MISSING_CENTRAL: TTZ2E1Mu/Central/bjets/3/energy in Skim_TriLep_ggHToZZTo4L.root
2026-05-29 18:31:37,791 - INFO - [2023] MISSING_CENTRAL: TTZ2E1Mu/Central/bjets/3/energy in Skim_TriLep_MuonEG_C_v1.root
2026-05-29 18:31:37,792 - INFO - [2023] MISSING_CENTRAL: TTZ2E1Mu/Central/bjets/3/energy in Skim_TriLep_MuonEG_C_v2.root
2026-05-29 18:31:37,792 - INFO - [2023] MISSING_CENTRAL: TTZ2E1Mu/Central/bjets/3/energy in Skim_TriLep_MuonEG_C_v3.root
2026-05-29 18:31:37,793 - INFO - [2023] MISSING_CENTRAL: TTZ2E1Mu/Central/bjets/3/energy in Skim_TriLep_MuonEG_C_v4.root
2026-05-29 18:31:37,794 - INFO - [2023] MISSING_CENTRAL: TTZ2E1Mu/Central/bjets/3/energy in Skim_TriLep_DYJets.root
2026-05-29 18:31:37,794 - INFO - [2023] MISSING_CENTRAL: TTZ2E1Mu/Central/bjets/3/energy in Skim_TriLep_DYJets10to50.root
2026-05-29 18:31:37,795 - INFO - [2023] MISSING_CENTRAL: TTZ2E1Mu/Central/bjets/3/energy in Skim_TriLep_TTG_PTG10to100.root
2026-05-29 18:31:37,796 - INFO - [2023] MISSING_CENTRAL: TTZ2E1Mu/Central/bjets/3/energy in Skim_TriLep_TTG_PTG100to200.root
2026-05-29 18:31:37,796 - INFO - [2023] MISSING_CENTRAL: TTZ2E1Mu/Central/bjets/3/energy in Skim_TriLep_TTG_PTG200toInf.root
2026-05-29 18:31:37,797 - INFO - [2023] MISSING_CENTRAL: TTZ2E1Mu/Central/bjets/3/energy in Skim_TriLep_TTWToLNu.root
2026-05-29 18:31:37,797 - INFO - [2023] MISSING_CENTRAL: TTZ2E1Mu/Central/bjets/3/energy in Skim_TriLep_TTZ_M4to50.root
2026-05-29 18:31:37,858 - INFO - [2023] MISSING_CENTRAL: TTZ2E1Mu/Central/bjets/3/energy in Skim_TriLep_WZTo3LNu_powheg.root
2026-05-29 18:31:37,859 - INFO - [2023] MISSING_CENTRAL: TTZ2E1Mu/Central/bjets/3/energy in Skim_TriLep_ZZTo4L_powheg.root
2026-05-29 18:31:37,859 - INFO - [2023] MISSING_CENTRAL: TTZ2E1Mu/Central/bjets/3/energy in Skim_TriLep_tHq.root
2026-05-29 18:31:37,860 - INFO - [2023] MISSING_CENTRAL: TTZ2E1Mu/Central/bjets/3/energy in Skim_TriLep_WWW.root
2026-05-29 18:31:37,861 - INFO - [2023] MISSING_CENTRAL: TTZ2E1Mu/Central/bjets/3/energy in Skim_TriLep_WWZ.root
2026-05-29 18:31:37,861 - INFO - [2023] MISSING_CENTRAL: TTZ2E1Mu/Central/bjets/3/energy in Skim_TriLep_WZZ.root
2026-05-29 18:31:37,906 - INFO - [2023] MISSING_CENTRAL: TTZ2E1Mu/Central/bjets/3/energy in Skim_TriLep_VBFHToZZTo4L.root
2026-05-29 18:31:37,906 - INFO - [2023] MISSING_CENTRAL: TTZ2E1Mu/Central/bjets/3/energy in Skim_TriLep_ggHToZZTo4L.root
2026-05-29 18:31:37,907 - INFO - [2023BPix] MISSING_CENTRAL: TTZ2E1Mu/Central/bjets/3/energy in Skim_TriLep_MuonEG_D_v1.root
2026-05-29 18:31:37,907 - INFO - [2023BPix] MISSING_CENTRAL: TTZ2E1Mu/Central/bjets/3/energy in Skim_TriLep_MuonEG_D_v2.root
2026-05-29 18:31:37,908 - INFO - [2023BPix] MISSING_CENTRAL: TTZ2E1Mu/Central/bjets/3/energy in Skim_TriLep_DYJets.root
2026-05-29 18:31:37,909 - INFO - [2023BPix] MISSING_CENTRAL: TTZ2E1Mu/Central/bjets/3/energy in Skim_TriLep_DYJets10to50.root
2026-05-29 18:31:37,909 - INFO - [2023BPix] MISSING_CENTRAL: TTZ2E1Mu/Central/bjets/3/energy in Skim_TriLep_TTG_PTG10to100.root
2026-05-29 18:31:37,910 - INFO - [2023BPix] MISSING_CENTRAL: TTZ2E1Mu/Central/bjets/3/energy in Skim_TriLep_TTG_PTG100to200.root
2026-05-29 18:31:37,910 - INFO - [2023BPix] MISSING_CENTRAL: TTZ2E1Mu/Central/bjets/3/energy in Skim_TriLep_TTG_PTG200toInf.root
2026-05-29 18:31:37,932 - INFO - [2023BPix] MISSING_CENTRAL: TTZ2E1Mu/Central/bjets/3/energy in Skim_TriLep_TTZ_M4to50.root
2026-05-29 18:31:37,992 - INFO - [2023BPix] MISSING_CENTRAL: TTZ2E1Mu/Central/bjets/3/energy in Skim_TriLep_WZTo3LNu_powheg.root
2026-05-29 18:31:37,993 - INFO - [2023BPix] MISSING_CENTRAL: TTZ2E1Mu/Central/bjets/3/energy in Skim_TriLep_ZZTo4L_powheg.root
2026-05-29 18:31:37,993 - INFO - [2023BPix] MISSING_CENTRAL: TTZ2E1Mu/Central/bjets/3/energy in Skim_TriLep_tHq.root
2026-05-29 18:31:37,994 - INFO - [2023BPix] MISSING_CENTRAL: TTZ2E1Mu/Central/bjets/3/energy in Skim_TriLep_WWW.root
2026-05-29 18:31:37,995 - INFO - [2023BPix] MISSING_CENTRAL: TTZ2E1Mu/Central/bjets/3/energy in Skim_TriLep_WWZ.root
2026-05-29 18:31:37,995 - INFO - [2023BPix] MISSING_CENTRAL: TTZ2E1Mu/Central/bjets/3/energy in Skim_TriLep_WZZ.root
2026-05-29 18:31:38,039 - INFO - [2023BPix] MISSING_CENTRAL: TTZ2E1Mu/Central/bjets/3/energy in Skim_TriLep_VBFHToZZTo4L.root
2026-05-29 18:31:38,039 - INFO - [2023BPix] MISSING_CENTRAL: TTZ2E1Mu/Central/bjets/3/energy in Skim_TriLep_ggHToZZTo4L.root
2026-06-03 21:10:19,718 - INFO - [2022] MISSING_CENTRAL: TTZ2E1Mu/Central/bjets/3/energy in Skim_TriLep_MuonEG_D.root
2026-06-03 21:10:19,739 - INFO - [2022EE] MISSING_CENTRAL: TTZ2E1Mu/Central/bjets/3/energy in Skim_TriLep_MuonEG_E.root
2026-06-03 21:10:19,739 - INFO - [2022EE] MISSING_CENTRAL: TTZ2E1Mu/Central/bjets/3/energy in Skim_TriLep_MuonEG_F.root
2026-06-03 21:10:19,740 - INFO - [2022EE] MISSING_CENTRAL: TTZ2E1Mu/Central/bjets/3/energy in Skim_TriLep_MuonEG_G.root
2026-06-03 21:10:19,740 - INFO - [2023] MISSING_CENTRAL: TTZ2E1Mu/Central/bjets/3/energy in Skim_TriLep_MuonEG_C_v1.root
2026-06-03 21:10:19,741 - INFO - [2023] MISSING_CENTRAL: TTZ2E1Mu/Central/bjets/3/energy in Skim_TriLep_MuonEG_C_v2.root
2026-06-03 21:10:19,741 - INFO - [2023] MISSING_CENTRAL: TTZ2E1Mu/Central/bjets/3/energy in Skim_TriLep_MuonEG_C_v3.root
2026-06-03 21:10:19,742 - INFO - [2023] MISSING_CENTRAL: TTZ2E1Mu/Central/bjets/3/energy in Skim_TriLep_MuonEG_C_v4.root
2026-06-03 21:10:19,743 - INFO - [2023BPix] MISSING_CENTRAL: TTZ2E1Mu/Central/bjets/3/energy in Skim_TriLep_MuonEG_D_v2.root
2026-06-03 21:10:19,759 - INFO - [2022] MISSING_CENTRAL: TTZ2E1Mu/Central/bjets/3/energy in Skim_TriLep_MuonEG_D.root
2026-06-03 21:10:19,760 - INFO - [2022] MISSING_CENTRAL: TTZ2E1Mu/Central/bjets/3/energy in Skim_TriLep_DYJets.root
2026-06-03 21:10:19,760 - INFO - [2022] MISSING_CENTRAL: TTZ2E1Mu/Central/bjets/3/energy in Skim_TriLep_DYJets10to50.root
2026-06-03 21:10:19,761 - INFO - [2022] MISSING_CENTRAL: TTZ2E1Mu/Central/bjets/3/energy in Skim_TriLep_TTG_PTG10to100.root
2026-06-03 21:10:19,762 - INFO - [2022] MISSING_CENTRAL: TTZ2E1Mu/Central/bjets/3/energy in Skim_TriLep_TTG_PTG100to200.root
2026-06-03 21:10:19,762 - INFO - [2022] MISSING_CENTRAL: TTZ2E1Mu/Central/bjets/3/energy in Skim_TriLep_TTG_PTG200toInf.root
2026-06-03 21:10:19,764 - INFO - [2022] MISSING_CENTRAL: TTZ2E1Mu/Central/bjets/3/energy in Skim_TriLep_TTWToLNu.root
2026-06-03 21:10:19,764 - INFO - [2022] MISSING_CENTRAL: TTZ2E1Mu/Central/bjets/3/energy in Skim_TriLep_TTZ_M4to50.root
2026-06-03 21:10:19,835 - INFO - [2022] MISSING_CENTRAL: TTZ2E1Mu/Central/bjets/3/energy in Skim_TriLep_WZTo3LNu_powheg.root
2026-06-03 21:10:19,836 - INFO - [2022] MISSING_CENTRAL: TTZ2E1Mu/Central/bjets/3/energy in Skim_TriLep_ZZTo4L_powheg.root
2026-06-03 21:10:19,857 - INFO - [2022] MISSING_CENTRAL: TTZ2E1Mu/Central/bjets/3/energy in Skim_TriLep_WWW.root
2026-06-03 21:10:19,857 - INFO - [2022] MISSING_CENTRAL: TTZ2E1Mu/Central/bjets/3/energy in Skim_TriLep_WWZ.root
2026-06-03 21:10:19,858 - INFO - [2022] MISSING_CENTRAL: TTZ2E1Mu/Central/bjets/3/energy in Skim_TriLep_WZZ.root
2026-06-03 21:10:19,858 - INFO - [2022] MISSING_CENTRAL: TTZ2E1Mu/Central/bjets/3/energy in Skim_TriLep_ZZZ.root
2026-06-03 21:10:19,881 - INFO - [2022] MISSING_CENTRAL: TTZ2E1Mu/Central/bjets/3/energy in Skim_TriLep_VBFHToZZTo4L.root
2026-06-03 21:10:19,882 - INFO - [2022] MISSING_CENTRAL: TTZ2E1Mu/Central/bjets/3/energy in Skim_TriLep_ggHToZZTo4L.root
2026-06-03 21:10:19,883 - INFO - [2022EE] MISSING_CENTRAL: TTZ2E1Mu/Central/bjets/3/energy in Skim_TriLep_MuonEG_E.root
2026-06-03 21:10:19,884 - INFO - [2022EE] MISSING_CENTRAL: TTZ2E1Mu/Central/bjets/3/energy in Skim_TriLep_MuonEG_G.root
2026-06-03 21:10:19,885 - INFO - [2022EE] MISSING_CENTRAL: TTZ2E1Mu/Central/bjets/3/energy in Skim_TriLep_DYJets.root
2026-06-03 21:10:19,885 - INFO - [2022EE] MISSING_CENTRAL: TTZ2E1Mu/Central/bjets/3/energy in Skim_TriLep_DYJets10to50.root
2026-06-03 21:10:19,906 - INFO - [2022EE] MISSING_CENTRAL: TTZ2E1Mu/Central/bjets/3/energy in Skim_TriLep_TTG_PTG100to200.root
2026-06-03 21:10:19,907 - INFO - [2022EE] MISSING_CENTRAL: TTZ2E1Mu/Central/bjets/3/energy in Skim_TriLep_TTG_PTG200toInf.root
2026-06-03 21:10:19,913 - INFO - [2022EE] MISSING_SYSTEMATIC: TTZ2E1Mu/ElectronRes_Up/bjets/3/energy in Skim_TriLep_TTWToLNu.root
2026-06-03 21:10:19,913 - INFO - [2022EE] MISSING_SYSTEMATIC: TTZ2E1Mu/ElectronRes_Down/bjets/3/energy in Skim_TriLep_TTWToLNu.root
2026-06-03 21:10:20,011 - INFO - [2022EE] MISSING_CENTRAL: TTZ2E1Mu/Central/bjets/3/energy in Skim_TriLep_WZTo3LNu_powheg.root
2026-06-03 21:10:20,012 - INFO - [2022EE] MISSING_CENTRAL: TTZ2E1Mu/Central/bjets/3/energy in Skim_TriLep_ZZTo4L_powheg.root
2026-06-03 21:10:20,012 - INFO - [2022EE] MISSING_CENTRAL: TTZ2E1Mu/Central/bjets/3/energy in Skim_TriLep_tHq.root
2026-06-03 21:10:20,013 - INFO - [2022EE] MISSING_CENTRAL: TTZ2E1Mu/Central/bjets/3/energy in Skim_TriLep_WWW.root
2026-06-03 21:10:20,013 - INFO - [2022EE] MISSING_CENTRAL: TTZ2E1Mu/Central/bjets/3/energy in Skim_TriLep_WWZ.root
2026-06-03 21:10:20,034 - INFO - [2022EE] MISSING_CENTRAL: TTZ2E1Mu/Central/bjets/3/energy in Skim_TriLep_ZZZ.root
2026-06-03 21:10:20,058 - INFO - [2022EE] MISSING_CENTRAL: TTZ2E1Mu/Central/bjets/3/energy in Skim_TriLep_VBFHToZZTo4L.root
2026-06-03 21:10:20,058 - INFO - [2022EE] MISSING_CENTRAL: TTZ2E1Mu/Central/bjets/3/energy in Skim_TriLep_ggHToZZTo4L.root
2026-06-03 21:10:20,059 - INFO - [2023] MISSING_CENTRAL: TTZ2E1Mu/Central/bjets/3/energy in Skim_TriLep_MuonEG_C_v1.root
2026-06-03 21:10:20,059 - INFO - [2023] MISSING_CENTRAL: TTZ2E1Mu/Central/bjets/3/energy in Skim_TriLep_MuonEG_C_v2.root
2026-06-03 21:10:20,060 - INFO - [2023] MISSING_CENTRAL: TTZ2E1Mu/Central/bjets/3/energy in Skim_TriLep_MuonEG_C_v3.root
2026-06-03 21:10:20,060 - INFO - [2023] MISSING_CENTRAL: TTZ2E1Mu/Central/bjets/3/energy in Skim_TriLep_MuonEG_C_v4.root
2026-06-03 21:10:20,061 - INFO - [2023] MISSING_CENTRAL: TTZ2E1Mu/Central/bjets/3/energy in Skim_TriLep_DYJets.root
2026-06-03 21:10:20,061 - INFO - [2023] MISSING_CENTRAL: TTZ2E1Mu/Central/bjets/3/energy in Skim_TriLep_DYJets10to50.root
2026-06-03 21:10:20,062 - INFO - [2023] MISSING_CENTRAL: TTZ2E1Mu/Central/bjets/3/energy in Skim_TriLep_TTG_PTG10to100.root
2026-06-03 21:10:20,063 - INFO - [2023] MISSING_CENTRAL: TTZ2E1Mu/Central/bjets/3/energy in Skim_TriLep_TTG_PTG100to200.root
2026-06-03 21:10:20,063 - INFO - [2023] MISSING_CENTRAL: TTZ2E1Mu/Central/bjets/3/energy in Skim_TriLep_TTG_PTG200toInf.root
2026-06-03 21:10:20,064 - INFO - [2023] MISSING_CENTRAL: TTZ2E1Mu/Central/bjets/3/energy in Skim_TriLep_TTWToLNu.root
2026-06-03 21:10:20,065 - INFO - [2023] MISSING_CENTRAL: TTZ2E1Mu/Central/bjets/3/energy in Skim_TriLep_TTZ_M4to50.root
2026-06-03 21:10:20,128 - INFO - [2023] MISSING_CENTRAL: TTZ2E1Mu/Central/bjets/3/energy in Skim_TriLep_WZTo3LNu_powheg.root
2026-06-03 21:10:20,129 - INFO - [2023] MISSING_CENTRAL: TTZ2E1Mu/Central/bjets/3/energy in Skim_TriLep_ZZTo4L_powheg.root
2026-06-03 21:10:20,129 - INFO - [2023] MISSING_CENTRAL: TTZ2E1Mu/Central/bjets/3/energy in Skim_TriLep_tHq.root
2026-06-03 21:10:20,130 - INFO - [2023] MISSING_CENTRAL: TTZ2E1Mu/Central/bjets/3/energy in Skim_TriLep_WWW.root
2026-06-03 21:10:20,130 - INFO - [2023] MISSING_CENTRAL: TTZ2E1Mu/Central/bjets/3/energy in Skim_TriLep_WWZ.root
2026-06-03 21:10:20,131 - INFO - [2023] MISSING_CENTRAL: TTZ2E1Mu/Central/bjets/3/energy in Skim_TriLep_WZZ.root
2026-06-03 21:10:20,174 - INFO - [2023] MISSING_CENTRAL: TTZ2E1Mu/Central/bjets/3/energy in Skim_TriLep_VBFHToZZTo4L.root
2026-06-03 21:10:20,175 - INFO - [2023] MISSING_CENTRAL: TTZ2E1Mu/Central/bjets/3/energy in Skim_TriLep_ggHToZZTo4L.root
2026-06-03 21:10:20,176 - INFO - [2023BPix] MISSING_CENTRAL: TTZ2E1Mu/Central/bjets/3/energy in Skim_TriLep_MuonEG_D_v1.root
2026-06-03 21:10:20,176 - INFO - [2023BPix] MISSING_CENTRAL: TTZ2E1Mu/Central/bjets/3/energy in Skim_TriLep_MuonEG_D_v2.root
2026-06-03 21:10:20,177 - INFO - [2023BPix] MISSING_CENTRAL: TTZ2E1Mu/Central/bjets/3/energy in Skim_TriLep_DYJets.root
2026-06-03 21:10:20,177 - INFO - [2023BPix] MISSING_CENTRAL: TTZ2E1Mu/Central/bjets/3/energy in Skim_TriLep_DYJets10to50.root
2026-06-03 21:10:20,178 - INFO - [2023BPix] MISSING_CENTRAL: TTZ2E1Mu/Central/bjets/3/energy in Skim_TriLep_TTG_PTG10to100.root
2026-06-03 21:10:20,179 - INFO - [2023BPix] MISSING_CENTRAL: TTZ2E1Mu/Central/bjets/3/energy in Skim_TriLep_TTG_PTG100to200.root
2026-06-03 21:10:20,179 - INFO - [2023BPix] MISSING_CENTRAL: TTZ2E1Mu/Central/bjets/3/energy in Skim_TriLep_TTG_PTG200toInf.root
2026-06-03 21:10:20,200 - INFO - [2023BPix] MISSING_CENTRAL: TTZ2E1Mu/Central/bjets/3/energy in Skim_TriLep_TTZ_M4to50.root
2026-06-03 21:10:20,263 - INFO - [2023BPix] MISSING_CENTRAL: TTZ2E1Mu/Central/bjets/3/energy in Skim_TriLep_WZTo3LNu_powheg.root
2026-06-03 21:10:20,264 - INFO - [2023BPix] MISSING_CENTRAL: TTZ2E1Mu/Central/bjets/3/energy in Skim_TriLep_ZZTo4L_powheg.root
2026-06-03 21:10:20,265 - INFO - [2023BPix] MISSING_CENTRAL: TTZ2E1Mu/Central/bjets/3/energy in Skim_TriLep_tHq.root
2026-06-03 21:10:20,265 - INFO - [2023BPix] MISSING_CENTRAL: TTZ2E1Mu/Central/bjets/3/energy in Skim_TriLep_WWW.root
2026-06-03 21:10:20,266 - INFO - [2023BPix] MISSING_CENTRAL: TTZ2E1Mu/Central/bjets/3/energy in Skim_TriLep_WWZ.root
2026-06-03 21:10:20,267 - INFO - [2023BPix] MISSING_CENTRAL: TTZ2E1Mu/Central/bjets/3/energy in Skim_TriLep_WZZ.root
2026-06-03 21:10:20,312 - INFO - [2023BPix] MISSING_CENTRAL: TTZ2E1Mu/Central/bjets/3/energy in Skim_TriLep_VBFHToZZTo4L.root
2026-06-03 21:10:20,313 - INFO - [2023BPix] MISSING_CENTRAL: TTZ2E1Mu/Central/bjets/3/energy in Skim_TriLep_ggHToZZTo4L.root
2026-06-12 14:00:07,546 - INFO - [2022] MISSING_CENTRAL: TTZ2E1Mu/Central/bjets/3/energy in Skim_TriLep_MuonEG_D.root
2026-06-12 14:00:07,562 - INFO - [2022EE] MISSING_CENTRAL: TTZ2E1Mu/Central/bjets/3/energy in Skim_TriLep_MuonEG_E.root
2026-06-12 14:00:07,562 - INFO - [2022EE] MISSING_CENTRAL: TTZ2E1Mu/Central/bjets/3/energy in Skim_TriLep_MuonEG_F.root
2026-06-12 14:00:07,562 - INFO - [2022EE] MISSING_CENTRAL: TTZ2E1Mu/Central/bjets/3/energy in Skim_TriLep_MuonEG_G.root
2026-06-12 14:00:07,563 - INFO - [2023] MISSING_CENTRAL: TTZ2E1Mu/Central/bjets/3/energy in Skim_TriLep_MuonEG_C_v1.root
2026-06-12 14:00:07,563 - INFO - [2023] MISSING_CENTRAL: TTZ2E1Mu/Central/bjets/3/energy in Skim_TriLep_MuonEG_C_v2.root
2026-06-12 14:00:07,563 - INFO - [2023] MISSING_CENTRAL: TTZ2E1Mu/Central/bjets/3/energy in Skim_TriLep_MuonEG_C_v3.root
2026-06-12 14:00:07,564 - INFO - [2023] MISSING_CENTRAL: TTZ2E1Mu/Central/bjets/3/energy in Skim_TriLep_MuonEG_C_v4.root
2026-06-12 14:00:07,564 - INFO - [2023BPix] MISSING_CENTRAL: TTZ2E1Mu/Central/bjets/3/energy in Skim_TriLep_MuonEG_D_v2.root
2026-06-12 14:00:07,577 - INFO - [2022] MISSING_CENTRAL: TTZ2E1Mu/Central/bjets/3/energy in Skim_TriLep_MuonEG_D.root
2026-06-12 14:00:07,578 - INFO - [2022] MISSING_CENTRAL: TTZ2E1Mu/Central/bjets/3/energy in Skim_TriLep_DYJets.root
2026-06-12 14:00:07,578 - INFO - [2022] MISSING_CENTRAL: TTZ2E1Mu/Central/bjets/3/energy in Skim_TriLep_DYJets10to50.root
2026-06-12 14:00:07,578 - INFO - [2022] MISSING_CENTRAL: TTZ2E1Mu/Central/bjets/3/energy in Skim_TriLep_TTG_PTG10to100.root
2026-06-12 14:00:07,579 - INFO - [2022] MISSING_CENTRAL: TTZ2E1Mu/Central/bjets/3/energy in Skim_TriLep_TTG_PTG100to200.root
2026-06-12 14:00:07,579 - INFO - [2022] MISSING_CENTRAL: TTZ2E1Mu/Central/bjets/3/energy in Skim_TriLep_TTG_PTG200toInf.root
2026-06-12 14:00:07,580 - INFO - [2022] MISSING_CENTRAL: TTZ2E1Mu/Central/bjets/3/energy in Skim_TriLep_TTWToLNu.root
2026-06-12 14:00:07,581 - INFO - [2022] MISSING_CENTRAL: TTZ2E1Mu/Central/bjets/3/energy in Skim_TriLep_TTZ_M4to50.root
2026-06-12 14:00:07,626 - INFO - [2022] MISSING_CENTRAL: TTZ2E1Mu/Central/bjets/3/energy in Skim_TriLep_WZTo3LNu_powheg.root
2026-06-12 14:00:07,627 - INFO - [2022] MISSING_CENTRAL: TTZ2E1Mu/Central/bjets/3/energy in Skim_TriLep_ZZTo4L_powheg.root
2026-06-12 14:00:07,640 - INFO - [2022] MISSING_CENTRAL: TTZ2E1Mu/Central/bjets/3/energy in Skim_TriLep_WWW.root
2026-06-12 14:00:07,640 - INFO - [2022] MISSING_CENTRAL: TTZ2E1Mu/Central/bjets/3/energy in Skim_TriLep_WWZ.root
2026-06-12 14:00:07,641 - INFO - [2022] MISSING_CENTRAL: TTZ2E1Mu/Central/bjets/3/energy in Skim_TriLep_WZZ.root
2026-06-12 14:00:07,641 - INFO - [2022] MISSING_CENTRAL: TTZ2E1Mu/Central/bjets/3/energy in Skim_TriLep_ZZZ.root
2026-06-12 14:00:07,655 - INFO - [2022] MISSING_CENTRAL: TTZ2E1Mu/Central/bjets/3/energy in Skim_TriLep_VBFHToZZTo4L.root
2026-06-12 14:00:07,656 - INFO - [2022] MISSING_CENTRAL: TTZ2E1Mu/Central/bjets/3/energy in Skim_TriLep_ggHToZZTo4L.root
2026-06-12 14:00:07,656 - INFO - [2022EE] MISSING_CENTRAL: TTZ2E1Mu/Central/bjets/3/energy in Skim_TriLep_MuonEG_E.root
2026-06-12 14:00:07,657 - INFO - [2022EE] MISSING_CENTRAL: TTZ2E1Mu/Central/bjets/3/energy in Skim_TriLep_MuonEG_G.root
2026-06-12 14:00:07,657 - INFO - [2022EE] MISSING_CENTRAL: TTZ2E1Mu/Central/bjets/3/energy in Skim_TriLep_DYJets.root
2026-06-12 14:00:07,658 - INFO - [2022EE] MISSING_CENTRAL: TTZ2E1Mu/Central/bjets/3/energy in Skim_TriLep_DYJets10to50.root
2026-06-12 14:00:07,671 - INFO - [2022EE] MISSING_CENTRAL: TTZ2E1Mu/Central/bjets/3/energy in Skim_TriLep_TTG_PTG100to200.root
2026-06-12 14:00:07,671 - INFO - [2022EE] MISSING_CENTRAL: TTZ2E1Mu/Central/bjets/3/energy in Skim_TriLep_TTG_PTG200toInf.root
2026-06-12 14:00:07,675 - INFO - [2022EE] MISSING_SYSTEMATIC: TTZ2E1Mu/ElectronRes_Up/bjets/3/energy in Skim_TriLep_TTWToLNu.root
2026-06-12 14:00:07,675 - INFO - [2022EE] MISSING_SYSTEMATIC: TTZ2E1Mu/ElectronRes_Down/bjets/3/energy in Skim_TriLep_TTWToLNu.root
2026-06-12 14:00:07,737 - INFO - [2022EE] MISSING_CENTRAL: TTZ2E1Mu/Central/bjets/3/energy in Skim_TriLep_WZTo3LNu_powheg.root
2026-06-12 14:00:07,737 - INFO - [2022EE] MISSING_CENTRAL: TTZ2E1Mu/Central/bjets/3/energy in Skim_TriLep_ZZTo4L_powheg.root
2026-06-12 14:00:07,737 - INFO - [2022EE] MISSING_CENTRAL: TTZ2E1Mu/Central/bjets/3/energy in Skim_TriLep_tHq.root
2026-06-12 14:00:07,738 - INFO - [2022EE] MISSING_CENTRAL: TTZ2E1Mu/Central/bjets/3/energy in Skim_TriLep_WWW.root
2026-06-12 14:00:07,738 - INFO - [2022EE] MISSING_CENTRAL: TTZ2E1Mu/Central/bjets/3/energy in Skim_TriLep_WWZ.root
2026-06-12 14:00:07,751 - INFO - [2022EE] MISSING_CENTRAL: TTZ2E1Mu/Central/bjets/3/energy in Skim_TriLep_ZZZ.root
2026-06-12 14:00:07,766 - INFO - [2022EE] MISSING_CENTRAL: TTZ2E1Mu/Central/bjets/3/energy in Skim_TriLep_VBFHToZZTo4L.root
2026-06-12 14:00:07,766 - INFO - [2022EE] MISSING_CENTRAL: TTZ2E1Mu/Central/bjets/3/energy in Skim_TriLep_ggHToZZTo4L.root
2026-06-12 14:00:07,767 - INFO - [2023] MISSING_CENTRAL: TTZ2E1Mu/Central/bjets/3/energy in Skim_TriLep_MuonEG_C_v1.root
2026-06-12 14:00:07,767 - INFO - [2023] MISSING_CENTRAL: TTZ2E1Mu/Central/bjets/3/energy in Skim_TriLep_MuonEG_C_v2.root
2026-06-12 14:00:07,767 - INFO - [2023] MISSING_CENTRAL: TTZ2E1Mu/Central/bjets/3/energy in Skim_TriLep_MuonEG_C_v3.root
2026-06-12 14:00:07,768 - INFO - [2023] MISSING_CENTRAL: TTZ2E1Mu/Central/bjets/3/energy in Skim_TriLep_MuonEG_C_v4.root
2026-06-12 14:00:07,768 - INFO - [2023] MISSING_CENTRAL: TTZ2E1Mu/Central/bjets/3/energy in Skim_TriLep_DYJets.root
2026-06-12 14:00:07,769 - INFO - [2023] MISSING_CENTRAL: TTZ2E1Mu/Central/bjets/3/energy in Skim_TriLep_DYJets10to50.root
2026-06-12 14:00:07,769 - INFO - [2023] MISSING_CENTRAL: TTZ2E1Mu/Central/bjets/3/energy in Skim_TriLep_TTG_PTG10to100.root
2026-06-12 14:00:07,769 - INFO - [2023] MISSING_CENTRAL: TTZ2E1Mu/Central/bjets/3/energy in Skim_TriLep_TTG_PTG100to200.root
2026-06-12 14:00:07,770 - INFO - [2023] MISSING_CENTRAL: TTZ2E1Mu/Central/bjets/3/energy in Skim_TriLep_TTG_PTG200toInf.root
2026-06-12 14:00:07,770 - INFO - [2023] MISSING_CENTRAL: TTZ2E1Mu/Central/bjets/3/energy in Skim_TriLep_TTWToLNu.root
2026-06-12 14:00:07,771 - INFO - [2023] MISSING_CENTRAL: TTZ2E1Mu/Central/bjets/3/energy in Skim_TriLep_TTZ_M4to50.root
2026-06-12 14:00:07,809 - INFO - [2023] MISSING_CENTRAL: TTZ2E1Mu/Central/bjets/3/energy in Skim_TriLep_WZTo3LNu_powheg.root
2026-06-12 14:00:07,810 - INFO - [2023] MISSING_CENTRAL: TTZ2E1Mu/Central/bjets/3/energy in Skim_TriLep_ZZTo4L_powheg.root
2026-06-12 14:00:07,810 - INFO - [2023] MISSING_CENTRAL: TTZ2E1Mu/Central/bjets/3/energy in Skim_TriLep_tHq.root
2026-06-12 14:00:07,811 - INFO - [2023] MISSING_CENTRAL: TTZ2E1Mu/Central/bjets/3/energy in Skim_TriLep_WWW.root
2026-06-12 14:00:07,811 - INFO - [2023] MISSING_CENTRAL: TTZ2E1Mu/Central/bjets/3/energy in Skim_TriLep_WWZ.root
2026-06-12 14:00:07,811 - INFO - [2023] MISSING_CENTRAL: TTZ2E1Mu/Central/bjets/3/energy in Skim_TriLep_WZZ.root
2026-06-12 14:00:07,839 - INFO - [2023] MISSING_CENTRAL: TTZ2E1Mu/Central/bjets/3/energy in Skim_TriLep_VBFHToZZTo4L.root
2026-06-12 14:00:07,839 - INFO - [2023] MISSING_CENTRAL: TTZ2E1Mu/Central/bjets/3/energy in Skim_TriLep_ggHToZZTo4L.root
2026-06-12 14:00:07,840 - INFO - [2023BPix] MISSING_CENTRAL: TTZ2E1Mu/Central/bjets/3/energy in Skim_TriLep_MuonEG_D_v1.root
2026-06-12 14:00:07,840 - INFO - [2023BPix] MISSING_CENTRAL: TTZ2E1Mu/Central/bjets/3/energy in Skim_TriLep_MuonEG_D_v2.root
2026-06-12 14:00:07,840 - INFO - [2023BPix] MISSING_CENTRAL: TTZ2E1Mu/Central/bjets/3/energy in Skim_TriLep_DYJets.root
2026-06-12 14:00:07,841 - INFO - [2023BPix] MISSING_CENTRAL: TTZ2E1Mu/Central/bjets/3/energy in Skim_TriLep_DYJets10to50.root
2026-06-12 14:00:07,841 - INFO - [2023BPix] MISSING_CENTRAL: TTZ2E1Mu/Central/bjets/3/energy in Skim_TriLep_TTG_PTG10to100.root
2026-06-12 14:00:07,842 - INFO - [2023BPix] MISSING_CENTRAL: TTZ2E1Mu/Central/bjets/3/energy in Skim_TriLep_TTG_PTG100to200.root
2026-06-12 14:00:07,842 - INFO - [2023BPix] MISSING_CENTRAL: TTZ2E1Mu/Central/bjets/3/energy in Skim_TriLep_TTG_PTG200toInf.root
2026-06-12 14:00:07,855 - INFO - [2023BPix] MISSING_CENTRAL: TTZ2E1Mu/Central/bjets/3/energy in Skim_TriLep_TTZ_M4to50.root
2026-06-12 14:00:07,894 - INFO - [2023BPix] MISSING_CENTRAL: TTZ2E1Mu/Central/bjets/3/energy in Skim_TriLep_WZTo3LNu_powheg.root
2026-06-12 14:00:07,895 - INFO - [2023BPix] MISSING_CENTRAL: TTZ2E1Mu/Central/bjets/3/energy in Skim_TriLep_ZZTo4L_powheg.root
2026-06-12 14:00:07,895 - INFO - [2023BPix] MISSING_CENTRAL: TTZ2E1Mu/Central/bjets/3/energy in Skim_TriLep_tHq.root
2026-06-12 14:00:07,895 - INFO - [2023BPix] MISSING_CENTRAL: TTZ2E1Mu/Central/bjets/3/energy in Skim_TriLep_WWW.root
2026-06-12 14:00:07,896 - INFO - [2023BPix] MISSING_CENTRAL: TTZ2E1Mu/Central/bjets/3/energy in Skim_TriLep_WWZ.root
2026-06-12 14:00:07,896 - INFO - [2023BPix] MISSING_CENTRAL: TTZ2E1Mu/Central/bjets/3/energy in Skim_TriLep_WZZ.root
2026-06-12 14:00:07,924 - INFO - [2023BPix] MISSING_CENTRAL: TTZ2E1Mu/Central/bjets/3/energy in Skim_TriLep_VBFHToZZTo4L.root
2026-06-12 14:00:07,925 - INFO - [2023BPix] MISSING_CENTRAL: TTZ2E1Mu/Central/bjets/3/energy in Skim_TriLep_ggHToZZTo4L.root
2026-06-12 14:12:10,647 - INFO - [2022] MISSING_CENTRAL: TTZ2E1Mu/Central/bjets/3/energy in Skim_TriLep_MuonEG_D.root
2026-06-12 14:12:10,667 - INFO - [2022EE] MISSING_CENTRAL: TTZ2E1Mu/Central/bjets/3/energy in Skim_TriLep_MuonEG_E.root
2026-06-12 14:12:10,668 - INFO - [2022EE] MISSING_CENTRAL: TTZ2E1Mu/Central/bjets/3/energy in Skim_TriLep_MuonEG_F.root
2026-06-12 14:12:10,668 - INFO - [2022EE] MISSING_CENTRAL: TTZ2E1Mu/Central/bjets/3/energy in Skim_TriLep_MuonEG_G.root
2026-06-12 14:12:10,669 - INFO - [2023] MISSING_CENTRAL: TTZ2E1Mu/Central/bjets/3/energy in Skim_TriLep_MuonEG_C_v1.root
2026-06-12 14:12:10,669 - INFO - [2023] MISSING_CENTRAL: TTZ2E1Mu/Central/bjets/3/energy in Skim_TriLep_MuonEG_C_v2.root
2026-06-12 14:12:10,670 - INFO - [2023] MISSING_CENTRAL: TTZ2E1Mu/Central/bjets/3/energy in Skim_TriLep_MuonEG_C_v3.root
2026-06-12 14:12:10,670 - INFO - [2023] MISSING_CENTRAL: TTZ2E1Mu/Central/bjets/3/energy in Skim_TriLep_MuonEG_C_v4.root
2026-06-12 14:12:10,671 - INFO - [2023BPix] MISSING_CENTRAL: TTZ2E1Mu/Central/bjets/3/energy in Skim_TriLep_MuonEG_D_v2.root
2026-06-12 14:12:10,688 - INFO - [2022] MISSING_CENTRAL: TTZ2E1Mu/Central/bjets/3/energy in Skim_TriLep_MuonEG_D.root
2026-06-12 14:12:10,688 - INFO - [2022] MISSING_CENTRAL: TTZ2E1Mu/Central/bjets/3/energy in Skim_TriLep_DYJets.root
2026-06-12 14:12:10,689 - INFO - [2022] MISSING_CENTRAL: TTZ2E1Mu/Central/bjets/3/energy in Skim_TriLep_DYJets10to50.root
2026-06-12 14:12:10,690 - INFO - [2022] MISSING_CENTRAL: TTZ2E1Mu/Central/bjets/3/energy in Skim_TriLep_TTG_PTG10to100.root
2026-06-12 14:12:10,690 - INFO - [2022] MISSING_CENTRAL: TTZ2E1Mu/Central/bjets/3/energy in Skim_TriLep_TTG_PTG100to200.root
2026-06-12 14:12:10,691 - INFO - [2022] MISSING_CENTRAL: TTZ2E1Mu/Central/bjets/3/energy in Skim_TriLep_TTG_PTG200toInf.root
2026-06-12 14:12:10,692 - INFO - [2022] MISSING_CENTRAL: TTZ2E1Mu/Central/bjets/3/energy in Skim_TriLep_TTWToLNu.root
2026-06-12 14:12:10,693 - INFO - [2022] MISSING_CENTRAL: TTZ2E1Mu/Central/bjets/3/energy in Skim_TriLep_TTZ_M4to50.root
2026-06-12 14:12:10,760 - INFO - [2022] MISSING_CENTRAL: TTZ2E1Mu/Central/bjets/3/energy in Skim_TriLep_WZTo3LNu_powheg.root
2026-06-12 14:12:10,760 - INFO - [2022] MISSING_CENTRAL: TTZ2E1Mu/Central/bjets/3/energy in Skim_TriLep_ZZTo4L_powheg.root
2026-06-12 14:12:10,780 - INFO - [2022] MISSING_CENTRAL: TTZ2E1Mu/Central/bjets/3/energy in Skim_TriLep_WWW.root
2026-06-12 14:12:10,781 - INFO - [2022] MISSING_CENTRAL: TTZ2E1Mu/Central/bjets/3/energy in Skim_TriLep_WWZ.root
2026-06-12 14:12:10,781 - INFO - [2022] MISSING_CENTRAL: TTZ2E1Mu/Central/bjets/3/energy in Skim_TriLep_WZZ.root
2026-06-12 14:12:10,782 - INFO - [2022] MISSING_CENTRAL: TTZ2E1Mu/Central/bjets/3/energy in Skim_TriLep_ZZZ.root
2026-06-12 14:12:10,802 - INFO - [2022] MISSING_CENTRAL: TTZ2E1Mu/Central/bjets/3/energy in Skim_TriLep_VBFHToZZTo4L.root
2026-06-12 14:12:10,803 - INFO - [2022] MISSING_CENTRAL: TTZ2E1Mu/Central/bjets/3/energy in Skim_TriLep_ggHToZZTo4L.root
2026-06-12 14:12:10,803 - INFO - [2022EE] MISSING_CENTRAL: TTZ2E1Mu/Central/bjets/3/energy in Skim_TriLep_MuonEG_E.root
2026-06-12 14:12:10,805 - INFO - [2022EE] MISSING_CENTRAL: TTZ2E1Mu/Central/bjets/3/energy in Skim_TriLep_MuonEG_G.root
2026-06-12 14:12:10,805 - INFO - [2022EE] MISSING_CENTRAL: TTZ2E1Mu/Central/bjets/3/energy in Skim_TriLep_DYJets.root
2026-06-12 14:12:10,806 - INFO - [2022EE] MISSING_CENTRAL: TTZ2E1Mu/Central/bjets/3/energy in Skim_TriLep_DYJets10to50.root
2026-06-12 14:12:10,825 - INFO - [2022EE] MISSING_CENTRAL: TTZ2E1Mu/Central/bjets/3/energy in Skim_TriLep_TTG_PTG100to200.root
2026-06-12 14:12:10,825 - INFO - [2022EE] MISSING_CENTRAL: TTZ2E1Mu/Central/bjets/3/energy in Skim_TriLep_TTG_PTG200toInf.root
2026-06-12 14:12:10,831 - INFO - [2022EE] MISSING_SYSTEMATIC: TTZ2E1Mu/ElectronRes_Up/bjets/3/energy in Skim_TriLep_TTWToLNu.root
2026-06-12 14:12:10,831 - INFO - [2022EE] MISSING_SYSTEMATIC: TTZ2E1Mu/ElectronRes_Down/bjets/3/energy in Skim_TriLep_TTWToLNu.root
2026-06-12 14:12:10,914 - INFO - [2022EE] MISSING_CENTRAL: TTZ2E1Mu/Central/bjets/3/energy in Skim_TriLep_WZTo3LNu_powheg.root
2026-06-12 14:12:10,915 - INFO - [2022EE] MISSING_CENTRAL: TTZ2E1Mu/Central/bjets/3/energy in Skim_TriLep_ZZTo4L_powheg.root
2026-06-12 14:12:10,915 - INFO - [2022EE] MISSING_CENTRAL: TTZ2E1Mu/Central/bjets/3/energy in Skim_TriLep_tHq.root
2026-06-12 14:12:10,916 - INFO - [2022EE] MISSING_CENTRAL: TTZ2E1Mu/Central/bjets/3/energy in Skim_TriLep_WWW.root
2026-06-12 14:12:10,916 - INFO - [2022EE] MISSING_CENTRAL: TTZ2E1Mu/Central/bjets/3/energy in Skim_TriLep_WWZ.root
2026-06-12 14:12:10,930 - INFO - [2022EE] MISSING_CENTRAL: TTZ2E1Mu/Central/bjets/3/energy in Skim_TriLep_ZZZ.root
2026-06-12 14:12:10,945 - INFO - [2022EE] MISSING_CENTRAL: TTZ2E1Mu/Central/bjets/3/energy in Skim_TriLep_VBFHToZZTo4L.root
2026-06-12 14:12:10,945 - INFO - [2022EE] MISSING_CENTRAL: TTZ2E1Mu/Central/bjets/3/energy in Skim_TriLep_ggHToZZTo4L.root
2026-06-12 14:12:10,945 - INFO - [2023] MISSING_CENTRAL: TTZ2E1Mu/Central/bjets/3/energy in Skim_TriLep_MuonEG_C_v1.root
2026-06-12 14:12:10,946 - INFO - [2023] MISSING_CENTRAL: TTZ2E1Mu/Central/bjets/3/energy in Skim_TriLep_MuonEG_C_v2.root
2026-06-12 14:12:10,946 - INFO - [2023] MISSING_CENTRAL: TTZ2E1Mu/Central/bjets/3/energy in Skim_TriLep_MuonEG_C_v3.root
2026-06-12 14:12:10,946 - INFO - [2023] MISSING_CENTRAL: TTZ2E1Mu/Central/bjets/3/energy in Skim_TriLep_MuonEG_C_v4.root
2026-06-12 14:12:10,947 - INFO - [2023] MISSING_CENTRAL: TTZ2E1Mu/Central/bjets/3/energy in Skim_TriLep_DYJets.root
2026-06-12 14:12:10,947 - INFO - [2023] MISSING_CENTRAL: TTZ2E1Mu/Central/bjets/3/energy in Skim_TriLep_DYJets10to50.root
2026-06-12 14:12:10,948 - INFO - [2023] MISSING_CENTRAL: TTZ2E1Mu/Central/bjets/3/energy in Skim_TriLep_TTG_PTG10to100.root
2026-06-12 14:12:10,948 - INFO - [2023] MISSING_CENTRAL: TTZ2E1Mu/Central/bjets/3/energy in Skim_TriLep_TTG_PTG100to200.root
2026-06-12 14:12:10,949 - INFO - [2023] MISSING_CENTRAL: TTZ2E1Mu/Central/bjets/3/energy in Skim_TriLep_TTG_PTG200toInf.root
2026-06-12 14:12:10,949 - INFO - [2023] MISSING_CENTRAL: TTZ2E1Mu/Central/bjets/3/energy in Skim_TriLep_TTWToLNu.root
2026-06-12 14:12:10,949 - INFO - [2023] MISSING_CENTRAL: TTZ2E1Mu/Central/bjets/3/energy in Skim_TriLep_TTZ_M4to50.root
2026-06-12 14:12:10,988 - INFO - [2023] MISSING_CENTRAL: TTZ2E1Mu/Central/bjets/3/energy in Skim_TriLep_WZTo3LNu_powheg.root
2026-06-12 14:12:10,989 - INFO - [2023] MISSING_CENTRAL: TTZ2E1Mu/Central/bjets/3/energy in Skim_TriLep_ZZTo4L_powheg.root
2026-06-12 14:12:10,989 - INFO - [2023] MISSING_CENTRAL: TTZ2E1Mu/Central/bjets/3/energy in Skim_TriLep_tHq.root
2026-06-12 14:12:10,989 - INFO - [2023] MISSING_CENTRAL: TTZ2E1Mu/Central/bjets/3/energy in Skim_TriLep_WWW.root
2026-06-12 14:12:10,990 - INFO - [2023] MISSING_CENTRAL: TTZ2E1Mu/Central/bjets/3/energy in Skim_TriLep_WWZ.root
2026-06-12 14:12:10,990 - INFO - [2023] MISSING_CENTRAL: TTZ2E1Mu/Central/bjets/3/energy in Skim_TriLep_WZZ.root
2026-06-12 14:12:11,017 - INFO - [2023] MISSING_CENTRAL: TTZ2E1Mu/Central/bjets/3/energy in Skim_TriLep_VBFHToZZTo4L.root
2026-06-12 14:12:11,017 - INFO - [2023] MISSING_CENTRAL: TTZ2E1Mu/Central/bjets/3/energy in Skim_TriLep_ggHToZZTo4L.root
2026-06-12 14:12:11,018 - INFO - [2023BPix] MISSING_CENTRAL: TTZ2E1Mu/Central/bjets/3/energy in Skim_TriLep_MuonEG_D_v1.root
2026-06-12 14:12:11,018 - INFO - [2023BPix] MISSING_CENTRAL: TTZ2E1Mu/Central/bjets/3/energy in Skim_TriLep_MuonEG_D_v2.root
2026-06-12 14:12:11,018 - INFO - [2023BPix] MISSING_CENTRAL: TTZ2E1Mu/Central/bjets/3/energy in Skim_TriLep_DYJets.root
2026-06-12 14:12:11,019 - INFO - [2023BPix] MISSING_CENTRAL: TTZ2E1Mu/Central/bjets/3/energy in Skim_TriLep_DYJets10to50.root
2026-06-12 14:12:11,019 - INFO - [2023BPix] MISSING_CENTRAL: TTZ2E1Mu/Central/bjets/3/energy in Skim_TriLep_TTG_PTG10to100.root
2026-06-12 14:12:11,020 - INFO - [2023BPix] MISSING_CENTRAL: TTZ2E1Mu/Central/bjets/3/energy in Skim_TriLep_TTG_PTG100to200.root
2026-06-12 14:12:11,020 - INFO - [2023BPix] MISSING_CENTRAL: TTZ2E1Mu/Central/bjets/3/energy in Skim_TriLep_TTG_PTG200toInf.root
2026-06-12 14:12:11,033 - INFO - [2023BPix] MISSING_CENTRAL: TTZ2E1Mu/Central/bjets/3/energy in Skim_TriLep_TTZ_M4to50.root
2026-06-12 14:12:11,073 - INFO - [2023BPix] MISSING_CENTRAL: TTZ2E1Mu/Central/bjets/3/energy in Skim_TriLep_WZTo3LNu_powheg.root
2026-06-12 14:12:11,074 - INFO - [2023BPix] MISSING_CENTRAL: TTZ2E1Mu/Central/bjets/3/energy in Skim_TriLep_ZZTo4L_powheg.root
2026-06-12 14:12:11,074 - INFO - [2023BPix] MISSING_CENTRAL: TTZ2E1Mu/Central/bjets/3/energy in Skim_TriLep_tHq.root
2026-06-12 14:12:11,074 - INFO - [2023BPix] MISSING_CENTRAL: TTZ2E1Mu/Central/bjets/3/energy in Skim_TriLep_WWW.root
2026-06-12 14:12:11,075 - INFO - [2023BPix] MISSING_CENTRAL: TTZ2E1Mu/Central/bjets/3/energy in Skim_TriLep_WWZ.root
2026-06-12 14:12:11,075 - INFO - [2023BPix] MISSING_CENTRAL: TTZ2E1Mu/Central/bjets/3/energy in Skim_TriLep_WZZ.root
2026-06-12 14:12:11,105 - INFO - [2023BPix] MISSING_CENTRAL: TTZ2E1Mu/Central/bjets/3/energy in Skim_TriLep_VBFHToZZTo4L.root
2026-06-12 14:12:11,105 - INFO - [2023BPix] MISSING_CENTRAL: TTZ2E1Mu/Central/bjets/3/energy in Skim_TriLep_ggHToZZTo4L.root
2026-06-12 14:36:06,483 - INFO - [2022] MISSING_CENTRAL: TTZ2E1Mu/Central/bjets/3/energy in Skim_TriLep_MuonEG_D.root
2026-06-12 14:36:06,500 - INFO - [2022EE] MISSING_CENTRAL: TTZ2E1Mu/Central/bjets/3/energy in Skim_TriLep_MuonEG_E.root
2026-06-12 14:36:06,500 - INFO - [2022EE] MISSING_CENTRAL: TTZ2E1Mu/Central/bjets/3/energy in Skim_TriLep_MuonEG_F.root
2026-06-12 14:36:06,500 - INFO - [2022EE] MISSING_CENTRAL: TTZ2E1Mu/Central/bjets/3/energy in Skim_TriLep_MuonEG_G.root
2026-06-12 14:36:06,501 - INFO - [2023] MISSING_CENTRAL: TTZ2E1Mu/Central/bjets/3/energy in Skim_TriLep_MuonEG_C_v1.root
2026-06-12 14:36:06,501 - INFO - [2023] MISSING_CENTRAL: TTZ2E1Mu/Central/bjets/3/energy in Skim_TriLep_MuonEG_C_v2.root
2026-06-12 14:36:06,501 - INFO - [2023] MISSING_CENTRAL: TTZ2E1Mu/Central/bjets/3/energy in Skim_TriLep_MuonEG_C_v3.root
2026-06-12 14:36:06,502 - INFO - [2023] MISSING_CENTRAL: TTZ2E1Mu/Central/bjets/3/energy in Skim_TriLep_MuonEG_C_v4.root
2026-06-12 14:36:06,502 - INFO - [2023BPix] MISSING_CENTRAL: TTZ2E1Mu/Central/bjets/3/energy in Skim_TriLep_MuonEG_D_v2.root
2026-06-12 14:36:06,517 - INFO - [2022] MISSING_CENTRAL: TTZ2E1Mu/Central/bjets/3/energy in Skim_TriLep_MuonEG_D.root
2026-06-12 14:36:06,517 - INFO - [2022] MISSING_CENTRAL: TTZ2E1Mu/Central/bjets/3/energy in Skim_TriLep_DYJets.root
2026-06-12 14:36:06,517 - INFO - [2022] MISSING_CENTRAL: TTZ2E1Mu/Central/bjets/3/energy in Skim_TriLep_DYJets10to50.root
2026-06-12 14:36:06,518 - INFO - [2022] MISSING_CENTRAL: TTZ2E1Mu/Central/bjets/3/energy in Skim_TriLep_TTG_PTG10to100.root
2026-06-12 14:36:06,518 - INFO - [2022] MISSING_CENTRAL: TTZ2E1Mu/Central/bjets/3/energy in Skim_TriLep_TTG_PTG100to200.root
2026-06-12 14:36:06,518 - INFO - [2022] MISSING_CENTRAL: TTZ2E1Mu/Central/bjets/3/energy in Skim_TriLep_TTG_PTG200toInf.root
2026-06-12 14:36:06,520 - INFO - [2022] MISSING_CENTRAL: TTZ2E1Mu/Central/bjets/3/energy in Skim_TriLep_TTWToLNu.root
2026-06-12 14:36:06,520 - INFO - [2022] MISSING_CENTRAL: TTZ2E1Mu/Central/bjets/3/energy in Skim_TriLep_TTZ_M4to50.root
2026-06-12 14:36:06,566 - INFO - [2022] MISSING_CENTRAL: TTZ2E1Mu/Central/bjets/3/energy in Skim_TriLep_WZTo3LNu_powheg.root
2026-06-12 14:36:06,567 - INFO - [2022] MISSING_CENTRAL: TTZ2E1Mu/Central/bjets/3/energy in Skim_TriLep_ZZTo4L_powheg.root
2026-06-12 14:36:06,579 - INFO - [2022] MISSING_CENTRAL: TTZ2E1Mu/Central/bjets/3/energy in Skim_TriLep_WWW.root
2026-06-12 14:36:06,580 - INFO - [2022] MISSING_CENTRAL: TTZ2E1Mu/Central/bjets/3/energy in Skim_TriLep_WWZ.root
2026-06-12 14:36:06,580 - INFO - [2022] MISSING_CENTRAL: TTZ2E1Mu/Central/bjets/3/energy in Skim_TriLep_WZZ.root
2026-06-12 14:36:06,580 - INFO - [2022] MISSING_CENTRAL: TTZ2E1Mu/Central/bjets/3/energy in Skim_TriLep_ZZZ.root
2026-06-12 14:36:06,595 - INFO - [2022] MISSING_CENTRAL: TTZ2E1Mu/Central/bjets/3/energy in Skim_TriLep_VBFHToZZTo4L.root
2026-06-12 14:36:06,595 - INFO - [2022] MISSING_CENTRAL: TTZ2E1Mu/Central/bjets/3/energy in Skim_TriLep_ggHToZZTo4L.root
2026-06-12 14:36:06,596 - INFO - [2022EE] MISSING_CENTRAL: TTZ2E1Mu/Central/bjets/3/energy in Skim_TriLep_MuonEG_E.root
2026-06-12 14:36:06,597 - INFO - [2022EE] MISSING_CENTRAL: TTZ2E1Mu/Central/bjets/3/energy in Skim_TriLep_MuonEG_G.root
2026-06-12 14:36:06,597 - INFO - [2022EE] MISSING_CENTRAL: TTZ2E1Mu/Central/bjets/3/energy in Skim_TriLep_DYJets.root
2026-06-12 14:36:06,597 - INFO - [2022EE] MISSING_CENTRAL: TTZ2E1Mu/Central/bjets/3/energy in Skim_TriLep_DYJets10to50.root
2026-06-12 14:36:06,610 - INFO - [2022EE] MISSING_CENTRAL: TTZ2E1Mu/Central/bjets/3/energy in Skim_TriLep_TTG_PTG100to200.root
2026-06-12 14:36:06,611 - INFO - [2022EE] MISSING_CENTRAL: TTZ2E1Mu/Central/bjets/3/energy in Skim_TriLep_TTG_PTG200toInf.root
2026-06-12 14:36:06,615 - INFO - [2022EE] MISSING_SYSTEMATIC: TTZ2E1Mu/ElectronRes_Up/bjets/3/energy in Skim_TriLep_TTWToLNu.root
2026-06-12 14:36:06,615 - INFO - [2022EE] MISSING_SYSTEMATIC: TTZ2E1Mu/ElectronRes_Down/bjets/3/energy in Skim_TriLep_TTWToLNu.root
2026-06-12 14:36:06,690 - INFO - [2022EE] MISSING_CENTRAL: TTZ2E1Mu/Central/bjets/3/energy in Skim_TriLep_WZTo3LNu_powheg.root
2026-06-12 14:36:06,691 - INFO - [2022EE] MISSING_CENTRAL: TTZ2E1Mu/Central/bjets/3/energy in Skim_TriLep_ZZTo4L_powheg.root
2026-06-12 14:36:06,691 - INFO - [2022EE] MISSING_CENTRAL: TTZ2E1Mu/Central/bjets/3/energy in Skim_TriLep_tHq.root
2026-06-12 14:36:06,692 - INFO - [2022EE] MISSING_CENTRAL: TTZ2E1Mu/Central/bjets/3/energy in Skim_TriLep_WWW.root
2026-06-12 14:36:06,692 - INFO - [2022EE] MISSING_CENTRAL: TTZ2E1Mu/Central/bjets/3/energy in Skim_TriLep_WWZ.root
2026-06-12 14:36:06,712 - INFO - [2022EE] MISSING_CENTRAL: TTZ2E1Mu/Central/bjets/3/energy in Skim_TriLep_ZZZ.root
2026-06-12 14:36:06,735 - INFO - [2022EE] MISSING_CENTRAL: TTZ2E1Mu/Central/bjets/3/energy in Skim_TriLep_VBFHToZZTo4L.root
2026-06-12 14:36:06,736 - INFO - [2022EE] MISSING_CENTRAL: TTZ2E1Mu/Central/bjets/3/energy in Skim_TriLep_ggHToZZTo4L.root
2026-06-12 14:36:06,737 - INFO - [2023] MISSING_CENTRAL: TTZ2E1Mu/Central/bjets/3/energy in Skim_TriLep_MuonEG_C_v1.root
2026-06-12 14:36:06,737 - INFO - [2023] MISSING_CENTRAL: TTZ2E1Mu/Central/bjets/3/energy in Skim_TriLep_MuonEG_C_v2.root
2026-06-12 14:36:06,738 - INFO - [2023] MISSING_CENTRAL: TTZ2E1Mu/Central/bjets/3/energy in Skim_TriLep_MuonEG_C_v3.root
2026-06-12 14:36:06,738 - INFO - [2023] MISSING_CENTRAL: TTZ2E1Mu/Central/bjets/3/energy in Skim_TriLep_MuonEG_C_v4.root
2026-06-12 14:36:06,739 - INFO - [2023] MISSING_CENTRAL: TTZ2E1Mu/Central/bjets/3/energy in Skim_TriLep_DYJets.root
2026-06-12 14:36:06,740 - INFO - [2023] MISSING_CENTRAL: TTZ2E1Mu/Central/bjets/3/energy in Skim_TriLep_DYJets10to50.root
2026-06-12 14:36:06,740 - INFO - [2023] MISSING_CENTRAL: TTZ2E1Mu/Central/bjets/3/energy in Skim_TriLep_TTG_PTG10to100.root
2026-06-12 14:36:06,741 - INFO - [2023] MISSING_CENTRAL: TTZ2E1Mu/Central/bjets/3/energy in Skim_TriLep_TTG_PTG100to200.root
2026-06-12 14:36:06,741 - INFO - [2023] MISSING_CENTRAL: TTZ2E1Mu/Central/bjets/3/energy in Skim_TriLep_TTG_PTG200toInf.root
2026-06-12 14:36:06,742 - INFO - [2023] MISSING_CENTRAL: TTZ2E1Mu/Central/bjets/3/energy in Skim_TriLep_TTWToLNu.root
2026-06-12 14:36:06,743 - INFO - [2023] MISSING_CENTRAL: TTZ2E1Mu/Central/bjets/3/energy in Skim_TriLep_TTZ_M4to50.root
2026-06-12 14:36:06,802 - INFO - [2023] MISSING_CENTRAL: TTZ2E1Mu/Central/bjets/3/energy in Skim_TriLep_WZTo3LNu_powheg.root
2026-06-12 14:36:06,803 - INFO - [2023] MISSING_CENTRAL: TTZ2E1Mu/Central/bjets/3/energy in Skim_TriLep_ZZTo4L_powheg.root
2026-06-12 14:36:06,803 - INFO - [2023] MISSING_CENTRAL: TTZ2E1Mu/Central/bjets/3/energy in Skim_TriLep_tHq.root
2026-06-12 14:36:06,804 - INFO - [2023] MISSING_CENTRAL: TTZ2E1Mu/Central/bjets/3/energy in Skim_TriLep_WWW.root
2026-06-12 14:36:06,804 - INFO - [2023] MISSING_CENTRAL: TTZ2E1Mu/Central/bjets/3/energy in Skim_TriLep_WWZ.root
2026-06-12 14:36:06,805 - INFO - [2023] MISSING_CENTRAL: TTZ2E1Mu/Central/bjets/3/energy in Skim_TriLep_WZZ.root
2026-06-12 14:36:06,847 - INFO - [2023] MISSING_CENTRAL: TTZ2E1Mu/Central/bjets/3/energy in Skim_TriLep_VBFHToZZTo4L.root
2026-06-12 14:36:06,848 - INFO - [2023] MISSING_CENTRAL: TTZ2E1Mu/Central/bjets/3/energy in Skim_TriLep_ggHToZZTo4L.root
2026-06-12 14:36:06,848 - INFO - [2023BPix] MISSING_CENTRAL: TTZ2E1Mu/Central/bjets/3/energy in Skim_TriLep_MuonEG_D_v1.root
2026-06-12 14:36:06,849 - INFO - [2023BPix] MISSING_CENTRAL: TTZ2E1Mu/Central/bjets/3/energy in Skim_TriLep_MuonEG_D_v2.root
2026-06-12 14:36:06,849 - INFO - [2023BPix] MISSING_CENTRAL: TTZ2E1Mu/Central/bjets/3/energy in Skim_TriLep_DYJets.root
2026-06-12 14:36:06,850 - INFO - [2023BPix] MISSING_CENTRAL: TTZ2E1Mu/Central/bjets/3/energy in Skim_TriLep_DYJets10to50.root
2026-06-12 14:36:06,850 - INFO - [2023BPix] MISSING_CENTRAL: TTZ2E1Mu/Central/bjets/3/energy in Skim_TriLep_TTG_PTG10to100.root
2026-06-12 14:36:06,851 - INFO - [2023BPix] MISSING_CENTRAL: TTZ2E1Mu/Central/bjets/3/energy in Skim_TriLep_TTG_PTG100to200.root
2026-06-12 14:36:06,852 - INFO - [2023BPix] MISSING_CENTRAL: TTZ2E1Mu/Central/bjets/3/energy in Skim_TriLep_TTG_PTG200toInf.root
2026-06-12 14:36:06,866 - INFO - [2023BPix] MISSING_CENTRAL: TTZ2E1Mu/Central/bjets/3/energy in Skim_TriLep_TTZ_M4to50.root
2026-06-12 14:36:06,906 - INFO - [2023BPix] MISSING_CENTRAL: TTZ2E1Mu/Central/bjets/3/energy in Skim_TriLep_WZTo3LNu_powheg.root
2026-06-12 14:36:06,907 - INFO - [2023BPix] MISSING_CENTRAL: TTZ2E1Mu/Central/bjets/3/energy in Skim_TriLep_ZZTo4L_powheg.root
2026-06-12 14:36:06,907 - INFO - [2023BPix] MISSING_CENTRAL: TTZ2E1Mu/Central/bjets/3/energy in Skim_TriLep_tHq.root
2026-06-12 14:36:06,908 - INFO - [2023BPix] MISSING_CENTRAL: TTZ2E1Mu/Central/bjets/3/energy in Skim_TriLep_WWW.root
2026-06-12 14:36:06,908 - INFO - [2023BPix] MISSING_CENTRAL: TTZ2E1Mu/Central/bjets/3/energy in Skim_TriLep_WWZ.root
2026-06-12 14:36:06,908 - INFO - [2023BPix] MISSING_CENTRAL: TTZ2E1Mu/Central/bjets/3/energy in Skim_TriLep_WZZ.root
2026-06-12 14:36:06,937 - INFO - [2023BPix] MISSING_CENTRAL: TTZ2E1Mu/Central/bjets/3/energy in Skim_TriLep_VBFHToZZTo4L.root
2026-06-12 14:36:06,938 - INFO - [2023BPix] MISSING_CENTRAL: TTZ2E1Mu/Central/bjets/3/energy in Skim_TriLep_ggHToZZTo4L.root
