2025-12-18 14:49:42,923 - INFO - [2023] MISSING_CENTRAL: TTZ2E1Mu/Central/jets/3/px in Skim_TriLep_MuonEG_C_v3.root
2025-12-18 14:49:42,988 - INFO - [2022] MISSING_CENTRAL: TTZ2E1Mu/Central/jets/3/px in Skim_TriLep_DYJets.root
2025-12-18 14:49:42,997 - INFO - [2022] MISSING_CENTRAL: TTZ2E1Mu/Central/jets/3/px in Skim_TriLep_DYJets10to50.root
2025-12-18 14:49:43,083 - INFO - [2022] MISSING_CENTRAL: TTZ2E1Mu/Central/jets/3/px in Skim_TriLep_TTG_PTG200toInf.root
2025-12-18 14:49:43,635 - INFO - [2022] MISSING_CENTRAL: TTZ2E1Mu/Central/jets/3/px in Skim_TriLep_VBFHToZZTo4L.root
2025-12-18 14:49:43,669 - INFO - [2022EE] MISSING_CENTRAL: TTZ2E1Mu/Central/jets/3/px in Skim_TriLep_DYJets.root
2025-12-18 14:49:43,670 - INFO - [2022EE] MISSING_CENTRAL: TTZ2E1Mu/Central/jets/3/px in Skim_TriLep_DYJets10to50.root
2025-12-18 14:49:43,971 - INFO - [2022EE] MISSING_CENTRAL: TTZ2E1Mu/Central/jets/3/px in Skim_TriLep_WWW.root
2025-12-18 14:49:44,218 - INFO - [2023] MISSING_CENTRAL: TTZ2E1Mu/Central/jets/3/px in Skim_TriLep_DYJets.root
2025-12-18 14:49:44,219 - INFO - [2023] MISSING_CENTRAL: TTZ2E1Mu/Central/jets/3/px in Skim_TriLep_DYJets10to50.root
2025-12-18 14:49:44,256 - INFO - [2023] MISSING_CENTRAL: TTZ2E1Mu/Central/jets/3/px in Skim_TriLep_TTG_PTG100to200.root
2025-12-18 14:49:44,258 - INFO - [2023] MISSING_CENTRAL: TTZ2E1Mu/Central/jets/3/px in Skim_TriLep_TTG_PTG200toInf.root
2025-12-18 14:49:44,576 - INFO - [2023] MISSING_CENTRAL: TTZ2E1Mu/Central/jets/3/px in Skim_TriLep_WWW.root
2025-12-18 14:49:44,716 - INFO - [2023] MISSING_CENTRAL: TTZ2E1Mu/Central/jets/3/px in Skim_TriLep_ggHToZZTo4L.root
2025-12-18 14:49:44,723 - INFO - [2023BPix] MISSING_CENTRAL: TTZ2E1Mu/Central/jets/3/px in Skim_TriLep_DYJets.root
2025-12-18 14:49:44,724 - INFO - [2023BPix] MISSING_CENTRAL: TTZ2E1Mu/Central/jets/3/px in Skim_TriLep_DYJets10to50.root
2025-12-18 14:49:44,756 - INFO - [2023BPix] MISSING_CENTRAL: TTZ2E1Mu/Central/jets/3/px in Skim_TriLep_TTG_PTG100to200.root
2025-12-18 14:49:45,255 - INFO - [2023BPix] MISSING_CENTRAL: TTZ2E1Mu/Central/jets/3/px in Skim_TriLep_WWW.root
2025-12-18 14:49:45,422 - INFO - [2023BPix] MISSING_CENTRAL: TTZ2E1Mu/Central/jets/3/px in Skim_TriLep_VBFHToZZTo4L.root
2025-12-18 14:49:45,424 - INFO - [2023BPix] MISSING_CENTRAL: TTZ2E1Mu/Central/jets/3/px in Skim_TriLep_ggHToZZTo4L.root
2025-12-18 21:35:54,741 - INFO - [2023] MISSING_CENTRAL: TTZ2E1Mu/Central/jets/3/px in Skim_TriLep_MuonEG_C_v3.root
2025-12-18 21:35:54,780 - INFO - [2022] MISSING_CENTRAL: TTZ2E1Mu/Central/jets/3/px in Skim_TriLep_DYJets.root
2025-12-18 21:35:54,781 - INFO - [2022] MISSING_CENTRAL: TTZ2E1Mu/Central/jets/3/px in Skim_TriLep_DYJets10to50.root
2025-12-18 21:35:54,837 - INFO - [2022] MISSING_CENTRAL: TTZ2E1Mu/Central/jets/3/px in Skim_TriLep_TTG_PTG200toInf.root
2025-12-18 21:35:55,297 - INFO - [2022] MISSING_CENTRAL: TTZ2E1Mu/Central/jets/3/px in Skim_TriLep_VBFHToZZTo4L.root
2025-12-18 21:35:55,323 - INFO - [2022EE] MISSING_CENTRAL: TTZ2E1Mu/Central/jets/3/px in Skim_TriLep_DYJets.root
2025-12-18 21:35:55,324 - INFO - [2022EE] MISSING_CENTRAL: TTZ2E1Mu/Central/jets/3/px in Skim_TriLep_DYJets10to50.root
2025-12-18 21:35:55,776 - INFO - [2022EE] MISSING_CENTRAL: TTZ2E1Mu/Central/jets/3/px in Skim_TriLep_WWW.root
2025-12-18 21:35:56,105 - INFO - [2023] MISSING_CENTRAL: TTZ2E1Mu/Central/jets/3/px in Skim_TriLep_DYJets.root
2025-12-18 21:35:56,106 - INFO - [2023] MISSING_CENTRAL: TTZ2E1Mu/Central/jets/3/px in Skim_TriLep_DYJets10to50.root
2025-12-18 21:35:56,198 - INFO - [2023] MISSING_CENTRAL: TTZ2E1Mu/Central/jets/3/px in Skim_TriLep_TTG_PTG100to200.root
2025-12-18 21:35:56,200 - INFO - [2023] MISSING_CENTRAL: TTZ2E1Mu/Central/jets/3/px in Skim_TriLep_TTG_PTG200toInf.root
2025-12-18 21:35:56,481 - INFO - [2023] MISSING_CENTRAL: TTZ2E1Mu/Central/jets/3/px in Skim_TriLep_WWW.root
2025-12-18 21:35:56,629 - INFO - [2023] MISSING_CENTRAL: TTZ2E1Mu/Central/jets/3/px in Skim_TriLep_ggHToZZTo4L.root
2025-12-18 21:35:56,634 - INFO - [2023BPix] MISSING_CENTRAL: TTZ2E1Mu/Central/jets/3/px in Skim_TriLep_DYJets.root
2025-12-18 21:35:56,636 - INFO - [2023BPix] MISSING_CENTRAL: TTZ2E1Mu/Central/jets/3/px in Skim_TriLep_DYJets10to50.root
2025-12-18 21:35:56,663 - INFO - [2023BPix] MISSING_CENTRAL: TTZ2E1Mu/Central/jets/3/px in Skim_TriLep_TTG_PTG100to200.root
2025-12-18 21:35:56,902 - INFO - [2023BPix] MISSING_CENTRAL: TTZ2E1Mu/Central/jets/3/px in Skim_TriLep_WWW.root
2025-12-18 21:35:57,008 - INFO - [2023BPix] MISSING_CENTRAL: TTZ2E1Mu/Central/jets/3/px in Skim_TriLep_VBFHToZZTo4L.root
2025-12-18 21:35:57,010 - INFO - [2023BPix] MISSING_CENTRAL: TTZ2E1Mu/Central/jets/3/px in Skim_TriLep_ggHToZZTo4L.root
2025-12-18 23:45:01,899 - INFO - [2023] MISSING_CENTRAL: TTZ2E1Mu/Central/jets/3/px in Skim_TriLep_MuonEG_C_v3.root
2025-12-18 23:45:01,916 - INFO - [2022] MISSING_CENTRAL: TTZ2E1Mu/Central/jets/3/px in Skim_TriLep_DYJets.root
2025-12-18 23:45:01,917 - INFO - [2022] MISSING_CENTRAL: TTZ2E1Mu/Central/jets/3/px in Skim_TriLep_DYJets10to50.root
2025-12-18 23:45:01,950 - INFO - [2022] MISSING_CENTRAL: TTZ2E1Mu/Central/jets/3/px in Skim_TriLep_TTG_PTG200toInf.root
2025-12-18 23:45:02,149 - INFO - [2022] MISSING_CENTRAL: TTZ2E1Mu/Central/jets/3/px in Skim_TriLep_VBFHToZZTo4L.root
2025-12-18 23:45:02,168 - INFO - [2022EE] MISSING_CENTRAL: TTZ2E1Mu/Central/jets/3/px in Skim_TriLep_DYJets.root
2025-12-18 23:45:02,168 - INFO - [2022EE] MISSING_CENTRAL: TTZ2E1Mu/Central/jets/3/px in Skim_TriLep_DYJets10to50.root
2025-12-18 23:45:02,445 - INFO - [2022EE] MISSING_CENTRAL: TTZ2E1Mu/Central/jets/3/px in Skim_TriLep_WWW.root
2025-12-18 23:45:02,571 - INFO - [2023] MISSING_CENTRAL: TTZ2E1Mu/Central/jets/3/px in Skim_TriLep_DYJets.root
2025-12-18 23:45:02,571 - INFO - [2023] MISSING_CENTRAL: TTZ2E1Mu/Central/jets/3/px in Skim_TriLep_DYJets10to50.root
2025-12-18 23:45:02,625 - INFO - [2023] MISSING_CENTRAL: TTZ2E1Mu/Central/jets/3/px in Skim_TriLep_TTG_PTG100to200.root
2025-12-18 23:45:02,626 - INFO - [2023] MISSING_CENTRAL: TTZ2E1Mu/Central/jets/3/px in Skim_TriLep_TTG_PTG200toInf.root
2025-12-18 23:45:02,784 - INFO - [2023] MISSING_CENTRAL: TTZ2E1Mu/Central/jets/3/px in Skim_TriLep_WWW.root
2025-12-18 23:45:02,909 - INFO - [2023] MISSING_CENTRAL: TTZ2E1Mu/Central/jets/3/px in Skim_TriLep_ggHToZZTo4L.root
2025-12-18 23:45:02,911 - INFO - [2023BPix] MISSING_CENTRAL: TTZ2E1Mu/Central/jets/3/px in Skim_TriLep_DYJets.root
2025-12-18 23:45:02,912 - INFO - [2023BPix] MISSING_CENTRAL: TTZ2E1Mu/Central/jets/3/px in Skim_TriLep_DYJets10to50.root
2025-12-18 23:45:02,928 - INFO - [2023BPix] MISSING_CENTRAL: TTZ2E1Mu/Central/jets/3/px in Skim_TriLep_TTG_PTG100to200.root
2025-12-18 23:45:03,070 - INFO - [2023BPix] MISSING_CENTRAL: TTZ2E1Mu/Central/jets/3/px in Skim_TriLep_WWW.root
2025-12-18 23:45:03,138 - INFO - [2023BPix] MISSING_CENTRAL: TTZ2E1Mu/Central/jets/3/px in Skim_TriLep_VBFHToZZTo4L.root
2025-12-18 23:45:03,139 - INFO - [2023BPix] MISSING_CENTRAL: TTZ2E1Mu/Central/jets/3/px in Skim_TriLep_ggHToZZTo4L.root
2026-01-07 11:25:03,555 - INFO - [2023] MISSING_CENTRAL: TTZ2E1Mu/Central/jets/3/px in Skim_TriLep_MuonEG_C_v3.root
2026-01-07 11:25:03,614 - INFO - [2022] MISSING_CENTRAL: TTZ2E1Mu/Central/jets/3/px in Skim_TriLep_DYJets.root
2026-01-07 11:25:03,623 - INFO - [2022] MISSING_CENTRAL: TTZ2E1Mu/Central/jets/3/px in Skim_TriLep_DYJets10to50.root
2026-01-07 11:25:03,710 - INFO - [2022] MISSING_CENTRAL: TTZ2E1Mu/Central/jets/3/px in Skim_TriLep_TTG_PTG200toInf.root
2026-01-07 11:25:04,331 - INFO - [2022] MISSING_CENTRAL: TTZ2E1Mu/Central/jets/3/px in Skim_TriLep_VBFHToZZTo4L.root
2026-01-07 11:25:04,389 - INFO - [2022EE] MISSING_CENTRAL: TTZ2E1Mu/Central/jets/3/px in Skim_TriLep_DYJets.root
2026-01-07 11:25:04,395 - INFO - [2022EE] MISSING_CENTRAL: TTZ2E1Mu/Central/jets/3/px in Skim_TriLep_DYJets10to50.root
2026-01-07 11:25:05,050 - INFO - [2022EE] MISSING_CENTRAL: TTZ2E1Mu/Central/jets/3/px in Skim_TriLep_WWW.root
2026-01-07 11:25:05,392 - INFO - [2023] MISSING_CENTRAL: TTZ2E1Mu/Central/jets/3/px in Skim_TriLep_DYJets.root
2026-01-07 11:25:05,396 - INFO - [2023] MISSING_CENTRAL: TTZ2E1Mu/Central/jets/3/px in Skim_TriLep_DYJets10to50.root
2026-01-07 11:25:05,469 - INFO - [2023] MISSING_CENTRAL: TTZ2E1Mu/Central/jets/3/px in Skim_TriLep_TTG_PTG100to200.root
2026-01-07 11:25:05,474 - INFO - [2023] MISSING_CENTRAL: TTZ2E1Mu/Central/jets/3/px in Skim_TriLep_TTG_PTG200toInf.root
2026-01-07 11:25:05,821 - INFO - [2023] MISSING_CENTRAL: TTZ2E1Mu/Central/jets/3/px in Skim_TriLep_WWW.root
2026-01-07 11:25:05,965 - INFO - [2023] MISSING_CENTRAL: TTZ2E1Mu/Central/jets/3/px in Skim_TriLep_ggHToZZTo4L.root
2026-01-07 11:25:05,975 - INFO - [2023BPix] MISSING_CENTRAL: TTZ2E1Mu/Central/jets/3/px in Skim_TriLep_DYJets.root
2026-01-07 11:25:05,979 - INFO - [2023BPix] MISSING_CENTRAL: TTZ2E1Mu/Central/jets/3/px in Skim_TriLep_DYJets10to50.root
2026-01-07 11:25:06,029 - INFO - [2023BPix] MISSING_CENTRAL: TTZ2E1Mu/Central/jets/3/px in Skim_TriLep_TTG_PTG100to200.root
2026-01-07 11:25:06,350 - INFO - [2023BPix] MISSING_CENTRAL: TTZ2E1Mu/Central/jets/3/px in Skim_TriLep_WWW.root
2026-01-07 11:25:06,496 - INFO - [2023BPix] MISSING_CENTRAL: TTZ2E1Mu/Central/jets/3/px in Skim_TriLep_VBFHToZZTo4L.root
2026-01-07 11:25:06,499 - INFO - [2023BPix] MISSING_CENTRAL: TTZ2E1Mu/Central/jets/3/px in Skim_TriLep_ggHToZZTo4L.root
2026-01-07 11:57:53,799 - INFO - [2023] MISSING_CENTRAL: TTZ2E1Mu/Central/jets/3/px in Skim_TriLep_MuonEG_C_v3.root
2026-01-07 11:57:53,841 - INFO - [2022] MISSING_CENTRAL: TTZ2E1Mu/Central/jets/3/px in Skim_TriLep_DYJets.root
2026-01-07 11:57:53,842 - INFO - [2022] MISSING_CENTRAL: TTZ2E1Mu/Central/jets/3/px in Skim_TriLep_DYJets10to50.root
2026-01-07 11:57:53,999 - INFO - [2022] MISSING_CENTRAL: TTZ2E1Mu/Central/jets/3/px in Skim_TriLep_TTG_PTG200toInf.root
2026-01-07 11:57:54,576 - INFO - [2022] MISSING_CENTRAL: TTZ2E1Mu/Central/jets/3/px in Skim_TriLep_VBFHToZZTo4L.root
2026-01-07 11:57:54,614 - INFO - [2022EE] MISSING_CENTRAL: TTZ2E1Mu/Central/jets/3/px in Skim_TriLep_DYJets.root
2026-01-07 11:57:54,615 - INFO - [2022EE] MISSING_CENTRAL: TTZ2E1Mu/Central/jets/3/px in Skim_TriLep_DYJets10to50.root
2026-01-07 11:57:54,971 - INFO - [2022EE] MISSING_CENTRAL: TTZ2E1Mu/Central/jets/3/px in Skim_TriLep_WWW.root
2026-01-07 11:57:55,311 - INFO - [2023] MISSING_CENTRAL: TTZ2E1Mu/Central/jets/3/px in Skim_TriLep_DYJets.root
2026-01-07 11:57:55,315 - INFO - [2023] MISSING_CENTRAL: TTZ2E1Mu/Central/jets/3/px in Skim_TriLep_DYJets10to50.root
2026-01-07 11:57:55,403 - INFO - [2023] MISSING_CENTRAL: TTZ2E1Mu/Central/jets/3/px in Skim_TriLep_TTG_PTG100to200.root
2026-01-07 11:57:55,406 - INFO - [2023] MISSING_CENTRAL: TTZ2E1Mu/Central/jets/3/px in Skim_TriLep_TTG_PTG200toInf.root
2026-01-07 11:57:55,666 - INFO - [2023] MISSING_CENTRAL: TTZ2E1Mu/Central/jets/3/px in Skim_TriLep_WWW.root
2026-01-07 11:57:55,940 - INFO - [2023] MISSING_CENTRAL: TTZ2E1Mu/Central/jets/3/px in Skim_TriLep_ggHToZZTo4L.root
2026-01-07 11:57:55,947 - INFO - [2023BPix] MISSING_CENTRAL: TTZ2E1Mu/Central/jets/3/px in Skim_TriLep_DYJets.root
2026-01-07 11:57:55,948 - INFO - [2023BPix] MISSING_CENTRAL: TTZ2E1Mu/Central/jets/3/px in Skim_TriLep_DYJets10to50.root
2026-01-07 11:57:55,980 - INFO - [2023BPix] MISSING_CENTRAL: TTZ2E1Mu/Central/jets/3/px in Skim_TriLep_TTG_PTG100to200.root
2026-01-07 11:57:56,261 - INFO - [2023BPix] MISSING_CENTRAL: TTZ2E1Mu/Central/jets/3/px in Skim_TriLep_WWW.root
2026-01-07 11:57:56,394 - INFO - [2023BPix] MISSING_CENTRAL: TTZ2E1Mu/Central/jets/3/px in Skim_TriLep_VBFHToZZTo4L.root
2026-01-07 11:57:56,396 - INFO - [2023BPix] MISSING_CENTRAL: TTZ2E1Mu/Central/jets/3/px in Skim_TriLep_ggHToZZTo4L.root
2026-01-07 18:54:31,537 - INFO - [2023] MISSING_CENTRAL: TTZ2E1Mu/Central/jets/3/px in Skim_TriLep_MuonEG_C_v3.root
2026-01-07 18:54:31,590 - INFO - [2022] MISSING_CENTRAL: TTZ2E1Mu/Central/jets/3/px in Skim_TriLep_DYJets.root
2026-01-07 18:54:31,591 - INFO - [2022] MISSING_CENTRAL: TTZ2E1Mu/Central/jets/3/px in Skim_TriLep_DYJets10to50.root
2026-01-07 18:54:31,766 - INFO - [2022] MISSING_CENTRAL: TTZ2E1Mu/Central/jets/3/px in Skim_TriLep_TTG_PTG200toInf.root
2026-01-07 18:54:32,317 - INFO - [2022] MISSING_CENTRAL: TTZ2E1Mu/Central/jets/3/px in Skim_TriLep_VBFHToZZTo4L.root
2026-01-07 18:54:32,349 - INFO - [2022EE] MISSING_CENTRAL: TTZ2E1Mu/Central/jets/3/px in Skim_TriLep_DYJets.root
2026-01-07 18:54:32,352 - INFO - [2022EE] MISSING_CENTRAL: TTZ2E1Mu/Central/jets/3/px in Skim_TriLep_DYJets10to50.root
2026-01-07 18:54:32,758 - INFO - [2022EE] MISSING_CENTRAL: TTZ2E1Mu/Central/jets/3/px in Skim_TriLep_WWW.root
2026-01-07 18:54:33,095 - INFO - [2023] MISSING_CENTRAL: TTZ2E1Mu/Central/jets/3/px in Skim_TriLep_DYJets.root
2026-01-07 18:54:33,104 - INFO - [2023] MISSING_CENTRAL: TTZ2E1Mu/Central/jets/3/px in Skim_TriLep_DYJets10to50.root
2026-01-07 18:54:33,237 - INFO - [2023] MISSING_CENTRAL: TTZ2E1Mu/Central/jets/3/px in Skim_TriLep_TTG_PTG100to200.root
2026-01-07 18:54:33,238 - INFO - [2023] MISSING_CENTRAL: TTZ2E1Mu/Central/jets/3/px in Skim_TriLep_TTG_PTG200toInf.root
2026-01-07 18:54:33,537 - INFO - [2023] MISSING_CENTRAL: TTZ2E1Mu/Central/jets/3/px in Skim_TriLep_WWW.root
2026-01-07 18:54:33,703 - INFO - [2023] MISSING_CENTRAL: TTZ2E1Mu/Central/jets/3/px in Skim_TriLep_ggHToZZTo4L.root
2026-01-07 18:54:33,709 - INFO - [2023BPix] MISSING_CENTRAL: TTZ2E1Mu/Central/jets/3/px in Skim_TriLep_DYJets.root
2026-01-07 18:54:33,710 - INFO - [2023BPix] MISSING_CENTRAL: TTZ2E1Mu/Central/jets/3/px in Skim_TriLep_DYJets10to50.root
2026-01-07 18:54:33,738 - INFO - [2023BPix] MISSING_CENTRAL: TTZ2E1Mu/Central/jets/3/px in Skim_TriLep_TTG_PTG100to200.root
2026-01-07 18:54:33,984 - INFO - [2023BPix] MISSING_CENTRAL: TTZ2E1Mu/Central/jets/3/px in Skim_TriLep_WWW.root
2026-01-07 18:54:34,105 - INFO - [2023BPix] MISSING_CENTRAL: TTZ2E1Mu/Central/jets/3/px in Skim_TriLep_VBFHToZZTo4L.root
2026-01-07 18:54:34,107 - INFO - [2023BPix] MISSING_CENTRAL: TTZ2E1Mu/Central/jets/3/px in Skim_TriLep_ggHToZZTo4L.root
2026-01-09 12:29:55,354 - INFO - [2023] MISSING_CENTRAL: TTZ2E1Mu/Central/jets/3/px in Skim_TriLep_MuonEG_C_v3.root
2026-01-09 12:29:55,369 - INFO - [2022] MISSING_CENTRAL: TTZ2E1Mu/Central/jets/3/px in Skim_TriLep_DYJets.root
2026-01-09 12:29:55,370 - INFO - [2022] MISSING_CENTRAL: TTZ2E1Mu/Central/jets/3/px in Skim_TriLep_DYJets10to50.root
2026-01-09 12:29:55,404 - INFO - [2022] MISSING_CENTRAL: TTZ2E1Mu/Central/jets/3/px in Skim_TriLep_TTG_PTG200toInf.root
2026-01-09 12:29:55,647 - INFO - [2022] MISSING_CENTRAL: TTZ2E1Mu/Central/jets/3/px in Skim_TriLep_VBFHToZZTo4L.root
2026-01-09 12:29:55,664 - INFO - [2022EE] MISSING_CENTRAL: TTZ2E1Mu/Central/jets/3/px in Skim_TriLep_DYJets.root
2026-01-09 12:29:55,665 - INFO - [2022EE] MISSING_CENTRAL: TTZ2E1Mu/Central/jets/3/px in Skim_TriLep_DYJets10to50.root
2026-01-09 12:29:55,871 - INFO - [2022EE] MISSING_CENTRAL: TTZ2E1Mu/Central/jets/3/px in Skim_TriLep_WWW.root
2026-01-09 12:29:56,006 - INFO - [2023] MISSING_CENTRAL: TTZ2E1Mu/Central/jets/3/px in Skim_TriLep_DYJets.root
2026-01-09 12:29:56,006 - INFO - [2023] MISSING_CENTRAL: TTZ2E1Mu/Central/jets/3/px in Skim_TriLep_DYJets10to50.root
2026-01-09 12:29:56,033 - INFO - [2023] MISSING_CENTRAL: TTZ2E1Mu/Central/jets/3/px in Skim_TriLep_TTG_PTG100to200.root
2026-01-09 12:29:56,034 - INFO - [2023] MISSING_CENTRAL: TTZ2E1Mu/Central/jets/3/px in Skim_TriLep_TTG_PTG200toInf.root
2026-01-09 12:29:56,229 - INFO - [2023] MISSING_CENTRAL: TTZ2E1Mu/Central/jets/3/px in Skim_TriLep_WWW.root
2026-01-09 12:29:56,327 - INFO - [2023] MISSING_CENTRAL: TTZ2E1Mu/Central/jets/3/px in Skim_TriLep_ggHToZZTo4L.root
2026-01-09 12:29:56,330 - INFO - [2023BPix] MISSING_CENTRAL: TTZ2E1Mu/Central/jets/3/px in Skim_TriLep_DYJets.root
2026-01-09 12:29:56,334 - INFO - [2023BPix] MISSING_CENTRAL: TTZ2E1Mu/Central/jets/3/px in Skim_TriLep_DYJets10to50.root
2026-01-09 12:29:56,364 - INFO - [2023BPix] MISSING_CENTRAL: TTZ2E1Mu/Central/jets/3/px in Skim_TriLep_TTG_PTG100to200.root
2026-01-09 12:29:56,528 - INFO - [2023BPix] MISSING_CENTRAL: TTZ2E1Mu/Central/jets/3/px in Skim_TriLep_WWW.root
2026-01-09 12:29:56,620 - INFO - [2023BPix] MISSING_CENTRAL: TTZ2E1Mu/Central/jets/3/px in Skim_TriLep_VBFHToZZTo4L.root
2026-01-09 12:29:56,622 - INFO - [2023BPix] MISSING_CENTRAL: TTZ2E1Mu/Central/jets/3/px in Skim_TriLep_ggHToZZTo4L.root
2026-01-11 09:49:55,170 - INFO - [2023] MISSING_CENTRAL: TTZ2E1Mu/Central/jets/3/px in Skim_TriLep_MuonEG_C_v3.root
2026-01-11 09:49:55,188 - INFO - [2022] MISSING_CENTRAL: TTZ2E1Mu/Central/jets/3/px in Skim_TriLep_DYJets.root
2026-01-11 09:49:55,189 - INFO - [2022] MISSING_CENTRAL: TTZ2E1Mu/Central/jets/3/px in Skim_TriLep_DYJets10to50.root
2026-01-11 09:49:55,247 - INFO - [2022] MISSING_CENTRAL: TTZ2E1Mu/Central/jets/3/px in Skim_TriLep_TTG_PTG200toInf.root
2026-01-11 09:49:55,508 - INFO - [2022] MISSING_CENTRAL: TTZ2E1Mu/Central/jets/3/px in Skim_TriLep_VBFHToZZTo4L.root
2026-01-11 09:49:55,553 - INFO - [2022EE] MISSING_CENTRAL: TTZ2E1Mu/Central/jets/3/px in Skim_TriLep_DYJets.root
2026-01-11 09:49:55,561 - INFO - [2022EE] MISSING_CENTRAL: TTZ2E1Mu/Central/jets/3/px in Skim_TriLep_DYJets10to50.root
2026-01-11 09:49:55,742 - INFO - [2022EE] MISSING_CENTRAL: TTZ2E1Mu/Central/jets/3/px in Skim_TriLep_WWW.root
2026-01-11 09:49:55,844 - INFO - [2023] MISSING_CENTRAL: TTZ2E1Mu/Central/jets/3/px in Skim_TriLep_DYJets.root
2026-01-11 09:49:55,845 - INFO - [2023] MISSING_CENTRAL: TTZ2E1Mu/Central/jets/3/px in Skim_TriLep_DYJets10to50.root
2026-01-11 09:49:55,862 - INFO - [2023] MISSING_CENTRAL: TTZ2E1Mu/Central/jets/3/px in Skim_TriLep_TTG_PTG100to200.root
2026-01-11 09:49:55,864 - INFO - [2023] MISSING_CENTRAL: TTZ2E1Mu/Central/jets/3/px in Skim_TriLep_TTG_PTG200toInf.root
2026-01-11 09:49:56,001 - INFO - [2023] MISSING_CENTRAL: TTZ2E1Mu/Central/jets/3/px in Skim_TriLep_WWW.root
2026-01-11 09:49:56,124 - INFO - [2023] MISSING_CENTRAL: TTZ2E1Mu/Central/jets/3/px in Skim_TriLep_ggHToZZTo4L.root
2026-01-11 09:49:56,126 - INFO - [2023BPix] MISSING_CENTRAL: TTZ2E1Mu/Central/jets/3/px in Skim_TriLep_DYJets.root
2026-01-11 09:49:56,127 - INFO - [2023BPix] MISSING_CENTRAL: TTZ2E1Mu/Central/jets/3/px in Skim_TriLep_DYJets10to50.root
2026-01-11 09:49:56,145 - INFO - [2023BPix] MISSING_CENTRAL: TTZ2E1Mu/Central/jets/3/px in Skim_TriLep_TTG_PTG100to200.root
2026-01-11 09:49:56,337 - INFO - [2023BPix] MISSING_CENTRAL: TTZ2E1Mu/Central/jets/3/px in Skim_TriLep_WWW.root
2026-01-11 09:49:56,404 - INFO - [2023BPix] MISSING_CENTRAL: TTZ2E1Mu/Central/jets/3/px in Skim_TriLep_VBFHToZZTo4L.root
2026-01-11 09:49:56,406 - INFO - [2023BPix] MISSING_CENTRAL: TTZ2E1Mu/Central/jets/3/px in Skim_TriLep_ggHToZZTo4L.root
2026-01-12 13:58:53,490 - INFO - [2023] MISSING_CENTRAL: TTZ2E1Mu/Central/jets/3/px in Skim_TriLep_MuonEG_C_v3.root
2026-01-12 13:58:53,507 - INFO - [2022] MISSING_CENTRAL: TTZ2E1Mu/Central/jets/3/px in Skim_TriLep_DYJets.root
2026-01-12 13:58:53,507 - INFO - [2022] MISSING_CENTRAL: TTZ2E1Mu/Central/jets/3/px in Skim_TriLep_DYJets10to50.root
2026-01-12 13:58:53,541 - INFO - [2022] MISSING_CENTRAL: TTZ2E1Mu/Central/jets/3/px in Skim_TriLep_TTG_PTG200toInf.root
2026-01-12 13:58:53,783 - INFO - [2022] MISSING_CENTRAL: TTZ2E1Mu/Central/jets/3/px in Skim_TriLep_VBFHToZZTo4L.root
2026-01-12 13:58:53,800 - INFO - [2022EE] MISSING_CENTRAL: TTZ2E1Mu/Central/jets/3/px in Skim_TriLep_DYJets.root
2026-01-12 13:58:53,801 - INFO - [2022EE] MISSING_CENTRAL: TTZ2E1Mu/Central/jets/3/px in Skim_TriLep_DYJets10to50.root
2026-01-12 13:58:53,976 - INFO - [2022EE] MISSING_CENTRAL: TTZ2E1Mu/Central/jets/3/px in Skim_TriLep_WWW.root
2026-01-12 13:58:54,102 - INFO - [2023] MISSING_CENTRAL: TTZ2E1Mu/Central/jets/3/px in Skim_TriLep_DYJets.root
2026-01-12 13:58:54,104 - INFO - [2023] MISSING_CENTRAL: TTZ2E1Mu/Central/jets/3/px in Skim_TriLep_DYJets10to50.root
2026-01-12 13:58:54,129 - INFO - [2023] MISSING_CENTRAL: TTZ2E1Mu/Central/jets/3/px in Skim_TriLep_TTG_PTG100to200.root
2026-01-12 13:58:54,131 - INFO - [2023] MISSING_CENTRAL: TTZ2E1Mu/Central/jets/3/px in Skim_TriLep_TTG_PTG200toInf.root
2026-01-12 13:58:54,343 - INFO - [2023] MISSING_CENTRAL: TTZ2E1Mu/Central/jets/3/px in Skim_TriLep_WWW.root
2026-01-12 13:58:54,433 - INFO - [2023] MISSING_CENTRAL: TTZ2E1Mu/Central/jets/3/px in Skim_TriLep_ggHToZZTo4L.root
2026-01-12 13:58:54,438 - INFO - [2023BPix] MISSING_CENTRAL: TTZ2E1Mu/Central/jets/3/px in Skim_TriLep_DYJets.root
2026-01-12 13:58:54,439 - INFO - [2023BPix] MISSING_CENTRAL: TTZ2E1Mu/Central/jets/3/px in Skim_TriLep_DYJets10to50.root
2026-01-12 13:58:54,456 - INFO - [2023BPix] MISSING_CENTRAL: TTZ2E1Mu/Central/jets/3/px in Skim_TriLep_TTG_PTG100to200.root
2026-01-12 13:58:54,616 - INFO - [2023BPix] MISSING_CENTRAL: TTZ2E1Mu/Central/jets/3/px in Skim_TriLep_WWW.root
2026-01-12 13:58:54,742 - INFO - [2023BPix] MISSING_CENTRAL: TTZ2E1Mu/Central/jets/3/px in Skim_TriLep_VBFHToZZTo4L.root
2026-01-12 13:58:54,745 - INFO - [2023BPix] MISSING_CENTRAL: TTZ2E1Mu/Central/jets/3/px in Skim_TriLep_ggHToZZTo4L.root
2026-01-16 19:13:24,115 - INFO - [2023] MISSING_CENTRAL: TTZ2E1Mu/Central/jets/3/px in Skim_TriLep_MuonEG_C_v3.root
2026-01-16 19:13:24,132 - INFO - [2022] MISSING_CENTRAL: TTZ2E1Mu/Central/jets/3/px in Skim_TriLep_DYJets.root
2026-01-16 19:13:24,132 - INFO - [2022] MISSING_CENTRAL: TTZ2E1Mu/Central/jets/3/px in Skim_TriLep_DYJets10to50.root
2026-01-16 19:13:24,166 - INFO - [2022] MISSING_CENTRAL: TTZ2E1Mu/Central/jets/3/px in Skim_TriLep_TTG_PTG200toInf.root
2026-01-16 19:13:24,367 - INFO - [2022] MISSING_CENTRAL: TTZ2E1Mu/Central/jets/3/px in Skim_TriLep_VBFHToZZTo4L.root
2026-01-16 19:13:24,387 - INFO - [2022EE] MISSING_CENTRAL: TTZ2E1Mu/Central/jets/3/px in Skim_TriLep_DYJets.root
2026-01-16 19:13:24,387 - INFO - [2022EE] MISSING_CENTRAL: TTZ2E1Mu/Central/jets/3/px in Skim_TriLep_DYJets10to50.root
2026-01-16 19:13:24,578 - INFO - [2022EE] MISSING_CENTRAL: TTZ2E1Mu/Central/jets/3/px in Skim_TriLep_WWW.root
2026-01-16 19:13:24,687 - INFO - [2023] MISSING_CENTRAL: TTZ2E1Mu/Central/jets/3/px in Skim_TriLep_DYJets.root
2026-01-16 19:13:24,688 - INFO - [2023] MISSING_CENTRAL: TTZ2E1Mu/Central/jets/3/px in Skim_TriLep_DYJets10to50.root
2026-01-16 19:13:24,706 - INFO - [2023] MISSING_CENTRAL: TTZ2E1Mu/Central/jets/3/px in Skim_TriLep_TTG_PTG100to200.root
2026-01-16 19:13:24,708 - INFO - [2023] MISSING_CENTRAL: TTZ2E1Mu/Central/jets/3/px in Skim_TriLep_TTG_PTG200toInf.root
2026-01-16 19:13:24,852 - INFO - [2023] MISSING_CENTRAL: TTZ2E1Mu/Central/jets/3/px in Skim_TriLep_WWW.root
2026-01-16 19:13:24,933 - INFO - [2023] MISSING_CENTRAL: TTZ2E1Mu/Central/jets/3/px in Skim_TriLep_ggHToZZTo4L.root
2026-01-16 19:13:24,936 - INFO - [2023BPix] MISSING_CENTRAL: TTZ2E1Mu/Central/jets/3/px in Skim_TriLep_DYJets.root
2026-01-16 19:13:24,937 - INFO - [2023BPix] MISSING_CENTRAL: TTZ2E1Mu/Central/jets/3/px in Skim_TriLep_DYJets10to50.root
2026-01-16 19:13:24,953 - INFO - [2023BPix] MISSING_CENTRAL: TTZ2E1Mu/Central/jets/3/px in Skim_TriLep_TTG_PTG100to200.root
2026-01-16 19:13:25,082 - INFO - [2023BPix] MISSING_CENTRAL: TTZ2E1Mu/Central/jets/3/px in Skim_TriLep_WWW.root
2026-01-16 19:13:25,148 - INFO - [2023BPix] MISSING_CENTRAL: TTZ2E1Mu/Central/jets/3/px in Skim_TriLep_VBFHToZZTo4L.root
2026-01-16 19:13:25,149 - INFO - [2023BPix] MISSING_CENTRAL: TTZ2E1Mu/Central/jets/3/px in Skim_TriLep_ggHToZZTo4L.root
2026-01-28 17:10:00,602 - INFO - [2023] MISSING_CENTRAL: TTZ2E1Mu/Central/jets/3/px in Skim_TriLep_MuonEG_C_v3.root
2026-01-28 17:10:00,620 - INFO - [2022] MISSING_CENTRAL: TTZ2E1Mu/Central/jets/3/px in Skim_TriLep_DYJets.root
2026-01-28 17:10:00,621 - INFO - [2022] MISSING_CENTRAL: TTZ2E1Mu/Central/jets/3/px in Skim_TriLep_DYJets10to50.root
2026-01-28 17:10:00,671 - INFO - [2022] MISSING_CENTRAL: TTZ2E1Mu/Central/jets/3/px in Skim_TriLep_TTG_PTG200toInf.root
2026-01-28 17:10:00,979 - INFO - [2022] MISSING_CENTRAL: TTZ2E1Mu/Central/jets/3/px in Skim_TriLep_VBFHToZZTo4L.root
2026-01-28 17:10:01,009 - INFO - [2022EE] MISSING_CENTRAL: TTZ2E1Mu/Central/jets/3/px in Skim_TriLep_DYJets.root
2026-01-28 17:10:01,009 - INFO - [2022EE] MISSING_CENTRAL: TTZ2E1Mu/Central/jets/3/px in Skim_TriLep_DYJets10to50.root
2026-01-28 17:10:01,259 - INFO - [2022EE] MISSING_CENTRAL: TTZ2E1Mu/Central/jets/3/px in Skim_TriLep_WWW.root
2026-01-28 17:10:01,408 - INFO - [2023] MISSING_CENTRAL: TTZ2E1Mu/Central/jets/3/px in Skim_TriLep_DYJets.root
2026-01-28 17:10:01,410 - INFO - [2023] MISSING_CENTRAL: TTZ2E1Mu/Central/jets/3/px in Skim_TriLep_DYJets10to50.root
2026-01-28 17:10:01,435 - INFO - [2023] MISSING_CENTRAL: TTZ2E1Mu/Central/jets/3/px in Skim_TriLep_TTG_PTG100to200.root
2026-01-28 17:10:01,436 - INFO - [2023] MISSING_CENTRAL: TTZ2E1Mu/Central/jets/3/px in Skim_TriLep_TTG_PTG200toInf.root
2026-01-28 17:10:01,660 - INFO - [2023] MISSING_CENTRAL: TTZ2E1Mu/Central/jets/3/px in Skim_TriLep_WWW.root
2026-01-28 17:10:01,776 - INFO - [2023] MISSING_CENTRAL: TTZ2E1Mu/Central/jets/3/px in Skim_TriLep_ggHToZZTo4L.root
2026-01-28 17:10:01,779 - INFO - [2023BPix] MISSING_CENTRAL: TTZ2E1Mu/Central/jets/3/px in Skim_TriLep_DYJets.root
2026-01-28 17:10:01,779 - INFO - [2023BPix] MISSING_CENTRAL: TTZ2E1Mu/Central/jets/3/px in Skim_TriLep_DYJets10to50.root
2026-01-28 17:10:01,803 - INFO - [2023BPix] MISSING_CENTRAL: TTZ2E1Mu/Central/jets/3/px in Skim_TriLep_TTG_PTG100to200.root
2026-01-28 17:10:02,030 - INFO - [2023BPix] MISSING_CENTRAL: TTZ2E1Mu/Central/jets/3/px in Skim_TriLep_WWW.root
2026-01-28 17:10:02,150 - INFO - [2023BPix] MISSING_CENTRAL: TTZ2E1Mu/Central/jets/3/px in Skim_TriLep_VBFHToZZTo4L.root
2026-01-28 17:10:02,151 - INFO - [2023BPix] MISSING_CENTRAL: TTZ2E1Mu/Central/jets/3/px in Skim_TriLep_ggHToZZTo4L.root
2026-01-28 17:30:29,309 - INFO - [2023] MISSING_CENTRAL: TTZ2E1Mu/Central/jets/3/px in Skim_TriLep_MuonEG_C_v3.root
2026-01-28 17:30:29,327 - INFO - [2022] MISSING_CENTRAL: TTZ2E1Mu/Central/jets/3/px in Skim_TriLep_DYJets.root
2026-01-28 17:30:29,328 - INFO - [2022] MISSING_CENTRAL: TTZ2E1Mu/Central/jets/3/px in Skim_TriLep_DYJets10to50.root
2026-01-28 17:30:29,377 - INFO - [2022] MISSING_CENTRAL: TTZ2E1Mu/Central/jets/3/px in Skim_TriLep_TTG_PTG200toInf.root
2026-01-28 17:30:29,680 - INFO - [2022] MISSING_CENTRAL: TTZ2E1Mu/Central/jets/3/px in Skim_TriLep_VBFHToZZTo4L.root
2026-01-28 17:30:29,708 - INFO - [2022EE] MISSING_CENTRAL: TTZ2E1Mu/Central/jets/3/px in Skim_TriLep_DYJets.root
2026-01-28 17:30:29,709 - INFO - [2022EE] MISSING_CENTRAL: TTZ2E1Mu/Central/jets/3/px in Skim_TriLep_DYJets10to50.root
2026-01-28 17:30:29,979 - INFO - [2022EE] MISSING_CENTRAL: TTZ2E1Mu/Central/jets/3/px in Skim_TriLep_WWW.root
2026-01-28 17:30:30,159 - INFO - [2023] MISSING_CENTRAL: TTZ2E1Mu/Central/jets/3/px in Skim_TriLep_DYJets.root
2026-01-28 17:30:30,160 - INFO - [2023] MISSING_CENTRAL: TTZ2E1Mu/Central/jets/3/px in Skim_TriLep_DYJets10to50.root
2026-01-28 17:30:30,186 - INFO - [2023] MISSING_CENTRAL: TTZ2E1Mu/Central/jets/3/px in Skim_TriLep_TTG_PTG100to200.root
2026-01-28 17:30:30,187 - INFO - [2023] MISSING_CENTRAL: TTZ2E1Mu/Central/jets/3/px in Skim_TriLep_TTG_PTG200toInf.root
2026-01-28 17:30:30,383 - INFO - [2023] MISSING_CENTRAL: TTZ2E1Mu/Central/jets/3/px in Skim_TriLep_WWW.root
2026-01-28 17:30:30,500 - INFO - [2023] MISSING_CENTRAL: TTZ2E1Mu/Central/jets/3/px in Skim_TriLep_ggHToZZTo4L.root
2026-01-28 17:30:30,504 - INFO - [2023BPix] MISSING_CENTRAL: TTZ2E1Mu/Central/jets/3/px in Skim_TriLep_DYJets.root
2026-01-28 17:30:30,504 - INFO - [2023BPix] MISSING_CENTRAL: TTZ2E1Mu/Central/jets/3/px in Skim_TriLep_DYJets10to50.root
2026-01-28 17:30:30,528 - INFO - [2023BPix] MISSING_CENTRAL: TTZ2E1Mu/Central/jets/3/px in Skim_TriLep_TTG_PTG100to200.root
2026-01-28 17:30:30,758 - INFO - [2023BPix] MISSING_CENTRAL: TTZ2E1Mu/Central/jets/3/px in Skim_TriLep_WWW.root
2026-01-28 17:30:30,855 - INFO - [2023BPix] MISSING_CENTRAL: TTZ2E1Mu/Central/jets/3/px in Skim_TriLep_VBFHToZZTo4L.root
2026-01-28 17:30:30,856 - INFO - [2023BPix] MISSING_CENTRAL: TTZ2E1Mu/Central/jets/3/px in Skim_TriLep_ggHToZZTo4L.root
2026-01-28 20:04:23,775 - INFO - [2023] MISSING_CENTRAL: TTZ2E1Mu/Central/jets/3/px in Skim_TriLep_MuonEG_C_v3.root
2026-01-28 20:04:23,793 - INFO - [2022] MISSING_CENTRAL: TTZ2E1Mu/Central/jets/3/px in Skim_TriLep_DYJets.root
2026-01-28 20:04:23,793 - INFO - [2022] MISSING_CENTRAL: TTZ2E1Mu/Central/jets/3/px in Skim_TriLep_DYJets10to50.root
2026-01-28 20:04:23,849 - INFO - [2022] MISSING_CENTRAL: TTZ2E1Mu/Central/jets/3/px in Skim_TriLep_TTG_PTG200toInf.root
2026-01-28 20:04:24,234 - INFO - [2022] MISSING_CENTRAL: TTZ2E1Mu/Central/jets/3/px in Skim_TriLep_VBFHToZZTo4L.root
2026-01-28 20:04:24,264 - INFO - [2022EE] MISSING_CENTRAL: TTZ2E1Mu/Central/jets/3/px in Skim_TriLep_DYJets.root
2026-01-28 20:04:24,265 - INFO - [2022EE] MISSING_CENTRAL: TTZ2E1Mu/Central/jets/3/px in Skim_TriLep_DYJets10to50.root
2026-01-28 20:04:24,547 - INFO - [2022EE] MISSING_CENTRAL: TTZ2E1Mu/Central/jets/3/px in Skim_TriLep_WWW.root
2026-01-28 20:04:24,699 - INFO - [2023] MISSING_CENTRAL: TTZ2E1Mu/Central/jets/3/px in Skim_TriLep_DYJets.root
2026-01-28 20:04:24,700 - INFO - [2023] MISSING_CENTRAL: TTZ2E1Mu/Central/jets/3/px in Skim_TriLep_DYJets10to50.root
2026-01-28 20:04:24,724 - INFO - [2023] MISSING_CENTRAL: TTZ2E1Mu/Central/jets/3/px in Skim_TriLep_TTG_PTG100to200.root
2026-01-28 20:04:24,725 - INFO - [2023] MISSING_CENTRAL: TTZ2E1Mu/Central/jets/3/px in Skim_TriLep_TTG_PTG200toInf.root
2026-01-28 20:04:24,933 - INFO - [2023] MISSING_CENTRAL: TTZ2E1Mu/Central/jets/3/px in Skim_TriLep_WWW.root
2026-01-28 20:04:25,057 - INFO - [2023] MISSING_CENTRAL: TTZ2E1Mu/Central/jets/3/px in Skim_TriLep_ggHToZZTo4L.root
2026-01-28 20:04:25,062 - INFO - [2023BPix] MISSING_CENTRAL: TTZ2E1Mu/Central/jets/3/px in Skim_TriLep_DYJets.root
2026-01-28 20:04:25,063 - INFO - [2023BPix] MISSING_CENTRAL: TTZ2E1Mu/Central/jets/3/px in Skim_TriLep_DYJets10to50.root
2026-01-28 20:04:25,088 - INFO - [2023BPix] MISSING_CENTRAL: TTZ2E1Mu/Central/jets/3/px in Skim_TriLep_TTG_PTG100to200.root
2026-01-28 20:04:25,395 - INFO - [2023BPix] MISSING_CENTRAL: TTZ2E1Mu/Central/jets/3/px in Skim_TriLep_WWW.root
2026-01-28 20:04:25,507 - INFO - [2023BPix] MISSING_CENTRAL: TTZ2E1Mu/Central/jets/3/px in Skim_TriLep_VBFHToZZTo4L.root
2026-01-28 20:04:25,508 - INFO - [2023BPix] MISSING_CENTRAL: TTZ2E1Mu/Central/jets/3/px in Skim_TriLep_ggHToZZTo4L.root
2026-01-29 07:20:41,915 - INFO - [2023] MISSING_CENTRAL: TTZ2E1Mu/Central/jets/3/px in Skim_TriLep_MuonEG_C_v3.root
2026-01-29 07:20:41,937 - INFO - [2022] MISSING_CENTRAL: TTZ2E1Mu/Central/jets/3/px in Skim_TriLep_DYJets.root
2026-01-29 07:20:41,938 - INFO - [2022] MISSING_CENTRAL: TTZ2E1Mu/Central/jets/3/px in Skim_TriLep_DYJets10to50.root
2026-01-29 07:20:41,971 - INFO - [2022] MISSING_CENTRAL: TTZ2E1Mu/Central/jets/3/px in Skim_TriLep_TTG_PTG200toInf.root
2026-01-29 07:20:42,171 - INFO - [2022] MISSING_CENTRAL: TTZ2E1Mu/Central/jets/3/px in Skim_TriLep_VBFHToZZTo4L.root
2026-01-29 07:20:42,191 - INFO - [2022EE] MISSING_CENTRAL: TTZ2E1Mu/Central/jets/3/px in Skim_TriLep_DYJets.root
2026-01-29 07:20:42,192 - INFO - [2022EE] MISSING_CENTRAL: TTZ2E1Mu/Central/jets/3/px in Skim_TriLep_DYJets10to50.root
2026-01-29 07:20:42,374 - INFO - [2022EE] MISSING_CENTRAL: TTZ2E1Mu/Central/jets/3/px in Skim_TriLep_WWW.root
2026-01-29 07:20:42,485 - INFO - [2023] MISSING_CENTRAL: TTZ2E1Mu/Central/jets/3/px in Skim_TriLep_DYJets.root
2026-01-29 07:20:42,486 - INFO - [2023] MISSING_CENTRAL: TTZ2E1Mu/Central/jets/3/px in Skim_TriLep_DYJets10to50.root
2026-01-29 07:20:42,504 - INFO - [2023] MISSING_CENTRAL: TTZ2E1Mu/Central/jets/3/px in Skim_TriLep_TTG_PTG100to200.root
2026-01-29 07:20:42,506 - INFO - [2023] MISSING_CENTRAL: TTZ2E1Mu/Central/jets/3/px in Skim_TriLep_TTG_PTG200toInf.root
2026-01-29 07:20:42,648 - INFO - [2023] MISSING_CENTRAL: TTZ2E1Mu/Central/jets/3/px in Skim_TriLep_WWW.root
2026-01-29 07:20:42,731 - INFO - [2023] MISSING_CENTRAL: TTZ2E1Mu/Central/jets/3/px in Skim_TriLep_ggHToZZTo4L.root
2026-01-29 07:20:42,735 - INFO - [2023BPix] MISSING_CENTRAL: TTZ2E1Mu/Central/jets/3/px in Skim_TriLep_DYJets.root
2026-01-29 07:20:42,736 - INFO - [2023BPix] MISSING_CENTRAL: TTZ2E1Mu/Central/jets/3/px in Skim_TriLep_DYJets10to50.root
2026-01-29 07:20:42,752 - INFO - [2023BPix] MISSING_CENTRAL: TTZ2E1Mu/Central/jets/3/px in Skim_TriLep_TTG_PTG100to200.root
2026-01-29 07:20:42,902 - INFO - [2023BPix] MISSING_CENTRAL: TTZ2E1Mu/Central/jets/3/px in Skim_TriLep_WWW.root
2026-01-29 07:20:42,967 - INFO - [2023BPix] MISSING_CENTRAL: TTZ2E1Mu/Central/jets/3/px in Skim_TriLep_VBFHToZZTo4L.root
2026-01-29 07:20:42,968 - INFO - [2023BPix] MISSING_CENTRAL: TTZ2E1Mu/Central/jets/3/px in Skim_TriLep_ggHToZZTo4L.root
2026-03-06 09:45:35,070 - INFO - [2023] MISSING_CENTRAL: TTZ2E1Mu/Central/jets/3/px in Skim_TriLep_MuonEG_C_v3.root
2026-03-06 09:45:35,089 - INFO - [2022] MISSING_CENTRAL: TTZ2E1Mu/Central/jets/3/px in Skim_TriLep_DYJets.root
2026-03-06 09:45:35,090 - INFO - [2022] MISSING_CENTRAL: TTZ2E1Mu/Central/jets/3/px in Skim_TriLep_DYJets10to50.root
2026-03-06 09:45:35,110 - INFO - [2022] MISSING_CENTRAL: TTZ2E1Mu/Central/jets/3/px in Skim_TriLep_TTG_PTG100to200.root
2026-03-06 09:45:35,111 - INFO - [2022] MISSING_CENTRAL: TTZ2E1Mu/Central/jets/3/px in Skim_TriLep_TTG_PTG200toInf.root
2026-03-06 09:45:35,317 - INFO - [2022] MISSING_CENTRAL: TTZ2E1Mu/Central/jets/3/px in Skim_TriLep_VBFHToZZTo4L.root
2026-03-06 09:45:35,336 - INFO - [2022EE] MISSING_CENTRAL: TTZ2E1Mu/Central/jets/3/px in Skim_TriLep_DYJets.root
2026-03-06 09:45:35,337 - INFO - [2022EE] MISSING_CENTRAL: TTZ2E1Mu/Central/jets/3/px in Skim_TriLep_DYJets10to50.root
2026-03-06 09:45:35,516 - INFO - [2022EE] MISSING_CENTRAL: TTZ2E1Mu/Central/jets/3/px in Skim_TriLep_WWW.root
2026-03-06 09:45:35,620 - INFO - [2023] MISSING_CENTRAL: TTZ2E1Mu/Central/jets/3/px in Skim_TriLep_DYJets.root
2026-03-06 09:45:35,620 - INFO - [2023] MISSING_CENTRAL: TTZ2E1Mu/Central/jets/3/px in Skim_TriLep_DYJets10to50.root
2026-03-06 09:45:35,637 - INFO - [2023] MISSING_CENTRAL: TTZ2E1Mu/Central/jets/3/px in Skim_TriLep_TTG_PTG100to200.root
2026-03-06 09:45:35,638 - INFO - [2023] MISSING_CENTRAL: TTZ2E1Mu/Central/jets/3/px in Skim_TriLep_TTG_PTG200toInf.root
2026-03-06 09:45:35,775 - INFO - [2023] MISSING_CENTRAL: TTZ2E1Mu/Central/jets/3/px in Skim_TriLep_WWW.root
2026-03-06 09:45:35,859 - INFO - [2023] MISSING_CENTRAL: TTZ2E1Mu/Central/jets/3/px in Skim_TriLep_ggHToZZTo4L.root
2026-03-06 09:45:35,863 - INFO - [2023BPix] MISSING_CENTRAL: TTZ2E1Mu/Central/jets/3/px in Skim_TriLep_DYJets.root
2026-03-06 09:45:35,864 - INFO - [2023BPix] MISSING_CENTRAL: TTZ2E1Mu/Central/jets/3/px in Skim_TriLep_DYJets10to50.root
2026-03-06 09:45:35,865 - INFO - [2023BPix] MISSING_CENTRAL: TTZ2E1Mu/Central/jets/3/px in Skim_TriLep_TTG_PTG10to100.root
2026-03-06 09:45:35,866 - INFO - [2023BPix] MISSING_CENTRAL: TTZ2E1Mu/Central/jets/3/px in Skim_TriLep_TTG_PTG100to200.root
2026-03-06 09:45:36,019 - INFO - [2023BPix] MISSING_CENTRAL: TTZ2E1Mu/Central/jets/3/px in Skim_TriLep_WWW.root
2026-03-06 09:45:36,083 - INFO - [2023BPix] MISSING_CENTRAL: TTZ2E1Mu/Central/jets/3/px in Skim_TriLep_VBFHToZZTo4L.root
2026-03-06 09:45:36,084 - INFO - [2023BPix] MISSING_CENTRAL: TTZ2E1Mu/Central/jets/3/px in Skim_TriLep_ggHToZZTo4L.root
2026-03-06 19:51:20,791 - INFO - [2023] MISSING_CENTRAL: TTZ2E1Mu/Central/jets/3/px in Skim_TriLep_MuonEG_C_v3.root
2026-03-06 19:51:20,810 - INFO - [2022] MISSING_CENTRAL: TTZ2E1Mu/Central/jets/3/px in Skim_TriLep_DYJets.root
2026-03-06 19:51:20,811 - INFO - [2022] MISSING_CENTRAL: TTZ2E1Mu/Central/jets/3/px in Skim_TriLep_DYJets10to50.root
2026-03-06 19:51:20,833 - INFO - [2022] MISSING_CENTRAL: TTZ2E1Mu/Central/jets/3/px in Skim_TriLep_TTG_PTG100to200.root
2026-03-06 19:51:20,834 - INFO - [2022] MISSING_CENTRAL: TTZ2E1Mu/Central/jets/3/px in Skim_TriLep_TTG_PTG200toInf.root
2026-03-06 19:51:21,040 - INFO - [2022] MISSING_CENTRAL: TTZ2E1Mu/Central/jets/3/px in Skim_TriLep_VBFHToZZTo4L.root
2026-03-06 19:51:21,059 - INFO - [2022EE] MISSING_CENTRAL: TTZ2E1Mu/Central/jets/3/px in Skim_TriLep_DYJets.root
2026-03-06 19:51:21,060 - INFO - [2022EE] MISSING_CENTRAL: TTZ2E1Mu/Central/jets/3/px in Skim_TriLep_DYJets10to50.root
2026-03-06 19:51:21,233 - INFO - [2022EE] MISSING_CENTRAL: TTZ2E1Mu/Central/jets/3/px in Skim_TriLep_WWW.root
2026-03-06 19:51:21,333 - INFO - [2023] MISSING_CENTRAL: TTZ2E1Mu/Central/jets/3/px in Skim_TriLep_DYJets.root
2026-03-06 19:51:21,334 - INFO - [2023] MISSING_CENTRAL: TTZ2E1Mu/Central/jets/3/px in Skim_TriLep_DYJets10to50.root
2026-03-06 19:51:21,350 - INFO - [2023] MISSING_CENTRAL: TTZ2E1Mu/Central/jets/3/px in Skim_TriLep_TTG_PTG100to200.root
2026-03-06 19:51:21,352 - INFO - [2023] MISSING_CENTRAL: TTZ2E1Mu/Central/jets/3/px in Skim_TriLep_TTG_PTG200toInf.root
2026-03-06 19:51:21,490 - INFO - [2023] MISSING_CENTRAL: TTZ2E1Mu/Central/jets/3/px in Skim_TriLep_WWW.root
2026-03-06 19:51:21,572 - INFO - [2023] MISSING_CENTRAL: TTZ2E1Mu/Central/jets/3/px in Skim_TriLep_ggHToZZTo4L.root
2026-03-06 19:51:21,575 - INFO - [2023BPix] MISSING_CENTRAL: TTZ2E1Mu/Central/jets/3/px in Skim_TriLep_DYJets.root
2026-03-06 19:51:21,576 - INFO - [2023BPix] MISSING_CENTRAL: TTZ2E1Mu/Central/jets/3/px in Skim_TriLep_DYJets10to50.root
2026-03-06 19:51:21,577 - INFO - [2023BPix] MISSING_CENTRAL: TTZ2E1Mu/Central/jets/3/px in Skim_TriLep_TTG_PTG10to100.root
2026-03-06 19:51:21,578 - INFO - [2023BPix] MISSING_CENTRAL: TTZ2E1Mu/Central/jets/3/px in Skim_TriLep_TTG_PTG100to200.root
2026-03-06 19:51:21,745 - INFO - [2023BPix] MISSING_CENTRAL: TTZ2E1Mu/Central/jets/3/px in Skim_TriLep_WWW.root
2026-03-06 19:51:21,813 - INFO - [2023BPix] MISSING_CENTRAL: TTZ2E1Mu/Central/jets/3/px in Skim_TriLep_VBFHToZZTo4L.root
2026-03-06 19:51:21,815 - INFO - [2023BPix] MISSING_CENTRAL: TTZ2E1Mu/Central/jets/3/px in Skim_TriLep_ggHToZZTo4L.root
2026-04-10 20:26:14,163 - INFO - [2023] MISSING_CENTRAL: TTZ2E1Mu/Central/jets/3/px in Skim_TriLep_MuonEG_C_v3.root
2026-04-10 20:26:14,182 - INFO - [2022] MISSING_CENTRAL: TTZ2E1Mu/Central/jets/3/px in Skim_TriLep_DYJets.root
2026-04-10 20:26:14,183 - INFO - [2022] MISSING_CENTRAL: TTZ2E1Mu/Central/jets/3/px in Skim_TriLep_DYJets10to50.root
2026-04-10 20:26:14,202 - INFO - [2022] MISSING_CENTRAL: TTZ2E1Mu/Central/jets/3/px in Skim_TriLep_TTG_PTG100to200.root
2026-04-10 20:26:14,203 - INFO - [2022] MISSING_CENTRAL: TTZ2E1Mu/Central/jets/3/px in Skim_TriLep_TTG_PTG200toInf.root
2026-04-10 20:26:14,419 - INFO - [2022] MISSING_CENTRAL: TTZ2E1Mu/Central/jets/3/px in Skim_TriLep_VBFHToZZTo4L.root
2026-04-10 20:26:14,437 - INFO - [2022EE] MISSING_CENTRAL: TTZ2E1Mu/Central/jets/3/px in Skim_TriLep_DYJets.root
2026-04-10 20:26:14,437 - INFO - [2022EE] MISSING_CENTRAL: TTZ2E1Mu/Central/jets/3/px in Skim_TriLep_DYJets10to50.root
2026-04-10 20:26:14,624 - INFO - [2022EE] MISSING_CENTRAL: TTZ2E1Mu/Central/jets/3/px in Skim_TriLep_WWW.root
2026-04-10 20:26:14,732 - INFO - [2023] MISSING_CENTRAL: TTZ2E1Mu/Central/jets/3/px in Skim_TriLep_DYJets.root
2026-04-10 20:26:14,733 - INFO - [2023] MISSING_CENTRAL: TTZ2E1Mu/Central/jets/3/px in Skim_TriLep_DYJets10to50.root
2026-04-10 20:26:14,752 - INFO - [2023] MISSING_CENTRAL: TTZ2E1Mu/Central/jets/3/px in Skim_TriLep_TTG_PTG100to200.root
2026-04-10 20:26:14,753 - INFO - [2023] MISSING_CENTRAL: TTZ2E1Mu/Central/jets/3/px in Skim_TriLep_TTG_PTG200toInf.root
2026-04-10 20:26:14,901 - INFO - [2023] MISSING_CENTRAL: TTZ2E1Mu/Central/jets/3/px in Skim_TriLep_WWW.root
2026-04-10 20:26:14,995 - INFO - [2023] MISSING_CENTRAL: TTZ2E1Mu/Central/jets/3/px in Skim_TriLep_ggHToZZTo4L.root
2026-04-10 20:26:14,999 - INFO - [2023BPix] MISSING_CENTRAL: TTZ2E1Mu/Central/jets/3/px in Skim_TriLep_DYJets.root
2026-04-10 20:26:14,999 - INFO - [2023BPix] MISSING_CENTRAL: TTZ2E1Mu/Central/jets/3/px in Skim_TriLep_DYJets10to50.root
2026-04-10 20:26:15,000 - INFO - [2023BPix] MISSING_CENTRAL: TTZ2E1Mu/Central/jets/3/px in Skim_TriLep_TTG_PTG10to100.root
2026-04-10 20:26:15,001 - INFO - [2023BPix] MISSING_CENTRAL: TTZ2E1Mu/Central/jets/3/px in Skim_TriLep_TTG_PTG100to200.root
2026-04-10 20:26:15,160 - INFO - [2023BPix] MISSING_CENTRAL: TTZ2E1Mu/Central/jets/3/px in Skim_TriLep_WWW.root
2026-04-10 20:26:15,228 - INFO - [2023BPix] MISSING_CENTRAL: TTZ2E1Mu/Central/jets/3/px in Skim_TriLep_VBFHToZZTo4L.root
2026-04-10 20:26:15,229 - INFO - [2023BPix] MISSING_CENTRAL: TTZ2E1Mu/Central/jets/3/px in Skim_TriLep_ggHToZZTo4L.root
2026-04-12 11:41:40,870 - INFO - [2023] MISSING_CENTRAL: TTZ2E1Mu/Central/jets/3/px in Skim_TriLep_MuonEG_C_v3.root
2026-04-12 11:41:40,906 - INFO - [2022] MISSING_CENTRAL: TTZ2E1Mu/Central/jets/3/px in Skim_TriLep_DYJets.root
2026-04-12 11:41:40,906 - INFO - [2022] MISSING_CENTRAL: TTZ2E1Mu/Central/jets/3/px in Skim_TriLep_DYJets10to50.root
2026-04-12 11:41:40,935 - INFO - [2022] MISSING_CENTRAL: TTZ2E1Mu/Central/jets/3/px in Skim_TriLep_TTG_PTG100to200.root
2026-04-12 11:41:40,939 - INFO - [2022] MISSING_CENTRAL: TTZ2E1Mu/Central/jets/3/px in Skim_TriLep_TTG_PTG200toInf.root
2026-04-12 11:41:41,187 - INFO - [2022] MISSING_CENTRAL: TTZ2E1Mu/Central/jets/3/px in Skim_TriLep_VBFHToZZTo4L.root
2026-04-12 11:41:41,205 - INFO - [2022EE] MISSING_CENTRAL: TTZ2E1Mu/Central/jets/3/px in Skim_TriLep_DYJets.root
2026-04-12 11:41:41,205 - INFO - [2022EE] MISSING_CENTRAL: TTZ2E1Mu/Central/jets/3/px in Skim_TriLep_DYJets10to50.root
2026-04-12 11:41:41,386 - INFO - [2022EE] MISSING_CENTRAL: TTZ2E1Mu/Central/jets/3/px in Skim_TriLep_WWW.root
2026-04-12 11:41:41,487 - INFO - [2023] MISSING_CENTRAL: TTZ2E1Mu/Central/jets/3/px in Skim_TriLep_DYJets.root
2026-04-12 11:41:41,488 - INFO - [2023] MISSING_CENTRAL: TTZ2E1Mu/Central/jets/3/px in Skim_TriLep_DYJets10to50.root
2026-04-12 11:41:41,505 - INFO - [2023] MISSING_CENTRAL: TTZ2E1Mu/Central/jets/3/px in Skim_TriLep_TTG_PTG100to200.root
2026-04-12 11:41:41,506 - INFO - [2023] MISSING_CENTRAL: TTZ2E1Mu/Central/jets/3/px in Skim_TriLep_TTG_PTG200toInf.root
2026-04-12 11:41:41,690 - INFO - [2023] MISSING_CENTRAL: TTZ2E1Mu/Central/jets/3/px in Skim_TriLep_WWW.root
2026-04-12 11:41:41,787 - INFO - [2023] MISSING_CENTRAL: TTZ2E1Mu/Central/jets/3/px in Skim_TriLep_ggHToZZTo4L.root
2026-04-12 11:41:41,791 - INFO - [2023BPix] MISSING_CENTRAL: TTZ2E1Mu/Central/jets/3/px in Skim_TriLep_DYJets.root
2026-04-12 11:41:41,792 - INFO - [2023BPix] MISSING_CENTRAL: TTZ2E1Mu/Central/jets/3/px in Skim_TriLep_DYJets10to50.root
2026-04-12 11:41:41,793 - INFO - [2023BPix] MISSING_CENTRAL: TTZ2E1Mu/Central/jets/3/px in Skim_TriLep_TTG_PTG10to100.root
2026-04-12 11:41:41,793 - INFO - [2023BPix] MISSING_CENTRAL: TTZ2E1Mu/Central/jets/3/px in Skim_TriLep_TTG_PTG100to200.root
2026-04-12 11:41:41,951 - INFO - [2023BPix] MISSING_CENTRAL: TTZ2E1Mu/Central/jets/3/px in Skim_TriLep_WWW.root
2026-04-12 11:41:42,022 - INFO - [2023BPix] MISSING_CENTRAL: TTZ2E1Mu/Central/jets/3/px in Skim_TriLep_VBFHToZZTo4L.root
2026-04-12 11:41:42,023 - INFO - [2023BPix] MISSING_CENTRAL: TTZ2E1Mu/Central/jets/3/px in Skim_TriLep_ggHToZZTo4L.root
2026-04-12 12:23:20,007 - INFO - [2023] MISSING_CENTRAL: TTZ2E1Mu/Central/jets/3/px in Skim_TriLep_MuonEG_C_v3.root
2026-04-12 12:23:20,026 - INFO - [2022] MISSING_CENTRAL: TTZ2E1Mu/Central/jets/3/px in Skim_TriLep_DYJets.root
2026-04-12 12:23:20,026 - INFO - [2022] MISSING_CENTRAL: TTZ2E1Mu/Central/jets/3/px in Skim_TriLep_DYJets10to50.root
2026-04-12 12:23:20,047 - INFO - [2022] MISSING_CENTRAL: TTZ2E1Mu/Central/jets/3/px in Skim_TriLep_TTG_PTG100to200.root
2026-04-12 12:23:20,048 - INFO - [2022] MISSING_CENTRAL: TTZ2E1Mu/Central/jets/3/px in Skim_TriLep_TTG_PTG200toInf.root
2026-04-12 12:23:20,252 - INFO - [2022] MISSING_CENTRAL: TTZ2E1Mu/Central/jets/3/px in Skim_TriLep_VBFHToZZTo4L.root
2026-04-12 12:23:20,271 - INFO - [2022EE] MISSING_CENTRAL: TTZ2E1Mu/Central/jets/3/px in Skim_TriLep_DYJets.root
2026-04-12 12:23:20,272 - INFO - [2022EE] MISSING_CENTRAL: TTZ2E1Mu/Central/jets/3/px in Skim_TriLep_DYJets10to50.root
2026-04-12 12:23:20,460 - INFO - [2022EE] MISSING_CENTRAL: TTZ2E1Mu/Central/jets/3/px in Skim_TriLep_WWW.root
2026-04-12 12:23:20,568 - INFO - [2023] MISSING_CENTRAL: TTZ2E1Mu/Central/jets/3/px in Skim_TriLep_DYJets.root
2026-04-12 12:23:20,569 - INFO - [2023] MISSING_CENTRAL: TTZ2E1Mu/Central/jets/3/px in Skim_TriLep_DYJets10to50.root
2026-04-12 12:23:20,587 - INFO - [2023] MISSING_CENTRAL: TTZ2E1Mu/Central/jets/3/px in Skim_TriLep_TTG_PTG100to200.root
2026-04-12 12:23:20,589 - INFO - [2023] MISSING_CENTRAL: TTZ2E1Mu/Central/jets/3/px in Skim_TriLep_TTG_PTG200toInf.root
2026-04-12 12:23:20,738 - INFO - [2023] MISSING_CENTRAL: TTZ2E1Mu/Central/jets/3/px in Skim_TriLep_WWW.root
2026-04-12 12:23:20,833 - INFO - [2023] MISSING_CENTRAL: TTZ2E1Mu/Central/jets/3/px in Skim_TriLep_ggHToZZTo4L.root
2026-04-12 12:23:20,837 - INFO - [2023BPix] MISSING_CENTRAL: TTZ2E1Mu/Central/jets/3/px in Skim_TriLep_DYJets.root
2026-04-12 12:23:20,838 - INFO - [2023BPix] MISSING_CENTRAL: TTZ2E1Mu/Central/jets/3/px in Skim_TriLep_DYJets10to50.root
2026-04-12 12:23:20,840 - INFO - [2023BPix] MISSING_CENTRAL: TTZ2E1Mu/Central/jets/3/px in Skim_TriLep_TTG_PTG10to100.root
2026-04-12 12:23:20,841 - INFO - [2023BPix] MISSING_CENTRAL: TTZ2E1Mu/Central/jets/3/px in Skim_TriLep_TTG_PTG100to200.root
2026-04-12 12:23:21,000 - INFO - [2023BPix] MISSING_CENTRAL: TTZ2E1Mu/Central/jets/3/px in Skim_TriLep_WWW.root
2026-04-12 12:23:21,073 - INFO - [2023BPix] MISSING_CENTRAL: TTZ2E1Mu/Central/jets/3/px in Skim_TriLep_VBFHToZZTo4L.root
2026-04-12 12:23:21,075 - INFO - [2023BPix] MISSING_CENTRAL: TTZ2E1Mu/Central/jets/3/px in Skim_TriLep_ggHToZZTo4L.root
2026-04-12 12:42:58,707 - INFO - [2023] MISSING_CENTRAL: TTZ2E1Mu/Central/jets/3/px in Skim_TriLep_MuonEG_C_v3.root
2026-04-12 12:42:58,725 - INFO - [2022] MISSING_CENTRAL: TTZ2E1Mu/Central/jets/3/px in Skim_TriLep_DYJets.root
2026-04-12 12:42:58,725 - INFO - [2022] MISSING_CENTRAL: TTZ2E1Mu/Central/jets/3/px in Skim_TriLep_DYJets10to50.root
2026-04-12 12:42:58,746 - INFO - [2022] MISSING_CENTRAL: TTZ2E1Mu/Central/jets/3/px in Skim_TriLep_TTG_PTG100to200.root
2026-04-12 12:42:58,746 - INFO - [2022] MISSING_CENTRAL: TTZ2E1Mu/Central/jets/3/px in Skim_TriLep_TTG_PTG200toInf.root
2026-04-12 12:42:58,958 - INFO - [2022] MISSING_CENTRAL: TTZ2E1Mu/Central/jets/3/px in Skim_TriLep_VBFHToZZTo4L.root
2026-04-12 12:42:58,976 - INFO - [2022EE] MISSING_CENTRAL: TTZ2E1Mu/Central/jets/3/px in Skim_TriLep_DYJets.root
2026-04-12 12:42:58,977 - INFO - [2022EE] MISSING_CENTRAL: TTZ2E1Mu/Central/jets/3/px in Skim_TriLep_DYJets10to50.root
2026-04-12 12:42:59,159 - INFO - [2022EE] MISSING_CENTRAL: TTZ2E1Mu/Central/jets/3/px in Skim_TriLep_WWW.root
2026-04-12 12:42:59,268 - INFO - [2023] MISSING_CENTRAL: TTZ2E1Mu/Central/jets/3/px in Skim_TriLep_DYJets.root
2026-04-12 12:42:59,269 - INFO - [2023] MISSING_CENTRAL: TTZ2E1Mu/Central/jets/3/px in Skim_TriLep_DYJets10to50.root
2026-04-12 12:42:59,286 - INFO - [2023] MISSING_CENTRAL: TTZ2E1Mu/Central/jets/3/px in Skim_TriLep_TTG_PTG100to200.root
2026-04-12 12:42:59,288 - INFO - [2023] MISSING_CENTRAL: TTZ2E1Mu/Central/jets/3/px in Skim_TriLep_TTG_PTG200toInf.root
2026-04-12 12:42:59,425 - INFO - [2023] MISSING_CENTRAL: TTZ2E1Mu/Central/jets/3/px in Skim_TriLep_WWW.root
2026-04-12 12:42:59,511 - INFO - [2023] MISSING_CENTRAL: TTZ2E1Mu/Central/jets/3/px in Skim_TriLep_ggHToZZTo4L.root
2026-04-12 12:42:59,515 - INFO - [2023BPix] MISSING_CENTRAL: TTZ2E1Mu/Central/jets/3/px in Skim_TriLep_DYJets.root
2026-04-12 12:42:59,516 - INFO - [2023BPix] MISSING_CENTRAL: TTZ2E1Mu/Central/jets/3/px in Skim_TriLep_DYJets10to50.root
2026-04-12 12:42:59,517 - INFO - [2023BPix] MISSING_CENTRAL: TTZ2E1Mu/Central/jets/3/px in Skim_TriLep_TTG_PTG10to100.root
2026-04-12 12:42:59,518 - INFO - [2023BPix] MISSING_CENTRAL: TTZ2E1Mu/Central/jets/3/px in Skim_TriLep_TTG_PTG100to200.root
2026-04-12 12:42:59,671 - INFO - [2023BPix] MISSING_CENTRAL: TTZ2E1Mu/Central/jets/3/px in Skim_TriLep_WWW.root
2026-04-12 12:42:59,743 - INFO - [2023BPix] MISSING_CENTRAL: TTZ2E1Mu/Central/jets/3/px in Skim_TriLep_VBFHToZZTo4L.root
2026-04-12 12:42:59,745 - INFO - [2023BPix] MISSING_CENTRAL: TTZ2E1Mu/Central/jets/3/px in Skim_TriLep_ggHToZZTo4L.root
2026-04-12 20:51:10,002 - INFO - [2023] MISSING_CENTRAL: TTZ2E1Mu/Central/jets/3/px in Skim_TriLep_MuonEG_C_v3.root
2026-04-12 20:51:10,020 - INFO - [2022] MISSING_CENTRAL: TTZ2E1Mu/Central/jets/3/px in Skim_TriLep_DYJets.root
2026-04-12 20:51:10,021 - INFO - [2022] MISSING_CENTRAL: TTZ2E1Mu/Central/jets/3/px in Skim_TriLep_DYJets10to50.root
2026-04-12 20:51:10,041 - INFO - [2022] MISSING_CENTRAL: TTZ2E1Mu/Central/jets/3/px in Skim_TriLep_TTG_PTG100to200.root
2026-04-12 20:51:10,042 - INFO - [2022] MISSING_CENTRAL: TTZ2E1Mu/Central/jets/3/px in Skim_TriLep_TTG_PTG200toInf.root
2026-04-12 20:51:10,255 - INFO - [2022] MISSING_CENTRAL: TTZ2E1Mu/Central/jets/3/px in Skim_TriLep_VBFHToZZTo4L.root
2026-04-12 20:51:10,275 - INFO - [2022EE] MISSING_CENTRAL: TTZ2E1Mu/Central/jets/3/px in Skim_TriLep_DYJets.root
2026-04-12 20:51:10,276 - INFO - [2022EE] MISSING_CENTRAL: TTZ2E1Mu/Central/jets/3/px in Skim_TriLep_DYJets10to50.root
2026-04-12 20:51:10,475 - INFO - [2022EE] MISSING_CENTRAL: TTZ2E1Mu/Central/jets/3/px in Skim_TriLep_WWW.root
2026-04-12 20:51:10,591 - INFO - [2023] MISSING_CENTRAL: TTZ2E1Mu/Central/jets/3/px in Skim_TriLep_DYJets.root
2026-04-12 20:51:10,592 - INFO - [2023] MISSING_CENTRAL: TTZ2E1Mu/Central/jets/3/px in Skim_TriLep_DYJets10to50.root
2026-04-12 20:51:10,611 - INFO - [2023] MISSING_CENTRAL: TTZ2E1Mu/Central/jets/3/px in Skim_TriLep_TTG_PTG100to200.root
2026-04-12 20:51:10,612 - INFO - [2023] MISSING_CENTRAL: TTZ2E1Mu/Central/jets/3/px in Skim_TriLep_TTG_PTG200toInf.root
2026-04-12 20:51:10,764 - INFO - [2023] MISSING_CENTRAL: TTZ2E1Mu/Central/jets/3/px in Skim_TriLep_WWW.root
2026-04-12 20:51:10,859 - INFO - [2023] MISSING_CENTRAL: TTZ2E1Mu/Central/jets/3/px in Skim_TriLep_ggHToZZTo4L.root
2026-04-12 20:51:10,862 - INFO - [2023BPix] MISSING_CENTRAL: TTZ2E1Mu/Central/jets/3/px in Skim_TriLep_DYJets.root
2026-04-12 20:51:10,863 - INFO - [2023BPix] MISSING_CENTRAL: TTZ2E1Mu/Central/jets/3/px in Skim_TriLep_DYJets10to50.root
2026-04-12 20:51:10,864 - INFO - [2023BPix] MISSING_CENTRAL: TTZ2E1Mu/Central/jets/3/px in Skim_TriLep_TTG_PTG10to100.root
2026-04-12 20:51:10,864 - INFO - [2023BPix] MISSING_CENTRAL: TTZ2E1Mu/Central/jets/3/px in Skim_TriLep_TTG_PTG100to200.root
2026-04-12 20:51:11,027 - INFO - [2023BPix] MISSING_CENTRAL: TTZ2E1Mu/Central/jets/3/px in Skim_TriLep_WWW.root
2026-04-12 20:51:11,099 - INFO - [2023BPix] MISSING_CENTRAL: TTZ2E1Mu/Central/jets/3/px in Skim_TriLep_VBFHToZZTo4L.root
2026-04-12 20:51:11,100 - INFO - [2023BPix] MISSING_CENTRAL: TTZ2E1Mu/Central/jets/3/px in Skim_TriLep_ggHToZZTo4L.root
2026-04-12 21:22:44,084 - INFO - [2023] MISSING_CENTRAL: TTZ2E1Mu/Central/jets/3/px in Skim_TriLep_MuonEG_C_v3.root
2026-04-12 21:22:44,101 - INFO - [2022] MISSING_CENTRAL: TTZ2E1Mu/Central/jets/3/px in Skim_TriLep_DYJets.root
2026-04-12 21:22:44,102 - INFO - [2022] MISSING_CENTRAL: TTZ2E1Mu/Central/jets/3/px in Skim_TriLep_DYJets10to50.root
2026-04-12 21:22:44,122 - INFO - [2022] MISSING_CENTRAL: TTZ2E1Mu/Central/jets/3/px in Skim_TriLep_TTG_PTG100to200.root
2026-04-12 21:22:44,123 - INFO - [2022] MISSING_CENTRAL: TTZ2E1Mu/Central/jets/3/px in Skim_TriLep_TTG_PTG200toInf.root
2026-04-12 21:22:44,331 - INFO - [2022] MISSING_CENTRAL: TTZ2E1Mu/Central/jets/3/px in Skim_TriLep_VBFHToZZTo4L.root
2026-04-12 21:22:44,350 - INFO - [2022EE] MISSING_CENTRAL: TTZ2E1Mu/Central/jets/3/px in Skim_TriLep_DYJets.root
2026-04-12 21:22:44,351 - INFO - [2022EE] MISSING_CENTRAL: TTZ2E1Mu/Central/jets/3/px in Skim_TriLep_DYJets10to50.root
2026-04-12 21:22:44,539 - INFO - [2022EE] MISSING_CENTRAL: TTZ2E1Mu/Central/jets/3/px in Skim_TriLep_WWW.root
2026-04-12 21:22:44,649 - INFO - [2023] MISSING_CENTRAL: TTZ2E1Mu/Central/jets/3/px in Skim_TriLep_DYJets.root
2026-04-12 21:22:44,650 - INFO - [2023] MISSING_CENTRAL: TTZ2E1Mu/Central/jets/3/px in Skim_TriLep_DYJets10to50.root
2026-04-12 21:22:44,669 - INFO - [2023] MISSING_CENTRAL: TTZ2E1Mu/Central/jets/3/px in Skim_TriLep_TTG_PTG100to200.root
2026-04-12 21:22:44,670 - INFO - [2023] MISSING_CENTRAL: TTZ2E1Mu/Central/jets/3/px in Skim_TriLep_TTG_PTG200toInf.root
2026-04-12 21:22:44,814 - INFO - [2023] MISSING_CENTRAL: TTZ2E1Mu/Central/jets/3/px in Skim_TriLep_WWW.root
2026-04-12 21:22:44,906 - INFO - [2023] MISSING_CENTRAL: TTZ2E1Mu/Central/jets/3/px in Skim_TriLep_ggHToZZTo4L.root
2026-04-12 21:22:44,909 - INFO - [2023BPix] MISSING_CENTRAL: TTZ2E1Mu/Central/jets/3/px in Skim_TriLep_DYJets.root
2026-04-12 21:22:44,910 - INFO - [2023BPix] MISSING_CENTRAL: TTZ2E1Mu/Central/jets/3/px in Skim_TriLep_DYJets10to50.root
2026-04-12 21:22:44,911 - INFO - [2023BPix] MISSING_CENTRAL: TTZ2E1Mu/Central/jets/3/px in Skim_TriLep_TTG_PTG10to100.root
2026-04-12 21:22:44,912 - INFO - [2023BPix] MISSING_CENTRAL: TTZ2E1Mu/Central/jets/3/px in Skim_TriLep_TTG_PTG100to200.root
2026-04-12 21:22:45,070 - INFO - [2023BPix] MISSING_CENTRAL: TTZ2E1Mu/Central/jets/3/px in Skim_TriLep_WWW.root
2026-04-12 21:22:45,143 - INFO - [2023BPix] MISSING_CENTRAL: TTZ2E1Mu/Central/jets/3/px in Skim_TriLep_VBFHToZZTo4L.root
2026-04-12 21:22:45,145 - INFO - [2023BPix] MISSING_CENTRAL: TTZ2E1Mu/Central/jets/3/px in Skim_TriLep_ggHToZZTo4L.root
2026-04-13 13:00:34,065 - INFO - [2023] MISSING_CENTRAL: TTZ2E1Mu/Central/jets/3/px in Skim_TriLep_MuonEG_C_v3.root
2026-04-13 13:00:34,082 - INFO - [2022] MISSING_CENTRAL: TTZ2E1Mu/Central/jets/3/px in Skim_TriLep_DYJets.root
2026-04-13 13:00:34,082 - INFO - [2022] MISSING_CENTRAL: TTZ2E1Mu/Central/jets/3/px in Skim_TriLep_DYJets10to50.root
2026-04-13 13:00:34,107 - INFO - [2022] MISSING_CENTRAL: TTZ2E1Mu/Central/jets/3/px in Skim_TriLep_TTG_PTG100to200.root
2026-04-13 13:00:34,108 - INFO - [2022] MISSING_CENTRAL: TTZ2E1Mu/Central/jets/3/px in Skim_TriLep_TTG_PTG200toInf.root
2026-04-13 13:00:34,384 - INFO - [2022] MISSING_CENTRAL: TTZ2E1Mu/Central/jets/3/px in Skim_TriLep_VBFHToZZTo4L.root
2026-04-13 13:00:34,408 - INFO - [2022EE] MISSING_CENTRAL: TTZ2E1Mu/Central/jets/3/px in Skim_TriLep_DYJets.root
2026-04-13 13:00:34,408 - INFO - [2022EE] MISSING_CENTRAL: TTZ2E1Mu/Central/jets/3/px in Skim_TriLep_DYJets10to50.root
2026-04-13 13:00:34,647 - INFO - [2022EE] MISSING_CENTRAL: TTZ2E1Mu/Central/jets/3/px in Skim_TriLep_WWW.root
2026-04-13 13:00:34,782 - INFO - [2023] MISSING_CENTRAL: TTZ2E1Mu/Central/jets/3/px in Skim_TriLep_DYJets.root
2026-04-13 13:00:34,783 - INFO - [2023] MISSING_CENTRAL: TTZ2E1Mu/Central/jets/3/px in Skim_TriLep_DYJets10to50.root
2026-04-13 13:00:34,805 - INFO - [2023] MISSING_CENTRAL: TTZ2E1Mu/Central/jets/3/px in Skim_TriLep_TTG_PTG100to200.root
2026-04-13 13:00:34,806 - INFO - [2023] MISSING_CENTRAL: TTZ2E1Mu/Central/jets/3/px in Skim_TriLep_TTG_PTG200toInf.root
2026-04-13 13:00:34,982 - INFO - [2023] MISSING_CENTRAL: TTZ2E1Mu/Central/jets/3/px in Skim_TriLep_WWW.root
2026-04-13 13:00:35,094 - INFO - [2023] MISSING_CENTRAL: TTZ2E1Mu/Central/jets/3/px in Skim_TriLep_ggHToZZTo4L.root
2026-04-13 13:00:35,097 - INFO - [2023BPix] MISSING_CENTRAL: TTZ2E1Mu/Central/jets/3/px in Skim_TriLep_DYJets.root
2026-04-13 13:00:35,098 - INFO - [2023BPix] MISSING_CENTRAL: TTZ2E1Mu/Central/jets/3/px in Skim_TriLep_DYJets10to50.root
2026-04-13 13:00:35,098 - INFO - [2023BPix] MISSING_CENTRAL: TTZ2E1Mu/Central/jets/3/px in Skim_TriLep_TTG_PTG10to100.root
2026-04-13 13:00:35,099 - INFO - [2023BPix] MISSING_CENTRAL: TTZ2E1Mu/Central/jets/3/px in Skim_TriLep_TTG_PTG100to200.root
2026-04-13 13:00:35,298 - INFO - [2023BPix] MISSING_CENTRAL: TTZ2E1Mu/Central/jets/3/px in Skim_TriLep_WWW.root
2026-04-13 13:00:35,389 - INFO - [2023BPix] MISSING_CENTRAL: TTZ2E1Mu/Central/jets/3/px in Skim_TriLep_VBFHToZZTo4L.root
2026-04-13 13:00:35,390 - INFO - [2023BPix] MISSING_CENTRAL: TTZ2E1Mu/Central/jets/3/px in Skim_TriLep_ggHToZZTo4L.root
2026-04-16 17:43:05,536 - INFO - [2023] MISSING_CENTRAL: TTZ2E1Mu/Central/jets/3/px in Skim_TriLep_MuonEG_C_v3.root
2026-04-16 17:43:05,551 - INFO - [2022] MISSING_CENTRAL: TTZ2E1Mu/Central/jets/3/px in Skim_TriLep_DYJets.root
2026-04-16 17:43:05,552 - INFO - [2022] MISSING_CENTRAL: TTZ2E1Mu/Central/jets/3/px in Skim_TriLep_DYJets10to50.root
2026-04-16 17:43:05,575 - INFO - [2022] MISSING_CENTRAL: TTZ2E1Mu/Central/jets/3/px in Skim_TriLep_TTG_PTG100to200.root
2026-04-16 17:43:05,576 - INFO - [2022] MISSING_CENTRAL: TTZ2E1Mu/Central/jets/3/px in Skim_TriLep_TTG_PTG200toInf.root
2026-04-16 17:43:05,838 - INFO - [2022] MISSING_CENTRAL: TTZ2E1Mu/Central/jets/3/px in Skim_TriLep_VBFHToZZTo4L.root
2026-04-16 17:43:05,861 - INFO - [2022EE] MISSING_CENTRAL: TTZ2E1Mu/Central/jets/3/px in Skim_TriLep_DYJets.root
2026-04-16 17:43:05,862 - INFO - [2022EE] MISSING_CENTRAL: TTZ2E1Mu/Central/jets/3/px in Skim_TriLep_DYJets10to50.root
2026-04-16 17:43:06,092 - INFO - [2022EE] MISSING_CENTRAL: TTZ2E1Mu/Central/jets/3/px in Skim_TriLep_WWW.root
2026-04-16 17:43:06,226 - INFO - [2023] MISSING_CENTRAL: TTZ2E1Mu/Central/jets/3/px in Skim_TriLep_DYJets.root
2026-04-16 17:43:06,227 - INFO - [2023] MISSING_CENTRAL: TTZ2E1Mu/Central/jets/3/px in Skim_TriLep_DYJets10to50.root
2026-04-16 17:43:06,248 - INFO - [2023] MISSING_CENTRAL: TTZ2E1Mu/Central/jets/3/px in Skim_TriLep_TTG_PTG100to200.root
2026-04-16 17:43:06,249 - INFO - [2023] MISSING_CENTRAL: TTZ2E1Mu/Central/jets/3/px in Skim_TriLep_TTG_PTG200toInf.root
2026-04-16 17:43:06,419 - INFO - [2023] MISSING_CENTRAL: TTZ2E1Mu/Central/jets/3/px in Skim_TriLep_WWW.root
2026-04-16 17:43:06,527 - INFO - [2023] MISSING_CENTRAL: TTZ2E1Mu/Central/jets/3/px in Skim_TriLep_ggHToZZTo4L.root
2026-04-16 17:43:06,530 - INFO - [2023BPix] MISSING_CENTRAL: TTZ2E1Mu/Central/jets/3/px in Skim_TriLep_DYJets.root
2026-04-16 17:43:06,531 - INFO - [2023BPix] MISSING_CENTRAL: TTZ2E1Mu/Central/jets/3/px in Skim_TriLep_DYJets10to50.root
2026-04-16 17:43:06,531 - INFO - [2023BPix] MISSING_CENTRAL: TTZ2E1Mu/Central/jets/3/px in Skim_TriLep_TTG_PTG10to100.root
2026-04-16 17:43:06,532 - INFO - [2023BPix] MISSING_CENTRAL: TTZ2E1Mu/Central/jets/3/px in Skim_TriLep_TTG_PTG100to200.root
2026-04-16 17:43:06,727 - INFO - [2023BPix] MISSING_CENTRAL: TTZ2E1Mu/Central/jets/3/px in Skim_TriLep_WWW.root
2026-04-16 17:43:06,815 - INFO - [2023BPix] MISSING_CENTRAL: TTZ2E1Mu/Central/jets/3/px in Skim_TriLep_VBFHToZZTo4L.root
2026-04-16 17:43:06,817 - INFO - [2023BPix] MISSING_CENTRAL: TTZ2E1Mu/Central/jets/3/px in Skim_TriLep_ggHToZZTo4L.root
2026-04-28 15:21:52,667 - INFO - [2023] MISSING_CENTRAL: TTZ2E1Mu/Central/jets/3/px in Skim_TriLep_MuonEG_C_v3.root
2026-04-28 15:21:52,680 - INFO - [2022] MISSING_CENTRAL: TTZ2E1Mu/Central/jets/3/px in Skim_TriLep_DYJets.root
2026-04-28 15:21:52,681 - INFO - [2022] MISSING_CENTRAL: TTZ2E1Mu/Central/jets/3/px in Skim_TriLep_DYJets10to50.root
2026-04-28 15:21:52,703 - INFO - [2022] MISSING_CENTRAL: TTZ2E1Mu/Central/jets/3/px in Skim_TriLep_TTG_PTG100to200.root
2026-04-28 15:21:52,704 - INFO - [2022] MISSING_CENTRAL: TTZ2E1Mu/Central/jets/3/px in Skim_TriLep_TTG_PTG200toInf.root
2026-04-28 15:21:52,960 - INFO - [2022] MISSING_CENTRAL: TTZ2E1Mu/Central/jets/3/px in Skim_TriLep_VBFHToZZTo4L.root
2026-04-28 15:21:52,984 - INFO - [2022EE] MISSING_CENTRAL: TTZ2E1Mu/Central/jets/3/px in Skim_TriLep_DYJets.root
2026-04-28 15:21:52,984 - INFO - [2022EE] MISSING_CENTRAL: TTZ2E1Mu/Central/jets/3/px in Skim_TriLep_DYJets10to50.root
2026-04-28 15:21:53,210 - INFO - [2022EE] MISSING_CENTRAL: TTZ2E1Mu/Central/jets/3/px in Skim_TriLep_WWW.root
2026-04-28 15:21:53,339 - INFO - [2023] MISSING_CENTRAL: TTZ2E1Mu/Central/jets/3/px in Skim_TriLep_DYJets.root
2026-04-28 15:21:53,340 - INFO - [2023] MISSING_CENTRAL: TTZ2E1Mu/Central/jets/3/px in Skim_TriLep_DYJets10to50.root
2026-04-28 15:21:53,361 - INFO - [2023] MISSING_CENTRAL: TTZ2E1Mu/Central/jets/3/px in Skim_TriLep_TTG_PTG100to200.root
2026-04-28 15:21:53,361 - INFO - [2023] MISSING_CENTRAL: TTZ2E1Mu/Central/jets/3/px in Skim_TriLep_TTG_PTG200toInf.root
2026-04-28 15:21:53,524 - INFO - [2023] MISSING_CENTRAL: TTZ2E1Mu/Central/jets/3/px in Skim_TriLep_WWW.root
2026-04-28 15:21:53,626 - INFO - [2023] MISSING_CENTRAL: TTZ2E1Mu/Central/jets/3/px in Skim_TriLep_ggHToZZTo4L.root
2026-04-28 15:21:53,629 - INFO - [2023BPix] MISSING_CENTRAL: TTZ2E1Mu/Central/jets/3/px in Skim_TriLep_DYJets.root
2026-04-28 15:21:53,630 - INFO - [2023BPix] MISSING_CENTRAL: TTZ2E1Mu/Central/jets/3/px in Skim_TriLep_DYJets10to50.root
2026-04-28 15:21:53,630 - INFO - [2023BPix] MISSING_CENTRAL: TTZ2E1Mu/Central/jets/3/px in Skim_TriLep_TTG_PTG10to100.root
2026-04-28 15:21:53,631 - INFO - [2023BPix] MISSING_CENTRAL: TTZ2E1Mu/Central/jets/3/px in Skim_TriLep_TTG_PTG100to200.root
2026-04-28 15:21:53,833 - INFO - [2023BPix] MISSING_CENTRAL: TTZ2E1Mu/Central/jets/3/px in Skim_TriLep_WWW.root
2026-04-28 15:21:53,919 - INFO - [2023BPix] MISSING_CENTRAL: TTZ2E1Mu/Central/jets/3/px in Skim_TriLep_VBFHToZZTo4L.root
2026-04-28 15:21:53,920 - INFO - [2023BPix] MISSING_CENTRAL: TTZ2E1Mu/Central/jets/3/px in Skim_TriLep_ggHToZZTo4L.root
2026-04-28 20:34:55,657 - INFO - [2023] MISSING_CENTRAL: TTZ2E1Mu/Central/jets/3/px in Skim_TriLep_MuonEG_C_v3.root
2026-04-28 20:34:55,672 - INFO - [2022] MISSING_CENTRAL: TTZ2E1Mu/Central/jets/3/px in Skim_TriLep_DYJets.root
2026-04-28 20:34:55,672 - INFO - [2022] MISSING_CENTRAL: TTZ2E1Mu/Central/jets/3/px in Skim_TriLep_DYJets10to50.root
2026-04-28 20:34:55,695 - INFO - [2022] MISSING_CENTRAL: TTZ2E1Mu/Central/jets/3/px in Skim_TriLep_TTG_PTG100to200.root
2026-04-28 20:34:55,696 - INFO - [2022] MISSING_CENTRAL: TTZ2E1Mu/Central/jets/3/px in Skim_TriLep_TTG_PTG200toInf.root
2026-04-28 20:34:55,965 - INFO - [2022] MISSING_CENTRAL: TTZ2E1Mu/Central/jets/3/px in Skim_TriLep_VBFHToZZTo4L.root
2026-04-28 20:34:55,989 - INFO - [2022EE] MISSING_CENTRAL: TTZ2E1Mu/Central/jets/3/px in Skim_TriLep_DYJets.root
2026-04-28 20:34:55,990 - INFO - [2022EE] MISSING_CENTRAL: TTZ2E1Mu/Central/jets/3/px in Skim_TriLep_DYJets10to50.root
2026-04-28 20:34:56,240 - INFO - [2022EE] MISSING_CENTRAL: TTZ2E1Mu/Central/jets/3/px in Skim_TriLep_WWW.root
2026-04-28 20:34:56,375 - INFO - [2023] MISSING_CENTRAL: TTZ2E1Mu/Central/jets/3/px in Skim_TriLep_DYJets.root
2026-04-28 20:34:56,376 - INFO - [2023] MISSING_CENTRAL: TTZ2E1Mu/Central/jets/3/px in Skim_TriLep_DYJets10to50.root
2026-04-28 20:34:56,398 - INFO - [2023] MISSING_CENTRAL: TTZ2E1Mu/Central/jets/3/px in Skim_TriLep_TTG_PTG100to200.root
2026-04-28 20:34:56,399 - INFO - [2023] MISSING_CENTRAL: TTZ2E1Mu/Central/jets/3/px in Skim_TriLep_TTG_PTG200toInf.root
2026-04-28 20:34:56,580 - INFO - [2023] MISSING_CENTRAL: TTZ2E1Mu/Central/jets/3/px in Skim_TriLep_WWW.root
2026-04-28 20:34:56,693 - INFO - [2023] MISSING_CENTRAL: TTZ2E1Mu/Central/jets/3/px in Skim_TriLep_ggHToZZTo4L.root
2026-04-28 20:34:56,696 - INFO - [2023BPix] MISSING_CENTRAL: TTZ2E1Mu/Central/jets/3/px in Skim_TriLep_DYJets.root
2026-04-28 20:34:56,697 - INFO - [2023BPix] MISSING_CENTRAL: TTZ2E1Mu/Central/jets/3/px in Skim_TriLep_DYJets10to50.root
2026-04-28 20:34:56,698 - INFO - [2023BPix] MISSING_CENTRAL: TTZ2E1Mu/Central/jets/3/px in Skim_TriLep_TTG_PTG10to100.root
2026-04-28 20:34:56,698 - INFO - [2023BPix] MISSING_CENTRAL: TTZ2E1Mu/Central/jets/3/px in Skim_TriLep_TTG_PTG100to200.root
2026-04-28 20:34:56,896 - INFO - [2023BPix] MISSING_CENTRAL: TTZ2E1Mu/Central/jets/3/px in Skim_TriLep_WWW.root
2026-04-28 20:34:56,985 - INFO - [2023BPix] MISSING_CENTRAL: TTZ2E1Mu/Central/jets/3/px in Skim_TriLep_VBFHToZZTo4L.root
2026-04-28 20:34:56,986 - INFO - [2023BPix] MISSING_CENTRAL: TTZ2E1Mu/Central/jets/3/px in Skim_TriLep_ggHToZZTo4L.root
2026-05-04 15:41:36,999 - INFO - [2023] MISSING_CENTRAL: TTZ2E1Mu/Central/jets/3/px in Skim_TriLep_MuonEG_C_v3.root
2026-05-04 15:41:37,013 - INFO - [2022] MISSING_CENTRAL: TTZ2E1Mu/Central/jets/3/px in Skim_TriLep_DYJets.root
2026-05-04 15:41:37,014 - INFO - [2022] MISSING_CENTRAL: TTZ2E1Mu/Central/jets/3/px in Skim_TriLep_DYJets10to50.root
2026-05-04 15:41:37,036 - INFO - [2022] MISSING_CENTRAL: TTZ2E1Mu/Central/jets/3/px in Skim_TriLep_TTG_PTG100to200.root
2026-05-04 15:41:37,037 - INFO - [2022] MISSING_CENTRAL: TTZ2E1Mu/Central/jets/3/px in Skim_TriLep_TTG_PTG200toInf.root
2026-05-04 15:41:37,300 - INFO - [2022] MISSING_CENTRAL: TTZ2E1Mu/Central/jets/3/px in Skim_TriLep_VBFHToZZTo4L.root
2026-05-04 15:41:37,323 - INFO - [2022EE] MISSING_CENTRAL: TTZ2E1Mu/Central/jets/3/px in Skim_TriLep_DYJets.root
2026-05-04 15:41:37,324 - INFO - [2022EE] MISSING_CENTRAL: TTZ2E1Mu/Central/jets/3/px in Skim_TriLep_DYJets10to50.root
2026-05-04 15:41:37,566 - INFO - [2022EE] MISSING_CENTRAL: TTZ2E1Mu/Central/jets/3/px in Skim_TriLep_WWW.root
2026-05-04 15:41:37,705 - INFO - [2023] MISSING_CENTRAL: TTZ2E1Mu/Central/jets/3/px in Skim_TriLep_DYJets.root
2026-05-04 15:41:37,706 - INFO - [2023] MISSING_CENTRAL: TTZ2E1Mu/Central/jets/3/px in Skim_TriLep_DYJets10to50.root
2026-05-04 15:41:37,728 - INFO - [2023] MISSING_CENTRAL: TTZ2E1Mu/Central/jets/3/px in Skim_TriLep_TTG_PTG100to200.root
2026-05-04 15:41:37,729 - INFO - [2023] MISSING_CENTRAL: TTZ2E1Mu/Central/jets/3/px in Skim_TriLep_TTG_PTG200toInf.root
2026-05-04 15:41:37,903 - INFO - [2023] MISSING_CENTRAL: TTZ2E1Mu/Central/jets/3/px in Skim_TriLep_WWW.root
2026-05-04 15:41:38,015 - INFO - [2023] MISSING_CENTRAL: TTZ2E1Mu/Central/jets/3/px in Skim_TriLep_ggHToZZTo4L.root
2026-05-04 15:41:38,018 - INFO - [2023BPix] MISSING_CENTRAL: TTZ2E1Mu/Central/jets/3/px in Skim_TriLep_DYJets.root
2026-05-04 15:41:38,018 - INFO - [2023BPix] MISSING_CENTRAL: TTZ2E1Mu/Central/jets/3/px in Skim_TriLep_DYJets10to50.root
2026-05-04 15:41:38,019 - INFO - [2023BPix] MISSING_CENTRAL: TTZ2E1Mu/Central/jets/3/px in Skim_TriLep_TTG_PTG10to100.root
2026-05-04 15:41:38,020 - INFO - [2023BPix] MISSING_CENTRAL: TTZ2E1Mu/Central/jets/3/px in Skim_TriLep_TTG_PTG100to200.root
2026-05-04 15:41:38,220 - INFO - [2023BPix] MISSING_CENTRAL: TTZ2E1Mu/Central/jets/3/px in Skim_TriLep_WWW.root
2026-05-04 15:41:38,322 - INFO - [2023BPix] MISSING_CENTRAL: TTZ2E1Mu/Central/jets/3/px in Skim_TriLep_VBFHToZZTo4L.root
2026-05-04 15:41:38,324 - INFO - [2023BPix] MISSING_CENTRAL: TTZ2E1Mu/Central/jets/3/px in Skim_TriLep_ggHToZZTo4L.root
2026-05-04 16:05:36,141 - INFO - [2023] MISSING_CENTRAL: TTZ2E1Mu/Central/jets/3/px in Skim_TriLep_MuonEG_C_v3.root
2026-05-04 16:05:36,171 - INFO - [2022] MISSING_CENTRAL: TTZ2E1Mu/Central/jets/3/px in Skim_TriLep_DYJets.root
2026-05-04 16:05:36,171 - INFO - [2022] MISSING_CENTRAL: TTZ2E1Mu/Central/jets/3/px in Skim_TriLep_DYJets10to50.root
2026-05-04 16:05:36,201 - INFO - [2022] MISSING_CENTRAL: TTZ2E1Mu/Central/jets/3/px in Skim_TriLep_TTG_PTG100to200.root
2026-05-04 16:05:36,201 - INFO - [2022] MISSING_CENTRAL: TTZ2E1Mu/Central/jets/3/px in Skim_TriLep_TTG_PTG200toInf.root
2026-05-04 16:05:36,463 - INFO - [2022] MISSING_CENTRAL: TTZ2E1Mu/Central/jets/3/px in Skim_TriLep_VBFHToZZTo4L.root
2026-05-04 16:05:36,486 - INFO - [2022EE] MISSING_CENTRAL: TTZ2E1Mu/Central/jets/3/px in Skim_TriLep_DYJets.root
2026-05-04 16:05:36,487 - INFO - [2022EE] MISSING_CENTRAL: TTZ2E1Mu/Central/jets/3/px in Skim_TriLep_DYJets10to50.root
2026-05-04 16:05:36,750 - INFO - [2022EE] MISSING_CENTRAL: TTZ2E1Mu/Central/jets/3/px in Skim_TriLep_WWW.root
2026-05-04 16:05:36,884 - INFO - [2023] MISSING_CENTRAL: TTZ2E1Mu/Central/jets/3/px in Skim_TriLep_DYJets.root
2026-05-04 16:05:36,884 - INFO - [2023] MISSING_CENTRAL: TTZ2E1Mu/Central/jets/3/px in Skim_TriLep_DYJets10to50.root
2026-05-04 16:05:36,905 - INFO - [2023] MISSING_CENTRAL: TTZ2E1Mu/Central/jets/3/px in Skim_TriLep_TTG_PTG100to200.root
2026-05-04 16:05:36,906 - INFO - [2023] MISSING_CENTRAL: TTZ2E1Mu/Central/jets/3/px in Skim_TriLep_TTG_PTG200toInf.root
2026-05-04 16:05:37,071 - INFO - [2023] MISSING_CENTRAL: TTZ2E1Mu/Central/jets/3/px in Skim_TriLep_WWW.root
2026-05-04 16:05:37,177 - INFO - [2023] MISSING_CENTRAL: TTZ2E1Mu/Central/jets/3/px in Skim_TriLep_ggHToZZTo4L.root
2026-05-04 16:05:37,181 - INFO - [2023BPix] MISSING_CENTRAL: TTZ2E1Mu/Central/jets/3/px in Skim_TriLep_DYJets.root
2026-05-04 16:05:37,182 - INFO - [2023BPix] MISSING_CENTRAL: TTZ2E1Mu/Central/jets/3/px in Skim_TriLep_DYJets10to50.root
2026-05-04 16:05:37,183 - INFO - [2023BPix] MISSING_CENTRAL: TTZ2E1Mu/Central/jets/3/px in Skim_TriLep_TTG_PTG10to100.root
2026-05-04 16:05:37,184 - INFO - [2023BPix] MISSING_CENTRAL: TTZ2E1Mu/Central/jets/3/px in Skim_TriLep_TTG_PTG100to200.root
2026-05-04 16:05:37,376 - INFO - [2023BPix] MISSING_CENTRAL: TTZ2E1Mu/Central/jets/3/px in Skim_TriLep_WWW.root
2026-05-04 16:05:37,463 - INFO - [2023BPix] MISSING_CENTRAL: TTZ2E1Mu/Central/jets/3/px in Skim_TriLep_VBFHToZZTo4L.root
2026-05-04 16:05:37,464 - INFO - [2023BPix] MISSING_CENTRAL: TTZ2E1Mu/Central/jets/3/px in Skim_TriLep_ggHToZZTo4L.root
2026-05-04 17:12:30,125 - INFO - [2023] MISSING_CENTRAL: TTZ2E1Mu/Central/jets/3/px in Skim_TriLep_MuonEG_C_v3.root
2026-05-04 17:12:30,140 - INFO - [2022] MISSING_CENTRAL: TTZ2E1Mu/Central/jets/3/px in Skim_TriLep_DYJets.root
2026-05-04 17:12:30,140 - INFO - [2022] MISSING_CENTRAL: TTZ2E1Mu/Central/jets/3/px in Skim_TriLep_DYJets10to50.root
2026-05-04 17:12:30,162 - INFO - [2022] MISSING_CENTRAL: TTZ2E1Mu/Central/jets/3/px in Skim_TriLep_TTG_PTG100to200.root
2026-05-04 17:12:30,163 - INFO - [2022] MISSING_CENTRAL: TTZ2E1Mu/Central/jets/3/px in Skim_TriLep_TTG_PTG200toInf.root
2026-05-04 17:12:30,424 - INFO - [2022] MISSING_CENTRAL: TTZ2E1Mu/Central/jets/3/px in Skim_TriLep_VBFHToZZTo4L.root
2026-05-04 17:12:30,446 - INFO - [2022EE] MISSING_CENTRAL: TTZ2E1Mu/Central/jets/3/px in Skim_TriLep_DYJets.root
2026-05-04 17:12:30,446 - INFO - [2022EE] MISSING_CENTRAL: TTZ2E1Mu/Central/jets/3/px in Skim_TriLep_DYJets10to50.root
2026-05-04 17:12:30,674 - INFO - [2022EE] MISSING_CENTRAL: TTZ2E1Mu/Central/jets/3/px in Skim_TriLep_WWW.root
2026-05-04 17:12:30,801 - INFO - [2023] MISSING_CENTRAL: TTZ2E1Mu/Central/jets/3/px in Skim_TriLep_DYJets.root
2026-05-04 17:12:30,802 - INFO - [2023] MISSING_CENTRAL: TTZ2E1Mu/Central/jets/3/px in Skim_TriLep_DYJets10to50.root
2026-05-04 17:12:30,821 - INFO - [2023] MISSING_CENTRAL: TTZ2E1Mu/Central/jets/3/px in Skim_TriLep_TTG_PTG100to200.root
2026-05-04 17:12:30,823 - INFO - [2023] MISSING_CENTRAL: TTZ2E1Mu/Central/jets/3/px in Skim_TriLep_TTG_PTG200toInf.root
2026-05-04 17:12:30,989 - INFO - [2023] MISSING_CENTRAL: TTZ2E1Mu/Central/jets/3/px in Skim_TriLep_WWW.root
2026-05-04 17:12:31,096 - INFO - [2023] MISSING_CENTRAL: TTZ2E1Mu/Central/jets/3/px in Skim_TriLep_ggHToZZTo4L.root
2026-05-04 17:12:31,099 - INFO - [2023BPix] MISSING_CENTRAL: TTZ2E1Mu/Central/jets/3/px in Skim_TriLep_DYJets.root
2026-05-04 17:12:31,100 - INFO - [2023BPix] MISSING_CENTRAL: TTZ2E1Mu/Central/jets/3/px in Skim_TriLep_DYJets10to50.root
2026-05-04 17:12:31,101 - INFO - [2023BPix] MISSING_CENTRAL: TTZ2E1Mu/Central/jets/3/px in Skim_TriLep_TTG_PTG10to100.root
2026-05-04 17:12:31,102 - INFO - [2023BPix] MISSING_CENTRAL: TTZ2E1Mu/Central/jets/3/px in Skim_TriLep_TTG_PTG100to200.root
2026-05-04 17:12:31,430 - INFO - [2023BPix] MISSING_CENTRAL: TTZ2E1Mu/Central/jets/3/px in Skim_TriLep_WWW.root
2026-05-04 17:12:31,517 - INFO - [2023BPix] MISSING_CENTRAL: TTZ2E1Mu/Central/jets/3/px in Skim_TriLep_VBFHToZZTo4L.root
2026-05-04 17:12:31,519 - INFO - [2023BPix] MISSING_CENTRAL: TTZ2E1Mu/Central/jets/3/px in Skim_TriLep_ggHToZZTo4L.root
2026-05-28 15:49:07,681 - INFO - [2023] MISSING_CENTRAL: TTZ2E1Mu/Central/jets/3/px in Skim_TriLep_MuonEG_C_v3.root
2026-05-28 15:49:07,711 - INFO - [2022] MISSING_CENTRAL: TTZ2E1Mu/Central/jets/3/px in Skim_TriLep_DYJets.root
2026-05-28 15:49:07,712 - INFO - [2022] MISSING_CENTRAL: TTZ2E1Mu/Central/jets/3/px in Skim_TriLep_DYJets10to50.root
2026-05-28 15:49:07,777 - INFO - [2022] MISSING_CENTRAL: TTZ2E1Mu/Central/jets/3/px in Skim_TriLep_TTG_PTG100to200.root
2026-05-28 15:49:07,785 - INFO - [2022] MISSING_CENTRAL: TTZ2E1Mu/Central/jets/3/px in Skim_TriLep_TTG_PTG200toInf.root
2026-05-28 15:49:08,238 - INFO - [2022] MISSING_CENTRAL: TTZ2E1Mu/Central/jets/3/px in Skim_TriLep_VBFHToZZTo4L.root
2026-05-28 15:49:08,278 - INFO - [2022EE] MISSING_CENTRAL: TTZ2E1Mu/Central/jets/3/px in Skim_TriLep_DYJets.root
2026-05-28 15:49:08,280 - INFO - [2022EE] MISSING_CENTRAL: TTZ2E1Mu/Central/jets/3/px in Skim_TriLep_DYJets10to50.root
2026-05-28 15:49:08,623 - INFO - [2022EE] MISSING_CENTRAL: TTZ2E1Mu/Central/jets/3/px in Skim_TriLep_WWW.root
2026-05-28 15:49:08,778 - INFO - [2023] MISSING_CENTRAL: TTZ2E1Mu/Central/jets/3/px in Skim_TriLep_DYJets.root
2026-05-28 15:49:08,779 - INFO - [2023] MISSING_CENTRAL: TTZ2E1Mu/Central/jets/3/px in Skim_TriLep_DYJets10to50.root
2026-05-28 15:49:08,813 - INFO - [2023] MISSING_CENTRAL: TTZ2E1Mu/Central/jets/3/px in Skim_TriLep_TTG_PTG100to200.root
2026-05-28 15:49:08,817 - INFO - [2023] MISSING_CENTRAL: TTZ2E1Mu/Central/jets/3/px in Skim_TriLep_TTG_PTG200toInf.root
2026-05-28 15:49:09,109 - INFO - [2023] MISSING_CENTRAL: TTZ2E1Mu/Central/jets/3/px in Skim_TriLep_WWW.root
2026-05-28 15:49:09,294 - INFO - [2023] MISSING_CENTRAL: TTZ2E1Mu/Central/jets/3/px in Skim_TriLep_ggHToZZTo4L.root
2026-05-28 15:49:09,301 - INFO - [2023BPix] MISSING_CENTRAL: TTZ2E1Mu/Central/jets/3/px in Skim_TriLep_DYJets.root
2026-05-28 15:49:09,303 - INFO - [2023BPix] MISSING_CENTRAL: TTZ2E1Mu/Central/jets/3/px in Skim_TriLep_DYJets10to50.root
2026-05-28 15:49:09,305 - INFO - [2023BPix] MISSING_CENTRAL: TTZ2E1Mu/Central/jets/3/px in Skim_TriLep_TTG_PTG10to100.root
2026-05-28 15:49:09,307 - INFO - [2023BPix] MISSING_CENTRAL: TTZ2E1Mu/Central/jets/3/px in Skim_TriLep_TTG_PTG100to200.root
2026-05-28 15:49:09,581 - INFO - [2023BPix] MISSING_CENTRAL: TTZ2E1Mu/Central/jets/3/px in Skim_TriLep_WWW.root
2026-05-28 15:49:09,665 - INFO - [2023BPix] MISSING_CENTRAL: TTZ2E1Mu/Central/jets/3/px in Skim_TriLep_VBFHToZZTo4L.root
2026-05-28 15:49:09,666 - INFO - [2023BPix] MISSING_CENTRAL: TTZ2E1Mu/Central/jets/3/px in Skim_TriLep_ggHToZZTo4L.root
2026-05-29 15:22:44,263 - INFO - [2023] MISSING_CENTRAL: TTZ2E1Mu/Central/jets/3/px in Skim_TriLep_MuonEG_C_v3.root
2026-05-29 15:22:44,277 - INFO - [2022] MISSING_CENTRAL: TTZ2E1Mu/Central/jets/3/px in Skim_TriLep_DYJets.root
2026-05-29 15:22:44,278 - INFO - [2022] MISSING_CENTRAL: TTZ2E1Mu/Central/jets/3/px in Skim_TriLep_DYJets10to50.root
2026-05-29 15:22:44,301 - INFO - [2022] MISSING_CENTRAL: TTZ2E1Mu/Central/jets/3/px in Skim_TriLep_TTG_PTG100to200.root
2026-05-29 15:22:44,302 - INFO - [2022] MISSING_CENTRAL: TTZ2E1Mu/Central/jets/3/px in Skim_TriLep_TTG_PTG200toInf.root
2026-05-29 15:22:44,563 - INFO - [2022] MISSING_CENTRAL: TTZ2E1Mu/Central/jets/3/px in Skim_TriLep_VBFHToZZTo4L.root
2026-05-29 15:22:44,586 - INFO - [2022EE] MISSING_CENTRAL: TTZ2E1Mu/Central/jets/3/px in Skim_TriLep_DYJets.root
2026-05-29 15:22:44,587 - INFO - [2022EE] MISSING_CENTRAL: TTZ2E1Mu/Central/jets/3/px in Skim_TriLep_DYJets10to50.root
2026-05-29 15:22:44,811 - INFO - [2022EE] MISSING_CENTRAL: TTZ2E1Mu/Central/jets/3/px in Skim_TriLep_WWW.root
2026-05-29 15:22:44,933 - INFO - [2023] MISSING_CENTRAL: TTZ2E1Mu/Central/jets/3/px in Skim_TriLep_DYJets.root
2026-05-29 15:22:44,934 - INFO - [2023] MISSING_CENTRAL: TTZ2E1Mu/Central/jets/3/px in Skim_TriLep_DYJets10to50.root
2026-05-29 15:22:44,955 - INFO - [2023] MISSING_CENTRAL: TTZ2E1Mu/Central/jets/3/px in Skim_TriLep_TTG_PTG100to200.root
2026-05-29 15:22:44,955 - INFO - [2023] MISSING_CENTRAL: TTZ2E1Mu/Central/jets/3/px in Skim_TriLep_TTG_PTG200toInf.root
2026-05-29 15:22:45,125 - INFO - [2023] MISSING_CENTRAL: TTZ2E1Mu/Central/jets/3/px in Skim_TriLep_WWW.root
2026-05-29 15:22:45,234 - INFO - [2023] MISSING_CENTRAL: TTZ2E1Mu/Central/jets/3/px in Skim_TriLep_ggHToZZTo4L.root
2026-05-29 15:22:45,237 - INFO - [2023BPix] MISSING_CENTRAL: TTZ2E1Mu/Central/jets/3/px in Skim_TriLep_DYJets.root
2026-05-29 15:22:45,238 - INFO - [2023BPix] MISSING_CENTRAL: TTZ2E1Mu/Central/jets/3/px in Skim_TriLep_DYJets10to50.root
2026-05-29 15:22:45,239 - INFO - [2023BPix] MISSING_CENTRAL: TTZ2E1Mu/Central/jets/3/px in Skim_TriLep_TTG_PTG10to100.root
2026-05-29 15:22:45,240 - INFO - [2023BPix] MISSING_CENTRAL: TTZ2E1Mu/Central/jets/3/px in Skim_TriLep_TTG_PTG100to200.root
2026-05-29 15:22:45,442 - INFO - [2023BPix] MISSING_CENTRAL: TTZ2E1Mu/Central/jets/3/px in Skim_TriLep_WWW.root
2026-05-29 15:22:45,533 - INFO - [2023BPix] MISSING_CENTRAL: TTZ2E1Mu/Central/jets/3/px in Skim_TriLep_VBFHToZZTo4L.root
2026-05-29 15:22:45,534 - INFO - [2023BPix] MISSING_CENTRAL: TTZ2E1Mu/Central/jets/3/px in Skim_TriLep_ggHToZZTo4L.root
2026-05-29 15:40:10,062 - INFO - [2023] MISSING_CENTRAL: TTZ2E1Mu/Central/jets/3/px in Skim_TriLep_MuonEG_C_v3.root
2026-05-29 15:40:10,077 - INFO - [2022] MISSING_CENTRAL: TTZ2E1Mu/Central/jets/3/px in Skim_TriLep_DYJets.root
2026-05-29 15:40:10,078 - INFO - [2022] MISSING_CENTRAL: TTZ2E1Mu/Central/jets/3/px in Skim_TriLep_DYJets10to50.root
2026-05-29 15:40:10,100 - INFO - [2022] MISSING_CENTRAL: TTZ2E1Mu/Central/jets/3/px in Skim_TriLep_TTG_PTG100to200.root
2026-05-29 15:40:10,101 - INFO - [2022] MISSING_CENTRAL: TTZ2E1Mu/Central/jets/3/px in Skim_TriLep_TTG_PTG200toInf.root
2026-05-29 15:40:10,365 - INFO - [2022] MISSING_CENTRAL: TTZ2E1Mu/Central/jets/3/px in Skim_TriLep_VBFHToZZTo4L.root
2026-05-29 15:40:10,388 - INFO - [2022EE] MISSING_CENTRAL: TTZ2E1Mu/Central/jets/3/px in Skim_TriLep_DYJets.root
2026-05-29 15:40:10,389 - INFO - [2022EE] MISSING_CENTRAL: TTZ2E1Mu/Central/jets/3/px in Skim_TriLep_DYJets10to50.root
2026-05-29 15:40:10,617 - INFO - [2022EE] MISSING_CENTRAL: TTZ2E1Mu/Central/jets/3/px in Skim_TriLep_WWW.root
2026-05-29 15:40:10,742 - INFO - [2023] MISSING_CENTRAL: TTZ2E1Mu/Central/jets/3/px in Skim_TriLep_DYJets.root
2026-05-29 15:40:10,742 - INFO - [2023] MISSING_CENTRAL: TTZ2E1Mu/Central/jets/3/px in Skim_TriLep_DYJets10to50.root
2026-05-29 15:40:10,763 - INFO - [2023] MISSING_CENTRAL: TTZ2E1Mu/Central/jets/3/px in Skim_TriLep_TTG_PTG100to200.root
2026-05-29 15:40:10,764 - INFO - [2023] MISSING_CENTRAL: TTZ2E1Mu/Central/jets/3/px in Skim_TriLep_TTG_PTG200toInf.root
2026-05-29 15:40:10,935 - INFO - [2023] MISSING_CENTRAL: TTZ2E1Mu/Central/jets/3/px in Skim_TriLep_WWW.root
2026-05-29 15:40:11,046 - INFO - [2023] MISSING_CENTRAL: TTZ2E1Mu/Central/jets/3/px in Skim_TriLep_ggHToZZTo4L.root
2026-05-29 15:40:11,050 - INFO - [2023BPix] MISSING_CENTRAL: TTZ2E1Mu/Central/jets/3/px in Skim_TriLep_DYJets.root
2026-05-29 15:40:11,051 - INFO - [2023BPix] MISSING_CENTRAL: TTZ2E1Mu/Central/jets/3/px in Skim_TriLep_DYJets10to50.root
2026-05-29 15:40:11,052 - INFO - [2023BPix] MISSING_CENTRAL: TTZ2E1Mu/Central/jets/3/px in Skim_TriLep_TTG_PTG10to100.root
2026-05-29 15:40:11,053 - INFO - [2023BPix] MISSING_CENTRAL: TTZ2E1Mu/Central/jets/3/px in Skim_TriLep_TTG_PTG100to200.root
2026-05-29 15:40:11,252 - INFO - [2023BPix] MISSING_CENTRAL: TTZ2E1Mu/Central/jets/3/px in Skim_TriLep_WWW.root
2026-05-29 15:40:11,340 - INFO - [2023BPix] MISSING_CENTRAL: TTZ2E1Mu/Central/jets/3/px in Skim_TriLep_VBFHToZZTo4L.root
2026-05-29 15:40:11,342 - INFO - [2023BPix] MISSING_CENTRAL: TTZ2E1Mu/Central/jets/3/px in Skim_TriLep_ggHToZZTo4L.root
2026-05-29 18:31:32,838 - INFO - [2023] MISSING_CENTRAL: TTZ2E1Mu/Central/jets/3/px in Skim_TriLep_MuonEG_C_v3.root
2026-05-29 18:31:32,852 - INFO - [2022] MISSING_CENTRAL: TTZ2E1Mu/Central/jets/3/px in Skim_TriLep_DYJets.root
2026-05-29 18:31:32,853 - INFO - [2022] MISSING_CENTRAL: TTZ2E1Mu/Central/jets/3/px in Skim_TriLep_DYJets10to50.root
2026-05-29 18:31:32,876 - INFO - [2022] MISSING_CENTRAL: TTZ2E1Mu/Central/jets/3/px in Skim_TriLep_TTG_PTG100to200.root
2026-05-29 18:31:32,877 - INFO - [2022] MISSING_CENTRAL: TTZ2E1Mu/Central/jets/3/px in Skim_TriLep_TTG_PTG200toInf.root
2026-05-29 18:31:33,138 - INFO - [2022] MISSING_CENTRAL: TTZ2E1Mu/Central/jets/3/px in Skim_TriLep_VBFHToZZTo4L.root
2026-05-29 18:31:33,161 - INFO - [2022EE] MISSING_CENTRAL: TTZ2E1Mu/Central/jets/3/px in Skim_TriLep_DYJets.root
2026-05-29 18:31:33,162 - INFO - [2022EE] MISSING_CENTRAL: TTZ2E1Mu/Central/jets/3/px in Skim_TriLep_DYJets10to50.root
2026-05-29 18:31:33,390 - INFO - [2022EE] MISSING_CENTRAL: TTZ2E1Mu/Central/jets/3/px in Skim_TriLep_WWW.root
2026-05-29 18:31:33,530 - INFO - [2023] MISSING_CENTRAL: TTZ2E1Mu/Central/jets/3/px in Skim_TriLep_DYJets.root
2026-05-29 18:31:33,531 - INFO - [2023] MISSING_CENTRAL: TTZ2E1Mu/Central/jets/3/px in Skim_TriLep_DYJets10to50.root
2026-05-29 18:31:33,552 - INFO - [2023] MISSING_CENTRAL: TTZ2E1Mu/Central/jets/3/px in Skim_TriLep_TTG_PTG100to200.root
2026-05-29 18:31:33,554 - INFO - [2023] MISSING_CENTRAL: TTZ2E1Mu/Central/jets/3/px in Skim_TriLep_TTG_PTG200toInf.root
2026-05-29 18:31:33,723 - INFO - [2023] MISSING_CENTRAL: TTZ2E1Mu/Central/jets/3/px in Skim_TriLep_WWW.root
2026-05-29 18:31:33,828 - INFO - [2023] MISSING_CENTRAL: TTZ2E1Mu/Central/jets/3/px in Skim_TriLep_ggHToZZTo4L.root
2026-05-29 18:31:33,832 - INFO - [2023BPix] MISSING_CENTRAL: TTZ2E1Mu/Central/jets/3/px in Skim_TriLep_DYJets.root
2026-05-29 18:31:33,833 - INFO - [2023BPix] MISSING_CENTRAL: TTZ2E1Mu/Central/jets/3/px in Skim_TriLep_DYJets10to50.root
2026-05-29 18:31:33,834 - INFO - [2023BPix] MISSING_CENTRAL: TTZ2E1Mu/Central/jets/3/px in Skim_TriLep_TTG_PTG10to100.root
2026-05-29 18:31:33,834 - INFO - [2023BPix] MISSING_CENTRAL: TTZ2E1Mu/Central/jets/3/px in Skim_TriLep_TTG_PTG100to200.root
2026-05-29 18:31:34,029 - INFO - [2023BPix] MISSING_CENTRAL: TTZ2E1Mu/Central/jets/3/px in Skim_TriLep_WWW.root
2026-05-29 18:31:34,116 - INFO - [2023BPix] MISSING_CENTRAL: TTZ2E1Mu/Central/jets/3/px in Skim_TriLep_VBFHToZZTo4L.root
2026-05-29 18:31:34,118 - INFO - [2023BPix] MISSING_CENTRAL: TTZ2E1Mu/Central/jets/3/px in Skim_TriLep_ggHToZZTo4L.root
2026-06-03 21:10:15,213 - INFO - [2023] MISSING_CENTRAL: TTZ2E1Mu/Central/jets/3/px in Skim_TriLep_MuonEG_C_v3.root
2026-06-03 21:10:15,231 - INFO - [2022] MISSING_CENTRAL: TTZ2E1Mu/Central/jets/3/px in Skim_TriLep_DYJets.root
2026-06-03 21:10:15,232 - INFO - [2022] MISSING_CENTRAL: TTZ2E1Mu/Central/jets/3/px in Skim_TriLep_DYJets10to50.root
2026-06-03 21:10:15,255 - INFO - [2022] MISSING_CENTRAL: TTZ2E1Mu/Central/jets/3/px in Skim_TriLep_TTG_PTG100to200.root
2026-06-03 21:10:15,256 - INFO - [2022] MISSING_CENTRAL: TTZ2E1Mu/Central/jets/3/px in Skim_TriLep_TTG_PTG200toInf.root
2026-06-03 21:10:15,525 - INFO - [2022] MISSING_CENTRAL: TTZ2E1Mu/Central/jets/3/px in Skim_TriLep_VBFHToZZTo4L.root
2026-06-03 21:10:15,547 - INFO - [2022EE] MISSING_CENTRAL: TTZ2E1Mu/Central/jets/3/px in Skim_TriLep_DYJets.root
2026-06-03 21:10:15,548 - INFO - [2022EE] MISSING_CENTRAL: TTZ2E1Mu/Central/jets/3/px in Skim_TriLep_DYJets10to50.root
2026-06-03 21:10:15,778 - INFO - [2022EE] MISSING_CENTRAL: TTZ2E1Mu/Central/jets/3/px in Skim_TriLep_WWW.root
2026-06-03 21:10:15,905 - INFO - [2023] MISSING_CENTRAL: TTZ2E1Mu/Central/jets/3/px in Skim_TriLep_DYJets.root
2026-06-03 21:10:15,906 - INFO - [2023] MISSING_CENTRAL: TTZ2E1Mu/Central/jets/3/px in Skim_TriLep_DYJets10to50.root
2026-06-03 21:10:15,927 - INFO - [2023] MISSING_CENTRAL: TTZ2E1Mu/Central/jets/3/px in Skim_TriLep_TTG_PTG100to200.root
2026-06-03 21:10:15,928 - INFO - [2023] MISSING_CENTRAL: TTZ2E1Mu/Central/jets/3/px in Skim_TriLep_TTG_PTG200toInf.root
2026-06-03 21:10:16,093 - INFO - [2023] MISSING_CENTRAL: TTZ2E1Mu/Central/jets/3/px in Skim_TriLep_WWW.root
2026-06-03 21:10:16,198 - INFO - [2023] MISSING_CENTRAL: TTZ2E1Mu/Central/jets/3/px in Skim_TriLep_ggHToZZTo4L.root
2026-06-03 21:10:16,201 - INFO - [2023BPix] MISSING_CENTRAL: TTZ2E1Mu/Central/jets/3/px in Skim_TriLep_DYJets.root
2026-06-03 21:10:16,202 - INFO - [2023BPix] MISSING_CENTRAL: TTZ2E1Mu/Central/jets/3/px in Skim_TriLep_DYJets10to50.root
2026-06-03 21:10:16,203 - INFO - [2023BPix] MISSING_CENTRAL: TTZ2E1Mu/Central/jets/3/px in Skim_TriLep_TTG_PTG10to100.root
2026-06-03 21:10:16,203 - INFO - [2023BPix] MISSING_CENTRAL: TTZ2E1Mu/Central/jets/3/px in Skim_TriLep_TTG_PTG100to200.root
2026-06-03 21:10:16,397 - INFO - [2023BPix] MISSING_CENTRAL: TTZ2E1Mu/Central/jets/3/px in Skim_TriLep_WWW.root
2026-06-03 21:10:16,486 - INFO - [2023BPix] MISSING_CENTRAL: TTZ2E1Mu/Central/jets/3/px in Skim_TriLep_VBFHToZZTo4L.root
2026-06-03 21:10:16,487 - INFO - [2023BPix] MISSING_CENTRAL: TTZ2E1Mu/Central/jets/3/px in Skim_TriLep_ggHToZZTo4L.root
2026-06-12 14:00:03,789 - INFO - [2023] MISSING_CENTRAL: TTZ2E1Mu/Central/jets/3/px in Skim_TriLep_MuonEG_C_v3.root
2026-06-12 14:00:03,802 - INFO - [2022] MISSING_CENTRAL: TTZ2E1Mu/Central/jets/3/px in Skim_TriLep_DYJets.root
2026-06-12 14:00:03,803 - INFO - [2022] MISSING_CENTRAL: TTZ2E1Mu/Central/jets/3/px in Skim_TriLep_DYJets10to50.root
2026-06-12 14:00:03,826 - INFO - [2022] MISSING_CENTRAL: TTZ2E1Mu/Central/jets/3/px in Skim_TriLep_TTG_PTG100to200.root
2026-06-12 14:00:03,827 - INFO - [2022] MISSING_CENTRAL: TTZ2E1Mu/Central/jets/3/px in Skim_TriLep_TTG_PTG200toInf.root
2026-06-12 14:00:04,085 - INFO - [2022] MISSING_CENTRAL: TTZ2E1Mu/Central/jets/3/px in Skim_TriLep_VBFHToZZTo4L.root
2026-06-12 14:00:04,108 - INFO - [2022EE] MISSING_CENTRAL: TTZ2E1Mu/Central/jets/3/px in Skim_TriLep_DYJets.root
2026-06-12 14:00:04,108 - INFO - [2022EE] MISSING_CENTRAL: TTZ2E1Mu/Central/jets/3/px in Skim_TriLep_DYJets10to50.root
2026-06-12 14:00:04,335 - INFO - [2022EE] MISSING_CENTRAL: TTZ2E1Mu/Central/jets/3/px in Skim_TriLep_WWW.root
2026-06-12 14:00:04,442 - INFO - [2023] MISSING_CENTRAL: TTZ2E1Mu/Central/jets/3/px in Skim_TriLep_DYJets.root
2026-06-12 14:00:04,443 - INFO - [2023] MISSING_CENTRAL: TTZ2E1Mu/Central/jets/3/px in Skim_TriLep_DYJets10to50.root
2026-06-12 14:00:04,457 - INFO - [2023] MISSING_CENTRAL: TTZ2E1Mu/Central/jets/3/px in Skim_TriLep_TTG_PTG100to200.root
2026-06-12 14:00:04,458 - INFO - [2023] MISSING_CENTRAL: TTZ2E1Mu/Central/jets/3/px in Skim_TriLep_TTG_PTG200toInf.root
2026-06-12 14:00:04,624 - INFO - [2023] MISSING_CENTRAL: TTZ2E1Mu/Central/jets/3/px in Skim_TriLep_WWW.root
2026-06-12 14:00:04,735 - INFO - [2023] MISSING_CENTRAL: TTZ2E1Mu/Central/jets/3/px in Skim_TriLep_ggHToZZTo4L.root
2026-06-12 14:00:04,738 - INFO - [2023BPix] MISSING_CENTRAL: TTZ2E1Mu/Central/jets/3/px in Skim_TriLep_DYJets.root
2026-06-12 14:00:04,739 - INFO - [2023BPix] MISSING_CENTRAL: TTZ2E1Mu/Central/jets/3/px in Skim_TriLep_DYJets10to50.root
2026-06-12 14:00:04,739 - INFO - [2023BPix] MISSING_CENTRAL: TTZ2E1Mu/Central/jets/3/px in Skim_TriLep_TTG_PTG10to100.root
2026-06-12 14:00:04,740 - INFO - [2023BPix] MISSING_CENTRAL: TTZ2E1Mu/Central/jets/3/px in Skim_TriLep_TTG_PTG100to200.root
2026-06-12 14:00:04,933 - INFO - [2023BPix] MISSING_CENTRAL: TTZ2E1Mu/Central/jets/3/px in Skim_TriLep_WWW.root
2026-06-12 14:00:05,016 - INFO - [2023BPix] MISSING_CENTRAL: TTZ2E1Mu/Central/jets/3/px in Skim_TriLep_VBFHToZZTo4L.root
2026-06-12 14:00:05,017 - INFO - [2023BPix] MISSING_CENTRAL: TTZ2E1Mu/Central/jets/3/px in Skim_TriLep_ggHToZZTo4L.root
2026-06-12 14:12:06,056 - INFO - [2023] MISSING_CENTRAL: TTZ2E1Mu/Central/jets/3/px in Skim_TriLep_MuonEG_C_v3.root
2026-06-12 14:12:06,071 - INFO - [2022] MISSING_CENTRAL: TTZ2E1Mu/Central/jets/3/px in Skim_TriLep_DYJets.root
2026-06-12 14:12:06,071 - INFO - [2022] MISSING_CENTRAL: TTZ2E1Mu/Central/jets/3/px in Skim_TriLep_DYJets10to50.root
2026-06-12 14:12:06,095 - INFO - [2022] MISSING_CENTRAL: TTZ2E1Mu/Central/jets/3/px in Skim_TriLep_TTG_PTG100to200.root
2026-06-12 14:12:06,095 - INFO - [2022] MISSING_CENTRAL: TTZ2E1Mu/Central/jets/3/px in Skim_TriLep_TTG_PTG200toInf.root
2026-06-12 14:12:06,356 - INFO - [2022] MISSING_CENTRAL: TTZ2E1Mu/Central/jets/3/px in Skim_TriLep_VBFHToZZTo4L.root
2026-06-12 14:12:06,378 - INFO - [2022EE] MISSING_CENTRAL: TTZ2E1Mu/Central/jets/3/px in Skim_TriLep_DYJets.root
2026-06-12 14:12:06,379 - INFO - [2022EE] MISSING_CENTRAL: TTZ2E1Mu/Central/jets/3/px in Skim_TriLep_DYJets10to50.root
2026-06-12 14:12:06,613 - INFO - [2022EE] MISSING_CENTRAL: TTZ2E1Mu/Central/jets/3/px in Skim_TriLep_WWW.root
2026-06-12 14:12:06,749 - INFO - [2023] MISSING_CENTRAL: TTZ2E1Mu/Central/jets/3/px in Skim_TriLep_DYJets.root
2026-06-12 14:12:06,750 - INFO - [2023] MISSING_CENTRAL: TTZ2E1Mu/Central/jets/3/px in Skim_TriLep_DYJets10to50.root
2026-06-12 14:12:06,771 - INFO - [2023] MISSING_CENTRAL: TTZ2E1Mu/Central/jets/3/px in Skim_TriLep_TTG_PTG100to200.root
2026-06-12 14:12:06,772 - INFO - [2023] MISSING_CENTRAL: TTZ2E1Mu/Central/jets/3/px in Skim_TriLep_TTG_PTG200toInf.root
2026-06-12 14:12:06,948 - INFO - [2023] MISSING_CENTRAL: TTZ2E1Mu/Central/jets/3/px in Skim_TriLep_WWW.root
2026-06-12 14:12:07,058 - INFO - [2023] MISSING_CENTRAL: TTZ2E1Mu/Central/jets/3/px in Skim_TriLep_ggHToZZTo4L.root
2026-06-12 14:12:07,061 - INFO - [2023BPix] MISSING_CENTRAL: TTZ2E1Mu/Central/jets/3/px in Skim_TriLep_DYJets.root
2026-06-12 14:12:07,062 - INFO - [2023BPix] MISSING_CENTRAL: TTZ2E1Mu/Central/jets/3/px in Skim_TriLep_DYJets10to50.root
2026-06-12 14:12:07,063 - INFO - [2023BPix] MISSING_CENTRAL: TTZ2E1Mu/Central/jets/3/px in Skim_TriLep_TTG_PTG10to100.root
2026-06-12 14:12:07,064 - INFO - [2023BPix] MISSING_CENTRAL: TTZ2E1Mu/Central/jets/3/px in Skim_TriLep_TTG_PTG100to200.root
2026-06-12 14:12:07,261 - INFO - [2023BPix] MISSING_CENTRAL: TTZ2E1Mu/Central/jets/3/px in Skim_TriLep_WWW.root
2026-06-12 14:12:07,353 - INFO - [2023BPix] MISSING_CENTRAL: TTZ2E1Mu/Central/jets/3/px in Skim_TriLep_VBFHToZZTo4L.root
2026-06-12 14:12:07,354 - INFO - [2023BPix] MISSING_CENTRAL: TTZ2E1Mu/Central/jets/3/px in Skim_TriLep_ggHToZZTo4L.root
2026-06-12 14:36:01,772 - INFO - [2023] MISSING_CENTRAL: TTZ2E1Mu/Central/jets/3/px in Skim_TriLep_MuonEG_C_v3.root
2026-06-12 14:36:01,786 - INFO - [2022] MISSING_CENTRAL: TTZ2E1Mu/Central/jets/3/px in Skim_TriLep_DYJets.root
2026-06-12 14:36:01,787 - INFO - [2022] MISSING_CENTRAL: TTZ2E1Mu/Central/jets/3/px in Skim_TriLep_DYJets10to50.root
2026-06-12 14:36:01,808 - INFO - [2022] MISSING_CENTRAL: TTZ2E1Mu/Central/jets/3/px in Skim_TriLep_TTG_PTG100to200.root
2026-06-12 14:36:01,809 - INFO - [2022] MISSING_CENTRAL: TTZ2E1Mu/Central/jets/3/px in Skim_TriLep_TTG_PTG200toInf.root
2026-06-12 14:36:02,039 - INFO - [2022] MISSING_CENTRAL: TTZ2E1Mu/Central/jets/3/px in Skim_TriLep_VBFHToZZTo4L.root
2026-06-12 14:36:02,062 - INFO - [2022EE] MISSING_CENTRAL: TTZ2E1Mu/Central/jets/3/px in Skim_TriLep_DYJets.root
2026-06-12 14:36:02,062 - INFO - [2022EE] MISSING_CENTRAL: TTZ2E1Mu/Central/jets/3/px in Skim_TriLep_DYJets10to50.root
2026-06-12 14:36:02,290 - INFO - [2022EE] MISSING_CENTRAL: TTZ2E1Mu/Central/jets/3/px in Skim_TriLep_WWW.root
2026-06-12 14:36:02,416 - INFO - [2023] MISSING_CENTRAL: TTZ2E1Mu/Central/jets/3/px in Skim_TriLep_DYJets.root
2026-06-12 14:36:02,416 - INFO - [2023] MISSING_CENTRAL: TTZ2E1Mu/Central/jets/3/px in Skim_TriLep_DYJets10to50.root
2026-06-12 14:36:02,437 - INFO - [2023] MISSING_CENTRAL: TTZ2E1Mu/Central/jets/3/px in Skim_TriLep_TTG_PTG100to200.root
2026-06-12 14:36:02,438 - INFO - [2023] MISSING_CENTRAL: TTZ2E1Mu/Central/jets/3/px in Skim_TriLep_TTG_PTG200toInf.root
2026-06-12 14:36:02,601 - INFO - [2023] MISSING_CENTRAL: TTZ2E1Mu/Central/jets/3/px in Skim_TriLep_WWW.root
2026-06-12 14:36:02,704 - INFO - [2023] MISSING_CENTRAL: TTZ2E1Mu/Central/jets/3/px in Skim_TriLep_ggHToZZTo4L.root
2026-06-12 14:36:02,707 - INFO - [2023BPix] MISSING_CENTRAL: TTZ2E1Mu/Central/jets/3/px in Skim_TriLep_DYJets.root
2026-06-12 14:36:02,708 - INFO - [2023BPix] MISSING_CENTRAL: TTZ2E1Mu/Central/jets/3/px in Skim_TriLep_DYJets10to50.root
2026-06-12 14:36:02,708 - INFO - [2023BPix] MISSING_CENTRAL: TTZ2E1Mu/Central/jets/3/px in Skim_TriLep_TTG_PTG10to100.root
2026-06-12 14:36:02,709 - INFO - [2023BPix] MISSING_CENTRAL: TTZ2E1Mu/Central/jets/3/px in Skim_TriLep_TTG_PTG100to200.root
2026-06-12 14:36:02,890 - INFO - [2023BPix] MISSING_CENTRAL: TTZ2E1Mu/Central/jets/3/px in Skim_TriLep_WWW.root
2026-06-12 14:36:02,971 - INFO - [2023BPix] MISSING_CENTRAL: TTZ2E1Mu/Central/jets/3/px in Skim_TriLep_VBFHToZZTo4L.root
2026-06-12 14:36:02,973 - INFO - [2023BPix] MISSING_CENTRAL: TTZ2E1Mu/Central/jets/3/px in Skim_TriLep_ggHToZZTo4L.root
2026-06-18 00:30:49,873 - INFO - [2023] MISSING_CENTRAL: TTZ2E1Mu/Central/jets/3/px in Skim_TriLep_MuonEG_C_v3.root
2026-06-18 00:30:49,888 - INFO - [2022] MISSING_CENTRAL: TTZ2E1Mu/Central/jets/3/px in Skim_TriLep_DYJets.root
2026-06-18 00:30:49,889 - INFO - [2022] MISSING_CENTRAL: TTZ2E1Mu/Central/jets/3/px in Skim_TriLep_DYJets10to50.root
2026-06-18 00:30:49,912 - INFO - [2022] MISSING_CENTRAL: TTZ2E1Mu/Central/jets/3/px in Skim_TriLep_TTG_PTG100to200.root
2026-06-18 00:30:49,912 - INFO - [2022] MISSING_CENTRAL: TTZ2E1Mu/Central/jets/3/px in Skim_TriLep_TTG_PTG200toInf.root
2026-06-18 00:30:50,177 - INFO - [2022] MISSING_CENTRAL: TTZ2E1Mu/Central/jets/3/px in Skim_TriLep_VBFHToZZTo4L.root
2026-06-18 00:30:50,201 - INFO - [2022EE] MISSING_CENTRAL: TTZ2E1Mu/Central/jets/3/px in Skim_TriLep_DYJets.root
2026-06-18 00:30:50,201 - INFO - [2022EE] MISSING_CENTRAL: TTZ2E1Mu/Central/jets/3/px in Skim_TriLep_DYJets10to50.root
2026-06-18 00:30:50,433 - INFO - [2022EE] MISSING_CENTRAL: TTZ2E1Mu/Central/jets/3/px in Skim_TriLep_WWW.root
2026-06-18 00:30:50,573 - INFO - [2023] MISSING_CENTRAL: TTZ2E1Mu/Central/jets/3/px in Skim_TriLep_DYJets.root
2026-06-18 00:30:50,574 - INFO - [2023] MISSING_CENTRAL: TTZ2E1Mu/Central/jets/3/px in Skim_TriLep_DYJets10to50.root
2026-06-18 00:30:50,595 - INFO - [2023] MISSING_CENTRAL: TTZ2E1Mu/Central/jets/3/px in Skim_TriLep_TTG_PTG100to200.root
2026-06-18 00:30:50,597 - INFO - [2023] MISSING_CENTRAL: TTZ2E1Mu/Central/jets/3/px in Skim_TriLep_TTG_PTG200toInf.root
2026-06-18 00:30:50,785 - INFO - [2023] MISSING_CENTRAL: TTZ2E1Mu/Central/jets/3/px in Skim_TriLep_WWW.root
2026-06-18 00:30:50,901 - INFO - [2023] MISSING_CENTRAL: TTZ2E1Mu/Central/jets/3/px in Skim_TriLep_ggHToZZTo4L.root
2026-06-18 00:30:50,904 - INFO - [2023BPix] MISSING_CENTRAL: TTZ2E1Mu/Central/jets/3/px in Skim_TriLep_DYJets.root
2026-06-18 00:30:50,905 - INFO - [2023BPix] MISSING_CENTRAL: TTZ2E1Mu/Central/jets/3/px in Skim_TriLep_DYJets10to50.root
2026-06-18 00:30:50,906 - INFO - [2023BPix] MISSING_CENTRAL: TTZ2E1Mu/Central/jets/3/px in Skim_TriLep_TTG_PTG10to100.root
2026-06-18 00:30:50,907 - INFO - [2023BPix] MISSING_CENTRAL: TTZ2E1Mu/Central/jets/3/px in Skim_TriLep_TTG_PTG100to200.root
2026-06-18 00:30:51,117 - INFO - [2023BPix] MISSING_CENTRAL: TTZ2E1Mu/Central/jets/3/px in Skim_TriLep_WWW.root
2026-06-18 00:30:51,209 - INFO - [2023BPix] MISSING_CENTRAL: TTZ2E1Mu/Central/jets/3/px in Skim_TriLep_VBFHToZZTo4L.root
2026-06-18 00:30:51,210 - INFO - [2023BPix] MISSING_CENTRAL: TTZ2E1Mu/Central/jets/3/px in Skim_TriLep_ggHToZZTo4L.root
2026-07-01 17:45:09,181 - INFO - [2023] MISSING_CENTRAL: TTZ2E1Mu/Central/jets/3/px in Skim_TriLep_MuonEG_C_v3.root
2026-07-01 17:45:09,210 - INFO - [2022] MISSING_CENTRAL: TTZ2E1Mu/Central/jets/3/px in Skim_TriLep_DYJets.root
2026-07-01 17:45:09,211 - INFO - [2022] MISSING_CENTRAL: TTZ2E1Mu/Central/jets/3/px in Skim_TriLep_DYJets10to50.root
2026-07-01 17:45:09,251 - INFO - [2022] MISSING_CENTRAL: TTZ2E1Mu/Central/jets/3/px in Skim_TriLep_TTG_PTG100to200.root
2026-07-01 17:45:09,253 - INFO - [2022] MISSING_CENTRAL: TTZ2E1Mu/Central/jets/3/px in Skim_TriLep_TTG_PTG200toInf.root
2026-07-01 17:45:09,806 - INFO - [2022] MISSING_CENTRAL: TTZ2E1Mu/Central/jets/3/px in Skim_TriLep_VBFHToZZTo4L.root
2026-07-01 17:45:09,857 - INFO - [2022EE] MISSING_CENTRAL: TTZ2E1Mu/Central/jets/3/px in Skim_TriLep_DYJets.root
2026-07-01 17:45:09,861 - INFO - [2022EE] MISSING_CENTRAL: TTZ2E1Mu/Central/jets/3/px in Skim_TriLep_DYJets10to50.root
2026-07-01 17:45:10,398 - INFO - [2022EE] MISSING_CENTRAL: TTZ2E1Mu/Central/jets/3/px in Skim_TriLep_WWW.root
2026-07-01 17:45:10,619 - INFO - [2023] MISSING_CENTRAL: TTZ2E1Mu/Central/jets/3/px in Skim_TriLep_DYJets.root
2026-07-01 17:45:10,621 - INFO - [2023] MISSING_CENTRAL: TTZ2E1Mu/Central/jets/3/px in Skim_TriLep_DYJets10to50.root
2026-07-01 17:45:10,657 - INFO - [2023] MISSING_CENTRAL: TTZ2E1Mu/Central/jets/3/px in Skim_TriLep_TTG_PTG100to200.root
2026-07-01 17:45:10,659 - INFO - [2023] MISSING_CENTRAL: TTZ2E1Mu/Central/jets/3/px in Skim_TriLep_TTG_PTG200toInf.root
2026-07-01 17:45:11,100 - INFO - [2023] MISSING_CENTRAL: TTZ2E1Mu/Central/jets/3/px in Skim_TriLep_WWW.root
2026-07-01 17:45:11,356 - INFO - [2023] MISSING_CENTRAL: TTZ2E1Mu/Central/jets/3/px in Skim_TriLep_ggHToZZTo4L.root
2026-07-01 17:45:11,362 - INFO - [2023BPix] MISSING_CENTRAL: TTZ2E1Mu/Central/jets/3/px in Skim_TriLep_DYJets.root
2026-07-01 17:45:11,364 - INFO - [2023BPix] MISSING_CENTRAL: TTZ2E1Mu/Central/jets/3/px in Skim_TriLep_DYJets10to50.root
2026-07-01 17:45:11,366 - INFO - [2023BPix] MISSING_CENTRAL: TTZ2E1Mu/Central/jets/3/px in Skim_TriLep_TTG_PTG10to100.root
2026-07-01 17:45:11,367 - INFO - [2023BPix] MISSING_CENTRAL: TTZ2E1Mu/Central/jets/3/px in Skim_TriLep_TTG_PTG100to200.root
2026-07-01 17:45:11,797 - INFO - [2023BPix] MISSING_CENTRAL: TTZ2E1Mu/Central/jets/3/px in Skim_TriLep_WWW.root
2026-07-01 17:45:11,896 - INFO - [2023BPix] MISSING_CENTRAL: TTZ2E1Mu/Central/jets/3/px in Skim_TriLep_VBFHToZZTo4L.root
2026-07-01 17:45:11,898 - INFO - [2023BPix] MISSING_CENTRAL: TTZ2E1Mu/Central/jets/3/px in Skim_TriLep_ggHToZZTo4L.root
2026-07-01 17:52:05,697 - INFO - [2023] MISSING_CENTRAL: TTZ2E1Mu/Central/jets/3/px in Skim_TriLep_MuonEG_C_v3.root
2026-07-01 17:52:05,724 - INFO - [2022] MISSING_CENTRAL: TTZ2E1Mu/Central/jets/3/px in Skim_TriLep_DYJets.root
2026-07-01 17:52:05,726 - INFO - [2022] MISSING_CENTRAL: TTZ2E1Mu/Central/jets/3/px in Skim_TriLep_DYJets10to50.root
2026-07-01 17:52:05,764 - INFO - [2022] MISSING_CENTRAL: TTZ2E1Mu/Central/jets/3/px in Skim_TriLep_TTG_PTG100to200.root
2026-07-01 17:52:05,766 - INFO - [2022] MISSING_CENTRAL: TTZ2E1Mu/Central/jets/3/px in Skim_TriLep_TTG_PTG200toInf.root
2026-07-01 17:52:06,350 - INFO - [2022] MISSING_CENTRAL: TTZ2E1Mu/Central/jets/3/px in Skim_TriLep_VBFHToZZTo4L.root
2026-07-01 17:52:06,391 - INFO - [2022EE] MISSING_CENTRAL: TTZ2E1Mu/Central/jets/3/px in Skim_TriLep_DYJets.root
2026-07-01 17:52:06,392 - INFO - [2022EE] MISSING_CENTRAL: TTZ2E1Mu/Central/jets/3/px in Skim_TriLep_DYJets10to50.root
2026-07-01 17:52:06,912 - INFO - [2022EE] MISSING_CENTRAL: TTZ2E1Mu/Central/jets/3/px in Skim_TriLep_WWW.root
2026-07-01 17:52:07,129 - INFO - [2023] MISSING_CENTRAL: TTZ2E1Mu/Central/jets/3/px in Skim_TriLep_DYJets.root
2026-07-01 17:52:07,130 - INFO - [2023] MISSING_CENTRAL: TTZ2E1Mu/Central/jets/3/px in Skim_TriLep_DYJets10to50.root
2026-07-01 17:52:07,165 - INFO - [2023] MISSING_CENTRAL: TTZ2E1Mu/Central/jets/3/px in Skim_TriLep_TTG_PTG100to200.root
2026-07-01 17:52:07,167 - INFO - [2023] MISSING_CENTRAL: TTZ2E1Mu/Central/jets/3/px in Skim_TriLep_TTG_PTG200toInf.root
2026-07-01 17:52:07,595 - INFO - [2023] MISSING_CENTRAL: TTZ2E1Mu/Central/jets/3/px in Skim_TriLep_WWW.root
2026-07-01 17:52:07,772 - INFO - [2023] MISSING_CENTRAL: TTZ2E1Mu/Central/jets/3/px in Skim_TriLep_ggHToZZTo4L.root
2026-07-01 17:52:07,778 - INFO - [2023BPix] MISSING_CENTRAL: TTZ2E1Mu/Central/jets/3/px in Skim_TriLep_DYJets.root
2026-07-01 17:52:07,780 - INFO - [2023BPix] MISSING_CENTRAL: TTZ2E1Mu/Central/jets/3/px in Skim_TriLep_DYJets10to50.root
2026-07-01 17:52:07,781 - INFO - [2023BPix] MISSING_CENTRAL: TTZ2E1Mu/Central/jets/3/px in Skim_TriLep_TTG_PTG10to100.root
2026-07-01 17:52:07,783 - INFO - [2023BPix] MISSING_CENTRAL: TTZ2E1Mu/Central/jets/3/px in Skim_TriLep_TTG_PTG100to200.root
2026-07-01 17:52:08,245 - INFO - [2023BPix] MISSING_CENTRAL: TTZ2E1Mu/Central/jets/3/px in Skim_TriLep_WWW.root
2026-07-01 17:52:08,387 - INFO - [2023BPix] MISSING_CENTRAL: TTZ2E1Mu/Central/jets/3/px in Skim_TriLep_VBFHToZZTo4L.root
2026-07-01 17:52:08,389 - INFO - [2023BPix] MISSING_CENTRAL: TTZ2E1Mu/Central/jets/3/px in Skim_TriLep_ggHToZZTo4L.root
2026-07-21 19:44:51,584 - INFO - [2023] MISSING_CENTRAL: TTZ2E1Mu/Central/jets/3/px in Skim_TriLep_MuonEG_C_v3.root
2026-07-21 19:44:51,600 - INFO - [2022] MISSING_CENTRAL: TTZ2E1Mu/Central/jets/3/px in Skim_TriLep_DYJets.root
2026-07-21 19:44:51,601 - INFO - [2022] MISSING_CENTRAL: TTZ2E1Mu/Central/jets/3/px in Skim_TriLep_DYJets10to50.root
2026-07-21 19:44:51,622 - INFO - [2022] MISSING_CENTRAL: TTZ2E1Mu/Central/jets/3/px in Skim_TriLep_TTG_PTG100to200.root
2026-07-21 19:44:51,623 - INFO - [2022] MISSING_CENTRAL: TTZ2E1Mu/Central/jets/3/px in Skim_TriLep_TTG_PTG200toInf.root
2026-07-21 19:44:51,984 - INFO - [2022] MISSING_CENTRAL: TTZ2E1Mu/Central/jets/3/px in Skim_TriLep_VBFHToZZTo4L.root
2026-07-21 19:44:52,012 - INFO - [2022EE] MISSING_CENTRAL: TTZ2E1Mu/Central/jets/3/px in Skim_TriLep_DYJets.root
2026-07-21 19:44:52,016 - INFO - [2022EE] MISSING_CENTRAL: TTZ2E1Mu/Central/jets/3/px in Skim_TriLep_DYJets10to50.root
2026-07-21 19:44:52,371 - INFO - [2022EE] MISSING_CENTRAL: TTZ2E1Mu/Central/jets/3/px in Skim_TriLep_WWW.root
2026-07-21 19:44:52,528 - INFO - [2023] MISSING_CENTRAL: TTZ2E1Mu/Central/jets/3/px in Skim_TriLep_DYJets.root
2026-07-21 19:44:52,528 - INFO - [2023] MISSING_CENTRAL: TTZ2E1Mu/Central/jets/3/px in Skim_TriLep_DYJets10to50.root
2026-07-21 19:44:52,555 - INFO - [2023] MISSING_CENTRAL: TTZ2E1Mu/Central/jets/3/px in Skim_TriLep_TTG_PTG100to200.root
2026-07-21 19:44:52,556 - INFO - [2023] MISSING_CENTRAL: TTZ2E1Mu/Central/jets/3/px in Skim_TriLep_TTG_PTG200toInf.root
2026-07-21 19:44:52,883 - INFO - [2023] MISSING_CENTRAL: TTZ2E1Mu/Central/jets/3/px in Skim_TriLep_WWW.root
2026-07-21 19:44:53,026 - INFO - [2023] MISSING_CENTRAL: TTZ2E1Mu/Central/jets/3/px in Skim_TriLep_ggHToZZTo4L.root
2026-07-21 19:44:53,028 - INFO - [2023BPix] MISSING_CENTRAL: TTZ2E1Mu/Central/jets/3/px in Skim_TriLep_DYJets.root
2026-07-21 19:44:53,029 - INFO - [2023BPix] MISSING_CENTRAL: TTZ2E1Mu/Central/jets/3/px in Skim_TriLep_DYJets10to50.root
2026-07-21 19:44:53,030 - INFO - [2023BPix] MISSING_CENTRAL: TTZ2E1Mu/Central/jets/3/px in Skim_TriLep_TTG_PTG10to100.root
2026-07-21 19:44:53,031 - INFO - [2023BPix] MISSING_CENTRAL: TTZ2E1Mu/Central/jets/3/px in Skim_TriLep_TTG_PTG100to200.root
2026-07-21 19:44:53,477 - INFO - [2023BPix] MISSING_CENTRAL: TTZ2E1Mu/Central/jets/3/px in Skim_TriLep_WWW.root
2026-07-21 19:44:53,630 - INFO - [2023BPix] MISSING_CENTRAL: TTZ2E1Mu/Central/jets/3/px in Skim_TriLep_VBFHToZZTo4L.root
2026-07-21 19:44:53,632 - INFO - [2023BPix] MISSING_CENTRAL: TTZ2E1Mu/Central/jets/3/px in Skim_TriLep_ggHToZZTo4L.root
