{
  "Central": {
    "ptcorr_10to15_EB1": 10437.935764849186,
    "ptcorr_10to15_EB2": 5808.524533167481,
    "ptcorr_10to15_EE": 4336.077036470175,
    "ptcorr_15to20_EB1": 10237.435339286923,
    "ptcorr_15to20_EB2": 5892.144083335996,
    "ptcorr_15to20_EE": 4092.1622043550014,
    "ptcorr_20to30_EB1": 18223.318538188934,
    "ptcorr_20to30_EB2": 11052.13350366056,
    "ptcorr_20to30_EE": 7518.237641438842,
    "ptcorr_30to50_EB1": 20297.77373699844,
    "ptcorr_30to50_EB2": 14309.08859975636,
    "ptcorr_30to50_EE": 11358.697015628219,
    "ptcorr_50to100_EB1": 13227.769950076938,
    "ptcorr_50to100_EB2": 11894.861595399678,
    "ptcorr_50to100_EE": 11066.655425265431
  },
  "MotherJetPt_Up": {
    "ptcorr_10to15_EB1": 3134.353071719408,
    "ptcorr_10to15_EB2": 1730.267192095518,
    "ptcorr_10to15_EE": 1293.817195996642,
    "ptcorr_15to20_EB1": 2808.343902975321,
    "ptcorr_15to20_EB2": 1810.8711420595646,
    "ptcorr_15to20_EE": 1239.8273794800043,
    "ptcorr_20to30_EB1": 4296.082586199045,
    "ptcorr_20to30_EB2": 2811.421774253249,
    "ptcorr_20to30_EE": 1848.937965169549,
    "ptcorr_30to50_EB1": 5773.592402681708,
    "ptcorr_30to50_EB2": 4132.741454645991,
    "ptcorr_30to50_EE": 3415.4492770433426,
    "ptcorr_50to100_EB1": 7823.764479860663,
    "ptcorr_50to100_EB2": 7070.915367372334,
    "ptcorr_50to100_EE": 6230.70054474473
  },
  "MotherJetPt_Down": {
    "ptcorr_10to15_EB1": 47842.640920847654,
    "ptcorr_10to15_EB2": 29141.92467163503,
    "ptcorr_10to15_EE": 21876.39341787994,
    "ptcorr_15to20_EB1": 47272.31621345878,
    "ptcorr_15to20_EB2": 27436.18957826495,
    "ptcorr_15to20_EE": 20649.7097838372,
    "ptcorr_20to30_EB1": 71773.22541220486,
    "ptcorr_20to30_EB2": 42296.27047140896,
    "ptcorr_20to30_EE": 32081.473787367344,
    "ptcorr_30to50_EB1": 54978.65369205177,
    "ptcorr_30to50_EB2": 39780.724478676915,
    "ptcorr_30to50_EE": 33341.708285704255,
    "ptcorr_50to100_EB1": 18576.652600094676,
    "ptcorr_50to100_EB2": 17412.885154999793,
    "ptcorr_50to100_EE": 16915.629328534007
  },
  "RequireHeavyTag": {
    "ptcorr_10to15_EB1": 810.4187569469213,
    "ptcorr_10to15_EB2": 436.04134583473206,
    "ptcorr_10to15_EE": 299.2836090773344,
    "ptcorr_15to20_EB1": 615.4251467436552,
    "ptcorr_15to20_EB2": 436.8285293877125,
    "ptcorr_15to20_EE": 254.70611584186554,
    "ptcorr_20to30_EB1": 1092.6048617213964,
    "ptcorr_20to30_EB2": 576.8207286000252,
    "ptcorr_20to30_EE": 456.42360931634903,
    "ptcorr_30to50_EB1": 1208.2564504146576,
    "ptcorr_30to50_EB2": 720.3149556964636,
    "ptcorr_30to50_EE": 483.27476823329926,
    "ptcorr_50to100_EB1": 692.3147436827421,
    "ptcorr_50to100_EB2": 543.0962052047253,
    "ptcorr_50to100_EE": 512.1757557094097
  },
  "L1Prefire_Up": {
    "ptcorr_10to15_EB1": 10404.991035178304,
    "ptcorr_10to15_EB2": 5789.683671101928,
    "ptcorr_10to15_EE": 4310.708218500018,
    "ptcorr_15to20_EB1": 10205.750370174646,
    "ptcorr_15to20_EB2": 5873.011950358748,
    "ptcorr_15to20_EE": 4071.2207617610693,
    "ptcorr_20to30_EB1": 18151.5541395396,
    "ptcorr_20to30_EB2": 11018.70413838327,
    "ptcorr_20to30_EE": 7477.944488361478,
    "ptcorr_30to50_EB1": 20212.17520441115,
    "ptcorr_30to50_EB2": 14267.749810174108,
    "ptcorr_30to50_EE": 11295.530919134617,
    "ptcorr_50to100_EB1": 13166.194454610348,
    "ptcorr_50to100_EB2": 11856.038698211312,
    "ptcorr_50to100_EE": 10998.744785100222
  },
  "L1Prefire_Down": {
    "ptcorr_10to15_EB1": 10460.202092692256,
    "ptcorr_10to15_EB2": 5824.7993604540825,
    "ptcorr_10to15_EE": 4360.630779474974,
    "ptcorr_15to20_EB1": 10268.079089596868,
    "ptcorr_15to20_EB2": 5910.975808337331,
    "ptcorr_15to20_EE": 4112.808080226183,
    "ptcorr_20to30_EB1": 18294.41501647234,
    "ptcorr_20to30_EB2": 11084.837212264538,
    "ptcorr_20to30_EE": 7557.868092983961,
    "ptcorr_30to50_EB1": 20381.93116891384,
    "ptcorr_30to50_EB2": 14348.409140750766,
    "ptcorr_30to50_EE": 11420.340822950006,
    "ptcorr_50to100_EB1": 13286.677492067218,
    "ptcorr_50to100_EB2": 11931.404042840004,
    "ptcorr_50to100_EE": 11132.722089707851
  },
  "PileupReweight_Up": {
    "ptcorr_10to15_EB1": 10364.656091287732,
    "ptcorr_10to15_EB2": 5690.341018855572,
    "ptcorr_10to15_EE": 4219.828160002828,
    "ptcorr_15to20_EB1": 10086.091210000217,
    "ptcorr_15to20_EB2": 5815.782975926995,
    "ptcorr_15to20_EE": 4005.134079359472,
    "ptcorr_20to30_EB1": 17907.323827296495,
    "ptcorr_20to30_EB2": 10879.144875749946,
    "ptcorr_20to30_EE": 7294.707281284034,
    "ptcorr_30to50_EB1": 19929.543538615108,
    "ptcorr_30to50_EB2": 14085.32426764071,
    "ptcorr_30to50_EE": 11061.421103462577,
    "ptcorr_50to100_EB1": 12987.039784386754,
    "ptcorr_50to100_EB2": 11660.933629363775,
    "ptcorr_50to100_EE": 10872.839742422104
  },
  "PileupReweight_Down": {
    "ptcorr_10to15_EB1": 10535.908447295427,
    "ptcorr_10to15_EB2": 5925.974551171064,
    "ptcorr_10to15_EE": 4462.369449868798,
    "ptcorr_15to20_EB1": 10409.40337651968,
    "ptcorr_15to20_EB2": 5958.791040599346,
    "ptcorr_15to20_EE": 4179.121707886457,
    "ptcorr_20to30_EB1": 18516.425511598587,
    "ptcorr_20to30_EB2": 11234.643086999655,
    "ptcorr_20to30_EE": 7740.849021226168,
    "ptcorr_30to50_EB1": 20664.091821610928,
    "ptcorr_30to50_EB2": 14563.311366915703,
    "ptcorr_30to50_EE": 11658.678101614118,
    "ptcorr_50to100_EB1": 13471.030559763312,
    "ptcorr_50to100_EB2": 12128.286074399948,
    "ptcorr_50to100_EE": 11266.325766891241
  },
  "PileupJetIDSF_Up": {
    "ptcorr_10to15_EB1": 10451.575458809733,
    "ptcorr_10to15_EB2": 5816.771804124117,
    "ptcorr_10to15_EE": 4343.289978221059,
    "ptcorr_15to20_EB1": 10249.489492744207,
    "ptcorr_15to20_EB2": 5900.384348839521,
    "ptcorr_15to20_EE": 4098.11406211555,
    "ptcorr_20to30_EB1": 18246.630103379488,
    "ptcorr_20to30_EB2": 11069.518442124128,
    "ptcorr_20to30_EE": 7532.818173229694,
    "ptcorr_30to50_EB1": 20321.70914901793,
    "ptcorr_30to50_EB2": 14329.101457849145,
    "ptcorr_30to50_EE": 11378.353390976787,
    "ptcorr_50to100_EB1": 13236.101567581296,
    "ptcorr_50to100_EB2": 11902.294634155929,
    "ptcorr_50to100_EE": 11076.600990399718
  },
  "PileupJetIDSF_Down": {
    "ptcorr_10to15_EB1": 10424.298826798797,
    "ptcorr_10to15_EB2": 5800.2780979424715,
    "ptcorr_10to15_EE": 4328.867360919714,
    "ptcorr_15to20_EB1": 10225.3784417063,
    "ptcorr_15to20_EB2": 5883.904706865549,
    "ptcorr_15to20_EE": 4086.210096925497,
    "ptcorr_20to30_EB1": 18200.009180262685,
    "ptcorr_20to30_EB2": 11034.751976013184,
    "ptcorr_20to30_EE": 7503.656784847379,
    "ptcorr_30to50_EB1": 20273.84188398719,
    "ptcorr_30to50_EB2": 14289.084803119302,
    "ptcorr_30to50_EE": 11339.04085253179,
    "ptcorr_50to100_EB1": 13219.439774915576,
    "ptcorr_50to100_EB2": 11887.431077875197,
    "ptcorr_50to100_EE": 11056.712284997106
  },
  "JetEn_Up": {
    "ptcorr_10to15_EB1": 11099.163520753384,
    "ptcorr_10to15_EB2": 6298.270876169205,
    "ptcorr_10to15_EE": 4681.335333049297,
    "ptcorr_15to20_EB1": 11337.499140635133,
    "ptcorr_15to20_EB2": 6352.100730463862,
    "ptcorr_15to20_EE": 4577.012148544192,
    "ptcorr_20to30_EB1": 20046.679272696376,
    "ptcorr_20to30_EB2": 12031.286916702986,
    "ptcorr_20to30_EE": 8353.654772475362,
    "ptcorr_30to50_EB1": 22062.199044436216,
    "ptcorr_30to50_EB2": 15262.489058971405,
    "ptcorr_30to50_EE": 12235.768516361713,
    "ptcorr_50to100_EB1": 13403.174664184451,
    "ptcorr_50to100_EB2": 11740.458923779428,
    "ptcorr_50to100_EE": 11045.385267913342
  },
  "JetEn_Down": {
    "ptcorr_10to15_EB1": 9362.008008182049,
    "ptcorr_10to15_EB2": 5254.824977904558,
    "ptcorr_10to15_EE": 3962.482703074813,
    "ptcorr_15to20_EB1": 9346.093019127846,
    "ptcorr_15to20_EB2": 5332.716764956713,
    "ptcorr_15to20_EE": 3731.550258934498,
    "ptcorr_20to30_EB1": 16413.846865683794,
    "ptcorr_20to30_EB2": 10032.10356476903,