{
  "syst": "ljet",
  "observed": 71.10079762712121,
  "expected": 106.68849622877315,
  "difference": -0.3335664093094058,
  "max_bin_difference": 6.625106394764911,
  "max_bin_difference_bin": 108,
  "max_bin_difference_filtered": 0.6943153375811777,
  "max_bin_difference_filtered_bin": 41,
  "snr_threshold": 3.0,
  "mass_range_min": 10.0,
  "mass_range_max": 160.0,
  "percentile_68_difference": 0.372941222381501,
  "percentile_95_difference": 0.5937905550773883,
  "rms_bin_difference": 0.3660274691323264,
  "chi2": 25.500175949164948,
  "ndf": 16,
  "chi2_per_ndf": 1.5937609968228093,
  "p_value": 0.06147942155083827,
  "closure_uncertainty_scale": 1.7000000000000002,
  "recommended_systematic_pct": 70.00000000000001
}