{
  "syst": "Central",
  "observed": 12.698395924642682,
  "expected": 14.7938138901809,
  "difference": -0.14164149833796474,
  "max_bin_difference": 36.146732233974824,
  "max_bin_difference_bin": 21,
  "max_bin_difference_filtered": 0.7755317612524915,
  "max_bin_difference_filtered_bin": 89,
  "snr_threshold": 3.0,
  "mass_range_min": 10.0,
  "mass_range_max": 160.0,
  "percentile_68_difference": 0.7755317612524915,
  "percentile_95_difference": 0.7755317612524915,
  "rms_bin_difference": 0.7755317612524915,
  "chi2": 2.399501778255547,
  "ndf": 2,
  "chi2_per_ndf": 1.1997508891277735,
  "p_value": 0.3012692520113054,
  "closure_uncertainty_scale": 0.1,
  "recommended_systematic_pct": 90.0
}