{
  "observed": 320.2616608198732,
  "expected": 355.20149096124806,
  "difference": -0.09836622601673348,
  "max_bin_difference": 0.30137822489548877,
  "max_bin_difference_bin": 53,
  "max_bin_difference_filtered": 0.30137822489548877,
  "max_bin_difference_filtered_bin": 53,
  "snr_threshold": 3.0,
  "mass_range_min": 10.0,
  "mass_range_max": 160.0,
  "percentile_68_difference": 0.1424580156891978,
  "percentile_95_difference": 0.24113118950577686,
  "rms_bin_difference": 0.13878635242640333,
  "chi2": 60.35171400897352,
  "ndf": 53,
  "chi2_per_ndf": 1.138711585074972,
  "p_value": 0.2273571809315577,
  "closure_uncertainty_scale": 1.2000000000000002,
  "recommended_systematic_pct": 20.000000000000018
}