{
  "observed": 320.2616597497836,
  "expected": 355.20148958642676,
  "difference": -0.09836622553955171,
  "max_bin_difference": 75.27041936083957,
  "max_bin_difference_bin": 112,
  "max_bin_difference_filtered": 0.5379443751728094,
  "max_bin_difference_filtered_bin": 49,
  "snr_threshold": 3.0,
  "mass_range_min": 10.0,
  "mass_range_max": 160.0,
  "percentile_68_difference": 0.3110371412043172,
  "percentile_95_difference": 0.5030888169682026,
  "rms_bin_difference": 0.29417552255343743,
  "chi2": 325.36124242378077,
  "ndf": 28,
  "chi2_per_ndf": 11.620044372277885,
  "p_value": 2.1762619212271648e-52,
  "closure_uncertainty_scale": 5.0,
  "recommended_systematic_pct": 400.0
}