{
  "observed": 320.4558509141207,
  "expected": 356.7298196987249,
  "difference": -0.10168471145821029,
  "max_bin_difference": 0.7510218863620162,
  "max_bin_difference_bin": 158,
  "max_bin_difference_filtered": 0.7510218863620162,
  "max_bin_difference_filtered_bin": 158,
  "snr_threshold": 3.0,
  "mass_range_min": 10.0,
  "mass_range_max": 160.0,
  "percentile_68_difference": 0.205095784142906,
  "percentile_95_difference": 0.3909145899010404,
  "rms_bin_difference": 0.21246804606221412,
  "chi2": 64.03645181994963,
  "ndf": 52,
  "chi2_per_ndf": 1.2314702273067237,
  "p_value": 0.12219704697984504,
  "closure_uncertainty_scale": 1.35,
  "recommended_systematic_pct": 35.00000000000001
}