{
  "syst": "Central",
  "observed": 18.500491953920573,
  "expected": 22.443710630042915,
  "difference": -0.17569370507049717,
  "max_bin_difference": 15.97606955481578,
  "max_bin_difference_bin": 158,
  "max_bin_difference_filtered": 4.116046440361403,
  "max_bin_difference_filtered_bin": 72,
  "snr_threshold": 3.0,
  "mass_range_min": 10.0,
  "mass_range_max": 160.0,
  "percentile_68_difference": 2.4210563898293582,
  "percentile_95_difference": 3.8885503989704016,
  "rms_bin_difference": 2.3567454448225322,
  "chi2": 4.995199618011851,
  "ndf": 4,
  "chi2_per_ndf": 1.2487999045029627,
  "p_value": 0.2877903991279239,
  "closure_uncertainty_scale": 1.0,
  "recommended_systematic_pct": 0.0
}