{
  "observed": 18.02155113220215,
  "expected": 25.344153052545153,
  "difference": -0.28892667690103147,
  "chi2": 364.37806899521104,
  "ndf": 182,
  "chi2_per_ndf": 2.002077302171489,
  "p_value": 2.7721793825669534e-14,
  "closure_uncertainty_scale": 1.55,
  "recommended_systematic_pct": 55.00000000000001,
  "chi2_shape": 326.5139232110543,
  "ndf_shape": 182,
  "chi2_per_ndf_shape": 1.7940325451156829,
  "p_value_shape": 2.6675351202935446e-10,
  "closure_uncertainty_scale_shape": 1.5,
  "recommended_systematic_pct_shape": 50.0
}