{
  "syst": "Central",
  "observed": 242.21716010570526,
  "expected": 267.9917953014374,
  "difference": -0.09617695633831173,
  "max_bin_difference": 0.0,
  "max_bin_difference_bin": -1,
  "max_bin_difference_filtered": 0.0,
  "max_bin_difference_filtered_bin": -1,
  "snr_threshold": 3.0,
  "mass_range_min": 10.0,
  "mass_range_max": 160.0,
  "percentile_68_difference": 0.0,
  "percentile_95_difference": 0.0,
  "rms_bin_difference": 0.0,
  "chi2": 34.204175043589785,
  "ndf": 36,
  "chi2_per_ndf": 0.9501159734330495,
  "p_value": 0.5541944538630392,
  "closure_uncertainty_scale": 0.8500000000000001,
  "recommended_systematic_pct": 14.999999999999991
}