{
  "hyperparameters": {
    "signal": "MHc145_MA92",
    "channel": "Combined",
    "iteration": 1,
    "model_idx": 13,
    "num_hidden": 96,
    "optimizer": "Adam",
    "initial_lr": 0.0012,
    "weight_decay": 1e-05,
    "scheduler": "ExponentialLR",
    "pilot_mode": false,
    "num_classes": 4,
    "model_type": "ParticleNet",
    "num_node_features": 9,
    "num_graph_features": 4,
    "dropout_p": 0.4,
    "batch_size": 256,
    "train_folds": [
      0,
      1,
      2
    ],
    "valid_folds": [
      3
    ],
    "loss_type": "disco",
    "disco_lambda": 0.05
  },
  "training_summary": {
    "best_epoch": 30,
    "best_train_loss": 0.6811113815539513,
    "best_valid_loss": 0.667556064229616,
    "best_train_acc": 0.5504362359642982,
    "best_valid_acc": 0.5633402392268181,
    "total_epochs": 38
  },
  "epoch_history": {
    "train_loss": [
      0.8248198999097645,
      0.7432775990216566,
      0.7241807560790273,
      0.7145254024981003,
      0.7081814565919453,
      0.702692225493921,
      0.6974702133596125,
      0.6960296352583587,
      0.6944459862984422,
      0.6924681504084347,
      0.6903451658672113,
      0.691082930637348,
      0.6893183653115501,
      0.6890031344984803,
      0.6897034990026596,
      0.68710195431231,
      0.687939453125,
      0.6868336222454408,
      0.6864191026310791,
      0.6857109464048252,
      0.6842023948043313,
      0.6851641159289513,
      0.6834310885258359,
      0.6839175888107902,
      0.6851614444813829,
      0.6836197966137918,
      0.6840971694528876,
      0.6824769365026596,
      0.6819226853390957,
      0.682836839855623,
      0.6811113815539513,
      0.6816034473546733,
      0.6815175157912234,
      0.6811845495345744,
      0.6811275586531155,
      0.6804414418693009,
      0.6799285239361702,
      0.6800856198945668
    ],
    "valid_loss": [
      0.7866768635494609,
      0.728105410723619,
      0.713453749535789,
      0.7054398227745379,
      0.6948907341755611,
      0.691039071956151,
      0.6837428992902729,
      0.6834190261196083,
      0.6820247811330876,
      0.688171816543794,
      0.6788846405459122,
      0.6834283748143156,
      0.6770119465572734,
      0.67756840880488,
      0.680985517904792,
      0.6751883600799131,
      0.6758016666895906,
      0.674727910001513,
      0.6752356945628851,
      0.6736963298958791,
      0.6733890587175396,
      0.6747091051558374,
      0.6716453659702355,
      0.6720969509071028,
      0.6722694719341439,
      0.6718676929742518,
      0.6731198807837258,
      0.6702415573764855,
      0.6723567264180788,
      0.6700482435629401,
      0.667556064229616,
      0.6700324474925726,
      0.668990175488969,
      0.6680961931255501,
      0.6710320593605579,
      0.6721120485117738,
      0.6689820625412632,
      0.669160010109485
    ],
    "train_acc": [
      0.42255159094929695,
      0.48823481798171997,
      0.5054057352244854,
      0.5157503336668015,
      0.5201065540313721,
      0.5269111171364784,
      0.5324922800064087,
      0.5359649211168289,
      0.5369480699300766,
      0.5394568741321564,
      0.5407908633351326,
      0.5395462289452553,
      0.5410429090261459,
      0.5415551140904427,
      0.5430229231715202,
      0.5441007763147354,
      0.5454851612448692,
      0.5436173304915428,
      0.5452364683151245,
      0.5458782836794853,
      0.5491663366556168,
      0.5470993742346764,
      0.5477080717682838,
      0.5499183386564255,
      0.5486762225627899,
      0.5482228845357895,
      0.5498720705509186,
      0.5511026456952095,
      0.5507683604955673,
      0.5519833043217659,
      0.5504362359642982,
      0.5517558455467224,
      0.5516908764839172,
      0.551305927336216,
      0.5518929585814476,
      0.5509518310427666,
      0.551552452147007,
      0.5536724179983139
    ],
    "valid_acc": [
      0.4384401887655258,
      0.5074533522129059,
      0.5155975744128227,
      0.5237291529774666,
      0.5338025540113449,
      0.5369911938905716,
      0.5453411340713501,
      0.5457204654812813,
      0.5450679659843445,
      0.541595958173275,
      0.5500631183385849,
      0.548183374106884,
      0.5526442229747772,
      0.5513542890548706,
      0.549689993262291,
      0.5520152077078819,
      0.5536754131317139,
      0.5537611097097397,
      0.5544592812657356,
      0.5561344027519226,
      0.5572118014097214,
      0.5546855926513672,
      0.5568745881319046,
      0.5580764338374138,
      0.5572401434183121,
      0.5598587915301323,
      0.5579108372330666,
      0.5608305335044861,
      0.5579025521874428,
      0.5623026192188263,
      0.5633402392268181,
      0.5601254478096962,
      0.5635336712002754,
      0.5623443499207497,
      0.5590024217963219,
      0.5574838295578957,
      0.564122885465622,
      0.5613806247711182
    ],
    "epoch": [
      0,
      1,
      2,
      3,
      4,
      5,
      6,
      7,
      8,
      9,
      10,
      11,
      12,
      13,
      14,
      15,
      16,
      17,
      18,
      19,
      20,
      21,
      22,
      23,
      24,
      25,
      26,
      27,
      28,
      29,
      30,
      31,
      32,
      33,
      34,
      35,
      36,
      37
    ],
    "timestamp": [
      1767312321.2810266,
      1767312688.9072757,
      1767313055.5405083,
      1767313421.8377872,
      1767313787.995983,
      1767314154.9468272,
      1767314501.616925,
      1767314818.7579181,
      1767315117.8211195,
      1767315413.1731791,
      1767315708.5982215,
      1767316004.6380641,
      1767316298.592344,
      1767316570.045644,
      1767316804.5690155,
      1767317032.132172,
      1767317245.8160973,
      1767317435.7777019,
      1767317617.5695214,
      1767317781.3884485,
      1767317922.1047204,
      1767318056.5793054,
      1767318191.2450018,
      1767318325.252112,
      1767318459.6468925,
      1767318594.0623775,
      1767318728.1509914,
      1767318862.7443957,
      1767318993.8458965,
      1767319124.1579638,
      1767319253.9781666,
      1767319384.1412969,
      1767319514.8243382,
      1767319645.5935113,
      1767319775.4951174,
      1767319904.7474868,
      1767320034.0539563,
      1767320163.861872
    ],
    "train_ce_loss": [
      0.7942040185435565,
      0.7131970065161812,
      0.6944660887892123,
      0.684797644687641,
      0.678577009758326,
      0.6733648913247244,
      0.668616787785817,
      0.6666571371461121,
      0.665585312201984,
      0.6638801625253219,
      0.661717542326559,
      0.6623954990352179,
      0.6608589516765803,
      0.6601963718339665,
      0.6611870830363415,
      0.658650662525809,
      0.6593647940724092,
      0.6582386901675749,
      0.6581807020225061,
      0.6571494976619094,
      0.6560727920756876,
      0.6566275142427636,
      0.6552296945389281,
      0.6557233586137418,
      0.6567326432122286,
      0.6550698456159116,
      0.6557309923200985,
      0.6541454875360506,
      0.6536637695545846,
      0.6542718714674918,
      0.6525274124098404,
      0.653181536146935,
      0.6531775340120843,
      0.6525772647564172,
      0.6527613474967632,
      0.6521667268138526,
      0.6519459205557873,
      0.6518388252490197
    ],