{
  "syst": "ljet",
  "observed": 43.50209644436836,
  "expected": 87.98778691934422,
  "difference": -0.5055893781685242,
  "max_bin_difference": 1.364484459512233,
  "max_bin_difference_bin": 137,
  "max_bin_difference_filtered": 0.6786454373463077,
  "max_bin_difference_filtered_bin": 38,
  "snr_threshold": 3.0,
  "mass_range_min": 10.0,
  "mass_range_max": 160.0,
  "percentile_68_difference": 0.5205213887784438,
  "percentile_95_difference": 0.6163864433285738,
  "rms_bin_difference": 0.4432314020777176,
  "chi2": 23.317952319595996,
  "ndf": 14,
  "chi2_per_ndf": 1.6655680228282854,
  "p_value": 0.05528875662991242,
  "closure_uncertainty_scale": 1.8,
  "recommended_systematic_pct": 80.0
}