{
  "hyperparameters": {
    "signal": "MHc100_MA95",
    "channel": "Combined",
    "iteration": 3,
    "model_idx": 15,
    "num_hidden": 128,
    "optimizer": "RMSprop",
    "initial_lr": 0.0032,
    "weight_decay": 0.0001,
    "scheduler": "ReduceLROnPlateau",
    "pilot_mode": false,
    "num_classes": 4,
    "model_type": "ParticleNet",
    "num_node_features": 9,
    "num_graph_features": 4,
    "dropout_p": 0.4,
    "batch_size": 256,
    "train_folds": [
      0,
      1,
      2
    ],
    "valid_folds": [
      3
    ],
    "loss_type": "disco",
    "disco_lambda": 0.05
  },
  "training_summary": {
    "best_epoch": 15,
    "best_train_loss": 0.7140670266194908,
    "best_valid_loss": 0.6857553401463469,
    "best_train_acc": 0.5314345210790634,
    "best_valid_acc": 0.5563237965106964,
    "total_epochs": 23
  },
  "epoch_history": {
    "train_loss": [
      0.7607049356477964,
      0.745132770944149,
      0.747352150218465,
      0.7442069659479483,
      0.7456238720554711,
      0.742060309412994,
      0.7448314910239362,
      0.7445161117971124,
      0.7448192468892477,
      0.7442224009783435,
      0.746599840900456,
      0.7456891741071429,
      0.7211036195146276,
      0.7181184994775835,
      0.7185362841945289,
      0.7140670266194908,
      0.7155083467895137,
      0.7127180198043314,
      0.7130462368208587,
      0.7163451035334346,
      0.7141721777640577,
      0.7144037774268617,
      0.7126322366546353
    ],
    "valid_loss": [
      0.7860169209225077,
      0.7733775931344905,
      0.8871835520569707,
      0.75528115285954,
      0.7396934401821083,
      0.8954791754064425,
      0.7844783084493288,
      0.7599854805100132,
      0.7367035234478158,
      0.7511244223151409,
      0.7197610559597821,
      0.7724723278636664,
      0.7301263406243123,
      0.7130359058648768,
      0.7169931975888534,
      0.6857553401463469,
      0.6995915694975517,
      0.718245009301414,
      0.6935331317740427,
      0.7064377690704775,
      0.706999335490482,
      0.708418241688903,
      0.7140617370605469
    ],
    "train_acc": [
      0.48718462884426117,
      0.4981003478169441,
      0.4943625256419182,
      0.49699629843235016,
      0.4958137720823288,
      0.4996054172515869,
      0.4967726916074753,
      0.49694690853357315,
      0.4982835128903389,
      0.4992451146245003,
      0.494699202477932,
      0.4960361197590828,
      0.5259338021278381,
      0.5287100821733475,
      0.525955468416214,
      0.5314345210790634,
      0.5295187756419182,
      0.5325100645422935,
      0.5315147638320923,
      0.5290913283824921,
      0.5301434993743896,
      0.5306421518325806,
      0.531512439250946
    ],
    "valid_acc": [
      0.49120933178346604,
      0.45400322682689875,
      0.34266683738678694,
      0.49821727655944414,
      0.4918811088427901,
      0.4384191781282425,
      0.3335864022374153,
      0.47239120036829263,
      0.516511170193553,
      0.4942296361550689,
      0.5010901354253292,
      0.3579730950295925,
      0.5145800970494747,
      0.5164029225707054,
      0.5277111008763313,
      0.5563237965106964,
      0.5419027209281921,
      0.529421185143292,
      0.5557616949081421,
      0.5530101209878922,
      0.5400112979114056,
      0.5610600486397743,
      0.5364428535103798
    ],
    "epoch": [
      0,
      1,
      2,
      3,
      4,
      5,
      6,
      7,
      8,
      9,
      10,
      11,
      12,
      13,
      14,
      15,
      16,
      17,
      18,
      19,
      20,
      21,
      22
    ],
    "timestamp": [
      1767352976.6426272,
      1767353359.1788495,
      1767353742.7792857,
      1767354125.8662553,
      1767354509.3843963,
      1767354890.6798892,
      1767355251.5144722,
      1767355607.990124,
      1767355964.9332743,
      1767356308.8749187,
      1767356640.9156969,
      1767356973.2821841,
      1767357305.5568385,
      1767357638.2597246,
      1767357939.4299095,
      1767358225.1237261,
      1767358510.6190202,
      1767358795.8945718,
      1767359081.174912,
      1767359367.004342,
      1767359652.272065,
      1767359937.5595522,
      1767360223.5892167
    ],
    "train_ce_loss": [
      0.7306920194879492,
      0.7150031369870194,
      0.7170675883720711,
      0.7140680681970707,
      0.7155325055303544,
      0.7123068739487407,
      0.714867507690694,
      0.7143376445516627,
      0.7148998597472634,
      0.7139889564919979,
      0.7163711205985408,
      0.7157426598405403,
      0.6915398150954203,
      0.6883788722264368,
      0.6887673849211637,
      0.6843533754892263,
      0.6856133707569725,
      0.6828791196947764,
      0.6832746450843057,
      0.6867079046178372,
      0.6841646771300528,
      0.6846212927512485,
      0.682771838282017
    ],
    "valid_ce_loss": [
      0.7563940107717481,
      0.743602910197117,
      0.8620199858092926,
      0.7255286239612271,
      0.7100780470375444,
      0.86588300376291,
      0.7548642873134411,
      0.7294352956011262,
      0.7076303123588293,
      0.7213147164545428,
      0.6902664887758208,
      0.7449642549937879,
      0.700970664830275,
      0.6834429519801912,
      0.6877196992576962,
      0.6556956543469094,
      0.6700254573263753,
      0.6881980090598825,
      0.6636319419132991,
      0.6761214380008234,
      0.6766647321342583,
      0.6782778579689247,
      0.6848031630818273
    ],
    "train_disco_term": [
      0.6002579401691633,
      0.6025934360853444,
      0.6056901614173205,
      0.6027770661293193,
      0.6018268408202835,
      0.5950678831175831,
      0.5992792598201149,
      0.6035696948915267,
      0.5983863540514625,
      0.6046699707450113,
      0.604573635471628,
      0.5989303497376776,
      0.5912757805959069,
      0.5947926668954113,
      0.5953790717755407,
      0.5942734116660063,
      0.597899341782538,
      0.5967784583749742,
      0.5954312050052689,
      0.5927449886016208,
      0.60014930113833,
      0.5956495490117638,
      0.5972090759357058
    ],
    "valid_disco_term": [
      0.5924583845050402,
      0.5954937700339606,
      0.5032707349148015,
      0.5950502940046956,
      0.5923081699391486,
      0.5919239798062285,
      0.5922815361598008,
      0.6110036298107933,
      0.581463269364666,
      0.596193690272704,
      0.5898909690514417,
      0.550161789787907,
      0.5831142271488485,
      0.5918597996129956,
      0.585470394349434,
      0.6011935964646474,
      0.5913231087402558,
      0.6009398893990987,
      0.5980240103434509,
      0.6063268514166416,
      0.6066924667799137,
      0.6028074913881194,
      0.5851714120994151
    ]
  }
}