{
  "syst": "Central",
  "observed": 62.31208608765155,
  "expected": 70.1010761858779,
  "difference": -0.11111084910555864,
  "max_bin_difference": 2.2112925066347353,
  "max_bin_difference_bin": 150,
  "max_bin_difference_filtered": 0.7242190702938648,
  "max_bin_difference_filtered_bin": 71,
  "snr_threshold": 3.0,
  "mass_range_min": 10.0,
  "mass_range_max": 160.0,
  "percentile_68_difference": 0.33436298117185986,
  "percentile_95_difference": 0.5351157853139162,
  "rms_bin_difference": 0.30442289615386614,
  "chi2": 10.290040768296196,
  "ndf": 12,
  "chi2_per_ndf": 0.8575033973580163,
  "p_value": 0.5905318829487556,
  "closure_uncertainty_scale": 0.35000000000000003,
  "recommended_systematic_pct": 64.99999999999999
}