era,channel,masspoint,pt_threshold,selection_expr,S,B_total,B_by_process,S_over_sqrtB,S_eff_vs_pt0,B_eff_vs_pt0,S_over_sqrtB_vs_pt0,complete
2018,SR1E2Mu,MHc70_MA15,0.0,pt_selected >= 0,6.2574276640789535,4.123545216361036,"{""WZ"": 0.45525382178482043, ""ZZ"": 0.12590079030820053, ""conversion"": -0.0019458620695330664, ""nonprompt"": 2.449055714532733, ""others"": 0.1280743619123549, ""tZq"": -0.0019709043743142947, ""ttH"": 0.2179466965116982, ""ttW"": 0.10974997849730306, ""ttZ"": 0.6414806192577731}",3.0814878329707343,1.0,1.0,1.0,True
2018,SR1E2Mu,MHc70_MA15,5.0,pt_selected >= 5,6.2574276640789535,4.123545216361036,"{""WZ"": 0.45525382178482043, ""ZZ"": 0.12590079030820053, ""conversion"": -0.0019458620695330664, ""nonprompt"": 2.449055714532733, ""others"": 0.1280743619123549, ""tZq"": -0.0019709043743142947, ""ttH"": 0.2179466965116982, ""ttW"": 0.10974997849730306, ""ttZ"": 0.6414806192577731}",3.0814878329707343,1.0,1.0,1.0,True
2018,SR1E2Mu,MHc70_MA15,10.0,pt_selected >= 10,6.2574276640789535,4.123545216361036,"{""WZ"": 0.45525382178482043, ""ZZ"": 0.12590079030820053, ""conversion"": -0.0019458620695330664, ""nonprompt"": 2.449055714532733, ""others"": 0.1280743619123549, ""tZq"": -0.0019709043743142947, ""ttH"": 0.2179466965116982, ""ttW"": 0.10974997849730306, ""ttZ"": 0.6414806192577731}",3.0814878329707343,1.0,1.0,1.0,True
2018,SR1E2Mu,MHc70_MA15,15.0,pt_selected >= 15,6.255379595937734,4.123545216361036,"{""WZ"": 0.45525382178482043, ""ZZ"": 0.12590079030820053, ""conversion"": -0.0019458620695330664, ""nonprompt"": 2.449055714532733, ""others"": 0.1280743619123549, ""tZq"": -0.0019709043743142947, ""ttH"": 0.2179466965116982, ""ttW"": 0.10974997849730306, ""ttZ"": 0.6414806192577731}",3.08047925606069,0.9996726980716092,1.0,0.9996726980716092,True
2018,SR1E2Mu,MHc70_MA15,20.0,pt_selected >= 20,6.196239247740239,4.06437865181139,"{""WZ"": 0.4116507035024324, ""ZZ"": 0.12242452106111185, ""conversion"": -0.0019458620695330664, ""nonprompt"": 2.449055714532733, ""others"": 0.12576860738122642, ""tZq"": -0.003213217155566472, ""ttH"": 0.2179466965116982, ""ttW"": 0.10792326840977104, ""ttZ"": 0.6347682196375184}",3.07348499715944,0.9902214744422906,0.9856515300681342,0.9974029312315736,True
2018,SR1E2Mu,MHc70_MA15,25.0,pt_selected >= 25,6.006938247303417,2.9593587467132663,"{""WZ"": 0.4564285681449963, ""ZZ"": 0.114379315828645, ""conversion"": -0.0019458620695330664, ""nonprompt"": 1.3478005360811949, ""others"": 0.12382664396992528, ""tZq"": -0.003213217155566472, ""ttH"": 0.2163168254695607, ""ttW"": 0.10514195728960471, ""ttZ"": 0.6006239791544393}",3.491840192605226,0.9599692668900541,0.7176734075744788,1.1331669576118002,True
2018,SR1E2Mu,MHc70_MA15,30.0,pt_selected >= 30,5.691294785101109,2.756480220313372,"{""WZ"": 0.5162675593179554, ""ZZ"": 0.09899337001766673, ""conversion"": -0.0019458620695330664, ""nonprompt"": 1.1510040070861578, ""others"": 0.12087614318265379, ""tZq"": -0.003213217155566472, ""ttH"": 0.208928436962011, ""ttW"": 0.10937791542156947, ""ttZ"": 0.5561918675504575}",3.427943384753637,0.9095262607304666,0.6684733828979139,1.1124312574192121,True
2018,SR1E2Mu,MHc70_MA15,35.0,pt_selected >= 35,5.302272013848871,2.697043726675904,"{""WZ"": 0.5162675593179554, ""ZZ"": 0.08884439754590015, ""conversion"": -0.0019458620695330664, ""nonprompt"": 1.1510040070861578, ""others"": 0.11231465993585787, ""tZq"": -0.002219705100982544, ""ttH"": 0.19785948990419336, ""ttW"": 0.0994839626214147, ""ttZ"": 0.5354352174349404}",3.228628009079884,0.847356501504093,0.6540594525251752,1.0477497183454065,True
2018,SR1E2Mu,MHc70_MA15,40.0,pt_selected >= 40,4.84052859344516,2.559051555615533,"{""WZ"": 0.47359540083418666, ""ZZ"": 0.07511632612934607, ""conversion"": -0.0019458620695330664, ""nonprompt"": 1.1510040070861578, ""others"": 0.10302231295278992, ""tZq"": -0.004529912954362637, ""ttH"": 0.17792322419065812, ""ttW"": 0.09305643643665568, ""ttZ"": 0.4918096230096337}",3.0258909480790996,0.7735652497003573,0.6205950029265972,0.981957778870074,True
2018,SR1E2Mu,MHc70_MA15,45.0,pt_selected >= 45,4.313432601517966,1.9415398574298062,"{""WZ"": 0.30762667386707, ""ZZ"": 0.06070540645742584, ""conversion"": -0.0019458620695330664, ""nonprompt"": 0.79621203802526, ""others"": 0.09519012802488123, ""tZq"": -0.0033386782965698584, ""ttH"": 0.15643384249602713, ""ttW"": 0.07945892029840618, ""ttZ"": 0.45119738862683856}",3.0956358051598305,0.6893299983760772,0.4708423833274186,1.0045912795882945,True
2018,SR1E2Mu,MHc70_MA15,50.0,pt_selected >= 50,3.800927008986366,1.4373964209596777,"{""WZ"": 0.2287495464273274, ""ZZ"": 0.05190152518930761, ""conversion"": -0.10351040301178108, ""nonprompt"": 0.5567598547786474, ""others"": 0.08242523062407152, ""tZq"": -0.0033386782965698584, ""ttH"": 0.14505871709374676, ""ttW"": 0.07283090820989413, ""ttZ"": 0.4065197199450339}",3.170306492860295,0.6074264399100863,0.3485826747470851,1.0288233037752852,True
2018,SR1E2Mu,MHc70_MA15,55.0,pt_selected >= 55,3.2950724388838966,1.3034444558135911,"{""WZ"": 0.16763263299411504, ""ZZ"": 0.046058805604912566, ""conversion"": -0.10351040301178108, ""nonprompt"": 0.5487944055348635, ""others"": 0.07253559782235615, ""tZq"": -0.002166053454565593, ""ttH"": 0.1281036944630348, ""ttW"": 0.07548459704037885, ""ttZ"": 0.37051117882027707}",2.886148693127646,0.5265857818540051,0.3160980145535692,0.9366088232596492,True
2018,SR1E2Mu,MHc70_MA15,60.0,pt_selected >= 60,2.8070297979769734,1.2840518729913835,"{""WZ"": 0.16763263299411504, ""ZZ"": 0.03669786978343214, ""conversion"": -0.10351040301178108, ""nonprompt"": 0.6194096002727747, ""others"": 0.06423611495792061, ""tZq"": -0.002166053454565593, ""ttH"": 0.11098094319979758, ""ttW"": 0.0681746684791981, ""ttZ"": 0.32259649977049176}",2.4771695822724356,0.44859164958323927,0.3113951237630757,0.8038875103668021,True
2018,SR1E2Mu,MHc70_MA15,65.0,pt_selected >= 65,2.379255781433498,0.711278964935933,"{""WZ"": 0.12221772808536352, ""ZZ"": 0.027795614856494563, ""conversion"": -0.10351040301178108, ""nonprompt"": 0.1619392428547144, ""others"": 0.05228301479059333, ""tZq"": -0.002166053454565593, ""ttH"": 0.10445651967310172, ""ttW"": 0.0639317691814822, ""ttZ"": 0.28433153196052996}",2.8211173421575704,0.3802290508433239,0.17249209784672268,0.9155049427658614,True
2018,SR1E2Mu,MHc70_MA15,70.0,pt_selected >= 70,1.9726188974770142,0.6213089457014807,"{""WZ"": 0.12221772808536352, ""ZZ"": 0.018035090300226823, ""conversion"": -0.10351040301178108, ""nonprompt"": 0.1619392428547144, ""others"": 0.0480646427444685, ""tZq"": -0.002166053454565593, ""ttH"": 0.08605290942484019, ""ttW"": 0.05125319247920134, ""ttZ"": 0.23942259627901244}",2.502588162367327,0.31524437890044216,0.15067348921901141,0.8121363114241752,True
2018,SR1E2Mu,MHc70_MA15,75.0,pt_selected >= 75,1.6069145835929142,0.4763648694013243,"{""WZ"": 0.12221772808536352, ""ZZ"": 0.014096568241875941, ""conversion"": -0.10351040301178108, ""nonprompt"": 0.1035870909690857, ""others"": 0.03605136711919196, ""tZq"": -0.002166053454565593, ""ttH"": 0.06721756325624634, ""ttW"": 0.03477083956177185, ""ttZ"": 0.20410016863413563}",2.3282141760218624,0.25680114415344824,0.11552313468305044,0.7555487161464233,True
2018,SR1E2Mu,MHc70_MA15,80.0,pt_selected >= 80,1.2753876939375945,0.4103532920709871,"{""WZ"": 0.12221772808536352, ""ZZ"": 0.0108005517146689, ""conversion"": 0.0, ""nonprompt"": 0.0, ""others"": 0.030077701780713013, ""tZq"": -0.002166053454565593, ""ttH"": 0.05600110986257632, ""ttW"": 0.019434174199734436, ""ttZ"": 0.17398807988249648}",1.9909633304116865,0.20381980622149504,0.09951468227941913,0.6461045567368934,True
2018,SR1E2Mu,MHc70_MA15,85.0,pt_selected >= 85,0.9871664410724253,0.3035684857830244,"{""WZ"": 0.06014584819449737, ""ZZ"": 0.008244539438740393, ""conversion"": 0.0, ""nonprompt"": 0.0, ""others"": 0.025872657663040543, ""tZq"": -0.002166053454565593, ""ttH"": 0.04010898823898626, ""ttW"": 0.017018400656430642, ""ttZ"": 0.15434410504589482}",1.7916865802613213,0.1577591454615287,0.07361832351893521,0.5814355523623894,True
2018,SR1E2Mu,MHc70_MA15,90.0,pt_selected >= 90,0.7506725262233745,0.25488460151923803,"{""WZ"": 0.06014584819449737, ""ZZ"": 0.007147898315188082, ""conversion"": 0.0, ""nonprompt"": 0.0, ""others"": 0.020818243576760025, ""tZq"": 0.0, ""ttH"": 0.032784153981506546, ""ttW"": 0.006695069936041844, ""ttZ"": 0.12729338751524416}",1.4868895936970896,0.11996503459922424,0.061812005967081335,0.4825232726178384,True
2018,SR1E2Mu,MHc70_MA15,95.0,pt_selected >= 95,0.5290425321415064,0.15403045833717988,"{""WZ"": 0.0, ""ZZ"": 0.004224313417934817, ""conversion"": 0.0, ""nonprompt"": 0.0, ""others"": 0.015091233901295848, ""tZq"": 0.0, ""ttH"": 0.022705872221755796, ""ttW"": 0.010660809885330384, ""ttZ"": 0.10134822891086304}",1.347991906005354,0.08454632806680276,0.03735389094947511,0.43744839475994657,True
2018,SR1E2Mu,MHc70_MA15,100.0,pt_selected >= 100,0.34903772494490964,0.11989272319878487,"{""WZ"": 0.0, ""ZZ"": 0.0026258965086932507, ""conversion"": 0.0, ""nonprompt"": 0.0, ""others"": 0.009624831496452952, ""tZq"": 0.0, ""ttH"": 0.01516169733420007, ""ttW"": 0.006822008295784112, ""ttZ"": 0.08565828956365448}",1.0080358015856705,0.05577974587682036,0.02907515666933521,0.32712632865204766,True
2018,SR1E2Mu,MHc70_MA15,105.0,pt_selected >= 105,0.23310287318000436,0.08824591586506823,"{""WZ"": 0.0, ""ZZ"": 0.00335017718186039, ""conversion"": 0.0, ""nonprompt"": 0.0, ""others"": 0.008168283907091333, ""tZq"": 0.0, ""ttH"": 0.006951705646199872, ""ttW"": 0.006822008295784112, ""ttZ"": 0.06295374083413252}",0.7846939770436463,0.03725218823033975,0.02140049671698371,0.2546477609444771,True
2018,SR1E2Mu,MHc70_MA15,110.0,pt_selected >= 110,0.16338840761290227,0.06992468337329089,"{""WZ"": 0.0, ""ZZ"": 0.0016659661776418024, ""conversion"": 0.0, ""nonprompt"": 0.0, ""others"": 0.0050886081396089205, ""tZq"": 0.0, ""ttH"": 0.005594663434705905, ""ttW"": 0.004556765052961947, ""ttZ"": 0.053018680568372306}",0.6178826292202879,0.02611111408460074,0.01695741884819159,0.20051438224392176,True
2018,SR1E2Mu,MHc70_MA15,115.0,pt_selected >= 115,0.11451823173100582,0.05845198554470888,"{""WZ"": 0.0, ""ZZ"": 0.0, ""conversion"": 0.0, ""nonprompt"": 0.0, ""others"": 0.004171608649677934, ""tZq"": 0.0, ""ttH"": 0.004301213501128482, ""ttW"": 0.0, ""ttZ"": 0.04997916339390246}",0.4736690401297342,0.018301167489063103,0.014175177542079155,0.1537143957090006,True
2018,SR1E2Mu,MHc70_MA15,120.0,pt_selected >= 120,0.0856119038309147,0.042036754886563825,"{""WZ"": 0.0, ""ZZ"": 0.0, ""conversion"": 0.0, ""nonprompt"": 0.0, ""others"": 0.00031165656999256633, ""tZq"": 0.0, ""ttH"": 0.004301213501128482, ""ttW"": 0.0, ""ttZ"": 0.03742388481544277}",0.4175606488494831,0.013681644986864763,0.010194323738654334,0.13550618126144934,True
2018,SR1E2Mu,MHc70_MA15,125.0,pt_selected >= 125,0.06191484866833665,0.03274955812990678,"{""WZ"": 0.0, ""ZZ"": 0.0, ""conversion"": 0.0, ""nonprompt"": 0.0, ""others"": 0.00014175145604786252, ""tZq"": 0.0, ""ttH"": 0.0014923218002064454, ""ttW"": 0.0, ""ttZ"": 0.031115484873652472}",0.34213073738968974,0.009894616764611062,0.007942087793766877,0.11102777487193767,True
2018,SR1E2Mu,MHc70_MA15,130.0,pt_selected >= 130,0.04669846526864693,0.026241695462091364,"{""WZ"": 0.0, ""ZZ"": 0.0, ""conversion"": 0.0, ""nonprompt"": 0.0, ""others"": 0.00014175145604786252, ""tZq"": 0.0, ""ttH"": 0.0014923218002064454, ""ttW"": 0.0, ""ttZ"": 0.02460762220583706}",0.28827478855747674,0.0074628853541083,0.0063638675181666255,0.09355051980833655,True
2018,SR1E2Mu,MHc70_MA15,135.0,pt_selected >= 135,0.032341824973902034,0.019955838777144196,"{""WZ"": 0.0, ""ZZ"": 0.0, ""conversion"": 0.0, ""nonprompt"": 0.0, ""others"": 7.579990827673789e-05, ""tZq"": 0.0, ""ttH"": 0.0014923218002064454, ""ttW"": 0.0, ""ttZ"": 0.018387717068661016}",0.22894413856043105,0.005168549555844128,0.004839485862302466,0.0742966225960125,True
2018,SR1E2Mu,MHc70_MA15,140.0,pt_selected >= 140,0.023541409749447573,0.018955162341288745,"{""WZ"": 0.0, ""ZZ"": 0.0, ""conversion"": 0.0, ""nonprompt"": 0.0, ""others"": 7.579990827673789e-05, ""tZq"": 0.0, ""ttH"": 0.0014923218002064454, ""ttW"": 0.0, ""ttZ"": 0.017387040632805564}",0.1709892125799491,0.0037621545167174845,0.004596812050485136,0.05548917336308464,True
2018,SR1E2Mu,MHc70_MA15,145.0,pt_selected >= 145,0.01614891574183805,0.012768050313133363,"{""WZ"": 0.0, ""ZZ"": 0.0, ""conversion"": 0.0, ""nonprompt"": 0.0, ""others"": 7.579990827673789e-05, ""tZq"": 0.0, ""ttH"": 0.0014923218002064454, ""ttW"": 0.0, ""ttZ"": 0.011199928604650179}",0.14291607352561586,0.002580759476380627,0.0030963769385802847,0.04637891864977329,True
2018,SR1E2Mu,MHc70_MA15,150.0,pt_selected >= 150,0.013875799651985727,0.010210774007519623,"{""WZ"": 0.0, ""ZZ"": 0.0, ""conversion"": 0.0, ""nonprompt"": 0.0, ""others"": 7.579990827673789e-05, ""tZq"": 0.0, ""ttH"": 0.0014923218002064454, ""ttW"": 0.0, ""ttZ"": 0.008642652299036439}",0.13731838545769884,0.002217492617875614,0.002476212451122452,0.04456236496813161,True
2018,SR1E2Mu,MHc70_MA15,155.0,pt_selected >= 155,0.01061240075671074,0.008685497883949725,"{""WZ"": 0.0, ""ZZ"": 0.0, ""conversion"": 0.0, ""nonprompt"": 0.0, ""others"": 7.579990827673789e-05, ""tZq"": 0.0, ""ttH"": 0.0014923218002064454, ""ttW"": 0.0, ""ttZ"": 0.007117376175466541}",0.11387182537929008,0.0016959685874807162,0.0021063180899504094,0.03695352101050193,True
2018,SR1E2Mu,MHc70_MA15,160.0,pt_selected >= 160,0.007880812943747548,0.007315518247335343,"{""WZ"": 0.0, ""ZZ"": 0.0, ""conversion"": 0.0, ""nonprompt"": 0.0, ""others"": 7.579990827673789e-05, ""tZq"": 0.0, ""ttH"": 0.0014923218002064454, ""ttW"": 0.0, ""ttZ"": 0.00574739653885216}",0.09214005568908439,0.001259433327369921,0.0017740846440362727,0.029901158363573998,True
2018,SR1E2Mu,MHc70_MA15,165.0,pt_selected >= 165,0.006589200675987041,0.004521172005771679,"{""WZ"": 0.0, ""ZZ"": 0.0, ""conversion"": 0.0, ""nonprompt"": 0.0, ""others"": 7.579990827673789e-05, ""tZq"": 0.0, ""ttH"": 0.0, ""ttW"": 0.0, ""ttZ"": 0.0044453720974949405}",0.09799574510175958,0.0010530206707482445,0.0010964283810525406,0.03180143827057917,True
2018,SR1E2Mu,MHc70_MA15,170.0,pt_selected >= 170,0.0039442801364220036,0.004521172005771679,"{""WZ"": 0.0, ""ZZ"": 0.0, ""conversion"": 0.0, ""nonprompt"": 0.0, ""others"": 7.579990827673789e-05, ""tZq"": 0.0, ""ttH"": 0.0, ""ttW"": 0.0, ""ttZ"": 0.0044453720974949405}",0.058660024161556495,0.0006303357143166548,0.0010964283810525406,0.01903626668063291,True
2018,SR1E2Mu,MHc70_MA15,175.0,pt_selected >= 175,0.0027328467694526745,0.004521172005771679,"{""WZ"": 0.0, ""ZZ"": 0.0, ""conversion"": 0.0, ""nonprompt"": 0.0, ""others"": 7.579990827673789e-05, ""tZq"": 0.0, ""ttH"": 0.0, ""ttW"": 0.0, ""ttZ"": 0.0044453720974949405}",0.04064337521202217,0.00043673645404495925,0.0010964283810525406,0.013189529673670522,True
2018,SR1E2Mu,MHc70_MA15,180.0,pt_selected >= 180,0.001946895320292607,0.004521172005771679,"{""WZ"": 0.0, ""ZZ"": 0.0, ""conversion"": 0.0, ""nonprompt"": 0.0, ""others"": 7.579990827673789e-05, ""tZq"": 0.0, ""ttH"": 0.0, ""ttW"": 0.0, ""ttZ"": 0.0044453720974949405}",0.028954567773673636,0.00031113349203680735,0.0010964283810525406,0.00939629469370961,True
2018,SR1E2Mu,MHc70_MA15,185.0,pt_selected >= 185,0.0017303505706292245,0.003041935151480521,"{""WZ"": 0.0, ""ZZ"": 0.0, ""conversion"": 0.0, ""nonprompt"": 0.0, ""others"": 7.579990827673789e-05, ""tZq"": 0.0, ""ttH"": 0.0, ""ttW"": 0.0, ""ttZ"": 0.002966135243203783}",0.03137322215648802,0.00027652745880905346,0.0007376989924618751,0.010181192935700287,True
2018,SR1E2Mu,MHc70_MA15,190.0,pt_selected >= 190,0.0005428839779450633,0.003041935151480521,"{""WZ"": 0.0, ""ZZ"": 0.0, ""conversion"": 0.0, ""nonprompt"": 0.0, ""others"": 7.579990827673789e-05, ""tZq"": 0.0, ""ttH"": 0.0, ""ttW"": 0.0, ""ttZ"": 0.002966135243203783}",0.009843103434857652,8.675833059349824e-05,0.0007376989924618751,0.003194269771095713,True
2018,SR1E2Mu,MHc70_MA15,195.0,pt_selected >= 195,0.0005428839779450633,0.003041935151480521,"{""WZ"": 0.0, ""ZZ"": 0.0, ""conversion"": 0.0, ""nonprompt"": 0.0, ""others"": 7.579990827673789e-05, ""tZq"": 0.0, ""ttH"": 0.0, ""ttW"": 0.0, ""ttZ"": 0.002966135243203783}",0.009843103434857652,8.675833059349824e-05,0.0007376989924618751,0.003194269771095713,True
2018,SR1E2Mu,MHc70_MA15,200.0,pt_selected >= 200,0.0005428839779450633,0.0014746659347073506,"{""WZ"": 0.0, ""ZZ"": 0.0, ""conversion"": 0.0, ""nonprompt"": 0.0, ""others"": 0.0, ""tZq"": 0.0, ""ttH"": 0.0, ""ttW"": 0.0, ""ttZ"": 0.0014746659347073506}",0.014137095785852285,8.675833059349824e-05,0.0003576208959359297,0.004587749993555321,True
2018,SR1E2Mu,MHc70_MA15,205.0,pt_selected >= 205,0.00030059244580092804,0.0014746659347073506,"{""WZ"": 0.0, ""ZZ"": 0.0, ""conversion"": 0.0, ""nonprompt"": 0.0, ""others"": 0.0, ""tZq"": 0.0, ""ttH"": 0.0, ""ttW"": 0.0, ""ttZ"": 0.0014746659347073506}",0.007827647105881906,4.803770206190198e-05,0.0003576208959359297,0.002540216781688733,True
2018,SR1E2Mu,MHc70_MA15,210.0,pt_selected >= 210,0.00030059244580092804,0.0014746659347073506,"{""WZ"": 0.0, ""ZZ"": 0.0, ""conversion"": 0.0, ""nonprompt"": 0.0, ""others"": 0.0, ""tZq"": 0.0, ""ttH"": 0.0, ""ttW"": 0.0, ""ttZ"": 0.0014746659347073506}",0.007827647105881906,4.803770206190198e-05,0.0003576208959359297,0.002540216781688733,True
2018,SR1E2Mu,MHc70_MA15,215.0,pt_selected >= 215,0.00030059244580092804,0.0014746659347073506,"{""WZ"": 0.0, ""ZZ"": 0.0, ""conversion"": 0.0, ""nonprompt"": 0.0, ""others"": 0.0, ""tZq"": 0.0, ""ttH"": 0.0, ""ttW"": 0.0, ""ttZ"": 0.0014746659347073506}",0.007827647105881906,4.803770206190198e-05,0.0003576208959359297,0.002540216781688733,True
2018,SR1E2Mu,MHc70_MA15,220.0,pt_selected >= 220,0.00030059244580092804,0.0014746659347073506,"{""WZ"": 0.0, ""ZZ"": 0.0, ""conversion"": 0.0, ""nonprompt"": 0.0, ""others"": 0.0, ""tZq"": 0.0, ""ttH"": 0.0, ""ttW"": 0.0, ""ttZ"": 0.0014746659347073506}",0.007827647105881906,4.803770206190198e-05,0.0003576208959359297,0.002540216781688733,True
2018,SR1E2Mu,MHc70_MA15,225.0,pt_selected >= 225,0.00030059244580092804,0.0014746659347073506,"{""WZ"": 0.0, ""ZZ"": 0.0, ""conversion"": 0.0, ""nonprompt"": 0.0, ""others"": 0.0, ""tZq"": 0.0, ""ttH"": 0.0, ""ttW"": 0.0, ""ttZ"": 0.0014746659347073506}",0.007827647105881906,4.803770206190198e-05,0.0003576208959359297,0.002540216781688733,True
2018,SR1E2Mu,MHc70_MA15,230.0,pt_selected >= 230,0.0,0.0014746659347073506,"{""WZ"": 0.0, ""ZZ"": 0.0, ""conversion"": 0.0, ""nonprompt"": 0.0, ""others"": 0.0, ""tZq"": 0.0, ""ttH"": 0.0, ""ttW"": 0.0, ""ttZ"": 0.0014746659347073506}",0.0,0.0,0.0003576208959359297,0.0,True
2018,SR1E2Mu,MHc70_MA15,235.0,pt_selected >= 235,0.0,0.0,"{""WZ"": 0.0, ""ZZ"": 0.0, ""conversion"": 0.0, ""nonprompt"": 0.0, ""others"": 0.0, ""tZq"": 0.0, ""ttH"": 0.0, ""ttW"": 0.0, ""ttZ"": 0.0}",,0.0,0.0,,True
2018,SR1E2Mu,MHc70_MA15,240.0,pt_selected >= 240,0.0,0.0,"{""WZ"": 0.0, ""ZZ"": 0.0, ""conversion"": 0.0, ""nonprompt"": 0.0, ""others"": 0.0, ""tZq"": 0.0, ""ttH"": 0.0, ""ttW"": 0.0, ""ttZ"": 0.0}",,0.0,0.0,,True
2018,SR1E2Mu,MHc70_MA15,245.0,pt_selected >= 245,0.0,0.0,"{""WZ"": 0.0, ""ZZ"": 0.0, ""conversion"": 0.0, ""nonprompt"": 0.0, ""others"": 0.0, ""tZq"": 0.0, ""ttH"": 0.0, ""ttW"": 0.0, ""ttZ"": 0.0}",,0.0,0.0,,True
2018,SR1E2Mu,MHc70_MA15,250.0,pt_selected >= 250,0.0,0.0,"{""WZ"": 0.0, ""ZZ"": 0.0, ""conversion"": 0.0, ""nonprompt"": 0.0, ""others"": 0.0, ""tZq"": 0.0, ""ttH"": 0.0, ""ttW"": 0.0, ""ttZ"": 0.0}",,0.0,0.0,,True
2018,SR1E2Mu,MHc70_MA15,255.0,pt_selected >= 255,0.0,0.0,"{""WZ"": 0.0, ""ZZ"": 0.0, ""conversion"": 0.0, ""nonprompt"": 0.0, ""others"": 0.0, ""tZq"": 0.0, ""ttH"": 0.0, ""ttW"": 0.0, ""ttZ"": 0.0}",,0.0,0.0,,True
2018,SR1E2Mu,MHc70_MA15,260.0,pt_selected >= 260,0.0,0.0,"{""WZ"": 0.0, ""ZZ"": 0.0, ""conversion"": 0.0, ""nonprompt"": 0.0, ""others"": 0.0, ""tZq"": 0.0, ""ttH"": 0.0, ""ttW"": 0.0, ""ttZ"": 0.0}",,0.0,0.0,,True
2018,SR1E2Mu,MHc70_MA15,265.0,pt_selected >= 265,0.0,0.0,"{""WZ"": 0.0, ""ZZ"": 0.0, ""conversion"": 0.0, ""nonprompt"": 0.0, ""others"": 0.0, ""tZq"": 0.0, ""ttH"": 0.0, ""ttW"": 0.0, ""ttZ"": 0.0}",,0.0,0.0,,True
2018,SR1E2Mu,MHc70_MA15,270.0,pt_selected >= 270,0.0,0.0,"{""WZ"": 0.0, ""ZZ"": 0.0, ""conversion"": 0.0, ""nonprompt"": 0.0, ""others"": 0.0, ""tZq"": 0.0, ""ttH"": 0.0, ""ttW"": 0.0, ""ttZ"": 0.0}",,0.0,0.0,,True
2018,SR1E2Mu,MHc70_MA15,275.0,pt_selected >= 275,0.0,0.0,"{""WZ"": 0.0, ""ZZ"": 0.0, ""conversion"": 0.0, ""nonprompt"": 0.0, ""others"": 0.0, ""tZq"": 0.0, ""ttH"": 0.0, ""ttW"": 0.0, ""ttZ"": 0.0}",,0.0,0.0,,True
2018,SR1E2Mu,MHc70_MA15,280.0,pt_selected >= 280,0.0,0.0,"{""WZ"": 0.0, ""ZZ"": 0.0, ""conversion"": 0.0, ""nonprompt"": 0.0, ""others"": 0.0, ""tZq"": 0.0, ""ttH"": 0.0, ""ttW"": 0.0, ""ttZ"": 0.0}",,0.0,0.0,,True
2018,SR1E2Mu,MHc70_MA15,285.0,pt_selected >= 285,0.0,0.0,"{""WZ"": 0.0, ""ZZ"": 0.0, ""conversion"": 0.0, ""nonprompt"": 0.0, ""others"": 0.0, ""tZq"": 0.0, ""ttH"": 0.0, ""ttW"": 0.0, ""ttZ"": 0.0}",,0.0,0.0,,True
2018,SR1E2Mu,MHc70_MA15,290.0,pt_selected >= 290,0.0,0.0,"{""WZ"": 0.0, ""ZZ"": 0.0, ""conversion"": 0.0, ""nonprompt"": 0.0, ""others"": 0.0, ""tZq"": 0.0, ""ttH"": 0.0, ""ttW"": 0.0, ""ttZ"": 0.0}",,0.0,0.0,,True
2018,SR1E2Mu,MHc70_MA15,295.0,pt_selected >= 295,0.0,0.0,"{""WZ"": 0.0, ""ZZ"": 0.0, ""conversion"": 0.0, ""nonprompt"": 0.0, ""others"": 0.0, ""tZq"": 0.0, ""ttH"": 0.0, ""ttW"": 0.0, ""ttZ"": 0.0}",,0.0,0.0,,True
2018,SR1E2Mu,MHc70_MA15,300.0,pt_selected >= 300,0.0,0.0,"{""WZ"": 0.0, ""ZZ"": 0.0, ""conversion"": 0.0, ""nonprompt"": 0.0, ""others"": 0.0, ""tZq"": 0.0, ""ttH"": 0.0, ""ttW"": 0.0, ""ttZ"": 0.0}",,0.0,0.0,,True
2018,SR1E2Mu,MHc70_MA15,305.0,pt_selected >= 305,0.0,0.0,"{""WZ"": 0.0, ""ZZ"": 0.0, ""conversion"": 0.0, ""nonprompt"": 0.0, ""others"": 0.0, ""tZq"": 0.0, ""ttH"": 0.0, ""ttW"": 0.0, ""ttZ"": 0.0}",,0.0,0.0,,True
2018,SR1E2Mu,MHc70_MA15,310.0,pt_selected >= 310,0.0,0.0,"{""WZ"": 0.0, ""ZZ"": 0.0, ""conversion"": 0.0, ""nonprompt"": 0.0, ""others"": 0.0, ""tZq"": 0.0, ""ttH"": 0.0, ""ttW"": 0.0, ""ttZ"": 0.0}",,0.0,0.0,,True
2018,SR1E2Mu,MHc70_MA15,315.0,pt_selected >= 315,0.0,0.0,"{""WZ"": 0.0, ""ZZ"": 0.0, ""conversion"": 0.0, ""nonprompt"": 0.0, ""others"": 0.0, ""tZq"": 0.0, ""ttH"": 0.0, ""ttW"": 0.0, ""ttZ"": 0.0}",,0.0,0.0,,True
2018,SR1E2Mu,MHc70_MA15,320.0,pt_selected >= 320,0.0,0.0,"{""WZ"": 0.0, ""ZZ"": 0.0, ""conversion"": 0.0, ""nonprompt"": 0.0, ""others"": 0.0, ""tZq"": 0.0, ""ttH"": 0.0, ""ttW"": 0.0, ""ttZ"": 0.0}",,0.0,0.0,,True
2018,SR1E2Mu,MHc70_MA15,325.0,pt_selected >= 325,0.0,0.0,"{""WZ"": 0.0, ""ZZ"": 0.0, ""conversion"": 0.0, ""nonprompt"": 0.0, ""others"": 0.0, ""tZq"": 0.0, ""ttH"": 0.0, ""ttW"": 0.0, ""ttZ"": 0.0}",,0.0,0.0,,True
2018,SR1E2Mu,MHc70_MA15,330.0,pt_selected >= 330,0.0,0.0,"{""WZ"": 0.0, ""ZZ"": 0.0, ""conversion"": 0.0, ""nonprompt"": 0.0, ""others"": 0.0, ""tZq"": 0.0, ""ttH"": 0.0, ""ttW"": 0.0, ""ttZ"": 0.0}",,0.0,0.0,,True
2018,SR1E2Mu,MHc70_MA15,335.0,pt_selected >= 335,0.0,0.0,"{""WZ"": 0.0, ""ZZ"": 0.0, ""conversion"": 0.0, ""nonprompt"": 0.0, ""others"": 0.0, ""tZq"": 0.0, ""ttH"": 0.0, ""ttW"": 0.0, ""ttZ"": 0.0}",,0.0,0.0,,True
2018,SR1E2Mu,MHc70_MA15,340.0,pt_selected >= 340,0.0,0.0,"{""WZ"": 0.0, ""ZZ"": 0.0, ""conversion"": 0.0, ""nonprompt"": 0.0, ""others"": 0.0, ""tZq"": 0.0, ""ttH"": 0.0, ""ttW"": 0.0, ""ttZ"": 0.0}",,0.0,0.0,,True
2018,SR1E2Mu,MHc70_MA15,345.0,pt_selected >= 345,0.0,0.0,"{""WZ"": 0.0, ""ZZ"": 0.0, ""conversion"": 0.0, ""nonprompt"": 0.0, ""others"": 0.0, ""tZq"": 0.0, ""ttH"": 0.0, ""ttW"": 0.0, ""ttZ"": 0.0}",,0.0,0.0,,True
2018,SR1E2Mu,MHc70_MA15,350.0,pt_selected >= 350,0.0,0.0,"{""WZ"": 0.0, ""ZZ"": 0.0, ""conversion"": 0.0, ""nonprompt"": 0.0, ""others"": 0.0, ""tZq"": 0.0, ""ttH"": 0.0, ""ttW"": 0.0, ""ttZ"": 0.0}",,0.0,0.0,,True
2018,SR1E2Mu,MHc70_MA15,355.0,pt_selected >= 355,0.0,0.0,"{""WZ"": 0.0, ""ZZ"": 0.0, ""conversion"": 0.0, ""nonprompt"": 0.0, ""others"": 0.0, ""tZq"": 0.0, ""ttH"": 0.0, ""ttW"": 0.0, ""ttZ"": 0.0}",,0.0,0.0,,True
2018,SR1E2Mu,MHc70_MA15,360.0,pt_selected >= 360,0.0,0.0,"{""WZ"": 0.0, ""ZZ"": 0.0, ""conversion"": 0.0, ""nonprompt"": 0.0, ""others"": 0.0, ""tZq"": 0.0, ""ttH"": 0.0, ""ttW"": 0.0, ""ttZ"": 0.0}",,0.0,0.0,,True
2018,SR1E2Mu,MHc70_MA15,365.0,pt_selected >= 365,0.0,0.0,"{""WZ"": 0.0, ""ZZ"": 0.0, ""conversion"": 0.0, ""nonprompt"": 0.0, ""others"": 0.0, ""tZq"": 0.0, ""ttH"": 0.0, ""ttW"": 0.0, ""ttZ"": 0.0}",,0.0,0.0,,True
2018,SR1E2Mu,MHc70_MA15,370.0,pt_selected >= 370,0.0,0.0,"{""WZ"": 0.0, ""ZZ"": 0.0, ""conversion"": 0.0, ""nonprompt"": 0.0, ""others"": 0.0, ""tZq"": 0.0, ""ttH"": 0.0, ""ttW"": 0.0, ""ttZ"": 0.0}",,0.0,0.0,,True
2018,SR1E2Mu,MHc70_MA15,375.0,pt_selected >= 375,0.0,0.0,"{""WZ"": 0.0, ""ZZ"": 0.0, ""conversion"": 0.0, ""nonprompt"": 0.0, ""others"": 0.0, ""tZq"": 0.0, ""ttH"": 0.0, ""ttW"": 0.0, ""ttZ"": 0.0}",,0.0,0.0,,True
2018,SR1E2Mu,MHc70_MA15,380.0,pt_selected >= 380,0.0,0.0,"{""WZ"": 0.0, ""ZZ"": 0.0, ""conversion"": 0.0, ""nonprompt"": 0.0, ""others"": 0.0, ""tZq"": 0.0, ""ttH"": 0.0, ""ttW"": 0.0, ""ttZ"": 0.0}",,0.0,0.0,,True
2018,SR1E2Mu,MHc70_MA15,385.0,pt_selected >= 385,0.0,0.0,"{""WZ"": 0.0, ""ZZ"": 0.0, ""conversion"": 0.0, ""nonprompt"": 0.0, ""others"": 0.0, ""tZq"": 0.0, ""ttH"": 0.0, ""ttW"": 0.0, ""ttZ"": 0.0}",,0.0,0.0,,True
2018,SR1E2Mu,MHc70_MA15,390.0,pt_selected >= 390,0.0,0.0,"{""WZ"": 0.0, ""ZZ"": 0.0, ""conversion"": 0.0, ""nonprompt"": 0.0, ""others"": 0.0, ""tZq"": 0.0, ""ttH"": 0.0, ""ttW"": 0.0, ""ttZ"": 0.0}",,0.0,0.0,,True
2018,SR1E2Mu,MHc70_MA15,395.0,pt_selected >= 395,0.0,0.0,"{""WZ"": 0.0, ""ZZ"": 0.0, ""conversion"": 0.0, ""nonprompt"": 0.0, ""others"": 0.0, ""tZq"": 0.0, ""ttH"": 0.0, ""ttW"": 0.0, ""ttZ"": 0.0}",,0.0,0.0,,True
2018,SR1E2Mu,MHc70_MA15,400.0,pt_selected >= 400,0.0,0.0,"{""WZ"": 0.0, ""ZZ"": 0.0, ""conversion"": 0.0, ""nonprompt"": 0.0, ""others"": 0.0, ""tZq"": 0.0, ""ttH"": 0.0, ""ttW"": 0.0, ""ttZ"": 0.0}",,0.0,0.0,,True
2018,SR1E2Mu,MHc70_MA15,405.0,pt_selected >= 405,0.0,0.0,"{""WZ"": 0.0, ""ZZ"": 0.0, ""conversion"": 0.0, ""nonprompt"": 0.0, ""others"": 0.0, ""tZq"": 0.0, ""ttH"": 0.0, ""ttW"": 0.0, ""ttZ"": 0.0}",,0.0,0.0,,True
2018,SR1E2Mu,MHc70_MA15,410.0,pt_selected >= 410,0.0,0.0,"{""WZ"": 0.0, ""ZZ"": 0.0, ""conversion"": 0.0, ""nonprompt"": 0.0, ""others"": 0.0, ""tZq"": 0.0, ""ttH"": 0.0, ""ttW"": 0.0, ""ttZ"": 0.0}",,0.0,0.0,,True
2018,SR1E2Mu,MHc70_MA15,415.0,pt_selected >= 415,0.0,0.0,"{""WZ"": 0.0, ""ZZ"": 0.0, ""conversion"": 0.0, ""nonprompt"": 0.0, ""others"": 0.0, ""tZq"": 0.0, ""ttH"": 0.0, ""ttW"": 0.0, ""ttZ"": 0.0}",,0.0,0.0,,True
2018,SR1E2Mu,MHc70_MA15,420.0,pt_selected >= 420,0.0,0.0,"{""WZ"": 0.0, ""ZZ"": 0.0, ""conversion"": 0.0, ""nonprompt"": 0.0, ""others"": 0.0, ""tZq"": 0.0, ""ttH"": 0.0, ""ttW"": 0.0, ""ttZ"": 0.0}",,0.0,0.0,,True
2018,SR1E2Mu,MHc70_MA15,425.0,pt_selected >= 425,0.0,0.0,"{""WZ"": 0.0, ""ZZ"": 0.0, ""conversion"": 0.0, ""nonprompt"": 0.0, ""others"": 0.0, ""tZq"": 0.0, ""ttH"": 0.0, ""ttW"": 0.0, ""ttZ"": 0.0}",,0.0,0.0,,True
2018,SR1E2Mu,MHc70_MA15,430.0,pt_selected >= 430,0.0,0.0,"{""WZ"": 0.0, ""ZZ"": 0.0, ""conversion"": 0.0, ""nonprompt"": 0.0, ""others"": 0.0, ""tZq"": 0.0, ""ttH"": 0.0, ""ttW"": 0.0, ""ttZ"": 0.0}",,0.0,0.0,,True
2018,SR1E2Mu,MHc70_MA15,435.0,pt_selected >= 435,0.0,0.0,"{""WZ"": 0.0, ""ZZ"": 0.0, ""conversion"": 0.0, ""nonprompt"": 0.0, ""others"": 0.0, ""tZq"": 0.0, ""ttH"": 0.0, ""ttW"": 0.0, ""ttZ"": 0.0}",,0.0,0.0,,True
2018,SR1E2Mu,MHc70_MA15,440.0,pt_selected >= 440,0.0,0.0,"{""WZ"": 0.0, ""ZZ"": 0.0, ""conversion"": 0.0, ""nonprompt"": 0.0, ""others"": 0.0, ""tZq"": 0.0, ""ttH"": 0.0, ""ttW"": 0.0, ""ttZ"": 0.0}",,0.0,0.0,,True
2018,SR1E2Mu,MHc70_MA15,445.0,pt_selected >= 445,0.0,0.0,"{""WZ"": 0.0, ""ZZ"": 0.0, ""conversion"": 0.0, ""nonprompt"": 0.0, ""others"": 0.0, ""tZq"": 0.0, ""ttH"": 0.0, ""ttW"": 0.0, ""ttZ"": 0.0}",,0.0,0.0,,True
2018,SR1E2Mu,MHc70_MA15,450.0,pt_selected >= 450,0.0,0.0,"{""WZ"": 0.0, ""ZZ"": 0.0, ""conversion"": 0.0, ""nonprompt"": 0.0, ""others"": 0.0, ""tZq"": 0.0, ""ttH"": 0.0, ""ttW"": 0.0, ""ttZ"": 0.0}",,0.0,0.0,,True
2018,SR1E2Mu,MHc70_MA15,455.0,pt_selected >= 455,0.0,0.0,"{""WZ"": 0.0, ""ZZ"": 0.0, ""conversion"": 0.0, ""nonprompt"": 0.0, ""others"": 0.0, ""tZq"": 0.0, ""ttH"": 0.0, ""ttW"": 0.0, ""ttZ"": 0.0}",,0.0,0.0,,True
2018,SR1E2Mu,MHc70_MA15,460.0,pt_selected >= 460,0.0,0.0,"{""WZ"": 0.0, ""ZZ"": 0.0, ""conversion"": 0.0, ""nonprompt"": 0.0, ""others"": 0.0, ""tZq"": 0.0, ""ttH"": 0.0, ""ttW"": 0.0, ""ttZ"": 0.0}",,0.0,0.0,,True
2018,SR1E2Mu,MHc70_MA15,465.0,pt_selected >= 465,0.0,0.0,"{""WZ"": 0.0, ""ZZ"": 0.0, ""conversion"": 0.0, ""nonprompt"": 0.0, ""others"": 0.0, ""tZq"": 0.0, ""ttH"": 0.0, ""ttW"": 0.0, ""ttZ"": 0.0}",,0.0,0.0,,True
2018,SR1E2Mu,MHc70_MA15,470.0,pt_selected >= 470,0.0,0.0,"{""WZ"": 0.0, ""ZZ"": 0.0, ""conversion"": 0.0, ""nonprompt"": 0.0, ""others"": 0.0, ""tZq"": 0.0, ""ttH"": 0.0, ""ttW"": 0.0, ""ttZ"": 0.0}",,0.0,0.0,,True
2018,SR1E2Mu,MHc70_MA15,475.0,pt_selected >= 475,0.0,0.0,"{""WZ"": 0.0, ""ZZ"": 0.0, ""conversion"": 0.0, ""nonprompt"": 0.0, ""others"": 0.0, ""tZq"": 0.0, ""ttH"": 0.0, ""ttW"": 0.0, ""ttZ"": 0.0}",,0.0,0.0,,True
2018,SR1E2Mu,MHc70_MA15,480.0,pt_selected >= 480,0.0,0.0,"{""WZ"": 0.0, ""ZZ"": 0.0, ""conversion"": 0.0, ""nonprompt"": 0.0, ""others"": 0.0, ""tZq"": 0.0, ""ttH"": 0.0, ""ttW"": 0.0, ""ttZ"": 0.0}",,0.0,0.0,,True
2018,SR1E2Mu,MHc70_MA15,485.0,pt_selected >= 485,0.0,0.0,"{""WZ"": 0.0, ""ZZ"": 0.0, ""conversion"": 0.0, ""nonprompt"": 0.0, ""others"": 0.0, ""tZq"": 0.0, ""ttH"": 0.0, ""ttW"": 0.0, ""ttZ"": 0.0}",,0.0,0.0,,True
2018,SR1E2Mu,MHc70_MA15,490.0,pt_selected >= 490,0.0,0.0,"{""WZ"": 0.0, ""ZZ"": 0.0, ""conversion"": 0.0, ""nonprompt"": 0.0, ""others"": 0.0, ""tZq"": 0.0, ""ttH"": 0.0, ""ttW"": 0.0, ""ttZ"": 0.0}",,0.0,0.0,,True
2018,SR1E2Mu,MHc70_MA15,495.0,pt_selected >= 495,0.0,0.0,"{""WZ"": 0.0, ""ZZ"": 0.0, ""conversion"": 0.0, ""nonprompt"": 0.0, ""others"": 0.0, ""tZq"": 0.0, ""ttH"": 0.0, ""ttW"": 0.0, ""ttZ"": 0.0}",,0.0,0.0,,True
2018,SR1E2Mu,MHc70_MA15,500.0,pt_selected >= 500,0.0,0.0,"{""WZ"": 0.0, ""ZZ"": 0.0, ""conversion"": 0.0, ""nonprompt"": 0.0, ""others"": 0.0, ""tZq"": 0.0, ""ttH"": 0.0, ""ttW"": 0.0, ""ttZ"": 0.0}",,0.0,0.0,,True
2018,SR1E2Mu,MHc100_MA60,0.0,pt_selected >= 0,,,,,,,,False
2018,SR1E2Mu,MHc100_MA60,5.0,pt_selected >= 5,,,,,,,,False
2018,SR1E2Mu,MHc100_MA60,10.0,pt_selected >= 10,,,,,,,,False
2018,SR1E2Mu,MHc100_MA60,15.0,pt_selected >= 15,,,,,,,,False
2018,SR1E2Mu,MHc100_MA60,20.0,pt_selected >= 20,,,,,,,,False
2018,SR1E2Mu,MHc100_MA60,25.0,pt_selected >= 25,,,,,,,,False
2018,SR1E2Mu,MHc100_MA60,30.0,pt_selected >= 30,,,,,,,,False
2018,SR1E2Mu,MHc100_MA60,35.0,pt_selected >= 35,,,,,,,,False
2018,SR1E2Mu,MHc100_MA60,40.0,pt_selected >= 40,,,,,,,,False
2018,SR1E2Mu,MHc100_MA60,45.0,pt_selected >= 45,,,,,,,,False
2018,SR1E2Mu,MHc100_MA60,50.0,pt_selected >= 50,,,,,,,,False
2018,SR1E2Mu,MHc100_MA60,55.0,pt_selected >= 55,,,,,,,,False
2018,SR1E2Mu,MHc100_MA60,60.0,pt_selected >= 60,,,,,,,,False
2018,SR1E2Mu,MHc100_MA60,65.0,pt_selected >= 65,,,,,,,,False
2018,SR1E2Mu,MHc100_MA60,70.0,pt_selected >= 70,,,,,,,,False
2018,SR1E2Mu,MHc100_MA60,75.0,pt_selected >= 75,,,,,,,,False
2018,SR1E2Mu,MHc100_MA60,80.0,pt_selected >= 80,,,,,,,,False
2018,SR1E2Mu,MHc100_MA60,85.0,pt_selected >= 85,,,,,,,,False
2018,SR1E2Mu,MHc100_MA60,90.0,pt_selected >= 90,,,,,,,,False
2018,SR1E2Mu,MHc100_MA60,95.0,pt_selected >= 95,,,,,,,,False
2018,SR1E2Mu,MHc100_MA60,100.0,pt_selected >= 100,,,,,,,,False
2018,SR1E2Mu,MHc100_MA60,105.0,pt_selected >= 105,,,,,,,,False
2018,SR1E2Mu,MHc100_MA60,110.0,pt_selected >= 110,,,,,,,,False
2018,SR1E2Mu,MHc100_MA60,115.0,pt_selected >= 115,,,,,,,,False
2018,SR1E2Mu,MHc100_MA60,120.0,pt_selected >= 120,,,,,,,,False
2018,SR1E2Mu,MHc100_MA60,125.0,pt_selected >= 125,,,,,,,,False
2018,SR1E2Mu,MHc100_MA60,130.0,pt_selected >= 130,,,,,,,,False
2018,SR1E2Mu,MHc100_MA60,135.0,pt_selected >= 135,,,,,,,,False
2018,SR1E2Mu,MHc100_MA60,140.0,pt_selected >= 140,,,,,,,,False
2018,SR1E2Mu,MHc100_MA60,145.0,pt_selected >= 145,,,,,,,,False
2018,SR1E2Mu,MHc100_MA60,150.0,pt_selected >= 150,,,,,,,,False
2018,SR1E2Mu,MHc100_MA60,155.0,pt_selected >= 155,,,,,,,,False
2018,SR1E2Mu,MHc100_MA60,160.0,pt_selected >= 160,,,,,,,,False
2018,SR1E2Mu,MHc100_MA60,165.0,pt_selected >= 165,,,,,,,,False
2018,SR1E2Mu,MHc100_MA60,170.0,pt_selected >= 170,,,,,,,,False
2018,SR1E2Mu,MHc100_MA60,175.0,pt_selected >= 175,,,,,,,,False
2018,SR1E2Mu,MHc100_MA60,180.0,pt_selected >= 180,,,,,,,,False
2018,SR1E2Mu,MHc100_MA60,185.0,pt_selected >= 185,,,,,,,,False
2018,SR1E2Mu,MHc100_MA60,190.0,pt_selected >= 190,,,,,,,,False
2018,SR1E2Mu,MHc100_MA60,195.0,pt_selected >= 195,,,,,,,,False
2018,SR1E2Mu,MHc100_MA60,200.0,pt_selected >= 200,,,,,,,,False
2018,SR1E2Mu,MHc100_MA60,205.0,pt_selected >= 205,,,,,,,,False
2018,SR1E2Mu,MHc100_MA60,210.0,pt_selected >= 210,,,,,,,,False
2018,SR1E2Mu,MHc100_MA60,215.0,pt_selected >= 215,,,,,,,,False
2018,SR1E2Mu,MHc100_MA60,220.0,pt_selected >= 220,,,,,,,,False
2018,SR1E2Mu,MHc100_MA60,225.0,pt_selected >= 225,,,,,,,,False
2018,SR1E2Mu,MHc100_MA60,230.0,pt_selected >= 230,,,,,,,,False
2018,SR1E2Mu,MHc100_MA60,235.0,pt_selected >= 235,,,,,,,,False
2018,SR1E2Mu,MHc100_MA60,240.0,pt_selected >= 240,,,,,,,,False
2018,SR1E2Mu,MHc100_MA60,245.0,pt_selected >= 245,,,,,,,,False
2018,SR1E2Mu,MHc100_MA60,250.0,pt_selected >= 250,,,,,,,,False
2018,SR1E2Mu,MHc100_MA60,255.0,pt_selected >= 255,,,,,,,,False
2018,SR1E2Mu,MHc100_MA60,260.0,pt_selected >= 260,,,,,,,,False
2018,SR1E2Mu,MHc100_MA60,265.0,pt_selected >= 265,,,,,,,,False
2018,SR1E2Mu,MHc100_MA60,270.0,pt_selected >= 270,,,,,,,,False
2018,SR1E2Mu,MHc100_MA60,275.0,pt_selected >= 275,,,,,,,,False
2018,SR1E2Mu,MHc100_MA60,280.0,pt_selected >= 280,,,,,,,,False
2018,SR1E2Mu,MHc100_MA60,285.0,pt_selected >= 285,,,,,,,,False
2018,SR1E2Mu,MHc100_MA60,290.0,pt_selected >= 290,,,,,,,,False
2018,SR1E2Mu,MHc100_MA60,295.0,pt_selected >= 295,,,,,,,,False
2018,SR1E2Mu,MHc100_MA60,300.0,pt_selected >= 300,,,,,,,,False
2018,SR1E2Mu,MHc100_MA60,305.0,pt_selected >= 305,,,,,,,,False
2018,SR1E2Mu,MHc100_MA60,310.0,pt_selected >= 310,,,,,,,,False
2018,SR1E2Mu,MHc100_MA60,315.0,pt_selected >= 315,,,,,,,,False
2018,SR1E2Mu,MHc100_MA60,320.0,pt_selected >= 320,,,,,,,,False
2018,SR1E2Mu,MHc100_MA60,325.0,pt_selected >= 325,,,,,,,,False
2018,SR1E2Mu,MHc100_MA60,330.0,pt_selected >= 330,,,,,,,,False
2018,SR1E2Mu,MHc100_MA60,335.0,pt_selected >= 335,,,,,,,,False
2018,SR1E2Mu,MHc100_MA60,340.0,pt_selected >= 340,,,,,,,,False
2018,SR1E2Mu,MHc100_MA60,345.0,pt_selected >= 345,,,,,,,,False
2018,SR1E2Mu,MHc100_MA60,350.0,pt_selected >= 350,,,,,,,,False
2018,SR1E2Mu,MHc100_MA60,355.0,pt_selected >= 355,,,,,,,,False
2018,SR1E2Mu,MHc100_MA60,360.0,pt_selected >= 360,,,,,,,,False
2018,SR1E2Mu,MHc100_MA60,365.0,pt_selected >= 365,,,,,,,,False
2018,SR1E2Mu,MHc100_MA60,370.0,pt_selected >= 370,,,,,,,,False
2018,SR1E2Mu,MHc100_MA60,375.0,pt_selected >= 375,,,,,,,,False
2018,SR1E2Mu,MHc100_MA60,380.0,pt_selected >= 380,,,,,,,,False
2018,SR1E2Mu,MHc100_MA60,385.0,pt_selected >= 385,,,,,,,,False
2018,SR1E2Mu,MHc100_MA60,390.0,pt_selected >= 390,,,,,,,,False
2018,SR1E2Mu,MHc100_MA60,395.0,pt_selected >= 395,,,,,,,,False
2018,SR1E2Mu,MHc100_MA60,400.0,pt_selected >= 400,,,,,,,,False
2018,SR1E2Mu,MHc100_MA60,405.0,pt_selected >= 405,,,,,,,,False
2018,SR1E2Mu,MHc100_MA60,410.0,pt_selected >= 410,,,,,,,,False
2018,SR1E2Mu,MHc100_MA60,415.0,pt_selected >= 415,,,,,,,,False
2018,SR1E2Mu,MHc100_MA60,420.0,pt_selected >= 420,,,,,,,,False
2018,SR1E2Mu,MHc100_MA60,425.0,pt_selected >= 425,,,,,,,,False
2018,SR1E2Mu,MHc100_MA60,430.0,pt_selected >= 430,,,,,,,,False
2018,SR1E2Mu,MHc100_MA60,435.0,pt_selected >= 435,,,,,,,,False
2018,SR1E2Mu,MHc100_MA60,440.0,pt_selected >= 440,,,,,,,,False
2018,SR1E2Mu,MHc100_MA60,445.0,pt_selected >= 445,,,,,,,,False
2018,SR1E2Mu,MHc100_MA60,450.0,pt_selected >= 450,,,,,,,,False
2018,SR1E2Mu,MHc100_MA60,455.0,pt_selected >= 455,,,,,,,,False
2018,SR1E2Mu,MHc100_MA60,460.0,pt_selected >= 460,,,,,,,,False
2018,SR1E2Mu,MHc100_MA60,465.0,pt_selected >= 465,,,,,,,,False
2018,SR1E2Mu,MHc100_MA60,470.0,pt_selected >= 470,,,,,,,,False
2018,SR1E2Mu,MHc100_MA60,475.0,pt_selected >= 475,,,,,,,,False
2018,SR1E2Mu,MHc100_MA60,480.0,pt_selected >= 480,,,,,,,,False
2018,SR1E2Mu,MHc100_MA60,485.0,pt_selected >= 485,,,,,,,,False
2018,SR1E2Mu,MHc100_MA60,490.0,pt_selected >= 490,,,,,,,,False
2018,SR1E2Mu,MHc100_MA60,495.0,pt_selected >= 495,,,,,,,,False
2018,SR1E2Mu,MHc100_MA60,500.0,pt_selected >= 500,,,,,,,,False
2018,SR1E2Mu,MHc130_MA90,0.0,pt_selected >= 0,14.582300849913118,234.77542470977863,"{""WZ"": 43.50141925626259, ""ZZ"": 8.720430768305055, ""conversion"": -1.4590742561619765, ""nonprompt"": 77.06076093169395, ""others"": 3.863077021320862, ""tZq"": 18.556352667811915, ""ttH"": 2.6664887403753275, ""ttW"": 3.243617865071051, ""ttZ"": 78.62235171509987}",0.9516992708282324,1.0,1.0,1.0,True
2018,SR1E2Mu,MHc130_MA90,5.0,pt_selected >= 5,14.53426135035204,234.10391322961632,"{""WZ"": 43.117962553881654, ""ZZ"": 8.678652031780983, ""conversion"": -1.4590742561619765, ""nonprompt"": 77.06076093169395, ""others"": 3.8541008199538322, ""tZq"": 18.504752623468185, ""ttH"": 2.6585583648408746, ""ttW"": 3.2287806184333108, ""ttZ"": 78.45941954172551}",0.9499234931297166,0.9967056296495649,0.9971397709918216,0.9981340978679427,True
2018,SR1E2Mu,MHc130_MA90,10.0,pt_selected >= 10,14.36294079951465,232.20819079908637,"{""WZ"": 42.91384799592467, ""ZZ"": 8.553589522705932, ""conversion"": -1.4590742561619765, ""nonprompt"": 76.1920881025726, ""others"": 3.819766481387919, ""tZq"": 18.250476644427188, ""ttH"": 2.6231569011201055, ""ttW"": 3.182993148705379, ""ttZ"": 78.13134625840456}",0.9425504455195449,0.9849571029526678,0.9890651506056658,0.9903868526654166,True
2018,SR1E2Mu,MHc130_MA90,15.0,pt_selected >= 15,14.083683034350827,229.77876259646501,"{""WZ"": 42.22386598843038, ""ZZ"": 8.386410321055338, ""conversion"": -1.543169328921003, ""nonprompt"": 75.81403893756215, ""others"": 3.7623325873677755, ""tZq"": 17.964434192632904, ""ttH"": 2.586499761883567, ""ttW"": 3.107120320715637, ""ttZ"": 77.47722981573827}",0.9290975164084396,0.9658066432249434,0.9787172694097335,0.9762511592552517,True
2018,SR1E2Mu,MHc130_MA90,20.0,pt_selected >= 20,13.685601899293594,225.11277736808813,"{""WZ"": 41.44288003979651, ""ZZ"": 8.144469499061326, ""conversion"": -1.6626274497047195, ""nonprompt"": 73.77680706384126, ""others"": 3.692000342146312, ""tZq"": 17.568093674893642, ""ttH"": 2.4996313202994522, ""ttW"": 2.9876998007255664, ""ttZ"": 76.66382307702881}",0.9121448901464845,0.9385077183738898,0.9588430205008248,0.9584381517416474,True
2018,SR1E2Mu,MHc130_MA90,25.0,pt_selected >= 25,13.214212814901044,219.31472654691612,"{""WZ"": 40.8791895043392, ""ZZ"": 7.861489516282486, ""conversion"": -1.6626274497047195, ""nonprompt"": 70.79985451570246, ""others"": 3.6205962424765215, ""tZq"": 17.05989676219363, ""ttH"": 2.413984172734557, ""ttW"": 2.8341587877384273, ""ttZ"": 75.50818449515356}",0.8922928223415456,0.9061816067921665,0.9341468631907514,0.9375785499604437,True
2018,SR1E2Mu,MHc130_MA90,30.0,pt_selected >= 30,12.664466225676417,212.54602655324982,"{""WZ"": 40.51744576006443, ""ZZ"": 7.544227089282164, ""conversion"": -1.756226290888086, ""nonprompt"": 66.9172557691345, ""others"": 3.516506932863071, ""tZq"": 16.39529340385884, ""ttH"": 2.317370596913747, ""ttW"": 2.71663705134898, ""ttZ"": 74.37751624067218}",0.8686811445761672,0.8684820287294973,0.9053163328997997,0.9127685301473256,True
2018,SR1E2Mu,MHc130_MA90,35.0,pt_selected >= 35,12.056781348641755,206.46655905976908,"{""WZ"": 39.058163531601124, ""ZZ"": 7.2166145069915855, ""conversion"": -1.8419184806532676, ""nonprompt"": 65.05625550507102, ""others"": 3.399638253311079, ""tZq"": 15.805202736749047, ""ttH"": 2.2170298650379965, ""ttW"": 2.587191765155081, ""ttZ"": 72.96838137650542}",0.8390860965862174,0.8268092582052022,0.879421512345238,0.8816714715521307,True
2018,SR1E2Mu,MHc130_MA90,40.0,pt_selected >= 40,11.395892359112526,199.14830792812126,"{""WZ"": 38.142052810400045, ""ZZ"": 6.806539966488923, ""conversion"": -1.8419184806532676, ""nonprompt"": 61.62799403129611, ""others"": 3.2758588357903604, ""tZq"": 15.108058980433915, ""ttH"": 2.111726940781188, ""ttW"": 2.4314139437756426, ""ttZ"": 71.48658089980836}",0.8075325335528709,0.7814879473687737,0.8482502296579874,0.8485164991774157,True
2018,SR1E2Mu,MHc130_MA90,45.0,pt_selected >= 45,10.697433338119135,190.04152408974056,"{""WZ"": 36.68140977734338, ""ZZ"": 6.42913134628171, ""conversion"": -2.1198871717703307, ""nonprompt"": 57.56054648349527, ""others"": 3.15086805969029, ""tZq"": 14.411829998626509, ""ttH"": 1.9866751547116281, ""ttW"": 2.2576520385296606, ""ttZ"": 69.68329840283246}",0.7759885917109229,0.733590223396253,0.8094608893782789,0.8153716362896924,True
2018,SR1E2Mu,MHc130_MA90,50.0,pt_selected >= 50,10.001066385776284,182.82438143287197,"{""WZ"": 35.0283559591116, ""ZZ"": 6.054993425128115, ""conversion"": -2.0942236821632174, ""nonprompt"": 55.16718221583869, ""others"": 3.0320343088770607, ""tZq"": 13.728298321405097, ""ttH"": 1.8756386028636418, ""ttW"": 2.1391176338583517, ""ttZ"": 67.89298464795263}",0.7396550959444331,0.6858359657170199,0.7787202670759652,0.7771941395948909,True
2018,SR1E2Mu,MHc130_MA90,55.0,pt_selected >= 55,9.327824249365603,174.59334109077673,"{""WZ"": 33.17231918976978, ""ZZ"": 5.6968767108375715, ""conversion"": -2.17456570169617, ""nonprompt"": 52.15538928040769, ""others"": 2.8884694616137616, ""tZq"": 13.06764926058712, ""ttH"": 1.7841888056371455, ""ttW"": 1.969531338142022, ""ttZ"": 66.0334827454778}",0.7059379293944756,0.639667521975531,0.7436610595278575,0.7417657562983329,True
2018,SR1E2Mu,MHc130_MA90,60.0,pt_selected >= 60,8.614753733596528,168.54657191163525,"{""WZ"": 32.18817057989127, ""ZZ"": 5.300178858536876, ""conversion"": -2.17456570169617, ""nonprompt"": 50.460749145946465, ""others"": 2.7470250237715237, ""tZq"": 12.314691846436682, ""ttH"": 1.6510028125740857, ""ttW"": 1.795651383199677, ""ttZ"": 64.26366796297481}",0.6635641354347764,0.5907677959920745,0.7179055138330035,0.6972414036393014,True
2018,SR1E2Mu,MHc130_MA90,65.0,pt_selected >= 65,7.932886859733141,160.02616986397183,"{""WZ"": 30.451420517002546, ""ZZ"": 4.929623687471318, ""conversion"": -2.087560851380987, ""nonprompt"": 46.982017515576445, ""others"": 2.6427060348239584, ""tZq"": 11.703066281156545, ""ttH"": 1.5435517119835451, ""ttW"": 1.6142680451630749, ""ttZ"": 62.2470769221754}",0.6270984898945086,0.5440078998082395,0.68161380204845,0.6589250502932145,True
2018,SR1E2Mu,MHc130_MA90,70.0,pt_selected >= 70,7.262268928704465,150.365994774865,"{""WZ"": 28.48441868980143, ""ZZ"": 4.577559983880298, ""conversion"": -2.258794291269793, ""nonprompt"": 43.0732032925589, ""others"": 2.5143324470625363, ""tZq"": 10.93826131558076, ""ttH"": 1.4385337308010906, ""ttW"": 1.4623867486709077, ""ttZ"": 60.13609285777886}",0.5922396930913502,0.49801941431949914,0.6404673528361936,0.6222970966195482,True
2018,SR1E2Mu,MHc130_MA90,75.0,pt_selected >= 75,6.646410458242788,143.8035783668079,"{""WZ"": 27.652225821140078, ""ZZ"": 4.229333521857231, ""conversion"": -2.0593064264067946, ""nonprompt"": 40.410849508713, ""others"": 2.4173506568001293, ""tZq"": 10.421238790901613, ""ttH"": 1.3014665956385698, ""ttW"": 1.3109018352963642, ""ttZ"": 58.11951806286774}",0.5542456735690152,0.4557861291335508,0.6125154647023766,0.5823748011140889,True
2018,SR1E2Mu,MHc130_MA90,80.0,pt_selected >= 80,6.061257911498336,135.21295418229482,"{""WZ"": 26.301826895350757, ""ZZ"": 3.9283881186240874, ""conversion"": -2.0593064264067946, ""nonprompt"": 36.54171454987954, ""others"": 2.290256889424262, ""tZq"": 9.798044565637563, ""ttH"": 1.1921133430667619, ""ttW"": 1.2131769930981322, ""ttZ"": 56.00673925362052}",0.5212590560550994,0.415658542083532,0.5759246494791372,0.5477140437456308,True
2018,SR1E2Mu,MHc130_MA90,85.0,pt_selected >= 85,5.513629668991309,128.44935189228076,"{""WZ"": 24.800994580704227, ""ZZ"": 3.6303459637829665, ""conversion"": -1.951960594531482, ""nonprompt"": 34.69005248870235, ""others"": 2.180403583804263, ""tZq"": 9.100373504757961, ""ttH"": 1.073241982059282, ""ttW"": 1.098529745052677, ""ttZ"": 53.82737063794852}",0.48648744203017064,0.37810423236633195,0.5471158322940549,0.5111776975585961,True
2018,SR1E2Mu,MHc130_MA90,90.0,pt_selected >= 90,5.0281941657687215,122.78570578824386,"{""WZ"": 23.39905007929756, ""ZZ"": 3.3612552679769636, ""conversion"": -1.778189023120735, ""nonprompt"": 33.38096790423151, ""others"": 2.063415313105726, ""tZq"": 8.574173780874501, ""ttH"": 0.9650380176887403, ""ttW"": 0.9925490145401933, ""ttZ"": 51.827445433649395}",0.45377245982123754,0.34481486958203034,0.5229921570369955,0.4768023615551732,True
2018,SR1E2Mu,MHc130_MA90,95.0,pt_selected >= 95,4.55811901918001,114.56843674910593,"{""WZ"": 22.399836417279175, ""ZZ"": 3.1245761034584536, ""conversion"": -1.6957663182142917, ""nonprompt"": 29.012920856825076, ""others"": 1.95331412699871, ""tZq"": 8.022434101458533, ""ttH"": 0.8966440825577053, ""ttW"": 0.8831621703114384, ""ttZ"": 49.97131520843115}",0.4258465835783271,0.3125788629718998,0.4879916068333452,0.4474591886654772,True
2018,SR1E2Mu,MHc130_MA90,100.0,pt_selected >= 100,4.115431919180752,107.09972636704389,"{""WZ"": 21.20146631922878, ""ZZ"": 2.9160554684649207, ""conversion"": -1.8713124574234832, ""nonprompt"": 25.78422557131853, ""others"": 1.8686524514707643, ""tZq"": 7.497398654583984, ""ttH"": 0.8250894538447004, ""ttW"": 0.7921015753684031, ""ttZ"": 48.086049330187286}",0.39766854566464743,0.28222102681452166,0.45617945958115896,0.4178510563726393,True
2018,SR1E2Mu,MHc130_MA90,105.0,pt_selected >= 105,3.7200380065874055,101.26372357270397,"{""WZ"": 20.302906892936093, ""ZZ"": 2.71019222311478, ""conversion"": -0.24685035523701684, ""nonprompt"": 22.197111646994017, ""others"": 1.7811530781558447, ""tZq"": 7.076846984740525, ""ttH"": 0.7483469058700587, ""ttW"": 0.7150439844373053, ""ttZ"": 45.97897221169235}",0.36967529708934116,0.25510638169350136,0.43132165003165357,0.3884370918637197,True
2018,SR1E2Mu,MHc130_MA90,110.0,pt_selected >= 110,3.3690850202008433,95.72934467083728,"{""WZ"": 19.275848115324102, ""ZZ"": 2.5110270653247535, ""conversion"": -0.15765231016022238, ""nonprompt"": 20.367410580976866, ""others"": 1.6961315720241872, ""tZq"": 6.580122826846672, ""ttH"": 0.6918462373536449, ""ttW"": 0.6745717730013038, ""ttZ"": 44.09003881014596}",0.3443415481927636,0.23103933013567723,0.4077485741498482,0.36181760220651904,True
2018,SR1E2Mu,MHc130_MA90,115.0,pt_selected >= 115,3.0205560963214766,91.0121652457792,"{""WZ"": 18.36090334969267, ""ZZ"": 2.3667385642758525, ""conversion"": -0.15765231016022238, ""nonprompt"": 19.2247178273974, ""others"": 1.6093303789982591, ""tZq"": 6.126578296687631, ""ttH"": 0.6404861308101693, ""ttW"": 0.5869895669095498, ""ttZ"": 42.25407344116787}",0.3166191526709342,0.2071385117760393,0.38765626921252655,0.33268823711022816,True
2018,SR1E2Mu,MHc130_MA90,120.0,pt_selected >= 120,2.7132827482949384,87.46396343911744,"{""WZ"": 17.347103368506495, ""ZZ"": 2.188697598529965, ""conversion"": -0.2491534030235719, ""nonprompt"": 19.306709440308623, ""others"": 1.5224151030678277, ""tZq"": 5.693634327712267, ""ttH"": 0.5769385300891613, ""ttW"": 0.535606288619737, ""ttZ"": 40.54201218530694}",0.29012187576653964,0.18606684749005878,0.37254309537396174,0.3048461679644413,True
2018,SR1E2Mu,MHc130_MA90,125.0,pt_selected >= 125,2.434818869555799,84.16144525463666,"{""WZ"": 16.73273185518596, ""ZZ"": 2.0244288022975705, ""conversion"": -0.1610993565418257, ""nonprompt"": 18.911764698917978, ""others"": 1.455863098923238, ""tZq"": 5.295438989823725, ""ttH"": 0.5254099910922945, ""ttW"": 0.4869282781448038, ""ttZ"": 38.88997889679294}",0.26540559040737877,0.1669708295430145,0.35847638379815167,0.2788754794110592,True
2018,SR1E2Mu,MHc130_MA90,130.0,pt_selected >= 130,2.1959404947591707,80.05183475588608,"{""WZ"": 15.691717087602918, ""ZZ"": 1.8852291244541426, ""conversion"": -0.1610993565418257, ""nonprompt"": 18.40174423425924, ""others"": 1.3804345008631476, ""tZq"": 4.87373949670357, ""ttH"": 0.4753804483528256, ""ttW"": 0.42762911378001983, ""ttZ"": 37.077060106412056}",0.24543411130908344,0.15058943834451574,0.3409719516207602,0.25789040596352486,True
2018,SR1E2Mu,MHc130_MA90,135.0,pt_selected >= 135,1.9642771347832986,73.3343958720663,"{""WZ"": 14.763736792878952, ""ZZ"": 1.7420062098867468, ""conversion"": -0.06681164589154254, ""nonprompt"": 14.830567787284963, ""others"": 1.3150348007525883, ""tZq"": 4.521995620700598, ""ttH"": 0.41568757725548416, ""ttW"": 0.39181067088563865, ""ttZ"": 35.42036805831288}",0.2293764895895825,0.13470282604922404,0.3123597623674615,0.24101782634546284,True
2018,SR1E2Mu,MHc130_MA90,140.0,pt_selected >= 140,1.7641008593639056,68.51132801558079,"{""WZ"": 13.92900754704475, ""ZZ"": 1.627377092484971, ""conversion"": 0.008179033541104204, ""nonprompt"": 13.02402628166601, ""others"": 1.2520684747333677, ""tZq"": 4.25634639571417, ""ttH"": 0.3857747415919541, ""ttW"": 0.3447198934052171, ""ttZ"": 33.683828555399266}",0.21312883870602128,0.12097548099718546,0.29181643734761487,0.22394557318567904,True
2018,SR1E2Mu,MHc130_MA90,145.0,pt_selected >= 145,1.5865188974126114,65.92343449956923,"{""WZ"": 13.654358518687781, ""ZZ"": 1.51640560337582, ""conversion"": 0.008179033541104204, ""nonprompt"": 12.612730927299708, ""others"": 1.178748156961257, ""tZq"": 4.019307317193619, ""ttH"": 0.34107955019596037, ""ttW"": 0.3185234373054076, ""ttZ"": 32.27410195500857}",0.1954003497847414,0.10879756999541428,0.2807935906454499,0.2053173263595032,True
2018,SR1E2Mu,MHc130_MA90,150.0,pt_selected >= 150,1.430681997573451,62.38467146793283,"{""WZ"": 12.813265030557899, ""ZZ"": 1.415080047587103, ""conversion"": 0.008179033541104204, ""nonprompt"": 11.780165932606906, ""others"": 1.114795714185219, ""tZq"": 3.754228566275356, ""ttH"": 0.3092386813842374, ""ttW"": 0.2812454602713113, ""ttZ"": 30.908473001523696}",0.18113574691410742,0.09811085454199603,0.2657206202269707,0.19032876504830246,True
2018,SR1E2Mu,MHc130_MA90,155.0,pt_selected >= 155,1.2787322862997623,59.85417794124128,"{""WZ"": 12.206161521891671, ""ZZ"": 1.3276478547680706, ""conversion"": 0.008179033541104204, ""nonprompt"": 11.74465962825343, ""others"": 1.069005502886981, ""tZq"": 3.5443788298186654, ""ttH"": 0.27268530640501487, ""ttW"": 0.25997822665474263, ""ttZ"": 29.421482037021597}",0.1652846016614221,0.08769070803441702,0.2549422624417823,0.17367314100974393,True
2018,SR1E2Mu,MHc130_MA90,160.0,pt_selected >= 160,1.1434029379065962,55.44302353560757,"{""WZ"": 11.615627574747386, ""ZZ"": 1.2448118364942278, ""conversion"": 0.008179033541104204, ""nonprompt"": 9.654078572522849, ""others"": 1.0211221683314442, ""tZq"": 3.30707853224851, ""ttH"": 0.24293940429633862, ""ttW"": 0.23716745111585522, ""ttZ"": 28.11201896230986}",0.15355920347182672,0.07841032424683575,0.23615343728648067,0.16135265432975401,True
2018,SR1E2Mu,MHc130_MA90,165.0,pt_selected >= 165,1.0286658730131932,51.89809678840146,"{""WZ"": 10.895596144042804, ""ZZ"": 1.1567421601378678, ""conversion"": 0.008179033541104204, ""nonprompt"": 8.696577367838472, ""others"": 0.9643990721958728, ""tZq"": 3.045607237867772, ""ttH"": 0.2168180712467778, ""ttW"": 0.20057631034825282, ""ttZ"": 26.713601391182536}",0.1427902704300254,0.07054208273444873,0.22105421320206797,0.15003717540495723,True
2018,SR1E2Mu,MHc130_MA90,170.0,pt_selected >= 170,0.9313550472939532,49.45995011003453,"{""WZ"": 10.370805972116928, ""ZZ"": 1.0823566719218767, ""conversion"": 0.008179033541104204, ""nonprompt"": 8.436037217732519, ""others"": 0.911583845016443, ""tZq"": 2.8477721851039997, ""ttH"": 0.19732735706201895, ""ttW"": 0.18100778946309729, ""ttZ"": 25.424880038076537}",0.13243062707828637,0.0638688679433947,0.21066919662130407,0.1391517584783231,True
2018,SR1E2Mu,MHc130_MA90,175.0,pt_selected >= 175,0.8310719738561169,47.60982871471593,"{""WZ"": 10.075508015071788, ""ZZ"": 1.0138417889630884, ""conversion"": 0.008179033541104204, ""nonprompt"": 8.222228353377432, ""others"": 0.8693377394257246, ""tZq"": 2.7169616328081254, ""ttH"": 0.1759341776790597, ""ttW"": 0.15900579784065497, ""ttZ"": 24.36883217600895}",0.12044543026425862,0.05699182744958032,0.20278880880982145,0.12655828785015139,True
2018,SR1E2Mu,MHc130_MA90,180.0,pt_selected >= 180,0.7446505826365674,44.86139307878325,"{""WZ"": 9.286144869914068, ""ZZ"": 0.9582858098736904, ""conversion"": 0.008179033541104204, ""nonprompt"": 7.6493667885661125, ""others"": 0.8274332524833888, ""tZq"": 2.577891935049129, ""ttH"": 0.16300305272805946, ""ttW"": 0.14632995405244745, ""ttZ"": 23.24475838257525}",0.11117730847286295,0.051065369608048104,0.19108215067330567,0.11681978948676615,True
2018,SR1E2Mu,MHc130_MA90,185.0,pt_selected >= 185,0.6702100856416191,42.71986328959603,"{""WZ"": 8.799771712856996, ""ZZ"": 0.8900287648463229, ""conversion"": 0.0, ""nonprompt"": 7.4468855410814285, ""others"": 0.7860404839051003, ""tZq"": 2.4320346518307776, ""ttH"": 0.1486907127656525, ""ttW"": 0.13734634141406352, ""ttZ"": 22.079065080895695}",0.10254064193217304,0.04596051696777414,0.18196054098253625,0.1077447940492119,True
2018,SR1E2Mu,MHc130_MA90,190.0,pt_selected >= 190,0.6076385162488128,40.922991476497124,"{""WZ"": 8.411075800780827, ""ZZ"": 0.8297825169809295, ""conversion"": 0.0, ""nonprompt"": 7.408192303031683, ""others"": 0.7434333343123379, ""tZq"": 2.2956822747798693, ""ttH"": 0.1404830130603228, ""ttW"": 0.11831318253272752, ""ttZ"": 20.976029051018422}",0.09498643933424578,0.04166959127389236,0.1743069638872328,0.09980719986428299,True
2018,SR1E2Mu,MHc130_MA90,195.0,pt_selected >= 195,0.5507995540642912,38.95395092761709,"{""WZ"": 7.707850874560867, ""ZZ"": 0.778780726578293, ""conversion"": 0.0, ""nonprompt"": 7.452708449214697, ""others"": 0.7027603853582609, ""tZq"": 2.1452895936929384, ""ttH"": 0.12388473164189089, ""ttW"": 0.10656500734048244, ""ttZ"": 19.93611115922966}",0.08825063186332908,0.03777178647823418,0.1659200530710173,0.09272953607133426,True
2018,SR1E2Mu,MHc130_MA90,200.0,pt_selected >= 200,0.5025899977119155,35.936518697419615,"{""WZ"": 6.899781783839815, ""ZZ"": 0.7305607318418842, ""conversion"": 0.0, ""nonprompt"": 6.50191880390048, ""others"": 0.6674156024768284, ""tZq"": 1.988836747032668, ""ttH"": 0.11505685271485648, ""ttW"": 0.0842783521553585, ""ttZ"": 18.94866982345772}",0.08383895176017403,0.034465754265034926,0.15306763364114073,0.08809395397267854,True
2018,SR1E2Mu,MHc130_MA90,205.0,pt_selected >= 205,0.45700085335557544,34.42770302461736,"{""WZ"": 6.883863065027796, ""ZZ"": 0.6754076256332722, ""conversion"": 0.0, ""nonprompt"": 6.185080144554377, ""others"": 0.6278358863199067, ""tZq"": 1.8570811793206234, ""ttH"": 0.10582432052891862, ""ttW"": 0.0758666257184044, ""ttZ"": 18.01674417751406}",0.07788664323738638,0.03133942016827189,0.14664099987115647,0.08183955333873925,True
2018,SR1E2Mu,MHc130_MA90,210.0,pt_selected >= 210,0.41162678070734343,32.25316391875383,"{""WZ"": 6.392249572847264, ""ZZ"": 0.6360559892519219, ""conversion"": 0.0, ""nonprompt"": 5.682651799172163, ""others"": 0.5874087744906876, ""tZq"": 1.7468315695892922, ""ttH"": 0.09279830943076117, ""ttW"": 0.06717597562612422, ""ttZ"": 17.047991928345613}",0.07247987915973438,0.02822783488997869,0.13737879064056252,0.0761583846719327,True
2018,SR1E2Mu,MHc130_MA90,215.0,pt_selected >= 215,0.37571649746569985,30.6583738325597,"{""WZ"": 6.179571068858515, ""ZZ"": 0.5896641550566994, ""conversion"": 0.0, ""nonprompt"": 5.430318500846624, ""others"": 0.5647759514806209, ""tZq"": 1.6440543761329562, ""ttH"": 0.07749625799391215, ""ttW"": 0.06448873729827333, ""ttZ"": 16.108004784892103}",0.06785560192420748,0.025765241118855288,0.13058595834916936,0.0712994156916344,True
2018,SR1E2Mu,MHc130_MA90,220.0,pt_selected >= 220,0.3400611915655832,28.58154725403329,"{""WZ"": 5.862063889761972, ""ZZ"": 0.5530205440048301, ""conversion"": 0.0, ""nonprompt"": 4.643509868532419, ""others"": 0.5398752123651905, ""tZq"": 1.560372346542498, ""ttH"": 0.07159549481916765, ""ttW"": 0.057100162394573585, ""ttZ"": 15.294009735612638}",0.06360836089164854,0.023320132746240063,0.1217399448403291,0.0668366182904525,True
2018,SR1E2Mu,MHc130_MA90,225.0,pt_selected >= 225,0.3057751478440689,27.026846837125955,"{""WZ"": 5.304144649964353, ""ZZ"": 0.5209616731177337, ""conversion"": 0.0, ""nonprompt"": 4.5578718818724155, ""others"": 0.5169703446998242, ""tZq"": 1.4624332209170505, ""ttH"": 0.06808127697109613, ""ttW"": 0.052042403936045444, ""ttZ"": 14.544341385647437}",0.058817220121254704,0.02096892328523662,0.11511787006896322,0.06180231710177526,True
2018,SR1E2Mu,MHc130_MA90,230.0,pt_selected >= 230,0.2775306908412096,25.90894041268096,"{""WZ"": 5.37958716193083, ""ZZ"": 0.48876557222665595, ""conversion"": 0.0, ""nonprompt"": 4.269471023231745, ""others"": 0.49031534912175945, ""tZq"": 1.393122196027373, ""ttH"": 0.06118407412922834, ""ttW"": 0.049843159965630934, ""ttZ"": 13.776651876047733}",0.05452380936144114,0.019032023389015676,0.11035627108207219,0.05729100676308271,True
2018,SR1E2Mu,MHc130_MA90,235.0,pt_selected >= 235,0.2505780250213354,25.080013090602428,"{""WZ"": 5.3713384593555595, ""ZZ"": 0.46358407447977257, ""conversion"": 0.0, ""nonprompt"": 4.285943947732449, ""others"": 0.4693068165780565, ""tZq"": 1.2887218241868468, ""ttH"": 0.056273504142687836, ""ttW"": 0.05075182379384828, ""ttZ"": 13.094092640333207}",0.05003559891029755,0.01718370973143298,0.10682554667553251,0.05257501024115867,True
2018,SR1E2Mu,MHc130_MA90,240.0,pt_selected >= 240,0.22231997839750736,23.631705259847177,"{""WZ"": 4.98239708880128, ""ZZ"": 0.4366586668679707, ""conversion"": 0.0, ""nonprompt"": 3.96385133638978, ""others"": 0.4493033922384675, ""tZq"": 1.2163947959524382, ""ttH"": 0.047938042386875206, ""ttW"": 0.04594476029897517, ""ttZ"": 12.489217176911392}",0.045733133699793115,0.015245877909509181,0.10065663937807752,0.048054185919458654,True
2018,SR1E2Mu,MHc130_MA90,245.0,pt_selected >= 245,0.19943173100749048,22.091355209124224,"{""WZ"": 4.706382480324731, ""ZZ"": 0.40892283220434644, ""conversion"": 0.0, ""nonprompt"": 3.4902438558638096, ""others"": 0.4339629019100386, ""tZq"": 1.1468893764231938, ""ttH"": 0.04651620331512044, ""ttW"": 0.04363026002366451, ""ttZ"": 11.814807299059318}",0.042430981654568524,0.013676286963224923,0.09409568840705028,0.044584442749065305,True
2018,SR1E2Mu,MHc130_MA90,250.0,pt_selected >= 250,0.18046770973319406,21.158141800710585,"{""WZ"": 4.448608693209494, ""ZZ"": 0.3776566040010809, ""conversion"": 0.0, ""nonprompt"": 3.4902438558638096, ""others"": 0.4197538006969819, ""tZq"": 1.0570620260395853, ""ttH"": 0.044939691786339615, ""ttW"": 0.03266614897899259, ""ttZ"": 11.287210980134303}",0.039233833540350024,0.012375804860333087,0.09012076892999153,0.041225032678869365,True
2018,SR1E2Mu,MHc130_MA90,255.0,pt_selected >= 255,0.16276185456585582,19.478504891742034,"{""WZ"": 4.200145931006453, ""ZZ"": 0.354935715968582, ""conversion"": 0.0, ""nonprompt"": 2.772974882274866, ""others"": 0.40451246882986136, ""tZq"": 1.0220516979660255, ""ttH"": 0.043427602994071536, ""ttW"": 0.028535600608210497, ""ttZ"": 10.651920992093965}",0.03687863349947117,0.01116160311332663,0.08296654096492721,0.03875030130828714,True
2018,SR1E2Mu,MHc130_MA90,260.0,pt_selected >= 260,0.14588569478637162,19.017991307756972,"{""WZ"": 4.3727287078537085, ""ZZ"": 0.339899998037811, ""conversion"": 0.0, ""nonprompt"": 2.772974882274866, ""others"": 0.38760737183917526, ""tZq"": 0.9806277187182733, ""ttH"": 0.043427602994071536, ""ttW"": 0.026494856599074038, ""ttZ"": 10.09423016943999}",0.0334526391433336,0.010004298792617546,0.0810050341992411,0.03515043057059493,True
2018,SR1E2Mu,MHc130_MA90,265.0,pt_selected >= 265,0.13627024818642888,18.348501161834044,"{""WZ"": 4.300224885300893, ""ZZ"": 0.31947864116302216, ""conversion"": 0.0, ""nonprompt"": 2.772974882274866, ""others"": 0.373019454531144, ""tZq"": 0.9271647729372346, ""ttH"": 0.0386272300141417, ""ttW"": 0.02408692963585537, ""ttZ"": 9.592924365976884}",0.031812716116677846,0.009344907198732003,0.07815341484107988,0.033427278019234265,True
2018,SR1E2Mu,MHc130_MA90,270.0,pt_selected >= 270,0.12559854174957263,17.412340138250556,"{""WZ"": 4.166053040856075, ""ZZ"": 0.3070545117438044, ""conversion"": 0.0, ""nonprompt"": 2.54255785420537, ""others"": 0.35844850849792953, ""tZq"": 0.8803417110113971, ""ttH"": 0.03727949937381132, ""ttW"": 0.02408692963585537, ""ttZ"": 9.096518082926314}",0.03009927438312751,0.008613081230615329,0.07416594032265131,0.0316268755327858,True
2018,SR1E2Mu,MHc130_MA90,275.0,pt_selected >= 275,0.11465494012252231,16.21466319920042,"{""WZ"": 4.110143869646818, ""ZZ"": 0.2950400250363333, ""conversion"": 0.0, ""nonprompt"": 1.8606118448078632, ""others"": 0.34477601088218324, ""tZq"": 0.8398702910168526, ""ttH"": 0.03727949937381132, ""ttW"": 0.02170578970012453, ""ttZ"": 8.705235868736432}",0.028473365680641873,0.007862609700800778,0.06906456763626105,0.029918448561868125,True
2018,SR1E2Mu,MHc130_MA90,280.0,pt_selected >= 280,0.10139527486934334,15.271044049235417,"{""WZ"": 3.8691660721284773, ""ZZ"": 0.27901380720434, ""conversion"": 0.0, ""nonprompt"": 1.7020997442305088, ""others"": 0.33234501324591426, ""tZq"": 0.7864805474076058, ""ttH"": 0.03388796905236698, ""ttW"": 0.01963023628265452, ""ttZ"": 8.248420659683548}",0.025946772975707178,0.0069533111347066644,0.06504532605196205,0.02726362599093573,True
2018,SR1E2Mu,MHc130_MA90,285.0,pt_selected >= 285,0.09481602766338101,14.775182206332275,"{""WZ"": 3.809283789640025, ""ZZ"": 0.26034380536412355, ""conversion"": 0.0, ""nonprompt"": 1.7020997442305088, ""others"": 0.31770059246092774, ""tZq"": 0.7581173319511316, ""ttH"": 0.03542059974679602, ""ttW"": 0.017452793192449946, ""ttZ"": 7.8747635497463095}",0.024666943205492398,0.006502130811815334,0.06293325728021512,0.025918842182179644,True
2018,SR1E2Mu,MHc130_MA90,290.0,pt_selected >= 290,0.08607332848419347,13.86303920273916,"{""WZ"": 3.396458230485747, ""ZZ"": 0.24728387542312977, ""conversion"": 0.0, ""nonprompt"": 1.7020997442305088, ""others"": 0.30676009661182757, ""tZq"": 0.7087964085696342, ""ttH"": 0.03542059974679602, ""ttW"": 0.019626621480310812, ""ttZ"": 7.446593626191206}",0.023117420454234,0.00590258899264901,0.059048084866106305,0.02429067790933125,True
2018,SR1E2Mu,MHc130_MA90,295.0,pt_selected >= 295,0.07709100957033764,12.857561514055943,"{""WZ"": 3.4811668878298443, ""ZZ"": 0.23329826546178753, ""conversion"": 0.0, ""nonprompt"": 1.0910702086985111, ""others"": 0.29702017641204487, ""tZq"": 0.661253871384188, ""ttH"": 0.034190466678614, ""ttW"": 0.017444668575339214, ""ttZ"": 7.042116969015614}",0.02149930534134823,0.005286614942579308,0.05476536366593745,0.022590440068991646,True
2018,SR1E2Mu,MHc130_MA90,300.0,pt_selected >= 300,0.06922483427912585,12.25098248641857,"{""WZ"": 3.3533396231014283, ""ZZ"": 0.2177890352774213, ""conversion"": 0.0, ""nonprompt"": 1.0910702086985111, ""others"": 0.2785115501248356, ""tZq"": 0.6164743380554587, ""ttH"": 0.0326846035423008, ""ttW"": 0.015244823575140275, ""ttZ"": 6.645868304043471}",0.019777730979240862,0.004747181874219684,0.05218170727009787,0.020781492206071523,True
2018,SR1E2Mu,MHc130_MA90,305.0,pt_selected >= 305,0.06225865617415656,11.380113733005217,"{""WZ"": 2.9410565530171517, ""ZZ"": 0.20341555145241202, ""conversion"": 0.0, ""nonprompt"": 1.0910702086985111, ""others"": 0.27009681253318774, ""tZq"": 0.5828644650602861, ""ttH"": 0.031071991525155045, ""ttW"": 0.01591043588302233, ""ttZ"": 6.244627714835491}",0.01845552658073399,0.004269467268227942,0.048472337967540365,0.019392183167979898,True
2018,SR1E2Mu,MHc130_MA90,310.0,pt_selected >= 310,0.056761140916810324,10.583938513904872,"{""WZ"": 2.7310914437129075, ""ZZ"": 0.19858988469917457, ""conversion"": 0.0, ""nonprompt"": 0.8516180254518986, ""others"": 0.25798541079650683, ""tZq"": 0.5554780915753885, ""ttH"": 0.029633506823870667, ""ttW"": 0.009082514619147863, ""ttZ"": 5.950459636225977}",0.017447269209026714,0.00389246810232615,0.04508111752747706,0.01833275462514848,True
2018,SR1E2Mu,MHc130_MA90,315.0,pt_selected >= 315,0.051002403143203534,10.14146268646085,"{""WZ"": 2.668011319355946, ""ZZ"": 0.18933277729833434, ""conversion"": 0.0, ""nonprompt"": 0.8516180254518986, ""others"": 0.24795554169312098, ""tZq"": 0.49679481151661836, ""ttH"": 0.0281242918533255, ""ttW"": 0.010999419934229008, ""ttZ"": 5.648626499357375}",0.016015494079164153,0.003497555267041923,0.04319644059422906,0.016828313911837294,True
2018,SR1E2Mu,MHc130_MA90,320.0,pt_selected >= 320,0.047368785808370686,9.604772433604321,"{""WZ"": 2.4474631519696772, ""ZZ"": 0.1744734515119195, ""conversion"": 0.0, ""nonprompt"": 0.8516180254518986, ""others"": 0.23934385975814784, ""tZq"": 0.4720651298342516, ""ttH"": 0.026650961809431346, ""ttW"": 0.010999419934229008, ""ttZ"": 5.382158433334765}",0.01528441119433197,0.0032483752938517185,0.04091046771814986,0.01606012704100367,True
2018,SR1E2Mu,MHc130_MA90,325.0,pt_selected >= 325,0.04381342891104176,9.188450230846327,"{""WZ"": 2.3081681267004384, ""ZZ"": 0.16543946173250879, ""conversion"": 0.0, ""nonprompt"": 0.8516180254518986, ""others"": 0.22639731711644467, ""tZq"": 0.46033092750584786, ""ttH"": 0.026650961809431346, ""ttW"": 0.010999419934229008, ""ttZ"": 5.138845990595526}",0.01445393540282454,0.0030045621306258267,0.039137189261630664,0.015187502865527846,True
2018,SR1E2Mu,MHc130_MA90,330.0,pt_selected >= 330,0.04091239442354572,8.464733410492292,"{""WZ"": 2.165275296918103, ""ZZ"": 0.15941946316779665, ""conversion"": 0.0, ""nonprompt"": 0.5918194092810154, ""others"": 0.2156516323788383, ""tZq"": 0.4441026336718656, ""ttH"": 0.023733676283150276, ""ttW"": 0.009051685810877319, ""ttZ"": 4.855679612980644}",0.014062037609351173,0.002805619966604205,0.03605459737089649,0.014775715439093956,True
2018,SR1E2Mu,MHc130_MA90,335.0,pt_selected >= 335,0.037740482896608946,7.968390852069292,"{""WZ"": 2.1364700247943365, ""ZZ"": 0.15046451708090483, ""conversion"": 0.0, ""nonprompt"": 0.45083630457520485, ""others"": 0.2020958982956937, ""tZq"": 0.40091683543580897, ""ttH"": 0.023733676283150276, ""ttW"": 0.009051685810877319, ""ttZ"": 4.594821909793315}",0.013369714663151337,0.002588102061879611,0.033940481044468535,0.014048255654873117,True
2018,SR1E2Mu,MHc130_MA90,340.0,pt_selected >= 340,0.03404645905349988,7.705326070892436,"{""WZ"": 2.1316687424915033, ""ZZ"": 0.1440900755408252, ""conversion"": 0.0, ""nonprompt"": 0.45083630457520485, ""others"": 0.19295862770027855, ""tZq"": 0.375059189578041, ""ttH"": 0.023733676283150276, ""ttW"": 0.011212854080161401, ""ttZ"": 4.3757666006432725}",0.012265250984814513,0.0023347796348408716,0.03281998565402447,0.01288773813406463,True
2018,SR1E2Mu,MHc130_MA90,345.0,pt_selected >= 345,0.030712432313690082,7.388396708934313,"{""WZ"": 2.0865856884318927, ""ZZ"": 0.1365349133392673, ""conversion"": 0.0, ""nonprompt"": 0.45083630457520485, ""others"": 0.18072034780597873, ""tZq"": 0.35980453673878093, ""ttH"": 0.019716075164709294, ""ttW"": 0.009495553431554062, ""ttZ"": 4.144703289446926}",0.011298976600995974,0.002106144471287127,0.031470060028930186,0.011872423303595524,True
2018,SR1E2Mu,MHc130_MA90,350.0,pt_selected >= 350,0.028600499498289658,7.072898584238169,"{""WZ"": 1.9771882110877783, ""ZZ"": 0.13258652896848955, ""conversion"": 0.0, ""nonprompt"": 0.45083630457520485, ""others"": 0.17457300640525408, ""tZq"": 0.3390687952104506, ""ttH"": 0.01815794562939786, ""ttW"": 0.007491733701036131, ""ttZ"": 3.972996058660559}",0.010754120601449323,0.0019613159673948204,0.03012623060093042,0.011299914722105828,True
2018,SR1E2Mu,MHc130_MA90,355.0,pt_selected >= 355,0.0262406074147257,6.766289964350224,"{""WZ"": 1.9457385602813244, ""ZZ"": 0.12791728237347733, ""conversion"": 0.0, ""nonprompt"": 0.45083630457520485, ""others"": 0.16789722664196685, ""tZq"": 0.3279970888337511, ""ttH"": 0.01674906469184297, ""ttW"": 0.007491733701036131, ""ttZ"": 3.721662703251621}",0.010087849193637357,0.0017994833383842882,0.02882026503717108,0.010599828646351946,True
2018,SR1E2Mu,MHc130_MA90,360.0,pt_selected >= 360,0.025085866694431764,6.257038870315633,"{""WZ"": 1.7857903952951402, ""ZZ"": 0.1252910608897576, ""conversion"": 0.0, ""nonprompt"": 0.32504983618855476, ""others"": 0.1617500579306151, ""tZq"": 0.2994142587245546, ""ttH"": 0.015171007014466551, ""ttW"": 0.007491733701036131, ""ttZ"": 3.5370805205715086}",0.01002870100882384,0.0017202955111559933,0.026651166228536787,0.010537678567407322,True
2018,SR1E2Mu,MHc130_MA90,365.0,pt_selected >= 365,0.022539021019236754,5.782134284646863,"{""WZ"": 1.4980662596610084, ""ZZ"": 0.12233957463792247, ""conversion"": 0.0, ""nonprompt"": 0.32504983618855476, ""others"": 0.15239949025333968, ""tZq"": 0.2700228640427066, ""ttH"": 0.01325214742594298, ""ttW"": 0.007491733701036131, ""ttZ"": 3.3935123787363506}",0.009373266430366086,0.0015456422996080925,0.024628362580089207,0.00984897931277056,True
2018,SR1E2Mu,MHc130_MA90,370.0,pt_selected >= 370,0.021293338475783737,5.969258431763206,"{""WZ"": 1.5742486109129834, ""ZZ"": 0.11678344306850905, ""conversion"": 0.0, ""nonprompt"": 0.6759299524128437, ""others"": 0.14668865669438846, ""tZq"": 0.25320014138991714, ""ttH"": 0.01325214742594298, ""ttW"": 0.007491733701036131, ""ttZ"": 3.181663746157584}",0.008715324598484491,0.0014602180201151592,0.025425397224356848,0.009157645556352935,True
2018,SR1E2Mu,MHc130_MA90,375.0,pt_selected >= 375,0.01943464395802418,5.695146585514518,"{""WZ"": 1.4769356179618827, ""ZZ"": 0.11292108426152436, ""conversion"": 0.0, ""nonprompt"": 0.6759299524128437, ""others"": 0.1394338106945576, ""tZq"": 0.22216366401736007, ""ttH"": 0.011639184978736927, ""ttW"": 0.005578317676477885, ""ttZ"": 3.050544953511135}",0.00814374441880888,0.0013327556575641472,0.024257848079945608,0.008557056486679504,True
2018,SR1E2Mu,MHc130_MA90,380.0,pt_selected >= 380,0.017396136976092574,5.279243687206004,"{""WZ"": 1.263474494560537, ""ZZ"": 0.10826387258558029, ""conversion"": 0.0, ""nonprompt"": 0.6759299524128437, ""others"": 0.13713944830477717, ""tZq"": 0.20619544207169488, ""ttH"": 0.011639184978736927, ""ttW"": 0.005578317676477885, ""ttZ"": 2.871022974615357}",0.007571239144284079,0.0011929624244582926,0.02248635560443358,0.007955495371657772,True
2018,SR1E2Mu,MHc130_MA90,385.0,pt_selected >= 385,0.016200602587504047,4.616968455845092,"{""WZ"": 1.109231479203937, ""ZZ"": 0.1012198422578551, ""conversion"": 0.0, ""nonprompt"": 0.35731159523129463, ""others"": 0.13229706515681566, ""tZq"": 0.19057756923121752, ""ttH"": 0.009418478298975505, ""ttW"": 0.005578317676477885, ""ttZ"": 2.7113341087885185}",0.007539676545637439,0.0011109771190600949,0.019665467378250645,0.007922330905093485,True
2018,SR1E2Mu,MHc130_MA90,390.0,pt_selected >= 390,0.015363152422313786,4.355524398036569,"{""WZ"": 1.0272278737332403, ""ZZ"": 0.09495230043510601, ""conversion"": 0.0, ""nonprompt"": 0.35731159523129463, ""others"": 0.12666283854754978, ""tZq"": 0.1969583111751449, ""ttH"": 0.007404821367342324, ""ttW"": 0.005578317676477885, ""ttZ"": 2.539428339870413}",0.007361394865314139,0.0010535478989521273,0.018551875280049944,0.007735001056486847,True
2018,SR1E2Mu,MHc130_MA90,395.0,pt_selected >= 395,0.013765313312140377,4.255690044451144,"{""WZ"": 1.0769876880622824, ""ZZ"": 0.09301430036353331, ""conversion"": 0.0, ""nonprompt"": 0.35731159523129463, ""others"": 0.12207473762037886, ""tZq"": 0.18766838529732544, ""ttH"": 0.007404821367342324, ""ttW"": 0.005578317676477885, ""ttZ"": 2.405650198832509}",0.006672692416341431,0.0009439740308349482,0.018126641873662384,0.0070113455173023385,True
2018,SR1E2Mu,MHc130_MA90,400.0,pt_selected >= 400,0.012576065729962473,4.185822540274451,"{""WZ"": 1.1312802736560241, ""ZZ"": 0.08790160433827021, ""conversion"": 0.0, ""nonprompt"": 0.35731159523129463, ""others"": 0.11682074526258343, ""tZq"": 0.17997552306511005, ""ttH"": 0.007404821367342324, ""ttW"": 0.005578317676477885, ""ttZ"": 2.299549659677348}",0.006146875153354218,0.0008624198512566968,0.017829048953691903,0.006458841928085955,True
2018,SR1E2Mu,MHc130_MA90,405.0,pt_selected >= 405,0.01166576514682275,3.9891589242109053,"{""WZ"": 1.016767885452138, ""ZZ"": 0.08536307532271933, ""conversion"": 0.0, ""nonprompt"": 0.35731159523129463, ""others"": 0.11286800451613374, ""tZq"": 0.18213099356676707, ""ttH"": 0.007404821367342324, ""ttW"": 0.003594365655699532, ""ttZ"": 2.2237181830988106}",0.005840803017208124,0.000799994820220175,0.016991381994696284,0.0061372359906560255,True
2018,SR1E2Mu,MHc130_MA90,410.0,pt_selected >= 410,0.011349788669515953,3.7472849318276102,"{""WZ"": 0.9029262569966148, ""ZZ"": 0.08302531823393583, ""conversion"": 0.0, ""nonprompt"": 0.35731159523129463, ""others"": 0.10761615642289135, ""tZq"": 0.16787298774393433, ""ttH"": 0.004850962789424883, ""ttW"": 0.001596237511796755, ""ttZ"": 2.122085416897718}",0.005863128556821566,0.0007783263276716428,0.015961146429443695,0.006160694598115095,True
2018,SR1E2Mu,MHc130_MA90,415.0,pt_selected >= 415,0.009668464122947775,3.4589556316744816,"{""WZ"": 1.0349085232920379, ""ZZ"": 0.07885535081884462, ""conversion"": 0.0, ""nonprompt"": 0.03869323804974556, ""others"": 0.10411613448137633, ""tZq"": 0.16275925634472596, ""ttH"": 0.004850962789424883, ""ttW"": 0.001596237511796755, ""ttZ"": 2.03317592838653}",0.005198583144825389,0.0006630273385839095,0.01473303960987537,0.005462422116075842,True
2018,SR1E2Mu,MHc130_MA90,420.0,pt_selected >= 420,0.008143143381615762,3.2883886108715448,"{""WZ"": 0.9719794527895934, ""ZZ"": 0.07350434110956786, ""conversion"": 0.0, ""nonprompt"": 0.03869323804974556, ""others"": 0.10301485176379359, ""tZq"": 0.1556047954552054, ""ttH"": 0.004850962789424883, ""ttW"": -0.000434252198056356, ""ttZ"": 1.9411752211122701}",0.004490560109016731,0.0005584265107014493,0.014006528217067602,0.004718465429850278,True
2018,SR1E2Mu,MHc130_MA90,425.0,pt_selected >= 425,0.007550174280688733,3.1442669848480542,"{""WZ"": 0.9719794527895934, ""ZZ"": 0.07004831948490778, ""conversion"": 0.0, ""nonprompt"": 0.03869323804974556, ""others"": 0.09946684311254393, ""tZq"": 0.14761929045467076, ""ttH"": 0.004850962789424883, ""ttW"": -0.000434252198056356, ""ttZ"": 1.812043130365224}",0.004257917758184136,0.0005177628934142939,0.013392658063487222,0.004474015992970775,True
2018,SR1E2Mu,MHc130_MA90,430.0,pt_selected >= 430,0.006965677252925627,3.0291221114435682,"{""WZ"": 0.9784997343781416, ""ZZ"": 0.06750598358238694, ""conversion"": 0.0, ""nonprompt"": 0.03869323804974556, ""others"": 0.09808401651265826, ""tZq"": 0.13889051410972642, ""ttH"": 0.003036936415582675, ""ttW"": -0.000434252198056356, ""ttZ"": 1.704845940593383}",0.004002256857691174,0.00047768025941990686,0.012902211188364649,0.004205379766875457,True
2018,SR1E2Mu,MHc130_MA90,435.0,pt_selected >= 435,0.0054316363824787476,2.836948219209334,"{""WZ"": 0.8834273762390938, ""ZZ"": 0.06355433771970068, ""conversion"": 0.0, ""nonprompt"": 0.03869323804974556, ""others"": 0.0937752983284569, ""tZq"": 0.12812193200693167, ""ttH"": 0.003036936415582675, ""ttW"": -0.0024750151068092334, ""ttZ"": 1.6288141155566316}",0.003224816328636491,0.0003724814374894144,0.012083667712309636,0.0033884825043840163,True
2018,SR1E2Mu,MHc130_MA90,440.0,pt_selected >= 440,0.004680153983989794,2.6892520589014817,"{""WZ"": 0.8300704979789393, ""ZZ"": 0.05971872090280378, ""conversion"": 0.0, ""nonprompt"": 0.03869323804974556, ""others"": 0.09087337004373892, ""tZq"": 0.12292711051664637, ""ttH"": 0.0016737397762655224, ""ttW"": -0.0024750151068092334, ""ttZ"": 1.5477703967401517}",0.0028539370355426218,0.00032094756733932556,0.011454572224609298,0.002998780311199498,True
2018,SR1E2Mu,MHc130_MA90,445.0,pt_selected >= 445,0.004385478509627356,2.520028699213989,"{""WZ"": 0.7299745326920399, ""ZZ"": 0.058964271831543943, ""conversion"": 0.0, ""nonprompt"": 0.03869323804974556, ""others"": 0.08587351534394232, ""tZq"": 0.11621355048910192, ""ttH"": 0.0016737397762655224, ""ttW"": -0.0024750151068092334, ""ttZ"": 1.491110866138159}",0.002762576058780725,0.00030073981841167985,0.010733784007969158,0.0029027825737184257,True
2018,SR1E2Mu,MHc130_MA90,450.0,pt_selected >= 450,0.00408789286079492,2.4721071831831303,"{""WZ"": 0.8067034014583873, ""ZZ"": 0.057130874795671284, ""conversion"": 0.0, ""nonprompt"": 0.0, ""others"": 0.07530215487994506, ""tZq"": 0.11418102309247488, ""ttH"": 0.0, ""ttW"": -0.0024750151068092334, ""ttZ"": 1.421264744063461}",0.0025999551517802526,0.00028033250053397955,0.010529667601449619,0.002731908315446746,True
2018,SR1E2Mu,MHc130_MA90,455.0,pt_selected >= 455,0.0037159065447528723,2.3060776881919423,"{""WZ"": 0.7539129404415394, ""ZZ"": 0.05288623363246579, ""conversion"": 0.0, ""nonprompt"": 0.0, ""others"": 0.0742050821685198, ""tZq"": 0.11173178914298237, ""ttH"": 0.0, ""ttW"": -0.0024750151068092334, ""ttZ"": 1.3158166579132442}",0.0024469653294857266,0.00025482306139466403,0.009822483298848833,0.002571153939580319,True
2018,SR1E2Mu,MHc130_MA90,460.0,pt_selected >= 460,0.0034131310133117105,2.2597988072416455,"{""WZ"": 0.7596729769144414, ""ZZ"": 0.051297954903732526, ""conversion"": 0.0, ""nonprompt"": 0.0, ""others"": 0.07288609413632731, ""tZq"": 0.11521511078863392, ""ttH"": 0.0, ""ttW"": -0.0024750151068092334, ""ttZ"": 1.2632016856053196}",0.002270482043136795,0.0002340598406548474,0.009625363515091632,0.0023857137572049093,True
2018,SR1E2Mu,MHc130_MA90,465.0,pt_selected >= 465,0.0034131310133117105,2.1741992266860226,"{""WZ"": 0.7596729769144414, ""ZZ"": 0.04755710908556044, ""conversion"": 0.0, ""nonprompt"": 0.0, ""others"": 0.06548394521937982, ""tZq"": 0.10008803437561731, ""ttH"": 0.0, ""ttW"": -0.0024750151068092334, ""ttZ"": 1.203872176197833}",0.0023147457242939226,0.0002340598406548474,0.009260761552763426,0.0024322239127907244,True
2018,SR1E2Mu,MHc130_MA90,470.0,pt_selected >= 470,0.00309568663599031,2.1146057203794943,"{""WZ"": 0.7596729769144414, ""ZZ"": 0.04678693696815018, ""conversion"": 0.0, ""nonprompt"": 0.0, ""others"": 0.06173059087384086, ""tZq"": 0.08946601039598572, ""ttH"": 0.0, ""ttW"": 0.0, ""ttZ"": 1.1569492052270764}",0.002128836417502293,0.00021229068497847885,0.009006929592368953,0.0022368793197137127,True
2018,SR1E2Mu,MHc130_MA90,475.0,pt_selected >= 475,0.00309568663599031,1.9875199987707997,"{""WZ"": 0.709609737728504, ""ZZ"": 0.04543588941544796, ""conversion"": 0.0, ""nonprompt"": 0.0, ""others"": 0.05621205130015349, ""tZq"": 0.07669278067490037, ""ttH"": 0.0, ""ttW"": 0.0, ""ttZ"": 1.0995695396517942}",0.002195842763919495,0.00021229068497847885,0.008465621992709433,0.0023072863784045204,True
2018,SR1E2Mu,MHc130_MA90,480.0,pt_selected >= 480,0.00309568663599031,1.885399841965709,"{""WZ"": 0.6650163543456538, ""ZZ"": 0.0436534859425146, ""conversion"": 0.0, ""nonprompt"": 0.0, ""others"": 0.05535838088971619, ""tZq"": 0.07978669166892942, ""ttH"": 0.0, ""ttW"": 0.0, ""ttZ"": 1.041584929118895}",0.002254526057392117,0.00021229068497847885,0.008030652459883209,0.0023689479718000386,True
2018,SR1E2Mu,MHc130_MA90,485.0,pt_selected >= 485,0.0028119038634029482,1.7315739951135078,"{""WZ"": 0.5665114493767363, ""ZZ"": 0.0436534859425146, ""conversion"": 0.0, ""nonprompt"": 0.0, ""others"": 0.05124899336914869, ""tZq"": 0.07689277624207502, ""ttH"": 0.0, ""ttW"": 0.0, ""ttZ"": 0.9932672901830334}",0.002136879048645923,0.00019282991705795878,0.007375448249125821,0.002245330131214946,True
2018,SR1E2Mu,MHc130_MA90,490.0,pt_selected >= 490,0.0028119038634029482,1.6736328923552781,"{""WZ"": 0.5665114493767363, ""ZZ"": 0.04186028669233188, ""conversion"": 0.0, ""nonprompt"": 0.0, ""others"": 0.04901271554895126, ""tZq"": 0.07312077185665795, ""ttH"": 0.0, ""ttW"": 0.0, ""ttZ"": 0.9431276688806007}",0.0021735536638636524,0.00019282991705795878,0.007128654519203473,0.002283866059886839,True
2018,SR1E2Mu,MHc130_MA90,495.0,pt_selected >= 495,0.0028119038634029482,1.627178415949607,"{""WZ"": 0.6118378473549445, ""ZZ"": 0.04186028669233188, ""conversion"": 0.0, ""nonprompt"": 0.0, ""others"": 0.04596635837753464, ""tZq"": 0.0684608940205008, ""ttH"": 0.0, ""ttW"": 0.0, ""ttZ"": 0.8590530295042953}",0.002204361823458124,0.00019282991705795878,0.006930786805991596,0.0023162377980385975,True
2018,SR1E2Mu,MHc130_MA90,500.0,pt_selected >= 500,0.0028119038634029482,1.5690628906454658,"{""WZ"": 0.6118378473549445, ""ZZ"": 0.03930801701750216, ""conversion"": 0.0, ""nonprompt"": 0.0, ""others"": 0.04152597703762948, ""tZq"": 0.06459145865523763, ""ttH"": 0.0, ""ttW"": 0.0, ""ttZ"": 0.8117995905801519}",0.0022448136414929547,0.00019282991705795878,0.006683250142492928,0.0023587426304733507,True
2018,SR1E2Mu,MHc160_MA155,0.0,pt_selected >= 0,7.3219712868866464,19.856616133448416,"{""WZ"": 0.5222276587645518, ""ZZ"": 0.1097101994164083, ""conversion"": -0.26338910765998563, ""nonprompt"": 12.41302907874342, ""others"": 0.4242070521915013, ""tZq"": 0.12594151696308092, ""ttH"": 1.1597331993370228, ""ttW"": 3.5061473374380787, ""ttZ"": 1.859009198254339}",1.6431431528003742,1.0,1.0,1.0,True
2018,SR1E2Mu,MHc160_MA155,5.0,pt_selected >= 5,7.313592193653588,19.83766580907971,"{""WZ"": 0.5222276587645518, ""ZZ"": 0.10900346862177603, ""conversion"": -0.26338910765998563, ""nonprompt"": 12.41302907874342, ""others"": 0.4228905961907055, ""tZq"": 0.12599070174679566, ""ttH"": 1.153237587288399, ""ttW"": 3.5025749782021025, ""ttZ"": 1.8521008471819456}",1.6420465153972292,0.9988556233144392,0.9990456418031477,0.9993325977707567,True
2018,SR1E2Mu,MHc160_MA155,10.0,pt_selected >= 10,7.283652546079527,19.76515476385537,"{""WZ"": 0.5222276587645518, ""ZZ"": 0.10900346862177603, ""conversion"": -0.26338910765998563, ""nonprompt"": 12.41302907874342, ""others"": 0.4145496767142213, ""tZq"": 0.12585263115045908, ""ttH"": 1.1365943439906023, ""ttW"": 3.4757436821689875, ""ttZ"": 1.8315433313613436}",1.6383214249234965,0.9947666087033493,0.9953939095675532,0.9970655460732925,True
2018,SR1E2Mu,MHc160_MA155,15.0,pt_selected >= 15,7.234452953758045,19.678366490703812,"{""WZ"": 0.5222276587645518, ""ZZ"": 0.10796937872945767, ""conversion"": -0.26338910765998563, ""nonprompt"": 12.41302907874342, ""others"": 0.4079848017538975, ""tZq"": 0.12373000894896596, ""ttH"": 1.1191953689341358, ""ttW"": 3.4304096748671293, ""ttZ"": 1.8172096276222414}",1.6308393220660486,0.9880471624785878,0.9910231611697251,0.9925120153327138,True
2018,SR1E2Mu,MHc160_MA155,20.0,pt_selected >= 20,7.173235560358081,19.52172872635845,"{""WZ"": 0.5222276587645518, ""ZZ"": 0.1069180934687912, ""conversion"": -0.26597858615647746, ""nonprompt"": 12.41302907874342, ""others"": 0.3981008099832076, ""tZq"": 0.1257635447687206, ""ttH"": 1.090980835303899, ""ttW"": 3.3521011471904547, ""ttZ"": 1.7785861442918844}",1.6235136934325354,0.9796863821639201,0.9831347191868282,0.9880537131932877,True
2018,SR1E2Mu,MHc160_MA155,25.0,pt_selected >= 25,7.09041681549655,19.364354305966643,"{""WZ"": 0.5222276587645518, ""ZZ"": 0.10621312211721273, ""conversion"": -0.25891456962309417, ""nonprompt"": 12.425105698406696, ""others"": 0.3838705338688718, ""tZq"": 0.11716297041714704, ""ttH"": 1.0641314152876755, ""ttW"": 3.270161859287774, ""ttZ"": 1.7343956174398056}",1.611277179157705,0.9683753920471115,0.9752091784333505,0.9806066966299554,True
2018,SR1E2Mu,MHc160_MA155,30.0,pt_selected >= 30,7.003491551197605,19.19349201538393,"{""WZ"": 0.5222276587645518, ""ZZ"": 0.1035905324243136, ""conversion"": -0.25891456962309417, ""nonprompt"": 12.425105698406696, ""others"": 0.3746433732568415, ""tZq"": 0.11220506742051942, ""ttH"": 1.0280678560095746, ""ttW"": 3.2042682623266305, ""ttZ"": 1.6822981363978986}",1.5985919102997155,0.956503553044598,0.9666043744005579,0.9728865726490532,True
2018,SR1E2Mu,MHc160_MA155,35.0,pt_selected >= 35,6.88642496147685,18.701217880661428,"{""WZ"": 0.4525891374979325, ""ZZ"": 0.10102030828534005, ""conversion"": -0.25891456962309417, ""nonprompt"": 12.18386697024107, ""others"": 0.35959347905740535, ""tZq"": 0.10669171281063394, ""ttH"": 0.9967756441339551, ""ttW"": 3.102682481412753, ""ttZ"": 1.6569127168454316}",1.5924245871331237,0.9405151552301438,0.9418129330283662,0.9691332032873631,True
2018,SR1E2Mu,MHc160_MA155,40.0,pt_selected >= 40,6.760266902625035,18.06363843699633,"{""WZ"": 0.4525891374979325, ""ZZ"": 0.09707029788374348, ""conversion"": -0.18646396629272705, ""nonprompt"": 11.719772037118673, ""others"": 0.3475693080553409, ""tZq"": 0.1057104008762692, ""ttH"": 0.9591515381996466, ""ttW"": 2.9806745598710744, ""ttZ"": 1.5875651237863795}",1.5906009107798273,0.9232850878195055,0.9097037640047935,0.9680233326408596,True
2018,SR1E2Mu,MHc160_MA155,45.0,pt_selected >= 45,6.607578287936623,16.555763925679667,"{""WZ"": 0.4078087871446442, ""ZZ"": 0.09153239132359774, ""conversion"": -0.18646396629272705, ""nonprompt"": 10.493227239698172, ""others"": 0.33176409347579305, ""tZq"": 0.11287483340493168, ""ttH"": 0.913741410463302, ""ttW"": 2.8498121816243867, ""ttZ"": 1.5414669548375666}",1.6239314957798447,0.9024316033266243,0.8337656232267857,0.9883079833988978,True
2018,SR1E2Mu,MHc160_MA155,50.0,pt_selected >= 50,6.451578724994622,15.140010766377747,"{""WZ"": 0.4078087871446442, ""ZZ"": 0.08515803233939295, ""conversion"": -0.18646396629272705, ""nonprompt"": 9.342402841895819, ""others"": 0.31422166680448627, ""tZq"": 0.11165437784573451, ""ttH"": 0.851184134602322, ""ttW"": 2.729222479483422, ""ttZ"": 1.4848224125546525}",1.658070181549237,0.8811259252749513,0.7624668102877026,1.0090844359625166,True
2018,SR1E2Mu,MHc160_MA155,55.0,pt_selected >= 55,6.277427002698073,14.682444541089273,"{""WZ"": 0.4078087871446442, ""ZZ"": 0.08213554655758801, ""conversion"": -0.0898587955887033, ""nonprompt"": 9.056430544704199, ""others"": 0.2966065592849054, ""tZq"": 0.10224405816003204, ""ttH"": 0.7965207146391119, ""ttW"": 2.599014235593377, ""ttZ"": 1.4315428905941197}",1.63825871394592,0.8573411116676585,0.7394232956116191,0.9970273808182021,True
2018,SR1E2Mu,MHc160_MA155,60.0,pt_selected >= 60,6.0987669650120635,13.278152282028126,"{""WZ"": 0.34379861559282815, ""ZZ"": 0.08131740553626886, ""conversion"": -0.4004121984679834, ""nonprompt"": 8.316307079046965, ""others"": 0.2831154580932612, ""tZq"": 0.0959256722111658, ""ttH"": 0.7592756960490549, ""ttW"": 2.434292334234213, ""ttZ"": 1.364532219732352}",1.6736830452317666,0.8329405737952985,0.6687016656207154,1.0185862640022227,True
2018,SR1E2Mu,MHc160_MA155,65.0,pt_selected >= 65,5.912412024964322,12.608032950187118,"{""WZ"": 0.28694451950323885, ""ZZ"": 0.07921433277719556, ""conversion"": -0.31808822093915673, ""nonprompt"": 7.8738132528960705, ""others"": 0.26608021518029956, ""tZq"": 0.08383234705815165, ""ttH"": 0.7165330575733715, ""ttW"": 2.296105489748925, ""ttZ"": 1.3235979563890214}",1.6651026962091664,0.8074891027711638,0.6349537537238745,1.0133643519564117,True
2018,SR1E2Mu,MHc160_MA155,70.0,pt_selected >= 70,5.7052378532035934,12.24336105236628,"{""WZ"": 0.28694451950323885, ""ZZ"": 0.07393538188559032, ""conversion"": -0.40925363304821, ""nonprompt"": 7.903352592140436, ""others"": 0.25149965996839885, ""tZq"": 0.06834127731159326, ""ttH"": 0.6737170386058603, ""ttW"": 2.1415312030014384, ""ttZ"": 1.2532930129979358}",1.6305098493459829,0.7791942401387784,0.6165884947406709,0.992311501628534,True
2018,SR1E2Mu,MHc160_MA155,75.0,pt_selected >= 75,5.503432494900263,11.562615781117026,"{""WZ"": 0.28694451950323885, ""ZZ"": 0.06989683394645069, ""conversion"": -0.4852074154012311, ""nonprompt"": 7.551103964447975, ""others"": 0.23328378285449108, ""tZq"": 0.05914067391270952, ""ttH"": 0.6390412477673908, ""ttW"": 2.0149024327470038, ""ttZ"": 1.193509741338998}",1.6184735135091441,0.7516326245032793,0.5823054493982905,0.984986311600918,True
2018,SR1E2Mu,MHc160_MA155,80.0,pt_selected >= 80,5.292358472072371,11.261474966626762,"{""WZ"": 0.25051782005797385, ""ZZ"": 0.06905173284813944, ""conversion"": -0.4852074154012311, ""nonprompt"": 7.551103964447975, ""others"": 0.21350889244739632, ""tZq"": 0.05227456578056898, ""ttH"": 0.5895873256556781, ""ttW"": 1.8865202466219388, ""ttZ"": 1.1341178341683222}",1.5770723410845455,0.7228051387678575,0.5671396823579038,0.9597899844555688,True
2018,SR1E2Mu,MHc160_MA155,85.0,pt_selected >= 85,5.080396656768468,10.051663563012408,"{""WZ"": 0.25051782005797385, ""ZZ"": 0.0648948133409219, ""conversion"": -0.4852074154012311, ""nonprompt"": 6.6077012568712234, ""others"": 0.20333049677211446, ""tZq"": 0.0555923291556111, ""ttH"": 0.5397410810970198, ""ttW"": 1.7528299522539508, ""ttZ"": 1.0622632288648222}",1.6024284596480793,0.6938564025602303,0.506212312080728,0.9752214570696986,True
2018,SR1E2Mu,MHc160_MA155,90.0,pt_selected >= 90,4.871914440569144,8.806156579057154,"{""WZ"": 0.25051782005797385, ""ZZ"": 0.05793631559607827, ""conversion"": -0.3960172822205153, ""nonprompt"": 5.497512422502041, ""others"": 0.18505275130833043, ""tZq"": 0.05948644269154852, ""ttH"": 0.5010498347235849, ""ttW"": 1.6155402500812468, ""ttZ"": 1.0350780243168667}",1.6417478306611482,0.6653828934421725,0.44348727496540596,0.9991508213165432,True
2018,SR1E2Mu,MHc160_MA155,95.0,pt_selected >= 95,4.664584973257635,8.257852910382303,"{""WZ"": 0.25051782005797385, ""ZZ"": 0.05603487882213437, ""conversion"": -0.39220040813253637, ""nonprompt"": 5.212345901876688, ""others"": 0.1745924789551863, ""tZq"": 0.06085926352690648, ""ttH"": 0.4628365333989694, ""ttW"": 1.4652610320825887, ""ttZ"": 0.9676054097943917}",1.6232276708779285,0.6370668212823666,0.4158741275393833,0.9878796428123112,True
2018,SR1E2Mu,MHc160_MA155,100.0,pt_selected >= 100,4.454276611257909,7.35736382893113,"{""WZ"": 0.31194746444452287, ""ZZ"": 0.052418878952022824, ""conversion"": -0.39220040813253637, ""nonprompt"": 4.474412515759468, ""others"": 0.1607242751687729, ""tZq"": 0.05920544257103678, ""ttH"": 0.4343983890866237, ""ttW"": 1.3257435098014383, ""ttZ"": 0.9307137612797803}",1.642162259461951,0.6083439058597974,0.3705245536039583,0.9994030384164937,True
2018,SR1E2Mu,MHc160_MA155,105.0,pt_selected >= 105,4.240006182912741,6.990737136594304,"{""WZ"": 0.31194746444452287, ""ZZ"": 0.04605461981138004, ""conversion"": -0.39220040813253637, ""nonprompt"": 4.318811774253845, ""others"": 0.14885215310628913, ""tZq"": 0.06489803864262449, ""ttH"": 0.39066233676151857, ""ttW"": 1.215944764401112, ""ttZ"": 0.8857663933055481}",1.603633070435104,0.5790798702675084,0.3520608491201291,0.9759545707883492,True
2018,SR1E2Mu,MHc160_MA155,110.0,pt_selected >= 110,4.025345557004625,6.59386240517335,"{""WZ"": 0.31194746444452287, ""ZZ"": 0.04312064351493025, ""conversion"": -0.39220040813253637, ""nonprompt"": 4.1360432133078575, ""others"": 0.1418998490096736, ""tZq"": 0.06167318770489971, ""ttH"": 0.3577396287393049, ""ttW"": 1.0848462810185437, ""ttZ"": 0.8487925455661544}",1.5675926850208706,0.5497625433486547,0.3320738216853579,0.9540207634065574,True
2018,SR1E2Mu,MHc160_MA155,115.0,pt_selected >= 115,3.8165107222354835,6.154686310171288,"{""WZ"": 0.31194746444452287, ""ZZ"": 0.040085802787203244, ""conversion"": -0.3999335267733577, ""nonprompt"": 3.8526438400149345, ""others"": 0.13164558418085018, ""tZq"": 0.058144546273433566, ""ttH"": 0.32684959351426096, ""ttW"": 1.0111654133875736, ""ttZ"": 0.8221375923418658}",1.5383796467239088,0.5212408752641108,0.3099564532450086,0.9362420091652276,True
2018,SR1E2Mu,MHc160_MA155,120.0,pt_selected >= 120,3.6129262081869666,5.394547610929467,"{""WZ"": 0.26903444524585773, ""ZZ"": 0.033666702315238925, ""conversion"": -0.4770547534930685, ""nonprompt"": 3.408417947590351, ""others"": 0.12393615634458764, ""tZq"": 0.04972558159906808, ""ttH"": 0.2954899360536847, ""ttW"": 0.9010788961330702, ""ttZ"": 0.7902526991406774}",1.5555414075404932,0.4934362710022601,0.2716750716574697,0.9466864800485684,True
2018,SR1E2Mu,MHc160_MA155,125.0,pt_selected >= 125,3.4195975134644216,5.106604324761264,"{""WZ"": 0.26903444524585773, ""ZZ"": 0.033666702315238925, ""conversion"": -0.36498557973944046, ""nonprompt"": 3.148619331419468, ""others"": 0.11351309982756418, ""tZq"": 0.047435731837433416, ""ttH"": 0.2686399237663801, ""ttW"": 0.8421655226327142, ""ttZ"": 0.7485151474560473}",1.513243747907557,0.46703235774616897,0.2571739459755785,0.9209445600211811,True
2018,SR1E2Mu,MHc160_MA155,130.0,pt_selected >= 130,3.218727209923491,4.911281324290309,"{""WZ"": 0.22550821801819934, ""ZZ"": 0.030232876823399688, ""conversion"": -0.08513873197133967, ""nonprompt"": 2.830000974237919, ""others"": 0.10591880682794957, ""tZq"": 0.04662477669781045, ""ttH"": 0.2513538626445406, ""ttW"": 0.7959936407145806, ""ttZ"": 0.7107869002972492}",1.4524017566283078,0.4395984474410738,0.24733727495579014,0.8839167507426302,True
2018,SR1E2Mu,MHc160_MA155,135.0,pt_selected >= 135,3.0273797638698636,4.772129165744923,"{""WZ"": 0.22550821801819934, ""ZZ"": 0.029506719430099693, ""conversion"": -0.08513873197133967, ""nonprompt"": 2.830000974237919, ""others"": 0.09772863436320199, ""tZq"": 0.041962879160728855, ""ttH"": 0.23379050496887535, ""ttW"": 0.7292557792457587, ""ttZ"": 0.6695141882914796}",1.3858327123889471,0.41346512370128763,0.24032942640746752,0.8434035160156933,True
2018,SR1E2Mu,MHc160_MA155,140.0,pt_selected >= 140,2.851919072618337,4.266091057982281,"{""WZ"": 0.22550821801819934, ""ZZ"": 0.029506719430099693, ""conversion"": -0.08513873197133967, ""nonprompt"": 2.481199122965336, ""others"": 0.08444206127566461, ""tZq"": 0.041688005744907754, ""ttH"": 0.20676001704130606, ""ttW"": 0.658977095130544, ""ttZ"": 0.623148550347563}",1.3807725260912902,0.389501537342274,0.21484481692709273,0.8403239387499919,True
2018,SR1E2Mu,MHc160_MA155,145.0,pt_selected >= 145,2.6760183667250077,3.5768375409311775,"{""WZ"": 0.22550821801819934, ""ZZ"": 0.029506719430099693, ""conversion"": 0.0, ""nonprompt"": 1.8399860933423042, ""others"": 0.07955992189509598, ""tZq"": 0.04180823854554822, ""ttH"": 0.18917928303482093, ""ttW"": 0.5919901930203103, ""ttZ"": 0.5792988736447985}",1.4149447508018074,0.365477855877098,0.18013328740872442,0.8611208027677606,True
2018,SR1E2Mu,MHc160_MA155,150.0,pt_selected >= 150,2.515588008395523,3.5026363595381094,"{""WZ"": 0.22550821801819934, ""ZZ"": 0.027941607647378387, ""conversion"": 0.0, ""nonprompt"": 1.8399860933423042, ""others"": 0.0716486429392626, ""tZq"": 0.04578747997341987, ""ttH"": 0.1715307321140472, ""ttW"": 0.5639477638452344, ""ttZ"": 0.556285821658263}",1.3441322149942296,0.34356704087338324,0.176396438144258,0.8180250227762892,True
2018,SR1E2Mu,MHc160_MA155,155.0,pt_selected >= 155,2.350110963275812,3.2559437291217788,"{""WZ"": 0.22550821801819934, ""ZZ"": 0.027055049634073243, ""conversion"": 0.0, ""nonprompt"": 1.6814739927649498, ""others"": 0.06938647276770163, ""tZq"": 0.047308864541472415, ""ttH"": 0.1542743820857066, ""ttW"": 0.5186432482242023, ""ttZ"": 0.5322935010854734}",1.302416600887329,0.32096697340028707,0.16397273872042833,0.792637329661538,True
2018,SR1E2Mu,MHc160_MA155,160.0,pt_selected >= 160,2.197903188623919,2.850227665299106,"{""WZ"": 0.22550821801819934, ""ZZ"": 0.026108959338809377, ""conversion"": 0.0, ""nonprompt"": 1.393073134124279, ""others"": 0.0650716850532651, ""tZq"": 0.04540228290762785, ""ttH"": 0.13635681070721262, ""ttW"": 0.45355754399508824, ""ttZ"": 0.5051490311546246}",1.3018734897486228,0.30017915975172893,0.14354045251939504,0.7923067978160439,True
2018,SR1E2Mu,MHc160_MA155,165.0,pt_selected >= 165,2.0636567637618604,2.7699897529729602,"{""WZ"": 0.22550821801819934, ""ZZ"": 0.024217855457911955, ""conversion"": 0.0, ""nonprompt"": 1.3887710757553577, ""others"": 0.057233059950286144, ""tZq"": 0.04493219129956635, ""ttH"": 0.12198483792095795, ""ttW"": 0.4153828232647426, ""ttZ"": 0.4919596913059381}",1.2399334721815487,0.28184442179632496,0.13949958715810193,0.7546107410473374,True
2018,SR1E2Mu,MHc160_MA155,170.0,pt_selected >= 170,1.927153952062713,2.640228583219912,"{""WZ"": 0.18273787241499348, ""ZZ"": 0.021427587037870805, ""conversion"": 0.0, ""nonprompt"": 1.3887710757553577, ""others"": 0.0550140403194105, ""tZq"": 0.04153704053585399, ""ttH"": 0.10770813311454766, ""ttW"": 0.3674867128537864, ""ttZ"": 0.4755461211880916}",1.1860299217066514,0.26320151726273056,0.13296467864796227,0.7218055953830472,True
2018,SR1E2Mu,MHc160_MA155,175.0,pt_selected >= 175,1.8034240164544155,2.3297095406524533,"{""WZ"": 0.18273787241499348, ""ZZ"": 0.02045421566291799, ""conversion"": 0.0, ""nonprompt"": 1.1053717024624348, ""others"": 0.0520646030365195, ""tZq"": 0.04171065124017124, ""ttH"": 0.10390917925078708, ""ttW"": 0.34685195820762865, ""ttZ"": 0.4766093583770008}",1.1815360033330267,0.246303071371541,0.11732661421238152,0.7190706429438968,True
2018,SR1E2Mu,MHc160_MA155,180.0,pt_selected >= 180,1.6827599077626585,2.1667897547683785,"{""WZ"": 0.18273787241499348, ""ZZ"": 0.02045421566291799, ""conversion"": 0.0, ""nonprompt"": 1.019733715802431, ""others"": 0.051100983563113794, ""tZq"": 0.03720566245597933, ""ttH"": 0.09634513487249924, ""ttW"": 0.30927241213868323, ""ttZ"": 0.44993975785776064}",1.1431777670811605,0.2298233415332307,0.10912180304067153,0.6957262154139563,True
2018,SR1E2Mu,MHc160_MA155,185.0,pt_selected >= 185,1.5632863900076013,1.2685184831869616,"{""WZ"": 0.18273787241499348, ""ZZ"": 0.019375363256937776, ""conversion"": 0.0, ""nonprompt"": 0.1796763427555561, ""others"": 0.04942714686047446, ""tZq"": 0.033177862667802975, ""ttH"": 0.08675030850969281, ""ttW"": 0.27977999955458965, ""ttZ"": 0.4375935871669142}",1.3880021765457313,0.21350621694015431,0.06388392033475158,0.8447238295581176,True
2018,SR1E2Mu,MHc160_MA155,190.0,pt_selected >= 190,1.453024697270435,1.2630057670926882,"{""WZ"": 0.22447760182305873, ""ZZ"": 0.019375363256937776, ""conversion"": 0.0, ""nonprompt"": 0.1796763427555561, ""others"": 0.04568536475834761, ""tZq"": 0.02363107660657126, ""ttH"": 0.08117283217964759, ""ttW"": 0.26243274654230825, ""ttZ"": 0.4265544391702607}",1.2929160576935848,0.19844719957762513,0.06360629417442172,0.7868553969202837,True
2018,SR1E2Mu,MHc160_MA155,195.0,pt_selected >= 195,1.3540563579418754,1.205592960472611,"{""WZ"": 0.22447760182305873, ""ZZ"": 0.018287342619122085, ""conversion"": 0.0, ""nonprompt"": 0.1796763427555561, ""others"": 0.043533524801810095, ""tZq"": 0.02116084745143081, ""ttH"": 0.07287848661573809, ""ttW"": 0.23797660233938822, ""ttZ"": 0.4076022120665068}",1.2332081579468714,0.18493057468921456,0.060714925059249795,0.7505177840683819,True
2018,SR1E2Mu,MHc160_MA155,200.0,pt_selected >= 200,1.260572387697107,1.1175690097969306,"{""WZ"": 0.22447760182305873, ""ZZ"": 0.01566877442788583, ""conversion"": 0.0, ""nonprompt"": 0.14098310470581055, ""others"": 0.04015449909908815, ""tZq"": 0.02351092482730259, ""ttH"": 0.06399271797536507, ""ttW"": 0.22261892921181076, ""ttZ"": 0.3861624577266089}",1.1924237424389204,0.17216297883532283,0.05628194664620568,0.7256968088305014,True
2018,SR1E2Mu,MHc160_MA155,205.0,pt_selected >= 205,1.1750564171000053,0.983790481004912,"{""WZ"": 0.2711902639739865, ""ZZ"": 0.014561897849371858, ""conversion"": 0.0, ""nonprompt"": 0.0, ""others"": 0.03880056969866037, ""tZq"": 0.026654300566504793, ""ttH"": 0.05963524793174217, ""ttW"": 0.2061996637749138, ""ttZ"": 0.36674853720973255}",1.1846973323227787,0.16048361446110607,0.049544719724309905,0.7209945952084115,True
2018,SR1E2Mu,MHc160_MA155,210.0,pt_selected >= 210,1.0978458016531543,0.9351560030518419,"{""WZ"": 0.2711902639739865, ""ZZ"": 0.014561897849371858, ""conversion"": 0.0, ""nonprompt"": 0.0, ""others"": 0.03717291753151564, ""tZq"": 0.022071717293157288, ""ttH"": 0.058137377492376754, ""ttW"": 0.18725666235688898, ""ttZ"": 0.34476516655454487}",1.135270394143606,0.1499385559759503,0.047095436441286394,0.6909138696824976,True
2018,SR1E2Mu,MHc160_MA155,215.0,pt_selected >= 215,1.0249709887618212,0.9000186028668995,"{""WZ"": 0.2711902639739865, ""ZZ"": 0.014561897849371858, ""conversion"": 0.0, ""nonprompt"": 0.0, ""others"": 0.03352361240685228, ""tZq"": 0.022281601979767363, ""ttH"": 0.05181759246945264, ""ttW"": 0.16846229736623414, ""ttZ"": 0.3381813368212348}",1.0804031208654021,0.13998566077382776,0.045325880140817176,0.6575222122455332,True
2018,SR1E2Mu,MHc160_MA155,220.0,pt_selected >= 220,0.9494322116432033,0.8600649485462923,"{""WZ"": 0.2711902639739865, ""ZZ"": 0.014561897849371858, ""conversion"": 0.0, ""nonprompt"": 0.0, ""others"": 0.03213008222292299, ""tZq"": 0.019775592168081484, ""ttH"": 0.049956332327907936, ""ttW"": 0.14714101594891543, ""ttZ"": 0.3253097640551061}",1.0237604262364346,0.12966893401283858,0.04331377223420839,0.6230500516596265,True
2018,SR1E2Mu,MHc160_MA155,225.0,pt_selected >= 225,0.8831924969988507,0.8271231473831057,"{""WZ"": 0.2711902639739865, ""ZZ"": 0.013828548386146456, ""conversion"": 0.0, ""nonprompt"": 0.0, ""others"": 0.029948085528817323, ""tZq"": 0.025259296744392784, ""ttH"": 0.04111384877239221, ""ttW"": 0.1425228135085387, ""ttZ"": 0.30326029046883174}",0.9711141527982647,0.12062222895910732,0.041654788601660026,0.5910100718511442,True
2018,SR1E2Mu,MHc160_MA155,230.0,pt_selected >= 230,0.8258392872859744,0.7753985749746949,"{""WZ"": 0.2711902639739865, ""ZZ"": 0.011875488852758503, ""conversion"": 0.0, ""nonprompt"": 0.0, ""others"": 0.028187101252805238, ""tZq"": 0.023899360607280165, ""ttH"": 0.033155119767606905, ""ttW"": 0.13026715449822987, ""ttZ"": 0.2768240860220278}",0.9378492604154631,0.11278920046641253,0.03904988492316866,0.5707654009433727,True
2018,SR1E2Mu,MHc160_MA155,235.0,pt_selected >= 235,0.7692369574030273,0.7119580047270675,"{""WZ"": 0.22239168610353308, ""ZZ"": 0.011875488852758503, ""conversion"": 0.0, ""nonprompt"": 0.0, ""others"": 0.02719553605105384, ""tZq"": 0.02268203370538796, ""ttH"": 0.027395095864533092, ""ttW"": 0.13317981243624474, ""ttZ"": 0.26723835171355625}",0.9116601105629761,0.10505872356815978,0.035854951314074915,0.5548269540662072,True
2018,SR1E2Mu,MHc160_MA155,240.0,pt_selected >= 240,0.7098964077881473,0.6675308049594029,"{""WZ"": 0.22239168610353308, ""ZZ"": 0.010087081546006528, ""conversion"": 0.0, ""nonprompt"": 0.0, ""others"": 0.025494037186792516, ""tZq"": 0.020251162476718904, ""ttH"": 0.025734256995209964, ""ttW"": 0.11334857992418283, ""ttZ"": 0.25022400072695916}",0.8688790432811783,0.09695427364752754,0.03361755097007436,0.5287908371223566,True
2018,SR1E2Mu,MHc160_MA155,245.0,pt_selected >= 245,0.6614282795156378,0.6379219651444213,"{""WZ"": 0.22239168610353308, ""ZZ"": 0.009142634640805706, ""conversion"": 0.0, ""nonprompt"": 0.0, ""others"": 0.024569290411745458, ""tZq"": 0.019130370770605466, ""ttH"": 0.02438338967440319, ""ttW"": 0.0991251995916079, ""ttZ"": 0.23917939395172053}",0.8281308837787845,0.09033472730222651,0.03212641876426485,0.5039919269160563,True
2018,SR1E2Mu,MHc160_MA155,250.0,pt_selected >= 250,0.6141076422359952,0.6218648144608327,"{""WZ"": 0.22239168610353308, ""ZZ"": 0.008087342084583124, ""conversion"": 0.0, ""nonprompt"": 0.0, ""others"": 0.021154313982238826, ""tZq"": 0.018164590645150122, ""ttH"": 0.023032703622336847, ""ttW"": 0.09530166916368475, ""ttZ"": 0.233732508859306}",0.7787472204498156,0.08387189981690274,0.03131776382650129,0.4739375380182872,True
2018,SR1E2Mu,MHc160_MA155,255.0,pt_selected >= 255,0.5638435688234876,0.5949229657787222,"{""WZ"": 0.22239168610353308, ""ZZ"": 0.007397511137219949, ""conversion"": 0.0, ""nonprompt"": 0.0, ""others"": 0.020251886544030383, ""tZq"": 0.01834673853907189, ""ttH"": 0.021474411795098777, ""ttW"": 0.07968757653129968, ""ttZ"": 0.22537315512846837}",0.7310183253643716,0.07700707182959166,0.029960944089389735,0.44489022403100575,True
2018,SR1E2Mu,MHc160_MA155,260.0,pt_selected >= 260,0.5246896138949386,0.5655212610824121,"{""WZ"": 0.22239168610353308, ""ZZ"": 0.007397511137219949, ""conversion"": 0.0, ""nonprompt"": 0.0, ""others"": 0.017551901590624336, ""tZq"": 0.01466199398373251, ""ttH"": 0.019942162755549633, ""ttW"": 0.07326492248752813, ""ttZ"": 0.2103110830242245}",0.6977149021717445,0.07165961096223314,0.02848024342525276,0.4246221036692048,True
2018,SR1E2Mu,MHc160_MA155,265.0,pt_selected >= 265,0.48394052145221106,0.5339558477640004,"{""WZ"": 0.22239168610353308, ""ZZ"": 0.007397511137219949, ""conversion"": 0.0, ""nonprompt"": 0.0, ""others"": 0.015177001129542048, ""tZq"": 0.01487639288585348, ""ttH"": 0.015284465294005158, ""ttW"": 0.06429436456180837, ""ttZ"": 0.19453442665203832}",0.6622764535856778,0.0660942938029447,0.026890576127145512,0.4030546288416648,True
2018,SR1E2Mu,MHc160_MA155,270.0,pt_selected >= 270,0.44960575357131727,0.5207237824740347,"{""WZ"": 0.22239168610353308, ""ZZ"": 0.007397511137219949, ""conversion"": 0.0, ""nonprompt"": 0.0, ""others"": 0.014360728832112417, ""tZq"": 0.015093356667603402, ""ttH"": 0.015284465294005158, ""ttW"": 0.05653258458893991, ""ttZ"": 0.18966344985062092}",0.6230575365236496,0.061405014572584155,0.026224195450748375,0.3791863998348445,True
2018,SR1E2Mu,MHc160_MA155,275.0,pt_selected >= 275,0.41359952451421217,0.43373061496757365,"{""WZ"": 0.1593469313532867, ""ZZ"": 0.007397511137219949, ""conversion"": 0.0, ""nonprompt"": 0.0, ""others"": 0.013036597698488726, ""tZq"": 0.011511119328541874, ""ttH"": 0.012370009638103151, ""ttW"": 0.05457674337302071, ""ttZ"": 0.1754917024389125}",0.6280149637332253,0.056487455127685646,0.021843128358459606,0.3822034389778594,True
2018,SR1E2Mu,MHc160_MA155,280.0,pt_selected >= 280,0.3813445613621425,0.41908292400392444,"{""WZ"": 0.1593469313532867, ""ZZ"": 0.007397511137219949, ""conversion"": 0.0, ""nonprompt"": 0.0, ""others"": 0.01213811580274493, ""tZq"": 0.010465800066197174, ""ttH"": 0.012370009638103151, ""ttW"": 0.05636405920450162, ""ttZ"": 0.1610004968018709}",0.5890709068980555,0.052082225731356686,0.021105455289432744,0.35850248707430904,True
2018,SR1E2Mu,MHc160_MA155,285.0,pt_selected >= 285,0.356355272961643,0.34903999809900554,"{""WZ"": 0.1000964891229024, ""ZZ"": 0.006512541600546079, ""conversion"": 0.0, ""nonprompt"": 0.0, ""others"": 0.011749002181091657, ""tZq"": 0.010465800066197174, ""ttH"": 0.01083009280655416, ""ttW"": 0.05066213370217021, ""ttZ"": 0.15872393861954387}",0.6031781356590579,0.04866930762209636,0.01757802012957528,0.36708800120736534,True
2018,SR1E2Mu,MHc160_MA155,290.0,pt_selected >= 290,0.33165716964213016,0.33308469585489153,"{""WZ"": 0.1000964891229024, ""ZZ"": 0.006512541600546079, ""conversion"": 0.0, ""nonprompt"": 0.0, ""others"": 0.009668368862727289, ""tZq"": 0.008088280724177435, ""ttH"": 0.01083009280655416, ""ttW"": 0.04866937277375377, ""ttZ"": 0.14921954996423034}",0.5746614320503576,0.04529615818572175,0.016774494385969986,0.3497330290857338,True
2018,SR1E2Mu,MHc160_MA155,295.0,pt_selected >= 295,0.3105530774614481,0.3173896808789748,"{""WZ"": 0.1000964891229024, ""ZZ"": 0.006512541600546079, ""conversion"": 0.0, ""nonprompt"": 0.0, ""others"": 0.008990442662647258, ""tZq"": 0.006970115676333131, ""ttH"": 0.01083009280655416, ""ttW"": 0.044647461925197376, ""ttZ"": 0.13934253708479438}",0.5512383650664116,0.04241386169017571,0.015984076981995575,0.3354779917543688,True
2018,SR1E2Mu,MHc160_MA155,300.0,pt_selected >= 300,0.29091891543103177,0.3139674912938974,"{""WZ"": 0.1000964891229024, ""ZZ"": 0.005376814561450163, ""conversion"": 0.0, ""nonprompt"": 0.0, ""others"": 0.008468793206628532, ""tZq"": 0.005182679151804346, ""ttH"": 0.01083009280655416, ""ttW"": 0.04711507538456852, ""ttZ"": 0.13689754705998922}",0.5191939443439612,0.03973232126054028,0.01581173192772861,0.31597608732940274,True
2018,SR1E2Mu,MHc160_MA155,305.0,pt_selected >= 305,0.26852083059588133,0.2983811637537457,"{""WZ"": 0.1000964891229024, ""ZZ"": 0.005376814561450163, ""conversion"": 0.0, ""nonprompt"": 0.0, ""others"": 0.008055478067132887, ""tZq"": 0.0041686830481690714, ""ttH"": 0.01083009280655416, ""ttW"": 0.041039861550897255, ""ttZ"": 0.12881374459663977}",0.4915778209869353,0.03667329740513887,0.015026788136933535,0.2991691990738297,True
2018,SR1E2Mu,MHc160_MA155,310.0,pt_selected >= 310,0.2513720396275475,0.28298090654849617,"{""WZ"": 0.1000964891229024, ""ZZ"": 0.005376814561450163, ""conversion"": 0.0, ""nonprompt"": 0.0, ""others"": 0.007505818960764894, ""tZq"": 0.0041686830481690714, ""ttH"": 0.007616233322620236, ""ttW"": 0.03728133653727127, ""ttZ"": 0.1209355309953181}",0.4725398098929534,0.03433119712962336,0.014251215043222576,0.28758286159523827,True
2018,SR1E2Mu,MHc160_MA155,315.0,pt_selected >= 315,0.233990487933743,0.276421462752654,"{""WZ"": 0.1000964891229024, ""ZZ"": 0.005376814561450163, ""conversion"": 0.0, ""nonprompt"": 0.0, ""others"": 0.0074797638656565885, ""tZq"": 0.005271866370800451, ""ttH"": 0.005930696058103502, ""ttW"": 0.03519646501803665, ""ttZ"": 0.1170693677557043}",0.4450536043824138,0.03195730750171207,0.013920874578776934,0.27085504000300786,True
2018,SR1E2Mu,MHc160_MA155,320.0,pt_selected >= 320,0.21766088349321894,0.27551724006434186,"{""WZ"": 0.1000964891229024, ""ZZ"": 0.005376814561450163, ""conversion"": 0.0, ""nonprompt"": 0.0, ""others"": 0.007222943028083595, ""tZq"": 0.0068724994597870095, ""ttH"": 0.005930696058103502, ""ttW"": 0.03733065555138576, ""ttZ"": 0.11268714228262948}",0.4146732284748214,0.02972708782442793,0.013875336976486836,0.252365856114303,True
2018,SR1E2Mu,MHc160_MA155,325.0,pt_selected >= 325,0.20326910214470628,0.2587091230278869,"{""WZ"": 0.1000964891229024, ""ZZ"": 0.005376814561450163, ""conversion"": 0.0, ""nonprompt"": 0.0, ""others"": 0.006872099897350164, ""tZq"": 0.0068724994597870095, ""ttH"": 0.005930696058103502, ""ttW"": 0.033501313283031624, ""ttZ"": 0.10005921064526206}",0.39963682223443564,0.02776152680477633,0.01302886258611265,0.2432148541369284,True
2018,SR1E2Mu,MHc160_MA155,330.0,pt_selected >= 330,0.18818649259306885,0.25455447793350183,"{""WZ"": 0.1000964891229024, ""ZZ"": 0.005376814561450163, ""conversion"": 0.0, ""nonprompt"": 0.0, ""others"": 0.006650654018305551, ""tZq"": 0.0068724994597870095, ""ttH"": 0.004391610847493617, ""ttW"": 0.03088493905991891, ""ttZ"": 0.1002814708636442}",0.37299076351006366,0.025701615756142507,0.012819630304717706,0.22699833722605567,True
2018,SR1E2Mu,MHc160_MA155,335.0,pt_selected >= 335,0.17464795764568564,0.2517434064452292,"{""WZ"": 0.1000964891229024, ""ZZ"": 0.004419908862010931, ""conversion"": 0.0, ""nonprompt"": 0.0, ""others"": 0.005124096896131004, ""tZq"": 0.0068724994597870095, ""ttH"": 0.004391610847493617, ""ttW"": 0.028765479674839833, ""ttZ"": 0.10207332158206438}",0.3480843190356916,0.023852587070161427,0.01267806179831256,0.21184053163137906,True
2018,SR1E2Mu,MHc160_MA155,340.0,pt_selected >= 340,0.16533985171952845,0.2355709309388902,"{""WZ"": 0.1000964891229024, ""ZZ"": 0.004419908862010931, ""conversion"": 0.0, ""nonprompt"": 0.0, ""others"": 0.005229930608028479, ""tZq"": 0.0056300416517994535, ""ttH"": 0.0027508960960326346, ""ttW"": 0.02260821178797614, ""ttZ"": 0.09483545281014015}",0.34065651150089055,0.02258133025127337,0.011863598981604504,0.20732004446497365,True
2018,SR1E2Mu,MHc160_MA155,345.0,pt_selected >= 345,0.1521537543957435,0.23320920665405823,"{""WZ"": 0.1000964891229024, ""ZZ"": 0.004419908862010931, ""conversion"": 0.0, ""nonprompt"": 0.0, ""others"": 0.00502219796133313, ""tZq"": 0.0056300416517994535, ""ttH"": 0.0027508960960326346, ""ttW"": 0.02260821178797614, ""ttZ"": 0.09268146117200353}",0.31507201271066687,0.02078043581900474,0.011744660071320911,0.19174958199697714,True
2018,SR1E2Mu,MHc160_MA155,350.0,pt_selected >= 350,0.1422349942029556,0.22565633553899986,"{""WZ"": 0.1000964891229024, ""ZZ"": 0.004419908862010931, ""conversion"": 0.0, ""nonprompt"": 0.0, ""others"": 0.005086020526142047, ""tZq"": 0.004464575606211814, ""ttH"": 0.004298511355179184, ""ttW"": 0.016170159775849326, ""ttZ"": 0.09112067029070417}",0.2994213014752011,0.019425778745908593,0.011364289565878366,0.1822247203263475,True
2018,SR1E2Mu,MHc160_MA155,355.0,pt_selected >= 355,0.13113127212943212,0.222028304632533,"{""WZ"": 0.1000964891229024, ""ZZ"": 0.0036807334436228098, ""conversion"": 0.0, ""nonprompt"": 0.0, ""others"": 0.005084002433705685, ""tZq"": 0.004464575606211814, ""ttH"": 0.004298511355179184, ""ttW"": 0.01843730050337626, ""ttZ"": 0.08596669216753484}",0.2782928849882896,0.01790928521725876,0.011181578126926014,0.16936618365478437,True
2018,SR1E2Mu,MHc160_MA155,360.0,pt_selected >= 360,0.12289875033184844,0.21397777764540593,"{""WZ"": 0.1000964891229024, ""ZZ"": 0.0026014355066182318, ""conversion"": 0.0, ""nonprompt"": 0.0, ""others"": 0.005016374673541872, ""tZq"": 0.004464575606211814, ""ttH"": 0.004298511355179184, ""ttW"": 0.01628290497766465, ""ttZ"": 0.08121748640328776}",0.2656826109423069,0.016784926560959767,0.010776145150177977,0.161691700744095,True
2018,SR1E2Mu,MHc160_MA155,365.0,pt_selected >= 365,0.1155411683735242,0.2142964969547616,"{""WZ"": 0.1000964891229024, ""ZZ"": 0.0026014355066182318, ""conversion"": 0.0, ""nonprompt"": 0.0, ""others"": 0.0047549926612105425, ""tZq"": 0.005582801606753188, ""ttH"": 0.004298511355179184, ""ttW"": 0.01420656465941254, ""ttZ"": 0.08275570204268551}",0.24959117121463373,0.015780063024892457,0.01079219618864363,0.15189861625218762,True
2018,SR1E2Mu,MHc160_MA155,370.0,pt_selected >= 370,0.10765743219321955,0.2111597168621885,"{""WZ"": 0.1000964891229024, ""ZZ"": 0.0026014355066182318, ""conversion"": 0.0, ""nonprompt"": 0.0, ""others"": 0.0036668679854739805, ""tZq"": 0.007877078183433216, ""ttH"": 0.0028589069908839873, ""ttW"": 0.016098108640225258, ""ttZ"": 0.07796083043265145}",0.2342817619092403,0.014703339848659286,0.010634224655554001,0.14258146742111838,True
2018,SR1E2Mu,MHc160_MA155,375.0,pt_selected >= 375,0.10028788804055845,0.19850421032790522,"{""WZ"": 0.1000964891229024, ""ZZ"": 0.0026014355066182318, ""conversion"": 0.0, ""nonprompt"": 0.0, ""others"": 0.003470278975838329, ""tZq"": 0.007877078183433216, ""ttH"": 0.0028589069908839873, ""ttW"": 0.01184858952117988, ""ttZ"": 0.06975143202704918}",0.2250938473404645,0.01369684257300626,0.009996880082378458,0.13698979724124574,True
2018,SR1E2Mu,MHc160_MA155,380.0,pt_selected >= 380,0.09524306637138426,0.19288007720994418,"{""WZ"": 0.1000964891229024, ""ZZ"": 0.0015345607805411924, ""conversion"": 0.0, ""nonprompt"": 0.0, ""others"": 0.003250939652816447, ""tZq"": 0.006645179033998748, ""ttH"": 0.0012685277718831418, ""ttW"": 0.01184858952117988, ""ttZ"": 0.06823579132662237}",0.21686510835282163,0.013007844832983806,0.00971364284396062,0.1319818714414645,True
2018,SR1E2Mu,MHc160_MA155,385.0,pt_selected >= 385,0.08917841063680332,0.18688135147702856,"{""WZ"": 0.1000964891229024, ""ZZ"": 0.0015345607805411924, ""conversion"": 0.0, ""nonprompt"": 0.0, ""others"": 0.003394953291748727, ""tZq"": 0.006645179033998748, ""ttH"": 0.0012685277718831418, ""ttW"": 0.011809060843374818, ""ttZ"": 0.06213258063257958}",0.20628932028701794,0.012179563008737583,0.009411540728846916,0.125545555745063,True
2018,SR1E2Mu,MHc160_MA155,390.0,pt_selected >= 390,0.08488337121511831,0.1837305148709755,"{""WZ"": 0.1000964891229024, ""ZZ"": 0.0015345607805411924, ""conversion"": 0.0, ""nonprompt"": 0.0, ""others"": 0.0034046955219326452, ""tZq"": 0.005505235371284313, ""ttH"": 0.0012685277718831418, ""ttW"": 0.011748403472977786, ""ttZ"": 0.06017260282945404}",0.1980304496453415,0.011592966960569892,0.009252861295005948,0.12051929213096399,True
2018,SR1E2Mu,MHc160_MA155,395.0,pt_selected >= 395,0.07752724300700019,0.17807788756269938,"{""WZ"": 0.1000964891229024, ""ZZ"": 0.0015345607805411924, ""conversion"": 0.0, ""nonprompt"": 0.0, ""others"": 0.0027786303502495852, ""tZq"": 0.005505235371284313, ""ttH"": 0.0012685277718831418, ""ttW"": 0.00973185266545067, ""ttZ"": 0.05716259150038812}",0.18371699890551962,0.010588301970788704,0.008968189059299367,0.11180827342548616,True
2018,SR1E2Mu,MHc160_MA155,400.0,pt_selected >= 400,0.07185721655837965,0.1685629973693094,"{""WZ"": 0.1000964891229024, ""ZZ"": 0.0015345607805411924, ""conversion"": 0.0, ""nonprompt"": 0.0, ""others"": 0.0027786303502495852, ""tZq"": 0.004015175903729264, ""ttH"": 0.0012685277718831418, ""ttW"": 0.005353773069195774, ""ttZ"": 0.053515840370808074}",0.17502064010474405,0.00981391673674998,0.008489009216699591,0.10651575902346674,True
2018,SR1E2Mu,MHc160_MA155,405.0,pt_selected >= 405,0.06809035764560449,0.1683082767594661,"{""WZ"": 0.1000964891229024, ""ZZ"": 0.0009457093072741953, ""conversion"": 0.0, ""nonprompt"": 0.0, ""others"": 0.00259712400927026, ""tZq"": 0.004015175903729264, ""ttH"": 0.0012685277718831418, ""ttW"": 0.004982491769924964, ""ttZ"": 0.054402758874481885}",0.16597125524993409,0.009299457069375778,0.008476181219817774,0.10100839660079086,True
2018,SR1E2Mu,MHc160_MA155,410.0,pt_selected >= 410,0.06433973387443272,0.16832275860488197,"{""WZ"": 0.1000964891229024, ""ZZ"": 0.0009457093072741953, ""conversion"": 0.0, ""nonprompt"": 0.0, ""others"": 0.0026116058546861156, ""tZq"": 0.004015175903729264, ""ttH"": 0.0012685277718831418, ""ttW"": 0.004982491769924964, ""ttZ"": 0.054402758874481885}",0.15682230762640129,0.008787214720394024,0.008476910540731195,0.09544044130247102,True
2018,SR1E2Mu,MHc160_MA155,415.0,pt_selected >= 415,0.05908648337773542,0.16136707275550685,"{""WZ"": 0.1000964891229024, ""ZZ"": 0.0009457093072741953, ""conversion"": 0.0, ""nonprompt"": 0.0, ""others"": 0.002432912916329976, ""tZq"": 0.0018767755265364273, ""ttH"": 0.0012685277718831418, ""ttW"": 0.004982491769924964, ""ttZ"": 0.04976416634065579}",0.14708916502314923,0.008069750762824885,0.008126614911172326,0.08951695095614054,True
2018,SR1E2Mu,MHc160_MA155,420.0,pt_selected >= 420,0.053953244342259385,0.15992502173169518,"{""WZ"": 0.1000964891229024, ""ZZ"": 0.0009457093072741953, ""conversion"": 0.0, ""nonprompt"": 0.0, ""others"": 0.0023857646265415793, ""tZq"": 0.0018767755265364273, ""ttH"": 0.0012685277718831418, ""ttW"": 0.004982491769924964, ""ttZ"": 0.04836926360663249}",0.13491472603656,0.00736867739960787,0.008053991710214004,0.08210771277391606,True
2018,SR1E2Mu,MHc160_MA155,425.0,pt_selected >= 425,0.05111849632831793,0.15995520277874245,"{""WZ"": 0.1000964891229024, ""ZZ"": 0.0009457093072741953, ""conversion"": 0.0, ""nonprompt"": 0.0, ""others"": 0.0023857646265415793, ""tZq"": 0.0018767755265364273, ""ttH"": 0.0012685277718831418, ""ttW"": 0.004982491769924964, ""ttZ"": 0.04839944465367976}",0.12781413494240226,0.006981521003758794,0.008055511659375755,0.07778636616327149,True
2018,SR1E2Mu,MHc160_MA155,430.0,pt_selected >= 430,0.04871560910833308,0.1570996406222309,"{""WZ"": 0.1000964891229024, ""ZZ"": 0.0009457093072741953, ""conversion"": 0.0, ""nonprompt"": 0.0, ""others"": 0.0023857646265415793, ""tZq"": 0.0018767755265364273, ""ttH"": 0.0012685277718831418, ""ttW"": 0.004982491769924964, ""ttZ"": 0.04554388249716822}",0.12290811023975827,0.006653346100329669,0.007911702556287875,0.0748006100565788,True
2018,SR1E2Mu,MHc160_MA155,435.0,pt_selected >= 435,0.044952667640520534,0.15104248669217354,"{""WZ"": 0.1000964891229024, ""ZZ"": 0.0009457093072741953, ""conversion"": 0.0, ""nonprompt"": 0.0, ""others"": 0.0023857646265415793, ""tZq"": 0.0018767755265364273, ""ttH"": 0.0012685277718831418, ""ttW"": 0.0029217680096857972, ""ttZ"": 0.04154745232735001}",0.11566605030147895,0.0061394214589490315,0.00760665793592811,0.07039316696439488,True
2018,SR1E2Mu,MHc160_MA155,440.0,pt_selected >= 440,0.04251554373983098,0.14973756395156015,"{""WZ"": 0.1000964891229024, ""ZZ"": 0.0009457093072741953, ""conversion"": 0.0, ""nonprompt"": 0.0, ""others"": 0.0022323305429376053, ""tZq"": 0.0018767755265364273, ""ttH"": 0.0012685277718831418, ""ttW"": 0.0029217680096857972, ""ttZ"": 0.04039596367034058}",0.10987081752642748,0.005806570672569365,0.007540940659034428,0.06686624798282302,True
2018,SR1E2Mu,MHc160_MA155,445.0,pt_selected >= 445,0.039718199440346984,0.14952427496360485,"{""WZ"": 0.1000964891229024, ""ZZ"": 0.0009457093072741953, ""conversion"": 0.0, ""nonprompt"": 0.0, ""others"": 0.002019041554982298, ""tZq"": 0.0018767755265364273, ""ttH"": 0.0012685277718831418, ""ttW"": 0.0029217680096857972, ""ttZ"": 0.04039596367034058}",0.1027149595910639,0.005424522698071852,0.007530199202054957,0.0625112665418159,True
2018,SR1E2Mu,MHc160_MA155,450.0,pt_selected >= 450,0.03767095628954104,0.088882707817147,"{""WZ"": 0.04242351471755538, ""ZZ"": 0.0009457093072741953, ""conversion"": 0.0, ""nonprompt"": 0.0, ""others"": 0.0018687943557810162, ""tZq"": 0.0018767755265364273, ""ttH"": 0.0, ""ttW"": 0.0029217680096857972, ""ttZ"": 0.03884614590031417}",0.1263566218714461,0.005144919969436126,0.004476226322743094,0.07689933871927056,True
2018,SR1E2Mu,MHc160_MA155,455.0,pt_selected >= 455,0.0347150127431705,0.08600196713155858,"{""WZ"": 0.04242351471755538, ""ZZ"": 0.0009457093072741953, ""conversion"": 0.0, ""nonprompt"": 0.0, ""others"": 0.0018687943557810162, ""tZq"": 0.0006378332925443034, ""ttH"": 0.0, ""ttW"": 0.004808262987285886, ""ttZ"": 0.03531785247111781}",0.11837585709282954,0.004741211264423241,0.00433114920254154,0.07204232746920684,True
2018,SR1E2Mu,MHc160_MA155,460.0,pt_selected >= 460,0.03215449947630042,0.08038214258912559,"{""WZ"": 0.04242351471755538, ""ZZ"": 0.0009457093072741953, ""conversion"": 0.0, ""nonprompt"": 0.0, ""others"": 0.0018687943557810162, ""tZq"": -0.0007012844116037666, ""ttH"": 0.0, ""ttW"": 0.0019368378032922325, ""ttZ"": 0.03390857081682651}",0.11341277176905638,0.004391508545504381,0.0040481289485030676,0.06902184485616447,True
2018,SR1E2Mu,MHc160_MA155,465.0,pt_selected >= 465,0.031761209795026765,0.08287294165245389,"{""WZ"": 0.04242351471755538, ""ZZ"": 0.0009457093072741953, ""conversion"": 0.0, ""nonprompt"": 0.0, ""others"": 0.0017984909100880937, ""tZq"": 0.0005329441119824526, ""ttH"": 0.0, ""ttW"": 0.0019368378032922325, ""ttZ"": 0.035235444802261526}",0.11032924826280409,0.004337794912131082,0.004173568199913712,0.06714524420758611,True
2018,SR1E2Mu,MHc160_MA155,470.0,pt_selected >= 470,0.02889768285189429,0.08270809130701408,"{""WZ"": 0.04242351471755538, ""ZZ"": 0.0009457093072741953, ""conversion"": 0.0, ""nonprompt"": 0.0, ""others"": 0.0015725804897867009, ""tZq"": 0.002127861588442877, ""ttH"": 0.0, ""ttW"": 0.0019368378032922325, ""ttZ"": 0.0337015874006627}",0.1004821736356931,0.003946708027064906,0.004165266163739375,0.06115241600492535,True
2018,SR1E2Mu,MHc160_MA155,475.0,pt_selected >= 475,0.027147817833933347,0.08109459329550271,"{""WZ"": 0.04242351471755538, ""ZZ"": 0.0009457093072741953, ""conversion"": 0.0, ""nonprompt"": 0.0, ""others"": 0.0015725804897867009, ""tZq"": 0.002127861588442877, ""ttH"": 0.0, ""ttW"": 0.0019368378032922325, ""ttZ"": 0.03208808938915132}",0.09533205970427314,0.0037077197888707907,0.0040840087127886355,0.05801810970748393,True
2018,SR1E2Mu,MHc160_MA155,480.0,pt_selected >= 480,0.025265939588417233,0.03719988527059882,"{""WZ"": 0.0, ""ZZ"": 0.0009457093072741953, ""conversion"": 0.0, ""nonprompt"": 0.0, ""others"": 0.0015725804897867009, ""tZq"": 0.002127861588442877, ""ttH"": 0.0, ""ttW"": 0.0019368378032922325, ""ttZ"": 0.030616896081802816}",0.13099799638299656,0.0034507018121837634,0.001873425211052739,0.07972403144530617,True
2018,SR1E2Mu,MHc160_MA155,485.0,pt_selected >= 485,0.02475485899145021,0.033917432885235896,"{""WZ"": 0.0, ""ZZ"": 0.0009457093072741953, ""conversion"": 0.0, ""nonprompt"": 0.0, ""others"": 0.0016413651242170207, ""tZq"": 0.000903683257237347, ""ttH"": 0.0, ""ttW"": 0.0019368378032922325, ""ttZ"": 0.028489837393215107}",0.1344153817141925,0.0033809008560010552,0.0017081174686205507,0.08180381696208952,True
2018,SR1E2Mu,MHc160_MA155,490.0,pt_selected >= 490,0.023286701916161782,0.033345383910408886,"{""WZ"": 0.0, ""ZZ"": 0.0009457093072741953, ""conversion"": 0.0, ""nonprompt"": 0.0, ""others"": 0.0015722425363238872, ""tZq"": 0.000903683257237347, ""ttH"": 0.0, ""ttW"": 0.0019368378032922325, ""ttZ"": 0.027986911006281225}",0.12752347040562464,0.0031803869482344626,0.001679308482689489,0.07760947071975384,True
2018,SR1E2Mu,MHc160_MA155,495.0,pt_selected >= 495,0.021819146970852986,0.03176639508516182,"{""WZ"": 0.0, ""ZZ"": 0.0009457093072741953, ""conversion"": 0.0, ""nonprompt"": 0.0, ""others"": 0.0015064147206145558, ""tZq"": 0.000903683257237347, ""ttH"": 0.0, ""ttW"": 0.0019368378032922325, ""ttZ"": 0.026473749996743484}",0.12242040196059806,0.0029799552765155187,0.0015997889505277494,0.07450379582080816,True
2018,SR1E2Mu,MHc160_MA155,500.0,pt_selected >= 500,0.02073601870695742,0.03030767986783167,"{""WZ"": 0.0, ""ZZ"": 0.0009457093072741953, ""conversion"": 0.0, ""nonprompt"": 0.0, ""others"": 0.0015064147206145558, ""tZq"": 0.000903683257237347, ""ttH"": 0.0, ""ttW"": 0.0019368378032922325, ""ttZ"": 0.02501503477941334}",0.11911022097599308,0.002832026771819604,0.001526326523318264,0.0724892537652584,True
2018,SR3Mu,MHc70_MA15,0.0,pt_selected >= 0,9.882975767368487,9.166141375954718,"{""WZ"": 0.6700869751632554, ""ZZ"": 0.31523145265162933, ""conversion"": 0.0, ""nonprompt"": 5.6006418550387025, ""others"": 0.19362230200822284, ""tZq"": 0.27912819951271095, ""ttH"": 0.3431818852885892, ""ttW"": 0.1885313726191023, ""ttZ"": 1.575717333672507}",3.2643329951776012,1.0,1.0,1.0,True
2018,SR3Mu,MHc70_MA15,5.0,pt_selected >= 5,9.882975767368487,9.166141375954718,"{""WZ"": 0.6700869751632554, ""ZZ"": 0.31523145265162933, ""conversion"": 0.0, ""nonprompt"": 5.6006418550387025, ""others"": 0.19362230200822284, ""tZq"": 0.27912819951271095, ""ttH"": 0.3431818852885892, ""ttW"": 0.1885313726191023, ""ttZ"": 1.575717333672507}",3.2643329951776012,1.0,1.0,1.0,True
2018,SR3Mu,MHc70_MA15,10.0,pt_selected >= 10,9.882975767368487,9.166141375954718,"{""WZ"": 0.6700869751632554, ""ZZ"": 0.31523145265162933, ""conversion"": 0.0, ""nonprompt"": 5.6006418550387025, ""others"": 0.19362230200822284, ""tZq"": 0.27912819951271095, ""ttH"": 0.3431818852885892, ""ttW"": 0.1885313726191023, ""ttZ"": 1.575717333672507}",3.2643329951776012,1.0,1.0,1.0,True
2018,SR3Mu,MHc70_MA15,15.0,pt_selected >= 15,9.879978863086837,9.160319551298464,"{""WZ"": 0.6700869751632554, ""ZZ"": 0.31523145265162933, ""conversion"": 0.0, ""nonprompt"": 5.6006418550387025, ""others"": 0.19240202961612127, ""tZq"": 0.27912819951271095, ""ttH"": 0.3416934078063051, ""ttW"": 0.1885313726191023, ""ttZ"": 1.5726042588906382}",3.2643799631273303,0.999696760940005,0.9993648554590784,1.0000143882225858,True
2018,SR3Mu,MHc70_MA15,20.0,pt_selected >= 20,9.796241720596019,9.1404397277905,"{""WZ"": 0.6700869751632554, ""ZZ"": 0.30994182905122813, ""conversion"": 0.0, ""nonprompt"": 5.6006418550387025, ""others"": 0.19095266748665, ""tZq"": 0.2805667759162953, ""ttH"": 0.3416934078063051, ""ttW"": 0.1885313726191023, ""ttZ"": 1.5580248447089624}",3.2402308165374514,0.9912238936111888,0.9971960231563044,0.9926165073613029,True
2018,SR3Mu,MHc70_MA15,25.0,pt_selected >= 25,9.511393829196567,8.989128389163236,"{""WZ"": 0.5659717916309821, ""ZZ"": 0.30034587585622907, ""conversion"": 0.0, ""nonprompt"": 5.6006418550387025, ""others"": 0.1837560068772832, ""tZq"": 0.28037068008354377, ""ttH"": 0.33719544084683956, ""ttW"": 0.1864553848838541, ""ttZ"": 1.5343913539457998}",3.172381238388756,0.9624018163235,0.9806883857087525,0.9718313796647935,True
2018,SR3Mu,MHc70_MA15,30.0,pt_selected >= 30,9.049355910749375,7.610394042684795,"{""WZ"": 0.6822938894616069, ""ZZ"": 0.2694418465652689, ""conversion"": 0.0, ""nonprompt"": 4.227579244412482, ""others"": 0.1752508536142044, ""tZq"": 0.2629034052757376, ""ttH"": 0.32529129228641485, ""ttW"": 0.18474143739211585, ""ttZ"": 1.482892073676964}",3.2803040295431964,0.9156509257695895,0.8302723829515578,1.0048925873644599,True
2018,SR3Mu,MHc70_MA15,35.0,pt_selected >= 35,8.374932354331552,7.509356311549496,"{""WZ"": 0.5736457315669399, ""ZZ"": 0.25302199155302013, ""conversion"": 0.0, ""nonprompt"": 4.378006302751601, ""others"": 0.16615476200796994, ""tZq"": 0.25605397842745203, ""ttH"": 0.3046625084703188, ""ttW"": 0.16598907840156113, ""ttZ"": 1.4118219583706324}",3.056187196890552,0.8474099857639864,0.8192494533467027,0.9362363464160847,True
2018,SR3Mu,MHc70_MA15,40.0,pt_selected >= 40,7.570391155196063,6.974888663862511,"{""WZ"": 0.5066931413127149, ""ZZ"": 0.2223955125345163, ""conversion"": 0.0, ""nonprompt"": 4.120043852366507, ""others"": 0.15547857845954685, ""tZq"": 0.22652831509123772, ""ttH"": 0.2738368569245187, ""ttW"": 0.16218484902759506, ""ttZ"": 1.3077275581458738}",2.866485042067699,0.7660032092957171,0.7609405504217447,0.8781227424721549,True
2018,SR3Mu,MHc70_MA15,45.0,pt_selected >= 45,6.728864222201072,6.555668290772986,"{""WZ"": 0.37510252949425665, ""ZZ"": 0.2009768114096346, ""conversion"": 0.0, ""nonprompt"": 4.034405865706503, ""others"": 0.14191222586139324, ""tZq"": 0.21540043205849685, ""ttH"": 0.2561711434895477, ""ttW"": 0.14129952157828007, ""ttZ"": 1.1903997611748736}",2.628047918640269,0.6808540646652571,0.7152047979502353,0.8050796050901314,True
2018,SR3Mu,MHc70_MA15,50.0,pt_selected >= 50,5.873029135331372,5.90117819068698,"{""WZ"": 0.37510252949425665, ""ZZ"": 0.17116287896294077, ""conversion"": 0.0, ""nonprompt"": 3.60288090351969, ""others"": 0.11850268680959082, ""tZq"": 0.19345153569528142, ""ttH"": 0.2263965963137636, ""ttW"": 0.12545941817932724, ""ttZ"": 1.088221641712129}",2.4176464491415266,0.5942571623744016,0.6438017862311589,0.740624946264096,True
2018,SR3Mu,MHc70_MA15,55.0,pt_selected >= 55,5.0871814249163965,4.882891635555451,"{""WZ"": 0.32983185892124073, ""ZZ"": 0.14436681610687027, ""conversion"": 0.0, ""nonprompt"": 2.8481132620945573, ""others"": 0.10110263125250543, ""tZq"": 0.1724277663394602, ""ttH"": 0.19444598871049792, ""ttW"": 0.10923100260702635, ""ttZ"": 0.9833723095232924}",2.3021768533476394,0.514741869722397,0.5327096141419555,0.7052518406512587,True
2018,SR3Mu,MHc70_MA15,60.0,pt_selected >= 60,4.321387606023965,3.828866110761804,"{""WZ"": 0.24144637934462915, ""ZZ"": 0.12136967897815594, ""conversion"": 0.0, ""nonprompt"": 2.063467183150351, ""others"": 0.08168850054195326, ""tZq"": 0.14414360358651082, ""ttH"": 0.16284854669797869, ""ttW"": 0.09644315088400988, ""ttZ"": 0.9174590675782147}",2.208452852032336,0.43725571201866953,0.41771842193116954,0.6765403086311609,True
2018,SR3Mu,MHc70_MA15,65.0,pt_selected >= 65,3.597030987018232,3.417813244918382,"{""WZ"": 0.1921067148651629, ""ZZ"": 0.10158469464056742, ""conversion"": 0.0, ""nonprompt"": 1.9224840784445405, ""others"": 0.06847844934887648, ""tZq"": 0.11821211286978135, ""ttH"": 0.13083522655132937, ""ttW"": 0.07495785726213877, ""ttZ"": 0.8091541109359842}",1.9456737285879662,0.36396234005701744,0.3728737213113727,0.5960402114190892,True
2018,SR3Mu,MHc70_MA15,70.0,pt_selected >= 70,2.997284486863219,3.1759471568708477,"{""WZ"": 0.10307120551147848, ""ZZ"": 0.08805463806344606, ""conversion"": 0.0, ""nonprompt"": 1.9440996246412396, ""others"": 0.056497402779314365, ""tZq"": 0.08720172236801203, ""ttH"": 0.10183296558128775, ""ttW"": 0.06815937219192604, ""ttZ"": 0.7270302257341433}",1.681865771102871,0.30327753071697533,0.34648681780124196,0.5152249398537132,True
2018,SR3Mu,MHc70_MA15,75.0,pt_selected >= 75,2.4526456454481593,2.299002003189714,"{""WZ"": 0.11436141015998115, ""ZZ"": 0.07135076588764284, ""conversion"": 0.0, ""nonprompt"": 1.2292019734159112, ""others"": 0.04212853683098602, ""tZq"": 0.0729526787626067, ""ttH"": 0.07742336053422562, ""ttW"": 0.052484654360873344, ""ttZ"": 0.6390986232374872}",1.6175776277396408,0.24816874018312185,0.2508145913198133,0.4955308267046554,True
2018,SR3Mu,MHc70_MA15,80.0,pt_selected >= 80,1.9810715594659385,1.6713863767217718,"{""WZ"": 0.11436141015998115, ""ZZ"": 0.0590762490224909, ""conversion"": 0.0, ""nonprompt"": 0.7771867085248232, ""others"": 0.03744097742056017, ""tZq"": 0.052965050592267644, ""ttH"": 0.06412433342450102, ""ttW"": 0.033352164469573335, ""ttZ"": 0.5328794831075745}",1.5323632722653762,0.20045294110778064,0.1823435083716113,0.4694261506191728,True
2018,SR3Mu,MHc70_MA15,85.0,pt_selected >= 85,1.5348080707661298,1.4775558323216522,"{""WZ"": 0.06836669394279622, ""ZZ"": 0.049740540902113696, ""conversion"": 0.0, ""nonprompt"": 0.7771867085248232, ""others"": 0.03175604274542354, ""tZq"": 0.0337086221312781, ""ttH"": 0.04984725348093945, ""ttW"": 0.02678755064403921, ""ttZ"": 0.4401624199502387}",1.2626475023801695,0.1552981720175561,0.16119714629295193,0.3868010721471978,True
2018,SR3Mu,MHc70_MA15,90.0,pt_selected >= 90,1.168508156984943,1.254148758606134,"{""WZ"": -0.022453512534020476, ""ZZ"": 0.041261746292581815, ""conversion"": 0.0, ""nonprompt"": 0.7949204742908478, ""others"": 0.02543901289108448, ""tZq"": 0.0206981089310144, ""ttH"": 0.034545728494553146, ""ttW"": 0.021421412232246875, ""ttZ"": 0.3383157880078261}",1.0434153515231275,0.1182344452207514,0.1368240688383999,0.31964121095015885,True
2018,SR3Mu,MHc70_MA15,95.0,pt_selected >= 95,0.8311848605477059,0.40016393247127063,"{""WZ"": -0.13722481563947325, ""ZZ"": 0.03232834694803365, ""conversion"": 0.0, ""nonprompt"": 0.14098310470581055, ""others"": 0.017156637536870658, ""tZq"": 0.014400458310979247, ""ttH"": 0.027374164673339505, ""ttW"": 0.018316763769485225, ""ttZ"": 0.28682927216622506}",1.3139494368481848,0.08410269134647724,0.04365674890428916,0.40251697323443475,True
2018,SR3Mu,MHc70_MA15,100.0,pt_selected >= 100,0.5360886908609375,0.35537986365590873,"{""WZ"": -0.09326775197593502, ""ZZ"": 0.022267990078680994, ""conversion"": 0.0, ""nonprompt"": 0.14098310470581055, ""others"": 0.012822237345414393, ""tZq"": 0.004272234262782246, ""ttH"": 0.023963465895169993, ""ttW"": 0.010480086356466748, ""ttZ"": 0.23385849698751887}",0.8992702732731345,0.054243651252387955,0.038770934145546436,0.2754836208810885,True
2018,SR3Mu,MHc70_MA15,105.0,pt_selected >= 105,0.3734892969601877,0.3223466000738983,"{""WZ"": -0.04595277051742512, ""ZZ"": 0.01665688419374834, ""conversion"": 0.0, ""nonprompt"": 0.14098310470581055, ""others"": 0.00670885333471896, ""tZq"": 0.003393373868754713, ""ttH"": 0.019638357102777938, ""ttW"": 0.012653997120590371, ""ttZ"": 0.16826480026492258}",0.6578344509670789,0.037791178057257915,0.03516709887537859,0.20152185819856544,True
2018,SR3Mu,MHc70_MA15,110.0,pt_selected >= 110,0.2641910267603834,0.14007583434149393,"{""WZ"": -0.04595277051742512, ""ZZ"": 0.014285540783592704, ""conversion"": 0.0, ""nonprompt"": 0.0, ""others"": 0.0036515906331383357, ""tZq"": 0.0019721946211124033, ""ttH"": 0.014282588389478271, ""ttW"": 0.00932492634793242, ""ttZ"": 0.14251176408366492}",0.705889064193567,0.026731931047801086,0.015281875829337625,0.21624297068846127,True
2018,SR3Mu,MHc70_MA15,115.0,pt_selected >= 115,0.1910148895198256,0.15698882080375395,"{""WZ"": 0.0, ""ZZ"": 0.012842987362619154, ""conversion"": 0.0, ""nonprompt"": 0.0, ""others"": 0.0037895434697529694, ""tZq"": -0.0004929951742433075, ""ttH"": 0.012487524869390518, ""ttW"": 0.008606725428961449, ""ttZ"": 0.11975503484727316}",0.48209525607168763,0.019327669521412436,0.017127034633742214,0.14768568549344901,True
2018,SR3Mu,MHc70_MA15,120.0,pt_selected >= 120,0.14005999055684978,0.11761939029468116,"{""WZ"": 0.0, ""ZZ"": 0.01021330641176148, ""conversion"": 0.0, ""nonprompt"": 0.0, ""others"": 0.0033997423709195267, ""tZq"": 0.0021297560599788366, ""ttH"": 0.011068044572978743, ""ttW"": 0.004778157000824728, ""ttZ"": 0.08603038387821783}",0.40838955952642925,0.014171843972267796,0.012831941541206076,0.12510658689837806,True
2018,SR3Mu,MHc70_MA15,125.0,pt_selected >= 125,0.10424476686716976,0.10007164445715994,"{""WZ"": 0.0, ""ZZ"": 0.008362699754618962, ""conversion"": 0.0, ""nonprompt"": 0.0, ""others"": 0.003490740629919279, ""tZq"": 0.0009327956742363848, ""ttH"": 0.009545947443061243, ""ttW"": 0.004778157000824728, ""ttZ"": 0.07296130395449935}",0.32953287257044017,0.010547912827163263,0.010917532291142168,0.10094952722570248,True
2018,SR3Mu,MHc70_MA15,130.0,pt_selected >= 130,0.07837755884000061,0.08454607505979225,"{""WZ"": 0.0, ""ZZ"": 0.005702657703373651, ""conversion"": 0.0, ""nonprompt"": 0.0, ""others"": 0.003490740629919279, ""tZq"": -0.0002594495496683364, ""ttH"": 0.007979983304369002, ""ttW"": 0.004778157000824728, ""ttZ"": 0.06285398597097394}",0.2695535198932229,0.007930562685257903,0.00922373674942213,0.08257537459917058,True
2018,SR3Mu,MHc70_MA15,135.0,pt_selected >= 135,0.05847627598149261,0.0682854666897728,"{""WZ"": 0.0, ""ZZ"": 0.004102732903923684, ""conversion"": 0.0, ""nonprompt"": 0.0, ""others"": 0.0034046170269163355, ""tZq"": -0.00019685913148408704, ""ttH"": 0.004907053307289817, ""ttW"": 0.004778157000824728, ""ttZ"": 0.051289765582302325}",0.2237770612384095,0.005916869307174567,0.007449750542677004,0.06855215493302777,True
2018,SR3Mu,MHc70_MA15,140.0,pt_selected >= 140,0.04009609024815853,0.04730540159515487,"{""WZ"": 0.0, ""ZZ"": 0.003298792560487924, ""conversion"": 0.0, ""nonprompt"": 0.0, ""others"": 0.0025384276956485676, ""tZq"": -0.001405746636917713, ""ttH"": 0.002942571236103229, ""ttW"": 0.004778157000824728, ""ttZ"": 0.03515319973900813}",0.1843514933370366,0.004057086771430464,0.005160885006557918,0.056474475370429135,True
2018,SR3Mu,MHc70_MA15,145.0,pt_selected >= 145,0.029359761608380417,0.04238450027768708,"{""WZ"": 0.0, ""ZZ"": 0.0025208281553648613, ""conversion"": 0.0, ""nonprompt"": 0.0, ""others"": 0.0025384276956485676, ""tZq"": 0.00022690938780378276, ""ttH"": 0.0014788230954664349, ""ttW"": 0.0021094209467319206, ""ttZ"": 0.033510090996671515}",0.1426096754046148,0.002970741029773663,0.00462402864403479,0.04368723277168477,True
2018,SR3Mu,MHc70_MA15,150.0,pt_selected >= 150,0.019881710569377164,0.033707548094269436,"{""WZ"": 0.0, ""ZZ"": 0.0025208281553648613, ""conversion"": 0.0, ""nonprompt"": 0.0, ""others"": 0.0014479248550483524, ""tZq"": 0.002612339445828158, ""ttH"": 0.0014788230954664349, ""ttW"": 0.0021094209467319206, ""ttZ"": 0.023538211595829705}",0.10829045183514795,0.0020117129736392154,0.003677397796055547,0.03317383734904662,True
2018,SR3Mu,MHc70_MA15,155.0,pt_selected >= 155,0.01192257834931486,0.025550856182522747,"{""WZ"": 0.0, ""ZZ"": 0.00072980907515653, ""conversion"": 0.0, ""nonprompt"": 0.0, ""others"": 0.0012953292318870168, ""tZq"": 0.002612339445828158, ""ttH"": 0.0014788230954664349, ""ttW"": 0.0021094209467319206, ""ttZ"": 0.017325134387452687}",0.07458774138632365,0.0012063753498901325,0.002787525866614887,0.02284930535472702,True
2018,SR3Mu,MHc70_MA15,160.0,pt_selected >= 160,0.009720829150891883,0.02230286144337679,"{""WZ"": 0.0, ""ZZ"": 0.00072980907515653, ""conversion"": 0.0, ""nonprompt"": 0.0, ""others"": 3.046723883783479e-05, ""tZq"": 0.002612339445828158, ""ttH"": 0.0014788230954664349, ""ttW"": 0.0021094209467319206, ""ttZ"": 0.015342001641355916}",0.06509131074942175,0.0009835933406806502,0.0024331788621418456,0.019940156486970274,True
2018,SR3Mu,MHc70_MA15,165.0,pt_selected >= 165,0.005795522740727085,0.020465326971496826,"{""WZ"": 0.0, ""ZZ"": 0.00072980907515653, ""conversion"": 0.0, ""nonprompt"": 0.0, ""others"": 3.046723883783479e-05, ""tZq"": 0.0002540241269823522, ""ttH"": 0.0014788230954664349, ""ttW"": 0.004052602592983559, ""ttZ"": 0.013919600842070116}",0.040511961420675445,0.0005864147476575512,0.0022327090683090427,0.012410486761161854,True
2018,SR3Mu,MHc70_MA15,170.0,pt_selected >= 170,0.0035785390202788033,0.013140761200748722,"{""WZ"": 0.0, ""ZZ"": 0.0, ""conversion"": 0.0, ""nonprompt"": 0.0, ""others"": 3.046723883783479e-05, ""tZq"": 0.0002540241269823522, ""ttH"": 0.0, ""ttW"": 0.0020836033312183148, ""ttZ"": 0.010772666503710221}",0.03121731132196179,0.00036209124706086893,0.00143361973831437,0.009563151604961602,True
2018,SR3Mu,MHc70_MA15,175.0,pt_selected >= 175,0.002476662668384278,0.008093515390613348,"{""WZ"": 0.0, ""ZZ"": 0.0, ""conversion"": 0.0, ""nonprompt"": 0.0, ""others"": -5.10652657286294e-05, ""tZq"": -0.0010280403355555456, ""ttH"": 0.0, ""ttW"": 0.0020836033312183148, ""ttZ"": 0.007089017660679209}",0.027529495930876828,0.00025059888101331773,0.0008829795503530897,0.008433421459007445,True
2018,SR3Mu,MHc70_MA15,180.0,pt_selected >= 180,0.0018914595511604275,0.00659085508914831,"{""WZ"": 0.0, ""ZZ"": 0.0, ""conversion"": 0.0, ""nonprompt"": 0.0, ""others"": -5.10652657286294e-05, ""tZq"": -0.0010280403355555456, ""ttH"": 0.0, ""ttW"": 0.0020836033312183148, ""ttZ"": 0.005586357359214171}",0.023298404270779997,0.00019138563077384345,0.0007190435777521298,0.007137263356771116,True
2018,SR3Mu,MHc70_MA15,185.0,pt_selected >= 185,0.0010432977090301019,0.006155674248817839,"{""WZ"": 0.0, ""ZZ"": 0.0, ""conversion"": 0.0, ""nonprompt"": 0.0, ""others"": -5.10652657286294e-05, ""tZq"": 5.620283953568488e-05, ""ttH"": 0.0, ""ttW"": 0.0020836033312183148, ""ttZ"": 0.0040669333437924685}",0.013297513472942557,0.00010556513883954386,0.0006715665836189093,0.004073577509582194,True
2018,SR3Mu,MHc70_MA15,190.0,pt_selected >= 190,0.0005502743708415145,0.002950102930077819,"{""WZ"": 0.0, ""ZZ"": 0.0, ""conversion"": 0.0, ""nonprompt"": 0.0, ""others"": 0.0, ""tZq"": -0.0011168304137146494, ""ttH"": 0.0, ""ttW"": 0.0, ""ttZ"": 0.0040669333437924685}",0.010131195628506515,5.5679016502135426e-05,0.0003218478538653944,0.0031036035978784424,True
2018,SR3Mu,MHc70_MA15,195.0,pt_selected >= 195,0.00031177025576997015,0.0021791185055795304,"{""WZ"": 0.0, ""ZZ"": 0.0, ""conversion"": 0.0, ""nonprompt"": 0.0, ""others"": 0.0, ""tZq"": 0.0, ""ttH"": 0.0, ""ttW"": 0.0, ""ttZ"": 0.0021791185055795304}",0.006678735661918912,3.154619247366468e-05,0.0002377356420986426,0.0020459725376624897,True
2018,SR3Mu,MHc70_MA15,200.0,pt_selected >= 200,0.00031177025576997015,0.00028180159079349673,"{""WZ"": 0.0, ""ZZ"": 0.0, ""conversion"": 0.0, ""nonprompt"": 0.0, ""others"": 0.0, ""tZq"": 0.0, ""ttH"": 0.0, ""ttW"": 0.0, ""ttZ"": 0.00028180159079349673}",0.018572183202767222,3.154619247366468e-05,3.074375347654346e-05,0.005689426670074379,True
2018,SR3Mu,MHc70_MA15,205.0,pt_selected >= 205,0.00031177025576997015,0.00028180159079349673,"{""WZ"": 0.0, ""ZZ"": 0.0, ""conversion"": 0.0, ""nonprompt"": 0.0, ""others"": 0.0, ""tZq"": 0.0, ""ttH"": 0.0, ""ttW"": 0.0, ""ttZ"": 0.00028180159079349673}",0.018572183202767222,3.154619247366468e-05,3.074375347654346e-05,0.005689426670074379,True
2018,SR3Mu,MHc70_MA15,210.0,pt_selected >= 210,0.0,-0.0012420859097759549,"{""WZ"": 0.0, ""ZZ"": 0.0, ""conversion"": 0.0, ""nonprompt"": 0.0, ""others"": 0.0, ""tZq"": 0.0, ""ttH"": 0.0, ""ttW"": 0.0, ""ttZ"": -0.0012420859097759549}",,0.0,-0.00013550804627935196,,True
2018,SR3Mu,MHc70_MA15,215.0,pt_selected >= 215,0.0,-0.0012420859097759549,"{""WZ"": 0.0, ""ZZ"": 0.0, ""conversion"": 0.0, ""nonprompt"": 0.0, ""others"": 0.0, ""tZq"": 0.0, ""ttH"": 0.0, ""ttW"": 0.0, ""ttZ"": -0.0012420859097759549}",,0.0,-0.00013550804627935196,,True
2018,SR3Mu,MHc70_MA15,220.0,pt_selected >= 220,0.0,0.0,"{""WZ"": 0.0, ""ZZ"": 0.0, ""conversion"": 0.0, ""nonprompt"": 0.0, ""others"": 0.0, ""tZq"": 0.0, ""ttH"": 0.0, ""ttW"": 0.0, ""ttZ"": 0.0}",,0.0,0.0,,True
2018,SR3Mu,MHc70_MA15,225.0,pt_selected >= 225,0.0,0.0,"{""WZ"": 0.0, ""ZZ"": 0.0, ""conversion"": 0.0, ""nonprompt"": 0.0, ""others"": 0.0, ""tZq"": 0.0, ""ttH"": 0.0, ""ttW"": 0.0, ""ttZ"": 0.0}",,0.0,0.0,,True
2018,SR3Mu,MHc70_MA15,230.0,pt_selected >= 230,0.0,0.0,"{""WZ"": 0.0, ""ZZ"": 0.0, ""conversion"": 0.0, ""nonprompt"": 0.0, ""others"": 0.0, ""tZq"": 0.0, ""ttH"": 0.0, ""ttW"": 0.0, ""ttZ"": 0.0}",,0.0,0.0,,True
2018,SR3Mu,MHc70_MA15,235.0,pt_selected >= 235,0.0,0.0,"{""WZ"": 0.0, ""ZZ"": 0.0, ""conversion"": 0.0, ""nonprompt"": 0.0, ""others"": 0.0, ""tZq"": 0.0, ""ttH"": 0.0, ""ttW"": 0.0, ""ttZ"": 0.0}",,0.0,0.0,,True
2018,SR3Mu,MHc70_MA15,240.0,pt_selected >= 240,0.0,0.0,"{""WZ"": 0.0, ""ZZ"": 0.0, ""conversion"": 0.0, ""nonprompt"": 0.0, ""others"": 0.0, ""tZq"": 0.0, ""ttH"": 0.0, ""ttW"": 0.0, ""ttZ"": 0.0}",,0.0,0.0,,True
2018,SR3Mu,MHc70_MA15,245.0,pt_selected >= 245,0.0,0.0,"{""WZ"": 0.0, ""ZZ"": 0.0, ""conversion"": 0.0, ""nonprompt"": 0.0, ""others"": 0.0, ""tZq"": 0.0, ""ttH"": 0.0, ""ttW"": 0.0, ""ttZ"": 0.0}",,0.0,0.0,,True
2018,SR3Mu,MHc70_MA15,250.0,pt_selected >= 250,0.0,0.0,"{""WZ"": 0.0, ""ZZ"": 0.0, ""conversion"": 0.0, ""nonprompt"": 0.0, ""others"": 0.0, ""tZq"": 0.0, ""ttH"": 0.0, ""ttW"": 0.0, ""ttZ"": 0.0}",,0.0,0.0,,True
2018,SR3Mu,MHc70_MA15,255.0,pt_selected >= 255,0.0,0.0,"{""WZ"": 0.0, ""ZZ"": 0.0, ""conversion"": 0.0, ""nonprompt"": 0.0, ""others"": 0.0, ""tZq"": 0.0, ""ttH"": 0.0, ""ttW"": 0.0, ""ttZ"": 0.0}",,0.0,0.0,,True
2018,SR3Mu,MHc70_MA15,260.0,pt_selected >= 260,0.0,0.0,"{""WZ"": 0.0, ""ZZ"": 0.0, ""conversion"": 0.0, ""nonprompt"": 0.0, ""others"": 0.0, ""tZq"": 0.0, ""ttH"": 0.0, ""ttW"": 0.0, ""ttZ"": 0.0}",,0.0,0.0,,True
2018,SR3Mu,MHc70_MA15,265.0,pt_selected >= 265,0.0,0.0,"{""WZ"": 0.0, ""ZZ"": 0.0, ""conversion"": 0.0, ""nonprompt"": 0.0, ""others"": 0.0, ""tZq"": 0.0, ""ttH"": 0.0, ""ttW"": 0.0, ""ttZ"": 0.0}",,0.0,0.0,,True
2018,SR3Mu,MHc70_MA15,270.0,pt_selected >= 270,0.0,0.0,"{""WZ"": 0.0, ""ZZ"": 0.0, ""conversion"": 0.0, ""nonprompt"": 0.0, ""others"": 0.0, ""tZq"": 0.0, ""ttH"": 0.0, ""ttW"": 0.0, ""ttZ"": 0.0}",,0.0,0.0,,True
2018,SR3Mu,MHc70_MA15,275.0,pt_selected >= 275,0.0,0.0,"{""WZ"": 0.0, ""ZZ"": 0.0, ""conversion"": 0.0, ""nonprompt"": 0.0, ""others"": 0.0, ""tZq"": 0.0, ""ttH"": 0.0, ""ttW"": 0.0, ""ttZ"": 0.0}",,0.0,0.0,,True
2018,SR3Mu,MHc70_MA15,280.0,pt_selected >= 280,0.0,0.0,"{""WZ"": 0.0, ""ZZ"": 0.0, ""conversion"": 0.0, ""nonprompt"": 0.0, ""others"": 0.0, ""tZq"": 0.0, ""ttH"": 0.0, ""ttW"": 0.0, ""ttZ"": 0.0}",,0.0,0.0,,True
2018,SR3Mu,MHc70_MA15,285.0,pt_selected >= 285,0.0,0.0,"{""WZ"": 0.0, ""ZZ"": 0.0, ""conversion"": 0.0, ""nonprompt"": 0.0, ""others"": 0.0, ""tZq"": 0.0, ""ttH"": 0.0, ""ttW"": 0.0, ""ttZ"": 0.0}",,0.0,0.0,,True
2018,SR3Mu,MHc70_MA15,290.0,pt_selected >= 290,0.0,0.0,"{""WZ"": 0.0, ""ZZ"": 0.0, ""conversion"": 0.0, ""nonprompt"": 0.0, ""others"": 0.0, ""tZq"": 0.0, ""ttH"": 0.0, ""ttW"": 0.0, ""ttZ"": 0.0}",,0.0,0.0,,True
2018,SR3Mu,MHc70_MA15,295.0,pt_selected >= 295,0.0,0.0,"{""WZ"": 0.0, ""ZZ"": 0.0, ""conversion"": 0.0, ""nonprompt"": 0.0, ""others"": 0.0, ""tZq"": 0.0, ""ttH"": 0.0, ""ttW"": 0.0, ""ttZ"": 0.0}",,0.0,0.0,,True
2018,SR3Mu,MHc70_MA15,300.0,pt_selected >= 300,0.0,0.0,"{""WZ"": 0.0, ""ZZ"": 0.0, ""conversion"": 0.0, ""nonprompt"": 0.0, ""others"": 0.0, ""tZq"": 0.0, ""ttH"": 0.0, ""ttW"": 0.0, ""ttZ"": 0.0}",,0.0,0.0,,True
2018,SR3Mu,MHc70_MA15,305.0,pt_selected >= 305,0.0,0.0,"{""WZ"": 0.0, ""ZZ"": 0.0, ""conversion"": 0.0, ""nonprompt"": 0.0, ""others"": 0.0, ""tZq"": 0.0, ""ttH"": 0.0, ""ttW"": 0.0, ""ttZ"": 0.0}",,0.0,0.0,,True
2018,SR3Mu,MHc70_MA15,310.0,pt_selected >= 310,0.0,0.0,"{""WZ"": 0.0, ""ZZ"": 0.0, ""conversion"": 0.0, ""nonprompt"": 0.0, ""others"": 0.0, ""tZq"": 0.0, ""ttH"": 0.0, ""ttW"": 0.0, ""ttZ"": 0.0}",,0.0,0.0,,True
2018,SR3Mu,MHc70_MA15,315.0,pt_selected >= 315,0.0,0.0,"{""WZ"": 0.0, ""ZZ"": 0.0, ""conversion"": 0.0, ""nonprompt"": 0.0, ""others"": 0.0, ""tZq"": 0.0, ""ttH"": 0.0, ""ttW"": 0.0, ""ttZ"": 0.0}",,0.0,0.0,,True
2018,SR3Mu,MHc70_MA15,320.0,pt_selected >= 320,0.0,0.0,"{""WZ"": 0.0, ""ZZ"": 0.0, ""conversion"": 0.0, ""nonprompt"": 0.0, ""others"": 0.0, ""tZq"": 0.0, ""ttH"": 0.0, ""ttW"": 0.0, ""ttZ"": 0.0}",,0.0,0.0,,True
2018,SR3Mu,MHc70_MA15,325.0,pt_selected >= 325,0.0,0.0,"{""WZ"": 0.0, ""ZZ"": 0.0, ""conversion"": 0.0, ""nonprompt"": 0.0, ""others"": 0.0, ""tZq"": 0.0, ""ttH"": 0.0, ""ttW"": 0.0, ""ttZ"": 0.0}",,0.0,0.0,,True
2018,SR3Mu,MHc70_MA15,330.0,pt_selected >= 330,0.0,0.0,"{""WZ"": 0.0, ""ZZ"": 0.0, ""conversion"": 0.0, ""nonprompt"": 0.0, ""others"": 0.0, ""tZq"": 0.0, ""ttH"": 0.0, ""ttW"": 0.0, ""ttZ"": 0.0}",,0.0,0.0,,True
2018,SR3Mu,MHc70_MA15,335.0,pt_selected >= 335,0.0,0.0,"{""WZ"": 0.0, ""ZZ"": 0.0, ""conversion"": 0.0, ""nonprompt"": 0.0, ""others"": 0.0, ""tZq"": 0.0, ""ttH"": 0.0, ""ttW"": 0.0, ""ttZ"": 0.0}",,0.0,0.0,,True
2018,SR3Mu,MHc70_MA15,340.0,pt_selected >= 340,0.0,0.0,"{""WZ"": 0.0, ""ZZ"": 0.0, ""conversion"": 0.0, ""nonprompt"": 0.0, ""others"": 0.0, ""tZq"": 0.0, ""ttH"": 0.0, ""ttW"": 0.0, ""ttZ"": 0.0}",,0.0,0.0,,True
2018,SR3Mu,MHc70_MA15,345.0,pt_selected >= 345,0.0,0.0,"{""WZ"": 0.0, ""ZZ"": 0.0, ""conversion"": 0.0, ""nonprompt"": 0.0, ""others"": 0.0, ""tZq"": 0.0, ""ttH"": 0.0, ""ttW"": 0.0, ""ttZ"": 0.0}",,0.0,0.0,,True
2018,SR3Mu,MHc70_MA15,350.0,pt_selected >= 350,0.0,0.0,"{""WZ"": 0.0, ""ZZ"": 0.0, ""conversion"": 0.0, ""nonprompt"": 0.0, ""others"": 0.0, ""tZq"": 0.0, ""ttH"": 0.0, ""ttW"": 0.0, ""ttZ"": 0.0}",,0.0,0.0,,True
2018,SR3Mu,MHc70_MA15,355.0,pt_selected >= 355,0.0,0.0,"{""WZ"": 0.0, ""ZZ"": 0.0, ""conversion"": 0.0, ""nonprompt"": 0.0, ""others"": 0.0, ""tZq"": 0.0, ""ttH"": 0.0, ""ttW"": 0.0, ""ttZ"": 0.0}",,0.0,0.0,,True
2018,SR3Mu,MHc70_MA15,360.0,pt_selected >= 360,0.0,0.0,"{""WZ"": 0.0, ""ZZ"": 0.0, ""conversion"": 0.0, ""nonprompt"": 0.0, ""others"": 0.0, ""tZq"": 0.0, ""ttH"": 0.0, ""ttW"": 0.0, ""ttZ"": 0.0}",,0.0,0.0,,True
2018,SR3Mu,MHc70_MA15,365.0,pt_selected >= 365,0.0,0.0,"{""WZ"": 0.0, ""ZZ"": 0.0, ""conversion"": 0.0, ""nonprompt"": 0.0, ""others"": 0.0, ""tZq"": 0.0, ""ttH"": 0.0, ""ttW"": 0.0, ""ttZ"": 0.0}",,0.0,0.0,,True
2018,SR3Mu,MHc70_MA15,370.0,pt_selected >= 370,0.0,0.0,"{""WZ"": 0.0, ""ZZ"": 0.0, ""conversion"": 0.0, ""nonprompt"": 0.0, ""others"": 0.0, ""tZq"": 0.0, ""ttH"": 0.0, ""ttW"": 0.0, ""ttZ"": 0.0}",,0.0,0.0,,True
2018,SR3Mu,MHc70_MA15,375.0,pt_selected >= 375,0.0,0.0,"{""WZ"": 0.0, ""ZZ"": 0.0, ""conversion"": 0.0, ""nonprompt"": 0.0, ""others"": 0.0, ""tZq"": 0.0, ""ttH"": 0.0, ""ttW"": 0.0, ""ttZ"": 0.0}",,0.0,0.0,,True
2018,SR3Mu,MHc70_MA15,380.0,pt_selected >= 380,0.0,0.0,"{""WZ"": 0.0, ""ZZ"": 0.0, ""conversion"": 0.0, ""nonprompt"": 0.0, ""others"": 0.0, ""tZq"": 0.0, ""ttH"": 0.0, ""ttW"": 0.0, ""ttZ"": 0.0}",,0.0,0.0,,True
2018,SR3Mu,MHc70_MA15,385.0,pt_selected >= 385,0.0,0.0,"{""WZ"": 0.0, ""ZZ"": 0.0, ""conversion"": 0.0, ""nonprompt"": 0.0, ""others"": 0.0, ""tZq"": 0.0, ""ttH"": 0.0, ""ttW"": 0.0, ""ttZ"": 0.0}",,0.0,0.0,,True
2018,SR3Mu,MHc70_MA15,390.0,pt_selected >= 390,0.0,0.0,"{""WZ"": 0.0, ""ZZ"": 0.0, ""conversion"": 0.0, ""nonprompt"": 0.0, ""others"": 0.0, ""tZq"": 0.0, ""ttH"": 0.0, ""ttW"": 0.0, ""ttZ"": 0.0}",,0.0,0.0,,True
2018,SR3Mu,MHc70_MA15,395.0,pt_selected >= 395,0.0,0.0,"{""WZ"": 0.0, ""ZZ"": 0.0, ""conversion"": 0.0, ""nonprompt"": 0.0, ""others"": 0.0, ""tZq"": 0.0, ""ttH"": 0.0, ""ttW"": 0.0, ""ttZ"": 0.0}",,0.0,0.0,,True
2018,SR3Mu,MHc70_MA15,400.0,pt_selected >= 400,0.0,0.0,"{""WZ"": 0.0, ""ZZ"": 0.0, ""conversion"": 0.0, ""nonprompt"": 0.0, ""others"": 0.0, ""tZq"": 0.0, ""ttH"": 0.0, ""ttW"": 0.0, ""ttZ"": 0.0}",,0.0,0.0,,True
2018,SR3Mu,MHc70_MA15,405.0,pt_selected >= 405,0.0,0.0,"{""WZ"": 0.0, ""ZZ"": 0.0, ""conversion"": 0.0, ""nonprompt"": 0.0, ""others"": 0.0, ""tZq"": 0.0, ""ttH"": 0.0, ""ttW"": 0.0, ""ttZ"": 0.0}",,0.0,0.0,,True
2018,SR3Mu,MHc70_MA15,410.0,pt_selected >= 410,0.0,0.0,"{""WZ"": 0.0, ""ZZ"": 0.0, ""conversion"": 0.0, ""nonprompt"": 0.0, ""others"": 0.0, ""tZq"": 0.0, ""ttH"": 0.0, ""ttW"": 0.0, ""ttZ"": 0.0}",,0.0,0.0,,True
2018,SR3Mu,MHc70_MA15,415.0,pt_selected >= 415,0.0,0.0,"{""WZ"": 0.0, ""ZZ"": 0.0, ""conversion"": 0.0, ""nonprompt"": 0.0, ""others"": 0.0, ""tZq"": 0.0, ""ttH"": 0.0, ""ttW"": 0.0, ""ttZ"": 0.0}",,0.0,0.0,,True
2018,SR3Mu,MHc70_MA15,420.0,pt_selected >= 420,0.0,0.0,"{""WZ"": 0.0, ""ZZ"": 0.0, ""conversion"": 0.0, ""nonprompt"": 0.0, ""others"": 0.0, ""tZq"": 0.0, ""ttH"": 0.0, ""ttW"": 0.0, ""ttZ"": 0.0}",,0.0,0.0,,True
2018,SR3Mu,MHc70_MA15,425.0,pt_selected >= 425,0.0,0.0,"{""WZ"": 0.0, ""ZZ"": 0.0, ""conversion"": 0.0, ""nonprompt"": 0.0, ""others"": 0.0, ""tZq"": 0.0, ""ttH"": 0.0, ""ttW"": 0.0, ""ttZ"": 0.0}",,0.0,0.0,,True
2018,SR3Mu,MHc70_MA15,430.0,pt_selected >= 430,0.0,0.0,"{""WZ"": 0.0, ""ZZ"": 0.0, ""conversion"": 0.0, ""nonprompt"": 0.0, ""others"": 0.0, ""tZq"": 0.0, ""ttH"": 0.0, ""ttW"": 0.0, ""ttZ"": 0.0}",,0.0,0.0,,True
2018,SR3Mu,MHc70_MA15,435.0,pt_selected >= 435,0.0,0.0,"{""WZ"": 0.0, ""ZZ"": 0.0, ""conversion"": 0.0, ""nonprompt"": 0.0, ""others"": 0.0, ""tZq"": 0.0, ""ttH"": 0.0, ""ttW"": 0.0, ""ttZ"": 0.0}",,0.0,0.0,,True
2018,SR3Mu,MHc70_MA15,440.0,pt_selected >= 440,0.0,0.0,"{""WZ"": 0.0, ""ZZ"": 0.0, ""conversion"": 0.0, ""nonprompt"": 0.0, ""others"": 0.0, ""tZq"": 0.0, ""ttH"": 0.0, ""ttW"": 0.0, ""ttZ"": 0.0}",,0.0,0.0,,True
2018,SR3Mu,MHc70_MA15,445.0,pt_selected >= 445,0.0,0.0,"{""WZ"": 0.0, ""ZZ"": 0.0, ""conversion"": 0.0, ""nonprompt"": 0.0, ""others"": 0.0, ""tZq"": 0.0, ""ttH"": 0.0, ""ttW"": 0.0, ""ttZ"": 0.0}",,0.0,0.0,,True
2018,SR3Mu,MHc70_MA15,450.0,pt_selected >= 450,0.0,0.0,"{""WZ"": 0.0, ""ZZ"": 0.0, ""conversion"": 0.0, ""nonprompt"": 0.0, ""others"": 0.0, ""tZq"": 0.0, ""ttH"": 0.0, ""ttW"": 0.0, ""ttZ"": 0.0}",,0.0,0.0,,True
2018,SR3Mu,MHc70_MA15,455.0,pt_selected >= 455,0.0,0.0,"{""WZ"": 0.0, ""ZZ"": 0.0, ""conversion"": 0.0, ""nonprompt"": 0.0, ""others"": 0.0, ""tZq"": 0.0, ""ttH"": 0.0, ""ttW"": 0.0, ""ttZ"": 0.0}",,0.0,0.0,,True
2018,SR3Mu,MHc70_MA15,460.0,pt_selected >= 460,0.0,0.0,"{""WZ"": 0.0, ""ZZ"": 0.0, ""conversion"": 0.0, ""nonprompt"": 0.0, ""others"": 0.0, ""tZq"": 0.0, ""ttH"": 0.0, ""ttW"": 0.0, ""ttZ"": 0.0}",,0.0,0.0,,True
2018,SR3Mu,MHc70_MA15,465.0,pt_selected >= 465,0.0,0.0,"{""WZ"": 0.0, ""ZZ"": 0.0, ""conversion"": 0.0, ""nonprompt"": 0.0, ""others"": 0.0, ""tZq"": 0.0, ""ttH"": 0.0, ""ttW"": 0.0, ""ttZ"": 0.0}",,0.0,0.0,,True
2018,SR3Mu,MHc70_MA15,470.0,pt_selected >= 470,0.0,0.0,"{""WZ"": 0.0, ""ZZ"": 0.0, ""conversion"": 0.0, ""nonprompt"": 0.0, ""others"": 0.0, ""tZq"": 0.0, ""ttH"": 0.0, ""ttW"": 0.0, ""ttZ"": 0.0}",,0.0,0.0,,True
2018,SR3Mu,MHc70_MA15,475.0,pt_selected >= 475,0.0,0.0,"{""WZ"": 0.0, ""ZZ"": 0.0, ""conversion"": 0.0, ""nonprompt"": 0.0, ""others"": 0.0, ""tZq"": 0.0, ""ttH"": 0.0, ""ttW"": 0.0, ""ttZ"": 0.0}",,0.0,0.0,,True
2018,SR3Mu,MHc70_MA15,480.0,pt_selected >= 480,0.0,0.0,"{""WZ"": 0.0, ""ZZ"": 0.0, ""conversion"": 0.0, ""nonprompt"": 0.0, ""others"": 0.0, ""tZq"": 0.0, ""ttH"": 0.0, ""ttW"": 0.0, ""ttZ"": 0.0}",,0.0,0.0,,True
2018,SR3Mu,MHc70_MA15,485.0,pt_selected >= 485,0.0,0.0,"{""WZ"": 0.0, ""ZZ"": 0.0, ""conversion"": 0.0, ""nonprompt"": 0.0, ""others"": 0.0, ""tZq"": 0.0, ""ttH"": 0.0, ""ttW"": 0.0, ""ttZ"": 0.0}",,0.0,0.0,,True
2018,SR3Mu,MHc70_MA15,490.0,pt_selected >= 490,0.0,0.0,"{""WZ"": 0.0, ""ZZ"": 0.0, ""conversion"": 0.0, ""nonprompt"": 0.0, ""others"": 0.0, ""tZq"": 0.0, ""ttH"": 0.0, ""ttW"": 0.0, ""ttZ"": 0.0}",,0.0,0.0,,True
2018,SR3Mu,MHc70_MA15,495.0,pt_selected >= 495,0.0,0.0,"{""WZ"": 0.0, ""ZZ"": 0.0, ""conversion"": 0.0, ""nonprompt"": 0.0, ""others"": 0.0, ""tZq"": 0.0, ""ttH"": 0.0, ""ttW"": 0.0, ""ttZ"": 0.0}",,0.0,0.0,,True
2018,SR3Mu,MHc70_MA15,500.0,pt_selected >= 500,0.0,0.0,"{""WZ"": 0.0, ""ZZ"": 0.0, ""conversion"": 0.0, ""nonprompt"": 0.0, ""others"": 0.0, ""tZq"": 0.0, ""ttH"": 0.0, ""ttW"": 0.0, ""ttZ"": 0.0}",,0.0,0.0,,True
2018,SR3Mu,MHc100_MA60,0.0,pt_selected >= 0,,,,,,,,False
2018,SR3Mu,MHc100_MA60,5.0,pt_selected >= 5,,,,,,,,False
2018,SR3Mu,MHc100_MA60,10.0,pt_selected >= 10,,,,,,,,False
2018,SR3Mu,MHc100_MA60,15.0,pt_selected >= 15,,,,,,,,False
2018,SR3Mu,MHc100_MA60,20.0,pt_selected >= 20,,,,,,,,False
2018,SR3Mu,MHc100_MA60,25.0,pt_selected >= 25,,,,,,,,False
2018,SR3Mu,MHc100_MA60,30.0,pt_selected >= 30,,,,,,,,False
2018,SR3Mu,MHc100_MA60,35.0,pt_selected >= 35,,,,,,,,False
2018,SR3Mu,MHc100_MA60,40.0,pt_selected >= 40,,,,,,,,False
2018,SR3Mu,MHc100_MA60,45.0,pt_selected >= 45,,,,,,,,False
2018,SR3Mu,MHc100_MA60,50.0,pt_selected >= 50,,,,,,,,False
2018,SR3Mu,MHc100_MA60,55.0,pt_selected >= 55,,,,,,,,False
2018,SR3Mu,MHc100_MA60,60.0,pt_selected >= 60,,,,,,,,False
2018,SR3Mu,MHc100_MA60,65.0,pt_selected >= 65,,,,,,,,False
2018,SR3Mu,MHc100_MA60,70.0,pt_selected >= 70,,,,,,,,False
2018,SR3Mu,MHc100_MA60,75.0,pt_selected >= 75,,,,,,,,False
2018,SR3Mu,MHc100_MA60,80.0,pt_selected >= 80,,,,,,,,False
2018,SR3Mu,MHc100_MA60,85.0,pt_selected >= 85,,,,,,,,False
2018,SR3Mu,MHc100_MA60,90.0,pt_selected >= 90,,,,,,,,False
2018,SR3Mu,MHc100_MA60,95.0,pt_selected >= 95,,,,,,,,False
2018,SR3Mu,MHc100_MA60,100.0,pt_selected >= 100,,,,,,,,False
2018,SR3Mu,MHc100_MA60,105.0,pt_selected >= 105,,,,,,,,False
2018,SR3Mu,MHc100_MA60,110.0,pt_selected >= 110,,,,,,,,False
2018,SR3Mu,MHc100_MA60,115.0,pt_selected >= 115,,,,,,,,False
2018,SR3Mu,MHc100_MA60,120.0,pt_selected >= 120,,,,,,,,False
2018,SR3Mu,MHc100_MA60,125.0,pt_selected >= 125,,,,,,,,False
2018,SR3Mu,MHc100_MA60,130.0,pt_selected >= 130,,,,,,,,False
2018,SR3Mu,MHc100_MA60,135.0,pt_selected >= 135,,,,,,,,False
2018,SR3Mu,MHc100_MA60,140.0,pt_selected >= 140,,,,,,,,False
2018,SR3Mu,MHc100_MA60,145.0,pt_selected >= 145,,,,,,,,False
2018,SR3Mu,MHc100_MA60,150.0,pt_selected >= 150,,,,,,,,False
2018,SR3Mu,MHc100_MA60,155.0,pt_selected >= 155,,,,,,,,False
2018,SR3Mu,MHc100_MA60,160.0,pt_selected >= 160,,,,,,,,False
2018,SR3Mu,MHc100_MA60,165.0,pt_selected >= 165,,,,,,,,False
2018,SR3Mu,MHc100_MA60,170.0,pt_selected >= 170,,,,,,,,False
2018,SR3Mu,MHc100_MA60,175.0,pt_selected >= 175,,,,,,,,False
2018,SR3Mu,MHc100_MA60,180.0,pt_selected >= 180,,,,,,,,False
2018,SR3Mu,MHc100_MA60,185.0,pt_selected >= 185,,,,,,,,False
2018,SR3Mu,MHc100_MA60,190.0,pt_selected >= 190,,,,,,,,False
2018,SR3Mu,MHc100_MA60,195.0,pt_selected >= 195,,,,,,,,False
2018,SR3Mu,MHc100_MA60,200.0,pt_selected >= 200,,,,,,,,False
2018,SR3Mu,MHc100_MA60,205.0,pt_selected >= 205,,,,,,,,False
2018,SR3Mu,MHc100_MA60,210.0,pt_selected >= 210,,,,,,,,False
2018,SR3Mu,MHc100_MA60,215.0,pt_selected >= 215,,,,,,,,False
2018,SR3Mu,MHc100_MA60,220.0,pt_selected >= 220,,,,,,,,False
2018,SR3Mu,MHc100_MA60,225.0,pt_selected >= 225,,,,,,,,False
2018,SR3Mu,MHc100_MA60,230.0,pt_selected >= 230,,,,,,,,False
2018,SR3Mu,MHc100_MA60,235.0,pt_selected >= 235,,,,,,,,False
2018,SR3Mu,MHc100_MA60,240.0,pt_selected >= 240,,,,,,,,False
2018,SR3Mu,MHc100_MA60,245.0,pt_selected >= 245,,,,,,,,False
2018,SR3Mu,MHc100_MA60,250.0,pt_selected >= 250,,,,,,,,False
2018,SR3Mu,MHc100_MA60,255.0,pt_selected >= 255,,,,,,,,False
2018,SR3Mu,MHc100_MA60,260.0,pt_selected >= 260,,,,,,,,False
2018,SR3Mu,MHc100_MA60,265.0,pt_selected >= 265,,,,,,,,False
2018,SR3Mu,MHc100_MA60,270.0,pt_selected >= 270,,,,,,,,False
2018,SR3Mu,MHc100_MA60,275.0,pt_selected >= 275,,,,,,,,False
2018,SR3Mu,MHc100_MA60,280.0,pt_selected >= 280,,,,,,,,False
2018,SR3Mu,MHc100_MA60,285.0,pt_selected >= 285,,,,,,,,False
2018,SR3Mu,MHc100_MA60,290.0,pt_selected >= 290,,,,,,,,False
2018,SR3Mu,MHc100_MA60,295.0,pt_selected >= 295,,,,,,,,False
2018,SR3Mu,MHc100_MA60,300.0,pt_selected >= 300,,,,,,,,False
2018,SR3Mu,MHc100_MA60,305.0,pt_selected >= 305,,,,,,,,False
2018,SR3Mu,MHc100_MA60,310.0,pt_selected >= 310,,,,,,,,False
2018,SR3Mu,MHc100_MA60,315.0,pt_selected >= 315,,,,,,,,False
2018,SR3Mu,MHc100_MA60,320.0,pt_selected >= 320,,,,,,,,False
2018,SR3Mu,MHc100_MA60,325.0,pt_selected >= 325,,,,,,,,False
2018,SR3Mu,MHc100_MA60,330.0,pt_selected >= 330,,,,,,,,False
2018,SR3Mu,MHc100_MA60,335.0,pt_selected >= 335,,,,,,,,False
2018,SR3Mu,MHc100_MA60,340.0,pt_selected >= 340,,,,,,,,False
2018,SR3Mu,MHc100_MA60,345.0,pt_selected >= 345,,,,,,,,False
2018,SR3Mu,MHc100_MA60,350.0,pt_selected >= 350,,,,,,,,False
2018,SR3Mu,MHc100_MA60,355.0,pt_selected >= 355,,,,,,,,False
2018,SR3Mu,MHc100_MA60,360.0,pt_selected >= 360,,,,,,,,False
2018,SR3Mu,MHc100_MA60,365.0,pt_selected >= 365,,,,,,,,False
2018,SR3Mu,MHc100_MA60,370.0,pt_selected >= 370,,,,,,,,False
2018,SR3Mu,MHc100_MA60,375.0,pt_selected >= 375,,,,,,,,False
2018,SR3Mu,MHc100_MA60,380.0,pt_selected >= 380,,,,,,,,False
2018,SR3Mu,MHc100_MA60,385.0,pt_selected >= 385,,,,,,,,False
2018,SR3Mu,MHc100_MA60,390.0,pt_selected >= 390,,,,,,,,False
2018,SR3Mu,MHc100_MA60,395.0,pt_selected >= 395,,,,,,,,False
2018,SR3Mu,MHc100_MA60,400.0,pt_selected >= 400,,,,,,,,False
2018,SR3Mu,MHc100_MA60,405.0,pt_selected >= 405,,,,,,,,False
2018,SR3Mu,MHc100_MA60,410.0,pt_selected >= 410,,,,,,,,False
2018,SR3Mu,MHc100_MA60,415.0,pt_selected >= 415,,,,,,,,False
2018,SR3Mu,MHc100_MA60,420.0,pt_selected >= 420,,,,,,,,False
2018,SR3Mu,MHc100_MA60,425.0,pt_selected >= 425,,,,,,,,False
2018,SR3Mu,MHc100_MA60,430.0,pt_selected >= 430,,,,,,,,False
2018,SR3Mu,MHc100_MA60,435.0,pt_selected >= 435,,,,,,,,False
2018,SR3Mu,MHc100_MA60,440.0,pt_selected >= 440,,,,,,,,False
2018,SR3Mu,MHc100_MA60,445.0,pt_selected >= 445,,,,,,,,False
2018,SR3Mu,MHc100_MA60,450.0,pt_selected >= 450,,,,,,,,False
2018,SR3Mu,MHc100_MA60,455.0,pt_selected >= 455,,,,,,,,False
2018,SR3Mu,MHc100_MA60,460.0,pt_selected >= 460,,,,,,,,False
2018,SR3Mu,MHc100_MA60,465.0,pt_selected >= 465,,,,,,,,False
2018,SR3Mu,MHc100_MA60,470.0,pt_selected >= 470,,,,,,,,False
2018,SR3Mu,MHc100_MA60,475.0,pt_selected >= 475,,,,,,,,False
2018,SR3Mu,MHc100_MA60,480.0,pt_selected >= 480,,,,,,,,False
2018,SR3Mu,MHc100_MA60,485.0,pt_selected >= 485,,,,,,,,False
2018,SR3Mu,MHc100_MA60,490.0,pt_selected >= 490,,,,,,,,False
2018,SR3Mu,MHc100_MA60,495.0,pt_selected >= 495,,,,,,,,False
2018,SR3Mu,MHc100_MA60,500.0,pt_selected >= 500,,,,,,,,False
2018,SR3Mu,MHc130_MA90,0.0,pt_selected >= 0,17.654744739352985,218.89467305243258,"{""WZ"": 30.123840647896586, ""ZZ"": 4.578887679850705, ""conversion"": -2.16275770143804, ""nonprompt"": 105.92824931337964, ""others"": 3.0475068858891188, ""tZq"": 16.511440582353547, ""ttH"": 2.6503834478464467, ""ttW"": 2.0113018144371173, ""ttZ"": 56.205820382217475}",1.1932840791440504,1.0,1.0,1.0,True
2018,SR3Mu,MHc130_MA90,5.0,pt_selected >= 5,17.569167055346103,217.9212540105946,"{""WZ"": 29.79235348237099, ""ZZ"": 4.55069603570968, ""conversion"": -2.16275770143804, ""nonprompt"": 105.536296873237, ""others"": 3.0346701461073726, ""tZq"": 16.461943844924537, ""ttH"": 2.632254300663573, ""ttW"": 1.991620547239884, ""ttZ"": 56.08417648177958}",1.1901491140140503,0.9951527090722458,0.995553025442493,0.9973728258134066,True
2018,SR3Mu,MHc130_MA90,10.0,pt_selected >= 10,17.30988318079972,213.50843630689798,"{""WZ"": 29.733924292582344, ""ZZ"": 4.476691780052473, ""conversion"": -2.0275333345755104, ""nonprompt"": 101.90787088952493, ""others"": 2.9937481750612713, ""tZq"": 16.23629069989233, ""ttH"": 2.5983600436986958, ""ttW"": 1.9599802452874873, ""ttZ"": 55.629103515373956}",1.1846406118020545,0.980466352606925,0.9753934772809916,0.992756571973879,True
2018,SR3Mu,MHc130_MA90,15.0,pt_selected >= 15,16.885486506179813,208.04906024290733,"{""WZ"": 29.266154441864956, ""ZZ"": 4.34559519285429, ""conversion"": -2.1406980265895257, ""nonprompt"": 98.41287014901172, ""others"": 2.924187136597842, ""tZq"": 15.892654153469842, ""ttH"": 2.5194944636971552, ""ttW"": 1.908990350890604, ""ttZ"": 54.91981238111043}",1.170659783188439,0.9564276774017315,0.950452824373084,0.9810403102236646,True
2018,SR3Mu,MHc130_MA90,20.0,pt_selected >= 20,16.33345425367662,203.08630559418785,"{""WZ"": 28.315386670458402, ""ZZ"": 4.145514093170402, ""conversion"": 0.08466805738276326, ""nonprompt"": 94.02153590961825, ""others"": 2.858329796818908, ""tZq"": 15.3934998265647, ""ttH"": 2.4483287174182617, ""ttW"": 1.844287371881266, ""ttZ"": 53.9747551508749}",1.1461401353830785,0.9251594681665849,0.9277809403134352,0.9604922712160975,True
2018,SR3Mu,MHc130_MA90,25.0,pt_selected >= 25,15.641420990784056,197.09714139661688,"{""WZ"": 27.94000436417688, ""ZZ"": 3.912589161620391, ""conversion"": 0.08466805738276326, ""nonprompt"": 90.67844147223514, ""others"": 2.766493523061457, ""tZq"": 14.732963149906448, ""ttH"": 2.354924381362625, ""ttW"": 1.7666677405012103, ""ttZ"": 52.86038954636998}",1.1141304462353672,0.8859613221095649,0.9004199994826074,0.9336674021784815,True
2018,SR3Mu,MHc130_MA90,30.0,pt_selected >= 30,14.870684649653626,186.12476082452358,"{""WZ"": 26.777926726687987, ""ZZ"": 3.674668459681794, ""conversion"": 0.08466805738276326, ""nonprompt"": 83.55292566807475, ""others"": 2.6507856107655603, ""tZq"": 14.111253021800225, ""ttH"": 2.222068249990917, ""ttW"": 1.6513958783400076, ""ttZ"": 51.39906915179959}",1.0900059977702152,0.8423052765246953,0.8502936970966876,0.9134505494719102,True
2018,SR3Mu,MHc130_MA90,35.0,pt_selected >= 35,13.9975476252454,173.7923441915029,"{""WZ"": 25.711330918714797, ""ZZ"": 3.425618186770781, ""conversion"": 0.2092198617584789, ""nonprompt"": 74.93975661171135, ""others"": 2.53774462579723, ""tZq"": 13.398189805185902, ""ttH"": 2.10589664589933, ""ttW"": 1.57248386611367, ""ttZ"": 49.892103669551425}",1.0617851161247833,0.7928490517364674,0.7939541961803421,0.8898007898390867,True
2018,SR3Mu,MHc130_MA90,40.0,pt_selected >= 40,13.09808187911862,166.98869556452675,"{""WZ"": 24.31731289986371, ""ZZ"": 3.1735767353950295, ""conversion"": 0.2092198617584789, ""nonprompt"": 72.6379729815526, ""others"": 2.3963693979043588, ""tZq"": 12.639509261560093, ""ttH"": 1.9881677875819603, ""ttW"": 1.4907346677419795, ""ttZ"": 48.135831971168564}",1.0135943122732574,0.741901515569499,0.7628723588194738,0.8494157677862546,True
2018,SR3Mu,MHc130_MA90,45.0,pt_selected >= 45,12.175796469158337,154.05213217644564,"{""WZ"": 23.082105255812472, ""ZZ"": 2.9131194762124055, ""conversion"": 0.2092198617584789, ""nonprompt"": 64.34144379093777, ""others"": 2.275942848526959, ""tZq"": 11.784356846545728, ""ttH"": 1.844651336917571, ""ttW"": 1.3508559829236522, ""ttZ"": 46.25043677681061}",0.9809876117941445,0.689661428070274,0.7037728695185973,0.8220905892734383,True
2018,SR3Mu,MHc130_MA90,50.0,pt_selected >= 50,11.246445122878052,143.48288809634886,"{""WZ"": 22.528668622005668, ""ZZ"": 2.664306610177998, ""conversion"": 0.2092198617584789, ""nonprompt"": 57.59502909460571, ""others"": 2.1405093120134002, ""tZq"": 10.985696382566514, ""ttH"": 1.700872559416441, ""ttW"": 1.245841616319553, ""ttZ"": 44.41274403748511}",0.9388910811200623,0.6370211118266338,0.6554882587845339,0.7868127108454629,True
2018,SR3Mu,MHc130_MA90,55.0,pt_selected >= 55,10.334193921514874,132.45524861116323,"{""WZ"": 20.793365950157273, ""ZZ"": 2.434291885882471, ""conversion"": 0.2092198617584789, ""nonprompt"": 51.77305002405774, ""others"": 2.0123077704651586, ""tZq"": 10.229611073850101, ""ttH"": 1.5526435158477618, ""ttW"": 1.1213201858274415, ""ttZ"": 42.329438343316816}",0.8979290470936844,0.5853493819414805,0.6051095111822834,0.7524855671733877,True
2018,SR3Mu,MHc130_MA90,60.0,pt_selected >= 60,9.411781165385767,124.3232014563928,"{""WZ"": 19.16702668153346, ""ZZ"": 2.208214175676666, ""conversion"": 0.2092198617584789, ""nonprompt"": 48.69755989022087, ""others"": 1.9049937434462754, ""tZq"": 9.434031353709083, ""ttH"": 1.4257030551879748, ""ttW"": 0.992000962480288, ""ttZ"": 40.284451732379694}",0.844103552804619,0.5331020813009326,0.5679590084250851,0.7073785425932267,True
2018,SR3Mu,MHc130_MA90,65.0,pt_selected >= 65,8.539721365923121,114.81035994914117,"{""WZ"": 17.556540367189694, ""ZZ"": 1.9864815778524683, ""conversion"": 0.2092198617584789, ""nonprompt"": 44.31313988834154, ""others"": 1.7695556621977602, ""tZq"": 8.63172695255643, ""ttH"": 1.3090805202473712, ""ttW"": 0.860674911793253, ""ttZ"": 38.17394020720417}",0.7969905308055649,0.48370687268492824,0.5245004748089062,0.6678967269698686,True
2018,SR3Mu,MHc130_MA90,70.0,pt_selected >= 70,7.7297381831924605,103.56450216928198,"{""WZ"": 16.11401808910305, ""ZZ"": 1.791880706696835, ""conversion"": 0.2092198617584789, ""nonprompt"": 37.710079436190426, ""others"": 1.6159164471036451, ""tZq"": 8.015830954740462, ""ttH"": 1.180388371433776, ""ttW"": 0.7345326838316479, ""ttZ"": 36.19263561842365}",0.7595551681136732,0.4378278076126827,0.47312481717851046,0.6365250164558522,True
2018,SR3Mu,MHc130_MA90,75.0,pt_selected >= 75,6.944748977613684,93.74220573116759,"{""WZ"": 15.399798440324068, ""ZZ"": 1.606797412644778, ""conversion"": 0.2092198617584789, ""nonprompt"": 32.01253271405585, ""others"": 1.4948034128302303, ""tZq"": 7.137314712726896, ""ttH"": 1.0527084725502915, ""ttW"": 0.6710173652812526, ""ttZ"": 34.15801333899574}",0.7172804077972051,0.39336445132132775,0.4282525674286884,0.6010977774141716,True
2018,SR3Mu,MHc130_MA90,80.0,pt_selected >= 80,6.232521381519931,87.60999586985959,"{""WZ"": 14.552045899954331, ""ZZ"": 1.454404866728439, ""conversion"": 0.2092198617584789, ""nonprompt"": 29.726243413286284, ""others"": 1.383168818351238, ""tZq"": 6.54786872759244, ""ttH"": 0.921461515722977, ""ttW"": 0.6089409119347069, ""ttZ"": 32.20664185453068}",0.6658661645870191,0.3530224579020644,0.40023813575798656,0.558011437699436,True
2018,SR3Mu,MHc130_MA90,85.0,pt_selected >= 85,5.5534732105543645,78.63531472115676,"{""WZ"": 13.465464953437616, ""ZZ"": 1.3262282778415024, ""conversion"": 0.2092198617584789, ""nonprompt"": 24.710290499264374, ""others"": 1.2655382391104486, ""tZq"": 5.948403263602642, ""ttH"": 0.8356196776599311, ""ttW"": 0.5500607900318393, ""ttZ"": 30.3244891584499}",0.6262617201856534,0.31455981338407557,0.3592381377975378,0.5248219859221407,True
2018,SR3Mu,MHc130_MA90,90.0,pt_selected >= 90,4.951582388359897,73.15755258063793,"{""WZ"": 12.24755806823501, ""ZZ"": 1.1991278983482003, ""conversion"": 0.0, ""nonprompt"": 23.524397619301453, ""others"": 1.1683675827928013, ""tZq"": 5.3762473404025615, ""ttH"": 0.7391118327523402, ""ttW"": 0.5134296048086825, ""ttZ"": 28.38931263399688}",0.5789144974659233,0.280467515189991,0.3342134898052738,0.4851439046108635,True
2018,SR3Mu,MHc130_MA90,95.0,pt_selected >= 95,4.407055858871363,67.88546645760067,"{""WZ"": 11.641817639975196, ""ZZ"": 1.0595572222305247, ""conversion"": 0.0, ""nonprompt"": 21.534181147813797, ""others"": 1.0694350032211155, ""tZq"": 4.938519665991038, ""ttH"": 0.6482836430149291, ""ttW"": 0.4359797476153856, ""ttZ"": 26.557692387738683}",0.534884671107743,0.24962444509593482,0.3101284536117507,0.4482458791299879,True
2018,SR3Mu,MHc130_MA90,100.0,pt_selected >= 100,3.9188518564078705,62.14050850969668,"{""WZ"": 10.727994088154427, ""ZZ"": 0.9559809165468108, ""conversion"": 0.0, ""nonprompt"": 18.926412656903267, ""others"": 0.99920356231867, ""tZq"": 4.524373209755742, ""ttH"": 0.5760408717342799, ""ttW"": 0.40829733538700763, ""ttZ"": 25.022205868896478}",0.4971316858642855,0.22197159541325034,0.2838831463697244,0.41660799348037975,True
2018,SR3Mu,MHc130_MA90,105.0,pt_selected >= 105,3.4872356239259696,57.614395367002246,"{""WZ"": 10.439548824156937, ""ZZ"": 0.8505960179211985, ""conversion"": 0.0, ""nonprompt"": 17.095434276387095, ""others"": 0.9249567051555369, ""tZq"": 4.096523087720596, ""ttH"": 0.5074400440571557, ""ttW"": 0.3630090611332692, ""ttZ"": 23.336887350470455}",0.45942623167114477,0.19752399003270837,0.2632060185091927,0.3850099399639136,True
2018,SR3Mu,MHc130_MA90,110.0,pt_selected >= 110,3.0886718881323993,52.57215714185532,"{""WZ"": 9.805642307333642, ""ZZ"": 0.7734916452439563, ""conversion"": 0.0, ""nonprompt"": 14.762889902107418, ""others"": 0.850979061535614, ""tZq"": 3.7442308190390845, ""ttH"": 0.45161329915644854, ""ttW"": 0.2970929558399984, ""ttZ"": 21.886217151599162}",0.4259845781056557,0.17494854407312113,0.24017102110686145,0.35698505121363633,True
2018,SR3Mu,MHc130_MA90,115.0,pt_selected >= 115,2.7321469851953926,47.82156883784581,"{""WZ"": 9.069912329398486, ""ZZ"": 0.6899858740000417, ""conversion"": 0.0, ""nonprompt"": 12.830412522889674, ""others"": 0.7907275644253147, ""tZq"": 3.4259049081203186, ""ttH"": 0.40831819245682827, ""ttW"": 0.25380782102942373, ""ttZ"": 20.35249962552573}",0.3950864636403846,0.15475426156150252,0.21846839930358172,0.3310917077882933,True
2018,SR3Mu,MHc130_MA90,120.0,pt_selected >= 120,2.4219818422213106,44.88188194729199,"{""WZ"": 8.407542940888346, ""ZZ"": 0.6097878276081509, ""conversion"": 0.0, ""nonprompt"": 12.439240696839988, ""others"": 0.7255983409646407, ""tZq"": 3.059616754820006, ""ttH"": 0.3592921907650465, ""ttW"": 0.2209935646571994, ""ttZ"": 19.05980963074861}",0.36152251812566477,0.13718588843840016,0.205038712552595,0.3029643355209993,True
2018,SR3Mu,MHc130_MA90,125.0,pt_selected >= 125,2.130162319343041,42.497996749872705,"{""WZ"": 8.142875440361722, ""ZZ"": 0.5552322989860242, ""conversion"": 0.0, ""nonprompt"": 11.945440853945911, ""others"": 0.6803630754168879, ""tZq"": 2.8224200428748016, ""ttH"": 0.3120312652037386, ""ttW"": 0.18619259523776616, ""ttZ"": 17.85344117784586}",0.3267596849477709,0.12065664787522198,0.19414815425724416,0.2738322673190759,True
2018,SR3Mu,MHc130_MA90,130.0,pt_selected >= 130,1.889831143060415,39.632148919400564,"{""WZ"": 7.660839646405894, ""ZZ"": 0.5037582301049931, ""conversion"": 0.0, ""nonprompt"": 11.25066130887717, ""others"": 0.6326612579035193, ""tZq"": 2.4812145027695824, ""ttH"": 0.2589436889624525, ""ttW"": 0.14229750236972233, ""ttZ"": 16.701772782007225}",0.3001920530366005,0.10704381008964245,0.18105579439983605,0.25156796967569534,True
2018,SR3Mu,MHc130_MA90,135.0,pt_selected >= 135,1.6638040972938537,36.253212664823096,"{""WZ"": 7.369192247082759, ""ZZ"": 0.4465593961968039, ""conversion"": 0.0, ""nonprompt"": 9.561658608727157, ""others"": 0.5775731489061623, ""tZq"": 2.2675621241285624, ""ttH"": 0.22941072005096375, ""ttW"": 0.132331258269874, ""ttZ"": 15.668925161460814}",0.2763305746247999,0.09424118682300638,0.1656194376924798,0.23157149203148122,True
2018,SR3Mu,MHc130_MA90,140.0,pt_selected >= 140,1.4822660349899925,33.493781908726746,"{""WZ"": 7.142480196779378, ""ZZ"": 0.39844998500449796, ""conversion"": 0.0, ""nonprompt"": 8.506634804420173, ""others"": 0.5389390349334391, ""tZq"": 2.0455789867859324, ""ttH"": 0.20393767903269588, ""ttW"": 0.12023196683146253, ""ttZ"": 14.537529254939171}",0.25612033613619595,0.08395850842782081,0.15301323436365155,0.21463483893953614,True
2018,SR3Mu,MHc130_MA90,145.0,pt_selected >= 145,1.3212482287501486,31.48410639760692,"{""WZ"": 6.698088444661001, ""ZZ"": 0.36865109476228114, ""conversion"": 0.0, ""nonprompt"": 8.205931886099279, ""others"": 0.5014163873254666, ""tZq"": 1.9002981373419214, ""ttH"": 0.18003344840399949, ""ttW"": 0.1069277041572905, ""ttZ"": 13.52275929485568}",0.2354717071504663,0.07483813831672369,0.14383221829279247,0.19733080434574432,True
2018,SR3Mu,MHc130_MA90,150.0,pt_selected >= 150,1.1687953618097013,28.336003304764798,"{""WZ"": 6.067462831006898, ""ZZ"": 0.3326458209180044, ""conversion"": 0.0, ""nonprompt"": 6.845791193656623, ""others"": 0.46490575452794913, ""tZq"": 1.7155890641763933, ""ttH"": 0.16631652098824795, ""ttW"": 0.09286126945200418, ""ttZ"": 12.650430850038681}",0.21956806888549937,0.06620290347242572,0.12945040146306977,0.18400318308360974,True
2018,SR3Mu,MHc130_MA90,155.0,pt_selected >= 155,1.0380472378290124,25.34667545070692,"{""WZ"": 5.44090480004958, ""ZZ"": 0.3072388510399546, ""conversion"": 0.0, ""nonprompt"": 5.7171507170423865, ""others"": 0.43214755133175997, ""tZq"": 1.509476032832039, ""ttH"": 0.1527767707764609, ""ttW"": 0.08545153773519551, ""ttZ"": 11.701529189899539}",0.20618478544670904,0.05879706861550778,0.11579393457709015,0.1727876781818849,True
2018,SR3Mu,MHc130_MA90,160.0,pt_selected >= 160,0.9230702675771912,23.391510677712034,"{""WZ"": 4.641660109929605, ""ZZ"": 0.27796589587191006, ""conversion"": 0.0, ""nonprompt"": 5.7171507170423865, ""others"": 0.4025890347802521, ""tZq"": 1.362441470336954, ""ttH"": 0.13769248709726054, ""ttW"": 0.08532028098019007, ""ttZ"": 10.766690681673476}",0.19085591634104754,0.05228454340207131,0.1068619457546552,0.15994172693391634,True
2018,SR3Mu,MHc130_MA90,165.0,pt_selected >= 165,0.8119394138996135,22.344762851773456,"{""WZ"": 4.395767260835055, ""ZZ"": 0.25718480746122513, ""conversion"": 0.0, ""nonprompt"": 5.803780225105584, ""others"": 0.3810220855857088, ""tZq"": 1.229937294630324, ""ttH"": 0.12227157600241897, ""ttW"": 0.07549954024919009, ""ttZ"": 10.079300061903952}",0.17176542525158459,0.04598986991240801,0.1020799754520346,0.14394344838221,True
2018,SR3Mu,MHc130_MA90,170.0,pt_selected >= 170,0.7195838552149153,21.05297890832473,"{""WZ"": 3.9549544472144045, ""ZZ"": 0.2302840897941131, ""conversion"": 0.0, ""nonprompt"": 5.814552324824035, ""others"": 0.3593770722190908, ""tZq"": 1.065073343046927, ""ttH"": 0.11775471377746034, ""ttW"": 0.07137150616787771, ""ttZ"": 9.439611411280822}",0.15682837163095584,0.04075866662693458,0.09617858038638445,0.13142584768536403,True
2018,SR3Mu,MHc130_MA90,175.0,pt_selected >= 175,0.6314323594831709,20.011031578289778,"{""WZ"": 3.764743707886884, ""ZZ"": 0.21267607851760165, ""conversion"": 0.0, ""nonprompt"": 5.814552324824035, ""others"": 0.34469262381513727, ""tZq"": 0.9719393447938094, ""ttH"": 0.10892153506758787, ""ttW"": 0.05313850500356472, ""ttZ"": 8.740367458381158}",0.1411536445792996,0.03576558986297254,0.09141854070380447,0.11829005938011837,True
2018,SR3Mu,MHc130_MA90,180.0,pt_selected >= 180,0.5611490732453336,18.114600177735696,"{""WZ"": 3.6953251478400952, ""ZZ"": 0.19816006356846497, ""conversion"": 0.0, ""nonprompt"": 4.6746039083227515, ""others"": 0.33102734840635945, ""tZq"": 0.9131179579246251, ""ttH"": 0.09240776917329113, ""ttW"": 0.0494356035744784, ""ttZ"": 8.160522378925627}",0.1318450634636961,0.03178460416901495,0.08275486984279716,0.1104892504375566,True
2018,SR3Mu,MHc130_MA90,185.0,pt_selected >= 185,0.4986935542148134,17.215468608557973,"{""WZ"": 3.6525459767012447, ""ZZ"": 0.16702356390273587, ""conversion"": 0.0, ""nonprompt"": 4.447982816956937, ""others"": 0.3069868544075445, ""tZq"": 0.853809775475364, ""ttH"": 0.08756356533066503, ""ttW"": 0.04680841658024757, ""ttZ"": 7.652747639203232}",0.12019165919183245,0.0282469988423684,0.07864727071012045,0.10072342478418603,True
2018,SR3Mu,MHc130_MA90,190.0,pt_selected >= 190,0.44720630708882214,16.133912842040633,"{""WZ"": 3.373044595887158, ""ZZ"": 0.1539350264067281, ""conversion"": 0.0, ""nonprompt"": 4.306999712251127, ""others"": 0.2983449371907503, ""tZq"": 0.8086362502911482, ""ttH"": 0.08024167271876989, ""ttW"": 0.04442808391028895, ""ttZ"": 7.068282563384661}",0.11133662871023295,0.025330658340926626,0.07370628356120856,0.0933027018931614,True
2018,SR3Mu,MHc130_MA90,195.0,pt_selected >= 195,0.39524451239088243,15.132608770672096,"{""WZ"": 3.3154775671814467, ""ZZ"": 0.1436889609128667, ""conversion"": 0.0, ""nonprompt"": 3.963289245031774, ""others"": 0.27768199760481943, ""tZq"": 0.7449135365282986, ""ttH"": 0.06773588522728068, ""ttW"": 0.042265514488692195, ""ttZ"": 6.577556063696919}",0.10160356506768642,0.02238743851729954,0.06913191883407474,0.08514616665343197,True
2018,SR3Mu,MHc130_MA90,200.0,pt_selected >= 200,0.3563832069879938,13.995329985932099,"{""WZ"": 2.998942823606544, ""ZZ"": 0.13404014891152674, ""conversion"": 0.0, ""nonprompt"": 3.6786092510446906, ""others"": 0.26531999375895404, ""tZq"": 0.6666183832666303, ""ttH"": 0.05891841380734021, ""ttW"": 0.04025835674211219, ""ttZ"": 6.152622614794299}",0.09526330842836929,0.020186256570088174,0.06393636624761422,0.07983288312763061,True
2018,SR3Mu,MHc130_MA90,205.0,pt_selected >= 205,0.32122162926287856,13.44446708916182,"{""WZ"": 2.96635514588534, ""ZZ"": 0.12274595785432676, ""conversion"": 0.0, ""nonprompt"": 3.6786092510446906, ""others"": 0.24667140852540723, ""tZq"": 0.6068273078716545, ""ttH"": 0.04559645196339858, ""ttW"": 0.038057405072050715, ""ttZ"": 5.739604160944953}",0.0876058251118808,0.01819463458720337,0.06141980022483883,0.07341573280246977,True
2018,SR3Mu,MHc130_MA90,210.0,pt_selected >= 210,0.27927270285426076,11.957709402311822,"{""WZ"": 2.9812582260252336, ""ZZ"": 0.11761494915824146, ""conversion"": 0.0, ""nonprompt"": 2.5773540725931525, ""others"": 0.23198548331692356, ""tZq"": 0.5995876746430042, ""ttH"": 0.034786691725681454, ""ttW"": 0.03703312213998565, ""ttZ"": 5.378089182709599}",0.08076152123162213,0.0158185636199969,0.05462768570639246,0.06768004588610017,True
2018,SR3Mu,MHc130_MA90,215.0,pt_selected >= 215,0.2487906379513584,10.4996745928048,"{""WZ"": 2.460339573684323, ""ZZ"": 0.10857921195526235, ""conversion"": 0.0, ""nonprompt"": 2.1176119735464454, ""others"": 0.2198439760770062, ""tZq"": 0.5315186927831997, ""ttH"": 0.03190948684790627, ""ttW"": 0.03127014603489212, ""ttZ"": 4.998601531875765}",0.07677964750464501,0.014091998588730437,0.04796678898755009,0.06434314246421481,True
2018,SR3Mu,MHc130_MA90,220.0,pt_selected >= 220,0.2229784490179221,9.932714296901652,"{""WZ"": 2.3237171953844205, ""ZZ"": 0.10211236257548083, ""conversion"": 0.0, ""nonprompt"": 2.1176119735464454, ""others"": 0.2101198806702377, ""tZq"": 0.5032341013655776, ""ttH"": 0.027250714336337786, ""ttW"": 0.03351173650245139, ""ttZ"": 4.6151563325207015}",0.07075040307753448,0.012629944658497162,0.045376683490705304,0.059290494454836064,True
2018,SR3Mu,MHc130_MA90,225.0,pt_selected >= 225,0.19944194391459144,9.517573742149445,"{""WZ"": 2.3374482803205856, ""ZZ"": 0.09362634319855888, ""conversion"": 0.0, ""nonprompt"": 2.1176119735464454, ""others"": 0.19677337655184632, ""tZq"": 0.4517650848412194, ""ttH"": 0.02407486511780047, ""ttW"": 0.029241481185697738, ""ttZ"": 4.267032337387291}",0.06464774389417069,0.01129679000512701,0.0434801523921492,0.05417632316065332,True
2018,SR3Mu,MHc130_MA90,230.0,pt_selected >= 230,0.18055181044362426,8.639776808522171,"{""WZ"": 2.1531035953989575, ""ZZ"": 0.08160749273768897, ""conversion"": 0.0, ""nonprompt"": 1.8339864797890186, ""others"": 0.1825059025930494, ""tZq"": 0.3995314624937685, ""ttH"": 0.02065033777906164, ""ttW"": 0.023012535392173492, ""ttZ"": 3.9453790023384525}",0.061425766685787024,0.010226815120196473,0.03947001856209016,0.051476230814918846,True
2018,SR3Mu,MHc130_MA90,235.0,pt_selected >= 235,0.16321920489060193,8.091367255475244,"{""WZ"": 1.9307688423202372, ""ZZ"": 0.07900280052117771, ""conversion"": 0.0, ""nonprompt"": 1.8339864797890186, ""others"": 0.17349050211526232, ""tZq"": 0.35597205112011654, ""ttH"": 0.02065033777906164, ""ttW"": 0.020890340572545723, ""ttZ"": 3.676605901257826}",0.057379967917317413,0.009245061727048432,0.03696466041243997,0.048085756711408065,True
2018,SR3Mu,MHc130_MA90,240.0,pt_selected >= 240,0.1459999875523445,7.48729687152144,"{""WZ"": 1.7022263332521639, ""ZZ"": 0.07223974334829651, ""conversion"": 0.0, ""nonprompt"": 1.795293241739273, ""others"": 0.16238254373661262, ""tZq"": 0.3130899829043458, ""ttH"": 0.017306527959914535, ""ttW"": 0.016971852371971134, ""ttZ"": 3.4077866462088626}",0.053356863474653606,0.008269730868830174,0.034205020922222176,0.04471430098432788,True
2018,SR3Mu,MHc130_MA90,245.0,pt_selected >= 245,0.12791917146568094,7.143757374417546,"{""WZ"": 1.6809903540081907, ""ZZ"": 0.06853475945885963, ""conversion"": 0.0, ""nonprompt"": 1.795293241739273, ""others"": 0.1550497443332415, ""tZq"": 0.27765201618001645, ""ttH"": 0.017306527959914535, ""ttW"": 0.014713302586737953, ""ttZ"": 3.1342174281513127}",0.04785995542451304,0.007245597336819323,0.032635592610818706,0.040107763323921373,True
2018,SR3Mu,MHc130_MA90,250.0,pt_selected >= 250,0.11603823945743341,6.752017782714349,"{""WZ"": 1.548551886376254, ""ZZ"": 0.06186416958850095, ""conversion"": 0.0, ""nonprompt"": 1.795293241739273, ""others"": 0.1474746613759987, ""tZq"": 0.2511986467491498, ""ttH"": 0.01574248712317984, ""ttW"": 0.012137609998568149, ""ttZ"": 2.919755079763425}",0.04465646509429181,0.006572637620683379,0.030845966640298348,0.03742316341497169,True
2018,SR3Mu,MHc130_MA90,255.0,pt_selected >= 255,0.10342845789441746,6.51852496398083,"{""WZ"": 1.5016821267574005, ""ZZ"": 0.0557045493513295, ""conversion"": 0.0, ""nonprompt"": 1.795293241739273, ""others"": 0.14267242123223559, ""tZq"": 0.23961684895391583, ""ttH"": 0.014176879319992472, ""ttW"": 0.012137609998568149, ""ttZ"": 2.7572412866281137}",0.04051029286795656,0.005858394410193434,0.029779276366489856,0.03394857400344671,True
2018,SR3Mu,MHc130_MA90,260.0,pt_selected >= 260,0.09189065408390779,6.291532087717583,"{""WZ"": 1.4979112335475182, ""ZZ"": 0.053319325072500465, ""conversion"": 0.0, ""nonprompt"": 1.795293241739273, ""others"": 0.13169938920408053, ""tZq"": 0.2129722471759043, ""ttH"": 0.011378065188645842, ""ttW"": 0.012137609998568149, ""ttZ"": 2.576820975791091}",0.03663474179342707,0.005204870160432318,0.02874228047664984,0.030700771453940276,True
2018,SR3Mu,MHc130_MA90,265.0,pt_selected >= 265,0.08295855303972183,4.6604648928602685,"{""WZ"": 1.289510299102252, ""ZZ"": 0.04847397717345407, ""conversion"": 0.0, ""nonprompt"": 0.5639552175998688, ""others"": 0.1283987948640339, ""tZq"": 0.19123313950564197, ""ttH"": 0.011378065188645842, ""ttW"": 0.012137609998568149, ""ttZ"": 2.4153777894278035}",0.03842789081739546,0.004698938119156409,0.021290901363067577,0.03220347232400855,True
2018,SR3Mu,MHc130_MA90,270.0,pt_selected >= 270,0.07331983029603449,4.466896730727253,"{""WZ"": 1.3101598716568121, ""ZZ"": 0.04575617653074031, ""conversion"": 0.0, ""nonprompt"": 0.5639552175998688, ""others"": 0.1182694377646896, ""tZq"": 0.17482273229435313, ""ttH"": 0.012097073904657316, ""ttW"": 0.007745804924721326, ""ttZ"": 2.2340904160514103}",0.034691133878545506,0.004152981613639662,0.02040660317785478,0.02907198251017449,True
2018,SR3Mu,MHc130_MA90,275.0,pt_selected >= 275,0.06571263543876978,4.185459788334835,"{""WZ"": 1.190727390233783, ""ZZ"": 0.044540476938782575, ""conversion"": 0.0, ""nonprompt"": 0.5639552175998688, ""others"": 0.11160601496677658, ""tZq"": 0.16873691955382086, ""ttH"": 0.009105442170605367, ""ttW"": 0.007745804924721326, ""ttZ"": 2.0890425219464763}",0.032120130288520315,0.0037220949047365283,0.01912088462441604,0.026917421299679344,True
2018,SR3Mu,MHc130_MA90,280.0,pt_selected >= 280,0.05968442083879095,4.096326949376754,"{""WZ"": 1.241897707859957, ""ZZ"": 0.04200453586579431, ""conversion"": 0.0, ""nonprompt"": 0.5639552175998688, ""others"": 0.10718448368892526, ""tZq"": 0.14377557685142664, ""ttH"": 0.007552235331867198, ""ttW"": 0.007745804924721326, ""ttZ"": 1.9822113872541922}",0.029489246627220488,0.0033806447909582337,0.018713689521332236,0.024712679187317486,True
2018,SR3Mu,MHc130_MA90,285.0,pt_selected >= 285,0.05442022139227349,3.801569853585312,"{""WZ"": 1.1247339968819188, ""ZZ"": 0.03995643203682337, ""conversion"": 0.0, ""nonprompt"": 0.5639552175998688, ""others"": 0.09631767728128011, ""tZq"": 0.13107484174119305, ""ttH"": 0.006069044125684041, ""ttW"": 0.007745804924721326, ""ttZ"": 1.8317168389938225}",0.0279112197947039,0.0030824700212724737,0.017367119083225517,0.02339025575093969,True
2018,SR3Mu,MHc130_MA90,290.0,pt_selected >= 290,0.04806201307282102,3.677551434336504,"{""WZ"": 1.1247339968819188, ""ZZ"": 0.03804197424788756, ""conversion"": 0.0, ""nonprompt"": 0.5639552175998688, ""others"": 0.08883360584885142, ""tZq"": 0.13705113572910155, ""ttH"": 0.004478119775672505, ""ttW"": 0.007745804924721326, ""ttZ"": 1.7127115793284822}",0.02506239552000804,0.0027223284041988593,0.016800552444031416,0.02100287430130254,True
2018,SR3Mu,MHc130_MA90,295.0,pt_selected >= 295,0.04349718493422176,3.4963338968870996,"{""WZ"": 1.0645718065937886, ""ZZ"": 0.03615411945626449, ""conversion"": 0.0, ""nonprompt"": 0.5639552175998688, ""others"": 0.08633496725321471, ""tZq"": 0.11890403097422429, ""ttH"": 0.004478119775672505, ""ttW"": 0.005671229516809094, ""ttZ"": 1.6162644057172573}",0.02326240972140455,0.0024637674220950446,0.015972676941524343,0.019494444054001633,True
2018,SR3Mu,MHc130_MA90,300.0,pt_selected >= 300,0.03885629421280138,3.310721391182015,"{""WZ"": 1.0143886649442122, ""ZZ"": 0.034290046261471877, ""conversion"": 0.0, ""nonprompt"": 0.5639552175998688, ""others"": 0.07971495756884109, ""tZq"": 0.11595393474137125, ""ttH"": 0.002848167105827089, ""ttW"": 0.005671229516809094, ""ttZ"": 1.4938991734436133}",0.021355023881266134,0.0022008981033970697,0.015124723434402566,0.017896010057038735,True
2018,SR3Mu,MHc130_MA90,305.0,pt_selected >= 305,0.03799146708972438,3.1900694672694563,"{""WZ"": 1.0143886649442122, ""ZZ"": 0.03355331589626193, ""conversion"": 0.0, ""nonprompt"": 0.5639552175998688, ""others"": 0.07599208425165262, ""tZq"": 0.10819958766460377, ""ttH"": 0.002848167105827089, ""ttW"": 0.005671229516809094, ""ttZ"": 1.3854612002902211}",0.021270906301296143,0.002151912568015792,0.014573536316734982,0.01782551755534515,True
2018,SR3Mu,MHc130_MA90,310.0,pt_selected >= 310,0.037034500227892064,3.0222801772365027,"{""WZ"": 0.95858905882362, ""ZZ"": 0.026902259241725006, ""conversion"": 0.0, ""nonprompt"": 0.5639552175998688, ""others"": 0.073070751925343, ""tZq"": 0.09674996684275392, ""ttH"": 0.002848167105827089, ""ttW"": 0.005671229516809094, ""ttZ"": 1.2944935261805561}",0.02130291953617178,0.002097708053820851,0.013807006516383181,0.017852345395785795,True
2018,SR3Mu,MHc130_MA90,315.0,pt_selected >= 315,0.03478815445818341,2.973374932973319,"{""WZ"": 1.0078949118463643, ""ZZ"": 0.026114913238852164, ""conversion"": 0.0, ""nonprompt"": 0.5639552175998688, ""others"": 0.07102483894738726, ""tZq"": 0.08805789863762098, ""ttH"": 0.002848167105827089, ""ttW"": 0.005671229516809094, ""ttZ"": 1.2078077560805895}",0.0201746752088826,0.001970470543289109,0.013583587446466074,0.016906850230796685,True
2018,SR3Mu,MHc130_MA90,320.0,pt_selected >= 320,0.03374847664432479,2.8337207263309607,"{""WZ"": 0.9624444135150927, ""ZZ"": 0.025321640964797585, ""conversion"": 0.0, ""nonprompt"": 0.5639552175998688, ""others"": 0.06508226469537132, ""tZq"": 0.08256654236690253, ""ttH"": 0.004523881949825981, ""ttW"": 0.005671229516809094, ""ttZ"": 1.124155535722293}",0.020048212218637458,0.0019115811155908907,0.01294559016359521,0.01680087128374172,True
2018,SR3Mu,MHc130_MA90,325.0,pt_selected >= 325,0.031136324111220703,2.7378619369062385,"{""WZ"": 0.9624444135150927, ""ZZ"": 0.025321640964797585, ""conversion"": 0.0, ""nonprompt"": 0.5639552175998688, ""others"": 0.05938495900628055, ""tZq"": 0.07822622851365718, ""ttH"": 0.004523881949825981, ""ttW"": 0.005671229516809094, ""ttZ"": 1.0383343658399065}",0.018817484516156058,0.001763623579434533,0.012507668179985491,0.01576949265061338,True
2018,SR3Mu,MHc130_MA90,330.0,pt_selected >= 330,0.02756372163131569,2.6691632924662763,"{""WZ"": 0.9624444135150927, ""ZZ"": 0.022968920810005265, ""conversion"": 0.0, ""nonprompt"": 0.5639552175998688, ""others"": 0.05649074634337261, ""tZq"": 0.07730859760034506, ""ttH"": 0.003046352761289987, ""ttW"": 0.005671229516809094, ""ttZ"": 0.9772778143194931}",0.01687136742029306,0.001561264240194608,0.012193824798225778,0.014138600954430723,True
2018,SR3Mu,MHc130_MA90,335.0,pt_selected >= 335,0.024310895196563417,2.500332092430528,"{""WZ"": 0.8570338259300054, ""ZZ"": 0.022202799536768715, ""conversion"": 0.0, ""nonprompt"": 0.5639552175998688, ""others"": 0.054451683636000614, ""tZq"": 0.07621001464516536, ""ttH"": 0.0014915062777849078, ""ttW"": 0.005671229516809094, ""ttZ"": 0.9193158152881253}",0.015374539036059592,0.0013770176547709388,0.01142253512871743,0.012884223719039172,True
2018,SR3Mu,MHc130_MA90,340.0,pt_selected >= 340,0.020839158967445415,1.9295559901467807,"{""WZ"": 0.7622857212431987, ""ZZ"": 0.02016359205605065, ""conversion"": 0.0, ""nonprompt"": 0.14098310470581055, ""others"": 0.053568820617981856, ""tZq"": 0.07334186850746877, ""ttH"": 0.0, ""ttW"": 0.005671229516809094, ""ttZ"": 0.873541653499461}",0.015002080622606455,0.0011803715814137075,0.008814997474536932,0.012572094847161234,True
2018,SR3Mu,MHc130_MA90,345.0,pt_selected >= 345,0.019465688096927152,1.8745321668638582,"{""WZ"": 0.7622857212431987, ""ZZ"": 0.02016359205605065, ""conversion"": 0.0, ""nonprompt"": 0.14098310470581055, ""others"": 0.051781381581627976, ""tZq"": 0.07028810569369802, ""ttH"": 0.0, ""ttW"": 0.005671229516809094, ""ttZ"": 0.8233590320666633}",0.014217502446385057,0.001102575448374369,0.008563626244183864,0.01191459996397786,True
2018,SR3Mu,MHc130_MA90,350.0,pt_selected >= 350,0.018256840880123096,1.7018262571561031,"{""WZ"": 0.6362867493570438, ""ZZ"": 0.019368602949037424, ""conversion"": 0.0, ""nonprompt"": 0.14098310470581055, ""others"": 0.04929983342704442, ""tZq"": 0.06783074908142131, ""ttH"": 0.0, ""ttW"": 0.005671229516809094, ""ttZ"": 0.7823859881189364}",0.013994842667551643,0.001034103927848247,0.0077746353231193475,0.011728005855563097,True
2018,SR3Mu,MHc130_MA90,355.0,pt_selected >= 355,0.017052334243629966,1.6203855549940347,"{""WZ"": 0.6362867493570438, ""ZZ"": 0.016986308406532407, ""conversion"": 0.0, ""nonprompt"": 0.14098310470581055, ""others"": 0.047843348024286726, ""tZq"": 0.0644027681597159, ""ttH"": 0.0, ""ttW"": 0.005671229516809094, ""ttZ"": 0.7082120468238362}",0.013395985080787532,0.000965878266459428,0.00740258103314327,0.011226149175137366,True
2018,SR3Mu,MHc130_MA90,360.0,pt_selected >= 360,0.015829884311581305,1.4924172490984584,"{""WZ"": 0.5712893792181754, ""ZZ"": 0.015461383059531382, ""conversion"": 0.0, ""nonprompt"": 0.14098310470581055, ""others"": 0.045772459188302604, ""tZq"": 0.06034167831273297, ""ttH"": 0.0, ""ttW"": 0.005671229516809094, ""ttZ"": 0.6528980150970962}",0.012957839937737145,0.0008966362609761212,0.0068179697033603675,0.010858973285750933,True
2018,SR3Mu,MHc130_MA90,365.0,pt_selected >= 365,0.015152706186424758,1.3499830545712563,"{""WZ"": 0.47801216541617136, ""ZZ"": 0.014219068489201955, ""conversion"": 0.0, ""nonprompt"": 0.14098310470581055, ""others"": 0.04527368612758288, ""tZq"": 0.060631415831092245, ""ttH"": 0.0, ""ttW"": 0.005671229516809094, ""ttZ"": 0.6051923844845881}",0.013041454896198687,0.000858279539587389,0.0061672723038257325,0.010929044578851164,True
2018,SR3Mu,MHc130_MA90,370.0,pt_selected >= 370,0.013751849629382038,1.300480644866205,"{""WZ"": 0.47801216541617136, ""ZZ"": 0.012017195112092819, ""conversion"": 0.0, ""nonprompt"": 0.14098310470581055, ""others"": 0.04133631437350252, ""tZq"": 0.05265485294478925, ""ttH"": 0.0, ""ttW"": 0.005671229516809094, ""ttZ"": 0.5698057827970294}",0.012058940946824482,0.0007789322265718591,0.0059411251390055365,0.01010567488294525,True
2018,SR3Mu,MHc130_MA90,375.0,pt_selected >= 375,0.012173244765525152,1.2658488798925183,"{""WZ"": 0.47801216541617136, ""ZZ"": 0.010158099659547018, ""conversion"": 0.0, ""nonprompt"": 0.14098310470581055, ""others"": 0.041556736404569146, ""tZq"": 0.04169889938245208, ""ttH"": 0.0, ""ttW"": 0.005671229516809094, ""ttZ"": 0.5477686448071588}",0.010819705092397597,0.0006895168944805304,0.005782913134616598,0.009067166219261581,True
2018,SR3Mu,MHc130_MA90,380.0,pt_selected >= 380,0.010711315897387814,1.181907543120153,"{""WZ"": 0.43948721350467773, ""ZZ"": 0.00857388959153807, ""conversion"": 0.0, ""nonprompt"": 0.14098310470581055, ""others"": 0.04049664089098307, ""tZq"": 0.041984972132381664, ""ttH"": 0.0, ""ttW"": 0.0023044115237913746, ""ttZ"": 0.5080773107709704}",0.009852605081948207,0.0006067103237982225,0.0053994349274870046,0.008256713765104062,True
2018,SR3Mu,MHc130_MA90,385.0,pt_selected >= 385,0.00999777376396751,1.1544625665603931,"{""WZ"": 0.43948721350467773, ""ZZ"": 0.00857388959153807, ""conversion"": 0.0, ""nonprompt"": 0.14098310470581055, ""others"": 0.038917763379882814, ""tZq"": 0.03459816629682866, ""ttH"": 0.0, ""ttW"": 0.0023044115237913746, ""ttZ"": 0.48959801755786425}",0.0093049357197865,0.0005662938723595451,0.0052740550990195215,0.0077977540155073416,True
2018,SR3Mu,MHc130_MA90,390.0,pt_selected >= 390,0.00870897033070021,1.1045277068142736,"{""WZ"": 0.433881499176968, ""ZZ"": 0.00857388959153807, ""conversion"": 0.0, ""nonprompt"": 0.14098310470581055, ""others"": 0.03771863224482714, ""tZq"": 0.030043522740743858, ""ttH"": 0.0, ""ttW"": 0.0023044115237913746, ""ttZ"": 0.4510226468305948}",0.008286640605746342,0.0004932934720538689,0.005045932326318888,0.006944398865767485,True
2018,SR3Mu,MHc130_MA90,395.0,pt_selected >= 395,0.007490674551635868,1.0832496827985052,"{""WZ"": 0.433881499176968, ""ZZ"": 0.00857388959153807, ""conversion"": 0.0, ""nonprompt"": 0.14098310470581055, ""others"": 0.034174242666662406, ""tZq"": 0.03158174216990414, ""ttH"": 0.0, ""ttW"": 0.0023044115237913746, ""ttZ"": 0.4317507929638308}",0.007197085190240392,0.00042428676609177575,0.004948725648243759,0.006031325914783764,True
2018,SR3Mu,MHc130_MA90,400.0,pt_selected >= 400,0.006498519702671341,0.9937063825871792,"{""WZ"": 0.38092817883673197, ""ZZ"": 0.006825318938425306, ""conversion"": 0.0, ""nonprompt"": 0.14098310470581055, ""others"": 0.033376853333917565, ""tZq"": 0.03275945998917339, ""ttH"": 0.0, ""ttW"": 0.0023044115237913746, ""ttZ"": 0.39652905525932897}",0.006519066336566096,0.00036808913403239043,0.004539655391016087,0.005463130239064498,True
2018,SR3Mu,MHc130_MA90,405.0,pt_selected >= 405,0.006498519702671341,0.8823725923774018,"{""WZ"": 0.32493257573799345, ""ZZ"": 0.006048500269666196, ""conversion"": 0.0, ""nonprompt"": 0.14098310470581055, ""others"": 0.030357999803126232, ""tZq"": 0.02521249849730183, ""ttH"": 0.0, ""ttW"": 0.0023044115237913746, ""ttZ"": 0.3525335018397123}",0.006918125482037715,0.00036808913403239043,0.0040310373024292105,0.005797551147250809,True
2018,SR3Mu,MHc130_MA90,410.0,pt_selected >= 410,0.0062185734201122955,0.7910801973250463,"{""WZ"": 0.2699341427562757, ""ZZ"": 0.006048500269666196, ""conversion"": 0.0, ""nonprompt"": 0.14098310470581055, ""others"": 0.02915293073703814, ""tZq"": 0.021683630765398254, ""ttH"": 0.0, ""ttW"": 0.0, ""ttZ"": 0.3232778880908574}",0.0069916633639863085,0.000352232417512721,0.0036139764677396062,0.005859177614270584,True
2018,SR3Mu,MHc130_MA90,415.0,pt_selected >= 415,0.0053539355825331855,0.7051117940005848,"{""WZ"": 0.2116147715339202, ""ZZ"": 0.006048500269666196, ""conversion"": 0.0, ""nonprompt"": 0.14098310470581055, ""others"": 0.02888641040593239, ""tZq"": 0.021146496993557723, ""ttH"": 0.0, ""ttW"": 0.0, ""ttZ"": 0.29643251009169774}",0.006375938980256057,0.00030325760364006244,0.003221237795182375,0.005343186163038021,True
2018,SR3Mu,MHc130_MA90,420.0,pt_selected >= 420,0.0053539355825331855,0.675786919887208,"{""WZ"": 0.2116147715339202, ""ZZ"": 0.006048500269666196, ""conversion"": 0.0, ""nonprompt"": 0.14098310470581055, ""others"": 0.026297121768068518, ""tZq"": 0.01369914018440865, ""ttH"": 0.0, ""ttW"": 0.0, ""ttZ"": 0.27714428142533387}",0.006512807633287484,0.00030325760364006244,0.003087269829199244,0.005457885299164604,True
2018,SR3Mu,MHc130_MA90,425.0,pt_selected >= 425,0.004770010435670491,0.66507411362625,"{""WZ"": 0.2116147715339202, ""ZZ"": 0.006048500269666196, ""conversion"": 0.0, ""nonprompt"": 0.14098310470581055, ""others"": 0.02567320374111834, ""tZq"": 0.012530374346983687, ""ttH"": 0.0, ""ttW"": 0.0, ""ttZ"": 0.2682241590287511}",0.0058490361700101095,0.0002701829171756863,0.0030383293679647587,0.004901629270211714,True
2018,SR3Mu,MHc130_MA90,430.0,pt_selected >= 430,0.004770010435670491,0.4069819922208509,"{""WZ"": 0.10540495804204597, ""ZZ"": 0.006048500269666196, ""conversion"": 0.0, ""nonprompt"": 0.0, ""others"": 0.021937353448439344, ""tZq"": 0.016904490762066876, ""ttH"": 0.0, ""ttW"": 0.0, ""ttZ"": 0.2566866896986325}",0.007477074923576653,0.0002701829171756863,0.0018592594627616413,0.006265963867497505,True
2018,SR3Mu,MHc130_MA90,435.0,pt_selected >= 435,0.00435435905249733,0.34419847498118095,"{""WZ"": 0.05770821039783894, ""ZZ"": 0.004430573654018778, ""conversion"": 0.0, ""nonprompt"": 0.0, ""others"": 0.02160997720504124, ""tZq"": 0.013118036358494766, ""ttH"": 0.0, ""ttW"": 0.0, ""ttZ"": 0.24733167736578715}",0.0074219797725869644,0.0002466395927430956,0.0015724387906814613,0.00621979284087222,True
2018,SR3Mu,MHc130_MA90,440.0,pt_selected >= 440,0.003707656776310749,0.29855716030922574,"{""WZ"": 0.013585820826107875, ""ZZ"": 0.004430573654018778, ""conversion"": 0.0, ""nonprompt"": 0.0, ""others"": 0.019877688055623337, ""tZq"": 0.017638629124885945, ""ttH"": 0.0, ""ttW"": 0.0, ""ttZ"": 0.2430244486485898}",0.00678556130174843,0.00021000908430277468,0.0013639306802030369,0.005686459260074728,True
2018,SR3Mu,MHc130_MA90,445.0,pt_selected >= 445,0.0027583303621829536,0.2787044447574534,"{""WZ"": 0.013585820826107875, ""ZZ"": 0.004430573654018778, ""conversion"": 0.0, ""nonprompt"": 0.0, ""others"": 0.019205639939632375, ""tZq"": 0.016399256704700438, ""ttH"": 0.0, ""ttW"": 0.0, ""ttZ"": 0.22508315363299392}",0.005224856083592474,0.0001562373403244142,0.0012732353915743504,0.004378551742130251,True
2018,SR3Mu,MHc130_MA90,450.0,pt_selected >= 450,0.0020876845130658,0.2720912704110761,"{""WZ"": 0.013585820826107875, ""ZZ"": 0.004430573654018778, ""conversion"": 0.0, ""nonprompt"": 0.0, ""others"": 0.019205639939632375, ""tZq"": 0.015381933495007855, ""ttH"": 0.0, ""ttW"": 0.0, ""ttZ"": 0.2194873024963092}",0.004002280890877741,0.00011825062009604054,0.0012430237182880241,0.003354005103083752,True
2018,SR3Mu,MHc130_MA90,455.0,pt_selected >= 455,0.0020876845130658,0.30607442715555716,"{""WZ"": 0.06091130192699957, ""ZZ"": 0.004430573654018778, ""conversion"": 0.0, ""nonprompt"": 0.0, ""others"": 0.018252877566466496, ""tZq"": 0.017728046393755886, ""ttH"": 0.0, ""ttW"": 0.0, ""ttZ"": 0.20475162761431642}",0.0037735607571956153,0.00011825062009604054,0.001398272616173908,0.003162332275397835,True
2018,SR3Mu,MHc130_MA90,460.0,pt_selected >= 460,0.0017661296413730215,0.2898671327188784,"{""WZ"": 0.06091130192699957, ""ZZ"": 0.004430573654018778, ""conversion"": 0.0, ""nonprompt"": 0.0, ""others"": 0.018252877566466496, ""tZq"": 0.017724628741342667, ""ttH"": 0.0, ""ttW"": 0.0, ""ttZ"": 0.18854775083005088}",0.003280371968880842,0.00010003710999209537,0.001324231095607546,0.002749028522389968,True
2018,SR3Mu,MHc130_MA90,465.0,pt_selected >= 465,0.0017661296413730215,0.27753701650903206,"{""WZ"": 0.06091130192699957, ""ZZ"": 0.004430573654018778, ""conversion"": 0.0, ""nonprompt"": 0.0, ""others"": 0.017120813748491174, ""tZq"": 0.017764267181349366, ""ttH"": 0.0, ""ttW"": 0.0, ""ttZ"": 0.17731005999817318}",0.0033524485524533214,0.00010003710999209537,0.001267902103960989,0.002809430387153118,True
2018,SR3Mu,MHc130_MA90,470.0,pt_selected >= 470,0.0017661296413730215,0.2606403839343694,"{""WZ"": 0.06091130192699957, ""ZZ"": 0.004430573654018778, ""conversion"": 0.0, ""nonprompt"": 0.0, ""others"": 0.017120813748491174, ""tZq"": 0.015217383425273786, ""ttH"": 0.0, ""ttW"": 0.0, ""ttZ"": 0.1629603111795861}",0.0034594075277079844,0.00010003710999209537,0.0011907114060831316,0.002899064512944342,True
2018,SR3Mu,MHc130_MA90,475.0,pt_selected >= 475,0.0017661296413730215,0.24735390061389945,"{""WZ"": 0.06091130192699957, ""ZZ"": 0.004430573654018778, ""conversion"": 0.0, ""nonprompt"": 0.0, ""others"": 0.017120813748491174, ""tZq"": 0.015217383425273786, ""ttH"": 0.0, ""ttW"": 0.0, ""ttZ"": 0.14967382785911615}",0.0035511024160351026,0.00010003710999209537,0.001130013340044369,0.0029759069764697848,True
2018,SR3Mu,MHc130_MA90,480.0,pt_selected >= 480,0.0014703552349946106,0.22935143025124946,"{""WZ"": 0.06091130192699957, ""ZZ"": 0.0036543024414633926, ""conversion"": 0.0, ""nonprompt"": 0.0, ""others"": 0.016391247708752565, ""tZq"": 0.01139195668518064, ""ttH"": 0.0, ""ttW"": 0.0, ""ttZ"": 0.13700262148885328}",0.0030702344875164814,8.328385692924476e-05,0.0010477707248559317,0.0025729283924736334,True
2018,SR3Mu,MHc130_MA90,485.0,pt_selected >= 485,0.0014703552349946106,0.213485941104044,"{""WZ"": 0.06091130192699957, ""ZZ"": 0.0036543024414633926, ""conversion"": 0.0, ""nonprompt"": 0.0, ""others"": 0.014007706776482066, ""tZq"": 0.013727466815852244, ""ttH"": 0.0, ""ttW"": 0.0, ""ttZ"": 0.12118516314324673}",0.0031822744504110567,8.328385692924476e-05,0.0009752907100343506,0.002666820504882392,True
2018,SR3Mu,MHc130_MA90,490.0,pt_selected >= 490,0.0014703552349946106,0.20882452615912284,"{""WZ"": 0.06091130192699957, ""ZZ"": 0.0036543024414633926, ""conversion"": 0.0, ""nonprompt"": 0.0, ""others"": 0.012429492468241429, ""tZq"": 0.010679196848978141, ""ttH"": 0.0, ""ttW"": 0.0, ""ttZ"": 0.1211502324734403}",0.003217596047924268,8.328385692924476e-05,0.0009539954684466094,0.002696420830681214,True
2018,SR3Mu,MHc130_MA90,495.0,pt_selected >= 495,0.0011612472395061918,0.19737372025589456,"{""WZ"": 0.06091130192699957, ""ZZ"": 0.0036543024414633926, ""conversion"": 0.0, ""nonprompt"": 0.0, ""others"": 0.012429492468241429, ""tZq"": 0.008188220604049404, ""ttH"": 0.0, ""ttW"": 0.0, ""ttZ"": 0.11219040281514076}",0.0026138462069344613,6.577536275093998e-05,0.0009016835243341758,0.0021904643266584,True
2018,SR3Mu,MHc130_MA90,500.0,pt_selected >= 500,0.0008408470232359314,0.1886365205040546,"{""WZ"": 0.06091130192699957, ""ZZ"": 0.0036543024414633926, ""conversion"": 0.0, ""nonprompt"": 0.0, ""others"": 0.01172798146808047, ""tZq"": 0.005851862717254105, ""ttH"": 0.0, ""ttW"": 0.0, ""ttZ"": 0.10649107195025707}",0.0019359944256942584,4.7627254636067145e-05,0.000861768438096572,0.0016224086615510352,True
2018,SR3Mu,MHc160_MA155,0.0,pt_selected >= 0,7.886460717030586,73.69152218869543,"{""WZ"": 10.579797248055288, ""ZZ"": 0.9716279788763377, ""conversion"": 0.5189524037044602, ""nonprompt"": 29.491144866216928, ""others"": 1.2356259304318626, ""tZq"": 4.533349037809071, ""ttH"": 1.7926135604696805, ""ttW"": 3.22509577913097, ""ttZ"": 21.343315384000842}",0.9186992898352335,1.0,1.0,1.0,True
2018,SR3Mu,MHc160_MA155,5.0,pt_selected >= 5,7.874013612074222,73.76336723479199,"{""WZ"": 10.697210294291162, ""ZZ"": 0.9705601358724537, ""conversion"": 0.5189524037044602, ""nonprompt"": 29.491144866216928, ""others"": 1.234073817228582, ""tZq"": 4.52886935953773, ""ttH"": 1.785373867242818, ""ttW"": 3.2316371913212416, ""ttZ"": 21.305545299376618}",0.9168025116320168,0.9984217121719146,1.0009749431679886,0.997935365549747,True
2018,SR3Mu,MHc160_MA155,10.0,pt_selected >= 10,7.834917027101934,73.1351306739534,"{""WZ"": 10.53164122988845, ""ZZ"": 0.9678005976081322, ""conversion"": 0.5189524037044602, ""nonprompt"": 29.29118278855458, ""others"": 1.2186536001543933, ""tZq"": 4.480277214075557, ""ttH"": 1.7723960944989947, ""ttW"": 3.1913364962420476, ""ttZ"": 21.162890249226784}",0.9161601147480951,0.9934642811549996,0.992449721511827,0.9972361194623391,True
2018,SR3Mu,MHc160_MA155,15.0,pt_selected >= 15,7.76878083345564,72.5503436750852,"{""WZ"": 10.368666420023008, ""ZZ"": 0.9505319753469584, ""conversion"": 0.5189524037044602, ""nonprompt"": 29.205544801894575, ""others"": 1.1961091470420244, ""tZq"": 4.418612115294102, ""ttH"": 1.7423991876321427, ""ttW"": 3.160931650548265, ""ttZ"": 20.988595973599683}",0.9120804199535368,0.9850782387946447,0.9845141139751719,0.9927953902273248,True
2018,SR3Mu,MHc160_MA155,20.0,pt_selected >= 20,7.679902329062445,71.62409014749093,"{""WZ"": 10.219990955299357, ""ZZ"": 0.9200280077211539, ""conversion"": 0.5189524037044602, ""nonprompt"": 29.036758354399353, ""others"": 1.1640286762664176, ""tZq"": 4.326948782558082, ""ttH"": 1.7171618854476514, ""ttW"": 3.0986381741706723, ""ttZ"": 20.62158290792379}",0.9074571727965185,0.9738084807140314,0.9719447776379133,0.987763006717104,True
2018,SR3Mu,MHc160_MA155,25.0,pt_selected >= 25,7.5749592029411925,70.08973633959702,"{""WZ"": 9.850268354709334, ""ZZ"": 0.8970041768429319, ""conversion"": 0.3938890107574248, ""nonprompt"": 28.730443900916725, ""others"": 1.1362482548727273, ""tZq"": 4.176040563110591, ""ttH"": 1.6809235858691116, ""ttW"": 3.014465550592774, ""ttZ"": 20.210452941925414}",0.9048010273363536,0.960501735155199,0.9511234706229079,0.9848718044602249,True
2018,SR3Mu,MHc160_MA155,30.0,pt_selected >= 30,7.424056843645905,68.29545330554673,"{""WZ"": 9.62372714280435, ""ZZ"": 0.8692396323297983, ""conversion"": 0.3938890107574248, ""nonprompt"": 28.03598943958059, ""others"": 1.0961799038493005, ""tZq"": 4.047522034942623, ""ttH"": 1.6298490171013154, ""ttW"": 2.8968488629949163, ""ttZ"": 19.70220826118641}",0.8983496283987175,0.9413673775885129,0.9267749026905502,0.9778494860487312,True
2018,SR3Mu,MHc160_MA155,35.0,pt_selected >= 35,7.252019643886257,66.12174897814066,"{""WZ"": 9.15899672887642, ""ZZ"": 0.8381109249886581, ""conversion"": 0.2905236803851996, ""nonprompt"": 27.33352942066267, ""others"": 1.0507477050945675, ""tZq"": 3.912704556423457, ""ttH"": 1.566161536508998, ""ttW"": 2.8196430744256284, ""ttZ"": 19.151331350775052}",0.8918397094767405,0.9195531308772931,0.8972775566886579,0.9707634689003513,True
2018,SR3Mu,MHc160_MA155,40.0,pt_selected >= 40,7.058398921970705,63.96947982540117,"{""WZ"": 8.759921833397899, ""ZZ"": 0.8005136231000441, ""conversion"": 0.17577413147138843, ""nonprompt"": 26.7992208939977, ""others"": 0.9991756386506296, ""tZq"": 3.7874820095100357, ""ttH"": 1.4947304847920446, ""ttW"": 2.682139341296081, ""ttZ"": 18.470521869185358}",0.8825103150960883,0.8950021023661849,0.8680710877650231,0.9606084655343148,True
2018,SR3Mu,MHc160_MA155,45.0,pt_selected >= 45,6.84102021297959,60.72256447360308,"{""WZ"": 8.579460812534688, ""ZZ"": 0.757672325768213, ""conversion"": 0.17577413147138843, ""nonprompt"": 24.85017354832962, ""others"": 0.95348875181826, ""tZq"": 3.627744519861406, ""ttH"": 1.4236095273190188, ""ttW"": 2.547906545219294, ""ttZ"": 17.806734311281193}",0.8779015610847781,0.8674385707909003,0.8240101801414296,0.9555918577473023,True
2018,SR3Mu,MHc160_MA155,50.0,pt_selected >= 50,6.608206126338315,58.06744038271444,"{""WZ"": 8.340021528060767, ""ZZ"": 0.7251734910820221, ""conversion"": 0.17577413147138843, ""nonprompt"": 23.487936957739294, ""others"": 0.9181404316499021, ""tZq"": 3.467757309147965, ""ttH"": 1.3573114799532513, ""ttW"": 2.4427530099754358, ""ttZ"": 17.152572043634414}",0.8671959478814878,0.8379178396296432,0.7879799284648542,0.9439388464499817,True
2018,SR3Mu,MHc160_MA155,55.0,pt_selected >= 55,6.359116049334801,54.7288944602686,"{""WZ"": 8.011803029969434, ""ZZ"": 0.6728442341220203, ""conversion"": 0.1741916541636774, ""nonprompt"": 21.773233006708324, ""others"": 0.872784198510195, ""tZq"": 3.226154848913482, ""ttH"": 1.2621310789178481, ""ttW"": 2.307170603268999, ""ttZ"": 16.428581805694616}",0.8595841778490619,0.8063333195336246,0.7426755864823786,0.9356534693775874,True
2018,SR3Mu,MHc160_MA155,60.0,pt_selected >= 60,6.101743932482835,51.20817100266441,"{""WZ"": 7.238840352529942, ""ZZ"": 0.6230993187290583, ""conversion"": 0.1741916541636774, ""nonprompt"": 20.246559454128146, ""others"": 0.8271292241420476, ""tZq"": 3.0284769549345407, ""ttH"": 1.1843185493007657, ""ttW"": 2.1752397100856764, ""ttZ"": 15.710315784650561}",0.852676601824897,0.7736986401652003,0.6948990804062932,0.9281346042814754,True
2018,SR3Mu,MHc160_MA155,65.0,pt_selected >= 65,5.844000240012861,47.20100256818633,"{""WZ"": 7.252238694961222, ""ZZ"": 0.5760260414863807, ""conversion"": 0.1741916541636774, ""nonprompt"": 17.613876869902015, ""others"": 0.7828991336406227, ""tZq"": 2.871064108404677, ""ttH"": 1.088930067849791, ""ttW"": 2.0291626166021097, ""ttZ"": 14.812613381175842}",0.8506180877865207,0.7410168451600742,0.6405214760976555,0.9258939211100043,True
2018,SR3Mu,MHc160_MA155,70.0,pt_selected >= 70,5.572494144378261,44.22511926916493,"{""WZ"": 6.815153468264369, ""ZZ"": 0.5157069501695112, ""conversion"": 0.1741916541636774, ""nonprompt"": 16.359620765782893, ""others"": 0.7320067906479477, ""tZq"": 2.702900922002826, ""ttH"": 1.0203086905044072, ""ttW"": 1.8768801760976312, ""ttZ"": 14.028349851531654}",0.8379442291960836,0.7065899830509039,0.6001384956592637,0.9120984836576578,True
2018,SR3Mu,MHc160_MA155,75.0,pt_selected >= 75,5.2973277332680055,41.60592725517878,"{""WZ"": 6.406547244109535, ""ZZ"": 0.46765805813912376, ""conversion"": 0.1399667431800569, ""nonprompt"": 15.535152631811798, ""others"": 0.694570068672036, ""tZq"": 2.450952571043258, ""ttH"": 0.948268224775243, ""ttW"": 1.7380269422610006, ""ttZ"": 13.224784771186728}",0.8212572941386818,0.6716989944334064,0.5645958452132679,0.8939348307169936,True
2018,SR3Mu,MHc160_MA155,80.0,pt_selected >= 80,5.017476658105311,37.99909058604174,"{""WZ"": 5.788750467805538, ""ZZ"": 0.4243755987395219, ""conversion"": 0.1399667431800569, ""nonprompt"": 13.849757592193782, ""others"": 0.6486480387002421, ""tZq"": 2.25277459302937, ""ttH"": 0.8711116948761092, ""ttW"": 1.642334532225986, ""ttZ"": 12.381371325291136}",0.8139519337535186,0.6362139923261412,0.5156507757940024,0.8859829791525135,True
2018,SR3Mu,MHc160_MA155,85.0,pt_selected >= 85,4.73356978432553,36.127074384289564,"{""WZ"": 5.699164805803297, ""ZZ"": 0.3912626516991575, ""conversion"": 0.1399667431800569, ""nonprompt"": 13.351670059375465, ""others"": 0.6105548109776362, ""tZq"": 2.060257391913889, ""ttH"": 0.7907012352277137, ""ttW"": 1.4792813517352237, ""ttZ"": 11.604215334377129}",0.7875395758741235,0.6002147166096348,0.49024736240055033,0.8572332476880077,True
2018,SR3Mu,MHc160_MA155,90.0,pt_selected >= 90,4.4654616691870554,32.46083297620979,"{""WZ"": 5.484133143327635, ""ZZ"": 0.36030150278796425, ""conversion"": -0.0052801959077086735, ""nonprompt"": 11.289729913230985, ""others"": 0.5688758272779394, ""tZq"": 1.9132562935229933, ""ttH"": 0.6979437062580991, ""ttW"": 1.3620668423959197, ""ttZ"": 10.789805943315955}",0.7837662094372031,0.5662187170404615,0.44049616580168033,0.8531259554775205,True
2018,SR3Mu,MHc160_MA155,95.0,pt_selected >= 95,4.191210366088309,28.834789954039145,"{""WZ"": 5.167693380812057, ""ZZ"": 0.3241203102702049, ""conversion"": -0.0052801959077086735, ""nonprompt"": 9.168628518935293, ""others"": 0.5364357671441529, ""tZq"": 1.772583056226374, ""ttH"": 0.6284536356411269, ""ttW"": 1.2344871689363337, ""ttZ"": 10.007668311981314}",0.7805146580200735,0.5314437637453149,0.39129046459651656,0.8495866565435757,True
2018,SR3Mu,MHc160_MA155,100.0,pt_selected >= 100,3.9082388323189168,26.922583411530884,"{""WZ"": 4.838770814448285, ""ZZ"": 0.304618731176488, ""conversion"": 0.11469987042608115, ""nonprompt"": 8.644428171217442, ""others"": 0.4882049268452583, ""tZq"": 1.6305552937392915, ""ttH"": 0.5751456649191704, ""ttW"": 1.1095846461564203, ""ttZ"": 9.216575292602448}",0.7532215380577849,0.49556308876035954,0.36534166498274495,0.8198782195563397,True
2018,SR3Mu,MHc160_MA155,105.0,pt_selected >= 105,3.6456330631717657,24.9572589559616,"{""WZ"": 4.6175974843005365, ""ZZ"": 0.2797133087102551, ""conversion"": 0.11469987042608115, ""nonprompt"": 7.969574993476272, ""others"": 0.45779435238876165, ""tZq"": 1.4700008970905387, ""ttH"": 0.530325590304125, ""ttW"": 1.005449378113272, ""ttZ"": 8.512103081151757}",0.7297506856075726,0.4622647844170612,0.33867205093220537,0.7943303033775628,True
2018,SR3Mu,MHc160_MA155,110.0,pt_selected >= 110,3.3949025974343003,22.916664319337535,"{""WZ"": 4.068384946015679, ""ZZ"": 0.2515086384905763, ""conversion"": 0.11469987042608115, ""nonprompt"": 7.476134387776256, ""others"": 0.4212593028719378, ""tZq"": 1.3072144333464129, ""ttH"": 0.4811092645825659, ""ttW"": 0.8964106958126379, ""ttZ"": 7.8999427800153885}",0.7091720599509883,0.4304722636991148,0.3109810143513773,0.7719305629137654,True
2018,SR3Mu,MHc160_MA155,115.0,pt_selected >= 115,3.156956889305378,20.82832134342008,"{""WZ"": 3.8625640218361155, ""ZZ"": 0.22774201330164037, ""conversion"": 0.11469987042608115, ""nonprompt"": 6.4696321887895465, ""others"": 0.38211693204514596, ""tZq"": 1.2047659992911421, ""ttH"": 0.4315486231225985, ""ttW"": 0.8250479010396773, ""ttZ"": 7.310203793568133}",0.6917378131331964,0.4003008450277347,0.2826420288902001,0.7529534645196666,True
2018,SR3Mu,MHc160_MA155,120.0,pt_selected >= 120,2.929357768862801,19.268236043764343,"{""WZ"": 3.3880598703046014, ""ZZ"": 0.20628725684096175, ""conversion"": 0.11469987042608115, ""nonprompt"": 6.217365921474993, ""others"": 0.35044627184031407, ""tZq"": 1.0926749617013491, ""ttH"": 0.3841631586319517, ""ttW"": 0.7425016815006958, ""ttZ"": 6.772037051043393}",0.6673465771204291,0.371441369451944,0.26147154342158735,0.7264037150176921,True
2018,SR3Mu,MHc160_MA155,125.0,pt_selected >= 125,2.7139995603320486,16.660124244890042,"{""WZ"": 3.3691784090134402, ""ZZ"": 0.19255828185099674, ""conversion"": 0.0, ""nonprompt"": 4.562217169441283, ""others"": 0.328837668048338, ""tZq"": 0.9705236978098783, ""ttH"": 0.3448803207683667, ""ttW"": 0.6770385082160317, ""ttZ"": 6.21489018974171}",0.6649219272959406,0.3441340365103505,0.2260792524034165,0.7237644947077218,True
2018,SR3Mu,MHc160_MA155,130.0,pt_selected >= 130,2.5122034309371513,15.36657974690712,"{""WZ"": 3.194175774224038, ""ZZ"": 0.17660157066605328, ""conversion"": 0.0, ""nonprompt"": 4.102475070394576, ""others"": 0.30560273557663364, ""tZq"": 0.8685554961541537, ""ttH"": 0.3117693332519048, ""ttW"": 0.612674023803918, ""ttZ"": 5.794725742835846}",0.6408644739651789,0.3185463696677167,0.2085257474741703,0.697578066137524,True
2018,SR3Mu,MHc160_MA155,135.0,pt_selected >= 135,2.3201786554755692,14.269845985386004,"{""WZ"": 2.9743326072178187, ""ZZ"": 0.16447087717737366, ""conversion"": 0.0, ""nonprompt"": 3.8211521031334996, ""others"": 0.2834249201647341, ""tZq"": 0.8103211567591305, ""ttH"": 0.2842414502008855, ""ttW"": 0.5588913537200031, ""ttZ"": 5.373011517012558}",0.6142027891447983,0.2941977065155742,0.1936429803803816,0.6685569434313529,True
2018,SR3Mu,MHc160_MA155,140.0,pt_selected >= 140,2.1405169625961133,13.643400035881088,"{""WZ"": 2.9467765271522435, ""ZZ"": 0.1558759943980097, ""conversion"": 0.0, ""nonprompt"": 3.8332256115972996, ""others"": 0.25746703393627646, ""tZq"": 0.7350732982648496, ""ttH"": 0.2551385486026329, ""ttW"": 0.5064374194857569, ""ttZ"": 4.953405602444021}",0.5795052398315368,0.2714166771887582,0.18514205746687695,0.6307888187607826,True
2018,SR3Mu,MHc160_MA155,145.0,pt_selected >= 145,1.9636088395734483,12.445583531422342,"{""WZ"": 2.6237513301080755, ""ZZ"": 0.14900314038011558, ""conversion"": 0.0, ""nonprompt"": 3.5445391796529293, ""others"": 0.23520822045159542, ""tZq"": 0.6813405106006493, ""ttH"": 0.23187850842301533, ""ttW"": 0.4721343917319426, ""ttZ"": 4.507728250074019}",0.5566053116744533,0.2489847993958927,0.1688875892610011,0.605862351079295,True
2018,SR3Mu,MHc160_MA155,150.0,pt_selected >= 150,1.8085510487636138,11.333284178581644,"{""WZ"": 2.366062879437518, ""ZZ"": 0.13127438508164893, ""conversion"": 0.0, ""nonprompt"": 3.2867128141224384, ""others"": 0.21461220851048204, ""tZq"": 0.6193184080435898, ""ttH"": 0.20966081371979844, ""ttW"": 0.4026904966823496, ""ttZ"": 4.102952172983819}",0.5372208781985085,0.2293235348092332,0.15379359581637486,0.5847624833745738,True
2018,SR3Mu,MHc160_MA155,155.0,pt_selected >= 155,1.6657062210882083,10.709966660432105,"{""WZ"": 2.208094930367069, ""ZZ"": 0.11856945928575564, ""conversion"": 0.0, ""nonprompt"": 3.2820162139832973, ""others"": 0.2027546245919093, ""tZq"": 0.5717303726097461, ""ttH"": 0.18388306911041663, ""ttW"": 0.3532212337124032, ""ttZ"": 3.789696756771508}",0.5089842553395776,0.21121086896320468,0.14533512597294476,0.5540270477741011,True
2018,SR3Mu,MHc160_MA155,160.0,pt_selected >= 160,1.5341831763908644,9.33723949855061,"{""WZ"": 1.879784358528892, ""ZZ"": 0.11276100863499196, ""conversion"": 0.0, ""nonprompt"": 2.687200929969549, ""others"": 0.1921379330176773, ""tZq"": 0.524874957437099, ""ttH"": 0.16655976890997642, ""ttW"": 0.3109816959714531, ""ttZ"": 3.462938846080971}",0.5020742714866534,0.19453380057772174,0.1267071058003329,0.5465055617673321,True
2018,SR3Mu,MHc160_MA155,165.0,pt_selected >= 165,1.412529150383085,8.685703730288973,"{""WZ"": 1.663212267342195, ""ZZ"": 0.10127998073931922, ""conversion"": 0.0, ""nonprompt"": 2.687200929969549, ""others"": 0.18568698839888492, ""tZq"": 0.46281483622332026, ""ttH"": 0.15345187257139456, ""ttW"": 0.26625136359046286, ""ttZ"": 3.165805491453847}",0.47928618761408665,0.17910811973395985,0.11786571198852769,0.5217008360810266,True
2018,SR3Mu,MHc160_MA155,170.0,pt_selected >= 170,1.2934904619511542,8.135166304172039,"{""WZ"": 1.6602558054031527, ""ZZ"": 0.0927700212673258, ""conversion"": 0.0, ""nonprompt"": 2.5462178252637386, ""others"": 0.16946952316788788, ""tZq"": 0.3998874585005386, ""ttH"": 0.1333119053938897, ""ttW"": 0.2524891663521987, ""ttZ"": 2.8807645988233084}",0.45350284184866124,0.16401406262734547,0.1103948739631274,0.4936357814426915,True
2018,SR3Mu,MHc160_MA155,175.0,pt_selected >= 175,1.189435843681663,7.334186745135057,"{""WZ"": 1.5647096758300998, ""ZZ"": 0.08230768138085383, ""conversion"": 0.0, ""nonprompt"": 2.1407631002366543, ""others"": 0.16045414881331005, ""tZq"": 0.36913063137204377, ""ttH"": 0.11671829353824671, ""ttW"": 0.224140333150648, ""ttZ"": 2.6759628808132003}",0.43920273904888607,0.15081997950146514,0.09952551565368736,0.47807018456241107,True
2018,SR3Mu,MHc160_MA155,180.0,pt_selected >= 180,1.086418743630441,6.928631787797315,"{""WZ"": 1.6607562671259875, ""ZZ"": 0.07571781116673455, ""conversion"": 0.0, ""nonprompt"": 1.9762833938002586, ""others"": 0.14874589838696697, ""tZq"": 0.32329122431948937, ""ttH"": 0.10321632921593803, ""ttW"": 0.20188001874135011, ""ttZ"": 2.438740845040589}",0.4127371003538693,0.13775745326219035,0.09402210162053341,0.44926245717234925,True
2018,SR3Mu,MHc160_MA155,185.0,pt_selected >= 185,0.9951626479269856,6.011893140758597,"{""WZ"": 1.4537635317300743, ""ZZ"": 0.07212546328143914, ""conversion"": 0.0, ""nonprompt"": 1.5533112809062004, ""others"": 0.1407800844742505, ""tZq"": 0.2928966414741652, ""ttH"": 0.09231471847270609, ""ttW"": 0.19402897691598894, ""ttZ"": 2.212672443503773}",0.4058713917572228,0.12618621757386814,0.08158188299278808,0.4417891645807355,True
2018,SR3Mu,MHc160_MA155,190.0,pt_selected >= 190,0.9038253171607963,5.603120525846166,"{""WZ"": 1.3590625813033808, ""ZZ"": 0.06772732620189456, ""conversion"": 0.0, ""nonprompt"": 1.5533112809062004, ""others"": 0.12752836770986822, ""tZq"": 0.2559902009056107, ""ttH"": 0.07821833052885371, ""ttW"": 0.1563609119344663, ""ttZ"": 2.004921526355891}",0.38182953625464905,0.114604681312748,0.07603480508244552,0.41561971417560284,True
2018,SR3Mu,MHc160_MA155,195.0,pt_selected >= 195,0.8270428730761626,5.303959985107504,"{""WZ"": 1.2961427504131071, ""ZZ"": 0.06333311708030533, ""conversion"": 0.0, ""nonprompt"": 1.5533112809062004, ""others"": 0.11764667490885061, ""tZq"": 0.22391946649332561, ""ttH"": 0.07300019877160493, ""ttW"": 0.15043733122542563, ""ttZ"": 1.826169165308685}",0.3591103349934115,0.10486869874216039,0.07197517200860797,0.39088996689854527,True
2018,SR3Mu,MHc160_MA155,200.0,pt_selected >= 200,0.7600218476195272,5.241761302033636,"{""WZ"": 1.46561062153693, ""ZZ"": 0.05773347995428783, ""conversion"": 0.0, ""nonprompt"": 1.5533112809062004, ""others"": 0.11289009711078243, ""tZq"": 0.207193560271332, ""ttH"": 0.06642279500983941, ""ttW"": 0.1274408977418818, ""ttZ"": 1.6511585695023823}",0.3319612999267086,0.096370460069405,0.07113113077799528,0.3613383656650535,True
2018,SR3Mu,MHc160_MA155,205.0,pt_selected >= 205,0.6969041503028965,4.92085426521865,"{""WZ"": 1.2862556724087855, ""ZZ"": 0.05535326874438878, ""conversion"": 0.0, ""nonprompt"": 1.5533112809062004, ""others"": 0.09882045276297842, ""tZq"": 0.18679426609436667, ""ttH"": 0.060068204044049237, ""ttW"": 0.11419949570869596, ""ttZ"": 1.566051624549185}",0.3141613823849223,0.08836716181162889,0.06677639596883682,0.3419632363504563,True
2018,SR3Mu,MHc160_MA155,210.0,pt_selected >= 210,0.6433126243213548,4.52015297435427,"{""WZ"": 1.1734425764655736, ""ZZ"": 0.053048786391067006, ""conversion"": 0.0, ""nonprompt"": 1.43646802008152, ""others"": 0.09413529146244046, ""tZq"": 0.1737578138220094, ""ttH"": 0.05294500568810423, ""ttW"": 0.10955350758114261, ""ttZ"": 1.4268019728624128}",0.3025836850366588,0.0815717781909621,0.061338846587805716,0.3293609654263763,True
2018,SR3Mu,MHc160_MA155,215.0,pt_selected >= 215,0.5883814031426423,4.397882726399587,"{""WZ"": 1.2204425858442247, ""ZZ"": 0.0514571218579705, ""conversion"": 0.0, ""nonprompt"": 1.43646802008152, ""others"": 0.08812503108569446, ""tZq"": 0.15309096791841587, ""ttH"": 0.04707253347475767, ""ttW"": 0.09788078903974098, ""ttZ"": 1.3033456770972613}",0.2805673404729481,0.07460652176610093,0.05967962929491826,0.3053962744689475,True
2018,SR3Mu,MHc160_MA155,220.0,pt_selected >= 220,0.5422925420552196,3.8460089316951533,"{""WZ"": 0.9636584271613616, ""ZZ"": 0.04251395141169253, ""conversion"": 0.0, ""nonprompt"": 1.2954849153757095, ""others"": 0.08305233027660841, ""tZq"": 0.13935817442951398, ""ttH"": 0.04066553033653175, ""ttW"": 0.0918001274358053, ""ttZ"": 1.1894754752679308}",0.2765212348008677,0.06876247299173815,0.05219065663818173,0.30099210684103295,True
2018,SR3Mu,MHc160_MA155,225.0,pt_selected >= 225,0.5011809499610377,3.778761043539349,"{""WZ"": 1.0135172585432388, ""ZZ"": 0.03981724885329387, ""conversion"": 0.0, ""nonprompt"": 1.2954849153757095, ""others"": 0.07942499118214467, ""tZq"": 0.13384036407092187, ""ttH"": 0.03513660734102297, ""ttW"": 0.08994673639291195, ""ttZ"": 1.0915929217801055}",0.2578219211800748,0.06354953989420778,0.05127809728049051,0.2806379889836581,True
2018,SR3Mu,MHc160_MA155,230.0,pt_selected >= 230,0.4622479383097127,3.6580013860601883,"{""WZ"": 1.0135172585432388, ""ZZ"": 0.038131422281436705, ""conversion"": 0.0, ""nonprompt"": 1.2954849153757095, ""others"": 0.07624657428052146, ""tZq"": 0.12074785843753502, ""ttH"": 0.033106517756119586, ""ttW"": 0.0809641071489026, ""ttZ"": 0.999802732236725}",0.24168686589255334,0.05861284990762733,0.0496393788242488,0.26307505466331566,True
2018,SR3Mu,MHc160_MA155,235.0,pt_selected >= 235,0.42775730441641807,3.4898363034527753,"{""WZ"": 1.0135172585432388, ""ZZ"": 0.03513335885426293, ""conversion"": 0.0, ""nonprompt"": 1.2954849153757095, ""others"": 0.06807121419291622, ""tZq"": 0.11229421986402519, ""ttH"": 0.026944640461271974, ""ttW"": 0.06404145307204467, ""ttZ"": 0.8743492430893066}",0.22897860555476732,0.05423945160757454,0.04735736486100337,0.2492421710653919,True
2018,SR3Mu,MHc160_MA155,240.0,pt_selected >= 240,0.3932425701495243,3.347112927071951,"{""WZ"": 0.9667922931153349, ""ZZ"": 0.033255079860351686, ""conversion"": 0.0, ""nonprompt"": 1.2954849153757095, ""others"": 0.06498667398678357, ""tZq"": 0.10150764913328034, ""ttH"": 0.026944640461271974, ""ttW"": 0.05715447342789187, ""ttZ"": 0.8009872017113274}",0.214944008274915,0.04986299738998614,0.04542059693788509,0.23396557573639212,True
2018,SR3Mu,MHc160_MA155,245.0,pt_selected >= 245,0.3610624716061512,3.267855661090986,"{""WZ"": 0.9667922931153349, ""ZZ"": 0.03140027088210879, ""conversion"": 0.0, ""nonprompt"": 1.256791677325964, ""others"": 0.06258084762271869, ""tZq"": 0.09733858357663355, ""ttH"": 0.026944640461271974, ""ttW"": 0.05956335544513852, ""ttZ"": 0.7664439926618157}",0.19973350251395175,0.045782574029240665,0.04434506933814278,0.2174090093721238,True
2018,SR3Mu,MHc160_MA155,250.0,pt_selected >= 250,0.3312799741594969,1.9703264892481351,"{""WZ"": 0.858040133587216, ""ZZ"": 0.028868580997017865, ""conversion"": 0.0, ""nonprompt"": 0.1555364988744259, ""others"": 0.058066922799743834, ""tZq"": 0.07773805169796386, ""ttH"": 0.025262854739076808, ""ttW"": 0.057825051860867824, ""ttZ"": 0.7089883946918233}",0.23600765275665603,0.042006165508959845,0.02673749205780948,0.25689325698617166,True
2018,SR3Mu,MHc160_MA155,255.0,pt_selected >= 255,0.30432605696673526,1.799576346159555,"{""WZ"": 0.762125842431456, ""ZZ"": 0.02427442920310272, ""conversion"": 0.0, ""nonprompt"": 0.1555364988744259, ""others"": 0.05687259321582113, ""tZq"": 0.06289262766556872, ""ttH"": 0.0236506983827554, ""ttW"": 0.04458490128700869, ""ttZ"": 0.6696387550994165}",0.22685794881654864,0.03858841981036587,0.024420398611817756,0.24693384584768216,True
2018,SR3Mu,MHc160_MA155,260.0,pt_selected >= 260,0.2805875514192883,1.4774082799627561,"{""WZ"": 0.5238795826636631, ""ZZ"": 0.022514259394763408, ""conversion"": 0.0, ""nonprompt"": 0.1555364988744259, ""others"": 0.054514508301199575, ""tZq"": 0.05904142771932312, ""ttH"": 0.01914676303265947, ""ttW"": 0.037556097537892894, ""ttZ"": 0.6052191424388287}",0.2308437575136252,0.03557838699600285,0.020048551530523227,0.25127238049245304,True
2018,SR3Mu,MHc160_MA155,265.0,pt_selected >= 265,0.25772386378210543,1.2424155668799506,"{""WZ"": 0.3518419695282701, ""ZZ"": 0.01976870181218907, ""conversion"": 0.0, ""nonprompt"": 0.1555364988744259, ""others"": 0.052154630094547905, ""tZq"": 0.05411424456479305, ""ttH"": 0.01914676303265947, ""ttW"": 0.03285986203528368, ""ttZ"": 0.5569928969377814}",0.23121776107334718,0.03267928073559767,0.01685968114077771,0.2516794816667547,True
2018,SR3Mu,MHc160_MA155,270.0,pt_selected >= 270,0.23433267333890503,1.1938042331742327,"{""WZ"": 0.3518419695282701, ""ZZ"": 0.018994884253772545, ""conversion"": 0.0, ""nonprompt"": 0.1555364988744259, ""others"": 0.04985928406758251, ""tZq"": 0.050031580603283526, ""ttH"": 0.01914676303265947, ""ttW"": 0.03540418044617189, ""ttZ"": 0.5129890723680669}",0.21446987064432707,0.029713287334693795,0.016200021355473736,0.23344947908122549,True
2018,SR3Mu,MHc160_MA155,275.0,pt_selected >= 275,0.2106175091412248,1.185380487593957,"{""WZ"": 0.4079036605972039, ""ZZ"": 0.01785798751537768, ""conversion"": 0.0, ""nonprompt"": 0.1555364988744259, ""others"": 0.047581579560802834, ""tZq"": 0.04240191894863707, ""ttH"": 0.01761957065506368, ""ttW"": 0.035431231248131, ""ttZ"": 0.46104804019431495}",0.19344859741636947,0.026706214193954244,0.016085710437065706,0.21056791874854283,True
2018,SR3Mu,MHc160_MA155,280.0,pt_selected >= 280,0.19279163377821945,1.2085060642274992,"{""WZ"": 0.48488541638223165, ""ZZ"": 0.01710989818850548, ""conversion"": 0.0, ""nonprompt"": 0.1555364988744259, ""others"": 0.03915543612094837, ""tZq"": 0.036269823690120995, ""ttH"": 0.015987305545591374, ""ttW"": 0.03143851310187, ""ttZ"": 0.42812317232380553}",0.17537341812146945,0.02444590047369303,0.016399526408655034,0.19089316826719463,True
2018,SR3Mu,MHc160_MA155,285.0,pt_selected >= 285,0.17525504722271423,0.9820922697858996,"{""WZ"": 0.3298081946724393, ""ZZ"": 0.016392369562431935, ""conversion"": 0.0, ""nonprompt"": 0.11684326082468033, ""others"": 0.03873897032959096, ""tZq"": 0.02823669156129716, ""ttH"": 0.01289480335914699, ""ttW"": 0.0294727726810438, ""ttZ"": 0.40970520679526906}",0.1768456525421507,0.02222226845614738,0.013327072648481082,0.19249568874040116,True
2018,SR3Mu,MHc160_MA155,290.0,pt_selected >= 290,0.1623272645545425,0.8717364403031028,"{""WZ"": 0.28008951039523106, ""ZZ"": 0.015428707441001749, ""conversion"": 0.0, ""nonprompt"": 0.11684326082468033, ""others"": 0.037275266003319554, ""tZq"": 0.02275010861451787, ""ttH"": 0.010893618691987399, ""ttW"": 0.02730392154267707, ""ttZ"": 0.3611520467896879}",0.17385967756813567,0.020583030890396932,0.011829534991432578,0.18924546855730887,True
2018,SR3Mu,MHc160_MA155,295.0,pt_selected >= 295,0.14705732076497505,0.8322630323804371,"{""WZ"": 0.28008951039523106, ""ZZ"": 0.014140490667763832, ""conversion"": 0.0, ""nonprompt"": 0.11684326082468033, ""others"": 0.03230138672215814, ""tZq"": 0.016578443336508986, ""ttH"": 0.009334146842315998, ""ttW"": 0.025413456917446377, ""ttZ"": 0.33756233667433233}",0.16119677435502258,0.01864680825042455,0.011293877608462666,0.17546195598336953,True
2018,SR3Mu,MHc160_MA155,300.0,pt_selected >= 300,0.13531962748968837,0.7353897402812616,"{""WZ"": 0.22261189694710515, ""ZZ"": 0.014140490667763832, ""conversion"": 0.0, ""nonprompt"": 0.11684326082468033, ""others"": 0.028887961480542738, ""tZq"": 0.014999461041426406, ""ttH"": 0.009334146842315998, ""ttW"": 0.01915174584121256, ""ttZ"": 0.30942077663621465}",0.157798187424438,0.01715847353394781,0.009979299089496529,0.17176260956154513,True
2018,SR3Mu,MHc160_MA155,305.0,pt_selected >= 305,0.12336840196128078,0.639615493547484,"{""WZ"": 0.15608675018377632, ""ZZ"": 0.011468517181802373, ""conversion"": 0.0, ""nonprompt"": 0.11684326082468033, ""others"": 0.02815316534614357, ""tZq"": 0.008367244016989857, ""ttH"": 0.007905831814874212, ""ttW"": 0.019258854659209516, ""ttZ"": 0.2915318695200078}",0.1542568475020177,0.015643063014930163,0.008679634706278378,0.16790787715715258,True
2018,SR3Mu,MHc160_MA155,310.0,pt_selected >= 310,0.11290042373426834,0.4765852517438945,"{""WZ"": 0.03630338225965517, ""ZZ"": 0.011468517181802373, ""conversion"": 0.0, ""nonprompt"": 0.11684326082468033, ""others"": 0.02582224323965952, ""tZq"": 0.006862218782548779, ""ttH"": 0.007905831814874212, ""ttW"": 0.012759991030487106, ""ttZ"": 0.258619806610187}",0.16354048168451568,0.014315727648330653,0.006467300953881022,0.17801307075555295,True
2018,SR3Mu,MHc160_MA155,315.0,pt_selected >= 315,0.10355820640379564,0.4551761210090621,"{""WZ"": 0.03630338225965517, ""ZZ"": 0.01073361588510913, ""conversion"": 0.0, ""nonprompt"": 0.11684326082468033, ""others"": 0.023913691938341617, ""tZq"": 0.0017336746685998605, ""ttH"": 0.007905831814874212, ""ttW"": 0.012678688231431584, ""ttZ"": 0.24506397538637015}",0.15349519494306005,0.013131138303924428,0.006176777293913572,0.16707882180967945,True
2018,SR3Mu,MHc160_MA155,320.0,pt_selected >= 320,0.09644172540447774,0.3859435984687769,"{""WZ"": -0.00021787054192379945, ""ZZ"": 0.01073361588510913, ""conversion"": 0.0, ""nonprompt"": 0.11684326082468033, ""others"": 0.023584711077963207, ""tZq"": 0.0003690597876390572, ""ttH"": 0.007905831814874212, ""ttW"": 0.010691515835262566, ""ttZ"": 0.21603347378517218}",0.15523979146474867,0.012228771417857266,0.005237286284852753,0.16897780719150285,True
2018,SR3Mu,MHc160_MA155,325.0,pt_selected >= 325,0.08776097018857454,0.4579844075343848,"{""WZ"": 0.09418565872187884, ""ZZ"": 0.009779208725818979, ""conversion"": 0.0, ""nonprompt"": 0.11684326082468033, ""others"": 0.01955417394446335, ""tZq"": -0.001975273537880169, ""ttH"": 0.006475097443902459, ""ttW"": 0.008459221662176827, ""ttZ"": 0.20466305974934418}",0.12968091600631654,0.011128055199597614,0.00621488597238722,0.1411570874617466,True
2018,SR3Mu,MHc160_MA155,330.0,pt_selected >= 330,0.07843267177919679,0.49608484886783444,"{""WZ"": 0.14201373154192554, ""ZZ"": 0.00878268898930993, ""conversion"": 0.0, ""nonprompt"": 0.11684326082468033, ""others"": 0.016610354180119805, ""tZq"": 0.0016515049720396656, ""ttH"": 0.006475097443902459, ""ttW"": 0.010464272020008564, ""ttZ"": 0.19324393889584815}",0.11135738598273798,0.009945230768705115,0.006731912086135952,0.12121200834139063,True
2018,SR3Mu,MHc160_MA155,335.0,pt_selected >= 335,0.0735514019695409,0.42610482010576656,"{""WZ"": 0.09467418764628166, ""ZZ"": 0.00688690148883965, ""conversion"": 0.0, ""nonprompt"": 0.11684326082468033, ""others"": 0.015315399539349003, ""tZq"": -0.0013797971932016269, ""ttH"": 0.006475097443902459, ""ttW"": 0.008375191971814402, ""ttZ"": 0.17891457838410066}",0.11267634004434375,0.00932628774916849,0.005782277356337915,0.12264768384065255,True
2018,SR3Mu,MHc160_MA155,340.0,pt_selected >= 340,0.06707067895141197,0.41694040508684554,"{""WZ"": 0.09467418764628166, ""ZZ"": 0.00688690148883965, ""conversion"": 0.0, ""nonprompt"": 0.11684326082468033, ""others"": 0.013895971679106311, ""tZq"": -0.0012494774884144995, ""ttH"": 0.006475097443902459, ""ttW"": 0.008375191971814402, ""ttZ"": 0.1710392715206352}",0.103871334351277,0.008504534715626589,0.005657915492900564,0.11306347517685147,True
2018,SR3Mu,MHc160_MA155,345.0,pt_selected >= 345,0.060558800345308604,0.39032846952830597,"{""WZ"": 0.09467418764628166, ""ZZ"": 0.00589393147546103, ""conversion"": 0.0, ""nonprompt"": 0.11684326082468033, ""others"": 0.013756305588970976, ""tZq"": -0.0015296855674799704, ""ttH"": 0.006475097443902459, ""ttW"": 0.006282317062735883, ""ttZ"": 0.14793305505375365}",0.09693087852500784,0.0076788311662459195,0.005296789344761071,0.10550882056564141,True
2018,SR3Mu,MHc160_MA155,350.0,pt_selected >= 350,0.056173650807577115,0.37891472692205913,"{""WZ"": 0.09467418764628166, ""ZZ"": 0.00589393147546103, ""conversion"": 0.0, ""nonprompt"": 0.11684326082468033, ""others"": 0.013509850887963372, ""tZq"": -0.00038663643877126616, ""ttH"": 0.0050606963210289325, ""ttW"": 0.004028182058714065, ""ttZ"": 0.13929125414670104}",0.09125610069762706,0.0071227959946940115,0.005141903921482384,0.09933185070165192,True
2018,SR3Mu,MHc160_MA155,355.0,pt_selected >= 355,0.052187374632716554,0.3254987814602529,"{""WZ"": 0.04817492721831416, ""ZZ"": 0.00589393147546103, ""conversion"": 0.0, ""nonprompt"": 0.11684326082468033, ""others"": 0.01277633315795184, ""tZq"": -0.0030000277548016905, ""ttH"": 0.0050606963210289325, ""ttW"": 0.004028182058714065, ""ttZ"": 0.1357214781589042}",0.09147254575160092,0.006617337802750912,0.004417045160592241,0.09956745015880691,True
2018,SR3Mu,MHc160_MA155,360.0,pt_selected >= 360,0.04883571826583605,0.32407230959811345,"{""WZ"": 0.04817492721831416, ""ZZ"": 0.00589393147546103, ""conversion"": 0.0, ""nonprompt"": 0.11684326082468033, ""others"": 0.012707932300220104, ""tZq"": -0.0014973167952039828, ""ttH"": 0.0050606963210289325, ""ttW"": 0.004028182058714065, ""ttZ"": 0.13286069619489882}",0.08578603937122084,0.006192349143434737,0.004397687820429192,0.09337771381820308,True
2018,SR3Mu,MHc160_MA155,365.0,pt_selected >= 365,0.04548525240988335,0.32103345777875464,"{""WZ"": 0.052976447561681246, ""ZZ"": 0.0051058902906462415, ""conversion"": 0.0, ""nonprompt"": 0.11684326082468033, ""others"": 0.012617050138167331, ""tZq"": -0.00027230297695264344, ""ttH"": 0.0050606963210289325, ""ttW"": 0.0018060263095526444, ""ttZ"": 0.12689638930995054}",0.08027779974413464,0.0057675114404182925,0.004356450352005382,0.08738202002804668,True
2018,SR3Mu,MHc160_MA155,370.0,pt_selected >= 370,0.04276010782258101,0.3099153439353718,"{""WZ"": 0.052976447561681246, ""ZZ"": 0.0051058902906462415, ""conversion"": 0.0, ""nonprompt"": 0.11684326082468033, ""others"": 0.011154509764136573, ""tZq"": -3.1098598271360424e-05, ""ttH"": 0.0050606963210289325, ""ttW"": 0.0018060263095526444, ""ttZ"": 0.11699961146191717}",0.07680990929951724,0.005421964219037037,0.004205576635285111,0.083607237046295,True
2018,SR3Mu,MHc160_MA155,375.0,pt_selected >= 375,0.03785222933831716,0.3051737480595229,"{""WZ"": 0.052976447561681246, ""ZZ"": 0.004374170134363519, ""conversion"": 0.0, ""nonprompt"": 0.11684326082468033, ""others"": 0.0106948384457793, ""tZq"": -0.0012655289713495782, ""ttH"": 0.0030642268536122323, ""ttW"": 0.0018060263095526444, ""ttZ"": 0.11668030690120323}",0.06852008245632922,0.004799647230420657,0.004141232790362115,0.07458379821825935,True
2018,SR3Mu,MHc160_MA155,380.0,pt_selected >= 380,0.03594072165368803,0.2958943106307475,"{""WZ"": 0.052976447561681246, ""ZZ"": 0.004374170134363519, ""conversion"": 0.0, ""nonprompt"": 0.11684326082468033, ""others"": 0.010313262785087799, ""tZq"": 0.002378022154528015, ""ttH"": 0.0030642268536122323, ""ttW"": 0.0018060263095526444, ""ttZ"": 0.10413889400724166}",0.0660721570927204,0.004557268836206218,0.004015310063389338,0.07191924258978177,True
2018,SR3Mu,MHc160_MA155,385.0,pt_selected >= 385,0.0329661461369394,0.2861771029154971,"{""WZ"": 0.052976447561681246, ""ZZ"": 0.004374170134363519, ""conversion"": 0.0, ""nonprompt"": 0.11684326082468033, ""others"": 0.009980854401564324, ""tZq"": 0.0012910281473450967, ""ttH"": 0.0030642268536122323, ""ttW"": 0.0018060263095526444, ""ttZ"": 0.09584108868269764}",0.06162412106865416,0.004180093874778321,0.003883446757724836,0.06707757560115922,True
2018,SR3Mu,MHc160_MA155,390.0,pt_selected >= 390,0.028868457706062604,0.27513763402426517,"{""WZ"": 0.052976447561681246, ""ZZ"": 0.004374170134363519, ""conversion"": 0.0, ""nonprompt"": 0.11684326082468033, ""others"": 0.008362405266671308, ""tZq"": 0.004015584833958552, ""ttH"": 0.0030642268536122323, ""ttW"": 0.0018060263095526444, ""ttZ"": 0.0836955122397453}",0.05503621812092142,0.0036605086542461306,0.0037336402594554136,0.05990667319530858,True
2018,SR3Mu,MHc160_MA155,395.0,pt_selected >= 395,0.026648919619244538,0.26901703359021356,"{""WZ"": 0.052976447561681246, ""ZZ"": 0.004374170134363519, ""conversion"": 0.0, ""nonprompt"": 0.11684326082468033, ""others"": 0.008362405266671308, ""tZq"": 0.0024209357435881823, ""ttH"": 0.0030642268536122323, ""ttW"": 0.0018060263095526444, ""ttZ"": 0.07916956089606408}",0.05137948148783054,0.0033790721307591074,0.003650583209576879,0.055926331996017244,True
2018,SR3Mu,MHc160_MA155,400.0,pt_selected >= 400,0.02478896044051937,0.2141618206133496,"{""WZ"": 0.007781394607847429, ""ZZ"": 0.004374170134363519, ""conversion"": 0.0, ""nonprompt"": 0.11684326082468033, ""others"": 0.007956910473285483, ""tZq"": 0.0024209357435881823, ""ttH"": 0.0030642268536122323, ""ttW"": 0.0018060263095526444, ""ttZ"": 0.06991489566641974}",0.05356576224259233,0.003143230066053372,0.002906193470464135,0.05830608865736602,True
2018,SR3Mu,MHc160_MA155,405.0,pt_selected >= 405,0.022483183370665204,0.2149947085395525,"{""WZ"": 0.007781394607847429, ""ZZ"": 0.004374170134363519, ""conversion"": 0.0, ""nonprompt"": 0.11684326082468033, ""others"": 0.008267271970137463, ""tZq"": 0.003463871783845011, ""ttH"": 0.0030642268536122323, ""ttW"": 0.0018060263095526444, ""ttZ"": 0.06939448605551382}",0.04848907696277633,0.002850858474716474,0.00291749582793302,0.052780139812095346,True
2018,SR3Mu,MHc160_MA155,410.0,pt_selected >= 410,0.01910745271622622,0.20560190234440065,"{""WZ"": 0.007781394607847429, ""ZZ"": 0.0035977200952990165, ""conversion"": 0.0, ""nonprompt"": 0.11684326082468033, ""others"": 0.00816811854897002, ""tZq"": 0.004728193238973125, ""ttH"": 0.0030642268536122323, ""ttW"": 0.0018060263095526444, ""ttZ"": 0.05961296186546585}",0.04213948553843755,0.0024228172055639897,0.0027900346775024385,0.04586863841594475,True
2018,SR3Mu,MHc160_MA155,415.0,pt_selected >= 415,0.01833705237641739,0.2004552093685057,"{""WZ"": 0.007781394607847429, ""ZZ"": 0.0029761142749834602, ""conversion"": 0.0, ""nonprompt"": 0.11684326082468033, ""others"": 0.006726995114495932, ""tZq"": 0.0035607559259381, ""ttH"": 0.0030642268536122323, ""ttW"": 0.0018060263095526444, ""ttZ"": 0.05769643545739556}",0.04095631286841683,0.0023251307569210422,0.002720193631707289,0.044580760344075425,True
2018,SR3Mu,MHc160_MA155,420.0,pt_selected >= 420,0.01682588885677464,0.1932231684213001,"{""WZ"": 0.007781394607847429, ""ZZ"": 0.0029761142749834602, ""conversion"": 0.0, ""nonprompt"": 0.11684326082468033, ""others"": 0.006653774140189727, ""tZq"": -2.6412453926436983e-05, ""ttH"": 0.0030642268536122323, ""ttW"": 0.0018060263095526444, ""ttZ"": 0.0541247838643607}",0.03827792756124041,0.002133515839423332,0.002622054242909116,0.041665350114840585,True
2018,SR3Mu,MHc160_MA155,425.0,pt_selected >= 425,0.015080422276967768,0.18577726070386436,"{""WZ"": 0.007781394607847429, ""ZZ"": 0.0029761142749834602, ""conversion"": 0.0, ""nonprompt"": 0.11684326082468033, ""others"": 0.005666901509458286, ""tZq"": 0.0004836585849114616, ""ttH"": 0.0030642268536122323, ""ttW"": 0.0018060263095526444, ""ttZ"": 0.047155677738818506}",0.034987847524961,0.001912191389529403,0.0025210126644983773,0.038084112954126684,True
2018,SR3Mu,MHc160_MA155,430.0,pt_selected >= 430,0.012843056337609134,0.18864140111866945,"{""WZ"": 0.007781394607847429, ""ZZ"": 0.0029761142749834602, ""conversion"": 0.0, ""nonprompt"": 0.11684326082468033, ""others"": 0.005349379546116488, ""tZq"": 0.0006189857612393351, ""ttH"": 0.0030642268536122323, ""ttW"": 0.0018060263095526444, ""ttZ"": 0.050202012940637496}",0.029569901708586123,0.0016284943016168104,0.0025598792848332257,0.032186703566397024,True
2018,SR3Mu,MHc160_MA155,435.0,pt_selected >= 435,0.01179003011751001,0.18648706227072123,"{""WZ"": 0.007781394607847429, ""ZZ"": 0.0029761142749834602, ""conversion"": 0.0, ""nonprompt"": 0.11684326082468033, ""others"": 0.005071472746076435, ""tZq"": 0.0006189857612393351, ""ttH"": 0.0030642268536122323, ""ttW"": 0.0018060263095526444, ""ttZ"": 0.048325580892729335}",0.02730175472580309,0.0014949710067089764,0.00253064472997586,0.02971783588806256,True
2018,SR3Mu,MHc160_MA155,440.0,pt_selected >= 440,0.010152110704412071,0.18099194402017385,"{""WZ"": 0.007781394607847429, ""ZZ"": 0.0029761142749834602, ""conversion"": 0.0, ""nonprompt"": 0.11684326082468033, ""others"": 0.004090019485618302, ""tZq"": 0.0018994371478963674, ""ttH"": 0.0030642268536122323, ""ttW"": 0.0018060263095526444, ""ttZ"": 0.04253146451598309}",0.023863092380361738,0.0012872834936575389,0.0024560755246271562,0.025974867559374653,True
2018,SR3Mu,MHc160_MA155,445.0,pt_selected >= 445,0.008984012825250517,0.17951749249921986,"{""WZ"": 0.007781394607847429, ""ZZ"": 0.0018866900950545616, ""conversion"": 0.0, ""nonprompt"": 0.11684326082468033, ""others"": 0.004090019485618302, ""tZq"": 0.002953928171156176, ""ttH"": 0.0030642268536122323, ""ttW"": 0.0018060263095526444, ""ttZ"": 0.041091946151698165}",0.02120396001250949,0.0011391691593479695,0.0024360670965588842,0.023080414067058186,True
2018,SR3Mu,MHc160_MA155,450.0,pt_selected >= 450,0.008385286295779565,0.17692502637037558,"{""WZ"": 0.007781394607847429, ""ZZ"": 0.0018866900950545616, ""conversion"": 0.0, ""nonprompt"": 0.11684326082468033, ""others"": 0.004090019485618302, ""tZq"": 0.002953928171156176, ""ttH"": 0.0030642268536122323, ""ttW"": 0.0018060263095526444, ""ttZ"": 0.038499480022853895}",0.01993532226477632,0.0010632508797858815,0.0024008871185662193,0.021699507646676938,True
2018,SR3Mu,MHc160_MA155,455.0,pt_selected >= 455,0.007966750484981388,0.1695118953510136,"{""WZ"": 0.007781394607847429, ""ZZ"": 0.0018866900950545616, ""conversion"": 0.0, ""nonprompt"": 0.11684326082468033, ""others"": 0.003711217780396858, ""tZq"": 0.002953928171156176, ""ttH"": 0.0030642268536122323, ""ttW"": 0.0018060263095526444, ""ttZ"": 0.03146515070871337}",0.01935000695916313,0.0010101807098052767,0.0023002903226365624,0.02106239459772904,True
2018,SR3Mu,MHc160_MA155,460.0,pt_selected >= 460,0.007771644274140286,0.21454024110964587,"{""WZ"": 0.05653445754599466, ""ZZ"": 0.0018866900950545616, ""conversion"": 0.0, ""nonprompt"": 0.11684326082468033, ""others"": 0.0032023568847619364, ""tZq"": 0.002953928171156176, ""ttH"": 0.0030642268536122323, ""ttW"": 0.0018060263095526444, ""ttZ"": 0.02824929442483329}",0.016778708597641676,0.0009854413219047226,0.0029113286676354906,0.01826354802195493,True
2018,SR3Mu,MHc160_MA155,465.0,pt_selected >= 465,0.006831933195010392,0.09100282193321547,"{""WZ"": 0.05653445754599466, ""ZZ"": 0.0018866900950545616, ""conversion"": 0.0, ""nonprompt"": 0.0, ""others"": 0.0032023568847619364, ""tZq"": 0.0013331667502770334, ""ttH"": 0.0030642268536122323, ""ttW"": -7.537193993136264e-05, ""ttZ"": 0.025057295743446412}",0.02264728686480861,0.0008662863406213421,0.0012349157573403426,0.024651468783512768,True
2018,SR3Mu,MHc160_MA155,470.0,pt_selected >= 470,0.0064109292270513665,0.08835137670508025,"{""WZ"": 0.05653445754599466, ""ZZ"": 0.0018866900950545616, ""conversion"": 0.0, ""nonprompt"": 0.0, ""others"": 0.0032023568847619364, ""tZq"": -0.0013318379747513055, ""ttH"": 0.0030642268536122323, ""ttW"": -7.537193993136264e-05, ""ttZ"": 0.025070855240339543}",0.02156822085493922,0.0008129032093201388,0.0011989354281330574,0.023476910337883714,True
2018,SR3Mu,MHc160_MA155,475.0,pt_selected >= 475,0.0061909347483276155,0.08350944661259607,"{""WZ"": 0.05653445754599466, ""ZZ"": 0.0018866900950545616, ""conversion"": 0.0, ""nonprompt"": 0.0, ""others"": 0.0032023568847619364, ""tZq"": -0.0013318379747513055, ""ttH"": 0.0030642268536122323, ""ttW"": -7.537193993136264e-05, ""ttZ"": 0.02022892514785536}",0.02142340133588353,0.0007850079992104024,0.0011332300396612888,0.02331927494983235,True
2018,SR3Mu,MHc160_MA155,480.0,pt_selected >= 480,0.005975435123087438,0.08168381716158876,"{""WZ"": 0.05653445754599466, ""ZZ"": 0.0008219616435564572, ""conversion"": 0.0, ""nonprompt"": 0.0, ""others"": 0.0022192156674799976, ""tZq"": -0.0013318379747513055, ""ttH"": 0.0030642268536122323, ""ttW"": -7.537193993136264e-05, ""ttZ"": 0.020451165365628094}",0.02090747197115043,0.0007576827346877741,0.00110845609827991,0.022757688182060243,True
2018,SR3Mu,MHc160_MA155,485.0,pt_selected >= 485,0.005761876078685295,0.07937635202142378,"{""WZ"": 0.05653445754599466, ""ZZ"": 0.0008219616435564572, ""conversion"": 0.0, ""nonprompt"": 0.0, ""others"": 0.0020653836308183924, ""tZq"": -0.0013318379747513055, ""ttH"": 0.0030642268536122323, ""ttW"": -7.537193993136264e-05, ""ttZ"": 0.018297532262124716}",0.02045117880427437,0.0007306035350233456,0.0010771436070783245,0.0222610151445118,True
2018,SR3Mu,MHc160_MA155,490.0,pt_selected >= 490,0.00549710188002827,0.07455462403405566,"{""WZ"": 0.05653445754599466, ""ZZ"": 0.0008219616435564572, ""conversion"": 0.0, ""nonprompt"": 0.0, ""others"": 0.0020653836308183924, ""tZq"": -0.0013318379747513055, ""ttH"": 0.0030642268536122323, ""ttW"": -7.537193993136264e-05, ""ttZ"": 0.013475804274756593}",0.02013244372261346,0.0006970302747032564,0.001011712362829881,0.021914073457294347,True
2018,SR3Mu,MHc160_MA155,495.0,pt_selected >= 495,0.005041163241987478,0.07417053901936495,"{""WZ"": 0.05653445754599466, ""ZZ"": 0.0008219616435564572, ""conversion"": 0.0, ""nonprompt"": 0.0, ""others"": 0.0020653836308183924, ""tZq"": -0.00018430721312359287, ""ttH"": 0.0015326110772937945, ""ttW"": -7.537193993136264e-05, ""ttZ"": 0.013475804274756593}",0.018510367590107688,0.0006392174414945389,0.0010065002976793306,0.020148450962041646,True
2018,SR3Mu,MHc160_MA155,500.0,pt_selected >= 500,0.005041163241987478,0.07404890090135904,"{""WZ"": 0.05653445754599466, ""ZZ"": 0.0008219616435564572, ""conversion"": 0.0, ""nonprompt"": 0.0, ""others"": 0.0020653836308183924, ""tZq"": 0.001013985209071963, ""ttH"": 0.0015326110772937945, ""ttW"": -7.537193993136264e-05, ""ttZ"": 0.012155873734555143}",0.018525564590750773,0.0006392174414945389,0.001004849658441693,0.020164992828146506,True
