{
  "syst": "bjet",
  "observed": 35.81544735003263,
  "expected": 58.68303961236961,
  "difference": -0.3896797509704456,
  "max_bin_difference": 7.740149469981863,
  "max_bin_difference_bin": 64,
  "max_bin_difference_filtered": 0.5763382535087019,
  "max_bin_difference_filtered_bin": 12,
  "snr_threshold": 3.0,
  "mass_range_min": 10.0,
  "mass_range_max": 160.0,
  "percentile_68_difference": 0.38667993056285205,
  "percentile_95_difference": 0.5062513665119481,
  "rms_bin_difference": 0.3514459844541322,
  "chi2": 36.65613514014816,
  "ndf": 9,
  "chi2_per_ndf": 4.072903904460906,
  "p_value": 3.0308233566574087e-05,
  "closure_uncertainty_scale": 4.1000000000000005,
  "recommended_systematic_pct": 310.00000000000006
}