{
  "hyperparameters": {
    "signal": "MHc100_MA95",
    "channel": "Combined",
    "iteration": 1,
    "model_idx": 14,
    "num_hidden": 128,
    "optimizer": "Adam",
    "initial_lr": 0.0009,
    "weight_decay": 3e-05,
    "scheduler": "CyclicLR",
    "pilot_mode": false,
    "num_classes": 4,
    "model_type": "ParticleNet",
    "num_node_features": 9,
    "num_graph_features": 4,
    "dropout_p": 0.4,
    "batch_size": 1024,
    "train_folds": [
      0,
      1,
      2
    ],
    "valid_folds": [
      3
    ]
  },
  "training_summary": {
    "best_epoch": 56,
    "best_train_loss": 0.8754166096865176,
    "best_valid_loss": 0.905937857453892,
    "best_train_acc": 0.6408218217678374,
    "best_valid_acc": 0.6267071064965354,
    "total_epochs": 64
  },
  "epoch_history": {
    "train_loss": [
      1.166845989003933,
      0.9805618787433238,
      0.9635956111615149,
      0.9581949263001747,
      0.9585931920376677,
      0.9412147133043819,
      0.9394519891020827,
      0.9384141370061835,
      0.9303368980699378,
      0.9294017193424814,
      0.9324762504615138,
      0.9271746372182283,
      0.921388522768057,
      0.915277581786645,
      0.9092296363475362,
      0.906981317905338,
      0.9042200564059683,
      0.9018454926415685,
      0.9088290723965257,
      0.9050325121873296,
      0.900373349359888,
      0.8956996487044003,
      0.8957057093951647,
      0.8924813218475572,
      0.8902058200632217,
      0.8930246263334435,
      0.8938485704399646,
      0.897400640800833,
      0.8964693118197182,
      0.89249962985663,
      0.8863172531458564,
      0.885919519369612,
      0.883311719339017,
      0.8864085261488927,
      0.8878837435216326,
      0.8961638681034276,
      0.8876079007769329,
      0.88690353450703,
      0.8855942675783319,
      0.8804283381432362,
      0.8797302378016848,
      0.8801931893209174,
      0.8839890826994475,
      0.8984581926908153,
      0.8897400738371024,
      0.8848123185578424,
      0.8836836704779139,
      0.8808401681137406,
      0.8771720511202968,
      0.8789530117309676,
      0.8892085963285892,
      0.8929595091271711,
      0.8874028537270046,
      0.8825173599038142,
      0.8820947466840237,
      0.8769138057229129,
      0.8754166096865176,
      0.8790546231221453,
      0.881908560133135,
      0.8835479295416224,
      0.8864775389237511,
      0.8870211044197256,
      0.880014050115884,
      0.8786197640204689
    ],
    "valid_loss": [
      1.20453623576048,
      1.012449292029006,
      0.9953183486435816,
      0.9923925926949827,
      0.9952143139028956,
      0.9728638145106823,
      0.9741586308740969,
      0.973079975670442,
      0.9637712334024287,
      0.9631308789845953,
      0.9669907256598974,
      0.962046915557795,
      0.9550353998431386,
      0.948673284134268,
      0.940353718282578,
      0.9386964244114115,
      0.9363327829632438,
      0.9339992678970358,
      0.9440063060986079,
      0.9366856574734187,
      0.9321103128408377,
      0.926693797050026,
      0.9284443354741896,
      0.9243373555617187,
      0.9231177794888675,
      0.9256665285807791,
      0.9250996407685564,
      0.9263795027111473,
      0.9282475380541121,
      0.9261196175739652,
      0.9177543837402924,
      0.9177597524435798,
      0.9159242967350625,
      0.9178672027297038,
      0.9197816511494685,
      0.9304358371345134,
      0.9201952304420491,
      0.9200829372962475,
      0.9184519693102046,
      0.9131910004886425,
      0.9114641451299373,
      0.9109960606544452,
      0.9150549891369658,
      0.929653032649441,
      0.9213806731310653,
      0.9168703459341753,
      0.9158888987431124,
      0.9112032281519188,
      0.9087425456745211,
      0.9085169997418546,
      0.9228627671520273,
      0.9238883574042679,
      0.9188368290898682,
      0.9127663502504871,
      0.9140104598747522,
      0.9079853552566647,
      0.905937857453892,
      0.9103425395300808,
      0.9121329566093789,
      0.9175660644042618,
      0.9216415111512748,
      0.9213821613531703,
      0.9120203436117378,
      0.911314344116345
    ],
    "train_acc": [
      0.5193494456728583,
      0.585770472352982,
      0.5962984506575653,
      0.5998501506198141,
      0.6018147568896045,
      0.605670778215213,
      0.6075564150172963,
      0.6085637572517084,
      0.6115665231091628,
      0.612207909273712,
      0.6100314337003166,
      0.6118400271192709,
      0.6174699723414254,
      0.6187970446158232,
      0.6228591569913018,
      0.623951246947156,
      0.6249354761666295,
      0.6264590090680062,
      0.6244520289374947,
      0.6254709276793763,
      0.6288473539450065,
      0.6301821305577171,
      0.6298989961247178,
      0.631963758792576,
      0.6336625653905714,
      0.6315092028321148,
      0.6314668289713938,
      0.6295445965623242,
      0.6308543340755179,
      0.6336895305746666,
      0.6349780811574998,
      0.6355212370085596,
      0.6369388352581339,
      0.6354653805557909,
      0.6346679815404054,
      0.630871668836722,
      0.6353421111427845,
      0.6341132691818763,
      0.6360066103222725,
      0.6380887077513347,
      0.6386434201098639,
      0.6384199942987896,
      0.636343675123462,
      0.6284563587756266,
      0.6330770356787907,
      0.6364688706210467,
      0.6361125449740749,
      0.638210051079763,
      0.6394408191252494,
      0.6392867323589914,
      0.6333428353505859,
      0.6314668289713938,
      0.635609836899158,
      0.6376418561291863,
      0.6378999514626686,
      0.6399974575683567,
      0.6408218217678374,
      0.6390267109409309,
      0.6377612733730363,
      0.6386472722790203,
      0.6357716280037289,
      0.635176467869057,
      0.6381445642041034,
      0.6391249412544203
    ],
    "valid_acc": [
      0.5056847487273788,
      0.5751463234139887,
      0.5839873971251093,
      0.5870596281927657,
      0.5877660170878838,
      0.5923351198618617,
      0.5929462023187496,
      0.593198484067006,
      0.5960072208642612,
      0.5973190859551948,
      0.5944038301975646,
      0.5952111317919853,
      0.6018433386405938,
      0.6020675890834885,
      0.6079765882537618,
      0.6087838898481824,
      0.6091034467293073,
      0.6109927567106945,
      0.6085091830556365,
      0.6111609445428655,
      0.6143060570044626,
      0.6155450407014554,
      0.6148722893727715,
      0.6177539075639674,
      0.6188078846455721,
      0.6162682483797906,
      0.6168569057923889,
      0.6153376090417778,
      0.6164084049065996,
      0.6188695535173682,
      0.6201926311304465,
      0.6204056690511964,
      0.6217343529253471,
      0.6205346130558608,
      0.619772161550019,
      0.6156964097504093,
      0.6199795932096966,
      0.6179613392236449,
      0.6209999327248671,
      0.6221996725943534,
      0.6233545623752607,
      0.6237470006503263,
      0.6216951090978404,
      0.613055860785325,
      0.6183425649765658,
      0.6216502590092615,
      0.620798107326262,
      0.6234442625524186,
      0.624554302244747,
      0.6249243154755231,
      0.6175352633821451,
      0.6173390442446124,
      0.6205906756665844,
      0.6228219675733859,
      0.6229621241001951,
      0.6257484358531608,
      0.6267071064965354,
      0.6237974569999776,
      0.6233377435920436,
      0.6237470006503263,
      0.6198898930325387,
      0.6199291368600452,
      0.6235339627295764,
      0.6229733366223398
    ],