{
  "hyperparameters": {
    "signal": "MHc160_MA98",
    "channel": "Combined",
    "iteration": 1,
    "model_idx": 10,
    "num_hidden": 128,
    "optimizer": "RMSprop",
    "initial_lr": 0.0017,
    "weight_decay": 3e-05,
    "scheduler": "ExponentialLR",
    "pilot_mode": false,
    "num_classes": 4,
    "model_type": "ParticleNet",
    "num_node_features": 9,
    "num_graph_features": 4,
    "dropout_p": 0.4,
    "batch_size": 256,
    "train_folds": [
      0,
      1,
      2
    ],
    "valid_folds": [
      3
    ],
    "loss_type": "disco",
    "disco_lambda": 0.05
  },
  "training_summary": {
    "best_epoch": 1,
    "best_train_loss": 0.7425343429426292,
    "best_valid_loss": 0.720336591693717,
    "best_train_acc": 0.5089184790849686,
    "best_valid_acc": 0.5295384153723717,
    "total_epochs": 9
  },
  "epoch_history": {
    "train_loss": [
      0.7694817540131079,
      0.7425343429426292,
      0.7420296619728344,
      0.7412429206639438,
      0.7405828504939209,
      0.740178868256079,
      0.7398658636493161,
      0.7405119087196048,
      0.7384623147796353
    ],
    "valid_loss": [
      0.7426386013836928,
      0.720336591693717,
      0.7373926941777619,
      0.7261940862091494,
      0.7299680038237236,
      0.7234295052541814,
      0.7204921883596501,
      0.7458745392275529,
      0.7278663205428862
    ],
    "train_acc": [
      0.4875399246811867,
      0.5089184790849686,
      0.5118252709507942,
      0.511382594704628,
      0.5097787827253342,
      0.5099681168794632,
      0.5122624337673187,
      0.5118684396147728,
      0.5145134925842285
    ],
    "valid_acc": [
      0.5269725620746613,
      0.5295384153723717,
      0.5138968378305435,
      0.5314126387238503,
      0.5159073993563652,
      0.5191925093531609,
      0.5270881168544292,
      0.5108704064041376,
      0.5325798392295837
    ],
    "epoch": [
      0,
      1,
      2,
      3,
      4,
      5,
      6,
      7,
      8
    ],
    "timestamp": [
      1767009071.5413842,
      1767009431.8647802,
      1767009791.824397,
      1767010151.866746,
      1767010512.191994,
      1767010872.0019321,
      1767011231.784317,
      1767011588.098562,
      1767011908.8920813
    ],
    "train_ce_loss": [
      0.7384046739901453,
      0.7123677505367071,
      0.7120954687109834,
      0.7111910623982323,
      0.7102331257337495,
      0.7098720163559841,
      0.709852007511539,
      0.7103951873387971,
      0.7086207293268395
    ],
    "valid_ce_loss": [
      0.7120772780666889,
      0.6902916499636542,
      0.7075104237547223,
      0.696044141820199,
      0.7002059634197766,
      0.6947572337804546,
      0.6920069870604596,
      0.7153325579325918,
      0.69732202537043
    ],
    "train_disco_term": [
      0.6215417144508709,
      0.6033325445144735,
      0.5986837097576686,
      0.6010374552210775,
      0.6069945259478317,
      0.6061368197836774,
      0.6002760900190174,
      0.6023349969401548,
      0.5968332635233106
    ],
    "valid_disco_term": [
      0.6112267211289473,
      0.6008992434387476,
      0.5976450399193965,
      0.6029988980629075,
      0.5952403780964899,
      0.5734450424640951,
      0.5697038910863265,
      0.6108398644227377,
      0.6108856129814202
    ]
  }
}