{
  "hyperparameters": {
    "signal": "MHc160_MA98",
    "channel": "Combined",
    "iteration": 1,
    "model_idx": 9,
    "num_hidden": 128,
    "optimizer": "RMSprop",
    "initial_lr": 0.0005,
    "weight_decay": 0.00071,
    "scheduler": "ExponentialLR",
    "pilot_mode": false,
    "num_classes": 4,
    "model_type": "ParticleNet",
    "num_node_features": 9,
    "num_graph_features": 4,
    "dropout_p": 0.4,
    "batch_size": 256,
    "train_folds": [
      0,
      1,
      2
    ],
    "valid_folds": [
      3
    ],
    "loss_type": "disco",
    "disco_lambda": 0.05
  },
  "training_summary": {
    "best_epoch": 1,
    "best_train_loss": 0.7348924445526216,
    "best_valid_loss": 0.7191194883534606,
    "best_train_acc": 0.5154513716697693,
    "best_valid_acc": 0.5250248797237873,
    "total_epochs": 9
  },
  "epoch_history": {
    "train_loss": [
      0.7578942759783435,
      0.7348924445526216,
      0.7330460290416033,
      0.7340008489266717,
      0.7331378229483283,
      0.7338368517287234,
      0.7333975470174772,
      0.7325921055756079,
      0.7309066447805851
    ],
    "valid_loss": [
      0.7261496530452245,
      0.7191194883534606,
      0.7298995541854644,
      0.745269667934364,
      0.73615893511705,
      0.7292351521236796,
      0.7206223716198559,
      0.7397920850297095,
      0.7325530790946853
    ],
    "train_acc": [
      0.4960220828652382,
      0.5154513716697693,
      0.5164031684398651,
      0.5170106291770935,
      0.516614057123661,
      0.5169819220900536,
      0.5175826177001,
      0.5174547433853149,
      0.52003613114357
    ],
    "valid_acc": [
      0.5198379084467888,
      0.5250248797237873,
      0.5286671966314316,
      0.49557625874876976,
      0.5161281526088715,
      0.5209182500839233,
      0.5268106907606125,
      0.510052103549242,
      0.518940020352602
    ],
    "epoch": [
      0,
      1,
      2,
      3,
      4,
      5,
      6,
      7,
      8
    ],
    "timestamp": [
      1767009029.3209548,
      1767009390.5946515,
      1767009752.6302419,
      1767010113.9140642,
      1767010475.1872957,
      1767010836.7829666,
      1767011197.5234497,
      1767011556.9900513,
      1767011881.2945113
    ],
    "train_ce_loss": [
      0.7276836072239108,
      0.7049408974980873,
      0.7035852206061314,
      0.7042997464764083,
      0.7033100998872681,
      0.7043125994299683,
      0.7040879272581234,
      0.7033086521828428,
      0.7015844727359645
    ],
    "valid_ce_loss": [
      0.6970952142187408,
      0.690757112603792,
      0.7007876900614987,
      0.716117264991495,
      0.7059696302552458,
      0.7000998395534468,
      0.6931419271818349,
      0.7109993299023366,
      0.7035113595635958
    ],
    "train_disco_term": [
      0.6042131993002442,
      0.5990317757006475,
      0.5892153154390561,
      0.5940220765610958,
      0.5965546884254119,
      0.5904848617985619,
      0.586193443286745,
      0.5856701240894643,
      0.586443461328292
    ],
    "valid_disco_term": [
      0.581088261022954,
      0.5672476321039065,
      0.5822370815235125,
      0.5830479750121144,
      0.6037860801312286,
      0.5827064981133165,
      0.5496088907542364,
      0.5758547091882833,
      0.5808340357223027
    ]
  }
}