{
  "Central": {
    "ptcorr_10to15_EB1": 16398.71099483967,
    "ptcorr_10to15_EB2": 12034.336969077587,
    "ptcorr_10to15_EE": 13127.34288406372,
    "ptcorr_15to20_EB1": 10819.33609521389,
    "ptcorr_15to20_EB2": 7267.931923091412,
    "ptcorr_15to20_EE": 8724.132707118988,
    "ptcorr_20to30_EB1": 13531.47220814228,
    "ptcorr_20to30_EB2": 10173.194020092487,
    "ptcorr_20to30_EE": 10619.086410045624,
    "ptcorr_30to50_EB1": 14729.624083518982,
    "ptcorr_30to50_EB2": 10938.589755892754,
    "ptcorr_30to50_EE": 10694.92070555687,
    "ptcorr_50to100_EB1": 5395.7112401127815,
    "ptcorr_50to100_EB2": 4207.353186309338,
    "ptcorr_50to100_EE": 3877.1312572956085
  },
  "MotherJetPt_Up": {
    "ptcorr_10to15_EB1": 4717.903743863106,
    "ptcorr_10to15_EB2": 3492.1015627384186,
    "ptcorr_10to15_EE": 4258.491508126259,
    "ptcorr_15to20_EB1": 3540.0895882844925,
    "ptcorr_15to20_EB2": 2356.681856930256,
    "ptcorr_15to20_EE": 3038.4980145692825,
    "ptcorr_20to30_EB1": 3421.7466474175453,
    "ptcorr_20to30_EB2": 2951.47550290823,
    "ptcorr_20to30_EE": 3302.4110476970673,
    "ptcorr_30to50_EB1": 3783.4343207478523,
    "ptcorr_30to50_EB2": 3012.058810710907,
    "ptcorr_30to50_EE": 3285.5939433574677,
    "ptcorr_50to100_EB1": 3131.6886832118034,
    "ptcorr_50to100_EB2": 2645.7220247983932,
    "ptcorr_50to100_EE": 2562.5956778526306
  },
  "MotherJetPt_Down": {
    "ptcorr_10to15_EB1": 100434.36623001099,
    "ptcorr_10to15_EB2": 72187.73672145605,
    "ptcorr_10to15_EE": 71126.64709842205,
    "ptcorr_15to20_EB1": 65800.13013875484,
    "ptcorr_15to20_EB2": 45564.333819031715,
    "ptcorr_15to20_EE": 45571.53728163242,
    "ptcorr_20to30_EB1": 71046.80858278275,
    "ptcorr_20to30_EB2": 49450.42469805479,
    "ptcorr_20to30_EE": 46011.92680424452,
    "ptcorr_30to50_EB1": 36475.717791199684,
    "ptcorr_30to50_EB2": 25552.87401330471,
    "ptcorr_30to50_EE": 24416.711467564106,
    "ptcorr_50to100_EB1": 6821.418167233467,
    "ptcorr_50to100_EB2": 5344.356574952602,
    "ptcorr_50to100_EE": 5156.057715535164
  },
  "RequireHeavyTag": {
    "ptcorr_10to15_EB1": 1120.5239771604538,
    "ptcorr_10to15_EB2": 710.6854158043861,
    "ptcorr_10to15_EE": 539.5383639335632,
    "ptcorr_15to20_EB1": 628.0573642253876,
    "ptcorr_15to20_EB2": 425.7418088912964,
    "ptcorr_15to20_EE": 297.72539377212524,
    "ptcorr_20to30_EB1": 935.2274846434593,
    "ptcorr_20to30_EB2": 632.5863598585129,
    "ptcorr_20to30_EE": 464.6941339969635,
    "ptcorr_30to50_EB1": 822.6589286923409,
    "ptcorr_30to50_EB2": 346.5043020248413,
    "ptcorr_30to50_EE": 281.4484316110611,
    "ptcorr_50to100_EB1": 236.90255427360535,
    "ptcorr_50to100_EB2": 148.4053876399994,
    "ptcorr_50to100_EE": 166.6862530708313
  },
  "L1Prefire_Up": {
    "ptcorr_10to15_EB1": 16344.852585554123,
    "ptcorr_10to15_EB2": 11997.013188183308,
    "ptcorr_10to15_EE": 13054.751494944096,
    "ptcorr_15to20_EB1": 10779.06396561861,
    "ptcorr_15to20_EB2": 7246.026636123657,
    "ptcorr_15to20_EE": 8666.564296901226,
    "ptcorr_20to30_EB1": 13472.470600128174,
    "ptcorr_20to30_EB2": 10143.529545903206,
    "ptcorr_20to30_EE": 10552.765805721283,
    "ptcorr_30to50_EB1": 14664.463325023651,
    "ptcorr_30to50_EB2": 10910.105511963367,
    "ptcorr_30to50_EE": 10637.763972043991,
    "ptcorr_50to100_EB1": 5372.682041764259,
    "ptcorr_50to100_EB2": 4195.522371649742,
    "ptcorr_50to100_EE": 3855.9411637187004
  },
  "L1Prefire_Down": {
    "ptcorr_10to15_EB1": 16427.02367937565,
    "ptcorr_10to15_EB2": 12061.58453053236,
    "ptcorr_10to15_EE": 13193.63639420271,
    "ptcorr_15to20_EB1": 10853.474846065044,
    "ptcorr_15to20_EB2": 7286.557176589966,
    "ptcorr_15to20_EE": 8778.860173225403,
    "ptcorr_20to30_EB1": 13583.424388051033,
    "ptcorr_20to30_EB2": 10197.86011582613,
    "ptcorr_20to30_EE": 10682.606647372246,
    "ptcorr_30to50_EB1": 14787.412936151028,
    "ptcorr_30to50_EB2": 10961.747842252254,
    "ptcorr_30to50_EE": 10748.343602180481,
    "ptcorr_50to100_EB1": 5416.171961545944,
    "ptcorr_50to100_EB2": 4217.026402115822,
    "ptcorr_50to100_EE": 3897.107102096081
  },
  "PileupReweight_Up": {
    "ptcorr_10to15_EB1": 15915.234112620354,
    "ptcorr_10to15_EB2": 11732.9905667305,
    "ptcorr_10to15_EE": 12568.731337428093,
    "ptcorr_15to20_EB1": 10698.896922290325,
    "ptcorr_15to20_EB2": 6980.091849327087,
    "ptcorr_15to20_EE": 8512.82776081562,
    "ptcorr_20to30_EB1": 13121.11123239994,
    "ptcorr_20to30_EB2": 9906.246458530426,
    "ptcorr_20to30_EE": 10169.041839778423,
    "ptcorr_30to50_EB1": 14325.84830468893,
    "ptcorr_30to50_EB2": 10564.039940059185,
    "ptcorr_30to50_EE": 10348.812926113605,
    "ptcorr_50to100_EB1": 5232.394410401583,
    "ptcorr_50to100_EB2": 4042.071364700794,
    "ptcorr_50to100_EE": 3737.693983197212
  },
  "PileupReweight_Down": {
    "ptcorr_10to15_EB1": 16914.76875090599,
    "ptcorr_10to15_EB2": 12389.852437734604,
    "ptcorr_10to15_EE": 13630.8448189497,
    "ptcorr_15to20_EB1": 10973.975890398026,
    "ptcorr_15to20_EB2": 7552.526017546654,
    "ptcorr_15to20_EE": 8950.24159002304,
    "ptcorr_20to30_EB1": 13939.937688827515,
    "ptcorr_20to30_EB2": 10444.907638907433,
    "ptcorr_20to30_EE": 11063.020567297935,
    "ptcorr_30to50_EB1": 15133.891263484955,
    "ptcorr_30to50_EB2": 11326.444894313812,
    "ptcorr_30to50_EE": 11033.97209239006,
    "ptcorr_50to100_EB1": 5562.871129095554,
    "ptcorr_50to100_EB2": 4376.69765329361,
    "ptcorr_50to100_EE": 4018.587310194969
  },
  "PileupJetIDSF_Up": {
    "ptcorr_10to15_EB1": 16422.41331475973,
    "ptcorr_10to15_EB2": 12051.339241147041,
    "ptcorr_10to15_EE": 13149.083509147167,
    "ptcorr_15to20_EB1": 10832.153242766857,
    "ptcorr_15to20_EB2": 7278.923359751701,
    "ptcorr_15to20_EE": 8740.352299153805,
    "ptcorr_20to30_EB1": 13552.05215537548,
    "ptcorr_20to30_EB2": 10189.731676995754,
    "ptcorr_20to30_EE": 10639.546975493431,
    "ptcorr_30to50_EB1": 14745.964085936546,
    "ptcorr_30to50_EB2": 10951.285353064537,
    "ptcorr_30to50_EE": 10711.534220457077,
    "ptcorr_50to100_EB1": 5398.069217264652,
    "ptcorr_50to100_EB2": 4210.117178916931,
    "ptcorr_50to100_EE": 3878.881687283516
  },
  "PileupJetIDSF_Down": {
    "ptcorr_10to15_EB1": 16375.002706170082,
    "ptcorr_10to15_EB2": 12017.336814939976,
    "ptcorr_10to15_EE": 13105.60913336277,
    "ptcorr_15to20_EB1": 10806.524198949337,
    "ptcorr_15to20_EB2": 7256.9445461034775,
    "ptcorr_15to20_EE": 8707.914223134518,
    "ptcorr_20to30_EB1": 13510.906079411507,
    "ptcorr_20to30_EB2": 10156.659217000008,
    "ptcorr_20to30_EE": 10598.632219672203,
    "ptcorr_30to50_EB1": 14713.286951303482,
    "ptcorr_30to50_EB2": 10925.901006639004,
    "ptcorr_30to50_EE": 10678.311774492264,
    "ptcorr_50to100_EB1": 5393.353325068951,
    "ptcorr_50to100_EB2": 4204.589520096779,
    "ptcorr_50to100_EE": 3875.3809047937393
  },
  "JetEn_Up": {
    "ptcorr_10to15_EB1": 18066.130733668804,
    "ptcorr_10to15_EB2": 13617.69459336996,
    "ptcorr_10to15_EE": 14436.641082048416,
    "ptcorr_15to20_EB1": 11601.068443715572,
    "ptcorr_15to20_EB2": 8482.249489426613,
    "ptcorr_15to20_EE": 9827.692649185658,
    "ptcorr_20to30_EB1": 14915.210394084454,
    "ptcorr_20to30_EB2": 11118.599551141262,
    "ptcorr_20to30_EE": 11972.056247711182,
    "ptcorr_30to50_EB1": 16025.249032497406,
    "ptcorr_30to50_EB2": 11919.425950467587,
    "ptcorr_30to50_EE": 11591.080550074577,
    "ptcorr_50to100_EB1": 5616.541646301746,
    "ptcorr_50to100_EB2": 4079.9396708607674,
    "ptcorr_50to100_EE": 4028.428344666958
  },
  "JetEn_Down": {
    "ptcorr_10to15_EB1": 13997.703810214996,
    "ptcorr_10to15_EB2": 10755.322313547134,
    "ptcorr_10to15_EE": 11717.584536671638,
    "ptcorr_15to20_EB1": 9368.997131168842,
    "ptcorr_15to20_EB2": 6534.399973809719,
    "ptcorr_15to20_EE": 8023.40935921669,
    "ptcorr_20to30_EB1": 11663.228504657745,
    "ptcorr_20to30_EB2": 9224.34048640728,