{
  "hyperparameters": {
    "signal": "MHc130_MA90",
    "channel": "Combined",
    "iteration": 3,
    "model_idx": 9,
    "num_hidden": 192,
    "optimizer": "Adam",
    "initial_lr": 0.0005,
    "weight_decay": 0.00016,
    "scheduler": "CyclicLR",
    "pilot_mode": false,
    "num_classes": 4,
    "model_type": "ParticleNet",
    "num_node_features": 9,
    "num_graph_features": 4,
    "dropout_p": 0.4,
    "batch_size": 256,
    "train_folds": [
      0,
      1,
      2
    ],
    "valid_folds": [
      3
    ],
    "loss_type": "disco",
    "disco_lambda": 0.05
  },
  "training_summary": {
    "best_epoch": 32,
    "best_train_loss": 0.642602613269377,
    "best_valid_loss": 0.6225039522412797,
    "best_train_acc": 0.5829154700040817,
    "best_valid_acc": 0.6016634404659271,
    "total_epochs": 40
  },
  "epoch_history": {
    "train_loss": [
      1.0788891082114362,
      0.801918396181611,
      0.733542695668693,
      0.7122151197995821,
      0.6981886101348784,
      0.689427226799962,
      0.6824904421542554,
      0.6744620743493541,
      0.6685186971647037,
      0.6701986666508358,
      0.6717466221029635,
      0.6724961857665274,
      0.6688265814969605,
      0.6644842918882978,
      0.657767308011968,
      0.6534777052859042,
      0.649371170925152,
      0.6532377944528875,
      0.6578159877232143,
      0.6625905323898176,
      0.6607410001899696,
      0.6583634118541033,
      0.654296132931231,
      0.650896715900456,
      0.6456571909431991,
      0.6489073779445289,
      0.6539965597691869,
      0.6596443709631459,
      0.6588251270421732,
      0.6553093536284195,
      0.6504718073233283,
      0.6465853705594605,
      0.642602613269377,
      0.6453378787518997,
      0.6531926766717325,
      0.6597439565919453,
      0.655371835818769,
      0.6529451225303952,
      0.6495260406772416,
      0.6443826136255699
    ],
    "valid_loss": [
      1.0534894701460717,
      0.8160515368824274,
      0.7293657114807989,
      0.7043639706893706,
      0.6846102862290933,
      0.6770720146071743,
      0.668824639118893,
      0.6586133930045115,
      0.6526872339382978,
      0.6515864520005776,
      0.6523512719382702,
      0.6527373622840559,
      0.6463133583606129,
      0.645112158546985,
      0.6395365218041649,
      0.6359466767646897,
      0.6298035097793794,
      0.6352030794385454,
      0.6399509806028554,
      0.6434802203111245,
      0.6411891453702685,
      0.6381358831701144,
      0.6302084586989711,
      0.6286363198723591,
      0.6266954448861135,
      0.6281623840332031,
      0.6372753734319982,
      0.6409985716913787,
      0.6341629028320312,
      0.635908690976425,
      0.6311591779681999,
      0.623900185168629,
      0.6225039522412797,
      0.6264646825656085,
      0.6327933727855414,
      0.6348616371692066,
      0.6369663292253521,
      0.6321984949246259,
      0.6283444686674736,
      0.6254906990158726
    ],
    "train_acc": [
      0.32644565403461456,
      0.43834148347377777,
      0.4922850728034973,
      0.5109277218580246,
      0.5252315625548363,
      0.537409670650959,
      0.5431709140539169,
      0.552287757396698,
      0.5581004098057747,
      0.5578215345740318,
      0.555914543569088,
      0.5554298684000969,
      0.561123251914978,
      0.5641150549054146,
      0.5702408328652382,
      0.5721420794725418,
      0.5776747614145279,
      0.5739470422267914,
      0.5697494298219681,
      0.568236455321312,
      0.5683760941028595,
      0.5698783323168755,
      0.5727044641971588,
      0.577441617846489,
      0.5803883522748947,
      0.5807570144534111,
      0.5744132772088051,
      0.5697146654129028,
      0.5691150948405266,
      0.5740835145115852,
      0.5785548612475395,
      0.5792810767889023,
      0.5829154700040817,
      0.5815236419439316,
      0.5766189843416214,
      0.5702881217002869,
      0.573389321565628,
      0.5745718032121658,
      0.5795100256800652,
      0.5824242830276489
    ],
    "valid_acc": [
      0.3861147491261363,
      0.4382554143667221,
      0.48690722044557333,
      0.5160126909613609,
      0.5358910411596298,
      0.5502371564507484,
      0.5596496090292931,
      0.5638359487056732,
      0.5712874531745911,
      0.5726710259914398,
      0.5714451223611832,
      0.5748558267951012,
      0.5812807455658913,
      0.5795105323195457,
      0.5849432945251465,
      0.5879953727126122,
      0.5954586118459702,
      0.5915301516652107,
      0.5869288742542267,
      0.5853375047445297,
      0.5843925178050995,
      0.5857852920889854,
      0.5970881879329681,
      0.5974692478775978,
      0.5979924574494362,
      0.5966546535491943,
      0.5880681574344635,
      0.5872722566127777,
      0.5897868424654007,
      0.5953106805682182,
      0.5945393070578575,
      0.5990553051233292,
      0.6016634404659271,
      0.598780669271946,
      0.5933240279555321,
      0.5892347618937492,
      0.5866180509328842,
      0.5956141129136086,
      0.598547987639904,
      0.5972999632358551
    ],
    "epoch": [
      0,
      1,
      2,
      3,
      4,
      5,
      6,
      7,
      8,
      9,
      10,
      11,
      12,
      13,
      14,
      15,
      16,
      17,
      18,
      19,
      20,
      21,
      22,
      23,
      24,
      25,
      26,
      27,
      28,
      29,
      30,
      31,
      32,
      33,
      34,
      35,
      36,
      37,
      38,
      39
    ],
    "timestamp": [
      1767046847.358361,
      1767047187.3485632,
      1767047527.0344198,
      1767047867.0721476,
      1767048206.62884,
      1767048547.9538767,
      1767048887.9574294,
      1767049227.7837877,
      1767049567.7900963,
      1767049907.2440374,
      1767050246.3898997,
      1767050585.9313061,
      1767050924.609895,
      1767051265.1490908,
      1767051605.0907092,
      1767051944.5425336,
      1767052257.942035,
      1767052552.5190585,
      1767052829.5884202,
      1767053104.7529087,
      1767053380.0392292,
      1767053656.0011575,
      1767053930.5264664,
      1767054206.1933987,
      1767054480.2740345,
      1767054755.4008315,
      1767055030.515639,
      1767055306.625185,
      1767055582.135293,
      1767055857.960751,
      1767056134.357409,
      1767056396.7968173,
      1767056651.151441,
      1767056905.7913508,
      1767057158.0879009,
      1767057391.4998777,
      1767057625.2232006,
      1767057847.1616344,
      1767058061.7894764,
      1767058275.6228569
    ],
    "train_ce_loss": [
      1.0495892808067762,
      0.7709645477109405,
      0.7032385500187569,
      0.6822910665016406,
      0.6690723076779792,
      0.6605330825939004,
      0.654084262967472,
      0.64633673395067,
      0.6404560389127413,
      0.642230405903628,
      0.6436753781370841,
      0.644454123818041,
      0.6409606356207723,
      0.6363992423996737,
      0.6297990506633799,
      0.6258330940656749,
      0.6215903143027633,
      0.6255019091364098,
      0.6300822387169197,
      0.6346099179385281,
      0.6326969868506341,
      0.6304751278238093,
      0.6267658370425273,
      0.6228652378708396,
      0.6178804928770906,
      0.6208357840323521,
      0.6262119305532392,
      0.6315400009640807,
      0.6308565306989617,
      0.6274375842697352,
      0.6229749365055814,
      0.6188797339208221,
      0.6150212778237091,
      0.6176976262798425,
      0.6254186306137445,
      0.6316658934380146,
      0.6275952579764972,
      0.625450908286231,
      0.6217469903835772,
      0.6166391134805592
    ],