{
  "masspoint": "MHc130_MA90",
  "threshold": 0.78,
  "initial_sensitivity": 0.8883505505562886,
  "max_sensitivity": 1.3147589736352296,
  "improvement": 0.48000017877168233
}