{
  "hyperparameters": {
    "signal": "MHc160_MA85",
    "channel": "Combined",
    "iteration": 3,
    "model_idx": 2,
    "num_hidden": 192,
    "optimizer": "Adam",
    "initial_lr": 0.0002,
    "weight_decay": 2e-05,
    "scheduler": "CyclicLR",
    "pilot_mode": false,
    "num_classes": 4,
    "model_type": "ParticleNet",
    "num_node_features": 9,
    "num_graph_features": 4,
    "dropout_p": 0.4,
    "batch_size": 256,
    "train_folds": [
      0,
      1,
      2
    ],
    "valid_folds": [
      3
    ],
    "loss_type": "disco",
    "disco_lambda": 0.05
  },
  "training_summary": {
    "best_epoch": 64,
    "best_train_loss": 0.6476227826985183,
    "best_valid_loss": 0.6310707414653939,
    "best_train_acc": 0.5847683101892471,
    "best_valid_acc": 0.6012715250253677,
    "total_epochs": 72
  },
  "epoch_history": {
    "train_loss": [
      1.2338591137917934,
      0.9399381411474164,
      0.8019993558843085,
      0.7586198708206687,
      0.7350397452032674,
      0.7232597003229483,
      0.714110586056231,
      0.7090906392477203,
      0.7061723796067629,
      0.7062516325512918,
      0.7036494199990502,
      0.7008368309507979,
      0.6965440373290274,
      0.6908347828409954,
      0.6876254838288374,
      0.6842909978153495,
      0.6817556456591946,
      0.6821271252849544,
      0.6832569249857523,
      0.6820664240596505,
      0.6790977779492782,
      0.6756591054806231,
      0.6734674795782675,
      0.6708975470174772,
      0.6680495612889438,
      0.669670387894187,
      0.6708734297824848,
      0.672976601087576,
      0.6696541365881459,
      0.6675586827982523,
      0.6654713917648176,
      0.6626067094889818,
      0.6614673371010639,
      0.6615567563877279,
      0.6644227001804711,
      0.6662378003894377,
      0.6647748860182371,
      0.6623362996295593,
      0.659696761018237,
      0.6576280959109042,
      0.6556697764295213,
      0.6572336863601824,
      0.6587903982237842,
      0.6608064506553951,
      0.6609152379369301,
      0.6577801458016718,
      0.6555287091565349,
      0.6543244057513298,
      0.652243867543693,
      0.6532383139010258,
      0.6558348867306231,
      0.6571722430661094,
      0.6572602524221125,
      0.6551909194528875,
      0.6532003941869301,
      0.651540312143807,
      0.6478430287091566,
      0.6491681409099544,
      0.6527910690539513,
      0.6561388380984042,
      0.6550790154825228,
      0.6512955036569149,
      0.6506357303143997,
      0.648202264200228,
      0.6476227826985183,
      0.6482593292885638,
      0.6511947307180851,
      0.6524874145136779,
      0.6526105979293313,
      0.6521483632931231,
      0.6473895504844225,
      0.6461363447473404
    ],
    "valid_loss": [
      1.4561890078262545,
      0.9933571614010234,
      0.8104717630735585,
      0.7599229409661091,
      0.7366070814535651,
      0.7291414502640845,
      0.7217604408801441,
      0.7166269866513534,
      0.7102864225145796,
      0.7062129705724581,
      0.7070101885728433,
      0.6903516742545115,
      0.6821355685381822,
      0.6804395863707636,
      0.6774328527316241,
      0.676392353756327,
      0.6742194269744444,
      0.670682987696688,
      0.6702598249408561,
      0.66735947300011,
      0.6640879671338579,
      0.6624603271484375,
      0.6590162465270136,
      0.65684321228887,
      0.6565976210043464,
      0.6557879380776849,
      0.6562091128926881,
      0.6577642199019311,
      0.6553850308270521,
      0.6533389024331536,
      0.6509346760494609,
      0.6495003498775859,
      0.6475984815140845,
      0.6481528483646016,
      0.6499194292954995,
      0.6501041466081646,
      0.64979633814852,
      0.6449649971975407,
      0.6450847572004291,
      0.6452667881065691,
      0.6415841545857174,
      0.6435543114030865,
      0.6443309515294894,
      0.6465691042618013,
      0.6445107258541484,
      0.6427118005886884,
      0.64028876935932,
      0.6389534641319597,
      0.6383479481012049,
      0.638061738350022,
      0.6405150722449934,
      0.6410491298621809,
      0.6429755519813215,
      0.6390465749821193,
      0.6374856116066516,
      0.6361448261099802,
      0.6337611238721391,
      0.6334414414956536,
      0.635679862868618,
      0.6369282897089569,
      0.6381870323503521,
      0.6361722274565361,
      0.6358816657267826,
      0.6320972711267606,
      0.6310707414653939,
      0.632050957478268,
      0.6329954442843585,
      0.6373658516037632,
      0.6342992648272447,
      0.6335491126691791,
      0.6321215025136169,
      0.6315772902797645
    ],
    "train_acc": [
      0.2788502015173435,
      0.3654615543782711,
      0.43965862691402435,
      0.48319289460778236,
      0.5089804567396641,
      0.5230105370283127,
      0.5310835912823677,
      0.5345764607191086,
      0.5356089174747467,
      0.5375682786107063,
      0.5394238159060478,
      0.5424305498600006,
      0.5462035089731216,
      0.5516701266169548,
      0.554377019405365,
      0.5573533475399017,
      0.5581304430961609,
      0.5587384253740311,
      0.5576947033405304,
      0.5609149560332298,
      0.5590538457036018,
      0.5632938891649246,
      0.5659240260720253,
      0.5675541311502457,
      0.5700880214571953,
      0.5678069069981575,
      0.5672717839479446,
      0.565847709774971,
      0.5686046928167343,
      0.5687260031700134,
      0.5730559155344963,
      0.5734906867146492,
      0.5744412466883659,
      0.5741104707121849,
      0.5724881812930107,
      0.5703749135136604,
      0.5723020955920219,
      0.5732054337859154,
      0.5769334733486176,
      0.5784922242164612,
      0.5797456428408623,
      0.5778493732213974,
      0.5759479179978371,
      0.5771797075867653,
      0.5763428136706352,
      0.5783421844244003,
      0.5782064571976662,
      0.582386888563633,
      0.5831307098269463,
      0.5808810368180275,
      0.5783820524811745,
      0.5784187763929367,
      0.5780758112668991,
      0.5797188356518745,
      0.5826117470860481,
      0.5820364281535149,
      0.5848402008414268,
      0.584200032055378,
      0.5829150006175041,
      0.5801357328891754,
      0.5812132582068443,
      0.5834904983639717,
      0.5833365842700005,
      0.5836770609021187,
      0.5847683101892471,
      0.5853041335940361,
      0.5831316486001015,
      0.5827282518148422,
      0.5828814432024956,
      0.5822809636592865,
      0.5864533185958862,
      0.586824394762516
    ],