{
  "syst": "TT",
  "observed": 105.36460213456303,
  "expected": 108.64106605194684,
  "difference": -0.030158613464057533,
  "max_bin_difference": 4.9291125419377035,
  "max_bin_difference_bin": 76,
  "max_bin_difference_filtered": 0.42859415565558096,
  "max_bin_difference_filtered_bin": 37,
  "snr_threshold": 3.0,
  "mass_range_min": 10.0,
  "mass_range_max": 160.0,
  "percentile_68_difference": 0.18311173620181326,
  "percentile_95_difference": 0.2836679037624453,
  "rms_bin_difference": 0.17954807477292098,
  "chi2": 48.55561728185676,
  "ndf": 14,
  "chi2_per_ndf": 3.468258377275483,
  "p_value": 1.0633198110383367e-05,
  "closure_uncertainty_scale": 2.95,
  "recommended_systematic_pct": 195.00000000000003
}