{
  "syst": "TT",
  "observed": 106.231376349926,
  "expected": 109.85696297883987,
  "difference": -0.03300279318309776,
  "max_bin_difference": 0.0,
  "max_bin_difference_bin": -1,
  "max_bin_difference_filtered": 0.0,
  "max_bin_difference_filtered_bin": -1,
  "snr_threshold": 3.0,
  "mass_range_min": 10.0,
  "mass_range_max": 160.0,
  "percentile_68_difference": 0.0,
  "percentile_95_difference": 0.0,
  "rms_bin_difference": 0.0,
  "chi2": 16.051941903521247,
  "ndf": 17,
  "chi2_per_ndf": 0.9442318766777203,
  "p_value": 0.5201557147799465,
  "closure_uncertainty_scale": 0.7000000000000001,
  "recommended_systematic_pct": 29.999999999999993
}