{
  "Central": {
    "ptcorr_15to17_EB1": 4.290251772850752,
    "ptcorr_15to17_EB2": 2.017388162203133,
    "ptcorr_15to17_EE": 1.9461199045181274,
    "ptcorr_17to20_EB1": 6.707099094986916,
    "ptcorr_17to20_EB2": 4.020045444369316,
    "ptcorr_17to20_EE": 3.8330231411382556,
    "ptcorr_20to25_EB1": 12.556748181581497,
    "ptcorr_20to25_EB2": 6.9248277097940445,
    "ptcorr_20to25_EE": 6.942207612097263,
    "ptcorr_25to35_EB1": 25.077553868293762,
    "ptcorr_25to35_EB2": 14.727937936782837,
    "ptcorr_25to35_EE": 13.12207105755806,
    "ptcorr_35to50_EB1": 34.00491452217102,
    "ptcorr_35to50_EB2": 22.63679575920105,
    "ptcorr_35to50_EE": 17.594905525445938,
    "ptcorr_50to100_EB1": 45.40248906612396,
    "ptcorr_50to100_EB2": 29.094724714756012,
    "ptcorr_50to100_EE": 24.032897651195526,
    "ptcorr_100to200_EB1": 5.477857571095228,
    "ptcorr_100to200_EB2": 3.988877557218075,
    "ptcorr_100to200_EE": 2.7301527308300138
  },
  "MotherJetPt_Up": {
    "ptcorr_15to17_EB1": 2.8260595854371786,
    "ptcorr_15to17_EB2": 1.4123402442783117,
    "ptcorr_15to17_EE": 1.2395545216277242,
    "ptcorr_17to20_EB1": 4.505579870194197,
    "ptcorr_17to20_EB2": 2.5850964561104774,
    "ptcorr_17to20_EE": 2.179545155726373,
    "ptcorr_20to25_EB1": 8.641397625207901,
    "ptcorr_20to25_EB2": 4.623326279222965,
    "ptcorr_20to25_EE": 4.3829277735203505,
    "ptcorr_25to35_EB1": 16.995585501194,
    "ptcorr_25to35_EB2": 9.91228985786438,
    "ptcorr_25to35_EE": 9.066837593913078,
    "ptcorr_35to50_EB1": 23.11854237318039,
    "ptcorr_35to50_EB2": 15.090644121170044,
    "ptcorr_35to50_EE": 11.639521405100822,
    "ptcorr_50to100_EB1": 32.24201190471649,
    "ptcorr_50to100_EB2": 20.689692974090576,
    "ptcorr_50to100_EE": 17.15853613615036,
    "ptcorr_100to200_EB1": 5.188355267047882,
    "ptcorr_100to200_EB2": 3.750187162309885,
    "ptcorr_100to200_EE": 2.516768140718341
  },
  "MotherJetPt_Down": {
    "ptcorr_15to17_EB1": 4.956405248492956,
    "ptcorr_15to17_EB2": 2.4065303672105074,
    "ptcorr_15to17_EE": 2.212189558893442,
    "ptcorr_17to20_EB1": 7.958671979606152,
    "ptcorr_17to20_EB2": 4.572317406535149,
    "ptcorr_17to20_EE": 4.529059666208923,
    "ptcorr_20to25_EB1": 14.097512394189835,
    "ptcorr_20to25_EB2": 7.785168632864952,
    "ptcorr_20to25_EE": 7.84286093711853,
    "ptcorr_25to35_EB1": 28.19138616323471,
    "ptcorr_25to35_EB2": 16.939074397087097,
    "ptcorr_25to35_EE": 15.301231026649475,
    "ptcorr_35to50_EB1": 38.61175864934921,
    "ptcorr_35to50_EB2": 24.465330362319946,
    "ptcorr_35to50_EE": 19.88138747215271,
    "ptcorr_50to100_EB1": 49.1524658203125,
    "ptcorr_50to100_EB2": 31.716414868831635,
    "ptcorr_50to100_EE": 26.73491942882538,
    "ptcorr_100to200_EB1": 5.560971558094025,
    "ptcorr_100to200_EB2": 4.104321770370007,
    "ptcorr_100to200_EE": 2.8210178576409817
  },
  "RequireHeavyTag": {
    "ptcorr_15to17_EB1": 3.5445759370923042,
    "ptcorr_15to17_EB2": 1.630769522394985,
    "ptcorr_15to17_EE": 1.5860866568982601,
    "ptcorr_17to20_EB1": 5.405076716095209,
    "ptcorr_17to20_EB2": 3.183557130396366,
    "ptcorr_17to20_EE": 2.830456261523068,
    "ptcorr_20to25_EB1": 10.023157969117165,
    "ptcorr_20to25_EB2": 5.522960267961025,
    "ptcorr_20to25_EE": 5.339327074587345,
    "ptcorr_25to35_EB1": 20.724920749664307,
    "ptcorr_25to35_EB2": 11.296727627515793,
    "ptcorr_25to35_EE": 9.861387312412262,
    "ptcorr_35to50_EB1": 28.29361456632614,
    "ptcorr_35to50_EB2": 17.97625622153282,
    "ptcorr_35to50_EE": 12.915802299976349,
    "ptcorr_50to100_EB1": 37.171486139297485,
    "ptcorr_50to100_EB2": 23.238494217395782,
    "ptcorr_50to100_EE": 17.66795802116394,
    "ptcorr_100to200_EB1": 4.429270386695862,
    "ptcorr_100to200_EB2": 3.1051500514149666,
    "ptcorr_100to200_EE": 2.027591034770012
  },
  "Stat": {
    "ptcorr_15to17_EB1": 0.34432265196198236,
    "ptcorr_15to17_EB2": 0.22725231333086165,
    "ptcorr_15to17_EE": 0.2343098153408905,
    "ptcorr_17to20_EB1": 0.43519566870566423,
    "ptcorr_17to20_EB2": 0.3152196182169642,
    "ptcorr_17to20_EE": 0.32945541811192774,
    "ptcorr_20to25_EB1": 0.5724544986785157,
    "ptcorr_20to25_EB2": 0.43603140349819947,
    "ptcorr_20to25_EE": 0.416226062682104,
    "ptcorr_25to35_EB1": 0.8229785069494319,
    "ptcorr_25to35_EB2": 0.6336926429510856,
    "ptcorr_25to35_EE": 0.6002710197027006,
    "ptcorr_35to50_EB1": 0.9548437067034171,
    "ptcorr_35to50_EB2": 0.7569001358847954,
    "ptcorr_35to50_EE": 0.6655107462591358,
    "ptcorr_50to100_EB1": 1.101592208524385,
    "ptcorr_50to100_EB2": 0.8784562965310634,
    "ptcorr_50to100_EE": 0.7714420257300894,
    "ptcorr_100to200_EB1": 0.36738540817770016,
    "ptcorr_100to200_EB2": 0.3068878826967584,
    "ptcorr_100to200_EE": 0.2591726697554781
  }
}