{
  "Central": {
    "ptcorr_15to17_EB1": 79.29130530357361,
    "ptcorr_15to17_EB2": 39.46396207809448,
    "ptcorr_15to17_EE": 37.044903457164764,
    "ptcorr_17to20_EB1": 136.41831350326538,
    "ptcorr_17to20_EB2": 66.5986738204956,
    "ptcorr_17to20_EE": 60.072370290756226,
    "ptcorr_20to25_EB1": 230.01546382904053,
    "ptcorr_20to25_EB2": 121.78481912612915,
    "ptcorr_20to25_EE": 103.93865084648132,
    "ptcorr_25to35_EB1": 482.5747947692871,
    "ptcorr_25to35_EB2": 263.26817417144775,
    "ptcorr_25to35_EE": 195.6023654937744,
    "ptcorr_35to50_EB1": 613.3872222900391,
    "ptcorr_35to50_EB2": 332.8441905975342,
    "ptcorr_35to50_EE": 225.91924476623535,
    "ptcorr_50to100_EB1": 813.2573928833008,
    "ptcorr_50to100_EB2": 466.46123695373535,
    "ptcorr_50to100_EE": 277.45703315734863,
    "ptcorr_100to200_EB1": 158.13666152954102,
    "ptcorr_100to200_EB2": 85.34548139572144,
    "ptcorr_100to200_EE": 46.17750585079193
  },
  "MotherJetPt_Up": {
    "ptcorr_15to17_EB1": 57.86222290992737,
    "ptcorr_15to17_EB2": 28.533512592315674,
    "ptcorr_15to17_EE": 26.5265651345253,
    "ptcorr_17to20_EB1": 99.83518099784851,
    "ptcorr_17to20_EB2": 49.00752353668213,
    "ptcorr_17to20_EE": 44.97497546672821,
    "ptcorr_20to25_EB1": 168.90444135665894,
    "ptcorr_20to25_EB2": 91.30003261566162,
    "ptcorr_20to25_EE": 77.90994429588318,
    "ptcorr_25to35_EB1": 362.4097499847412,
    "ptcorr_25to35_EB2": 196.4426703453064,
    "ptcorr_25to35_EE": 143.91426706314087,
    "ptcorr_35to50_EB1": 466.78978538513184,
    "ptcorr_35to50_EB2": 252.04712867736816,
    "ptcorr_35to50_EE": 169.1424617767334,
    "ptcorr_50to100_EB1": 646.4654922485352,
    "ptcorr_50to100_EB2": 367.3595714569092,
    "ptcorr_50to100_EE": 218.85157585144043,
    "ptcorr_100to200_EB1": 146.3341188430786,
    "ptcorr_100to200_EB2": 78.30181312561035,
    "ptcorr_100to200_EE": 41.891852259635925
  },
  "MotherJetPt_Down": {
    "ptcorr_15to17_EB1": 87.88666796684265,
    "ptcorr_15to17_EB2": 43.330429911613464,
    "ptcorr_15to17_EE": 40.116817235946655,
    "ptcorr_17to20_EB1": 148.21896123886108,
    "ptcorr_17to20_EB2": 72.65230011940002,
    "ptcorr_17to20_EE": 65.5719735622406,
    "ptcorr_20to25_EB1": 250.9427399635315,
    "ptcorr_20to25_EB2": 133.70608854293823,
    "ptcorr_20to25_EE": 112.5868136882782,
    "ptcorr_25to35_EB1": 523.530912399292,
    "ptcorr_25to35_EB2": 285.79554557800293,
    "ptcorr_25to35_EE": 216.28342962265015,
    "ptcorr_35to50_EB1": 660.0516033172607,
    "ptcorr_35to50_EB2": 357.42452812194824,
    "ptcorr_35to50_EE": 245.75282287597656,
    "ptcorr_50to100_EB1": 860.0728588104248,
    "ptcorr_50to100_EB2": 494.52113151550293,
    "ptcorr_50to100_EE": 298.42838191986084,
    "ptcorr_100to200_EB1": 162.61570930480957,
    "ptcorr_100to200_EB2": 87.62792468070984,
    "ptcorr_100to200_EE": 47.4480242729187
  },
  "RequireHeavyTag": {
    "ptcorr_15to17_EB1": 64.29265713691711,
    "ptcorr_15to17_EB2": 30.965051412582397,
    "ptcorr_15to17_EE": 29.299770295619965,
    "ptcorr_17to20_EB1": 110.46504831314087,
    "ptcorr_17to20_EB2": 53.74863064289093,
    "ptcorr_17to20_EE": 49.1816064119339,
    "ptcorr_20to25_EB1": 186.69021701812744,
    "ptcorr_20to25_EB2": 97.21022319793701,
    "ptcorr_20to25_EE": 83.39681887626648,
    "ptcorr_25to35_EB1": 392.88989639282227,
    "ptcorr_25to35_EB2": 209.46583938598633,
    "ptcorr_25to35_EE": 152.69069623947144,
    "ptcorr_35to50_EB1": 501.58749198913574,
    "ptcorr_35to50_EB2": 266.11696338653564,
    "ptcorr_35to50_EE": 174.29315090179443,
    "ptcorr_50to100_EB1": 650.9289455413818,
    "ptcorr_50to100_EB2": 364.9969959259033,
    "ptcorr_50to100_EE": 204.97644710540771,
    "ptcorr_100to200_EB1": 125.13893413543701,
    "ptcorr_100to200_EB2": 66.26338708400726,
    "ptcorr_100to200_EE": 33.169374108314514
  },
  "Stat": {
    "ptcorr_15to17_EB1": 1.7707211215160306,
    "ptcorr_15to17_EB2": 1.2186878525903848,
    "ptcorr_15to17_EE": 1.1684458236265551,
    "ptcorr_17to20_EB1": 2.318274050311734,
    "ptcorr_17to20_EB2": 1.5794120906075335,
    "ptcorr_17to20_EE": 1.4834553599665667,
    "ptcorr_20to25_EB1": 2.946637677302813,
    "ptcorr_20to25_EB2": 2.1372924373244295,
    "ptcorr_20to25_EE": 1.9685390876133977,
    "ptcorr_25to35_EB1": 4.25809751794096,
    "ptcorr_25to35_EB2": 3.1418742145546106,
    "ptcorr_25to35_EE": 2.665049808913287,
    "ptcorr_35to50_EB1": 4.824815568713015,
    "ptcorr_35to50_EB2": 3.541968491140068,
    "ptcorr_35to50_EE": 2.877474396861925,
    "ptcorr_50to100_EB1": 5.537026327750529,
    "ptcorr_50to100_EB2": 4.198475766022843,
    "ptcorr_50to100_EE": 3.1764266855651946,
    "ptcorr_100to200_EB1": 2.418370688589769,
    "ptcorr_100to200_EB2": 1.7728525397224484,
    "ptcorr_100to200_EE": 1.2938829343327318
  }
}