2026-07-03 14:38:58,024 - INFO - [2016preVFP] MISSING_CENTRAL: SR1E2Mu/Central/NMinusOne/njet_ge2/n_jets in Skim_TriLep_DYJets10to50.root
2026-07-21 19:45:00,882 - INFO - [2016preVFP] MISSING_SYSTEMATIC: SR1E2Mu/L1Prefire_Up/NMinusOne/njet_ge2/n_jets in Skim_TriLep_DYJets.root
2026-07-21 19:45:00,882 - INFO - [2016preVFP] MISSING_SYSTEMATIC: SR1E2Mu/L1Prefire_Down/NMinusOne/njet_ge2/n_jets in Skim_TriLep_DYJets.root
2026-07-21 19:45:00,883 - INFO - [2016preVFP] MISSING_SYSTEMATIC: SR1E2Mu/PileupReweight_Up/NMinusOne/njet_ge2/n_jets in Skim_TriLep_DYJets.root
2026-07-21 19:45:00,883 - INFO - [2016preVFP] MISSING_SYSTEMATIC: SR1E2Mu/PileupReweight_Down/NMinusOne/njet_ge2/n_jets in Skim_TriLep_DYJets.root
2026-07-21 19:45:00,883 - INFO - [2016preVFP] MISSING_SYSTEMATIC: SR1E2Mu/PileupJetIDSF_Up/NMinusOne/njet_ge2/n_jets in Skim_TriLep_DYJets.root
2026-07-21 19:45:00,883 - INFO - [2016preVFP] MISSING_SYSTEMATIC: SR1E2Mu/PileupJetIDSF_Down/NMinusOne/njet_ge2/n_jets in Skim_TriLep_DYJets.root
2026-07-21 19:45:00,884 - INFO - [2016preVFP] MISSING_SYSTEMATIC: SR1E2Mu/MuonIDSF_Up/NMinusOne/njet_ge2/n_jets in Skim_TriLep_DYJets.root
2026-07-21 19:45:00,884 - INFO - [2016preVFP] MISSING_SYSTEMATIC: SR1E2Mu/MuonIDSF_Down/NMinusOne/njet_ge2/n_jets in Skim_TriLep_DYJets.root
2026-07-21 19:45:00,885 - INFO - [2016preVFP] MISSING_SYSTEMATIC: SR1E2Mu/ElectronIDSF_Up/NMinusOne/njet_ge2/n_jets in Skim_TriLep_DYJets.root
2026-07-21 19:45:00,885 - INFO - [2016preVFP] MISSING_SYSTEMATIC: SR1E2Mu/ElectronIDSF_Down/NMinusOne/njet_ge2/n_jets in Skim_TriLep_DYJets.root
2026-07-21 19:45:00,885 - INFO - [2016preVFP] MISSING_SYSTEMATIC: SR1E2Mu/EMuTrigSF_Up/NMinusOne/njet_ge2/n_jets in Skim_TriLep_DYJets.root
2026-07-21 19:45:00,885 - INFO - [2016preVFP] MISSING_SYSTEMATIC: SR1E2Mu/EMuTrigSF_Down/NMinusOne/njet_ge2/n_jets in Skim_TriLep_DYJets.root
2026-07-21 19:45:00,886 - INFO - [2016preVFP] MISSING_SYSTEMATIC: SR1E2Mu/JetEn_Up/NMinusOne/njet_ge2/n_jets in Skim_TriLep_DYJets.root
2026-07-21 19:45:00,886 - INFO - [2016preVFP] MISSING_SYSTEMATIC: SR1E2Mu/JetEn_Down/NMinusOne/njet_ge2/n_jets in Skim_TriLep_DYJets.root
2026-07-21 19:45:00,887 - INFO - [2016preVFP] MISSING_SYSTEMATIC: SR1E2Mu/JetRes_Up/NMinusOne/njet_ge2/n_jets in Skim_TriLep_DYJets.root
2026-07-21 19:45:00,887 - INFO - [2016preVFP] MISSING_SYSTEMATIC: SR1E2Mu/JetRes_Down/NMinusOne/njet_ge2/n_jets in Skim_TriLep_DYJets.root
2026-07-21 19:45:00,887 - INFO - [2016preVFP] MISSING_SYSTEMATIC: SR1E2Mu/MuonEn_Up/NMinusOne/njet_ge2/n_jets in Skim_TriLep_DYJets.root
2026-07-21 19:45:00,887 - INFO - [2016preVFP] MISSING_SYSTEMATIC: SR1E2Mu/MuonEn_Down/NMinusOne/njet_ge2/n_jets in Skim_TriLep_DYJets.root
2026-07-21 19:45:00,888 - INFO - [2016preVFP] MISSING_SYSTEMATIC: SR1E2Mu/ElectronEn_Up/NMinusOne/njet_ge2/n_jets in Skim_TriLep_DYJets.root
2026-07-21 19:45:00,888 - INFO - [2016preVFP] MISSING_SYSTEMATIC: SR1E2Mu/ElectronEn_Down/NMinusOne/njet_ge2/n_jets in Skim_TriLep_DYJets.root
2026-07-21 19:45:00,888 - INFO - [2016preVFP] MISSING_SYSTEMATIC: SR1E2Mu/ElectronRes_Up/NMinusOne/njet_ge2/n_jets in Skim_TriLep_DYJets.root
2026-07-21 19:45:00,889 - INFO - [2016preVFP] MISSING_SYSTEMATIC: SR1E2Mu/ElectronRes_Down/NMinusOne/njet_ge2/n_jets in Skim_TriLep_DYJets.root
2026-07-21 19:45:00,889 - INFO - [2016preVFP] MISSING_SYSTEMATIC: SR1E2Mu/UnclusteredEn_Up/NMinusOne/njet_ge2/n_jets in Skim_TriLep_DYJets.root
2026-07-21 19:45:00,889 - INFO - [2016preVFP] MISSING_SYSTEMATIC: SR1E2Mu/UnclusteredEn_Down/NMinusOne/njet_ge2/n_jets in Skim_TriLep_DYJets.root
2026-07-21 19:45:00,890 - INFO - [2016preVFP] MISSING_SYSTEMATIC: SR1E2Mu/BtagSF_HFcorr_Up/NMinusOne/njet_ge2/n_jets in Skim_TriLep_DYJets.root
2026-07-21 19:45:00,890 - INFO - [2016preVFP] MISSING_SYSTEMATIC: SR1E2Mu/BtagSF_HFcorr_Down/NMinusOne/njet_ge2/n_jets in Skim_TriLep_DYJets.root
2026-07-21 19:45:00,890 - INFO - [2016preVFP] MISSING_SYSTEMATIC: SR1E2Mu/BtagSF_HFuncorr_Up/NMinusOne/njet_ge2/n_jets in Skim_TriLep_DYJets.root
2026-07-21 19:45:00,890 - INFO - [2016preVFP] MISSING_SYSTEMATIC: SR1E2Mu/BtagSF_HFuncorr_Down/NMinusOne/njet_ge2/n_jets in Skim_TriLep_DYJets.root
2026-07-21 19:45:00,891 - INFO - [2016preVFP] MISSING_SYSTEMATIC: SR1E2Mu/BtagSF_LFcorr_Up/NMinusOne/njet_ge2/n_jets in Skim_TriLep_DYJets.root
2026-07-21 19:45:00,891 - INFO - [2016preVFP] MISSING_SYSTEMATIC: SR1E2Mu/BtagSF_LFcorr_Down/NMinusOne/njet_ge2/n_jets in Skim_TriLep_DYJets.root
2026-07-21 19:45:00,892 - INFO - [2016preVFP] MISSING_SYSTEMATIC: SR1E2Mu/BtagSF_LFuncorr_Up/NMinusOne/njet_ge2/n_jets in Skim_TriLep_DYJets.root
2026-07-21 19:45:00,892 - INFO - [2016preVFP] MISSING_SYSTEMATIC: SR1E2Mu/BtagSF_LFuncorr_Down/NMinusOne/njet_ge2/n_jets in Skim_TriLep_DYJets.root
2026-07-21 19:45:00,892 - INFO - [2016preVFP] MISSING_CENTRAL: SR1E2Mu/Central/NMinusOne/njet_ge2/n_jets in Skim_TriLep_DYJets10to50.root
2026-07-21 19:45:00,893 - INFO - [2016preVFP] MISSING_SYSTEMATIC: SR1E2Mu/L1Prefire_Up/NMinusOne/njet_ge2/n_jets in Skim_TriLep_TTG.root
2026-07-21 19:45:00,893 - INFO - [2016preVFP] MISSING_SYSTEMATIC: SR1E2Mu/L1Prefire_Down/NMinusOne/njet_ge2/n_jets in Skim_TriLep_TTG.root
2026-07-21 19:45:00,894 - INFO - [2016preVFP] MISSING_SYSTEMATIC: SR1E2Mu/PileupReweight_Up/NMinusOne/njet_ge2/n_jets in Skim_TriLep_TTG.root
2026-07-21 19:45:00,894 - INFO - [2016preVFP] MISSING_SYSTEMATIC: SR1E2Mu/PileupReweight_Down/NMinusOne/njet_ge2/n_jets in Skim_TriLep_TTG.root
2026-07-21 19:45:00,894 - INFO - [2016preVFP] MISSING_SYSTEMATIC: SR1E2Mu/PileupJetIDSF_Up/NMinusOne/njet_ge2/n_jets in Skim_TriLep_TTG.root
2026-07-21 19:45:00,894 - INFO - [2016preVFP] MISSING_SYSTEMATIC: SR1E2Mu/PileupJetIDSF_Down/NMinusOne/njet_ge2/n_jets in Skim_TriLep_TTG.root
2026-07-21 19:45:00,895 - INFO - [2016preVFP] MISSING_SYSTEMATIC: SR1E2Mu/MuonIDSF_Up/NMinusOne/njet_ge2/n_jets in Skim_TriLep_TTG.root
2026-07-21 19:45:00,895 - INFO - [2016preVFP] MISSING_SYSTEMATIC: SR1E2Mu/MuonIDSF_Down/NMinusOne/njet_ge2/n_jets in Skim_TriLep_TTG.root
2026-07-21 19:45:00,896 - INFO - [2016preVFP] MISSING_SYSTEMATIC: SR1E2Mu/ElectronIDSF_Up/NMinusOne/njet_ge2/n_jets in Skim_TriLep_TTG.root
2026-07-21 19:45:00,896 - INFO - [2016preVFP] MISSING_SYSTEMATIC: SR1E2Mu/ElectronIDSF_Down/NMinusOne/njet_ge2/n_jets in Skim_TriLep_TTG.root
2026-07-21 19:45:00,896 - INFO - [2016preVFP] MISSING_SYSTEMATIC: SR1E2Mu/EMuTrigSF_Up/NMinusOne/njet_ge2/n_jets in Skim_TriLep_TTG.root
2026-07-21 19:45:00,896 - INFO - [2016preVFP] MISSING_SYSTEMATIC: SR1E2Mu/EMuTrigSF_Down/NMinusOne/njet_ge2/n_jets in Skim_TriLep_TTG.root
2026-07-21 19:45:00,897 - INFO - [2016preVFP] MISSING_SYSTEMATIC: SR1E2Mu/JetEn_Up/NMinusOne/njet_ge2/n_jets in Skim_TriLep_TTG.root
2026-07-21 19:45:00,897 - INFO - [2016preVFP] MISSING_SYSTEMATIC: SR1E2Mu/JetEn_Down/NMinusOne/njet_ge2/n_jets in Skim_TriLep_TTG.root
2026-07-21 19:45:00,898 - INFO - [2016preVFP] MISSING_SYSTEMATIC: SR1E2Mu/JetRes_Up/NMinusOne/njet_ge2/n_jets in Skim_TriLep_TTG.root
2026-07-21 19:45:00,898 - INFO - [2016preVFP] MISSING_SYSTEMATIC: SR1E2Mu/JetRes_Down/NMinusOne/njet_ge2/n_jets in Skim_TriLep_TTG.root
2026-07-21 19:45:00,898 - INFO - [2016preVFP] MISSING_SYSTEMATIC: SR1E2Mu/MuonEn_Up/NMinusOne/njet_ge2/n_jets in Skim_TriLep_TTG.root
2026-07-21 19:45:00,898 - INFO - [2016preVFP] MISSING_SYSTEMATIC: SR1E2Mu/MuonEn_Down/NMinusOne/njet_ge2/n_jets in Skim_TriLep_TTG.root
2026-07-21 19:45:00,899 - INFO - [2016preVFP] MISSING_SYSTEMATIC: SR1E2Mu/ElectronEn_Up/NMinusOne/njet_ge2/n_jets in Skim_TriLep_TTG.root
2026-07-21 19:45:00,899 - INFO - [2016preVFP] MISSING_SYSTEMATIC: SR1E2Mu/ElectronEn_Down/NMinusOne/njet_ge2/n_jets in Skim_TriLep_TTG.root
2026-07-21 19:45:00,900 - INFO - [2016preVFP] MISSING_SYSTEMATIC: SR1E2Mu/ElectronRes_Up/NMinusOne/njet_ge2/n_jets in Skim_TriLep_TTG.root
2026-07-21 19:45:00,900 - INFO - [2016preVFP] MISSING_SYSTEMATIC: SR1E2Mu/ElectronRes_Down/NMinusOne/njet_ge2/n_jets in Skim_TriLep_TTG.root
2026-07-21 19:45:00,900 - INFO - [2016preVFP] MISSING_SYSTEMATIC: SR1E2Mu/UnclusteredEn_Up/NMinusOne/njet_ge2/n_jets in Skim_TriLep_TTG.root
2026-07-21 19:45:00,900 - INFO - [2016preVFP] MISSING_SYSTEMATIC: SR1E2Mu/UnclusteredEn_Down/NMinusOne/njet_ge2/n_jets in Skim_TriLep_TTG.root
2026-07-21 19:45:00,901 - INFO - [2016preVFP] MISSING_SYSTEMATIC: SR1E2Mu/BtagSF_HFcorr_Up/NMinusOne/njet_ge2/n_jets in Skim_TriLep_TTG.root
2026-07-21 19:45:00,901 - INFO - [2016preVFP] MISSING_SYSTEMATIC: SR1E2Mu/BtagSF_HFcorr_Down/NMinusOne/njet_ge2/n_jets in Skim_TriLep_TTG.root
2026-07-21 19:45:00,902 - INFO - [2016preVFP] MISSING_SYSTEMATIC: SR1E2Mu/BtagSF_HFuncorr_Up/NMinusOne/njet_ge2/n_jets in Skim_TriLep_TTG.root
2026-07-21 19:45:00,902 - INFO - [2016preVFP] MISSING_SYSTEMATIC: SR1E2Mu/BtagSF_HFuncorr_Down/NMinusOne/njet_ge2/n_jets in Skim_TriLep_TTG.root
2026-07-21 19:45:00,902 - INFO - [2016preVFP] MISSING_SYSTEMATIC: SR1E2Mu/BtagSF_LFcorr_Up/NMinusOne/njet_ge2/n_jets in Skim_TriLep_TTG.root
2026-07-21 19:45:00,902 - INFO - [2016preVFP] MISSING_SYSTEMATIC: SR1E2Mu/BtagSF_LFcorr_Down/NMinusOne/njet_ge2/n_jets in Skim_TriLep_TTG.root
2026-07-21 19:45:00,903 - INFO - [2016preVFP] MISSING_SYSTEMATIC: SR1E2Mu/BtagSF_LFuncorr_Up/NMinusOne/njet_ge2/n_jets in Skim_TriLep_TTG.root
2026-07-21 19:45:00,903 - INFO - [2016preVFP] MISSING_SYSTEMATIC: SR1E2Mu/BtagSF_LFuncorr_Down/NMinusOne/njet_ge2/n_jets in Skim_TriLep_TTG.root
2026-07-21 19:45:00,904 - INFO - [2016preVFP] MISSING_SYSTEMATIC: SR1E2Mu/L1Prefire_Up/NMinusOne/njet_ge2/n_jets in Skim_TriLep_WWG.root
2026-07-21 19:45:00,904 - INFO - [2016preVFP] MISSING_SYSTEMATIC: SR1E2Mu/L1Prefire_Down/NMinusOne/njet_ge2/n_jets in Skim_TriLep_WWG.root
2026-07-21 19:45:00,905 - INFO - [2016preVFP] MISSING_SYSTEMATIC: SR1E2Mu/PileupReweight_Up/NMinusOne/njet_ge2/n_jets in Skim_TriLep_WWG.root
2026-07-21 19:45:00,905 - INFO - [2016preVFP] MISSING_SYSTEMATIC: SR1E2Mu/PileupReweight_Down/NMinusOne/njet_ge2/n_jets in Skim_TriLep_WWG.root
2026-07-21 19:45:00,905 - INFO - [2016preVFP] MISSING_SYSTEMATIC: SR1E2Mu/PileupJetIDSF_Up/NMinusOne/njet_ge2/n_jets in Skim_TriLep_WWG.root
2026-07-21 19:45:00,905 - INFO - [2016preVFP] MISSING_SYSTEMATIC: SR1E2Mu/PileupJetIDSF_Down/NMinusOne/njet_ge2/n_jets in Skim_TriLep_WWG.root
2026-07-21 19:45:00,906 - INFO - [2016preVFP] MISSING_SYSTEMATIC: SR1E2Mu/MuonIDSF_Up/NMinusOne/njet_ge2/n_jets in Skim_TriLep_WWG.root
2026-07-21 19:45:00,906 - INFO - [2016preVFP] MISSING_SYSTEMATIC: SR1E2Mu/MuonIDSF_Down/NMinusOne/njet_ge2/n_jets in Skim_TriLep_WWG.root
2026-07-21 19:45:00,907 - INFO - [2016preVFP] MISSING_SYSTEMATIC: SR1E2Mu/ElectronIDSF_Up/NMinusOne/njet_ge2/n_jets in Skim_TriLep_WWG.root
2026-07-21 19:45:00,907 - INFO - [2016preVFP] MISSING_SYSTEMATIC: SR1E2Mu/ElectronIDSF_Down/NMinusOne/njet_ge2/n_jets in Skim_TriLep_WWG.root
2026-07-21 19:45:00,907 - INFO - [2016preVFP] MISSING_SYSTEMATIC: SR1E2Mu/EMuTrigSF_Up/NMinusOne/njet_ge2/n_jets in Skim_TriLep_WWG.root
2026-07-21 19:45:00,907 - INFO - [2016preVFP] MISSING_SYSTEMATIC: SR1E2Mu/EMuTrigSF_Down/NMinusOne/njet_ge2/n_jets in Skim_TriLep_WWG.root
2026-07-21 19:45:00,908 - INFO - [2016preVFP] MISSING_SYSTEMATIC: SR1E2Mu/JetEn_Up/NMinusOne/njet_ge2/n_jets in Skim_TriLep_WWG.root
2026-07-21 19:45:00,908 - INFO - [2016preVFP] MISSING_SYSTEMATIC: SR1E2Mu/JetEn_Down/NMinusOne/njet_ge2/n_jets in Skim_TriLep_WWG.root
2026-07-21 19:45:00,909 - INFO - [2016preVFP] MISSING_SYSTEMATIC: SR1E2Mu/JetRes_Up/NMinusOne/njet_ge2/n_jets in Skim_TriLep_WWG.root
2026-07-21 19:45:00,909 - INFO - [2016preVFP] MISSING_SYSTEMATIC: SR1E2Mu/JetRes_Down/NMinusOne/njet_ge2/n_jets in Skim_TriLep_WWG.root
2026-07-21 19:45:00,909 - INFO - [2016preVFP] MISSING_SYSTEMATIC: SR1E2Mu/MuonEn_Up/NMinusOne/njet_ge2/n_jets in Skim_TriLep_WWG.root
2026-07-21 19:45:00,909 - INFO - [2016preVFP] MISSING_SYSTEMATIC: SR1E2Mu/MuonEn_Down/NMinusOne/njet_ge2/n_jets in Skim_TriLep_WWG.root
2026-07-21 19:45:00,910 - INFO - [2016preVFP] MISSING_SYSTEMATIC: SR1E2Mu/ElectronEn_Up/NMinusOne/njet_ge2/n_jets in Skim_TriLep_WWG.root
2026-07-21 19:45:00,910 - INFO - [2016preVFP] MISSING_SYSTEMATIC: SR1E2Mu/ElectronEn_Down/NMinusOne/njet_ge2/n_jets in Skim_TriLep_WWG.root
2026-07-21 19:45:00,911 - INFO - [2016preVFP] MISSING_SYSTEMATIC: SR1E2Mu/ElectronRes_Up/NMinusOne/njet_ge2/n_jets in Skim_TriLep_WWG.root
2026-07-21 19:45:00,911 - INFO - [2016preVFP] MISSING_SYSTEMATIC: SR1E2Mu/ElectronRes_Down/NMinusOne/njet_ge2/n_jets in Skim_TriLep_WWG.root
2026-07-21 19:45:00,911 - INFO - [2016preVFP] MISSING_SYSTEMATIC: SR1E2Mu/UnclusteredEn_Up/NMinusOne/njet_ge2/n_jets in Skim_TriLep_WWG.root
2026-07-21 19:45:00,911 - INFO - [2016preVFP] MISSING_SYSTEMATIC: SR1E2Mu/UnclusteredEn_Down/NMinusOne/njet_ge2/n_jets in Skim_TriLep_WWG.root
2026-07-21 19:45:00,912 - INFO - [2016preVFP] MISSING_SYSTEMATIC: SR1E2Mu/BtagSF_HFcorr_Up/NMinusOne/njet_ge2/n_jets in Skim_TriLep_WWG.root
2026-07-21 19:45:00,912 - INFO - [2016preVFP] MISSING_SYSTEMATIC: SR1E2Mu/BtagSF_HFcorr_Down/NMinusOne/njet_ge2/n_jets in Skim_TriLep_WWG.root
2026-07-21 19:45:00,912 - INFO - [2016preVFP] MISSING_SYSTEMATIC: SR1E2Mu/BtagSF_HFuncorr_Up/NMinusOne/njet_ge2/n_jets in Skim_TriLep_WWG.root
2026-07-21 19:45:00,913 - INFO - [2016preVFP] MISSING_SYSTEMATIC: SR1E2Mu/BtagSF_HFuncorr_Down/NMinusOne/njet_ge2/n_jets in Skim_TriLep_WWG.root
2026-07-21 19:45:00,913 - INFO - [2016preVFP] MISSING_SYSTEMATIC: SR1E2Mu/BtagSF_LFcorr_Up/NMinusOne/njet_ge2/n_jets in Skim_TriLep_WWG.root
2026-07-21 19:45:00,913 - INFO - [2016preVFP] MISSING_SYSTEMATIC: SR1E2Mu/BtagSF_LFcorr_Down/NMinusOne/njet_ge2/n_jets in Skim_TriLep_WWG.root
2026-07-21 19:45:00,914 - INFO - [2016preVFP] MISSING_SYSTEMATIC: SR1E2Mu/BtagSF_LFuncorr_Up/NMinusOne/njet_ge2/n_jets in Skim_TriLep_WWG.root
2026-07-21 19:45:00,914 - INFO - [2016preVFP] MISSING_SYSTEMATIC: SR1E2Mu/BtagSF_LFuncorr_Down/NMinusOne/njet_ge2/n_jets in Skim_TriLep_WWG.root
2026-07-21 19:45:00,915 - INFO - [2016preVFP] MISSING_SYSTEMATIC: SR1E2Mu/L1Prefire_Up/NMinusOne/njet_ge2/n_jets in Skim_TriLep_TTWToLNu.root
2026-07-21 19:45:00,915 - INFO - [2016preVFP] MISSING_SYSTEMATIC: SR1E2Mu/L1Prefire_Down/NMinusOne/njet_ge2/n_jets in Skim_TriLep_TTWToLNu.root
2026-07-21 19:45:00,916 - INFO - [2016preVFP] MISSING_SYSTEMATIC: SR1E2Mu/PileupReweight_Up/NMinusOne/njet_ge2/n_jets in Skim_TriLep_TTWToLNu.root
2026-07-21 19:45:00,916 - INFO - [2016preVFP] MISSING_SYSTEMATIC: SR1E2Mu/PileupReweight_Down/NMinusOne/njet_ge2/n_jets in Skim_TriLep_TTWToLNu.root
2026-07-21 19:45:00,916 - INFO - [2016preVFP] MISSING_SYSTEMATIC: SR1E2Mu/PileupJetIDSF_Up/NMinusOne/njet_ge2/n_jets in Skim_TriLep_TTWToLNu.root
2026-07-21 19:45:00,916 - INFO - [2016preVFP] MISSING_SYSTEMATIC: SR1E2Mu/PileupJetIDSF_Down/NMinusOne/njet_ge2/n_jets in Skim_TriLep_TTWToLNu.root
2026-07-21 19:45:00,917 - INFO - [2016preVFP] MISSING_SYSTEMATIC: SR1E2Mu/MuonIDSF_Up/NMinusOne/njet_ge2/n_jets in Skim_TriLep_TTWToLNu.root
2026-07-21 19:45:00,917 - INFO - [2016preVFP] MISSING_SYSTEMATIC: SR1E2Mu/MuonIDSF_Down/NMinusOne/njet_ge2/n_jets in Skim_TriLep_TTWToLNu.root
2026-07-21 19:45:00,918 - INFO - [2016preVFP] MISSING_SYSTEMATIC: SR1E2Mu/ElectronIDSF_Up/NMinusOne/njet_ge2/n_jets in Skim_TriLep_TTWToLNu.root
2026-07-21 19:45:00,918 - INFO - [2016preVFP] MISSING_SYSTEMATIC: SR1E2Mu/ElectronIDSF_Down/NMinusOne/njet_ge2/n_jets in Skim_TriLep_TTWToLNu.root
2026-07-21 19:45:00,918 - INFO - [2016preVFP] MISSING_SYSTEMATIC: SR1E2Mu/EMuTrigSF_Up/NMinusOne/njet_ge2/n_jets in Skim_TriLep_TTWToLNu.root
2026-07-21 19:45:00,918 - INFO - [2016preVFP] MISSING_SYSTEMATIC: SR1E2Mu/EMuTrigSF_Down/NMinusOne/njet_ge2/n_jets in Skim_TriLep_TTWToLNu.root
2026-07-21 19:45:00,919 - INFO - [2016preVFP] MISSING_SYSTEMATIC: SR1E2Mu/JetEn_Up/NMinusOne/njet_ge2/n_jets in Skim_TriLep_TTWToLNu.root
2026-07-21 19:45:00,919 - INFO - [2016preVFP] MISSING_SYSTEMATIC: SR1E2Mu/JetEn_Down/NMinusOne/njet_ge2/n_jets in Skim_TriLep_TTWToLNu.root
2026-07-21 19:45:00,920 - INFO - [2016preVFP] MISSING_SYSTEMATIC: SR1E2Mu/JetRes_Up/NMinusOne/njet_ge2/n_jets in Skim_TriLep_TTWToLNu.root
2026-07-21 19:45:00,920 - INFO - [2016preVFP] MISSING_SYSTEMATIC: SR1E2Mu/JetRes_Down/NMinusOne/njet_ge2/n_jets in Skim_TriLep_TTWToLNu.root
2026-07-21 19:45:00,920 - INFO - [2016preVFP] MISSING_SYSTEMATIC: SR1E2Mu/MuonEn_Up/NMinusOne/njet_ge2/n_jets in Skim_TriLep_TTWToLNu.root
2026-07-21 19:45:00,920 - INFO - [2016preVFP] MISSING_SYSTEMATIC: SR1E2Mu/MuonEn_Down/NMinusOne/njet_ge2/n_jets in Skim_TriLep_TTWToLNu.root
2026-07-21 19:45:00,921 - INFO - [2016preVFP] MISSING_SYSTEMATIC: SR1E2Mu/ElectronEn_Up/NMinusOne/njet_ge2/n_jets in Skim_TriLep_TTWToLNu.root
2026-07-21 19:45:00,921 - INFO - [2016preVFP] MISSING_SYSTEMATIC: SR1E2Mu/ElectronEn_Down/NMinusOne/njet_ge2/n_jets in Skim_TriLep_TTWToLNu.root
2026-07-21 19:45:00,922 - INFO - [2016preVFP] MISSING_SYSTEMATIC: SR1E2Mu/ElectronRes_Up/NMinusOne/njet_ge2/n_jets in Skim_TriLep_TTWToLNu.root
2026-07-21 19:45:00,922 - INFO - [2016preVFP] MISSING_SYSTEMATIC: SR1E2Mu/ElectronRes_Down/NMinusOne/njet_ge2/n_jets in Skim_TriLep_TTWToLNu.root
2026-07-21 19:45:00,922 - INFO - [2016preVFP] MISSING_SYSTEMATIC: SR1E2Mu/UnclusteredEn_Up/NMinusOne/njet_ge2/n_jets in Skim_TriLep_TTWToLNu.root
2026-07-21 19:45:00,922 - INFO - [2016preVFP] MISSING_SYSTEMATIC: SR1E2Mu/UnclusteredEn_Down/NMinusOne/njet_ge2/n_jets in Skim_TriLep_TTWToLNu.root
2026-07-21 19:45:00,923 - INFO - [2016preVFP] MISSING_SYSTEMATIC: SR1E2Mu/BtagSF_HFcorr_Up/NMinusOne/njet_ge2/n_jets in Skim_TriLep_TTWToLNu.root
2026-07-21 19:45:00,923 - INFO - [2016preVFP] MISSING_SYSTEMATIC: SR1E2Mu/BtagSF_HFcorr_Down/NMinusOne/njet_ge2/n_jets in Skim_TriLep_TTWToLNu.root
2026-07-21 19:45:00,923 - INFO - [2016preVFP] MISSING_SYSTEMATIC: SR1E2Mu/BtagSF_HFuncorr_Up/NMinusOne/njet_ge2/n_jets in Skim_TriLep_TTWToLNu.root
2026-07-21 19:45:00,924 - INFO - [2016preVFP] MISSING_SYSTEMATIC: SR1E2Mu/BtagSF_HFuncorr_Down/NMinusOne/njet_ge2/n_jets in Skim_TriLep_TTWToLNu.root
2026-07-21 19:45:00,924 - INFO - [2016preVFP] MISSING_SYSTEMATIC: SR1E2Mu/BtagSF_LFcorr_Up/NMinusOne/njet_ge2/n_jets in Skim_TriLep_TTWToLNu.root
2026-07-21 19:45:00,924 - INFO - [2016preVFP] MISSING_SYSTEMATIC: SR1E2Mu/BtagSF_LFcorr_Down/NMinusOne/njet_ge2/n_jets in Skim_TriLep_TTWToLNu.root
2026-07-21 19:45:00,925 - INFO - [2016preVFP] MISSING_SYSTEMATIC: SR1E2Mu/BtagSF_LFuncorr_Up/NMinusOne/njet_ge2/n_jets in Skim_TriLep_TTWToLNu.root
2026-07-21 19:45:00,925 - INFO - [2016preVFP] MISSING_SYSTEMATIC: SR1E2Mu/BtagSF_LFuncorr_Down/NMinusOne/njet_ge2/n_jets in Skim_TriLep_TTWToLNu.root
2026-07-21 19:45:01,051 - INFO - [2016preVFP] MISSING_SYSTEMATIC: SR1E2Mu/L1Prefire_Up/NMinusOne/njet_ge2/n_jets in Skim_TriLep_TTZToLLNuNu.root
2026-07-21 19:45:01,051 - INFO - [2016preVFP] MISSING_SYSTEMATIC: SR1E2Mu/L1Prefire_Down/NMinusOne/njet_ge2/n_jets in Skim_TriLep_TTZToLLNuNu.root
2026-07-21 19:45:01,052 - INFO - [2016preVFP] MISSING_SYSTEMATIC: SR1E2Mu/PileupReweight_Up/NMinusOne/njet_ge2/n_jets in Skim_TriLep_TTZToLLNuNu.root
2026-07-21 19:45:01,052 - INFO - [2016preVFP] MISSING_SYSTEMATIC: SR1E2Mu/PileupReweight_Down/NMinusOne/njet_ge2/n_jets in Skim_TriLep_TTZToLLNuNu.root
2026-07-21 19:45:01,052 - INFO - [2016preVFP] MISSING_SYSTEMATIC: SR1E2Mu/PileupJetIDSF_Up/NMinusOne/njet_ge2/n_jets in Skim_TriLep_TTZToLLNuNu.root
2026-07-21 19:45:01,052 - INFO - [2016preVFP] MISSING_SYSTEMATIC: SR1E2Mu/PileupJetIDSF_Down/NMinusOne/njet_ge2/n_jets in Skim_TriLep_TTZToLLNuNu.root
2026-07-21 19:45:01,053 - INFO - [2016preVFP] MISSING_SYSTEMATIC: SR1E2Mu/MuonIDSF_Up/NMinusOne/njet_ge2/n_jets in Skim_TriLep_TTZToLLNuNu.root
2026-07-21 19:45:01,053 - INFO - [2016preVFP] MISSING_SYSTEMATIC: SR1E2Mu/MuonIDSF_Down/NMinusOne/njet_ge2/n_jets in Skim_TriLep_TTZToLLNuNu.root
2026-07-21 19:45:01,054 - INFO - [2016preVFP] MISSING_SYSTEMATIC: SR1E2Mu/ElectronIDSF_Up/NMinusOne/njet_ge2/n_jets in Skim_TriLep_TTZToLLNuNu.root
2026-07-21 19:45:01,054 - INFO - [2016preVFP] MISSING_SYSTEMATIC: SR1E2Mu/ElectronIDSF_Down/NMinusOne/njet_ge2/n_jets in Skim_TriLep_TTZToLLNuNu.root
2026-07-21 19:45:01,054 - INFO - [2016preVFP] MISSING_SYSTEMATIC: SR1E2Mu/EMuTrigSF_Up/NMinusOne/njet_ge2/n_jets in Skim_TriLep_TTZToLLNuNu.root
2026-07-21 19:45:01,054 - INFO - [2016preVFP] MISSING_SYSTEMATIC: SR1E2Mu/EMuTrigSF_Down/NMinusOne/njet_ge2/n_jets in Skim_TriLep_TTZToLLNuNu.root
2026-07-21 19:45:01,055 - INFO - [2016preVFP] MISSING_SYSTEMATIC: SR1E2Mu/JetEn_Up/NMinusOne/njet_ge2/n_jets in Skim_TriLep_TTZToLLNuNu.root
2026-07-21 19:45:01,055 - INFO - [2016preVFP] MISSING_SYSTEMATIC: SR1E2Mu/JetEn_Down/NMinusOne/njet_ge2/n_jets in Skim_TriLep_TTZToLLNuNu.root
2026-07-21 19:45:01,056 - INFO - [2016preVFP] MISSING_SYSTEMATIC: SR1E2Mu/JetRes_Up/NMinusOne/njet_ge2/n_jets in Skim_TriLep_TTZToLLNuNu.root
2026-07-21 19:45:01,056 - INFO - [2016preVFP] MISSING_SYSTEMATIC: SR1E2Mu/JetRes_Down/NMinusOne/njet_ge2/n_jets in Skim_TriLep_TTZToLLNuNu.root
2026-07-21 19:45:01,056 - INFO - [2016preVFP] MISSING_SYSTEMATIC: SR1E2Mu/MuonEn_Up/NMinusOne/njet_ge2/n_jets in Skim_TriLep_TTZToLLNuNu.root
2026-07-21 19:45:01,056 - INFO - [2016preVFP] MISSING_SYSTEMATIC: SR1E2Mu/MuonEn_Down/NMinusOne/njet_ge2/n_jets in Skim_TriLep_TTZToLLNuNu.root
2026-07-21 19:45:01,057 - INFO - [2016preVFP] MISSING_SYSTEMATIC: SR1E2Mu/ElectronEn_Up/NMinusOne/njet_ge2/n_jets in Skim_TriLep_TTZToLLNuNu.root
2026-07-21 19:45:01,057 - INFO - [2016preVFP] MISSING_SYSTEMATIC: SR1E2Mu/ElectronEn_Down/NMinusOne/njet_ge2/n_jets in Skim_TriLep_TTZToLLNuNu.root
2026-07-21 19:45:01,058 - INFO - [2016preVFP] MISSING_SYSTEMATIC: SR1E2Mu/ElectronRes_Up/NMinusOne/njet_ge2/n_jets in Skim_TriLep_TTZToLLNuNu.root
2026-07-21 19:45:01,058 - INFO - [2016preVFP] MISSING_SYSTEMATIC: SR1E2Mu/ElectronRes_Down/NMinusOne/njet_ge2/n_jets in Skim_TriLep_TTZToLLNuNu.root
2026-07-21 19:45:01,058 - INFO - [2016preVFP] MISSING_SYSTEMATIC: SR1E2Mu/UnclusteredEn_Up/NMinusOne/njet_ge2/n_jets in Skim_TriLep_TTZToLLNuNu.root
2026-07-21 19:45:01,058 - INFO - [2016preVFP] MISSING_SYSTEMATIC: SR1E2Mu/UnclusteredEn_Down/NMinusOne/njet_ge2/n_jets in Skim_TriLep_TTZToLLNuNu.root
2026-07-21 19:45:01,059 - INFO - [2016preVFP] MISSING_SYSTEMATIC: SR1E2Mu/BtagSF_HFcorr_Up/NMinusOne/njet_ge2/n_jets in Skim_TriLep_TTZToLLNuNu.root
2026-07-21 19:45:01,059 - INFO - [2016preVFP] MISSING_SYSTEMATIC: SR1E2Mu/BtagSF_HFcorr_Down/NMinusOne/njet_ge2/n_jets in Skim_TriLep_TTZToLLNuNu.root
2026-07-21 19:45:01,060 - INFO - [2016preVFP] MISSING_SYSTEMATIC: SR1E2Mu/BtagSF_HFuncorr_Up/NMinusOne/njet_ge2/n_jets in Skim_TriLep_TTZToLLNuNu.root
2026-07-21 19:45:01,060 - INFO - [2016preVFP] MISSING_SYSTEMATIC: SR1E2Mu/BtagSF_HFuncorr_Down/NMinusOne/njet_ge2/n_jets in Skim_TriLep_TTZToLLNuNu.root
2026-07-21 19:45:01,060 - INFO - [2016preVFP] MISSING_SYSTEMATIC: SR1E2Mu/BtagSF_LFcorr_Up/NMinusOne/njet_ge2/n_jets in Skim_TriLep_TTZToLLNuNu.root
2026-07-21 19:45:01,060 - INFO - [2016preVFP] MISSING_SYSTEMATIC: SR1E2Mu/BtagSF_LFcorr_Down/NMinusOne/njet_ge2/n_jets in Skim_TriLep_TTZToLLNuNu.root
2026-07-21 19:45:01,061 - INFO - [2016preVFP] MISSING_SYSTEMATIC: SR1E2Mu/BtagSF_LFuncorr_Up/NMinusOne/njet_ge2/n_jets in Skim_TriLep_TTZToLLNuNu.root
2026-07-21 19:45:01,061 - INFO - [2016preVFP] MISSING_SYSTEMATIC: SR1E2Mu/BtagSF_LFuncorr_Down/NMinusOne/njet_ge2/n_jets in Skim_TriLep_TTZToLLNuNu.root
2026-07-21 19:45:01,062 - INFO - [2016preVFP] MISSING_SYSTEMATIC: SR1E2Mu/L1Prefire_Up/NMinusOne/njet_ge2/n_jets in Skim_TriLep_TTHToNonbb.root
2026-07-21 19:45:01,062 - INFO - [2016preVFP] MISSING_SYSTEMATIC: SR1E2Mu/L1Prefire_Down/NMinusOne/njet_ge2/n_jets in Skim_TriLep_TTHToNonbb.root
2026-07-21 19:45:01,063 - INFO - [2016preVFP] MISSING_SYSTEMATIC: SR1E2Mu/PileupReweight_Up/NMinusOne/njet_ge2/n_jets in Skim_TriLep_TTHToNonbb.root
2026-07-21 19:45:01,063 - INFO - [2016preVFP] MISSING_SYSTEMATIC: SR1E2Mu/PileupReweight_Down/NMinusOne/njet_ge2/n_jets in Skim_TriLep_TTHToNonbb.root
2026-07-21 19:45:01,063 - INFO - [2016preVFP] MISSING_SYSTEMATIC: SR1E2Mu/PileupJetIDSF_Up/NMinusOne/njet_ge2/n_jets in Skim_TriLep_TTHToNonbb.root
2026-07-21 19:45:01,063 - INFO - [2016preVFP] MISSING_SYSTEMATIC: SR1E2Mu/PileupJetIDSF_Down/NMinusOne/njet_ge2/n_jets in Skim_TriLep_TTHToNonbb.root
2026-07-21 19:45:01,064 - INFO - [2016preVFP] MISSING_SYSTEMATIC: SR1E2Mu/MuonIDSF_Up/NMinusOne/njet_ge2/n_jets in Skim_TriLep_TTHToNonbb.root
2026-07-21 19:45:01,064 - INFO - [2016preVFP] MISSING_SYSTEMATIC: SR1E2Mu/MuonIDSF_Down/NMinusOne/njet_ge2/n_jets in Skim_TriLep_TTHToNonbb.root
2026-07-21 19:45:01,065 - INFO - [2016preVFP] MISSING_SYSTEMATIC: SR1E2Mu/ElectronIDSF_Up/NMinusOne/njet_ge2/n_jets in Skim_TriLep_TTHToNonbb.root
2026-07-21 19:45:01,065 - INFO - [2016preVFP] MISSING_SYSTEMATIC: SR1E2Mu/ElectronIDSF_Down/NMinusOne/njet_ge2/n_jets in Skim_TriLep_TTHToNonbb.root
2026-07-21 19:45:01,065 - INFO - [2016preVFP] MISSING_SYSTEMATIC: SR1E2Mu/EMuTrigSF_Up/NMinusOne/njet_ge2/n_jets in Skim_TriLep_TTHToNonbb.root
2026-07-21 19:45:01,065 - INFO - [2016preVFP] MISSING_SYSTEMATIC: SR1E2Mu/EMuTrigSF_Down/NMinusOne/njet_ge2/n_jets in Skim_TriLep_TTHToNonbb.root
2026-07-21 19:45:01,066 - INFO - [2016preVFP] MISSING_SYSTEMATIC: SR1E2Mu/JetEn_Up/NMinusOne/njet_ge2/n_jets in Skim_TriLep_TTHToNonbb.root
2026-07-21 19:45:01,066 - INFO - [2016preVFP] MISSING_SYSTEMATIC: SR1E2Mu/JetEn_Down/NMinusOne/njet_ge2/n_jets in Skim_TriLep_TTHToNonbb.root
2026-07-21 19:45:01,067 - INFO - [2016preVFP] MISSING_SYSTEMATIC: SR1E2Mu/JetRes_Up/NMinusOne/njet_ge2/n_jets in Skim_TriLep_TTHToNonbb.root
2026-07-21 19:45:01,067 - INFO - [2016preVFP] MISSING_SYSTEMATIC: SR1E2Mu/JetRes_Down/NMinusOne/njet_ge2/n_jets in Skim_TriLep_TTHToNonbb.root
2026-07-21 19:45:01,067 - INFO - [2016preVFP] MISSING_SYSTEMATIC: SR1E2Mu/MuonEn_Up/NMinusOne/njet_ge2/n_jets in Skim_TriLep_TTHToNonbb.root
2026-07-21 19:45:01,067 - INFO - [2016preVFP] MISSING_SYSTEMATIC: SR1E2Mu/MuonEn_Down/NMinusOne/njet_ge2/n_jets in Skim_TriLep_TTHToNonbb.root
2026-07-21 19:45:01,068 - INFO - [2016preVFP] MISSING_SYSTEMATIC: SR1E2Mu/ElectronEn_Up/NMinusOne/njet_ge2/n_jets in Skim_TriLep_TTHToNonbb.root
2026-07-21 19:45:01,068 - INFO - [2016preVFP] MISSING_SYSTEMATIC: SR1E2Mu/ElectronEn_Down/NMinusOne/njet_ge2/n_jets in Skim_TriLep_TTHToNonbb.root
2026-07-21 19:45:01,069 - INFO - [2016preVFP] MISSING_SYSTEMATIC: SR1E2Mu/ElectronRes_Up/NMinusOne/njet_ge2/n_jets in Skim_TriLep_TTHToNonbb.root
2026-07-21 19:45:01,069 - INFO - [2016preVFP] MISSING_SYSTEMATIC: SR1E2Mu/ElectronRes_Down/NMinusOne/njet_ge2/n_jets in Skim_TriLep_TTHToNonbb.root
2026-07-21 19:45:01,069 - INFO - [2016preVFP] MISSING_SYSTEMATIC: SR1E2Mu/UnclusteredEn_Up/NMinusOne/njet_ge2/n_jets in Skim_TriLep_TTHToNonbb.root
2026-07-21 19:45:01,069 - INFO - [2016preVFP] MISSING_SYSTEMATIC: SR1E2Mu/UnclusteredEn_Down/NMinusOne/njet_ge2/n_jets in Skim_TriLep_TTHToNonbb.root
2026-07-21 19:45:01,070 - INFO - [2016preVFP] MISSING_SYSTEMATIC: SR1E2Mu/BtagSF_HFcorr_Up/NMinusOne/njet_ge2/n_jets in Skim_TriLep_TTHToNonbb.root
2026-07-21 19:45:01,070 - INFO - [2016preVFP] MISSING_SYSTEMATIC: SR1E2Mu/BtagSF_HFcorr_Down/NMinusOne/njet_ge2/n_jets in Skim_TriLep_TTHToNonbb.root
2026-07-21 19:45:01,071 - INFO - [2016preVFP] MISSING_SYSTEMATIC: SR1E2Mu/BtagSF_HFuncorr_Up/NMinusOne/njet_ge2/n_jets in Skim_TriLep_TTHToNonbb.root
2026-07-21 19:45:01,071 - INFO - [2016preVFP] MISSING_SYSTEMATIC: SR1E2Mu/BtagSF_HFuncorr_Down/NMinusOne/njet_ge2/n_jets in Skim_TriLep_TTHToNonbb.root
2026-07-21 19:45:01,071 - INFO - [2016preVFP] MISSING_SYSTEMATIC: SR1E2Mu/BtagSF_LFcorr_Up/NMinusOne/njet_ge2/n_jets in Skim_TriLep_TTHToNonbb.root
2026-07-21 19:45:01,071 - INFO - [2016preVFP] MISSING_SYSTEMATIC: SR1E2Mu/BtagSF_LFcorr_Down/NMinusOne/njet_ge2/n_jets in Skim_TriLep_TTHToNonbb.root
2026-07-21 19:45:01,072 - INFO - [2016preVFP] MISSING_SYSTEMATIC: SR1E2Mu/BtagSF_LFuncorr_Up/NMinusOne/njet_ge2/n_jets in Skim_TriLep_TTHToNonbb.root
2026-07-21 19:45:01,072 - INFO - [2016preVFP] MISSING_SYSTEMATIC: SR1E2Mu/BtagSF_LFuncorr_Down/NMinusOne/njet_ge2/n_jets in Skim_TriLep_TTHToNonbb.root
2026-07-21 19:45:01,073 - INFO - [2016preVFP] MISSING_SYSTEMATIC: SR1E2Mu/L1Prefire_Up/NMinusOne/njet_ge2/n_jets in Skim_TriLep_tZq.root
2026-07-21 19:45:01,073 - INFO - [2016preVFP] MISSING_SYSTEMATIC: SR1E2Mu/L1Prefire_Down/NMinusOne/njet_ge2/n_jets in Skim_TriLep_tZq.root
2026-07-21 19:45:01,074 - INFO - [2016preVFP] MISSING_SYSTEMATIC: SR1E2Mu/PileupReweight_Up/NMinusOne/njet_ge2/n_jets in Skim_TriLep_tZq.root
2026-07-21 19:45:01,074 - INFO - [2016preVFP] MISSING_SYSTEMATIC: SR1E2Mu/PileupReweight_Down/NMinusOne/njet_ge2/n_jets in Skim_TriLep_tZq.root
2026-07-21 19:45:01,074 - INFO - [2016preVFP] MISSING_SYSTEMATIC: SR1E2Mu/PileupJetIDSF_Up/NMinusOne/njet_ge2/n_jets in Skim_TriLep_tZq.root
2026-07-21 19:45:01,074 - INFO - [2016preVFP] MISSING_SYSTEMATIC: SR1E2Mu/PileupJetIDSF_Down/NMinusOne/njet_ge2/n_jets in Skim_TriLep_tZq.root
2026-07-21 19:45:01,075 - INFO - [2016preVFP] MISSING_SYSTEMATIC: SR1E2Mu/MuonIDSF_Up/NMinusOne/njet_ge2/n_jets in Skim_TriLep_tZq.root
2026-07-21 19:45:01,075 - INFO - [2016preVFP] MISSING_SYSTEMATIC: SR1E2Mu/MuonIDSF_Down/NMinusOne/njet_ge2/n_jets in Skim_TriLep_tZq.root
2026-07-21 19:45:01,076 - INFO - [2016preVFP] MISSING_SYSTEMATIC: SR1E2Mu/ElectronIDSF_Up/NMinusOne/njet_ge2/n_jets in Skim_TriLep_tZq.root
2026-07-21 19:45:01,076 - INFO - [2016preVFP] MISSING_SYSTEMATIC: SR1E2Mu/ElectronIDSF_Down/NMinusOne/njet_ge2/n_jets in Skim_TriLep_tZq.root
2026-07-21 19:45:01,076 - INFO - [2016preVFP] MISSING_SYSTEMATIC: SR1E2Mu/EMuTrigSF_Up/NMinusOne/njet_ge2/n_jets in Skim_TriLep_tZq.root
2026-07-21 19:45:01,076 - INFO - [2016preVFP] MISSING_SYSTEMATIC: SR1E2Mu/EMuTrigSF_Down/NMinusOne/njet_ge2/n_jets in Skim_TriLep_tZq.root
2026-07-21 19:45:01,077 - INFO - [2016preVFP] MISSING_SYSTEMATIC: SR1E2Mu/JetEn_Up/NMinusOne/njet_ge2/n_jets in Skim_TriLep_tZq.root
2026-07-21 19:45:01,077 - INFO - [2016preVFP] MISSING_SYSTEMATIC: SR1E2Mu/JetEn_Down/NMinusOne/njet_ge2/n_jets in Skim_TriLep_tZq.root
2026-07-21 19:45:01,078 - INFO - [2016preVFP] MISSING_SYSTEMATIC: SR1E2Mu/JetRes_Up/NMinusOne/njet_ge2/n_jets in Skim_TriLep_tZq.root
2026-07-21 19:45:01,078 - INFO - [2016preVFP] MISSING_SYSTEMATIC: SR1E2Mu/JetRes_Down/NMinusOne/njet_ge2/n_jets in Skim_TriLep_tZq.root
2026-07-21 19:45:01,078 - INFO - [2016preVFP] MISSING_SYSTEMATIC: SR1E2Mu/MuonEn_Up/NMinusOne/njet_ge2/n_jets in Skim_TriLep_tZq.root
2026-07-21 19:45:01,078 - INFO - [2016preVFP] MISSING_SYSTEMATIC: SR1E2Mu/MuonEn_Down/NMinusOne/njet_ge2/n_jets in Skim_TriLep_tZq.root
2026-07-21 19:45:01,079 - INFO - [2016preVFP] MISSING_SYSTEMATIC: SR1E2Mu/ElectronEn_Up/NMinusOne/njet_ge2/n_jets in Skim_TriLep_tZq.root
2026-07-21 19:45:01,079 - INFO - [2016preVFP] MISSING_SYSTEMATIC: SR1E2Mu/ElectronEn_Down/NMinusOne/njet_ge2/n_jets in Skim_TriLep_tZq.root
2026-07-21 19:45:01,080 - INFO - [2016preVFP] MISSING_SYSTEMATIC: SR1E2Mu/ElectronRes_Up/NMinusOne/njet_ge2/n_jets in Skim_TriLep_tZq.root
2026-07-21 19:45:01,080 - INFO - [2016preVFP] MISSING_SYSTEMATIC: SR1E2Mu/ElectronRes_Down/NMinusOne/njet_ge2/n_jets in Skim_TriLep_tZq.root
2026-07-21 19:45:01,080 - INFO - [2016preVFP] MISSING_SYSTEMATIC: SR1E2Mu/UnclusteredEn_Up/NMinusOne/njet_ge2/n_jets in Skim_TriLep_tZq.root
2026-07-21 19:45:01,080 - INFO - [2016preVFP] MISSING_SYSTEMATIC: SR1E2Mu/UnclusteredEn_Down/NMinusOne/njet_ge2/n_jets in Skim_TriLep_tZq.root
2026-07-21 19:45:01,081 - INFO - [2016preVFP] MISSING_SYSTEMATIC: SR1E2Mu/BtagSF_HFcorr_Up/NMinusOne/njet_ge2/n_jets in Skim_TriLep_tZq.root
2026-07-21 19:45:01,081 - INFO - [2016preVFP] MISSING_SYSTEMATIC: SR1E2Mu/BtagSF_HFcorr_Down/NMinusOne/njet_ge2/n_jets in Skim_TriLep_tZq.root
2026-07-21 19:45:01,082 - INFO - [2016preVFP] MISSING_SYSTEMATIC: SR1E2Mu/BtagSF_HFuncorr_Up/NMinusOne/njet_ge2/n_jets in Skim_TriLep_tZq.root
2026-07-21 19:45:01,082 - INFO - [2016preVFP] MISSING_SYSTEMATIC: SR1E2Mu/BtagSF_HFuncorr_Down/NMinusOne/njet_ge2/n_jets in Skim_TriLep_tZq.root
2026-07-21 19:45:01,082 - INFO - [2016preVFP] MISSING_SYSTEMATIC: SR1E2Mu/BtagSF_LFcorr_Up/NMinusOne/njet_ge2/n_jets in Skim_TriLep_tZq.root
2026-07-21 19:45:01,082 - INFO - [2016preVFP] MISSING_SYSTEMATIC: SR1E2Mu/BtagSF_LFcorr_Down/NMinusOne/njet_ge2/n_jets in Skim_TriLep_tZq.root
2026-07-21 19:45:01,083 - INFO - [2016preVFP] MISSING_SYSTEMATIC: SR1E2Mu/BtagSF_LFuncorr_Up/NMinusOne/njet_ge2/n_jets in Skim_TriLep_tZq.root
2026-07-21 19:45:01,083 - INFO - [2016preVFP] MISSING_SYSTEMATIC: SR1E2Mu/BtagSF_LFuncorr_Down/NMinusOne/njet_ge2/n_jets in Skim_TriLep_tZq.root
2026-07-21 19:45:01,084 - INFO - [2016preVFP] MISSING_SYSTEMATIC: SR1E2Mu/L1Prefire_Up/NMinusOne/njet_ge2/n_jets in Skim_TriLep_WZTo3LNu_amcatnlo.root
2026-07-21 19:45:01,084 - INFO - [2016preVFP] MISSING_SYSTEMATIC: SR1E2Mu/L1Prefire_Down/NMinusOne/njet_ge2/n_jets in Skim_TriLep_WZTo3LNu_amcatnlo.root
2026-07-21 19:45:01,085 - INFO - [2016preVFP] MISSING_SYSTEMATIC: SR1E2Mu/PileupReweight_Up/NMinusOne/njet_ge2/n_jets in Skim_TriLep_WZTo3LNu_amcatnlo.root
2026-07-21 19:45:01,085 - INFO - [2016preVFP] MISSING_SYSTEMATIC: SR1E2Mu/PileupReweight_Down/NMinusOne/njet_ge2/n_jets in Skim_TriLep_WZTo3LNu_amcatnlo.root
2026-07-21 19:45:01,085 - INFO - [2016preVFP] MISSING_SYSTEMATIC: SR1E2Mu/PileupJetIDSF_Up/NMinusOne/njet_ge2/n_jets in Skim_TriLep_WZTo3LNu_amcatnlo.root
2026-07-21 19:45:01,085 - INFO - [2016preVFP] MISSING_SYSTEMATIC: SR1E2Mu/PileupJetIDSF_Down/NMinusOne/njet_ge2/n_jets in Skim_TriLep_WZTo3LNu_amcatnlo.root
2026-07-21 19:45:01,086 - INFO - [2016preVFP] MISSING_SYSTEMATIC: SR1E2Mu/MuonIDSF_Up/NMinusOne/njet_ge2/n_jets in Skim_TriLep_WZTo3LNu_amcatnlo.root
2026-07-21 19:45:01,086 - INFO - [2016preVFP] MISSING_SYSTEMATIC: SR1E2Mu/MuonIDSF_Down/NMinusOne/njet_ge2/n_jets in Skim_TriLep_WZTo3LNu_amcatnlo.root
2026-07-21 19:45:01,087 - INFO - [2016preVFP] MISSING_SYSTEMATIC: SR1E2Mu/ElectronIDSF_Up/NMinusOne/njet_ge2/n_jets in Skim_TriLep_WZTo3LNu_amcatnlo.root
2026-07-21 19:45:01,087 - INFO - [2016preVFP] MISSING_SYSTEMATIC: SR1E2Mu/ElectronIDSF_Down/NMinusOne/njet_ge2/n_jets in Skim_TriLep_WZTo3LNu_amcatnlo.root
2026-07-21 19:45:01,087 - INFO - [2016preVFP] MISSING_SYSTEMATIC: SR1E2Mu/EMuTrigSF_Up/NMinusOne/njet_ge2/n_jets in Skim_TriLep_WZTo3LNu_amcatnlo.root
2026-07-21 19:45:01,087 - INFO - [2016preVFP] MISSING_SYSTEMATIC: SR1E2Mu/EMuTrigSF_Down/NMinusOne/njet_ge2/n_jets in Skim_TriLep_WZTo3LNu_amcatnlo.root
2026-07-21 19:45:01,088 - INFO - [2016preVFP] MISSING_SYSTEMATIC: SR1E2Mu/JetEn_Up/NMinusOne/njet_ge2/n_jets in Skim_TriLep_WZTo3LNu_amcatnlo.root
2026-07-21 19:45:01,088 - INFO - [2016preVFP] MISSING_SYSTEMATIC: SR1E2Mu/JetEn_Down/NMinusOne/njet_ge2/n_jets in Skim_TriLep_WZTo3LNu_amcatnlo.root
2026-07-21 19:45:01,089 - INFO - [2016preVFP] MISSING_SYSTEMATIC: SR1E2Mu/JetRes_Up/NMinusOne/njet_ge2/n_jets in Skim_TriLep_WZTo3LNu_amcatnlo.root
2026-07-21 19:45:01,089 - INFO - [2016preVFP] MISSING_SYSTEMATIC: SR1E2Mu/JetRes_Down/NMinusOne/njet_ge2/n_jets in Skim_TriLep_WZTo3LNu_amcatnlo.root
2026-07-21 19:45:01,090 - INFO - [2016preVFP] MISSING_SYSTEMATIC: SR1E2Mu/MuonEn_Up/NMinusOne/njet_ge2/n_jets in Skim_TriLep_WZTo3LNu_amcatnlo.root
2026-07-21 19:45:01,090 - INFO - [2016preVFP] MISSING_SYSTEMATIC: SR1E2Mu/MuonEn_Down/NMinusOne/njet_ge2/n_jets in Skim_TriLep_WZTo3LNu_amcatnlo.root
2026-07-21 19:45:01,090 - INFO - [2016preVFP] MISSING_SYSTEMATIC: SR1E2Mu/ElectronEn_Up/NMinusOne/njet_ge2/n_jets in Skim_TriLep_WZTo3LNu_amcatnlo.root
2026-07-21 19:45:01,090 - INFO - [2016preVFP] MISSING_SYSTEMATIC: SR1E2Mu/ElectronEn_Down/NMinusOne/njet_ge2/n_jets in Skim_TriLep_WZTo3LNu_amcatnlo.root
2026-07-21 19:45:01,091 - INFO - [2016preVFP] MISSING_SYSTEMATIC: SR1E2Mu/ElectronRes_Up/NMinusOne/njet_ge2/n_jets in Skim_TriLep_WZTo3LNu_amcatnlo.root
2026-07-21 19:45:01,091 - INFO - [2016preVFP] MISSING_SYSTEMATIC: SR1E2Mu/ElectronRes_Down/NMinusOne/njet_ge2/n_jets in Skim_TriLep_WZTo3LNu_amcatnlo.root
2026-07-21 19:45:01,092 - INFO - [2016preVFP] MISSING_SYSTEMATIC: SR1E2Mu/UnclusteredEn_Up/NMinusOne/njet_ge2/n_jets in Skim_TriLep_WZTo3LNu_amcatnlo.root
2026-07-21 19:45:01,092 - INFO - [2016preVFP] MISSING_SYSTEMATIC: SR1E2Mu/UnclusteredEn_Down/NMinusOne/njet_ge2/n_jets in Skim_TriLep_WZTo3LNu_amcatnlo.root
2026-07-21 19:45:01,092 - INFO - [2016preVFP] MISSING_SYSTEMATIC: SR1E2Mu/BtagSF_HFcorr_Up/NMinusOne/njet_ge2/n_jets in Skim_TriLep_WZTo3LNu_amcatnlo.root
2026-07-21 19:45:01,092 - INFO - [2016preVFP] MISSING_SYSTEMATIC: SR1E2Mu/BtagSF_HFcorr_Down/NMinusOne/njet_ge2/n_jets in Skim_TriLep_WZTo3LNu_amcatnlo.root
2026-07-21 19:45:01,093 - INFO - [2016preVFP] MISSING_SYSTEMATIC: SR1E2Mu/BtagSF_HFuncorr_Up/NMinusOne/njet_ge2/n_jets in Skim_TriLep_WZTo3LNu_amcatnlo.root
2026-07-21 19:45:01,093 - INFO - [2016preVFP] MISSING_SYSTEMATIC: SR1E2Mu/BtagSF_HFuncorr_Down/NMinusOne/njet_ge2/n_jets in Skim_TriLep_WZTo3LNu_amcatnlo.root
2026-07-21 19:45:01,094 - INFO - [2016preVFP] MISSING_SYSTEMATIC: SR1E2Mu/BtagSF_LFcorr_Up/NMinusOne/njet_ge2/n_jets in Skim_TriLep_WZTo3LNu_amcatnlo.root
2026-07-21 19:45:01,094 - INFO - [2016preVFP] MISSING_SYSTEMATIC: SR1E2Mu/BtagSF_LFcorr_Down/NMinusOne/njet_ge2/n_jets in Skim_TriLep_WZTo3LNu_amcatnlo.root
2026-07-21 19:45:01,094 - INFO - [2016preVFP] MISSING_SYSTEMATIC: SR1E2Mu/BtagSF_LFuncorr_Up/NMinusOne/njet_ge2/n_jets in Skim_TriLep_WZTo3LNu_amcatnlo.root
2026-07-21 19:45:01,094 - INFO - [2016preVFP] MISSING_SYSTEMATIC: SR1E2Mu/BtagSF_LFuncorr_Down/NMinusOne/njet_ge2/n_jets in Skim_TriLep_WZTo3LNu_amcatnlo.root
2026-07-21 19:45:01,095 - INFO - [2016preVFP] MISSING_SYSTEMATIC: SR1E2Mu/L1Prefire_Up/NMinusOne/njet_ge2/n_jets in Skim_TriLep_ZZTo4L_powheg.root
2026-07-21 19:45:01,095 - INFO - [2016preVFP] MISSING_SYSTEMATIC: SR1E2Mu/L1Prefire_Down/NMinusOne/njet_ge2/n_jets in Skim_TriLep_ZZTo4L_powheg.root
2026-07-21 19:45:01,096 - INFO - [2016preVFP] MISSING_SYSTEMATIC: SR1E2Mu/PileupReweight_Up/NMinusOne/njet_ge2/n_jets in Skim_TriLep_ZZTo4L_powheg.root
2026-07-21 19:45:01,096 - INFO - [2016preVFP] MISSING_SYSTEMATIC: SR1E2Mu/PileupReweight_Down/NMinusOne/njet_ge2/n_jets in Skim_TriLep_ZZTo4L_powheg.root
2026-07-21 19:45:01,097 - INFO - [2016preVFP] MISSING_SYSTEMATIC: SR1E2Mu/PileupJetIDSF_Up/NMinusOne/njet_ge2/n_jets in Skim_TriLep_ZZTo4L_powheg.root
2026-07-21 19:45:01,097 - INFO - [2016preVFP] MISSING_SYSTEMATIC: SR1E2Mu/PileupJetIDSF_Down/NMinusOne/njet_ge2/n_jets in Skim_TriLep_ZZTo4L_powheg.root
2026-07-21 19:45:01,097 - INFO - [2016preVFP] MISSING_SYSTEMATIC: SR1E2Mu/MuonIDSF_Up/NMinusOne/njet_ge2/n_jets in Skim_TriLep_ZZTo4L_powheg.root
2026-07-21 19:45:01,097 - INFO - [2016preVFP] MISSING_SYSTEMATIC: SR1E2Mu/MuonIDSF_Down/NMinusOne/njet_ge2/n_jets in Skim_TriLep_ZZTo4L_powheg.root
2026-07-21 19:45:01,098 - INFO - [2016preVFP] MISSING_SYSTEMATIC: SR1E2Mu/ElectronIDSF_Up/NMinusOne/njet_ge2/n_jets in Skim_TriLep_ZZTo4L_powheg.root
2026-07-21 19:45:01,098 - INFO - [2016preVFP] MISSING_SYSTEMATIC: SR1E2Mu/ElectronIDSF_Down/NMinusOne/njet_ge2/n_jets in Skim_TriLep_ZZTo4L_powheg.root
2026-07-21 19:45:01,099 - INFO - [2016preVFP] MISSING_SYSTEMATIC: SR1E2Mu/EMuTrigSF_Up/NMinusOne/njet_ge2/n_jets in Skim_TriLep_ZZTo4L_powheg.root
2026-07-21 19:45:01,099 - INFO - [2016preVFP] MISSING_SYSTEMATIC: SR1E2Mu/EMuTrigSF_Down/NMinusOne/njet_ge2/n_jets in Skim_TriLep_ZZTo4L_powheg.root
2026-07-21 19:45:01,099 - INFO - [2016preVFP] MISSING_SYSTEMATIC: SR1E2Mu/JetEn_Up/NMinusOne/njet_ge2/n_jets in Skim_TriLep_ZZTo4L_powheg.root
2026-07-21 19:45:01,099 - INFO - [2016preVFP] MISSING_SYSTEMATIC: SR1E2Mu/JetEn_Down/NMinusOne/njet_ge2/n_jets in Skim_TriLep_ZZTo4L_powheg.root
2026-07-21 19:45:01,100 - INFO - [2016preVFP] MISSING_SYSTEMATIC: SR1E2Mu/JetRes_Up/NMinusOne/njet_ge2/n_jets in Skim_TriLep_ZZTo4L_powheg.root
2026-07-21 19:45:01,100 - INFO - [2016preVFP] MISSING_SYSTEMATIC: SR1E2Mu/JetRes_Down/NMinusOne/njet_ge2/n_jets in Skim_TriLep_ZZTo4L_powheg.root
2026-07-21 19:45:01,101 - INFO - [2016preVFP] MISSING_SYSTEMATIC: SR1E2Mu/MuonEn_Up/NMinusOne/njet_ge2/n_jets in Skim_TriLep_ZZTo4L_powheg.root
2026-07-21 19:45:01,101 - INFO - [2016preVFP] MISSING_SYSTEMATIC: SR1E2Mu/MuonEn_Down/NMinusOne/njet_ge2/n_jets in Skim_TriLep_ZZTo4L_powheg.root
2026-07-21 19:45:01,101 - INFO - [2016preVFP] MISSING_SYSTEMATIC: SR1E2Mu/ElectronEn_Up/NMinusOne/njet_ge2/n_jets in Skim_TriLep_ZZTo4L_powheg.root
2026-07-21 19:45:01,101 - INFO - [2016preVFP] MISSING_SYSTEMATIC: SR1E2Mu/ElectronEn_Down/NMinusOne/njet_ge2/n_jets in Skim_TriLep_ZZTo4L_powheg.root
2026-07-21 19:45:01,102 - INFO - [2016preVFP] MISSING_SYSTEMATIC: SR1E2Mu/ElectronRes_Up/NMinusOne/njet_ge2/n_jets in Skim_TriLep_ZZTo4L_powheg.root
2026-07-21 19:45:01,102 - INFO - [2016preVFP] MISSING_SYSTEMATIC: SR1E2Mu/ElectronRes_Down/NMinusOne/njet_ge2/n_jets in Skim_TriLep_ZZTo4L_powheg.root
2026-07-21 19:45:01,103 - INFO - [2016preVFP] MISSING_SYSTEMATIC: SR1E2Mu/UnclusteredEn_Up/NMinusOne/njet_ge2/n_jets in Skim_TriLep_ZZTo4L_powheg.root
2026-07-21 19:45:01,103 - INFO - [2016preVFP] MISSING_SYSTEMATIC: SR1E2Mu/UnclusteredEn_Down/NMinusOne/njet_ge2/n_jets in Skim_TriLep_ZZTo4L_powheg.root
2026-07-21 19:45:01,103 - INFO - [2016preVFP] MISSING_SYSTEMATIC: SR1E2Mu/BtagSF_HFcorr_Up/NMinusOne/njet_ge2/n_jets in Skim_TriLep_ZZTo4L_powheg.root
2026-07-21 19:45:01,103 - INFO - [2016preVFP] MISSING_SYSTEMATIC: SR1E2Mu/BtagSF_HFcorr_Down/NMinusOne/njet_ge2/n_jets in Skim_TriLep_ZZTo4L_powheg.root
2026-07-21 19:45:01,104 - INFO - [2016preVFP] MISSING_SYSTEMATIC: SR1E2Mu/BtagSF_HFuncorr_Up/NMinusOne/njet_ge2/n_jets in Skim_TriLep_ZZTo4L_powheg.root
2026-07-21 19:45:01,104 - INFO - [2016preVFP] MISSING_SYSTEMATIC: SR1E2Mu/BtagSF_HFuncorr_Down/NMinusOne/njet_ge2/n_jets in Skim_TriLep_ZZTo4L_powheg.root
2026-07-21 19:45:01,105 - INFO - [2016preVFP] MISSING_SYSTEMATIC: SR1E2Mu/BtagSF_LFcorr_Up/NMinusOne/njet_ge2/n_jets in Skim_TriLep_ZZTo4L_powheg.root
2026-07-21 19:45:01,105 - INFO - [2016preVFP] MISSING_SYSTEMATIC: SR1E2Mu/BtagSF_LFcorr_Down/NMinusOne/njet_ge2/n_jets in Skim_TriLep_ZZTo4L_powheg.root
2026-07-21 19:45:01,105 - INFO - [2016preVFP] MISSING_SYSTEMATIC: SR1E2Mu/BtagSF_LFuncorr_Up/NMinusOne/njet_ge2/n_jets in Skim_TriLep_ZZTo4L_powheg.root
2026-07-21 19:45:01,105 - INFO - [2016preVFP] MISSING_SYSTEMATIC: SR1E2Mu/BtagSF_LFuncorr_Down/NMinusOne/njet_ge2/n_jets in Skim_TriLep_ZZTo4L_powheg.root
2026-07-21 19:45:01,106 - INFO - [2016preVFP] MISSING_SYSTEMATIC: SR1E2Mu/L1Prefire_Up/NMinusOne/njet_ge2/n_jets in Skim_TriLep_tHq.root
2026-07-21 19:45:01,106 - INFO - [2016preVFP] MISSING_SYSTEMATIC: SR1E2Mu/L1Prefire_Down/NMinusOne/njet_ge2/n_jets in Skim_TriLep_tHq.root
2026-07-21 19:45:01,107 - INFO - [2016preVFP] MISSING_SYSTEMATIC: SR1E2Mu/PileupReweight_Up/NMinusOne/njet_ge2/n_jets in Skim_TriLep_tHq.root
2026-07-21 19:45:01,107 - INFO - [2016preVFP] MISSING_SYSTEMATIC: SR1E2Mu/PileupReweight_Down/NMinusOne/njet_ge2/n_jets in Skim_TriLep_tHq.root
2026-07-21 19:45:01,108 - INFO - [2016preVFP] MISSING_SYSTEMATIC: SR1E2Mu/PileupJetIDSF_Up/NMinusOne/njet_ge2/n_jets in Skim_TriLep_tHq.root
2026-07-21 19:45:01,108 - INFO - [2016preVFP] MISSING_SYSTEMATIC: SR1E2Mu/PileupJetIDSF_Down/NMinusOne/njet_ge2/n_jets in Skim_TriLep_tHq.root
2026-07-21 19:45:01,108 - INFO - [2016preVFP] MISSING_SYSTEMATIC: SR1E2Mu/MuonIDSF_Up/NMinusOne/njet_ge2/n_jets in Skim_TriLep_tHq.root
2026-07-21 19:45:01,108 - INFO - [2016preVFP] MISSING_SYSTEMATIC: SR1E2Mu/MuonIDSF_Down/NMinusOne/njet_ge2/n_jets in Skim_TriLep_tHq.root
2026-07-21 19:45:01,109 - INFO - [2016preVFP] MISSING_SYSTEMATIC: SR1E2Mu/ElectronIDSF_Up/NMinusOne/njet_ge2/n_jets in Skim_TriLep_tHq.root
2026-07-21 19:45:01,109 - INFO - [2016preVFP] MISSING_SYSTEMATIC: SR1E2Mu/ElectronIDSF_Down/NMinusOne/njet_ge2/n_jets in Skim_TriLep_tHq.root
2026-07-21 19:45:01,110 - INFO - [2016preVFP] MISSING_SYSTEMATIC: SR1E2Mu/EMuTrigSF_Up/NMinusOne/njet_ge2/n_jets in Skim_TriLep_tHq.root
2026-07-21 19:45:01,110 - INFO - [2016preVFP] MISSING_SYSTEMATIC: SR1E2Mu/EMuTrigSF_Down/NMinusOne/njet_ge2/n_jets in Skim_TriLep_tHq.root
2026-07-21 19:45:01,110 - INFO - [2016preVFP] MISSING_SYSTEMATIC: SR1E2Mu/JetEn_Up/NMinusOne/njet_ge2/n_jets in Skim_TriLep_tHq.root
2026-07-21 19:45:01,110 - INFO - [2016preVFP] MISSING_SYSTEMATIC: SR1E2Mu/JetEn_Down/NMinusOne/njet_ge2/n_jets in Skim_TriLep_tHq.root
2026-07-21 19:45:01,111 - INFO - [2016preVFP] MISSING_SYSTEMATIC: SR1E2Mu/JetRes_Up/NMinusOne/njet_ge2/n_jets in Skim_TriLep_tHq.root
2026-07-21 19:45:01,111 - INFO - [2016preVFP] MISSING_SYSTEMATIC: SR1E2Mu/JetRes_Down/NMinusOne/njet_ge2/n_jets in Skim_TriLep_tHq.root
2026-07-21 19:45:01,111 - INFO - [2016preVFP] MISSING_SYSTEMATIC: SR1E2Mu/MuonEn_Up/NMinusOne/njet_ge2/n_jets in Skim_TriLep_tHq.root
2026-07-21 19:45:01,112 - INFO - [2016preVFP] MISSING_SYSTEMATIC: SR1E2Mu/MuonEn_Down/NMinusOne/njet_ge2/n_jets in Skim_TriLep_tHq.root
2026-07-21 19:45:01,112 - INFO - [2016preVFP] MISSING_SYSTEMATIC: SR1E2Mu/ElectronEn_Up/NMinusOne/njet_ge2/n_jets in Skim_TriLep_tHq.root
2026-07-21 19:45:01,112 - INFO - [2016preVFP] MISSING_SYSTEMATIC: SR1E2Mu/ElectronEn_Down/NMinusOne/njet_ge2/n_jets in Skim_TriLep_tHq.root
2026-07-21 19:45:01,113 - INFO - [2016preVFP] MISSING_SYSTEMATIC: SR1E2Mu/ElectronRes_Up/NMinusOne/njet_ge2/n_jets in Skim_TriLep_tHq.root
2026-07-21 19:45:01,113 - INFO - [2016preVFP] MISSING_SYSTEMATIC: SR1E2Mu/ElectronRes_Down/NMinusOne/njet_ge2/n_jets in Skim_TriLep_tHq.root
2026-07-21 19:45:01,113 - INFO - [2016preVFP] MISSING_SYSTEMATIC: SR1E2Mu/UnclusteredEn_Up/NMinusOne/njet_ge2/n_jets in Skim_TriLep_tHq.root
2026-07-21 19:45:01,113 - INFO - [2016preVFP] MISSING_SYSTEMATIC: SR1E2Mu/UnclusteredEn_Down/NMinusOne/njet_ge2/n_jets in Skim_TriLep_tHq.root
2026-07-21 19:45:01,114 - INFO - [2016preVFP] MISSING_SYSTEMATIC: SR1E2Mu/BtagSF_HFcorr_Up/NMinusOne/njet_ge2/n_jets in Skim_TriLep_tHq.root
2026-07-21 19:45:01,114 - INFO - [2016preVFP] MISSING_SYSTEMATIC: SR1E2Mu/BtagSF_HFcorr_Down/NMinusOne/njet_ge2/n_jets in Skim_TriLep_tHq.root
2026-07-21 19:45:01,115 - INFO - [2016preVFP] MISSING_SYSTEMATIC: SR1E2Mu/BtagSF_HFuncorr_Up/NMinusOne/njet_ge2/n_jets in Skim_TriLep_tHq.root
2026-07-21 19:45:01,115 - INFO - [2016preVFP] MISSING_SYSTEMATIC: SR1E2Mu/BtagSF_HFuncorr_Down/NMinusOne/njet_ge2/n_jets in Skim_TriLep_tHq.root
2026-07-21 19:45:01,115 - INFO - [2016preVFP] MISSING_SYSTEMATIC: SR1E2Mu/BtagSF_LFcorr_Up/NMinusOne/njet_ge2/n_jets in Skim_TriLep_tHq.root
2026-07-21 19:45:01,115 - INFO - [2016preVFP] MISSING_SYSTEMATIC: SR1E2Mu/BtagSF_LFcorr_Down/NMinusOne/njet_ge2/n_jets in Skim_TriLep_tHq.root
2026-07-21 19:45:01,116 - INFO - [2016preVFP] MISSING_SYSTEMATIC: SR1E2Mu/BtagSF_LFuncorr_Up/NMinusOne/njet_ge2/n_jets in Skim_TriLep_tHq.root
2026-07-21 19:45:01,116 - INFO - [2016preVFP] MISSING_SYSTEMATIC: SR1E2Mu/BtagSF_LFuncorr_Down/NMinusOne/njet_ge2/n_jets in Skim_TriLep_tHq.root
2026-07-21 19:45:01,117 - INFO - [2016preVFP] MISSING_SYSTEMATIC: SR1E2Mu/L1Prefire_Up/NMinusOne/njet_ge2/n_jets in Skim_TriLep_tHW.root
2026-07-21 19:45:01,117 - INFO - [2016preVFP] MISSING_SYSTEMATIC: SR1E2Mu/L1Prefire_Down/NMinusOne/njet_ge2/n_jets in Skim_TriLep_tHW.root
2026-07-21 19:45:01,118 - INFO - [2016preVFP] MISSING_SYSTEMATIC: SR1E2Mu/PileupReweight_Up/NMinusOne/njet_ge2/n_jets in Skim_TriLep_tHW.root
2026-07-21 19:45:01,118 - INFO - [2016preVFP] MISSING_SYSTEMATIC: SR1E2Mu/PileupReweight_Down/NMinusOne/njet_ge2/n_jets in Skim_TriLep_tHW.root
2026-07-21 19:45:01,118 - INFO - [2016preVFP] MISSING_SYSTEMATIC: SR1E2Mu/PileupJetIDSF_Up/NMinusOne/njet_ge2/n_jets in Skim_TriLep_tHW.root
2026-07-21 19:45:01,118 - INFO - [2016preVFP] MISSING_SYSTEMATIC: SR1E2Mu/PileupJetIDSF_Down/NMinusOne/njet_ge2/n_jets in Skim_TriLep_tHW.root
2026-07-21 19:45:01,119 - INFO - [2016preVFP] MISSING_SYSTEMATIC: SR1E2Mu/MuonIDSF_Up/NMinusOne/njet_ge2/n_jets in Skim_TriLep_tHW.root
2026-07-21 19:45:01,119 - INFO - [2016preVFP] MISSING_SYSTEMATIC: SR1E2Mu/MuonIDSF_Down/NMinusOne/njet_ge2/n_jets in Skim_TriLep_tHW.root
2026-07-21 19:45:01,120 - INFO - [2016preVFP] MISSING_SYSTEMATIC: SR1E2Mu/ElectronIDSF_Up/NMinusOne/njet_ge2/n_jets in Skim_TriLep_tHW.root
2026-07-21 19:45:01,120 - INFO - [2016preVFP] MISSING_SYSTEMATIC: SR1E2Mu/ElectronIDSF_Down/NMinusOne/njet_ge2/n_jets in Skim_TriLep_tHW.root
2026-07-21 19:45:01,120 - INFO - [2016preVFP] MISSING_SYSTEMATIC: SR1E2Mu/EMuTrigSF_Up/NMinusOne/njet_ge2/n_jets in Skim_TriLep_tHW.root
2026-07-21 19:45:01,120 - INFO - [2016preVFP] MISSING_SYSTEMATIC: SR1E2Mu/EMuTrigSF_Down/NMinusOne/njet_ge2/n_jets in Skim_TriLep_tHW.root
2026-07-21 19:45:01,121 - INFO - [2016preVFP] MISSING_SYSTEMATIC: SR1E2Mu/JetEn_Up/NMinusOne/njet_ge2/n_jets in Skim_TriLep_tHW.root
2026-07-21 19:45:01,121 - INFO - [2016preVFP] MISSING_SYSTEMATIC: SR1E2Mu/JetEn_Down/NMinusOne/njet_ge2/n_jets in Skim_TriLep_tHW.root
2026-07-21 19:45:01,121 - INFO - [2016preVFP] MISSING_SYSTEMATIC: SR1E2Mu/JetRes_Up/NMinusOne/njet_ge2/n_jets in Skim_TriLep_tHW.root
2026-07-21 19:45:01,121 - INFO - [2016preVFP] MISSING_SYSTEMATIC: SR1E2Mu/JetRes_Down/NMinusOne/njet_ge2/n_jets in Skim_TriLep_tHW.root
2026-07-21 19:45:01,122 - INFO - [2016preVFP] MISSING_SYSTEMATIC: SR1E2Mu/MuonEn_Up/NMinusOne/njet_ge2/n_jets in Skim_TriLep_tHW.root
2026-07-21 19:45:01,122 - INFO - [2016preVFP] MISSING_SYSTEMATIC: SR1E2Mu/MuonEn_Down/NMinusOne/njet_ge2/n_jets in Skim_TriLep_tHW.root
2026-07-21 19:45:01,123 - INFO - [2016preVFP] MISSING_SYSTEMATIC: SR1E2Mu/ElectronEn_Up/NMinusOne/njet_ge2/n_jets in Skim_TriLep_tHW.root
2026-07-21 19:45:01,123 - INFO - [2016preVFP] MISSING_SYSTEMATIC: SR1E2Mu/ElectronEn_Down/NMinusOne/njet_ge2/n_jets in Skim_TriLep_tHW.root
2026-07-21 19:45:01,123 - INFO - [2016preVFP] MISSING_SYSTEMATIC: SR1E2Mu/ElectronRes_Up/NMinusOne/njet_ge2/n_jets in Skim_TriLep_tHW.root
2026-07-21 19:45:01,123 - INFO - [2016preVFP] MISSING_SYSTEMATIC: SR1E2Mu/ElectronRes_Down/NMinusOne/njet_ge2/n_jets in Skim_TriLep_tHW.root
2026-07-21 19:45:01,124 - INFO - [2016preVFP] MISSING_SYSTEMATIC: SR1E2Mu/UnclusteredEn_Up/NMinusOne/njet_ge2/n_jets in Skim_TriLep_tHW.root
2026-07-21 19:45:01,124 - INFO - [2016preVFP] MISSING_SYSTEMATIC: SR1E2Mu/UnclusteredEn_Down/NMinusOne/njet_ge2/n_jets in Skim_TriLep_tHW.root
2026-07-21 19:45:01,125 - INFO - [2016preVFP] MISSING_SYSTEMATIC: SR1E2Mu/BtagSF_HFcorr_Up/NMinusOne/njet_ge2/n_jets in Skim_TriLep_tHW.root
2026-07-21 19:45:01,125 - INFO - [2016preVFP] MISSING_SYSTEMATIC: SR1E2Mu/BtagSF_HFcorr_Down/NMinusOne/njet_ge2/n_jets in Skim_TriLep_tHW.root
2026-07-21 19:45:01,125 - INFO - [2016preVFP] MISSING_SYSTEMATIC: SR1E2Mu/BtagSF_HFuncorr_Up/NMinusOne/njet_ge2/n_jets in Skim_TriLep_tHW.root
2026-07-21 19:45:01,125 - INFO - [2016preVFP] MISSING_SYSTEMATIC: SR1E2Mu/BtagSF_HFuncorr_Down/NMinusOne/njet_ge2/n_jets in Skim_TriLep_tHW.root
2026-07-21 19:45:01,126 - INFO - [2016preVFP] MISSING_SYSTEMATIC: SR1E2Mu/BtagSF_LFcorr_Up/NMinusOne/njet_ge2/n_jets in Skim_TriLep_tHW.root
2026-07-21 19:45:01,126 - INFO - [2016preVFP] MISSING_SYSTEMATIC: SR1E2Mu/BtagSF_LFcorr_Down/NMinusOne/njet_ge2/n_jets in Skim_TriLep_tHW.root
2026-07-21 19:45:01,127 - INFO - [2016preVFP] MISSING_SYSTEMATIC: SR1E2Mu/BtagSF_LFuncorr_Up/NMinusOne/njet_ge2/n_jets in Skim_TriLep_tHW.root
2026-07-21 19:45:01,127 - INFO - [2016preVFP] MISSING_SYSTEMATIC: SR1E2Mu/BtagSF_LFuncorr_Down/NMinusOne/njet_ge2/n_jets in Skim_TriLep_tHW.root
2026-07-21 19:45:01,128 - INFO - [2016preVFP] MISSING_SYSTEMATIC: SR1E2Mu/L1Prefire_Up/NMinusOne/njet_ge2/n_jets in Skim_TriLep_tWZ_thadWlep.root
2026-07-21 19:45:01,128 - INFO - [2016preVFP] MISSING_SYSTEMATIC: SR1E2Mu/L1Prefire_Down/NMinusOne/njet_ge2/n_jets in Skim_TriLep_tWZ_thadWlep.root
2026-07-21 19:45:01,128 - INFO - [2016preVFP] MISSING_SYSTEMATIC: SR1E2Mu/PileupReweight_Up/NMinusOne/njet_ge2/n_jets in Skim_TriLep_tWZ_thadWlep.root
2026-07-21 19:45:01,128 - INFO - [2016preVFP] MISSING_SYSTEMATIC: SR1E2Mu/PileupReweight_Down/NMinusOne/njet_ge2/n_jets in Skim_TriLep_tWZ_thadWlep.root
2026-07-21 19:45:01,129 - INFO - [2016preVFP] MISSING_SYSTEMATIC: SR1E2Mu/PileupJetIDSF_Up/NMinusOne/njet_ge2/n_jets in Skim_TriLep_tWZ_thadWlep.root
2026-07-21 19:45:01,129 - INFO - [2016preVFP] MISSING_SYSTEMATIC: SR1E2Mu/PileupJetIDSF_Down/NMinusOne/njet_ge2/n_jets in Skim_TriLep_tWZ_thadWlep.root
2026-07-21 19:45:01,130 - INFO - [2016preVFP] MISSING_SYSTEMATIC: SR1E2Mu/MuonIDSF_Up/NMinusOne/njet_ge2/n_jets in Skim_TriLep_tWZ_thadWlep.root
2026-07-21 19:45:01,130 - INFO - [2016preVFP] MISSING_SYSTEMATIC: SR1E2Mu/MuonIDSF_Down/NMinusOne/njet_ge2/n_jets in Skim_TriLep_tWZ_thadWlep.root
2026-07-21 19:45:01,130 - INFO - [2016preVFP] MISSING_SYSTEMATIC: SR1E2Mu/ElectronIDSF_Up/NMinusOne/njet_ge2/n_jets in Skim_TriLep_tWZ_thadWlep.root
2026-07-21 19:45:01,130 - INFO - [2016preVFP] MISSING_SYSTEMATIC: SR1E2Mu/ElectronIDSF_Down/NMinusOne/njet_ge2/n_jets in Skim_TriLep_tWZ_thadWlep.root
2026-07-21 19:45:01,131 - INFO - [2016preVFP] MISSING_SYSTEMATIC: SR1E2Mu/EMuTrigSF_Up/NMinusOne/njet_ge2/n_jets in Skim_TriLep_tWZ_thadWlep.root
2026-07-21 19:45:01,131 - INFO - [2016preVFP] MISSING_SYSTEMATIC: SR1E2Mu/EMuTrigSF_Down/NMinusOne/njet_ge2/n_jets in Skim_TriLep_tWZ_thadWlep.root
2026-07-21 19:45:01,132 - INFO - [2016preVFP] MISSING_SYSTEMATIC: SR1E2Mu/JetEn_Up/NMinusOne/njet_ge2/n_jets in Skim_TriLep_tWZ_thadWlep.root
2026-07-21 19:45:01,132 - INFO - [2016preVFP] MISSING_SYSTEMATIC: SR1E2Mu/JetEn_Down/NMinusOne/njet_ge2/n_jets in Skim_TriLep_tWZ_thadWlep.root
2026-07-21 19:45:01,132 - INFO - [2016preVFP] MISSING_SYSTEMATIC: SR1E2Mu/JetRes_Up/NMinusOne/njet_ge2/n_jets in Skim_TriLep_tWZ_thadWlep.root
2026-07-21 19:45:01,132 - INFO - [2016preVFP] MISSING_SYSTEMATIC: SR1E2Mu/JetRes_Down/NMinusOne/njet_ge2/n_jets in Skim_TriLep_tWZ_thadWlep.root
2026-07-21 19:45:01,133 - INFO - [2016preVFP] MISSING_SYSTEMATIC: SR1E2Mu/MuonEn_Up/NMinusOne/njet_ge2/n_jets in Skim_TriLep_tWZ_thadWlep.root
2026-07-21 19:45:01,133 - INFO - [2016preVFP] MISSING_SYSTEMATIC: SR1E2Mu/MuonEn_Down/NMinusOne/njet_ge2/n_jets in Skim_TriLep_tWZ_thadWlep.root
2026-07-21 19:45:01,134 - INFO - [2016preVFP] MISSING_SYSTEMATIC: SR1E2Mu/ElectronEn_Up/NMinusOne/njet_ge2/n_jets in Skim_TriLep_tWZ_thadWlep.root
2026-07-21 19:45:01,134 - INFO - [2016preVFP] MISSING_SYSTEMATIC: SR1E2Mu/ElectronEn_Down/NMinusOne/njet_ge2/n_jets in Skim_TriLep_tWZ_thadWlep.root
2026-07-21 19:45:01,134 - INFO - [2016preVFP] MISSING_SYSTEMATIC: SR1E2Mu/ElectronRes_Up/NMinusOne/njet_ge2/n_jets in Skim_TriLep_tWZ_thadWlep.root
2026-07-21 19:45:01,135 - INFO - [2016preVFP] MISSING_SYSTEMATIC: SR1E2Mu/ElectronRes_Down/NMinusOne/njet_ge2/n_jets in Skim_TriLep_tWZ_thadWlep.root
2026-07-21 19:45:01,135 - INFO - [2016preVFP] MISSING_SYSTEMATIC: SR1E2Mu/UnclusteredEn_Up/NMinusOne/njet_ge2/n_jets in Skim_TriLep_tWZ_thadWlep.root
2026-07-21 19:45:01,135 - INFO - [2016preVFP] MISSING_SYSTEMATIC: SR1E2Mu/UnclusteredEn_Down/NMinusOne/njet_ge2/n_jets in Skim_TriLep_tWZ_thadWlep.root
2026-07-21 19:45:01,136 - INFO - [2016preVFP] MISSING_SYSTEMATIC: SR1E2Mu/BtagSF_HFcorr_Up/NMinusOne/njet_ge2/n_jets in Skim_TriLep_tWZ_thadWlep.root
2026-07-21 19:45:01,136 - INFO - [2016preVFP] MISSING_SYSTEMATIC: SR1E2Mu/BtagSF_HFcorr_Down/NMinusOne/njet_ge2/n_jets in Skim_TriLep_tWZ_thadWlep.root
2026-07-21 19:45:01,137 - INFO - [2016preVFP] MISSING_SYSTEMATIC: SR1E2Mu/BtagSF_HFuncorr_Up/NMinusOne/njet_ge2/n_jets in Skim_TriLep_tWZ_thadWlep.root
2026-07-21 19:45:01,137 - INFO - [2016preVFP] MISSING_SYSTEMATIC: SR1E2Mu/BtagSF_HFuncorr_Down/NMinusOne/njet_ge2/n_jets in Skim_TriLep_tWZ_thadWlep.root
2026-07-21 19:45:01,137 - INFO - [2016preVFP] MISSING_SYSTEMATIC: SR1E2Mu/BtagSF_LFcorr_Up/NMinusOne/njet_ge2/n_jets in Skim_TriLep_tWZ_thadWlep.root
2026-07-21 19:45:01,137 - INFO - [2016preVFP] MISSING_SYSTEMATIC: SR1E2Mu/BtagSF_LFcorr_Down/NMinusOne/njet_ge2/n_jets in Skim_TriLep_tWZ_thadWlep.root
2026-07-21 19:45:01,138 - INFO - [2016preVFP] MISSING_SYSTEMATIC: SR1E2Mu/BtagSF_LFuncorr_Up/NMinusOne/njet_ge2/n_jets in Skim_TriLep_tWZ_thadWlep.root
2026-07-21 19:45:01,138 - INFO - [2016preVFP] MISSING_SYSTEMATIC: SR1E2Mu/BtagSF_LFuncorr_Down/NMinusOne/njet_ge2/n_jets in Skim_TriLep_tWZ_thadWlep.root
2026-07-21 19:45:01,139 - INFO - [2016preVFP] MISSING_SYSTEMATIC: SR1E2Mu/L1Prefire_Up/NMinusOne/njet_ge2/n_jets in Skim_TriLep_tWZ_tlepWhad.root
2026-07-21 19:45:01,139 - INFO - [2016preVFP] MISSING_SYSTEMATIC: SR1E2Mu/L1Prefire_Down/NMinusOne/njet_ge2/n_jets in Skim_TriLep_tWZ_tlepWhad.root
2026-07-21 19:45:01,140 - INFO - [2016preVFP] MISSING_SYSTEMATIC: SR1E2Mu/PileupReweight_Up/NMinusOne/njet_ge2/n_jets in Skim_TriLep_tWZ_tlepWhad.root
2026-07-21 19:45:01,140 - INFO - [2016preVFP] MISSING_SYSTEMATIC: SR1E2Mu/PileupReweight_Down/NMinusOne/njet_ge2/n_jets in Skim_TriLep_tWZ_tlepWhad.root
2026-07-21 19:45:01,140 - INFO - [2016preVFP] MISSING_SYSTEMATIC: SR1E2Mu/PileupJetIDSF_Up/NMinusOne/njet_ge2/n_jets in Skim_TriLep_tWZ_tlepWhad.root
2026-07-21 19:45:01,140 - INFO - [2016preVFP] MISSING_SYSTEMATIC: SR1E2Mu/PileupJetIDSF_Down/NMinusOne/njet_ge2/n_jets in Skim_TriLep_tWZ_tlepWhad.root
2026-07-21 19:45:01,141 - INFO - [2016preVFP] MISSING_SYSTEMATIC: SR1E2Mu/MuonIDSF_Up/NMinusOne/njet_ge2/n_jets in Skim_TriLep_tWZ_tlepWhad.root
2026-07-21 19:45:01,141 - INFO - [2016preVFP] MISSING_SYSTEMATIC: SR1E2Mu/MuonIDSF_Down/NMinusOne/njet_ge2/n_jets in Skim_TriLep_tWZ_tlepWhad.root
2026-07-21 19:45:01,142 - INFO - [2016preVFP] MISSING_SYSTEMATIC: SR1E2Mu/ElectronIDSF_Up/NMinusOne/njet_ge2/n_jets in Skim_TriLep_tWZ_tlepWhad.root
2026-07-21 19:45:01,142 - INFO - [2016preVFP] MISSING_SYSTEMATIC: SR1E2Mu/ElectronIDSF_Down/NMinusOne/njet_ge2/n_jets in Skim_TriLep_tWZ_tlepWhad.root
2026-07-21 19:45:01,142 - INFO - [2016preVFP] MISSING_SYSTEMATIC: SR1E2Mu/EMuTrigSF_Up/NMinusOne/njet_ge2/n_jets in Skim_TriLep_tWZ_tlepWhad.root
2026-07-21 19:45:01,142 - INFO - [2016preVFP] MISSING_SYSTEMATIC: SR1E2Mu/EMuTrigSF_Down/NMinusOne/njet_ge2/n_jets in Skim_TriLep_tWZ_tlepWhad.root
2026-07-21 19:45:01,143 - INFO - [2016preVFP] MISSING_SYSTEMATIC: SR1E2Mu/JetEn_Up/NMinusOne/njet_ge2/n_jets in Skim_TriLep_tWZ_tlepWhad.root
2026-07-21 19:45:01,143 - INFO - [2016preVFP] MISSING_SYSTEMATIC: SR1E2Mu/JetEn_Down/NMinusOne/njet_ge2/n_jets in Skim_TriLep_tWZ_tlepWhad.root
2026-07-21 19:45:01,144 - INFO - [2016preVFP] MISSING_SYSTEMATIC: SR1E2Mu/JetRes_Up/NMinusOne/njet_ge2/n_jets in Skim_TriLep_tWZ_tlepWhad.root
2026-07-21 19:45:01,144 - INFO - [2016preVFP] MISSING_SYSTEMATIC: SR1E2Mu/JetRes_Down/NMinusOne/njet_ge2/n_jets in Skim_TriLep_tWZ_tlepWhad.root
2026-07-21 19:45:01,144 - INFO - [2016preVFP] MISSING_SYSTEMATIC: SR1E2Mu/MuonEn_Up/NMinusOne/njet_ge2/n_jets in Skim_TriLep_tWZ_tlepWhad.root
2026-07-21 19:45:01,144 - INFO - [2016preVFP] MISSING_SYSTEMATIC: SR1E2Mu/MuonEn_Down/NMinusOne/njet_ge2/n_jets in Skim_TriLep_tWZ_tlepWhad.root
2026-07-21 19:45:01,145 - INFO - [2016preVFP] MISSING_SYSTEMATIC: SR1E2Mu/ElectronEn_Up/NMinusOne/njet_ge2/n_jets in Skim_TriLep_tWZ_tlepWhad.root
2026-07-21 19:45:01,145 - INFO - [2016preVFP] MISSING_SYSTEMATIC: SR1E2Mu/ElectronEn_Down/NMinusOne/njet_ge2/n_jets in Skim_TriLep_tWZ_tlepWhad.root
2026-07-21 19:45:01,146 - INFO - [2016preVFP] MISSING_SYSTEMATIC: SR1E2Mu/ElectronRes_Up/NMinusOne/njet_ge2/n_jets in Skim_TriLep_tWZ_tlepWhad.root
2026-07-21 19:45:01,146 - INFO - [2016preVFP] MISSING_SYSTEMATIC: SR1E2Mu/ElectronRes_Down/NMinusOne/njet_ge2/n_jets in Skim_TriLep_tWZ_tlepWhad.root
2026-07-21 19:45:01,146 - INFO - [2016preVFP] MISSING_SYSTEMATIC: SR1E2Mu/UnclusteredEn_Up/NMinusOne/njet_ge2/n_jets in Skim_TriLep_tWZ_tlepWhad.root
2026-07-21 19:45:01,146 - INFO - [2016preVFP] MISSING_SYSTEMATIC: SR1E2Mu/UnclusteredEn_Down/NMinusOne/njet_ge2/n_jets in Skim_TriLep_tWZ_tlepWhad.root
2026-07-21 19:45:01,147 - INFO - [2016preVFP] MISSING_SYSTEMATIC: SR1E2Mu/BtagSF_HFcorr_Up/NMinusOne/njet_ge2/n_jets in Skim_TriLep_tWZ_tlepWhad.root
2026-07-21 19:45:01,147 - INFO - [2016preVFP] MISSING_SYSTEMATIC: SR1E2Mu/BtagSF_HFcorr_Down/NMinusOne/njet_ge2/n_jets in Skim_TriLep_tWZ_tlepWhad.root
2026-07-21 19:45:01,148 - INFO - [2016preVFP] MISSING_SYSTEMATIC: SR1E2Mu/BtagSF_HFuncorr_Up/NMinusOne/njet_ge2/n_jets in Skim_TriLep_tWZ_tlepWhad.root
2026-07-21 19:45:01,148 - INFO - [2016preVFP] MISSING_SYSTEMATIC: SR1E2Mu/BtagSF_HFuncorr_Down/NMinusOne/njet_ge2/n_jets in Skim_TriLep_tWZ_tlepWhad.root
2026-07-21 19:45:01,148 - INFO - [2016preVFP] MISSING_SYSTEMATIC: SR1E2Mu/BtagSF_LFcorr_Up/NMinusOne/njet_ge2/n_jets in Skim_TriLep_tWZ_tlepWhad.root
2026-07-21 19:45:01,148 - INFO - [2016preVFP] MISSING_SYSTEMATIC: SR1E2Mu/BtagSF_LFcorr_Down/NMinusOne/njet_ge2/n_jets in Skim_TriLep_tWZ_tlepWhad.root
2026-07-21 19:45:01,149 - INFO - [2016preVFP] MISSING_SYSTEMATIC: SR1E2Mu/BtagSF_LFuncorr_Up/NMinusOne/njet_ge2/n_jets in Skim_TriLep_tWZ_tlepWhad.root
2026-07-21 19:45:01,149 - INFO - [2016preVFP] MISSING_SYSTEMATIC: SR1E2Mu/BtagSF_LFuncorr_Down/NMinusOne/njet_ge2/n_jets in Skim_TriLep_tWZ_tlepWhad.root
2026-07-21 19:45:01,150 - INFO - [2016preVFP] MISSING_SYSTEMATIC: SR1E2Mu/L1Prefire_Up/NMinusOne/njet_ge2/n_jets in Skim_TriLep_tWZ_tlepWlep.root
2026-07-21 19:45:01,150 - INFO - [2016preVFP] MISSING_SYSTEMATIC: SR1E2Mu/L1Prefire_Down/NMinusOne/njet_ge2/n_jets in Skim_TriLep_tWZ_tlepWlep.root
2026-07-21 19:45:01,151 - INFO - [2016preVFP] MISSING_SYSTEMATIC: SR1E2Mu/PileupReweight_Up/NMinusOne/njet_ge2/n_jets in Skim_TriLep_tWZ_tlepWlep.root
2026-07-21 19:45:01,151 - INFO - [2016preVFP] MISSING_SYSTEMATIC: SR1E2Mu/PileupReweight_Down/NMinusOne/njet_ge2/n_jets in Skim_TriLep_tWZ_tlepWlep.root
2026-07-21 19:45:01,151 - INFO - [2016preVFP] MISSING_SYSTEMATIC: SR1E2Mu/PileupJetIDSF_Up/NMinusOne/njet_ge2/n_jets in Skim_TriLep_tWZ_tlepWlep.root
2026-07-21 19:45:01,151 - INFO - [2016preVFP] MISSING_SYSTEMATIC: SR1E2Mu/PileupJetIDSF_Down/NMinusOne/njet_ge2/n_jets in Skim_TriLep_tWZ_tlepWlep.root
2026-07-21 19:45:01,152 - INFO - [2016preVFP] MISSING_SYSTEMATIC: SR1E2Mu/MuonIDSF_Up/NMinusOne/njet_ge2/n_jets in Skim_TriLep_tWZ_tlepWlep.root
2026-07-21 19:45:01,152 - INFO - [2016preVFP] MISSING_SYSTEMATIC: SR1E2Mu/MuonIDSF_Down/NMinusOne/njet_ge2/n_jets in Skim_TriLep_tWZ_tlepWlep.root
2026-07-21 19:45:01,153 - INFO - [2016preVFP] MISSING_SYSTEMATIC: SR1E2Mu/ElectronIDSF_Up/NMinusOne/njet_ge2/n_jets in Skim_TriLep_tWZ_tlepWlep.root
2026-07-21 19:45:01,153 - INFO - [2016preVFP] MISSING_SYSTEMATIC: SR1E2Mu/ElectronIDSF_Down/NMinusOne/njet_ge2/n_jets in Skim_TriLep_tWZ_tlepWlep.root
2026-07-21 19:45:01,153 - INFO - [2016preVFP] MISSING_SYSTEMATIC: SR1E2Mu/EMuTrigSF_Up/NMinusOne/njet_ge2/n_jets in Skim_TriLep_tWZ_tlepWlep.root
2026-07-21 19:45:01,153 - INFO - [2016preVFP] MISSING_SYSTEMATIC: SR1E2Mu/EMuTrigSF_Down/NMinusOne/njet_ge2/n_jets in Skim_TriLep_tWZ_tlepWlep.root
2026-07-21 19:45:01,154 - INFO - [2016preVFP] MISSING_SYSTEMATIC: SR1E2Mu/JetEn_Up/NMinusOne/njet_ge2/n_jets in Skim_TriLep_tWZ_tlepWlep.root
2026-07-21 19:45:01,154 - INFO - [2016preVFP] MISSING_SYSTEMATIC: SR1E2Mu/JetEn_Down/NMinusOne/njet_ge2/n_jets in Skim_TriLep_tWZ_tlepWlep.root
2026-07-21 19:45:01,155 - INFO - [2016preVFP] MISSING_SYSTEMATIC: SR1E2Mu/JetRes_Up/NMinusOne/njet_ge2/n_jets in Skim_TriLep_tWZ_tlepWlep.root
2026-07-21 19:45:01,155 - INFO - [2016preVFP] MISSING_SYSTEMATIC: SR1E2Mu/JetRes_Down/NMinusOne/njet_ge2/n_jets in Skim_TriLep_tWZ_tlepWlep.root
2026-07-21 19:45:01,155 - INFO - [2016preVFP] MISSING_SYSTEMATIC: SR1E2Mu/MuonEn_Up/NMinusOne/njet_ge2/n_jets in Skim_TriLep_tWZ_tlepWlep.root
2026-07-21 19:45:01,155 - INFO - [2016preVFP] MISSING_SYSTEMATIC: SR1E2Mu/MuonEn_Down/NMinusOne/njet_ge2/n_jets in Skim_TriLep_tWZ_tlepWlep.root
2026-07-21 19:45:01,156 - INFO - [2016preVFP] MISSING_SYSTEMATIC: SR1E2Mu/ElectronEn_Up/NMinusOne/njet_ge2/n_jets in Skim_TriLep_tWZ_tlepWlep.root
2026-07-21 19:45:01,156 - INFO - [2016preVFP] MISSING_SYSTEMATIC: SR1E2Mu/ElectronEn_Down/NMinusOne/njet_ge2/n_jets in Skim_TriLep_tWZ_tlepWlep.root
2026-07-21 19:45:01,157 - INFO - [2016preVFP] MISSING_SYSTEMATIC: SR1E2Mu/ElectronRes_Up/NMinusOne/njet_ge2/n_jets in Skim_TriLep_tWZ_tlepWlep.root
2026-07-21 19:45:01,157 - INFO - [2016preVFP] MISSING_SYSTEMATIC: SR1E2Mu/ElectronRes_Down/NMinusOne/njet_ge2/n_jets in Skim_TriLep_tWZ_tlepWlep.root
2026-07-21 19:45:01,157 - INFO - [2016preVFP] MISSING_SYSTEMATIC: SR1E2Mu/UnclusteredEn_Up/NMinusOne/njet_ge2/n_jets in Skim_TriLep_tWZ_tlepWlep.root
2026-07-21 19:45:01,157 - INFO - [2016preVFP] MISSING_SYSTEMATIC: SR1E2Mu/UnclusteredEn_Down/NMinusOne/njet_ge2/n_jets in Skim_TriLep_tWZ_tlepWlep.root
2026-07-21 19:45:01,158 - INFO - [2016preVFP] MISSING_SYSTEMATIC: SR1E2Mu/BtagSF_HFcorr_Up/NMinusOne/njet_ge2/n_jets in Skim_TriLep_tWZ_tlepWlep.root
2026-07-21 19:45:01,158 - INFO - [2016preVFP] MISSING_SYSTEMATIC: SR1E2Mu/BtagSF_HFcorr_Down/NMinusOne/njet_ge2/n_jets in Skim_TriLep_tWZ_tlepWlep.root
2026-07-21 19:45:01,159 - INFO - [2016preVFP] MISSING_SYSTEMATIC: SR1E2Mu/BtagSF_HFuncorr_Up/NMinusOne/njet_ge2/n_jets in Skim_TriLep_tWZ_tlepWlep.root
2026-07-21 19:45:01,159 - INFO - [2016preVFP] MISSING_SYSTEMATIC: SR1E2Mu/BtagSF_HFuncorr_Down/NMinusOne/njet_ge2/n_jets in Skim_TriLep_tWZ_tlepWlep.root
2026-07-21 19:45:01,159 - INFO - [2016preVFP] MISSING_SYSTEMATIC: SR1E2Mu/BtagSF_LFcorr_Up/NMinusOne/njet_ge2/n_jets in Skim_TriLep_tWZ_tlepWlep.root
2026-07-21 19:45:01,159 - INFO - [2016preVFP] MISSING_SYSTEMATIC: SR1E2Mu/BtagSF_LFcorr_Down/NMinusOne/njet_ge2/n_jets in Skim_TriLep_tWZ_tlepWlep.root
2026-07-21 19:45:01,160 - INFO - [2016preVFP] MISSING_SYSTEMATIC: SR1E2Mu/BtagSF_LFuncorr_Up/NMinusOne/njet_ge2/n_jets in Skim_TriLep_tWZ_tlepWlep.root
2026-07-21 19:45:01,160 - INFO - [2016preVFP] MISSING_SYSTEMATIC: SR1E2Mu/BtagSF_LFuncorr_Down/NMinusOne/njet_ge2/n_jets in Skim_TriLep_tWZ_tlepWlep.root
2026-07-21 19:45:01,161 - INFO - [2016preVFP] MISSING_SYSTEMATIC: SR1E2Mu/L1Prefire_Up/NMinusOne/njet_ge2/n_jets in Skim_TriLep_WWW.root
2026-07-21 19:45:01,161 - INFO - [2016preVFP] MISSING_SYSTEMATIC: SR1E2Mu/L1Prefire_Down/NMinusOne/njet_ge2/n_jets in Skim_TriLep_WWW.root
2026-07-21 19:45:01,162 - INFO - [2016preVFP] MISSING_SYSTEMATIC: SR1E2Mu/PileupReweight_Up/NMinusOne/njet_ge2/n_jets in Skim_TriLep_WWW.root
2026-07-21 19:45:01,162 - INFO - [2016preVFP] MISSING_SYSTEMATIC: SR1E2Mu/PileupReweight_Down/NMinusOne/njet_ge2/n_jets in Skim_TriLep_WWW.root
2026-07-21 19:45:01,162 - INFO - [2016preVFP] MISSING_SYSTEMATIC: SR1E2Mu/PileupJetIDSF_Up/NMinusOne/njet_ge2/n_jets in Skim_TriLep_WWW.root
2026-07-21 19:45:01,162 - INFO - [2016preVFP] MISSING_SYSTEMATIC: SR1E2Mu/PileupJetIDSF_Down/NMinusOne/njet_ge2/n_jets in Skim_TriLep_WWW.root
2026-07-21 19:45:01,163 - INFO - [2016preVFP] MISSING_SYSTEMATIC: SR1E2Mu/MuonIDSF_Up/NMinusOne/njet_ge2/n_jets in Skim_TriLep_WWW.root
2026-07-21 19:45:01,163 - INFO - [2016preVFP] MISSING_SYSTEMATIC: SR1E2Mu/MuonIDSF_Down/NMinusOne/njet_ge2/n_jets in Skim_TriLep_WWW.root
2026-07-21 19:45:01,164 - INFO - [2016preVFP] MISSING_SYSTEMATIC: SR1E2Mu/ElectronIDSF_Up/NMinusOne/njet_ge2/n_jets in Skim_TriLep_WWW.root
2026-07-21 19:45:01,164 - INFO - [2016preVFP] MISSING_SYSTEMATIC: SR1E2Mu/ElectronIDSF_Down/NMinusOne/njet_ge2/n_jets in Skim_TriLep_WWW.root
2026-07-21 19:45:01,164 - INFO - [2016preVFP] MISSING_SYSTEMATIC: SR1E2Mu/EMuTrigSF_Up/NMinusOne/njet_ge2/n_jets in Skim_TriLep_WWW.root
2026-07-21 19:45:01,164 - INFO - [2016preVFP] MISSING_SYSTEMATIC: SR1E2Mu/EMuTrigSF_Down/NMinusOne/njet_ge2/n_jets in Skim_TriLep_WWW.root
2026-07-21 19:45:01,165 - INFO - [2016preVFP] MISSING_SYSTEMATIC: SR1E2Mu/JetEn_Up/NMinusOne/njet_ge2/n_jets in Skim_TriLep_WWW.root
2026-07-21 19:45:01,165 - INFO - [2016preVFP] MISSING_SYSTEMATIC: SR1E2Mu/JetEn_Down/NMinusOne/njet_ge2/n_jets in Skim_TriLep_WWW.root
2026-07-21 19:45:01,165 - INFO - [2016preVFP] MISSING_SYSTEMATIC: SR1E2Mu/JetRes_Up/NMinusOne/njet_ge2/n_jets in Skim_TriLep_WWW.root
2026-07-21 19:45:01,166 - INFO - [2016preVFP] MISSING_SYSTEMATIC: SR1E2Mu/JetRes_Down/NMinusOne/njet_ge2/n_jets in Skim_TriLep_WWW.root
2026-07-21 19:45:01,166 - INFO - [2016preVFP] MISSING_SYSTEMATIC: SR1E2Mu/MuonEn_Up/NMinusOne/njet_ge2/n_jets in Skim_TriLep_WWW.root
2026-07-21 19:45:01,166 - INFO - [2016preVFP] MISSING_SYSTEMATIC: SR1E2Mu/MuonEn_Down/NMinusOne/njet_ge2/n_jets in Skim_TriLep_WWW.root
2026-07-21 19:45:01,167 - INFO - [2016preVFP] MISSING_SYSTEMATIC: SR1E2Mu/ElectronEn_Up/NMinusOne/njet_ge2/n_jets in Skim_TriLep_WWW.root
2026-07-21 19:45:01,167 - INFO - [2016preVFP] MISSING_SYSTEMATIC: SR1E2Mu/ElectronEn_Down/NMinusOne/njet_ge2/n_jets in Skim_TriLep_WWW.root
2026-07-21 19:45:01,167 - INFO - [2016preVFP] MISSING_SYSTEMATIC: SR1E2Mu/ElectronRes_Up/NMinusOne/njet_ge2/n_jets in Skim_TriLep_WWW.root
2026-07-21 19:45:01,167 - INFO - [2016preVFP] MISSING_SYSTEMATIC: SR1E2Mu/ElectronRes_Down/NMinusOne/njet_ge2/n_jets in Skim_TriLep_WWW.root
2026-07-21 19:45:01,168 - INFO - [2016preVFP] MISSING_SYSTEMATIC: SR1E2Mu/UnclusteredEn_Up/NMinusOne/njet_ge2/n_jets in Skim_TriLep_WWW.root
2026-07-21 19:45:01,168 - INFO - [2016preVFP] MISSING_SYSTEMATIC: SR1E2Mu/UnclusteredEn_Down/NMinusOne/njet_ge2/n_jets in Skim_TriLep_WWW.root
2026-07-21 19:45:01,169 - INFO - [2016preVFP] MISSING_SYSTEMATIC: SR1E2Mu/BtagSF_HFcorr_Up/NMinusOne/njet_ge2/n_jets in Skim_TriLep_WWW.root
2026-07-21 19:45:01,169 - INFO - [2016preVFP] MISSING_SYSTEMATIC: SR1E2Mu/BtagSF_HFcorr_Down/NMinusOne/njet_ge2/n_jets in Skim_TriLep_WWW.root
2026-07-21 19:45:01,169 - INFO - [2016preVFP] MISSING_SYSTEMATIC: SR1E2Mu/BtagSF_HFuncorr_Up/NMinusOne/njet_ge2/n_jets in Skim_TriLep_WWW.root
2026-07-21 19:45:01,169 - INFO - [2016preVFP] MISSING_SYSTEMATIC: SR1E2Mu/BtagSF_HFuncorr_Down/NMinusOne/njet_ge2/n_jets in Skim_TriLep_WWW.root
2026-07-21 19:45:01,170 - INFO - [2016preVFP] MISSING_SYSTEMATIC: SR1E2Mu/BtagSF_LFcorr_Up/NMinusOne/njet_ge2/n_jets in Skim_TriLep_WWW.root
2026-07-21 19:45:01,170 - INFO - [2016preVFP] MISSING_SYSTEMATIC: SR1E2Mu/BtagSF_LFcorr_Down/NMinusOne/njet_ge2/n_jets in Skim_TriLep_WWW.root
2026-07-21 19:45:01,171 - INFO - [2016preVFP] MISSING_SYSTEMATIC: SR1E2Mu/BtagSF_LFuncorr_Up/NMinusOne/njet_ge2/n_jets in Skim_TriLep_WWW.root
2026-07-21 19:45:01,171 - INFO - [2016preVFP] MISSING_SYSTEMATIC: SR1E2Mu/BtagSF_LFuncorr_Down/NMinusOne/njet_ge2/n_jets in Skim_TriLep_WWW.root
2026-07-21 19:45:01,172 - INFO - [2016preVFP] MISSING_SYSTEMATIC: SR1E2Mu/L1Prefire_Up/NMinusOne/njet_ge2/n_jets in Skim_TriLep_WWZ.root
2026-07-21 19:45:01,172 - INFO - [2016preVFP] MISSING_SYSTEMATIC: SR1E2Mu/L1Prefire_Down/NMinusOne/njet_ge2/n_jets in Skim_TriLep_WWZ.root
2026-07-21 19:45:01,172 - INFO - [2016preVFP] MISSING_SYSTEMATIC: SR1E2Mu/PileupReweight_Up/NMinusOne/njet_ge2/n_jets in Skim_TriLep_WWZ.root
2026-07-21 19:45:01,172 - INFO - [2016preVFP] MISSING_SYSTEMATIC: SR1E2Mu/PileupReweight_Down/NMinusOne/njet_ge2/n_jets in Skim_TriLep_WWZ.root
2026-07-21 19:45:01,173 - INFO - [2016preVFP] MISSING_SYSTEMATIC: SR1E2Mu/PileupJetIDSF_Up/NMinusOne/njet_ge2/n_jets in Skim_TriLep_WWZ.root
2026-07-21 19:45:01,173 - INFO - [2016preVFP] MISSING_SYSTEMATIC: SR1E2Mu/PileupJetIDSF_Down/NMinusOne/njet_ge2/n_jets in Skim_TriLep_WWZ.root
2026-07-21 19:45:01,174 - INFO - [2016preVFP] MISSING_SYSTEMATIC: SR1E2Mu/MuonIDSF_Up/NMinusOne/njet_ge2/n_jets in Skim_TriLep_WWZ.root
2026-07-21 19:45:01,174 - INFO - [2016preVFP] MISSING_SYSTEMATIC: SR1E2Mu/MuonIDSF_Down/NMinusOne/njet_ge2/n_jets in Skim_TriLep_WWZ.root
2026-07-21 19:45:01,174 - INFO - [2016preVFP] MISSING_SYSTEMATIC: SR1E2Mu/ElectronIDSF_Up/NMinusOne/njet_ge2/n_jets in Skim_TriLep_WWZ.root
2026-07-21 19:45:01,174 - INFO - [2016preVFP] MISSING_SYSTEMATIC: SR1E2Mu/ElectronIDSF_Down/NMinusOne/njet_ge2/n_jets in Skim_TriLep_WWZ.root
2026-07-21 19:45:01,175 - INFO - [2016preVFP] MISSING_SYSTEMATIC: SR1E2Mu/EMuTrigSF_Up/NMinusOne/njet_ge2/n_jets in Skim_TriLep_WWZ.root
2026-07-21 19:45:01,175 - INFO - [2016preVFP] MISSING_SYSTEMATIC: SR1E2Mu/EMuTrigSF_Down/NMinusOne/njet_ge2/n_jets in Skim_TriLep_WWZ.root
2026-07-21 19:45:01,175 - INFO - [2016preVFP] MISSING_SYSTEMATIC: SR1E2Mu/JetEn_Up/NMinusOne/njet_ge2/n_jets in Skim_TriLep_WWZ.root
2026-07-21 19:45:01,175 - INFO - [2016preVFP] MISSING_SYSTEMATIC: SR1E2Mu/JetEn_Down/NMinusOne/njet_ge2/n_jets in Skim_TriLep_WWZ.root
2026-07-21 19:45:01,176 - INFO - [2016preVFP] MISSING_SYSTEMATIC: SR1E2Mu/JetRes_Up/NMinusOne/njet_ge2/n_jets in Skim_TriLep_WWZ.root
2026-07-21 19:45:01,176 - INFO - [2016preVFP] MISSING_SYSTEMATIC: SR1E2Mu/JetRes_Down/NMinusOne/njet_ge2/n_jets in Skim_TriLep_WWZ.root
2026-07-21 19:45:01,177 - INFO - [2016preVFP] MISSING_SYSTEMATIC: SR1E2Mu/MuonEn_Up/NMinusOne/njet_ge2/n_jets in Skim_TriLep_WWZ.root
2026-07-21 19:45:01,177 - INFO - [2016preVFP] MISSING_SYSTEMATIC: SR1E2Mu/MuonEn_Down/NMinusOne/njet_ge2/n_jets in Skim_TriLep_WWZ.root
2026-07-21 19:45:01,177 - INFO - [2016preVFP] MISSING_SYSTEMATIC: SR1E2Mu/ElectronEn_Up/NMinusOne/njet_ge2/n_jets in Skim_TriLep_WWZ.root
2026-07-21 19:45:01,177 - INFO - [2016preVFP] MISSING_SYSTEMATIC: SR1E2Mu/ElectronEn_Down/NMinusOne/njet_ge2/n_jets in Skim_TriLep_WWZ.root
2026-07-21 19:45:01,178 - INFO - [2016preVFP] MISSING_SYSTEMATIC: SR1E2Mu/ElectronRes_Up/NMinusOne/njet_ge2/n_jets in Skim_TriLep_WWZ.root
2026-07-21 19:45:01,178 - INFO - [2016preVFP] MISSING_SYSTEMATIC: SR1E2Mu/ElectronRes_Down/NMinusOne/njet_ge2/n_jets in Skim_TriLep_WWZ.root
2026-07-21 19:45:01,179 - INFO - [2016preVFP] MISSING_SYSTEMATIC: SR1E2Mu/UnclusteredEn_Up/NMinusOne/njet_ge2/n_jets in Skim_TriLep_WWZ.root
2026-07-21 19:45:01,179 - INFO - [2016preVFP] MISSING_SYSTEMATIC: SR1E2Mu/UnclusteredEn_Down/NMinusOne/njet_ge2/n_jets in Skim_TriLep_WWZ.root
2026-07-21 19:45:01,179 - INFO - [2016preVFP] MISSING_SYSTEMATIC: SR1E2Mu/BtagSF_HFcorr_Up/NMinusOne/njet_ge2/n_jets in Skim_TriLep_WWZ.root
2026-07-21 19:45:01,179 - INFO - [2016preVFP] MISSING_SYSTEMATIC: SR1E2Mu/BtagSF_HFcorr_Down/NMinusOne/njet_ge2/n_jets in Skim_TriLep_WWZ.root
2026-07-21 19:45:01,180 - INFO - [2016preVFP] MISSING_SYSTEMATIC: SR1E2Mu/BtagSF_HFuncorr_Up/NMinusOne/njet_ge2/n_jets in Skim_TriLep_WWZ.root
2026-07-21 19:45:01,180 - INFO - [2016preVFP] MISSING_SYSTEMATIC: SR1E2Mu/BtagSF_HFuncorr_Down/NMinusOne/njet_ge2/n_jets in Skim_TriLep_WWZ.root
2026-07-21 19:45:01,180 - INFO - [2016preVFP] MISSING_SYSTEMATIC: SR1E2Mu/BtagSF_LFcorr_Up/NMinusOne/njet_ge2/n_jets in Skim_TriLep_WWZ.root
2026-07-21 19:45:01,181 - INFO - [2016preVFP] MISSING_SYSTEMATIC: SR1E2Mu/BtagSF_LFcorr_Down/NMinusOne/njet_ge2/n_jets in Skim_TriLep_WWZ.root
2026-07-21 19:45:01,181 - INFO - [2016preVFP] MISSING_SYSTEMATIC: SR1E2Mu/BtagSF_LFuncorr_Up/NMinusOne/njet_ge2/n_jets in Skim_TriLep_WWZ.root
2026-07-21 19:45:01,181 - INFO - [2016preVFP] MISSING_SYSTEMATIC: SR1E2Mu/BtagSF_LFuncorr_Down/NMinusOne/njet_ge2/n_jets in Skim_TriLep_WWZ.root
2026-07-21 19:45:01,182 - INFO - [2016preVFP] MISSING_SYSTEMATIC: SR1E2Mu/L1Prefire_Up/NMinusOne/njet_ge2/n_jets in Skim_TriLep_WZZ.root
2026-07-21 19:45:01,182 - INFO - [2016preVFP] MISSING_SYSTEMATIC: SR1E2Mu/L1Prefire_Down/NMinusOne/njet_ge2/n_jets in Skim_TriLep_WZZ.root
2026-07-21 19:45:01,183 - INFO - [2016preVFP] MISSING_SYSTEMATIC: SR1E2Mu/PileupReweight_Up/NMinusOne/njet_ge2/n_jets in Skim_TriLep_WZZ.root
2026-07-21 19:45:01,183 - INFO - [2016preVFP] MISSING_SYSTEMATIC: SR1E2Mu/PileupReweight_Down/NMinusOne/njet_ge2/n_jets in Skim_TriLep_WZZ.root
2026-07-21 19:45:01,183 - INFO - [2016preVFP] MISSING_SYSTEMATIC: SR1E2Mu/PileupJetIDSF_Up/NMinusOne/njet_ge2/n_jets in Skim_TriLep_WZZ.root
2026-07-21 19:45:01,183 - INFO - [2016preVFP] MISSING_SYSTEMATIC: SR1E2Mu/PileupJetIDSF_Down/NMinusOne/njet_ge2/n_jets in Skim_TriLep_WZZ.root
2026-07-21 19:45:01,184 - INFO - [2016preVFP] MISSING_SYSTEMATIC: SR1E2Mu/MuonIDSF_Up/NMinusOne/njet_ge2/n_jets in Skim_TriLep_WZZ.root
2026-07-21 19:45:01,184 - INFO - [2016preVFP] MISSING_SYSTEMATIC: SR1E2Mu/MuonIDSF_Down/NMinusOne/njet_ge2/n_jets in Skim_TriLep_WZZ.root
2026-07-21 19:45:01,185 - INFO - [2016preVFP] MISSING_SYSTEMATIC: SR1E2Mu/ElectronIDSF_Up/NMinusOne/njet_ge2/n_jets in Skim_TriLep_WZZ.root
2026-07-21 19:45:01,185 - INFO - [2016preVFP] MISSING_SYSTEMATIC: SR1E2Mu/ElectronIDSF_Down/NMinusOne/njet_ge2/n_jets in Skim_TriLep_WZZ.root
2026-07-21 19:45:01,185 - INFO - [2016preVFP] MISSING_SYSTEMATIC: SR1E2Mu/EMuTrigSF_Up/NMinusOne/njet_ge2/n_jets in Skim_TriLep_WZZ.root
2026-07-21 19:45:01,185 - INFO - [2016preVFP] MISSING_SYSTEMATIC: SR1E2Mu/EMuTrigSF_Down/NMinusOne/njet_ge2/n_jets in Skim_TriLep_WZZ.root
2026-07-21 19:45:01,186 - INFO - [2016preVFP] MISSING_SYSTEMATIC: SR1E2Mu/JetEn_Up/NMinusOne/njet_ge2/n_jets in Skim_TriLep_WZZ.root
2026-07-21 19:45:01,186 - INFO - [2016preVFP] MISSING_SYSTEMATIC: SR1E2Mu/JetEn_Down/NMinusOne/njet_ge2/n_jets in Skim_TriLep_WZZ.root
2026-07-21 19:45:01,187 - INFO - [2016preVFP] MISSING_SYSTEMATIC: SR1E2Mu/JetRes_Up/NMinusOne/njet_ge2/n_jets in Skim_TriLep_WZZ.root
2026-07-21 19:45:01,187 - INFO - [2016preVFP] MISSING_SYSTEMATIC: SR1E2Mu/JetRes_Down/NMinusOne/njet_ge2/n_jets in Skim_TriLep_WZZ.root
2026-07-21 19:45:01,187 - INFO - [2016preVFP] MISSING_SYSTEMATIC: SR1E2Mu/MuonEn_Up/NMinusOne/njet_ge2/n_jets in Skim_TriLep_WZZ.root
2026-07-21 19:45:01,187 - INFO - [2016preVFP] MISSING_SYSTEMATIC: SR1E2Mu/MuonEn_Down/NMinusOne/njet_ge2/n_jets in Skim_TriLep_WZZ.root
2026-07-21 19:45:01,188 - INFO - [2016preVFP] MISSING_SYSTEMATIC: SR1E2Mu/ElectronEn_Up/NMinusOne/njet_ge2/n_jets in Skim_TriLep_WZZ.root
2026-07-21 19:45:01,188 - INFO - [2016preVFP] MISSING_SYSTEMATIC: SR1E2Mu/ElectronEn_Down/NMinusOne/njet_ge2/n_jets in Skim_TriLep_WZZ.root
2026-07-21 19:45:01,189 - INFO - [2016preVFP] MISSING_SYSTEMATIC: SR1E2Mu/ElectronRes_Up/NMinusOne/njet_ge2/n_jets in Skim_TriLep_WZZ.root
2026-07-21 19:45:01,189 - INFO - [2016preVFP] MISSING_SYSTEMATIC: SR1E2Mu/ElectronRes_Down/NMinusOne/njet_ge2/n_jets in Skim_TriLep_WZZ.root
2026-07-21 19:45:01,189 - INFO - [2016preVFP] MISSING_SYSTEMATIC: SR1E2Mu/UnclusteredEn_Up/NMinusOne/njet_ge2/n_jets in Skim_TriLep_WZZ.root
2026-07-21 19:45:01,189 - INFO - [2016preVFP] MISSING_SYSTEMATIC: SR1E2Mu/UnclusteredEn_Down/NMinusOne/njet_ge2/n_jets in Skim_TriLep_WZZ.root
2026-07-21 19:45:01,190 - INFO - [2016preVFP] MISSING_SYSTEMATIC: SR1E2Mu/BtagSF_HFcorr_Up/NMinusOne/njet_ge2/n_jets in Skim_TriLep_WZZ.root
2026-07-21 19:45:01,190 - INFO - [2016preVFP] MISSING_SYSTEMATIC: SR1E2Mu/BtagSF_HFcorr_Down/NMinusOne/njet_ge2/n_jets in Skim_TriLep_WZZ.root
2026-07-21 19:45:01,191 - INFO - [2016preVFP] MISSING_SYSTEMATIC: SR1E2Mu/BtagSF_HFuncorr_Up/NMinusOne/njet_ge2/n_jets in Skim_TriLep_WZZ.root
2026-07-21 19:45:01,191 - INFO - [2016preVFP] MISSING_SYSTEMATIC: SR1E2Mu/BtagSF_HFuncorr_Down/NMinusOne/njet_ge2/n_jets in Skim_TriLep_WZZ.root
2026-07-21 19:45:01,191 - INFO - [2016preVFP] MISSING_SYSTEMATIC: SR1E2Mu/BtagSF_LFcorr_Up/NMinusOne/njet_ge2/n_jets in Skim_TriLep_WZZ.root
2026-07-21 19:45:01,191 - INFO - [2016preVFP] MISSING_SYSTEMATIC: SR1E2Mu/BtagSF_LFcorr_Down/NMinusOne/njet_ge2/n_jets in Skim_TriLep_WZZ.root
2026-07-21 19:45:01,192 - INFO - [2016preVFP] MISSING_SYSTEMATIC: SR1E2Mu/BtagSF_LFuncorr_Up/NMinusOne/njet_ge2/n_jets in Skim_TriLep_WZZ.root
2026-07-21 19:45:01,192 - INFO - [2016preVFP] MISSING_SYSTEMATIC: SR1E2Mu/BtagSF_LFuncorr_Down/NMinusOne/njet_ge2/n_jets in Skim_TriLep_WZZ.root
2026-07-21 19:45:01,193 - INFO - [2016preVFP] MISSING_SYSTEMATIC: SR1E2Mu/L1Prefire_Up/NMinusOne/njet_ge2/n_jets in Skim_TriLep_ZZZ.root
2026-07-21 19:45:01,193 - INFO - [2016preVFP] MISSING_SYSTEMATIC: SR1E2Mu/L1Prefire_Down/NMinusOne/njet_ge2/n_jets in Skim_TriLep_ZZZ.root
2026-07-21 19:45:01,194 - INFO - [2016preVFP] MISSING_SYSTEMATIC: SR1E2Mu/PileupReweight_Up/NMinusOne/njet_ge2/n_jets in Skim_TriLep_ZZZ.root
2026-07-21 19:45:01,194 - INFO - [2016preVFP] MISSING_SYSTEMATIC: SR1E2Mu/PileupReweight_Down/NMinusOne/njet_ge2/n_jets in Skim_TriLep_ZZZ.root
2026-07-21 19:45:01,194 - INFO - [2016preVFP] MISSING_SYSTEMATIC: SR1E2Mu/PileupJetIDSF_Up/NMinusOne/njet_ge2/n_jets in Skim_TriLep_ZZZ.root
2026-07-21 19:45:01,194 - INFO - [2016preVFP] MISSING_SYSTEMATIC: SR1E2Mu/PileupJetIDSF_Down/NMinusOne/njet_ge2/n_jets in Skim_TriLep_ZZZ.root
2026-07-21 19:45:01,195 - INFO - [2016preVFP] MISSING_SYSTEMATIC: SR1E2Mu/MuonIDSF_Up/NMinusOne/njet_ge2/n_jets in Skim_TriLep_ZZZ.root
2026-07-21 19:45:01,195 - INFO - [2016preVFP] MISSING_SYSTEMATIC: SR1E2Mu/MuonIDSF_Down/NMinusOne/njet_ge2/n_jets in Skim_TriLep_ZZZ.root
2026-07-21 19:45:01,195 - INFO - [2016preVFP] MISSING_SYSTEMATIC: SR1E2Mu/ElectronIDSF_Up/NMinusOne/njet_ge2/n_jets in Skim_TriLep_ZZZ.root
2026-07-21 19:45:01,196 - INFO - [2016preVFP] MISSING_SYSTEMATIC: SR1E2Mu/ElectronIDSF_Down/NMinusOne/njet_ge2/n_jets in Skim_TriLep_ZZZ.root
2026-07-21 19:45:01,196 - INFO - [2016preVFP] MISSING_SYSTEMATIC: SR1E2Mu/EMuTrigSF_Up/NMinusOne/njet_ge2/n_jets in Skim_TriLep_ZZZ.root
2026-07-21 19:45:01,196 - INFO - [2016preVFP] MISSING_SYSTEMATIC: SR1E2Mu/EMuTrigSF_Down/NMinusOne/njet_ge2/n_jets in Skim_TriLep_ZZZ.root
2026-07-21 19:45:01,197 - INFO - [2016preVFP] MISSING_SYSTEMATIC: SR1E2Mu/JetEn_Up/NMinusOne/njet_ge2/n_jets in Skim_TriLep_ZZZ.root
2026-07-21 19:45:01,197 - INFO - [2016preVFP] MISSING_SYSTEMATIC: SR1E2Mu/JetEn_Down/NMinusOne/njet_ge2/n_jets in Skim_TriLep_ZZZ.root
2026-07-21 19:45:01,197 - INFO - [2016preVFP] MISSING_SYSTEMATIC: SR1E2Mu/JetRes_Up/NMinusOne/njet_ge2/n_jets in Skim_TriLep_ZZZ.root
2026-07-21 19:45:01,197 - INFO - [2016preVFP] MISSING_SYSTEMATIC: SR1E2Mu/JetRes_Down/NMinusOne/njet_ge2/n_jets in Skim_TriLep_ZZZ.root
2026-07-21 19:45:01,198 - INFO - [2016preVFP] MISSING_SYSTEMATIC: SR1E2Mu/MuonEn_Up/NMinusOne/njet_ge2/n_jets in Skim_TriLep_ZZZ.root
2026-07-21 19:45:01,198 - INFO - [2016preVFP] MISSING_SYSTEMATIC: SR1E2Mu/MuonEn_Down/NMinusOne/njet_ge2/n_jets in Skim_TriLep_ZZZ.root
2026-07-21 19:45:01,199 - INFO - [2016preVFP] MISSING_SYSTEMATIC: SR1E2Mu/ElectronEn_Up/NMinusOne/njet_ge2/n_jets in Skim_TriLep_ZZZ.root
2026-07-21 19:45:01,199 - INFO - [2016preVFP] MISSING_SYSTEMATIC: SR1E2Mu/ElectronEn_Down/NMinusOne/njet_ge2/n_jets in Skim_TriLep_ZZZ.root
2026-07-21 19:45:01,199 - INFO - [2016preVFP] MISSING_SYSTEMATIC: SR1E2Mu/ElectronRes_Up/NMinusOne/njet_ge2/n_jets in Skim_TriLep_ZZZ.root
2026-07-21 19:45:01,199 - INFO - [2016preVFP] MISSING_SYSTEMATIC: SR1E2Mu/ElectronRes_Down/NMinusOne/njet_ge2/n_jets in Skim_TriLep_ZZZ.root
2026-07-21 19:45:01,200 - INFO - [2016preVFP] MISSING_SYSTEMATIC: SR1E2Mu/UnclusteredEn_Up/NMinusOne/njet_ge2/n_jets in Skim_TriLep_ZZZ.root
2026-07-21 19:45:01,200 - INFO - [2016preVFP] MISSING_SYSTEMATIC: SR1E2Mu/UnclusteredEn_Down/NMinusOne/njet_ge2/n_jets in Skim_TriLep_ZZZ.root
2026-07-21 19:45:01,201 - INFO - [2016preVFP] MISSING_SYSTEMATIC: SR1E2Mu/BtagSF_HFcorr_Up/NMinusOne/njet_ge2/n_jets in Skim_TriLep_ZZZ.root
2026-07-21 19:45:01,201 - INFO - [2016preVFP] MISSING_SYSTEMATIC: SR1E2Mu/BtagSF_HFcorr_Down/NMinusOne/njet_ge2/n_jets in Skim_TriLep_ZZZ.root
2026-07-21 19:45:01,201 - INFO - [2016preVFP] MISSING_SYSTEMATIC: SR1E2Mu/BtagSF_HFuncorr_Up/NMinusOne/njet_ge2/n_jets in Skim_TriLep_ZZZ.root
2026-07-21 19:45:01,201 - INFO - [2016preVFP] MISSING_SYSTEMATIC: SR1E2Mu/BtagSF_HFuncorr_Down/NMinusOne/njet_ge2/n_jets in Skim_TriLep_ZZZ.root
2026-07-21 19:45:01,202 - INFO - [2016preVFP] MISSING_SYSTEMATIC: SR1E2Mu/BtagSF_LFcorr_Up/NMinusOne/njet_ge2/n_jets in Skim_TriLep_ZZZ.root
2026-07-21 19:45:01,202 - INFO - [2016preVFP] MISSING_SYSTEMATIC: SR1E2Mu/BtagSF_LFcorr_Down/NMinusOne/njet_ge2/n_jets in Skim_TriLep_ZZZ.root
2026-07-21 19:45:01,203 - INFO - [2016preVFP] MISSING_SYSTEMATIC: SR1E2Mu/BtagSF_LFuncorr_Up/NMinusOne/njet_ge2/n_jets in Skim_TriLep_ZZZ.root
2026-07-21 19:45:01,203 - INFO - [2016preVFP] MISSING_SYSTEMATIC: SR1E2Mu/BtagSF_LFuncorr_Down/NMinusOne/njet_ge2/n_jets in Skim_TriLep_ZZZ.root
2026-07-21 19:45:01,204 - INFO - [2016preVFP] MISSING_SYSTEMATIC: SR1E2Mu/L1Prefire_Up/NMinusOne/njet_ge2/n_jets in Skim_TriLep_TTTT.root
2026-07-21 19:45:01,204 - INFO - [2016preVFP] MISSING_SYSTEMATIC: SR1E2Mu/L1Prefire_Down/NMinusOne/njet_ge2/n_jets in Skim_TriLep_TTTT.root
2026-07-21 19:45:01,204 - INFO - [2016preVFP] MISSING_SYSTEMATIC: SR1E2Mu/PileupReweight_Up/NMinusOne/njet_ge2/n_jets in Skim_TriLep_TTTT.root
2026-07-21 19:45:01,204 - INFO - [2016preVFP] MISSING_SYSTEMATIC: SR1E2Mu/PileupReweight_Down/NMinusOne/njet_ge2/n_jets in Skim_TriLep_TTTT.root
2026-07-21 19:45:01,205 - INFO - [2016preVFP] MISSING_SYSTEMATIC: SR1E2Mu/PileupJetIDSF_Up/NMinusOne/njet_ge2/n_jets in Skim_TriLep_TTTT.root
2026-07-21 19:45:01,205 - INFO - [2016preVFP] MISSING_SYSTEMATIC: SR1E2Mu/PileupJetIDSF_Down/NMinusOne/njet_ge2/n_jets in Skim_TriLep_TTTT.root
2026-07-21 19:45:01,206 - INFO - [2016preVFP] MISSING_SYSTEMATIC: SR1E2Mu/MuonIDSF_Up/NMinusOne/njet_ge2/n_jets in Skim_TriLep_TTTT.root
2026-07-21 19:45:01,206 - INFO - [2016preVFP] MISSING_SYSTEMATIC: SR1E2Mu/MuonIDSF_Down/NMinusOne/njet_ge2/n_jets in Skim_TriLep_TTTT.root
2026-07-21 19:45:01,206 - INFO - [2016preVFP] MISSING_SYSTEMATIC: SR1E2Mu/ElectronIDSF_Up/NMinusOne/njet_ge2/n_jets in Skim_TriLep_TTTT.root
2026-07-21 19:45:01,206 - INFO - [2016preVFP] MISSING_SYSTEMATIC: SR1E2Mu/ElectronIDSF_Down/NMinusOne/njet_ge2/n_jets in Skim_TriLep_TTTT.root
2026-07-21 19:45:01,207 - INFO - [2016preVFP] MISSING_SYSTEMATIC: SR1E2Mu/EMuTrigSF_Up/NMinusOne/njet_ge2/n_jets in Skim_TriLep_TTTT.root
2026-07-21 19:45:01,207 - INFO - [2016preVFP] MISSING_SYSTEMATIC: SR1E2Mu/EMuTrigSF_Down/NMinusOne/njet_ge2/n_jets in Skim_TriLep_TTTT.root
2026-07-21 19:45:01,207 - INFO - [2016preVFP] MISSING_SYSTEMATIC: SR1E2Mu/JetEn_Up/NMinusOne/njet_ge2/n_jets in Skim_TriLep_TTTT.root
2026-07-21 19:45:01,207 - INFO - [2016preVFP] MISSING_SYSTEMATIC: SR1E2Mu/JetEn_Down/NMinusOne/njet_ge2/n_jets in Skim_TriLep_TTTT.root
2026-07-21 19:45:01,208 - INFO - [2016preVFP] MISSING_SYSTEMATIC: SR1E2Mu/JetRes_Up/NMinusOne/njet_ge2/n_jets in Skim_TriLep_TTTT.root
2026-07-21 19:45:01,208 - INFO - [2016preVFP] MISSING_SYSTEMATIC: SR1E2Mu/JetRes_Down/NMinusOne/njet_ge2/n_jets in Skim_TriLep_TTTT.root
2026-07-21 19:45:01,209 - INFO - [2016preVFP] MISSING_SYSTEMATIC: SR1E2Mu/MuonEn_Up/NMinusOne/njet_ge2/n_jets in Skim_TriLep_TTTT.root
2026-07-21 19:45:01,209 - INFO - [2016preVFP] MISSING_SYSTEMATIC: SR1E2Mu/MuonEn_Down/NMinusOne/njet_ge2/n_jets in Skim_TriLep_TTTT.root
2026-07-21 19:45:01,209 - INFO - [2016preVFP] MISSING_SYSTEMATIC: SR1E2Mu/ElectronEn_Up/NMinusOne/njet_ge2/n_jets in Skim_TriLep_TTTT.root
2026-07-21 19:45:01,209 - INFO - [2016preVFP] MISSING_SYSTEMATIC: SR1E2Mu/ElectronEn_Down/NMinusOne/njet_ge2/n_jets in Skim_TriLep_TTTT.root
2026-07-21 19:45:01,210 - INFO - [2016preVFP] MISSING_SYSTEMATIC: SR1E2Mu/ElectronRes_Up/NMinusOne/njet_ge2/n_jets in Skim_TriLep_TTTT.root
2026-07-21 19:45:01,210 - INFO - [2016preVFP] MISSING_SYSTEMATIC: SR1E2Mu/ElectronRes_Down/NMinusOne/njet_ge2/n_jets in Skim_TriLep_TTTT.root
2026-07-21 19:45:01,211 - INFO - [2016preVFP] MISSING_SYSTEMATIC: SR1E2Mu/UnclusteredEn_Up/NMinusOne/njet_ge2/n_jets in Skim_TriLep_TTTT.root
2026-07-21 19:45:01,211 - INFO - [2016preVFP] MISSING_SYSTEMATIC: SR1E2Mu/UnclusteredEn_Down/NMinusOne/njet_ge2/n_jets in Skim_TriLep_TTTT.root
2026-07-21 19:45:01,211 - INFO - [2016preVFP] MISSING_SYSTEMATIC: SR1E2Mu/BtagSF_HFcorr_Up/NMinusOne/njet_ge2/n_jets in Skim_TriLep_TTTT.root
2026-07-21 19:45:01,211 - INFO - [2016preVFP] MISSING_SYSTEMATIC: SR1E2Mu/BtagSF_HFcorr_Down/NMinusOne/njet_ge2/n_jets in Skim_TriLep_TTTT.root
2026-07-21 19:45:01,212 - INFO - [2016preVFP] MISSING_SYSTEMATIC: SR1E2Mu/BtagSF_HFuncorr_Up/NMinusOne/njet_ge2/n_jets in Skim_TriLep_TTTT.root
2026-07-21 19:45:01,212 - INFO - [2016preVFP] MISSING_SYSTEMATIC: SR1E2Mu/BtagSF_HFuncorr_Down/NMinusOne/njet_ge2/n_jets in Skim_TriLep_TTTT.root
2026-07-21 19:45:01,213 - INFO - [2016preVFP] MISSING_SYSTEMATIC: SR1E2Mu/BtagSF_LFcorr_Up/NMinusOne/njet_ge2/n_jets in Skim_TriLep_TTTT.root
2026-07-21 19:45:01,213 - INFO - [2016preVFP] MISSING_SYSTEMATIC: SR1E2Mu/BtagSF_LFcorr_Down/NMinusOne/njet_ge2/n_jets in Skim_TriLep_TTTT.root
2026-07-21 19:45:01,213 - INFO - [2016preVFP] MISSING_SYSTEMATIC: SR1E2Mu/BtagSF_LFuncorr_Up/NMinusOne/njet_ge2/n_jets in Skim_TriLep_TTTT.root
2026-07-21 19:45:01,213 - INFO - [2016preVFP] MISSING_SYSTEMATIC: SR1E2Mu/BtagSF_LFuncorr_Down/NMinusOne/njet_ge2/n_jets in Skim_TriLep_TTTT.root
2026-07-21 19:45:01,214 - INFO - [2016preVFP] MISSING_SYSTEMATIC: SR1E2Mu/L1Prefire_Up/NMinusOne/njet_ge2/n_jets in Skim_TriLep_VBFHToZZTo4L.root
2026-07-21 19:45:01,214 - INFO - [2016preVFP] MISSING_SYSTEMATIC: SR1E2Mu/L1Prefire_Down/NMinusOne/njet_ge2/n_jets in Skim_TriLep_VBFHToZZTo4L.root
2026-07-21 19:45:01,215 - INFO - [2016preVFP] MISSING_SYSTEMATIC: SR1E2Mu/PileupReweight_Up/NMinusOne/njet_ge2/n_jets in Skim_TriLep_VBFHToZZTo4L.root
2026-07-21 19:45:01,215 - INFO - [2016preVFP] MISSING_SYSTEMATIC: SR1E2Mu/PileupReweight_Down/NMinusOne/njet_ge2/n_jets in Skim_TriLep_VBFHToZZTo4L.root
2026-07-21 19:45:01,216 - INFO - [2016preVFP] MISSING_SYSTEMATIC: SR1E2Mu/PileupJetIDSF_Up/NMinusOne/njet_ge2/n_jets in Skim_TriLep_VBFHToZZTo4L.root
2026-07-21 19:45:01,216 - INFO - [2016preVFP] MISSING_SYSTEMATIC: SR1E2Mu/PileupJetIDSF_Down/NMinusOne/njet_ge2/n_jets in Skim_TriLep_VBFHToZZTo4L.root
2026-07-21 19:45:01,216 - INFO - [2016preVFP] MISSING_SYSTEMATIC: SR1E2Mu/MuonIDSF_Up/NMinusOne/njet_ge2/n_jets in Skim_TriLep_VBFHToZZTo4L.root
2026-07-21 19:45:01,216 - INFO - [2016preVFP] MISSING_SYSTEMATIC: SR1E2Mu/MuonIDSF_Down/NMinusOne/njet_ge2/n_jets in Skim_TriLep_VBFHToZZTo4L.root
2026-07-21 19:45:01,217 - INFO - [2016preVFP] MISSING_SYSTEMATIC: SR1E2Mu/ElectronIDSF_Up/NMinusOne/njet_ge2/n_jets in Skim_TriLep_VBFHToZZTo4L.root
2026-07-21 19:45:01,217 - INFO - [2016preVFP] MISSING_SYSTEMATIC: SR1E2Mu/ElectronIDSF_Down/NMinusOne/njet_ge2/n_jets in Skim_TriLep_VBFHToZZTo4L.root
2026-07-21 19:45:01,218 - INFO - [2016preVFP] MISSING_SYSTEMATIC: SR1E2Mu/EMuTrigSF_Up/NMinusOne/njet_ge2/n_jets in Skim_TriLep_VBFHToZZTo4L.root
2026-07-21 19:45:01,218 - INFO - [2016preVFP] MISSING_SYSTEMATIC: SR1E2Mu/EMuTrigSF_Down/NMinusOne/njet_ge2/n_jets in Skim_TriLep_VBFHToZZTo4L.root
2026-07-21 19:45:01,218 - INFO - [2016preVFP] MISSING_SYSTEMATIC: SR1E2Mu/JetEn_Up/NMinusOne/njet_ge2/n_jets in Skim_TriLep_VBFHToZZTo4L.root
2026-07-21 19:45:01,219 - INFO - [2016preVFP] MISSING_SYSTEMATIC: SR1E2Mu/JetEn_Down/NMinusOne/njet_ge2/n_jets in Skim_TriLep_VBFHToZZTo4L.root
2026-07-21 19:45:01,219 - INFO - [2016preVFP] MISSING_SYSTEMATIC: SR1E2Mu/JetRes_Up/NMinusOne/njet_ge2/n_jets in Skim_TriLep_VBFHToZZTo4L.root
2026-07-21 19:45:01,219 - INFO - [2016preVFP] MISSING_SYSTEMATIC: SR1E2Mu/JetRes_Down/NMinusOne/njet_ge2/n_jets in Skim_TriLep_VBFHToZZTo4L.root
2026-07-21 19:45:01,220 - INFO - [2016preVFP] MISSING_SYSTEMATIC: SR1E2Mu/MuonEn_Up/NMinusOne/njet_ge2/n_jets in Skim_TriLep_VBFHToZZTo4L.root
2026-07-21 19:45:01,220 - INFO - [2016preVFP] MISSING_SYSTEMATIC: SR1E2Mu/MuonEn_Down/NMinusOne/njet_ge2/n_jets in Skim_TriLep_VBFHToZZTo4L.root
2026-07-21 19:45:01,221 - INFO - [2016preVFP] MISSING_SYSTEMATIC: SR1E2Mu/ElectronEn_Up/NMinusOne/njet_ge2/n_jets in Skim_TriLep_VBFHToZZTo4L.root
2026-07-21 19:45:01,221 - INFO - [2016preVFP] MISSING_SYSTEMATIC: SR1E2Mu/ElectronEn_Down/NMinusOne/njet_ge2/n_jets in Skim_TriLep_VBFHToZZTo4L.root
2026-07-21 19:45:01,221 - INFO - [2016preVFP] MISSING_SYSTEMATIC: SR1E2Mu/ElectronRes_Up/NMinusOne/njet_ge2/n_jets in Skim_TriLep_VBFHToZZTo4L.root
2026-07-21 19:45:01,221 - INFO - [2016preVFP] MISSING_SYSTEMATIC: SR1E2Mu/ElectronRes_Down/NMinusOne/njet_ge2/n_jets in Skim_TriLep_VBFHToZZTo4L.root
2026-07-21 19:45:01,222 - INFO - [2016preVFP] MISSING_SYSTEMATIC: SR1E2Mu/UnclusteredEn_Up/NMinusOne/njet_ge2/n_jets in Skim_TriLep_VBFHToZZTo4L.root
2026-07-21 19:45:01,222 - INFO - [2016preVFP] MISSING_SYSTEMATIC: SR1E2Mu/UnclusteredEn_Down/NMinusOne/njet_ge2/n_jets in Skim_TriLep_VBFHToZZTo4L.root
2026-07-21 19:45:01,223 - INFO - [2016preVFP] MISSING_SYSTEMATIC: SR1E2Mu/BtagSF_HFcorr_Up/NMinusOne/njet_ge2/n_jets in Skim_TriLep_VBFHToZZTo4L.root
2026-07-21 19:45:01,223 - INFO - [2016preVFP] MISSING_SYSTEMATIC: SR1E2Mu/BtagSF_HFcorr_Down/NMinusOne/njet_ge2/n_jets in Skim_TriLep_VBFHToZZTo4L.root
2026-07-21 19:45:01,223 - INFO - [2016preVFP] MISSING_SYSTEMATIC: SR1E2Mu/BtagSF_HFuncorr_Up/NMinusOne/njet_ge2/n_jets in Skim_TriLep_VBFHToZZTo4L.root
2026-07-21 19:45:01,223 - INFO - [2016preVFP] MISSING_SYSTEMATIC: SR1E2Mu/BtagSF_HFuncorr_Down/NMinusOne/njet_ge2/n_jets in Skim_TriLep_VBFHToZZTo4L.root
2026-07-21 19:45:01,224 - INFO - [2016preVFP] MISSING_SYSTEMATIC: SR1E2Mu/BtagSF_LFcorr_Up/NMinusOne/njet_ge2/n_jets in Skim_TriLep_VBFHToZZTo4L.root
2026-07-21 19:45:01,224 - INFO - [2016preVFP] MISSING_SYSTEMATIC: SR1E2Mu/BtagSF_LFcorr_Down/NMinusOne/njet_ge2/n_jets in Skim_TriLep_VBFHToZZTo4L.root
2026-07-21 19:45:01,225 - INFO - [2016preVFP] MISSING_SYSTEMATIC: SR1E2Mu/BtagSF_LFuncorr_Up/NMinusOne/njet_ge2/n_jets in Skim_TriLep_VBFHToZZTo4L.root
2026-07-21 19:45:01,225 - INFO - [2016preVFP] MISSING_SYSTEMATIC: SR1E2Mu/BtagSF_LFuncorr_Down/NMinusOne/njet_ge2/n_jets in Skim_TriLep_VBFHToZZTo4L.root
2026-07-21 19:45:01,226 - INFO - [2016preVFP] MISSING_SYSTEMATIC: SR1E2Mu/L1Prefire_Up/NMinusOne/njet_ge2/n_jets in Skim_TriLep_ggHToZZTo4L.root
2026-07-21 19:45:01,226 - INFO - [2016preVFP] MISSING_SYSTEMATIC: SR1E2Mu/L1Prefire_Down/NMinusOne/njet_ge2/n_jets in Skim_TriLep_ggHToZZTo4L.root
2026-07-21 19:45:01,226 - INFO - [2016preVFP] MISSING_SYSTEMATIC: SR1E2Mu/PileupReweight_Up/NMinusOne/njet_ge2/n_jets in Skim_TriLep_ggHToZZTo4L.root
2026-07-21 19:45:01,226 - INFO - [2016preVFP] MISSING_SYSTEMATIC: SR1E2Mu/PileupReweight_Down/NMinusOne/njet_ge2/n_jets in Skim_TriLep_ggHToZZTo4L.root
2026-07-21 19:45:01,227 - INFO - [2016preVFP] MISSING_SYSTEMATIC: SR1E2Mu/PileupJetIDSF_Up/NMinusOne/njet_ge2/n_jets in Skim_TriLep_ggHToZZTo4L.root
2026-07-21 19:45:01,227 - INFO - [2016preVFP] MISSING_SYSTEMATIC: SR1E2Mu/PileupJetIDSF_Down/NMinusOne/njet_ge2/n_jets in Skim_TriLep_ggHToZZTo4L.root
2026-07-21 19:45:01,228 - INFO - [2016preVFP] MISSING_SYSTEMATIC: SR1E2Mu/MuonIDSF_Up/NMinusOne/njet_ge2/n_jets in Skim_TriLep_ggHToZZTo4L.root
2026-07-21 19:45:01,228 - INFO - [2016preVFP] MISSING_SYSTEMATIC: SR1E2Mu/MuonIDSF_Down/NMinusOne/njet_ge2/n_jets in Skim_TriLep_ggHToZZTo4L.root
2026-07-21 19:45:01,228 - INFO - [2016preVFP] MISSING_SYSTEMATIC: SR1E2Mu/ElectronIDSF_Up/NMinusOne/njet_ge2/n_jets in Skim_TriLep_ggHToZZTo4L.root
2026-07-21 19:45:01,228 - INFO - [2016preVFP] MISSING_SYSTEMATIC: SR1E2Mu/ElectronIDSF_Down/NMinusOne/njet_ge2/n_jets in Skim_TriLep_ggHToZZTo4L.root
2026-07-21 19:45:01,229 - INFO - [2016preVFP] MISSING_SYSTEMATIC: SR1E2Mu/EMuTrigSF_Up/NMinusOne/njet_ge2/n_jets in Skim_TriLep_ggHToZZTo4L.root
2026-07-21 19:45:01,229 - INFO - [2016preVFP] MISSING_SYSTEMATIC: SR1E2Mu/EMuTrigSF_Down/NMinusOne/njet_ge2/n_jets in Skim_TriLep_ggHToZZTo4L.root
2026-07-21 19:45:01,230 - INFO - [2016preVFP] MISSING_SYSTEMATIC: SR1E2Mu/JetEn_Up/NMinusOne/njet_ge2/n_jets in Skim_TriLep_ggHToZZTo4L.root
2026-07-21 19:45:01,230 - INFO - [2016preVFP] MISSING_SYSTEMATIC: SR1E2Mu/JetEn_Down/NMinusOne/njet_ge2/n_jets in Skim_TriLep_ggHToZZTo4L.root
2026-07-21 19:45:01,230 - INFO - [2016preVFP] MISSING_SYSTEMATIC: SR1E2Mu/JetRes_Up/NMinusOne/njet_ge2/n_jets in Skim_TriLep_ggHToZZTo4L.root
2026-07-21 19:45:01,230 - INFO - [2016preVFP] MISSING_SYSTEMATIC: SR1E2Mu/JetRes_Down/NMinusOne/njet_ge2/n_jets in Skim_TriLep_ggHToZZTo4L.root
2026-07-21 19:45:01,231 - INFO - [2016preVFP] MISSING_SYSTEMATIC: SR1E2Mu/MuonEn_Up/NMinusOne/njet_ge2/n_jets in Skim_TriLep_ggHToZZTo4L.root
2026-07-21 19:45:01,231 - INFO - [2016preVFP] MISSING_SYSTEMATIC: SR1E2Mu/MuonEn_Down/NMinusOne/njet_ge2/n_jets in Skim_TriLep_ggHToZZTo4L.root
2026-07-21 19:45:01,232 - INFO - [2016preVFP] MISSING_SYSTEMATIC: SR1E2Mu/ElectronEn_Up/NMinusOne/njet_ge2/n_jets in Skim_TriLep_ggHToZZTo4L.root
2026-07-21 19:45:01,232 - INFO - [2016preVFP] MISSING_SYSTEMATIC: SR1E2Mu/ElectronEn_Down/NMinusOne/njet_ge2/n_jets in Skim_TriLep_ggHToZZTo4L.root
2026-07-21 19:45:01,232 - INFO - [2016preVFP] MISSING_SYSTEMATIC: SR1E2Mu/ElectronRes_Up/NMinusOne/njet_ge2/n_jets in Skim_TriLep_ggHToZZTo4L.root
2026-07-21 19:45:01,232 - INFO - [2016preVFP] MISSING_SYSTEMATIC: SR1E2Mu/ElectronRes_Down/NMinusOne/njet_ge2/n_jets in Skim_TriLep_ggHToZZTo4L.root
2026-07-21 19:45:01,233 - INFO - [2016preVFP] MISSING_SYSTEMATIC: SR1E2Mu/UnclusteredEn_Up/NMinusOne/njet_ge2/n_jets in Skim_TriLep_ggHToZZTo4L.root
2026-07-21 19:45:01,233 - INFO - [2016preVFP] MISSING_SYSTEMATIC: SR1E2Mu/UnclusteredEn_Down/NMinusOne/njet_ge2/n_jets in Skim_TriLep_ggHToZZTo4L.root
2026-07-21 19:45:01,234 - INFO - [2016preVFP] MISSING_SYSTEMATIC: SR1E2Mu/BtagSF_HFcorr_Up/NMinusOne/njet_ge2/n_jets in Skim_TriLep_ggHToZZTo4L.root
2026-07-21 19:45:01,234 - INFO - [2016preVFP] MISSING_SYSTEMATIC: SR1E2Mu/BtagSF_HFcorr_Down/NMinusOne/njet_ge2/n_jets in Skim_TriLep_ggHToZZTo4L.root
2026-07-21 19:45:01,234 - INFO - [2016preVFP] MISSING_SYSTEMATIC: SR1E2Mu/BtagSF_HFuncorr_Up/NMinusOne/njet_ge2/n_jets in Skim_TriLep_ggHToZZTo4L.root
2026-07-21 19:45:01,234 - INFO - [2016preVFP] MISSING_SYSTEMATIC: SR1E2Mu/BtagSF_HFuncorr_Down/NMinusOne/njet_ge2/n_jets in Skim_TriLep_ggHToZZTo4L.root
2026-07-21 19:45:01,235 - INFO - [2016preVFP] MISSING_SYSTEMATIC: SR1E2Mu/BtagSF_LFcorr_Up/NMinusOne/njet_ge2/n_jets in Skim_TriLep_ggHToZZTo4L.root
2026-07-21 19:45:01,235 - INFO - [2016preVFP] MISSING_SYSTEMATIC: SR1E2Mu/BtagSF_LFcorr_Down/NMinusOne/njet_ge2/n_jets in Skim_TriLep_ggHToZZTo4L.root
2026-07-21 19:45:01,236 - INFO - [2016preVFP] MISSING_SYSTEMATIC: SR1E2Mu/BtagSF_LFuncorr_Up/NMinusOne/njet_ge2/n_jets in Skim_TriLep_ggHToZZTo4L.root
2026-07-21 19:45:01,236 - INFO - [2016preVFP] MISSING_SYSTEMATIC: SR1E2Mu/BtagSF_LFuncorr_Down/NMinusOne/njet_ge2/n_jets in Skim_TriLep_ggHToZZTo4L.root
2026-08-18 18:29:20,530 - INFO - [2016preVFP] MISSING_SYSTEMATIC: SR1E2Mu/L1Prefire_Up/NMinusOne/njet_ge2/n_jets in Skim_TriLep_DYJets.root
2026-08-18 18:29:20,530 - INFO - [2016preVFP] MISSING_SYSTEMATIC: SR1E2Mu/L1Prefire_Down/NMinusOne/njet_ge2/n_jets in Skim_TriLep_DYJets.root
2026-08-18 18:29:20,531 - INFO - [2016preVFP] MISSING_SYSTEMATIC: SR1E2Mu/PileupReweight_Up/NMinusOne/njet_ge2/n_jets in Skim_TriLep_DYJets.root
2026-08-18 18:29:20,531 - INFO - [2016preVFP] MISSING_SYSTEMATIC: SR1E2Mu/PileupReweight_Down/NMinusOne/njet_ge2/n_jets in Skim_TriLep_DYJets.root
2026-08-18 18:29:20,532 - INFO - [2016preVFP] MISSING_SYSTEMATIC: SR1E2Mu/PileupJetIDSF_Up/NMinusOne/njet_ge2/n_jets in Skim_TriLep_DYJets.root
2026-08-18 18:29:20,532 - INFO - [2016preVFP] MISSING_SYSTEMATIC: SR1E2Mu/PileupJetIDSF_Down/NMinusOne/njet_ge2/n_jets in Skim_TriLep_DYJets.root
2026-08-18 18:29:20,532 - INFO - [2016preVFP] MISSING_SYSTEMATIC: SR1E2Mu/MuonIDSF_Up/NMinusOne/njet_ge2/n_jets in Skim_TriLep_DYJets.root
2026-08-18 18:29:20,532 - INFO - [2016preVFP] MISSING_SYSTEMATIC: SR1E2Mu/MuonIDSF_Down/NMinusOne/njet_ge2/n_jets in Skim_TriLep_DYJets.root
2026-08-18 18:29:20,533 - INFO - [2016preVFP] MISSING_SYSTEMATIC: SR1E2Mu/ElectronRecoSF_Up/NMinusOne/njet_ge2/n_jets in Skim_TriLep_DYJets.root
2026-08-18 18:29:20,533 - INFO - [2016preVFP] MISSING_SYSTEMATIC: SR1E2Mu/ElectronRecoSF_Down/NMinusOne/njet_ge2/n_jets in Skim_TriLep_DYJets.root
2026-08-18 18:29:20,534 - INFO - [2016preVFP] MISSING_SYSTEMATIC: SR1E2Mu/ElectronIDSF_Up/NMinusOne/njet_ge2/n_jets in Skim_TriLep_DYJets.root
2026-08-18 18:29:20,534 - INFO - [2016preVFP] MISSING_SYSTEMATIC: SR1E2Mu/ElectronIDSF_Down/NMinusOne/njet_ge2/n_jets in Skim_TriLep_DYJets.root
2026-08-18 18:29:20,534 - INFO - [2016preVFP] MISSING_SYSTEMATIC: SR1E2Mu/EMuTrigSF_Up/NMinusOne/njet_ge2/n_jets in Skim_TriLep_DYJets.root
2026-08-18 18:29:20,534 - INFO - [2016preVFP] MISSING_SYSTEMATIC: SR1E2Mu/EMuTrigSF_Down/NMinusOne/njet_ge2/n_jets in Skim_TriLep_DYJets.root
2026-08-18 18:29:20,535 - INFO - [2016preVFP] MISSING_SYSTEMATIC: SR1E2Mu/JetEn_Up/NMinusOne/njet_ge2/n_jets in Skim_TriLep_DYJets.root
2026-08-18 18:29:20,535 - INFO - [2016preVFP] MISSING_SYSTEMATIC: SR1E2Mu/JetEn_Down/NMinusOne/njet_ge2/n_jets in Skim_TriLep_DYJets.root
2026-08-18 18:29:20,536 - INFO - [2016preVFP] MISSING_SYSTEMATIC: SR1E2Mu/JetRes_Up/NMinusOne/njet_ge2/n_jets in Skim_TriLep_DYJets.root
2026-08-18 18:29:20,536 - INFO - [2016preVFP] MISSING_SYSTEMATIC: SR1E2Mu/JetRes_Down/NMinusOne/njet_ge2/n_jets in Skim_TriLep_DYJets.root
2026-08-18 18:29:20,536 - INFO - [2016preVFP] MISSING_SYSTEMATIC: SR1E2Mu/MuonEn_Up/NMinusOne/njet_ge2/n_jets in Skim_TriLep_DYJets.root
2026-08-18 18:29:20,536 - INFO - [2016preVFP] MISSING_SYSTEMATIC: SR1E2Mu/MuonEn_Down/NMinusOne/njet_ge2/n_jets in Skim_TriLep_DYJets.root
2026-08-18 18:29:20,537 - INFO - [2016preVFP] MISSING_SYSTEMATIC: SR1E2Mu/ElectronEn_Up/NMinusOne/njet_ge2/n_jets in Skim_TriLep_DYJets.root
2026-08-18 18:29:20,537 - INFO - [2016preVFP] MISSING_SYSTEMATIC: SR1E2Mu/ElectronEn_Down/NMinusOne/njet_ge2/n_jets in Skim_TriLep_DYJets.root
2026-08-18 18:29:20,538 - INFO - [2016preVFP] MISSING_SYSTEMATIC: SR1E2Mu/ElectronRes_Up/NMinusOne/njet_ge2/n_jets in Skim_TriLep_DYJets.root
2026-08-18 18:29:20,538 - INFO - [2016preVFP] MISSING_SYSTEMATIC: SR1E2Mu/ElectronRes_Down/NMinusOne/njet_ge2/n_jets in Skim_TriLep_DYJets.root
2026-08-18 18:29:20,538 - INFO - [2016preVFP] MISSING_SYSTEMATIC: SR1E2Mu/UnclusteredEn_Up/NMinusOne/njet_ge2/n_jets in Skim_TriLep_DYJets.root
2026-08-18 18:29:20,538 - INFO - [2016preVFP] MISSING_SYSTEMATIC: SR1E2Mu/UnclusteredEn_Down/NMinusOne/njet_ge2/n_jets in Skim_TriLep_DYJets.root
2026-08-18 18:29:20,539 - INFO - [2016preVFP] MISSING_SYSTEMATIC: SR1E2Mu/BtagSF_HFcorr_Up/NMinusOne/njet_ge2/n_jets in Skim_TriLep_DYJets.root
2026-08-18 18:29:20,539 - INFO - [2016preVFP] MISSING_SYSTEMATIC: SR1E2Mu/BtagSF_HFcorr_Down/NMinusOne/njet_ge2/n_jets in Skim_TriLep_DYJets.root
2026-08-18 18:29:20,540 - INFO - [2016preVFP] MISSING_SYSTEMATIC: SR1E2Mu/BtagSF_HFuncorr_Up/NMinusOne/njet_ge2/n_jets in Skim_TriLep_DYJets.root
2026-08-18 18:29:20,540 - INFO - [2016preVFP] MISSING_SYSTEMATIC: SR1E2Mu/BtagSF_HFuncorr_Down/NMinusOne/njet_ge2/n_jets in Skim_TriLep_DYJets.root
2026-08-18 18:29:20,540 - INFO - [2016preVFP] MISSING_SYSTEMATIC: SR1E2Mu/BtagSF_LFcorr_Up/NMinusOne/njet_ge2/n_jets in Skim_TriLep_DYJets.root
2026-08-18 18:29:20,540 - INFO - [2016preVFP] MISSING_SYSTEMATIC: SR1E2Mu/BtagSF_LFcorr_Down/NMinusOne/njet_ge2/n_jets in Skim_TriLep_DYJets.root
2026-08-18 18:29:20,541 - INFO - [2016preVFP] MISSING_SYSTEMATIC: SR1E2Mu/BtagSF_LFuncorr_Up/NMinusOne/njet_ge2/n_jets in Skim_TriLep_DYJets.root
2026-08-18 18:29:20,541 - INFO - [2016preVFP] MISSING_SYSTEMATIC: SR1E2Mu/BtagSF_LFuncorr_Down/NMinusOne/njet_ge2/n_jets in Skim_TriLep_DYJets.root
2026-08-18 18:29:20,541 - INFO - [2016preVFP] MISSING_CENTRAL: SR1E2Mu/Central/NMinusOne/njet_ge2/n_jets in Skim_TriLep_DYJets10to50.root
2026-08-18 18:29:20,601 - INFO - [2016preVFP] MISSING_SYSTEMATIC: SR1E2Mu/L1Prefire_Up/NMinusOne/njet_ge2/n_jets in Skim_TriLep_TTG.root
2026-08-18 18:29:20,601 - INFO - [2016preVFP] MISSING_SYSTEMATIC: SR1E2Mu/L1Prefire_Down/NMinusOne/njet_ge2/n_jets in Skim_TriLep_TTG.root
2026-08-18 18:29:20,601 - INFO - [2016preVFP] MISSING_SYSTEMATIC: SR1E2Mu/PileupReweight_Up/NMinusOne/njet_ge2/n_jets in Skim_TriLep_TTG.root
2026-08-18 18:29:20,601 - INFO - [2016preVFP] MISSING_SYSTEMATIC: SR1E2Mu/PileupReweight_Down/NMinusOne/njet_ge2/n_jets in Skim_TriLep_TTG.root
2026-08-18 18:29:20,602 - INFO - [2016preVFP] MISSING_SYSTEMATIC: SR1E2Mu/PileupJetIDSF_Up/NMinusOne/njet_ge2/n_jets in Skim_TriLep_TTG.root
2026-08-18 18:29:20,602 - INFO - [2016preVFP] MISSING_SYSTEMATIC: SR1E2Mu/PileupJetIDSF_Down/NMinusOne/njet_ge2/n_jets in Skim_TriLep_TTG.root
2026-08-18 18:29:20,603 - INFO - [2016preVFP] MISSING_SYSTEMATIC: SR1E2Mu/MuonIDSF_Up/NMinusOne/njet_ge2/n_jets in Skim_TriLep_TTG.root
2026-08-18 18:29:20,603 - INFO - [2016preVFP] MISSING_SYSTEMATIC: SR1E2Mu/MuonIDSF_Down/NMinusOne/njet_ge2/n_jets in Skim_TriLep_TTG.root
2026-08-18 18:29:20,603 - INFO - [2016preVFP] MISSING_SYSTEMATIC: SR1E2Mu/ElectronRecoSF_Up/NMinusOne/njet_ge2/n_jets in Skim_TriLep_TTG.root
2026-08-18 18:29:20,603 - INFO - [2016preVFP] MISSING_SYSTEMATIC: SR1E2Mu/ElectronRecoSF_Down/NMinusOne/njet_ge2/n_jets in Skim_TriLep_TTG.root
2026-08-18 18:29:20,604 - INFO - [2016preVFP] MISSING_SYSTEMATIC: SR1E2Mu/ElectronIDSF_Up/NMinusOne/njet_ge2/n_jets in Skim_TriLep_TTG.root
2026-08-18 18:29:20,604 - INFO - [2016preVFP] MISSING_SYSTEMATIC: SR1E2Mu/ElectronIDSF_Down/NMinusOne/njet_ge2/n_jets in Skim_TriLep_TTG.root
2026-08-18 18:29:20,605 - INFO - [2016preVFP] MISSING_SYSTEMATIC: SR1E2Mu/EMuTrigSF_Up/NMinusOne/njet_ge2/n_jets in Skim_TriLep_TTG.root
2026-08-18 18:29:20,605 - INFO - [2016preVFP] MISSING_SYSTEMATIC: SR1E2Mu/EMuTrigSF_Down/NMinusOne/njet_ge2/n_jets in Skim_TriLep_TTG.root
2026-08-18 18:29:20,605 - INFO - [2016preVFP] MISSING_SYSTEMATIC: SR1E2Mu/JetEn_Up/NMinusOne/njet_ge2/n_jets in Skim_TriLep_TTG.root
2026-08-18 18:29:20,605 - INFO - [2016preVFP] MISSING_SYSTEMATIC: SR1E2Mu/JetEn_Down/NMinusOne/njet_ge2/n_jets in Skim_TriLep_TTG.root
2026-08-18 18:29:20,606 - INFO - [2016preVFP] MISSING_SYSTEMATIC: SR1E2Mu/JetRes_Up/NMinusOne/njet_ge2/n_jets in Skim_TriLep_TTG.root
2026-08-18 18:29:20,606 - INFO - [2016preVFP] MISSING_SYSTEMATIC: SR1E2Mu/JetRes_Down/NMinusOne/njet_ge2/n_jets in Skim_TriLep_TTG.root
2026-08-18 18:29:20,606 - INFO - [2016preVFP] MISSING_SYSTEMATIC: SR1E2Mu/MuonEn_Up/NMinusOne/njet_ge2/n_jets in Skim_TriLep_TTG.root
2026-08-18 18:29:20,607 - INFO - [2016preVFP] MISSING_SYSTEMATIC: SR1E2Mu/MuonEn_Down/NMinusOne/njet_ge2/n_jets in Skim_TriLep_TTG.root
2026-08-18 18:29:20,607 - INFO - [2016preVFP] MISSING_SYSTEMATIC: SR1E2Mu/ElectronEn_Up/NMinusOne/njet_ge2/n_jets in Skim_TriLep_TTG.root
2026-08-18 18:29:20,607 - INFO - [2016preVFP] MISSING_SYSTEMATIC: SR1E2Mu/ElectronEn_Down/NMinusOne/njet_ge2/n_jets in Skim_TriLep_TTG.root
2026-08-18 18:29:20,608 - INFO - [2016preVFP] MISSING_SYSTEMATIC: SR1E2Mu/ElectronRes_Up/NMinusOne/njet_ge2/n_jets in Skim_TriLep_TTG.root
2026-08-18 18:29:20,608 - INFO - [2016preVFP] MISSING_SYSTEMATIC: SR1E2Mu/ElectronRes_Down/NMinusOne/njet_ge2/n_jets in Skim_TriLep_TTG.root
2026-08-18 18:29:20,608 - INFO - [2016preVFP] MISSING_SYSTEMATIC: SR1E2Mu/UnclusteredEn_Up/NMinusOne/njet_ge2/n_jets in Skim_TriLep_TTG.root
2026-08-18 18:29:20,608 - INFO - [2016preVFP] MISSING_SYSTEMATIC: SR1E2Mu/UnclusteredEn_Down/NMinusOne/njet_ge2/n_jets in Skim_TriLep_TTG.root
2026-08-18 18:29:20,609 - INFO - [2016preVFP] MISSING_SYSTEMATIC: SR1E2Mu/BtagSF_HFcorr_Up/NMinusOne/njet_ge2/n_jets in Skim_TriLep_TTG.root
2026-08-18 18:29:20,609 - INFO - [2016preVFP] MISSING_SYSTEMATIC: SR1E2Mu/BtagSF_HFcorr_Down/NMinusOne/njet_ge2/n_jets in Skim_TriLep_TTG.root
2026-08-18 18:29:20,610 - INFO - [2016preVFP] MISSING_SYSTEMATIC: SR1E2Mu/BtagSF_HFuncorr_Up/NMinusOne/njet_ge2/n_jets in Skim_TriLep_TTG.root
2026-08-18 18:29:20,610 - INFO - [2016preVFP] MISSING_SYSTEMATIC: SR1E2Mu/BtagSF_HFuncorr_Down/NMinusOne/njet_ge2/n_jets in Skim_TriLep_TTG.root
2026-08-18 18:29:20,610 - INFO - [2016preVFP] MISSING_SYSTEMATIC: SR1E2Mu/BtagSF_LFcorr_Up/NMinusOne/njet_ge2/n_jets in Skim_TriLep_TTG.root
2026-08-18 18:29:20,610 - INFO - [2016preVFP] MISSING_SYSTEMATIC: SR1E2Mu/BtagSF_LFcorr_Down/NMinusOne/njet_ge2/n_jets in Skim_TriLep_TTG.root
2026-08-18 18:29:20,611 - INFO - [2016preVFP] MISSING_SYSTEMATIC: SR1E2Mu/BtagSF_LFuncorr_Up/NMinusOne/njet_ge2/n_jets in Skim_TriLep_TTG.root
2026-08-18 18:29:20,611 - INFO - [2016preVFP] MISSING_SYSTEMATIC: SR1E2Mu/BtagSF_LFuncorr_Down/NMinusOne/njet_ge2/n_jets in Skim_TriLep_TTG.root
2026-08-18 18:29:20,612 - INFO - [2016preVFP] MISSING_SYSTEMATIC: SR1E2Mu/L1Prefire_Up/NMinusOne/njet_ge2/n_jets in Skim_TriLep_WWG.root
2026-08-18 18:29:20,612 - INFO - [2016preVFP] MISSING_SYSTEMATIC: SR1E2Mu/L1Prefire_Down/NMinusOne/njet_ge2/n_jets in Skim_TriLep_WWG.root
2026-08-18 18:29:20,613 - INFO - [2016preVFP] MISSING_SYSTEMATIC: SR1E2Mu/PileupReweight_Up/NMinusOne/njet_ge2/n_jets in Skim_TriLep_WWG.root
2026-08-18 18:29:20,613 - INFO - [2016preVFP] MISSING_SYSTEMATIC: SR1E2Mu/PileupReweight_Down/NMinusOne/njet_ge2/n_jets in Skim_TriLep_WWG.root
2026-08-18 18:29:20,613 - INFO - [2016preVFP] MISSING_SYSTEMATIC: SR1E2Mu/PileupJetIDSF_Up/NMinusOne/njet_ge2/n_jets in Skim_TriLep_WWG.root
2026-08-18 18:29:20,613 - INFO - [2016preVFP] MISSING_SYSTEMATIC: SR1E2Mu/PileupJetIDSF_Down/NMinusOne/njet_ge2/n_jets in Skim_TriLep_WWG.root
2026-08-18 18:29:20,614 - INFO - [2016preVFP] MISSING_SYSTEMATIC: SR1E2Mu/MuonIDSF_Up/NMinusOne/njet_ge2/n_jets in Skim_TriLep_WWG.root
2026-08-18 18:29:20,614 - INFO - [2016preVFP] MISSING_SYSTEMATIC: SR1E2Mu/MuonIDSF_Down/NMinusOne/njet_ge2/n_jets in Skim_TriLep_WWG.root
2026-08-18 18:29:20,615 - INFO - [2016preVFP] MISSING_SYSTEMATIC: SR1E2Mu/ElectronRecoSF_Up/NMinusOne/njet_ge2/n_jets in Skim_TriLep_WWG.root
2026-08-18 18:29:20,615 - INFO - [2016preVFP] MISSING_SYSTEMATIC: SR1E2Mu/ElectronRecoSF_Down/NMinusOne/njet_ge2/n_jets in Skim_TriLep_WWG.root
2026-08-18 18:29:20,615 - INFO - [2016preVFP] MISSING_SYSTEMATIC: SR1E2Mu/ElectronIDSF_Up/NMinusOne/njet_ge2/n_jets in Skim_TriLep_WWG.root
2026-08-18 18:29:20,615 - INFO - [2016preVFP] MISSING_SYSTEMATIC: SR1E2Mu/ElectronIDSF_Down/NMinusOne/njet_ge2/n_jets in Skim_TriLep_WWG.root
2026-08-18 18:29:20,616 - INFO - [2016preVFP] MISSING_SYSTEMATIC: SR1E2Mu/EMuTrigSF_Up/NMinusOne/njet_ge2/n_jets in Skim_TriLep_WWG.root
2026-08-18 18:29:20,616 - INFO - [2016preVFP] MISSING_SYSTEMATIC: SR1E2Mu/EMuTrigSF_Down/NMinusOne/njet_ge2/n_jets in Skim_TriLep_WWG.root
2026-08-18 18:29:20,616 - INFO - [2016preVFP] MISSING_SYSTEMATIC: SR1E2Mu/JetEn_Up/NMinusOne/njet_ge2/n_jets in Skim_TriLep_WWG.root
2026-08-18 18:29:20,616 - INFO - [2016preVFP] MISSING_SYSTEMATIC: SR1E2Mu/JetEn_Down/NMinusOne/njet_ge2/n_jets in Skim_TriLep_WWG.root
2026-08-18 18:29:20,617 - INFO - [2016preVFP] MISSING_SYSTEMATIC: SR1E2Mu/JetRes_Up/NMinusOne/njet_ge2/n_jets in Skim_TriLep_WWG.root
2026-08-18 18:29:20,617 - INFO - [2016preVFP] MISSING_SYSTEMATIC: SR1E2Mu/JetRes_Down/NMinusOne/njet_ge2/n_jets in Skim_TriLep_WWG.root
2026-08-18 18:29:20,618 - INFO - [2016preVFP] MISSING_SYSTEMATIC: SR1E2Mu/MuonEn_Up/NMinusOne/njet_ge2/n_jets in Skim_TriLep_WWG.root
2026-08-18 18:29:20,618 - INFO - [2016preVFP] MISSING_SYSTEMATIC: SR1E2Mu/MuonEn_Down/NMinusOne/njet_ge2/n_jets in Skim_TriLep_WWG.root
2026-08-18 18:29:20,618 - INFO - [2016preVFP] MISSING_SYSTEMATIC: SR1E2Mu/ElectronEn_Up/NMinusOne/njet_ge2/n_jets in Skim_TriLep_WWG.root
2026-08-18 18:29:20,618 - INFO - [2016preVFP] MISSING_SYSTEMATIC: SR1E2Mu/ElectronEn_Down/NMinusOne/njet_ge2/n_jets in Skim_TriLep_WWG.root
2026-08-18 18:29:20,619 - INFO - [2016preVFP] MISSING_SYSTEMATIC: SR1E2Mu/ElectronRes_Up/NMinusOne/njet_ge2/n_jets in Skim_TriLep_WWG.root
2026-08-18 18:29:20,619 - INFO - [2016preVFP] MISSING_SYSTEMATIC: SR1E2Mu/ElectronRes_Down/NMinusOne/njet_ge2/n_jets in Skim_TriLep_WWG.root
2026-08-18 18:29:20,620 - INFO - [2016preVFP] MISSING_SYSTEMATIC: SR1E2Mu/UnclusteredEn_Up/NMinusOne/njet_ge2/n_jets in Skim_TriLep_WWG.root
2026-08-18 18:29:20,620 - INFO - [2016preVFP] MISSING_SYSTEMATIC: SR1E2Mu/UnclusteredEn_Down/NMinusOne/njet_ge2/n_jets in Skim_TriLep_WWG.root
2026-08-18 18:29:20,620 - INFO - [2016preVFP] MISSING_SYSTEMATIC: SR1E2Mu/BtagSF_HFcorr_Up/NMinusOne/njet_ge2/n_jets in Skim_TriLep_WWG.root
2026-08-18 18:29:20,620 - INFO - [2016preVFP] MISSING_SYSTEMATIC: SR1E2Mu/BtagSF_HFcorr_Down/NMinusOne/njet_ge2/n_jets in Skim_TriLep_WWG.root
2026-08-18 18:29:20,621 - INFO - [2016preVFP] MISSING_SYSTEMATIC: SR1E2Mu/BtagSF_HFuncorr_Up/NMinusOne/njet_ge2/n_jets in Skim_TriLep_WWG.root
2026-08-18 18:29:20,621 - INFO - [2016preVFP] MISSING_SYSTEMATIC: SR1E2Mu/BtagSF_HFuncorr_Down/NMinusOne/njet_ge2/n_jets in Skim_TriLep_WWG.root
2026-08-18 18:29:20,622 - INFO - [2016preVFP] MISSING_SYSTEMATIC: SR1E2Mu/BtagSF_LFcorr_Up/NMinusOne/njet_ge2/n_jets in Skim_TriLep_WWG.root
2026-08-18 18:29:20,622 - INFO - [2016preVFP] MISSING_SYSTEMATIC: SR1E2Mu/BtagSF_LFcorr_Down/NMinusOne/njet_ge2/n_jets in Skim_TriLep_WWG.root
2026-08-18 18:29:20,622 - INFO - [2016preVFP] MISSING_SYSTEMATIC: SR1E2Mu/BtagSF_LFuncorr_Up/NMinusOne/njet_ge2/n_jets in Skim_TriLep_WWG.root
2026-08-18 18:29:20,622 - INFO - [2016preVFP] MISSING_SYSTEMATIC: SR1E2Mu/BtagSF_LFuncorr_Down/NMinusOne/njet_ge2/n_jets in Skim_TriLep_WWG.root
2026-08-18 18:29:20,623 - INFO - [2016preVFP] MISSING_SYSTEMATIC: SR1E2Mu/L1Prefire_Up/NMinusOne/njet_ge2/n_jets in Skim_TriLep_TTWToLNu.root
2026-08-18 18:29:20,623 - INFO - [2016preVFP] MISSING_SYSTEMATIC: SR1E2Mu/L1Prefire_Down/NMinusOne/njet_ge2/n_jets in Skim_TriLep_TTWToLNu.root
2026-08-18 18:29:20,624 - INFO - [2016preVFP] MISSING_SYSTEMATIC: SR1E2Mu/PileupReweight_Up/NMinusOne/njet_ge2/n_jets in Skim_TriLep_TTWToLNu.root
2026-08-18 18:29:20,624 - INFO - [2016preVFP] MISSING_SYSTEMATIC: SR1E2Mu/PileupReweight_Down/NMinusOne/njet_ge2/n_jets in Skim_TriLep_TTWToLNu.root
2026-08-18 18:29:20,625 - INFO - [2016preVFP] MISSING_SYSTEMATIC: SR1E2Mu/PileupJetIDSF_Up/NMinusOne/njet_ge2/n_jets in Skim_TriLep_TTWToLNu.root
2026-08-18 18:29:20,625 - INFO - [2016preVFP] MISSING_SYSTEMATIC: SR1E2Mu/PileupJetIDSF_Down/NMinusOne/njet_ge2/n_jets in Skim_TriLep_TTWToLNu.root
2026-08-18 18:29:20,625 - INFO - [2016preVFP] MISSING_SYSTEMATIC: SR1E2Mu/MuonIDSF_Up/NMinusOne/njet_ge2/n_jets in Skim_TriLep_TTWToLNu.root
2026-08-18 18:29:20,625 - INFO - [2016preVFP] MISSING_SYSTEMATIC: SR1E2Mu/MuonIDSF_Down/NMinusOne/njet_ge2/n_jets in Skim_TriLep_TTWToLNu.root
2026-08-18 18:29:20,626 - INFO - [2016preVFP] MISSING_SYSTEMATIC: SR1E2Mu/ElectronRecoSF_Up/NMinusOne/njet_ge2/n_jets in Skim_TriLep_TTWToLNu.root
2026-08-18 18:29:20,626 - INFO - [2016preVFP] MISSING_SYSTEMATIC: SR1E2Mu/ElectronRecoSF_Down/NMinusOne/njet_ge2/n_jets in Skim_TriLep_TTWToLNu.root
2026-08-18 18:29:20,627 - INFO - [2016preVFP] MISSING_SYSTEMATIC: SR1E2Mu/ElectronIDSF_Up/NMinusOne/njet_ge2/n_jets in Skim_TriLep_TTWToLNu.root
2026-08-18 18:29:20,627 - INFO - [2016preVFP] MISSING_SYSTEMATIC: SR1E2Mu/ElectronIDSF_Down/NMinusOne/njet_ge2/n_jets in Skim_TriLep_TTWToLNu.root
2026-08-18 18:29:20,627 - INFO - [2016preVFP] MISSING_SYSTEMATIC: SR1E2Mu/EMuTrigSF_Up/NMinusOne/njet_ge2/n_jets in Skim_TriLep_TTWToLNu.root
2026-08-18 18:29:20,627 - INFO - [2016preVFP] MISSING_SYSTEMATIC: SR1E2Mu/EMuTrigSF_Down/NMinusOne/njet_ge2/n_jets in Skim_TriLep_TTWToLNu.root
2026-08-18 18:29:20,628 - INFO - [2016preVFP] MISSING_SYSTEMATIC: SR1E2Mu/JetEn_Up/NMinusOne/njet_ge2/n_jets in Skim_TriLep_TTWToLNu.root
2026-08-18 18:29:20,628 - INFO - [2016preVFP] MISSING_SYSTEMATIC: SR1E2Mu/JetEn_Down/NMinusOne/njet_ge2/n_jets in Skim_TriLep_TTWToLNu.root
2026-08-18 18:29:20,629 - INFO - [2016preVFP] MISSING_SYSTEMATIC: SR1E2Mu/JetRes_Up/NMinusOne/njet_ge2/n_jets in Skim_TriLep_TTWToLNu.root
2026-08-18 18:29:20,629 - INFO - [2016preVFP] MISSING_SYSTEMATIC: SR1E2Mu/JetRes_Down/NMinusOne/njet_ge2/n_jets in Skim_TriLep_TTWToLNu.root
2026-08-18 18:29:20,629 - INFO - [2016preVFP] MISSING_SYSTEMATIC: SR1E2Mu/MuonEn_Up/NMinusOne/njet_ge2/n_jets in Skim_TriLep_TTWToLNu.root
2026-08-18 18:29:20,629 - INFO - [2016preVFP] MISSING_SYSTEMATIC: SR1E2Mu/MuonEn_Down/NMinusOne/njet_ge2/n_jets in Skim_TriLep_TTWToLNu.root
2026-08-18 18:29:20,630 - INFO - [2016preVFP] MISSING_SYSTEMATIC: SR1E2Mu/ElectronEn_Up/NMinusOne/njet_ge2/n_jets in Skim_TriLep_TTWToLNu.root
2026-08-18 18:29:20,630 - INFO - [2016preVFP] MISSING_SYSTEMATIC: SR1E2Mu/ElectronEn_Down/NMinusOne/njet_ge2/n_jets in Skim_TriLep_TTWToLNu.root
2026-08-18 18:29:20,630 - INFO - [2016preVFP] MISSING_SYSTEMATIC: SR1E2Mu/ElectronRes_Up/NMinusOne/njet_ge2/n_jets in Skim_TriLep_TTWToLNu.root
2026-08-18 18:29:20,630 - INFO - [2016preVFP] MISSING_SYSTEMATIC: SR1E2Mu/ElectronRes_Down/NMinusOne/njet_ge2/n_jets in Skim_TriLep_TTWToLNu.root
2026-08-18 18:29:20,631 - INFO - [2016preVFP] MISSING_SYSTEMATIC: SR1E2Mu/UnclusteredEn_Up/NMinusOne/njet_ge2/n_jets in Skim_TriLep_TTWToLNu.root
2026-08-18 18:29:20,631 - INFO - [2016preVFP] MISSING_SYSTEMATIC: SR1E2Mu/UnclusteredEn_Down/NMinusOne/njet_ge2/n_jets in Skim_TriLep_TTWToLNu.root
2026-08-18 18:29:20,632 - INFO - [2016preVFP] MISSING_SYSTEMATIC: SR1E2Mu/BtagSF_HFcorr_Up/NMinusOne/njet_ge2/n_jets in Skim_TriLep_TTWToLNu.root
2026-08-18 18:29:20,632 - INFO - [2016preVFP] MISSING_SYSTEMATIC: SR1E2Mu/BtagSF_HFcorr_Down/NMinusOne/njet_ge2/n_jets in Skim_TriLep_TTWToLNu.root
2026-08-18 18:29:20,632 - INFO - [2016preVFP] MISSING_SYSTEMATIC: SR1E2Mu/BtagSF_HFuncorr_Up/NMinusOne/njet_ge2/n_jets in Skim_TriLep_TTWToLNu.root
2026-08-18 18:29:20,632 - INFO - [2016preVFP] MISSING_SYSTEMATIC: SR1E2Mu/BtagSF_HFuncorr_Down/NMinusOne/njet_ge2/n_jets in Skim_TriLep_TTWToLNu.root
2026-08-18 18:29:20,633 - INFO - [2016preVFP] MISSING_SYSTEMATIC: SR1E2Mu/BtagSF_LFcorr_Up/NMinusOne/njet_ge2/n_jets in Skim_TriLep_TTWToLNu.root
2026-08-18 18:29:20,633 - INFO - [2016preVFP] MISSING_SYSTEMATIC: SR1E2Mu/BtagSF_LFcorr_Down/NMinusOne/njet_ge2/n_jets in Skim_TriLep_TTWToLNu.root
2026-08-18 18:29:20,634 - INFO - [2016preVFP] MISSING_SYSTEMATIC: SR1E2Mu/BtagSF_LFuncorr_Up/NMinusOne/njet_ge2/n_jets in Skim_TriLep_TTWToLNu.root
2026-08-18 18:29:20,634 - INFO - [2016preVFP] MISSING_SYSTEMATIC: SR1E2Mu/BtagSF_LFuncorr_Down/NMinusOne/njet_ge2/n_jets in Skim_TriLep_TTWToLNu.root
2026-08-18 18:29:20,635 - INFO - [2016preVFP] MISSING_SYSTEMATIC: SR1E2Mu/L1Prefire_Up/NMinusOne/njet_ge2/n_jets in Skim_TriLep_TTZToLLNuNu.root
2026-08-18 18:29:20,635 - INFO - [2016preVFP] MISSING_SYSTEMATIC: SR1E2Mu/L1Prefire_Down/NMinusOne/njet_ge2/n_jets in Skim_TriLep_TTZToLLNuNu.root
2026-08-18 18:29:20,635 - INFO - [2016preVFP] MISSING_SYSTEMATIC: SR1E2Mu/PileupReweight_Up/NMinusOne/njet_ge2/n_jets in Skim_TriLep_TTZToLLNuNu.root
2026-08-18 18:29:20,635 - INFO - [2016preVFP] MISSING_SYSTEMATIC: SR1E2Mu/PileupReweight_Down/NMinusOne/njet_ge2/n_jets in Skim_TriLep_TTZToLLNuNu.root
2026-08-18 18:29:20,636 - INFO - [2016preVFP] MISSING_SYSTEMATIC: SR1E2Mu/PileupJetIDSF_Up/NMinusOne/njet_ge2/n_jets in Skim_TriLep_TTZToLLNuNu.root
2026-08-18 18:29:20,636 - INFO - [2016preVFP] MISSING_SYSTEMATIC: SR1E2Mu/PileupJetIDSF_Down/NMinusOne/njet_ge2/n_jets in Skim_TriLep_TTZToLLNuNu.root
2026-08-18 18:29:20,637 - INFO - [2016preVFP] MISSING_SYSTEMATIC: SR1E2Mu/MuonIDSF_Up/NMinusOne/njet_ge2/n_jets in Skim_TriLep_TTZToLLNuNu.root
2026-08-18 18:29:20,637 - INFO - [2016preVFP] MISSING_SYSTEMATIC: SR1E2Mu/MuonIDSF_Down/NMinusOne/njet_ge2/n_jets in Skim_TriLep_TTZToLLNuNu.root
2026-08-18 18:29:20,637 - INFO - [2016preVFP] MISSING_SYSTEMATIC: SR1E2Mu/ElectronRecoSF_Up/NMinusOne/njet_ge2/n_jets in Skim_TriLep_TTZToLLNuNu.root
2026-08-18 18:29:20,637 - INFO - [2016preVFP] MISSING_SYSTEMATIC: SR1E2Mu/ElectronRecoSF_Down/NMinusOne/njet_ge2/n_jets in Skim_TriLep_TTZToLLNuNu.root
2026-08-18 18:29:20,638 - INFO - [2016preVFP] MISSING_SYSTEMATIC: SR1E2Mu/ElectronIDSF_Up/NMinusOne/njet_ge2/n_jets in Skim_TriLep_TTZToLLNuNu.root
2026-08-18 18:29:20,638 - INFO - [2016preVFP] MISSING_SYSTEMATIC: SR1E2Mu/ElectronIDSF_Down/NMinusOne/njet_ge2/n_jets in Skim_TriLep_TTZToLLNuNu.root
2026-08-18 18:29:20,639 - INFO - [2016preVFP] MISSING_SYSTEMATIC: SR1E2Mu/EMuTrigSF_Up/NMinusOne/njet_ge2/n_jets in Skim_TriLep_TTZToLLNuNu.root
2026-08-18 18:29:20,639 - INFO - [2016preVFP] MISSING_SYSTEMATIC: SR1E2Mu/EMuTrigSF_Down/NMinusOne/njet_ge2/n_jets in Skim_TriLep_TTZToLLNuNu.root
2026-08-18 18:29:20,639 - INFO - [2016preVFP] MISSING_SYSTEMATIC: SR1E2Mu/JetEn_Up/NMinusOne/njet_ge2/n_jets in Skim_TriLep_TTZToLLNuNu.root
2026-08-18 18:29:20,639 - INFO - [2016preVFP] MISSING_SYSTEMATIC: SR1E2Mu/JetEn_Down/NMinusOne/njet_ge2/n_jets in Skim_TriLep_TTZToLLNuNu.root
2026-08-18 18:29:20,640 - INFO - [2016preVFP] MISSING_SYSTEMATIC: SR1E2Mu/JetRes_Up/NMinusOne/njet_ge2/n_jets in Skim_TriLep_TTZToLLNuNu.root
2026-08-18 18:29:20,640 - INFO - [2016preVFP] MISSING_SYSTEMATIC: SR1E2Mu/JetRes_Down/NMinusOne/njet_ge2/n_jets in Skim_TriLep_TTZToLLNuNu.root
2026-08-18 18:29:20,641 - INFO - [2016preVFP] MISSING_SYSTEMATIC: SR1E2Mu/MuonEn_Up/NMinusOne/njet_ge2/n_jets in Skim_TriLep_TTZToLLNuNu.root
2026-08-18 18:29:20,641 - INFO - [2016preVFP] MISSING_SYSTEMATIC: SR1E2Mu/MuonEn_Down/NMinusOne/njet_ge2/n_jets in Skim_TriLep_TTZToLLNuNu.root
2026-08-18 18:29:20,641 - INFO - [2016preVFP] MISSING_SYSTEMATIC: SR1E2Mu/ElectronEn_Up/NMinusOne/njet_ge2/n_jets in Skim_TriLep_TTZToLLNuNu.root
2026-08-18 18:29:20,641 - INFO - [2016preVFP] MISSING_SYSTEMATIC: SR1E2Mu/ElectronEn_Down/NMinusOne/njet_ge2/n_jets in Skim_TriLep_TTZToLLNuNu.root
2026-08-18 18:29:20,642 - INFO - [2016preVFP] MISSING_SYSTEMATIC: SR1E2Mu/ElectronRes_Up/NMinusOne/njet_ge2/n_jets in Skim_TriLep_TTZToLLNuNu.root
2026-08-18 18:29:20,642 - INFO - [2016preVFP] MISSING_SYSTEMATIC: SR1E2Mu/ElectronRes_Down/NMinusOne/njet_ge2/n_jets in Skim_TriLep_TTZToLLNuNu.root
2026-08-18 18:29:20,643 - INFO - [2016preVFP] MISSING_SYSTEMATIC: SR1E2Mu/UnclusteredEn_Up/NMinusOne/njet_ge2/n_jets in Skim_TriLep_TTZToLLNuNu.root
2026-08-18 18:29:20,643 - INFO - [2016preVFP] MISSING_SYSTEMATIC: SR1E2Mu/UnclusteredEn_Down/NMinusOne/njet_ge2/n_jets in Skim_TriLep_TTZToLLNuNu.root
2026-08-18 18:29:20,643 - INFO - [2016preVFP] MISSING_SYSTEMATIC: SR1E2Mu/BtagSF_HFcorr_Up/NMinusOne/njet_ge2/n_jets in Skim_TriLep_TTZToLLNuNu.root
2026-08-18 18:29:20,643 - INFO - [2016preVFP] MISSING_SYSTEMATIC: SR1E2Mu/BtagSF_HFcorr_Down/NMinusOne/njet_ge2/n_jets in Skim_TriLep_TTZToLLNuNu.root
2026-08-18 18:29:20,644 - INFO - [2016preVFP] MISSING_SYSTEMATIC: SR1E2Mu/BtagSF_HFuncorr_Up/NMinusOne/njet_ge2/n_jets in Skim_TriLep_TTZToLLNuNu.root
2026-08-18 18:29:20,644 - INFO - [2016preVFP] MISSING_SYSTEMATIC: SR1E2Mu/BtagSF_HFuncorr_Down/NMinusOne/njet_ge2/n_jets in Skim_TriLep_TTZToLLNuNu.root
2026-08-18 18:29:20,645 - INFO - [2016preVFP] MISSING_SYSTEMATIC: SR1E2Mu/BtagSF_LFcorr_Up/NMinusOne/njet_ge2/n_jets in Skim_TriLep_TTZToLLNuNu.root
2026-08-18 18:29:20,645 - INFO - [2016preVFP] MISSING_SYSTEMATIC: SR1E2Mu/BtagSF_LFcorr_Down/NMinusOne/njet_ge2/n_jets in Skim_TriLep_TTZToLLNuNu.root
2026-08-18 18:29:20,645 - INFO - [2016preVFP] MISSING_SYSTEMATIC: SR1E2Mu/BtagSF_LFuncorr_Up/NMinusOne/njet_ge2/n_jets in Skim_TriLep_TTZToLLNuNu.root
2026-08-18 18:29:20,645 - INFO - [2016preVFP] MISSING_SYSTEMATIC: SR1E2Mu/BtagSF_LFuncorr_Down/NMinusOne/njet_ge2/n_jets in Skim_TriLep_TTZToLLNuNu.root
2026-08-18 18:29:20,646 - INFO - [2016preVFP] MISSING_SYSTEMATIC: SR1E2Mu/L1Prefire_Up/NMinusOne/njet_ge2/n_jets in Skim_TriLep_TTHToNonbb.root
2026-08-18 18:29:20,646 - INFO - [2016preVFP] MISSING_SYSTEMATIC: SR1E2Mu/L1Prefire_Down/NMinusOne/njet_ge2/n_jets in Skim_TriLep_TTHToNonbb.root
2026-08-18 18:29:20,647 - INFO - [2016preVFP] MISSING_SYSTEMATIC: SR1E2Mu/PileupReweight_Up/NMinusOne/njet_ge2/n_jets in Skim_TriLep_TTHToNonbb.root
2026-08-18 18:29:20,647 - INFO - [2016preVFP] MISSING_SYSTEMATIC: SR1E2Mu/PileupReweight_Down/NMinusOne/njet_ge2/n_jets in Skim_TriLep_TTHToNonbb.root
2026-08-18 18:29:20,648 - INFO - [2016preVFP] MISSING_SYSTEMATIC: SR1E2Mu/PileupJetIDSF_Up/NMinusOne/njet_ge2/n_jets in Skim_TriLep_TTHToNonbb.root
2026-08-18 18:29:20,648 - INFO - [2016preVFP] MISSING_SYSTEMATIC: SR1E2Mu/PileupJetIDSF_Down/NMinusOne/njet_ge2/n_jets in Skim_TriLep_TTHToNonbb.root
2026-08-18 18:29:20,648 - INFO - [2016preVFP] MISSING_SYSTEMATIC: SR1E2Mu/MuonIDSF_Up/NMinusOne/njet_ge2/n_jets in Skim_TriLep_TTHToNonbb.root
2026-08-18 18:29:20,648 - INFO - [2016preVFP] MISSING_SYSTEMATIC: SR1E2Mu/MuonIDSF_Down/NMinusOne/njet_ge2/n_jets in Skim_TriLep_TTHToNonbb.root
2026-08-18 18:29:20,649 - INFO - [2016preVFP] MISSING_SYSTEMATIC: SR1E2Mu/ElectronRecoSF_Up/NMinusOne/njet_ge2/n_jets in Skim_TriLep_TTHToNonbb.root
2026-08-18 18:29:20,649 - INFO - [2016preVFP] MISSING_SYSTEMATIC: SR1E2Mu/ElectronRecoSF_Down/NMinusOne/njet_ge2/n_jets in Skim_TriLep_TTHToNonbb.root
2026-08-18 18:29:20,650 - INFO - [2016preVFP] MISSING_SYSTEMATIC: SR1E2Mu/ElectronIDSF_Up/NMinusOne/njet_ge2/n_jets in Skim_TriLep_TTHToNonbb.root
2026-08-18 18:29:20,650 - INFO - [2016preVFP] MISSING_SYSTEMATIC: SR1E2Mu/ElectronIDSF_Down/NMinusOne/njet_ge2/n_jets in Skim_TriLep_TTHToNonbb.root
2026-08-18 18:29:20,650 - INFO - [2016preVFP] MISSING_SYSTEMATIC: SR1E2Mu/EMuTrigSF_Up/NMinusOne/njet_ge2/n_jets in Skim_TriLep_TTHToNonbb.root
2026-08-18 18:29:20,650 - INFO - [2016preVFP] MISSING_SYSTEMATIC: SR1E2Mu/EMuTrigSF_Down/NMinusOne/njet_ge2/n_jets in Skim_TriLep_TTHToNonbb.root
2026-08-18 18:29:20,651 - INFO - [2016preVFP] MISSING_SYSTEMATIC: SR1E2Mu/JetEn_Up/NMinusOne/njet_ge2/n_jets in Skim_TriLep_TTHToNonbb.root
2026-08-18 18:29:20,651 - INFO - [2016preVFP] MISSING_SYSTEMATIC: SR1E2Mu/JetEn_Down/NMinusOne/njet_ge2/n_jets in Skim_TriLep_TTHToNonbb.root
2026-08-18 18:29:20,652 - INFO - [2016preVFP] MISSING_SYSTEMATIC: SR1E2Mu/JetRes_Up/NMinusOne/njet_ge2/n_jets in Skim_TriLep_TTHToNonbb.root
2026-08-18 18:29:20,652 - INFO - [2016preVFP] MISSING_SYSTEMATIC: SR1E2Mu/JetRes_Down/NMinusOne/njet_ge2/n_jets in Skim_TriLep_TTHToNonbb.root
2026-08-18 18:29:20,652 - INFO - [2016preVFP] MISSING_SYSTEMATIC: SR1E2Mu/MuonEn_Up/NMinusOne/njet_ge2/n_jets in Skim_TriLep_TTHToNonbb.root
2026-08-18 18:29:20,652 - INFO - [2016preVFP] MISSING_SYSTEMATIC: SR1E2Mu/MuonEn_Down/NMinusOne/njet_ge2/n_jets in Skim_TriLep_TTHToNonbb.root
2026-08-18 18:29:20,653 - INFO - [2016preVFP] MISSING_SYSTEMATIC: SR1E2Mu/ElectronEn_Up/NMinusOne/njet_ge2/n_jets in Skim_TriLep_TTHToNonbb.root
2026-08-18 18:29:20,653 - INFO - [2016preVFP] MISSING_SYSTEMATIC: SR1E2Mu/ElectronEn_Down/NMinusOne/njet_ge2/n_jets in Skim_TriLep_TTHToNonbb.root
2026-08-18 18:29:20,654 - INFO - [2016preVFP] MISSING_SYSTEMATIC: SR1E2Mu/ElectronRes_Up/NMinusOne/njet_ge2/n_jets in Skim_TriLep_TTHToNonbb.root
2026-08-18 18:29:20,654 - INFO - [2016preVFP] MISSING_SYSTEMATIC: SR1E2Mu/ElectronRes_Down/NMinusOne/njet_ge2/n_jets in Skim_TriLep_TTHToNonbb.root
2026-08-18 18:29:20,654 - INFO - [2016preVFP] MISSING_SYSTEMATIC: SR1E2Mu/UnclusteredEn_Up/NMinusOne/njet_ge2/n_jets in Skim_TriLep_TTHToNonbb.root
2026-08-18 18:29:20,654 - INFO - [2016preVFP] MISSING_SYSTEMATIC: SR1E2Mu/UnclusteredEn_Down/NMinusOne/njet_ge2/n_jets in Skim_TriLep_TTHToNonbb.root
2026-08-18 18:29:20,655 - INFO - [2016preVFP] MISSING_SYSTEMATIC: SR1E2Mu/BtagSF_HFcorr_Up/NMinusOne/njet_ge2/n_jets in Skim_TriLep_TTHToNonbb.root
2026-08-18 18:29:20,655 - INFO - [2016preVFP] MISSING_SYSTEMATIC: SR1E2Mu/BtagSF_HFcorr_Down/NMinusOne/njet_ge2/n_jets in Skim_TriLep_TTHToNonbb.root
2026-08-18 18:29:20,656 - INFO - [2016preVFP] MISSING_SYSTEMATIC: SR1E2Mu/BtagSF_HFuncorr_Up/NMinusOne/njet_ge2/n_jets in Skim_TriLep_TTHToNonbb.root
2026-08-18 18:29:20,656 - INFO - [2016preVFP] MISSING_SYSTEMATIC: SR1E2Mu/BtagSF_HFuncorr_Down/NMinusOne/njet_ge2/n_jets in Skim_TriLep_TTHToNonbb.root
2026-08-18 18:29:20,656 - INFO - [2016preVFP] MISSING_SYSTEMATIC: SR1E2Mu/BtagSF_LFcorr_Up/NMinusOne/njet_ge2/n_jets in Skim_TriLep_TTHToNonbb.root
2026-08-18 18:29:20,656 - INFO - [2016preVFP] MISSING_SYSTEMATIC: SR1E2Mu/BtagSF_LFcorr_Down/NMinusOne/njet_ge2/n_jets in Skim_TriLep_TTHToNonbb.root
2026-08-18 18:29:20,657 - INFO - [2016preVFP] MISSING_SYSTEMATIC: SR1E2Mu/BtagSF_LFuncorr_Up/NMinusOne/njet_ge2/n_jets in Skim_TriLep_TTHToNonbb.root
2026-08-18 18:29:20,657 - INFO - [2016preVFP] MISSING_SYSTEMATIC: SR1E2Mu/BtagSF_LFuncorr_Down/NMinusOne/njet_ge2/n_jets in Skim_TriLep_TTHToNonbb.root
2026-08-18 18:29:20,658 - INFO - [2016preVFP] MISSING_SYSTEMATIC: SR1E2Mu/L1Prefire_Up/NMinusOne/njet_ge2/n_jets in Skim_TriLep_tZq.root
2026-08-18 18:29:20,658 - INFO - [2016preVFP] MISSING_SYSTEMATIC: SR1E2Mu/L1Prefire_Down/NMinusOne/njet_ge2/n_jets in Skim_TriLep_tZq.root
2026-08-18 18:29:20,659 - INFO - [2016preVFP] MISSING_SYSTEMATIC: SR1E2Mu/PileupReweight_Up/NMinusOne/njet_ge2/n_jets in Skim_TriLep_tZq.root
2026-08-18 18:29:20,659 - INFO - [2016preVFP] MISSING_SYSTEMATIC: SR1E2Mu/PileupReweight_Down/NMinusOne/njet_ge2/n_jets in Skim_TriLep_tZq.root
2026-08-18 18:29:20,659 - INFO - [2016preVFP] MISSING_SYSTEMATIC: SR1E2Mu/PileupJetIDSF_Up/NMinusOne/njet_ge2/n_jets in Skim_TriLep_tZq.root
2026-08-18 18:29:20,659 - INFO - [2016preVFP] MISSING_SYSTEMATIC: SR1E2Mu/PileupJetIDSF_Down/NMinusOne/njet_ge2/n_jets in Skim_TriLep_tZq.root
2026-08-18 18:29:20,660 - INFO - [2016preVFP] MISSING_SYSTEMATIC: SR1E2Mu/MuonIDSF_Up/NMinusOne/njet_ge2/n_jets in Skim_TriLep_tZq.root
2026-08-18 18:29:20,660 - INFO - [2016preVFP] MISSING_SYSTEMATIC: SR1E2Mu/MuonIDSF_Down/NMinusOne/njet_ge2/n_jets in Skim_TriLep_tZq.root
2026-08-18 18:29:20,661 - INFO - [2016preVFP] MISSING_SYSTEMATIC: SR1E2Mu/ElectronRecoSF_Up/NMinusOne/njet_ge2/n_jets in Skim_TriLep_tZq.root
2026-08-18 18:29:20,661 - INFO - [2016preVFP] MISSING_SYSTEMATIC: SR1E2Mu/ElectronRecoSF_Down/NMinusOne/njet_ge2/n_jets in Skim_TriLep_tZq.root
2026-08-18 18:29:20,661 - INFO - [2016preVFP] MISSING_SYSTEMATIC: SR1E2Mu/ElectronIDSF_Up/NMinusOne/njet_ge2/n_jets in Skim_TriLep_tZq.root
2026-08-18 18:29:20,661 - INFO - [2016preVFP] MISSING_SYSTEMATIC: SR1E2Mu/ElectronIDSF_Down/NMinusOne/njet_ge2/n_jets in Skim_TriLep_tZq.root
2026-08-18 18:29:20,662 - INFO - [2016preVFP] MISSING_SYSTEMATIC: SR1E2Mu/EMuTrigSF_Up/NMinusOne/njet_ge2/n_jets in Skim_TriLep_tZq.root
2026-08-18 18:29:20,662 - INFO - [2016preVFP] MISSING_SYSTEMATIC: SR1E2Mu/EMuTrigSF_Down/NMinusOne/njet_ge2/n_jets in Skim_TriLep_tZq.root
2026-08-18 18:29:20,663 - INFO - [2016preVFP] MISSING_SYSTEMATIC: SR1E2Mu/JetEn_Up/NMinusOne/njet_ge2/n_jets in Skim_TriLep_tZq.root
2026-08-18 18:29:20,663 - INFO - [2016preVFP] MISSING_SYSTEMATIC: SR1E2Mu/JetEn_Down/NMinusOne/njet_ge2/n_jets in Skim_TriLep_tZq.root
2026-08-18 18:29:20,663 - INFO - [2016preVFP] MISSING_SYSTEMATIC: SR1E2Mu/JetRes_Up/NMinusOne/njet_ge2/n_jets in Skim_TriLep_tZq.root
2026-08-18 18:29:20,663 - INFO - [2016preVFP] MISSING_SYSTEMATIC: SR1E2Mu/JetRes_Down/NMinusOne/njet_ge2/n_jets in Skim_TriLep_tZq.root
2026-08-18 18:29:20,664 - INFO - [2016preVFP] MISSING_SYSTEMATIC: SR1E2Mu/MuonEn_Up/NMinusOne/njet_ge2/n_jets in Skim_TriLep_tZq.root
2026-08-18 18:29:20,664 - INFO - [2016preVFP] MISSING_SYSTEMATIC: SR1E2Mu/MuonEn_Down/NMinusOne/njet_ge2/n_jets in Skim_TriLep_tZq.root
2026-08-18 18:29:20,664 - INFO - [2016preVFP] MISSING_SYSTEMATIC: SR1E2Mu/ElectronEn_Up/NMinusOne/njet_ge2/n_jets in Skim_TriLep_tZq.root
2026-08-18 18:29:20,664 - INFO - [2016preVFP] MISSING_SYSTEMATIC: SR1E2Mu/ElectronEn_Down/NMinusOne/njet_ge2/n_jets in Skim_TriLep_tZq.root
2026-08-18 18:29:20,665 - INFO - [2016preVFP] MISSING_SYSTEMATIC: SR1E2Mu/ElectronRes_Up/NMinusOne/njet_ge2/n_jets in Skim_TriLep_tZq.root
2026-08-18 18:29:20,665 - INFO - [2016preVFP] MISSING_SYSTEMATIC: SR1E2Mu/ElectronRes_Down/NMinusOne/njet_ge2/n_jets in Skim_TriLep_tZq.root
2026-08-18 18:29:20,666 - INFO - [2016preVFP] MISSING_SYSTEMATIC: SR1E2Mu/UnclusteredEn_Up/NMinusOne/njet_ge2/n_jets in Skim_TriLep_tZq.root
2026-08-18 18:29:20,666 - INFO - [2016preVFP] MISSING_SYSTEMATIC: SR1E2Mu/UnclusteredEn_Down/NMinusOne/njet_ge2/n_jets in Skim_TriLep_tZq.root
2026-08-18 18:29:20,666 - INFO - [2016preVFP] MISSING_SYSTEMATIC: SR1E2Mu/BtagSF_HFcorr_Up/NMinusOne/njet_ge2/n_jets in Skim_TriLep_tZq.root
2026-08-18 18:29:20,666 - INFO - [2016preVFP] MISSING_SYSTEMATIC: SR1E2Mu/BtagSF_HFcorr_Down/NMinusOne/njet_ge2/n_jets in Skim_TriLep_tZq.root
2026-08-18 18:29:20,667 - INFO - [2016preVFP] MISSING_SYSTEMATIC: SR1E2Mu/BtagSF_HFuncorr_Up/NMinusOne/njet_ge2/n_jets in Skim_TriLep_tZq.root
2026-08-18 18:29:20,667 - INFO - [2016preVFP] MISSING_SYSTEMATIC: SR1E2Mu/BtagSF_HFuncorr_Down/NMinusOne/njet_ge2/n_jets in Skim_TriLep_tZq.root
2026-08-18 18:29:20,668 - INFO - [2016preVFP] MISSING_SYSTEMATIC: SR1E2Mu/BtagSF_LFcorr_Up/NMinusOne/njet_ge2/n_jets in Skim_TriLep_tZq.root
2026-08-18 18:29:20,668 - INFO - [2016preVFP] MISSING_SYSTEMATIC: SR1E2Mu/BtagSF_LFcorr_Down/NMinusOne/njet_ge2/n_jets in Skim_TriLep_tZq.root
2026-08-18 18:29:20,668 - INFO - [2016preVFP] MISSING_SYSTEMATIC: SR1E2Mu/BtagSF_LFuncorr_Up/NMinusOne/njet_ge2/n_jets in Skim_TriLep_tZq.root
2026-08-18 18:29:20,668 - INFO - [2016preVFP] MISSING_SYSTEMATIC: SR1E2Mu/BtagSF_LFuncorr_Down/NMinusOne/njet_ge2/n_jets in Skim_TriLep_tZq.root
2026-08-18 18:29:20,669 - INFO - [2016preVFP] MISSING_SYSTEMATIC: SR1E2Mu/L1Prefire_Up/NMinusOne/njet_ge2/n_jets in Skim_TriLep_WZTo3LNu_amcatnlo.root
2026-08-18 18:29:20,669 - INFO - [2016preVFP] MISSING_SYSTEMATIC: SR1E2Mu/L1Prefire_Down/NMinusOne/njet_ge2/n_jets in Skim_TriLep_WZTo3LNu_amcatnlo.root
2026-08-18 18:29:20,670 - INFO - [2016preVFP] MISSING_SYSTEMATIC: SR1E2Mu/PileupReweight_Up/NMinusOne/njet_ge2/n_jets in Skim_TriLep_WZTo3LNu_amcatnlo.root
2026-08-18 18:29:20,670 - INFO - [2016preVFP] MISSING_SYSTEMATIC: SR1E2Mu/PileupReweight_Down/NMinusOne/njet_ge2/n_jets in Skim_TriLep_WZTo3LNu_amcatnlo.root
2026-08-18 18:29:20,671 - INFO - [2016preVFP] MISSING_SYSTEMATIC: SR1E2Mu/PileupJetIDSF_Up/NMinusOne/njet_ge2/n_jets in Skim_TriLep_WZTo3LNu_amcatnlo.root
2026-08-18 18:29:20,671 - INFO - [2016preVFP] MISSING_SYSTEMATIC: SR1E2Mu/PileupJetIDSF_Down/NMinusOne/njet_ge2/n_jets in Skim_TriLep_WZTo3LNu_amcatnlo.root
2026-08-18 18:29:20,671 - INFO - [2016preVFP] MISSING_SYSTEMATIC: SR1E2Mu/MuonIDSF_Up/NMinusOne/njet_ge2/n_jets in Skim_TriLep_WZTo3LNu_amcatnlo.root
2026-08-18 18:29:20,671 - INFO - [2016preVFP] MISSING_SYSTEMATIC: SR1E2Mu/MuonIDSF_Down/NMinusOne/njet_ge2/n_jets in Skim_TriLep_WZTo3LNu_amcatnlo.root
2026-08-18 18:29:20,672 - INFO - [2016preVFP] MISSING_SYSTEMATIC: SR1E2Mu/ElectronRecoSF_Up/NMinusOne/njet_ge2/n_jets in Skim_TriLep_WZTo3LNu_amcatnlo.root
2026-08-18 18:29:20,672 - INFO - [2016preVFP] MISSING_SYSTEMATIC: SR1E2Mu/ElectronRecoSF_Down/NMinusOne/njet_ge2/n_jets in Skim_TriLep_WZTo3LNu_amcatnlo.root
2026-08-18 18:29:20,673 - INFO - [2016preVFP] MISSING_SYSTEMATIC: SR1E2Mu/ElectronIDSF_Up/NMinusOne/njet_ge2/n_jets in Skim_TriLep_WZTo3LNu_amcatnlo.root
2026-08-18 18:29:20,673 - INFO - [2016preVFP] MISSING_SYSTEMATIC: SR1E2Mu/ElectronIDSF_Down/NMinusOne/njet_ge2/n_jets in Skim_TriLep_WZTo3LNu_amcatnlo.root
2026-08-18 18:29:20,673 - INFO - [2016preVFP] MISSING_SYSTEMATIC: SR1E2Mu/EMuTrigSF_Up/NMinusOne/njet_ge2/n_jets in Skim_TriLep_WZTo3LNu_amcatnlo.root
2026-08-18 18:29:20,674 - INFO - [2016preVFP] MISSING_SYSTEMATIC: SR1E2Mu/EMuTrigSF_Down/NMinusOne/njet_ge2/n_jets in Skim_TriLep_WZTo3LNu_amcatnlo.root
2026-08-18 18:29:20,674 - INFO - [2016preVFP] MISSING_SYSTEMATIC: SR1E2Mu/JetEn_Up/NMinusOne/njet_ge2/n_jets in Skim_TriLep_WZTo3LNu_amcatnlo.root
2026-08-18 18:29:20,674 - INFO - [2016preVFP] MISSING_SYSTEMATIC: SR1E2Mu/JetEn_Down/NMinusOne/njet_ge2/n_jets in Skim_TriLep_WZTo3LNu_amcatnlo.root
2026-08-18 18:29:20,675 - INFO - [2016preVFP] MISSING_SYSTEMATIC: SR1E2Mu/JetRes_Up/NMinusOne/njet_ge2/n_jets in Skim_TriLep_WZTo3LNu_amcatnlo.root
2026-08-18 18:29:20,675 - INFO - [2016preVFP] MISSING_SYSTEMATIC: SR1E2Mu/JetRes_Down/NMinusOne/njet_ge2/n_jets in Skim_TriLep_WZTo3LNu_amcatnlo.root
2026-08-18 18:29:20,676 - INFO - [2016preVFP] MISSING_SYSTEMATIC: SR1E2Mu/MuonEn_Up/NMinusOne/njet_ge2/n_jets in Skim_TriLep_WZTo3LNu_amcatnlo.root
2026-08-18 18:29:20,676 - INFO - [2016preVFP] MISSING_SYSTEMATIC: SR1E2Mu/MuonEn_Down/NMinusOne/njet_ge2/n_jets in Skim_TriLep_WZTo3LNu_amcatnlo.root
2026-08-18 18:29:20,676 - INFO - [2016preVFP] MISSING_SYSTEMATIC: SR1E2Mu/ElectronEn_Up/NMinusOne/njet_ge2/n_jets in Skim_TriLep_WZTo3LNu_amcatnlo.root
2026-08-18 18:29:20,676 - INFO - [2016preVFP] MISSING_SYSTEMATIC: SR1E2Mu/ElectronEn_Down/NMinusOne/njet_ge2/n_jets in Skim_TriLep_WZTo3LNu_amcatnlo.root
2026-08-18 18:29:20,677 - INFO - [2016preVFP] MISSING_SYSTEMATIC: SR1E2Mu/ElectronRes_Up/NMinusOne/njet_ge2/n_jets in Skim_TriLep_WZTo3LNu_amcatnlo.root
2026-08-18 18:29:20,677 - INFO - [2016preVFP] MISSING_SYSTEMATIC: SR1E2Mu/ElectronRes_Down/NMinusOne/njet_ge2/n_jets in Skim_TriLep_WZTo3LNu_amcatnlo.root
2026-08-18 18:29:20,678 - INFO - [2016preVFP] MISSING_SYSTEMATIC: SR1E2Mu/UnclusteredEn_Up/NMinusOne/njet_ge2/n_jets in Skim_TriLep_WZTo3LNu_amcatnlo.root
2026-08-18 18:29:20,678 - INFO - [2016preVFP] MISSING_SYSTEMATIC: SR1E2Mu/UnclusteredEn_Down/NMinusOne/njet_ge2/n_jets in Skim_TriLep_WZTo3LNu_amcatnlo.root
2026-08-18 18:29:20,678 - INFO - [2016preVFP] MISSING_SYSTEMATIC: SR1E2Mu/BtagSF_HFcorr_Up/NMinusOne/njet_ge2/n_jets in Skim_TriLep_WZTo3LNu_amcatnlo.root
2026-08-18 18:29:20,678 - INFO - [2016preVFP] MISSING_SYSTEMATIC: SR1E2Mu/BtagSF_HFcorr_Down/NMinusOne/njet_ge2/n_jets in Skim_TriLep_WZTo3LNu_amcatnlo.root
2026-08-18 18:29:20,679 - INFO - [2016preVFP] MISSING_SYSTEMATIC: SR1E2Mu/BtagSF_HFuncorr_Up/NMinusOne/njet_ge2/n_jets in Skim_TriLep_WZTo3LNu_amcatnlo.root
2026-08-18 18:29:20,679 - INFO - [2016preVFP] MISSING_SYSTEMATIC: SR1E2Mu/BtagSF_HFuncorr_Down/NMinusOne/njet_ge2/n_jets in Skim_TriLep_WZTo3LNu_amcatnlo.root
2026-08-18 18:29:20,680 - INFO - [2016preVFP] MISSING_SYSTEMATIC: SR1E2Mu/BtagSF_LFcorr_Up/NMinusOne/njet_ge2/n_jets in Skim_TriLep_WZTo3LNu_amcatnlo.root
2026-08-18 18:29:20,680 - INFO - [2016preVFP] MISSING_SYSTEMATIC: SR1E2Mu/BtagSF_LFcorr_Down/NMinusOne/njet_ge2/n_jets in Skim_TriLep_WZTo3LNu_amcatnlo.root
2026-08-18 18:29:20,680 - INFO - [2016preVFP] MISSING_SYSTEMATIC: SR1E2Mu/BtagSF_LFuncorr_Up/NMinusOne/njet_ge2/n_jets in Skim_TriLep_WZTo3LNu_amcatnlo.root
2026-08-18 18:29:20,680 - INFO - [2016preVFP] MISSING_SYSTEMATIC: SR1E2Mu/BtagSF_LFuncorr_Down/NMinusOne/njet_ge2/n_jets in Skim_TriLep_WZTo3LNu_amcatnlo.root
2026-08-18 18:29:20,681 - INFO - [2016preVFP] MISSING_SYSTEMATIC: SR1E2Mu/L1Prefire_Up/NMinusOne/njet_ge2/n_jets in Skim_TriLep_ZZTo4L_powheg.root
2026-08-18 18:29:20,681 - INFO - [2016preVFP] MISSING_SYSTEMATIC: SR1E2Mu/L1Prefire_Down/NMinusOne/njet_ge2/n_jets in Skim_TriLep_ZZTo4L_powheg.root
2026-08-18 18:29:20,682 - INFO - [2016preVFP] MISSING_SYSTEMATIC: SR1E2Mu/PileupReweight_Up/NMinusOne/njet_ge2/n_jets in Skim_TriLep_ZZTo4L_powheg.root
2026-08-18 18:29:20,682 - INFO - [2016preVFP] MISSING_SYSTEMATIC: SR1E2Mu/PileupReweight_Down/NMinusOne/njet_ge2/n_jets in Skim_TriLep_ZZTo4L_powheg.root
2026-08-18 18:29:20,683 - INFO - [2016preVFP] MISSING_SYSTEMATIC: SR1E2Mu/PileupJetIDSF_Up/NMinusOne/njet_ge2/n_jets in Skim_TriLep_ZZTo4L_powheg.root
2026-08-18 18:29:20,683 - INFO - [2016preVFP] MISSING_SYSTEMATIC: SR1E2Mu/PileupJetIDSF_Down/NMinusOne/njet_ge2/n_jets in Skim_TriLep_ZZTo4L_powheg.root
2026-08-18 18:29:20,683 - INFO - [2016preVFP] MISSING_SYSTEMATIC: SR1E2Mu/MuonIDSF_Up/NMinusOne/njet_ge2/n_jets in Skim_TriLep_ZZTo4L_powheg.root
2026-08-18 18:29:20,683 - INFO - [2016preVFP] MISSING_SYSTEMATIC: SR1E2Mu/MuonIDSF_Down/NMinusOne/njet_ge2/n_jets in Skim_TriLep_ZZTo4L_powheg.root
2026-08-18 18:29:20,684 - INFO - [2016preVFP] MISSING_SYSTEMATIC: SR1E2Mu/ElectronRecoSF_Up/NMinusOne/njet_ge2/n_jets in Skim_TriLep_ZZTo4L_powheg.root
2026-08-18 18:29:20,684 - INFO - [2016preVFP] MISSING_SYSTEMATIC: SR1E2Mu/ElectronRecoSF_Down/NMinusOne/njet_ge2/n_jets in Skim_TriLep_ZZTo4L_powheg.root
2026-08-18 18:29:20,685 - INFO - [2016preVFP] MISSING_SYSTEMATIC: SR1E2Mu/ElectronIDSF_Up/NMinusOne/njet_ge2/n_jets in Skim_TriLep_ZZTo4L_powheg.root
2026-08-18 18:29:20,685 - INFO - [2016preVFP] MISSING_SYSTEMATIC: SR1E2Mu/ElectronIDSF_Down/NMinusOne/njet_ge2/n_jets in Skim_TriLep_ZZTo4L_powheg.root
2026-08-18 18:29:20,685 - INFO - [2016preVFP] MISSING_SYSTEMATIC: SR1E2Mu/EMuTrigSF_Up/NMinusOne/njet_ge2/n_jets in Skim_TriLep_ZZTo4L_powheg.root
2026-08-18 18:29:20,685 - INFO - [2016preVFP] MISSING_SYSTEMATIC: SR1E2Mu/EMuTrigSF_Down/NMinusOne/njet_ge2/n_jets in Skim_TriLep_ZZTo4L_powheg.root
2026-08-18 18:29:20,686 - INFO - [2016preVFP] MISSING_SYSTEMATIC: SR1E2Mu/JetEn_Up/NMinusOne/njet_ge2/n_jets in Skim_TriLep_ZZTo4L_powheg.root
2026-08-18 18:29:20,686 - INFO - [2016preVFP] MISSING_SYSTEMATIC: SR1E2Mu/JetEn_Down/NMinusOne/njet_ge2/n_jets in Skim_TriLep_ZZTo4L_powheg.root
2026-08-18 18:29:20,687 - INFO - [2016preVFP] MISSING_SYSTEMATIC: SR1E2Mu/JetRes_Up/NMinusOne/njet_ge2/n_jets in Skim_TriLep_ZZTo4L_powheg.root
2026-08-18 18:29:20,687 - INFO - [2016preVFP] MISSING_SYSTEMATIC: SR1E2Mu/JetRes_Down/NMinusOne/njet_ge2/n_jets in Skim_TriLep_ZZTo4L_powheg.root
2026-08-18 18:29:20,687 - INFO - [2016preVFP] MISSING_SYSTEMATIC: SR1E2Mu/MuonEn_Up/NMinusOne/njet_ge2/n_jets in Skim_TriLep_ZZTo4L_powheg.root
2026-08-18 18:29:20,687 - INFO - [2016preVFP] MISSING_SYSTEMATIC: SR1E2Mu/MuonEn_Down/NMinusOne/njet_ge2/n_jets in Skim_TriLep_ZZTo4L_powheg.root
2026-08-18 18:29:20,688 - INFO - [2016preVFP] MISSING_SYSTEMATIC: SR1E2Mu/ElectronEn_Up/NMinusOne/njet_ge2/n_jets in Skim_TriLep_ZZTo4L_powheg.root
2026-08-18 18:29:20,688 - INFO - [2016preVFP] MISSING_SYSTEMATIC: SR1E2Mu/ElectronEn_Down/NMinusOne/njet_ge2/n_jets in Skim_TriLep_ZZTo4L_powheg.root
2026-08-18 18:29:20,689 - INFO - [2016preVFP] MISSING_SYSTEMATIC: SR1E2Mu/ElectronRes_Up/NMinusOne/njet_ge2/n_jets in Skim_TriLep_ZZTo4L_powheg.root
2026-08-18 18:29:20,689 - INFO - [2016preVFP] MISSING_SYSTEMATIC: SR1E2Mu/ElectronRes_Down/NMinusOne/njet_ge2/n_jets in Skim_TriLep_ZZTo4L_powheg.root
2026-08-18 18:29:20,689 - INFO - [2016preVFP] MISSING_SYSTEMATIC: SR1E2Mu/UnclusteredEn_Up/NMinusOne/njet_ge2/n_jets in Skim_TriLep_ZZTo4L_powheg.root
2026-08-18 18:29:20,689 - INFO - [2016preVFP] MISSING_SYSTEMATIC: SR1E2Mu/UnclusteredEn_Down/NMinusOne/njet_ge2/n_jets in Skim_TriLep_ZZTo4L_powheg.root
2026-08-18 18:29:20,690 - INFO - [2016preVFP] MISSING_SYSTEMATIC: SR1E2Mu/BtagSF_HFcorr_Up/NMinusOne/njet_ge2/n_jets in Skim_TriLep_ZZTo4L_powheg.root
2026-08-18 18:29:20,690 - INFO - [2016preVFP] MISSING_SYSTEMATIC: SR1E2Mu/BtagSF_HFcorr_Down/NMinusOne/njet_ge2/n_jets in Skim_TriLep_ZZTo4L_powheg.root
2026-08-18 18:29:20,691 - INFO - [2016preVFP] MISSING_SYSTEMATIC: SR1E2Mu/BtagSF_HFuncorr_Up/NMinusOne/njet_ge2/n_jets in Skim_TriLep_ZZTo4L_powheg.root
2026-08-18 18:29:20,691 - INFO - [2016preVFP] MISSING_SYSTEMATIC: SR1E2Mu/BtagSF_HFuncorr_Down/NMinusOne/njet_ge2/n_jets in Skim_TriLep_ZZTo4L_powheg.root
2026-08-18 18:29:20,691 - INFO - [2016preVFP] MISSING_SYSTEMATIC: SR1E2Mu/BtagSF_LFcorr_Up/NMinusOne/njet_ge2/n_jets in Skim_TriLep_ZZTo4L_powheg.root
2026-08-18 18:29:20,691 - INFO - [2016preVFP] MISSING_SYSTEMATIC: SR1E2Mu/BtagSF_LFcorr_Down/NMinusOne/njet_ge2/n_jets in Skim_TriLep_ZZTo4L_powheg.root
2026-08-18 18:29:20,692 - INFO - [2016preVFP] MISSING_SYSTEMATIC: SR1E2Mu/BtagSF_LFuncorr_Up/NMinusOne/njet_ge2/n_jets in Skim_TriLep_ZZTo4L_powheg.root
2026-08-18 18:29:20,692 - INFO - [2016preVFP] MISSING_SYSTEMATIC: SR1E2Mu/BtagSF_LFuncorr_Down/NMinusOne/njet_ge2/n_jets in Skim_TriLep_ZZTo4L_powheg.root
2026-08-18 18:29:20,693 - INFO - [2016preVFP] MISSING_SYSTEMATIC: SR1E2Mu/L1Prefire_Up/NMinusOne/njet_ge2/n_jets in Skim_TriLep_tHq.root
2026-08-18 18:29:20,693 - INFO - [2016preVFP] MISSING_SYSTEMATIC: SR1E2Mu/L1Prefire_Down/NMinusOne/njet_ge2/n_jets in Skim_TriLep_tHq.root
2026-08-18 18:29:20,694 - INFO - [2016preVFP] MISSING_SYSTEMATIC: SR1E2Mu/PileupReweight_Up/NMinusOne/njet_ge2/n_jets in Skim_TriLep_tHq.root
2026-08-18 18:29:20,694 - INFO - [2016preVFP] MISSING_SYSTEMATIC: SR1E2Mu/PileupReweight_Down/NMinusOne/njet_ge2/n_jets in Skim_TriLep_tHq.root
2026-08-18 18:29:20,694 - INFO - [2016preVFP] MISSING_SYSTEMATIC: SR1E2Mu/PileupJetIDSF_Up/NMinusOne/njet_ge2/n_jets in Skim_TriLep_tHq.root
2026-08-18 18:29:20,694 - INFO - [2016preVFP] MISSING_SYSTEMATIC: SR1E2Mu/PileupJetIDSF_Down/NMinusOne/njet_ge2/n_jets in Skim_TriLep_tHq.root
2026-08-18 18:29:20,695 - INFO - [2016preVFP] MISSING_SYSTEMATIC: SR1E2Mu/MuonIDSF_Up/NMinusOne/njet_ge2/n_jets in Skim_TriLep_tHq.root
2026-08-18 18:29:20,695 - INFO - [2016preVFP] MISSING_SYSTEMATIC: SR1E2Mu/MuonIDSF_Down/NMinusOne/njet_ge2/n_jets in Skim_TriLep_tHq.root
2026-08-18 18:29:20,696 - INFO - [2016preVFP] MISSING_SYSTEMATIC: SR1E2Mu/ElectronRecoSF_Up/NMinusOne/njet_ge2/n_jets in Skim_TriLep_tHq.root
2026-08-18 18:29:20,696 - INFO - [2016preVFP] MISSING_SYSTEMATIC: SR1E2Mu/ElectronRecoSF_Down/NMinusOne/njet_ge2/n_jets in Skim_TriLep_tHq.root
2026-08-18 18:29:20,696 - INFO - [2016preVFP] MISSING_SYSTEMATIC: SR1E2Mu/ElectronIDSF_Up/NMinusOne/njet_ge2/n_jets in Skim_TriLep_tHq.root
2026-08-18 18:29:20,696 - INFO - [2016preVFP] MISSING_SYSTEMATIC: SR1E2Mu/ElectronIDSF_Down/NMinusOne/njet_ge2/n_jets in Skim_TriLep_tHq.root
2026-08-18 18:29:20,697 - INFO - [2016preVFP] MISSING_SYSTEMATIC: SR1E2Mu/EMuTrigSF_Up/NMinusOne/njet_ge2/n_jets in Skim_TriLep_tHq.root
2026-08-18 18:29:20,697 - INFO - [2016preVFP] MISSING_SYSTEMATIC: SR1E2Mu/EMuTrigSF_Down/NMinusOne/njet_ge2/n_jets in Skim_TriLep_tHq.root
2026-08-18 18:29:20,698 - INFO - [2016preVFP] MISSING_SYSTEMATIC: SR1E2Mu/JetEn_Up/NMinusOne/njet_ge2/n_jets in Skim_TriLep_tHq.root
2026-08-18 18:29:20,698 - INFO - [2016preVFP] MISSING_SYSTEMATIC: SR1E2Mu/JetEn_Down/NMinusOne/njet_ge2/n_jets in Skim_TriLep_tHq.root
2026-08-18 18:29:20,698 - INFO - [2016preVFP] MISSING_SYSTEMATIC: SR1E2Mu/JetRes_Up/NMinusOne/njet_ge2/n_jets in Skim_TriLep_tHq.root
2026-08-18 18:29:20,698 - INFO - [2016preVFP] MISSING_SYSTEMATIC: SR1E2Mu/JetRes_Down/NMinusOne/njet_ge2/n_jets in Skim_TriLep_tHq.root
2026-08-18 18:29:20,699 - INFO - [2016preVFP] MISSING_SYSTEMATIC: SR1E2Mu/MuonEn_Up/NMinusOne/njet_ge2/n_jets in Skim_TriLep_tHq.root
2026-08-18 18:29:20,699 - INFO - [2016preVFP] MISSING_SYSTEMATIC: SR1E2Mu/MuonEn_Down/NMinusOne/njet_ge2/n_jets in Skim_TriLep_tHq.root
2026-08-18 18:29:20,700 - INFO - [2016preVFP] MISSING_SYSTEMATIC: SR1E2Mu/ElectronEn_Up/NMinusOne/njet_ge2/n_jets in Skim_TriLep_tHq.root
2026-08-18 18:29:20,700 - INFO - [2016preVFP] MISSING_SYSTEMATIC: SR1E2Mu/ElectronEn_Down/NMinusOne/njet_ge2/n_jets in Skim_TriLep_tHq.root
2026-08-18 18:29:20,700 - INFO - [2016preVFP] MISSING_SYSTEMATIC: SR1E2Mu/ElectronRes_Up/NMinusOne/njet_ge2/n_jets in Skim_TriLep_tHq.root
2026-08-18 18:29:20,700 - INFO - [2016preVFP] MISSING_SYSTEMATIC: SR1E2Mu/ElectronRes_Down/NMinusOne/njet_ge2/n_jets in Skim_TriLep_tHq.root
2026-08-18 18:29:20,701 - INFO - [2016preVFP] MISSING_SYSTEMATIC: SR1E2Mu/UnclusteredEn_Up/NMinusOne/njet_ge2/n_jets in Skim_TriLep_tHq.root
2026-08-18 18:29:20,701 - INFO - [2016preVFP] MISSING_SYSTEMATIC: SR1E2Mu/UnclusteredEn_Down/NMinusOne/njet_ge2/n_jets in Skim_TriLep_tHq.root
2026-08-18 18:29:20,701 - INFO - [2016preVFP] MISSING_SYSTEMATIC: SR1E2Mu/BtagSF_HFcorr_Up/NMinusOne/njet_ge2/n_jets in Skim_TriLep_tHq.root
2026-08-18 18:29:20,701 - INFO - [2016preVFP] MISSING_SYSTEMATIC: SR1E2Mu/BtagSF_HFcorr_Down/NMinusOne/njet_ge2/n_jets in Skim_TriLep_tHq.root
2026-08-18 18:29:20,702 - INFO - [2016preVFP] MISSING_SYSTEMATIC: SR1E2Mu/BtagSF_HFuncorr_Up/NMinusOne/njet_ge2/n_jets in Skim_TriLep_tHq.root
2026-08-18 18:29:20,702 - INFO - [2016preVFP] MISSING_SYSTEMATIC: SR1E2Mu/BtagSF_HFuncorr_Down/NMinusOne/njet_ge2/n_jets in Skim_TriLep_tHq.root
2026-08-18 18:29:20,703 - INFO - [2016preVFP] MISSING_SYSTEMATIC: SR1E2Mu/BtagSF_LFcorr_Up/NMinusOne/njet_ge2/n_jets in Skim_TriLep_tHq.root
2026-08-18 18:29:20,703 - INFO - [2016preVFP] MISSING_SYSTEMATIC: SR1E2Mu/BtagSF_LFcorr_Down/NMinusOne/njet_ge2/n_jets in Skim_TriLep_tHq.root
2026-08-18 18:29:20,703 - INFO - [2016preVFP] MISSING_SYSTEMATIC: SR1E2Mu/BtagSF_LFuncorr_Up/NMinusOne/njet_ge2/n_jets in Skim_TriLep_tHq.root
2026-08-18 18:29:20,703 - INFO - [2016preVFP] MISSING_SYSTEMATIC: SR1E2Mu/BtagSF_LFuncorr_Down/NMinusOne/njet_ge2/n_jets in Skim_TriLep_tHq.root
2026-08-18 18:29:20,704 - INFO - [2016preVFP] MISSING_SYSTEMATIC: SR1E2Mu/L1Prefire_Up/NMinusOne/njet_ge2/n_jets in Skim_TriLep_tHW.root
2026-08-18 18:29:20,704 - INFO - [2016preVFP] MISSING_SYSTEMATIC: SR1E2Mu/L1Prefire_Down/NMinusOne/njet_ge2/n_jets in Skim_TriLep_tHW.root
2026-08-18 18:29:20,705 - INFO - [2016preVFP] MISSING_SYSTEMATIC: SR1E2Mu/PileupReweight_Up/NMinusOne/njet_ge2/n_jets in Skim_TriLep_tHW.root
2026-08-18 18:29:20,705 - INFO - [2016preVFP] MISSING_SYSTEMATIC: SR1E2Mu/PileupReweight_Down/NMinusOne/njet_ge2/n_jets in Skim_TriLep_tHW.root
2026-08-18 18:29:20,706 - INFO - [2016preVFP] MISSING_SYSTEMATIC: SR1E2Mu/PileupJetIDSF_Up/NMinusOne/njet_ge2/n_jets in Skim_TriLep_tHW.root
2026-08-18 18:29:20,706 - INFO - [2016preVFP] MISSING_SYSTEMATIC: SR1E2Mu/PileupJetIDSF_Down/NMinusOne/njet_ge2/n_jets in Skim_TriLep_tHW.root
2026-08-18 18:29:20,706 - INFO - [2016preVFP] MISSING_SYSTEMATIC: SR1E2Mu/MuonIDSF_Up/NMinusOne/njet_ge2/n_jets in Skim_TriLep_tHW.root
2026-08-18 18:29:20,706 - INFO - [2016preVFP] MISSING_SYSTEMATIC: SR1E2Mu/MuonIDSF_Down/NMinusOne/njet_ge2/n_jets in Skim_TriLep_tHW.root
2026-08-18 18:29:20,707 - INFO - [2016preVFP] MISSING_SYSTEMATIC: SR1E2Mu/ElectronRecoSF_Up/NMinusOne/njet_ge2/n_jets in Skim_TriLep_tHW.root
2026-08-18 18:29:20,707 - INFO - [2016preVFP] MISSING_SYSTEMATIC: SR1E2Mu/ElectronRecoSF_Down/NMinusOne/njet_ge2/n_jets in Skim_TriLep_tHW.root
2026-08-18 18:29:20,708 - INFO - [2016preVFP] MISSING_SYSTEMATIC: SR1E2Mu/ElectronIDSF_Up/NMinusOne/njet_ge2/n_jets in Skim_TriLep_tHW.root
2026-08-18 18:29:20,708 - INFO - [2016preVFP] MISSING_SYSTEMATIC: SR1E2Mu/ElectronIDSF_Down/NMinusOne/njet_ge2/n_jets in Skim_TriLep_tHW.root
2026-08-18 18:29:20,708 - INFO - [2016preVFP] MISSING_SYSTEMATIC: SR1E2Mu/EMuTrigSF_Up/NMinusOne/njet_ge2/n_jets in Skim_TriLep_tHW.root
2026-08-18 18:29:20,708 - INFO - [2016preVFP] MISSING_SYSTEMATIC: SR1E2Mu/EMuTrigSF_Down/NMinusOne/njet_ge2/n_jets in Skim_TriLep_tHW.root
2026-08-18 18:29:20,709 - INFO - [2016preVFP] MISSING_SYSTEMATIC: SR1E2Mu/JetEn_Up/NMinusOne/njet_ge2/n_jets in Skim_TriLep_tHW.root
2026-08-18 18:29:20,709 - INFO - [2016preVFP] MISSING_SYSTEMATIC: SR1E2Mu/JetEn_Down/NMinusOne/njet_ge2/n_jets in Skim_TriLep_tHW.root
2026-08-18 18:29:20,709 - INFO - [2016preVFP] MISSING_SYSTEMATIC: SR1E2Mu/JetRes_Up/NMinusOne/njet_ge2/n_jets in Skim_TriLep_tHW.root
2026-08-18 18:29:20,709 - INFO - [2016preVFP] MISSING_SYSTEMATIC: SR1E2Mu/JetRes_Down/NMinusOne/njet_ge2/n_jets in Skim_TriLep_tHW.root
2026-08-18 18:29:20,710 - INFO - [2016preVFP] MISSING_SYSTEMATIC: SR1E2Mu/MuonEn_Up/NMinusOne/njet_ge2/n_jets in Skim_TriLep_tHW.root
2026-08-18 18:29:20,710 - INFO - [2016preVFP] MISSING_SYSTEMATIC: SR1E2Mu/MuonEn_Down/NMinusOne/njet_ge2/n_jets in Skim_TriLep_tHW.root
2026-08-18 18:29:20,711 - INFO - [2016preVFP] MISSING_SYSTEMATIC: SR1E2Mu/ElectronEn_Up/NMinusOne/njet_ge2/n_jets in Skim_TriLep_tHW.root
2026-08-18 18:29:20,711 - INFO - [2016preVFP] MISSING_SYSTEMATIC: SR1E2Mu/ElectronEn_Down/NMinusOne/njet_ge2/n_jets in Skim_TriLep_tHW.root
2026-08-18 18:29:20,711 - INFO - [2016preVFP] MISSING_SYSTEMATIC: SR1E2Mu/ElectronRes_Up/NMinusOne/njet_ge2/n_jets in Skim_TriLep_tHW.root
2026-08-18 18:29:20,711 - INFO - [2016preVFP] MISSING_SYSTEMATIC: SR1E2Mu/ElectronRes_Down/NMinusOne/njet_ge2/n_jets in Skim_TriLep_tHW.root
2026-08-18 18:29:20,712 - INFO - [2016preVFP] MISSING_SYSTEMATIC: SR1E2Mu/UnclusteredEn_Up/NMinusOne/njet_ge2/n_jets in Skim_TriLep_tHW.root
2026-08-18 18:29:20,712 - INFO - [2016preVFP] MISSING_SYSTEMATIC: SR1E2Mu/UnclusteredEn_Down/NMinusOne/njet_ge2/n_jets in Skim_TriLep_tHW.root
2026-08-18 18:29:20,713 - INFO - [2016preVFP] MISSING_SYSTEMATIC: SR1E2Mu/BtagSF_HFcorr_Up/NMinusOne/njet_ge2/n_jets in Skim_TriLep_tHW.root
2026-08-18 18:29:20,713 - INFO - [2016preVFP] MISSING_SYSTEMATIC: SR1E2Mu/BtagSF_HFcorr_Down/NMinusOne/njet_ge2/n_jets in Skim_TriLep_tHW.root
2026-08-18 18:29:20,713 - INFO - [2016preVFP] MISSING_SYSTEMATIC: SR1E2Mu/BtagSF_HFuncorr_Up/NMinusOne/njet_ge2/n_jets in Skim_TriLep_tHW.root
2026-08-18 18:29:20,713 - INFO - [2016preVFP] MISSING_SYSTEMATIC: SR1E2Mu/BtagSF_HFuncorr_Down/NMinusOne/njet_ge2/n_jets in Skim_TriLep_tHW.root
2026-08-18 18:29:20,714 - INFO - [2016preVFP] MISSING_SYSTEMATIC: SR1E2Mu/BtagSF_LFcorr_Up/NMinusOne/njet_ge2/n_jets in Skim_TriLep_tHW.root
2026-08-18 18:29:20,714 - INFO - [2016preVFP] MISSING_SYSTEMATIC: SR1E2Mu/BtagSF_LFcorr_Down/NMinusOne/njet_ge2/n_jets in Skim_TriLep_tHW.root
2026-08-18 18:29:20,714 - INFO - [2016preVFP] MISSING_SYSTEMATIC: SR1E2Mu/BtagSF_LFuncorr_Up/NMinusOne/njet_ge2/n_jets in Skim_TriLep_tHW.root
2026-08-18 18:29:20,714 - INFO - [2016preVFP] MISSING_SYSTEMATIC: SR1E2Mu/BtagSF_LFuncorr_Down/NMinusOne/njet_ge2/n_jets in Skim_TriLep_tHW.root
2026-08-18 18:29:20,716 - INFO - [2016preVFP] MISSING_SYSTEMATIC: SR1E2Mu/L1Prefire_Up/NMinusOne/njet_ge2/n_jets in Skim_TriLep_tWZ_thadWlep.root
2026-08-18 18:29:20,716 - INFO - [2016preVFP] MISSING_SYSTEMATIC: SR1E2Mu/L1Prefire_Down/NMinusOne/njet_ge2/n_jets in Skim_TriLep_tWZ_thadWlep.root
2026-08-18 18:29:20,716 - INFO - [2016preVFP] MISSING_SYSTEMATIC: SR1E2Mu/PileupReweight_Up/NMinusOne/njet_ge2/n_jets in Skim_TriLep_tWZ_thadWlep.root
2026-08-18 18:29:20,716 - INFO - [2016preVFP] MISSING_SYSTEMATIC: SR1E2Mu/PileupReweight_Down/NMinusOne/njet_ge2/n_jets in Skim_TriLep_tWZ_thadWlep.root
2026-08-18 18:29:20,717 - INFO - [2016preVFP] MISSING_SYSTEMATIC: SR1E2Mu/PileupJetIDSF_Up/NMinusOne/njet_ge2/n_jets in Skim_TriLep_tWZ_thadWlep.root
2026-08-18 18:29:20,717 - INFO - [2016preVFP] MISSING_SYSTEMATIC: SR1E2Mu/PileupJetIDSF_Down/NMinusOne/njet_ge2/n_jets in Skim_TriLep_tWZ_thadWlep.root
2026-08-18 18:29:20,718 - INFO - [2016preVFP] MISSING_SYSTEMATIC: SR1E2Mu/MuonIDSF_Up/NMinusOne/njet_ge2/n_jets in Skim_TriLep_tWZ_thadWlep.root
2026-08-18 18:29:20,718 - INFO - [2016preVFP] MISSING_SYSTEMATIC: SR1E2Mu/MuonIDSF_Down/NMinusOne/njet_ge2/n_jets in Skim_TriLep_tWZ_thadWlep.root
2026-08-18 18:29:20,718 - INFO - [2016preVFP] MISSING_SYSTEMATIC: SR1E2Mu/ElectronRecoSF_Up/NMinusOne/njet_ge2/n_jets in Skim_TriLep_tWZ_thadWlep.root
2026-08-18 18:29:20,718 - INFO - [2016preVFP] MISSING_SYSTEMATIC: SR1E2Mu/ElectronRecoSF_Down/NMinusOne/njet_ge2/n_jets in Skim_TriLep_tWZ_thadWlep.root
2026-08-18 18:29:20,719 - INFO - [2016preVFP] MISSING_SYSTEMATIC: SR1E2Mu/ElectronIDSF_Up/NMinusOne/njet_ge2/n_jets in Skim_TriLep_tWZ_thadWlep.root
2026-08-18 18:29:20,719 - INFO - [2016preVFP] MISSING_SYSTEMATIC: SR1E2Mu/ElectronIDSF_Down/NMinusOne/njet_ge2/n_jets in Skim_TriLep_tWZ_thadWlep.root
2026-08-18 18:29:20,719 - INFO - [2016preVFP] MISSING_SYSTEMATIC: SR1E2Mu/EMuTrigSF_Up/NMinusOne/njet_ge2/n_jets in Skim_TriLep_tWZ_thadWlep.root
2026-08-18 18:29:20,720 - INFO - [2016preVFP] MISSING_SYSTEMATIC: SR1E2Mu/EMuTrigSF_Down/NMinusOne/njet_ge2/n_jets in Skim_TriLep_tWZ_thadWlep.root
2026-08-18 18:29:20,720 - INFO - [2016preVFP] MISSING_SYSTEMATIC: SR1E2Mu/JetEn_Up/NMinusOne/njet_ge2/n_jets in Skim_TriLep_tWZ_thadWlep.root
2026-08-18 18:29:20,720 - INFO - [2016preVFP] MISSING_SYSTEMATIC: SR1E2Mu/JetEn_Down/NMinusOne/njet_ge2/n_jets in Skim_TriLep_tWZ_thadWlep.root
2026-08-18 18:29:20,721 - INFO - [2016preVFP] MISSING_SYSTEMATIC: SR1E2Mu/JetRes_Up/NMinusOne/njet_ge2/n_jets in Skim_TriLep_tWZ_thadWlep.root
2026-08-18 18:29:20,721 - INFO - [2016preVFP] MISSING_SYSTEMATIC: SR1E2Mu/JetRes_Down/NMinusOne/njet_ge2/n_jets in Skim_TriLep_tWZ_thadWlep.root
2026-08-18 18:29:20,721 - INFO - [2016preVFP] MISSING_SYSTEMATIC: SR1E2Mu/MuonEn_Up/NMinusOne/njet_ge2/n_jets in Skim_TriLep_tWZ_thadWlep.root
2026-08-18 18:29:20,721 - INFO - [2016preVFP] MISSING_SYSTEMATIC: SR1E2Mu/MuonEn_Down/NMinusOne/njet_ge2/n_jets in Skim_TriLep_tWZ_thadWlep.root
2026-08-18 18:29:20,722 - INFO - [2016preVFP] MISSING_SYSTEMATIC: SR1E2Mu/ElectronEn_Up/NMinusOne/njet_ge2/n_jets in Skim_TriLep_tWZ_thadWlep.root
2026-08-18 18:29:20,722 - INFO - [2016preVFP] MISSING_SYSTEMATIC: SR1E2Mu/ElectronEn_Down/NMinusOne/njet_ge2/n_jets in Skim_TriLep_tWZ_thadWlep.root
2026-08-18 18:29:20,723 - INFO - [2016preVFP] MISSING_SYSTEMATIC: SR1E2Mu/ElectronRes_Up/NMinusOne/njet_ge2/n_jets in Skim_TriLep_tWZ_thadWlep.root
2026-08-18 18:29:20,723 - INFO - [2016preVFP] MISSING_SYSTEMATIC: SR1E2Mu/ElectronRes_Down/NMinusOne/njet_ge2/n_jets in Skim_TriLep_tWZ_thadWlep.root
2026-08-18 18:29:20,723 - INFO - [2016preVFP] MISSING_SYSTEMATIC: SR1E2Mu/UnclusteredEn_Up/NMinusOne/njet_ge2/n_jets in Skim_TriLep_tWZ_thadWlep.root
2026-08-18 18:29:20,723 - INFO - [2016preVFP] MISSING_SYSTEMATIC: SR1E2Mu/UnclusteredEn_Down/NMinusOne/njet_ge2/n_jets in Skim_TriLep_tWZ_thadWlep.root
2026-08-18 18:29:20,724 - INFO - [2016preVFP] MISSING_SYSTEMATIC: SR1E2Mu/BtagSF_HFcorr_Up/NMinusOne/njet_ge2/n_jets in Skim_TriLep_tWZ_thadWlep.root
2026-08-18 18:29:20,724 - INFO - [2016preVFP] MISSING_SYSTEMATIC: SR1E2Mu/BtagSF_HFcorr_Down/NMinusOne/njet_ge2/n_jets in Skim_TriLep_tWZ_thadWlep.root
2026-08-18 18:29:20,725 - INFO - [2016preVFP] MISSING_SYSTEMATIC: SR1E2Mu/BtagSF_HFuncorr_Up/NMinusOne/njet_ge2/n_jets in Skim_TriLep_tWZ_thadWlep.root
2026-08-18 18:29:20,725 - INFO - [2016preVFP] MISSING_SYSTEMATIC: SR1E2Mu/BtagSF_HFuncorr_Down/NMinusOne/njet_ge2/n_jets in Skim_TriLep_tWZ_thadWlep.root
2026-08-18 18:29:20,725 - INFO - [2016preVFP] MISSING_SYSTEMATIC: SR1E2Mu/BtagSF_LFcorr_Up/NMinusOne/njet_ge2/n_jets in Skim_TriLep_tWZ_thadWlep.root
2026-08-18 18:29:20,725 - INFO - [2016preVFP] MISSING_SYSTEMATIC: SR1E2Mu/BtagSF_LFcorr_Down/NMinusOne/njet_ge2/n_jets in Skim_TriLep_tWZ_thadWlep.root
2026-08-18 18:29:20,726 - INFO - [2016preVFP] MISSING_SYSTEMATIC: SR1E2Mu/BtagSF_LFuncorr_Up/NMinusOne/njet_ge2/n_jets in Skim_TriLep_tWZ_thadWlep.root
2026-08-18 18:29:20,726 - INFO - [2016preVFP] MISSING_SYSTEMATIC: SR1E2Mu/BtagSF_LFuncorr_Down/NMinusOne/njet_ge2/n_jets in Skim_TriLep_tWZ_thadWlep.root
2026-08-18 18:29:20,727 - INFO - [2016preVFP] MISSING_SYSTEMATIC: SR1E2Mu/L1Prefire_Up/NMinusOne/njet_ge2/n_jets in Skim_TriLep_tWZ_tlepWhad.root
2026-08-18 18:29:20,727 - INFO - [2016preVFP] MISSING_SYSTEMATIC: SR1E2Mu/L1Prefire_Down/NMinusOne/njet_ge2/n_jets in Skim_TriLep_tWZ_tlepWhad.root
2026-08-18 18:29:20,728 - INFO - [2016preVFP] MISSING_SYSTEMATIC: SR1E2Mu/PileupReweight_Up/NMinusOne/njet_ge2/n_jets in Skim_TriLep_tWZ_tlepWhad.root
2026-08-18 18:29:20,728 - INFO - [2016preVFP] MISSING_SYSTEMATIC: SR1E2Mu/PileupReweight_Down/NMinusOne/njet_ge2/n_jets in Skim_TriLep_tWZ_tlepWhad.root
2026-08-18 18:29:20,728 - INFO - [2016preVFP] MISSING_SYSTEMATIC: SR1E2Mu/PileupJetIDSF_Up/NMinusOne/njet_ge2/n_jets in Skim_TriLep_tWZ_tlepWhad.root
2026-08-18 18:29:20,729 - INFO - [2016preVFP] MISSING_SYSTEMATIC: SR1E2Mu/PileupJetIDSF_Down/NMinusOne/njet_ge2/n_jets in Skim_TriLep_tWZ_tlepWhad.root
2026-08-18 18:29:20,729 - INFO - [2016preVFP] MISSING_SYSTEMATIC: SR1E2Mu/MuonIDSF_Up/NMinusOne/njet_ge2/n_jets in Skim_TriLep_tWZ_tlepWhad.root
2026-08-18 18:29:20,729 - INFO - [2016preVFP] MISSING_SYSTEMATIC: SR1E2Mu/MuonIDSF_Down/NMinusOne/njet_ge2/n_jets in Skim_TriLep_tWZ_tlepWhad.root
2026-08-18 18:29:20,730 - INFO - [2016preVFP] MISSING_SYSTEMATIC: SR1E2Mu/ElectronRecoSF_Up/NMinusOne/njet_ge2/n_jets in Skim_TriLep_tWZ_tlepWhad.root
2026-08-18 18:29:20,730 - INFO - [2016preVFP] MISSING_SYSTEMATIC: SR1E2Mu/ElectronRecoSF_Down/NMinusOne/njet_ge2/n_jets in Skim_TriLep_tWZ_tlepWhad.root
2026-08-18 18:29:20,730 - INFO - [2016preVFP] MISSING_SYSTEMATIC: SR1E2Mu/ElectronIDSF_Up/NMinusOne/njet_ge2/n_jets in Skim_TriLep_tWZ_tlepWhad.root
2026-08-18 18:29:20,730 - INFO - [2016preVFP] MISSING_SYSTEMATIC: SR1E2Mu/ElectronIDSF_Down/NMinusOne/njet_ge2/n_jets in Skim_TriLep_tWZ_tlepWhad.root
2026-08-18 18:29:20,731 - INFO - [2016preVFP] MISSING_SYSTEMATIC: SR1E2Mu/EMuTrigSF_Up/NMinusOne/njet_ge2/n_jets in Skim_TriLep_tWZ_tlepWhad.root
2026-08-18 18:29:20,731 - INFO - [2016preVFP] MISSING_SYSTEMATIC: SR1E2Mu/EMuTrigSF_Down/NMinusOne/njet_ge2/n_jets in Skim_TriLep_tWZ_tlepWhad.root
2026-08-18 18:29:20,732 - INFO - [2016preVFP] MISSING_SYSTEMATIC: SR1E2Mu/JetEn_Up/NMinusOne/njet_ge2/n_jets in Skim_TriLep_tWZ_tlepWhad.root
2026-08-18 18:29:20,732 - INFO - [2016preVFP] MISSING_SYSTEMATIC: SR1E2Mu/JetEn_Down/NMinusOne/njet_ge2/n_jets in Skim_TriLep_tWZ_tlepWhad.root
2026-08-18 18:29:20,732 - INFO - [2016preVFP] MISSING_SYSTEMATIC: SR1E2Mu/JetRes_Up/NMinusOne/njet_ge2/n_jets in Skim_TriLep_tWZ_tlepWhad.root
2026-08-18 18:29:20,732 - INFO - [2016preVFP] MISSING_SYSTEMATIC: SR1E2Mu/JetRes_Down/NMinusOne/njet_ge2/n_jets in Skim_TriLep_tWZ_tlepWhad.root
2026-08-18 18:29:20,733 - INFO - [2016preVFP] MISSING_SYSTEMATIC: SR1E2Mu/MuonEn_Up/NMinusOne/njet_ge2/n_jets in Skim_TriLep_tWZ_tlepWhad.root
2026-08-18 18:29:20,733 - INFO - [2016preVFP] MISSING_SYSTEMATIC: SR1E2Mu/MuonEn_Down/NMinusOne/njet_ge2/n_jets in Skim_TriLep_tWZ_tlepWhad.root
2026-08-18 18:29:20,734 - INFO - [2016preVFP] MISSING_SYSTEMATIC: SR1E2Mu/ElectronEn_Up/NMinusOne/njet_ge2/n_jets in Skim_TriLep_tWZ_tlepWhad.root
2026-08-18 18:29:20,734 - INFO - [2016preVFP] MISSING_SYSTEMATIC: SR1E2Mu/ElectronEn_Down/NMinusOne/njet_ge2/n_jets in Skim_TriLep_tWZ_tlepWhad.root
2026-08-18 18:29:20,734 - INFO - [2016preVFP] MISSING_SYSTEMATIC: SR1E2Mu/ElectronRes_Up/NMinusOne/njet_ge2/n_jets in Skim_TriLep_tWZ_tlepWhad.root
2026-08-18 18:29:20,734 - INFO - [2016preVFP] MISSING_SYSTEMATIC: SR1E2Mu/ElectronRes_Down/NMinusOne/njet_ge2/n_jets in Skim_TriLep_tWZ_tlepWhad.root
2026-08-18 18:29:20,735 - INFO - [2016preVFP] MISSING_SYSTEMATIC: SR1E2Mu/UnclusteredEn_Up/NMinusOne/njet_ge2/n_jets in Skim_TriLep_tWZ_tlepWhad.root
2026-08-18 18:29:20,735 - INFO - [2016preVFP] MISSING_SYSTEMATIC: SR1E2Mu/UnclusteredEn_Down/NMinusOne/njet_ge2/n_jets in Skim_TriLep_tWZ_tlepWhad.root
2026-08-18 18:29:20,736 - INFO - [2016preVFP] MISSING_SYSTEMATIC: SR1E2Mu/BtagSF_HFcorr_Up/NMinusOne/njet_ge2/n_jets in Skim_TriLep_tWZ_tlepWhad.root
2026-08-18 18:29:20,736 - INFO - [2016preVFP] MISSING_SYSTEMATIC: SR1E2Mu/BtagSF_HFcorr_Down/NMinusOne/njet_ge2/n_jets in Skim_TriLep_tWZ_tlepWhad.root
2026-08-18 18:29:20,736 - INFO - [2016preVFP] MISSING_SYSTEMATIC: SR1E2Mu/BtagSF_HFuncorr_Up/NMinusOne/njet_ge2/n_jets in Skim_TriLep_tWZ_tlepWhad.root
2026-08-18 18:29:20,736 - INFO - [2016preVFP] MISSING_SYSTEMATIC: SR1E2Mu/BtagSF_HFuncorr_Down/NMinusOne/njet_ge2/n_jets in Skim_TriLep_tWZ_tlepWhad.root
2026-08-18 18:29:20,737 - INFO - [2016preVFP] MISSING_SYSTEMATIC: SR1E2Mu/BtagSF_LFcorr_Up/NMinusOne/njet_ge2/n_jets in Skim_TriLep_tWZ_tlepWhad.root
2026-08-18 18:29:20,737 - INFO - [2016preVFP] MISSING_SYSTEMATIC: SR1E2Mu/BtagSF_LFcorr_Down/NMinusOne/njet_ge2/n_jets in Skim_TriLep_tWZ_tlepWhad.root
2026-08-18 18:29:20,738 - INFO - [2016preVFP] MISSING_SYSTEMATIC: SR1E2Mu/BtagSF_LFuncorr_Up/NMinusOne/njet_ge2/n_jets in Skim_TriLep_tWZ_tlepWhad.root
2026-08-18 18:29:20,738 - INFO - [2016preVFP] MISSING_SYSTEMATIC: SR1E2Mu/BtagSF_LFuncorr_Down/NMinusOne/njet_ge2/n_jets in Skim_TriLep_tWZ_tlepWhad.root
2026-08-18 18:29:20,739 - INFO - [2016preVFP] MISSING_SYSTEMATIC: SR1E2Mu/L1Prefire_Up/NMinusOne/njet_ge2/n_jets in Skim_TriLep_tWZ_tlepWlep.root
2026-08-18 18:29:20,739 - INFO - [2016preVFP] MISSING_SYSTEMATIC: SR1E2Mu/L1Prefire_Down/NMinusOne/njet_ge2/n_jets in Skim_TriLep_tWZ_tlepWlep.root
2026-08-18 18:29:20,739 - INFO - [2016preVFP] MISSING_SYSTEMATIC: SR1E2Mu/PileupReweight_Up/NMinusOne/njet_ge2/n_jets in Skim_TriLep_tWZ_tlepWlep.root
2026-08-18 18:29:20,739 - INFO - [2016preVFP] MISSING_SYSTEMATIC: SR1E2Mu/PileupReweight_Down/NMinusOne/njet_ge2/n_jets in Skim_TriLep_tWZ_tlepWlep.root
2026-08-18 18:29:20,740 - INFO - [2016preVFP] MISSING_SYSTEMATIC: SR1E2Mu/PileupJetIDSF_Up/NMinusOne/njet_ge2/n_jets in Skim_TriLep_tWZ_tlepWlep.root
2026-08-18 18:29:20,740 - INFO - [2016preVFP] MISSING_SYSTEMATIC: SR1E2Mu/PileupJetIDSF_Down/NMinusOne/njet_ge2/n_jets in Skim_TriLep_tWZ_tlepWlep.root
2026-08-18 18:29:20,741 - INFO - [2016preVFP] MISSING_SYSTEMATIC: SR1E2Mu/MuonIDSF_Up/NMinusOne/njet_ge2/n_jets in Skim_TriLep_tWZ_tlepWlep.root
2026-08-18 18:29:20,741 - INFO - [2016preVFP] MISSING_SYSTEMATIC: SR1E2Mu/MuonIDSF_Down/NMinusOne/njet_ge2/n_jets in Skim_TriLep_tWZ_tlepWlep.root
2026-08-18 18:29:20,741 - INFO - [2016preVFP] MISSING_SYSTEMATIC: SR1E2Mu/ElectronRecoSF_Up/NMinusOne/njet_ge2/n_jets in Skim_TriLep_tWZ_tlepWlep.root
2026-08-18 18:29:20,741 - INFO - [2016preVFP] MISSING_SYSTEMATIC: SR1E2Mu/ElectronRecoSF_Down/NMinusOne/njet_ge2/n_jets in Skim_TriLep_tWZ_tlepWlep.root
2026-08-18 18:29:20,742 - INFO - [2016preVFP] MISSING_SYSTEMATIC: SR1E2Mu/ElectronIDSF_Up/NMinusOne/njet_ge2/n_jets in Skim_TriLep_tWZ_tlepWlep.root
2026-08-18 18:29:20,742 - INFO - [2016preVFP] MISSING_SYSTEMATIC: SR1E2Mu/ElectronIDSF_Down/NMinusOne/njet_ge2/n_jets in Skim_TriLep_tWZ_tlepWlep.root
2026-08-18 18:29:20,743 - INFO - [2016preVFP] MISSING_SYSTEMATIC: SR1E2Mu/EMuTrigSF_Up/NMinusOne/njet_ge2/n_jets in Skim_TriLep_tWZ_tlepWlep.root
2026-08-18 18:29:20,743 - INFO - [2016preVFP] MISSING_SYSTEMATIC: SR1E2Mu/EMuTrigSF_Down/NMinusOne/njet_ge2/n_jets in Skim_TriLep_tWZ_tlepWlep.root
2026-08-18 18:29:20,743 - INFO - [2016preVFP] MISSING_SYSTEMATIC: SR1E2Mu/JetEn_Up/NMinusOne/njet_ge2/n_jets in Skim_TriLep_tWZ_tlepWlep.root
2026-08-18 18:29:20,743 - INFO - [2016preVFP] MISSING_SYSTEMATIC: SR1E2Mu/JetEn_Down/NMinusOne/njet_ge2/n_jets in Skim_TriLep_tWZ_tlepWlep.root
2026-08-18 18:29:20,744 - INFO - [2016preVFP] MISSING_SYSTEMATIC: SR1E2Mu/JetRes_Up/NMinusOne/njet_ge2/n_jets in Skim_TriLep_tWZ_tlepWlep.root
2026-08-18 18:29:20,744 - INFO - [2016preVFP] MISSING_SYSTEMATIC: SR1E2Mu/JetRes_Down/NMinusOne/njet_ge2/n_jets in Skim_TriLep_tWZ_tlepWlep.root
2026-08-18 18:29:20,745 - INFO - [2016preVFP] MISSING_SYSTEMATIC: SR1E2Mu/MuonEn_Up/NMinusOne/njet_ge2/n_jets in Skim_TriLep_tWZ_tlepWlep.root
2026-08-18 18:29:20,745 - INFO - [2016preVFP] MISSING_SYSTEMATIC: SR1E2Mu/MuonEn_Down/NMinusOne/njet_ge2/n_jets in Skim_TriLep_tWZ_tlepWlep.root
2026-08-18 18:29:20,745 - INFO - [2016preVFP] MISSING_SYSTEMATIC: SR1E2Mu/ElectronEn_Up/NMinusOne/njet_ge2/n_jets in Skim_TriLep_tWZ_tlepWlep.root
2026-08-18 18:29:20,745 - INFO - [2016preVFP] MISSING_SYSTEMATIC: SR1E2Mu/ElectronEn_Down/NMinusOne/njet_ge2/n_jets in Skim_TriLep_tWZ_tlepWlep.root
2026-08-18 18:29:20,746 - INFO - [2016preVFP] MISSING_SYSTEMATIC: SR1E2Mu/ElectronRes_Up/NMinusOne/njet_ge2/n_jets in Skim_TriLep_tWZ_tlepWlep.root
2026-08-18 18:29:20,746 - INFO - [2016preVFP] MISSING_SYSTEMATIC: SR1E2Mu/ElectronRes_Down/NMinusOne/njet_ge2/n_jets in Skim_TriLep_tWZ_tlepWlep.root
2026-08-18 18:29:20,747 - INFO - [2016preVFP] MISSING_SYSTEMATIC: SR1E2Mu/UnclusteredEn_Up/NMinusOne/njet_ge2/n_jets in Skim_TriLep_tWZ_tlepWlep.root
2026-08-18 18:29:20,747 - INFO - [2016preVFP] MISSING_SYSTEMATIC: SR1E2Mu/UnclusteredEn_Down/NMinusOne/njet_ge2/n_jets in Skim_TriLep_tWZ_tlepWlep.root
2026-08-18 18:29:20,747 - INFO - [2016preVFP] MISSING_SYSTEMATIC: SR1E2Mu/BtagSF_HFcorr_Up/NMinusOne/njet_ge2/n_jets in Skim_TriLep_tWZ_tlepWlep.root
2026-08-18 18:29:20,747 - INFO - [2016preVFP] MISSING_SYSTEMATIC: SR1E2Mu/BtagSF_HFcorr_Down/NMinusOne/njet_ge2/n_jets in Skim_TriLep_tWZ_tlepWlep.root
2026-08-18 18:29:20,748 - INFO - [2016preVFP] MISSING_SYSTEMATIC: SR1E2Mu/BtagSF_HFuncorr_Up/NMinusOne/njet_ge2/n_jets in Skim_TriLep_tWZ_tlepWlep.root
2026-08-18 18:29:20,748 - INFO - [2016preVFP] MISSING_SYSTEMATIC: SR1E2Mu/BtagSF_HFuncorr_Down/NMinusOne/njet_ge2/n_jets in Skim_TriLep_tWZ_tlepWlep.root
2026-08-18 18:29:20,749 - INFO - [2016preVFP] MISSING_SYSTEMATIC: SR1E2Mu/BtagSF_LFcorr_Up/NMinusOne/njet_ge2/n_jets in Skim_TriLep_tWZ_tlepWlep.root
2026-08-18 18:29:20,749 - INFO - [2016preVFP] MISSING_SYSTEMATIC: SR1E2Mu/BtagSF_LFcorr_Down/NMinusOne/njet_ge2/n_jets in Skim_TriLep_tWZ_tlepWlep.root
2026-08-18 18:29:20,749 - INFO - [2016preVFP] MISSING_SYSTEMATIC: SR1E2Mu/BtagSF_LFuncorr_Up/NMinusOne/njet_ge2/n_jets in Skim_TriLep_tWZ_tlepWlep.root
2026-08-18 18:29:20,749 - INFO - [2016preVFP] MISSING_SYSTEMATIC: SR1E2Mu/BtagSF_LFuncorr_Down/NMinusOne/njet_ge2/n_jets in Skim_TriLep_tWZ_tlepWlep.root
2026-08-18 18:29:20,750 - INFO - [2016preVFP] MISSING_SYSTEMATIC: SR1E2Mu/L1Prefire_Up/NMinusOne/njet_ge2/n_jets in Skim_TriLep_WWW.root
2026-08-18 18:29:20,750 - INFO - [2016preVFP] MISSING_SYSTEMATIC: SR1E2Mu/L1Prefire_Down/NMinusOne/njet_ge2/n_jets in Skim_TriLep_WWW.root
2026-08-18 18:29:20,751 - INFO - [2016preVFP] MISSING_SYSTEMATIC: SR1E2Mu/PileupReweight_Up/NMinusOne/njet_ge2/n_jets in Skim_TriLep_WWW.root
2026-08-18 18:29:20,751 - INFO - [2016preVFP] MISSING_SYSTEMATIC: SR1E2Mu/PileupReweight_Down/NMinusOne/njet_ge2/n_jets in Skim_TriLep_WWW.root
2026-08-18 18:29:20,752 - INFO - [2016preVFP] MISSING_SYSTEMATIC: SR1E2Mu/PileupJetIDSF_Up/NMinusOne/njet_ge2/n_jets in Skim_TriLep_WWW.root
2026-08-18 18:29:20,752 - INFO - [2016preVFP] MISSING_SYSTEMATIC: SR1E2Mu/PileupJetIDSF_Down/NMinusOne/njet_ge2/n_jets in Skim_TriLep_WWW.root
2026-08-18 18:29:20,752 - INFO - [2016preVFP] MISSING_SYSTEMATIC: SR1E2Mu/MuonIDSF_Up/NMinusOne/njet_ge2/n_jets in Skim_TriLep_WWW.root
2026-08-18 18:29:20,752 - INFO - [2016preVFP] MISSING_SYSTEMATIC: SR1E2Mu/MuonIDSF_Down/NMinusOne/njet_ge2/n_jets in Skim_TriLep_WWW.root
2026-08-18 18:29:20,753 - INFO - [2016preVFP] MISSING_SYSTEMATIC: SR1E2Mu/ElectronRecoSF_Up/NMinusOne/njet_ge2/n_jets in Skim_TriLep_WWW.root
2026-08-18 18:29:20,753 - INFO - [2016preVFP] MISSING_SYSTEMATIC: SR1E2Mu/ElectronRecoSF_Down/NMinusOne/njet_ge2/n_jets in Skim_TriLep_WWW.root
2026-08-18 18:29:20,754 - INFO - [2016preVFP] MISSING_SYSTEMATIC: SR1E2Mu/ElectronIDSF_Up/NMinusOne/njet_ge2/n_jets in Skim_TriLep_WWW.root
2026-08-18 18:29:20,754 - INFO - [2016preVFP] MISSING_SYSTEMATIC: SR1E2Mu/ElectronIDSF_Down/NMinusOne/njet_ge2/n_jets in Skim_TriLep_WWW.root
2026-08-18 18:29:20,754 - INFO - [2016preVFP] MISSING_SYSTEMATIC: SR1E2Mu/EMuTrigSF_Up/NMinusOne/njet_ge2/n_jets in Skim_TriLep_WWW.root
2026-08-18 18:29:20,754 - INFO - [2016preVFP] MISSING_SYSTEMATIC: SR1E2Mu/EMuTrigSF_Down/NMinusOne/njet_ge2/n_jets in Skim_TriLep_WWW.root
2026-08-18 18:29:20,755 - INFO - [2016preVFP] MISSING_SYSTEMATIC: SR1E2Mu/JetEn_Up/NMinusOne/njet_ge2/n_jets in Skim_TriLep_WWW.root
2026-08-18 18:29:20,755 - INFO - [2016preVFP] MISSING_SYSTEMATIC: SR1E2Mu/JetEn_Down/NMinusOne/njet_ge2/n_jets in Skim_TriLep_WWW.root
2026-08-18 18:29:20,756 - INFO - [2016preVFP] MISSING_SYSTEMATIC: SR1E2Mu/JetRes_Up/NMinusOne/njet_ge2/n_jets in Skim_TriLep_WWW.root
2026-08-18 18:29:20,756 - INFO - [2016preVFP] MISSING_SYSTEMATIC: SR1E2Mu/JetRes_Down/NMinusOne/njet_ge2/n_jets in Skim_TriLep_WWW.root
2026-08-18 18:29:20,756 - INFO - [2016preVFP] MISSING_SYSTEMATIC: SR1E2Mu/MuonEn_Up/NMinusOne/njet_ge2/n_jets in Skim_TriLep_WWW.root
2026-08-18 18:29:20,756 - INFO - [2016preVFP] MISSING_SYSTEMATIC: SR1E2Mu/MuonEn_Down/NMinusOne/njet_ge2/n_jets in Skim_TriLep_WWW.root
2026-08-18 18:29:20,757 - INFO - [2016preVFP] MISSING_SYSTEMATIC: SR1E2Mu/ElectronEn_Up/NMinusOne/njet_ge2/n_jets in Skim_TriLep_WWW.root
2026-08-18 18:29:20,757 - INFO - [2016preVFP] MISSING_SYSTEMATIC: SR1E2Mu/ElectronEn_Down/NMinusOne/njet_ge2/n_jets in Skim_TriLep_WWW.root
2026-08-18 18:29:20,757 - INFO - [2016preVFP] MISSING_SYSTEMATIC: SR1E2Mu/ElectronRes_Up/NMinusOne/njet_ge2/n_jets in Skim_TriLep_WWW.root
2026-08-18 18:29:20,757 - INFO - [2016preVFP] MISSING_SYSTEMATIC: SR1E2Mu/ElectronRes_Down/NMinusOne/njet_ge2/n_jets in Skim_TriLep_WWW.root
2026-08-18 18:29:20,758 - INFO - [2016preVFP] MISSING_SYSTEMATIC: SR1E2Mu/UnclusteredEn_Up/NMinusOne/njet_ge2/n_jets in Skim_TriLep_WWW.root
2026-08-18 18:29:20,758 - INFO - [2016preVFP] MISSING_SYSTEMATIC: SR1E2Mu/UnclusteredEn_Down/NMinusOne/njet_ge2/n_jets in Skim_TriLep_WWW.root
2026-08-18 18:29:20,759 - INFO - [2016preVFP] MISSING_SYSTEMATIC: SR1E2Mu/BtagSF_HFcorr_Up/NMinusOne/njet_ge2/n_jets in Skim_TriLep_WWW.root
2026-08-18 18:29:20,759 - INFO - [2016preVFP] MISSING_SYSTEMATIC: SR1E2Mu/BtagSF_HFcorr_Down/NMinusOne/njet_ge2/n_jets in Skim_TriLep_WWW.root
2026-08-18 18:29:20,759 - INFO - [2016preVFP] MISSING_SYSTEMATIC: SR1E2Mu/BtagSF_HFuncorr_Up/NMinusOne/njet_ge2/n_jets in Skim_TriLep_WWW.root
2026-08-18 18:29:20,759 - INFO - [2016preVFP] MISSING_SYSTEMATIC: SR1E2Mu/BtagSF_HFuncorr_Down/NMinusOne/njet_ge2/n_jets in Skim_TriLep_WWW.root
2026-08-18 18:29:20,760 - INFO - [2016preVFP] MISSING_SYSTEMATIC: SR1E2Mu/BtagSF_LFcorr_Up/NMinusOne/njet_ge2/n_jets in Skim_TriLep_WWW.root
2026-08-18 18:29:20,760 - INFO - [2016preVFP] MISSING_SYSTEMATIC: SR1E2Mu/BtagSF_LFcorr_Down/NMinusOne/njet_ge2/n_jets in Skim_TriLep_WWW.root
2026-08-18 18:29:20,761 - INFO - [2016preVFP] MISSING_SYSTEMATIC: SR1E2Mu/BtagSF_LFuncorr_Up/NMinusOne/njet_ge2/n_jets in Skim_TriLep_WWW.root
2026-08-18 18:29:20,761 - INFO - [2016preVFP] MISSING_SYSTEMATIC: SR1E2Mu/BtagSF_LFuncorr_Down/NMinusOne/njet_ge2/n_jets in Skim_TriLep_WWW.root
2026-08-18 18:29:20,762 - INFO - [2016preVFP] MISSING_SYSTEMATIC: SR1E2Mu/L1Prefire_Up/NMinusOne/njet_ge2/n_jets in Skim_TriLep_WWZ.root
2026-08-18 18:29:20,762 - INFO - [2016preVFP] MISSING_SYSTEMATIC: SR1E2Mu/L1Prefire_Down/NMinusOne/njet_ge2/n_jets in Skim_TriLep_WWZ.root
2026-08-18 18:29:20,762 - INFO - [2016preVFP] MISSING_SYSTEMATIC: SR1E2Mu/PileupReweight_Up/NMinusOne/njet_ge2/n_jets in Skim_TriLep_WWZ.root
2026-08-18 18:29:20,762 - INFO - [2016preVFP] MISSING_SYSTEMATIC: SR1E2Mu/PileupReweight_Down/NMinusOne/njet_ge2/n_jets in Skim_TriLep_WWZ.root
2026-08-18 18:29:20,763 - INFO - [2016preVFP] MISSING_SYSTEMATIC: SR1E2Mu/PileupJetIDSF_Up/NMinusOne/njet_ge2/n_jets in Skim_TriLep_WWZ.root
2026-08-18 18:29:20,763 - INFO - [2016preVFP] MISSING_SYSTEMATIC: SR1E2Mu/PileupJetIDSF_Down/NMinusOne/njet_ge2/n_jets in Skim_TriLep_WWZ.root
2026-08-18 18:29:20,764 - INFO - [2016preVFP] MISSING_SYSTEMATIC: SR1E2Mu/MuonIDSF_Up/NMinusOne/njet_ge2/n_jets in Skim_TriLep_WWZ.root
2026-08-18 18:29:20,764 - INFO - [2016preVFP] MISSING_SYSTEMATIC: SR1E2Mu/MuonIDSF_Down/NMinusOne/njet_ge2/n_jets in Skim_TriLep_WWZ.root
2026-08-18 18:29:20,764 - INFO - [2016preVFP] MISSING_SYSTEMATIC: SR1E2Mu/ElectronRecoSF_Up/NMinusOne/njet_ge2/n_jets in Skim_TriLep_WWZ.root
2026-08-18 18:29:20,764 - INFO - [2016preVFP] MISSING_SYSTEMATIC: SR1E2Mu/ElectronRecoSF_Down/NMinusOne/njet_ge2/n_jets in Skim_TriLep_WWZ.root
2026-08-18 18:29:20,765 - INFO - [2016preVFP] MISSING_SYSTEMATIC: SR1E2Mu/ElectronIDSF_Up/NMinusOne/njet_ge2/n_jets in Skim_TriLep_WWZ.root
2026-08-18 18:29:20,765 - INFO - [2016preVFP] MISSING_SYSTEMATIC: SR1E2Mu/ElectronIDSF_Down/NMinusOne/njet_ge2/n_jets in Skim_TriLep_WWZ.root
2026-08-18 18:29:20,766 - INFO - [2016preVFP] MISSING_SYSTEMATIC: SR1E2Mu/EMuTrigSF_Up/NMinusOne/njet_ge2/n_jets in Skim_TriLep_WWZ.root
2026-08-18 18:29:20,766 - INFO - [2016preVFP] MISSING_SYSTEMATIC: SR1E2Mu/EMuTrigSF_Down/NMinusOne/njet_ge2/n_jets in Skim_TriLep_WWZ.root
2026-08-18 18:29:20,766 - INFO - [2016preVFP] MISSING_SYSTEMATIC: SR1E2Mu/JetEn_Up/NMinusOne/njet_ge2/n_jets in Skim_TriLep_WWZ.root
2026-08-18 18:29:20,766 - INFO - [2016preVFP] MISSING_SYSTEMATIC: SR1E2Mu/JetEn_Down/NMinusOne/njet_ge2/n_jets in Skim_TriLep_WWZ.root
2026-08-18 18:29:20,767 - INFO - [2016preVFP] MISSING_SYSTEMATIC: SR1E2Mu/JetRes_Up/NMinusOne/njet_ge2/n_jets in Skim_TriLep_WWZ.root
2026-08-18 18:29:20,767 - INFO - [2016preVFP] MISSING_SYSTEMATIC: SR1E2Mu/JetRes_Down/NMinusOne/njet_ge2/n_jets in Skim_TriLep_WWZ.root
2026-08-18 18:29:20,767 - INFO - [2016preVFP] MISSING_SYSTEMATIC: SR1E2Mu/MuonEn_Up/NMinusOne/njet_ge2/n_jets in Skim_TriLep_WWZ.root
2026-08-18 18:29:20,768 - INFO - [2016preVFP] MISSING_SYSTEMATIC: SR1E2Mu/MuonEn_Down/NMinusOne/njet_ge2/n_jets in Skim_TriLep_WWZ.root
2026-08-18 18:29:20,768 - INFO - [2016preVFP] MISSING_SYSTEMATIC: SR1E2Mu/ElectronEn_Up/NMinusOne/njet_ge2/n_jets in Skim_TriLep_WWZ.root
2026-08-18 18:29:20,768 - INFO - [2016preVFP] MISSING_SYSTEMATIC: SR1E2Mu/ElectronEn_Down/NMinusOne/njet_ge2/n_jets in Skim_TriLep_WWZ.root
2026-08-18 18:29:20,769 - INFO - [2016preVFP] MISSING_SYSTEMATIC: SR1E2Mu/ElectronRes_Up/NMinusOne/njet_ge2/n_jets in Skim_TriLep_WWZ.root
2026-08-18 18:29:20,769 - INFO - [2016preVFP] MISSING_SYSTEMATIC: SR1E2Mu/ElectronRes_Down/NMinusOne/njet_ge2/n_jets in Skim_TriLep_WWZ.root
2026-08-18 18:29:20,769 - INFO - [2016preVFP] MISSING_SYSTEMATIC: SR1E2Mu/UnclusteredEn_Up/NMinusOne/njet_ge2/n_jets in Skim_TriLep_WWZ.root
2026-08-18 18:29:20,769 - INFO - [2016preVFP] MISSING_SYSTEMATIC: SR1E2Mu/UnclusteredEn_Down/NMinusOne/njet_ge2/n_jets in Skim_TriLep_WWZ.root
2026-08-18 18:29:20,770 - INFO - [2016preVFP] MISSING_SYSTEMATIC: SR1E2Mu/BtagSF_HFcorr_Up/NMinusOne/njet_ge2/n_jets in Skim_TriLep_WWZ.root
2026-08-18 18:29:20,770 - INFO - [2016preVFP] MISSING_SYSTEMATIC: SR1E2Mu/BtagSF_HFcorr_Down/NMinusOne/njet_ge2/n_jets in Skim_TriLep_WWZ.root
2026-08-18 18:29:20,771 - INFO - [2016preVFP] MISSING_SYSTEMATIC: SR1E2Mu/BtagSF_HFuncorr_Up/NMinusOne/njet_ge2/n_jets in Skim_TriLep_WWZ.root
2026-08-18 18:29:20,771 - INFO - [2016preVFP] MISSING_SYSTEMATIC: SR1E2Mu/BtagSF_HFuncorr_Down/NMinusOne/njet_ge2/n_jets in Skim_TriLep_WWZ.root
2026-08-18 18:29:20,771 - INFO - [2016preVFP] MISSING_SYSTEMATIC: SR1E2Mu/BtagSF_LFcorr_Up/NMinusOne/njet_ge2/n_jets in Skim_TriLep_WWZ.root
2026-08-18 18:29:20,771 - INFO - [2016preVFP] MISSING_SYSTEMATIC: SR1E2Mu/BtagSF_LFcorr_Down/NMinusOne/njet_ge2/n_jets in Skim_TriLep_WWZ.root
2026-08-18 18:29:20,772 - INFO - [2016preVFP] MISSING_SYSTEMATIC: SR1E2Mu/BtagSF_LFuncorr_Up/NMinusOne/njet_ge2/n_jets in Skim_TriLep_WWZ.root
2026-08-18 18:29:20,772 - INFO - [2016preVFP] MISSING_SYSTEMATIC: SR1E2Mu/BtagSF_LFuncorr_Down/NMinusOne/njet_ge2/n_jets in Skim_TriLep_WWZ.root
2026-08-18 18:29:20,773 - INFO - [2016preVFP] MISSING_SYSTEMATIC: SR1E2Mu/L1Prefire_Up/NMinusOne/njet_ge2/n_jets in Skim_TriLep_WZZ.root
2026-08-18 18:29:20,773 - INFO - [2016preVFP] MISSING_SYSTEMATIC: SR1E2Mu/L1Prefire_Down/NMinusOne/njet_ge2/n_jets in Skim_TriLep_WZZ.root
2026-08-18 18:29:20,774 - INFO - [2016preVFP] MISSING_SYSTEMATIC: SR1E2Mu/PileupReweight_Up/NMinusOne/njet_ge2/n_jets in Skim_TriLep_WZZ.root
2026-08-18 18:29:20,774 - INFO - [2016preVFP] MISSING_SYSTEMATIC: SR1E2Mu/PileupReweight_Down/NMinusOne/njet_ge2/n_jets in Skim_TriLep_WZZ.root
2026-08-18 18:29:20,774 - INFO - [2016preVFP] MISSING_SYSTEMATIC: SR1E2Mu/PileupJetIDSF_Up/NMinusOne/njet_ge2/n_jets in Skim_TriLep_WZZ.root
2026-08-18 18:29:20,774 - INFO - [2016preVFP] MISSING_SYSTEMATIC: SR1E2Mu/PileupJetIDSF_Down/NMinusOne/njet_ge2/n_jets in Skim_TriLep_WZZ.root
2026-08-18 18:29:20,775 - INFO - [2016preVFP] MISSING_SYSTEMATIC: SR1E2Mu/MuonIDSF_Up/NMinusOne/njet_ge2/n_jets in Skim_TriLep_WZZ.root
2026-08-18 18:29:20,775 - INFO - [2016preVFP] MISSING_SYSTEMATIC: SR1E2Mu/MuonIDSF_Down/NMinusOne/njet_ge2/n_jets in Skim_TriLep_WZZ.root
2026-08-18 18:29:20,776 - INFO - [2016preVFP] MISSING_SYSTEMATIC: SR1E2Mu/ElectronRecoSF_Up/NMinusOne/njet_ge2/n_jets in Skim_TriLep_WZZ.root
2026-08-18 18:29:20,776 - INFO - [2016preVFP] MISSING_SYSTEMATIC: SR1E2Mu/ElectronRecoSF_Down/NMinusOne/njet_ge2/n_jets in Skim_TriLep_WZZ.root
2026-08-18 18:29:20,776 - INFO - [2016preVFP] MISSING_SYSTEMATIC: SR1E2Mu/ElectronIDSF_Up/NMinusOne/njet_ge2/n_jets in Skim_TriLep_WZZ.root
2026-08-18 18:29:20,776 - INFO - [2016preVFP] MISSING_SYSTEMATIC: SR1E2Mu/ElectronIDSF_Down/NMinusOne/njet_ge2/n_jets in Skim_TriLep_WZZ.root
2026-08-18 18:29:20,777 - INFO - [2016preVFP] MISSING_SYSTEMATIC: SR1E2Mu/EMuTrigSF_Up/NMinusOne/njet_ge2/n_jets in Skim_TriLep_WZZ.root
2026-08-18 18:29:20,777 - INFO - [2016preVFP] MISSING_SYSTEMATIC: SR1E2Mu/EMuTrigSF_Down/NMinusOne/njet_ge2/n_jets in Skim_TriLep_WZZ.root
2026-08-18 18:29:20,778 - INFO - [2016preVFP] MISSING_SYSTEMATIC: SR1E2Mu/JetEn_Up/NMinusOne/njet_ge2/n_jets in Skim_TriLep_WZZ.root
2026-08-18 18:29:20,778 - INFO - [2016preVFP] MISSING_SYSTEMATIC: SR1E2Mu/JetEn_Down/NMinusOne/njet_ge2/n_jets in Skim_TriLep_WZZ.root
2026-08-18 18:29:20,778 - INFO - [2016preVFP] MISSING_SYSTEMATIC: SR1E2Mu/JetRes_Up/NMinusOne/njet_ge2/n_jets in Skim_TriLep_WZZ.root
2026-08-18 18:29:20,778 - INFO - [2016preVFP] MISSING_SYSTEMATIC: SR1E2Mu/JetRes_Down/NMinusOne/njet_ge2/n_jets in Skim_TriLep_WZZ.root
2026-08-18 18:29:20,779 - INFO - [2016preVFP] MISSING_SYSTEMATIC: SR1E2Mu/MuonEn_Up/NMinusOne/njet_ge2/n_jets in Skim_TriLep_WZZ.root
2026-08-18 18:29:20,779 - INFO - [2016preVFP] MISSING_SYSTEMATIC: SR1E2Mu/MuonEn_Down/NMinusOne/njet_ge2/n_jets in Skim_TriLep_WZZ.root
2026-08-18 18:29:20,779 - INFO - [2016preVFP] MISSING_SYSTEMATIC: SR1E2Mu/ElectronEn_Up/NMinusOne/njet_ge2/n_jets in Skim_TriLep_WZZ.root
2026-08-18 18:29:20,779 - INFO - [2016preVFP] MISSING_SYSTEMATIC: SR1E2Mu/ElectronEn_Down/NMinusOne/njet_ge2/n_jets in Skim_TriLep_WZZ.root
2026-08-18 18:29:20,780 - INFO - [2016preVFP] MISSING_SYSTEMATIC: SR1E2Mu/ElectronRes_Up/NMinusOne/njet_ge2/n_jets in Skim_TriLep_WZZ.root
2026-08-18 18:29:20,780 - INFO - [2016preVFP] MISSING_SYSTEMATIC: SR1E2Mu/ElectronRes_Down/NMinusOne/njet_ge2/n_jets in Skim_TriLep_WZZ.root
2026-08-18 18:29:20,781 - INFO - [2016preVFP] MISSING_SYSTEMATIC: SR1E2Mu/UnclusteredEn_Up/NMinusOne/njet_ge2/n_jets in Skim_TriLep_WZZ.root
2026-08-18 18:29:20,781 - INFO - [2016preVFP] MISSING_SYSTEMATIC: SR1E2Mu/UnclusteredEn_Down/NMinusOne/njet_ge2/n_jets in Skim_TriLep_WZZ.root
2026-08-18 18:29:20,781 - INFO - [2016preVFP] MISSING_SYSTEMATIC: SR1E2Mu/BtagSF_HFcorr_Up/NMinusOne/njet_ge2/n_jets in Skim_TriLep_WZZ.root
2026-08-18 18:29:20,781 - INFO - [2016preVFP] MISSING_SYSTEMATIC: SR1E2Mu/BtagSF_HFcorr_Down/NMinusOne/njet_ge2/n_jets in Skim_TriLep_WZZ.root
2026-08-18 18:29:20,782 - INFO - [2016preVFP] MISSING_SYSTEMATIC: SR1E2Mu/BtagSF_HFuncorr_Up/NMinusOne/njet_ge2/n_jets in Skim_TriLep_WZZ.root
2026-08-18 18:29:20,782 - INFO - [2016preVFP] MISSING_SYSTEMATIC: SR1E2Mu/BtagSF_HFuncorr_Down/NMinusOne/njet_ge2/n_jets in Skim_TriLep_WZZ.root
2026-08-18 18:29:20,783 - INFO - [2016preVFP] MISSING_SYSTEMATIC: SR1E2Mu/BtagSF_LFcorr_Up/NMinusOne/njet_ge2/n_jets in Skim_TriLep_WZZ.root
2026-08-18 18:29:20,783 - INFO - [2016preVFP] MISSING_SYSTEMATIC: SR1E2Mu/BtagSF_LFcorr_Down/NMinusOne/njet_ge2/n_jets in Skim_TriLep_WZZ.root
2026-08-18 18:29:20,783 - INFO - [2016preVFP] MISSING_SYSTEMATIC: SR1E2Mu/BtagSF_LFuncorr_Up/NMinusOne/njet_ge2/n_jets in Skim_TriLep_WZZ.root
2026-08-18 18:29:20,783 - INFO - [2016preVFP] MISSING_SYSTEMATIC: SR1E2Mu/BtagSF_LFuncorr_Down/NMinusOne/njet_ge2/n_jets in Skim_TriLep_WZZ.root
2026-08-18 18:29:20,784 - INFO - [2016preVFP] MISSING_SYSTEMATIC: SR1E2Mu/L1Prefire_Up/NMinusOne/njet_ge2/n_jets in Skim_TriLep_ZZZ.root
2026-08-18 18:29:20,784 - INFO - [2016preVFP] MISSING_SYSTEMATIC: SR1E2Mu/L1Prefire_Down/NMinusOne/njet_ge2/n_jets in Skim_TriLep_ZZZ.root
2026-08-18 18:29:20,785 - INFO - [2016preVFP] MISSING_SYSTEMATIC: SR1E2Mu/PileupReweight_Up/NMinusOne/njet_ge2/n_jets in Skim_TriLep_ZZZ.root
2026-08-18 18:29:20,785 - INFO - [2016preVFP] MISSING_SYSTEMATIC: SR1E2Mu/PileupReweight_Down/NMinusOne/njet_ge2/n_jets in Skim_TriLep_ZZZ.root
2026-08-18 18:29:20,786 - INFO - [2016preVFP] MISSING_SYSTEMATIC: SR1E2Mu/PileupJetIDSF_Up/NMinusOne/njet_ge2/n_jets in Skim_TriLep_ZZZ.root
2026-08-18 18:29:20,786 - INFO - [2016preVFP] MISSING_SYSTEMATIC: SR1E2Mu/PileupJetIDSF_Down/NMinusOne/njet_ge2/n_jets in Skim_TriLep_ZZZ.root
2026-08-18 18:29:20,786 - INFO - [2016preVFP] MISSING_SYSTEMATIC: SR1E2Mu/MuonIDSF_Up/NMinusOne/njet_ge2/n_jets in Skim_TriLep_ZZZ.root
2026-08-18 18:29:20,786 - INFO - [2016preVFP] MISSING_SYSTEMATIC: SR1E2Mu/MuonIDSF_Down/NMinusOne/njet_ge2/n_jets in Skim_TriLep_ZZZ.root
2026-08-18 18:29:20,787 - INFO - [2016preVFP] MISSING_SYSTEMATIC: SR1E2Mu/ElectronRecoSF_Up/NMinusOne/njet_ge2/n_jets in Skim_TriLep_ZZZ.root
2026-08-18 18:29:20,787 - INFO - [2016preVFP] MISSING_SYSTEMATIC: SR1E2Mu/ElectronRecoSF_Down/NMinusOne/njet_ge2/n_jets in Skim_TriLep_ZZZ.root
2026-08-18 18:29:20,788 - INFO - [2016preVFP] MISSING_SYSTEMATIC: SR1E2Mu/ElectronIDSF_Up/NMinusOne/njet_ge2/n_jets in Skim_TriLep_ZZZ.root
2026-08-18 18:29:20,788 - INFO - [2016preVFP] MISSING_SYSTEMATIC: SR1E2Mu/ElectronIDSF_Down/NMinusOne/njet_ge2/n_jets in Skim_TriLep_ZZZ.root
2026-08-18 18:29:20,788 - INFO - [2016preVFP] MISSING_SYSTEMATIC: SR1E2Mu/EMuTrigSF_Up/NMinusOne/njet_ge2/n_jets in Skim_TriLep_ZZZ.root
2026-08-18 18:29:20,788 - INFO - [2016preVFP] MISSING_SYSTEMATIC: SR1E2Mu/EMuTrigSF_Down/NMinusOne/njet_ge2/n_jets in Skim_TriLep_ZZZ.root
2026-08-18 18:29:20,789 - INFO - [2016preVFP] MISSING_SYSTEMATIC: SR1E2Mu/JetEn_Up/NMinusOne/njet_ge2/n_jets in Skim_TriLep_ZZZ.root
2026-08-18 18:29:20,789 - INFO - [2016preVFP] MISSING_SYSTEMATIC: SR1E2Mu/JetEn_Down/NMinusOne/njet_ge2/n_jets in Skim_TriLep_ZZZ.root
2026-08-18 18:29:20,790 - INFO - [2016preVFP] MISSING_SYSTEMATIC: SR1E2Mu/JetRes_Up/NMinusOne/njet_ge2/n_jets in Skim_TriLep_ZZZ.root
2026-08-18 18:29:20,790 - INFO - [2016preVFP] MISSING_SYSTEMATIC: SR1E2Mu/JetRes_Down/NMinusOne/njet_ge2/n_jets in Skim_TriLep_ZZZ.root
2026-08-18 18:29:20,790 - INFO - [2016preVFP] MISSING_SYSTEMATIC: SR1E2Mu/MuonEn_Up/NMinusOne/njet_ge2/n_jets in Skim_TriLep_ZZZ.root
2026-08-18 18:29:20,790 - INFO - [2016preVFP] MISSING_SYSTEMATIC: SR1E2Mu/MuonEn_Down/NMinusOne/njet_ge2/n_jets in Skim_TriLep_ZZZ.root
2026-08-18 18:29:20,791 - INFO - [2016preVFP] MISSING_SYSTEMATIC: SR1E2Mu/ElectronEn_Up/NMinusOne/njet_ge2/n_jets in Skim_TriLep_ZZZ.root
2026-08-18 18:29:20,791 - INFO - [2016preVFP] MISSING_SYSTEMATIC: SR1E2Mu/ElectronEn_Down/NMinusOne/njet_ge2/n_jets in Skim_TriLep_ZZZ.root
2026-08-18 18:29:20,791 - INFO - [2016preVFP] MISSING_SYSTEMATIC: SR1E2Mu/ElectronRes_Up/NMinusOne/njet_ge2/n_jets in Skim_TriLep_ZZZ.root
2026-08-18 18:29:20,791 - INFO - [2016preVFP] MISSING_SYSTEMATIC: SR1E2Mu/ElectronRes_Down/NMinusOne/njet_ge2/n_jets in Skim_TriLep_ZZZ.root
2026-08-18 18:29:20,792 - INFO - [2016preVFP] MISSING_SYSTEMATIC: SR1E2Mu/UnclusteredEn_Up/NMinusOne/njet_ge2/n_jets in Skim_TriLep_ZZZ.root
2026-08-18 18:29:20,792 - INFO - [2016preVFP] MISSING_SYSTEMATIC: SR1E2Mu/UnclusteredEn_Down/NMinusOne/njet_ge2/n_jets in Skim_TriLep_ZZZ.root
2026-08-18 18:29:20,793 - INFO - [2016preVFP] MISSING_SYSTEMATIC: SR1E2Mu/BtagSF_HFcorr_Up/NMinusOne/njet_ge2/n_jets in Skim_TriLep_ZZZ.root
2026-08-18 18:29:20,793 - INFO - [2016preVFP] MISSING_SYSTEMATIC: SR1E2Mu/BtagSF_HFcorr_Down/NMinusOne/njet_ge2/n_jets in Skim_TriLep_ZZZ.root
2026-08-18 18:29:20,793 - INFO - [2016preVFP] MISSING_SYSTEMATIC: SR1E2Mu/BtagSF_HFuncorr_Up/NMinusOne/njet_ge2/n_jets in Skim_TriLep_ZZZ.root
2026-08-18 18:29:20,793 - INFO - [2016preVFP] MISSING_SYSTEMATIC: SR1E2Mu/BtagSF_HFuncorr_Down/NMinusOne/njet_ge2/n_jets in Skim_TriLep_ZZZ.root
2026-08-18 18:29:20,794 - INFO - [2016preVFP] MISSING_SYSTEMATIC: SR1E2Mu/BtagSF_LFcorr_Up/NMinusOne/njet_ge2/n_jets in Skim_TriLep_ZZZ.root
2026-08-18 18:29:20,794 - INFO - [2016preVFP] MISSING_SYSTEMATIC: SR1E2Mu/BtagSF_LFcorr_Down/NMinusOne/njet_ge2/n_jets in Skim_TriLep_ZZZ.root
2026-08-18 18:29:20,795 - INFO - [2016preVFP] MISSING_SYSTEMATIC: SR1E2Mu/BtagSF_LFuncorr_Up/NMinusOne/njet_ge2/n_jets in Skim_TriLep_ZZZ.root
2026-08-18 18:29:20,795 - INFO - [2016preVFP] MISSING_SYSTEMATIC: SR1E2Mu/BtagSF_LFuncorr_Down/NMinusOne/njet_ge2/n_jets in Skim_TriLep_ZZZ.root
2026-08-18 18:29:20,796 - INFO - [2016preVFP] MISSING_SYSTEMATIC: SR1E2Mu/L1Prefire_Up/NMinusOne/njet_ge2/n_jets in Skim_TriLep_TTTT.root
2026-08-18 18:29:20,796 - INFO - [2016preVFP] MISSING_SYSTEMATIC: SR1E2Mu/L1Prefire_Down/NMinusOne/njet_ge2/n_jets in Skim_TriLep_TTTT.root
2026-08-18 18:29:20,796 - INFO - [2016preVFP] MISSING_SYSTEMATIC: SR1E2Mu/PileupReweight_Up/NMinusOne/njet_ge2/n_jets in Skim_TriLep_TTTT.root
2026-08-18 18:29:20,796 - INFO - [2016preVFP] MISSING_SYSTEMATIC: SR1E2Mu/PileupReweight_Down/NMinusOne/njet_ge2/n_jets in Skim_TriLep_TTTT.root
2026-08-18 18:29:20,797 - INFO - [2016preVFP] MISSING_SYSTEMATIC: SR1E2Mu/PileupJetIDSF_Up/NMinusOne/njet_ge2/n_jets in Skim_TriLep_TTTT.root
2026-08-18 18:29:20,797 - INFO - [2016preVFP] MISSING_SYSTEMATIC: SR1E2Mu/PileupJetIDSF_Down/NMinusOne/njet_ge2/n_jets in Skim_TriLep_TTTT.root
2026-08-18 18:29:20,798 - INFO - [2016preVFP] MISSING_SYSTEMATIC: SR1E2Mu/MuonIDSF_Up/NMinusOne/njet_ge2/n_jets in Skim_TriLep_TTTT.root
2026-08-18 18:29:20,798 - INFO - [2016preVFP] MISSING_SYSTEMATIC: SR1E2Mu/MuonIDSF_Down/NMinusOne/njet_ge2/n_jets in Skim_TriLep_TTTT.root
2026-08-18 18:29:20,798 - INFO - [2016preVFP] MISSING_SYSTEMATIC: SR1E2Mu/ElectronRecoSF_Up/NMinusOne/njet_ge2/n_jets in Skim_TriLep_TTTT.root
2026-08-18 18:29:20,798 - INFO - [2016preVFP] MISSING_SYSTEMATIC: SR1E2Mu/ElectronRecoSF_Down/NMinusOne/njet_ge2/n_jets in Skim_TriLep_TTTT.root
2026-08-18 18:29:20,799 - INFO - [2016preVFP] MISSING_SYSTEMATIC: SR1E2Mu/ElectronIDSF_Up/NMinusOne/njet_ge2/n_jets in Skim_TriLep_TTTT.root
2026-08-18 18:29:20,799 - INFO - [2016preVFP] MISSING_SYSTEMATIC: SR1E2Mu/ElectronIDSF_Down/NMinusOne/njet_ge2/n_jets in Skim_TriLep_TTTT.root
2026-08-18 18:29:20,800 - INFO - [2016preVFP] MISSING_SYSTEMATIC: SR1E2Mu/EMuTrigSF_Up/NMinusOne/njet_ge2/n_jets in Skim_TriLep_TTTT.root
2026-08-18 18:29:20,800 - INFO - [2016preVFP] MISSING_SYSTEMATIC: SR1E2Mu/EMuTrigSF_Down/NMinusOne/njet_ge2/n_jets in Skim_TriLep_TTTT.root
2026-08-18 18:29:20,800 - INFO - [2016preVFP] MISSING_SYSTEMATIC: SR1E2Mu/JetEn_Up/NMinusOne/njet_ge2/n_jets in Skim_TriLep_TTTT.root
2026-08-18 18:29:20,800 - INFO - [2016preVFP] MISSING_SYSTEMATIC: SR1E2Mu/JetEn_Down/NMinusOne/njet_ge2/n_jets in Skim_TriLep_TTTT.root
2026-08-18 18:29:20,801 - INFO - [2016preVFP] MISSING_SYSTEMATIC: SR1E2Mu/JetRes_Up/NMinusOne/njet_ge2/n_jets in Skim_TriLep_TTTT.root
2026-08-18 18:29:20,801 - INFO - [2016preVFP] MISSING_SYSTEMATIC: SR1E2Mu/JetRes_Down/NMinusOne/njet_ge2/n_jets in Skim_TriLep_TTTT.root
2026-08-18 18:29:20,802 - INFO - [2016preVFP] MISSING_SYSTEMATIC: SR1E2Mu/MuonEn_Up/NMinusOne/njet_ge2/n_jets in Skim_TriLep_TTTT.root
2026-08-18 18:29:20,802 - INFO - [2016preVFP] MISSING_SYSTEMATIC: SR1E2Mu/MuonEn_Down/NMinusOne/njet_ge2/n_jets in Skim_TriLep_TTTT.root
2026-08-18 18:29:20,802 - INFO - [2016preVFP] MISSING_SYSTEMATIC: SR1E2Mu/ElectronEn_Up/NMinusOne/njet_ge2/n_jets in Skim_TriLep_TTTT.root
2026-08-18 18:29:20,802 - INFO - [2016preVFP] MISSING_SYSTEMATIC: SR1E2Mu/ElectronEn_Down/NMinusOne/njet_ge2/n_jets in Skim_TriLep_TTTT.root
2026-08-18 18:29:20,803 - INFO - [2016preVFP] MISSING_SYSTEMATIC: SR1E2Mu/ElectronRes_Up/NMinusOne/njet_ge2/n_jets in Skim_TriLep_TTTT.root
2026-08-18 18:29:20,803 - INFO - [2016preVFP] MISSING_SYSTEMATIC: SR1E2Mu/ElectronRes_Down/NMinusOne/njet_ge2/n_jets in Skim_TriLep_TTTT.root
2026-08-18 18:29:20,803 - INFO - [2016preVFP] MISSING_SYSTEMATIC: SR1E2Mu/UnclusteredEn_Up/NMinusOne/njet_ge2/n_jets in Skim_TriLep_TTTT.root
2026-08-18 18:29:20,804 - INFO - [2016preVFP] MISSING_SYSTEMATIC: SR1E2Mu/UnclusteredEn_Down/NMinusOne/njet_ge2/n_jets in Skim_TriLep_TTTT.root
2026-08-18 18:29:20,804 - INFO - [2016preVFP] MISSING_SYSTEMATIC: SR1E2Mu/BtagSF_HFcorr_Up/NMinusOne/njet_ge2/n_jets in Skim_TriLep_TTTT.root
2026-08-18 18:29:20,804 - INFO - [2016preVFP] MISSING_SYSTEMATIC: SR1E2Mu/BtagSF_HFcorr_Down/NMinusOne/njet_ge2/n_jets in Skim_TriLep_TTTT.root
2026-08-18 18:29:20,805 - INFO - [2016preVFP] MISSING_SYSTEMATIC: SR1E2Mu/BtagSF_HFuncorr_Up/NMinusOne/njet_ge2/n_jets in Skim_TriLep_TTTT.root
2026-08-18 18:29:20,805 - INFO - [2016preVFP] MISSING_SYSTEMATIC: SR1E2Mu/BtagSF_HFuncorr_Down/NMinusOne/njet_ge2/n_jets in Skim_TriLep_TTTT.root
2026-08-18 18:29:20,805 - INFO - [2016preVFP] MISSING_SYSTEMATIC: SR1E2Mu/BtagSF_LFcorr_Up/NMinusOne/njet_ge2/n_jets in Skim_TriLep_TTTT.root
2026-08-18 18:29:20,805 - INFO - [2016preVFP] MISSING_SYSTEMATIC: SR1E2Mu/BtagSF_LFcorr_Down/NMinusOne/njet_ge2/n_jets in Skim_TriLep_TTTT.root
2026-08-18 18:29:20,806 - INFO - [2016preVFP] MISSING_SYSTEMATIC: SR1E2Mu/BtagSF_LFuncorr_Up/NMinusOne/njet_ge2/n_jets in Skim_TriLep_TTTT.root
2026-08-18 18:29:20,806 - INFO - [2016preVFP] MISSING_SYSTEMATIC: SR1E2Mu/BtagSF_LFuncorr_Down/NMinusOne/njet_ge2/n_jets in Skim_TriLep_TTTT.root
2026-08-18 18:29:20,807 - INFO - [2016preVFP] MISSING_SYSTEMATIC: SR1E2Mu/L1Prefire_Up/NMinusOne/njet_ge2/n_jets in Skim_TriLep_VBFHToZZTo4L.root
2026-08-18 18:29:20,807 - INFO - [2016preVFP] MISSING_SYSTEMATIC: SR1E2Mu/L1Prefire_Down/NMinusOne/njet_ge2/n_jets in Skim_TriLep_VBFHToZZTo4L.root
2026-08-18 18:29:20,808 - INFO - [2016preVFP] MISSING_SYSTEMATIC: SR1E2Mu/PileupReweight_Up/NMinusOne/njet_ge2/n_jets in Skim_TriLep_VBFHToZZTo4L.root
2026-08-18 18:29:20,808 - INFO - [2016preVFP] MISSING_SYSTEMATIC: SR1E2Mu/PileupReweight_Down/NMinusOne/njet_ge2/n_jets in Skim_TriLep_VBFHToZZTo4L.root
2026-08-18 18:29:20,809 - INFO - [2016preVFP] MISSING_SYSTEMATIC: SR1E2Mu/PileupJetIDSF_Up/NMinusOne/njet_ge2/n_jets in Skim_TriLep_VBFHToZZTo4L.root
2026-08-18 18:29:20,809 - INFO - [2016preVFP] MISSING_SYSTEMATIC: SR1E2Mu/PileupJetIDSF_Down/NMinusOne/njet_ge2/n_jets in Skim_TriLep_VBFHToZZTo4L.root
2026-08-18 18:29:20,809 - INFO - [2016preVFP] MISSING_SYSTEMATIC: SR1E2Mu/MuonIDSF_Up/NMinusOne/njet_ge2/n_jets in Skim_TriLep_VBFHToZZTo4L.root
2026-08-18 18:29:20,809 - INFO - [2016preVFP] MISSING_SYSTEMATIC: SR1E2Mu/MuonIDSF_Down/NMinusOne/njet_ge2/n_jets in Skim_TriLep_VBFHToZZTo4L.root
2026-08-18 18:29:20,810 - INFO - [2016preVFP] MISSING_SYSTEMATIC: SR1E2Mu/ElectronRecoSF_Up/NMinusOne/njet_ge2/n_jets in Skim_TriLep_VBFHToZZTo4L.root
2026-08-18 18:29:20,810 - INFO - [2016preVFP] MISSING_SYSTEMATIC: SR1E2Mu/ElectronRecoSF_Down/NMinusOne/njet_ge2/n_jets in Skim_TriLep_VBFHToZZTo4L.root
2026-08-18 18:29:20,811 - INFO - [2016preVFP] MISSING_SYSTEMATIC: SR1E2Mu/ElectronIDSF_Up/NMinusOne/njet_ge2/n_jets in Skim_TriLep_VBFHToZZTo4L.root
2026-08-18 18:29:20,811 - INFO - [2016preVFP] MISSING_SYSTEMATIC: SR1E2Mu/ElectronIDSF_Down/NMinusOne/njet_ge2/n_jets in Skim_TriLep_VBFHToZZTo4L.root
2026-08-18 18:29:20,811 - INFO - [2016preVFP] MISSING_SYSTEMATIC: SR1E2Mu/EMuTrigSF_Up/NMinusOne/njet_ge2/n_jets in Skim_TriLep_VBFHToZZTo4L.root
2026-08-18 18:29:20,811 - INFO - [2016preVFP] MISSING_SYSTEMATIC: SR1E2Mu/EMuTrigSF_Down/NMinusOne/njet_ge2/n_jets in Skim_TriLep_VBFHToZZTo4L.root
2026-08-18 18:29:20,812 - INFO - [2016preVFP] MISSING_SYSTEMATIC: SR1E2Mu/JetEn_Up/NMinusOne/njet_ge2/n_jets in Skim_TriLep_VBFHToZZTo4L.root
2026-08-18 18:29:20,812 - INFO - [2016preVFP] MISSING_SYSTEMATIC: SR1E2Mu/JetEn_Down/NMinusOne/njet_ge2/n_jets in Skim_TriLep_VBFHToZZTo4L.root
2026-08-18 18:29:20,813 - INFO - [2016preVFP] MISSING_SYSTEMATIC: SR1E2Mu/JetRes_Up/NMinusOne/njet_ge2/n_jets in Skim_TriLep_VBFHToZZTo4L.root
2026-08-18 18:29:20,813 - INFO - [2016preVFP] MISSING_SYSTEMATIC: SR1E2Mu/JetRes_Down/NMinusOne/njet_ge2/n_jets in Skim_TriLep_VBFHToZZTo4L.root
2026-08-18 18:29:20,813 - INFO - [2016preVFP] MISSING_SYSTEMATIC: SR1E2Mu/MuonEn_Up/NMinusOne/njet_ge2/n_jets in Skim_TriLep_VBFHToZZTo4L.root
2026-08-18 18:29:20,813 - INFO - [2016preVFP] MISSING_SYSTEMATIC: SR1E2Mu/MuonEn_Down/NMinusOne/njet_ge2/n_jets in Skim_TriLep_VBFHToZZTo4L.root
2026-08-18 18:29:20,814 - INFO - [2016preVFP] MISSING_SYSTEMATIC: SR1E2Mu/ElectronEn_Up/NMinusOne/njet_ge2/n_jets in Skim_TriLep_VBFHToZZTo4L.root
2026-08-18 18:29:20,814 - INFO - [2016preVFP] MISSING_SYSTEMATIC: SR1E2Mu/ElectronEn_Down/NMinusOne/njet_ge2/n_jets in Skim_TriLep_VBFHToZZTo4L.root
2026-08-18 18:29:20,815 - INFO - [2016preVFP] MISSING_SYSTEMATIC: SR1E2Mu/ElectronRes_Up/NMinusOne/njet_ge2/n_jets in Skim_TriLep_VBFHToZZTo4L.root
2026-08-18 18:29:20,815 - INFO - [2016preVFP] MISSING_SYSTEMATIC: SR1E2Mu/ElectronRes_Down/NMinusOne/njet_ge2/n_jets in Skim_TriLep_VBFHToZZTo4L.root
2026-08-18 18:29:20,815 - INFO - [2016preVFP] MISSING_SYSTEMATIC: SR1E2Mu/UnclusteredEn_Up/NMinusOne/njet_ge2/n_jets in Skim_TriLep_VBFHToZZTo4L.root
2026-08-18 18:29:20,815 - INFO - [2016preVFP] MISSING_SYSTEMATIC: SR1E2Mu/UnclusteredEn_Down/NMinusOne/njet_ge2/n_jets in Skim_TriLep_VBFHToZZTo4L.root
2026-08-18 18:29:20,816 - INFO - [2016preVFP] MISSING_SYSTEMATIC: SR1E2Mu/BtagSF_HFcorr_Up/NMinusOne/njet_ge2/n_jets in Skim_TriLep_VBFHToZZTo4L.root
2026-08-18 18:29:20,816 - INFO - [2016preVFP] MISSING_SYSTEMATIC: SR1E2Mu/BtagSF_HFcorr_Down/NMinusOne/njet_ge2/n_jets in Skim_TriLep_VBFHToZZTo4L.root
2026-08-18 18:29:20,817 - INFO - [2016preVFP] MISSING_SYSTEMATIC: SR1E2Mu/BtagSF_HFuncorr_Up/NMinusOne/njet_ge2/n_jets in Skim_TriLep_VBFHToZZTo4L.root
2026-08-18 18:29:20,817 - INFO - [2016preVFP] MISSING_SYSTEMATIC: SR1E2Mu/BtagSF_HFuncorr_Down/NMinusOne/njet_ge2/n_jets in Skim_TriLep_VBFHToZZTo4L.root
2026-08-18 18:29:20,817 - INFO - [2016preVFP] MISSING_SYSTEMATIC: SR1E2Mu/BtagSF_LFcorr_Up/NMinusOne/njet_ge2/n_jets in Skim_TriLep_VBFHToZZTo4L.root
2026-08-18 18:29:20,817 - INFO - [2016preVFP] MISSING_SYSTEMATIC: SR1E2Mu/BtagSF_LFcorr_Down/NMinusOne/njet_ge2/n_jets in Skim_TriLep_VBFHToZZTo4L.root
2026-08-18 18:29:20,818 - INFO - [2016preVFP] MISSING_SYSTEMATIC: SR1E2Mu/BtagSF_LFuncorr_Up/NMinusOne/njet_ge2/n_jets in Skim_TriLep_VBFHToZZTo4L.root
2026-08-18 18:29:20,818 - INFO - [2016preVFP] MISSING_SYSTEMATIC: SR1E2Mu/BtagSF_LFuncorr_Down/NMinusOne/njet_ge2/n_jets in Skim_TriLep_VBFHToZZTo4L.root
2026-08-18 18:29:20,819 - INFO - [2016preVFP] MISSING_SYSTEMATIC: SR1E2Mu/L1Prefire_Up/NMinusOne/njet_ge2/n_jets in Skim_TriLep_ggHToZZTo4L.root
2026-08-18 18:29:20,819 - INFO - [2016preVFP] MISSING_SYSTEMATIC: SR1E2Mu/L1Prefire_Down/NMinusOne/njet_ge2/n_jets in Skim_TriLep_ggHToZZTo4L.root
2026-08-18 18:29:20,820 - INFO - [2016preVFP] MISSING_SYSTEMATIC: SR1E2Mu/PileupReweight_Up/NMinusOne/njet_ge2/n_jets in Skim_TriLep_ggHToZZTo4L.root
2026-08-18 18:29:20,820 - INFO - [2016preVFP] MISSING_SYSTEMATIC: SR1E2Mu/PileupReweight_Down/NMinusOne/njet_ge2/n_jets in Skim_TriLep_ggHToZZTo4L.root
2026-08-18 18:29:20,820 - INFO - [2016preVFP] MISSING_SYSTEMATIC: SR1E2Mu/PileupJetIDSF_Up/NMinusOne/njet_ge2/n_jets in Skim_TriLep_ggHToZZTo4L.root
2026-08-18 18:29:20,820 - INFO - [2016preVFP] MISSING_SYSTEMATIC: SR1E2Mu/PileupJetIDSF_Down/NMinusOne/njet_ge2/n_jets in Skim_TriLep_ggHToZZTo4L.root
2026-08-18 18:29:20,821 - INFO - [2016preVFP] MISSING_SYSTEMATIC: SR1E2Mu/MuonIDSF_Up/NMinusOne/njet_ge2/n_jets in Skim_TriLep_ggHToZZTo4L.root
2026-08-18 18:29:20,821 - INFO - [2016preVFP] MISSING_SYSTEMATIC: SR1E2Mu/MuonIDSF_Down/NMinusOne/njet_ge2/n_jets in Skim_TriLep_ggHToZZTo4L.root
2026-08-18 18:29:20,822 - INFO - [2016preVFP] MISSING_SYSTEMATIC: SR1E2Mu/ElectronRecoSF_Up/NMinusOne/njet_ge2/n_jets in Skim_TriLep_ggHToZZTo4L.root
2026-08-18 18:29:20,822 - INFO - [2016preVFP] MISSING_SYSTEMATIC: SR1E2Mu/ElectronRecoSF_Down/NMinusOne/njet_ge2/n_jets in Skim_TriLep_ggHToZZTo4L.root
2026-08-18 18:29:20,823 - INFO - [2016preVFP] MISSING_SYSTEMATIC: SR1E2Mu/ElectronIDSF_Up/NMinusOne/njet_ge2/n_jets in Skim_TriLep_ggHToZZTo4L.root
2026-08-18 18:29:20,823 - INFO - [2016preVFP] MISSING_SYSTEMATIC: SR1E2Mu/ElectronIDSF_Down/NMinusOne/njet_ge2/n_jets in Skim_TriLep_ggHToZZTo4L.root
2026-08-18 18:29:20,823 - INFO - [2016preVFP] MISSING_SYSTEMATIC: SR1E2Mu/EMuTrigSF_Up/NMinusOne/njet_ge2/n_jets in Skim_TriLep_ggHToZZTo4L.root
2026-08-18 18:29:20,823 - INFO - [2016preVFP] MISSING_SYSTEMATIC: SR1E2Mu/EMuTrigSF_Down/NMinusOne/njet_ge2/n_jets in Skim_TriLep_ggHToZZTo4L.root
2026-08-18 18:29:20,824 - INFO - [2016preVFP] MISSING_SYSTEMATIC: SR1E2Mu/JetEn_Up/NMinusOne/njet_ge2/n_jets in Skim_TriLep_ggHToZZTo4L.root
2026-08-18 18:29:20,824 - INFO - [2016preVFP] MISSING_SYSTEMATIC: SR1E2Mu/JetEn_Down/NMinusOne/njet_ge2/n_jets in Skim_TriLep_ggHToZZTo4L.root
2026-08-18 18:29:20,825 - INFO - [2016preVFP] MISSING_SYSTEMATIC: SR1E2Mu/JetRes_Up/NMinusOne/njet_ge2/n_jets in Skim_TriLep_ggHToZZTo4L.root
2026-08-18 18:29:20,825 - INFO - [2016preVFP] MISSING_SYSTEMATIC: SR1E2Mu/JetRes_Down/NMinusOne/njet_ge2/n_jets in Skim_TriLep_ggHToZZTo4L.root
2026-08-18 18:29:20,825 - INFO - [2016preVFP] MISSING_SYSTEMATIC: SR1E2Mu/MuonEn_Up/NMinusOne/njet_ge2/n_jets in Skim_TriLep_ggHToZZTo4L.root
2026-08-18 18:29:20,825 - INFO - [2016preVFP] MISSING_SYSTEMATIC: SR1E2Mu/MuonEn_Down/NMinusOne/njet_ge2/n_jets in Skim_TriLep_ggHToZZTo4L.root
2026-08-18 18:29:20,826 - INFO - [2016preVFP] MISSING_SYSTEMATIC: SR1E2Mu/ElectronEn_Up/NMinusOne/njet_ge2/n_jets in Skim_TriLep_ggHToZZTo4L.root
2026-08-18 18:29:20,826 - INFO - [2016preVFP] MISSING_SYSTEMATIC: SR1E2Mu/ElectronEn_Down/NMinusOne/njet_ge2/n_jets in Skim_TriLep_ggHToZZTo4L.root
2026-08-18 18:29:20,827 - INFO - [2016preVFP] MISSING_SYSTEMATIC: SR1E2Mu/ElectronRes_Up/NMinusOne/njet_ge2/n_jets in Skim_TriLep_ggHToZZTo4L.root
2026-08-18 18:29:20,827 - INFO - [2016preVFP] MISSING_SYSTEMATIC: SR1E2Mu/ElectronRes_Down/NMinusOne/njet_ge2/n_jets in Skim_TriLep_ggHToZZTo4L.root
2026-08-18 18:29:20,827 - INFO - [2016preVFP] MISSING_SYSTEMATIC: SR1E2Mu/UnclusteredEn_Up/NMinusOne/njet_ge2/n_jets in Skim_TriLep_ggHToZZTo4L.root
2026-08-18 18:29:20,827 - INFO - [2016preVFP] MISSING_SYSTEMATIC: SR1E2Mu/UnclusteredEn_Down/NMinusOne/njet_ge2/n_jets in Skim_TriLep_ggHToZZTo4L.root
2026-08-18 18:29:20,828 - INFO - [2016preVFP] MISSING_SYSTEMATIC: SR1E2Mu/BtagSF_HFcorr_Up/NMinusOne/njet_ge2/n_jets in Skim_TriLep_ggHToZZTo4L.root
2026-08-18 18:29:20,828 - INFO - [2016preVFP] MISSING_SYSTEMATIC: SR1E2Mu/BtagSF_HFcorr_Down/NMinusOne/njet_ge2/n_jets in Skim_TriLep_ggHToZZTo4L.root
2026-08-18 18:29:20,829 - INFO - [2016preVFP] MISSING_SYSTEMATIC: SR1E2Mu/BtagSF_HFuncorr_Up/NMinusOne/njet_ge2/n_jets in Skim_TriLep_ggHToZZTo4L.root
2026-08-18 18:29:20,829 - INFO - [2016preVFP] MISSING_SYSTEMATIC: SR1E2Mu/BtagSF_HFuncorr_Down/NMinusOne/njet_ge2/n_jets in Skim_TriLep_ggHToZZTo4L.root
2026-08-18 18:29:20,829 - INFO - [2016preVFP] MISSING_SYSTEMATIC: SR1E2Mu/BtagSF_LFcorr_Up/NMinusOne/njet_ge2/n_jets in Skim_TriLep_ggHToZZTo4L.root
2026-08-18 18:29:20,829 - INFO - [2016preVFP] MISSING_SYSTEMATIC: SR1E2Mu/BtagSF_LFcorr_Down/NMinusOne/njet_ge2/n_jets in Skim_TriLep_ggHToZZTo4L.root
2026-08-18 18:29:20,830 - INFO - [2016preVFP] MISSING_SYSTEMATIC: SR1E2Mu/BtagSF_LFuncorr_Up/NMinusOne/njet_ge2/n_jets in Skim_TriLep_ggHToZZTo4L.root
2026-08-18 18:29:20,830 - INFO - [2016preVFP] MISSING_SYSTEMATIC: SR1E2Mu/BtagSF_LFuncorr_Down/NMinusOne/njet_ge2/n_jets in Skim_TriLep_ggHToZZTo4L.root
2026-08-19 10:23:41,770 - INFO - [2016preVFP] MISSING_SYSTEMATIC: SR1E2Mu/L1Prefire_Up/NMinusOne/njet_ge2/n_jets in Skim_TriLep_DYJets.root
2026-08-19 10:23:41,770 - INFO - [2016preVFP] MISSING_SYSTEMATIC: SR1E2Mu/L1Prefire_Down/NMinusOne/njet_ge2/n_jets in Skim_TriLep_DYJets.root
2026-08-19 10:23:41,771 - INFO - [2016preVFP] MISSING_SYSTEMATIC: SR1E2Mu/PileupReweight_Up/NMinusOne/njet_ge2/n_jets in Skim_TriLep_DYJets.root
2026-08-19 10:23:41,772 - INFO - [2016preVFP] MISSING_SYSTEMATIC: SR1E2Mu/PileupReweight_Down/NMinusOne/njet_ge2/n_jets in Skim_TriLep_DYJets.root
2026-08-19 10:23:41,772 - INFO - [2016preVFP] MISSING_SYSTEMATIC: SR1E2Mu/PileupJetIDSF_Up/NMinusOne/njet_ge2/n_jets in Skim_TriLep_DYJets.root
2026-08-19 10:23:41,772 - INFO - [2016preVFP] MISSING_SYSTEMATIC: SR1E2Mu/PileupJetIDSF_Down/NMinusOne/njet_ge2/n_jets in Skim_TriLep_DYJets.root
2026-08-19 10:23:41,773 - INFO - [2016preVFP] MISSING_SYSTEMATIC: SR1E2Mu/MuonIDSF_Up/NMinusOne/njet_ge2/n_jets in Skim_TriLep_DYJets.root
2026-08-19 10:23:41,773 - INFO - [2016preVFP] MISSING_SYSTEMATIC: SR1E2Mu/MuonIDSF_Down/NMinusOne/njet_ge2/n_jets in Skim_TriLep_DYJets.root
2026-08-19 10:23:41,773 - INFO - [2016preVFP] MISSING_SYSTEMATIC: SR1E2Mu/ElectronRecoSF_Up/NMinusOne/njet_ge2/n_jets in Skim_TriLep_DYJets.root
2026-08-19 10:23:41,773 - INFO - [2016preVFP] MISSING_SYSTEMATIC: SR1E2Mu/ElectronRecoSF_Down/NMinusOne/njet_ge2/n_jets in Skim_TriLep_DYJets.root
2026-08-19 10:23:41,774 - INFO - [2016preVFP] MISSING_SYSTEMATIC: SR1E2Mu/ElectronIDSF_Up/NMinusOne/njet_ge2/n_jets in Skim_TriLep_DYJets.root
2026-08-19 10:23:41,774 - INFO - [2016preVFP] MISSING_SYSTEMATIC: SR1E2Mu/ElectronIDSF_Down/NMinusOne/njet_ge2/n_jets in Skim_TriLep_DYJets.root
2026-08-19 10:23:41,775 - INFO - [2016preVFP] MISSING_SYSTEMATIC: SR1E2Mu/EMuTrigSF_Up/NMinusOne/njet_ge2/n_jets in Skim_TriLep_DYJets.root
2026-08-19 10:23:41,775 - INFO - [2016preVFP] MISSING_SYSTEMATIC: SR1E2Mu/EMuTrigSF_Down/NMinusOne/njet_ge2/n_jets in Skim_TriLep_DYJets.root
2026-08-19 10:23:41,775 - INFO - [2016preVFP] MISSING_SYSTEMATIC: SR1E2Mu/JetEn_Up/NMinusOne/njet_ge2/n_jets in Skim_TriLep_DYJets.root
2026-08-19 10:23:41,775 - INFO - [2016preVFP] MISSING_SYSTEMATIC: SR1E2Mu/JetEn_Down/NMinusOne/njet_ge2/n_jets in Skim_TriLep_DYJets.root
2026-08-19 10:23:41,776 - INFO - [2016preVFP] MISSING_SYSTEMATIC: SR1E2Mu/JetRes_Up/NMinusOne/njet_ge2/n_jets in Skim_TriLep_DYJets.root
2026-08-19 10:23:41,776 - INFO - [2016preVFP] MISSING_SYSTEMATIC: SR1E2Mu/JetRes_Down/NMinusOne/njet_ge2/n_jets in Skim_TriLep_DYJets.root
2026-08-19 10:23:41,777 - INFO - [2016preVFP] MISSING_SYSTEMATIC: SR1E2Mu/MuonEn_Up/NMinusOne/njet_ge2/n_jets in Skim_TriLep_DYJets.root
2026-08-19 10:23:41,777 - INFO - [2016preVFP] MISSING_SYSTEMATIC: SR1E2Mu/MuonEn_Down/NMinusOne/njet_ge2/n_jets in Skim_TriLep_DYJets.root
2026-08-19 10:23:41,777 - INFO - [2016preVFP] MISSING_SYSTEMATIC: SR1E2Mu/ElectronEn_Up/NMinusOne/njet_ge2/n_jets in Skim_TriLep_DYJets.root
2026-08-19 10:23:41,777 - INFO - [2016preVFP] MISSING_SYSTEMATIC: SR1E2Mu/ElectronEn_Down/NMinusOne/njet_ge2/n_jets in Skim_TriLep_DYJets.root
2026-08-19 10:23:41,778 - INFO - [2016preVFP] MISSING_SYSTEMATIC: SR1E2Mu/ElectronRes_Up/NMinusOne/njet_ge2/n_jets in Skim_TriLep_DYJets.root
2026-08-19 10:23:41,778 - INFO - [2016preVFP] MISSING_SYSTEMATIC: SR1E2Mu/ElectronRes_Down/NMinusOne/njet_ge2/n_jets in Skim_TriLep_DYJets.root
2026-08-19 10:23:41,779 - INFO - [2016preVFP] MISSING_SYSTEMATIC: SR1E2Mu/UnclusteredEn_Up/NMinusOne/njet_ge2/n_jets in Skim_TriLep_DYJets.root
2026-08-19 10:23:41,779 - INFO - [2016preVFP] MISSING_SYSTEMATIC: SR1E2Mu/UnclusteredEn_Down/NMinusOne/njet_ge2/n_jets in Skim_TriLep_DYJets.root
2026-08-19 10:23:41,779 - INFO - [2016preVFP] MISSING_SYSTEMATIC: SR1E2Mu/BtagSF_HFcorr_Up/NMinusOne/njet_ge2/n_jets in Skim_TriLep_DYJets.root
2026-08-19 10:23:41,779 - INFO - [2016preVFP] MISSING_SYSTEMATIC: SR1E2Mu/BtagSF_HFcorr_Down/NMinusOne/njet_ge2/n_jets in Skim_TriLep_DYJets.root
2026-08-19 10:23:41,780 - INFO - [2016preVFP] MISSING_SYSTEMATIC: SR1E2Mu/BtagSF_HFuncorr_Up/NMinusOne/njet_ge2/n_jets in Skim_TriLep_DYJets.root
2026-08-19 10:23:41,780 - INFO - [2016preVFP] MISSING_SYSTEMATIC: SR1E2Mu/BtagSF_HFuncorr_Down/NMinusOne/njet_ge2/n_jets in Skim_TriLep_DYJets.root
2026-08-19 10:23:41,780 - INFO - [2016preVFP] MISSING_SYSTEMATIC: SR1E2Mu/BtagSF_LFcorr_Up/NMinusOne/njet_ge2/n_jets in Skim_TriLep_DYJets.root
2026-08-19 10:23:41,780 - INFO - [2016preVFP] MISSING_SYSTEMATIC: SR1E2Mu/BtagSF_LFcorr_Down/NMinusOne/njet_ge2/n_jets in Skim_TriLep_DYJets.root
2026-08-19 10:23:41,781 - INFO - [2016preVFP] MISSING_SYSTEMATIC: SR1E2Mu/BtagSF_LFuncorr_Up/NMinusOne/njet_ge2/n_jets in Skim_TriLep_DYJets.root
2026-08-19 10:23:41,781 - INFO - [2016preVFP] MISSING_SYSTEMATIC: SR1E2Mu/BtagSF_LFuncorr_Down/NMinusOne/njet_ge2/n_jets in Skim_TriLep_DYJets.root
2026-08-19 10:23:41,781 - INFO - [2016preVFP] MISSING_CENTRAL: SR1E2Mu/Central/NMinusOne/njet_ge2/n_jets in Skim_TriLep_DYJets10to50.root
2026-08-19 10:23:41,848 - INFO - [2016preVFP] MISSING_SYSTEMATIC: SR1E2Mu/L1Prefire_Up/NMinusOne/njet_ge2/n_jets in Skim_TriLep_TTG.root
2026-08-19 10:23:41,848 - INFO - [2016preVFP] MISSING_SYSTEMATIC: SR1E2Mu/L1Prefire_Down/NMinusOne/njet_ge2/n_jets in Skim_TriLep_TTG.root
2026-08-19 10:23:41,849 - INFO - [2016preVFP] MISSING_SYSTEMATIC: SR1E2Mu/PileupReweight_Up/NMinusOne/njet_ge2/n_jets in Skim_TriLep_TTG.root
2026-08-19 10:23:41,849 - INFO - [2016preVFP] MISSING_SYSTEMATIC: SR1E2Mu/PileupReweight_Down/NMinusOne/njet_ge2/n_jets in Skim_TriLep_TTG.root
2026-08-19 10:23:41,850 - INFO - [2016preVFP] MISSING_SYSTEMATIC: SR1E2Mu/PileupJetIDSF_Up/NMinusOne/njet_ge2/n_jets in Skim_TriLep_TTG.root
2026-08-19 10:23:41,850 - INFO - [2016preVFP] MISSING_SYSTEMATIC: SR1E2Mu/PileupJetIDSF_Down/NMinusOne/njet_ge2/n_jets in Skim_TriLep_TTG.root
2026-08-19 10:23:41,852 - INFO - [2016preVFP] MISSING_SYSTEMATIC: SR1E2Mu/MuonIDSF_Up/NMinusOne/njet_ge2/n_jets in Skim_TriLep_TTG.root
2026-08-19 10:23:41,852 - INFO - [2016preVFP] MISSING_SYSTEMATIC: SR1E2Mu/MuonIDSF_Down/NMinusOne/njet_ge2/n_jets in Skim_TriLep_TTG.root
2026-08-19 10:23:41,853 - INFO - [2016preVFP] MISSING_SYSTEMATIC: SR1E2Mu/ElectronRecoSF_Up/NMinusOne/njet_ge2/n_jets in Skim_TriLep_TTG.root
2026-08-19 10:23:41,854 - INFO - [2016preVFP] MISSING_SYSTEMATIC: SR1E2Mu/ElectronRecoSF_Down/NMinusOne/njet_ge2/n_jets in Skim_TriLep_TTG.root
2026-08-19 10:23:41,855 - INFO - [2016preVFP] MISSING_SYSTEMATIC: SR1E2Mu/ElectronIDSF_Up/NMinusOne/njet_ge2/n_jets in Skim_TriLep_TTG.root
2026-08-19 10:23:41,855 - INFO - [2016preVFP] MISSING_SYSTEMATIC: SR1E2Mu/ElectronIDSF_Down/NMinusOne/njet_ge2/n_jets in Skim_TriLep_TTG.root
2026-08-19 10:23:41,857 - INFO - [2016preVFP] MISSING_SYSTEMATIC: SR1E2Mu/EMuTrigSF_Up/NMinusOne/njet_ge2/n_jets in Skim_TriLep_TTG.root
2026-08-19 10:23:41,857 - INFO - [2016preVFP] MISSING_SYSTEMATIC: SR1E2Mu/EMuTrigSF_Down/NMinusOne/njet_ge2/n_jets in Skim_TriLep_TTG.root
2026-08-19 10:23:41,858 - INFO - [2016preVFP] MISSING_SYSTEMATIC: SR1E2Mu/JetEn_Up/NMinusOne/njet_ge2/n_jets in Skim_TriLep_TTG.root
2026-08-19 10:23:41,858 - INFO - [2016preVFP] MISSING_SYSTEMATIC: SR1E2Mu/JetEn_Down/NMinusOne/njet_ge2/n_jets in Skim_TriLep_TTG.root
2026-08-19 10:23:41,859 - INFO - [2016preVFP] MISSING_SYSTEMATIC: SR1E2Mu/JetRes_Up/NMinusOne/njet_ge2/n_jets in Skim_TriLep_TTG.root
2026-08-19 10:23:41,860 - INFO - [2016preVFP] MISSING_SYSTEMATIC: SR1E2Mu/JetRes_Down/NMinusOne/njet_ge2/n_jets in Skim_TriLep_TTG.root
2026-08-19 10:23:41,861 - INFO - [2016preVFP] MISSING_SYSTEMATIC: SR1E2Mu/MuonEn_Up/NMinusOne/njet_ge2/n_jets in Skim_TriLep_TTG.root
2026-08-19 10:23:41,861 - INFO - [2016preVFP] MISSING_SYSTEMATIC: SR1E2Mu/MuonEn_Down/NMinusOne/njet_ge2/n_jets in Skim_TriLep_TTG.root
2026-08-19 10:23:41,863 - INFO - [2016preVFP] MISSING_SYSTEMATIC: SR1E2Mu/ElectronEn_Up/NMinusOne/njet_ge2/n_jets in Skim_TriLep_TTG.root
2026-08-19 10:23:41,863 - INFO - [2016preVFP] MISSING_SYSTEMATIC: SR1E2Mu/ElectronEn_Down/NMinusOne/njet_ge2/n_jets in Skim_TriLep_TTG.root
2026-08-19 10:23:41,865 - INFO - [2016preVFP] MISSING_SYSTEMATIC: SR1E2Mu/ElectronRes_Up/NMinusOne/njet_ge2/n_jets in Skim_TriLep_TTG.root
2026-08-19 10:23:41,865 - INFO - [2016preVFP] MISSING_SYSTEMATIC: SR1E2Mu/ElectronRes_Down/NMinusOne/njet_ge2/n_jets in Skim_TriLep_TTG.root
2026-08-19 10:23:41,867 - INFO - [2016preVFP] MISSING_SYSTEMATIC: SR1E2Mu/UnclusteredEn_Up/NMinusOne/njet_ge2/n_jets in Skim_TriLep_TTG.root
2026-08-19 10:23:41,867 - INFO - [2016preVFP] MISSING_SYSTEMATIC: SR1E2Mu/UnclusteredEn_Down/NMinusOne/njet_ge2/n_jets in Skim_TriLep_TTG.root
2026-08-19 10:23:41,869 - INFO - [2016preVFP] MISSING_SYSTEMATIC: SR1E2Mu/BtagSF_HFcorr_Up/NMinusOne/njet_ge2/n_jets in Skim_TriLep_TTG.root
2026-08-19 10:23:41,869 - INFO - [2016preVFP] MISSING_SYSTEMATIC: SR1E2Mu/BtagSF_HFcorr_Down/NMinusOne/njet_ge2/n_jets in Skim_TriLep_TTG.root
2026-08-19 10:23:41,870 - INFO - [2016preVFP] MISSING_SYSTEMATIC: SR1E2Mu/BtagSF_HFuncorr_Up/NMinusOne/njet_ge2/n_jets in Skim_TriLep_TTG.root
2026-08-19 10:23:41,871 - INFO - [2016preVFP] MISSING_SYSTEMATIC: SR1E2Mu/BtagSF_HFuncorr_Down/NMinusOne/njet_ge2/n_jets in Skim_TriLep_TTG.root
2026-08-19 10:23:41,872 - INFO - [2016preVFP] MISSING_SYSTEMATIC: SR1E2Mu/BtagSF_LFcorr_Up/NMinusOne/njet_ge2/n_jets in Skim_TriLep_TTG.root
2026-08-19 10:23:41,872 - INFO - [2016preVFP] MISSING_SYSTEMATIC: SR1E2Mu/BtagSF_LFcorr_Down/NMinusOne/njet_ge2/n_jets in Skim_TriLep_TTG.root
2026-08-19 10:23:41,873 - INFO - [2016preVFP] MISSING_SYSTEMATIC: SR1E2Mu/BtagSF_LFuncorr_Up/NMinusOne/njet_ge2/n_jets in Skim_TriLep_TTG.root
2026-08-19 10:23:41,873 - INFO - [2016preVFP] MISSING_SYSTEMATIC: SR1E2Mu/BtagSF_LFuncorr_Down/NMinusOne/njet_ge2/n_jets in Skim_TriLep_TTG.root
2026-08-19 10:23:41,876 - INFO - [2016preVFP] MISSING_SYSTEMATIC: SR1E2Mu/L1Prefire_Up/NMinusOne/njet_ge2/n_jets in Skim_TriLep_WWG.root
2026-08-19 10:23:41,876 - INFO - [2016preVFP] MISSING_SYSTEMATIC: SR1E2Mu/L1Prefire_Down/NMinusOne/njet_ge2/n_jets in Skim_TriLep_WWG.root
2026-08-19 10:23:41,877 - INFO - [2016preVFP] MISSING_SYSTEMATIC: SR1E2Mu/PileupReweight_Up/NMinusOne/njet_ge2/n_jets in Skim_TriLep_WWG.root
2026-08-19 10:23:41,877 - INFO - [2016preVFP] MISSING_SYSTEMATIC: SR1E2Mu/PileupReweight_Down/NMinusOne/njet_ge2/n_jets in Skim_TriLep_WWG.root
2026-08-19 10:23:41,878 - INFO - [2016preVFP] MISSING_SYSTEMATIC: SR1E2Mu/PileupJetIDSF_Up/NMinusOne/njet_ge2/n_jets in Skim_TriLep_WWG.root
2026-08-19 10:23:41,878 - INFO - [2016preVFP] MISSING_SYSTEMATIC: SR1E2Mu/PileupJetIDSF_Down/NMinusOne/njet_ge2/n_jets in Skim_TriLep_WWG.root
2026-08-19 10:23:41,880 - INFO - [2016preVFP] MISSING_SYSTEMATIC: SR1E2Mu/MuonIDSF_Up/NMinusOne/njet_ge2/n_jets in Skim_TriLep_WWG.root
2026-08-19 10:23:41,880 - INFO - [2016preVFP] MISSING_SYSTEMATIC: SR1E2Mu/MuonIDSF_Down/NMinusOne/njet_ge2/n_jets in Skim_TriLep_WWG.root
2026-08-19 10:23:41,881 - INFO - [2016preVFP] MISSING_SYSTEMATIC: SR1E2Mu/ElectronRecoSF_Up/NMinusOne/njet_ge2/n_jets in Skim_TriLep_WWG.root
2026-08-19 10:23:41,881 - INFO - [2016preVFP] MISSING_SYSTEMATIC: SR1E2Mu/ElectronRecoSF_Down/NMinusOne/njet_ge2/n_jets in Skim_TriLep_WWG.root
2026-08-19 10:23:41,883 - INFO - [2016preVFP] MISSING_SYSTEMATIC: SR1E2Mu/ElectronIDSF_Up/NMinusOne/njet_ge2/n_jets in Skim_TriLep_WWG.root
2026-08-19 10:23:41,883 - INFO - [2016preVFP] MISSING_SYSTEMATIC: SR1E2Mu/ElectronIDSF_Down/NMinusOne/njet_ge2/n_jets in Skim_TriLep_WWG.root
2026-08-19 10:23:41,884 - INFO - [2016preVFP] MISSING_SYSTEMATIC: SR1E2Mu/EMuTrigSF_Up/NMinusOne/njet_ge2/n_jets in Skim_TriLep_WWG.root
2026-08-19 10:23:41,884 - INFO - [2016preVFP] MISSING_SYSTEMATIC: SR1E2Mu/EMuTrigSF_Down/NMinusOne/njet_ge2/n_jets in Skim_TriLep_WWG.root
2026-08-19 10:23:41,884 - INFO - [2016preVFP] MISSING_SYSTEMATIC: SR1E2Mu/JetEn_Up/NMinusOne/njet_ge2/n_jets in Skim_TriLep_WWG.root
2026-08-19 10:23:41,885 - INFO - [2016preVFP] MISSING_SYSTEMATIC: SR1E2Mu/JetEn_Down/NMinusOne/njet_ge2/n_jets in Skim_TriLep_WWG.root
2026-08-19 10:23:41,885 - INFO - [2016preVFP] MISSING_SYSTEMATIC: SR1E2Mu/JetRes_Up/NMinusOne/njet_ge2/n_jets in Skim_TriLep_WWG.root
2026-08-19 10:23:41,885 - INFO - [2016preVFP] MISSING_SYSTEMATIC: SR1E2Mu/JetRes_Down/NMinusOne/njet_ge2/n_jets in Skim_TriLep_WWG.root
2026-08-19 10:23:41,886 - INFO - [2016preVFP] MISSING_SYSTEMATIC: SR1E2Mu/MuonEn_Up/NMinusOne/njet_ge2/n_jets in Skim_TriLep_WWG.root
2026-08-19 10:23:41,886 - INFO - [2016preVFP] MISSING_SYSTEMATIC: SR1E2Mu/MuonEn_Down/NMinusOne/njet_ge2/n_jets in Skim_TriLep_WWG.root
2026-08-19 10:23:41,887 - INFO - [2016preVFP] MISSING_SYSTEMATIC: SR1E2Mu/ElectronEn_Up/NMinusOne/njet_ge2/n_jets in Skim_TriLep_WWG.root
2026-08-19 10:23:41,887 - INFO - [2016preVFP] MISSING_SYSTEMATIC: SR1E2Mu/ElectronEn_Down/NMinusOne/njet_ge2/n_jets in Skim_TriLep_WWG.root
2026-08-19 10:23:41,888 - INFO - [2016preVFP] MISSING_SYSTEMATIC: SR1E2Mu/ElectronRes_Up/NMinusOne/njet_ge2/n_jets in Skim_TriLep_WWG.root
2026-08-19 10:23:41,888 - INFO - [2016preVFP] MISSING_SYSTEMATIC: SR1E2Mu/ElectronRes_Down/NMinusOne/njet_ge2/n_jets in Skim_TriLep_WWG.root
2026-08-19 10:23:41,889 - INFO - [2016preVFP] MISSING_SYSTEMATIC: SR1E2Mu/UnclusteredEn_Up/NMinusOne/njet_ge2/n_jets in Skim_TriLep_WWG.root
2026-08-19 10:23:41,889 - INFO - [2016preVFP] MISSING_SYSTEMATIC: SR1E2Mu/UnclusteredEn_Down/NMinusOne/njet_ge2/n_jets in Skim_TriLep_WWG.root
2026-08-19 10:23:41,890 - INFO - [2016preVFP] MISSING_SYSTEMATIC: SR1E2Mu/BtagSF_HFcorr_Up/NMinusOne/njet_ge2/n_jets in Skim_TriLep_WWG.root
2026-08-19 10:23:41,890 - INFO - [2016preVFP] MISSING_SYSTEMATIC: SR1E2Mu/BtagSF_HFcorr_Down/NMinusOne/njet_ge2/n_jets in Skim_TriLep_WWG.root
2026-08-19 10:23:41,891 - INFO - [2016preVFP] MISSING_SYSTEMATIC: SR1E2Mu/BtagSF_HFuncorr_Up/NMinusOne/njet_ge2/n_jets in Skim_TriLep_WWG.root
2026-08-19 10:23:41,891 - INFO - [2016preVFP] MISSING_SYSTEMATIC: SR1E2Mu/BtagSF_HFuncorr_Down/NMinusOne/njet_ge2/n_jets in Skim_TriLep_WWG.root
2026-08-19 10:23:41,892 - INFO - [2016preVFP] MISSING_SYSTEMATIC: SR1E2Mu/BtagSF_LFcorr_Up/NMinusOne/njet_ge2/n_jets in Skim_TriLep_WWG.root
2026-08-19 10:23:41,892 - INFO - [2016preVFP] MISSING_SYSTEMATIC: SR1E2Mu/BtagSF_LFcorr_Down/NMinusOne/njet_ge2/n_jets in Skim_TriLep_WWG.root
2026-08-19 10:23:41,893 - INFO - [2016preVFP] MISSING_SYSTEMATIC: SR1E2Mu/BtagSF_LFuncorr_Up/NMinusOne/njet_ge2/n_jets in Skim_TriLep_WWG.root
2026-08-19 10:23:41,893 - INFO - [2016preVFP] MISSING_SYSTEMATIC: SR1E2Mu/BtagSF_LFuncorr_Down/NMinusOne/njet_ge2/n_jets in Skim_TriLep_WWG.root
2026-08-19 10:23:41,895 - INFO - [2016preVFP] MISSING_SYSTEMATIC: SR1E2Mu/L1Prefire_Up/NMinusOne/njet_ge2/n_jets in Skim_TriLep_TTWToLNu.root
2026-08-19 10:23:41,895 - INFO - [2016preVFP] MISSING_SYSTEMATIC: SR1E2Mu/L1Prefire_Down/NMinusOne/njet_ge2/n_jets in Skim_TriLep_TTWToLNu.root
2026-08-19 10:23:41,896 - INFO - [2016preVFP] MISSING_SYSTEMATIC: SR1E2Mu/PileupReweight_Up/NMinusOne/njet_ge2/n_jets in Skim_TriLep_TTWToLNu.root
2026-08-19 10:23:41,896 - INFO - [2016preVFP] MISSING_SYSTEMATIC: SR1E2Mu/PileupReweight_Down/NMinusOne/njet_ge2/n_jets in Skim_TriLep_TTWToLNu.root
2026-08-19 10:23:41,896 - INFO - [2016preVFP] MISSING_SYSTEMATIC: SR1E2Mu/PileupJetIDSF_Up/NMinusOne/njet_ge2/n_jets in Skim_TriLep_TTWToLNu.root
2026-08-19 10:23:41,896 - INFO - [2016preVFP] MISSING_SYSTEMATIC: SR1E2Mu/PileupJetIDSF_Down/NMinusOne/njet_ge2/n_jets in Skim_TriLep_TTWToLNu.root
2026-08-19 10:23:41,897 - INFO - [2016preVFP] MISSING_SYSTEMATIC: SR1E2Mu/MuonIDSF_Up/NMinusOne/njet_ge2/n_jets in Skim_TriLep_TTWToLNu.root
2026-08-19 10:23:41,897 - INFO - [2016preVFP] MISSING_SYSTEMATIC: SR1E2Mu/MuonIDSF_Down/NMinusOne/njet_ge2/n_jets in Skim_TriLep_TTWToLNu.root
2026-08-19 10:23:41,897 - INFO - [2016preVFP] MISSING_SYSTEMATIC: SR1E2Mu/ElectronRecoSF_Up/NMinusOne/njet_ge2/n_jets in Skim_TriLep_TTWToLNu.root
2026-08-19 10:23:41,897 - INFO - [2016preVFP] MISSING_SYSTEMATIC: SR1E2Mu/ElectronRecoSF_Down/NMinusOne/njet_ge2/n_jets in Skim_TriLep_TTWToLNu.root
2026-08-19 10:23:41,898 - INFO - [2016preVFP] MISSING_SYSTEMATIC: SR1E2Mu/ElectronIDSF_Up/NMinusOne/njet_ge2/n_jets in Skim_TriLep_TTWToLNu.root
2026-08-19 10:23:41,898 - INFO - [2016preVFP] MISSING_SYSTEMATIC: SR1E2Mu/ElectronIDSF_Down/NMinusOne/njet_ge2/n_jets in Skim_TriLep_TTWToLNu.root
2026-08-19 10:23:41,899 - INFO - [2016preVFP] MISSING_SYSTEMATIC: SR1E2Mu/EMuTrigSF_Up/NMinusOne/njet_ge2/n_jets in Skim_TriLep_TTWToLNu.root
2026-08-19 10:23:41,899 - INFO - [2016preVFP] MISSING_SYSTEMATIC: SR1E2Mu/EMuTrigSF_Down/NMinusOne/njet_ge2/n_jets in Skim_TriLep_TTWToLNu.root
2026-08-19 10:23:41,899 - INFO - [2016preVFP] MISSING_SYSTEMATIC: SR1E2Mu/JetEn_Up/NMinusOne/njet_ge2/n_jets in Skim_TriLep_TTWToLNu.root
2026-08-19 10:23:41,899 - INFO - [2016preVFP] MISSING_SYSTEMATIC: SR1E2Mu/JetEn_Down/NMinusOne/njet_ge2/n_jets in Skim_TriLep_TTWToLNu.root
2026-08-19 10:23:41,900 - INFO - [2016preVFP] MISSING_SYSTEMATIC: SR1E2Mu/JetRes_Up/NMinusOne/njet_ge2/n_jets in Skim_TriLep_TTWToLNu.root
2026-08-19 10:23:41,900 - INFO - [2016preVFP] MISSING_SYSTEMATIC: SR1E2Mu/JetRes_Down/NMinusOne/njet_ge2/n_jets in Skim_TriLep_TTWToLNu.root
2026-08-19 10:23:41,901 - INFO - [2016preVFP] MISSING_SYSTEMATIC: SR1E2Mu/MuonEn_Up/NMinusOne/njet_ge2/n_jets in Skim_TriLep_TTWToLNu.root
2026-08-19 10:23:41,901 - INFO - [2016preVFP] MISSING_SYSTEMATIC: SR1E2Mu/MuonEn_Down/NMinusOne/njet_ge2/n_jets in Skim_TriLep_TTWToLNu.root
2026-08-19 10:23:41,901 - INFO - [2016preVFP] MISSING_SYSTEMATIC: SR1E2Mu/ElectronEn_Up/NMinusOne/njet_ge2/n_jets in Skim_TriLep_TTWToLNu.root
2026-08-19 10:23:41,901 - INFO - [2016preVFP] MISSING_SYSTEMATIC: SR1E2Mu/ElectronEn_Down/NMinusOne/njet_ge2/n_jets in Skim_TriLep_TTWToLNu.root
2026-08-19 10:23:41,902 - INFO - [2016preVFP] MISSING_SYSTEMATIC: SR1E2Mu/ElectronRes_Up/NMinusOne/njet_ge2/n_jets in Skim_TriLep_TTWToLNu.root
2026-08-19 10:23:41,902 - INFO - [2016preVFP] MISSING_SYSTEMATIC: SR1E2Mu/ElectronRes_Down/NMinusOne/njet_ge2/n_jets in Skim_TriLep_TTWToLNu.root
2026-08-19 10:23:41,903 - INFO - [2016preVFP] MISSING_SYSTEMATIC: SR1E2Mu/UnclusteredEn_Up/NMinusOne/njet_ge2/n_jets in Skim_TriLep_TTWToLNu.root
2026-08-19 10:23:41,903 - INFO - [2016preVFP] MISSING_SYSTEMATIC: SR1E2Mu/UnclusteredEn_Down/NMinusOne/njet_ge2/n_jets in Skim_TriLep_TTWToLNu.root
2026-08-19 10:23:41,903 - INFO - [2016preVFP] MISSING_SYSTEMATIC: SR1E2Mu/BtagSF_HFcorr_Up/NMinusOne/njet_ge2/n_jets in Skim_TriLep_TTWToLNu.root
2026-08-19 10:23:41,903 - INFO - [2016preVFP] MISSING_SYSTEMATIC: SR1E2Mu/BtagSF_HFcorr_Down/NMinusOne/njet_ge2/n_jets in Skim_TriLep_TTWToLNu.root
2026-08-19 10:23:41,904 - INFO - [2016preVFP] MISSING_SYSTEMATIC: SR1E2Mu/BtagSF_HFuncorr_Up/NMinusOne/njet_ge2/n_jets in Skim_TriLep_TTWToLNu.root
2026-08-19 10:23:41,904 - INFO - [2016preVFP] MISSING_SYSTEMATIC: SR1E2Mu/BtagSF_HFuncorr_Down/NMinusOne/njet_ge2/n_jets in Skim_TriLep_TTWToLNu.root
2026-08-19 10:23:41,905 - INFO - [2016preVFP] MISSING_SYSTEMATIC: SR1E2Mu/BtagSF_LFcorr_Up/NMinusOne/njet_ge2/n_jets in Skim_TriLep_TTWToLNu.root
2026-08-19 10:23:41,905 - INFO - [2016preVFP] MISSING_SYSTEMATIC: SR1E2Mu/BtagSF_LFcorr_Down/NMinusOne/njet_ge2/n_jets in Skim_TriLep_TTWToLNu.root
2026-08-19 10:23:41,905 - INFO - [2016preVFP] MISSING_SYSTEMATIC: SR1E2Mu/BtagSF_LFuncorr_Up/NMinusOne/njet_ge2/n_jets in Skim_TriLep_TTWToLNu.root
2026-08-19 10:23:41,905 - INFO - [2016preVFP] MISSING_SYSTEMATIC: SR1E2Mu/BtagSF_LFuncorr_Down/NMinusOne/njet_ge2/n_jets in Skim_TriLep_TTWToLNu.root
2026-08-19 10:23:41,985 - INFO - [2016preVFP] MISSING_SYSTEMATIC: SR1E2Mu/L1Prefire_Up/NMinusOne/njet_ge2/n_jets in Skim_TriLep_TTZToLLNuNu.root
2026-08-19 10:23:41,985 - INFO - [2016preVFP] MISSING_SYSTEMATIC: SR1E2Mu/L1Prefire_Down/NMinusOne/njet_ge2/n_jets in Skim_TriLep_TTZToLLNuNu.root
2026-08-19 10:23:41,986 - INFO - [2016preVFP] MISSING_SYSTEMATIC: SR1E2Mu/PileupReweight_Up/NMinusOne/njet_ge2/n_jets in Skim_TriLep_TTZToLLNuNu.root
2026-08-19 10:23:41,986 - INFO - [2016preVFP] MISSING_SYSTEMATIC: SR1E2Mu/PileupReweight_Down/NMinusOne/njet_ge2/n_jets in Skim_TriLep_TTZToLLNuNu.root
2026-08-19 10:23:41,987 - INFO - [2016preVFP] MISSING_SYSTEMATIC: SR1E2Mu/PileupJetIDSF_Up/NMinusOne/njet_ge2/n_jets in Skim_TriLep_TTZToLLNuNu.root
2026-08-19 10:23:41,987 - INFO - [2016preVFP] MISSING_SYSTEMATIC: SR1E2Mu/PileupJetIDSF_Down/NMinusOne/njet_ge2/n_jets in Skim_TriLep_TTZToLLNuNu.root
2026-08-19 10:23:41,988 - INFO - [2016preVFP] MISSING_SYSTEMATIC: SR1E2Mu/MuonIDSF_Up/NMinusOne/njet_ge2/n_jets in Skim_TriLep_TTZToLLNuNu.root
2026-08-19 10:23:41,988 - INFO - [2016preVFP] MISSING_SYSTEMATIC: SR1E2Mu/MuonIDSF_Down/NMinusOne/njet_ge2/n_jets in Skim_TriLep_TTZToLLNuNu.root
2026-08-19 10:23:41,989 - INFO - [2016preVFP] MISSING_SYSTEMATIC: SR1E2Mu/ElectronRecoSF_Up/NMinusOne/njet_ge2/n_jets in Skim_TriLep_TTZToLLNuNu.root
2026-08-19 10:23:41,989 - INFO - [2016preVFP] MISSING_SYSTEMATIC: SR1E2Mu/ElectronRecoSF_Down/NMinusOne/njet_ge2/n_jets in Skim_TriLep_TTZToLLNuNu.root
2026-08-19 10:23:41,990 - INFO - [2016preVFP] MISSING_SYSTEMATIC: SR1E2Mu/ElectronIDSF_Up/NMinusOne/njet_ge2/n_jets in Skim_TriLep_TTZToLLNuNu.root
2026-08-19 10:23:41,990 - INFO - [2016preVFP] MISSING_SYSTEMATIC: SR1E2Mu/ElectronIDSF_Down/NMinusOne/njet_ge2/n_jets in Skim_TriLep_TTZToLLNuNu.root
2026-08-19 10:23:41,991 - INFO - [2016preVFP] MISSING_SYSTEMATIC: SR1E2Mu/EMuTrigSF_Up/NMinusOne/njet_ge2/n_jets in Skim_TriLep_TTZToLLNuNu.root
2026-08-19 10:23:41,991 - INFO - [2016preVFP] MISSING_SYSTEMATIC: SR1E2Mu/EMuTrigSF_Down/NMinusOne/njet_ge2/n_jets in Skim_TriLep_TTZToLLNuNu.root
2026-08-19 10:23:41,992 - INFO - [2016preVFP] MISSING_SYSTEMATIC: SR1E2Mu/JetEn_Up/NMinusOne/njet_ge2/n_jets in Skim_TriLep_TTZToLLNuNu.root
2026-08-19 10:23:41,992 - INFO - [2016preVFP] MISSING_SYSTEMATIC: SR1E2Mu/JetEn_Down/NMinusOne/njet_ge2/n_jets in Skim_TriLep_TTZToLLNuNu.root
2026-08-19 10:23:41,993 - INFO - [2016preVFP] MISSING_SYSTEMATIC: SR1E2Mu/JetRes_Up/NMinusOne/njet_ge2/n_jets in Skim_TriLep_TTZToLLNuNu.root
2026-08-19 10:23:41,993 - INFO - [2016preVFP] MISSING_SYSTEMATIC: SR1E2Mu/JetRes_Down/NMinusOne/njet_ge2/n_jets in Skim_TriLep_TTZToLLNuNu.root
2026-08-19 10:23:41,994 - INFO - [2016preVFP] MISSING_SYSTEMATIC: SR1E2Mu/MuonEn_Up/NMinusOne/njet_ge2/n_jets in Skim_TriLep_TTZToLLNuNu.root
2026-08-19 10:23:41,994 - INFO - [2016preVFP] MISSING_SYSTEMATIC: SR1E2Mu/MuonEn_Down/NMinusOne/njet_ge2/n_jets in Skim_TriLep_TTZToLLNuNu.root
2026-08-19 10:23:41,995 - INFO - [2016preVFP] MISSING_SYSTEMATIC: SR1E2Mu/ElectronEn_Up/NMinusOne/njet_ge2/n_jets in Skim_TriLep_TTZToLLNuNu.root
2026-08-19 10:23:41,995 - INFO - [2016preVFP] MISSING_SYSTEMATIC: SR1E2Mu/ElectronEn_Down/NMinusOne/njet_ge2/n_jets in Skim_TriLep_TTZToLLNuNu.root
2026-08-19 10:23:41,996 - INFO - [2016preVFP] MISSING_SYSTEMATIC: SR1E2Mu/ElectronRes_Up/NMinusOne/njet_ge2/n_jets in Skim_TriLep_TTZToLLNuNu.root
2026-08-19 10:23:41,996 - INFO - [2016preVFP] MISSING_SYSTEMATIC: SR1E2Mu/ElectronRes_Down/NMinusOne/njet_ge2/n_jets in Skim_TriLep_TTZToLLNuNu.root
2026-08-19 10:23:41,996 - INFO - [2016preVFP] MISSING_SYSTEMATIC: SR1E2Mu/UnclusteredEn_Up/NMinusOne/njet_ge2/n_jets in Skim_TriLep_TTZToLLNuNu.root
2026-08-19 10:23:41,997 - INFO - [2016preVFP] MISSING_SYSTEMATIC: SR1E2Mu/UnclusteredEn_Down/NMinusOne/njet_ge2/n_jets in Skim_TriLep_TTZToLLNuNu.root
2026-08-19 10:23:41,997 - INFO - [2016preVFP] MISSING_SYSTEMATIC: SR1E2Mu/BtagSF_HFcorr_Up/NMinusOne/njet_ge2/n_jets in Skim_TriLep_TTZToLLNuNu.root
2026-08-19 10:23:41,997 - INFO - [2016preVFP] MISSING_SYSTEMATIC: SR1E2Mu/BtagSF_HFcorr_Down/NMinusOne/njet_ge2/n_jets in Skim_TriLep_TTZToLLNuNu.root
2026-08-19 10:23:41,998 - INFO - [2016preVFP] MISSING_SYSTEMATIC: SR1E2Mu/BtagSF_HFuncorr_Up/NMinusOne/njet_ge2/n_jets in Skim_TriLep_TTZToLLNuNu.root
2026-08-19 10:23:41,998 - INFO - [2016preVFP] MISSING_SYSTEMATIC: SR1E2Mu/BtagSF_HFuncorr_Down/NMinusOne/njet_ge2/n_jets in Skim_TriLep_TTZToLLNuNu.root
2026-08-19 10:23:41,999 - INFO - [2016preVFP] MISSING_SYSTEMATIC: SR1E2Mu/BtagSF_LFcorr_Up/NMinusOne/njet_ge2/n_jets in Skim_TriLep_TTZToLLNuNu.root
2026-08-19 10:23:41,999 - INFO - [2016preVFP] MISSING_SYSTEMATIC: SR1E2Mu/BtagSF_LFcorr_Down/NMinusOne/njet_ge2/n_jets in Skim_TriLep_TTZToLLNuNu.root
2026-08-19 10:23:42,000 - INFO - [2016preVFP] MISSING_SYSTEMATIC: SR1E2Mu/BtagSF_LFuncorr_Up/NMinusOne/njet_ge2/n_jets in Skim_TriLep_TTZToLLNuNu.root
2026-08-19 10:23:42,000 - INFO - [2016preVFP] MISSING_SYSTEMATIC: SR1E2Mu/BtagSF_LFuncorr_Down/NMinusOne/njet_ge2/n_jets in Skim_TriLep_TTZToLLNuNu.root
2026-08-19 10:23:42,002 - INFO - [2016preVFP] MISSING_SYSTEMATIC: SR1E2Mu/L1Prefire_Up/NMinusOne/njet_ge2/n_jets in Skim_TriLep_TTHToNonbb.root
2026-08-19 10:23:42,002 - INFO - [2016preVFP] MISSING_SYSTEMATIC: SR1E2Mu/L1Prefire_Down/NMinusOne/njet_ge2/n_jets in Skim_TriLep_TTHToNonbb.root
2026-08-19 10:23:42,003 - INFO - [2016preVFP] MISSING_SYSTEMATIC: SR1E2Mu/PileupReweight_Up/NMinusOne/njet_ge2/n_jets in Skim_TriLep_TTHToNonbb.root
2026-08-19 10:23:42,003 - INFO - [2016preVFP] MISSING_SYSTEMATIC: SR1E2Mu/PileupReweight_Down/NMinusOne/njet_ge2/n_jets in Skim_TriLep_TTHToNonbb.root
2026-08-19 10:23:42,004 - INFO - [2016preVFP] MISSING_SYSTEMATIC: SR1E2Mu/PileupJetIDSF_Up/NMinusOne/njet_ge2/n_jets in Skim_TriLep_TTHToNonbb.root
2026-08-19 10:23:42,004 - INFO - [2016preVFP] MISSING_SYSTEMATIC: SR1E2Mu/PileupJetIDSF_Down/NMinusOne/njet_ge2/n_jets in Skim_TriLep_TTHToNonbb.root
2026-08-19 10:23:42,005 - INFO - [2016preVFP] MISSING_SYSTEMATIC: SR1E2Mu/MuonIDSF_Up/NMinusOne/njet_ge2/n_jets in Skim_TriLep_TTHToNonbb.root
2026-08-19 10:23:42,005 - INFO - [2016preVFP] MISSING_SYSTEMATIC: SR1E2Mu/MuonIDSF_Down/NMinusOne/njet_ge2/n_jets in Skim_TriLep_TTHToNonbb.root
2026-08-19 10:23:42,006 - INFO - [2016preVFP] MISSING_SYSTEMATIC: SR1E2Mu/ElectronRecoSF_Up/NMinusOne/njet_ge2/n_jets in Skim_TriLep_TTHToNonbb.root
2026-08-19 10:23:42,006 - INFO - [2016preVFP] MISSING_SYSTEMATIC: SR1E2Mu/ElectronRecoSF_Down/NMinusOne/njet_ge2/n_jets in Skim_TriLep_TTHToNonbb.root
2026-08-19 10:23:42,007 - INFO - [2016preVFP] MISSING_SYSTEMATIC: SR1E2Mu/ElectronIDSF_Up/NMinusOne/njet_ge2/n_jets in Skim_TriLep_TTHToNonbb.root
2026-08-19 10:23:42,007 - INFO - [2016preVFP] MISSING_SYSTEMATIC: SR1E2Mu/ElectronIDSF_Down/NMinusOne/njet_ge2/n_jets in Skim_TriLep_TTHToNonbb.root
2026-08-19 10:23:42,008 - INFO - [2016preVFP] MISSING_SYSTEMATIC: SR1E2Mu/EMuTrigSF_Up/NMinusOne/njet_ge2/n_jets in Skim_TriLep_TTHToNonbb.root
2026-08-19 10:23:42,008 - INFO - [2016preVFP] MISSING_SYSTEMATIC: SR1E2Mu/EMuTrigSF_Down/NMinusOne/njet_ge2/n_jets in Skim_TriLep_TTHToNonbb.root
2026-08-19 10:23:42,008 - INFO - [2016preVFP] MISSING_SYSTEMATIC: SR1E2Mu/JetEn_Up/NMinusOne/njet_ge2/n_jets in Skim_TriLep_TTHToNonbb.root
2026-08-19 10:23:42,009 - INFO - [2016preVFP] MISSING_SYSTEMATIC: SR1E2Mu/JetEn_Down/NMinusOne/njet_ge2/n_jets in Skim_TriLep_TTHToNonbb.root
2026-08-19 10:23:42,009 - INFO - [2016preVFP] MISSING_SYSTEMATIC: SR1E2Mu/JetRes_Up/NMinusOne/njet_ge2/n_jets in Skim_TriLep_TTHToNonbb.root
2026-08-19 10:23:42,009 - INFO - [2016preVFP] MISSING_SYSTEMATIC: SR1E2Mu/JetRes_Down/NMinusOne/njet_ge2/n_jets in Skim_TriLep_TTHToNonbb.root
2026-08-19 10:23:42,010 - INFO - [2016preVFP] MISSING_SYSTEMATIC: SR1E2Mu/MuonEn_Up/NMinusOne/njet_ge2/n_jets in Skim_TriLep_TTHToNonbb.root
2026-08-19 10:23:42,010 - INFO - [2016preVFP] MISSING_SYSTEMATIC: SR1E2Mu/MuonEn_Down/NMinusOne/njet_ge2/n_jets in Skim_TriLep_TTHToNonbb.root
2026-08-19 10:23:42,011 - INFO - [2016preVFP] MISSING_SYSTEMATIC: SR1E2Mu/ElectronEn_Up/NMinusOne/njet_ge2/n_jets in Skim_TriLep_TTHToNonbb.root
2026-08-19 10:23:42,011 - INFO - [2016preVFP] MISSING_SYSTEMATIC: SR1E2Mu/ElectronEn_Down/NMinusOne/njet_ge2/n_jets in Skim_TriLep_TTHToNonbb.root
2026-08-19 10:23:42,012 - INFO - [2016preVFP] MISSING_SYSTEMATIC: SR1E2Mu/ElectronRes_Up/NMinusOne/njet_ge2/n_jets in Skim_TriLep_TTHToNonbb.root
2026-08-19 10:23:42,012 - INFO - [2016preVFP] MISSING_SYSTEMATIC: SR1E2Mu/ElectronRes_Down/NMinusOne/njet_ge2/n_jets in Skim_TriLep_TTHToNonbb.root
2026-08-19 10:23:42,013 - INFO - [2016preVFP] MISSING_SYSTEMATIC: SR1E2Mu/UnclusteredEn_Up/NMinusOne/njet_ge2/n_jets in Skim_TriLep_TTHToNonbb.root
2026-08-19 10:23:42,013 - INFO - [2016preVFP] MISSING_SYSTEMATIC: SR1E2Mu/UnclusteredEn_Down/NMinusOne/njet_ge2/n_jets in Skim_TriLep_TTHToNonbb.root
2026-08-19 10:23:42,014 - INFO - [2016preVFP] MISSING_SYSTEMATIC: SR1E2Mu/BtagSF_HFcorr_Up/NMinusOne/njet_ge2/n_jets in Skim_TriLep_TTHToNonbb.root
2026-08-19 10:23:42,014 - INFO - [2016preVFP] MISSING_SYSTEMATIC: SR1E2Mu/BtagSF_HFcorr_Down/NMinusOne/njet_ge2/n_jets in Skim_TriLep_TTHToNonbb.root
2026-08-19 10:23:42,015 - INFO - [2016preVFP] MISSING_SYSTEMATIC: SR1E2Mu/BtagSF_HFuncorr_Up/NMinusOne/njet_ge2/n_jets in Skim_TriLep_TTHToNonbb.root
2026-08-19 10:23:42,015 - INFO - [2016preVFP] MISSING_SYSTEMATIC: SR1E2Mu/BtagSF_HFuncorr_Down/NMinusOne/njet_ge2/n_jets in Skim_TriLep_TTHToNonbb.root
2026-08-19 10:23:42,016 - INFO - [2016preVFP] MISSING_SYSTEMATIC: SR1E2Mu/BtagSF_LFcorr_Up/NMinusOne/njet_ge2/n_jets in Skim_TriLep_TTHToNonbb.root
2026-08-19 10:23:42,016 - INFO - [2016preVFP] MISSING_SYSTEMATIC: SR1E2Mu/BtagSF_LFcorr_Down/NMinusOne/njet_ge2/n_jets in Skim_TriLep_TTHToNonbb.root
2026-08-19 10:23:42,017 - INFO - [2016preVFP] MISSING_SYSTEMATIC: SR1E2Mu/BtagSF_LFuncorr_Up/NMinusOne/njet_ge2/n_jets in Skim_TriLep_TTHToNonbb.root
2026-08-19 10:23:42,017 - INFO - [2016preVFP] MISSING_SYSTEMATIC: SR1E2Mu/BtagSF_LFuncorr_Down/NMinusOne/njet_ge2/n_jets in Skim_TriLep_TTHToNonbb.root
2026-08-19 10:23:42,018 - INFO - [2016preVFP] MISSING_SYSTEMATIC: SR1E2Mu/L1Prefire_Up/NMinusOne/njet_ge2/n_jets in Skim_TriLep_tZq.root
2026-08-19 10:23:42,019 - INFO - [2016preVFP] MISSING_SYSTEMATIC: SR1E2Mu/L1Prefire_Down/NMinusOne/njet_ge2/n_jets in Skim_TriLep_tZq.root
2026-08-19 10:23:42,019 - INFO - [2016preVFP] MISSING_SYSTEMATIC: SR1E2Mu/PileupReweight_Up/NMinusOne/njet_ge2/n_jets in Skim_TriLep_tZq.root
2026-08-19 10:23:42,019 - INFO - [2016preVFP] MISSING_SYSTEMATIC: SR1E2Mu/PileupReweight_Down/NMinusOne/njet_ge2/n_jets in Skim_TriLep_tZq.root
2026-08-19 10:23:42,020 - INFO - [2016preVFP] MISSING_SYSTEMATIC: SR1E2Mu/PileupJetIDSF_Up/NMinusOne/njet_ge2/n_jets in Skim_TriLep_tZq.root
2026-08-19 10:23:42,020 - INFO - [2016preVFP] MISSING_SYSTEMATIC: SR1E2Mu/PileupJetIDSF_Down/NMinusOne/njet_ge2/n_jets in Skim_TriLep_tZq.root
2026-08-19 10:23:42,021 - INFO - [2016preVFP] MISSING_SYSTEMATIC: SR1E2Mu/MuonIDSF_Up/NMinusOne/njet_ge2/n_jets in Skim_TriLep_tZq.root
2026-08-19 10:23:42,021 - INFO - [2016preVFP] MISSING_SYSTEMATIC: SR1E2Mu/MuonIDSF_Down/NMinusOne/njet_ge2/n_jets in Skim_TriLep_tZq.root
2026-08-19 10:23:42,022 - INFO - [2016preVFP] MISSING_SYSTEMATIC: SR1E2Mu/ElectronRecoSF_Up/NMinusOne/njet_ge2/n_jets in Skim_TriLep_tZq.root
2026-08-19 10:23:42,022 - INFO - [2016preVFP] MISSING_SYSTEMATIC: SR1E2Mu/ElectronRecoSF_Down/NMinusOne/njet_ge2/n_jets in Skim_TriLep_tZq.root
2026-08-19 10:23:42,023 - INFO - [2016preVFP] MISSING_SYSTEMATIC: SR1E2Mu/ElectronIDSF_Up/NMinusOne/njet_ge2/n_jets in Skim_TriLep_tZq.root
2026-08-19 10:23:42,023 - INFO - [2016preVFP] MISSING_SYSTEMATIC: SR1E2Mu/ElectronIDSF_Down/NMinusOne/njet_ge2/n_jets in Skim_TriLep_tZq.root
2026-08-19 10:23:42,024 - INFO - [2016preVFP] MISSING_SYSTEMATIC: SR1E2Mu/EMuTrigSF_Up/NMinusOne/njet_ge2/n_jets in Skim_TriLep_tZq.root
2026-08-19 10:23:42,024 - INFO - [2016preVFP] MISSING_SYSTEMATIC: SR1E2Mu/EMuTrigSF_Down/NMinusOne/njet_ge2/n_jets in Skim_TriLep_tZq.root
2026-08-19 10:23:42,025 - INFO - [2016preVFP] MISSING_SYSTEMATIC: SR1E2Mu/JetEn_Up/NMinusOne/njet_ge2/n_jets in Skim_TriLep_tZq.root
2026-08-19 10:23:42,025 - INFO - [2016preVFP] MISSING_SYSTEMATIC: SR1E2Mu/JetEn_Down/NMinusOne/njet_ge2/n_jets in Skim_TriLep_tZq.root
2026-08-19 10:23:42,026 - INFO - [2016preVFP] MISSING_SYSTEMATIC: SR1E2Mu/JetRes_Up/NMinusOne/njet_ge2/n_jets in Skim_TriLep_tZq.root
2026-08-19 10:23:42,026 - INFO - [2016preVFP] MISSING_SYSTEMATIC: SR1E2Mu/JetRes_Down/NMinusOne/njet_ge2/n_jets in Skim_TriLep_tZq.root
2026-08-19 10:23:42,027 - INFO - [2016preVFP] MISSING_SYSTEMATIC: SR1E2Mu/MuonEn_Up/NMinusOne/njet_ge2/n_jets in Skim_TriLep_tZq.root
2026-08-19 10:23:42,027 - INFO - [2016preVFP] MISSING_SYSTEMATIC: SR1E2Mu/MuonEn_Down/NMinusOne/njet_ge2/n_jets in Skim_TriLep_tZq.root
2026-08-19 10:23:42,028 - INFO - [2016preVFP] MISSING_SYSTEMATIC: SR1E2Mu/ElectronEn_Up/NMinusOne/njet_ge2/n_jets in Skim_TriLep_tZq.root
2026-08-19 10:23:42,028 - INFO - [2016preVFP] MISSING_SYSTEMATIC: SR1E2Mu/ElectronEn_Down/NMinusOne/njet_ge2/n_jets in Skim_TriLep_tZq.root
2026-08-19 10:23:42,029 - INFO - [2016preVFP] MISSING_SYSTEMATIC: SR1E2Mu/ElectronRes_Up/NMinusOne/njet_ge2/n_jets in Skim_TriLep_tZq.root
2026-08-19 10:23:42,029 - INFO - [2016preVFP] MISSING_SYSTEMATIC: SR1E2Mu/ElectronRes_Down/NMinusOne/njet_ge2/n_jets in Skim_TriLep_tZq.root
2026-08-19 10:23:42,029 - INFO - [2016preVFP] MISSING_SYSTEMATIC: SR1E2Mu/UnclusteredEn_Up/NMinusOne/njet_ge2/n_jets in Skim_TriLep_tZq.root
2026-08-19 10:23:42,029 - INFO - [2016preVFP] MISSING_SYSTEMATIC: SR1E2Mu/UnclusteredEn_Down/NMinusOne/njet_ge2/n_jets in Skim_TriLep_tZq.root
2026-08-19 10:23:42,030 - INFO - [2016preVFP] MISSING_SYSTEMATIC: SR1E2Mu/BtagSF_HFcorr_Up/NMinusOne/njet_ge2/n_jets in Skim_TriLep_tZq.root
2026-08-19 10:23:42,030 - INFO - [2016preVFP] MISSING_SYSTEMATIC: SR1E2Mu/BtagSF_HFcorr_Down/NMinusOne/njet_ge2/n_jets in Skim_TriLep_tZq.root
2026-08-19 10:23:42,031 - INFO - [2016preVFP] MISSING_SYSTEMATIC: SR1E2Mu/BtagSF_HFuncorr_Up/NMinusOne/njet_ge2/n_jets in Skim_TriLep_tZq.root
2026-08-19 10:23:42,031 - INFO - [2016preVFP] MISSING_SYSTEMATIC: SR1E2Mu/BtagSF_HFuncorr_Down/NMinusOne/njet_ge2/n_jets in Skim_TriLep_tZq.root
2026-08-19 10:23:42,031 - INFO - [2016preVFP] MISSING_SYSTEMATIC: SR1E2Mu/BtagSF_LFcorr_Up/NMinusOne/njet_ge2/n_jets in Skim_TriLep_tZq.root
2026-08-19 10:23:42,031 - INFO - [2016preVFP] MISSING_SYSTEMATIC: SR1E2Mu/BtagSF_LFcorr_Down/NMinusOne/njet_ge2/n_jets in Skim_TriLep_tZq.root
2026-08-19 10:23:42,032 - INFO - [2016preVFP] MISSING_SYSTEMATIC: SR1E2Mu/BtagSF_LFuncorr_Up/NMinusOne/njet_ge2/n_jets in Skim_TriLep_tZq.root
2026-08-19 10:23:42,032 - INFO - [2016preVFP] MISSING_SYSTEMATIC: SR1E2Mu/BtagSF_LFuncorr_Down/NMinusOne/njet_ge2/n_jets in Skim_TriLep_tZq.root
2026-08-19 10:23:42,033 - INFO - [2016preVFP] MISSING_SYSTEMATIC: SR1E2Mu/L1Prefire_Up/NMinusOne/njet_ge2/n_jets in Skim_TriLep_WZTo3LNu_amcatnlo.root
2026-08-19 10:23:42,033 - INFO - [2016preVFP] MISSING_SYSTEMATIC: SR1E2Mu/L1Prefire_Down/NMinusOne/njet_ge2/n_jets in Skim_TriLep_WZTo3LNu_amcatnlo.root
2026-08-19 10:23:42,033 - INFO - [2016preVFP] MISSING_SYSTEMATIC: SR1E2Mu/PileupReweight_Up/NMinusOne/njet_ge2/n_jets in Skim_TriLep_WZTo3LNu_amcatnlo.root
2026-08-19 10:23:42,033 - INFO - [2016preVFP] MISSING_SYSTEMATIC: SR1E2Mu/PileupReweight_Down/NMinusOne/njet_ge2/n_jets in Skim_TriLep_WZTo3LNu_amcatnlo.root
2026-08-19 10:23:42,034 - INFO - [2016preVFP] MISSING_SYSTEMATIC: SR1E2Mu/PileupJetIDSF_Up/NMinusOne/njet_ge2/n_jets in Skim_TriLep_WZTo3LNu_amcatnlo.root
2026-08-19 10:23:42,034 - INFO - [2016preVFP] MISSING_SYSTEMATIC: SR1E2Mu/PileupJetIDSF_Down/NMinusOne/njet_ge2/n_jets in Skim_TriLep_WZTo3LNu_amcatnlo.root
2026-08-19 10:23:42,035 - INFO - [2016preVFP] MISSING_SYSTEMATIC: SR1E2Mu/MuonIDSF_Up/NMinusOne/njet_ge2/n_jets in Skim_TriLep_WZTo3LNu_amcatnlo.root
2026-08-19 10:23:42,035 - INFO - [2016preVFP] MISSING_SYSTEMATIC: SR1E2Mu/MuonIDSF_Down/NMinusOne/njet_ge2/n_jets in Skim_TriLep_WZTo3LNu_amcatnlo.root
2026-08-19 10:23:42,035 - INFO - [2016preVFP] MISSING_SYSTEMATIC: SR1E2Mu/ElectronRecoSF_Up/NMinusOne/njet_ge2/n_jets in Skim_TriLep_WZTo3LNu_amcatnlo.root
2026-08-19 10:23:42,035 - INFO - [2016preVFP] MISSING_SYSTEMATIC: SR1E2Mu/ElectronRecoSF_Down/NMinusOne/njet_ge2/n_jets in Skim_TriLep_WZTo3LNu_amcatnlo.root
2026-08-19 10:23:42,036 - INFO - [2016preVFP] MISSING_SYSTEMATIC: SR1E2Mu/ElectronIDSF_Up/NMinusOne/njet_ge2/n_jets in Skim_TriLep_WZTo3LNu_amcatnlo.root
2026-08-19 10:23:42,036 - INFO - [2016preVFP] MISSING_SYSTEMATIC: SR1E2Mu/ElectronIDSF_Down/NMinusOne/njet_ge2/n_jets in Skim_TriLep_WZTo3LNu_amcatnlo.root
2026-08-19 10:23:42,037 - INFO - [2016preVFP] MISSING_SYSTEMATIC: SR1E2Mu/EMuTrigSF_Up/NMinusOne/njet_ge2/n_jets in Skim_TriLep_WZTo3LNu_amcatnlo.root
2026-08-19 10:23:42,037 - INFO - [2016preVFP] MISSING_SYSTEMATIC: SR1E2Mu/EMuTrigSF_Down/NMinusOne/njet_ge2/n_jets in Skim_TriLep_WZTo3LNu_amcatnlo.root
2026-08-19 10:23:42,037 - INFO - [2016preVFP] MISSING_SYSTEMATIC: SR1E2Mu/JetEn_Up/NMinusOne/njet_ge2/n_jets in Skim_TriLep_WZTo3LNu_amcatnlo.root
2026-08-19 10:23:42,037 - INFO - [2016preVFP] MISSING_SYSTEMATIC: SR1E2Mu/JetEn_Down/NMinusOne/njet_ge2/n_jets in Skim_TriLep_WZTo3LNu_amcatnlo.root
2026-08-19 10:23:42,038 - INFO - [2016preVFP] MISSING_SYSTEMATIC: SR1E2Mu/JetRes_Up/NMinusOne/njet_ge2/n_jets in Skim_TriLep_WZTo3LNu_amcatnlo.root
2026-08-19 10:23:42,038 - INFO - [2016preVFP] MISSING_SYSTEMATIC: SR1E2Mu/JetRes_Down/NMinusOne/njet_ge2/n_jets in Skim_TriLep_WZTo3LNu_amcatnlo.root
2026-08-19 10:23:42,039 - INFO - [2016preVFP] MISSING_SYSTEMATIC: SR1E2Mu/MuonEn_Up/NMinusOne/njet_ge2/n_jets in Skim_TriLep_WZTo3LNu_amcatnlo.root
2026-08-19 10:23:42,039 - INFO - [2016preVFP] MISSING_SYSTEMATIC: SR1E2Mu/MuonEn_Down/NMinusOne/njet_ge2/n_jets in Skim_TriLep_WZTo3LNu_amcatnlo.root
2026-08-19 10:23:42,039 - INFO - [2016preVFP] MISSING_SYSTEMATIC: SR1E2Mu/ElectronEn_Up/NMinusOne/njet_ge2/n_jets in Skim_TriLep_WZTo3LNu_amcatnlo.root
2026-08-19 10:23:42,039 - INFO - [2016preVFP] MISSING_SYSTEMATIC: SR1E2Mu/ElectronEn_Down/NMinusOne/njet_ge2/n_jets in Skim_TriLep_WZTo3LNu_amcatnlo.root
2026-08-19 10:23:42,040 - INFO - [2016preVFP] MISSING_SYSTEMATIC: SR1E2Mu/ElectronRes_Up/NMinusOne/njet_ge2/n_jets in Skim_TriLep_WZTo3LNu_amcatnlo.root
2026-08-19 10:23:42,040 - INFO - [2016preVFP] MISSING_SYSTEMATIC: SR1E2Mu/ElectronRes_Down/NMinusOne/njet_ge2/n_jets in Skim_TriLep_WZTo3LNu_amcatnlo.root
2026-08-19 10:23:42,041 - INFO - [2016preVFP] MISSING_SYSTEMATIC: SR1E2Mu/UnclusteredEn_Up/NMinusOne/njet_ge2/n_jets in Skim_TriLep_WZTo3LNu_amcatnlo.root
2026-08-19 10:23:42,041 - INFO - [2016preVFP] MISSING_SYSTEMATIC: SR1E2Mu/UnclusteredEn_Down/NMinusOne/njet_ge2/n_jets in Skim_TriLep_WZTo3LNu_amcatnlo.root
2026-08-19 10:23:42,041 - INFO - [2016preVFP] MISSING_SYSTEMATIC: SR1E2Mu/BtagSF_HFcorr_Up/NMinusOne/njet_ge2/n_jets in Skim_TriLep_WZTo3LNu_amcatnlo.root
2026-08-19 10:23:42,041 - INFO - [2016preVFP] MISSING_SYSTEMATIC: SR1E2Mu/BtagSF_HFcorr_Down/NMinusOne/njet_ge2/n_jets in Skim_TriLep_WZTo3LNu_amcatnlo.root
2026-08-19 10:23:42,042 - INFO - [2016preVFP] MISSING_SYSTEMATIC: SR1E2Mu/BtagSF_HFuncorr_Up/NMinusOne/njet_ge2/n_jets in Skim_TriLep_WZTo3LNu_amcatnlo.root
2026-08-19 10:23:42,042 - INFO - [2016preVFP] MISSING_SYSTEMATIC: SR1E2Mu/BtagSF_HFuncorr_Down/NMinusOne/njet_ge2/n_jets in Skim_TriLep_WZTo3LNu_amcatnlo.root
2026-08-19 10:23:42,043 - INFO - [2016preVFP] MISSING_SYSTEMATIC: SR1E2Mu/BtagSF_LFcorr_Up/NMinusOne/njet_ge2/n_jets in Skim_TriLep_WZTo3LNu_amcatnlo.root
2026-08-19 10:23:42,043 - INFO - [2016preVFP] MISSING_SYSTEMATIC: SR1E2Mu/BtagSF_LFcorr_Down/NMinusOne/njet_ge2/n_jets in Skim_TriLep_WZTo3LNu_amcatnlo.root
2026-08-19 10:23:42,043 - INFO - [2016preVFP] MISSING_SYSTEMATIC: SR1E2Mu/BtagSF_LFuncorr_Up/NMinusOne/njet_ge2/n_jets in Skim_TriLep_WZTo3LNu_amcatnlo.root
2026-08-19 10:23:42,043 - INFO - [2016preVFP] MISSING_SYSTEMATIC: SR1E2Mu/BtagSF_LFuncorr_Down/NMinusOne/njet_ge2/n_jets in Skim_TriLep_WZTo3LNu_amcatnlo.root
2026-08-19 10:23:42,140 - INFO - [2016preVFP] MISSING_SYSTEMATIC: SR1E2Mu/L1Prefire_Up/NMinusOne/njet_ge2/n_jets in Skim_TriLep_ZZTo4L_powheg.root
2026-08-19 10:23:42,140 - INFO - [2016preVFP] MISSING_SYSTEMATIC: SR1E2Mu/L1Prefire_Down/NMinusOne/njet_ge2/n_jets in Skim_TriLep_ZZTo4L_powheg.root
2026-08-19 10:23:42,141 - INFO - [2016preVFP] MISSING_SYSTEMATIC: SR1E2Mu/PileupReweight_Up/NMinusOne/njet_ge2/n_jets in Skim_TriLep_ZZTo4L_powheg.root
2026-08-19 10:23:42,141 - INFO - [2016preVFP] MISSING_SYSTEMATIC: SR1E2Mu/PileupReweight_Down/NMinusOne/njet_ge2/n_jets in Skim_TriLep_ZZTo4L_powheg.root
2026-08-19 10:23:42,141 - INFO - [2016preVFP] MISSING_SYSTEMATIC: SR1E2Mu/PileupJetIDSF_Up/NMinusOne/njet_ge2/n_jets in Skim_TriLep_ZZTo4L_powheg.root
2026-08-19 10:23:42,141 - INFO - [2016preVFP] MISSING_SYSTEMATIC: SR1E2Mu/PileupJetIDSF_Down/NMinusOne/njet_ge2/n_jets in Skim_TriLep_ZZTo4L_powheg.root
2026-08-19 10:23:42,142 - INFO - [2016preVFP] MISSING_SYSTEMATIC: SR1E2Mu/MuonIDSF_Up/NMinusOne/njet_ge2/n_jets in Skim_TriLep_ZZTo4L_powheg.root
2026-08-19 10:23:42,142 - INFO - [2016preVFP] MISSING_SYSTEMATIC: SR1E2Mu/MuonIDSF_Down/NMinusOne/njet_ge2/n_jets in Skim_TriLep_ZZTo4L_powheg.root
2026-08-19 10:23:42,143 - INFO - [2016preVFP] MISSING_SYSTEMATIC: SR1E2Mu/ElectronRecoSF_Up/NMinusOne/njet_ge2/n_jets in Skim_TriLep_ZZTo4L_powheg.root
2026-08-19 10:23:42,143 - INFO - [2016preVFP] MISSING_SYSTEMATIC: SR1E2Mu/ElectronRecoSF_Down/NMinusOne/njet_ge2/n_jets in Skim_TriLep_ZZTo4L_powheg.root
2026-08-19 10:23:42,143 - INFO - [2016preVFP] MISSING_SYSTEMATIC: SR1E2Mu/ElectronIDSF_Up/NMinusOne/njet_ge2/n_jets in Skim_TriLep_ZZTo4L_powheg.root
2026-08-19 10:23:42,143 - INFO - [2016preVFP] MISSING_SYSTEMATIC: SR1E2Mu/ElectronIDSF_Down/NMinusOne/njet_ge2/n_jets in Skim_TriLep_ZZTo4L_powheg.root
2026-08-19 10:23:42,144 - INFO - [2016preVFP] MISSING_SYSTEMATIC: SR1E2Mu/EMuTrigSF_Up/NMinusOne/njet_ge2/n_jets in Skim_TriLep_ZZTo4L_powheg.root
2026-08-19 10:23:42,144 - INFO - [2016preVFP] MISSING_SYSTEMATIC: SR1E2Mu/EMuTrigSF_Down/NMinusOne/njet_ge2/n_jets in Skim_TriLep_ZZTo4L_powheg.root
2026-08-19 10:23:42,144 - INFO - [2016preVFP] MISSING_SYSTEMATIC: SR1E2Mu/JetEn_Up/NMinusOne/njet_ge2/n_jets in Skim_TriLep_ZZTo4L_powheg.root
2026-08-19 10:23:42,144 - INFO - [2016preVFP] MISSING_SYSTEMATIC: SR1E2Mu/JetEn_Down/NMinusOne/njet_ge2/n_jets in Skim_TriLep_ZZTo4L_powheg.root
2026-08-19 10:23:42,145 - INFO - [2016preVFP] MISSING_SYSTEMATIC: SR1E2Mu/JetRes_Up/NMinusOne/njet_ge2/n_jets in Skim_TriLep_ZZTo4L_powheg.root
2026-08-19 10:23:42,145 - INFO - [2016preVFP] MISSING_SYSTEMATIC: SR1E2Mu/JetRes_Down/NMinusOne/njet_ge2/n_jets in Skim_TriLep_ZZTo4L_powheg.root
2026-08-19 10:23:42,146 - INFO - [2016preVFP] MISSING_SYSTEMATIC: SR1E2Mu/MuonEn_Up/NMinusOne/njet_ge2/n_jets in Skim_TriLep_ZZTo4L_powheg.root
2026-08-19 10:23:42,146 - INFO - [2016preVFP] MISSING_SYSTEMATIC: SR1E2Mu/MuonEn_Down/NMinusOne/njet_ge2/n_jets in Skim_TriLep_ZZTo4L_powheg.root
2026-08-19 10:23:42,146 - INFO - [2016preVFP] MISSING_SYSTEMATIC: SR1E2Mu/ElectronEn_Up/NMinusOne/njet_ge2/n_jets in Skim_TriLep_ZZTo4L_powheg.root
2026-08-19 10:23:42,146 - INFO - [2016preVFP] MISSING_SYSTEMATIC: SR1E2Mu/ElectronEn_Down/NMinusOne/njet_ge2/n_jets in Skim_TriLep_ZZTo4L_powheg.root
2026-08-19 10:23:42,147 - INFO - [2016preVFP] MISSING_SYSTEMATIC: SR1E2Mu/ElectronRes_Up/NMinusOne/njet_ge2/n_jets in Skim_TriLep_ZZTo4L_powheg.root
2026-08-19 10:23:42,147 - INFO - [2016preVFP] MISSING_SYSTEMATIC: SR1E2Mu/ElectronRes_Down/NMinusOne/njet_ge2/n_jets in Skim_TriLep_ZZTo4L_powheg.root
2026-08-19 10:23:42,148 - INFO - [2016preVFP] MISSING_SYSTEMATIC: SR1E2Mu/UnclusteredEn_Up/NMinusOne/njet_ge2/n_jets in Skim_TriLep_ZZTo4L_powheg.root
2026-08-19 10:23:42,148 - INFO - [2016preVFP] MISSING_SYSTEMATIC: SR1E2Mu/UnclusteredEn_Down/NMinusOne/njet_ge2/n_jets in Skim_TriLep_ZZTo4L_powheg.root
2026-08-19 10:23:42,148 - INFO - [2016preVFP] MISSING_SYSTEMATIC: SR1E2Mu/BtagSF_HFcorr_Up/NMinusOne/njet_ge2/n_jets in Skim_TriLep_ZZTo4L_powheg.root
2026-08-19 10:23:42,148 - INFO - [2016preVFP] MISSING_SYSTEMATIC: SR1E2Mu/BtagSF_HFcorr_Down/NMinusOne/njet_ge2/n_jets in Skim_TriLep_ZZTo4L_powheg.root
2026-08-19 10:23:42,149 - INFO - [2016preVFP] MISSING_SYSTEMATIC: SR1E2Mu/BtagSF_HFuncorr_Up/NMinusOne/njet_ge2/n_jets in Skim_TriLep_ZZTo4L_powheg.root
2026-08-19 10:23:42,149 - INFO - [2016preVFP] MISSING_SYSTEMATIC: SR1E2Mu/BtagSF_HFuncorr_Down/NMinusOne/njet_ge2/n_jets in Skim_TriLep_ZZTo4L_powheg.root
2026-08-19 10:23:42,150 - INFO - [2016preVFP] MISSING_SYSTEMATIC: SR1E2Mu/BtagSF_LFcorr_Up/NMinusOne/njet_ge2/n_jets in Skim_TriLep_ZZTo4L_powheg.root
2026-08-19 10:23:42,150 - INFO - [2016preVFP] MISSING_SYSTEMATIC: SR1E2Mu/BtagSF_LFcorr_Down/NMinusOne/njet_ge2/n_jets in Skim_TriLep_ZZTo4L_powheg.root
2026-08-19 10:23:42,150 - INFO - [2016preVFP] MISSING_SYSTEMATIC: SR1E2Mu/BtagSF_LFuncorr_Up/NMinusOne/njet_ge2/n_jets in Skim_TriLep_ZZTo4L_powheg.root
2026-08-19 10:23:42,150 - INFO - [2016preVFP] MISSING_SYSTEMATIC: SR1E2Mu/BtagSF_LFuncorr_Down/NMinusOne/njet_ge2/n_jets in Skim_TriLep_ZZTo4L_powheg.root
2026-08-19 10:23:42,260 - INFO - [2016preVFP] MISSING_SYSTEMATIC: SR1E2Mu/L1Prefire_Up/NMinusOne/njet_ge2/n_jets in Skim_TriLep_tHq.root
2026-08-19 10:23:42,260 - INFO - [2016preVFP] MISSING_SYSTEMATIC: SR1E2Mu/L1Prefire_Down/NMinusOne/njet_ge2/n_jets in Skim_TriLep_tHq.root
2026-08-19 10:23:42,261 - INFO - [2016preVFP] MISSING_SYSTEMATIC: SR1E2Mu/PileupReweight_Up/NMinusOne/njet_ge2/n_jets in Skim_TriLep_tHq.root
2026-08-19 10:23:42,261 - INFO - [2016preVFP] MISSING_SYSTEMATIC: SR1E2Mu/PileupReweight_Down/NMinusOne/njet_ge2/n_jets in Skim_TriLep_tHq.root
2026-08-19 10:23:42,261 - INFO - [2016preVFP] MISSING_SYSTEMATIC: SR1E2Mu/PileupJetIDSF_Up/NMinusOne/njet_ge2/n_jets in Skim_TriLep_tHq.root
2026-08-19 10:23:42,262 - INFO - [2016preVFP] MISSING_SYSTEMATIC: SR1E2Mu/PileupJetIDSF_Down/NMinusOne/njet_ge2/n_jets in Skim_TriLep_tHq.root
2026-08-19 10:23:42,262 - INFO - [2016preVFP] MISSING_SYSTEMATIC: SR1E2Mu/MuonIDSF_Up/NMinusOne/njet_ge2/n_jets in Skim_TriLep_tHq.root
2026-08-19 10:23:42,262 - INFO - [2016preVFP] MISSING_SYSTEMATIC: SR1E2Mu/MuonIDSF_Down/NMinusOne/njet_ge2/n_jets in Skim_TriLep_tHq.root
2026-08-19 10:23:42,263 - INFO - [2016preVFP] MISSING_SYSTEMATIC: SR1E2Mu/ElectronRecoSF_Up/NMinusOne/njet_ge2/n_jets in Skim_TriLep_tHq.root
2026-08-19 10:23:42,263 - INFO - [2016preVFP] MISSING_SYSTEMATIC: SR1E2Mu/ElectronRecoSF_Down/NMinusOne/njet_ge2/n_jets in Skim_TriLep_tHq.root
2026-08-19 10:23:42,263 - INFO - [2016preVFP] MISSING_SYSTEMATIC: SR1E2Mu/ElectronIDSF_Up/NMinusOne/njet_ge2/n_jets in Skim_TriLep_tHq.root
2026-08-19 10:23:42,263 - INFO - [2016preVFP] MISSING_SYSTEMATIC: SR1E2Mu/ElectronIDSF_Down/NMinusOne/njet_ge2/n_jets in Skim_TriLep_tHq.root
2026-08-19 10:23:42,264 - INFO - [2016preVFP] MISSING_SYSTEMATIC: SR1E2Mu/EMuTrigSF_Up/NMinusOne/njet_ge2/n_jets in Skim_TriLep_tHq.root
2026-08-19 10:23:42,264 - INFO - [2016preVFP] MISSING_SYSTEMATIC: SR1E2Mu/EMuTrigSF_Down/NMinusOne/njet_ge2/n_jets in Skim_TriLep_tHq.root
2026-08-19 10:23:42,265 - INFO - [2016preVFP] MISSING_SYSTEMATIC: SR1E2Mu/JetEn_Up/NMinusOne/njet_ge2/n_jets in Skim_TriLep_tHq.root
2026-08-19 10:23:42,265 - INFO - [2016preVFP] MISSING_SYSTEMATIC: SR1E2Mu/JetEn_Down/NMinusOne/njet_ge2/n_jets in Skim_TriLep_tHq.root
2026-08-19 10:23:42,265 - INFO - [2016preVFP] MISSING_SYSTEMATIC: SR1E2Mu/JetRes_Up/NMinusOne/njet_ge2/n_jets in Skim_TriLep_tHq.root
2026-08-19 10:23:42,265 - INFO - [2016preVFP] MISSING_SYSTEMATIC: SR1E2Mu/JetRes_Down/NMinusOne/njet_ge2/n_jets in Skim_TriLep_tHq.root
2026-08-19 10:23:42,266 - INFO - [2016preVFP] MISSING_SYSTEMATIC: SR1E2Mu/MuonEn_Up/NMinusOne/njet_ge2/n_jets in Skim_TriLep_tHq.root
2026-08-19 10:23:42,266 - INFO - [2016preVFP] MISSING_SYSTEMATIC: SR1E2Mu/MuonEn_Down/NMinusOne/njet_ge2/n_jets in Skim_TriLep_tHq.root
2026-08-19 10:23:42,266 - INFO - [2016preVFP] MISSING_SYSTEMATIC: SR1E2Mu/ElectronEn_Up/NMinusOne/njet_ge2/n_jets in Skim_TriLep_tHq.root
2026-08-19 10:23:42,266 - INFO - [2016preVFP] MISSING_SYSTEMATIC: SR1E2Mu/ElectronEn_Down/NMinusOne/njet_ge2/n_jets in Skim_TriLep_tHq.root
2026-08-19 10:23:42,267 - INFO - [2016preVFP] MISSING_SYSTEMATIC: SR1E2Mu/ElectronRes_Up/NMinusOne/njet_ge2/n_jets in Skim_TriLep_tHq.root
2026-08-19 10:23:42,267 - INFO - [2016preVFP] MISSING_SYSTEMATIC: SR1E2Mu/ElectronRes_Down/NMinusOne/njet_ge2/n_jets in Skim_TriLep_tHq.root
2026-08-19 10:23:42,268 - INFO - [2016preVFP] MISSING_SYSTEMATIC: SR1E2Mu/UnclusteredEn_Up/NMinusOne/njet_ge2/n_jets in Skim_TriLep_tHq.root
2026-08-19 10:23:42,268 - INFO - [2016preVFP] MISSING_SYSTEMATIC: SR1E2Mu/UnclusteredEn_Down/NMinusOne/njet_ge2/n_jets in Skim_TriLep_tHq.root
2026-08-19 10:23:42,268 - INFO - [2016preVFP] MISSING_SYSTEMATIC: SR1E2Mu/BtagSF_HFcorr_Up/NMinusOne/njet_ge2/n_jets in Skim_TriLep_tHq.root
2026-08-19 10:23:42,268 - INFO - [2016preVFP] MISSING_SYSTEMATIC: SR1E2Mu/BtagSF_HFcorr_Down/NMinusOne/njet_ge2/n_jets in Skim_TriLep_tHq.root
2026-08-19 10:23:42,269 - INFO - [2016preVFP] MISSING_SYSTEMATIC: SR1E2Mu/BtagSF_HFuncorr_Up/NMinusOne/njet_ge2/n_jets in Skim_TriLep_tHq.root
2026-08-19 10:23:42,269 - INFO - [2016preVFP] MISSING_SYSTEMATIC: SR1E2Mu/BtagSF_HFuncorr_Down/NMinusOne/njet_ge2/n_jets in Skim_TriLep_tHq.root
2026-08-19 10:23:42,270 - INFO - [2016preVFP] MISSING_SYSTEMATIC: SR1E2Mu/BtagSF_LFcorr_Up/NMinusOne/njet_ge2/n_jets in Skim_TriLep_tHq.root
2026-08-19 10:23:42,270 - INFO - [2016preVFP] MISSING_SYSTEMATIC: SR1E2Mu/BtagSF_LFcorr_Down/NMinusOne/njet_ge2/n_jets in Skim_TriLep_tHq.root
2026-08-19 10:23:42,270 - INFO - [2016preVFP] MISSING_SYSTEMATIC: SR1E2Mu/BtagSF_LFuncorr_Up/NMinusOne/njet_ge2/n_jets in Skim_TriLep_tHq.root
2026-08-19 10:23:42,270 - INFO - [2016preVFP] MISSING_SYSTEMATIC: SR1E2Mu/BtagSF_LFuncorr_Down/NMinusOne/njet_ge2/n_jets in Skim_TriLep_tHq.root
2026-08-19 10:23:42,271 - INFO - [2016preVFP] MISSING_SYSTEMATIC: SR1E2Mu/L1Prefire_Up/NMinusOne/njet_ge2/n_jets in Skim_TriLep_tHW.root
2026-08-19 10:23:42,271 - INFO - [2016preVFP] MISSING_SYSTEMATIC: SR1E2Mu/L1Prefire_Down/NMinusOne/njet_ge2/n_jets in Skim_TriLep_tHW.root
2026-08-19 10:23:42,272 - INFO - [2016preVFP] MISSING_SYSTEMATIC: SR1E2Mu/PileupReweight_Up/NMinusOne/njet_ge2/n_jets in Skim_TriLep_tHW.root
2026-08-19 10:23:42,272 - INFO - [2016preVFP] MISSING_SYSTEMATIC: SR1E2Mu/PileupReweight_Down/NMinusOne/njet_ge2/n_jets in Skim_TriLep_tHW.root
2026-08-19 10:23:42,272 - INFO - [2016preVFP] MISSING_SYSTEMATIC: SR1E2Mu/PileupJetIDSF_Up/NMinusOne/njet_ge2/n_jets in Skim_TriLep_tHW.root
2026-08-19 10:23:42,272 - INFO - [2016preVFP] MISSING_SYSTEMATIC: SR1E2Mu/PileupJetIDSF_Down/NMinusOne/njet_ge2/n_jets in Skim_TriLep_tHW.root
2026-08-19 10:23:42,273 - INFO - [2016preVFP] MISSING_SYSTEMATIC: SR1E2Mu/MuonIDSF_Up/NMinusOne/njet_ge2/n_jets in Skim_TriLep_tHW.root
2026-08-19 10:23:42,273 - INFO - [2016preVFP] MISSING_SYSTEMATIC: SR1E2Mu/MuonIDSF_Down/NMinusOne/njet_ge2/n_jets in Skim_TriLep_tHW.root
2026-08-19 10:23:42,274 - INFO - [2016preVFP] MISSING_SYSTEMATIC: SR1E2Mu/ElectronRecoSF_Up/NMinusOne/njet_ge2/n_jets in Skim_TriLep_tHW.root
2026-08-19 10:23:42,274 - INFO - [2016preVFP] MISSING_SYSTEMATIC: SR1E2Mu/ElectronRecoSF_Down/NMinusOne/njet_ge2/n_jets in Skim_TriLep_tHW.root
2026-08-19 10:23:42,274 - INFO - [2016preVFP] MISSING_SYSTEMATIC: SR1E2Mu/ElectronIDSF_Up/NMinusOne/njet_ge2/n_jets in Skim_TriLep_tHW.root
2026-08-19 10:23:42,274 - INFO - [2016preVFP] MISSING_SYSTEMATIC: SR1E2Mu/ElectronIDSF_Down/NMinusOne/njet_ge2/n_jets in Skim_TriLep_tHW.root
2026-08-19 10:23:42,275 - INFO - [2016preVFP] MISSING_SYSTEMATIC: SR1E2Mu/EMuTrigSF_Up/NMinusOne/njet_ge2/n_jets in Skim_TriLep_tHW.root
2026-08-19 10:23:42,275 - INFO - [2016preVFP] MISSING_SYSTEMATIC: SR1E2Mu/EMuTrigSF_Down/NMinusOne/njet_ge2/n_jets in Skim_TriLep_tHW.root
2026-08-19 10:23:42,275 - INFO - [2016preVFP] MISSING_SYSTEMATIC: SR1E2Mu/JetEn_Up/NMinusOne/njet_ge2/n_jets in Skim_TriLep_tHW.root
2026-08-19 10:23:42,275 - INFO - [2016preVFP] MISSING_SYSTEMATIC: SR1E2Mu/JetEn_Down/NMinusOne/njet_ge2/n_jets in Skim_TriLep_tHW.root
2026-08-19 10:23:42,276 - INFO - [2016preVFP] MISSING_SYSTEMATIC: SR1E2Mu/JetRes_Up/NMinusOne/njet_ge2/n_jets in Skim_TriLep_tHW.root
2026-08-19 10:23:42,276 - INFO - [2016preVFP] MISSING_SYSTEMATIC: SR1E2Mu/JetRes_Down/NMinusOne/njet_ge2/n_jets in Skim_TriLep_tHW.root
2026-08-19 10:23:42,277 - INFO - [2016preVFP] MISSING_SYSTEMATIC: SR1E2Mu/MuonEn_Up/NMinusOne/njet_ge2/n_jets in Skim_TriLep_tHW.root
2026-08-19 10:23:42,277 - INFO - [2016preVFP] MISSING_SYSTEMATIC: SR1E2Mu/MuonEn_Down/NMinusOne/njet_ge2/n_jets in Skim_TriLep_tHW.root
2026-08-19 10:23:42,277 - INFO - [2016preVFP] MISSING_SYSTEMATIC: SR1E2Mu/ElectronEn_Up/NMinusOne/njet_ge2/n_jets in Skim_TriLep_tHW.root
2026-08-19 10:23:42,277 - INFO - [2016preVFP] MISSING_SYSTEMATIC: SR1E2Mu/ElectronEn_Down/NMinusOne/njet_ge2/n_jets in Skim_TriLep_tHW.root
2026-08-19 10:23:42,278 - INFO - [2016preVFP] MISSING_SYSTEMATIC: SR1E2Mu/ElectronRes_Up/NMinusOne/njet_ge2/n_jets in Skim_TriLep_tHW.root
2026-08-19 10:23:42,278 - INFO - [2016preVFP] MISSING_SYSTEMATIC: SR1E2Mu/ElectronRes_Down/NMinusOne/njet_ge2/n_jets in Skim_TriLep_tHW.root
2026-08-19 10:23:42,279 - INFO - [2016preVFP] MISSING_SYSTEMATIC: SR1E2Mu/UnclusteredEn_Up/NMinusOne/njet_ge2/n_jets in Skim_TriLep_tHW.root
2026-08-19 10:23:42,279 - INFO - [2016preVFP] MISSING_SYSTEMATIC: SR1E2Mu/UnclusteredEn_Down/NMinusOne/njet_ge2/n_jets in Skim_TriLep_tHW.root
2026-08-19 10:23:42,280 - INFO - [2016preVFP] MISSING_SYSTEMATIC: SR1E2Mu/BtagSF_HFcorr_Up/NMinusOne/njet_ge2/n_jets in Skim_TriLep_tHW.root
2026-08-19 10:23:42,280 - INFO - [2016preVFP] MISSING_SYSTEMATIC: SR1E2Mu/BtagSF_HFcorr_Down/NMinusOne/njet_ge2/n_jets in Skim_TriLep_tHW.root
2026-08-19 10:23:42,281 - INFO - [2016preVFP] MISSING_SYSTEMATIC: SR1E2Mu/BtagSF_HFuncorr_Up/NMinusOne/njet_ge2/n_jets in Skim_TriLep_tHW.root
2026-08-19 10:23:42,281 - INFO - [2016preVFP] MISSING_SYSTEMATIC: SR1E2Mu/BtagSF_HFuncorr_Down/NMinusOne/njet_ge2/n_jets in Skim_TriLep_tHW.root
2026-08-19 10:23:42,282 - INFO - [2016preVFP] MISSING_SYSTEMATIC: SR1E2Mu/BtagSF_LFcorr_Up/NMinusOne/njet_ge2/n_jets in Skim_TriLep_tHW.root
2026-08-19 10:23:42,283 - INFO - [2016preVFP] MISSING_SYSTEMATIC: SR1E2Mu/BtagSF_LFcorr_Down/NMinusOne/njet_ge2/n_jets in Skim_TriLep_tHW.root
2026-08-19 10:23:42,284 - INFO - [2016preVFP] MISSING_SYSTEMATIC: SR1E2Mu/BtagSF_LFuncorr_Up/NMinusOne/njet_ge2/n_jets in Skim_TriLep_tHW.root
2026-08-19 10:23:42,284 - INFO - [2016preVFP] MISSING_SYSTEMATIC: SR1E2Mu/BtagSF_LFuncorr_Down/NMinusOne/njet_ge2/n_jets in Skim_TriLep_tHW.root
2026-08-19 10:23:42,285 - INFO - [2016preVFP] MISSING_SYSTEMATIC: SR1E2Mu/L1Prefire_Up/NMinusOne/njet_ge2/n_jets in Skim_TriLep_tWZ_thadWlep.root
2026-08-19 10:23:42,285 - INFO - [2016preVFP] MISSING_SYSTEMATIC: SR1E2Mu/L1Prefire_Down/NMinusOne/njet_ge2/n_jets in Skim_TriLep_tWZ_thadWlep.root
2026-08-19 10:23:42,285 - INFO - [2016preVFP] MISSING_SYSTEMATIC: SR1E2Mu/PileupReweight_Up/NMinusOne/njet_ge2/n_jets in Skim_TriLep_tWZ_thadWlep.root
2026-08-19 10:23:42,285 - INFO - [2016preVFP] MISSING_SYSTEMATIC: SR1E2Mu/PileupReweight_Down/NMinusOne/njet_ge2/n_jets in Skim_TriLep_tWZ_thadWlep.root
2026-08-19 10:23:42,286 - INFO - [2016preVFP] MISSING_SYSTEMATIC: SR1E2Mu/PileupJetIDSF_Up/NMinusOne/njet_ge2/n_jets in Skim_TriLep_tWZ_thadWlep.root
2026-08-19 10:23:42,286 - INFO - [2016preVFP] MISSING_SYSTEMATIC: SR1E2Mu/PileupJetIDSF_Down/NMinusOne/njet_ge2/n_jets in Skim_TriLep_tWZ_thadWlep.root
2026-08-19 10:23:42,287 - INFO - [2016preVFP] MISSING_SYSTEMATIC: SR1E2Mu/MuonIDSF_Up/NMinusOne/njet_ge2/n_jets in Skim_TriLep_tWZ_thadWlep.root
2026-08-19 10:23:42,287 - INFO - [2016preVFP] MISSING_SYSTEMATIC: SR1E2Mu/MuonIDSF_Down/NMinusOne/njet_ge2/n_jets in Skim_TriLep_tWZ_thadWlep.root
2026-08-19 10:23:42,288 - INFO - [2016preVFP] MISSING_SYSTEMATIC: SR1E2Mu/ElectronRecoSF_Up/NMinusOne/njet_ge2/n_jets in Skim_TriLep_tWZ_thadWlep.root
2026-08-19 10:23:42,288 - INFO - [2016preVFP] MISSING_SYSTEMATIC: SR1E2Mu/ElectronRecoSF_Down/NMinusOne/njet_ge2/n_jets in Skim_TriLep_tWZ_thadWlep.root
2026-08-19 10:23:42,289 - INFO - [2016preVFP] MISSING_SYSTEMATIC: SR1E2Mu/ElectronIDSF_Up/NMinusOne/njet_ge2/n_jets in Skim_TriLep_tWZ_thadWlep.root
2026-08-19 10:23:42,289 - INFO - [2016preVFP] MISSING_SYSTEMATIC: SR1E2Mu/ElectronIDSF_Down/NMinusOne/njet_ge2/n_jets in Skim_TriLep_tWZ_thadWlep.root
2026-08-19 10:23:42,290 - INFO - [2016preVFP] MISSING_SYSTEMATIC: SR1E2Mu/EMuTrigSF_Up/NMinusOne/njet_ge2/n_jets in Skim_TriLep_tWZ_thadWlep.root
2026-08-19 10:23:42,290 - INFO - [2016preVFP] MISSING_SYSTEMATIC: SR1E2Mu/EMuTrigSF_Down/NMinusOne/njet_ge2/n_jets in Skim_TriLep_tWZ_thadWlep.root
2026-08-19 10:23:42,291 - INFO - [2016preVFP] MISSING_SYSTEMATIC: SR1E2Mu/JetEn_Up/NMinusOne/njet_ge2/n_jets in Skim_TriLep_tWZ_thadWlep.root
2026-08-19 10:23:42,291 - INFO - [2016preVFP] MISSING_SYSTEMATIC: SR1E2Mu/JetEn_Down/NMinusOne/njet_ge2/n_jets in Skim_TriLep_tWZ_thadWlep.root
2026-08-19 10:23:42,292 - INFO - [2016preVFP] MISSING_SYSTEMATIC: SR1E2Mu/JetRes_Up/NMinusOne/njet_ge2/n_jets in Skim_TriLep_tWZ_thadWlep.root
2026-08-19 10:23:42,292 - INFO - [2016preVFP] MISSING_SYSTEMATIC: SR1E2Mu/JetRes_Down/NMinusOne/njet_ge2/n_jets in Skim_TriLep_tWZ_thadWlep.root
2026-08-19 10:23:42,293 - INFO - [2016preVFP] MISSING_SYSTEMATIC: SR1E2Mu/MuonEn_Up/NMinusOne/njet_ge2/n_jets in Skim_TriLep_tWZ_thadWlep.root
2026-08-19 10:23:42,293 - INFO - [2016preVFP] MISSING_SYSTEMATIC: SR1E2Mu/MuonEn_Down/NMinusOne/njet_ge2/n_jets in Skim_TriLep_tWZ_thadWlep.root
2026-08-19 10:23:42,293 - INFO - [2016preVFP] MISSING_SYSTEMATIC: SR1E2Mu/ElectronEn_Up/NMinusOne/njet_ge2/n_jets in Skim_TriLep_tWZ_thadWlep.root
2026-08-19 10:23:42,294 - INFO - [2016preVFP] MISSING_SYSTEMATIC: SR1E2Mu/ElectronEn_Down/NMinusOne/njet_ge2/n_jets in Skim_TriLep_tWZ_thadWlep.root
2026-08-19 10:23:42,294 - INFO - [2016preVFP] MISSING_SYSTEMATIC: SR1E2Mu/ElectronRes_Up/NMinusOne/njet_ge2/n_jets in Skim_TriLep_tWZ_thadWlep.root
2026-08-19 10:23:42,295 - INFO - [2016preVFP] MISSING_SYSTEMATIC: SR1E2Mu/ElectronRes_Down/NMinusOne/njet_ge2/n_jets in Skim_TriLep_tWZ_thadWlep.root
2026-08-19 10:23:42,295 - INFO - [2016preVFP] MISSING_SYSTEMATIC: SR1E2Mu/UnclusteredEn_Up/NMinusOne/njet_ge2/n_jets in Skim_TriLep_tWZ_thadWlep.root
2026-08-19 10:23:42,295 - INFO - [2016preVFP] MISSING_SYSTEMATIC: SR1E2Mu/UnclusteredEn_Down/NMinusOne/njet_ge2/n_jets in Skim_TriLep_tWZ_thadWlep.root
2026-08-19 10:23:42,296 - INFO - [2016preVFP] MISSING_SYSTEMATIC: SR1E2Mu/BtagSF_HFcorr_Up/NMinusOne/njet_ge2/n_jets in Skim_TriLep_tWZ_thadWlep.root
2026-08-19 10:23:42,296 - INFO - [2016preVFP] MISSING_SYSTEMATIC: SR1E2Mu/BtagSF_HFcorr_Down/NMinusOne/njet_ge2/n_jets in Skim_TriLep_tWZ_thadWlep.root
2026-08-19 10:23:42,297 - INFO - [2016preVFP] MISSING_SYSTEMATIC: SR1E2Mu/BtagSF_HFuncorr_Up/NMinusOne/njet_ge2/n_jets in Skim_TriLep_tWZ_thadWlep.root
2026-08-19 10:23:42,297 - INFO - [2016preVFP] MISSING_SYSTEMATIC: SR1E2Mu/BtagSF_HFuncorr_Down/NMinusOne/njet_ge2/n_jets in Skim_TriLep_tWZ_thadWlep.root
2026-08-19 10:23:42,298 - INFO - [2016preVFP] MISSING_SYSTEMATIC: SR1E2Mu/BtagSF_LFcorr_Up/NMinusOne/njet_ge2/n_jets in Skim_TriLep_tWZ_thadWlep.root
2026-08-19 10:23:42,298 - INFO - [2016preVFP] MISSING_SYSTEMATIC: SR1E2Mu/BtagSF_LFcorr_Down/NMinusOne/njet_ge2/n_jets in Skim_TriLep_tWZ_thadWlep.root
2026-08-19 10:23:42,299 - INFO - [2016preVFP] MISSING_SYSTEMATIC: SR1E2Mu/BtagSF_LFuncorr_Up/NMinusOne/njet_ge2/n_jets in Skim_TriLep_tWZ_thadWlep.root
2026-08-19 10:23:42,299 - INFO - [2016preVFP] MISSING_SYSTEMATIC: SR1E2Mu/BtagSF_LFuncorr_Down/NMinusOne/njet_ge2/n_jets in Skim_TriLep_tWZ_thadWlep.root
2026-08-19 10:23:42,300 - INFO - [2016preVFP] MISSING_SYSTEMATIC: SR1E2Mu/L1Prefire_Up/NMinusOne/njet_ge2/n_jets in Skim_TriLep_tWZ_tlepWhad.root
2026-08-19 10:23:42,300 - INFO - [2016preVFP] MISSING_SYSTEMATIC: SR1E2Mu/L1Prefire_Down/NMinusOne/njet_ge2/n_jets in Skim_TriLep_tWZ_tlepWhad.root
2026-08-19 10:23:42,301 - INFO - [2016preVFP] MISSING_SYSTEMATIC: SR1E2Mu/PileupReweight_Up/NMinusOne/njet_ge2/n_jets in Skim_TriLep_tWZ_tlepWhad.root
2026-08-19 10:23:42,301 - INFO - [2016preVFP] MISSING_SYSTEMATIC: SR1E2Mu/PileupReweight_Down/NMinusOne/njet_ge2/n_jets in Skim_TriLep_tWZ_tlepWhad.root
2026-08-19 10:23:42,301 - INFO - [2016preVFP] MISSING_SYSTEMATIC: SR1E2Mu/PileupJetIDSF_Up/NMinusOne/njet_ge2/n_jets in Skim_TriLep_tWZ_tlepWhad.root
2026-08-19 10:23:42,301 - INFO - [2016preVFP] MISSING_SYSTEMATIC: SR1E2Mu/PileupJetIDSF_Down/NMinusOne/njet_ge2/n_jets in Skim_TriLep_tWZ_tlepWhad.root
2026-08-19 10:23:42,302 - INFO - [2016preVFP] MISSING_SYSTEMATIC: SR1E2Mu/MuonIDSF_Up/NMinusOne/njet_ge2/n_jets in Skim_TriLep_tWZ_tlepWhad.root
2026-08-19 10:23:42,302 - INFO - [2016preVFP] MISSING_SYSTEMATIC: SR1E2Mu/MuonIDSF_Down/NMinusOne/njet_ge2/n_jets in Skim_TriLep_tWZ_tlepWhad.root
2026-08-19 10:23:42,303 - INFO - [2016preVFP] MISSING_SYSTEMATIC: SR1E2Mu/ElectronRecoSF_Up/NMinusOne/njet_ge2/n_jets in Skim_TriLep_tWZ_tlepWhad.root
2026-08-19 10:23:42,303 - INFO - [2016preVFP] MISSING_SYSTEMATIC: SR1E2Mu/ElectronRecoSF_Down/NMinusOne/njet_ge2/n_jets in Skim_TriLep_tWZ_tlepWhad.root
2026-08-19 10:23:42,303 - INFO - [2016preVFP] MISSING_SYSTEMATIC: SR1E2Mu/ElectronIDSF_Up/NMinusOne/njet_ge2/n_jets in Skim_TriLep_tWZ_tlepWhad.root
2026-08-19 10:23:42,303 - INFO - [2016preVFP] MISSING_SYSTEMATIC: SR1E2Mu/ElectronIDSF_Down/NMinusOne/njet_ge2/n_jets in Skim_TriLep_tWZ_tlepWhad.root
2026-08-19 10:23:42,304 - INFO - [2016preVFP] MISSING_SYSTEMATIC: SR1E2Mu/EMuTrigSF_Up/NMinusOne/njet_ge2/n_jets in Skim_TriLep_tWZ_tlepWhad.root
2026-08-19 10:23:42,304 - INFO - [2016preVFP] MISSING_SYSTEMATIC: SR1E2Mu/EMuTrigSF_Down/NMinusOne/njet_ge2/n_jets in Skim_TriLep_tWZ_tlepWhad.root
2026-08-19 10:23:42,305 - INFO - [2016preVFP] MISSING_SYSTEMATIC: SR1E2Mu/JetEn_Up/NMinusOne/njet_ge2/n_jets in Skim_TriLep_tWZ_tlepWhad.root
2026-08-19 10:23:42,305 - INFO - [2016preVFP] MISSING_SYSTEMATIC: SR1E2Mu/JetEn_Down/NMinusOne/njet_ge2/n_jets in Skim_TriLep_tWZ_tlepWhad.root
2026-08-19 10:23:42,305 - INFO - [2016preVFP] MISSING_SYSTEMATIC: SR1E2Mu/JetRes_Up/NMinusOne/njet_ge2/n_jets in Skim_TriLep_tWZ_tlepWhad.root
2026-08-19 10:23:42,305 - INFO - [2016preVFP] MISSING_SYSTEMATIC: SR1E2Mu/JetRes_Down/NMinusOne/njet_ge2/n_jets in Skim_TriLep_tWZ_tlepWhad.root
2026-08-19 10:23:42,306 - INFO - [2016preVFP] MISSING_SYSTEMATIC: SR1E2Mu/MuonEn_Up/NMinusOne/njet_ge2/n_jets in Skim_TriLep_tWZ_tlepWhad.root
2026-08-19 10:23:42,306 - INFO - [2016preVFP] MISSING_SYSTEMATIC: SR1E2Mu/MuonEn_Down/NMinusOne/njet_ge2/n_jets in Skim_TriLep_tWZ_tlepWhad.root
2026-08-19 10:23:42,306 - INFO - [2016preVFP] MISSING_SYSTEMATIC: SR1E2Mu/ElectronEn_Up/NMinusOne/njet_ge2/n_jets in Skim_TriLep_tWZ_tlepWhad.root
2026-08-19 10:23:42,306 - INFO - [2016preVFP] MISSING_SYSTEMATIC: SR1E2Mu/ElectronEn_Down/NMinusOne/njet_ge2/n_jets in Skim_TriLep_tWZ_tlepWhad.root
2026-08-19 10:23:42,307 - INFO - [2016preVFP] MISSING_SYSTEMATIC: SR1E2Mu/ElectronRes_Up/NMinusOne/njet_ge2/n_jets in Skim_TriLep_tWZ_tlepWhad.root
2026-08-19 10:23:42,307 - INFO - [2016preVFP] MISSING_SYSTEMATIC: SR1E2Mu/ElectronRes_Down/NMinusOne/njet_ge2/n_jets in Skim_TriLep_tWZ_tlepWhad.root
2026-08-19 10:23:42,308 - INFO - [2016preVFP] MISSING_SYSTEMATIC: SR1E2Mu/UnclusteredEn_Up/NMinusOne/njet_ge2/n_jets in Skim_TriLep_tWZ_tlepWhad.root
2026-08-19 10:23:42,308 - INFO - [2016preVFP] MISSING_SYSTEMATIC: SR1E2Mu/UnclusteredEn_Down/NMinusOne/njet_ge2/n_jets in Skim_TriLep_tWZ_tlepWhad.root
2026-08-19 10:23:42,308 - INFO - [2016preVFP] MISSING_SYSTEMATIC: SR1E2Mu/BtagSF_HFcorr_Up/NMinusOne/njet_ge2/n_jets in Skim_TriLep_tWZ_tlepWhad.root
2026-08-19 10:23:42,308 - INFO - [2016preVFP] MISSING_SYSTEMATIC: SR1E2Mu/BtagSF_HFcorr_Down/NMinusOne/njet_ge2/n_jets in Skim_TriLep_tWZ_tlepWhad.root
2026-08-19 10:23:42,309 - INFO - [2016preVFP] MISSING_SYSTEMATIC: SR1E2Mu/BtagSF_HFuncorr_Up/NMinusOne/njet_ge2/n_jets in Skim_TriLep_tWZ_tlepWhad.root
2026-08-19 10:23:42,309 - INFO - [2016preVFP] MISSING_SYSTEMATIC: SR1E2Mu/BtagSF_HFuncorr_Down/NMinusOne/njet_ge2/n_jets in Skim_TriLep_tWZ_tlepWhad.root
2026-08-19 10:23:42,310 - INFO - [2016preVFP] MISSING_SYSTEMATIC: SR1E2Mu/BtagSF_LFcorr_Up/NMinusOne/njet_ge2/n_jets in Skim_TriLep_tWZ_tlepWhad.root
2026-08-19 10:23:42,310 - INFO - [2016preVFP] MISSING_SYSTEMATIC: SR1E2Mu/BtagSF_LFcorr_Down/NMinusOne/njet_ge2/n_jets in Skim_TriLep_tWZ_tlepWhad.root
2026-08-19 10:23:42,310 - INFO - [2016preVFP] MISSING_SYSTEMATIC: SR1E2Mu/BtagSF_LFuncorr_Up/NMinusOne/njet_ge2/n_jets in Skim_TriLep_tWZ_tlepWhad.root
2026-08-19 10:23:42,310 - INFO - [2016preVFP] MISSING_SYSTEMATIC: SR1E2Mu/BtagSF_LFuncorr_Down/NMinusOne/njet_ge2/n_jets in Skim_TriLep_tWZ_tlepWhad.root
2026-08-19 10:23:42,311 - INFO - [2016preVFP] MISSING_SYSTEMATIC: SR1E2Mu/L1Prefire_Up/NMinusOne/njet_ge2/n_jets in Skim_TriLep_tWZ_tlepWlep.root
2026-08-19 10:23:42,311 - INFO - [2016preVFP] MISSING_SYSTEMATIC: SR1E2Mu/L1Prefire_Down/NMinusOne/njet_ge2/n_jets in Skim_TriLep_tWZ_tlepWlep.root
2026-08-19 10:23:42,312 - INFO - [2016preVFP] MISSING_SYSTEMATIC: SR1E2Mu/PileupReweight_Up/NMinusOne/njet_ge2/n_jets in Skim_TriLep_tWZ_tlepWlep.root
2026-08-19 10:23:42,312 - INFO - [2016preVFP] MISSING_SYSTEMATIC: SR1E2Mu/PileupReweight_Down/NMinusOne/njet_ge2/n_jets in Skim_TriLep_tWZ_tlepWlep.root
2026-08-19 10:23:42,312 - INFO - [2016preVFP] MISSING_SYSTEMATIC: SR1E2Mu/PileupJetIDSF_Up/NMinusOne/njet_ge2/n_jets in Skim_TriLep_tWZ_tlepWlep.root
2026-08-19 10:23:42,313 - INFO - [2016preVFP] MISSING_SYSTEMATIC: SR1E2Mu/PileupJetIDSF_Down/NMinusOne/njet_ge2/n_jets in Skim_TriLep_tWZ_tlepWlep.root
2026-08-19 10:23:42,313 - INFO - [2016preVFP] MISSING_SYSTEMATIC: SR1E2Mu/MuonIDSF_Up/NMinusOne/njet_ge2/n_jets in Skim_TriLep_tWZ_tlepWlep.root
2026-08-19 10:23:42,313 - INFO - [2016preVFP] MISSING_SYSTEMATIC: SR1E2Mu/MuonIDSF_Down/NMinusOne/njet_ge2/n_jets in Skim_TriLep_tWZ_tlepWlep.root
2026-08-19 10:23:42,314 - INFO - [2016preVFP] MISSING_SYSTEMATIC: SR1E2Mu/ElectronRecoSF_Up/NMinusOne/njet_ge2/n_jets in Skim_TriLep_tWZ_tlepWlep.root
2026-08-19 10:23:42,314 - INFO - [2016preVFP] MISSING_SYSTEMATIC: SR1E2Mu/ElectronRecoSF_Down/NMinusOne/njet_ge2/n_jets in Skim_TriLep_tWZ_tlepWlep.root
2026-08-19 10:23:42,314 - INFO - [2016preVFP] MISSING_SYSTEMATIC: SR1E2Mu/ElectronIDSF_Up/NMinusOne/njet_ge2/n_jets in Skim_TriLep_tWZ_tlepWlep.root
2026-08-19 10:23:42,314 - INFO - [2016preVFP] MISSING_SYSTEMATIC: SR1E2Mu/ElectronIDSF_Down/NMinusOne/njet_ge2/n_jets in Skim_TriLep_tWZ_tlepWlep.root
2026-08-19 10:23:42,315 - INFO - [2016preVFP] MISSING_SYSTEMATIC: SR1E2Mu/EMuTrigSF_Up/NMinusOne/njet_ge2/n_jets in Skim_TriLep_tWZ_tlepWlep.root
2026-08-19 10:23:42,315 - INFO - [2016preVFP] MISSING_SYSTEMATIC: SR1E2Mu/EMuTrigSF_Down/NMinusOne/njet_ge2/n_jets in Skim_TriLep_tWZ_tlepWlep.root
2026-08-19 10:23:42,316 - INFO - [2016preVFP] MISSING_SYSTEMATIC: SR1E2Mu/JetEn_Up/NMinusOne/njet_ge2/n_jets in Skim_TriLep_tWZ_tlepWlep.root
2026-08-19 10:23:42,316 - INFO - [2016preVFP] MISSING_SYSTEMATIC: SR1E2Mu/JetEn_Down/NMinusOne/njet_ge2/n_jets in Skim_TriLep_tWZ_tlepWlep.root
2026-08-19 10:23:42,316 - INFO - [2016preVFP] MISSING_SYSTEMATIC: SR1E2Mu/JetRes_Up/NMinusOne/njet_ge2/n_jets in Skim_TriLep_tWZ_tlepWlep.root
2026-08-19 10:23:42,316 - INFO - [2016preVFP] MISSING_SYSTEMATIC: SR1E2Mu/JetRes_Down/NMinusOne/njet_ge2/n_jets in Skim_TriLep_tWZ_tlepWlep.root
2026-08-19 10:23:42,317 - INFO - [2016preVFP] MISSING_SYSTEMATIC: SR1E2Mu/MuonEn_Up/NMinusOne/njet_ge2/n_jets in Skim_TriLep_tWZ_tlepWlep.root
2026-08-19 10:23:42,317 - INFO - [2016preVFP] MISSING_SYSTEMATIC: SR1E2Mu/MuonEn_Down/NMinusOne/njet_ge2/n_jets in Skim_TriLep_tWZ_tlepWlep.root
2026-08-19 10:23:42,318 - INFO - [2016preVFP] MISSING_SYSTEMATIC: SR1E2Mu/ElectronEn_Up/NMinusOne/njet_ge2/n_jets in Skim_TriLep_tWZ_tlepWlep.root
2026-08-19 10:23:42,318 - INFO - [2016preVFP] MISSING_SYSTEMATIC: SR1E2Mu/ElectronEn_Down/NMinusOne/njet_ge2/n_jets in Skim_TriLep_tWZ_tlepWlep.root
2026-08-19 10:23:42,318 - INFO - [2016preVFP] MISSING_SYSTEMATIC: SR1E2Mu/ElectronRes_Up/NMinusOne/njet_ge2/n_jets in Skim_TriLep_tWZ_tlepWlep.root
2026-08-19 10:23:42,318 - INFO - [2016preVFP] MISSING_SYSTEMATIC: SR1E2Mu/ElectronRes_Down/NMinusOne/njet_ge2/n_jets in Skim_TriLep_tWZ_tlepWlep.root
2026-08-19 10:23:42,319 - INFO - [2016preVFP] MISSING_SYSTEMATIC: SR1E2Mu/UnclusteredEn_Up/NMinusOne/njet_ge2/n_jets in Skim_TriLep_tWZ_tlepWlep.root
2026-08-19 10:23:42,319 - INFO - [2016preVFP] MISSING_SYSTEMATIC: SR1E2Mu/UnclusteredEn_Down/NMinusOne/njet_ge2/n_jets in Skim_TriLep_tWZ_tlepWlep.root
2026-08-19 10:23:42,319 - INFO - [2016preVFP] MISSING_SYSTEMATIC: SR1E2Mu/BtagSF_HFcorr_Up/NMinusOne/njet_ge2/n_jets in Skim_TriLep_tWZ_tlepWlep.root
2026-08-19 10:23:42,319 - INFO - [2016preVFP] MISSING_SYSTEMATIC: SR1E2Mu/BtagSF_HFcorr_Down/NMinusOne/njet_ge2/n_jets in Skim_TriLep_tWZ_tlepWlep.root
2026-08-19 10:23:42,320 - INFO - [2016preVFP] MISSING_SYSTEMATIC: SR1E2Mu/BtagSF_HFuncorr_Up/NMinusOne/njet_ge2/n_jets in Skim_TriLep_tWZ_tlepWlep.root
2026-08-19 10:23:42,320 - INFO - [2016preVFP] MISSING_SYSTEMATIC: SR1E2Mu/BtagSF_HFuncorr_Down/NMinusOne/njet_ge2/n_jets in Skim_TriLep_tWZ_tlepWlep.root
2026-08-19 10:23:42,321 - INFO - [2016preVFP] MISSING_SYSTEMATIC: SR1E2Mu/BtagSF_LFcorr_Up/NMinusOne/njet_ge2/n_jets in Skim_TriLep_tWZ_tlepWlep.root
2026-08-19 10:23:42,321 - INFO - [2016preVFP] MISSING_SYSTEMATIC: SR1E2Mu/BtagSF_LFcorr_Down/NMinusOne/njet_ge2/n_jets in Skim_TriLep_tWZ_tlepWlep.root
2026-08-19 10:23:42,321 - INFO - [2016preVFP] MISSING_SYSTEMATIC: SR1E2Mu/BtagSF_LFuncorr_Up/NMinusOne/njet_ge2/n_jets in Skim_TriLep_tWZ_tlepWlep.root
2026-08-19 10:23:42,321 - INFO - [2016preVFP] MISSING_SYSTEMATIC: SR1E2Mu/BtagSF_LFuncorr_Down/NMinusOne/njet_ge2/n_jets in Skim_TriLep_tWZ_tlepWlep.root
2026-08-19 10:23:42,346 - INFO - [2016preVFP] MISSING_SYSTEMATIC: SR1E2Mu/L1Prefire_Up/NMinusOne/njet_ge2/n_jets in Skim_TriLep_WWW.root
2026-08-19 10:23:42,346 - INFO - [2016preVFP] MISSING_SYSTEMATIC: SR1E2Mu/L1Prefire_Down/NMinusOne/njet_ge2/n_jets in Skim_TriLep_WWW.root
2026-08-19 10:23:42,346 - INFO - [2016preVFP] MISSING_SYSTEMATIC: SR1E2Mu/PileupReweight_Up/NMinusOne/njet_ge2/n_jets in Skim_TriLep_WWW.root
2026-08-19 10:23:42,346 - INFO - [2016preVFP] MISSING_SYSTEMATIC: SR1E2Mu/PileupReweight_Down/NMinusOne/njet_ge2/n_jets in Skim_TriLep_WWW.root
2026-08-19 10:23:42,347 - INFO - [2016preVFP] MISSING_SYSTEMATIC: SR1E2Mu/PileupJetIDSF_Up/NMinusOne/njet_ge2/n_jets in Skim_TriLep_WWW.root
2026-08-19 10:23:42,347 - INFO - [2016preVFP] MISSING_SYSTEMATIC: SR1E2Mu/PileupJetIDSF_Down/NMinusOne/njet_ge2/n_jets in Skim_TriLep_WWW.root
2026-08-19 10:23:42,348 - INFO - [2016preVFP] MISSING_SYSTEMATIC: SR1E2Mu/MuonIDSF_Up/NMinusOne/njet_ge2/n_jets in Skim_TriLep_WWW.root
2026-08-19 10:23:42,348 - INFO - [2016preVFP] MISSING_SYSTEMATIC: SR1E2Mu/MuonIDSF_Down/NMinusOne/njet_ge2/n_jets in Skim_TriLep_WWW.root
2026-08-19 10:23:42,348 - INFO - [2016preVFP] MISSING_SYSTEMATIC: SR1E2Mu/ElectronRecoSF_Up/NMinusOne/njet_ge2/n_jets in Skim_TriLep_WWW.root
2026-08-19 10:23:42,348 - INFO - [2016preVFP] MISSING_SYSTEMATIC: SR1E2Mu/ElectronRecoSF_Down/NMinusOne/njet_ge2/n_jets in Skim_TriLep_WWW.root
2026-08-19 10:23:42,349 - INFO - [2016preVFP] MISSING_SYSTEMATIC: SR1E2Mu/ElectronIDSF_Up/NMinusOne/njet_ge2/n_jets in Skim_TriLep_WWW.root
2026-08-19 10:23:42,349 - INFO - [2016preVFP] MISSING_SYSTEMATIC: SR1E2Mu/ElectronIDSF_Down/NMinusOne/njet_ge2/n_jets in Skim_TriLep_WWW.root
2026-08-19 10:23:42,349 - INFO - [2016preVFP] MISSING_SYSTEMATIC: SR1E2Mu/EMuTrigSF_Up/NMinusOne/njet_ge2/n_jets in Skim_TriLep_WWW.root
2026-08-19 10:23:42,349 - INFO - [2016preVFP] MISSING_SYSTEMATIC: SR1E2Mu/EMuTrigSF_Down/NMinusOne/njet_ge2/n_jets in Skim_TriLep_WWW.root
2026-08-19 10:23:42,350 - INFO - [2016preVFP] MISSING_SYSTEMATIC: SR1E2Mu/JetEn_Up/NMinusOne/njet_ge2/n_jets in Skim_TriLep_WWW.root
2026-08-19 10:23:42,350 - INFO - [2016preVFP] MISSING_SYSTEMATIC: SR1E2Mu/JetEn_Down/NMinusOne/njet_ge2/n_jets in Skim_TriLep_WWW.root
2026-08-19 10:23:42,351 - INFO - [2016preVFP] MISSING_SYSTEMATIC: SR1E2Mu/JetRes_Up/NMinusOne/njet_ge2/n_jets in Skim_TriLep_WWW.root
2026-08-19 10:23:42,351 - INFO - [2016preVFP] MISSING_SYSTEMATIC: SR1E2Mu/JetRes_Down/NMinusOne/njet_ge2/n_jets in Skim_TriLep_WWW.root
2026-08-19 10:23:42,351 - INFO - [2016preVFP] MISSING_SYSTEMATIC: SR1E2Mu/MuonEn_Up/NMinusOne/njet_ge2/n_jets in Skim_TriLep_WWW.root
2026-08-19 10:23:42,351 - INFO - [2016preVFP] MISSING_SYSTEMATIC: SR1E2Mu/MuonEn_Down/NMinusOne/njet_ge2/n_jets in Skim_TriLep_WWW.root
2026-08-19 10:23:42,352 - INFO - [2016preVFP] MISSING_SYSTEMATIC: SR1E2Mu/ElectronEn_Up/NMinusOne/njet_ge2/n_jets in Skim_TriLep_WWW.root
2026-08-19 10:23:42,352 - INFO - [2016preVFP] MISSING_SYSTEMATIC: SR1E2Mu/ElectronEn_Down/NMinusOne/njet_ge2/n_jets in Skim_TriLep_WWW.root
2026-08-19 10:23:42,353 - INFO - [2016preVFP] MISSING_SYSTEMATIC: SR1E2Mu/ElectronRes_Up/NMinusOne/njet_ge2/n_jets in Skim_TriLep_WWW.root
2026-08-19 10:23:42,353 - INFO - [2016preVFP] MISSING_SYSTEMATIC: SR1E2Mu/ElectronRes_Down/NMinusOne/njet_ge2/n_jets in Skim_TriLep_WWW.root
2026-08-19 10:23:42,353 - INFO - [2016preVFP] MISSING_SYSTEMATIC: SR1E2Mu/UnclusteredEn_Up/NMinusOne/njet_ge2/n_jets in Skim_TriLep_WWW.root
2026-08-19 10:23:42,353 - INFO - [2016preVFP] MISSING_SYSTEMATIC: SR1E2Mu/UnclusteredEn_Down/NMinusOne/njet_ge2/n_jets in Skim_TriLep_WWW.root
2026-08-19 10:23:42,354 - INFO - [2016preVFP] MISSING_SYSTEMATIC: SR1E2Mu/BtagSF_HFcorr_Up/NMinusOne/njet_ge2/n_jets in Skim_TriLep_WWW.root
2026-08-19 10:23:42,354 - INFO - [2016preVFP] MISSING_SYSTEMATIC: SR1E2Mu/BtagSF_HFcorr_Down/NMinusOne/njet_ge2/n_jets in Skim_TriLep_WWW.root
2026-08-19 10:23:42,354 - INFO - [2016preVFP] MISSING_SYSTEMATIC: SR1E2Mu/BtagSF_HFuncorr_Up/NMinusOne/njet_ge2/n_jets in Skim_TriLep_WWW.root
2026-08-19 10:23:42,354 - INFO - [2016preVFP] MISSING_SYSTEMATIC: SR1E2Mu/BtagSF_HFuncorr_Down/NMinusOne/njet_ge2/n_jets in Skim_TriLep_WWW.root
2026-08-19 10:23:42,355 - INFO - [2016preVFP] MISSING_SYSTEMATIC: SR1E2Mu/BtagSF_LFcorr_Up/NMinusOne/njet_ge2/n_jets in Skim_TriLep_WWW.root
2026-08-19 10:23:42,355 - INFO - [2016preVFP] MISSING_SYSTEMATIC: SR1E2Mu/BtagSF_LFcorr_Down/NMinusOne/njet_ge2/n_jets in Skim_TriLep_WWW.root
2026-08-19 10:23:42,356 - INFO - [2016preVFP] MISSING_SYSTEMATIC: SR1E2Mu/BtagSF_LFuncorr_Up/NMinusOne/njet_ge2/n_jets in Skim_TriLep_WWW.root
2026-08-19 10:23:42,356 - INFO - [2016preVFP] MISSING_SYSTEMATIC: SR1E2Mu/BtagSF_LFuncorr_Down/NMinusOne/njet_ge2/n_jets in Skim_TriLep_WWW.root
2026-08-19 10:23:42,357 - INFO - [2016preVFP] MISSING_SYSTEMATIC: SR1E2Mu/L1Prefire_Up/NMinusOne/njet_ge2/n_jets in Skim_TriLep_WWZ.root
2026-08-19 10:23:42,357 - INFO - [2016preVFP] MISSING_SYSTEMATIC: SR1E2Mu/L1Prefire_Down/NMinusOne/njet_ge2/n_jets in Skim_TriLep_WWZ.root
2026-08-19 10:23:42,358 - INFO - [2016preVFP] MISSING_SYSTEMATIC: SR1E2Mu/PileupReweight_Up/NMinusOne/njet_ge2/n_jets in Skim_TriLep_WWZ.root
2026-08-19 10:23:42,358 - INFO - [2016preVFP] MISSING_SYSTEMATIC: SR1E2Mu/PileupReweight_Down/NMinusOne/njet_ge2/n_jets in Skim_TriLep_WWZ.root
2026-08-19 10:23:42,358 - INFO - [2016preVFP] MISSING_SYSTEMATIC: SR1E2Mu/PileupJetIDSF_Up/NMinusOne/njet_ge2/n_jets in Skim_TriLep_WWZ.root
2026-08-19 10:23:42,358 - INFO - [2016preVFP] MISSING_SYSTEMATIC: SR1E2Mu/PileupJetIDSF_Down/NMinusOne/njet_ge2/n_jets in Skim_TriLep_WWZ.root
2026-08-19 10:23:42,359 - INFO - [2016preVFP] MISSING_SYSTEMATIC: SR1E2Mu/MuonIDSF_Up/NMinusOne/njet_ge2/n_jets in Skim_TriLep_WWZ.root
2026-08-19 10:23:42,359 - INFO - [2016preVFP] MISSING_SYSTEMATIC: SR1E2Mu/MuonIDSF_Down/NMinusOne/njet_ge2/n_jets in Skim_TriLep_WWZ.root
2026-08-19 10:23:42,360 - INFO - [2016preVFP] MISSING_SYSTEMATIC: SR1E2Mu/ElectronRecoSF_Up/NMinusOne/njet_ge2/n_jets in Skim_TriLep_WWZ.root
2026-08-19 10:23:42,360 - INFO - [2016preVFP] MISSING_SYSTEMATIC: SR1E2Mu/ElectronRecoSF_Down/NMinusOne/njet_ge2/n_jets in Skim_TriLep_WWZ.root
2026-08-19 10:23:42,360 - INFO - [2016preVFP] MISSING_SYSTEMATIC: SR1E2Mu/ElectronIDSF_Up/NMinusOne/njet_ge2/n_jets in Skim_TriLep_WWZ.root
2026-08-19 10:23:42,360 - INFO - [2016preVFP] MISSING_SYSTEMATIC: SR1E2Mu/ElectronIDSF_Down/NMinusOne/njet_ge2/n_jets in Skim_TriLep_WWZ.root
2026-08-19 10:23:42,361 - INFO - [2016preVFP] MISSING_SYSTEMATIC: SR1E2Mu/EMuTrigSF_Up/NMinusOne/njet_ge2/n_jets in Skim_TriLep_WWZ.root
2026-08-19 10:23:42,361 - INFO - [2016preVFP] MISSING_SYSTEMATIC: SR1E2Mu/EMuTrigSF_Down/NMinusOne/njet_ge2/n_jets in Skim_TriLep_WWZ.root
2026-08-19 10:23:42,361 - INFO - [2016preVFP] MISSING_SYSTEMATIC: SR1E2Mu/JetEn_Up/NMinusOne/njet_ge2/n_jets in Skim_TriLep_WWZ.root
2026-08-19 10:23:42,362 - INFO - [2016preVFP] MISSING_SYSTEMATIC: SR1E2Mu/JetEn_Down/NMinusOne/njet_ge2/n_jets in Skim_TriLep_WWZ.root
2026-08-19 10:23:42,362 - INFO - [2016preVFP] MISSING_SYSTEMATIC: SR1E2Mu/JetRes_Up/NMinusOne/njet_ge2/n_jets in Skim_TriLep_WWZ.root
2026-08-19 10:23:42,362 - INFO - [2016preVFP] MISSING_SYSTEMATIC: SR1E2Mu/JetRes_Down/NMinusOne/njet_ge2/n_jets in Skim_TriLep_WWZ.root
2026-08-19 10:23:42,363 - INFO - [2016preVFP] MISSING_SYSTEMATIC: SR1E2Mu/MuonEn_Up/NMinusOne/njet_ge2/n_jets in Skim_TriLep_WWZ.root
2026-08-19 10:23:42,363 - INFO - [2016preVFP] MISSING_SYSTEMATIC: SR1E2Mu/MuonEn_Down/NMinusOne/njet_ge2/n_jets in Skim_TriLep_WWZ.root
2026-08-19 10:23:42,363 - INFO - [2016preVFP] MISSING_SYSTEMATIC: SR1E2Mu/ElectronEn_Up/NMinusOne/njet_ge2/n_jets in Skim_TriLep_WWZ.root
2026-08-19 10:23:42,363 - INFO - [2016preVFP] MISSING_SYSTEMATIC: SR1E2Mu/ElectronEn_Down/NMinusOne/njet_ge2/n_jets in Skim_TriLep_WWZ.root
2026-08-19 10:23:42,364 - INFO - [2016preVFP] MISSING_SYSTEMATIC: SR1E2Mu/ElectronRes_Up/NMinusOne/njet_ge2/n_jets in Skim_TriLep_WWZ.root
2026-08-19 10:23:42,364 - INFO - [2016preVFP] MISSING_SYSTEMATIC: SR1E2Mu/ElectronRes_Down/NMinusOne/njet_ge2/n_jets in Skim_TriLep_WWZ.root
2026-08-19 10:23:42,365 - INFO - [2016preVFP] MISSING_SYSTEMATIC: SR1E2Mu/UnclusteredEn_Up/NMinusOne/njet_ge2/n_jets in Skim_TriLep_WWZ.root
2026-08-19 10:23:42,365 - INFO - [2016preVFP] MISSING_SYSTEMATIC: SR1E2Mu/UnclusteredEn_Down/NMinusOne/njet_ge2/n_jets in Skim_TriLep_WWZ.root
2026-08-19 10:23:42,365 - INFO - [2016preVFP] MISSING_SYSTEMATIC: SR1E2Mu/BtagSF_HFcorr_Up/NMinusOne/njet_ge2/n_jets in Skim_TriLep_WWZ.root
2026-08-19 10:23:42,365 - INFO - [2016preVFP] MISSING_SYSTEMATIC: SR1E2Mu/BtagSF_HFcorr_Down/NMinusOne/njet_ge2/n_jets in Skim_TriLep_WWZ.root
2026-08-19 10:23:42,366 - INFO - [2016preVFP] MISSING_SYSTEMATIC: SR1E2Mu/BtagSF_HFuncorr_Up/NMinusOne/njet_ge2/n_jets in Skim_TriLep_WWZ.root
2026-08-19 10:23:42,366 - INFO - [2016preVFP] MISSING_SYSTEMATIC: SR1E2Mu/BtagSF_HFuncorr_Down/NMinusOne/njet_ge2/n_jets in Skim_TriLep_WWZ.root
2026-08-19 10:23:42,367 - INFO - [2016preVFP] MISSING_SYSTEMATIC: SR1E2Mu/BtagSF_LFcorr_Up/NMinusOne/njet_ge2/n_jets in Skim_TriLep_WWZ.root
2026-08-19 10:23:42,367 - INFO - [2016preVFP] MISSING_SYSTEMATIC: SR1E2Mu/BtagSF_LFcorr_Down/NMinusOne/njet_ge2/n_jets in Skim_TriLep_WWZ.root
2026-08-19 10:23:42,367 - INFO - [2016preVFP] MISSING_SYSTEMATIC: SR1E2Mu/BtagSF_LFuncorr_Up/NMinusOne/njet_ge2/n_jets in Skim_TriLep_WWZ.root
2026-08-19 10:23:42,367 - INFO - [2016preVFP] MISSING_SYSTEMATIC: SR1E2Mu/BtagSF_LFuncorr_Down/NMinusOne/njet_ge2/n_jets in Skim_TriLep_WWZ.root
2026-08-19 10:23:42,368 - INFO - [2016preVFP] MISSING_SYSTEMATIC: SR1E2Mu/L1Prefire_Up/NMinusOne/njet_ge2/n_jets in Skim_TriLep_WZZ.root
2026-08-19 10:23:42,368 - INFO - [2016preVFP] MISSING_SYSTEMATIC: SR1E2Mu/L1Prefire_Down/NMinusOne/njet_ge2/n_jets in Skim_TriLep_WZZ.root
2026-08-19 10:23:42,369 - INFO - [2016preVFP] MISSING_SYSTEMATIC: SR1E2Mu/PileupReweight_Up/NMinusOne/njet_ge2/n_jets in Skim_TriLep_WZZ.root
2026-08-19 10:23:42,369 - INFO - [2016preVFP] MISSING_SYSTEMATIC: SR1E2Mu/PileupReweight_Down/NMinusOne/njet_ge2/n_jets in Skim_TriLep_WZZ.root
2026-08-19 10:23:42,370 - INFO - [2016preVFP] MISSING_SYSTEMATIC: SR1E2Mu/PileupJetIDSF_Up/NMinusOne/njet_ge2/n_jets in Skim_TriLep_WZZ.root
2026-08-19 10:23:42,370 - INFO - [2016preVFP] MISSING_SYSTEMATIC: SR1E2Mu/PileupJetIDSF_Down/NMinusOne/njet_ge2/n_jets in Skim_TriLep_WZZ.root
2026-08-19 10:23:42,370 - INFO - [2016preVFP] MISSING_SYSTEMATIC: SR1E2Mu/MuonIDSF_Up/NMinusOne/njet_ge2/n_jets in Skim_TriLep_WZZ.root
2026-08-19 10:23:42,370 - INFO - [2016preVFP] MISSING_SYSTEMATIC: SR1E2Mu/MuonIDSF_Down/NMinusOne/njet_ge2/n_jets in Skim_TriLep_WZZ.root
2026-08-19 10:23:42,371 - INFO - [2016preVFP] MISSING_SYSTEMATIC: SR1E2Mu/ElectronRecoSF_Up/NMinusOne/njet_ge2/n_jets in Skim_TriLep_WZZ.root
2026-08-19 10:23:42,371 - INFO - [2016preVFP] MISSING_SYSTEMATIC: SR1E2Mu/ElectronRecoSF_Down/NMinusOne/njet_ge2/n_jets in Skim_TriLep_WZZ.root
2026-08-19 10:23:42,371 - INFO - [2016preVFP] MISSING_SYSTEMATIC: SR1E2Mu/ElectronIDSF_Up/NMinusOne/njet_ge2/n_jets in Skim_TriLep_WZZ.root
2026-08-19 10:23:42,371 - INFO - [2016preVFP] MISSING_SYSTEMATIC: SR1E2Mu/ElectronIDSF_Down/NMinusOne/njet_ge2/n_jets in Skim_TriLep_WZZ.root
2026-08-19 10:23:42,372 - INFO - [2016preVFP] MISSING_SYSTEMATIC: SR1E2Mu/EMuTrigSF_Up/NMinusOne/njet_ge2/n_jets in Skim_TriLep_WZZ.root
2026-08-19 10:23:42,372 - INFO - [2016preVFP] MISSING_SYSTEMATIC: SR1E2Mu/EMuTrigSF_Down/NMinusOne/njet_ge2/n_jets in Skim_TriLep_WZZ.root
2026-08-19 10:23:42,373 - INFO - [2016preVFP] MISSING_SYSTEMATIC: SR1E2Mu/JetEn_Up/NMinusOne/njet_ge2/n_jets in Skim_TriLep_WZZ.root
2026-08-19 10:23:42,373 - INFO - [2016preVFP] MISSING_SYSTEMATIC: SR1E2Mu/JetEn_Down/NMinusOne/njet_ge2/n_jets in Skim_TriLep_WZZ.root
2026-08-19 10:23:42,373 - INFO - [2016preVFP] MISSING_SYSTEMATIC: SR1E2Mu/JetRes_Up/NMinusOne/njet_ge2/n_jets in Skim_TriLep_WZZ.root
2026-08-19 10:23:42,373 - INFO - [2016preVFP] MISSING_SYSTEMATIC: SR1E2Mu/JetRes_Down/NMinusOne/njet_ge2/n_jets in Skim_TriLep_WZZ.root
2026-08-19 10:23:42,374 - INFO - [2016preVFP] MISSING_SYSTEMATIC: SR1E2Mu/MuonEn_Up/NMinusOne/njet_ge2/n_jets in Skim_TriLep_WZZ.root
2026-08-19 10:23:42,374 - INFO - [2016preVFP] MISSING_SYSTEMATIC: SR1E2Mu/MuonEn_Down/NMinusOne/njet_ge2/n_jets in Skim_TriLep_WZZ.root
2026-08-19 10:23:42,375 - INFO - [2016preVFP] MISSING_SYSTEMATIC: SR1E2Mu/ElectronEn_Up/NMinusOne/njet_ge2/n_jets in Skim_TriLep_WZZ.root
2026-08-19 10:23:42,375 - INFO - [2016preVFP] MISSING_SYSTEMATIC: SR1E2Mu/ElectronEn_Down/NMinusOne/njet_ge2/n_jets in Skim_TriLep_WZZ.root
2026-08-19 10:23:42,375 - INFO - [2016preVFP] MISSING_SYSTEMATIC: SR1E2Mu/ElectronRes_Up/NMinusOne/njet_ge2/n_jets in Skim_TriLep_WZZ.root
2026-08-19 10:23:42,375 - INFO - [2016preVFP] MISSING_SYSTEMATIC: SR1E2Mu/ElectronRes_Down/NMinusOne/njet_ge2/n_jets in Skim_TriLep_WZZ.root
2026-08-19 10:23:42,376 - INFO - [2016preVFP] MISSING_SYSTEMATIC: SR1E2Mu/UnclusteredEn_Up/NMinusOne/njet_ge2/n_jets in Skim_TriLep_WZZ.root
2026-08-19 10:23:42,376 - INFO - [2016preVFP] MISSING_SYSTEMATIC: SR1E2Mu/UnclusteredEn_Down/NMinusOne/njet_ge2/n_jets in Skim_TriLep_WZZ.root
2026-08-19 10:23:42,376 - INFO - [2016preVFP] MISSING_SYSTEMATIC: SR1E2Mu/BtagSF_HFcorr_Up/NMinusOne/njet_ge2/n_jets in Skim_TriLep_WZZ.root
2026-08-19 10:23:42,376 - INFO - [2016preVFP] MISSING_SYSTEMATIC: SR1E2Mu/BtagSF_HFcorr_Down/NMinusOne/njet_ge2/n_jets in Skim_TriLep_WZZ.root
2026-08-19 10:23:42,377 - INFO - [2016preVFP] MISSING_SYSTEMATIC: SR1E2Mu/BtagSF_HFuncorr_Up/NMinusOne/njet_ge2/n_jets in Skim_TriLep_WZZ.root
2026-08-19 10:23:42,377 - INFO - [2016preVFP] MISSING_SYSTEMATIC: SR1E2Mu/BtagSF_HFuncorr_Down/NMinusOne/njet_ge2/n_jets in Skim_TriLep_WZZ.root
2026-08-19 10:23:42,378 - INFO - [2016preVFP] MISSING_SYSTEMATIC: SR1E2Mu/BtagSF_LFcorr_Up/NMinusOne/njet_ge2/n_jets in Skim_TriLep_WZZ.root
2026-08-19 10:23:42,378 - INFO - [2016preVFP] MISSING_SYSTEMATIC: SR1E2Mu/BtagSF_LFcorr_Down/NMinusOne/njet_ge2/n_jets in Skim_TriLep_WZZ.root
2026-08-19 10:23:42,378 - INFO - [2016preVFP] MISSING_SYSTEMATIC: SR1E2Mu/BtagSF_LFuncorr_Up/NMinusOne/njet_ge2/n_jets in Skim_TriLep_WZZ.root
2026-08-19 10:23:42,378 - INFO - [2016preVFP] MISSING_SYSTEMATIC: SR1E2Mu/BtagSF_LFuncorr_Down/NMinusOne/njet_ge2/n_jets in Skim_TriLep_WZZ.root
2026-08-19 10:23:42,398 - INFO - [2016preVFP] MISSING_SYSTEMATIC: SR1E2Mu/L1Prefire_Up/NMinusOne/njet_ge2/n_jets in Skim_TriLep_ZZZ.root
2026-08-19 10:23:42,398 - INFO - [2016preVFP] MISSING_SYSTEMATIC: SR1E2Mu/L1Prefire_Down/NMinusOne/njet_ge2/n_jets in Skim_TriLep_ZZZ.root
2026-08-19 10:23:42,399 - INFO - [2016preVFP] MISSING_SYSTEMATIC: SR1E2Mu/PileupReweight_Up/NMinusOne/njet_ge2/n_jets in Skim_TriLep_ZZZ.root
2026-08-19 10:23:42,399 - INFO - [2016preVFP] MISSING_SYSTEMATIC: SR1E2Mu/PileupReweight_Down/NMinusOne/njet_ge2/n_jets in Skim_TriLep_ZZZ.root
2026-08-19 10:23:42,399 - INFO - [2016preVFP] MISSING_SYSTEMATIC: SR1E2Mu/PileupJetIDSF_Up/NMinusOne/njet_ge2/n_jets in Skim_TriLep_ZZZ.root
2026-08-19 10:23:42,399 - INFO - [2016preVFP] MISSING_SYSTEMATIC: SR1E2Mu/PileupJetIDSF_Down/NMinusOne/njet_ge2/n_jets in Skim_TriLep_ZZZ.root
2026-08-19 10:23:42,400 - INFO - [2016preVFP] MISSING_SYSTEMATIC: SR1E2Mu/MuonIDSF_Up/NMinusOne/njet_ge2/n_jets in Skim_TriLep_ZZZ.root
2026-08-19 10:23:42,400 - INFO - [2016preVFP] MISSING_SYSTEMATIC: SR1E2Mu/MuonIDSF_Down/NMinusOne/njet_ge2/n_jets in Skim_TriLep_ZZZ.root
2026-08-19 10:23:42,400 - INFO - [2016preVFP] MISSING_SYSTEMATIC: SR1E2Mu/ElectronRecoSF_Up/NMinusOne/njet_ge2/n_jets in Skim_TriLep_ZZZ.root
2026-08-19 10:23:42,401 - INFO - [2016preVFP] MISSING_SYSTEMATIC: SR1E2Mu/ElectronRecoSF_Down/NMinusOne/njet_ge2/n_jets in Skim_TriLep_ZZZ.root
2026-08-19 10:23:42,401 - INFO - [2016preVFP] MISSING_SYSTEMATIC: SR1E2Mu/ElectronIDSF_Up/NMinusOne/njet_ge2/n_jets in Skim_TriLep_ZZZ.root
2026-08-19 10:23:42,401 - INFO - [2016preVFP] MISSING_SYSTEMATIC: SR1E2Mu/ElectronIDSF_Down/NMinusOne/njet_ge2/n_jets in Skim_TriLep_ZZZ.root
2026-08-19 10:23:42,402 - INFO - [2016preVFP] MISSING_SYSTEMATIC: SR1E2Mu/EMuTrigSF_Up/NMinusOne/njet_ge2/n_jets in Skim_TriLep_ZZZ.root
2026-08-19 10:23:42,402 - INFO - [2016preVFP] MISSING_SYSTEMATIC: SR1E2Mu/EMuTrigSF_Down/NMinusOne/njet_ge2/n_jets in Skim_TriLep_ZZZ.root
2026-08-19 10:23:42,402 - INFO - [2016preVFP] MISSING_SYSTEMATIC: SR1E2Mu/JetEn_Up/NMinusOne/njet_ge2/n_jets in Skim_TriLep_ZZZ.root
2026-08-19 10:23:42,402 - INFO - [2016preVFP] MISSING_SYSTEMATIC: SR1E2Mu/JetEn_Down/NMinusOne/njet_ge2/n_jets in Skim_TriLep_ZZZ.root
2026-08-19 10:23:42,403 - INFO - [2016preVFP] MISSING_SYSTEMATIC: SR1E2Mu/JetRes_Up/NMinusOne/njet_ge2/n_jets in Skim_TriLep_ZZZ.root
2026-08-19 10:23:42,403 - INFO - [2016preVFP] MISSING_SYSTEMATIC: SR1E2Mu/JetRes_Down/NMinusOne/njet_ge2/n_jets in Skim_TriLep_ZZZ.root
2026-08-19 10:23:42,404 - INFO - [2016preVFP] MISSING_SYSTEMATIC: SR1E2Mu/MuonEn_Up/NMinusOne/njet_ge2/n_jets in Skim_TriLep_ZZZ.root
2026-08-19 10:23:42,404 - INFO - [2016preVFP] MISSING_SYSTEMATIC: SR1E2Mu/MuonEn_Down/NMinusOne/njet_ge2/n_jets in Skim_TriLep_ZZZ.root
2026-08-19 10:23:42,404 - INFO - [2016preVFP] MISSING_SYSTEMATIC: SR1E2Mu/ElectronEn_Up/NMinusOne/njet_ge2/n_jets in Skim_TriLep_ZZZ.root
2026-08-19 10:23:42,404 - INFO - [2016preVFP] MISSING_SYSTEMATIC: SR1E2Mu/ElectronEn_Down/NMinusOne/njet_ge2/n_jets in Skim_TriLep_ZZZ.root
2026-08-19 10:23:42,405 - INFO - [2016preVFP] MISSING_SYSTEMATIC: SR1E2Mu/ElectronRes_Up/NMinusOne/njet_ge2/n_jets in Skim_TriLep_ZZZ.root
2026-08-19 10:23:42,405 - INFO - [2016preVFP] MISSING_SYSTEMATIC: SR1E2Mu/ElectronRes_Down/NMinusOne/njet_ge2/n_jets in Skim_TriLep_ZZZ.root
2026-08-19 10:23:42,406 - INFO - [2016preVFP] MISSING_SYSTEMATIC: SR1E2Mu/UnclusteredEn_Up/NMinusOne/njet_ge2/n_jets in Skim_TriLep_ZZZ.root
2026-08-19 10:23:42,406 - INFO - [2016preVFP] MISSING_SYSTEMATIC: SR1E2Mu/UnclusteredEn_Down/NMinusOne/njet_ge2/n_jets in Skim_TriLep_ZZZ.root
2026-08-19 10:23:42,406 - INFO - [2016preVFP] MISSING_SYSTEMATIC: SR1E2Mu/BtagSF_HFcorr_Up/NMinusOne/njet_ge2/n_jets in Skim_TriLep_ZZZ.root
2026-08-19 10:23:42,406 - INFO - [2016preVFP] MISSING_SYSTEMATIC: SR1E2Mu/BtagSF_HFcorr_Down/NMinusOne/njet_ge2/n_jets in Skim_TriLep_ZZZ.root
2026-08-19 10:23:42,407 - INFO - [2016preVFP] MISSING_SYSTEMATIC: SR1E2Mu/BtagSF_HFuncorr_Up/NMinusOne/njet_ge2/n_jets in Skim_TriLep_ZZZ.root
2026-08-19 10:23:42,407 - INFO - [2016preVFP] MISSING_SYSTEMATIC: SR1E2Mu/BtagSF_HFuncorr_Down/NMinusOne/njet_ge2/n_jets in Skim_TriLep_ZZZ.root
2026-08-19 10:23:42,407 - INFO - [2016preVFP] MISSING_SYSTEMATIC: SR1E2Mu/BtagSF_LFcorr_Up/NMinusOne/njet_ge2/n_jets in Skim_TriLep_ZZZ.root
2026-08-19 10:23:42,407 - INFO - [2016preVFP] MISSING_SYSTEMATIC: SR1E2Mu/BtagSF_LFcorr_Down/NMinusOne/njet_ge2/n_jets in Skim_TriLep_ZZZ.root
2026-08-19 10:23:42,408 - INFO - [2016preVFP] MISSING_SYSTEMATIC: SR1E2Mu/BtagSF_LFuncorr_Up/NMinusOne/njet_ge2/n_jets in Skim_TriLep_ZZZ.root
2026-08-19 10:23:42,408 - INFO - [2016preVFP] MISSING_SYSTEMATIC: SR1E2Mu/BtagSF_LFuncorr_Down/NMinusOne/njet_ge2/n_jets in Skim_TriLep_ZZZ.root
2026-08-19 10:23:42,409 - INFO - [2016preVFP] MISSING_SYSTEMATIC: SR1E2Mu/L1Prefire_Up/NMinusOne/njet_ge2/n_jets in Skim_TriLep_TTTT.root
2026-08-19 10:23:42,409 - INFO - [2016preVFP] MISSING_SYSTEMATIC: SR1E2Mu/L1Prefire_Down/NMinusOne/njet_ge2/n_jets in Skim_TriLep_TTTT.root
2026-08-19 10:23:42,410 - INFO - [2016preVFP] MISSING_SYSTEMATIC: SR1E2Mu/PileupReweight_Up/NMinusOne/njet_ge2/n_jets in Skim_TriLep_TTTT.root
2026-08-19 10:23:42,410 - INFO - [2016preVFP] MISSING_SYSTEMATIC: SR1E2Mu/PileupReweight_Down/NMinusOne/njet_ge2/n_jets in Skim_TriLep_TTTT.root
2026-08-19 10:23:42,410 - INFO - [2016preVFP] MISSING_SYSTEMATIC: SR1E2Mu/PileupJetIDSF_Up/NMinusOne/njet_ge2/n_jets in Skim_TriLep_TTTT.root
2026-08-19 10:23:42,410 - INFO - [2016preVFP] MISSING_SYSTEMATIC: SR1E2Mu/PileupJetIDSF_Down/NMinusOne/njet_ge2/n_jets in Skim_TriLep_TTTT.root
2026-08-19 10:23:42,411 - INFO - [2016preVFP] MISSING_SYSTEMATIC: SR1E2Mu/MuonIDSF_Up/NMinusOne/njet_ge2/n_jets in Skim_TriLep_TTTT.root
2026-08-19 10:23:42,411 - INFO - [2016preVFP] MISSING_SYSTEMATIC: SR1E2Mu/MuonIDSF_Down/NMinusOne/njet_ge2/n_jets in Skim_TriLep_TTTT.root
2026-08-19 10:23:42,412 - INFO - [2016preVFP] MISSING_SYSTEMATIC: SR1E2Mu/ElectronRecoSF_Up/NMinusOne/njet_ge2/n_jets in Skim_TriLep_TTTT.root
2026-08-19 10:23:42,412 - INFO - [2016preVFP] MISSING_SYSTEMATIC: SR1E2Mu/ElectronRecoSF_Down/NMinusOne/njet_ge2/n_jets in Skim_TriLep_TTTT.root
2026-08-19 10:23:42,412 - INFO - [2016preVFP] MISSING_SYSTEMATIC: SR1E2Mu/ElectronIDSF_Up/NMinusOne/njet_ge2/n_jets in Skim_TriLep_TTTT.root
2026-08-19 10:23:42,412 - INFO - [2016preVFP] MISSING_SYSTEMATIC: SR1E2Mu/ElectronIDSF_Down/NMinusOne/njet_ge2/n_jets in Skim_TriLep_TTTT.root
2026-08-19 10:23:42,413 - INFO - [2016preVFP] MISSING_SYSTEMATIC: SR1E2Mu/EMuTrigSF_Up/NMinusOne/njet_ge2/n_jets in Skim_TriLep_TTTT.root
2026-08-19 10:23:42,413 - INFO - [2016preVFP] MISSING_SYSTEMATIC: SR1E2Mu/EMuTrigSF_Down/NMinusOne/njet_ge2/n_jets in Skim_TriLep_TTTT.root
2026-08-19 10:23:42,413 - INFO - [2016preVFP] MISSING_SYSTEMATIC: SR1E2Mu/JetEn_Up/NMinusOne/njet_ge2/n_jets in Skim_TriLep_TTTT.root
2026-08-19 10:23:42,413 - INFO - [2016preVFP] MISSING_SYSTEMATIC: SR1E2Mu/JetEn_Down/NMinusOne/njet_ge2/n_jets in Skim_TriLep_TTTT.root
2026-08-19 10:23:42,414 - INFO - [2016preVFP] MISSING_SYSTEMATIC: SR1E2Mu/JetRes_Up/NMinusOne/njet_ge2/n_jets in Skim_TriLep_TTTT.root
2026-08-19 10:23:42,414 - INFO - [2016preVFP] MISSING_SYSTEMATIC: SR1E2Mu/JetRes_Down/NMinusOne/njet_ge2/n_jets in Skim_TriLep_TTTT.root
2026-08-19 10:23:42,415 - INFO - [2016preVFP] MISSING_SYSTEMATIC: SR1E2Mu/MuonEn_Up/NMinusOne/njet_ge2/n_jets in Skim_TriLep_TTTT.root
2026-08-19 10:23:42,415 - INFO - [2016preVFP] MISSING_SYSTEMATIC: SR1E2Mu/MuonEn_Down/NMinusOne/njet_ge2/n_jets in Skim_TriLep_TTTT.root
2026-08-19 10:23:42,415 - INFO - [2016preVFP] MISSING_SYSTEMATIC: SR1E2Mu/ElectronEn_Up/NMinusOne/njet_ge2/n_jets in Skim_TriLep_TTTT.root
2026-08-19 10:23:42,415 - INFO - [2016preVFP] MISSING_SYSTEMATIC: SR1E2Mu/ElectronEn_Down/NMinusOne/njet_ge2/n_jets in Skim_TriLep_TTTT.root
2026-08-19 10:23:42,416 - INFO - [2016preVFP] MISSING_SYSTEMATIC: SR1E2Mu/ElectronRes_Up/NMinusOne/njet_ge2/n_jets in Skim_TriLep_TTTT.root
2026-08-19 10:23:42,416 - INFO - [2016preVFP] MISSING_SYSTEMATIC: SR1E2Mu/ElectronRes_Down/NMinusOne/njet_ge2/n_jets in Skim_TriLep_TTTT.root
2026-08-19 10:23:42,417 - INFO - [2016preVFP] MISSING_SYSTEMATIC: SR1E2Mu/UnclusteredEn_Up/NMinusOne/njet_ge2/n_jets in Skim_TriLep_TTTT.root
2026-08-19 10:23:42,417 - INFO - [2016preVFP] MISSING_SYSTEMATIC: SR1E2Mu/UnclusteredEn_Down/NMinusOne/njet_ge2/n_jets in Skim_TriLep_TTTT.root
2026-08-19 10:23:42,417 - INFO - [2016preVFP] MISSING_SYSTEMATIC: SR1E2Mu/BtagSF_HFcorr_Up/NMinusOne/njet_ge2/n_jets in Skim_TriLep_TTTT.root
2026-08-19 10:23:42,417 - INFO - [2016preVFP] MISSING_SYSTEMATIC: SR1E2Mu/BtagSF_HFcorr_Down/NMinusOne/njet_ge2/n_jets in Skim_TriLep_TTTT.root
2026-08-19 10:23:42,418 - INFO - [2016preVFP] MISSING_SYSTEMATIC: SR1E2Mu/BtagSF_HFuncorr_Up/NMinusOne/njet_ge2/n_jets in Skim_TriLep_TTTT.root
2026-08-19 10:23:42,418 - INFO - [2016preVFP] MISSING_SYSTEMATIC: SR1E2Mu/BtagSF_HFuncorr_Down/NMinusOne/njet_ge2/n_jets in Skim_TriLep_TTTT.root
2026-08-19 10:23:42,418 - INFO - [2016preVFP] MISSING_SYSTEMATIC: SR1E2Mu/BtagSF_LFcorr_Up/NMinusOne/njet_ge2/n_jets in Skim_TriLep_TTTT.root
2026-08-19 10:23:42,419 - INFO - [2016preVFP] MISSING_SYSTEMATIC: SR1E2Mu/BtagSF_LFcorr_Down/NMinusOne/njet_ge2/n_jets in Skim_TriLep_TTTT.root
2026-08-19 10:23:42,419 - INFO - [2016preVFP] MISSING_SYSTEMATIC: SR1E2Mu/BtagSF_LFuncorr_Up/NMinusOne/njet_ge2/n_jets in Skim_TriLep_TTTT.root
2026-08-19 10:23:42,419 - INFO - [2016preVFP] MISSING_SYSTEMATIC: SR1E2Mu/BtagSF_LFuncorr_Down/NMinusOne/njet_ge2/n_jets in Skim_TriLep_TTTT.root
2026-08-19 10:23:42,420 - INFO - [2016preVFP] MISSING_SYSTEMATIC: SR1E2Mu/L1Prefire_Up/NMinusOne/njet_ge2/n_jets in Skim_TriLep_VBFHToZZTo4L.root
2026-08-19 10:23:42,420 - INFO - [2016preVFP] MISSING_SYSTEMATIC: SR1E2Mu/L1Prefire_Down/NMinusOne/njet_ge2/n_jets in Skim_TriLep_VBFHToZZTo4L.root
2026-08-19 10:23:42,421 - INFO - [2016preVFP] MISSING_SYSTEMATIC: SR1E2Mu/PileupReweight_Up/NMinusOne/njet_ge2/n_jets in Skim_TriLep_VBFHToZZTo4L.root
2026-08-19 10:23:42,421 - INFO - [2016preVFP] MISSING_SYSTEMATIC: SR1E2Mu/PileupReweight_Down/NMinusOne/njet_ge2/n_jets in Skim_TriLep_VBFHToZZTo4L.root
2026-08-19 10:23:42,422 - INFO - [2016preVFP] MISSING_SYSTEMATIC: SR1E2Mu/PileupJetIDSF_Up/NMinusOne/njet_ge2/n_jets in Skim_TriLep_VBFHToZZTo4L.root
2026-08-19 10:23:42,422 - INFO - [2016preVFP] MISSING_SYSTEMATIC: SR1E2Mu/PileupJetIDSF_Down/NMinusOne/njet_ge2/n_jets in Skim_TriLep_VBFHToZZTo4L.root
2026-08-19 10:23:42,422 - INFO - [2016preVFP] MISSING_SYSTEMATIC: SR1E2Mu/MuonIDSF_Up/NMinusOne/njet_ge2/n_jets in Skim_TriLep_VBFHToZZTo4L.root
2026-08-19 10:23:42,422 - INFO - [2016preVFP] MISSING_SYSTEMATIC: SR1E2Mu/MuonIDSF_Down/NMinusOne/njet_ge2/n_jets in Skim_TriLep_VBFHToZZTo4L.root
2026-08-19 10:23:42,423 - INFO - [2016preVFP] MISSING_SYSTEMATIC: SR1E2Mu/ElectronRecoSF_Up/NMinusOne/njet_ge2/n_jets in Skim_TriLep_VBFHToZZTo4L.root
2026-08-19 10:23:42,423 - INFO - [2016preVFP] MISSING_SYSTEMATIC: SR1E2Mu/ElectronRecoSF_Down/NMinusOne/njet_ge2/n_jets in Skim_TriLep_VBFHToZZTo4L.root
2026-08-19 10:23:42,424 - INFO - [2016preVFP] MISSING_SYSTEMATIC: SR1E2Mu/ElectronIDSF_Up/NMinusOne/njet_ge2/n_jets in Skim_TriLep_VBFHToZZTo4L.root
2026-08-19 10:23:42,424 - INFO - [2016preVFP] MISSING_SYSTEMATIC: SR1E2Mu/ElectronIDSF_Down/NMinusOne/njet_ge2/n_jets in Skim_TriLep_VBFHToZZTo4L.root
2026-08-19 10:23:42,424 - INFO - [2016preVFP] MISSING_SYSTEMATIC: SR1E2Mu/EMuTrigSF_Up/NMinusOne/njet_ge2/n_jets in Skim_TriLep_VBFHToZZTo4L.root
2026-08-19 10:23:42,424 - INFO - [2016preVFP] MISSING_SYSTEMATIC: SR1E2Mu/EMuTrigSF_Down/NMinusOne/njet_ge2/n_jets in Skim_TriLep_VBFHToZZTo4L.root
2026-08-19 10:23:42,425 - INFO - [2016preVFP] MISSING_SYSTEMATIC: SR1E2Mu/JetEn_Up/NMinusOne/njet_ge2/n_jets in Skim_TriLep_VBFHToZZTo4L.root
2026-08-19 10:23:42,425 - INFO - [2016preVFP] MISSING_SYSTEMATIC: SR1E2Mu/JetEn_Down/NMinusOne/njet_ge2/n_jets in Skim_TriLep_VBFHToZZTo4L.root
2026-08-19 10:23:42,425 - INFO - [2016preVFP] MISSING_SYSTEMATIC: SR1E2Mu/JetRes_Up/NMinusOne/njet_ge2/n_jets in Skim_TriLep_VBFHToZZTo4L.root
2026-08-19 10:23:42,426 - INFO - [2016preVFP] MISSING_SYSTEMATIC: SR1E2Mu/JetRes_Down/NMinusOne/njet_ge2/n_jets in Skim_TriLep_VBFHToZZTo4L.root
2026-08-19 10:23:42,426 - INFO - [2016preVFP] MISSING_SYSTEMATIC: SR1E2Mu/MuonEn_Up/NMinusOne/njet_ge2/n_jets in Skim_TriLep_VBFHToZZTo4L.root
2026-08-19 10:23:42,426 - INFO - [2016preVFP] MISSING_SYSTEMATIC: SR1E2Mu/MuonEn_Down/NMinusOne/njet_ge2/n_jets in Skim_TriLep_VBFHToZZTo4L.root
2026-08-19 10:23:42,427 - INFO - [2016preVFP] MISSING_SYSTEMATIC: SR1E2Mu/ElectronEn_Up/NMinusOne/njet_ge2/n_jets in Skim_TriLep_VBFHToZZTo4L.root
2026-08-19 10:23:42,427 - INFO - [2016preVFP] MISSING_SYSTEMATIC: SR1E2Mu/ElectronEn_Down/NMinusOne/njet_ge2/n_jets in Skim_TriLep_VBFHToZZTo4L.root
2026-08-19 10:23:42,427 - INFO - [2016preVFP] MISSING_SYSTEMATIC: SR1E2Mu/ElectronRes_Up/NMinusOne/njet_ge2/n_jets in Skim_TriLep_VBFHToZZTo4L.root
2026-08-19 10:23:42,427 - INFO - [2016preVFP] MISSING_SYSTEMATIC: SR1E2Mu/ElectronRes_Down/NMinusOne/njet_ge2/n_jets in Skim_TriLep_VBFHToZZTo4L.root
2026-08-19 10:23:42,428 - INFO - [2016preVFP] MISSING_SYSTEMATIC: SR1E2Mu/UnclusteredEn_Up/NMinusOne/njet_ge2/n_jets in Skim_TriLep_VBFHToZZTo4L.root
2026-08-19 10:23:42,428 - INFO - [2016preVFP] MISSING_SYSTEMATIC: SR1E2Mu/UnclusteredEn_Down/NMinusOne/njet_ge2/n_jets in Skim_TriLep_VBFHToZZTo4L.root
2026-08-19 10:23:42,429 - INFO - [2016preVFP] MISSING_SYSTEMATIC: SR1E2Mu/BtagSF_HFcorr_Up/NMinusOne/njet_ge2/n_jets in Skim_TriLep_VBFHToZZTo4L.root
2026-08-19 10:23:42,429 - INFO - [2016preVFP] MISSING_SYSTEMATIC: SR1E2Mu/BtagSF_HFcorr_Down/NMinusOne/njet_ge2/n_jets in Skim_TriLep_VBFHToZZTo4L.root
2026-08-19 10:23:42,429 - INFO - [2016preVFP] MISSING_SYSTEMATIC: SR1E2Mu/BtagSF_HFuncorr_Up/NMinusOne/njet_ge2/n_jets in Skim_TriLep_VBFHToZZTo4L.root
2026-08-19 10:23:42,429 - INFO - [2016preVFP] MISSING_SYSTEMATIC: SR1E2Mu/BtagSF_HFuncorr_Down/NMinusOne/njet_ge2/n_jets in Skim_TriLep_VBFHToZZTo4L.root
2026-08-19 10:23:42,430 - INFO - [2016preVFP] MISSING_SYSTEMATIC: SR1E2Mu/BtagSF_LFcorr_Up/NMinusOne/njet_ge2/n_jets in Skim_TriLep_VBFHToZZTo4L.root
2026-08-19 10:23:42,430 - INFO - [2016preVFP] MISSING_SYSTEMATIC: SR1E2Mu/BtagSF_LFcorr_Down/NMinusOne/njet_ge2/n_jets in Skim_TriLep_VBFHToZZTo4L.root
2026-08-19 10:23:42,431 - INFO - [2016preVFP] MISSING_SYSTEMATIC: SR1E2Mu/BtagSF_LFuncorr_Up/NMinusOne/njet_ge2/n_jets in Skim_TriLep_VBFHToZZTo4L.root
2026-08-19 10:23:42,431 - INFO - [2016preVFP] MISSING_SYSTEMATIC: SR1E2Mu/BtagSF_LFuncorr_Down/NMinusOne/njet_ge2/n_jets in Skim_TriLep_VBFHToZZTo4L.root
2026-08-19 10:23:42,432 - INFO - [2016preVFP] MISSING_SYSTEMATIC: SR1E2Mu/L1Prefire_Up/NMinusOne/njet_ge2/n_jets in Skim_TriLep_ggHToZZTo4L.root
2026-08-19 10:23:42,432 - INFO - [2016preVFP] MISSING_SYSTEMATIC: SR1E2Mu/L1Prefire_Down/NMinusOne/njet_ge2/n_jets in Skim_TriLep_ggHToZZTo4L.root
2026-08-19 10:23:42,432 - INFO - [2016preVFP] MISSING_SYSTEMATIC: SR1E2Mu/PileupReweight_Up/NMinusOne/njet_ge2/n_jets in Skim_TriLep_ggHToZZTo4L.root
2026-08-19 10:23:42,432 - INFO - [2016preVFP] MISSING_SYSTEMATIC: SR1E2Mu/PileupReweight_Down/NMinusOne/njet_ge2/n_jets in Skim_TriLep_ggHToZZTo4L.root
2026-08-19 10:23:42,433 - INFO - [2016preVFP] MISSING_SYSTEMATIC: SR1E2Mu/PileupJetIDSF_Up/NMinusOne/njet_ge2/n_jets in Skim_TriLep_ggHToZZTo4L.root
2026-08-19 10:23:42,433 - INFO - [2016preVFP] MISSING_SYSTEMATIC: SR1E2Mu/PileupJetIDSF_Down/NMinusOne/njet_ge2/n_jets in Skim_TriLep_ggHToZZTo4L.root
2026-08-19 10:23:42,434 - INFO - [2016preVFP] MISSING_SYSTEMATIC: SR1E2Mu/MuonIDSF_Up/NMinusOne/njet_ge2/n_jets in Skim_TriLep_ggHToZZTo4L.root
2026-08-19 10:23:42,434 - INFO - [2016preVFP] MISSING_SYSTEMATIC: SR1E2Mu/MuonIDSF_Down/NMinusOne/njet_ge2/n_jets in Skim_TriLep_ggHToZZTo4L.root
2026-08-19 10:23:42,434 - INFO - [2016preVFP] MISSING_SYSTEMATIC: SR1E2Mu/ElectronRecoSF_Up/NMinusOne/njet_ge2/n_jets in Skim_TriLep_ggHToZZTo4L.root
2026-08-19 10:23:42,434 - INFO - [2016preVFP] MISSING_SYSTEMATIC: SR1E2Mu/ElectronRecoSF_Down/NMinusOne/njet_ge2/n_jets in Skim_TriLep_ggHToZZTo4L.root
2026-08-19 10:23:42,435 - INFO - [2016preVFP] MISSING_SYSTEMATIC: SR1E2Mu/ElectronIDSF_Up/NMinusOne/njet_ge2/n_jets in Skim_TriLep_ggHToZZTo4L.root
2026-08-19 10:23:42,435 - INFO - [2016preVFP] MISSING_SYSTEMATIC: SR1E2Mu/ElectronIDSF_Down/NMinusOne/njet_ge2/n_jets in Skim_TriLep_ggHToZZTo4L.root
2026-08-19 10:23:42,436 - INFO - [2016preVFP] MISSING_SYSTEMATIC: SR1E2Mu/EMuTrigSF_Up/NMinusOne/njet_ge2/n_jets in Skim_TriLep_ggHToZZTo4L.root
2026-08-19 10:23:42,436 - INFO - [2016preVFP] MISSING_SYSTEMATIC: SR1E2Mu/EMuTrigSF_Down/NMinusOne/njet_ge2/n_jets in Skim_TriLep_ggHToZZTo4L.root
2026-08-19 10:23:42,437 - INFO - [2016preVFP] MISSING_SYSTEMATIC: SR1E2Mu/JetEn_Up/NMinusOne/njet_ge2/n_jets in Skim_TriLep_ggHToZZTo4L.root
2026-08-19 10:23:42,437 - INFO - [2016preVFP] MISSING_SYSTEMATIC: SR1E2Mu/JetEn_Down/NMinusOne/njet_ge2/n_jets in Skim_TriLep_ggHToZZTo4L.root
2026-08-19 10:23:42,437 - INFO - [2016preVFP] MISSING_SYSTEMATIC: SR1E2Mu/JetRes_Up/NMinusOne/njet_ge2/n_jets in Skim_TriLep_ggHToZZTo4L.root
2026-08-19 10:23:42,437 - INFO - [2016preVFP] MISSING_SYSTEMATIC: SR1E2Mu/JetRes_Down/NMinusOne/njet_ge2/n_jets in Skim_TriLep_ggHToZZTo4L.root
2026-08-19 10:23:42,438 - INFO - [2016preVFP] MISSING_SYSTEMATIC: SR1E2Mu/MuonEn_Up/NMinusOne/njet_ge2/n_jets in Skim_TriLep_ggHToZZTo4L.root
2026-08-19 10:23:42,438 - INFO - [2016preVFP] MISSING_SYSTEMATIC: SR1E2Mu/MuonEn_Down/NMinusOne/njet_ge2/n_jets in Skim_TriLep_ggHToZZTo4L.root
2026-08-19 10:23:42,438 - INFO - [2016preVFP] MISSING_SYSTEMATIC: SR1E2Mu/ElectronEn_Up/NMinusOne/njet_ge2/n_jets in Skim_TriLep_ggHToZZTo4L.root
2026-08-19 10:23:42,439 - INFO - [2016preVFP] MISSING_SYSTEMATIC: SR1E2Mu/ElectronEn_Down/NMinusOne/njet_ge2/n_jets in Skim_TriLep_ggHToZZTo4L.root
2026-08-19 10:23:42,439 - INFO - [2016preVFP] MISSING_SYSTEMATIC: SR1E2Mu/ElectronRes_Up/NMinusOne/njet_ge2/n_jets in Skim_TriLep_ggHToZZTo4L.root
2026-08-19 10:23:42,439 - INFO - [2016preVFP] MISSING_SYSTEMATIC: SR1E2Mu/ElectronRes_Down/NMinusOne/njet_ge2/n_jets in Skim_TriLep_ggHToZZTo4L.root
2026-08-19 10:23:42,440 - INFO - [2016preVFP] MISSING_SYSTEMATIC: SR1E2Mu/UnclusteredEn_Up/NMinusOne/njet_ge2/n_jets in Skim_TriLep_ggHToZZTo4L.root
2026-08-19 10:23:42,440 - INFO - [2016preVFP] MISSING_SYSTEMATIC: SR1E2Mu/UnclusteredEn_Down/NMinusOne/njet_ge2/n_jets in Skim_TriLep_ggHToZZTo4L.root
2026-08-19 10:23:42,440 - INFO - [2016preVFP] MISSING_SYSTEMATIC: SR1E2Mu/BtagSF_HFcorr_Up/NMinusOne/njet_ge2/n_jets in Skim_TriLep_ggHToZZTo4L.root
2026-08-19 10:23:42,440 - INFO - [2016preVFP] MISSING_SYSTEMATIC: SR1E2Mu/BtagSF_HFcorr_Down/NMinusOne/njet_ge2/n_jets in Skim_TriLep_ggHToZZTo4L.root
2026-08-19 10:23:42,441 - INFO - [2016preVFP] MISSING_SYSTEMATIC: SR1E2Mu/BtagSF_HFuncorr_Up/NMinusOne/njet_ge2/n_jets in Skim_TriLep_ggHToZZTo4L.root
2026-08-19 10:23:42,441 - INFO - [2016preVFP] MISSING_SYSTEMATIC: SR1E2Mu/BtagSF_HFuncorr_Down/NMinusOne/njet_ge2/n_jets in Skim_TriLep_ggHToZZTo4L.root
2026-08-19 10:23:42,442 - INFO - [2016preVFP] MISSING_SYSTEMATIC: SR1E2Mu/BtagSF_LFcorr_Up/NMinusOne/njet_ge2/n_jets in Skim_TriLep_ggHToZZTo4L.root
2026-08-19 10:23:42,442 - INFO - [2016preVFP] MISSING_SYSTEMATIC: SR1E2Mu/BtagSF_LFcorr_Down/NMinusOne/njet_ge2/n_jets in Skim_TriLep_ggHToZZTo4L.root
2026-08-19 10:23:42,442 - INFO - [2016preVFP] MISSING_SYSTEMATIC: SR1E2Mu/BtagSF_LFuncorr_Up/NMinusOne/njet_ge2/n_jets in Skim_TriLep_ggHToZZTo4L.root
2026-08-19 10:23:42,442 - INFO - [2016preVFP] MISSING_SYSTEMATIC: SR1E2Mu/BtagSF_LFuncorr_Down/NMinusOne/njet_ge2/n_jets in Skim_TriLep_ggHToZZTo4L.root
2026-08-19 12:38:10,011 - INFO - [2016preVFP] MISSING_SYSTEMATIC: SR1E2Mu/L1Prefire_Up/NMinusOne/njet_ge2/n_jets in Skim_TriLep_DYJets.root
2026-08-19 12:38:10,011 - INFO - [2016preVFP] MISSING_SYSTEMATIC: SR1E2Mu/L1Prefire_Down/NMinusOne/njet_ge2/n_jets in Skim_TriLep_DYJets.root
2026-08-19 12:38:10,012 - INFO - [2016preVFP] MISSING_SYSTEMATIC: SR1E2Mu/PileupReweight_Up/NMinusOne/njet_ge2/n_jets in Skim_TriLep_DYJets.root
2026-08-19 12:38:10,012 - INFO - [2016preVFP] MISSING_SYSTEMATIC: SR1E2Mu/PileupReweight_Down/NMinusOne/njet_ge2/n_jets in Skim_TriLep_DYJets.root
2026-08-19 12:38:10,013 - INFO - [2016preVFP] MISSING_SYSTEMATIC: SR1E2Mu/PileupJetIDSF_Up/NMinusOne/njet_ge2/n_jets in Skim_TriLep_DYJets.root
2026-08-19 12:38:10,013 - INFO - [2016preVFP] MISSING_SYSTEMATIC: SR1E2Mu/PileupJetIDSF_Down/NMinusOne/njet_ge2/n_jets in Skim_TriLep_DYJets.root
2026-08-19 12:38:10,014 - INFO - [2016preVFP] MISSING_SYSTEMATIC: SR1E2Mu/MuonIDSF_Up/NMinusOne/njet_ge2/n_jets in Skim_TriLep_DYJets.root
2026-08-19 12:38:10,014 - INFO - [2016preVFP] MISSING_SYSTEMATIC: SR1E2Mu/MuonIDSF_Down/NMinusOne/njet_ge2/n_jets in Skim_TriLep_DYJets.root
2026-08-19 12:38:10,015 - INFO - [2016preVFP] MISSING_SYSTEMATIC: SR1E2Mu/ElectronRecoSF_Up/NMinusOne/njet_ge2/n_jets in Skim_TriLep_DYJets.root
2026-08-19 12:38:10,015 - INFO - [2016preVFP] MISSING_SYSTEMATIC: SR1E2Mu/ElectronRecoSF_Down/NMinusOne/njet_ge2/n_jets in Skim_TriLep_DYJets.root
2026-08-19 12:38:10,016 - INFO - [2016preVFP] MISSING_SYSTEMATIC: SR1E2Mu/ElectronIDSF_Up/NMinusOne/njet_ge2/n_jets in Skim_TriLep_DYJets.root
2026-08-19 12:38:10,016 - INFO - [2016preVFP] MISSING_SYSTEMATIC: SR1E2Mu/ElectronIDSF_Down/NMinusOne/njet_ge2/n_jets in Skim_TriLep_DYJets.root
2026-08-19 12:38:10,016 - INFO - [2016preVFP] MISSING_SYSTEMATIC: SR1E2Mu/EMuTrigSF_Up/NMinusOne/njet_ge2/n_jets in Skim_TriLep_DYJets.root
2026-08-19 12:38:10,016 - INFO - [2016preVFP] MISSING_SYSTEMATIC: SR1E2Mu/EMuTrigSF_Down/NMinusOne/njet_ge2/n_jets in Skim_TriLep_DYJets.root
2026-08-19 12:38:10,017 - INFO - [2016preVFP] MISSING_SYSTEMATIC: SR1E2Mu/JetEn_Up/NMinusOne/njet_ge2/n_jets in Skim_TriLep_DYJets.root
2026-08-19 12:38:10,017 - INFO - [2016preVFP] MISSING_SYSTEMATIC: SR1E2Mu/JetEn_Down/NMinusOne/njet_ge2/n_jets in Skim_TriLep_DYJets.root
2026-08-19 12:38:10,018 - INFO - [2016preVFP] MISSING_SYSTEMATIC: SR1E2Mu/JetRes_Up/NMinusOne/njet_ge2/n_jets in Skim_TriLep_DYJets.root
2026-08-19 12:38:10,018 - INFO - [2016preVFP] MISSING_SYSTEMATIC: SR1E2Mu/JetRes_Down/NMinusOne/njet_ge2/n_jets in Skim_TriLep_DYJets.root
2026-08-19 12:38:10,019 - INFO - [2016preVFP] MISSING_SYSTEMATIC: SR1E2Mu/MuonEn_Up/NMinusOne/njet_ge2/n_jets in Skim_TriLep_DYJets.root
2026-08-19 12:38:10,019 - INFO - [2016preVFP] MISSING_SYSTEMATIC: SR1E2Mu/MuonEn_Down/NMinusOne/njet_ge2/n_jets in Skim_TriLep_DYJets.root
2026-08-19 12:38:10,019 - INFO - [2016preVFP] MISSING_SYSTEMATIC: SR1E2Mu/ElectronEn_Up/NMinusOne/njet_ge2/n_jets in Skim_TriLep_DYJets.root
2026-08-19 12:38:10,019 - INFO - [2016preVFP] MISSING_SYSTEMATIC: SR1E2Mu/ElectronEn_Down/NMinusOne/njet_ge2/n_jets in Skim_TriLep_DYJets.root
2026-08-19 12:38:10,020 - INFO - [2016preVFP] MISSING_SYSTEMATIC: SR1E2Mu/ElectronRes_Up/NMinusOne/njet_ge2/n_jets in Skim_TriLep_DYJets.root
2026-08-19 12:38:10,020 - INFO - [2016preVFP] MISSING_SYSTEMATIC: SR1E2Mu/ElectronRes_Down/NMinusOne/njet_ge2/n_jets in Skim_TriLep_DYJets.root
2026-08-19 12:38:10,021 - INFO - [2016preVFP] MISSING_SYSTEMATIC: SR1E2Mu/UnclusteredEn_Up/NMinusOne/njet_ge2/n_jets in Skim_TriLep_DYJets.root
2026-08-19 12:38:10,021 - INFO - [2016preVFP] MISSING_SYSTEMATIC: SR1E2Mu/UnclusteredEn_Down/NMinusOne/njet_ge2/n_jets in Skim_TriLep_DYJets.root
2026-08-19 12:38:10,022 - INFO - [2016preVFP] MISSING_SYSTEMATIC: SR1E2Mu/BtagSF_HFcorr_Up/NMinusOne/njet_ge2/n_jets in Skim_TriLep_DYJets.root
2026-08-19 12:38:10,022 - INFO - [2016preVFP] MISSING_SYSTEMATIC: SR1E2Mu/BtagSF_HFcorr_Down/NMinusOne/njet_ge2/n_jets in Skim_TriLep_DYJets.root
2026-08-19 12:38:10,023 - INFO - [2016preVFP] MISSING_SYSTEMATIC: SR1E2Mu/BtagSF_HFuncorr_Up/NMinusOne/njet_ge2/n_jets in Skim_TriLep_DYJets.root
2026-08-19 12:38:10,023 - INFO - [2016preVFP] MISSING_SYSTEMATIC: SR1E2Mu/BtagSF_HFuncorr_Down/NMinusOne/njet_ge2/n_jets in Skim_TriLep_DYJets.root
2026-08-19 12:38:10,024 - INFO - [2016preVFP] MISSING_SYSTEMATIC: SR1E2Mu/BtagSF_LFcorr_Up/NMinusOne/njet_ge2/n_jets in Skim_TriLep_DYJets.root
2026-08-19 12:38:10,024 - INFO - [2016preVFP] MISSING_SYSTEMATIC: SR1E2Mu/BtagSF_LFcorr_Down/NMinusOne/njet_ge2/n_jets in Skim_TriLep_DYJets.root
2026-08-19 12:38:10,024 - INFO - [2016preVFP] MISSING_SYSTEMATIC: SR1E2Mu/BtagSF_LFuncorr_Up/NMinusOne/njet_ge2/n_jets in Skim_TriLep_DYJets.root
2026-08-19 12:38:10,024 - INFO - [2016preVFP] MISSING_SYSTEMATIC: SR1E2Mu/BtagSF_LFuncorr_Down/NMinusOne/njet_ge2/n_jets in Skim_TriLep_DYJets.root
2026-08-19 12:38:10,025 - INFO - [2016preVFP] MISSING_CENTRAL: SR1E2Mu/Central/NMinusOne/njet_ge2/n_jets in Skim_TriLep_DYJets10to50.root
2026-08-19 12:38:10,026 - INFO - [2016preVFP] MISSING_SYSTEMATIC: SR1E2Mu/L1Prefire_Up/NMinusOne/njet_ge2/n_jets in Skim_TriLep_TTG.root
2026-08-19 12:38:10,026 - INFO - [2016preVFP] MISSING_SYSTEMATIC: SR1E2Mu/L1Prefire_Down/NMinusOne/njet_ge2/n_jets in Skim_TriLep_TTG.root
2026-08-19 12:38:10,027 - INFO - [2016preVFP] MISSING_SYSTEMATIC: SR1E2Mu/PileupReweight_Up/NMinusOne/njet_ge2/n_jets in Skim_TriLep_TTG.root
2026-08-19 12:38:10,027 - INFO - [2016preVFP] MISSING_SYSTEMATIC: SR1E2Mu/PileupReweight_Down/NMinusOne/njet_ge2/n_jets in Skim_TriLep_TTG.root
2026-08-19 12:38:10,027 - INFO - [2016preVFP] MISSING_SYSTEMATIC: SR1E2Mu/PileupJetIDSF_Up/NMinusOne/njet_ge2/n_jets in Skim_TriLep_TTG.root
2026-08-19 12:38:10,028 - INFO - [2016preVFP] MISSING_SYSTEMATIC: SR1E2Mu/PileupJetIDSF_Down/NMinusOne/njet_ge2/n_jets in Skim_TriLep_TTG.root
2026-08-19 12:38:10,028 - INFO - [2016preVFP] MISSING_SYSTEMATIC: SR1E2Mu/MuonIDSF_Up/NMinusOne/njet_ge2/n_jets in Skim_TriLep_TTG.root
2026-08-19 12:38:10,028 - INFO - [2016preVFP] MISSING_SYSTEMATIC: SR1E2Mu/MuonIDSF_Down/NMinusOne/njet_ge2/n_jets in Skim_TriLep_TTG.root
2026-08-19 12:38:10,029 - INFO - [2016preVFP] MISSING_SYSTEMATIC: SR1E2Mu/ElectronRecoSF_Up/NMinusOne/njet_ge2/n_jets in Skim_TriLep_TTG.root
2026-08-19 12:38:10,029 - INFO - [2016preVFP] MISSING_SYSTEMATIC: SR1E2Mu/ElectronRecoSF_Down/NMinusOne/njet_ge2/n_jets in Skim_TriLep_TTG.root
2026-08-19 12:38:10,030 - INFO - [2016preVFP] MISSING_SYSTEMATIC: SR1E2Mu/ElectronIDSF_Up/NMinusOne/njet_ge2/n_jets in Skim_TriLep_TTG.root
2026-08-19 12:38:10,030 - INFO - [2016preVFP] MISSING_SYSTEMATIC: SR1E2Mu/ElectronIDSF_Down/NMinusOne/njet_ge2/n_jets in Skim_TriLep_TTG.root
2026-08-19 12:38:10,031 - INFO - [2016preVFP] MISSING_SYSTEMATIC: SR1E2Mu/EMuTrigSF_Up/NMinusOne/njet_ge2/n_jets in Skim_TriLep_TTG.root
2026-08-19 12:38:10,031 - INFO - [2016preVFP] MISSING_SYSTEMATIC: SR1E2Mu/EMuTrigSF_Down/NMinusOne/njet_ge2/n_jets in Skim_TriLep_TTG.root
2026-08-19 12:38:10,032 - INFO - [2016preVFP] MISSING_SYSTEMATIC: SR1E2Mu/JetEn_Up/NMinusOne/njet_ge2/n_jets in Skim_TriLep_TTG.root
2026-08-19 12:38:10,032 - INFO - [2016preVFP] MISSING_SYSTEMATIC: SR1E2Mu/JetEn_Down/NMinusOne/njet_ge2/n_jets in Skim_TriLep_TTG.root
2026-08-19 12:38:10,032 - INFO - [2016preVFP] MISSING_SYSTEMATIC: SR1E2Mu/JetRes_Up/NMinusOne/njet_ge2/n_jets in Skim_TriLep_TTG.root
2026-08-19 12:38:10,032 - INFO - [2016preVFP] MISSING_SYSTEMATIC: SR1E2Mu/JetRes_Down/NMinusOne/njet_ge2/n_jets in Skim_TriLep_TTG.root
2026-08-19 12:38:10,033 - INFO - [2016preVFP] MISSING_SYSTEMATIC: SR1E2Mu/MuonEn_Up/NMinusOne/njet_ge2/n_jets in Skim_TriLep_TTG.root
2026-08-19 12:38:10,033 - INFO - [2016preVFP] MISSING_SYSTEMATIC: SR1E2Mu/MuonEn_Down/NMinusOne/njet_ge2/n_jets in Skim_TriLep_TTG.root
2026-08-19 12:38:10,034 - INFO - [2016preVFP] MISSING_SYSTEMATIC: SR1E2Mu/ElectronEn_Up/NMinusOne/njet_ge2/n_jets in Skim_TriLep_TTG.root
2026-08-19 12:38:10,034 - INFO - [2016preVFP] MISSING_SYSTEMATIC: SR1E2Mu/ElectronEn_Down/NMinusOne/njet_ge2/n_jets in Skim_TriLep_TTG.root
2026-08-19 12:38:10,035 - INFO - [2016preVFP] MISSING_SYSTEMATIC: SR1E2Mu/ElectronRes_Up/NMinusOne/njet_ge2/n_jets in Skim_TriLep_TTG.root
2026-08-19 12:38:10,035 - INFO - [2016preVFP] MISSING_SYSTEMATIC: SR1E2Mu/ElectronRes_Down/NMinusOne/njet_ge2/n_jets in Skim_TriLep_TTG.root
2026-08-19 12:38:10,035 - INFO - [2016preVFP] MISSING_SYSTEMATIC: SR1E2Mu/UnclusteredEn_Up/NMinusOne/njet_ge2/n_jets in Skim_TriLep_TTG.root
2026-08-19 12:38:10,035 - INFO - [2016preVFP] MISSING_SYSTEMATIC: SR1E2Mu/UnclusteredEn_Down/NMinusOne/njet_ge2/n_jets in Skim_TriLep_TTG.root
2026-08-19 12:38:10,036 - INFO - [2016preVFP] MISSING_SYSTEMATIC: SR1E2Mu/BtagSF_HFcorr_Up/NMinusOne/njet_ge2/n_jets in Skim_TriLep_TTG.root
2026-08-19 12:38:10,036 - INFO - [2016preVFP] MISSING_SYSTEMATIC: SR1E2Mu/BtagSF_HFcorr_Down/NMinusOne/njet_ge2/n_jets in Skim_TriLep_TTG.root
2026-08-19 12:38:10,037 - INFO - [2016preVFP] MISSING_SYSTEMATIC: SR1E2Mu/BtagSF_HFuncorr_Up/NMinusOne/njet_ge2/n_jets in Skim_TriLep_TTG.root
2026-08-19 12:38:10,037 - INFO - [2016preVFP] MISSING_SYSTEMATIC: SR1E2Mu/BtagSF_HFuncorr_Down/NMinusOne/njet_ge2/n_jets in Skim_TriLep_TTG.root
2026-08-19 12:38:10,037 - INFO - [2016preVFP] MISSING_SYSTEMATIC: SR1E2Mu/BtagSF_LFcorr_Up/NMinusOne/njet_ge2/n_jets in Skim_TriLep_TTG.root
2026-08-19 12:38:10,037 - INFO - [2016preVFP] MISSING_SYSTEMATIC: SR1E2Mu/BtagSF_LFcorr_Down/NMinusOne/njet_ge2/n_jets in Skim_TriLep_TTG.root
2026-08-19 12:38:10,038 - INFO - [2016preVFP] MISSING_SYSTEMATIC: SR1E2Mu/BtagSF_LFuncorr_Up/NMinusOne/njet_ge2/n_jets in Skim_TriLep_TTG.root
2026-08-19 12:38:10,038 - INFO - [2016preVFP] MISSING_SYSTEMATIC: SR1E2Mu/BtagSF_LFuncorr_Down/NMinusOne/njet_ge2/n_jets in Skim_TriLep_TTG.root
2026-08-19 12:38:10,039 - INFO - [2016preVFP] MISSING_SYSTEMATIC: SR1E2Mu/L1Prefire_Up/NMinusOne/njet_ge2/n_jets in Skim_TriLep_WWG.root
2026-08-19 12:38:10,039 - INFO - [2016preVFP] MISSING_SYSTEMATIC: SR1E2Mu/L1Prefire_Down/NMinusOne/njet_ge2/n_jets in Skim_TriLep_WWG.root
2026-08-19 12:38:10,040 - INFO - [2016preVFP] MISSING_SYSTEMATIC: SR1E2Mu/PileupReweight_Up/NMinusOne/njet_ge2/n_jets in Skim_TriLep_WWG.root
2026-08-19 12:38:10,040 - INFO - [2016preVFP] MISSING_SYSTEMATIC: SR1E2Mu/PileupReweight_Down/NMinusOne/njet_ge2/n_jets in Skim_TriLep_WWG.root
2026-08-19 12:38:10,041 - INFO - [2016preVFP] MISSING_SYSTEMATIC: SR1E2Mu/PileupJetIDSF_Up/NMinusOne/njet_ge2/n_jets in Skim_TriLep_WWG.root
2026-08-19 12:38:10,041 - INFO - [2016preVFP] MISSING_SYSTEMATIC: SR1E2Mu/PileupJetIDSF_Down/NMinusOne/njet_ge2/n_jets in Skim_TriLep_WWG.root
2026-08-19 12:38:10,041 - INFO - [2016preVFP] MISSING_SYSTEMATIC: SR1E2Mu/MuonIDSF_Up/NMinusOne/njet_ge2/n_jets in Skim_TriLep_WWG.root
2026-08-19 12:38:10,041 - INFO - [2016preVFP] MISSING_SYSTEMATIC: SR1E2Mu/MuonIDSF_Down/NMinusOne/njet_ge2/n_jets in Skim_TriLep_WWG.root
2026-08-19 12:38:10,042 - INFO - [2016preVFP] MISSING_SYSTEMATIC: SR1E2Mu/ElectronRecoSF_Up/NMinusOne/njet_ge2/n_jets in Skim_TriLep_WWG.root
2026-08-19 12:38:10,042 - INFO - [2016preVFP] MISSING_SYSTEMATIC: SR1E2Mu/ElectronRecoSF_Down/NMinusOne/njet_ge2/n_jets in Skim_TriLep_WWG.root
2026-08-19 12:38:10,043 - INFO - [2016preVFP] MISSING_SYSTEMATIC: SR1E2Mu/ElectronIDSF_Up/NMinusOne/njet_ge2/n_jets in Skim_TriLep_WWG.root
2026-08-19 12:38:10,043 - INFO - [2016preVFP] MISSING_SYSTEMATIC: SR1E2Mu/ElectronIDSF_Down/NMinusOne/njet_ge2/n_jets in Skim_TriLep_WWG.root
2026-08-19 12:38:10,043 - INFO - [2016preVFP] MISSING_SYSTEMATIC: SR1E2Mu/EMuTrigSF_Up/NMinusOne/njet_ge2/n_jets in Skim_TriLep_WWG.root
2026-08-19 12:38:10,043 - INFO - [2016preVFP] MISSING_SYSTEMATIC: SR1E2Mu/EMuTrigSF_Down/NMinusOne/njet_ge2/n_jets in Skim_TriLep_WWG.root
2026-08-19 12:38:10,044 - INFO - [2016preVFP] MISSING_SYSTEMATIC: SR1E2Mu/JetEn_Up/NMinusOne/njet_ge2/n_jets in Skim_TriLep_WWG.root
2026-08-19 12:38:10,044 - INFO - [2016preVFP] MISSING_SYSTEMATIC: SR1E2Mu/JetEn_Down/NMinusOne/njet_ge2/n_jets in Skim_TriLep_WWG.root
2026-08-19 12:38:10,045 - INFO - [2016preVFP] MISSING_SYSTEMATIC: SR1E2Mu/JetRes_Up/NMinusOne/njet_ge2/n_jets in Skim_TriLep_WWG.root
2026-08-19 12:38:10,045 - INFO - [2016preVFP] MISSING_SYSTEMATIC: SR1E2Mu/JetRes_Down/NMinusOne/njet_ge2/n_jets in Skim_TriLep_WWG.root
2026-08-19 12:38:10,045 - INFO - [2016preVFP] MISSING_SYSTEMATIC: SR1E2Mu/MuonEn_Up/NMinusOne/njet_ge2/n_jets in Skim_TriLep_WWG.root
2026-08-19 12:38:10,045 - INFO - [2016preVFP] MISSING_SYSTEMATIC: SR1E2Mu/MuonEn_Down/NMinusOne/njet_ge2/n_jets in Skim_TriLep_WWG.root
2026-08-19 12:38:10,046 - INFO - [2016preVFP] MISSING_SYSTEMATIC: SR1E2Mu/ElectronEn_Up/NMinusOne/njet_ge2/n_jets in Skim_TriLep_WWG.root
2026-08-19 12:38:10,046 - INFO - [2016preVFP] MISSING_SYSTEMATIC: SR1E2Mu/ElectronEn_Down/NMinusOne/njet_ge2/n_jets in Skim_TriLep_WWG.root
2026-08-19 12:38:10,047 - INFO - [2016preVFP] MISSING_SYSTEMATIC: SR1E2Mu/ElectronRes_Up/NMinusOne/njet_ge2/n_jets in Skim_TriLep_WWG.root
2026-08-19 12:38:10,047 - INFO - [2016preVFP] MISSING_SYSTEMATIC: SR1E2Mu/ElectronRes_Down/NMinusOne/njet_ge2/n_jets in Skim_TriLep_WWG.root
2026-08-19 12:38:10,048 - INFO - [2016preVFP] MISSING_SYSTEMATIC: SR1E2Mu/UnclusteredEn_Up/NMinusOne/njet_ge2/n_jets in Skim_TriLep_WWG.root
2026-08-19 12:38:10,048 - INFO - [2016preVFP] MISSING_SYSTEMATIC: SR1E2Mu/UnclusteredEn_Down/NMinusOne/njet_ge2/n_jets in Skim_TriLep_WWG.root
2026-08-19 12:38:10,048 - INFO - [2016preVFP] MISSING_SYSTEMATIC: SR1E2Mu/BtagSF_HFcorr_Up/NMinusOne/njet_ge2/n_jets in Skim_TriLep_WWG.root
2026-08-19 12:38:10,048 - INFO - [2016preVFP] MISSING_SYSTEMATIC: SR1E2Mu/BtagSF_HFcorr_Down/NMinusOne/njet_ge2/n_jets in Skim_TriLep_WWG.root
2026-08-19 12:38:10,049 - INFO - [2016preVFP] MISSING_SYSTEMATIC: SR1E2Mu/BtagSF_HFuncorr_Up/NMinusOne/njet_ge2/n_jets in Skim_TriLep_WWG.root
2026-08-19 12:38:10,049 - INFO - [2016preVFP] MISSING_SYSTEMATIC: SR1E2Mu/BtagSF_HFuncorr_Down/NMinusOne/njet_ge2/n_jets in Skim_TriLep_WWG.root
2026-08-19 12:38:10,050 - INFO - [2016preVFP] MISSING_SYSTEMATIC: SR1E2Mu/BtagSF_LFcorr_Up/NMinusOne/njet_ge2/n_jets in Skim_TriLep_WWG.root
2026-08-19 12:38:10,050 - INFO - [2016preVFP] MISSING_SYSTEMATIC: SR1E2Mu/BtagSF_LFcorr_Down/NMinusOne/njet_ge2/n_jets in Skim_TriLep_WWG.root
2026-08-19 12:38:10,050 - INFO - [2016preVFP] MISSING_SYSTEMATIC: SR1E2Mu/BtagSF_LFuncorr_Up/NMinusOne/njet_ge2/n_jets in Skim_TriLep_WWG.root
2026-08-19 12:38:10,050 - INFO - [2016preVFP] MISSING_SYSTEMATIC: SR1E2Mu/BtagSF_LFuncorr_Down/NMinusOne/njet_ge2/n_jets in Skim_TriLep_WWG.root
2026-08-19 12:38:10,051 - INFO - [2016preVFP] MISSING_SYSTEMATIC: SR1E2Mu/L1Prefire_Up/NMinusOne/njet_ge2/n_jets in Skim_TriLep_TTWToLNu.root
2026-08-19 12:38:10,051 - INFO - [2016preVFP] MISSING_SYSTEMATIC: SR1E2Mu/L1Prefire_Down/NMinusOne/njet_ge2/n_jets in Skim_TriLep_TTWToLNu.root
2026-08-19 12:38:10,052 - INFO - [2016preVFP] MISSING_SYSTEMATIC: SR1E2Mu/PileupReweight_Up/NMinusOne/njet_ge2/n_jets in Skim_TriLep_TTWToLNu.root
2026-08-19 12:38:10,052 - INFO - [2016preVFP] MISSING_SYSTEMATIC: SR1E2Mu/PileupReweight_Down/NMinusOne/njet_ge2/n_jets in Skim_TriLep_TTWToLNu.root
2026-08-19 12:38:10,053 - INFO - [2016preVFP] MISSING_SYSTEMATIC: SR1E2Mu/PileupJetIDSF_Up/NMinusOne/njet_ge2/n_jets in Skim_TriLep_TTWToLNu.root
2026-08-19 12:38:10,053 - INFO - [2016preVFP] MISSING_SYSTEMATIC: SR1E2Mu/PileupJetIDSF_Down/NMinusOne/njet_ge2/n_jets in Skim_TriLep_TTWToLNu.root
2026-08-19 12:38:10,053 - INFO - [2016preVFP] MISSING_SYSTEMATIC: SR1E2Mu/MuonIDSF_Up/NMinusOne/njet_ge2/n_jets in Skim_TriLep_TTWToLNu.root
2026-08-19 12:38:10,053 - INFO - [2016preVFP] MISSING_SYSTEMATIC: SR1E2Mu/MuonIDSF_Down/NMinusOne/njet_ge2/n_jets in Skim_TriLep_TTWToLNu.root
2026-08-19 12:38:10,054 - INFO - [2016preVFP] MISSING_SYSTEMATIC: SR1E2Mu/ElectronRecoSF_Up/NMinusOne/njet_ge2/n_jets in Skim_TriLep_TTWToLNu.root
2026-08-19 12:38:10,054 - INFO - [2016preVFP] MISSING_SYSTEMATIC: SR1E2Mu/ElectronRecoSF_Down/NMinusOne/njet_ge2/n_jets in Skim_TriLep_TTWToLNu.root
2026-08-19 12:38:10,055 - INFO - [2016preVFP] MISSING_SYSTEMATIC: SR1E2Mu/ElectronIDSF_Up/NMinusOne/njet_ge2/n_jets in Skim_TriLep_TTWToLNu.root
2026-08-19 12:38:10,055 - INFO - [2016preVFP] MISSING_SYSTEMATIC: SR1E2Mu/ElectronIDSF_Down/NMinusOne/njet_ge2/n_jets in Skim_TriLep_TTWToLNu.root
2026-08-19 12:38:10,055 - INFO - [2016preVFP] MISSING_SYSTEMATIC: SR1E2Mu/EMuTrigSF_Up/NMinusOne/njet_ge2/n_jets in Skim_TriLep_TTWToLNu.root
2026-08-19 12:38:10,055 - INFO - [2016preVFP] MISSING_SYSTEMATIC: SR1E2Mu/EMuTrigSF_Down/NMinusOne/njet_ge2/n_jets in Skim_TriLep_TTWToLNu.root
2026-08-19 12:38:10,056 - INFO - [2016preVFP] MISSING_SYSTEMATIC: SR1E2Mu/JetEn_Up/NMinusOne/njet_ge2/n_jets in Skim_TriLep_TTWToLNu.root
2026-08-19 12:38:10,056 - INFO - [2016preVFP] MISSING_SYSTEMATIC: SR1E2Mu/JetEn_Down/NMinusOne/njet_ge2/n_jets in Skim_TriLep_TTWToLNu.root
2026-08-19 12:38:10,057 - INFO - [2016preVFP] MISSING_SYSTEMATIC: SR1E2Mu/JetRes_Up/NMinusOne/njet_ge2/n_jets in Skim_TriLep_TTWToLNu.root
2026-08-19 12:38:10,057 - INFO - [2016preVFP] MISSING_SYSTEMATIC: SR1E2Mu/JetRes_Down/NMinusOne/njet_ge2/n_jets in Skim_TriLep_TTWToLNu.root
2026-08-19 12:38:10,057 - INFO - [2016preVFP] MISSING_SYSTEMATIC: SR1E2Mu/MuonEn_Up/NMinusOne/njet_ge2/n_jets in Skim_TriLep_TTWToLNu.root
2026-08-19 12:38:10,057 - INFO - [2016preVFP] MISSING_SYSTEMATIC: SR1E2Mu/MuonEn_Down/NMinusOne/njet_ge2/n_jets in Skim_TriLep_TTWToLNu.root
2026-08-19 12:38:10,058 - INFO - [2016preVFP] MISSING_SYSTEMATIC: SR1E2Mu/ElectronEn_Up/NMinusOne/njet_ge2/n_jets in Skim_TriLep_TTWToLNu.root
2026-08-19 12:38:10,058 - INFO - [2016preVFP] MISSING_SYSTEMATIC: SR1E2Mu/ElectronEn_Down/NMinusOne/njet_ge2/n_jets in Skim_TriLep_TTWToLNu.root
2026-08-19 12:38:10,059 - INFO - [2016preVFP] MISSING_SYSTEMATIC: SR1E2Mu/ElectronRes_Up/NMinusOne/njet_ge2/n_jets in Skim_TriLep_TTWToLNu.root
2026-08-19 12:38:10,059 - INFO - [2016preVFP] MISSING_SYSTEMATIC: SR1E2Mu/ElectronRes_Down/NMinusOne/njet_ge2/n_jets in Skim_TriLep_TTWToLNu.root
2026-08-19 12:38:10,060 - INFO - [2016preVFP] MISSING_SYSTEMATIC: SR1E2Mu/UnclusteredEn_Up/NMinusOne/njet_ge2/n_jets in Skim_TriLep_TTWToLNu.root
2026-08-19 12:38:10,060 - INFO - [2016preVFP] MISSING_SYSTEMATIC: SR1E2Mu/UnclusteredEn_Down/NMinusOne/njet_ge2/n_jets in Skim_TriLep_TTWToLNu.root
2026-08-19 12:38:10,061 - INFO - [2016preVFP] MISSING_SYSTEMATIC: SR1E2Mu/BtagSF_HFcorr_Up/NMinusOne/njet_ge2/n_jets in Skim_TriLep_TTWToLNu.root
2026-08-19 12:38:10,061 - INFO - [2016preVFP] MISSING_SYSTEMATIC: SR1E2Mu/BtagSF_HFcorr_Down/NMinusOne/njet_ge2/n_jets in Skim_TriLep_TTWToLNu.root
2026-08-19 12:38:10,061 - INFO - [2016preVFP] MISSING_SYSTEMATIC: SR1E2Mu/BtagSF_HFuncorr_Up/NMinusOne/njet_ge2/n_jets in Skim_TriLep_TTWToLNu.root
2026-08-19 12:38:10,061 - INFO - [2016preVFP] MISSING_SYSTEMATIC: SR1E2Mu/BtagSF_HFuncorr_Down/NMinusOne/njet_ge2/n_jets in Skim_TriLep_TTWToLNu.root
2026-08-19 12:38:10,062 - INFO - [2016preVFP] MISSING_SYSTEMATIC: SR1E2Mu/BtagSF_LFcorr_Up/NMinusOne/njet_ge2/n_jets in Skim_TriLep_TTWToLNu.root
2026-08-19 12:38:10,062 - INFO - [2016preVFP] MISSING_SYSTEMATIC: SR1E2Mu/BtagSF_LFcorr_Down/NMinusOne/njet_ge2/n_jets in Skim_TriLep_TTWToLNu.root
2026-08-19 12:38:10,063 - INFO - [2016preVFP] MISSING_SYSTEMATIC: SR1E2Mu/BtagSF_LFuncorr_Up/NMinusOne/njet_ge2/n_jets in Skim_TriLep_TTWToLNu.root
2026-08-19 12:38:10,063 - INFO - [2016preVFP] MISSING_SYSTEMATIC: SR1E2Mu/BtagSF_LFuncorr_Down/NMinusOne/njet_ge2/n_jets in Skim_TriLep_TTWToLNu.root
2026-08-19 12:38:10,064 - INFO - [2016preVFP] MISSING_SYSTEMATIC: SR1E2Mu/L1Prefire_Up/NMinusOne/njet_ge2/n_jets in Skim_TriLep_TTZToLLNuNu.root
2026-08-19 12:38:10,064 - INFO - [2016preVFP] MISSING_SYSTEMATIC: SR1E2Mu/L1Prefire_Down/NMinusOne/njet_ge2/n_jets in Skim_TriLep_TTZToLLNuNu.root
2026-08-19 12:38:10,064 - INFO - [2016preVFP] MISSING_SYSTEMATIC: SR1E2Mu/PileupReweight_Up/NMinusOne/njet_ge2/n_jets in Skim_TriLep_TTZToLLNuNu.root
2026-08-19 12:38:10,064 - INFO - [2016preVFP] MISSING_SYSTEMATIC: SR1E2Mu/PileupReweight_Down/NMinusOne/njet_ge2/n_jets in Skim_TriLep_TTZToLLNuNu.root
2026-08-19 12:38:10,065 - INFO - [2016preVFP] MISSING_SYSTEMATIC: SR1E2Mu/PileupJetIDSF_Up/NMinusOne/njet_ge2/n_jets in Skim_TriLep_TTZToLLNuNu.root
2026-08-19 12:38:10,065 - INFO - [2016preVFP] MISSING_SYSTEMATIC: SR1E2Mu/PileupJetIDSF_Down/NMinusOne/njet_ge2/n_jets in Skim_TriLep_TTZToLLNuNu.root
2026-08-19 12:38:10,066 - INFO - [2016preVFP] MISSING_SYSTEMATIC: SR1E2Mu/MuonIDSF_Up/NMinusOne/njet_ge2/n_jets in Skim_TriLep_TTZToLLNuNu.root
2026-08-19 12:38:10,066 - INFO - [2016preVFP] MISSING_SYSTEMATIC: SR1E2Mu/MuonIDSF_Down/NMinusOne/njet_ge2/n_jets in Skim_TriLep_TTZToLLNuNu.root
2026-08-19 12:38:10,066 - INFO - [2016preVFP] MISSING_SYSTEMATIC: SR1E2Mu/ElectronRecoSF_Up/NMinusOne/njet_ge2/n_jets in Skim_TriLep_TTZToLLNuNu.root
2026-08-19 12:38:10,066 - INFO - [2016preVFP] MISSING_SYSTEMATIC: SR1E2Mu/ElectronRecoSF_Down/NMinusOne/njet_ge2/n_jets in Skim_TriLep_TTZToLLNuNu.root
2026-08-19 12:38:10,067 - INFO - [2016preVFP] MISSING_SYSTEMATIC: SR1E2Mu/ElectronIDSF_Up/NMinusOne/njet_ge2/n_jets in Skim_TriLep_TTZToLLNuNu.root
2026-08-19 12:38:10,067 - INFO - [2016preVFP] MISSING_SYSTEMATIC: SR1E2Mu/ElectronIDSF_Down/NMinusOne/njet_ge2/n_jets in Skim_TriLep_TTZToLLNuNu.root
2026-08-19 12:38:10,068 - INFO - [2016preVFP] MISSING_SYSTEMATIC: SR1E2Mu/EMuTrigSF_Up/NMinusOne/njet_ge2/n_jets in Skim_TriLep_TTZToLLNuNu.root
2026-08-19 12:38:10,068 - INFO - [2016preVFP] MISSING_SYSTEMATIC: SR1E2Mu/EMuTrigSF_Down/NMinusOne/njet_ge2/n_jets in Skim_TriLep_TTZToLLNuNu.root
2026-08-19 12:38:10,068 - INFO - [2016preVFP] MISSING_SYSTEMATIC: SR1E2Mu/JetEn_Up/NMinusOne/njet_ge2/n_jets in Skim_TriLep_TTZToLLNuNu.root
2026-08-19 12:38:10,069 - INFO - [2016preVFP] MISSING_SYSTEMATIC: SR1E2Mu/JetEn_Down/NMinusOne/njet_ge2/n_jets in Skim_TriLep_TTZToLLNuNu.root
2026-08-19 12:38:10,069 - INFO - [2016preVFP] MISSING_SYSTEMATIC: SR1E2Mu/JetRes_Up/NMinusOne/njet_ge2/n_jets in Skim_TriLep_TTZToLLNuNu.root
2026-08-19 12:38:10,069 - INFO - [2016preVFP] MISSING_SYSTEMATIC: SR1E2Mu/JetRes_Down/NMinusOne/njet_ge2/n_jets in Skim_TriLep_TTZToLLNuNu.root
2026-08-19 12:38:10,070 - INFO - [2016preVFP] MISSING_SYSTEMATIC: SR1E2Mu/MuonEn_Up/NMinusOne/njet_ge2/n_jets in Skim_TriLep_TTZToLLNuNu.root
2026-08-19 12:38:10,070 - INFO - [2016preVFP] MISSING_SYSTEMATIC: SR1E2Mu/MuonEn_Down/NMinusOne/njet_ge2/n_jets in Skim_TriLep_TTZToLLNuNu.root
2026-08-19 12:38:10,070 - INFO - [2016preVFP] MISSING_SYSTEMATIC: SR1E2Mu/ElectronEn_Up/NMinusOne/njet_ge2/n_jets in Skim_TriLep_TTZToLLNuNu.root
2026-08-19 12:38:10,070 - INFO - [2016preVFP] MISSING_SYSTEMATIC: SR1E2Mu/ElectronEn_Down/NMinusOne/njet_ge2/n_jets in Skim_TriLep_TTZToLLNuNu.root
2026-08-19 12:38:10,071 - INFO - [2016preVFP] MISSING_SYSTEMATIC: SR1E2Mu/ElectronRes_Up/NMinusOne/njet_ge2/n_jets in Skim_TriLep_TTZToLLNuNu.root
2026-08-19 12:38:10,071 - INFO - [2016preVFP] MISSING_SYSTEMATIC: SR1E2Mu/ElectronRes_Down/NMinusOne/njet_ge2/n_jets in Skim_TriLep_TTZToLLNuNu.root
2026-08-19 12:38:10,072 - INFO - [2016preVFP] MISSING_SYSTEMATIC: SR1E2Mu/UnclusteredEn_Up/NMinusOne/njet_ge2/n_jets in Skim_TriLep_TTZToLLNuNu.root
2026-08-19 12:38:10,072 - INFO - [2016preVFP] MISSING_SYSTEMATIC: SR1E2Mu/UnclusteredEn_Down/NMinusOne/njet_ge2/n_jets in Skim_TriLep_TTZToLLNuNu.root
2026-08-19 12:38:10,072 - INFO - [2016preVFP] MISSING_SYSTEMATIC: SR1E2Mu/BtagSF_HFcorr_Up/NMinusOne/njet_ge2/n_jets in Skim_TriLep_TTZToLLNuNu.root
2026-08-19 12:38:10,072 - INFO - [2016preVFP] MISSING_SYSTEMATIC: SR1E2Mu/BtagSF_HFcorr_Down/NMinusOne/njet_ge2/n_jets in Skim_TriLep_TTZToLLNuNu.root
2026-08-19 12:38:10,073 - INFO - [2016preVFP] MISSING_SYSTEMATIC: SR1E2Mu/BtagSF_HFuncorr_Up/NMinusOne/njet_ge2/n_jets in Skim_TriLep_TTZToLLNuNu.root
2026-08-19 12:38:10,073 - INFO - [2016preVFP] MISSING_SYSTEMATIC: SR1E2Mu/BtagSF_HFuncorr_Down/NMinusOne/njet_ge2/n_jets in Skim_TriLep_TTZToLLNuNu.root
2026-08-19 12:38:10,074 - INFO - [2016preVFP] MISSING_SYSTEMATIC: SR1E2Mu/BtagSF_LFcorr_Up/NMinusOne/njet_ge2/n_jets in Skim_TriLep_TTZToLLNuNu.root
2026-08-19 12:38:10,074 - INFO - [2016preVFP] MISSING_SYSTEMATIC: SR1E2Mu/BtagSF_LFcorr_Down/NMinusOne/njet_ge2/n_jets in Skim_TriLep_TTZToLLNuNu.root
2026-08-19 12:38:10,074 - INFO - [2016preVFP] MISSING_SYSTEMATIC: SR1E2Mu/BtagSF_LFuncorr_Up/NMinusOne/njet_ge2/n_jets in Skim_TriLep_TTZToLLNuNu.root
2026-08-19 12:38:10,074 - INFO - [2016preVFP] MISSING_SYSTEMATIC: SR1E2Mu/BtagSF_LFuncorr_Down/NMinusOne/njet_ge2/n_jets in Skim_TriLep_TTZToLLNuNu.root
2026-08-19 12:38:10,076 - INFO - [2016preVFP] MISSING_SYSTEMATIC: SR1E2Mu/L1Prefire_Up/NMinusOne/njet_ge2/n_jets in Skim_TriLep_TTHToNonbb.root
2026-08-19 12:38:10,076 - INFO - [2016preVFP] MISSING_SYSTEMATIC: SR1E2Mu/L1Prefire_Down/NMinusOne/njet_ge2/n_jets in Skim_TriLep_TTHToNonbb.root
2026-08-19 12:38:10,076 - INFO - [2016preVFP] MISSING_SYSTEMATIC: SR1E2Mu/PileupReweight_Up/NMinusOne/njet_ge2/n_jets in Skim_TriLep_TTHToNonbb.root
2026-08-19 12:38:10,076 - INFO - [2016preVFP] MISSING_SYSTEMATIC: SR1E2Mu/PileupReweight_Down/NMinusOne/njet_ge2/n_jets in Skim_TriLep_TTHToNonbb.root
2026-08-19 12:38:10,077 - INFO - [2016preVFP] MISSING_SYSTEMATIC: SR1E2Mu/PileupJetIDSF_Up/NMinusOne/njet_ge2/n_jets in Skim_TriLep_TTHToNonbb.root
2026-08-19 12:38:10,077 - INFO - [2016preVFP] MISSING_SYSTEMATIC: SR1E2Mu/PileupJetIDSF_Down/NMinusOne/njet_ge2/n_jets in Skim_TriLep_TTHToNonbb.root
2026-08-19 12:38:10,078 - INFO - [2016preVFP] MISSING_SYSTEMATIC: SR1E2Mu/MuonIDSF_Up/NMinusOne/njet_ge2/n_jets in Skim_TriLep_TTHToNonbb.root
2026-08-19 12:38:10,078 - INFO - [2016preVFP] MISSING_SYSTEMATIC: SR1E2Mu/MuonIDSF_Down/NMinusOne/njet_ge2/n_jets in Skim_TriLep_TTHToNonbb.root
2026-08-19 12:38:10,078 - INFO - [2016preVFP] MISSING_SYSTEMATIC: SR1E2Mu/ElectronRecoSF_Up/NMinusOne/njet_ge2/n_jets in Skim_TriLep_TTHToNonbb.root
2026-08-19 12:38:10,078 - INFO - [2016preVFP] MISSING_SYSTEMATIC: SR1E2Mu/ElectronRecoSF_Down/NMinusOne/njet_ge2/n_jets in Skim_TriLep_TTHToNonbb.root
2026-08-19 12:38:10,079 - INFO - [2016preVFP] MISSING_SYSTEMATIC: SR1E2Mu/ElectronIDSF_Up/NMinusOne/njet_ge2/n_jets in Skim_TriLep_TTHToNonbb.root
2026-08-19 12:38:10,079 - INFO - [2016preVFP] MISSING_SYSTEMATIC: SR1E2Mu/ElectronIDSF_Down/NMinusOne/njet_ge2/n_jets in Skim_TriLep_TTHToNonbb.root
2026-08-19 12:38:10,080 - INFO - [2016preVFP] MISSING_SYSTEMATIC: SR1E2Mu/EMuTrigSF_Up/NMinusOne/njet_ge2/n_jets in Skim_TriLep_TTHToNonbb.root
2026-08-19 12:38:10,080 - INFO - [2016preVFP] MISSING_SYSTEMATIC: SR1E2Mu/EMuTrigSF_Down/NMinusOne/njet_ge2/n_jets in Skim_TriLep_TTHToNonbb.root
2026-08-19 12:38:10,080 - INFO - [2016preVFP] MISSING_SYSTEMATIC: SR1E2Mu/JetEn_Up/NMinusOne/njet_ge2/n_jets in Skim_TriLep_TTHToNonbb.root
2026-08-19 12:38:10,080 - INFO - [2016preVFP] MISSING_SYSTEMATIC: SR1E2Mu/JetEn_Down/NMinusOne/njet_ge2/n_jets in Skim_TriLep_TTHToNonbb.root
2026-08-19 12:38:10,081 - INFO - [2016preVFP] MISSING_SYSTEMATIC: SR1E2Mu/JetRes_Up/NMinusOne/njet_ge2/n_jets in Skim_TriLep_TTHToNonbb.root
2026-08-19 12:38:10,081 - INFO - [2016preVFP] MISSING_SYSTEMATIC: SR1E2Mu/JetRes_Down/NMinusOne/njet_ge2/n_jets in Skim_TriLep_TTHToNonbb.root
2026-08-19 12:38:10,082 - INFO - [2016preVFP] MISSING_SYSTEMATIC: SR1E2Mu/MuonEn_Up/NMinusOne/njet_ge2/n_jets in Skim_TriLep_TTHToNonbb.root
2026-08-19 12:38:10,082 - INFO - [2016preVFP] MISSING_SYSTEMATIC: SR1E2Mu/MuonEn_Down/NMinusOne/njet_ge2/n_jets in Skim_TriLep_TTHToNonbb.root
2026-08-19 12:38:10,082 - INFO - [2016preVFP] MISSING_SYSTEMATIC: SR1E2Mu/ElectronEn_Up/NMinusOne/njet_ge2/n_jets in Skim_TriLep_TTHToNonbb.root
2026-08-19 12:38:10,082 - INFO - [2016preVFP] MISSING_SYSTEMATIC: SR1E2Mu/ElectronEn_Down/NMinusOne/njet_ge2/n_jets in Skim_TriLep_TTHToNonbb.root
2026-08-19 12:38:10,083 - INFO - [2016preVFP] MISSING_SYSTEMATIC: SR1E2Mu/ElectronRes_Up/NMinusOne/njet_ge2/n_jets in Skim_TriLep_TTHToNonbb.root
2026-08-19 12:38:10,083 - INFO - [2016preVFP] MISSING_SYSTEMATIC: SR1E2Mu/ElectronRes_Down/NMinusOne/njet_ge2/n_jets in Skim_TriLep_TTHToNonbb.root
2026-08-19 12:38:10,084 - INFO - [2016preVFP] MISSING_SYSTEMATIC: SR1E2Mu/UnclusteredEn_Up/NMinusOne/njet_ge2/n_jets in Skim_TriLep_TTHToNonbb.root
2026-08-19 12:38:10,084 - INFO - [2016preVFP] MISSING_SYSTEMATIC: SR1E2Mu/UnclusteredEn_Down/NMinusOne/njet_ge2/n_jets in Skim_TriLep_TTHToNonbb.root
2026-08-19 12:38:10,084 - INFO - [2016preVFP] MISSING_SYSTEMATIC: SR1E2Mu/BtagSF_HFcorr_Up/NMinusOne/njet_ge2/n_jets in Skim_TriLep_TTHToNonbb.root
2026-08-19 12:38:10,084 - INFO - [2016preVFP] MISSING_SYSTEMATIC: SR1E2Mu/BtagSF_HFcorr_Down/NMinusOne/njet_ge2/n_jets in Skim_TriLep_TTHToNonbb.root
2026-08-19 12:38:10,085 - INFO - [2016preVFP] MISSING_SYSTEMATIC: SR1E2Mu/BtagSF_HFuncorr_Up/NMinusOne/njet_ge2/n_jets in Skim_TriLep_TTHToNonbb.root
2026-08-19 12:38:10,085 - INFO - [2016preVFP] MISSING_SYSTEMATIC: SR1E2Mu/BtagSF_HFuncorr_Down/NMinusOne/njet_ge2/n_jets in Skim_TriLep_TTHToNonbb.root
2026-08-19 12:38:10,086 - INFO - [2016preVFP] MISSING_SYSTEMATIC: SR1E2Mu/BtagSF_LFcorr_Up/NMinusOne/njet_ge2/n_jets in Skim_TriLep_TTHToNonbb.root
2026-08-19 12:38:10,086 - INFO - [2016preVFP] MISSING_SYSTEMATIC: SR1E2Mu/BtagSF_LFcorr_Down/NMinusOne/njet_ge2/n_jets in Skim_TriLep_TTHToNonbb.root
2026-08-19 12:38:10,086 - INFO - [2016preVFP] MISSING_SYSTEMATIC: SR1E2Mu/BtagSF_LFuncorr_Up/NMinusOne/njet_ge2/n_jets in Skim_TriLep_TTHToNonbb.root
2026-08-19 12:38:10,086 - INFO - [2016preVFP] MISSING_SYSTEMATIC: SR1E2Mu/BtagSF_LFuncorr_Down/NMinusOne/njet_ge2/n_jets in Skim_TriLep_TTHToNonbb.root
2026-08-19 12:38:10,087 - INFO - [2016preVFP] MISSING_SYSTEMATIC: SR1E2Mu/L1Prefire_Up/NMinusOne/njet_ge2/n_jets in Skim_TriLep_tZq.root
2026-08-19 12:38:10,087 - INFO - [2016preVFP] MISSING_SYSTEMATIC: SR1E2Mu/L1Prefire_Down/NMinusOne/njet_ge2/n_jets in Skim_TriLep_tZq.root
2026-08-19 12:38:10,088 - INFO - [2016preVFP] MISSING_SYSTEMATIC: SR1E2Mu/PileupReweight_Up/NMinusOne/njet_ge2/n_jets in Skim_TriLep_tZq.root
2026-08-19 12:38:10,088 - INFO - [2016preVFP] MISSING_SYSTEMATIC: SR1E2Mu/PileupReweight_Down/NMinusOne/njet_ge2/n_jets in Skim_TriLep_tZq.root
2026-08-19 12:38:10,088 - INFO - [2016preVFP] MISSING_SYSTEMATIC: SR1E2Mu/PileupJetIDSF_Up/NMinusOne/njet_ge2/n_jets in Skim_TriLep_tZq.root
2026-08-19 12:38:10,089 - INFO - [2016preVFP] MISSING_SYSTEMATIC: SR1E2Mu/PileupJetIDSF_Down/NMinusOne/njet_ge2/n_jets in Skim_TriLep_tZq.root
2026-08-19 12:38:10,089 - INFO - [2016preVFP] MISSING_SYSTEMATIC: SR1E2Mu/MuonIDSF_Up/NMinusOne/njet_ge2/n_jets in Skim_TriLep_tZq.root
2026-08-19 12:38:10,089 - INFO - [2016preVFP] MISSING_SYSTEMATIC: SR1E2Mu/MuonIDSF_Down/NMinusOne/njet_ge2/n_jets in Skim_TriLep_tZq.root
2026-08-19 12:38:10,090 - INFO - [2016preVFP] MISSING_SYSTEMATIC: SR1E2Mu/ElectronRecoSF_Up/NMinusOne/njet_ge2/n_jets in Skim_TriLep_tZq.root
2026-08-19 12:38:10,090 - INFO - [2016preVFP] MISSING_SYSTEMATIC: SR1E2Mu/ElectronRecoSF_Down/NMinusOne/njet_ge2/n_jets in Skim_TriLep_tZq.root
2026-08-19 12:38:10,090 - INFO - [2016preVFP] MISSING_SYSTEMATIC: SR1E2Mu/ElectronIDSF_Up/NMinusOne/njet_ge2/n_jets in Skim_TriLep_tZq.root
2026-08-19 12:38:10,090 - INFO - [2016preVFP] MISSING_SYSTEMATIC: SR1E2Mu/ElectronIDSF_Down/NMinusOne/njet_ge2/n_jets in Skim_TriLep_tZq.root
2026-08-19 12:38:10,091 - INFO - [2016preVFP] MISSING_SYSTEMATIC: SR1E2Mu/EMuTrigSF_Up/NMinusOne/njet_ge2/n_jets in Skim_TriLep_tZq.root
2026-08-19 12:38:10,091 - INFO - [2016preVFP] MISSING_SYSTEMATIC: SR1E2Mu/EMuTrigSF_Down/NMinusOne/njet_ge2/n_jets in Skim_TriLep_tZq.root
2026-08-19 12:38:10,092 - INFO - [2016preVFP] MISSING_SYSTEMATIC: SR1E2Mu/JetEn_Up/NMinusOne/njet_ge2/n_jets in Skim_TriLep_tZq.root
2026-08-19 12:38:10,092 - INFO - [2016preVFP] MISSING_SYSTEMATIC: SR1E2Mu/JetEn_Down/NMinusOne/njet_ge2/n_jets in Skim_TriLep_tZq.root
2026-08-19 12:38:10,092 - INFO - [2016preVFP] MISSING_SYSTEMATIC: SR1E2Mu/JetRes_Up/NMinusOne/njet_ge2/n_jets in Skim_TriLep_tZq.root
2026-08-19 12:38:10,092 - INFO - [2016preVFP] MISSING_SYSTEMATIC: SR1E2Mu/JetRes_Down/NMinusOne/njet_ge2/n_jets in Skim_TriLep_tZq.root
2026-08-19 12:38:10,093 - INFO - [2016preVFP] MISSING_SYSTEMATIC: SR1E2Mu/MuonEn_Up/NMinusOne/njet_ge2/n_jets in Skim_TriLep_tZq.root
2026-08-19 12:38:10,093 - INFO - [2016preVFP] MISSING_SYSTEMATIC: SR1E2Mu/MuonEn_Down/NMinusOne/njet_ge2/n_jets in Skim_TriLep_tZq.root
2026-08-19 12:38:10,094 - INFO - [2016preVFP] MISSING_SYSTEMATIC: SR1E2Mu/ElectronEn_Up/NMinusOne/njet_ge2/n_jets in Skim_TriLep_tZq.root
2026-08-19 12:38:10,094 - INFO - [2016preVFP] MISSING_SYSTEMATIC: SR1E2Mu/ElectronEn_Down/NMinusOne/njet_ge2/n_jets in Skim_TriLep_tZq.root
2026-08-19 12:38:10,094 - INFO - [2016preVFP] MISSING_SYSTEMATIC: SR1E2Mu/ElectronRes_Up/NMinusOne/njet_ge2/n_jets in Skim_TriLep_tZq.root
2026-08-19 12:38:10,094 - INFO - [2016preVFP] MISSING_SYSTEMATIC: SR1E2Mu/ElectronRes_Down/NMinusOne/njet_ge2/n_jets in Skim_TriLep_tZq.root
2026-08-19 12:38:10,095 - INFO - [2016preVFP] MISSING_SYSTEMATIC: SR1E2Mu/UnclusteredEn_Up/NMinusOne/njet_ge2/n_jets in Skim_TriLep_tZq.root
2026-08-19 12:38:10,095 - INFO - [2016preVFP] MISSING_SYSTEMATIC: SR1E2Mu/UnclusteredEn_Down/NMinusOne/njet_ge2/n_jets in Skim_TriLep_tZq.root
2026-08-19 12:38:10,096 - INFO - [2016preVFP] MISSING_SYSTEMATIC: SR1E2Mu/BtagSF_HFcorr_Up/NMinusOne/njet_ge2/n_jets in Skim_TriLep_tZq.root
2026-08-19 12:38:10,096 - INFO - [2016preVFP] MISSING_SYSTEMATIC: SR1E2Mu/BtagSF_HFcorr_Down/NMinusOne/njet_ge2/n_jets in Skim_TriLep_tZq.root
2026-08-19 12:38:10,096 - INFO - [2016preVFP] MISSING_SYSTEMATIC: SR1E2Mu/BtagSF_HFuncorr_Up/NMinusOne/njet_ge2/n_jets in Skim_TriLep_tZq.root
2026-08-19 12:38:10,096 - INFO - [2016preVFP] MISSING_SYSTEMATIC: SR1E2Mu/BtagSF_HFuncorr_Down/NMinusOne/njet_ge2/n_jets in Skim_TriLep_tZq.root
2026-08-19 12:38:10,097 - INFO - [2016preVFP] MISSING_SYSTEMATIC: SR1E2Mu/BtagSF_LFcorr_Up/NMinusOne/njet_ge2/n_jets in Skim_TriLep_tZq.root
2026-08-19 12:38:10,097 - INFO - [2016preVFP] MISSING_SYSTEMATIC: SR1E2Mu/BtagSF_LFcorr_Down/NMinusOne/njet_ge2/n_jets in Skim_TriLep_tZq.root
2026-08-19 12:38:10,098 - INFO - [2016preVFP] MISSING_SYSTEMATIC: SR1E2Mu/BtagSF_LFuncorr_Up/NMinusOne/njet_ge2/n_jets in Skim_TriLep_tZq.root
2026-08-19 12:38:10,098 - INFO - [2016preVFP] MISSING_SYSTEMATIC: SR1E2Mu/BtagSF_LFuncorr_Down/NMinusOne/njet_ge2/n_jets in Skim_TriLep_tZq.root
2026-08-19 12:38:10,099 - INFO - [2016preVFP] MISSING_SYSTEMATIC: SR1E2Mu/L1Prefire_Up/NMinusOne/njet_ge2/n_jets in Skim_TriLep_WZTo3LNu_amcatnlo.root
2026-08-19 12:38:10,099 - INFO - [2016preVFP] MISSING_SYSTEMATIC: SR1E2Mu/L1Prefire_Down/NMinusOne/njet_ge2/n_jets in Skim_TriLep_WZTo3LNu_amcatnlo.root
2026-08-19 12:38:10,099 - INFO - [2016preVFP] MISSING_SYSTEMATIC: SR1E2Mu/PileupReweight_Up/NMinusOne/njet_ge2/n_jets in Skim_TriLep_WZTo3LNu_amcatnlo.root
2026-08-19 12:38:10,099 - INFO - [2016preVFP] MISSING_SYSTEMATIC: SR1E2Mu/PileupReweight_Down/NMinusOne/njet_ge2/n_jets in Skim_TriLep_WZTo3LNu_amcatnlo.root
2026-08-19 12:38:10,100 - INFO - [2016preVFP] MISSING_SYSTEMATIC: SR1E2Mu/PileupJetIDSF_Up/NMinusOne/njet_ge2/n_jets in Skim_TriLep_WZTo3LNu_amcatnlo.root
2026-08-19 12:38:10,100 - INFO - [2016preVFP] MISSING_SYSTEMATIC: SR1E2Mu/PileupJetIDSF_Down/NMinusOne/njet_ge2/n_jets in Skim_TriLep_WZTo3LNu_amcatnlo.root
2026-08-19 12:38:10,101 - INFO - [2016preVFP] MISSING_SYSTEMATIC: SR1E2Mu/MuonIDSF_Up/NMinusOne/njet_ge2/n_jets in Skim_TriLep_WZTo3LNu_amcatnlo.root
2026-08-19 12:38:10,101 - INFO - [2016preVFP] MISSING_SYSTEMATIC: SR1E2Mu/MuonIDSF_Down/NMinusOne/njet_ge2/n_jets in Skim_TriLep_WZTo3LNu_amcatnlo.root
2026-08-19 12:38:10,101 - INFO - [2016preVFP] MISSING_SYSTEMATIC: SR1E2Mu/ElectronRecoSF_Up/NMinusOne/njet_ge2/n_jets in Skim_TriLep_WZTo3LNu_amcatnlo.root
2026-08-19 12:38:10,101 - INFO - [2016preVFP] MISSING_SYSTEMATIC: SR1E2Mu/ElectronRecoSF_Down/NMinusOne/njet_ge2/n_jets in Skim_TriLep_WZTo3LNu_amcatnlo.root
2026-08-19 12:38:10,102 - INFO - [2016preVFP] MISSING_SYSTEMATIC: SR1E2Mu/ElectronIDSF_Up/NMinusOne/njet_ge2/n_jets in Skim_TriLep_WZTo3LNu_amcatnlo.root
2026-08-19 12:38:10,102 - INFO - [2016preVFP] MISSING_SYSTEMATIC: SR1E2Mu/ElectronIDSF_Down/NMinusOne/njet_ge2/n_jets in Skim_TriLep_WZTo3LNu_amcatnlo.root
2026-08-19 12:38:10,103 - INFO - [2016preVFP] MISSING_SYSTEMATIC: SR1E2Mu/EMuTrigSF_Up/NMinusOne/njet_ge2/n_jets in Skim_TriLep_WZTo3LNu_amcatnlo.root
2026-08-19 12:38:10,103 - INFO - [2016preVFP] MISSING_SYSTEMATIC: SR1E2Mu/EMuTrigSF_Down/NMinusOne/njet_ge2/n_jets in Skim_TriLep_WZTo3LNu_amcatnlo.root
2026-08-19 12:38:10,103 - INFO - [2016preVFP] MISSING_SYSTEMATIC: SR1E2Mu/JetEn_Up/NMinusOne/njet_ge2/n_jets in Skim_TriLep_WZTo3LNu_amcatnlo.root
2026-08-19 12:38:10,103 - INFO - [2016preVFP] MISSING_SYSTEMATIC: SR1E2Mu/JetEn_Down/NMinusOne/njet_ge2/n_jets in Skim_TriLep_WZTo3LNu_amcatnlo.root
2026-08-19 12:38:10,104 - INFO - [2016preVFP] MISSING_SYSTEMATIC: SR1E2Mu/JetRes_Up/NMinusOne/njet_ge2/n_jets in Skim_TriLep_WZTo3LNu_amcatnlo.root
2026-08-19 12:38:10,104 - INFO - [2016preVFP] MISSING_SYSTEMATIC: SR1E2Mu/JetRes_Down/NMinusOne/njet_ge2/n_jets in Skim_TriLep_WZTo3LNu_amcatnlo.root
2026-08-19 12:38:10,105 - INFO - [2016preVFP] MISSING_SYSTEMATIC: SR1E2Mu/MuonEn_Up/NMinusOne/njet_ge2/n_jets in Skim_TriLep_WZTo3LNu_amcatnlo.root
2026-08-19 12:38:10,105 - INFO - [2016preVFP] MISSING_SYSTEMATIC: SR1E2Mu/MuonEn_Down/NMinusOne/njet_ge2/n_jets in Skim_TriLep_WZTo3LNu_amcatnlo.root
2026-08-19 12:38:10,105 - INFO - [2016preVFP] MISSING_SYSTEMATIC: SR1E2Mu/ElectronEn_Up/NMinusOne/njet_ge2/n_jets in Skim_TriLep_WZTo3LNu_amcatnlo.root
2026-08-19 12:38:10,106 - INFO - [2016preVFP] MISSING_SYSTEMATIC: SR1E2Mu/ElectronEn_Down/NMinusOne/njet_ge2/n_jets in Skim_TriLep_WZTo3LNu_amcatnlo.root
2026-08-19 12:38:10,106 - INFO - [2016preVFP] MISSING_SYSTEMATIC: SR1E2Mu/ElectronRes_Up/NMinusOne/njet_ge2/n_jets in Skim_TriLep_WZTo3LNu_amcatnlo.root
2026-08-19 12:38:10,106 - INFO - [2016preVFP] MISSING_SYSTEMATIC: SR1E2Mu/ElectronRes_Down/NMinusOne/njet_ge2/n_jets in Skim_TriLep_WZTo3LNu_amcatnlo.root
2026-08-19 12:38:10,107 - INFO - [2016preVFP] MISSING_SYSTEMATIC: SR1E2Mu/UnclusteredEn_Up/NMinusOne/njet_ge2/n_jets in Skim_TriLep_WZTo3LNu_amcatnlo.root
2026-08-19 12:38:10,107 - INFO - [2016preVFP] MISSING_SYSTEMATIC: SR1E2Mu/UnclusteredEn_Down/NMinusOne/njet_ge2/n_jets in Skim_TriLep_WZTo3LNu_amcatnlo.root
2026-08-19 12:38:10,108 - INFO - [2016preVFP] MISSING_SYSTEMATIC: SR1E2Mu/BtagSF_HFcorr_Up/NMinusOne/njet_ge2/n_jets in Skim_TriLep_WZTo3LNu_amcatnlo.root
2026-08-19 12:38:10,108 - INFO - [2016preVFP] MISSING_SYSTEMATIC: SR1E2Mu/BtagSF_HFcorr_Down/NMinusOne/njet_ge2/n_jets in Skim_TriLep_WZTo3LNu_amcatnlo.root
2026-08-19 12:38:10,108 - INFO - [2016preVFP] MISSING_SYSTEMATIC: SR1E2Mu/BtagSF_HFuncorr_Up/NMinusOne/njet_ge2/n_jets in Skim_TriLep_WZTo3LNu_amcatnlo.root
2026-08-19 12:38:10,108 - INFO - [2016preVFP] MISSING_SYSTEMATIC: SR1E2Mu/BtagSF_HFuncorr_Down/NMinusOne/njet_ge2/n_jets in Skim_TriLep_WZTo3LNu_amcatnlo.root
2026-08-19 12:38:10,109 - INFO - [2016preVFP] MISSING_SYSTEMATIC: SR1E2Mu/BtagSF_LFcorr_Up/NMinusOne/njet_ge2/n_jets in Skim_TriLep_WZTo3LNu_amcatnlo.root
2026-08-19 12:38:10,109 - INFO - [2016preVFP] MISSING_SYSTEMATIC: SR1E2Mu/BtagSF_LFcorr_Down/NMinusOne/njet_ge2/n_jets in Skim_TriLep_WZTo3LNu_amcatnlo.root
2026-08-19 12:38:10,110 - INFO - [2016preVFP] MISSING_SYSTEMATIC: SR1E2Mu/BtagSF_LFuncorr_Up/NMinusOne/njet_ge2/n_jets in Skim_TriLep_WZTo3LNu_amcatnlo.root
2026-08-19 12:38:10,110 - INFO - [2016preVFP] MISSING_SYSTEMATIC: SR1E2Mu/BtagSF_LFuncorr_Down/NMinusOne/njet_ge2/n_jets in Skim_TriLep_WZTo3LNu_amcatnlo.root
2026-08-19 12:38:10,111 - INFO - [2016preVFP] MISSING_SYSTEMATIC: SR1E2Mu/L1Prefire_Up/NMinusOne/njet_ge2/n_jets in Skim_TriLep_ZZTo4L_powheg.root
2026-08-19 12:38:10,111 - INFO - [2016preVFP] MISSING_SYSTEMATIC: SR1E2Mu/L1Prefire_Down/NMinusOne/njet_ge2/n_jets in Skim_TriLep_ZZTo4L_powheg.root
2026-08-19 12:38:10,111 - INFO - [2016preVFP] MISSING_SYSTEMATIC: SR1E2Mu/PileupReweight_Up/NMinusOne/njet_ge2/n_jets in Skim_TriLep_ZZTo4L_powheg.root
2026-08-19 12:38:10,111 - INFO - [2016preVFP] MISSING_SYSTEMATIC: SR1E2Mu/PileupReweight_Down/NMinusOne/njet_ge2/n_jets in Skim_TriLep_ZZTo4L_powheg.root
2026-08-19 12:38:10,112 - INFO - [2016preVFP] MISSING_SYSTEMATIC: SR1E2Mu/PileupJetIDSF_Up/NMinusOne/njet_ge2/n_jets in Skim_TriLep_ZZTo4L_powheg.root
2026-08-19 12:38:10,112 - INFO - [2016preVFP] MISSING_SYSTEMATIC: SR1E2Mu/PileupJetIDSF_Down/NMinusOne/njet_ge2/n_jets in Skim_TriLep_ZZTo4L_powheg.root
2026-08-19 12:38:10,113 - INFO - [2016preVFP] MISSING_SYSTEMATIC: SR1E2Mu/MuonIDSF_Up/NMinusOne/njet_ge2/n_jets in Skim_TriLep_ZZTo4L_powheg.root
2026-08-19 12:38:10,113 - INFO - [2016preVFP] MISSING_SYSTEMATIC: SR1E2Mu/MuonIDSF_Down/NMinusOne/njet_ge2/n_jets in Skim_TriLep_ZZTo4L_powheg.root
2026-08-19 12:38:10,113 - INFO - [2016preVFP] MISSING_SYSTEMATIC: SR1E2Mu/ElectronRecoSF_Up/NMinusOne/njet_ge2/n_jets in Skim_TriLep_ZZTo4L_powheg.root
2026-08-19 12:38:10,113 - INFO - [2016preVFP] MISSING_SYSTEMATIC: SR1E2Mu/ElectronRecoSF_Down/NMinusOne/njet_ge2/n_jets in Skim_TriLep_ZZTo4L_powheg.root
2026-08-19 12:38:10,114 - INFO - [2016preVFP] MISSING_SYSTEMATIC: SR1E2Mu/ElectronIDSF_Up/NMinusOne/njet_ge2/n_jets in Skim_TriLep_ZZTo4L_powheg.root
2026-08-19 12:38:10,114 - INFO - [2016preVFP] MISSING_SYSTEMATIC: SR1E2Mu/ElectronIDSF_Down/NMinusOne/njet_ge2/n_jets in Skim_TriLep_ZZTo4L_powheg.root
2026-08-19 12:38:10,115 - INFO - [2016preVFP] MISSING_SYSTEMATIC: SR1E2Mu/EMuTrigSF_Up/NMinusOne/njet_ge2/n_jets in Skim_TriLep_ZZTo4L_powheg.root
2026-08-19 12:38:10,115 - INFO - [2016preVFP] MISSING_SYSTEMATIC: SR1E2Mu/EMuTrigSF_Down/NMinusOne/njet_ge2/n_jets in Skim_TriLep_ZZTo4L_powheg.root
2026-08-19 12:38:10,115 - INFO - [2016preVFP] MISSING_SYSTEMATIC: SR1E2Mu/JetEn_Up/NMinusOne/njet_ge2/n_jets in Skim_TriLep_ZZTo4L_powheg.root
2026-08-19 12:38:10,115 - INFO - [2016preVFP] MISSING_SYSTEMATIC: SR1E2Mu/JetEn_Down/NMinusOne/njet_ge2/n_jets in Skim_TriLep_ZZTo4L_powheg.root
2026-08-19 12:38:10,116 - INFO - [2016preVFP] MISSING_SYSTEMATIC: SR1E2Mu/JetRes_Up/NMinusOne/njet_ge2/n_jets in Skim_TriLep_ZZTo4L_powheg.root
2026-08-19 12:38:10,116 - INFO - [2016preVFP] MISSING_SYSTEMATIC: SR1E2Mu/JetRes_Down/NMinusOne/njet_ge2/n_jets in Skim_TriLep_ZZTo4L_powheg.root
2026-08-19 12:38:10,117 - INFO - [2016preVFP] MISSING_SYSTEMATIC: SR1E2Mu/MuonEn_Up/NMinusOne/njet_ge2/n_jets in Skim_TriLep_ZZTo4L_powheg.root
2026-08-19 12:38:10,117 - INFO - [2016preVFP] MISSING_SYSTEMATIC: SR1E2Mu/MuonEn_Down/NMinusOne/njet_ge2/n_jets in Skim_TriLep_ZZTo4L_powheg.root
2026-08-19 12:38:10,117 - INFO - [2016preVFP] MISSING_SYSTEMATIC: SR1E2Mu/ElectronEn_Up/NMinusOne/njet_ge2/n_jets in Skim_TriLep_ZZTo4L_powheg.root
2026-08-19 12:38:10,117 - INFO - [2016preVFP] MISSING_SYSTEMATIC: SR1E2Mu/ElectronEn_Down/NMinusOne/njet_ge2/n_jets in Skim_TriLep_ZZTo4L_powheg.root
2026-08-19 12:38:10,118 - INFO - [2016preVFP] MISSING_SYSTEMATIC: SR1E2Mu/ElectronRes_Up/NMinusOne/njet_ge2/n_jets in Skim_TriLep_ZZTo4L_powheg.root
2026-08-19 12:38:10,118 - INFO - [2016preVFP] MISSING_SYSTEMATIC: SR1E2Mu/ElectronRes_Down/NMinusOne/njet_ge2/n_jets in Skim_TriLep_ZZTo4L_powheg.root
2026-08-19 12:38:10,119 - INFO - [2016preVFP] MISSING_SYSTEMATIC: SR1E2Mu/UnclusteredEn_Up/NMinusOne/njet_ge2/n_jets in Skim_TriLep_ZZTo4L_powheg.root
2026-08-19 12:38:10,119 - INFO - [2016preVFP] MISSING_SYSTEMATIC: SR1E2Mu/UnclusteredEn_Down/NMinusOne/njet_ge2/n_jets in Skim_TriLep_ZZTo4L_powheg.root
2026-08-19 12:38:10,119 - INFO - [2016preVFP] MISSING_SYSTEMATIC: SR1E2Mu/BtagSF_HFcorr_Up/NMinusOne/njet_ge2/n_jets in Skim_TriLep_ZZTo4L_powheg.root
2026-08-19 12:38:10,119 - INFO - [2016preVFP] MISSING_SYSTEMATIC: SR1E2Mu/BtagSF_HFcorr_Down/NMinusOne/njet_ge2/n_jets in Skim_TriLep_ZZTo4L_powheg.root
2026-08-19 12:38:10,120 - INFO - [2016preVFP] MISSING_SYSTEMATIC: SR1E2Mu/BtagSF_HFuncorr_Up/NMinusOne/njet_ge2/n_jets in Skim_TriLep_ZZTo4L_powheg.root
2026-08-19 12:38:10,120 - INFO - [2016preVFP] MISSING_SYSTEMATIC: SR1E2Mu/BtagSF_HFuncorr_Down/NMinusOne/njet_ge2/n_jets in Skim_TriLep_ZZTo4L_powheg.root
2026-08-19 12:38:10,121 - INFO - [2016preVFP] MISSING_SYSTEMATIC: SR1E2Mu/BtagSF_LFcorr_Up/NMinusOne/njet_ge2/n_jets in Skim_TriLep_ZZTo4L_powheg.root
2026-08-19 12:38:10,121 - INFO - [2016preVFP] MISSING_SYSTEMATIC: SR1E2Mu/BtagSF_LFcorr_Down/NMinusOne/njet_ge2/n_jets in Skim_TriLep_ZZTo4L_powheg.root
2026-08-19 12:38:10,121 - INFO - [2016preVFP] MISSING_SYSTEMATIC: SR1E2Mu/BtagSF_LFuncorr_Up/NMinusOne/njet_ge2/n_jets in Skim_TriLep_ZZTo4L_powheg.root
2026-08-19 12:38:10,121 - INFO - [2016preVFP] MISSING_SYSTEMATIC: SR1E2Mu/BtagSF_LFuncorr_Down/NMinusOne/njet_ge2/n_jets in Skim_TriLep_ZZTo4L_powheg.root
2026-08-19 12:38:10,122 - INFO - [2016preVFP] MISSING_SYSTEMATIC: SR1E2Mu/L1Prefire_Up/NMinusOne/njet_ge2/n_jets in Skim_TriLep_tHq.root
2026-08-19 12:38:10,122 - INFO - [2016preVFP] MISSING_SYSTEMATIC: SR1E2Mu/L1Prefire_Down/NMinusOne/njet_ge2/n_jets in Skim_TriLep_tHq.root
2026-08-19 12:38:10,123 - INFO - [2016preVFP] MISSING_SYSTEMATIC: SR1E2Mu/PileupReweight_Up/NMinusOne/njet_ge2/n_jets in Skim_TriLep_tHq.root
2026-08-19 12:38:10,123 - INFO - [2016preVFP] MISSING_SYSTEMATIC: SR1E2Mu/PileupReweight_Down/NMinusOne/njet_ge2/n_jets in Skim_TriLep_tHq.root
2026-08-19 12:38:10,124 - INFO - [2016preVFP] MISSING_SYSTEMATIC: SR1E2Mu/PileupJetIDSF_Up/NMinusOne/njet_ge2/n_jets in Skim_TriLep_tHq.root
2026-08-19 12:38:10,124 - INFO - [2016preVFP] MISSING_SYSTEMATIC: SR1E2Mu/PileupJetIDSF_Down/NMinusOne/njet_ge2/n_jets in Skim_TriLep_tHq.root
2026-08-19 12:38:10,124 - INFO - [2016preVFP] MISSING_SYSTEMATIC: SR1E2Mu/MuonIDSF_Up/NMinusOne/njet_ge2/n_jets in Skim_TriLep_tHq.root
2026-08-19 12:38:10,124 - INFO - [2016preVFP] MISSING_SYSTEMATIC: SR1E2Mu/MuonIDSF_Down/NMinusOne/njet_ge2/n_jets in Skim_TriLep_tHq.root
2026-08-19 12:38:10,125 - INFO - [2016preVFP] MISSING_SYSTEMATIC: SR1E2Mu/ElectronRecoSF_Up/NMinusOne/njet_ge2/n_jets in Skim_TriLep_tHq.root
2026-08-19 12:38:10,125 - INFO - [2016preVFP] MISSING_SYSTEMATIC: SR1E2Mu/ElectronRecoSF_Down/NMinusOne/njet_ge2/n_jets in Skim_TriLep_tHq.root
2026-08-19 12:38:10,126 - INFO - [2016preVFP] MISSING_SYSTEMATIC: SR1E2Mu/ElectronIDSF_Up/NMinusOne/njet_ge2/n_jets in Skim_TriLep_tHq.root
2026-08-19 12:38:10,126 - INFO - [2016preVFP] MISSING_SYSTEMATIC: SR1E2Mu/ElectronIDSF_Down/NMinusOne/njet_ge2/n_jets in Skim_TriLep_tHq.root
2026-08-19 12:38:10,126 - INFO - [2016preVFP] MISSING_SYSTEMATIC: SR1E2Mu/EMuTrigSF_Up/NMinusOne/njet_ge2/n_jets in Skim_TriLep_tHq.root
2026-08-19 12:38:10,126 - INFO - [2016preVFP] MISSING_SYSTEMATIC: SR1E2Mu/EMuTrigSF_Down/NMinusOne/njet_ge2/n_jets in Skim_TriLep_tHq.root
2026-08-19 12:38:10,127 - INFO - [2016preVFP] MISSING_SYSTEMATIC: SR1E2Mu/JetEn_Up/NMinusOne/njet_ge2/n_jets in Skim_TriLep_tHq.root
2026-08-19 12:38:10,127 - INFO - [2016preVFP] MISSING_SYSTEMATIC: SR1E2Mu/JetEn_Down/NMinusOne/njet_ge2/n_jets in Skim_TriLep_tHq.root
2026-08-19 12:38:10,127 - INFO - [2016preVFP] MISSING_SYSTEMATIC: SR1E2Mu/JetRes_Up/NMinusOne/njet_ge2/n_jets in Skim_TriLep_tHq.root
2026-08-19 12:38:10,128 - INFO - [2016preVFP] MISSING_SYSTEMATIC: SR1E2Mu/JetRes_Down/NMinusOne/njet_ge2/n_jets in Skim_TriLep_tHq.root
2026-08-19 12:38:10,128 - INFO - [2016preVFP] MISSING_SYSTEMATIC: SR1E2Mu/MuonEn_Up/NMinusOne/njet_ge2/n_jets in Skim_TriLep_tHq.root
2026-08-19 12:38:10,128 - INFO - [2016preVFP] MISSING_SYSTEMATIC: SR1E2Mu/MuonEn_Down/NMinusOne/njet_ge2/n_jets in Skim_TriLep_tHq.root
2026-08-19 12:38:10,129 - INFO - [2016preVFP] MISSING_SYSTEMATIC: SR1E2Mu/ElectronEn_Up/NMinusOne/njet_ge2/n_jets in Skim_TriLep_tHq.root
2026-08-19 12:38:10,129 - INFO - [2016preVFP] MISSING_SYSTEMATIC: SR1E2Mu/ElectronEn_Down/NMinusOne/njet_ge2/n_jets in Skim_TriLep_tHq.root
2026-08-19 12:38:10,129 - INFO - [2016preVFP] MISSING_SYSTEMATIC: SR1E2Mu/ElectronRes_Up/NMinusOne/njet_ge2/n_jets in Skim_TriLep_tHq.root
2026-08-19 12:38:10,129 - INFO - [2016preVFP] MISSING_SYSTEMATIC: SR1E2Mu/ElectronRes_Down/NMinusOne/njet_ge2/n_jets in Skim_TriLep_tHq.root
2026-08-19 12:38:10,130 - INFO - [2016preVFP] MISSING_SYSTEMATIC: SR1E2Mu/UnclusteredEn_Up/NMinusOne/njet_ge2/n_jets in Skim_TriLep_tHq.root
2026-08-19 12:38:10,130 - INFO - [2016preVFP] MISSING_SYSTEMATIC: SR1E2Mu/UnclusteredEn_Down/NMinusOne/njet_ge2/n_jets in Skim_TriLep_tHq.root
2026-08-19 12:38:10,131 - INFO - [2016preVFP] MISSING_SYSTEMATIC: SR1E2Mu/BtagSF_HFcorr_Up/NMinusOne/njet_ge2/n_jets in Skim_TriLep_tHq.root
2026-08-19 12:38:10,131 - INFO - [2016preVFP] MISSING_SYSTEMATIC: SR1E2Mu/BtagSF_HFcorr_Down/NMinusOne/njet_ge2/n_jets in Skim_TriLep_tHq.root
2026-08-19 12:38:10,131 - INFO - [2016preVFP] MISSING_SYSTEMATIC: SR1E2Mu/BtagSF_HFuncorr_Up/NMinusOne/njet_ge2/n_jets in Skim_TriLep_tHq.root
2026-08-19 12:38:10,131 - INFO - [2016preVFP] MISSING_SYSTEMATIC: SR1E2Mu/BtagSF_HFuncorr_Down/NMinusOne/njet_ge2/n_jets in Skim_TriLep_tHq.root
2026-08-19 12:38:10,132 - INFO - [2016preVFP] MISSING_SYSTEMATIC: SR1E2Mu/BtagSF_LFcorr_Up/NMinusOne/njet_ge2/n_jets in Skim_TriLep_tHq.root
2026-08-19 12:38:10,132 - INFO - [2016preVFP] MISSING_SYSTEMATIC: SR1E2Mu/BtagSF_LFcorr_Down/NMinusOne/njet_ge2/n_jets in Skim_TriLep_tHq.root
2026-08-19 12:38:10,133 - INFO - [2016preVFP] MISSING_SYSTEMATIC: SR1E2Mu/BtagSF_LFuncorr_Up/NMinusOne/njet_ge2/n_jets in Skim_TriLep_tHq.root
2026-08-19 12:38:10,133 - INFO - [2016preVFP] MISSING_SYSTEMATIC: SR1E2Mu/BtagSF_LFuncorr_Down/NMinusOne/njet_ge2/n_jets in Skim_TriLep_tHq.root
2026-08-19 12:38:10,134 - INFO - [2016preVFP] MISSING_SYSTEMATIC: SR1E2Mu/L1Prefire_Up/NMinusOne/njet_ge2/n_jets in Skim_TriLep_tHW.root
2026-08-19 12:38:10,134 - INFO - [2016preVFP] MISSING_SYSTEMATIC: SR1E2Mu/L1Prefire_Down/NMinusOne/njet_ge2/n_jets in Skim_TriLep_tHW.root
2026-08-19 12:38:10,134 - INFO - [2016preVFP] MISSING_SYSTEMATIC: SR1E2Mu/PileupReweight_Up/NMinusOne/njet_ge2/n_jets in Skim_TriLep_tHW.root
2026-08-19 12:38:10,134 - INFO - [2016preVFP] MISSING_SYSTEMATIC: SR1E2Mu/PileupReweight_Down/NMinusOne/njet_ge2/n_jets in Skim_TriLep_tHW.root
2026-08-19 12:38:10,135 - INFO - [2016preVFP] MISSING_SYSTEMATIC: SR1E2Mu/PileupJetIDSF_Up/NMinusOne/njet_ge2/n_jets in Skim_TriLep_tHW.root
2026-08-19 12:38:10,135 - INFO - [2016preVFP] MISSING_SYSTEMATIC: SR1E2Mu/PileupJetIDSF_Down/NMinusOne/njet_ge2/n_jets in Skim_TriLep_tHW.root
2026-08-19 12:38:10,136 - INFO - [2016preVFP] MISSING_SYSTEMATIC: SR1E2Mu/MuonIDSF_Up/NMinusOne/njet_ge2/n_jets in Skim_TriLep_tHW.root
2026-08-19 12:38:10,136 - INFO - [2016preVFP] MISSING_SYSTEMATIC: SR1E2Mu/MuonIDSF_Down/NMinusOne/njet_ge2/n_jets in Skim_TriLep_tHW.root
2026-08-19 12:38:10,136 - INFO - [2016preVFP] MISSING_SYSTEMATIC: SR1E2Mu/ElectronRecoSF_Up/NMinusOne/njet_ge2/n_jets in Skim_TriLep_tHW.root
2026-08-19 12:38:10,136 - INFO - [2016preVFP] MISSING_SYSTEMATIC: SR1E2Mu/ElectronRecoSF_Down/NMinusOne/njet_ge2/n_jets in Skim_TriLep_tHW.root
2026-08-19 12:38:10,137 - INFO - [2016preVFP] MISSING_SYSTEMATIC: SR1E2Mu/ElectronIDSF_Up/NMinusOne/njet_ge2/n_jets in Skim_TriLep_tHW.root
2026-08-19 12:38:10,137 - INFO - [2016preVFP] MISSING_SYSTEMATIC: SR1E2Mu/ElectronIDSF_Down/NMinusOne/njet_ge2/n_jets in Skim_TriLep_tHW.root
2026-08-19 12:38:10,137 - INFO - [2016preVFP] MISSING_SYSTEMATIC: SR1E2Mu/EMuTrigSF_Up/NMinusOne/njet_ge2/n_jets in Skim_TriLep_tHW.root
2026-08-19 12:38:10,137 - INFO - [2016preVFP] MISSING_SYSTEMATIC: SR1E2Mu/EMuTrigSF_Down/NMinusOne/njet_ge2/n_jets in Skim_TriLep_tHW.root
2026-08-19 12:38:10,138 - INFO - [2016preVFP] MISSING_SYSTEMATIC: SR1E2Mu/JetEn_Up/NMinusOne/njet_ge2/n_jets in Skim_TriLep_tHW.root
2026-08-19 12:38:10,138 - INFO - [2016preVFP] MISSING_SYSTEMATIC: SR1E2Mu/JetEn_Down/NMinusOne/njet_ge2/n_jets in Skim_TriLep_tHW.root
2026-08-19 12:38:10,139 - INFO - [2016preVFP] MISSING_SYSTEMATIC: SR1E2Mu/JetRes_Up/NMinusOne/njet_ge2/n_jets in Skim_TriLep_tHW.root
2026-08-19 12:38:10,139 - INFO - [2016preVFP] MISSING_SYSTEMATIC: SR1E2Mu/JetRes_Down/NMinusOne/njet_ge2/n_jets in Skim_TriLep_tHW.root
2026-08-19 12:38:10,139 - INFO - [2016preVFP] MISSING_SYSTEMATIC: SR1E2Mu/MuonEn_Up/NMinusOne/njet_ge2/n_jets in Skim_TriLep_tHW.root
2026-08-19 12:38:10,139 - INFO - [2016preVFP] MISSING_SYSTEMATIC: SR1E2Mu/MuonEn_Down/NMinusOne/njet_ge2/n_jets in Skim_TriLep_tHW.root
2026-08-19 12:38:10,140 - INFO - [2016preVFP] MISSING_SYSTEMATIC: SR1E2Mu/ElectronEn_Up/NMinusOne/njet_ge2/n_jets in Skim_TriLep_tHW.root
2026-08-19 12:38:10,140 - INFO - [2016preVFP] MISSING_SYSTEMATIC: SR1E2Mu/ElectronEn_Down/NMinusOne/njet_ge2/n_jets in Skim_TriLep_tHW.root
2026-08-19 12:38:10,141 - INFO - [2016preVFP] MISSING_SYSTEMATIC: SR1E2Mu/ElectronRes_Up/NMinusOne/njet_ge2/n_jets in Skim_TriLep_tHW.root
2026-08-19 12:38:10,141 - INFO - [2016preVFP] MISSING_SYSTEMATIC: SR1E2Mu/ElectronRes_Down/NMinusOne/njet_ge2/n_jets in Skim_TriLep_tHW.root
2026-08-19 12:38:10,141 - INFO - [2016preVFP] MISSING_SYSTEMATIC: SR1E2Mu/UnclusteredEn_Up/NMinusOne/njet_ge2/n_jets in Skim_TriLep_tHW.root
2026-08-19 12:38:10,141 - INFO - [2016preVFP] MISSING_SYSTEMATIC: SR1E2Mu/UnclusteredEn_Down/NMinusOne/njet_ge2/n_jets in Skim_TriLep_tHW.root
2026-08-19 12:38:10,142 - INFO - [2016preVFP] MISSING_SYSTEMATIC: SR1E2Mu/BtagSF_HFcorr_Up/NMinusOne/njet_ge2/n_jets in Skim_TriLep_tHW.root
2026-08-19 12:38:10,142 - INFO - [2016preVFP] MISSING_SYSTEMATIC: SR1E2Mu/BtagSF_HFcorr_Down/NMinusOne/njet_ge2/n_jets in Skim_TriLep_tHW.root
2026-08-19 12:38:10,143 - INFO - [2016preVFP] MISSING_SYSTEMATIC: SR1E2Mu/BtagSF_HFuncorr_Up/NMinusOne/njet_ge2/n_jets in Skim_TriLep_tHW.root
2026-08-19 12:38:10,143 - INFO - [2016preVFP] MISSING_SYSTEMATIC: SR1E2Mu/BtagSF_HFuncorr_Down/NMinusOne/njet_ge2/n_jets in Skim_TriLep_tHW.root
2026-08-19 12:38:10,143 - INFO - [2016preVFP] MISSING_SYSTEMATIC: SR1E2Mu/BtagSF_LFcorr_Up/NMinusOne/njet_ge2/n_jets in Skim_TriLep_tHW.root
2026-08-19 12:38:10,143 - INFO - [2016preVFP] MISSING_SYSTEMATIC: SR1E2Mu/BtagSF_LFcorr_Down/NMinusOne/njet_ge2/n_jets in Skim_TriLep_tHW.root
2026-08-19 12:38:10,144 - INFO - [2016preVFP] MISSING_SYSTEMATIC: SR1E2Mu/BtagSF_LFuncorr_Up/NMinusOne/njet_ge2/n_jets in Skim_TriLep_tHW.root
2026-08-19 12:38:10,144 - INFO - [2016preVFP] MISSING_SYSTEMATIC: SR1E2Mu/BtagSF_LFuncorr_Down/NMinusOne/njet_ge2/n_jets in Skim_TriLep_tHW.root
2026-08-19 12:38:10,145 - INFO - [2016preVFP] MISSING_SYSTEMATIC: SR1E2Mu/L1Prefire_Up/NMinusOne/njet_ge2/n_jets in Skim_TriLep_tWZ_thadWlep.root
2026-08-19 12:38:10,145 - INFO - [2016preVFP] MISSING_SYSTEMATIC: SR1E2Mu/L1Prefire_Down/NMinusOne/njet_ge2/n_jets in Skim_TriLep_tWZ_thadWlep.root
2026-08-19 12:38:10,146 - INFO - [2016preVFP] MISSING_SYSTEMATIC: SR1E2Mu/PileupReweight_Up/NMinusOne/njet_ge2/n_jets in Skim_TriLep_tWZ_thadWlep.root
2026-08-19 12:38:10,146 - INFO - [2016preVFP] MISSING_SYSTEMATIC: SR1E2Mu/PileupReweight_Down/NMinusOne/njet_ge2/n_jets in Skim_TriLep_tWZ_thadWlep.root
2026-08-19 12:38:10,146 - INFO - [2016preVFP] MISSING_SYSTEMATIC: SR1E2Mu/PileupJetIDSF_Up/NMinusOne/njet_ge2/n_jets in Skim_TriLep_tWZ_thadWlep.root
2026-08-19 12:38:10,146 - INFO - [2016preVFP] MISSING_SYSTEMATIC: SR1E2Mu/PileupJetIDSF_Down/NMinusOne/njet_ge2/n_jets in Skim_TriLep_tWZ_thadWlep.root
2026-08-19 12:38:10,147 - INFO - [2016preVFP] MISSING_SYSTEMATIC: SR1E2Mu/MuonIDSF_Up/NMinusOne/njet_ge2/n_jets in Skim_TriLep_tWZ_thadWlep.root
2026-08-19 12:38:10,147 - INFO - [2016preVFP] MISSING_SYSTEMATIC: SR1E2Mu/MuonIDSF_Down/NMinusOne/njet_ge2/n_jets in Skim_TriLep_tWZ_thadWlep.root
2026-08-19 12:38:10,148 - INFO - [2016preVFP] MISSING_SYSTEMATIC: SR1E2Mu/ElectronRecoSF_Up/NMinusOne/njet_ge2/n_jets in Skim_TriLep_tWZ_thadWlep.root
2026-08-19 12:38:10,148 - INFO - [2016preVFP] MISSING_SYSTEMATIC: SR1E2Mu/ElectronRecoSF_Down/NMinusOne/njet_ge2/n_jets in Skim_TriLep_tWZ_thadWlep.root
2026-08-19 12:38:10,148 - INFO - [2016preVFP] MISSING_SYSTEMATIC: SR1E2Mu/ElectronIDSF_Up/NMinusOne/njet_ge2/n_jets in Skim_TriLep_tWZ_thadWlep.root
2026-08-19 12:38:10,148 - INFO - [2016preVFP] MISSING_SYSTEMATIC: SR1E2Mu/ElectronIDSF_Down/NMinusOne/njet_ge2/n_jets in Skim_TriLep_tWZ_thadWlep.root
2026-08-19 12:38:10,149 - INFO - [2016preVFP] MISSING_SYSTEMATIC: SR1E2Mu/EMuTrigSF_Up/NMinusOne/njet_ge2/n_jets in Skim_TriLep_tWZ_thadWlep.root
2026-08-19 12:38:10,149 - INFO - [2016preVFP] MISSING_SYSTEMATIC: SR1E2Mu/EMuTrigSF_Down/NMinusOne/njet_ge2/n_jets in Skim_TriLep_tWZ_thadWlep.root
2026-08-19 12:38:10,150 - INFO - [2016preVFP] MISSING_SYSTEMATIC: SR1E2Mu/JetEn_Up/NMinusOne/njet_ge2/n_jets in Skim_TriLep_tWZ_thadWlep.root
2026-08-19 12:38:10,150 - INFO - [2016preVFP] MISSING_SYSTEMATIC: SR1E2Mu/JetEn_Down/NMinusOne/njet_ge2/n_jets in Skim_TriLep_tWZ_thadWlep.root
2026-08-19 12:38:10,150 - INFO - [2016preVFP] MISSING_SYSTEMATIC: SR1E2Mu/JetRes_Up/NMinusOne/njet_ge2/n_jets in Skim_TriLep_tWZ_thadWlep.root
2026-08-19 12:38:10,150 - INFO - [2016preVFP] MISSING_SYSTEMATIC: SR1E2Mu/JetRes_Down/NMinusOne/njet_ge2/n_jets in Skim_TriLep_tWZ_thadWlep.root
2026-08-19 12:38:10,151 - INFO - [2016preVFP] MISSING_SYSTEMATIC: SR1E2Mu/MuonEn_Up/NMinusOne/njet_ge2/n_jets in Skim_TriLep_tWZ_thadWlep.root
2026-08-19 12:38:10,151 - INFO - [2016preVFP] MISSING_SYSTEMATIC: SR1E2Mu/MuonEn_Down/NMinusOne/njet_ge2/n_jets in Skim_TriLep_tWZ_thadWlep.root
2026-08-19 12:38:10,152 - INFO - [2016preVFP] MISSING_SYSTEMATIC: SR1E2Mu/ElectronEn_Up/NMinusOne/njet_ge2/n_jets in Skim_TriLep_tWZ_thadWlep.root
2026-08-19 12:38:10,152 - INFO - [2016preVFP] MISSING_SYSTEMATIC: SR1E2Mu/ElectronEn_Down/NMinusOne/njet_ge2/n_jets in Skim_TriLep_tWZ_thadWlep.root
2026-08-19 12:38:10,152 - INFO - [2016preVFP] MISSING_SYSTEMATIC: SR1E2Mu/ElectronRes_Up/NMinusOne/njet_ge2/n_jets in Skim_TriLep_tWZ_thadWlep.root
2026-08-19 12:38:10,152 - INFO - [2016preVFP] MISSING_SYSTEMATIC: SR1E2Mu/ElectronRes_Down/NMinusOne/njet_ge2/n_jets in Skim_TriLep_tWZ_thadWlep.root
2026-08-19 12:38:10,153 - INFO - [2016preVFP] MISSING_SYSTEMATIC: SR1E2Mu/UnclusteredEn_Up/NMinusOne/njet_ge2/n_jets in Skim_TriLep_tWZ_thadWlep.root
2026-08-19 12:38:10,153 - INFO - [2016preVFP] MISSING_SYSTEMATIC: SR1E2Mu/UnclusteredEn_Down/NMinusOne/njet_ge2/n_jets in Skim_TriLep_tWZ_thadWlep.root
2026-08-19 12:38:10,154 - INFO - [2016preVFP] MISSING_SYSTEMATIC: SR1E2Mu/BtagSF_HFcorr_Up/NMinusOne/njet_ge2/n_jets in Skim_TriLep_tWZ_thadWlep.root
2026-08-19 12:38:10,154 - INFO - [2016preVFP] MISSING_SYSTEMATIC: SR1E2Mu/BtagSF_HFcorr_Down/NMinusOne/njet_ge2/n_jets in Skim_TriLep_tWZ_thadWlep.root
2026-08-19 12:38:10,154 - INFO - [2016preVFP] MISSING_SYSTEMATIC: SR1E2Mu/BtagSF_HFuncorr_Up/NMinusOne/njet_ge2/n_jets in Skim_TriLep_tWZ_thadWlep.root
2026-08-19 12:38:10,154 - INFO - [2016preVFP] MISSING_SYSTEMATIC: SR1E2Mu/BtagSF_HFuncorr_Down/NMinusOne/njet_ge2/n_jets in Skim_TriLep_tWZ_thadWlep.root
2026-08-19 12:38:10,155 - INFO - [2016preVFP] MISSING_SYSTEMATIC: SR1E2Mu/BtagSF_LFcorr_Up/NMinusOne/njet_ge2/n_jets in Skim_TriLep_tWZ_thadWlep.root
2026-08-19 12:38:10,155 - INFO - [2016preVFP] MISSING_SYSTEMATIC: SR1E2Mu/BtagSF_LFcorr_Down/NMinusOne/njet_ge2/n_jets in Skim_TriLep_tWZ_thadWlep.root
2026-08-19 12:38:10,156 - INFO - [2016preVFP] MISSING_SYSTEMATIC: SR1E2Mu/BtagSF_LFuncorr_Up/NMinusOne/njet_ge2/n_jets in Skim_TriLep_tWZ_thadWlep.root
2026-08-19 12:38:10,156 - INFO - [2016preVFP] MISSING_SYSTEMATIC: SR1E2Mu/BtagSF_LFuncorr_Down/NMinusOne/njet_ge2/n_jets in Skim_TriLep_tWZ_thadWlep.root
2026-08-19 12:38:10,157 - INFO - [2016preVFP] MISSING_SYSTEMATIC: SR1E2Mu/L1Prefire_Up/NMinusOne/njet_ge2/n_jets in Skim_TriLep_tWZ_tlepWhad.root
2026-08-19 12:38:10,157 - INFO - [2016preVFP] MISSING_SYSTEMATIC: SR1E2Mu/L1Prefire_Down/NMinusOne/njet_ge2/n_jets in Skim_TriLep_tWZ_tlepWhad.root
2026-08-19 12:38:10,157 - INFO - [2016preVFP] MISSING_SYSTEMATIC: SR1E2Mu/PileupReweight_Up/NMinusOne/njet_ge2/n_jets in Skim_TriLep_tWZ_tlepWhad.root
2026-08-19 12:38:10,157 - INFO - [2016preVFP] MISSING_SYSTEMATIC: SR1E2Mu/PileupReweight_Down/NMinusOne/njet_ge2/n_jets in Skim_TriLep_tWZ_tlepWhad.root
2026-08-19 12:38:10,158 - INFO - [2016preVFP] MISSING_SYSTEMATIC: SR1E2Mu/PileupJetIDSF_Up/NMinusOne/njet_ge2/n_jets in Skim_TriLep_tWZ_tlepWhad.root
2026-08-19 12:38:10,158 - INFO - [2016preVFP] MISSING_SYSTEMATIC: SR1E2Mu/PileupJetIDSF_Down/NMinusOne/njet_ge2/n_jets in Skim_TriLep_tWZ_tlepWhad.root
2026-08-19 12:38:10,159 - INFO - [2016preVFP] MISSING_SYSTEMATIC: SR1E2Mu/MuonIDSF_Up/NMinusOne/njet_ge2/n_jets in Skim_TriLep_tWZ_tlepWhad.root
2026-08-19 12:38:10,159 - INFO - [2016preVFP] MISSING_SYSTEMATIC: SR1E2Mu/MuonIDSF_Down/NMinusOne/njet_ge2/n_jets in Skim_TriLep_tWZ_tlepWhad.root
2026-08-19 12:38:10,159 - INFO - [2016preVFP] MISSING_SYSTEMATIC: SR1E2Mu/ElectronRecoSF_Up/NMinusOne/njet_ge2/n_jets in Skim_TriLep_tWZ_tlepWhad.root
2026-08-19 12:38:10,159 - INFO - [2016preVFP] MISSING_SYSTEMATIC: SR1E2Mu/ElectronRecoSF_Down/NMinusOne/njet_ge2/n_jets in Skim_TriLep_tWZ_tlepWhad.root
2026-08-19 12:38:10,160 - INFO - [2016preVFP] MISSING_SYSTEMATIC: SR1E2Mu/ElectronIDSF_Up/NMinusOne/njet_ge2/n_jets in Skim_TriLep_tWZ_tlepWhad.root
2026-08-19 12:38:10,160 - INFO - [2016preVFP] MISSING_SYSTEMATIC: SR1E2Mu/ElectronIDSF_Down/NMinusOne/njet_ge2/n_jets in Skim_TriLep_tWZ_tlepWhad.root
2026-08-19 12:38:10,161 - INFO - [2016preVFP] MISSING_SYSTEMATIC: SR1E2Mu/EMuTrigSF_Up/NMinusOne/njet_ge2/n_jets in Skim_TriLep_tWZ_tlepWhad.root
2026-08-19 12:38:10,161 - INFO - [2016preVFP] MISSING_SYSTEMATIC: SR1E2Mu/EMuTrigSF_Down/NMinusOne/njet_ge2/n_jets in Skim_TriLep_tWZ_tlepWhad.root
2026-08-19 12:38:10,161 - INFO - [2016preVFP] MISSING_SYSTEMATIC: SR1E2Mu/JetEn_Up/NMinusOne/njet_ge2/n_jets in Skim_TriLep_tWZ_tlepWhad.root
2026-08-19 12:38:10,161 - INFO - [2016preVFP] MISSING_SYSTEMATIC: SR1E2Mu/JetEn_Down/NMinusOne/njet_ge2/n_jets in Skim_TriLep_tWZ_tlepWhad.root
2026-08-19 12:38:10,162 - INFO - [2016preVFP] MISSING_SYSTEMATIC: SR1E2Mu/JetRes_Up/NMinusOne/njet_ge2/n_jets in Skim_TriLep_tWZ_tlepWhad.root
2026-08-19 12:38:10,162 - INFO - [2016preVFP] MISSING_SYSTEMATIC: SR1E2Mu/JetRes_Down/NMinusOne/njet_ge2/n_jets in Skim_TriLep_tWZ_tlepWhad.root
2026-08-19 12:38:10,163 - INFO - [2016preVFP] MISSING_SYSTEMATIC: SR1E2Mu/MuonEn_Up/NMinusOne/njet_ge2/n_jets in Skim_TriLep_tWZ_tlepWhad.root
2026-08-19 12:38:10,163 - INFO - [2016preVFP] MISSING_SYSTEMATIC: SR1E2Mu/MuonEn_Down/NMinusOne/njet_ge2/n_jets in Skim_TriLep_tWZ_tlepWhad.root
2026-08-19 12:38:10,163 - INFO - [2016preVFP] MISSING_SYSTEMATIC: SR1E2Mu/ElectronEn_Up/NMinusOne/njet_ge2/n_jets in Skim_TriLep_tWZ_tlepWhad.root
2026-08-19 12:38:10,163 - INFO - [2016preVFP] MISSING_SYSTEMATIC: SR1E2Mu/ElectronEn_Down/NMinusOne/njet_ge2/n_jets in Skim_TriLep_tWZ_tlepWhad.root
2026-08-19 12:38:10,164 - INFO - [2016preVFP] MISSING_SYSTEMATIC: SR1E2Mu/ElectronRes_Up/NMinusOne/njet_ge2/n_jets in Skim_TriLep_tWZ_tlepWhad.root
2026-08-19 12:38:10,164 - INFO - [2016preVFP] MISSING_SYSTEMATIC: SR1E2Mu/ElectronRes_Down/NMinusOne/njet_ge2/n_jets in Skim_TriLep_tWZ_tlepWhad.root
2026-08-19 12:38:10,165 - INFO - [2016preVFP] MISSING_SYSTEMATIC: SR1E2Mu/UnclusteredEn_Up/NMinusOne/njet_ge2/n_jets in Skim_TriLep_tWZ_tlepWhad.root
2026-08-19 12:38:10,165 - INFO - [2016preVFP] MISSING_SYSTEMATIC: SR1E2Mu/UnclusteredEn_Down/NMinusOne/njet_ge2/n_jets in Skim_TriLep_tWZ_tlepWhad.root
2026-08-19 12:38:10,165 - INFO - [2016preVFP] MISSING_SYSTEMATIC: SR1E2Mu/BtagSF_HFcorr_Up/NMinusOne/njet_ge2/n_jets in Skim_TriLep_tWZ_tlepWhad.root
2026-08-19 12:38:10,165 - INFO - [2016preVFP] MISSING_SYSTEMATIC: SR1E2Mu/BtagSF_HFcorr_Down/NMinusOne/njet_ge2/n_jets in Skim_TriLep_tWZ_tlepWhad.root
2026-08-19 12:38:10,166 - INFO - [2016preVFP] MISSING_SYSTEMATIC: SR1E2Mu/BtagSF_HFuncorr_Up/NMinusOne/njet_ge2/n_jets in Skim_TriLep_tWZ_tlepWhad.root
2026-08-19 12:38:10,166 - INFO - [2016preVFP] MISSING_SYSTEMATIC: SR1E2Mu/BtagSF_HFuncorr_Down/NMinusOne/njet_ge2/n_jets in Skim_TriLep_tWZ_tlepWhad.root
2026-08-19 12:38:10,167 - INFO - [2016preVFP] MISSING_SYSTEMATIC: SR1E2Mu/BtagSF_LFcorr_Up/NMinusOne/njet_ge2/n_jets in Skim_TriLep_tWZ_tlepWhad.root
2026-08-19 12:38:10,167 - INFO - [2016preVFP] MISSING_SYSTEMATIC: SR1E2Mu/BtagSF_LFcorr_Down/NMinusOne/njet_ge2/n_jets in Skim_TriLep_tWZ_tlepWhad.root
2026-08-19 12:38:10,167 - INFO - [2016preVFP] MISSING_SYSTEMATIC: SR1E2Mu/BtagSF_LFuncorr_Up/NMinusOne/njet_ge2/n_jets in Skim_TriLep_tWZ_tlepWhad.root
2026-08-19 12:38:10,167 - INFO - [2016preVFP] MISSING_SYSTEMATIC: SR1E2Mu/BtagSF_LFuncorr_Down/NMinusOne/njet_ge2/n_jets in Skim_TriLep_tWZ_tlepWhad.root
2026-08-19 12:38:10,168 - INFO - [2016preVFP] MISSING_SYSTEMATIC: SR1E2Mu/L1Prefire_Up/NMinusOne/njet_ge2/n_jets in Skim_TriLep_tWZ_tlepWlep.root
2026-08-19 12:38:10,169 - INFO - [2016preVFP] MISSING_SYSTEMATIC: SR1E2Mu/L1Prefire_Down/NMinusOne/njet_ge2/n_jets in Skim_TriLep_tWZ_tlepWlep.root
2026-08-19 12:38:10,169 - INFO - [2016preVFP] MISSING_SYSTEMATIC: SR1E2Mu/PileupReweight_Up/NMinusOne/njet_ge2/n_jets in Skim_TriLep_tWZ_tlepWlep.root
2026-08-19 12:38:10,169 - INFO - [2016preVFP] MISSING_SYSTEMATIC: SR1E2Mu/PileupReweight_Down/NMinusOne/njet_ge2/n_jets in Skim_TriLep_tWZ_tlepWlep.root
2026-08-19 12:38:10,170 - INFO - [2016preVFP] MISSING_SYSTEMATIC: SR1E2Mu/PileupJetIDSF_Up/NMinusOne/njet_ge2/n_jets in Skim_TriLep_tWZ_tlepWlep.root
2026-08-19 12:38:10,170 - INFO - [2016preVFP] MISSING_SYSTEMATIC: SR1E2Mu/PileupJetIDSF_Down/NMinusOne/njet_ge2/n_jets in Skim_TriLep_tWZ_tlepWlep.root
2026-08-19 12:38:10,170 - INFO - [2016preVFP] MISSING_SYSTEMATIC: SR1E2Mu/MuonIDSF_Up/NMinusOne/njet_ge2/n_jets in Skim_TriLep_tWZ_tlepWlep.root
2026-08-19 12:38:10,171 - INFO - [2016preVFP] MISSING_SYSTEMATIC: SR1E2Mu/MuonIDSF_Down/NMinusOne/njet_ge2/n_jets in Skim_TriLep_tWZ_tlepWlep.root
2026-08-19 12:38:10,171 - INFO - [2016preVFP] MISSING_SYSTEMATIC: SR1E2Mu/ElectronRecoSF_Up/NMinusOne/njet_ge2/n_jets in Skim_TriLep_tWZ_tlepWlep.root
2026-08-19 12:38:10,171 - INFO - [2016preVFP] MISSING_SYSTEMATIC: SR1E2Mu/ElectronRecoSF_Down/NMinusOne/njet_ge2/n_jets in Skim_TriLep_tWZ_tlepWlep.root
2026-08-19 12:38:10,172 - INFO - [2016preVFP] MISSING_SYSTEMATIC: SR1E2Mu/ElectronIDSF_Up/NMinusOne/njet_ge2/n_jets in Skim_TriLep_tWZ_tlepWlep.root
2026-08-19 12:38:10,172 - INFO - [2016preVFP] MISSING_SYSTEMATIC: SR1E2Mu/ElectronIDSF_Down/NMinusOne/njet_ge2/n_jets in Skim_TriLep_tWZ_tlepWlep.root
2026-08-19 12:38:10,172 - INFO - [2016preVFP] MISSING_SYSTEMATIC: SR1E2Mu/EMuTrigSF_Up/NMinusOne/njet_ge2/n_jets in Skim_TriLep_tWZ_tlepWlep.root
2026-08-19 12:38:10,173 - INFO - [2016preVFP] MISSING_SYSTEMATIC: SR1E2Mu/EMuTrigSF_Down/NMinusOne/njet_ge2/n_jets in Skim_TriLep_tWZ_tlepWlep.root
2026-08-19 12:38:10,173 - INFO - [2016preVFP] MISSING_SYSTEMATIC: SR1E2Mu/JetEn_Up/NMinusOne/njet_ge2/n_jets in Skim_TriLep_tWZ_tlepWlep.root
2026-08-19 12:38:10,173 - INFO - [2016preVFP] MISSING_SYSTEMATIC: SR1E2Mu/JetEn_Down/NMinusOne/njet_ge2/n_jets in Skim_TriLep_tWZ_tlepWlep.root
2026-08-19 12:38:10,174 - INFO - [2016preVFP] MISSING_SYSTEMATIC: SR1E2Mu/JetRes_Up/NMinusOne/njet_ge2/n_jets in Skim_TriLep_tWZ_tlepWlep.root
2026-08-19 12:38:10,174 - INFO - [2016preVFP] MISSING_SYSTEMATIC: SR1E2Mu/JetRes_Down/NMinusOne/njet_ge2/n_jets in Skim_TriLep_tWZ_tlepWlep.root
2026-08-19 12:38:10,174 - INFO - [2016preVFP] MISSING_SYSTEMATIC: SR1E2Mu/MuonEn_Up/NMinusOne/njet_ge2/n_jets in Skim_TriLep_tWZ_tlepWlep.root
2026-08-19 12:38:10,175 - INFO - [2016preVFP] MISSING_SYSTEMATIC: SR1E2Mu/MuonEn_Down/NMinusOne/njet_ge2/n_jets in Skim_TriLep_tWZ_tlepWlep.root
2026-08-19 12:38:10,175 - INFO - [2016preVFP] MISSING_SYSTEMATIC: SR1E2Mu/ElectronEn_Up/NMinusOne/njet_ge2/n_jets in Skim_TriLep_tWZ_tlepWlep.root
2026-08-19 12:38:10,175 - INFO - [2016preVFP] MISSING_SYSTEMATIC: SR1E2Mu/ElectronEn_Down/NMinusOne/njet_ge2/n_jets in Skim_TriLep_tWZ_tlepWlep.root
2026-08-19 12:38:10,176 - INFO - [2016preVFP] MISSING_SYSTEMATIC: SR1E2Mu/ElectronRes_Up/NMinusOne/njet_ge2/n_jets in Skim_TriLep_tWZ_tlepWlep.root
2026-08-19 12:38:10,176 - INFO - [2016preVFP] MISSING_SYSTEMATIC: SR1E2Mu/ElectronRes_Down/NMinusOne/njet_ge2/n_jets in Skim_TriLep_tWZ_tlepWlep.root
2026-08-19 12:38:10,176 - INFO - [2016preVFP] MISSING_SYSTEMATIC: SR1E2Mu/UnclusteredEn_Up/NMinusOne/njet_ge2/n_jets in Skim_TriLep_tWZ_tlepWlep.root
2026-08-19 12:38:10,177 - INFO - [2016preVFP] MISSING_SYSTEMATIC: SR1E2Mu/UnclusteredEn_Down/NMinusOne/njet_ge2/n_jets in Skim_TriLep_tWZ_tlepWlep.root
2026-08-19 12:38:10,177 - INFO - [2016preVFP] MISSING_SYSTEMATIC: SR1E2Mu/BtagSF_HFcorr_Up/NMinusOne/njet_ge2/n_jets in Skim_TriLep_tWZ_tlepWlep.root
2026-08-19 12:38:10,177 - INFO - [2016preVFP] MISSING_SYSTEMATIC: SR1E2Mu/BtagSF_HFcorr_Down/NMinusOne/njet_ge2/n_jets in Skim_TriLep_tWZ_tlepWlep.root
2026-08-19 12:38:10,178 - INFO - [2016preVFP] MISSING_SYSTEMATIC: SR1E2Mu/BtagSF_HFuncorr_Up/NMinusOne/njet_ge2/n_jets in Skim_TriLep_tWZ_tlepWlep.root
2026-08-19 12:38:10,178 - INFO - [2016preVFP] MISSING_SYSTEMATIC: SR1E2Mu/BtagSF_HFuncorr_Down/NMinusOne/njet_ge2/n_jets in Skim_TriLep_tWZ_tlepWlep.root
2026-08-19 12:38:10,178 - INFO - [2016preVFP] MISSING_SYSTEMATIC: SR1E2Mu/BtagSF_LFcorr_Up/NMinusOne/njet_ge2/n_jets in Skim_TriLep_tWZ_tlepWlep.root
2026-08-19 12:38:10,179 - INFO - [2016preVFP] MISSING_SYSTEMATIC: SR1E2Mu/BtagSF_LFcorr_Down/NMinusOne/njet_ge2/n_jets in Skim_TriLep_tWZ_tlepWlep.root
2026-08-19 12:38:10,179 - INFO - [2016preVFP] MISSING_SYSTEMATIC: SR1E2Mu/BtagSF_LFuncorr_Up/NMinusOne/njet_ge2/n_jets in Skim_TriLep_tWZ_tlepWlep.root
2026-08-19 12:38:10,179 - INFO - [2016preVFP] MISSING_SYSTEMATIC: SR1E2Mu/BtagSF_LFuncorr_Down/NMinusOne/njet_ge2/n_jets in Skim_TriLep_tWZ_tlepWlep.root
2026-08-19 12:38:10,180 - INFO - [2016preVFP] MISSING_SYSTEMATIC: SR1E2Mu/L1Prefire_Up/NMinusOne/njet_ge2/n_jets in Skim_TriLep_WWW.root
2026-08-19 12:38:10,180 - INFO - [2016preVFP] MISSING_SYSTEMATIC: SR1E2Mu/L1Prefire_Down/NMinusOne/njet_ge2/n_jets in Skim_TriLep_WWW.root
2026-08-19 12:38:10,181 - INFO - [2016preVFP] MISSING_SYSTEMATIC: SR1E2Mu/PileupReweight_Up/NMinusOne/njet_ge2/n_jets in Skim_TriLep_WWW.root
2026-08-19 12:38:10,181 - INFO - [2016preVFP] MISSING_SYSTEMATIC: SR1E2Mu/PileupReweight_Down/NMinusOne/njet_ge2/n_jets in Skim_TriLep_WWW.root
2026-08-19 12:38:10,181 - INFO - [2016preVFP] MISSING_SYSTEMATIC: SR1E2Mu/PileupJetIDSF_Up/NMinusOne/njet_ge2/n_jets in Skim_TriLep_WWW.root
2026-08-19 12:38:10,182 - INFO - [2016preVFP] MISSING_SYSTEMATIC: SR1E2Mu/PileupJetIDSF_Down/NMinusOne/njet_ge2/n_jets in Skim_TriLep_WWW.root
2026-08-19 12:38:10,182 - INFO - [2016preVFP] MISSING_SYSTEMATIC: SR1E2Mu/MuonIDSF_Up/NMinusOne/njet_ge2/n_jets in Skim_TriLep_WWW.root
2026-08-19 12:38:10,182 - INFO - [2016preVFP] MISSING_SYSTEMATIC: SR1E2Mu/MuonIDSF_Down/NMinusOne/njet_ge2/n_jets in Skim_TriLep_WWW.root
2026-08-19 12:38:10,183 - INFO - [2016preVFP] MISSING_SYSTEMATIC: SR1E2Mu/ElectronRecoSF_Up/NMinusOne/njet_ge2/n_jets in Skim_TriLep_WWW.root
2026-08-19 12:38:10,183 - INFO - [2016preVFP] MISSING_SYSTEMATIC: SR1E2Mu/ElectronRecoSF_Down/NMinusOne/njet_ge2/n_jets in Skim_TriLep_WWW.root
2026-08-19 12:38:10,183 - INFO - [2016preVFP] MISSING_SYSTEMATIC: SR1E2Mu/ElectronIDSF_Up/NMinusOne/njet_ge2/n_jets in Skim_TriLep_WWW.root
2026-08-19 12:38:10,183 - INFO - [2016preVFP] MISSING_SYSTEMATIC: SR1E2Mu/ElectronIDSF_Down/NMinusOne/njet_ge2/n_jets in Skim_TriLep_WWW.root
2026-08-19 12:38:10,184 - INFO - [2016preVFP] MISSING_SYSTEMATIC: SR1E2Mu/EMuTrigSF_Up/NMinusOne/njet_ge2/n_jets in Skim_TriLep_WWW.root
2026-08-19 12:38:10,184 - INFO - [2016preVFP] MISSING_SYSTEMATIC: SR1E2Mu/EMuTrigSF_Down/NMinusOne/njet_ge2/n_jets in Skim_TriLep_WWW.root
2026-08-19 12:38:10,185 - INFO - [2016preVFP] MISSING_SYSTEMATIC: SR1E2Mu/JetEn_Up/NMinusOne/njet_ge2/n_jets in Skim_TriLep_WWW.root
2026-08-19 12:38:10,185 - INFO - [2016preVFP] MISSING_SYSTEMATIC: SR1E2Mu/JetEn_Down/NMinusOne/njet_ge2/n_jets in Skim_TriLep_WWW.root
2026-08-19 12:38:10,185 - INFO - [2016preVFP] MISSING_SYSTEMATIC: SR1E2Mu/JetRes_Up/NMinusOne/njet_ge2/n_jets in Skim_TriLep_WWW.root
2026-08-19 12:38:10,185 - INFO - [2016preVFP] MISSING_SYSTEMATIC: SR1E2Mu/JetRes_Down/NMinusOne/njet_ge2/n_jets in Skim_TriLep_WWW.root
2026-08-19 12:38:10,186 - INFO - [2016preVFP] MISSING_SYSTEMATIC: SR1E2Mu/MuonEn_Up/NMinusOne/njet_ge2/n_jets in Skim_TriLep_WWW.root
2026-08-19 12:38:10,186 - INFO - [2016preVFP] MISSING_SYSTEMATIC: SR1E2Mu/MuonEn_Down/NMinusOne/njet_ge2/n_jets in Skim_TriLep_WWW.root
2026-08-19 12:38:10,187 - INFO - [2016preVFP] MISSING_SYSTEMATIC: SR1E2Mu/ElectronEn_Up/NMinusOne/njet_ge2/n_jets in Skim_TriLep_WWW.root
2026-08-19 12:38:10,187 - INFO - [2016preVFP] MISSING_SYSTEMATIC: SR1E2Mu/ElectronEn_Down/NMinusOne/njet_ge2/n_jets in Skim_TriLep_WWW.root
2026-08-19 12:38:10,187 - INFO - [2016preVFP] MISSING_SYSTEMATIC: SR1E2Mu/ElectronRes_Up/NMinusOne/njet_ge2/n_jets in Skim_TriLep_WWW.root
2026-08-19 12:38:10,187 - INFO - [2016preVFP] MISSING_SYSTEMATIC: SR1E2Mu/ElectronRes_Down/NMinusOne/njet_ge2/n_jets in Skim_TriLep_WWW.root
2026-08-19 12:38:10,188 - INFO - [2016preVFP] MISSING_SYSTEMATIC: SR1E2Mu/UnclusteredEn_Up/NMinusOne/njet_ge2/n_jets in Skim_TriLep_WWW.root
2026-08-19 12:38:10,188 - INFO - [2016preVFP] MISSING_SYSTEMATIC: SR1E2Mu/UnclusteredEn_Down/NMinusOne/njet_ge2/n_jets in Skim_TriLep_WWW.root
2026-08-19 12:38:10,189 - INFO - [2016preVFP] MISSING_SYSTEMATIC: SR1E2Mu/BtagSF_HFcorr_Up/NMinusOne/njet_ge2/n_jets in Skim_TriLep_WWW.root
2026-08-19 12:38:10,189 - INFO - [2016preVFP] MISSING_SYSTEMATIC: SR1E2Mu/BtagSF_HFcorr_Down/NMinusOne/njet_ge2/n_jets in Skim_TriLep_WWW.root
2026-08-19 12:38:10,189 - INFO - [2016preVFP] MISSING_SYSTEMATIC: SR1E2Mu/BtagSF_HFuncorr_Up/NMinusOne/njet_ge2/n_jets in Skim_TriLep_WWW.root
2026-08-19 12:38:10,189 - INFO - [2016preVFP] MISSING_SYSTEMATIC: SR1E2Mu/BtagSF_HFuncorr_Down/NMinusOne/njet_ge2/n_jets in Skim_TriLep_WWW.root
2026-08-19 12:38:10,190 - INFO - [2016preVFP] MISSING_SYSTEMATIC: SR1E2Mu/BtagSF_LFcorr_Up/NMinusOne/njet_ge2/n_jets in Skim_TriLep_WWW.root
2026-08-19 12:38:10,190 - INFO - [2016preVFP] MISSING_SYSTEMATIC: SR1E2Mu/BtagSF_LFcorr_Down/NMinusOne/njet_ge2/n_jets in Skim_TriLep_WWW.root
2026-08-19 12:38:10,190 - INFO - [2016preVFP] MISSING_SYSTEMATIC: SR1E2Mu/BtagSF_LFuncorr_Up/NMinusOne/njet_ge2/n_jets in Skim_TriLep_WWW.root
2026-08-19 12:38:10,190 - INFO - [2016preVFP] MISSING_SYSTEMATIC: SR1E2Mu/BtagSF_LFuncorr_Down/NMinusOne/njet_ge2/n_jets in Skim_TriLep_WWW.root
2026-08-19 12:38:10,192 - INFO - [2016preVFP] MISSING_SYSTEMATIC: SR1E2Mu/L1Prefire_Up/NMinusOne/njet_ge2/n_jets in Skim_TriLep_WWZ.root
2026-08-19 12:38:10,192 - INFO - [2016preVFP] MISSING_SYSTEMATIC: SR1E2Mu/L1Prefire_Down/NMinusOne/njet_ge2/n_jets in Skim_TriLep_WWZ.root
2026-08-19 12:38:10,192 - INFO - [2016preVFP] MISSING_SYSTEMATIC: SR1E2Mu/PileupReweight_Up/NMinusOne/njet_ge2/n_jets in Skim_TriLep_WWZ.root
2026-08-19 12:38:10,192 - INFO - [2016preVFP] MISSING_SYSTEMATIC: SR1E2Mu/PileupReweight_Down/NMinusOne/njet_ge2/n_jets in Skim_TriLep_WWZ.root
2026-08-19 12:38:10,193 - INFO - [2016preVFP] MISSING_SYSTEMATIC: SR1E2Mu/PileupJetIDSF_Up/NMinusOne/njet_ge2/n_jets in Skim_TriLep_WWZ.root
2026-08-19 12:38:10,193 - INFO - [2016preVFP] MISSING_SYSTEMATIC: SR1E2Mu/PileupJetIDSF_Down/NMinusOne/njet_ge2/n_jets in Skim_TriLep_WWZ.root
2026-08-19 12:38:10,193 - INFO - [2016preVFP] MISSING_SYSTEMATIC: SR1E2Mu/MuonIDSF_Up/NMinusOne/njet_ge2/n_jets in Skim_TriLep_WWZ.root
2026-08-19 12:38:10,193 - INFO - [2016preVFP] MISSING_SYSTEMATIC: SR1E2Mu/MuonIDSF_Down/NMinusOne/njet_ge2/n_jets in Skim_TriLep_WWZ.root
2026-08-19 12:38:10,194 - INFO - [2016preVFP] MISSING_SYSTEMATIC: SR1E2Mu/ElectronRecoSF_Up/NMinusOne/njet_ge2/n_jets in Skim_TriLep_WWZ.root
2026-08-19 12:38:10,194 - INFO - [2016preVFP] MISSING_SYSTEMATIC: SR1E2Mu/ElectronRecoSF_Down/NMinusOne/njet_ge2/n_jets in Skim_TriLep_WWZ.root
2026-08-19 12:38:10,195 - INFO - [2016preVFP] MISSING_SYSTEMATIC: SR1E2Mu/ElectronIDSF_Up/NMinusOne/njet_ge2/n_jets in Skim_TriLep_WWZ.root
2026-08-19 12:38:10,195 - INFO - [2016preVFP] MISSING_SYSTEMATIC: SR1E2Mu/ElectronIDSF_Down/NMinusOne/njet_ge2/n_jets in Skim_TriLep_WWZ.root
2026-08-19 12:38:10,195 - INFO - [2016preVFP] MISSING_SYSTEMATIC: SR1E2Mu/EMuTrigSF_Up/NMinusOne/njet_ge2/n_jets in Skim_TriLep_WWZ.root
2026-08-19 12:38:10,195 - INFO - [2016preVFP] MISSING_SYSTEMATIC: SR1E2Mu/EMuTrigSF_Down/NMinusOne/njet_ge2/n_jets in Skim_TriLep_WWZ.root
2026-08-19 12:38:10,196 - INFO - [2016preVFP] MISSING_SYSTEMATIC: SR1E2Mu/JetEn_Up/NMinusOne/njet_ge2/n_jets in Skim_TriLep_WWZ.root
2026-08-19 12:38:10,196 - INFO - [2016preVFP] MISSING_SYSTEMATIC: SR1E2Mu/JetEn_Down/NMinusOne/njet_ge2/n_jets in Skim_TriLep_WWZ.root
2026-08-19 12:38:10,197 - INFO - [2016preVFP] MISSING_SYSTEMATIC: SR1E2Mu/JetRes_Up/NMinusOne/njet_ge2/n_jets in Skim_TriLep_WWZ.root
2026-08-19 12:38:10,197 - INFO - [2016preVFP] MISSING_SYSTEMATIC: SR1E2Mu/JetRes_Down/NMinusOne/njet_ge2/n_jets in Skim_TriLep_WWZ.root
2026-08-19 12:38:10,197 - INFO - [2016preVFP] MISSING_SYSTEMATIC: SR1E2Mu/MuonEn_Up/NMinusOne/njet_ge2/n_jets in Skim_TriLep_WWZ.root
2026-08-19 12:38:10,197 - INFO - [2016preVFP] MISSING_SYSTEMATIC: SR1E2Mu/MuonEn_Down/NMinusOne/njet_ge2/n_jets in Skim_TriLep_WWZ.root
2026-08-19 12:38:10,198 - INFO - [2016preVFP] MISSING_SYSTEMATIC: SR1E2Mu/ElectronEn_Up/NMinusOne/njet_ge2/n_jets in Skim_TriLep_WWZ.root
2026-08-19 12:38:10,198 - INFO - [2016preVFP] MISSING_SYSTEMATIC: SR1E2Mu/ElectronEn_Down/NMinusOne/njet_ge2/n_jets in Skim_TriLep_WWZ.root
2026-08-19 12:38:10,199 - INFO - [2016preVFP] MISSING_SYSTEMATIC: SR1E2Mu/ElectronRes_Up/NMinusOne/njet_ge2/n_jets in Skim_TriLep_WWZ.root
2026-08-19 12:38:10,199 - INFO - [2016preVFP] MISSING_SYSTEMATIC: SR1E2Mu/ElectronRes_Down/NMinusOne/njet_ge2/n_jets in Skim_TriLep_WWZ.root
2026-08-19 12:38:10,199 - INFO - [2016preVFP] MISSING_SYSTEMATIC: SR1E2Mu/UnclusteredEn_Up/NMinusOne/njet_ge2/n_jets in Skim_TriLep_WWZ.root
2026-08-19 12:38:10,199 - INFO - [2016preVFP] MISSING_SYSTEMATIC: SR1E2Mu/UnclusteredEn_Down/NMinusOne/njet_ge2/n_jets in Skim_TriLep_WWZ.root
2026-08-19 12:38:10,200 - INFO - [2016preVFP] MISSING_SYSTEMATIC: SR1E2Mu/BtagSF_HFcorr_Up/NMinusOne/njet_ge2/n_jets in Skim_TriLep_WWZ.root
2026-08-19 12:38:10,200 - INFO - [2016preVFP] MISSING_SYSTEMATIC: SR1E2Mu/BtagSF_HFcorr_Down/NMinusOne/njet_ge2/n_jets in Skim_TriLep_WWZ.root
2026-08-19 12:38:10,200 - INFO - [2016preVFP] MISSING_SYSTEMATIC: SR1E2Mu/BtagSF_HFuncorr_Up/NMinusOne/njet_ge2/n_jets in Skim_TriLep_WWZ.root
2026-08-19 12:38:10,201 - INFO - [2016preVFP] MISSING_SYSTEMATIC: SR1E2Mu/BtagSF_HFuncorr_Down/NMinusOne/njet_ge2/n_jets in Skim_TriLep_WWZ.root
2026-08-19 12:38:10,201 - INFO - [2016preVFP] MISSING_SYSTEMATIC: SR1E2Mu/BtagSF_LFcorr_Up/NMinusOne/njet_ge2/n_jets in Skim_TriLep_WWZ.root
2026-08-19 12:38:10,201 - INFO - [2016preVFP] MISSING_SYSTEMATIC: SR1E2Mu/BtagSF_LFcorr_Down/NMinusOne/njet_ge2/n_jets in Skim_TriLep_WWZ.root
2026-08-19 12:38:10,202 - INFO - [2016preVFP] MISSING_SYSTEMATIC: SR1E2Mu/BtagSF_LFuncorr_Up/NMinusOne/njet_ge2/n_jets in Skim_TriLep_WWZ.root
2026-08-19 12:38:10,202 - INFO - [2016preVFP] MISSING_SYSTEMATIC: SR1E2Mu/BtagSF_LFuncorr_Down/NMinusOne/njet_ge2/n_jets in Skim_TriLep_WWZ.root
2026-08-19 12:38:10,203 - INFO - [2016preVFP] MISSING_SYSTEMATIC: SR1E2Mu/L1Prefire_Up/NMinusOne/njet_ge2/n_jets in Skim_TriLep_WZZ.root
2026-08-19 12:38:10,203 - INFO - [2016preVFP] MISSING_SYSTEMATIC: SR1E2Mu/L1Prefire_Down/NMinusOne/njet_ge2/n_jets in Skim_TriLep_WZZ.root
2026-08-19 12:38:10,203 - INFO - [2016preVFP] MISSING_SYSTEMATIC: SR1E2Mu/PileupReweight_Up/NMinusOne/njet_ge2/n_jets in Skim_TriLep_WZZ.root
2026-08-19 12:38:10,204 - INFO - [2016preVFP] MISSING_SYSTEMATIC: SR1E2Mu/PileupReweight_Down/NMinusOne/njet_ge2/n_jets in Skim_TriLep_WZZ.root
2026-08-19 12:38:10,204 - INFO - [2016preVFP] MISSING_SYSTEMATIC: SR1E2Mu/PileupJetIDSF_Up/NMinusOne/njet_ge2/n_jets in Skim_TriLep_WZZ.root
2026-08-19 12:38:10,204 - INFO - [2016preVFP] MISSING_SYSTEMATIC: SR1E2Mu/PileupJetIDSF_Down/NMinusOne/njet_ge2/n_jets in Skim_TriLep_WZZ.root
2026-08-19 12:38:10,205 - INFO - [2016preVFP] MISSING_SYSTEMATIC: SR1E2Mu/MuonIDSF_Up/NMinusOne/njet_ge2/n_jets in Skim_TriLep_WZZ.root
2026-08-19 12:38:10,205 - INFO - [2016preVFP] MISSING_SYSTEMATIC: SR1E2Mu/MuonIDSF_Down/NMinusOne/njet_ge2/n_jets in Skim_TriLep_WZZ.root
2026-08-19 12:38:10,205 - INFO - [2016preVFP] MISSING_SYSTEMATIC: SR1E2Mu/ElectronRecoSF_Up/NMinusOne/njet_ge2/n_jets in Skim_TriLep_WZZ.root
2026-08-19 12:38:10,205 - INFO - [2016preVFP] MISSING_SYSTEMATIC: SR1E2Mu/ElectronRecoSF_Down/NMinusOne/njet_ge2/n_jets in Skim_TriLep_WZZ.root
2026-08-19 12:38:10,206 - INFO - [2016preVFP] MISSING_SYSTEMATIC: SR1E2Mu/ElectronIDSF_Up/NMinusOne/njet_ge2/n_jets in Skim_TriLep_WZZ.root
2026-08-19 12:38:10,206 - INFO - [2016preVFP] MISSING_SYSTEMATIC: SR1E2Mu/ElectronIDSF_Down/NMinusOne/njet_ge2/n_jets in Skim_TriLep_WZZ.root
2026-08-19 12:38:10,207 - INFO - [2016preVFP] MISSING_SYSTEMATIC: SR1E2Mu/EMuTrigSF_Up/NMinusOne/njet_ge2/n_jets in Skim_TriLep_WZZ.root
2026-08-19 12:38:10,207 - INFO - [2016preVFP] MISSING_SYSTEMATIC: SR1E2Mu/EMuTrigSF_Down/NMinusOne/njet_ge2/n_jets in Skim_TriLep_WZZ.root
2026-08-19 12:38:10,207 - INFO - [2016preVFP] MISSING_SYSTEMATIC: SR1E2Mu/JetEn_Up/NMinusOne/njet_ge2/n_jets in Skim_TriLep_WZZ.root
2026-08-19 12:38:10,207 - INFO - [2016preVFP] MISSING_SYSTEMATIC: SR1E2Mu/JetEn_Down/NMinusOne/njet_ge2/n_jets in Skim_TriLep_WZZ.root
2026-08-19 12:38:10,208 - INFO - [2016preVFP] MISSING_SYSTEMATIC: SR1E2Mu/JetRes_Up/NMinusOne/njet_ge2/n_jets in Skim_TriLep_WZZ.root
2026-08-19 12:38:10,208 - INFO - [2016preVFP] MISSING_SYSTEMATIC: SR1E2Mu/JetRes_Down/NMinusOne/njet_ge2/n_jets in Skim_TriLep_WZZ.root
2026-08-19 12:38:10,209 - INFO - [2016preVFP] MISSING_SYSTEMATIC: SR1E2Mu/MuonEn_Up/NMinusOne/njet_ge2/n_jets in Skim_TriLep_WZZ.root
2026-08-19 12:38:10,209 - INFO - [2016preVFP] MISSING_SYSTEMATIC: SR1E2Mu/MuonEn_Down/NMinusOne/njet_ge2/n_jets in Skim_TriLep_WZZ.root
2026-08-19 12:38:10,209 - INFO - [2016preVFP] MISSING_SYSTEMATIC: SR1E2Mu/ElectronEn_Up/NMinusOne/njet_ge2/n_jets in Skim_TriLep_WZZ.root
2026-08-19 12:38:10,209 - INFO - [2016preVFP] MISSING_SYSTEMATIC: SR1E2Mu/ElectronEn_Down/NMinusOne/njet_ge2/n_jets in Skim_TriLep_WZZ.root
2026-08-19 12:38:10,210 - INFO - [2016preVFP] MISSING_SYSTEMATIC: SR1E2Mu/ElectronRes_Up/NMinusOne/njet_ge2/n_jets in Skim_TriLep_WZZ.root
2026-08-19 12:38:10,210 - INFO - [2016preVFP] MISSING_SYSTEMATIC: SR1E2Mu/ElectronRes_Down/NMinusOne/njet_ge2/n_jets in Skim_TriLep_WZZ.root
2026-08-19 12:38:10,211 - INFO - [2016preVFP] MISSING_SYSTEMATIC: SR1E2Mu/UnclusteredEn_Up/NMinusOne/njet_ge2/n_jets in Skim_TriLep_WZZ.root
2026-08-19 12:38:10,211 - INFO - [2016preVFP] MISSING_SYSTEMATIC: SR1E2Mu/UnclusteredEn_Down/NMinusOne/njet_ge2/n_jets in Skim_TriLep_WZZ.root
2026-08-19 12:38:10,211 - INFO - [2016preVFP] MISSING_SYSTEMATIC: SR1E2Mu/BtagSF_HFcorr_Up/NMinusOne/njet_ge2/n_jets in Skim_TriLep_WZZ.root
2026-08-19 12:38:10,211 - INFO - [2016preVFP] MISSING_SYSTEMATIC: SR1E2Mu/BtagSF_HFcorr_Down/NMinusOne/njet_ge2/n_jets in Skim_TriLep_WZZ.root
2026-08-19 12:38:10,212 - INFO - [2016preVFP] MISSING_SYSTEMATIC: SR1E2Mu/BtagSF_HFuncorr_Up/NMinusOne/njet_ge2/n_jets in Skim_TriLep_WZZ.root
2026-08-19 12:38:10,212 - INFO - [2016preVFP] MISSING_SYSTEMATIC: SR1E2Mu/BtagSF_HFuncorr_Down/NMinusOne/njet_ge2/n_jets in Skim_TriLep_WZZ.root
2026-08-19 12:38:10,212 - INFO - [2016preVFP] MISSING_SYSTEMATIC: SR1E2Mu/BtagSF_LFcorr_Up/NMinusOne/njet_ge2/n_jets in Skim_TriLep_WZZ.root
2026-08-19 12:38:10,212 - INFO - [2016preVFP] MISSING_SYSTEMATIC: SR1E2Mu/BtagSF_LFcorr_Down/NMinusOne/njet_ge2/n_jets in Skim_TriLep_WZZ.root
2026-08-19 12:38:10,213 - INFO - [2016preVFP] MISSING_SYSTEMATIC: SR1E2Mu/BtagSF_LFuncorr_Up/NMinusOne/njet_ge2/n_jets in Skim_TriLep_WZZ.root
2026-08-19 12:38:10,213 - INFO - [2016preVFP] MISSING_SYSTEMATIC: SR1E2Mu/BtagSF_LFuncorr_Down/NMinusOne/njet_ge2/n_jets in Skim_TriLep_WZZ.root
2026-08-19 12:38:10,214 - INFO - [2016preVFP] MISSING_SYSTEMATIC: SR1E2Mu/L1Prefire_Up/NMinusOne/njet_ge2/n_jets in Skim_TriLep_ZZZ.root
2026-08-19 12:38:10,214 - INFO - [2016preVFP] MISSING_SYSTEMATIC: SR1E2Mu/L1Prefire_Down/NMinusOne/njet_ge2/n_jets in Skim_TriLep_ZZZ.root
2026-08-19 12:38:10,215 - INFO - [2016preVFP] MISSING_SYSTEMATIC: SR1E2Mu/PileupReweight_Up/NMinusOne/njet_ge2/n_jets in Skim_TriLep_ZZZ.root
2026-08-19 12:38:10,215 - INFO - [2016preVFP] MISSING_SYSTEMATIC: SR1E2Mu/PileupReweight_Down/NMinusOne/njet_ge2/n_jets in Skim_TriLep_ZZZ.root
2026-08-19 12:38:10,215 - INFO - [2016preVFP] MISSING_SYSTEMATIC: SR1E2Mu/PileupJetIDSF_Up/NMinusOne/njet_ge2/n_jets in Skim_TriLep_ZZZ.root
2026-08-19 12:38:10,215 - INFO - [2016preVFP] MISSING_SYSTEMATIC: SR1E2Mu/PileupJetIDSF_Down/NMinusOne/njet_ge2/n_jets in Skim_TriLep_ZZZ.root
2026-08-19 12:38:10,216 - INFO - [2016preVFP] MISSING_SYSTEMATIC: SR1E2Mu/MuonIDSF_Up/NMinusOne/njet_ge2/n_jets in Skim_TriLep_ZZZ.root
2026-08-19 12:38:10,216 - INFO - [2016preVFP] MISSING_SYSTEMATIC: SR1E2Mu/MuonIDSF_Down/NMinusOne/njet_ge2/n_jets in Skim_TriLep_ZZZ.root
2026-08-19 12:38:10,217 - INFO - [2016preVFP] MISSING_SYSTEMATIC: SR1E2Mu/ElectronRecoSF_Up/NMinusOne/njet_ge2/n_jets in Skim_TriLep_ZZZ.root
2026-08-19 12:38:10,217 - INFO - [2016preVFP] MISSING_SYSTEMATIC: SR1E2Mu/ElectronRecoSF_Down/NMinusOne/njet_ge2/n_jets in Skim_TriLep_ZZZ.root
2026-08-19 12:38:10,217 - INFO - [2016preVFP] MISSING_SYSTEMATIC: SR1E2Mu/ElectronIDSF_Up/NMinusOne/njet_ge2/n_jets in Skim_TriLep_ZZZ.root
2026-08-19 12:38:10,217 - INFO - [2016preVFP] MISSING_SYSTEMATIC: SR1E2Mu/ElectronIDSF_Down/NMinusOne/njet_ge2/n_jets in Skim_TriLep_ZZZ.root
2026-08-19 12:38:10,218 - INFO - [2016preVFP] MISSING_SYSTEMATIC: SR1E2Mu/EMuTrigSF_Up/NMinusOne/njet_ge2/n_jets in Skim_TriLep_ZZZ.root
2026-08-19 12:38:10,218 - INFO - [2016preVFP] MISSING_SYSTEMATIC: SR1E2Mu/EMuTrigSF_Down/NMinusOne/njet_ge2/n_jets in Skim_TriLep_ZZZ.root
2026-08-19 12:38:10,219 - INFO - [2016preVFP] MISSING_SYSTEMATIC: SR1E2Mu/JetEn_Up/NMinusOne/njet_ge2/n_jets in Skim_TriLep_ZZZ.root
2026-08-19 12:38:10,219 - INFO - [2016preVFP] MISSING_SYSTEMATIC: SR1E2Mu/JetEn_Down/NMinusOne/njet_ge2/n_jets in Skim_TriLep_ZZZ.root
2026-08-19 12:38:10,219 - INFO - [2016preVFP] MISSING_SYSTEMATIC: SR1E2Mu/JetRes_Up/NMinusOne/njet_ge2/n_jets in Skim_TriLep_ZZZ.root
2026-08-19 12:38:10,219 - INFO - [2016preVFP] MISSING_SYSTEMATIC: SR1E2Mu/JetRes_Down/NMinusOne/njet_ge2/n_jets in Skim_TriLep_ZZZ.root
2026-08-19 12:38:10,220 - INFO - [2016preVFP] MISSING_SYSTEMATIC: SR1E2Mu/MuonEn_Up/NMinusOne/njet_ge2/n_jets in Skim_TriLep_ZZZ.root
2026-08-19 12:38:10,220 - INFO - [2016preVFP] MISSING_SYSTEMATIC: SR1E2Mu/MuonEn_Down/NMinusOne/njet_ge2/n_jets in Skim_TriLep_ZZZ.root
2026-08-19 12:38:10,221 - INFO - [2016preVFP] MISSING_SYSTEMATIC: SR1E2Mu/ElectronEn_Up/NMinusOne/njet_ge2/n_jets in Skim_TriLep_ZZZ.root
2026-08-19 12:38:10,221 - INFO - [2016preVFP] MISSING_SYSTEMATIC: SR1E2Mu/ElectronEn_Down/NMinusOne/njet_ge2/n_jets in Skim_TriLep_ZZZ.root
2026-08-19 12:38:10,221 - INFO - [2016preVFP] MISSING_SYSTEMATIC: SR1E2Mu/ElectronRes_Up/NMinusOne/njet_ge2/n_jets in Skim_TriLep_ZZZ.root
2026-08-19 12:38:10,221 - INFO - [2016preVFP] MISSING_SYSTEMATIC: SR1E2Mu/ElectronRes_Down/NMinusOne/njet_ge2/n_jets in Skim_TriLep_ZZZ.root
2026-08-19 12:38:10,222 - INFO - [2016preVFP] MISSING_SYSTEMATIC: SR1E2Mu/UnclusteredEn_Up/NMinusOne/njet_ge2/n_jets in Skim_TriLep_ZZZ.root
2026-08-19 12:38:10,222 - INFO - [2016preVFP] MISSING_SYSTEMATIC: SR1E2Mu/UnclusteredEn_Down/NMinusOne/njet_ge2/n_jets in Skim_TriLep_ZZZ.root
2026-08-19 12:38:10,223 - INFO - [2016preVFP] MISSING_SYSTEMATIC: SR1E2Mu/BtagSF_HFcorr_Up/NMinusOne/njet_ge2/n_jets in Skim_TriLep_ZZZ.root
2026-08-19 12:38:10,223 - INFO - [2016preVFP] MISSING_SYSTEMATIC: SR1E2Mu/BtagSF_HFcorr_Down/NMinusOne/njet_ge2/n_jets in Skim_TriLep_ZZZ.root
2026-08-19 12:38:10,223 - INFO - [2016preVFP] MISSING_SYSTEMATIC: SR1E2Mu/BtagSF_HFuncorr_Up/NMinusOne/njet_ge2/n_jets in Skim_TriLep_ZZZ.root
2026-08-19 12:38:10,223 - INFO - [2016preVFP] MISSING_SYSTEMATIC: SR1E2Mu/BtagSF_HFuncorr_Down/NMinusOne/njet_ge2/n_jets in Skim_TriLep_ZZZ.root
2026-08-19 12:38:10,224 - INFO - [2016preVFP] MISSING_SYSTEMATIC: SR1E2Mu/BtagSF_LFcorr_Up/NMinusOne/njet_ge2/n_jets in Skim_TriLep_ZZZ.root
2026-08-19 12:38:10,224 - INFO - [2016preVFP] MISSING_SYSTEMATIC: SR1E2Mu/BtagSF_LFcorr_Down/NMinusOne/njet_ge2/n_jets in Skim_TriLep_ZZZ.root
2026-08-19 12:38:10,224 - INFO - [2016preVFP] MISSING_SYSTEMATIC: SR1E2Mu/BtagSF_LFuncorr_Up/NMinusOne/njet_ge2/n_jets in Skim_TriLep_ZZZ.root
2026-08-19 12:38:10,225 - INFO - [2016preVFP] MISSING_SYSTEMATIC: SR1E2Mu/BtagSF_LFuncorr_Down/NMinusOne/njet_ge2/n_jets in Skim_TriLep_ZZZ.root
2026-08-19 12:38:10,226 - INFO - [2016preVFP] MISSING_SYSTEMATIC: SR1E2Mu/L1Prefire_Up/NMinusOne/njet_ge2/n_jets in Skim_TriLep_TTTT.root
2026-08-19 12:38:10,226 - INFO - [2016preVFP] MISSING_SYSTEMATIC: SR1E2Mu/L1Prefire_Down/NMinusOne/njet_ge2/n_jets in Skim_TriLep_TTTT.root
2026-08-19 12:38:10,226 - INFO - [2016preVFP] MISSING_SYSTEMATIC: SR1E2Mu/PileupReweight_Up/NMinusOne/njet_ge2/n_jets in Skim_TriLep_TTTT.root
2026-08-19 12:38:10,226 - INFO - [2016preVFP] MISSING_SYSTEMATIC: SR1E2Mu/PileupReweight_Down/NMinusOne/njet_ge2/n_jets in Skim_TriLep_TTTT.root
2026-08-19 12:38:10,227 - INFO - [2016preVFP] MISSING_SYSTEMATIC: SR1E2Mu/PileupJetIDSF_Up/NMinusOne/njet_ge2/n_jets in Skim_TriLep_TTTT.root
2026-08-19 12:38:10,227 - INFO - [2016preVFP] MISSING_SYSTEMATIC: SR1E2Mu/PileupJetIDSF_Down/NMinusOne/njet_ge2/n_jets in Skim_TriLep_TTTT.root
2026-08-19 12:38:10,227 - INFO - [2016preVFP] MISSING_SYSTEMATIC: SR1E2Mu/MuonIDSF_Up/NMinusOne/njet_ge2/n_jets in Skim_TriLep_TTTT.root
2026-08-19 12:38:10,228 - INFO - [2016preVFP] MISSING_SYSTEMATIC: SR1E2Mu/MuonIDSF_Down/NMinusOne/njet_ge2/n_jets in Skim_TriLep_TTTT.root
2026-08-19 12:38:10,228 - INFO - [2016preVFP] MISSING_SYSTEMATIC: SR1E2Mu/ElectronRecoSF_Up/NMinusOne/njet_ge2/n_jets in Skim_TriLep_TTTT.root
2026-08-19 12:38:10,228 - INFO - [2016preVFP] MISSING_SYSTEMATIC: SR1E2Mu/ElectronRecoSF_Down/NMinusOne/njet_ge2/n_jets in Skim_TriLep_TTTT.root
2026-08-19 12:38:10,229 - INFO - [2016preVFP] MISSING_SYSTEMATIC: SR1E2Mu/ElectronIDSF_Up/NMinusOne/njet_ge2/n_jets in Skim_TriLep_TTTT.root
2026-08-19 12:38:10,229 - INFO - [2016preVFP] MISSING_SYSTEMATIC: SR1E2Mu/ElectronIDSF_Down/NMinusOne/njet_ge2/n_jets in Skim_TriLep_TTTT.root
2026-08-19 12:38:10,229 - INFO - [2016preVFP] MISSING_SYSTEMATIC: SR1E2Mu/EMuTrigSF_Up/NMinusOne/njet_ge2/n_jets in Skim_TriLep_TTTT.root
2026-08-19 12:38:10,229 - INFO - [2016preVFP] MISSING_SYSTEMATIC: SR1E2Mu/EMuTrigSF_Down/NMinusOne/njet_ge2/n_jets in Skim_TriLep_TTTT.root
2026-08-19 12:38:10,230 - INFO - [2016preVFP] MISSING_SYSTEMATIC: SR1E2Mu/JetEn_Up/NMinusOne/njet_ge2/n_jets in Skim_TriLep_TTTT.root
2026-08-19 12:38:10,230 - INFO - [2016preVFP] MISSING_SYSTEMATIC: SR1E2Mu/JetEn_Down/NMinusOne/njet_ge2/n_jets in Skim_TriLep_TTTT.root
2026-08-19 12:38:10,231 - INFO - [2016preVFP] MISSING_SYSTEMATIC: SR1E2Mu/JetRes_Up/NMinusOne/njet_ge2/n_jets in Skim_TriLep_TTTT.root
2026-08-19 12:38:10,231 - INFO - [2016preVFP] MISSING_SYSTEMATIC: SR1E2Mu/JetRes_Down/NMinusOne/njet_ge2/n_jets in Skim_TriLep_TTTT.root
2026-08-19 12:38:10,231 - INFO - [2016preVFP] MISSING_SYSTEMATIC: SR1E2Mu/MuonEn_Up/NMinusOne/njet_ge2/n_jets in Skim_TriLep_TTTT.root
2026-08-19 12:38:10,231 - INFO - [2016preVFP] MISSING_SYSTEMATIC: SR1E2Mu/MuonEn_Down/NMinusOne/njet_ge2/n_jets in Skim_TriLep_TTTT.root
2026-08-19 12:38:10,232 - INFO - [2016preVFP] MISSING_SYSTEMATIC: SR1E2Mu/ElectronEn_Up/NMinusOne/njet_ge2/n_jets in Skim_TriLep_TTTT.root
2026-08-19 12:38:10,232 - INFO - [2016preVFP] MISSING_SYSTEMATIC: SR1E2Mu/ElectronEn_Down/NMinusOne/njet_ge2/n_jets in Skim_TriLep_TTTT.root
2026-08-19 12:38:10,233 - INFO - [2016preVFP] MISSING_SYSTEMATIC: SR1E2Mu/ElectronRes_Up/NMinusOne/njet_ge2/n_jets in Skim_TriLep_TTTT.root
2026-08-19 12:38:10,233 - INFO - [2016preVFP] MISSING_SYSTEMATIC: SR1E2Mu/ElectronRes_Down/NMinusOne/njet_ge2/n_jets in Skim_TriLep_TTTT.root
2026-08-19 12:38:10,233 - INFO - [2016preVFP] MISSING_SYSTEMATIC: SR1E2Mu/UnclusteredEn_Up/NMinusOne/njet_ge2/n_jets in Skim_TriLep_TTTT.root
2026-08-19 12:38:10,233 - INFO - [2016preVFP] MISSING_SYSTEMATIC: SR1E2Mu/UnclusteredEn_Down/NMinusOne/njet_ge2/n_jets in Skim_TriLep_TTTT.root
2026-08-19 12:38:10,234 - INFO - [2016preVFP] MISSING_SYSTEMATIC: SR1E2Mu/BtagSF_HFcorr_Up/NMinusOne/njet_ge2/n_jets in Skim_TriLep_TTTT.root
2026-08-19 12:38:10,234 - INFO - [2016preVFP] MISSING_SYSTEMATIC: SR1E2Mu/BtagSF_HFcorr_Down/NMinusOne/njet_ge2/n_jets in Skim_TriLep_TTTT.root
2026-08-19 12:38:10,235 - INFO - [2016preVFP] MISSING_SYSTEMATIC: SR1E2Mu/BtagSF_HFuncorr_Up/NMinusOne/njet_ge2/n_jets in Skim_TriLep_TTTT.root
2026-08-19 12:38:10,235 - INFO - [2016preVFP] MISSING_SYSTEMATIC: SR1E2Mu/BtagSF_HFuncorr_Down/NMinusOne/njet_ge2/n_jets in Skim_TriLep_TTTT.root
2026-08-19 12:38:10,235 - INFO - [2016preVFP] MISSING_SYSTEMATIC: SR1E2Mu/BtagSF_LFcorr_Up/NMinusOne/njet_ge2/n_jets in Skim_TriLep_TTTT.root
2026-08-19 12:38:10,235 - INFO - [2016preVFP] MISSING_SYSTEMATIC: SR1E2Mu/BtagSF_LFcorr_Down/NMinusOne/njet_ge2/n_jets in Skim_TriLep_TTTT.root
2026-08-19 12:38:10,236 - INFO - [2016preVFP] MISSING_SYSTEMATIC: SR1E2Mu/BtagSF_LFuncorr_Up/NMinusOne/njet_ge2/n_jets in Skim_TriLep_TTTT.root
2026-08-19 12:38:10,236 - INFO - [2016preVFP] MISSING_SYSTEMATIC: SR1E2Mu/BtagSF_LFuncorr_Down/NMinusOne/njet_ge2/n_jets in Skim_TriLep_TTTT.root
2026-08-19 12:38:10,237 - INFO - [2016preVFP] MISSING_SYSTEMATIC: SR1E2Mu/L1Prefire_Up/NMinusOne/njet_ge2/n_jets in Skim_TriLep_VBFHToZZTo4L.root
2026-08-19 12:38:10,237 - INFO - [2016preVFP] MISSING_SYSTEMATIC: SR1E2Mu/L1Prefire_Down/NMinusOne/njet_ge2/n_jets in Skim_TriLep_VBFHToZZTo4L.root
2026-08-19 12:38:10,238 - INFO - [2016preVFP] MISSING_SYSTEMATIC: SR1E2Mu/PileupReweight_Up/NMinusOne/njet_ge2/n_jets in Skim_TriLep_VBFHToZZTo4L.root
2026-08-19 12:38:10,238 - INFO - [2016preVFP] MISSING_SYSTEMATIC: SR1E2Mu/PileupReweight_Down/NMinusOne/njet_ge2/n_jets in Skim_TriLep_VBFHToZZTo4L.root
2026-08-19 12:38:10,238 - INFO - [2016preVFP] MISSING_SYSTEMATIC: SR1E2Mu/PileupJetIDSF_Up/NMinusOne/njet_ge2/n_jets in Skim_TriLep_VBFHToZZTo4L.root
2026-08-19 12:38:10,238 - INFO - [2016preVFP] MISSING_SYSTEMATIC: SR1E2Mu/PileupJetIDSF_Down/NMinusOne/njet_ge2/n_jets in Skim_TriLep_VBFHToZZTo4L.root
2026-08-19 12:38:10,239 - INFO - [2016preVFP] MISSING_SYSTEMATIC: SR1E2Mu/MuonIDSF_Up/NMinusOne/njet_ge2/n_jets in Skim_TriLep_VBFHToZZTo4L.root
2026-08-19 12:38:10,239 - INFO - [2016preVFP] MISSING_SYSTEMATIC: SR1E2Mu/MuonIDSF_Down/NMinusOne/njet_ge2/n_jets in Skim_TriLep_VBFHToZZTo4L.root
2026-08-19 12:38:10,240 - INFO - [2016preVFP] MISSING_SYSTEMATIC: SR1E2Mu/ElectronRecoSF_Up/NMinusOne/njet_ge2/n_jets in Skim_TriLep_VBFHToZZTo4L.root
2026-08-19 12:38:10,240 - INFO - [2016preVFP] MISSING_SYSTEMATIC: SR1E2Mu/ElectronRecoSF_Down/NMinusOne/njet_ge2/n_jets in Skim_TriLep_VBFHToZZTo4L.root
2026-08-19 12:38:10,240 - INFO - [2016preVFP] MISSING_SYSTEMATIC: SR1E2Mu/ElectronIDSF_Up/NMinusOne/njet_ge2/n_jets in Skim_TriLep_VBFHToZZTo4L.root
2026-08-19 12:38:10,240 - INFO - [2016preVFP] MISSING_SYSTEMATIC: SR1E2Mu/ElectronIDSF_Down/NMinusOne/njet_ge2/n_jets in Skim_TriLep_VBFHToZZTo4L.root
2026-08-19 12:38:10,241 - INFO - [2016preVFP] MISSING_SYSTEMATIC: SR1E2Mu/EMuTrigSF_Up/NMinusOne/njet_ge2/n_jets in Skim_TriLep_VBFHToZZTo4L.root
2026-08-19 12:38:10,241 - INFO - [2016preVFP] MISSING_SYSTEMATIC: SR1E2Mu/EMuTrigSF_Down/NMinusOne/njet_ge2/n_jets in Skim_TriLep_VBFHToZZTo4L.root
2026-08-19 12:38:10,242 - INFO - [2016preVFP] MISSING_SYSTEMATIC: SR1E2Mu/JetEn_Up/NMinusOne/njet_ge2/n_jets in Skim_TriLep_VBFHToZZTo4L.root
2026-08-19 12:38:10,242 - INFO - [2016preVFP] MISSING_SYSTEMATIC: SR1E2Mu/JetEn_Down/NMinusOne/njet_ge2/n_jets in Skim_TriLep_VBFHToZZTo4L.root
2026-08-19 12:38:10,242 - INFO - [2016preVFP] MISSING_SYSTEMATIC: SR1E2Mu/JetRes_Up/NMinusOne/njet_ge2/n_jets in Skim_TriLep_VBFHToZZTo4L.root
2026-08-19 12:38:10,242 - INFO - [2016preVFP] MISSING_SYSTEMATIC: SR1E2Mu/JetRes_Down/NMinusOne/njet_ge2/n_jets in Skim_TriLep_VBFHToZZTo4L.root
2026-08-19 12:38:10,243 - INFO - [2016preVFP] MISSING_SYSTEMATIC: SR1E2Mu/MuonEn_Up/NMinusOne/njet_ge2/n_jets in Skim_TriLep_VBFHToZZTo4L.root
2026-08-19 12:38:10,243 - INFO - [2016preVFP] MISSING_SYSTEMATIC: SR1E2Mu/MuonEn_Down/NMinusOne/njet_ge2/n_jets in Skim_TriLep_VBFHToZZTo4L.root
2026-08-19 12:38:10,244 - INFO - [2016preVFP] MISSING_SYSTEMATIC: SR1E2Mu/ElectronEn_Up/NMinusOne/njet_ge2/n_jets in Skim_TriLep_VBFHToZZTo4L.root
2026-08-19 12:38:10,244 - INFO - [2016preVFP] MISSING_SYSTEMATIC: SR1E2Mu/ElectronEn_Down/NMinusOne/njet_ge2/n_jets in Skim_TriLep_VBFHToZZTo4L.root
2026-08-19 12:38:10,244 - INFO - [2016preVFP] MISSING_SYSTEMATIC: SR1E2Mu/ElectronRes_Up/NMinusOne/njet_ge2/n_jets in Skim_TriLep_VBFHToZZTo4L.root
2026-08-19 12:38:10,244 - INFO - [2016preVFP] MISSING_SYSTEMATIC: SR1E2Mu/ElectronRes_Down/NMinusOne/njet_ge2/n_jets in Skim_TriLep_VBFHToZZTo4L.root
2026-08-19 12:38:10,245 - INFO - [2016preVFP] MISSING_SYSTEMATIC: SR1E2Mu/UnclusteredEn_Up/NMinusOne/njet_ge2/n_jets in Skim_TriLep_VBFHToZZTo4L.root
2026-08-19 12:38:10,245 - INFO - [2016preVFP] MISSING_SYSTEMATIC: SR1E2Mu/UnclusteredEn_Down/NMinusOne/njet_ge2/n_jets in Skim_TriLep_VBFHToZZTo4L.root
2026-08-19 12:38:10,246 - INFO - [2016preVFP] MISSING_SYSTEMATIC: SR1E2Mu/BtagSF_HFcorr_Up/NMinusOne/njet_ge2/n_jets in Skim_TriLep_VBFHToZZTo4L.root
2026-08-19 12:38:10,246 - INFO - [2016preVFP] MISSING_SYSTEMATIC: SR1E2Mu/BtagSF_HFcorr_Down/NMinusOne/njet_ge2/n_jets in Skim_TriLep_VBFHToZZTo4L.root
2026-08-19 12:38:10,246 - INFO - [2016preVFP] MISSING_SYSTEMATIC: SR1E2Mu/BtagSF_HFuncorr_Up/NMinusOne/njet_ge2/n_jets in Skim_TriLep_VBFHToZZTo4L.root
2026-08-19 12:38:10,246 - INFO - [2016preVFP] MISSING_SYSTEMATIC: SR1E2Mu/BtagSF_HFuncorr_Down/NMinusOne/njet_ge2/n_jets in Skim_TriLep_VBFHToZZTo4L.root
2026-08-19 12:38:10,247 - INFO - [2016preVFP] MISSING_SYSTEMATIC: SR1E2Mu/BtagSF_LFcorr_Up/NMinusOne/njet_ge2/n_jets in Skim_TriLep_VBFHToZZTo4L.root
2026-08-19 12:38:10,247 - INFO - [2016preVFP] MISSING_SYSTEMATIC: SR1E2Mu/BtagSF_LFcorr_Down/NMinusOne/njet_ge2/n_jets in Skim_TriLep_VBFHToZZTo4L.root
2026-08-19 12:38:10,248 - INFO - [2016preVFP] MISSING_SYSTEMATIC: SR1E2Mu/BtagSF_LFuncorr_Up/NMinusOne/njet_ge2/n_jets in Skim_TriLep_VBFHToZZTo4L.root
2026-08-19 12:38:10,248 - INFO - [2016preVFP] MISSING_SYSTEMATIC: SR1E2Mu/BtagSF_LFuncorr_Down/NMinusOne/njet_ge2/n_jets in Skim_TriLep_VBFHToZZTo4L.root
2026-08-19 12:38:10,249 - INFO - [2016preVFP] MISSING_SYSTEMATIC: SR1E2Mu/L1Prefire_Up/NMinusOne/njet_ge2/n_jets in Skim_TriLep_ggHToZZTo4L.root
2026-08-19 12:38:10,249 - INFO - [2016preVFP] MISSING_SYSTEMATIC: SR1E2Mu/L1Prefire_Down/NMinusOne/njet_ge2/n_jets in Skim_TriLep_ggHToZZTo4L.root
2026-08-19 12:38:10,249 - INFO - [2016preVFP] MISSING_SYSTEMATIC: SR1E2Mu/PileupReweight_Up/NMinusOne/njet_ge2/n_jets in Skim_TriLep_ggHToZZTo4L.root
2026-08-19 12:38:10,249 - INFO - [2016preVFP] MISSING_SYSTEMATIC: SR1E2Mu/PileupReweight_Down/NMinusOne/njet_ge2/n_jets in Skim_TriLep_ggHToZZTo4L.root
2026-08-19 12:38:10,250 - INFO - [2016preVFP] MISSING_SYSTEMATIC: SR1E2Mu/PileupJetIDSF_Up/NMinusOne/njet_ge2/n_jets in Skim_TriLep_ggHToZZTo4L.root
2026-08-19 12:38:10,250 - INFO - [2016preVFP] MISSING_SYSTEMATIC: SR1E2Mu/PileupJetIDSF_Down/NMinusOne/njet_ge2/n_jets in Skim_TriLep_ggHToZZTo4L.root
2026-08-19 12:38:10,251 - INFO - [2016preVFP] MISSING_SYSTEMATIC: SR1E2Mu/MuonIDSF_Up/NMinusOne/njet_ge2/n_jets in Skim_TriLep_ggHToZZTo4L.root
2026-08-19 12:38:10,251 - INFO - [2016preVFP] MISSING_SYSTEMATIC: SR1E2Mu/MuonIDSF_Down/NMinusOne/njet_ge2/n_jets in Skim_TriLep_ggHToZZTo4L.root
2026-08-19 12:38:10,251 - INFO - [2016preVFP] MISSING_SYSTEMATIC: SR1E2Mu/ElectronRecoSF_Up/NMinusOne/njet_ge2/n_jets in Skim_TriLep_ggHToZZTo4L.root
2026-08-19 12:38:10,251 - INFO - [2016preVFP] MISSING_SYSTEMATIC: SR1E2Mu/ElectronRecoSF_Down/NMinusOne/njet_ge2/n_jets in Skim_TriLep_ggHToZZTo4L.root
2026-08-19 12:38:10,252 - INFO - [2016preVFP] MISSING_SYSTEMATIC: SR1E2Mu/ElectronIDSF_Up/NMinusOne/njet_ge2/n_jets in Skim_TriLep_ggHToZZTo4L.root
2026-08-19 12:38:10,252 - INFO - [2016preVFP] MISSING_SYSTEMATIC: SR1E2Mu/ElectronIDSF_Down/NMinusOne/njet_ge2/n_jets in Skim_TriLep_ggHToZZTo4L.root
2026-08-19 12:38:10,253 - INFO - [2016preVFP] MISSING_SYSTEMATIC: SR1E2Mu/EMuTrigSF_Up/NMinusOne/njet_ge2/n_jets in Skim_TriLep_ggHToZZTo4L.root
2026-08-19 12:38:10,253 - INFO - [2016preVFP] MISSING_SYSTEMATIC: SR1E2Mu/EMuTrigSF_Down/NMinusOne/njet_ge2/n_jets in Skim_TriLep_ggHToZZTo4L.root
2026-08-19 12:38:10,254 - INFO - [2016preVFP] MISSING_SYSTEMATIC: SR1E2Mu/JetEn_Up/NMinusOne/njet_ge2/n_jets in Skim_TriLep_ggHToZZTo4L.root
2026-08-19 12:38:10,254 - INFO - [2016preVFP] MISSING_SYSTEMATIC: SR1E2Mu/JetEn_Down/NMinusOne/njet_ge2/n_jets in Skim_TriLep_ggHToZZTo4L.root
2026-08-19 12:38:10,254 - INFO - [2016preVFP] MISSING_SYSTEMATIC: SR1E2Mu/JetRes_Up/NMinusOne/njet_ge2/n_jets in Skim_TriLep_ggHToZZTo4L.root
2026-08-19 12:38:10,254 - INFO - [2016preVFP] MISSING_SYSTEMATIC: SR1E2Mu/JetRes_Down/NMinusOne/njet_ge2/n_jets in Skim_TriLep_ggHToZZTo4L.root
2026-08-19 12:38:10,255 - INFO - [2016preVFP] MISSING_SYSTEMATIC: SR1E2Mu/MuonEn_Up/NMinusOne/njet_ge2/n_jets in Skim_TriLep_ggHToZZTo4L.root
2026-08-19 12:38:10,255 - INFO - [2016preVFP] MISSING_SYSTEMATIC: SR1E2Mu/MuonEn_Down/NMinusOne/njet_ge2/n_jets in Skim_TriLep_ggHToZZTo4L.root
2026-08-19 12:38:10,256 - INFO - [2016preVFP] MISSING_SYSTEMATIC: SR1E2Mu/ElectronEn_Up/NMinusOne/njet_ge2/n_jets in Skim_TriLep_ggHToZZTo4L.root
2026-08-19 12:38:10,256 - INFO - [2016preVFP] MISSING_SYSTEMATIC: SR1E2Mu/ElectronEn_Down/NMinusOne/njet_ge2/n_jets in Skim_TriLep_ggHToZZTo4L.root
2026-08-19 12:38:10,256 - INFO - [2016preVFP] MISSING_SYSTEMATIC: SR1E2Mu/ElectronRes_Up/NMinusOne/njet_ge2/n_jets in Skim_TriLep_ggHToZZTo4L.root
2026-08-19 12:38:10,257 - INFO - [2016preVFP] MISSING_SYSTEMATIC: SR1E2Mu/ElectronRes_Down/NMinusOne/njet_ge2/n_jets in Skim_TriLep_ggHToZZTo4L.root
2026-08-19 12:38:10,257 - INFO - [2016preVFP] MISSING_SYSTEMATIC: SR1E2Mu/UnclusteredEn_Up/NMinusOne/njet_ge2/n_jets in Skim_TriLep_ggHToZZTo4L.root
2026-08-19 12:38:10,257 - INFO - [2016preVFP] MISSING_SYSTEMATIC: SR1E2Mu/UnclusteredEn_Down/NMinusOne/njet_ge2/n_jets in Skim_TriLep_ggHToZZTo4L.root
2026-08-19 12:38:10,258 - INFO - [2016preVFP] MISSING_SYSTEMATIC: SR1E2Mu/BtagSF_HFcorr_Up/NMinusOne/njet_ge2/n_jets in Skim_TriLep_ggHToZZTo4L.root
2026-08-19 12:38:10,258 - INFO - [2016preVFP] MISSING_SYSTEMATIC: SR1E2Mu/BtagSF_HFcorr_Down/NMinusOne/njet_ge2/n_jets in Skim_TriLep_ggHToZZTo4L.root
2026-08-19 12:38:10,259 - INFO - [2016preVFP] MISSING_SYSTEMATIC: SR1E2Mu/BtagSF_HFuncorr_Up/NMinusOne/njet_ge2/n_jets in Skim_TriLep_ggHToZZTo4L.root
2026-08-19 12:38:10,259 - INFO - [2016preVFP] MISSING_SYSTEMATIC: SR1E2Mu/BtagSF_HFuncorr_Down/NMinusOne/njet_ge2/n_jets in Skim_TriLep_ggHToZZTo4L.root
2026-08-19 12:38:10,259 - INFO - [2016preVFP] MISSING_SYSTEMATIC: SR1E2Mu/BtagSF_LFcorr_Up/NMinusOne/njet_ge2/n_jets in Skim_TriLep_ggHToZZTo4L.root
2026-08-19 12:38:10,259 - INFO - [2016preVFP] MISSING_SYSTEMATIC: SR1E2Mu/BtagSF_LFcorr_Down/NMinusOne/njet_ge2/n_jets in Skim_TriLep_ggHToZZTo4L.root
2026-08-19 12:38:10,260 - INFO - [2016preVFP] MISSING_SYSTEMATIC: SR1E2Mu/BtagSF_LFuncorr_Up/NMinusOne/njet_ge2/n_jets in Skim_TriLep_ggHToZZTo4L.root
2026-08-19 12:38:10,260 - INFO - [2016preVFP] MISSING_SYSTEMATIC: SR1E2Mu/BtagSF_LFuncorr_Down/NMinusOne/njet_ge2/n_jets in Skim_TriLep_ggHToZZTo4L.root
