{
  "hyperparameters": {
    "signal": "MHc130_MA90",
    "channel": "Combined",
    "iteration": 1,
    "model_idx": 12,
    "num_hidden": 64,
    "optimizer": "RMSprop",
    "initial_lr": 0.0001,
    "weight_decay": 2e-05,
    "scheduler": "CyclicLR",
    "pilot_mode": false,
    "num_classes": 4,
    "model_type": "ParticleNet",
    "num_node_features": 9,
    "num_graph_features": 4,
    "dropout_p": 0.4,
    "batch_size": 1024,
    "train_folds": [
      0,
      1,
      2
    ],
    "valid_folds": [
      3
    ]
  },
  "training_summary": {
    "best_epoch": 40,
    "best_train_loss": 0.9349502068127555,
    "best_valid_loss": 0.968148227122179,
    "best_train_acc": 0.6071018590568349,
    "best_valid_acc": 0.5902944408315206,
    "total_epochs": 48
  },
  "epoch_history": {
    "train_loss": [
      1.1338175444617404,
      1.0315498926267097,
      1.0062096826282416,
      0.9951463285224995,
      0.9848729799378593,
      0.9803126726571006,
      0.9761988796302403,
      0.9765811209067087,
      0.9731118211915427,
      0.971455205025689,
      0.9711167846531328,
      0.9682699431742784,
      0.9684284792959107,
      0.965580822092567,
      0.9617886668510863,
      0.9619357086722617,
      0.9588848526557148,
      0.9592877030514976,
      0.9557943196102242,
      0.9600795848691581,
      0.9543644222154101,
      0.9516394217339418,
      0.9504786037087778,
      0.948350486481165,
      0.9468697786369751,
      0.947623579370054,
      0.9486245931127519,
      0.9481843443426855,
      0.948992240777652,
      0.941604825274153,
      0.9422879490212064,
      0.9416892085465564,
      0.9397786190103171,
      0.9420236930737544,
      0.9424413549746402,
      0.9483935011938777,
      0.9424327129757336,
      0.9401211848797869,
      0.9377963506990933,
      0.9364253674486444,
      0.9349502068127555,
      0.9378243841516902,
      0.9415082408087672,
      0.9391237171939609,
      0.9412389873564682,
      0.9365513519793436,
      0.9363003616616913,
      0.9341852196383558
    ],
    "valid_loss": [
      1.1695122965500724,
      1.070009014754201,
      1.0404620449576094,
      1.0290033534940102,
      1.0152150676514202,
      1.0139365506434697,
      1.008987645239117,
      1.0085149636740287,
      1.0063347315495812,
      1.0043994607665145,
      1.0030080310121008,
      1.001851601083422,
      1.0026076140632687,
      0.9980688585478082,
      0.9942626373987008,
      0.9926802461729494,
      0.9897265288090537,
      0.992627567285015,
      0.9892237873302803,
      0.9963481494086698,
      0.9858712984709175,
      0.9845318840337726,
      0.9814232001217905,
      0.9834678643400943,
      0.9796150960655555,
      0.9781262955924255,
      0.981068721647457,
      0.9820603180393582,
      0.9805022637831735,
      0.973689955540981,
      0.9750617931512163,
      0.9746041529204229,
      0.9736258737082769,
      0.9734393212136189,
      0.9757075194374929,
      0.9817465232818496,
      0.9770758637421076,
      0.9720618354253812,
      0.9703182256986594,
      0.968761846152146,
      0.968148227122179,
      0.9684008090469811,
      0.9744564185825699,
      0.9718621883384208,
      0.9729914537011967,
      0.9693181812489203,
      0.9681885168198617,
      0.968898046319575
    ],
    "train_acc": [
      0.49558734023128426,
      0.5361583857870367,
      0.5578403198841267,
      0.569169549373252,
      0.5753676895459834,
      0.5788789417320893,
      0.5799594751804741,
      0.5801983096681741,
      0.5827484456497454,
      0.5852022774024053,
      0.5831991494410502,
      0.5868144101943804,
      0.5862057674676611,
      0.589137268195721,
      0.5899327411265284,
      0.5909920876445527,
      0.592180481829318,
      0.5924327989090657,
      0.5940006317557417,
      0.5911904743561099,
      0.5942837661887409,
      0.5946246831590869,
      0.5965700285830952,
      0.598409439355301,
      0.5984884088230082,
      0.5970592540659645,
      0.5972345277625831,
      0.5977719053599082,
      0.5947441004029369,
      0.6019399523871892,
      0.6023347997257256,
      0.6017396395910537,
      0.6035694199403684,
      0.6008016364014577,
      0.6019187654568288,
      0.595366225721704,
      0.6011521837946948,
      0.6031880551938796,
      0.6044727536075564,
      0.6048483401003105,
      0.6071018590568349,
      0.60641232077783,
      0.6001390633065479,
      0.6069092505990124,
      0.6002738892270237,
      0.6070556330269575,
      0.6057247085834033,
      0.6067551638327542
    ],
    "valid_acc": [
      0.4786849954028659,
      0.5205861906577266,
      0.5447379633574776,
      0.5563148924719127,
      0.5615847778799363,
      0.5640851703182114,
      0.566086605521046,
      0.5661202430874801,
      0.5678862153252753,
      0.570089475926715,
      0.5682898661224856,
      0.570689345861458,
      0.5713845222344314,
      0.5737615769291144,
      0.5738232458009105,
      0.5759816563137712,
      0.5765142511156459,
      0.5770076020900141,
      0.5779494539501715,
      0.5751911735025677,
      0.5791323750364407,
      0.5780447603884018,
      0.5819579306169129,
      0.581913080528334,
      0.5832641894467742,
      0.5826362882066692,
      0.5823671876751957,
      0.5819803556612024,
      0.5794575381786379,
      0.5857141255353979,
      0.5868297714887987,
      0.5862130827708385,
      0.5867232525284237,
      0.5857701881461216,
      0.5854954813535757,
      0.5794407193954209,
      0.5847778799363129,
      0.5875473729060615,
      0.5886069562487386,
      0.5890834884398897,
      0.5902944408315206,
      0.5905523288408494,
      0.5849236427241944,
      0.5902103469154352,
      0.5857982194514835,
      0.5907485479783823,
      0.5899356401228892,
      0.5902103469154352
    ],
    "epoch": [
      0,
      1,
      2,
      3,
      4,
      5,
      6,
      7,
      8,
      9,
      10,
      11,
      12,
      13,
      14,
      15,
      16,
      17,
      18,
      19,
      20,
      21,
      22,
      23,
      24,
      25,
      26,
      27,
      28,
      29,
      30,
      31,
      32,
      33,
      34,
      35,
      36,
      37,
      38,
      39,
      40,
      41,
      42,
      43,
      44,
      45,
      46,
      47
    ],
    "timestamp": [
      1762476363.6107485,
      1762476605.1145911,
      1762476846.8569593,
      1762477088.104679,
      1762477330.1691701,
      1762477572.663179,
      1762477810.9247868,
      1762478043.0464265,
      1762478270.8846328,
      1762478495.9698374,
      1762478720.0745199,
      1762478943.795243,
      1762479165.4857342,
      1762479384.9515753,
      1762479602.5938492,
      1762479821.063412,
      1762480040.2372124,
      1762480259.5889323,
      1762480477.3912878,
      1762480694.8903992,
      1762480912.2984998,
      1762481129.5789666,
      1762481346.8375487,
      1762481565.0617354,
      1762481782.1024897,
      1762481998.8482094,
      1762482214.6980708,
      1762482427.6318536,
      1762482640.1050205,
      1762482851.0551767,
      1762483061.824358,
      1762483272.482559,
      1762483483.3728893,
      1762483693.2243974,
      1762483902.2824357,
      1762484111.8504937,
      1762484319.594559,
      1762484528.6035628,
      1762484737.6050546,
      1762484946.5425653,
      1762485156.1873689,
      1762485365.2423363,
      1762485573.4277506,
      1762485781.1368825,
      1762485989.4574294,
      1762486197.6177468,
      1762486406.469883,
      1762486614.110807
    ]
  }
}