{
  "hyperparameters": {
    "signal": "MHc130_MA90",
    "channel": "Combined",
    "iteration": 1,
    "model_idx": 8,
    "num_hidden": 64,
    "optimizer": "RMSprop",
    "initial_lr": 0.0003,
    "weight_decay": 1e-05,
    "scheduler": "ExponentialLR",
    "pilot_mode": false,
    "num_classes": 4,
    "model_type": "ParticleNet",
    "num_node_features": 9,
    "num_graph_features": 4,
    "dropout_p": 0.4,
    "batch_size": 1024,
    "train_folds": [
      0,
      1,
      2
    ],
    "valid_folds": [
      3
    ]
  },
  "training_summary": {
    "best_epoch": 17,
    "best_train_loss": 0.9362676634987225,
    "best_valid_loss": 0.9677891365879172,
    "best_train_acc": 0.6068167985392574,
    "best_valid_acc": 0.5899973089946853,
    "total_epochs": 25
  },
  "epoch_history": {
    "train_loss": [
      1.0041964316870116,
      0.9920001318060976,
      0.9794964874215147,
      0.9755342138661554,
      0.9632145690553536,
      0.9575858940604974,
      0.9591457515129993,
      0.9512113240694304,
      0.9508707318664928,
      0.9495267264634338,
      0.9461831437664038,
      0.945533126962074,
      0.9509550629592882,
      0.943481136911491,
      0.9448539178097756,
      0.9439324046363843,
      0.9423030793184205,
      0.9362676634987225,
      0.9401718826177562,
      0.9394369168642571,
      0.9369544671342405,
      0.9367919384873414,
      0.9409174484344273,
      0.9388905729745264,
      0.9390745156700183
    ],
    "valid_loss": [
      1.0378376115978551,
      1.0265737940805142,
      1.011453979829576,
      1.0080131998007171,
      0.9948943404188133,
      0.9893516843526866,
      0.9918587491107725,
      0.9833590317362719,
      0.9828891279804723,
      0.9828832500292577,
      0.9786198683843437,
      0.9777641298953061,
      0.9846730972949418,
      0.9780771460244535,
      0.9800847033232339,
      0.9763584914992438,
      0.9765859846871713,
      0.9677891365879172,
      0.971132838888846,
      0.9729274829911295,
      0.9696854967402986,
      0.9700851206892506,
      0.9714093602567379,
      0.9718211442215424,
      0.9728256212583135
    ],
    "train_acc": [
      0.5575494811128147,
      0.5697030748014207,
      0.5797437537077128,
      0.5798285014291548,
      0.5895783415641348,
      0.5924616901777391,
      0.5887250860959806,
      0.596986062851992,
      0.5978181313897856,
      0.599568942271393,
      0.5985230783454163,
      0.6012927879689053,
      0.5916161390478979,
      0.6018032003821352,
      0.5987908041017898,
      0.5977988705440034,
      0.6007669668790496,
      0.6068167985392574,
      0.6065221075987889,
      0.6020285522777876,
      0.6039373020948096,
      0.6042859234034685,
      0.6017800873671965,
      0.6048560444386234,
      0.6019052828647812
    ],
    "valid_acc": [
      0.5436335299262216,
      0.5527212791245263,
      0.563743188392797,
      0.5643598771107573,
      0.5724889556656875,
      0.5766151638149485,
      0.5731785257775884,
      0.580685309353486,
      0.5821036934047945,
      0.582894176215998,
      0.581896261745117,
      0.5847834861973853,
      0.5741876527706142,
      0.5837014778104187,
      0.5821317247101563,
      0.5826755320341758,
      0.5841331599129909,
      0.5899973089946853,
      0.5895656268921131,
      0.5862747516426345,
      0.5875081290785549,
      0.5876202543000022,
      0.5864597582580225,
      0.5876258605610746,
      0.584918036463122
    ],
    "epoch": [
      0,
      1,
      2,
      3,
      4,
      5,
      6,
      7,
      8,
      9,
      10,
      11,
      12,
      13,
      14,
      15,
      16,
      17,
      18,
      19,
      20,
      21,
      22,
      23,
      24
    ],
    "timestamp": [
      1762476098.799302,
      1762476343.6625018,
      1762476588.1876342,
      1762476831.967562,
      1762477075.9752507,
      1762477321.0794253,
      1762477563.2705348,
      1762477803.5878458,
      1762478041.2562034,
      1762478272.941291,
      1762478499.7979867,
      1762478727.025675,
      1762478952.5217662,
      1762479177.552547,
      1762479398.4575303,
      1762479618.4336152,
      1762479840.2671115,
      1762480063.103675,
      1762480283.8075416,
      1762480500.9169433,
      1762480718.7327123,
      1762480936.4521248,
      1762481154.437868,
      1762481372.9674265,
      1762481590.820798
    ]
  }
}