{
  "syst": "Central",
  "observed": 38.300301341339946,
  "expected": 51.848270378570305,
  "difference": -0.2613003083479897,
  "max_bin_difference": 8.187782846796967,
  "max_bin_difference_bin": 132,
  "max_bin_difference_filtered": 0.771677890671606,
  "max_bin_difference_filtered_bin": 65,
  "snr_threshold": 3.0,
  "mass_range_min": 10.0,
  "mass_range_max": 160.0,
  "percentile_68_difference": 0.3430130217933447,
  "percentile_95_difference": 0.5192599926075046,
  "rms_bin_difference": 0.3065439805487124,
  "chi2": 7.1723139211419795,
  "ndf": 9,
  "chi2_per_ndf": 0.7969237690157756,
  "p_value": 0.6191843834551146,
  "closure_uncertainty_scale": 0.1,
  "recommended_systematic_pct": 90.0
}