{
  "hyperparameters": {
    "signal": "MHc115_MA87",
    "channel": "Combined",
    "iteration": 2,
    "model_idx": 15,
    "num_hidden": 96,
    "optimizer": "Adam",
    "initial_lr": 0.0003,
    "weight_decay": 0.00042,
    "scheduler": "ReduceLROnPlateau",
    "pilot_mode": false,
    "num_classes": 4,
    "model_type": "ParticleNet",
    "num_node_features": 9,
    "num_graph_features": 4,
    "dropout_p": 0.4,
    "batch_size": 256,
    "train_folds": [
      0,
      1,
      2
    ],
    "valid_folds": [
      3
    ],
    "loss_type": "disco",
    "disco_lambda": 0.05
  },
  "training_summary": {
    "best_epoch": 27,
    "best_train_loss": 0.6732024126139817,
    "best_valid_loss": 0.662141182053257,
    "best_train_acc": 0.5543614476919174,
    "best_valid_acc": 0.5649850443005562,
    "total_epochs": 35
  },
  "epoch_history": {
    "train_loss": [
      0.9640926279920212,
      0.7684795901405775,
      0.7400491546352583,
      0.7210228082256839,
      0.7083410755841565,
      0.7025492288421352,
      0.6975901316726824,
      0.6937001329787233,
      0.6897472810600304,
      0.6869631874525076,
      0.6853395409859423,
      0.6833704615074088,
      0.6816683783719605,
      0.679549920450228,
      0.6800488874905015,
      0.678174570193769,
      0.6775236274696048,
      0.6771278821950988,
      0.676950156724924,
      0.6760463169642857,
      0.6753449135638298,
      0.6746546411949088,
      0.6737418966090426,
      0.6733471160239362,
      0.674443596837006,
      0.6744582155917553,
      0.6731860128941869,
      0.6732024126139817,
      0.6729225042743161,
      0.6724334809555471,
      0.6727480439067249,
      0.6720024874145136,
      0.6726026726348784,
      0.6718669856572949,
      0.6717337843132599
    ],
    "valid_loss": [
      0.8422629128039723,
      0.7753069165726783,
      0.7687298412054357,
      0.7202885587450484,
      0.7085925894723811,
      0.696836874518596,
      0.6895059934804137,
      0.6846490242111851,
      0.6800142744897117,
      0.6771634061571578,
      0.6730543324645136,
      0.6729002939143651,
      0.6709319101253026,
      0.6701568281146842,
      0.6685423515212368,
      0.6695695259201695,
      0.667192324786119,
      0.6668610908615757,
      0.665831230056118,
      0.666443086006272,
      0.6650189144510619,
      0.663511571749835,
      0.6673940739161531,
      0.6657208724760674,
      0.6662947963660871,
      0.6643772393884794,
      0.6623421252613336,
      0.662141182053257,
      0.6631000142701915,
      0.6632892447458186,
      0.6639941040898713,
      0.6629836391395246,
      0.6623659268231459,
      0.6629461369044344,
      0.6634246933628136
    ],
    "train_acc": [
      0.3549347594380379,
      0.4538988620042801,
      0.4823392406105995,
      0.5031300187110901,
      0.5118801891803741,
      0.5192154049873352,
      0.5275328829884529,
      0.5312725380063057,
      0.5350172445178032,
      0.5369835123419762,
      0.5401967316865921,
      0.5434717535972595,
      0.5445737689733505,
      0.5459960401058197,
      0.5450703352689743,
      0.5470261350274086,
      0.5480372533202171,
      0.54982590675354,
      0.5498856082558632,
      0.5498977974057198,
      0.5503793954849243,
      0.5508837699890137,
      0.551409624516964,
      0.5525472536683083,
      0.5521267279982567,
      0.5510438233613968,
      0.5530408546328545,
      0.5543614476919174,
      0.552871897816658,
      0.5550045520067215,
      0.5540928915143013,
      0.5558325946331024,
      0.5542973428964615,
      0.5550156682729721,
      0.5556938126683235
    ],
    "valid_acc": [
      0.41892724158242345,
      0.4535814970731735,
      0.4442041914444417,
      0.5003457367420197,
      0.5069112628698349,
      0.5294291824102402,
      0.5316073596477509,
      0.5361867323517799,
      0.5402700826525688,
      0.5416044369339943,
      0.5451466515660286,
      0.5453163459897041,
      0.5486188307404518,
      0.5485955141484737,
      0.5528503805398941,
      0.5530686378479004,
      0.5531261563301086,
      0.5541391745209694,
      0.5580648109316826,
      0.5551190003752708,
      0.5579516440629959,
      0.5609781071543694,
      0.5581404715776443,
      0.5570464879274368,
      0.5612141191959381,
      0.560049332678318,
      0.5636037290096283,
      0.5649850443005562,
      0.5621009021997452,
      0.5615190267562866,
      0.5611407235264778,
      0.5646978914737701,
      0.563349761068821,
      0.5621488839387894,
      0.5616434812545776
    ],
    "epoch": [
      0,
      1,
      2,
      3,
      4,
      5,
      6,
      7,
      8,
      9,
      10,
      11,
      12,
      13,
      14,
      15,
      16,
      17,
      18,
      19,
      20,
      21,
      22,
      23,
      24,
      25,
      26,
      27,
      28,
      29,
      30,
      31,
      32,
      33,
      34
    ],
    "timestamp": [
      1767336891.233075,
      1767337267.208292,
      1767337643.4550512,
      1767338020.6972463,
      1767338397.891332,
      1767338773.724064,
      1767339148.9007766,
      1767339491.3142972,
      1767339798.1515112,
      1767340103.2506669,
      1767340402.1495843,
      1767340682.969395,
      1767340963.1678739,
      1767341244.0249958,
      1767341501.4921875,
      1767341758.4659717,
      1767342015.680205,
      1767342272.0374756,
      1767342528.7261646,
      1767342785.0624845,
      1767343041.5256863,
      1767343298.6238165,
      1767343554.9485662,
      1767343812.3624573,
      1767344070.0032632,
      1767344326.669778,
      1767344582.7873254,
      1767344839.3177192,
      1767345095.9880905,
      1767345341.5711818,
      1767345574.737779,
      1767345789.4842248,
      1767345999.5553308,
      1767346209.485668,
      1767346401.8702984
    ],
    "train_ce_loss": [
      0.9337912830538301,
      0.7366936992366988,
      0.7088761034526361,
      0.6904156654801412,
      0.6784013716826686,
      0.6725428435215471,
      0.6679099835161018,
      0.6640011554068708,
      0.6606226806582651,
      0.6581246257734154,
      0.656453383095721,
      0.6544075479442225,
      0.6526380549629408,
      0.6508221114297769,
      0.6510179237029473,
      0.6494035765755141,
      0.6486747451828606,
      0.64836341209687,
      0.6482918814322869,
      0.6468527844430465,
      0.6464756813273966,
      0.645985665727169,
      0.6451653025070585,
      0.6447605145557311,
      0.6456583608972265,
      0.6457246193045179,
      0.6444644759128884,
      0.6445381266367834,
      0.6443685805362771,
      0.6439955393775256,
      0.6441918012581336,
      0.6432718126425989,
      0.6436644319524156,
      0.6430793008181099,
      0.6430299555277027
    ],
    "valid_ce_loss": [
      0.8120066383984726,
      0.745367663846889,
      0.7386859369424867,
      0.690310727017866,
      0.6782824993133545,
      0.6669113298117275,
      0.6604342719828579,
      0.6553810820193358,
      0.6510845646262169,
      0.6482475662840085,
      0.6447556527777457,
      0.6441944401553819,
      0.6418760470311407,
      0.6409854716293408,
      0.6395129597103092,
      0.6410104917808318,
      0.6386311577344445,
      0.6380307160737649,
      0.6373172616454917,
      0.6384499910431849,
      0.6365027973874354,
      0.6347863719287054,
      0.638811380877881,
      0.6374228662273413,
      0.6375117692834055,
      0.6358215283130256,
      0.6343341206895633,
      0.6335970692756311,
      0.635053213213531,
      0.6350318220719485,
      0.6351477615535259,
      0.6345595365363947,
      0.6339169181358646,
      0.6346517632859694,
      0.6352329142916371
    ],