{
  "hyperparameters": {
    "signal": "MHc130_MA100",
    "channel": "Combined",
    "iteration": 2,
    "model_idx": 14,
    "num_hidden": 64,
    "optimizer": "Adam",
    "initial_lr": 0.0024,
    "weight_decay": 2e-05,
    "scheduler": "ReduceLROnPlateau",
    "pilot_mode": false,
    "num_classes": 4,
    "model_type": "ParticleNet",
    "num_node_features": 9,
    "num_graph_features": 4,
    "dropout_p": 0.4,
    "batch_size": 1024,
    "train_folds": [
      0,
      1,
      2
    ],
    "valid_folds": [
      3
    ]
  },
  "training_summary": {
    "best_epoch": 47,
    "best_train_loss": 0.900953139650117,
    "best_valid_loss": 0.9411527830750215,
    "best_train_acc": 0.6347902311285687,
    "best_valid_acc": 0.6127912556319289,
    "total_epochs": 55
  },
  "epoch_history": {
    "train_loss": [
      0.9848805048559829,
      0.9676146436184432,
      0.9590137371087232,
      0.9507363529818439,
      0.9488640319411777,
      0.9452130602225217,
      0.9413015896622462,
      0.9384476187072465,
      0.9370085181934705,
      0.931676027209022,
      0.9309806344327195,
      0.9297002201527514,
      0.9243665824099371,
      0.9209914222474239,
      0.921073994301565,
      0.9181196787472594,
      0.9196908598575897,
      0.914138264807018,
      0.913134319779109,
      0.9116495818175826,
      0.9155690861964153,
      0.9112405621317505,
      0.9115616931955283,
      0.9129075530995362,
      0.9153295155298934,
      0.9120048281596802,
      0.9098254519296312,
      0.9069813298801832,
      0.9089279037747668,
      0.9065821570681744,
      0.9059184211786914,
      0.9077034689909386,
      0.9109729750549548,
      0.9105834553406622,
      0.907141087165073,
      0.9035949267669959,
      0.9067341271609519,
      0.9111331291533542,
      0.9089169739134565,
      0.9054554218948189,
      0.9078590928511525,
      0.905847843526946,
      0.9023202929832159,
      0.9028704642730998,
      0.900987413530244,
      0.901175508636393,
      0.9003827838485645,
      0.900953139650117,
      0.9015049579099266,
      0.8984560066679352,
      0.899000012736906,
      0.8998487915514487,
      0.9007023121071152,
      0.8992777685302525,
      0.8988345444663398
    ],
    "valid_loss": [
      1.038387390368355,
      1.0194415197357043,
      1.010302482123689,
      0.9961395926440134,
      0.9987608165757726,
      0.9928252610712827,
      0.9878134542797937,
      0.9849420257262744,
      0.9849708102177007,
      0.978601148920435,
      0.9751108013122862,
      0.9770653305822503,
      0.966989350129177,
      0.9660761768013555,
      0.9685962058140902,
      0.964851844330744,
      0.9668319284994298,
      0.9590277499019962,
      0.9594780614722265,
      0.9578280480679144,
      0.9591665957634584,
      0.9575834247726586,
      0.9562620729181435,
      0.9591178799191987,
      0.9635061284684221,
      0.9548398604764832,
      0.9536945889373493,
      0.9515778014458546,
      0.954131907587218,
      0.9493546804418318,
      0.9493351743256778,
      0.9506815318465668,
      0.9549990355419116,
      0.9510645187133837,
      0.9547568309229022,
      0.9486662180741734,
      0.9478242429831657,
      0.9564927063830767,
      0.95668081998363,
      0.9505380003941815,
      0.9540826752211243,
      0.9475367761415854,
      0.94462720903076,
      0.9458358617546214,
      0.9461376748189828,
      0.9473675878553889,
      0.9416082956169445,
      0.9411527830750215,
      0.943789381708972,
      0.9425766439744349,
      0.9424230201874807,
      0.9432936839205022,
      0.9426100330412095,
      0.9432845375283495,
      0.9424734849031637
    ],
    "train_acc": [
      0.5932114998391088,
      0.5984731977408653,
      0.6013004449474607,
      0.6039901024155876,
      0.6050686284300345,
      0.6068661717874461,
      0.6073543934400764,
      0.6119991567080545,
      0.6130266413679083,
      0.614602265792306,
      0.6156386272094804,
      0.6169568256715822,
      0.6184592168480854,
      0.6200503755977941,
      0.6240626699066831,
      0.6244377129034764,
      0.617775706534403,
      0.6261442694983522,
      0.6258535556961042,
      0.6271473430755745,
      0.6261775573383043,
      0.6265304084417962,
      0.6286563918200682,
      0.6246485358898395,
      0.6261420503090221,
      0.6285298980282503,
      0.6263905995139976,
      0.6292711072645163,
      0.6293620940270519,
      0.6286408574947572,
      0.6310531162966169,
      0.6278086614959555,
      0.6290780377927943,
      0.6265814497963894,
      0.6311862676564252,
      0.6324955893612063,
      0.6316256671437924,
      0.6271184936142827,
      0.630347414089633,
      0.6305293876147043,
      0.6307801560090099,
      0.6326442750463256,
      0.6330526058830709,
      0.6326176447743639,
      0.6341622005481398,
      0.634133351086848,
      0.6339003362071836,
      0.6347902311285687,
      0.6335119780744094,
      0.6346504222007701,
      0.635342809271773,
      0.6353383708931127,
      0.6343175438012494,
      0.6347236554486646,
      0.6350964792561278
    ],
    "valid_acc": [
      0.5618842268600166,
      0.5694807096697805,
      0.5721603549595249,
      0.5772454492768073,
      0.5758246140999196,
      0.5784357103241125,
      0.5789280172494375,
      0.584891785952427,
      0.5860633518000361,
      0.5876773707071148,
      0.5881696776324399,
      0.5881135920333522,
      0.5938467866067589,
      0.5924758052957269,
      0.5966946886937664,
      0.5985081230642678,
      0.590226149598988,
      0.6018981859424561,
      0.5998977995749958,
      0.6016800752793374,
      0.6019854302077037,
      0.6006892296954552,
      0.604334793636154,
      0.5978911814743034,
      0.5996298350460213,
      0.6056559210813304,
      0.6006019854302077,
      0.6055686768160828,
      0.6028578728601786,
      0.604166536838891,
      0.6071203783908419,
      0.6030323613906736,
      0.6041976955050509,
      0.6031819229882407,
      0.6059924346758564,
      0.6066592301316766,
      0.6090522156927506,
      0.6013124030186516,
      0.6040481339074837,
      0.6059051904106089,
      0.6051324554898454,
      0.6093887292872767,
      0.6096130716836273,
      0.6076376122490948,
      0.6097564015479625,
      0.6094011927537406,
      0.6109528943284996,
      0.6127912556319289,
      0.609681620749179,
      0.6097377063482666,
      0.611569835918464,
      0.6112021636577781,
      0.6104231970037827,
      0.6104356604702466,
      0.6104107335373188
    ],
    "epoch": [
      0,
      1,
      2,
      3,
      4,
      5,
      6,
      7,
      8,
      9,
      10,
      11,
      12,
      13,
      14,
      15,
      16,
      17,
      18,
      19,
      20,
      21,
      22,
      23,
      24,
      25,
      26,
      27,
      28,
      29,
      30,
      31,
      32,
      33,
      34,
      35,
      36,
      37,
      38,
      39,
      40,
      41,
      42,
      43,
      44,
      45,
      46,
      47,
      48,
      49,
      50,
      51,
      52,
      53,
      54
    ],