{
  "hyperparameters": {
    "signal": "MHc145_MA92",
    "channel": "Combined",
    "iteration": 3,
    "model_idx": 11,
    "num_hidden": 256,
    "optimizer": "Adadelta",
    "initial_lr": 0.0009,
    "weight_decay": 0.00048,
    "scheduler": "ReduceLROnPlateau",
    "pilot_mode": false,
    "num_classes": 4,
    "model_type": "ParticleNet",
    "num_node_features": 9,
    "num_graph_features": 4,
    "dropout_p": 0.4,
    "batch_size": 256,
    "train_folds": [
      0,
      1,
      2
    ],
    "valid_folds": [
      3
    ],
    "loss_type": "disco",
    "disco_lambda": 0.05
  },
  "training_summary": {
    "best_epoch": 0,
    "best_train_loss": 1.4259084405870062,
    "best_valid_loss": 1.0943449853171765,
    "best_train_acc": 0.25867947190999985,
    "best_valid_acc": 0.2604431899744668,
    "total_epochs": 8
  },
  "epoch_history": {
    "train_loss": [
      1.4259084405870062,
      1.3814102868541034,
      1.3465591755319148,
      1.3253671756268997,
      1.2897996711151216,
      1.2692123088430851,
      1.2462960379464285,
      1.2295454680376139
    ],
    "valid_loss": [
      1.0943449853171765,
      1.116912626884353,
      1.1940823407240317,
      1.243987607284331,
      1.299498222243618,
      1.3467309441364987,
      1.3543544285733935,
      1.410126806984485
    ],
    "train_acc": [
      0.25867947190999985,
      0.2638425976037979,
      0.2703313007950783,
      0.2730870842933655,
      0.2772013619542122,
      0.27998946979641914,
      0.28541533276438713,
      0.2896993160247803
    ],
    "valid_acc": [
      0.2604431899744668,
      0.2540879244916141,
      0.25065335468389094,
      0.25008727578097023,
      0.2500200638023671,
      0.25,
      0.25,
      0.25
    ],
    "epoch": [
      0,
      1,
      2,
      3,
      4,
      5,
      6,
      7
    ],
    "timestamp": [
      1767029408.0943482,
      1767029763.6765132,
      1767030118.4583619,
      1767030474.3451796,
      1767030831.0336826,
      1767031187.455823,
      1767031543.2746248,
      1767031898.7285984
    ],
    "train_ce_loss": [
      1.3967019166446384,
      1.3522649843098544,
      1.3171262533469041,
      1.296004780375124,
      1.260303459522572,
      1.2398238348381134,
      1.2173543003192426,
      1.20020421942679
    ],
    "valid_ce_loss": [
      1.0639952359537423,
      1.0867462936578922,
      1.1638916627517049,
      1.2139409068761997,
      1.2693843058192393,
      1.316726319964083,
      1.3243288058315363,
      1.3801375529925588
    ],
    "train_disco_term": [
      0.5841287746074352,
      0.5829074198351805,
      0.5886582880578143,
      0.5872502804889504,
      0.5899236355871416,
      0.5877706396724678,
      0.5788354820393501,
      0.5868251408124767
    ],
    "valid_disco_term": [
      0.6069937872005181,
      0.6033270437742623,
      0.603815088389625,
      0.6009330491364842,
      0.6022777703761215,
      0.6000916277858573,
      0.6005105709420963,
      0.5997865892107218
    ]
  }
}