process,threshold,initial_sensitivity,max_sensitivity,improvement
MHc-130_MA-90,0.44,1.4568657462369443,1.6073975117553123,0.10332576348039524
