{
  "hyperparameters": {
    "signal": "MHc130_MA100",
    "channel": "Combined",
    "iteration": 0,
    "model_idx": 2,
    "num_hidden": 96,
    "optimizer": "Adadelta",
    "initial_lr": 0.0004,
    "weight_decay": 1e-05,
    "scheduler": "ExponentialLR",
    "pilot_mode": false,
    "num_classes": 4,
    "model_type": "ParticleNet",
    "num_node_features": 9,
    "num_graph_features": 4,
    "dropout_p": 0.4,
    "batch_size": 256,
    "train_folds": [
      0,
      1,
      2
    ],
    "valid_folds": [
      3
    ],
    "loss_type": "disco",
    "disco_lambda": 0.05
  },
  "training_summary": {
    "best_epoch": 13,
    "best_train_loss": 1.3453054259606891,
    "best_valid_loss": 0.9035788960976175,
    "best_train_acc": 0.2591109350323677,
    "best_valid_acc": 0.2937999917194247,
    "total_epochs": 21
  },
  "epoch_history": {
    "train_loss": [
      1.464018675463781,
      1.4414498157299027,
      1.4341018730675794,
      1.421857746245583,
      1.415488695340106,
      1.406737332293507,
      1.396471262146643,
      1.3928331354902828,
      1.3755160597946112,
      1.3686116248895759,
      1.3691147443683747,
      1.3536376953125,
      1.3580085026501767,
      1.3453054259606891,
      1.3381025011042402,
      1.33315636732553,
      1.3251143923917845,
      1.3267983588228798,
      1.319216972863295,
      1.3110337759496467,
      1.3017911985147967
    ],
    "valid_loss": [
      0.9400875280399134,
      0.934879476717203,
      0.9270801506420173,
      0.9193391403349319,
      0.9136482465385211,
      0.9120722704594678,
      0.91062066106513,
      0.9073442213606127,
      0.9054303764116646,
      0.9041256139774133,
      0.9050454319113552,
      0.9046668326500619,
      0.9049716458462252,
      0.9035788960976175,
      0.9111127494585396,
      0.906372855913521,
      0.9093069548654085,
      0.9097969886099938,
      0.915329130569307,
      0.9125499763111077,
      0.9188728559135211
    ],
    "train_acc": [
      0.24935869127511978,
      0.25409892573952675,
      0.25299879536032677,
      0.2551598772406578,
      0.25254490599036217,
      0.25490573793649673,
      0.2564929127693176,
      0.2526990510523319,
      0.25777795910835266,
      0.2566428445279598,
      0.2576025724411011,
      0.25921154394745827,
      0.2547132894396782,
      0.2591109350323677,
      0.25998355448246,
      0.2602223567664623,
      0.2613251656293869,
      0.2606664225459099,
      0.26044487208127975,
      0.2617999166250229,
      0.2630516514182091
    ],
    "valid_acc": [
      0.25215867534279823,
      0.25403743935748935,
      0.25763151282444596,
      0.26152491196990013,
      0.267477260902524,
      0.269307317212224,
      0.27371479757130146,
      0.2808097340166569,
      0.2841890025883913,
      0.29004575684666634,
      0.28989237174391747,
      0.29094019159674644,
      0.2913872543722391,
      0.2937999917194247,
      0.2843195619061589,
      0.28897506557404995,
      0.2830772493034601,
      0.2802644744515419,
      0.27297675563022494,
      0.2789757139980793,
      0.2730023409239948
    ],
    "epoch": [
      0,
      1,
      2,
      3,
      4,
      5,
      6,
      7,
      8,
      9,
      10,
      11,
      12,
      13,
      14,
      15,
      16,
      17,
      18,
      19,
      20
    ],
    "timestamp": [
      1767291775.8636773,
      1767291917.4319916,
      1767292128.0545356,
      1767292431.0708802,
      1767292743.2957768,
      1767293059.261568,
      1767293374.7096841,
      1767293689.2109373,
      1767293984.2795599,
      1767294251.591779,
      1767294507.0371375,
      1767294744.5566258,
      1767294980.6844406,
      1767295215.8708196,
      1767295450.5223181,
      1767295671.323326,
      1767295885.16747,
      1767296099.269794,
      1767296312.4098403,
      1767296507.4793167,
      1767296701.0734823
    ],
    "train_ce_loss": [
      1.436697457114715,
      1.4136960438199262,
      1.4065013504702295,
      1.3941655205332348,
      1.3875187669120492,
      1.3788206583198306,
      1.3685710335788794,
      1.3649502225141221,
      1.3476220565634145,
      1.3410031697354132,
      1.3411079417269138,
      1.3259696198857716,
      1.3302447188869382,
      1.3175468183658992,
      1.310218255385072,
      1.3054987614230638,
      1.2973432915370793,
      1.2990340448942286,
      1.2913788295887385,
      1.2830762757008152,
      1.2739548162520984
    ],
    "valid_ce_loss": [
      0.9094801332690928,
      0.9044144662299959,
      0.8966883963877612,
      0.8890012889805406,
      0.8832810719414512,
      0.8818410847446706,
      0.8804262793890321,
      0.8772026685204837,
      0.8753197939089029,
      0.8742486669285463,
      0.8750571099838408,
      0.8747915627932784,
      0.8751232149577377,
      0.8739155837804964,
      0.8814773833397591,
      0.8768476874521464,
      0.8798277393426045,
      0.8802655707491507,
      0.885932990702072,
      0.8832022322286474,
      0.8894323183758424
    ],
    "train_disco_term": [
      0.5464225765251861,
      0.5550748250720358,
      0.5520099806701336,
      0.5538464276403083,
      0.5593978738826914,
      0.5583345596866136,
      0.5580042309137621,
      0.5576580277390699,
      0.5578808020997805,
      0.5521687280373523,
      0.5601347350189627,
      0.5533618647723653,
      0.5552761373797912,
      0.5551712421772758,
      0.5576850953666566,
      0.5531520871728554,
      0.5554233036487768,
      0.5552865343885792,
      0.5567628492314908,
      0.559151127418444,
      0.5567277987727849
    ],
    "valid_disco_term": [
      0.6121474232413981,
      0.6092995420540913,
      0.6078351360736507,
      0.6067571303041854,
      0.6073441864240288,
      0.6046241698878827,
      0.603887286811772,
      0.6028309272067381,
      0.6022119019881333,
      0.5975381448717401,
      0.5997663855552673,
      0.5975054853623456,
      0.5969696912435022,
      0.5932660158317868,
      0.5927067149983775,
      0.5905029573062859,
      0.5895848045254698,
      0.5906276781370144,
      0.5879217845968681,
      0.5869554199794732,
      0.5888103539990907
    ]
  }
}