2026-07-03 14:24:48,273 - INFO - [2018] MISSING_CENTRAL: SR1E2Mu/Central/NMinusOne/nbjet_ge1/pair/mass in Skim_TriLep_DYJets10to50.root
2026-07-03 14:32:43,580 - INFO - [2018] MISSING_CENTRAL: SR1E2Mu/Central/NMinusOne/nbjet_ge1/pair/mass in Skim_TriLep_DYJets10to50.root
2026-07-03 14:36:00,867 - INFO - [2018] MISSING_CENTRAL: SR1E2Mu/Central/NMinusOne/nbjet_ge1/pair/mass in Skim_TriLep_DYJets10to50.root
2026-07-03 14:39:29,363 - INFO - [2018] MISSING_CENTRAL: SR1E2Mu/Central/NMinusOne/nbjet_ge1/pair/mass in Skim_TriLep_DYJets10to50.root
2026-07-21 19:45:15,701 - INFO - [2018] MISSING_SYSTEMATIC: SR1E2Mu/L1Prefire_Up/NMinusOne/nbjet_ge1/pair/mass in Skim_TriLep_DYJets.root
2026-07-21 19:45:15,701 - INFO - [2018] MISSING_SYSTEMATIC: SR1E2Mu/L1Prefire_Down/NMinusOne/nbjet_ge1/pair/mass in Skim_TriLep_DYJets.root
2026-07-21 19:45:15,702 - INFO - [2018] MISSING_SYSTEMATIC: SR1E2Mu/PileupReweight_Up/NMinusOne/nbjet_ge1/pair/mass in Skim_TriLep_DYJets.root
2026-07-21 19:45:15,702 - INFO - [2018] MISSING_SYSTEMATIC: SR1E2Mu/PileupReweight_Down/NMinusOne/nbjet_ge1/pair/mass in Skim_TriLep_DYJets.root
2026-07-21 19:45:15,703 - INFO - [2018] MISSING_SYSTEMATIC: SR1E2Mu/PileupJetIDSF_Up/NMinusOne/nbjet_ge1/pair/mass in Skim_TriLep_DYJets.root
2026-07-21 19:45:15,703 - INFO - [2018] MISSING_SYSTEMATIC: SR1E2Mu/PileupJetIDSF_Down/NMinusOne/nbjet_ge1/pair/mass in Skim_TriLep_DYJets.root
2026-07-21 19:45:15,704 - INFO - [2018] MISSING_SYSTEMATIC: SR1E2Mu/MuonIDSF_Up/NMinusOne/nbjet_ge1/pair/mass in Skim_TriLep_DYJets.root
2026-07-21 19:45:15,704 - INFO - [2018] MISSING_SYSTEMATIC: SR1E2Mu/MuonIDSF_Down/NMinusOne/nbjet_ge1/pair/mass in Skim_TriLep_DYJets.root
2026-07-21 19:45:15,705 - INFO - [2018] MISSING_SYSTEMATIC: SR1E2Mu/ElectronIDSF_Up/NMinusOne/nbjet_ge1/pair/mass in Skim_TriLep_DYJets.root
2026-07-21 19:45:15,705 - INFO - [2018] MISSING_SYSTEMATIC: SR1E2Mu/ElectronIDSF_Down/NMinusOne/nbjet_ge1/pair/mass in Skim_TriLep_DYJets.root
2026-07-21 19:45:15,706 - INFO - [2018] MISSING_SYSTEMATIC: SR1E2Mu/EMuTrigSF_Up/NMinusOne/nbjet_ge1/pair/mass in Skim_TriLep_DYJets.root
2026-07-21 19:45:15,706 - INFO - [2018] MISSING_SYSTEMATIC: SR1E2Mu/EMuTrigSF_Down/NMinusOne/nbjet_ge1/pair/mass in Skim_TriLep_DYJets.root
2026-07-21 19:45:15,707 - INFO - [2018] MISSING_SYSTEMATIC: SR1E2Mu/JetEn_Up/NMinusOne/nbjet_ge1/pair/mass in Skim_TriLep_DYJets.root
2026-07-21 19:45:15,707 - INFO - [2018] MISSING_SYSTEMATIC: SR1E2Mu/JetEn_Down/NMinusOne/nbjet_ge1/pair/mass in Skim_TriLep_DYJets.root
2026-07-21 19:45:15,708 - INFO - [2018] MISSING_SYSTEMATIC: SR1E2Mu/JetRes_Up/NMinusOne/nbjet_ge1/pair/mass in Skim_TriLep_DYJets.root
2026-07-21 19:45:15,708 - INFO - [2018] MISSING_SYSTEMATIC: SR1E2Mu/JetRes_Down/NMinusOne/nbjet_ge1/pair/mass in Skim_TriLep_DYJets.root
2026-07-21 19:45:15,709 - INFO - [2018] MISSING_SYSTEMATIC: SR1E2Mu/MuonEn_Up/NMinusOne/nbjet_ge1/pair/mass in Skim_TriLep_DYJets.root
2026-07-21 19:45:15,709 - INFO - [2018] MISSING_SYSTEMATIC: SR1E2Mu/MuonEn_Down/NMinusOne/nbjet_ge1/pair/mass in Skim_TriLep_DYJets.root
2026-07-21 19:45:15,710 - INFO - [2018] MISSING_SYSTEMATIC: SR1E2Mu/ElectronEn_Up/NMinusOne/nbjet_ge1/pair/mass in Skim_TriLep_DYJets.root
2026-07-21 19:45:15,710 - INFO - [2018] MISSING_SYSTEMATIC: SR1E2Mu/ElectronEn_Down/NMinusOne/nbjet_ge1/pair/mass in Skim_TriLep_DYJets.root
2026-07-21 19:45:15,711 - INFO - [2018] MISSING_SYSTEMATIC: SR1E2Mu/ElectronRes_Up/NMinusOne/nbjet_ge1/pair/mass in Skim_TriLep_DYJets.root
2026-07-21 19:45:15,711 - INFO - [2018] MISSING_SYSTEMATIC: SR1E2Mu/ElectronRes_Down/NMinusOne/nbjet_ge1/pair/mass in Skim_TriLep_DYJets.root
2026-07-21 19:45:15,712 - INFO - [2018] MISSING_SYSTEMATIC: SR1E2Mu/UnclusteredEn_Up/NMinusOne/nbjet_ge1/pair/mass in Skim_TriLep_DYJets.root
2026-07-21 19:45:15,712 - INFO - [2018] MISSING_SYSTEMATIC: SR1E2Mu/UnclusteredEn_Down/NMinusOne/nbjet_ge1/pair/mass in Skim_TriLep_DYJets.root
2026-07-21 19:45:15,713 - INFO - [2018] MISSING_SYSTEMATIC: SR1E2Mu/BtagSF_HFcorr_Up/NMinusOne/nbjet_ge1/pair/mass in Skim_TriLep_DYJets.root
2026-07-21 19:45:15,713 - INFO - [2018] MISSING_SYSTEMATIC: SR1E2Mu/BtagSF_HFcorr_Down/NMinusOne/nbjet_ge1/pair/mass in Skim_TriLep_DYJets.root
2026-07-21 19:45:15,714 - INFO - [2018] MISSING_SYSTEMATIC: SR1E2Mu/BtagSF_HFuncorr_Up/NMinusOne/nbjet_ge1/pair/mass in Skim_TriLep_DYJets.root
2026-07-21 19:45:15,714 - INFO - [2018] MISSING_SYSTEMATIC: SR1E2Mu/BtagSF_HFuncorr_Down/NMinusOne/nbjet_ge1/pair/mass in Skim_TriLep_DYJets.root
2026-07-21 19:45:15,715 - INFO - [2018] MISSING_SYSTEMATIC: SR1E2Mu/BtagSF_LFcorr_Up/NMinusOne/nbjet_ge1/pair/mass in Skim_TriLep_DYJets.root
2026-07-21 19:45:15,715 - INFO - [2018] MISSING_SYSTEMATIC: SR1E2Mu/BtagSF_LFcorr_Down/NMinusOne/nbjet_ge1/pair/mass in Skim_TriLep_DYJets.root
2026-07-21 19:45:15,716 - INFO - [2018] MISSING_SYSTEMATIC: SR1E2Mu/BtagSF_LFuncorr_Up/NMinusOne/nbjet_ge1/pair/mass in Skim_TriLep_DYJets.root
2026-07-21 19:45:15,716 - INFO - [2018] MISSING_SYSTEMATIC: SR1E2Mu/BtagSF_LFuncorr_Down/NMinusOne/nbjet_ge1/pair/mass in Skim_TriLep_DYJets.root
2026-07-21 19:45:15,717 - INFO - [2018] MISSING_CENTRAL: SR1E2Mu/Central/NMinusOne/nbjet_ge1/pair/mass in Skim_TriLep_DYJets10to50.root
2026-07-21 19:45:15,718 - INFO - [2018] MISSING_SYSTEMATIC: SR1E2Mu/L1Prefire_Up/NMinusOne/nbjet_ge1/pair/mass in Skim_TriLep_TTG.root
2026-07-21 19:45:15,718 - INFO - [2018] MISSING_SYSTEMATIC: SR1E2Mu/L1Prefire_Down/NMinusOne/nbjet_ge1/pair/mass in Skim_TriLep_TTG.root
2026-07-21 19:45:15,719 - INFO - [2018] MISSING_SYSTEMATIC: SR1E2Mu/PileupReweight_Up/NMinusOne/nbjet_ge1/pair/mass in Skim_TriLep_TTG.root
2026-07-21 19:45:15,719 - INFO - [2018] MISSING_SYSTEMATIC: SR1E2Mu/PileupReweight_Down/NMinusOne/nbjet_ge1/pair/mass in Skim_TriLep_TTG.root
2026-07-21 19:45:15,720 - INFO - [2018] MISSING_SYSTEMATIC: SR1E2Mu/PileupJetIDSF_Up/NMinusOne/nbjet_ge1/pair/mass in Skim_TriLep_TTG.root
2026-07-21 19:45:15,720 - INFO - [2018] MISSING_SYSTEMATIC: SR1E2Mu/PileupJetIDSF_Down/NMinusOne/nbjet_ge1/pair/mass in Skim_TriLep_TTG.root
2026-07-21 19:45:15,721 - INFO - [2018] MISSING_SYSTEMATIC: SR1E2Mu/MuonIDSF_Up/NMinusOne/nbjet_ge1/pair/mass in Skim_TriLep_TTG.root
2026-07-21 19:45:15,721 - INFO - [2018] MISSING_SYSTEMATIC: SR1E2Mu/MuonIDSF_Down/NMinusOne/nbjet_ge1/pair/mass in Skim_TriLep_TTG.root
2026-07-21 19:45:15,722 - INFO - [2018] MISSING_SYSTEMATIC: SR1E2Mu/ElectronIDSF_Up/NMinusOne/nbjet_ge1/pair/mass in Skim_TriLep_TTG.root
2026-07-21 19:45:15,722 - INFO - [2018] MISSING_SYSTEMATIC: SR1E2Mu/ElectronIDSF_Down/NMinusOne/nbjet_ge1/pair/mass in Skim_TriLep_TTG.root
2026-07-21 19:45:15,723 - INFO - [2018] MISSING_SYSTEMATIC: SR1E2Mu/EMuTrigSF_Up/NMinusOne/nbjet_ge1/pair/mass in Skim_TriLep_TTG.root
2026-07-21 19:45:15,723 - INFO - [2018] MISSING_SYSTEMATIC: SR1E2Mu/EMuTrigSF_Down/NMinusOne/nbjet_ge1/pair/mass in Skim_TriLep_TTG.root
2026-07-21 19:45:15,724 - INFO - [2018] MISSING_SYSTEMATIC: SR1E2Mu/JetEn_Up/NMinusOne/nbjet_ge1/pair/mass in Skim_TriLep_TTG.root
2026-07-21 19:45:15,724 - INFO - [2018] MISSING_SYSTEMATIC: SR1E2Mu/JetEn_Down/NMinusOne/nbjet_ge1/pair/mass in Skim_TriLep_TTG.root
2026-07-21 19:45:15,725 - INFO - [2018] MISSING_SYSTEMATIC: SR1E2Mu/JetRes_Up/NMinusOne/nbjet_ge1/pair/mass in Skim_TriLep_TTG.root
2026-07-21 19:45:15,725 - INFO - [2018] MISSING_SYSTEMATIC: SR1E2Mu/JetRes_Down/NMinusOne/nbjet_ge1/pair/mass in Skim_TriLep_TTG.root
2026-07-21 19:45:15,726 - INFO - [2018] MISSING_SYSTEMATIC: SR1E2Mu/MuonEn_Up/NMinusOne/nbjet_ge1/pair/mass in Skim_TriLep_TTG.root
2026-07-21 19:45:15,726 - INFO - [2018] MISSING_SYSTEMATIC: SR1E2Mu/MuonEn_Down/NMinusOne/nbjet_ge1/pair/mass in Skim_TriLep_TTG.root
2026-07-21 19:45:15,727 - INFO - [2018] MISSING_SYSTEMATIC: SR1E2Mu/ElectronEn_Up/NMinusOne/nbjet_ge1/pair/mass in Skim_TriLep_TTG.root
2026-07-21 19:45:15,727 - INFO - [2018] MISSING_SYSTEMATIC: SR1E2Mu/ElectronEn_Down/NMinusOne/nbjet_ge1/pair/mass in Skim_TriLep_TTG.root
2026-07-21 19:45:15,728 - INFO - [2018] MISSING_SYSTEMATIC: SR1E2Mu/ElectronRes_Up/NMinusOne/nbjet_ge1/pair/mass in Skim_TriLep_TTG.root
2026-07-21 19:45:15,728 - INFO - [2018] MISSING_SYSTEMATIC: SR1E2Mu/ElectronRes_Down/NMinusOne/nbjet_ge1/pair/mass in Skim_TriLep_TTG.root
2026-07-21 19:45:15,729 - INFO - [2018] MISSING_SYSTEMATIC: SR1E2Mu/UnclusteredEn_Up/NMinusOne/nbjet_ge1/pair/mass in Skim_TriLep_TTG.root
2026-07-21 19:45:15,729 - INFO - [2018] MISSING_SYSTEMATIC: SR1E2Mu/UnclusteredEn_Down/NMinusOne/nbjet_ge1/pair/mass in Skim_TriLep_TTG.root
2026-07-21 19:45:15,730 - INFO - [2018] MISSING_SYSTEMATIC: SR1E2Mu/BtagSF_HFcorr_Up/NMinusOne/nbjet_ge1/pair/mass in Skim_TriLep_TTG.root
2026-07-21 19:45:15,730 - INFO - [2018] MISSING_SYSTEMATIC: SR1E2Mu/BtagSF_HFcorr_Down/NMinusOne/nbjet_ge1/pair/mass in Skim_TriLep_TTG.root
2026-07-21 19:45:15,731 - INFO - [2018] MISSING_SYSTEMATIC: SR1E2Mu/BtagSF_HFuncorr_Up/NMinusOne/nbjet_ge1/pair/mass in Skim_TriLep_TTG.root
2026-07-21 19:45:15,731 - INFO - [2018] MISSING_SYSTEMATIC: SR1E2Mu/BtagSF_HFuncorr_Down/NMinusOne/nbjet_ge1/pair/mass in Skim_TriLep_TTG.root
2026-07-21 19:45:15,732 - INFO - [2018] MISSING_SYSTEMATIC: SR1E2Mu/BtagSF_LFcorr_Up/NMinusOne/nbjet_ge1/pair/mass in Skim_TriLep_TTG.root
2026-07-21 19:45:15,732 - INFO - [2018] MISSING_SYSTEMATIC: SR1E2Mu/BtagSF_LFcorr_Down/NMinusOne/nbjet_ge1/pair/mass in Skim_TriLep_TTG.root
2026-07-21 19:45:15,733 - INFO - [2018] MISSING_SYSTEMATIC: SR1E2Mu/BtagSF_LFuncorr_Up/NMinusOne/nbjet_ge1/pair/mass in Skim_TriLep_TTG.root
2026-07-21 19:45:15,733 - INFO - [2018] MISSING_SYSTEMATIC: SR1E2Mu/BtagSF_LFuncorr_Down/NMinusOne/nbjet_ge1/pair/mass in Skim_TriLep_TTG.root
2026-07-21 19:45:15,735 - INFO - [2018] MISSING_SYSTEMATIC: SR1E2Mu/L1Prefire_Up/NMinusOne/nbjet_ge1/pair/mass in Skim_TriLep_WWG.root
2026-07-21 19:45:15,735 - INFO - [2018] MISSING_SYSTEMATIC: SR1E2Mu/L1Prefire_Down/NMinusOne/nbjet_ge1/pair/mass in Skim_TriLep_WWG.root
2026-07-21 19:45:15,736 - INFO - [2018] MISSING_SYSTEMATIC: SR1E2Mu/PileupReweight_Up/NMinusOne/nbjet_ge1/pair/mass in Skim_TriLep_WWG.root
2026-07-21 19:45:15,736 - INFO - [2018] MISSING_SYSTEMATIC: SR1E2Mu/PileupReweight_Down/NMinusOne/nbjet_ge1/pair/mass in Skim_TriLep_WWG.root
2026-07-21 19:45:15,737 - INFO - [2018] MISSING_SYSTEMATIC: SR1E2Mu/PileupJetIDSF_Up/NMinusOne/nbjet_ge1/pair/mass in Skim_TriLep_WWG.root
2026-07-21 19:45:15,737 - INFO - [2018] MISSING_SYSTEMATIC: SR1E2Mu/PileupJetIDSF_Down/NMinusOne/nbjet_ge1/pair/mass in Skim_TriLep_WWG.root
2026-07-21 19:45:15,738 - INFO - [2018] MISSING_SYSTEMATIC: SR1E2Mu/MuonIDSF_Up/NMinusOne/nbjet_ge1/pair/mass in Skim_TriLep_WWG.root
2026-07-21 19:45:15,738 - INFO - [2018] MISSING_SYSTEMATIC: SR1E2Mu/MuonIDSF_Down/NMinusOne/nbjet_ge1/pair/mass in Skim_TriLep_WWG.root
2026-07-21 19:45:15,739 - INFO - [2018] MISSING_SYSTEMATIC: SR1E2Mu/ElectronIDSF_Up/NMinusOne/nbjet_ge1/pair/mass in Skim_TriLep_WWG.root
2026-07-21 19:45:15,739 - INFO - [2018] MISSING_SYSTEMATIC: SR1E2Mu/ElectronIDSF_Down/NMinusOne/nbjet_ge1/pair/mass in Skim_TriLep_WWG.root
2026-07-21 19:45:15,740 - INFO - [2018] MISSING_SYSTEMATIC: SR1E2Mu/EMuTrigSF_Up/NMinusOne/nbjet_ge1/pair/mass in Skim_TriLep_WWG.root
2026-07-21 19:45:15,740 - INFO - [2018] MISSING_SYSTEMATIC: SR1E2Mu/EMuTrigSF_Down/NMinusOne/nbjet_ge1/pair/mass in Skim_TriLep_WWG.root
2026-07-21 19:45:15,740 - INFO - [2018] MISSING_SYSTEMATIC: SR1E2Mu/JetEn_Up/NMinusOne/nbjet_ge1/pair/mass in Skim_TriLep_WWG.root
2026-07-21 19:45:15,741 - INFO - [2018] MISSING_SYSTEMATIC: SR1E2Mu/JetEn_Down/NMinusOne/nbjet_ge1/pair/mass in Skim_TriLep_WWG.root
2026-07-21 19:45:15,741 - INFO - [2018] MISSING_SYSTEMATIC: SR1E2Mu/JetRes_Up/NMinusOne/nbjet_ge1/pair/mass in Skim_TriLep_WWG.root
2026-07-21 19:45:15,741 - INFO - [2018] MISSING_SYSTEMATIC: SR1E2Mu/JetRes_Down/NMinusOne/nbjet_ge1/pair/mass in Skim_TriLep_WWG.root
2026-07-21 19:45:15,742 - INFO - [2018] MISSING_SYSTEMATIC: SR1E2Mu/MuonEn_Up/NMinusOne/nbjet_ge1/pair/mass in Skim_TriLep_WWG.root
2026-07-21 19:45:15,742 - INFO - [2018] MISSING_SYSTEMATIC: SR1E2Mu/MuonEn_Down/NMinusOne/nbjet_ge1/pair/mass in Skim_TriLep_WWG.root
2026-07-21 19:45:15,743 - INFO - [2018] MISSING_SYSTEMATIC: SR1E2Mu/ElectronEn_Up/NMinusOne/nbjet_ge1/pair/mass in Skim_TriLep_WWG.root
2026-07-21 19:45:15,743 - INFO - [2018] MISSING_SYSTEMATIC: SR1E2Mu/ElectronEn_Down/NMinusOne/nbjet_ge1/pair/mass in Skim_TriLep_WWG.root
2026-07-21 19:45:15,744 - INFO - [2018] MISSING_SYSTEMATIC: SR1E2Mu/ElectronRes_Up/NMinusOne/nbjet_ge1/pair/mass in Skim_TriLep_WWG.root
2026-07-21 19:45:15,744 - INFO - [2018] MISSING_SYSTEMATIC: SR1E2Mu/ElectronRes_Down/NMinusOne/nbjet_ge1/pair/mass in Skim_TriLep_WWG.root
2026-07-21 19:45:15,745 - INFO - [2018] MISSING_SYSTEMATIC: SR1E2Mu/UnclusteredEn_Up/NMinusOne/nbjet_ge1/pair/mass in Skim_TriLep_WWG.root
2026-07-21 19:45:15,745 - INFO - [2018] MISSING_SYSTEMATIC: SR1E2Mu/UnclusteredEn_Down/NMinusOne/nbjet_ge1/pair/mass in Skim_TriLep_WWG.root
2026-07-21 19:45:15,746 - INFO - [2018] MISSING_SYSTEMATIC: SR1E2Mu/BtagSF_HFcorr_Up/NMinusOne/nbjet_ge1/pair/mass in Skim_TriLep_WWG.root
2026-07-21 19:45:15,746 - INFO - [2018] MISSING_SYSTEMATIC: SR1E2Mu/BtagSF_HFcorr_Down/NMinusOne/nbjet_ge1/pair/mass in Skim_TriLep_WWG.root
2026-07-21 19:45:15,747 - INFO - [2018] MISSING_SYSTEMATIC: SR1E2Mu/BtagSF_HFuncorr_Up/NMinusOne/nbjet_ge1/pair/mass in Skim_TriLep_WWG.root
2026-07-21 19:45:15,747 - INFO - [2018] MISSING_SYSTEMATIC: SR1E2Mu/BtagSF_HFuncorr_Down/NMinusOne/nbjet_ge1/pair/mass in Skim_TriLep_WWG.root
2026-07-21 19:45:15,748 - INFO - [2018] MISSING_SYSTEMATIC: SR1E2Mu/BtagSF_LFcorr_Up/NMinusOne/nbjet_ge1/pair/mass in Skim_TriLep_WWG.root
2026-07-21 19:45:15,748 - INFO - [2018] MISSING_SYSTEMATIC: SR1E2Mu/BtagSF_LFcorr_Down/NMinusOne/nbjet_ge1/pair/mass in Skim_TriLep_WWG.root
2026-07-21 19:45:15,749 - INFO - [2018] MISSING_SYSTEMATIC: SR1E2Mu/BtagSF_LFuncorr_Up/NMinusOne/nbjet_ge1/pair/mass in Skim_TriLep_WWG.root
2026-07-21 19:45:15,749 - INFO - [2018] MISSING_SYSTEMATIC: SR1E2Mu/BtagSF_LFuncorr_Down/NMinusOne/nbjet_ge1/pair/mass in Skim_TriLep_WWG.root
2026-07-21 19:45:15,812 - INFO - [2018] MISSING_SYSTEMATIC: SR1E2Mu/L1Prefire_Up/NMinusOne/nbjet_ge1/pair/mass in Skim_TriLep_TTWToLNu.root
2026-07-21 19:45:15,813 - INFO - [2018] MISSING_SYSTEMATIC: SR1E2Mu/L1Prefire_Down/NMinusOne/nbjet_ge1/pair/mass in Skim_TriLep_TTWToLNu.root
2026-07-21 19:45:15,813 - INFO - [2018] MISSING_SYSTEMATIC: SR1E2Mu/PileupReweight_Up/NMinusOne/nbjet_ge1/pair/mass in Skim_TriLep_TTWToLNu.root
2026-07-21 19:45:15,814 - INFO - [2018] MISSING_SYSTEMATIC: SR1E2Mu/PileupReweight_Down/NMinusOne/nbjet_ge1/pair/mass in Skim_TriLep_TTWToLNu.root
2026-07-21 19:45:15,814 - INFO - [2018] MISSING_SYSTEMATIC: SR1E2Mu/PileupJetIDSF_Up/NMinusOne/nbjet_ge1/pair/mass in Skim_TriLep_TTWToLNu.root
2026-07-21 19:45:15,814 - INFO - [2018] MISSING_SYSTEMATIC: SR1E2Mu/PileupJetIDSF_Down/NMinusOne/nbjet_ge1/pair/mass in Skim_TriLep_TTWToLNu.root
2026-07-21 19:45:15,815 - INFO - [2018] MISSING_SYSTEMATIC: SR1E2Mu/MuonIDSF_Up/NMinusOne/nbjet_ge1/pair/mass in Skim_TriLep_TTWToLNu.root
2026-07-21 19:45:15,815 - INFO - [2018] MISSING_SYSTEMATIC: SR1E2Mu/MuonIDSF_Down/NMinusOne/nbjet_ge1/pair/mass in Skim_TriLep_TTWToLNu.root
2026-07-21 19:45:15,816 - INFO - [2018] MISSING_SYSTEMATIC: SR1E2Mu/ElectronIDSF_Up/NMinusOne/nbjet_ge1/pair/mass in Skim_TriLep_TTWToLNu.root
2026-07-21 19:45:15,816 - INFO - [2018] MISSING_SYSTEMATIC: SR1E2Mu/ElectronIDSF_Down/NMinusOne/nbjet_ge1/pair/mass in Skim_TriLep_TTWToLNu.root
2026-07-21 19:45:15,817 - INFO - [2018] MISSING_SYSTEMATIC: SR1E2Mu/EMuTrigSF_Up/NMinusOne/nbjet_ge1/pair/mass in Skim_TriLep_TTWToLNu.root
2026-07-21 19:45:15,817 - INFO - [2018] MISSING_SYSTEMATIC: SR1E2Mu/EMuTrigSF_Down/NMinusOne/nbjet_ge1/pair/mass in Skim_TriLep_TTWToLNu.root
2026-07-21 19:45:15,818 - INFO - [2018] MISSING_SYSTEMATIC: SR1E2Mu/JetEn_Up/NMinusOne/nbjet_ge1/pair/mass in Skim_TriLep_TTWToLNu.root
2026-07-21 19:45:15,818 - INFO - [2018] MISSING_SYSTEMATIC: SR1E2Mu/JetEn_Down/NMinusOne/nbjet_ge1/pair/mass in Skim_TriLep_TTWToLNu.root
2026-07-21 19:45:15,819 - INFO - [2018] MISSING_SYSTEMATIC: SR1E2Mu/JetRes_Up/NMinusOne/nbjet_ge1/pair/mass in Skim_TriLep_TTWToLNu.root
2026-07-21 19:45:15,819 - INFO - [2018] MISSING_SYSTEMATIC: SR1E2Mu/JetRes_Down/NMinusOne/nbjet_ge1/pair/mass in Skim_TriLep_TTWToLNu.root
2026-07-21 19:45:15,820 - INFO - [2018] MISSING_SYSTEMATIC: SR1E2Mu/MuonEn_Up/NMinusOne/nbjet_ge1/pair/mass in Skim_TriLep_TTWToLNu.root
2026-07-21 19:45:15,820 - INFO - [2018] MISSING_SYSTEMATIC: SR1E2Mu/MuonEn_Down/NMinusOne/nbjet_ge1/pair/mass in Skim_TriLep_TTWToLNu.root
2026-07-21 19:45:15,821 - INFO - [2018] MISSING_SYSTEMATIC: SR1E2Mu/ElectronEn_Up/NMinusOne/nbjet_ge1/pair/mass in Skim_TriLep_TTWToLNu.root
2026-07-21 19:45:15,821 - INFO - [2018] MISSING_SYSTEMATIC: SR1E2Mu/ElectronEn_Down/NMinusOne/nbjet_ge1/pair/mass in Skim_TriLep_TTWToLNu.root
2026-07-21 19:45:15,822 - INFO - [2018] MISSING_SYSTEMATIC: SR1E2Mu/ElectronRes_Up/NMinusOne/nbjet_ge1/pair/mass in Skim_TriLep_TTWToLNu.root
2026-07-21 19:45:15,822 - INFO - [2018] MISSING_SYSTEMATIC: SR1E2Mu/ElectronRes_Down/NMinusOne/nbjet_ge1/pair/mass in Skim_TriLep_TTWToLNu.root
2026-07-21 19:45:15,823 - INFO - [2018] MISSING_SYSTEMATIC: SR1E2Mu/UnclusteredEn_Up/NMinusOne/nbjet_ge1/pair/mass in Skim_TriLep_TTWToLNu.root
2026-07-21 19:45:15,823 - INFO - [2018] MISSING_SYSTEMATIC: SR1E2Mu/UnclusteredEn_Down/NMinusOne/nbjet_ge1/pair/mass in Skim_TriLep_TTWToLNu.root
2026-07-21 19:45:15,824 - INFO - [2018] MISSING_SYSTEMATIC: SR1E2Mu/BtagSF_HFcorr_Up/NMinusOne/nbjet_ge1/pair/mass in Skim_TriLep_TTWToLNu.root
2026-07-21 19:45:15,824 - INFO - [2018] MISSING_SYSTEMATIC: SR1E2Mu/BtagSF_HFcorr_Down/NMinusOne/nbjet_ge1/pair/mass in Skim_TriLep_TTWToLNu.root
2026-07-21 19:45:15,825 - INFO - [2018] MISSING_SYSTEMATIC: SR1E2Mu/BtagSF_HFuncorr_Up/NMinusOne/nbjet_ge1/pair/mass in Skim_TriLep_TTWToLNu.root
2026-07-21 19:45:15,825 - INFO - [2018] MISSING_SYSTEMATIC: SR1E2Mu/BtagSF_HFuncorr_Down/NMinusOne/nbjet_ge1/pair/mass in Skim_TriLep_TTWToLNu.root
2026-07-21 19:45:15,826 - INFO - [2018] MISSING_SYSTEMATIC: SR1E2Mu/BtagSF_LFcorr_Up/NMinusOne/nbjet_ge1/pair/mass in Skim_TriLep_TTWToLNu.root
2026-07-21 19:45:15,826 - INFO - [2018] MISSING_SYSTEMATIC: SR1E2Mu/BtagSF_LFcorr_Down/NMinusOne/nbjet_ge1/pair/mass in Skim_TriLep_TTWToLNu.root
2026-07-21 19:45:15,827 - INFO - [2018] MISSING_SYSTEMATIC: SR1E2Mu/BtagSF_LFuncorr_Up/NMinusOne/nbjet_ge1/pair/mass in Skim_TriLep_TTWToLNu.root
2026-07-21 19:45:15,827 - INFO - [2018] MISSING_SYSTEMATIC: SR1E2Mu/BtagSF_LFuncorr_Down/NMinusOne/nbjet_ge1/pair/mass in Skim_TriLep_TTWToLNu.root
2026-07-21 19:45:15,829 - INFO - [2018] MISSING_SYSTEMATIC: SR1E2Mu/L1Prefire_Up/NMinusOne/nbjet_ge1/pair/mass in Skim_TriLep_TTZToLLNuNu.root
2026-07-21 19:45:15,829 - INFO - [2018] MISSING_SYSTEMATIC: SR1E2Mu/L1Prefire_Down/NMinusOne/nbjet_ge1/pair/mass in Skim_TriLep_TTZToLLNuNu.root
2026-07-21 19:45:15,830 - INFO - [2018] MISSING_SYSTEMATIC: SR1E2Mu/PileupReweight_Up/NMinusOne/nbjet_ge1/pair/mass in Skim_TriLep_TTZToLLNuNu.root
2026-07-21 19:45:15,830 - INFO - [2018] MISSING_SYSTEMATIC: SR1E2Mu/PileupReweight_Down/NMinusOne/nbjet_ge1/pair/mass in Skim_TriLep_TTZToLLNuNu.root
2026-07-21 19:45:15,831 - INFO - [2018] MISSING_SYSTEMATIC: SR1E2Mu/PileupJetIDSF_Up/NMinusOne/nbjet_ge1/pair/mass in Skim_TriLep_TTZToLLNuNu.root
2026-07-21 19:45:15,831 - INFO - [2018] MISSING_SYSTEMATIC: SR1E2Mu/PileupJetIDSF_Down/NMinusOne/nbjet_ge1/pair/mass in Skim_TriLep_TTZToLLNuNu.root
2026-07-21 19:45:15,832 - INFO - [2018] MISSING_SYSTEMATIC: SR1E2Mu/MuonIDSF_Up/NMinusOne/nbjet_ge1/pair/mass in Skim_TriLep_TTZToLLNuNu.root
2026-07-21 19:45:15,832 - INFO - [2018] MISSING_SYSTEMATIC: SR1E2Mu/MuonIDSF_Down/NMinusOne/nbjet_ge1/pair/mass in Skim_TriLep_TTZToLLNuNu.root
2026-07-21 19:45:15,833 - INFO - [2018] MISSING_SYSTEMATIC: SR1E2Mu/ElectronIDSF_Up/NMinusOne/nbjet_ge1/pair/mass in Skim_TriLep_TTZToLLNuNu.root
2026-07-21 19:45:15,833 - INFO - [2018] MISSING_SYSTEMATIC: SR1E2Mu/ElectronIDSF_Down/NMinusOne/nbjet_ge1/pair/mass in Skim_TriLep_TTZToLLNuNu.root
2026-07-21 19:45:15,834 - INFO - [2018] MISSING_SYSTEMATIC: SR1E2Mu/EMuTrigSF_Up/NMinusOne/nbjet_ge1/pair/mass in Skim_TriLep_TTZToLLNuNu.root
2026-07-21 19:45:15,834 - INFO - [2018] MISSING_SYSTEMATIC: SR1E2Mu/EMuTrigSF_Down/NMinusOne/nbjet_ge1/pair/mass in Skim_TriLep_TTZToLLNuNu.root
2026-07-21 19:45:15,835 - INFO - [2018] MISSING_SYSTEMATIC: SR1E2Mu/JetEn_Up/NMinusOne/nbjet_ge1/pair/mass in Skim_TriLep_TTZToLLNuNu.root
2026-07-21 19:45:15,835 - INFO - [2018] MISSING_SYSTEMATIC: SR1E2Mu/JetEn_Down/NMinusOne/nbjet_ge1/pair/mass in Skim_TriLep_TTZToLLNuNu.root
2026-07-21 19:45:15,836 - INFO - [2018] MISSING_SYSTEMATIC: SR1E2Mu/JetRes_Up/NMinusOne/nbjet_ge1/pair/mass in Skim_TriLep_TTZToLLNuNu.root
2026-07-21 19:45:15,836 - INFO - [2018] MISSING_SYSTEMATIC: SR1E2Mu/JetRes_Down/NMinusOne/nbjet_ge1/pair/mass in Skim_TriLep_TTZToLLNuNu.root
2026-07-21 19:45:15,837 - INFO - [2018] MISSING_SYSTEMATIC: SR1E2Mu/MuonEn_Up/NMinusOne/nbjet_ge1/pair/mass in Skim_TriLep_TTZToLLNuNu.root
2026-07-21 19:45:15,837 - INFO - [2018] MISSING_SYSTEMATIC: SR1E2Mu/MuonEn_Down/NMinusOne/nbjet_ge1/pair/mass in Skim_TriLep_TTZToLLNuNu.root
2026-07-21 19:45:15,838 - INFO - [2018] MISSING_SYSTEMATIC: SR1E2Mu/ElectronEn_Up/NMinusOne/nbjet_ge1/pair/mass in Skim_TriLep_TTZToLLNuNu.root
2026-07-21 19:45:15,838 - INFO - [2018] MISSING_SYSTEMATIC: SR1E2Mu/ElectronEn_Down/NMinusOne/nbjet_ge1/pair/mass in Skim_TriLep_TTZToLLNuNu.root
2026-07-21 19:45:15,839 - INFO - [2018] MISSING_SYSTEMATIC: SR1E2Mu/ElectronRes_Up/NMinusOne/nbjet_ge1/pair/mass in Skim_TriLep_TTZToLLNuNu.root
2026-07-21 19:45:15,839 - INFO - [2018] MISSING_SYSTEMATIC: SR1E2Mu/ElectronRes_Down/NMinusOne/nbjet_ge1/pair/mass in Skim_TriLep_TTZToLLNuNu.root
2026-07-21 19:45:15,840 - INFO - [2018] MISSING_SYSTEMATIC: SR1E2Mu/UnclusteredEn_Up/NMinusOne/nbjet_ge1/pair/mass in Skim_TriLep_TTZToLLNuNu.root
2026-07-21 19:45:15,840 - INFO - [2018] MISSING_SYSTEMATIC: SR1E2Mu/UnclusteredEn_Down/NMinusOne/nbjet_ge1/pair/mass in Skim_TriLep_TTZToLLNuNu.root
2026-07-21 19:45:15,841 - INFO - [2018] MISSING_SYSTEMATIC: SR1E2Mu/BtagSF_HFcorr_Up/NMinusOne/nbjet_ge1/pair/mass in Skim_TriLep_TTZToLLNuNu.root
2026-07-21 19:45:15,841 - INFO - [2018] MISSING_SYSTEMATIC: SR1E2Mu/BtagSF_HFcorr_Down/NMinusOne/nbjet_ge1/pair/mass in Skim_TriLep_TTZToLLNuNu.root
2026-07-21 19:45:15,842 - INFO - [2018] MISSING_SYSTEMATIC: SR1E2Mu/BtagSF_HFuncorr_Up/NMinusOne/nbjet_ge1/pair/mass in Skim_TriLep_TTZToLLNuNu.root
2026-07-21 19:45:15,842 - INFO - [2018] MISSING_SYSTEMATIC: SR1E2Mu/BtagSF_HFuncorr_Down/NMinusOne/nbjet_ge1/pair/mass in Skim_TriLep_TTZToLLNuNu.root
2026-07-21 19:45:15,843 - INFO - [2018] MISSING_SYSTEMATIC: SR1E2Mu/BtagSF_LFcorr_Up/NMinusOne/nbjet_ge1/pair/mass in Skim_TriLep_TTZToLLNuNu.root
2026-07-21 19:45:15,843 - INFO - [2018] MISSING_SYSTEMATIC: SR1E2Mu/BtagSF_LFcorr_Down/NMinusOne/nbjet_ge1/pair/mass in Skim_TriLep_TTZToLLNuNu.root
2026-07-21 19:45:15,844 - INFO - [2018] MISSING_SYSTEMATIC: SR1E2Mu/BtagSF_LFuncorr_Up/NMinusOne/nbjet_ge1/pair/mass in Skim_TriLep_TTZToLLNuNu.root
2026-07-21 19:45:15,844 - INFO - [2018] MISSING_SYSTEMATIC: SR1E2Mu/BtagSF_LFuncorr_Down/NMinusOne/nbjet_ge1/pair/mass in Skim_TriLep_TTZToLLNuNu.root
2026-07-21 19:45:15,846 - INFO - [2018] MISSING_SYSTEMATIC: SR1E2Mu/L1Prefire_Up/NMinusOne/nbjet_ge1/pair/mass in Skim_TriLep_TTHToNonbb.root
2026-07-21 19:45:15,846 - INFO - [2018] MISSING_SYSTEMATIC: SR1E2Mu/L1Prefire_Down/NMinusOne/nbjet_ge1/pair/mass in Skim_TriLep_TTHToNonbb.root
2026-07-21 19:45:15,847 - INFO - [2018] MISSING_SYSTEMATIC: SR1E2Mu/PileupReweight_Up/NMinusOne/nbjet_ge1/pair/mass in Skim_TriLep_TTHToNonbb.root
2026-07-21 19:45:15,847 - INFO - [2018] MISSING_SYSTEMATIC: SR1E2Mu/PileupReweight_Down/NMinusOne/nbjet_ge1/pair/mass in Skim_TriLep_TTHToNonbb.root
2026-07-21 19:45:15,848 - INFO - [2018] MISSING_SYSTEMATIC: SR1E2Mu/PileupJetIDSF_Up/NMinusOne/nbjet_ge1/pair/mass in Skim_TriLep_TTHToNonbb.root
2026-07-21 19:45:15,848 - INFO - [2018] MISSING_SYSTEMATIC: SR1E2Mu/PileupJetIDSF_Down/NMinusOne/nbjet_ge1/pair/mass in Skim_TriLep_TTHToNonbb.root
2026-07-21 19:45:15,849 - INFO - [2018] MISSING_SYSTEMATIC: SR1E2Mu/MuonIDSF_Up/NMinusOne/nbjet_ge1/pair/mass in Skim_TriLep_TTHToNonbb.root
2026-07-21 19:45:15,849 - INFO - [2018] MISSING_SYSTEMATIC: SR1E2Mu/MuonIDSF_Down/NMinusOne/nbjet_ge1/pair/mass in Skim_TriLep_TTHToNonbb.root
2026-07-21 19:45:15,850 - INFO - [2018] MISSING_SYSTEMATIC: SR1E2Mu/ElectronIDSF_Up/NMinusOne/nbjet_ge1/pair/mass in Skim_TriLep_TTHToNonbb.root
2026-07-21 19:45:15,850 - INFO - [2018] MISSING_SYSTEMATIC: SR1E2Mu/ElectronIDSF_Down/NMinusOne/nbjet_ge1/pair/mass in Skim_TriLep_TTHToNonbb.root
2026-07-21 19:45:15,851 - INFO - [2018] MISSING_SYSTEMATIC: SR1E2Mu/EMuTrigSF_Up/NMinusOne/nbjet_ge1/pair/mass in Skim_TriLep_TTHToNonbb.root
2026-07-21 19:45:15,851 - INFO - [2018] MISSING_SYSTEMATIC: SR1E2Mu/EMuTrigSF_Down/NMinusOne/nbjet_ge1/pair/mass in Skim_TriLep_TTHToNonbb.root
2026-07-21 19:45:15,852 - INFO - [2018] MISSING_SYSTEMATIC: SR1E2Mu/JetEn_Up/NMinusOne/nbjet_ge1/pair/mass in Skim_TriLep_TTHToNonbb.root
2026-07-21 19:45:15,852 - INFO - [2018] MISSING_SYSTEMATIC: SR1E2Mu/JetEn_Down/NMinusOne/nbjet_ge1/pair/mass in Skim_TriLep_TTHToNonbb.root
2026-07-21 19:45:15,853 - INFO - [2018] MISSING_SYSTEMATIC: SR1E2Mu/JetRes_Up/NMinusOne/nbjet_ge1/pair/mass in Skim_TriLep_TTHToNonbb.root
2026-07-21 19:45:15,853 - INFO - [2018] MISSING_SYSTEMATIC: SR1E2Mu/JetRes_Down/NMinusOne/nbjet_ge1/pair/mass in Skim_TriLep_TTHToNonbb.root
2026-07-21 19:45:15,854 - INFO - [2018] MISSING_SYSTEMATIC: SR1E2Mu/MuonEn_Up/NMinusOne/nbjet_ge1/pair/mass in Skim_TriLep_TTHToNonbb.root
2026-07-21 19:45:15,854 - INFO - [2018] MISSING_SYSTEMATIC: SR1E2Mu/MuonEn_Down/NMinusOne/nbjet_ge1/pair/mass in Skim_TriLep_TTHToNonbb.root
2026-07-21 19:45:15,855 - INFO - [2018] MISSING_SYSTEMATIC: SR1E2Mu/ElectronEn_Up/NMinusOne/nbjet_ge1/pair/mass in Skim_TriLep_TTHToNonbb.root
2026-07-21 19:45:15,855 - INFO - [2018] MISSING_SYSTEMATIC: SR1E2Mu/ElectronEn_Down/NMinusOne/nbjet_ge1/pair/mass in Skim_TriLep_TTHToNonbb.root
2026-07-21 19:45:15,856 - INFO - [2018] MISSING_SYSTEMATIC: SR1E2Mu/ElectronRes_Up/NMinusOne/nbjet_ge1/pair/mass in Skim_TriLep_TTHToNonbb.root
2026-07-21 19:45:15,856 - INFO - [2018] MISSING_SYSTEMATIC: SR1E2Mu/ElectronRes_Down/NMinusOne/nbjet_ge1/pair/mass in Skim_TriLep_TTHToNonbb.root
2026-07-21 19:45:15,857 - INFO - [2018] MISSING_SYSTEMATIC: SR1E2Mu/UnclusteredEn_Up/NMinusOne/nbjet_ge1/pair/mass in Skim_TriLep_TTHToNonbb.root
2026-07-21 19:45:15,857 - INFO - [2018] MISSING_SYSTEMATIC: SR1E2Mu/UnclusteredEn_Down/NMinusOne/nbjet_ge1/pair/mass in Skim_TriLep_TTHToNonbb.root
2026-07-21 19:45:15,857 - INFO - [2018] MISSING_SYSTEMATIC: SR1E2Mu/BtagSF_HFcorr_Up/NMinusOne/nbjet_ge1/pair/mass in Skim_TriLep_TTHToNonbb.root
2026-07-21 19:45:15,857 - INFO - [2018] MISSING_SYSTEMATIC: SR1E2Mu/BtagSF_HFcorr_Down/NMinusOne/nbjet_ge1/pair/mass in Skim_TriLep_TTHToNonbb.root
2026-07-21 19:45:15,858 - INFO - [2018] MISSING_SYSTEMATIC: SR1E2Mu/BtagSF_HFuncorr_Up/NMinusOne/nbjet_ge1/pair/mass in Skim_TriLep_TTHToNonbb.root
2026-07-21 19:45:15,858 - INFO - [2018] MISSING_SYSTEMATIC: SR1E2Mu/BtagSF_HFuncorr_Down/NMinusOne/nbjet_ge1/pair/mass in Skim_TriLep_TTHToNonbb.root
2026-07-21 19:45:15,859 - INFO - [2018] MISSING_SYSTEMATIC: SR1E2Mu/BtagSF_LFcorr_Up/NMinusOne/nbjet_ge1/pair/mass in Skim_TriLep_TTHToNonbb.root
2026-07-21 19:45:15,859 - INFO - [2018] MISSING_SYSTEMATIC: SR1E2Mu/BtagSF_LFcorr_Down/NMinusOne/nbjet_ge1/pair/mass in Skim_TriLep_TTHToNonbb.root
2026-07-21 19:45:15,859 - INFO - [2018] MISSING_SYSTEMATIC: SR1E2Mu/BtagSF_LFuncorr_Up/NMinusOne/nbjet_ge1/pair/mass in Skim_TriLep_TTHToNonbb.root
2026-07-21 19:45:15,859 - INFO - [2018] MISSING_SYSTEMATIC: SR1E2Mu/BtagSF_LFuncorr_Down/NMinusOne/nbjet_ge1/pair/mass in Skim_TriLep_TTHToNonbb.root
2026-07-21 19:45:15,863 - INFO - [2018] MISSING_SYSTEMATIC: SR1E2Mu/L1Prefire_Up/NMinusOne/nbjet_ge1/pair/mass in Skim_TriLep_tZq.root
2026-07-21 19:45:15,863 - INFO - [2018] MISSING_SYSTEMATIC: SR1E2Mu/L1Prefire_Down/NMinusOne/nbjet_ge1/pair/mass in Skim_TriLep_tZq.root
2026-07-21 19:45:15,863 - INFO - [2018] MISSING_SYSTEMATIC: SR1E2Mu/PileupReweight_Up/NMinusOne/nbjet_ge1/pair/mass in Skim_TriLep_tZq.root
2026-07-21 19:45:15,863 - INFO - [2018] MISSING_SYSTEMATIC: SR1E2Mu/PileupReweight_Down/NMinusOne/nbjet_ge1/pair/mass in Skim_TriLep_tZq.root
2026-07-21 19:45:15,864 - INFO - [2018] MISSING_SYSTEMATIC: SR1E2Mu/PileupJetIDSF_Up/NMinusOne/nbjet_ge1/pair/mass in Skim_TriLep_tZq.root
2026-07-21 19:45:15,864 - INFO - [2018] MISSING_SYSTEMATIC: SR1E2Mu/PileupJetIDSF_Down/NMinusOne/nbjet_ge1/pair/mass in Skim_TriLep_tZq.root
2026-07-21 19:45:15,865 - INFO - [2018] MISSING_SYSTEMATIC: SR1E2Mu/MuonIDSF_Up/NMinusOne/nbjet_ge1/pair/mass in Skim_TriLep_tZq.root
2026-07-21 19:45:15,865 - INFO - [2018] MISSING_SYSTEMATIC: SR1E2Mu/MuonIDSF_Down/NMinusOne/nbjet_ge1/pair/mass in Skim_TriLep_tZq.root
2026-07-21 19:45:15,865 - INFO - [2018] MISSING_SYSTEMATIC: SR1E2Mu/ElectronIDSF_Up/NMinusOne/nbjet_ge1/pair/mass in Skim_TriLep_tZq.root
2026-07-21 19:45:15,865 - INFO - [2018] MISSING_SYSTEMATIC: SR1E2Mu/ElectronIDSF_Down/NMinusOne/nbjet_ge1/pair/mass in Skim_TriLep_tZq.root
2026-07-21 19:45:15,866 - INFO - [2018] MISSING_SYSTEMATIC: SR1E2Mu/EMuTrigSF_Up/NMinusOne/nbjet_ge1/pair/mass in Skim_TriLep_tZq.root
2026-07-21 19:45:15,866 - INFO - [2018] MISSING_SYSTEMATIC: SR1E2Mu/EMuTrigSF_Down/NMinusOne/nbjet_ge1/pair/mass in Skim_TriLep_tZq.root
2026-07-21 19:45:15,867 - INFO - [2018] MISSING_SYSTEMATIC: SR1E2Mu/JetEn_Up/NMinusOne/nbjet_ge1/pair/mass in Skim_TriLep_tZq.root
2026-07-21 19:45:15,867 - INFO - [2018] MISSING_SYSTEMATIC: SR1E2Mu/JetEn_Down/NMinusOne/nbjet_ge1/pair/mass in Skim_TriLep_tZq.root
2026-07-21 19:45:15,867 - INFO - [2018] MISSING_SYSTEMATIC: SR1E2Mu/JetRes_Up/NMinusOne/nbjet_ge1/pair/mass in Skim_TriLep_tZq.root
2026-07-21 19:45:15,867 - INFO - [2018] MISSING_SYSTEMATIC: SR1E2Mu/JetRes_Down/NMinusOne/nbjet_ge1/pair/mass in Skim_TriLep_tZq.root
2026-07-21 19:45:15,868 - INFO - [2018] MISSING_SYSTEMATIC: SR1E2Mu/MuonEn_Up/NMinusOne/nbjet_ge1/pair/mass in Skim_TriLep_tZq.root
2026-07-21 19:45:15,868 - INFO - [2018] MISSING_SYSTEMATIC: SR1E2Mu/MuonEn_Down/NMinusOne/nbjet_ge1/pair/mass in Skim_TriLep_tZq.root
2026-07-21 19:45:15,868 - INFO - [2018] MISSING_SYSTEMATIC: SR1E2Mu/ElectronEn_Up/NMinusOne/nbjet_ge1/pair/mass in Skim_TriLep_tZq.root
2026-07-21 19:45:15,868 - INFO - [2018] MISSING_SYSTEMATIC: SR1E2Mu/ElectronEn_Down/NMinusOne/nbjet_ge1/pair/mass in Skim_TriLep_tZq.root
2026-07-21 19:45:15,869 - INFO - [2018] MISSING_SYSTEMATIC: SR1E2Mu/ElectronRes_Up/NMinusOne/nbjet_ge1/pair/mass in Skim_TriLep_tZq.root
2026-07-21 19:45:15,869 - INFO - [2018] MISSING_SYSTEMATIC: SR1E2Mu/ElectronRes_Down/NMinusOne/nbjet_ge1/pair/mass in Skim_TriLep_tZq.root
2026-07-21 19:45:15,870 - INFO - [2018] MISSING_SYSTEMATIC: SR1E2Mu/UnclusteredEn_Up/NMinusOne/nbjet_ge1/pair/mass in Skim_TriLep_tZq.root
2026-07-21 19:45:15,870 - INFO - [2018] MISSING_SYSTEMATIC: SR1E2Mu/UnclusteredEn_Down/NMinusOne/nbjet_ge1/pair/mass in Skim_TriLep_tZq.root
2026-07-21 19:45:15,870 - INFO - [2018] MISSING_SYSTEMATIC: SR1E2Mu/BtagSF_HFcorr_Up/NMinusOne/nbjet_ge1/pair/mass in Skim_TriLep_tZq.root
2026-07-21 19:45:15,870 - INFO - [2018] MISSING_SYSTEMATIC: SR1E2Mu/BtagSF_HFcorr_Down/NMinusOne/nbjet_ge1/pair/mass in Skim_TriLep_tZq.root
2026-07-21 19:45:15,871 - INFO - [2018] MISSING_SYSTEMATIC: SR1E2Mu/BtagSF_HFuncorr_Up/NMinusOne/nbjet_ge1/pair/mass in Skim_TriLep_tZq.root
2026-07-21 19:45:15,871 - INFO - [2018] MISSING_SYSTEMATIC: SR1E2Mu/BtagSF_HFuncorr_Down/NMinusOne/nbjet_ge1/pair/mass in Skim_TriLep_tZq.root
2026-07-21 19:45:15,872 - INFO - [2018] MISSING_SYSTEMATIC: SR1E2Mu/BtagSF_LFcorr_Up/NMinusOne/nbjet_ge1/pair/mass in Skim_TriLep_tZq.root
2026-07-21 19:45:15,872 - INFO - [2018] MISSING_SYSTEMATIC: SR1E2Mu/BtagSF_LFcorr_Down/NMinusOne/nbjet_ge1/pair/mass in Skim_TriLep_tZq.root
2026-07-21 19:45:15,872 - INFO - [2018] MISSING_SYSTEMATIC: SR1E2Mu/BtagSF_LFuncorr_Up/NMinusOne/nbjet_ge1/pair/mass in Skim_TriLep_tZq.root
2026-07-21 19:45:15,872 - INFO - [2018] MISSING_SYSTEMATIC: SR1E2Mu/BtagSF_LFuncorr_Down/NMinusOne/nbjet_ge1/pair/mass in Skim_TriLep_tZq.root
2026-07-21 19:45:15,873 - INFO - [2018] MISSING_SYSTEMATIC: SR1E2Mu/L1Prefire_Up/NMinusOne/nbjet_ge1/pair/mass in Skim_TriLep_WZTo3LNu_amcatnlo.root
2026-07-21 19:45:15,873 - INFO - [2018] MISSING_SYSTEMATIC: SR1E2Mu/L1Prefire_Down/NMinusOne/nbjet_ge1/pair/mass in Skim_TriLep_WZTo3LNu_amcatnlo.root
2026-07-21 19:45:15,874 - INFO - [2018] MISSING_SYSTEMATIC: SR1E2Mu/PileupReweight_Up/NMinusOne/nbjet_ge1/pair/mass in Skim_TriLep_WZTo3LNu_amcatnlo.root
2026-07-21 19:45:15,874 - INFO - [2018] MISSING_SYSTEMATIC: SR1E2Mu/PileupReweight_Down/NMinusOne/nbjet_ge1/pair/mass in Skim_TriLep_WZTo3LNu_amcatnlo.root
2026-07-21 19:45:15,875 - INFO - [2018] MISSING_SYSTEMATIC: SR1E2Mu/PileupJetIDSF_Up/NMinusOne/nbjet_ge1/pair/mass in Skim_TriLep_WZTo3LNu_amcatnlo.root
2026-07-21 19:45:15,875 - INFO - [2018] MISSING_SYSTEMATIC: SR1E2Mu/PileupJetIDSF_Down/NMinusOne/nbjet_ge1/pair/mass in Skim_TriLep_WZTo3LNu_amcatnlo.root
2026-07-21 19:45:15,875 - INFO - [2018] MISSING_SYSTEMATIC: SR1E2Mu/MuonIDSF_Up/NMinusOne/nbjet_ge1/pair/mass in Skim_TriLep_WZTo3LNu_amcatnlo.root
2026-07-21 19:45:15,875 - INFO - [2018] MISSING_SYSTEMATIC: SR1E2Mu/MuonIDSF_Down/NMinusOne/nbjet_ge1/pair/mass in Skim_TriLep_WZTo3LNu_amcatnlo.root
2026-07-21 19:45:15,876 - INFO - [2018] MISSING_SYSTEMATIC: SR1E2Mu/ElectronIDSF_Up/NMinusOne/nbjet_ge1/pair/mass in Skim_TriLep_WZTo3LNu_amcatnlo.root
2026-07-21 19:45:15,876 - INFO - [2018] MISSING_SYSTEMATIC: SR1E2Mu/ElectronIDSF_Down/NMinusOne/nbjet_ge1/pair/mass in Skim_TriLep_WZTo3LNu_amcatnlo.root
2026-07-21 19:45:15,877 - INFO - [2018] MISSING_SYSTEMATIC: SR1E2Mu/EMuTrigSF_Up/NMinusOne/nbjet_ge1/pair/mass in Skim_TriLep_WZTo3LNu_amcatnlo.root
2026-07-21 19:45:15,877 - INFO - [2018] MISSING_SYSTEMATIC: SR1E2Mu/EMuTrigSF_Down/NMinusOne/nbjet_ge1/pair/mass in Skim_TriLep_WZTo3LNu_amcatnlo.root
2026-07-21 19:45:15,877 - INFO - [2018] MISSING_SYSTEMATIC: SR1E2Mu/JetEn_Up/NMinusOne/nbjet_ge1/pair/mass in Skim_TriLep_WZTo3LNu_amcatnlo.root
2026-07-21 19:45:15,877 - INFO - [2018] MISSING_SYSTEMATIC: SR1E2Mu/JetEn_Down/NMinusOne/nbjet_ge1/pair/mass in Skim_TriLep_WZTo3LNu_amcatnlo.root
2026-07-21 19:45:15,878 - INFO - [2018] MISSING_SYSTEMATIC: SR1E2Mu/JetRes_Up/NMinusOne/nbjet_ge1/pair/mass in Skim_TriLep_WZTo3LNu_amcatnlo.root
2026-07-21 19:45:15,878 - INFO - [2018] MISSING_SYSTEMATIC: SR1E2Mu/JetRes_Down/NMinusOne/nbjet_ge1/pair/mass in Skim_TriLep_WZTo3LNu_amcatnlo.root
2026-07-21 19:45:15,879 - INFO - [2018] MISSING_SYSTEMATIC: SR1E2Mu/MuonEn_Up/NMinusOne/nbjet_ge1/pair/mass in Skim_TriLep_WZTo3LNu_amcatnlo.root
2026-07-21 19:45:15,879 - INFO - [2018] MISSING_SYSTEMATIC: SR1E2Mu/MuonEn_Down/NMinusOne/nbjet_ge1/pair/mass in Skim_TriLep_WZTo3LNu_amcatnlo.root
2026-07-21 19:45:15,879 - INFO - [2018] MISSING_SYSTEMATIC: SR1E2Mu/ElectronEn_Up/NMinusOne/nbjet_ge1/pair/mass in Skim_TriLep_WZTo3LNu_amcatnlo.root
2026-07-21 19:45:15,879 - INFO - [2018] MISSING_SYSTEMATIC: SR1E2Mu/ElectronEn_Down/NMinusOne/nbjet_ge1/pair/mass in Skim_TriLep_WZTo3LNu_amcatnlo.root
2026-07-21 19:45:15,880 - INFO - [2018] MISSING_SYSTEMATIC: SR1E2Mu/ElectronRes_Up/NMinusOne/nbjet_ge1/pair/mass in Skim_TriLep_WZTo3LNu_amcatnlo.root
2026-07-21 19:45:15,880 - INFO - [2018] MISSING_SYSTEMATIC: SR1E2Mu/ElectronRes_Down/NMinusOne/nbjet_ge1/pair/mass in Skim_TriLep_WZTo3LNu_amcatnlo.root
2026-07-21 19:45:15,881 - INFO - [2018] MISSING_SYSTEMATIC: SR1E2Mu/UnclusteredEn_Up/NMinusOne/nbjet_ge1/pair/mass in Skim_TriLep_WZTo3LNu_amcatnlo.root
2026-07-21 19:45:15,881 - INFO - [2018] MISSING_SYSTEMATIC: SR1E2Mu/UnclusteredEn_Down/NMinusOne/nbjet_ge1/pair/mass in Skim_TriLep_WZTo3LNu_amcatnlo.root
2026-07-21 19:45:15,881 - INFO - [2018] MISSING_SYSTEMATIC: SR1E2Mu/BtagSF_HFcorr_Up/NMinusOne/nbjet_ge1/pair/mass in Skim_TriLep_WZTo3LNu_amcatnlo.root
2026-07-21 19:45:15,881 - INFO - [2018] MISSING_SYSTEMATIC: SR1E2Mu/BtagSF_HFcorr_Down/NMinusOne/nbjet_ge1/pair/mass in Skim_TriLep_WZTo3LNu_amcatnlo.root
2026-07-21 19:45:15,882 - INFO - [2018] MISSING_SYSTEMATIC: SR1E2Mu/BtagSF_HFuncorr_Up/NMinusOne/nbjet_ge1/pair/mass in Skim_TriLep_WZTo3LNu_amcatnlo.root
2026-07-21 19:45:15,882 - INFO - [2018] MISSING_SYSTEMATIC: SR1E2Mu/BtagSF_HFuncorr_Down/NMinusOne/nbjet_ge1/pair/mass in Skim_TriLep_WZTo3LNu_amcatnlo.root
2026-07-21 19:45:15,883 - INFO - [2018] MISSING_SYSTEMATIC: SR1E2Mu/BtagSF_LFcorr_Up/NMinusOne/nbjet_ge1/pair/mass in Skim_TriLep_WZTo3LNu_amcatnlo.root
2026-07-21 19:45:15,883 - INFO - [2018] MISSING_SYSTEMATIC: SR1E2Mu/BtagSF_LFcorr_Down/NMinusOne/nbjet_ge1/pair/mass in Skim_TriLep_WZTo3LNu_amcatnlo.root
2026-07-21 19:45:15,883 - INFO - [2018] MISSING_SYSTEMATIC: SR1E2Mu/BtagSF_LFuncorr_Up/NMinusOne/nbjet_ge1/pair/mass in Skim_TriLep_WZTo3LNu_amcatnlo.root
2026-07-21 19:45:15,883 - INFO - [2018] MISSING_SYSTEMATIC: SR1E2Mu/BtagSF_LFuncorr_Down/NMinusOne/nbjet_ge1/pair/mass in Skim_TriLep_WZTo3LNu_amcatnlo.root
2026-07-21 19:45:15,915 - INFO - [2018] MISSING_SYSTEMATIC: SR1E2Mu/L1Prefire_Up/NMinusOne/nbjet_ge1/pair/mass in Skim_TriLep_ZZTo4L_powheg.root
2026-07-21 19:45:15,915 - INFO - [2018] MISSING_SYSTEMATIC: SR1E2Mu/L1Prefire_Down/NMinusOne/nbjet_ge1/pair/mass in Skim_TriLep_ZZTo4L_powheg.root
2026-07-21 19:45:15,915 - INFO - [2018] MISSING_SYSTEMATIC: SR1E2Mu/PileupReweight_Up/NMinusOne/nbjet_ge1/pair/mass in Skim_TriLep_ZZTo4L_powheg.root
2026-07-21 19:45:15,915 - INFO - [2018] MISSING_SYSTEMATIC: SR1E2Mu/PileupReweight_Down/NMinusOne/nbjet_ge1/pair/mass in Skim_TriLep_ZZTo4L_powheg.root
2026-07-21 19:45:15,916 - INFO - [2018] MISSING_SYSTEMATIC: SR1E2Mu/PileupJetIDSF_Up/NMinusOne/nbjet_ge1/pair/mass in Skim_TriLep_ZZTo4L_powheg.root
2026-07-21 19:45:15,916 - INFO - [2018] MISSING_SYSTEMATIC: SR1E2Mu/PileupJetIDSF_Down/NMinusOne/nbjet_ge1/pair/mass in Skim_TriLep_ZZTo4L_powheg.root
2026-07-21 19:45:15,917 - INFO - [2018] MISSING_SYSTEMATIC: SR1E2Mu/MuonIDSF_Up/NMinusOne/nbjet_ge1/pair/mass in Skim_TriLep_ZZTo4L_powheg.root
2026-07-21 19:45:15,917 - INFO - [2018] MISSING_SYSTEMATIC: SR1E2Mu/MuonIDSF_Down/NMinusOne/nbjet_ge1/pair/mass in Skim_TriLep_ZZTo4L_powheg.root
2026-07-21 19:45:15,917 - INFO - [2018] MISSING_SYSTEMATIC: SR1E2Mu/ElectronIDSF_Up/NMinusOne/nbjet_ge1/pair/mass in Skim_TriLep_ZZTo4L_powheg.root
2026-07-21 19:45:15,917 - INFO - [2018] MISSING_SYSTEMATIC: SR1E2Mu/ElectronIDSF_Down/NMinusOne/nbjet_ge1/pair/mass in Skim_TriLep_ZZTo4L_powheg.root
2026-07-21 19:45:15,918 - INFO - [2018] MISSING_SYSTEMATIC: SR1E2Mu/EMuTrigSF_Up/NMinusOne/nbjet_ge1/pair/mass in Skim_TriLep_ZZTo4L_powheg.root
2026-07-21 19:45:15,918 - INFO - [2018] MISSING_SYSTEMATIC: SR1E2Mu/EMuTrigSF_Down/NMinusOne/nbjet_ge1/pair/mass in Skim_TriLep_ZZTo4L_powheg.root
2026-07-21 19:45:15,919 - INFO - [2018] MISSING_SYSTEMATIC: SR1E2Mu/JetEn_Up/NMinusOne/nbjet_ge1/pair/mass in Skim_TriLep_ZZTo4L_powheg.root
2026-07-21 19:45:15,919 - INFO - [2018] MISSING_SYSTEMATIC: SR1E2Mu/JetEn_Down/NMinusOne/nbjet_ge1/pair/mass in Skim_TriLep_ZZTo4L_powheg.root
2026-07-21 19:45:15,919 - INFO - [2018] MISSING_SYSTEMATIC: SR1E2Mu/JetRes_Up/NMinusOne/nbjet_ge1/pair/mass in Skim_TriLep_ZZTo4L_powheg.root
2026-07-21 19:45:15,919 - INFO - [2018] MISSING_SYSTEMATIC: SR1E2Mu/JetRes_Down/NMinusOne/nbjet_ge1/pair/mass in Skim_TriLep_ZZTo4L_powheg.root
2026-07-21 19:45:15,920 - INFO - [2018] MISSING_SYSTEMATIC: SR1E2Mu/MuonEn_Up/NMinusOne/nbjet_ge1/pair/mass in Skim_TriLep_ZZTo4L_powheg.root
2026-07-21 19:45:15,920 - INFO - [2018] MISSING_SYSTEMATIC: SR1E2Mu/MuonEn_Down/NMinusOne/nbjet_ge1/pair/mass in Skim_TriLep_ZZTo4L_powheg.root
2026-07-21 19:45:15,921 - INFO - [2018] MISSING_SYSTEMATIC: SR1E2Mu/ElectronEn_Up/NMinusOne/nbjet_ge1/pair/mass in Skim_TriLep_ZZTo4L_powheg.root
2026-07-21 19:45:15,921 - INFO - [2018] MISSING_SYSTEMATIC: SR1E2Mu/ElectronEn_Down/NMinusOne/nbjet_ge1/pair/mass in Skim_TriLep_ZZTo4L_powheg.root
2026-07-21 19:45:15,921 - INFO - [2018] MISSING_SYSTEMATIC: SR1E2Mu/ElectronRes_Up/NMinusOne/nbjet_ge1/pair/mass in Skim_TriLep_ZZTo4L_powheg.root
2026-07-21 19:45:15,921 - INFO - [2018] MISSING_SYSTEMATIC: SR1E2Mu/ElectronRes_Down/NMinusOne/nbjet_ge1/pair/mass in Skim_TriLep_ZZTo4L_powheg.root
2026-07-21 19:45:15,922 - INFO - [2018] MISSING_SYSTEMATIC: SR1E2Mu/UnclusteredEn_Up/NMinusOne/nbjet_ge1/pair/mass in Skim_TriLep_ZZTo4L_powheg.root
2026-07-21 19:45:15,922 - INFO - [2018] MISSING_SYSTEMATIC: SR1E2Mu/UnclusteredEn_Down/NMinusOne/nbjet_ge1/pair/mass in Skim_TriLep_ZZTo4L_powheg.root
2026-07-21 19:45:15,922 - INFO - [2018] MISSING_SYSTEMATIC: SR1E2Mu/BtagSF_HFcorr_Up/NMinusOne/nbjet_ge1/pair/mass in Skim_TriLep_ZZTo4L_powheg.root
2026-07-21 19:45:15,922 - INFO - [2018] MISSING_SYSTEMATIC: SR1E2Mu/BtagSF_HFcorr_Down/NMinusOne/nbjet_ge1/pair/mass in Skim_TriLep_ZZTo4L_powheg.root
2026-07-21 19:45:15,923 - INFO - [2018] MISSING_SYSTEMATIC: SR1E2Mu/BtagSF_HFuncorr_Up/NMinusOne/nbjet_ge1/pair/mass in Skim_TriLep_ZZTo4L_powheg.root
2026-07-21 19:45:15,923 - INFO - [2018] MISSING_SYSTEMATIC: SR1E2Mu/BtagSF_HFuncorr_Down/NMinusOne/nbjet_ge1/pair/mass in Skim_TriLep_ZZTo4L_powheg.root
2026-07-21 19:45:15,924 - INFO - [2018] MISSING_SYSTEMATIC: SR1E2Mu/BtagSF_LFcorr_Up/NMinusOne/nbjet_ge1/pair/mass in Skim_TriLep_ZZTo4L_powheg.root
2026-07-21 19:45:15,924 - INFO - [2018] MISSING_SYSTEMATIC: SR1E2Mu/BtagSF_LFcorr_Down/NMinusOne/nbjet_ge1/pair/mass in Skim_TriLep_ZZTo4L_powheg.root
2026-07-21 19:45:15,924 - INFO - [2018] MISSING_SYSTEMATIC: SR1E2Mu/BtagSF_LFuncorr_Up/NMinusOne/nbjet_ge1/pair/mass in Skim_TriLep_ZZTo4L_powheg.root
2026-07-21 19:45:15,924 - INFO - [2018] MISSING_SYSTEMATIC: SR1E2Mu/BtagSF_LFuncorr_Down/NMinusOne/nbjet_ge1/pair/mass in Skim_TriLep_ZZTo4L_powheg.root
2026-07-21 19:45:15,931 - INFO - [2018] MISSING_SYSTEMATIC: SR1E2Mu/L1Prefire_Up/NMinusOne/nbjet_ge1/pair/mass in Skim_TriLep_tHq.root
2026-07-21 19:45:15,932 - INFO - [2018] MISSING_SYSTEMATIC: SR1E2Mu/L1Prefire_Down/NMinusOne/nbjet_ge1/pair/mass in Skim_TriLep_tHq.root
2026-07-21 19:45:15,932 - INFO - [2018] MISSING_SYSTEMATIC: SR1E2Mu/PileupReweight_Up/NMinusOne/nbjet_ge1/pair/mass in Skim_TriLep_tHq.root
2026-07-21 19:45:15,932 - INFO - [2018] MISSING_SYSTEMATIC: SR1E2Mu/PileupReweight_Down/NMinusOne/nbjet_ge1/pair/mass in Skim_TriLep_tHq.root
2026-07-21 19:45:15,933 - INFO - [2018] MISSING_SYSTEMATIC: SR1E2Mu/PileupJetIDSF_Up/NMinusOne/nbjet_ge1/pair/mass in Skim_TriLep_tHq.root
2026-07-21 19:45:15,933 - INFO - [2018] MISSING_SYSTEMATIC: SR1E2Mu/PileupJetIDSF_Down/NMinusOne/nbjet_ge1/pair/mass in Skim_TriLep_tHq.root
2026-07-21 19:45:15,933 - INFO - [2018] MISSING_SYSTEMATIC: SR1E2Mu/MuonIDSF_Up/NMinusOne/nbjet_ge1/pair/mass in Skim_TriLep_tHq.root
2026-07-21 19:45:15,933 - INFO - [2018] MISSING_SYSTEMATIC: SR1E2Mu/MuonIDSF_Down/NMinusOne/nbjet_ge1/pair/mass in Skim_TriLep_tHq.root
2026-07-21 19:45:15,934 - INFO - [2018] MISSING_SYSTEMATIC: SR1E2Mu/ElectronIDSF_Up/NMinusOne/nbjet_ge1/pair/mass in Skim_TriLep_tHq.root
2026-07-21 19:45:15,934 - INFO - [2018] MISSING_SYSTEMATIC: SR1E2Mu/ElectronIDSF_Down/NMinusOne/nbjet_ge1/pair/mass in Skim_TriLep_tHq.root
2026-07-21 19:45:15,935 - INFO - [2018] MISSING_SYSTEMATIC: SR1E2Mu/EMuTrigSF_Up/NMinusOne/nbjet_ge1/pair/mass in Skim_TriLep_tHq.root
2026-07-21 19:45:15,935 - INFO - [2018] MISSING_SYSTEMATIC: SR1E2Mu/EMuTrigSF_Down/NMinusOne/nbjet_ge1/pair/mass in Skim_TriLep_tHq.root
2026-07-21 19:45:15,935 - INFO - [2018] MISSING_SYSTEMATIC: SR1E2Mu/JetEn_Up/NMinusOne/nbjet_ge1/pair/mass in Skim_TriLep_tHq.root
2026-07-21 19:45:15,935 - INFO - [2018] MISSING_SYSTEMATIC: SR1E2Mu/JetEn_Down/NMinusOne/nbjet_ge1/pair/mass in Skim_TriLep_tHq.root
2026-07-21 19:45:15,936 - INFO - [2018] MISSING_SYSTEMATIC: SR1E2Mu/JetRes_Up/NMinusOne/nbjet_ge1/pair/mass in Skim_TriLep_tHq.root
2026-07-21 19:45:15,936 - INFO - [2018] MISSING_SYSTEMATIC: SR1E2Mu/JetRes_Down/NMinusOne/nbjet_ge1/pair/mass in Skim_TriLep_tHq.root
2026-07-21 19:45:15,936 - INFO - [2018] MISSING_SYSTEMATIC: SR1E2Mu/MuonEn_Up/NMinusOne/nbjet_ge1/pair/mass in Skim_TriLep_tHq.root
2026-07-21 19:45:15,936 - INFO - [2018] MISSING_SYSTEMATIC: SR1E2Mu/MuonEn_Down/NMinusOne/nbjet_ge1/pair/mass in Skim_TriLep_tHq.root
2026-07-21 19:45:15,937 - INFO - [2018] MISSING_SYSTEMATIC: SR1E2Mu/ElectronEn_Up/NMinusOne/nbjet_ge1/pair/mass in Skim_TriLep_tHq.root
2026-07-21 19:45:15,937 - INFO - [2018] MISSING_SYSTEMATIC: SR1E2Mu/ElectronEn_Down/NMinusOne/nbjet_ge1/pair/mass in Skim_TriLep_tHq.root
2026-07-21 19:45:15,938 - INFO - [2018] MISSING_SYSTEMATIC: SR1E2Mu/ElectronRes_Up/NMinusOne/nbjet_ge1/pair/mass in Skim_TriLep_tHq.root
2026-07-21 19:45:15,938 - INFO - [2018] MISSING_SYSTEMATIC: SR1E2Mu/ElectronRes_Down/NMinusOne/nbjet_ge1/pair/mass in Skim_TriLep_tHq.root
2026-07-21 19:45:15,938 - INFO - [2018] MISSING_SYSTEMATIC: SR1E2Mu/UnclusteredEn_Up/NMinusOne/nbjet_ge1/pair/mass in Skim_TriLep_tHq.root
2026-07-21 19:45:15,938 - INFO - [2018] MISSING_SYSTEMATIC: SR1E2Mu/UnclusteredEn_Down/NMinusOne/nbjet_ge1/pair/mass in Skim_TriLep_tHq.root
2026-07-21 19:45:15,939 - INFO - [2018] MISSING_SYSTEMATIC: SR1E2Mu/BtagSF_HFcorr_Up/NMinusOne/nbjet_ge1/pair/mass in Skim_TriLep_tHq.root
2026-07-21 19:45:15,939 - INFO - [2018] MISSING_SYSTEMATIC: SR1E2Mu/BtagSF_HFcorr_Down/NMinusOne/nbjet_ge1/pair/mass in Skim_TriLep_tHq.root
2026-07-21 19:45:15,939 - INFO - [2018] MISSING_SYSTEMATIC: SR1E2Mu/BtagSF_HFuncorr_Up/NMinusOne/nbjet_ge1/pair/mass in Skim_TriLep_tHq.root
2026-07-21 19:45:15,939 - INFO - [2018] MISSING_SYSTEMATIC: SR1E2Mu/BtagSF_HFuncorr_Down/NMinusOne/nbjet_ge1/pair/mass in Skim_TriLep_tHq.root
2026-07-21 19:45:15,940 - INFO - [2018] MISSING_SYSTEMATIC: SR1E2Mu/BtagSF_LFcorr_Up/NMinusOne/nbjet_ge1/pair/mass in Skim_TriLep_tHq.root
2026-07-21 19:45:15,940 - INFO - [2018] MISSING_SYSTEMATIC: SR1E2Mu/BtagSF_LFcorr_Down/NMinusOne/nbjet_ge1/pair/mass in Skim_TriLep_tHq.root
2026-07-21 19:45:15,941 - INFO - [2018] MISSING_SYSTEMATIC: SR1E2Mu/BtagSF_LFuncorr_Up/NMinusOne/nbjet_ge1/pair/mass in Skim_TriLep_tHq.root
2026-07-21 19:45:15,941 - INFO - [2018] MISSING_SYSTEMATIC: SR1E2Mu/BtagSF_LFuncorr_Down/NMinusOne/nbjet_ge1/pair/mass in Skim_TriLep_tHq.root
2026-07-21 19:45:15,949 - INFO - [2018] MISSING_SYSTEMATIC: SR1E2Mu/L1Prefire_Up/NMinusOne/nbjet_ge1/pair/mass in Skim_TriLep_tHW.root
2026-07-21 19:45:15,949 - INFO - [2018] MISSING_SYSTEMATIC: SR1E2Mu/L1Prefire_Down/NMinusOne/nbjet_ge1/pair/mass in Skim_TriLep_tHW.root
2026-07-21 19:45:15,950 - INFO - [2018] MISSING_SYSTEMATIC: SR1E2Mu/PileupReweight_Up/NMinusOne/nbjet_ge1/pair/mass in Skim_TriLep_tHW.root
2026-07-21 19:45:15,950 - INFO - [2018] MISSING_SYSTEMATIC: SR1E2Mu/PileupReweight_Down/NMinusOne/nbjet_ge1/pair/mass in Skim_TriLep_tHW.root
2026-07-21 19:45:15,951 - INFO - [2018] MISSING_SYSTEMATIC: SR1E2Mu/PileupJetIDSF_Up/NMinusOne/nbjet_ge1/pair/mass in Skim_TriLep_tHW.root
2026-07-21 19:45:15,951 - INFO - [2018] MISSING_SYSTEMATIC: SR1E2Mu/PileupJetIDSF_Down/NMinusOne/nbjet_ge1/pair/mass in Skim_TriLep_tHW.root
2026-07-21 19:45:15,951 - INFO - [2018] MISSING_SYSTEMATIC: SR1E2Mu/MuonIDSF_Up/NMinusOne/nbjet_ge1/pair/mass in Skim_TriLep_tHW.root
2026-07-21 19:45:15,951 - INFO - [2018] MISSING_SYSTEMATIC: SR1E2Mu/MuonIDSF_Down/NMinusOne/nbjet_ge1/pair/mass in Skim_TriLep_tHW.root
2026-07-21 19:45:15,952 - INFO - [2018] MISSING_SYSTEMATIC: SR1E2Mu/ElectronIDSF_Up/NMinusOne/nbjet_ge1/pair/mass in Skim_TriLep_tHW.root
2026-07-21 19:45:15,952 - INFO - [2018] MISSING_SYSTEMATIC: SR1E2Mu/ElectronIDSF_Down/NMinusOne/nbjet_ge1/pair/mass in Skim_TriLep_tHW.root
2026-07-21 19:45:15,952 - INFO - [2018] MISSING_SYSTEMATIC: SR1E2Mu/EMuTrigSF_Up/NMinusOne/nbjet_ge1/pair/mass in Skim_TriLep_tHW.root
2026-07-21 19:45:15,952 - INFO - [2018] MISSING_SYSTEMATIC: SR1E2Mu/EMuTrigSF_Down/NMinusOne/nbjet_ge1/pair/mass in Skim_TriLep_tHW.root
2026-07-21 19:45:15,953 - INFO - [2018] MISSING_SYSTEMATIC: SR1E2Mu/JetEn_Up/NMinusOne/nbjet_ge1/pair/mass in Skim_TriLep_tHW.root
2026-07-21 19:45:15,953 - INFO - [2018] MISSING_SYSTEMATIC: SR1E2Mu/JetEn_Down/NMinusOne/nbjet_ge1/pair/mass in Skim_TriLep_tHW.root
2026-07-21 19:45:15,954 - INFO - [2018] MISSING_SYSTEMATIC: SR1E2Mu/JetRes_Up/NMinusOne/nbjet_ge1/pair/mass in Skim_TriLep_tHW.root
2026-07-21 19:45:15,954 - INFO - [2018] MISSING_SYSTEMATIC: SR1E2Mu/JetRes_Down/NMinusOne/nbjet_ge1/pair/mass in Skim_TriLep_tHW.root
2026-07-21 19:45:15,954 - INFO - [2018] MISSING_SYSTEMATIC: SR1E2Mu/MuonEn_Up/NMinusOne/nbjet_ge1/pair/mass in Skim_TriLep_tHW.root
2026-07-21 19:45:15,954 - INFO - [2018] MISSING_SYSTEMATIC: SR1E2Mu/MuonEn_Down/NMinusOne/nbjet_ge1/pair/mass in Skim_TriLep_tHW.root
2026-07-21 19:45:15,955 - INFO - [2018] MISSING_SYSTEMATIC: SR1E2Mu/ElectronEn_Up/NMinusOne/nbjet_ge1/pair/mass in Skim_TriLep_tHW.root
2026-07-21 19:45:15,955 - INFO - [2018] MISSING_SYSTEMATIC: SR1E2Mu/ElectronEn_Down/NMinusOne/nbjet_ge1/pair/mass in Skim_TriLep_tHW.root
2026-07-21 19:45:15,955 - INFO - [2018] MISSING_SYSTEMATIC: SR1E2Mu/ElectronRes_Up/NMinusOne/nbjet_ge1/pair/mass in Skim_TriLep_tHW.root
2026-07-21 19:45:15,955 - INFO - [2018] MISSING_SYSTEMATIC: SR1E2Mu/ElectronRes_Down/NMinusOne/nbjet_ge1/pair/mass in Skim_TriLep_tHW.root
2026-07-21 19:45:15,956 - INFO - [2018] MISSING_SYSTEMATIC: SR1E2Mu/UnclusteredEn_Up/NMinusOne/nbjet_ge1/pair/mass in Skim_TriLep_tHW.root
2026-07-21 19:45:15,956 - INFO - [2018] MISSING_SYSTEMATIC: SR1E2Mu/UnclusteredEn_Down/NMinusOne/nbjet_ge1/pair/mass in Skim_TriLep_tHW.root
2026-07-21 19:45:15,957 - INFO - [2018] MISSING_SYSTEMATIC: SR1E2Mu/BtagSF_HFcorr_Up/NMinusOne/nbjet_ge1/pair/mass in Skim_TriLep_tHW.root
2026-07-21 19:45:15,957 - INFO - [2018] MISSING_SYSTEMATIC: SR1E2Mu/BtagSF_HFcorr_Down/NMinusOne/nbjet_ge1/pair/mass in Skim_TriLep_tHW.root
2026-07-21 19:45:15,957 - INFO - [2018] MISSING_SYSTEMATIC: SR1E2Mu/BtagSF_HFuncorr_Up/NMinusOne/nbjet_ge1/pair/mass in Skim_TriLep_tHW.root
2026-07-21 19:45:15,957 - INFO - [2018] MISSING_SYSTEMATIC: SR1E2Mu/BtagSF_HFuncorr_Down/NMinusOne/nbjet_ge1/pair/mass in Skim_TriLep_tHW.root
2026-07-21 19:45:15,958 - INFO - [2018] MISSING_SYSTEMATIC: SR1E2Mu/BtagSF_LFcorr_Up/NMinusOne/nbjet_ge1/pair/mass in Skim_TriLep_tHW.root
2026-07-21 19:45:15,958 - INFO - [2018] MISSING_SYSTEMATIC: SR1E2Mu/BtagSF_LFcorr_Down/NMinusOne/nbjet_ge1/pair/mass in Skim_TriLep_tHW.root
2026-07-21 19:45:15,959 - INFO - [2018] MISSING_SYSTEMATIC: SR1E2Mu/BtagSF_LFuncorr_Up/NMinusOne/nbjet_ge1/pair/mass in Skim_TriLep_tHW.root
2026-07-21 19:45:15,959 - INFO - [2018] MISSING_SYSTEMATIC: SR1E2Mu/BtagSF_LFuncorr_Down/NMinusOne/nbjet_ge1/pair/mass in Skim_TriLep_tHW.root
2026-07-21 19:45:15,960 - INFO - [2018] MISSING_SYSTEMATIC: SR1E2Mu/L1Prefire_Up/NMinusOne/nbjet_ge1/pair/mass in Skim_TriLep_tWZ_thadWlep.root
2026-07-21 19:45:15,960 - INFO - [2018] MISSING_SYSTEMATIC: SR1E2Mu/L1Prefire_Down/NMinusOne/nbjet_ge1/pair/mass in Skim_TriLep_tWZ_thadWlep.root
2026-07-21 19:45:15,960 - INFO - [2018] MISSING_SYSTEMATIC: SR1E2Mu/PileupReweight_Up/NMinusOne/nbjet_ge1/pair/mass in Skim_TriLep_tWZ_thadWlep.root
2026-07-21 19:45:15,960 - INFO - [2018] MISSING_SYSTEMATIC: SR1E2Mu/PileupReweight_Down/NMinusOne/nbjet_ge1/pair/mass in Skim_TriLep_tWZ_thadWlep.root
2026-07-21 19:45:15,961 - INFO - [2018] MISSING_SYSTEMATIC: SR1E2Mu/PileupJetIDSF_Up/NMinusOne/nbjet_ge1/pair/mass in Skim_TriLep_tWZ_thadWlep.root
2026-07-21 19:45:15,961 - INFO - [2018] MISSING_SYSTEMATIC: SR1E2Mu/PileupJetIDSF_Down/NMinusOne/nbjet_ge1/pair/mass in Skim_TriLep_tWZ_thadWlep.root
2026-07-21 19:45:15,962 - INFO - [2018] MISSING_SYSTEMATIC: SR1E2Mu/MuonIDSF_Up/NMinusOne/nbjet_ge1/pair/mass in Skim_TriLep_tWZ_thadWlep.root
2026-07-21 19:45:15,962 - INFO - [2018] MISSING_SYSTEMATIC: SR1E2Mu/MuonIDSF_Down/NMinusOne/nbjet_ge1/pair/mass in Skim_TriLep_tWZ_thadWlep.root
2026-07-21 19:45:15,962 - INFO - [2018] MISSING_SYSTEMATIC: SR1E2Mu/ElectronIDSF_Up/NMinusOne/nbjet_ge1/pair/mass in Skim_TriLep_tWZ_thadWlep.root
2026-07-21 19:45:15,962 - INFO - [2018] MISSING_SYSTEMATIC: SR1E2Mu/ElectronIDSF_Down/NMinusOne/nbjet_ge1/pair/mass in Skim_TriLep_tWZ_thadWlep.root
2026-07-21 19:45:15,963 - INFO - [2018] MISSING_SYSTEMATIC: SR1E2Mu/EMuTrigSF_Up/NMinusOne/nbjet_ge1/pair/mass in Skim_TriLep_tWZ_thadWlep.root
2026-07-21 19:45:15,963 - INFO - [2018] MISSING_SYSTEMATIC: SR1E2Mu/EMuTrigSF_Down/NMinusOne/nbjet_ge1/pair/mass in Skim_TriLep_tWZ_thadWlep.root
2026-07-21 19:45:15,963 - INFO - [2018] MISSING_SYSTEMATIC: SR1E2Mu/JetEn_Up/NMinusOne/nbjet_ge1/pair/mass in Skim_TriLep_tWZ_thadWlep.root
2026-07-21 19:45:15,963 - INFO - [2018] MISSING_SYSTEMATIC: SR1E2Mu/JetEn_Down/NMinusOne/nbjet_ge1/pair/mass in Skim_TriLep_tWZ_thadWlep.root
2026-07-21 19:45:15,964 - INFO - [2018] MISSING_SYSTEMATIC: SR1E2Mu/JetRes_Up/NMinusOne/nbjet_ge1/pair/mass in Skim_TriLep_tWZ_thadWlep.root
2026-07-21 19:45:15,964 - INFO - [2018] MISSING_SYSTEMATIC: SR1E2Mu/JetRes_Down/NMinusOne/nbjet_ge1/pair/mass in Skim_TriLep_tWZ_thadWlep.root
2026-07-21 19:45:15,965 - INFO - [2018] MISSING_SYSTEMATIC: SR1E2Mu/MuonEn_Up/NMinusOne/nbjet_ge1/pair/mass in Skim_TriLep_tWZ_thadWlep.root
2026-07-21 19:45:15,965 - INFO - [2018] MISSING_SYSTEMATIC: SR1E2Mu/MuonEn_Down/NMinusOne/nbjet_ge1/pair/mass in Skim_TriLep_tWZ_thadWlep.root
2026-07-21 19:45:15,965 - INFO - [2018] MISSING_SYSTEMATIC: SR1E2Mu/ElectronEn_Up/NMinusOne/nbjet_ge1/pair/mass in Skim_TriLep_tWZ_thadWlep.root
2026-07-21 19:45:15,965 - INFO - [2018] MISSING_SYSTEMATIC: SR1E2Mu/ElectronEn_Down/NMinusOne/nbjet_ge1/pair/mass in Skim_TriLep_tWZ_thadWlep.root
2026-07-21 19:45:15,966 - INFO - [2018] MISSING_SYSTEMATIC: SR1E2Mu/ElectronRes_Up/NMinusOne/nbjet_ge1/pair/mass in Skim_TriLep_tWZ_thadWlep.root
2026-07-21 19:45:15,966 - INFO - [2018] MISSING_SYSTEMATIC: SR1E2Mu/ElectronRes_Down/NMinusOne/nbjet_ge1/pair/mass in Skim_TriLep_tWZ_thadWlep.root
2026-07-21 19:45:15,967 - INFO - [2018] MISSING_SYSTEMATIC: SR1E2Mu/UnclusteredEn_Up/NMinusOne/nbjet_ge1/pair/mass in Skim_TriLep_tWZ_thadWlep.root
2026-07-21 19:45:15,967 - INFO - [2018] MISSING_SYSTEMATIC: SR1E2Mu/UnclusteredEn_Down/NMinusOne/nbjet_ge1/pair/mass in Skim_TriLep_tWZ_thadWlep.root
2026-07-21 19:45:15,967 - INFO - [2018] MISSING_SYSTEMATIC: SR1E2Mu/BtagSF_HFcorr_Up/NMinusOne/nbjet_ge1/pair/mass in Skim_TriLep_tWZ_thadWlep.root
2026-07-21 19:45:15,967 - INFO - [2018] MISSING_SYSTEMATIC: SR1E2Mu/BtagSF_HFcorr_Down/NMinusOne/nbjet_ge1/pair/mass in Skim_TriLep_tWZ_thadWlep.root
2026-07-21 19:45:15,968 - INFO - [2018] MISSING_SYSTEMATIC: SR1E2Mu/BtagSF_HFuncorr_Up/NMinusOne/nbjet_ge1/pair/mass in Skim_TriLep_tWZ_thadWlep.root
2026-07-21 19:45:15,968 - INFO - [2018] MISSING_SYSTEMATIC: SR1E2Mu/BtagSF_HFuncorr_Down/NMinusOne/nbjet_ge1/pair/mass in Skim_TriLep_tWZ_thadWlep.root
2026-07-21 19:45:15,969 - INFO - [2018] MISSING_SYSTEMATIC: SR1E2Mu/BtagSF_LFcorr_Up/NMinusOne/nbjet_ge1/pair/mass in Skim_TriLep_tWZ_thadWlep.root
2026-07-21 19:45:15,969 - INFO - [2018] MISSING_SYSTEMATIC: SR1E2Mu/BtagSF_LFcorr_Down/NMinusOne/nbjet_ge1/pair/mass in Skim_TriLep_tWZ_thadWlep.root
2026-07-21 19:45:15,969 - INFO - [2018] MISSING_SYSTEMATIC: SR1E2Mu/BtagSF_LFuncorr_Up/NMinusOne/nbjet_ge1/pair/mass in Skim_TriLep_tWZ_thadWlep.root
2026-07-21 19:45:15,969 - INFO - [2018] MISSING_SYSTEMATIC: SR1E2Mu/BtagSF_LFuncorr_Down/NMinusOne/nbjet_ge1/pair/mass in Skim_TriLep_tWZ_thadWlep.root
2026-07-21 19:45:15,970 - INFO - [2018] MISSING_SYSTEMATIC: SR1E2Mu/L1Prefire_Up/NMinusOne/nbjet_ge1/pair/mass in Skim_TriLep_tWZ_tlepWhad.root
2026-07-21 19:45:15,970 - INFO - [2018] MISSING_SYSTEMATIC: SR1E2Mu/L1Prefire_Down/NMinusOne/nbjet_ge1/pair/mass in Skim_TriLep_tWZ_tlepWhad.root
2026-07-21 19:45:15,971 - INFO - [2018] MISSING_SYSTEMATIC: SR1E2Mu/PileupReweight_Up/NMinusOne/nbjet_ge1/pair/mass in Skim_TriLep_tWZ_tlepWhad.root
2026-07-21 19:45:15,971 - INFO - [2018] MISSING_SYSTEMATIC: SR1E2Mu/PileupReweight_Down/NMinusOne/nbjet_ge1/pair/mass in Skim_TriLep_tWZ_tlepWhad.root
2026-07-21 19:45:15,972 - INFO - [2018] MISSING_SYSTEMATIC: SR1E2Mu/PileupJetIDSF_Up/NMinusOne/nbjet_ge1/pair/mass in Skim_TriLep_tWZ_tlepWhad.root
2026-07-21 19:45:15,972 - INFO - [2018] MISSING_SYSTEMATIC: SR1E2Mu/PileupJetIDSF_Down/NMinusOne/nbjet_ge1/pair/mass in Skim_TriLep_tWZ_tlepWhad.root
2026-07-21 19:45:15,972 - INFO - [2018] MISSING_SYSTEMATIC: SR1E2Mu/MuonIDSF_Up/NMinusOne/nbjet_ge1/pair/mass in Skim_TriLep_tWZ_tlepWhad.root
2026-07-21 19:45:15,972 - INFO - [2018] MISSING_SYSTEMATIC: SR1E2Mu/MuonIDSF_Down/NMinusOne/nbjet_ge1/pair/mass in Skim_TriLep_tWZ_tlepWhad.root
2026-07-21 19:45:15,973 - INFO - [2018] MISSING_SYSTEMATIC: SR1E2Mu/ElectronIDSF_Up/NMinusOne/nbjet_ge1/pair/mass in Skim_TriLep_tWZ_tlepWhad.root
2026-07-21 19:45:15,973 - INFO - [2018] MISSING_SYSTEMATIC: SR1E2Mu/ElectronIDSF_Down/NMinusOne/nbjet_ge1/pair/mass in Skim_TriLep_tWZ_tlepWhad.root
2026-07-21 19:45:15,974 - INFO - [2018] MISSING_SYSTEMATIC: SR1E2Mu/EMuTrigSF_Up/NMinusOne/nbjet_ge1/pair/mass in Skim_TriLep_tWZ_tlepWhad.root
2026-07-21 19:45:15,974 - INFO - [2018] MISSING_SYSTEMATIC: SR1E2Mu/EMuTrigSF_Down/NMinusOne/nbjet_ge1/pair/mass in Skim_TriLep_tWZ_tlepWhad.root
2026-07-21 19:45:15,974 - INFO - [2018] MISSING_SYSTEMATIC: SR1E2Mu/JetEn_Up/NMinusOne/nbjet_ge1/pair/mass in Skim_TriLep_tWZ_tlepWhad.root
2026-07-21 19:45:15,974 - INFO - [2018] MISSING_SYSTEMATIC: SR1E2Mu/JetEn_Down/NMinusOne/nbjet_ge1/pair/mass in Skim_TriLep_tWZ_tlepWhad.root
2026-07-21 19:45:15,975 - INFO - [2018] MISSING_SYSTEMATIC: SR1E2Mu/JetRes_Up/NMinusOne/nbjet_ge1/pair/mass in Skim_TriLep_tWZ_tlepWhad.root
2026-07-21 19:45:15,975 - INFO - [2018] MISSING_SYSTEMATIC: SR1E2Mu/JetRes_Down/NMinusOne/nbjet_ge1/pair/mass in Skim_TriLep_tWZ_tlepWhad.root
2026-07-21 19:45:15,975 - INFO - [2018] MISSING_SYSTEMATIC: SR1E2Mu/MuonEn_Up/NMinusOne/nbjet_ge1/pair/mass in Skim_TriLep_tWZ_tlepWhad.root
2026-07-21 19:45:15,975 - INFO - [2018] MISSING_SYSTEMATIC: SR1E2Mu/MuonEn_Down/NMinusOne/nbjet_ge1/pair/mass in Skim_TriLep_tWZ_tlepWhad.root
2026-07-21 19:45:15,976 - INFO - [2018] MISSING_SYSTEMATIC: SR1E2Mu/ElectronEn_Up/NMinusOne/nbjet_ge1/pair/mass in Skim_TriLep_tWZ_tlepWhad.root
2026-07-21 19:45:15,976 - INFO - [2018] MISSING_SYSTEMATIC: SR1E2Mu/ElectronEn_Down/NMinusOne/nbjet_ge1/pair/mass in Skim_TriLep_tWZ_tlepWhad.root
2026-07-21 19:45:15,977 - INFO - [2018] MISSING_SYSTEMATIC: SR1E2Mu/ElectronRes_Up/NMinusOne/nbjet_ge1/pair/mass in Skim_TriLep_tWZ_tlepWhad.root
2026-07-21 19:45:15,977 - INFO - [2018] MISSING_SYSTEMATIC: SR1E2Mu/ElectronRes_Down/NMinusOne/nbjet_ge1/pair/mass in Skim_TriLep_tWZ_tlepWhad.root
2026-07-21 19:45:15,977 - INFO - [2018] MISSING_SYSTEMATIC: SR1E2Mu/UnclusteredEn_Up/NMinusOne/nbjet_ge1/pair/mass in Skim_TriLep_tWZ_tlepWhad.root
2026-07-21 19:45:15,977 - INFO - [2018] MISSING_SYSTEMATIC: SR1E2Mu/UnclusteredEn_Down/NMinusOne/nbjet_ge1/pair/mass in Skim_TriLep_tWZ_tlepWhad.root
2026-07-21 19:45:15,978 - INFO - [2018] MISSING_SYSTEMATIC: SR1E2Mu/BtagSF_HFcorr_Up/NMinusOne/nbjet_ge1/pair/mass in Skim_TriLep_tWZ_tlepWhad.root
2026-07-21 19:45:15,978 - INFO - [2018] MISSING_SYSTEMATIC: SR1E2Mu/BtagSF_HFcorr_Down/NMinusOne/nbjet_ge1/pair/mass in Skim_TriLep_tWZ_tlepWhad.root
2026-07-21 19:45:15,979 - INFO - [2018] MISSING_SYSTEMATIC: SR1E2Mu/BtagSF_HFuncorr_Up/NMinusOne/nbjet_ge1/pair/mass in Skim_TriLep_tWZ_tlepWhad.root
2026-07-21 19:45:15,979 - INFO - [2018] MISSING_SYSTEMATIC: SR1E2Mu/BtagSF_HFuncorr_Down/NMinusOne/nbjet_ge1/pair/mass in Skim_TriLep_tWZ_tlepWhad.root
2026-07-21 19:45:15,979 - INFO - [2018] MISSING_SYSTEMATIC: SR1E2Mu/BtagSF_LFcorr_Up/NMinusOne/nbjet_ge1/pair/mass in Skim_TriLep_tWZ_tlepWhad.root
2026-07-21 19:45:15,979 - INFO - [2018] MISSING_SYSTEMATIC: SR1E2Mu/BtagSF_LFcorr_Down/NMinusOne/nbjet_ge1/pair/mass in Skim_TriLep_tWZ_tlepWhad.root
2026-07-21 19:45:15,980 - INFO - [2018] MISSING_SYSTEMATIC: SR1E2Mu/BtagSF_LFuncorr_Up/NMinusOne/nbjet_ge1/pair/mass in Skim_TriLep_tWZ_tlepWhad.root
2026-07-21 19:45:15,980 - INFO - [2018] MISSING_SYSTEMATIC: SR1E2Mu/BtagSF_LFuncorr_Down/NMinusOne/nbjet_ge1/pair/mass in Skim_TriLep_tWZ_tlepWhad.root
2026-07-21 19:45:15,981 - INFO - [2018] MISSING_SYSTEMATIC: SR1E2Mu/L1Prefire_Up/NMinusOne/nbjet_ge1/pair/mass in Skim_TriLep_tWZ_tlepWlep.root
2026-07-21 19:45:15,981 - INFO - [2018] MISSING_SYSTEMATIC: SR1E2Mu/L1Prefire_Down/NMinusOne/nbjet_ge1/pair/mass in Skim_TriLep_tWZ_tlepWlep.root
2026-07-21 19:45:15,982 - INFO - [2018] MISSING_SYSTEMATIC: SR1E2Mu/PileupReweight_Up/NMinusOne/nbjet_ge1/pair/mass in Skim_TriLep_tWZ_tlepWlep.root
2026-07-21 19:45:15,982 - INFO - [2018] MISSING_SYSTEMATIC: SR1E2Mu/PileupReweight_Down/NMinusOne/nbjet_ge1/pair/mass in Skim_TriLep_tWZ_tlepWlep.root
2026-07-21 19:45:15,982 - INFO - [2018] MISSING_SYSTEMATIC: SR1E2Mu/PileupJetIDSF_Up/NMinusOne/nbjet_ge1/pair/mass in Skim_TriLep_tWZ_tlepWlep.root
2026-07-21 19:45:15,982 - INFO - [2018] MISSING_SYSTEMATIC: SR1E2Mu/PileupJetIDSF_Down/NMinusOne/nbjet_ge1/pair/mass in Skim_TriLep_tWZ_tlepWlep.root
2026-07-21 19:45:15,983 - INFO - [2018] MISSING_SYSTEMATIC: SR1E2Mu/MuonIDSF_Up/NMinusOne/nbjet_ge1/pair/mass in Skim_TriLep_tWZ_tlepWlep.root
2026-07-21 19:45:15,983 - INFO - [2018] MISSING_SYSTEMATIC: SR1E2Mu/MuonIDSF_Down/NMinusOne/nbjet_ge1/pair/mass in Skim_TriLep_tWZ_tlepWlep.root
2026-07-21 19:45:15,984 - INFO - [2018] MISSING_SYSTEMATIC: SR1E2Mu/ElectronIDSF_Up/NMinusOne/nbjet_ge1/pair/mass in Skim_TriLep_tWZ_tlepWlep.root
2026-07-21 19:45:15,984 - INFO - [2018] MISSING_SYSTEMATIC: SR1E2Mu/ElectronIDSF_Down/NMinusOne/nbjet_ge1/pair/mass in Skim_TriLep_tWZ_tlepWlep.root
2026-07-21 19:45:15,984 - INFO - [2018] MISSING_SYSTEMATIC: SR1E2Mu/EMuTrigSF_Up/NMinusOne/nbjet_ge1/pair/mass in Skim_TriLep_tWZ_tlepWlep.root
2026-07-21 19:45:15,984 - INFO - [2018] MISSING_SYSTEMATIC: SR1E2Mu/EMuTrigSF_Down/NMinusOne/nbjet_ge1/pair/mass in Skim_TriLep_tWZ_tlepWlep.root
2026-07-21 19:45:15,985 - INFO - [2018] MISSING_SYSTEMATIC: SR1E2Mu/JetEn_Up/NMinusOne/nbjet_ge1/pair/mass in Skim_TriLep_tWZ_tlepWlep.root
2026-07-21 19:45:15,985 - INFO - [2018] MISSING_SYSTEMATIC: SR1E2Mu/JetEn_Down/NMinusOne/nbjet_ge1/pair/mass in Skim_TriLep_tWZ_tlepWlep.root
2026-07-21 19:45:15,985 - INFO - [2018] MISSING_SYSTEMATIC: SR1E2Mu/JetRes_Up/NMinusOne/nbjet_ge1/pair/mass in Skim_TriLep_tWZ_tlepWlep.root
2026-07-21 19:45:15,986 - INFO - [2018] MISSING_SYSTEMATIC: SR1E2Mu/JetRes_Down/NMinusOne/nbjet_ge1/pair/mass in Skim_TriLep_tWZ_tlepWlep.root
2026-07-21 19:45:15,986 - INFO - [2018] MISSING_SYSTEMATIC: SR1E2Mu/MuonEn_Up/NMinusOne/nbjet_ge1/pair/mass in Skim_TriLep_tWZ_tlepWlep.root
2026-07-21 19:45:15,986 - INFO - [2018] MISSING_SYSTEMATIC: SR1E2Mu/MuonEn_Down/NMinusOne/nbjet_ge1/pair/mass in Skim_TriLep_tWZ_tlepWlep.root
2026-07-21 19:45:15,987 - INFO - [2018] MISSING_SYSTEMATIC: SR1E2Mu/ElectronEn_Up/NMinusOne/nbjet_ge1/pair/mass in Skim_TriLep_tWZ_tlepWlep.root
2026-07-21 19:45:15,987 - INFO - [2018] MISSING_SYSTEMATIC: SR1E2Mu/ElectronEn_Down/NMinusOne/nbjet_ge1/pair/mass in Skim_TriLep_tWZ_tlepWlep.root
2026-07-21 19:45:15,987 - INFO - [2018] MISSING_SYSTEMATIC: SR1E2Mu/ElectronRes_Up/NMinusOne/nbjet_ge1/pair/mass in Skim_TriLep_tWZ_tlepWlep.root
2026-07-21 19:45:15,987 - INFO - [2018] MISSING_SYSTEMATIC: SR1E2Mu/ElectronRes_Down/NMinusOne/nbjet_ge1/pair/mass in Skim_TriLep_tWZ_tlepWlep.root
2026-07-21 19:45:15,988 - INFO - [2018] MISSING_SYSTEMATIC: SR1E2Mu/UnclusteredEn_Up/NMinusOne/nbjet_ge1/pair/mass in Skim_TriLep_tWZ_tlepWlep.root
2026-07-21 19:45:15,988 - INFO - [2018] MISSING_SYSTEMATIC: SR1E2Mu/UnclusteredEn_Down/NMinusOne/nbjet_ge1/pair/mass in Skim_TriLep_tWZ_tlepWlep.root
2026-07-21 19:45:15,989 - INFO - [2018] MISSING_SYSTEMATIC: SR1E2Mu/BtagSF_HFcorr_Up/NMinusOne/nbjet_ge1/pair/mass in Skim_TriLep_tWZ_tlepWlep.root
2026-07-21 19:45:15,989 - INFO - [2018] MISSING_SYSTEMATIC: SR1E2Mu/BtagSF_HFcorr_Down/NMinusOne/nbjet_ge1/pair/mass in Skim_TriLep_tWZ_tlepWlep.root
2026-07-21 19:45:15,989 - INFO - [2018] MISSING_SYSTEMATIC: SR1E2Mu/BtagSF_HFuncorr_Up/NMinusOne/nbjet_ge1/pair/mass in Skim_TriLep_tWZ_tlepWlep.root
2026-07-21 19:45:15,989 - INFO - [2018] MISSING_SYSTEMATIC: SR1E2Mu/BtagSF_HFuncorr_Down/NMinusOne/nbjet_ge1/pair/mass in Skim_TriLep_tWZ_tlepWlep.root
2026-07-21 19:45:15,990 - INFO - [2018] MISSING_SYSTEMATIC: SR1E2Mu/BtagSF_LFcorr_Up/NMinusOne/nbjet_ge1/pair/mass in Skim_TriLep_tWZ_tlepWlep.root
2026-07-21 19:45:15,990 - INFO - [2018] MISSING_SYSTEMATIC: SR1E2Mu/BtagSF_LFcorr_Down/NMinusOne/nbjet_ge1/pair/mass in Skim_TriLep_tWZ_tlepWlep.root
2026-07-21 19:45:15,991 - INFO - [2018] MISSING_SYSTEMATIC: SR1E2Mu/BtagSF_LFuncorr_Up/NMinusOne/nbjet_ge1/pair/mass in Skim_TriLep_tWZ_tlepWlep.root
2026-07-21 19:45:15,991 - INFO - [2018] MISSING_SYSTEMATIC: SR1E2Mu/BtagSF_LFuncorr_Down/NMinusOne/nbjet_ge1/pair/mass in Skim_TriLep_tWZ_tlepWlep.root
2026-07-21 19:45:15,992 - INFO - [2018] MISSING_SYSTEMATIC: SR1E2Mu/L1Prefire_Up/NMinusOne/nbjet_ge1/pair/mass in Skim_TriLep_WWW.root
2026-07-21 19:45:15,992 - INFO - [2018] MISSING_SYSTEMATIC: SR1E2Mu/L1Prefire_Down/NMinusOne/nbjet_ge1/pair/mass in Skim_TriLep_WWW.root
2026-07-21 19:45:15,992 - INFO - [2018] MISSING_SYSTEMATIC: SR1E2Mu/PileupReweight_Up/NMinusOne/nbjet_ge1/pair/mass in Skim_TriLep_WWW.root
2026-07-21 19:45:15,992 - INFO - [2018] MISSING_SYSTEMATIC: SR1E2Mu/PileupReweight_Down/NMinusOne/nbjet_ge1/pair/mass in Skim_TriLep_WWW.root
2026-07-21 19:45:15,993 - INFO - [2018] MISSING_SYSTEMATIC: SR1E2Mu/PileupJetIDSF_Up/NMinusOne/nbjet_ge1/pair/mass in Skim_TriLep_WWW.root
2026-07-21 19:45:15,993 - INFO - [2018] MISSING_SYSTEMATIC: SR1E2Mu/PileupJetIDSF_Down/NMinusOne/nbjet_ge1/pair/mass in Skim_TriLep_WWW.root
2026-07-21 19:45:15,994 - INFO - [2018] MISSING_SYSTEMATIC: SR1E2Mu/MuonIDSF_Up/NMinusOne/nbjet_ge1/pair/mass in Skim_TriLep_WWW.root
2026-07-21 19:45:15,994 - INFO - [2018] MISSING_SYSTEMATIC: SR1E2Mu/MuonIDSF_Down/NMinusOne/nbjet_ge1/pair/mass in Skim_TriLep_WWW.root
2026-07-21 19:45:15,994 - INFO - [2018] MISSING_SYSTEMATIC: SR1E2Mu/ElectronIDSF_Up/NMinusOne/nbjet_ge1/pair/mass in Skim_TriLep_WWW.root
2026-07-21 19:45:15,994 - INFO - [2018] MISSING_SYSTEMATIC: SR1E2Mu/ElectronIDSF_Down/NMinusOne/nbjet_ge1/pair/mass in Skim_TriLep_WWW.root
2026-07-21 19:45:15,995 - INFO - [2018] MISSING_SYSTEMATIC: SR1E2Mu/EMuTrigSF_Up/NMinusOne/nbjet_ge1/pair/mass in Skim_TriLep_WWW.root
2026-07-21 19:45:15,995 - INFO - [2018] MISSING_SYSTEMATIC: SR1E2Mu/EMuTrigSF_Down/NMinusOne/nbjet_ge1/pair/mass in Skim_TriLep_WWW.root
2026-07-21 19:45:15,995 - INFO - [2018] MISSING_SYSTEMATIC: SR1E2Mu/JetEn_Up/NMinusOne/nbjet_ge1/pair/mass in Skim_TriLep_WWW.root
2026-07-21 19:45:15,995 - INFO - [2018] MISSING_SYSTEMATIC: SR1E2Mu/JetEn_Down/NMinusOne/nbjet_ge1/pair/mass in Skim_TriLep_WWW.root
2026-07-21 19:45:15,996 - INFO - [2018] MISSING_SYSTEMATIC: SR1E2Mu/JetRes_Up/NMinusOne/nbjet_ge1/pair/mass in Skim_TriLep_WWW.root
2026-07-21 19:45:15,996 - INFO - [2018] MISSING_SYSTEMATIC: SR1E2Mu/JetRes_Down/NMinusOne/nbjet_ge1/pair/mass in Skim_TriLep_WWW.root
2026-07-21 19:45:15,997 - INFO - [2018] MISSING_SYSTEMATIC: SR1E2Mu/MuonEn_Up/NMinusOne/nbjet_ge1/pair/mass in Skim_TriLep_WWW.root
2026-07-21 19:45:15,997 - INFO - [2018] MISSING_SYSTEMATIC: SR1E2Mu/MuonEn_Down/NMinusOne/nbjet_ge1/pair/mass in Skim_TriLep_WWW.root
2026-07-21 19:45:15,997 - INFO - [2018] MISSING_SYSTEMATIC: SR1E2Mu/ElectronEn_Up/NMinusOne/nbjet_ge1/pair/mass in Skim_TriLep_WWW.root
2026-07-21 19:45:15,997 - INFO - [2018] MISSING_SYSTEMATIC: SR1E2Mu/ElectronEn_Down/NMinusOne/nbjet_ge1/pair/mass in Skim_TriLep_WWW.root
2026-07-21 19:45:15,998 - INFO - [2018] MISSING_SYSTEMATIC: SR1E2Mu/ElectronRes_Up/NMinusOne/nbjet_ge1/pair/mass in Skim_TriLep_WWW.root
2026-07-21 19:45:15,998 - INFO - [2018] MISSING_SYSTEMATIC: SR1E2Mu/ElectronRes_Down/NMinusOne/nbjet_ge1/pair/mass in Skim_TriLep_WWW.root
2026-07-21 19:45:15,998 - INFO - [2018] MISSING_SYSTEMATIC: SR1E2Mu/UnclusteredEn_Up/NMinusOne/nbjet_ge1/pair/mass in Skim_TriLep_WWW.root
2026-07-21 19:45:15,999 - INFO - [2018] MISSING_SYSTEMATIC: SR1E2Mu/UnclusteredEn_Down/NMinusOne/nbjet_ge1/pair/mass in Skim_TriLep_WWW.root
2026-07-21 19:45:15,999 - INFO - [2018] MISSING_SYSTEMATIC: SR1E2Mu/BtagSF_HFcorr_Up/NMinusOne/nbjet_ge1/pair/mass in Skim_TriLep_WWW.root
2026-07-21 19:45:15,999 - INFO - [2018] MISSING_SYSTEMATIC: SR1E2Mu/BtagSF_HFcorr_Down/NMinusOne/nbjet_ge1/pair/mass in Skim_TriLep_WWW.root
2026-07-21 19:45:16,000 - INFO - [2018] MISSING_SYSTEMATIC: SR1E2Mu/BtagSF_HFuncorr_Up/NMinusOne/nbjet_ge1/pair/mass in Skim_TriLep_WWW.root
2026-07-21 19:45:16,000 - INFO - [2018] MISSING_SYSTEMATIC: SR1E2Mu/BtagSF_HFuncorr_Down/NMinusOne/nbjet_ge1/pair/mass in Skim_TriLep_WWW.root
2026-07-21 19:45:16,000 - INFO - [2018] MISSING_SYSTEMATIC: SR1E2Mu/BtagSF_LFcorr_Up/NMinusOne/nbjet_ge1/pair/mass in Skim_TriLep_WWW.root
2026-07-21 19:45:16,000 - INFO - [2018] MISSING_SYSTEMATIC: SR1E2Mu/BtagSF_LFcorr_Down/NMinusOne/nbjet_ge1/pair/mass in Skim_TriLep_WWW.root
2026-07-21 19:45:16,001 - INFO - [2018] MISSING_SYSTEMATIC: SR1E2Mu/BtagSF_LFuncorr_Up/NMinusOne/nbjet_ge1/pair/mass in Skim_TriLep_WWW.root
2026-07-21 19:45:16,001 - INFO - [2018] MISSING_SYSTEMATIC: SR1E2Mu/BtagSF_LFuncorr_Down/NMinusOne/nbjet_ge1/pair/mass in Skim_TriLep_WWW.root
2026-07-21 19:45:16,002 - INFO - [2018] MISSING_SYSTEMATIC: SR1E2Mu/L1Prefire_Up/NMinusOne/nbjet_ge1/pair/mass in Skim_TriLep_WWZ.root
2026-07-21 19:45:16,002 - INFO - [2018] MISSING_SYSTEMATIC: SR1E2Mu/L1Prefire_Down/NMinusOne/nbjet_ge1/pair/mass in Skim_TriLep_WWZ.root
2026-07-21 19:45:16,003 - INFO - [2018] MISSING_SYSTEMATIC: SR1E2Mu/PileupReweight_Up/NMinusOne/nbjet_ge1/pair/mass in Skim_TriLep_WWZ.root
2026-07-21 19:45:16,003 - INFO - [2018] MISSING_SYSTEMATIC: SR1E2Mu/PileupReweight_Down/NMinusOne/nbjet_ge1/pair/mass in Skim_TriLep_WWZ.root
2026-07-21 19:45:16,003 - INFO - [2018] MISSING_SYSTEMATIC: SR1E2Mu/PileupJetIDSF_Up/NMinusOne/nbjet_ge1/pair/mass in Skim_TriLep_WWZ.root
2026-07-21 19:45:16,003 - INFO - [2018] MISSING_SYSTEMATIC: SR1E2Mu/PileupJetIDSF_Down/NMinusOne/nbjet_ge1/pair/mass in Skim_TriLep_WWZ.root
2026-07-21 19:45:16,004 - INFO - [2018] MISSING_SYSTEMATIC: SR1E2Mu/MuonIDSF_Up/NMinusOne/nbjet_ge1/pair/mass in Skim_TriLep_WWZ.root
2026-07-21 19:45:16,004 - INFO - [2018] MISSING_SYSTEMATIC: SR1E2Mu/MuonIDSF_Down/NMinusOne/nbjet_ge1/pair/mass in Skim_TriLep_WWZ.root
2026-07-21 19:45:16,005 - INFO - [2018] MISSING_SYSTEMATIC: SR1E2Mu/ElectronIDSF_Up/NMinusOne/nbjet_ge1/pair/mass in Skim_TriLep_WWZ.root
2026-07-21 19:45:16,005 - INFO - [2018] MISSING_SYSTEMATIC: SR1E2Mu/ElectronIDSF_Down/NMinusOne/nbjet_ge1/pair/mass in Skim_TriLep_WWZ.root
2026-07-21 19:45:16,005 - INFO - [2018] MISSING_SYSTEMATIC: SR1E2Mu/EMuTrigSF_Up/NMinusOne/nbjet_ge1/pair/mass in Skim_TriLep_WWZ.root
2026-07-21 19:45:16,005 - INFO - [2018] MISSING_SYSTEMATIC: SR1E2Mu/EMuTrigSF_Down/NMinusOne/nbjet_ge1/pair/mass in Skim_TriLep_WWZ.root
2026-07-21 19:45:16,006 - INFO - [2018] MISSING_SYSTEMATIC: SR1E2Mu/JetEn_Up/NMinusOne/nbjet_ge1/pair/mass in Skim_TriLep_WWZ.root
2026-07-21 19:45:16,006 - INFO - [2018] MISSING_SYSTEMATIC: SR1E2Mu/JetEn_Down/NMinusOne/nbjet_ge1/pair/mass in Skim_TriLep_WWZ.root
2026-07-21 19:45:16,007 - INFO - [2018] MISSING_SYSTEMATIC: SR1E2Mu/JetRes_Up/NMinusOne/nbjet_ge1/pair/mass in Skim_TriLep_WWZ.root
2026-07-21 19:45:16,007 - INFO - [2018] MISSING_SYSTEMATIC: SR1E2Mu/JetRes_Down/NMinusOne/nbjet_ge1/pair/mass in Skim_TriLep_WWZ.root
2026-07-21 19:45:16,007 - INFO - [2018] MISSING_SYSTEMATIC: SR1E2Mu/MuonEn_Up/NMinusOne/nbjet_ge1/pair/mass in Skim_TriLep_WWZ.root
2026-07-21 19:45:16,008 - INFO - [2018] MISSING_SYSTEMATIC: SR1E2Mu/MuonEn_Down/NMinusOne/nbjet_ge1/pair/mass in Skim_TriLep_WWZ.root
2026-07-21 19:45:16,008 - INFO - [2018] MISSING_SYSTEMATIC: SR1E2Mu/ElectronEn_Up/NMinusOne/nbjet_ge1/pair/mass in Skim_TriLep_WWZ.root
2026-07-21 19:45:16,008 - INFO - [2018] MISSING_SYSTEMATIC: SR1E2Mu/ElectronEn_Down/NMinusOne/nbjet_ge1/pair/mass in Skim_TriLep_WWZ.root
2026-07-21 19:45:16,009 - INFO - [2018] MISSING_SYSTEMATIC: SR1E2Mu/ElectronRes_Up/NMinusOne/nbjet_ge1/pair/mass in Skim_TriLep_WWZ.root
2026-07-21 19:45:16,009 - INFO - [2018] MISSING_SYSTEMATIC: SR1E2Mu/ElectronRes_Down/NMinusOne/nbjet_ge1/pair/mass in Skim_TriLep_WWZ.root
2026-07-21 19:45:16,010 - INFO - [2018] MISSING_SYSTEMATIC: SR1E2Mu/UnclusteredEn_Up/NMinusOne/nbjet_ge1/pair/mass in Skim_TriLep_WWZ.root
2026-07-21 19:45:16,010 - INFO - [2018] MISSING_SYSTEMATIC: SR1E2Mu/UnclusteredEn_Down/NMinusOne/nbjet_ge1/pair/mass in Skim_TriLep_WWZ.root
2026-07-21 19:45:16,010 - INFO - [2018] MISSING_SYSTEMATIC: SR1E2Mu/BtagSF_HFcorr_Up/NMinusOne/nbjet_ge1/pair/mass in Skim_TriLep_WWZ.root
2026-07-21 19:45:16,010 - INFO - [2018] MISSING_SYSTEMATIC: SR1E2Mu/BtagSF_HFcorr_Down/NMinusOne/nbjet_ge1/pair/mass in Skim_TriLep_WWZ.root
2026-07-21 19:45:16,011 - INFO - [2018] MISSING_SYSTEMATIC: SR1E2Mu/BtagSF_HFuncorr_Up/NMinusOne/nbjet_ge1/pair/mass in Skim_TriLep_WWZ.root
2026-07-21 19:45:16,011 - INFO - [2018] MISSING_SYSTEMATIC: SR1E2Mu/BtagSF_HFuncorr_Down/NMinusOne/nbjet_ge1/pair/mass in Skim_TriLep_WWZ.root
2026-07-21 19:45:16,012 - INFO - [2018] MISSING_SYSTEMATIC: SR1E2Mu/BtagSF_LFcorr_Up/NMinusOne/nbjet_ge1/pair/mass in Skim_TriLep_WWZ.root
2026-07-21 19:45:16,012 - INFO - [2018] MISSING_SYSTEMATIC: SR1E2Mu/BtagSF_LFcorr_Down/NMinusOne/nbjet_ge1/pair/mass in Skim_TriLep_WWZ.root
2026-07-21 19:45:16,013 - INFO - [2018] MISSING_SYSTEMATIC: SR1E2Mu/BtagSF_LFuncorr_Up/NMinusOne/nbjet_ge1/pair/mass in Skim_TriLep_WWZ.root
2026-07-21 19:45:16,013 - INFO - [2018] MISSING_SYSTEMATIC: SR1E2Mu/BtagSF_LFuncorr_Down/NMinusOne/nbjet_ge1/pair/mass in Skim_TriLep_WWZ.root
2026-07-21 19:45:16,024 - INFO - [2018] MISSING_SYSTEMATIC: SR1E2Mu/L1Prefire_Up/NMinusOne/nbjet_ge1/pair/mass in Skim_TriLep_WZZ.root
2026-07-21 19:45:16,024 - INFO - [2018] MISSING_SYSTEMATIC: SR1E2Mu/L1Prefire_Down/NMinusOne/nbjet_ge1/pair/mass in Skim_TriLep_WZZ.root
2026-07-21 19:45:16,024 - INFO - [2018] MISSING_SYSTEMATIC: SR1E2Mu/PileupReweight_Up/NMinusOne/nbjet_ge1/pair/mass in Skim_TriLep_WZZ.root
2026-07-21 19:45:16,024 - INFO - [2018] MISSING_SYSTEMATIC: SR1E2Mu/PileupReweight_Down/NMinusOne/nbjet_ge1/pair/mass in Skim_TriLep_WZZ.root
2026-07-21 19:45:16,025 - INFO - [2018] MISSING_SYSTEMATIC: SR1E2Mu/PileupJetIDSF_Up/NMinusOne/nbjet_ge1/pair/mass in Skim_TriLep_WZZ.root
2026-07-21 19:45:16,025 - INFO - [2018] MISSING_SYSTEMATIC: SR1E2Mu/PileupJetIDSF_Down/NMinusOne/nbjet_ge1/pair/mass in Skim_TriLep_WZZ.root
2026-07-21 19:45:16,026 - INFO - [2018] MISSING_SYSTEMATIC: SR1E2Mu/MuonIDSF_Up/NMinusOne/nbjet_ge1/pair/mass in Skim_TriLep_WZZ.root
2026-07-21 19:45:16,026 - INFO - [2018] MISSING_SYSTEMATIC: SR1E2Mu/MuonIDSF_Down/NMinusOne/nbjet_ge1/pair/mass in Skim_TriLep_WZZ.root
2026-07-21 19:45:16,027 - INFO - [2018] MISSING_SYSTEMATIC: SR1E2Mu/ElectronIDSF_Up/NMinusOne/nbjet_ge1/pair/mass in Skim_TriLep_WZZ.root
2026-07-21 19:45:16,027 - INFO - [2018] MISSING_SYSTEMATIC: SR1E2Mu/ElectronIDSF_Down/NMinusOne/nbjet_ge1/pair/mass in Skim_TriLep_WZZ.root
2026-07-21 19:45:16,027 - INFO - [2018] MISSING_SYSTEMATIC: SR1E2Mu/EMuTrigSF_Up/NMinusOne/nbjet_ge1/pair/mass in Skim_TriLep_WZZ.root
2026-07-21 19:45:16,027 - INFO - [2018] MISSING_SYSTEMATIC: SR1E2Mu/EMuTrigSF_Down/NMinusOne/nbjet_ge1/pair/mass in Skim_TriLep_WZZ.root
2026-07-21 19:45:16,028 - INFO - [2018] MISSING_SYSTEMATIC: SR1E2Mu/JetEn_Up/NMinusOne/nbjet_ge1/pair/mass in Skim_TriLep_WZZ.root
2026-07-21 19:45:16,028 - INFO - [2018] MISSING_SYSTEMATIC: SR1E2Mu/JetEn_Down/NMinusOne/nbjet_ge1/pair/mass in Skim_TriLep_WZZ.root
2026-07-21 19:45:16,029 - INFO - [2018] MISSING_SYSTEMATIC: SR1E2Mu/JetRes_Up/NMinusOne/nbjet_ge1/pair/mass in Skim_TriLep_WZZ.root
2026-07-21 19:45:16,029 - INFO - [2018] MISSING_SYSTEMATIC: SR1E2Mu/JetRes_Down/NMinusOne/nbjet_ge1/pair/mass in Skim_TriLep_WZZ.root
2026-07-21 19:45:16,029 - INFO - [2018] MISSING_SYSTEMATIC: SR1E2Mu/MuonEn_Up/NMinusOne/nbjet_ge1/pair/mass in Skim_TriLep_WZZ.root
2026-07-21 19:45:16,029 - INFO - [2018] MISSING_SYSTEMATIC: SR1E2Mu/MuonEn_Down/NMinusOne/nbjet_ge1/pair/mass in Skim_TriLep_WZZ.root
2026-07-21 19:45:16,030 - INFO - [2018] MISSING_SYSTEMATIC: SR1E2Mu/ElectronEn_Up/NMinusOne/nbjet_ge1/pair/mass in Skim_TriLep_WZZ.root
2026-07-21 19:45:16,030 - INFO - [2018] MISSING_SYSTEMATIC: SR1E2Mu/ElectronEn_Down/NMinusOne/nbjet_ge1/pair/mass in Skim_TriLep_WZZ.root
2026-07-21 19:45:16,030 - INFO - [2018] MISSING_SYSTEMATIC: SR1E2Mu/ElectronRes_Up/NMinusOne/nbjet_ge1/pair/mass in Skim_TriLep_WZZ.root
2026-07-21 19:45:16,031 - INFO - [2018] MISSING_SYSTEMATIC: SR1E2Mu/ElectronRes_Down/NMinusOne/nbjet_ge1/pair/mass in Skim_TriLep_WZZ.root
2026-07-21 19:45:16,031 - INFO - [2018] MISSING_SYSTEMATIC: SR1E2Mu/UnclusteredEn_Up/NMinusOne/nbjet_ge1/pair/mass in Skim_TriLep_WZZ.root
2026-07-21 19:45:16,031 - INFO - [2018] MISSING_SYSTEMATIC: SR1E2Mu/UnclusteredEn_Down/NMinusOne/nbjet_ge1/pair/mass in Skim_TriLep_WZZ.root
2026-07-21 19:45:16,032 - INFO - [2018] MISSING_SYSTEMATIC: SR1E2Mu/BtagSF_HFcorr_Up/NMinusOne/nbjet_ge1/pair/mass in Skim_TriLep_WZZ.root
2026-07-21 19:45:16,032 - INFO - [2018] MISSING_SYSTEMATIC: SR1E2Mu/BtagSF_HFcorr_Down/NMinusOne/nbjet_ge1/pair/mass in Skim_TriLep_WZZ.root
2026-07-21 19:45:16,032 - INFO - [2018] MISSING_SYSTEMATIC: SR1E2Mu/BtagSF_HFuncorr_Up/NMinusOne/nbjet_ge1/pair/mass in Skim_TriLep_WZZ.root
2026-07-21 19:45:16,032 - INFO - [2018] MISSING_SYSTEMATIC: SR1E2Mu/BtagSF_HFuncorr_Down/NMinusOne/nbjet_ge1/pair/mass in Skim_TriLep_WZZ.root
2026-07-21 19:45:16,033 - INFO - [2018] MISSING_SYSTEMATIC: SR1E2Mu/BtagSF_LFcorr_Up/NMinusOne/nbjet_ge1/pair/mass in Skim_TriLep_WZZ.root
2026-07-21 19:45:16,033 - INFO - [2018] MISSING_SYSTEMATIC: SR1E2Mu/BtagSF_LFcorr_Down/NMinusOne/nbjet_ge1/pair/mass in Skim_TriLep_WZZ.root
2026-07-21 19:45:16,034 - INFO - [2018] MISSING_SYSTEMATIC: SR1E2Mu/BtagSF_LFuncorr_Up/NMinusOne/nbjet_ge1/pair/mass in Skim_TriLep_WZZ.root
2026-07-21 19:45:16,034 - INFO - [2018] MISSING_SYSTEMATIC: SR1E2Mu/BtagSF_LFuncorr_Down/NMinusOne/nbjet_ge1/pair/mass in Skim_TriLep_WZZ.root
2026-07-21 19:45:16,045 - INFO - [2018] MISSING_SYSTEMATIC: SR1E2Mu/L1Prefire_Up/NMinusOne/nbjet_ge1/pair/mass in Skim_TriLep_ZZZ.root
2026-07-21 19:45:16,045 - INFO - [2018] MISSING_SYSTEMATIC: SR1E2Mu/L1Prefire_Down/NMinusOne/nbjet_ge1/pair/mass in Skim_TriLep_ZZZ.root
2026-07-21 19:45:16,045 - INFO - [2018] MISSING_SYSTEMATIC: SR1E2Mu/PileupReweight_Up/NMinusOne/nbjet_ge1/pair/mass in Skim_TriLep_ZZZ.root
2026-07-21 19:45:16,045 - INFO - [2018] MISSING_SYSTEMATIC: SR1E2Mu/PileupReweight_Down/NMinusOne/nbjet_ge1/pair/mass in Skim_TriLep_ZZZ.root
2026-07-21 19:45:16,046 - INFO - [2018] MISSING_SYSTEMATIC: SR1E2Mu/PileupJetIDSF_Up/NMinusOne/nbjet_ge1/pair/mass in Skim_TriLep_ZZZ.root
2026-07-21 19:45:16,046 - INFO - [2018] MISSING_SYSTEMATIC: SR1E2Mu/PileupJetIDSF_Down/NMinusOne/nbjet_ge1/pair/mass in Skim_TriLep_ZZZ.root
2026-07-21 19:45:16,046 - INFO - [2018] MISSING_SYSTEMATIC: SR1E2Mu/MuonIDSF_Up/NMinusOne/nbjet_ge1/pair/mass in Skim_TriLep_ZZZ.root
2026-07-21 19:45:16,046 - INFO - [2018] MISSING_SYSTEMATIC: SR1E2Mu/MuonIDSF_Down/NMinusOne/nbjet_ge1/pair/mass in Skim_TriLep_ZZZ.root
2026-07-21 19:45:16,047 - INFO - [2018] MISSING_SYSTEMATIC: SR1E2Mu/ElectronIDSF_Up/NMinusOne/nbjet_ge1/pair/mass in Skim_TriLep_ZZZ.root
2026-07-21 19:45:16,047 - INFO - [2018] MISSING_SYSTEMATIC: SR1E2Mu/ElectronIDSF_Down/NMinusOne/nbjet_ge1/pair/mass in Skim_TriLep_ZZZ.root
2026-07-21 19:45:16,048 - INFO - [2018] MISSING_SYSTEMATIC: SR1E2Mu/EMuTrigSF_Up/NMinusOne/nbjet_ge1/pair/mass in Skim_TriLep_ZZZ.root
2026-07-21 19:45:16,048 - INFO - [2018] MISSING_SYSTEMATIC: SR1E2Mu/EMuTrigSF_Down/NMinusOne/nbjet_ge1/pair/mass in Skim_TriLep_ZZZ.root
2026-07-21 19:45:16,048 - INFO - [2018] MISSING_SYSTEMATIC: SR1E2Mu/JetEn_Up/NMinusOne/nbjet_ge1/pair/mass in Skim_TriLep_ZZZ.root
2026-07-21 19:45:16,048 - INFO - [2018] MISSING_SYSTEMATIC: SR1E2Mu/JetEn_Down/NMinusOne/nbjet_ge1/pair/mass in Skim_TriLep_ZZZ.root
2026-07-21 19:45:16,049 - INFO - [2018] MISSING_SYSTEMATIC: SR1E2Mu/JetRes_Up/NMinusOne/nbjet_ge1/pair/mass in Skim_TriLep_ZZZ.root
2026-07-21 19:45:16,049 - INFO - [2018] MISSING_SYSTEMATIC: SR1E2Mu/JetRes_Down/NMinusOne/nbjet_ge1/pair/mass in Skim_TriLep_ZZZ.root
2026-07-21 19:45:16,050 - INFO - [2018] MISSING_SYSTEMATIC: SR1E2Mu/MuonEn_Up/NMinusOne/nbjet_ge1/pair/mass in Skim_TriLep_ZZZ.root
2026-07-21 19:45:16,050 - INFO - [2018] MISSING_SYSTEMATIC: SR1E2Mu/MuonEn_Down/NMinusOne/nbjet_ge1/pair/mass in Skim_TriLep_ZZZ.root
2026-07-21 19:45:16,050 - INFO - [2018] MISSING_SYSTEMATIC: SR1E2Mu/ElectronEn_Up/NMinusOne/nbjet_ge1/pair/mass in Skim_TriLep_ZZZ.root
2026-07-21 19:45:16,050 - INFO - [2018] MISSING_SYSTEMATIC: SR1E2Mu/ElectronEn_Down/NMinusOne/nbjet_ge1/pair/mass in Skim_TriLep_ZZZ.root
2026-07-21 19:45:16,051 - INFO - [2018] MISSING_SYSTEMATIC: SR1E2Mu/ElectronRes_Up/NMinusOne/nbjet_ge1/pair/mass in Skim_TriLep_ZZZ.root
2026-07-21 19:45:16,051 - INFO - [2018] MISSING_SYSTEMATIC: SR1E2Mu/ElectronRes_Down/NMinusOne/nbjet_ge1/pair/mass in Skim_TriLep_ZZZ.root
2026-07-21 19:45:16,052 - INFO - [2018] MISSING_SYSTEMATIC: SR1E2Mu/UnclusteredEn_Up/NMinusOne/nbjet_ge1/pair/mass in Skim_TriLep_ZZZ.root
2026-07-21 19:45:16,052 - INFO - [2018] MISSING_SYSTEMATIC: SR1E2Mu/UnclusteredEn_Down/NMinusOne/nbjet_ge1/pair/mass in Skim_TriLep_ZZZ.root
2026-07-21 19:45:16,052 - INFO - [2018] MISSING_SYSTEMATIC: SR1E2Mu/BtagSF_HFcorr_Up/NMinusOne/nbjet_ge1/pair/mass in Skim_TriLep_ZZZ.root
2026-07-21 19:45:16,052 - INFO - [2018] MISSING_SYSTEMATIC: SR1E2Mu/BtagSF_HFcorr_Down/NMinusOne/nbjet_ge1/pair/mass in Skim_TriLep_ZZZ.root
2026-07-21 19:45:16,053 - INFO - [2018] MISSING_SYSTEMATIC: SR1E2Mu/BtagSF_HFuncorr_Up/NMinusOne/nbjet_ge1/pair/mass in Skim_TriLep_ZZZ.root
2026-07-21 19:45:16,053 - INFO - [2018] MISSING_SYSTEMATIC: SR1E2Mu/BtagSF_HFuncorr_Down/NMinusOne/nbjet_ge1/pair/mass in Skim_TriLep_ZZZ.root
2026-07-21 19:45:16,054 - INFO - [2018] MISSING_SYSTEMATIC: SR1E2Mu/BtagSF_LFcorr_Up/NMinusOne/nbjet_ge1/pair/mass in Skim_TriLep_ZZZ.root
2026-07-21 19:45:16,054 - INFO - [2018] MISSING_SYSTEMATIC: SR1E2Mu/BtagSF_LFcorr_Down/NMinusOne/nbjet_ge1/pair/mass in Skim_TriLep_ZZZ.root
2026-07-21 19:45:16,054 - INFO - [2018] MISSING_SYSTEMATIC: SR1E2Mu/BtagSF_LFuncorr_Up/NMinusOne/nbjet_ge1/pair/mass in Skim_TriLep_ZZZ.root
2026-07-21 19:45:16,054 - INFO - [2018] MISSING_SYSTEMATIC: SR1E2Mu/BtagSF_LFuncorr_Down/NMinusOne/nbjet_ge1/pair/mass in Skim_TriLep_ZZZ.root
2026-07-21 19:45:16,066 - INFO - [2018] MISSING_SYSTEMATIC: SR1E2Mu/L1Prefire_Up/NMinusOne/nbjet_ge1/pair/mass in Skim_TriLep_TTTT.root
2026-07-21 19:45:16,066 - INFO - [2018] MISSING_SYSTEMATIC: SR1E2Mu/L1Prefire_Down/NMinusOne/nbjet_ge1/pair/mass in Skim_TriLep_TTTT.root
2026-07-21 19:45:16,066 - INFO - [2018] MISSING_SYSTEMATIC: SR1E2Mu/PileupReweight_Up/NMinusOne/nbjet_ge1/pair/mass in Skim_TriLep_TTTT.root
2026-07-21 19:45:16,066 - INFO - [2018] MISSING_SYSTEMATIC: SR1E2Mu/PileupReweight_Down/NMinusOne/nbjet_ge1/pair/mass in Skim_TriLep_TTTT.root
2026-07-21 19:45:16,067 - INFO - [2018] MISSING_SYSTEMATIC: SR1E2Mu/PileupJetIDSF_Up/NMinusOne/nbjet_ge1/pair/mass in Skim_TriLep_TTTT.root
2026-07-21 19:45:16,067 - INFO - [2018] MISSING_SYSTEMATIC: SR1E2Mu/PileupJetIDSF_Down/NMinusOne/nbjet_ge1/pair/mass in Skim_TriLep_TTTT.root
2026-07-21 19:45:16,068 - INFO - [2018] MISSING_SYSTEMATIC: SR1E2Mu/MuonIDSF_Up/NMinusOne/nbjet_ge1/pair/mass in Skim_TriLep_TTTT.root
2026-07-21 19:45:16,068 - INFO - [2018] MISSING_SYSTEMATIC: SR1E2Mu/MuonIDSF_Down/NMinusOne/nbjet_ge1/pair/mass in Skim_TriLep_TTTT.root
2026-07-21 19:45:16,068 - INFO - [2018] MISSING_SYSTEMATIC: SR1E2Mu/ElectronIDSF_Up/NMinusOne/nbjet_ge1/pair/mass in Skim_TriLep_TTTT.root
2026-07-21 19:45:16,068 - INFO - [2018] MISSING_SYSTEMATIC: SR1E2Mu/ElectronIDSF_Down/NMinusOne/nbjet_ge1/pair/mass in Skim_TriLep_TTTT.root
2026-07-21 19:45:16,069 - INFO - [2018] MISSING_SYSTEMATIC: SR1E2Mu/EMuTrigSF_Up/NMinusOne/nbjet_ge1/pair/mass in Skim_TriLep_TTTT.root
2026-07-21 19:45:16,069 - INFO - [2018] MISSING_SYSTEMATIC: SR1E2Mu/EMuTrigSF_Down/NMinusOne/nbjet_ge1/pair/mass in Skim_TriLep_TTTT.root
2026-07-21 19:45:16,069 - INFO - [2018] MISSING_SYSTEMATIC: SR1E2Mu/JetEn_Up/NMinusOne/nbjet_ge1/pair/mass in Skim_TriLep_TTTT.root
2026-07-21 19:45:16,069 - INFO - [2018] MISSING_SYSTEMATIC: SR1E2Mu/JetEn_Down/NMinusOne/nbjet_ge1/pair/mass in Skim_TriLep_TTTT.root
2026-07-21 19:45:16,070 - INFO - [2018] MISSING_SYSTEMATIC: SR1E2Mu/JetRes_Up/NMinusOne/nbjet_ge1/pair/mass in Skim_TriLep_TTTT.root
2026-07-21 19:45:16,070 - INFO - [2018] MISSING_SYSTEMATIC: SR1E2Mu/JetRes_Down/NMinusOne/nbjet_ge1/pair/mass in Skim_TriLep_TTTT.root
2026-07-21 19:45:16,071 - INFO - [2018] MISSING_SYSTEMATIC: SR1E2Mu/MuonEn_Up/NMinusOne/nbjet_ge1/pair/mass in Skim_TriLep_TTTT.root
2026-07-21 19:45:16,071 - INFO - [2018] MISSING_SYSTEMATIC: SR1E2Mu/MuonEn_Down/NMinusOne/nbjet_ge1/pair/mass in Skim_TriLep_TTTT.root
2026-07-21 19:45:16,071 - INFO - [2018] MISSING_SYSTEMATIC: SR1E2Mu/ElectronEn_Up/NMinusOne/nbjet_ge1/pair/mass in Skim_TriLep_TTTT.root
2026-07-21 19:45:16,071 - INFO - [2018] MISSING_SYSTEMATIC: SR1E2Mu/ElectronEn_Down/NMinusOne/nbjet_ge1/pair/mass in Skim_TriLep_TTTT.root
2026-07-21 19:45:16,072 - INFO - [2018] MISSING_SYSTEMATIC: SR1E2Mu/ElectronRes_Up/NMinusOne/nbjet_ge1/pair/mass in Skim_TriLep_TTTT.root
2026-07-21 19:45:16,072 - INFO - [2018] MISSING_SYSTEMATIC: SR1E2Mu/ElectronRes_Down/NMinusOne/nbjet_ge1/pair/mass in Skim_TriLep_TTTT.root
2026-07-21 19:45:16,073 - INFO - [2018] MISSING_SYSTEMATIC: SR1E2Mu/UnclusteredEn_Up/NMinusOne/nbjet_ge1/pair/mass in Skim_TriLep_TTTT.root
2026-07-21 19:45:16,073 - INFO - [2018] MISSING_SYSTEMATIC: SR1E2Mu/UnclusteredEn_Down/NMinusOne/nbjet_ge1/pair/mass in Skim_TriLep_TTTT.root
2026-07-21 19:45:16,073 - INFO - [2018] MISSING_SYSTEMATIC: SR1E2Mu/BtagSF_HFcorr_Up/NMinusOne/nbjet_ge1/pair/mass in Skim_TriLep_TTTT.root
2026-07-21 19:45:16,073 - INFO - [2018] MISSING_SYSTEMATIC: SR1E2Mu/BtagSF_HFcorr_Down/NMinusOne/nbjet_ge1/pair/mass in Skim_TriLep_TTTT.root
2026-07-21 19:45:16,074 - INFO - [2018] MISSING_SYSTEMATIC: SR1E2Mu/BtagSF_HFuncorr_Up/NMinusOne/nbjet_ge1/pair/mass in Skim_TriLep_TTTT.root
2026-07-21 19:45:16,074 - INFO - [2018] MISSING_SYSTEMATIC: SR1E2Mu/BtagSF_HFuncorr_Down/NMinusOne/nbjet_ge1/pair/mass in Skim_TriLep_TTTT.root
2026-07-21 19:45:16,074 - INFO - [2018] MISSING_SYSTEMATIC: SR1E2Mu/BtagSF_LFcorr_Up/NMinusOne/nbjet_ge1/pair/mass in Skim_TriLep_TTTT.root
2026-07-21 19:45:16,075 - INFO - [2018] MISSING_SYSTEMATIC: SR1E2Mu/BtagSF_LFcorr_Down/NMinusOne/nbjet_ge1/pair/mass in Skim_TriLep_TTTT.root
2026-07-21 19:45:16,075 - INFO - [2018] MISSING_SYSTEMATIC: SR1E2Mu/BtagSF_LFuncorr_Up/NMinusOne/nbjet_ge1/pair/mass in Skim_TriLep_TTTT.root
2026-07-21 19:45:16,075 - INFO - [2018] MISSING_SYSTEMATIC: SR1E2Mu/BtagSF_LFuncorr_Down/NMinusOne/nbjet_ge1/pair/mass in Skim_TriLep_TTTT.root
2026-07-21 19:45:16,097 - INFO - [2018] MISSING_SYSTEMATIC: SR1E2Mu/L1Prefire_Up/NMinusOne/nbjet_ge1/pair/mass in Skim_TriLep_VBFHToZZTo4L.root
2026-07-21 19:45:16,097 - INFO - [2018] MISSING_SYSTEMATIC: SR1E2Mu/L1Prefire_Down/NMinusOne/nbjet_ge1/pair/mass in Skim_TriLep_VBFHToZZTo4L.root
2026-07-21 19:45:16,098 - INFO - [2018] MISSING_SYSTEMATIC: SR1E2Mu/PileupReweight_Up/NMinusOne/nbjet_ge1/pair/mass in Skim_TriLep_VBFHToZZTo4L.root
2026-07-21 19:45:16,098 - INFO - [2018] MISSING_SYSTEMATIC: SR1E2Mu/PileupReweight_Down/NMinusOne/nbjet_ge1/pair/mass in Skim_TriLep_VBFHToZZTo4L.root
2026-07-21 19:45:16,098 - INFO - [2018] MISSING_SYSTEMATIC: SR1E2Mu/PileupJetIDSF_Up/NMinusOne/nbjet_ge1/pair/mass in Skim_TriLep_VBFHToZZTo4L.root
2026-07-21 19:45:16,098 - INFO - [2018] MISSING_SYSTEMATIC: SR1E2Mu/PileupJetIDSF_Down/NMinusOne/nbjet_ge1/pair/mass in Skim_TriLep_VBFHToZZTo4L.root
2026-07-21 19:45:16,099 - INFO - [2018] MISSING_SYSTEMATIC: SR1E2Mu/MuonIDSF_Up/NMinusOne/nbjet_ge1/pair/mass in Skim_TriLep_VBFHToZZTo4L.root
2026-07-21 19:45:16,099 - INFO - [2018] MISSING_SYSTEMATIC: SR1E2Mu/MuonIDSF_Down/NMinusOne/nbjet_ge1/pair/mass in Skim_TriLep_VBFHToZZTo4L.root
2026-07-21 19:45:16,100 - INFO - [2018] MISSING_SYSTEMATIC: SR1E2Mu/ElectronIDSF_Up/NMinusOne/nbjet_ge1/pair/mass in Skim_TriLep_VBFHToZZTo4L.root
2026-07-21 19:45:16,100 - INFO - [2018] MISSING_SYSTEMATIC: SR1E2Mu/ElectronIDSF_Down/NMinusOne/nbjet_ge1/pair/mass in Skim_TriLep_VBFHToZZTo4L.root
2026-07-21 19:45:16,101 - INFO - [2018] MISSING_SYSTEMATIC: SR1E2Mu/EMuTrigSF_Up/NMinusOne/nbjet_ge1/pair/mass in Skim_TriLep_VBFHToZZTo4L.root
2026-07-21 19:45:16,101 - INFO - [2018] MISSING_SYSTEMATIC: SR1E2Mu/EMuTrigSF_Down/NMinusOne/nbjet_ge1/pair/mass in Skim_TriLep_VBFHToZZTo4L.root
2026-07-21 19:45:16,101 - INFO - [2018] MISSING_SYSTEMATIC: SR1E2Mu/JetEn_Up/NMinusOne/nbjet_ge1/pair/mass in Skim_TriLep_VBFHToZZTo4L.root
2026-07-21 19:45:16,101 - INFO - [2018] MISSING_SYSTEMATIC: SR1E2Mu/JetEn_Down/NMinusOne/nbjet_ge1/pair/mass in Skim_TriLep_VBFHToZZTo4L.root
2026-07-21 19:45:16,102 - INFO - [2018] MISSING_SYSTEMATIC: SR1E2Mu/JetRes_Up/NMinusOne/nbjet_ge1/pair/mass in Skim_TriLep_VBFHToZZTo4L.root
2026-07-21 19:45:16,102 - INFO - [2018] MISSING_SYSTEMATIC: SR1E2Mu/JetRes_Down/NMinusOne/nbjet_ge1/pair/mass in Skim_TriLep_VBFHToZZTo4L.root
2026-07-21 19:45:16,103 - INFO - [2018] MISSING_SYSTEMATIC: SR1E2Mu/MuonEn_Up/NMinusOne/nbjet_ge1/pair/mass in Skim_TriLep_VBFHToZZTo4L.root
2026-07-21 19:45:16,103 - INFO - [2018] MISSING_SYSTEMATIC: SR1E2Mu/MuonEn_Down/NMinusOne/nbjet_ge1/pair/mass in Skim_TriLep_VBFHToZZTo4L.root
2026-07-21 19:45:16,104 - INFO - [2018] MISSING_SYSTEMATIC: SR1E2Mu/ElectronEn_Up/NMinusOne/nbjet_ge1/pair/mass in Skim_TriLep_VBFHToZZTo4L.root
2026-07-21 19:45:16,104 - INFO - [2018] MISSING_SYSTEMATIC: SR1E2Mu/ElectronEn_Down/NMinusOne/nbjet_ge1/pair/mass in Skim_TriLep_VBFHToZZTo4L.root
2026-07-21 19:45:16,104 - INFO - [2018] MISSING_SYSTEMATIC: SR1E2Mu/ElectronRes_Up/NMinusOne/nbjet_ge1/pair/mass in Skim_TriLep_VBFHToZZTo4L.root
2026-07-21 19:45:16,104 - INFO - [2018] MISSING_SYSTEMATIC: SR1E2Mu/ElectronRes_Down/NMinusOne/nbjet_ge1/pair/mass in Skim_TriLep_VBFHToZZTo4L.root
2026-07-21 19:45:16,105 - INFO - [2018] MISSING_SYSTEMATIC: SR1E2Mu/UnclusteredEn_Up/NMinusOne/nbjet_ge1/pair/mass in Skim_TriLep_VBFHToZZTo4L.root
2026-07-21 19:45:16,105 - INFO - [2018] MISSING_SYSTEMATIC: SR1E2Mu/UnclusteredEn_Down/NMinusOne/nbjet_ge1/pair/mass in Skim_TriLep_VBFHToZZTo4L.root
2026-07-21 19:45:16,106 - INFO - [2018] MISSING_SYSTEMATIC: SR1E2Mu/BtagSF_HFcorr_Up/NMinusOne/nbjet_ge1/pair/mass in Skim_TriLep_VBFHToZZTo4L.root
2026-07-21 19:45:16,106 - INFO - [2018] MISSING_SYSTEMATIC: SR1E2Mu/BtagSF_HFcorr_Down/NMinusOne/nbjet_ge1/pair/mass in Skim_TriLep_VBFHToZZTo4L.root
2026-07-21 19:45:16,106 - INFO - [2018] MISSING_SYSTEMATIC: SR1E2Mu/BtagSF_HFuncorr_Up/NMinusOne/nbjet_ge1/pair/mass in Skim_TriLep_VBFHToZZTo4L.root
2026-07-21 19:45:16,106 - INFO - [2018] MISSING_SYSTEMATIC: SR1E2Mu/BtagSF_HFuncorr_Down/NMinusOne/nbjet_ge1/pair/mass in Skim_TriLep_VBFHToZZTo4L.root
2026-07-21 19:45:16,107 - INFO - [2018] MISSING_SYSTEMATIC: SR1E2Mu/BtagSF_LFcorr_Up/NMinusOne/nbjet_ge1/pair/mass in Skim_TriLep_VBFHToZZTo4L.root
2026-07-21 19:45:16,107 - INFO - [2018] MISSING_SYSTEMATIC: SR1E2Mu/BtagSF_LFcorr_Down/NMinusOne/nbjet_ge1/pair/mass in Skim_TriLep_VBFHToZZTo4L.root
2026-07-21 19:45:16,108 - INFO - [2018] MISSING_SYSTEMATIC: SR1E2Mu/BtagSF_LFuncorr_Up/NMinusOne/nbjet_ge1/pair/mass in Skim_TriLep_VBFHToZZTo4L.root
2026-07-21 19:45:16,108 - INFO - [2018] MISSING_SYSTEMATIC: SR1E2Mu/BtagSF_LFuncorr_Down/NMinusOne/nbjet_ge1/pair/mass in Skim_TriLep_VBFHToZZTo4L.root
2026-07-21 19:45:16,124 - INFO - [2018] MISSING_SYSTEMATIC: SR1E2Mu/L1Prefire_Up/NMinusOne/nbjet_ge1/pair/mass in Skim_TriLep_ggHToZZTo4L.root
2026-07-21 19:45:16,125 - INFO - [2018] MISSING_SYSTEMATIC: SR1E2Mu/L1Prefire_Down/NMinusOne/nbjet_ge1/pair/mass in Skim_TriLep_ggHToZZTo4L.root
2026-07-21 19:45:16,125 - INFO - [2018] MISSING_SYSTEMATIC: SR1E2Mu/PileupReweight_Up/NMinusOne/nbjet_ge1/pair/mass in Skim_TriLep_ggHToZZTo4L.root
2026-07-21 19:45:16,125 - INFO - [2018] MISSING_SYSTEMATIC: SR1E2Mu/PileupReweight_Down/NMinusOne/nbjet_ge1/pair/mass in Skim_TriLep_ggHToZZTo4L.root
2026-07-21 19:45:16,126 - INFO - [2018] MISSING_SYSTEMATIC: SR1E2Mu/PileupJetIDSF_Up/NMinusOne/nbjet_ge1/pair/mass in Skim_TriLep_ggHToZZTo4L.root
2026-07-21 19:45:16,126 - INFO - [2018] MISSING_SYSTEMATIC: SR1E2Mu/PileupJetIDSF_Down/NMinusOne/nbjet_ge1/pair/mass in Skim_TriLep_ggHToZZTo4L.root
2026-07-21 19:45:16,127 - INFO - [2018] MISSING_SYSTEMATIC: SR1E2Mu/MuonIDSF_Up/NMinusOne/nbjet_ge1/pair/mass in Skim_TriLep_ggHToZZTo4L.root
2026-07-21 19:45:16,127 - INFO - [2018] MISSING_SYSTEMATIC: SR1E2Mu/MuonIDSF_Down/NMinusOne/nbjet_ge1/pair/mass in Skim_TriLep_ggHToZZTo4L.root
2026-07-21 19:45:16,127 - INFO - [2018] MISSING_SYSTEMATIC: SR1E2Mu/ElectronIDSF_Up/NMinusOne/nbjet_ge1/pair/mass in Skim_TriLep_ggHToZZTo4L.root
2026-07-21 19:45:16,127 - INFO - [2018] MISSING_SYSTEMATIC: SR1E2Mu/ElectronIDSF_Down/NMinusOne/nbjet_ge1/pair/mass in Skim_TriLep_ggHToZZTo4L.root
2026-07-21 19:45:16,128 - INFO - [2018] MISSING_SYSTEMATIC: SR1E2Mu/EMuTrigSF_Up/NMinusOne/nbjet_ge1/pair/mass in Skim_TriLep_ggHToZZTo4L.root
2026-07-21 19:45:16,128 - INFO - [2018] MISSING_SYSTEMATIC: SR1E2Mu/EMuTrigSF_Down/NMinusOne/nbjet_ge1/pair/mass in Skim_TriLep_ggHToZZTo4L.root
2026-07-21 19:45:16,129 - INFO - [2018] MISSING_SYSTEMATIC: SR1E2Mu/JetEn_Up/NMinusOne/nbjet_ge1/pair/mass in Skim_TriLep_ggHToZZTo4L.root
2026-07-21 19:45:16,129 - INFO - [2018] MISSING_SYSTEMATIC: SR1E2Mu/JetEn_Down/NMinusOne/nbjet_ge1/pair/mass in Skim_TriLep_ggHToZZTo4L.root
2026-07-21 19:45:16,129 - INFO - [2018] MISSING_SYSTEMATIC: SR1E2Mu/JetRes_Up/NMinusOne/nbjet_ge1/pair/mass in Skim_TriLep_ggHToZZTo4L.root
2026-07-21 19:45:16,129 - INFO - [2018] MISSING_SYSTEMATIC: SR1E2Mu/JetRes_Down/NMinusOne/nbjet_ge1/pair/mass in Skim_TriLep_ggHToZZTo4L.root
2026-07-21 19:45:16,130 - INFO - [2018] MISSING_SYSTEMATIC: SR1E2Mu/MuonEn_Up/NMinusOne/nbjet_ge1/pair/mass in Skim_TriLep_ggHToZZTo4L.root
2026-07-21 19:45:16,130 - INFO - [2018] MISSING_SYSTEMATIC: SR1E2Mu/MuonEn_Down/NMinusOne/nbjet_ge1/pair/mass in Skim_TriLep_ggHToZZTo4L.root
2026-07-21 19:45:16,131 - INFO - [2018] MISSING_SYSTEMATIC: SR1E2Mu/ElectronEn_Up/NMinusOne/nbjet_ge1/pair/mass in Skim_TriLep_ggHToZZTo4L.root
2026-07-21 19:45:16,131 - INFO - [2018] MISSING_SYSTEMATIC: SR1E2Mu/ElectronEn_Down/NMinusOne/nbjet_ge1/pair/mass in Skim_TriLep_ggHToZZTo4L.root
2026-07-21 19:45:16,132 - INFO - [2018] MISSING_SYSTEMATIC: SR1E2Mu/ElectronRes_Up/NMinusOne/nbjet_ge1/pair/mass in Skim_TriLep_ggHToZZTo4L.root
2026-07-21 19:45:16,132 - INFO - [2018] MISSING_SYSTEMATIC: SR1E2Mu/ElectronRes_Down/NMinusOne/nbjet_ge1/pair/mass in Skim_TriLep_ggHToZZTo4L.root
2026-07-21 19:45:16,132 - INFO - [2018] MISSING_SYSTEMATIC: SR1E2Mu/UnclusteredEn_Up/NMinusOne/nbjet_ge1/pair/mass in Skim_TriLep_ggHToZZTo4L.root
2026-07-21 19:45:16,132 - INFO - [2018] MISSING_SYSTEMATIC: SR1E2Mu/UnclusteredEn_Down/NMinusOne/nbjet_ge1/pair/mass in Skim_TriLep_ggHToZZTo4L.root
2026-07-21 19:45:16,133 - INFO - [2018] MISSING_SYSTEMATIC: SR1E2Mu/BtagSF_HFcorr_Up/NMinusOne/nbjet_ge1/pair/mass in Skim_TriLep_ggHToZZTo4L.root
2026-07-21 19:45:16,133 - INFO - [2018] MISSING_SYSTEMATIC: SR1E2Mu/BtagSF_HFcorr_Down/NMinusOne/nbjet_ge1/pair/mass in Skim_TriLep_ggHToZZTo4L.root
2026-07-21 19:45:16,134 - INFO - [2018] MISSING_SYSTEMATIC: SR1E2Mu/BtagSF_HFuncorr_Up/NMinusOne/nbjet_ge1/pair/mass in Skim_TriLep_ggHToZZTo4L.root
2026-07-21 19:45:16,134 - INFO - [2018] MISSING_SYSTEMATIC: SR1E2Mu/BtagSF_HFuncorr_Down/NMinusOne/nbjet_ge1/pair/mass in Skim_TriLep_ggHToZZTo4L.root
2026-07-21 19:45:16,134 - INFO - [2018] MISSING_SYSTEMATIC: SR1E2Mu/BtagSF_LFcorr_Up/NMinusOne/nbjet_ge1/pair/mass in Skim_TriLep_ggHToZZTo4L.root
2026-07-21 19:45:16,134 - INFO - [2018] MISSING_SYSTEMATIC: SR1E2Mu/BtagSF_LFcorr_Down/NMinusOne/nbjet_ge1/pair/mass in Skim_TriLep_ggHToZZTo4L.root
2026-07-21 19:45:16,135 - INFO - [2018] MISSING_SYSTEMATIC: SR1E2Mu/BtagSF_LFuncorr_Up/NMinusOne/nbjet_ge1/pair/mass in Skim_TriLep_ggHToZZTo4L.root
2026-07-21 19:45:16,135 - INFO - [2018] MISSING_SYSTEMATIC: SR1E2Mu/BtagSF_LFuncorr_Down/NMinusOne/nbjet_ge1/pair/mass in Skim_TriLep_ggHToZZTo4L.root
2026-08-18 18:29:34,380 - INFO - [2018] MISSING_SYSTEMATIC: SR1E2Mu/L1Prefire_Up/NMinusOne/nbjet_ge1/pair/mass in Skim_TriLep_DYJets.root
2026-08-18 18:29:34,380 - INFO - [2018] MISSING_SYSTEMATIC: SR1E2Mu/L1Prefire_Down/NMinusOne/nbjet_ge1/pair/mass in Skim_TriLep_DYJets.root
2026-08-18 18:29:34,381 - INFO - [2018] MISSING_SYSTEMATIC: SR1E2Mu/PileupReweight_Up/NMinusOne/nbjet_ge1/pair/mass in Skim_TriLep_DYJets.root
2026-08-18 18:29:34,381 - INFO - [2018] MISSING_SYSTEMATIC: SR1E2Mu/PileupReweight_Down/NMinusOne/nbjet_ge1/pair/mass in Skim_TriLep_DYJets.root
2026-08-18 18:29:34,382 - INFO - [2018] MISSING_SYSTEMATIC: SR1E2Mu/PileupJetIDSF_Up/NMinusOne/nbjet_ge1/pair/mass in Skim_TriLep_DYJets.root
2026-08-18 18:29:34,382 - INFO - [2018] MISSING_SYSTEMATIC: SR1E2Mu/PileupJetIDSF_Down/NMinusOne/nbjet_ge1/pair/mass in Skim_TriLep_DYJets.root
2026-08-18 18:29:34,382 - INFO - [2018] MISSING_SYSTEMATIC: SR1E2Mu/MuonIDSF_Up/NMinusOne/nbjet_ge1/pair/mass in Skim_TriLep_DYJets.root
2026-08-18 18:29:34,382 - INFO - [2018] MISSING_SYSTEMATIC: SR1E2Mu/MuonIDSF_Down/NMinusOne/nbjet_ge1/pair/mass in Skim_TriLep_DYJets.root
2026-08-18 18:29:34,383 - INFO - [2018] MISSING_SYSTEMATIC: SR1E2Mu/ElectronRecoSF_Up/NMinusOne/nbjet_ge1/pair/mass in Skim_TriLep_DYJets.root
2026-08-18 18:29:34,383 - INFO - [2018] MISSING_SYSTEMATIC: SR1E2Mu/ElectronRecoSF_Down/NMinusOne/nbjet_ge1/pair/mass in Skim_TriLep_DYJets.root
2026-08-18 18:29:34,384 - INFO - [2018] MISSING_SYSTEMATIC: SR1E2Mu/ElectronIDSF_Up/NMinusOne/nbjet_ge1/pair/mass in Skim_TriLep_DYJets.root
2026-08-18 18:29:34,384 - INFO - [2018] MISSING_SYSTEMATIC: SR1E2Mu/ElectronIDSF_Down/NMinusOne/nbjet_ge1/pair/mass in Skim_TriLep_DYJets.root
2026-08-18 18:29:34,384 - INFO - [2018] MISSING_SYSTEMATIC: SR1E2Mu/EMuTrigSF_Up/NMinusOne/nbjet_ge1/pair/mass in Skim_TriLep_DYJets.root
2026-08-18 18:29:34,384 - INFO - [2018] MISSING_SYSTEMATIC: SR1E2Mu/EMuTrigSF_Down/NMinusOne/nbjet_ge1/pair/mass in Skim_TriLep_DYJets.root
2026-08-18 18:29:34,385 - INFO - [2018] MISSING_SYSTEMATIC: SR1E2Mu/JetEn_Up/NMinusOne/nbjet_ge1/pair/mass in Skim_TriLep_DYJets.root
2026-08-18 18:29:34,385 - INFO - [2018] MISSING_SYSTEMATIC: SR1E2Mu/JetEn_Down/NMinusOne/nbjet_ge1/pair/mass in Skim_TriLep_DYJets.root
2026-08-18 18:29:34,385 - INFO - [2018] MISSING_SYSTEMATIC: SR1E2Mu/JetRes_Up/NMinusOne/nbjet_ge1/pair/mass in Skim_TriLep_DYJets.root
2026-08-18 18:29:34,385 - INFO - [2018] MISSING_SYSTEMATIC: SR1E2Mu/JetRes_Down/NMinusOne/nbjet_ge1/pair/mass in Skim_TriLep_DYJets.root
2026-08-18 18:29:34,386 - INFO - [2018] MISSING_SYSTEMATIC: SR1E2Mu/MuonEn_Up/NMinusOne/nbjet_ge1/pair/mass in Skim_TriLep_DYJets.root
2026-08-18 18:29:34,386 - INFO - [2018] MISSING_SYSTEMATIC: SR1E2Mu/MuonEn_Down/NMinusOne/nbjet_ge1/pair/mass in Skim_TriLep_DYJets.root
2026-08-18 18:29:34,387 - INFO - [2018] MISSING_SYSTEMATIC: SR1E2Mu/ElectronEn_Up/NMinusOne/nbjet_ge1/pair/mass in Skim_TriLep_DYJets.root
2026-08-18 18:29:34,387 - INFO - [2018] MISSING_SYSTEMATIC: SR1E2Mu/ElectronEn_Down/NMinusOne/nbjet_ge1/pair/mass in Skim_TriLep_DYJets.root
2026-08-18 18:29:34,387 - INFO - [2018] MISSING_SYSTEMATIC: SR1E2Mu/ElectronRes_Up/NMinusOne/nbjet_ge1/pair/mass in Skim_TriLep_DYJets.root
2026-08-18 18:29:34,387 - INFO - [2018] MISSING_SYSTEMATIC: SR1E2Mu/ElectronRes_Down/NMinusOne/nbjet_ge1/pair/mass in Skim_TriLep_DYJets.root
2026-08-18 18:29:34,388 - INFO - [2018] MISSING_SYSTEMATIC: SR1E2Mu/UnclusteredEn_Up/NMinusOne/nbjet_ge1/pair/mass in Skim_TriLep_DYJets.root
2026-08-18 18:29:34,388 - INFO - [2018] MISSING_SYSTEMATIC: SR1E2Mu/UnclusteredEn_Down/NMinusOne/nbjet_ge1/pair/mass in Skim_TriLep_DYJets.root
2026-08-18 18:29:34,389 - INFO - [2018] MISSING_SYSTEMATIC: SR1E2Mu/BtagSF_HFcorr_Up/NMinusOne/nbjet_ge1/pair/mass in Skim_TriLep_DYJets.root
2026-08-18 18:29:34,389 - INFO - [2018] MISSING_SYSTEMATIC: SR1E2Mu/BtagSF_HFcorr_Down/NMinusOne/nbjet_ge1/pair/mass in Skim_TriLep_DYJets.root
2026-08-18 18:29:34,389 - INFO - [2018] MISSING_SYSTEMATIC: SR1E2Mu/BtagSF_HFuncorr_Up/NMinusOne/nbjet_ge1/pair/mass in Skim_TriLep_DYJets.root
2026-08-18 18:29:34,389 - INFO - [2018] MISSING_SYSTEMATIC: SR1E2Mu/BtagSF_HFuncorr_Down/NMinusOne/nbjet_ge1/pair/mass in Skim_TriLep_DYJets.root
2026-08-18 18:29:34,390 - INFO - [2018] MISSING_SYSTEMATIC: SR1E2Mu/BtagSF_LFcorr_Up/NMinusOne/nbjet_ge1/pair/mass in Skim_TriLep_DYJets.root
2026-08-18 18:29:34,390 - INFO - [2018] MISSING_SYSTEMATIC: SR1E2Mu/BtagSF_LFcorr_Down/NMinusOne/nbjet_ge1/pair/mass in Skim_TriLep_DYJets.root
2026-08-18 18:29:34,391 - INFO - [2018] MISSING_SYSTEMATIC: SR1E2Mu/BtagSF_LFuncorr_Up/NMinusOne/nbjet_ge1/pair/mass in Skim_TriLep_DYJets.root
2026-08-18 18:29:34,391 - INFO - [2018] MISSING_SYSTEMATIC: SR1E2Mu/BtagSF_LFuncorr_Down/NMinusOne/nbjet_ge1/pair/mass in Skim_TriLep_DYJets.root
2026-08-18 18:29:34,391 - INFO - [2018] MISSING_CENTRAL: SR1E2Mu/Central/NMinusOne/nbjet_ge1/pair/mass in Skim_TriLep_DYJets10to50.root
2026-08-18 18:29:34,392 - INFO - [2018] MISSING_SYSTEMATIC: SR1E2Mu/L1Prefire_Up/NMinusOne/nbjet_ge1/pair/mass in Skim_TriLep_TTG.root
2026-08-18 18:29:34,392 - INFO - [2018] MISSING_SYSTEMATIC: SR1E2Mu/L1Prefire_Down/NMinusOne/nbjet_ge1/pair/mass in Skim_TriLep_TTG.root
2026-08-18 18:29:34,393 - INFO - [2018] MISSING_SYSTEMATIC: SR1E2Mu/PileupReweight_Up/NMinusOne/nbjet_ge1/pair/mass in Skim_TriLep_TTG.root
2026-08-18 18:29:34,393 - INFO - [2018] MISSING_SYSTEMATIC: SR1E2Mu/PileupReweight_Down/NMinusOne/nbjet_ge1/pair/mass in Skim_TriLep_TTG.root
2026-08-18 18:29:34,393 - INFO - [2018] MISSING_SYSTEMATIC: SR1E2Mu/PileupJetIDSF_Up/NMinusOne/nbjet_ge1/pair/mass in Skim_TriLep_TTG.root
2026-08-18 18:29:34,393 - INFO - [2018] MISSING_SYSTEMATIC: SR1E2Mu/PileupJetIDSF_Down/NMinusOne/nbjet_ge1/pair/mass in Skim_TriLep_TTG.root
2026-08-18 18:29:34,394 - INFO - [2018] MISSING_SYSTEMATIC: SR1E2Mu/MuonIDSF_Up/NMinusOne/nbjet_ge1/pair/mass in Skim_TriLep_TTG.root
2026-08-18 18:29:34,394 - INFO - [2018] MISSING_SYSTEMATIC: SR1E2Mu/MuonIDSF_Down/NMinusOne/nbjet_ge1/pair/mass in Skim_TriLep_TTG.root
2026-08-18 18:29:34,394 - INFO - [2018] MISSING_SYSTEMATIC: SR1E2Mu/ElectronRecoSF_Up/NMinusOne/nbjet_ge1/pair/mass in Skim_TriLep_TTG.root
2026-08-18 18:29:34,394 - INFO - [2018] MISSING_SYSTEMATIC: SR1E2Mu/ElectronRecoSF_Down/NMinusOne/nbjet_ge1/pair/mass in Skim_TriLep_TTG.root
2026-08-18 18:29:34,395 - INFO - [2018] MISSING_SYSTEMATIC: SR1E2Mu/ElectronIDSF_Up/NMinusOne/nbjet_ge1/pair/mass in Skim_TriLep_TTG.root
2026-08-18 18:29:34,395 - INFO - [2018] MISSING_SYSTEMATIC: SR1E2Mu/ElectronIDSF_Down/NMinusOne/nbjet_ge1/pair/mass in Skim_TriLep_TTG.root
2026-08-18 18:29:34,396 - INFO - [2018] MISSING_SYSTEMATIC: SR1E2Mu/EMuTrigSF_Up/NMinusOne/nbjet_ge1/pair/mass in Skim_TriLep_TTG.root
2026-08-18 18:29:34,396 - INFO - [2018] MISSING_SYSTEMATIC: SR1E2Mu/EMuTrigSF_Down/NMinusOne/nbjet_ge1/pair/mass in Skim_TriLep_TTG.root
2026-08-18 18:29:34,396 - INFO - [2018] MISSING_SYSTEMATIC: SR1E2Mu/JetEn_Up/NMinusOne/nbjet_ge1/pair/mass in Skim_TriLep_TTG.root
2026-08-18 18:29:34,396 - INFO - [2018] MISSING_SYSTEMATIC: SR1E2Mu/JetEn_Down/NMinusOne/nbjet_ge1/pair/mass in Skim_TriLep_TTG.root
2026-08-18 18:29:34,397 - INFO - [2018] MISSING_SYSTEMATIC: SR1E2Mu/JetRes_Up/NMinusOne/nbjet_ge1/pair/mass in Skim_TriLep_TTG.root
2026-08-18 18:29:34,397 - INFO - [2018] MISSING_SYSTEMATIC: SR1E2Mu/JetRes_Down/NMinusOne/nbjet_ge1/pair/mass in Skim_TriLep_TTG.root
2026-08-18 18:29:34,398 - INFO - [2018] MISSING_SYSTEMATIC: SR1E2Mu/MuonEn_Up/NMinusOne/nbjet_ge1/pair/mass in Skim_TriLep_TTG.root
2026-08-18 18:29:34,398 - INFO - [2018] MISSING_SYSTEMATIC: SR1E2Mu/MuonEn_Down/NMinusOne/nbjet_ge1/pair/mass in Skim_TriLep_TTG.root
2026-08-18 18:29:34,398 - INFO - [2018] MISSING_SYSTEMATIC: SR1E2Mu/ElectronEn_Up/NMinusOne/nbjet_ge1/pair/mass in Skim_TriLep_TTG.root
2026-08-18 18:29:34,398 - INFO - [2018] MISSING_SYSTEMATIC: SR1E2Mu/ElectronEn_Down/NMinusOne/nbjet_ge1/pair/mass in Skim_TriLep_TTG.root
2026-08-18 18:29:34,399 - INFO - [2018] MISSING_SYSTEMATIC: SR1E2Mu/ElectronRes_Up/NMinusOne/nbjet_ge1/pair/mass in Skim_TriLep_TTG.root
2026-08-18 18:29:34,399 - INFO - [2018] MISSING_SYSTEMATIC: SR1E2Mu/ElectronRes_Down/NMinusOne/nbjet_ge1/pair/mass in Skim_TriLep_TTG.root
2026-08-18 18:29:34,399 - INFO - [2018] MISSING_SYSTEMATIC: SR1E2Mu/UnclusteredEn_Up/NMinusOne/nbjet_ge1/pair/mass in Skim_TriLep_TTG.root
2026-08-18 18:29:34,399 - INFO - [2018] MISSING_SYSTEMATIC: SR1E2Mu/UnclusteredEn_Down/NMinusOne/nbjet_ge1/pair/mass in Skim_TriLep_TTG.root
2026-08-18 18:29:34,400 - INFO - [2018] MISSING_SYSTEMATIC: SR1E2Mu/BtagSF_HFcorr_Up/NMinusOne/nbjet_ge1/pair/mass in Skim_TriLep_TTG.root
2026-08-18 18:29:34,400 - INFO - [2018] MISSING_SYSTEMATIC: SR1E2Mu/BtagSF_HFcorr_Down/NMinusOne/nbjet_ge1/pair/mass in Skim_TriLep_TTG.root
2026-08-18 18:29:34,401 - INFO - [2018] MISSING_SYSTEMATIC: SR1E2Mu/BtagSF_HFuncorr_Up/NMinusOne/nbjet_ge1/pair/mass in Skim_TriLep_TTG.root
2026-08-18 18:29:34,401 - INFO - [2018] MISSING_SYSTEMATIC: SR1E2Mu/BtagSF_HFuncorr_Down/NMinusOne/nbjet_ge1/pair/mass in Skim_TriLep_TTG.root
2026-08-18 18:29:34,401 - INFO - [2018] MISSING_SYSTEMATIC: SR1E2Mu/BtagSF_LFcorr_Up/NMinusOne/nbjet_ge1/pair/mass in Skim_TriLep_TTG.root
2026-08-18 18:29:34,401 - INFO - [2018] MISSING_SYSTEMATIC: SR1E2Mu/BtagSF_LFcorr_Down/NMinusOne/nbjet_ge1/pair/mass in Skim_TriLep_TTG.root
2026-08-18 18:29:34,402 - INFO - [2018] MISSING_SYSTEMATIC: SR1E2Mu/BtagSF_LFuncorr_Up/NMinusOne/nbjet_ge1/pair/mass in Skim_TriLep_TTG.root
2026-08-18 18:29:34,402 - INFO - [2018] MISSING_SYSTEMATIC: SR1E2Mu/BtagSF_LFuncorr_Down/NMinusOne/nbjet_ge1/pair/mass in Skim_TriLep_TTG.root
2026-08-18 18:29:34,403 - INFO - [2018] MISSING_SYSTEMATIC: SR1E2Mu/L1Prefire_Up/NMinusOne/nbjet_ge1/pair/mass in Skim_TriLep_WWG.root
2026-08-18 18:29:34,403 - INFO - [2018] MISSING_SYSTEMATIC: SR1E2Mu/L1Prefire_Down/NMinusOne/nbjet_ge1/pair/mass in Skim_TriLep_WWG.root
2026-08-18 18:29:34,404 - INFO - [2018] MISSING_SYSTEMATIC: SR1E2Mu/PileupReweight_Up/NMinusOne/nbjet_ge1/pair/mass in Skim_TriLep_WWG.root
2026-08-18 18:29:34,404 - INFO - [2018] MISSING_SYSTEMATIC: SR1E2Mu/PileupReweight_Down/NMinusOne/nbjet_ge1/pair/mass in Skim_TriLep_WWG.root
2026-08-18 18:29:34,404 - INFO - [2018] MISSING_SYSTEMATIC: SR1E2Mu/PileupJetIDSF_Up/NMinusOne/nbjet_ge1/pair/mass in Skim_TriLep_WWG.root
2026-08-18 18:29:34,404 - INFO - [2018] MISSING_SYSTEMATIC: SR1E2Mu/PileupJetIDSF_Down/NMinusOne/nbjet_ge1/pair/mass in Skim_TriLep_WWG.root
2026-08-18 18:29:34,405 - INFO - [2018] MISSING_SYSTEMATIC: SR1E2Mu/MuonIDSF_Up/NMinusOne/nbjet_ge1/pair/mass in Skim_TriLep_WWG.root
2026-08-18 18:29:34,405 - INFO - [2018] MISSING_SYSTEMATIC: SR1E2Mu/MuonIDSF_Down/NMinusOne/nbjet_ge1/pair/mass in Skim_TriLep_WWG.root
2026-08-18 18:29:34,406 - INFO - [2018] MISSING_SYSTEMATIC: SR1E2Mu/ElectronRecoSF_Up/NMinusOne/nbjet_ge1/pair/mass in Skim_TriLep_WWG.root
2026-08-18 18:29:34,406 - INFO - [2018] MISSING_SYSTEMATIC: SR1E2Mu/ElectronRecoSF_Down/NMinusOne/nbjet_ge1/pair/mass in Skim_TriLep_WWG.root
2026-08-18 18:29:34,406 - INFO - [2018] MISSING_SYSTEMATIC: SR1E2Mu/ElectronIDSF_Up/NMinusOne/nbjet_ge1/pair/mass in Skim_TriLep_WWG.root
2026-08-18 18:29:34,406 - INFO - [2018] MISSING_SYSTEMATIC: SR1E2Mu/ElectronIDSF_Down/NMinusOne/nbjet_ge1/pair/mass in Skim_TriLep_WWG.root
2026-08-18 18:29:34,407 - INFO - [2018] MISSING_SYSTEMATIC: SR1E2Mu/EMuTrigSF_Up/NMinusOne/nbjet_ge1/pair/mass in Skim_TriLep_WWG.root
2026-08-18 18:29:34,407 - INFO - [2018] MISSING_SYSTEMATIC: SR1E2Mu/EMuTrigSF_Down/NMinusOne/nbjet_ge1/pair/mass in Skim_TriLep_WWG.root
2026-08-18 18:29:34,407 - INFO - [2018] MISSING_SYSTEMATIC: SR1E2Mu/JetEn_Up/NMinusOne/nbjet_ge1/pair/mass in Skim_TriLep_WWG.root
2026-08-18 18:29:34,407 - INFO - [2018] MISSING_SYSTEMATIC: SR1E2Mu/JetEn_Down/NMinusOne/nbjet_ge1/pair/mass in Skim_TriLep_WWG.root
2026-08-18 18:29:34,408 - INFO - [2018] MISSING_SYSTEMATIC: SR1E2Mu/JetRes_Up/NMinusOne/nbjet_ge1/pair/mass in Skim_TriLep_WWG.root
2026-08-18 18:29:34,408 - INFO - [2018] MISSING_SYSTEMATIC: SR1E2Mu/JetRes_Down/NMinusOne/nbjet_ge1/pair/mass in Skim_TriLep_WWG.root
2026-08-18 18:29:34,409 - INFO - [2018] MISSING_SYSTEMATIC: SR1E2Mu/MuonEn_Up/NMinusOne/nbjet_ge1/pair/mass in Skim_TriLep_WWG.root
2026-08-18 18:29:34,409 - INFO - [2018] MISSING_SYSTEMATIC: SR1E2Mu/MuonEn_Down/NMinusOne/nbjet_ge1/pair/mass in Skim_TriLep_WWG.root
2026-08-18 18:29:34,409 - INFO - [2018] MISSING_SYSTEMATIC: SR1E2Mu/ElectronEn_Up/NMinusOne/nbjet_ge1/pair/mass in Skim_TriLep_WWG.root
2026-08-18 18:29:34,409 - INFO - [2018] MISSING_SYSTEMATIC: SR1E2Mu/ElectronEn_Down/NMinusOne/nbjet_ge1/pair/mass in Skim_TriLep_WWG.root
2026-08-18 18:29:34,410 - INFO - [2018] MISSING_SYSTEMATIC: SR1E2Mu/ElectronRes_Up/NMinusOne/nbjet_ge1/pair/mass in Skim_TriLep_WWG.root
2026-08-18 18:29:34,410 - INFO - [2018] MISSING_SYSTEMATIC: SR1E2Mu/ElectronRes_Down/NMinusOne/nbjet_ge1/pair/mass in Skim_TriLep_WWG.root
2026-08-18 18:29:34,411 - INFO - [2018] MISSING_SYSTEMATIC: SR1E2Mu/UnclusteredEn_Up/NMinusOne/nbjet_ge1/pair/mass in Skim_TriLep_WWG.root
2026-08-18 18:29:34,411 - INFO - [2018] MISSING_SYSTEMATIC: SR1E2Mu/UnclusteredEn_Down/NMinusOne/nbjet_ge1/pair/mass in Skim_TriLep_WWG.root
2026-08-18 18:29:34,411 - INFO - [2018] MISSING_SYSTEMATIC: SR1E2Mu/BtagSF_HFcorr_Up/NMinusOne/nbjet_ge1/pair/mass in Skim_TriLep_WWG.root
2026-08-18 18:29:34,411 - INFO - [2018] MISSING_SYSTEMATIC: SR1E2Mu/BtagSF_HFcorr_Down/NMinusOne/nbjet_ge1/pair/mass in Skim_TriLep_WWG.root
2026-08-18 18:29:34,412 - INFO - [2018] MISSING_SYSTEMATIC: SR1E2Mu/BtagSF_HFuncorr_Up/NMinusOne/nbjet_ge1/pair/mass in Skim_TriLep_WWG.root
2026-08-18 18:29:34,412 - INFO - [2018] MISSING_SYSTEMATIC: SR1E2Mu/BtagSF_HFuncorr_Down/NMinusOne/nbjet_ge1/pair/mass in Skim_TriLep_WWG.root
2026-08-18 18:29:34,412 - INFO - [2018] MISSING_SYSTEMATIC: SR1E2Mu/BtagSF_LFcorr_Up/NMinusOne/nbjet_ge1/pair/mass in Skim_TriLep_WWG.root
2026-08-18 18:29:34,412 - INFO - [2018] MISSING_SYSTEMATIC: SR1E2Mu/BtagSF_LFcorr_Down/NMinusOne/nbjet_ge1/pair/mass in Skim_TriLep_WWG.root
2026-08-18 18:29:34,413 - INFO - [2018] MISSING_SYSTEMATIC: SR1E2Mu/BtagSF_LFuncorr_Up/NMinusOne/nbjet_ge1/pair/mass in Skim_TriLep_WWG.root
2026-08-18 18:29:34,413 - INFO - [2018] MISSING_SYSTEMATIC: SR1E2Mu/BtagSF_LFuncorr_Down/NMinusOne/nbjet_ge1/pair/mass in Skim_TriLep_WWG.root
2026-08-18 18:29:34,414 - INFO - [2018] MISSING_SYSTEMATIC: SR1E2Mu/L1Prefire_Up/NMinusOne/nbjet_ge1/pair/mass in Skim_TriLep_TTWToLNu.root
2026-08-18 18:29:34,414 - INFO - [2018] MISSING_SYSTEMATIC: SR1E2Mu/L1Prefire_Down/NMinusOne/nbjet_ge1/pair/mass in Skim_TriLep_TTWToLNu.root
2026-08-18 18:29:34,415 - INFO - [2018] MISSING_SYSTEMATIC: SR1E2Mu/PileupReweight_Up/NMinusOne/nbjet_ge1/pair/mass in Skim_TriLep_TTWToLNu.root
2026-08-18 18:29:34,415 - INFO - [2018] MISSING_SYSTEMATIC: SR1E2Mu/PileupReweight_Down/NMinusOne/nbjet_ge1/pair/mass in Skim_TriLep_TTWToLNu.root
2026-08-18 18:29:34,415 - INFO - [2018] MISSING_SYSTEMATIC: SR1E2Mu/PileupJetIDSF_Up/NMinusOne/nbjet_ge1/pair/mass in Skim_TriLep_TTWToLNu.root
2026-08-18 18:29:34,415 - INFO - [2018] MISSING_SYSTEMATIC: SR1E2Mu/PileupJetIDSF_Down/NMinusOne/nbjet_ge1/pair/mass in Skim_TriLep_TTWToLNu.root
2026-08-18 18:29:34,416 - INFO - [2018] MISSING_SYSTEMATIC: SR1E2Mu/MuonIDSF_Up/NMinusOne/nbjet_ge1/pair/mass in Skim_TriLep_TTWToLNu.root
2026-08-18 18:29:34,416 - INFO - [2018] MISSING_SYSTEMATIC: SR1E2Mu/MuonIDSF_Down/NMinusOne/nbjet_ge1/pair/mass in Skim_TriLep_TTWToLNu.root
2026-08-18 18:29:34,417 - INFO - [2018] MISSING_SYSTEMATIC: SR1E2Mu/ElectronRecoSF_Up/NMinusOne/nbjet_ge1/pair/mass in Skim_TriLep_TTWToLNu.root
2026-08-18 18:29:34,417 - INFO - [2018] MISSING_SYSTEMATIC: SR1E2Mu/ElectronRecoSF_Down/NMinusOne/nbjet_ge1/pair/mass in Skim_TriLep_TTWToLNu.root
2026-08-18 18:29:34,417 - INFO - [2018] MISSING_SYSTEMATIC: SR1E2Mu/ElectronIDSF_Up/NMinusOne/nbjet_ge1/pair/mass in Skim_TriLep_TTWToLNu.root
2026-08-18 18:29:34,417 - INFO - [2018] MISSING_SYSTEMATIC: SR1E2Mu/ElectronIDSF_Down/NMinusOne/nbjet_ge1/pair/mass in Skim_TriLep_TTWToLNu.root
2026-08-18 18:29:34,418 - INFO - [2018] MISSING_SYSTEMATIC: SR1E2Mu/EMuTrigSF_Up/NMinusOne/nbjet_ge1/pair/mass in Skim_TriLep_TTWToLNu.root
2026-08-18 18:29:34,418 - INFO - [2018] MISSING_SYSTEMATIC: SR1E2Mu/EMuTrigSF_Down/NMinusOne/nbjet_ge1/pair/mass in Skim_TriLep_TTWToLNu.root
2026-08-18 18:29:34,419 - INFO - [2018] MISSING_SYSTEMATIC: SR1E2Mu/JetEn_Up/NMinusOne/nbjet_ge1/pair/mass in Skim_TriLep_TTWToLNu.root
2026-08-18 18:29:34,419 - INFO - [2018] MISSING_SYSTEMATIC: SR1E2Mu/JetEn_Down/NMinusOne/nbjet_ge1/pair/mass in Skim_TriLep_TTWToLNu.root
2026-08-18 18:29:34,419 - INFO - [2018] MISSING_SYSTEMATIC: SR1E2Mu/JetRes_Up/NMinusOne/nbjet_ge1/pair/mass in Skim_TriLep_TTWToLNu.root
2026-08-18 18:29:34,419 - INFO - [2018] MISSING_SYSTEMATIC: SR1E2Mu/JetRes_Down/NMinusOne/nbjet_ge1/pair/mass in Skim_TriLep_TTWToLNu.root
2026-08-18 18:29:34,420 - INFO - [2018] MISSING_SYSTEMATIC: SR1E2Mu/MuonEn_Up/NMinusOne/nbjet_ge1/pair/mass in Skim_TriLep_TTWToLNu.root
2026-08-18 18:29:34,420 - INFO - [2018] MISSING_SYSTEMATIC: SR1E2Mu/MuonEn_Down/NMinusOne/nbjet_ge1/pair/mass in Skim_TriLep_TTWToLNu.root
2026-08-18 18:29:34,421 - INFO - [2018] MISSING_SYSTEMATIC: SR1E2Mu/ElectronEn_Up/NMinusOne/nbjet_ge1/pair/mass in Skim_TriLep_TTWToLNu.root
2026-08-18 18:29:34,421 - INFO - [2018] MISSING_SYSTEMATIC: SR1E2Mu/ElectronEn_Down/NMinusOne/nbjet_ge1/pair/mass in Skim_TriLep_TTWToLNu.root
2026-08-18 18:29:34,421 - INFO - [2018] MISSING_SYSTEMATIC: SR1E2Mu/ElectronRes_Up/NMinusOne/nbjet_ge1/pair/mass in Skim_TriLep_TTWToLNu.root
2026-08-18 18:29:34,421 - INFO - [2018] MISSING_SYSTEMATIC: SR1E2Mu/ElectronRes_Down/NMinusOne/nbjet_ge1/pair/mass in Skim_TriLep_TTWToLNu.root
2026-08-18 18:29:34,422 - INFO - [2018] MISSING_SYSTEMATIC: SR1E2Mu/UnclusteredEn_Up/NMinusOne/nbjet_ge1/pair/mass in Skim_TriLep_TTWToLNu.root
2026-08-18 18:29:34,422 - INFO - [2018] MISSING_SYSTEMATIC: SR1E2Mu/UnclusteredEn_Down/NMinusOne/nbjet_ge1/pair/mass in Skim_TriLep_TTWToLNu.root
2026-08-18 18:29:34,422 - INFO - [2018] MISSING_SYSTEMATIC: SR1E2Mu/BtagSF_HFcorr_Up/NMinusOne/nbjet_ge1/pair/mass in Skim_TriLep_TTWToLNu.root
2026-08-18 18:29:34,422 - INFO - [2018] MISSING_SYSTEMATIC: SR1E2Mu/BtagSF_HFcorr_Down/NMinusOne/nbjet_ge1/pair/mass in Skim_TriLep_TTWToLNu.root
2026-08-18 18:29:34,423 - INFO - [2018] MISSING_SYSTEMATIC: SR1E2Mu/BtagSF_HFuncorr_Up/NMinusOne/nbjet_ge1/pair/mass in Skim_TriLep_TTWToLNu.root
2026-08-18 18:29:34,423 - INFO - [2018] MISSING_SYSTEMATIC: SR1E2Mu/BtagSF_HFuncorr_Down/NMinusOne/nbjet_ge1/pair/mass in Skim_TriLep_TTWToLNu.root
2026-08-18 18:29:34,424 - INFO - [2018] MISSING_SYSTEMATIC: SR1E2Mu/BtagSF_LFcorr_Up/NMinusOne/nbjet_ge1/pair/mass in Skim_TriLep_TTWToLNu.root
2026-08-18 18:29:34,424 - INFO - [2018] MISSING_SYSTEMATIC: SR1E2Mu/BtagSF_LFcorr_Down/NMinusOne/nbjet_ge1/pair/mass in Skim_TriLep_TTWToLNu.root
2026-08-18 18:29:34,424 - INFO - [2018] MISSING_SYSTEMATIC: SR1E2Mu/BtagSF_LFuncorr_Up/NMinusOne/nbjet_ge1/pair/mass in Skim_TriLep_TTWToLNu.root
2026-08-18 18:29:34,424 - INFO - [2018] MISSING_SYSTEMATIC: SR1E2Mu/BtagSF_LFuncorr_Down/NMinusOne/nbjet_ge1/pair/mass in Skim_TriLep_TTWToLNu.root
2026-08-18 18:29:34,425 - INFO - [2018] MISSING_SYSTEMATIC: SR1E2Mu/L1Prefire_Up/NMinusOne/nbjet_ge1/pair/mass in Skim_TriLep_TTZToLLNuNu.root
2026-08-18 18:29:34,425 - INFO - [2018] MISSING_SYSTEMATIC: SR1E2Mu/L1Prefire_Down/NMinusOne/nbjet_ge1/pair/mass in Skim_TriLep_TTZToLLNuNu.root
2026-08-18 18:29:34,426 - INFO - [2018] MISSING_SYSTEMATIC: SR1E2Mu/PileupReweight_Up/NMinusOne/nbjet_ge1/pair/mass in Skim_TriLep_TTZToLLNuNu.root
2026-08-18 18:29:34,426 - INFO - [2018] MISSING_SYSTEMATIC: SR1E2Mu/PileupReweight_Down/NMinusOne/nbjet_ge1/pair/mass in Skim_TriLep_TTZToLLNuNu.root
2026-08-18 18:29:34,427 - INFO - [2018] MISSING_SYSTEMATIC: SR1E2Mu/PileupJetIDSF_Up/NMinusOne/nbjet_ge1/pair/mass in Skim_TriLep_TTZToLLNuNu.root
2026-08-18 18:29:34,427 - INFO - [2018] MISSING_SYSTEMATIC: SR1E2Mu/PileupJetIDSF_Down/NMinusOne/nbjet_ge1/pair/mass in Skim_TriLep_TTZToLLNuNu.root
2026-08-18 18:29:34,427 - INFO - [2018] MISSING_SYSTEMATIC: SR1E2Mu/MuonIDSF_Up/NMinusOne/nbjet_ge1/pair/mass in Skim_TriLep_TTZToLLNuNu.root
2026-08-18 18:29:34,427 - INFO - [2018] MISSING_SYSTEMATIC: SR1E2Mu/MuonIDSF_Down/NMinusOne/nbjet_ge1/pair/mass in Skim_TriLep_TTZToLLNuNu.root
2026-08-18 18:29:34,428 - INFO - [2018] MISSING_SYSTEMATIC: SR1E2Mu/ElectronRecoSF_Up/NMinusOne/nbjet_ge1/pair/mass in Skim_TriLep_TTZToLLNuNu.root
2026-08-18 18:29:34,428 - INFO - [2018] MISSING_SYSTEMATIC: SR1E2Mu/ElectronRecoSF_Down/NMinusOne/nbjet_ge1/pair/mass in Skim_TriLep_TTZToLLNuNu.root
2026-08-18 18:29:34,429 - INFO - [2018] MISSING_SYSTEMATIC: SR1E2Mu/ElectronIDSF_Up/NMinusOne/nbjet_ge1/pair/mass in Skim_TriLep_TTZToLLNuNu.root
2026-08-18 18:29:34,429 - INFO - [2018] MISSING_SYSTEMATIC: SR1E2Mu/ElectronIDSF_Down/NMinusOne/nbjet_ge1/pair/mass in Skim_TriLep_TTZToLLNuNu.root
2026-08-18 18:29:34,429 - INFO - [2018] MISSING_SYSTEMATIC: SR1E2Mu/EMuTrigSF_Up/NMinusOne/nbjet_ge1/pair/mass in Skim_TriLep_TTZToLLNuNu.root
2026-08-18 18:29:34,429 - INFO - [2018] MISSING_SYSTEMATIC: SR1E2Mu/EMuTrigSF_Down/NMinusOne/nbjet_ge1/pair/mass in Skim_TriLep_TTZToLLNuNu.root
2026-08-18 18:29:34,430 - INFO - [2018] MISSING_SYSTEMATIC: SR1E2Mu/JetEn_Up/NMinusOne/nbjet_ge1/pair/mass in Skim_TriLep_TTZToLLNuNu.root
2026-08-18 18:29:34,430 - INFO - [2018] MISSING_SYSTEMATIC: SR1E2Mu/JetEn_Down/NMinusOne/nbjet_ge1/pair/mass in Skim_TriLep_TTZToLLNuNu.root
2026-08-18 18:29:34,431 - INFO - [2018] MISSING_SYSTEMATIC: SR1E2Mu/JetRes_Up/NMinusOne/nbjet_ge1/pair/mass in Skim_TriLep_TTZToLLNuNu.root
2026-08-18 18:29:34,431 - INFO - [2018] MISSING_SYSTEMATIC: SR1E2Mu/JetRes_Down/NMinusOne/nbjet_ge1/pair/mass in Skim_TriLep_TTZToLLNuNu.root
2026-08-18 18:29:34,431 - INFO - [2018] MISSING_SYSTEMATIC: SR1E2Mu/MuonEn_Up/NMinusOne/nbjet_ge1/pair/mass in Skim_TriLep_TTZToLLNuNu.root
2026-08-18 18:29:34,431 - INFO - [2018] MISSING_SYSTEMATIC: SR1E2Mu/MuonEn_Down/NMinusOne/nbjet_ge1/pair/mass in Skim_TriLep_TTZToLLNuNu.root
2026-08-18 18:29:34,432 - INFO - [2018] MISSING_SYSTEMATIC: SR1E2Mu/ElectronEn_Up/NMinusOne/nbjet_ge1/pair/mass in Skim_TriLep_TTZToLLNuNu.root
2026-08-18 18:29:34,432 - INFO - [2018] MISSING_SYSTEMATIC: SR1E2Mu/ElectronEn_Down/NMinusOne/nbjet_ge1/pair/mass in Skim_TriLep_TTZToLLNuNu.root
2026-08-18 18:29:34,433 - INFO - [2018] MISSING_SYSTEMATIC: SR1E2Mu/ElectronRes_Up/NMinusOne/nbjet_ge1/pair/mass in Skim_TriLep_TTZToLLNuNu.root
2026-08-18 18:29:34,433 - INFO - [2018] MISSING_SYSTEMATIC: SR1E2Mu/ElectronRes_Down/NMinusOne/nbjet_ge1/pair/mass in Skim_TriLep_TTZToLLNuNu.root
2026-08-18 18:29:34,433 - INFO - [2018] MISSING_SYSTEMATIC: SR1E2Mu/UnclusteredEn_Up/NMinusOne/nbjet_ge1/pair/mass in Skim_TriLep_TTZToLLNuNu.root
2026-08-18 18:29:34,433 - INFO - [2018] MISSING_SYSTEMATIC: SR1E2Mu/UnclusteredEn_Down/NMinusOne/nbjet_ge1/pair/mass in Skim_TriLep_TTZToLLNuNu.root
2026-08-18 18:29:34,434 - INFO - [2018] MISSING_SYSTEMATIC: SR1E2Mu/BtagSF_HFcorr_Up/NMinusOne/nbjet_ge1/pair/mass in Skim_TriLep_TTZToLLNuNu.root
2026-08-18 18:29:34,434 - INFO - [2018] MISSING_SYSTEMATIC: SR1E2Mu/BtagSF_HFcorr_Down/NMinusOne/nbjet_ge1/pair/mass in Skim_TriLep_TTZToLLNuNu.root
2026-08-18 18:29:34,434 - INFO - [2018] MISSING_SYSTEMATIC: SR1E2Mu/BtagSF_HFuncorr_Up/NMinusOne/nbjet_ge1/pair/mass in Skim_TriLep_TTZToLLNuNu.root
2026-08-18 18:29:34,435 - INFO - [2018] MISSING_SYSTEMATIC: SR1E2Mu/BtagSF_HFuncorr_Down/NMinusOne/nbjet_ge1/pair/mass in Skim_TriLep_TTZToLLNuNu.root
2026-08-18 18:29:34,435 - INFO - [2018] MISSING_SYSTEMATIC: SR1E2Mu/BtagSF_LFcorr_Up/NMinusOne/nbjet_ge1/pair/mass in Skim_TriLep_TTZToLLNuNu.root
2026-08-18 18:29:34,435 - INFO - [2018] MISSING_SYSTEMATIC: SR1E2Mu/BtagSF_LFcorr_Down/NMinusOne/nbjet_ge1/pair/mass in Skim_TriLep_TTZToLLNuNu.root
2026-08-18 18:29:34,436 - INFO - [2018] MISSING_SYSTEMATIC: SR1E2Mu/BtagSF_LFuncorr_Up/NMinusOne/nbjet_ge1/pair/mass in Skim_TriLep_TTZToLLNuNu.root
2026-08-18 18:29:34,436 - INFO - [2018] MISSING_SYSTEMATIC: SR1E2Mu/BtagSF_LFuncorr_Down/NMinusOne/nbjet_ge1/pair/mass in Skim_TriLep_TTZToLLNuNu.root
2026-08-18 18:29:34,437 - INFO - [2018] MISSING_SYSTEMATIC: SR1E2Mu/L1Prefire_Up/NMinusOne/nbjet_ge1/pair/mass in Skim_TriLep_TTHToNonbb.root
2026-08-18 18:29:34,437 - INFO - [2018] MISSING_SYSTEMATIC: SR1E2Mu/L1Prefire_Down/NMinusOne/nbjet_ge1/pair/mass in Skim_TriLep_TTHToNonbb.root
2026-08-18 18:29:34,438 - INFO - [2018] MISSING_SYSTEMATIC: SR1E2Mu/PileupReweight_Up/NMinusOne/nbjet_ge1/pair/mass in Skim_TriLep_TTHToNonbb.root
2026-08-18 18:29:34,438 - INFO - [2018] MISSING_SYSTEMATIC: SR1E2Mu/PileupReweight_Down/NMinusOne/nbjet_ge1/pair/mass in Skim_TriLep_TTHToNonbb.root
2026-08-18 18:29:34,438 - INFO - [2018] MISSING_SYSTEMATIC: SR1E2Mu/PileupJetIDSF_Up/NMinusOne/nbjet_ge1/pair/mass in Skim_TriLep_TTHToNonbb.root
2026-08-18 18:29:34,438 - INFO - [2018] MISSING_SYSTEMATIC: SR1E2Mu/PileupJetIDSF_Down/NMinusOne/nbjet_ge1/pair/mass in Skim_TriLep_TTHToNonbb.root
2026-08-18 18:29:34,439 - INFO - [2018] MISSING_SYSTEMATIC: SR1E2Mu/MuonIDSF_Up/NMinusOne/nbjet_ge1/pair/mass in Skim_TriLep_TTHToNonbb.root
2026-08-18 18:29:34,439 - INFO - [2018] MISSING_SYSTEMATIC: SR1E2Mu/MuonIDSF_Down/NMinusOne/nbjet_ge1/pair/mass in Skim_TriLep_TTHToNonbb.root
2026-08-18 18:29:34,439 - INFO - [2018] MISSING_SYSTEMATIC: SR1E2Mu/ElectronRecoSF_Up/NMinusOne/nbjet_ge1/pair/mass in Skim_TriLep_TTHToNonbb.root
2026-08-18 18:29:34,439 - INFO - [2018] MISSING_SYSTEMATIC: SR1E2Mu/ElectronRecoSF_Down/NMinusOne/nbjet_ge1/pair/mass in Skim_TriLep_TTHToNonbb.root
2026-08-18 18:29:34,440 - INFO - [2018] MISSING_SYSTEMATIC: SR1E2Mu/ElectronIDSF_Up/NMinusOne/nbjet_ge1/pair/mass in Skim_TriLep_TTHToNonbb.root
2026-08-18 18:29:34,440 - INFO - [2018] MISSING_SYSTEMATIC: SR1E2Mu/ElectronIDSF_Down/NMinusOne/nbjet_ge1/pair/mass in Skim_TriLep_TTHToNonbb.root
2026-08-18 18:29:34,441 - INFO - [2018] MISSING_SYSTEMATIC: SR1E2Mu/EMuTrigSF_Up/NMinusOne/nbjet_ge1/pair/mass in Skim_TriLep_TTHToNonbb.root
2026-08-18 18:29:34,441 - INFO - [2018] MISSING_SYSTEMATIC: SR1E2Mu/EMuTrigSF_Down/NMinusOne/nbjet_ge1/pair/mass in Skim_TriLep_TTHToNonbb.root
2026-08-18 18:29:34,441 - INFO - [2018] MISSING_SYSTEMATIC: SR1E2Mu/JetEn_Up/NMinusOne/nbjet_ge1/pair/mass in Skim_TriLep_TTHToNonbb.root
2026-08-18 18:29:34,441 - INFO - [2018] MISSING_SYSTEMATIC: SR1E2Mu/JetEn_Down/NMinusOne/nbjet_ge1/pair/mass in Skim_TriLep_TTHToNonbb.root
2026-08-18 18:29:34,442 - INFO - [2018] MISSING_SYSTEMATIC: SR1E2Mu/JetRes_Up/NMinusOne/nbjet_ge1/pair/mass in Skim_TriLep_TTHToNonbb.root
2026-08-18 18:29:34,442 - INFO - [2018] MISSING_SYSTEMATIC: SR1E2Mu/JetRes_Down/NMinusOne/nbjet_ge1/pair/mass in Skim_TriLep_TTHToNonbb.root
2026-08-18 18:29:34,443 - INFO - [2018] MISSING_SYSTEMATIC: SR1E2Mu/MuonEn_Up/NMinusOne/nbjet_ge1/pair/mass in Skim_TriLep_TTHToNonbb.root
2026-08-18 18:29:34,443 - INFO - [2018] MISSING_SYSTEMATIC: SR1E2Mu/MuonEn_Down/NMinusOne/nbjet_ge1/pair/mass in Skim_TriLep_TTHToNonbb.root
2026-08-18 18:29:34,443 - INFO - [2018] MISSING_SYSTEMATIC: SR1E2Mu/ElectronEn_Up/NMinusOne/nbjet_ge1/pair/mass in Skim_TriLep_TTHToNonbb.root
2026-08-18 18:29:34,443 - INFO - [2018] MISSING_SYSTEMATIC: SR1E2Mu/ElectronEn_Down/NMinusOne/nbjet_ge1/pair/mass in Skim_TriLep_TTHToNonbb.root
2026-08-18 18:29:34,444 - INFO - [2018] MISSING_SYSTEMATIC: SR1E2Mu/ElectronRes_Up/NMinusOne/nbjet_ge1/pair/mass in Skim_TriLep_TTHToNonbb.root
2026-08-18 18:29:34,444 - INFO - [2018] MISSING_SYSTEMATIC: SR1E2Mu/ElectronRes_Down/NMinusOne/nbjet_ge1/pair/mass in Skim_TriLep_TTHToNonbb.root
2026-08-18 18:29:34,445 - INFO - [2018] MISSING_SYSTEMATIC: SR1E2Mu/UnclusteredEn_Up/NMinusOne/nbjet_ge1/pair/mass in Skim_TriLep_TTHToNonbb.root
2026-08-18 18:29:34,445 - INFO - [2018] MISSING_SYSTEMATIC: SR1E2Mu/UnclusteredEn_Down/NMinusOne/nbjet_ge1/pair/mass in Skim_TriLep_TTHToNonbb.root
2026-08-18 18:29:34,445 - INFO - [2018] MISSING_SYSTEMATIC: SR1E2Mu/BtagSF_HFcorr_Up/NMinusOne/nbjet_ge1/pair/mass in Skim_TriLep_TTHToNonbb.root
2026-08-18 18:29:34,445 - INFO - [2018] MISSING_SYSTEMATIC: SR1E2Mu/BtagSF_HFcorr_Down/NMinusOne/nbjet_ge1/pair/mass in Skim_TriLep_TTHToNonbb.root
2026-08-18 18:29:34,446 - INFO - [2018] MISSING_SYSTEMATIC: SR1E2Mu/BtagSF_HFuncorr_Up/NMinusOne/nbjet_ge1/pair/mass in Skim_TriLep_TTHToNonbb.root
2026-08-18 18:29:34,446 - INFO - [2018] MISSING_SYSTEMATIC: SR1E2Mu/BtagSF_HFuncorr_Down/NMinusOne/nbjet_ge1/pair/mass in Skim_TriLep_TTHToNonbb.root
2026-08-18 18:29:34,447 - INFO - [2018] MISSING_SYSTEMATIC: SR1E2Mu/BtagSF_LFcorr_Up/NMinusOne/nbjet_ge1/pair/mass in Skim_TriLep_TTHToNonbb.root
2026-08-18 18:29:34,447 - INFO - [2018] MISSING_SYSTEMATIC: SR1E2Mu/BtagSF_LFcorr_Down/NMinusOne/nbjet_ge1/pair/mass in Skim_TriLep_TTHToNonbb.root
2026-08-18 18:29:34,447 - INFO - [2018] MISSING_SYSTEMATIC: SR1E2Mu/BtagSF_LFuncorr_Up/NMinusOne/nbjet_ge1/pair/mass in Skim_TriLep_TTHToNonbb.root
2026-08-18 18:29:34,447 - INFO - [2018] MISSING_SYSTEMATIC: SR1E2Mu/BtagSF_LFuncorr_Down/NMinusOne/nbjet_ge1/pair/mass in Skim_TriLep_TTHToNonbb.root
2026-08-18 18:29:34,448 - INFO - [2018] MISSING_SYSTEMATIC: SR1E2Mu/L1Prefire_Up/NMinusOne/nbjet_ge1/pair/mass in Skim_TriLep_tZq.root
2026-08-18 18:29:34,448 - INFO - [2018] MISSING_SYSTEMATIC: SR1E2Mu/L1Prefire_Down/NMinusOne/nbjet_ge1/pair/mass in Skim_TriLep_tZq.root
2026-08-18 18:29:34,449 - INFO - [2018] MISSING_SYSTEMATIC: SR1E2Mu/PileupReweight_Up/NMinusOne/nbjet_ge1/pair/mass in Skim_TriLep_tZq.root
2026-08-18 18:29:34,449 - INFO - [2018] MISSING_SYSTEMATIC: SR1E2Mu/PileupReweight_Down/NMinusOne/nbjet_ge1/pair/mass in Skim_TriLep_tZq.root
2026-08-18 18:29:34,450 - INFO - [2018] MISSING_SYSTEMATIC: SR1E2Mu/PileupJetIDSF_Up/NMinusOne/nbjet_ge1/pair/mass in Skim_TriLep_tZq.root
2026-08-18 18:29:34,450 - INFO - [2018] MISSING_SYSTEMATIC: SR1E2Mu/PileupJetIDSF_Down/NMinusOne/nbjet_ge1/pair/mass in Skim_TriLep_tZq.root
2026-08-18 18:29:34,450 - INFO - [2018] MISSING_SYSTEMATIC: SR1E2Mu/MuonIDSF_Up/NMinusOne/nbjet_ge1/pair/mass in Skim_TriLep_tZq.root
2026-08-18 18:29:34,450 - INFO - [2018] MISSING_SYSTEMATIC: SR1E2Mu/MuonIDSF_Down/NMinusOne/nbjet_ge1/pair/mass in Skim_TriLep_tZq.root
2026-08-18 18:29:34,451 - INFO - [2018] MISSING_SYSTEMATIC: SR1E2Mu/ElectronRecoSF_Up/NMinusOne/nbjet_ge1/pair/mass in Skim_TriLep_tZq.root
2026-08-18 18:29:34,451 - INFO - [2018] MISSING_SYSTEMATIC: SR1E2Mu/ElectronRecoSF_Down/NMinusOne/nbjet_ge1/pair/mass in Skim_TriLep_tZq.root
2026-08-18 18:29:34,451 - INFO - [2018] MISSING_SYSTEMATIC: SR1E2Mu/ElectronIDSF_Up/NMinusOne/nbjet_ge1/pair/mass in Skim_TriLep_tZq.root
2026-08-18 18:29:34,451 - INFO - [2018] MISSING_SYSTEMATIC: SR1E2Mu/ElectronIDSF_Down/NMinusOne/nbjet_ge1/pair/mass in Skim_TriLep_tZq.root
2026-08-18 18:29:34,452 - INFO - [2018] MISSING_SYSTEMATIC: SR1E2Mu/EMuTrigSF_Up/NMinusOne/nbjet_ge1/pair/mass in Skim_TriLep_tZq.root
2026-08-18 18:29:34,452 - INFO - [2018] MISSING_SYSTEMATIC: SR1E2Mu/EMuTrigSF_Down/NMinusOne/nbjet_ge1/pair/mass in Skim_TriLep_tZq.root
2026-08-18 18:29:34,453 - INFO - [2018] MISSING_SYSTEMATIC: SR1E2Mu/JetEn_Up/NMinusOne/nbjet_ge1/pair/mass in Skim_TriLep_tZq.root
2026-08-18 18:29:34,453 - INFO - [2018] MISSING_SYSTEMATIC: SR1E2Mu/JetEn_Down/NMinusOne/nbjet_ge1/pair/mass in Skim_TriLep_tZq.root
2026-08-18 18:29:34,453 - INFO - [2018] MISSING_SYSTEMATIC: SR1E2Mu/JetRes_Up/NMinusOne/nbjet_ge1/pair/mass in Skim_TriLep_tZq.root
2026-08-18 18:29:34,453 - INFO - [2018] MISSING_SYSTEMATIC: SR1E2Mu/JetRes_Down/NMinusOne/nbjet_ge1/pair/mass in Skim_TriLep_tZq.root
2026-08-18 18:29:34,454 - INFO - [2018] MISSING_SYSTEMATIC: SR1E2Mu/MuonEn_Up/NMinusOne/nbjet_ge1/pair/mass in Skim_TriLep_tZq.root
2026-08-18 18:29:34,454 - INFO - [2018] MISSING_SYSTEMATIC: SR1E2Mu/MuonEn_Down/NMinusOne/nbjet_ge1/pair/mass in Skim_TriLep_tZq.root
2026-08-18 18:29:34,455 - INFO - [2018] MISSING_SYSTEMATIC: SR1E2Mu/ElectronEn_Up/NMinusOne/nbjet_ge1/pair/mass in Skim_TriLep_tZq.root
2026-08-18 18:29:34,455 - INFO - [2018] MISSING_SYSTEMATIC: SR1E2Mu/ElectronEn_Down/NMinusOne/nbjet_ge1/pair/mass in Skim_TriLep_tZq.root
2026-08-18 18:29:34,455 - INFO - [2018] MISSING_SYSTEMATIC: SR1E2Mu/ElectronRes_Up/NMinusOne/nbjet_ge1/pair/mass in Skim_TriLep_tZq.root
2026-08-18 18:29:34,455 - INFO - [2018] MISSING_SYSTEMATIC: SR1E2Mu/ElectronRes_Down/NMinusOne/nbjet_ge1/pair/mass in Skim_TriLep_tZq.root
2026-08-18 18:29:34,456 - INFO - [2018] MISSING_SYSTEMATIC: SR1E2Mu/UnclusteredEn_Up/NMinusOne/nbjet_ge1/pair/mass in Skim_TriLep_tZq.root
2026-08-18 18:29:34,456 - INFO - [2018] MISSING_SYSTEMATIC: SR1E2Mu/UnclusteredEn_Down/NMinusOne/nbjet_ge1/pair/mass in Skim_TriLep_tZq.root
2026-08-18 18:29:34,456 - INFO - [2018] MISSING_SYSTEMATIC: SR1E2Mu/BtagSF_HFcorr_Up/NMinusOne/nbjet_ge1/pair/mass in Skim_TriLep_tZq.root
2026-08-18 18:29:34,456 - INFO - [2018] MISSING_SYSTEMATIC: SR1E2Mu/BtagSF_HFcorr_Down/NMinusOne/nbjet_ge1/pair/mass in Skim_TriLep_tZq.root
2026-08-18 18:29:34,457 - INFO - [2018] MISSING_SYSTEMATIC: SR1E2Mu/BtagSF_HFuncorr_Up/NMinusOne/nbjet_ge1/pair/mass in Skim_TriLep_tZq.root
2026-08-18 18:29:34,457 - INFO - [2018] MISSING_SYSTEMATIC: SR1E2Mu/BtagSF_HFuncorr_Down/NMinusOne/nbjet_ge1/pair/mass in Skim_TriLep_tZq.root
2026-08-18 18:29:34,458 - INFO - [2018] MISSING_SYSTEMATIC: SR1E2Mu/BtagSF_LFcorr_Up/NMinusOne/nbjet_ge1/pair/mass in Skim_TriLep_tZq.root
2026-08-18 18:29:34,458 - INFO - [2018] MISSING_SYSTEMATIC: SR1E2Mu/BtagSF_LFcorr_Down/NMinusOne/nbjet_ge1/pair/mass in Skim_TriLep_tZq.root
2026-08-18 18:29:34,458 - INFO - [2018] MISSING_SYSTEMATIC: SR1E2Mu/BtagSF_LFuncorr_Up/NMinusOne/nbjet_ge1/pair/mass in Skim_TriLep_tZq.root
2026-08-18 18:29:34,458 - INFO - [2018] MISSING_SYSTEMATIC: SR1E2Mu/BtagSF_LFuncorr_Down/NMinusOne/nbjet_ge1/pair/mass in Skim_TriLep_tZq.root
2026-08-18 18:29:34,459 - INFO - [2018] MISSING_SYSTEMATIC: SR1E2Mu/L1Prefire_Up/NMinusOne/nbjet_ge1/pair/mass in Skim_TriLep_WZTo3LNu_amcatnlo.root
2026-08-18 18:29:34,459 - INFO - [2018] MISSING_SYSTEMATIC: SR1E2Mu/L1Prefire_Down/NMinusOne/nbjet_ge1/pair/mass in Skim_TriLep_WZTo3LNu_amcatnlo.root
2026-08-18 18:29:34,460 - INFO - [2018] MISSING_SYSTEMATIC: SR1E2Mu/PileupReweight_Up/NMinusOne/nbjet_ge1/pair/mass in Skim_TriLep_WZTo3LNu_amcatnlo.root
2026-08-18 18:29:34,460 - INFO - [2018] MISSING_SYSTEMATIC: SR1E2Mu/PileupReweight_Down/NMinusOne/nbjet_ge1/pair/mass in Skim_TriLep_WZTo3LNu_amcatnlo.root
2026-08-18 18:29:34,461 - INFO - [2018] MISSING_SYSTEMATIC: SR1E2Mu/PileupJetIDSF_Up/NMinusOne/nbjet_ge1/pair/mass in Skim_TriLep_WZTo3LNu_amcatnlo.root
2026-08-18 18:29:34,461 - INFO - [2018] MISSING_SYSTEMATIC: SR1E2Mu/PileupJetIDSF_Down/NMinusOne/nbjet_ge1/pair/mass in Skim_TriLep_WZTo3LNu_amcatnlo.root
2026-08-18 18:29:34,461 - INFO - [2018] MISSING_SYSTEMATIC: SR1E2Mu/MuonIDSF_Up/NMinusOne/nbjet_ge1/pair/mass in Skim_TriLep_WZTo3LNu_amcatnlo.root
2026-08-18 18:29:34,461 - INFO - [2018] MISSING_SYSTEMATIC: SR1E2Mu/MuonIDSF_Down/NMinusOne/nbjet_ge1/pair/mass in Skim_TriLep_WZTo3LNu_amcatnlo.root
2026-08-18 18:29:34,462 - INFO - [2018] MISSING_SYSTEMATIC: SR1E2Mu/ElectronRecoSF_Up/NMinusOne/nbjet_ge1/pair/mass in Skim_TriLep_WZTo3LNu_amcatnlo.root
2026-08-18 18:29:34,462 - INFO - [2018] MISSING_SYSTEMATIC: SR1E2Mu/ElectronRecoSF_Down/NMinusOne/nbjet_ge1/pair/mass in Skim_TriLep_WZTo3LNu_amcatnlo.root
2026-08-18 18:29:34,463 - INFO - [2018] MISSING_SYSTEMATIC: SR1E2Mu/ElectronIDSF_Up/NMinusOne/nbjet_ge1/pair/mass in Skim_TriLep_WZTo3LNu_amcatnlo.root
2026-08-18 18:29:34,463 - INFO - [2018] MISSING_SYSTEMATIC: SR1E2Mu/ElectronIDSF_Down/NMinusOne/nbjet_ge1/pair/mass in Skim_TriLep_WZTo3LNu_amcatnlo.root
2026-08-18 18:29:34,463 - INFO - [2018] MISSING_SYSTEMATIC: SR1E2Mu/EMuTrigSF_Up/NMinusOne/nbjet_ge1/pair/mass in Skim_TriLep_WZTo3LNu_amcatnlo.root
2026-08-18 18:29:34,463 - INFO - [2018] MISSING_SYSTEMATIC: SR1E2Mu/EMuTrigSF_Down/NMinusOne/nbjet_ge1/pair/mass in Skim_TriLep_WZTo3LNu_amcatnlo.root
2026-08-18 18:29:34,464 - INFO - [2018] MISSING_SYSTEMATIC: SR1E2Mu/JetEn_Up/NMinusOne/nbjet_ge1/pair/mass in Skim_TriLep_WZTo3LNu_amcatnlo.root
2026-08-18 18:29:34,464 - INFO - [2018] MISSING_SYSTEMATIC: SR1E2Mu/JetEn_Down/NMinusOne/nbjet_ge1/pair/mass in Skim_TriLep_WZTo3LNu_amcatnlo.root
2026-08-18 18:29:34,465 - INFO - [2018] MISSING_SYSTEMATIC: SR1E2Mu/JetRes_Up/NMinusOne/nbjet_ge1/pair/mass in Skim_TriLep_WZTo3LNu_amcatnlo.root
2026-08-18 18:29:34,465 - INFO - [2018] MISSING_SYSTEMATIC: SR1E2Mu/JetRes_Down/NMinusOne/nbjet_ge1/pair/mass in Skim_TriLep_WZTo3LNu_amcatnlo.root
2026-08-18 18:29:34,465 - INFO - [2018] MISSING_SYSTEMATIC: SR1E2Mu/MuonEn_Up/NMinusOne/nbjet_ge1/pair/mass in Skim_TriLep_WZTo3LNu_amcatnlo.root
2026-08-18 18:29:34,465 - INFO - [2018] MISSING_SYSTEMATIC: SR1E2Mu/MuonEn_Down/NMinusOne/nbjet_ge1/pair/mass in Skim_TriLep_WZTo3LNu_amcatnlo.root
2026-08-18 18:29:34,466 - INFO - [2018] MISSING_SYSTEMATIC: SR1E2Mu/ElectronEn_Up/NMinusOne/nbjet_ge1/pair/mass in Skim_TriLep_WZTo3LNu_amcatnlo.root
2026-08-18 18:29:34,466 - INFO - [2018] MISSING_SYSTEMATIC: SR1E2Mu/ElectronEn_Down/NMinusOne/nbjet_ge1/pair/mass in Skim_TriLep_WZTo3LNu_amcatnlo.root
2026-08-18 18:29:34,467 - INFO - [2018] MISSING_SYSTEMATIC: SR1E2Mu/ElectronRes_Up/NMinusOne/nbjet_ge1/pair/mass in Skim_TriLep_WZTo3LNu_amcatnlo.root
2026-08-18 18:29:34,467 - INFO - [2018] MISSING_SYSTEMATIC: SR1E2Mu/ElectronRes_Down/NMinusOne/nbjet_ge1/pair/mass in Skim_TriLep_WZTo3LNu_amcatnlo.root
2026-08-18 18:29:34,467 - INFO - [2018] MISSING_SYSTEMATIC: SR1E2Mu/UnclusteredEn_Up/NMinusOne/nbjet_ge1/pair/mass in Skim_TriLep_WZTo3LNu_amcatnlo.root
2026-08-18 18:29:34,467 - INFO - [2018] MISSING_SYSTEMATIC: SR1E2Mu/UnclusteredEn_Down/NMinusOne/nbjet_ge1/pair/mass in Skim_TriLep_WZTo3LNu_amcatnlo.root
2026-08-18 18:29:34,468 - INFO - [2018] MISSING_SYSTEMATIC: SR1E2Mu/BtagSF_HFcorr_Up/NMinusOne/nbjet_ge1/pair/mass in Skim_TriLep_WZTo3LNu_amcatnlo.root
2026-08-18 18:29:34,468 - INFO - [2018] MISSING_SYSTEMATIC: SR1E2Mu/BtagSF_HFcorr_Down/NMinusOne/nbjet_ge1/pair/mass in Skim_TriLep_WZTo3LNu_amcatnlo.root
2026-08-18 18:29:34,469 - INFO - [2018] MISSING_SYSTEMATIC: SR1E2Mu/BtagSF_HFuncorr_Up/NMinusOne/nbjet_ge1/pair/mass in Skim_TriLep_WZTo3LNu_amcatnlo.root
2026-08-18 18:29:34,469 - INFO - [2018] MISSING_SYSTEMATIC: SR1E2Mu/BtagSF_HFuncorr_Down/NMinusOne/nbjet_ge1/pair/mass in Skim_TriLep_WZTo3LNu_amcatnlo.root
2026-08-18 18:29:34,469 - INFO - [2018] MISSING_SYSTEMATIC: SR1E2Mu/BtagSF_LFcorr_Up/NMinusOne/nbjet_ge1/pair/mass in Skim_TriLep_WZTo3LNu_amcatnlo.root
2026-08-18 18:29:34,469 - INFO - [2018] MISSING_SYSTEMATIC: SR1E2Mu/BtagSF_LFcorr_Down/NMinusOne/nbjet_ge1/pair/mass in Skim_TriLep_WZTo3LNu_amcatnlo.root
2026-08-18 18:29:34,470 - INFO - [2018] MISSING_SYSTEMATIC: SR1E2Mu/BtagSF_LFuncorr_Up/NMinusOne/nbjet_ge1/pair/mass in Skim_TriLep_WZTo3LNu_amcatnlo.root
2026-08-18 18:29:34,470 - INFO - [2018] MISSING_SYSTEMATIC: SR1E2Mu/BtagSF_LFuncorr_Down/NMinusOne/nbjet_ge1/pair/mass in Skim_TriLep_WZTo3LNu_amcatnlo.root
2026-08-18 18:29:34,471 - INFO - [2018] MISSING_SYSTEMATIC: SR1E2Mu/L1Prefire_Up/NMinusOne/nbjet_ge1/pair/mass in Skim_TriLep_ZZTo4L_powheg.root
2026-08-18 18:29:34,471 - INFO - [2018] MISSING_SYSTEMATIC: SR1E2Mu/L1Prefire_Down/NMinusOne/nbjet_ge1/pair/mass in Skim_TriLep_ZZTo4L_powheg.root
2026-08-18 18:29:34,472 - INFO - [2018] MISSING_SYSTEMATIC: SR1E2Mu/PileupReweight_Up/NMinusOne/nbjet_ge1/pair/mass in Skim_TriLep_ZZTo4L_powheg.root
2026-08-18 18:29:34,472 - INFO - [2018] MISSING_SYSTEMATIC: SR1E2Mu/PileupReweight_Down/NMinusOne/nbjet_ge1/pair/mass in Skim_TriLep_ZZTo4L_powheg.root
2026-08-18 18:29:34,472 - INFO - [2018] MISSING_SYSTEMATIC: SR1E2Mu/PileupJetIDSF_Up/NMinusOne/nbjet_ge1/pair/mass in Skim_TriLep_ZZTo4L_powheg.root
2026-08-18 18:29:34,472 - INFO - [2018] MISSING_SYSTEMATIC: SR1E2Mu/PileupJetIDSF_Down/NMinusOne/nbjet_ge1/pair/mass in Skim_TriLep_ZZTo4L_powheg.root
2026-08-18 18:29:34,473 - INFO - [2018] MISSING_SYSTEMATIC: SR1E2Mu/MuonIDSF_Up/NMinusOne/nbjet_ge1/pair/mass in Skim_TriLep_ZZTo4L_powheg.root
2026-08-18 18:29:34,473 - INFO - [2018] MISSING_SYSTEMATIC: SR1E2Mu/MuonIDSF_Down/NMinusOne/nbjet_ge1/pair/mass in Skim_TriLep_ZZTo4L_powheg.root
2026-08-18 18:29:34,474 - INFO - [2018] MISSING_SYSTEMATIC: SR1E2Mu/ElectronRecoSF_Up/NMinusOne/nbjet_ge1/pair/mass in Skim_TriLep_ZZTo4L_powheg.root
2026-08-18 18:29:34,474 - INFO - [2018] MISSING_SYSTEMATIC: SR1E2Mu/ElectronRecoSF_Down/NMinusOne/nbjet_ge1/pair/mass in Skim_TriLep_ZZTo4L_powheg.root
2026-08-18 18:29:34,474 - INFO - [2018] MISSING_SYSTEMATIC: SR1E2Mu/ElectronIDSF_Up/NMinusOne/nbjet_ge1/pair/mass in Skim_TriLep_ZZTo4L_powheg.root
2026-08-18 18:29:34,474 - INFO - [2018] MISSING_SYSTEMATIC: SR1E2Mu/ElectronIDSF_Down/NMinusOne/nbjet_ge1/pair/mass in Skim_TriLep_ZZTo4L_powheg.root
2026-08-18 18:29:34,475 - INFO - [2018] MISSING_SYSTEMATIC: SR1E2Mu/EMuTrigSF_Up/NMinusOne/nbjet_ge1/pair/mass in Skim_TriLep_ZZTo4L_powheg.root
2026-08-18 18:29:34,475 - INFO - [2018] MISSING_SYSTEMATIC: SR1E2Mu/EMuTrigSF_Down/NMinusOne/nbjet_ge1/pair/mass in Skim_TriLep_ZZTo4L_powheg.root
2026-08-18 18:29:34,476 - INFO - [2018] MISSING_SYSTEMATIC: SR1E2Mu/JetEn_Up/NMinusOne/nbjet_ge1/pair/mass in Skim_TriLep_ZZTo4L_powheg.root
2026-08-18 18:29:34,476 - INFO - [2018] MISSING_SYSTEMATIC: SR1E2Mu/JetEn_Down/NMinusOne/nbjet_ge1/pair/mass in Skim_TriLep_ZZTo4L_powheg.root
2026-08-18 18:29:34,476 - INFO - [2018] MISSING_SYSTEMATIC: SR1E2Mu/JetRes_Up/NMinusOne/nbjet_ge1/pair/mass in Skim_TriLep_ZZTo4L_powheg.root
2026-08-18 18:29:34,476 - INFO - [2018] MISSING_SYSTEMATIC: SR1E2Mu/JetRes_Down/NMinusOne/nbjet_ge1/pair/mass in Skim_TriLep_ZZTo4L_powheg.root
2026-08-18 18:29:34,477 - INFO - [2018] MISSING_SYSTEMATIC: SR1E2Mu/MuonEn_Up/NMinusOne/nbjet_ge1/pair/mass in Skim_TriLep_ZZTo4L_powheg.root
2026-08-18 18:29:34,477 - INFO - [2018] MISSING_SYSTEMATIC: SR1E2Mu/MuonEn_Down/NMinusOne/nbjet_ge1/pair/mass in Skim_TriLep_ZZTo4L_powheg.root
2026-08-18 18:29:34,478 - INFO - [2018] MISSING_SYSTEMATIC: SR1E2Mu/ElectronEn_Up/NMinusOne/nbjet_ge1/pair/mass in Skim_TriLep_ZZTo4L_powheg.root
2026-08-18 18:29:34,478 - INFO - [2018] MISSING_SYSTEMATIC: SR1E2Mu/ElectronEn_Down/NMinusOne/nbjet_ge1/pair/mass in Skim_TriLep_ZZTo4L_powheg.root
2026-08-18 18:29:34,478 - INFO - [2018] MISSING_SYSTEMATIC: SR1E2Mu/ElectronRes_Up/NMinusOne/nbjet_ge1/pair/mass in Skim_TriLep_ZZTo4L_powheg.root
2026-08-18 18:29:34,478 - INFO - [2018] MISSING_SYSTEMATIC: SR1E2Mu/ElectronRes_Down/NMinusOne/nbjet_ge1/pair/mass in Skim_TriLep_ZZTo4L_powheg.root
2026-08-18 18:29:34,479 - INFO - [2018] MISSING_SYSTEMATIC: SR1E2Mu/UnclusteredEn_Up/NMinusOne/nbjet_ge1/pair/mass in Skim_TriLep_ZZTo4L_powheg.root
2026-08-18 18:29:34,479 - INFO - [2018] MISSING_SYSTEMATIC: SR1E2Mu/UnclusteredEn_Down/NMinusOne/nbjet_ge1/pair/mass in Skim_TriLep_ZZTo4L_powheg.root
2026-08-18 18:29:34,480 - INFO - [2018] MISSING_SYSTEMATIC: SR1E2Mu/BtagSF_HFcorr_Up/NMinusOne/nbjet_ge1/pair/mass in Skim_TriLep_ZZTo4L_powheg.root
2026-08-18 18:29:34,480 - INFO - [2018] MISSING_SYSTEMATIC: SR1E2Mu/BtagSF_HFcorr_Down/NMinusOne/nbjet_ge1/pair/mass in Skim_TriLep_ZZTo4L_powheg.root
2026-08-18 18:29:34,480 - INFO - [2018] MISSING_SYSTEMATIC: SR1E2Mu/BtagSF_HFuncorr_Up/NMinusOne/nbjet_ge1/pair/mass in Skim_TriLep_ZZTo4L_powheg.root
2026-08-18 18:29:34,480 - INFO - [2018] MISSING_SYSTEMATIC: SR1E2Mu/BtagSF_HFuncorr_Down/NMinusOne/nbjet_ge1/pair/mass in Skim_TriLep_ZZTo4L_powheg.root
2026-08-18 18:29:34,481 - INFO - [2018] MISSING_SYSTEMATIC: SR1E2Mu/BtagSF_LFcorr_Up/NMinusOne/nbjet_ge1/pair/mass in Skim_TriLep_ZZTo4L_powheg.root
2026-08-18 18:29:34,481 - INFO - [2018] MISSING_SYSTEMATIC: SR1E2Mu/BtagSF_LFcorr_Down/NMinusOne/nbjet_ge1/pair/mass in Skim_TriLep_ZZTo4L_powheg.root
2026-08-18 18:29:34,482 - INFO - [2018] MISSING_SYSTEMATIC: SR1E2Mu/BtagSF_LFuncorr_Up/NMinusOne/nbjet_ge1/pair/mass in Skim_TriLep_ZZTo4L_powheg.root
2026-08-18 18:29:34,482 - INFO - [2018] MISSING_SYSTEMATIC: SR1E2Mu/BtagSF_LFuncorr_Down/NMinusOne/nbjet_ge1/pair/mass in Skim_TriLep_ZZTo4L_powheg.root
2026-08-18 18:29:34,483 - INFO - [2018] MISSING_SYSTEMATIC: SR1E2Mu/L1Prefire_Up/NMinusOne/nbjet_ge1/pair/mass in Skim_TriLep_tHq.root
2026-08-18 18:29:34,483 - INFO - [2018] MISSING_SYSTEMATIC: SR1E2Mu/L1Prefire_Down/NMinusOne/nbjet_ge1/pair/mass in Skim_TriLep_tHq.root
2026-08-18 18:29:34,483 - INFO - [2018] MISSING_SYSTEMATIC: SR1E2Mu/PileupReweight_Up/NMinusOne/nbjet_ge1/pair/mass in Skim_TriLep_tHq.root
2026-08-18 18:29:34,483 - INFO - [2018] MISSING_SYSTEMATIC: SR1E2Mu/PileupReweight_Down/NMinusOne/nbjet_ge1/pair/mass in Skim_TriLep_tHq.root
2026-08-18 18:29:34,484 - INFO - [2018] MISSING_SYSTEMATIC: SR1E2Mu/PileupJetIDSF_Up/NMinusOne/nbjet_ge1/pair/mass in Skim_TriLep_tHq.root
2026-08-18 18:29:34,484 - INFO - [2018] MISSING_SYSTEMATIC: SR1E2Mu/PileupJetIDSF_Down/NMinusOne/nbjet_ge1/pair/mass in Skim_TriLep_tHq.root
2026-08-18 18:29:34,484 - INFO - [2018] MISSING_SYSTEMATIC: SR1E2Mu/MuonIDSF_Up/NMinusOne/nbjet_ge1/pair/mass in Skim_TriLep_tHq.root
2026-08-18 18:29:34,484 - INFO - [2018] MISSING_SYSTEMATIC: SR1E2Mu/MuonIDSF_Down/NMinusOne/nbjet_ge1/pair/mass in Skim_TriLep_tHq.root
2026-08-18 18:29:34,485 - INFO - [2018] MISSING_SYSTEMATIC: SR1E2Mu/ElectronRecoSF_Up/NMinusOne/nbjet_ge1/pair/mass in Skim_TriLep_tHq.root
2026-08-18 18:29:34,485 - INFO - [2018] MISSING_SYSTEMATIC: SR1E2Mu/ElectronRecoSF_Down/NMinusOne/nbjet_ge1/pair/mass in Skim_TriLep_tHq.root
2026-08-18 18:29:34,486 - INFO - [2018] MISSING_SYSTEMATIC: SR1E2Mu/ElectronIDSF_Up/NMinusOne/nbjet_ge1/pair/mass in Skim_TriLep_tHq.root
2026-08-18 18:29:34,486 - INFO - [2018] MISSING_SYSTEMATIC: SR1E2Mu/ElectronIDSF_Down/NMinusOne/nbjet_ge1/pair/mass in Skim_TriLep_tHq.root
2026-08-18 18:29:34,486 - INFO - [2018] MISSING_SYSTEMATIC: SR1E2Mu/EMuTrigSF_Up/NMinusOne/nbjet_ge1/pair/mass in Skim_TriLep_tHq.root
2026-08-18 18:29:34,486 - INFO - [2018] MISSING_SYSTEMATIC: SR1E2Mu/EMuTrigSF_Down/NMinusOne/nbjet_ge1/pair/mass in Skim_TriLep_tHq.root
2026-08-18 18:29:34,487 - INFO - [2018] MISSING_SYSTEMATIC: SR1E2Mu/JetEn_Up/NMinusOne/nbjet_ge1/pair/mass in Skim_TriLep_tHq.root
2026-08-18 18:29:34,487 - INFO - [2018] MISSING_SYSTEMATIC: SR1E2Mu/JetEn_Down/NMinusOne/nbjet_ge1/pair/mass in Skim_TriLep_tHq.root
2026-08-18 18:29:34,488 - INFO - [2018] MISSING_SYSTEMATIC: SR1E2Mu/JetRes_Up/NMinusOne/nbjet_ge1/pair/mass in Skim_TriLep_tHq.root
2026-08-18 18:29:34,488 - INFO - [2018] MISSING_SYSTEMATIC: SR1E2Mu/JetRes_Down/NMinusOne/nbjet_ge1/pair/mass in Skim_TriLep_tHq.root
2026-08-18 18:29:34,488 - INFO - [2018] MISSING_SYSTEMATIC: SR1E2Mu/MuonEn_Up/NMinusOne/nbjet_ge1/pair/mass in Skim_TriLep_tHq.root
2026-08-18 18:29:34,488 - INFO - [2018] MISSING_SYSTEMATIC: SR1E2Mu/MuonEn_Down/NMinusOne/nbjet_ge1/pair/mass in Skim_TriLep_tHq.root
2026-08-18 18:29:34,489 - INFO - [2018] MISSING_SYSTEMATIC: SR1E2Mu/ElectronEn_Up/NMinusOne/nbjet_ge1/pair/mass in Skim_TriLep_tHq.root
2026-08-18 18:29:34,489 - INFO - [2018] MISSING_SYSTEMATIC: SR1E2Mu/ElectronEn_Down/NMinusOne/nbjet_ge1/pair/mass in Skim_TriLep_tHq.root
2026-08-18 18:29:34,489 - INFO - [2018] MISSING_SYSTEMATIC: SR1E2Mu/ElectronRes_Up/NMinusOne/nbjet_ge1/pair/mass in Skim_TriLep_tHq.root
2026-08-18 18:29:34,489 - INFO - [2018] MISSING_SYSTEMATIC: SR1E2Mu/ElectronRes_Down/NMinusOne/nbjet_ge1/pair/mass in Skim_TriLep_tHq.root
2026-08-18 18:29:34,490 - INFO - [2018] MISSING_SYSTEMATIC: SR1E2Mu/UnclusteredEn_Up/NMinusOne/nbjet_ge1/pair/mass in Skim_TriLep_tHq.root
2026-08-18 18:29:34,490 - INFO - [2018] MISSING_SYSTEMATIC: SR1E2Mu/UnclusteredEn_Down/NMinusOne/nbjet_ge1/pair/mass in Skim_TriLep_tHq.root
2026-08-18 18:29:34,491 - INFO - [2018] MISSING_SYSTEMATIC: SR1E2Mu/BtagSF_HFcorr_Up/NMinusOne/nbjet_ge1/pair/mass in Skim_TriLep_tHq.root
2026-08-18 18:29:34,491 - INFO - [2018] MISSING_SYSTEMATIC: SR1E2Mu/BtagSF_HFcorr_Down/NMinusOne/nbjet_ge1/pair/mass in Skim_TriLep_tHq.root
2026-08-18 18:29:34,491 - INFO - [2018] MISSING_SYSTEMATIC: SR1E2Mu/BtagSF_HFuncorr_Up/NMinusOne/nbjet_ge1/pair/mass in Skim_TriLep_tHq.root
2026-08-18 18:29:34,491 - INFO - [2018] MISSING_SYSTEMATIC: SR1E2Mu/BtagSF_HFuncorr_Down/NMinusOne/nbjet_ge1/pair/mass in Skim_TriLep_tHq.root
2026-08-18 18:29:34,492 - INFO - [2018] MISSING_SYSTEMATIC: SR1E2Mu/BtagSF_LFcorr_Up/NMinusOne/nbjet_ge1/pair/mass in Skim_TriLep_tHq.root
2026-08-18 18:29:34,492 - INFO - [2018] MISSING_SYSTEMATIC: SR1E2Mu/BtagSF_LFcorr_Down/NMinusOne/nbjet_ge1/pair/mass in Skim_TriLep_tHq.root
2026-08-18 18:29:34,493 - INFO - [2018] MISSING_SYSTEMATIC: SR1E2Mu/BtagSF_LFuncorr_Up/NMinusOne/nbjet_ge1/pair/mass in Skim_TriLep_tHq.root
2026-08-18 18:29:34,493 - INFO - [2018] MISSING_SYSTEMATIC: SR1E2Mu/BtagSF_LFuncorr_Down/NMinusOne/nbjet_ge1/pair/mass in Skim_TriLep_tHq.root
2026-08-18 18:29:34,494 - INFO - [2018] MISSING_SYSTEMATIC: SR1E2Mu/L1Prefire_Up/NMinusOne/nbjet_ge1/pair/mass in Skim_TriLep_tHW.root
2026-08-18 18:29:34,494 - INFO - [2018] MISSING_SYSTEMATIC: SR1E2Mu/L1Prefire_Down/NMinusOne/nbjet_ge1/pair/mass in Skim_TriLep_tHW.root
2026-08-18 18:29:34,494 - INFO - [2018] MISSING_SYSTEMATIC: SR1E2Mu/PileupReweight_Up/NMinusOne/nbjet_ge1/pair/mass in Skim_TriLep_tHW.root
2026-08-18 18:29:34,494 - INFO - [2018] MISSING_SYSTEMATIC: SR1E2Mu/PileupReweight_Down/NMinusOne/nbjet_ge1/pair/mass in Skim_TriLep_tHW.root
2026-08-18 18:29:34,495 - INFO - [2018] MISSING_SYSTEMATIC: SR1E2Mu/PileupJetIDSF_Up/NMinusOne/nbjet_ge1/pair/mass in Skim_TriLep_tHW.root
2026-08-18 18:29:34,495 - INFO - [2018] MISSING_SYSTEMATIC: SR1E2Mu/PileupJetIDSF_Down/NMinusOne/nbjet_ge1/pair/mass in Skim_TriLep_tHW.root
2026-08-18 18:29:34,495 - INFO - [2018] MISSING_SYSTEMATIC: SR1E2Mu/MuonIDSF_Up/NMinusOne/nbjet_ge1/pair/mass in Skim_TriLep_tHW.root
2026-08-18 18:29:34,495 - INFO - [2018] MISSING_SYSTEMATIC: SR1E2Mu/MuonIDSF_Down/NMinusOne/nbjet_ge1/pair/mass in Skim_TriLep_tHW.root
2026-08-18 18:29:34,496 - INFO - [2018] MISSING_SYSTEMATIC: SR1E2Mu/ElectronRecoSF_Up/NMinusOne/nbjet_ge1/pair/mass in Skim_TriLep_tHW.root
2026-08-18 18:29:34,496 - INFO - [2018] MISSING_SYSTEMATIC: SR1E2Mu/ElectronRecoSF_Down/NMinusOne/nbjet_ge1/pair/mass in Skim_TriLep_tHW.root
2026-08-18 18:29:34,497 - INFO - [2018] MISSING_SYSTEMATIC: SR1E2Mu/ElectronIDSF_Up/NMinusOne/nbjet_ge1/pair/mass in Skim_TriLep_tHW.root
2026-08-18 18:29:34,497 - INFO - [2018] MISSING_SYSTEMATIC: SR1E2Mu/ElectronIDSF_Down/NMinusOne/nbjet_ge1/pair/mass in Skim_TriLep_tHW.root
2026-08-18 18:29:34,497 - INFO - [2018] MISSING_SYSTEMATIC: SR1E2Mu/EMuTrigSF_Up/NMinusOne/nbjet_ge1/pair/mass in Skim_TriLep_tHW.root
2026-08-18 18:29:34,497 - INFO - [2018] MISSING_SYSTEMATIC: SR1E2Mu/EMuTrigSF_Down/NMinusOne/nbjet_ge1/pair/mass in Skim_TriLep_tHW.root
2026-08-18 18:29:34,498 - INFO - [2018] MISSING_SYSTEMATIC: SR1E2Mu/JetEn_Up/NMinusOne/nbjet_ge1/pair/mass in Skim_TriLep_tHW.root
2026-08-18 18:29:34,498 - INFO - [2018] MISSING_SYSTEMATIC: SR1E2Mu/JetEn_Down/NMinusOne/nbjet_ge1/pair/mass in Skim_TriLep_tHW.root
2026-08-18 18:29:34,499 - INFO - [2018] MISSING_SYSTEMATIC: SR1E2Mu/JetRes_Up/NMinusOne/nbjet_ge1/pair/mass in Skim_TriLep_tHW.root
2026-08-18 18:29:34,499 - INFO - [2018] MISSING_SYSTEMATIC: SR1E2Mu/JetRes_Down/NMinusOne/nbjet_ge1/pair/mass in Skim_TriLep_tHW.root
2026-08-18 18:29:34,499 - INFO - [2018] MISSING_SYSTEMATIC: SR1E2Mu/MuonEn_Up/NMinusOne/nbjet_ge1/pair/mass in Skim_TriLep_tHW.root
2026-08-18 18:29:34,499 - INFO - [2018] MISSING_SYSTEMATIC: SR1E2Mu/MuonEn_Down/NMinusOne/nbjet_ge1/pair/mass in Skim_TriLep_tHW.root
2026-08-18 18:29:34,500 - INFO - [2018] MISSING_SYSTEMATIC: SR1E2Mu/ElectronEn_Up/NMinusOne/nbjet_ge1/pair/mass in Skim_TriLep_tHW.root
2026-08-18 18:29:34,500 - INFO - [2018] MISSING_SYSTEMATIC: SR1E2Mu/ElectronEn_Down/NMinusOne/nbjet_ge1/pair/mass in Skim_TriLep_tHW.root
2026-08-18 18:29:34,500 - INFO - [2018] MISSING_SYSTEMATIC: SR1E2Mu/ElectronRes_Up/NMinusOne/nbjet_ge1/pair/mass in Skim_TriLep_tHW.root
2026-08-18 18:29:34,500 - INFO - [2018] MISSING_SYSTEMATIC: SR1E2Mu/ElectronRes_Down/NMinusOne/nbjet_ge1/pair/mass in Skim_TriLep_tHW.root
2026-08-18 18:29:34,501 - INFO - [2018] MISSING_SYSTEMATIC: SR1E2Mu/UnclusteredEn_Up/NMinusOne/nbjet_ge1/pair/mass in Skim_TriLep_tHW.root
2026-08-18 18:29:34,501 - INFO - [2018] MISSING_SYSTEMATIC: SR1E2Mu/UnclusteredEn_Down/NMinusOne/nbjet_ge1/pair/mass in Skim_TriLep_tHW.root
2026-08-18 18:29:34,502 - INFO - [2018] MISSING_SYSTEMATIC: SR1E2Mu/BtagSF_HFcorr_Up/NMinusOne/nbjet_ge1/pair/mass in Skim_TriLep_tHW.root
2026-08-18 18:29:34,502 - INFO - [2018] MISSING_SYSTEMATIC: SR1E2Mu/BtagSF_HFcorr_Down/NMinusOne/nbjet_ge1/pair/mass in Skim_TriLep_tHW.root
2026-08-18 18:29:34,502 - INFO - [2018] MISSING_SYSTEMATIC: SR1E2Mu/BtagSF_HFuncorr_Up/NMinusOne/nbjet_ge1/pair/mass in Skim_TriLep_tHW.root
2026-08-18 18:29:34,502 - INFO - [2018] MISSING_SYSTEMATIC: SR1E2Mu/BtagSF_HFuncorr_Down/NMinusOne/nbjet_ge1/pair/mass in Skim_TriLep_tHW.root
2026-08-18 18:29:34,503 - INFO - [2018] MISSING_SYSTEMATIC: SR1E2Mu/BtagSF_LFcorr_Up/NMinusOne/nbjet_ge1/pair/mass in Skim_TriLep_tHW.root
2026-08-18 18:29:34,503 - INFO - [2018] MISSING_SYSTEMATIC: SR1E2Mu/BtagSF_LFcorr_Down/NMinusOne/nbjet_ge1/pair/mass in Skim_TriLep_tHW.root
2026-08-18 18:29:34,504 - INFO - [2018] MISSING_SYSTEMATIC: SR1E2Mu/BtagSF_LFuncorr_Up/NMinusOne/nbjet_ge1/pair/mass in Skim_TriLep_tHW.root
2026-08-18 18:29:34,504 - INFO - [2018] MISSING_SYSTEMATIC: SR1E2Mu/BtagSF_LFuncorr_Down/NMinusOne/nbjet_ge1/pair/mass in Skim_TriLep_tHW.root
2026-08-18 18:29:34,505 - INFO - [2018] MISSING_SYSTEMATIC: SR1E2Mu/L1Prefire_Up/NMinusOne/nbjet_ge1/pair/mass in Skim_TriLep_tWZ_thadWlep.root
2026-08-18 18:29:34,505 - INFO - [2018] MISSING_SYSTEMATIC: SR1E2Mu/L1Prefire_Down/NMinusOne/nbjet_ge1/pair/mass in Skim_TriLep_tWZ_thadWlep.root
2026-08-18 18:29:34,505 - INFO - [2018] MISSING_SYSTEMATIC: SR1E2Mu/PileupReweight_Up/NMinusOne/nbjet_ge1/pair/mass in Skim_TriLep_tWZ_thadWlep.root
2026-08-18 18:29:34,505 - INFO - [2018] MISSING_SYSTEMATIC: SR1E2Mu/PileupReweight_Down/NMinusOne/nbjet_ge1/pair/mass in Skim_TriLep_tWZ_thadWlep.root
2026-08-18 18:29:34,506 - INFO - [2018] MISSING_SYSTEMATIC: SR1E2Mu/PileupJetIDSF_Up/NMinusOne/nbjet_ge1/pair/mass in Skim_TriLep_tWZ_thadWlep.root
2026-08-18 18:29:34,506 - INFO - [2018] MISSING_SYSTEMATIC: SR1E2Mu/PileupJetIDSF_Down/NMinusOne/nbjet_ge1/pair/mass in Skim_TriLep_tWZ_thadWlep.root
2026-08-18 18:29:34,507 - INFO - [2018] MISSING_SYSTEMATIC: SR1E2Mu/MuonIDSF_Up/NMinusOne/nbjet_ge1/pair/mass in Skim_TriLep_tWZ_thadWlep.root
2026-08-18 18:29:34,507 - INFO - [2018] MISSING_SYSTEMATIC: SR1E2Mu/MuonIDSF_Down/NMinusOne/nbjet_ge1/pair/mass in Skim_TriLep_tWZ_thadWlep.root
2026-08-18 18:29:34,507 - INFO - [2018] MISSING_SYSTEMATIC: SR1E2Mu/ElectronRecoSF_Up/NMinusOne/nbjet_ge1/pair/mass in Skim_TriLep_tWZ_thadWlep.root
2026-08-18 18:29:34,507 - INFO - [2018] MISSING_SYSTEMATIC: SR1E2Mu/ElectronRecoSF_Down/NMinusOne/nbjet_ge1/pair/mass in Skim_TriLep_tWZ_thadWlep.root
2026-08-18 18:29:34,508 - INFO - [2018] MISSING_SYSTEMATIC: SR1E2Mu/ElectronIDSF_Up/NMinusOne/nbjet_ge1/pair/mass in Skim_TriLep_tWZ_thadWlep.root
2026-08-18 18:29:34,508 - INFO - [2018] MISSING_SYSTEMATIC: SR1E2Mu/ElectronIDSF_Down/NMinusOne/nbjet_ge1/pair/mass in Skim_TriLep_tWZ_thadWlep.root
2026-08-18 18:29:34,509 - INFO - [2018] MISSING_SYSTEMATIC: SR1E2Mu/EMuTrigSF_Up/NMinusOne/nbjet_ge1/pair/mass in Skim_TriLep_tWZ_thadWlep.root
2026-08-18 18:29:34,509 - INFO - [2018] MISSING_SYSTEMATIC: SR1E2Mu/EMuTrigSF_Down/NMinusOne/nbjet_ge1/pair/mass in Skim_TriLep_tWZ_thadWlep.root
2026-08-18 18:29:34,509 - INFO - [2018] MISSING_SYSTEMATIC: SR1E2Mu/JetEn_Up/NMinusOne/nbjet_ge1/pair/mass in Skim_TriLep_tWZ_thadWlep.root
2026-08-18 18:29:34,509 - INFO - [2018] MISSING_SYSTEMATIC: SR1E2Mu/JetEn_Down/NMinusOne/nbjet_ge1/pair/mass in Skim_TriLep_tWZ_thadWlep.root
2026-08-18 18:29:34,510 - INFO - [2018] MISSING_SYSTEMATIC: SR1E2Mu/JetRes_Up/NMinusOne/nbjet_ge1/pair/mass in Skim_TriLep_tWZ_thadWlep.root
2026-08-18 18:29:34,510 - INFO - [2018] MISSING_SYSTEMATIC: SR1E2Mu/JetRes_Down/NMinusOne/nbjet_ge1/pair/mass in Skim_TriLep_tWZ_thadWlep.root
2026-08-18 18:29:34,510 - INFO - [2018] MISSING_SYSTEMATIC: SR1E2Mu/MuonEn_Up/NMinusOne/nbjet_ge1/pair/mass in Skim_TriLep_tWZ_thadWlep.root
2026-08-18 18:29:34,510 - INFO - [2018] MISSING_SYSTEMATIC: SR1E2Mu/MuonEn_Down/NMinusOne/nbjet_ge1/pair/mass in Skim_TriLep_tWZ_thadWlep.root
2026-08-18 18:29:34,511 - INFO - [2018] MISSING_SYSTEMATIC: SR1E2Mu/ElectronEn_Up/NMinusOne/nbjet_ge1/pair/mass in Skim_TriLep_tWZ_thadWlep.root
2026-08-18 18:29:34,511 - INFO - [2018] MISSING_SYSTEMATIC: SR1E2Mu/ElectronEn_Down/NMinusOne/nbjet_ge1/pair/mass in Skim_TriLep_tWZ_thadWlep.root
2026-08-18 18:29:34,512 - INFO - [2018] MISSING_SYSTEMATIC: SR1E2Mu/ElectronRes_Up/NMinusOne/nbjet_ge1/pair/mass in Skim_TriLep_tWZ_thadWlep.root
2026-08-18 18:29:34,512 - INFO - [2018] MISSING_SYSTEMATIC: SR1E2Mu/ElectronRes_Down/NMinusOne/nbjet_ge1/pair/mass in Skim_TriLep_tWZ_thadWlep.root
2026-08-18 18:29:34,512 - INFO - [2018] MISSING_SYSTEMATIC: SR1E2Mu/UnclusteredEn_Up/NMinusOne/nbjet_ge1/pair/mass in Skim_TriLep_tWZ_thadWlep.root
2026-08-18 18:29:34,512 - INFO - [2018] MISSING_SYSTEMATIC: SR1E2Mu/UnclusteredEn_Down/NMinusOne/nbjet_ge1/pair/mass in Skim_TriLep_tWZ_thadWlep.root
2026-08-18 18:29:34,513 - INFO - [2018] MISSING_SYSTEMATIC: SR1E2Mu/BtagSF_HFcorr_Up/NMinusOne/nbjet_ge1/pair/mass in Skim_TriLep_tWZ_thadWlep.root
2026-08-18 18:29:34,513 - INFO - [2018] MISSING_SYSTEMATIC: SR1E2Mu/BtagSF_HFcorr_Down/NMinusOne/nbjet_ge1/pair/mass in Skim_TriLep_tWZ_thadWlep.root
2026-08-18 18:29:34,514 - INFO - [2018] MISSING_SYSTEMATIC: SR1E2Mu/BtagSF_HFuncorr_Up/NMinusOne/nbjet_ge1/pair/mass in Skim_TriLep_tWZ_thadWlep.root
2026-08-18 18:29:34,514 - INFO - [2018] MISSING_SYSTEMATIC: SR1E2Mu/BtagSF_HFuncorr_Down/NMinusOne/nbjet_ge1/pair/mass in Skim_TriLep_tWZ_thadWlep.root
2026-08-18 18:29:34,514 - INFO - [2018] MISSING_SYSTEMATIC: SR1E2Mu/BtagSF_LFcorr_Up/NMinusOne/nbjet_ge1/pair/mass in Skim_TriLep_tWZ_thadWlep.root
2026-08-18 18:29:34,514 - INFO - [2018] MISSING_SYSTEMATIC: SR1E2Mu/BtagSF_LFcorr_Down/NMinusOne/nbjet_ge1/pair/mass in Skim_TriLep_tWZ_thadWlep.root
2026-08-18 18:29:34,515 - INFO - [2018] MISSING_SYSTEMATIC: SR1E2Mu/BtagSF_LFuncorr_Up/NMinusOne/nbjet_ge1/pair/mass in Skim_TriLep_tWZ_thadWlep.root
2026-08-18 18:29:34,515 - INFO - [2018] MISSING_SYSTEMATIC: SR1E2Mu/BtagSF_LFuncorr_Down/NMinusOne/nbjet_ge1/pair/mass in Skim_TriLep_tWZ_thadWlep.root
2026-08-18 18:29:34,516 - INFO - [2018] MISSING_SYSTEMATIC: SR1E2Mu/L1Prefire_Up/NMinusOne/nbjet_ge1/pair/mass in Skim_TriLep_tWZ_tlepWhad.root
2026-08-18 18:29:34,516 - INFO - [2018] MISSING_SYSTEMATIC: SR1E2Mu/L1Prefire_Down/NMinusOne/nbjet_ge1/pair/mass in Skim_TriLep_tWZ_tlepWhad.root
2026-08-18 18:29:34,517 - INFO - [2018] MISSING_SYSTEMATIC: SR1E2Mu/PileupReweight_Up/NMinusOne/nbjet_ge1/pair/mass in Skim_TriLep_tWZ_tlepWhad.root
2026-08-18 18:29:34,517 - INFO - [2018] MISSING_SYSTEMATIC: SR1E2Mu/PileupReweight_Down/NMinusOne/nbjet_ge1/pair/mass in Skim_TriLep_tWZ_tlepWhad.root
2026-08-18 18:29:34,517 - INFO - [2018] MISSING_SYSTEMATIC: SR1E2Mu/PileupJetIDSF_Up/NMinusOne/nbjet_ge1/pair/mass in Skim_TriLep_tWZ_tlepWhad.root
2026-08-18 18:29:34,517 - INFO - [2018] MISSING_SYSTEMATIC: SR1E2Mu/PileupJetIDSF_Down/NMinusOne/nbjet_ge1/pair/mass in Skim_TriLep_tWZ_tlepWhad.root
2026-08-18 18:29:34,518 - INFO - [2018] MISSING_SYSTEMATIC: SR1E2Mu/MuonIDSF_Up/NMinusOne/nbjet_ge1/pair/mass in Skim_TriLep_tWZ_tlepWhad.root
2026-08-18 18:29:34,518 - INFO - [2018] MISSING_SYSTEMATIC: SR1E2Mu/MuonIDSF_Down/NMinusOne/nbjet_ge1/pair/mass in Skim_TriLep_tWZ_tlepWhad.root
2026-08-18 18:29:34,519 - INFO - [2018] MISSING_SYSTEMATIC: SR1E2Mu/ElectronRecoSF_Up/NMinusOne/nbjet_ge1/pair/mass in Skim_TriLep_tWZ_tlepWhad.root
2026-08-18 18:29:34,519 - INFO - [2018] MISSING_SYSTEMATIC: SR1E2Mu/ElectronRecoSF_Down/NMinusOne/nbjet_ge1/pair/mass in Skim_TriLep_tWZ_tlepWhad.root
2026-08-18 18:29:34,519 - INFO - [2018] MISSING_SYSTEMATIC: SR1E2Mu/ElectronIDSF_Up/NMinusOne/nbjet_ge1/pair/mass in Skim_TriLep_tWZ_tlepWhad.root
2026-08-18 18:29:34,519 - INFO - [2018] MISSING_SYSTEMATIC: SR1E2Mu/ElectronIDSF_Down/NMinusOne/nbjet_ge1/pair/mass in Skim_TriLep_tWZ_tlepWhad.root
2026-08-18 18:29:34,520 - INFO - [2018] MISSING_SYSTEMATIC: SR1E2Mu/EMuTrigSF_Up/NMinusOne/nbjet_ge1/pair/mass in Skim_TriLep_tWZ_tlepWhad.root
2026-08-18 18:29:34,520 - INFO - [2018] MISSING_SYSTEMATIC: SR1E2Mu/EMuTrigSF_Down/NMinusOne/nbjet_ge1/pair/mass in Skim_TriLep_tWZ_tlepWhad.root
2026-08-18 18:29:34,521 - INFO - [2018] MISSING_SYSTEMATIC: SR1E2Mu/JetEn_Up/NMinusOne/nbjet_ge1/pair/mass in Skim_TriLep_tWZ_tlepWhad.root
2026-08-18 18:29:34,521 - INFO - [2018] MISSING_SYSTEMATIC: SR1E2Mu/JetEn_Down/NMinusOne/nbjet_ge1/pair/mass in Skim_TriLep_tWZ_tlepWhad.root
2026-08-18 18:29:34,521 - INFO - [2018] MISSING_SYSTEMATIC: SR1E2Mu/JetRes_Up/NMinusOne/nbjet_ge1/pair/mass in Skim_TriLep_tWZ_tlepWhad.root
2026-08-18 18:29:34,521 - INFO - [2018] MISSING_SYSTEMATIC: SR1E2Mu/JetRes_Down/NMinusOne/nbjet_ge1/pair/mass in Skim_TriLep_tWZ_tlepWhad.root
2026-08-18 18:29:34,522 - INFO - [2018] MISSING_SYSTEMATIC: SR1E2Mu/MuonEn_Up/NMinusOne/nbjet_ge1/pair/mass in Skim_TriLep_tWZ_tlepWhad.root
2026-08-18 18:29:34,522 - INFO - [2018] MISSING_SYSTEMATIC: SR1E2Mu/MuonEn_Down/NMinusOne/nbjet_ge1/pair/mass in Skim_TriLep_tWZ_tlepWhad.root
2026-08-18 18:29:34,523 - INFO - [2018] MISSING_SYSTEMATIC: SR1E2Mu/ElectronEn_Up/NMinusOne/nbjet_ge1/pair/mass in Skim_TriLep_tWZ_tlepWhad.root
2026-08-18 18:29:34,523 - INFO - [2018] MISSING_SYSTEMATIC: SR1E2Mu/ElectronEn_Down/NMinusOne/nbjet_ge1/pair/mass in Skim_TriLep_tWZ_tlepWhad.root
2026-08-18 18:29:34,523 - INFO - [2018] MISSING_SYSTEMATIC: SR1E2Mu/ElectronRes_Up/NMinusOne/nbjet_ge1/pair/mass in Skim_TriLep_tWZ_tlepWhad.root
2026-08-18 18:29:34,523 - INFO - [2018] MISSING_SYSTEMATIC: SR1E2Mu/ElectronRes_Down/NMinusOne/nbjet_ge1/pair/mass in Skim_TriLep_tWZ_tlepWhad.root
2026-08-18 18:29:34,524 - INFO - [2018] MISSING_SYSTEMATIC: SR1E2Mu/UnclusteredEn_Up/NMinusOne/nbjet_ge1/pair/mass in Skim_TriLep_tWZ_tlepWhad.root
2026-08-18 18:29:34,524 - INFO - [2018] MISSING_SYSTEMATIC: SR1E2Mu/UnclusteredEn_Down/NMinusOne/nbjet_ge1/pair/mass in Skim_TriLep_tWZ_tlepWhad.root
2026-08-18 18:29:34,525 - INFO - [2018] MISSING_SYSTEMATIC: SR1E2Mu/BtagSF_HFcorr_Up/NMinusOne/nbjet_ge1/pair/mass in Skim_TriLep_tWZ_tlepWhad.root
2026-08-18 18:29:34,525 - INFO - [2018] MISSING_SYSTEMATIC: SR1E2Mu/BtagSF_HFcorr_Down/NMinusOne/nbjet_ge1/pair/mass in Skim_TriLep_tWZ_tlepWhad.root
2026-08-18 18:29:34,525 - INFO - [2018] MISSING_SYSTEMATIC: SR1E2Mu/BtagSF_HFuncorr_Up/NMinusOne/nbjet_ge1/pair/mass in Skim_TriLep_tWZ_tlepWhad.root
2026-08-18 18:29:34,525 - INFO - [2018] MISSING_SYSTEMATIC: SR1E2Mu/BtagSF_HFuncorr_Down/NMinusOne/nbjet_ge1/pair/mass in Skim_TriLep_tWZ_tlepWhad.root
2026-08-18 18:29:34,526 - INFO - [2018] MISSING_SYSTEMATIC: SR1E2Mu/BtagSF_LFcorr_Up/NMinusOne/nbjet_ge1/pair/mass in Skim_TriLep_tWZ_tlepWhad.root
2026-08-18 18:29:34,526 - INFO - [2018] MISSING_SYSTEMATIC: SR1E2Mu/BtagSF_LFcorr_Down/NMinusOne/nbjet_ge1/pair/mass in Skim_TriLep_tWZ_tlepWhad.root
2026-08-18 18:29:34,526 - INFO - [2018] MISSING_SYSTEMATIC: SR1E2Mu/BtagSF_LFuncorr_Up/NMinusOne/nbjet_ge1/pair/mass in Skim_TriLep_tWZ_tlepWhad.root
2026-08-18 18:29:34,526 - INFO - [2018] MISSING_SYSTEMATIC: SR1E2Mu/BtagSF_LFuncorr_Down/NMinusOne/nbjet_ge1/pair/mass in Skim_TriLep_tWZ_tlepWhad.root
2026-08-18 18:29:34,528 - INFO - [2018] MISSING_SYSTEMATIC: SR1E2Mu/L1Prefire_Up/NMinusOne/nbjet_ge1/pair/mass in Skim_TriLep_tWZ_tlepWlep.root
2026-08-18 18:29:34,528 - INFO - [2018] MISSING_SYSTEMATIC: SR1E2Mu/L1Prefire_Down/NMinusOne/nbjet_ge1/pair/mass in Skim_TriLep_tWZ_tlepWlep.root
2026-08-18 18:29:34,528 - INFO - [2018] MISSING_SYSTEMATIC: SR1E2Mu/PileupReweight_Up/NMinusOne/nbjet_ge1/pair/mass in Skim_TriLep_tWZ_tlepWlep.root
2026-08-18 18:29:34,528 - INFO - [2018] MISSING_SYSTEMATIC: SR1E2Mu/PileupReweight_Down/NMinusOne/nbjet_ge1/pair/mass in Skim_TriLep_tWZ_tlepWlep.root
2026-08-18 18:29:34,529 - INFO - [2018] MISSING_SYSTEMATIC: SR1E2Mu/PileupJetIDSF_Up/NMinusOne/nbjet_ge1/pair/mass in Skim_TriLep_tWZ_tlepWlep.root
2026-08-18 18:29:34,529 - INFO - [2018] MISSING_SYSTEMATIC: SR1E2Mu/PileupJetIDSF_Down/NMinusOne/nbjet_ge1/pair/mass in Skim_TriLep_tWZ_tlepWlep.root
2026-08-18 18:29:34,530 - INFO - [2018] MISSING_SYSTEMATIC: SR1E2Mu/MuonIDSF_Up/NMinusOne/nbjet_ge1/pair/mass in Skim_TriLep_tWZ_tlepWlep.root
2026-08-18 18:29:34,530 - INFO - [2018] MISSING_SYSTEMATIC: SR1E2Mu/MuonIDSF_Down/NMinusOne/nbjet_ge1/pair/mass in Skim_TriLep_tWZ_tlepWlep.root
2026-08-18 18:29:34,530 - INFO - [2018] MISSING_SYSTEMATIC: SR1E2Mu/ElectronRecoSF_Up/NMinusOne/nbjet_ge1/pair/mass in Skim_TriLep_tWZ_tlepWlep.root
2026-08-18 18:29:34,530 - INFO - [2018] MISSING_SYSTEMATIC: SR1E2Mu/ElectronRecoSF_Down/NMinusOne/nbjet_ge1/pair/mass in Skim_TriLep_tWZ_tlepWlep.root
2026-08-18 18:29:34,531 - INFO - [2018] MISSING_SYSTEMATIC: SR1E2Mu/ElectronIDSF_Up/NMinusOne/nbjet_ge1/pair/mass in Skim_TriLep_tWZ_tlepWlep.root
2026-08-18 18:29:34,531 - INFO - [2018] MISSING_SYSTEMATIC: SR1E2Mu/ElectronIDSF_Down/NMinusOne/nbjet_ge1/pair/mass in Skim_TriLep_tWZ_tlepWlep.root
2026-08-18 18:29:34,532 - INFO - [2018] MISSING_SYSTEMATIC: SR1E2Mu/EMuTrigSF_Up/NMinusOne/nbjet_ge1/pair/mass in Skim_TriLep_tWZ_tlepWlep.root
2026-08-18 18:29:34,532 - INFO - [2018] MISSING_SYSTEMATIC: SR1E2Mu/EMuTrigSF_Down/NMinusOne/nbjet_ge1/pair/mass in Skim_TriLep_tWZ_tlepWlep.root
2026-08-18 18:29:34,532 - INFO - [2018] MISSING_SYSTEMATIC: SR1E2Mu/JetEn_Up/NMinusOne/nbjet_ge1/pair/mass in Skim_TriLep_tWZ_tlepWlep.root
2026-08-18 18:29:34,532 - INFO - [2018] MISSING_SYSTEMATIC: SR1E2Mu/JetEn_Down/NMinusOne/nbjet_ge1/pair/mass in Skim_TriLep_tWZ_tlepWlep.root
2026-08-18 18:29:34,533 - INFO - [2018] MISSING_SYSTEMATIC: SR1E2Mu/JetRes_Up/NMinusOne/nbjet_ge1/pair/mass in Skim_TriLep_tWZ_tlepWlep.root
2026-08-18 18:29:34,533 - INFO - [2018] MISSING_SYSTEMATIC: SR1E2Mu/JetRes_Down/NMinusOne/nbjet_ge1/pair/mass in Skim_TriLep_tWZ_tlepWlep.root
2026-08-18 18:29:34,533 - INFO - [2018] MISSING_SYSTEMATIC: SR1E2Mu/MuonEn_Up/NMinusOne/nbjet_ge1/pair/mass in Skim_TriLep_tWZ_tlepWlep.root
2026-08-18 18:29:34,533 - INFO - [2018] MISSING_SYSTEMATIC: SR1E2Mu/MuonEn_Down/NMinusOne/nbjet_ge1/pair/mass in Skim_TriLep_tWZ_tlepWlep.root
2026-08-18 18:29:34,534 - INFO - [2018] MISSING_SYSTEMATIC: SR1E2Mu/ElectronEn_Up/NMinusOne/nbjet_ge1/pair/mass in Skim_TriLep_tWZ_tlepWlep.root
2026-08-18 18:29:34,534 - INFO - [2018] MISSING_SYSTEMATIC: SR1E2Mu/ElectronEn_Down/NMinusOne/nbjet_ge1/pair/mass in Skim_TriLep_tWZ_tlepWlep.root
2026-08-18 18:29:34,535 - INFO - [2018] MISSING_SYSTEMATIC: SR1E2Mu/ElectronRes_Up/NMinusOne/nbjet_ge1/pair/mass in Skim_TriLep_tWZ_tlepWlep.root
2026-08-18 18:29:34,535 - INFO - [2018] MISSING_SYSTEMATIC: SR1E2Mu/ElectronRes_Down/NMinusOne/nbjet_ge1/pair/mass in Skim_TriLep_tWZ_tlepWlep.root
2026-08-18 18:29:34,535 - INFO - [2018] MISSING_SYSTEMATIC: SR1E2Mu/UnclusteredEn_Up/NMinusOne/nbjet_ge1/pair/mass in Skim_TriLep_tWZ_tlepWlep.root
2026-08-18 18:29:34,535 - INFO - [2018] MISSING_SYSTEMATIC: SR1E2Mu/UnclusteredEn_Down/NMinusOne/nbjet_ge1/pair/mass in Skim_TriLep_tWZ_tlepWlep.root
2026-08-18 18:29:34,536 - INFO - [2018] MISSING_SYSTEMATIC: SR1E2Mu/BtagSF_HFcorr_Up/NMinusOne/nbjet_ge1/pair/mass in Skim_TriLep_tWZ_tlepWlep.root
2026-08-18 18:29:34,536 - INFO - [2018] MISSING_SYSTEMATIC: SR1E2Mu/BtagSF_HFcorr_Down/NMinusOne/nbjet_ge1/pair/mass in Skim_TriLep_tWZ_tlepWlep.root
2026-08-18 18:29:34,537 - INFO - [2018] MISSING_SYSTEMATIC: SR1E2Mu/BtagSF_HFuncorr_Up/NMinusOne/nbjet_ge1/pair/mass in Skim_TriLep_tWZ_tlepWlep.root
2026-08-18 18:29:34,537 - INFO - [2018] MISSING_SYSTEMATIC: SR1E2Mu/BtagSF_HFuncorr_Down/NMinusOne/nbjet_ge1/pair/mass in Skim_TriLep_tWZ_tlepWlep.root
2026-08-18 18:29:34,537 - INFO - [2018] MISSING_SYSTEMATIC: SR1E2Mu/BtagSF_LFcorr_Up/NMinusOne/nbjet_ge1/pair/mass in Skim_TriLep_tWZ_tlepWlep.root
2026-08-18 18:29:34,537 - INFO - [2018] MISSING_SYSTEMATIC: SR1E2Mu/BtagSF_LFcorr_Down/NMinusOne/nbjet_ge1/pair/mass in Skim_TriLep_tWZ_tlepWlep.root
2026-08-18 18:29:34,538 - INFO - [2018] MISSING_SYSTEMATIC: SR1E2Mu/BtagSF_LFuncorr_Up/NMinusOne/nbjet_ge1/pair/mass in Skim_TriLep_tWZ_tlepWlep.root
2026-08-18 18:29:34,538 - INFO - [2018] MISSING_SYSTEMATIC: SR1E2Mu/BtagSF_LFuncorr_Down/NMinusOne/nbjet_ge1/pair/mass in Skim_TriLep_tWZ_tlepWlep.root
2026-08-18 18:29:34,539 - INFO - [2018] MISSING_SYSTEMATIC: SR1E2Mu/L1Prefire_Up/NMinusOne/nbjet_ge1/pair/mass in Skim_TriLep_WWW.root
2026-08-18 18:29:34,539 - INFO - [2018] MISSING_SYSTEMATIC: SR1E2Mu/L1Prefire_Down/NMinusOne/nbjet_ge1/pair/mass in Skim_TriLep_WWW.root
2026-08-18 18:29:34,540 - INFO - [2018] MISSING_SYSTEMATIC: SR1E2Mu/PileupReweight_Up/NMinusOne/nbjet_ge1/pair/mass in Skim_TriLep_WWW.root
2026-08-18 18:29:34,540 - INFO - [2018] MISSING_SYSTEMATIC: SR1E2Mu/PileupReweight_Down/NMinusOne/nbjet_ge1/pair/mass in Skim_TriLep_WWW.root
2026-08-18 18:29:34,540 - INFO - [2018] MISSING_SYSTEMATIC: SR1E2Mu/PileupJetIDSF_Up/NMinusOne/nbjet_ge1/pair/mass in Skim_TriLep_WWW.root
2026-08-18 18:29:34,540 - INFO - [2018] MISSING_SYSTEMATIC: SR1E2Mu/PileupJetIDSF_Down/NMinusOne/nbjet_ge1/pair/mass in Skim_TriLep_WWW.root
2026-08-18 18:29:34,541 - INFO - [2018] MISSING_SYSTEMATIC: SR1E2Mu/MuonIDSF_Up/NMinusOne/nbjet_ge1/pair/mass in Skim_TriLep_WWW.root
2026-08-18 18:29:34,541 - INFO - [2018] MISSING_SYSTEMATIC: SR1E2Mu/MuonIDSF_Down/NMinusOne/nbjet_ge1/pair/mass in Skim_TriLep_WWW.root
2026-08-18 18:29:34,542 - INFO - [2018] MISSING_SYSTEMATIC: SR1E2Mu/ElectronRecoSF_Up/NMinusOne/nbjet_ge1/pair/mass in Skim_TriLep_WWW.root
2026-08-18 18:29:34,542 - INFO - [2018] MISSING_SYSTEMATIC: SR1E2Mu/ElectronRecoSF_Down/NMinusOne/nbjet_ge1/pair/mass in Skim_TriLep_WWW.root
2026-08-18 18:29:34,542 - INFO - [2018] MISSING_SYSTEMATIC: SR1E2Mu/ElectronIDSF_Up/NMinusOne/nbjet_ge1/pair/mass in Skim_TriLep_WWW.root
2026-08-18 18:29:34,542 - INFO - [2018] MISSING_SYSTEMATIC: SR1E2Mu/ElectronIDSF_Down/NMinusOne/nbjet_ge1/pair/mass in Skim_TriLep_WWW.root
2026-08-18 18:29:34,543 - INFO - [2018] MISSING_SYSTEMATIC: SR1E2Mu/EMuTrigSF_Up/NMinusOne/nbjet_ge1/pair/mass in Skim_TriLep_WWW.root
2026-08-18 18:29:34,543 - INFO - [2018] MISSING_SYSTEMATIC: SR1E2Mu/EMuTrigSF_Down/NMinusOne/nbjet_ge1/pair/mass in Skim_TriLep_WWW.root
2026-08-18 18:29:34,543 - INFO - [2018] MISSING_SYSTEMATIC: SR1E2Mu/JetEn_Up/NMinusOne/nbjet_ge1/pair/mass in Skim_TriLep_WWW.root
2026-08-18 18:29:34,543 - INFO - [2018] MISSING_SYSTEMATIC: SR1E2Mu/JetEn_Down/NMinusOne/nbjet_ge1/pair/mass in Skim_TriLep_WWW.root
2026-08-18 18:29:34,544 - INFO - [2018] MISSING_SYSTEMATIC: SR1E2Mu/JetRes_Up/NMinusOne/nbjet_ge1/pair/mass in Skim_TriLep_WWW.root
2026-08-18 18:29:34,544 - INFO - [2018] MISSING_SYSTEMATIC: SR1E2Mu/JetRes_Down/NMinusOne/nbjet_ge1/pair/mass in Skim_TriLep_WWW.root
2026-08-18 18:29:34,545 - INFO - [2018] MISSING_SYSTEMATIC: SR1E2Mu/MuonEn_Up/NMinusOne/nbjet_ge1/pair/mass in Skim_TriLep_WWW.root
2026-08-18 18:29:34,545 - INFO - [2018] MISSING_SYSTEMATIC: SR1E2Mu/MuonEn_Down/NMinusOne/nbjet_ge1/pair/mass in Skim_TriLep_WWW.root
2026-08-18 18:29:34,545 - INFO - [2018] MISSING_SYSTEMATIC: SR1E2Mu/ElectronEn_Up/NMinusOne/nbjet_ge1/pair/mass in Skim_TriLep_WWW.root
2026-08-18 18:29:34,545 - INFO - [2018] MISSING_SYSTEMATIC: SR1E2Mu/ElectronEn_Down/NMinusOne/nbjet_ge1/pair/mass in Skim_TriLep_WWW.root
2026-08-18 18:29:34,546 - INFO - [2018] MISSING_SYSTEMATIC: SR1E2Mu/ElectronRes_Up/NMinusOne/nbjet_ge1/pair/mass in Skim_TriLep_WWW.root
2026-08-18 18:29:34,546 - INFO - [2018] MISSING_SYSTEMATIC: SR1E2Mu/ElectronRes_Down/NMinusOne/nbjet_ge1/pair/mass in Skim_TriLep_WWW.root
2026-08-18 18:29:34,546 - INFO - [2018] MISSING_SYSTEMATIC: SR1E2Mu/UnclusteredEn_Up/NMinusOne/nbjet_ge1/pair/mass in Skim_TriLep_WWW.root
2026-08-18 18:29:34,547 - INFO - [2018] MISSING_SYSTEMATIC: SR1E2Mu/UnclusteredEn_Down/NMinusOne/nbjet_ge1/pair/mass in Skim_TriLep_WWW.root
2026-08-18 18:29:34,547 - INFO - [2018] MISSING_SYSTEMATIC: SR1E2Mu/BtagSF_HFcorr_Up/NMinusOne/nbjet_ge1/pair/mass in Skim_TriLep_WWW.root
2026-08-18 18:29:34,547 - INFO - [2018] MISSING_SYSTEMATIC: SR1E2Mu/BtagSF_HFcorr_Down/NMinusOne/nbjet_ge1/pair/mass in Skim_TriLep_WWW.root
2026-08-18 18:29:34,548 - INFO - [2018] MISSING_SYSTEMATIC: SR1E2Mu/BtagSF_HFuncorr_Up/NMinusOne/nbjet_ge1/pair/mass in Skim_TriLep_WWW.root
2026-08-18 18:29:34,548 - INFO - [2018] MISSING_SYSTEMATIC: SR1E2Mu/BtagSF_HFuncorr_Down/NMinusOne/nbjet_ge1/pair/mass in Skim_TriLep_WWW.root
2026-08-18 18:29:34,548 - INFO - [2018] MISSING_SYSTEMATIC: SR1E2Mu/BtagSF_LFcorr_Up/NMinusOne/nbjet_ge1/pair/mass in Skim_TriLep_WWW.root
2026-08-18 18:29:34,548 - INFO - [2018] MISSING_SYSTEMATIC: SR1E2Mu/BtagSF_LFcorr_Down/NMinusOne/nbjet_ge1/pair/mass in Skim_TriLep_WWW.root
2026-08-18 18:29:34,549 - INFO - [2018] MISSING_SYSTEMATIC: SR1E2Mu/BtagSF_LFuncorr_Up/NMinusOne/nbjet_ge1/pair/mass in Skim_TriLep_WWW.root
2026-08-18 18:29:34,549 - INFO - [2018] MISSING_SYSTEMATIC: SR1E2Mu/BtagSF_LFuncorr_Down/NMinusOne/nbjet_ge1/pair/mass in Skim_TriLep_WWW.root
2026-08-18 18:29:34,550 - INFO - [2018] MISSING_SYSTEMATIC: SR1E2Mu/L1Prefire_Up/NMinusOne/nbjet_ge1/pair/mass in Skim_TriLep_WWZ.root
2026-08-18 18:29:34,550 - INFO - [2018] MISSING_SYSTEMATIC: SR1E2Mu/L1Prefire_Down/NMinusOne/nbjet_ge1/pair/mass in Skim_TriLep_WWZ.root
2026-08-18 18:29:34,551 - INFO - [2018] MISSING_SYSTEMATIC: SR1E2Mu/PileupReweight_Up/NMinusOne/nbjet_ge1/pair/mass in Skim_TriLep_WWZ.root
2026-08-18 18:29:34,551 - INFO - [2018] MISSING_SYSTEMATIC: SR1E2Mu/PileupReweight_Down/NMinusOne/nbjet_ge1/pair/mass in Skim_TriLep_WWZ.root
2026-08-18 18:29:34,551 - INFO - [2018] MISSING_SYSTEMATIC: SR1E2Mu/PileupJetIDSF_Up/NMinusOne/nbjet_ge1/pair/mass in Skim_TriLep_WWZ.root
2026-08-18 18:29:34,551 - INFO - [2018] MISSING_SYSTEMATIC: SR1E2Mu/PileupJetIDSF_Down/NMinusOne/nbjet_ge1/pair/mass in Skim_TriLep_WWZ.root
2026-08-18 18:29:34,552 - INFO - [2018] MISSING_SYSTEMATIC: SR1E2Mu/MuonIDSF_Up/NMinusOne/nbjet_ge1/pair/mass in Skim_TriLep_WWZ.root
2026-08-18 18:29:34,552 - INFO - [2018] MISSING_SYSTEMATIC: SR1E2Mu/MuonIDSF_Down/NMinusOne/nbjet_ge1/pair/mass in Skim_TriLep_WWZ.root
2026-08-18 18:29:34,553 - INFO - [2018] MISSING_SYSTEMATIC: SR1E2Mu/ElectronRecoSF_Up/NMinusOne/nbjet_ge1/pair/mass in Skim_TriLep_WWZ.root
2026-08-18 18:29:34,553 - INFO - [2018] MISSING_SYSTEMATIC: SR1E2Mu/ElectronRecoSF_Down/NMinusOne/nbjet_ge1/pair/mass in Skim_TriLep_WWZ.root
2026-08-18 18:29:34,553 - INFO - [2018] MISSING_SYSTEMATIC: SR1E2Mu/ElectronIDSF_Up/NMinusOne/nbjet_ge1/pair/mass in Skim_TriLep_WWZ.root
2026-08-18 18:29:34,553 - INFO - [2018] MISSING_SYSTEMATIC: SR1E2Mu/ElectronIDSF_Down/NMinusOne/nbjet_ge1/pair/mass in Skim_TriLep_WWZ.root
2026-08-18 18:29:34,554 - INFO - [2018] MISSING_SYSTEMATIC: SR1E2Mu/EMuTrigSF_Up/NMinusOne/nbjet_ge1/pair/mass in Skim_TriLep_WWZ.root
2026-08-18 18:29:34,554 - INFO - [2018] MISSING_SYSTEMATIC: SR1E2Mu/EMuTrigSF_Down/NMinusOne/nbjet_ge1/pair/mass in Skim_TriLep_WWZ.root
2026-08-18 18:29:34,554 - INFO - [2018] MISSING_SYSTEMATIC: SR1E2Mu/JetEn_Up/NMinusOne/nbjet_ge1/pair/mass in Skim_TriLep_WWZ.root
2026-08-18 18:29:34,554 - INFO - [2018] MISSING_SYSTEMATIC: SR1E2Mu/JetEn_Down/NMinusOne/nbjet_ge1/pair/mass in Skim_TriLep_WWZ.root
2026-08-18 18:29:34,555 - INFO - [2018] MISSING_SYSTEMATIC: SR1E2Mu/JetRes_Up/NMinusOne/nbjet_ge1/pair/mass in Skim_TriLep_WWZ.root
2026-08-18 18:29:34,555 - INFO - [2018] MISSING_SYSTEMATIC: SR1E2Mu/JetRes_Down/NMinusOne/nbjet_ge1/pair/mass in Skim_TriLep_WWZ.root
2026-08-18 18:29:34,556 - INFO - [2018] MISSING_SYSTEMATIC: SR1E2Mu/MuonEn_Up/NMinusOne/nbjet_ge1/pair/mass in Skim_TriLep_WWZ.root
2026-08-18 18:29:34,556 - INFO - [2018] MISSING_SYSTEMATIC: SR1E2Mu/MuonEn_Down/NMinusOne/nbjet_ge1/pair/mass in Skim_TriLep_WWZ.root
2026-08-18 18:29:34,556 - INFO - [2018] MISSING_SYSTEMATIC: SR1E2Mu/ElectronEn_Up/NMinusOne/nbjet_ge1/pair/mass in Skim_TriLep_WWZ.root
2026-08-18 18:29:34,556 - INFO - [2018] MISSING_SYSTEMATIC: SR1E2Mu/ElectronEn_Down/NMinusOne/nbjet_ge1/pair/mass in Skim_TriLep_WWZ.root
2026-08-18 18:29:34,557 - INFO - [2018] MISSING_SYSTEMATIC: SR1E2Mu/ElectronRes_Up/NMinusOne/nbjet_ge1/pair/mass in Skim_TriLep_WWZ.root
2026-08-18 18:29:34,557 - INFO - [2018] MISSING_SYSTEMATIC: SR1E2Mu/ElectronRes_Down/NMinusOne/nbjet_ge1/pair/mass in Skim_TriLep_WWZ.root
2026-08-18 18:29:34,558 - INFO - [2018] MISSING_SYSTEMATIC: SR1E2Mu/UnclusteredEn_Up/NMinusOne/nbjet_ge1/pair/mass in Skim_TriLep_WWZ.root
2026-08-18 18:29:34,558 - INFO - [2018] MISSING_SYSTEMATIC: SR1E2Mu/UnclusteredEn_Down/NMinusOne/nbjet_ge1/pair/mass in Skim_TriLep_WWZ.root
2026-08-18 18:29:34,558 - INFO - [2018] MISSING_SYSTEMATIC: SR1E2Mu/BtagSF_HFcorr_Up/NMinusOne/nbjet_ge1/pair/mass in Skim_TriLep_WWZ.root
2026-08-18 18:29:34,558 - INFO - [2018] MISSING_SYSTEMATIC: SR1E2Mu/BtagSF_HFcorr_Down/NMinusOne/nbjet_ge1/pair/mass in Skim_TriLep_WWZ.root
2026-08-18 18:29:34,559 - INFO - [2018] MISSING_SYSTEMATIC: SR1E2Mu/BtagSF_HFuncorr_Up/NMinusOne/nbjet_ge1/pair/mass in Skim_TriLep_WWZ.root
2026-08-18 18:29:34,559 - INFO - [2018] MISSING_SYSTEMATIC: SR1E2Mu/BtagSF_HFuncorr_Down/NMinusOne/nbjet_ge1/pair/mass in Skim_TriLep_WWZ.root
2026-08-18 18:29:34,559 - INFO - [2018] MISSING_SYSTEMATIC: SR1E2Mu/BtagSF_LFcorr_Up/NMinusOne/nbjet_ge1/pair/mass in Skim_TriLep_WWZ.root
2026-08-18 18:29:34,559 - INFO - [2018] MISSING_SYSTEMATIC: SR1E2Mu/BtagSF_LFcorr_Down/NMinusOne/nbjet_ge1/pair/mass in Skim_TriLep_WWZ.root
2026-08-18 18:29:34,560 - INFO - [2018] MISSING_SYSTEMATIC: SR1E2Mu/BtagSF_LFuncorr_Up/NMinusOne/nbjet_ge1/pair/mass in Skim_TriLep_WWZ.root
2026-08-18 18:29:34,560 - INFO - [2018] MISSING_SYSTEMATIC: SR1E2Mu/BtagSF_LFuncorr_Down/NMinusOne/nbjet_ge1/pair/mass in Skim_TriLep_WWZ.root
2026-08-18 18:29:34,561 - INFO - [2018] MISSING_SYSTEMATIC: SR1E2Mu/L1Prefire_Up/NMinusOne/nbjet_ge1/pair/mass in Skim_TriLep_WZZ.root
2026-08-18 18:29:34,561 - INFO - [2018] MISSING_SYSTEMATIC: SR1E2Mu/L1Prefire_Down/NMinusOne/nbjet_ge1/pair/mass in Skim_TriLep_WZZ.root
2026-08-18 18:29:34,562 - INFO - [2018] MISSING_SYSTEMATIC: SR1E2Mu/PileupReweight_Up/NMinusOne/nbjet_ge1/pair/mass in Skim_TriLep_WZZ.root
2026-08-18 18:29:34,562 - INFO - [2018] MISSING_SYSTEMATIC: SR1E2Mu/PileupReweight_Down/NMinusOne/nbjet_ge1/pair/mass in Skim_TriLep_WZZ.root
2026-08-18 18:29:34,562 - INFO - [2018] MISSING_SYSTEMATIC: SR1E2Mu/PileupJetIDSF_Up/NMinusOne/nbjet_ge1/pair/mass in Skim_TriLep_WZZ.root
2026-08-18 18:29:34,562 - INFO - [2018] MISSING_SYSTEMATIC: SR1E2Mu/PileupJetIDSF_Down/NMinusOne/nbjet_ge1/pair/mass in Skim_TriLep_WZZ.root
2026-08-18 18:29:34,563 - INFO - [2018] MISSING_SYSTEMATIC: SR1E2Mu/MuonIDSF_Up/NMinusOne/nbjet_ge1/pair/mass in Skim_TriLep_WZZ.root
2026-08-18 18:29:34,563 - INFO - [2018] MISSING_SYSTEMATIC: SR1E2Mu/MuonIDSF_Down/NMinusOne/nbjet_ge1/pair/mass in Skim_TriLep_WZZ.root
2026-08-18 18:29:34,564 - INFO - [2018] MISSING_SYSTEMATIC: SR1E2Mu/ElectronRecoSF_Up/NMinusOne/nbjet_ge1/pair/mass in Skim_TriLep_WZZ.root
2026-08-18 18:29:34,564 - INFO - [2018] MISSING_SYSTEMATIC: SR1E2Mu/ElectronRecoSF_Down/NMinusOne/nbjet_ge1/pair/mass in Skim_TriLep_WZZ.root
2026-08-18 18:29:34,564 - INFO - [2018] MISSING_SYSTEMATIC: SR1E2Mu/ElectronIDSF_Up/NMinusOne/nbjet_ge1/pair/mass in Skim_TriLep_WZZ.root
2026-08-18 18:29:34,564 - INFO - [2018] MISSING_SYSTEMATIC: SR1E2Mu/ElectronIDSF_Down/NMinusOne/nbjet_ge1/pair/mass in Skim_TriLep_WZZ.root
2026-08-18 18:29:34,565 - INFO - [2018] MISSING_SYSTEMATIC: SR1E2Mu/EMuTrigSF_Up/NMinusOne/nbjet_ge1/pair/mass in Skim_TriLep_WZZ.root
2026-08-18 18:29:34,565 - INFO - [2018] MISSING_SYSTEMATIC: SR1E2Mu/EMuTrigSF_Down/NMinusOne/nbjet_ge1/pair/mass in Skim_TriLep_WZZ.root
2026-08-18 18:29:34,566 - INFO - [2018] MISSING_SYSTEMATIC: SR1E2Mu/JetEn_Up/NMinusOne/nbjet_ge1/pair/mass in Skim_TriLep_WZZ.root
2026-08-18 18:29:34,566 - INFO - [2018] MISSING_SYSTEMATIC: SR1E2Mu/JetEn_Down/NMinusOne/nbjet_ge1/pair/mass in Skim_TriLep_WZZ.root
2026-08-18 18:29:34,566 - INFO - [2018] MISSING_SYSTEMATIC: SR1E2Mu/JetRes_Up/NMinusOne/nbjet_ge1/pair/mass in Skim_TriLep_WZZ.root
2026-08-18 18:29:34,566 - INFO - [2018] MISSING_SYSTEMATIC: SR1E2Mu/JetRes_Down/NMinusOne/nbjet_ge1/pair/mass in Skim_TriLep_WZZ.root
2026-08-18 18:29:34,567 - INFO - [2018] MISSING_SYSTEMATIC: SR1E2Mu/MuonEn_Up/NMinusOne/nbjet_ge1/pair/mass in Skim_TriLep_WZZ.root
2026-08-18 18:29:34,567 - INFO - [2018] MISSING_SYSTEMATIC: SR1E2Mu/MuonEn_Down/NMinusOne/nbjet_ge1/pair/mass in Skim_TriLep_WZZ.root
2026-08-18 18:29:34,567 - INFO - [2018] MISSING_SYSTEMATIC: SR1E2Mu/ElectronEn_Up/NMinusOne/nbjet_ge1/pair/mass in Skim_TriLep_WZZ.root
2026-08-18 18:29:34,567 - INFO - [2018] MISSING_SYSTEMATIC: SR1E2Mu/ElectronEn_Down/NMinusOne/nbjet_ge1/pair/mass in Skim_TriLep_WZZ.root
2026-08-18 18:29:34,568 - INFO - [2018] MISSING_SYSTEMATIC: SR1E2Mu/ElectronRes_Up/NMinusOne/nbjet_ge1/pair/mass in Skim_TriLep_WZZ.root
2026-08-18 18:29:34,568 - INFO - [2018] MISSING_SYSTEMATIC: SR1E2Mu/ElectronRes_Down/NMinusOne/nbjet_ge1/pair/mass in Skim_TriLep_WZZ.root
2026-08-18 18:29:34,569 - INFO - [2018] MISSING_SYSTEMATIC: SR1E2Mu/UnclusteredEn_Up/NMinusOne/nbjet_ge1/pair/mass in Skim_TriLep_WZZ.root
2026-08-18 18:29:34,569 - INFO - [2018] MISSING_SYSTEMATIC: SR1E2Mu/UnclusteredEn_Down/NMinusOne/nbjet_ge1/pair/mass in Skim_TriLep_WZZ.root
2026-08-18 18:29:34,569 - INFO - [2018] MISSING_SYSTEMATIC: SR1E2Mu/BtagSF_HFcorr_Up/NMinusOne/nbjet_ge1/pair/mass in Skim_TriLep_WZZ.root
2026-08-18 18:29:34,569 - INFO - [2018] MISSING_SYSTEMATIC: SR1E2Mu/BtagSF_HFcorr_Down/NMinusOne/nbjet_ge1/pair/mass in Skim_TriLep_WZZ.root
2026-08-18 18:29:34,570 - INFO - [2018] MISSING_SYSTEMATIC: SR1E2Mu/BtagSF_HFuncorr_Up/NMinusOne/nbjet_ge1/pair/mass in Skim_TriLep_WZZ.root
2026-08-18 18:29:34,570 - INFO - [2018] MISSING_SYSTEMATIC: SR1E2Mu/BtagSF_HFuncorr_Down/NMinusOne/nbjet_ge1/pair/mass in Skim_TriLep_WZZ.root
2026-08-18 18:29:34,571 - INFO - [2018] MISSING_SYSTEMATIC: SR1E2Mu/BtagSF_LFcorr_Up/NMinusOne/nbjet_ge1/pair/mass in Skim_TriLep_WZZ.root
2026-08-18 18:29:34,571 - INFO - [2018] MISSING_SYSTEMATIC: SR1E2Mu/BtagSF_LFcorr_Down/NMinusOne/nbjet_ge1/pair/mass in Skim_TriLep_WZZ.root
2026-08-18 18:29:34,571 - INFO - [2018] MISSING_SYSTEMATIC: SR1E2Mu/BtagSF_LFuncorr_Up/NMinusOne/nbjet_ge1/pair/mass in Skim_TriLep_WZZ.root
2026-08-18 18:29:34,571 - INFO - [2018] MISSING_SYSTEMATIC: SR1E2Mu/BtagSF_LFuncorr_Down/NMinusOne/nbjet_ge1/pair/mass in Skim_TriLep_WZZ.root
2026-08-18 18:29:34,572 - INFO - [2018] MISSING_SYSTEMATIC: SR1E2Mu/L1Prefire_Up/NMinusOne/nbjet_ge1/pair/mass in Skim_TriLep_ZZZ.root
2026-08-18 18:29:34,572 - INFO - [2018] MISSING_SYSTEMATIC: SR1E2Mu/L1Prefire_Down/NMinusOne/nbjet_ge1/pair/mass in Skim_TriLep_ZZZ.root
2026-08-18 18:29:34,573 - INFO - [2018] MISSING_SYSTEMATIC: SR1E2Mu/PileupReweight_Up/NMinusOne/nbjet_ge1/pair/mass in Skim_TriLep_ZZZ.root
2026-08-18 18:29:34,573 - INFO - [2018] MISSING_SYSTEMATIC: SR1E2Mu/PileupReweight_Down/NMinusOne/nbjet_ge1/pair/mass in Skim_TriLep_ZZZ.root
2026-08-18 18:29:34,574 - INFO - [2018] MISSING_SYSTEMATIC: SR1E2Mu/PileupJetIDSF_Up/NMinusOne/nbjet_ge1/pair/mass in Skim_TriLep_ZZZ.root
2026-08-18 18:29:34,574 - INFO - [2018] MISSING_SYSTEMATIC: SR1E2Mu/PileupJetIDSF_Down/NMinusOne/nbjet_ge1/pair/mass in Skim_TriLep_ZZZ.root
2026-08-18 18:29:34,574 - INFO - [2018] MISSING_SYSTEMATIC: SR1E2Mu/MuonIDSF_Up/NMinusOne/nbjet_ge1/pair/mass in Skim_TriLep_ZZZ.root
2026-08-18 18:29:34,574 - INFO - [2018] MISSING_SYSTEMATIC: SR1E2Mu/MuonIDSF_Down/NMinusOne/nbjet_ge1/pair/mass in Skim_TriLep_ZZZ.root
2026-08-18 18:29:34,575 - INFO - [2018] MISSING_SYSTEMATIC: SR1E2Mu/ElectronRecoSF_Up/NMinusOne/nbjet_ge1/pair/mass in Skim_TriLep_ZZZ.root
2026-08-18 18:29:34,575 - INFO - [2018] MISSING_SYSTEMATIC: SR1E2Mu/ElectronRecoSF_Down/NMinusOne/nbjet_ge1/pair/mass in Skim_TriLep_ZZZ.root
2026-08-18 18:29:34,575 - INFO - [2018] MISSING_SYSTEMATIC: SR1E2Mu/ElectronIDSF_Up/NMinusOne/nbjet_ge1/pair/mass in Skim_TriLep_ZZZ.root
2026-08-18 18:29:34,576 - INFO - [2018] MISSING_SYSTEMATIC: SR1E2Mu/ElectronIDSF_Down/NMinusOne/nbjet_ge1/pair/mass in Skim_TriLep_ZZZ.root
2026-08-18 18:29:34,576 - INFO - [2018] MISSING_SYSTEMATIC: SR1E2Mu/EMuTrigSF_Up/NMinusOne/nbjet_ge1/pair/mass in Skim_TriLep_ZZZ.root
2026-08-18 18:29:34,576 - INFO - [2018] MISSING_SYSTEMATIC: SR1E2Mu/EMuTrigSF_Down/NMinusOne/nbjet_ge1/pair/mass in Skim_TriLep_ZZZ.root
2026-08-18 18:29:34,577 - INFO - [2018] MISSING_SYSTEMATIC: SR1E2Mu/JetEn_Up/NMinusOne/nbjet_ge1/pair/mass in Skim_TriLep_ZZZ.root
2026-08-18 18:29:34,577 - INFO - [2018] MISSING_SYSTEMATIC: SR1E2Mu/JetEn_Down/NMinusOne/nbjet_ge1/pair/mass in Skim_TriLep_ZZZ.root
2026-08-18 18:29:34,577 - INFO - [2018] MISSING_SYSTEMATIC: SR1E2Mu/JetRes_Up/NMinusOne/nbjet_ge1/pair/mass in Skim_TriLep_ZZZ.root
2026-08-18 18:29:34,577 - INFO - [2018] MISSING_SYSTEMATIC: SR1E2Mu/JetRes_Down/NMinusOne/nbjet_ge1/pair/mass in Skim_TriLep_ZZZ.root
2026-08-18 18:29:34,578 - INFO - [2018] MISSING_SYSTEMATIC: SR1E2Mu/MuonEn_Up/NMinusOne/nbjet_ge1/pair/mass in Skim_TriLep_ZZZ.root
2026-08-18 18:29:34,578 - INFO - [2018] MISSING_SYSTEMATIC: SR1E2Mu/MuonEn_Down/NMinusOne/nbjet_ge1/pair/mass in Skim_TriLep_ZZZ.root
2026-08-18 18:29:34,579 - INFO - [2018] MISSING_SYSTEMATIC: SR1E2Mu/ElectronEn_Up/NMinusOne/nbjet_ge1/pair/mass in Skim_TriLep_ZZZ.root
2026-08-18 18:29:34,579 - INFO - [2018] MISSING_SYSTEMATIC: SR1E2Mu/ElectronEn_Down/NMinusOne/nbjet_ge1/pair/mass in Skim_TriLep_ZZZ.root
2026-08-18 18:29:34,579 - INFO - [2018] MISSING_SYSTEMATIC: SR1E2Mu/ElectronRes_Up/NMinusOne/nbjet_ge1/pair/mass in Skim_TriLep_ZZZ.root
2026-08-18 18:29:34,579 - INFO - [2018] MISSING_SYSTEMATIC: SR1E2Mu/ElectronRes_Down/NMinusOne/nbjet_ge1/pair/mass in Skim_TriLep_ZZZ.root
2026-08-18 18:29:34,580 - INFO - [2018] MISSING_SYSTEMATIC: SR1E2Mu/UnclusteredEn_Up/NMinusOne/nbjet_ge1/pair/mass in Skim_TriLep_ZZZ.root
2026-08-18 18:29:34,580 - INFO - [2018] MISSING_SYSTEMATIC: SR1E2Mu/UnclusteredEn_Down/NMinusOne/nbjet_ge1/pair/mass in Skim_TriLep_ZZZ.root
2026-08-18 18:29:34,581 - INFO - [2018] MISSING_SYSTEMATIC: SR1E2Mu/BtagSF_HFcorr_Up/NMinusOne/nbjet_ge1/pair/mass in Skim_TriLep_ZZZ.root
2026-08-18 18:29:34,581 - INFO - [2018] MISSING_SYSTEMATIC: SR1E2Mu/BtagSF_HFcorr_Down/NMinusOne/nbjet_ge1/pair/mass in Skim_TriLep_ZZZ.root
2026-08-18 18:29:34,581 - INFO - [2018] MISSING_SYSTEMATIC: SR1E2Mu/BtagSF_HFuncorr_Up/NMinusOne/nbjet_ge1/pair/mass in Skim_TriLep_ZZZ.root
2026-08-18 18:29:34,581 - INFO - [2018] MISSING_SYSTEMATIC: SR1E2Mu/BtagSF_HFuncorr_Down/NMinusOne/nbjet_ge1/pair/mass in Skim_TriLep_ZZZ.root
2026-08-18 18:29:34,582 - INFO - [2018] MISSING_SYSTEMATIC: SR1E2Mu/BtagSF_LFcorr_Up/NMinusOne/nbjet_ge1/pair/mass in Skim_TriLep_ZZZ.root
2026-08-18 18:29:34,582 - INFO - [2018] MISSING_SYSTEMATIC: SR1E2Mu/BtagSF_LFcorr_Down/NMinusOne/nbjet_ge1/pair/mass in Skim_TriLep_ZZZ.root
2026-08-18 18:29:34,583 - INFO - [2018] MISSING_SYSTEMATIC: SR1E2Mu/BtagSF_LFuncorr_Up/NMinusOne/nbjet_ge1/pair/mass in Skim_TriLep_ZZZ.root
2026-08-18 18:29:34,583 - INFO - [2018] MISSING_SYSTEMATIC: SR1E2Mu/BtagSF_LFuncorr_Down/NMinusOne/nbjet_ge1/pair/mass in Skim_TriLep_ZZZ.root
2026-08-18 18:29:34,584 - INFO - [2018] MISSING_SYSTEMATIC: SR1E2Mu/L1Prefire_Up/NMinusOne/nbjet_ge1/pair/mass in Skim_TriLep_TTTT.root
2026-08-18 18:29:34,584 - INFO - [2018] MISSING_SYSTEMATIC: SR1E2Mu/L1Prefire_Down/NMinusOne/nbjet_ge1/pair/mass in Skim_TriLep_TTTT.root
2026-08-18 18:29:34,584 - INFO - [2018] MISSING_SYSTEMATIC: SR1E2Mu/PileupReweight_Up/NMinusOne/nbjet_ge1/pair/mass in Skim_TriLep_TTTT.root
2026-08-18 18:29:34,584 - INFO - [2018] MISSING_SYSTEMATIC: SR1E2Mu/PileupReweight_Down/NMinusOne/nbjet_ge1/pair/mass in Skim_TriLep_TTTT.root
2026-08-18 18:29:34,585 - INFO - [2018] MISSING_SYSTEMATIC: SR1E2Mu/PileupJetIDSF_Up/NMinusOne/nbjet_ge1/pair/mass in Skim_TriLep_TTTT.root
2026-08-18 18:29:34,585 - INFO - [2018] MISSING_SYSTEMATIC: SR1E2Mu/PileupJetIDSF_Down/NMinusOne/nbjet_ge1/pair/mass in Skim_TriLep_TTTT.root
2026-08-18 18:29:34,586 - INFO - [2018] MISSING_SYSTEMATIC: SR1E2Mu/MuonIDSF_Up/NMinusOne/nbjet_ge1/pair/mass in Skim_TriLep_TTTT.root
2026-08-18 18:29:34,586 - INFO - [2018] MISSING_SYSTEMATIC: SR1E2Mu/MuonIDSF_Down/NMinusOne/nbjet_ge1/pair/mass in Skim_TriLep_TTTT.root
2026-08-18 18:29:34,587 - INFO - [2018] MISSING_SYSTEMATIC: SR1E2Mu/ElectronRecoSF_Up/NMinusOne/nbjet_ge1/pair/mass in Skim_TriLep_TTTT.root
2026-08-18 18:29:34,587 - INFO - [2018] MISSING_SYSTEMATIC: SR1E2Mu/ElectronRecoSF_Down/NMinusOne/nbjet_ge1/pair/mass in Skim_TriLep_TTTT.root
2026-08-18 18:29:34,587 - INFO - [2018] MISSING_SYSTEMATIC: SR1E2Mu/ElectronIDSF_Up/NMinusOne/nbjet_ge1/pair/mass in Skim_TriLep_TTTT.root
2026-08-18 18:29:34,587 - INFO - [2018] MISSING_SYSTEMATIC: SR1E2Mu/ElectronIDSF_Down/NMinusOne/nbjet_ge1/pair/mass in Skim_TriLep_TTTT.root
2026-08-18 18:29:34,588 - INFO - [2018] MISSING_SYSTEMATIC: SR1E2Mu/EMuTrigSF_Up/NMinusOne/nbjet_ge1/pair/mass in Skim_TriLep_TTTT.root
2026-08-18 18:29:34,588 - INFO - [2018] MISSING_SYSTEMATIC: SR1E2Mu/EMuTrigSF_Down/NMinusOne/nbjet_ge1/pair/mass in Skim_TriLep_TTTT.root
2026-08-18 18:29:34,589 - INFO - [2018] MISSING_SYSTEMATIC: SR1E2Mu/JetEn_Up/NMinusOne/nbjet_ge1/pair/mass in Skim_TriLep_TTTT.root
2026-08-18 18:29:34,589 - INFO - [2018] MISSING_SYSTEMATIC: SR1E2Mu/JetEn_Down/NMinusOne/nbjet_ge1/pair/mass in Skim_TriLep_TTTT.root
2026-08-18 18:29:34,589 - INFO - [2018] MISSING_SYSTEMATIC: SR1E2Mu/JetRes_Up/NMinusOne/nbjet_ge1/pair/mass in Skim_TriLep_TTTT.root
2026-08-18 18:29:34,589 - INFO - [2018] MISSING_SYSTEMATIC: SR1E2Mu/JetRes_Down/NMinusOne/nbjet_ge1/pair/mass in Skim_TriLep_TTTT.root
2026-08-18 18:29:34,590 - INFO - [2018] MISSING_SYSTEMATIC: SR1E2Mu/MuonEn_Up/NMinusOne/nbjet_ge1/pair/mass in Skim_TriLep_TTTT.root
2026-08-18 18:29:34,590 - INFO - [2018] MISSING_SYSTEMATIC: SR1E2Mu/MuonEn_Down/NMinusOne/nbjet_ge1/pair/mass in Skim_TriLep_TTTT.root
2026-08-18 18:29:34,591 - INFO - [2018] MISSING_SYSTEMATIC: SR1E2Mu/ElectronEn_Up/NMinusOne/nbjet_ge1/pair/mass in Skim_TriLep_TTTT.root
2026-08-18 18:29:34,591 - INFO - [2018] MISSING_SYSTEMATIC: SR1E2Mu/ElectronEn_Down/NMinusOne/nbjet_ge1/pair/mass in Skim_TriLep_TTTT.root
2026-08-18 18:29:34,591 - INFO - [2018] MISSING_SYSTEMATIC: SR1E2Mu/ElectronRes_Up/NMinusOne/nbjet_ge1/pair/mass in Skim_TriLep_TTTT.root
2026-08-18 18:29:34,591 - INFO - [2018] MISSING_SYSTEMATIC: SR1E2Mu/ElectronRes_Down/NMinusOne/nbjet_ge1/pair/mass in Skim_TriLep_TTTT.root
2026-08-18 18:29:34,592 - INFO - [2018] MISSING_SYSTEMATIC: SR1E2Mu/UnclusteredEn_Up/NMinusOne/nbjet_ge1/pair/mass in Skim_TriLep_TTTT.root
2026-08-18 18:29:34,592 - INFO - [2018] MISSING_SYSTEMATIC: SR1E2Mu/UnclusteredEn_Down/NMinusOne/nbjet_ge1/pair/mass in Skim_TriLep_TTTT.root
2026-08-18 18:29:34,593 - INFO - [2018] MISSING_SYSTEMATIC: SR1E2Mu/BtagSF_HFcorr_Up/NMinusOne/nbjet_ge1/pair/mass in Skim_TriLep_TTTT.root
2026-08-18 18:29:34,593 - INFO - [2018] MISSING_SYSTEMATIC: SR1E2Mu/BtagSF_HFcorr_Down/NMinusOne/nbjet_ge1/pair/mass in Skim_TriLep_TTTT.root
2026-08-18 18:29:34,593 - INFO - [2018] MISSING_SYSTEMATIC: SR1E2Mu/BtagSF_HFuncorr_Up/NMinusOne/nbjet_ge1/pair/mass in Skim_TriLep_TTTT.root
2026-08-18 18:29:34,593 - INFO - [2018] MISSING_SYSTEMATIC: SR1E2Mu/BtagSF_HFuncorr_Down/NMinusOne/nbjet_ge1/pair/mass in Skim_TriLep_TTTT.root
2026-08-18 18:29:34,594 - INFO - [2018] MISSING_SYSTEMATIC: SR1E2Mu/BtagSF_LFcorr_Up/NMinusOne/nbjet_ge1/pair/mass in Skim_TriLep_TTTT.root
2026-08-18 18:29:34,594 - INFO - [2018] MISSING_SYSTEMATIC: SR1E2Mu/BtagSF_LFcorr_Down/NMinusOne/nbjet_ge1/pair/mass in Skim_TriLep_TTTT.root
2026-08-18 18:29:34,594 - INFO - [2018] MISSING_SYSTEMATIC: SR1E2Mu/BtagSF_LFuncorr_Up/NMinusOne/nbjet_ge1/pair/mass in Skim_TriLep_TTTT.root
2026-08-18 18:29:34,595 - INFO - [2018] MISSING_SYSTEMATIC: SR1E2Mu/BtagSF_LFuncorr_Down/NMinusOne/nbjet_ge1/pair/mass in Skim_TriLep_TTTT.root
2026-08-18 18:29:34,596 - INFO - [2018] MISSING_SYSTEMATIC: SR1E2Mu/L1Prefire_Up/NMinusOne/nbjet_ge1/pair/mass in Skim_TriLep_VBFHToZZTo4L.root
2026-08-18 18:29:34,596 - INFO - [2018] MISSING_SYSTEMATIC: SR1E2Mu/L1Prefire_Down/NMinusOne/nbjet_ge1/pair/mass in Skim_TriLep_VBFHToZZTo4L.root
2026-08-18 18:29:34,596 - INFO - [2018] MISSING_SYSTEMATIC: SR1E2Mu/PileupReweight_Up/NMinusOne/nbjet_ge1/pair/mass in Skim_TriLep_VBFHToZZTo4L.root
2026-08-18 18:29:34,596 - INFO - [2018] MISSING_SYSTEMATIC: SR1E2Mu/PileupReweight_Down/NMinusOne/nbjet_ge1/pair/mass in Skim_TriLep_VBFHToZZTo4L.root
2026-08-18 18:29:34,597 - INFO - [2018] MISSING_SYSTEMATIC: SR1E2Mu/PileupJetIDSF_Up/NMinusOne/nbjet_ge1/pair/mass in Skim_TriLep_VBFHToZZTo4L.root
2026-08-18 18:29:34,597 - INFO - [2018] MISSING_SYSTEMATIC: SR1E2Mu/PileupJetIDSF_Down/NMinusOne/nbjet_ge1/pair/mass in Skim_TriLep_VBFHToZZTo4L.root
2026-08-18 18:29:34,598 - INFO - [2018] MISSING_SYSTEMATIC: SR1E2Mu/MuonIDSF_Up/NMinusOne/nbjet_ge1/pair/mass in Skim_TriLep_VBFHToZZTo4L.root
2026-08-18 18:29:34,598 - INFO - [2018] MISSING_SYSTEMATIC: SR1E2Mu/MuonIDSF_Down/NMinusOne/nbjet_ge1/pair/mass in Skim_TriLep_VBFHToZZTo4L.root
2026-08-18 18:29:34,598 - INFO - [2018] MISSING_SYSTEMATIC: SR1E2Mu/ElectronRecoSF_Up/NMinusOne/nbjet_ge1/pair/mass in Skim_TriLep_VBFHToZZTo4L.root
2026-08-18 18:29:34,598 - INFO - [2018] MISSING_SYSTEMATIC: SR1E2Mu/ElectronRecoSF_Down/NMinusOne/nbjet_ge1/pair/mass in Skim_TriLep_VBFHToZZTo4L.root
2026-08-18 18:29:34,599 - INFO - [2018] MISSING_SYSTEMATIC: SR1E2Mu/ElectronIDSF_Up/NMinusOne/nbjet_ge1/pair/mass in Skim_TriLep_VBFHToZZTo4L.root
2026-08-18 18:29:34,599 - INFO - [2018] MISSING_SYSTEMATIC: SR1E2Mu/ElectronIDSF_Down/NMinusOne/nbjet_ge1/pair/mass in Skim_TriLep_VBFHToZZTo4L.root
2026-08-18 18:29:34,600 - INFO - [2018] MISSING_SYSTEMATIC: SR1E2Mu/EMuTrigSF_Up/NMinusOne/nbjet_ge1/pair/mass in Skim_TriLep_VBFHToZZTo4L.root
2026-08-18 18:29:34,600 - INFO - [2018] MISSING_SYSTEMATIC: SR1E2Mu/EMuTrigSF_Down/NMinusOne/nbjet_ge1/pair/mass in Skim_TriLep_VBFHToZZTo4L.root
2026-08-18 18:29:34,600 - INFO - [2018] MISSING_SYSTEMATIC: SR1E2Mu/JetEn_Up/NMinusOne/nbjet_ge1/pair/mass in Skim_TriLep_VBFHToZZTo4L.root
2026-08-18 18:29:34,600 - INFO - [2018] MISSING_SYSTEMATIC: SR1E2Mu/JetEn_Down/NMinusOne/nbjet_ge1/pair/mass in Skim_TriLep_VBFHToZZTo4L.root
2026-08-18 18:29:34,601 - INFO - [2018] MISSING_SYSTEMATIC: SR1E2Mu/JetRes_Up/NMinusOne/nbjet_ge1/pair/mass in Skim_TriLep_VBFHToZZTo4L.root
2026-08-18 18:29:34,601 - INFO - [2018] MISSING_SYSTEMATIC: SR1E2Mu/JetRes_Down/NMinusOne/nbjet_ge1/pair/mass in Skim_TriLep_VBFHToZZTo4L.root
2026-08-18 18:29:34,602 - INFO - [2018] MISSING_SYSTEMATIC: SR1E2Mu/MuonEn_Up/NMinusOne/nbjet_ge1/pair/mass in Skim_TriLep_VBFHToZZTo4L.root
2026-08-18 18:29:34,602 - INFO - [2018] MISSING_SYSTEMATIC: SR1E2Mu/MuonEn_Down/NMinusOne/nbjet_ge1/pair/mass in Skim_TriLep_VBFHToZZTo4L.root
2026-08-18 18:29:34,602 - INFO - [2018] MISSING_SYSTEMATIC: SR1E2Mu/ElectronEn_Up/NMinusOne/nbjet_ge1/pair/mass in Skim_TriLep_VBFHToZZTo4L.root
2026-08-18 18:29:34,602 - INFO - [2018] MISSING_SYSTEMATIC: SR1E2Mu/ElectronEn_Down/NMinusOne/nbjet_ge1/pair/mass in Skim_TriLep_VBFHToZZTo4L.root
2026-08-18 18:29:34,603 - INFO - [2018] MISSING_SYSTEMATIC: SR1E2Mu/ElectronRes_Up/NMinusOne/nbjet_ge1/pair/mass in Skim_TriLep_VBFHToZZTo4L.root
2026-08-18 18:29:34,603 - INFO - [2018] MISSING_SYSTEMATIC: SR1E2Mu/ElectronRes_Down/NMinusOne/nbjet_ge1/pair/mass in Skim_TriLep_VBFHToZZTo4L.root
2026-08-18 18:29:34,603 - INFO - [2018] MISSING_SYSTEMATIC: SR1E2Mu/UnclusteredEn_Up/NMinusOne/nbjet_ge1/pair/mass in Skim_TriLep_VBFHToZZTo4L.root
2026-08-18 18:29:34,604 - INFO - [2018] MISSING_SYSTEMATIC: SR1E2Mu/UnclusteredEn_Down/NMinusOne/nbjet_ge1/pair/mass in Skim_TriLep_VBFHToZZTo4L.root
2026-08-18 18:29:34,604 - INFO - [2018] MISSING_SYSTEMATIC: SR1E2Mu/BtagSF_HFcorr_Up/NMinusOne/nbjet_ge1/pair/mass in Skim_TriLep_VBFHToZZTo4L.root
2026-08-18 18:29:34,604 - INFO - [2018] MISSING_SYSTEMATIC: SR1E2Mu/BtagSF_HFcorr_Down/NMinusOne/nbjet_ge1/pair/mass in Skim_TriLep_VBFHToZZTo4L.root
2026-08-18 18:29:34,605 - INFO - [2018] MISSING_SYSTEMATIC: SR1E2Mu/BtagSF_HFuncorr_Up/NMinusOne/nbjet_ge1/pair/mass in Skim_TriLep_VBFHToZZTo4L.root
2026-08-18 18:29:34,605 - INFO - [2018] MISSING_SYSTEMATIC: SR1E2Mu/BtagSF_HFuncorr_Down/NMinusOne/nbjet_ge1/pair/mass in Skim_TriLep_VBFHToZZTo4L.root
2026-08-18 18:29:34,605 - INFO - [2018] MISSING_SYSTEMATIC: SR1E2Mu/BtagSF_LFcorr_Up/NMinusOne/nbjet_ge1/pair/mass in Skim_TriLep_VBFHToZZTo4L.root
2026-08-18 18:29:34,605 - INFO - [2018] MISSING_SYSTEMATIC: SR1E2Mu/BtagSF_LFcorr_Down/NMinusOne/nbjet_ge1/pair/mass in Skim_TriLep_VBFHToZZTo4L.root
2026-08-18 18:29:34,606 - INFO - [2018] MISSING_SYSTEMATIC: SR1E2Mu/BtagSF_LFuncorr_Up/NMinusOne/nbjet_ge1/pair/mass in Skim_TriLep_VBFHToZZTo4L.root
2026-08-18 18:29:34,606 - INFO - [2018] MISSING_SYSTEMATIC: SR1E2Mu/BtagSF_LFuncorr_Down/NMinusOne/nbjet_ge1/pair/mass in Skim_TriLep_VBFHToZZTo4L.root
2026-08-18 18:29:34,607 - INFO - [2018] MISSING_SYSTEMATIC: SR1E2Mu/L1Prefire_Up/NMinusOne/nbjet_ge1/pair/mass in Skim_TriLep_ggHToZZTo4L.root
2026-08-18 18:29:34,607 - INFO - [2018] MISSING_SYSTEMATIC: SR1E2Mu/L1Prefire_Down/NMinusOne/nbjet_ge1/pair/mass in Skim_TriLep_ggHToZZTo4L.root
2026-08-18 18:29:34,608 - INFO - [2018] MISSING_SYSTEMATIC: SR1E2Mu/PileupReweight_Up/NMinusOne/nbjet_ge1/pair/mass in Skim_TriLep_ggHToZZTo4L.root
2026-08-18 18:29:34,608 - INFO - [2018] MISSING_SYSTEMATIC: SR1E2Mu/PileupReweight_Down/NMinusOne/nbjet_ge1/pair/mass in Skim_TriLep_ggHToZZTo4L.root
2026-08-18 18:29:34,609 - INFO - [2018] MISSING_SYSTEMATIC: SR1E2Mu/PileupJetIDSF_Up/NMinusOne/nbjet_ge1/pair/mass in Skim_TriLep_ggHToZZTo4L.root
2026-08-18 18:29:34,609 - INFO - [2018] MISSING_SYSTEMATIC: SR1E2Mu/PileupJetIDSF_Down/NMinusOne/nbjet_ge1/pair/mass in Skim_TriLep_ggHToZZTo4L.root
2026-08-18 18:29:34,609 - INFO - [2018] MISSING_SYSTEMATIC: SR1E2Mu/MuonIDSF_Up/NMinusOne/nbjet_ge1/pair/mass in Skim_TriLep_ggHToZZTo4L.root
2026-08-18 18:29:34,609 - INFO - [2018] MISSING_SYSTEMATIC: SR1E2Mu/MuonIDSF_Down/NMinusOne/nbjet_ge1/pair/mass in Skim_TriLep_ggHToZZTo4L.root
2026-08-18 18:29:34,610 - INFO - [2018] MISSING_SYSTEMATIC: SR1E2Mu/ElectronRecoSF_Up/NMinusOne/nbjet_ge1/pair/mass in Skim_TriLep_ggHToZZTo4L.root
2026-08-18 18:29:34,610 - INFO - [2018] MISSING_SYSTEMATIC: SR1E2Mu/ElectronRecoSF_Down/NMinusOne/nbjet_ge1/pair/mass in Skim_TriLep_ggHToZZTo4L.root
2026-08-18 18:29:34,611 - INFO - [2018] MISSING_SYSTEMATIC: SR1E2Mu/ElectronIDSF_Up/NMinusOne/nbjet_ge1/pair/mass in Skim_TriLep_ggHToZZTo4L.root
2026-08-18 18:29:34,611 - INFO - [2018] MISSING_SYSTEMATIC: SR1E2Mu/ElectronIDSF_Down/NMinusOne/nbjet_ge1/pair/mass in Skim_TriLep_ggHToZZTo4L.root
2026-08-18 18:29:34,611 - INFO - [2018] MISSING_SYSTEMATIC: SR1E2Mu/EMuTrigSF_Up/NMinusOne/nbjet_ge1/pair/mass in Skim_TriLep_ggHToZZTo4L.root
2026-08-18 18:29:34,611 - INFO - [2018] MISSING_SYSTEMATIC: SR1E2Mu/EMuTrigSF_Down/NMinusOne/nbjet_ge1/pair/mass in Skim_TriLep_ggHToZZTo4L.root
2026-08-18 18:29:34,612 - INFO - [2018] MISSING_SYSTEMATIC: SR1E2Mu/JetEn_Up/NMinusOne/nbjet_ge1/pair/mass in Skim_TriLep_ggHToZZTo4L.root
2026-08-18 18:29:34,612 - INFO - [2018] MISSING_SYSTEMATIC: SR1E2Mu/JetEn_Down/NMinusOne/nbjet_ge1/pair/mass in Skim_TriLep_ggHToZZTo4L.root
2026-08-18 18:29:34,613 - INFO - [2018] MISSING_SYSTEMATIC: SR1E2Mu/JetRes_Up/NMinusOne/nbjet_ge1/pair/mass in Skim_TriLep_ggHToZZTo4L.root
2026-08-18 18:29:34,613 - INFO - [2018] MISSING_SYSTEMATIC: SR1E2Mu/JetRes_Down/NMinusOne/nbjet_ge1/pair/mass in Skim_TriLep_ggHToZZTo4L.root
2026-08-18 18:29:34,613 - INFO - [2018] MISSING_SYSTEMATIC: SR1E2Mu/MuonEn_Up/NMinusOne/nbjet_ge1/pair/mass in Skim_TriLep_ggHToZZTo4L.root
2026-08-18 18:29:34,613 - INFO - [2018] MISSING_SYSTEMATIC: SR1E2Mu/MuonEn_Down/NMinusOne/nbjet_ge1/pair/mass in Skim_TriLep_ggHToZZTo4L.root
2026-08-18 18:29:34,614 - INFO - [2018] MISSING_SYSTEMATIC: SR1E2Mu/ElectronEn_Up/NMinusOne/nbjet_ge1/pair/mass in Skim_TriLep_ggHToZZTo4L.root
2026-08-18 18:29:34,614 - INFO - [2018] MISSING_SYSTEMATIC: SR1E2Mu/ElectronEn_Down/NMinusOne/nbjet_ge1/pair/mass in Skim_TriLep_ggHToZZTo4L.root
2026-08-18 18:29:34,615 - INFO - [2018] MISSING_SYSTEMATIC: SR1E2Mu/ElectronRes_Up/NMinusOne/nbjet_ge1/pair/mass in Skim_TriLep_ggHToZZTo4L.root
2026-08-18 18:29:34,615 - INFO - [2018] MISSING_SYSTEMATIC: SR1E2Mu/ElectronRes_Down/NMinusOne/nbjet_ge1/pair/mass in Skim_TriLep_ggHToZZTo4L.root
2026-08-18 18:29:34,615 - INFO - [2018] MISSING_SYSTEMATIC: SR1E2Mu/UnclusteredEn_Up/NMinusOne/nbjet_ge1/pair/mass in Skim_TriLep_ggHToZZTo4L.root
2026-08-18 18:29:34,615 - INFO - [2018] MISSING_SYSTEMATIC: SR1E2Mu/UnclusteredEn_Down/NMinusOne/nbjet_ge1/pair/mass in Skim_TriLep_ggHToZZTo4L.root
2026-08-18 18:29:34,616 - INFO - [2018] MISSING_SYSTEMATIC: SR1E2Mu/BtagSF_HFcorr_Up/NMinusOne/nbjet_ge1/pair/mass in Skim_TriLep_ggHToZZTo4L.root
2026-08-18 18:29:34,616 - INFO - [2018] MISSING_SYSTEMATIC: SR1E2Mu/BtagSF_HFcorr_Down/NMinusOne/nbjet_ge1/pair/mass in Skim_TriLep_ggHToZZTo4L.root
2026-08-18 18:29:34,617 - INFO - [2018] MISSING_SYSTEMATIC: SR1E2Mu/BtagSF_HFuncorr_Up/NMinusOne/nbjet_ge1/pair/mass in Skim_TriLep_ggHToZZTo4L.root
2026-08-18 18:29:34,617 - INFO - [2018] MISSING_SYSTEMATIC: SR1E2Mu/BtagSF_HFuncorr_Down/NMinusOne/nbjet_ge1/pair/mass in Skim_TriLep_ggHToZZTo4L.root
2026-08-18 18:29:34,617 - INFO - [2018] MISSING_SYSTEMATIC: SR1E2Mu/BtagSF_LFcorr_Up/NMinusOne/nbjet_ge1/pair/mass in Skim_TriLep_ggHToZZTo4L.root
2026-08-18 18:29:34,617 - INFO - [2018] MISSING_SYSTEMATIC: SR1E2Mu/BtagSF_LFcorr_Down/NMinusOne/nbjet_ge1/pair/mass in Skim_TriLep_ggHToZZTo4L.root
2026-08-18 18:29:34,618 - INFO - [2018] MISSING_SYSTEMATIC: SR1E2Mu/BtagSF_LFuncorr_Up/NMinusOne/nbjet_ge1/pair/mass in Skim_TriLep_ggHToZZTo4L.root
2026-08-18 18:29:34,618 - INFO - [2018] MISSING_SYSTEMATIC: SR1E2Mu/BtagSF_LFuncorr_Down/NMinusOne/nbjet_ge1/pair/mass in Skim_TriLep_ggHToZZTo4L.root
2026-08-19 10:23:59,245 - INFO - [2018] MISSING_SYSTEMATIC: SR1E2Mu/L1Prefire_Up/NMinusOne/nbjet_ge1/pair/mass in Skim_TriLep_DYJets.root
2026-08-19 10:23:59,246 - INFO - [2018] MISSING_SYSTEMATIC: SR1E2Mu/L1Prefire_Down/NMinusOne/nbjet_ge1/pair/mass in Skim_TriLep_DYJets.root
2026-08-19 10:23:59,246 - INFO - [2018] MISSING_SYSTEMATIC: SR1E2Mu/PileupReweight_Up/NMinusOne/nbjet_ge1/pair/mass in Skim_TriLep_DYJets.root
2026-08-19 10:23:59,246 - INFO - [2018] MISSING_SYSTEMATIC: SR1E2Mu/PileupReweight_Down/NMinusOne/nbjet_ge1/pair/mass in Skim_TriLep_DYJets.root
2026-08-19 10:23:59,247 - INFO - [2018] MISSING_SYSTEMATIC: SR1E2Mu/PileupJetIDSF_Up/NMinusOne/nbjet_ge1/pair/mass in Skim_TriLep_DYJets.root
2026-08-19 10:23:59,247 - INFO - [2018] MISSING_SYSTEMATIC: SR1E2Mu/PileupJetIDSF_Down/NMinusOne/nbjet_ge1/pair/mass in Skim_TriLep_DYJets.root
2026-08-19 10:23:59,248 - INFO - [2018] MISSING_SYSTEMATIC: SR1E2Mu/MuonIDSF_Up/NMinusOne/nbjet_ge1/pair/mass in Skim_TriLep_DYJets.root
2026-08-19 10:23:59,248 - INFO - [2018] MISSING_SYSTEMATIC: SR1E2Mu/MuonIDSF_Down/NMinusOne/nbjet_ge1/pair/mass in Skim_TriLep_DYJets.root
2026-08-19 10:23:59,248 - INFO - [2018] MISSING_SYSTEMATIC: SR1E2Mu/ElectronRecoSF_Up/NMinusOne/nbjet_ge1/pair/mass in Skim_TriLep_DYJets.root
2026-08-19 10:23:59,248 - INFO - [2018] MISSING_SYSTEMATIC: SR1E2Mu/ElectronRecoSF_Down/NMinusOne/nbjet_ge1/pair/mass in Skim_TriLep_DYJets.root
2026-08-19 10:23:59,249 - INFO - [2018] MISSING_SYSTEMATIC: SR1E2Mu/ElectronIDSF_Up/NMinusOne/nbjet_ge1/pair/mass in Skim_TriLep_DYJets.root
2026-08-19 10:23:59,249 - INFO - [2018] MISSING_SYSTEMATIC: SR1E2Mu/ElectronIDSF_Down/NMinusOne/nbjet_ge1/pair/mass in Skim_TriLep_DYJets.root
2026-08-19 10:23:59,250 - INFO - [2018] MISSING_SYSTEMATIC: SR1E2Mu/EMuTrigSF_Up/NMinusOne/nbjet_ge1/pair/mass in Skim_TriLep_DYJets.root
2026-08-19 10:23:59,250 - INFO - [2018] MISSING_SYSTEMATIC: SR1E2Mu/EMuTrigSF_Down/NMinusOne/nbjet_ge1/pair/mass in Skim_TriLep_DYJets.root
2026-08-19 10:23:59,250 - INFO - [2018] MISSING_SYSTEMATIC: SR1E2Mu/JetEn_Up/NMinusOne/nbjet_ge1/pair/mass in Skim_TriLep_DYJets.root
2026-08-19 10:23:59,250 - INFO - [2018] MISSING_SYSTEMATIC: SR1E2Mu/JetEn_Down/NMinusOne/nbjet_ge1/pair/mass in Skim_TriLep_DYJets.root
2026-08-19 10:23:59,251 - INFO - [2018] MISSING_SYSTEMATIC: SR1E2Mu/JetRes_Up/NMinusOne/nbjet_ge1/pair/mass in Skim_TriLep_DYJets.root
2026-08-19 10:23:59,251 - INFO - [2018] MISSING_SYSTEMATIC: SR1E2Mu/JetRes_Down/NMinusOne/nbjet_ge1/pair/mass in Skim_TriLep_DYJets.root
2026-08-19 10:23:59,251 - INFO - [2018] MISSING_SYSTEMATIC: SR1E2Mu/MuonEn_Up/NMinusOne/nbjet_ge1/pair/mass in Skim_TriLep_DYJets.root
2026-08-19 10:23:59,252 - INFO - [2018] MISSING_SYSTEMATIC: SR1E2Mu/MuonEn_Down/NMinusOne/nbjet_ge1/pair/mass in Skim_TriLep_DYJets.root
2026-08-19 10:23:59,252 - INFO - [2018] MISSING_SYSTEMATIC: SR1E2Mu/ElectronEn_Up/NMinusOne/nbjet_ge1/pair/mass in Skim_TriLep_DYJets.root
2026-08-19 10:23:59,252 - INFO - [2018] MISSING_SYSTEMATIC: SR1E2Mu/ElectronEn_Down/NMinusOne/nbjet_ge1/pair/mass in Skim_TriLep_DYJets.root
2026-08-19 10:23:59,253 - INFO - [2018] MISSING_SYSTEMATIC: SR1E2Mu/ElectronRes_Up/NMinusOne/nbjet_ge1/pair/mass in Skim_TriLep_DYJets.root
2026-08-19 10:23:59,253 - INFO - [2018] MISSING_SYSTEMATIC: SR1E2Mu/ElectronRes_Down/NMinusOne/nbjet_ge1/pair/mass in Skim_TriLep_DYJets.root
2026-08-19 10:23:59,253 - INFO - [2018] MISSING_SYSTEMATIC: SR1E2Mu/UnclusteredEn_Up/NMinusOne/nbjet_ge1/pair/mass in Skim_TriLep_DYJets.root
2026-08-19 10:23:59,253 - INFO - [2018] MISSING_SYSTEMATIC: SR1E2Mu/UnclusteredEn_Down/NMinusOne/nbjet_ge1/pair/mass in Skim_TriLep_DYJets.root
2026-08-19 10:23:59,254 - INFO - [2018] MISSING_SYSTEMATIC: SR1E2Mu/BtagSF_HFcorr_Up/NMinusOne/nbjet_ge1/pair/mass in Skim_TriLep_DYJets.root
2026-08-19 10:23:59,254 - INFO - [2018] MISSING_SYSTEMATIC: SR1E2Mu/BtagSF_HFcorr_Down/NMinusOne/nbjet_ge1/pair/mass in Skim_TriLep_DYJets.root
2026-08-19 10:23:59,255 - INFO - [2018] MISSING_SYSTEMATIC: SR1E2Mu/BtagSF_HFuncorr_Up/NMinusOne/nbjet_ge1/pair/mass in Skim_TriLep_DYJets.root
2026-08-19 10:23:59,255 - INFO - [2018] MISSING_SYSTEMATIC: SR1E2Mu/BtagSF_HFuncorr_Down/NMinusOne/nbjet_ge1/pair/mass in Skim_TriLep_DYJets.root
2026-08-19 10:23:59,255 - INFO - [2018] MISSING_SYSTEMATIC: SR1E2Mu/BtagSF_LFcorr_Up/NMinusOne/nbjet_ge1/pair/mass in Skim_TriLep_DYJets.root
2026-08-19 10:23:59,255 - INFO - [2018] MISSING_SYSTEMATIC: SR1E2Mu/BtagSF_LFcorr_Down/NMinusOne/nbjet_ge1/pair/mass in Skim_TriLep_DYJets.root
2026-08-19 10:23:59,256 - INFO - [2018] MISSING_SYSTEMATIC: SR1E2Mu/BtagSF_LFuncorr_Up/NMinusOne/nbjet_ge1/pair/mass in Skim_TriLep_DYJets.root
2026-08-19 10:23:59,256 - INFO - [2018] MISSING_SYSTEMATIC: SR1E2Mu/BtagSF_LFuncorr_Down/NMinusOne/nbjet_ge1/pair/mass in Skim_TriLep_DYJets.root
2026-08-19 10:23:59,256 - INFO - [2018] MISSING_CENTRAL: SR1E2Mu/Central/NMinusOne/nbjet_ge1/pair/mass in Skim_TriLep_DYJets10to50.root
2026-08-19 10:23:59,257 - INFO - [2018] MISSING_SYSTEMATIC: SR1E2Mu/L1Prefire_Up/NMinusOne/nbjet_ge1/pair/mass in Skim_TriLep_TTG.root
2026-08-19 10:23:59,257 - INFO - [2018] MISSING_SYSTEMATIC: SR1E2Mu/L1Prefire_Down/NMinusOne/nbjet_ge1/pair/mass in Skim_TriLep_TTG.root
2026-08-19 10:23:59,258 - INFO - [2018] MISSING_SYSTEMATIC: SR1E2Mu/PileupReweight_Up/NMinusOne/nbjet_ge1/pair/mass in Skim_TriLep_TTG.root
2026-08-19 10:23:59,258 - INFO - [2018] MISSING_SYSTEMATIC: SR1E2Mu/PileupReweight_Down/NMinusOne/nbjet_ge1/pair/mass in Skim_TriLep_TTG.root
2026-08-19 10:23:59,259 - INFO - [2018] MISSING_SYSTEMATIC: SR1E2Mu/PileupJetIDSF_Up/NMinusOne/nbjet_ge1/pair/mass in Skim_TriLep_TTG.root
2026-08-19 10:23:59,259 - INFO - [2018] MISSING_SYSTEMATIC: SR1E2Mu/PileupJetIDSF_Down/NMinusOne/nbjet_ge1/pair/mass in Skim_TriLep_TTG.root
2026-08-19 10:23:59,259 - INFO - [2018] MISSING_SYSTEMATIC: SR1E2Mu/MuonIDSF_Up/NMinusOne/nbjet_ge1/pair/mass in Skim_TriLep_TTG.root
2026-08-19 10:23:59,259 - INFO - [2018] MISSING_SYSTEMATIC: SR1E2Mu/MuonIDSF_Down/NMinusOne/nbjet_ge1/pair/mass in Skim_TriLep_TTG.root
2026-08-19 10:23:59,260 - INFO - [2018] MISSING_SYSTEMATIC: SR1E2Mu/ElectronRecoSF_Up/NMinusOne/nbjet_ge1/pair/mass in Skim_TriLep_TTG.root
2026-08-19 10:23:59,260 - INFO - [2018] MISSING_SYSTEMATIC: SR1E2Mu/ElectronRecoSF_Down/NMinusOne/nbjet_ge1/pair/mass in Skim_TriLep_TTG.root
2026-08-19 10:23:59,260 - INFO - [2018] MISSING_SYSTEMATIC: SR1E2Mu/ElectronIDSF_Up/NMinusOne/nbjet_ge1/pair/mass in Skim_TriLep_TTG.root
2026-08-19 10:23:59,260 - INFO - [2018] MISSING_SYSTEMATIC: SR1E2Mu/ElectronIDSF_Down/NMinusOne/nbjet_ge1/pair/mass in Skim_TriLep_TTG.root
2026-08-19 10:23:59,261 - INFO - [2018] MISSING_SYSTEMATIC: SR1E2Mu/EMuTrigSF_Up/NMinusOne/nbjet_ge1/pair/mass in Skim_TriLep_TTG.root
2026-08-19 10:23:59,261 - INFO - [2018] MISSING_SYSTEMATIC: SR1E2Mu/EMuTrigSF_Down/NMinusOne/nbjet_ge1/pair/mass in Skim_TriLep_TTG.root
2026-08-19 10:23:59,262 - INFO - [2018] MISSING_SYSTEMATIC: SR1E2Mu/JetEn_Up/NMinusOne/nbjet_ge1/pair/mass in Skim_TriLep_TTG.root
2026-08-19 10:23:59,262 - INFO - [2018] MISSING_SYSTEMATIC: SR1E2Mu/JetEn_Down/NMinusOne/nbjet_ge1/pair/mass in Skim_TriLep_TTG.root
2026-08-19 10:23:59,262 - INFO - [2018] MISSING_SYSTEMATIC: SR1E2Mu/JetRes_Up/NMinusOne/nbjet_ge1/pair/mass in Skim_TriLep_TTG.root
2026-08-19 10:23:59,262 - INFO - [2018] MISSING_SYSTEMATIC: SR1E2Mu/JetRes_Down/NMinusOne/nbjet_ge1/pair/mass in Skim_TriLep_TTG.root
2026-08-19 10:23:59,263 - INFO - [2018] MISSING_SYSTEMATIC: SR1E2Mu/MuonEn_Up/NMinusOne/nbjet_ge1/pair/mass in Skim_TriLep_TTG.root
2026-08-19 10:23:59,263 - INFO - [2018] MISSING_SYSTEMATIC: SR1E2Mu/MuonEn_Down/NMinusOne/nbjet_ge1/pair/mass in Skim_TriLep_TTG.root
2026-08-19 10:23:59,264 - INFO - [2018] MISSING_SYSTEMATIC: SR1E2Mu/ElectronEn_Up/NMinusOne/nbjet_ge1/pair/mass in Skim_TriLep_TTG.root
2026-08-19 10:23:59,264 - INFO - [2018] MISSING_SYSTEMATIC: SR1E2Mu/ElectronEn_Down/NMinusOne/nbjet_ge1/pair/mass in Skim_TriLep_TTG.root
2026-08-19 10:23:59,264 - INFO - [2018] MISSING_SYSTEMATIC: SR1E2Mu/ElectronRes_Up/NMinusOne/nbjet_ge1/pair/mass in Skim_TriLep_TTG.root
2026-08-19 10:23:59,264 - INFO - [2018] MISSING_SYSTEMATIC: SR1E2Mu/ElectronRes_Down/NMinusOne/nbjet_ge1/pair/mass in Skim_TriLep_TTG.root
2026-08-19 10:23:59,265 - INFO - [2018] MISSING_SYSTEMATIC: SR1E2Mu/UnclusteredEn_Up/NMinusOne/nbjet_ge1/pair/mass in Skim_TriLep_TTG.root
2026-08-19 10:23:59,265 - INFO - [2018] MISSING_SYSTEMATIC: SR1E2Mu/UnclusteredEn_Down/NMinusOne/nbjet_ge1/pair/mass in Skim_TriLep_TTG.root
2026-08-19 10:23:59,265 - INFO - [2018] MISSING_SYSTEMATIC: SR1E2Mu/BtagSF_HFcorr_Up/NMinusOne/nbjet_ge1/pair/mass in Skim_TriLep_TTG.root
2026-08-19 10:23:59,265 - INFO - [2018] MISSING_SYSTEMATIC: SR1E2Mu/BtagSF_HFcorr_Down/NMinusOne/nbjet_ge1/pair/mass in Skim_TriLep_TTG.root
2026-08-19 10:23:59,266 - INFO - [2018] MISSING_SYSTEMATIC: SR1E2Mu/BtagSF_HFuncorr_Up/NMinusOne/nbjet_ge1/pair/mass in Skim_TriLep_TTG.root
2026-08-19 10:23:59,266 - INFO - [2018] MISSING_SYSTEMATIC: SR1E2Mu/BtagSF_HFuncorr_Down/NMinusOne/nbjet_ge1/pair/mass in Skim_TriLep_TTG.root
2026-08-19 10:23:59,267 - INFO - [2018] MISSING_SYSTEMATIC: SR1E2Mu/BtagSF_LFcorr_Up/NMinusOne/nbjet_ge1/pair/mass in Skim_TriLep_TTG.root
2026-08-19 10:23:59,267 - INFO - [2018] MISSING_SYSTEMATIC: SR1E2Mu/BtagSF_LFcorr_Down/NMinusOne/nbjet_ge1/pair/mass in Skim_TriLep_TTG.root
2026-08-19 10:23:59,267 - INFO - [2018] MISSING_SYSTEMATIC: SR1E2Mu/BtagSF_LFuncorr_Up/NMinusOne/nbjet_ge1/pair/mass in Skim_TriLep_TTG.root
2026-08-19 10:23:59,267 - INFO - [2018] MISSING_SYSTEMATIC: SR1E2Mu/BtagSF_LFuncorr_Down/NMinusOne/nbjet_ge1/pair/mass in Skim_TriLep_TTG.root
2026-08-19 10:23:59,268 - INFO - [2018] MISSING_SYSTEMATIC: SR1E2Mu/L1Prefire_Up/NMinusOne/nbjet_ge1/pair/mass in Skim_TriLep_WWG.root
2026-08-19 10:23:59,268 - INFO - [2018] MISSING_SYSTEMATIC: SR1E2Mu/L1Prefire_Down/NMinusOne/nbjet_ge1/pair/mass in Skim_TriLep_WWG.root
2026-08-19 10:23:59,269 - INFO - [2018] MISSING_SYSTEMATIC: SR1E2Mu/PileupReweight_Up/NMinusOne/nbjet_ge1/pair/mass in Skim_TriLep_WWG.root
2026-08-19 10:23:59,269 - INFO - [2018] MISSING_SYSTEMATIC: SR1E2Mu/PileupReweight_Down/NMinusOne/nbjet_ge1/pair/mass in Skim_TriLep_WWG.root
2026-08-19 10:23:59,270 - INFO - [2018] MISSING_SYSTEMATIC: SR1E2Mu/PileupJetIDSF_Up/NMinusOne/nbjet_ge1/pair/mass in Skim_TriLep_WWG.root
2026-08-19 10:23:59,270 - INFO - [2018] MISSING_SYSTEMATIC: SR1E2Mu/PileupJetIDSF_Down/NMinusOne/nbjet_ge1/pair/mass in Skim_TriLep_WWG.root
2026-08-19 10:23:59,270 - INFO - [2018] MISSING_SYSTEMATIC: SR1E2Mu/MuonIDSF_Up/NMinusOne/nbjet_ge1/pair/mass in Skim_TriLep_WWG.root
2026-08-19 10:23:59,270 - INFO - [2018] MISSING_SYSTEMATIC: SR1E2Mu/MuonIDSF_Down/NMinusOne/nbjet_ge1/pair/mass in Skim_TriLep_WWG.root
2026-08-19 10:23:59,271 - INFO - [2018] MISSING_SYSTEMATIC: SR1E2Mu/ElectronRecoSF_Up/NMinusOne/nbjet_ge1/pair/mass in Skim_TriLep_WWG.root
2026-08-19 10:23:59,271 - INFO - [2018] MISSING_SYSTEMATIC: SR1E2Mu/ElectronRecoSF_Down/NMinusOne/nbjet_ge1/pair/mass in Skim_TriLep_WWG.root
2026-08-19 10:23:59,272 - INFO - [2018] MISSING_SYSTEMATIC: SR1E2Mu/ElectronIDSF_Up/NMinusOne/nbjet_ge1/pair/mass in Skim_TriLep_WWG.root
2026-08-19 10:23:59,272 - INFO - [2018] MISSING_SYSTEMATIC: SR1E2Mu/ElectronIDSF_Down/NMinusOne/nbjet_ge1/pair/mass in Skim_TriLep_WWG.root
2026-08-19 10:23:59,272 - INFO - [2018] MISSING_SYSTEMATIC: SR1E2Mu/EMuTrigSF_Up/NMinusOne/nbjet_ge1/pair/mass in Skim_TriLep_WWG.root
2026-08-19 10:23:59,272 - INFO - [2018] MISSING_SYSTEMATIC: SR1E2Mu/EMuTrigSF_Down/NMinusOne/nbjet_ge1/pair/mass in Skim_TriLep_WWG.root
2026-08-19 10:23:59,273 - INFO - [2018] MISSING_SYSTEMATIC: SR1E2Mu/JetEn_Up/NMinusOne/nbjet_ge1/pair/mass in Skim_TriLep_WWG.root
2026-08-19 10:23:59,273 - INFO - [2018] MISSING_SYSTEMATIC: SR1E2Mu/JetEn_Down/NMinusOne/nbjet_ge1/pair/mass in Skim_TriLep_WWG.root
2026-08-19 10:23:59,273 - INFO - [2018] MISSING_SYSTEMATIC: SR1E2Mu/JetRes_Up/NMinusOne/nbjet_ge1/pair/mass in Skim_TriLep_WWG.root
2026-08-19 10:23:59,273 - INFO - [2018] MISSING_SYSTEMATIC: SR1E2Mu/JetRes_Down/NMinusOne/nbjet_ge1/pair/mass in Skim_TriLep_WWG.root
2026-08-19 10:23:59,274 - INFO - [2018] MISSING_SYSTEMATIC: SR1E2Mu/MuonEn_Up/NMinusOne/nbjet_ge1/pair/mass in Skim_TriLep_WWG.root
2026-08-19 10:23:59,274 - INFO - [2018] MISSING_SYSTEMATIC: SR1E2Mu/MuonEn_Down/NMinusOne/nbjet_ge1/pair/mass in Skim_TriLep_WWG.root
2026-08-19 10:23:59,275 - INFO - [2018] MISSING_SYSTEMATIC: SR1E2Mu/ElectronEn_Up/NMinusOne/nbjet_ge1/pair/mass in Skim_TriLep_WWG.root
2026-08-19 10:23:59,275 - INFO - [2018] MISSING_SYSTEMATIC: SR1E2Mu/ElectronEn_Down/NMinusOne/nbjet_ge1/pair/mass in Skim_TriLep_WWG.root
2026-08-19 10:23:59,275 - INFO - [2018] MISSING_SYSTEMATIC: SR1E2Mu/ElectronRes_Up/NMinusOne/nbjet_ge1/pair/mass in Skim_TriLep_WWG.root
2026-08-19 10:23:59,275 - INFO - [2018] MISSING_SYSTEMATIC: SR1E2Mu/ElectronRes_Down/NMinusOne/nbjet_ge1/pair/mass in Skim_TriLep_WWG.root
2026-08-19 10:23:59,276 - INFO - [2018] MISSING_SYSTEMATIC: SR1E2Mu/UnclusteredEn_Up/NMinusOne/nbjet_ge1/pair/mass in Skim_TriLep_WWG.root
2026-08-19 10:23:59,276 - INFO - [2018] MISSING_SYSTEMATIC: SR1E2Mu/UnclusteredEn_Down/NMinusOne/nbjet_ge1/pair/mass in Skim_TriLep_WWG.root
2026-08-19 10:23:59,277 - INFO - [2018] MISSING_SYSTEMATIC: SR1E2Mu/BtagSF_HFcorr_Up/NMinusOne/nbjet_ge1/pair/mass in Skim_TriLep_WWG.root
2026-08-19 10:23:59,277 - INFO - [2018] MISSING_SYSTEMATIC: SR1E2Mu/BtagSF_HFcorr_Down/NMinusOne/nbjet_ge1/pair/mass in Skim_TriLep_WWG.root
2026-08-19 10:23:59,277 - INFO - [2018] MISSING_SYSTEMATIC: SR1E2Mu/BtagSF_HFuncorr_Up/NMinusOne/nbjet_ge1/pair/mass in Skim_TriLep_WWG.root
2026-08-19 10:23:59,277 - INFO - [2018] MISSING_SYSTEMATIC: SR1E2Mu/BtagSF_HFuncorr_Down/NMinusOne/nbjet_ge1/pair/mass in Skim_TriLep_WWG.root
2026-08-19 10:23:59,278 - INFO - [2018] MISSING_SYSTEMATIC: SR1E2Mu/BtagSF_LFcorr_Up/NMinusOne/nbjet_ge1/pair/mass in Skim_TriLep_WWG.root
2026-08-19 10:23:59,278 - INFO - [2018] MISSING_SYSTEMATIC: SR1E2Mu/BtagSF_LFcorr_Down/NMinusOne/nbjet_ge1/pair/mass in Skim_TriLep_WWG.root
2026-08-19 10:23:59,279 - INFO - [2018] MISSING_SYSTEMATIC: SR1E2Mu/BtagSF_LFuncorr_Up/NMinusOne/nbjet_ge1/pair/mass in Skim_TriLep_WWG.root
2026-08-19 10:23:59,279 - INFO - [2018] MISSING_SYSTEMATIC: SR1E2Mu/BtagSF_LFuncorr_Down/NMinusOne/nbjet_ge1/pair/mass in Skim_TriLep_WWG.root
2026-08-19 10:23:59,346 - INFO - [2018] MISSING_SYSTEMATIC: SR1E2Mu/L1Prefire_Up/NMinusOne/nbjet_ge1/pair/mass in Skim_TriLep_TTWToLNu.root
2026-08-19 10:23:59,347 - INFO - [2018] MISSING_SYSTEMATIC: SR1E2Mu/L1Prefire_Down/NMinusOne/nbjet_ge1/pair/mass in Skim_TriLep_TTWToLNu.root
2026-08-19 10:23:59,347 - INFO - [2018] MISSING_SYSTEMATIC: SR1E2Mu/PileupReweight_Up/NMinusOne/nbjet_ge1/pair/mass in Skim_TriLep_TTWToLNu.root
2026-08-19 10:23:59,347 - INFO - [2018] MISSING_SYSTEMATIC: SR1E2Mu/PileupReweight_Down/NMinusOne/nbjet_ge1/pair/mass in Skim_TriLep_TTWToLNu.root
2026-08-19 10:23:59,348 - INFO - [2018] MISSING_SYSTEMATIC: SR1E2Mu/PileupJetIDSF_Up/NMinusOne/nbjet_ge1/pair/mass in Skim_TriLep_TTWToLNu.root
2026-08-19 10:23:59,348 - INFO - [2018] MISSING_SYSTEMATIC: SR1E2Mu/PileupJetIDSF_Down/NMinusOne/nbjet_ge1/pair/mass in Skim_TriLep_TTWToLNu.root
2026-08-19 10:23:59,348 - INFO - [2018] MISSING_SYSTEMATIC: SR1E2Mu/MuonIDSF_Up/NMinusOne/nbjet_ge1/pair/mass in Skim_TriLep_TTWToLNu.root
2026-08-19 10:23:59,348 - INFO - [2018] MISSING_SYSTEMATIC: SR1E2Mu/MuonIDSF_Down/NMinusOne/nbjet_ge1/pair/mass in Skim_TriLep_TTWToLNu.root
2026-08-19 10:23:59,349 - INFO - [2018] MISSING_SYSTEMATIC: SR1E2Mu/ElectronRecoSF_Up/NMinusOne/nbjet_ge1/pair/mass in Skim_TriLep_TTWToLNu.root
2026-08-19 10:23:59,349 - INFO - [2018] MISSING_SYSTEMATIC: SR1E2Mu/ElectronRecoSF_Down/NMinusOne/nbjet_ge1/pair/mass in Skim_TriLep_TTWToLNu.root
2026-08-19 10:23:59,350 - INFO - [2018] MISSING_SYSTEMATIC: SR1E2Mu/ElectronIDSF_Up/NMinusOne/nbjet_ge1/pair/mass in Skim_TriLep_TTWToLNu.root
2026-08-19 10:23:59,350 - INFO - [2018] MISSING_SYSTEMATIC: SR1E2Mu/ElectronIDSF_Down/NMinusOne/nbjet_ge1/pair/mass in Skim_TriLep_TTWToLNu.root
2026-08-19 10:23:59,350 - INFO - [2018] MISSING_SYSTEMATIC: SR1E2Mu/EMuTrigSF_Up/NMinusOne/nbjet_ge1/pair/mass in Skim_TriLep_TTWToLNu.root
2026-08-19 10:23:59,350 - INFO - [2018] MISSING_SYSTEMATIC: SR1E2Mu/EMuTrigSF_Down/NMinusOne/nbjet_ge1/pair/mass in Skim_TriLep_TTWToLNu.root
2026-08-19 10:23:59,351 - INFO - [2018] MISSING_SYSTEMATIC: SR1E2Mu/JetEn_Up/NMinusOne/nbjet_ge1/pair/mass in Skim_TriLep_TTWToLNu.root
2026-08-19 10:23:59,351 - INFO - [2018] MISSING_SYSTEMATIC: SR1E2Mu/JetEn_Down/NMinusOne/nbjet_ge1/pair/mass in Skim_TriLep_TTWToLNu.root
2026-08-19 10:23:59,352 - INFO - [2018] MISSING_SYSTEMATIC: SR1E2Mu/JetRes_Up/NMinusOne/nbjet_ge1/pair/mass in Skim_TriLep_TTWToLNu.root
2026-08-19 10:23:59,352 - INFO - [2018] MISSING_SYSTEMATIC: SR1E2Mu/JetRes_Down/NMinusOne/nbjet_ge1/pair/mass in Skim_TriLep_TTWToLNu.root
2026-08-19 10:23:59,352 - INFO - [2018] MISSING_SYSTEMATIC: SR1E2Mu/MuonEn_Up/NMinusOne/nbjet_ge1/pair/mass in Skim_TriLep_TTWToLNu.root
2026-08-19 10:23:59,352 - INFO - [2018] MISSING_SYSTEMATIC: SR1E2Mu/MuonEn_Down/NMinusOne/nbjet_ge1/pair/mass in Skim_TriLep_TTWToLNu.root
2026-08-19 10:23:59,353 - INFO - [2018] MISSING_SYSTEMATIC: SR1E2Mu/ElectronEn_Up/NMinusOne/nbjet_ge1/pair/mass in Skim_TriLep_TTWToLNu.root
2026-08-19 10:23:59,353 - INFO - [2018] MISSING_SYSTEMATIC: SR1E2Mu/ElectronEn_Down/NMinusOne/nbjet_ge1/pair/mass in Skim_TriLep_TTWToLNu.root
2026-08-19 10:23:59,354 - INFO - [2018] MISSING_SYSTEMATIC: SR1E2Mu/ElectronRes_Up/NMinusOne/nbjet_ge1/pair/mass in Skim_TriLep_TTWToLNu.root
2026-08-19 10:23:59,354 - INFO - [2018] MISSING_SYSTEMATIC: SR1E2Mu/ElectronRes_Down/NMinusOne/nbjet_ge1/pair/mass in Skim_TriLep_TTWToLNu.root
2026-08-19 10:23:59,354 - INFO - [2018] MISSING_SYSTEMATIC: SR1E2Mu/UnclusteredEn_Up/NMinusOne/nbjet_ge1/pair/mass in Skim_TriLep_TTWToLNu.root
2026-08-19 10:23:59,354 - INFO - [2018] MISSING_SYSTEMATIC: SR1E2Mu/UnclusteredEn_Down/NMinusOne/nbjet_ge1/pair/mass in Skim_TriLep_TTWToLNu.root
2026-08-19 10:23:59,355 - INFO - [2018] MISSING_SYSTEMATIC: SR1E2Mu/BtagSF_HFcorr_Up/NMinusOne/nbjet_ge1/pair/mass in Skim_TriLep_TTWToLNu.root
2026-08-19 10:23:59,355 - INFO - [2018] MISSING_SYSTEMATIC: SR1E2Mu/BtagSF_HFcorr_Down/NMinusOne/nbjet_ge1/pair/mass in Skim_TriLep_TTWToLNu.root
2026-08-19 10:23:59,355 - INFO - [2018] MISSING_SYSTEMATIC: SR1E2Mu/BtagSF_HFuncorr_Up/NMinusOne/nbjet_ge1/pair/mass in Skim_TriLep_TTWToLNu.root
2026-08-19 10:23:59,355 - INFO - [2018] MISSING_SYSTEMATIC: SR1E2Mu/BtagSF_HFuncorr_Down/NMinusOne/nbjet_ge1/pair/mass in Skim_TriLep_TTWToLNu.root
2026-08-19 10:23:59,356 - INFO - [2018] MISSING_SYSTEMATIC: SR1E2Mu/BtagSF_LFcorr_Up/NMinusOne/nbjet_ge1/pair/mass in Skim_TriLep_TTWToLNu.root
2026-08-19 10:23:59,356 - INFO - [2018] MISSING_SYSTEMATIC: SR1E2Mu/BtagSF_LFcorr_Down/NMinusOne/nbjet_ge1/pair/mass in Skim_TriLep_TTWToLNu.root
2026-08-19 10:23:59,357 - INFO - [2018] MISSING_SYSTEMATIC: SR1E2Mu/BtagSF_LFuncorr_Up/NMinusOne/nbjet_ge1/pair/mass in Skim_TriLep_TTWToLNu.root
2026-08-19 10:23:59,357 - INFO - [2018] MISSING_SYSTEMATIC: SR1E2Mu/BtagSF_LFuncorr_Down/NMinusOne/nbjet_ge1/pair/mass in Skim_TriLep_TTWToLNu.root
2026-08-19 10:23:59,358 - INFO - [2018] MISSING_SYSTEMATIC: SR1E2Mu/L1Prefire_Up/NMinusOne/nbjet_ge1/pair/mass in Skim_TriLep_TTZToLLNuNu.root
2026-08-19 10:23:59,358 - INFO - [2018] MISSING_SYSTEMATIC: SR1E2Mu/L1Prefire_Down/NMinusOne/nbjet_ge1/pair/mass in Skim_TriLep_TTZToLLNuNu.root
2026-08-19 10:23:59,359 - INFO - [2018] MISSING_SYSTEMATIC: SR1E2Mu/PileupReweight_Up/NMinusOne/nbjet_ge1/pair/mass in Skim_TriLep_TTZToLLNuNu.root
2026-08-19 10:23:59,359 - INFO - [2018] MISSING_SYSTEMATIC: SR1E2Mu/PileupReweight_Down/NMinusOne/nbjet_ge1/pair/mass in Skim_TriLep_TTZToLLNuNu.root
2026-08-19 10:23:59,359 - INFO - [2018] MISSING_SYSTEMATIC: SR1E2Mu/PileupJetIDSF_Up/NMinusOne/nbjet_ge1/pair/mass in Skim_TriLep_TTZToLLNuNu.root
2026-08-19 10:23:59,359 - INFO - [2018] MISSING_SYSTEMATIC: SR1E2Mu/PileupJetIDSF_Down/NMinusOne/nbjet_ge1/pair/mass in Skim_TriLep_TTZToLLNuNu.root
2026-08-19 10:23:59,360 - INFO - [2018] MISSING_SYSTEMATIC: SR1E2Mu/MuonIDSF_Up/NMinusOne/nbjet_ge1/pair/mass in Skim_TriLep_TTZToLLNuNu.root
2026-08-19 10:23:59,360 - INFO - [2018] MISSING_SYSTEMATIC: SR1E2Mu/MuonIDSF_Down/NMinusOne/nbjet_ge1/pair/mass in Skim_TriLep_TTZToLLNuNu.root
2026-08-19 10:23:59,360 - INFO - [2018] MISSING_SYSTEMATIC: SR1E2Mu/ElectronRecoSF_Up/NMinusOne/nbjet_ge1/pair/mass in Skim_TriLep_TTZToLLNuNu.root
2026-08-19 10:23:59,360 - INFO - [2018] MISSING_SYSTEMATIC: SR1E2Mu/ElectronRecoSF_Down/NMinusOne/nbjet_ge1/pair/mass in Skim_TriLep_TTZToLLNuNu.root
2026-08-19 10:23:59,361 - INFO - [2018] MISSING_SYSTEMATIC: SR1E2Mu/ElectronIDSF_Up/NMinusOne/nbjet_ge1/pair/mass in Skim_TriLep_TTZToLLNuNu.root
2026-08-19 10:23:59,361 - INFO - [2018] MISSING_SYSTEMATIC: SR1E2Mu/ElectronIDSF_Down/NMinusOne/nbjet_ge1/pair/mass in Skim_TriLep_TTZToLLNuNu.root
2026-08-19 10:23:59,362 - INFO - [2018] MISSING_SYSTEMATIC: SR1E2Mu/EMuTrigSF_Up/NMinusOne/nbjet_ge1/pair/mass in Skim_TriLep_TTZToLLNuNu.root
2026-08-19 10:23:59,362 - INFO - [2018] MISSING_SYSTEMATIC: SR1E2Mu/EMuTrigSF_Down/NMinusOne/nbjet_ge1/pair/mass in Skim_TriLep_TTZToLLNuNu.root
2026-08-19 10:23:59,362 - INFO - [2018] MISSING_SYSTEMATIC: SR1E2Mu/JetEn_Up/NMinusOne/nbjet_ge1/pair/mass in Skim_TriLep_TTZToLLNuNu.root
2026-08-19 10:23:59,362 - INFO - [2018] MISSING_SYSTEMATIC: SR1E2Mu/JetEn_Down/NMinusOne/nbjet_ge1/pair/mass in Skim_TriLep_TTZToLLNuNu.root
2026-08-19 10:23:59,363 - INFO - [2018] MISSING_SYSTEMATIC: SR1E2Mu/JetRes_Up/NMinusOne/nbjet_ge1/pair/mass in Skim_TriLep_TTZToLLNuNu.root
2026-08-19 10:23:59,363 - INFO - [2018] MISSING_SYSTEMATIC: SR1E2Mu/JetRes_Down/NMinusOne/nbjet_ge1/pair/mass in Skim_TriLep_TTZToLLNuNu.root
2026-08-19 10:23:59,364 - INFO - [2018] MISSING_SYSTEMATIC: SR1E2Mu/MuonEn_Up/NMinusOne/nbjet_ge1/pair/mass in Skim_TriLep_TTZToLLNuNu.root
2026-08-19 10:23:59,364 - INFO - [2018] MISSING_SYSTEMATIC: SR1E2Mu/MuonEn_Down/NMinusOne/nbjet_ge1/pair/mass in Skim_TriLep_TTZToLLNuNu.root
2026-08-19 10:23:59,364 - INFO - [2018] MISSING_SYSTEMATIC: SR1E2Mu/ElectronEn_Up/NMinusOne/nbjet_ge1/pair/mass in Skim_TriLep_TTZToLLNuNu.root
2026-08-19 10:23:59,364 - INFO - [2018] MISSING_SYSTEMATIC: SR1E2Mu/ElectronEn_Down/NMinusOne/nbjet_ge1/pair/mass in Skim_TriLep_TTZToLLNuNu.root
2026-08-19 10:23:59,365 - INFO - [2018] MISSING_SYSTEMATIC: SR1E2Mu/ElectronRes_Up/NMinusOne/nbjet_ge1/pair/mass in Skim_TriLep_TTZToLLNuNu.root
2026-08-19 10:23:59,365 - INFO - [2018] MISSING_SYSTEMATIC: SR1E2Mu/ElectronRes_Down/NMinusOne/nbjet_ge1/pair/mass in Skim_TriLep_TTZToLLNuNu.root
2026-08-19 10:23:59,366 - INFO - [2018] MISSING_SYSTEMATIC: SR1E2Mu/UnclusteredEn_Up/NMinusOne/nbjet_ge1/pair/mass in Skim_TriLep_TTZToLLNuNu.root
2026-08-19 10:23:59,366 - INFO - [2018] MISSING_SYSTEMATIC: SR1E2Mu/UnclusteredEn_Down/NMinusOne/nbjet_ge1/pair/mass in Skim_TriLep_TTZToLLNuNu.root
2026-08-19 10:23:59,366 - INFO - [2018] MISSING_SYSTEMATIC: SR1E2Mu/BtagSF_HFcorr_Up/NMinusOne/nbjet_ge1/pair/mass in Skim_TriLep_TTZToLLNuNu.root
2026-08-19 10:23:59,366 - INFO - [2018] MISSING_SYSTEMATIC: SR1E2Mu/BtagSF_HFcorr_Down/NMinusOne/nbjet_ge1/pair/mass in Skim_TriLep_TTZToLLNuNu.root
2026-08-19 10:23:59,367 - INFO - [2018] MISSING_SYSTEMATIC: SR1E2Mu/BtagSF_HFuncorr_Up/NMinusOne/nbjet_ge1/pair/mass in Skim_TriLep_TTZToLLNuNu.root
2026-08-19 10:23:59,367 - INFO - [2018] MISSING_SYSTEMATIC: SR1E2Mu/BtagSF_HFuncorr_Down/NMinusOne/nbjet_ge1/pair/mass in Skim_TriLep_TTZToLLNuNu.root
2026-08-19 10:23:59,368 - INFO - [2018] MISSING_SYSTEMATIC: SR1E2Mu/BtagSF_LFcorr_Up/NMinusOne/nbjet_ge1/pair/mass in Skim_TriLep_TTZToLLNuNu.root
2026-08-19 10:23:59,368 - INFO - [2018] MISSING_SYSTEMATIC: SR1E2Mu/BtagSF_LFcorr_Down/NMinusOne/nbjet_ge1/pair/mass in Skim_TriLep_TTZToLLNuNu.root
2026-08-19 10:23:59,368 - INFO - [2018] MISSING_SYSTEMATIC: SR1E2Mu/BtagSF_LFuncorr_Up/NMinusOne/nbjet_ge1/pair/mass in Skim_TriLep_TTZToLLNuNu.root
2026-08-19 10:23:59,368 - INFO - [2018] MISSING_SYSTEMATIC: SR1E2Mu/BtagSF_LFuncorr_Down/NMinusOne/nbjet_ge1/pair/mass in Skim_TriLep_TTZToLLNuNu.root
2026-08-19 10:23:59,394 - INFO - [2018] MISSING_SYSTEMATIC: SR1E2Mu/L1Prefire_Up/NMinusOne/nbjet_ge1/pair/mass in Skim_TriLep_TTHToNonbb.root
2026-08-19 10:23:59,394 - INFO - [2018] MISSING_SYSTEMATIC: SR1E2Mu/L1Prefire_Down/NMinusOne/nbjet_ge1/pair/mass in Skim_TriLep_TTHToNonbb.root
2026-08-19 10:23:59,395 - INFO - [2018] MISSING_SYSTEMATIC: SR1E2Mu/PileupReweight_Up/NMinusOne/nbjet_ge1/pair/mass in Skim_TriLep_TTHToNonbb.root
2026-08-19 10:23:59,395 - INFO - [2018] MISSING_SYSTEMATIC: SR1E2Mu/PileupReweight_Down/NMinusOne/nbjet_ge1/pair/mass in Skim_TriLep_TTHToNonbb.root
2026-08-19 10:23:59,395 - INFO - [2018] MISSING_SYSTEMATIC: SR1E2Mu/PileupJetIDSF_Up/NMinusOne/nbjet_ge1/pair/mass in Skim_TriLep_TTHToNonbb.root
2026-08-19 10:23:59,395 - INFO - [2018] MISSING_SYSTEMATIC: SR1E2Mu/PileupJetIDSF_Down/NMinusOne/nbjet_ge1/pair/mass in Skim_TriLep_TTHToNonbb.root
2026-08-19 10:23:59,396 - INFO - [2018] MISSING_SYSTEMATIC: SR1E2Mu/MuonIDSF_Up/NMinusOne/nbjet_ge1/pair/mass in Skim_TriLep_TTHToNonbb.root
2026-08-19 10:23:59,396 - INFO - [2018] MISSING_SYSTEMATIC: SR1E2Mu/MuonIDSF_Down/NMinusOne/nbjet_ge1/pair/mass in Skim_TriLep_TTHToNonbb.root
2026-08-19 10:23:59,397 - INFO - [2018] MISSING_SYSTEMATIC: SR1E2Mu/ElectronRecoSF_Up/NMinusOne/nbjet_ge1/pair/mass in Skim_TriLep_TTHToNonbb.root
2026-08-19 10:23:59,397 - INFO - [2018] MISSING_SYSTEMATIC: SR1E2Mu/ElectronRecoSF_Down/NMinusOne/nbjet_ge1/pair/mass in Skim_TriLep_TTHToNonbb.root
2026-08-19 10:23:59,398 - INFO - [2018] MISSING_SYSTEMATIC: SR1E2Mu/ElectronIDSF_Up/NMinusOne/nbjet_ge1/pair/mass in Skim_TriLep_TTHToNonbb.root
2026-08-19 10:23:59,398 - INFO - [2018] MISSING_SYSTEMATIC: SR1E2Mu/ElectronIDSF_Down/NMinusOne/nbjet_ge1/pair/mass in Skim_TriLep_TTHToNonbb.root
2026-08-19 10:23:59,398 - INFO - [2018] MISSING_SYSTEMATIC: SR1E2Mu/EMuTrigSF_Up/NMinusOne/nbjet_ge1/pair/mass in Skim_TriLep_TTHToNonbb.root
2026-08-19 10:23:59,398 - INFO - [2018] MISSING_SYSTEMATIC: SR1E2Mu/EMuTrigSF_Down/NMinusOne/nbjet_ge1/pair/mass in Skim_TriLep_TTHToNonbb.root
2026-08-19 10:23:59,399 - INFO - [2018] MISSING_SYSTEMATIC: SR1E2Mu/JetEn_Up/NMinusOne/nbjet_ge1/pair/mass in Skim_TriLep_TTHToNonbb.root
2026-08-19 10:23:59,399 - INFO - [2018] MISSING_SYSTEMATIC: SR1E2Mu/JetEn_Down/NMinusOne/nbjet_ge1/pair/mass in Skim_TriLep_TTHToNonbb.root
2026-08-19 10:23:59,400 - INFO - [2018] MISSING_SYSTEMATIC: SR1E2Mu/JetRes_Up/NMinusOne/nbjet_ge1/pair/mass in Skim_TriLep_TTHToNonbb.root
2026-08-19 10:23:59,400 - INFO - [2018] MISSING_SYSTEMATIC: SR1E2Mu/JetRes_Down/NMinusOne/nbjet_ge1/pair/mass in Skim_TriLep_TTHToNonbb.root
2026-08-19 10:23:59,400 - INFO - [2018] MISSING_SYSTEMATIC: SR1E2Mu/MuonEn_Up/NMinusOne/nbjet_ge1/pair/mass in Skim_TriLep_TTHToNonbb.root
2026-08-19 10:23:59,400 - INFO - [2018] MISSING_SYSTEMATIC: SR1E2Mu/MuonEn_Down/NMinusOne/nbjet_ge1/pair/mass in Skim_TriLep_TTHToNonbb.root
2026-08-19 10:23:59,401 - INFO - [2018] MISSING_SYSTEMATIC: SR1E2Mu/ElectronEn_Up/NMinusOne/nbjet_ge1/pair/mass in Skim_TriLep_TTHToNonbb.root
2026-08-19 10:23:59,401 - INFO - [2018] MISSING_SYSTEMATIC: SR1E2Mu/ElectronEn_Down/NMinusOne/nbjet_ge1/pair/mass in Skim_TriLep_TTHToNonbb.root
2026-08-19 10:23:59,401 - INFO - [2018] MISSING_SYSTEMATIC: SR1E2Mu/ElectronRes_Up/NMinusOne/nbjet_ge1/pair/mass in Skim_TriLep_TTHToNonbb.root
2026-08-19 10:23:59,401 - INFO - [2018] MISSING_SYSTEMATIC: SR1E2Mu/ElectronRes_Down/NMinusOne/nbjet_ge1/pair/mass in Skim_TriLep_TTHToNonbb.root
2026-08-19 10:23:59,402 - INFO - [2018] MISSING_SYSTEMATIC: SR1E2Mu/UnclusteredEn_Up/NMinusOne/nbjet_ge1/pair/mass in Skim_TriLep_TTHToNonbb.root
2026-08-19 10:23:59,402 - INFO - [2018] MISSING_SYSTEMATIC: SR1E2Mu/UnclusteredEn_Down/NMinusOne/nbjet_ge1/pair/mass in Skim_TriLep_TTHToNonbb.root
2026-08-19 10:23:59,403 - INFO - [2018] MISSING_SYSTEMATIC: SR1E2Mu/BtagSF_HFcorr_Up/NMinusOne/nbjet_ge1/pair/mass in Skim_TriLep_TTHToNonbb.root
2026-08-19 10:23:59,403 - INFO - [2018] MISSING_SYSTEMATIC: SR1E2Mu/BtagSF_HFcorr_Down/NMinusOne/nbjet_ge1/pair/mass in Skim_TriLep_TTHToNonbb.root
2026-08-19 10:23:59,403 - INFO - [2018] MISSING_SYSTEMATIC: SR1E2Mu/BtagSF_HFuncorr_Up/NMinusOne/nbjet_ge1/pair/mass in Skim_TriLep_TTHToNonbb.root
2026-08-19 10:23:59,403 - INFO - [2018] MISSING_SYSTEMATIC: SR1E2Mu/BtagSF_HFuncorr_Down/NMinusOne/nbjet_ge1/pair/mass in Skim_TriLep_TTHToNonbb.root
2026-08-19 10:23:59,404 - INFO - [2018] MISSING_SYSTEMATIC: SR1E2Mu/BtagSF_LFcorr_Up/NMinusOne/nbjet_ge1/pair/mass in Skim_TriLep_TTHToNonbb.root
2026-08-19 10:23:59,404 - INFO - [2018] MISSING_SYSTEMATIC: SR1E2Mu/BtagSF_LFcorr_Down/NMinusOne/nbjet_ge1/pair/mass in Skim_TriLep_TTHToNonbb.root
2026-08-19 10:23:59,405 - INFO - [2018] MISSING_SYSTEMATIC: SR1E2Mu/BtagSF_LFuncorr_Up/NMinusOne/nbjet_ge1/pair/mass in Skim_TriLep_TTHToNonbb.root
2026-08-19 10:23:59,405 - INFO - [2018] MISSING_SYSTEMATIC: SR1E2Mu/BtagSF_LFuncorr_Down/NMinusOne/nbjet_ge1/pair/mass in Skim_TriLep_TTHToNonbb.root
2026-08-19 10:23:59,406 - INFO - [2018] MISSING_SYSTEMATIC: SR1E2Mu/L1Prefire_Up/NMinusOne/nbjet_ge1/pair/mass in Skim_TriLep_tZq.root
2026-08-19 10:23:59,406 - INFO - [2018] MISSING_SYSTEMATIC: SR1E2Mu/L1Prefire_Down/NMinusOne/nbjet_ge1/pair/mass in Skim_TriLep_tZq.root
2026-08-19 10:23:59,406 - INFO - [2018] MISSING_SYSTEMATIC: SR1E2Mu/PileupReweight_Up/NMinusOne/nbjet_ge1/pair/mass in Skim_TriLep_tZq.root
2026-08-19 10:23:59,406 - INFO - [2018] MISSING_SYSTEMATIC: SR1E2Mu/PileupReweight_Down/NMinusOne/nbjet_ge1/pair/mass in Skim_TriLep_tZq.root
2026-08-19 10:23:59,407 - INFO - [2018] MISSING_SYSTEMATIC: SR1E2Mu/PileupJetIDSF_Up/NMinusOne/nbjet_ge1/pair/mass in Skim_TriLep_tZq.root
2026-08-19 10:23:59,407 - INFO - [2018] MISSING_SYSTEMATIC: SR1E2Mu/PileupJetIDSF_Down/NMinusOne/nbjet_ge1/pair/mass in Skim_TriLep_tZq.root
2026-08-19 10:23:59,408 - INFO - [2018] MISSING_SYSTEMATIC: SR1E2Mu/MuonIDSF_Up/NMinusOne/nbjet_ge1/pair/mass in Skim_TriLep_tZq.root
2026-08-19 10:23:59,408 - INFO - [2018] MISSING_SYSTEMATIC: SR1E2Mu/MuonIDSF_Down/NMinusOne/nbjet_ge1/pair/mass in Skim_TriLep_tZq.root
2026-08-19 10:23:59,408 - INFO - [2018] MISSING_SYSTEMATIC: SR1E2Mu/ElectronRecoSF_Up/NMinusOne/nbjet_ge1/pair/mass in Skim_TriLep_tZq.root
2026-08-19 10:23:59,408 - INFO - [2018] MISSING_SYSTEMATIC: SR1E2Mu/ElectronRecoSF_Down/NMinusOne/nbjet_ge1/pair/mass in Skim_TriLep_tZq.root
2026-08-19 10:23:59,409 - INFO - [2018] MISSING_SYSTEMATIC: SR1E2Mu/ElectronIDSF_Up/NMinusOne/nbjet_ge1/pair/mass in Skim_TriLep_tZq.root
2026-08-19 10:23:59,409 - INFO - [2018] MISSING_SYSTEMATIC: SR1E2Mu/ElectronIDSF_Down/NMinusOne/nbjet_ge1/pair/mass in Skim_TriLep_tZq.root
2026-08-19 10:23:59,410 - INFO - [2018] MISSING_SYSTEMATIC: SR1E2Mu/EMuTrigSF_Up/NMinusOne/nbjet_ge1/pair/mass in Skim_TriLep_tZq.root
2026-08-19 10:23:59,410 - INFO - [2018] MISSING_SYSTEMATIC: SR1E2Mu/EMuTrigSF_Down/NMinusOne/nbjet_ge1/pair/mass in Skim_TriLep_tZq.root
2026-08-19 10:23:59,410 - INFO - [2018] MISSING_SYSTEMATIC: SR1E2Mu/JetEn_Up/NMinusOne/nbjet_ge1/pair/mass in Skim_TriLep_tZq.root
2026-08-19 10:23:59,411 - INFO - [2018] MISSING_SYSTEMATIC: SR1E2Mu/JetEn_Down/NMinusOne/nbjet_ge1/pair/mass in Skim_TriLep_tZq.root
2026-08-19 10:23:59,411 - INFO - [2018] MISSING_SYSTEMATIC: SR1E2Mu/JetRes_Up/NMinusOne/nbjet_ge1/pair/mass in Skim_TriLep_tZq.root
2026-08-19 10:23:59,411 - INFO - [2018] MISSING_SYSTEMATIC: SR1E2Mu/JetRes_Down/NMinusOne/nbjet_ge1/pair/mass in Skim_TriLep_tZq.root
2026-08-19 10:23:59,412 - INFO - [2018] MISSING_SYSTEMATIC: SR1E2Mu/MuonEn_Up/NMinusOne/nbjet_ge1/pair/mass in Skim_TriLep_tZq.root
2026-08-19 10:23:59,412 - INFO - [2018] MISSING_SYSTEMATIC: SR1E2Mu/MuonEn_Down/NMinusOne/nbjet_ge1/pair/mass in Skim_TriLep_tZq.root
2026-08-19 10:23:59,413 - INFO - [2018] MISSING_SYSTEMATIC: SR1E2Mu/ElectronEn_Up/NMinusOne/nbjet_ge1/pair/mass in Skim_TriLep_tZq.root
2026-08-19 10:23:59,413 - INFO - [2018] MISSING_SYSTEMATIC: SR1E2Mu/ElectronEn_Down/NMinusOne/nbjet_ge1/pair/mass in Skim_TriLep_tZq.root
2026-08-19 10:23:59,413 - INFO - [2018] MISSING_SYSTEMATIC: SR1E2Mu/ElectronRes_Up/NMinusOne/nbjet_ge1/pair/mass in Skim_TriLep_tZq.root
2026-08-19 10:23:59,413 - INFO - [2018] MISSING_SYSTEMATIC: SR1E2Mu/ElectronRes_Down/NMinusOne/nbjet_ge1/pair/mass in Skim_TriLep_tZq.root
2026-08-19 10:23:59,414 - INFO - [2018] MISSING_SYSTEMATIC: SR1E2Mu/UnclusteredEn_Up/NMinusOne/nbjet_ge1/pair/mass in Skim_TriLep_tZq.root
2026-08-19 10:23:59,414 - INFO - [2018] MISSING_SYSTEMATIC: SR1E2Mu/UnclusteredEn_Down/NMinusOne/nbjet_ge1/pair/mass in Skim_TriLep_tZq.root
2026-08-19 10:23:59,415 - INFO - [2018] MISSING_SYSTEMATIC: SR1E2Mu/BtagSF_HFcorr_Up/NMinusOne/nbjet_ge1/pair/mass in Skim_TriLep_tZq.root
2026-08-19 10:23:59,415 - INFO - [2018] MISSING_SYSTEMATIC: SR1E2Mu/BtagSF_HFcorr_Down/NMinusOne/nbjet_ge1/pair/mass in Skim_TriLep_tZq.root
2026-08-19 10:23:59,415 - INFO - [2018] MISSING_SYSTEMATIC: SR1E2Mu/BtagSF_HFuncorr_Up/NMinusOne/nbjet_ge1/pair/mass in Skim_TriLep_tZq.root
2026-08-19 10:23:59,415 - INFO - [2018] MISSING_SYSTEMATIC: SR1E2Mu/BtagSF_HFuncorr_Down/NMinusOne/nbjet_ge1/pair/mass in Skim_TriLep_tZq.root
2026-08-19 10:23:59,416 - INFO - [2018] MISSING_SYSTEMATIC: SR1E2Mu/BtagSF_LFcorr_Up/NMinusOne/nbjet_ge1/pair/mass in Skim_TriLep_tZq.root
2026-08-19 10:23:59,416 - INFO - [2018] MISSING_SYSTEMATIC: SR1E2Mu/BtagSF_LFcorr_Down/NMinusOne/nbjet_ge1/pair/mass in Skim_TriLep_tZq.root
2026-08-19 10:23:59,417 - INFO - [2018] MISSING_SYSTEMATIC: SR1E2Mu/BtagSF_LFuncorr_Up/NMinusOne/nbjet_ge1/pair/mass in Skim_TriLep_tZq.root
2026-08-19 10:23:59,417 - INFO - [2018] MISSING_SYSTEMATIC: SR1E2Mu/BtagSF_LFuncorr_Down/NMinusOne/nbjet_ge1/pair/mass in Skim_TriLep_tZq.root
2026-08-19 10:23:59,437 - INFO - [2018] MISSING_SYSTEMATIC: SR1E2Mu/L1Prefire_Up/NMinusOne/nbjet_ge1/pair/mass in Skim_TriLep_WZTo3LNu_amcatnlo.root
2026-08-19 10:23:59,437 - INFO - [2018] MISSING_SYSTEMATIC: SR1E2Mu/L1Prefire_Down/NMinusOne/nbjet_ge1/pair/mass in Skim_TriLep_WZTo3LNu_amcatnlo.root
2026-08-19 10:23:59,438 - INFO - [2018] MISSING_SYSTEMATIC: SR1E2Mu/PileupReweight_Up/NMinusOne/nbjet_ge1/pair/mass in Skim_TriLep_WZTo3LNu_amcatnlo.root
2026-08-19 10:23:59,438 - INFO - [2018] MISSING_SYSTEMATIC: SR1E2Mu/PileupReweight_Down/NMinusOne/nbjet_ge1/pair/mass in Skim_TriLep_WZTo3LNu_amcatnlo.root
2026-08-19 10:23:59,439 - INFO - [2018] MISSING_SYSTEMATIC: SR1E2Mu/PileupJetIDSF_Up/NMinusOne/nbjet_ge1/pair/mass in Skim_TriLep_WZTo3LNu_amcatnlo.root
2026-08-19 10:23:59,439 - INFO - [2018] MISSING_SYSTEMATIC: SR1E2Mu/PileupJetIDSF_Down/NMinusOne/nbjet_ge1/pair/mass in Skim_TriLep_WZTo3LNu_amcatnlo.root
2026-08-19 10:23:59,439 - INFO - [2018] MISSING_SYSTEMATIC: SR1E2Mu/MuonIDSF_Up/NMinusOne/nbjet_ge1/pair/mass in Skim_TriLep_WZTo3LNu_amcatnlo.root
2026-08-19 10:23:59,439 - INFO - [2018] MISSING_SYSTEMATIC: SR1E2Mu/MuonIDSF_Down/NMinusOne/nbjet_ge1/pair/mass in Skim_TriLep_WZTo3LNu_amcatnlo.root
2026-08-19 10:23:59,440 - INFO - [2018] MISSING_SYSTEMATIC: SR1E2Mu/ElectronRecoSF_Up/NMinusOne/nbjet_ge1/pair/mass in Skim_TriLep_WZTo3LNu_amcatnlo.root
2026-08-19 10:23:59,440 - INFO - [2018] MISSING_SYSTEMATIC: SR1E2Mu/ElectronRecoSF_Down/NMinusOne/nbjet_ge1/pair/mass in Skim_TriLep_WZTo3LNu_amcatnlo.root
2026-08-19 10:23:59,441 - INFO - [2018] MISSING_SYSTEMATIC: SR1E2Mu/ElectronIDSF_Up/NMinusOne/nbjet_ge1/pair/mass in Skim_TriLep_WZTo3LNu_amcatnlo.root
2026-08-19 10:23:59,441 - INFO - [2018] MISSING_SYSTEMATIC: SR1E2Mu/ElectronIDSF_Down/NMinusOne/nbjet_ge1/pair/mass in Skim_TriLep_WZTo3LNu_amcatnlo.root
2026-08-19 10:23:59,442 - INFO - [2018] MISSING_SYSTEMATIC: SR1E2Mu/EMuTrigSF_Up/NMinusOne/nbjet_ge1/pair/mass in Skim_TriLep_WZTo3LNu_amcatnlo.root
2026-08-19 10:23:59,442 - INFO - [2018] MISSING_SYSTEMATIC: SR1E2Mu/EMuTrigSF_Down/NMinusOne/nbjet_ge1/pair/mass in Skim_TriLep_WZTo3LNu_amcatnlo.root
2026-08-19 10:23:59,443 - INFO - [2018] MISSING_SYSTEMATIC: SR1E2Mu/JetEn_Up/NMinusOne/nbjet_ge1/pair/mass in Skim_TriLep_WZTo3LNu_amcatnlo.root
2026-08-19 10:23:59,443 - INFO - [2018] MISSING_SYSTEMATIC: SR1E2Mu/JetEn_Down/NMinusOne/nbjet_ge1/pair/mass in Skim_TriLep_WZTo3LNu_amcatnlo.root
2026-08-19 10:23:59,444 - INFO - [2018] MISSING_SYSTEMATIC: SR1E2Mu/JetRes_Up/NMinusOne/nbjet_ge1/pair/mass in Skim_TriLep_WZTo3LNu_amcatnlo.root
2026-08-19 10:23:59,444 - INFO - [2018] MISSING_SYSTEMATIC: SR1E2Mu/JetRes_Down/NMinusOne/nbjet_ge1/pair/mass in Skim_TriLep_WZTo3LNu_amcatnlo.root
2026-08-19 10:23:59,444 - INFO - [2018] MISSING_SYSTEMATIC: SR1E2Mu/MuonEn_Up/NMinusOne/nbjet_ge1/pair/mass in Skim_TriLep_WZTo3LNu_amcatnlo.root
2026-08-19 10:23:59,444 - INFO - [2018] MISSING_SYSTEMATIC: SR1E2Mu/MuonEn_Down/NMinusOne/nbjet_ge1/pair/mass in Skim_TriLep_WZTo3LNu_amcatnlo.root
2026-08-19 10:23:59,445 - INFO - [2018] MISSING_SYSTEMATIC: SR1E2Mu/ElectronEn_Up/NMinusOne/nbjet_ge1/pair/mass in Skim_TriLep_WZTo3LNu_amcatnlo.root
2026-08-19 10:23:59,445 - INFO - [2018] MISSING_SYSTEMATIC: SR1E2Mu/ElectronEn_Down/NMinusOne/nbjet_ge1/pair/mass in Skim_TriLep_WZTo3LNu_amcatnlo.root
2026-08-19 10:23:59,446 - INFO - [2018] MISSING_SYSTEMATIC: SR1E2Mu/ElectronRes_Up/NMinusOne/nbjet_ge1/pair/mass in Skim_TriLep_WZTo3LNu_amcatnlo.root
2026-08-19 10:23:59,446 - INFO - [2018] MISSING_SYSTEMATIC: SR1E2Mu/ElectronRes_Down/NMinusOne/nbjet_ge1/pair/mass in Skim_TriLep_WZTo3LNu_amcatnlo.root
2026-08-19 10:23:59,447 - INFO - [2018] MISSING_SYSTEMATIC: SR1E2Mu/UnclusteredEn_Up/NMinusOne/nbjet_ge1/pair/mass in Skim_TriLep_WZTo3LNu_amcatnlo.root
2026-08-19 10:23:59,447 - INFO - [2018] MISSING_SYSTEMATIC: SR1E2Mu/UnclusteredEn_Down/NMinusOne/nbjet_ge1/pair/mass in Skim_TriLep_WZTo3LNu_amcatnlo.root
2026-08-19 10:23:59,448 - INFO - [2018] MISSING_SYSTEMATIC: SR1E2Mu/BtagSF_HFcorr_Up/NMinusOne/nbjet_ge1/pair/mass in Skim_TriLep_WZTo3LNu_amcatnlo.root
2026-08-19 10:23:59,448 - INFO - [2018] MISSING_SYSTEMATIC: SR1E2Mu/BtagSF_HFcorr_Down/NMinusOne/nbjet_ge1/pair/mass in Skim_TriLep_WZTo3LNu_amcatnlo.root
2026-08-19 10:23:59,448 - INFO - [2018] MISSING_SYSTEMATIC: SR1E2Mu/BtagSF_HFuncorr_Up/NMinusOne/nbjet_ge1/pair/mass in Skim_TriLep_WZTo3LNu_amcatnlo.root
2026-08-19 10:23:59,448 - INFO - [2018] MISSING_SYSTEMATIC: SR1E2Mu/BtagSF_HFuncorr_Down/NMinusOne/nbjet_ge1/pair/mass in Skim_TriLep_WZTo3LNu_amcatnlo.root
2026-08-19 10:23:59,449 - INFO - [2018] MISSING_SYSTEMATIC: SR1E2Mu/BtagSF_LFcorr_Up/NMinusOne/nbjet_ge1/pair/mass in Skim_TriLep_WZTo3LNu_amcatnlo.root
2026-08-19 10:23:59,449 - INFO - [2018] MISSING_SYSTEMATIC: SR1E2Mu/BtagSF_LFcorr_Down/NMinusOne/nbjet_ge1/pair/mass in Skim_TriLep_WZTo3LNu_amcatnlo.root
2026-08-19 10:23:59,450 - INFO - [2018] MISSING_SYSTEMATIC: SR1E2Mu/BtagSF_LFuncorr_Up/NMinusOne/nbjet_ge1/pair/mass in Skim_TriLep_WZTo3LNu_amcatnlo.root
2026-08-19 10:23:59,450 - INFO - [2018] MISSING_SYSTEMATIC: SR1E2Mu/BtagSF_LFuncorr_Down/NMinusOne/nbjet_ge1/pair/mass in Skim_TriLep_WZTo3LNu_amcatnlo.root
2026-08-19 10:23:59,457 - INFO - [2018] MISSING_SYSTEMATIC: SR1E2Mu/L1Prefire_Up/NMinusOne/nbjet_ge1/pair/mass in Skim_TriLep_ZZTo4L_powheg.root
2026-08-19 10:23:59,457 - INFO - [2018] MISSING_SYSTEMATIC: SR1E2Mu/L1Prefire_Down/NMinusOne/nbjet_ge1/pair/mass in Skim_TriLep_ZZTo4L_powheg.root
2026-08-19 10:23:59,457 - INFO - [2018] MISSING_SYSTEMATIC: SR1E2Mu/PileupReweight_Up/NMinusOne/nbjet_ge1/pair/mass in Skim_TriLep_ZZTo4L_powheg.root
2026-08-19 10:23:59,457 - INFO - [2018] MISSING_SYSTEMATIC: SR1E2Mu/PileupReweight_Down/NMinusOne/nbjet_ge1/pair/mass in Skim_TriLep_ZZTo4L_powheg.root
2026-08-19 10:23:59,458 - INFO - [2018] MISSING_SYSTEMATIC: SR1E2Mu/PileupJetIDSF_Up/NMinusOne/nbjet_ge1/pair/mass in Skim_TriLep_ZZTo4L_powheg.root
2026-08-19 10:23:59,458 - INFO - [2018] MISSING_SYSTEMATIC: SR1E2Mu/PileupJetIDSF_Down/NMinusOne/nbjet_ge1/pair/mass in Skim_TriLep_ZZTo4L_powheg.root
2026-08-19 10:23:59,459 - INFO - [2018] MISSING_SYSTEMATIC: SR1E2Mu/MuonIDSF_Up/NMinusOne/nbjet_ge1/pair/mass in Skim_TriLep_ZZTo4L_powheg.root
2026-08-19 10:23:59,459 - INFO - [2018] MISSING_SYSTEMATIC: SR1E2Mu/MuonIDSF_Down/NMinusOne/nbjet_ge1/pair/mass in Skim_TriLep_ZZTo4L_powheg.root
2026-08-19 10:23:59,460 - INFO - [2018] MISSING_SYSTEMATIC: SR1E2Mu/ElectronRecoSF_Up/NMinusOne/nbjet_ge1/pair/mass in Skim_TriLep_ZZTo4L_powheg.root
2026-08-19 10:23:59,460 - INFO - [2018] MISSING_SYSTEMATIC: SR1E2Mu/ElectronRecoSF_Down/NMinusOne/nbjet_ge1/pair/mass in Skim_TriLep_ZZTo4L_powheg.root
2026-08-19 10:23:59,460 - INFO - [2018] MISSING_SYSTEMATIC: SR1E2Mu/ElectronIDSF_Up/NMinusOne/nbjet_ge1/pair/mass in Skim_TriLep_ZZTo4L_powheg.root
2026-08-19 10:23:59,460 - INFO - [2018] MISSING_SYSTEMATIC: SR1E2Mu/ElectronIDSF_Down/NMinusOne/nbjet_ge1/pair/mass in Skim_TriLep_ZZTo4L_powheg.root
2026-08-19 10:23:59,461 - INFO - [2018] MISSING_SYSTEMATIC: SR1E2Mu/EMuTrigSF_Up/NMinusOne/nbjet_ge1/pair/mass in Skim_TriLep_ZZTo4L_powheg.root
2026-08-19 10:23:59,461 - INFO - [2018] MISSING_SYSTEMATIC: SR1E2Mu/EMuTrigSF_Down/NMinusOne/nbjet_ge1/pair/mass in Skim_TriLep_ZZTo4L_powheg.root
2026-08-19 10:23:59,462 - INFO - [2018] MISSING_SYSTEMATIC: SR1E2Mu/JetEn_Up/NMinusOne/nbjet_ge1/pair/mass in Skim_TriLep_ZZTo4L_powheg.root
2026-08-19 10:23:59,462 - INFO - [2018] MISSING_SYSTEMATIC: SR1E2Mu/JetEn_Down/NMinusOne/nbjet_ge1/pair/mass in Skim_TriLep_ZZTo4L_powheg.root
2026-08-19 10:23:59,463 - INFO - [2018] MISSING_SYSTEMATIC: SR1E2Mu/JetRes_Up/NMinusOne/nbjet_ge1/pair/mass in Skim_TriLep_ZZTo4L_powheg.root
2026-08-19 10:23:59,463 - INFO - [2018] MISSING_SYSTEMATIC: SR1E2Mu/JetRes_Down/NMinusOne/nbjet_ge1/pair/mass in Skim_TriLep_ZZTo4L_powheg.root
2026-08-19 10:23:59,463 - INFO - [2018] MISSING_SYSTEMATIC: SR1E2Mu/MuonEn_Up/NMinusOne/nbjet_ge1/pair/mass in Skim_TriLep_ZZTo4L_powheg.root
2026-08-19 10:23:59,463 - INFO - [2018] MISSING_SYSTEMATIC: SR1E2Mu/MuonEn_Down/NMinusOne/nbjet_ge1/pair/mass in Skim_TriLep_ZZTo4L_powheg.root
2026-08-19 10:23:59,464 - INFO - [2018] MISSING_SYSTEMATIC: SR1E2Mu/ElectronEn_Up/NMinusOne/nbjet_ge1/pair/mass in Skim_TriLep_ZZTo4L_powheg.root
2026-08-19 10:23:59,464 - INFO - [2018] MISSING_SYSTEMATIC: SR1E2Mu/ElectronEn_Down/NMinusOne/nbjet_ge1/pair/mass in Skim_TriLep_ZZTo4L_powheg.root
2026-08-19 10:23:59,465 - INFO - [2018] MISSING_SYSTEMATIC: SR1E2Mu/ElectronRes_Up/NMinusOne/nbjet_ge1/pair/mass in Skim_TriLep_ZZTo4L_powheg.root
2026-08-19 10:23:59,465 - INFO - [2018] MISSING_SYSTEMATIC: SR1E2Mu/ElectronRes_Down/NMinusOne/nbjet_ge1/pair/mass in Skim_TriLep_ZZTo4L_powheg.root
2026-08-19 10:23:59,466 - INFO - [2018] MISSING_SYSTEMATIC: SR1E2Mu/UnclusteredEn_Up/NMinusOne/nbjet_ge1/pair/mass in Skim_TriLep_ZZTo4L_powheg.root
2026-08-19 10:23:59,466 - INFO - [2018] MISSING_SYSTEMATIC: SR1E2Mu/UnclusteredEn_Down/NMinusOne/nbjet_ge1/pair/mass in Skim_TriLep_ZZTo4L_powheg.root
2026-08-19 10:23:59,466 - INFO - [2018] MISSING_SYSTEMATIC: SR1E2Mu/BtagSF_HFcorr_Up/NMinusOne/nbjet_ge1/pair/mass in Skim_TriLep_ZZTo4L_powheg.root
2026-08-19 10:23:59,466 - INFO - [2018] MISSING_SYSTEMATIC: SR1E2Mu/BtagSF_HFcorr_Down/NMinusOne/nbjet_ge1/pair/mass in Skim_TriLep_ZZTo4L_powheg.root
2026-08-19 10:23:59,467 - INFO - [2018] MISSING_SYSTEMATIC: SR1E2Mu/BtagSF_HFuncorr_Up/NMinusOne/nbjet_ge1/pair/mass in Skim_TriLep_ZZTo4L_powheg.root
2026-08-19 10:23:59,467 - INFO - [2018] MISSING_SYSTEMATIC: SR1E2Mu/BtagSF_HFuncorr_Down/NMinusOne/nbjet_ge1/pair/mass in Skim_TriLep_ZZTo4L_powheg.root
2026-08-19 10:23:59,468 - INFO - [2018] MISSING_SYSTEMATIC: SR1E2Mu/BtagSF_LFcorr_Up/NMinusOne/nbjet_ge1/pair/mass in Skim_TriLep_ZZTo4L_powheg.root
2026-08-19 10:23:59,468 - INFO - [2018] MISSING_SYSTEMATIC: SR1E2Mu/BtagSF_LFcorr_Down/NMinusOne/nbjet_ge1/pair/mass in Skim_TriLep_ZZTo4L_powheg.root
2026-08-19 10:23:59,469 - INFO - [2018] MISSING_SYSTEMATIC: SR1E2Mu/BtagSF_LFuncorr_Up/NMinusOne/nbjet_ge1/pair/mass in Skim_TriLep_ZZTo4L_powheg.root
2026-08-19 10:23:59,469 - INFO - [2018] MISSING_SYSTEMATIC: SR1E2Mu/BtagSF_LFuncorr_Down/NMinusOne/nbjet_ge1/pair/mass in Skim_TriLep_ZZTo4L_powheg.root
2026-08-19 10:23:59,501 - INFO - [2018] MISSING_SYSTEMATIC: SR1E2Mu/L1Prefire_Up/NMinusOne/nbjet_ge1/pair/mass in Skim_TriLep_tHq.root
2026-08-19 10:23:59,501 - INFO - [2018] MISSING_SYSTEMATIC: SR1E2Mu/L1Prefire_Down/NMinusOne/nbjet_ge1/pair/mass in Skim_TriLep_tHq.root
2026-08-19 10:23:59,502 - INFO - [2018] MISSING_SYSTEMATIC: SR1E2Mu/PileupReweight_Up/NMinusOne/nbjet_ge1/pair/mass in Skim_TriLep_tHq.root
2026-08-19 10:23:59,502 - INFO - [2018] MISSING_SYSTEMATIC: SR1E2Mu/PileupReweight_Down/NMinusOne/nbjet_ge1/pair/mass in Skim_TriLep_tHq.root
2026-08-19 10:23:59,502 - INFO - [2018] MISSING_SYSTEMATIC: SR1E2Mu/PileupJetIDSF_Up/NMinusOne/nbjet_ge1/pair/mass in Skim_TriLep_tHq.root
2026-08-19 10:23:59,502 - INFO - [2018] MISSING_SYSTEMATIC: SR1E2Mu/PileupJetIDSF_Down/NMinusOne/nbjet_ge1/pair/mass in Skim_TriLep_tHq.root
2026-08-19 10:23:59,503 - INFO - [2018] MISSING_SYSTEMATIC: SR1E2Mu/MuonIDSF_Up/NMinusOne/nbjet_ge1/pair/mass in Skim_TriLep_tHq.root
2026-08-19 10:23:59,503 - INFO - [2018] MISSING_SYSTEMATIC: SR1E2Mu/MuonIDSF_Down/NMinusOne/nbjet_ge1/pair/mass in Skim_TriLep_tHq.root
2026-08-19 10:23:59,504 - INFO - [2018] MISSING_SYSTEMATIC: SR1E2Mu/ElectronRecoSF_Up/NMinusOne/nbjet_ge1/pair/mass in Skim_TriLep_tHq.root
2026-08-19 10:23:59,504 - INFO - [2018] MISSING_SYSTEMATIC: SR1E2Mu/ElectronRecoSF_Down/NMinusOne/nbjet_ge1/pair/mass in Skim_TriLep_tHq.root
2026-08-19 10:23:59,504 - INFO - [2018] MISSING_SYSTEMATIC: SR1E2Mu/ElectronIDSF_Up/NMinusOne/nbjet_ge1/pair/mass in Skim_TriLep_tHq.root
2026-08-19 10:23:59,504 - INFO - [2018] MISSING_SYSTEMATIC: SR1E2Mu/ElectronIDSF_Down/NMinusOne/nbjet_ge1/pair/mass in Skim_TriLep_tHq.root
2026-08-19 10:23:59,505 - INFO - [2018] MISSING_SYSTEMATIC: SR1E2Mu/EMuTrigSF_Up/NMinusOne/nbjet_ge1/pair/mass in Skim_TriLep_tHq.root
2026-08-19 10:23:59,505 - INFO - [2018] MISSING_SYSTEMATIC: SR1E2Mu/EMuTrigSF_Down/NMinusOne/nbjet_ge1/pair/mass in Skim_TriLep_tHq.root
2026-08-19 10:23:59,506 - INFO - [2018] MISSING_SYSTEMATIC: SR1E2Mu/JetEn_Up/NMinusOne/nbjet_ge1/pair/mass in Skim_TriLep_tHq.root
2026-08-19 10:23:59,506 - INFO - [2018] MISSING_SYSTEMATIC: SR1E2Mu/JetEn_Down/NMinusOne/nbjet_ge1/pair/mass in Skim_TriLep_tHq.root
2026-08-19 10:23:59,506 - INFO - [2018] MISSING_SYSTEMATIC: SR1E2Mu/JetRes_Up/NMinusOne/nbjet_ge1/pair/mass in Skim_TriLep_tHq.root
2026-08-19 10:23:59,506 - INFO - [2018] MISSING_SYSTEMATIC: SR1E2Mu/JetRes_Down/NMinusOne/nbjet_ge1/pair/mass in Skim_TriLep_tHq.root
2026-08-19 10:23:59,507 - INFO - [2018] MISSING_SYSTEMATIC: SR1E2Mu/MuonEn_Up/NMinusOne/nbjet_ge1/pair/mass in Skim_TriLep_tHq.root
2026-08-19 10:23:59,507 - INFO - [2018] MISSING_SYSTEMATIC: SR1E2Mu/MuonEn_Down/NMinusOne/nbjet_ge1/pair/mass in Skim_TriLep_tHq.root
2026-08-19 10:23:59,508 - INFO - [2018] MISSING_SYSTEMATIC: SR1E2Mu/ElectronEn_Up/NMinusOne/nbjet_ge1/pair/mass in Skim_TriLep_tHq.root
2026-08-19 10:23:59,508 - INFO - [2018] MISSING_SYSTEMATIC: SR1E2Mu/ElectronEn_Down/NMinusOne/nbjet_ge1/pair/mass in Skim_TriLep_tHq.root
2026-08-19 10:23:59,508 - INFO - [2018] MISSING_SYSTEMATIC: SR1E2Mu/ElectronRes_Up/NMinusOne/nbjet_ge1/pair/mass in Skim_TriLep_tHq.root
2026-08-19 10:23:59,508 - INFO - [2018] MISSING_SYSTEMATIC: SR1E2Mu/ElectronRes_Down/NMinusOne/nbjet_ge1/pair/mass in Skim_TriLep_tHq.root
2026-08-19 10:23:59,509 - INFO - [2018] MISSING_SYSTEMATIC: SR1E2Mu/UnclusteredEn_Up/NMinusOne/nbjet_ge1/pair/mass in Skim_TriLep_tHq.root
2026-08-19 10:23:59,509 - INFO - [2018] MISSING_SYSTEMATIC: SR1E2Mu/UnclusteredEn_Down/NMinusOne/nbjet_ge1/pair/mass in Skim_TriLep_tHq.root
2026-08-19 10:23:59,510 - INFO - [2018] MISSING_SYSTEMATIC: SR1E2Mu/BtagSF_HFcorr_Up/NMinusOne/nbjet_ge1/pair/mass in Skim_TriLep_tHq.root
2026-08-19 10:23:59,510 - INFO - [2018] MISSING_SYSTEMATIC: SR1E2Mu/BtagSF_HFcorr_Down/NMinusOne/nbjet_ge1/pair/mass in Skim_TriLep_tHq.root
2026-08-19 10:23:59,510 - INFO - [2018] MISSING_SYSTEMATIC: SR1E2Mu/BtagSF_HFuncorr_Up/NMinusOne/nbjet_ge1/pair/mass in Skim_TriLep_tHq.root
2026-08-19 10:23:59,510 - INFO - [2018] MISSING_SYSTEMATIC: SR1E2Mu/BtagSF_HFuncorr_Down/NMinusOne/nbjet_ge1/pair/mass in Skim_TriLep_tHq.root
2026-08-19 10:23:59,511 - INFO - [2018] MISSING_SYSTEMATIC: SR1E2Mu/BtagSF_LFcorr_Up/NMinusOne/nbjet_ge1/pair/mass in Skim_TriLep_tHq.root
2026-08-19 10:23:59,511 - INFO - [2018] MISSING_SYSTEMATIC: SR1E2Mu/BtagSF_LFcorr_Down/NMinusOne/nbjet_ge1/pair/mass in Skim_TriLep_tHq.root
2026-08-19 10:23:59,512 - INFO - [2018] MISSING_SYSTEMATIC: SR1E2Mu/BtagSF_LFuncorr_Up/NMinusOne/nbjet_ge1/pair/mass in Skim_TriLep_tHq.root
2026-08-19 10:23:59,512 - INFO - [2018] MISSING_SYSTEMATIC: SR1E2Mu/BtagSF_LFuncorr_Down/NMinusOne/nbjet_ge1/pair/mass in Skim_TriLep_tHq.root
2026-08-19 10:23:59,518 - INFO - [2018] MISSING_SYSTEMATIC: SR1E2Mu/L1Prefire_Up/NMinusOne/nbjet_ge1/pair/mass in Skim_TriLep_tHW.root
2026-08-19 10:23:59,518 - INFO - [2018] MISSING_SYSTEMATIC: SR1E2Mu/L1Prefire_Down/NMinusOne/nbjet_ge1/pair/mass in Skim_TriLep_tHW.root
2026-08-19 10:23:59,519 - INFO - [2018] MISSING_SYSTEMATIC: SR1E2Mu/PileupReweight_Up/NMinusOne/nbjet_ge1/pair/mass in Skim_TriLep_tHW.root
2026-08-19 10:23:59,519 - INFO - [2018] MISSING_SYSTEMATIC: SR1E2Mu/PileupReweight_Down/NMinusOne/nbjet_ge1/pair/mass in Skim_TriLep_tHW.root
2026-08-19 10:23:59,519 - INFO - [2018] MISSING_SYSTEMATIC: SR1E2Mu/PileupJetIDSF_Up/NMinusOne/nbjet_ge1/pair/mass in Skim_TriLep_tHW.root
2026-08-19 10:23:59,519 - INFO - [2018] MISSING_SYSTEMATIC: SR1E2Mu/PileupJetIDSF_Down/NMinusOne/nbjet_ge1/pair/mass in Skim_TriLep_tHW.root
2026-08-19 10:23:59,520 - INFO - [2018] MISSING_SYSTEMATIC: SR1E2Mu/MuonIDSF_Up/NMinusOne/nbjet_ge1/pair/mass in Skim_TriLep_tHW.root
2026-08-19 10:23:59,520 - INFO - [2018] MISSING_SYSTEMATIC: SR1E2Mu/MuonIDSF_Down/NMinusOne/nbjet_ge1/pair/mass in Skim_TriLep_tHW.root
2026-08-19 10:23:59,521 - INFO - [2018] MISSING_SYSTEMATIC: SR1E2Mu/ElectronRecoSF_Up/NMinusOne/nbjet_ge1/pair/mass in Skim_TriLep_tHW.root
2026-08-19 10:23:59,521 - INFO - [2018] MISSING_SYSTEMATIC: SR1E2Mu/ElectronRecoSF_Down/NMinusOne/nbjet_ge1/pair/mass in Skim_TriLep_tHW.root
2026-08-19 10:23:59,521 - INFO - [2018] MISSING_SYSTEMATIC: SR1E2Mu/ElectronIDSF_Up/NMinusOne/nbjet_ge1/pair/mass in Skim_TriLep_tHW.root
2026-08-19 10:23:59,521 - INFO - [2018] MISSING_SYSTEMATIC: SR1E2Mu/ElectronIDSF_Down/NMinusOne/nbjet_ge1/pair/mass in Skim_TriLep_tHW.root
2026-08-19 10:23:59,522 - INFO - [2018] MISSING_SYSTEMATIC: SR1E2Mu/EMuTrigSF_Up/NMinusOne/nbjet_ge1/pair/mass in Skim_TriLep_tHW.root
2026-08-19 10:23:59,522 - INFO - [2018] MISSING_SYSTEMATIC: SR1E2Mu/EMuTrigSF_Down/NMinusOne/nbjet_ge1/pair/mass in Skim_TriLep_tHW.root
2026-08-19 10:23:59,523 - INFO - [2018] MISSING_SYSTEMATIC: SR1E2Mu/JetEn_Up/NMinusOne/nbjet_ge1/pair/mass in Skim_TriLep_tHW.root
2026-08-19 10:23:59,523 - INFO - [2018] MISSING_SYSTEMATIC: SR1E2Mu/JetEn_Down/NMinusOne/nbjet_ge1/pair/mass in Skim_TriLep_tHW.root
2026-08-19 10:23:59,523 - INFO - [2018] MISSING_SYSTEMATIC: SR1E2Mu/JetRes_Up/NMinusOne/nbjet_ge1/pair/mass in Skim_TriLep_tHW.root
2026-08-19 10:23:59,523 - INFO - [2018] MISSING_SYSTEMATIC: SR1E2Mu/JetRes_Down/NMinusOne/nbjet_ge1/pair/mass in Skim_TriLep_tHW.root
2026-08-19 10:23:59,524 - INFO - [2018] MISSING_SYSTEMATIC: SR1E2Mu/MuonEn_Up/NMinusOne/nbjet_ge1/pair/mass in Skim_TriLep_tHW.root
2026-08-19 10:23:59,524 - INFO - [2018] MISSING_SYSTEMATIC: SR1E2Mu/MuonEn_Down/NMinusOne/nbjet_ge1/pair/mass in Skim_TriLep_tHW.root
2026-08-19 10:23:59,525 - INFO - [2018] MISSING_SYSTEMATIC: SR1E2Mu/ElectronEn_Up/NMinusOne/nbjet_ge1/pair/mass in Skim_TriLep_tHW.root
2026-08-19 10:23:59,525 - INFO - [2018] MISSING_SYSTEMATIC: SR1E2Mu/ElectronEn_Down/NMinusOne/nbjet_ge1/pair/mass in Skim_TriLep_tHW.root
2026-08-19 10:23:59,525 - INFO - [2018] MISSING_SYSTEMATIC: SR1E2Mu/ElectronRes_Up/NMinusOne/nbjet_ge1/pair/mass in Skim_TriLep_tHW.root
2026-08-19 10:23:59,525 - INFO - [2018] MISSING_SYSTEMATIC: SR1E2Mu/ElectronRes_Down/NMinusOne/nbjet_ge1/pair/mass in Skim_TriLep_tHW.root
2026-08-19 10:23:59,526 - INFO - [2018] MISSING_SYSTEMATIC: SR1E2Mu/UnclusteredEn_Up/NMinusOne/nbjet_ge1/pair/mass in Skim_TriLep_tHW.root
2026-08-19 10:23:59,526 - INFO - [2018] MISSING_SYSTEMATIC: SR1E2Mu/UnclusteredEn_Down/NMinusOne/nbjet_ge1/pair/mass in Skim_TriLep_tHW.root
2026-08-19 10:23:59,527 - INFO - [2018] MISSING_SYSTEMATIC: SR1E2Mu/BtagSF_HFcorr_Up/NMinusOne/nbjet_ge1/pair/mass in Skim_TriLep_tHW.root
2026-08-19 10:23:59,527 - INFO - [2018] MISSING_SYSTEMATIC: SR1E2Mu/BtagSF_HFcorr_Down/NMinusOne/nbjet_ge1/pair/mass in Skim_TriLep_tHW.root
2026-08-19 10:23:59,527 - INFO - [2018] MISSING_SYSTEMATIC: SR1E2Mu/BtagSF_HFuncorr_Up/NMinusOne/nbjet_ge1/pair/mass in Skim_TriLep_tHW.root
2026-08-19 10:23:59,528 - INFO - [2018] MISSING_SYSTEMATIC: SR1E2Mu/BtagSF_HFuncorr_Down/NMinusOne/nbjet_ge1/pair/mass in Skim_TriLep_tHW.root
2026-08-19 10:23:59,528 - INFO - [2018] MISSING_SYSTEMATIC: SR1E2Mu/BtagSF_LFcorr_Up/NMinusOne/nbjet_ge1/pair/mass in Skim_TriLep_tHW.root
2026-08-19 10:23:59,528 - INFO - [2018] MISSING_SYSTEMATIC: SR1E2Mu/BtagSF_LFcorr_Down/NMinusOne/nbjet_ge1/pair/mass in Skim_TriLep_tHW.root
2026-08-19 10:23:59,529 - INFO - [2018] MISSING_SYSTEMATIC: SR1E2Mu/BtagSF_LFuncorr_Up/NMinusOne/nbjet_ge1/pair/mass in Skim_TriLep_tHW.root
2026-08-19 10:23:59,529 - INFO - [2018] MISSING_SYSTEMATIC: SR1E2Mu/BtagSF_LFuncorr_Down/NMinusOne/nbjet_ge1/pair/mass in Skim_TriLep_tHW.root
2026-08-19 10:23:59,539 - INFO - [2018] MISSING_SYSTEMATIC: SR1E2Mu/L1Prefire_Up/NMinusOne/nbjet_ge1/pair/mass in Skim_TriLep_tWZ_thadWlep.root
2026-08-19 10:23:59,539 - INFO - [2018] MISSING_SYSTEMATIC: SR1E2Mu/L1Prefire_Down/NMinusOne/nbjet_ge1/pair/mass in Skim_TriLep_tWZ_thadWlep.root
2026-08-19 10:23:59,540 - INFO - [2018] MISSING_SYSTEMATIC: SR1E2Mu/PileupReweight_Up/NMinusOne/nbjet_ge1/pair/mass in Skim_TriLep_tWZ_thadWlep.root
2026-08-19 10:23:59,540 - INFO - [2018] MISSING_SYSTEMATIC: SR1E2Mu/PileupReweight_Down/NMinusOne/nbjet_ge1/pair/mass in Skim_TriLep_tWZ_thadWlep.root
2026-08-19 10:23:59,541 - INFO - [2018] MISSING_SYSTEMATIC: SR1E2Mu/PileupJetIDSF_Up/NMinusOne/nbjet_ge1/pair/mass in Skim_TriLep_tWZ_thadWlep.root
2026-08-19 10:23:59,541 - INFO - [2018] MISSING_SYSTEMATIC: SR1E2Mu/PileupJetIDSF_Down/NMinusOne/nbjet_ge1/pair/mass in Skim_TriLep_tWZ_thadWlep.root
2026-08-19 10:23:59,542 - INFO - [2018] MISSING_SYSTEMATIC: SR1E2Mu/MuonIDSF_Up/NMinusOne/nbjet_ge1/pair/mass in Skim_TriLep_tWZ_thadWlep.root
2026-08-19 10:23:59,542 - INFO - [2018] MISSING_SYSTEMATIC: SR1E2Mu/MuonIDSF_Down/NMinusOne/nbjet_ge1/pair/mass in Skim_TriLep_tWZ_thadWlep.root
2026-08-19 10:23:59,543 - INFO - [2018] MISSING_SYSTEMATIC: SR1E2Mu/ElectronRecoSF_Up/NMinusOne/nbjet_ge1/pair/mass in Skim_TriLep_tWZ_thadWlep.root
2026-08-19 10:23:59,543 - INFO - [2018] MISSING_SYSTEMATIC: SR1E2Mu/ElectronRecoSF_Down/NMinusOne/nbjet_ge1/pair/mass in Skim_TriLep_tWZ_thadWlep.root
2026-08-19 10:23:59,543 - INFO - [2018] MISSING_SYSTEMATIC: SR1E2Mu/ElectronIDSF_Up/NMinusOne/nbjet_ge1/pair/mass in Skim_TriLep_tWZ_thadWlep.root
2026-08-19 10:23:59,543 - INFO - [2018] MISSING_SYSTEMATIC: SR1E2Mu/ElectronIDSF_Down/NMinusOne/nbjet_ge1/pair/mass in Skim_TriLep_tWZ_thadWlep.root
2026-08-19 10:23:59,544 - INFO - [2018] MISSING_SYSTEMATIC: SR1E2Mu/EMuTrigSF_Up/NMinusOne/nbjet_ge1/pair/mass in Skim_TriLep_tWZ_thadWlep.root
2026-08-19 10:23:59,544 - INFO - [2018] MISSING_SYSTEMATIC: SR1E2Mu/EMuTrigSF_Down/NMinusOne/nbjet_ge1/pair/mass in Skim_TriLep_tWZ_thadWlep.root
2026-08-19 10:23:59,545 - INFO - [2018] MISSING_SYSTEMATIC: SR1E2Mu/JetEn_Up/NMinusOne/nbjet_ge1/pair/mass in Skim_TriLep_tWZ_thadWlep.root
2026-08-19 10:23:59,545 - INFO - [2018] MISSING_SYSTEMATIC: SR1E2Mu/JetEn_Down/NMinusOne/nbjet_ge1/pair/mass in Skim_TriLep_tWZ_thadWlep.root
2026-08-19 10:23:59,545 - INFO - [2018] MISSING_SYSTEMATIC: SR1E2Mu/JetRes_Up/NMinusOne/nbjet_ge1/pair/mass in Skim_TriLep_tWZ_thadWlep.root
2026-08-19 10:23:59,545 - INFO - [2018] MISSING_SYSTEMATIC: SR1E2Mu/JetRes_Down/NMinusOne/nbjet_ge1/pair/mass in Skim_TriLep_tWZ_thadWlep.root
2026-08-19 10:23:59,546 - INFO - [2018] MISSING_SYSTEMATIC: SR1E2Mu/MuonEn_Up/NMinusOne/nbjet_ge1/pair/mass in Skim_TriLep_tWZ_thadWlep.root
2026-08-19 10:23:59,546 - INFO - [2018] MISSING_SYSTEMATIC: SR1E2Mu/MuonEn_Down/NMinusOne/nbjet_ge1/pair/mass in Skim_TriLep_tWZ_thadWlep.root
2026-08-19 10:23:59,546 - INFO - [2018] MISSING_SYSTEMATIC: SR1E2Mu/ElectronEn_Up/NMinusOne/nbjet_ge1/pair/mass in Skim_TriLep_tWZ_thadWlep.root
2026-08-19 10:23:59,547 - INFO - [2018] MISSING_SYSTEMATIC: SR1E2Mu/ElectronEn_Down/NMinusOne/nbjet_ge1/pair/mass in Skim_TriLep_tWZ_thadWlep.root
2026-08-19 10:23:59,547 - INFO - [2018] MISSING_SYSTEMATIC: SR1E2Mu/ElectronRes_Up/NMinusOne/nbjet_ge1/pair/mass in Skim_TriLep_tWZ_thadWlep.root
2026-08-19 10:23:59,547 - INFO - [2018] MISSING_SYSTEMATIC: SR1E2Mu/ElectronRes_Down/NMinusOne/nbjet_ge1/pair/mass in Skim_TriLep_tWZ_thadWlep.root
2026-08-19 10:23:59,548 - INFO - [2018] MISSING_SYSTEMATIC: SR1E2Mu/UnclusteredEn_Up/NMinusOne/nbjet_ge1/pair/mass in Skim_TriLep_tWZ_thadWlep.root
2026-08-19 10:23:59,548 - INFO - [2018] MISSING_SYSTEMATIC: SR1E2Mu/UnclusteredEn_Down/NMinusOne/nbjet_ge1/pair/mass in Skim_TriLep_tWZ_thadWlep.root
2026-08-19 10:23:59,549 - INFO - [2018] MISSING_SYSTEMATIC: SR1E2Mu/BtagSF_HFcorr_Up/NMinusOne/nbjet_ge1/pair/mass in Skim_TriLep_tWZ_thadWlep.root
2026-08-19 10:23:59,549 - INFO - [2018] MISSING_SYSTEMATIC: SR1E2Mu/BtagSF_HFcorr_Down/NMinusOne/nbjet_ge1/pair/mass in Skim_TriLep_tWZ_thadWlep.root
2026-08-19 10:23:59,549 - INFO - [2018] MISSING_SYSTEMATIC: SR1E2Mu/BtagSF_HFuncorr_Up/NMinusOne/nbjet_ge1/pair/mass in Skim_TriLep_tWZ_thadWlep.root
2026-08-19 10:23:59,550 - INFO - [2018] MISSING_SYSTEMATIC: SR1E2Mu/BtagSF_HFuncorr_Down/NMinusOne/nbjet_ge1/pair/mass in Skim_TriLep_tWZ_thadWlep.root
2026-08-19 10:23:59,550 - INFO - [2018] MISSING_SYSTEMATIC: SR1E2Mu/BtagSF_LFcorr_Up/NMinusOne/nbjet_ge1/pair/mass in Skim_TriLep_tWZ_thadWlep.root
2026-08-19 10:23:59,550 - INFO - [2018] MISSING_SYSTEMATIC: SR1E2Mu/BtagSF_LFcorr_Down/NMinusOne/nbjet_ge1/pair/mass in Skim_TriLep_tWZ_thadWlep.root
2026-08-19 10:23:59,551 - INFO - [2018] MISSING_SYSTEMATIC: SR1E2Mu/BtagSF_LFuncorr_Up/NMinusOne/nbjet_ge1/pair/mass in Skim_TriLep_tWZ_thadWlep.root
2026-08-19 10:23:59,551 - INFO - [2018] MISSING_SYSTEMATIC: SR1E2Mu/BtagSF_LFuncorr_Down/NMinusOne/nbjet_ge1/pair/mass in Skim_TriLep_tWZ_thadWlep.root
2026-08-19 10:23:59,552 - INFO - [2018] MISSING_SYSTEMATIC: SR1E2Mu/L1Prefire_Up/NMinusOne/nbjet_ge1/pair/mass in Skim_TriLep_tWZ_tlepWhad.root
2026-08-19 10:23:59,552 - INFO - [2018] MISSING_SYSTEMATIC: SR1E2Mu/L1Prefire_Down/NMinusOne/nbjet_ge1/pair/mass in Skim_TriLep_tWZ_tlepWhad.root
2026-08-19 10:23:59,553 - INFO - [2018] MISSING_SYSTEMATIC: SR1E2Mu/PileupReweight_Up/NMinusOne/nbjet_ge1/pair/mass in Skim_TriLep_tWZ_tlepWhad.root
2026-08-19 10:23:59,553 - INFO - [2018] MISSING_SYSTEMATIC: SR1E2Mu/PileupReweight_Down/NMinusOne/nbjet_ge1/pair/mass in Skim_TriLep_tWZ_tlepWhad.root
2026-08-19 10:23:59,554 - INFO - [2018] MISSING_SYSTEMATIC: SR1E2Mu/PileupJetIDSF_Up/NMinusOne/nbjet_ge1/pair/mass in Skim_TriLep_tWZ_tlepWhad.root
2026-08-19 10:23:59,554 - INFO - [2018] MISSING_SYSTEMATIC: SR1E2Mu/PileupJetIDSF_Down/NMinusOne/nbjet_ge1/pair/mass in Skim_TriLep_tWZ_tlepWhad.root
2026-08-19 10:23:59,554 - INFO - [2018] MISSING_SYSTEMATIC: SR1E2Mu/MuonIDSF_Up/NMinusOne/nbjet_ge1/pair/mass in Skim_TriLep_tWZ_tlepWhad.root
2026-08-19 10:23:59,554 - INFO - [2018] MISSING_SYSTEMATIC: SR1E2Mu/MuonIDSF_Down/NMinusOne/nbjet_ge1/pair/mass in Skim_TriLep_tWZ_tlepWhad.root
2026-08-19 10:23:59,555 - INFO - [2018] MISSING_SYSTEMATIC: SR1E2Mu/ElectronRecoSF_Up/NMinusOne/nbjet_ge1/pair/mass in Skim_TriLep_tWZ_tlepWhad.root
2026-08-19 10:23:59,555 - INFO - [2018] MISSING_SYSTEMATIC: SR1E2Mu/ElectronRecoSF_Down/NMinusOne/nbjet_ge1/pair/mass in Skim_TriLep_tWZ_tlepWhad.root
2026-08-19 10:23:59,556 - INFO - [2018] MISSING_SYSTEMATIC: SR1E2Mu/ElectronIDSF_Up/NMinusOne/nbjet_ge1/pair/mass in Skim_TriLep_tWZ_tlepWhad.root
2026-08-19 10:23:59,556 - INFO - [2018] MISSING_SYSTEMATIC: SR1E2Mu/ElectronIDSF_Down/NMinusOne/nbjet_ge1/pair/mass in Skim_TriLep_tWZ_tlepWhad.root
2026-08-19 10:23:59,556 - INFO - [2018] MISSING_SYSTEMATIC: SR1E2Mu/EMuTrigSF_Up/NMinusOne/nbjet_ge1/pair/mass in Skim_TriLep_tWZ_tlepWhad.root
2026-08-19 10:23:59,557 - INFO - [2018] MISSING_SYSTEMATIC: SR1E2Mu/EMuTrigSF_Down/NMinusOne/nbjet_ge1/pair/mass in Skim_TriLep_tWZ_tlepWhad.root
2026-08-19 10:23:59,557 - INFO - [2018] MISSING_SYSTEMATIC: SR1E2Mu/JetEn_Up/NMinusOne/nbjet_ge1/pair/mass in Skim_TriLep_tWZ_tlepWhad.root
2026-08-19 10:23:59,557 - INFO - [2018] MISSING_SYSTEMATIC: SR1E2Mu/JetEn_Down/NMinusOne/nbjet_ge1/pair/mass in Skim_TriLep_tWZ_tlepWhad.root
2026-08-19 10:23:59,558 - INFO - [2018] MISSING_SYSTEMATIC: SR1E2Mu/JetRes_Up/NMinusOne/nbjet_ge1/pair/mass in Skim_TriLep_tWZ_tlepWhad.root
2026-08-19 10:23:59,558 - INFO - [2018] MISSING_SYSTEMATIC: SR1E2Mu/JetRes_Down/NMinusOne/nbjet_ge1/pair/mass in Skim_TriLep_tWZ_tlepWhad.root
2026-08-19 10:23:59,559 - INFO - [2018] MISSING_SYSTEMATIC: SR1E2Mu/MuonEn_Up/NMinusOne/nbjet_ge1/pair/mass in Skim_TriLep_tWZ_tlepWhad.root
2026-08-19 10:23:59,559 - INFO - [2018] MISSING_SYSTEMATIC: SR1E2Mu/MuonEn_Down/NMinusOne/nbjet_ge1/pair/mass in Skim_TriLep_tWZ_tlepWhad.root
2026-08-19 10:23:59,559 - INFO - [2018] MISSING_SYSTEMATIC: SR1E2Mu/ElectronEn_Up/NMinusOne/nbjet_ge1/pair/mass in Skim_TriLep_tWZ_tlepWhad.root
2026-08-19 10:23:59,559 - INFO - [2018] MISSING_SYSTEMATIC: SR1E2Mu/ElectronEn_Down/NMinusOne/nbjet_ge1/pair/mass in Skim_TriLep_tWZ_tlepWhad.root
2026-08-19 10:23:59,560 - INFO - [2018] MISSING_SYSTEMATIC: SR1E2Mu/ElectronRes_Up/NMinusOne/nbjet_ge1/pair/mass in Skim_TriLep_tWZ_tlepWhad.root
2026-08-19 10:23:59,560 - INFO - [2018] MISSING_SYSTEMATIC: SR1E2Mu/ElectronRes_Down/NMinusOne/nbjet_ge1/pair/mass in Skim_TriLep_tWZ_tlepWhad.root
2026-08-19 10:23:59,561 - INFO - [2018] MISSING_SYSTEMATIC: SR1E2Mu/UnclusteredEn_Up/NMinusOne/nbjet_ge1/pair/mass in Skim_TriLep_tWZ_tlepWhad.root
2026-08-19 10:23:59,561 - INFO - [2018] MISSING_SYSTEMATIC: SR1E2Mu/UnclusteredEn_Down/NMinusOne/nbjet_ge1/pair/mass in Skim_TriLep_tWZ_tlepWhad.root
2026-08-19 10:23:59,562 - INFO - [2018] MISSING_SYSTEMATIC: SR1E2Mu/BtagSF_HFcorr_Up/NMinusOne/nbjet_ge1/pair/mass in Skim_TriLep_tWZ_tlepWhad.root
2026-08-19 10:23:59,562 - INFO - [2018] MISSING_SYSTEMATIC: SR1E2Mu/BtagSF_HFcorr_Down/NMinusOne/nbjet_ge1/pair/mass in Skim_TriLep_tWZ_tlepWhad.root
2026-08-19 10:23:59,562 - INFO - [2018] MISSING_SYSTEMATIC: SR1E2Mu/BtagSF_HFuncorr_Up/NMinusOne/nbjet_ge1/pair/mass in Skim_TriLep_tWZ_tlepWhad.root
2026-08-19 10:23:59,562 - INFO - [2018] MISSING_SYSTEMATIC: SR1E2Mu/BtagSF_HFuncorr_Down/NMinusOne/nbjet_ge1/pair/mass in Skim_TriLep_tWZ_tlepWhad.root
2026-08-19 10:23:59,563 - INFO - [2018] MISSING_SYSTEMATIC: SR1E2Mu/BtagSF_LFcorr_Up/NMinusOne/nbjet_ge1/pair/mass in Skim_TriLep_tWZ_tlepWhad.root
2026-08-19 10:23:59,563 - INFO - [2018] MISSING_SYSTEMATIC: SR1E2Mu/BtagSF_LFcorr_Down/NMinusOne/nbjet_ge1/pair/mass in Skim_TriLep_tWZ_tlepWhad.root
2026-08-19 10:23:59,564 - INFO - [2018] MISSING_SYSTEMATIC: SR1E2Mu/BtagSF_LFuncorr_Up/NMinusOne/nbjet_ge1/pair/mass in Skim_TriLep_tWZ_tlepWhad.root
2026-08-19 10:23:59,564 - INFO - [2018] MISSING_SYSTEMATIC: SR1E2Mu/BtagSF_LFuncorr_Down/NMinusOne/nbjet_ge1/pair/mass in Skim_TriLep_tWZ_tlepWhad.root
2026-08-19 10:23:59,565 - INFO - [2018] MISSING_SYSTEMATIC: SR1E2Mu/L1Prefire_Up/NMinusOne/nbjet_ge1/pair/mass in Skim_TriLep_tWZ_tlepWlep.root
2026-08-19 10:23:59,565 - INFO - [2018] MISSING_SYSTEMATIC: SR1E2Mu/L1Prefire_Down/NMinusOne/nbjet_ge1/pair/mass in Skim_TriLep_tWZ_tlepWlep.root
2026-08-19 10:23:59,566 - INFO - [2018] MISSING_SYSTEMATIC: SR1E2Mu/PileupReweight_Up/NMinusOne/nbjet_ge1/pair/mass in Skim_TriLep_tWZ_tlepWlep.root
2026-08-19 10:23:59,566 - INFO - [2018] MISSING_SYSTEMATIC: SR1E2Mu/PileupReweight_Down/NMinusOne/nbjet_ge1/pair/mass in Skim_TriLep_tWZ_tlepWlep.root
2026-08-19 10:23:59,567 - INFO - [2018] MISSING_SYSTEMATIC: SR1E2Mu/PileupJetIDSF_Up/NMinusOne/nbjet_ge1/pair/mass in Skim_TriLep_tWZ_tlepWlep.root
2026-08-19 10:23:59,567 - INFO - [2018] MISSING_SYSTEMATIC: SR1E2Mu/PileupJetIDSF_Down/NMinusOne/nbjet_ge1/pair/mass in Skim_TriLep_tWZ_tlepWlep.root
2026-08-19 10:23:59,567 - INFO - [2018] MISSING_SYSTEMATIC: SR1E2Mu/MuonIDSF_Up/NMinusOne/nbjet_ge1/pair/mass in Skim_TriLep_tWZ_tlepWlep.root
2026-08-19 10:23:59,567 - INFO - [2018] MISSING_SYSTEMATIC: SR1E2Mu/MuonIDSF_Down/NMinusOne/nbjet_ge1/pair/mass in Skim_TriLep_tWZ_tlepWlep.root
2026-08-19 10:23:59,568 - INFO - [2018] MISSING_SYSTEMATIC: SR1E2Mu/ElectronRecoSF_Up/NMinusOne/nbjet_ge1/pair/mass in Skim_TriLep_tWZ_tlepWlep.root
2026-08-19 10:23:59,568 - INFO - [2018] MISSING_SYSTEMATIC: SR1E2Mu/ElectronRecoSF_Down/NMinusOne/nbjet_ge1/pair/mass in Skim_TriLep_tWZ_tlepWlep.root
2026-08-19 10:23:59,569 - INFO - [2018] MISSING_SYSTEMATIC: SR1E2Mu/ElectronIDSF_Up/NMinusOne/nbjet_ge1/pair/mass in Skim_TriLep_tWZ_tlepWlep.root
2026-08-19 10:23:59,569 - INFO - [2018] MISSING_SYSTEMATIC: SR1E2Mu/ElectronIDSF_Down/NMinusOne/nbjet_ge1/pair/mass in Skim_TriLep_tWZ_tlepWlep.root
2026-08-19 10:23:59,570 - INFO - [2018] MISSING_SYSTEMATIC: SR1E2Mu/EMuTrigSF_Up/NMinusOne/nbjet_ge1/pair/mass in Skim_TriLep_tWZ_tlepWlep.root
2026-08-19 10:23:59,570 - INFO - [2018] MISSING_SYSTEMATIC: SR1E2Mu/EMuTrigSF_Down/NMinusOne/nbjet_ge1/pair/mass in Skim_TriLep_tWZ_tlepWlep.root
2026-08-19 10:23:59,570 - INFO - [2018] MISSING_SYSTEMATIC: SR1E2Mu/JetEn_Up/NMinusOne/nbjet_ge1/pair/mass in Skim_TriLep_tWZ_tlepWlep.root
2026-08-19 10:23:59,570 - INFO - [2018] MISSING_SYSTEMATIC: SR1E2Mu/JetEn_Down/NMinusOne/nbjet_ge1/pair/mass in Skim_TriLep_tWZ_tlepWlep.root
2026-08-19 10:23:59,571 - INFO - [2018] MISSING_SYSTEMATIC: SR1E2Mu/JetRes_Up/NMinusOne/nbjet_ge1/pair/mass in Skim_TriLep_tWZ_tlepWlep.root
2026-08-19 10:23:59,571 - INFO - [2018] MISSING_SYSTEMATIC: SR1E2Mu/JetRes_Down/NMinusOne/nbjet_ge1/pair/mass in Skim_TriLep_tWZ_tlepWlep.root
2026-08-19 10:23:59,572 - INFO - [2018] MISSING_SYSTEMATIC: SR1E2Mu/MuonEn_Up/NMinusOne/nbjet_ge1/pair/mass in Skim_TriLep_tWZ_tlepWlep.root
2026-08-19 10:23:59,572 - INFO - [2018] MISSING_SYSTEMATIC: SR1E2Mu/MuonEn_Down/NMinusOne/nbjet_ge1/pair/mass in Skim_TriLep_tWZ_tlepWlep.root
2026-08-19 10:23:59,572 - INFO - [2018] MISSING_SYSTEMATIC: SR1E2Mu/ElectronEn_Up/NMinusOne/nbjet_ge1/pair/mass in Skim_TriLep_tWZ_tlepWlep.root
2026-08-19 10:23:59,572 - INFO - [2018] MISSING_SYSTEMATIC: SR1E2Mu/ElectronEn_Down/NMinusOne/nbjet_ge1/pair/mass in Skim_TriLep_tWZ_tlepWlep.root
2026-08-19 10:23:59,573 - INFO - [2018] MISSING_SYSTEMATIC: SR1E2Mu/ElectronRes_Up/NMinusOne/nbjet_ge1/pair/mass in Skim_TriLep_tWZ_tlepWlep.root
2026-08-19 10:23:59,573 - INFO - [2018] MISSING_SYSTEMATIC: SR1E2Mu/ElectronRes_Down/NMinusOne/nbjet_ge1/pair/mass in Skim_TriLep_tWZ_tlepWlep.root
2026-08-19 10:23:59,574 - INFO - [2018] MISSING_SYSTEMATIC: SR1E2Mu/UnclusteredEn_Up/NMinusOne/nbjet_ge1/pair/mass in Skim_TriLep_tWZ_tlepWlep.root
2026-08-19 10:23:59,574 - INFO - [2018] MISSING_SYSTEMATIC: SR1E2Mu/UnclusteredEn_Down/NMinusOne/nbjet_ge1/pair/mass in Skim_TriLep_tWZ_tlepWlep.root
2026-08-19 10:23:59,574 - INFO - [2018] MISSING_SYSTEMATIC: SR1E2Mu/BtagSF_HFcorr_Up/NMinusOne/nbjet_ge1/pair/mass in Skim_TriLep_tWZ_tlepWlep.root
2026-08-19 10:23:59,574 - INFO - [2018] MISSING_SYSTEMATIC: SR1E2Mu/BtagSF_HFcorr_Down/NMinusOne/nbjet_ge1/pair/mass in Skim_TriLep_tWZ_tlepWlep.root
2026-08-19 10:23:59,575 - INFO - [2018] MISSING_SYSTEMATIC: SR1E2Mu/BtagSF_HFuncorr_Up/NMinusOne/nbjet_ge1/pair/mass in Skim_TriLep_tWZ_tlepWlep.root
2026-08-19 10:23:59,575 - INFO - [2018] MISSING_SYSTEMATIC: SR1E2Mu/BtagSF_HFuncorr_Down/NMinusOne/nbjet_ge1/pair/mass in Skim_TriLep_tWZ_tlepWlep.root
2026-08-19 10:23:59,576 - INFO - [2018] MISSING_SYSTEMATIC: SR1E2Mu/BtagSF_LFcorr_Up/NMinusOne/nbjet_ge1/pair/mass in Skim_TriLep_tWZ_tlepWlep.root
2026-08-19 10:23:59,576 - INFO - [2018] MISSING_SYSTEMATIC: SR1E2Mu/BtagSF_LFcorr_Down/NMinusOne/nbjet_ge1/pair/mass in Skim_TriLep_tWZ_tlepWlep.root
2026-08-19 10:23:59,576 - INFO - [2018] MISSING_SYSTEMATIC: SR1E2Mu/BtagSF_LFuncorr_Up/NMinusOne/nbjet_ge1/pair/mass in Skim_TriLep_tWZ_tlepWlep.root
2026-08-19 10:23:59,576 - INFO - [2018] MISSING_SYSTEMATIC: SR1E2Mu/BtagSF_LFuncorr_Down/NMinusOne/nbjet_ge1/pair/mass in Skim_TriLep_tWZ_tlepWlep.root
2026-08-19 10:23:59,622 - INFO - [2018] MISSING_SYSTEMATIC: SR1E2Mu/L1Prefire_Up/NMinusOne/nbjet_ge1/pair/mass in Skim_TriLep_WWW.root
2026-08-19 10:23:59,622 - INFO - [2018] MISSING_SYSTEMATIC: SR1E2Mu/L1Prefire_Down/NMinusOne/nbjet_ge1/pair/mass in Skim_TriLep_WWW.root
2026-08-19 10:23:59,622 - INFO - [2018] MISSING_SYSTEMATIC: SR1E2Mu/PileupReweight_Up/NMinusOne/nbjet_ge1/pair/mass in Skim_TriLep_WWW.root
2026-08-19 10:23:59,622 - INFO - [2018] MISSING_SYSTEMATIC: SR1E2Mu/PileupReweight_Down/NMinusOne/nbjet_ge1/pair/mass in Skim_TriLep_WWW.root
2026-08-19 10:23:59,623 - INFO - [2018] MISSING_SYSTEMATIC: SR1E2Mu/PileupJetIDSF_Up/NMinusOne/nbjet_ge1/pair/mass in Skim_TriLep_WWW.root
2026-08-19 10:23:59,623 - INFO - [2018] MISSING_SYSTEMATIC: SR1E2Mu/PileupJetIDSF_Down/NMinusOne/nbjet_ge1/pair/mass in Skim_TriLep_WWW.root
2026-08-19 10:23:59,624 - INFO - [2018] MISSING_SYSTEMATIC: SR1E2Mu/MuonIDSF_Up/NMinusOne/nbjet_ge1/pair/mass in Skim_TriLep_WWW.root
2026-08-19 10:23:59,624 - INFO - [2018] MISSING_SYSTEMATIC: SR1E2Mu/MuonIDSF_Down/NMinusOne/nbjet_ge1/pair/mass in Skim_TriLep_WWW.root
2026-08-19 10:23:59,624 - INFO - [2018] MISSING_SYSTEMATIC: SR1E2Mu/ElectronRecoSF_Up/NMinusOne/nbjet_ge1/pair/mass in Skim_TriLep_WWW.root
2026-08-19 10:23:59,624 - INFO - [2018] MISSING_SYSTEMATIC: SR1E2Mu/ElectronRecoSF_Down/NMinusOne/nbjet_ge1/pair/mass in Skim_TriLep_WWW.root
2026-08-19 10:23:59,625 - INFO - [2018] MISSING_SYSTEMATIC: SR1E2Mu/ElectronIDSF_Up/NMinusOne/nbjet_ge1/pair/mass in Skim_TriLep_WWW.root
2026-08-19 10:23:59,625 - INFO - [2018] MISSING_SYSTEMATIC: SR1E2Mu/ElectronIDSF_Down/NMinusOne/nbjet_ge1/pair/mass in Skim_TriLep_WWW.root
2026-08-19 10:23:59,626 - INFO - [2018] MISSING_SYSTEMATIC: SR1E2Mu/EMuTrigSF_Up/NMinusOne/nbjet_ge1/pair/mass in Skim_TriLep_WWW.root
2026-08-19 10:23:59,626 - INFO - [2018] MISSING_SYSTEMATIC: SR1E2Mu/EMuTrigSF_Down/NMinusOne/nbjet_ge1/pair/mass in Skim_TriLep_WWW.root
2026-08-19 10:23:59,626 - INFO - [2018] MISSING_SYSTEMATIC: SR1E2Mu/JetEn_Up/NMinusOne/nbjet_ge1/pair/mass in Skim_TriLep_WWW.root
2026-08-19 10:23:59,626 - INFO - [2018] MISSING_SYSTEMATIC: SR1E2Mu/JetEn_Down/NMinusOne/nbjet_ge1/pair/mass in Skim_TriLep_WWW.root
2026-08-19 10:23:59,627 - INFO - [2018] MISSING_SYSTEMATIC: SR1E2Mu/JetRes_Up/NMinusOne/nbjet_ge1/pair/mass in Skim_TriLep_WWW.root
2026-08-19 10:23:59,627 - INFO - [2018] MISSING_SYSTEMATIC: SR1E2Mu/JetRes_Down/NMinusOne/nbjet_ge1/pair/mass in Skim_TriLep_WWW.root
2026-08-19 10:23:59,627 - INFO - [2018] MISSING_SYSTEMATIC: SR1E2Mu/MuonEn_Up/NMinusOne/nbjet_ge1/pair/mass in Skim_TriLep_WWW.root
2026-08-19 10:23:59,627 - INFO - [2018] MISSING_SYSTEMATIC: SR1E2Mu/MuonEn_Down/NMinusOne/nbjet_ge1/pair/mass in Skim_TriLep_WWW.root
2026-08-19 10:23:59,628 - INFO - [2018] MISSING_SYSTEMATIC: SR1E2Mu/ElectronEn_Up/NMinusOne/nbjet_ge1/pair/mass in Skim_TriLep_WWW.root
2026-08-19 10:23:59,628 - INFO - [2018] MISSING_SYSTEMATIC: SR1E2Mu/ElectronEn_Down/NMinusOne/nbjet_ge1/pair/mass in Skim_TriLep_WWW.root
2026-08-19 10:23:59,629 - INFO - [2018] MISSING_SYSTEMATIC: SR1E2Mu/ElectronRes_Up/NMinusOne/nbjet_ge1/pair/mass in Skim_TriLep_WWW.root
2026-08-19 10:23:59,629 - INFO - [2018] MISSING_SYSTEMATIC: SR1E2Mu/ElectronRes_Down/NMinusOne/nbjet_ge1/pair/mass in Skim_TriLep_WWW.root
2026-08-19 10:23:59,629 - INFO - [2018] MISSING_SYSTEMATIC: SR1E2Mu/UnclusteredEn_Up/NMinusOne/nbjet_ge1/pair/mass in Skim_TriLep_WWW.root
2026-08-19 10:23:59,629 - INFO - [2018] MISSING_SYSTEMATIC: SR1E2Mu/UnclusteredEn_Down/NMinusOne/nbjet_ge1/pair/mass in Skim_TriLep_WWW.root
2026-08-19 10:23:59,630 - INFO - [2018] MISSING_SYSTEMATIC: SR1E2Mu/BtagSF_HFcorr_Up/NMinusOne/nbjet_ge1/pair/mass in Skim_TriLep_WWW.root
2026-08-19 10:23:59,630 - INFO - [2018] MISSING_SYSTEMATIC: SR1E2Mu/BtagSF_HFcorr_Down/NMinusOne/nbjet_ge1/pair/mass in Skim_TriLep_WWW.root
2026-08-19 10:23:59,630 - INFO - [2018] MISSING_SYSTEMATIC: SR1E2Mu/BtagSF_HFuncorr_Up/NMinusOne/nbjet_ge1/pair/mass in Skim_TriLep_WWW.root
2026-08-19 10:23:59,630 - INFO - [2018] MISSING_SYSTEMATIC: SR1E2Mu/BtagSF_HFuncorr_Down/NMinusOne/nbjet_ge1/pair/mass in Skim_TriLep_WWW.root
2026-08-19 10:23:59,631 - INFO - [2018] MISSING_SYSTEMATIC: SR1E2Mu/BtagSF_LFcorr_Up/NMinusOne/nbjet_ge1/pair/mass in Skim_TriLep_WWW.root
2026-08-19 10:23:59,631 - INFO - [2018] MISSING_SYSTEMATIC: SR1E2Mu/BtagSF_LFcorr_Down/NMinusOne/nbjet_ge1/pair/mass in Skim_TriLep_WWW.root
2026-08-19 10:23:59,632 - INFO - [2018] MISSING_SYSTEMATIC: SR1E2Mu/BtagSF_LFuncorr_Up/NMinusOne/nbjet_ge1/pair/mass in Skim_TriLep_WWW.root
2026-08-19 10:23:59,632 - INFO - [2018] MISSING_SYSTEMATIC: SR1E2Mu/BtagSF_LFuncorr_Down/NMinusOne/nbjet_ge1/pair/mass in Skim_TriLep_WWW.root
2026-08-19 10:23:59,633 - INFO - [2018] MISSING_SYSTEMATIC: SR1E2Mu/L1Prefire_Up/NMinusOne/nbjet_ge1/pair/mass in Skim_TriLep_WWZ.root
2026-08-19 10:23:59,633 - INFO - [2018] MISSING_SYSTEMATIC: SR1E2Mu/L1Prefire_Down/NMinusOne/nbjet_ge1/pair/mass in Skim_TriLep_WWZ.root
2026-08-19 10:23:59,634 - INFO - [2018] MISSING_SYSTEMATIC: SR1E2Mu/PileupReweight_Up/NMinusOne/nbjet_ge1/pair/mass in Skim_TriLep_WWZ.root
2026-08-19 10:23:59,634 - INFO - [2018] MISSING_SYSTEMATIC: SR1E2Mu/PileupReweight_Down/NMinusOne/nbjet_ge1/pair/mass in Skim_TriLep_WWZ.root
2026-08-19 10:23:59,634 - INFO - [2018] MISSING_SYSTEMATIC: SR1E2Mu/PileupJetIDSF_Up/NMinusOne/nbjet_ge1/pair/mass in Skim_TriLep_WWZ.root
2026-08-19 10:23:59,634 - INFO - [2018] MISSING_SYSTEMATIC: SR1E2Mu/PileupJetIDSF_Down/NMinusOne/nbjet_ge1/pair/mass in Skim_TriLep_WWZ.root
2026-08-19 10:23:59,635 - INFO - [2018] MISSING_SYSTEMATIC: SR1E2Mu/MuonIDSF_Up/NMinusOne/nbjet_ge1/pair/mass in Skim_TriLep_WWZ.root
2026-08-19 10:23:59,635 - INFO - [2018] MISSING_SYSTEMATIC: SR1E2Mu/MuonIDSF_Down/NMinusOne/nbjet_ge1/pair/mass in Skim_TriLep_WWZ.root
2026-08-19 10:23:59,635 - INFO - [2018] MISSING_SYSTEMATIC: SR1E2Mu/ElectronRecoSF_Up/NMinusOne/nbjet_ge1/pair/mass in Skim_TriLep_WWZ.root
2026-08-19 10:23:59,635 - INFO - [2018] MISSING_SYSTEMATIC: SR1E2Mu/ElectronRecoSF_Down/NMinusOne/nbjet_ge1/pair/mass in Skim_TriLep_WWZ.root
2026-08-19 10:23:59,636 - INFO - [2018] MISSING_SYSTEMATIC: SR1E2Mu/ElectronIDSF_Up/NMinusOne/nbjet_ge1/pair/mass in Skim_TriLep_WWZ.root
2026-08-19 10:23:59,636 - INFO - [2018] MISSING_SYSTEMATIC: SR1E2Mu/ElectronIDSF_Down/NMinusOne/nbjet_ge1/pair/mass in Skim_TriLep_WWZ.root
2026-08-19 10:23:59,637 - INFO - [2018] MISSING_SYSTEMATIC: SR1E2Mu/EMuTrigSF_Up/NMinusOne/nbjet_ge1/pair/mass in Skim_TriLep_WWZ.root
2026-08-19 10:23:59,637 - INFO - [2018] MISSING_SYSTEMATIC: SR1E2Mu/EMuTrigSF_Down/NMinusOne/nbjet_ge1/pair/mass in Skim_TriLep_WWZ.root
2026-08-19 10:23:59,637 - INFO - [2018] MISSING_SYSTEMATIC: SR1E2Mu/JetEn_Up/NMinusOne/nbjet_ge1/pair/mass in Skim_TriLep_WWZ.root
2026-08-19 10:23:59,637 - INFO - [2018] MISSING_SYSTEMATIC: SR1E2Mu/JetEn_Down/NMinusOne/nbjet_ge1/pair/mass in Skim_TriLep_WWZ.root
2026-08-19 10:23:59,638 - INFO - [2018] MISSING_SYSTEMATIC: SR1E2Mu/JetRes_Up/NMinusOne/nbjet_ge1/pair/mass in Skim_TriLep_WWZ.root
2026-08-19 10:23:59,638 - INFO - [2018] MISSING_SYSTEMATIC: SR1E2Mu/JetRes_Down/NMinusOne/nbjet_ge1/pair/mass in Skim_TriLep_WWZ.root
2026-08-19 10:23:59,639 - INFO - [2018] MISSING_SYSTEMATIC: SR1E2Mu/MuonEn_Up/NMinusOne/nbjet_ge1/pair/mass in Skim_TriLep_WWZ.root
2026-08-19 10:23:59,639 - INFO - [2018] MISSING_SYSTEMATIC: SR1E2Mu/MuonEn_Down/NMinusOne/nbjet_ge1/pair/mass in Skim_TriLep_WWZ.root
2026-08-19 10:23:59,639 - INFO - [2018] MISSING_SYSTEMATIC: SR1E2Mu/ElectronEn_Up/NMinusOne/nbjet_ge1/pair/mass in Skim_TriLep_WWZ.root
2026-08-19 10:23:59,639 - INFO - [2018] MISSING_SYSTEMATIC: SR1E2Mu/ElectronEn_Down/NMinusOne/nbjet_ge1/pair/mass in Skim_TriLep_WWZ.root
2026-08-19 10:23:59,640 - INFO - [2018] MISSING_SYSTEMATIC: SR1E2Mu/ElectronRes_Up/NMinusOne/nbjet_ge1/pair/mass in Skim_TriLep_WWZ.root
2026-08-19 10:23:59,640 - INFO - [2018] MISSING_SYSTEMATIC: SR1E2Mu/ElectronRes_Down/NMinusOne/nbjet_ge1/pair/mass in Skim_TriLep_WWZ.root
2026-08-19 10:23:59,640 - INFO - [2018] MISSING_SYSTEMATIC: SR1E2Mu/UnclusteredEn_Up/NMinusOne/nbjet_ge1/pair/mass in Skim_TriLep_WWZ.root
2026-08-19 10:23:59,640 - INFO - [2018] MISSING_SYSTEMATIC: SR1E2Mu/UnclusteredEn_Down/NMinusOne/nbjet_ge1/pair/mass in Skim_TriLep_WWZ.root
2026-08-19 10:23:59,641 - INFO - [2018] MISSING_SYSTEMATIC: SR1E2Mu/BtagSF_HFcorr_Up/NMinusOne/nbjet_ge1/pair/mass in Skim_TriLep_WWZ.root
2026-08-19 10:23:59,641 - INFO - [2018] MISSING_SYSTEMATIC: SR1E2Mu/BtagSF_HFcorr_Down/NMinusOne/nbjet_ge1/pair/mass in Skim_TriLep_WWZ.root
2026-08-19 10:23:59,642 - INFO - [2018] MISSING_SYSTEMATIC: SR1E2Mu/BtagSF_HFuncorr_Up/NMinusOne/nbjet_ge1/pair/mass in Skim_TriLep_WWZ.root
2026-08-19 10:23:59,642 - INFO - [2018] MISSING_SYSTEMATIC: SR1E2Mu/BtagSF_HFuncorr_Down/NMinusOne/nbjet_ge1/pair/mass in Skim_TriLep_WWZ.root
2026-08-19 10:23:59,642 - INFO - [2018] MISSING_SYSTEMATIC: SR1E2Mu/BtagSF_LFcorr_Up/NMinusOne/nbjet_ge1/pair/mass in Skim_TriLep_WWZ.root
2026-08-19 10:23:59,642 - INFO - [2018] MISSING_SYSTEMATIC: SR1E2Mu/BtagSF_LFcorr_Down/NMinusOne/nbjet_ge1/pair/mass in Skim_TriLep_WWZ.root
2026-08-19 10:23:59,643 - INFO - [2018] MISSING_SYSTEMATIC: SR1E2Mu/BtagSF_LFuncorr_Up/NMinusOne/nbjet_ge1/pair/mass in Skim_TriLep_WWZ.root
2026-08-19 10:23:59,643 - INFO - [2018] MISSING_SYSTEMATIC: SR1E2Mu/BtagSF_LFuncorr_Down/NMinusOne/nbjet_ge1/pair/mass in Skim_TriLep_WWZ.root
2026-08-19 10:23:59,669 - INFO - [2018] MISSING_SYSTEMATIC: SR1E2Mu/L1Prefire_Up/NMinusOne/nbjet_ge1/pair/mass in Skim_TriLep_WZZ.root
2026-08-19 10:23:59,669 - INFO - [2018] MISSING_SYSTEMATIC: SR1E2Mu/L1Prefire_Down/NMinusOne/nbjet_ge1/pair/mass in Skim_TriLep_WZZ.root
2026-08-19 10:23:59,670 - INFO - [2018] MISSING_SYSTEMATIC: SR1E2Mu/PileupReweight_Up/NMinusOne/nbjet_ge1/pair/mass in Skim_TriLep_WZZ.root
2026-08-19 10:23:59,670 - INFO - [2018] MISSING_SYSTEMATIC: SR1E2Mu/PileupReweight_Down/NMinusOne/nbjet_ge1/pair/mass in Skim_TriLep_WZZ.root
2026-08-19 10:23:59,670 - INFO - [2018] MISSING_SYSTEMATIC: SR1E2Mu/PileupJetIDSF_Up/NMinusOne/nbjet_ge1/pair/mass in Skim_TriLep_WZZ.root
2026-08-19 10:23:59,670 - INFO - [2018] MISSING_SYSTEMATIC: SR1E2Mu/PileupJetIDSF_Down/NMinusOne/nbjet_ge1/pair/mass in Skim_TriLep_WZZ.root
2026-08-19 10:23:59,671 - INFO - [2018] MISSING_SYSTEMATIC: SR1E2Mu/MuonIDSF_Up/NMinusOne/nbjet_ge1/pair/mass in Skim_TriLep_WZZ.root
2026-08-19 10:23:59,671 - INFO - [2018] MISSING_SYSTEMATIC: SR1E2Mu/MuonIDSF_Down/NMinusOne/nbjet_ge1/pair/mass in Skim_TriLep_WZZ.root
2026-08-19 10:23:59,672 - INFO - [2018] MISSING_SYSTEMATIC: SR1E2Mu/ElectronRecoSF_Up/NMinusOne/nbjet_ge1/pair/mass in Skim_TriLep_WZZ.root
2026-08-19 10:23:59,672 - INFO - [2018] MISSING_SYSTEMATIC: SR1E2Mu/ElectronRecoSF_Down/NMinusOne/nbjet_ge1/pair/mass in Skim_TriLep_WZZ.root
2026-08-19 10:23:59,672 - INFO - [2018] MISSING_SYSTEMATIC: SR1E2Mu/ElectronIDSF_Up/NMinusOne/nbjet_ge1/pair/mass in Skim_TriLep_WZZ.root
2026-08-19 10:23:59,672 - INFO - [2018] MISSING_SYSTEMATIC: SR1E2Mu/ElectronIDSF_Down/NMinusOne/nbjet_ge1/pair/mass in Skim_TriLep_WZZ.root
2026-08-19 10:23:59,673 - INFO - [2018] MISSING_SYSTEMATIC: SR1E2Mu/EMuTrigSF_Up/NMinusOne/nbjet_ge1/pair/mass in Skim_TriLep_WZZ.root
2026-08-19 10:23:59,673 - INFO - [2018] MISSING_SYSTEMATIC: SR1E2Mu/EMuTrigSF_Down/NMinusOne/nbjet_ge1/pair/mass in Skim_TriLep_WZZ.root
2026-08-19 10:23:59,674 - INFO - [2018] MISSING_SYSTEMATIC: SR1E2Mu/JetEn_Up/NMinusOne/nbjet_ge1/pair/mass in Skim_TriLep_WZZ.root
2026-08-19 10:23:59,674 - INFO - [2018] MISSING_SYSTEMATIC: SR1E2Mu/JetEn_Down/NMinusOne/nbjet_ge1/pair/mass in Skim_TriLep_WZZ.root
2026-08-19 10:23:59,674 - INFO - [2018] MISSING_SYSTEMATIC: SR1E2Mu/JetRes_Up/NMinusOne/nbjet_ge1/pair/mass in Skim_TriLep_WZZ.root
2026-08-19 10:23:59,674 - INFO - [2018] MISSING_SYSTEMATIC: SR1E2Mu/JetRes_Down/NMinusOne/nbjet_ge1/pair/mass in Skim_TriLep_WZZ.root
2026-08-19 10:23:59,675 - INFO - [2018] MISSING_SYSTEMATIC: SR1E2Mu/MuonEn_Up/NMinusOne/nbjet_ge1/pair/mass in Skim_TriLep_WZZ.root
2026-08-19 10:23:59,675 - INFO - [2018] MISSING_SYSTEMATIC: SR1E2Mu/MuonEn_Down/NMinusOne/nbjet_ge1/pair/mass in Skim_TriLep_WZZ.root
2026-08-19 10:23:59,675 - INFO - [2018] MISSING_SYSTEMATIC: SR1E2Mu/ElectronEn_Up/NMinusOne/nbjet_ge1/pair/mass in Skim_TriLep_WZZ.root
2026-08-19 10:23:59,675 - INFO - [2018] MISSING_SYSTEMATIC: SR1E2Mu/ElectronEn_Down/NMinusOne/nbjet_ge1/pair/mass in Skim_TriLep_WZZ.root
2026-08-19 10:23:59,676 - INFO - [2018] MISSING_SYSTEMATIC: SR1E2Mu/ElectronRes_Up/NMinusOne/nbjet_ge1/pair/mass in Skim_TriLep_WZZ.root
2026-08-19 10:23:59,676 - INFO - [2018] MISSING_SYSTEMATIC: SR1E2Mu/ElectronRes_Down/NMinusOne/nbjet_ge1/pair/mass in Skim_TriLep_WZZ.root
2026-08-19 10:23:59,677 - INFO - [2018] MISSING_SYSTEMATIC: SR1E2Mu/UnclusteredEn_Up/NMinusOne/nbjet_ge1/pair/mass in Skim_TriLep_WZZ.root
2026-08-19 10:23:59,677 - INFO - [2018] MISSING_SYSTEMATIC: SR1E2Mu/UnclusteredEn_Down/NMinusOne/nbjet_ge1/pair/mass in Skim_TriLep_WZZ.root
2026-08-19 10:23:59,677 - INFO - [2018] MISSING_SYSTEMATIC: SR1E2Mu/BtagSF_HFcorr_Up/NMinusOne/nbjet_ge1/pair/mass in Skim_TriLep_WZZ.root
2026-08-19 10:23:59,678 - INFO - [2018] MISSING_SYSTEMATIC: SR1E2Mu/BtagSF_HFcorr_Down/NMinusOne/nbjet_ge1/pair/mass in Skim_TriLep_WZZ.root
2026-08-19 10:23:59,678 - INFO - [2018] MISSING_SYSTEMATIC: SR1E2Mu/BtagSF_HFuncorr_Up/NMinusOne/nbjet_ge1/pair/mass in Skim_TriLep_WZZ.root
2026-08-19 10:23:59,678 - INFO - [2018] MISSING_SYSTEMATIC: SR1E2Mu/BtagSF_HFuncorr_Down/NMinusOne/nbjet_ge1/pair/mass in Skim_TriLep_WZZ.root
2026-08-19 10:23:59,679 - INFO - [2018] MISSING_SYSTEMATIC: SR1E2Mu/BtagSF_LFcorr_Up/NMinusOne/nbjet_ge1/pair/mass in Skim_TriLep_WZZ.root
2026-08-19 10:23:59,679 - INFO - [2018] MISSING_SYSTEMATIC: SR1E2Mu/BtagSF_LFcorr_Down/NMinusOne/nbjet_ge1/pair/mass in Skim_TriLep_WZZ.root
2026-08-19 10:23:59,679 - INFO - [2018] MISSING_SYSTEMATIC: SR1E2Mu/BtagSF_LFuncorr_Up/NMinusOne/nbjet_ge1/pair/mass in Skim_TriLep_WZZ.root
2026-08-19 10:23:59,679 - INFO - [2018] MISSING_SYSTEMATIC: SR1E2Mu/BtagSF_LFuncorr_Down/NMinusOne/nbjet_ge1/pair/mass in Skim_TriLep_WZZ.root
2026-08-19 10:23:59,683 - INFO - [2018] MISSING_SYSTEMATIC: SR1E2Mu/L1Prefire_Up/NMinusOne/nbjet_ge1/pair/mass in Skim_TriLep_ZZZ.root
2026-08-19 10:23:59,683 - INFO - [2018] MISSING_SYSTEMATIC: SR1E2Mu/L1Prefire_Down/NMinusOne/nbjet_ge1/pair/mass in Skim_TriLep_ZZZ.root
2026-08-19 10:23:59,684 - INFO - [2018] MISSING_SYSTEMATIC: SR1E2Mu/PileupReweight_Up/NMinusOne/nbjet_ge1/pair/mass in Skim_TriLep_ZZZ.root
2026-08-19 10:23:59,684 - INFO - [2018] MISSING_SYSTEMATIC: SR1E2Mu/PileupReweight_Down/NMinusOne/nbjet_ge1/pair/mass in Skim_TriLep_ZZZ.root
2026-08-19 10:23:59,685 - INFO - [2018] MISSING_SYSTEMATIC: SR1E2Mu/PileupJetIDSF_Up/NMinusOne/nbjet_ge1/pair/mass in Skim_TriLep_ZZZ.root
2026-08-19 10:23:59,685 - INFO - [2018] MISSING_SYSTEMATIC: SR1E2Mu/PileupJetIDSF_Down/NMinusOne/nbjet_ge1/pair/mass in Skim_TriLep_ZZZ.root
2026-08-19 10:23:59,685 - INFO - [2018] MISSING_SYSTEMATIC: SR1E2Mu/MuonIDSF_Up/NMinusOne/nbjet_ge1/pair/mass in Skim_TriLep_ZZZ.root
2026-08-19 10:23:59,685 - INFO - [2018] MISSING_SYSTEMATIC: SR1E2Mu/MuonIDSF_Down/NMinusOne/nbjet_ge1/pair/mass in Skim_TriLep_ZZZ.root
2026-08-19 10:23:59,686 - INFO - [2018] MISSING_SYSTEMATIC: SR1E2Mu/ElectronRecoSF_Up/NMinusOne/nbjet_ge1/pair/mass in Skim_TriLep_ZZZ.root
2026-08-19 10:23:59,686 - INFO - [2018] MISSING_SYSTEMATIC: SR1E2Mu/ElectronRecoSF_Down/NMinusOne/nbjet_ge1/pair/mass in Skim_TriLep_ZZZ.root
2026-08-19 10:23:59,687 - INFO - [2018] MISSING_SYSTEMATIC: SR1E2Mu/ElectronIDSF_Up/NMinusOne/nbjet_ge1/pair/mass in Skim_TriLep_ZZZ.root
2026-08-19 10:23:59,687 - INFO - [2018] MISSING_SYSTEMATIC: SR1E2Mu/ElectronIDSF_Down/NMinusOne/nbjet_ge1/pair/mass in Skim_TriLep_ZZZ.root
2026-08-19 10:23:59,687 - INFO - [2018] MISSING_SYSTEMATIC: SR1E2Mu/EMuTrigSF_Up/NMinusOne/nbjet_ge1/pair/mass in Skim_TriLep_ZZZ.root
2026-08-19 10:23:59,687 - INFO - [2018] MISSING_SYSTEMATIC: SR1E2Mu/EMuTrigSF_Down/NMinusOne/nbjet_ge1/pair/mass in Skim_TriLep_ZZZ.root
2026-08-19 10:23:59,688 - INFO - [2018] MISSING_SYSTEMATIC: SR1E2Mu/JetEn_Up/NMinusOne/nbjet_ge1/pair/mass in Skim_TriLep_ZZZ.root
2026-08-19 10:23:59,688 - INFO - [2018] MISSING_SYSTEMATIC: SR1E2Mu/JetEn_Down/NMinusOne/nbjet_ge1/pair/mass in Skim_TriLep_ZZZ.root
2026-08-19 10:23:59,688 - INFO - [2018] MISSING_SYSTEMATIC: SR1E2Mu/JetRes_Up/NMinusOne/nbjet_ge1/pair/mass in Skim_TriLep_ZZZ.root
2026-08-19 10:23:59,688 - INFO - [2018] MISSING_SYSTEMATIC: SR1E2Mu/JetRes_Down/NMinusOne/nbjet_ge1/pair/mass in Skim_TriLep_ZZZ.root
2026-08-19 10:23:59,689 - INFO - [2018] MISSING_SYSTEMATIC: SR1E2Mu/MuonEn_Up/NMinusOne/nbjet_ge1/pair/mass in Skim_TriLep_ZZZ.root
2026-08-19 10:23:59,689 - INFO - [2018] MISSING_SYSTEMATIC: SR1E2Mu/MuonEn_Down/NMinusOne/nbjet_ge1/pair/mass in Skim_TriLep_ZZZ.root
2026-08-19 10:23:59,690 - INFO - [2018] MISSING_SYSTEMATIC: SR1E2Mu/ElectronEn_Up/NMinusOne/nbjet_ge1/pair/mass in Skim_TriLep_ZZZ.root
2026-08-19 10:23:59,690 - INFO - [2018] MISSING_SYSTEMATIC: SR1E2Mu/ElectronEn_Down/NMinusOne/nbjet_ge1/pair/mass in Skim_TriLep_ZZZ.root
2026-08-19 10:23:59,690 - INFO - [2018] MISSING_SYSTEMATIC: SR1E2Mu/ElectronRes_Up/NMinusOne/nbjet_ge1/pair/mass in Skim_TriLep_ZZZ.root
2026-08-19 10:23:59,690 - INFO - [2018] MISSING_SYSTEMATIC: SR1E2Mu/ElectronRes_Down/NMinusOne/nbjet_ge1/pair/mass in Skim_TriLep_ZZZ.root
2026-08-19 10:23:59,691 - INFO - [2018] MISSING_SYSTEMATIC: SR1E2Mu/UnclusteredEn_Up/NMinusOne/nbjet_ge1/pair/mass in Skim_TriLep_ZZZ.root
2026-08-19 10:23:59,691 - INFO - [2018] MISSING_SYSTEMATIC: SR1E2Mu/UnclusteredEn_Down/NMinusOne/nbjet_ge1/pair/mass in Skim_TriLep_ZZZ.root
2026-08-19 10:23:59,692 - INFO - [2018] MISSING_SYSTEMATIC: SR1E2Mu/BtagSF_HFcorr_Up/NMinusOne/nbjet_ge1/pair/mass in Skim_TriLep_ZZZ.root
2026-08-19 10:23:59,692 - INFO - [2018] MISSING_SYSTEMATIC: SR1E2Mu/BtagSF_HFcorr_Down/NMinusOne/nbjet_ge1/pair/mass in Skim_TriLep_ZZZ.root
2026-08-19 10:23:59,692 - INFO - [2018] MISSING_SYSTEMATIC: SR1E2Mu/BtagSF_HFuncorr_Up/NMinusOne/nbjet_ge1/pair/mass in Skim_TriLep_ZZZ.root
2026-08-19 10:23:59,692 - INFO - [2018] MISSING_SYSTEMATIC: SR1E2Mu/BtagSF_HFuncorr_Down/NMinusOne/nbjet_ge1/pair/mass in Skim_TriLep_ZZZ.root
2026-08-19 10:23:59,693 - INFO - [2018] MISSING_SYSTEMATIC: SR1E2Mu/BtagSF_LFcorr_Up/NMinusOne/nbjet_ge1/pair/mass in Skim_TriLep_ZZZ.root
2026-08-19 10:23:59,693 - INFO - [2018] MISSING_SYSTEMATIC: SR1E2Mu/BtagSF_LFcorr_Down/NMinusOne/nbjet_ge1/pair/mass in Skim_TriLep_ZZZ.root
2026-08-19 10:23:59,693 - INFO - [2018] MISSING_SYSTEMATIC: SR1E2Mu/BtagSF_LFuncorr_Up/NMinusOne/nbjet_ge1/pair/mass in Skim_TriLep_ZZZ.root
2026-08-19 10:23:59,693 - INFO - [2018] MISSING_SYSTEMATIC: SR1E2Mu/BtagSF_LFuncorr_Down/NMinusOne/nbjet_ge1/pair/mass in Skim_TriLep_ZZZ.root
2026-08-19 10:23:59,725 - INFO - [2018] MISSING_SYSTEMATIC: SR1E2Mu/L1Prefire_Up/NMinusOne/nbjet_ge1/pair/mass in Skim_TriLep_TTTT.root
2026-08-19 10:23:59,725 - INFO - [2018] MISSING_SYSTEMATIC: SR1E2Mu/L1Prefire_Down/NMinusOne/nbjet_ge1/pair/mass in Skim_TriLep_TTTT.root
2026-08-19 10:23:59,725 - INFO - [2018] MISSING_SYSTEMATIC: SR1E2Mu/PileupReweight_Up/NMinusOne/nbjet_ge1/pair/mass in Skim_TriLep_TTTT.root
2026-08-19 10:23:59,725 - INFO - [2018] MISSING_SYSTEMATIC: SR1E2Mu/PileupReweight_Down/NMinusOne/nbjet_ge1/pair/mass in Skim_TriLep_TTTT.root
2026-08-19 10:23:59,726 - INFO - [2018] MISSING_SYSTEMATIC: SR1E2Mu/PileupJetIDSF_Up/NMinusOne/nbjet_ge1/pair/mass in Skim_TriLep_TTTT.root
2026-08-19 10:23:59,726 - INFO - [2018] MISSING_SYSTEMATIC: SR1E2Mu/PileupJetIDSF_Down/NMinusOne/nbjet_ge1/pair/mass in Skim_TriLep_TTTT.root
2026-08-19 10:23:59,727 - INFO - [2018] MISSING_SYSTEMATIC: SR1E2Mu/MuonIDSF_Up/NMinusOne/nbjet_ge1/pair/mass in Skim_TriLep_TTTT.root
2026-08-19 10:23:59,727 - INFO - [2018] MISSING_SYSTEMATIC: SR1E2Mu/MuonIDSF_Down/NMinusOne/nbjet_ge1/pair/mass in Skim_TriLep_TTTT.root
2026-08-19 10:23:59,727 - INFO - [2018] MISSING_SYSTEMATIC: SR1E2Mu/ElectronRecoSF_Up/NMinusOne/nbjet_ge1/pair/mass in Skim_TriLep_TTTT.root
2026-08-19 10:23:59,727 - INFO - [2018] MISSING_SYSTEMATIC: SR1E2Mu/ElectronRecoSF_Down/NMinusOne/nbjet_ge1/pair/mass in Skim_TriLep_TTTT.root
2026-08-19 10:23:59,728 - INFO - [2018] MISSING_SYSTEMATIC: SR1E2Mu/ElectronIDSF_Up/NMinusOne/nbjet_ge1/pair/mass in Skim_TriLep_TTTT.root
2026-08-19 10:23:59,728 - INFO - [2018] MISSING_SYSTEMATIC: SR1E2Mu/ElectronIDSF_Down/NMinusOne/nbjet_ge1/pair/mass in Skim_TriLep_TTTT.root
2026-08-19 10:23:59,728 - INFO - [2018] MISSING_SYSTEMATIC: SR1E2Mu/EMuTrigSF_Up/NMinusOne/nbjet_ge1/pair/mass in Skim_TriLep_TTTT.root
2026-08-19 10:23:59,729 - INFO - [2018] MISSING_SYSTEMATIC: SR1E2Mu/EMuTrigSF_Down/NMinusOne/nbjet_ge1/pair/mass in Skim_TriLep_TTTT.root
2026-08-19 10:23:59,729 - INFO - [2018] MISSING_SYSTEMATIC: SR1E2Mu/JetEn_Up/NMinusOne/nbjet_ge1/pair/mass in Skim_TriLep_TTTT.root
2026-08-19 10:23:59,729 - INFO - [2018] MISSING_SYSTEMATIC: SR1E2Mu/JetEn_Down/NMinusOne/nbjet_ge1/pair/mass in Skim_TriLep_TTTT.root
2026-08-19 10:23:59,730 - INFO - [2018] MISSING_SYSTEMATIC: SR1E2Mu/JetRes_Up/NMinusOne/nbjet_ge1/pair/mass in Skim_TriLep_TTTT.root
2026-08-19 10:23:59,730 - INFO - [2018] MISSING_SYSTEMATIC: SR1E2Mu/JetRes_Down/NMinusOne/nbjet_ge1/pair/mass in Skim_TriLep_TTTT.root
2026-08-19 10:23:59,730 - INFO - [2018] MISSING_SYSTEMATIC: SR1E2Mu/MuonEn_Up/NMinusOne/nbjet_ge1/pair/mass in Skim_TriLep_TTTT.root
2026-08-19 10:23:59,730 - INFO - [2018] MISSING_SYSTEMATIC: SR1E2Mu/MuonEn_Down/NMinusOne/nbjet_ge1/pair/mass in Skim_TriLep_TTTT.root
2026-08-19 10:23:59,731 - INFO - [2018] MISSING_SYSTEMATIC: SR1E2Mu/ElectronEn_Up/NMinusOne/nbjet_ge1/pair/mass in Skim_TriLep_TTTT.root
2026-08-19 10:23:59,731 - INFO - [2018] MISSING_SYSTEMATIC: SR1E2Mu/ElectronEn_Down/NMinusOne/nbjet_ge1/pair/mass in Skim_TriLep_TTTT.root
2026-08-19 10:23:59,732 - INFO - [2018] MISSING_SYSTEMATIC: SR1E2Mu/ElectronRes_Up/NMinusOne/nbjet_ge1/pair/mass in Skim_TriLep_TTTT.root
2026-08-19 10:23:59,732 - INFO - [2018] MISSING_SYSTEMATIC: SR1E2Mu/ElectronRes_Down/NMinusOne/nbjet_ge1/pair/mass in Skim_TriLep_TTTT.root
2026-08-19 10:23:59,732 - INFO - [2018] MISSING_SYSTEMATIC: SR1E2Mu/UnclusteredEn_Up/NMinusOne/nbjet_ge1/pair/mass in Skim_TriLep_TTTT.root
2026-08-19 10:23:59,732 - INFO - [2018] MISSING_SYSTEMATIC: SR1E2Mu/UnclusteredEn_Down/NMinusOne/nbjet_ge1/pair/mass in Skim_TriLep_TTTT.root
2026-08-19 10:23:59,733 - INFO - [2018] MISSING_SYSTEMATIC: SR1E2Mu/BtagSF_HFcorr_Up/NMinusOne/nbjet_ge1/pair/mass in Skim_TriLep_TTTT.root
2026-08-19 10:23:59,733 - INFO - [2018] MISSING_SYSTEMATIC: SR1E2Mu/BtagSF_HFcorr_Down/NMinusOne/nbjet_ge1/pair/mass in Skim_TriLep_TTTT.root
2026-08-19 10:23:59,734 - INFO - [2018] MISSING_SYSTEMATIC: SR1E2Mu/BtagSF_HFuncorr_Up/NMinusOne/nbjet_ge1/pair/mass in Skim_TriLep_TTTT.root
2026-08-19 10:23:59,734 - INFO - [2018] MISSING_SYSTEMATIC: SR1E2Mu/BtagSF_HFuncorr_Down/NMinusOne/nbjet_ge1/pair/mass in Skim_TriLep_TTTT.root
2026-08-19 10:23:59,734 - INFO - [2018] MISSING_SYSTEMATIC: SR1E2Mu/BtagSF_LFcorr_Up/NMinusOne/nbjet_ge1/pair/mass in Skim_TriLep_TTTT.root
2026-08-19 10:23:59,734 - INFO - [2018] MISSING_SYSTEMATIC: SR1E2Mu/BtagSF_LFcorr_Down/NMinusOne/nbjet_ge1/pair/mass in Skim_TriLep_TTTT.root
2026-08-19 10:23:59,735 - INFO - [2018] MISSING_SYSTEMATIC: SR1E2Mu/BtagSF_LFuncorr_Up/NMinusOne/nbjet_ge1/pair/mass in Skim_TriLep_TTTT.root
2026-08-19 10:23:59,735 - INFO - [2018] MISSING_SYSTEMATIC: SR1E2Mu/BtagSF_LFuncorr_Down/NMinusOne/nbjet_ge1/pair/mass in Skim_TriLep_TTTT.root
2026-08-19 10:23:59,736 - INFO - [2018] MISSING_SYSTEMATIC: SR1E2Mu/L1Prefire_Up/NMinusOne/nbjet_ge1/pair/mass in Skim_TriLep_VBFHToZZTo4L.root
2026-08-19 10:23:59,736 - INFO - [2018] MISSING_SYSTEMATIC: SR1E2Mu/L1Prefire_Down/NMinusOne/nbjet_ge1/pair/mass in Skim_TriLep_VBFHToZZTo4L.root
2026-08-19 10:23:59,737 - INFO - [2018] MISSING_SYSTEMATIC: SR1E2Mu/PileupReweight_Up/NMinusOne/nbjet_ge1/pair/mass in Skim_TriLep_VBFHToZZTo4L.root
2026-08-19 10:23:59,737 - INFO - [2018] MISSING_SYSTEMATIC: SR1E2Mu/PileupReweight_Down/NMinusOne/nbjet_ge1/pair/mass in Skim_TriLep_VBFHToZZTo4L.root
2026-08-19 10:23:59,737 - INFO - [2018] MISSING_SYSTEMATIC: SR1E2Mu/PileupJetIDSF_Up/NMinusOne/nbjet_ge1/pair/mass in Skim_TriLep_VBFHToZZTo4L.root
2026-08-19 10:23:59,737 - INFO - [2018] MISSING_SYSTEMATIC: SR1E2Mu/PileupJetIDSF_Down/NMinusOne/nbjet_ge1/pair/mass in Skim_TriLep_VBFHToZZTo4L.root
2026-08-19 10:23:59,738 - INFO - [2018] MISSING_SYSTEMATIC: SR1E2Mu/MuonIDSF_Up/NMinusOne/nbjet_ge1/pair/mass in Skim_TriLep_VBFHToZZTo4L.root
2026-08-19 10:23:59,738 - INFO - [2018] MISSING_SYSTEMATIC: SR1E2Mu/MuonIDSF_Down/NMinusOne/nbjet_ge1/pair/mass in Skim_TriLep_VBFHToZZTo4L.root
2026-08-19 10:23:59,739 - INFO - [2018] MISSING_SYSTEMATIC: SR1E2Mu/ElectronRecoSF_Up/NMinusOne/nbjet_ge1/pair/mass in Skim_TriLep_VBFHToZZTo4L.root
2026-08-19 10:23:59,739 - INFO - [2018] MISSING_SYSTEMATIC: SR1E2Mu/ElectronRecoSF_Down/NMinusOne/nbjet_ge1/pair/mass in Skim_TriLep_VBFHToZZTo4L.root
2026-08-19 10:23:59,739 - INFO - [2018] MISSING_SYSTEMATIC: SR1E2Mu/ElectronIDSF_Up/NMinusOne/nbjet_ge1/pair/mass in Skim_TriLep_VBFHToZZTo4L.root
2026-08-19 10:23:59,739 - INFO - [2018] MISSING_SYSTEMATIC: SR1E2Mu/ElectronIDSF_Down/NMinusOne/nbjet_ge1/pair/mass in Skim_TriLep_VBFHToZZTo4L.root
2026-08-19 10:23:59,740 - INFO - [2018] MISSING_SYSTEMATIC: SR1E2Mu/EMuTrigSF_Up/NMinusOne/nbjet_ge1/pair/mass in Skim_TriLep_VBFHToZZTo4L.root
2026-08-19 10:23:59,740 - INFO - [2018] MISSING_SYSTEMATIC: SR1E2Mu/EMuTrigSF_Down/NMinusOne/nbjet_ge1/pair/mass in Skim_TriLep_VBFHToZZTo4L.root
2026-08-19 10:23:59,741 - INFO - [2018] MISSING_SYSTEMATIC: SR1E2Mu/JetEn_Up/NMinusOne/nbjet_ge1/pair/mass in Skim_TriLep_VBFHToZZTo4L.root
2026-08-19 10:23:59,741 - INFO - [2018] MISSING_SYSTEMATIC: SR1E2Mu/JetEn_Down/NMinusOne/nbjet_ge1/pair/mass in Skim_TriLep_VBFHToZZTo4L.root
2026-08-19 10:23:59,741 - INFO - [2018] MISSING_SYSTEMATIC: SR1E2Mu/JetRes_Up/NMinusOne/nbjet_ge1/pair/mass in Skim_TriLep_VBFHToZZTo4L.root
2026-08-19 10:23:59,741 - INFO - [2018] MISSING_SYSTEMATIC: SR1E2Mu/JetRes_Down/NMinusOne/nbjet_ge1/pair/mass in Skim_TriLep_VBFHToZZTo4L.root
2026-08-19 10:23:59,742 - INFO - [2018] MISSING_SYSTEMATIC: SR1E2Mu/MuonEn_Up/NMinusOne/nbjet_ge1/pair/mass in Skim_TriLep_VBFHToZZTo4L.root
2026-08-19 10:23:59,742 - INFO - [2018] MISSING_SYSTEMATIC: SR1E2Mu/MuonEn_Down/NMinusOne/nbjet_ge1/pair/mass in Skim_TriLep_VBFHToZZTo4L.root
2026-08-19 10:23:59,742 - INFO - [2018] MISSING_SYSTEMATIC: SR1E2Mu/ElectronEn_Up/NMinusOne/nbjet_ge1/pair/mass in Skim_TriLep_VBFHToZZTo4L.root
2026-08-19 10:23:59,742 - INFO - [2018] MISSING_SYSTEMATIC: SR1E2Mu/ElectronEn_Down/NMinusOne/nbjet_ge1/pair/mass in Skim_TriLep_VBFHToZZTo4L.root
2026-08-19 10:23:59,743 - INFO - [2018] MISSING_SYSTEMATIC: SR1E2Mu/ElectronRes_Up/NMinusOne/nbjet_ge1/pair/mass in Skim_TriLep_VBFHToZZTo4L.root
2026-08-19 10:23:59,743 - INFO - [2018] MISSING_SYSTEMATIC: SR1E2Mu/ElectronRes_Down/NMinusOne/nbjet_ge1/pair/mass in Skim_TriLep_VBFHToZZTo4L.root
2026-08-19 10:23:59,744 - INFO - [2018] MISSING_SYSTEMATIC: SR1E2Mu/UnclusteredEn_Up/NMinusOne/nbjet_ge1/pair/mass in Skim_TriLep_VBFHToZZTo4L.root
2026-08-19 10:23:59,744 - INFO - [2018] MISSING_SYSTEMATIC: SR1E2Mu/UnclusteredEn_Down/NMinusOne/nbjet_ge1/pair/mass in Skim_TriLep_VBFHToZZTo4L.root
2026-08-19 10:23:59,744 - INFO - [2018] MISSING_SYSTEMATIC: SR1E2Mu/BtagSF_HFcorr_Up/NMinusOne/nbjet_ge1/pair/mass in Skim_TriLep_VBFHToZZTo4L.root
2026-08-19 10:23:59,744 - INFO - [2018] MISSING_SYSTEMATIC: SR1E2Mu/BtagSF_HFcorr_Down/NMinusOne/nbjet_ge1/pair/mass in Skim_TriLep_VBFHToZZTo4L.root
2026-08-19 10:23:59,745 - INFO - [2018] MISSING_SYSTEMATIC: SR1E2Mu/BtagSF_HFuncorr_Up/NMinusOne/nbjet_ge1/pair/mass in Skim_TriLep_VBFHToZZTo4L.root
2026-08-19 10:23:59,745 - INFO - [2018] MISSING_SYSTEMATIC: SR1E2Mu/BtagSF_HFuncorr_Down/NMinusOne/nbjet_ge1/pair/mass in Skim_TriLep_VBFHToZZTo4L.root
2026-08-19 10:23:59,746 - INFO - [2018] MISSING_SYSTEMATIC: SR1E2Mu/BtagSF_LFcorr_Up/NMinusOne/nbjet_ge1/pair/mass in Skim_TriLep_VBFHToZZTo4L.root
2026-08-19 10:23:59,746 - INFO - [2018] MISSING_SYSTEMATIC: SR1E2Mu/BtagSF_LFcorr_Down/NMinusOne/nbjet_ge1/pair/mass in Skim_TriLep_VBFHToZZTo4L.root
2026-08-19 10:23:59,746 - INFO - [2018] MISSING_SYSTEMATIC: SR1E2Mu/BtagSF_LFuncorr_Up/NMinusOne/nbjet_ge1/pair/mass in Skim_TriLep_VBFHToZZTo4L.root
2026-08-19 10:23:59,746 - INFO - [2018] MISSING_SYSTEMATIC: SR1E2Mu/BtagSF_LFuncorr_Down/NMinusOne/nbjet_ge1/pair/mass in Skim_TriLep_VBFHToZZTo4L.root
2026-08-19 10:23:59,762 - INFO - [2018] MISSING_SYSTEMATIC: SR1E2Mu/L1Prefire_Up/NMinusOne/nbjet_ge1/pair/mass in Skim_TriLep_ggHToZZTo4L.root
2026-08-19 10:23:59,763 - INFO - [2018] MISSING_SYSTEMATIC: SR1E2Mu/L1Prefire_Down/NMinusOne/nbjet_ge1/pair/mass in Skim_TriLep_ggHToZZTo4L.root
2026-08-19 10:23:59,763 - INFO - [2018] MISSING_SYSTEMATIC: SR1E2Mu/PileupReweight_Up/NMinusOne/nbjet_ge1/pair/mass in Skim_TriLep_ggHToZZTo4L.root
2026-08-19 10:23:59,763 - INFO - [2018] MISSING_SYSTEMATIC: SR1E2Mu/PileupReweight_Down/NMinusOne/nbjet_ge1/pair/mass in Skim_TriLep_ggHToZZTo4L.root
2026-08-19 10:23:59,764 - INFO - [2018] MISSING_SYSTEMATIC: SR1E2Mu/PileupJetIDSF_Up/NMinusOne/nbjet_ge1/pair/mass in Skim_TriLep_ggHToZZTo4L.root
2026-08-19 10:23:59,764 - INFO - [2018] MISSING_SYSTEMATIC: SR1E2Mu/PileupJetIDSF_Down/NMinusOne/nbjet_ge1/pair/mass in Skim_TriLep_ggHToZZTo4L.root
2026-08-19 10:23:59,764 - INFO - [2018] MISSING_SYSTEMATIC: SR1E2Mu/MuonIDSF_Up/NMinusOne/nbjet_ge1/pair/mass in Skim_TriLep_ggHToZZTo4L.root
2026-08-19 10:23:59,764 - INFO - [2018] MISSING_SYSTEMATIC: SR1E2Mu/MuonIDSF_Down/NMinusOne/nbjet_ge1/pair/mass in Skim_TriLep_ggHToZZTo4L.root
2026-08-19 10:23:59,765 - INFO - [2018] MISSING_SYSTEMATIC: SR1E2Mu/ElectronRecoSF_Up/NMinusOne/nbjet_ge1/pair/mass in Skim_TriLep_ggHToZZTo4L.root
2026-08-19 10:23:59,765 - INFO - [2018] MISSING_SYSTEMATIC: SR1E2Mu/ElectronRecoSF_Down/NMinusOne/nbjet_ge1/pair/mass in Skim_TriLep_ggHToZZTo4L.root
2026-08-19 10:23:59,766 - INFO - [2018] MISSING_SYSTEMATIC: SR1E2Mu/ElectronIDSF_Up/NMinusOne/nbjet_ge1/pair/mass in Skim_TriLep_ggHToZZTo4L.root
2026-08-19 10:23:59,766 - INFO - [2018] MISSING_SYSTEMATIC: SR1E2Mu/ElectronIDSF_Down/NMinusOne/nbjet_ge1/pair/mass in Skim_TriLep_ggHToZZTo4L.root
2026-08-19 10:23:59,767 - INFO - [2018] MISSING_SYSTEMATIC: SR1E2Mu/EMuTrigSF_Up/NMinusOne/nbjet_ge1/pair/mass in Skim_TriLep_ggHToZZTo4L.root
2026-08-19 10:23:59,767 - INFO - [2018] MISSING_SYSTEMATIC: SR1E2Mu/EMuTrigSF_Down/NMinusOne/nbjet_ge1/pair/mass in Skim_TriLep_ggHToZZTo4L.root
2026-08-19 10:23:59,767 - INFO - [2018] MISSING_SYSTEMATIC: SR1E2Mu/JetEn_Up/NMinusOne/nbjet_ge1/pair/mass in Skim_TriLep_ggHToZZTo4L.root
2026-08-19 10:23:59,767 - INFO - [2018] MISSING_SYSTEMATIC: SR1E2Mu/JetEn_Down/NMinusOne/nbjet_ge1/pair/mass in Skim_TriLep_ggHToZZTo4L.root
2026-08-19 10:23:59,768 - INFO - [2018] MISSING_SYSTEMATIC: SR1E2Mu/JetRes_Up/NMinusOne/nbjet_ge1/pair/mass in Skim_TriLep_ggHToZZTo4L.root
2026-08-19 10:23:59,768 - INFO - [2018] MISSING_SYSTEMATIC: SR1E2Mu/JetRes_Down/NMinusOne/nbjet_ge1/pair/mass in Skim_TriLep_ggHToZZTo4L.root
2026-08-19 10:23:59,769 - INFO - [2018] MISSING_SYSTEMATIC: SR1E2Mu/MuonEn_Up/NMinusOne/nbjet_ge1/pair/mass in Skim_TriLep_ggHToZZTo4L.root
2026-08-19 10:23:59,769 - INFO - [2018] MISSING_SYSTEMATIC: SR1E2Mu/MuonEn_Down/NMinusOne/nbjet_ge1/pair/mass in Skim_TriLep_ggHToZZTo4L.root
2026-08-19 10:23:59,769 - INFO - [2018] MISSING_SYSTEMATIC: SR1E2Mu/ElectronEn_Up/NMinusOne/nbjet_ge1/pair/mass in Skim_TriLep_ggHToZZTo4L.root
2026-08-19 10:23:59,769 - INFO - [2018] MISSING_SYSTEMATIC: SR1E2Mu/ElectronEn_Down/NMinusOne/nbjet_ge1/pair/mass in Skim_TriLep_ggHToZZTo4L.root
2026-08-19 10:23:59,770 - INFO - [2018] MISSING_SYSTEMATIC: SR1E2Mu/ElectronRes_Up/NMinusOne/nbjet_ge1/pair/mass in Skim_TriLep_ggHToZZTo4L.root
2026-08-19 10:23:59,770 - INFO - [2018] MISSING_SYSTEMATIC: SR1E2Mu/ElectronRes_Down/NMinusOne/nbjet_ge1/pair/mass in Skim_TriLep_ggHToZZTo4L.root
2026-08-19 10:23:59,770 - INFO - [2018] MISSING_SYSTEMATIC: SR1E2Mu/UnclusteredEn_Up/NMinusOne/nbjet_ge1/pair/mass in Skim_TriLep_ggHToZZTo4L.root
2026-08-19 10:23:59,770 - INFO - [2018] MISSING_SYSTEMATIC: SR1E2Mu/UnclusteredEn_Down/NMinusOne/nbjet_ge1/pair/mass in Skim_TriLep_ggHToZZTo4L.root
2026-08-19 10:23:59,771 - INFO - [2018] MISSING_SYSTEMATIC: SR1E2Mu/BtagSF_HFcorr_Up/NMinusOne/nbjet_ge1/pair/mass in Skim_TriLep_ggHToZZTo4L.root
2026-08-19 10:23:59,771 - INFO - [2018] MISSING_SYSTEMATIC: SR1E2Mu/BtagSF_HFcorr_Down/NMinusOne/nbjet_ge1/pair/mass in Skim_TriLep_ggHToZZTo4L.root
2026-08-19 10:23:59,772 - INFO - [2018] MISSING_SYSTEMATIC: SR1E2Mu/BtagSF_HFuncorr_Up/NMinusOne/nbjet_ge1/pair/mass in Skim_TriLep_ggHToZZTo4L.root
2026-08-19 10:23:59,772 - INFO - [2018] MISSING_SYSTEMATIC: SR1E2Mu/BtagSF_HFuncorr_Down/NMinusOne/nbjet_ge1/pair/mass in Skim_TriLep_ggHToZZTo4L.root
2026-08-19 10:23:59,772 - INFO - [2018] MISSING_SYSTEMATIC: SR1E2Mu/BtagSF_LFcorr_Up/NMinusOne/nbjet_ge1/pair/mass in Skim_TriLep_ggHToZZTo4L.root
2026-08-19 10:23:59,773 - INFO - [2018] MISSING_SYSTEMATIC: SR1E2Mu/BtagSF_LFcorr_Down/NMinusOne/nbjet_ge1/pair/mass in Skim_TriLep_ggHToZZTo4L.root
2026-08-19 10:23:59,773 - INFO - [2018] MISSING_SYSTEMATIC: SR1E2Mu/BtagSF_LFuncorr_Up/NMinusOne/nbjet_ge1/pair/mass in Skim_TriLep_ggHToZZTo4L.root
2026-08-19 10:23:59,773 - INFO - [2018] MISSING_SYSTEMATIC: SR1E2Mu/BtagSF_LFuncorr_Down/NMinusOne/nbjet_ge1/pair/mass in Skim_TriLep_ggHToZZTo4L.root
2026-08-19 12:39:00,106 - INFO - [2018] MISSING_SYSTEMATIC: SR1E2Mu/L1Prefire_Up/NMinusOne/nbjet_ge1/pair/mass in Skim_TriLep_DYJets.root
2026-08-19 12:39:00,106 - INFO - [2018] MISSING_SYSTEMATIC: SR1E2Mu/L1Prefire_Down/NMinusOne/nbjet_ge1/pair/mass in Skim_TriLep_DYJets.root
2026-08-19 12:39:00,107 - INFO - [2018] MISSING_SYSTEMATIC: SR1E2Mu/PileupReweight_Up/NMinusOne/nbjet_ge1/pair/mass in Skim_TriLep_DYJets.root
2026-08-19 12:39:00,107 - INFO - [2018] MISSING_SYSTEMATIC: SR1E2Mu/PileupReweight_Down/NMinusOne/nbjet_ge1/pair/mass in Skim_TriLep_DYJets.root
2026-08-19 12:39:00,108 - INFO - [2018] MISSING_SYSTEMATIC: SR1E2Mu/PileupJetIDSF_Up/NMinusOne/nbjet_ge1/pair/mass in Skim_TriLep_DYJets.root
2026-08-19 12:39:00,108 - INFO - [2018] MISSING_SYSTEMATIC: SR1E2Mu/PileupJetIDSF_Down/NMinusOne/nbjet_ge1/pair/mass in Skim_TriLep_DYJets.root
2026-08-19 12:39:00,108 - INFO - [2018] MISSING_SYSTEMATIC: SR1E2Mu/MuonIDSF_Up/NMinusOne/nbjet_ge1/pair/mass in Skim_TriLep_DYJets.root
2026-08-19 12:39:00,108 - INFO - [2018] MISSING_SYSTEMATIC: SR1E2Mu/MuonIDSF_Down/NMinusOne/nbjet_ge1/pair/mass in Skim_TriLep_DYJets.root
2026-08-19 12:39:00,109 - INFO - [2018] MISSING_SYSTEMATIC: SR1E2Mu/ElectronRecoSF_Up/NMinusOne/nbjet_ge1/pair/mass in Skim_TriLep_DYJets.root
2026-08-19 12:39:00,109 - INFO - [2018] MISSING_SYSTEMATIC: SR1E2Mu/ElectronRecoSF_Down/NMinusOne/nbjet_ge1/pair/mass in Skim_TriLep_DYJets.root
2026-08-19 12:39:00,110 - INFO - [2018] MISSING_SYSTEMATIC: SR1E2Mu/ElectronIDSF_Up/NMinusOne/nbjet_ge1/pair/mass in Skim_TriLep_DYJets.root
2026-08-19 12:39:00,110 - INFO - [2018] MISSING_SYSTEMATIC: SR1E2Mu/ElectronIDSF_Down/NMinusOne/nbjet_ge1/pair/mass in Skim_TriLep_DYJets.root
2026-08-19 12:39:00,110 - INFO - [2018] MISSING_SYSTEMATIC: SR1E2Mu/EMuTrigSF_Up/NMinusOne/nbjet_ge1/pair/mass in Skim_TriLep_DYJets.root
2026-08-19 12:39:00,110 - INFO - [2018] MISSING_SYSTEMATIC: SR1E2Mu/EMuTrigSF_Down/NMinusOne/nbjet_ge1/pair/mass in Skim_TriLep_DYJets.root
2026-08-19 12:39:00,111 - INFO - [2018] MISSING_SYSTEMATIC: SR1E2Mu/JetEn_Up/NMinusOne/nbjet_ge1/pair/mass in Skim_TriLep_DYJets.root
2026-08-19 12:39:00,111 - INFO - [2018] MISSING_SYSTEMATIC: SR1E2Mu/JetEn_Down/NMinusOne/nbjet_ge1/pair/mass in Skim_TriLep_DYJets.root
2026-08-19 12:39:00,112 - INFO - [2018] MISSING_SYSTEMATIC: SR1E2Mu/JetRes_Up/NMinusOne/nbjet_ge1/pair/mass in Skim_TriLep_DYJets.root
2026-08-19 12:39:00,112 - INFO - [2018] MISSING_SYSTEMATIC: SR1E2Mu/JetRes_Down/NMinusOne/nbjet_ge1/pair/mass in Skim_TriLep_DYJets.root
2026-08-19 12:39:00,112 - INFO - [2018] MISSING_SYSTEMATIC: SR1E2Mu/MuonEn_Up/NMinusOne/nbjet_ge1/pair/mass in Skim_TriLep_DYJets.root
2026-08-19 12:39:00,112 - INFO - [2018] MISSING_SYSTEMATIC: SR1E2Mu/MuonEn_Down/NMinusOne/nbjet_ge1/pair/mass in Skim_TriLep_DYJets.root
2026-08-19 12:39:00,113 - INFO - [2018] MISSING_SYSTEMATIC: SR1E2Mu/ElectronEn_Up/NMinusOne/nbjet_ge1/pair/mass in Skim_TriLep_DYJets.root
2026-08-19 12:39:00,113 - INFO - [2018] MISSING_SYSTEMATIC: SR1E2Mu/ElectronEn_Down/NMinusOne/nbjet_ge1/pair/mass in Skim_TriLep_DYJets.root
2026-08-19 12:39:00,113 - INFO - [2018] MISSING_SYSTEMATIC: SR1E2Mu/ElectronRes_Up/NMinusOne/nbjet_ge1/pair/mass in Skim_TriLep_DYJets.root
2026-08-19 12:39:00,114 - INFO - [2018] MISSING_SYSTEMATIC: SR1E2Mu/ElectronRes_Down/NMinusOne/nbjet_ge1/pair/mass in Skim_TriLep_DYJets.root
2026-08-19 12:39:00,114 - INFO - [2018] MISSING_SYSTEMATIC: SR1E2Mu/UnclusteredEn_Up/NMinusOne/nbjet_ge1/pair/mass in Skim_TriLep_DYJets.root
2026-08-19 12:39:00,114 - INFO - [2018] MISSING_SYSTEMATIC: SR1E2Mu/UnclusteredEn_Down/NMinusOne/nbjet_ge1/pair/mass in Skim_TriLep_DYJets.root
2026-08-19 12:39:00,115 - INFO - [2018] MISSING_SYSTEMATIC: SR1E2Mu/BtagSF_HFcorr_Up/NMinusOne/nbjet_ge1/pair/mass in Skim_TriLep_DYJets.root
2026-08-19 12:39:00,115 - INFO - [2018] MISSING_SYSTEMATIC: SR1E2Mu/BtagSF_HFcorr_Down/NMinusOne/nbjet_ge1/pair/mass in Skim_TriLep_DYJets.root
2026-08-19 12:39:00,115 - INFO - [2018] MISSING_SYSTEMATIC: SR1E2Mu/BtagSF_HFuncorr_Up/NMinusOne/nbjet_ge1/pair/mass in Skim_TriLep_DYJets.root
2026-08-19 12:39:00,115 - INFO - [2018] MISSING_SYSTEMATIC: SR1E2Mu/BtagSF_HFuncorr_Down/NMinusOne/nbjet_ge1/pair/mass in Skim_TriLep_DYJets.root
2026-08-19 12:39:00,116 - INFO - [2018] MISSING_SYSTEMATIC: SR1E2Mu/BtagSF_LFcorr_Up/NMinusOne/nbjet_ge1/pair/mass in Skim_TriLep_DYJets.root
2026-08-19 12:39:00,116 - INFO - [2018] MISSING_SYSTEMATIC: SR1E2Mu/BtagSF_LFcorr_Down/NMinusOne/nbjet_ge1/pair/mass in Skim_TriLep_DYJets.root
2026-08-19 12:39:00,117 - INFO - [2018] MISSING_SYSTEMATIC: SR1E2Mu/BtagSF_LFuncorr_Up/NMinusOne/nbjet_ge1/pair/mass in Skim_TriLep_DYJets.root
2026-08-19 12:39:00,117 - INFO - [2018] MISSING_SYSTEMATIC: SR1E2Mu/BtagSF_LFuncorr_Down/NMinusOne/nbjet_ge1/pair/mass in Skim_TriLep_DYJets.root
2026-08-19 12:39:00,117 - INFO - [2018] MISSING_CENTRAL: SR1E2Mu/Central/NMinusOne/nbjet_ge1/pair/mass in Skim_TriLep_DYJets10to50.root
2026-08-19 12:39:00,118 - INFO - [2018] MISSING_SYSTEMATIC: SR1E2Mu/L1Prefire_Up/NMinusOne/nbjet_ge1/pair/mass in Skim_TriLep_TTG.root
2026-08-19 12:39:00,118 - INFO - [2018] MISSING_SYSTEMATIC: SR1E2Mu/L1Prefire_Down/NMinusOne/nbjet_ge1/pair/mass in Skim_TriLep_TTG.root
2026-08-19 12:39:00,119 - INFO - [2018] MISSING_SYSTEMATIC: SR1E2Mu/PileupReweight_Up/NMinusOne/nbjet_ge1/pair/mass in Skim_TriLep_TTG.root
2026-08-19 12:39:00,119 - INFO - [2018] MISSING_SYSTEMATIC: SR1E2Mu/PileupReweight_Down/NMinusOne/nbjet_ge1/pair/mass in Skim_TriLep_TTG.root
2026-08-19 12:39:00,120 - INFO - [2018] MISSING_SYSTEMATIC: SR1E2Mu/PileupJetIDSF_Up/NMinusOne/nbjet_ge1/pair/mass in Skim_TriLep_TTG.root
2026-08-19 12:39:00,120 - INFO - [2018] MISSING_SYSTEMATIC: SR1E2Mu/PileupJetIDSF_Down/NMinusOne/nbjet_ge1/pair/mass in Skim_TriLep_TTG.root
2026-08-19 12:39:00,120 - INFO - [2018] MISSING_SYSTEMATIC: SR1E2Mu/MuonIDSF_Up/NMinusOne/nbjet_ge1/pair/mass in Skim_TriLep_TTG.root
2026-08-19 12:39:00,120 - INFO - [2018] MISSING_SYSTEMATIC: SR1E2Mu/MuonIDSF_Down/NMinusOne/nbjet_ge1/pair/mass in Skim_TriLep_TTG.root
2026-08-19 12:39:00,121 - INFO - [2018] MISSING_SYSTEMATIC: SR1E2Mu/ElectronRecoSF_Up/NMinusOne/nbjet_ge1/pair/mass in Skim_TriLep_TTG.root
2026-08-19 12:39:00,121 - INFO - [2018] MISSING_SYSTEMATIC: SR1E2Mu/ElectronRecoSF_Down/NMinusOne/nbjet_ge1/pair/mass in Skim_TriLep_TTG.root
2026-08-19 12:39:00,121 - INFO - [2018] MISSING_SYSTEMATIC: SR1E2Mu/ElectronIDSF_Up/NMinusOne/nbjet_ge1/pair/mass in Skim_TriLep_TTG.root
2026-08-19 12:39:00,121 - INFO - [2018] MISSING_SYSTEMATIC: SR1E2Mu/ElectronIDSF_Down/NMinusOne/nbjet_ge1/pair/mass in Skim_TriLep_TTG.root
2026-08-19 12:39:00,122 - INFO - [2018] MISSING_SYSTEMATIC: SR1E2Mu/EMuTrigSF_Up/NMinusOne/nbjet_ge1/pair/mass in Skim_TriLep_TTG.root
2026-08-19 12:39:00,122 - INFO - [2018] MISSING_SYSTEMATIC: SR1E2Mu/EMuTrigSF_Down/NMinusOne/nbjet_ge1/pair/mass in Skim_TriLep_TTG.root
2026-08-19 12:39:00,123 - INFO - [2018] MISSING_SYSTEMATIC: SR1E2Mu/JetEn_Up/NMinusOne/nbjet_ge1/pair/mass in Skim_TriLep_TTG.root
2026-08-19 12:39:00,123 - INFO - [2018] MISSING_SYSTEMATIC: SR1E2Mu/JetEn_Down/NMinusOne/nbjet_ge1/pair/mass in Skim_TriLep_TTG.root
2026-08-19 12:39:00,123 - INFO - [2018] MISSING_SYSTEMATIC: SR1E2Mu/JetRes_Up/NMinusOne/nbjet_ge1/pair/mass in Skim_TriLep_TTG.root
2026-08-19 12:39:00,123 - INFO - [2018] MISSING_SYSTEMATIC: SR1E2Mu/JetRes_Down/NMinusOne/nbjet_ge1/pair/mass in Skim_TriLep_TTG.root
2026-08-19 12:39:00,124 - INFO - [2018] MISSING_SYSTEMATIC: SR1E2Mu/MuonEn_Up/NMinusOne/nbjet_ge1/pair/mass in Skim_TriLep_TTG.root
2026-08-19 12:39:00,124 - INFO - [2018] MISSING_SYSTEMATIC: SR1E2Mu/MuonEn_Down/NMinusOne/nbjet_ge1/pair/mass in Skim_TriLep_TTG.root
2026-08-19 12:39:00,125 - INFO - [2018] MISSING_SYSTEMATIC: SR1E2Mu/ElectronEn_Up/NMinusOne/nbjet_ge1/pair/mass in Skim_TriLep_TTG.root
2026-08-19 12:39:00,125 - INFO - [2018] MISSING_SYSTEMATIC: SR1E2Mu/ElectronEn_Down/NMinusOne/nbjet_ge1/pair/mass in Skim_TriLep_TTG.root
2026-08-19 12:39:00,125 - INFO - [2018] MISSING_SYSTEMATIC: SR1E2Mu/ElectronRes_Up/NMinusOne/nbjet_ge1/pair/mass in Skim_TriLep_TTG.root
2026-08-19 12:39:00,125 - INFO - [2018] MISSING_SYSTEMATIC: SR1E2Mu/ElectronRes_Down/NMinusOne/nbjet_ge1/pair/mass in Skim_TriLep_TTG.root
2026-08-19 12:39:00,126 - INFO - [2018] MISSING_SYSTEMATIC: SR1E2Mu/UnclusteredEn_Up/NMinusOne/nbjet_ge1/pair/mass in Skim_TriLep_TTG.root
2026-08-19 12:39:00,126 - INFO - [2018] MISSING_SYSTEMATIC: SR1E2Mu/UnclusteredEn_Down/NMinusOne/nbjet_ge1/pair/mass in Skim_TriLep_TTG.root
2026-08-19 12:39:00,127 - INFO - [2018] MISSING_SYSTEMATIC: SR1E2Mu/BtagSF_HFcorr_Up/NMinusOne/nbjet_ge1/pair/mass in Skim_TriLep_TTG.root
2026-08-19 12:39:00,127 - INFO - [2018] MISSING_SYSTEMATIC: SR1E2Mu/BtagSF_HFcorr_Down/NMinusOne/nbjet_ge1/pair/mass in Skim_TriLep_TTG.root
2026-08-19 12:39:00,127 - INFO - [2018] MISSING_SYSTEMATIC: SR1E2Mu/BtagSF_HFuncorr_Up/NMinusOne/nbjet_ge1/pair/mass in Skim_TriLep_TTG.root
2026-08-19 12:39:00,127 - INFO - [2018] MISSING_SYSTEMATIC: SR1E2Mu/BtagSF_HFuncorr_Down/NMinusOne/nbjet_ge1/pair/mass in Skim_TriLep_TTG.root
2026-08-19 12:39:00,128 - INFO - [2018] MISSING_SYSTEMATIC: SR1E2Mu/BtagSF_LFcorr_Up/NMinusOne/nbjet_ge1/pair/mass in Skim_TriLep_TTG.root
2026-08-19 12:39:00,128 - INFO - [2018] MISSING_SYSTEMATIC: SR1E2Mu/BtagSF_LFcorr_Down/NMinusOne/nbjet_ge1/pair/mass in Skim_TriLep_TTG.root
2026-08-19 12:39:00,128 - INFO - [2018] MISSING_SYSTEMATIC: SR1E2Mu/BtagSF_LFuncorr_Up/NMinusOne/nbjet_ge1/pair/mass in Skim_TriLep_TTG.root
2026-08-19 12:39:00,128 - INFO - [2018] MISSING_SYSTEMATIC: SR1E2Mu/BtagSF_LFuncorr_Down/NMinusOne/nbjet_ge1/pair/mass in Skim_TriLep_TTG.root
2026-08-19 12:39:00,129 - INFO - [2018] MISSING_SYSTEMATIC: SR1E2Mu/L1Prefire_Up/NMinusOne/nbjet_ge1/pair/mass in Skim_TriLep_WWG.root
2026-08-19 12:39:00,130 - INFO - [2018] MISSING_SYSTEMATIC: SR1E2Mu/L1Prefire_Down/NMinusOne/nbjet_ge1/pair/mass in Skim_TriLep_WWG.root
2026-08-19 12:39:00,130 - INFO - [2018] MISSING_SYSTEMATIC: SR1E2Mu/PileupReweight_Up/NMinusOne/nbjet_ge1/pair/mass in Skim_TriLep_WWG.root
2026-08-19 12:39:00,130 - INFO - [2018] MISSING_SYSTEMATIC: SR1E2Mu/PileupReweight_Down/NMinusOne/nbjet_ge1/pair/mass in Skim_TriLep_WWG.root
2026-08-19 12:39:00,131 - INFO - [2018] MISSING_SYSTEMATIC: SR1E2Mu/PileupJetIDSF_Up/NMinusOne/nbjet_ge1/pair/mass in Skim_TriLep_WWG.root
2026-08-19 12:39:00,131 - INFO - [2018] MISSING_SYSTEMATIC: SR1E2Mu/PileupJetIDSF_Down/NMinusOne/nbjet_ge1/pair/mass in Skim_TriLep_WWG.root
2026-08-19 12:39:00,131 - INFO - [2018] MISSING_SYSTEMATIC: SR1E2Mu/MuonIDSF_Up/NMinusOne/nbjet_ge1/pair/mass in Skim_TriLep_WWG.root
2026-08-19 12:39:00,131 - INFO - [2018] MISSING_SYSTEMATIC: SR1E2Mu/MuonIDSF_Down/NMinusOne/nbjet_ge1/pair/mass in Skim_TriLep_WWG.root
2026-08-19 12:39:00,132 - INFO - [2018] MISSING_SYSTEMATIC: SR1E2Mu/ElectronRecoSF_Up/NMinusOne/nbjet_ge1/pair/mass in Skim_TriLep_WWG.root
2026-08-19 12:39:00,132 - INFO - [2018] MISSING_SYSTEMATIC: SR1E2Mu/ElectronRecoSF_Down/NMinusOne/nbjet_ge1/pair/mass in Skim_TriLep_WWG.root
2026-08-19 12:39:00,133 - INFO - [2018] MISSING_SYSTEMATIC: SR1E2Mu/ElectronIDSF_Up/NMinusOne/nbjet_ge1/pair/mass in Skim_TriLep_WWG.root
2026-08-19 12:39:00,133 - INFO - [2018] MISSING_SYSTEMATIC: SR1E2Mu/ElectronIDSF_Down/NMinusOne/nbjet_ge1/pair/mass in Skim_TriLep_WWG.root
2026-08-19 12:39:00,133 - INFO - [2018] MISSING_SYSTEMATIC: SR1E2Mu/EMuTrigSF_Up/NMinusOne/nbjet_ge1/pair/mass in Skim_TriLep_WWG.root
2026-08-19 12:39:00,133 - INFO - [2018] MISSING_SYSTEMATIC: SR1E2Mu/EMuTrigSF_Down/NMinusOne/nbjet_ge1/pair/mass in Skim_TriLep_WWG.root
2026-08-19 12:39:00,134 - INFO - [2018] MISSING_SYSTEMATIC: SR1E2Mu/JetEn_Up/NMinusOne/nbjet_ge1/pair/mass in Skim_TriLep_WWG.root
2026-08-19 12:39:00,134 - INFO - [2018] MISSING_SYSTEMATIC: SR1E2Mu/JetEn_Down/NMinusOne/nbjet_ge1/pair/mass in Skim_TriLep_WWG.root
2026-08-19 12:39:00,134 - INFO - [2018] MISSING_SYSTEMATIC: SR1E2Mu/JetRes_Up/NMinusOne/nbjet_ge1/pair/mass in Skim_TriLep_WWG.root
2026-08-19 12:39:00,134 - INFO - [2018] MISSING_SYSTEMATIC: SR1E2Mu/JetRes_Down/NMinusOne/nbjet_ge1/pair/mass in Skim_TriLep_WWG.root
2026-08-19 12:39:00,135 - INFO - [2018] MISSING_SYSTEMATIC: SR1E2Mu/MuonEn_Up/NMinusOne/nbjet_ge1/pair/mass in Skim_TriLep_WWG.root
2026-08-19 12:39:00,135 - INFO - [2018] MISSING_SYSTEMATIC: SR1E2Mu/MuonEn_Down/NMinusOne/nbjet_ge1/pair/mass in Skim_TriLep_WWG.root
2026-08-19 12:39:00,136 - INFO - [2018] MISSING_SYSTEMATIC: SR1E2Mu/ElectronEn_Up/NMinusOne/nbjet_ge1/pair/mass in Skim_TriLep_WWG.root
2026-08-19 12:39:00,136 - INFO - [2018] MISSING_SYSTEMATIC: SR1E2Mu/ElectronEn_Down/NMinusOne/nbjet_ge1/pair/mass in Skim_TriLep_WWG.root
2026-08-19 12:39:00,136 - INFO - [2018] MISSING_SYSTEMATIC: SR1E2Mu/ElectronRes_Up/NMinusOne/nbjet_ge1/pair/mass in Skim_TriLep_WWG.root
2026-08-19 12:39:00,136 - INFO - [2018] MISSING_SYSTEMATIC: SR1E2Mu/ElectronRes_Down/NMinusOne/nbjet_ge1/pair/mass in Skim_TriLep_WWG.root
2026-08-19 12:39:00,137 - INFO - [2018] MISSING_SYSTEMATIC: SR1E2Mu/UnclusteredEn_Up/NMinusOne/nbjet_ge1/pair/mass in Skim_TriLep_WWG.root
2026-08-19 12:39:00,137 - INFO - [2018] MISSING_SYSTEMATIC: SR1E2Mu/UnclusteredEn_Down/NMinusOne/nbjet_ge1/pair/mass in Skim_TriLep_WWG.root
2026-08-19 12:39:00,137 - INFO - [2018] MISSING_SYSTEMATIC: SR1E2Mu/BtagSF_HFcorr_Up/NMinusOne/nbjet_ge1/pair/mass in Skim_TriLep_WWG.root
2026-08-19 12:39:00,138 - INFO - [2018] MISSING_SYSTEMATIC: SR1E2Mu/BtagSF_HFcorr_Down/NMinusOne/nbjet_ge1/pair/mass in Skim_TriLep_WWG.root
2026-08-19 12:39:00,138 - INFO - [2018] MISSING_SYSTEMATIC: SR1E2Mu/BtagSF_HFuncorr_Up/NMinusOne/nbjet_ge1/pair/mass in Skim_TriLep_WWG.root
2026-08-19 12:39:00,138 - INFO - [2018] MISSING_SYSTEMATIC: SR1E2Mu/BtagSF_HFuncorr_Down/NMinusOne/nbjet_ge1/pair/mass in Skim_TriLep_WWG.root
2026-08-19 12:39:00,139 - INFO - [2018] MISSING_SYSTEMATIC: SR1E2Mu/BtagSF_LFcorr_Up/NMinusOne/nbjet_ge1/pair/mass in Skim_TriLep_WWG.root
2026-08-19 12:39:00,139 - INFO - [2018] MISSING_SYSTEMATIC: SR1E2Mu/BtagSF_LFcorr_Down/NMinusOne/nbjet_ge1/pair/mass in Skim_TriLep_WWG.root
2026-08-19 12:39:00,139 - INFO - [2018] MISSING_SYSTEMATIC: SR1E2Mu/BtagSF_LFuncorr_Up/NMinusOne/nbjet_ge1/pair/mass in Skim_TriLep_WWG.root
2026-08-19 12:39:00,139 - INFO - [2018] MISSING_SYSTEMATIC: SR1E2Mu/BtagSF_LFuncorr_Down/NMinusOne/nbjet_ge1/pair/mass in Skim_TriLep_WWG.root
2026-08-19 12:39:00,140 - INFO - [2018] MISSING_SYSTEMATIC: SR1E2Mu/L1Prefire_Up/NMinusOne/nbjet_ge1/pair/mass in Skim_TriLep_TTWToLNu.root
2026-08-19 12:39:00,141 - INFO - [2018] MISSING_SYSTEMATIC: SR1E2Mu/L1Prefire_Down/NMinusOne/nbjet_ge1/pair/mass in Skim_TriLep_TTWToLNu.root
2026-08-19 12:39:00,141 - INFO - [2018] MISSING_SYSTEMATIC: SR1E2Mu/PileupReweight_Up/NMinusOne/nbjet_ge1/pair/mass in Skim_TriLep_TTWToLNu.root
2026-08-19 12:39:00,141 - INFO - [2018] MISSING_SYSTEMATIC: SR1E2Mu/PileupReweight_Down/NMinusOne/nbjet_ge1/pair/mass in Skim_TriLep_TTWToLNu.root
2026-08-19 12:39:00,142 - INFO - [2018] MISSING_SYSTEMATIC: SR1E2Mu/PileupJetIDSF_Up/NMinusOne/nbjet_ge1/pair/mass in Skim_TriLep_TTWToLNu.root
2026-08-19 12:39:00,142 - INFO - [2018] MISSING_SYSTEMATIC: SR1E2Mu/PileupJetIDSF_Down/NMinusOne/nbjet_ge1/pair/mass in Skim_TriLep_TTWToLNu.root
2026-08-19 12:39:00,142 - INFO - [2018] MISSING_SYSTEMATIC: SR1E2Mu/MuonIDSF_Up/NMinusOne/nbjet_ge1/pair/mass in Skim_TriLep_TTWToLNu.root
2026-08-19 12:39:00,143 - INFO - [2018] MISSING_SYSTEMATIC: SR1E2Mu/MuonIDSF_Down/NMinusOne/nbjet_ge1/pair/mass in Skim_TriLep_TTWToLNu.root
2026-08-19 12:39:00,143 - INFO - [2018] MISSING_SYSTEMATIC: SR1E2Mu/ElectronRecoSF_Up/NMinusOne/nbjet_ge1/pair/mass in Skim_TriLep_TTWToLNu.root
2026-08-19 12:39:00,143 - INFO - [2018] MISSING_SYSTEMATIC: SR1E2Mu/ElectronRecoSF_Down/NMinusOne/nbjet_ge1/pair/mass in Skim_TriLep_TTWToLNu.root
2026-08-19 12:39:00,144 - INFO - [2018] MISSING_SYSTEMATIC: SR1E2Mu/ElectronIDSF_Up/NMinusOne/nbjet_ge1/pair/mass in Skim_TriLep_TTWToLNu.root
2026-08-19 12:39:00,144 - INFO - [2018] MISSING_SYSTEMATIC: SR1E2Mu/ElectronIDSF_Down/NMinusOne/nbjet_ge1/pair/mass in Skim_TriLep_TTWToLNu.root
2026-08-19 12:39:00,145 - INFO - [2018] MISSING_SYSTEMATIC: SR1E2Mu/EMuTrigSF_Up/NMinusOne/nbjet_ge1/pair/mass in Skim_TriLep_TTWToLNu.root
2026-08-19 12:39:00,145 - INFO - [2018] MISSING_SYSTEMATIC: SR1E2Mu/EMuTrigSF_Down/NMinusOne/nbjet_ge1/pair/mass in Skim_TriLep_TTWToLNu.root
2026-08-19 12:39:00,145 - INFO - [2018] MISSING_SYSTEMATIC: SR1E2Mu/JetEn_Up/NMinusOne/nbjet_ge1/pair/mass in Skim_TriLep_TTWToLNu.root
2026-08-19 12:39:00,145 - INFO - [2018] MISSING_SYSTEMATIC: SR1E2Mu/JetEn_Down/NMinusOne/nbjet_ge1/pair/mass in Skim_TriLep_TTWToLNu.root
2026-08-19 12:39:00,146 - INFO - [2018] MISSING_SYSTEMATIC: SR1E2Mu/JetRes_Up/NMinusOne/nbjet_ge1/pair/mass in Skim_TriLep_TTWToLNu.root
2026-08-19 12:39:00,146 - INFO - [2018] MISSING_SYSTEMATIC: SR1E2Mu/JetRes_Down/NMinusOne/nbjet_ge1/pair/mass in Skim_TriLep_TTWToLNu.root
2026-08-19 12:39:00,147 - INFO - [2018] MISSING_SYSTEMATIC: SR1E2Mu/MuonEn_Up/NMinusOne/nbjet_ge1/pair/mass in Skim_TriLep_TTWToLNu.root
2026-08-19 12:39:00,147 - INFO - [2018] MISSING_SYSTEMATIC: SR1E2Mu/MuonEn_Down/NMinusOne/nbjet_ge1/pair/mass in Skim_TriLep_TTWToLNu.root
2026-08-19 12:39:00,147 - INFO - [2018] MISSING_SYSTEMATIC: SR1E2Mu/ElectronEn_Up/NMinusOne/nbjet_ge1/pair/mass in Skim_TriLep_TTWToLNu.root
2026-08-19 12:39:00,147 - INFO - [2018] MISSING_SYSTEMATIC: SR1E2Mu/ElectronEn_Down/NMinusOne/nbjet_ge1/pair/mass in Skim_TriLep_TTWToLNu.root
2026-08-19 12:39:00,148 - INFO - [2018] MISSING_SYSTEMATIC: SR1E2Mu/ElectronRes_Up/NMinusOne/nbjet_ge1/pair/mass in Skim_TriLep_TTWToLNu.root
2026-08-19 12:39:00,148 - INFO - [2018] MISSING_SYSTEMATIC: SR1E2Mu/ElectronRes_Down/NMinusOne/nbjet_ge1/pair/mass in Skim_TriLep_TTWToLNu.root
2026-08-19 12:39:00,148 - INFO - [2018] MISSING_SYSTEMATIC: SR1E2Mu/UnclusteredEn_Up/NMinusOne/nbjet_ge1/pair/mass in Skim_TriLep_TTWToLNu.root
2026-08-19 12:39:00,149 - INFO - [2018] MISSING_SYSTEMATIC: SR1E2Mu/UnclusteredEn_Down/NMinusOne/nbjet_ge1/pair/mass in Skim_TriLep_TTWToLNu.root
2026-08-19 12:39:00,149 - INFO - [2018] MISSING_SYSTEMATIC: SR1E2Mu/BtagSF_HFcorr_Up/NMinusOne/nbjet_ge1/pair/mass in Skim_TriLep_TTWToLNu.root
2026-08-19 12:39:00,149 - INFO - [2018] MISSING_SYSTEMATIC: SR1E2Mu/BtagSF_HFcorr_Down/NMinusOne/nbjet_ge1/pair/mass in Skim_TriLep_TTWToLNu.root
2026-08-19 12:39:00,150 - INFO - [2018] MISSING_SYSTEMATIC: SR1E2Mu/BtagSF_HFuncorr_Up/NMinusOne/nbjet_ge1/pair/mass in Skim_TriLep_TTWToLNu.root
2026-08-19 12:39:00,150 - INFO - [2018] MISSING_SYSTEMATIC: SR1E2Mu/BtagSF_HFuncorr_Down/NMinusOne/nbjet_ge1/pair/mass in Skim_TriLep_TTWToLNu.root
2026-08-19 12:39:00,150 - INFO - [2018] MISSING_SYSTEMATIC: SR1E2Mu/BtagSF_LFcorr_Up/NMinusOne/nbjet_ge1/pair/mass in Skim_TriLep_TTWToLNu.root
2026-08-19 12:39:00,150 - INFO - [2018] MISSING_SYSTEMATIC: SR1E2Mu/BtagSF_LFcorr_Down/NMinusOne/nbjet_ge1/pair/mass in Skim_TriLep_TTWToLNu.root
2026-08-19 12:39:00,151 - INFO - [2018] MISSING_SYSTEMATIC: SR1E2Mu/BtagSF_LFuncorr_Up/NMinusOne/nbjet_ge1/pair/mass in Skim_TriLep_TTWToLNu.root
2026-08-19 12:39:00,151 - INFO - [2018] MISSING_SYSTEMATIC: SR1E2Mu/BtagSF_LFuncorr_Down/NMinusOne/nbjet_ge1/pair/mass in Skim_TriLep_TTWToLNu.root
2026-08-19 12:39:00,152 - INFO - [2018] MISSING_SYSTEMATIC: SR1E2Mu/L1Prefire_Up/NMinusOne/nbjet_ge1/pair/mass in Skim_TriLep_TTZToLLNuNu.root
2026-08-19 12:39:00,152 - INFO - [2018] MISSING_SYSTEMATIC: SR1E2Mu/L1Prefire_Down/NMinusOne/nbjet_ge1/pair/mass in Skim_TriLep_TTZToLLNuNu.root
2026-08-19 12:39:00,153 - INFO - [2018] MISSING_SYSTEMATIC: SR1E2Mu/PileupReweight_Up/NMinusOne/nbjet_ge1/pair/mass in Skim_TriLep_TTZToLLNuNu.root
2026-08-19 12:39:00,153 - INFO - [2018] MISSING_SYSTEMATIC: SR1E2Mu/PileupReweight_Down/NMinusOne/nbjet_ge1/pair/mass in Skim_TriLep_TTZToLLNuNu.root
2026-08-19 12:39:00,153 - INFO - [2018] MISSING_SYSTEMATIC: SR1E2Mu/PileupJetIDSF_Up/NMinusOne/nbjet_ge1/pair/mass in Skim_TriLep_TTZToLLNuNu.root
2026-08-19 12:39:00,154 - INFO - [2018] MISSING_SYSTEMATIC: SR1E2Mu/PileupJetIDSF_Down/NMinusOne/nbjet_ge1/pair/mass in Skim_TriLep_TTZToLLNuNu.root
2026-08-19 12:39:00,154 - INFO - [2018] MISSING_SYSTEMATIC: SR1E2Mu/MuonIDSF_Up/NMinusOne/nbjet_ge1/pair/mass in Skim_TriLep_TTZToLLNuNu.root
2026-08-19 12:39:00,154 - INFO - [2018] MISSING_SYSTEMATIC: SR1E2Mu/MuonIDSF_Down/NMinusOne/nbjet_ge1/pair/mass in Skim_TriLep_TTZToLLNuNu.root
2026-08-19 12:39:00,155 - INFO - [2018] MISSING_SYSTEMATIC: SR1E2Mu/ElectronRecoSF_Up/NMinusOne/nbjet_ge1/pair/mass in Skim_TriLep_TTZToLLNuNu.root
2026-08-19 12:39:00,155 - INFO - [2018] MISSING_SYSTEMATIC: SR1E2Mu/ElectronRecoSF_Down/NMinusOne/nbjet_ge1/pair/mass in Skim_TriLep_TTZToLLNuNu.root
2026-08-19 12:39:00,155 - INFO - [2018] MISSING_SYSTEMATIC: SR1E2Mu/ElectronIDSF_Up/NMinusOne/nbjet_ge1/pair/mass in Skim_TriLep_TTZToLLNuNu.root
2026-08-19 12:39:00,155 - INFO - [2018] MISSING_SYSTEMATIC: SR1E2Mu/ElectronIDSF_Down/NMinusOne/nbjet_ge1/pair/mass in Skim_TriLep_TTZToLLNuNu.root
2026-08-19 12:39:00,156 - INFO - [2018] MISSING_SYSTEMATIC: SR1E2Mu/EMuTrigSF_Up/NMinusOne/nbjet_ge1/pair/mass in Skim_TriLep_TTZToLLNuNu.root
2026-08-19 12:39:00,156 - INFO - [2018] MISSING_SYSTEMATIC: SR1E2Mu/EMuTrigSF_Down/NMinusOne/nbjet_ge1/pair/mass in Skim_TriLep_TTZToLLNuNu.root
2026-08-19 12:39:00,157 - INFO - [2018] MISSING_SYSTEMATIC: SR1E2Mu/JetEn_Up/NMinusOne/nbjet_ge1/pair/mass in Skim_TriLep_TTZToLLNuNu.root
2026-08-19 12:39:00,157 - INFO - [2018] MISSING_SYSTEMATIC: SR1E2Mu/JetEn_Down/NMinusOne/nbjet_ge1/pair/mass in Skim_TriLep_TTZToLLNuNu.root
2026-08-19 12:39:00,157 - INFO - [2018] MISSING_SYSTEMATIC: SR1E2Mu/JetRes_Up/NMinusOne/nbjet_ge1/pair/mass in Skim_TriLep_TTZToLLNuNu.root
2026-08-19 12:39:00,157 - INFO - [2018] MISSING_SYSTEMATIC: SR1E2Mu/JetRes_Down/NMinusOne/nbjet_ge1/pair/mass in Skim_TriLep_TTZToLLNuNu.root
2026-08-19 12:39:00,158 - INFO - [2018] MISSING_SYSTEMATIC: SR1E2Mu/MuonEn_Up/NMinusOne/nbjet_ge1/pair/mass in Skim_TriLep_TTZToLLNuNu.root
2026-08-19 12:39:00,158 - INFO - [2018] MISSING_SYSTEMATIC: SR1E2Mu/MuonEn_Down/NMinusOne/nbjet_ge1/pair/mass in Skim_TriLep_TTZToLLNuNu.root
2026-08-19 12:39:00,159 - INFO - [2018] MISSING_SYSTEMATIC: SR1E2Mu/ElectronEn_Up/NMinusOne/nbjet_ge1/pair/mass in Skim_TriLep_TTZToLLNuNu.root
2026-08-19 12:39:00,159 - INFO - [2018] MISSING_SYSTEMATIC: SR1E2Mu/ElectronEn_Down/NMinusOne/nbjet_ge1/pair/mass in Skim_TriLep_TTZToLLNuNu.root
2026-08-19 12:39:00,159 - INFO - [2018] MISSING_SYSTEMATIC: SR1E2Mu/ElectronRes_Up/NMinusOne/nbjet_ge1/pair/mass in Skim_TriLep_TTZToLLNuNu.root
2026-08-19 12:39:00,159 - INFO - [2018] MISSING_SYSTEMATIC: SR1E2Mu/ElectronRes_Down/NMinusOne/nbjet_ge1/pair/mass in Skim_TriLep_TTZToLLNuNu.root
2026-08-19 12:39:00,160 - INFO - [2018] MISSING_SYSTEMATIC: SR1E2Mu/UnclusteredEn_Up/NMinusOne/nbjet_ge1/pair/mass in Skim_TriLep_TTZToLLNuNu.root
2026-08-19 12:39:00,160 - INFO - [2018] MISSING_SYSTEMATIC: SR1E2Mu/UnclusteredEn_Down/NMinusOne/nbjet_ge1/pair/mass in Skim_TriLep_TTZToLLNuNu.root
2026-08-19 12:39:00,160 - INFO - [2018] MISSING_SYSTEMATIC: SR1E2Mu/BtagSF_HFcorr_Up/NMinusOne/nbjet_ge1/pair/mass in Skim_TriLep_TTZToLLNuNu.root
2026-08-19 12:39:00,161 - INFO - [2018] MISSING_SYSTEMATIC: SR1E2Mu/BtagSF_HFcorr_Down/NMinusOne/nbjet_ge1/pair/mass in Skim_TriLep_TTZToLLNuNu.root
2026-08-19 12:39:00,161 - INFO - [2018] MISSING_SYSTEMATIC: SR1E2Mu/BtagSF_HFuncorr_Up/NMinusOne/nbjet_ge1/pair/mass in Skim_TriLep_TTZToLLNuNu.root
2026-08-19 12:39:00,161 - INFO - [2018] MISSING_SYSTEMATIC: SR1E2Mu/BtagSF_HFuncorr_Down/NMinusOne/nbjet_ge1/pair/mass in Skim_TriLep_TTZToLLNuNu.root
2026-08-19 12:39:00,162 - INFO - [2018] MISSING_SYSTEMATIC: SR1E2Mu/BtagSF_LFcorr_Up/NMinusOne/nbjet_ge1/pair/mass in Skim_TriLep_TTZToLLNuNu.root
2026-08-19 12:39:00,162 - INFO - [2018] MISSING_SYSTEMATIC: SR1E2Mu/BtagSF_LFcorr_Down/NMinusOne/nbjet_ge1/pair/mass in Skim_TriLep_TTZToLLNuNu.root
2026-08-19 12:39:00,162 - INFO - [2018] MISSING_SYSTEMATIC: SR1E2Mu/BtagSF_LFuncorr_Up/NMinusOne/nbjet_ge1/pair/mass in Skim_TriLep_TTZToLLNuNu.root
2026-08-19 12:39:00,162 - INFO - [2018] MISSING_SYSTEMATIC: SR1E2Mu/BtagSF_LFuncorr_Down/NMinusOne/nbjet_ge1/pair/mass in Skim_TriLep_TTZToLLNuNu.root
2026-08-19 12:39:00,164 - INFO - [2018] MISSING_SYSTEMATIC: SR1E2Mu/L1Prefire_Up/NMinusOne/nbjet_ge1/pair/mass in Skim_TriLep_TTHToNonbb.root
2026-08-19 12:39:00,164 - INFO - [2018] MISSING_SYSTEMATIC: SR1E2Mu/L1Prefire_Down/NMinusOne/nbjet_ge1/pair/mass in Skim_TriLep_TTHToNonbb.root
2026-08-19 12:39:00,164 - INFO - [2018] MISSING_SYSTEMATIC: SR1E2Mu/PileupReweight_Up/NMinusOne/nbjet_ge1/pair/mass in Skim_TriLep_TTHToNonbb.root
2026-08-19 12:39:00,164 - INFO - [2018] MISSING_SYSTEMATIC: SR1E2Mu/PileupReweight_Down/NMinusOne/nbjet_ge1/pair/mass in Skim_TriLep_TTHToNonbb.root
2026-08-19 12:39:00,165 - INFO - [2018] MISSING_SYSTEMATIC: SR1E2Mu/PileupJetIDSF_Up/NMinusOne/nbjet_ge1/pair/mass in Skim_TriLep_TTHToNonbb.root
2026-08-19 12:39:00,165 - INFO - [2018] MISSING_SYSTEMATIC: SR1E2Mu/PileupJetIDSF_Down/NMinusOne/nbjet_ge1/pair/mass in Skim_TriLep_TTHToNonbb.root
2026-08-19 12:39:00,165 - INFO - [2018] MISSING_SYSTEMATIC: SR1E2Mu/MuonIDSF_Up/NMinusOne/nbjet_ge1/pair/mass in Skim_TriLep_TTHToNonbb.root
2026-08-19 12:39:00,165 - INFO - [2018] MISSING_SYSTEMATIC: SR1E2Mu/MuonIDSF_Down/NMinusOne/nbjet_ge1/pair/mass in Skim_TriLep_TTHToNonbb.root
2026-08-19 12:39:00,166 - INFO - [2018] MISSING_SYSTEMATIC: SR1E2Mu/ElectronRecoSF_Up/NMinusOne/nbjet_ge1/pair/mass in Skim_TriLep_TTHToNonbb.root
2026-08-19 12:39:00,166 - INFO - [2018] MISSING_SYSTEMATIC: SR1E2Mu/ElectronRecoSF_Down/NMinusOne/nbjet_ge1/pair/mass in Skim_TriLep_TTHToNonbb.root
2026-08-19 12:39:00,167 - INFO - [2018] MISSING_SYSTEMATIC: SR1E2Mu/ElectronIDSF_Up/NMinusOne/nbjet_ge1/pair/mass in Skim_TriLep_TTHToNonbb.root
2026-08-19 12:39:00,167 - INFO - [2018] MISSING_SYSTEMATIC: SR1E2Mu/ElectronIDSF_Down/NMinusOne/nbjet_ge1/pair/mass in Skim_TriLep_TTHToNonbb.root
2026-08-19 12:39:00,167 - INFO - [2018] MISSING_SYSTEMATIC: SR1E2Mu/EMuTrigSF_Up/NMinusOne/nbjet_ge1/pair/mass in Skim_TriLep_TTHToNonbb.root
2026-08-19 12:39:00,167 - INFO - [2018] MISSING_SYSTEMATIC: SR1E2Mu/EMuTrigSF_Down/NMinusOne/nbjet_ge1/pair/mass in Skim_TriLep_TTHToNonbb.root
2026-08-19 12:39:00,168 - INFO - [2018] MISSING_SYSTEMATIC: SR1E2Mu/JetEn_Up/NMinusOne/nbjet_ge1/pair/mass in Skim_TriLep_TTHToNonbb.root
2026-08-19 12:39:00,168 - INFO - [2018] MISSING_SYSTEMATIC: SR1E2Mu/JetEn_Down/NMinusOne/nbjet_ge1/pair/mass in Skim_TriLep_TTHToNonbb.root
2026-08-19 12:39:00,169 - INFO - [2018] MISSING_SYSTEMATIC: SR1E2Mu/JetRes_Up/NMinusOne/nbjet_ge1/pair/mass in Skim_TriLep_TTHToNonbb.root
2026-08-19 12:39:00,169 - INFO - [2018] MISSING_SYSTEMATIC: SR1E2Mu/JetRes_Down/NMinusOne/nbjet_ge1/pair/mass in Skim_TriLep_TTHToNonbb.root
2026-08-19 12:39:00,169 - INFO - [2018] MISSING_SYSTEMATIC: SR1E2Mu/MuonEn_Up/NMinusOne/nbjet_ge1/pair/mass in Skim_TriLep_TTHToNonbb.root
2026-08-19 12:39:00,169 - INFO - [2018] MISSING_SYSTEMATIC: SR1E2Mu/MuonEn_Down/NMinusOne/nbjet_ge1/pair/mass in Skim_TriLep_TTHToNonbb.root
2026-08-19 12:39:00,170 - INFO - [2018] MISSING_SYSTEMATIC: SR1E2Mu/ElectronEn_Up/NMinusOne/nbjet_ge1/pair/mass in Skim_TriLep_TTHToNonbb.root
2026-08-19 12:39:00,170 - INFO - [2018] MISSING_SYSTEMATIC: SR1E2Mu/ElectronEn_Down/NMinusOne/nbjet_ge1/pair/mass in Skim_TriLep_TTHToNonbb.root
2026-08-19 12:39:00,171 - INFO - [2018] MISSING_SYSTEMATIC: SR1E2Mu/ElectronRes_Up/NMinusOne/nbjet_ge1/pair/mass in Skim_TriLep_TTHToNonbb.root
2026-08-19 12:39:00,171 - INFO - [2018] MISSING_SYSTEMATIC: SR1E2Mu/ElectronRes_Down/NMinusOne/nbjet_ge1/pair/mass in Skim_TriLep_TTHToNonbb.root
2026-08-19 12:39:00,171 - INFO - [2018] MISSING_SYSTEMATIC: SR1E2Mu/UnclusteredEn_Up/NMinusOne/nbjet_ge1/pair/mass in Skim_TriLep_TTHToNonbb.root
2026-08-19 12:39:00,171 - INFO - [2018] MISSING_SYSTEMATIC: SR1E2Mu/UnclusteredEn_Down/NMinusOne/nbjet_ge1/pair/mass in Skim_TriLep_TTHToNonbb.root
2026-08-19 12:39:00,172 - INFO - [2018] MISSING_SYSTEMATIC: SR1E2Mu/BtagSF_HFcorr_Up/NMinusOne/nbjet_ge1/pair/mass in Skim_TriLep_TTHToNonbb.root
2026-08-19 12:39:00,172 - INFO - [2018] MISSING_SYSTEMATIC: SR1E2Mu/BtagSF_HFcorr_Down/NMinusOne/nbjet_ge1/pair/mass in Skim_TriLep_TTHToNonbb.root
2026-08-19 12:39:00,173 - INFO - [2018] MISSING_SYSTEMATIC: SR1E2Mu/BtagSF_HFuncorr_Up/NMinusOne/nbjet_ge1/pair/mass in Skim_TriLep_TTHToNonbb.root
2026-08-19 12:39:00,173 - INFO - [2018] MISSING_SYSTEMATIC: SR1E2Mu/BtagSF_HFuncorr_Down/NMinusOne/nbjet_ge1/pair/mass in Skim_TriLep_TTHToNonbb.root
2026-08-19 12:39:00,173 - INFO - [2018] MISSING_SYSTEMATIC: SR1E2Mu/BtagSF_LFcorr_Up/NMinusOne/nbjet_ge1/pair/mass in Skim_TriLep_TTHToNonbb.root
2026-08-19 12:39:00,173 - INFO - [2018] MISSING_SYSTEMATIC: SR1E2Mu/BtagSF_LFcorr_Down/NMinusOne/nbjet_ge1/pair/mass in Skim_TriLep_TTHToNonbb.root
2026-08-19 12:39:00,174 - INFO - [2018] MISSING_SYSTEMATIC: SR1E2Mu/BtagSF_LFuncorr_Up/NMinusOne/nbjet_ge1/pair/mass in Skim_TriLep_TTHToNonbb.root
2026-08-19 12:39:00,174 - INFO - [2018] MISSING_SYSTEMATIC: SR1E2Mu/BtagSF_LFuncorr_Down/NMinusOne/nbjet_ge1/pair/mass in Skim_TriLep_TTHToNonbb.root
2026-08-19 12:39:00,175 - INFO - [2018] MISSING_SYSTEMATIC: SR1E2Mu/L1Prefire_Up/NMinusOne/nbjet_ge1/pair/mass in Skim_TriLep_tZq.root
2026-08-19 12:39:00,175 - INFO - [2018] MISSING_SYSTEMATIC: SR1E2Mu/L1Prefire_Down/NMinusOne/nbjet_ge1/pair/mass in Skim_TriLep_tZq.root
2026-08-19 12:39:00,176 - INFO - [2018] MISSING_SYSTEMATIC: SR1E2Mu/PileupReweight_Up/NMinusOne/nbjet_ge1/pair/mass in Skim_TriLep_tZq.root
2026-08-19 12:39:00,176 - INFO - [2018] MISSING_SYSTEMATIC: SR1E2Mu/PileupReweight_Down/NMinusOne/nbjet_ge1/pair/mass in Skim_TriLep_tZq.root
2026-08-19 12:39:00,176 - INFO - [2018] MISSING_SYSTEMATIC: SR1E2Mu/PileupJetIDSF_Up/NMinusOne/nbjet_ge1/pair/mass in Skim_TriLep_tZq.root
2026-08-19 12:39:00,176 - INFO - [2018] MISSING_SYSTEMATIC: SR1E2Mu/PileupJetIDSF_Down/NMinusOne/nbjet_ge1/pair/mass in Skim_TriLep_tZq.root
2026-08-19 12:39:00,177 - INFO - [2018] MISSING_SYSTEMATIC: SR1E2Mu/MuonIDSF_Up/NMinusOne/nbjet_ge1/pair/mass in Skim_TriLep_tZq.root
2026-08-19 12:39:00,177 - INFO - [2018] MISSING_SYSTEMATIC: SR1E2Mu/MuonIDSF_Down/NMinusOne/nbjet_ge1/pair/mass in Skim_TriLep_tZq.root
2026-08-19 12:39:00,178 - INFO - [2018] MISSING_SYSTEMATIC: SR1E2Mu/ElectronRecoSF_Up/NMinusOne/nbjet_ge1/pair/mass in Skim_TriLep_tZq.root
2026-08-19 12:39:00,178 - INFO - [2018] MISSING_SYSTEMATIC: SR1E2Mu/ElectronRecoSF_Down/NMinusOne/nbjet_ge1/pair/mass in Skim_TriLep_tZq.root
2026-08-19 12:39:00,178 - INFO - [2018] MISSING_SYSTEMATIC: SR1E2Mu/ElectronIDSF_Up/NMinusOne/nbjet_ge1/pair/mass in Skim_TriLep_tZq.root
2026-08-19 12:39:00,178 - INFO - [2018] MISSING_SYSTEMATIC: SR1E2Mu/ElectronIDSF_Down/NMinusOne/nbjet_ge1/pair/mass in Skim_TriLep_tZq.root
2026-08-19 12:39:00,179 - INFO - [2018] MISSING_SYSTEMATIC: SR1E2Mu/EMuTrigSF_Up/NMinusOne/nbjet_ge1/pair/mass in Skim_TriLep_tZq.root
2026-08-19 12:39:00,179 - INFO - [2018] MISSING_SYSTEMATIC: SR1E2Mu/EMuTrigSF_Down/NMinusOne/nbjet_ge1/pair/mass in Skim_TriLep_tZq.root
2026-08-19 12:39:00,179 - INFO - [2018] MISSING_SYSTEMATIC: SR1E2Mu/JetEn_Up/NMinusOne/nbjet_ge1/pair/mass in Skim_TriLep_tZq.root
2026-08-19 12:39:00,179 - INFO - [2018] MISSING_SYSTEMATIC: SR1E2Mu/JetEn_Down/NMinusOne/nbjet_ge1/pair/mass in Skim_TriLep_tZq.root
2026-08-19 12:39:00,180 - INFO - [2018] MISSING_SYSTEMATIC: SR1E2Mu/JetRes_Up/NMinusOne/nbjet_ge1/pair/mass in Skim_TriLep_tZq.root
2026-08-19 12:39:00,180 - INFO - [2018] MISSING_SYSTEMATIC: SR1E2Mu/JetRes_Down/NMinusOne/nbjet_ge1/pair/mass in Skim_TriLep_tZq.root
2026-08-19 12:39:00,181 - INFO - [2018] MISSING_SYSTEMATIC: SR1E2Mu/MuonEn_Up/NMinusOne/nbjet_ge1/pair/mass in Skim_TriLep_tZq.root
2026-08-19 12:39:00,181 - INFO - [2018] MISSING_SYSTEMATIC: SR1E2Mu/MuonEn_Down/NMinusOne/nbjet_ge1/pair/mass in Skim_TriLep_tZq.root
2026-08-19 12:39:00,181 - INFO - [2018] MISSING_SYSTEMATIC: SR1E2Mu/ElectronEn_Up/NMinusOne/nbjet_ge1/pair/mass in Skim_TriLep_tZq.root
2026-08-19 12:39:00,181 - INFO - [2018] MISSING_SYSTEMATIC: SR1E2Mu/ElectronEn_Down/NMinusOne/nbjet_ge1/pair/mass in Skim_TriLep_tZq.root
2026-08-19 12:39:00,182 - INFO - [2018] MISSING_SYSTEMATIC: SR1E2Mu/ElectronRes_Up/NMinusOne/nbjet_ge1/pair/mass in Skim_TriLep_tZq.root
2026-08-19 12:39:00,182 - INFO - [2018] MISSING_SYSTEMATIC: SR1E2Mu/ElectronRes_Down/NMinusOne/nbjet_ge1/pair/mass in Skim_TriLep_tZq.root
2026-08-19 12:39:00,183 - INFO - [2018] MISSING_SYSTEMATIC: SR1E2Mu/UnclusteredEn_Up/NMinusOne/nbjet_ge1/pair/mass in Skim_TriLep_tZq.root
2026-08-19 12:39:00,183 - INFO - [2018] MISSING_SYSTEMATIC: SR1E2Mu/UnclusteredEn_Down/NMinusOne/nbjet_ge1/pair/mass in Skim_TriLep_tZq.root
2026-08-19 12:39:00,183 - INFO - [2018] MISSING_SYSTEMATIC: SR1E2Mu/BtagSF_HFcorr_Up/NMinusOne/nbjet_ge1/pair/mass in Skim_TriLep_tZq.root
2026-08-19 12:39:00,183 - INFO - [2018] MISSING_SYSTEMATIC: SR1E2Mu/BtagSF_HFcorr_Down/NMinusOne/nbjet_ge1/pair/mass in Skim_TriLep_tZq.root
2026-08-19 12:39:00,184 - INFO - [2018] MISSING_SYSTEMATIC: SR1E2Mu/BtagSF_HFuncorr_Up/NMinusOne/nbjet_ge1/pair/mass in Skim_TriLep_tZq.root
2026-08-19 12:39:00,184 - INFO - [2018] MISSING_SYSTEMATIC: SR1E2Mu/BtagSF_HFuncorr_Down/NMinusOne/nbjet_ge1/pair/mass in Skim_TriLep_tZq.root
2026-08-19 12:39:00,185 - INFO - [2018] MISSING_SYSTEMATIC: SR1E2Mu/BtagSF_LFcorr_Up/NMinusOne/nbjet_ge1/pair/mass in Skim_TriLep_tZq.root
2026-08-19 12:39:00,185 - INFO - [2018] MISSING_SYSTEMATIC: SR1E2Mu/BtagSF_LFcorr_Down/NMinusOne/nbjet_ge1/pair/mass in Skim_TriLep_tZq.root
2026-08-19 12:39:00,185 - INFO - [2018] MISSING_SYSTEMATIC: SR1E2Mu/BtagSF_LFuncorr_Up/NMinusOne/nbjet_ge1/pair/mass in Skim_TriLep_tZq.root
2026-08-19 12:39:00,185 - INFO - [2018] MISSING_SYSTEMATIC: SR1E2Mu/BtagSF_LFuncorr_Down/NMinusOne/nbjet_ge1/pair/mass in Skim_TriLep_tZq.root
2026-08-19 12:39:00,186 - INFO - [2018] MISSING_SYSTEMATIC: SR1E2Mu/L1Prefire_Up/NMinusOne/nbjet_ge1/pair/mass in Skim_TriLep_WZTo3LNu_amcatnlo.root
2026-08-19 12:39:00,186 - INFO - [2018] MISSING_SYSTEMATIC: SR1E2Mu/L1Prefire_Down/NMinusOne/nbjet_ge1/pair/mass in Skim_TriLep_WZTo3LNu_amcatnlo.root
2026-08-19 12:39:00,187 - INFO - [2018] MISSING_SYSTEMATIC: SR1E2Mu/PileupReweight_Up/NMinusOne/nbjet_ge1/pair/mass in Skim_TriLep_WZTo3LNu_amcatnlo.root
2026-08-19 12:39:00,187 - INFO - [2018] MISSING_SYSTEMATIC: SR1E2Mu/PileupReweight_Down/NMinusOne/nbjet_ge1/pair/mass in Skim_TriLep_WZTo3LNu_amcatnlo.root
2026-08-19 12:39:00,188 - INFO - [2018] MISSING_SYSTEMATIC: SR1E2Mu/PileupJetIDSF_Up/NMinusOne/nbjet_ge1/pair/mass in Skim_TriLep_WZTo3LNu_amcatnlo.root
2026-08-19 12:39:00,188 - INFO - [2018] MISSING_SYSTEMATIC: SR1E2Mu/PileupJetIDSF_Down/NMinusOne/nbjet_ge1/pair/mass in Skim_TriLep_WZTo3LNu_amcatnlo.root
2026-08-19 12:39:00,188 - INFO - [2018] MISSING_SYSTEMATIC: SR1E2Mu/MuonIDSF_Up/NMinusOne/nbjet_ge1/pair/mass in Skim_TriLep_WZTo3LNu_amcatnlo.root
2026-08-19 12:39:00,188 - INFO - [2018] MISSING_SYSTEMATIC: SR1E2Mu/MuonIDSF_Down/NMinusOne/nbjet_ge1/pair/mass in Skim_TriLep_WZTo3LNu_amcatnlo.root
2026-08-19 12:39:00,189 - INFO - [2018] MISSING_SYSTEMATIC: SR1E2Mu/ElectronRecoSF_Up/NMinusOne/nbjet_ge1/pair/mass in Skim_TriLep_WZTo3LNu_amcatnlo.root
2026-08-19 12:39:00,189 - INFO - [2018] MISSING_SYSTEMATIC: SR1E2Mu/ElectronRecoSF_Down/NMinusOne/nbjet_ge1/pair/mass in Skim_TriLep_WZTo3LNu_amcatnlo.root
2026-08-19 12:39:00,190 - INFO - [2018] MISSING_SYSTEMATIC: SR1E2Mu/ElectronIDSF_Up/NMinusOne/nbjet_ge1/pair/mass in Skim_TriLep_WZTo3LNu_amcatnlo.root
2026-08-19 12:39:00,190 - INFO - [2018] MISSING_SYSTEMATIC: SR1E2Mu/ElectronIDSF_Down/NMinusOne/nbjet_ge1/pair/mass in Skim_TriLep_WZTo3LNu_amcatnlo.root
2026-08-19 12:39:00,190 - INFO - [2018] MISSING_SYSTEMATIC: SR1E2Mu/EMuTrigSF_Up/NMinusOne/nbjet_ge1/pair/mass in Skim_TriLep_WZTo3LNu_amcatnlo.root
2026-08-19 12:39:00,190 - INFO - [2018] MISSING_SYSTEMATIC: SR1E2Mu/EMuTrigSF_Down/NMinusOne/nbjet_ge1/pair/mass in Skim_TriLep_WZTo3LNu_amcatnlo.root
2026-08-19 12:39:00,191 - INFO - [2018] MISSING_SYSTEMATIC: SR1E2Mu/JetEn_Up/NMinusOne/nbjet_ge1/pair/mass in Skim_TriLep_WZTo3LNu_amcatnlo.root
2026-08-19 12:39:00,191 - INFO - [2018] MISSING_SYSTEMATIC: SR1E2Mu/JetEn_Down/NMinusOne/nbjet_ge1/pair/mass in Skim_TriLep_WZTo3LNu_amcatnlo.root
2026-08-19 12:39:00,192 - INFO - [2018] MISSING_SYSTEMATIC: SR1E2Mu/JetRes_Up/NMinusOne/nbjet_ge1/pair/mass in Skim_TriLep_WZTo3LNu_amcatnlo.root
2026-08-19 12:39:00,192 - INFO - [2018] MISSING_SYSTEMATIC: SR1E2Mu/JetRes_Down/NMinusOne/nbjet_ge1/pair/mass in Skim_TriLep_WZTo3LNu_amcatnlo.root
2026-08-19 12:39:00,192 - INFO - [2018] MISSING_SYSTEMATIC: SR1E2Mu/MuonEn_Up/NMinusOne/nbjet_ge1/pair/mass in Skim_TriLep_WZTo3LNu_amcatnlo.root
2026-08-19 12:39:00,192 - INFO - [2018] MISSING_SYSTEMATIC: SR1E2Mu/MuonEn_Down/NMinusOne/nbjet_ge1/pair/mass in Skim_TriLep_WZTo3LNu_amcatnlo.root
2026-08-19 12:39:00,193 - INFO - [2018] MISSING_SYSTEMATIC: SR1E2Mu/ElectronEn_Up/NMinusOne/nbjet_ge1/pair/mass in Skim_TriLep_WZTo3LNu_amcatnlo.root
2026-08-19 12:39:00,193 - INFO - [2018] MISSING_SYSTEMATIC: SR1E2Mu/ElectronEn_Down/NMinusOne/nbjet_ge1/pair/mass in Skim_TriLep_WZTo3LNu_amcatnlo.root
2026-08-19 12:39:00,194 - INFO - [2018] MISSING_SYSTEMATIC: SR1E2Mu/ElectronRes_Up/NMinusOne/nbjet_ge1/pair/mass in Skim_TriLep_WZTo3LNu_amcatnlo.root
2026-08-19 12:39:00,194 - INFO - [2018] MISSING_SYSTEMATIC: SR1E2Mu/ElectronRes_Down/NMinusOne/nbjet_ge1/pair/mass in Skim_TriLep_WZTo3LNu_amcatnlo.root
2026-08-19 12:39:00,194 - INFO - [2018] MISSING_SYSTEMATIC: SR1E2Mu/UnclusteredEn_Up/NMinusOne/nbjet_ge1/pair/mass in Skim_TriLep_WZTo3LNu_amcatnlo.root
2026-08-19 12:39:00,194 - INFO - [2018] MISSING_SYSTEMATIC: SR1E2Mu/UnclusteredEn_Down/NMinusOne/nbjet_ge1/pair/mass in Skim_TriLep_WZTo3LNu_amcatnlo.root
2026-08-19 12:39:00,195 - INFO - [2018] MISSING_SYSTEMATIC: SR1E2Mu/BtagSF_HFcorr_Up/NMinusOne/nbjet_ge1/pair/mass in Skim_TriLep_WZTo3LNu_amcatnlo.root
2026-08-19 12:39:00,195 - INFO - [2018] MISSING_SYSTEMATIC: SR1E2Mu/BtagSF_HFcorr_Down/NMinusOne/nbjet_ge1/pair/mass in Skim_TriLep_WZTo3LNu_amcatnlo.root
2026-08-19 12:39:00,196 - INFO - [2018] MISSING_SYSTEMATIC: SR1E2Mu/BtagSF_HFuncorr_Up/NMinusOne/nbjet_ge1/pair/mass in Skim_TriLep_WZTo3LNu_amcatnlo.root
2026-08-19 12:39:00,196 - INFO - [2018] MISSING_SYSTEMATIC: SR1E2Mu/BtagSF_HFuncorr_Down/NMinusOne/nbjet_ge1/pair/mass in Skim_TriLep_WZTo3LNu_amcatnlo.root
2026-08-19 12:39:00,196 - INFO - [2018] MISSING_SYSTEMATIC: SR1E2Mu/BtagSF_LFcorr_Up/NMinusOne/nbjet_ge1/pair/mass in Skim_TriLep_WZTo3LNu_amcatnlo.root
2026-08-19 12:39:00,196 - INFO - [2018] MISSING_SYSTEMATIC: SR1E2Mu/BtagSF_LFcorr_Down/NMinusOne/nbjet_ge1/pair/mass in Skim_TriLep_WZTo3LNu_amcatnlo.root
2026-08-19 12:39:00,197 - INFO - [2018] MISSING_SYSTEMATIC: SR1E2Mu/BtagSF_LFuncorr_Up/NMinusOne/nbjet_ge1/pair/mass in Skim_TriLep_WZTo3LNu_amcatnlo.root
2026-08-19 12:39:00,197 - INFO - [2018] MISSING_SYSTEMATIC: SR1E2Mu/BtagSF_LFuncorr_Down/NMinusOne/nbjet_ge1/pair/mass in Skim_TriLep_WZTo3LNu_amcatnlo.root
2026-08-19 12:39:00,198 - INFO - [2018] MISSING_SYSTEMATIC: SR1E2Mu/L1Prefire_Up/NMinusOne/nbjet_ge1/pair/mass in Skim_TriLep_ZZTo4L_powheg.root
2026-08-19 12:39:00,198 - INFO - [2018] MISSING_SYSTEMATIC: SR1E2Mu/L1Prefire_Down/NMinusOne/nbjet_ge1/pair/mass in Skim_TriLep_ZZTo4L_powheg.root
2026-08-19 12:39:00,199 - INFO - [2018] MISSING_SYSTEMATIC: SR1E2Mu/PileupReweight_Up/NMinusOne/nbjet_ge1/pair/mass in Skim_TriLep_ZZTo4L_powheg.root
2026-08-19 12:39:00,199 - INFO - [2018] MISSING_SYSTEMATIC: SR1E2Mu/PileupReweight_Down/NMinusOne/nbjet_ge1/pair/mass in Skim_TriLep_ZZTo4L_powheg.root
2026-08-19 12:39:00,199 - INFO - [2018] MISSING_SYSTEMATIC: SR1E2Mu/PileupJetIDSF_Up/NMinusOne/nbjet_ge1/pair/mass in Skim_TriLep_ZZTo4L_powheg.root
2026-08-19 12:39:00,199 - INFO - [2018] MISSING_SYSTEMATIC: SR1E2Mu/PileupJetIDSF_Down/NMinusOne/nbjet_ge1/pair/mass in Skim_TriLep_ZZTo4L_powheg.root
2026-08-19 12:39:00,200 - INFO - [2018] MISSING_SYSTEMATIC: SR1E2Mu/MuonIDSF_Up/NMinusOne/nbjet_ge1/pair/mass in Skim_TriLep_ZZTo4L_powheg.root
2026-08-19 12:39:00,200 - INFO - [2018] MISSING_SYSTEMATIC: SR1E2Mu/MuonIDSF_Down/NMinusOne/nbjet_ge1/pair/mass in Skim_TriLep_ZZTo4L_powheg.root
2026-08-19 12:39:00,201 - INFO - [2018] MISSING_SYSTEMATIC: SR1E2Mu/ElectronRecoSF_Up/NMinusOne/nbjet_ge1/pair/mass in Skim_TriLep_ZZTo4L_powheg.root
2026-08-19 12:39:00,201 - INFO - [2018] MISSING_SYSTEMATIC: SR1E2Mu/ElectronRecoSF_Down/NMinusOne/nbjet_ge1/pair/mass in Skim_TriLep_ZZTo4L_powheg.root
2026-08-19 12:39:00,202 - INFO - [2018] MISSING_SYSTEMATIC: SR1E2Mu/ElectronIDSF_Up/NMinusOne/nbjet_ge1/pair/mass in Skim_TriLep_ZZTo4L_powheg.root
2026-08-19 12:39:00,202 - INFO - [2018] MISSING_SYSTEMATIC: SR1E2Mu/ElectronIDSF_Down/NMinusOne/nbjet_ge1/pair/mass in Skim_TriLep_ZZTo4L_powheg.root
2026-08-19 12:39:00,202 - INFO - [2018] MISSING_SYSTEMATIC: SR1E2Mu/EMuTrigSF_Up/NMinusOne/nbjet_ge1/pair/mass in Skim_TriLep_ZZTo4L_powheg.root
2026-08-19 12:39:00,202 - INFO - [2018] MISSING_SYSTEMATIC: SR1E2Mu/EMuTrigSF_Down/NMinusOne/nbjet_ge1/pair/mass in Skim_TriLep_ZZTo4L_powheg.root
2026-08-19 12:39:00,203 - INFO - [2018] MISSING_SYSTEMATIC: SR1E2Mu/JetEn_Up/NMinusOne/nbjet_ge1/pair/mass in Skim_TriLep_ZZTo4L_powheg.root
2026-08-19 12:39:00,203 - INFO - [2018] MISSING_SYSTEMATIC: SR1E2Mu/JetEn_Down/NMinusOne/nbjet_ge1/pair/mass in Skim_TriLep_ZZTo4L_powheg.root
2026-08-19 12:39:00,204 - INFO - [2018] MISSING_SYSTEMATIC: SR1E2Mu/JetRes_Up/NMinusOne/nbjet_ge1/pair/mass in Skim_TriLep_ZZTo4L_powheg.root
2026-08-19 12:39:00,204 - INFO - [2018] MISSING_SYSTEMATIC: SR1E2Mu/JetRes_Down/NMinusOne/nbjet_ge1/pair/mass in Skim_TriLep_ZZTo4L_powheg.root
2026-08-19 12:39:00,204 - INFO - [2018] MISSING_SYSTEMATIC: SR1E2Mu/MuonEn_Up/NMinusOne/nbjet_ge1/pair/mass in Skim_TriLep_ZZTo4L_powheg.root
2026-08-19 12:39:00,205 - INFO - [2018] MISSING_SYSTEMATIC: SR1E2Mu/MuonEn_Down/NMinusOne/nbjet_ge1/pair/mass in Skim_TriLep_ZZTo4L_powheg.root
2026-08-19 12:39:00,205 - INFO - [2018] MISSING_SYSTEMATIC: SR1E2Mu/ElectronEn_Up/NMinusOne/nbjet_ge1/pair/mass in Skim_TriLep_ZZTo4L_powheg.root
2026-08-19 12:39:00,205 - INFO - [2018] MISSING_SYSTEMATIC: SR1E2Mu/ElectronEn_Down/NMinusOne/nbjet_ge1/pair/mass in Skim_TriLep_ZZTo4L_powheg.root
2026-08-19 12:39:00,206 - INFO - [2018] MISSING_SYSTEMATIC: SR1E2Mu/ElectronRes_Up/NMinusOne/nbjet_ge1/pair/mass in Skim_TriLep_ZZTo4L_powheg.root
2026-08-19 12:39:00,206 - INFO - [2018] MISSING_SYSTEMATIC: SR1E2Mu/ElectronRes_Down/NMinusOne/nbjet_ge1/pair/mass in Skim_TriLep_ZZTo4L_powheg.root
2026-08-19 12:39:00,207 - INFO - [2018] MISSING_SYSTEMATIC: SR1E2Mu/UnclusteredEn_Up/NMinusOne/nbjet_ge1/pair/mass in Skim_TriLep_ZZTo4L_powheg.root
2026-08-19 12:39:00,207 - INFO - [2018] MISSING_SYSTEMATIC: SR1E2Mu/UnclusteredEn_Down/NMinusOne/nbjet_ge1/pair/mass in Skim_TriLep_ZZTo4L_powheg.root
2026-08-19 12:39:00,208 - INFO - [2018] MISSING_SYSTEMATIC: SR1E2Mu/BtagSF_HFcorr_Up/NMinusOne/nbjet_ge1/pair/mass in Skim_TriLep_ZZTo4L_powheg.root
2026-08-19 12:39:00,208 - INFO - [2018] MISSING_SYSTEMATIC: SR1E2Mu/BtagSF_HFcorr_Down/NMinusOne/nbjet_ge1/pair/mass in Skim_TriLep_ZZTo4L_powheg.root
2026-08-19 12:39:00,208 - INFO - [2018] MISSING_SYSTEMATIC: SR1E2Mu/BtagSF_HFuncorr_Up/NMinusOne/nbjet_ge1/pair/mass in Skim_TriLep_ZZTo4L_powheg.root
2026-08-19 12:39:00,208 - INFO - [2018] MISSING_SYSTEMATIC: SR1E2Mu/BtagSF_HFuncorr_Down/NMinusOne/nbjet_ge1/pair/mass in Skim_TriLep_ZZTo4L_powheg.root
2026-08-19 12:39:00,209 - INFO - [2018] MISSING_SYSTEMATIC: SR1E2Mu/BtagSF_LFcorr_Up/NMinusOne/nbjet_ge1/pair/mass in Skim_TriLep_ZZTo4L_powheg.root
2026-08-19 12:39:00,209 - INFO - [2018] MISSING_SYSTEMATIC: SR1E2Mu/BtagSF_LFcorr_Down/NMinusOne/nbjet_ge1/pair/mass in Skim_TriLep_ZZTo4L_powheg.root
2026-08-19 12:39:00,210 - INFO - [2018] MISSING_SYSTEMATIC: SR1E2Mu/BtagSF_LFuncorr_Up/NMinusOne/nbjet_ge1/pair/mass in Skim_TriLep_ZZTo4L_powheg.root
2026-08-19 12:39:00,210 - INFO - [2018] MISSING_SYSTEMATIC: SR1E2Mu/BtagSF_LFuncorr_Down/NMinusOne/nbjet_ge1/pair/mass in Skim_TriLep_ZZTo4L_powheg.root
2026-08-19 12:39:00,211 - INFO - [2018] MISSING_SYSTEMATIC: SR1E2Mu/L1Prefire_Up/NMinusOne/nbjet_ge1/pair/mass in Skim_TriLep_tHq.root
2026-08-19 12:39:00,211 - INFO - [2018] MISSING_SYSTEMATIC: SR1E2Mu/L1Prefire_Down/NMinusOne/nbjet_ge1/pair/mass in Skim_TriLep_tHq.root
2026-08-19 12:39:00,212 - INFO - [2018] MISSING_SYSTEMATIC: SR1E2Mu/PileupReweight_Up/NMinusOne/nbjet_ge1/pair/mass in Skim_TriLep_tHq.root
2026-08-19 12:39:00,212 - INFO - [2018] MISSING_SYSTEMATIC: SR1E2Mu/PileupReweight_Down/NMinusOne/nbjet_ge1/pair/mass in Skim_TriLep_tHq.root
2026-08-19 12:39:00,212 - INFO - [2018] MISSING_SYSTEMATIC: SR1E2Mu/PileupJetIDSF_Up/NMinusOne/nbjet_ge1/pair/mass in Skim_TriLep_tHq.root
2026-08-19 12:39:00,212 - INFO - [2018] MISSING_SYSTEMATIC: SR1E2Mu/PileupJetIDSF_Down/NMinusOne/nbjet_ge1/pair/mass in Skim_TriLep_tHq.root
2026-08-19 12:39:00,213 - INFO - [2018] MISSING_SYSTEMATIC: SR1E2Mu/MuonIDSF_Up/NMinusOne/nbjet_ge1/pair/mass in Skim_TriLep_tHq.root
2026-08-19 12:39:00,213 - INFO - [2018] MISSING_SYSTEMATIC: SR1E2Mu/MuonIDSF_Down/NMinusOne/nbjet_ge1/pair/mass in Skim_TriLep_tHq.root
2026-08-19 12:39:00,214 - INFO - [2018] MISSING_SYSTEMATIC: SR1E2Mu/ElectronRecoSF_Up/NMinusOne/nbjet_ge1/pair/mass in Skim_TriLep_tHq.root
2026-08-19 12:39:00,214 - INFO - [2018] MISSING_SYSTEMATIC: SR1E2Mu/ElectronRecoSF_Down/NMinusOne/nbjet_ge1/pair/mass in Skim_TriLep_tHq.root
2026-08-19 12:39:00,214 - INFO - [2018] MISSING_SYSTEMATIC: SR1E2Mu/ElectronIDSF_Up/NMinusOne/nbjet_ge1/pair/mass in Skim_TriLep_tHq.root
2026-08-19 12:39:00,214 - INFO - [2018] MISSING_SYSTEMATIC: SR1E2Mu/ElectronIDSF_Down/NMinusOne/nbjet_ge1/pair/mass in Skim_TriLep_tHq.root
2026-08-19 12:39:00,215 - INFO - [2018] MISSING_SYSTEMATIC: SR1E2Mu/EMuTrigSF_Up/NMinusOne/nbjet_ge1/pair/mass in Skim_TriLep_tHq.root
2026-08-19 12:39:00,215 - INFO - [2018] MISSING_SYSTEMATIC: SR1E2Mu/EMuTrigSF_Down/NMinusOne/nbjet_ge1/pair/mass in Skim_TriLep_tHq.root
2026-08-19 12:39:00,216 - INFO - [2018] MISSING_SYSTEMATIC: SR1E2Mu/JetEn_Up/NMinusOne/nbjet_ge1/pair/mass in Skim_TriLep_tHq.root
2026-08-19 12:39:00,216 - INFO - [2018] MISSING_SYSTEMATIC: SR1E2Mu/JetEn_Down/NMinusOne/nbjet_ge1/pair/mass in Skim_TriLep_tHq.root
2026-08-19 12:39:00,216 - INFO - [2018] MISSING_SYSTEMATIC: SR1E2Mu/JetRes_Up/NMinusOne/nbjet_ge1/pair/mass in Skim_TriLep_tHq.root
2026-08-19 12:39:00,216 - INFO - [2018] MISSING_SYSTEMATIC: SR1E2Mu/JetRes_Down/NMinusOne/nbjet_ge1/pair/mass in Skim_TriLep_tHq.root
2026-08-19 12:39:00,217 - INFO - [2018] MISSING_SYSTEMATIC: SR1E2Mu/MuonEn_Up/NMinusOne/nbjet_ge1/pair/mass in Skim_TriLep_tHq.root
2026-08-19 12:39:00,217 - INFO - [2018] MISSING_SYSTEMATIC: SR1E2Mu/MuonEn_Down/NMinusOne/nbjet_ge1/pair/mass in Skim_TriLep_tHq.root
2026-08-19 12:39:00,218 - INFO - [2018] MISSING_SYSTEMATIC: SR1E2Mu/ElectronEn_Up/NMinusOne/nbjet_ge1/pair/mass in Skim_TriLep_tHq.root
2026-08-19 12:39:00,218 - INFO - [2018] MISSING_SYSTEMATIC: SR1E2Mu/ElectronEn_Down/NMinusOne/nbjet_ge1/pair/mass in Skim_TriLep_tHq.root
2026-08-19 12:39:00,218 - INFO - [2018] MISSING_SYSTEMATIC: SR1E2Mu/ElectronRes_Up/NMinusOne/nbjet_ge1/pair/mass in Skim_TriLep_tHq.root
2026-08-19 12:39:00,218 - INFO - [2018] MISSING_SYSTEMATIC: SR1E2Mu/ElectronRes_Down/NMinusOne/nbjet_ge1/pair/mass in Skim_TriLep_tHq.root
2026-08-19 12:39:00,219 - INFO - [2018] MISSING_SYSTEMATIC: SR1E2Mu/UnclusteredEn_Up/NMinusOne/nbjet_ge1/pair/mass in Skim_TriLep_tHq.root
2026-08-19 12:39:00,219 - INFO - [2018] MISSING_SYSTEMATIC: SR1E2Mu/UnclusteredEn_Down/NMinusOne/nbjet_ge1/pair/mass in Skim_TriLep_tHq.root
2026-08-19 12:39:00,220 - INFO - [2018] MISSING_SYSTEMATIC: SR1E2Mu/BtagSF_HFcorr_Up/NMinusOne/nbjet_ge1/pair/mass in Skim_TriLep_tHq.root
2026-08-19 12:39:00,220 - INFO - [2018] MISSING_SYSTEMATIC: SR1E2Mu/BtagSF_HFcorr_Down/NMinusOne/nbjet_ge1/pair/mass in Skim_TriLep_tHq.root
2026-08-19 12:39:00,221 - INFO - [2018] MISSING_SYSTEMATIC: SR1E2Mu/BtagSF_HFuncorr_Up/NMinusOne/nbjet_ge1/pair/mass in Skim_TriLep_tHq.root
2026-08-19 12:39:00,221 - INFO - [2018] MISSING_SYSTEMATIC: SR1E2Mu/BtagSF_HFuncorr_Down/NMinusOne/nbjet_ge1/pair/mass in Skim_TriLep_tHq.root
2026-08-19 12:39:00,221 - INFO - [2018] MISSING_SYSTEMATIC: SR1E2Mu/BtagSF_LFcorr_Up/NMinusOne/nbjet_ge1/pair/mass in Skim_TriLep_tHq.root
2026-08-19 12:39:00,221 - INFO - [2018] MISSING_SYSTEMATIC: SR1E2Mu/BtagSF_LFcorr_Down/NMinusOne/nbjet_ge1/pair/mass in Skim_TriLep_tHq.root
2026-08-19 12:39:00,222 - INFO - [2018] MISSING_SYSTEMATIC: SR1E2Mu/BtagSF_LFuncorr_Up/NMinusOne/nbjet_ge1/pair/mass in Skim_TriLep_tHq.root
2026-08-19 12:39:00,222 - INFO - [2018] MISSING_SYSTEMATIC: SR1E2Mu/BtagSF_LFuncorr_Down/NMinusOne/nbjet_ge1/pair/mass in Skim_TriLep_tHq.root
2026-08-19 12:39:00,223 - INFO - [2018] MISSING_SYSTEMATIC: SR1E2Mu/L1Prefire_Up/NMinusOne/nbjet_ge1/pair/mass in Skim_TriLep_tHW.root
2026-08-19 12:39:00,223 - INFO - [2018] MISSING_SYSTEMATIC: SR1E2Mu/L1Prefire_Down/NMinusOne/nbjet_ge1/pair/mass in Skim_TriLep_tHW.root
2026-08-19 12:39:00,224 - INFO - [2018] MISSING_SYSTEMATIC: SR1E2Mu/PileupReweight_Up/NMinusOne/nbjet_ge1/pair/mass in Skim_TriLep_tHW.root
2026-08-19 12:39:00,224 - INFO - [2018] MISSING_SYSTEMATIC: SR1E2Mu/PileupReweight_Down/NMinusOne/nbjet_ge1/pair/mass in Skim_TriLep_tHW.root
2026-08-19 12:39:00,225 - INFO - [2018] MISSING_SYSTEMATIC: SR1E2Mu/PileupJetIDSF_Up/NMinusOne/nbjet_ge1/pair/mass in Skim_TriLep_tHW.root
2026-08-19 12:39:00,225 - INFO - [2018] MISSING_SYSTEMATIC: SR1E2Mu/PileupJetIDSF_Down/NMinusOne/nbjet_ge1/pair/mass in Skim_TriLep_tHW.root
2026-08-19 12:39:00,225 - INFO - [2018] MISSING_SYSTEMATIC: SR1E2Mu/MuonIDSF_Up/NMinusOne/nbjet_ge1/pair/mass in Skim_TriLep_tHW.root
2026-08-19 12:39:00,225 - INFO - [2018] MISSING_SYSTEMATIC: SR1E2Mu/MuonIDSF_Down/NMinusOne/nbjet_ge1/pair/mass in Skim_TriLep_tHW.root
2026-08-19 12:39:00,226 - INFO - [2018] MISSING_SYSTEMATIC: SR1E2Mu/ElectronRecoSF_Up/NMinusOne/nbjet_ge1/pair/mass in Skim_TriLep_tHW.root
2026-08-19 12:39:00,226 - INFO - [2018] MISSING_SYSTEMATIC: SR1E2Mu/ElectronRecoSF_Down/NMinusOne/nbjet_ge1/pair/mass in Skim_TriLep_tHW.root
2026-08-19 12:39:00,227 - INFO - [2018] MISSING_SYSTEMATIC: SR1E2Mu/ElectronIDSF_Up/NMinusOne/nbjet_ge1/pair/mass in Skim_TriLep_tHW.root
2026-08-19 12:39:00,227 - INFO - [2018] MISSING_SYSTEMATIC: SR1E2Mu/ElectronIDSF_Down/NMinusOne/nbjet_ge1/pair/mass in Skim_TriLep_tHW.root
2026-08-19 12:39:00,228 - INFO - [2018] MISSING_SYSTEMATIC: SR1E2Mu/EMuTrigSF_Up/NMinusOne/nbjet_ge1/pair/mass in Skim_TriLep_tHW.root
2026-08-19 12:39:00,228 - INFO - [2018] MISSING_SYSTEMATIC: SR1E2Mu/EMuTrigSF_Down/NMinusOne/nbjet_ge1/pair/mass in Skim_TriLep_tHW.root
2026-08-19 12:39:00,228 - INFO - [2018] MISSING_SYSTEMATIC: SR1E2Mu/JetEn_Up/NMinusOne/nbjet_ge1/pair/mass in Skim_TriLep_tHW.root
2026-08-19 12:39:00,228 - INFO - [2018] MISSING_SYSTEMATIC: SR1E2Mu/JetEn_Down/NMinusOne/nbjet_ge1/pair/mass in Skim_TriLep_tHW.root
2026-08-19 12:39:00,229 - INFO - [2018] MISSING_SYSTEMATIC: SR1E2Mu/JetRes_Up/NMinusOne/nbjet_ge1/pair/mass in Skim_TriLep_tHW.root
2026-08-19 12:39:00,229 - INFO - [2018] MISSING_SYSTEMATIC: SR1E2Mu/JetRes_Down/NMinusOne/nbjet_ge1/pair/mass in Skim_TriLep_tHW.root
2026-08-19 12:39:00,230 - INFO - [2018] MISSING_SYSTEMATIC: SR1E2Mu/MuonEn_Up/NMinusOne/nbjet_ge1/pair/mass in Skim_TriLep_tHW.root
2026-08-19 12:39:00,230 - INFO - [2018] MISSING_SYSTEMATIC: SR1E2Mu/MuonEn_Down/NMinusOne/nbjet_ge1/pair/mass in Skim_TriLep_tHW.root
2026-08-19 12:39:00,230 - INFO - [2018] MISSING_SYSTEMATIC: SR1E2Mu/ElectronEn_Up/NMinusOne/nbjet_ge1/pair/mass in Skim_TriLep_tHW.root
2026-08-19 12:39:00,230 - INFO - [2018] MISSING_SYSTEMATIC: SR1E2Mu/ElectronEn_Down/NMinusOne/nbjet_ge1/pair/mass in Skim_TriLep_tHW.root
2026-08-19 12:39:00,231 - INFO - [2018] MISSING_SYSTEMATIC: SR1E2Mu/ElectronRes_Up/NMinusOne/nbjet_ge1/pair/mass in Skim_TriLep_tHW.root
2026-08-19 12:39:00,231 - INFO - [2018] MISSING_SYSTEMATIC: SR1E2Mu/ElectronRes_Down/NMinusOne/nbjet_ge1/pair/mass in Skim_TriLep_tHW.root
2026-08-19 12:39:00,232 - INFO - [2018] MISSING_SYSTEMATIC: SR1E2Mu/UnclusteredEn_Up/NMinusOne/nbjet_ge1/pair/mass in Skim_TriLep_tHW.root
2026-08-19 12:39:00,232 - INFO - [2018] MISSING_SYSTEMATIC: SR1E2Mu/UnclusteredEn_Down/NMinusOne/nbjet_ge1/pair/mass in Skim_TriLep_tHW.root
2026-08-19 12:39:00,232 - INFO - [2018] MISSING_SYSTEMATIC: SR1E2Mu/BtagSF_HFcorr_Up/NMinusOne/nbjet_ge1/pair/mass in Skim_TriLep_tHW.root
2026-08-19 12:39:00,233 - INFO - [2018] MISSING_SYSTEMATIC: SR1E2Mu/BtagSF_HFcorr_Down/NMinusOne/nbjet_ge1/pair/mass in Skim_TriLep_tHW.root
2026-08-19 12:39:00,233 - INFO - [2018] MISSING_SYSTEMATIC: SR1E2Mu/BtagSF_HFuncorr_Up/NMinusOne/nbjet_ge1/pair/mass in Skim_TriLep_tHW.root
2026-08-19 12:39:00,233 - INFO - [2018] MISSING_SYSTEMATIC: SR1E2Mu/BtagSF_HFuncorr_Down/NMinusOne/nbjet_ge1/pair/mass in Skim_TriLep_tHW.root
2026-08-19 12:39:00,234 - INFO - [2018] MISSING_SYSTEMATIC: SR1E2Mu/BtagSF_LFcorr_Up/NMinusOne/nbjet_ge1/pair/mass in Skim_TriLep_tHW.root
2026-08-19 12:39:00,234 - INFO - [2018] MISSING_SYSTEMATIC: SR1E2Mu/BtagSF_LFcorr_Down/NMinusOne/nbjet_ge1/pair/mass in Skim_TriLep_tHW.root
2026-08-19 12:39:00,235 - INFO - [2018] MISSING_SYSTEMATIC: SR1E2Mu/BtagSF_LFuncorr_Up/NMinusOne/nbjet_ge1/pair/mass in Skim_TriLep_tHW.root
2026-08-19 12:39:00,235 - INFO - [2018] MISSING_SYSTEMATIC: SR1E2Mu/BtagSF_LFuncorr_Down/NMinusOne/nbjet_ge1/pair/mass in Skim_TriLep_tHW.root
2026-08-19 12:39:00,236 - INFO - [2018] MISSING_SYSTEMATIC: SR1E2Mu/L1Prefire_Up/NMinusOne/nbjet_ge1/pair/mass in Skim_TriLep_tWZ_thadWlep.root
2026-08-19 12:39:00,236 - INFO - [2018] MISSING_SYSTEMATIC: SR1E2Mu/L1Prefire_Down/NMinusOne/nbjet_ge1/pair/mass in Skim_TriLep_tWZ_thadWlep.root
2026-08-19 12:39:00,236 - INFO - [2018] MISSING_SYSTEMATIC: SR1E2Mu/PileupReweight_Up/NMinusOne/nbjet_ge1/pair/mass in Skim_TriLep_tWZ_thadWlep.root
2026-08-19 12:39:00,237 - INFO - [2018] MISSING_SYSTEMATIC: SR1E2Mu/PileupReweight_Down/NMinusOne/nbjet_ge1/pair/mass in Skim_TriLep_tWZ_thadWlep.root
2026-08-19 12:39:00,237 - INFO - [2018] MISSING_SYSTEMATIC: SR1E2Mu/PileupJetIDSF_Up/NMinusOne/nbjet_ge1/pair/mass in Skim_TriLep_tWZ_thadWlep.root
2026-08-19 12:39:00,237 - INFO - [2018] MISSING_SYSTEMATIC: SR1E2Mu/PileupJetIDSF_Down/NMinusOne/nbjet_ge1/pair/mass in Skim_TriLep_tWZ_thadWlep.root
2026-08-19 12:39:00,238 - INFO - [2018] MISSING_SYSTEMATIC: SR1E2Mu/MuonIDSF_Up/NMinusOne/nbjet_ge1/pair/mass in Skim_TriLep_tWZ_thadWlep.root
2026-08-19 12:39:00,238 - INFO - [2018] MISSING_SYSTEMATIC: SR1E2Mu/MuonIDSF_Down/NMinusOne/nbjet_ge1/pair/mass in Skim_TriLep_tWZ_thadWlep.root
2026-08-19 12:39:00,239 - INFO - [2018] MISSING_SYSTEMATIC: SR1E2Mu/ElectronRecoSF_Up/NMinusOne/nbjet_ge1/pair/mass in Skim_TriLep_tWZ_thadWlep.root
2026-08-19 12:39:00,239 - INFO - [2018] MISSING_SYSTEMATIC: SR1E2Mu/ElectronRecoSF_Down/NMinusOne/nbjet_ge1/pair/mass in Skim_TriLep_tWZ_thadWlep.root
2026-08-19 12:39:00,240 - INFO - [2018] MISSING_SYSTEMATIC: SR1E2Mu/ElectronIDSF_Up/NMinusOne/nbjet_ge1/pair/mass in Skim_TriLep_tWZ_thadWlep.root
2026-08-19 12:39:00,240 - INFO - [2018] MISSING_SYSTEMATIC: SR1E2Mu/ElectronIDSF_Down/NMinusOne/nbjet_ge1/pair/mass in Skim_TriLep_tWZ_thadWlep.root
2026-08-19 12:39:00,240 - INFO - [2018] MISSING_SYSTEMATIC: SR1E2Mu/EMuTrigSF_Up/NMinusOne/nbjet_ge1/pair/mass in Skim_TriLep_tWZ_thadWlep.root
2026-08-19 12:39:00,240 - INFO - [2018] MISSING_SYSTEMATIC: SR1E2Mu/EMuTrigSF_Down/NMinusOne/nbjet_ge1/pair/mass in Skim_TriLep_tWZ_thadWlep.root
2026-08-19 12:39:00,241 - INFO - [2018] MISSING_SYSTEMATIC: SR1E2Mu/JetEn_Up/NMinusOne/nbjet_ge1/pair/mass in Skim_TriLep_tWZ_thadWlep.root
2026-08-19 12:39:00,241 - INFO - [2018] MISSING_SYSTEMATIC: SR1E2Mu/JetEn_Down/NMinusOne/nbjet_ge1/pair/mass in Skim_TriLep_tWZ_thadWlep.root
2026-08-19 12:39:00,242 - INFO - [2018] MISSING_SYSTEMATIC: SR1E2Mu/JetRes_Up/NMinusOne/nbjet_ge1/pair/mass in Skim_TriLep_tWZ_thadWlep.root
2026-08-19 12:39:00,242 - INFO - [2018] MISSING_SYSTEMATIC: SR1E2Mu/JetRes_Down/NMinusOne/nbjet_ge1/pair/mass in Skim_TriLep_tWZ_thadWlep.root
2026-08-19 12:39:00,243 - INFO - [2018] MISSING_SYSTEMATIC: SR1E2Mu/MuonEn_Up/NMinusOne/nbjet_ge1/pair/mass in Skim_TriLep_tWZ_thadWlep.root
2026-08-19 12:39:00,243 - INFO - [2018] MISSING_SYSTEMATIC: SR1E2Mu/MuonEn_Down/NMinusOne/nbjet_ge1/pair/mass in Skim_TriLep_tWZ_thadWlep.root
2026-08-19 12:39:00,243 - INFO - [2018] MISSING_SYSTEMATIC: SR1E2Mu/ElectronEn_Up/NMinusOne/nbjet_ge1/pair/mass in Skim_TriLep_tWZ_thadWlep.root
2026-08-19 12:39:00,243 - INFO - [2018] MISSING_SYSTEMATIC: SR1E2Mu/ElectronEn_Down/NMinusOne/nbjet_ge1/pair/mass in Skim_TriLep_tWZ_thadWlep.root
2026-08-19 12:39:00,244 - INFO - [2018] MISSING_SYSTEMATIC: SR1E2Mu/ElectronRes_Up/NMinusOne/nbjet_ge1/pair/mass in Skim_TriLep_tWZ_thadWlep.root
2026-08-19 12:39:00,244 - INFO - [2018] MISSING_SYSTEMATIC: SR1E2Mu/ElectronRes_Down/NMinusOne/nbjet_ge1/pair/mass in Skim_TriLep_tWZ_thadWlep.root
2026-08-19 12:39:00,245 - INFO - [2018] MISSING_SYSTEMATIC: SR1E2Mu/UnclusteredEn_Up/NMinusOne/nbjet_ge1/pair/mass in Skim_TriLep_tWZ_thadWlep.root
2026-08-19 12:39:00,245 - INFO - [2018] MISSING_SYSTEMATIC: SR1E2Mu/UnclusteredEn_Down/NMinusOne/nbjet_ge1/pair/mass in Skim_TriLep_tWZ_thadWlep.root
2026-08-19 12:39:00,246 - INFO - [2018] MISSING_SYSTEMATIC: SR1E2Mu/BtagSF_HFcorr_Up/NMinusOne/nbjet_ge1/pair/mass in Skim_TriLep_tWZ_thadWlep.root
2026-08-19 12:39:00,246 - INFO - [2018] MISSING_SYSTEMATIC: SR1E2Mu/BtagSF_HFcorr_Down/NMinusOne/nbjet_ge1/pair/mass in Skim_TriLep_tWZ_thadWlep.root
2026-08-19 12:39:00,246 - INFO - [2018] MISSING_SYSTEMATIC: SR1E2Mu/BtagSF_HFuncorr_Up/NMinusOne/nbjet_ge1/pair/mass in Skim_TriLep_tWZ_thadWlep.root
2026-08-19 12:39:00,246 - INFO - [2018] MISSING_SYSTEMATIC: SR1E2Mu/BtagSF_HFuncorr_Down/NMinusOne/nbjet_ge1/pair/mass in Skim_TriLep_tWZ_thadWlep.root
2026-08-19 12:39:00,247 - INFO - [2018] MISSING_SYSTEMATIC: SR1E2Mu/BtagSF_LFcorr_Up/NMinusOne/nbjet_ge1/pair/mass in Skim_TriLep_tWZ_thadWlep.root
2026-08-19 12:39:00,247 - INFO - [2018] MISSING_SYSTEMATIC: SR1E2Mu/BtagSF_LFcorr_Down/NMinusOne/nbjet_ge1/pair/mass in Skim_TriLep_tWZ_thadWlep.root
2026-08-19 12:39:00,248 - INFO - [2018] MISSING_SYSTEMATIC: SR1E2Mu/BtagSF_LFuncorr_Up/NMinusOne/nbjet_ge1/pair/mass in Skim_TriLep_tWZ_thadWlep.root
2026-08-19 12:39:00,248 - INFO - [2018] MISSING_SYSTEMATIC: SR1E2Mu/BtagSF_LFuncorr_Down/NMinusOne/nbjet_ge1/pair/mass in Skim_TriLep_tWZ_thadWlep.root
2026-08-19 12:39:00,249 - INFO - [2018] MISSING_SYSTEMATIC: SR1E2Mu/L1Prefire_Up/NMinusOne/nbjet_ge1/pair/mass in Skim_TriLep_tWZ_tlepWhad.root
2026-08-19 12:39:00,249 - INFO - [2018] MISSING_SYSTEMATIC: SR1E2Mu/L1Prefire_Down/NMinusOne/nbjet_ge1/pair/mass in Skim_TriLep_tWZ_tlepWhad.root
2026-08-19 12:39:00,250 - INFO - [2018] MISSING_SYSTEMATIC: SR1E2Mu/PileupReweight_Up/NMinusOne/nbjet_ge1/pair/mass in Skim_TriLep_tWZ_tlepWhad.root
2026-08-19 12:39:00,250 - INFO - [2018] MISSING_SYSTEMATIC: SR1E2Mu/PileupReweight_Down/NMinusOne/nbjet_ge1/pair/mass in Skim_TriLep_tWZ_tlepWhad.root
2026-08-19 12:39:00,251 - INFO - [2018] MISSING_SYSTEMATIC: SR1E2Mu/PileupJetIDSF_Up/NMinusOne/nbjet_ge1/pair/mass in Skim_TriLep_tWZ_tlepWhad.root
2026-08-19 12:39:00,251 - INFO - [2018] MISSING_SYSTEMATIC: SR1E2Mu/PileupJetIDSF_Down/NMinusOne/nbjet_ge1/pair/mass in Skim_TriLep_tWZ_tlepWhad.root
2026-08-19 12:39:00,252 - INFO - [2018] MISSING_SYSTEMATIC: SR1E2Mu/MuonIDSF_Up/NMinusOne/nbjet_ge1/pair/mass in Skim_TriLep_tWZ_tlepWhad.root
2026-08-19 12:39:00,252 - INFO - [2018] MISSING_SYSTEMATIC: SR1E2Mu/MuonIDSF_Down/NMinusOne/nbjet_ge1/pair/mass in Skim_TriLep_tWZ_tlepWhad.root
2026-08-19 12:39:00,253 - INFO - [2018] MISSING_SYSTEMATIC: SR1E2Mu/ElectronRecoSF_Up/NMinusOne/nbjet_ge1/pair/mass in Skim_TriLep_tWZ_tlepWhad.root
2026-08-19 12:39:00,253 - INFO - [2018] MISSING_SYSTEMATIC: SR1E2Mu/ElectronRecoSF_Down/NMinusOne/nbjet_ge1/pair/mass in Skim_TriLep_tWZ_tlepWhad.root
2026-08-19 12:39:00,254 - INFO - [2018] MISSING_SYSTEMATIC: SR1E2Mu/ElectronIDSF_Up/NMinusOne/nbjet_ge1/pair/mass in Skim_TriLep_tWZ_tlepWhad.root
2026-08-19 12:39:00,254 - INFO - [2018] MISSING_SYSTEMATIC: SR1E2Mu/ElectronIDSF_Down/NMinusOne/nbjet_ge1/pair/mass in Skim_TriLep_tWZ_tlepWhad.root
2026-08-19 12:39:00,255 - INFO - [2018] MISSING_SYSTEMATIC: SR1E2Mu/EMuTrigSF_Up/NMinusOne/nbjet_ge1/pair/mass in Skim_TriLep_tWZ_tlepWhad.root
2026-08-19 12:39:00,255 - INFO - [2018] MISSING_SYSTEMATIC: SR1E2Mu/EMuTrigSF_Down/NMinusOne/nbjet_ge1/pair/mass in Skim_TriLep_tWZ_tlepWhad.root
2026-08-19 12:39:00,256 - INFO - [2018] MISSING_SYSTEMATIC: SR1E2Mu/JetEn_Up/NMinusOne/nbjet_ge1/pair/mass in Skim_TriLep_tWZ_tlepWhad.root
2026-08-19 12:39:00,256 - INFO - [2018] MISSING_SYSTEMATIC: SR1E2Mu/JetEn_Down/NMinusOne/nbjet_ge1/pair/mass in Skim_TriLep_tWZ_tlepWhad.root
2026-08-19 12:39:00,257 - INFO - [2018] MISSING_SYSTEMATIC: SR1E2Mu/JetRes_Up/NMinusOne/nbjet_ge1/pair/mass in Skim_TriLep_tWZ_tlepWhad.root
2026-08-19 12:39:00,257 - INFO - [2018] MISSING_SYSTEMATIC: SR1E2Mu/JetRes_Down/NMinusOne/nbjet_ge1/pair/mass in Skim_TriLep_tWZ_tlepWhad.root
2026-08-19 12:39:00,258 - INFO - [2018] MISSING_SYSTEMATIC: SR1E2Mu/MuonEn_Up/NMinusOne/nbjet_ge1/pair/mass in Skim_TriLep_tWZ_tlepWhad.root
2026-08-19 12:39:00,258 - INFO - [2018] MISSING_SYSTEMATIC: SR1E2Mu/MuonEn_Down/NMinusOne/nbjet_ge1/pair/mass in Skim_TriLep_tWZ_tlepWhad.root
2026-08-19 12:39:00,259 - INFO - [2018] MISSING_SYSTEMATIC: SR1E2Mu/ElectronEn_Up/NMinusOne/nbjet_ge1/pair/mass in Skim_TriLep_tWZ_tlepWhad.root
2026-08-19 12:39:00,259 - INFO - [2018] MISSING_SYSTEMATIC: SR1E2Mu/ElectronEn_Down/NMinusOne/nbjet_ge1/pair/mass in Skim_TriLep_tWZ_tlepWhad.root
2026-08-19 12:39:00,260 - INFO - [2018] MISSING_SYSTEMATIC: SR1E2Mu/ElectronRes_Up/NMinusOne/nbjet_ge1/pair/mass in Skim_TriLep_tWZ_tlepWhad.root
2026-08-19 12:39:00,260 - INFO - [2018] MISSING_SYSTEMATIC: SR1E2Mu/ElectronRes_Down/NMinusOne/nbjet_ge1/pair/mass in Skim_TriLep_tWZ_tlepWhad.root
2026-08-19 12:39:00,261 - INFO - [2018] MISSING_SYSTEMATIC: SR1E2Mu/UnclusteredEn_Up/NMinusOne/nbjet_ge1/pair/mass in Skim_TriLep_tWZ_tlepWhad.root
2026-08-19 12:39:00,261 - INFO - [2018] MISSING_SYSTEMATIC: SR1E2Mu/UnclusteredEn_Down/NMinusOne/nbjet_ge1/pair/mass in Skim_TriLep_tWZ_tlepWhad.root
2026-08-19 12:39:00,262 - INFO - [2018] MISSING_SYSTEMATIC: SR1E2Mu/BtagSF_HFcorr_Up/NMinusOne/nbjet_ge1/pair/mass in Skim_TriLep_tWZ_tlepWhad.root
2026-08-19 12:39:00,262 - INFO - [2018] MISSING_SYSTEMATIC: SR1E2Mu/BtagSF_HFcorr_Down/NMinusOne/nbjet_ge1/pair/mass in Skim_TriLep_tWZ_tlepWhad.root
2026-08-19 12:39:00,263 - INFO - [2018] MISSING_SYSTEMATIC: SR1E2Mu/BtagSF_HFuncorr_Up/NMinusOne/nbjet_ge1/pair/mass in Skim_TriLep_tWZ_tlepWhad.root
2026-08-19 12:39:00,263 - INFO - [2018] MISSING_SYSTEMATIC: SR1E2Mu/BtagSF_HFuncorr_Down/NMinusOne/nbjet_ge1/pair/mass in Skim_TriLep_tWZ_tlepWhad.root
2026-08-19 12:39:00,264 - INFO - [2018] MISSING_SYSTEMATIC: SR1E2Mu/BtagSF_LFcorr_Up/NMinusOne/nbjet_ge1/pair/mass in Skim_TriLep_tWZ_tlepWhad.root
2026-08-19 12:39:00,264 - INFO - [2018] MISSING_SYSTEMATIC: SR1E2Mu/BtagSF_LFcorr_Down/NMinusOne/nbjet_ge1/pair/mass in Skim_TriLep_tWZ_tlepWhad.root
2026-08-19 12:39:00,264 - INFO - [2018] MISSING_SYSTEMATIC: SR1E2Mu/BtagSF_LFuncorr_Up/NMinusOne/nbjet_ge1/pair/mass in Skim_TriLep_tWZ_tlepWhad.root
2026-08-19 12:39:00,264 - INFO - [2018] MISSING_SYSTEMATIC: SR1E2Mu/BtagSF_LFuncorr_Down/NMinusOne/nbjet_ge1/pair/mass in Skim_TriLep_tWZ_tlepWhad.root
2026-08-19 12:39:00,266 - INFO - [2018] MISSING_SYSTEMATIC: SR1E2Mu/L1Prefire_Up/NMinusOne/nbjet_ge1/pair/mass in Skim_TriLep_tWZ_tlepWlep.root
2026-08-19 12:39:00,266 - INFO - [2018] MISSING_SYSTEMATIC: SR1E2Mu/L1Prefire_Down/NMinusOne/nbjet_ge1/pair/mass in Skim_TriLep_tWZ_tlepWlep.root
2026-08-19 12:39:00,266 - INFO - [2018] MISSING_SYSTEMATIC: SR1E2Mu/PileupReweight_Up/NMinusOne/nbjet_ge1/pair/mass in Skim_TriLep_tWZ_tlepWlep.root
2026-08-19 12:39:00,266 - INFO - [2018] MISSING_SYSTEMATIC: SR1E2Mu/PileupReweight_Down/NMinusOne/nbjet_ge1/pair/mass in Skim_TriLep_tWZ_tlepWlep.root
2026-08-19 12:39:00,267 - INFO - [2018] MISSING_SYSTEMATIC: SR1E2Mu/PileupJetIDSF_Up/NMinusOne/nbjet_ge1/pair/mass in Skim_TriLep_tWZ_tlepWlep.root
2026-08-19 12:39:00,267 - INFO - [2018] MISSING_SYSTEMATIC: SR1E2Mu/PileupJetIDSF_Down/NMinusOne/nbjet_ge1/pair/mass in Skim_TriLep_tWZ_tlepWlep.root
2026-08-19 12:39:00,268 - INFO - [2018] MISSING_SYSTEMATIC: SR1E2Mu/MuonIDSF_Up/NMinusOne/nbjet_ge1/pair/mass in Skim_TriLep_tWZ_tlepWlep.root
2026-08-19 12:39:00,268 - INFO - [2018] MISSING_SYSTEMATIC: SR1E2Mu/MuonIDSF_Down/NMinusOne/nbjet_ge1/pair/mass in Skim_TriLep_tWZ_tlepWlep.root
2026-08-19 12:39:00,269 - INFO - [2018] MISSING_SYSTEMATIC: SR1E2Mu/ElectronRecoSF_Up/NMinusOne/nbjet_ge1/pair/mass in Skim_TriLep_tWZ_tlepWlep.root
2026-08-19 12:39:00,269 - INFO - [2018] MISSING_SYSTEMATIC: SR1E2Mu/ElectronRecoSF_Down/NMinusOne/nbjet_ge1/pair/mass in Skim_TriLep_tWZ_tlepWlep.root
2026-08-19 12:39:00,269 - INFO - [2018] MISSING_SYSTEMATIC: SR1E2Mu/ElectronIDSF_Up/NMinusOne/nbjet_ge1/pair/mass in Skim_TriLep_tWZ_tlepWlep.root
2026-08-19 12:39:00,269 - INFO - [2018] MISSING_SYSTEMATIC: SR1E2Mu/ElectronIDSF_Down/NMinusOne/nbjet_ge1/pair/mass in Skim_TriLep_tWZ_tlepWlep.root
2026-08-19 12:39:00,270 - INFO - [2018] MISSING_SYSTEMATIC: SR1E2Mu/EMuTrigSF_Up/NMinusOne/nbjet_ge1/pair/mass in Skim_TriLep_tWZ_tlepWlep.root
2026-08-19 12:39:00,270 - INFO - [2018] MISSING_SYSTEMATIC: SR1E2Mu/EMuTrigSF_Down/NMinusOne/nbjet_ge1/pair/mass in Skim_TriLep_tWZ_tlepWlep.root
2026-08-19 12:39:00,271 - INFO - [2018] MISSING_SYSTEMATIC: SR1E2Mu/JetEn_Up/NMinusOne/nbjet_ge1/pair/mass in Skim_TriLep_tWZ_tlepWlep.root
2026-08-19 12:39:00,271 - INFO - [2018] MISSING_SYSTEMATIC: SR1E2Mu/JetEn_Down/NMinusOne/nbjet_ge1/pair/mass in Skim_TriLep_tWZ_tlepWlep.root
2026-08-19 12:39:00,272 - INFO - [2018] MISSING_SYSTEMATIC: SR1E2Mu/JetRes_Up/NMinusOne/nbjet_ge1/pair/mass in Skim_TriLep_tWZ_tlepWlep.root
2026-08-19 12:39:00,272 - INFO - [2018] MISSING_SYSTEMATIC: SR1E2Mu/JetRes_Down/NMinusOne/nbjet_ge1/pair/mass in Skim_TriLep_tWZ_tlepWlep.root
2026-08-19 12:39:00,272 - INFO - [2018] MISSING_SYSTEMATIC: SR1E2Mu/MuonEn_Up/NMinusOne/nbjet_ge1/pair/mass in Skim_TriLep_tWZ_tlepWlep.root
2026-08-19 12:39:00,272 - INFO - [2018] MISSING_SYSTEMATIC: SR1E2Mu/MuonEn_Down/NMinusOne/nbjet_ge1/pair/mass in Skim_TriLep_tWZ_tlepWlep.root
2026-08-19 12:39:00,273 - INFO - [2018] MISSING_SYSTEMATIC: SR1E2Mu/ElectronEn_Up/NMinusOne/nbjet_ge1/pair/mass in Skim_TriLep_tWZ_tlepWlep.root
2026-08-19 12:39:00,273 - INFO - [2018] MISSING_SYSTEMATIC: SR1E2Mu/ElectronEn_Down/NMinusOne/nbjet_ge1/pair/mass in Skim_TriLep_tWZ_tlepWlep.root
2026-08-19 12:39:00,274 - INFO - [2018] MISSING_SYSTEMATIC: SR1E2Mu/ElectronRes_Up/NMinusOne/nbjet_ge1/pair/mass in Skim_TriLep_tWZ_tlepWlep.root
2026-08-19 12:39:00,274 - INFO - [2018] MISSING_SYSTEMATIC: SR1E2Mu/ElectronRes_Down/NMinusOne/nbjet_ge1/pair/mass in Skim_TriLep_tWZ_tlepWlep.root
2026-08-19 12:39:00,275 - INFO - [2018] MISSING_SYSTEMATIC: SR1E2Mu/UnclusteredEn_Up/NMinusOne/nbjet_ge1/pair/mass in Skim_TriLep_tWZ_tlepWlep.root
2026-08-19 12:39:00,275 - INFO - [2018] MISSING_SYSTEMATIC: SR1E2Mu/UnclusteredEn_Down/NMinusOne/nbjet_ge1/pair/mass in Skim_TriLep_tWZ_tlepWlep.root
2026-08-19 12:39:00,276 - INFO - [2018] MISSING_SYSTEMATIC: SR1E2Mu/BtagSF_HFcorr_Up/NMinusOne/nbjet_ge1/pair/mass in Skim_TriLep_tWZ_tlepWlep.root
2026-08-19 12:39:00,276 - INFO - [2018] MISSING_SYSTEMATIC: SR1E2Mu/BtagSF_HFcorr_Down/NMinusOne/nbjet_ge1/pair/mass in Skim_TriLep_tWZ_tlepWlep.root
2026-08-19 12:39:00,277 - INFO - [2018] MISSING_SYSTEMATIC: SR1E2Mu/BtagSF_HFuncorr_Up/NMinusOne/nbjet_ge1/pair/mass in Skim_TriLep_tWZ_tlepWlep.root
2026-08-19 12:39:00,277 - INFO - [2018] MISSING_SYSTEMATIC: SR1E2Mu/BtagSF_HFuncorr_Down/NMinusOne/nbjet_ge1/pair/mass in Skim_TriLep_tWZ_tlepWlep.root
2026-08-19 12:39:00,277 - INFO - [2018] MISSING_SYSTEMATIC: SR1E2Mu/BtagSF_LFcorr_Up/NMinusOne/nbjet_ge1/pair/mass in Skim_TriLep_tWZ_tlepWlep.root
2026-08-19 12:39:00,277 - INFO - [2018] MISSING_SYSTEMATIC: SR1E2Mu/BtagSF_LFcorr_Down/NMinusOne/nbjet_ge1/pair/mass in Skim_TriLep_tWZ_tlepWlep.root
2026-08-19 12:39:00,278 - INFO - [2018] MISSING_SYSTEMATIC: SR1E2Mu/BtagSF_LFuncorr_Up/NMinusOne/nbjet_ge1/pair/mass in Skim_TriLep_tWZ_tlepWlep.root
2026-08-19 12:39:00,278 - INFO - [2018] MISSING_SYSTEMATIC: SR1E2Mu/BtagSF_LFuncorr_Down/NMinusOne/nbjet_ge1/pair/mass in Skim_TriLep_tWZ_tlepWlep.root
2026-08-19 12:39:00,279 - INFO - [2018] MISSING_SYSTEMATIC: SR1E2Mu/L1Prefire_Up/NMinusOne/nbjet_ge1/pair/mass in Skim_TriLep_WWW.root
2026-08-19 12:39:00,279 - INFO - [2018] MISSING_SYSTEMATIC: SR1E2Mu/L1Prefire_Down/NMinusOne/nbjet_ge1/pair/mass in Skim_TriLep_WWW.root
2026-08-19 12:39:00,280 - INFO - [2018] MISSING_SYSTEMATIC: SR1E2Mu/PileupReweight_Up/NMinusOne/nbjet_ge1/pair/mass in Skim_TriLep_WWW.root
2026-08-19 12:39:00,280 - INFO - [2018] MISSING_SYSTEMATIC: SR1E2Mu/PileupReweight_Down/NMinusOne/nbjet_ge1/pair/mass in Skim_TriLep_WWW.root
2026-08-19 12:39:00,280 - INFO - [2018] MISSING_SYSTEMATIC: SR1E2Mu/PileupJetIDSF_Up/NMinusOne/nbjet_ge1/pair/mass in Skim_TriLep_WWW.root
2026-08-19 12:39:00,280 - INFO - [2018] MISSING_SYSTEMATIC: SR1E2Mu/PileupJetIDSF_Down/NMinusOne/nbjet_ge1/pair/mass in Skim_TriLep_WWW.root
2026-08-19 12:39:00,281 - INFO - [2018] MISSING_SYSTEMATIC: SR1E2Mu/MuonIDSF_Up/NMinusOne/nbjet_ge1/pair/mass in Skim_TriLep_WWW.root
2026-08-19 12:39:00,281 - INFO - [2018] MISSING_SYSTEMATIC: SR1E2Mu/MuonIDSF_Down/NMinusOne/nbjet_ge1/pair/mass in Skim_TriLep_WWW.root
2026-08-19 12:39:00,282 - INFO - [2018] MISSING_SYSTEMATIC: SR1E2Mu/ElectronRecoSF_Up/NMinusOne/nbjet_ge1/pair/mass in Skim_TriLep_WWW.root
2026-08-19 12:39:00,282 - INFO - [2018] MISSING_SYSTEMATIC: SR1E2Mu/ElectronRecoSF_Down/NMinusOne/nbjet_ge1/pair/mass in Skim_TriLep_WWW.root
2026-08-19 12:39:00,282 - INFO - [2018] MISSING_SYSTEMATIC: SR1E2Mu/ElectronIDSF_Up/NMinusOne/nbjet_ge1/pair/mass in Skim_TriLep_WWW.root
2026-08-19 12:39:00,282 - INFO - [2018] MISSING_SYSTEMATIC: SR1E2Mu/ElectronIDSF_Down/NMinusOne/nbjet_ge1/pair/mass in Skim_TriLep_WWW.root
2026-08-19 12:39:00,283 - INFO - [2018] MISSING_SYSTEMATIC: SR1E2Mu/EMuTrigSF_Up/NMinusOne/nbjet_ge1/pair/mass in Skim_TriLep_WWW.root
2026-08-19 12:39:00,283 - INFO - [2018] MISSING_SYSTEMATIC: SR1E2Mu/EMuTrigSF_Down/NMinusOne/nbjet_ge1/pair/mass in Skim_TriLep_WWW.root
2026-08-19 12:39:00,284 - INFO - [2018] MISSING_SYSTEMATIC: SR1E2Mu/JetEn_Up/NMinusOne/nbjet_ge1/pair/mass in Skim_TriLep_WWW.root
2026-08-19 12:39:00,284 - INFO - [2018] MISSING_SYSTEMATIC: SR1E2Mu/JetEn_Down/NMinusOne/nbjet_ge1/pair/mass in Skim_TriLep_WWW.root
2026-08-19 12:39:00,285 - INFO - [2018] MISSING_SYSTEMATIC: SR1E2Mu/JetRes_Up/NMinusOne/nbjet_ge1/pair/mass in Skim_TriLep_WWW.root
2026-08-19 12:39:00,285 - INFO - [2018] MISSING_SYSTEMATIC: SR1E2Mu/JetRes_Down/NMinusOne/nbjet_ge1/pair/mass in Skim_TriLep_WWW.root
2026-08-19 12:39:00,285 - INFO - [2018] MISSING_SYSTEMATIC: SR1E2Mu/MuonEn_Up/NMinusOne/nbjet_ge1/pair/mass in Skim_TriLep_WWW.root
2026-08-19 12:39:00,285 - INFO - [2018] MISSING_SYSTEMATIC: SR1E2Mu/MuonEn_Down/NMinusOne/nbjet_ge1/pair/mass in Skim_TriLep_WWW.root
2026-08-19 12:39:00,286 - INFO - [2018] MISSING_SYSTEMATIC: SR1E2Mu/ElectronEn_Up/NMinusOne/nbjet_ge1/pair/mass in Skim_TriLep_WWW.root
2026-08-19 12:39:00,286 - INFO - [2018] MISSING_SYSTEMATIC: SR1E2Mu/ElectronEn_Down/NMinusOne/nbjet_ge1/pair/mass in Skim_TriLep_WWW.root
2026-08-19 12:39:00,287 - INFO - [2018] MISSING_SYSTEMATIC: SR1E2Mu/ElectronRes_Up/NMinusOne/nbjet_ge1/pair/mass in Skim_TriLep_WWW.root
2026-08-19 12:39:00,287 - INFO - [2018] MISSING_SYSTEMATIC: SR1E2Mu/ElectronRes_Down/NMinusOne/nbjet_ge1/pair/mass in Skim_TriLep_WWW.root
2026-08-19 12:39:00,287 - INFO - [2018] MISSING_SYSTEMATIC: SR1E2Mu/UnclusteredEn_Up/NMinusOne/nbjet_ge1/pair/mass in Skim_TriLep_WWW.root
2026-08-19 12:39:00,287 - INFO - [2018] MISSING_SYSTEMATIC: SR1E2Mu/UnclusteredEn_Down/NMinusOne/nbjet_ge1/pair/mass in Skim_TriLep_WWW.root
2026-08-19 12:39:00,288 - INFO - [2018] MISSING_SYSTEMATIC: SR1E2Mu/BtagSF_HFcorr_Up/NMinusOne/nbjet_ge1/pair/mass in Skim_TriLep_WWW.root
2026-08-19 12:39:00,288 - INFO - [2018] MISSING_SYSTEMATIC: SR1E2Mu/BtagSF_HFcorr_Down/NMinusOne/nbjet_ge1/pair/mass in Skim_TriLep_WWW.root
2026-08-19 12:39:00,289 - INFO - [2018] MISSING_SYSTEMATIC: SR1E2Mu/BtagSF_HFuncorr_Up/NMinusOne/nbjet_ge1/pair/mass in Skim_TriLep_WWW.root
2026-08-19 12:39:00,289 - INFO - [2018] MISSING_SYSTEMATIC: SR1E2Mu/BtagSF_HFuncorr_Down/NMinusOne/nbjet_ge1/pair/mass in Skim_TriLep_WWW.root
2026-08-19 12:39:00,289 - INFO - [2018] MISSING_SYSTEMATIC: SR1E2Mu/BtagSF_LFcorr_Up/NMinusOne/nbjet_ge1/pair/mass in Skim_TriLep_WWW.root
2026-08-19 12:39:00,289 - INFO - [2018] MISSING_SYSTEMATIC: SR1E2Mu/BtagSF_LFcorr_Down/NMinusOne/nbjet_ge1/pair/mass in Skim_TriLep_WWW.root
2026-08-19 12:39:00,290 - INFO - [2018] MISSING_SYSTEMATIC: SR1E2Mu/BtagSF_LFuncorr_Up/NMinusOne/nbjet_ge1/pair/mass in Skim_TriLep_WWW.root
2026-08-19 12:39:00,290 - INFO - [2018] MISSING_SYSTEMATIC: SR1E2Mu/BtagSF_LFuncorr_Down/NMinusOne/nbjet_ge1/pair/mass in Skim_TriLep_WWW.root
2026-08-19 12:39:00,291 - INFO - [2018] MISSING_SYSTEMATIC: SR1E2Mu/L1Prefire_Up/NMinusOne/nbjet_ge1/pair/mass in Skim_TriLep_WWZ.root
2026-08-19 12:39:00,291 - INFO - [2018] MISSING_SYSTEMATIC: SR1E2Mu/L1Prefire_Down/NMinusOne/nbjet_ge1/pair/mass in Skim_TriLep_WWZ.root
2026-08-19 12:39:00,292 - INFO - [2018] MISSING_SYSTEMATIC: SR1E2Mu/PileupReweight_Up/NMinusOne/nbjet_ge1/pair/mass in Skim_TriLep_WWZ.root
2026-08-19 12:39:00,292 - INFO - [2018] MISSING_SYSTEMATIC: SR1E2Mu/PileupReweight_Down/NMinusOne/nbjet_ge1/pair/mass in Skim_TriLep_WWZ.root
2026-08-19 12:39:00,292 - INFO - [2018] MISSING_SYSTEMATIC: SR1E2Mu/PileupJetIDSF_Up/NMinusOne/nbjet_ge1/pair/mass in Skim_TriLep_WWZ.root
2026-08-19 12:39:00,292 - INFO - [2018] MISSING_SYSTEMATIC: SR1E2Mu/PileupJetIDSF_Down/NMinusOne/nbjet_ge1/pair/mass in Skim_TriLep_WWZ.root
2026-08-19 12:39:00,293 - INFO - [2018] MISSING_SYSTEMATIC: SR1E2Mu/MuonIDSF_Up/NMinusOne/nbjet_ge1/pair/mass in Skim_TriLep_WWZ.root
2026-08-19 12:39:00,293 - INFO - [2018] MISSING_SYSTEMATIC: SR1E2Mu/MuonIDSF_Down/NMinusOne/nbjet_ge1/pair/mass in Skim_TriLep_WWZ.root
2026-08-19 12:39:00,294 - INFO - [2018] MISSING_SYSTEMATIC: SR1E2Mu/ElectronRecoSF_Up/NMinusOne/nbjet_ge1/pair/mass in Skim_TriLep_WWZ.root
2026-08-19 12:39:00,294 - INFO - [2018] MISSING_SYSTEMATIC: SR1E2Mu/ElectronRecoSF_Down/NMinusOne/nbjet_ge1/pair/mass in Skim_TriLep_WWZ.root
2026-08-19 12:39:00,294 - INFO - [2018] MISSING_SYSTEMATIC: SR1E2Mu/ElectronIDSF_Up/NMinusOne/nbjet_ge1/pair/mass in Skim_TriLep_WWZ.root
2026-08-19 12:39:00,294 - INFO - [2018] MISSING_SYSTEMATIC: SR1E2Mu/ElectronIDSF_Down/NMinusOne/nbjet_ge1/pair/mass in Skim_TriLep_WWZ.root
2026-08-19 12:39:00,295 - INFO - [2018] MISSING_SYSTEMATIC: SR1E2Mu/EMuTrigSF_Up/NMinusOne/nbjet_ge1/pair/mass in Skim_TriLep_WWZ.root
2026-08-19 12:39:00,295 - INFO - [2018] MISSING_SYSTEMATIC: SR1E2Mu/EMuTrigSF_Down/NMinusOne/nbjet_ge1/pair/mass in Skim_TriLep_WWZ.root
2026-08-19 12:39:00,296 - INFO - [2018] MISSING_SYSTEMATIC: SR1E2Mu/JetEn_Up/NMinusOne/nbjet_ge1/pair/mass in Skim_TriLep_WWZ.root
2026-08-19 12:39:00,296 - INFO - [2018] MISSING_SYSTEMATIC: SR1E2Mu/JetEn_Down/NMinusOne/nbjet_ge1/pair/mass in Skim_TriLep_WWZ.root
2026-08-19 12:39:00,296 - INFO - [2018] MISSING_SYSTEMATIC: SR1E2Mu/JetRes_Up/NMinusOne/nbjet_ge1/pair/mass in Skim_TriLep_WWZ.root
2026-08-19 12:39:00,296 - INFO - [2018] MISSING_SYSTEMATIC: SR1E2Mu/JetRes_Down/NMinusOne/nbjet_ge1/pair/mass in Skim_TriLep_WWZ.root
2026-08-19 12:39:00,297 - INFO - [2018] MISSING_SYSTEMATIC: SR1E2Mu/MuonEn_Up/NMinusOne/nbjet_ge1/pair/mass in Skim_TriLep_WWZ.root
2026-08-19 12:39:00,297 - INFO - [2018] MISSING_SYSTEMATIC: SR1E2Mu/MuonEn_Down/NMinusOne/nbjet_ge1/pair/mass in Skim_TriLep_WWZ.root
2026-08-19 12:39:00,298 - INFO - [2018] MISSING_SYSTEMATIC: SR1E2Mu/ElectronEn_Up/NMinusOne/nbjet_ge1/pair/mass in Skim_TriLep_WWZ.root
2026-08-19 12:39:00,298 - INFO - [2018] MISSING_SYSTEMATIC: SR1E2Mu/ElectronEn_Down/NMinusOne/nbjet_ge1/pair/mass in Skim_TriLep_WWZ.root
2026-08-19 12:39:00,298 - INFO - [2018] MISSING_SYSTEMATIC: SR1E2Mu/ElectronRes_Up/NMinusOne/nbjet_ge1/pair/mass in Skim_TriLep_WWZ.root
2026-08-19 12:39:00,298 - INFO - [2018] MISSING_SYSTEMATIC: SR1E2Mu/ElectronRes_Down/NMinusOne/nbjet_ge1/pair/mass in Skim_TriLep_WWZ.root
2026-08-19 12:39:00,299 - INFO - [2018] MISSING_SYSTEMATIC: SR1E2Mu/UnclusteredEn_Up/NMinusOne/nbjet_ge1/pair/mass in Skim_TriLep_WWZ.root
2026-08-19 12:39:00,299 - INFO - [2018] MISSING_SYSTEMATIC: SR1E2Mu/UnclusteredEn_Down/NMinusOne/nbjet_ge1/pair/mass in Skim_TriLep_WWZ.root
2026-08-19 12:39:00,300 - INFO - [2018] MISSING_SYSTEMATIC: SR1E2Mu/BtagSF_HFcorr_Up/NMinusOne/nbjet_ge1/pair/mass in Skim_TriLep_WWZ.root
2026-08-19 12:39:00,300 - INFO - [2018] MISSING_SYSTEMATIC: SR1E2Mu/BtagSF_HFcorr_Down/NMinusOne/nbjet_ge1/pair/mass in Skim_TriLep_WWZ.root
2026-08-19 12:39:00,300 - INFO - [2018] MISSING_SYSTEMATIC: SR1E2Mu/BtagSF_HFuncorr_Up/NMinusOne/nbjet_ge1/pair/mass in Skim_TriLep_WWZ.root
2026-08-19 12:39:00,300 - INFO - [2018] MISSING_SYSTEMATIC: SR1E2Mu/BtagSF_HFuncorr_Down/NMinusOne/nbjet_ge1/pair/mass in Skim_TriLep_WWZ.root
2026-08-19 12:39:00,301 - INFO - [2018] MISSING_SYSTEMATIC: SR1E2Mu/BtagSF_LFcorr_Up/NMinusOne/nbjet_ge1/pair/mass in Skim_TriLep_WWZ.root
2026-08-19 12:39:00,301 - INFO - [2018] MISSING_SYSTEMATIC: SR1E2Mu/BtagSF_LFcorr_Down/NMinusOne/nbjet_ge1/pair/mass in Skim_TriLep_WWZ.root
2026-08-19 12:39:00,302 - INFO - [2018] MISSING_SYSTEMATIC: SR1E2Mu/BtagSF_LFuncorr_Up/NMinusOne/nbjet_ge1/pair/mass in Skim_TriLep_WWZ.root
2026-08-19 12:39:00,302 - INFO - [2018] MISSING_SYSTEMATIC: SR1E2Mu/BtagSF_LFuncorr_Down/NMinusOne/nbjet_ge1/pair/mass in Skim_TriLep_WWZ.root
2026-08-19 12:39:00,303 - INFO - [2018] MISSING_SYSTEMATIC: SR1E2Mu/L1Prefire_Up/NMinusOne/nbjet_ge1/pair/mass in Skim_TriLep_WZZ.root
2026-08-19 12:39:00,303 - INFO - [2018] MISSING_SYSTEMATIC: SR1E2Mu/L1Prefire_Down/NMinusOne/nbjet_ge1/pair/mass in Skim_TriLep_WZZ.root
2026-08-19 12:39:00,304 - INFO - [2018] MISSING_SYSTEMATIC: SR1E2Mu/PileupReweight_Up/NMinusOne/nbjet_ge1/pair/mass in Skim_TriLep_WZZ.root
2026-08-19 12:39:00,304 - INFO - [2018] MISSING_SYSTEMATIC: SR1E2Mu/PileupReweight_Down/NMinusOne/nbjet_ge1/pair/mass in Skim_TriLep_WZZ.root
2026-08-19 12:39:00,304 - INFO - [2018] MISSING_SYSTEMATIC: SR1E2Mu/PileupJetIDSF_Up/NMinusOne/nbjet_ge1/pair/mass in Skim_TriLep_WZZ.root
2026-08-19 12:39:00,304 - INFO - [2018] MISSING_SYSTEMATIC: SR1E2Mu/PileupJetIDSF_Down/NMinusOne/nbjet_ge1/pair/mass in Skim_TriLep_WZZ.root
2026-08-19 12:39:00,305 - INFO - [2018] MISSING_SYSTEMATIC: SR1E2Mu/MuonIDSF_Up/NMinusOne/nbjet_ge1/pair/mass in Skim_TriLep_WZZ.root
2026-08-19 12:39:00,305 - INFO - [2018] MISSING_SYSTEMATIC: SR1E2Mu/MuonIDSF_Down/NMinusOne/nbjet_ge1/pair/mass in Skim_TriLep_WZZ.root
2026-08-19 12:39:00,306 - INFO - [2018] MISSING_SYSTEMATIC: SR1E2Mu/ElectronRecoSF_Up/NMinusOne/nbjet_ge1/pair/mass in Skim_TriLep_WZZ.root
2026-08-19 12:39:00,306 - INFO - [2018] MISSING_SYSTEMATIC: SR1E2Mu/ElectronRecoSF_Down/NMinusOne/nbjet_ge1/pair/mass in Skim_TriLep_WZZ.root
2026-08-19 12:39:00,307 - INFO - [2018] MISSING_SYSTEMATIC: SR1E2Mu/ElectronIDSF_Up/NMinusOne/nbjet_ge1/pair/mass in Skim_TriLep_WZZ.root
2026-08-19 12:39:00,307 - INFO - [2018] MISSING_SYSTEMATIC: SR1E2Mu/ElectronIDSF_Down/NMinusOne/nbjet_ge1/pair/mass in Skim_TriLep_WZZ.root
2026-08-19 12:39:00,307 - INFO - [2018] MISSING_SYSTEMATIC: SR1E2Mu/EMuTrigSF_Up/NMinusOne/nbjet_ge1/pair/mass in Skim_TriLep_WZZ.root
2026-08-19 12:39:00,307 - INFO - [2018] MISSING_SYSTEMATIC: SR1E2Mu/EMuTrigSF_Down/NMinusOne/nbjet_ge1/pair/mass in Skim_TriLep_WZZ.root
2026-08-19 12:39:00,308 - INFO - [2018] MISSING_SYSTEMATIC: SR1E2Mu/JetEn_Up/NMinusOne/nbjet_ge1/pair/mass in Skim_TriLep_WZZ.root
2026-08-19 12:39:00,308 - INFO - [2018] MISSING_SYSTEMATIC: SR1E2Mu/JetEn_Down/NMinusOne/nbjet_ge1/pair/mass in Skim_TriLep_WZZ.root
2026-08-19 12:39:00,309 - INFO - [2018] MISSING_SYSTEMATIC: SR1E2Mu/JetRes_Up/NMinusOne/nbjet_ge1/pair/mass in Skim_TriLep_WZZ.root
2026-08-19 12:39:00,309 - INFO - [2018] MISSING_SYSTEMATIC: SR1E2Mu/JetRes_Down/NMinusOne/nbjet_ge1/pair/mass in Skim_TriLep_WZZ.root
2026-08-19 12:39:00,309 - INFO - [2018] MISSING_SYSTEMATIC: SR1E2Mu/MuonEn_Up/NMinusOne/nbjet_ge1/pair/mass in Skim_TriLep_WZZ.root
2026-08-19 12:39:00,309 - INFO - [2018] MISSING_SYSTEMATIC: SR1E2Mu/MuonEn_Down/NMinusOne/nbjet_ge1/pair/mass in Skim_TriLep_WZZ.root
2026-08-19 12:39:00,310 - INFO - [2018] MISSING_SYSTEMATIC: SR1E2Mu/ElectronEn_Up/NMinusOne/nbjet_ge1/pair/mass in Skim_TriLep_WZZ.root
2026-08-19 12:39:00,310 - INFO - [2018] MISSING_SYSTEMATIC: SR1E2Mu/ElectronEn_Down/NMinusOne/nbjet_ge1/pair/mass in Skim_TriLep_WZZ.root
2026-08-19 12:39:00,311 - INFO - [2018] MISSING_SYSTEMATIC: SR1E2Mu/ElectronRes_Up/NMinusOne/nbjet_ge1/pair/mass in Skim_TriLep_WZZ.root
2026-08-19 12:39:00,311 - INFO - [2018] MISSING_SYSTEMATIC: SR1E2Mu/ElectronRes_Down/NMinusOne/nbjet_ge1/pair/mass in Skim_TriLep_WZZ.root
2026-08-19 12:39:00,311 - INFO - [2018] MISSING_SYSTEMATIC: SR1E2Mu/UnclusteredEn_Up/NMinusOne/nbjet_ge1/pair/mass in Skim_TriLep_WZZ.root
2026-08-19 12:39:00,311 - INFO - [2018] MISSING_SYSTEMATIC: SR1E2Mu/UnclusteredEn_Down/NMinusOne/nbjet_ge1/pair/mass in Skim_TriLep_WZZ.root
2026-08-19 12:39:00,312 - INFO - [2018] MISSING_SYSTEMATIC: SR1E2Mu/BtagSF_HFcorr_Up/NMinusOne/nbjet_ge1/pair/mass in Skim_TriLep_WZZ.root
2026-08-19 12:39:00,312 - INFO - [2018] MISSING_SYSTEMATIC: SR1E2Mu/BtagSF_HFcorr_Down/NMinusOne/nbjet_ge1/pair/mass in Skim_TriLep_WZZ.root
2026-08-19 12:39:00,313 - INFO - [2018] MISSING_SYSTEMATIC: SR1E2Mu/BtagSF_HFuncorr_Up/NMinusOne/nbjet_ge1/pair/mass in Skim_TriLep_WZZ.root
2026-08-19 12:39:00,313 - INFO - [2018] MISSING_SYSTEMATIC: SR1E2Mu/BtagSF_HFuncorr_Down/NMinusOne/nbjet_ge1/pair/mass in Skim_TriLep_WZZ.root
2026-08-19 12:39:00,313 - INFO - [2018] MISSING_SYSTEMATIC: SR1E2Mu/BtagSF_LFcorr_Up/NMinusOne/nbjet_ge1/pair/mass in Skim_TriLep_WZZ.root
2026-08-19 12:39:00,313 - INFO - [2018] MISSING_SYSTEMATIC: SR1E2Mu/BtagSF_LFcorr_Down/NMinusOne/nbjet_ge1/pair/mass in Skim_TriLep_WZZ.root
2026-08-19 12:39:00,314 - INFO - [2018] MISSING_SYSTEMATIC: SR1E2Mu/BtagSF_LFuncorr_Up/NMinusOne/nbjet_ge1/pair/mass in Skim_TriLep_WZZ.root
2026-08-19 12:39:00,314 - INFO - [2018] MISSING_SYSTEMATIC: SR1E2Mu/BtagSF_LFuncorr_Down/NMinusOne/nbjet_ge1/pair/mass in Skim_TriLep_WZZ.root
2026-08-19 12:39:00,315 - INFO - [2018] MISSING_SYSTEMATIC: SR1E2Mu/L1Prefire_Up/NMinusOne/nbjet_ge1/pair/mass in Skim_TriLep_ZZZ.root
2026-08-19 12:39:00,315 - INFO - [2018] MISSING_SYSTEMATIC: SR1E2Mu/L1Prefire_Down/NMinusOne/nbjet_ge1/pair/mass in Skim_TriLep_ZZZ.root
2026-08-19 12:39:00,316 - INFO - [2018] MISSING_SYSTEMATIC: SR1E2Mu/PileupReweight_Up/NMinusOne/nbjet_ge1/pair/mass in Skim_TriLep_ZZZ.root
2026-08-19 12:39:00,316 - INFO - [2018] MISSING_SYSTEMATIC: SR1E2Mu/PileupReweight_Down/NMinusOne/nbjet_ge1/pair/mass in Skim_TriLep_ZZZ.root
2026-08-19 12:39:00,317 - INFO - [2018] MISSING_SYSTEMATIC: SR1E2Mu/PileupJetIDSF_Up/NMinusOne/nbjet_ge1/pair/mass in Skim_TriLep_ZZZ.root
2026-08-19 12:39:00,317 - INFO - [2018] MISSING_SYSTEMATIC: SR1E2Mu/PileupJetIDSF_Down/NMinusOne/nbjet_ge1/pair/mass in Skim_TriLep_ZZZ.root
2026-08-19 12:39:00,317 - INFO - [2018] MISSING_SYSTEMATIC: SR1E2Mu/MuonIDSF_Up/NMinusOne/nbjet_ge1/pair/mass in Skim_TriLep_ZZZ.root
2026-08-19 12:39:00,317 - INFO - [2018] MISSING_SYSTEMATIC: SR1E2Mu/MuonIDSF_Down/NMinusOne/nbjet_ge1/pair/mass in Skim_TriLep_ZZZ.root
2026-08-19 12:39:00,318 - INFO - [2018] MISSING_SYSTEMATIC: SR1E2Mu/ElectronRecoSF_Up/NMinusOne/nbjet_ge1/pair/mass in Skim_TriLep_ZZZ.root
2026-08-19 12:39:00,318 - INFO - [2018] MISSING_SYSTEMATIC: SR1E2Mu/ElectronRecoSF_Down/NMinusOne/nbjet_ge1/pair/mass in Skim_TriLep_ZZZ.root
2026-08-19 12:39:00,318 - INFO - [2018] MISSING_SYSTEMATIC: SR1E2Mu/ElectronIDSF_Up/NMinusOne/nbjet_ge1/pair/mass in Skim_TriLep_ZZZ.root
2026-08-19 12:39:00,318 - INFO - [2018] MISSING_SYSTEMATIC: SR1E2Mu/ElectronIDSF_Down/NMinusOne/nbjet_ge1/pair/mass in Skim_TriLep_ZZZ.root
2026-08-19 12:39:00,319 - INFO - [2018] MISSING_SYSTEMATIC: SR1E2Mu/EMuTrigSF_Up/NMinusOne/nbjet_ge1/pair/mass in Skim_TriLep_ZZZ.root
2026-08-19 12:39:00,319 - INFO - [2018] MISSING_SYSTEMATIC: SR1E2Mu/EMuTrigSF_Down/NMinusOne/nbjet_ge1/pair/mass in Skim_TriLep_ZZZ.root
2026-08-19 12:39:00,320 - INFO - [2018] MISSING_SYSTEMATIC: SR1E2Mu/JetEn_Up/NMinusOne/nbjet_ge1/pair/mass in Skim_TriLep_ZZZ.root
2026-08-19 12:39:00,320 - INFO - [2018] MISSING_SYSTEMATIC: SR1E2Mu/JetEn_Down/NMinusOne/nbjet_ge1/pair/mass in Skim_TriLep_ZZZ.root
2026-08-19 12:39:00,321 - INFO - [2018] MISSING_SYSTEMATIC: SR1E2Mu/JetRes_Up/NMinusOne/nbjet_ge1/pair/mass in Skim_TriLep_ZZZ.root
2026-08-19 12:39:00,321 - INFO - [2018] MISSING_SYSTEMATIC: SR1E2Mu/JetRes_Down/NMinusOne/nbjet_ge1/pair/mass in Skim_TriLep_ZZZ.root
2026-08-19 12:39:00,321 - INFO - [2018] MISSING_SYSTEMATIC: SR1E2Mu/MuonEn_Up/NMinusOne/nbjet_ge1/pair/mass in Skim_TriLep_ZZZ.root
2026-08-19 12:39:00,321 - INFO - [2018] MISSING_SYSTEMATIC: SR1E2Mu/MuonEn_Down/NMinusOne/nbjet_ge1/pair/mass in Skim_TriLep_ZZZ.root
2026-08-19 12:39:00,322 - INFO - [2018] MISSING_SYSTEMATIC: SR1E2Mu/ElectronEn_Up/NMinusOne/nbjet_ge1/pair/mass in Skim_TriLep_ZZZ.root
2026-08-19 12:39:00,322 - INFO - [2018] MISSING_SYSTEMATIC: SR1E2Mu/ElectronEn_Down/NMinusOne/nbjet_ge1/pair/mass in Skim_TriLep_ZZZ.root
2026-08-19 12:39:00,323 - INFO - [2018] MISSING_SYSTEMATIC: SR1E2Mu/ElectronRes_Up/NMinusOne/nbjet_ge1/pair/mass in Skim_TriLep_ZZZ.root
2026-08-19 12:39:00,323 - INFO - [2018] MISSING_SYSTEMATIC: SR1E2Mu/ElectronRes_Down/NMinusOne/nbjet_ge1/pair/mass in Skim_TriLep_ZZZ.root
2026-08-19 12:39:00,323 - INFO - [2018] MISSING_SYSTEMATIC: SR1E2Mu/UnclusteredEn_Up/NMinusOne/nbjet_ge1/pair/mass in Skim_TriLep_ZZZ.root
2026-08-19 12:39:00,324 - INFO - [2018] MISSING_SYSTEMATIC: SR1E2Mu/UnclusteredEn_Down/NMinusOne/nbjet_ge1/pair/mass in Skim_TriLep_ZZZ.root
2026-08-19 12:39:00,324 - INFO - [2018] MISSING_SYSTEMATIC: SR1E2Mu/BtagSF_HFcorr_Up/NMinusOne/nbjet_ge1/pair/mass in Skim_TriLep_ZZZ.root
2026-08-19 12:39:00,324 - INFO - [2018] MISSING_SYSTEMATIC: SR1E2Mu/BtagSF_HFcorr_Down/NMinusOne/nbjet_ge1/pair/mass in Skim_TriLep_ZZZ.root
2026-08-19 12:39:00,325 - INFO - [2018] MISSING_SYSTEMATIC: SR1E2Mu/BtagSF_HFuncorr_Up/NMinusOne/nbjet_ge1/pair/mass in Skim_TriLep_ZZZ.root
2026-08-19 12:39:00,325 - INFO - [2018] MISSING_SYSTEMATIC: SR1E2Mu/BtagSF_HFuncorr_Down/NMinusOne/nbjet_ge1/pair/mass in Skim_TriLep_ZZZ.root
2026-08-19 12:39:00,326 - INFO - [2018] MISSING_SYSTEMATIC: SR1E2Mu/BtagSF_LFcorr_Up/NMinusOne/nbjet_ge1/pair/mass in Skim_TriLep_ZZZ.root
2026-08-19 12:39:00,326 - INFO - [2018] MISSING_SYSTEMATIC: SR1E2Mu/BtagSF_LFcorr_Down/NMinusOne/nbjet_ge1/pair/mass in Skim_TriLep_ZZZ.root
2026-08-19 12:39:00,326 - INFO - [2018] MISSING_SYSTEMATIC: SR1E2Mu/BtagSF_LFuncorr_Up/NMinusOne/nbjet_ge1/pair/mass in Skim_TriLep_ZZZ.root
2026-08-19 12:39:00,327 - INFO - [2018] MISSING_SYSTEMATIC: SR1E2Mu/BtagSF_LFuncorr_Down/NMinusOne/nbjet_ge1/pair/mass in Skim_TriLep_ZZZ.root
2026-08-19 12:39:00,328 - INFO - [2018] MISSING_SYSTEMATIC: SR1E2Mu/L1Prefire_Up/NMinusOne/nbjet_ge1/pair/mass in Skim_TriLep_TTTT.root
2026-08-19 12:39:00,328 - INFO - [2018] MISSING_SYSTEMATIC: SR1E2Mu/L1Prefire_Down/NMinusOne/nbjet_ge1/pair/mass in Skim_TriLep_TTTT.root
2026-08-19 12:39:00,329 - INFO - [2018] MISSING_SYSTEMATIC: SR1E2Mu/PileupReweight_Up/NMinusOne/nbjet_ge1/pair/mass in Skim_TriLep_TTTT.root
2026-08-19 12:39:00,329 - INFO - [2018] MISSING_SYSTEMATIC: SR1E2Mu/PileupReweight_Down/NMinusOne/nbjet_ge1/pair/mass in Skim_TriLep_TTTT.root
2026-08-19 12:39:00,329 - INFO - [2018] MISSING_SYSTEMATIC: SR1E2Mu/PileupJetIDSF_Up/NMinusOne/nbjet_ge1/pair/mass in Skim_TriLep_TTTT.root
2026-08-19 12:39:00,329 - INFO - [2018] MISSING_SYSTEMATIC: SR1E2Mu/PileupJetIDSF_Down/NMinusOne/nbjet_ge1/pair/mass in Skim_TriLep_TTTT.root
2026-08-19 12:39:00,330 - INFO - [2018] MISSING_SYSTEMATIC: SR1E2Mu/MuonIDSF_Up/NMinusOne/nbjet_ge1/pair/mass in Skim_TriLep_TTTT.root
2026-08-19 12:39:00,330 - INFO - [2018] MISSING_SYSTEMATIC: SR1E2Mu/MuonIDSF_Down/NMinusOne/nbjet_ge1/pair/mass in Skim_TriLep_TTTT.root
2026-08-19 12:39:00,331 - INFO - [2018] MISSING_SYSTEMATIC: SR1E2Mu/ElectronRecoSF_Up/NMinusOne/nbjet_ge1/pair/mass in Skim_TriLep_TTTT.root
2026-08-19 12:39:00,331 - INFO - [2018] MISSING_SYSTEMATIC: SR1E2Mu/ElectronRecoSF_Down/NMinusOne/nbjet_ge1/pair/mass in Skim_TriLep_TTTT.root
2026-08-19 12:39:00,331 - INFO - [2018] MISSING_SYSTEMATIC: SR1E2Mu/ElectronIDSF_Up/NMinusOne/nbjet_ge1/pair/mass in Skim_TriLep_TTTT.root
2026-08-19 12:39:00,331 - INFO - [2018] MISSING_SYSTEMATIC: SR1E2Mu/ElectronIDSF_Down/NMinusOne/nbjet_ge1/pair/mass in Skim_TriLep_TTTT.root
2026-08-19 12:39:00,332 - INFO - [2018] MISSING_SYSTEMATIC: SR1E2Mu/EMuTrigSF_Up/NMinusOne/nbjet_ge1/pair/mass in Skim_TriLep_TTTT.root
2026-08-19 12:39:00,332 - INFO - [2018] MISSING_SYSTEMATIC: SR1E2Mu/EMuTrigSF_Down/NMinusOne/nbjet_ge1/pair/mass in Skim_TriLep_TTTT.root
2026-08-19 12:39:00,333 - INFO - [2018] MISSING_SYSTEMATIC: SR1E2Mu/JetEn_Up/NMinusOne/nbjet_ge1/pair/mass in Skim_TriLep_TTTT.root
2026-08-19 12:39:00,333 - INFO - [2018] MISSING_SYSTEMATIC: SR1E2Mu/JetEn_Down/NMinusOne/nbjet_ge1/pair/mass in Skim_TriLep_TTTT.root
2026-08-19 12:39:00,333 - INFO - [2018] MISSING_SYSTEMATIC: SR1E2Mu/JetRes_Up/NMinusOne/nbjet_ge1/pair/mass in Skim_TriLep_TTTT.root
2026-08-19 12:39:00,333 - INFO - [2018] MISSING_SYSTEMATIC: SR1E2Mu/JetRes_Down/NMinusOne/nbjet_ge1/pair/mass in Skim_TriLep_TTTT.root
2026-08-19 12:39:00,334 - INFO - [2018] MISSING_SYSTEMATIC: SR1E2Mu/MuonEn_Up/NMinusOne/nbjet_ge1/pair/mass in Skim_TriLep_TTTT.root
2026-08-19 12:39:00,334 - INFO - [2018] MISSING_SYSTEMATIC: SR1E2Mu/MuonEn_Down/NMinusOne/nbjet_ge1/pair/mass in Skim_TriLep_TTTT.root
2026-08-19 12:39:00,335 - INFO - [2018] MISSING_SYSTEMATIC: SR1E2Mu/ElectronEn_Up/NMinusOne/nbjet_ge1/pair/mass in Skim_TriLep_TTTT.root
2026-08-19 12:39:00,335 - INFO - [2018] MISSING_SYSTEMATIC: SR1E2Mu/ElectronEn_Down/NMinusOne/nbjet_ge1/pair/mass in Skim_TriLep_TTTT.root
2026-08-19 12:39:00,335 - INFO - [2018] MISSING_SYSTEMATIC: SR1E2Mu/ElectronRes_Up/NMinusOne/nbjet_ge1/pair/mass in Skim_TriLep_TTTT.root
2026-08-19 12:39:00,335 - INFO - [2018] MISSING_SYSTEMATIC: SR1E2Mu/ElectronRes_Down/NMinusOne/nbjet_ge1/pair/mass in Skim_TriLep_TTTT.root
2026-08-19 12:39:00,336 - INFO - [2018] MISSING_SYSTEMATIC: SR1E2Mu/UnclusteredEn_Up/NMinusOne/nbjet_ge1/pair/mass in Skim_TriLep_TTTT.root
2026-08-19 12:39:00,336 - INFO - [2018] MISSING_SYSTEMATIC: SR1E2Mu/UnclusteredEn_Down/NMinusOne/nbjet_ge1/pair/mass in Skim_TriLep_TTTT.root
2026-08-19 12:39:00,337 - INFO - [2018] MISSING_SYSTEMATIC: SR1E2Mu/BtagSF_HFcorr_Up/NMinusOne/nbjet_ge1/pair/mass in Skim_TriLep_TTTT.root
2026-08-19 12:39:00,337 - INFO - [2018] MISSING_SYSTEMATIC: SR1E2Mu/BtagSF_HFcorr_Down/NMinusOne/nbjet_ge1/pair/mass in Skim_TriLep_TTTT.root
2026-08-19 12:39:00,338 - INFO - [2018] MISSING_SYSTEMATIC: SR1E2Mu/BtagSF_HFuncorr_Up/NMinusOne/nbjet_ge1/pair/mass in Skim_TriLep_TTTT.root
2026-08-19 12:39:00,338 - INFO - [2018] MISSING_SYSTEMATIC: SR1E2Mu/BtagSF_HFuncorr_Down/NMinusOne/nbjet_ge1/pair/mass in Skim_TriLep_TTTT.root
2026-08-19 12:39:00,338 - INFO - [2018] MISSING_SYSTEMATIC: SR1E2Mu/BtagSF_LFcorr_Up/NMinusOne/nbjet_ge1/pair/mass in Skim_TriLep_TTTT.root
2026-08-19 12:39:00,338 - INFO - [2018] MISSING_SYSTEMATIC: SR1E2Mu/BtagSF_LFcorr_Down/NMinusOne/nbjet_ge1/pair/mass in Skim_TriLep_TTTT.root
2026-08-19 12:39:00,339 - INFO - [2018] MISSING_SYSTEMATIC: SR1E2Mu/BtagSF_LFuncorr_Up/NMinusOne/nbjet_ge1/pair/mass in Skim_TriLep_TTTT.root
2026-08-19 12:39:00,339 - INFO - [2018] MISSING_SYSTEMATIC: SR1E2Mu/BtagSF_LFuncorr_Down/NMinusOne/nbjet_ge1/pair/mass in Skim_TriLep_TTTT.root
2026-08-19 12:39:00,340 - INFO - [2018] MISSING_SYSTEMATIC: SR1E2Mu/L1Prefire_Up/NMinusOne/nbjet_ge1/pair/mass in Skim_TriLep_VBFHToZZTo4L.root
2026-08-19 12:39:00,340 - INFO - [2018] MISSING_SYSTEMATIC: SR1E2Mu/L1Prefire_Down/NMinusOne/nbjet_ge1/pair/mass in Skim_TriLep_VBFHToZZTo4L.root
2026-08-19 12:39:00,341 - INFO - [2018] MISSING_SYSTEMATIC: SR1E2Mu/PileupReweight_Up/NMinusOne/nbjet_ge1/pair/mass in Skim_TriLep_VBFHToZZTo4L.root
2026-08-19 12:39:00,341 - INFO - [2018] MISSING_SYSTEMATIC: SR1E2Mu/PileupReweight_Down/NMinusOne/nbjet_ge1/pair/mass in Skim_TriLep_VBFHToZZTo4L.root
2026-08-19 12:39:00,342 - INFO - [2018] MISSING_SYSTEMATIC: SR1E2Mu/PileupJetIDSF_Up/NMinusOne/nbjet_ge1/pair/mass in Skim_TriLep_VBFHToZZTo4L.root
2026-08-19 12:39:00,342 - INFO - [2018] MISSING_SYSTEMATIC: SR1E2Mu/PileupJetIDSF_Down/NMinusOne/nbjet_ge1/pair/mass in Skim_TriLep_VBFHToZZTo4L.root
2026-08-19 12:39:00,343 - INFO - [2018] MISSING_SYSTEMATIC: SR1E2Mu/MuonIDSF_Up/NMinusOne/nbjet_ge1/pair/mass in Skim_TriLep_VBFHToZZTo4L.root
2026-08-19 12:39:00,343 - INFO - [2018] MISSING_SYSTEMATIC: SR1E2Mu/MuonIDSF_Down/NMinusOne/nbjet_ge1/pair/mass in Skim_TriLep_VBFHToZZTo4L.root
2026-08-19 12:39:00,343 - INFO - [2018] MISSING_SYSTEMATIC: SR1E2Mu/ElectronRecoSF_Up/NMinusOne/nbjet_ge1/pair/mass in Skim_TriLep_VBFHToZZTo4L.root
2026-08-19 12:39:00,343 - INFO - [2018] MISSING_SYSTEMATIC: SR1E2Mu/ElectronRecoSF_Down/NMinusOne/nbjet_ge1/pair/mass in Skim_TriLep_VBFHToZZTo4L.root
2026-08-19 12:39:00,344 - INFO - [2018] MISSING_SYSTEMATIC: SR1E2Mu/ElectronIDSF_Up/NMinusOne/nbjet_ge1/pair/mass in Skim_TriLep_VBFHToZZTo4L.root
2026-08-19 12:39:00,344 - INFO - [2018] MISSING_SYSTEMATIC: SR1E2Mu/ElectronIDSF_Down/NMinusOne/nbjet_ge1/pair/mass in Skim_TriLep_VBFHToZZTo4L.root
2026-08-19 12:39:00,345 - INFO - [2018] MISSING_SYSTEMATIC: SR1E2Mu/EMuTrigSF_Up/NMinusOne/nbjet_ge1/pair/mass in Skim_TriLep_VBFHToZZTo4L.root
2026-08-19 12:39:00,345 - INFO - [2018] MISSING_SYSTEMATIC: SR1E2Mu/EMuTrigSF_Down/NMinusOne/nbjet_ge1/pair/mass in Skim_TriLep_VBFHToZZTo4L.root
2026-08-19 12:39:00,346 - INFO - [2018] MISSING_SYSTEMATIC: SR1E2Mu/JetEn_Up/NMinusOne/nbjet_ge1/pair/mass in Skim_TriLep_VBFHToZZTo4L.root
2026-08-19 12:39:00,346 - INFO - [2018] MISSING_SYSTEMATIC: SR1E2Mu/JetEn_Down/NMinusOne/nbjet_ge1/pair/mass in Skim_TriLep_VBFHToZZTo4L.root
2026-08-19 12:39:00,346 - INFO - [2018] MISSING_SYSTEMATIC: SR1E2Mu/JetRes_Up/NMinusOne/nbjet_ge1/pair/mass in Skim_TriLep_VBFHToZZTo4L.root
2026-08-19 12:39:00,346 - INFO - [2018] MISSING_SYSTEMATIC: SR1E2Mu/JetRes_Down/NMinusOne/nbjet_ge1/pair/mass in Skim_TriLep_VBFHToZZTo4L.root
2026-08-19 12:39:00,347 - INFO - [2018] MISSING_SYSTEMATIC: SR1E2Mu/MuonEn_Up/NMinusOne/nbjet_ge1/pair/mass in Skim_TriLep_VBFHToZZTo4L.root
2026-08-19 12:39:00,347 - INFO - [2018] MISSING_SYSTEMATIC: SR1E2Mu/MuonEn_Down/NMinusOne/nbjet_ge1/pair/mass in Skim_TriLep_VBFHToZZTo4L.root
2026-08-19 12:39:00,348 - INFO - [2018] MISSING_SYSTEMATIC: SR1E2Mu/ElectronEn_Up/NMinusOne/nbjet_ge1/pair/mass in Skim_TriLep_VBFHToZZTo4L.root
2026-08-19 12:39:00,348 - INFO - [2018] MISSING_SYSTEMATIC: SR1E2Mu/ElectronEn_Down/NMinusOne/nbjet_ge1/pair/mass in Skim_TriLep_VBFHToZZTo4L.root
2026-08-19 12:39:00,348 - INFO - [2018] MISSING_SYSTEMATIC: SR1E2Mu/ElectronRes_Up/NMinusOne/nbjet_ge1/pair/mass in Skim_TriLep_VBFHToZZTo4L.root
2026-08-19 12:39:00,348 - INFO - [2018] MISSING_SYSTEMATIC: SR1E2Mu/ElectronRes_Down/NMinusOne/nbjet_ge1/pair/mass in Skim_TriLep_VBFHToZZTo4L.root
2026-08-19 12:39:00,349 - INFO - [2018] MISSING_SYSTEMATIC: SR1E2Mu/UnclusteredEn_Up/NMinusOne/nbjet_ge1/pair/mass in Skim_TriLep_VBFHToZZTo4L.root
2026-08-19 12:39:00,349 - INFO - [2018] MISSING_SYSTEMATIC: SR1E2Mu/UnclusteredEn_Down/NMinusOne/nbjet_ge1/pair/mass in Skim_TriLep_VBFHToZZTo4L.root
2026-08-19 12:39:00,350 - INFO - [2018] MISSING_SYSTEMATIC: SR1E2Mu/BtagSF_HFcorr_Up/NMinusOne/nbjet_ge1/pair/mass in Skim_TriLep_VBFHToZZTo4L.root
2026-08-19 12:39:00,350 - INFO - [2018] MISSING_SYSTEMATIC: SR1E2Mu/BtagSF_HFcorr_Down/NMinusOne/nbjet_ge1/pair/mass in Skim_TriLep_VBFHToZZTo4L.root
2026-08-19 12:39:00,351 - INFO - [2018] MISSING_SYSTEMATIC: SR1E2Mu/BtagSF_HFuncorr_Up/NMinusOne/nbjet_ge1/pair/mass in Skim_TriLep_VBFHToZZTo4L.root
2026-08-19 12:39:00,351 - INFO - [2018] MISSING_SYSTEMATIC: SR1E2Mu/BtagSF_HFuncorr_Down/NMinusOne/nbjet_ge1/pair/mass in Skim_TriLep_VBFHToZZTo4L.root
2026-08-19 12:39:00,351 - INFO - [2018] MISSING_SYSTEMATIC: SR1E2Mu/BtagSF_LFcorr_Up/NMinusOne/nbjet_ge1/pair/mass in Skim_TriLep_VBFHToZZTo4L.root
2026-08-19 12:39:00,352 - INFO - [2018] MISSING_SYSTEMATIC: SR1E2Mu/BtagSF_LFcorr_Down/NMinusOne/nbjet_ge1/pair/mass in Skim_TriLep_VBFHToZZTo4L.root
2026-08-19 12:39:00,352 - INFO - [2018] MISSING_SYSTEMATIC: SR1E2Mu/BtagSF_LFuncorr_Up/NMinusOne/nbjet_ge1/pair/mass in Skim_TriLep_VBFHToZZTo4L.root
2026-08-19 12:39:00,352 - INFO - [2018] MISSING_SYSTEMATIC: SR1E2Mu/BtagSF_LFuncorr_Down/NMinusOne/nbjet_ge1/pair/mass in Skim_TriLep_VBFHToZZTo4L.root
2026-08-19 12:39:00,353 - INFO - [2018] MISSING_SYSTEMATIC: SR1E2Mu/L1Prefire_Up/NMinusOne/nbjet_ge1/pair/mass in Skim_TriLep_ggHToZZTo4L.root
2026-08-19 12:39:00,353 - INFO - [2018] MISSING_SYSTEMATIC: SR1E2Mu/L1Prefire_Down/NMinusOne/nbjet_ge1/pair/mass in Skim_TriLep_ggHToZZTo4L.root
2026-08-19 12:39:00,354 - INFO - [2018] MISSING_SYSTEMATIC: SR1E2Mu/PileupReweight_Up/NMinusOne/nbjet_ge1/pair/mass in Skim_TriLep_ggHToZZTo4L.root
2026-08-19 12:39:00,354 - INFO - [2018] MISSING_SYSTEMATIC: SR1E2Mu/PileupReweight_Down/NMinusOne/nbjet_ge1/pair/mass in Skim_TriLep_ggHToZZTo4L.root
2026-08-19 12:39:00,355 - INFO - [2018] MISSING_SYSTEMATIC: SR1E2Mu/PileupJetIDSF_Up/NMinusOne/nbjet_ge1/pair/mass in Skim_TriLep_ggHToZZTo4L.root
2026-08-19 12:39:00,355 - INFO - [2018] MISSING_SYSTEMATIC: SR1E2Mu/PileupJetIDSF_Down/NMinusOne/nbjet_ge1/pair/mass in Skim_TriLep_ggHToZZTo4L.root
2026-08-19 12:39:00,355 - INFO - [2018] MISSING_SYSTEMATIC: SR1E2Mu/MuonIDSF_Up/NMinusOne/nbjet_ge1/pair/mass in Skim_TriLep_ggHToZZTo4L.root
2026-08-19 12:39:00,355 - INFO - [2018] MISSING_SYSTEMATIC: SR1E2Mu/MuonIDSF_Down/NMinusOne/nbjet_ge1/pair/mass in Skim_TriLep_ggHToZZTo4L.root
2026-08-19 12:39:00,356 - INFO - [2018] MISSING_SYSTEMATIC: SR1E2Mu/ElectronRecoSF_Up/NMinusOne/nbjet_ge1/pair/mass in Skim_TriLep_ggHToZZTo4L.root
2026-08-19 12:39:00,356 - INFO - [2018] MISSING_SYSTEMATIC: SR1E2Mu/ElectronRecoSF_Down/NMinusOne/nbjet_ge1/pair/mass in Skim_TriLep_ggHToZZTo4L.root
2026-08-19 12:39:00,357 - INFO - [2018] MISSING_SYSTEMATIC: SR1E2Mu/ElectronIDSF_Up/NMinusOne/nbjet_ge1/pair/mass in Skim_TriLep_ggHToZZTo4L.root
2026-08-19 12:39:00,357 - INFO - [2018] MISSING_SYSTEMATIC: SR1E2Mu/ElectronIDSF_Down/NMinusOne/nbjet_ge1/pair/mass in Skim_TriLep_ggHToZZTo4L.root
2026-08-19 12:39:00,358 - INFO - [2018] MISSING_SYSTEMATIC: SR1E2Mu/EMuTrigSF_Up/NMinusOne/nbjet_ge1/pair/mass in Skim_TriLep_ggHToZZTo4L.root
2026-08-19 12:39:00,358 - INFO - [2018] MISSING_SYSTEMATIC: SR1E2Mu/EMuTrigSF_Down/NMinusOne/nbjet_ge1/pair/mass in Skim_TriLep_ggHToZZTo4L.root
2026-08-19 12:39:00,358 - INFO - [2018] MISSING_SYSTEMATIC: SR1E2Mu/JetEn_Up/NMinusOne/nbjet_ge1/pair/mass in Skim_TriLep_ggHToZZTo4L.root
2026-08-19 12:39:00,358 - INFO - [2018] MISSING_SYSTEMATIC: SR1E2Mu/JetEn_Down/NMinusOne/nbjet_ge1/pair/mass in Skim_TriLep_ggHToZZTo4L.root
2026-08-19 12:39:00,359 - INFO - [2018] MISSING_SYSTEMATIC: SR1E2Mu/JetRes_Up/NMinusOne/nbjet_ge1/pair/mass in Skim_TriLep_ggHToZZTo4L.root
2026-08-19 12:39:00,359 - INFO - [2018] MISSING_SYSTEMATIC: SR1E2Mu/JetRes_Down/NMinusOne/nbjet_ge1/pair/mass in Skim_TriLep_ggHToZZTo4L.root
2026-08-19 12:39:00,360 - INFO - [2018] MISSING_SYSTEMATIC: SR1E2Mu/MuonEn_Up/NMinusOne/nbjet_ge1/pair/mass in Skim_TriLep_ggHToZZTo4L.root
2026-08-19 12:39:00,360 - INFO - [2018] MISSING_SYSTEMATIC: SR1E2Mu/MuonEn_Down/NMinusOne/nbjet_ge1/pair/mass in Skim_TriLep_ggHToZZTo4L.root
2026-08-19 12:39:00,361 - INFO - [2018] MISSING_SYSTEMATIC: SR1E2Mu/ElectronEn_Up/NMinusOne/nbjet_ge1/pair/mass in Skim_TriLep_ggHToZZTo4L.root
2026-08-19 12:39:00,361 - INFO - [2018] MISSING_SYSTEMATIC: SR1E2Mu/ElectronEn_Down/NMinusOne/nbjet_ge1/pair/mass in Skim_TriLep_ggHToZZTo4L.root
2026-08-19 12:39:00,362 - INFO - [2018] MISSING_SYSTEMATIC: SR1E2Mu/ElectronRes_Up/NMinusOne/nbjet_ge1/pair/mass in Skim_TriLep_ggHToZZTo4L.root
2026-08-19 12:39:00,362 - INFO - [2018] MISSING_SYSTEMATIC: SR1E2Mu/ElectronRes_Down/NMinusOne/nbjet_ge1/pair/mass in Skim_TriLep_ggHToZZTo4L.root
2026-08-19 12:39:00,363 - INFO - [2018] MISSING_SYSTEMATIC: SR1E2Mu/UnclusteredEn_Up/NMinusOne/nbjet_ge1/pair/mass in Skim_TriLep_ggHToZZTo4L.root
2026-08-19 12:39:00,363 - INFO - [2018] MISSING_SYSTEMATIC: SR1E2Mu/UnclusteredEn_Down/NMinusOne/nbjet_ge1/pair/mass in Skim_TriLep_ggHToZZTo4L.root
2026-08-19 12:39:00,364 - INFO - [2018] MISSING_SYSTEMATIC: SR1E2Mu/BtagSF_HFcorr_Up/NMinusOne/nbjet_ge1/pair/mass in Skim_TriLep_ggHToZZTo4L.root
2026-08-19 12:39:00,364 - INFO - [2018] MISSING_SYSTEMATIC: SR1E2Mu/BtagSF_HFcorr_Down/NMinusOne/nbjet_ge1/pair/mass in Skim_TriLep_ggHToZZTo4L.root
2026-08-19 12:39:00,365 - INFO - [2018] MISSING_SYSTEMATIC: SR1E2Mu/BtagSF_HFuncorr_Up/NMinusOne/nbjet_ge1/pair/mass in Skim_TriLep_ggHToZZTo4L.root
2026-08-19 12:39:00,365 - INFO - [2018] MISSING_SYSTEMATIC: SR1E2Mu/BtagSF_HFuncorr_Down/NMinusOne/nbjet_ge1/pair/mass in Skim_TriLep_ggHToZZTo4L.root
2026-08-19 12:39:00,365 - INFO - [2018] MISSING_SYSTEMATIC: SR1E2Mu/BtagSF_LFcorr_Up/NMinusOne/nbjet_ge1/pair/mass in Skim_TriLep_ggHToZZTo4L.root
2026-08-19 12:39:00,365 - INFO - [2018] MISSING_SYSTEMATIC: SR1E2Mu/BtagSF_LFcorr_Down/NMinusOne/nbjet_ge1/pair/mass in Skim_TriLep_ggHToZZTo4L.root
2026-08-19 12:39:00,366 - INFO - [2018] MISSING_SYSTEMATIC: SR1E2Mu/BtagSF_LFuncorr_Up/NMinusOne/nbjet_ge1/pair/mass in Skim_TriLep_ggHToZZTo4L.root
2026-08-19 12:39:00,366 - INFO - [2018] MISSING_SYSTEMATIC: SR1E2Mu/BtagSF_LFuncorr_Down/NMinusOne/nbjet_ge1/pair/mass in Skim_TriLep_ggHToZZTo4L.root
