{
  "syst": "ljet",
  "observed": 199.1100529767573,
  "expected": 292.91306814271957,
  "difference": -0.3202418238310129,
  "max_bin_difference": 0.8688293618060932,
  "max_bin_difference_bin": 137,
  "max_bin_difference_filtered": 0.7010822681048512,
  "max_bin_difference_filtered_bin": 82,
  "snr_threshold": 3.0,
  "mass_range_min": 10.0,
  "mass_range_max": 160.0,
  "percentile_68_difference": 0.4389642655971785,
  "percentile_95_difference": 0.5994171487989506,
  "rms_bin_difference": 0.38740931207590507,
  "chi2": 242.12427521405465,
  "ndf": 44,
  "chi2_per_ndf": 5.50282443668306,
  "p_value": 3.4678685395705266e-29,
  "closure_uncertainty_scale": 4.55,
  "recommended_systematic_pct": 355.0
}