{
  "syst": "TT",
  "observed": 36.286768703721464,
  "expected": 36.88217890338274,
  "difference": -0.016143574413567632,
  "max_bin_difference": 23.473906013865406,
  "max_bin_difference_bin": 155,
  "max_bin_difference_filtered": 0.5915604317881152,
  "max_bin_difference_filtered_bin": 26,
  "snr_threshold": 3.0,
  "mass_range_min": 10.0,
  "mass_range_max": 160.0,
  "percentile_68_difference": 0.25150243104755576,
  "percentile_95_difference": 0.5798234022610157,
  "rms_bin_difference": 0.27640104385962966,
  "chi2": 6.758470708413708,
  "ndf": 6,
  "chi2_per_ndf": 1.126411784735618,
  "p_value": 0.343762458688961,
  "closure_uncertainty_scale": 0.9500000000000001,
  "recommended_systematic_pct": 4.999999999999993
}