{
  "syst": "TT",
  "observed": 36.28676834329963,
  "expected": 36.88217994818115,
  "difference": -0.01614361205650162,
  "max_bin_difference": 8.869169664350547,
  "max_bin_difference_bin": 64,
  "max_bin_difference_filtered": 0.5831507690681714,
  "max_bin_difference_filtered_bin": 23,
  "snr_threshold": 3.0,
  "mass_range_min": 10.0,
  "mass_range_max": 160.0,
  "percentile_68_difference": 0.20588849305432247,
  "percentile_95_difference": 0.4569391457180433,
  "rms_bin_difference": 0.22971836629222472,
  "chi2": 14.031798132866776,
  "ndf": 5,
  "chi2_per_ndf": 2.806359626573355,
  "p_value": 0.015408686810963865,
  "closure_uncertainty_scale": 3.35,
  "recommended_systematic_pct": 235.0
}