{
  "syst": "TT",
  "observed": 36.2867685505189,
  "expected": 36.882179205000284,
  "difference": -0.01614358661325146,
  "max_bin_difference": 97.31044506539237,
  "max_bin_difference_bin": 135,
  "max_bin_difference_filtered": 0.6405568335520667,
  "max_bin_difference_filtered_bin": 24,
  "snr_threshold": 3.0,
  "mass_range_min": 10.0,
  "mass_range_max": 160.0,
  "percentile_68_difference": 0.32212406182438813,
  "percentile_95_difference": 0.4715080463700437,
  "rms_bin_difference": 0.2843254919732367,
  "chi2": 9.559914782513216,
  "ndf": 6,
  "chi2_per_ndf": 1.5933191304188694,
  "p_value": 0.14445053241434255,
  "closure_uncertainty_scale": 1.55,
  "recommended_systematic_pct": 55.00000000000001
}