{
  "hyperparameters": {
    "signal": "MHc130_MA100",
    "channel": "Combined",
    "iteration": 1,
    "model_idx": 10,
    "num_hidden": 192,
    "optimizer": "Adam",
    "initial_lr": 0.0008,
    "weight_decay": 0.00047,
    "scheduler": "CyclicLR",
    "pilot_mode": false,
    "num_classes": 4,
    "model_type": "ParticleNet",
    "num_node_features": 9,
    "num_graph_features": 4,
    "dropout_p": 0.4,
    "batch_size": 256,
    "train_folds": [
      0,
      1,
      2
    ],
    "valid_folds": [
      3
    ],
    "loss_type": "disco",
    "disco_lambda": 0.05
  },
  "training_summary": {
    "best_epoch": 8,
    "best_train_loss": 0.6660778679190592,
    "best_valid_loss": 0.6418794839689047,
    "best_train_acc": 0.5619688332080841,
    "best_valid_acc": 0.5888106375932693,
    "total_epochs": 16
  },
  "epoch_history": {
    "train_loss": [
      1.040733871190371,
      0.7729199736362633,
      0.7195817172316696,
      0.7020526360285998,
      0.6929261332265901,
      0.6884863108712456,
      0.6833330889051458,
      0.6749944787985865,
      0.6660778679190592,
      0.670937085909894,
      0.6780948059297703,
      0.6824228239564929,
      0.6802636028599823,
      0.6744289869975707,
      0.6701388409617933,
      0.6647365610506847
    ],
    "valid_loss": [
      0.9705406264503403,
      0.803188694113552,
      0.7136989480198019,
      0.687661350363552,
      0.6867912670173267,
      0.6752483707843441,
      0.6654879428372524,
      0.6539971379950495,
      0.6418794839689047,
      0.6532047082882116,
      0.6558781085628094,
      0.6673191788172957,
      0.6608517486270111,
      0.6545245784344059,
      0.6553504868309097,
      0.6443869411355198
    ],
    "train_acc": [
      0.3458624929189682,
      0.45812569558620453,
      0.5054604485630989,
      0.5249038338661194,
      0.534697636961937,
      0.5402180626988411,
      0.544825091958046,
      0.5541252344846725,
      0.5619688332080841,
      0.5574544966220856,
      0.5509447827935219,
      0.547848604619503,
      0.5504909008741379,
      0.5553420335054398,
      0.559183843433857,
      0.5629491731524467
    ],
    "valid_acc": [
      0.3756836596876383,
      0.45126866549253464,
      0.512411966919899,
      0.5432523936033249,
      0.5352139659225941,
      0.5567519143223763,
      0.5640760362148285,
      0.5765771195292473,
      0.5888106375932693,
      0.5732449144124985,
      0.5727367550134659,
      0.5626766979694366,
      0.5716905370354652,
      0.5758928805589676,
      0.5703854411840439,
      0.5881908535957336
    ],
    "epoch": [
      0,
      1,
      2,
      3,
      4,
      5,
      6,
      7,
      8,
      9,
      10,
      11,
      12,
      13,
      14,
      15
    ],
    "timestamp": [
      1767310262.5760458,
      1767310586.7793725,
      1767310911.3101509,
      1767311236.4113643,
      1767311561.5585907,
      1767311886.043545,
      1767312210.5467935,
      1767312534.4111197,
      1767312840.3126044,
      1767313126.3892946,
      1767313399.3557262,
      1767313653.802668,
      1767313893.678811,
      1767314134.0105257,
      1767314361.562328,
      1767314567.9370177
    ],
    "train_ce_loss": [
      1.0129357417354314,
      0.7434009298208324,
      0.6900400466295519,
      0.6730332185859815,
      0.6636650086291688,
      0.6593865595521017,
      0.6541471336418664,
      0.6457316324272763,
      0.6371546398835132,
      0.6421722092603205,
      0.6491031268670786,
      0.6533979990457056,
      0.6511169200861833,
      0.645420312565544,
      0.6410868520450255,
      0.6357787182811292
    ],
    "valid_ce_loss": [
      0.9428937995787894,
      0.7755873758013886,
      0.6858175168533136,
      0.6595343097011642,
      0.6583726781429631,
      0.6470764347232214,
      0.6372424423104466,
      0.6257925282610525,
      0.6138867247517746,
      0.62559461850341,
      0.6280006311317482,
      0.6395501994850612,
      0.6325624714393426,
      0.6266269479352649,
      0.6278209728474664,
      0.6161004857556655
    ],
    "train_disco_term": [
      0.5559635905831947,
      0.5903810048482443,
      0.5908330328262316,
      0.5803882848247622,
      0.5852221266962193,
      0.5819957313815612,
      0.5837197358111189,
      0.5852573615080897,
      0.5784642321271526,
      0.5752980929592052,
      0.5798333054928392,
      0.5804971282347352,
      0.582934022981792,
      0.5801735396309371,
      0.5810401064347042,
      0.5791568718403052
    ],
    "valid_disco_term": [
      0.5529365725446456,
      0.5520253820289479,
      0.55762848435062,
      0.5625410172018674,
      0.5683718042208417,
      0.563437951378303,
      0.5649102824159188,
      0.564092245314381,
      0.5598551655759906,
      0.5522014036036954,
      0.5575495151600035,
      0.5553796293121753,
      0.5657855292948166,
      0.5579522868784348,
      0.5505898436992476,
      0.5657301595895597
    ]
  }
}