{
  "syst": "bjet",
  "observed": 18.549673123285174,
  "expected": NaN,
  "difference": NaN,
  "max_bin_difference": 20.167329962557023,
  "max_bin_difference_bin": 146,
  "max_bin_difference_filtered": 5.865301526439491,
  "max_bin_difference_filtered_bin": 18,
  "snr_threshold": 3.0,
  "mass_range_min": 10.0,
  "mass_range_max": 160.0,
  "percentile_68_difference": 1.0496211550258976,
  "percentile_95_difference": 4.456714446942478,
  "rms_bin_difference": 2.1019517678915247,
  "chi2": NaN,
  "ndf": 0,
  "chi2_per_ndf": 0.0,
  "p_value": NaN,
  "closure_uncertainty_scale": 1.85,
  "recommended_systematic_pct": 85.00000000000001
}