{
  "hyperparameters": {
    "signal": "MHc130_MA90",
    "channel": "Combined",
    "num_hidden": 256,
    "optimizer": "Adam",
    "initial_lr": 0.0005,
    "weight_decay": 4e-05,
    "scheduler": "ExponentialLR",
    "pilot_mode": true,
    "num_classes": 4,
    "model_type": "ParticleNet",
    "num_node_features": 9,
    "num_graph_features": 4,
    "dropout_p": 0.4,
    "batch_size": 1024,
    "loss_type": "disco",
    "train_folds": [
      0,
      1,
      2
    ],
    "valid_folds": [
      3
    ],
    "test_folds": [
      4
    ],
    "disco_lambda": 0.5
  },
  "training_summary": {
    "best_epoch": 5,
    "best_train_loss": 1.2633338807121155,
    "best_valid_loss": 1.3314056396484375,
    "best_train_acc": 0.27336642146110535,
    "best_valid_acc": 0.25000354647636414,
    "total_epochs": 16
  },
  "epoch_history": {
    "train_loss": [
      1.5591711619543651,
      1.4504336402529763,
      1.388427249968998,
      1.3400331527467757,
      1.3105189005533855,
      1.2633338807121155,
      1.2785513741629464,
      1.2610150291806175,
      1.2367344205341642,
      1.244690183609251,
      1.20980956062438,
      1.2036551823691717,
      1.1896853976779513,
      1.1785183861142112,
      1.176148187546503,
      1.1664811391679069
    ],
    "valid_loss": [
      1.4605889698815724,
      1.4868803478422619,
      1.3531725444490947,
      1.4357244097997273,
      1.3936432126968625,
      1.3314056396484375,
      1.3577626546223958,
      1.4113810705760168,
      1.3790234762524802,
      1.385622297014509,
      1.4294172014508928,
      1.512938484312996,
      1.4445428999643477,
      1.4099532838851687,
      1.4014146592881944,
      1.405243888733879
    ],
    "train_acc": [
      0.2629527859389782,
      0.2654401361942291,
      0.26658421754837036,
      0.26873844116926193,
      0.27488044649362564,
      0.27336642146110535,
      0.27173737436532974,
      0.2725156657397747,
      0.28164511546492577,
      0.2726736031472683,
      0.27534475177526474,
      0.29222162812948227,
      0.284831203520298,
      0.2878084257245064,
      0.28168293461203575,
      0.302349716424942
    ],
    "valid_acc": [
      0.25049796886742115,
      0.2480040267109871,
      0.24881737679243088,
      0.25764960050582886,
      0.24790551327168941,
      0.25000354647636414,
      0.25165995582938194,
      0.24925163702573627,
      0.24630801379680634,
      0.24700885824859142,
      0.25485090911388397,
      0.2490727473050356,
      0.2463567927479744,
      0.24789514392614365,
      0.24767625331878662,
      0.2468325663357973
    ],
    "epoch": [
      0,
      1,
      2,
      3,
      4,
      5,
      6,
      7,
      8,
      9,
      10,
      11,
      12,
      13,
      14,
      15
    ],
    "timestamp": [
      1772111730.3826702,
      1772111744.9313393,
      1772111757.9649613,
      1772111771.52883,
      1772111784.8507662,
      1772111797.5681822,
      1772111810.362924,
      1772111823.2103834,
      1772111836.2177048,
      1772111848.7940347,
      1772111867.2521925,
      1772111879.7247412,
      1772111892.3380795,
      1772111904.586781,
      1772111917.168571,
      1772111929.3893464
    ],
    "train_ce_loss": [
      1.330081750476171,
      1.2098681728045146,
      1.1487855655806405,
      1.1099432054020109,
      1.0719028096350411,
      1.0338477312572418,
      1.037819506630065,
      1.015024861646077,
      0.9910340990339007,
      0.9882559520857674,
      0.9685866350219363,
      0.9541020516365294,
      0.9508302088767763,
      0.9369460410541959,
      0.9342292518842787,
      0.9151768334328182
    ],
    "train_disco_term": [
      0.45817874064521186,
      0.4811307861218377,
      0.47928313934613787,
      0.46017992685711573,
      0.4772322035971142,
      0.45897233486175537,
      0.48146371283228434,
      0.49198038568572394,
      0.49140066286874196,
      0.512868324915568,
      0.48244588999521165,
      0.49910621699832736,
      0.47771017844714814,
      0.4831445254976787,
      0.4838378263844384,
      0.5026088711761293
    ],
    "valid_ce_loss": [
      1.2112343349154033,
      1.2183114347003756,
      1.0878306636734614,
      1.173461722003089,
      1.1244733030833896,
      1.0621224036292425,
      1.0769080954884727,
      1.1341229213608637,
      1.093954741008698,
      1.0908292730649312,
      1.1440809993516832,
      1.237707885484847,
      1.1597676759674436,
      1.1269437027355982,
      1.1129537092314825,
      1.1240468432032873
    ],
    "valid_disco_term": [
      0.4987093262256138,
      0.5371380301695021,
      0.5306838660959213,
      0.5245254687846653,
      0.5383399237716009,
      0.5385664450743842,
      0.5617091054954226,
      0.5545161584066967,
      0.5701373200567942,
      0.5895861770425525,
      0.5706724609647479,
      0.5504610547943721,
      0.569550588490471,
      0.5660191192513421,
      0.5769217350180187,
      0.5623940011811634
    ]
  }
}