{
  "hyperparameters": {
    "signal": "MHc160_MA85",
    "channel": "Run3Mu",
    "iteration": 3,
    "model_idx": 2,
    "num_hidden": 128,
    "optimizer": "Adam",
    "initial_lr": 0.0002,
    "weight_decay": 2e-05,
    "scheduler": "CyclicLR",
    "pilot_mode": false,
    "num_classes": 4,
    "model_type": "ParticleNet",
    "num_node_features": 9,
    "num_graph_features": 4,
    "dropout_p": 0.3,
    "batch_size": 1024,
    "train_folds": [
      0,
      1,
      2
    ],
    "valid_folds": [
      3
    ]
  },
  "training_summary": {
    "best_epoch": 79,
    "best_train_loss": 0.7335071876431268,
    "best_valid_loss": 0.7550848398917052,
    "best_train_acc": 0.7095912449197092,
    "best_valid_acc": 0.7021607626407386,
    "total_epochs": 81
  },
  "epoch_history": {
    "train_loss": [
      1.0756731205392496,
      0.8945237003155074,
      0.8496488711301323,
      0.8274338455782141,
      0.8206029623152354,
      0.8130325211288822,
      0.8105481642988309,
      0.8095988561726248,
      0.8095871000918741,
      0.8102989729277057,
      0.8045330258814847,
      0.798827437369579,
      0.7948564259690132,
      0.7921079045352715,
      0.7878573349342602,
      0.7874637711868595,
      0.7886817929588716,
      0.7848470939971893,
      0.7774752755964461,
      0.7743735113565828,
      0.7703710187995199,
      0.7695422361254769,
      0.7676154081721248,
      0.7658635531972499,
      0.7649250843811305,
      0.7653793699876742,
      0.7643037074134829,
      0.7659021434167036,
      0.7634167028641422,
      0.759621385377773,
      0.7591143651033224,
      0.7573511822361803,
      0.7578776099110986,
      0.7577677033104993,
      0.7565103949113742,
      0.7576137591701628,
      0.756419202667619,
      0.753951253035938,
      0.7522121499285161,
      0.7530792280741159,
      0.751040765750452,
      0.750766377600753,
      0.7517094621815199,
      0.751360739454568,
      0.7507739065697099,
      0.7495310546714219,
      0.7480745988836521,
      0.7469343291724756,
      0.7464247973557167,
      0.7463122514063109,
      0.7479256368714673,
      0.7490236568175268,
      0.7478651370924201,
      0.7455845219538881,
      0.7450901223420296,
      0.7422170076106832,
      0.7418794743050292,
      0.7417505809942574,
      0.7422459611270503,
      0.7470794704025793,
      0.7443171842146641,
      0.7411703013393075,
      0.7404829334324051,
      0.7393918251532299,
      0.7391166762620439,
      0.7393944954641507,
      0.739802375262399,
      0.7403153751941667,
      0.7400375884541105,
      0.739231686802026,
      0.7381257865691335,
      0.7370201888397779,
      0.7357637305581848,
      0.7364905161440825,
      0.7384805424197824,
      0.7402605272237102,
      0.7385780047487862,
      0.7370864891755595,
      0.7349715093847577,
      0.7335071876431268,
      0.7345567086774814
    ],
    "valid_loss": [
      1.0960151437859889,
      0.9158651093413185,
      0.8697778256908388,
      0.8450514392242362,
      0.8381578298371585,
      0.8303121702599581,
      0.827964387768119,
      0.8273289268242476,
      0.8270795570514528,
      0.8276516368386146,
      0.8216143671536639,
      0.8160052844756146,
      0.8133698169419683,
      0.810326199212224,
      0.806075266435289,
      0.8059583020385072,
      0.8067503699301299,
      0.8029430668307482,
      0.7952713824335599,
      0.7914930260657705,
      0.7876320450067592,
      0.7876611835937809,
      0.785112478449561,
      0.7835484741966761,
      0.7825289645929945,
      0.782895752063309,
      0.7823695658346232,
      0.7827573351366287,
      0.7814892555604942,
      0.7778730540002303,
      0.7776494474637087,
      0.7758341978941453,
      0.7768272894401256,
      0.7757791445678852,
      0.7753239383240524,
      0.7760691434731591,
      0.7751694120653478,
      0.7724578854522297,
      0.7713017324972485,
      0.7721776151153453,
      0.7700796349167278,
      0.7698523468823177,
      0.7708316485172655,
      0.7703229225824507,
      0.7698398255367823,
      0.7687515744226793,
      0.7671812519887241,
      0.7669077243794964,
      0.7662352950207235,
      0.7660578616103506,
      0.767581531521215,
      0.7684809299607872,
      0.7669998724939447,
      0.7651261461626997,
      0.7648976828325604,
      0.762547248676385,
      0.7619490062360418,
      0.7619358605146502,
      0.7623467580611678,
      0.7668856866180488,
      0.7636710546609785,
      0.7615354157061974,
      0.760738136789144,
      0.7597209069788844,
      0.7594097974523176,
      0.7597335157950312,
      0.7602829800797735,
      0.760224536663242,
      0.7601594578034502,
      0.7598341545995755,
      0.7585308400730874,
      0.7576551995697768,
      0.7569176239360171,
      0.7571261422753317,
      0.7591385317557793,
      0.7613175203723597,
      0.7596603799737278,
      0.7578751741428723,
      0.7564742441054589,
      0.7550848398917052,
      0.7562984192361364
    ],
    "train_acc": [
      0.6634198710775929,
      0.6714356585168133,
      0.6741587100873411,
      0.6770977278169108,
      0.6774404567214772,
      0.6804577230593953,
      0.6816439719619587,
      0.6820633845027066,
      0.680947559347657,
      0.6822277065802385,
      0.6800132709639759,
      0.6841416675404428,
      0.6871511090175261,
      0.6869836569956603,
      0.6881980753972291,
      0.6885940133554724,
      0.6874046345085753,
      0.6894046689379629,
      0.693154342250023,
      0.6932889298563825,
      0.695087082876231,
      0.6955659643593238,
      0.6956332581625035,
      0.6971935354129727,
      0.6973625524070054,
      0.6967365635402174,
      0.6976739818682325,
      0.6948163426913452,
      0.6974079365998476,
      0.6998007790431447,
      0.7002389712498963,
      0.7006192594864701,
      0.7002374062777293,
      0.7004471125481033,
      0.700725677593824,
      0.7012624630470947,
      0.7004236379655988,
      0.7019807852717339,
      0.7021059830450915,
      0.7024283673114874,
      0.7029901923194296,
      0.7029275934327508,
      0.7023094294267976,
      0.7024111526176507,
      0.7033595257508345,
      0.7039745598124537,
      0.7037304241544065,
      0.7047742605897754,
      0.7045567294585666,
      0.7047038368422618,
      0.7045207350987263,
      0.7034737687190233,
      0.7037851981802503,
      0.7053392155420516,
      0.7057445433332968,
      0.7063767920887527,
      0.7064910350569416,
      0.7058165320529775,
      0.7067101311603173,
      0.7029823674585948,
      0.7052687917945379,
      0.7064816452239397,
      0.7066146678581321,
      0.7068181142398382,
      0.7071858826990762,
      0.7068525436275116,
      0.7069276622915261,
      0.7067085661881504,
      0.7072453516414211,
      0.7074425381344592,
      0.7080434874465757,
      0.7081765100807682,
      0.7081295609157591,
      0.7082985779097919,
      0.7069573967626985,
      0.7075661709356499,
      0.7068478487110107,
      0.7077977868163615,
      0.7085051542358319,
      0.7095912449197092,
      0.7089496063312514
    ],