{
  "observed": 36.373316189972684,
  "expected": 47.57144555429113,
  "difference": -0.23539602872774867,
  "max_bin_difference": 17.149455559977593,
  "max_bin_difference_bin": 155,
  "max_bin_difference_filtered": 2.3035576743874726,
  "max_bin_difference_filtered_bin": 86,
  "snr_threshold": 3.0,
  "mass_range_min": 10.0,
  "mass_range_max": 160.0,
  "percentile_68_difference": 0.49528327966375757,
  "percentile_95_difference": 0.9473106521958767,
  "rms_bin_difference": 0.5482129116262928,
  "chi2": 336.83673232335343,
  "ndf": 205,
  "chi2_per_ndf": 1.6431060113334313,
  "p_value": 1.7742312408601227e-08,
  "closure_uncertainty_scale": 1.4000000000000001,
  "recommended_systematic_pct": 40.000000000000014
}