{
  "observed": 36.373316913843155,
  "expected": 47.571445524692535,
  "difference": -0.23539601303552687,
  "max_bin_difference": 0.0,
  "max_bin_difference_bin": -1,
  "max_bin_difference_filtered": 0.0,
  "max_bin_difference_filtered_bin": -1,
  "snr_threshold": 3.0,
  "mass_range_min": 10.0,
  "mass_range_max": 160.0,
  "percentile_68_difference": 0.0,
  "percentile_95_difference": 0.0,
  "rms_bin_difference": 0.0,
  "chi2": 41.29851112955066,
  "ndf": 48,
  "chi2_per_ndf": 0.8603856485323055,
  "p_value": 0.7420699039815787,
  "closure_uncertainty_scale": 0.7000000000000001,
  "recommended_systematic_pct": 29.999999999999993
}