{
  "observed": 36.7361075412482,
  "expected": 45.685103781857606,
  "difference": -0.19588433646424624
}