{
  "observed": 36.373316917801276,
  "expected": 46.770219832535076,
  "difference": -0.22229749939086954,
  "max_bin_difference": 2.2691193040065616,
  "max_bin_difference_bin": 136,
  "max_bin_difference_filtered": 0.510883160630398,
  "max_bin_difference_filtered_bin": 34,
  "snr_threshold": 3.0,
  "mass_range_min": 10.0,
  "mass_range_max": 160.0,
  "percentile_68_difference": 0.2670632620586212,
  "percentile_95_difference": 0.45412703046936187,
  "rms_bin_difference": 0.2600247844567762,
  "chi2": 7.340074541195605,
  "ndf": 9,
  "chi2_per_ndf": 0.8155638379106228,
  "p_value": 0.6017584647226831,
  "closure_uncertainty_scale": 0.4,
  "recommended_systematic_pct": 60.0
}