{
  "syst": "TT",
  "observed": 26.898267975542694,
  "expected": 22.28941500002111,
  "difference": 0.20677316903638884,
  "max_bin_difference": 0.27157466910866507,
  "max_bin_difference_bin": 1,
  "max_bin_difference_filtered": 0.27157466910866507,
  "max_bin_difference_filtered_bin": 1,
  "snr_threshold": 3.0,
  "mass_range_min": 10.0,
  "mass_range_max": 160.0,
  "percentile_68_difference": 0.21699968181271873,
  "percentile_95_difference": 0.2669885091494956,
  "rms_bin_difference": 0.18510411857196515,
  "chi2": 1.6971387643480462,
  "ndf": 4,
  "chi2_per_ndf": 0.42428469108701156,
  "p_value": 0.7912373055645286,
  "closure_uncertainty_scale": 0.1,
  "recommended_systematic_pct": 90.0
}