{
  "Central": {
    "ptcorr_10to15_EB1": 8817.226531147957,
    "ptcorr_10to15_EB2": 4783.763783540577,
    "ptcorr_10to15_EE": 7728.7608656995,
    "ptcorr_15to20_EB1": 6975.155777987093,
    "ptcorr_15to20_EB2": 4502.911447092891,
    "ptcorr_15to20_EE": 7098.7519901283085,
    "ptcorr_20to25_EB1": 5769.40917025134,
    "ptcorr_20to25_EB2": 3668.002687111497,
    "ptcorr_20to25_EE": 5386.90269299224,
    "ptcorr_25to35_EB1": 7601.190215107985,
    "ptcorr_25to35_EB2": 5155.03023654595,
    "ptcorr_25to35_EE": 7108.331002641469,
    "ptcorr_35to50_EB1": 5661.801660455763,
    "ptcorr_35to50_EB2": 3662.908029291779,
    "ptcorr_35to50_EE": 4217.655688662082,
    "ptcorr_50to100_EB1": 2683.358683373779,
    "ptcorr_50to100_EB2": 1805.6951855998486,
    "ptcorr_50to100_EE": 2438.264248061925
  },
  "MotherJetPt_Up": {
    "ptcorr_10to15_EB1": 2644.1731454245746,
    "ptcorr_10to15_EB2": 1271.671770900488,
    "ptcorr_10to15_EE": 2400.0779127702117,
    "ptcorr_15to20_EB1": 1852.54084751755,
    "ptcorr_15to20_EB2": 1200.5233479700983,
    "ptcorr_15to20_EE": 2413.0116447880864,
    "ptcorr_20to25_EB1": 1607.1628402099013,
    "ptcorr_20to25_EB2": 836.5614596903324,
    "ptcorr_20to25_EE": 1448.966601729393,
    "ptcorr_25to35_EB1": 2022.020981606096,
    "ptcorr_25to35_EB2": 1254.1728134825826,
    "ptcorr_25to35_EE": 2087.8198499642313,
    "ptcorr_35to50_EB1": 2150.2699863389134,
    "ptcorr_35to50_EB2": 1227.0000241361558,
    "ptcorr_35to50_EE": 1620.1474656760693,
    "ptcorr_50to100_EB1": 1770.705225262791,
    "ptcorr_50to100_EB2": 1231.940625127405,
    "ptcorr_50to100_EE": 1689.4002888053656
  },
  "MotherJetPt_Down": {
    "ptcorr_10to15_EB1": 17417.17807450518,
    "ptcorr_10to15_EB2": 9068.982280083,
    "ptcorr_10to15_EE": 14328.726012848318,
    "ptcorr_15to20_EB1": 14283.345153272152,
    "ptcorr_15to20_EB2": 9391.696297053248,
    "ptcorr_15to20_EE": 13891.683074243367,
    "ptcorr_20to25_EB1": 11921.673919707537,
    "ptcorr_20to25_EB2": 7186.805149767548,
    "ptcorr_20to25_EE": 9663.290790308267,
    "ptcorr_25to35_EB1": 12394.25742243696,
    "ptcorr_25to35_EB2": 8189.622985523194,
    "ptcorr_25to35_EE": 10728.169081378728,
    "ptcorr_35to50_EB1": 7291.620984189212,
    "ptcorr_35to50_EB2": 4720.107073143125,
    "ptcorr_35to50_EE": 5421.395121533424,
    "ptcorr_50to100_EB1": 2972.045868139714,
    "ptcorr_50to100_EB2": 2013.7750896196812,
    "ptcorr_50to100_EE": 2662.6044843159616
  },
  "RequireHeavyTag": {
    "ptcorr_10to15_EB1": 449.65293072909117,
    "ptcorr_10to15_EB2": 335.057456150651,
    "ptcorr_10to15_EE": 308.6563172265887,
    "ptcorr_15to20_EB1": 373.0076550655067,
    "ptcorr_15to20_EB2": 246.84905801340938,
    "ptcorr_15to20_EE": 431.2263838723302,
    "ptcorr_20to25_EB1": 415.52747682482004,
    "ptcorr_20to25_EB2": 187.85072799772024,
    "ptcorr_20to25_EE": 218.44798953086138,
    "ptcorr_25to35_EB1": 378.891544226557,
    "ptcorr_25to35_EB2": 237.6474168896675,
    "ptcorr_25to35_EE": 350.6789721250534,
    "ptcorr_35to50_EB1": 317.97262227907777,
    "ptcorr_35to50_EB2": 251.56579988449812,
    "ptcorr_35to50_EE": 64.13578537106514,
    "ptcorr_50to100_EB1": 162.4837869182229,
    "ptcorr_50to100_EB2": 70.62005058303475,
    "ptcorr_50to100_EE": 150.8499094210565
  },
  "L1Prefire_Up": {
    "ptcorr_10to15_EB1": 8817.226531147957,
    "ptcorr_10to15_EB2": 4783.763783540577,
    "ptcorr_10to15_EE": 7728.7608656995,
    "ptcorr_15to20_EB1": 6975.155777987093,
    "ptcorr_15to20_EB2": 4502.911447092891,
    "ptcorr_15to20_EE": 7098.7519901283085,
    "ptcorr_20to25_EB1": 5769.40917025134,
    "ptcorr_20to25_EB2": 3668.002687111497,
    "ptcorr_20to25_EE": 5386.90269299224,
    "ptcorr_25to35_EB1": 7601.190215107985,
    "ptcorr_25to35_EB2": 5155.03023654595,
    "ptcorr_25to35_EE": 7108.331002641469,
    "ptcorr_35to50_EB1": 5661.801660455763,
    "ptcorr_35to50_EB2": 3662.908029291779,
    "ptcorr_35to50_EE": 4217.655688662082,
    "ptcorr_50to100_EB1": 2683.358683373779,
    "ptcorr_50to100_EB2": 1805.6951855998486,
    "ptcorr_50to100_EE": 2438.264248061925
  },
  "L1Prefire_Down": {
    "ptcorr_10to15_EB1": 8817.226531147957,
    "ptcorr_10to15_EB2": 4783.763783540577,
    "ptcorr_10to15_EE": 7728.7608656995,
    "ptcorr_15to20_EB1": 6975.155777987093,
    "ptcorr_15to20_EB2": 4502.911447092891,
    "ptcorr_15to20_EE": 7098.7519901283085,
    "ptcorr_20to25_EB1": 5769.40917025134,
    "ptcorr_20to25_EB2": 3668.002687111497,
    "ptcorr_20to25_EE": 5386.90269299224,
    "ptcorr_25to35_EB1": 7601.190215107985,
    "ptcorr_25to35_EB2": 5155.03023654595,
    "ptcorr_25to35_EE": 7108.331002641469,
    "ptcorr_35to50_EB1": 5661.801660455763,
    "ptcorr_35to50_EB2": 3662.908029291779,
    "ptcorr_35to50_EE": 4217.655688662082,
    "ptcorr_50to100_EB1": 2683.358683373779,
    "ptcorr_50to100_EB2": 1805.6951855998486,
    "ptcorr_50to100_EE": 2438.264248061925
  },
  "PileupReweight_Up": {
    "ptcorr_10to15_EB1": 8614.897263094783,
    "ptcorr_10to15_EB2": 4613.708596363664,
    "ptcorr_10to15_EE": 7397.771043330431,
    "ptcorr_15to20_EB1": 6793.532516822219,
    "ptcorr_15to20_EB2": 4399.111355513334,
    "ptcorr_15to20_EE": 6852.066389396787,
    "ptcorr_20to25_EB1": 5608.134466513991,
    "ptcorr_20to25_EB2": 3612.1258239001036,
    "ptcorr_20to25_EE": 5250.755574524403,
    "ptcorr_25to35_EB1": 7492.233950398862,
    "ptcorr_25to35_EB2": 4996.381628483534,
    "ptcorr_25to35_EE": 6928.700660020113,
    "ptcorr_35to50_EB1": 5566.5036683529615,
    "ptcorr_35to50_EB2": 3613.58639934659,
    "ptcorr_35to50_EE": 4162.399267852306,
    "ptcorr_50to100_EB1": 2628.1355146169662,
    "ptcorr_50to100_EB2": 1765.9799739569426,
    "ptcorr_50to100_EE": 2363.4728102386
  },
  "PileupReweight_Down": {
    "ptcorr_10to15_EB1": 9023.140260209795,
    "ptcorr_10to15_EB2": 4977.831372672692,
    "ptcorr_10to15_EE": 8081.668782206485,
    "ptcorr_15to20_EB1": 7205.3942466443405,
    "ptcorr_15to20_EB2": 4600.995456844103,
    "ptcorr_15to20_EE": 7314.238290806301,
    "ptcorr_20to25_EB1": 5937.773869607598,
    "ptcorr_20to25_EB2": 3698.7020482318476,
    "ptcorr_20to25_EE": 5487.360038511455,
    "ptcorr_25to35_EB1": 7681.147034741007,
    "ptcorr_25to35_EB2": 5331.783204461914,
    "ptcorr_25to35_EE": 7267.802031352185,
    "ptcorr_35to50_EB1": 5736.862330033444,
    "ptcorr_35to50_EB2": 3719.3540151352063,
    "ptcorr_35to50_EE": 4263.005200459622,
    "ptcorr_50to100_EB1": 2751.2953474195674,
    "ptcorr_50to100_EB2": 1843.112599519547,
    "ptcorr_50to100_EE": 2509.3779440317303
  },
  "JetEn_Up": {
    "ptcorr_10to15_EB1": 9490.863708339632,
    "ptcorr_10to15_EB2": 5046.527751836926,
    "ptcorr_10to15_EE": 8354.508241888136,
    "ptcorr_15to20_EB1": 7501.704440008849,
    "ptcorr_15to20_EB2": 5104.005883704871,
    "ptcorr_15to20_EE": 7711.866644587368,
    "ptcorr_20to25_EB1": 6340.347795587033,
    "ptcorr_20to25_EB2": 3954.986421279609,
    "ptcorr_20to25_EE": 5749.729582250118,
    "ptcorr_25to35_EB1": 8044.259029173292,
    "ptcorr_25to35_EB2": 5521.7009349018335,
    "ptcorr_25to35_EE": 7448.468523167074,
    "ptcorr_35to50_EB1": 5759.300771921873,
    "ptcorr_35to50_EB2": 3689.6081884764135,
    "ptcorr_35to50_EE": 4238.771094169468,
    "ptcorr_50to100_EB1": 2641.976993817836,
    "ptcorr_50to100_EB2": 1746.7944460045546,
    "ptcorr_50to100_EE": 2377.3682202100754
  },
  "JetEn_Down": {
    "ptcorr_10to15_EB1": 7776.836922466755,
    "ptcorr_10to15_EB2": 4158.283075243235,
    "ptcorr_10to15_EE": 7127.860043425113,
    "ptcorr_15to20_EB1": 6131.392266895622,
    "ptcorr_15to20_EB2": 3922.8741181753576,
    "ptcorr_15to20_EE": 6678.4622420445085,
    "ptcorr_20to25_EB1": 5005.03787843883,
    "ptcorr_20to25_EB2": 3408.5138873308897,
    "ptcorr_20to25_EE": 4996.227804146707,
    "ptcorr_25to35_EB1": 6850.046991796233,
    "ptcorr_25to35_EB2": 4728.220524288714,
    "ptcorr_25to35_EE": 6553.322633467615,
    "ptcorr_35to50_EB1": 5508.211076110601,
    "ptcorr_35to50_EB2": 3688.5428756289184,