{
  "Central": {
    "ptcorr_10to15_EB1": 7738.625075671822,
    "ptcorr_10to15_EB2": 3963.3214247450233,
    "ptcorr_10to15_EE": 4859.738500654697,
    "ptcorr_15to20_EB1": 11272.382100593997,
    "ptcorr_15to20_EB2": 7250.362674459815,
    "ptcorr_15to20_EE": 8283.069083354436,
    "ptcorr_20to25_EB1": 18528.22885200521,
    "ptcorr_20to25_EB2": 10403.337438952178,
    "ptcorr_20to25_EE": 11384.45030192309,
    "ptcorr_25to35_EB1": 66339.98241088632,
    "ptcorr_25to35_EB2": 28523.526675033383,
    "ptcorr_25to35_EE": 32151.855665612966,
    "ptcorr_35to50_EB1": 94255.66419843491,
    "ptcorr_35to50_EB2": 63756.83339851163,
    "ptcorr_35to50_EE": 70472.32461320516,
    "ptcorr_50to100_EB1": 25269.97738095373,
    "ptcorr_50to100_EB2": 20270.379469185602,
    "ptcorr_50to100_EE": 25677.491801610216
  },
  "MotherJetPt_Up": {
    "ptcorr_10to15_EB1": 2734.603072799742,
    "ptcorr_10to15_EB2": 1301.2362902238965,
    "ptcorr_10to15_EE": 1639.3571752924472,
    "ptcorr_15to20_EB1": 3736.7653730127495,
    "ptcorr_15to20_EB2": 2172.622264062986,
    "ptcorr_15to20_EE": 2565.3777790162712,
    "ptcorr_20to25_EB1": 5219.624006439,
    "ptcorr_20to25_EB2": 2659.9242772869766,
    "ptcorr_20to25_EE": 3418.0950279061217,
    "ptcorr_25to35_EB1": 15091.945269863587,
    "ptcorr_25to35_EB2": 9303.225991692394,
    "ptcorr_25to35_EE": 11307.27217649296,
    "ptcorr_35to50_EB1": 25514.346074261237,
    "ptcorr_35to50_EB2": 25601.961526237195,
    "ptcorr_35to50_EE": 32459.05535733793,
    "ptcorr_50to100_EB1": 12414.130138918757,
    "ptcorr_50to100_EB2": 9818.626993507147,
    "ptcorr_50to100_EE": 13170.741620756686
  },
  "MotherJetPt_Down": {
    "ptcorr_10to15_EB1": 12783.289040654898,
    "ptcorr_10to15_EB2": 6467.853468058631,
    "ptcorr_10to15_EE": 8661.270226560533,
    "ptcorr_15to20_EB1": 18684.69765071082,
    "ptcorr_15to20_EB2": 12729.433059361763,
    "ptcorr_15to20_EE": 15406.015426143073,
    "ptcorr_20to25_EB1": 29984.501280419994,
    "ptcorr_20to25_EB2": 18912.673456138,
    "ptcorr_20to25_EE": 19596.8786108552,
    "ptcorr_25to35_EB1": 87844.64137462992,
    "ptcorr_25to35_EB2": 40461.726556803565,
    "ptcorr_25to35_EE": 44646.08795223106,
    "ptcorr_35to50_EB1": 105104.71652685944,
    "ptcorr_35to50_EB2": 69804.76727692597,
    "ptcorr_35to50_EE": 79350.01915859897,
    "ptcorr_50to100_EB1": 30389.711859901436,
    "ptcorr_50to100_EB2": 23670.261756879743,
    "ptcorr_50to100_EE": 30335.956538507715
  },
  "RequireHeavyTag": {
    "ptcorr_10to15_EB1": 380.49370369128883,
    "ptcorr_10to15_EB2": 143.54977806843817,
    "ptcorr_10to15_EE": 218.67351515218616,
    "ptcorr_15to20_EB1": 411.57837826013565,
    "ptcorr_15to20_EB2": 268.7607906702906,
    "ptcorr_15to20_EE": 329.1204008497298,
    "ptcorr_20to25_EB1": 562.9125642515719,
    "ptcorr_20to25_EB2": 285.3698602449149,
    "ptcorr_20to25_EE": 292.7601990830153,
    "ptcorr_25to35_EB1": 1229.7831408856437,
    "ptcorr_25to35_EB2": 698.27519343514,
    "ptcorr_25to35_EE": 789.9686656296253,
    "ptcorr_35to50_EB1": 1226.9949243087322,
    "ptcorr_35to50_EB2": 883.4112677909434,
    "ptcorr_35to50_EE": 1126.9647100064903,
    "ptcorr_50to100_EB1": 1198.0730210579932,
    "ptcorr_50to100_EB2": 825.5135095790029,
    "ptcorr_50to100_EE": 862.5554131828249
  },
  "L1Prefire_Up": {
    "ptcorr_10to15_EB1": 7738.625075671822,
    "ptcorr_10to15_EB2": 3963.3214247450233,
    "ptcorr_10to15_EE": 4859.738500654697,
    "ptcorr_15to20_EB1": 11272.382100593997,
    "ptcorr_15to20_EB2": 7250.362674459815,
    "ptcorr_15to20_EE": 8283.069083354436,
    "ptcorr_20to25_EB1": 18528.22885200521,
    "ptcorr_20to25_EB2": 10403.337438952178,
    "ptcorr_20to25_EE": 11384.45030192309,
    "ptcorr_25to35_EB1": 66339.98241088632,
    "ptcorr_25to35_EB2": 28523.526675033383,
    "ptcorr_25to35_EE": 32151.855665612966,
    "ptcorr_35to50_EB1": 94255.66419843491,
    "ptcorr_35to50_EB2": 63756.83339851163,
    "ptcorr_35to50_EE": 70472.32461320516,
    "ptcorr_50to100_EB1": 25269.97738095373,
    "ptcorr_50to100_EB2": 20270.379469185602,
    "ptcorr_50to100_EE": 25677.491801610216
  },
  "L1Prefire_Down": {
    "ptcorr_10to15_EB1": 7738.625075671822,
    "ptcorr_10to15_EB2": 3963.3214247450233,
    "ptcorr_10to15_EE": 4859.738500654697,
    "ptcorr_15to20_EB1": 11272.382100593997,
    "ptcorr_15to20_EB2": 7250.362674459815,
    "ptcorr_15to20_EE": 8283.069083354436,
    "ptcorr_20to25_EB1": 18528.22885200521,
    "ptcorr_20to25_EB2": 10403.337438952178,
    "ptcorr_20to25_EE": 11384.45030192309,
    "ptcorr_25to35_EB1": 66339.98241088632,
    "ptcorr_25to35_EB2": 28523.526675033383,
    "ptcorr_25to35_EE": 32151.855665612966,
    "ptcorr_35to50_EB1": 94255.66419843491,
    "ptcorr_35to50_EB2": 63756.83339851163,
    "ptcorr_35to50_EE": 70472.32461320516,
    "ptcorr_50to100_EB1": 25269.97738095373,
    "ptcorr_50to100_EB2": 20270.379469185602,
    "ptcorr_50to100_EE": 25677.491801610216
  },
  "PileupReweight_Up": {
    "ptcorr_10to15_EB1": 7552.060264393687,
    "ptcorr_10to15_EB2": 3836.793884113431,
    "ptcorr_10to15_EE": 4677.602984186262,
    "ptcorr_15to20_EB1": 11123.827761359513,
    "ptcorr_15to20_EB2": 7049.396229967475,
    "ptcorr_15to20_EE": 8097.291091110557,
    "ptcorr_20to25_EB1": 18188.525211781263,
    "ptcorr_20to25_EB2": 10243.40980167687,
    "ptcorr_20to25_EE": 11143.501739187166,
    "ptcorr_25to35_EB1": 65246.39864412323,
    "ptcorr_25to35_EB2": 28098.636789310724,
    "ptcorr_25to35_EE": 31456.91815317981,
    "ptcorr_35to50_EB1": 92362.6209584102,
    "ptcorr_35to50_EB2": 62476.514204150066,
    "ptcorr_35to50_EE": 69122.20425566845,
    "ptcorr_50to100_EB1": 24893.589836563915,
    "ptcorr_50to100_EB2": 19880.007732931525,
    "ptcorr_50to100_EE": 25185.434465698898
  },
  "PileupReweight_Down": {
    "ptcorr_10to15_EB1": 7912.623500996968,
    "ptcorr_10to15_EB2": 4092.3827900898177,
    "ptcorr_10to15_EE": 5043.400990638649,
    "ptcorr_15to20_EB1": 11434.432837596163,
    "ptcorr_15to20_EB2": 7432.059494782938,
    "ptcorr_15to20_EE": 8450.081764056697,
    "ptcorr_20to25_EB1": 18855.646760177275,
    "ptcorr_20to25_EB2": 10560.902799280128,
    "ptcorr_20to25_EE": 11634.15602395896,
    "ptcorr_25to35_EB1": 67425.78207876097,
    "ptcorr_25to35_EB2": 28944.11659661145,
    "ptcorr_25to35_EE": 32870.74776377602,
    "ptcorr_35to50_EB1": 96187.68360014533,
    "ptcorr_35to50_EB2": 65143.96565274813,
    "ptcorr_35to50_EE": 71879.60034265398,
    "ptcorr_50to100_EB1": 25657.9278244311,
    "ptcorr_50to100_EB2": 20684.845719114353,
    "ptcorr_50to100_EE": 26170.943270960124
  },
  "JetEn_Up": {
    "ptcorr_10to15_EB1": 8091.219194771722,
    "ptcorr_10to15_EB2": 4139.554059425369,
    "ptcorr_10to15_EE": 5121.5800184663385,
    "ptcorr_15to20_EB1": 11803.305071697338,
    "ptcorr_15to20_EB2": 7596.490531237796,
    "ptcorr_15to20_EE": 8666.27479152102,
    "ptcorr_20to25_EB1": 19724.97799793398,
    "ptcorr_20to25_EB2": 11343.206211853772,
    "ptcorr_20to25_EE": 12181.620559191564,
    "ptcorr_25to35_EB1": 68960.33539687749,
    "ptcorr_25to35_EB2": 29980.0191716142,
    "ptcorr_25to35_EE": 33393.314990251325,
    "ptcorr_35to50_EB1": 93586.00018137274,
    "ptcorr_35to50_EB2": 61976.69593696366,
    "ptcorr_35to50_EE": 69793.54292194638,
    "ptcorr_50to100_EB1": 25247.42037958093,
    "ptcorr_50to100_EB2": 19865.759410360362,
    "ptcorr_50to100_EE": 25780.39538051933
  },
  "JetEn_Down": {
    "ptcorr_10to15_EB1": 6978.2204361483455,
    "ptcorr_10to15_EB2": 3558.1988988295197,
    "ptcorr_10to15_EE": 4510.5802425239235,
    "ptcorr_15to20_EB1": 10548.608229820384,
    "ptcorr_15to20_EB2": 6648.001831315458,
    "ptcorr_15to20_EE": 7612.940371756442,
    "ptcorr_20to25_EB1": 16786.49633199675,
    "ptcorr_20to25_EB2": 9341.734477909282,
    "ptcorr_20to25_EE": 10540.264647009084,
    "ptcorr_25to35_EB1": 62019.25499566551,
    "ptcorr_25to35_EB2": 26391.86135730706,
    "ptcorr_25to35_EE": 30453.72996370122,
    "ptcorr_35to50_EB1": 93780.63362584682,