{
  "Central": {
    "ptcorr_10to15_EB1": 1.926221196190454,
    "ptcorr_10to15_EB2": 0.9168787480448373,
    "ptcorr_10to15_EE": 1.9547767527401447,
    "ptcorr_15to20_EB1": 3.179489931644639,
    "ptcorr_15to20_EB2": 2.197479675116483,
    "ptcorr_15to20_EE": 3.019850645621773,
    "ptcorr_20to25_EB1": 5.677896750508808,
    "ptcorr_20to25_EB2": 3.013549855648307,
    "ptcorr_20to25_EE": 3.402024921902921,
    "ptcorr_25to35_EB1": 11.941414557513781,
    "ptcorr_25to35_EB2": 7.576534879946848,
    "ptcorr_25to35_EE": 6.309914548328379,
    "ptcorr_35to50_EB1": 16.878323999233544,
    "ptcorr_35to50_EB2": 10.20088191900868,
    "ptcorr_35to50_EE": 7.146064689091872,
    "ptcorr_50to100_EB1": 22.130111410922837,
    "ptcorr_50to100_EB2": 12.496238104708027,
    "ptcorr_50to100_EE": 8.873016631230712
  },
  "MotherJetPt_Up": {
    "ptcorr_10to15_EB1": 1.0980577486334369,
    "ptcorr_10to15_EB2": 0.5567131794523448,
    "ptcorr_10to15_EE": 1.2198057279456407,
    "ptcorr_15to20_EB1": 1.6594144624832552,
    "ptcorr_15to20_EB2": 0.9551256575505249,
    "ptcorr_15to20_EE": 1.7776071997941472,
    "ptcorr_20to25_EB1": 2.918968945625238,
    "ptcorr_20to25_EB2": 1.8382538343721535,
    "ptcorr_20to25_EE": 1.814755983708892,
    "ptcorr_25to35_EB1": 7.270737289043609,
    "ptcorr_25to35_EB2": 4.57488885091152,
    "ptcorr_25to35_EE": 3.8134647977130953,
    "ptcorr_35to50_EB1": 10.51510620614863,
    "ptcorr_35to50_EB2": 6.265067408297909,
    "ptcorr_35to50_EE": 4.786259447748307,
    "ptcorr_50to100_EB1": 16.561427645006916,
    "ptcorr_50to100_EB2": 9.683782869717106,
    "ptcorr_50to100_EE": 6.522973331273533
  },
  "MotherJetPt_Down": {
    "ptcorr_10to15_EB1": 2.2911408791551366,
    "ptcorr_10to15_EB2": 1.06237992917886,
    "ptcorr_10to15_EE": 2.243358925799839,
    "ptcorr_15to20_EB1": 4.0903398252849,
    "ptcorr_15to20_EB2": 2.6623737987829372,
    "ptcorr_15to20_EE": 3.581570076115895,
    "ptcorr_20to25_EB1": 6.806995025224751,
    "ptcorr_20to25_EB2": 3.6811147539992817,
    "ptcorr_20to25_EE": 4.025896979670506,
    "ptcorr_25to35_EB1": 14.0908886292018,
    "ptcorr_25to35_EB2": 8.686462928453693,
    "ptcorr_25to35_EE": 7.354767038516002,
    "ptcorr_35to50_EB1": 18.79126787596033,
    "ptcorr_35to50_EB2": 11.244813879427966,
    "ptcorr_35to50_EE": 8.00389614791493,
    "ptcorr_50to100_EB1": 23.67278537186212,
    "ptcorr_50to100_EB2": 13.761829748458695,
    "ptcorr_50to100_EE": 9.44173786364263
  },
  "RequireHeavyTag": {
    "ptcorr_10to15_EB1": 1.2035225143190473,
    "ptcorr_10to15_EB2": 0.43191653752001,
    "ptcorr_10to15_EE": 1.570652873837389,
    "ptcorr_15to20_EB1": 2.1300146216526628,
    "ptcorr_15to20_EB2": 1.250506751879584,
    "ptcorr_15to20_EE": 2.0741310916491784,
    "ptcorr_20to25_EB1": 3.2697734785615467,
    "ptcorr_20to25_EB2": 2.154053578240564,
    "ptcorr_20to25_EE": 1.972685246844776,
    "ptcorr_25to35_EB1": 8.105719968676567,
    "ptcorr_25to35_EB2": 4.879805453150766,
    "ptcorr_25to35_EE": 4.367637050803751,
    "ptcorr_35to50_EB1": 11.296894578030333,
    "ptcorr_35to50_EB2": 6.9319837087532505,
    "ptcorr_35to50_EE": 4.3679248873959295,
    "ptcorr_50to100_EB1": 14.017989126761677,
    "ptcorr_50to100_EB2": 8.381161896279082,
    "ptcorr_50to100_EE": 5.560913325287402
  },
  "L1Prefire_Up": {
    "ptcorr_10to15_EB1": 1.926221196190454,
    "ptcorr_10to15_EB2": 0.9168787480448373,
    "ptcorr_10to15_EE": 1.9547767527401447,
    "ptcorr_15to20_EB1": 3.179489931644639,
    "ptcorr_15to20_EB2": 2.197479675116483,
    "ptcorr_15to20_EE": 3.019850645621773,
    "ptcorr_20to25_EB1": 5.677896750508808,
    "ptcorr_20to25_EB2": 3.013549855648307,
    "ptcorr_20to25_EE": 3.402024921902921,
    "ptcorr_25to35_EB1": 11.941414557513781,
    "ptcorr_25to35_EB2": 7.576534879946848,
    "ptcorr_25to35_EE": 6.309914548328379,
    "ptcorr_35to50_EB1": 16.878323999233544,
    "ptcorr_35to50_EB2": 10.20088191900868,
    "ptcorr_35to50_EE": 7.146064689091872,
    "ptcorr_50to100_EB1": 22.130111410922837,
    "ptcorr_50to100_EB2": 12.496238104708027,
    "ptcorr_50to100_EE": 8.873016631230712
  },
  "L1Prefire_Down": {
    "ptcorr_10to15_EB1": 1.926221196190454,
    "ptcorr_10to15_EB2": 0.9168787480448373,
    "ptcorr_10to15_EE": 1.9547767527401447,
    "ptcorr_15to20_EB1": 3.179489931644639,
    "ptcorr_15to20_EB2": 2.197479675116483,
    "ptcorr_15to20_EE": 3.019850645621773,
    "ptcorr_20to25_EB1": 5.677896750508808,
    "ptcorr_20to25_EB2": 3.013549855648307,
    "ptcorr_20to25_EE": 3.402024921902921,
    "ptcorr_25to35_EB1": 11.941414557513781,
    "ptcorr_25to35_EB2": 7.576534879946848,
    "ptcorr_25to35_EE": 6.309914548328379,
    "ptcorr_35to50_EB1": 16.878323999233544,
    "ptcorr_35to50_EB2": 10.20088191900868,
    "ptcorr_35to50_EE": 7.146064689091872,
    "ptcorr_50to100_EB1": 22.130111410922837,
    "ptcorr_50to100_EB2": 12.496238104708027,
    "ptcorr_50to100_EE": 8.873016631230712
  },
  "PileupReweight_Up": {
    "ptcorr_10to15_EB1": 1.9183080035727471,
    "ptcorr_10to15_EB2": 0.9242170434445143,
    "ptcorr_10to15_EE": 1.923361029708758,
    "ptcorr_15to20_EB1": 3.1871807816205546,
    "ptcorr_15to20_EB2": 2.163229728466831,
    "ptcorr_15to20_EE": 2.92155068856664,
    "ptcorr_20to25_EB1": 5.506730293156579,
    "ptcorr_20to25_EB2": 2.9221210526302457,
    "ptcorr_20to25_EE": 3.252517856657505,
    "ptcorr_25to35_EB1": 11.792246009921655,
    "ptcorr_25to35_EB2": 7.477102528559044,
    "ptcorr_25to35_EE": 6.277192169916816,
    "ptcorr_35to50_EB1": 16.682497525122017,
    "ptcorr_35to50_EB2": 9.984019864816219,
    "ptcorr_35to50_EE": 7.050462031387724,
    "ptcorr_50to100_EB1": 22.119239129591733,
    "ptcorr_50to100_EB2": 12.400018320884556,
    "ptcorr_50to100_EE": 8.688321526627988
  },
  "PileupReweight_Down": {
    "ptcorr_10to15_EB1": 1.9365911639979458,
    "ptcorr_10to15_EB2": 0.9186710900103208,
    "ptcorr_10to15_EE": 1.974399493279634,
    "ptcorr_15to20_EB1": 3.182262411202828,
    "ptcorr_15to20_EB2": 2.2123550902397255,
    "ptcorr_15to20_EE": 3.1406330729514593,
    "ptcorr_20to25_EB1": 5.848999670095509,
    "ptcorr_20to25_EB2": 3.0957198114483617,
    "ptcorr_20to25_EE": 3.550929584976984,
    "ptcorr_25to35_EB1": 12.077190803400299,
    "ptcorr_25to35_EB2": 7.619307324006513,
    "ptcorr_25to35_EE": 6.302531302710122,
    "ptcorr_35to50_EB1": 17.02228803842445,
    "ptcorr_35to50_EB2": 10.37846710577287,
    "ptcorr_35to50_EE": 7.302388925287232,
    "ptcorr_50to100_EB1": 22.225916500938183,
    "ptcorr_50to100_EB2": 12.639187780790962,
    "ptcorr_50to100_EE": 9.041040548407182
  },
  "JetEn_Up": {
    "ptcorr_10to15_EB1": 1.7923990415292792,
    "ptcorr_10to15_EB2": 0.8442587209865451,
    "ptcorr_10to15_EE": 2.0001290671061724,
    "ptcorr_15to20_EB1": 3.1024779071158264,
    "ptcorr_15to20_EB2": 2.1099669237155467,
    "ptcorr_15to20_EE": 2.8148054739576764,
    "ptcorr_20to25_EB1": 5.564590037974995,
    "ptcorr_20to25_EB2": 2.8904924030357506,
    "ptcorr_20to25_EE": 3.2014442100480665,
    "ptcorr_25to35_EB1": 11.477076569746714,
    "ptcorr_25to35_EB2": 7.268069598940201,
    "ptcorr_25to35_EE": 6.158671115525067,
    "ptcorr_35to50_EB1": 16.523085547203664,
    "ptcorr_35to50_EB2": 9.488200671359664,
    "ptcorr_35to50_EE": 6.890887823305093,
    "ptcorr_50to100_EB1": 21.41505507202237,
    "ptcorr_50to100_EB2": 12.15781934998813,
    "ptcorr_50to100_EE": 8.500913906435017
  },
  "JetEn_Down": {
    "ptcorr_10to15_EB1": 2.1423366271774285,
    "ptcorr_10to15_EB2": 0.9568942143232562,
    "ptcorr_10to15_EE": 2.0787509162910283,
    "ptcorr_15to20_EB1": 3.073992806894239,
    "ptcorr_15to20_EB2": 2.2422253267723136,
    "ptcorr_15to20_EE": 3.1528953115921468,
    "ptcorr_20to25_EB1": 5.887289388163481,
    "ptcorr_20to25_EB2": 2.9948304232384544,
    "ptcorr_20to25_EE": 3.522014218440745,
    "ptcorr_25to35_EB1": 12.661217685090378,
    "ptcorr_25to35_EB2": 7.3975183113943785,
    "ptcorr_25to35_EE": 6.826247433054959,
    "ptcorr_35to50_EB1": 18.27144020385458,