{
  "Central": {
    "ptcorr_10to15_EB1": 3.4494441855931655,
    "ptcorr_10to15_EB2": 1.3622261409182101,
    "ptcorr_10to15_EE": 2.496906775108073,
    "ptcorr_15to20_EB1": 4.395797792560188,
    "ptcorr_15to20_EB2": 2.5614831322454847,
    "ptcorr_15to20_EE": 3.6723435660242103,
    "ptcorr_20to25_EB1": 7.18030808045296,
    "ptcorr_20to25_EB2": 3.692346995085245,
    "ptcorr_20to25_EE": 4.102531620243099,
    "ptcorr_25to35_EB1": 13.960556895181071,
    "ptcorr_25to35_EB2": 8.67743897298351,
    "ptcorr_25to35_EE": 7.476101156062214,
    "ptcorr_35to50_EB1": 18.5076035275124,
    "ptcorr_35to50_EB2": 10.918653195200022,
    "ptcorr_35to50_EE": 7.890226948598865,
    "ptcorr_50to100_EB1": 23.578118439938407,
    "ptcorr_50to100_EB2": 13.125626135268249,
    "ptcorr_50to100_EE": 9.556377549190074
  },
  "MotherJetPt_Up": {
    "ptcorr_10to15_EB1": 1.9975333769107237,
    "ptcorr_10to15_EB2": 0.8762916298001073,
    "ptcorr_10to15_EE": 1.5117613699403591,
    "ptcorr_15to20_EB1": 2.3297083908400964,
    "ptcorr_15to20_EB2": 1.0919455594266765,
    "ptcorr_15to20_EE": 2.1270766857196577,
    "ptcorr_20to25_EB1": 3.721032124652993,
    "ptcorr_20to25_EB2": 2.212941988109378,
    "ptcorr_20to25_EE": 2.3004476575297303,
    "ptcorr_25to35_EB1": 8.477202519658022,
    "ptcorr_25to35_EB2": 5.334318580309628,
    "ptcorr_25to35_EE": 4.48114249741775,
    "ptcorr_35to50_EB1": 11.799433425388997,
    "ptcorr_35to50_EB2": 6.726104977104114,
    "ptcorr_35to50_EE": 5.312181532906834,
    "ptcorr_50to100_EB1": 17.64889625259093,
    "ptcorr_50to100_EB2": 10.209585045318818,
    "ptcorr_50to100_EE": 6.91911588946823
  },
  "MotherJetPt_Down": {
    "ptcorr_10to15_EB1": 4.3199024792411365,
    "ptcorr_10to15_EB2": 1.6665174517547712,
    "ptcorr_10to15_EE": 3.011920820863452,
    "ptcorr_15to20_EB1": 5.695509827375645,
    "ptcorr_15to20_EB2": 3.086814609239809,
    "ptcorr_15to20_EE": 4.408920397807378,
    "ptcorr_20to25_EB1": 8.597569344710791,
    "ptcorr_20to25_EB2": 4.528884377272334,
    "ptcorr_20to25_EE": 4.793766690825578,
    "ptcorr_25to35_EB1": 16.343579799460713,
    "ptcorr_25to35_EB2": 9.872619500558358,
    "ptcorr_25to35_EE": 8.646600317180855,
    "ptcorr_35to50_EB1": 20.686900386674097,
    "ptcorr_35to50_EB2": 12.045986551733222,
    "ptcorr_35to50_EE": 8.8575185079535,
    "ptcorr_50to100_EB1": 25.237833282531938,
    "ptcorr_50to100_EB2": 14.59764210053254,
    "ptcorr_50to100_EE": 10.251250483037438
  },
  "RequireHeavyTag": {
    "ptcorr_10to15_EB1": 2.163932451745495,
    "ptcorr_10to15_EB2": 0.7573143519111909,
    "ptcorr_10to15_EE": 1.831545431574341,
    "ptcorr_15to20_EB1": 2.896068140747957,
    "ptcorr_15to20_EB2": 1.5403925531427376,
    "ptcorr_15to20_EE": 2.4814242118154652,
    "ptcorr_20to25_EB1": 4.086003241594881,
    "ptcorr_20to25_EB2": 2.5426724787976127,
    "ptcorr_20to25_EE": 2.349268495454453,
    "ptcorr_25to35_EB1": 9.4861550545902,
    "ptcorr_25to35_EB2": 5.574300837004557,
    "ptcorr_25to35_EE": 5.032452147803269,
    "ptcorr_35to50_EB1": 12.409118542796932,
    "ptcorr_35to50_EB2": 7.30505369452294,
    "ptcorr_35to50_EE": 4.903429028519895,
    "ptcorr_50to100_EB1": 15.020575240283506,
    "ptcorr_50to100_EB2": 8.71034060412785,
    "ptcorr_50to100_EE": 5.924091494642198
  },
  "L1Prefire_Up": {
    "ptcorr_10to15_EB1": 3.4494441855931655,
    "ptcorr_10to15_EB2": 1.3622261409182101,
    "ptcorr_10to15_EE": 2.496906775108073,
    "ptcorr_15to20_EB1": 4.395797792560188,
    "ptcorr_15to20_EB2": 2.5614831322454847,
    "ptcorr_15to20_EE": 3.6723435660242103,
    "ptcorr_20to25_EB1": 7.18030808045296,
    "ptcorr_20to25_EB2": 3.692346995085245,
    "ptcorr_20to25_EE": 4.102531620243099,
    "ptcorr_25to35_EB1": 13.960556895181071,
    "ptcorr_25to35_EB2": 8.67743897298351,
    "ptcorr_25to35_EE": 7.476101156062214,
    "ptcorr_35to50_EB1": 18.5076035275124,
    "ptcorr_35to50_EB2": 10.918653195200022,
    "ptcorr_35to50_EE": 7.890226948598865,
    "ptcorr_50to100_EB1": 23.578118439938407,
    "ptcorr_50to100_EB2": 13.125626135268249,
    "ptcorr_50to100_EE": 9.556377549190074
  },
  "L1Prefire_Down": {
    "ptcorr_10to15_EB1": 3.4494441855931655,
    "ptcorr_10to15_EB2": 1.3622261409182101,
    "ptcorr_10to15_EE": 2.496906775108073,
    "ptcorr_15to20_EB1": 4.395797792560188,
    "ptcorr_15to20_EB2": 2.5614831322454847,
    "ptcorr_15to20_EE": 3.6723435660242103,
    "ptcorr_20to25_EB1": 7.18030808045296,
    "ptcorr_20to25_EB2": 3.692346995085245,
    "ptcorr_20to25_EE": 4.102531620243099,
    "ptcorr_25to35_EB1": 13.960556895181071,
    "ptcorr_25to35_EB2": 8.67743897298351,
    "ptcorr_25to35_EE": 7.476101156062214,
    "ptcorr_35to50_EB1": 18.5076035275124,
    "ptcorr_35to50_EB2": 10.918653195200022,
    "ptcorr_35to50_EE": 7.890226948598865,
    "ptcorr_50to100_EB1": 23.578118439938407,
    "ptcorr_50to100_EB2": 13.125626135268249,
    "ptcorr_50to100_EE": 9.556377549190074
  },
  "PileupReweight_Up": {
    "ptcorr_10to15_EB1": 3.3651588421780616,
    "ptcorr_10to15_EB2": 1.3556456614751369,
    "ptcorr_10to15_EE": 2.5049772448837757,
    "ptcorr_15to20_EB1": 4.438941949629225,
    "ptcorr_15to20_EB2": 2.4963568694656715,
    "ptcorr_15to20_EE": 3.5778973281849176,
    "ptcorr_20to25_EB1": 7.026935470057651,
    "ptcorr_20to25_EB2": 3.599421053659171,
    "ptcorr_20to25_EE": 3.926260193809867,
    "ptcorr_25to35_EB1": 13.766917633125558,
    "ptcorr_25to35_EB2": 8.589803862152621,
    "ptcorr_25to35_EE": 7.477846069727093,
    "ptcorr_35to50_EB1": 18.28545359603595,
    "ptcorr_35to50_EB2": 10.717867818428203,
    "ptcorr_35to50_EE": 7.820192668237723,
    "ptcorr_50to100_EB1": 23.527149164117873,
    "ptcorr_50to100_EB2": 13.047323042526841,
    "ptcorr_50to100_EE": 9.34651845600456
  },
  "PileupReweight_Down": {
    "ptcorr_10to15_EB1": 3.543555034273595,
    "ptcorr_10to15_EB2": 1.382192665056209,
    "ptcorr_10to15_EE": 2.466552834303002,
    "ptcorr_15to20_EB1": 4.379728287131002,
    "ptcorr_15to20_EB2": 2.605933872917376,
    "ptcorr_15to20_EE": 3.806108454897185,
    "ptcorr_20to25_EB1": 7.3204797113576205,
    "ptcorr_20to25_EB2": 3.767915853706654,
    "ptcorr_20to25_EE": 4.272196930105565,
    "ptcorr_25to35_EB1": 14.142414203590306,
    "ptcorr_25to35_EB2": 8.718980188939895,
    "ptcorr_25to35_EE": 7.42786865382368,
    "ptcorr_35to50_EB1": 18.66440818006231,
    "ptcorr_35to50_EB2": 11.075563989921648,
    "ptcorr_35to50_EE": 8.023042311244353,
    "ptcorr_50to100_EB1": 23.713631851285754,
    "ptcorr_50to100_EB2": 13.25991708006768,
    "ptcorr_50to100_EE": 9.74575877974712
  },
  "JetEn_Up": {
    "ptcorr_10to15_EB1": 3.3157809356343932,
    "ptcorr_10to15_EB2": 1.2462352628353983,
    "ptcorr_10to15_EE": 2.510111380426679,
    "ptcorr_15to20_EB1": 4.351268039055867,
    "ptcorr_15to20_EB2": 2.438452781527303,
    "ptcorr_15to20_EE": 3.460947243438568,
    "ptcorr_20to25_EB1": 6.944083608919755,
    "ptcorr_20to25_EB2": 3.505653453496052,
    "ptcorr_20to25_EE": 3.8594013853289653,
    "ptcorr_25to35_EB1": 13.55088423617417,
    "ptcorr_25to35_EB2": 8.270440528838662,
    "ptcorr_25to35_EE": 7.175074324768502,
    "ptcorr_35to50_EB1": 18.150546743359882,
    "ptcorr_35to50_EB2": 10.303712175489636,
    "ptcorr_35to50_EE": 7.6194502578582615,
    "ptcorr_50to100_EB1": 22.67468152413494,
    "ptcorr_50to100_EB2": 12.790353710326599,
    "ptcorr_50to100_EE": 9.14642707776511
  },
  "JetEn_Down": {
    "ptcorr_10to15_EB1": 3.6669889336335473,
    "ptcorr_10to15_EB2": 1.5580091765150428,
    "ptcorr_10to15_EE": 2.669239974406082,
    "ptcorr_15to20_EB1": 4.272013225767296,
    "ptcorr_15to20_EB2": 2.690033999446314,
    "ptcorr_15to20_EE": 3.9276009341701865,
    "ptcorr_20to25_EB1": 7.220806053490378,
    "ptcorr_20to25_EB2": 3.618766704603331,
    "ptcorr_20to25_EE": 4.234660657879431,
    "ptcorr_25to35_EB1": 14.646964137267787,
    "ptcorr_25to35_EB2": 8.52840485869092,
    "ptcorr_25to35_EE": 8.234116721112514,
    "ptcorr_35to50_EB1": 19.641170591843547,