{
  "Central": {
    "ptcorr_10to15_EB1": 107.8334462165949,
    "ptcorr_10to15_EB2": 50.58163713797694,
    "ptcorr_10to15_EE": 63.19154560082825,
    "ptcorr_15to20_EB1": 139.17047753138468,
    "ptcorr_15to20_EB2": 76.74696944857715,
    "ptcorr_15to20_EE": 84.87617010397662,
    "ptcorr_20to25_EB1": 159.62363960087532,
    "ptcorr_20to25_EB2": 95.22731868892151,
    "ptcorr_20to25_EE": 86.48232460906729,
    "ptcorr_25to35_EB1": 326.616948472627,
    "ptcorr_25to35_EB2": 193.96709353884216,
    "ptcorr_25to35_EE": 164.29577631212305,
    "ptcorr_35to50_EB1": 401.05216794859734,
    "ptcorr_35to50_EB2": 242.2002946686698,
    "ptcorr_35to50_EE": 189.41539228663896,
    "ptcorr_50to100_EB1": 516.7375107834232,
    "ptcorr_50to100_EB2": 316.0298791893292,
    "ptcorr_50to100_EE": 219.83123753464315
  },
  "MotherJetPt_Up": {
    "ptcorr_10to15_EB1": 77.90693691954948,
    "ptcorr_10to15_EB2": 37.131096332275774,
    "ptcorr_10to15_EE": 46.34474948677234,
    "ptcorr_15to20_EB1": 103.24480448121903,
    "ptcorr_15to20_EB2": 55.80184201837983,
    "ptcorr_15to20_EE": 63.94560673176602,
    "ptcorr_20to25_EB1": 117.71489468211075,
    "ptcorr_20to25_EB2": 70.07487158558797,
    "ptcorr_20to25_EE": 62.56227088085143,
    "ptcorr_25to35_EB1": 248.0611007695552,
    "ptcorr_25to35_EB2": 146.00860476767411,
    "ptcorr_25to35_EE": 122.90233213023748,
    "ptcorr_35to50_EB1": 312.1800320860639,
    "ptcorr_35to50_EB2": 186.50770834769355,
    "ptcorr_35to50_EE": 143.48539471506956,
    "ptcorr_50to100_EB1": 421.4953234210843,
    "ptcorr_50to100_EB2": 254.68527186551364,
    "ptcorr_50to100_EE": 174.61847397504607
  },
  "MotherJetPt_Down": {
    "ptcorr_10to15_EB1": 117.86523931776173,
    "ptcorr_10to15_EB2": 55.728288191894535,
    "ptcorr_10to15_EE": 68.97379189584171,
    "ptcorr_15to20_EB1": 151.77825401816517,
    "ptcorr_15to20_EB2": 84.22968943888554,
    "ptcorr_15to20_EE": 92.107808385932,
    "ptcorr_20to25_EB1": 173.85605869424762,
    "ptcorr_20to25_EB2": 104.54911495208216,
    "ptcorr_20to25_EE": 94.43588278669631,
    "ptcorr_25to35_EB1": 350.9080054188962,
    "ptcorr_25to35_EB2": 209.75209523556987,
    "ptcorr_25to35_EE": 177.42665076226695,
    "ptcorr_35to50_EB1": 426.0985429674911,
    "ptcorr_35to50_EB2": 258.9758028606884,
    "ptcorr_35to50_EE": 203.38744346689782,
    "ptcorr_50to100_EB1": 545.2117715184577,
    "ptcorr_50to100_EB2": 333.1878636202309,
    "ptcorr_50to100_EE": 234.66405865427805
  },
  "RequireHeavyTag": {
    "ptcorr_10to15_EB1": 82.54516359762056,
    "ptcorr_10to15_EB2": 38.506514977663755,
    "ptcorr_10to15_EE": 48.6811477340525,
    "ptcorr_15to20_EB1": 108.79531216091709,
    "ptcorr_15to20_EB2": 59.87754857039545,
    "ptcorr_15to20_EE": 66.4474987124704,
    "ptcorr_20to25_EB1": 124.09564430156024,
    "ptcorr_20to25_EB2": 74.09410771663534,
    "ptcorr_20to25_EE": 65.36858309595846,
    "ptcorr_25to35_EB1": 255.70309419301338,
    "ptcorr_25to35_EB2": 149.4359489820199,
    "ptcorr_25to35_EE": 123.43134747369913,
    "ptcorr_35to50_EB1": 310.3241909428616,
    "ptcorr_35to50_EB2": 188.6762076659361,
    "ptcorr_35to50_EE": 139.88696052826708,
    "ptcorr_50to100_EB1": 385.3009823493194,
    "ptcorr_50to100_EB2": 236.66023642680375,
    "ptcorr_50to100_EE": 157.2953717871569
  },
  "L1Prefire_Up": {
    "ptcorr_10to15_EB1": 107.8334462165949,
    "ptcorr_10to15_EB2": 50.58163713797694,
    "ptcorr_10to15_EE": 63.19154560082825,
    "ptcorr_15to20_EB1": 139.17047753138468,
    "ptcorr_15to20_EB2": 76.74696944857715,
    "ptcorr_15to20_EE": 84.87617010397662,
    "ptcorr_20to25_EB1": 159.62363960087532,
    "ptcorr_20to25_EB2": 95.22731868892151,
    "ptcorr_20to25_EE": 86.48232460906729,
    "ptcorr_25to35_EB1": 326.616948472627,
    "ptcorr_25to35_EB2": 193.96709353884216,
    "ptcorr_25to35_EE": 164.29577631212305,
    "ptcorr_35to50_EB1": 401.05216794859734,
    "ptcorr_35to50_EB2": 242.2002946686698,
    "ptcorr_35to50_EE": 189.41539228663896,
    "ptcorr_50to100_EB1": 516.7375107834232,
    "ptcorr_50to100_EB2": 316.0298791893292,
    "ptcorr_50to100_EE": 219.83123753464315
  },
  "L1Prefire_Down": {
    "ptcorr_10to15_EB1": 107.8334462165949,
    "ptcorr_10to15_EB2": 50.58163713797694,
    "ptcorr_10to15_EE": 63.19154560082825,
    "ptcorr_15to20_EB1": 139.17047753138468,
    "ptcorr_15to20_EB2": 76.74696944857715,
    "ptcorr_15to20_EE": 84.87617010397662,
    "ptcorr_20to25_EB1": 159.62363960087532,
    "ptcorr_20to25_EB2": 95.22731868892151,
    "ptcorr_20to25_EE": 86.48232460906729,
    "ptcorr_25to35_EB1": 326.616948472627,
    "ptcorr_25to35_EB2": 193.96709353884216,
    "ptcorr_25to35_EE": 164.29577631212305,
    "ptcorr_35to50_EB1": 401.05216794859734,
    "ptcorr_35to50_EB2": 242.2002946686698,
    "ptcorr_35to50_EE": 189.41539228663896,
    "ptcorr_50to100_EB1": 516.7375107834232,
    "ptcorr_50to100_EB2": 316.0298791893292,
    "ptcorr_50to100_EE": 219.83123753464315
  },
  "PileupReweight_Up": {
    "ptcorr_10to15_EB1": 106.32967578573152,
    "ptcorr_10to15_EB2": 49.88129081996158,
    "ptcorr_10to15_EE": 60.85424832627177,
    "ptcorr_15to20_EB1": 138.07153026247397,
    "ptcorr_15to20_EB2": 75.4312728792429,
    "ptcorr_15to20_EE": 83.15053706953768,
    "ptcorr_20to25_EB1": 159.63498826464638,
    "ptcorr_20to25_EB2": 94.64005562500097,
    "ptcorr_20to25_EE": 85.36634781537578,
    "ptcorr_25to35_EB1": 326.29973754496314,
    "ptcorr_25to35_EB2": 192.62479302706197,
    "ptcorr_25to35_EE": 162.99020328489132,
    "ptcorr_35to50_EB1": 399.2922592558898,
    "ptcorr_35to50_EB2": 239.85448954068124,
    "ptcorr_35to50_EE": 189.035686970572,
    "ptcorr_50to100_EB1": 514.922732973937,
    "ptcorr_50to100_EB2": 314.49424809310585,
    "ptcorr_50to100_EE": 218.38248173706234
  },
  "PileupReweight_Down": {
    "ptcorr_10to15_EB1": 109.20890313024574,
    "ptcorr_10to15_EB2": 51.33789766042901,
    "ptcorr_10to15_EE": 65.54950684796495,
    "ptcorr_15to20_EB1": 140.36014350984624,
    "ptcorr_15to20_EB2": 78.23198402253911,
    "ptcorr_15to20_EE": 86.56310313572794,
    "ptcorr_20to25_EB1": 159.72516904839722,
    "ptcorr_20to25_EB2": 95.88575956998648,
    "ptcorr_20to25_EE": 87.71681692432321,
    "ptcorr_25to35_EB1": 326.4953426035863,
    "ptcorr_25to35_EB2": 195.02640883596905,
    "ptcorr_25to35_EE": 165.5888576344223,
    "ptcorr_35to50_EB1": 402.97299425096935,
    "ptcorr_35to50_EB2": 244.74280923229162,
    "ptcorr_35to50_EE": 189.72370656811108,
    "ptcorr_50to100_EB1": 519.049848689363,
    "ptcorr_50to100_EB2": 317.53873798403947,
    "ptcorr_50to100_EE": 221.35806459565356
  },
  "JetEn_Up": {
    "ptcorr_10to15_EB1": 101.9227433190099,
    "ptcorr_10to15_EB2": 46.79170013376279,
    "ptcorr_10to15_EE": 60.590812271868344,
    "ptcorr_15to20_EB1": 132.11142707703402,
    "ptcorr_15to20_EB2": 72.34189884318039,
    "ptcorr_15to20_EE": 81.7718712877977,
    "ptcorr_20to25_EB1": 152.1024486453971,
    "ptcorr_20to25_EB2": 89.35378788072558,
    "ptcorr_20to25_EE": 82.7794499087031,
    "ptcorr_25to35_EB1": 309.9546050601639,
    "ptcorr_25to35_EB2": 183.46087251289282,
    "ptcorr_25to35_EE": 154.05915504897712,
    "ptcorr_35to50_EB1": 377.9682995477342,
    "ptcorr_35to50_EB2": 229.2696156791062,
    "ptcorr_35to50_EE": 176.99622815629118,
    "ptcorr_50to100_EB1": 489.36702061782125,
    "ptcorr_50to100_EB2": 297.14340897329384,
    "ptcorr_50to100_EE": 207.3497805930092
  },
  "JetEn_Down": {
    "ptcorr_10to15_EB1": 114.318015396595,
    "ptcorr_10to15_EB2": 53.785010326537304,
    "ptcorr_10to15_EE": 64.65822281170404,
    "ptcorr_15to20_EB1": 144.01904772949638,
    "ptcorr_15to20_EB2": 79.28902742161881,
    "ptcorr_15to20_EE": 87.8665216544905,
    "ptcorr_20to25_EB1": 168.15395456168335,
    "ptcorr_20to25_EB2": 99.80471003857383,
    "ptcorr_20to25_EE": 91.41614294832107,
    "ptcorr_25to35_EB1": 347.21288558020024,
    "ptcorr_25to35_EB2": 203.88335833867313,
    "ptcorr_25to35_EE": 173.23101138108177,
    "ptcorr_35to50_EB1": 422.94932483768207,