process,threshold,initial_sensitivity,max_sensitivity,improvement
MHc-130_MA-90,0.75,1.2720403760961565,1.874101896421105,0.4733037815770065
