process,threshold,initial_sensitivity,max_sensitivity,improvement
MHc-160_MA-85,0.46,1.5902426299562626,1.6279245644464966,0.023695713962384568
