{
  "hyperparameters": {
    "signal": "MHc130_MA100",
    "channel": "Combined",
    "iteration": 3,
    "model_idx": 0,
    "num_hidden": 128,
    "optimizer": "RMSprop",
    "initial_lr": 0.0002,
    "weight_decay": 4e-05,
    "scheduler": "CyclicLR",
    "pilot_mode": false,
    "num_classes": 4,
    "model_type": "ParticleNet",
    "num_node_features": 9,
    "num_graph_features": 4,
    "dropout_p": 0.4,
    "batch_size": 1024,
    "train_folds": [
      0,
      1,
      2
    ],
    "valid_folds": [
      3
    ]
  },
  "training_summary": {
    "best_epoch": 24,
    "best_train_loss": 0.8664977778372351,
    "best_valid_loss": 0.9091937488370271,
    "best_train_acc": 0.6500515961519256,
    "best_valid_acc": 0.6270245343337343,
    "total_epochs": 32
  },
  "epoch_history": {
    "train_loss": [
      1.0056411095211977,
      0.953544289904153,
      0.9344679738946075,
      0.9282209708804054,
      0.9168230815888425,
      0.9082730161222154,
      0.8985041406952166,
      0.8947691394111776,
      0.889092984520209,
      0.8896542702454731,
      0.8910194102795299,
      0.8935304596369527,
      0.8895602895024044,
      0.8849549618562883,
      0.8799740932197893,
      0.8766965185184685,
      0.8726327728775691,
      0.8732612432256347,
      0.8805458965263208,
      0.8817518486081446,
      0.8798290163670441,
      0.8768176719372873,
      0.8737485796033588,
      0.8701698372047459,
      0.8664977778372351,
      0.8719955610175777,
      0.8748931044984506,
      0.8779858713118385,
      0.876927750065362,
      0.8744195157355179,
      0.8709849407117781,
      0.8676850601625831
    ],
    "valid_loss": [
      1.0629856830462825,
      0.9992370770923094,
      0.9780175203262829,
      0.9725831488480641,
      0.9609191376107642,
      0.9542521267128503,
      0.9450376331722609,
      0.9397614295799296,
      0.9336097439198244,
      0.9310595854810498,
      0.9345134745590952,
      0.9380591192908073,
      0.9305845554123284,
      0.9310929886209525,
      0.9242041821825059,
      0.9179576984105965,
      0.9165348602852712,
      0.9185426274378492,
      0.9226970365114329,
      0.9243591086846895,
      0.919628873995912,
      0.9208596557627077,
      0.9156642056807652,
      0.9147566578006061,
      0.9091937488370271,
      0.916963471092085,
      0.919904800492156,
      0.9216693356873786,
      0.9177602919812881,
      0.9176239933559986,
      0.9159843324489465,
      0.9094378343105795
    ],
    "train_acc": [
      0.5813321793548817,
      0.6002285765010041,
      0.6123741997048479,
      0.6158050664092407,
      0.6226801149540073,
      0.6259068162400275,
      0.6335097588850793,
      0.636148374998613,
      0.6377506296949724,
      0.6367786247683721,
      0.6393595419593222,
      0.6347303130166551,
      0.6382699199982247,
      0.6396435981935799,
      0.6433740554575413,
      0.6452825582814598,
      0.6466007567435615,
      0.6469003473031302,
      0.6432098354471112,
      0.6445102803945718,
      0.6446079247250979,
      0.644818747711461,
      0.6461280694162422,
      0.6487910966124075,
      0.6500515961519256,
      0.6472221297560001,
      0.6463965913251889,
      0.644399320928065,
      0.6443349644374909,
      0.6464964548450451,
      0.6477636119525537,
      0.6488110693163788
    ],
    "valid_acc": [
      0.5441300188821517,
      0.5703095301896316,
      0.5860508883335722,
      0.5893287800135851,
      0.5970312022882924,
      0.5995862129133976,
      0.6073883429198162,
      0.6133645750892696,
      0.6141186148103372,
      0.6141123830771053,
      0.6137758694825792,
      0.608485127968642,
      0.6167110158348341,
      0.6126853161669855,
      0.619652393920321,
      0.6229863711994217,
      0.6234724463915149,
      0.6228056509356947,
      0.6199141267160635,
      0.6217400245530289,
      0.6223445026765294,
      0.6195526861886096,
      0.624139241847335,
      0.625167477830609,
      0.6270245343337343,
      0.6233976655927314,
      0.6230299933320455,
      0.6206868616368271,
      0.6220329160149313,
      0.6226997114707513,
      0.6235223002573705,
      0.6264075927437698
    ],
    "epoch": [
      0,
      1,
      2,
      3,
      4,
      5,
      6,
      7,
      8,
      9,
      10,
      11,
      12,
      13,
      14,
      15,
      16,
      17,
      18,
      19,
      20,
      21,
      22,
      23,
      24,
      25,
      26,
      27,
      28,
      29,
      30,
      31
    ],
    "timestamp": [
      1762505902.952788,
      1762506089.434814,
      1762506278.7779021,
      1762506469.6105008,
      1762506662.5611532,
      1762506856.6207817,
      1762507051.8626175,
      1762507245.5192304,
      1762507439.0986369,
      1762507634.279607,
      1762507827.8703582,
      1762508020.7106564,
      1762508214.550205,
      1762508408.6524491,
      1762508602.2378776,
      1762508796.0344684,
      1762508989.5524542,
      1762509183.3776712,
      1762509376.2057734,
      1762509568.344787,
      1762509758.7873385,
      1762509950.3441064,
      1762510142.2992263,
      1762510338.0527065,
      1762510528.8457189,
      1762510719.5253704,
      1762510910.43076,
      1762511100.7716885,
      1762511292.1688228,
      1762511483.2092757,
      1762511674.8172529,
      1762511866.068474
    ]
  }
}