{
  "observed": 126.76414479129016,
  "expected": 127.85785368576762,
  "difference": -0.008554100221058254,
  "max_bin_difference": 6.75023938551316,
  "max_bin_difference_bin": 135,
  "max_bin_difference_filtered": 1.6302161295010424,
  "max_bin_difference_filtered_bin": 116,
  "snr_threshold": 3.0,
  "mass_range_min": 10.0,
  "mass_range_max": 160.0,
  "percentile_68_difference": 0.22969247731611378,
  "percentile_95_difference": 0.5992459376879781,
  "rms_bin_difference": 0.37198269787326793,
  "chi2": 60.57540136771834,
  "ndf": 22,
  "chi2_per_ndf": 2.7534273348962883,
  "p_value": 1.8363031729397125e-05,
  "closure_uncertainty_scale": 2.8000000000000003,
  "recommended_systematic_pct": 180.00000000000003
}