{
  "observed": 126.59788535907865,
  "expected": 129.88182027713628,
  "difference": -0.02528402289905176,
  "max_bin_difference": 1.9291957873311243,
  "max_bin_difference_bin": 148,
  "max_bin_difference_filtered": 1.9291957873311243,
  "max_bin_difference_filtered_bin": 148,
  "snr_threshold": 3.0,
  "mass_range_min": 10.0,
  "mass_range_max": 160.0,
  "percentile_68_difference": 0.2796060882788893,
  "percentile_95_difference": 0.7902341966968124,
  "rms_bin_difference": 0.4119413977640736,
  "chi2": 365.0609121075356,
  "ndf": 272,
  "chi2_per_ndf": 1.3421357062777044,
  "p_value": 0.00013823997919512046,
  "closure_uncertainty_scale": 1.3,
  "recommended_systematic_pct": 30.000000000000004
}