{
  "hyperparameters": {
    "signal": "MHc160_MA98",
    "channel": "Combined",
    "iteration": 1,
    "model_idx": 7,
    "num_hidden": 64,
    "optimizer": "Adam",
    "initial_lr": 0.0005,
    "weight_decay": 0.00021,
    "scheduler": "ExponentialLR",
    "pilot_mode": false,
    "num_classes": 4,
    "model_type": "ParticleNet",
    "num_node_features": 9,
    "num_graph_features": 4,
    "dropout_p": 0.4,
    "batch_size": 1024,
    "train_folds": [
      0,
      1,
      2
    ],
    "valid_folds": [
      3
    ]
  },
  "training_summary": {
    "best_epoch": 45,
    "best_train_loss": 0.9791908415517205,
    "best_valid_loss": 1.0128485279469486,
    "best_train_acc": 0.5877235221153031,
    "best_valid_acc": 0.5709920839593658,
    "total_epochs": 53
  },
  "epoch_history": {
    "train_loss": [
      1.116475158359802,
      1.061486365294647,
      1.0376780490838067,
      1.0300875100378466,
      1.0241193633010206,
      1.0186529935177302,
      1.0157474097196617,
      1.0133051206613035,
      1.0114401856718696,
      1.010636349652419,
      1.0080846460949113,
      1.005096680561609,
      1.0022182110306554,
      1.0006756279636921,
      1.000173418239207,
      0.9975189235706976,
      0.9953440022578595,
      0.9984927119384506,
      0.9940453745725016,
      0.9932020170618443,
      0.989861383329148,
      0.9891932031388755,
      0.988956947856116,
      0.9897788079266916,
      0.9878650178317613,
      0.9886876286075851,
      0.9870840560082356,
      0.9877399134055662,
      0.9890951695895499,
      0.9868960125488182,
      0.9851506546245221,
      0.9853296138285521,
      0.9853512116271744,
      0.9838824532291506,
      0.9845515548385236,
      0.9845347403083969,
      0.9828133449217049,
      0.9818825724496009,
      0.982360826126099,
      0.980047410291809,
      0.9810160511312241,
      0.980529357752598,
      0.9803343791352274,
      0.980699012333459,
      0.9813252106814417,
      0.9791908415517205,
      0.9813204526752459,
      0.9793336367073877,
      0.978082743141217,
      0.9788864800677216,
      0.9781604836080532,
      0.97981756070388,
      0.9779451288932602
    ],
    "valid_loss": [
      1.1553388358664856,
      1.1019996920402502,
      1.0743640108112584,
      1.06705923818054,
      1.0598479308082869,
      1.0544086833807833,
      1.0516782790603554,
      1.0499964839736924,
      1.0475003611596907,
      1.0481556394588702,
      1.04508321762641,
      1.0413719491879703,
      1.0372503066478354,
      1.0363517059592386,
      1.0376022850767002,
      1.032919104864418,
      1.031410788210852,
      1.0372528525452929,
      1.0312449573933191,
      1.0299005759710569,
      1.023945909075435,
      1.024014297402202,
      1.023191127683428,
      1.0253031527504448,
      1.0241225310216489,
      1.0247245932973765,
      1.0223906913122411,
      1.0231933483397266,
      1.0276713219114122,
      1.0255434216198276,
      1.0202495661436919,
      1.020912460492421,
      1.0209629170131618,
      1.0215043923016116,
      1.0214466809012774,
      1.0202628343063025,
      1.0204583680592572,
      1.0193381354527205,
      1.0199113121731616,
      1.0152123856522575,
      1.016885559624043,
      1.0170131020634392,
      1.0170530169040048,
      1.016434504115231,
      1.0167741157665702,
      1.0128485279469486,
      1.0177508204419532,
      1.015425285674862,
      1.014054548084633,
      1.016514074082486,
      1.0153686778018691,
      1.018580898926241,
      1.01532679029925
    ],
    "train_acc": [
      0.5001097868209589,
      0.5384138308281393,
      0.5568599428338097,
      0.5624937402251208,
      0.5659568402967711,
      0.5681102028552277,
      0.5705948519611393,
      0.5721126066087814,
      0.5728194796489904,
      0.5713209858471305,
      0.5735629482961856,
      0.574316047366272,
      0.5767159487507415,
      0.5762190189295593,
      0.576403923049069,
      0.577341926238665,
      0.5779101211892417,
      0.5769220398006117,
      0.5798650970361411,
      0.5792564543094216,
      0.5816968034700339,
      0.5817969598681018,
      0.5827272587193849,
      0.5810515651363283,
      0.5820377204403799,
      0.5808647349322403,
      0.5822688505897671,
      0.5820165335100195,
      0.5819799379030332,
      0.5821340246692913,
      0.5835824402721173,
      0.5843162784964213,
      0.5854430379746836,
      0.5849807776759093,
      0.5841294482923334,
      0.5836671879935592,
      0.5858205505520159,
      0.5862346587363344,
      0.5860555328705594,
      0.5874288311748346,
      0.5861364284228449,
      0.5874596485280862,
      0.5874596485280862,
      0.5864214889404223,
      0.5859149286963489,
      0.5877235221153031,
      0.5858629244127368,
      0.5872458531399031,
      0.5889562162453678,
      0.5882628257972065,
      0.5876291439709701,
      0.5869184187616047,
      0.5877851568218063
    ],
    "valid_acc": [
      0.48363532392976477,
      0.5165328639024062,
      0.5372367860426525,
      0.5446650819635369,
      0.54891462785639,
      0.5500302738097907,
      0.5535061556746574,
      0.5535678245464535,
      0.5553674343506828,
      0.5526315789473685,
      0.5558271477586169,
      0.5567521808355571,
      0.5586695221223061,
      0.5582490525418787,
      0.5579294956607539,
      0.5593422734509901,
      0.5602729127890027,
      0.5581481398425762,
      0.5615623528356468,
      0.5611306707330747,
      0.5639338012692575,
      0.5646962527750993,
      0.5655091606305922,
      0.5634909066445406,
      0.563973045096764,
      0.5632330186352118,
      0.5649092906958492,
      0.5643206332832508,
      0.5628910367097975,
      0.5640291077074877,
      0.5660978180431906,
      0.5657558361177764,
      0.5676395398380912,
      0.5666808691947166,
      0.5655876482856054,
      0.5656381046352567,
      0.5672639203462427,
      0.5678750028031305,
      0.567729240015249,
      0.5696129437355639,
      0.5682057722064001,
      0.5697867378288072,
      0.5698428004395308,
      0.56841881012715,
      0.5686094230036104,
      0.5709920839593658,
      0.56789742784742,
      0.5692036866772812,
      0.5710705716143789,
      0.5701287197542215,
      0.5694111183369587,
      0.5679198528917094,
      0.569584912430202
    ],
    "epoch": [
      0,
      1,
      2,
      3,
      4,
      5,
      6,
      7,
      8,
      9,
      10,
      11,
      12,
      13,
      14,
      15,
      16,
      17,
      18,
      19,
      20,
      21,
      22,
      23,
      24,
      25,
      26,
      27,
      28,
      29,
      30,
      31,
      32,
      33,
      34,
      35,
      36,
      37,
      38,
      39,
      40,
      41,
      42,
      43,
      44,
      45,
      46,
      47,
      48,
      49,
      50,
      51,
      52
    ],