{
  "hyperparameters": {
    "signal": "MHc160_MA98",
    "channel": "Combined",
    "iteration": 1,
    "model_idx": 0,
    "num_hidden": 96,
    "optimizer": "RMSprop",
    "initial_lr": 0.0005,
    "weight_decay": 2e-05,
    "scheduler": "ExponentialLR",
    "pilot_mode": false,
    "num_classes": 4,
    "model_type": "ParticleNet",
    "num_node_features": 9,
    "num_graph_features": 4,
    "dropout_p": 0.4,
    "batch_size": 1024,
    "train_folds": [
      0,
      1,
      2
    ],
    "valid_folds": [
      3
    ]
  },
  "training_summary": {
    "best_epoch": 31,
    "best_train_loss": 0.973144088067743,
    "best_valid_loss": 1.0061446827552363,
    "best_train_acc": 0.592427020655331,
    "best_valid_acc": 0.5763348507613303,
    "total_epochs": 39
  },
  "epoch_history": {
    "train_loss": [
      1.0240905897602113,
      1.0078976500740329,
      1.0068213031873456,
      1.0047611253632998,
      1.0047962332296825,
      0.9975069568452141,
      0.9924636306243378,
      0.9922334893140651,
      0.9872654971298911,
      0.9875784509331514,
      0.986794183725157,
      0.9841697504218492,
      0.9841672884047367,
      0.9848525105795133,
      0.983613392981186,
      0.9845244298735513,
      0.9832041586775381,
      0.9814402344856934,
      0.9844225855394664,
      0.9853508864005518,
      0.9795728486509135,
      0.9838517432144976,
      0.9839786042531341,
      0.9781113413429671,
      0.9765762010274551,
      0.9838045215858706,
      0.9815063951794245,
      0.980615067447278,
      0.9797730734909695,
      0.9809027694833462,
      0.9765208374218938,
      0.973144088067743,
      0.976999198868652,
      0.9765586392012875,
      0.9774240570716697,
      0.9801665777634644,
      0.9726587363371044,
      0.9749263938899048,
      0.9753045938045788
    ],
    "valid_loss": [
      1.0613625351724447,
      1.0416535289883226,
      1.045646992293904,
      1.0379445461346506,
      1.0386471444561238,
      1.0316424492247942,
      1.0282993313656323,
      1.0272548891024347,
      1.02019467849018,
      1.020530359274476,
      1.0195134321395878,
      1.019056958910344,
      1.0188834583211555,
      1.021733102962494,
      1.0203737355533933,
      1.0202950535406965,
      1.0181835449073666,
      1.017199873638215,
      1.020418371181271,
      1.020096167374333,
      1.0157757408938168,
      1.017095267458565,
      1.021757607514236,
      1.014049201965161,
      1.013493034022838,
      1.0229492982210775,
      1.017367944102982,
      1.0177451498512249,
      1.012137230151602,
      1.0159352345558894,
      1.0112352546368706,
      1.0061446827552363,
      1.013399097669406,
      1.0093559333743611,
      1.01157445575893,
      1.0146373411476328,
      1.0086368829144912,
      1.0095870269699427,
      1.0089448960441796
    ],
    "train_acc": [
      0.5665462221777082,
      0.5744932471474687,
      0.5761111581931786,
      0.5749535813616647,
      0.5744566515404824,
      0.5771878394724069,
      0.5828062281870922,
      0.5827811890875753,
      0.5856183116713021,
      0.5833224188540567,
      0.5862847369353683,
      0.5863463716418715,
      0.5876214396326571,
      0.5869607926223256,
      0.5854545944821529,
      0.5876079570406095,
      0.5867951493485982,
      0.5885459602302057,
      0.5878082698367451,
      0.5827445934805889,
      0.5887751642950145,
      0.5867219581346256,
      0.5859784894874304,
      0.5894492938973936,
      0.5910729831968381,
      0.5852696903626432,
      0.5878660523740918,
      0.586248141328382,
      0.5887443469417629,
      0.5877158177769902,
      0.5902351364053098,
      0.592427020655331,
      0.5902678798431397,
      0.5906338359130026,
      0.590628057659268,
      0.5888599120164565,
      0.5931897501483085,
      0.5926523725509835,
      0.5929335808994044
    ],
    "valid_acc": [
      0.5490323593389097,
      0.5573520507703003,
      0.5578958580943197,
      0.5575146323413989,
      0.5571446191106227,
      0.561304464826318,
      0.5653633978427107,
      0.5643374520664678,
      0.5692429305047877,
      0.5673087704348216,
      0.5684748727378737,
      0.5688392797075774,
      0.5690915614558338,
      0.568020765591012,
      0.5671910389523019,
      0.5701735698428004,
      0.5709248088264974,
      0.5713340658847801,
      0.5708182898661225,
      0.5643206332832508,
      0.5691588365887023,
      0.5689850424954589,
      0.5678189401924069,
      0.5706781333393134,
      0.5728253313300293,
      0.5660809992599736,
      0.5690859551947615,
      0.566837844504743,
      0.5731280694279371,
      0.5709472338707869,
      0.5731392819500819,
      0.5763348507613303,
      0.5714686161505169,
      0.5755443679501268,
      0.5748772228825152,
      0.5709976902204382,
      0.5753873926401004,
      0.5745128159128114,
      0.5750398044536138
    ],
    "epoch": [
      0,
      1,
      2,
      3,
      4,
      5,
      6,
      7,
      8,
      9,
      10,
      11,
      12,
      13,
      14,
      15,
      16,
      17,
      18,
      19,
      20,
      21,
      22,
      23,
      24,
      25,
      26,
      27,
      28,
      29,
      30,
      31,
      32,
      33,
      34,
      35,
      36,
      37,
      38
    ],
    "timestamp": [
      1762476264.0530417,
      1762476479.627257,
      1762476698.7176805,
      1762476923.4877775,
      1762477148.0707803,
      1762477371.3731565,
      1762477595.708981,
      1762477820.3550065,
      1762478044.956854,
      1762478268.5254717,
      1762478491.3668034,
      1762478715.8943586,
      1762478938.0639386,
      1762479161.7349045,
      1762479383.949975,
      1762479606.8134875,
      1762479828.190601,
      1762480049.5924501,
      1762480270.4215417,
      1762480490.1243346,
      1762480709.2225752,
      1762480928.24466,
      1762481147.242835,
      1762481364.7599547,
      1762481582.5945716,
      1762481801.128828,
      1762482019.2864873,
      1762482240.3011303,
      1762482457.884268,
      1762482676.5136683,
      1762482894.5411596,
      1762483110.836639,
      1762483327.2429647,
      1762483542.4656105,
      1762483757.4564865,
      1762483972.4065802,
      1762484187.5973375,
      1762484402.6794796,
      1762484617.7407775
    ]
  }
}