2025-09-24 16:11:18,372 - INFO - [2022] MISSING_CENTRAL: SR3Mu/Central/bjets/3/eta in Skim_TriLep_DoubleMuon_C.root
2025-09-24 16:11:18,385 - INFO - [2022] MISSING_CENTRAL: SR3Mu/Central/bjets/3/eta in Skim_TriLep_Muon_D.root
2025-09-24 16:11:18,395 - INFO - [2022EE] MISSING_CENTRAL: SR3Mu/Central/bjets/3/eta in Skim_TriLep_Muon_G.root
2025-09-24 16:11:18,399 - INFO - [2023] MISSING_CENTRAL: SR3Mu/Central/bjets/3/eta in Skim_TriLep_Muon0_C_v1.root
2025-09-24 16:11:18,400 - INFO - [2023] MISSING_CENTRAL: SR3Mu/Central/bjets/3/eta in Skim_TriLep_Muon0_C_v2.root
2025-09-24 16:11:18,400 - INFO - [2023] MISSING_CENTRAL: SR3Mu/Central/bjets/3/eta in Skim_TriLep_Muon0_C_v3.root
2025-09-24 16:11:18,400 - INFO - [2023] MISSING_CENTRAL: SR3Mu/Central/bjets/3/eta in Skim_TriLep_Muon0_C_v4.root
2025-09-24 16:11:18,400 - INFO - [2023] MISSING_CENTRAL: SR3Mu/Central/bjets/3/eta in Skim_TriLep_Muon1_C_v1.root
2025-09-24 16:11:18,400 - INFO - [2023] MISSING_CENTRAL: SR3Mu/Central/bjets/3/eta in Skim_TriLep_Muon1_C_v2.root
2025-09-24 16:11:18,401 - INFO - [2023] MISSING_CENTRAL: SR3Mu/Central/bjets/3/eta in Skim_TriLep_Muon1_C_v3.root
2025-09-24 16:11:18,401 - INFO - [2023] MISSING_CENTRAL: SR3Mu/Central/bjets/3/eta in Skim_TriLep_Muon1_C_v4.root
2025-09-24 16:11:18,401 - INFO - [2023BPix] MISSING_CENTRAL: SR3Mu/Central/bjets/3/eta in Skim_TriLep_Muon0_D_v2.root
2025-09-24 16:11:18,402 - INFO - [2023BPix] MISSING_CENTRAL: SR3Mu/Central/bjets/3/eta in Skim_TriLep_Muon1_D_v1.root
2025-09-24 16:11:18,402 - INFO - [2023BPix] MISSING_CENTRAL: SR3Mu/Central/bjets/3/eta in Skim_TriLep_Muon1_D_v2.root
2025-09-24 16:11:18,405 - INFO - [2022] MISSING_CENTRAL: SR3Mu/Central/bjets/3/eta in Skim_TriLep_DoubleMuon_C.root
2025-09-24 16:11:18,410 - INFO - [2022] MISSING_CENTRAL: SR3Mu/Central/bjets/3/eta in Skim_TriLep_Muon_D.root
2025-09-24 16:11:18,410 - INFO - [2022] MISSING_CENTRAL: SR3Mu/Central/bjets/3/eta in Skim_TriLep_DYJets.root
2025-09-24 16:11:18,410 - INFO - [2022] MISSING_CENTRAL: SR3Mu/Central/bjets/3/eta in Skim_TriLep_DYJets10to50.root
2025-09-24 16:11:18,410 - INFO - [2022] MISSING_CENTRAL: SR3Mu/Central/bjets/3/eta in Skim_TriLep_DYGTo2LG_MLL4to50_PTG10to100.root
2025-09-24 16:11:18,411 - INFO - [2022] MISSING_CENTRAL: SR3Mu/Central/bjets/3/eta in Skim_TriLep_DYGTo2LG_MLL4to50_PTG100to200.root
2025-09-24 16:11:18,411 - INFO - [2022] MISSING_CENTRAL: SR3Mu/Central/bjets/3/eta in Skim_TriLep_DYGTo2LG_MLL4to50_PTG200toInf.root
2025-09-24 16:11:18,411 - INFO - [2022] MISSING_CENTRAL: SR3Mu/Central/bjets/3/eta in Skim_TriLep_DYGTo2LG_MLL50_PTG10to100.root
2025-09-24 16:11:18,411 - INFO - [2022] MISSING_CENTRAL: SR3Mu/Central/bjets/3/eta in Skim_TriLep_DYGTo2LG_MLL50_PTG100to200.root
2025-09-24 16:11:18,412 - INFO - [2022] MISSING_CENTRAL: SR3Mu/Central/bjets/3/eta in Skim_TriLep_DYGTo2LG_MLL50_PTG200toInf.root
2025-09-24 16:11:18,417 - INFO - [2022] MISSING_CENTRAL: SR3Mu/Central/bjets/3/eta in Skim_TriLep_TTG_PTG100to200.root
2025-09-24 16:11:18,418 - INFO - [2022] MISSING_CENTRAL: SR3Mu/Central/bjets/3/eta in Skim_TriLep_TTG_PTG200toInf.root
2025-09-24 16:11:18,418 - INFO - [2022] MISSING_CENTRAL: SR3Mu/Central/bjets/3/eta in Skim_TriLep_TTWToLNu.root
2025-09-24 16:11:18,484 - INFO - [2022] MISSING_CENTRAL: SR3Mu/Central/bjets/3/eta in Skim_TriLep_WZTo3LNu_powheg.root
2025-09-24 16:11:18,484 - INFO - [2022] MISSING_CENTRAL: SR3Mu/Central/bjets/3/eta in Skim_TriLep_ZZTo4L_powheg.root
2025-09-24 16:11:18,539 - INFO - [2022] MISSING_CENTRAL: SR3Mu/Central/bjets/3/eta in Skim_TriLep_WWW.root
2025-09-24 16:11:18,539 - INFO - [2022] MISSING_CENTRAL: SR3Mu/Central/bjets/3/eta in Skim_TriLep_WWZ.root
2025-09-24 16:11:18,546 - INFO - [2022] MISSING_CENTRAL: SR3Mu/Central/bjets/3/eta in Skim_TriLep_WZZ.root
2025-09-24 16:11:18,647 - INFO - [2022] MISSING_CENTRAL: SR3Mu/Central/bjets/3/eta in Skim_TriLep_VBFHToZZTo4L.root
2025-09-24 16:11:18,648 - INFO - [2022] MISSING_CENTRAL: SR3Mu/Central/bjets/3/eta in Skim_TriLep_ggHToZZTo4L.root
2025-09-24 16:11:18,648 - INFO - [2022EE] MISSING_CENTRAL: SR3Mu/Central/bjets/3/eta in Skim_TriLep_Muon_E.root
2025-09-24 16:11:18,649 - INFO - [2022EE] MISSING_CENTRAL: SR3Mu/Central/bjets/3/eta in Skim_TriLep_DYJets.root
2025-09-24 16:11:18,649 - INFO - [2022EE] MISSING_CENTRAL: SR3Mu/Central/bjets/3/eta in Skim_TriLep_DYJets10to50.root
2025-09-24 16:11:18,649 - INFO - [2022EE] MISSING_CENTRAL: SR3Mu/Central/bjets/3/eta in Skim_TriLep_DYGTo2LG_MLL4to50_PTG10to100.root
2025-09-24 16:11:18,650 - INFO - [2022EE] MISSING_CENTRAL: SR3Mu/Central/bjets/3/eta in Skim_TriLep_DYGTo2LG_MLL4to50_PTG100to200.root
2025-09-24 16:11:18,650 - INFO - [2022EE] MISSING_CENTRAL: SR3Mu/Central/bjets/3/eta in Skim_TriLep_DYGTo2LG_MLL4to50_PTG200toInf.root
2025-09-24 16:11:18,654 - INFO - [2022EE] MISSING_CENTRAL: SR3Mu/Central/bjets/3/eta in Skim_TriLep_DYGTo2LG_MLL50_PTG10to100.root
2025-09-24 16:11:18,654 - INFO - [2022EE] MISSING_CENTRAL: SR3Mu/Central/bjets/3/eta in Skim_TriLep_DYGTo2LG_MLL50_PTG100to200.root
2025-09-24 16:11:18,655 - INFO - [2022EE] MISSING_CENTRAL: SR3Mu/Central/bjets/3/eta in Skim_TriLep_DYGTo2LG_MLL50_PTG200toInf.root
2025-09-24 16:11:18,656 - INFO - [2022EE] MISSING_CENTRAL: SR3Mu/Central/bjets/3/eta in Skim_TriLep_TTG_PTG10to100.root
2025-09-24 16:11:18,657 - INFO - [2022EE] MISSING_CENTRAL: SR3Mu/Central/bjets/3/eta in Skim_TriLep_TTG_PTG100to200.root
2025-09-24 16:11:18,664 - INFO - [2022EE] MISSING_CENTRAL: SR3Mu/Central/bjets/3/eta in Skim_TriLep_TTG_PTG200toInf.root
2025-09-24 16:11:18,741 - INFO - [2022EE] MISSING_CENTRAL: SR3Mu/Central/bjets/3/eta in Skim_TriLep_WZTo3LNu_powheg.root
2025-09-24 16:11:18,752 - INFO - [2022EE] MISSING_CENTRAL: SR3Mu/Central/bjets/3/eta in Skim_TriLep_WWW.root
2025-09-24 16:11:18,752 - INFO - [2022EE] MISSING_CENTRAL: SR3Mu/Central/bjets/3/eta in Skim_TriLep_WWZ.root
2025-09-24 16:11:18,775 - INFO - [2022EE] MISSING_CENTRAL: SR3Mu/Central/bjets/3/eta in Skim_TriLep_VBFHToZZTo4L.root
2025-09-24 16:11:18,775 - INFO - [2022EE] MISSING_CENTRAL: SR3Mu/Central/bjets/3/eta in Skim_TriLep_ggHToZZTo4L.root
2025-09-24 16:11:18,776 - INFO - [2023] MISSING_CENTRAL: SR3Mu/Central/bjets/3/eta in Skim_TriLep_Muon0_C_v2.root
2025-09-24 16:11:18,776 - INFO - [2023] MISSING_CENTRAL: SR3Mu/Central/bjets/3/eta in Skim_TriLep_Muon0_C_v3.root
2025-09-24 16:11:18,777 - INFO - [2023] MISSING_CENTRAL: SR3Mu/Central/bjets/3/eta in Skim_TriLep_Muon1_C_v1.root
2025-09-24 16:11:18,777 - INFO - [2023] MISSING_CENTRAL: SR3Mu/Central/bjets/3/eta in Skim_TriLep_Muon1_C_v2.root
2025-09-24 16:11:18,777 - INFO - [2023] MISSING_CENTRAL: SR3Mu/Central/bjets/3/eta in Skim_TriLep_Muon1_C_v3.root
2025-09-24 16:11:18,777 - INFO - [2023] MISSING_CENTRAL: SR3Mu/Central/bjets/3/eta in Skim_TriLep_Muon1_C_v4.root
2025-09-24 16:11:18,778 - INFO - [2023] MISSING_CENTRAL: SR3Mu/Central/bjets/3/eta in Skim_TriLep_DYJets.root
2025-09-24 16:11:18,778 - INFO - [2023] MISSING_CENTRAL: SR3Mu/Central/bjets/3/eta in Skim_TriLep_DYJets10to50.root
2025-09-24 16:11:18,778 - INFO - [2023] MISSING_CENTRAL: SR3Mu/Central/bjets/3/eta in Skim_TriLep_DYGTo2LG_MLL4to50_PTG10to100.root
2025-09-24 16:11:18,778 - INFO - [2023] MISSING_CENTRAL: SR3Mu/Central/bjets/3/eta in Skim_TriLep_DYGTo2LG_MLL4to50_PTG100to200.root
2025-09-24 16:11:18,779 - INFO - [2023] MISSING_CENTRAL: SR3Mu/Central/bjets/3/eta in Skim_TriLep_DYGTo2LG_MLL4to50_PTG200toInf.root
2025-09-24 16:11:18,779 - INFO - [2023] MISSING_CENTRAL: SR3Mu/Central/bjets/3/eta in Skim_TriLep_DYGTo2LG_MLL50_PTG10to100.root
2025-09-24 16:11:18,779 - INFO - [2023] MISSING_CENTRAL: SR3Mu/Central/bjets/3/eta in Skim_TriLep_DYGTo2LG_MLL50_PTG100to200.root
2025-09-24 16:11:18,780 - INFO - [2023] MISSING_CENTRAL: SR3Mu/Central/bjets/3/eta in Skim_TriLep_DYGTo2LG_MLL50_PTG200to400.root
2025-09-24 16:11:18,780 - INFO - [2023] MISSING_CENTRAL: SR3Mu/Central/bjets/3/eta in Skim_TriLep_DYGTo2LG_MLL50_PTG400to600.root
2025-09-24 16:11:18,780 - INFO - [2023] MISSING_CENTRAL: SR3Mu/Central/bjets/3/eta in Skim_TriLep_DYGTo2LG_MLL50_PTG600toInf.root
2025-09-24 16:11:18,780 - INFO - [2023] MISSING_CENTRAL: SR3Mu/Central/bjets/3/eta in Skim_TriLep_TTG_PTG10to100.root
2025-09-24 16:11:18,781 - INFO - [2023] MISSING_CENTRAL: SR3Mu/Central/bjets/3/eta in Skim_TriLep_TTG_PTG100to200.root
2025-09-24 16:11:18,781 - INFO - [2023] MISSING_CENTRAL: SR3Mu/Central/bjets/3/eta in Skim_TriLep_TTG_PTG200toInf.root
2025-09-24 16:11:18,845 - INFO - [2023] MISSING_CENTRAL: SR3Mu/Central/bjets/3/eta in Skim_TriLep_WZTo3LNu_powheg.root
2025-09-24 16:11:18,859 - INFO - [2023] MISSING_CENTRAL: SR3Mu/Central/bjets/3/eta in Skim_TriLep_tHq.root
2025-09-24 16:11:18,859 - INFO - [2023] MISSING_CENTRAL: SR3Mu/Central/bjets/3/eta in Skim_TriLep_WWW.root
2025-09-24 16:11:18,860 - INFO - [2023] MISSING_CENTRAL: SR3Mu/Central/bjets/3/eta in Skim_TriLep_WWZ.root
2025-09-24 16:11:18,860 - INFO - [2023] MISSING_CENTRAL: SR3Mu/Central/bjets/3/eta in Skim_TriLep_WZZ.root
2025-09-24 16:11:18,874 - INFO - [2023] MISSING_CENTRAL: SR3Mu/Central/bjets/3/eta in Skim_TriLep_VBFHToZZTo4L.root
2025-09-24 16:11:18,875 - INFO - [2023] MISSING_CENTRAL: SR3Mu/Central/bjets/3/eta in Skim_TriLep_ggHToZZTo4L.root
2025-09-24 16:11:18,875 - INFO - [2023BPix] MISSING_CENTRAL: SR3Mu/Central/bjets/3/eta in Skim_TriLep_Muon0_D_v1.root
2025-09-24 16:11:18,875 - INFO - [2023BPix] MISSING_CENTRAL: SR3Mu/Central/bjets/3/eta in Skim_TriLep_Muon0_D_v2.root
2025-09-24 16:11:18,875 - INFO - [2023BPix] MISSING_CENTRAL: SR3Mu/Central/bjets/3/eta in Skim_TriLep_Muon1_D_v1.root
2025-09-24 16:11:18,876 - INFO - [2023BPix] MISSING_CENTRAL: SR3Mu/Central/bjets/3/eta in Skim_TriLep_Muon1_D_v2.root
2025-09-24 16:11:18,877 - INFO - [2023BPix] MISSING_CENTRAL: SR3Mu/Central/bjets/3/eta in Skim_TriLep_DYJets.root
2025-09-24 16:11:18,877 - INFO - [2023BPix] MISSING_CENTRAL: SR3Mu/Central/bjets/3/eta in Skim_TriLep_DYJets10to50.root
2025-09-24 16:11:18,877 - INFO - [2023BPix] MISSING_CENTRAL: SR3Mu/Central/bjets/3/eta in Skim_TriLep_DYGTo2LG_MLL4to50_PTG10to100.root
2025-09-24 16:11:18,878 - INFO - [2023BPix] MISSING_CENTRAL: SR3Mu/Central/bjets/3/eta in Skim_TriLep_DYGTo2LG_MLL4to50_PTG100to200.root
2025-09-24 16:11:18,878 - INFO - [2023BPix] MISSING_CENTRAL: SR3Mu/Central/bjets/3/eta in Skim_TriLep_DYGTo2LG_MLL4to50_PTG200toInf.root
2025-09-24 16:11:18,878 - INFO - [2023BPix] MISSING_CENTRAL: SR3Mu/Central/bjets/3/eta in Skim_TriLep_DYGTo2LG_MLL50_PTG10to100.root
2025-09-24 16:11:18,879 - INFO - [2023BPix] MISSING_CENTRAL: SR3Mu/Central/bjets/3/eta in Skim_TriLep_DYGTo2LG_MLL50_PTG100to200.root
2025-09-24 16:11:18,879 - INFO - [2023BPix] MISSING_CENTRAL: SR3Mu/Central/bjets/3/eta in Skim_TriLep_DYGTo2LG_MLL50_PTG200to400.root
2025-09-24 16:11:18,879 - INFO - [2023BPix] MISSING_CENTRAL: SR3Mu/Central/bjets/3/eta in Skim_TriLep_DYGTo2LG_MLL50_PTG400to600.root
2025-09-24 16:11:18,879 - INFO - [2023BPix] MISSING_CENTRAL: SR3Mu/Central/bjets/3/eta in Skim_TriLep_DYGTo2LG_MLL50_PTG600toInf.root
2025-09-24 16:11:18,880 - INFO - [2023BPix] MISSING_CENTRAL: SR3Mu/Central/bjets/3/eta in Skim_TriLep_TTG_PTG10to100.root
2025-09-24 16:11:18,880 - INFO - [2023BPix] MISSING_CENTRAL: SR3Mu/Central/bjets/3/eta in Skim_TriLep_TTG_PTG100to200.root
2025-09-24 16:11:18,880 - INFO - [2023BPix] MISSING_CENTRAL: SR3Mu/Central/bjets/3/eta in Skim_TriLep_TTG_PTG200toInf.root
2025-09-24 16:11:18,881 - INFO - [2023BPix] MISSING_CENTRAL: SR3Mu/Central/bjets/3/eta in Skim_TriLep_TTWToLNu.root
2025-09-24 16:11:18,899 - INFO - [2023BPix] MISSING_CENTRAL: SR3Mu/Central/bjets/3/eta in Skim_TriLep_WZTo3LNu_powheg.root
2025-09-24 16:11:18,914 - INFO - [2023BPix] MISSING_CENTRAL: SR3Mu/Central/bjets/3/eta in Skim_TriLep_tHq.root
2025-09-24 16:11:18,914 - INFO - [2023BPix] MISSING_CENTRAL: SR3Mu/Central/bjets/3/eta in Skim_TriLep_WWW.root
2025-09-24 16:11:18,914 - INFO - [2023BPix] MISSING_CENTRAL: SR3Mu/Central/bjets/3/eta in Skim_TriLep_WWZ.root
2025-09-24 16:11:18,915 - INFO - [2023BPix] MISSING_CENTRAL: SR3Mu/Central/bjets/3/eta in Skim_TriLep_WZZ.root
2025-09-24 16:11:18,915 - INFO - [2023BPix] MISSING_CENTRAL: SR3Mu/Central/bjets/3/eta in Skim_TriLep_ZZZ.root
2025-09-24 16:11:18,926 - INFO - [2023BPix] MISSING_CENTRAL: SR3Mu/Central/bjets/3/eta in Skim_TriLep_VBFHToZZTo4L.root
2025-09-24 16:11:18,928 - INFO - [2023BPix] MISSING_CENTRAL: SR3Mu/Central/bjets/3/eta in Skim_TriLep_ggHToZZTo4L.root
2025-10-02 21:25:02,745 - INFO - [2022] MISSING_CENTRAL: SR3Mu/Central/bjets/3/eta in Skim_TriLep_DoubleMuon_C.root
2025-10-02 21:25:02,944 - INFO - [2022] MISSING_CENTRAL: SR3Mu/Central/bjets/3/eta in Skim_TriLep_Muon_D.root
2025-10-02 21:25:02,972 - INFO - [2022EE] MISSING_CENTRAL: SR3Mu/Central/bjets/3/eta in Skim_TriLep_Muon_G.root
2025-10-02 21:25:02,987 - INFO - [2023] MISSING_CENTRAL: SR3Mu/Central/bjets/3/eta in Skim_TriLep_Muon0_C_v1.root
2025-10-02 21:25:02,988 - INFO - [2023] MISSING_CENTRAL: SR3Mu/Central/bjets/3/eta in Skim_TriLep_Muon0_C_v2.root
2025-10-02 21:25:02,989 - INFO - [2023] MISSING_CENTRAL: SR3Mu/Central/bjets/3/eta in Skim_TriLep_Muon0_C_v3.root
2025-10-02 21:25:02,989 - INFO - [2023] MISSING_CENTRAL: SR3Mu/Central/bjets/3/eta in Skim_TriLep_Muon0_C_v4.root
2025-10-02 21:25:02,990 - INFO - [2023] MISSING_CENTRAL: SR3Mu/Central/bjets/3/eta in Skim_TriLep_Muon1_C_v1.root
2025-10-02 21:25:02,991 - INFO - [2023] MISSING_CENTRAL: SR3Mu/Central/bjets/3/eta in Skim_TriLep_Muon1_C_v2.root
2025-10-02 21:25:02,992 - INFO - [2023] MISSING_CENTRAL: SR3Mu/Central/bjets/3/eta in Skim_TriLep_Muon1_C_v3.root
2025-10-02 21:25:02,993 - INFO - [2023] MISSING_CENTRAL: SR3Mu/Central/bjets/3/eta in Skim_TriLep_Muon1_C_v4.root
2025-10-02 21:25:02,995 - INFO - [2023BPix] MISSING_CENTRAL: SR3Mu/Central/bjets/3/eta in Skim_TriLep_Muon0_D_v2.root
2025-10-02 21:25:02,995 - INFO - [2023BPix] MISSING_CENTRAL: SR3Mu/Central/bjets/3/eta in Skim_TriLep_Muon1_D_v1.root
2025-10-02 21:25:02,996 - INFO - [2023BPix] MISSING_CENTRAL: SR3Mu/Central/bjets/3/eta in Skim_TriLep_Muon1_D_v2.root
2025-10-02 21:25:03,007 - INFO - [2022] MISSING_CENTRAL: SR3Mu/Central/bjets/3/eta in Skim_TriLep_DoubleMuon_C.root
2025-10-02 21:25:03,023 - INFO - [2022] MISSING_CENTRAL: SR3Mu/Central/bjets/3/eta in Skim_TriLep_Muon_D.root
2025-10-02 21:25:03,024 - INFO - [2022] MISSING_CENTRAL: SR3Mu/Central/bjets/3/eta in Skim_TriLep_DYJets.root
2025-10-02 21:25:03,025 - INFO - [2022] MISSING_CENTRAL: SR3Mu/Central/bjets/3/eta in Skim_TriLep_DYJets10to50.root
2025-10-02 21:25:03,026 - INFO - [2022] MISSING_CENTRAL: SR3Mu/Central/bjets/3/eta in Skim_TriLep_DYGTo2LG_MLL4to50_PTG10to100.root
2025-10-02 21:25:03,026 - INFO - [2022] MISSING_CENTRAL: SR3Mu/Central/bjets/3/eta in Skim_TriLep_DYGTo2LG_MLL4to50_PTG100to200.root
2025-10-02 21:25:03,027 - INFO - [2022] MISSING_CENTRAL: SR3Mu/Central/bjets/3/eta in Skim_TriLep_DYGTo2LG_MLL4to50_PTG200toInf.root
2025-10-02 21:25:03,029 - INFO - [2022] MISSING_CENTRAL: SR3Mu/Central/bjets/3/eta in Skim_TriLep_DYGTo2LG_MLL50_PTG10to100.root
2025-10-02 21:25:03,029 - INFO - [2022] MISSING_CENTRAL: SR3Mu/Central/bjets/3/eta in Skim_TriLep_DYGTo2LG_MLL50_PTG100to200.root
2025-10-02 21:25:03,030 - INFO - [2022] MISSING_CENTRAL: SR3Mu/Central/bjets/3/eta in Skim_TriLep_DYGTo2LG_MLL50_PTG200toInf.root
2025-10-02 21:25:03,046 - INFO - [2022] MISSING_CENTRAL: SR3Mu/Central/bjets/3/eta in Skim_TriLep_TTG_PTG100to200.root
2025-10-02 21:25:03,047 - INFO - [2022] MISSING_CENTRAL: SR3Mu/Central/bjets/3/eta in Skim_TriLep_TTG_PTG200toInf.root
2025-10-02 21:25:03,048 - INFO - [2022] MISSING_CENTRAL: SR3Mu/Central/bjets/3/eta in Skim_TriLep_TTWToLNu.root
2025-10-02 21:25:03,089 - INFO - [2022] MISSING_CENTRAL: SR3Mu/Central/bjets/3/eta in Skim_TriLep_WZTo3LNu_powheg.root
2025-10-02 21:25:03,090 - INFO - [2022] MISSING_CENTRAL: SR3Mu/Central/bjets/3/eta in Skim_TriLep_ZZTo4L_powheg.root
2025-10-02 21:25:03,127 - INFO - [2022] MISSING_CENTRAL: SR3Mu/Central/bjets/3/eta in Skim_TriLep_WWW.root
2025-10-02 21:25:03,128 - INFO - [2022] MISSING_CENTRAL: SR3Mu/Central/bjets/3/eta in Skim_TriLep_WWZ.root
2025-10-02 21:25:03,138 - INFO - [2022] MISSING_CENTRAL: SR3Mu/Central/bjets/3/eta in Skim_TriLep_WZZ.root
2025-10-02 21:25:03,213 - INFO - [2022] MISSING_CENTRAL: SR3Mu/Central/bjets/3/eta in Skim_TriLep_VBFHToZZTo4L.root
2025-10-02 21:25:03,218 - INFO - [2022] MISSING_CENTRAL: SR3Mu/Central/bjets/3/eta in Skim_TriLep_ggHToZZTo4L.root
2025-10-02 21:25:03,218 - INFO - [2022EE] MISSING_CENTRAL: SR3Mu/Central/bjets/3/eta in Skim_TriLep_Muon_E.root
2025-10-02 21:25:03,227 - INFO - [2022EE] MISSING_CENTRAL: SR3Mu/Central/bjets/3/eta in Skim_TriLep_DYJets.root
2025-10-02 21:25:03,231 - INFO - [2022EE] MISSING_CENTRAL: SR3Mu/Central/bjets/3/eta in Skim_TriLep_DYJets10to50.root
2025-10-02 21:25:03,242 - INFO - [2022EE] MISSING_CENTRAL: SR3Mu/Central/bjets/3/eta in Skim_TriLep_DYGTo2LG_MLL4to50_PTG10to100.root
2025-10-02 21:25:03,243 - INFO - [2022EE] MISSING_CENTRAL: SR3Mu/Central/bjets/3/eta in Skim_TriLep_DYGTo2LG_MLL4to50_PTG100to200.root
2025-10-02 21:25:03,244 - INFO - [2022EE] MISSING_CENTRAL: SR3Mu/Central/bjets/3/eta in Skim_TriLep_DYGTo2LG_MLL4to50_PTG200toInf.root
2025-10-02 21:25:03,252 - INFO - [2022EE] MISSING_CENTRAL: SR3Mu/Central/bjets/3/eta in Skim_TriLep_DYGTo2LG_MLL50_PTG10to100.root
2025-10-02 21:25:03,259 - INFO - [2022EE] MISSING_CENTRAL: SR3Mu/Central/bjets/3/eta in Skim_TriLep_DYGTo2LG_MLL50_PTG100to200.root
2025-10-02 21:25:03,268 - INFO - [2022EE] MISSING_CENTRAL: SR3Mu/Central/bjets/3/eta in Skim_TriLep_DYGTo2LG_MLL50_PTG200toInf.root
2025-10-02 21:25:03,272 - INFO - [2022EE] MISSING_CENTRAL: SR3Mu/Central/bjets/3/eta in Skim_TriLep_TTG_PTG10to100.root
2025-10-02 21:25:03,277 - INFO - [2022EE] MISSING_CENTRAL: SR3Mu/Central/bjets/3/eta in Skim_TriLep_TTG_PTG100to200.root
2025-10-02 21:25:03,282 - INFO - [2022EE] MISSING_CENTRAL: SR3Mu/Central/bjets/3/eta in Skim_TriLep_TTG_PTG200toInf.root
2025-10-02 21:25:03,358 - INFO - [2022EE] MISSING_CENTRAL: SR3Mu/Central/bjets/3/eta in Skim_TriLep_WZTo3LNu_powheg.root
2025-10-02 21:25:03,387 - INFO - [2022EE] MISSING_CENTRAL: SR3Mu/Central/bjets/3/eta in Skim_TriLep_WWW.root
2025-10-02 21:25:03,388 - INFO - [2022EE] MISSING_CENTRAL: SR3Mu/Central/bjets/3/eta in Skim_TriLep_WWZ.root
2025-10-02 21:25:03,421 - INFO - [2022EE] MISSING_CENTRAL: SR3Mu/Central/bjets/3/eta in Skim_TriLep_VBFHToZZTo4L.root
2025-10-02 21:25:03,422 - INFO - [2022EE] MISSING_CENTRAL: SR3Mu/Central/bjets/3/eta in Skim_TriLep_ggHToZZTo4L.root
2025-10-02 21:25:03,425 - INFO - [2023] MISSING_CENTRAL: SR3Mu/Central/bjets/3/eta in Skim_TriLep_Muon0_C_v2.root
2025-10-02 21:25:03,426 - INFO - [2023] MISSING_CENTRAL: SR3Mu/Central/bjets/3/eta in Skim_TriLep_Muon0_C_v3.root
2025-10-02 21:25:03,428 - INFO - [2023] MISSING_CENTRAL: SR3Mu/Central/bjets/3/eta in Skim_TriLep_Muon1_C_v1.root
2025-10-02 21:25:03,429 - INFO - [2023] MISSING_CENTRAL: SR3Mu/Central/bjets/3/eta in Skim_TriLep_Muon1_C_v2.root
2025-10-02 21:25:03,430 - INFO - [2023] MISSING_CENTRAL: SR3Mu/Central/bjets/3/eta in Skim_TriLep_Muon1_C_v3.root
2025-10-02 21:25:03,431 - INFO - [2023] MISSING_CENTRAL: SR3Mu/Central/bjets/3/eta in Skim_TriLep_Muon1_C_v4.root
2025-10-02 21:25:03,432 - INFO - [2023] MISSING_CENTRAL: SR3Mu/Central/bjets/3/eta in Skim_TriLep_DYJets.root
2025-10-02 21:25:03,433 - INFO - [2023] MISSING_CENTRAL: SR3Mu/Central/bjets/3/eta in Skim_TriLep_DYJets10to50.root
2025-10-02 21:25:03,434 - INFO - [2023] MISSING_CENTRAL: SR3Mu/Central/bjets/3/eta in Skim_TriLep_DYGTo2LG_MLL4to50_PTG10to100.root
2025-10-02 21:25:03,437 - INFO - [2023] MISSING_CENTRAL: SR3Mu/Central/bjets/3/eta in Skim_TriLep_DYGTo2LG_MLL4to50_PTG100to200.root
2025-10-02 21:25:03,443 - INFO - [2023] MISSING_CENTRAL: SR3Mu/Central/bjets/3/eta in Skim_TriLep_DYGTo2LG_MLL4to50_PTG200toInf.root
2025-10-02 21:25:03,449 - INFO - [2023] MISSING_CENTRAL: SR3Mu/Central/bjets/3/eta in Skim_TriLep_DYGTo2LG_MLL50_PTG10to100.root
2025-10-02 21:25:03,451 - INFO - [2023] MISSING_CENTRAL: SR3Mu/Central/bjets/3/eta in Skim_TriLep_DYGTo2LG_MLL50_PTG100to200.root
2025-10-02 21:25:03,461 - INFO - [2023] MISSING_CENTRAL: SR3Mu/Central/bjets/3/eta in Skim_TriLep_DYGTo2LG_MLL50_PTG200to400.root
2025-10-02 21:25:03,465 - INFO - [2023] MISSING_CENTRAL: SR3Mu/Central/bjets/3/eta in Skim_TriLep_DYGTo2LG_MLL50_PTG400to600.root
2025-10-02 21:25:03,468 - INFO - [2023] MISSING_CENTRAL: SR3Mu/Central/bjets/3/eta in Skim_TriLep_DYGTo2LG_MLL50_PTG600toInf.root
2025-10-02 21:25:03,470 - INFO - [2023] MISSING_CENTRAL: SR3Mu/Central/bjets/3/eta in Skim_TriLep_TTG_PTG10to100.root
2025-10-02 21:25:03,474 - INFO - [2023] MISSING_CENTRAL: SR3Mu/Central/bjets/3/eta in Skim_TriLep_TTG_PTG100to200.root
2025-10-02 21:25:03,484 - INFO - [2023] MISSING_CENTRAL: SR3Mu/Central/bjets/3/eta in Skim_TriLep_TTG_PTG200toInf.root
2025-10-02 21:25:03,587 - INFO - [2023] MISSING_CENTRAL: SR3Mu/Central/bjets/3/eta in Skim_TriLep_WZTo3LNu_powheg.root
2025-10-02 21:25:03,614 - INFO - [2023] MISSING_CENTRAL: SR3Mu/Central/bjets/3/eta in Skim_TriLep_tHq.root
2025-10-02 21:25:03,628 - INFO - [2023] MISSING_CENTRAL: SR3Mu/Central/bjets/3/eta in Skim_TriLep_WWW.root
2025-10-02 21:25:03,629 - INFO - [2023] MISSING_CENTRAL: SR3Mu/Central/bjets/3/eta in Skim_TriLep_WWZ.root
2025-10-02 21:25:03,630 - INFO - [2023] MISSING_CENTRAL: SR3Mu/Central/bjets/3/eta in Skim_TriLep_WZZ.root
2025-10-02 21:25:03,679 - INFO - [2023] MISSING_CENTRAL: SR3Mu/Central/bjets/3/eta in Skim_TriLep_VBFHToZZTo4L.root
2025-10-02 21:25:03,689 - INFO - [2023] MISSING_CENTRAL: SR3Mu/Central/bjets/3/eta in Skim_TriLep_ggHToZZTo4L.root
2025-10-02 21:25:03,692 - INFO - [2023BPix] MISSING_CENTRAL: SR3Mu/Central/bjets/3/eta in Skim_TriLep_Muon0_D_v1.root
2025-10-02 21:25:03,694 - INFO - [2023BPix] MISSING_CENTRAL: SR3Mu/Central/bjets/3/eta in Skim_TriLep_Muon0_D_v2.root
2025-10-02 21:25:03,696 - INFO - [2023BPix] MISSING_CENTRAL: SR3Mu/Central/bjets/3/eta in Skim_TriLep_Muon1_D_v1.root
2025-10-02 21:25:03,706 - INFO - [2023BPix] MISSING_CENTRAL: SR3Mu/Central/bjets/3/eta in Skim_TriLep_Muon1_D_v2.root
2025-10-02 21:25:03,711 - INFO - [2023BPix] MISSING_CENTRAL: SR3Mu/Central/bjets/3/eta in Skim_TriLep_DYJets.root
2025-10-02 21:25:03,714 - INFO - [2023BPix] MISSING_CENTRAL: SR3Mu/Central/bjets/3/eta in Skim_TriLep_DYJets10to50.root
2025-10-02 21:25:03,716 - INFO - [2023BPix] MISSING_CENTRAL: SR3Mu/Central/bjets/3/eta in Skim_TriLep_DYGTo2LG_MLL4to50_PTG10to100.root
2025-10-02 21:25:03,725 - INFO - [2023BPix] MISSING_CENTRAL: SR3Mu/Central/bjets/3/eta in Skim_TriLep_DYGTo2LG_MLL4to50_PTG100to200.root
2025-10-02 21:25:03,734 - INFO - [2023BPix] MISSING_CENTRAL: SR3Mu/Central/bjets/3/eta in Skim_TriLep_DYGTo2LG_MLL4to50_PTG200toInf.root
2025-10-02 21:25:03,735 - INFO - [2023BPix] MISSING_CENTRAL: SR3Mu/Central/bjets/3/eta in Skim_TriLep_DYGTo2LG_MLL50_PTG10to100.root
2025-10-02 21:25:03,742 - INFO - [2023BPix] MISSING_CENTRAL: SR3Mu/Central/bjets/3/eta in Skim_TriLep_DYGTo2LG_MLL50_PTG100to200.root
2025-10-02 21:25:03,745 - INFO - [2023BPix] MISSING_CENTRAL: SR3Mu/Central/bjets/3/eta in Skim_TriLep_DYGTo2LG_MLL50_PTG200to400.root
2025-10-02 21:25:03,752 - INFO - [2023BPix] MISSING_CENTRAL: SR3Mu/Central/bjets/3/eta in Skim_TriLep_DYGTo2LG_MLL50_PTG400to600.root
2025-10-02 21:25:03,756 - INFO - [2023BPix] MISSING_CENTRAL: SR3Mu/Central/bjets/3/eta in Skim_TriLep_DYGTo2LG_MLL50_PTG600toInf.root
2025-10-02 21:25:03,757 - INFO - [2023BPix] MISSING_CENTRAL: SR3Mu/Central/bjets/3/eta in Skim_TriLep_TTG_PTG10to100.root
2025-10-02 21:25:03,759 - INFO - [2023BPix] MISSING_CENTRAL: SR3Mu/Central/bjets/3/eta in Skim_TriLep_TTG_PTG100to200.root
2025-10-02 21:25:03,762 - INFO - [2023BPix] MISSING_CENTRAL: SR3Mu/Central/bjets/3/eta in Skim_TriLep_TTG_PTG200toInf.root
2025-10-02 21:25:03,763 - INFO - [2023BPix] MISSING_CENTRAL: SR3Mu/Central/bjets/3/eta in Skim_TriLep_TTWToLNu.root
2025-10-02 21:25:03,851 - INFO - [2023BPix] MISSING_CENTRAL: SR3Mu/Central/bjets/3/eta in Skim_TriLep_WZTo3LNu_powheg.root
2025-10-02 21:25:03,910 - INFO - [2023BPix] MISSING_CENTRAL: SR3Mu/Central/bjets/3/eta in Skim_TriLep_tHq.root
2025-10-02 21:25:03,920 - INFO - [2023BPix] MISSING_CENTRAL: SR3Mu/Central/bjets/3/eta in Skim_TriLep_WWW.root
2025-10-02 21:25:03,927 - INFO - [2023BPix] MISSING_CENTRAL: SR3Mu/Central/bjets/3/eta in Skim_TriLep_WWZ.root
2025-10-02 21:25:03,928 - INFO - [2023BPix] MISSING_CENTRAL: SR3Mu/Central/bjets/3/eta in Skim_TriLep_WZZ.root
2025-10-02 21:25:03,934 - INFO - [2023BPix] MISSING_CENTRAL: SR3Mu/Central/bjets/3/eta in Skim_TriLep_ZZZ.root
2025-10-02 21:25:03,959 - INFO - [2023BPix] MISSING_CENTRAL: SR3Mu/Central/bjets/3/eta in Skim_TriLep_VBFHToZZTo4L.root
2025-10-02 21:25:03,961 - INFO - [2023BPix] MISSING_CENTRAL: SR3Mu/Central/bjets/3/eta in Skim_TriLep_ggHToZZTo4L.root
2025-10-03 00:46:11,351 - INFO - [2022] MISSING_CENTRAL: SR3Mu/Central/bjets/3/eta in Skim_TriLep_DoubleMuon_C.root
2025-10-03 00:46:11,443 - INFO - [2022] MISSING_CENTRAL: SR3Mu/Central/bjets/3/eta in Skim_TriLep_Muon_D.root
2025-10-03 00:46:11,505 - INFO - [2022EE] MISSING_CENTRAL: SR3Mu/Central/bjets/3/eta in Skim_TriLep_Muon_G.root
2025-10-03 00:46:11,528 - INFO - [2023] MISSING_CENTRAL: SR3Mu/Central/bjets/3/eta in Skim_TriLep_Muon0_C_v1.root
2025-10-03 00:46:11,529 - INFO - [2023] MISSING_CENTRAL: SR3Mu/Central/bjets/3/eta in Skim_TriLep_Muon0_C_v2.root
2025-10-03 00:46:11,530 - INFO - [2023] MISSING_CENTRAL: SR3Mu/Central/bjets/3/eta in Skim_TriLep_Muon0_C_v3.root
2025-10-03 00:46:11,530 - INFO - [2023] MISSING_CENTRAL: SR3Mu/Central/bjets/3/eta in Skim_TriLep_Muon0_C_v4.root
2025-10-03 00:46:11,531 - INFO - [2023] MISSING_CENTRAL: SR3Mu/Central/bjets/3/eta in Skim_TriLep_Muon1_C_v1.root
2025-10-03 00:46:11,532 - INFO - [2023] MISSING_CENTRAL: SR3Mu/Central/bjets/3/eta in Skim_TriLep_Muon1_C_v2.root
2025-10-03 00:46:11,533 - INFO - [2023] MISSING_CENTRAL: SR3Mu/Central/bjets/3/eta in Skim_TriLep_Muon1_C_v3.root
2025-10-03 00:46:11,533 - INFO - [2023] MISSING_CENTRAL: SR3Mu/Central/bjets/3/eta in Skim_TriLep_Muon1_C_v4.root
2025-10-03 00:46:11,535 - INFO - [2023BPix] MISSING_CENTRAL: SR3Mu/Central/bjets/3/eta in Skim_TriLep_Muon0_D_v2.root
2025-10-03 00:46:11,536 - INFO - [2023BPix] MISSING_CENTRAL: SR3Mu/Central/bjets/3/eta in Skim_TriLep_Muon1_D_v1.root
2025-10-03 00:46:11,537 - INFO - [2023BPix] MISSING_CENTRAL: SR3Mu/Central/bjets/3/eta in Skim_TriLep_Muon1_D_v2.root
2025-10-03 00:46:11,545 - INFO - [2022] MISSING_CENTRAL: SR3Mu/Central/bjets/3/eta in Skim_TriLep_DoubleMuon_C.root
2025-10-03 00:46:11,559 - INFO - [2022] MISSING_CENTRAL: SR3Mu/Central/bjets/3/eta in Skim_TriLep_Muon_D.root
2025-10-03 00:46:11,560 - INFO - [2022] MISSING_CENTRAL: SR3Mu/Central/bjets/3/eta in Skim_TriLep_DYJets.root
2025-10-03 00:46:11,561 - INFO - [2022] MISSING_CENTRAL: SR3Mu/Central/bjets/3/eta in Skim_TriLep_DYJets10to50.root
2025-10-03 00:46:11,562 - INFO - [2022] MISSING_CENTRAL: SR3Mu/Central/bjets/3/eta in Skim_TriLep_DYGTo2LG_MLL4to50_PTG10to100.root
2025-10-03 00:46:11,562 - INFO - [2022] MISSING_CENTRAL: SR3Mu/Central/bjets/3/eta in Skim_TriLep_DYGTo2LG_MLL4to50_PTG100to200.root
2025-10-03 00:46:11,563 - INFO - [2022] MISSING_CENTRAL: SR3Mu/Central/bjets/3/eta in Skim_TriLep_DYGTo2LG_MLL4to50_PTG200toInf.root
2025-10-03 00:46:11,566 - INFO - [2022] MISSING_CENTRAL: SR3Mu/Central/bjets/3/eta in Skim_TriLep_DYGTo2LG_MLL50_PTG10to100.root
2025-10-03 00:46:11,567 - INFO - [2022] MISSING_CENTRAL: SR3Mu/Central/bjets/3/eta in Skim_TriLep_DYGTo2LG_MLL50_PTG100to200.root
2025-10-03 00:46:11,568 - INFO - [2022] MISSING_CENTRAL: SR3Mu/Central/bjets/3/eta in Skim_TriLep_DYGTo2LG_MLL50_PTG200toInf.root
2025-10-03 00:46:11,583 - INFO - [2022] MISSING_CENTRAL: SR3Mu/Central/bjets/3/eta in Skim_TriLep_TTG_PTG100to200.root
2025-10-03 00:46:11,584 - INFO - [2022] MISSING_CENTRAL: SR3Mu/Central/bjets/3/eta in Skim_TriLep_TTG_PTG200toInf.root
2025-10-03 00:46:11,585 - INFO - [2022] MISSING_CENTRAL: SR3Mu/Central/bjets/3/eta in Skim_TriLep_TTWToLNu.root
2025-10-03 00:46:11,614 - INFO - [2022] MISSING_CENTRAL: SR3Mu/Central/bjets/3/eta in Skim_TriLep_WZTo3LNu_powheg.root
2025-10-03 00:46:11,615 - INFO - [2022] MISSING_CENTRAL: SR3Mu/Central/bjets/3/eta in Skim_TriLep_ZZTo4L_powheg.root
2025-10-03 00:46:11,635 - INFO - [2022] MISSING_CENTRAL: SR3Mu/Central/bjets/3/eta in Skim_TriLep_WWW.root
2025-10-03 00:46:11,635 - INFO - [2022] MISSING_CENTRAL: SR3Mu/Central/bjets/3/eta in Skim_TriLep_WWZ.root
2025-10-03 00:46:11,636 - INFO - [2022] MISSING_CENTRAL: SR3Mu/Central/bjets/3/eta in Skim_TriLep_WZZ.root
2025-10-03 00:46:11,674 - INFO - [2022] MISSING_CENTRAL: SR3Mu/Central/bjets/3/eta in Skim_TriLep_VBFHToZZTo4L.root
2025-10-03 00:46:11,675 - INFO - [2022] MISSING_CENTRAL: SR3Mu/Central/bjets/3/eta in Skim_TriLep_ggHToZZTo4L.root
2025-10-03 00:46:11,689 - INFO - [2022EE] MISSING_CENTRAL: SR3Mu/Central/bjets/3/eta in Skim_TriLep_Muon_E.root
2025-10-03 00:46:11,693 - INFO - [2022EE] MISSING_CENTRAL: SR3Mu/Central/bjets/3/eta in Skim_TriLep_DYJets.root
2025-10-03 00:46:11,694 - INFO - [2022EE] MISSING_CENTRAL: SR3Mu/Central/bjets/3/eta in Skim_TriLep_DYJets10to50.root
2025-10-03 00:46:11,695 - INFO - [2022EE] MISSING_CENTRAL: SR3Mu/Central/bjets/3/eta in Skim_TriLep_DYGTo2LG_MLL4to50_PTG10to100.root
2025-10-03 00:46:11,695 - INFO - [2022EE] MISSING_CENTRAL: SR3Mu/Central/bjets/3/eta in Skim_TriLep_DYGTo2LG_MLL4to50_PTG100to200.root
2025-10-03 00:46:11,696 - INFO - [2022EE] MISSING_CENTRAL: SR3Mu/Central/bjets/3/eta in Skim_TriLep_DYGTo2LG_MLL4to50_PTG200toInf.root
2025-10-03 00:46:11,697 - INFO - [2022EE] MISSING_CENTRAL: SR3Mu/Central/bjets/3/eta in Skim_TriLep_DYGTo2LG_MLL50_PTG10to100.root
2025-10-03 00:46:11,697 - INFO - [2022EE] MISSING_CENTRAL: SR3Mu/Central/bjets/3/eta in Skim_TriLep_DYGTo2LG_MLL50_PTG100to200.root
2025-10-03 00:46:11,698 - INFO - [2022EE] MISSING_CENTRAL: SR3Mu/Central/bjets/3/eta in Skim_TriLep_DYGTo2LG_MLL50_PTG200toInf.root
2025-10-03 00:46:11,699 - INFO - [2022EE] MISSING_CENTRAL: SR3Mu/Central/bjets/3/eta in Skim_TriLep_TTG_PTG10to100.root
2025-10-03 00:46:11,700 - INFO - [2022EE] MISSING_CENTRAL: SR3Mu/Central/bjets/3/eta in Skim_TriLep_TTG_PTG100to200.root
2025-10-03 00:46:11,700 - INFO - [2022EE] MISSING_CENTRAL: SR3Mu/Central/bjets/3/eta in Skim_TriLep_TTG_PTG200toInf.root
2025-10-03 00:46:11,747 - INFO - [2022EE] MISSING_CENTRAL: SR3Mu/Central/bjets/3/eta in Skim_TriLep_WZTo3LNu_powheg.root
2025-10-03 00:46:11,797 - INFO - [2022EE] MISSING_CENTRAL: SR3Mu/Central/bjets/3/eta in Skim_TriLep_WWW.root
2025-10-03 00:46:11,798 - INFO - [2022EE] MISSING_CENTRAL: SR3Mu/Central/bjets/3/eta in Skim_TriLep_WWZ.root
2025-10-03 00:46:11,834 - INFO - [2022EE] MISSING_CENTRAL: SR3Mu/Central/bjets/3/eta in Skim_TriLep_VBFHToZZTo4L.root
2025-10-03 00:46:11,835 - INFO - [2022EE] MISSING_CENTRAL: SR3Mu/Central/bjets/3/eta in Skim_TriLep_ggHToZZTo4L.root
2025-10-03 00:46:11,837 - INFO - [2023] MISSING_CENTRAL: SR3Mu/Central/bjets/3/eta in Skim_TriLep_Muon0_C_v2.root
2025-10-03 00:46:11,837 - INFO - [2023] MISSING_CENTRAL: SR3Mu/Central/bjets/3/eta in Skim_TriLep_Muon0_C_v3.root
2025-10-03 00:46:11,839 - INFO - [2023] MISSING_CENTRAL: SR3Mu/Central/bjets/3/eta in Skim_TriLep_Muon1_C_v1.root
2025-10-03 00:46:11,840 - INFO - [2023] MISSING_CENTRAL: SR3Mu/Central/bjets/3/eta in Skim_TriLep_Muon1_C_v2.root
2025-10-03 00:46:11,841 - INFO - [2023] MISSING_CENTRAL: SR3Mu/Central/bjets/3/eta in Skim_TriLep_Muon1_C_v3.root
2025-10-03 00:46:11,842 - INFO - [2023] MISSING_CENTRAL: SR3Mu/Central/bjets/3/eta in Skim_TriLep_Muon1_C_v4.root
2025-10-03 00:46:11,843 - INFO - [2023] MISSING_CENTRAL: SR3Mu/Central/bjets/3/eta in Skim_TriLep_DYJets.root
2025-10-03 00:46:11,845 - INFO - [2023] MISSING_CENTRAL: SR3Mu/Central/bjets/3/eta in Skim_TriLep_DYJets10to50.root
2025-10-03 00:46:11,847 - INFO - [2023] MISSING_CENTRAL: SR3Mu/Central/bjets/3/eta in Skim_TriLep_DYGTo2LG_MLL4to50_PTG10to100.root
2025-10-03 00:46:11,849 - INFO - [2023] MISSING_CENTRAL: SR3Mu/Central/bjets/3/eta in Skim_TriLep_DYGTo2LG_MLL4to50_PTG100to200.root
2025-10-03 00:46:11,850 - INFO - [2023] MISSING_CENTRAL: SR3Mu/Central/bjets/3/eta in Skim_TriLep_DYGTo2LG_MLL4to50_PTG200toInf.root
2025-10-03 00:46:11,851 - INFO - [2023] MISSING_CENTRAL: SR3Mu/Central/bjets/3/eta in Skim_TriLep_DYGTo2LG_MLL50_PTG10to100.root
2025-10-03 00:46:11,852 - INFO - [2023] MISSING_CENTRAL: SR3Mu/Central/bjets/3/eta in Skim_TriLep_DYGTo2LG_MLL50_PTG100to200.root
2025-10-03 00:46:11,853 - INFO - [2023] MISSING_CENTRAL: SR3Mu/Central/bjets/3/eta in Skim_TriLep_DYGTo2LG_MLL50_PTG200to400.root
2025-10-03 00:46:11,854 - INFO - [2023] MISSING_CENTRAL: SR3Mu/Central/bjets/3/eta in Skim_TriLep_DYGTo2LG_MLL50_PTG400to600.root
2025-10-03 00:46:11,855 - INFO - [2023] MISSING_CENTRAL: SR3Mu/Central/bjets/3/eta in Skim_TriLep_DYGTo2LG_MLL50_PTG600toInf.root
2025-10-03 00:46:11,856 - INFO - [2023] MISSING_CENTRAL: SR3Mu/Central/bjets/3/eta in Skim_TriLep_TTG_PTG10to100.root
2025-10-03 00:46:11,856 - INFO - [2023] MISSING_CENTRAL: SR3Mu/Central/bjets/3/eta in Skim_TriLep_TTG_PTG100to200.root
2025-10-03 00:46:11,857 - INFO - [2023] MISSING_CENTRAL: SR3Mu/Central/bjets/3/eta in Skim_TriLep_TTG_PTG200toInf.root
2025-10-03 00:46:11,908 - INFO - [2023] MISSING_CENTRAL: SR3Mu/Central/bjets/3/eta in Skim_TriLep_WZTo3LNu_powheg.root
2025-10-03 00:46:11,927 - INFO - [2023] MISSING_CENTRAL: SR3Mu/Central/bjets/3/eta in Skim_TriLep_tHq.root
2025-10-03 00:46:11,928 - INFO - [2023] MISSING_CENTRAL: SR3Mu/Central/bjets/3/eta in Skim_TriLep_WWW.root
2025-10-03 00:46:11,928 - INFO - [2023] MISSING_CENTRAL: SR3Mu/Central/bjets/3/eta in Skim_TriLep_WWZ.root
2025-10-03 00:46:11,929 - INFO - [2023] MISSING_CENTRAL: SR3Mu/Central/bjets/3/eta in Skim_TriLep_WZZ.root
2025-10-03 00:46:11,957 - INFO - [2023] MISSING_CENTRAL: SR3Mu/Central/bjets/3/eta in Skim_TriLep_VBFHToZZTo4L.root
2025-10-03 00:46:11,958 - INFO - [2023] MISSING_CENTRAL: SR3Mu/Central/bjets/3/eta in Skim_TriLep_ggHToZZTo4L.root
2025-10-03 00:46:11,959 - INFO - [2023BPix] MISSING_CENTRAL: SR3Mu/Central/bjets/3/eta in Skim_TriLep_Muon0_D_v1.root
2025-10-03 00:46:11,960 - INFO - [2023BPix] MISSING_CENTRAL: SR3Mu/Central/bjets/3/eta in Skim_TriLep_Muon0_D_v2.root
2025-10-03 00:46:11,961 - INFO - [2023BPix] MISSING_CENTRAL: SR3Mu/Central/bjets/3/eta in Skim_TriLep_Muon1_D_v1.root
2025-10-03 00:46:11,963 - INFO - [2023BPix] MISSING_CENTRAL: SR3Mu/Central/bjets/3/eta in Skim_TriLep_Muon1_D_v2.root
2025-10-03 00:46:11,963 - INFO - [2023BPix] MISSING_CENTRAL: SR3Mu/Central/bjets/3/eta in Skim_TriLep_DYJets.root
2025-10-03 00:46:11,964 - INFO - [2023BPix] MISSING_CENTRAL: SR3Mu/Central/bjets/3/eta in Skim_TriLep_DYJets10to50.root
2025-10-03 00:46:11,965 - INFO - [2023BPix] MISSING_CENTRAL: SR3Mu/Central/bjets/3/eta in Skim_TriLep_DYGTo2LG_MLL4to50_PTG10to100.root
2025-10-03 00:46:11,966 - INFO - [2023BPix] MISSING_CENTRAL: SR3Mu/Central/bjets/3/eta in Skim_TriLep_DYGTo2LG_MLL4to50_PTG100to200.root
2025-10-03 00:46:11,967 - INFO - [2023BPix] MISSING_CENTRAL: SR3Mu/Central/bjets/3/eta in Skim_TriLep_DYGTo2LG_MLL4to50_PTG200toInf.root
2025-10-03 00:46:11,968 - INFO - [2023BPix] MISSING_CENTRAL: SR3Mu/Central/bjets/3/eta in Skim_TriLep_DYGTo2LG_MLL50_PTG10to100.root
2025-10-03 00:46:11,969 - INFO - [2023BPix] MISSING_CENTRAL: SR3Mu/Central/bjets/3/eta in Skim_TriLep_DYGTo2LG_MLL50_PTG100to200.root
2025-10-03 00:46:11,969 - INFO - [2023BPix] MISSING_CENTRAL: SR3Mu/Central/bjets/3/eta in Skim_TriLep_DYGTo2LG_MLL50_PTG200to400.root
2025-10-03 00:46:11,970 - INFO - [2023BPix] MISSING_CENTRAL: SR3Mu/Central/bjets/3/eta in Skim_TriLep_DYGTo2LG_MLL50_PTG400to600.root
2025-10-03 00:46:11,971 - INFO - [2023BPix] MISSING_CENTRAL: SR3Mu/Central/bjets/3/eta in Skim_TriLep_DYGTo2LG_MLL50_PTG600toInf.root
2025-10-03 00:46:11,972 - INFO - [2023BPix] MISSING_CENTRAL: SR3Mu/Central/bjets/3/eta in Skim_TriLep_TTG_PTG10to100.root
2025-10-03 00:46:11,973 - INFO - [2023BPix] MISSING_CENTRAL: SR3Mu/Central/bjets/3/eta in Skim_TriLep_TTG_PTG100to200.root
2025-10-03 00:46:11,974 - INFO - [2023BPix] MISSING_CENTRAL: SR3Mu/Central/bjets/3/eta in Skim_TriLep_TTG_PTG200toInf.root
2025-10-03 00:46:11,974 - INFO - [2023BPix] MISSING_CENTRAL: SR3Mu/Central/bjets/3/eta in Skim_TriLep_TTWToLNu.root
2025-10-03 00:46:12,006 - INFO - [2023BPix] MISSING_CENTRAL: SR3Mu/Central/bjets/3/eta in Skim_TriLep_WZTo3LNu_powheg.root
2025-10-03 00:46:12,026 - INFO - [2023BPix] MISSING_CENTRAL: SR3Mu/Central/bjets/3/eta in Skim_TriLep_tHq.root
2025-10-03 00:46:12,026 - INFO - [2023BPix] MISSING_CENTRAL: SR3Mu/Central/bjets/3/eta in Skim_TriLep_WWW.root
2025-10-03 00:46:12,027 - INFO - [2023BPix] MISSING_CENTRAL: SR3Mu/Central/bjets/3/eta in Skim_TriLep_WWZ.root
2025-10-03 00:46:12,028 - INFO - [2023BPix] MISSING_CENTRAL: SR3Mu/Central/bjets/3/eta in Skim_TriLep_WZZ.root
2025-10-03 00:46:12,029 - INFO - [2023BPix] MISSING_CENTRAL: SR3Mu/Central/bjets/3/eta in Skim_TriLep_ZZZ.root
2025-10-03 00:46:12,050 - INFO - [2023BPix] MISSING_CENTRAL: SR3Mu/Central/bjets/3/eta in Skim_TriLep_VBFHToZZTo4L.root
2025-10-03 00:46:12,051 - INFO - [2023BPix] MISSING_CENTRAL: SR3Mu/Central/bjets/3/eta in Skim_TriLep_ggHToZZTo4L.root
2025-11-07 13:15:34,677 - INFO - [2022] MISSING_FILE: /home/choij/Sync/workspace/ChargedHiggsAnalysisV3/SKNanoOutput/PromptSelector/Run3Mu/2022/Skim_TriLep_DoubleMuon_C.root
2025-11-07 13:15:34,677 - INFO - [2022] MISSING_FILE: /home/choij/Sync/workspace/ChargedHiggsAnalysisV3/SKNanoOutput/PromptSelector/Run3Mu/2022/Skim_TriLep_Muon_C.root
2025-11-07 13:15:34,677 - INFO - [2022] MISSING_FILE: /home/choij/Sync/workspace/ChargedHiggsAnalysisV3/SKNanoOutput/PromptSelector/Run3Mu/2022/Skim_TriLep_Muon_D.root
2025-11-07 13:15:34,677 - INFO - [2022EE] MISSING_FILE: /home/choij/Sync/workspace/ChargedHiggsAnalysisV3/SKNanoOutput/PromptSelector/Run3Mu/2022EE/Skim_TriLep_Muon_E.root
2025-11-07 13:15:34,677 - INFO - [2022EE] MISSING_FILE: /home/choij/Sync/workspace/ChargedHiggsAnalysisV3/SKNanoOutput/PromptSelector/Run3Mu/2022EE/Skim_TriLep_Muon_F.root
2025-11-07 13:15:34,677 - INFO - [2022EE] MISSING_FILE: /home/choij/Sync/workspace/ChargedHiggsAnalysisV3/SKNanoOutput/PromptSelector/Run3Mu/2022EE/Skim_TriLep_Muon_G.root
2025-11-07 13:15:34,678 - INFO - [2023] MISSING_FILE: /home/choij/Sync/workspace/ChargedHiggsAnalysisV3/SKNanoOutput/PromptSelector/Run3Mu/2023/Skim_TriLep_Muon0_C_v1.root
2025-11-07 13:15:34,678 - INFO - [2023] MISSING_FILE: /home/choij/Sync/workspace/ChargedHiggsAnalysisV3/SKNanoOutput/PromptSelector/Run3Mu/2023/Skim_TriLep_Muon0_C_v2.root
2025-11-07 13:15:34,678 - INFO - [2023] MISSING_FILE: /home/choij/Sync/workspace/ChargedHiggsAnalysisV3/SKNanoOutput/PromptSelector/Run3Mu/2023/Skim_TriLep_Muon0_C_v3.root
2025-11-07 13:15:34,678 - INFO - [2023] MISSING_FILE: /home/choij/Sync/workspace/ChargedHiggsAnalysisV3/SKNanoOutput/PromptSelector/Run3Mu/2023/Skim_TriLep_Muon0_C_v4.root
2025-11-07 13:15:34,678 - INFO - [2023] MISSING_FILE: /home/choij/Sync/workspace/ChargedHiggsAnalysisV3/SKNanoOutput/PromptSelector/Run3Mu/2023/Skim_TriLep_Muon1_C_v1.root
2025-11-07 13:15:34,678 - INFO - [2023] MISSING_FILE: /home/choij/Sync/workspace/ChargedHiggsAnalysisV3/SKNanoOutput/PromptSelector/Run3Mu/2023/Skim_TriLep_Muon1_C_v2.root
2025-11-07 13:15:34,678 - INFO - [2023] MISSING_FILE: /home/choij/Sync/workspace/ChargedHiggsAnalysisV3/SKNanoOutput/PromptSelector/Run3Mu/2023/Skim_TriLep_Muon1_C_v3.root
2025-11-07 13:15:34,678 - INFO - [2023] MISSING_FILE: /home/choij/Sync/workspace/ChargedHiggsAnalysisV3/SKNanoOutput/PromptSelector/Run3Mu/2023/Skim_TriLep_Muon1_C_v4.root
2025-11-07 13:15:34,678 - INFO - [2023BPix] MISSING_FILE: /home/choij/Sync/workspace/ChargedHiggsAnalysisV3/SKNanoOutput/PromptSelector/Run3Mu/2023BPix/Skim_TriLep_Muon0_D_v1.root
2025-11-07 13:15:34,678 - INFO - [2023BPix] MISSING_FILE: /home/choij/Sync/workspace/ChargedHiggsAnalysisV3/SKNanoOutput/PromptSelector/Run3Mu/2023BPix/Skim_TriLep_Muon0_D_v2.root
2025-11-07 13:15:34,678 - INFO - [2023BPix] MISSING_FILE: /home/choij/Sync/workspace/ChargedHiggsAnalysisV3/SKNanoOutput/PromptSelector/Run3Mu/2023BPix/Skim_TriLep_Muon1_D_v1.root
2025-11-07 13:15:34,678 - INFO - [2023BPix] MISSING_FILE: /home/choij/Sync/workspace/ChargedHiggsAnalysisV3/SKNanoOutput/PromptSelector/Run3Mu/2023BPix/Skim_TriLep_Muon1_D_v2.root
2025-11-07 14:13:05,773 - INFO - [2022] MISSING_FILE: /home/choij/Sync/workspace/ChargedHiggsAnalysisV3/SKNanoOutput/PromptSelector/Run3Mu/2022/Skim_TriLep_DoubleMuon_C.root
2025-11-07 14:13:05,776 - INFO - [2022] MISSING_FILE: /home/choij/Sync/workspace/ChargedHiggsAnalysisV3/SKNanoOutput/PromptSelector/Run3Mu/2022/Skim_TriLep_Muon_C.root
2025-11-07 14:13:05,776 - INFO - [2022] MISSING_FILE: /home/choij/Sync/workspace/ChargedHiggsAnalysisV3/SKNanoOutput/PromptSelector/Run3Mu/2022/Skim_TriLep_Muon_D.root
2025-11-07 14:13:05,776 - INFO - [2022EE] MISSING_FILE: /home/choij/Sync/workspace/ChargedHiggsAnalysisV3/SKNanoOutput/PromptSelector/Run3Mu/2022EE/Skim_TriLep_Muon_E.root
2025-11-07 14:13:05,776 - INFO - [2022EE] MISSING_FILE: /home/choij/Sync/workspace/ChargedHiggsAnalysisV3/SKNanoOutput/PromptSelector/Run3Mu/2022EE/Skim_TriLep_Muon_F.root
2025-11-07 14:13:05,776 - INFO - [2022EE] MISSING_FILE: /home/choij/Sync/workspace/ChargedHiggsAnalysisV3/SKNanoOutput/PromptSelector/Run3Mu/2022EE/Skim_TriLep_Muon_G.root
2025-11-07 14:13:05,776 - INFO - [2023] MISSING_FILE: /home/choij/Sync/workspace/ChargedHiggsAnalysisV3/SKNanoOutput/PromptSelector/Run3Mu/2023/Skim_TriLep_Muon0_C_v1.root
2025-11-07 14:13:05,776 - INFO - [2023] MISSING_FILE: /home/choij/Sync/workspace/ChargedHiggsAnalysisV3/SKNanoOutput/PromptSelector/Run3Mu/2023/Skim_TriLep_Muon0_C_v2.root
2025-11-07 14:13:05,777 - INFO - [2023] MISSING_FILE: /home/choij/Sync/workspace/ChargedHiggsAnalysisV3/SKNanoOutput/PromptSelector/Run3Mu/2023/Skim_TriLep_Muon0_C_v3.root
2025-11-07 14:13:05,777 - INFO - [2023] MISSING_FILE: /home/choij/Sync/workspace/ChargedHiggsAnalysisV3/SKNanoOutput/PromptSelector/Run3Mu/2023/Skim_TriLep_Muon0_C_v4.root
2025-11-07 14:13:05,777 - INFO - [2023] MISSING_FILE: /home/choij/Sync/workspace/ChargedHiggsAnalysisV3/SKNanoOutput/PromptSelector/Run3Mu/2023/Skim_TriLep_Muon1_C_v1.root
2025-11-07 14:13:05,777 - INFO - [2023] MISSING_FILE: /home/choij/Sync/workspace/ChargedHiggsAnalysisV3/SKNanoOutput/PromptSelector/Run3Mu/2023/Skim_TriLep_Muon1_C_v2.root
2025-11-07 14:13:05,777 - INFO - [2023] MISSING_FILE: /home/choij/Sync/workspace/ChargedHiggsAnalysisV3/SKNanoOutput/PromptSelector/Run3Mu/2023/Skim_TriLep_Muon1_C_v3.root
2025-11-07 14:13:05,777 - INFO - [2023] MISSING_FILE: /home/choij/Sync/workspace/ChargedHiggsAnalysisV3/SKNanoOutput/PromptSelector/Run3Mu/2023/Skim_TriLep_Muon1_C_v4.root
2025-11-07 14:13:05,777 - INFO - [2023BPix] MISSING_FILE: /home/choij/Sync/workspace/ChargedHiggsAnalysisV3/SKNanoOutput/PromptSelector/Run3Mu/2023BPix/Skim_TriLep_Muon0_D_v1.root
2025-11-07 14:13:05,777 - INFO - [2023BPix] MISSING_FILE: /home/choij/Sync/workspace/ChargedHiggsAnalysisV3/SKNanoOutput/PromptSelector/Run3Mu/2023BPix/Skim_TriLep_Muon0_D_v2.root
2025-11-07 14:13:05,777 - INFO - [2023BPix] MISSING_FILE: /home/choij/Sync/workspace/ChargedHiggsAnalysisV3/SKNanoOutput/PromptSelector/Run3Mu/2023BPix/Skim_TriLep_Muon1_D_v1.root
2025-11-07 14:13:05,777 - INFO - [2023BPix] MISSING_FILE: /home/choij/Sync/workspace/ChargedHiggsAnalysisV3/SKNanoOutput/PromptSelector/Run3Mu/2023BPix/Skim_TriLep_Muon1_D_v2.root
2025-11-10 12:30:02,712 - INFO - [2022] MISSING_CENTRAL: SR3Mu/Central/bjets/3/eta in Skim_TriLep_DoubleMuon_C.root
2025-11-10 12:30:02,764 - INFO - [2022] MISSING_CENTRAL: SR3Mu/Central/bjets/3/eta in Skim_TriLep_Muon_D.root
2025-11-10 12:30:02,806 - INFO - [2022EE] MISSING_FILE: /home/choij/Sync/workspace/ChargedHiggsAnalysisV3/SKNanoOutput/PromptSelector/Run3Mu/2022EE/Skim_TriLep_Muon_F.root
2025-11-10 12:30:02,807 - INFO - [2022EE] MISSING_CENTRAL: SR3Mu/Central/bjets/3/eta in Skim_TriLep_Muon_G.root
2025-11-10 12:30:02,807 - INFO - [2023] MISSING_CENTRAL: SR3Mu/Central/bjets/3/eta in Skim_TriLep_Muon0_C_v1.root
2025-11-10 12:30:02,808 - INFO - [2023] MISSING_CENTRAL: SR3Mu/Central/bjets/3/eta in Skim_TriLep_Muon0_C_v2.root
2025-11-10 12:30:02,809 - INFO - [2023] MISSING_CENTRAL: SR3Mu/Central/bjets/3/eta in Skim_TriLep_Muon0_C_v3.root
2025-11-10 12:30:02,813 - INFO - [2023] MISSING_CENTRAL: SR3Mu/Central/bjets/3/eta in Skim_TriLep_Muon0_C_v4.root
2025-11-10 12:30:02,814 - INFO - [2023] MISSING_CENTRAL: SR3Mu/Central/bjets/3/eta in Skim_TriLep_Muon1_C_v1.root
2025-11-10 12:30:02,814 - INFO - [2023] MISSING_CENTRAL: SR3Mu/Central/bjets/3/eta in Skim_TriLep_Muon1_C_v2.root
2025-11-10 12:30:02,815 - INFO - [2023] MISSING_CENTRAL: SR3Mu/Central/bjets/3/eta in Skim_TriLep_Muon1_C_v3.root
2025-11-10 12:30:02,815 - INFO - [2023] MISSING_CENTRAL: SR3Mu/Central/bjets/3/eta in Skim_TriLep_Muon1_C_v4.root
2025-11-10 12:30:02,816 - INFO - [2023BPix] MISSING_CENTRAL: SR3Mu/Central/bjets/3/eta in Skim_TriLep_Muon0_D_v2.root
2025-11-10 12:30:02,818 - INFO - [2023BPix] MISSING_CENTRAL: SR3Mu/Central/bjets/3/eta in Skim_TriLep_Muon1_D_v1.root
2025-11-10 12:30:02,819 - INFO - [2023BPix] MISSING_CENTRAL: SR3Mu/Central/bjets/3/eta in Skim_TriLep_Muon1_D_v2.root
2025-11-10 12:30:02,840 - INFO - [2022] MISSING_CENTRAL: SR3Mu/Central/bjets/3/eta in Skim_TriLep_DoubleMuon_C.root
2025-11-10 12:30:02,880 - INFO - [2022] MISSING_CENTRAL: SR3Mu/Central/bjets/3/eta in Skim_TriLep_Muon_D.root
2025-11-10 12:30:02,882 - INFO - [2022] MISSING_CENTRAL: SR3Mu/Central/bjets/3/eta in Skim_TriLep_DYJets.root
2025-11-10 12:30:02,883 - INFO - [2022] MISSING_CENTRAL: SR3Mu/Central/bjets/3/eta in Skim_TriLep_DYJets10to50.root
2025-11-10 12:30:02,883 - INFO - [2022] MISSING_CENTRAL: SR3Mu/Central/bjets/3/eta in Skim_TriLep_DYGTo2LG_MLL4to50_PTG10to100.root
2025-11-10 12:30:02,884 - INFO - [2022] MISSING_CENTRAL: SR3Mu/Central/bjets/3/eta in Skim_TriLep_DYGTo2LG_MLL4to50_PTG100to200.root
2025-11-10 12:30:02,886 - INFO - [2022] MISSING_CENTRAL: SR3Mu/Central/bjets/3/eta in Skim_TriLep_DYGTo2LG_MLL4to50_PTG200toInf.root
2025-11-10 12:30:02,887 - INFO - [2022] MISSING_CENTRAL: SR3Mu/Central/bjets/3/eta in Skim_TriLep_DYGTo2LG_MLL50_PTG10to100.root
2025-11-10 12:30:02,889 - INFO - [2022] MISSING_CENTRAL: SR3Mu/Central/bjets/3/eta in Skim_TriLep_DYGTo2LG_MLL50_PTG100to200.root
2025-11-10 12:30:02,892 - INFO - [2022] MISSING_CENTRAL: SR3Mu/Central/bjets/3/eta in Skim_TriLep_DYGTo2LG_MLL50_PTG200toInf.root
2025-11-10 12:30:02,912 - INFO - [2022] MISSING_CENTRAL: SR3Mu/Central/bjets/3/eta in Skim_TriLep_TTG_PTG100to200.root
2025-11-10 12:30:02,913 - INFO - [2022] MISSING_CENTRAL: SR3Mu/Central/bjets/3/eta in Skim_TriLep_TTG_PTG200toInf.root
2025-11-10 12:30:02,913 - INFO - [2022] MISSING_CENTRAL: SR3Mu/Central/bjets/3/eta in Skim_TriLep_TTWToLNu.root
2025-11-10 12:30:02,935 - INFO - [2022] MISSING_CENTRAL: SR3Mu/Central/bjets/3/eta in Skim_TriLep_WZTo3LNu_powheg.root
2025-11-10 12:30:02,936 - INFO - [2022] MISSING_CENTRAL: SR3Mu/Central/bjets/3/eta in Skim_TriLep_ZZTo4L_powheg.root
2025-11-10 12:30:02,956 - INFO - [2022] MISSING_CENTRAL: SR3Mu/Central/bjets/3/eta in Skim_TriLep_WWW.root
2025-11-10 12:30:02,960 - INFO - [2022] MISSING_CENTRAL: SR3Mu/Central/bjets/3/eta in Skim_TriLep_WWZ.root
2025-11-10 12:30:02,961 - INFO - [2022] MISSING_CENTRAL: SR3Mu/Central/bjets/3/eta in Skim_TriLep_WZZ.root
2025-11-10 12:30:02,983 - INFO - [2022] MISSING_CENTRAL: SR3Mu/Central/bjets/3/eta in Skim_TriLep_VBFHToZZTo4L.root
2025-11-10 12:30:02,983 - INFO - [2022] MISSING_CENTRAL: SR3Mu/Central/bjets/3/eta in Skim_TriLep_ggHToZZTo4L.root
2025-11-10 12:30:02,984 - INFO - [2022EE] MISSING_CENTRAL: SR3Mu/Central/bjets/3/eta in Skim_TriLep_Muon_E.root
2025-11-10 12:30:02,990 - INFO - [2022EE] MISSING_CENTRAL: SR3Mu/Central/bjets/3/eta in Skim_TriLep_DYJets.root
2025-11-10 12:30:02,990 - INFO - [2022EE] MISSING_CENTRAL: SR3Mu/Central/bjets/3/eta in Skim_TriLep_DYJets10to50.root
2025-11-10 12:30:02,991 - INFO - [2022EE] MISSING_CENTRAL: SR3Mu/Central/bjets/3/eta in Skim_TriLep_DYGTo2LG_MLL4to50_PTG10to100.root
2025-11-10 12:30:02,991 - INFO - [2022EE] MISSING_CENTRAL: SR3Mu/Central/bjets/3/eta in Skim_TriLep_DYGTo2LG_MLL4to50_PTG100to200.root
2025-11-10 12:30:02,992 - INFO - [2022EE] MISSING_CENTRAL: SR3Mu/Central/bjets/3/eta in Skim_TriLep_DYGTo2LG_MLL4to50_PTG200toInf.root
2025-11-10 12:30:03,000 - INFO - [2022EE] MISSING_CENTRAL: SR3Mu/Central/bjets/3/eta in Skim_TriLep_DYGTo2LG_MLL50_PTG10to100.root
2025-11-10 12:30:03,001 - INFO - [2022EE] MISSING_CENTRAL: SR3Mu/Central/bjets/3/eta in Skim_TriLep_DYGTo2LG_MLL50_PTG100to200.root
2025-11-10 12:30:03,001 - INFO - [2022EE] MISSING_CENTRAL: SR3Mu/Central/bjets/3/eta in Skim_TriLep_DYGTo2LG_MLL50_PTG200toInf.root
2025-11-10 12:30:03,002 - INFO - [2022EE] MISSING_CENTRAL: SR3Mu/Central/bjets/3/eta in Skim_TriLep_TTG_PTG10to100.root
2025-11-10 12:30:03,002 - INFO - [2022EE] MISSING_CENTRAL: SR3Mu/Central/bjets/3/eta in Skim_TriLep_TTG_PTG100to200.root
2025-11-10 12:30:03,003 - INFO - [2022EE] MISSING_CENTRAL: SR3Mu/Central/bjets/3/eta in Skim_TriLep_TTG_PTG200toInf.root
2025-11-10 12:30:03,060 - INFO - [2022EE] MISSING_CENTRAL: SR3Mu/Central/bjets/3/eta in Skim_TriLep_WZTo3LNu_powheg.root
2025-11-10 12:30:03,090 - INFO - [2022EE] MISSING_CENTRAL: SR3Mu/Central/bjets/3/eta in Skim_TriLep_WWW.root
2025-11-10 12:30:03,091 - INFO - [2022EE] MISSING_CENTRAL: SR3Mu/Central/bjets/3/eta in Skim_TriLep_WWZ.root
2025-11-10 12:30:03,106 - INFO - [2022EE] MISSING_CENTRAL: SR3Mu/Central/bjets/3/eta in Skim_TriLep_VBFHToZZTo4L.root
2025-11-10 12:30:03,106 - INFO - [2022EE] MISSING_CENTRAL: SR3Mu/Central/bjets/3/eta in Skim_TriLep_ggHToZZTo4L.root
2025-11-10 12:30:03,108 - INFO - [2023] MISSING_CENTRAL: SR3Mu/Central/bjets/3/eta in Skim_TriLep_Muon0_C_v2.root
2025-11-10 12:30:03,108 - INFO - [2023] MISSING_CENTRAL: SR3Mu/Central/bjets/3/eta in Skim_TriLep_Muon0_C_v3.root
2025-11-10 12:30:03,110 - INFO - [2023] MISSING_CENTRAL: SR3Mu/Central/bjets/3/eta in Skim_TriLep_Muon1_C_v1.root
2025-11-10 12:30:03,110 - INFO - [2023] MISSING_CENTRAL: SR3Mu/Central/bjets/3/eta in Skim_TriLep_Muon1_C_v2.root
2025-11-10 12:30:03,111 - INFO - [2023] MISSING_CENTRAL: SR3Mu/Central/bjets/3/eta in Skim_TriLep_Muon1_C_v3.root
2025-11-10 12:30:03,112 - INFO - [2023] MISSING_CENTRAL: SR3Mu/Central/bjets/3/eta in Skim_TriLep_Muon1_C_v4.root
2025-11-10 12:30:03,112 - INFO - [2023] MISSING_CENTRAL: SR3Mu/Central/bjets/3/eta in Skim_TriLep_DYJets.root
2025-11-10 12:30:03,113 - INFO - [2023] MISSING_CENTRAL: SR3Mu/Central/bjets/3/eta in Skim_TriLep_DYJets10to50.root
2025-11-10 12:30:03,114 - INFO - [2023] MISSING_CENTRAL: SR3Mu/Central/bjets/3/eta in Skim_TriLep_DYGTo2LG_MLL4to50_PTG10to100.root
2025-11-10 12:30:03,114 - INFO - [2023] MISSING_CENTRAL: SR3Mu/Central/bjets/3/eta in Skim_TriLep_DYGTo2LG_MLL4to50_PTG100to200.root
2025-11-10 12:30:03,115 - INFO - [2023] MISSING_CENTRAL: SR3Mu/Central/bjets/3/eta in Skim_TriLep_DYGTo2LG_MLL4to50_PTG200toInf.root
2025-11-10 12:30:03,116 - INFO - [2023] MISSING_CENTRAL: SR3Mu/Central/bjets/3/eta in Skim_TriLep_DYGTo2LG_MLL50_PTG10to100.root
2025-11-10 12:30:03,116 - INFO - [2023] MISSING_CENTRAL: SR3Mu/Central/bjets/3/eta in Skim_TriLep_DYGTo2LG_MLL50_PTG100to200.root
2025-11-10 12:30:03,117 - INFO - [2023] MISSING_CENTRAL: SR3Mu/Central/bjets/3/eta in Skim_TriLep_DYGTo2LG_MLL50_PTG200to400.root
2025-11-10 12:30:03,118 - INFO - [2023] MISSING_CENTRAL: SR3Mu/Central/bjets/3/eta in Skim_TriLep_DYGTo2LG_MLL50_PTG400to600.root
2025-11-10 12:30:03,118 - INFO - [2023] MISSING_CENTRAL: SR3Mu/Central/bjets/3/eta in Skim_TriLep_DYGTo2LG_MLL50_PTG600toInf.root
2025-11-10 12:30:03,119 - INFO - [2023] MISSING_CENTRAL: SR3Mu/Central/bjets/3/eta in Skim_TriLep_TTG_PTG10to100.root
2025-11-10 12:30:03,120 - INFO - [2023] MISSING_CENTRAL: SR3Mu/Central/bjets/3/eta in Skim_TriLep_TTG_PTG100to200.root
2025-11-10 12:30:03,120 - INFO - [2023] MISSING_CENTRAL: SR3Mu/Central/bjets/3/eta in Skim_TriLep_TTG_PTG200toInf.root
2025-11-10 12:30:03,149 - INFO - [2023] MISSING_CENTRAL: SR3Mu/Central/bjets/3/eta in Skim_TriLep_WZTo3LNu_powheg.root
2025-11-10 12:30:03,149 - INFO - [2023] MISSING_CENTRAL: SR3Mu/Central/bjets/3/eta in Skim_TriLep_ZZTo4L_powheg.root
2025-11-10 12:30:03,157 - INFO - [2023] MISSING_CENTRAL: SR3Mu/Central/bjets/3/eta in Skim_TriLep_tHq.root
2025-11-10 12:30:03,158 - INFO - [2023] MISSING_CENTRAL: SR3Mu/Central/bjets/3/eta in Skim_TriLep_WWW.root
2025-11-10 12:30:03,159 - INFO - [2023] MISSING_CENTRAL: SR3Mu/Central/bjets/3/eta in Skim_TriLep_WWZ.root
2025-11-10 12:30:03,160 - INFO - [2023] MISSING_CENTRAL: SR3Mu/Central/bjets/3/eta in Skim_TriLep_WZZ.root
2025-11-10 12:30:03,176 - INFO - [2023] MISSING_CENTRAL: SR3Mu/Central/bjets/3/eta in Skim_TriLep_VBFHToZZTo4L.root
2025-11-10 12:30:03,177 - INFO - [2023] MISSING_CENTRAL: SR3Mu/Central/bjets/3/eta in Skim_TriLep_ggHToZZTo4L.root
2025-11-10 12:30:03,178 - INFO - [2023BPix] MISSING_CENTRAL: SR3Mu/Central/bjets/3/eta in Skim_TriLep_Muon0_D_v1.root
2025-11-10 12:30:03,180 - INFO - [2023BPix] MISSING_CENTRAL: SR3Mu/Central/bjets/3/eta in Skim_TriLep_Muon0_D_v2.root
2025-11-10 12:30:03,181 - INFO - [2023BPix] MISSING_CENTRAL: SR3Mu/Central/bjets/3/eta in Skim_TriLep_Muon1_D_v1.root
2025-11-10 12:30:03,182 - INFO - [2023BPix] MISSING_CENTRAL: SR3Mu/Central/bjets/3/eta in Skim_TriLep_Muon1_D_v2.root
2025-11-10 12:30:03,183 - INFO - [2023BPix] MISSING_CENTRAL: SR3Mu/Central/bjets/3/eta in Skim_TriLep_DYJets.root
2025-11-10 12:30:03,183 - INFO - [2023BPix] MISSING_CENTRAL: SR3Mu/Central/bjets/3/eta in Skim_TriLep_DYJets10to50.root
2025-11-10 12:30:03,184 - INFO - [2023BPix] MISSING_CENTRAL: SR3Mu/Central/bjets/3/eta in Skim_TriLep_DYGTo2LG_MLL4to50_PTG10to100.root
2025-11-10 12:30:03,185 - INFO - [2023BPix] MISSING_CENTRAL: SR3Mu/Central/bjets/3/eta in Skim_TriLep_DYGTo2LG_MLL4to50_PTG100to200.root
2025-11-10 12:30:03,186 - INFO - [2023BPix] MISSING_CENTRAL: SR3Mu/Central/bjets/3/eta in Skim_TriLep_DYGTo2LG_MLL4to50_PTG200toInf.root
2025-11-10 12:30:03,186 - INFO - [2023BPix] MISSING_CENTRAL: SR3Mu/Central/bjets/3/eta in Skim_TriLep_DYGTo2LG_MLL50_PTG10to100.root
2025-11-10 12:30:03,187 - INFO - [2023BPix] MISSING_CENTRAL: SR3Mu/Central/bjets/3/eta in Skim_TriLep_DYGTo2LG_MLL50_PTG100to200.root
2025-11-10 12:30:03,188 - INFO - [2023BPix] MISSING_CENTRAL: SR3Mu/Central/bjets/3/eta in Skim_TriLep_DYGTo2LG_MLL50_PTG200to400.root
2025-11-10 12:30:03,189 - INFO - [2023BPix] MISSING_CENTRAL: SR3Mu/Central/bjets/3/eta in Skim_TriLep_DYGTo2LG_MLL50_PTG400to600.root
2025-11-10 12:30:03,190 - INFO - [2023BPix] MISSING_CENTRAL: SR3Mu/Central/bjets/3/eta in Skim_TriLep_DYGTo2LG_MLL50_PTG600toInf.root
2025-11-10 12:30:03,190 - INFO - [2023BPix] MISSING_CENTRAL: SR3Mu/Central/bjets/3/eta in Skim_TriLep_TTG_PTG10to100.root
2025-11-10 12:30:03,191 - INFO - [2023BPix] MISSING_CENTRAL: SR3Mu/Central/bjets/3/eta in Skim_TriLep_TTG_PTG100to200.root
2025-11-10 12:30:03,192 - INFO - [2023BPix] MISSING_CENTRAL: SR3Mu/Central/bjets/3/eta in Skim_TriLep_TTG_PTG200toInf.root
2025-11-10 12:30:03,193 - INFO - [2023BPix] MISSING_CENTRAL: SR3Mu/Central/bjets/3/eta in Skim_TriLep_TTWToLNu.root
2025-11-10 12:30:03,214 - INFO - [2023BPix] MISSING_CENTRAL: SR3Mu/Central/bjets/3/eta in Skim_TriLep_WZTo3LNu_powheg.root
2025-11-10 12:30:03,230 - INFO - [2023BPix] MISSING_CENTRAL: SR3Mu/Central/bjets/3/eta in Skim_TriLep_tHq.root
2025-11-10 12:30:03,230 - INFO - [2023BPix] MISSING_CENTRAL: SR3Mu/Central/bjets/3/eta in Skim_TriLep_WWW.root
2025-11-10 12:30:03,231 - INFO - [2023BPix] MISSING_CENTRAL: SR3Mu/Central/bjets/3/eta in Skim_TriLep_WWZ.root
2025-11-10 12:30:03,231 - INFO - [2023BPix] MISSING_CENTRAL: SR3Mu/Central/bjets/3/eta in Skim_TriLep_WZZ.root
2025-11-10 12:30:03,232 - INFO - [2023BPix] MISSING_CENTRAL: SR3Mu/Central/bjets/3/eta in Skim_TriLep_ZZZ.root
2025-11-10 12:30:03,238 - INFO - [2023BPix] MISSING_CENTRAL: SR3Mu/Central/bjets/3/eta in Skim_TriLep_VBFHToZZTo4L.root
2025-11-10 12:30:03,239 - INFO - [2023BPix] MISSING_CENTRAL: SR3Mu/Central/bjets/3/eta in Skim_TriLep_ggHToZZTo4L.root
2025-11-13 11:20:20,514 - INFO - [2022] MISSING_CENTRAL: SR3Mu/Central/bjets/3/eta in Skim_TriLep_DoubleMuon_C.root
2025-11-13 11:20:20,563 - INFO - [2022] MISSING_CENTRAL: SR3Mu/Central/bjets/3/eta in Skim_TriLep_Muon_D.root
2025-11-13 11:20:20,588 - INFO - [2022EE] MISSING_CENTRAL: SR3Mu/Central/bjets/3/eta in Skim_TriLep_Muon_G.root
2025-11-13 11:20:20,605 - INFO - [2023] MISSING_CENTRAL: SR3Mu/Central/bjets/3/eta in Skim_TriLep_Muon0_C_v1.root
2025-11-13 11:20:20,606 - INFO - [2023] MISSING_CENTRAL: SR3Mu/Central/bjets/3/eta in Skim_TriLep_Muon0_C_v2.root
2025-11-13 11:20:20,608 - INFO - [2023] MISSING_CENTRAL: SR3Mu/Central/bjets/3/eta in Skim_TriLep_Muon0_C_v3.root
2025-11-13 11:20:20,608 - INFO - [2023] MISSING_CENTRAL: SR3Mu/Central/bjets/3/eta in Skim_TriLep_Muon0_C_v4.root
2025-11-13 11:20:20,619 - INFO - [2023] MISSING_CENTRAL: SR3Mu/Central/bjets/3/eta in Skim_TriLep_Muon1_C_v1.root
2025-11-13 11:20:20,620 - INFO - [2023] MISSING_CENTRAL: SR3Mu/Central/bjets/3/eta in Skim_TriLep_Muon1_C_v2.root
2025-11-13 11:20:20,621 - INFO - [2023] MISSING_CENTRAL: SR3Mu/Central/bjets/3/eta in Skim_TriLep_Muon1_C_v3.root
2025-11-13 11:20:20,622 - INFO - [2023] MISSING_CENTRAL: SR3Mu/Central/bjets/3/eta in Skim_TriLep_Muon1_C_v4.root
2025-11-13 11:20:20,624 - INFO - [2023BPix] MISSING_CENTRAL: SR3Mu/Central/bjets/3/eta in Skim_TriLep_Muon0_D_v2.root
2025-11-13 11:20:20,625 - INFO - [2023BPix] MISSING_CENTRAL: SR3Mu/Central/bjets/3/eta in Skim_TriLep_Muon1_D_v1.root
2025-11-13 11:20:20,626 - INFO - [2023BPix] MISSING_CENTRAL: SR3Mu/Central/bjets/3/eta in Skim_TriLep_Muon1_D_v2.root
2025-11-13 11:20:20,644 - INFO - [2022] MISSING_CENTRAL: SR3Mu/Central/bjets/3/eta in Skim_TriLep_DoubleMuon_C.root
2025-11-13 11:20:20,700 - INFO - [2022] MISSING_CENTRAL: SR3Mu/Central/bjets/3/eta in Skim_TriLep_Muon_D.root
2025-11-13 11:20:20,703 - INFO - [2022] MISSING_CENTRAL: SR3Mu/Central/bjets/3/eta in Skim_TriLep_DYJets.root
2025-11-13 11:20:20,709 - INFO - [2022] MISSING_CENTRAL: SR3Mu/Central/bjets/3/eta in Skim_TriLep_DYJets10to50.root
2025-11-13 11:20:20,710 - INFO - [2022] MISSING_CENTRAL: SR3Mu/Central/bjets/3/eta in Skim_TriLep_DYGTo2LG_MLL4to50_PTG10to100.root
2025-11-13 11:20:20,711 - INFO - [2022] MISSING_CENTRAL: SR3Mu/Central/bjets/3/eta in Skim_TriLep_DYGTo2LG_MLL4to50_PTG100to200.root
2025-11-13 11:20:20,711 - INFO - [2022] MISSING_CENTRAL: SR3Mu/Central/bjets/3/eta in Skim_TriLep_DYGTo2LG_MLL4to50_PTG200toInf.root
2025-11-13 11:20:20,718 - INFO - [2022] MISSING_CENTRAL: SR3Mu/Central/bjets/3/eta in Skim_TriLep_DYGTo2LG_MLL50_PTG10to100.root
2025-11-13 11:20:20,724 - INFO - [2022] MISSING_CENTRAL: SR3Mu/Central/bjets/3/eta in Skim_TriLep_DYGTo2LG_MLL50_PTG100to200.root
2025-11-13 11:20:20,725 - INFO - [2022] MISSING_CENTRAL: SR3Mu/Central/bjets/3/eta in Skim_TriLep_DYGTo2LG_MLL50_PTG200toInf.root
2025-11-13 11:20:20,760 - INFO - [2022] MISSING_CENTRAL: SR3Mu/Central/bjets/3/eta in Skim_TriLep_TTG_PTG100to200.root
2025-11-13 11:20:20,761 - INFO - [2022] MISSING_CENTRAL: SR3Mu/Central/bjets/3/eta in Skim_TriLep_TTG_PTG200toInf.root
2025-11-13 11:20:20,772 - INFO - [2022] MISSING_CENTRAL: SR3Mu/Central/bjets/3/eta in Skim_TriLep_TTWToLNu.root
2025-11-13 11:20:20,822 - INFO - [2022] MISSING_CENTRAL: SR3Mu/Central/bjets/3/eta in Skim_TriLep_WZTo3LNu_powheg.root
2025-11-13 11:20:20,824 - INFO - [2022] MISSING_CENTRAL: SR3Mu/Central/bjets/3/eta in Skim_TriLep_ZZTo4L_powheg.root
2025-11-13 11:20:20,847 - INFO - [2022] MISSING_CENTRAL: SR3Mu/Central/bjets/3/eta in Skim_TriLep_WWW.root
2025-11-13 11:20:20,848 - INFO - [2022] MISSING_CENTRAL: SR3Mu/Central/bjets/3/eta in Skim_TriLep_WWZ.root
2025-11-13 11:20:20,849 - INFO - [2022] MISSING_CENTRAL: SR3Mu/Central/bjets/3/eta in Skim_TriLep_WZZ.root
2025-11-13 11:20:20,876 - INFO - [2022] MISSING_CENTRAL: SR3Mu/Central/bjets/3/eta in Skim_TriLep_VBFHToZZTo4L.root
2025-11-13 11:20:20,881 - INFO - [2022] MISSING_CENTRAL: SR3Mu/Central/bjets/3/eta in Skim_TriLep_ggHToZZTo4L.root
2025-11-13 11:20:20,883 - INFO - [2022EE] MISSING_CENTRAL: SR3Mu/Central/bjets/3/eta in Skim_TriLep_Muon_E.root
2025-11-13 11:20:20,891 - INFO - [2022EE] MISSING_CENTRAL: SR3Mu/Central/bjets/3/eta in Skim_TriLep_DYJets.root
2025-11-13 11:20:20,892 - INFO - [2022EE] MISSING_CENTRAL: SR3Mu/Central/bjets/3/eta in Skim_TriLep_DYJets10to50.root
2025-11-13 11:20:20,902 - INFO - [2022EE] MISSING_CENTRAL: SR3Mu/Central/bjets/3/eta in Skim_TriLep_DYGTo2LG_MLL4to50_PTG10to100.root
2025-11-13 11:20:20,903 - INFO - [2022EE] MISSING_CENTRAL: SR3Mu/Central/bjets/3/eta in Skim_TriLep_DYGTo2LG_MLL4to50_PTG100to200.root
2025-11-13 11:20:20,905 - INFO - [2022EE] MISSING_CENTRAL: SR3Mu/Central/bjets/3/eta in Skim_TriLep_DYGTo2LG_MLL4to50_PTG200toInf.root
2025-11-13 11:20:20,906 - INFO - [2022EE] MISSING_CENTRAL: SR3Mu/Central/bjets/3/eta in Skim_TriLep_DYGTo2LG_MLL50_PTG10to100.root
2025-11-13 11:20:20,913 - INFO - [2022EE] MISSING_CENTRAL: SR3Mu/Central/bjets/3/eta in Skim_TriLep_DYGTo2LG_MLL50_PTG100to200.root
2025-11-13 11:20:20,915 - INFO - [2022EE] MISSING_CENTRAL: SR3Mu/Central/bjets/3/eta in Skim_TriLep_DYGTo2LG_MLL50_PTG200toInf.root
2025-11-13 11:20:20,916 - INFO - [2022EE] MISSING_CENTRAL: SR3Mu/Central/bjets/3/eta in Skim_TriLep_TTG_PTG10to100.root
2025-11-13 11:20:20,918 - INFO - [2022EE] MISSING_CENTRAL: SR3Mu/Central/bjets/3/eta in Skim_TriLep_TTG_PTG100to200.root
2025-11-13 11:20:20,924 - INFO - [2022EE] MISSING_CENTRAL: SR3Mu/Central/bjets/3/eta in Skim_TriLep_TTG_PTG200toInf.root
2025-11-13 11:20:21,000 - INFO - [2022EE] MISSING_CENTRAL: SR3Mu/Central/bjets/3/eta in Skim_TriLep_WZTo3LNu_powheg.root
2025-11-13 11:20:21,070 - INFO - [2022EE] MISSING_CENTRAL: SR3Mu/Central/bjets/3/eta in Skim_TriLep_WWW.root
2025-11-13 11:20:21,082 - INFO - [2022EE] MISSING_CENTRAL: SR3Mu/Central/bjets/3/eta in Skim_TriLep_WWZ.root
2025-11-13 11:20:21,129 - INFO - [2022EE] MISSING_CENTRAL: SR3Mu/Central/bjets/3/eta in Skim_TriLep_VBFHToZZTo4L.root
2025-11-13 11:20:21,131 - INFO - [2022EE] MISSING_CENTRAL: SR3Mu/Central/bjets/3/eta in Skim_TriLep_ggHToZZTo4L.root
2025-11-13 11:20:21,133 - INFO - [2023] MISSING_CENTRAL: SR3Mu/Central/bjets/3/eta in Skim_TriLep_Muon0_C_v2.root
2025-11-13 11:20:21,134 - INFO - [2023] MISSING_CENTRAL: SR3Mu/Central/bjets/3/eta in Skim_TriLep_Muon0_C_v3.root
2025-11-13 11:20:21,136 - INFO - [2023] MISSING_CENTRAL: SR3Mu/Central/bjets/3/eta in Skim_TriLep_Muon1_C_v1.root
2025-11-13 11:20:21,137 - INFO - [2023] MISSING_CENTRAL: SR3Mu/Central/bjets/3/eta in Skim_TriLep_Muon1_C_v2.root
2025-11-13 11:20:21,138 - INFO - [2023] MISSING_CENTRAL: SR3Mu/Central/bjets/3/eta in Skim_TriLep_Muon1_C_v3.root
2025-11-13 11:20:21,139 - INFO - [2023] MISSING_CENTRAL: SR3Mu/Central/bjets/3/eta in Skim_TriLep_Muon1_C_v4.root
2025-11-13 11:20:21,140 - INFO - [2023] MISSING_CENTRAL: SR3Mu/Central/bjets/3/eta in Skim_TriLep_DYJets.root
2025-11-13 11:20:21,141 - INFO - [2023] MISSING_CENTRAL: SR3Mu/Central/bjets/3/eta in Skim_TriLep_DYJets10to50.root
2025-11-13 11:20:21,143 - INFO - [2023] MISSING_CENTRAL: SR3Mu/Central/bjets/3/eta in Skim_TriLep_DYGTo2LG_MLL4to50_PTG10to100.root
2025-11-13 11:20:21,144 - INFO - [2023] MISSING_CENTRAL: SR3Mu/Central/bjets/3/eta in Skim_TriLep_DYGTo2LG_MLL4to50_PTG100to200.root
2025-11-13 11:20:21,145 - INFO - [2023] MISSING_CENTRAL: SR3Mu/Central/bjets/3/eta in Skim_TriLep_DYGTo2LG_MLL4to50_PTG200toInf.root
2025-11-13 11:20:21,146 - INFO - [2023] MISSING_CENTRAL: SR3Mu/Central/bjets/3/eta in Skim_TriLep_DYGTo2LG_MLL50_PTG10to100.root
2025-11-13 11:20:21,147 - INFO - [2023] MISSING_CENTRAL: SR3Mu/Central/bjets/3/eta in Skim_TriLep_DYGTo2LG_MLL50_PTG100to200.root
2025-11-13 11:20:21,149 - INFO - [2023] MISSING_CENTRAL: SR3Mu/Central/bjets/3/eta in Skim_TriLep_DYGTo2LG_MLL50_PTG200to400.root
2025-11-13 11:20:21,150 - INFO - [2023] MISSING_CENTRAL: SR3Mu/Central/bjets/3/eta in Skim_TriLep_DYGTo2LG_MLL50_PTG400to600.root
2025-11-13 11:20:21,151 - INFO - [2023] MISSING_CENTRAL: SR3Mu/Central/bjets/3/eta in Skim_TriLep_DYGTo2LG_MLL50_PTG600toInf.root
2025-11-13 11:20:21,152 - INFO - [2023] MISSING_CENTRAL: SR3Mu/Central/bjets/3/eta in Skim_TriLep_TTG_PTG10to100.root
2025-11-13 11:20:21,153 - INFO - [2023] MISSING_CENTRAL: SR3Mu/Central/bjets/3/eta in Skim_TriLep_TTG_PTG100to200.root
2025-11-13 11:20:21,154 - INFO - [2023] MISSING_CENTRAL: SR3Mu/Central/bjets/3/eta in Skim_TriLep_TTG_PTG200toInf.root
2025-11-13 11:20:21,315 - INFO - [2023] MISSING_CENTRAL: SR3Mu/Central/bjets/3/eta in Skim_TriLep_WZTo3LNu_powheg.root
2025-11-13 11:20:21,325 - INFO - [2023] MISSING_CENTRAL: SR3Mu/Central/bjets/3/eta in Skim_TriLep_ZZTo4L_powheg.root
2025-11-13 11:20:21,361 - INFO - [2023] MISSING_CENTRAL: SR3Mu/Central/bjets/3/eta in Skim_TriLep_tHq.root
2025-11-13 11:20:21,368 - INFO - [2023] MISSING_CENTRAL: SR3Mu/Central/bjets/3/eta in Skim_TriLep_WWW.root
2025-11-13 11:20:21,380 - INFO - [2023] MISSING_CENTRAL: SR3Mu/Central/bjets/3/eta in Skim_TriLep_WWZ.root
2025-11-13 11:20:21,381 - INFO - [2023] MISSING_CENTRAL: SR3Mu/Central/bjets/3/eta in Skim_TriLep_WZZ.root
2025-11-13 11:20:21,439 - INFO - [2023] MISSING_CENTRAL: SR3Mu/Central/bjets/3/eta in Skim_TriLep_VBFHToZZTo4L.root
2025-11-13 11:20:21,441 - INFO - [2023] MISSING_CENTRAL: SR3Mu/Central/bjets/3/eta in Skim_TriLep_ggHToZZTo4L.root
2025-11-13 11:20:21,443 - INFO - [2023BPix] MISSING_CENTRAL: SR3Mu/Central/bjets/3/eta in Skim_TriLep_Muon0_D_v1.root
2025-11-13 11:20:21,445 - INFO - [2023BPix] MISSING_CENTRAL: SR3Mu/Central/bjets/3/eta in Skim_TriLep_Muon0_D_v2.root
2025-11-13 11:20:21,447 - INFO - [2023BPix] MISSING_CENTRAL: SR3Mu/Central/bjets/3/eta in Skim_TriLep_Muon1_D_v1.root
2025-11-13 11:20:21,448 - INFO - [2023BPix] MISSING_CENTRAL: SR3Mu/Central/bjets/3/eta in Skim_TriLep_Muon1_D_v2.root
2025-11-13 11:20:21,450 - INFO - [2023BPix] MISSING_CENTRAL: SR3Mu/Central/bjets/3/eta in Skim_TriLep_DYJets.root
2025-11-13 11:20:21,452 - INFO - [2023BPix] MISSING_CENTRAL: SR3Mu/Central/bjets/3/eta in Skim_TriLep_DYJets10to50.root
2025-11-13 11:20:21,454 - INFO - [2023BPix] MISSING_CENTRAL: SR3Mu/Central/bjets/3/eta in Skim_TriLep_DYGTo2LG_MLL4to50_PTG10to100.root
2025-11-13 11:20:21,456 - INFO - [2023BPix] MISSING_CENTRAL: SR3Mu/Central/bjets/3/eta in Skim_TriLep_DYGTo2LG_MLL4to50_PTG100to200.root
2025-11-13 11:20:21,458 - INFO - [2023BPix] MISSING_CENTRAL: SR3Mu/Central/bjets/3/eta in Skim_TriLep_DYGTo2LG_MLL4to50_PTG200toInf.root
2025-11-13 11:20:21,459 - INFO - [2023BPix] MISSING_CENTRAL: SR3Mu/Central/bjets/3/eta in Skim_TriLep_DYGTo2LG_MLL50_PTG10to100.root
2025-11-13 11:20:21,461 - INFO - [2023BPix] MISSING_CENTRAL: SR3Mu/Central/bjets/3/eta in Skim_TriLep_DYGTo2LG_MLL50_PTG100to200.root
2025-11-13 11:20:21,463 - INFO - [2023BPix] MISSING_CENTRAL: SR3Mu/Central/bjets/3/eta in Skim_TriLep_DYGTo2LG_MLL50_PTG200to400.root
2025-11-13 11:20:21,464 - INFO - [2023BPix] MISSING_CENTRAL: SR3Mu/Central/bjets/3/eta in Skim_TriLep_DYGTo2LG_MLL50_PTG400to600.root
2025-11-13 11:20:21,466 - INFO - [2023BPix] MISSING_CENTRAL: SR3Mu/Central/bjets/3/eta in Skim_TriLep_DYGTo2LG_MLL50_PTG600toInf.root
2025-11-13 11:20:21,468 - INFO - [2023BPix] MISSING_CENTRAL: SR3Mu/Central/bjets/3/eta in Skim_TriLep_TTG_PTG10to100.root
2025-11-13 11:20:21,469 - INFO - [2023BPix] MISSING_CENTRAL: SR3Mu/Central/bjets/3/eta in Skim_TriLep_TTG_PTG100to200.root
2025-11-13 11:20:21,471 - INFO - [2023BPix] MISSING_CENTRAL: SR3Mu/Central/bjets/3/eta in Skim_TriLep_TTG_PTG200toInf.root
2025-11-13 11:20:21,472 - INFO - [2023BPix] MISSING_CENTRAL: SR3Mu/Central/bjets/3/eta in Skim_TriLep_TTWToLNu.root
2025-11-13 11:20:21,514 - INFO - [2023BPix] MISSING_CENTRAL: SR3Mu/Central/bjets/3/eta in Skim_TriLep_WZTo3LNu_powheg.root
2025-11-13 11:20:21,535 - INFO - [2023BPix] MISSING_CENTRAL: SR3Mu/Central/bjets/3/eta in Skim_TriLep_tHq.root
2025-11-13 11:20:21,537 - INFO - [2023BPix] MISSING_CENTRAL: SR3Mu/Central/bjets/3/eta in Skim_TriLep_WWW.root
2025-11-13 11:20:21,538 - INFO - [2023BPix] MISSING_CENTRAL: SR3Mu/Central/bjets/3/eta in Skim_TriLep_WWZ.root
2025-11-13 11:20:21,539 - INFO - [2023BPix] MISSING_CENTRAL: SR3Mu/Central/bjets/3/eta in Skim_TriLep_WZZ.root
2025-11-13 11:20:21,541 - INFO - [2023BPix] MISSING_CENTRAL: SR3Mu/Central/bjets/3/eta in Skim_TriLep_ZZZ.root
2025-11-13 11:20:21,553 - INFO - [2023BPix] MISSING_CENTRAL: SR3Mu/Central/bjets/3/eta in Skim_TriLep_VBFHToZZTo4L.root
2025-11-13 11:20:21,555 - INFO - [2023BPix] MISSING_CENTRAL: SR3Mu/Central/bjets/3/eta in Skim_TriLep_ggHToZZTo4L.root
2025-11-13 19:56:23,051 - INFO - [2022] MISSING_CENTRAL: SR3Mu/Central/bjets/3/eta in Skim_TriLep_DoubleMuon_C.root
2025-11-13 19:56:23,089 - INFO - [2022] MISSING_CENTRAL: SR3Mu/Central/bjets/3/eta in Skim_TriLep_Muon_D.root
2025-11-13 19:56:23,112 - INFO - [2022EE] MISSING_CENTRAL: SR3Mu/Central/bjets/3/eta in Skim_TriLep_Muon_G.root
2025-11-13 19:56:23,122 - INFO - [2023] MISSING_CENTRAL: SR3Mu/Central/bjets/3/eta in Skim_TriLep_Muon0_C_v1.root
2025-11-13 19:56:23,123 - INFO - [2023] MISSING_CENTRAL: SR3Mu/Central/bjets/3/eta in Skim_TriLep_Muon0_C_v2.root
2025-11-13 19:56:23,123 - INFO - [2023] MISSING_CENTRAL: SR3Mu/Central/bjets/3/eta in Skim_TriLep_Muon0_C_v3.root
2025-11-13 19:56:23,124 - INFO - [2023] MISSING_CENTRAL: SR3Mu/Central/bjets/3/eta in Skim_TriLep_Muon0_C_v4.root
2025-11-13 19:56:23,124 - INFO - [2023] MISSING_CENTRAL: SR3Mu/Central/bjets/3/eta in Skim_TriLep_Muon1_C_v1.root
2025-11-13 19:56:23,125 - INFO - [2023] MISSING_CENTRAL: SR3Mu/Central/bjets/3/eta in Skim_TriLep_Muon1_C_v2.root
2025-11-13 19:56:23,126 - INFO - [2023] MISSING_CENTRAL: SR3Mu/Central/bjets/3/eta in Skim_TriLep_Muon1_C_v3.root
2025-11-13 19:56:23,126 - INFO - [2023] MISSING_CENTRAL: SR3Mu/Central/bjets/3/eta in Skim_TriLep_Muon1_C_v4.root
2025-11-13 19:56:23,127 - INFO - [2023BPix] MISSING_CENTRAL: SR3Mu/Central/bjets/3/eta in Skim_TriLep_Muon0_D_v2.root
2025-11-13 19:56:23,128 - INFO - [2023BPix] MISSING_CENTRAL: SR3Mu/Central/bjets/3/eta in Skim_TriLep_Muon1_D_v1.root
2025-11-13 19:56:23,129 - INFO - [2023BPix] MISSING_CENTRAL: SR3Mu/Central/bjets/3/eta in Skim_TriLep_Muon1_D_v2.root
2025-11-13 19:56:23,132 - INFO - [2022] MISSING_CENTRAL: SR3Mu/Central/bjets/3/eta in Skim_TriLep_DoubleMuon_C.root
2025-11-13 19:56:23,143 - INFO - [2022] MISSING_CENTRAL: SR3Mu/Central/bjets/3/eta in Skim_TriLep_Muon_D.root
2025-11-13 19:56:23,144 - INFO - [2022] MISSING_CENTRAL: SR3Mu/Central/bjets/3/eta in Skim_TriLep_DYJets.root
2025-11-13 19:56:23,144 - INFO - [2022] MISSING_CENTRAL: SR3Mu/Central/bjets/3/eta in Skim_TriLep_DYJets10to50.root
2025-11-13 19:56:23,145 - INFO - [2022] MISSING_CENTRAL: SR3Mu/Central/bjets/3/eta in Skim_TriLep_DYGTo2LG_MLL4to50_PTG10to100.root
2025-11-13 19:56:23,145 - INFO - [2022] MISSING_CENTRAL: SR3Mu/Central/bjets/3/eta in Skim_TriLep_DYGTo2LG_MLL4to50_PTG100to200.root
2025-11-13 19:56:23,146 - INFO - [2022] MISSING_CENTRAL: SR3Mu/Central/bjets/3/eta in Skim_TriLep_DYGTo2LG_MLL4to50_PTG200toInf.root
2025-11-13 19:56:23,146 - INFO - [2022] MISSING_CENTRAL: SR3Mu/Central/bjets/3/eta in Skim_TriLep_DYGTo2LG_MLL50_PTG10to100.root
2025-11-13 19:56:23,147 - INFO - [2022] MISSING_CENTRAL: SR3Mu/Central/bjets/3/eta in Skim_TriLep_DYGTo2LG_MLL50_PTG100to200.root
2025-11-13 19:56:23,148 - INFO - [2022] MISSING_CENTRAL: SR3Mu/Central/bjets/3/eta in Skim_TriLep_DYGTo2LG_MLL50_PTG200toInf.root
2025-11-13 19:56:23,159 - INFO - [2022] MISSING_CENTRAL: SR3Mu/Central/bjets/3/eta in Skim_TriLep_TTG_PTG100to200.root
2025-11-13 19:56:23,159 - INFO - [2022] MISSING_CENTRAL: SR3Mu/Central/bjets/3/eta in Skim_TriLep_TTG_PTG200toInf.root
2025-11-13 19:56:23,160 - INFO - [2022] MISSING_CENTRAL: SR3Mu/Central/bjets/3/eta in Skim_TriLep_TTWToLNu.root
2025-11-13 19:56:23,177 - INFO - [2022] MISSING_CENTRAL: SR3Mu/Central/bjets/3/eta in Skim_TriLep_WZTo3LNu_powheg.root
2025-11-13 19:56:23,178 - INFO - [2022] MISSING_CENTRAL: SR3Mu/Central/bjets/3/eta in Skim_TriLep_ZZTo4L_powheg.root
2025-11-13 19:56:23,191 - INFO - [2022] MISSING_CENTRAL: SR3Mu/Central/bjets/3/eta in Skim_TriLep_WWW.root
2025-11-13 19:56:23,192 - INFO - [2022] MISSING_CENTRAL: SR3Mu/Central/bjets/3/eta in Skim_TriLep_WWZ.root
2025-11-13 19:56:23,192 - INFO - [2022] MISSING_CENTRAL: SR3Mu/Central/bjets/3/eta in Skim_TriLep_WZZ.root
2025-11-13 19:56:23,205 - INFO - [2022] MISSING_CENTRAL: SR3Mu/Central/bjets/3/eta in Skim_TriLep_VBFHToZZTo4L.root
2025-11-13 19:56:23,206 - INFO - [2022] MISSING_CENTRAL: SR3Mu/Central/bjets/3/eta in Skim_TriLep_ggHToZZTo4L.root
2025-11-13 19:56:23,207 - INFO - [2022EE] MISSING_CENTRAL: SR3Mu/Central/bjets/3/eta in Skim_TriLep_Muon_E.root
2025-11-13 19:56:23,209 - INFO - [2022EE] MISSING_CENTRAL: SR3Mu/Central/bjets/3/eta in Skim_TriLep_DYJets.root
2025-11-13 19:56:23,209 - INFO - [2022EE] MISSING_CENTRAL: SR3Mu/Central/bjets/3/eta in Skim_TriLep_DYJets10to50.root
2025-11-13 19:56:23,210 - INFO - [2022EE] MISSING_CENTRAL: SR3Mu/Central/bjets/3/eta in Skim_TriLep_DYGTo2LG_MLL4to50_PTG10to100.root
2025-11-13 19:56:23,211 - INFO - [2022EE] MISSING_CENTRAL: SR3Mu/Central/bjets/3/eta in Skim_TriLep_DYGTo2LG_MLL4to50_PTG100to200.root
2025-11-13 19:56:23,211 - INFO - [2022EE] MISSING_CENTRAL: SR3Mu/Central/bjets/3/eta in Skim_TriLep_DYGTo2LG_MLL4to50_PTG200toInf.root
2025-11-13 19:56:23,212 - INFO - [2022EE] MISSING_CENTRAL: SR3Mu/Central/bjets/3/eta in Skim_TriLep_DYGTo2LG_MLL50_PTG10to100.root
2025-11-13 19:56:23,213 - INFO - [2022EE] MISSING_CENTRAL: SR3Mu/Central/bjets/3/eta in Skim_TriLep_DYGTo2LG_MLL50_PTG100to200.root
2025-11-13 19:56:23,213 - INFO - [2022EE] MISSING_CENTRAL: SR3Mu/Central/bjets/3/eta in Skim_TriLep_DYGTo2LG_MLL50_PTG200toInf.root
2025-11-13 19:56:23,214 - INFO - [2022EE] MISSING_CENTRAL: SR3Mu/Central/bjets/3/eta in Skim_TriLep_TTG_PTG10to100.root
2025-11-13 19:56:23,214 - INFO - [2022EE] MISSING_CENTRAL: SR3Mu/Central/bjets/3/eta in Skim_TriLep_TTG_PTG100to200.root
2025-11-13 19:56:23,215 - INFO - [2022EE] MISSING_CENTRAL: SR3Mu/Central/bjets/3/eta in Skim_TriLep_TTG_PTG200toInf.root
2025-11-13 19:56:23,240 - INFO - [2022EE] MISSING_CENTRAL: SR3Mu/Central/bjets/3/eta in Skim_TriLep_WZTo3LNu_powheg.root
2025-11-13 19:56:23,257 - INFO - [2022EE] MISSING_CENTRAL: SR3Mu/Central/bjets/3/eta in Skim_TriLep_WWW.root
2025-11-13 19:56:23,258 - INFO - [2022EE] MISSING_CENTRAL: SR3Mu/Central/bjets/3/eta in Skim_TriLep_WWZ.root
2025-11-13 19:56:23,275 - INFO - [2022EE] MISSING_CENTRAL: SR3Mu/Central/bjets/3/eta in Skim_TriLep_VBFHToZZTo4L.root
2025-11-13 19:56:23,275 - INFO - [2022EE] MISSING_CENTRAL: SR3Mu/Central/bjets/3/eta in Skim_TriLep_ggHToZZTo4L.root
2025-11-13 19:56:23,277 - INFO - [2023] MISSING_CENTRAL: SR3Mu/Central/bjets/3/eta in Skim_TriLep_Muon0_C_v2.root
2025-11-13 19:56:23,277 - INFO - [2023] MISSING_CENTRAL: SR3Mu/Central/bjets/3/eta in Skim_TriLep_Muon0_C_v3.root
2025-11-13 19:56:23,279 - INFO - [2023] MISSING_CENTRAL: SR3Mu/Central/bjets/3/eta in Skim_TriLep_Muon1_C_v1.root
2025-11-13 19:56:23,279 - INFO - [2023] MISSING_CENTRAL: SR3Mu/Central/bjets/3/eta in Skim_TriLep_Muon1_C_v2.root
2025-11-13 19:56:23,280 - INFO - [2023] MISSING_CENTRAL: SR3Mu/Central/bjets/3/eta in Skim_TriLep_Muon1_C_v3.root
2025-11-13 19:56:23,280 - INFO - [2023] MISSING_CENTRAL: SR3Mu/Central/bjets/3/eta in Skim_TriLep_Muon1_C_v4.root
2025-11-13 19:56:23,281 - INFO - [2023] MISSING_CENTRAL: SR3Mu/Central/bjets/3/eta in Skim_TriLep_DYJets.root
2025-11-13 19:56:23,281 - INFO - [2023] MISSING_CENTRAL: SR3Mu/Central/bjets/3/eta in Skim_TriLep_DYJets10to50.root
2025-11-13 19:56:23,282 - INFO - [2023] MISSING_CENTRAL: SR3Mu/Central/bjets/3/eta in Skim_TriLep_DYGTo2LG_MLL4to50_PTG10to100.root
2025-11-13 19:56:23,283 - INFO - [2023] MISSING_CENTRAL: SR3Mu/Central/bjets/3/eta in Skim_TriLep_DYGTo2LG_MLL4to50_PTG100to200.root
2025-11-13 19:56:23,283 - INFO - [2023] MISSING_CENTRAL: SR3Mu/Central/bjets/3/eta in Skim_TriLep_DYGTo2LG_MLL4to50_PTG200toInf.root
2025-11-13 19:56:23,284 - INFO - [2023] MISSING_CENTRAL: SR3Mu/Central/bjets/3/eta in Skim_TriLep_DYGTo2LG_MLL50_PTG10to100.root
2025-11-13 19:56:23,284 - INFO - [2023] MISSING_CENTRAL: SR3Mu/Central/bjets/3/eta in Skim_TriLep_DYGTo2LG_MLL50_PTG100to200.root
2025-11-13 19:56:23,285 - INFO - [2023] MISSING_CENTRAL: SR3Mu/Central/bjets/3/eta in Skim_TriLep_DYGTo2LG_MLL50_PTG200to400.root
2025-11-13 19:56:23,285 - INFO - [2023] MISSING_CENTRAL: SR3Mu/Central/bjets/3/eta in Skim_TriLep_DYGTo2LG_MLL50_PTG400to600.root
2025-11-13 19:56:23,286 - INFO - [2023] MISSING_CENTRAL: SR3Mu/Central/bjets/3/eta in Skim_TriLep_DYGTo2LG_MLL50_PTG600toInf.root
2025-11-13 19:56:23,287 - INFO - [2023] MISSING_CENTRAL: SR3Mu/Central/bjets/3/eta in Skim_TriLep_TTG_PTG10to100.root
2025-11-13 19:56:23,287 - INFO - [2023] MISSING_CENTRAL: SR3Mu/Central/bjets/3/eta in Skim_TriLep_TTG_PTG100to200.root
2025-11-13 19:56:23,288 - INFO - [2023] MISSING_CENTRAL: SR3Mu/Central/bjets/3/eta in Skim_TriLep_TTG_PTG200toInf.root
2025-11-13 19:56:23,311 - INFO - [2023] MISSING_CENTRAL: SR3Mu/Central/bjets/3/eta in Skim_TriLep_WZTo3LNu_powheg.root
2025-11-13 19:56:23,316 - INFO - [2023] MISSING_CENTRAL: SR3Mu/Central/bjets/3/eta in Skim_TriLep_ZZTo4L_powheg.root
2025-11-13 19:56:23,328 - INFO - [2023] MISSING_CENTRAL: SR3Mu/Central/bjets/3/eta in Skim_TriLep_tHq.root
2025-11-13 19:56:23,330 - INFO - [2023] MISSING_CENTRAL: SR3Mu/Central/bjets/3/eta in Skim_TriLep_WWW.root
2025-11-13 19:56:23,332 - INFO - [2023] MISSING_CENTRAL: SR3Mu/Central/bjets/3/eta in Skim_TriLep_WWZ.root
2025-11-13 19:56:23,333 - INFO - [2023] MISSING_CENTRAL: SR3Mu/Central/bjets/3/eta in Skim_TriLep_WZZ.root
2025-11-13 19:56:23,352 - INFO - [2023] MISSING_CENTRAL: SR3Mu/Central/bjets/3/eta in Skim_TriLep_VBFHToZZTo4L.root
2025-11-13 19:56:23,353 - INFO - [2023] MISSING_CENTRAL: SR3Mu/Central/bjets/3/eta in Skim_TriLep_ggHToZZTo4L.root
2025-11-13 19:56:23,354 - INFO - [2023BPix] MISSING_CENTRAL: SR3Mu/Central/bjets/3/eta in Skim_TriLep_Muon0_D_v1.root
2025-11-13 19:56:23,354 - INFO - [2023BPix] MISSING_CENTRAL: SR3Mu/Central/bjets/3/eta in Skim_TriLep_Muon0_D_v2.root
2025-11-13 19:56:23,355 - INFO - [2023BPix] MISSING_CENTRAL: SR3Mu/Central/bjets/3/eta in Skim_TriLep_Muon1_D_v1.root
2025-11-13 19:56:23,356 - INFO - [2023BPix] MISSING_CENTRAL: SR3Mu/Central/bjets/3/eta in Skim_TriLep_Muon1_D_v2.root
2025-11-13 19:56:23,356 - INFO - [2023BPix] MISSING_CENTRAL: SR3Mu/Central/bjets/3/eta in Skim_TriLep_DYJets.root
2025-11-13 19:56:23,357 - INFO - [2023BPix] MISSING_CENTRAL: SR3Mu/Central/bjets/3/eta in Skim_TriLep_DYJets10to50.root
2025-11-13 19:56:23,357 - INFO - [2023BPix] MISSING_CENTRAL: SR3Mu/Central/bjets/3/eta in Skim_TriLep_DYGTo2LG_MLL4to50_PTG10to100.root
2025-11-13 19:56:23,358 - INFO - [2023BPix] MISSING_CENTRAL: SR3Mu/Central/bjets/3/eta in Skim_TriLep_DYGTo2LG_MLL4to50_PTG100to200.root
2025-11-13 19:56:23,359 - INFO - [2023BPix] MISSING_CENTRAL: SR3Mu/Central/bjets/3/eta in Skim_TriLep_DYGTo2LG_MLL4to50_PTG200toInf.root
2025-11-13 19:56:23,359 - INFO - [2023BPix] MISSING_CENTRAL: SR3Mu/Central/bjets/3/eta in Skim_TriLep_DYGTo2LG_MLL50_PTG10to100.root
2025-11-13 19:56:23,360 - INFO - [2023BPix] MISSING_CENTRAL: SR3Mu/Central/bjets/3/eta in Skim_TriLep_DYGTo2LG_MLL50_PTG100to200.root
2025-11-13 19:56:23,361 - INFO - [2023BPix] MISSING_CENTRAL: SR3Mu/Central/bjets/3/eta in Skim_TriLep_DYGTo2LG_MLL50_PTG200to400.root
2025-11-13 19:56:23,361 - INFO - [2023BPix] MISSING_CENTRAL: SR3Mu/Central/bjets/3/eta in Skim_TriLep_DYGTo2LG_MLL50_PTG400to600.root
2025-11-13 19:56:23,362 - INFO - [2023BPix] MISSING_CENTRAL: SR3Mu/Central/bjets/3/eta in Skim_TriLep_DYGTo2LG_MLL50_PTG600toInf.root
2025-11-13 19:56:23,363 - INFO - [2023BPix] MISSING_CENTRAL: SR3Mu/Central/bjets/3/eta in Skim_TriLep_TTG_PTG10to100.root
2025-11-13 19:56:23,363 - INFO - [2023BPix] MISSING_CENTRAL: SR3Mu/Central/bjets/3/eta in Skim_TriLep_TTG_PTG100to200.root
2025-11-13 19:56:23,364 - INFO - [2023BPix] MISSING_CENTRAL: SR3Mu/Central/bjets/3/eta in Skim_TriLep_TTG_PTG200toInf.root
2025-11-13 19:56:23,364 - INFO - [2023BPix] MISSING_CENTRAL: SR3Mu/Central/bjets/3/eta in Skim_TriLep_TTWToLNu.root
2025-11-13 19:56:23,383 - INFO - [2023BPix] MISSING_CENTRAL: SR3Mu/Central/bjets/3/eta in Skim_TriLep_WZTo3LNu_powheg.root
2025-11-13 19:56:23,397 - INFO - [2023BPix] MISSING_CENTRAL: SR3Mu/Central/bjets/3/eta in Skim_TriLep_tHq.root
2025-11-13 19:56:23,397 - INFO - [2023BPix] MISSING_CENTRAL: SR3Mu/Central/bjets/3/eta in Skim_TriLep_WWW.root
2025-11-13 19:56:23,398 - INFO - [2023BPix] MISSING_CENTRAL: SR3Mu/Central/bjets/3/eta in Skim_TriLep_WWZ.root
2025-11-13 19:56:23,399 - INFO - [2023BPix] MISSING_CENTRAL: SR3Mu/Central/bjets/3/eta in Skim_TriLep_WZZ.root
2025-11-13 19:56:23,399 - INFO - [2023BPix] MISSING_CENTRAL: SR3Mu/Central/bjets/3/eta in Skim_TriLep_ZZZ.root
2025-11-13 19:56:23,406 - INFO - [2023BPix] MISSING_CENTRAL: SR3Mu/Central/bjets/3/eta in Skim_TriLep_VBFHToZZTo4L.root
2025-11-13 19:56:23,410 - INFO - [2023BPix] MISSING_CENTRAL: SR3Mu/Central/bjets/3/eta in Skim_TriLep_ggHToZZTo4L.root
2025-11-13 20:03:17,934 - INFO - [2022] MISSING_CENTRAL: SR3Mu/Central/bjets/3/eta in Skim_TriLep_DoubleMuon_C.root
2025-11-13 20:03:17,969 - INFO - [2022] MISSING_CENTRAL: SR3Mu/Central/bjets/3/eta in Skim_TriLep_Muon_D.root
2025-11-13 20:03:17,989 - INFO - [2022EE] MISSING_CENTRAL: SR3Mu/Central/bjets/3/eta in Skim_TriLep_Muon_G.root
2025-11-13 20:03:18,001 - INFO - [2023] MISSING_CENTRAL: SR3Mu/Central/bjets/3/eta in Skim_TriLep_Muon0_C_v1.root
2025-11-13 20:03:18,001 - INFO - [2023] MISSING_CENTRAL: SR3Mu/Central/bjets/3/eta in Skim_TriLep_Muon0_C_v2.root
2025-11-13 20:03:18,002 - INFO - [2023] MISSING_CENTRAL: SR3Mu/Central/bjets/3/eta in Skim_TriLep_Muon0_C_v3.root
2025-11-13 20:03:18,002 - INFO - [2023] MISSING_CENTRAL: SR3Mu/Central/bjets/3/eta in Skim_TriLep_Muon0_C_v4.root
2025-11-13 20:03:18,003 - INFO - [2023] MISSING_CENTRAL: SR3Mu/Central/bjets/3/eta in Skim_TriLep_Muon1_C_v1.root
2025-11-13 20:03:18,003 - INFO - [2023] MISSING_CENTRAL: SR3Mu/Central/bjets/3/eta in Skim_TriLep_Muon1_C_v2.root
2025-11-13 20:03:18,004 - INFO - [2023] MISSING_CENTRAL: SR3Mu/Central/bjets/3/eta in Skim_TriLep_Muon1_C_v3.root
2025-11-13 20:03:18,004 - INFO - [2023] MISSING_CENTRAL: SR3Mu/Central/bjets/3/eta in Skim_TriLep_Muon1_C_v4.root
2025-11-13 20:03:18,005 - INFO - [2023BPix] MISSING_CENTRAL: SR3Mu/Central/bjets/3/eta in Skim_TriLep_Muon0_D_v2.root
2025-11-13 20:03:18,006 - INFO - [2023BPix] MISSING_CENTRAL: SR3Mu/Central/bjets/3/eta in Skim_TriLep_Muon1_D_v1.root
2025-11-13 20:03:18,006 - INFO - [2023BPix] MISSING_CENTRAL: SR3Mu/Central/bjets/3/eta in Skim_TriLep_Muon1_D_v2.root
2025-11-13 20:03:18,010 - INFO - [2022] MISSING_CENTRAL: SR3Mu/Central/bjets/3/eta in Skim_TriLep_DoubleMuon_C.root
2025-11-13 20:03:18,020 - INFO - [2022] MISSING_CENTRAL: SR3Mu/Central/bjets/3/eta in Skim_TriLep_Muon_D.root
2025-11-13 20:03:18,021 - INFO - [2022] MISSING_CENTRAL: SR3Mu/Central/bjets/3/eta in Skim_TriLep_DYJets.root
2025-11-13 20:03:18,021 - INFO - [2022] MISSING_CENTRAL: SR3Mu/Central/bjets/3/eta in Skim_TriLep_DYJets10to50.root
2025-11-13 20:03:18,022 - INFO - [2022] MISSING_CENTRAL: SR3Mu/Central/bjets/3/eta in Skim_TriLep_DYGTo2LG_MLL4to50_PTG10to100.root
2025-11-13 20:03:18,022 - INFO - [2022] MISSING_CENTRAL: SR3Mu/Central/bjets/3/eta in Skim_TriLep_DYGTo2LG_MLL4to50_PTG100to200.root
2025-11-13 20:03:18,023 - INFO - [2022] MISSING_CENTRAL: SR3Mu/Central/bjets/3/eta in Skim_TriLep_DYGTo2LG_MLL4to50_PTG200toInf.root
2025-11-13 20:03:18,023 - INFO - [2022] MISSING_CENTRAL: SR3Mu/Central/bjets/3/eta in Skim_TriLep_DYGTo2LG_MLL50_PTG10to100.root
2025-11-13 20:03:18,024 - INFO - [2022] MISSING_CENTRAL: SR3Mu/Central/bjets/3/eta in Skim_TriLep_DYGTo2LG_MLL50_PTG100to200.root
2025-11-13 20:03:18,024 - INFO - [2022] MISSING_CENTRAL: SR3Mu/Central/bjets/3/eta in Skim_TriLep_DYGTo2LG_MLL50_PTG200toInf.root
2025-11-13 20:03:18,034 - INFO - [2022] MISSING_CENTRAL: SR3Mu/Central/bjets/3/eta in Skim_TriLep_TTG_PTG100to200.root
2025-11-13 20:03:18,035 - INFO - [2022] MISSING_CENTRAL: SR3Mu/Central/bjets/3/eta in Skim_TriLep_TTG_PTG200toInf.root
2025-11-13 20:03:18,036 - INFO - [2022] MISSING_CENTRAL: SR3Mu/Central/bjets/3/eta in Skim_TriLep_TTWToLNu.root
2025-11-13 20:03:18,054 - INFO - [2022] MISSING_CENTRAL: SR3Mu/Central/bjets/3/eta in Skim_TriLep_WZTo3LNu_powheg.root
2025-11-13 20:03:18,054 - INFO - [2022] MISSING_CENTRAL: SR3Mu/Central/bjets/3/eta in Skim_TriLep_ZZTo4L_powheg.root
2025-11-13 20:03:18,067 - INFO - [2022] MISSING_CENTRAL: SR3Mu/Central/bjets/3/eta in Skim_TriLep_WWW.root
2025-11-13 20:03:18,068 - INFO - [2022] MISSING_CENTRAL: SR3Mu/Central/bjets/3/eta in Skim_TriLep_WWZ.root
2025-11-13 20:03:18,068 - INFO - [2022] MISSING_CENTRAL: SR3Mu/Central/bjets/3/eta in Skim_TriLep_WZZ.root
2025-11-13 20:03:18,081 - INFO - [2022] MISSING_CENTRAL: SR3Mu/Central/bjets/3/eta in Skim_TriLep_VBFHToZZTo4L.root
2025-11-13 20:03:18,082 - INFO - [2022] MISSING_CENTRAL: SR3Mu/Central/bjets/3/eta in Skim_TriLep_ggHToZZTo4L.root
2025-11-13 20:03:18,083 - INFO - [2022EE] MISSING_CENTRAL: SR3Mu/Central/bjets/3/eta in Skim_TriLep_Muon_E.root
2025-11-13 20:03:18,084 - INFO - [2022EE] MISSING_CENTRAL: SR3Mu/Central/bjets/3/eta in Skim_TriLep_DYJets.root
2025-11-13 20:03:18,085 - INFO - [2022EE] MISSING_CENTRAL: SR3Mu/Central/bjets/3/eta in Skim_TriLep_DYJets10to50.root
2025-11-13 20:03:18,086 - INFO - [2022EE] MISSING_CENTRAL: SR3Mu/Central/bjets/3/eta in Skim_TriLep_DYGTo2LG_MLL4to50_PTG10to100.root
2025-11-13 20:03:18,087 - INFO - [2022EE] MISSING_CENTRAL: SR3Mu/Central/bjets/3/eta in Skim_TriLep_DYGTo2LG_MLL4to50_PTG100to200.root
2025-11-13 20:03:18,087 - INFO - [2022EE] MISSING_CENTRAL: SR3Mu/Central/bjets/3/eta in Skim_TriLep_DYGTo2LG_MLL4to50_PTG200toInf.root
2025-11-13 20:03:18,088 - INFO - [2022EE] MISSING_CENTRAL: SR3Mu/Central/bjets/3/eta in Skim_TriLep_DYGTo2LG_MLL50_PTG10to100.root
2025-11-13 20:03:18,088 - INFO - [2022EE] MISSING_CENTRAL: SR3Mu/Central/bjets/3/eta in Skim_TriLep_DYGTo2LG_MLL50_PTG100to200.root
2025-11-13 20:03:18,089 - INFO - [2022EE] MISSING_CENTRAL: SR3Mu/Central/bjets/3/eta in Skim_TriLep_DYGTo2LG_MLL50_PTG200toInf.root
2025-11-13 20:03:18,089 - INFO - [2022EE] MISSING_CENTRAL: SR3Mu/Central/bjets/3/eta in Skim_TriLep_TTG_PTG10to100.root
2025-11-13 20:03:18,090 - INFO - [2022EE] MISSING_CENTRAL: SR3Mu/Central/bjets/3/eta in Skim_TriLep_TTG_PTG100to200.root
2025-11-13 20:03:18,091 - INFO - [2022EE] MISSING_CENTRAL: SR3Mu/Central/bjets/3/eta in Skim_TriLep_TTG_PTG200toInf.root
2025-11-13 20:03:18,116 - INFO - [2022EE] MISSING_CENTRAL: SR3Mu/Central/bjets/3/eta in Skim_TriLep_WZTo3LNu_powheg.root
2025-11-13 20:03:18,133 - INFO - [2022EE] MISSING_CENTRAL: SR3Mu/Central/bjets/3/eta in Skim_TriLep_WWW.root
2025-11-13 20:03:18,133 - INFO - [2022EE] MISSING_CENTRAL: SR3Mu/Central/bjets/3/eta in Skim_TriLep_WWZ.root
2025-11-13 20:03:18,150 - INFO - [2022EE] MISSING_CENTRAL: SR3Mu/Central/bjets/3/eta in Skim_TriLep_VBFHToZZTo4L.root
2025-11-13 20:03:18,151 - INFO - [2022EE] MISSING_CENTRAL: SR3Mu/Central/bjets/3/eta in Skim_TriLep_ggHToZZTo4L.root
2025-11-13 20:03:18,152 - INFO - [2023] MISSING_CENTRAL: SR3Mu/Central/bjets/3/eta in Skim_TriLep_Muon0_C_v2.root
2025-11-13 20:03:18,153 - INFO - [2023] MISSING_CENTRAL: SR3Mu/Central/bjets/3/eta in Skim_TriLep_Muon0_C_v3.root
2025-11-13 20:03:18,154 - INFO - [2023] MISSING_CENTRAL: SR3Mu/Central/bjets/3/eta in Skim_TriLep_Muon1_C_v1.root
2025-11-13 20:03:18,154 - INFO - [2023] MISSING_CENTRAL: SR3Mu/Central/bjets/3/eta in Skim_TriLep_Muon1_C_v2.root
2025-11-13 20:03:18,155 - INFO - [2023] MISSING_CENTRAL: SR3Mu/Central/bjets/3/eta in Skim_TriLep_Muon1_C_v3.root
2025-11-13 20:03:18,155 - INFO - [2023] MISSING_CENTRAL: SR3Mu/Central/bjets/3/eta in Skim_TriLep_Muon1_C_v4.root
2025-11-13 20:03:18,156 - INFO - [2023] MISSING_CENTRAL: SR3Mu/Central/bjets/3/eta in Skim_TriLep_DYJets.root
2025-11-13 20:03:18,156 - INFO - [2023] MISSING_CENTRAL: SR3Mu/Central/bjets/3/eta in Skim_TriLep_DYJets10to50.root
2025-11-13 20:03:18,157 - INFO - [2023] MISSING_CENTRAL: SR3Mu/Central/bjets/3/eta in Skim_TriLep_DYGTo2LG_MLL4to50_PTG10to100.root
2025-11-13 20:03:18,157 - INFO - [2023] MISSING_CENTRAL: SR3Mu/Central/bjets/3/eta in Skim_TriLep_DYGTo2LG_MLL4to50_PTG100to200.root
2025-11-13 20:03:18,158 - INFO - [2023] MISSING_CENTRAL: SR3Mu/Central/bjets/3/eta in Skim_TriLep_DYGTo2LG_MLL4to50_PTG200toInf.root
2025-11-13 20:03:18,159 - INFO - [2023] MISSING_CENTRAL: SR3Mu/Central/bjets/3/eta in Skim_TriLep_DYGTo2LG_MLL50_PTG10to100.root
2025-11-13 20:03:18,159 - INFO - [2023] MISSING_CENTRAL: SR3Mu/Central/bjets/3/eta in Skim_TriLep_DYGTo2LG_MLL50_PTG100to200.root
2025-11-13 20:03:18,160 - INFO - [2023] MISSING_CENTRAL: SR3Mu/Central/bjets/3/eta in Skim_TriLep_DYGTo2LG_MLL50_PTG200to400.root
2025-11-13 20:03:18,160 - INFO - [2023] MISSING_CENTRAL: SR3Mu/Central/bjets/3/eta in Skim_TriLep_DYGTo2LG_MLL50_PTG400to600.root
2025-11-13 20:03:18,161 - INFO - [2023] MISSING_CENTRAL: SR3Mu/Central/bjets/3/eta in Skim_TriLep_DYGTo2LG_MLL50_PTG600toInf.root
2025-11-13 20:03:18,162 - INFO - [2023] MISSING_CENTRAL: SR3Mu/Central/bjets/3/eta in Skim_TriLep_TTG_PTG10to100.root
2025-11-13 20:03:18,162 - INFO - [2023] MISSING_CENTRAL: SR3Mu/Central/bjets/3/eta in Skim_TriLep_TTG_PTG100to200.root
2025-11-13 20:03:18,163 - INFO - [2023] MISSING_CENTRAL: SR3Mu/Central/bjets/3/eta in Skim_TriLep_TTG_PTG200toInf.root
2025-11-13 20:03:18,187 - INFO - [2023] MISSING_CENTRAL: SR3Mu/Central/bjets/3/eta in Skim_TriLep_WZTo3LNu_powheg.root
2025-11-13 20:03:18,188 - INFO - [2023] MISSING_CENTRAL: SR3Mu/Central/bjets/3/eta in Skim_TriLep_ZZTo4L_powheg.root
2025-11-13 20:03:18,196 - INFO - [2023] MISSING_CENTRAL: SR3Mu/Central/bjets/3/eta in Skim_TriLep_tHq.root
2025-11-13 20:03:18,196 - INFO - [2023] MISSING_CENTRAL: SR3Mu/Central/bjets/3/eta in Skim_TriLep_WWW.root
2025-11-13 20:03:18,197 - INFO - [2023] MISSING_CENTRAL: SR3Mu/Central/bjets/3/eta in Skim_TriLep_WWZ.root
2025-11-13 20:03:18,197 - INFO - [2023] MISSING_CENTRAL: SR3Mu/Central/bjets/3/eta in Skim_TriLep_WZZ.root
2025-11-13 20:03:18,210 - INFO - [2023] MISSING_CENTRAL: SR3Mu/Central/bjets/3/eta in Skim_TriLep_VBFHToZZTo4L.root
2025-11-13 20:03:18,211 - INFO - [2023] MISSING_CENTRAL: SR3Mu/Central/bjets/3/eta in Skim_TriLep_ggHToZZTo4L.root
2025-11-13 20:03:18,212 - INFO - [2023BPix] MISSING_CENTRAL: SR3Mu/Central/bjets/3/eta in Skim_TriLep_Muon0_D_v1.root
2025-11-13 20:03:18,213 - INFO - [2023BPix] MISSING_CENTRAL: SR3Mu/Central/bjets/3/eta in Skim_TriLep_Muon0_D_v2.root
2025-11-13 20:03:18,214 - INFO - [2023BPix] MISSING_CENTRAL: SR3Mu/Central/bjets/3/eta in Skim_TriLep_Muon1_D_v1.root
2025-11-13 20:03:18,215 - INFO - [2023BPix] MISSING_CENTRAL: SR3Mu/Central/bjets/3/eta in Skim_TriLep_Muon1_D_v2.root
2025-11-13 20:03:18,217 - INFO - [2023BPix] MISSING_CENTRAL: SR3Mu/Central/bjets/3/eta in Skim_TriLep_DYJets.root
2025-11-13 20:03:18,218 - INFO - [2023BPix] MISSING_CENTRAL: SR3Mu/Central/bjets/3/eta in Skim_TriLep_DYJets10to50.root
2025-11-13 20:03:18,219 - INFO - [2023BPix] MISSING_CENTRAL: SR3Mu/Central/bjets/3/eta in Skim_TriLep_DYGTo2LG_MLL4to50_PTG10to100.root
2025-11-13 20:03:18,220 - INFO - [2023BPix] MISSING_CENTRAL: SR3Mu/Central/bjets/3/eta in Skim_TriLep_DYGTo2LG_MLL4to50_PTG100to200.root
2025-11-13 20:03:18,221 - INFO - [2023BPix] MISSING_CENTRAL: SR3Mu/Central/bjets/3/eta in Skim_TriLep_DYGTo2LG_MLL4to50_PTG200toInf.root
2025-11-13 20:03:18,222 - INFO - [2023BPix] MISSING_CENTRAL: SR3Mu/Central/bjets/3/eta in Skim_TriLep_DYGTo2LG_MLL50_PTG10to100.root
2025-11-13 20:03:18,224 - INFO - [2023BPix] MISSING_CENTRAL: SR3Mu/Central/bjets/3/eta in Skim_TriLep_DYGTo2LG_MLL50_PTG100to200.root
2025-11-13 20:03:18,225 - INFO - [2023BPix] MISSING_CENTRAL: SR3Mu/Central/bjets/3/eta in Skim_TriLep_DYGTo2LG_MLL50_PTG200to400.root
2025-11-13 20:03:18,226 - INFO - [2023BPix] MISSING_CENTRAL: SR3Mu/Central/bjets/3/eta in Skim_TriLep_DYGTo2LG_MLL50_PTG400to600.root
2025-11-13 20:03:18,227 - INFO - [2023BPix] MISSING_CENTRAL: SR3Mu/Central/bjets/3/eta in Skim_TriLep_DYGTo2LG_MLL50_PTG600toInf.root
2025-11-13 20:03:18,228 - INFO - [2023BPix] MISSING_CENTRAL: SR3Mu/Central/bjets/3/eta in Skim_TriLep_TTG_PTG10to100.root
2025-11-13 20:03:18,230 - INFO - [2023BPix] MISSING_CENTRAL: SR3Mu/Central/bjets/3/eta in Skim_TriLep_TTG_PTG100to200.root
2025-11-13 20:03:18,231 - INFO - [2023BPix] MISSING_CENTRAL: SR3Mu/Central/bjets/3/eta in Skim_TriLep_TTG_PTG200toInf.root
2025-11-13 20:03:18,232 - INFO - [2023BPix] MISSING_CENTRAL: SR3Mu/Central/bjets/3/eta in Skim_TriLep_TTWToLNu.root
2025-11-13 20:03:18,284 - INFO - [2023BPix] MISSING_CENTRAL: SR3Mu/Central/bjets/3/eta in Skim_TriLep_WZTo3LNu_powheg.root
2025-11-13 20:03:18,298 - INFO - [2023BPix] MISSING_CENTRAL: SR3Mu/Central/bjets/3/eta in Skim_TriLep_tHq.root
2025-11-13 20:03:18,299 - INFO - [2023BPix] MISSING_CENTRAL: SR3Mu/Central/bjets/3/eta in Skim_TriLep_WWW.root
2025-11-13 20:03:18,300 - INFO - [2023BPix] MISSING_CENTRAL: SR3Mu/Central/bjets/3/eta in Skim_TriLep_WWZ.root
2025-11-13 20:03:18,300 - INFO - [2023BPix] MISSING_CENTRAL: SR3Mu/Central/bjets/3/eta in Skim_TriLep_WZZ.root
2025-11-13 20:03:18,301 - INFO - [2023BPix] MISSING_CENTRAL: SR3Mu/Central/bjets/3/eta in Skim_TriLep_ZZZ.root
2025-11-13 20:03:18,310 - INFO - [2023BPix] MISSING_CENTRAL: SR3Mu/Central/bjets/3/eta in Skim_TriLep_VBFHToZZTo4L.root
2025-11-13 20:03:18,310 - INFO - [2023BPix] MISSING_CENTRAL: SR3Mu/Central/bjets/3/eta in Skim_TriLep_ggHToZZTo4L.root
2025-11-19 16:32:29,690 - INFO - [2022] MISSING_CENTRAL: SR3Mu/Central/bjets/3/eta in Skim_TriLep_DoubleMuon_C.root
2025-11-19 16:32:29,725 - INFO - [2022] MISSING_CENTRAL: SR3Mu/Central/bjets/3/eta in Skim_TriLep_Muon_D.root
2025-11-19 16:32:29,747 - INFO - [2022EE] MISSING_CENTRAL: SR3Mu/Central/bjets/3/eta in Skim_TriLep_Muon_G.root
2025-11-19 16:32:29,757 - INFO - [2023] MISSING_CENTRAL: SR3Mu/Central/bjets/3/eta in Skim_TriLep_Muon0_C_v1.root
2025-11-19 16:32:29,758 - INFO - [2023] MISSING_CENTRAL: SR3Mu/Central/bjets/3/eta in Skim_TriLep_Muon0_C_v2.root
2025-11-19 16:32:29,758 - INFO - [2023] MISSING_CENTRAL: SR3Mu/Central/bjets/3/eta in Skim_TriLep_Muon0_C_v3.root
2025-11-19 16:32:29,759 - INFO - [2023] MISSING_CENTRAL: SR3Mu/Central/bjets/3/eta in Skim_TriLep_Muon0_C_v4.root
2025-11-19 16:32:29,759 - INFO - [2023] MISSING_CENTRAL: SR3Mu/Central/bjets/3/eta in Skim_TriLep_Muon1_C_v1.root
2025-11-19 16:32:29,760 - INFO - [2023] MISSING_CENTRAL: SR3Mu/Central/bjets/3/eta in Skim_TriLep_Muon1_C_v2.root
2025-11-19 16:32:29,760 - INFO - [2023] MISSING_CENTRAL: SR3Mu/Central/bjets/3/eta in Skim_TriLep_Muon1_C_v3.root
2025-11-19 16:32:29,761 - INFO - [2023] MISSING_CENTRAL: SR3Mu/Central/bjets/3/eta in Skim_TriLep_Muon1_C_v4.root
2025-11-19 16:32:29,762 - INFO - [2023BPix] MISSING_CENTRAL: SR3Mu/Central/bjets/3/eta in Skim_TriLep_Muon0_D_v2.root
2025-11-19 16:32:29,762 - INFO - [2023BPix] MISSING_CENTRAL: SR3Mu/Central/bjets/3/eta in Skim_TriLep_Muon1_D_v1.root
2025-11-19 16:32:29,763 - INFO - [2023BPix] MISSING_CENTRAL: SR3Mu/Central/bjets/3/eta in Skim_TriLep_Muon1_D_v2.root
2025-11-19 16:32:29,767 - INFO - [2022] MISSING_CENTRAL: SR3Mu/Central/bjets/3/eta in Skim_TriLep_DoubleMuon_C.root
2025-11-19 16:32:29,776 - INFO - [2022] MISSING_CENTRAL: SR3Mu/Central/bjets/3/eta in Skim_TriLep_Muon_D.root
2025-11-19 16:32:29,777 - INFO - [2022] MISSING_CENTRAL: SR3Mu/Central/bjets/3/eta in Skim_TriLep_DYJets.root
2025-11-19 16:32:29,777 - INFO - [2022] MISSING_CENTRAL: SR3Mu/Central/bjets/3/eta in Skim_TriLep_DYJets10to50.root
2025-11-19 16:32:29,778 - INFO - [2022] MISSING_CENTRAL: SR3Mu/Central/bjets/3/eta in Skim_TriLep_DYGTo2LG_MLL4to50_PTG10to100.root
2025-11-19 16:32:29,778 - INFO - [2022] MISSING_CENTRAL: SR3Mu/Central/bjets/3/eta in Skim_TriLep_DYGTo2LG_MLL4to50_PTG100to200.root
2025-11-19 16:32:29,778 - INFO - [2022] MISSING_CENTRAL: SR3Mu/Central/bjets/3/eta in Skim_TriLep_DYGTo2LG_MLL4to50_PTG200toInf.root
2025-11-19 16:32:29,779 - INFO - [2022] MISSING_CENTRAL: SR3Mu/Central/bjets/3/eta in Skim_TriLep_DYGTo2LG_MLL50_PTG10to100.root
2025-11-19 16:32:29,779 - INFO - [2022] MISSING_CENTRAL: SR3Mu/Central/bjets/3/eta in Skim_TriLep_DYGTo2LG_MLL50_PTG100to200.root
2025-11-19 16:32:29,780 - INFO - [2022] MISSING_CENTRAL: SR3Mu/Central/bjets/3/eta in Skim_TriLep_DYGTo2LG_MLL50_PTG200toInf.root
2025-11-19 16:32:29,790 - INFO - [2022] MISSING_CENTRAL: SR3Mu/Central/bjets/3/eta in Skim_TriLep_TTG_PTG100to200.root
2025-11-19 16:32:29,791 - INFO - [2022] MISSING_CENTRAL: SR3Mu/Central/bjets/3/eta in Skim_TriLep_TTG_PTG200toInf.root
2025-11-19 16:32:29,792 - INFO - [2022] MISSING_CENTRAL: SR3Mu/Central/bjets/3/eta in Skim_TriLep_TTWToLNu.root
2025-11-19 16:32:29,814 - INFO - [2022] MISSING_CENTRAL: SR3Mu/Central/bjets/3/eta in Skim_TriLep_WZTo3LNu_powheg.root
2025-11-19 16:32:29,815 - INFO - [2022] MISSING_CENTRAL: SR3Mu/Central/bjets/3/eta in Skim_TriLep_ZZTo4L_powheg.root
2025-11-19 16:32:29,833 - INFO - [2022] MISSING_CENTRAL: SR3Mu/Central/bjets/3/eta in Skim_TriLep_WWW.root
2025-11-19 16:32:29,834 - INFO - [2022] MISSING_CENTRAL: SR3Mu/Central/bjets/3/eta in Skim_TriLep_WWZ.root
2025-11-19 16:32:29,834 - INFO - [2022] MISSING_CENTRAL: SR3Mu/Central/bjets/3/eta in Skim_TriLep_WZZ.root
2025-11-19 16:32:29,846 - INFO - [2022] MISSING_CENTRAL: SR3Mu/Central/bjets/3/eta in Skim_TriLep_VBFHToZZTo4L.root
2025-11-19 16:32:29,846 - INFO - [2022] MISSING_CENTRAL: SR3Mu/Central/bjets/3/eta in Skim_TriLep_ggHToZZTo4L.root
2025-11-19 16:32:29,847 - INFO - [2022EE] MISSING_CENTRAL: SR3Mu/Central/bjets/3/eta in Skim_TriLep_Muon_E.root
2025-11-19 16:32:29,848 - INFO - [2022EE] MISSING_CENTRAL: SR3Mu/Central/bjets/3/eta in Skim_TriLep_DYJets.root
2025-11-19 16:32:29,848 - INFO - [2022EE] MISSING_CENTRAL: SR3Mu/Central/bjets/3/eta in Skim_TriLep_DYJets10to50.root
2025-11-19 16:32:29,849 - INFO - [2022EE] MISSING_CENTRAL: SR3Mu/Central/bjets/3/eta in Skim_TriLep_DYGTo2LG_MLL4to50_PTG10to100.root
2025-11-19 16:32:29,850 - INFO - [2022EE] MISSING_CENTRAL: SR3Mu/Central/bjets/3/eta in Skim_TriLep_DYGTo2LG_MLL4to50_PTG100to200.root
2025-11-19 16:32:29,850 - INFO - [2022EE] MISSING_CENTRAL: SR3Mu/Central/bjets/3/eta in Skim_TriLep_DYGTo2LG_MLL4to50_PTG200toInf.root
2025-11-19 16:32:29,851 - INFO - [2022EE] MISSING_CENTRAL: SR3Mu/Central/bjets/3/eta in Skim_TriLep_DYGTo2LG_MLL50_PTG10to100.root
2025-11-19 16:32:29,852 - INFO - [2022EE] MISSING_CENTRAL: SR3Mu/Central/bjets/3/eta in Skim_TriLep_DYGTo2LG_MLL50_PTG100to200.root
2025-11-19 16:32:29,852 - INFO - [2022EE] MISSING_CENTRAL: SR3Mu/Central/bjets/3/eta in Skim_TriLep_DYGTo2LG_MLL50_PTG200toInf.root
2025-11-19 16:32:29,853 - INFO - [2022EE] MISSING_CENTRAL: SR3Mu/Central/bjets/3/eta in Skim_TriLep_TTG_PTG10to100.root
2025-11-19 16:32:29,854 - INFO - [2022EE] MISSING_CENTRAL: SR3Mu/Central/bjets/3/eta in Skim_TriLep_TTG_PTG100to200.root
2025-11-19 16:32:29,854 - INFO - [2022EE] MISSING_CENTRAL: SR3Mu/Central/bjets/3/eta in Skim_TriLep_TTG_PTG200toInf.root
2025-11-19 16:32:29,876 - INFO - [2022EE] MISSING_CENTRAL: SR3Mu/Central/bjets/3/eta in Skim_TriLep_WZTo3LNu_powheg.root
2025-11-19 16:32:29,894 - INFO - [2022EE] MISSING_CENTRAL: SR3Mu/Central/bjets/3/eta in Skim_TriLep_WWW.root
2025-11-19 16:32:29,895 - INFO - [2022EE] MISSING_CENTRAL: SR3Mu/Central/bjets/3/eta in Skim_TriLep_WWZ.root
2025-11-19 16:32:29,929 - INFO - [2022EE] MISSING_CENTRAL: SR3Mu/Central/bjets/3/eta in Skim_TriLep_VBFHToZZTo4L.root
2025-11-19 16:32:29,931 - INFO - [2022EE] MISSING_CENTRAL: SR3Mu/Central/bjets/3/eta in Skim_TriLep_ggHToZZTo4L.root
2025-11-19 16:32:29,933 - INFO - [2023] MISSING_CENTRAL: SR3Mu/Central/bjets/3/eta in Skim_TriLep_Muon0_C_v2.root
2025-11-19 16:32:29,935 - INFO - [2023] MISSING_CENTRAL: SR3Mu/Central/bjets/3/eta in Skim_TriLep_Muon0_C_v3.root
2025-11-19 16:32:29,937 - INFO - [2023] MISSING_CENTRAL: SR3Mu/Central/bjets/3/eta in Skim_TriLep_Muon1_C_v1.root
2025-11-19 16:32:29,939 - INFO - [2023] MISSING_CENTRAL: SR3Mu/Central/bjets/3/eta in Skim_TriLep_Muon1_C_v2.root
2025-11-19 16:32:29,940 - INFO - [2023] MISSING_CENTRAL: SR3Mu/Central/bjets/3/eta in Skim_TriLep_Muon1_C_v3.root
2025-11-19 16:32:29,941 - INFO - [2023] MISSING_CENTRAL: SR3Mu/Central/bjets/3/eta in Skim_TriLep_Muon1_C_v4.root
2025-11-19 16:32:29,947 - INFO - [2023] MISSING_CENTRAL: SR3Mu/Central/bjets/3/eta in Skim_TriLep_DYJets.root
2025-11-19 16:32:29,948 - INFO - [2023] MISSING_CENTRAL: SR3Mu/Central/bjets/3/eta in Skim_TriLep_DYJets10to50.root
2025-11-19 16:32:29,950 - INFO - [2023] MISSING_CENTRAL: SR3Mu/Central/bjets/3/eta in Skim_TriLep_DYGTo2LG_MLL4to50_PTG10to100.root
2025-11-19 16:32:29,951 - INFO - [2023] MISSING_CENTRAL: SR3Mu/Central/bjets/3/eta in Skim_TriLep_DYGTo2LG_MLL4to50_PTG100to200.root
2025-11-19 16:32:29,952 - INFO - [2023] MISSING_CENTRAL: SR3Mu/Central/bjets/3/eta in Skim_TriLep_DYGTo2LG_MLL4to50_PTG200toInf.root
2025-11-19 16:32:29,954 - INFO - [2023] MISSING_CENTRAL: SR3Mu/Central/bjets/3/eta in Skim_TriLep_DYGTo2LG_MLL50_PTG10to100.root
2025-11-19 16:32:29,955 - INFO - [2023] MISSING_CENTRAL: SR3Mu/Central/bjets/3/eta in Skim_TriLep_DYGTo2LG_MLL50_PTG100to200.root
2025-11-19 16:32:29,956 - INFO - [2023] MISSING_CENTRAL: SR3Mu/Central/bjets/3/eta in Skim_TriLep_DYGTo2LG_MLL50_PTG200to400.root
2025-11-19 16:32:29,957 - INFO - [2023] MISSING_CENTRAL: SR3Mu/Central/bjets/3/eta in Skim_TriLep_DYGTo2LG_MLL50_PTG400to600.root
2025-11-19 16:32:29,959 - INFO - [2023] MISSING_CENTRAL: SR3Mu/Central/bjets/3/eta in Skim_TriLep_DYGTo2LG_MLL50_PTG600toInf.root
2025-11-19 16:32:29,960 - INFO - [2023] MISSING_CENTRAL: SR3Mu/Central/bjets/3/eta in Skim_TriLep_TTG_PTG10to100.root
2025-11-19 16:32:29,961 - INFO - [2023] MISSING_CENTRAL: SR3Mu/Central/bjets/3/eta in Skim_TriLep_TTG_PTG100to200.root
2025-11-19 16:32:29,963 - INFO - [2023] MISSING_CENTRAL: SR3Mu/Central/bjets/3/eta in Skim_TriLep_TTG_PTG200toInf.root
2025-11-19 16:32:29,992 - INFO - [2023] MISSING_CENTRAL: SR3Mu/Central/bjets/3/eta in Skim_TriLep_WZTo3LNu_powheg.root
2025-11-19 16:32:29,993 - INFO - [2023] MISSING_CENTRAL: SR3Mu/Central/bjets/3/eta in Skim_TriLep_ZZTo4L_powheg.root
2025-11-19 16:32:30,014 - INFO - [2023] MISSING_CENTRAL: SR3Mu/Central/bjets/3/eta in Skim_TriLep_tHq.root
2025-11-19 16:32:30,018 - INFO - [2023] MISSING_CENTRAL: SR3Mu/Central/bjets/3/eta in Skim_TriLep_WWW.root
2025-11-19 16:32:30,023 - INFO - [2023] MISSING_CENTRAL: SR3Mu/Central/bjets/3/eta in Skim_TriLep_WWZ.root
2025-11-19 16:32:30,023 - INFO - [2023] MISSING_CENTRAL: SR3Mu/Central/bjets/3/eta in Skim_TriLep_WZZ.root
2025-11-19 16:32:30,058 - INFO - [2023] MISSING_CENTRAL: SR3Mu/Central/bjets/3/eta in Skim_TriLep_VBFHToZZTo4L.root
2025-11-19 16:32:30,058 - INFO - [2023] MISSING_CENTRAL: SR3Mu/Central/bjets/3/eta in Skim_TriLep_ggHToZZTo4L.root
2025-11-19 16:32:30,059 - INFO - [2023BPix] MISSING_CENTRAL: SR3Mu/Central/bjets/3/eta in Skim_TriLep_Muon0_D_v1.root
2025-11-19 16:32:30,059 - INFO - [2023BPix] MISSING_CENTRAL: SR3Mu/Central/bjets/3/eta in Skim_TriLep_Muon0_D_v2.root
2025-11-19 16:32:30,063 - INFO - [2023BPix] MISSING_CENTRAL: SR3Mu/Central/bjets/3/eta in Skim_TriLep_Muon1_D_v1.root
2025-11-19 16:32:30,066 - INFO - [2023BPix] MISSING_CENTRAL: SR3Mu/Central/bjets/3/eta in Skim_TriLep_Muon1_D_v2.root
2025-11-19 16:32:30,067 - INFO - [2023BPix] MISSING_CENTRAL: SR3Mu/Central/bjets/3/eta in Skim_TriLep_DYJets.root
2025-11-19 16:32:30,071 - INFO - [2023BPix] MISSING_CENTRAL: SR3Mu/Central/bjets/3/eta in Skim_TriLep_DYJets10to50.root
2025-11-19 16:32:30,072 - INFO - [2023BPix] MISSING_CENTRAL: SR3Mu/Central/bjets/3/eta in Skim_TriLep_DYGTo2LG_MLL4to50_PTG10to100.root
2025-11-19 16:32:30,073 - INFO - [2023BPix] MISSING_CENTRAL: SR3Mu/Central/bjets/3/eta in Skim_TriLep_DYGTo2LG_MLL4to50_PTG100to200.root
2025-11-19 16:32:30,074 - INFO - [2023BPix] MISSING_CENTRAL: SR3Mu/Central/bjets/3/eta in Skim_TriLep_DYGTo2LG_MLL4to50_PTG200toInf.root
2025-11-19 16:32:30,074 - INFO - [2023BPix] MISSING_CENTRAL: SR3Mu/Central/bjets/3/eta in Skim_TriLep_DYGTo2LG_MLL50_PTG10to100.root
2025-11-19 16:32:30,075 - INFO - [2023BPix] MISSING_CENTRAL: SR3Mu/Central/bjets/3/eta in Skim_TriLep_DYGTo2LG_MLL50_PTG100to200.root
2025-11-19 16:32:30,076 - INFO - [2023BPix] MISSING_CENTRAL: SR3Mu/Central/bjets/3/eta in Skim_TriLep_DYGTo2LG_MLL50_PTG200to400.root
2025-11-19 16:32:30,077 - INFO - [2023BPix] MISSING_CENTRAL: SR3Mu/Central/bjets/3/eta in Skim_TriLep_DYGTo2LG_MLL50_PTG400to600.root
2025-11-19 16:32:30,077 - INFO - [2023BPix] MISSING_CENTRAL: SR3Mu/Central/bjets/3/eta in Skim_TriLep_DYGTo2LG_MLL50_PTG600toInf.root
2025-11-19 16:32:30,078 - INFO - [2023BPix] MISSING_CENTRAL: SR3Mu/Central/bjets/3/eta in Skim_TriLep_TTG_PTG10to100.root
2025-11-19 16:32:30,079 - INFO - [2023BPix] MISSING_CENTRAL: SR3Mu/Central/bjets/3/eta in Skim_TriLep_TTG_PTG100to200.root
2025-11-19 16:32:30,079 - INFO - [2023BPix] MISSING_CENTRAL: SR3Mu/Central/bjets/3/eta in Skim_TriLep_TTG_PTG200toInf.root
2025-11-19 16:32:30,080 - INFO - [2023BPix] MISSING_CENTRAL: SR3Mu/Central/bjets/3/eta in Skim_TriLep_TTWToLNu.root
2025-11-19 16:32:30,104 - INFO - [2023BPix] MISSING_CENTRAL: SR3Mu/Central/bjets/3/eta in Skim_TriLep_WZTo3LNu_powheg.root
2025-11-19 16:32:30,115 - INFO - [2023BPix] MISSING_CENTRAL: SR3Mu/Central/bjets/3/eta in Skim_TriLep_tHq.root
2025-11-19 16:32:30,116 - INFO - [2023BPix] MISSING_CENTRAL: SR3Mu/Central/bjets/3/eta in Skim_TriLep_WWW.root
2025-11-19 16:32:30,116 - INFO - [2023BPix] MISSING_CENTRAL: SR3Mu/Central/bjets/3/eta in Skim_TriLep_WWZ.root
2025-11-19 16:32:30,117 - INFO - [2023BPix] MISSING_CENTRAL: SR3Mu/Central/bjets/3/eta in Skim_TriLep_WZZ.root
2025-11-19 16:32:30,118 - INFO - [2023BPix] MISSING_CENTRAL: SR3Mu/Central/bjets/3/eta in Skim_TriLep_ZZZ.root
2025-11-19 16:32:30,123 - INFO - [2023BPix] MISSING_CENTRAL: SR3Mu/Central/bjets/3/eta in Skim_TriLep_VBFHToZZTo4L.root
2025-11-19 16:32:30,124 - INFO - [2023BPix] MISSING_CENTRAL: SR3Mu/Central/bjets/3/eta in Skim_TriLep_ggHToZZTo4L.root
2025-12-17 22:47:20,627 - INFO - [2022] MISSING_CENTRAL: SR3Mu/Central/bjets/3/eta in Skim_TriLep_DoubleMuon_C.root
2025-12-17 22:47:20,715 - INFO - [2022] MISSING_CENTRAL: SR3Mu/Central/bjets/3/eta in Skim_TriLep_Muon_D.root
2025-12-17 22:47:20,746 - INFO - [2022EE] MISSING_CENTRAL: SR3Mu/Central/bjets/3/eta in Skim_TriLep_Muon_G.root
2025-12-17 22:47:20,764 - INFO - [2023] MISSING_CENTRAL: SR3Mu/Central/bjets/3/eta in Skim_TriLep_Muon0_C_v1.root
2025-12-17 22:47:20,776 - INFO - [2023] MISSING_CENTRAL: SR3Mu/Central/bjets/3/eta in Skim_TriLep_Muon0_C_v2.root
2025-12-17 22:47:20,777 - INFO - [2023] MISSING_CENTRAL: SR3Mu/Central/bjets/3/eta in Skim_TriLep_Muon0_C_v3.root
2025-12-17 22:47:20,778 - INFO - [2023] MISSING_CENTRAL: SR3Mu/Central/bjets/3/eta in Skim_TriLep_Muon0_C_v4.root
2025-12-17 22:47:20,779 - INFO - [2023] MISSING_CENTRAL: SR3Mu/Central/bjets/3/eta in Skim_TriLep_Muon1_C_v1.root
2025-12-17 22:47:20,780 - INFO - [2023] MISSING_CENTRAL: SR3Mu/Central/bjets/3/eta in Skim_TriLep_Muon1_C_v2.root
2025-12-17 22:47:20,781 - INFO - [2023] MISSING_CENTRAL: SR3Mu/Central/bjets/3/eta in Skim_TriLep_Muon1_C_v3.root
2025-12-17 22:47:20,782 - INFO - [2023] MISSING_CENTRAL: SR3Mu/Central/bjets/3/eta in Skim_TriLep_Muon1_C_v4.root
2025-12-17 22:47:20,786 - INFO - [2023BPix] MISSING_CENTRAL: SR3Mu/Central/bjets/3/eta in Skim_TriLep_Muon0_D_v2.root
2025-12-17 22:47:20,787 - INFO - [2023BPix] MISSING_CENTRAL: SR3Mu/Central/bjets/3/eta in Skim_TriLep_Muon1_D_v1.root
2025-12-17 22:47:20,792 - INFO - [2023BPix] MISSING_CENTRAL: SR3Mu/Central/bjets/3/eta in Skim_TriLep_Muon1_D_v2.root
2025-12-17 22:47:20,797 - INFO - [2022] MISSING_CENTRAL: SR3Mu/Central/bjets/3/eta in Skim_TriLep_DoubleMuon_C.root
2025-12-17 22:47:20,811 - INFO - [2022] MISSING_CENTRAL: SR3Mu/Central/bjets/3/eta in Skim_TriLep_Muon_D.root
2025-12-17 22:47:20,814 - INFO - [2022] MISSING_CENTRAL: SR3Mu/Central/bjets/3/eta in Skim_TriLep_DYJets.root
2025-12-17 22:47:20,815 - INFO - [2022] MISSING_CENTRAL: SR3Mu/Central/bjets/3/eta in Skim_TriLep_DYJets10to50.root
2025-12-17 22:47:20,839 - INFO - [2022] MISSING_CENTRAL: SR3Mu/Central/bjets/3/eta in Skim_TriLep_TTG_PTG100to200.root
2025-12-17 22:47:20,840 - INFO - [2022] MISSING_CENTRAL: SR3Mu/Central/bjets/3/eta in Skim_TriLep_TTG_PTG200toInf.root
2025-12-17 22:47:20,841 - INFO - [2022] MISSING_CENTRAL: SR3Mu/Central/bjets/3/eta in Skim_TriLep_TTWToLNu.root
2025-12-17 22:47:20,916 - INFO - [2022] MISSING_CENTRAL: SR3Mu/Central/bjets/3/eta in Skim_TriLep_WZTo3LNu_powheg.root
2025-12-17 22:47:20,931 - INFO - [2022] MISSING_CENTRAL: SR3Mu/Central/bjets/3/eta in Skim_TriLep_ZZTo4L_powheg.root
2025-12-17 22:47:20,991 - INFO - [2022] MISSING_CENTRAL: SR3Mu/Central/bjets/3/eta in Skim_TriLep_WWW.root
2025-12-17 22:47:20,992 - INFO - [2022] MISSING_CENTRAL: SR3Mu/Central/bjets/3/eta in Skim_TriLep_WWZ.root
2025-12-17 22:47:20,993 - INFO - [2022] MISSING_CENTRAL: SR3Mu/Central/bjets/3/eta in Skim_TriLep_WZZ.root
2025-12-17 22:47:21,048 - INFO - [2022] MISSING_CENTRAL: SR3Mu/Central/bjets/3/eta in Skim_TriLep_VBFHToZZTo4L.root
2025-12-17 22:47:21,053 - INFO - [2022] MISSING_CENTRAL: SR3Mu/Central/bjets/3/eta in Skim_TriLep_ggHToZZTo4L.root
2025-12-17 22:47:21,054 - INFO - [2022EE] MISSING_CENTRAL: SR3Mu/Central/bjets/3/eta in Skim_TriLep_Muon_E.root
2025-12-17 22:47:21,067 - INFO - [2022EE] MISSING_CENTRAL: SR3Mu/Central/bjets/3/eta in Skim_TriLep_DYJets.root
2025-12-17 22:47:21,068 - INFO - [2022EE] MISSING_CENTRAL: SR3Mu/Central/bjets/3/eta in Skim_TriLep_DYJets10to50.root
2025-12-17 22:47:21,071 - INFO - [2022EE] MISSING_CENTRAL: SR3Mu/Central/bjets/3/eta in Skim_TriLep_TTG_PTG10to100.root
2025-12-17 22:47:21,073 - INFO - [2022EE] MISSING_CENTRAL: SR3Mu/Central/bjets/3/eta in Skim_TriLep_TTG_PTG100to200.root
2025-12-17 22:47:21,075 - INFO - [2022EE] MISSING_CENTRAL: SR3Mu/Central/bjets/3/eta in Skim_TriLep_TTG_PTG200toInf.root
2025-12-17 22:47:21,191 - INFO - [2022EE] MISSING_CENTRAL: SR3Mu/Central/bjets/3/eta in Skim_TriLep_WZTo3LNu_powheg.root
2025-12-17 22:47:21,293 - INFO - [2022EE] MISSING_CENTRAL: SR3Mu/Central/bjets/3/eta in Skim_TriLep_WWW.root
2025-12-17 22:47:21,304 - INFO - [2022EE] MISSING_CENTRAL: SR3Mu/Central/bjets/3/eta in Skim_TriLep_WWZ.root
2025-12-17 22:47:21,421 - INFO - [2022EE] MISSING_CENTRAL: SR3Mu/Central/bjets/3/eta in Skim_TriLep_VBFHToZZTo4L.root
2025-12-17 22:47:21,422 - INFO - [2022EE] MISSING_CENTRAL: SR3Mu/Central/bjets/3/eta in Skim_TriLep_ggHToZZTo4L.root
2025-12-17 22:47:21,424 - INFO - [2023] MISSING_CENTRAL: SR3Mu/Central/bjets/3/eta in Skim_TriLep_Muon0_C_v2.root
2025-12-17 22:47:21,425 - INFO - [2023] MISSING_CENTRAL: SR3Mu/Central/bjets/3/eta in Skim_TriLep_Muon0_C_v3.root
2025-12-17 22:47:21,428 - INFO - [2023] MISSING_CENTRAL: SR3Mu/Central/bjets/3/eta in Skim_TriLep_Muon1_C_v1.root
2025-12-17 22:47:21,429 - INFO - [2023] MISSING_CENTRAL: SR3Mu/Central/bjets/3/eta in Skim_TriLep_Muon1_C_v2.root
2025-12-17 22:47:21,430 - INFO - [2023] MISSING_CENTRAL: SR3Mu/Central/bjets/3/eta in Skim_TriLep_Muon1_C_v3.root
2025-12-17 22:47:21,431 - INFO - [2023] MISSING_CENTRAL: SR3Mu/Central/bjets/3/eta in Skim_TriLep_Muon1_C_v4.root
2025-12-17 22:47:21,432 - INFO - [2023] MISSING_CENTRAL: SR3Mu/Central/bjets/3/eta in Skim_TriLep_DYJets.root
2025-12-17 22:47:21,433 - INFO - [2023] MISSING_CENTRAL: SR3Mu/Central/bjets/3/eta in Skim_TriLep_DYJets10to50.root
2025-12-17 22:47:21,434 - INFO - [2023] MISSING_CENTRAL: SR3Mu/Central/bjets/3/eta in Skim_TriLep_TTG_PTG10to100.root
2025-12-17 22:47:21,435 - INFO - [2023] MISSING_CENTRAL: SR3Mu/Central/bjets/3/eta in Skim_TriLep_TTG_PTG100to200.root
2025-12-17 22:47:21,436 - INFO - [2023] MISSING_CENTRAL: SR3Mu/Central/bjets/3/eta in Skim_TriLep_TTG_PTG200toInf.root
2025-12-17 22:47:21,495 - INFO - [2023] MISSING_CENTRAL: SR3Mu/Central/bjets/3/eta in Skim_TriLep_WZTo3LNu_powheg.root
2025-12-17 22:47:21,498 - INFO - [2023] MISSING_CENTRAL: SR3Mu/Central/bjets/3/eta in Skim_TriLep_ZZTo4L_powheg.root
2025-12-17 22:47:21,514 - INFO - [2023] MISSING_CENTRAL: SR3Mu/Central/bjets/3/eta in Skim_TriLep_tHq.root
2025-12-17 22:47:21,515 - INFO - [2023] MISSING_CENTRAL: SR3Mu/Central/bjets/3/eta in Skim_TriLep_WWW.root
2025-12-17 22:47:21,517 - INFO - [2023] MISSING_CENTRAL: SR3Mu/Central/bjets/3/eta in Skim_TriLep_WWZ.root
2025-12-17 22:47:21,518 - INFO - [2023] MISSING_CENTRAL: SR3Mu/Central/bjets/3/eta in Skim_TriLep_WZZ.root
2025-12-17 22:47:21,555 - INFO - [2023] MISSING_CENTRAL: SR3Mu/Central/bjets/3/eta in Skim_TriLep_VBFHToZZTo4L.root
2025-12-17 22:47:21,557 - INFO - [2023] MISSING_CENTRAL: SR3Mu/Central/bjets/3/eta in Skim_TriLep_ggHToZZTo4L.root
2025-12-17 22:47:21,559 - INFO - [2023BPix] MISSING_CENTRAL: SR3Mu/Central/bjets/3/eta in Skim_TriLep_Muon0_D_v1.root
2025-12-17 22:47:21,560 - INFO - [2023BPix] MISSING_CENTRAL: SR3Mu/Central/bjets/3/eta in Skim_TriLep_Muon0_D_v2.root
2025-12-17 22:47:21,561 - INFO - [2023BPix] MISSING_CENTRAL: SR3Mu/Central/bjets/3/eta in Skim_TriLep_Muon1_D_v1.root
2025-12-17 22:47:21,563 - INFO - [2023BPix] MISSING_CENTRAL: SR3Mu/Central/bjets/3/eta in Skim_TriLep_Muon1_D_v2.root
2025-12-17 22:47:21,564 - INFO - [2023BPix] MISSING_CENTRAL: SR3Mu/Central/bjets/3/eta in Skim_TriLep_DYJets.root
2025-12-17 22:47:21,566 - INFO - [2023BPix] MISSING_CENTRAL: SR3Mu/Central/bjets/3/eta in Skim_TriLep_DYJets10to50.root
2025-12-17 22:47:21,568 - INFO - [2023BPix] MISSING_CENTRAL: SR3Mu/Central/bjets/3/eta in Skim_TriLep_TTG_PTG10to100.root
2025-12-17 22:47:21,569 - INFO - [2023BPix] MISSING_CENTRAL: SR3Mu/Central/bjets/3/eta in Skim_TriLep_TTG_PTG100to200.root
2025-12-17 22:47:21,574 - INFO - [2023BPix] MISSING_CENTRAL: SR3Mu/Central/bjets/3/eta in Skim_TriLep_TTG_PTG200toInf.root
2025-12-17 22:47:21,577 - INFO - [2023BPix] MISSING_CENTRAL: SR3Mu/Central/bjets/3/eta in Skim_TriLep_TTWToLNu.root
2025-12-17 22:47:21,616 - INFO - [2023BPix] MISSING_CENTRAL: SR3Mu/Central/bjets/3/eta in Skim_TriLep_WZTo3LNu_powheg.root
2025-12-17 22:47:21,640 - INFO - [2023BPix] MISSING_CENTRAL: SR3Mu/Central/bjets/3/eta in Skim_TriLep_tHq.root
2025-12-17 22:47:21,642 - INFO - [2023BPix] MISSING_CENTRAL: SR3Mu/Central/bjets/3/eta in Skim_TriLep_WWW.root
2025-12-17 22:47:21,644 - INFO - [2023BPix] MISSING_CENTRAL: SR3Mu/Central/bjets/3/eta in Skim_TriLep_WWZ.root
2025-12-17 22:47:21,645 - INFO - [2023BPix] MISSING_CENTRAL: SR3Mu/Central/bjets/3/eta in Skim_TriLep_WZZ.root
2025-12-17 22:47:21,647 - INFO - [2023BPix] MISSING_CENTRAL: SR3Mu/Central/bjets/3/eta in Skim_TriLep_ZZZ.root
2025-12-17 22:47:21,660 - INFO - [2023BPix] MISSING_CENTRAL: SR3Mu/Central/bjets/3/eta in Skim_TriLep_VBFHToZZTo4L.root
2025-12-17 22:47:21,662 - INFO - [2023BPix] MISSING_CENTRAL: SR3Mu/Central/bjets/3/eta in Skim_TriLep_ggHToZZTo4L.root
2025-12-18 14:49:20,361 - INFO - [2022] MISSING_CENTRAL: SR3Mu/Central/bjets/3/eta in Skim_TriLep_DoubleMuon_C.root
2025-12-18 14:49:20,411 - INFO - [2022] MISSING_CENTRAL: SR3Mu/Central/bjets/3/eta in Skim_TriLep_Muon_D.root
2025-12-18 14:49:20,435 - INFO - [2022EE] MISSING_CENTRAL: SR3Mu/Central/bjets/3/eta in Skim_TriLep_Muon_G.root
2025-12-18 14:49:20,450 - INFO - [2023] MISSING_CENTRAL: SR3Mu/Central/bjets/3/eta in Skim_TriLep_Muon0_C_v1.root
2025-12-18 14:49:20,452 - INFO - [2023] MISSING_CENTRAL: SR3Mu/Central/bjets/3/eta in Skim_TriLep_Muon0_C_v2.root
2025-12-18 14:49:20,454 - INFO - [2023] MISSING_CENTRAL: SR3Mu/Central/bjets/3/eta in Skim_TriLep_Muon0_C_v3.root
2025-12-18 14:49:20,456 - INFO - [2023] MISSING_CENTRAL: SR3Mu/Central/bjets/3/eta in Skim_TriLep_Muon0_C_v4.root
2025-12-18 14:49:20,459 - INFO - [2023] MISSING_CENTRAL: SR3Mu/Central/bjets/3/eta in Skim_TriLep_Muon1_C_v1.root
2025-12-18 14:49:20,461 - INFO - [2023] MISSING_CENTRAL: SR3Mu/Central/bjets/3/eta in Skim_TriLep_Muon1_C_v2.root
2025-12-18 14:49:20,466 - INFO - [2023] MISSING_CENTRAL: SR3Mu/Central/bjets/3/eta in Skim_TriLep_Muon1_C_v3.root
2025-12-18 14:49:20,468 - INFO - [2023] MISSING_CENTRAL: SR3Mu/Central/bjets/3/eta in Skim_TriLep_Muon1_C_v4.root
2025-12-18 14:49:20,484 - INFO - [2023BPix] MISSING_CENTRAL: SR3Mu/Central/bjets/3/eta in Skim_TriLep_Muon0_D_v2.root
2025-12-18 14:49:20,485 - INFO - [2023BPix] MISSING_CENTRAL: SR3Mu/Central/bjets/3/eta in Skim_TriLep_Muon1_D_v1.root
2025-12-18 14:49:20,486 - INFO - [2023BPix] MISSING_CENTRAL: SR3Mu/Central/bjets/3/eta in Skim_TriLep_Muon1_D_v2.root
2025-12-18 14:49:20,492 - INFO - [2022] MISSING_CENTRAL: SR3Mu/Central/bjets/3/eta in Skim_TriLep_DoubleMuon_C.root
2025-12-18 14:49:20,511 - INFO - [2022] MISSING_CENTRAL: SR3Mu/Central/bjets/3/eta in Skim_TriLep_Muon_D.root
2025-12-18 14:49:20,517 - INFO - [2022] MISSING_CENTRAL: SR3Mu/Central/bjets/3/eta in Skim_TriLep_DYJets.root
2025-12-18 14:49:20,519 - INFO - [2022] MISSING_CENTRAL: SR3Mu/Central/bjets/3/eta in Skim_TriLep_DYJets10to50.root
2025-12-18 14:49:20,540 - INFO - [2022] MISSING_CENTRAL: SR3Mu/Central/bjets/3/eta in Skim_TriLep_TTG_PTG100to200.root
2025-12-18 14:49:20,541 - INFO - [2022] MISSING_CENTRAL: SR3Mu/Central/bjets/3/eta in Skim_TriLep_TTG_PTG200toInf.root
2025-12-18 14:49:20,542 - INFO - [2022] MISSING_CENTRAL: SR3Mu/Central/bjets/3/eta in Skim_TriLep_TTWToLNu.root
2025-12-18 14:49:20,605 - INFO - [2022] MISSING_CENTRAL: SR3Mu/Central/bjets/3/eta in Skim_TriLep_WZTo3LNu_powheg.root
2025-12-18 14:49:20,606 - INFO - [2022] MISSING_CENTRAL: SR3Mu/Central/bjets/3/eta in Skim_TriLep_ZZTo4L_powheg.root
2025-12-18 14:49:20,643 - INFO - [2022] MISSING_CENTRAL: SR3Mu/Central/bjets/3/eta in Skim_TriLep_WWW.root
2025-12-18 14:49:20,644 - INFO - [2022] MISSING_CENTRAL: SR3Mu/Central/bjets/3/eta in Skim_TriLep_WWZ.root
2025-12-18 14:49:20,645 - INFO - [2022] MISSING_CENTRAL: SR3Mu/Central/bjets/3/eta in Skim_TriLep_WZZ.root
2025-12-18 14:49:20,695 - INFO - [2022] MISSING_CENTRAL: SR3Mu/Central/bjets/3/eta in Skim_TriLep_VBFHToZZTo4L.root
2025-12-18 14:49:20,712 - INFO - [2022] MISSING_CENTRAL: SR3Mu/Central/bjets/3/eta in Skim_TriLep_ggHToZZTo4L.root
2025-12-18 14:49:20,713 - INFO - [2022EE] MISSING_CENTRAL: SR3Mu/Central/bjets/3/eta in Skim_TriLep_Muon_E.root
2025-12-18 14:49:20,723 - INFO - [2022EE] MISSING_CENTRAL: SR3Mu/Central/bjets/3/eta in Skim_TriLep_DYJets.root
2025-12-18 14:49:20,725 - INFO - [2022EE] MISSING_CENTRAL: SR3Mu/Central/bjets/3/eta in Skim_TriLep_DYJets10to50.root
2025-12-18 14:49:20,727 - INFO - [2022EE] MISSING_CENTRAL: SR3Mu/Central/bjets/3/eta in Skim_TriLep_TTG_PTG10to100.root
2025-12-18 14:49:20,740 - INFO - [2022EE] MISSING_CENTRAL: SR3Mu/Central/bjets/3/eta in Skim_TriLep_TTG_PTG100to200.root
2025-12-18 14:49:20,747 - INFO - [2022EE] MISSING_CENTRAL: SR3Mu/Central/bjets/3/eta in Skim_TriLep_TTG_PTG200toInf.root
2025-12-18 14:49:20,846 - INFO - [2022EE] MISSING_CENTRAL: SR3Mu/Central/bjets/3/eta in Skim_TriLep_WZTo3LNu_powheg.root
2025-12-18 14:49:20,911 - INFO - [2022EE] MISSING_CENTRAL: SR3Mu/Central/bjets/3/eta in Skim_TriLep_WWW.root
2025-12-18 14:49:20,914 - INFO - [2022EE] MISSING_CENTRAL: SR3Mu/Central/bjets/3/eta in Skim_TriLep_WWZ.root
2025-12-18 14:49:21,017 - INFO - [2022EE] MISSING_CENTRAL: SR3Mu/Central/bjets/3/eta in Skim_TriLep_VBFHToZZTo4L.root
2025-12-18 14:49:21,019 - INFO - [2022EE] MISSING_CENTRAL: SR3Mu/Central/bjets/3/eta in Skim_TriLep_ggHToZZTo4L.root
2025-12-18 14:49:21,021 - INFO - [2023] MISSING_CENTRAL: SR3Mu/Central/bjets/3/eta in Skim_TriLep_Muon0_C_v2.root
2025-12-18 14:49:21,022 - INFO - [2023] MISSING_CENTRAL: SR3Mu/Central/bjets/3/eta in Skim_TriLep_Muon0_C_v3.root
2025-12-18 14:49:21,033 - INFO - [2023] MISSING_CENTRAL: SR3Mu/Central/bjets/3/eta in Skim_TriLep_Muon1_C_v1.root
2025-12-18 14:49:21,034 - INFO - [2023] MISSING_CENTRAL: SR3Mu/Central/bjets/3/eta in Skim_TriLep_Muon1_C_v2.root
2025-12-18 14:49:21,035 - INFO - [2023] MISSING_CENTRAL: SR3Mu/Central/bjets/3/eta in Skim_TriLep_Muon1_C_v3.root
2025-12-18 14:49:21,036 - INFO - [2023] MISSING_CENTRAL: SR3Mu/Central/bjets/3/eta in Skim_TriLep_Muon1_C_v4.root
2025-12-18 14:49:21,037 - INFO - [2023] MISSING_CENTRAL: SR3Mu/Central/bjets/3/eta in Skim_TriLep_DYJets.root
2025-12-18 14:49:21,038 - INFO - [2023] MISSING_CENTRAL: SR3Mu/Central/bjets/3/eta in Skim_TriLep_DYJets10to50.root
2025-12-18 14:49:21,041 - INFO - [2023] MISSING_CENTRAL: SR3Mu/Central/bjets/3/eta in Skim_TriLep_TTG_PTG10to100.root
2025-12-18 14:49:21,043 - INFO - [2023] MISSING_CENTRAL: SR3Mu/Central/bjets/3/eta in Skim_TriLep_TTG_PTG100to200.root
2025-12-18 14:49:21,045 - INFO - [2023] MISSING_CENTRAL: SR3Mu/Central/bjets/3/eta in Skim_TriLep_TTG_PTG200toInf.root
2025-12-18 14:49:21,101 - INFO - [2023] MISSING_CENTRAL: SR3Mu/Central/bjets/3/eta in Skim_TriLep_WZTo3LNu_powheg.root
2025-12-18 14:49:21,103 - INFO - [2023] MISSING_CENTRAL: SR3Mu/Central/bjets/3/eta in Skim_TriLep_ZZTo4L_powheg.root
2025-12-18 14:49:21,115 - INFO - [2023] MISSING_CENTRAL: SR3Mu/Central/bjets/3/eta in Skim_TriLep_tHq.root
2025-12-18 14:49:21,116 - INFO - [2023] MISSING_CENTRAL: SR3Mu/Central/bjets/3/eta in Skim_TriLep_WWW.root
2025-12-18 14:49:21,118 - INFO - [2023] MISSING_CENTRAL: SR3Mu/Central/bjets/3/eta in Skim_TriLep_WWZ.root
2025-12-18 14:49:21,120 - INFO - [2023] MISSING_CENTRAL: SR3Mu/Central/bjets/3/eta in Skim_TriLep_WZZ.root
2025-12-18 14:49:21,143 - INFO - [2023] MISSING_CENTRAL: SR3Mu/Central/bjets/3/eta in Skim_TriLep_VBFHToZZTo4L.root
2025-12-18 14:49:21,145 - INFO - [2023] MISSING_CENTRAL: SR3Mu/Central/bjets/3/eta in Skim_TriLep_ggHToZZTo4L.root
2025-12-18 14:49:21,146 - INFO - [2023BPix] MISSING_CENTRAL: SR3Mu/Central/bjets/3/eta in Skim_TriLep_Muon0_D_v1.root
2025-12-18 14:49:21,148 - INFO - [2023BPix] MISSING_CENTRAL: SR3Mu/Central/bjets/3/eta in Skim_TriLep_Muon0_D_v2.root
2025-12-18 14:49:21,149 - INFO - [2023BPix] MISSING_CENTRAL: SR3Mu/Central/bjets/3/eta in Skim_TriLep_Muon1_D_v1.root
2025-12-18 14:49:21,151 - INFO - [2023BPix] MISSING_CENTRAL: SR3Mu/Central/bjets/3/eta in Skim_TriLep_Muon1_D_v2.root
2025-12-18 14:49:21,152 - INFO - [2023BPix] MISSING_CENTRAL: SR3Mu/Central/bjets/3/eta in Skim_TriLep_DYJets.root
2025-12-18 14:49:21,153 - INFO - [2023BPix] MISSING_CENTRAL: SR3Mu/Central/bjets/3/eta in Skim_TriLep_DYJets10to50.root
2025-12-18 14:49:21,155 - INFO - [2023BPix] MISSING_CENTRAL: SR3Mu/Central/bjets/3/eta in Skim_TriLep_TTG_PTG10to100.root
2025-12-18 14:49:21,156 - INFO - [2023BPix] MISSING_CENTRAL: SR3Mu/Central/bjets/3/eta in Skim_TriLep_TTG_PTG100to200.root
2025-12-18 14:49:21,161 - INFO - [2023BPix] MISSING_CENTRAL: SR3Mu/Central/bjets/3/eta in Skim_TriLep_TTG_PTG200toInf.root
2025-12-18 14:49:21,162 - INFO - [2023BPix] MISSING_CENTRAL: SR3Mu/Central/bjets/3/eta in Skim_TriLep_TTWToLNu.root
2025-12-18 14:49:21,221 - INFO - [2023BPix] MISSING_CENTRAL: SR3Mu/Central/bjets/3/eta in Skim_TriLep_WZTo3LNu_powheg.root
2025-12-18 14:49:21,271 - INFO - [2023BPix] MISSING_CENTRAL: SR3Mu/Central/bjets/3/eta in Skim_TriLep_tHq.root
2025-12-18 14:49:21,272 - INFO - [2023BPix] MISSING_CENTRAL: SR3Mu/Central/bjets/3/eta in Skim_TriLep_WWW.root
2025-12-18 14:49:21,274 - INFO - [2023BPix] MISSING_CENTRAL: SR3Mu/Central/bjets/3/eta in Skim_TriLep_WWZ.root
2025-12-18 14:49:21,275 - INFO - [2023BPix] MISSING_CENTRAL: SR3Mu/Central/bjets/3/eta in Skim_TriLep_WZZ.root
2025-12-18 14:49:21,277 - INFO - [2023BPix] MISSING_CENTRAL: SR3Mu/Central/bjets/3/eta in Skim_TriLep_ZZZ.root
2025-12-18 14:49:21,289 - INFO - [2023BPix] MISSING_CENTRAL: SR3Mu/Central/bjets/3/eta in Skim_TriLep_VBFHToZZTo4L.root
2025-12-18 14:49:21,291 - INFO - [2023BPix] MISSING_CENTRAL: SR3Mu/Central/bjets/3/eta in Skim_TriLep_ggHToZZTo4L.root
2026-01-07 11:57:33,924 - INFO - [2022] MISSING_CENTRAL: SR3Mu/Central/bjets/3/eta in Skim_TriLep_DoubleMuon_C.root
2026-01-07 11:57:33,971 - INFO - [2022] MISSING_CENTRAL: SR3Mu/Central/bjets/3/eta in Skim_TriLep_Muon_D.root
2026-01-07 11:57:33,997 - INFO - [2022EE] MISSING_CENTRAL: SR3Mu/Central/bjets/3/eta in Skim_TriLep_Muon_G.root
2026-01-07 11:57:34,011 - INFO - [2023] MISSING_CENTRAL: SR3Mu/Central/bjets/3/eta in Skim_TriLep_Muon0_C_v1.root
2026-01-07 11:57:34,012 - INFO - [2023] MISSING_CENTRAL: SR3Mu/Central/bjets/3/eta in Skim_TriLep_Muon0_C_v2.root
2026-01-07 11:57:34,014 - INFO - [2023] MISSING_CENTRAL: SR3Mu/Central/bjets/3/eta in Skim_TriLep_Muon0_C_v3.root
2026-01-07 11:57:34,015 - INFO - [2023] MISSING_CENTRAL: SR3Mu/Central/bjets/3/eta in Skim_TriLep_Muon0_C_v4.root
2026-01-07 11:57:34,016 - INFO - [2023] MISSING_CENTRAL: SR3Mu/Central/bjets/3/eta in Skim_TriLep_Muon1_C_v1.root
2026-01-07 11:57:34,017 - INFO - [2023] MISSING_CENTRAL: SR3Mu/Central/bjets/3/eta in Skim_TriLep_Muon1_C_v2.root
2026-01-07 11:57:34,019 - INFO - [2023] MISSING_CENTRAL: SR3Mu/Central/bjets/3/eta in Skim_TriLep_Muon1_C_v3.root
2026-01-07 11:57:34,021 - INFO - [2023] MISSING_CENTRAL: SR3Mu/Central/bjets/3/eta in Skim_TriLep_Muon1_C_v4.root
2026-01-07 11:57:34,026 - INFO - [2023BPix] MISSING_CENTRAL: SR3Mu/Central/bjets/3/eta in Skim_TriLep_Muon0_D_v2.root
2026-01-07 11:57:34,028 - INFO - [2023BPix] MISSING_CENTRAL: SR3Mu/Central/bjets/3/eta in Skim_TriLep_Muon1_D_v1.root
2026-01-07 11:57:34,030 - INFO - [2023BPix] MISSING_CENTRAL: SR3Mu/Central/bjets/3/eta in Skim_TriLep_Muon1_D_v2.root
2026-01-07 11:57:34,036 - INFO - [2022] MISSING_CENTRAL: SR3Mu/Central/bjets/3/eta in Skim_TriLep_DoubleMuon_C.root
2026-01-07 11:57:34,052 - INFO - [2022] MISSING_CENTRAL: SR3Mu/Central/bjets/3/eta in Skim_TriLep_Muon_D.root
2026-01-07 11:57:34,053 - INFO - [2022] MISSING_CENTRAL: SR3Mu/Central/bjets/3/eta in Skim_TriLep_DYJets.root
2026-01-07 11:57:34,054 - INFO - [2022] MISSING_CENTRAL: SR3Mu/Central/bjets/3/eta in Skim_TriLep_DYJets10to50.root
2026-01-07 11:57:34,081 - INFO - [2022] MISSING_CENTRAL: SR3Mu/Central/bjets/3/eta in Skim_TriLep_TTG_PTG100to200.root
2026-01-07 11:57:34,083 - INFO - [2022] MISSING_CENTRAL: SR3Mu/Central/bjets/3/eta in Skim_TriLep_TTG_PTG200toInf.root
2026-01-07 11:57:34,084 - INFO - [2022] MISSING_CENTRAL: SR3Mu/Central/bjets/3/eta in Skim_TriLep_TTWToLNu.root
2026-01-07 11:57:34,120 - INFO - [2022] MISSING_CENTRAL: SR3Mu/Central/bjets/3/eta in Skim_TriLep_WZTo3LNu_powheg.root
2026-01-07 11:57:34,121 - INFO - [2022] MISSING_CENTRAL: SR3Mu/Central/bjets/3/eta in Skim_TriLep_ZZTo4L_powheg.root
2026-01-07 11:57:34,143 - INFO - [2022] MISSING_CENTRAL: SR3Mu/Central/bjets/3/eta in Skim_TriLep_WWW.root
2026-01-07 11:57:34,150 - INFO - [2022] MISSING_CENTRAL: SR3Mu/Central/bjets/3/eta in Skim_TriLep_WWZ.root
2026-01-07 11:57:34,153 - INFO - [2022] MISSING_CENTRAL: SR3Mu/Central/bjets/3/eta in Skim_TriLep_WZZ.root
2026-01-07 11:57:34,180 - INFO - [2022] MISSING_CENTRAL: SR3Mu/Central/bjets/3/eta in Skim_TriLep_VBFHToZZTo4L.root
2026-01-07 11:57:34,182 - INFO - [2022] MISSING_CENTRAL: SR3Mu/Central/bjets/3/eta in Skim_TriLep_ggHToZZTo4L.root
2026-01-07 11:57:34,183 - INFO - [2022EE] MISSING_CENTRAL: SR3Mu/Central/bjets/3/eta in Skim_TriLep_Muon_E.root
2026-01-07 11:57:34,186 - INFO - [2022EE] MISSING_CENTRAL: SR3Mu/Central/bjets/3/eta in Skim_TriLep_DYJets.root
2026-01-07 11:57:34,188 - INFO - [2022EE] MISSING_CENTRAL: SR3Mu/Central/bjets/3/eta in Skim_TriLep_DYJets10to50.root
2026-01-07 11:57:34,189 - INFO - [2022EE] MISSING_CENTRAL: SR3Mu/Central/bjets/3/eta in Skim_TriLep_TTG_PTG10to100.root
2026-01-07 11:57:34,190 - INFO - [2022EE] MISSING_CENTRAL: SR3Mu/Central/bjets/3/eta in Skim_TriLep_TTG_PTG100to200.root
2026-01-07 11:57:34,195 - INFO - [2022EE] MISSING_CENTRAL: SR3Mu/Central/bjets/3/eta in Skim_TriLep_TTG_PTG200toInf.root
2026-01-07 11:57:34,303 - INFO - [2022EE] MISSING_CENTRAL: SR3Mu/Central/bjets/3/eta in Skim_TriLep_WZTo3LNu_powheg.root
2026-01-07 11:57:34,397 - INFO - [2022EE] MISSING_CENTRAL: SR3Mu/Central/bjets/3/eta in Skim_TriLep_WWW.root
2026-01-07 11:57:34,404 - INFO - [2022EE] MISSING_CENTRAL: SR3Mu/Central/bjets/3/eta in Skim_TriLep_WWZ.root
2026-01-07 11:57:34,490 - INFO - [2022EE] MISSING_CENTRAL: SR3Mu/Central/bjets/3/eta in Skim_TriLep_VBFHToZZTo4L.root
2026-01-07 11:57:34,492 - INFO - [2022EE] MISSING_CENTRAL: SR3Mu/Central/bjets/3/eta in Skim_TriLep_ggHToZZTo4L.root
2026-01-07 11:57:34,494 - INFO - [2023] MISSING_CENTRAL: SR3Mu/Central/bjets/3/eta in Skim_TriLep_Muon0_C_v2.root
2026-01-07 11:57:34,497 - INFO - [2023] MISSING_CENTRAL: SR3Mu/Central/bjets/3/eta in Skim_TriLep_Muon0_C_v3.root
2026-01-07 11:57:34,501 - INFO - [2023] MISSING_CENTRAL: SR3Mu/Central/bjets/3/eta in Skim_TriLep_Muon1_C_v1.root
2026-01-07 11:57:34,504 - INFO - [2023] MISSING_CENTRAL: SR3Mu/Central/bjets/3/eta in Skim_TriLep_Muon1_C_v2.root
2026-01-07 11:57:34,510 - INFO - [2023] MISSING_CENTRAL: SR3Mu/Central/bjets/3/eta in Skim_TriLep_Muon1_C_v3.root
2026-01-07 11:57:34,511 - INFO - [2023] MISSING_CENTRAL: SR3Mu/Central/bjets/3/eta in Skim_TriLep_Muon1_C_v4.root
2026-01-07 11:57:34,513 - INFO - [2023] MISSING_CENTRAL: SR3Mu/Central/bjets/3/eta in Skim_TriLep_DYJets.root
2026-01-07 11:57:34,513 - INFO - [2023] MISSING_CENTRAL: SR3Mu/Central/bjets/3/eta in Skim_TriLep_DYJets10to50.root
2026-01-07 11:57:34,515 - INFO - [2023] MISSING_CENTRAL: SR3Mu/Central/bjets/3/eta in Skim_TriLep_TTG_PTG10to100.root
2026-01-07 11:57:34,517 - INFO - [2023] MISSING_CENTRAL: SR3Mu/Central/bjets/3/eta in Skim_TriLep_TTG_PTG100to200.root
2026-01-07 11:57:34,521 - INFO - [2023] MISSING_CENTRAL: SR3Mu/Central/bjets/3/eta in Skim_TriLep_TTG_PTG200toInf.root
2026-01-07 11:57:34,618 - INFO - [2023] MISSING_CENTRAL: SR3Mu/Central/bjets/3/eta in Skim_TriLep_WZTo3LNu_powheg.root
2026-01-07 11:57:34,626 - INFO - [2023] MISSING_CENTRAL: SR3Mu/Central/bjets/3/eta in Skim_TriLep_ZZTo4L_powheg.root
2026-01-07 11:57:34,661 - INFO - [2023] MISSING_CENTRAL: SR3Mu/Central/bjets/3/eta in Skim_TriLep_tHq.root
2026-01-07 11:57:34,669 - INFO - [2023] MISSING_CENTRAL: SR3Mu/Central/bjets/3/eta in Skim_TriLep_WWW.root
2026-01-07 11:57:34,671 - INFO - [2023] MISSING_CENTRAL: SR3Mu/Central/bjets/3/eta in Skim_TriLep_WWZ.root
2026-01-07 11:57:34,672 - INFO - [2023] MISSING_CENTRAL: SR3Mu/Central/bjets/3/eta in Skim_TriLep_WZZ.root
2026-01-07 11:57:34,721 - INFO - [2023] MISSING_CENTRAL: SR3Mu/Central/bjets/3/eta in Skim_TriLep_VBFHToZZTo4L.root
2026-01-07 11:57:34,722 - INFO - [2023] MISSING_CENTRAL: SR3Mu/Central/bjets/3/eta in Skim_TriLep_ggHToZZTo4L.root
2026-01-07 11:57:34,724 - INFO - [2023BPix] MISSING_CENTRAL: SR3Mu/Central/bjets/3/eta in Skim_TriLep_Muon0_D_v1.root
2026-01-07 11:57:34,725 - INFO - [2023BPix] MISSING_CENTRAL: SR3Mu/Central/bjets/3/eta in Skim_TriLep_Muon0_D_v2.root
2026-01-07 11:57:34,726 - INFO - [2023BPix] MISSING_CENTRAL: SR3Mu/Central/bjets/3/eta in Skim_TriLep_Muon1_D_v1.root
2026-01-07 11:57:34,728 - INFO - [2023BPix] MISSING_CENTRAL: SR3Mu/Central/bjets/3/eta in Skim_TriLep_Muon1_D_v2.root
2026-01-07 11:57:34,729 - INFO - [2023BPix] MISSING_CENTRAL: SR3Mu/Central/bjets/3/eta in Skim_TriLep_DYJets.root
2026-01-07 11:57:34,730 - INFO - [2023BPix] MISSING_CENTRAL: SR3Mu/Central/bjets/3/eta in Skim_TriLep_DYJets10to50.root
2026-01-07 11:57:34,731 - INFO - [2023BPix] MISSING_CENTRAL: SR3Mu/Central/bjets/3/eta in Skim_TriLep_TTG_PTG10to100.root
2026-01-07 11:57:34,733 - INFO - [2023BPix] MISSING_CENTRAL: SR3Mu/Central/bjets/3/eta in Skim_TriLep_TTG_PTG100to200.root
2026-01-07 11:57:34,737 - INFO - [2023BPix] MISSING_CENTRAL: SR3Mu/Central/bjets/3/eta in Skim_TriLep_TTG_PTG200toInf.root
2026-01-07 11:57:34,739 - INFO - [2023BPix] MISSING_CENTRAL: SR3Mu/Central/bjets/3/eta in Skim_TriLep_TTWToLNu.root
2026-01-07 11:57:34,823 - INFO - [2023BPix] MISSING_CENTRAL: SR3Mu/Central/bjets/3/eta in Skim_TriLep_WZTo3LNu_powheg.root
2026-01-07 11:57:34,871 - INFO - [2023BPix] MISSING_CENTRAL: SR3Mu/Central/bjets/3/eta in Skim_TriLep_tHq.root
2026-01-07 11:57:34,872 - INFO - [2023BPix] MISSING_CENTRAL: SR3Mu/Central/bjets/3/eta in Skim_TriLep_WWW.root
2026-01-07 11:57:34,873 - INFO - [2023BPix] MISSING_CENTRAL: SR3Mu/Central/bjets/3/eta in Skim_TriLep_WWZ.root
2026-01-07 11:57:34,878 - INFO - [2023BPix] MISSING_CENTRAL: SR3Mu/Central/bjets/3/eta in Skim_TriLep_WZZ.root
2026-01-07 11:57:34,879 - INFO - [2023BPix] MISSING_CENTRAL: SR3Mu/Central/bjets/3/eta in Skim_TriLep_ZZZ.root
2026-01-07 11:57:34,891 - INFO - [2023BPix] MISSING_CENTRAL: SR3Mu/Central/bjets/3/eta in Skim_TriLep_VBFHToZZTo4L.root
2026-01-07 11:57:34,893 - INFO - [2023BPix] MISSING_CENTRAL: SR3Mu/Central/bjets/3/eta in Skim_TriLep_ggHToZZTo4L.root
2026-01-07 18:54:12,350 - INFO - [2022] MISSING_CENTRAL: SR3Mu/Central/bjets/3/eta in Skim_TriLep_DoubleMuon_C.root
2026-01-07 18:54:12,410 - INFO - [2022] MISSING_CENTRAL: SR3Mu/Central/bjets/3/eta in Skim_TriLep_Muon_D.root
2026-01-07 18:54:12,434 - INFO - [2022EE] MISSING_CENTRAL: SR3Mu/Central/bjets/3/eta in Skim_TriLep_Muon_G.root
2026-01-07 18:54:12,448 - INFO - [2023] MISSING_CENTRAL: SR3Mu/Central/bjets/3/eta in Skim_TriLep_Muon0_C_v1.root
2026-01-07 18:54:12,449 - INFO - [2023] MISSING_CENTRAL: SR3Mu/Central/bjets/3/eta in Skim_TriLep_Muon0_C_v2.root
2026-01-07 18:54:12,449 - INFO - [2023] MISSING_CENTRAL: SR3Mu/Central/bjets/3/eta in Skim_TriLep_Muon0_C_v3.root
2026-01-07 18:54:12,450 - INFO - [2023] MISSING_CENTRAL: SR3Mu/Central/bjets/3/eta in Skim_TriLep_Muon0_C_v4.root
2026-01-07 18:54:12,451 - INFO - [2023] MISSING_CENTRAL: SR3Mu/Central/bjets/3/eta in Skim_TriLep_Muon1_C_v1.root
2026-01-07 18:54:12,452 - INFO - [2023] MISSING_CENTRAL: SR3Mu/Central/bjets/3/eta in Skim_TriLep_Muon1_C_v2.root
2026-01-07 18:54:12,453 - INFO - [2023] MISSING_CENTRAL: SR3Mu/Central/bjets/3/eta in Skim_TriLep_Muon1_C_v3.root
2026-01-07 18:54:12,454 - INFO - [2023] MISSING_CENTRAL: SR3Mu/Central/bjets/3/eta in Skim_TriLep_Muon1_C_v4.root
2026-01-07 18:54:12,456 - INFO - [2023BPix] MISSING_CENTRAL: SR3Mu/Central/bjets/3/eta in Skim_TriLep_Muon0_D_v2.root
2026-01-07 18:54:12,457 - INFO - [2023BPix] MISSING_CENTRAL: SR3Mu/Central/bjets/3/eta in Skim_TriLep_Muon1_D_v1.root
2026-01-07 18:54:12,458 - INFO - [2023BPix] MISSING_CENTRAL: SR3Mu/Central/bjets/3/eta in Skim_TriLep_Muon1_D_v2.root
2026-01-07 18:54:12,472 - INFO - [2022] MISSING_CENTRAL: SR3Mu/Central/bjets/3/eta in Skim_TriLep_DoubleMuon_C.root
2026-01-07 18:54:12,516 - INFO - [2022] MISSING_CENTRAL: SR3Mu/Central/bjets/3/eta in Skim_TriLep_Muon_D.root
2026-01-07 18:54:12,522 - INFO - [2022] MISSING_CENTRAL: SR3Mu/Central/bjets/3/eta in Skim_TriLep_DYJets.root
2026-01-07 18:54:12,523 - INFO - [2022] MISSING_CENTRAL: SR3Mu/Central/bjets/3/eta in Skim_TriLep_DYJets10to50.root
2026-01-07 18:54:12,575 - INFO - [2022] MISSING_CENTRAL: SR3Mu/Central/bjets/3/eta in Skim_TriLep_TTG_PTG100to200.root
2026-01-07 18:54:12,604 - INFO - [2022] MISSING_CENTRAL: SR3Mu/Central/bjets/3/eta in Skim_TriLep_TTG_PTG200toInf.root
2026-01-07 18:54:12,605 - INFO - [2022] MISSING_CENTRAL: SR3Mu/Central/bjets/3/eta in Skim_TriLep_TTWToLNu.root
2026-01-07 18:54:12,649 - INFO - [2022] MISSING_CENTRAL: SR3Mu/Central/bjets/3/eta in Skim_TriLep_WZTo3LNu_powheg.root
2026-01-07 18:54:12,656 - INFO - [2022] MISSING_CENTRAL: SR3Mu/Central/bjets/3/eta in Skim_TriLep_ZZTo4L_powheg.root
2026-01-07 18:54:12,705 - INFO - [2022] MISSING_CENTRAL: SR3Mu/Central/bjets/3/eta in Skim_TriLep_WWW.root
2026-01-07 18:54:12,715 - INFO - [2022] MISSING_CENTRAL: SR3Mu/Central/bjets/3/eta in Skim_TriLep_WWZ.root
2026-01-07 18:54:12,716 - INFO - [2022] MISSING_CENTRAL: SR3Mu/Central/bjets/3/eta in Skim_TriLep_WZZ.root
2026-01-07 18:54:12,765 - INFO - [2022] MISSING_CENTRAL: SR3Mu/Central/bjets/3/eta in Skim_TriLep_VBFHToZZTo4L.root
2026-01-07 18:54:12,767 - INFO - [2022] MISSING_CENTRAL: SR3Mu/Central/bjets/3/eta in Skim_TriLep_ggHToZZTo4L.root
2026-01-07 18:54:12,768 - INFO - [2022EE] MISSING_CENTRAL: SR3Mu/Central/bjets/3/eta in Skim_TriLep_Muon_E.root
2026-01-07 18:54:12,772 - INFO - [2022EE] MISSING_CENTRAL: SR3Mu/Central/bjets/3/eta in Skim_TriLep_DYJets.root
2026-01-07 18:54:12,773 - INFO - [2022EE] MISSING_CENTRAL: SR3Mu/Central/bjets/3/eta in Skim_TriLep_DYJets10to50.root
2026-01-07 18:54:12,775 - INFO - [2022EE] MISSING_CENTRAL: SR3Mu/Central/bjets/3/eta in Skim_TriLep_TTG_PTG10to100.root
2026-01-07 18:54:12,777 - INFO - [2022EE] MISSING_CENTRAL: SR3Mu/Central/bjets/3/eta in Skim_TriLep_TTG_PTG100to200.root
2026-01-07 18:54:12,778 - INFO - [2022EE] MISSING_CENTRAL: SR3Mu/Central/bjets/3/eta in Skim_TriLep_TTG_PTG200toInf.root
2026-01-07 18:54:12,877 - INFO - [2022EE] MISSING_CENTRAL: SR3Mu/Central/bjets/3/eta in Skim_TriLep_WZTo3LNu_powheg.root
2026-01-07 18:54:12,925 - INFO - [2022EE] MISSING_CENTRAL: SR3Mu/Central/bjets/3/eta in Skim_TriLep_WWW.root
2026-01-07 18:54:12,927 - INFO - [2022EE] MISSING_CENTRAL: SR3Mu/Central/bjets/3/eta in Skim_TriLep_WWZ.root
2026-01-07 18:54:12,973 - INFO - [2022EE] MISSING_CENTRAL: SR3Mu/Central/bjets/3/eta in Skim_TriLep_VBFHToZZTo4L.root
2026-01-07 18:54:12,974 - INFO - [2022EE] MISSING_CENTRAL: SR3Mu/Central/bjets/3/eta in Skim_TriLep_ggHToZZTo4L.root
2026-01-07 18:54:12,976 - INFO - [2023] MISSING_CENTRAL: SR3Mu/Central/bjets/3/eta in Skim_TriLep_Muon0_C_v2.root
2026-01-07 18:54:12,977 - INFO - [2023] MISSING_CENTRAL: SR3Mu/Central/bjets/3/eta in Skim_TriLep_Muon0_C_v3.root
2026-01-07 18:54:12,979 - INFO - [2023] MISSING_CENTRAL: SR3Mu/Central/bjets/3/eta in Skim_TriLep_Muon1_C_v1.root
2026-01-07 18:54:12,980 - INFO - [2023] MISSING_CENTRAL: SR3Mu/Central/bjets/3/eta in Skim_TriLep_Muon1_C_v2.root
2026-01-07 18:54:12,981 - INFO - [2023] MISSING_CENTRAL: SR3Mu/Central/bjets/3/eta in Skim_TriLep_Muon1_C_v3.root
2026-01-07 18:54:12,991 - INFO - [2023] MISSING_CENTRAL: SR3Mu/Central/bjets/3/eta in Skim_TriLep_Muon1_C_v4.root
2026-01-07 18:54:12,992 - INFO - [2023] MISSING_CENTRAL: SR3Mu/Central/bjets/3/eta in Skim_TriLep_DYJets.root
2026-01-07 18:54:12,993 - INFO - [2023] MISSING_CENTRAL: SR3Mu/Central/bjets/3/eta in Skim_TriLep_DYJets10to50.root
2026-01-07 18:54:12,994 - INFO - [2023] MISSING_CENTRAL: SR3Mu/Central/bjets/3/eta in Skim_TriLep_TTG_PTG10to100.root
2026-01-07 18:54:12,995 - INFO - [2023] MISSING_CENTRAL: SR3Mu/Central/bjets/3/eta in Skim_TriLep_TTG_PTG100to200.root
2026-01-07 18:54:12,996 - INFO - [2023] MISSING_CENTRAL: SR3Mu/Central/bjets/3/eta in Skim_TriLep_TTG_PTG200toInf.root
2026-01-07 18:54:13,094 - INFO - [2023] MISSING_CENTRAL: SR3Mu/Central/bjets/3/eta in Skim_TriLep_WZTo3LNu_powheg.root
2026-01-07 18:54:13,095 - INFO - [2023] MISSING_CENTRAL: SR3Mu/Central/bjets/3/eta in Skim_TriLep_ZZTo4L_powheg.root
2026-01-07 18:54:13,132 - INFO - [2023] MISSING_CENTRAL: SR3Mu/Central/bjets/3/eta in Skim_TriLep_tHq.root
2026-01-07 18:54:13,139 - INFO - [2023] MISSING_CENTRAL: SR3Mu/Central/bjets/3/eta in Skim_TriLep_WWW.root
2026-01-07 18:54:13,151 - INFO - [2023] MISSING_CENTRAL: SR3Mu/Central/bjets/3/eta in Skim_TriLep_WWZ.root
2026-01-07 18:54:13,158 - INFO - [2023] MISSING_CENTRAL: SR3Mu/Central/bjets/3/eta in Skim_TriLep_WZZ.root
2026-01-07 18:54:13,230 - INFO - [2023] MISSING_CENTRAL: SR3Mu/Central/bjets/3/eta in Skim_TriLep_VBFHToZZTo4L.root
2026-01-07 18:54:13,233 - INFO - [2023] MISSING_CENTRAL: SR3Mu/Central/bjets/3/eta in Skim_TriLep_ggHToZZTo4L.root
2026-01-07 18:54:13,235 - INFO - [2023BPix] MISSING_CENTRAL: SR3Mu/Central/bjets/3/eta in Skim_TriLep_Muon0_D_v1.root
2026-01-07 18:54:13,243 - INFO - [2023BPix] MISSING_CENTRAL: SR3Mu/Central/bjets/3/eta in Skim_TriLep_Muon0_D_v2.root
2026-01-07 18:54:13,248 - INFO - [2023BPix] MISSING_CENTRAL: SR3Mu/Central/bjets/3/eta in Skim_TriLep_Muon1_D_v1.root
2026-01-07 18:54:13,250 - INFO - [2023BPix] MISSING_CENTRAL: SR3Mu/Central/bjets/3/eta in Skim_TriLep_Muon1_D_v2.root
2026-01-07 18:54:13,252 - INFO - [2023BPix] MISSING_CENTRAL: SR3Mu/Central/bjets/3/eta in Skim_TriLep_DYJets.root
2026-01-07 18:54:13,264 - INFO - [2023BPix] MISSING_CENTRAL: SR3Mu/Central/bjets/3/eta in Skim_TriLep_DYJets10to50.root
2026-01-07 18:54:13,265 - INFO - [2023BPix] MISSING_CENTRAL: SR3Mu/Central/bjets/3/eta in Skim_TriLep_TTG_PTG10to100.root
2026-01-07 18:54:13,279 - INFO - [2023BPix] MISSING_CENTRAL: SR3Mu/Central/bjets/3/eta in Skim_TriLep_TTG_PTG100to200.root
2026-01-07 18:54:13,285 - INFO - [2023BPix] MISSING_CENTRAL: SR3Mu/Central/bjets/3/eta in Skim_TriLep_TTG_PTG200toInf.root
2026-01-07 18:54:13,286 - INFO - [2023BPix] MISSING_CENTRAL: SR3Mu/Central/bjets/3/eta in Skim_TriLep_TTWToLNu.root
2026-01-07 18:54:13,337 - INFO - [2023BPix] MISSING_CENTRAL: SR3Mu/Central/bjets/3/eta in Skim_TriLep_WZTo3LNu_powheg.root
2026-01-07 18:54:13,377 - INFO - [2023BPix] MISSING_CENTRAL: SR3Mu/Central/bjets/3/eta in Skim_TriLep_tHq.root
2026-01-07 18:54:13,380 - INFO - [2023BPix] MISSING_CENTRAL: SR3Mu/Central/bjets/3/eta in Skim_TriLep_WWW.root
2026-01-07 18:54:13,382 - INFO - [2023BPix] MISSING_CENTRAL: SR3Mu/Central/bjets/3/eta in Skim_TriLep_WWZ.root
2026-01-07 18:54:13,385 - INFO - [2023BPix] MISSING_CENTRAL: SR3Mu/Central/bjets/3/eta in Skim_TriLep_WZZ.root
2026-01-07 18:54:13,387 - INFO - [2023BPix] MISSING_CENTRAL: SR3Mu/Central/bjets/3/eta in Skim_TriLep_ZZZ.root
2026-01-07 18:54:13,405 - INFO - [2023BPix] MISSING_CENTRAL: SR3Mu/Central/bjets/3/eta in Skim_TriLep_VBFHToZZTo4L.root
2026-01-07 18:54:13,410 - INFO - [2023BPix] MISSING_CENTRAL: SR3Mu/Central/bjets/3/eta in Skim_TriLep_ggHToZZTo4L.root
2026-01-07 19:32:04,132 - INFO - [2022] MISSING_CENTRAL: SR3Mu/Central/bjets/3/eta in Skim_TriLep_DoubleMuon_C.root
2026-01-07 19:32:04,186 - INFO - [2022] MISSING_CENTRAL: SR3Mu/Central/bjets/3/eta in Skim_TriLep_Muon_D.root
2026-01-07 19:32:04,213 - INFO - [2022EE] MISSING_CENTRAL: SR3Mu/Central/bjets/3/eta in Skim_TriLep_Muon_G.root
2026-01-07 19:32:04,227 - INFO - [2023] MISSING_CENTRAL: SR3Mu/Central/bjets/3/eta in Skim_TriLep_Muon0_C_v1.root
2026-01-07 19:32:04,228 - INFO - [2023] MISSING_CENTRAL: SR3Mu/Central/bjets/3/eta in Skim_TriLep_Muon0_C_v2.root
2026-01-07 19:32:04,229 - INFO - [2023] MISSING_CENTRAL: SR3Mu/Central/bjets/3/eta in Skim_TriLep_Muon0_C_v3.root
2026-01-07 19:32:04,233 - INFO - [2023] MISSING_CENTRAL: SR3Mu/Central/bjets/3/eta in Skim_TriLep_Muon0_C_v4.root
2026-01-07 19:32:04,236 - INFO - [2023] MISSING_CENTRAL: SR3Mu/Central/bjets/3/eta in Skim_TriLep_Muon1_C_v1.root
2026-01-07 19:32:04,238 - INFO - [2023] MISSING_CENTRAL: SR3Mu/Central/bjets/3/eta in Skim_TriLep_Muon1_C_v2.root
2026-01-07 19:32:04,240 - INFO - [2023] MISSING_CENTRAL: SR3Mu/Central/bjets/3/eta in Skim_TriLep_Muon1_C_v3.root
2026-01-07 19:32:04,241 - INFO - [2023] MISSING_CENTRAL: SR3Mu/Central/bjets/3/eta in Skim_TriLep_Muon1_C_v4.root
2026-01-07 19:32:04,243 - INFO - [2023BPix] MISSING_CENTRAL: SR3Mu/Central/bjets/3/eta in Skim_TriLep_Muon0_D_v2.root
2026-01-07 19:32:04,244 - INFO - [2023BPix] MISSING_CENTRAL: SR3Mu/Central/bjets/3/eta in Skim_TriLep_Muon1_D_v1.root
2026-01-07 19:32:04,245 - INFO - [2023BPix] MISSING_CENTRAL: SR3Mu/Central/bjets/3/eta in Skim_TriLep_Muon1_D_v2.root
2026-01-07 19:32:04,251 - INFO - [2022] MISSING_CENTRAL: SR3Mu/Central/bjets/3/eta in Skim_TriLep_DoubleMuon_C.root
2026-01-07 19:32:04,268 - INFO - [2022] MISSING_CENTRAL: SR3Mu/Central/bjets/3/eta in Skim_TriLep_Muon_D.root
2026-01-07 19:32:04,270 - INFO - [2022] MISSING_CENTRAL: SR3Mu/Central/bjets/3/eta in Skim_TriLep_DYJets.root
2026-01-07 19:32:04,283 - INFO - [2022] MISSING_CENTRAL: SR3Mu/Central/bjets/3/eta in Skim_TriLep_DYJets10to50.root
2026-01-07 19:32:04,339 - INFO - [2022] MISSING_CENTRAL: SR3Mu/Central/bjets/3/eta in Skim_TriLep_TTG_PTG100to200.root
2026-01-07 19:32:04,346 - INFO - [2022] MISSING_CENTRAL: SR3Mu/Central/bjets/3/eta in Skim_TriLep_TTG_PTG200toInf.root
2026-01-07 19:32:04,347 - INFO - [2022] MISSING_CENTRAL: SR3Mu/Central/bjets/3/eta in Skim_TriLep_TTWToLNu.root
2026-01-07 19:32:04,453 - INFO - [2022] MISSING_CENTRAL: SR3Mu/Central/bjets/3/eta in Skim_TriLep_WZTo3LNu_powheg.root
2026-01-07 19:32:04,454 - INFO - [2022] MISSING_CENTRAL: SR3Mu/Central/bjets/3/eta in Skim_TriLep_ZZTo4L_powheg.root
2026-01-07 19:32:04,546 - INFO - [2022] MISSING_CENTRAL: SR3Mu/Central/bjets/3/eta in Skim_TriLep_WWW.root
2026-01-07 19:32:04,547 - INFO - [2022] MISSING_CENTRAL: SR3Mu/Central/bjets/3/eta in Skim_TriLep_WWZ.root
2026-01-07 19:32:04,554 - INFO - [2022] MISSING_CENTRAL: SR3Mu/Central/bjets/3/eta in Skim_TriLep_WZZ.root
2026-01-07 19:32:04,608 - INFO - [2022] MISSING_CENTRAL: SR3Mu/Central/bjets/3/eta in Skim_TriLep_VBFHToZZTo4L.root
2026-01-07 19:32:04,613 - INFO - [2022] MISSING_CENTRAL: SR3Mu/Central/bjets/3/eta in Skim_TriLep_ggHToZZTo4L.root
2026-01-07 19:32:04,617 - INFO - [2022EE] MISSING_CENTRAL: SR3Mu/Central/bjets/3/eta in Skim_TriLep_Muon_E.root
2026-01-07 19:32:04,638 - INFO - [2022EE] MISSING_CENTRAL: SR3Mu/Central/bjets/3/eta in Skim_TriLep_DYJets.root
2026-01-07 19:32:04,645 - INFO - [2022EE] MISSING_CENTRAL: SR3Mu/Central/bjets/3/eta in Skim_TriLep_DYJets10to50.root
2026-01-07 19:32:04,646 - INFO - [2022EE] MISSING_CENTRAL: SR3Mu/Central/bjets/3/eta in Skim_TriLep_TTG_PTG10to100.root
2026-01-07 19:32:04,649 - INFO - [2022EE] MISSING_CENTRAL: SR3Mu/Central/bjets/3/eta in Skim_TriLep_TTG_PTG100to200.root
2026-01-07 19:32:04,656 - INFO - [2022EE] MISSING_CENTRAL: SR3Mu/Central/bjets/3/eta in Skim_TriLep_TTG_PTG200toInf.root
2026-01-07 19:32:04,816 - INFO - [2022EE] MISSING_CENTRAL: SR3Mu/Central/bjets/3/eta in Skim_TriLep_WZTo3LNu_powheg.root
2026-01-07 19:32:04,886 - INFO - [2022EE] MISSING_CENTRAL: SR3Mu/Central/bjets/3/eta in Skim_TriLep_WWW.root
2026-01-07 19:32:04,888 - INFO - [2022EE] MISSING_CENTRAL: SR3Mu/Central/bjets/3/eta in Skim_TriLep_WWZ.root
2026-01-07 19:32:04,946 - INFO - [2022EE] MISSING_CENTRAL: SR3Mu/Central/bjets/3/eta in Skim_TriLep_VBFHToZZTo4L.root
2026-01-07 19:32:04,960 - INFO - [2022EE] MISSING_CENTRAL: SR3Mu/Central/bjets/3/eta in Skim_TriLep_ggHToZZTo4L.root
2026-01-07 19:32:04,962 - INFO - [2023] MISSING_CENTRAL: SR3Mu/Central/bjets/3/eta in Skim_TriLep_Muon0_C_v2.root
2026-01-07 19:32:04,963 - INFO - [2023] MISSING_CENTRAL: SR3Mu/Central/bjets/3/eta in Skim_TriLep_Muon0_C_v3.root
2026-01-07 19:32:04,965 - INFO - [2023] MISSING_CENTRAL: SR3Mu/Central/bjets/3/eta in Skim_TriLep_Muon1_C_v1.root
2026-01-07 19:32:04,966 - INFO - [2023] MISSING_CENTRAL: SR3Mu/Central/bjets/3/eta in Skim_TriLep_Muon1_C_v2.root
2026-01-07 19:32:04,967 - INFO - [2023] MISSING_CENTRAL: SR3Mu/Central/bjets/3/eta in Skim_TriLep_Muon1_C_v3.root
2026-01-07 19:32:04,967 - INFO - [2023] MISSING_CENTRAL: SR3Mu/Central/bjets/3/eta in Skim_TriLep_Muon1_C_v4.root
2026-01-07 19:32:04,978 - INFO - [2023] MISSING_CENTRAL: SR3Mu/Central/bjets/3/eta in Skim_TriLep_DYJets.root
2026-01-07 19:32:04,979 - INFO - [2023] MISSING_CENTRAL: SR3Mu/Central/bjets/3/eta in Skim_TriLep_DYJets10to50.root
2026-01-07 19:32:04,980 - INFO - [2023] MISSING_CENTRAL: SR3Mu/Central/bjets/3/eta in Skim_TriLep_TTG_PTG10to100.root
2026-01-07 19:32:04,981 - INFO - [2023] MISSING_CENTRAL: SR3Mu/Central/bjets/3/eta in Skim_TriLep_TTG_PTG100to200.root
2026-01-07 19:32:04,982 - INFO - [2023] MISSING_CENTRAL: SR3Mu/Central/bjets/3/eta in Skim_TriLep_TTG_PTG200toInf.root
2026-01-07 19:32:05,032 - INFO - [2023] MISSING_CENTRAL: SR3Mu/Central/bjets/3/eta in Skim_TriLep_WZTo3LNu_powheg.root
2026-01-07 19:32:05,034 - INFO - [2023] MISSING_CENTRAL: SR3Mu/Central/bjets/3/eta in Skim_TriLep_ZZTo4L_powheg.root
2026-01-07 19:32:05,045 - INFO - [2023] MISSING_CENTRAL: SR3Mu/Central/bjets/3/eta in Skim_TriLep_tHq.root
2026-01-07 19:32:05,047 - INFO - [2023] MISSING_CENTRAL: SR3Mu/Central/bjets/3/eta in Skim_TriLep_WWW.root
2026-01-07 19:32:05,048 - INFO - [2023] MISSING_CENTRAL: SR3Mu/Central/bjets/3/eta in Skim_TriLep_WWZ.root
2026-01-07 19:32:05,049 - INFO - [2023] MISSING_CENTRAL: SR3Mu/Central/bjets/3/eta in Skim_TriLep_WZZ.root
2026-01-07 19:32:05,072 - INFO - [2023] MISSING_CENTRAL: SR3Mu/Central/bjets/3/eta in Skim_TriLep_VBFHToZZTo4L.root
2026-01-07 19:32:05,074 - INFO - [2023] MISSING_CENTRAL: SR3Mu/Central/bjets/3/eta in Skim_TriLep_ggHToZZTo4L.root
2026-01-07 19:32:05,075 - INFO - [2023BPix] MISSING_CENTRAL: SR3Mu/Central/bjets/3/eta in Skim_TriLep_Muon0_D_v1.root
2026-01-07 19:32:05,077 - INFO - [2023BPix] MISSING_CENTRAL: SR3Mu/Central/bjets/3/eta in Skim_TriLep_Muon0_D_v2.root
2026-01-07 19:32:05,078 - INFO - [2023BPix] MISSING_CENTRAL: SR3Mu/Central/bjets/3/eta in Skim_TriLep_Muon1_D_v1.root
2026-01-07 19:32:05,079 - INFO - [2023BPix] MISSING_CENTRAL: SR3Mu/Central/bjets/3/eta in Skim_TriLep_Muon1_D_v2.root
2026-01-07 19:32:05,080 - INFO - [2023BPix] MISSING_CENTRAL: SR3Mu/Central/bjets/3/eta in Skim_TriLep_DYJets.root
2026-01-07 19:32:05,081 - INFO - [2023BPix] MISSING_CENTRAL: SR3Mu/Central/bjets/3/eta in Skim_TriLep_DYJets10to50.root
2026-01-07 19:32:05,083 - INFO - [2023BPix] MISSING_CENTRAL: SR3Mu/Central/bjets/3/eta in Skim_TriLep_TTG_PTG10to100.root
2026-01-07 19:32:05,084 - INFO - [2023BPix] MISSING_CENTRAL: SR3Mu/Central/bjets/3/eta in Skim_TriLep_TTG_PTG100to200.root
2026-01-07 19:32:05,087 - INFO - [2023BPix] MISSING_CENTRAL: SR3Mu/Central/bjets/3/eta in Skim_TriLep_TTG_PTG200toInf.root
2026-01-07 19:32:05,088 - INFO - [2023BPix] MISSING_CENTRAL: SR3Mu/Central/bjets/3/eta in Skim_TriLep_TTWToLNu.root
2026-01-07 19:32:05,135 - INFO - [2023BPix] MISSING_CENTRAL: SR3Mu/Central/bjets/3/eta in Skim_TriLep_WZTo3LNu_powheg.root
2026-01-07 19:32:05,160 - INFO - [2023BPix] MISSING_CENTRAL: SR3Mu/Central/bjets/3/eta in Skim_TriLep_tHq.root
2026-01-07 19:32:05,161 - INFO - [2023BPix] MISSING_CENTRAL: SR3Mu/Central/bjets/3/eta in Skim_TriLep_WWW.root
2026-01-07 19:32:05,162 - INFO - [2023BPix] MISSING_CENTRAL: SR3Mu/Central/bjets/3/eta in Skim_TriLep_WWZ.root
2026-01-07 19:32:05,164 - INFO - [2023BPix] MISSING_CENTRAL: SR3Mu/Central/bjets/3/eta in Skim_TriLep_WZZ.root
2026-01-07 19:32:05,167 - INFO - [2023BPix] MISSING_CENTRAL: SR3Mu/Central/bjets/3/eta in Skim_TriLep_ZZZ.root
2026-01-07 19:32:05,181 - INFO - [2023BPix] MISSING_CENTRAL: SR3Mu/Central/bjets/3/eta in Skim_TriLep_VBFHToZZTo4L.root
2026-01-07 19:32:05,182 - INFO - [2023BPix] MISSING_CENTRAL: SR3Mu/Central/bjets/3/eta in Skim_TriLep_ggHToZZTo4L.root
2026-01-09 12:29:35,862 - INFO - [2022] MISSING_CENTRAL: SR3Mu/Central/bjets/3/eta in Skim_TriLep_DoubleMuon_C.root
2026-01-09 12:29:35,900 - INFO - [2022] MISSING_CENTRAL: SR3Mu/Central/bjets/3/eta in Skim_TriLep_Muon_D.root
2026-01-09 12:29:35,923 - INFO - [2022EE] MISSING_CENTRAL: SR3Mu/Central/bjets/3/eta in Skim_TriLep_Muon_G.root
2026-01-09 12:29:35,933 - INFO - [2023] MISSING_CENTRAL: SR3Mu/Central/bjets/3/eta in Skim_TriLep_Muon0_C_v1.root
2026-01-09 12:29:35,933 - INFO - [2023] MISSING_CENTRAL: SR3Mu/Central/bjets/3/eta in Skim_TriLep_Muon0_C_v2.root
2026-01-09 12:29:35,934 - INFO - [2023] MISSING_CENTRAL: SR3Mu/Central/bjets/3/eta in Skim_TriLep_Muon0_C_v3.root
2026-01-09 12:29:35,934 - INFO - [2023] MISSING_CENTRAL: SR3Mu/Central/bjets/3/eta in Skim_TriLep_Muon0_C_v4.root
2026-01-09 12:29:35,935 - INFO - [2023] MISSING_CENTRAL: SR3Mu/Central/bjets/3/eta in Skim_TriLep_Muon1_C_v1.root
2026-01-09 12:29:35,935 - INFO - [2023] MISSING_CENTRAL: SR3Mu/Central/bjets/3/eta in Skim_TriLep_Muon1_C_v2.root
2026-01-09 12:29:35,936 - INFO - [2023] MISSING_CENTRAL: SR3Mu/Central/bjets/3/eta in Skim_TriLep_Muon1_C_v3.root
2026-01-09 12:29:35,937 - INFO - [2023] MISSING_CENTRAL: SR3Mu/Central/bjets/3/eta in Skim_TriLep_Muon1_C_v4.root
2026-01-09 12:29:35,938 - INFO - [2023BPix] MISSING_CENTRAL: SR3Mu/Central/bjets/3/eta in Skim_TriLep_Muon0_D_v2.root
2026-01-09 12:29:35,938 - INFO - [2023BPix] MISSING_CENTRAL: SR3Mu/Central/bjets/3/eta in Skim_TriLep_Muon1_D_v1.root
2026-01-09 12:29:35,939 - INFO - [2023BPix] MISSING_CENTRAL: SR3Mu/Central/bjets/3/eta in Skim_TriLep_Muon1_D_v2.root
2026-01-09 12:29:35,943 - INFO - [2022] MISSING_CENTRAL: SR3Mu/Central/bjets/3/eta in Skim_TriLep_DoubleMuon_C.root
2026-01-09 12:29:35,953 - INFO - [2022] MISSING_CENTRAL: SR3Mu/Central/bjets/3/eta in Skim_TriLep_Muon_D.root
2026-01-09 12:29:35,954 - INFO - [2022] MISSING_CENTRAL: SR3Mu/Central/bjets/3/eta in Skim_TriLep_DYJets.root
2026-01-09 12:29:35,954 - INFO - [2022] MISSING_CENTRAL: SR3Mu/Central/bjets/3/eta in Skim_TriLep_DYJets10to50.root
2026-01-09 12:29:35,969 - INFO - [2022] MISSING_CENTRAL: SR3Mu/Central/bjets/3/eta in Skim_TriLep_TTG_PTG100to200.root
2026-01-09 12:29:35,970 - INFO - [2022] MISSING_CENTRAL: SR3Mu/Central/bjets/3/eta in Skim_TriLep_TTG_PTG200toInf.root
2026-01-09 12:29:35,970 - INFO - [2022] MISSING_CENTRAL: SR3Mu/Central/bjets/3/eta in Skim_TriLep_TTWToLNu.root
2026-01-09 12:29:35,991 - INFO - [2022] MISSING_CENTRAL: SR3Mu/Central/bjets/3/eta in Skim_TriLep_WZTo3LNu_powheg.root
2026-01-09 12:29:35,991 - INFO - [2022] MISSING_CENTRAL: SR3Mu/Central/bjets/3/eta in Skim_TriLep_ZZTo4L_powheg.root
2026-01-09 12:29:36,004 - INFO - [2022] MISSING_CENTRAL: SR3Mu/Central/bjets/3/eta in Skim_TriLep_WWW.root
2026-01-09 12:29:36,005 - INFO - [2022] MISSING_CENTRAL: SR3Mu/Central/bjets/3/eta in Skim_TriLep_WWZ.root
2026-01-09 12:29:36,006 - INFO - [2022] MISSING_CENTRAL: SR3Mu/Central/bjets/3/eta in Skim_TriLep_WZZ.root
2026-01-09 12:29:36,019 - INFO - [2022] MISSING_CENTRAL: SR3Mu/Central/bjets/3/eta in Skim_TriLep_VBFHToZZTo4L.root
2026-01-09 12:29:36,020 - INFO - [2022] MISSING_CENTRAL: SR3Mu/Central/bjets/3/eta in Skim_TriLep_ggHToZZTo4L.root
2026-01-09 12:29:36,020 - INFO - [2022EE] MISSING_CENTRAL: SR3Mu/Central/bjets/3/eta in Skim_TriLep_Muon_E.root
2026-01-09 12:29:36,022 - INFO - [2022EE] MISSING_CENTRAL: SR3Mu/Central/bjets/3/eta in Skim_TriLep_DYJets.root
2026-01-09 12:29:36,022 - INFO - [2022EE] MISSING_CENTRAL: SR3Mu/Central/bjets/3/eta in Skim_TriLep_DYJets10to50.root
2026-01-09 12:29:36,023 - INFO - [2022EE] MISSING_CENTRAL: SR3Mu/Central/bjets/3/eta in Skim_TriLep_TTG_PTG10to100.root
2026-01-09 12:29:36,023 - INFO - [2022EE] MISSING_CENTRAL: SR3Mu/Central/bjets/3/eta in Skim_TriLep_TTG_PTG100to200.root
2026-01-09 12:29:36,024 - INFO - [2022EE] MISSING_CENTRAL: SR3Mu/Central/bjets/3/eta in Skim_TriLep_TTG_PTG200toInf.root
2026-01-09 12:29:36,051 - INFO - [2022EE] MISSING_CENTRAL: SR3Mu/Central/bjets/3/eta in Skim_TriLep_WZTo3LNu_powheg.root
2026-01-09 12:29:36,071 - INFO - [2022EE] MISSING_CENTRAL: SR3Mu/Central/bjets/3/eta in Skim_TriLep_WWW.root
2026-01-09 12:29:36,072 - INFO - [2022EE] MISSING_CENTRAL: SR3Mu/Central/bjets/3/eta in Skim_TriLep_WWZ.root
2026-01-09 12:29:36,093 - INFO - [2022EE] MISSING_CENTRAL: SR3Mu/Central/bjets/3/eta in Skim_TriLep_VBFHToZZTo4L.root
2026-01-09 12:29:36,094 - INFO - [2022EE] MISSING_CENTRAL: SR3Mu/Central/bjets/3/eta in Skim_TriLep_ggHToZZTo4L.root
2026-01-09 12:29:36,095 - INFO - [2023] MISSING_CENTRAL: SR3Mu/Central/bjets/3/eta in Skim_TriLep_Muon0_C_v2.root
2026-01-09 12:29:36,096 - INFO - [2023] MISSING_CENTRAL: SR3Mu/Central/bjets/3/eta in Skim_TriLep_Muon0_C_v3.root
2026-01-09 12:29:36,097 - INFO - [2023] MISSING_CENTRAL: SR3Mu/Central/bjets/3/eta in Skim_TriLep_Muon1_C_v1.root
2026-01-09 12:29:36,097 - INFO - [2023] MISSING_CENTRAL: SR3Mu/Central/bjets/3/eta in Skim_TriLep_Muon1_C_v2.root
2026-01-09 12:29:36,098 - INFO - [2023] MISSING_CENTRAL: SR3Mu/Central/bjets/3/eta in Skim_TriLep_Muon1_C_v3.root
2026-01-09 12:29:36,099 - INFO - [2023] MISSING_CENTRAL: SR3Mu/Central/bjets/3/eta in Skim_TriLep_Muon1_C_v4.root
2026-01-09 12:29:36,099 - INFO - [2023] MISSING_CENTRAL: SR3Mu/Central/bjets/3/eta in Skim_TriLep_DYJets.root
2026-01-09 12:29:36,100 - INFO - [2023] MISSING_CENTRAL: SR3Mu/Central/bjets/3/eta in Skim_TriLep_DYJets10to50.root
2026-01-09 12:29:36,101 - INFO - [2023] MISSING_CENTRAL: SR3Mu/Central/bjets/3/eta in Skim_TriLep_TTG_PTG10to100.root
2026-01-09 12:29:36,102 - INFO - [2023] MISSING_CENTRAL: SR3Mu/Central/bjets/3/eta in Skim_TriLep_TTG_PTG100to200.root
2026-01-09 12:29:36,102 - INFO - [2023] MISSING_CENTRAL: SR3Mu/Central/bjets/3/eta in Skim_TriLep_TTG_PTG200toInf.root
2026-01-09 12:29:36,131 - INFO - [2023] MISSING_CENTRAL: SR3Mu/Central/bjets/3/eta in Skim_TriLep_WZTo3LNu_powheg.root
2026-01-09 12:29:36,132 - INFO - [2023] MISSING_CENTRAL: SR3Mu/Central/bjets/3/eta in Skim_TriLep_ZZTo4L_powheg.root
2026-01-09 12:29:36,140 - INFO - [2023] MISSING_CENTRAL: SR3Mu/Central/bjets/3/eta in Skim_TriLep_tHq.root
2026-01-09 12:29:36,141 - INFO - [2023] MISSING_CENTRAL: SR3Mu/Central/bjets/3/eta in Skim_TriLep_WWW.root
2026-01-09 12:29:36,141 - INFO - [2023] MISSING_CENTRAL: SR3Mu/Central/bjets/3/eta in Skim_TriLep_WWZ.root
2026-01-09 12:29:36,142 - INFO - [2023] MISSING_CENTRAL: SR3Mu/Central/bjets/3/eta in Skim_TriLep_WZZ.root
2026-01-09 12:29:36,156 - INFO - [2023] MISSING_CENTRAL: SR3Mu/Central/bjets/3/eta in Skim_TriLep_VBFHToZZTo4L.root
2026-01-09 12:29:36,157 - INFO - [2023] MISSING_CENTRAL: SR3Mu/Central/bjets/3/eta in Skim_TriLep_ggHToZZTo4L.root
2026-01-09 12:29:36,158 - INFO - [2023BPix] MISSING_CENTRAL: SR3Mu/Central/bjets/3/eta in Skim_TriLep_Muon0_D_v1.root
2026-01-09 12:29:36,159 - INFO - [2023BPix] MISSING_CENTRAL: SR3Mu/Central/bjets/3/eta in Skim_TriLep_Muon0_D_v2.root
2026-01-09 12:29:36,160 - INFO - [2023BPix] MISSING_CENTRAL: SR3Mu/Central/bjets/3/eta in Skim_TriLep_Muon1_D_v1.root
2026-01-09 12:29:36,161 - INFO - [2023BPix] MISSING_CENTRAL: SR3Mu/Central/bjets/3/eta in Skim_TriLep_Muon1_D_v2.root
2026-01-09 12:29:36,161 - INFO - [2023BPix] MISSING_CENTRAL: SR3Mu/Central/bjets/3/eta in Skim_TriLep_DYJets.root
2026-01-09 12:29:36,162 - INFO - [2023BPix] MISSING_CENTRAL: SR3Mu/Central/bjets/3/eta in Skim_TriLep_DYJets10to50.root
2026-01-09 12:29:36,162 - INFO - [2023BPix] MISSING_CENTRAL: SR3Mu/Central/bjets/3/eta in Skim_TriLep_TTG_PTG10to100.root
2026-01-09 12:29:36,163 - INFO - [2023BPix] MISSING_CENTRAL: SR3Mu/Central/bjets/3/eta in Skim_TriLep_TTG_PTG100to200.root
2026-01-09 12:29:36,164 - INFO - [2023BPix] MISSING_CENTRAL: SR3Mu/Central/bjets/3/eta in Skim_TriLep_TTG_PTG200toInf.root
2026-01-09 12:29:36,164 - INFO - [2023BPix] MISSING_CENTRAL: SR3Mu/Central/bjets/3/eta in Skim_TriLep_TTWToLNu.root
2026-01-09 12:29:36,182 - INFO - [2023BPix] MISSING_CENTRAL: SR3Mu/Central/bjets/3/eta in Skim_TriLep_WZTo3LNu_powheg.root
2026-01-09 12:29:36,194 - INFO - [2023BPix] MISSING_CENTRAL: SR3Mu/Central/bjets/3/eta in Skim_TriLep_tHq.root
2026-01-09 12:29:36,194 - INFO - [2023BPix] MISSING_CENTRAL: SR3Mu/Central/bjets/3/eta in Skim_TriLep_WWW.root
2026-01-09 12:29:36,195 - INFO - [2023BPix] MISSING_CENTRAL: SR3Mu/Central/bjets/3/eta in Skim_TriLep_WWZ.root
2026-01-09 12:29:36,196 - INFO - [2023BPix] MISSING_CENTRAL: SR3Mu/Central/bjets/3/eta in Skim_TriLep_WZZ.root
2026-01-09 12:29:36,196 - INFO - [2023BPix] MISSING_CENTRAL: SR3Mu/Central/bjets/3/eta in Skim_TriLep_ZZZ.root
2026-01-09 12:29:36,203 - INFO - [2023BPix] MISSING_CENTRAL: SR3Mu/Central/bjets/3/eta in Skim_TriLep_VBFHToZZTo4L.root
2026-01-09 12:29:36,204 - INFO - [2023BPix] MISSING_CENTRAL: SR3Mu/Central/bjets/3/eta in Skim_TriLep_ggHToZZTo4L.root
2026-01-11 09:49:35,780 - INFO - [2022] MISSING_CENTRAL: SR3Mu/Central/bjets/3/eta in Skim_TriLep_DoubleMuon_C.root
2026-01-11 09:49:35,826 - INFO - [2022] MISSING_CENTRAL: SR3Mu/Central/bjets/3/eta in Skim_TriLep_Muon_D.root
2026-01-11 09:49:35,846 - INFO - [2022EE] MISSING_CENTRAL: SR3Mu/Central/bjets/3/eta in Skim_TriLep_Muon_G.root
2026-01-11 09:49:35,856 - INFO - [2023] MISSING_CENTRAL: SR3Mu/Central/bjets/3/eta in Skim_TriLep_Muon0_C_v1.root
2026-01-11 09:49:35,856 - INFO - [2023] MISSING_CENTRAL: SR3Mu/Central/bjets/3/eta in Skim_TriLep_Muon0_C_v2.root
2026-01-11 09:49:35,857 - INFO - [2023] MISSING_CENTRAL: SR3Mu/Central/bjets/3/eta in Skim_TriLep_Muon0_C_v3.root
2026-01-11 09:49:35,858 - INFO - [2023] MISSING_CENTRAL: SR3Mu/Central/bjets/3/eta in Skim_TriLep_Muon0_C_v4.root
2026-01-11 09:49:35,858 - INFO - [2023] MISSING_CENTRAL: SR3Mu/Central/bjets/3/eta in Skim_TriLep_Muon1_C_v1.root
2026-01-11 09:49:35,859 - INFO - [2023] MISSING_CENTRAL: SR3Mu/Central/bjets/3/eta in Skim_TriLep_Muon1_C_v2.root
2026-01-11 09:49:35,859 - INFO - [2023] MISSING_CENTRAL: SR3Mu/Central/bjets/3/eta in Skim_TriLep_Muon1_C_v3.root
2026-01-11 09:49:35,859 - INFO - [2023] MISSING_CENTRAL: SR3Mu/Central/bjets/3/eta in Skim_TriLep_Muon1_C_v4.root
2026-01-11 09:49:35,860 - INFO - [2023BPix] MISSING_CENTRAL: SR3Mu/Central/bjets/3/eta in Skim_TriLep_Muon0_D_v2.root
2026-01-11 09:49:35,861 - INFO - [2023BPix] MISSING_CENTRAL: SR3Mu/Central/bjets/3/eta in Skim_TriLep_Muon1_D_v1.root
2026-01-11 09:49:35,865 - INFO - [2023BPix] MISSING_CENTRAL: SR3Mu/Central/bjets/3/eta in Skim_TriLep_Muon1_D_v2.root
2026-01-11 09:49:35,868 - INFO - [2022] MISSING_CENTRAL: SR3Mu/Central/bjets/3/eta in Skim_TriLep_DoubleMuon_C.root
2026-01-11 09:49:35,887 - INFO - [2022] MISSING_CENTRAL: SR3Mu/Central/bjets/3/eta in Skim_TriLep_Muon_D.root
2026-01-11 09:49:35,888 - INFO - [2022] MISSING_CENTRAL: SR3Mu/Central/bjets/3/eta in Skim_TriLep_DYJets.root
2026-01-11 09:49:35,888 - INFO - [2022] MISSING_CENTRAL: SR3Mu/Central/bjets/3/eta in Skim_TriLep_DYJets10to50.root
2026-01-11 09:49:35,914 - INFO - [2022] MISSING_CENTRAL: SR3Mu/Central/bjets/3/eta in Skim_TriLep_TTG_PTG100to200.root
2026-01-11 09:49:35,915 - INFO - [2022] MISSING_CENTRAL: SR3Mu/Central/bjets/3/eta in Skim_TriLep_TTG_PTG200toInf.root
2026-01-11 09:49:35,915 - INFO - [2022] MISSING_CENTRAL: SR3Mu/Central/bjets/3/eta in Skim_TriLep_TTWToLNu.root
2026-01-11 09:49:35,942 - INFO - [2022] MISSING_CENTRAL: SR3Mu/Central/bjets/3/eta in Skim_TriLep_WZTo3LNu_powheg.root
2026-01-11 09:49:35,943 - INFO - [2022] MISSING_CENTRAL: SR3Mu/Central/bjets/3/eta in Skim_TriLep_ZZTo4L_powheg.root
2026-01-11 09:49:35,955 - INFO - [2022] MISSING_CENTRAL: SR3Mu/Central/bjets/3/eta in Skim_TriLep_WWW.root
2026-01-11 09:49:35,956 - INFO - [2022] MISSING_CENTRAL: SR3Mu/Central/bjets/3/eta in Skim_TriLep_WWZ.root
2026-01-11 09:49:35,957 - INFO - [2022] MISSING_CENTRAL: SR3Mu/Central/bjets/3/eta in Skim_TriLep_WZZ.root
2026-01-11 09:49:35,969 - INFO - [2022] MISSING_CENTRAL: SR3Mu/Central/bjets/3/eta in Skim_TriLep_VBFHToZZTo4L.root
2026-01-11 09:49:35,970 - INFO - [2022] MISSING_CENTRAL: SR3Mu/Central/bjets/3/eta in Skim_TriLep_ggHToZZTo4L.root
2026-01-11 09:49:35,970 - INFO - [2022EE] MISSING_CENTRAL: SR3Mu/Central/bjets/3/eta in Skim_TriLep_Muon_E.root
2026-01-11 09:49:35,972 - INFO - [2022EE] MISSING_CENTRAL: SR3Mu/Central/bjets/3/eta in Skim_TriLep_DYJets.root
2026-01-11 09:49:35,972 - INFO - [2022EE] MISSING_CENTRAL: SR3Mu/Central/bjets/3/eta in Skim_TriLep_DYJets10to50.root
2026-01-11 09:49:35,973 - INFO - [2022EE] MISSING_CENTRAL: SR3Mu/Central/bjets/3/eta in Skim_TriLep_TTG_PTG10to100.root
2026-01-11 09:49:35,973 - INFO - [2022EE] MISSING_CENTRAL: SR3Mu/Central/bjets/3/eta in Skim_TriLep_TTG_PTG100to200.root
2026-01-11 09:49:35,974 - INFO - [2022EE] MISSING_CENTRAL: SR3Mu/Central/bjets/3/eta in Skim_TriLep_TTG_PTG200toInf.root
2026-01-11 09:49:36,000 - INFO - [2022EE] MISSING_CENTRAL: SR3Mu/Central/bjets/3/eta in Skim_TriLep_WZTo3LNu_powheg.root
2026-01-11 09:49:36,019 - INFO - [2022EE] MISSING_CENTRAL: SR3Mu/Central/bjets/3/eta in Skim_TriLep_WWW.root
2026-01-11 09:49:36,020 - INFO - [2022EE] MISSING_CENTRAL: SR3Mu/Central/bjets/3/eta in Skim_TriLep_WWZ.root
2026-01-11 09:49:36,040 - INFO - [2022EE] MISSING_CENTRAL: SR3Mu/Central/bjets/3/eta in Skim_TriLep_VBFHToZZTo4L.root
2026-01-11 09:49:36,041 - INFO - [2022EE] MISSING_CENTRAL: SR3Mu/Central/bjets/3/eta in Skim_TriLep_ggHToZZTo4L.root
2026-01-11 09:49:36,042 - INFO - [2023] MISSING_CENTRAL: SR3Mu/Central/bjets/3/eta in Skim_TriLep_Muon0_C_v2.root
2026-01-11 09:49:36,043 - INFO - [2023] MISSING_CENTRAL: SR3Mu/Central/bjets/3/eta in Skim_TriLep_Muon0_C_v3.root
2026-01-11 09:49:36,044 - INFO - [2023] MISSING_CENTRAL: SR3Mu/Central/bjets/3/eta in Skim_TriLep_Muon1_C_v1.root
2026-01-11 09:49:36,044 - INFO - [2023] MISSING_CENTRAL: SR3Mu/Central/bjets/3/eta in Skim_TriLep_Muon1_C_v2.root
2026-01-11 09:49:36,045 - INFO - [2023] MISSING_CENTRAL: SR3Mu/Central/bjets/3/eta in Skim_TriLep_Muon1_C_v3.root
2026-01-11 09:49:36,045 - INFO - [2023] MISSING_CENTRAL: SR3Mu/Central/bjets/3/eta in Skim_TriLep_Muon1_C_v4.root
2026-01-11 09:49:36,046 - INFO - [2023] MISSING_CENTRAL: SR3Mu/Central/bjets/3/eta in Skim_TriLep_DYJets.root
2026-01-11 09:49:36,046 - INFO - [2023] MISSING_CENTRAL: SR3Mu/Central/bjets/3/eta in Skim_TriLep_DYJets10to50.root
2026-01-11 09:49:36,047 - INFO - [2023] MISSING_CENTRAL: SR3Mu/Central/bjets/3/eta in Skim_TriLep_TTG_PTG10to100.root
2026-01-11 09:49:36,047 - INFO - [2023] MISSING_CENTRAL: SR3Mu/Central/bjets/3/eta in Skim_TriLep_TTG_PTG100to200.root
2026-01-11 09:49:36,048 - INFO - [2023] MISSING_CENTRAL: SR3Mu/Central/bjets/3/eta in Skim_TriLep_TTG_PTG200toInf.root
2026-01-11 09:49:36,075 - INFO - [2023] MISSING_CENTRAL: SR3Mu/Central/bjets/3/eta in Skim_TriLep_WZTo3LNu_powheg.root
2026-01-11 09:49:36,076 - INFO - [2023] MISSING_CENTRAL: SR3Mu/Central/bjets/3/eta in Skim_TriLep_ZZTo4L_powheg.root
2026-01-11 09:49:36,083 - INFO - [2023] MISSING_CENTRAL: SR3Mu/Central/bjets/3/eta in Skim_TriLep_tHq.root
2026-01-11 09:49:36,084 - INFO - [2023] MISSING_CENTRAL: SR3Mu/Central/bjets/3/eta in Skim_TriLep_WWW.root
2026-01-11 09:49:36,084 - INFO - [2023] MISSING_CENTRAL: SR3Mu/Central/bjets/3/eta in Skim_TriLep_WWZ.root
2026-01-11 09:49:36,085 - INFO - [2023] MISSING_CENTRAL: SR3Mu/Central/bjets/3/eta in Skim_TriLep_WZZ.root
2026-01-11 09:49:36,099 - INFO - [2023] MISSING_CENTRAL: SR3Mu/Central/bjets/3/eta in Skim_TriLep_VBFHToZZTo4L.root
2026-01-11 09:49:36,099 - INFO - [2023] MISSING_CENTRAL: SR3Mu/Central/bjets/3/eta in Skim_TriLep_ggHToZZTo4L.root
2026-01-11 09:49:36,100 - INFO - [2023BPix] MISSING_CENTRAL: SR3Mu/Central/bjets/3/eta in Skim_TriLep_Muon0_D_v1.root
2026-01-11 09:49:36,100 - INFO - [2023BPix] MISSING_CENTRAL: SR3Mu/Central/bjets/3/eta in Skim_TriLep_Muon0_D_v2.root
2026-01-11 09:49:36,103 - INFO - [2023BPix] MISSING_CENTRAL: SR3Mu/Central/bjets/3/eta in Skim_TriLep_Muon1_D_v1.root
2026-01-11 09:49:36,104 - INFO - [2023BPix] MISSING_CENTRAL: SR3Mu/Central/bjets/3/eta in Skim_TriLep_Muon1_D_v2.root
2026-01-11 09:49:36,105 - INFO - [2023BPix] MISSING_CENTRAL: SR3Mu/Central/bjets/3/eta in Skim_TriLep_DYJets.root
2026-01-11 09:49:36,106 - INFO - [2023BPix] MISSING_CENTRAL: SR3Mu/Central/bjets/3/eta in Skim_TriLep_DYJets10to50.root
2026-01-11 09:49:36,106 - INFO - [2023BPix] MISSING_CENTRAL: SR3Mu/Central/bjets/3/eta in Skim_TriLep_TTG_PTG10to100.root
2026-01-11 09:49:36,107 - INFO - [2023BPix] MISSING_CENTRAL: SR3Mu/Central/bjets/3/eta in Skim_TriLep_TTG_PTG100to200.root
2026-01-11 09:49:36,108 - INFO - [2023BPix] MISSING_CENTRAL: SR3Mu/Central/bjets/3/eta in Skim_TriLep_TTG_PTG200toInf.root
2026-01-11 09:49:36,109 - INFO - [2023BPix] MISSING_CENTRAL: SR3Mu/Central/bjets/3/eta in Skim_TriLep_TTWToLNu.root
2026-01-11 09:49:36,128 - INFO - [2023BPix] MISSING_CENTRAL: SR3Mu/Central/bjets/3/eta in Skim_TriLep_WZTo3LNu_powheg.root
2026-01-11 09:49:36,140 - INFO - [2023BPix] MISSING_CENTRAL: SR3Mu/Central/bjets/3/eta in Skim_TriLep_tHq.root
2026-01-11 09:49:36,141 - INFO - [2023BPix] MISSING_CENTRAL: SR3Mu/Central/bjets/3/eta in Skim_TriLep_WWW.root
2026-01-11 09:49:36,141 - INFO - [2023BPix] MISSING_CENTRAL: SR3Mu/Central/bjets/3/eta in Skim_TriLep_WWZ.root
2026-01-11 09:49:36,142 - INFO - [2023BPix] MISSING_CENTRAL: SR3Mu/Central/bjets/3/eta in Skim_TriLep_WZZ.root
2026-01-11 09:49:36,142 - INFO - [2023BPix] MISSING_CENTRAL: SR3Mu/Central/bjets/3/eta in Skim_TriLep_ZZZ.root
2026-01-11 09:49:36,149 - INFO - [2023BPix] MISSING_CENTRAL: SR3Mu/Central/bjets/3/eta in Skim_TriLep_VBFHToZZTo4L.root
2026-01-11 09:49:36,149 - INFO - [2023BPix] MISSING_CENTRAL: SR3Mu/Central/bjets/3/eta in Skim_TriLep_ggHToZZTo4L.root
2026-01-12 13:58:33,199 - INFO - [2022] MISSING_CENTRAL: SR3Mu/Central/bjets/3/eta in Skim_TriLep_DoubleMuon_C.root
2026-01-12 13:58:33,238 - INFO - [2022] MISSING_CENTRAL: SR3Mu/Central/bjets/3/eta in Skim_TriLep_Muon_D.root
2026-01-12 13:58:33,262 - INFO - [2022EE] MISSING_CENTRAL: SR3Mu/Central/bjets/3/eta in Skim_TriLep_Muon_G.root
2026-01-12 13:58:33,271 - INFO - [2023] MISSING_CENTRAL: SR3Mu/Central/bjets/3/eta in Skim_TriLep_Muon0_C_v1.root
2026-01-12 13:58:33,273 - INFO - [2023] MISSING_CENTRAL: SR3Mu/Central/bjets/3/eta in Skim_TriLep_Muon0_C_v2.root
2026-01-12 13:58:33,274 - INFO - [2023] MISSING_CENTRAL: SR3Mu/Central/bjets/3/eta in Skim_TriLep_Muon0_C_v3.root
2026-01-12 13:58:33,275 - INFO - [2023] MISSING_CENTRAL: SR3Mu/Central/bjets/3/eta in Skim_TriLep_Muon0_C_v4.root
2026-01-12 13:58:33,275 - INFO - [2023] MISSING_CENTRAL: SR3Mu/Central/bjets/3/eta in Skim_TriLep_Muon1_C_v1.root
2026-01-12 13:58:33,276 - INFO - [2023] MISSING_CENTRAL: SR3Mu/Central/bjets/3/eta in Skim_TriLep_Muon1_C_v2.root
2026-01-12 13:58:33,276 - INFO - [2023] MISSING_CENTRAL: SR3Mu/Central/bjets/3/eta in Skim_TriLep_Muon1_C_v3.root
2026-01-12 13:58:33,277 - INFO - [2023] MISSING_CENTRAL: SR3Mu/Central/bjets/3/eta in Skim_TriLep_Muon1_C_v4.root
2026-01-12 13:58:33,279 - INFO - [2023BPix] MISSING_CENTRAL: SR3Mu/Central/bjets/3/eta in Skim_TriLep_Muon0_D_v2.root
2026-01-12 13:58:33,280 - INFO - [2023BPix] MISSING_CENTRAL: SR3Mu/Central/bjets/3/eta in Skim_TriLep_Muon1_D_v1.root
2026-01-12 13:58:33,280 - INFO - [2023BPix] MISSING_CENTRAL: SR3Mu/Central/bjets/3/eta in Skim_TriLep_Muon1_D_v2.root
2026-01-12 13:58:33,283 - INFO - [2022] MISSING_FILE: /home/choij/Sync/workspace/ChargedHiggsAnalysisV3/SKNanoOutput/MatrixSelector/Run3Mu/2022/Skim_TriLep_DoubleMuon_C.root
2026-01-12 13:58:33,284 - INFO - [2022] MISSING_FILE: /home/choij/Sync/workspace/ChargedHiggsAnalysisV3/SKNanoOutput/MatrixSelector/Run3Mu/2022/Skim_TriLep_Muon_C.root
2026-01-12 13:58:33,284 - INFO - [2022] MISSING_FILE: /home/choij/Sync/workspace/ChargedHiggsAnalysisV3/SKNanoOutput/MatrixSelector/Run3Mu/2022/Skim_TriLep_Muon_D.root
2026-01-12 13:58:33,285 - INFO - [2022] MISSING_CENTRAL: SR3Mu/Central/bjets/3/eta in Skim_TriLep_DYJets.root
2026-01-12 13:58:33,285 - INFO - [2022] MISSING_CENTRAL: SR3Mu/Central/bjets/3/eta in Skim_TriLep_DYJets10to50.root
2026-01-12 13:58:33,307 - INFO - [2022] MISSING_CENTRAL: SR3Mu/Central/bjets/3/eta in Skim_TriLep_TTG_PTG100to200.root
2026-01-12 13:58:33,308 - INFO - [2022] MISSING_CENTRAL: SR3Mu/Central/bjets/3/eta in Skim_TriLep_TTG_PTG200toInf.root
2026-01-12 13:58:33,309 - INFO - [2022] MISSING_CENTRAL: SR3Mu/Central/bjets/3/eta in Skim_TriLep_TTWToLNu.root
2026-01-12 13:58:33,327 - INFO - [2022] MISSING_CENTRAL: SR3Mu/Central/bjets/3/eta in Skim_TriLep_WZTo3LNu_powheg.root
2026-01-12 13:58:33,328 - INFO - [2022] MISSING_CENTRAL: SR3Mu/Central/bjets/3/eta in Skim_TriLep_ZZTo4L_powheg.root
2026-01-12 13:58:33,339 - INFO - [2022] MISSING_CENTRAL: SR3Mu/Central/bjets/3/eta in Skim_TriLep_WWW.root
2026-01-12 13:58:33,340 - INFO - [2022] MISSING_CENTRAL: SR3Mu/Central/bjets/3/eta in Skim_TriLep_WWZ.root
2026-01-12 13:58:33,340 - INFO - [2022] MISSING_CENTRAL: SR3Mu/Central/bjets/3/eta in Skim_TriLep_WZZ.root
2026-01-12 13:58:33,351 - INFO - [2022] MISSING_CENTRAL: SR3Mu/Central/bjets/3/eta in Skim_TriLep_VBFHToZZTo4L.root
2026-01-12 13:58:33,352 - INFO - [2022] MISSING_CENTRAL: SR3Mu/Central/bjets/3/eta in Skim_TriLep_ggHToZZTo4L.root
2026-01-12 13:58:33,352 - INFO - [2022EE] MISSING_FILE: /home/choij/Sync/workspace/ChargedHiggsAnalysisV3/SKNanoOutput/MatrixSelector/Run3Mu/2022EE/Skim_TriLep_Muon_E.root
2026-01-12 13:58:33,352 - INFO - [2022EE] MISSING_FILE: /home/choij/Sync/workspace/ChargedHiggsAnalysisV3/SKNanoOutput/MatrixSelector/Run3Mu/2022EE/Skim_TriLep_Muon_F.root
2026-01-12 13:58:33,352 - INFO - [2022EE] MISSING_FILE: /home/choij/Sync/workspace/ChargedHiggsAnalysisV3/SKNanoOutput/MatrixSelector/Run3Mu/2022EE/Skim_TriLep_Muon_G.root
2026-01-12 13:58:33,352 - INFO - [2022EE] MISSING_CENTRAL: SR3Mu/Central/bjets/3/eta in Skim_TriLep_DYJets.root
2026-01-12 13:58:33,353 - INFO - [2022EE] MISSING_CENTRAL: SR3Mu/Central/bjets/3/eta in Skim_TriLep_DYJets10to50.root
2026-01-12 13:58:33,353 - INFO - [2022EE] MISSING_CENTRAL: SR3Mu/Central/bjets/3/eta in Skim_TriLep_TTG_PTG10to100.root
2026-01-12 13:58:33,354 - INFO - [2022EE] MISSING_CENTRAL: SR3Mu/Central/bjets/3/eta in Skim_TriLep_TTG_PTG100to200.root
2026-01-12 13:58:33,354 - INFO - [2022EE] MISSING_CENTRAL: SR3Mu/Central/bjets/3/eta in Skim_TriLep_TTG_PTG200toInf.root
2026-01-12 13:58:33,375 - INFO - [2022EE] MISSING_CENTRAL: SR3Mu/Central/bjets/3/eta in Skim_TriLep_WZTo3LNu_powheg.root
2026-01-12 13:58:33,392 - INFO - [2022EE] MISSING_CENTRAL: SR3Mu/Central/bjets/3/eta in Skim_TriLep_WWW.root
2026-01-12 13:58:33,392 - INFO - [2022EE] MISSING_CENTRAL: SR3Mu/Central/bjets/3/eta in Skim_TriLep_WWZ.root
2026-01-12 13:58:33,408 - INFO - [2022EE] MISSING_CENTRAL: SR3Mu/Central/bjets/3/eta in Skim_TriLep_VBFHToZZTo4L.root
2026-01-12 13:58:33,408 - INFO - [2022EE] MISSING_CENTRAL: SR3Mu/Central/bjets/3/eta in Skim_TriLep_ggHToZZTo4L.root
2026-01-12 13:58:33,409 - INFO - [2023] MISSING_FILE: /home/choij/Sync/workspace/ChargedHiggsAnalysisV3/SKNanoOutput/MatrixSelector/Run3Mu/2023/Skim_TriLep_Muon0_C_v1.root
2026-01-12 13:58:33,409 - INFO - [2023] MISSING_FILE: /home/choij/Sync/workspace/ChargedHiggsAnalysisV3/SKNanoOutput/MatrixSelector/Run3Mu/2023/Skim_TriLep_Muon0_C_v2.root
2026-01-12 13:58:33,409 - INFO - [2023] MISSING_FILE: /home/choij/Sync/workspace/ChargedHiggsAnalysisV3/SKNanoOutput/MatrixSelector/Run3Mu/2023/Skim_TriLep_Muon0_C_v3.root
2026-01-12 13:58:33,409 - INFO - [2023] MISSING_FILE: /home/choij/Sync/workspace/ChargedHiggsAnalysisV3/SKNanoOutput/MatrixSelector/Run3Mu/2023/Skim_TriLep_Muon0_C_v4.root
2026-01-12 13:58:33,409 - INFO - [2023] MISSING_FILE: /home/choij/Sync/workspace/ChargedHiggsAnalysisV3/SKNanoOutput/MatrixSelector/Run3Mu/2023/Skim_TriLep_Muon1_C_v1.root
2026-01-12 13:58:33,409 - INFO - [2023] MISSING_FILE: /home/choij/Sync/workspace/ChargedHiggsAnalysisV3/SKNanoOutput/MatrixSelector/Run3Mu/2023/Skim_TriLep_Muon1_C_v2.root
2026-01-12 13:58:33,409 - INFO - [2023] MISSING_FILE: /home/choij/Sync/workspace/ChargedHiggsAnalysisV3/SKNanoOutput/MatrixSelector/Run3Mu/2023/Skim_TriLep_Muon1_C_v3.root
2026-01-12 13:58:33,409 - INFO - [2023] MISSING_FILE: /home/choij/Sync/workspace/ChargedHiggsAnalysisV3/SKNanoOutput/MatrixSelector/Run3Mu/2023/Skim_TriLep_Muon1_C_v4.root
2026-01-12 13:58:33,410 - INFO - [2023] MISSING_CENTRAL: SR3Mu/Central/bjets/3/eta in Skim_TriLep_DYJets.root
2026-01-12 13:58:33,410 - INFO - [2023] MISSING_CENTRAL: SR3Mu/Central/bjets/3/eta in Skim_TriLep_DYJets10to50.root
2026-01-12 13:58:33,411 - INFO - [2023] MISSING_CENTRAL: SR3Mu/Central/bjets/3/eta in Skim_TriLep_TTG_PTG10to100.root
2026-01-12 13:58:33,412 - INFO - [2023] MISSING_CENTRAL: SR3Mu/Central/bjets/3/eta in Skim_TriLep_TTG_PTG100to200.root
2026-01-12 13:58:33,412 - INFO - [2023] MISSING_CENTRAL: SR3Mu/Central/bjets/3/eta in Skim_TriLep_TTG_PTG200toInf.root
2026-01-12 13:58:33,438 - INFO - [2023] MISSING_CENTRAL: SR3Mu/Central/bjets/3/eta in Skim_TriLep_WZTo3LNu_powheg.root
2026-01-12 13:58:33,439 - INFO - [2023] MISSING_CENTRAL: SR3Mu/Central/bjets/3/eta in Skim_TriLep_ZZTo4L_powheg.root
2026-01-12 13:58:33,447 - INFO - [2023] MISSING_CENTRAL: SR3Mu/Central/bjets/3/eta in Skim_TriLep_tHq.root
2026-01-12 13:58:33,448 - INFO - [2023] MISSING_CENTRAL: SR3Mu/Central/bjets/3/eta in Skim_TriLep_WWW.root
2026-01-12 13:58:33,449 - INFO - [2023] MISSING_CENTRAL: SR3Mu/Central/bjets/3/eta in Skim_TriLep_WWZ.root
2026-01-12 13:58:33,450 - INFO - [2023] MISSING_CENTRAL: SR3Mu/Central/bjets/3/eta in Skim_TriLep_WZZ.root
2026-01-12 13:58:33,464 - INFO - [2023] MISSING_CENTRAL: SR3Mu/Central/bjets/3/eta in Skim_TriLep_VBFHToZZTo4L.root
2026-01-12 13:58:33,465 - INFO - [2023] MISSING_CENTRAL: SR3Mu/Central/bjets/3/eta in Skim_TriLep_ggHToZZTo4L.root
2026-01-12 13:58:33,465 - INFO - [2023BPix] MISSING_FILE: /home/choij/Sync/workspace/ChargedHiggsAnalysisV3/SKNanoOutput/MatrixSelector/Run3Mu/2023BPix/Skim_TriLep_Muon0_D_v1.root
2026-01-12 13:58:33,465 - INFO - [2023BPix] MISSING_FILE: /home/choij/Sync/workspace/ChargedHiggsAnalysisV3/SKNanoOutput/MatrixSelector/Run3Mu/2023BPix/Skim_TriLep_Muon0_D_v2.root
2026-01-12 13:58:33,465 - INFO - [2023BPix] MISSING_FILE: /home/choij/Sync/workspace/ChargedHiggsAnalysisV3/SKNanoOutput/MatrixSelector/Run3Mu/2023BPix/Skim_TriLep_Muon1_D_v1.root
2026-01-12 13:58:33,465 - INFO - [2023BPix] MISSING_FILE: /home/choij/Sync/workspace/ChargedHiggsAnalysisV3/SKNanoOutput/MatrixSelector/Run3Mu/2023BPix/Skim_TriLep_Muon1_D_v2.root
2026-01-12 13:58:33,466 - INFO - [2023BPix] MISSING_CENTRAL: SR3Mu/Central/bjets/3/eta in Skim_TriLep_DYJets.root
2026-01-12 13:58:33,466 - INFO - [2023BPix] MISSING_CENTRAL: SR3Mu/Central/bjets/3/eta in Skim_TriLep_DYJets10to50.root
2026-01-12 13:58:33,467 - INFO - [2023BPix] MISSING_CENTRAL: SR3Mu/Central/bjets/3/eta in Skim_TriLep_TTG_PTG10to100.root
2026-01-12 13:58:33,468 - INFO - [2023BPix] MISSING_CENTRAL: SR3Mu/Central/bjets/3/eta in Skim_TriLep_TTG_PTG100to200.root
2026-01-12 13:58:33,469 - INFO - [2023BPix] MISSING_CENTRAL: SR3Mu/Central/bjets/3/eta in Skim_TriLep_TTG_PTG200toInf.root
2026-01-12 13:58:33,469 - INFO - [2023BPix] MISSING_CENTRAL: SR3Mu/Central/bjets/3/eta in Skim_TriLep_TTWToLNu.root
2026-01-12 13:58:33,491 - INFO - [2023BPix] MISSING_CENTRAL: SR3Mu/Central/bjets/3/eta in Skim_TriLep_WZTo3LNu_powheg.root
2026-01-12 13:58:33,507 - INFO - [2023BPix] MISSING_CENTRAL: SR3Mu/Central/bjets/3/eta in Skim_TriLep_tHq.root
2026-01-12 13:58:33,508 - INFO - [2023BPix] MISSING_CENTRAL: SR3Mu/Central/bjets/3/eta in Skim_TriLep_WWW.root
2026-01-12 13:58:33,510 - INFO - [2023BPix] MISSING_CENTRAL: SR3Mu/Central/bjets/3/eta in Skim_TriLep_WWZ.root
2026-01-12 13:58:33,511 - INFO - [2023BPix] MISSING_CENTRAL: SR3Mu/Central/bjets/3/eta in Skim_TriLep_WZZ.root
2026-01-12 13:58:33,511 - INFO - [2023BPix] MISSING_CENTRAL: SR3Mu/Central/bjets/3/eta in Skim_TriLep_ZZZ.root
2026-01-12 13:58:33,519 - INFO - [2023BPix] MISSING_CENTRAL: SR3Mu/Central/bjets/3/eta in Skim_TriLep_VBFHToZZTo4L.root
2026-01-12 13:58:33,520 - INFO - [2023BPix] MISSING_CENTRAL: SR3Mu/Central/bjets/3/eta in Skim_TriLep_ggHToZZTo4L.root
2026-01-16 19:13:05,239 - INFO - [2022] MISSING_CENTRAL: SR3Mu/Central/bjets/3/eta in Skim_TriLep_DoubleMuon_C.root
2026-01-16 19:13:05,284 - INFO - [2022] MISSING_CENTRAL: SR3Mu/Central/bjets/3/eta in Skim_TriLep_Muon_D.root
2026-01-16 19:13:05,306 - INFO - [2022EE] MISSING_CENTRAL: SR3Mu/Central/bjets/3/eta in Skim_TriLep_Muon_G.root
2026-01-16 19:13:05,316 - INFO - [2023] MISSING_CENTRAL: SR3Mu/Central/bjets/3/eta in Skim_TriLep_Muon0_C_v1.root
2026-01-16 19:13:05,316 - INFO - [2023] MISSING_CENTRAL: SR3Mu/Central/bjets/3/eta in Skim_TriLep_Muon0_C_v2.root
2026-01-16 19:13:05,317 - INFO - [2023] MISSING_CENTRAL: SR3Mu/Central/bjets/3/eta in Skim_TriLep_Muon0_C_v3.root
2026-01-16 19:13:05,317 - INFO - [2023] MISSING_CENTRAL: SR3Mu/Central/bjets/3/eta in Skim_TriLep_Muon0_C_v4.root
2026-01-16 19:13:05,318 - INFO - [2023] MISSING_CENTRAL: SR3Mu/Central/bjets/3/eta in Skim_TriLep_Muon1_C_v1.root
2026-01-16 19:13:05,318 - INFO - [2023] MISSING_CENTRAL: SR3Mu/Central/bjets/3/eta in Skim_TriLep_Muon1_C_v2.root
2026-01-16 19:13:05,319 - INFO - [2023] MISSING_CENTRAL: SR3Mu/Central/bjets/3/eta in Skim_TriLep_Muon1_C_v3.root
2026-01-16 19:13:05,319 - INFO - [2023] MISSING_CENTRAL: SR3Mu/Central/bjets/3/eta in Skim_TriLep_Muon1_C_v4.root
2026-01-16 19:13:05,320 - INFO - [2023BPix] MISSING_CENTRAL: SR3Mu/Central/bjets/3/eta in Skim_TriLep_Muon0_D_v2.root
2026-01-16 19:13:05,321 - INFO - [2023BPix] MISSING_CENTRAL: SR3Mu/Central/bjets/3/eta in Skim_TriLep_Muon1_D_v1.root
2026-01-16 19:13:05,321 - INFO - [2023BPix] MISSING_CENTRAL: SR3Mu/Central/bjets/3/eta in Skim_TriLep_Muon1_D_v2.root
2026-01-16 19:13:05,325 - INFO - [2022] MISSING_CENTRAL: SR3Mu/Central/bjets/3/eta in Skim_TriLep_DoubleMuon_C.root
2026-01-16 19:13:05,335 - INFO - [2022] MISSING_CENTRAL: SR3Mu/Central/bjets/3/eta in Skim_TriLep_Muon_D.root
2026-01-16 19:13:05,336 - INFO - [2022] MISSING_CENTRAL: SR3Mu/Central/bjets/3/eta in Skim_TriLep_DYJets.root
2026-01-16 19:13:05,336 - INFO - [2022] MISSING_CENTRAL: SR3Mu/Central/bjets/3/eta in Skim_TriLep_DYJets10to50.root
2026-01-16 19:13:05,351 - INFO - [2022] MISSING_CENTRAL: SR3Mu/Central/bjets/3/eta in Skim_TriLep_TTG_PTG100to200.root
2026-01-16 19:13:05,351 - INFO - [2022] MISSING_CENTRAL: SR3Mu/Central/bjets/3/eta in Skim_TriLep_TTG_PTG200toInf.root
2026-01-16 19:13:05,352 - INFO - [2022] MISSING_CENTRAL: SR3Mu/Central/bjets/3/eta in Skim_TriLep_TTWToLNu.root
2026-01-16 19:13:05,371 - INFO - [2022] MISSING_CENTRAL: SR3Mu/Central/bjets/3/eta in Skim_TriLep_WZTo3LNu_powheg.root
2026-01-16 19:13:05,371 - INFO - [2022] MISSING_CENTRAL: SR3Mu/Central/bjets/3/eta in Skim_TriLep_ZZTo4L_powheg.root
2026-01-16 19:13:05,384 - INFO - [2022] MISSING_CENTRAL: SR3Mu/Central/bjets/3/eta in Skim_TriLep_WWW.root
2026-01-16 19:13:05,385 - INFO - [2022] MISSING_CENTRAL: SR3Mu/Central/bjets/3/eta in Skim_TriLep_WWZ.root
2026-01-16 19:13:05,385 - INFO - [2022] MISSING_CENTRAL: SR3Mu/Central/bjets/3/eta in Skim_TriLep_WZZ.root
2026-01-16 19:13:05,398 - INFO - [2022] MISSING_CENTRAL: SR3Mu/Central/bjets/3/eta in Skim_TriLep_VBFHToZZTo4L.root
2026-01-16 19:13:05,399 - INFO - [2022] MISSING_CENTRAL: SR3Mu/Central/bjets/3/eta in Skim_TriLep_ggHToZZTo4L.root
2026-01-16 19:13:05,399 - INFO - [2022EE] MISSING_CENTRAL: SR3Mu/Central/bjets/3/eta in Skim_TriLep_Muon_E.root
2026-01-16 19:13:05,401 - INFO - [2022EE] MISSING_CENTRAL: SR3Mu/Central/bjets/3/eta in Skim_TriLep_DYJets.root
2026-01-16 19:13:05,401 - INFO - [2022EE] MISSING_CENTRAL: SR3Mu/Central/bjets/3/eta in Skim_TriLep_DYJets10to50.root
2026-01-16 19:13:05,402 - INFO - [2022EE] MISSING_CENTRAL: SR3Mu/Central/bjets/3/eta in Skim_TriLep_TTG_PTG10to100.root
2026-01-16 19:13:05,403 - INFO - [2022EE] MISSING_CENTRAL: SR3Mu/Central/bjets/3/eta in Skim_TriLep_TTG_PTG100to200.root
2026-01-16 19:13:05,403 - INFO - [2022EE] MISSING_CENTRAL: SR3Mu/Central/bjets/3/eta in Skim_TriLep_TTG_PTG200toInf.root
2026-01-16 19:13:05,430 - INFO - [2022EE] MISSING_CENTRAL: SR3Mu/Central/bjets/3/eta in Skim_TriLep_WZTo3LNu_powheg.root
2026-01-16 19:13:05,450 - INFO - [2022EE] MISSING_CENTRAL: SR3Mu/Central/bjets/3/eta in Skim_TriLep_WWW.root
2026-01-16 19:13:05,451 - INFO - [2022EE] MISSING_CENTRAL: SR3Mu/Central/bjets/3/eta in Skim_TriLep_WWZ.root
2026-01-16 19:13:05,471 - INFO - [2022EE] MISSING_CENTRAL: SR3Mu/Central/bjets/3/eta in Skim_TriLep_VBFHToZZTo4L.root
2026-01-16 19:13:05,471 - INFO - [2022EE] MISSING_CENTRAL: SR3Mu/Central/bjets/3/eta in Skim_TriLep_ggHToZZTo4L.root
2026-01-16 19:13:05,472 - INFO - [2023] MISSING_CENTRAL: SR3Mu/Central/bjets/3/eta in Skim_TriLep_Muon0_C_v2.root
2026-01-16 19:13:05,473 - INFO - [2023] MISSING_CENTRAL: SR3Mu/Central/bjets/3/eta in Skim_TriLep_Muon0_C_v3.root
2026-01-16 19:13:05,474 - INFO - [2023] MISSING_CENTRAL: SR3Mu/Central/bjets/3/eta in Skim_TriLep_Muon1_C_v1.root
2026-01-16 19:13:05,475 - INFO - [2023] MISSING_CENTRAL: SR3Mu/Central/bjets/3/eta in Skim_TriLep_Muon1_C_v2.root
2026-01-16 19:13:05,475 - INFO - [2023] MISSING_CENTRAL: SR3Mu/Central/bjets/3/eta in Skim_TriLep_Muon1_C_v3.root
2026-01-16 19:13:05,476 - INFO - [2023] MISSING_CENTRAL: SR3Mu/Central/bjets/3/eta in Skim_TriLep_Muon1_C_v4.root
2026-01-16 19:13:05,476 - INFO - [2023] MISSING_CENTRAL: SR3Mu/Central/bjets/3/eta in Skim_TriLep_DYJets.root
2026-01-16 19:13:05,477 - INFO - [2023] MISSING_CENTRAL: SR3Mu/Central/bjets/3/eta in Skim_TriLep_DYJets10to50.root
2026-01-16 19:13:05,477 - INFO - [2023] MISSING_CENTRAL: SR3Mu/Central/bjets/3/eta in Skim_TriLep_TTG_PTG10to100.root
2026-01-16 19:13:05,478 - INFO - [2023] MISSING_CENTRAL: SR3Mu/Central/bjets/3/eta in Skim_TriLep_TTG_PTG100to200.root
2026-01-16 19:13:05,478 - INFO - [2023] MISSING_CENTRAL: SR3Mu/Central/bjets/3/eta in Skim_TriLep_TTG_PTG200toInf.root
2026-01-16 19:13:05,506 - INFO - [2023] MISSING_CENTRAL: SR3Mu/Central/bjets/3/eta in Skim_TriLep_WZTo3LNu_powheg.root
2026-01-16 19:13:05,507 - INFO - [2023] MISSING_CENTRAL: SR3Mu/Central/bjets/3/eta in Skim_TriLep_ZZTo4L_powheg.root
2026-01-16 19:13:05,514 - INFO - [2023] MISSING_CENTRAL: SR3Mu/Central/bjets/3/eta in Skim_TriLep_tHq.root
2026-01-16 19:13:05,515 - INFO - [2023] MISSING_CENTRAL: SR3Mu/Central/bjets/3/eta in Skim_TriLep_WWW.root
2026-01-16 19:13:05,516 - INFO - [2023] MISSING_CENTRAL: SR3Mu/Central/bjets/3/eta in Skim_TriLep_WWZ.root
2026-01-16 19:13:05,516 - INFO - [2023] MISSING_CENTRAL: SR3Mu/Central/bjets/3/eta in Skim_TriLep_WZZ.root
2026-01-16 19:13:05,532 - INFO - [2023] MISSING_CENTRAL: SR3Mu/Central/bjets/3/eta in Skim_TriLep_VBFHToZZTo4L.root
2026-01-16 19:13:05,532 - INFO - [2023] MISSING_CENTRAL: SR3Mu/Central/bjets/3/eta in Skim_TriLep_ggHToZZTo4L.root
2026-01-16 19:13:05,533 - INFO - [2023BPix] MISSING_CENTRAL: SR3Mu/Central/bjets/3/eta in Skim_TriLep_Muon0_D_v1.root
2026-01-16 19:13:05,533 - INFO - [2023BPix] MISSING_CENTRAL: SR3Mu/Central/bjets/3/eta in Skim_TriLep_Muon0_D_v2.root
2026-01-16 19:13:05,534 - INFO - [2023BPix] MISSING_CENTRAL: SR3Mu/Central/bjets/3/eta in Skim_TriLep_Muon1_D_v1.root
2026-01-16 19:13:05,534 - INFO - [2023BPix] MISSING_CENTRAL: SR3Mu/Central/bjets/3/eta in Skim_TriLep_Muon1_D_v2.root
2026-01-16 19:13:05,535 - INFO - [2023BPix] MISSING_CENTRAL: SR3Mu/Central/bjets/3/eta in Skim_TriLep_DYJets.root
2026-01-16 19:13:05,535 - INFO - [2023BPix] MISSING_CENTRAL: SR3Mu/Central/bjets/3/eta in Skim_TriLep_DYJets10to50.root
2026-01-16 19:13:05,536 - INFO - [2023BPix] MISSING_CENTRAL: SR3Mu/Central/bjets/3/eta in Skim_TriLep_TTG_PTG10to100.root
2026-01-16 19:13:05,537 - INFO - [2023BPix] MISSING_CENTRAL: SR3Mu/Central/bjets/3/eta in Skim_TriLep_TTG_PTG100to200.root
2026-01-16 19:13:05,537 - INFO - [2023BPix] MISSING_CENTRAL: SR3Mu/Central/bjets/3/eta in Skim_TriLep_TTG_PTG200toInf.root
2026-01-16 19:13:05,538 - INFO - [2023BPix] MISSING_CENTRAL: SR3Mu/Central/bjets/3/eta in Skim_TriLep_TTWToLNu.root
2026-01-16 19:13:05,559 - INFO - [2023BPix] MISSING_CENTRAL: SR3Mu/Central/bjets/3/eta in Skim_TriLep_WZTo3LNu_powheg.root
2026-01-16 19:13:05,574 - INFO - [2023BPix] MISSING_CENTRAL: SR3Mu/Central/bjets/3/eta in Skim_TriLep_tHq.root
2026-01-16 19:13:05,575 - INFO - [2023BPix] MISSING_CENTRAL: SR3Mu/Central/bjets/3/eta in Skim_TriLep_WWW.root
2026-01-16 19:13:05,576 - INFO - [2023BPix] MISSING_CENTRAL: SR3Mu/Central/bjets/3/eta in Skim_TriLep_WWZ.root
2026-01-16 19:13:05,576 - INFO - [2023BPix] MISSING_CENTRAL: SR3Mu/Central/bjets/3/eta in Skim_TriLep_WZZ.root
2026-01-16 19:13:05,577 - INFO - [2023BPix] MISSING_CENTRAL: SR3Mu/Central/bjets/3/eta in Skim_TriLep_ZZZ.root
2026-01-16 19:13:05,584 - INFO - [2023BPix] MISSING_CENTRAL: SR3Mu/Central/bjets/3/eta in Skim_TriLep_VBFHToZZTo4L.root
2026-01-16 19:13:05,585 - INFO - [2023BPix] MISSING_CENTRAL: SR3Mu/Central/bjets/3/eta in Skim_TriLep_ggHToZZTo4L.root
2026-01-21 13:02:25,018 - INFO - [2022] MISSING_CENTRAL: SR3Mu/Central/bjets/3/eta in Skim_TriLep_DoubleMuon_C.root
2026-01-21 13:02:25,088 - INFO - [2022] MISSING_CENTRAL: SR3Mu/Central/bjets/3/eta in Skim_TriLep_Muon_D.root
2026-01-21 13:02:25,128 - INFO - [2022EE] MISSING_CENTRAL: SR3Mu/Central/bjets/3/eta in Skim_TriLep_Muon_G.root
2026-01-21 13:02:25,137 - INFO - [2023] MISSING_CENTRAL: SR3Mu/Central/bjets/3/eta in Skim_TriLep_Muon0_C_v1.root
2026-01-21 13:02:25,138 - INFO - [2023] MISSING_CENTRAL: SR3Mu/Central/bjets/3/eta in Skim_TriLep_Muon0_C_v2.root
2026-01-21 13:02:25,138 - INFO - [2023] MISSING_CENTRAL: SR3Mu/Central/bjets/3/eta in Skim_TriLep_Muon0_C_v3.root
2026-01-21 13:02:25,139 - INFO - [2023] MISSING_CENTRAL: SR3Mu/Central/bjets/3/eta in Skim_TriLep_Muon0_C_v4.root
2026-01-21 13:02:25,139 - INFO - [2023] MISSING_CENTRAL: SR3Mu/Central/bjets/3/eta in Skim_TriLep_Muon1_C_v1.root
2026-01-21 13:02:25,139 - INFO - [2023] MISSING_CENTRAL: SR3Mu/Central/bjets/3/eta in Skim_TriLep_Muon1_C_v2.root
2026-01-21 13:02:25,140 - INFO - [2023] MISSING_CENTRAL: SR3Mu/Central/bjets/3/eta in Skim_TriLep_Muon1_C_v3.root
2026-01-21 13:02:25,140 - INFO - [2023] MISSING_CENTRAL: SR3Mu/Central/bjets/3/eta in Skim_TriLep_Muon1_C_v4.root
2026-01-21 13:02:25,141 - INFO - [2023BPix] MISSING_CENTRAL: SR3Mu/Central/bjets/3/eta in Skim_TriLep_Muon0_D_v2.root
2026-01-21 13:02:25,142 - INFO - [2023BPix] MISSING_CENTRAL: SR3Mu/Central/bjets/3/eta in Skim_TriLep_Muon1_D_v1.root
2026-01-21 13:02:25,142 - INFO - [2023BPix] MISSING_CENTRAL: SR3Mu/Central/bjets/3/eta in Skim_TriLep_Muon1_D_v2.root
2026-01-21 13:02:25,146 - INFO - [2022] MISSING_CENTRAL: SR3Mu/Central/bjets/3/eta in Skim_TriLep_DoubleMuon_C.root
2026-01-21 13:02:25,155 - INFO - [2022] MISSING_CENTRAL: SR3Mu/Central/bjets/3/eta in Skim_TriLep_Muon_D.root
2026-01-21 13:02:25,156 - INFO - [2022] MISSING_CENTRAL: SR3Mu/Central/bjets/3/eta in Skim_TriLep_DYJets.root
2026-01-21 13:02:25,156 - INFO - [2022] MISSING_CENTRAL: SR3Mu/Central/bjets/3/eta in Skim_TriLep_DYJets10to50.root
2026-01-21 13:02:25,170 - INFO - [2022] MISSING_CENTRAL: SR3Mu/Central/bjets/3/eta in Skim_TriLep_TTG_PTG100to200.root
2026-01-21 13:02:25,170 - INFO - [2022] MISSING_CENTRAL: SR3Mu/Central/bjets/3/eta in Skim_TriLep_TTG_PTG200toInf.root
2026-01-21 13:02:25,171 - INFO - [2022] MISSING_CENTRAL: SR3Mu/Central/bjets/3/eta in Skim_TriLep_TTWToLNu.root
2026-01-21 13:02:25,189 - INFO - [2022] MISSING_CENTRAL: SR3Mu/Central/bjets/3/eta in Skim_TriLep_WZTo3LNu_powheg.root
2026-01-21 13:02:25,190 - INFO - [2022] MISSING_CENTRAL: SR3Mu/Central/bjets/3/eta in Skim_TriLep_ZZTo4L_powheg.root
2026-01-21 13:02:25,203 - INFO - [2022] MISSING_CENTRAL: SR3Mu/Central/bjets/3/eta in Skim_TriLep_WWW.root
2026-01-21 13:02:25,203 - INFO - [2022] MISSING_CENTRAL: SR3Mu/Central/bjets/3/eta in Skim_TriLep_WWZ.root
2026-01-21 13:02:25,204 - INFO - [2022] MISSING_CENTRAL: SR3Mu/Central/bjets/3/eta in Skim_TriLep_WZZ.root
2026-01-21 13:02:25,216 - INFO - [2022] MISSING_CENTRAL: SR3Mu/Central/bjets/3/eta in Skim_TriLep_VBFHToZZTo4L.root
2026-01-21 13:02:25,217 - INFO - [2022] MISSING_CENTRAL: SR3Mu/Central/bjets/3/eta in Skim_TriLep_ggHToZZTo4L.root
2026-01-21 13:02:25,217 - INFO - [2022EE] MISSING_CENTRAL: SR3Mu/Central/bjets/3/eta in Skim_TriLep_Muon_E.root
2026-01-21 13:02:25,219 - INFO - [2022EE] MISSING_CENTRAL: SR3Mu/Central/bjets/3/eta in Skim_TriLep_DYJets.root
2026-01-21 13:02:25,219 - INFO - [2022EE] MISSING_CENTRAL: SR3Mu/Central/bjets/3/eta in Skim_TriLep_DYJets10to50.root
2026-01-21 13:02:25,220 - INFO - [2022EE] MISSING_CENTRAL: SR3Mu/Central/bjets/3/eta in Skim_TriLep_TTG_PTG10to100.root
2026-01-21 13:02:25,220 - INFO - [2022EE] MISSING_CENTRAL: SR3Mu/Central/bjets/3/eta in Skim_TriLep_TTG_PTG100to200.root
2026-01-21 13:02:25,221 - INFO - [2022EE] MISSING_CENTRAL: SR3Mu/Central/bjets/3/eta in Skim_TriLep_TTG_PTG200toInf.root
2026-01-21 13:02:25,246 - INFO - [2022EE] MISSING_CENTRAL: SR3Mu/Central/bjets/3/eta in Skim_TriLep_WZTo3LNu_powheg.root
2026-01-21 13:02:25,266 - INFO - [2022EE] MISSING_CENTRAL: SR3Mu/Central/bjets/3/eta in Skim_TriLep_WWW.root
2026-01-21 13:02:25,267 - INFO - [2022EE] MISSING_CENTRAL: SR3Mu/Central/bjets/3/eta in Skim_TriLep_WWZ.root
2026-01-21 13:02:25,286 - INFO - [2022EE] MISSING_CENTRAL: SR3Mu/Central/bjets/3/eta in Skim_TriLep_VBFHToZZTo4L.root
2026-01-21 13:02:25,287 - INFO - [2022EE] MISSING_CENTRAL: SR3Mu/Central/bjets/3/eta in Skim_TriLep_ggHToZZTo4L.root
2026-01-21 13:02:25,288 - INFO - [2023] MISSING_CENTRAL: SR3Mu/Central/bjets/3/eta in Skim_TriLep_Muon0_C_v2.root
2026-01-21 13:02:25,289 - INFO - [2023] MISSING_CENTRAL: SR3Mu/Central/bjets/3/eta in Skim_TriLep_Muon0_C_v3.root
2026-01-21 13:02:25,290 - INFO - [2023] MISSING_CENTRAL: SR3Mu/Central/bjets/3/eta in Skim_TriLep_Muon1_C_v1.root
2026-01-21 13:02:25,291 - INFO - [2023] MISSING_CENTRAL: SR3Mu/Central/bjets/3/eta in Skim_TriLep_Muon1_C_v2.root
2026-01-21 13:02:25,291 - INFO - [2023] MISSING_CENTRAL: SR3Mu/Central/bjets/3/eta in Skim_TriLep_Muon1_C_v3.root
2026-01-21 13:02:25,292 - INFO - [2023] MISSING_CENTRAL: SR3Mu/Central/bjets/3/eta in Skim_TriLep_Muon1_C_v4.root
2026-01-21 13:02:25,292 - INFO - [2023] MISSING_CENTRAL: SR3Mu/Central/bjets/3/eta in Skim_TriLep_DYJets.root
2026-01-21 13:02:25,293 - INFO - [2023] MISSING_CENTRAL: SR3Mu/Central/bjets/3/eta in Skim_TriLep_DYJets10to50.root
2026-01-21 13:02:25,293 - INFO - [2023] MISSING_CENTRAL: SR3Mu/Central/bjets/3/eta in Skim_TriLep_TTG_PTG10to100.root
2026-01-21 13:02:25,294 - INFO - [2023] MISSING_CENTRAL: SR3Mu/Central/bjets/3/eta in Skim_TriLep_TTG_PTG100to200.root
2026-01-21 13:02:25,294 - INFO - [2023] MISSING_CENTRAL: SR3Mu/Central/bjets/3/eta in Skim_TriLep_TTG_PTG200toInf.root
2026-01-21 13:02:25,321 - INFO - [2023] MISSING_CENTRAL: SR3Mu/Central/bjets/3/eta in Skim_TriLep_WZTo3LNu_powheg.root
2026-01-21 13:02:25,322 - INFO - [2023] MISSING_CENTRAL: SR3Mu/Central/bjets/3/eta in Skim_TriLep_ZZTo4L_powheg.root
2026-01-21 13:02:25,329 - INFO - [2023] MISSING_CENTRAL: SR3Mu/Central/bjets/3/eta in Skim_TriLep_tHq.root
2026-01-21 13:02:25,329 - INFO - [2023] MISSING_CENTRAL: SR3Mu/Central/bjets/3/eta in Skim_TriLep_WWW.root
2026-01-21 13:02:25,330 - INFO - [2023] MISSING_CENTRAL: SR3Mu/Central/bjets/3/eta in Skim_TriLep_WWZ.root
2026-01-21 13:02:25,330 - INFO - [2023] MISSING_CENTRAL: SR3Mu/Central/bjets/3/eta in Skim_TriLep_WZZ.root
2026-01-21 13:02:25,345 - INFO - [2023] MISSING_CENTRAL: SR3Mu/Central/bjets/3/eta in Skim_TriLep_VBFHToZZTo4L.root
2026-01-21 13:02:25,346 - INFO - [2023] MISSING_CENTRAL: SR3Mu/Central/bjets/3/eta in Skim_TriLep_ggHToZZTo4L.root
2026-01-21 13:02:25,346 - INFO - [2023BPix] MISSING_CENTRAL: SR3Mu/Central/bjets/3/eta in Skim_TriLep_Muon0_D_v1.root
2026-01-21 13:02:25,347 - INFO - [2023BPix] MISSING_CENTRAL: SR3Mu/Central/bjets/3/eta in Skim_TriLep_Muon0_D_v2.root
2026-01-21 13:02:25,347 - INFO - [2023BPix] MISSING_CENTRAL: SR3Mu/Central/bjets/3/eta in Skim_TriLep_Muon1_D_v1.root
2026-01-21 13:02:25,348 - INFO - [2023BPix] MISSING_CENTRAL: SR3Mu/Central/bjets/3/eta in Skim_TriLep_Muon1_D_v2.root
2026-01-21 13:02:25,348 - INFO - [2023BPix] MISSING_CENTRAL: SR3Mu/Central/bjets/3/eta in Skim_TriLep_DYJets.root
2026-01-21 13:02:25,349 - INFO - [2023BPix] MISSING_CENTRAL: SR3Mu/Central/bjets/3/eta in Skim_TriLep_DYJets10to50.root
2026-01-21 13:02:25,349 - INFO - [2023BPix] MISSING_CENTRAL: SR3Mu/Central/bjets/3/eta in Skim_TriLep_TTG_PTG10to100.root
2026-01-21 13:02:25,350 - INFO - [2023BPix] MISSING_CENTRAL: SR3Mu/Central/bjets/3/eta in Skim_TriLep_TTG_PTG100to200.root
2026-01-21 13:02:25,351 - INFO - [2023BPix] MISSING_CENTRAL: SR3Mu/Central/bjets/3/eta in Skim_TriLep_TTG_PTG200toInf.root
2026-01-21 13:02:25,351 - INFO - [2023BPix] MISSING_CENTRAL: SR3Mu/Central/bjets/3/eta in Skim_TriLep_TTWToLNu.root
2026-01-21 13:02:25,371 - INFO - [2023BPix] MISSING_CENTRAL: SR3Mu/Central/bjets/3/eta in Skim_TriLep_WZTo3LNu_powheg.root
2026-01-21 13:02:25,384 - INFO - [2023BPix] MISSING_CENTRAL: SR3Mu/Central/bjets/3/eta in Skim_TriLep_tHq.root
2026-01-21 13:02:25,385 - INFO - [2023BPix] MISSING_CENTRAL: SR3Mu/Central/bjets/3/eta in Skim_TriLep_WWW.root
2026-01-21 13:02:25,386 - INFO - [2023BPix] MISSING_CENTRAL: SR3Mu/Central/bjets/3/eta in Skim_TriLep_WWZ.root
2026-01-21 13:02:25,386 - INFO - [2023BPix] MISSING_CENTRAL: SR3Mu/Central/bjets/3/eta in Skim_TriLep_WZZ.root
2026-01-21 13:02:25,387 - INFO - [2023BPix] MISSING_CENTRAL: SR3Mu/Central/bjets/3/eta in Skim_TriLep_ZZZ.root
2026-01-21 13:02:25,394 - INFO - [2023BPix] MISSING_CENTRAL: SR3Mu/Central/bjets/3/eta in Skim_TriLep_VBFHToZZTo4L.root
2026-01-21 13:02:25,395 - INFO - [2023BPix] MISSING_CENTRAL: SR3Mu/Central/bjets/3/eta in Skim_TriLep_ggHToZZTo4L.root
2026-01-21 14:50:51,012 - INFO - [2022] MISSING_CENTRAL: SR3Mu/Central/bjets/3/eta in Skim_TriLep_DoubleMuon_C.root
2026-01-21 14:50:51,047 - INFO - [2022] MISSING_CENTRAL: SR3Mu/Central/bjets/3/eta in Skim_TriLep_Muon_D.root
2026-01-21 14:50:51,068 - INFO - [2022EE] MISSING_CENTRAL: SR3Mu/Central/bjets/3/eta in Skim_TriLep_Muon_G.root
2026-01-21 14:50:51,077 - INFO - [2023] MISSING_CENTRAL: SR3Mu/Central/bjets/3/eta in Skim_TriLep_Muon0_C_v1.root
2026-01-21 14:50:51,077 - INFO - [2023] MISSING_CENTRAL: SR3Mu/Central/bjets/3/eta in Skim_TriLep_Muon0_C_v2.root
2026-01-21 14:50:51,078 - INFO - [2023] MISSING_CENTRAL: SR3Mu/Central/bjets/3/eta in Skim_TriLep_Muon0_C_v3.root
2026-01-21 14:50:51,078 - INFO - [2023] MISSING_CENTRAL: SR3Mu/Central/bjets/3/eta in Skim_TriLep_Muon0_C_v4.root
2026-01-21 14:50:51,079 - INFO - [2023] MISSING_CENTRAL: SR3Mu/Central/bjets/3/eta in Skim_TriLep_Muon1_C_v1.root
2026-01-21 14:50:51,079 - INFO - [2023] MISSING_CENTRAL: SR3Mu/Central/bjets/3/eta in Skim_TriLep_Muon1_C_v2.root
2026-01-21 14:50:51,080 - INFO - [2023] MISSING_CENTRAL: SR3Mu/Central/bjets/3/eta in Skim_TriLep_Muon1_C_v3.root
2026-01-21 14:50:51,080 - INFO - [2023] MISSING_CENTRAL: SR3Mu/Central/bjets/3/eta in Skim_TriLep_Muon1_C_v4.root
2026-01-21 14:50:51,081 - INFO - [2023BPix] MISSING_CENTRAL: SR3Mu/Central/bjets/3/eta in Skim_TriLep_Muon0_D_v2.root
2026-01-21 14:50:51,081 - INFO - [2023BPix] MISSING_CENTRAL: SR3Mu/Central/bjets/3/eta in Skim_TriLep_Muon1_D_v1.root
2026-01-21 14:50:51,082 - INFO - [2023BPix] MISSING_CENTRAL: SR3Mu/Central/bjets/3/eta in Skim_TriLep_Muon1_D_v2.root
2026-01-21 14:50:51,086 - INFO - [2022] MISSING_CENTRAL: SR3Mu/Central/bjets/3/eta in Skim_TriLep_DoubleMuon_C.root
2026-01-21 14:50:51,095 - INFO - [2022] MISSING_CENTRAL: SR3Mu/Central/bjets/3/eta in Skim_TriLep_Muon_D.root
2026-01-21 14:50:51,095 - INFO - [2022] MISSING_CENTRAL: SR3Mu/Central/bjets/3/eta in Skim_TriLep_DYJets.root
2026-01-21 14:50:51,096 - INFO - [2022] MISSING_CENTRAL: SR3Mu/Central/bjets/3/eta in Skim_TriLep_DYJets10to50.root
2026-01-21 14:50:51,109 - INFO - [2022] MISSING_CENTRAL: SR3Mu/Central/bjets/3/eta in Skim_TriLep_TTG_PTG100to200.root
2026-01-21 14:50:51,110 - INFO - [2022] MISSING_CENTRAL: SR3Mu/Central/bjets/3/eta in Skim_TriLep_TTG_PTG200toInf.root
2026-01-21 14:50:51,110 - INFO - [2022] MISSING_CENTRAL: SR3Mu/Central/bjets/3/eta in Skim_TriLep_TTWToLNu.root
2026-01-21 14:50:51,128 - INFO - [2022] MISSING_CENTRAL: SR3Mu/Central/bjets/3/eta in Skim_TriLep_WZTo3LNu_powheg.root
2026-01-21 14:50:51,128 - INFO - [2022] MISSING_CENTRAL: SR3Mu/Central/bjets/3/eta in Skim_TriLep_ZZTo4L_powheg.root
2026-01-21 14:50:51,140 - INFO - [2022] MISSING_CENTRAL: SR3Mu/Central/bjets/3/eta in Skim_TriLep_WWW.root
2026-01-21 14:50:51,141 - INFO - [2022] MISSING_CENTRAL: SR3Mu/Central/bjets/3/eta in Skim_TriLep_WWZ.root
2026-01-21 14:50:51,141 - INFO - [2022] MISSING_CENTRAL: SR3Mu/Central/bjets/3/eta in Skim_TriLep_WZZ.root
2026-01-21 14:50:51,152 - INFO - [2022] MISSING_CENTRAL: SR3Mu/Central/bjets/3/eta in Skim_TriLep_VBFHToZZTo4L.root
2026-01-21 14:50:51,153 - INFO - [2022] MISSING_CENTRAL: SR3Mu/Central/bjets/3/eta in Skim_TriLep_ggHToZZTo4L.root
2026-01-21 14:50:51,154 - INFO - [2022EE] MISSING_CENTRAL: SR3Mu/Central/bjets/3/eta in Skim_TriLep_Muon_E.root
2026-01-21 14:50:51,155 - INFO - [2022EE] MISSING_CENTRAL: SR3Mu/Central/bjets/3/eta in Skim_TriLep_DYJets.root
2026-01-21 14:50:51,156 - INFO - [2022EE] MISSING_CENTRAL: SR3Mu/Central/bjets/3/eta in Skim_TriLep_DYJets10to50.root
2026-01-21 14:50:51,156 - INFO - [2022EE] MISSING_CENTRAL: SR3Mu/Central/bjets/3/eta in Skim_TriLep_TTG_PTG10to100.root
2026-01-21 14:50:51,157 - INFO - [2022EE] MISSING_CENTRAL: SR3Mu/Central/bjets/3/eta in Skim_TriLep_TTG_PTG100to200.root
2026-01-21 14:50:51,157 - INFO - [2022EE] MISSING_CENTRAL: SR3Mu/Central/bjets/3/eta in Skim_TriLep_TTG_PTG200toInf.root
2026-01-21 14:50:51,180 - INFO - [2022EE] MISSING_CENTRAL: SR3Mu/Central/bjets/3/eta in Skim_TriLep_WZTo3LNu_powheg.root
2026-01-21 14:50:51,199 - INFO - [2022EE] MISSING_CENTRAL: SR3Mu/Central/bjets/3/eta in Skim_TriLep_WWW.root
2026-01-21 14:50:51,200 - INFO - [2022EE] MISSING_CENTRAL: SR3Mu/Central/bjets/3/eta in Skim_TriLep_WWZ.root
2026-01-21 14:50:51,220 - INFO - [2022EE] MISSING_CENTRAL: SR3Mu/Central/bjets/3/eta in Skim_TriLep_VBFHToZZTo4L.root
2026-01-21 14:50:51,221 - INFO - [2022EE] MISSING_CENTRAL: SR3Mu/Central/bjets/3/eta in Skim_TriLep_ggHToZZTo4L.root
2026-01-21 14:50:51,222 - INFO - [2023] MISSING_CENTRAL: SR3Mu/Central/bjets/3/eta in Skim_TriLep_Muon0_C_v2.root
2026-01-21 14:50:51,223 - INFO - [2023] MISSING_CENTRAL: SR3Mu/Central/bjets/3/eta in Skim_TriLep_Muon0_C_v3.root
2026-01-21 14:50:51,224 - INFO - [2023] MISSING_CENTRAL: SR3Mu/Central/bjets/3/eta in Skim_TriLep_Muon1_C_v1.root
2026-01-21 14:50:51,224 - INFO - [2023] MISSING_CENTRAL: SR3Mu/Central/bjets/3/eta in Skim_TriLep_Muon1_C_v2.root
2026-01-21 14:50:51,225 - INFO - [2023] MISSING_CENTRAL: SR3Mu/Central/bjets/3/eta in Skim_TriLep_Muon1_C_v3.root
2026-01-21 14:50:51,226 - INFO - [2023] MISSING_CENTRAL: SR3Mu/Central/bjets/3/eta in Skim_TriLep_Muon1_C_v4.root
2026-01-21 14:50:51,226 - INFO - [2023] MISSING_CENTRAL: SR3Mu/Central/bjets/3/eta in Skim_TriLep_DYJets.root
2026-01-21 14:50:51,227 - INFO - [2023] MISSING_CENTRAL: SR3Mu/Central/bjets/3/eta in Skim_TriLep_DYJets10to50.root
2026-01-21 14:50:51,227 - INFO - [2023] MISSING_CENTRAL: SR3Mu/Central/bjets/3/eta in Skim_TriLep_TTG_PTG10to100.root
2026-01-21 14:50:51,228 - INFO - [2023] MISSING_CENTRAL: SR3Mu/Central/bjets/3/eta in Skim_TriLep_TTG_PTG100to200.root
2026-01-21 14:50:51,228 - INFO - [2023] MISSING_CENTRAL: SR3Mu/Central/bjets/3/eta in Skim_TriLep_TTG_PTG200toInf.root
2026-01-21 14:50:51,254 - INFO - [2023] MISSING_CENTRAL: SR3Mu/Central/bjets/3/eta in Skim_TriLep_WZTo3LNu_powheg.root
2026-01-21 14:50:51,255 - INFO - [2023] MISSING_CENTRAL: SR3Mu/Central/bjets/3/eta in Skim_TriLep_ZZTo4L_powheg.root
2026-01-21 14:50:51,262 - INFO - [2023] MISSING_CENTRAL: SR3Mu/Central/bjets/3/eta in Skim_TriLep_tHq.root
2026-01-21 14:50:51,263 - INFO - [2023] MISSING_CENTRAL: SR3Mu/Central/bjets/3/eta in Skim_TriLep_WWW.root
2026-01-21 14:50:51,263 - INFO - [2023] MISSING_CENTRAL: SR3Mu/Central/bjets/3/eta in Skim_TriLep_WWZ.root
2026-01-21 14:50:51,264 - INFO - [2023] MISSING_CENTRAL: SR3Mu/Central/bjets/3/eta in Skim_TriLep_WZZ.root
2026-01-21 14:50:51,279 - INFO - [2023] MISSING_CENTRAL: SR3Mu/Central/bjets/3/eta in Skim_TriLep_VBFHToZZTo4L.root
2026-01-21 14:50:51,280 - INFO - [2023] MISSING_CENTRAL: SR3Mu/Central/bjets/3/eta in Skim_TriLep_ggHToZZTo4L.root
2026-01-21 14:50:51,281 - INFO - [2023BPix] MISSING_CENTRAL: SR3Mu/Central/bjets/3/eta in Skim_TriLep_Muon0_D_v1.root
2026-01-21 14:50:51,281 - INFO - [2023BPix] MISSING_CENTRAL: SR3Mu/Central/bjets/3/eta in Skim_TriLep_Muon0_D_v2.root
2026-01-21 14:50:51,282 - INFO - [2023BPix] MISSING_CENTRAL: SR3Mu/Central/bjets/3/eta in Skim_TriLep_Muon1_D_v1.root
2026-01-21 14:50:51,282 - INFO - [2023BPix] MISSING_CENTRAL: SR3Mu/Central/bjets/3/eta in Skim_TriLep_Muon1_D_v2.root
2026-01-21 14:50:51,283 - INFO - [2023BPix] MISSING_CENTRAL: SR3Mu/Central/bjets/3/eta in Skim_TriLep_DYJets.root
2026-01-21 14:50:51,284 - INFO - [2023BPix] MISSING_CENTRAL: SR3Mu/Central/bjets/3/eta in Skim_TriLep_DYJets10to50.root
2026-01-21 14:50:51,284 - INFO - [2023BPix] MISSING_CENTRAL: SR3Mu/Central/bjets/3/eta in Skim_TriLep_TTG_PTG10to100.root
2026-01-21 14:50:51,285 - INFO - [2023BPix] MISSING_CENTRAL: SR3Mu/Central/bjets/3/eta in Skim_TriLep_TTG_PTG100to200.root
2026-01-21 14:50:51,286 - INFO - [2023BPix] MISSING_CENTRAL: SR3Mu/Central/bjets/3/eta in Skim_TriLep_TTG_PTG200toInf.root
2026-01-21 14:50:51,286 - INFO - [2023BPix] MISSING_CENTRAL: SR3Mu/Central/bjets/3/eta in Skim_TriLep_TTWToLNu.root
2026-01-21 14:50:51,308 - INFO - [2023BPix] MISSING_CENTRAL: SR3Mu/Central/bjets/3/eta in Skim_TriLep_WZTo3LNu_powheg.root
2026-01-21 14:50:51,322 - INFO - [2023BPix] MISSING_CENTRAL: SR3Mu/Central/bjets/3/eta in Skim_TriLep_tHq.root
2026-01-21 14:50:51,323 - INFO - [2023BPix] MISSING_CENTRAL: SR3Mu/Central/bjets/3/eta in Skim_TriLep_WWW.root
2026-01-21 14:50:51,324 - INFO - [2023BPix] MISSING_CENTRAL: SR3Mu/Central/bjets/3/eta in Skim_TriLep_WWZ.root
2026-01-21 14:50:51,324 - INFO - [2023BPix] MISSING_CENTRAL: SR3Mu/Central/bjets/3/eta in Skim_TriLep_WZZ.root
2026-01-21 14:50:51,325 - INFO - [2023BPix] MISSING_CENTRAL: SR3Mu/Central/bjets/3/eta in Skim_TriLep_ZZZ.root
2026-01-21 14:50:51,332 - INFO - [2023BPix] MISSING_CENTRAL: SR3Mu/Central/bjets/3/eta in Skim_TriLep_VBFHToZZTo4L.root
2026-01-21 14:50:51,333 - INFO - [2023BPix] MISSING_CENTRAL: SR3Mu/Central/bjets/3/eta in Skim_TriLep_ggHToZZTo4L.root
2026-01-28 17:09:47,531 - INFO - [2022] MISSING_CENTRAL: SR3Mu/Central/bjets/3/eta in Skim_TriLep_DoubleMuon_C.root
2026-01-28 17:09:47,566 - INFO - [2022] MISSING_CENTRAL: SR3Mu/Central/bjets/3/eta in Skim_TriLep_Muon_D.root
2026-01-28 17:09:47,588 - INFO - [2022EE] MISSING_CENTRAL: SR3Mu/Central/bjets/3/eta in Skim_TriLep_Muon_G.root
2026-01-28 17:09:47,599 - INFO - [2023] MISSING_CENTRAL: SR3Mu/Central/bjets/3/eta in Skim_TriLep_Muon0_C_v1.root
2026-01-28 17:09:47,600 - INFO - [2023] MISSING_CENTRAL: SR3Mu/Central/bjets/3/eta in Skim_TriLep_Muon0_C_v2.root
2026-01-28 17:09:47,600 - INFO - [2023] MISSING_CENTRAL: SR3Mu/Central/bjets/3/eta in Skim_TriLep_Muon0_C_v3.root
2026-01-28 17:09:47,601 - INFO - [2023] MISSING_CENTRAL: SR3Mu/Central/bjets/3/eta in Skim_TriLep_Muon0_C_v4.root
2026-01-28 17:09:47,602 - INFO - [2023] MISSING_CENTRAL: SR3Mu/Central/bjets/3/eta in Skim_TriLep_Muon1_C_v1.root
2026-01-28 17:09:47,602 - INFO - [2023] MISSING_CENTRAL: SR3Mu/Central/bjets/3/eta in Skim_TriLep_Muon1_C_v2.root
2026-01-28 17:09:47,603 - INFO - [2023] MISSING_CENTRAL: SR3Mu/Central/bjets/3/eta in Skim_TriLep_Muon1_C_v3.root
2026-01-28 17:09:47,603 - INFO - [2023] MISSING_CENTRAL: SR3Mu/Central/bjets/3/eta in Skim_TriLep_Muon1_C_v4.root
2026-01-28 17:09:47,605 - INFO - [2023BPix] MISSING_CENTRAL: SR3Mu/Central/bjets/3/eta in Skim_TriLep_Muon0_D_v2.root
2026-01-28 17:09:47,605 - INFO - [2023BPix] MISSING_CENTRAL: SR3Mu/Central/bjets/3/eta in Skim_TriLep_Muon1_D_v1.root
2026-01-28 17:09:47,606 - INFO - [2023BPix] MISSING_CENTRAL: SR3Mu/Central/bjets/3/eta in Skim_TriLep_Muon1_D_v2.root
2026-01-28 17:09:47,611 - INFO - [2022] MISSING_CENTRAL: SR3Mu/Central/bjets/3/eta in Skim_TriLep_DoubleMuon_C.root
2026-01-28 17:09:47,621 - INFO - [2022] MISSING_CENTRAL: SR3Mu/Central/bjets/3/eta in Skim_TriLep_Muon_D.root
2026-01-28 17:09:47,622 - INFO - [2022] MISSING_CENTRAL: SR3Mu/Central/bjets/3/eta in Skim_TriLep_DYJets.root
2026-01-28 17:09:47,623 - INFO - [2022] MISSING_CENTRAL: SR3Mu/Central/bjets/3/eta in Skim_TriLep_DYJets10to50.root
2026-01-28 17:09:47,623 - INFO - [2022] MISSING_CENTRAL: SR3Mu/Central/bjets/3/eta in Skim_TriLep_TTG_PTG10to100.root
2026-01-28 17:09:47,624 - INFO - [2022] MISSING_CENTRAL: SR3Mu/Central/bjets/3/eta in Skim_TriLep_TTG_PTG100to200.root
2026-01-28 17:09:47,625 - INFO - [2022] MISSING_CENTRAL: SR3Mu/Central/bjets/3/eta in Skim_TriLep_TTG_PTG200toInf.root
2026-01-28 17:09:47,626 - INFO - [2022] MISSING_CENTRAL: SR3Mu/Central/bjets/3/eta in Skim_TriLep_TTWToLNu.root
2026-01-28 17:09:47,660 - INFO - [2022] MISSING_CENTRAL: SR3Mu/Central/bjets/3/eta in Skim_TriLep_WZTo3LNu_powheg.root
2026-01-28 17:09:47,661 - INFO - [2022] MISSING_CENTRAL: SR3Mu/Central/bjets/3/eta in Skim_TriLep_ZZTo4L_powheg.root
2026-01-28 17:09:47,672 - INFO - [2022] MISSING_CENTRAL: SR3Mu/Central/bjets/3/eta in Skim_TriLep_WWW.root
2026-01-28 17:09:47,674 - INFO - [2022] MISSING_CENTRAL: SR3Mu/Central/bjets/3/eta in Skim_TriLep_WWZ.root
2026-01-28 17:09:47,675 - INFO - [2022] MISSING_CENTRAL: SR3Mu/Central/bjets/3/eta in Skim_TriLep_WZZ.root
2026-01-28 17:09:47,691 - INFO - [2022] MISSING_CENTRAL: SR3Mu/Central/bjets/3/eta in Skim_TriLep_VBFHToZZTo4L.root
2026-01-28 17:09:47,692 - INFO - [2022] MISSING_CENTRAL: SR3Mu/Central/bjets/3/eta in Skim_TriLep_ggHToZZTo4L.root
2026-01-28 17:09:47,692 - INFO - [2022EE] MISSING_CENTRAL: SR3Mu/Central/bjets/3/eta in Skim_TriLep_Muon_E.root
2026-01-28 17:09:47,694 - INFO - [2022EE] MISSING_CENTRAL: SR3Mu/Central/bjets/3/eta in Skim_TriLep_DYJets.root
2026-01-28 17:09:47,695 - INFO - [2022EE] MISSING_CENTRAL: SR3Mu/Central/bjets/3/eta in Skim_TriLep_DYJets10to50.root
2026-01-28 17:09:47,695 - INFO - [2022EE] MISSING_CENTRAL: SR3Mu/Central/bjets/3/eta in Skim_TriLep_TTG_PTG10to100.root
2026-01-28 17:09:47,696 - INFO - [2022EE] MISSING_CENTRAL: SR3Mu/Central/bjets/3/eta in Skim_TriLep_TTG_PTG100to200.root
2026-01-28 17:09:47,697 - INFO - [2022EE] MISSING_CENTRAL: SR3Mu/Central/bjets/3/eta in Skim_TriLep_TTG_PTG200toInf.root
2026-01-28 17:09:47,734 - INFO - [2022EE] MISSING_CENTRAL: SR3Mu/Central/bjets/3/eta in Skim_TriLep_WZTo3LNu_powheg.root
2026-01-28 17:09:47,749 - INFO - [2022EE] MISSING_CENTRAL: SR3Mu/Central/bjets/3/eta in Skim_TriLep_WWW.root
2026-01-28 17:09:47,750 - INFO - [2022EE] MISSING_CENTRAL: SR3Mu/Central/bjets/3/eta in Skim_TriLep_WWZ.root
2026-01-28 17:09:47,771 - INFO - [2022EE] MISSING_CENTRAL: SR3Mu/Central/bjets/3/eta in Skim_TriLep_VBFHToZZTo4L.root
2026-01-28 17:09:47,772 - INFO - [2022EE] MISSING_CENTRAL: SR3Mu/Central/bjets/3/eta in Skim_TriLep_ggHToZZTo4L.root
2026-01-28 17:09:47,773 - INFO - [2023] MISSING_CENTRAL: SR3Mu/Central/bjets/3/eta in Skim_TriLep_Muon0_C_v2.root
2026-01-28 17:09:47,774 - INFO - [2023] MISSING_CENTRAL: SR3Mu/Central/bjets/3/eta in Skim_TriLep_Muon0_C_v3.root
2026-01-28 17:09:47,775 - INFO - [2023] MISSING_CENTRAL: SR3Mu/Central/bjets/3/eta in Skim_TriLep_Muon1_C_v1.root
2026-01-28 17:09:47,776 - INFO - [2023] MISSING_CENTRAL: SR3Mu/Central/bjets/3/eta in Skim_TriLep_Muon1_C_v2.root
2026-01-28 17:09:47,777 - INFO - [2023] MISSING_CENTRAL: SR3Mu/Central/bjets/3/eta in Skim_TriLep_Muon1_C_v3.root
2026-01-28 17:09:47,777 - INFO - [2023] MISSING_CENTRAL: SR3Mu/Central/bjets/3/eta in Skim_TriLep_Muon1_C_v4.root
2026-01-28 17:09:47,778 - INFO - [2023] MISSING_CENTRAL: SR3Mu/Central/bjets/3/eta in Skim_TriLep_DYJets.root
2026-01-28 17:09:47,779 - INFO - [2023] MISSING_CENTRAL: SR3Mu/Central/bjets/3/eta in Skim_TriLep_DYJets10to50.root
2026-01-28 17:09:47,780 - INFO - [2023] MISSING_CENTRAL: SR3Mu/Central/bjets/3/eta in Skim_TriLep_TTG_PTG10to100.root
2026-01-28 17:09:47,781 - INFO - [2023] MISSING_CENTRAL: SR3Mu/Central/bjets/3/eta in Skim_TriLep_TTG_PTG100to200.root
2026-01-28 17:09:47,781 - INFO - [2023] MISSING_CENTRAL: SR3Mu/Central/bjets/3/eta in Skim_TriLep_TTG_PTG200toInf.root
2026-01-28 17:09:47,820 - INFO - [2023] MISSING_CENTRAL: SR3Mu/Central/bjets/3/eta in Skim_TriLep_WZTo3LNu_powheg.root
2026-01-28 17:09:47,828 - INFO - [2023] MISSING_CENTRAL: SR3Mu/Central/bjets/3/eta in Skim_TriLep_tHq.root
2026-01-28 17:09:47,829 - INFO - [2023] MISSING_CENTRAL: SR3Mu/Central/bjets/3/eta in Skim_TriLep_WWW.root
2026-01-28 17:09:47,830 - INFO - [2023] MISSING_CENTRAL: SR3Mu/Central/bjets/3/eta in Skim_TriLep_WWZ.root
2026-01-28 17:09:47,830 - INFO - [2023] MISSING_CENTRAL: SR3Mu/Central/bjets/3/eta in Skim_TriLep_WZZ.root
2026-01-28 17:09:47,845 - INFO - [2023] MISSING_CENTRAL: SR3Mu/Central/bjets/3/eta in Skim_TriLep_VBFHToZZTo4L.root
2026-01-28 17:09:47,846 - INFO - [2023] MISSING_CENTRAL: SR3Mu/Central/bjets/3/eta in Skim_TriLep_ggHToZZTo4L.root
2026-01-28 17:09:47,847 - INFO - [2023BPix] MISSING_CENTRAL: SR3Mu/Central/bjets/3/eta in Skim_TriLep_Muon0_D_v1.root
2026-01-28 17:09:47,847 - INFO - [2023BPix] MISSING_CENTRAL: SR3Mu/Central/bjets/3/eta in Skim_TriLep_Muon0_D_v2.root
2026-01-28 17:09:47,848 - INFO - [2023BPix] MISSING_CENTRAL: SR3Mu/Central/bjets/3/eta in Skim_TriLep_Muon1_D_v1.root
2026-01-28 17:09:47,848 - INFO - [2023BPix] MISSING_CENTRAL: SR3Mu/Central/bjets/3/eta in Skim_TriLep_Muon1_D_v2.root
2026-01-28 17:09:47,849 - INFO - [2023BPix] MISSING_CENTRAL: SR3Mu/Central/bjets/3/eta in Skim_TriLep_DYJets.root
2026-01-28 17:09:47,850 - INFO - [2023BPix] MISSING_CENTRAL: SR3Mu/Central/bjets/3/eta in Skim_TriLep_DYJets10to50.root
2026-01-28 17:09:47,852 - INFO - [2023BPix] MISSING_CENTRAL: SR3Mu/Central/bjets/3/eta in Skim_TriLep_TTG_PTG10to100.root
2026-01-28 17:09:47,852 - INFO - [2023BPix] MISSING_CENTRAL: SR3Mu/Central/bjets/3/eta in Skim_TriLep_TTG_PTG100to200.root
2026-01-28 17:09:47,853 - INFO - [2023BPix] MISSING_CENTRAL: SR3Mu/Central/bjets/3/eta in Skim_TriLep_TTG_PTG200toInf.root
2026-01-28 17:09:47,854 - INFO - [2023BPix] MISSING_CENTRAL: SR3Mu/Central/bjets/3/eta in Skim_TriLep_TTWToLNu.root
2026-01-28 17:09:47,886 - INFO - [2023BPix] MISSING_CENTRAL: SR3Mu/Central/bjets/3/eta in Skim_TriLep_WZTo3LNu_powheg.root
2026-01-28 17:09:47,895 - INFO - [2023BPix] MISSING_CENTRAL: SR3Mu/Central/bjets/3/eta in Skim_TriLep_tHq.root
2026-01-28 17:09:47,896 - INFO - [2023BPix] MISSING_CENTRAL: SR3Mu/Central/bjets/3/eta in Skim_TriLep_WWW.root
2026-01-28 17:09:47,896 - INFO - [2023BPix] MISSING_CENTRAL: SR3Mu/Central/bjets/3/eta in Skim_TriLep_WWZ.root
2026-01-28 17:09:47,897 - INFO - [2023BPix] MISSING_CENTRAL: SR3Mu/Central/bjets/3/eta in Skim_TriLep_WZZ.root
2026-01-28 17:09:47,898 - INFO - [2023BPix] MISSING_CENTRAL: SR3Mu/Central/bjets/3/eta in Skim_TriLep_ZZZ.root
2026-01-28 17:09:47,907 - INFO - [2023BPix] MISSING_CENTRAL: SR3Mu/Central/bjets/3/eta in Skim_TriLep_VBFHToZZTo4L.root
2026-01-28 17:09:47,908 - INFO - [2023BPix] MISSING_CENTRAL: SR3Mu/Central/bjets/3/eta in Skim_TriLep_ggHToZZTo4L.root
2026-01-28 17:30:16,825 - INFO - [2022] MISSING_CENTRAL: SR3Mu/Central/bjets/3/eta in Skim_TriLep_DoubleMuon_C.root
2026-01-28 17:30:16,861 - INFO - [2022] MISSING_CENTRAL: SR3Mu/Central/bjets/3/eta in Skim_TriLep_Muon_D.root
2026-01-28 17:30:16,884 - INFO - [2022EE] MISSING_CENTRAL: SR3Mu/Central/bjets/3/eta in Skim_TriLep_Muon_G.root
2026-01-28 17:30:16,894 - INFO - [2023] MISSING_CENTRAL: SR3Mu/Central/bjets/3/eta in Skim_TriLep_Muon0_C_v1.root
2026-01-28 17:30:16,895 - INFO - [2023] MISSING_CENTRAL: SR3Mu/Central/bjets/3/eta in Skim_TriLep_Muon0_C_v2.root
2026-01-28 17:30:16,895 - INFO - [2023] MISSING_CENTRAL: SR3Mu/Central/bjets/3/eta in Skim_TriLep_Muon0_C_v3.root
2026-01-28 17:30:16,896 - INFO - [2023] MISSING_CENTRAL: SR3Mu/Central/bjets/3/eta in Skim_TriLep_Muon0_C_v4.root
2026-01-28 17:30:16,896 - INFO - [2023] MISSING_CENTRAL: SR3Mu/Central/bjets/3/eta in Skim_TriLep_Muon1_C_v1.root
2026-01-28 17:30:16,897 - INFO - [2023] MISSING_CENTRAL: SR3Mu/Central/bjets/3/eta in Skim_TriLep_Muon1_C_v2.root
2026-01-28 17:30:16,897 - INFO - [2023] MISSING_CENTRAL: SR3Mu/Central/bjets/3/eta in Skim_TriLep_Muon1_C_v3.root
2026-01-28 17:30:16,898 - INFO - [2023] MISSING_CENTRAL: SR3Mu/Central/bjets/3/eta in Skim_TriLep_Muon1_C_v4.root
2026-01-28 17:30:16,899 - INFO - [2023BPix] MISSING_CENTRAL: SR3Mu/Central/bjets/3/eta in Skim_TriLep_Muon0_D_v2.root
2026-01-28 17:30:16,900 - INFO - [2023BPix] MISSING_CENTRAL: SR3Mu/Central/bjets/3/eta in Skim_TriLep_Muon1_D_v1.root
2026-01-28 17:30:16,901 - INFO - [2023BPix] MISSING_CENTRAL: SR3Mu/Central/bjets/3/eta in Skim_TriLep_Muon1_D_v2.root
2026-01-28 17:30:16,906 - INFO - [2022] MISSING_CENTRAL: SR3Mu/Central/bjets/3/eta in Skim_TriLep_DoubleMuon_C.root
2026-01-28 17:30:16,917 - INFO - [2022] MISSING_CENTRAL: SR3Mu/Central/bjets/3/eta in Skim_TriLep_Muon_D.root
2026-01-28 17:30:16,917 - INFO - [2022] MISSING_CENTRAL: SR3Mu/Central/bjets/3/eta in Skim_TriLep_DYJets.root
2026-01-28 17:30:16,918 - INFO - [2022] MISSING_CENTRAL: SR3Mu/Central/bjets/3/eta in Skim_TriLep_DYJets10to50.root
2026-01-28 17:30:16,918 - INFO - [2022] MISSING_CENTRAL: SR3Mu/Central/bjets/3/eta in Skim_TriLep_TTG_PTG10to100.root
2026-01-28 17:30:16,919 - INFO - [2022] MISSING_CENTRAL: SR3Mu/Central/bjets/3/eta in Skim_TriLep_TTG_PTG100to200.root
2026-01-28 17:30:16,920 - INFO - [2022] MISSING_CENTRAL: SR3Mu/Central/bjets/3/eta in Skim_TriLep_TTG_PTG200toInf.root
2026-01-28 17:30:16,921 - INFO - [2022] MISSING_CENTRAL: SR3Mu/Central/bjets/3/eta in Skim_TriLep_TTWToLNu.root
2026-01-28 17:30:16,956 - INFO - [2022] MISSING_CENTRAL: SR3Mu/Central/bjets/3/eta in Skim_TriLep_WZTo3LNu_powheg.root
2026-01-28 17:30:16,956 - INFO - [2022] MISSING_CENTRAL: SR3Mu/Central/bjets/3/eta in Skim_TriLep_ZZTo4L_powheg.root
2026-01-28 17:30:16,963 - INFO - [2022] MISSING_CENTRAL: SR3Mu/Central/bjets/3/eta in Skim_TriLep_WWW.root
2026-01-28 17:30:16,964 - INFO - [2022] MISSING_CENTRAL: SR3Mu/Central/bjets/3/eta in Skim_TriLep_WWZ.root
2026-01-28 17:30:16,964 - INFO - [2022] MISSING_CENTRAL: SR3Mu/Central/bjets/3/eta in Skim_TriLep_WZZ.root
2026-01-28 17:30:16,978 - INFO - [2022] MISSING_CENTRAL: SR3Mu/Central/bjets/3/eta in Skim_TriLep_VBFHToZZTo4L.root
2026-01-28 17:30:16,978 - INFO - [2022] MISSING_CENTRAL: SR3Mu/Central/bjets/3/eta in Skim_TriLep_ggHToZZTo4L.root
2026-01-28 17:30:16,979 - INFO - [2022EE] MISSING_CENTRAL: SR3Mu/Central/bjets/3/eta in Skim_TriLep_Muon_E.root
2026-01-28 17:30:16,981 - INFO - [2022EE] MISSING_CENTRAL: SR3Mu/Central/bjets/3/eta in Skim_TriLep_DYJets.root
2026-01-28 17:30:16,981 - INFO - [2022EE] MISSING_CENTRAL: SR3Mu/Central/bjets/3/eta in Skim_TriLep_DYJets10to50.root
2026-01-28 17:30:16,982 - INFO - [2022EE] MISSING_CENTRAL: SR3Mu/Central/bjets/3/eta in Skim_TriLep_TTG_PTG10to100.root
2026-01-28 17:30:16,982 - INFO - [2022EE] MISSING_CENTRAL: SR3Mu/Central/bjets/3/eta in Skim_TriLep_TTG_PTG100to200.root
2026-01-28 17:30:16,983 - INFO - [2022EE] MISSING_CENTRAL: SR3Mu/Central/bjets/3/eta in Skim_TriLep_TTG_PTG200toInf.root
2026-01-28 17:30:17,038 - INFO - [2022EE] MISSING_CENTRAL: SR3Mu/Central/bjets/3/eta in Skim_TriLep_WZTo3LNu_powheg.root
2026-01-28 17:30:17,053 - INFO - [2022EE] MISSING_CENTRAL: SR3Mu/Central/bjets/3/eta in Skim_TriLep_WWW.root
2026-01-28 17:30:17,054 - INFO - [2022EE] MISSING_CENTRAL: SR3Mu/Central/bjets/3/eta in Skim_TriLep_WWZ.root
2026-01-28 17:30:17,075 - INFO - [2022EE] MISSING_CENTRAL: SR3Mu/Central/bjets/3/eta in Skim_TriLep_VBFHToZZTo4L.root
2026-01-28 17:30:17,076 - INFO - [2022EE] MISSING_CENTRAL: SR3Mu/Central/bjets/3/eta in Skim_TriLep_ggHToZZTo4L.root
2026-01-28 17:30:17,077 - INFO - [2023] MISSING_CENTRAL: SR3Mu/Central/bjets/3/eta in Skim_TriLep_Muon0_C_v2.root
2026-01-28 17:30:17,078 - INFO - [2023] MISSING_CENTRAL: SR3Mu/Central/bjets/3/eta in Skim_TriLep_Muon0_C_v3.root
2026-01-28 17:30:17,079 - INFO - [2023] MISSING_CENTRAL: SR3Mu/Central/bjets/3/eta in Skim_TriLep_Muon1_C_v1.root
2026-01-28 17:30:17,080 - INFO - [2023] MISSING_CENTRAL: SR3Mu/Central/bjets/3/eta in Skim_TriLep_Muon1_C_v2.root
2026-01-28 17:30:17,080 - INFO - [2023] MISSING_CENTRAL: SR3Mu/Central/bjets/3/eta in Skim_TriLep_Muon1_C_v3.root
2026-01-28 17:30:17,081 - INFO - [2023] MISSING_CENTRAL: SR3Mu/Central/bjets/3/eta in Skim_TriLep_Muon1_C_v4.root
2026-01-28 17:30:17,082 - INFO - [2023] MISSING_CENTRAL: SR3Mu/Central/bjets/3/eta in Skim_TriLep_DYJets.root
2026-01-28 17:30:17,083 - INFO - [2023] MISSING_CENTRAL: SR3Mu/Central/bjets/3/eta in Skim_TriLep_DYJets10to50.root
2026-01-28 17:30:17,083 - INFO - [2023] MISSING_CENTRAL: SR3Mu/Central/bjets/3/eta in Skim_TriLep_TTG_PTG10to100.root
2026-01-28 17:30:17,084 - INFO - [2023] MISSING_CENTRAL: SR3Mu/Central/bjets/3/eta in Skim_TriLep_TTG_PTG100to200.root
2026-01-28 17:30:17,085 - INFO - [2023] MISSING_CENTRAL: SR3Mu/Central/bjets/3/eta in Skim_TriLep_TTG_PTG200toInf.root
2026-01-28 17:30:17,120 - INFO - [2023] MISSING_CENTRAL: SR3Mu/Central/bjets/3/eta in Skim_TriLep_WZTo3LNu_powheg.root
2026-01-28 17:30:17,128 - INFO - [2023] MISSING_CENTRAL: SR3Mu/Central/bjets/3/eta in Skim_TriLep_tHq.root
2026-01-28 17:30:17,129 - INFO - [2023] MISSING_CENTRAL: SR3Mu/Central/bjets/3/eta in Skim_TriLep_WWW.root
2026-01-28 17:30:17,130 - INFO - [2023] MISSING_CENTRAL: SR3Mu/Central/bjets/3/eta in Skim_TriLep_WWZ.root
2026-01-28 17:30:17,130 - INFO - [2023] MISSING_CENTRAL: SR3Mu/Central/bjets/3/eta in Skim_TriLep_WZZ.root
2026-01-28 17:30:17,146 - INFO - [2023] MISSING_CENTRAL: SR3Mu/Central/bjets/3/eta in Skim_TriLep_VBFHToZZTo4L.root
2026-01-28 17:30:17,147 - INFO - [2023] MISSING_CENTRAL: SR3Mu/Central/bjets/3/eta in Skim_TriLep_ggHToZZTo4L.root
2026-01-28 17:30:17,147 - INFO - [2023BPix] MISSING_CENTRAL: SR3Mu/Central/bjets/3/eta in Skim_TriLep_Muon0_D_v1.root
2026-01-28 17:30:17,148 - INFO - [2023BPix] MISSING_CENTRAL: SR3Mu/Central/bjets/3/eta in Skim_TriLep_Muon0_D_v2.root
2026-01-28 17:30:17,149 - INFO - [2023BPix] MISSING_CENTRAL: SR3Mu/Central/bjets/3/eta in Skim_TriLep_Muon1_D_v1.root
2026-01-28 17:30:17,149 - INFO - [2023BPix] MISSING_CENTRAL: SR3Mu/Central/bjets/3/eta in Skim_TriLep_Muon1_D_v2.root
2026-01-28 17:30:17,150 - INFO - [2023BPix] MISSING_CENTRAL: SR3Mu/Central/bjets/3/eta in Skim_TriLep_DYJets.root
2026-01-28 17:30:17,151 - INFO - [2023BPix] MISSING_CENTRAL: SR3Mu/Central/bjets/3/eta in Skim_TriLep_DYJets10to50.root
2026-01-28 17:30:17,152 - INFO - [2023BPix] MISSING_CENTRAL: SR3Mu/Central/bjets/3/eta in Skim_TriLep_TTG_PTG10to100.root
2026-01-28 17:30:17,152 - INFO - [2023BPix] MISSING_CENTRAL: SR3Mu/Central/bjets/3/eta in Skim_TriLep_TTG_PTG100to200.root
2026-01-28 17:30:17,153 - INFO - [2023BPix] MISSING_CENTRAL: SR3Mu/Central/bjets/3/eta in Skim_TriLep_TTG_PTG200toInf.root
2026-01-28 17:30:17,154 - INFO - [2023BPix] MISSING_CENTRAL: SR3Mu/Central/bjets/3/eta in Skim_TriLep_TTWToLNu.root
2026-01-28 17:30:17,187 - INFO - [2023BPix] MISSING_CENTRAL: SR3Mu/Central/bjets/3/eta in Skim_TriLep_WZTo3LNu_powheg.root
2026-01-28 17:30:17,195 - INFO - [2023BPix] MISSING_CENTRAL: SR3Mu/Central/bjets/3/eta in Skim_TriLep_tHq.root
2026-01-28 17:30:17,196 - INFO - [2023BPix] MISSING_CENTRAL: SR3Mu/Central/bjets/3/eta in Skim_TriLep_WWW.root
2026-01-28 17:30:17,197 - INFO - [2023BPix] MISSING_CENTRAL: SR3Mu/Central/bjets/3/eta in Skim_TriLep_WWZ.root
2026-01-28 17:30:17,198 - INFO - [2023BPix] MISSING_CENTRAL: SR3Mu/Central/bjets/3/eta in Skim_TriLep_WZZ.root
2026-01-28 17:30:17,198 - INFO - [2023BPix] MISSING_CENTRAL: SR3Mu/Central/bjets/3/eta in Skim_TriLep_ZZZ.root
2026-01-28 17:30:17,206 - INFO - [2023BPix] MISSING_CENTRAL: SR3Mu/Central/bjets/3/eta in Skim_TriLep_VBFHToZZTo4L.root
2026-01-28 17:30:17,207 - INFO - [2023BPix] MISSING_CENTRAL: SR3Mu/Central/bjets/3/eta in Skim_TriLep_ggHToZZTo4L.root
2026-01-28 20:04:10,169 - INFO - [2022] MISSING_CENTRAL: SR3Mu/Central/bjets/3/eta in Skim_TriLep_DoubleMuon_C.root
2026-01-28 20:04:10,206 - INFO - [2022] MISSING_CENTRAL: SR3Mu/Central/bjets/3/eta in Skim_TriLep_Muon_D.root
2026-01-28 20:04:10,250 - INFO - [2022EE] MISSING_CENTRAL: SR3Mu/Central/bjets/3/eta in Skim_TriLep_Muon_G.root
2026-01-28 20:04:10,260 - INFO - [2023] MISSING_CENTRAL: SR3Mu/Central/bjets/3/eta in Skim_TriLep_Muon0_C_v1.root
2026-01-28 20:04:10,260 - INFO - [2023] MISSING_CENTRAL: SR3Mu/Central/bjets/3/eta in Skim_TriLep_Muon0_C_v2.root
2026-01-28 20:04:10,261 - INFO - [2023] MISSING_CENTRAL: SR3Mu/Central/bjets/3/eta in Skim_TriLep_Muon0_C_v3.root
2026-01-28 20:04:10,262 - INFO - [2023] MISSING_CENTRAL: SR3Mu/Central/bjets/3/eta in Skim_TriLep_Muon0_C_v4.root
2026-01-28 20:04:10,262 - INFO - [2023] MISSING_CENTRAL: SR3Mu/Central/bjets/3/eta in Skim_TriLep_Muon1_C_v1.root
2026-01-28 20:04:10,263 - INFO - [2023] MISSING_CENTRAL: SR3Mu/Central/bjets/3/eta in Skim_TriLep_Muon1_C_v2.root
2026-01-28 20:04:10,264 - INFO - [2023] MISSING_CENTRAL: SR3Mu/Central/bjets/3/eta in Skim_TriLep_Muon1_C_v3.root
2026-01-28 20:04:10,264 - INFO - [2023] MISSING_CENTRAL: SR3Mu/Central/bjets/3/eta in Skim_TriLep_Muon1_C_v4.root
2026-01-28 20:04:10,265 - INFO - [2023BPix] MISSING_CENTRAL: SR3Mu/Central/bjets/3/eta in Skim_TriLep_Muon0_D_v2.root
2026-01-28 20:04:10,266 - INFO - [2023BPix] MISSING_CENTRAL: SR3Mu/Central/bjets/3/eta in Skim_TriLep_Muon1_D_v1.root
2026-01-28 20:04:10,266 - INFO - [2023BPix] MISSING_CENTRAL: SR3Mu/Central/bjets/3/eta in Skim_TriLep_Muon1_D_v2.root
2026-01-28 20:04:10,274 - INFO - [2022] MISSING_CENTRAL: SR3Mu/Central/bjets/3/eta in Skim_TriLep_DoubleMuon_C.root
2026-01-28 20:04:10,323 - INFO - [2022] MISSING_CENTRAL: SR3Mu/Central/bjets/3/eta in Skim_TriLep_Muon_D.root
2026-01-28 20:04:10,324 - INFO - [2022] MISSING_CENTRAL: SR3Mu/Central/bjets/3/eta in Skim_TriLep_DYJets.root
2026-01-28 20:04:10,324 - INFO - [2022] MISSING_CENTRAL: SR3Mu/Central/bjets/3/eta in Skim_TriLep_DYJets10to50.root
2026-01-28 20:04:10,325 - INFO - [2022] MISSING_CENTRAL: SR3Mu/Central/bjets/3/eta in Skim_TriLep_TTG_PTG10to100.root
2026-01-28 20:04:10,325 - INFO - [2022] MISSING_CENTRAL: SR3Mu/Central/bjets/3/eta in Skim_TriLep_TTG_PTG100to200.root
2026-01-28 20:04:10,326 - INFO - [2022] MISSING_CENTRAL: SR3Mu/Central/bjets/3/eta in Skim_TriLep_TTG_PTG200toInf.root
2026-01-28 20:04:10,327 - INFO - [2022] MISSING_CENTRAL: SR3Mu/Central/bjets/3/eta in Skim_TriLep_TTWToLNu.root
2026-01-28 20:04:10,363 - INFO - [2022] MISSING_CENTRAL: SR3Mu/Central/bjets/3/eta in Skim_TriLep_WZTo3LNu_powheg.root
2026-01-28 20:04:10,364 - INFO - [2022] MISSING_CENTRAL: SR3Mu/Central/bjets/3/eta in Skim_TriLep_ZZTo4L_powheg.root
2026-01-28 20:04:10,372 - INFO - [2022] MISSING_CENTRAL: SR3Mu/Central/bjets/3/eta in Skim_TriLep_WWW.root
2026-01-28 20:04:10,373 - INFO - [2022] MISSING_CENTRAL: SR3Mu/Central/bjets/3/eta in Skim_TriLep_WWZ.root
2026-01-28 20:04:10,373 - INFO - [2022] MISSING_CENTRAL: SR3Mu/Central/bjets/3/eta in Skim_TriLep_WZZ.root
2026-01-28 20:04:10,387 - INFO - [2022] MISSING_CENTRAL: SR3Mu/Central/bjets/3/eta in Skim_TriLep_VBFHToZZTo4L.root
2026-01-28 20:04:10,388 - INFO - [2022] MISSING_CENTRAL: SR3Mu/Central/bjets/3/eta in Skim_TriLep_ggHToZZTo4L.root
2026-01-28 20:04:10,389 - INFO - [2022EE] MISSING_CENTRAL: SR3Mu/Central/bjets/3/eta in Skim_TriLep_Muon_E.root
2026-01-28 20:04:10,394 - INFO - [2022EE] MISSING_CENTRAL: SR3Mu/Central/bjets/3/eta in Skim_TriLep_DYJets.root
2026-01-28 20:04:10,395 - INFO - [2022EE] MISSING_CENTRAL: SR3Mu/Central/bjets/3/eta in Skim_TriLep_DYJets10to50.root
2026-01-28 20:04:10,395 - INFO - [2022EE] MISSING_CENTRAL: SR3Mu/Central/bjets/3/eta in Skim_TriLep_TTG_PTG10to100.root
2026-01-28 20:04:10,397 - INFO - [2022EE] MISSING_CENTRAL: SR3Mu/Central/bjets/3/eta in Skim_TriLep_TTG_PTG100to200.root
2026-01-28 20:04:10,397 - INFO - [2022EE] MISSING_CENTRAL: SR3Mu/Central/bjets/3/eta in Skim_TriLep_TTG_PTG200toInf.root
2026-01-28 20:04:10,432 - INFO - [2022EE] MISSING_CENTRAL: SR3Mu/Central/bjets/3/eta in Skim_TriLep_WZTo3LNu_powheg.root
2026-01-28 20:04:10,445 - INFO - [2022EE] MISSING_CENTRAL: SR3Mu/Central/bjets/3/eta in Skim_TriLep_WWW.root
2026-01-28 20:04:10,445 - INFO - [2022EE] MISSING_CENTRAL: SR3Mu/Central/bjets/3/eta in Skim_TriLep_WWZ.root
2026-01-28 20:04:10,464 - INFO - [2022EE] MISSING_CENTRAL: SR3Mu/Central/bjets/3/eta in Skim_TriLep_VBFHToZZTo4L.root
2026-01-28 20:04:10,465 - INFO - [2022EE] MISSING_CENTRAL: SR3Mu/Central/bjets/3/eta in Skim_TriLep_ggHToZZTo4L.root
2026-01-28 20:04:10,466 - INFO - [2023] MISSING_CENTRAL: SR3Mu/Central/bjets/3/eta in Skim_TriLep_Muon0_C_v2.root
2026-01-28 20:04:10,467 - INFO - [2023] MISSING_CENTRAL: SR3Mu/Central/bjets/3/eta in Skim_TriLep_Muon0_C_v3.root
2026-01-28 20:04:10,468 - INFO - [2023] MISSING_CENTRAL: SR3Mu/Central/bjets/3/eta in Skim_TriLep_Muon1_C_v1.root
2026-01-28 20:04:10,469 - INFO - [2023] MISSING_CENTRAL: SR3Mu/Central/bjets/3/eta in Skim_TriLep_Muon1_C_v2.root
2026-01-28 20:04:10,469 - INFO - [2023] MISSING_CENTRAL: SR3Mu/Central/bjets/3/eta in Skim_TriLep_Muon1_C_v3.root
2026-01-28 20:04:10,470 - INFO - [2023] MISSING_CENTRAL: SR3Mu/Central/bjets/3/eta in Skim_TriLep_Muon1_C_v4.root
2026-01-28 20:04:10,471 - INFO - [2023] MISSING_CENTRAL: SR3Mu/Central/bjets/3/eta in Skim_TriLep_DYJets.root
2026-01-28 20:04:10,471 - INFO - [2023] MISSING_CENTRAL: SR3Mu/Central/bjets/3/eta in Skim_TriLep_DYJets10to50.root
2026-01-28 20:04:10,472 - INFO - [2023] MISSING_CENTRAL: SR3Mu/Central/bjets/3/eta in Skim_TriLep_TTG_PTG10to100.root
2026-01-28 20:04:10,472 - INFO - [2023] MISSING_CENTRAL: SR3Mu/Central/bjets/3/eta in Skim_TriLep_TTG_PTG100to200.root
2026-01-28 20:04:10,473 - INFO - [2023] MISSING_CENTRAL: SR3Mu/Central/bjets/3/eta in Skim_TriLep_TTG_PTG200toInf.root
2026-01-28 20:04:10,505 - INFO - [2023] MISSING_CENTRAL: SR3Mu/Central/bjets/3/eta in Skim_TriLep_WZTo3LNu_powheg.root
2026-01-28 20:04:10,510 - INFO - [2023] MISSING_CENTRAL: SR3Mu/Central/bjets/3/eta in Skim_TriLep_tHq.root
2026-01-28 20:04:10,511 - INFO - [2023] MISSING_CENTRAL: SR3Mu/Central/bjets/3/eta in Skim_TriLep_WWW.root
2026-01-28 20:04:10,511 - INFO - [2023] MISSING_CENTRAL: SR3Mu/Central/bjets/3/eta in Skim_TriLep_WWZ.root
2026-01-28 20:04:10,512 - INFO - [2023] MISSING_CENTRAL: SR3Mu/Central/bjets/3/eta in Skim_TriLep_WZZ.root
2026-01-28 20:04:10,523 - INFO - [2023] MISSING_CENTRAL: SR3Mu/Central/bjets/3/eta in Skim_TriLep_VBFHToZZTo4L.root
2026-01-28 20:04:10,524 - INFO - [2023] MISSING_CENTRAL: SR3Mu/Central/bjets/3/eta in Skim_TriLep_ggHToZZTo4L.root
2026-01-28 20:04:10,525 - INFO - [2023BPix] MISSING_CENTRAL: SR3Mu/Central/bjets/3/eta in Skim_TriLep_Muon0_D_v1.root
2026-01-28 20:04:10,525 - INFO - [2023BPix] MISSING_CENTRAL: SR3Mu/Central/bjets/3/eta in Skim_TriLep_Muon0_D_v2.root
2026-01-28 20:04:10,525 - INFO - [2023BPix] MISSING_CENTRAL: SR3Mu/Central/bjets/3/eta in Skim_TriLep_Muon1_D_v1.root
2026-01-28 20:04:10,526 - INFO - [2023BPix] MISSING_CENTRAL: SR3Mu/Central/bjets/3/eta in Skim_TriLep_Muon1_D_v2.root
2026-01-28 20:04:10,527 - INFO - [2023BPix] MISSING_CENTRAL: SR3Mu/Central/bjets/3/eta in Skim_TriLep_DYJets.root
2026-01-28 20:04:10,527 - INFO - [2023BPix] MISSING_CENTRAL: SR3Mu/Central/bjets/3/eta in Skim_TriLep_DYJets10to50.root
2026-01-28 20:04:10,528 - INFO - [2023BPix] MISSING_CENTRAL: SR3Mu/Central/bjets/3/eta in Skim_TriLep_TTG_PTG10to100.root
2026-01-28 20:04:10,528 - INFO - [2023BPix] MISSING_CENTRAL: SR3Mu/Central/bjets/3/eta in Skim_TriLep_TTG_PTG100to200.root
2026-01-28 20:04:10,529 - INFO - [2023BPix] MISSING_CENTRAL: SR3Mu/Central/bjets/3/eta in Skim_TriLep_TTG_PTG200toInf.root
2026-01-28 20:04:10,529 - INFO - [2023BPix] MISSING_CENTRAL: SR3Mu/Central/bjets/3/eta in Skim_TriLep_TTWToLNu.root
2026-01-28 20:04:10,558 - INFO - [2023BPix] MISSING_CENTRAL: SR3Mu/Central/bjets/3/eta in Skim_TriLep_WZTo3LNu_powheg.root
2026-01-28 20:04:10,564 - INFO - [2023BPix] MISSING_CENTRAL: SR3Mu/Central/bjets/3/eta in Skim_TriLep_tHq.root
2026-01-28 20:04:10,565 - INFO - [2023BPix] MISSING_CENTRAL: SR3Mu/Central/bjets/3/eta in Skim_TriLep_WWW.root
2026-01-28 20:04:10,566 - INFO - [2023BPix] MISSING_CENTRAL: SR3Mu/Central/bjets/3/eta in Skim_TriLep_WWZ.root
2026-01-28 20:04:10,566 - INFO - [2023BPix] MISSING_CENTRAL: SR3Mu/Central/bjets/3/eta in Skim_TriLep_WZZ.root
2026-01-28 20:04:10,567 - INFO - [2023BPix] MISSING_CENTRAL: SR3Mu/Central/bjets/3/eta in Skim_TriLep_ZZZ.root
2026-01-28 20:04:10,573 - INFO - [2023BPix] MISSING_CENTRAL: SR3Mu/Central/bjets/3/eta in Skim_TriLep_VBFHToZZTo4L.root
2026-01-28 20:04:10,574 - INFO - [2023BPix] MISSING_CENTRAL: SR3Mu/Central/bjets/3/eta in Skim_TriLep_ggHToZZTo4L.root
2026-01-29 07:20:30,268 - INFO - [2022] MISSING_CENTRAL: SR3Mu/Central/bjets/3/eta in Skim_TriLep_DoubleMuon_C.root
2026-01-29 07:20:30,300 - INFO - [2022] MISSING_CENTRAL: SR3Mu/Central/bjets/3/eta in Skim_TriLep_Muon_D.root
2026-01-29 07:20:30,321 - INFO - [2022EE] MISSING_CENTRAL: SR3Mu/Central/bjets/3/eta in Skim_TriLep_Muon_G.root
2026-01-29 07:20:30,330 - INFO - [2023] MISSING_CENTRAL: SR3Mu/Central/bjets/3/eta in Skim_TriLep_Muon0_C_v1.root
2026-01-29 07:20:30,331 - INFO - [2023] MISSING_CENTRAL: SR3Mu/Central/bjets/3/eta in Skim_TriLep_Muon0_C_v2.root
2026-01-29 07:20:30,331 - INFO - [2023] MISSING_CENTRAL: SR3Mu/Central/bjets/3/eta in Skim_TriLep_Muon0_C_v3.root
2026-01-29 07:20:30,332 - INFO - [2023] MISSING_CENTRAL: SR3Mu/Central/bjets/3/eta in Skim_TriLep_Muon0_C_v4.root
2026-01-29 07:20:30,332 - INFO - [2023] MISSING_CENTRAL: SR3Mu/Central/bjets/3/eta in Skim_TriLep_Muon1_C_v1.root
2026-01-29 07:20:30,333 - INFO - [2023] MISSING_CENTRAL: SR3Mu/Central/bjets/3/eta in Skim_TriLep_Muon1_C_v2.root
2026-01-29 07:20:30,333 - INFO - [2023] MISSING_CENTRAL: SR3Mu/Central/bjets/3/eta in Skim_TriLep_Muon1_C_v3.root
2026-01-29 07:20:30,334 - INFO - [2023] MISSING_CENTRAL: SR3Mu/Central/bjets/3/eta in Skim_TriLep_Muon1_C_v4.root
2026-01-29 07:20:30,335 - INFO - [2023BPix] MISSING_CENTRAL: SR3Mu/Central/bjets/3/eta in Skim_TriLep_Muon0_D_v2.root
2026-01-29 07:20:30,335 - INFO - [2023BPix] MISSING_CENTRAL: SR3Mu/Central/bjets/3/eta in Skim_TriLep_Muon1_D_v1.root
2026-01-29 07:20:30,336 - INFO - [2023BPix] MISSING_CENTRAL: SR3Mu/Central/bjets/3/eta in Skim_TriLep_Muon1_D_v2.root
2026-01-29 07:20:30,340 - INFO - [2022] MISSING_CENTRAL: SR3Mu/Central/bjets/3/eta in Skim_TriLep_DoubleMuon_C.root
2026-01-29 07:20:30,350 - INFO - [2022] MISSING_CENTRAL: SR3Mu/Central/bjets/3/eta in Skim_TriLep_Muon_D.root
2026-01-29 07:20:30,351 - INFO - [2022] MISSING_CENTRAL: SR3Mu/Central/bjets/3/eta in Skim_TriLep_DYJets.root
2026-01-29 07:20:30,352 - INFO - [2022] MISSING_CENTRAL: SR3Mu/Central/bjets/3/eta in Skim_TriLep_DYJets10to50.root
2026-01-29 07:20:30,352 - INFO - [2022] MISSING_CENTRAL: SR3Mu/Central/bjets/3/eta in Skim_TriLep_TTG_PTG10to100.root
2026-01-29 07:20:30,353 - INFO - [2022] MISSING_CENTRAL: SR3Mu/Central/bjets/3/eta in Skim_TriLep_TTG_PTG100to200.root
2026-01-29 07:20:30,353 - INFO - [2022] MISSING_CENTRAL: SR3Mu/Central/bjets/3/eta in Skim_TriLep_TTG_PTG200toInf.root
2026-01-29 07:20:30,355 - INFO - [2022] MISSING_CENTRAL: SR3Mu/Central/bjets/3/eta in Skim_TriLep_TTWToLNu.root
2026-01-29 07:20:30,383 - INFO - [2022] MISSING_CENTRAL: SR3Mu/Central/bjets/3/eta in Skim_TriLep_WZTo3LNu_powheg.root
2026-01-29 07:20:30,384 - INFO - [2022] MISSING_CENTRAL: SR3Mu/Central/bjets/3/eta in Skim_TriLep_ZZTo4L_powheg.root
2026-01-29 07:20:30,390 - INFO - [2022] MISSING_CENTRAL: SR3Mu/Central/bjets/3/eta in Skim_TriLep_WWW.root
2026-01-29 07:20:30,391 - INFO - [2022] MISSING_CENTRAL: SR3Mu/Central/bjets/3/eta in Skim_TriLep_WWZ.root
2026-01-29 07:20:30,391 - INFO - [2022] MISSING_CENTRAL: SR3Mu/Central/bjets/3/eta in Skim_TriLep_WZZ.root
2026-01-29 07:20:30,402 - INFO - [2022] MISSING_CENTRAL: SR3Mu/Central/bjets/3/eta in Skim_TriLep_VBFHToZZTo4L.root
2026-01-29 07:20:30,403 - INFO - [2022] MISSING_CENTRAL: SR3Mu/Central/bjets/3/eta in Skim_TriLep_ggHToZZTo4L.root
2026-01-29 07:20:30,404 - INFO - [2022EE] MISSING_CENTRAL: SR3Mu/Central/bjets/3/eta in Skim_TriLep_Muon_E.root
2026-01-29 07:20:30,405 - INFO - [2022EE] MISSING_CENTRAL: SR3Mu/Central/bjets/3/eta in Skim_TriLep_DYJets.root
2026-01-29 07:20:30,406 - INFO - [2022EE] MISSING_CENTRAL: SR3Mu/Central/bjets/3/eta in Skim_TriLep_DYJets10to50.root
2026-01-29 07:20:30,407 - INFO - [2022EE] MISSING_CENTRAL: SR3Mu/Central/bjets/3/eta in Skim_TriLep_TTG_PTG10to100.root
2026-01-29 07:20:30,408 - INFO - [2022EE] MISSING_CENTRAL: SR3Mu/Central/bjets/3/eta in Skim_TriLep_TTG_PTG100to200.root
2026-01-29 07:20:30,408 - INFO - [2022EE] MISSING_CENTRAL: SR3Mu/Central/bjets/3/eta in Skim_TriLep_TTG_PTG200toInf.root
2026-01-29 07:20:30,440 - INFO - [2022EE] MISSING_CENTRAL: SR3Mu/Central/bjets/3/eta in Skim_TriLep_WZTo3LNu_powheg.root
2026-01-29 07:20:30,453 - INFO - [2022EE] MISSING_CENTRAL: SR3Mu/Central/bjets/3/eta in Skim_TriLep_WWW.root
2026-01-29 07:20:30,454 - INFO - [2022EE] MISSING_CENTRAL: SR3Mu/Central/bjets/3/eta in Skim_TriLep_WWZ.root
2026-01-29 07:20:30,475 - INFO - [2022EE] MISSING_CENTRAL: SR3Mu/Central/bjets/3/eta in Skim_TriLep_VBFHToZZTo4L.root
2026-01-29 07:20:30,476 - INFO - [2022EE] MISSING_CENTRAL: SR3Mu/Central/bjets/3/eta in Skim_TriLep_ggHToZZTo4L.root
2026-01-29 07:20:30,477 - INFO - [2023] MISSING_CENTRAL: SR3Mu/Central/bjets/3/eta in Skim_TriLep_Muon0_C_v2.root
2026-01-29 07:20:30,478 - INFO - [2023] MISSING_CENTRAL: SR3Mu/Central/bjets/3/eta in Skim_TriLep_Muon0_C_v3.root
2026-01-29 07:20:30,480 - INFO - [2023] MISSING_CENTRAL: SR3Mu/Central/bjets/3/eta in Skim_TriLep_Muon1_C_v1.root
2026-01-29 07:20:30,480 - INFO - [2023] MISSING_CENTRAL: SR3Mu/Central/bjets/3/eta in Skim_TriLep_Muon1_C_v2.root
2026-01-29 07:20:30,481 - INFO - [2023] MISSING_CENTRAL: SR3Mu/Central/bjets/3/eta in Skim_TriLep_Muon1_C_v3.root
2026-01-29 07:20:30,482 - INFO - [2023] MISSING_CENTRAL: SR3Mu/Central/bjets/3/eta in Skim_TriLep_Muon1_C_v4.root
2026-01-29 07:20:30,483 - INFO - [2023] MISSING_CENTRAL: SR3Mu/Central/bjets/3/eta in Skim_TriLep_DYJets.root
2026-01-29 07:20:30,483 - INFO - [2023] MISSING_CENTRAL: SR3Mu/Central/bjets/3/eta in Skim_TriLep_DYJets10to50.root
2026-01-29 07:20:30,484 - INFO - [2023] MISSING_CENTRAL: SR3Mu/Central/bjets/3/eta in Skim_TriLep_TTG_PTG10to100.root
2026-01-29 07:20:30,485 - INFO - [2023] MISSING_CENTRAL: SR3Mu/Central/bjets/3/eta in Skim_TriLep_TTG_PTG100to200.root
2026-01-29 07:20:30,485 - INFO - [2023] MISSING_CENTRAL: SR3Mu/Central/bjets/3/eta in Skim_TriLep_TTG_PTG200toInf.root
2026-01-29 07:20:30,519 - INFO - [2023] MISSING_CENTRAL: SR3Mu/Central/bjets/3/eta in Skim_TriLep_WZTo3LNu_powheg.root
2026-01-29 07:20:30,528 - INFO - [2023] MISSING_CENTRAL: SR3Mu/Central/bjets/3/eta in Skim_TriLep_tHq.root
2026-01-29 07:20:30,528 - INFO - [2023] MISSING_CENTRAL: SR3Mu/Central/bjets/3/eta in Skim_TriLep_WWW.root
2026-01-29 07:20:30,529 - INFO - [2023] MISSING_CENTRAL: SR3Mu/Central/bjets/3/eta in Skim_TriLep_WWZ.root
2026-01-29 07:20:30,530 - INFO - [2023] MISSING_CENTRAL: SR3Mu/Central/bjets/3/eta in Skim_TriLep_WZZ.root
2026-01-29 07:20:30,542 - INFO - [2023] MISSING_CENTRAL: SR3Mu/Central/bjets/3/eta in Skim_TriLep_VBFHToZZTo4L.root
2026-01-29 07:20:30,543 - INFO - [2023] MISSING_CENTRAL: SR3Mu/Central/bjets/3/eta in Skim_TriLep_ggHToZZTo4L.root
2026-01-29 07:20:30,544 - INFO - [2023BPix] MISSING_CENTRAL: SR3Mu/Central/bjets/3/eta in Skim_TriLep_Muon0_D_v1.root
2026-01-29 07:20:30,544 - INFO - [2023BPix] MISSING_CENTRAL: SR3Mu/Central/bjets/3/eta in Skim_TriLep_Muon0_D_v2.root
2026-01-29 07:20:30,545 - INFO - [2023BPix] MISSING_CENTRAL: SR3Mu/Central/bjets/3/eta in Skim_TriLep_Muon1_D_v1.root
2026-01-29 07:20:30,546 - INFO - [2023BPix] MISSING_CENTRAL: SR3Mu/Central/bjets/3/eta in Skim_TriLep_Muon1_D_v2.root
2026-01-29 07:20:30,546 - INFO - [2023BPix] MISSING_CENTRAL: SR3Mu/Central/bjets/3/eta in Skim_TriLep_DYJets.root
2026-01-29 07:20:30,547 - INFO - [2023BPix] MISSING_CENTRAL: SR3Mu/Central/bjets/3/eta in Skim_TriLep_DYJets10to50.root
2026-01-29 07:20:30,548 - INFO - [2023BPix] MISSING_CENTRAL: SR3Mu/Central/bjets/3/eta in Skim_TriLep_TTG_PTG10to100.root
2026-01-29 07:20:30,548 - INFO - [2023BPix] MISSING_CENTRAL: SR3Mu/Central/bjets/3/eta in Skim_TriLep_TTG_PTG100to200.root
2026-01-29 07:20:30,549 - INFO - [2023BPix] MISSING_CENTRAL: SR3Mu/Central/bjets/3/eta in Skim_TriLep_TTG_PTG200toInf.root
2026-01-29 07:20:30,550 - INFO - [2023BPix] MISSING_CENTRAL: SR3Mu/Central/bjets/3/eta in Skim_TriLep_TTWToLNu.root
2026-01-29 07:20:30,578 - INFO - [2023BPix] MISSING_CENTRAL: SR3Mu/Central/bjets/3/eta in Skim_TriLep_WZTo3LNu_powheg.root
2026-01-29 07:20:30,588 - INFO - [2023BPix] MISSING_CENTRAL: SR3Mu/Central/bjets/3/eta in Skim_TriLep_tHq.root
2026-01-29 07:20:30,589 - INFO - [2023BPix] MISSING_CENTRAL: SR3Mu/Central/bjets/3/eta in Skim_TriLep_WWW.root
2026-01-29 07:20:30,589 - INFO - [2023BPix] MISSING_CENTRAL: SR3Mu/Central/bjets/3/eta in Skim_TriLep_WWZ.root
2026-01-29 07:20:30,590 - INFO - [2023BPix] MISSING_CENTRAL: SR3Mu/Central/bjets/3/eta in Skim_TriLep_WZZ.root
2026-01-29 07:20:30,591 - INFO - [2023BPix] MISSING_CENTRAL: SR3Mu/Central/bjets/3/eta in Skim_TriLep_ZZZ.root
2026-01-29 07:20:30,598 - INFO - [2023BPix] MISSING_CENTRAL: SR3Mu/Central/bjets/3/eta in Skim_TriLep_VBFHToZZTo4L.root
2026-01-29 07:20:30,599 - INFO - [2023BPix] MISSING_CENTRAL: SR3Mu/Central/bjets/3/eta in Skim_TriLep_ggHToZZTo4L.root
2026-03-06 09:45:23,471 - INFO - [2022] MISSING_CENTRAL: SR3Mu/Central/bjets/3/eta in Skim_TriLep_DoubleMuon_C.root
2026-03-06 09:45:23,508 - INFO - [2022] MISSING_CENTRAL: SR3Mu/Central/bjets/3/eta in Skim_TriLep_Muon_D.root
2026-03-06 09:45:23,530 - INFO - [2022EE] MISSING_CENTRAL: SR3Mu/Central/bjets/3/eta in Skim_TriLep_Muon_G.root
2026-03-06 09:45:23,541 - INFO - [2023] MISSING_CENTRAL: SR3Mu/Central/bjets/3/eta in Skim_TriLep_Muon0_C_v1.root
2026-03-06 09:45:23,541 - INFO - [2023] MISSING_CENTRAL: SR3Mu/Central/bjets/3/eta in Skim_TriLep_Muon0_C_v2.root
2026-03-06 09:45:23,542 - INFO - [2023] MISSING_CENTRAL: SR3Mu/Central/bjets/3/eta in Skim_TriLep_Muon0_C_v3.root
2026-03-06 09:45:23,542 - INFO - [2023] MISSING_CENTRAL: SR3Mu/Central/bjets/3/eta in Skim_TriLep_Muon0_C_v4.root
2026-03-06 09:45:23,543 - INFO - [2023] MISSING_CENTRAL: SR3Mu/Central/bjets/3/eta in Skim_TriLep_Muon1_C_v1.root
2026-03-06 09:45:23,543 - INFO - [2023] MISSING_CENTRAL: SR3Mu/Central/bjets/3/eta in Skim_TriLep_Muon1_C_v2.root
2026-03-06 09:45:23,544 - INFO - [2023] MISSING_CENTRAL: SR3Mu/Central/bjets/3/eta in Skim_TriLep_Muon1_C_v3.root
2026-03-06 09:45:23,544 - INFO - [2023] MISSING_CENTRAL: SR3Mu/Central/bjets/3/eta in Skim_TriLep_Muon1_C_v4.root
2026-03-06 09:45:23,545 - INFO - [2023BPix] MISSING_CENTRAL: SR3Mu/Central/bjets/3/eta in Skim_TriLep_Muon0_D_v2.root
2026-03-06 09:45:23,546 - INFO - [2023BPix] MISSING_CENTRAL: SR3Mu/Central/bjets/3/eta in Skim_TriLep_Muon1_D_v1.root
2026-03-06 09:45:23,546 - INFO - [2023BPix] MISSING_CENTRAL: SR3Mu/Central/bjets/3/eta in Skim_TriLep_Muon1_D_v2.root
2026-03-06 09:45:23,552 - INFO - [2022] MISSING_CENTRAL: SR3Mu/Central/bjets/3/eta in Skim_TriLep_DoubleMuon_C.root
2026-03-06 09:45:23,563 - INFO - [2022] MISSING_CENTRAL: SR3Mu/Central/bjets/3/eta in Skim_TriLep_Muon_D.root
2026-03-06 09:45:23,564 - INFO - [2022] MISSING_CENTRAL: SR3Mu/Central/bjets/3/eta in Skim_TriLep_DYJets.root
2026-03-06 09:45:23,564 - INFO - [2022] MISSING_CENTRAL: SR3Mu/Central/bjets/3/eta in Skim_TriLep_DYJets10to50.root
2026-03-06 09:45:23,565 - INFO - [2022] MISSING_CENTRAL: SR3Mu/Central/bjets/3/eta in Skim_TriLep_TTG_PTG10to100.root
2026-03-06 09:45:23,565 - INFO - [2022] MISSING_CENTRAL: SR3Mu/Central/bjets/3/eta in Skim_TriLep_TTG_PTG100to200.root
2026-03-06 09:45:23,566 - INFO - [2022] MISSING_CENTRAL: SR3Mu/Central/bjets/3/eta in Skim_TriLep_TTG_PTG200toInf.root
2026-03-06 09:45:23,568 - INFO - [2022] MISSING_CENTRAL: SR3Mu/Central/bjets/3/eta in Skim_TriLep_TTWToLNu.root
2026-03-06 09:45:23,603 - INFO - [2022] MISSING_CENTRAL: SR3Mu/Central/bjets/3/eta in Skim_TriLep_WZTo3LNu_powheg.root
2026-03-06 09:45:23,604 - INFO - [2022] MISSING_CENTRAL: SR3Mu/Central/bjets/3/eta in Skim_TriLep_ZZTo4L_powheg.root
2026-03-06 09:45:23,610 - INFO - [2022] MISSING_CENTRAL: SR3Mu/Central/bjets/3/eta in Skim_TriLep_WWW.root
2026-03-06 09:45:23,611 - INFO - [2022] MISSING_CENTRAL: SR3Mu/Central/bjets/3/eta in Skim_TriLep_WWZ.root
2026-03-06 09:45:23,611 - INFO - [2022] MISSING_CENTRAL: SR3Mu/Central/bjets/3/eta in Skim_TriLep_WZZ.root
2026-03-06 09:45:23,625 - INFO - [2022] MISSING_CENTRAL: SR3Mu/Central/bjets/3/eta in Skim_TriLep_VBFHToZZTo4L.root
2026-03-06 09:45:23,626 - INFO - [2022] MISSING_CENTRAL: SR3Mu/Central/bjets/3/eta in Skim_TriLep_ggHToZZTo4L.root
2026-03-06 09:45:23,626 - INFO - [2022EE] MISSING_CENTRAL: SR3Mu/Central/bjets/3/eta in Skim_TriLep_Muon_E.root
2026-03-06 09:45:23,628 - INFO - [2022EE] MISSING_CENTRAL: SR3Mu/Central/bjets/3/eta in Skim_TriLep_DYJets.root
2026-03-06 09:45:23,628 - INFO - [2022EE] MISSING_CENTRAL: SR3Mu/Central/bjets/3/eta in Skim_TriLep_DYJets10to50.root
2026-03-06 09:45:23,629 - INFO - [2022EE] MISSING_CENTRAL: SR3Mu/Central/bjets/3/eta in Skim_TriLep_TTG_PTG10to100.root
2026-03-06 09:45:23,630 - INFO - [2022EE] MISSING_CENTRAL: SR3Mu/Central/bjets/3/eta in Skim_TriLep_TTG_PTG100to200.root
2026-03-06 09:45:23,630 - INFO - [2022EE] MISSING_CENTRAL: SR3Mu/Central/bjets/3/eta in Skim_TriLep_TTG_PTG200toInf.root
2026-03-06 09:45:23,664 - INFO - [2022EE] MISSING_CENTRAL: SR3Mu/Central/bjets/3/eta in Skim_TriLep_WZTo3LNu_powheg.root
2026-03-06 09:45:23,678 - INFO - [2022EE] MISSING_CENTRAL: SR3Mu/Central/bjets/3/eta in Skim_TriLep_WWW.root
2026-03-06 09:45:23,678 - INFO - [2022EE] MISSING_CENTRAL: SR3Mu/Central/bjets/3/eta in Skim_TriLep_WWZ.root
2026-03-06 09:45:23,698 - INFO - [2022EE] MISSING_CENTRAL: SR3Mu/Central/bjets/3/eta in Skim_TriLep_VBFHToZZTo4L.root
2026-03-06 09:45:23,699 - INFO - [2022EE] MISSING_CENTRAL: SR3Mu/Central/bjets/3/eta in Skim_TriLep_ggHToZZTo4L.root
2026-03-06 09:45:23,700 - INFO - [2023] MISSING_CENTRAL: SR3Mu/Central/bjets/3/eta in Skim_TriLep_Muon0_C_v2.root
2026-03-06 09:45:23,701 - INFO - [2023] MISSING_CENTRAL: SR3Mu/Central/bjets/3/eta in Skim_TriLep_Muon0_C_v3.root
2026-03-06 09:45:23,702 - INFO - [2023] MISSING_CENTRAL: SR3Mu/Central/bjets/3/eta in Skim_TriLep_Muon1_C_v1.root
2026-03-06 09:45:23,703 - INFO - [2023] MISSING_CENTRAL: SR3Mu/Central/bjets/3/eta in Skim_TriLep_Muon1_C_v2.root
2026-03-06 09:45:23,703 - INFO - [2023] MISSING_CENTRAL: SR3Mu/Central/bjets/3/eta in Skim_TriLep_Muon1_C_v3.root
2026-03-06 09:45:23,704 - INFO - [2023] MISSING_CENTRAL: SR3Mu/Central/bjets/3/eta in Skim_TriLep_Muon1_C_v4.root
2026-03-06 09:45:23,705 - INFO - [2023] MISSING_CENTRAL: SR3Mu/Central/bjets/3/eta in Skim_TriLep_DYJets.root
2026-03-06 09:45:23,705 - INFO - [2023] MISSING_CENTRAL: SR3Mu/Central/bjets/3/eta in Skim_TriLep_DYJets10to50.root
2026-03-06 09:45:23,706 - INFO - [2023] MISSING_CENTRAL: SR3Mu/Central/bjets/3/eta in Skim_TriLep_TTG_PTG10to100.root
2026-03-06 09:45:23,706 - INFO - [2023] MISSING_CENTRAL: SR3Mu/Central/bjets/3/eta in Skim_TriLep_TTG_PTG100to200.root
2026-03-06 09:45:23,707 - INFO - [2023] MISSING_CENTRAL: SR3Mu/Central/bjets/3/eta in Skim_TriLep_TTG_PTG200toInf.root
2026-03-06 09:45:23,742 - INFO - [2023] MISSING_CENTRAL: SR3Mu/Central/bjets/3/eta in Skim_TriLep_WZTo3LNu_powheg.root
2026-03-06 09:45:23,749 - INFO - [2023] MISSING_CENTRAL: SR3Mu/Central/bjets/3/eta in Skim_TriLep_tHq.root
2026-03-06 09:45:23,750 - INFO - [2023] MISSING_CENTRAL: SR3Mu/Central/bjets/3/eta in Skim_TriLep_WWW.root
2026-03-06 09:45:23,751 - INFO - [2023] MISSING_CENTRAL: SR3Mu/Central/bjets/3/eta in Skim_TriLep_WWZ.root
2026-03-06 09:45:23,751 - INFO - [2023] MISSING_CENTRAL: SR3Mu/Central/bjets/3/eta in Skim_TriLep_WZZ.root
2026-03-06 09:45:23,752 - INFO - [2023] MISSING_CENTRAL: SR3Mu/Central/bjets/3/eta in Skim_TriLep_ZZZ.root
2026-03-06 09:45:23,760 - INFO - [2023] MISSING_CENTRAL: SR3Mu/Central/bjets/3/eta in Skim_TriLep_VBFHToZZTo4L.root
2026-03-06 09:45:23,760 - INFO - [2023] MISSING_CENTRAL: SR3Mu/Central/bjets/3/eta in Skim_TriLep_ggHToZZTo4L.root
2026-03-06 09:45:23,761 - INFO - [2023BPix] MISSING_CENTRAL: SR3Mu/Central/bjets/3/eta in Skim_TriLep_Muon0_D_v1.root
2026-03-06 09:45:23,762 - INFO - [2023BPix] MISSING_CENTRAL: SR3Mu/Central/bjets/3/eta in Skim_TriLep_Muon0_D_v2.root
2026-03-06 09:45:23,762 - INFO - [2023BPix] MISSING_CENTRAL: SR3Mu/Central/bjets/3/eta in Skim_TriLep_Muon1_D_v1.root
2026-03-06 09:45:23,763 - INFO - [2023BPix] MISSING_CENTRAL: SR3Mu/Central/bjets/3/eta in Skim_TriLep_Muon1_D_v2.root
2026-03-06 09:45:23,763 - INFO - [2023BPix] MISSING_CENTRAL: SR3Mu/Central/bjets/3/eta in Skim_TriLep_DYJets.root
2026-03-06 09:45:23,764 - INFO - [2023BPix] MISSING_CENTRAL: SR3Mu/Central/bjets/3/eta in Skim_TriLep_DYJets10to50.root
2026-03-06 09:45:23,764 - INFO - [2023BPix] MISSING_CENTRAL: SR3Mu/Central/bjets/3/eta in Skim_TriLep_TTG_PTG10to100.root
2026-03-06 09:45:23,765 - INFO - [2023BPix] MISSING_CENTRAL: SR3Mu/Central/bjets/3/eta in Skim_TriLep_TTG_PTG100to200.root
2026-03-06 09:45:23,765 - INFO - [2023BPix] MISSING_CENTRAL: SR3Mu/Central/bjets/3/eta in Skim_TriLep_TTG_PTG200toInf.root
2026-03-06 09:45:23,766 - INFO - [2023BPix] MISSING_CENTRAL: SR3Mu/Central/bjets/3/eta in Skim_TriLep_TTWToLNu.root
2026-03-06 09:45:23,794 - INFO - [2023BPix] MISSING_CENTRAL: SR3Mu/Central/bjets/3/eta in Skim_TriLep_WZTo3LNu_powheg.root
2026-03-06 09:45:23,801 - INFO - [2023BPix] MISSING_CENTRAL: SR3Mu/Central/bjets/3/eta in Skim_TriLep_tHq.root
2026-03-06 09:45:23,802 - INFO - [2023BPix] MISSING_CENTRAL: SR3Mu/Central/bjets/3/eta in Skim_TriLep_WWW.root
2026-03-06 09:45:23,802 - INFO - [2023BPix] MISSING_CENTRAL: SR3Mu/Central/bjets/3/eta in Skim_TriLep_WWZ.root
2026-03-06 09:45:23,803 - INFO - [2023BPix] MISSING_CENTRAL: SR3Mu/Central/bjets/3/eta in Skim_TriLep_WZZ.root
2026-03-06 09:45:23,803 - INFO - [2023BPix] MISSING_CENTRAL: SR3Mu/Central/bjets/3/eta in Skim_TriLep_ZZZ.root
2026-03-06 09:45:23,810 - INFO - [2023BPix] MISSING_CENTRAL: SR3Mu/Central/bjets/3/eta in Skim_TriLep_VBFHToZZTo4L.root
2026-03-06 09:45:23,811 - INFO - [2023BPix] MISSING_CENTRAL: SR3Mu/Central/bjets/3/eta in Skim_TriLep_ggHToZZTo4L.root
2026-03-06 19:51:09,181 - INFO - [2022] MISSING_CENTRAL: SR3Mu/Central/bjets/3/eta in Skim_TriLep_DoubleMuon_C.root
2026-03-06 19:51:09,210 - INFO - [2022] MISSING_CENTRAL: SR3Mu/Central/bjets/3/eta in Skim_TriLep_Muon_D.root
2026-03-06 19:51:09,231 - INFO - [2022EE] MISSING_CENTRAL: SR3Mu/Central/bjets/3/eta in Skim_TriLep_Muon_G.root
2026-03-06 19:51:09,240 - INFO - [2023] MISSING_CENTRAL: SR3Mu/Central/bjets/3/eta in Skim_TriLep_Muon0_C_v1.root
2026-03-06 19:51:09,241 - INFO - [2023] MISSING_CENTRAL: SR3Mu/Central/bjets/3/eta in Skim_TriLep_Muon0_C_v2.root
2026-03-06 19:51:09,241 - INFO - [2023] MISSING_CENTRAL: SR3Mu/Central/bjets/3/eta in Skim_TriLep_Muon0_C_v3.root
2026-03-06 19:51:09,241 - INFO - [2023] MISSING_CENTRAL: SR3Mu/Central/bjets/3/eta in Skim_TriLep_Muon0_C_v4.root
2026-03-06 19:51:09,242 - INFO - [2023] MISSING_CENTRAL: SR3Mu/Central/bjets/3/eta in Skim_TriLep_Muon1_C_v1.root
2026-03-06 19:51:09,242 - INFO - [2023] MISSING_CENTRAL: SR3Mu/Central/bjets/3/eta in Skim_TriLep_Muon1_C_v2.root
2026-03-06 19:51:09,243 - INFO - [2023] MISSING_CENTRAL: SR3Mu/Central/bjets/3/eta in Skim_TriLep_Muon1_C_v3.root
2026-03-06 19:51:09,243 - INFO - [2023] MISSING_CENTRAL: SR3Mu/Central/bjets/3/eta in Skim_TriLep_Muon1_C_v4.root
2026-03-06 19:51:09,244 - INFO - [2023BPix] MISSING_CENTRAL: SR3Mu/Central/bjets/3/eta in Skim_TriLep_Muon0_D_v2.root
2026-03-06 19:51:09,245 - INFO - [2023BPix] MISSING_CENTRAL: SR3Mu/Central/bjets/3/eta in Skim_TriLep_Muon1_D_v1.root
2026-03-06 19:51:09,246 - INFO - [2023BPix] MISSING_CENTRAL: SR3Mu/Central/bjets/3/eta in Skim_TriLep_Muon1_D_v2.root
2026-03-06 19:51:09,251 - INFO - [2022] MISSING_CENTRAL: SR3Mu/Central/bjets/3/eta in Skim_TriLep_DoubleMuon_C.root
2026-03-06 19:51:09,260 - INFO - [2022] MISSING_CENTRAL: SR3Mu/Central/bjets/3/eta in Skim_TriLep_Muon_D.root
2026-03-06 19:51:09,261 - INFO - [2022] MISSING_CENTRAL: SR3Mu/Central/bjets/3/eta in Skim_TriLep_DYJets.root
2026-03-06 19:51:09,261 - INFO - [2022] MISSING_CENTRAL: SR3Mu/Central/bjets/3/eta in Skim_TriLep_DYJets10to50.root
2026-03-06 19:51:09,262 - INFO - [2022] MISSING_CENTRAL: SR3Mu/Central/bjets/3/eta in Skim_TriLep_TTG_PTG10to100.root
2026-03-06 19:51:09,262 - INFO - [2022] MISSING_CENTRAL: SR3Mu/Central/bjets/3/eta in Skim_TriLep_TTG_PTG100to200.root
2026-03-06 19:51:09,263 - INFO - [2022] MISSING_CENTRAL: SR3Mu/Central/bjets/3/eta in Skim_TriLep_TTG_PTG200toInf.root
2026-03-06 19:51:09,264 - INFO - [2022] MISSING_CENTRAL: SR3Mu/Central/bjets/3/eta in Skim_TriLep_TTWToLNu.root
2026-03-06 19:51:09,296 - INFO - [2022] MISSING_CENTRAL: SR3Mu/Central/bjets/3/eta in Skim_TriLep_WZTo3LNu_powheg.root
2026-03-06 19:51:09,297 - INFO - [2022] MISSING_CENTRAL: SR3Mu/Central/bjets/3/eta in Skim_TriLep_ZZTo4L_powheg.root
2026-03-06 19:51:09,304 - INFO - [2022] MISSING_CENTRAL: SR3Mu/Central/bjets/3/eta in Skim_TriLep_WWW.root
2026-03-06 19:51:09,305 - INFO - [2022] MISSING_CENTRAL: SR3Mu/Central/bjets/3/eta in Skim_TriLep_WWZ.root
2026-03-06 19:51:09,305 - INFO - [2022] MISSING_CENTRAL: SR3Mu/Central/bjets/3/eta in Skim_TriLep_WZZ.root
2026-03-06 19:51:09,319 - INFO - [2022] MISSING_CENTRAL: SR3Mu/Central/bjets/3/eta in Skim_TriLep_VBFHToZZTo4L.root
2026-03-06 19:51:09,319 - INFO - [2022] MISSING_CENTRAL: SR3Mu/Central/bjets/3/eta in Skim_TriLep_ggHToZZTo4L.root
2026-03-06 19:51:09,320 - INFO - [2022EE] MISSING_CENTRAL: SR3Mu/Central/bjets/3/eta in Skim_TriLep_Muon_E.root
2026-03-06 19:51:09,322 - INFO - [2022EE] MISSING_CENTRAL: SR3Mu/Central/bjets/3/eta in Skim_TriLep_DYJets.root
2026-03-06 19:51:09,322 - INFO - [2022EE] MISSING_CENTRAL: SR3Mu/Central/bjets/3/eta in Skim_TriLep_DYJets10to50.root
2026-03-06 19:51:09,323 - INFO - [2022EE] MISSING_CENTRAL: SR3Mu/Central/bjets/3/eta in Skim_TriLep_TTG_PTG10to100.root
2026-03-06 19:51:09,324 - INFO - [2022EE] MISSING_CENTRAL: SR3Mu/Central/bjets/3/eta in Skim_TriLep_TTG_PTG100to200.root
2026-03-06 19:51:09,324 - INFO - [2022EE] MISSING_CENTRAL: SR3Mu/Central/bjets/3/eta in Skim_TriLep_TTG_PTG200toInf.root
2026-03-06 19:51:09,359 - INFO - [2022EE] MISSING_CENTRAL: SR3Mu/Central/bjets/3/eta in Skim_TriLep_WZTo3LNu_powheg.root
2026-03-06 19:51:09,375 - INFO - [2022EE] MISSING_CENTRAL: SR3Mu/Central/bjets/3/eta in Skim_TriLep_WWW.root
2026-03-06 19:51:09,376 - INFO - [2022EE] MISSING_CENTRAL: SR3Mu/Central/bjets/3/eta in Skim_TriLep_WWZ.root
2026-03-06 19:51:09,396 - INFO - [2022EE] MISSING_CENTRAL: SR3Mu/Central/bjets/3/eta in Skim_TriLep_VBFHToZZTo4L.root
2026-03-06 19:51:09,397 - INFO - [2022EE] MISSING_CENTRAL: SR3Mu/Central/bjets/3/eta in Skim_TriLep_ggHToZZTo4L.root
2026-03-06 19:51:09,398 - INFO - [2023] MISSING_CENTRAL: SR3Mu/Central/bjets/3/eta in Skim_TriLep_Muon0_C_v2.root
2026-03-06 19:51:09,399 - INFO - [2023] MISSING_CENTRAL: SR3Mu/Central/bjets/3/eta in Skim_TriLep_Muon0_C_v3.root
2026-03-06 19:51:09,400 - INFO - [2023] MISSING_CENTRAL: SR3Mu/Central/bjets/3/eta in Skim_TriLep_Muon1_C_v1.root
2026-03-06 19:51:09,401 - INFO - [2023] MISSING_CENTRAL: SR3Mu/Central/bjets/3/eta in Skim_TriLep_Muon1_C_v2.root
2026-03-06 19:51:09,401 - INFO - [2023] MISSING_CENTRAL: SR3Mu/Central/bjets/3/eta in Skim_TriLep_Muon1_C_v3.root
2026-03-06 19:51:09,402 - INFO - [2023] MISSING_CENTRAL: SR3Mu/Central/bjets/3/eta in Skim_TriLep_Muon1_C_v4.root
2026-03-06 19:51:09,403 - INFO - [2023] MISSING_CENTRAL: SR3Mu/Central/bjets/3/eta in Skim_TriLep_DYJets.root
2026-03-06 19:51:09,403 - INFO - [2023] MISSING_CENTRAL: SR3Mu/Central/bjets/3/eta in Skim_TriLep_DYJets10to50.root
2026-03-06 19:51:09,404 - INFO - [2023] MISSING_CENTRAL: SR3Mu/Central/bjets/3/eta in Skim_TriLep_TTG_PTG10to100.root
2026-03-06 19:51:09,405 - INFO - [2023] MISSING_CENTRAL: SR3Mu/Central/bjets/3/eta in Skim_TriLep_TTG_PTG100to200.root
2026-03-06 19:51:09,405 - INFO - [2023] MISSING_CENTRAL: SR3Mu/Central/bjets/3/eta in Skim_TriLep_TTG_PTG200toInf.root
2026-03-06 19:51:09,439 - INFO - [2023] MISSING_CENTRAL: SR3Mu/Central/bjets/3/eta in Skim_TriLep_WZTo3LNu_powheg.root
2026-03-06 19:51:09,447 - INFO - [2023] MISSING_CENTRAL: SR3Mu/Central/bjets/3/eta in Skim_TriLep_tHq.root
2026-03-06 19:51:09,447 - INFO - [2023] MISSING_CENTRAL: SR3Mu/Central/bjets/3/eta in Skim_TriLep_WWW.root
2026-03-06 19:51:09,448 - INFO - [2023] MISSING_CENTRAL: SR3Mu/Central/bjets/3/eta in Skim_TriLep_WWZ.root
2026-03-06 19:51:09,449 - INFO - [2023] MISSING_CENTRAL: SR3Mu/Central/bjets/3/eta in Skim_TriLep_WZZ.root
2026-03-06 19:51:09,449 - INFO - [2023] MISSING_CENTRAL: SR3Mu/Central/bjets/3/eta in Skim_TriLep_ZZZ.root
2026-03-06 19:51:09,456 - INFO - [2023] MISSING_CENTRAL: SR3Mu/Central/bjets/3/eta in Skim_TriLep_VBFHToZZTo4L.root
2026-03-06 19:51:09,457 - INFO - [2023] MISSING_CENTRAL: SR3Mu/Central/bjets/3/eta in Skim_TriLep_ggHToZZTo4L.root
2026-03-06 19:51:09,457 - INFO - [2023BPix] MISSING_CENTRAL: SR3Mu/Central/bjets/3/eta in Skim_TriLep_Muon0_D_v1.root
2026-03-06 19:51:09,458 - INFO - [2023BPix] MISSING_CENTRAL: SR3Mu/Central/bjets/3/eta in Skim_TriLep_Muon0_D_v2.root
2026-03-06 19:51:09,458 - INFO - [2023BPix] MISSING_CENTRAL: SR3Mu/Central/bjets/3/eta in Skim_TriLep_Muon1_D_v1.root
2026-03-06 19:51:09,459 - INFO - [2023BPix] MISSING_CENTRAL: SR3Mu/Central/bjets/3/eta in Skim_TriLep_Muon1_D_v2.root
2026-03-06 19:51:09,460 - INFO - [2023BPix] MISSING_CENTRAL: SR3Mu/Central/bjets/3/eta in Skim_TriLep_DYJets.root
2026-03-06 19:51:09,460 - INFO - [2023BPix] MISSING_CENTRAL: SR3Mu/Central/bjets/3/eta in Skim_TriLep_DYJets10to50.root
2026-03-06 19:51:09,461 - INFO - [2023BPix] MISSING_CENTRAL: SR3Mu/Central/bjets/3/eta in Skim_TriLep_TTG_PTG10to100.root
2026-03-06 19:51:09,461 - INFO - [2023BPix] MISSING_CENTRAL: SR3Mu/Central/bjets/3/eta in Skim_TriLep_TTG_PTG100to200.root
2026-03-06 19:51:09,462 - INFO - [2023BPix] MISSING_CENTRAL: SR3Mu/Central/bjets/3/eta in Skim_TriLep_TTG_PTG200toInf.root
2026-03-06 19:51:09,463 - INFO - [2023BPix] MISSING_CENTRAL: SR3Mu/Central/bjets/3/eta in Skim_TriLep_TTWToLNu.root
2026-03-06 19:51:09,491 - INFO - [2023BPix] MISSING_CENTRAL: SR3Mu/Central/bjets/3/eta in Skim_TriLep_WZTo3LNu_powheg.root
2026-03-06 19:51:09,498 - INFO - [2023BPix] MISSING_CENTRAL: SR3Mu/Central/bjets/3/eta in Skim_TriLep_tHq.root
2026-03-06 19:51:09,499 - INFO - [2023BPix] MISSING_CENTRAL: SR3Mu/Central/bjets/3/eta in Skim_TriLep_WWW.root
2026-03-06 19:51:09,500 - INFO - [2023BPix] MISSING_CENTRAL: SR3Mu/Central/bjets/3/eta in Skim_TriLep_WWZ.root
2026-03-06 19:51:09,500 - INFO - [2023BPix] MISSING_CENTRAL: SR3Mu/Central/bjets/3/eta in Skim_TriLep_WZZ.root
2026-03-06 19:51:09,501 - INFO - [2023BPix] MISSING_CENTRAL: SR3Mu/Central/bjets/3/eta in Skim_TriLep_ZZZ.root
2026-03-06 19:51:09,509 - INFO - [2023BPix] MISSING_CENTRAL: SR3Mu/Central/bjets/3/eta in Skim_TriLep_VBFHToZZTo4L.root
2026-03-06 19:51:09,510 - INFO - [2023BPix] MISSING_CENTRAL: SR3Mu/Central/bjets/3/eta in Skim_TriLep_ggHToZZTo4L.root
2026-04-10 20:26:03,207 - INFO - [2022] MISSING_CENTRAL: SR3Mu/Central/bjets/3/eta in Skim_TriLep_DoubleMuon_C.root
2026-04-10 20:26:03,243 - INFO - [2022] MISSING_CENTRAL: SR3Mu/Central/bjets/3/eta in Skim_TriLep_Muon_D.root
2026-04-10 20:26:03,265 - INFO - [2022EE] MISSING_CENTRAL: SR3Mu/Central/bjets/3/eta in Skim_TriLep_Muon_G.root
2026-04-10 20:26:03,275 - INFO - [2023] MISSING_CENTRAL: SR3Mu/Central/bjets/3/eta in Skim_TriLep_Muon0_C_v1.root
2026-04-10 20:26:03,276 - INFO - [2023] MISSING_CENTRAL: SR3Mu/Central/bjets/3/eta in Skim_TriLep_Muon0_C_v2.root
2026-04-10 20:26:03,277 - INFO - [2023] MISSING_CENTRAL: SR3Mu/Central/bjets/3/eta in Skim_TriLep_Muon0_C_v3.root
2026-04-10 20:26:03,277 - INFO - [2023] MISSING_CENTRAL: SR3Mu/Central/bjets/3/eta in Skim_TriLep_Muon0_C_v4.root
2026-04-10 20:26:03,278 - INFO - [2023] MISSING_CENTRAL: SR3Mu/Central/bjets/3/eta in Skim_TriLep_Muon1_C_v1.root
2026-04-10 20:26:03,278 - INFO - [2023] MISSING_CENTRAL: SR3Mu/Central/bjets/3/eta in Skim_TriLep_Muon1_C_v2.root
2026-04-10 20:26:03,279 - INFO - [2023] MISSING_CENTRAL: SR3Mu/Central/bjets/3/eta in Skim_TriLep_Muon1_C_v3.root
2026-04-10 20:26:03,279 - INFO - [2023] MISSING_CENTRAL: SR3Mu/Central/bjets/3/eta in Skim_TriLep_Muon1_C_v4.root
2026-04-10 20:26:03,280 - INFO - [2023BPix] MISSING_CENTRAL: SR3Mu/Central/bjets/3/eta in Skim_TriLep_Muon0_D_v2.root
2026-04-10 20:26:03,281 - INFO - [2023BPix] MISSING_CENTRAL: SR3Mu/Central/bjets/3/eta in Skim_TriLep_Muon1_D_v1.root
2026-04-10 20:26:03,282 - INFO - [2023BPix] MISSING_CENTRAL: SR3Mu/Central/bjets/3/eta in Skim_TriLep_Muon1_D_v2.root
2026-04-10 20:26:03,287 - INFO - [2022] MISSING_CENTRAL: SR3Mu/Central/bjets/3/eta in Skim_TriLep_DoubleMuon_C.root
2026-04-10 20:26:03,297 - INFO - [2022] MISSING_CENTRAL: SR3Mu/Central/bjets/3/eta in Skim_TriLep_Muon_D.root
2026-04-10 20:26:03,298 - INFO - [2022] MISSING_CENTRAL: SR3Mu/Central/bjets/3/eta in Skim_TriLep_DYJets.root
2026-04-10 20:26:03,298 - INFO - [2022] MISSING_CENTRAL: SR3Mu/Central/bjets/3/eta in Skim_TriLep_DYJets10to50.root
2026-04-10 20:26:03,299 - INFO - [2022] MISSING_CENTRAL: SR3Mu/Central/bjets/3/eta in Skim_TriLep_TTG_PTG10to100.root
2026-04-10 20:26:03,300 - INFO - [2022] MISSING_CENTRAL: SR3Mu/Central/bjets/3/eta in Skim_TriLep_TTG_PTG100to200.root
2026-04-10 20:26:03,300 - INFO - [2022] MISSING_CENTRAL: SR3Mu/Central/bjets/3/eta in Skim_TriLep_TTG_PTG200toInf.root
2026-04-10 20:26:03,302 - INFO - [2022] MISSING_CENTRAL: SR3Mu/Central/bjets/3/eta in Skim_TriLep_TTWToLNu.root
2026-04-10 20:26:03,333 - INFO - [2022] MISSING_CENTRAL: SR3Mu/Central/bjets/3/eta in Skim_TriLep_WZTo3LNu_powheg.root
2026-04-10 20:26:03,334 - INFO - [2022] MISSING_CENTRAL: SR3Mu/Central/bjets/3/eta in Skim_TriLep_ZZTo4L_powheg.root
2026-04-10 20:26:03,341 - INFO - [2022] MISSING_CENTRAL: SR3Mu/Central/bjets/3/eta in Skim_TriLep_WWW.root
2026-04-10 20:26:03,342 - INFO - [2022] MISSING_CENTRAL: SR3Mu/Central/bjets/3/eta in Skim_TriLep_WWZ.root
2026-04-10 20:26:03,343 - INFO - [2022] MISSING_CENTRAL: SR3Mu/Central/bjets/3/eta in Skim_TriLep_WZZ.root
2026-04-10 20:26:03,355 - INFO - [2022] MISSING_CENTRAL: SR3Mu/Central/bjets/3/eta in Skim_TriLep_VBFHToZZTo4L.root
2026-04-10 20:26:03,356 - INFO - [2022] MISSING_CENTRAL: SR3Mu/Central/bjets/3/eta in Skim_TriLep_ggHToZZTo4L.root
2026-04-10 20:26:03,356 - INFO - [2022EE] MISSING_CENTRAL: SR3Mu/Central/bjets/3/eta in Skim_TriLep_Muon_E.root
2026-04-10 20:26:03,358 - INFO - [2022EE] MISSING_CENTRAL: SR3Mu/Central/bjets/3/eta in Skim_TriLep_DYJets.root
2026-04-10 20:26:03,358 - INFO - [2022EE] MISSING_CENTRAL: SR3Mu/Central/bjets/3/eta in Skim_TriLep_DYJets10to50.root
2026-04-10 20:26:03,359 - INFO - [2022EE] MISSING_CENTRAL: SR3Mu/Central/bjets/3/eta in Skim_TriLep_TTG_PTG10to100.root
2026-04-10 20:26:03,359 - INFO - [2022EE] MISSING_CENTRAL: SR3Mu/Central/bjets/3/eta in Skim_TriLep_TTG_PTG100to200.root
2026-04-10 20:26:03,360 - INFO - [2022EE] MISSING_CENTRAL: SR3Mu/Central/bjets/3/eta in Skim_TriLep_TTG_PTG200toInf.root
2026-04-10 20:26:03,391 - INFO - [2022EE] MISSING_CENTRAL: SR3Mu/Central/bjets/3/eta in Skim_TriLep_WZTo3LNu_powheg.root
2026-04-10 20:26:03,403 - INFO - [2022EE] MISSING_CENTRAL: SR3Mu/Central/bjets/3/eta in Skim_TriLep_WWW.root
2026-04-10 20:26:03,404 - INFO - [2022EE] MISSING_CENTRAL: SR3Mu/Central/bjets/3/eta in Skim_TriLep_WWZ.root
2026-04-10 20:26:03,423 - INFO - [2022EE] MISSING_CENTRAL: SR3Mu/Central/bjets/3/eta in Skim_TriLep_VBFHToZZTo4L.root
2026-04-10 20:26:03,423 - INFO - [2022EE] MISSING_CENTRAL: SR3Mu/Central/bjets/3/eta in Skim_TriLep_ggHToZZTo4L.root
2026-04-10 20:26:03,424 - INFO - [2023] MISSING_CENTRAL: SR3Mu/Central/bjets/3/eta in Skim_TriLep_Muon0_C_v2.root
2026-04-10 20:26:03,425 - INFO - [2023] MISSING_CENTRAL: SR3Mu/Central/bjets/3/eta in Skim_TriLep_Muon0_C_v3.root
2026-04-10 20:26:03,426 - INFO - [2023] MISSING_CENTRAL: SR3Mu/Central/bjets/3/eta in Skim_TriLep_Muon1_C_v1.root
2026-04-10 20:26:03,426 - INFO - [2023] MISSING_CENTRAL: SR3Mu/Central/bjets/3/eta in Skim_TriLep_Muon1_C_v2.root
2026-04-10 20:26:03,426 - INFO - [2023] MISSING_CENTRAL: SR3Mu/Central/bjets/3/eta in Skim_TriLep_Muon1_C_v3.root
2026-04-10 20:26:03,427 - INFO - [2023] MISSING_CENTRAL: SR3Mu/Central/bjets/3/eta in Skim_TriLep_Muon1_C_v4.root
2026-04-10 20:26:03,428 - INFO - [2023] MISSING_CENTRAL: SR3Mu/Central/bjets/3/eta in Skim_TriLep_DYJets.root
2026-04-10 20:26:03,428 - INFO - [2023] MISSING_CENTRAL: SR3Mu/Central/bjets/3/eta in Skim_TriLep_DYJets10to50.root
2026-04-10 20:26:03,429 - INFO - [2023] MISSING_CENTRAL: SR3Mu/Central/bjets/3/eta in Skim_TriLep_TTG_PTG10to100.root
2026-04-10 20:26:03,429 - INFO - [2023] MISSING_CENTRAL: SR3Mu/Central/bjets/3/eta in Skim_TriLep_TTG_PTG100to200.root
2026-04-10 20:26:03,430 - INFO - [2023] MISSING_CENTRAL: SR3Mu/Central/bjets/3/eta in Skim_TriLep_TTG_PTG200toInf.root
2026-04-10 20:26:03,460 - INFO - [2023] MISSING_CENTRAL: SR3Mu/Central/bjets/3/eta in Skim_TriLep_WZTo3LNu_powheg.root
2026-04-10 20:26:03,466 - INFO - [2023] MISSING_CENTRAL: SR3Mu/Central/bjets/3/eta in Skim_TriLep_tHq.root
2026-04-10 20:26:03,467 - INFO - [2023] MISSING_CENTRAL: SR3Mu/Central/bjets/3/eta in Skim_TriLep_WWW.root
2026-04-10 20:26:03,467 - INFO - [2023] MISSING_CENTRAL: SR3Mu/Central/bjets/3/eta in Skim_TriLep_WWZ.root
2026-04-10 20:26:03,468 - INFO - [2023] MISSING_CENTRAL: SR3Mu/Central/bjets/3/eta in Skim_TriLep_WZZ.root
2026-04-10 20:26:03,469 - INFO - [2023] MISSING_CENTRAL: SR3Mu/Central/bjets/3/eta in Skim_TriLep_ZZZ.root
2026-04-10 20:26:03,477 - INFO - [2023] MISSING_CENTRAL: SR3Mu/Central/bjets/3/eta in Skim_TriLep_VBFHToZZTo4L.root
2026-04-10 20:26:03,478 - INFO - [2023] MISSING_CENTRAL: SR3Mu/Central/bjets/3/eta in Skim_TriLep_ggHToZZTo4L.root
2026-04-10 20:26:03,478 - INFO - [2023BPix] MISSING_CENTRAL: SR3Mu/Central/bjets/3/eta in Skim_TriLep_Muon0_D_v1.root
2026-04-10 20:26:03,479 - INFO - [2023BPix] MISSING_CENTRAL: SR3Mu/Central/bjets/3/eta in Skim_TriLep_Muon0_D_v2.root
2026-04-10 20:26:03,479 - INFO - [2023BPix] MISSING_CENTRAL: SR3Mu/Central/bjets/3/eta in Skim_TriLep_Muon1_D_v1.root
2026-04-10 20:26:03,479 - INFO - [2023BPix] MISSING_CENTRAL: SR3Mu/Central/bjets/3/eta in Skim_TriLep_Muon1_D_v2.root
2026-04-10 20:26:03,480 - INFO - [2023BPix] MISSING_CENTRAL: SR3Mu/Central/bjets/3/eta in Skim_TriLep_DYJets.root
2026-04-10 20:26:03,481 - INFO - [2023BPix] MISSING_CENTRAL: SR3Mu/Central/bjets/3/eta in Skim_TriLep_DYJets10to50.root
2026-04-10 20:26:03,481 - INFO - [2023BPix] MISSING_CENTRAL: SR3Mu/Central/bjets/3/eta in Skim_TriLep_TTG_PTG10to100.root
2026-04-10 20:26:03,482 - INFO - [2023BPix] MISSING_CENTRAL: SR3Mu/Central/bjets/3/eta in Skim_TriLep_TTG_PTG100to200.root
2026-04-10 20:26:03,482 - INFO - [2023BPix] MISSING_CENTRAL: SR3Mu/Central/bjets/3/eta in Skim_TriLep_TTG_PTG200toInf.root
2026-04-10 20:26:03,483 - INFO - [2023BPix] MISSING_CENTRAL: SR3Mu/Central/bjets/3/eta in Skim_TriLep_TTWToLNu.root
2026-04-10 20:26:03,510 - INFO - [2023BPix] MISSING_CENTRAL: SR3Mu/Central/bjets/3/eta in Skim_TriLep_WZTo3LNu_powheg.root
2026-04-10 20:26:03,517 - INFO - [2023BPix] MISSING_CENTRAL: SR3Mu/Central/bjets/3/eta in Skim_TriLep_tHq.root
2026-04-10 20:26:03,518 - INFO - [2023BPix] MISSING_CENTRAL: SR3Mu/Central/bjets/3/eta in Skim_TriLep_WWW.root
2026-04-10 20:26:03,518 - INFO - [2023BPix] MISSING_CENTRAL: SR3Mu/Central/bjets/3/eta in Skim_TriLep_WWZ.root
2026-04-10 20:26:03,519 - INFO - [2023BPix] MISSING_CENTRAL: SR3Mu/Central/bjets/3/eta in Skim_TriLep_WZZ.root
2026-04-10 20:26:03,519 - INFO - [2023BPix] MISSING_CENTRAL: SR3Mu/Central/bjets/3/eta in Skim_TriLep_ZZZ.root
2026-04-10 20:26:03,527 - INFO - [2023BPix] MISSING_CENTRAL: SR3Mu/Central/bjets/3/eta in Skim_TriLep_VBFHToZZTo4L.root
2026-04-10 20:26:03,528 - INFO - [2023BPix] MISSING_CENTRAL: SR3Mu/Central/bjets/3/eta in Skim_TriLep_ggHToZZTo4L.root
2026-04-12 11:41:28,946 - INFO - [2022] MISSING_CENTRAL: SR3Mu/Central/bjets/3/eta in Skim_TriLep_DoubleMuon_C.root
2026-04-12 11:41:28,981 - INFO - [2022] MISSING_CENTRAL: SR3Mu/Central/bjets/3/eta in Skim_TriLep_Muon_D.root
2026-04-12 11:41:29,003 - INFO - [2022EE] MISSING_CENTRAL: SR3Mu/Central/bjets/3/eta in Skim_TriLep_Muon_G.root
2026-04-12 11:41:29,013 - INFO - [2023] MISSING_CENTRAL: SR3Mu/Central/bjets/3/eta in Skim_TriLep_Muon0_C_v1.root
2026-04-12 11:41:29,014 - INFO - [2023] MISSING_CENTRAL: SR3Mu/Central/bjets/3/eta in Skim_TriLep_Muon0_C_v2.root
2026-04-12 11:41:29,015 - INFO - [2023] MISSING_CENTRAL: SR3Mu/Central/bjets/3/eta in Skim_TriLep_Muon0_C_v3.root
2026-04-12 11:41:29,015 - INFO - [2023] MISSING_CENTRAL: SR3Mu/Central/bjets/3/eta in Skim_TriLep_Muon0_C_v4.root
2026-04-12 11:41:29,016 - INFO - [2023] MISSING_CENTRAL: SR3Mu/Central/bjets/3/eta in Skim_TriLep_Muon1_C_v1.root
2026-04-12 11:41:29,016 - INFO - [2023] MISSING_CENTRAL: SR3Mu/Central/bjets/3/eta in Skim_TriLep_Muon1_C_v2.root
2026-04-12 11:41:29,017 - INFO - [2023] MISSING_CENTRAL: SR3Mu/Central/bjets/3/eta in Skim_TriLep_Muon1_C_v3.root
2026-04-12 11:41:29,017 - INFO - [2023] MISSING_CENTRAL: SR3Mu/Central/bjets/3/eta in Skim_TriLep_Muon1_C_v4.root
2026-04-12 11:41:29,018 - INFO - [2023BPix] MISSING_CENTRAL: SR3Mu/Central/bjets/3/eta in Skim_TriLep_Muon0_D_v2.root
2026-04-12 11:41:29,019 - INFO - [2023BPix] MISSING_CENTRAL: SR3Mu/Central/bjets/3/eta in Skim_TriLep_Muon1_D_v1.root
2026-04-12 11:41:29,019 - INFO - [2023BPix] MISSING_CENTRAL: SR3Mu/Central/bjets/3/eta in Skim_TriLep_Muon1_D_v2.root
2026-04-12 11:41:29,024 - INFO - [2022] MISSING_CENTRAL: SR3Mu/Central/bjets/3/eta in Skim_TriLep_DoubleMuon_C.root
2026-04-12 11:41:29,034 - INFO - [2022] MISSING_CENTRAL: SR3Mu/Central/bjets/3/eta in Skim_TriLep_Muon_D.root
2026-04-12 11:41:29,035 - INFO - [2022] MISSING_CENTRAL: SR3Mu/Central/bjets/3/eta in Skim_TriLep_DYJets.root
2026-04-12 11:41:29,035 - INFO - [2022] MISSING_CENTRAL: SR3Mu/Central/bjets/3/eta in Skim_TriLep_DYJets10to50.root
2026-04-12 11:41:29,036 - INFO - [2022] MISSING_CENTRAL: SR3Mu/Central/bjets/3/eta in Skim_TriLep_TTG_PTG10to100.root
2026-04-12 11:41:29,036 - INFO - [2022] MISSING_CENTRAL: SR3Mu/Central/bjets/3/eta in Skim_TriLep_TTG_PTG100to200.root
2026-04-12 11:41:29,037 - INFO - [2022] MISSING_CENTRAL: SR3Mu/Central/bjets/3/eta in Skim_TriLep_TTG_PTG200toInf.root
2026-04-12 11:41:29,038 - INFO - [2022] MISSING_CENTRAL: SR3Mu/Central/bjets/3/eta in Skim_TriLep_TTWToLNu.root
2026-04-12 11:41:29,070 - INFO - [2022] MISSING_CENTRAL: SR3Mu/Central/bjets/3/eta in Skim_TriLep_WZTo3LNu_powheg.root
2026-04-12 11:41:29,071 - INFO - [2022] MISSING_CENTRAL: SR3Mu/Central/bjets/3/eta in Skim_TriLep_ZZTo4L_powheg.root
2026-04-12 11:41:29,077 - INFO - [2022] MISSING_CENTRAL: SR3Mu/Central/bjets/3/eta in Skim_TriLep_WWW.root
2026-04-12 11:41:29,078 - INFO - [2022] MISSING_CENTRAL: SR3Mu/Central/bjets/3/eta in Skim_TriLep_WWZ.root
2026-04-12 11:41:29,079 - INFO - [2022] MISSING_CENTRAL: SR3Mu/Central/bjets/3/eta in Skim_TriLep_WZZ.root
2026-04-12 11:41:29,093 - INFO - [2022] MISSING_CENTRAL: SR3Mu/Central/bjets/3/eta in Skim_TriLep_VBFHToZZTo4L.root
2026-04-12 11:41:29,094 - INFO - [2022] MISSING_CENTRAL: SR3Mu/Central/bjets/3/eta in Skim_TriLep_ggHToZZTo4L.root
2026-04-12 11:41:29,094 - INFO - [2022EE] MISSING_CENTRAL: SR3Mu/Central/bjets/3/eta in Skim_TriLep_Muon_E.root
2026-04-12 11:41:29,096 - INFO - [2022EE] MISSING_CENTRAL: SR3Mu/Central/bjets/3/eta in Skim_TriLep_DYJets.root
2026-04-12 11:41:29,097 - INFO - [2022EE] MISSING_CENTRAL: SR3Mu/Central/bjets/3/eta in Skim_TriLep_DYJets10to50.root
2026-04-12 11:41:29,097 - INFO - [2022EE] MISSING_CENTRAL: SR3Mu/Central/bjets/3/eta in Skim_TriLep_TTG_PTG10to100.root
2026-04-12 11:41:29,098 - INFO - [2022EE] MISSING_CENTRAL: SR3Mu/Central/bjets/3/eta in Skim_TriLep_TTG_PTG100to200.root
2026-04-12 11:41:29,099 - INFO - [2022EE] MISSING_CENTRAL: SR3Mu/Central/bjets/3/eta in Skim_TriLep_TTG_PTG200toInf.root
2026-04-12 11:41:29,162 - INFO - [2022EE] MISSING_CENTRAL: SR3Mu/Central/bjets/3/eta in Skim_TriLep_WZTo3LNu_powheg.root
2026-04-12 11:41:29,177 - INFO - [2022EE] MISSING_CENTRAL: SR3Mu/Central/bjets/3/eta in Skim_TriLep_WWW.root
2026-04-12 11:41:29,178 - INFO - [2022EE] MISSING_CENTRAL: SR3Mu/Central/bjets/3/eta in Skim_TriLep_WWZ.root
2026-04-12 11:41:29,199 - INFO - [2022EE] MISSING_CENTRAL: SR3Mu/Central/bjets/3/eta in Skim_TriLep_VBFHToZZTo4L.root
2026-04-12 11:41:29,200 - INFO - [2022EE] MISSING_CENTRAL: SR3Mu/Central/bjets/3/eta in Skim_TriLep_ggHToZZTo4L.root
2026-04-12 11:41:29,201 - INFO - [2023] MISSING_CENTRAL: SR3Mu/Central/bjets/3/eta in Skim_TriLep_Muon0_C_v2.root
2026-04-12 11:41:29,202 - INFO - [2023] MISSING_CENTRAL: SR3Mu/Central/bjets/3/eta in Skim_TriLep_Muon0_C_v3.root
2026-04-12 11:41:29,203 - INFO - [2023] MISSING_CENTRAL: SR3Mu/Central/bjets/3/eta in Skim_TriLep_Muon1_C_v1.root
2026-04-12 11:41:29,204 - INFO - [2023] MISSING_CENTRAL: SR3Mu/Central/bjets/3/eta in Skim_TriLep_Muon1_C_v2.root
2026-04-12 11:41:29,205 - INFO - [2023] MISSING_CENTRAL: SR3Mu/Central/bjets/3/eta in Skim_TriLep_Muon1_C_v3.root
2026-04-12 11:41:29,205 - INFO - [2023] MISSING_CENTRAL: SR3Mu/Central/bjets/3/eta in Skim_TriLep_Muon1_C_v4.root
2026-04-12 11:41:29,206 - INFO - [2023] MISSING_CENTRAL: SR3Mu/Central/bjets/3/eta in Skim_TriLep_DYJets.root
2026-04-12 11:41:29,207 - INFO - [2023] MISSING_CENTRAL: SR3Mu/Central/bjets/3/eta in Skim_TriLep_DYJets10to50.root
2026-04-12 11:41:29,208 - INFO - [2023] MISSING_CENTRAL: SR3Mu/Central/bjets/3/eta in Skim_TriLep_TTG_PTG10to100.root
2026-04-12 11:41:29,209 - INFO - [2023] MISSING_CENTRAL: SR3Mu/Central/bjets/3/eta in Skim_TriLep_TTG_PTG100to200.root
2026-04-12 11:41:29,209 - INFO - [2023] MISSING_CENTRAL: SR3Mu/Central/bjets/3/eta in Skim_TriLep_TTG_PTG200toInf.root
2026-04-12 11:41:29,233 - INFO - [2023] MISSING_CENTRAL: SR3Mu/Central/bjets/3/eta in Skim_TriLep_WZTo3LNu_powheg.root
2026-04-12 11:41:29,241 - INFO - [2023] MISSING_CENTRAL: SR3Mu/Central/bjets/3/eta in Skim_TriLep_tHq.root
2026-04-12 11:41:29,242 - INFO - [2023] MISSING_CENTRAL: SR3Mu/Central/bjets/3/eta in Skim_TriLep_WWW.root
2026-04-12 11:41:29,242 - INFO - [2023] MISSING_CENTRAL: SR3Mu/Central/bjets/3/eta in Skim_TriLep_WWZ.root
2026-04-12 11:41:29,243 - INFO - [2023] MISSING_CENTRAL: SR3Mu/Central/bjets/3/eta in Skim_TriLep_WZZ.root
2026-04-12 11:41:29,244 - INFO - [2023] MISSING_CENTRAL: SR3Mu/Central/bjets/3/eta in Skim_TriLep_ZZZ.root
2026-04-12 11:41:29,255 - INFO - [2023] MISSING_CENTRAL: SR3Mu/Central/bjets/3/eta in Skim_TriLep_VBFHToZZTo4L.root
2026-04-12 11:41:29,256 - INFO - [2023] MISSING_CENTRAL: SR3Mu/Central/bjets/3/eta in Skim_TriLep_ggHToZZTo4L.root
2026-04-12 11:41:29,257 - INFO - [2023BPix] MISSING_CENTRAL: SR3Mu/Central/bjets/3/eta in Skim_TriLep_Muon0_D_v1.root
2026-04-12 11:41:29,258 - INFO - [2023BPix] MISSING_CENTRAL: SR3Mu/Central/bjets/3/eta in Skim_TriLep_Muon0_D_v2.root
2026-04-12 11:41:29,259 - INFO - [2023BPix] MISSING_CENTRAL: SR3Mu/Central/bjets/3/eta in Skim_TriLep_Muon1_D_v1.root
2026-04-12 11:41:29,259 - INFO - [2023BPix] MISSING_CENTRAL: SR3Mu/Central/bjets/3/eta in Skim_TriLep_Muon1_D_v2.root
2026-04-12 11:41:29,260 - INFO - [2023BPix] MISSING_CENTRAL: SR3Mu/Central/bjets/3/eta in Skim_TriLep_DYJets.root
2026-04-12 11:41:29,260 - INFO - [2023BPix] MISSING_CENTRAL: SR3Mu/Central/bjets/3/eta in Skim_TriLep_DYJets10to50.root
2026-04-12 11:41:29,261 - INFO - [2023BPix] MISSING_CENTRAL: SR3Mu/Central/bjets/3/eta in Skim_TriLep_TTG_PTG10to100.root
2026-04-12 11:41:29,262 - INFO - [2023BPix] MISSING_CENTRAL: SR3Mu/Central/bjets/3/eta in Skim_TriLep_TTG_PTG100to200.root
2026-04-12 11:41:29,263 - INFO - [2023BPix] MISSING_CENTRAL: SR3Mu/Central/bjets/3/eta in Skim_TriLep_TTG_PTG200toInf.root
2026-04-12 11:41:29,263 - INFO - [2023BPix] MISSING_CENTRAL: SR3Mu/Central/bjets/3/eta in Skim_TriLep_TTWToLNu.root
2026-04-12 11:41:29,293 - INFO - [2023BPix] MISSING_CENTRAL: SR3Mu/Central/bjets/3/eta in Skim_TriLep_WZTo3LNu_powheg.root
2026-04-12 11:41:29,302 - INFO - [2023BPix] MISSING_CENTRAL: SR3Mu/Central/bjets/3/eta in Skim_TriLep_tHq.root
2026-04-12 11:41:29,303 - INFO - [2023BPix] MISSING_CENTRAL: SR3Mu/Central/bjets/3/eta in Skim_TriLep_WWW.root
2026-04-12 11:41:29,304 - INFO - [2023BPix] MISSING_CENTRAL: SR3Mu/Central/bjets/3/eta in Skim_TriLep_WWZ.root
2026-04-12 11:41:29,305 - INFO - [2023BPix] MISSING_CENTRAL: SR3Mu/Central/bjets/3/eta in Skim_TriLep_WZZ.root
2026-04-12 11:41:29,306 - INFO - [2023BPix] MISSING_CENTRAL: SR3Mu/Central/bjets/3/eta in Skim_TriLep_ZZZ.root
2026-04-12 11:41:29,314 - INFO - [2023BPix] MISSING_CENTRAL: SR3Mu/Central/bjets/3/eta in Skim_TriLep_VBFHToZZTo4L.root
2026-04-12 11:41:29,316 - INFO - [2023BPix] MISSING_CENTRAL: SR3Mu/Central/bjets/3/eta in Skim_TriLep_ggHToZZTo4L.root
2026-04-12 12:23:08,518 - INFO - [2022] MISSING_CENTRAL: SR3Mu/Central/bjets/3/eta in Skim_TriLep_DoubleMuon_C.root
2026-04-12 12:23:08,554 - INFO - [2022] MISSING_CENTRAL: SR3Mu/Central/bjets/3/eta in Skim_TriLep_Muon_D.root
2026-04-12 12:23:08,576 - INFO - [2022EE] MISSING_CENTRAL: SR3Mu/Central/bjets/3/eta in Skim_TriLep_Muon_G.root
2026-04-12 12:23:08,586 - INFO - [2023] MISSING_CENTRAL: SR3Mu/Central/bjets/3/eta in Skim_TriLep_Muon0_C_v1.root
2026-04-12 12:23:08,586 - INFO - [2023] MISSING_CENTRAL: SR3Mu/Central/bjets/3/eta in Skim_TriLep_Muon0_C_v2.root
2026-04-12 12:23:08,587 - INFO - [2023] MISSING_CENTRAL: SR3Mu/Central/bjets/3/eta in Skim_TriLep_Muon0_C_v3.root
2026-04-12 12:23:08,587 - INFO - [2023] MISSING_CENTRAL: SR3Mu/Central/bjets/3/eta in Skim_TriLep_Muon0_C_v4.root
2026-04-12 12:23:08,588 - INFO - [2023] MISSING_CENTRAL: SR3Mu/Central/bjets/3/eta in Skim_TriLep_Muon1_C_v1.root
2026-04-12 12:23:08,588 - INFO - [2023] MISSING_CENTRAL: SR3Mu/Central/bjets/3/eta in Skim_TriLep_Muon1_C_v2.root
2026-04-12 12:23:08,588 - INFO - [2023] MISSING_CENTRAL: SR3Mu/Central/bjets/3/eta in Skim_TriLep_Muon1_C_v3.root
2026-04-12 12:23:08,589 - INFO - [2023] MISSING_CENTRAL: SR3Mu/Central/bjets/3/eta in Skim_TriLep_Muon1_C_v4.root
2026-04-12 12:23:08,590 - INFO - [2023BPix] MISSING_CENTRAL: SR3Mu/Central/bjets/3/eta in Skim_TriLep_Muon0_D_v2.root
2026-04-12 12:23:08,590 - INFO - [2023BPix] MISSING_CENTRAL: SR3Mu/Central/bjets/3/eta in Skim_TriLep_Muon1_D_v1.root
2026-04-12 12:23:08,591 - INFO - [2023BPix] MISSING_CENTRAL: SR3Mu/Central/bjets/3/eta in Skim_TriLep_Muon1_D_v2.root
2026-04-12 12:23:08,596 - INFO - [2022] MISSING_CENTRAL: SR3Mu/Central/bjets/3/eta in Skim_TriLep_DoubleMuon_C.root
2026-04-12 12:23:08,607 - INFO - [2022] MISSING_CENTRAL: SR3Mu/Central/bjets/3/eta in Skim_TriLep_Muon_D.root
2026-04-12 12:23:08,607 - INFO - [2022] MISSING_CENTRAL: SR3Mu/Central/bjets/3/eta in Skim_TriLep_DYJets.root
2026-04-12 12:23:08,608 - INFO - [2022] MISSING_CENTRAL: SR3Mu/Central/bjets/3/eta in Skim_TriLep_DYJets10to50.root
2026-04-12 12:23:08,608 - INFO - [2022] MISSING_CENTRAL: SR3Mu/Central/bjets/3/eta in Skim_TriLep_TTG_PTG10to100.root
2026-04-12 12:23:08,609 - INFO - [2022] MISSING_CENTRAL: SR3Mu/Central/bjets/3/eta in Skim_TriLep_TTG_PTG100to200.root
2026-04-12 12:23:08,609 - INFO - [2022] MISSING_CENTRAL: SR3Mu/Central/bjets/3/eta in Skim_TriLep_TTG_PTG200toInf.root
2026-04-12 12:23:08,611 - INFO - [2022] MISSING_CENTRAL: SR3Mu/Central/bjets/3/eta in Skim_TriLep_TTWToLNu.root
2026-04-12 12:23:08,643 - INFO - [2022] MISSING_CENTRAL: SR3Mu/Central/bjets/3/eta in Skim_TriLep_WZTo3LNu_powheg.root
2026-04-12 12:23:08,643 - INFO - [2022] MISSING_CENTRAL: SR3Mu/Central/bjets/3/eta in Skim_TriLep_ZZTo4L_powheg.root
2026-04-12 12:23:08,650 - INFO - [2022] MISSING_CENTRAL: SR3Mu/Central/bjets/3/eta in Skim_TriLep_WWW.root
2026-04-12 12:23:08,651 - INFO - [2022] MISSING_CENTRAL: SR3Mu/Central/bjets/3/eta in Skim_TriLep_WWZ.root
2026-04-12 12:23:08,652 - INFO - [2022] MISSING_CENTRAL: SR3Mu/Central/bjets/3/eta in Skim_TriLep_WZZ.root
2026-04-12 12:23:08,664 - INFO - [2022] MISSING_CENTRAL: SR3Mu/Central/bjets/3/eta in Skim_TriLep_VBFHToZZTo4L.root
2026-04-12 12:23:08,665 - INFO - [2022] MISSING_CENTRAL: SR3Mu/Central/bjets/3/eta in Skim_TriLep_ggHToZZTo4L.root
2026-04-12 12:23:08,666 - INFO - [2022EE] MISSING_CENTRAL: SR3Mu/Central/bjets/3/eta in Skim_TriLep_Muon_E.root
2026-04-12 12:23:08,667 - INFO - [2022EE] MISSING_CENTRAL: SR3Mu/Central/bjets/3/eta in Skim_TriLep_DYJets.root
2026-04-12 12:23:08,668 - INFO - [2022EE] MISSING_CENTRAL: SR3Mu/Central/bjets/3/eta in Skim_TriLep_DYJets10to50.root
2026-04-12 12:23:08,669 - INFO - [2022EE] MISSING_CENTRAL: SR3Mu/Central/bjets/3/eta in Skim_TriLep_TTG_PTG10to100.root
2026-04-12 12:23:08,669 - INFO - [2022EE] MISSING_CENTRAL: SR3Mu/Central/bjets/3/eta in Skim_TriLep_TTG_PTG100to200.root
2026-04-12 12:23:08,670 - INFO - [2022EE] MISSING_CENTRAL: SR3Mu/Central/bjets/3/eta in Skim_TriLep_TTG_PTG200toInf.root
2026-04-12 12:23:08,704 - INFO - [2022EE] MISSING_CENTRAL: SR3Mu/Central/bjets/3/eta in Skim_TriLep_WZTo3LNu_powheg.root
2026-04-12 12:23:08,719 - INFO - [2022EE] MISSING_CENTRAL: SR3Mu/Central/bjets/3/eta in Skim_TriLep_WWW.root
2026-04-12 12:23:08,719 - INFO - [2022EE] MISSING_CENTRAL: SR3Mu/Central/bjets/3/eta in Skim_TriLep_WWZ.root
2026-04-12 12:23:08,742 - INFO - [2022EE] MISSING_CENTRAL: SR3Mu/Central/bjets/3/eta in Skim_TriLep_VBFHToZZTo4L.root
2026-04-12 12:23:08,743 - INFO - [2022EE] MISSING_CENTRAL: SR3Mu/Central/bjets/3/eta in Skim_TriLep_ggHToZZTo4L.root
2026-04-12 12:23:08,744 - INFO - [2023] MISSING_CENTRAL: SR3Mu/Central/bjets/3/eta in Skim_TriLep_Muon0_C_v2.root
2026-04-12 12:23:08,745 - INFO - [2023] MISSING_CENTRAL: SR3Mu/Central/bjets/3/eta in Skim_TriLep_Muon0_C_v3.root
2026-04-12 12:23:08,746 - INFO - [2023] MISSING_CENTRAL: SR3Mu/Central/bjets/3/eta in Skim_TriLep_Muon1_C_v1.root
2026-04-12 12:23:08,746 - INFO - [2023] MISSING_CENTRAL: SR3Mu/Central/bjets/3/eta in Skim_TriLep_Muon1_C_v2.root
2026-04-12 12:23:08,747 - INFO - [2023] MISSING_CENTRAL: SR3Mu/Central/bjets/3/eta in Skim_TriLep_Muon1_C_v3.root
2026-04-12 12:23:08,747 - INFO - [2023] MISSING_CENTRAL: SR3Mu/Central/bjets/3/eta in Skim_TriLep_Muon1_C_v4.root
2026-04-12 12:23:08,748 - INFO - [2023] MISSING_CENTRAL: SR3Mu/Central/bjets/3/eta in Skim_TriLep_DYJets.root
2026-04-12 12:23:08,749 - INFO - [2023] MISSING_CENTRAL: SR3Mu/Central/bjets/3/eta in Skim_TriLep_DYJets10to50.root
2026-04-12 12:23:08,750 - INFO - [2023] MISSING_CENTRAL: SR3Mu/Central/bjets/3/eta in Skim_TriLep_TTG_PTG10to100.root
2026-04-12 12:23:08,750 - INFO - [2023] MISSING_CENTRAL: SR3Mu/Central/bjets/3/eta in Skim_TriLep_TTG_PTG100to200.root
2026-04-12 12:23:08,751 - INFO - [2023] MISSING_CENTRAL: SR3Mu/Central/bjets/3/eta in Skim_TriLep_TTG_PTG200toInf.root
2026-04-12 12:23:08,785 - INFO - [2023] MISSING_CENTRAL: SR3Mu/Central/bjets/3/eta in Skim_TriLep_WZTo3LNu_powheg.root
2026-04-12 12:23:08,793 - INFO - [2023] MISSING_CENTRAL: SR3Mu/Central/bjets/3/eta in Skim_TriLep_tHq.root
2026-04-12 12:23:08,794 - INFO - [2023] MISSING_CENTRAL: SR3Mu/Central/bjets/3/eta in Skim_TriLep_WWW.root
2026-04-12 12:23:08,794 - INFO - [2023] MISSING_CENTRAL: SR3Mu/Central/bjets/3/eta in Skim_TriLep_WWZ.root
2026-04-12 12:23:08,795 - INFO - [2023] MISSING_CENTRAL: SR3Mu/Central/bjets/3/eta in Skim_TriLep_WZZ.root
2026-04-12 12:23:08,796 - INFO - [2023] MISSING_CENTRAL: SR3Mu/Central/bjets/3/eta in Skim_TriLep_ZZZ.root
2026-04-12 12:23:08,805 - INFO - [2023] MISSING_CENTRAL: SR3Mu/Central/bjets/3/eta in Skim_TriLep_VBFHToZZTo4L.root
2026-04-12 12:23:08,806 - INFO - [2023] MISSING_CENTRAL: SR3Mu/Central/bjets/3/eta in Skim_TriLep_ggHToZZTo4L.root
2026-04-12 12:23:08,806 - INFO - [2023BPix] MISSING_CENTRAL: SR3Mu/Central/bjets/3/eta in Skim_TriLep_Muon0_D_v1.root
2026-04-12 12:23:08,807 - INFO - [2023BPix] MISSING_CENTRAL: SR3Mu/Central/bjets/3/eta in Skim_TriLep_Muon0_D_v2.root
2026-04-12 12:23:08,807 - INFO - [2023BPix] MISSING_CENTRAL: SR3Mu/Central/bjets/3/eta in Skim_TriLep_Muon1_D_v1.root
2026-04-12 12:23:08,808 - INFO - [2023BPix] MISSING_CENTRAL: SR3Mu/Central/bjets/3/eta in Skim_TriLep_Muon1_D_v2.root
2026-04-12 12:23:08,808 - INFO - [2023BPix] MISSING_CENTRAL: SR3Mu/Central/bjets/3/eta in Skim_TriLep_DYJets.root
2026-04-12 12:23:08,809 - INFO - [2023BPix] MISSING_CENTRAL: SR3Mu/Central/bjets/3/eta in Skim_TriLep_DYJets10to50.root
2026-04-12 12:23:08,809 - INFO - [2023BPix] MISSING_CENTRAL: SR3Mu/Central/bjets/3/eta in Skim_TriLep_TTG_PTG10to100.root
2026-04-12 12:23:08,810 - INFO - [2023BPix] MISSING_CENTRAL: SR3Mu/Central/bjets/3/eta in Skim_TriLep_TTG_PTG100to200.root
2026-04-12 12:23:08,811 - INFO - [2023BPix] MISSING_CENTRAL: SR3Mu/Central/bjets/3/eta in Skim_TriLep_TTG_PTG200toInf.root
2026-04-12 12:23:08,811 - INFO - [2023BPix] MISSING_CENTRAL: SR3Mu/Central/bjets/3/eta in Skim_TriLep_TTWToLNu.root
2026-04-12 12:23:08,840 - INFO - [2023BPix] MISSING_CENTRAL: SR3Mu/Central/bjets/3/eta in Skim_TriLep_WZTo3LNu_powheg.root
2026-04-12 12:23:08,848 - INFO - [2023BPix] MISSING_CENTRAL: SR3Mu/Central/bjets/3/eta in Skim_TriLep_tHq.root
2026-04-12 12:23:08,849 - INFO - [2023BPix] MISSING_CENTRAL: SR3Mu/Central/bjets/3/eta in Skim_TriLep_WWW.root
2026-04-12 12:23:08,849 - INFO - [2023BPix] MISSING_CENTRAL: SR3Mu/Central/bjets/3/eta in Skim_TriLep_WWZ.root
2026-04-12 12:23:08,850 - INFO - [2023BPix] MISSING_CENTRAL: SR3Mu/Central/bjets/3/eta in Skim_TriLep_WZZ.root
2026-04-12 12:23:08,851 - INFO - [2023BPix] MISSING_CENTRAL: SR3Mu/Central/bjets/3/eta in Skim_TriLep_ZZZ.root
2026-04-12 12:23:08,859 - INFO - [2023BPix] MISSING_CENTRAL: SR3Mu/Central/bjets/3/eta in Skim_TriLep_VBFHToZZTo4L.root
2026-04-12 12:23:08,859 - INFO - [2023BPix] MISSING_CENTRAL: SR3Mu/Central/bjets/3/eta in Skim_TriLep_ggHToZZTo4L.root
2026-04-12 12:42:47,537 - INFO - [2022] MISSING_CENTRAL: SR3Mu/Central/bjets/3/eta in Skim_TriLep_DoubleMuon_C.root
2026-04-12 12:42:47,573 - INFO - [2022] MISSING_CENTRAL: SR3Mu/Central/bjets/3/eta in Skim_TriLep_Muon_D.root
2026-04-12 12:42:47,596 - INFO - [2022EE] MISSING_CENTRAL: SR3Mu/Central/bjets/3/eta in Skim_TriLep_Muon_G.root
2026-04-12 12:42:47,605 - INFO - [2023] MISSING_CENTRAL: SR3Mu/Central/bjets/3/eta in Skim_TriLep_Muon0_C_v1.root
2026-04-12 12:42:47,606 - INFO - [2023] MISSING_CENTRAL: SR3Mu/Central/bjets/3/eta in Skim_TriLep_Muon0_C_v2.root
2026-04-12 12:42:47,606 - INFO - [2023] MISSING_CENTRAL: SR3Mu/Central/bjets/3/eta in Skim_TriLep_Muon0_C_v3.root
2026-04-12 12:42:47,607 - INFO - [2023] MISSING_CENTRAL: SR3Mu/Central/bjets/3/eta in Skim_TriLep_Muon0_C_v4.root
2026-04-12 12:42:47,607 - INFO - [2023] MISSING_CENTRAL: SR3Mu/Central/bjets/3/eta in Skim_TriLep_Muon1_C_v1.root
2026-04-12 12:42:47,608 - INFO - [2023] MISSING_CENTRAL: SR3Mu/Central/bjets/3/eta in Skim_TriLep_Muon1_C_v2.root
2026-04-12 12:42:47,608 - INFO - [2023] MISSING_CENTRAL: SR3Mu/Central/bjets/3/eta in Skim_TriLep_Muon1_C_v3.root
2026-04-12 12:42:47,608 - INFO - [2023] MISSING_CENTRAL: SR3Mu/Central/bjets/3/eta in Skim_TriLep_Muon1_C_v4.root
2026-04-12 12:42:47,610 - INFO - [2023BPix] MISSING_CENTRAL: SR3Mu/Central/bjets/3/eta in Skim_TriLep_Muon0_D_v2.root
2026-04-12 12:42:47,610 - INFO - [2023BPix] MISSING_CENTRAL: SR3Mu/Central/bjets/3/eta in Skim_TriLep_Muon1_D_v1.root
2026-04-12 12:42:47,610 - INFO - [2023BPix] MISSING_CENTRAL: SR3Mu/Central/bjets/3/eta in Skim_TriLep_Muon1_D_v2.root
2026-04-12 12:42:47,616 - INFO - [2022] MISSING_CENTRAL: SR3Mu/Central/bjets/3/eta in Skim_TriLep_DoubleMuon_C.root
2026-04-12 12:42:47,626 - INFO - [2022] MISSING_CENTRAL: SR3Mu/Central/bjets/3/eta in Skim_TriLep_Muon_D.root
2026-04-12 12:42:47,626 - INFO - [2022] MISSING_CENTRAL: SR3Mu/Central/bjets/3/eta in Skim_TriLep_DYJets.root
2026-04-12 12:42:47,627 - INFO - [2022] MISSING_CENTRAL: SR3Mu/Central/bjets/3/eta in Skim_TriLep_DYJets10to50.root
2026-04-12 12:42:47,627 - INFO - [2022] MISSING_CENTRAL: SR3Mu/Central/bjets/3/eta in Skim_TriLep_TTG_PTG10to100.root
2026-04-12 12:42:47,628 - INFO - [2022] MISSING_CENTRAL: SR3Mu/Central/bjets/3/eta in Skim_TriLep_TTG_PTG100to200.root
2026-04-12 12:42:47,628 - INFO - [2022] MISSING_CENTRAL: SR3Mu/Central/bjets/3/eta in Skim_TriLep_TTG_PTG200toInf.root
2026-04-12 12:42:47,630 - INFO - [2022] MISSING_CENTRAL: SR3Mu/Central/bjets/3/eta in Skim_TriLep_TTWToLNu.root
2026-04-12 12:42:47,663 - INFO - [2022] MISSING_CENTRAL: SR3Mu/Central/bjets/3/eta in Skim_TriLep_WZTo3LNu_powheg.root
2026-04-12 12:42:47,664 - INFO - [2022] MISSING_CENTRAL: SR3Mu/Central/bjets/3/eta in Skim_TriLep_ZZTo4L_powheg.root
2026-04-12 12:42:47,671 - INFO - [2022] MISSING_CENTRAL: SR3Mu/Central/bjets/3/eta in Skim_TriLep_WWW.root
2026-04-12 12:42:47,672 - INFO - [2022] MISSING_CENTRAL: SR3Mu/Central/bjets/3/eta in Skim_TriLep_WWZ.root
2026-04-12 12:42:47,672 - INFO - [2022] MISSING_CENTRAL: SR3Mu/Central/bjets/3/eta in Skim_TriLep_WZZ.root
2026-04-12 12:42:47,687 - INFO - [2022] MISSING_CENTRAL: SR3Mu/Central/bjets/3/eta in Skim_TriLep_VBFHToZZTo4L.root
2026-04-12 12:42:47,688 - INFO - [2022] MISSING_CENTRAL: SR3Mu/Central/bjets/3/eta in Skim_TriLep_ggHToZZTo4L.root
2026-04-12 12:42:47,689 - INFO - [2022EE] MISSING_CENTRAL: SR3Mu/Central/bjets/3/eta in Skim_TriLep_Muon_E.root
2026-04-12 12:42:47,690 - INFO - [2022EE] MISSING_CENTRAL: SR3Mu/Central/bjets/3/eta in Skim_TriLep_DYJets.root
2026-04-12 12:42:47,691 - INFO - [2022EE] MISSING_CENTRAL: SR3Mu/Central/bjets/3/eta in Skim_TriLep_DYJets10to50.root
2026-04-12 12:42:47,692 - INFO - [2022EE] MISSING_CENTRAL: SR3Mu/Central/bjets/3/eta in Skim_TriLep_TTG_PTG10to100.root
2026-04-12 12:42:47,693 - INFO - [2022EE] MISSING_CENTRAL: SR3Mu/Central/bjets/3/eta in Skim_TriLep_TTG_PTG100to200.root
2026-04-12 12:42:47,693 - INFO - [2022EE] MISSING_CENTRAL: SR3Mu/Central/bjets/3/eta in Skim_TriLep_TTG_PTG200toInf.root
2026-04-12 12:42:47,728 - INFO - [2022EE] MISSING_CENTRAL: SR3Mu/Central/bjets/3/eta in Skim_TriLep_WZTo3LNu_powheg.root
2026-04-12 12:42:47,742 - INFO - [2022EE] MISSING_CENTRAL: SR3Mu/Central/bjets/3/eta in Skim_TriLep_WWW.root
2026-04-12 12:42:47,744 - INFO - [2022EE] MISSING_CENTRAL: SR3Mu/Central/bjets/3/eta in Skim_TriLep_WWZ.root
2026-04-12 12:42:47,765 - INFO - [2022EE] MISSING_CENTRAL: SR3Mu/Central/bjets/3/eta in Skim_TriLep_VBFHToZZTo4L.root
2026-04-12 12:42:47,766 - INFO - [2022EE] MISSING_CENTRAL: SR3Mu/Central/bjets/3/eta in Skim_TriLep_ggHToZZTo4L.root
2026-04-12 12:42:47,768 - INFO - [2023] MISSING_CENTRAL: SR3Mu/Central/bjets/3/eta in Skim_TriLep_Muon0_C_v2.root
2026-04-12 12:42:47,768 - INFO - [2023] MISSING_CENTRAL: SR3Mu/Central/bjets/3/eta in Skim_TriLep_Muon0_C_v3.root
2026-04-12 12:42:47,770 - INFO - [2023] MISSING_CENTRAL: SR3Mu/Central/bjets/3/eta in Skim_TriLep_Muon1_C_v1.root
2026-04-12 12:42:47,770 - INFO - [2023] MISSING_CENTRAL: SR3Mu/Central/bjets/3/eta in Skim_TriLep_Muon1_C_v2.root
2026-04-12 12:42:47,771 - INFO - [2023] MISSING_CENTRAL: SR3Mu/Central/bjets/3/eta in Skim_TriLep_Muon1_C_v3.root
2026-04-12 12:42:47,772 - INFO - [2023] MISSING_CENTRAL: SR3Mu/Central/bjets/3/eta in Skim_TriLep_Muon1_C_v4.root
2026-04-12 12:42:47,773 - INFO - [2023] MISSING_CENTRAL: SR3Mu/Central/bjets/3/eta in Skim_TriLep_DYJets.root
2026-04-12 12:42:47,774 - INFO - [2023] MISSING_CENTRAL: SR3Mu/Central/bjets/3/eta in Skim_TriLep_DYJets10to50.root
2026-04-12 12:42:47,774 - INFO - [2023] MISSING_CENTRAL: SR3Mu/Central/bjets/3/eta in Skim_TriLep_TTG_PTG10to100.root
2026-04-12 12:42:47,775 - INFO - [2023] MISSING_CENTRAL: SR3Mu/Central/bjets/3/eta in Skim_TriLep_TTG_PTG100to200.root
2026-04-12 12:42:47,776 - INFO - [2023] MISSING_CENTRAL: SR3Mu/Central/bjets/3/eta in Skim_TriLep_TTG_PTG200toInf.root
2026-04-12 12:42:47,811 - INFO - [2023] MISSING_CENTRAL: SR3Mu/Central/bjets/3/eta in Skim_TriLep_WZTo3LNu_powheg.root
2026-04-12 12:42:47,819 - INFO - [2023] MISSING_CENTRAL: SR3Mu/Central/bjets/3/eta in Skim_TriLep_tHq.root
2026-04-12 12:42:47,820 - INFO - [2023] MISSING_CENTRAL: SR3Mu/Central/bjets/3/eta in Skim_TriLep_WWW.root
2026-04-12 12:42:47,821 - INFO - [2023] MISSING_CENTRAL: SR3Mu/Central/bjets/3/eta in Skim_TriLep_WWZ.root
2026-04-12 12:42:47,821 - INFO - [2023] MISSING_CENTRAL: SR3Mu/Central/bjets/3/eta in Skim_TriLep_WZZ.root
2026-04-12 12:42:47,822 - INFO - [2023] MISSING_CENTRAL: SR3Mu/Central/bjets/3/eta in Skim_TriLep_ZZZ.root
2026-04-12 12:42:47,831 - INFO - [2023] MISSING_CENTRAL: SR3Mu/Central/bjets/3/eta in Skim_TriLep_VBFHToZZTo4L.root
2026-04-12 12:42:47,832 - INFO - [2023] MISSING_CENTRAL: SR3Mu/Central/bjets/3/eta in Skim_TriLep_ggHToZZTo4L.root
2026-04-12 12:42:47,833 - INFO - [2023BPix] MISSING_CENTRAL: SR3Mu/Central/bjets/3/eta in Skim_TriLep_Muon0_D_v1.root
2026-04-12 12:42:47,833 - INFO - [2023BPix] MISSING_CENTRAL: SR3Mu/Central/bjets/3/eta in Skim_TriLep_Muon0_D_v2.root
2026-04-12 12:42:47,834 - INFO - [2023BPix] MISSING_CENTRAL: SR3Mu/Central/bjets/3/eta in Skim_TriLep_Muon1_D_v1.root
2026-04-12 12:42:47,835 - INFO - [2023BPix] MISSING_CENTRAL: SR3Mu/Central/bjets/3/eta in Skim_TriLep_Muon1_D_v2.root
2026-04-12 12:42:47,835 - INFO - [2023BPix] MISSING_CENTRAL: SR3Mu/Central/bjets/3/eta in Skim_TriLep_DYJets.root
2026-04-12 12:42:47,836 - INFO - [2023BPix] MISSING_CENTRAL: SR3Mu/Central/bjets/3/eta in Skim_TriLep_DYJets10to50.root
2026-04-12 12:42:47,836 - INFO - [2023BPix] MISSING_CENTRAL: SR3Mu/Central/bjets/3/eta in Skim_TriLep_TTG_PTG10to100.root
2026-04-12 12:42:47,837 - INFO - [2023BPix] MISSING_CENTRAL: SR3Mu/Central/bjets/3/eta in Skim_TriLep_TTG_PTG100to200.root
2026-04-12 12:42:47,838 - INFO - [2023BPix] MISSING_CENTRAL: SR3Mu/Central/bjets/3/eta in Skim_TriLep_TTG_PTG200toInf.root
2026-04-12 12:42:47,838 - INFO - [2023BPix] MISSING_CENTRAL: SR3Mu/Central/bjets/3/eta in Skim_TriLep_TTWToLNu.root
2026-04-12 12:42:47,867 - INFO - [2023BPix] MISSING_CENTRAL: SR3Mu/Central/bjets/3/eta in Skim_TriLep_WZTo3LNu_powheg.root
2026-04-12 12:42:47,874 - INFO - [2023BPix] MISSING_CENTRAL: SR3Mu/Central/bjets/3/eta in Skim_TriLep_tHq.root
2026-04-12 12:42:47,875 - INFO - [2023BPix] MISSING_CENTRAL: SR3Mu/Central/bjets/3/eta in Skim_TriLep_WWW.root
2026-04-12 12:42:47,876 - INFO - [2023BPix] MISSING_CENTRAL: SR3Mu/Central/bjets/3/eta in Skim_TriLep_WWZ.root
2026-04-12 12:42:47,877 - INFO - [2023BPix] MISSING_CENTRAL: SR3Mu/Central/bjets/3/eta in Skim_TriLep_WZZ.root
2026-04-12 12:42:47,877 - INFO - [2023BPix] MISSING_CENTRAL: SR3Mu/Central/bjets/3/eta in Skim_TriLep_ZZZ.root
2026-04-12 12:42:47,885 - INFO - [2023BPix] MISSING_CENTRAL: SR3Mu/Central/bjets/3/eta in Skim_TriLep_VBFHToZZTo4L.root
2026-04-12 12:42:47,886 - INFO - [2023BPix] MISSING_CENTRAL: SR3Mu/Central/bjets/3/eta in Skim_TriLep_ggHToZZTo4L.root
2026-04-12 20:50:58,374 - INFO - [2022] MISSING_CENTRAL: SR3Mu/Central/bjets/3/eta in Skim_TriLep_DoubleMuon_C.root
2026-04-12 20:50:58,410 - INFO - [2022] MISSING_CENTRAL: SR3Mu/Central/bjets/3/eta in Skim_TriLep_Muon_D.root
2026-04-12 20:50:58,431 - INFO - [2022EE] MISSING_CENTRAL: SR3Mu/Central/bjets/3/eta in Skim_TriLep_Muon_G.root
2026-04-12 20:50:58,441 - INFO - [2023] MISSING_CENTRAL: SR3Mu/Central/bjets/3/eta in Skim_TriLep_Muon0_C_v1.root
2026-04-12 20:50:58,441 - INFO - [2023] MISSING_CENTRAL: SR3Mu/Central/bjets/3/eta in Skim_TriLep_Muon0_C_v2.root
2026-04-12 20:50:58,442 - INFO - [2023] MISSING_CENTRAL: SR3Mu/Central/bjets/3/eta in Skim_TriLep_Muon0_C_v3.root
2026-04-12 20:50:58,442 - INFO - [2023] MISSING_CENTRAL: SR3Mu/Central/bjets/3/eta in Skim_TriLep_Muon0_C_v4.root
2026-04-12 20:50:58,443 - INFO - [2023] MISSING_CENTRAL: SR3Mu/Central/bjets/3/eta in Skim_TriLep_Muon1_C_v1.root
2026-04-12 20:50:58,443 - INFO - [2023] MISSING_CENTRAL: SR3Mu/Central/bjets/3/eta in Skim_TriLep_Muon1_C_v2.root
2026-04-12 20:50:58,444 - INFO - [2023] MISSING_CENTRAL: SR3Mu/Central/bjets/3/eta in Skim_TriLep_Muon1_C_v3.root
2026-04-12 20:50:58,444 - INFO - [2023] MISSING_CENTRAL: SR3Mu/Central/bjets/3/eta in Skim_TriLep_Muon1_C_v4.root
2026-04-12 20:50:58,445 - INFO - [2023BPix] MISSING_CENTRAL: SR3Mu/Central/bjets/3/eta in Skim_TriLep_Muon0_D_v2.root
2026-04-12 20:50:58,446 - INFO - [2023BPix] MISSING_CENTRAL: SR3Mu/Central/bjets/3/eta in Skim_TriLep_Muon1_D_v1.root
2026-04-12 20:50:58,447 - INFO - [2023BPix] MISSING_CENTRAL: SR3Mu/Central/bjets/3/eta in Skim_TriLep_Muon1_D_v2.root
2026-04-12 20:50:58,452 - INFO - [2022] MISSING_CENTRAL: SR3Mu/Central/bjets/3/eta in Skim_TriLep_DoubleMuon_C.root
2026-04-12 20:50:58,463 - INFO - [2022] MISSING_CENTRAL: SR3Mu/Central/bjets/3/eta in Skim_TriLep_Muon_D.root
2026-04-12 20:50:58,464 - INFO - [2022] MISSING_CENTRAL: SR3Mu/Central/bjets/3/eta in Skim_TriLep_DYJets.root
2026-04-12 20:50:58,465 - INFO - [2022] MISSING_CENTRAL: SR3Mu/Central/bjets/3/eta in Skim_TriLep_DYJets10to50.root
2026-04-12 20:50:58,465 - INFO - [2022] MISSING_CENTRAL: SR3Mu/Central/bjets/3/eta in Skim_TriLep_TTG_PTG10to100.root
2026-04-12 20:50:58,466 - INFO - [2022] MISSING_CENTRAL: SR3Mu/Central/bjets/3/eta in Skim_TriLep_TTG_PTG100to200.root
2026-04-12 20:50:58,467 - INFO - [2022] MISSING_CENTRAL: SR3Mu/Central/bjets/3/eta in Skim_TriLep_TTG_PTG200toInf.root
2026-04-12 20:50:58,468 - INFO - [2022] MISSING_CENTRAL: SR3Mu/Central/bjets/3/eta in Skim_TriLep_TTWToLNu.root
2026-04-12 20:50:58,502 - INFO - [2022] MISSING_CENTRAL: SR3Mu/Central/bjets/3/eta in Skim_TriLep_WZTo3LNu_powheg.root
2026-04-12 20:50:58,503 - INFO - [2022] MISSING_CENTRAL: SR3Mu/Central/bjets/3/eta in Skim_TriLep_ZZTo4L_powheg.root
2026-04-12 20:50:58,510 - INFO - [2022] MISSING_CENTRAL: SR3Mu/Central/bjets/3/eta in Skim_TriLep_WWW.root
2026-04-12 20:50:58,511 - INFO - [2022] MISSING_CENTRAL: SR3Mu/Central/bjets/3/eta in Skim_TriLep_WWZ.root
2026-04-12 20:50:58,512 - INFO - [2022] MISSING_CENTRAL: SR3Mu/Central/bjets/3/eta in Skim_TriLep_WZZ.root
2026-04-12 20:50:58,525 - INFO - [2022] MISSING_CENTRAL: SR3Mu/Central/bjets/3/eta in Skim_TriLep_VBFHToZZTo4L.root
2026-04-12 20:50:58,526 - INFO - [2022] MISSING_CENTRAL: SR3Mu/Central/bjets/3/eta in Skim_TriLep_ggHToZZTo4L.root
2026-04-12 20:50:58,527 - INFO - [2022EE] MISSING_CENTRAL: SR3Mu/Central/bjets/3/eta in Skim_TriLep_Muon_E.root
2026-04-12 20:50:58,529 - INFO - [2022EE] MISSING_CENTRAL: SR3Mu/Central/bjets/3/eta in Skim_TriLep_DYJets.root
2026-04-12 20:50:58,529 - INFO - [2022EE] MISSING_CENTRAL: SR3Mu/Central/bjets/3/eta in Skim_TriLep_DYJets10to50.root
2026-04-12 20:50:58,530 - INFO - [2022EE] MISSING_CENTRAL: SR3Mu/Central/bjets/3/eta in Skim_TriLep_TTG_PTG10to100.root
2026-04-12 20:50:58,531 - INFO - [2022EE] MISSING_CENTRAL: SR3Mu/Central/bjets/3/eta in Skim_TriLep_TTG_PTG100to200.root
2026-04-12 20:50:58,531 - INFO - [2022EE] MISSING_CENTRAL: SR3Mu/Central/bjets/3/eta in Skim_TriLep_TTG_PTG200toInf.root
2026-04-12 20:50:58,566 - INFO - [2022EE] MISSING_CENTRAL: SR3Mu/Central/bjets/3/eta in Skim_TriLep_WZTo3LNu_powheg.root
2026-04-12 20:50:58,579 - INFO - [2022EE] MISSING_CENTRAL: SR3Mu/Central/bjets/3/eta in Skim_TriLep_WWW.root
2026-04-12 20:50:58,580 - INFO - [2022EE] MISSING_CENTRAL: SR3Mu/Central/bjets/3/eta in Skim_TriLep_WWZ.root
2026-04-12 20:50:58,601 - INFO - [2022EE] MISSING_CENTRAL: SR3Mu/Central/bjets/3/eta in Skim_TriLep_VBFHToZZTo4L.root
2026-04-12 20:50:58,602 - INFO - [2022EE] MISSING_CENTRAL: SR3Mu/Central/bjets/3/eta in Skim_TriLep_ggHToZZTo4L.root
2026-04-12 20:50:58,603 - INFO - [2023] MISSING_CENTRAL: SR3Mu/Central/bjets/3/eta in Skim_TriLep_Muon0_C_v2.root
2026-04-12 20:50:58,604 - INFO - [2023] MISSING_CENTRAL: SR3Mu/Central/bjets/3/eta in Skim_TriLep_Muon0_C_v3.root
2026-04-12 20:50:58,605 - INFO - [2023] MISSING_CENTRAL: SR3Mu/Central/bjets/3/eta in Skim_TriLep_Muon1_C_v1.root
2026-04-12 20:50:58,605 - INFO - [2023] MISSING_CENTRAL: SR3Mu/Central/bjets/3/eta in Skim_TriLep_Muon1_C_v2.root
2026-04-12 20:50:58,606 - INFO - [2023] MISSING_CENTRAL: SR3Mu/Central/bjets/3/eta in Skim_TriLep_Muon1_C_v3.root
2026-04-12 20:50:58,607 - INFO - [2023] MISSING_CENTRAL: SR3Mu/Central/bjets/3/eta in Skim_TriLep_Muon1_C_v4.root
2026-04-12 20:50:58,607 - INFO - [2023] MISSING_CENTRAL: SR3Mu/Central/bjets/3/eta in Skim_TriLep_DYJets.root
2026-04-12 20:50:58,608 - INFO - [2023] MISSING_CENTRAL: SR3Mu/Central/bjets/3/eta in Skim_TriLep_DYJets10to50.root
2026-04-12 20:50:58,609 - INFO - [2023] MISSING_CENTRAL: SR3Mu/Central/bjets/3/eta in Skim_TriLep_TTG_PTG10to100.root
2026-04-12 20:50:58,609 - INFO - [2023] MISSING_CENTRAL: SR3Mu/Central/bjets/3/eta in Skim_TriLep_TTG_PTG100to200.root
2026-04-12 20:50:58,610 - INFO - [2023] MISSING_CENTRAL: SR3Mu/Central/bjets/3/eta in Skim_TriLep_TTG_PTG200toInf.root
2026-04-12 20:50:58,643 - INFO - [2023] MISSING_CENTRAL: SR3Mu/Central/bjets/3/eta in Skim_TriLep_WZTo3LNu_powheg.root
2026-04-12 20:50:58,650 - INFO - [2023] MISSING_CENTRAL: SR3Mu/Central/bjets/3/eta in Skim_TriLep_tHq.root
2026-04-12 20:50:58,651 - INFO - [2023] MISSING_CENTRAL: SR3Mu/Central/bjets/3/eta in Skim_TriLep_WWW.root
2026-04-12 20:50:58,652 - INFO - [2023] MISSING_CENTRAL: SR3Mu/Central/bjets/3/eta in Skim_TriLep_WWZ.root
2026-04-12 20:50:58,652 - INFO - [2023] MISSING_CENTRAL: SR3Mu/Central/bjets/3/eta in Skim_TriLep_WZZ.root
2026-04-12 20:50:58,653 - INFO - [2023] MISSING_CENTRAL: SR3Mu/Central/bjets/3/eta in Skim_TriLep_ZZZ.root
2026-04-12 20:50:58,663 - INFO - [2023] MISSING_CENTRAL: SR3Mu/Central/bjets/3/eta in Skim_TriLep_VBFHToZZTo4L.root
2026-04-12 20:50:58,664 - INFO - [2023] MISSING_CENTRAL: SR3Mu/Central/bjets/3/eta in Skim_TriLep_ggHToZZTo4L.root
2026-04-12 20:50:58,664 - INFO - [2023BPix] MISSING_CENTRAL: SR3Mu/Central/bjets/3/eta in Skim_TriLep_Muon0_D_v1.root
2026-04-12 20:50:58,665 - INFO - [2023BPix] MISSING_CENTRAL: SR3Mu/Central/bjets/3/eta in Skim_TriLep_Muon0_D_v2.root
2026-04-12 20:50:58,666 - INFO - [2023BPix] MISSING_CENTRAL: SR3Mu/Central/bjets/3/eta in Skim_TriLep_Muon1_D_v1.root
2026-04-12 20:50:58,666 - INFO - [2023BPix] MISSING_CENTRAL: SR3Mu/Central/bjets/3/eta in Skim_TriLep_Muon1_D_v2.root
2026-04-12 20:50:58,667 - INFO - [2023BPix] MISSING_CENTRAL: SR3Mu/Central/bjets/3/eta in Skim_TriLep_DYJets.root
2026-04-12 20:50:58,667 - INFO - [2023BPix] MISSING_CENTRAL: SR3Mu/Central/bjets/3/eta in Skim_TriLep_DYJets10to50.root
2026-04-12 20:50:58,668 - INFO - [2023BPix] MISSING_CENTRAL: SR3Mu/Central/bjets/3/eta in Skim_TriLep_TTG_PTG10to100.root
2026-04-12 20:50:58,669 - INFO - [2023BPix] MISSING_CENTRAL: SR3Mu/Central/bjets/3/eta in Skim_TriLep_TTG_PTG100to200.root
2026-04-12 20:50:58,669 - INFO - [2023BPix] MISSING_CENTRAL: SR3Mu/Central/bjets/3/eta in Skim_TriLep_TTG_PTG200toInf.root
2026-04-12 20:50:58,670 - INFO - [2023BPix] MISSING_CENTRAL: SR3Mu/Central/bjets/3/eta in Skim_TriLep_TTWToLNu.root
2026-04-12 20:50:58,699 - INFO - [2023BPix] MISSING_CENTRAL: SR3Mu/Central/bjets/3/eta in Skim_TriLep_WZTo3LNu_powheg.root
2026-04-12 20:50:58,707 - INFO - [2023BPix] MISSING_CENTRAL: SR3Mu/Central/bjets/3/eta in Skim_TriLep_tHq.root
2026-04-12 20:50:58,707 - INFO - [2023BPix] MISSING_CENTRAL: SR3Mu/Central/bjets/3/eta in Skim_TriLep_WWW.root
2026-04-12 20:50:58,708 - INFO - [2023BPix] MISSING_CENTRAL: SR3Mu/Central/bjets/3/eta in Skim_TriLep_WWZ.root
2026-04-12 20:50:58,709 - INFO - [2023BPix] MISSING_CENTRAL: SR3Mu/Central/bjets/3/eta in Skim_TriLep_WZZ.root
2026-04-12 20:50:58,710 - INFO - [2023BPix] MISSING_CENTRAL: SR3Mu/Central/bjets/3/eta in Skim_TriLep_ZZZ.root
2026-04-12 20:50:58,717 - INFO - [2023BPix] MISSING_CENTRAL: SR3Mu/Central/bjets/3/eta in Skim_TriLep_VBFHToZZTo4L.root
2026-04-12 20:50:58,718 - INFO - [2023BPix] MISSING_CENTRAL: SR3Mu/Central/bjets/3/eta in Skim_TriLep_ggHToZZTo4L.root
2026-04-12 21:22:32,695 - INFO - [2022] MISSING_CENTRAL: SR3Mu/Central/bjets/3/eta in Skim_TriLep_DoubleMuon_C.root
2026-04-12 21:22:32,729 - INFO - [2022] MISSING_CENTRAL: SR3Mu/Central/bjets/3/eta in Skim_TriLep_Muon_D.root
2026-04-12 21:22:32,751 - INFO - [2022EE] MISSING_CENTRAL: SR3Mu/Central/bjets/3/eta in Skim_TriLep_Muon_G.root
2026-04-12 21:22:32,760 - INFO - [2023] MISSING_CENTRAL: SR3Mu/Central/bjets/3/eta in Skim_TriLep_Muon0_C_v1.root
2026-04-12 21:22:32,760 - INFO - [2023] MISSING_CENTRAL: SR3Mu/Central/bjets/3/eta in Skim_TriLep_Muon0_C_v2.root
2026-04-12 21:22:32,761 - INFO - [2023] MISSING_CENTRAL: SR3Mu/Central/bjets/3/eta in Skim_TriLep_Muon0_C_v3.root
2026-04-12 21:22:32,761 - INFO - [2023] MISSING_CENTRAL: SR3Mu/Central/bjets/3/eta in Skim_TriLep_Muon0_C_v4.root
2026-04-12 21:22:32,761 - INFO - [2023] MISSING_CENTRAL: SR3Mu/Central/bjets/3/eta in Skim_TriLep_Muon1_C_v1.root
2026-04-12 21:22:32,762 - INFO - [2023] MISSING_CENTRAL: SR3Mu/Central/bjets/3/eta in Skim_TriLep_Muon1_C_v2.root
2026-04-12 21:22:32,762 - INFO - [2023] MISSING_CENTRAL: SR3Mu/Central/bjets/3/eta in Skim_TriLep_Muon1_C_v3.root
2026-04-12 21:22:32,762 - INFO - [2023] MISSING_CENTRAL: SR3Mu/Central/bjets/3/eta in Skim_TriLep_Muon1_C_v4.root
2026-04-12 21:22:32,763 - INFO - [2023BPix] MISSING_CENTRAL: SR3Mu/Central/bjets/3/eta in Skim_TriLep_Muon0_D_v2.root
2026-04-12 21:22:32,763 - INFO - [2023BPix] MISSING_CENTRAL: SR3Mu/Central/bjets/3/eta in Skim_TriLep_Muon1_D_v1.root
2026-04-12 21:22:32,764 - INFO - [2023BPix] MISSING_CENTRAL: SR3Mu/Central/bjets/3/eta in Skim_TriLep_Muon1_D_v2.root
2026-04-12 21:22:32,768 - INFO - [2022] MISSING_CENTRAL: SR3Mu/Central/bjets/3/eta in Skim_TriLep_DoubleMuon_C.root
2026-04-12 21:22:32,776 - INFO - [2022] MISSING_CENTRAL: SR3Mu/Central/bjets/3/eta in Skim_TriLep_Muon_D.root
2026-04-12 21:22:32,776 - INFO - [2022] MISSING_CENTRAL: SR3Mu/Central/bjets/3/eta in Skim_TriLep_DYJets.root
2026-04-12 21:22:32,777 - INFO - [2022] MISSING_CENTRAL: SR3Mu/Central/bjets/3/eta in Skim_TriLep_DYJets10to50.root
2026-04-12 21:22:32,777 - INFO - [2022] MISSING_CENTRAL: SR3Mu/Central/bjets/3/eta in Skim_TriLep_TTG_PTG10to100.root
2026-04-12 21:22:32,778 - INFO - [2022] MISSING_CENTRAL: SR3Mu/Central/bjets/3/eta in Skim_TriLep_TTG_PTG100to200.root
2026-04-12 21:22:32,778 - INFO - [2022] MISSING_CENTRAL: SR3Mu/Central/bjets/3/eta in Skim_TriLep_TTG_PTG200toInf.root
2026-04-12 21:22:32,780 - INFO - [2022] MISSING_CENTRAL: SR3Mu/Central/bjets/3/eta in Skim_TriLep_TTWToLNu.root
2026-04-12 21:22:32,811 - INFO - [2022] MISSING_CENTRAL: SR3Mu/Central/bjets/3/eta in Skim_TriLep_WZTo3LNu_powheg.root
2026-04-12 21:22:32,812 - INFO - [2022] MISSING_CENTRAL: SR3Mu/Central/bjets/3/eta in Skim_TriLep_ZZTo4L_powheg.root
2026-04-12 21:22:32,817 - INFO - [2022] MISSING_CENTRAL: SR3Mu/Central/bjets/3/eta in Skim_TriLep_WWW.root
2026-04-12 21:22:32,818 - INFO - [2022] MISSING_CENTRAL: SR3Mu/Central/bjets/3/eta in Skim_TriLep_WWZ.root
2026-04-12 21:22:32,818 - INFO - [2022] MISSING_CENTRAL: SR3Mu/Central/bjets/3/eta in Skim_TriLep_WZZ.root
2026-04-12 21:22:32,830 - INFO - [2022] MISSING_CENTRAL: SR3Mu/Central/bjets/3/eta in Skim_TriLep_VBFHToZZTo4L.root
2026-04-12 21:22:32,831 - INFO - [2022] MISSING_CENTRAL: SR3Mu/Central/bjets/3/eta in Skim_TriLep_ggHToZZTo4L.root
2026-04-12 21:22:32,831 - INFO - [2022EE] MISSING_CENTRAL: SR3Mu/Central/bjets/3/eta in Skim_TriLep_Muon_E.root
2026-04-12 21:22:32,833 - INFO - [2022EE] MISSING_CENTRAL: SR3Mu/Central/bjets/3/eta in Skim_TriLep_DYJets.root
2026-04-12 21:22:32,833 - INFO - [2022EE] MISSING_CENTRAL: SR3Mu/Central/bjets/3/eta in Skim_TriLep_DYJets10to50.root
2026-04-12 21:22:32,834 - INFO - [2022EE] MISSING_CENTRAL: SR3Mu/Central/bjets/3/eta in Skim_TriLep_TTG_PTG10to100.root
2026-04-12 21:22:32,834 - INFO - [2022EE] MISSING_CENTRAL: SR3Mu/Central/bjets/3/eta in Skim_TriLep_TTG_PTG100to200.root
2026-04-12 21:22:32,835 - INFO - [2022EE] MISSING_CENTRAL: SR3Mu/Central/bjets/3/eta in Skim_TriLep_TTG_PTG200toInf.root
2026-04-12 21:22:32,867 - INFO - [2022EE] MISSING_CENTRAL: SR3Mu/Central/bjets/3/eta in Skim_TriLep_WZTo3LNu_powheg.root
2026-04-12 21:22:32,880 - INFO - [2022EE] MISSING_CENTRAL: SR3Mu/Central/bjets/3/eta in Skim_TriLep_WWW.root
2026-04-12 21:22:32,880 - INFO - [2022EE] MISSING_CENTRAL: SR3Mu/Central/bjets/3/eta in Skim_TriLep_WWZ.root
2026-04-12 21:22:32,899 - INFO - [2022EE] MISSING_CENTRAL: SR3Mu/Central/bjets/3/eta in Skim_TriLep_VBFHToZZTo4L.root
2026-04-12 21:22:32,900 - INFO - [2022EE] MISSING_CENTRAL: SR3Mu/Central/bjets/3/eta in Skim_TriLep_ggHToZZTo4L.root
2026-04-12 21:22:32,901 - INFO - [2023] MISSING_CENTRAL: SR3Mu/Central/bjets/3/eta in Skim_TriLep_Muon0_C_v2.root
2026-04-12 21:22:32,901 - INFO - [2023] MISSING_CENTRAL: SR3Mu/Central/bjets/3/eta in Skim_TriLep_Muon0_C_v3.root
2026-04-12 21:22:32,903 - INFO - [2023] MISSING_CENTRAL: SR3Mu/Central/bjets/3/eta in Skim_TriLep_Muon1_C_v1.root
2026-04-12 21:22:32,903 - INFO - [2023] MISSING_CENTRAL: SR3Mu/Central/bjets/3/eta in Skim_TriLep_Muon1_C_v2.root
2026-04-12 21:22:32,904 - INFO - [2023] MISSING_CENTRAL: SR3Mu/Central/bjets/3/eta in Skim_TriLep_Muon1_C_v3.root
2026-04-12 21:22:32,904 - INFO - [2023] MISSING_CENTRAL: SR3Mu/Central/bjets/3/eta in Skim_TriLep_Muon1_C_v4.root
2026-04-12 21:22:32,905 - INFO - [2023] MISSING_CENTRAL: SR3Mu/Central/bjets/3/eta in Skim_TriLep_DYJets.root
2026-04-12 21:22:32,906 - INFO - [2023] MISSING_CENTRAL: SR3Mu/Central/bjets/3/eta in Skim_TriLep_DYJets10to50.root
2026-04-12 21:22:32,906 - INFO - [2023] MISSING_CENTRAL: SR3Mu/Central/bjets/3/eta in Skim_TriLep_TTG_PTG10to100.root
2026-04-12 21:22:32,907 - INFO - [2023] MISSING_CENTRAL: SR3Mu/Central/bjets/3/eta in Skim_TriLep_TTG_PTG100to200.root
2026-04-12 21:22:32,907 - INFO - [2023] MISSING_CENTRAL: SR3Mu/Central/bjets/3/eta in Skim_TriLep_TTG_PTG200toInf.root
2026-04-12 21:22:32,937 - INFO - [2023] MISSING_CENTRAL: SR3Mu/Central/bjets/3/eta in Skim_TriLep_WZTo3LNu_powheg.root
2026-04-12 21:22:32,944 - INFO - [2023] MISSING_CENTRAL: SR3Mu/Central/bjets/3/eta in Skim_TriLep_tHq.root
2026-04-12 21:22:32,945 - INFO - [2023] MISSING_CENTRAL: SR3Mu/Central/bjets/3/eta in Skim_TriLep_WWW.root
2026-04-12 21:22:32,946 - INFO - [2023] MISSING_CENTRAL: SR3Mu/Central/bjets/3/eta in Skim_TriLep_WWZ.root
2026-04-12 21:22:32,946 - INFO - [2023] MISSING_CENTRAL: SR3Mu/Central/bjets/3/eta in Skim_TriLep_WZZ.root
2026-04-12 21:22:32,947 - INFO - [2023] MISSING_CENTRAL: SR3Mu/Central/bjets/3/eta in Skim_TriLep_ZZZ.root
2026-04-12 21:22:32,955 - INFO - [2023] MISSING_CENTRAL: SR3Mu/Central/bjets/3/eta in Skim_TriLep_VBFHToZZTo4L.root
2026-04-12 21:22:32,955 - INFO - [2023] MISSING_CENTRAL: SR3Mu/Central/bjets/3/eta in Skim_TriLep_ggHToZZTo4L.root
2026-04-12 21:22:32,956 - INFO - [2023BPix] MISSING_CENTRAL: SR3Mu/Central/bjets/3/eta in Skim_TriLep_Muon0_D_v1.root
2026-04-12 21:22:32,957 - INFO - [2023BPix] MISSING_CENTRAL: SR3Mu/Central/bjets/3/eta in Skim_TriLep_Muon0_D_v2.root
2026-04-12 21:22:32,957 - INFO - [2023BPix] MISSING_CENTRAL: SR3Mu/Central/bjets/3/eta in Skim_TriLep_Muon1_D_v1.root
2026-04-12 21:22:32,958 - INFO - [2023BPix] MISSING_CENTRAL: SR3Mu/Central/bjets/3/eta in Skim_TriLep_Muon1_D_v2.root
2026-04-12 21:22:32,958 - INFO - [2023BPix] MISSING_CENTRAL: SR3Mu/Central/bjets/3/eta in Skim_TriLep_DYJets.root
2026-04-12 21:22:32,959 - INFO - [2023BPix] MISSING_CENTRAL: SR3Mu/Central/bjets/3/eta in Skim_TriLep_DYJets10to50.root
2026-04-12 21:22:32,959 - INFO - [2023BPix] MISSING_CENTRAL: SR3Mu/Central/bjets/3/eta in Skim_TriLep_TTG_PTG10to100.root
2026-04-12 21:22:32,960 - INFO - [2023BPix] MISSING_CENTRAL: SR3Mu/Central/bjets/3/eta in Skim_TriLep_TTG_PTG100to200.root
2026-04-12 21:22:32,961 - INFO - [2023BPix] MISSING_CENTRAL: SR3Mu/Central/bjets/3/eta in Skim_TriLep_TTG_PTG200toInf.root
2026-04-12 21:22:32,961 - INFO - [2023BPix] MISSING_CENTRAL: SR3Mu/Central/bjets/3/eta in Skim_TriLep_TTWToLNu.root
2026-04-12 21:22:32,988 - INFO - [2023BPix] MISSING_CENTRAL: SR3Mu/Central/bjets/3/eta in Skim_TriLep_WZTo3LNu_powheg.root
2026-04-12 21:22:32,995 - INFO - [2023BPix] MISSING_CENTRAL: SR3Mu/Central/bjets/3/eta in Skim_TriLep_tHq.root
2026-04-12 21:22:32,996 - INFO - [2023BPix] MISSING_CENTRAL: SR3Mu/Central/bjets/3/eta in Skim_TriLep_WWW.root
2026-04-12 21:22:32,997 - INFO - [2023BPix] MISSING_CENTRAL: SR3Mu/Central/bjets/3/eta in Skim_TriLep_WWZ.root
2026-04-12 21:22:32,997 - INFO - [2023BPix] MISSING_CENTRAL: SR3Mu/Central/bjets/3/eta in Skim_TriLep_WZZ.root
2026-04-12 21:22:32,998 - INFO - [2023BPix] MISSING_CENTRAL: SR3Mu/Central/bjets/3/eta in Skim_TriLep_ZZZ.root
2026-04-12 21:22:33,006 - INFO - [2023BPix] MISSING_CENTRAL: SR3Mu/Central/bjets/3/eta in Skim_TriLep_VBFHToZZTo4L.root
2026-04-12 21:22:33,007 - INFO - [2023BPix] MISSING_CENTRAL: SR3Mu/Central/bjets/3/eta in Skim_TriLep_ggHToZZTo4L.root
2026-04-13 13:00:21,968 - INFO - [2022] MISSING_CENTRAL: SR3Mu/Central/bjets/3/eta in Skim_TriLep_DoubleMuon_C.root
2026-04-13 13:00:22,009 - INFO - [2022] MISSING_CENTRAL: SR3Mu/Central/bjets/3/eta in Skim_TriLep_Muon_D.root
2026-04-13 13:00:22,031 - INFO - [2022EE] MISSING_CENTRAL: SR3Mu/Central/bjets/3/eta in Skim_TriLep_Muon_G.root
2026-04-13 13:00:22,041 - INFO - [2023] MISSING_CENTRAL: SR3Mu/Central/bjets/3/eta in Skim_TriLep_Muon0_C_v1.root
2026-04-13 13:00:22,042 - INFO - [2023] MISSING_CENTRAL: SR3Mu/Central/bjets/3/eta in Skim_TriLep_Muon0_C_v2.root
2026-04-13 13:00:22,043 - INFO - [2023] MISSING_CENTRAL: SR3Mu/Central/bjets/3/eta in Skim_TriLep_Muon0_C_v3.root
2026-04-13 13:00:22,043 - INFO - [2023] MISSING_CENTRAL: SR3Mu/Central/bjets/3/eta in Skim_TriLep_Muon0_C_v4.root
2026-04-13 13:00:22,044 - INFO - [2023] MISSING_CENTRAL: SR3Mu/Central/bjets/3/eta in Skim_TriLep_Muon1_C_v1.root
2026-04-13 13:00:22,044 - INFO - [2023] MISSING_CENTRAL: SR3Mu/Central/bjets/3/eta in Skim_TriLep_Muon1_C_v2.root
2026-04-13 13:00:22,045 - INFO - [2023] MISSING_CENTRAL: SR3Mu/Central/bjets/3/eta in Skim_TriLep_Muon1_C_v3.root
2026-04-13 13:00:22,046 - INFO - [2023] MISSING_CENTRAL: SR3Mu/Central/bjets/3/eta in Skim_TriLep_Muon1_C_v4.root
2026-04-13 13:00:22,047 - INFO - [2023BPix] MISSING_CENTRAL: SR3Mu/Central/bjets/3/eta in Skim_TriLep_Muon0_D_v2.root
2026-04-13 13:00:22,048 - INFO - [2023BPix] MISSING_CENTRAL: SR3Mu/Central/bjets/3/eta in Skim_TriLep_Muon1_D_v1.root
2026-04-13 13:00:22,048 - INFO - [2023BPix] MISSING_CENTRAL: SR3Mu/Central/bjets/3/eta in Skim_TriLep_Muon1_D_v2.root
2026-04-13 13:00:22,053 - INFO - [2022] MISSING_CENTRAL: SR3Mu/Central/bjets/3/eta in Skim_TriLep_DoubleMuon_C.root
2026-04-13 13:00:22,057 - INFO - [2022] MISSING_CENTRAL: SR3Mu/Central/bjets/3/eta in Skim_TriLep_Muon_D.root
2026-04-13 13:00:22,058 - INFO - [2022] MISSING_CENTRAL: SR3Mu/Central/bjets/3/eta in Skim_TriLep_DYJets.root
2026-04-13 13:00:22,058 - INFO - [2022] MISSING_CENTRAL: SR3Mu/Central/bjets/3/eta in Skim_TriLep_DYJets10to50.root
2026-04-13 13:00:22,059 - INFO - [2022] MISSING_CENTRAL: SR3Mu/Central/bjets/3/eta in Skim_TriLep_TTG_PTG10to100.root
2026-04-13 13:00:22,060 - INFO - [2022] MISSING_CENTRAL: SR3Mu/Central/bjets/3/eta in Skim_TriLep_TTG_PTG100to200.root
2026-04-13 13:00:22,060 - INFO - [2022] MISSING_CENTRAL: SR3Mu/Central/bjets/3/eta in Skim_TriLep_TTG_PTG200toInf.root
2026-04-13 13:00:22,062 - INFO - [2022] MISSING_CENTRAL: SR3Mu/Central/bjets/3/eta in Skim_TriLep_TTWToLNu.root
2026-04-13 13:00:22,100 - INFO - [2022] MISSING_CENTRAL: SR3Mu/Central/bjets/3/eta in Skim_TriLep_WZTo3LNu_powheg.root
2026-04-13 13:00:22,101 - INFO - [2022] MISSING_CENTRAL: SR3Mu/Central/bjets/3/eta in Skim_TriLep_ZZTo4L_powheg.root
2026-04-13 13:00:22,109 - INFO - [2022] MISSING_CENTRAL: SR3Mu/Central/bjets/3/eta in Skim_TriLep_WWW.root
2026-04-13 13:00:22,110 - INFO - [2022] MISSING_CENTRAL: SR3Mu/Central/bjets/3/eta in Skim_TriLep_WWZ.root
2026-04-13 13:00:22,111 - INFO - [2022] MISSING_CENTRAL: SR3Mu/Central/bjets/3/eta in Skim_TriLep_WZZ.root
2026-04-13 13:00:22,125 - INFO - [2022] MISSING_CENTRAL: SR3Mu/Central/bjets/3/eta in Skim_TriLep_VBFHToZZTo4L.root
2026-04-13 13:00:22,126 - INFO - [2022] MISSING_CENTRAL: SR3Mu/Central/bjets/3/eta in Skim_TriLep_ggHToZZTo4L.root
2026-04-13 13:00:22,127 - INFO - [2022EE] MISSING_CENTRAL: SR3Mu/Central/bjets/3/eta in Skim_TriLep_Muon_E.root
2026-04-13 13:00:22,129 - INFO - [2022EE] MISSING_CENTRAL: SR3Mu/Central/bjets/3/eta in Skim_TriLep_DYJets.root
2026-04-13 13:00:22,129 - INFO - [2022EE] MISSING_CENTRAL: SR3Mu/Central/bjets/3/eta in Skim_TriLep_DYJets10to50.root
2026-04-13 13:00:22,130 - INFO - [2022EE] MISSING_CENTRAL: SR3Mu/Central/bjets/3/eta in Skim_TriLep_TTG_PTG10to100.root
2026-04-13 13:00:22,131 - INFO - [2022EE] MISSING_CENTRAL: SR3Mu/Central/bjets/3/eta in Skim_TriLep_TTG_PTG100to200.root
2026-04-13 13:00:22,132 - INFO - [2022EE] MISSING_CENTRAL: SR3Mu/Central/bjets/3/eta in Skim_TriLep_TTG_PTG200toInf.root
2026-04-13 13:00:22,170 - INFO - [2022EE] MISSING_CENTRAL: SR3Mu/Central/bjets/3/eta in Skim_TriLep_WZTo3LNu_powheg.root
2026-04-13 13:00:22,185 - INFO - [2022EE] MISSING_CENTRAL: SR3Mu/Central/bjets/3/eta in Skim_TriLep_WWW.root
2026-04-13 13:00:22,186 - INFO - [2022EE] MISSING_CENTRAL: SR3Mu/Central/bjets/3/eta in Skim_TriLep_WWZ.root
2026-04-13 13:00:22,210 - INFO - [2022EE] MISSING_CENTRAL: SR3Mu/Central/bjets/3/eta in Skim_TriLep_VBFHToZZTo4L.root
2026-04-13 13:00:22,211 - INFO - [2022EE] MISSING_CENTRAL: SR3Mu/Central/bjets/3/eta in Skim_TriLep_ggHToZZTo4L.root
2026-04-13 13:00:22,213 - INFO - [2023] MISSING_CENTRAL: SR3Mu/Central/bjets/3/eta in Skim_TriLep_Muon0_C_v2.root
2026-04-13 13:00:22,213 - INFO - [2023] MISSING_CENTRAL: SR3Mu/Central/bjets/3/eta in Skim_TriLep_Muon0_C_v3.root
2026-04-13 13:00:22,215 - INFO - [2023] MISSING_CENTRAL: SR3Mu/Central/bjets/3/eta in Skim_TriLep_Muon1_C_v1.root
2026-04-13 13:00:22,216 - INFO - [2023] MISSING_CENTRAL: SR3Mu/Central/bjets/3/eta in Skim_TriLep_Muon1_C_v2.root
2026-04-13 13:00:22,216 - INFO - [2023] MISSING_CENTRAL: SR3Mu/Central/bjets/3/eta in Skim_TriLep_Muon1_C_v3.root
2026-04-13 13:00:22,217 - INFO - [2023] MISSING_CENTRAL: SR3Mu/Central/bjets/3/eta in Skim_TriLep_Muon1_C_v4.root
2026-04-13 13:00:22,218 - INFO - [2023] MISSING_CENTRAL: SR3Mu/Central/bjets/3/eta in Skim_TriLep_DYJets.root
2026-04-13 13:00:22,219 - INFO - [2023] MISSING_CENTRAL: SR3Mu/Central/bjets/3/eta in Skim_TriLep_DYJets10to50.root
2026-04-13 13:00:22,220 - INFO - [2023] MISSING_CENTRAL: SR3Mu/Central/bjets/3/eta in Skim_TriLep_TTG_PTG10to100.root
2026-04-13 13:00:22,221 - INFO - [2023] MISSING_CENTRAL: SR3Mu/Central/bjets/3/eta in Skim_TriLep_TTG_PTG100to200.root
2026-04-13 13:00:22,221 - INFO - [2023] MISSING_CENTRAL: SR3Mu/Central/bjets/3/eta in Skim_TriLep_TTG_PTG200toInf.root
2026-04-13 13:00:22,259 - INFO - [2023] MISSING_CENTRAL: SR3Mu/Central/bjets/3/eta in Skim_TriLep_WZTo3LNu_powheg.root
2026-04-13 13:00:22,268 - INFO - [2023] MISSING_CENTRAL: SR3Mu/Central/bjets/3/eta in Skim_TriLep_tHq.root
2026-04-13 13:00:22,269 - INFO - [2023] MISSING_CENTRAL: SR3Mu/Central/bjets/3/eta in Skim_TriLep_WWW.root
2026-04-13 13:00:22,270 - INFO - [2023] MISSING_CENTRAL: SR3Mu/Central/bjets/3/eta in Skim_TriLep_WWZ.root
2026-04-13 13:00:22,271 - INFO - [2023] MISSING_CENTRAL: SR3Mu/Central/bjets/3/eta in Skim_TriLep_WZZ.root
2026-04-13 13:00:22,272 - INFO - [2023] MISSING_CENTRAL: SR3Mu/Central/bjets/3/eta in Skim_TriLep_ZZZ.root
2026-04-13 13:00:22,282 - INFO - [2023] MISSING_CENTRAL: SR3Mu/Central/bjets/3/eta in Skim_TriLep_VBFHToZZTo4L.root
2026-04-13 13:00:22,283 - INFO - [2023] MISSING_CENTRAL: SR3Mu/Central/bjets/3/eta in Skim_TriLep_ggHToZZTo4L.root
2026-04-13 13:00:22,284 - INFO - [2023BPix] MISSING_CENTRAL: SR3Mu/Central/bjets/3/eta in Skim_TriLep_Muon0_D_v1.root
2026-04-13 13:00:22,284 - INFO - [2023BPix] MISSING_CENTRAL: SR3Mu/Central/bjets/3/eta in Skim_TriLep_Muon0_D_v2.root
2026-04-13 13:00:22,285 - INFO - [2023BPix] MISSING_CENTRAL: SR3Mu/Central/bjets/3/eta in Skim_TriLep_Muon1_D_v1.root
2026-04-13 13:00:22,286 - INFO - [2023BPix] MISSING_CENTRAL: SR3Mu/Central/bjets/3/eta in Skim_TriLep_Muon1_D_v2.root
2026-04-13 13:00:22,286 - INFO - [2023BPix] MISSING_CENTRAL: SR3Mu/Central/bjets/3/eta in Skim_TriLep_DYJets.root
2026-04-13 13:00:22,287 - INFO - [2023BPix] MISSING_CENTRAL: SR3Mu/Central/bjets/3/eta in Skim_TriLep_DYJets10to50.root
2026-04-13 13:00:22,288 - INFO - [2023BPix] MISSING_CENTRAL: SR3Mu/Central/bjets/3/eta in Skim_TriLep_TTG_PTG10to100.root
2026-04-13 13:00:22,288 - INFO - [2023BPix] MISSING_CENTRAL: SR3Mu/Central/bjets/3/eta in Skim_TriLep_TTG_PTG100to200.root
2026-04-13 13:00:22,289 - INFO - [2023BPix] MISSING_CENTRAL: SR3Mu/Central/bjets/3/eta in Skim_TriLep_TTG_PTG200toInf.root
2026-04-13 13:00:22,290 - INFO - [2023BPix] MISSING_CENTRAL: SR3Mu/Central/bjets/3/eta in Skim_TriLep_TTWToLNu.root
2026-04-13 13:00:22,319 - INFO - [2023BPix] MISSING_CENTRAL: SR3Mu/Central/bjets/3/eta in Skim_TriLep_WZTo3LNu_powheg.root
2026-04-13 13:00:22,326 - INFO - [2023BPix] MISSING_CENTRAL: SR3Mu/Central/bjets/3/eta in Skim_TriLep_tHq.root
2026-04-13 13:00:22,327 - INFO - [2023BPix] MISSING_CENTRAL: SR3Mu/Central/bjets/3/eta in Skim_TriLep_WWW.root
2026-04-13 13:00:22,328 - INFO - [2023BPix] MISSING_CENTRAL: SR3Mu/Central/bjets/3/eta in Skim_TriLep_WWZ.root
2026-04-13 13:00:22,328 - INFO - [2023BPix] MISSING_CENTRAL: SR3Mu/Central/bjets/3/eta in Skim_TriLep_WZZ.root
2026-04-13 13:00:22,329 - INFO - [2023BPix] MISSING_CENTRAL: SR3Mu/Central/bjets/3/eta in Skim_TriLep_ZZZ.root
2026-04-13 13:00:22,336 - INFO - [2023BPix] MISSING_CENTRAL: SR3Mu/Central/bjets/3/eta in Skim_TriLep_VBFHToZZTo4L.root
2026-04-13 13:00:22,337 - INFO - [2023BPix] MISSING_CENTRAL: SR3Mu/Central/bjets/3/eta in Skim_TriLep_ggHToZZTo4L.root
2026-04-16 17:32:38,880 - INFO - [2022] MISSING_CENTRAL: SR3Mu/Central/bjets/3/eta in Skim_TriLep_DoubleMuon_C.root
2026-04-16 17:32:38,925 - INFO - [2022] MISSING_CENTRAL: SR3Mu/Central/bjets/3/eta in Skim_TriLep_Muon_D.root
2026-04-16 17:32:38,947 - INFO - [2022EE] MISSING_CENTRAL: SR3Mu/Central/bjets/3/eta in Skim_TriLep_Muon_G.root
2026-04-16 17:32:38,956 - INFO - [2023] MISSING_CENTRAL: SR3Mu/Central/bjets/3/eta in Skim_TriLep_Muon0_C_v1.root
2026-04-16 17:32:38,957 - INFO - [2023] MISSING_CENTRAL: SR3Mu/Central/bjets/3/eta in Skim_TriLep_Muon0_C_v2.root
2026-04-16 17:32:38,957 - INFO - [2023] MISSING_CENTRAL: SR3Mu/Central/bjets/3/eta in Skim_TriLep_Muon0_C_v3.root
2026-04-16 17:32:38,958 - INFO - [2023] MISSING_CENTRAL: SR3Mu/Central/bjets/3/eta in Skim_TriLep_Muon0_C_v4.root
2026-04-16 17:32:38,958 - INFO - [2023] MISSING_CENTRAL: SR3Mu/Central/bjets/3/eta in Skim_TriLep_Muon1_C_v1.root
2026-04-16 17:32:38,959 - INFO - [2023] MISSING_CENTRAL: SR3Mu/Central/bjets/3/eta in Skim_TriLep_Muon1_C_v2.root
2026-04-16 17:32:38,959 - INFO - [2023] MISSING_CENTRAL: SR3Mu/Central/bjets/3/eta in Skim_TriLep_Muon1_C_v3.root
2026-04-16 17:32:38,960 - INFO - [2023] MISSING_CENTRAL: SR3Mu/Central/bjets/3/eta in Skim_TriLep_Muon1_C_v4.root
2026-04-16 17:32:38,961 - INFO - [2023BPix] MISSING_CENTRAL: SR3Mu/Central/bjets/3/eta in Skim_TriLep_Muon0_D_v2.root
2026-04-16 17:32:38,961 - INFO - [2023BPix] MISSING_CENTRAL: SR3Mu/Central/bjets/3/eta in Skim_TriLep_Muon1_D_v1.root
2026-04-16 17:32:38,962 - INFO - [2023BPix] MISSING_CENTRAL: SR3Mu/Central/bjets/3/eta in Skim_TriLep_Muon1_D_v2.root
2026-04-16 17:32:38,967 - INFO - [2022] MISSING_CENTRAL: SR3Mu/Central/bjets/3/eta in Skim_TriLep_DoubleMuon_C.root
2026-04-16 17:32:38,971 - INFO - [2022] MISSING_CENTRAL: SR3Mu/Central/bjets/3/eta in Skim_TriLep_Muon_D.root
2026-04-16 17:32:38,972 - INFO - [2022] MISSING_CENTRAL: SR3Mu/Central/bjets/3/eta in Skim_TriLep_DYJets.root
2026-04-16 17:32:38,972 - INFO - [2022] MISSING_CENTRAL: SR3Mu/Central/bjets/3/eta in Skim_TriLep_DYJets10to50.root
2026-04-16 17:32:38,973 - INFO - [2022] MISSING_CENTRAL: SR3Mu/Central/bjets/3/eta in Skim_TriLep_TTG_PTG10to100.root
2026-04-16 17:32:38,974 - INFO - [2022] MISSING_CENTRAL: SR3Mu/Central/bjets/3/eta in Skim_TriLep_TTG_PTG100to200.root
2026-04-16 17:32:38,974 - INFO - [2022] MISSING_CENTRAL: SR3Mu/Central/bjets/3/eta in Skim_TriLep_TTG_PTG200toInf.root
2026-04-16 17:32:38,976 - INFO - [2022] MISSING_CENTRAL: SR3Mu/Central/bjets/3/eta in Skim_TriLep_TTWToLNu.root
2026-04-16 17:32:39,018 - INFO - [2022] MISSING_CENTRAL: SR3Mu/Central/bjets/3/eta in Skim_TriLep_WZTo3LNu_powheg.root
2026-04-16 17:32:39,019 - INFO - [2022] MISSING_CENTRAL: SR3Mu/Central/bjets/3/eta in Skim_TriLep_ZZTo4L_powheg.root
2026-04-16 17:32:39,025 - INFO - [2022] MISSING_CENTRAL: SR3Mu/Central/bjets/3/eta in Skim_TriLep_WWW.root
2026-04-16 17:32:39,026 - INFO - [2022] MISSING_CENTRAL: SR3Mu/Central/bjets/3/eta in Skim_TriLep_WWZ.root
2026-04-16 17:32:39,027 - INFO - [2022] MISSING_CENTRAL: SR3Mu/Central/bjets/3/eta in Skim_TriLep_WZZ.root
2026-04-16 17:32:39,041 - INFO - [2022] MISSING_CENTRAL: SR3Mu/Central/bjets/3/eta in Skim_TriLep_VBFHToZZTo4L.root
2026-04-16 17:32:39,041 - INFO - [2022] MISSING_CENTRAL: SR3Mu/Central/bjets/3/eta in Skim_TriLep_ggHToZZTo4L.root
2026-04-16 17:32:39,042 - INFO - [2022EE] MISSING_CENTRAL: SR3Mu/Central/bjets/3/eta in Skim_TriLep_Muon_E.root
2026-04-16 17:32:39,043 - INFO - [2022EE] MISSING_CENTRAL: SR3Mu/Central/bjets/3/eta in Skim_TriLep_DYJets.root
2026-04-16 17:32:39,044 - INFO - [2022EE] MISSING_CENTRAL: SR3Mu/Central/bjets/3/eta in Skim_TriLep_DYJets10to50.root
2026-04-16 17:32:39,045 - INFO - [2022EE] MISSING_CENTRAL: SR3Mu/Central/bjets/3/eta in Skim_TriLep_TTG_PTG10to100.root
2026-04-16 17:32:39,045 - INFO - [2022EE] MISSING_CENTRAL: SR3Mu/Central/bjets/3/eta in Skim_TriLep_TTG_PTG100to200.root
2026-04-16 17:32:39,046 - INFO - [2022EE] MISSING_CENTRAL: SR3Mu/Central/bjets/3/eta in Skim_TriLep_TTG_PTG200toInf.root
2026-04-16 17:32:39,081 - INFO - [2022EE] MISSING_CENTRAL: SR3Mu/Central/bjets/3/eta in Skim_TriLep_WZTo3LNu_powheg.root
2026-04-16 17:32:39,095 - INFO - [2022EE] MISSING_CENTRAL: SR3Mu/Central/bjets/3/eta in Skim_TriLep_WWW.root
2026-04-16 17:32:39,096 - INFO - [2022EE] MISSING_CENTRAL: SR3Mu/Central/bjets/3/eta in Skim_TriLep_WWZ.root
2026-04-16 17:32:39,118 - INFO - [2022EE] MISSING_CENTRAL: SR3Mu/Central/bjets/3/eta in Skim_TriLep_VBFHToZZTo4L.root
2026-04-16 17:32:39,119 - INFO - [2022EE] MISSING_CENTRAL: SR3Mu/Central/bjets/3/eta in Skim_TriLep_ggHToZZTo4L.root
2026-04-16 17:32:39,120 - INFO - [2023] MISSING_CENTRAL: SR3Mu/Central/bjets/3/eta in Skim_TriLep_Muon0_C_v2.root
2026-04-16 17:32:39,120 - INFO - [2023] MISSING_CENTRAL: SR3Mu/Central/bjets/3/eta in Skim_TriLep_Muon0_C_v3.root
2026-04-16 17:32:39,121 - INFO - [2023] MISSING_CENTRAL: SR3Mu/Central/bjets/3/eta in Skim_TriLep_Muon1_C_v1.root
2026-04-16 17:32:39,122 - INFO - [2023] MISSING_CENTRAL: SR3Mu/Central/bjets/3/eta in Skim_TriLep_Muon1_C_v2.root
2026-04-16 17:32:39,122 - INFO - [2023] MISSING_CENTRAL: SR3Mu/Central/bjets/3/eta in Skim_TriLep_Muon1_C_v3.root
2026-04-16 17:32:39,123 - INFO - [2023] MISSING_CENTRAL: SR3Mu/Central/bjets/3/eta in Skim_TriLep_Muon1_C_v4.root
2026-04-16 17:32:39,124 - INFO - [2023] MISSING_CENTRAL: SR3Mu/Central/bjets/3/eta in Skim_TriLep_DYJets.root
2026-04-16 17:32:39,124 - INFO - [2023] MISSING_CENTRAL: SR3Mu/Central/bjets/3/eta in Skim_TriLep_DYJets10to50.root
2026-04-16 17:32:39,125 - INFO - [2023] MISSING_CENTRAL: SR3Mu/Central/bjets/3/eta in Skim_TriLep_TTG_PTG10to100.root
2026-04-16 17:32:39,125 - INFO - [2023] MISSING_CENTRAL: SR3Mu/Central/bjets/3/eta in Skim_TriLep_TTG_PTG100to200.root
2026-04-16 17:32:39,126 - INFO - [2023] MISSING_CENTRAL: SR3Mu/Central/bjets/3/eta in Skim_TriLep_TTG_PTG200toInf.root
2026-04-16 17:32:39,163 - INFO - [2023] MISSING_CENTRAL: SR3Mu/Central/bjets/3/eta in Skim_TriLep_WZTo3LNu_powheg.root
2026-04-16 17:32:39,170 - INFO - [2023] MISSING_CENTRAL: SR3Mu/Central/bjets/3/eta in Skim_TriLep_tHq.root
2026-04-16 17:32:39,171 - INFO - [2023] MISSING_CENTRAL: SR3Mu/Central/bjets/3/eta in Skim_TriLep_WWW.root
2026-04-16 17:32:39,171 - INFO - [2023] MISSING_CENTRAL: SR3Mu/Central/bjets/3/eta in Skim_TriLep_WWZ.root
2026-04-16 17:32:39,172 - INFO - [2023] MISSING_CENTRAL: SR3Mu/Central/bjets/3/eta in Skim_TriLep_WZZ.root
2026-04-16 17:32:39,172 - INFO - [2023] MISSING_CENTRAL: SR3Mu/Central/bjets/3/eta in Skim_TriLep_ZZZ.root
2026-04-16 17:32:39,182 - INFO - [2023] MISSING_CENTRAL: SR3Mu/Central/bjets/3/eta in Skim_TriLep_VBFHToZZTo4L.root
2026-04-16 17:32:39,183 - INFO - [2023] MISSING_CENTRAL: SR3Mu/Central/bjets/3/eta in Skim_TriLep_ggHToZZTo4L.root
2026-04-16 17:32:39,183 - INFO - [2023BPix] MISSING_CENTRAL: SR3Mu/Central/bjets/3/eta in Skim_TriLep_Muon0_D_v1.root
2026-04-16 17:32:39,184 - INFO - [2023BPix] MISSING_CENTRAL: SR3Mu/Central/bjets/3/eta in Skim_TriLep_Muon0_D_v2.root
2026-04-16 17:32:39,184 - INFO - [2023BPix] MISSING_CENTRAL: SR3Mu/Central/bjets/3/eta in Skim_TriLep_Muon1_D_v1.root
2026-04-16 17:32:39,185 - INFO - [2023BPix] MISSING_CENTRAL: SR3Mu/Central/bjets/3/eta in Skim_TriLep_Muon1_D_v2.root
2026-04-16 17:32:39,186 - INFO - [2023BPix] MISSING_CENTRAL: SR3Mu/Central/bjets/3/eta in Skim_TriLep_DYJets.root
2026-04-16 17:32:39,186 - INFO - [2023BPix] MISSING_CENTRAL: SR3Mu/Central/bjets/3/eta in Skim_TriLep_DYJets10to50.root
2026-04-16 17:32:39,187 - INFO - [2023BPix] MISSING_CENTRAL: SR3Mu/Central/bjets/3/eta in Skim_TriLep_TTG_PTG10to100.root
2026-04-16 17:32:39,187 - INFO - [2023BPix] MISSING_CENTRAL: SR3Mu/Central/bjets/3/eta in Skim_TriLep_TTG_PTG100to200.root
2026-04-16 17:32:39,188 - INFO - [2023BPix] MISSING_CENTRAL: SR3Mu/Central/bjets/3/eta in Skim_TriLep_TTG_PTG200toInf.root
2026-04-16 17:32:39,189 - INFO - [2023BPix] MISSING_CENTRAL: SR3Mu/Central/bjets/3/eta in Skim_TriLep_TTWToLNu.root
2026-04-16 17:32:39,220 - INFO - [2023BPix] MISSING_CENTRAL: SR3Mu/Central/bjets/3/eta in Skim_TriLep_WZTo3LNu_powheg.root
2026-04-16 17:32:39,228 - INFO - [2023BPix] MISSING_CENTRAL: SR3Mu/Central/bjets/3/eta in Skim_TriLep_tHq.root
2026-04-16 17:32:39,229 - INFO - [2023BPix] MISSING_CENTRAL: SR3Mu/Central/bjets/3/eta in Skim_TriLep_WWW.root
2026-04-16 17:32:39,230 - INFO - [2023BPix] MISSING_CENTRAL: SR3Mu/Central/bjets/3/eta in Skim_TriLep_WWZ.root
2026-04-16 17:32:39,231 - INFO - [2023BPix] MISSING_CENTRAL: SR3Mu/Central/bjets/3/eta in Skim_TriLep_WZZ.root
2026-04-16 17:32:39,233 - INFO - [2023BPix] MISSING_CENTRAL: SR3Mu/Central/bjets/3/eta in Skim_TriLep_ZZZ.root
2026-04-16 17:32:39,241 - INFO - [2023BPix] MISSING_CENTRAL: SR3Mu/Central/bjets/3/eta in Skim_TriLep_VBFHToZZTo4L.root
2026-04-16 17:32:39,242 - INFO - [2023BPix] MISSING_CENTRAL: SR3Mu/Central/bjets/3/eta in Skim_TriLep_ggHToZZTo4L.root
2026-04-16 17:42:53,767 - INFO - [2022] MISSING_CENTRAL: SR3Mu/Central/bjets/3/eta in Skim_TriLep_DoubleMuon_C.root
2026-04-16 17:42:53,810 - INFO - [2022] MISSING_CENTRAL: SR3Mu/Central/bjets/3/eta in Skim_TriLep_Muon_D.root
2026-04-16 17:42:53,834 - INFO - [2022EE] MISSING_CENTRAL: SR3Mu/Central/bjets/3/eta in Skim_TriLep_Muon_G.root
2026-04-16 17:42:53,845 - INFO - [2023] MISSING_CENTRAL: SR3Mu/Central/bjets/3/eta in Skim_TriLep_Muon0_C_v1.root
2026-04-16 17:42:53,845 - INFO - [2023] MISSING_CENTRAL: SR3Mu/Central/bjets/3/eta in Skim_TriLep_Muon0_C_v2.root
2026-04-16 17:42:53,846 - INFO - [2023] MISSING_CENTRAL: SR3Mu/Central/bjets/3/eta in Skim_TriLep_Muon0_C_v3.root
2026-04-16 17:42:53,847 - INFO - [2023] MISSING_CENTRAL: SR3Mu/Central/bjets/3/eta in Skim_TriLep_Muon0_C_v4.root
2026-04-16 17:42:53,847 - INFO - [2023] MISSING_CENTRAL: SR3Mu/Central/bjets/3/eta in Skim_TriLep_Muon1_C_v1.root
2026-04-16 17:42:53,848 - INFO - [2023] MISSING_CENTRAL: SR3Mu/Central/bjets/3/eta in Skim_TriLep_Muon1_C_v2.root
2026-04-16 17:42:53,848 - INFO - [2023] MISSING_CENTRAL: SR3Mu/Central/bjets/3/eta in Skim_TriLep_Muon1_C_v3.root
2026-04-16 17:42:53,848 - INFO - [2023] MISSING_CENTRAL: SR3Mu/Central/bjets/3/eta in Skim_TriLep_Muon1_C_v4.root
2026-04-16 17:42:53,849 - INFO - [2023BPix] MISSING_CENTRAL: SR3Mu/Central/bjets/3/eta in Skim_TriLep_Muon0_D_v2.root
2026-04-16 17:42:53,850 - INFO - [2023BPix] MISSING_CENTRAL: SR3Mu/Central/bjets/3/eta in Skim_TriLep_Muon1_D_v1.root
2026-04-16 17:42:53,850 - INFO - [2023BPix] MISSING_CENTRAL: SR3Mu/Central/bjets/3/eta in Skim_TriLep_Muon1_D_v2.root
2026-04-16 17:42:53,854 - INFO - [2022] MISSING_CENTRAL: SR3Mu/Central/bjets/3/eta in Skim_TriLep_DoubleMuon_C.root
2026-04-16 17:42:53,857 - INFO - [2022] MISSING_CENTRAL: SR3Mu/Central/bjets/3/eta in Skim_TriLep_Muon_D.root
2026-04-16 17:42:53,858 - INFO - [2022] MISSING_CENTRAL: SR3Mu/Central/bjets/3/eta in Skim_TriLep_DYJets.root
2026-04-16 17:42:53,858 - INFO - [2022] MISSING_CENTRAL: SR3Mu/Central/bjets/3/eta in Skim_TriLep_DYJets10to50.root
2026-04-16 17:42:53,859 - INFO - [2022] MISSING_CENTRAL: SR3Mu/Central/bjets/3/eta in Skim_TriLep_TTG_PTG10to100.root
2026-04-16 17:42:53,859 - INFO - [2022] MISSING_CENTRAL: SR3Mu/Central/bjets/3/eta in Skim_TriLep_TTG_PTG100to200.root
2026-04-16 17:42:53,860 - INFO - [2022] MISSING_CENTRAL: SR3Mu/Central/bjets/3/eta in Skim_TriLep_TTG_PTG200toInf.root
2026-04-16 17:42:53,862 - INFO - [2022] MISSING_CENTRAL: SR3Mu/Central/bjets/3/eta in Skim_TriLep_TTWToLNu.root
2026-04-16 17:42:53,900 - INFO - [2022] MISSING_CENTRAL: SR3Mu/Central/bjets/3/eta in Skim_TriLep_WZTo3LNu_powheg.root
2026-04-16 17:42:53,901 - INFO - [2022] MISSING_CENTRAL: SR3Mu/Central/bjets/3/eta in Skim_TriLep_ZZTo4L_powheg.root
2026-04-16 17:42:53,908 - INFO - [2022] MISSING_CENTRAL: SR3Mu/Central/bjets/3/eta in Skim_TriLep_WWW.root
2026-04-16 17:42:53,909 - INFO - [2022] MISSING_CENTRAL: SR3Mu/Central/bjets/3/eta in Skim_TriLep_WWZ.root
2026-04-16 17:42:53,909 - INFO - [2022] MISSING_CENTRAL: SR3Mu/Central/bjets/3/eta in Skim_TriLep_WZZ.root
2026-04-16 17:42:53,924 - INFO - [2022] MISSING_CENTRAL: SR3Mu/Central/bjets/3/eta in Skim_TriLep_VBFHToZZTo4L.root
2026-04-16 17:42:53,924 - INFO - [2022] MISSING_CENTRAL: SR3Mu/Central/bjets/3/eta in Skim_TriLep_ggHToZZTo4L.root
2026-04-16 17:42:53,925 - INFO - [2022EE] MISSING_CENTRAL: SR3Mu/Central/bjets/3/eta in Skim_TriLep_Muon_E.root
2026-04-16 17:42:53,927 - INFO - [2022EE] MISSING_CENTRAL: SR3Mu/Central/bjets/3/eta in Skim_TriLep_DYJets.root
2026-04-16 17:42:53,927 - INFO - [2022EE] MISSING_CENTRAL: SR3Mu/Central/bjets/3/eta in Skim_TriLep_DYJets10to50.root
2026-04-16 17:42:53,928 - INFO - [2022EE] MISSING_CENTRAL: SR3Mu/Central/bjets/3/eta in Skim_TriLep_TTG_PTG10to100.root
2026-04-16 17:42:53,929 - INFO - [2022EE] MISSING_CENTRAL: SR3Mu/Central/bjets/3/eta in Skim_TriLep_TTG_PTG100to200.root
2026-04-16 17:42:53,929 - INFO - [2022EE] MISSING_CENTRAL: SR3Mu/Central/bjets/3/eta in Skim_TriLep_TTG_PTG200toInf.root
2026-04-16 17:42:53,965 - INFO - [2022EE] MISSING_CENTRAL: SR3Mu/Central/bjets/3/eta in Skim_TriLep_WZTo3LNu_powheg.root
2026-04-16 17:42:53,979 - INFO - [2022EE] MISSING_CENTRAL: SR3Mu/Central/bjets/3/eta in Skim_TriLep_WWW.root
2026-04-16 17:42:53,980 - INFO - [2022EE] MISSING_CENTRAL: SR3Mu/Central/bjets/3/eta in Skim_TriLep_WWZ.root
2026-04-16 17:42:54,003 - INFO - [2022EE] MISSING_CENTRAL: SR3Mu/Central/bjets/3/eta in Skim_TriLep_VBFHToZZTo4L.root
2026-04-16 17:42:54,004 - INFO - [2022EE] MISSING_CENTRAL: SR3Mu/Central/bjets/3/eta in Skim_TriLep_ggHToZZTo4L.root
2026-04-16 17:42:54,006 - INFO - [2023] MISSING_CENTRAL: SR3Mu/Central/bjets/3/eta in Skim_TriLep_Muon0_C_v2.root
2026-04-16 17:42:54,006 - INFO - [2023] MISSING_CENTRAL: SR3Mu/Central/bjets/3/eta in Skim_TriLep_Muon0_C_v3.root
2026-04-16 17:42:54,007 - INFO - [2023] MISSING_CENTRAL: SR3Mu/Central/bjets/3/eta in Skim_TriLep_Muon1_C_v1.root
2026-04-16 17:42:54,008 - INFO - [2023] MISSING_CENTRAL: SR3Mu/Central/bjets/3/eta in Skim_TriLep_Muon1_C_v2.root
2026-04-16 17:42:54,009 - INFO - [2023] MISSING_CENTRAL: SR3Mu/Central/bjets/3/eta in Skim_TriLep_Muon1_C_v3.root
2026-04-16 17:42:54,009 - INFO - [2023] MISSING_CENTRAL: SR3Mu/Central/bjets/3/eta in Skim_TriLep_Muon1_C_v4.root
2026-04-16 17:42:54,011 - INFO - [2023] MISSING_CENTRAL: SR3Mu/Central/bjets/3/eta in Skim_TriLep_DYJets.root
2026-04-16 17:42:54,011 - INFO - [2023] MISSING_CENTRAL: SR3Mu/Central/bjets/3/eta in Skim_TriLep_DYJets10to50.root
2026-04-16 17:42:54,012 - INFO - [2023] MISSING_CENTRAL: SR3Mu/Central/bjets/3/eta in Skim_TriLep_TTG_PTG10to100.root
2026-04-16 17:42:54,013 - INFO - [2023] MISSING_CENTRAL: SR3Mu/Central/bjets/3/eta in Skim_TriLep_TTG_PTG100to200.root
2026-04-16 17:42:54,013 - INFO - [2023] MISSING_CENTRAL: SR3Mu/Central/bjets/3/eta in Skim_TriLep_TTG_PTG200toInf.root
2026-04-16 17:42:54,052 - INFO - [2023] MISSING_CENTRAL: SR3Mu/Central/bjets/3/eta in Skim_TriLep_WZTo3LNu_powheg.root
2026-04-16 17:42:54,061 - INFO - [2023] MISSING_CENTRAL: SR3Mu/Central/bjets/3/eta in Skim_TriLep_tHq.root
2026-04-16 17:42:54,062 - INFO - [2023] MISSING_CENTRAL: SR3Mu/Central/bjets/3/eta in Skim_TriLep_WWW.root
2026-04-16 17:42:54,063 - INFO - [2023] MISSING_CENTRAL: SR3Mu/Central/bjets/3/eta in Skim_TriLep_WWZ.root
2026-04-16 17:42:54,063 - INFO - [2023] MISSING_CENTRAL: SR3Mu/Central/bjets/3/eta in Skim_TriLep_WZZ.root
2026-04-16 17:42:54,064 - INFO - [2023] MISSING_CENTRAL: SR3Mu/Central/bjets/3/eta in Skim_TriLep_ZZZ.root
2026-04-16 17:42:54,074 - INFO - [2023] MISSING_CENTRAL: SR3Mu/Central/bjets/3/eta in Skim_TriLep_VBFHToZZTo4L.root
2026-04-16 17:42:54,075 - INFO - [2023] MISSING_CENTRAL: SR3Mu/Central/bjets/3/eta in Skim_TriLep_ggHToZZTo4L.root
2026-04-16 17:42:54,075 - INFO - [2023BPix] MISSING_CENTRAL: SR3Mu/Central/bjets/3/eta in Skim_TriLep_Muon0_D_v1.root
2026-04-16 17:42:54,076 - INFO - [2023BPix] MISSING_CENTRAL: SR3Mu/Central/bjets/3/eta in Skim_TriLep_Muon0_D_v2.root
2026-04-16 17:42:54,077 - INFO - [2023BPix] MISSING_CENTRAL: SR3Mu/Central/bjets/3/eta in Skim_TriLep_Muon1_D_v1.root
2026-04-16 17:42:54,077 - INFO - [2023BPix] MISSING_CENTRAL: SR3Mu/Central/bjets/3/eta in Skim_TriLep_Muon1_D_v2.root
2026-04-16 17:42:54,078 - INFO - [2023BPix] MISSING_CENTRAL: SR3Mu/Central/bjets/3/eta in Skim_TriLep_DYJets.root
2026-04-16 17:42:54,079 - INFO - [2023BPix] MISSING_CENTRAL: SR3Mu/Central/bjets/3/eta in Skim_TriLep_DYJets10to50.root
2026-04-16 17:42:54,080 - INFO - [2023BPix] MISSING_CENTRAL: SR3Mu/Central/bjets/3/eta in Skim_TriLep_TTG_PTG10to100.root
2026-04-16 17:42:54,080 - INFO - [2023BPix] MISSING_CENTRAL: SR3Mu/Central/bjets/3/eta in Skim_TriLep_TTG_PTG100to200.root
2026-04-16 17:42:54,081 - INFO - [2023BPix] MISSING_CENTRAL: SR3Mu/Central/bjets/3/eta in Skim_TriLep_TTG_PTG200toInf.root
2026-04-16 17:42:54,082 - INFO - [2023BPix] MISSING_CENTRAL: SR3Mu/Central/bjets/3/eta in Skim_TriLep_TTWToLNu.root
2026-04-16 17:42:54,117 - INFO - [2023BPix] MISSING_CENTRAL: SR3Mu/Central/bjets/3/eta in Skim_TriLep_WZTo3LNu_powheg.root
2026-04-16 17:42:54,126 - INFO - [2023BPix] MISSING_CENTRAL: SR3Mu/Central/bjets/3/eta in Skim_TriLep_tHq.root
2026-04-16 17:42:54,127 - INFO - [2023BPix] MISSING_CENTRAL: SR3Mu/Central/bjets/3/eta in Skim_TriLep_WWW.root
2026-04-16 17:42:54,128 - INFO - [2023BPix] MISSING_CENTRAL: SR3Mu/Central/bjets/3/eta in Skim_TriLep_WWZ.root
2026-04-16 17:42:54,128 - INFO - [2023BPix] MISSING_CENTRAL: SR3Mu/Central/bjets/3/eta in Skim_TriLep_WZZ.root
2026-04-16 17:42:54,129 - INFO - [2023BPix] MISSING_CENTRAL: SR3Mu/Central/bjets/3/eta in Skim_TriLep_ZZZ.root
2026-04-16 17:42:54,138 - INFO - [2023BPix] MISSING_CENTRAL: SR3Mu/Central/bjets/3/eta in Skim_TriLep_VBFHToZZTo4L.root
2026-04-16 17:42:54,139 - INFO - [2023BPix] MISSING_CENTRAL: SR3Mu/Central/bjets/3/eta in Skim_TriLep_ggHToZZTo4L.root
2026-04-28 15:13:17,962 - INFO - [2022] MISSING_CENTRAL: SR3Mu/Central/bjets/3/eta in Skim_TriLep_DoubleMuon_C.root
2026-04-28 15:13:18,001 - INFO - [2022] MISSING_CENTRAL: SR3Mu/Central/bjets/3/eta in Skim_TriLep_Muon_D.root
2026-04-28 15:13:18,021 - INFO - [2022EE] MISSING_CENTRAL: SR3Mu/Central/bjets/3/eta in Skim_TriLep_Muon_G.root
2026-04-28 15:13:18,030 - INFO - [2023] MISSING_CENTRAL: SR3Mu/Central/bjets/3/eta in Skim_TriLep_Muon0_C_v1.root
2026-04-28 15:13:18,031 - INFO - [2023] MISSING_CENTRAL: SR3Mu/Central/bjets/3/eta in Skim_TriLep_Muon0_C_v2.root
2026-04-28 15:13:18,031 - INFO - [2023] MISSING_CENTRAL: SR3Mu/Central/bjets/3/eta in Skim_TriLep_Muon0_C_v3.root
2026-04-28 15:13:18,032 - INFO - [2023] MISSING_CENTRAL: SR3Mu/Central/bjets/3/eta in Skim_TriLep_Muon0_C_v4.root
2026-04-28 15:13:18,032 - INFO - [2023] MISSING_CENTRAL: SR3Mu/Central/bjets/3/eta in Skim_TriLep_Muon1_C_v1.root
2026-04-28 15:13:18,033 - INFO - [2023] MISSING_CENTRAL: SR3Mu/Central/bjets/3/eta in Skim_TriLep_Muon1_C_v2.root
2026-04-28 15:13:18,033 - INFO - [2023] MISSING_CENTRAL: SR3Mu/Central/bjets/3/eta in Skim_TriLep_Muon1_C_v3.root
2026-04-28 15:13:18,033 - INFO - [2023] MISSING_CENTRAL: SR3Mu/Central/bjets/3/eta in Skim_TriLep_Muon1_C_v4.root
2026-04-28 15:13:18,034 - INFO - [2023BPix] MISSING_CENTRAL: SR3Mu/Central/bjets/3/eta in Skim_TriLep_Muon0_D_v2.root
2026-04-28 15:13:18,035 - INFO - [2023BPix] MISSING_CENTRAL: SR3Mu/Central/bjets/3/eta in Skim_TriLep_Muon1_D_v1.root
2026-04-28 15:13:18,035 - INFO - [2023BPix] MISSING_CENTRAL: SR3Mu/Central/bjets/3/eta in Skim_TriLep_Muon1_D_v2.root
2026-04-28 15:13:18,039 - INFO - [2022] MISSING_CENTRAL: SR3Mu/Central/bjets/3/eta in Skim_TriLep_DoubleMuon_C.root
2026-04-28 15:13:18,043 - INFO - [2022] MISSING_CENTRAL: SR3Mu/Central/bjets/3/eta in Skim_TriLep_Muon_D.root
2026-04-28 15:13:18,044 - INFO - [2022] MISSING_CENTRAL: SR3Mu/Central/bjets/3/eta in Skim_TriLep_DYJets.root
2026-04-28 15:13:18,044 - INFO - [2022] MISSING_CENTRAL: SR3Mu/Central/bjets/3/eta in Skim_TriLep_DYJets10to50.root
2026-04-28 15:13:18,045 - INFO - [2022] MISSING_CENTRAL: SR3Mu/Central/bjets/3/eta in Skim_TriLep_TTG_PTG10to100.root
2026-04-28 15:13:18,046 - INFO - [2022] MISSING_CENTRAL: SR3Mu/Central/bjets/3/eta in Skim_TriLep_TTG_PTG100to200.root
2026-04-28 15:13:18,046 - INFO - [2022] MISSING_CENTRAL: SR3Mu/Central/bjets/3/eta in Skim_TriLep_TTG_PTG200toInf.root
2026-04-28 15:13:18,048 - INFO - [2022] MISSING_CENTRAL: SR3Mu/Central/bjets/3/eta in Skim_TriLep_TTWToLNu.root
2026-04-28 15:13:18,084 - INFO - [2022] MISSING_CENTRAL: SR3Mu/Central/bjets/3/eta in Skim_TriLep_WZTo3LNu_powheg.root
2026-04-28 15:13:18,085 - INFO - [2022] MISSING_CENTRAL: SR3Mu/Central/bjets/3/eta in Skim_TriLep_ZZTo4L_powheg.root
2026-04-28 15:13:18,091 - INFO - [2022] MISSING_CENTRAL: SR3Mu/Central/bjets/3/eta in Skim_TriLep_WWW.root
2026-04-28 15:13:18,092 - INFO - [2022] MISSING_CENTRAL: SR3Mu/Central/bjets/3/eta in Skim_TriLep_WWZ.root
2026-04-28 15:13:18,092 - INFO - [2022] MISSING_CENTRAL: SR3Mu/Central/bjets/3/eta in Skim_TriLep_WZZ.root
2026-04-28 15:13:18,105 - INFO - [2022] MISSING_CENTRAL: SR3Mu/Central/bjets/3/eta in Skim_TriLep_VBFHToZZTo4L.root
2026-04-28 15:13:18,106 - INFO - [2022] MISSING_CENTRAL: SR3Mu/Central/bjets/3/eta in Skim_TriLep_ggHToZZTo4L.root
2026-04-28 15:13:18,107 - INFO - [2022EE] MISSING_CENTRAL: SR3Mu/Central/bjets/3/eta in Skim_TriLep_Muon_E.root
2026-04-28 15:13:18,108 - INFO - [2022EE] MISSING_CENTRAL: SR3Mu/Central/bjets/3/eta in Skim_TriLep_DYJets.root
2026-04-28 15:13:18,109 - INFO - [2022EE] MISSING_CENTRAL: SR3Mu/Central/bjets/3/eta in Skim_TriLep_DYJets10to50.root
2026-04-28 15:13:18,109 - INFO - [2022EE] MISSING_CENTRAL: SR3Mu/Central/bjets/3/eta in Skim_TriLep_TTG_PTG10to100.root
2026-04-28 15:13:18,110 - INFO - [2022EE] MISSING_CENTRAL: SR3Mu/Central/bjets/3/eta in Skim_TriLep_TTG_PTG100to200.root
2026-04-28 15:13:18,110 - INFO - [2022EE] MISSING_CENTRAL: SR3Mu/Central/bjets/3/eta in Skim_TriLep_TTG_PTG200toInf.root
2026-04-28 15:13:18,145 - INFO - [2022EE] MISSING_CENTRAL: SR3Mu/Central/bjets/3/eta in Skim_TriLep_WZTo3LNu_powheg.root
2026-04-28 15:13:18,159 - INFO - [2022EE] MISSING_CENTRAL: SR3Mu/Central/bjets/3/eta in Skim_TriLep_WWW.root
2026-04-28 15:13:18,160 - INFO - [2022EE] MISSING_CENTRAL: SR3Mu/Central/bjets/3/eta in Skim_TriLep_WWZ.root
2026-04-28 15:13:18,181 - INFO - [2022EE] MISSING_CENTRAL: SR3Mu/Central/bjets/3/eta in Skim_TriLep_VBFHToZZTo4L.root
2026-04-28 15:13:18,182 - INFO - [2022EE] MISSING_CENTRAL: SR3Mu/Central/bjets/3/eta in Skim_TriLep_ggHToZZTo4L.root
2026-04-28 15:13:18,183 - INFO - [2023] MISSING_CENTRAL: SR3Mu/Central/bjets/3/eta in Skim_TriLep_Muon0_C_v2.root
2026-04-28 15:13:18,183 - INFO - [2023] MISSING_CENTRAL: SR3Mu/Central/bjets/3/eta in Skim_TriLep_Muon0_C_v3.root
2026-04-28 15:13:18,184 - INFO - [2023] MISSING_CENTRAL: SR3Mu/Central/bjets/3/eta in Skim_TriLep_Muon1_C_v1.root
2026-04-28 15:13:18,185 - INFO - [2023] MISSING_CENTRAL: SR3Mu/Central/bjets/3/eta in Skim_TriLep_Muon1_C_v2.root
2026-04-28 15:13:18,185 - INFO - [2023] MISSING_CENTRAL: SR3Mu/Central/bjets/3/eta in Skim_TriLep_Muon1_C_v3.root
2026-04-28 15:13:18,186 - INFO - [2023] MISSING_CENTRAL: SR3Mu/Central/bjets/3/eta in Skim_TriLep_Muon1_C_v4.root
2026-04-28 15:13:18,187 - INFO - [2023] MISSING_CENTRAL: SR3Mu/Central/bjets/3/eta in Skim_TriLep_DYJets.root
2026-04-28 15:13:18,187 - INFO - [2023] MISSING_CENTRAL: SR3Mu/Central/bjets/3/eta in Skim_TriLep_DYJets10to50.root
2026-04-28 15:13:18,188 - INFO - [2023] MISSING_CENTRAL: SR3Mu/Central/bjets/3/eta in Skim_TriLep_TTG_PTG10to100.root
2026-04-28 15:13:18,188 - INFO - [2023] MISSING_CENTRAL: SR3Mu/Central/bjets/3/eta in Skim_TriLep_TTG_PTG100to200.root
2026-04-28 15:13:18,189 - INFO - [2023] MISSING_CENTRAL: SR3Mu/Central/bjets/3/eta in Skim_TriLep_TTG_PTG200toInf.root
2026-04-28 15:13:18,224 - INFO - [2023] MISSING_CENTRAL: SR3Mu/Central/bjets/3/eta in Skim_TriLep_WZTo3LNu_powheg.root
2026-04-28 15:13:18,232 - INFO - [2023] MISSING_CENTRAL: SR3Mu/Central/bjets/3/eta in Skim_TriLep_tHq.root
2026-04-28 15:13:18,232 - INFO - [2023] MISSING_CENTRAL: SR3Mu/Central/bjets/3/eta in Skim_TriLep_WWW.root
2026-04-28 15:13:18,233 - INFO - [2023] MISSING_CENTRAL: SR3Mu/Central/bjets/3/eta in Skim_TriLep_WWZ.root
2026-04-28 15:13:18,234 - INFO - [2023] MISSING_CENTRAL: SR3Mu/Central/bjets/3/eta in Skim_TriLep_WZZ.root
2026-04-28 15:13:18,234 - INFO - [2023] MISSING_CENTRAL: SR3Mu/Central/bjets/3/eta in Skim_TriLep_ZZZ.root
2026-04-28 15:13:18,243 - INFO - [2023] MISSING_CENTRAL: SR3Mu/Central/bjets/3/eta in Skim_TriLep_VBFHToZZTo4L.root
2026-04-28 15:13:18,244 - INFO - [2023] MISSING_CENTRAL: SR3Mu/Central/bjets/3/eta in Skim_TriLep_ggHToZZTo4L.root
2026-04-28 15:13:18,244 - INFO - [2023BPix] MISSING_CENTRAL: SR3Mu/Central/bjets/3/eta in Skim_TriLep_Muon0_D_v1.root
2026-04-28 15:13:18,245 - INFO - [2023BPix] MISSING_CENTRAL: SR3Mu/Central/bjets/3/eta in Skim_TriLep_Muon0_D_v2.root
2026-04-28 15:13:18,245 - INFO - [2023BPix] MISSING_CENTRAL: SR3Mu/Central/bjets/3/eta in Skim_TriLep_Muon1_D_v1.root
2026-04-28 15:13:18,246 - INFO - [2023BPix] MISSING_CENTRAL: SR3Mu/Central/bjets/3/eta in Skim_TriLep_Muon1_D_v2.root
2026-04-28 15:13:18,246 - INFO - [2023BPix] MISSING_CENTRAL: SR3Mu/Central/bjets/3/eta in Skim_TriLep_DYJets.root
2026-04-28 15:13:18,247 - INFO - [2023BPix] MISSING_CENTRAL: SR3Mu/Central/bjets/3/eta in Skim_TriLep_DYJets10to50.root
2026-04-28 15:13:18,247 - INFO - [2023BPix] MISSING_CENTRAL: SR3Mu/Central/bjets/3/eta in Skim_TriLep_TTG_PTG10to100.root
2026-04-28 15:13:18,248 - INFO - [2023BPix] MISSING_CENTRAL: SR3Mu/Central/bjets/3/eta in Skim_TriLep_TTG_PTG100to200.root
2026-04-28 15:13:18,249 - INFO - [2023BPix] MISSING_CENTRAL: SR3Mu/Central/bjets/3/eta in Skim_TriLep_TTG_PTG200toInf.root
2026-04-28 15:13:18,249 - INFO - [2023BPix] MISSING_CENTRAL: SR3Mu/Central/bjets/3/eta in Skim_TriLep_TTWToLNu.root
2026-04-28 15:13:18,278 - INFO - [2023BPix] MISSING_CENTRAL: SR3Mu/Central/bjets/3/eta in Skim_TriLep_WZTo3LNu_powheg.root
2026-04-28 15:13:18,289 - INFO - [2023BPix] MISSING_CENTRAL: SR3Mu/Central/bjets/3/eta in Skim_TriLep_tHq.root
2026-04-28 15:13:18,290 - INFO - [2023BPix] MISSING_CENTRAL: SR3Mu/Central/bjets/3/eta in Skim_TriLep_WWW.root
2026-04-28 15:13:18,290 - INFO - [2023BPix] MISSING_CENTRAL: SR3Mu/Central/bjets/3/eta in Skim_TriLep_WWZ.root
2026-04-28 15:13:18,291 - INFO - [2023BPix] MISSING_CENTRAL: SR3Mu/Central/bjets/3/eta in Skim_TriLep_WZZ.root
2026-04-28 15:13:18,292 - INFO - [2023BPix] MISSING_CENTRAL: SR3Mu/Central/bjets/3/eta in Skim_TriLep_ZZZ.root
2026-04-28 15:13:18,300 - INFO - [2023BPix] MISSING_CENTRAL: SR3Mu/Central/bjets/3/eta in Skim_TriLep_VBFHToZZTo4L.root
2026-04-28 15:13:18,301 - INFO - [2023BPix] MISSING_CENTRAL: SR3Mu/Central/bjets/3/eta in Skim_TriLep_ggHToZZTo4L.root
2026-04-28 15:19:34,076 - INFO - [2022] MISSING_CENTRAL: SR3Mu/Central/bjets/3/eta in Skim_TriLep_DoubleMuon_C.root
2026-04-28 15:19:34,120 - INFO - [2022] MISSING_CENTRAL: SR3Mu/Central/bjets/3/eta in Skim_TriLep_Muon_D.root
2026-04-28 15:19:34,142 - INFO - [2022EE] MISSING_CENTRAL: SR3Mu/Central/bjets/3/eta in Skim_TriLep_Muon_G.root
2026-04-28 15:19:34,152 - INFO - [2023] MISSING_CENTRAL: SR3Mu/Central/bjets/3/eta in Skim_TriLep_Muon0_C_v1.root
2026-04-28 15:19:34,152 - INFO - [2023] MISSING_CENTRAL: SR3Mu/Central/bjets/3/eta in Skim_TriLep_Muon0_C_v2.root
2026-04-28 15:19:34,153 - INFO - [2023] MISSING_CENTRAL: SR3Mu/Central/bjets/3/eta in Skim_TriLep_Muon0_C_v3.root
2026-04-28 15:19:34,153 - INFO - [2023] MISSING_CENTRAL: SR3Mu/Central/bjets/3/eta in Skim_TriLep_Muon0_C_v4.root
2026-04-28 15:19:34,154 - INFO - [2023] MISSING_CENTRAL: SR3Mu/Central/bjets/3/eta in Skim_TriLep_Muon1_C_v1.root
2026-04-28 15:19:34,154 - INFO - [2023] MISSING_CENTRAL: SR3Mu/Central/bjets/3/eta in Skim_TriLep_Muon1_C_v2.root
2026-04-28 15:19:34,155 - INFO - [2023] MISSING_CENTRAL: SR3Mu/Central/bjets/3/eta in Skim_TriLep_Muon1_C_v3.root
2026-04-28 15:19:34,155 - INFO - [2023] MISSING_CENTRAL: SR3Mu/Central/bjets/3/eta in Skim_TriLep_Muon1_C_v4.root
2026-04-28 15:19:34,156 - INFO - [2023BPix] MISSING_CENTRAL: SR3Mu/Central/bjets/3/eta in Skim_TriLep_Muon0_D_v2.root
2026-04-28 15:19:34,157 - INFO - [2023BPix] MISSING_CENTRAL: SR3Mu/Central/bjets/3/eta in Skim_TriLep_Muon1_D_v1.root
2026-04-28 15:19:34,157 - INFO - [2023BPix] MISSING_CENTRAL: SR3Mu/Central/bjets/3/eta in Skim_TriLep_Muon1_D_v2.root
2026-04-28 15:19:34,162 - INFO - [2022] MISSING_CENTRAL: SR3Mu/Central/bjets/3/eta in Skim_TriLep_DoubleMuon_C.root
2026-04-28 15:19:34,166 - INFO - [2022] MISSING_CENTRAL: SR3Mu/Central/bjets/3/eta in Skim_TriLep_Muon_D.root
2026-04-28 15:19:34,167 - INFO - [2022] MISSING_CENTRAL: SR3Mu/Central/bjets/3/eta in Skim_TriLep_DYJets.root
2026-04-28 15:19:34,167 - INFO - [2022] MISSING_CENTRAL: SR3Mu/Central/bjets/3/eta in Skim_TriLep_DYJets10to50.root
2026-04-28 15:19:34,168 - INFO - [2022] MISSING_CENTRAL: SR3Mu/Central/bjets/3/eta in Skim_TriLep_TTG_PTG10to100.root
2026-04-28 15:19:34,169 - INFO - [2022] MISSING_CENTRAL: SR3Mu/Central/bjets/3/eta in Skim_TriLep_TTG_PTG100to200.root
2026-04-28 15:19:34,169 - INFO - [2022] MISSING_CENTRAL: SR3Mu/Central/bjets/3/eta in Skim_TriLep_TTG_PTG200toInf.root
2026-04-28 15:19:34,171 - INFO - [2022] MISSING_CENTRAL: SR3Mu/Central/bjets/3/eta in Skim_TriLep_TTWToLNu.root
2026-04-28 15:19:34,209 - INFO - [2022] MISSING_CENTRAL: SR3Mu/Central/bjets/3/eta in Skim_TriLep_WZTo3LNu_powheg.root
2026-04-28 15:19:34,210 - INFO - [2022] MISSING_CENTRAL: SR3Mu/Central/bjets/3/eta in Skim_TriLep_ZZTo4L_powheg.root
2026-04-28 15:19:34,218 - INFO - [2022] MISSING_CENTRAL: SR3Mu/Central/bjets/3/eta in Skim_TriLep_WWW.root
2026-04-28 15:19:34,219 - INFO - [2022] MISSING_CENTRAL: SR3Mu/Central/bjets/3/eta in Skim_TriLep_WWZ.root
2026-04-28 15:19:34,219 - INFO - [2022] MISSING_CENTRAL: SR3Mu/Central/bjets/3/eta in Skim_TriLep_WZZ.root
2026-04-28 15:19:34,235 - INFO - [2022] MISSING_CENTRAL: SR3Mu/Central/bjets/3/eta in Skim_TriLep_VBFHToZZTo4L.root
2026-04-28 15:19:34,235 - INFO - [2022] MISSING_CENTRAL: SR3Mu/Central/bjets/3/eta in Skim_TriLep_ggHToZZTo4L.root
2026-04-28 15:19:34,236 - INFO - [2022EE] MISSING_CENTRAL: SR3Mu/Central/bjets/3/eta in Skim_TriLep_Muon_E.root
2026-04-28 15:19:34,238 - INFO - [2022EE] MISSING_CENTRAL: SR3Mu/Central/bjets/3/eta in Skim_TriLep_DYJets.root
2026-04-28 15:19:34,239 - INFO - [2022EE] MISSING_CENTRAL: SR3Mu/Central/bjets/3/eta in Skim_TriLep_DYJets10to50.root
2026-04-28 15:19:34,239 - INFO - [2022EE] MISSING_CENTRAL: SR3Mu/Central/bjets/3/eta in Skim_TriLep_TTG_PTG10to100.root
2026-04-28 15:19:34,240 - INFO - [2022EE] MISSING_CENTRAL: SR3Mu/Central/bjets/3/eta in Skim_TriLep_TTG_PTG100to200.root
2026-04-28 15:19:34,241 - INFO - [2022EE] MISSING_CENTRAL: SR3Mu/Central/bjets/3/eta in Skim_TriLep_TTG_PTG200toInf.root
2026-04-28 15:19:34,276 - INFO - [2022EE] MISSING_CENTRAL: SR3Mu/Central/bjets/3/eta in Skim_TriLep_WZTo3LNu_powheg.root
2026-04-28 15:19:34,291 - INFO - [2022EE] MISSING_CENTRAL: SR3Mu/Central/bjets/3/eta in Skim_TriLep_WWW.root
2026-04-28 15:19:34,291 - INFO - [2022EE] MISSING_CENTRAL: SR3Mu/Central/bjets/3/eta in Skim_TriLep_WWZ.root
2026-04-28 15:19:34,313 - INFO - [2022EE] MISSING_CENTRAL: SR3Mu/Central/bjets/3/eta in Skim_TriLep_VBFHToZZTo4L.root
2026-04-28 15:19:34,314 - INFO - [2022EE] MISSING_CENTRAL: SR3Mu/Central/bjets/3/eta in Skim_TriLep_ggHToZZTo4L.root
2026-04-28 15:19:34,315 - INFO - [2023] MISSING_CENTRAL: SR3Mu/Central/bjets/3/eta in Skim_TriLep_Muon0_C_v2.root
2026-04-28 15:19:34,315 - INFO - [2023] MISSING_CENTRAL: SR3Mu/Central/bjets/3/eta in Skim_TriLep_Muon0_C_v3.root
2026-04-28 15:19:34,316 - INFO - [2023] MISSING_CENTRAL: SR3Mu/Central/bjets/3/eta in Skim_TriLep_Muon1_C_v1.root
2026-04-28 15:19:34,317 - INFO - [2023] MISSING_CENTRAL: SR3Mu/Central/bjets/3/eta in Skim_TriLep_Muon1_C_v2.root
2026-04-28 15:19:34,318 - INFO - [2023] MISSING_CENTRAL: SR3Mu/Central/bjets/3/eta in Skim_TriLep_Muon1_C_v3.root
2026-04-28 15:19:34,318 - INFO - [2023] MISSING_CENTRAL: SR3Mu/Central/bjets/3/eta in Skim_TriLep_Muon1_C_v4.root
2026-04-28 15:19:34,319 - INFO - [2023] MISSING_CENTRAL: SR3Mu/Central/bjets/3/eta in Skim_TriLep_DYJets.root
2026-04-28 15:19:34,320 - INFO - [2023] MISSING_CENTRAL: SR3Mu/Central/bjets/3/eta in Skim_TriLep_DYJets10to50.root
2026-04-28 15:19:34,320 - INFO - [2023] MISSING_CENTRAL: SR3Mu/Central/bjets/3/eta in Skim_TriLep_TTG_PTG10to100.root
2026-04-28 15:19:34,321 - INFO - [2023] MISSING_CENTRAL: SR3Mu/Central/bjets/3/eta in Skim_TriLep_TTG_PTG100to200.root
2026-04-28 15:19:34,322 - INFO - [2023] MISSING_CENTRAL: SR3Mu/Central/bjets/3/eta in Skim_TriLep_TTG_PTG200toInf.root
2026-04-28 15:19:34,359 - INFO - [2023] MISSING_CENTRAL: SR3Mu/Central/bjets/3/eta in Skim_TriLep_WZTo3LNu_powheg.root
2026-04-28 15:19:34,366 - INFO - [2023] MISSING_CENTRAL: SR3Mu/Central/bjets/3/eta in Skim_TriLep_tHq.root
2026-04-28 15:19:34,367 - INFO - [2023] MISSING_CENTRAL: SR3Mu/Central/bjets/3/eta in Skim_TriLep_WWW.root
2026-04-28 15:19:34,368 - INFO - [2023] MISSING_CENTRAL: SR3Mu/Central/bjets/3/eta in Skim_TriLep_WWZ.root
2026-04-28 15:19:34,368 - INFO - [2023] MISSING_CENTRAL: SR3Mu/Central/bjets/3/eta in Skim_TriLep_WZZ.root
2026-04-28 15:19:34,369 - INFO - [2023] MISSING_CENTRAL: SR3Mu/Central/bjets/3/eta in Skim_TriLep_ZZZ.root
2026-04-28 15:19:34,378 - INFO - [2023] MISSING_CENTRAL: SR3Mu/Central/bjets/3/eta in Skim_TriLep_VBFHToZZTo4L.root
2026-04-28 15:19:34,379 - INFO - [2023] MISSING_CENTRAL: SR3Mu/Central/bjets/3/eta in Skim_TriLep_ggHToZZTo4L.root
2026-04-28 15:19:34,380 - INFO - [2023BPix] MISSING_CENTRAL: SR3Mu/Central/bjets/3/eta in Skim_TriLep_Muon0_D_v1.root
2026-04-28 15:19:34,380 - INFO - [2023BPix] MISSING_CENTRAL: SR3Mu/Central/bjets/3/eta in Skim_TriLep_Muon0_D_v2.root
2026-04-28 15:19:34,381 - INFO - [2023BPix] MISSING_CENTRAL: SR3Mu/Central/bjets/3/eta in Skim_TriLep_Muon1_D_v1.root
2026-04-28 15:19:34,381 - INFO - [2023BPix] MISSING_CENTRAL: SR3Mu/Central/bjets/3/eta in Skim_TriLep_Muon1_D_v2.root
2026-04-28 15:19:34,382 - INFO - [2023BPix] MISSING_CENTRAL: SR3Mu/Central/bjets/3/eta in Skim_TriLep_DYJets.root
2026-04-28 15:19:34,382 - INFO - [2023BPix] MISSING_CENTRAL: SR3Mu/Central/bjets/3/eta in Skim_TriLep_DYJets10to50.root
2026-04-28 15:19:34,383 - INFO - [2023BPix] MISSING_CENTRAL: SR3Mu/Central/bjets/3/eta in Skim_TriLep_TTG_PTG10to100.root
2026-04-28 15:19:34,384 - INFO - [2023BPix] MISSING_CENTRAL: SR3Mu/Central/bjets/3/eta in Skim_TriLep_TTG_PTG100to200.root
2026-04-28 15:19:34,385 - INFO - [2023BPix] MISSING_CENTRAL: SR3Mu/Central/bjets/3/eta in Skim_TriLep_TTG_PTG200toInf.root
2026-04-28 15:19:34,385 - INFO - [2023BPix] MISSING_CENTRAL: SR3Mu/Central/bjets/3/eta in Skim_TriLep_TTWToLNu.root
2026-04-28 15:19:34,415 - INFO - [2023BPix] MISSING_CENTRAL: SR3Mu/Central/bjets/3/eta in Skim_TriLep_WZTo3LNu_powheg.root
2026-04-28 15:19:34,423 - INFO - [2023BPix] MISSING_CENTRAL: SR3Mu/Central/bjets/3/eta in Skim_TriLep_tHq.root
2026-04-28 15:19:34,423 - INFO - [2023BPix] MISSING_CENTRAL: SR3Mu/Central/bjets/3/eta in Skim_TriLep_WWW.root
2026-04-28 15:19:34,424 - INFO - [2023BPix] MISSING_CENTRAL: SR3Mu/Central/bjets/3/eta in Skim_TriLep_WWZ.root
2026-04-28 15:19:34,425 - INFO - [2023BPix] MISSING_CENTRAL: SR3Mu/Central/bjets/3/eta in Skim_TriLep_WZZ.root
2026-04-28 15:19:34,425 - INFO - [2023BPix] MISSING_CENTRAL: SR3Mu/Central/bjets/3/eta in Skim_TriLep_ZZZ.root
2026-04-28 15:19:34,433 - INFO - [2023BPix] MISSING_CENTRAL: SR3Mu/Central/bjets/3/eta in Skim_TriLep_VBFHToZZTo4L.root
2026-04-28 15:19:34,434 - INFO - [2023BPix] MISSING_CENTRAL: SR3Mu/Central/bjets/3/eta in Skim_TriLep_ggHToZZTo4L.root
2026-04-28 15:21:39,259 - INFO - [2022] MISSING_CENTRAL: SR3Mu/Central/bjets/3/eta in Skim_TriLep_DoubleMuon_C.root
2026-04-28 15:21:39,333 - INFO - [2022] MISSING_CENTRAL: SR3Mu/Central/bjets/3/eta in Skim_TriLep_Muon_D.root
2026-04-28 15:21:39,354 - INFO - [2022EE] MISSING_CENTRAL: SR3Mu/Central/bjets/3/eta in Skim_TriLep_Muon_G.root
2026-04-28 15:21:39,364 - INFO - [2023] MISSING_CENTRAL: SR3Mu/Central/bjets/3/eta in Skim_TriLep_Muon0_C_v1.root
2026-04-28 15:21:39,365 - INFO - [2023] MISSING_CENTRAL: SR3Mu/Central/bjets/3/eta in Skim_TriLep_Muon0_C_v2.root
2026-04-28 15:21:39,366 - INFO - [2023] MISSING_CENTRAL: SR3Mu/Central/bjets/3/eta in Skim_TriLep_Muon0_C_v3.root
2026-04-28 15:21:39,366 - INFO - [2023] MISSING_CENTRAL: SR3Mu/Central/bjets/3/eta in Skim_TriLep_Muon0_C_v4.root
2026-04-28 15:21:39,367 - INFO - [2023] MISSING_CENTRAL: SR3Mu/Central/bjets/3/eta in Skim_TriLep_Muon1_C_v1.root
2026-04-28 15:21:39,367 - INFO - [2023] MISSING_CENTRAL: SR3Mu/Central/bjets/3/eta in Skim_TriLep_Muon1_C_v2.root
2026-04-28 15:21:39,368 - INFO - [2023] MISSING_CENTRAL: SR3Mu/Central/bjets/3/eta in Skim_TriLep_Muon1_C_v3.root
2026-04-28 15:21:39,368 - INFO - [2023] MISSING_CENTRAL: SR3Mu/Central/bjets/3/eta in Skim_TriLep_Muon1_C_v4.root
2026-04-28 15:21:39,369 - INFO - [2023BPix] MISSING_CENTRAL: SR3Mu/Central/bjets/3/eta in Skim_TriLep_Muon0_D_v2.root
2026-04-28 15:21:39,370 - INFO - [2023BPix] MISSING_CENTRAL: SR3Mu/Central/bjets/3/eta in Skim_TriLep_Muon1_D_v1.root
2026-04-28 15:21:39,371 - INFO - [2023BPix] MISSING_CENTRAL: SR3Mu/Central/bjets/3/eta in Skim_TriLep_Muon1_D_v2.root
2026-04-28 15:21:39,376 - INFO - [2022] MISSING_CENTRAL: SR3Mu/Central/bjets/3/eta in Skim_TriLep_DoubleMuon_C.root
2026-04-28 15:21:39,380 - INFO - [2022] MISSING_CENTRAL: SR3Mu/Central/bjets/3/eta in Skim_TriLep_Muon_D.root
2026-04-28 15:21:39,381 - INFO - [2022] MISSING_CENTRAL: SR3Mu/Central/bjets/3/eta in Skim_TriLep_DYJets.root
2026-04-28 15:21:39,382 - INFO - [2022] MISSING_CENTRAL: SR3Mu/Central/bjets/3/eta in Skim_TriLep_DYJets10to50.root
2026-04-28 15:21:39,382 - INFO - [2022] MISSING_CENTRAL: SR3Mu/Central/bjets/3/eta in Skim_TriLep_TTG_PTG10to100.root
2026-04-28 15:21:39,383 - INFO - [2022] MISSING_CENTRAL: SR3Mu/Central/bjets/3/eta in Skim_TriLep_TTG_PTG100to200.root
2026-04-28 15:21:39,384 - INFO - [2022] MISSING_CENTRAL: SR3Mu/Central/bjets/3/eta in Skim_TriLep_TTG_PTG200toInf.root
2026-04-28 15:21:39,386 - INFO - [2022] MISSING_CENTRAL: SR3Mu/Central/bjets/3/eta in Skim_TriLep_TTWToLNu.root
2026-04-28 15:21:39,423 - INFO - [2022] MISSING_CENTRAL: SR3Mu/Central/bjets/3/eta in Skim_TriLep_WZTo3LNu_powheg.root
2026-04-28 15:21:39,424 - INFO - [2022] MISSING_CENTRAL: SR3Mu/Central/bjets/3/eta in Skim_TriLep_ZZTo4L_powheg.root
2026-04-28 15:21:39,431 - INFO - [2022] MISSING_CENTRAL: SR3Mu/Central/bjets/3/eta in Skim_TriLep_WWW.root
2026-04-28 15:21:39,432 - INFO - [2022] MISSING_CENTRAL: SR3Mu/Central/bjets/3/eta in Skim_TriLep_WWZ.root
2026-04-28 15:21:39,432 - INFO - [2022] MISSING_CENTRAL: SR3Mu/Central/bjets/3/eta in Skim_TriLep_WZZ.root
2026-04-28 15:21:39,445 - INFO - [2022] MISSING_CENTRAL: SR3Mu/Central/bjets/3/eta in Skim_TriLep_VBFHToZZTo4L.root
2026-04-28 15:21:39,446 - INFO - [2022] MISSING_CENTRAL: SR3Mu/Central/bjets/3/eta in Skim_TriLep_ggHToZZTo4L.root
2026-04-28 15:21:39,446 - INFO - [2022EE] MISSING_CENTRAL: SR3Mu/Central/bjets/3/eta in Skim_TriLep_Muon_E.root
2026-04-28 15:21:39,448 - INFO - [2022EE] MISSING_CENTRAL: SR3Mu/Central/bjets/3/eta in Skim_TriLep_DYJets.root
2026-04-28 15:21:39,448 - INFO - [2022EE] MISSING_CENTRAL: SR3Mu/Central/bjets/3/eta in Skim_TriLep_DYJets10to50.root
2026-04-28 15:21:39,449 - INFO - [2022EE] MISSING_CENTRAL: SR3Mu/Central/bjets/3/eta in Skim_TriLep_TTG_PTG10to100.root
2026-04-28 15:21:39,450 - INFO - [2022EE] MISSING_CENTRAL: SR3Mu/Central/bjets/3/eta in Skim_TriLep_TTG_PTG100to200.root
2026-04-28 15:21:39,450 - INFO - [2022EE] MISSING_CENTRAL: SR3Mu/Central/bjets/3/eta in Skim_TriLep_TTG_PTG200toInf.root
2026-04-28 15:21:39,483 - INFO - [2022EE] MISSING_CENTRAL: SR3Mu/Central/bjets/3/eta in Skim_TriLep_WZTo3LNu_powheg.root
2026-04-28 15:21:39,496 - INFO - [2022EE] MISSING_CENTRAL: SR3Mu/Central/bjets/3/eta in Skim_TriLep_WWW.root
2026-04-28 15:21:39,497 - INFO - [2022EE] MISSING_CENTRAL: SR3Mu/Central/bjets/3/eta in Skim_TriLep_WWZ.root
2026-04-28 15:21:39,517 - INFO - [2022EE] MISSING_CENTRAL: SR3Mu/Central/bjets/3/eta in Skim_TriLep_VBFHToZZTo4L.root
2026-04-28 15:21:39,518 - INFO - [2022EE] MISSING_CENTRAL: SR3Mu/Central/bjets/3/eta in Skim_TriLep_ggHToZZTo4L.root
2026-04-28 15:21:39,519 - INFO - [2023] MISSING_CENTRAL: SR3Mu/Central/bjets/3/eta in Skim_TriLep_Muon0_C_v2.root
2026-04-28 15:21:39,519 - INFO - [2023] MISSING_CENTRAL: SR3Mu/Central/bjets/3/eta in Skim_TriLep_Muon0_C_v3.root
2026-04-28 15:21:39,521 - INFO - [2023] MISSING_CENTRAL: SR3Mu/Central/bjets/3/eta in Skim_TriLep_Muon1_C_v1.root
2026-04-28 15:21:39,521 - INFO - [2023] MISSING_CENTRAL: SR3Mu/Central/bjets/3/eta in Skim_TriLep_Muon1_C_v2.root
2026-04-28 15:21:39,522 - INFO - [2023] MISSING_CENTRAL: SR3Mu/Central/bjets/3/eta in Skim_TriLep_Muon1_C_v3.root
2026-04-28 15:21:39,522 - INFO - [2023] MISSING_CENTRAL: SR3Mu/Central/bjets/3/eta in Skim_TriLep_Muon1_C_v4.root
2026-04-28 15:21:39,523 - INFO - [2023] MISSING_CENTRAL: SR3Mu/Central/bjets/3/eta in Skim_TriLep_DYJets.root
2026-04-28 15:21:39,524 - INFO - [2023] MISSING_CENTRAL: SR3Mu/Central/bjets/3/eta in Skim_TriLep_DYJets10to50.root
2026-04-28 15:21:39,524 - INFO - [2023] MISSING_CENTRAL: SR3Mu/Central/bjets/3/eta in Skim_TriLep_TTG_PTG10to100.root
2026-04-28 15:21:39,525 - INFO - [2023] MISSING_CENTRAL: SR3Mu/Central/bjets/3/eta in Skim_TriLep_TTG_PTG100to200.root
2026-04-28 15:21:39,525 - INFO - [2023] MISSING_CENTRAL: SR3Mu/Central/bjets/3/eta in Skim_TriLep_TTG_PTG200toInf.root
2026-04-28 15:21:39,558 - INFO - [2023] MISSING_CENTRAL: SR3Mu/Central/bjets/3/eta in Skim_TriLep_WZTo3LNu_powheg.root
2026-04-28 15:21:39,566 - INFO - [2023] MISSING_CENTRAL: SR3Mu/Central/bjets/3/eta in Skim_TriLep_tHq.root
2026-04-28 15:21:39,566 - INFO - [2023] MISSING_CENTRAL: SR3Mu/Central/bjets/3/eta in Skim_TriLep_WWW.root
2026-04-28 15:21:39,567 - INFO - [2023] MISSING_CENTRAL: SR3Mu/Central/bjets/3/eta in Skim_TriLep_WWZ.root
2026-04-28 15:21:39,567 - INFO - [2023] MISSING_CENTRAL: SR3Mu/Central/bjets/3/eta in Skim_TriLep_WZZ.root
2026-04-28 15:21:39,568 - INFO - [2023] MISSING_CENTRAL: SR3Mu/Central/bjets/3/eta in Skim_TriLep_ZZZ.root
2026-04-28 15:21:39,576 - INFO - [2023] MISSING_CENTRAL: SR3Mu/Central/bjets/3/eta in Skim_TriLep_VBFHToZZTo4L.root
2026-04-28 15:21:39,577 - INFO - [2023] MISSING_CENTRAL: SR3Mu/Central/bjets/3/eta in Skim_TriLep_ggHToZZTo4L.root
2026-04-28 15:21:39,577 - INFO - [2023BPix] MISSING_CENTRAL: SR3Mu/Central/bjets/3/eta in Skim_TriLep_Muon0_D_v1.root
2026-04-28 15:21:39,578 - INFO - [2023BPix] MISSING_CENTRAL: SR3Mu/Central/bjets/3/eta in Skim_TriLep_Muon0_D_v2.root
2026-04-28 15:21:39,578 - INFO - [2023BPix] MISSING_CENTRAL: SR3Mu/Central/bjets/3/eta in Skim_TriLep_Muon1_D_v1.root
2026-04-28 15:21:39,579 - INFO - [2023BPix] MISSING_CENTRAL: SR3Mu/Central/bjets/3/eta in Skim_TriLep_Muon1_D_v2.root
2026-04-28 15:21:39,579 - INFO - [2023BPix] MISSING_CENTRAL: SR3Mu/Central/bjets/3/eta in Skim_TriLep_DYJets.root
2026-04-28 15:21:39,580 - INFO - [2023BPix] MISSING_CENTRAL: SR3Mu/Central/bjets/3/eta in Skim_TriLep_DYJets10to50.root
2026-04-28 15:21:39,580 - INFO - [2023BPix] MISSING_CENTRAL: SR3Mu/Central/bjets/3/eta in Skim_TriLep_TTG_PTG10to100.root
2026-04-28 15:21:39,581 - INFO - [2023BPix] MISSING_CENTRAL: SR3Mu/Central/bjets/3/eta in Skim_TriLep_TTG_PTG100to200.root
2026-04-28 15:21:39,582 - INFO - [2023BPix] MISSING_CENTRAL: SR3Mu/Central/bjets/3/eta in Skim_TriLep_TTG_PTG200toInf.root
2026-04-28 15:21:39,582 - INFO - [2023BPix] MISSING_CENTRAL: SR3Mu/Central/bjets/3/eta in Skim_TriLep_TTWToLNu.root
2026-04-28 15:21:39,611 - INFO - [2023BPix] MISSING_CENTRAL: SR3Mu/Central/bjets/3/eta in Skim_TriLep_WZTo3LNu_powheg.root
2026-04-28 15:21:39,620 - INFO - [2023BPix] MISSING_CENTRAL: SR3Mu/Central/bjets/3/eta in Skim_TriLep_tHq.root
2026-04-28 15:21:39,620 - INFO - [2023BPix] MISSING_CENTRAL: SR3Mu/Central/bjets/3/eta in Skim_TriLep_WWW.root
2026-04-28 15:21:39,621 - INFO - [2023BPix] MISSING_CENTRAL: SR3Mu/Central/bjets/3/eta in Skim_TriLep_WWZ.root
2026-04-28 15:21:39,622 - INFO - [2023BPix] MISSING_CENTRAL: SR3Mu/Central/bjets/3/eta in Skim_TriLep_WZZ.root
2026-04-28 15:21:39,622 - INFO - [2023BPix] MISSING_CENTRAL: SR3Mu/Central/bjets/3/eta in Skim_TriLep_ZZZ.root
2026-04-28 15:21:39,630 - INFO - [2023BPix] MISSING_CENTRAL: SR3Mu/Central/bjets/3/eta in Skim_TriLep_VBFHToZZTo4L.root
2026-04-28 15:21:39,631 - INFO - [2023BPix] MISSING_CENTRAL: SR3Mu/Central/bjets/3/eta in Skim_TriLep_ggHToZZTo4L.root
2026-04-28 20:32:44,470 - INFO - [2022] MISSING_CENTRAL: SR3Mu/Central/bjets/3/eta in Skim_TriLep_DoubleMuon_C.root
2026-04-28 20:32:44,510 - INFO - [2022] MISSING_CENTRAL: SR3Mu/Central/bjets/3/eta in Skim_TriLep_Muon_D.root
2026-04-28 20:32:44,531 - INFO - [2022EE] MISSING_CENTRAL: SR3Mu/Central/bjets/3/eta in Skim_TriLep_Muon_G.root
2026-04-28 20:32:44,541 - INFO - [2023] MISSING_CENTRAL: SR3Mu/Central/bjets/3/eta in Skim_TriLep_Muon0_C_v1.root
2026-04-28 20:32:44,541 - INFO - [2023] MISSING_CENTRAL: SR3Mu/Central/bjets/3/eta in Skim_TriLep_Muon0_C_v2.root
2026-04-28 20:32:44,542 - INFO - [2023] MISSING_CENTRAL: SR3Mu/Central/bjets/3/eta in Skim_TriLep_Muon0_C_v3.root
2026-04-28 20:32:44,542 - INFO - [2023] MISSING_CENTRAL: SR3Mu/Central/bjets/3/eta in Skim_TriLep_Muon0_C_v4.root
2026-04-28 20:32:44,542 - INFO - [2023] MISSING_CENTRAL: SR3Mu/Central/bjets/3/eta in Skim_TriLep_Muon1_C_v1.root
2026-04-28 20:32:44,543 - INFO - [2023] MISSING_CENTRAL: SR3Mu/Central/bjets/3/eta in Skim_TriLep_Muon1_C_v2.root
2026-04-28 20:32:44,543 - INFO - [2023] MISSING_CENTRAL: SR3Mu/Central/bjets/3/eta in Skim_TriLep_Muon1_C_v3.root
2026-04-28 20:32:44,543 - INFO - [2023] MISSING_CENTRAL: SR3Mu/Central/bjets/3/eta in Skim_TriLep_Muon1_C_v4.root
2026-04-28 20:32:44,544 - INFO - [2023BPix] MISSING_CENTRAL: SR3Mu/Central/bjets/3/eta in Skim_TriLep_Muon0_D_v2.root
2026-04-28 20:32:44,545 - INFO - [2023BPix] MISSING_CENTRAL: SR3Mu/Central/bjets/3/eta in Skim_TriLep_Muon1_D_v1.root
2026-04-28 20:32:44,545 - INFO - [2023BPix] MISSING_CENTRAL: SR3Mu/Central/bjets/3/eta in Skim_TriLep_Muon1_D_v2.root
2026-04-28 20:32:44,550 - INFO - [2022] MISSING_CENTRAL: SR3Mu/Central/bjets/3/eta in Skim_TriLep_DoubleMuon_C.root
2026-04-28 20:32:44,555 - INFO - [2022] MISSING_CENTRAL: SR3Mu/Central/bjets/3/eta in Skim_TriLep_Muon_D.root
2026-04-28 20:32:44,555 - INFO - [2022] MISSING_CENTRAL: SR3Mu/Central/bjets/3/eta in Skim_TriLep_DYJets.root
2026-04-28 20:32:44,556 - INFO - [2022] MISSING_CENTRAL: SR3Mu/Central/bjets/3/eta in Skim_TriLep_DYJets10to50.root
2026-04-28 20:32:44,556 - INFO - [2022] MISSING_CENTRAL: SR3Mu/Central/bjets/3/eta in Skim_TriLep_TTG_PTG10to100.root
2026-04-28 20:32:44,557 - INFO - [2022] MISSING_CENTRAL: SR3Mu/Central/bjets/3/eta in Skim_TriLep_TTG_PTG100to200.root
2026-04-28 20:32:44,558 - INFO - [2022] MISSING_CENTRAL: SR3Mu/Central/bjets/3/eta in Skim_TriLep_TTG_PTG200toInf.root
2026-04-28 20:32:44,559 - INFO - [2022] MISSING_CENTRAL: SR3Mu/Central/bjets/3/eta in Skim_TriLep_TTWToLNu.root
2026-04-28 20:32:44,597 - INFO - [2022] MISSING_CENTRAL: SR3Mu/Central/bjets/3/eta in Skim_TriLep_WZTo3LNu_powheg.root
2026-04-28 20:32:44,598 - INFO - [2022] MISSING_CENTRAL: SR3Mu/Central/bjets/3/eta in Skim_TriLep_ZZTo4L_powheg.root
2026-04-28 20:32:44,604 - INFO - [2022] MISSING_CENTRAL: SR3Mu/Central/bjets/3/eta in Skim_TriLep_WWW.root
2026-04-28 20:32:44,605 - INFO - [2022] MISSING_CENTRAL: SR3Mu/Central/bjets/3/eta in Skim_TriLep_WWZ.root
2026-04-28 20:32:44,605 - INFO - [2022] MISSING_CENTRAL: SR3Mu/Central/bjets/3/eta in Skim_TriLep_WZZ.root
2026-04-28 20:32:44,618 - INFO - [2022] MISSING_CENTRAL: SR3Mu/Central/bjets/3/eta in Skim_TriLep_VBFHToZZTo4L.root
2026-04-28 20:32:44,619 - INFO - [2022] MISSING_CENTRAL: SR3Mu/Central/bjets/3/eta in Skim_TriLep_ggHToZZTo4L.root
2026-04-28 20:32:44,619 - INFO - [2022EE] MISSING_CENTRAL: SR3Mu/Central/bjets/3/eta in Skim_TriLep_Muon_E.root
2026-04-28 20:32:44,621 - INFO - [2022EE] MISSING_CENTRAL: SR3Mu/Central/bjets/3/eta in Skim_TriLep_DYJets.root
2026-04-28 20:32:44,622 - INFO - [2022EE] MISSING_CENTRAL: SR3Mu/Central/bjets/3/eta in Skim_TriLep_DYJets10to50.root
2026-04-28 20:32:44,622 - INFO - [2022EE] MISSING_CENTRAL: SR3Mu/Central/bjets/3/eta in Skim_TriLep_TTG_PTG10to100.root
2026-04-28 20:32:44,623 - INFO - [2022EE] MISSING_CENTRAL: SR3Mu/Central/bjets/3/eta in Skim_TriLep_TTG_PTG100to200.root
2026-04-28 20:32:44,623 - INFO - [2022EE] MISSING_CENTRAL: SR3Mu/Central/bjets/3/eta in Skim_TriLep_TTG_PTG200toInf.root
2026-04-28 20:32:44,658 - INFO - [2022EE] MISSING_CENTRAL: SR3Mu/Central/bjets/3/eta in Skim_TriLep_WZTo3LNu_powheg.root
2026-04-28 20:32:44,672 - INFO - [2022EE] MISSING_CENTRAL: SR3Mu/Central/bjets/3/eta in Skim_TriLep_WWW.root
2026-04-28 20:32:44,673 - INFO - [2022EE] MISSING_CENTRAL: SR3Mu/Central/bjets/3/eta in Skim_TriLep_WWZ.root
2026-04-28 20:32:44,694 - INFO - [2022EE] MISSING_CENTRAL: SR3Mu/Central/bjets/3/eta in Skim_TriLep_VBFHToZZTo4L.root
2026-04-28 20:32:44,694 - INFO - [2022EE] MISSING_CENTRAL: SR3Mu/Central/bjets/3/eta in Skim_TriLep_ggHToZZTo4L.root
2026-04-28 20:32:44,695 - INFO - [2023] MISSING_CENTRAL: SR3Mu/Central/bjets/3/eta in Skim_TriLep_Muon0_C_v2.root
2026-04-28 20:32:44,696 - INFO - [2023] MISSING_CENTRAL: SR3Mu/Central/bjets/3/eta in Skim_TriLep_Muon0_C_v3.root
2026-04-28 20:32:44,697 - INFO - [2023] MISSING_CENTRAL: SR3Mu/Central/bjets/3/eta in Skim_TriLep_Muon1_C_v1.root
2026-04-28 20:32:44,697 - INFO - [2023] MISSING_CENTRAL: SR3Mu/Central/bjets/3/eta in Skim_TriLep_Muon1_C_v2.root
2026-04-28 20:32:44,698 - INFO - [2023] MISSING_CENTRAL: SR3Mu/Central/bjets/3/eta in Skim_TriLep_Muon1_C_v3.root
2026-04-28 20:32:44,698 - INFO - [2023] MISSING_CENTRAL: SR3Mu/Central/bjets/3/eta in Skim_TriLep_Muon1_C_v4.root
2026-04-28 20:32:44,700 - INFO - [2023] MISSING_CENTRAL: SR3Mu/Central/bjets/3/eta in Skim_TriLep_DYJets.root
2026-04-28 20:32:44,700 - INFO - [2023] MISSING_CENTRAL: SR3Mu/Central/bjets/3/eta in Skim_TriLep_DYJets10to50.root
2026-04-28 20:32:44,701 - INFO - [2023] MISSING_CENTRAL: SR3Mu/Central/bjets/3/eta in Skim_TriLep_TTG_PTG10to100.root
2026-04-28 20:32:44,701 - INFO - [2023] MISSING_CENTRAL: SR3Mu/Central/bjets/3/eta in Skim_TriLep_TTG_PTG100to200.root
2026-04-28 20:32:44,702 - INFO - [2023] MISSING_CENTRAL: SR3Mu/Central/bjets/3/eta in Skim_TriLep_TTG_PTG200toInf.root
2026-04-28 20:32:44,744 - INFO - [2023] MISSING_CENTRAL: SR3Mu/Central/bjets/3/eta in Skim_TriLep_WZTo3LNu_powheg.root
2026-04-28 20:32:44,751 - INFO - [2023] MISSING_CENTRAL: SR3Mu/Central/bjets/3/eta in Skim_TriLep_tHq.root
2026-04-28 20:32:44,752 - INFO - [2023] MISSING_CENTRAL: SR3Mu/Central/bjets/3/eta in Skim_TriLep_WWW.root
2026-04-28 20:32:44,753 - INFO - [2023] MISSING_CENTRAL: SR3Mu/Central/bjets/3/eta in Skim_TriLep_WWZ.root
2026-04-28 20:32:44,753 - INFO - [2023] MISSING_CENTRAL: SR3Mu/Central/bjets/3/eta in Skim_TriLep_WZZ.root
2026-04-28 20:32:44,754 - INFO - [2023] MISSING_CENTRAL: SR3Mu/Central/bjets/3/eta in Skim_TriLep_ZZZ.root
2026-04-28 20:32:44,763 - INFO - [2023] MISSING_CENTRAL: SR3Mu/Central/bjets/3/eta in Skim_TriLep_VBFHToZZTo4L.root
2026-04-28 20:32:44,764 - INFO - [2023] MISSING_CENTRAL: SR3Mu/Central/bjets/3/eta in Skim_TriLep_ggHToZZTo4L.root
2026-04-28 20:32:44,764 - INFO - [2023BPix] MISSING_CENTRAL: SR3Mu/Central/bjets/3/eta in Skim_TriLep_Muon0_D_v1.root
2026-04-28 20:32:44,765 - INFO - [2023BPix] MISSING_CENTRAL: SR3Mu/Central/bjets/3/eta in Skim_TriLep_Muon0_D_v2.root
2026-04-28 20:32:44,765 - INFO - [2023BPix] MISSING_CENTRAL: SR3Mu/Central/bjets/3/eta in Skim_TriLep_Muon1_D_v1.root
2026-04-28 20:32:44,766 - INFO - [2023BPix] MISSING_CENTRAL: SR3Mu/Central/bjets/3/eta in Skim_TriLep_Muon1_D_v2.root
2026-04-28 20:32:44,766 - INFO - [2023BPix] MISSING_CENTRAL: SR3Mu/Central/bjets/3/eta in Skim_TriLep_DYJets.root
2026-04-28 20:32:44,767 - INFO - [2023BPix] MISSING_CENTRAL: SR3Mu/Central/bjets/3/eta in Skim_TriLep_DYJets10to50.root
2026-04-28 20:32:44,767 - INFO - [2023BPix] MISSING_CENTRAL: SR3Mu/Central/bjets/3/eta in Skim_TriLep_TTG_PTG10to100.root
2026-04-28 20:32:44,768 - INFO - [2023BPix] MISSING_CENTRAL: SR3Mu/Central/bjets/3/eta in Skim_TriLep_TTG_PTG100to200.root
2026-04-28 20:32:44,768 - INFO - [2023BPix] MISSING_CENTRAL: SR3Mu/Central/bjets/3/eta in Skim_TriLep_TTG_PTG200toInf.root
2026-04-28 20:32:44,769 - INFO - [2023BPix] MISSING_CENTRAL: SR3Mu/Central/bjets/3/eta in Skim_TriLep_TTWToLNu.root
2026-04-28 20:32:44,798 - INFO - [2023BPix] MISSING_CENTRAL: SR3Mu/Central/bjets/3/eta in Skim_TriLep_WZTo3LNu_powheg.root
2026-04-28 20:32:44,805 - INFO - [2023BPix] MISSING_CENTRAL: SR3Mu/Central/bjets/3/eta in Skim_TriLep_tHq.root
2026-04-28 20:32:44,806 - INFO - [2023BPix] MISSING_CENTRAL: SR3Mu/Central/bjets/3/eta in Skim_TriLep_WWW.root
2026-04-28 20:32:44,807 - INFO - [2023BPix] MISSING_CENTRAL: SR3Mu/Central/bjets/3/eta in Skim_TriLep_WWZ.root
2026-04-28 20:32:44,807 - INFO - [2023BPix] MISSING_CENTRAL: SR3Mu/Central/bjets/3/eta in Skim_TriLep_WZZ.root
2026-04-28 20:32:44,808 - INFO - [2023BPix] MISSING_CENTRAL: SR3Mu/Central/bjets/3/eta in Skim_TriLep_ZZZ.root
2026-04-28 20:32:44,816 - INFO - [2023BPix] MISSING_CENTRAL: SR3Mu/Central/bjets/3/eta in Skim_TriLep_VBFHToZZTo4L.root
2026-04-28 20:32:44,816 - INFO - [2023BPix] MISSING_CENTRAL: SR3Mu/Central/bjets/3/eta in Skim_TriLep_ggHToZZTo4L.root
2026-04-28 20:34:44,089 - INFO - [2022] MISSING_CENTRAL: SR3Mu/Central/bjets/3/eta in Skim_TriLep_DoubleMuon_C.root
2026-04-28 20:34:44,129 - INFO - [2022] MISSING_CENTRAL: SR3Mu/Central/bjets/3/eta in Skim_TriLep_Muon_D.root
2026-04-28 20:34:44,151 - INFO - [2022EE] MISSING_CENTRAL: SR3Mu/Central/bjets/3/eta in Skim_TriLep_Muon_G.root
2026-04-28 20:34:44,160 - INFO - [2023] MISSING_CENTRAL: SR3Mu/Central/bjets/3/eta in Skim_TriLep_Muon0_C_v1.root
2026-04-28 20:34:44,160 - INFO - [2023] MISSING_CENTRAL: SR3Mu/Central/bjets/3/eta in Skim_TriLep_Muon0_C_v2.root
2026-04-28 20:34:44,161 - INFO - [2023] MISSING_CENTRAL: SR3Mu/Central/bjets/3/eta in Skim_TriLep_Muon0_C_v3.root
2026-04-28 20:34:44,161 - INFO - [2023] MISSING_CENTRAL: SR3Mu/Central/bjets/3/eta in Skim_TriLep_Muon0_C_v4.root
2026-04-28 20:34:44,162 - INFO - [2023] MISSING_CENTRAL: SR3Mu/Central/bjets/3/eta in Skim_TriLep_Muon1_C_v1.root
2026-04-28 20:34:44,162 - INFO - [2023] MISSING_CENTRAL: SR3Mu/Central/bjets/3/eta in Skim_TriLep_Muon1_C_v2.root
2026-04-28 20:34:44,163 - INFO - [2023] MISSING_CENTRAL: SR3Mu/Central/bjets/3/eta in Skim_TriLep_Muon1_C_v3.root
2026-04-28 20:34:44,163 - INFO - [2023] MISSING_CENTRAL: SR3Mu/Central/bjets/3/eta in Skim_TriLep_Muon1_C_v4.root
2026-04-28 20:34:44,164 - INFO - [2023BPix] MISSING_CENTRAL: SR3Mu/Central/bjets/3/eta in Skim_TriLep_Muon0_D_v2.root
2026-04-28 20:34:44,164 - INFO - [2023BPix] MISSING_CENTRAL: SR3Mu/Central/bjets/3/eta in Skim_TriLep_Muon1_D_v1.root
2026-04-28 20:34:44,165 - INFO - [2023BPix] MISSING_CENTRAL: SR3Mu/Central/bjets/3/eta in Skim_TriLep_Muon1_D_v2.root
2026-04-28 20:34:44,169 - INFO - [2022] MISSING_CENTRAL: SR3Mu/Central/bjets/3/eta in Skim_TriLep_DoubleMuon_C.root
2026-04-28 20:34:44,174 - INFO - [2022] MISSING_CENTRAL: SR3Mu/Central/bjets/3/eta in Skim_TriLep_Muon_D.root
2026-04-28 20:34:44,175 - INFO - [2022] MISSING_CENTRAL: SR3Mu/Central/bjets/3/eta in Skim_TriLep_DYJets.root
2026-04-28 20:34:44,175 - INFO - [2022] MISSING_CENTRAL: SR3Mu/Central/bjets/3/eta in Skim_TriLep_DYJets10to50.root
2026-04-28 20:34:44,176 - INFO - [2022] MISSING_CENTRAL: SR3Mu/Central/bjets/3/eta in Skim_TriLep_TTG_PTG10to100.root
2026-04-28 20:34:44,176 - INFO - [2022] MISSING_CENTRAL: SR3Mu/Central/bjets/3/eta in Skim_TriLep_TTG_PTG100to200.root
2026-04-28 20:34:44,177 - INFO - [2022] MISSING_CENTRAL: SR3Mu/Central/bjets/3/eta in Skim_TriLep_TTG_PTG200toInf.root
2026-04-28 20:34:44,178 - INFO - [2022] MISSING_CENTRAL: SR3Mu/Central/bjets/3/eta in Skim_TriLep_TTWToLNu.root
2026-04-28 20:34:44,216 - INFO - [2022] MISSING_CENTRAL: SR3Mu/Central/bjets/3/eta in Skim_TriLep_WZTo3LNu_powheg.root
2026-04-28 20:34:44,216 - INFO - [2022] MISSING_CENTRAL: SR3Mu/Central/bjets/3/eta in Skim_TriLep_ZZTo4L_powheg.root
2026-04-28 20:34:44,223 - INFO - [2022] MISSING_CENTRAL: SR3Mu/Central/bjets/3/eta in Skim_TriLep_WWW.root
2026-04-28 20:34:44,224 - INFO - [2022] MISSING_CENTRAL: SR3Mu/Central/bjets/3/eta in Skim_TriLep_WWZ.root
2026-04-28 20:34:44,224 - INFO - [2022] MISSING_CENTRAL: SR3Mu/Central/bjets/3/eta in Skim_TriLep_WZZ.root
2026-04-28 20:34:44,238 - INFO - [2022] MISSING_CENTRAL: SR3Mu/Central/bjets/3/eta in Skim_TriLep_VBFHToZZTo4L.root
2026-04-28 20:34:44,239 - INFO - [2022] MISSING_CENTRAL: SR3Mu/Central/bjets/3/eta in Skim_TriLep_ggHToZZTo4L.root
2026-04-28 20:34:44,239 - INFO - [2022EE] MISSING_CENTRAL: SR3Mu/Central/bjets/3/eta in Skim_TriLep_Muon_E.root
2026-04-28 20:34:44,241 - INFO - [2022EE] MISSING_CENTRAL: SR3Mu/Central/bjets/3/eta in Skim_TriLep_DYJets.root
2026-04-28 20:34:44,241 - INFO - [2022EE] MISSING_CENTRAL: SR3Mu/Central/bjets/3/eta in Skim_TriLep_DYJets10to50.root
2026-04-28 20:34:44,242 - INFO - [2022EE] MISSING_CENTRAL: SR3Mu/Central/bjets/3/eta in Skim_TriLep_TTG_PTG10to100.root
2026-04-28 20:34:44,242 - INFO - [2022EE] MISSING_CENTRAL: SR3Mu/Central/bjets/3/eta in Skim_TriLep_TTG_PTG100to200.root
2026-04-28 20:34:44,243 - INFO - [2022EE] MISSING_CENTRAL: SR3Mu/Central/bjets/3/eta in Skim_TriLep_TTG_PTG200toInf.root
2026-04-28 20:34:44,278 - INFO - [2022EE] MISSING_CENTRAL: SR3Mu/Central/bjets/3/eta in Skim_TriLep_WZTo3LNu_powheg.root
2026-04-28 20:34:44,293 - INFO - [2022EE] MISSING_CENTRAL: SR3Mu/Central/bjets/3/eta in Skim_TriLep_WWW.root
2026-04-28 20:34:44,294 - INFO - [2022EE] MISSING_CENTRAL: SR3Mu/Central/bjets/3/eta in Skim_TriLep_WWZ.root
2026-04-28 20:34:44,316 - INFO - [2022EE] MISSING_CENTRAL: SR3Mu/Central/bjets/3/eta in Skim_TriLep_VBFHToZZTo4L.root
2026-04-28 20:34:44,317 - INFO - [2022EE] MISSING_CENTRAL: SR3Mu/Central/bjets/3/eta in Skim_TriLep_ggHToZZTo4L.root
2026-04-28 20:34:44,318 - INFO - [2023] MISSING_CENTRAL: SR3Mu/Central/bjets/3/eta in Skim_TriLep_Muon0_C_v2.root
2026-04-28 20:34:44,319 - INFO - [2023] MISSING_CENTRAL: SR3Mu/Central/bjets/3/eta in Skim_TriLep_Muon0_C_v3.root
2026-04-28 20:34:44,320 - INFO - [2023] MISSING_CENTRAL: SR3Mu/Central/bjets/3/eta in Skim_TriLep_Muon1_C_v1.root
2026-04-28 20:34:44,320 - INFO - [2023] MISSING_CENTRAL: SR3Mu/Central/bjets/3/eta in Skim_TriLep_Muon1_C_v2.root
2026-04-28 20:34:44,321 - INFO - [2023] MISSING_CENTRAL: SR3Mu/Central/bjets/3/eta in Skim_TriLep_Muon1_C_v3.root
2026-04-28 20:34:44,321 - INFO - [2023] MISSING_CENTRAL: SR3Mu/Central/bjets/3/eta in Skim_TriLep_Muon1_C_v4.root
2026-04-28 20:34:44,322 - INFO - [2023] MISSING_CENTRAL: SR3Mu/Central/bjets/3/eta in Skim_TriLep_DYJets.root
2026-04-28 20:34:44,323 - INFO - [2023] MISSING_CENTRAL: SR3Mu/Central/bjets/3/eta in Skim_TriLep_DYJets10to50.root
2026-04-28 20:34:44,323 - INFO - [2023] MISSING_CENTRAL: SR3Mu/Central/bjets/3/eta in Skim_TriLep_TTG_PTG10to100.root
2026-04-28 20:34:44,324 - INFO - [2023] MISSING_CENTRAL: SR3Mu/Central/bjets/3/eta in Skim_TriLep_TTG_PTG100to200.root
2026-04-28 20:34:44,325 - INFO - [2023] MISSING_CENTRAL: SR3Mu/Central/bjets/3/eta in Skim_TriLep_TTG_PTG200toInf.root
2026-04-28 20:34:44,363 - INFO - [2023] MISSING_CENTRAL: SR3Mu/Central/bjets/3/eta in Skim_TriLep_WZTo3LNu_powheg.root
2026-04-28 20:34:44,371 - INFO - [2023] MISSING_CENTRAL: SR3Mu/Central/bjets/3/eta in Skim_TriLep_tHq.root
2026-04-28 20:34:44,371 - INFO - [2023] MISSING_CENTRAL: SR3Mu/Central/bjets/3/eta in Skim_TriLep_WWW.root
2026-04-28 20:34:44,372 - INFO - [2023] MISSING_CENTRAL: SR3Mu/Central/bjets/3/eta in Skim_TriLep_WWZ.root
2026-04-28 20:34:44,373 - INFO - [2023] MISSING_CENTRAL: SR3Mu/Central/bjets/3/eta in Skim_TriLep_WZZ.root
2026-04-28 20:34:44,373 - INFO - [2023] MISSING_CENTRAL: SR3Mu/Central/bjets/3/eta in Skim_TriLep_ZZZ.root
2026-04-28 20:34:44,382 - INFO - [2023] MISSING_CENTRAL: SR3Mu/Central/bjets/3/eta in Skim_TriLep_VBFHToZZTo4L.root
2026-04-28 20:34:44,383 - INFO - [2023] MISSING_CENTRAL: SR3Mu/Central/bjets/3/eta in Skim_TriLep_ggHToZZTo4L.root
2026-04-28 20:34:44,384 - INFO - [2023BPix] MISSING_CENTRAL: SR3Mu/Central/bjets/3/eta in Skim_TriLep_Muon0_D_v1.root
2026-04-28 20:34:44,384 - INFO - [2023BPix] MISSING_CENTRAL: SR3Mu/Central/bjets/3/eta in Skim_TriLep_Muon0_D_v2.root
2026-04-28 20:34:44,385 - INFO - [2023BPix] MISSING_CENTRAL: SR3Mu/Central/bjets/3/eta in Skim_TriLep_Muon1_D_v1.root
2026-04-28 20:34:44,386 - INFO - [2023BPix] MISSING_CENTRAL: SR3Mu/Central/bjets/3/eta in Skim_TriLep_Muon1_D_v2.root
2026-04-28 20:34:44,386 - INFO - [2023BPix] MISSING_CENTRAL: SR3Mu/Central/bjets/3/eta in Skim_TriLep_DYJets.root
2026-04-28 20:34:44,387 - INFO - [2023BPix] MISSING_CENTRAL: SR3Mu/Central/bjets/3/eta in Skim_TriLep_DYJets10to50.root
2026-04-28 20:34:44,387 - INFO - [2023BPix] MISSING_CENTRAL: SR3Mu/Central/bjets/3/eta in Skim_TriLep_TTG_PTG10to100.root
2026-04-28 20:34:44,388 - INFO - [2023BPix] MISSING_CENTRAL: SR3Mu/Central/bjets/3/eta in Skim_TriLep_TTG_PTG100to200.root
2026-04-28 20:34:44,389 - INFO - [2023BPix] MISSING_CENTRAL: SR3Mu/Central/bjets/3/eta in Skim_TriLep_TTG_PTG200toInf.root
2026-04-28 20:34:44,389 - INFO - [2023BPix] MISSING_CENTRAL: SR3Mu/Central/bjets/3/eta in Skim_TriLep_TTWToLNu.root
2026-04-28 20:34:44,421 - INFO - [2023BPix] MISSING_CENTRAL: SR3Mu/Central/bjets/3/eta in Skim_TriLep_WZTo3LNu_powheg.root
2026-04-28 20:34:44,430 - INFO - [2023BPix] MISSING_CENTRAL: SR3Mu/Central/bjets/3/eta in Skim_TriLep_tHq.root
2026-04-28 20:34:44,431 - INFO - [2023BPix] MISSING_CENTRAL: SR3Mu/Central/bjets/3/eta in Skim_TriLep_WWW.root
2026-04-28 20:34:44,431 - INFO - [2023BPix] MISSING_CENTRAL: SR3Mu/Central/bjets/3/eta in Skim_TriLep_WWZ.root
2026-04-28 20:34:44,432 - INFO - [2023BPix] MISSING_CENTRAL: SR3Mu/Central/bjets/3/eta in Skim_TriLep_WZZ.root
2026-04-28 20:34:44,433 - INFO - [2023BPix] MISSING_CENTRAL: SR3Mu/Central/bjets/3/eta in Skim_TriLep_ZZZ.root
2026-04-28 20:34:44,441 - INFO - [2023BPix] MISSING_CENTRAL: SR3Mu/Central/bjets/3/eta in Skim_TriLep_VBFHToZZTo4L.root
2026-04-28 20:34:44,442 - INFO - [2023BPix] MISSING_CENTRAL: SR3Mu/Central/bjets/3/eta in Skim_TriLep_ggHToZZTo4L.root
2026-05-04 15:39:13,854 - INFO - [2022] MISSING_CENTRAL: SR3Mu/Central/bjets/3/eta in Skim_TriLep_DoubleMuon_C.root
2026-05-04 15:39:13,896 - INFO - [2022] MISSING_CENTRAL: SR3Mu/Central/bjets/3/eta in Skim_TriLep_Muon_D.root
2026-05-04 15:39:13,918 - INFO - [2022EE] MISSING_CENTRAL: SR3Mu/Central/bjets/3/eta in Skim_TriLep_Muon_G.root
2026-05-04 15:39:13,928 - INFO - [2023] MISSING_CENTRAL: SR3Mu/Central/bjets/3/eta in Skim_TriLep_Muon0_C_v1.root
2026-05-04 15:39:13,928 - INFO - [2023] MISSING_CENTRAL: SR3Mu/Central/bjets/3/eta in Skim_TriLep_Muon0_C_v2.root
2026-05-04 15:39:13,929 - INFO - [2023] MISSING_CENTRAL: SR3Mu/Central/bjets/3/eta in Skim_TriLep_Muon0_C_v3.root
2026-05-04 15:39:13,930 - INFO - [2023] MISSING_CENTRAL: SR3Mu/Central/bjets/3/eta in Skim_TriLep_Muon0_C_v4.root
2026-05-04 15:39:13,930 - INFO - [2023] MISSING_CENTRAL: SR3Mu/Central/bjets/3/eta in Skim_TriLep_Muon1_C_v1.root
2026-05-04 15:39:13,931 - INFO - [2023] MISSING_CENTRAL: SR3Mu/Central/bjets/3/eta in Skim_TriLep_Muon1_C_v2.root
2026-05-04 15:39:13,931 - INFO - [2023] MISSING_CENTRAL: SR3Mu/Central/bjets/3/eta in Skim_TriLep_Muon1_C_v3.root
2026-05-04 15:39:13,932 - INFO - [2023] MISSING_CENTRAL: SR3Mu/Central/bjets/3/eta in Skim_TriLep_Muon1_C_v4.root
2026-05-04 15:39:13,933 - INFO - [2023BPix] MISSING_CENTRAL: SR3Mu/Central/bjets/3/eta in Skim_TriLep_Muon0_D_v2.root
2026-05-04 15:39:13,933 - INFO - [2023BPix] MISSING_CENTRAL: SR3Mu/Central/bjets/3/eta in Skim_TriLep_Muon1_D_v1.root
2026-05-04 15:39:13,934 - INFO - [2023BPix] MISSING_CENTRAL: SR3Mu/Central/bjets/3/eta in Skim_TriLep_Muon1_D_v2.root
2026-05-04 15:39:13,938 - INFO - [2022] MISSING_CENTRAL: SR3Mu/Central/bjets/3/eta in Skim_TriLep_DoubleMuon_C.root
2026-05-04 15:39:13,942 - INFO - [2022] MISSING_CENTRAL: SR3Mu/Central/bjets/3/eta in Skim_TriLep_Muon_D.root
2026-05-04 15:39:13,943 - INFO - [2022] MISSING_CENTRAL: SR3Mu/Central/bjets/3/eta in Skim_TriLep_DYJets.root
2026-05-04 15:39:13,944 - INFO - [2022] MISSING_CENTRAL: SR3Mu/Central/bjets/3/eta in Skim_TriLep_DYJets10to50.root
2026-05-04 15:39:13,944 - INFO - [2022] MISSING_CENTRAL: SR3Mu/Central/bjets/3/eta in Skim_TriLep_TTG_PTG10to100.root
2026-05-04 15:39:13,945 - INFO - [2022] MISSING_CENTRAL: SR3Mu/Central/bjets/3/eta in Skim_TriLep_TTG_PTG100to200.root
2026-05-04 15:39:13,945 - INFO - [2022] MISSING_CENTRAL: SR3Mu/Central/bjets/3/eta in Skim_TriLep_TTG_PTG200toInf.root
2026-05-04 15:39:13,947 - INFO - [2022] MISSING_CENTRAL: SR3Mu/Central/bjets/3/eta in Skim_TriLep_TTWToLNu.root
2026-05-04 15:39:13,986 - INFO - [2022] MISSING_CENTRAL: SR3Mu/Central/bjets/3/eta in Skim_TriLep_WZTo3LNu_powheg.root
2026-05-04 15:39:13,987 - INFO - [2022] MISSING_CENTRAL: SR3Mu/Central/bjets/3/eta in Skim_TriLep_ZZTo4L_powheg.root
2026-05-04 15:39:13,995 - INFO - [2022] MISSING_CENTRAL: SR3Mu/Central/bjets/3/eta in Skim_TriLep_WWW.root
2026-05-04 15:39:13,996 - INFO - [2022] MISSING_CENTRAL: SR3Mu/Central/bjets/3/eta in Skim_TriLep_WWZ.root
2026-05-04 15:39:13,997 - INFO - [2022] MISSING_CENTRAL: SR3Mu/Central/bjets/3/eta in Skim_TriLep_WZZ.root
2026-05-04 15:39:14,011 - INFO - [2022] MISSING_CENTRAL: SR3Mu/Central/bjets/3/eta in Skim_TriLep_VBFHToZZTo4L.root
2026-05-04 15:39:14,011 - INFO - [2022] MISSING_CENTRAL: SR3Mu/Central/bjets/3/eta in Skim_TriLep_ggHToZZTo4L.root
2026-05-04 15:39:14,012 - INFO - [2022EE] MISSING_CENTRAL: SR3Mu/Central/bjets/3/eta in Skim_TriLep_Muon_E.root
2026-05-04 15:39:14,013 - INFO - [2022EE] MISSING_CENTRAL: SR3Mu/Central/bjets/3/eta in Skim_TriLep_DYJets.root
2026-05-04 15:39:14,014 - INFO - [2022EE] MISSING_CENTRAL: SR3Mu/Central/bjets/3/eta in Skim_TriLep_DYJets10to50.root
2026-05-04 15:39:14,014 - INFO - [2022EE] MISSING_CENTRAL: SR3Mu/Central/bjets/3/eta in Skim_TriLep_TTG_PTG10to100.root
2026-05-04 15:39:14,015 - INFO - [2022EE] MISSING_CENTRAL: SR3Mu/Central/bjets/3/eta in Skim_TriLep_TTG_PTG100to200.root
2026-05-04 15:39:14,015 - INFO - [2022EE] MISSING_CENTRAL: SR3Mu/Central/bjets/3/eta in Skim_TriLep_TTG_PTG200toInf.root
2026-05-04 15:39:14,055 - INFO - [2022EE] MISSING_CENTRAL: SR3Mu/Central/bjets/3/eta in Skim_TriLep_WZTo3LNu_powheg.root
2026-05-04 15:39:14,070 - INFO - [2022EE] MISSING_CENTRAL: SR3Mu/Central/bjets/3/eta in Skim_TriLep_WWW.root
2026-05-04 15:39:14,071 - INFO - [2022EE] MISSING_CENTRAL: SR3Mu/Central/bjets/3/eta in Skim_TriLep_WWZ.root
2026-05-04 15:39:14,094 - INFO - [2022EE] MISSING_CENTRAL: SR3Mu/Central/bjets/3/eta in Skim_TriLep_VBFHToZZTo4L.root
2026-05-04 15:39:14,094 - INFO - [2022EE] MISSING_CENTRAL: SR3Mu/Central/bjets/3/eta in Skim_TriLep_ggHToZZTo4L.root
2026-05-04 15:39:14,095 - INFO - [2023] MISSING_CENTRAL: SR3Mu/Central/bjets/3/eta in Skim_TriLep_Muon0_C_v2.root
2026-05-04 15:39:14,096 - INFO - [2023] MISSING_CENTRAL: SR3Mu/Central/bjets/3/eta in Skim_TriLep_Muon0_C_v3.root
2026-05-04 15:39:14,097 - INFO - [2023] MISSING_CENTRAL: SR3Mu/Central/bjets/3/eta in Skim_TriLep_Muon1_C_v1.root
2026-05-04 15:39:14,098 - INFO - [2023] MISSING_CENTRAL: SR3Mu/Central/bjets/3/eta in Skim_TriLep_Muon1_C_v2.root
2026-05-04 15:39:14,098 - INFO - [2023] MISSING_CENTRAL: SR3Mu/Central/bjets/3/eta in Skim_TriLep_Muon1_C_v3.root
2026-05-04 15:39:14,099 - INFO - [2023] MISSING_CENTRAL: SR3Mu/Central/bjets/3/eta in Skim_TriLep_Muon1_C_v4.root
2026-05-04 15:39:14,100 - INFO - [2023] MISSING_CENTRAL: SR3Mu/Central/bjets/3/eta in Skim_TriLep_DYJets.root
2026-05-04 15:39:14,101 - INFO - [2023] MISSING_CENTRAL: SR3Mu/Central/bjets/3/eta in Skim_TriLep_DYJets10to50.root
2026-05-04 15:39:14,102 - INFO - [2023] MISSING_CENTRAL: SR3Mu/Central/bjets/3/eta in Skim_TriLep_TTG_PTG10to100.root
2026-05-04 15:39:14,102 - INFO - [2023] MISSING_CENTRAL: SR3Mu/Central/bjets/3/eta in Skim_TriLep_TTG_PTG100to200.root
2026-05-04 15:39:14,103 - INFO - [2023] MISSING_CENTRAL: SR3Mu/Central/bjets/3/eta in Skim_TriLep_TTG_PTG200toInf.root
2026-05-04 15:39:14,140 - INFO - [2023] MISSING_CENTRAL: SR3Mu/Central/bjets/3/eta in Skim_TriLep_WZTo3LNu_powheg.root
2026-05-04 15:39:14,148 - INFO - [2023] MISSING_CENTRAL: SR3Mu/Central/bjets/3/eta in Skim_TriLep_tHq.root
2026-05-04 15:39:14,148 - INFO - [2023] MISSING_CENTRAL: SR3Mu/Central/bjets/3/eta in Skim_TriLep_WWW.root
2026-05-04 15:39:14,149 - INFO - [2023] MISSING_CENTRAL: SR3Mu/Central/bjets/3/eta in Skim_TriLep_WWZ.root
2026-05-04 15:39:14,150 - INFO - [2023] MISSING_CENTRAL: SR3Mu/Central/bjets/3/eta in Skim_TriLep_WZZ.root
2026-05-04 15:39:14,150 - INFO - [2023] MISSING_CENTRAL: SR3Mu/Central/bjets/3/eta in Skim_TriLep_ZZZ.root
2026-05-04 15:39:14,162 - INFO - [2023] MISSING_CENTRAL: SR3Mu/Central/bjets/3/eta in Skim_TriLep_VBFHToZZTo4L.root
2026-05-04 15:39:14,164 - INFO - [2023] MISSING_CENTRAL: SR3Mu/Central/bjets/3/eta in Skim_TriLep_ggHToZZTo4L.root
2026-05-04 15:39:14,164 - INFO - [2023BPix] MISSING_CENTRAL: SR3Mu/Central/bjets/3/eta in Skim_TriLep_Muon0_D_v1.root
2026-05-04 15:39:14,165 - INFO - [2023BPix] MISSING_CENTRAL: SR3Mu/Central/bjets/3/eta in Skim_TriLep_Muon0_D_v2.root
2026-05-04 15:39:14,165 - INFO - [2023BPix] MISSING_CENTRAL: SR3Mu/Central/bjets/3/eta in Skim_TriLep_Muon1_D_v1.root
2026-05-04 15:39:14,166 - INFO - [2023BPix] MISSING_CENTRAL: SR3Mu/Central/bjets/3/eta in Skim_TriLep_Muon1_D_v2.root
2026-05-04 15:39:14,168 - INFO - [2023BPix] MISSING_CENTRAL: SR3Mu/Central/bjets/3/eta in Skim_TriLep_DYJets.root
2026-05-04 15:39:14,172 - INFO - [2023BPix] MISSING_CENTRAL: SR3Mu/Central/bjets/3/eta in Skim_TriLep_DYJets10to50.root
2026-05-04 15:39:14,173 - INFO - [2023BPix] MISSING_CENTRAL: SR3Mu/Central/bjets/3/eta in Skim_TriLep_TTG_PTG10to100.root
2026-05-04 15:39:14,174 - INFO - [2023BPix] MISSING_CENTRAL: SR3Mu/Central/bjets/3/eta in Skim_TriLep_TTG_PTG100to200.root
2026-05-04 15:39:14,175 - INFO - [2023BPix] MISSING_CENTRAL: SR3Mu/Central/bjets/3/eta in Skim_TriLep_TTG_PTG200toInf.root
2026-05-04 15:39:14,176 - INFO - [2023BPix] MISSING_CENTRAL: SR3Mu/Central/bjets/3/eta in Skim_TriLep_TTWToLNu.root
2026-05-04 15:39:14,229 - INFO - [2023BPix] MISSING_CENTRAL: SR3Mu/Central/bjets/3/eta in Skim_TriLep_WZTo3LNu_powheg.root
2026-05-04 15:39:14,237 - INFO - [2023BPix] MISSING_CENTRAL: SR3Mu/Central/bjets/3/eta in Skim_TriLep_tHq.root
2026-05-04 15:39:14,238 - INFO - [2023BPix] MISSING_CENTRAL: SR3Mu/Central/bjets/3/eta in Skim_TriLep_WWW.root
2026-05-04 15:39:14,239 - INFO - [2023BPix] MISSING_CENTRAL: SR3Mu/Central/bjets/3/eta in Skim_TriLep_WWZ.root
2026-05-04 15:39:14,240 - INFO - [2023BPix] MISSING_CENTRAL: SR3Mu/Central/bjets/3/eta in Skim_TriLep_WZZ.root
2026-05-04 15:39:14,241 - INFO - [2023BPix] MISSING_CENTRAL: SR3Mu/Central/bjets/3/eta in Skim_TriLep_ZZZ.root
2026-05-04 15:39:14,248 - INFO - [2023BPix] MISSING_CENTRAL: SR3Mu/Central/bjets/3/eta in Skim_TriLep_VBFHToZZTo4L.root
2026-05-04 15:39:14,249 - INFO - [2023BPix] MISSING_CENTRAL: SR3Mu/Central/bjets/3/eta in Skim_TriLep_ggHToZZTo4L.root
2026-05-04 15:41:23,213 - INFO - [2022] MISSING_CENTRAL: SR3Mu/Central/bjets/3/eta in Skim_TriLep_DoubleMuon_C.root
2026-05-04 15:41:23,253 - INFO - [2022] MISSING_CENTRAL: SR3Mu/Central/bjets/3/eta in Skim_TriLep_Muon_D.root
2026-05-04 15:41:23,275 - INFO - [2022EE] MISSING_CENTRAL: SR3Mu/Central/bjets/3/eta in Skim_TriLep_Muon_G.root
2026-05-04 15:41:23,285 - INFO - [2023] MISSING_CENTRAL: SR3Mu/Central/bjets/3/eta in Skim_TriLep_Muon0_C_v1.root
2026-05-04 15:41:23,286 - INFO - [2023] MISSING_CENTRAL: SR3Mu/Central/bjets/3/eta in Skim_TriLep_Muon0_C_v2.root
2026-05-04 15:41:23,286 - INFO - [2023] MISSING_CENTRAL: SR3Mu/Central/bjets/3/eta in Skim_TriLep_Muon0_C_v3.root
2026-05-04 15:41:23,287 - INFO - [2023] MISSING_CENTRAL: SR3Mu/Central/bjets/3/eta in Skim_TriLep_Muon0_C_v4.root
2026-05-04 15:41:23,287 - INFO - [2023] MISSING_CENTRAL: SR3Mu/Central/bjets/3/eta in Skim_TriLep_Muon1_C_v1.root
2026-05-04 15:41:23,288 - INFO - [2023] MISSING_CENTRAL: SR3Mu/Central/bjets/3/eta in Skim_TriLep_Muon1_C_v2.root
2026-05-04 15:41:23,289 - INFO - [2023] MISSING_CENTRAL: SR3Mu/Central/bjets/3/eta in Skim_TriLep_Muon1_C_v3.root
2026-05-04 15:41:23,289 - INFO - [2023] MISSING_CENTRAL: SR3Mu/Central/bjets/3/eta in Skim_TriLep_Muon1_C_v4.root
2026-05-04 15:41:23,290 - INFO - [2023BPix] MISSING_CENTRAL: SR3Mu/Central/bjets/3/eta in Skim_TriLep_Muon0_D_v2.root
2026-05-04 15:41:23,291 - INFO - [2023BPix] MISSING_CENTRAL: SR3Mu/Central/bjets/3/eta in Skim_TriLep_Muon1_D_v1.root
2026-05-04 15:41:23,292 - INFO - [2023BPix] MISSING_CENTRAL: SR3Mu/Central/bjets/3/eta in Skim_TriLep_Muon1_D_v2.root
2026-05-04 15:41:23,296 - INFO - [2022] MISSING_CENTRAL: SR3Mu/Central/bjets/3/eta in Skim_TriLep_DoubleMuon_C.root
2026-05-04 15:41:23,301 - INFO - [2022] MISSING_CENTRAL: SR3Mu/Central/bjets/3/eta in Skim_TriLep_Muon_D.root
2026-05-04 15:41:23,301 - INFO - [2022] MISSING_CENTRAL: SR3Mu/Central/bjets/3/eta in Skim_TriLep_DYJets.root
2026-05-04 15:41:23,302 - INFO - [2022] MISSING_CENTRAL: SR3Mu/Central/bjets/3/eta in Skim_TriLep_DYJets10to50.root
2026-05-04 15:41:23,303 - INFO - [2022] MISSING_CENTRAL: SR3Mu/Central/bjets/3/eta in Skim_TriLep_TTG_PTG10to100.root
2026-05-04 15:41:23,303 - INFO - [2022] MISSING_CENTRAL: SR3Mu/Central/bjets/3/eta in Skim_TriLep_TTG_PTG100to200.root
2026-05-04 15:41:23,304 - INFO - [2022] MISSING_CENTRAL: SR3Mu/Central/bjets/3/eta in Skim_TriLep_TTG_PTG200toInf.root
2026-05-04 15:41:23,305 - INFO - [2022] MISSING_CENTRAL: SR3Mu/Central/bjets/3/eta in Skim_TriLep_TTWToLNu.root
2026-05-04 15:41:23,344 - INFO - [2022] MISSING_CENTRAL: SR3Mu/Central/bjets/3/eta in Skim_TriLep_WZTo3LNu_powheg.root
2026-05-04 15:41:23,345 - INFO - [2022] MISSING_CENTRAL: SR3Mu/Central/bjets/3/eta in Skim_TriLep_ZZTo4L_powheg.root
2026-05-04 15:41:23,353 - INFO - [2022] MISSING_CENTRAL: SR3Mu/Central/bjets/3/eta in Skim_TriLep_WWW.root
2026-05-04 15:41:23,354 - INFO - [2022] MISSING_CENTRAL: SR3Mu/Central/bjets/3/eta in Skim_TriLep_WWZ.root
2026-05-04 15:41:23,354 - INFO - [2022] MISSING_CENTRAL: SR3Mu/Central/bjets/3/eta in Skim_TriLep_WZZ.root
2026-05-04 15:41:23,367 - INFO - [2022] MISSING_CENTRAL: SR3Mu/Central/bjets/3/eta in Skim_TriLep_VBFHToZZTo4L.root
2026-05-04 15:41:23,368 - INFO - [2022] MISSING_CENTRAL: SR3Mu/Central/bjets/3/eta in Skim_TriLep_ggHToZZTo4L.root
2026-05-04 15:41:23,368 - INFO - [2022EE] MISSING_CENTRAL: SR3Mu/Central/bjets/3/eta in Skim_TriLep_Muon_E.root
2026-05-04 15:41:23,370 - INFO - [2022EE] MISSING_CENTRAL: SR3Mu/Central/bjets/3/eta in Skim_TriLep_DYJets.root
2026-05-04 15:41:23,371 - INFO - [2022EE] MISSING_CENTRAL: SR3Mu/Central/bjets/3/eta in Skim_TriLep_DYJets10to50.root
2026-05-04 15:41:23,372 - INFO - [2022EE] MISSING_CENTRAL: SR3Mu/Central/bjets/3/eta in Skim_TriLep_TTG_PTG10to100.root
2026-05-04 15:41:23,372 - INFO - [2022EE] MISSING_CENTRAL: SR3Mu/Central/bjets/3/eta in Skim_TriLep_TTG_PTG100to200.root
2026-05-04 15:41:23,373 - INFO - [2022EE] MISSING_CENTRAL: SR3Mu/Central/bjets/3/eta in Skim_TriLep_TTG_PTG200toInf.root
2026-05-04 15:41:23,412 - INFO - [2022EE] MISSING_CENTRAL: SR3Mu/Central/bjets/3/eta in Skim_TriLep_WZTo3LNu_powheg.root
2026-05-04 15:41:23,428 - INFO - [2022EE] MISSING_CENTRAL: SR3Mu/Central/bjets/3/eta in Skim_TriLep_WWW.root
2026-05-04 15:41:23,429 - INFO - [2022EE] MISSING_CENTRAL: SR3Mu/Central/bjets/3/eta in Skim_TriLep_WWZ.root
2026-05-04 15:41:23,453 - INFO - [2022EE] MISSING_CENTRAL: SR3Mu/Central/bjets/3/eta in Skim_TriLep_VBFHToZZTo4L.root
2026-05-04 15:41:23,454 - INFO - [2022EE] MISSING_CENTRAL: SR3Mu/Central/bjets/3/eta in Skim_TriLep_ggHToZZTo4L.root
2026-05-04 15:41:23,456 - INFO - [2023] MISSING_CENTRAL: SR3Mu/Central/bjets/3/eta in Skim_TriLep_Muon0_C_v2.root
2026-05-04 15:41:23,456 - INFO - [2023] MISSING_CENTRAL: SR3Mu/Central/bjets/3/eta in Skim_TriLep_Muon0_C_v3.root
2026-05-04 15:41:23,458 - INFO - [2023] MISSING_CENTRAL: SR3Mu/Central/bjets/3/eta in Skim_TriLep_Muon1_C_v1.root
2026-05-04 15:41:23,458 - INFO - [2023] MISSING_CENTRAL: SR3Mu/Central/bjets/3/eta in Skim_TriLep_Muon1_C_v2.root
2026-05-04 15:41:23,459 - INFO - [2023] MISSING_CENTRAL: SR3Mu/Central/bjets/3/eta in Skim_TriLep_Muon1_C_v3.root
2026-05-04 15:41:23,459 - INFO - [2023] MISSING_CENTRAL: SR3Mu/Central/bjets/3/eta in Skim_TriLep_Muon1_C_v4.root
2026-05-04 15:41:23,461 - INFO - [2023] MISSING_CENTRAL: SR3Mu/Central/bjets/3/eta in Skim_TriLep_DYJets.root
2026-05-04 15:41:23,461 - INFO - [2023] MISSING_CENTRAL: SR3Mu/Central/bjets/3/eta in Skim_TriLep_DYJets10to50.root
2026-05-04 15:41:23,462 - INFO - [2023] MISSING_CENTRAL: SR3Mu/Central/bjets/3/eta in Skim_TriLep_TTG_PTG10to100.root
2026-05-04 15:41:23,463 - INFO - [2023] MISSING_CENTRAL: SR3Mu/Central/bjets/3/eta in Skim_TriLep_TTG_PTG100to200.root
2026-05-04 15:41:23,464 - INFO - [2023] MISSING_CENTRAL: SR3Mu/Central/bjets/3/eta in Skim_TriLep_TTG_PTG200toInf.root
2026-05-04 15:41:23,503 - INFO - [2023] MISSING_CENTRAL: SR3Mu/Central/bjets/3/eta in Skim_TriLep_WZTo3LNu_powheg.root
2026-05-04 15:41:23,511 - INFO - [2023] MISSING_CENTRAL: SR3Mu/Central/bjets/3/eta in Skim_TriLep_tHq.root
2026-05-04 15:41:23,511 - INFO - [2023] MISSING_CENTRAL: SR3Mu/Central/bjets/3/eta in Skim_TriLep_WWW.root
2026-05-04 15:41:23,512 - INFO - [2023] MISSING_CENTRAL: SR3Mu/Central/bjets/3/eta in Skim_TriLep_WWZ.root
2026-05-04 15:41:23,513 - INFO - [2023] MISSING_CENTRAL: SR3Mu/Central/bjets/3/eta in Skim_TriLep_WZZ.root
2026-05-04 15:41:23,514 - INFO - [2023] MISSING_CENTRAL: SR3Mu/Central/bjets/3/eta in Skim_TriLep_ZZZ.root
2026-05-04 15:41:23,523 - INFO - [2023] MISSING_CENTRAL: SR3Mu/Central/bjets/3/eta in Skim_TriLep_VBFHToZZTo4L.root
2026-05-04 15:41:23,524 - INFO - [2023] MISSING_CENTRAL: SR3Mu/Central/bjets/3/eta in Skim_TriLep_ggHToZZTo4L.root
2026-05-04 15:41:23,525 - INFO - [2023BPix] MISSING_CENTRAL: SR3Mu/Central/bjets/3/eta in Skim_TriLep_Muon0_D_v1.root
2026-05-04 15:41:23,525 - INFO - [2023BPix] MISSING_CENTRAL: SR3Mu/Central/bjets/3/eta in Skim_TriLep_Muon0_D_v2.root
2026-05-04 15:41:23,526 - INFO - [2023BPix] MISSING_CENTRAL: SR3Mu/Central/bjets/3/eta in Skim_TriLep_Muon1_D_v1.root
2026-05-04 15:41:23,526 - INFO - [2023BPix] MISSING_CENTRAL: SR3Mu/Central/bjets/3/eta in Skim_TriLep_Muon1_D_v2.root
2026-05-04 15:41:23,527 - INFO - [2023BPix] MISSING_CENTRAL: SR3Mu/Central/bjets/3/eta in Skim_TriLep_DYJets.root
2026-05-04 15:41:23,528 - INFO - [2023BPix] MISSING_CENTRAL: SR3Mu/Central/bjets/3/eta in Skim_TriLep_DYJets10to50.root
2026-05-04 15:41:23,528 - INFO - [2023BPix] MISSING_CENTRAL: SR3Mu/Central/bjets/3/eta in Skim_TriLep_TTG_PTG10to100.root
2026-05-04 15:41:23,529 - INFO - [2023BPix] MISSING_CENTRAL: SR3Mu/Central/bjets/3/eta in Skim_TriLep_TTG_PTG100to200.root
2026-05-04 15:41:23,530 - INFO - [2023BPix] MISSING_CENTRAL: SR3Mu/Central/bjets/3/eta in Skim_TriLep_TTG_PTG200toInf.root
2026-05-04 15:41:23,530 - INFO - [2023BPix] MISSING_CENTRAL: SR3Mu/Central/bjets/3/eta in Skim_TriLep_TTWToLNu.root
2026-05-04 15:41:23,562 - INFO - [2023BPix] MISSING_CENTRAL: SR3Mu/Central/bjets/3/eta in Skim_TriLep_WZTo3LNu_powheg.root
2026-05-04 15:41:23,570 - INFO - [2023BPix] MISSING_CENTRAL: SR3Mu/Central/bjets/3/eta in Skim_TriLep_tHq.root
2026-05-04 15:41:23,571 - INFO - [2023BPix] MISSING_CENTRAL: SR3Mu/Central/bjets/3/eta in Skim_TriLep_WWW.root
2026-05-04 15:41:23,572 - INFO - [2023BPix] MISSING_CENTRAL: SR3Mu/Central/bjets/3/eta in Skim_TriLep_WWZ.root
2026-05-04 15:41:23,572 - INFO - [2023BPix] MISSING_CENTRAL: SR3Mu/Central/bjets/3/eta in Skim_TriLep_WZZ.root
2026-05-04 15:41:23,573 - INFO - [2023BPix] MISSING_CENTRAL: SR3Mu/Central/bjets/3/eta in Skim_TriLep_ZZZ.root
2026-05-04 15:41:23,582 - INFO - [2023BPix] MISSING_CENTRAL: SR3Mu/Central/bjets/3/eta in Skim_TriLep_VBFHToZZTo4L.root
2026-05-04 15:41:23,583 - INFO - [2023BPix] MISSING_CENTRAL: SR3Mu/Central/bjets/3/eta in Skim_TriLep_ggHToZZTo4L.root
2026-05-04 16:03:21,853 - INFO - [2022] MISSING_CENTRAL: SR3Mu/Central/bjets/3/eta in Skim_TriLep_DoubleMuon_C.root
2026-05-04 16:03:21,892 - INFO - [2022] MISSING_CENTRAL: SR3Mu/Central/bjets/3/eta in Skim_TriLep_Muon_D.root
2026-05-04 16:03:21,914 - INFO - [2022EE] MISSING_CENTRAL: SR3Mu/Central/bjets/3/eta in Skim_TriLep_Muon_G.root
2026-05-04 16:03:21,924 - INFO - [2023] MISSING_CENTRAL: SR3Mu/Central/bjets/3/eta in Skim_TriLep_Muon0_C_v1.root
2026-05-04 16:03:21,924 - INFO - [2023] MISSING_CENTRAL: SR3Mu/Central/bjets/3/eta in Skim_TriLep_Muon0_C_v2.root
2026-05-04 16:03:21,925 - INFO - [2023] MISSING_CENTRAL: SR3Mu/Central/bjets/3/eta in Skim_TriLep_Muon0_C_v3.root
2026-05-04 16:03:21,925 - INFO - [2023] MISSING_CENTRAL: SR3Mu/Central/bjets/3/eta in Skim_TriLep_Muon0_C_v4.root
2026-05-04 16:03:21,926 - INFO - [2023] MISSING_CENTRAL: SR3Mu/Central/bjets/3/eta in Skim_TriLep_Muon1_C_v1.root
2026-05-04 16:03:21,926 - INFO - [2023] MISSING_CENTRAL: SR3Mu/Central/bjets/3/eta in Skim_TriLep_Muon1_C_v2.root
2026-05-04 16:03:21,926 - INFO - [2023] MISSING_CENTRAL: SR3Mu/Central/bjets/3/eta in Skim_TriLep_Muon1_C_v3.root
2026-05-04 16:03:21,927 - INFO - [2023] MISSING_CENTRAL: SR3Mu/Central/bjets/3/eta in Skim_TriLep_Muon1_C_v4.root
2026-05-04 16:03:21,928 - INFO - [2023BPix] MISSING_CENTRAL: SR3Mu/Central/bjets/3/eta in Skim_TriLep_Muon0_D_v2.root
2026-05-04 16:03:21,928 - INFO - [2023BPix] MISSING_CENTRAL: SR3Mu/Central/bjets/3/eta in Skim_TriLep_Muon1_D_v1.root
2026-05-04 16:03:21,929 - INFO - [2023BPix] MISSING_CENTRAL: SR3Mu/Central/bjets/3/eta in Skim_TriLep_Muon1_D_v2.root
2026-05-04 16:03:21,934 - INFO - [2022] MISSING_CENTRAL: SR3Mu/Central/bjets/3/eta in Skim_TriLep_DoubleMuon_C.root
2026-05-04 16:03:21,938 - INFO - [2022] MISSING_CENTRAL: SR3Mu/Central/bjets/3/eta in Skim_TriLep_Muon_D.root
2026-05-04 16:03:21,938 - INFO - [2022] MISSING_CENTRAL: SR3Mu/Central/bjets/3/eta in Skim_TriLep_DYJets.root
2026-05-04 16:03:21,939 - INFO - [2022] MISSING_CENTRAL: SR3Mu/Central/bjets/3/eta in Skim_TriLep_DYJets10to50.root
2026-05-04 16:03:21,939 - INFO - [2022] MISSING_CENTRAL: SR3Mu/Central/bjets/3/eta in Skim_TriLep_TTG_PTG10to100.root
2026-05-04 16:03:21,940 - INFO - [2022] MISSING_CENTRAL: SR3Mu/Central/bjets/3/eta in Skim_TriLep_TTG_PTG100to200.root
2026-05-04 16:03:21,940 - INFO - [2022] MISSING_CENTRAL: SR3Mu/Central/bjets/3/eta in Skim_TriLep_TTG_PTG200toInf.root
2026-05-04 16:03:21,942 - INFO - [2022] MISSING_CENTRAL: SR3Mu/Central/bjets/3/eta in Skim_TriLep_TTWToLNu.root
2026-05-04 16:03:21,977 - INFO - [2022] MISSING_CENTRAL: SR3Mu/Central/bjets/3/eta in Skim_TriLep_WZTo3LNu_powheg.root
2026-05-04 16:03:21,978 - INFO - [2022] MISSING_CENTRAL: SR3Mu/Central/bjets/3/eta in Skim_TriLep_ZZTo4L_powheg.root
2026-05-04 16:03:21,985 - INFO - [2022] MISSING_CENTRAL: SR3Mu/Central/bjets/3/eta in Skim_TriLep_WWW.root
2026-05-04 16:03:21,985 - INFO - [2022] MISSING_CENTRAL: SR3Mu/Central/bjets/3/eta in Skim_TriLep_WWZ.root
2026-05-04 16:03:21,986 - INFO - [2022] MISSING_CENTRAL: SR3Mu/Central/bjets/3/eta in Skim_TriLep_WZZ.root
2026-05-04 16:03:21,999 - INFO - [2022] MISSING_CENTRAL: SR3Mu/Central/bjets/3/eta in Skim_TriLep_VBFHToZZTo4L.root
2026-05-04 16:03:22,000 - INFO - [2022] MISSING_CENTRAL: SR3Mu/Central/bjets/3/eta in Skim_TriLep_ggHToZZTo4L.root
2026-05-04 16:03:22,000 - INFO - [2022EE] MISSING_CENTRAL: SR3Mu/Central/bjets/3/eta in Skim_TriLep_Muon_E.root
2026-05-04 16:03:22,002 - INFO - [2022EE] MISSING_CENTRAL: SR3Mu/Central/bjets/3/eta in Skim_TriLep_DYJets.root
2026-05-04 16:03:22,002 - INFO - [2022EE] MISSING_CENTRAL: SR3Mu/Central/bjets/3/eta in Skim_TriLep_DYJets10to50.root
2026-05-04 16:03:22,003 - INFO - [2022EE] MISSING_CENTRAL: SR3Mu/Central/bjets/3/eta in Skim_TriLep_TTG_PTG10to100.root
2026-05-04 16:03:22,003 - INFO - [2022EE] MISSING_CENTRAL: SR3Mu/Central/bjets/3/eta in Skim_TriLep_TTG_PTG100to200.root
2026-05-04 16:03:22,004 - INFO - [2022EE] MISSING_CENTRAL: SR3Mu/Central/bjets/3/eta in Skim_TriLep_TTG_PTG200toInf.root
2026-05-04 16:03:22,037 - INFO - [2022EE] MISSING_CENTRAL: SR3Mu/Central/bjets/3/eta in Skim_TriLep_WZTo3LNu_powheg.root
2026-05-04 16:03:22,052 - INFO - [2022EE] MISSING_CENTRAL: SR3Mu/Central/bjets/3/eta in Skim_TriLep_WWW.root
2026-05-04 16:03:22,052 - INFO - [2022EE] MISSING_CENTRAL: SR3Mu/Central/bjets/3/eta in Skim_TriLep_WWZ.root
2026-05-04 16:03:22,073 - INFO - [2022EE] MISSING_CENTRAL: SR3Mu/Central/bjets/3/eta in Skim_TriLep_VBFHToZZTo4L.root
2026-05-04 16:03:22,074 - INFO - [2022EE] MISSING_CENTRAL: SR3Mu/Central/bjets/3/eta in Skim_TriLep_ggHToZZTo4L.root
2026-05-04 16:03:22,075 - INFO - [2023] MISSING_CENTRAL: SR3Mu/Central/bjets/3/eta in Skim_TriLep_Muon0_C_v2.root
2026-05-04 16:03:22,076 - INFO - [2023] MISSING_CENTRAL: SR3Mu/Central/bjets/3/eta in Skim_TriLep_Muon0_C_v3.root
2026-05-04 16:03:22,077 - INFO - [2023] MISSING_CENTRAL: SR3Mu/Central/bjets/3/eta in Skim_TriLep_Muon1_C_v1.root
2026-05-04 16:03:22,077 - INFO - [2023] MISSING_CENTRAL: SR3Mu/Central/bjets/3/eta in Skim_TriLep_Muon1_C_v2.root
2026-05-04 16:03:22,078 - INFO - [2023] MISSING_CENTRAL: SR3Mu/Central/bjets/3/eta in Skim_TriLep_Muon1_C_v3.root
2026-05-04 16:03:22,079 - INFO - [2023] MISSING_CENTRAL: SR3Mu/Central/bjets/3/eta in Skim_TriLep_Muon1_C_v4.root
2026-05-04 16:03:22,080 - INFO - [2023] MISSING_CENTRAL: SR3Mu/Central/bjets/3/eta in Skim_TriLep_DYJets.root
2026-05-04 16:03:22,080 - INFO - [2023] MISSING_CENTRAL: SR3Mu/Central/bjets/3/eta in Skim_TriLep_DYJets10to50.root
2026-05-04 16:03:22,081 - INFO - [2023] MISSING_CENTRAL: SR3Mu/Central/bjets/3/eta in Skim_TriLep_TTG_PTG10to100.root
2026-05-04 16:03:22,082 - INFO - [2023] MISSING_CENTRAL: SR3Mu/Central/bjets/3/eta in Skim_TriLep_TTG_PTG100to200.root
2026-05-04 16:03:22,082 - INFO - [2023] MISSING_CENTRAL: SR3Mu/Central/bjets/3/eta in Skim_TriLep_TTG_PTG200toInf.root
2026-05-04 16:03:22,118 - INFO - [2023] MISSING_CENTRAL: SR3Mu/Central/bjets/3/eta in Skim_TriLep_WZTo3LNu_powheg.root
2026-05-04 16:03:22,127 - INFO - [2023] MISSING_CENTRAL: SR3Mu/Central/bjets/3/eta in Skim_TriLep_tHq.root
2026-05-04 16:03:22,128 - INFO - [2023] MISSING_CENTRAL: SR3Mu/Central/bjets/3/eta in Skim_TriLep_WWW.root
2026-05-04 16:03:22,128 - INFO - [2023] MISSING_CENTRAL: SR3Mu/Central/bjets/3/eta in Skim_TriLep_WWZ.root
2026-05-04 16:03:22,129 - INFO - [2023] MISSING_CENTRAL: SR3Mu/Central/bjets/3/eta in Skim_TriLep_WZZ.root
2026-05-04 16:03:22,129 - INFO - [2023] MISSING_CENTRAL: SR3Mu/Central/bjets/3/eta in Skim_TriLep_ZZZ.root
2026-05-04 16:03:22,139 - INFO - [2023] MISSING_CENTRAL: SR3Mu/Central/bjets/3/eta in Skim_TriLep_VBFHToZZTo4L.root
2026-05-04 16:03:22,140 - INFO - [2023] MISSING_CENTRAL: SR3Mu/Central/bjets/3/eta in Skim_TriLep_ggHToZZTo4L.root
2026-05-04 16:03:22,140 - INFO - [2023BPix] MISSING_CENTRAL: SR3Mu/Central/bjets/3/eta in Skim_TriLep_Muon0_D_v1.root
2026-05-04 16:03:22,141 - INFO - [2023BPix] MISSING_CENTRAL: SR3Mu/Central/bjets/3/eta in Skim_TriLep_Muon0_D_v2.root
2026-05-04 16:03:22,142 - INFO - [2023BPix] MISSING_CENTRAL: SR3Mu/Central/bjets/3/eta in Skim_TriLep_Muon1_D_v1.root
2026-05-04 16:03:22,142 - INFO - [2023BPix] MISSING_CENTRAL: SR3Mu/Central/bjets/3/eta in Skim_TriLep_Muon1_D_v2.root
2026-05-04 16:03:22,143 - INFO - [2023BPix] MISSING_CENTRAL: SR3Mu/Central/bjets/3/eta in Skim_TriLep_DYJets.root
2026-05-04 16:03:22,143 - INFO - [2023BPix] MISSING_CENTRAL: SR3Mu/Central/bjets/3/eta in Skim_TriLep_DYJets10to50.root
2026-05-04 16:03:22,144 - INFO - [2023BPix] MISSING_CENTRAL: SR3Mu/Central/bjets/3/eta in Skim_TriLep_TTG_PTG10to100.root
2026-05-04 16:03:22,145 - INFO - [2023BPix] MISSING_CENTRAL: SR3Mu/Central/bjets/3/eta in Skim_TriLep_TTG_PTG100to200.root
2026-05-04 16:03:22,146 - INFO - [2023BPix] MISSING_CENTRAL: SR3Mu/Central/bjets/3/eta in Skim_TriLep_TTG_PTG200toInf.root
2026-05-04 16:03:22,146 - INFO - [2023BPix] MISSING_CENTRAL: SR3Mu/Central/bjets/3/eta in Skim_TriLep_TTWToLNu.root
2026-05-04 16:03:22,176 - INFO - [2023BPix] MISSING_CENTRAL: SR3Mu/Central/bjets/3/eta in Skim_TriLep_WZTo3LNu_powheg.root
2026-05-04 16:03:22,184 - INFO - [2023BPix] MISSING_CENTRAL: SR3Mu/Central/bjets/3/eta in Skim_TriLep_tHq.root
2026-05-04 16:03:22,185 - INFO - [2023BPix] MISSING_CENTRAL: SR3Mu/Central/bjets/3/eta in Skim_TriLep_WWW.root
2026-05-04 16:03:22,186 - INFO - [2023BPix] MISSING_CENTRAL: SR3Mu/Central/bjets/3/eta in Skim_TriLep_WWZ.root
2026-05-04 16:03:22,186 - INFO - [2023BPix] MISSING_CENTRAL: SR3Mu/Central/bjets/3/eta in Skim_TriLep_WZZ.root
2026-05-04 16:03:22,187 - INFO - [2023BPix] MISSING_CENTRAL: SR3Mu/Central/bjets/3/eta in Skim_TriLep_ZZZ.root
2026-05-04 16:03:22,195 - INFO - [2023BPix] MISSING_CENTRAL: SR3Mu/Central/bjets/3/eta in Skim_TriLep_VBFHToZZTo4L.root
2026-05-04 16:03:22,196 - INFO - [2023BPix] MISSING_CENTRAL: SR3Mu/Central/bjets/3/eta in Skim_TriLep_ggHToZZTo4L.root
2026-05-04 16:05:24,257 - INFO - [2022] MISSING_CENTRAL: SR3Mu/Central/bjets/3/eta in Skim_TriLep_DoubleMuon_C.root
2026-05-04 16:05:24,297 - INFO - [2022] MISSING_CENTRAL: SR3Mu/Central/bjets/3/eta in Skim_TriLep_Muon_D.root
2026-05-04 16:05:24,318 - INFO - [2022EE] MISSING_CENTRAL: SR3Mu/Central/bjets/3/eta in Skim_TriLep_Muon_G.root
2026-05-04 16:05:24,328 - INFO - [2023] MISSING_CENTRAL: SR3Mu/Central/bjets/3/eta in Skim_TriLep_Muon0_C_v1.root
2026-05-04 16:05:24,329 - INFO - [2023] MISSING_CENTRAL: SR3Mu/Central/bjets/3/eta in Skim_TriLep_Muon0_C_v2.root
2026-05-04 16:05:24,329 - INFO - [2023] MISSING_CENTRAL: SR3Mu/Central/bjets/3/eta in Skim_TriLep_Muon0_C_v3.root
2026-05-04 16:05:24,330 - INFO - [2023] MISSING_CENTRAL: SR3Mu/Central/bjets/3/eta in Skim_TriLep_Muon0_C_v4.root
2026-05-04 16:05:24,330 - INFO - [2023] MISSING_CENTRAL: SR3Mu/Central/bjets/3/eta in Skim_TriLep_Muon1_C_v1.root
2026-05-04 16:05:24,331 - INFO - [2023] MISSING_CENTRAL: SR3Mu/Central/bjets/3/eta in Skim_TriLep_Muon1_C_v2.root
2026-05-04 16:05:24,332 - INFO - [2023] MISSING_CENTRAL: SR3Mu/Central/bjets/3/eta in Skim_TriLep_Muon1_C_v3.root
2026-05-04 16:05:24,332 - INFO - [2023] MISSING_CENTRAL: SR3Mu/Central/bjets/3/eta in Skim_TriLep_Muon1_C_v4.root
2026-05-04 16:05:24,334 - INFO - [2023BPix] MISSING_CENTRAL: SR3Mu/Central/bjets/3/eta in Skim_TriLep_Muon0_D_v2.root
2026-05-04 16:05:24,334 - INFO - [2023BPix] MISSING_CENTRAL: SR3Mu/Central/bjets/3/eta in Skim_TriLep_Muon1_D_v1.root
2026-05-04 16:05:24,335 - INFO - [2023BPix] MISSING_CENTRAL: SR3Mu/Central/bjets/3/eta in Skim_TriLep_Muon1_D_v2.root
2026-05-04 16:05:24,340 - INFO - [2022] MISSING_CENTRAL: SR3Mu/Central/bjets/3/eta in Skim_TriLep_DoubleMuon_C.root
2026-05-04 16:05:24,344 - INFO - [2022] MISSING_CENTRAL: SR3Mu/Central/bjets/3/eta in Skim_TriLep_Muon_D.root
2026-05-04 16:05:24,345 - INFO - [2022] MISSING_CENTRAL: SR3Mu/Central/bjets/3/eta in Skim_TriLep_DYJets.root
2026-05-04 16:05:24,346 - INFO - [2022] MISSING_CENTRAL: SR3Mu/Central/bjets/3/eta in Skim_TriLep_DYJets10to50.root
2026-05-04 16:05:24,346 - INFO - [2022] MISSING_CENTRAL: SR3Mu/Central/bjets/3/eta in Skim_TriLep_TTG_PTG10to100.root
2026-05-04 16:05:24,347 - INFO - [2022] MISSING_CENTRAL: SR3Mu/Central/bjets/3/eta in Skim_TriLep_TTG_PTG100to200.root
2026-05-04 16:05:24,348 - INFO - [2022] MISSING_CENTRAL: SR3Mu/Central/bjets/3/eta in Skim_TriLep_TTG_PTG200toInf.root
2026-05-04 16:05:24,350 - INFO - [2022] MISSING_CENTRAL: SR3Mu/Central/bjets/3/eta in Skim_TriLep_TTWToLNu.root
2026-05-04 16:05:24,388 - INFO - [2022] MISSING_CENTRAL: SR3Mu/Central/bjets/3/eta in Skim_TriLep_WZTo3LNu_powheg.root
2026-05-04 16:05:24,388 - INFO - [2022] MISSING_CENTRAL: SR3Mu/Central/bjets/3/eta in Skim_TriLep_ZZTo4L_powheg.root
2026-05-04 16:05:24,395 - INFO - [2022] MISSING_CENTRAL: SR3Mu/Central/bjets/3/eta in Skim_TriLep_WWW.root
2026-05-04 16:05:24,396 - INFO - [2022] MISSING_CENTRAL: SR3Mu/Central/bjets/3/eta in Skim_TriLep_WWZ.root
2026-05-04 16:05:24,396 - INFO - [2022] MISSING_CENTRAL: SR3Mu/Central/bjets/3/eta in Skim_TriLep_WZZ.root
2026-05-04 16:05:24,410 - INFO - [2022] MISSING_CENTRAL: SR3Mu/Central/bjets/3/eta in Skim_TriLep_VBFHToZZTo4L.root
2026-05-04 16:05:24,411 - INFO - [2022] MISSING_CENTRAL: SR3Mu/Central/bjets/3/eta in Skim_TriLep_ggHToZZTo4L.root
2026-05-04 16:05:24,411 - INFO - [2022EE] MISSING_CENTRAL: SR3Mu/Central/bjets/3/eta in Skim_TriLep_Muon_E.root
2026-05-04 16:05:24,413 - INFO - [2022EE] MISSING_CENTRAL: SR3Mu/Central/bjets/3/eta in Skim_TriLep_DYJets.root
2026-05-04 16:05:24,413 - INFO - [2022EE] MISSING_CENTRAL: SR3Mu/Central/bjets/3/eta in Skim_TriLep_DYJets10to50.root
2026-05-04 16:05:24,414 - INFO - [2022EE] MISSING_CENTRAL: SR3Mu/Central/bjets/3/eta in Skim_TriLep_TTG_PTG10to100.root
2026-05-04 16:05:24,415 - INFO - [2022EE] MISSING_CENTRAL: SR3Mu/Central/bjets/3/eta in Skim_TriLep_TTG_PTG100to200.root
2026-05-04 16:05:24,415 - INFO - [2022EE] MISSING_CENTRAL: SR3Mu/Central/bjets/3/eta in Skim_TriLep_TTG_PTG200toInf.root
2026-05-04 16:05:24,454 - INFO - [2022EE] MISSING_CENTRAL: SR3Mu/Central/bjets/3/eta in Skim_TriLep_WZTo3LNu_powheg.root
2026-05-04 16:05:24,468 - INFO - [2022EE] MISSING_CENTRAL: SR3Mu/Central/bjets/3/eta in Skim_TriLep_WWW.root
2026-05-04 16:05:24,469 - INFO - [2022EE] MISSING_CENTRAL: SR3Mu/Central/bjets/3/eta in Skim_TriLep_WWZ.root
2026-05-04 16:05:24,488 - INFO - [2022EE] MISSING_CENTRAL: SR3Mu/Central/bjets/3/eta in Skim_TriLep_VBFHToZZTo4L.root
2026-05-04 16:05:24,489 - INFO - [2022EE] MISSING_CENTRAL: SR3Mu/Central/bjets/3/eta in Skim_TriLep_ggHToZZTo4L.root
2026-05-04 16:05:24,490 - INFO - [2023] MISSING_CENTRAL: SR3Mu/Central/bjets/3/eta in Skim_TriLep_Muon0_C_v2.root
2026-05-04 16:05:24,490 - INFO - [2023] MISSING_CENTRAL: SR3Mu/Central/bjets/3/eta in Skim_TriLep_Muon0_C_v3.root
2026-05-04 16:05:24,491 - INFO - [2023] MISSING_CENTRAL: SR3Mu/Central/bjets/3/eta in Skim_TriLep_Muon1_C_v1.root
2026-05-04 16:05:24,492 - INFO - [2023] MISSING_CENTRAL: SR3Mu/Central/bjets/3/eta in Skim_TriLep_Muon1_C_v2.root
2026-05-04 16:05:24,492 - INFO - [2023] MISSING_CENTRAL: SR3Mu/Central/bjets/3/eta in Skim_TriLep_Muon1_C_v3.root
2026-05-04 16:05:24,493 - INFO - [2023] MISSING_CENTRAL: SR3Mu/Central/bjets/3/eta in Skim_TriLep_Muon1_C_v4.root
2026-05-04 16:05:24,494 - INFO - [2023] MISSING_CENTRAL: SR3Mu/Central/bjets/3/eta in Skim_TriLep_DYJets.root
2026-05-04 16:05:24,495 - INFO - [2023] MISSING_CENTRAL: SR3Mu/Central/bjets/3/eta in Skim_TriLep_DYJets10to50.root
2026-05-04 16:05:24,495 - INFO - [2023] MISSING_CENTRAL: SR3Mu/Central/bjets/3/eta in Skim_TriLep_TTG_PTG10to100.root
2026-05-04 16:05:24,496 - INFO - [2023] MISSING_CENTRAL: SR3Mu/Central/bjets/3/eta in Skim_TriLep_TTG_PTG100to200.root
2026-05-04 16:05:24,496 - INFO - [2023] MISSING_CENTRAL: SR3Mu/Central/bjets/3/eta in Skim_TriLep_TTG_PTG200toInf.root
2026-05-04 16:05:24,532 - INFO - [2023] MISSING_CENTRAL: SR3Mu/Central/bjets/3/eta in Skim_TriLep_WZTo3LNu_powheg.root
2026-05-04 16:05:24,539 - INFO - [2023] MISSING_CENTRAL: SR3Mu/Central/bjets/3/eta in Skim_TriLep_tHq.root
2026-05-04 16:05:24,540 - INFO - [2023] MISSING_CENTRAL: SR3Mu/Central/bjets/3/eta in Skim_TriLep_WWW.root
2026-05-04 16:05:24,541 - INFO - [2023] MISSING_CENTRAL: SR3Mu/Central/bjets/3/eta in Skim_TriLep_WWZ.root
2026-05-04 16:05:24,541 - INFO - [2023] MISSING_CENTRAL: SR3Mu/Central/bjets/3/eta in Skim_TriLep_WZZ.root
2026-05-04 16:05:24,542 - INFO - [2023] MISSING_CENTRAL: SR3Mu/Central/bjets/3/eta in Skim_TriLep_ZZZ.root
2026-05-04 16:05:24,550 - INFO - [2023] MISSING_CENTRAL: SR3Mu/Central/bjets/3/eta in Skim_TriLep_VBFHToZZTo4L.root
2026-05-04 16:05:24,551 - INFO - [2023] MISSING_CENTRAL: SR3Mu/Central/bjets/3/eta in Skim_TriLep_ggHToZZTo4L.root
2026-05-04 16:05:24,551 - INFO - [2023BPix] MISSING_CENTRAL: SR3Mu/Central/bjets/3/eta in Skim_TriLep_Muon0_D_v1.root
2026-05-04 16:05:24,552 - INFO - [2023BPix] MISSING_CENTRAL: SR3Mu/Central/bjets/3/eta in Skim_TriLep_Muon0_D_v2.root
2026-05-04 16:05:24,552 - INFO - [2023BPix] MISSING_CENTRAL: SR3Mu/Central/bjets/3/eta in Skim_TriLep_Muon1_D_v1.root
2026-05-04 16:05:24,553 - INFO - [2023BPix] MISSING_CENTRAL: SR3Mu/Central/bjets/3/eta in Skim_TriLep_Muon1_D_v2.root
2026-05-04 16:05:24,553 - INFO - [2023BPix] MISSING_CENTRAL: SR3Mu/Central/bjets/3/eta in Skim_TriLep_DYJets.root
2026-05-04 16:05:24,554 - INFO - [2023BPix] MISSING_CENTRAL: SR3Mu/Central/bjets/3/eta in Skim_TriLep_DYJets10to50.root
2026-05-04 16:05:24,555 - INFO - [2023BPix] MISSING_CENTRAL: SR3Mu/Central/bjets/3/eta in Skim_TriLep_TTG_PTG10to100.root
2026-05-04 16:05:24,555 - INFO - [2023BPix] MISSING_CENTRAL: SR3Mu/Central/bjets/3/eta in Skim_TriLep_TTG_PTG100to200.root
2026-05-04 16:05:24,556 - INFO - [2023BPix] MISSING_CENTRAL: SR3Mu/Central/bjets/3/eta in Skim_TriLep_TTG_PTG200toInf.root
2026-05-04 16:05:24,556 - INFO - [2023BPix] MISSING_CENTRAL: SR3Mu/Central/bjets/3/eta in Skim_TriLep_TTWToLNu.root
2026-05-04 16:05:24,584 - INFO - [2023BPix] MISSING_CENTRAL: SR3Mu/Central/bjets/3/eta in Skim_TriLep_WZTo3LNu_powheg.root
2026-05-04 16:05:24,593 - INFO - [2023BPix] MISSING_CENTRAL: SR3Mu/Central/bjets/3/eta in Skim_TriLep_tHq.root
2026-05-04 16:05:24,594 - INFO - [2023BPix] MISSING_CENTRAL: SR3Mu/Central/bjets/3/eta in Skim_TriLep_WWW.root
2026-05-04 16:05:24,595 - INFO - [2023BPix] MISSING_CENTRAL: SR3Mu/Central/bjets/3/eta in Skim_TriLep_WWZ.root
2026-05-04 16:05:24,595 - INFO - [2023BPix] MISSING_CENTRAL: SR3Mu/Central/bjets/3/eta in Skim_TriLep_WZZ.root
2026-05-04 16:05:24,596 - INFO - [2023BPix] MISSING_CENTRAL: SR3Mu/Central/bjets/3/eta in Skim_TriLep_ZZZ.root
2026-05-04 16:05:24,604 - INFO - [2023BPix] MISSING_CENTRAL: SR3Mu/Central/bjets/3/eta in Skim_TriLep_VBFHToZZTo4L.root
2026-05-04 16:05:24,605 - INFO - [2023BPix] MISSING_CENTRAL: SR3Mu/Central/bjets/3/eta in Skim_TriLep_ggHToZZTo4L.root
2026-05-04 17:02:30,060 - INFO - [2022] MISSING_CENTRAL: SR3Mu/Central/bjets/3/eta in Skim_TriLep_DoubleMuon_C.root
2026-05-04 17:02:30,099 - INFO - [2022] MISSING_CENTRAL: SR3Mu/Central/bjets/3/eta in Skim_TriLep_Muon_D.root
2026-05-04 17:02:30,122 - INFO - [2022EE] MISSING_CENTRAL: SR3Mu/Central/bjets/3/eta in Skim_TriLep_Muon_G.root
2026-05-04 17:02:30,133 - INFO - [2023] MISSING_CENTRAL: SR3Mu/Central/bjets/3/eta in Skim_TriLep_Muon0_C_v1.root
2026-05-04 17:02:30,133 - INFO - [2023] MISSING_CENTRAL: SR3Mu/Central/bjets/3/eta in Skim_TriLep_Muon0_C_v2.root
2026-05-04 17:02:30,134 - INFO - [2023] MISSING_CENTRAL: SR3Mu/Central/bjets/3/eta in Skim_TriLep_Muon0_C_v3.root
2026-05-04 17:02:30,135 - INFO - [2023] MISSING_CENTRAL: SR3Mu/Central/bjets/3/eta in Skim_TriLep_Muon0_C_v4.root
2026-05-04 17:02:30,135 - INFO - [2023] MISSING_CENTRAL: SR3Mu/Central/bjets/3/eta in Skim_TriLep_Muon1_C_v1.root
2026-05-04 17:02:30,136 - INFO - [2023] MISSING_CENTRAL: SR3Mu/Central/bjets/3/eta in Skim_TriLep_Muon1_C_v2.root
2026-05-04 17:02:30,136 - INFO - [2023] MISSING_CENTRAL: SR3Mu/Central/bjets/3/eta in Skim_TriLep_Muon1_C_v3.root
2026-05-04 17:02:30,137 - INFO - [2023] MISSING_CENTRAL: SR3Mu/Central/bjets/3/eta in Skim_TriLep_Muon1_C_v4.root
2026-05-04 17:02:30,138 - INFO - [2023BPix] MISSING_CENTRAL: SR3Mu/Central/bjets/3/eta in Skim_TriLep_Muon0_D_v2.root
2026-05-04 17:02:30,139 - INFO - [2023BPix] MISSING_CENTRAL: SR3Mu/Central/bjets/3/eta in Skim_TriLep_Muon1_D_v1.root
2026-05-04 17:02:30,139 - INFO - [2023BPix] MISSING_CENTRAL: SR3Mu/Central/bjets/3/eta in Skim_TriLep_Muon1_D_v2.root
2026-05-04 17:02:30,144 - INFO - [2022] MISSING_CENTRAL: SR3Mu/Central/bjets/3/eta in Skim_TriLep_DoubleMuon_C.root
2026-05-04 17:02:30,149 - INFO - [2022] MISSING_CENTRAL: SR3Mu/Central/bjets/3/eta in Skim_TriLep_Muon_D.root
2026-05-04 17:02:30,150 - INFO - [2022] MISSING_CENTRAL: SR3Mu/Central/bjets/3/eta in Skim_TriLep_DYJets.root
2026-05-04 17:02:30,150 - INFO - [2022] MISSING_CENTRAL: SR3Mu/Central/bjets/3/eta in Skim_TriLep_DYJets10to50.root
2026-05-04 17:02:30,151 - INFO - [2022] MISSING_CENTRAL: SR3Mu/Central/bjets/3/eta in Skim_TriLep_TTG_PTG10to100.root
2026-05-04 17:02:30,152 - INFO - [2022] MISSING_CENTRAL: SR3Mu/Central/bjets/3/eta in Skim_TriLep_TTG_PTG100to200.root
2026-05-04 17:02:30,152 - INFO - [2022] MISSING_CENTRAL: SR3Mu/Central/bjets/3/eta in Skim_TriLep_TTG_PTG200toInf.root
2026-05-04 17:02:30,154 - INFO - [2022] MISSING_CENTRAL: SR3Mu/Central/bjets/3/eta in Skim_TriLep_TTWToLNu.root
2026-05-04 17:02:30,193 - INFO - [2022] MISSING_CENTRAL: SR3Mu/Central/bjets/3/eta in Skim_TriLep_WZTo3LNu_powheg.root
2026-05-04 17:02:30,194 - INFO - [2022] MISSING_CENTRAL: SR3Mu/Central/bjets/3/eta in Skim_TriLep_ZZTo4L_powheg.root
2026-05-04 17:02:30,202 - INFO - [2022] MISSING_CENTRAL: SR3Mu/Central/bjets/3/eta in Skim_TriLep_WWW.root
2026-05-04 17:02:30,203 - INFO - [2022] MISSING_CENTRAL: SR3Mu/Central/bjets/3/eta in Skim_TriLep_WWZ.root
2026-05-04 17:02:30,204 - INFO - [2022] MISSING_CENTRAL: SR3Mu/Central/bjets/3/eta in Skim_TriLep_WZZ.root
2026-05-04 17:02:30,219 - INFO - [2022] MISSING_CENTRAL: SR3Mu/Central/bjets/3/eta in Skim_TriLep_VBFHToZZTo4L.root
2026-05-04 17:02:30,220 - INFO - [2022] MISSING_CENTRAL: SR3Mu/Central/bjets/3/eta in Skim_TriLep_ggHToZZTo4L.root
2026-05-04 17:02:30,221 - INFO - [2022EE] MISSING_CENTRAL: SR3Mu/Central/bjets/3/eta in Skim_TriLep_Muon_E.root
2026-05-04 17:02:30,223 - INFO - [2022EE] MISSING_CENTRAL: SR3Mu/Central/bjets/3/eta in Skim_TriLep_DYJets.root
2026-05-04 17:02:30,223 - INFO - [2022EE] MISSING_CENTRAL: SR3Mu/Central/bjets/3/eta in Skim_TriLep_DYJets10to50.root
2026-05-04 17:02:30,224 - INFO - [2022EE] MISSING_CENTRAL: SR3Mu/Central/bjets/3/eta in Skim_TriLep_TTG_PTG10to100.root
2026-05-04 17:02:30,225 - INFO - [2022EE] MISSING_CENTRAL: SR3Mu/Central/bjets/3/eta in Skim_TriLep_TTG_PTG100to200.root
2026-05-04 17:02:30,225 - INFO - [2022EE] MISSING_CENTRAL: SR3Mu/Central/bjets/3/eta in Skim_TriLep_TTG_PTG200toInf.root
2026-05-04 17:02:30,263 - INFO - [2022EE] MISSING_CENTRAL: SR3Mu/Central/bjets/3/eta in Skim_TriLep_WZTo3LNu_powheg.root
2026-05-04 17:02:30,279 - INFO - [2022EE] MISSING_CENTRAL: SR3Mu/Central/bjets/3/eta in Skim_TriLep_WWW.root
2026-05-04 17:02:30,280 - INFO - [2022EE] MISSING_CENTRAL: SR3Mu/Central/bjets/3/eta in Skim_TriLep_WWZ.root
2026-05-04 17:02:30,303 - INFO - [2022EE] MISSING_CENTRAL: SR3Mu/Central/bjets/3/eta in Skim_TriLep_VBFHToZZTo4L.root
2026-05-04 17:02:30,304 - INFO - [2022EE] MISSING_CENTRAL: SR3Mu/Central/bjets/3/eta in Skim_TriLep_ggHToZZTo4L.root
2026-05-04 17:02:30,305 - INFO - [2023] MISSING_CENTRAL: SR3Mu/Central/bjets/3/eta in Skim_TriLep_Muon0_C_v2.root
2026-05-04 17:02:30,306 - INFO - [2023] MISSING_CENTRAL: SR3Mu/Central/bjets/3/eta in Skim_TriLep_Muon0_C_v3.root
2026-05-04 17:02:30,307 - INFO - [2023] MISSING_CENTRAL: SR3Mu/Central/bjets/3/eta in Skim_TriLep_Muon1_C_v1.root
2026-05-04 17:02:30,307 - INFO - [2023] MISSING_CENTRAL: SR3Mu/Central/bjets/3/eta in Skim_TriLep_Muon1_C_v2.root
2026-05-04 17:02:30,308 - INFO - [2023] MISSING_CENTRAL: SR3Mu/Central/bjets/3/eta in Skim_TriLep_Muon1_C_v3.root
2026-05-04 17:02:30,309 - INFO - [2023] MISSING_CENTRAL: SR3Mu/Central/bjets/3/eta in Skim_TriLep_Muon1_C_v4.root
2026-05-04 17:02:30,310 - INFO - [2023] MISSING_CENTRAL: SR3Mu/Central/bjets/3/eta in Skim_TriLep_DYJets.root
2026-05-04 17:02:30,311 - INFO - [2023] MISSING_CENTRAL: SR3Mu/Central/bjets/3/eta in Skim_TriLep_DYJets10to50.root
2026-05-04 17:02:30,312 - INFO - [2023] MISSING_CENTRAL: SR3Mu/Central/bjets/3/eta in Skim_TriLep_TTG_PTG10to100.root
2026-05-04 17:02:30,312 - INFO - [2023] MISSING_CENTRAL: SR3Mu/Central/bjets/3/eta in Skim_TriLep_TTG_PTG100to200.root
2026-05-04 17:02:30,313 - INFO - [2023] MISSING_CENTRAL: SR3Mu/Central/bjets/3/eta in Skim_TriLep_TTG_PTG200toInf.root
2026-05-04 17:02:30,351 - INFO - [2023] MISSING_CENTRAL: SR3Mu/Central/bjets/3/eta in Skim_TriLep_WZTo3LNu_powheg.root
2026-05-04 17:02:30,359 - INFO - [2023] MISSING_CENTRAL: SR3Mu/Central/bjets/3/eta in Skim_TriLep_tHq.root
2026-05-04 17:02:30,360 - INFO - [2023] MISSING_CENTRAL: SR3Mu/Central/bjets/3/eta in Skim_TriLep_WWW.root
2026-05-04 17:02:30,361 - INFO - [2023] MISSING_CENTRAL: SR3Mu/Central/bjets/3/eta in Skim_TriLep_WWZ.root
2026-05-04 17:02:30,362 - INFO - [2023] MISSING_CENTRAL: SR3Mu/Central/bjets/3/eta in Skim_TriLep_WZZ.root
2026-05-04 17:02:30,362 - INFO - [2023] MISSING_CENTRAL: SR3Mu/Central/bjets/3/eta in Skim_TriLep_ZZZ.root
2026-05-04 17:02:30,371 - INFO - [2023] MISSING_CENTRAL: SR3Mu/Central/bjets/3/eta in Skim_TriLep_VBFHToZZTo4L.root
2026-05-04 17:02:30,372 - INFO - [2023] MISSING_CENTRAL: SR3Mu/Central/bjets/3/eta in Skim_TriLep_ggHToZZTo4L.root
2026-05-04 17:02:30,373 - INFO - [2023BPix] MISSING_CENTRAL: SR3Mu/Central/bjets/3/eta in Skim_TriLep_Muon0_D_v1.root
2026-05-04 17:02:30,374 - INFO - [2023BPix] MISSING_CENTRAL: SR3Mu/Central/bjets/3/eta in Skim_TriLep_Muon0_D_v2.root
2026-05-04 17:02:30,374 - INFO - [2023BPix] MISSING_CENTRAL: SR3Mu/Central/bjets/3/eta in Skim_TriLep_Muon1_D_v1.root
2026-05-04 17:02:30,375 - INFO - [2023BPix] MISSING_CENTRAL: SR3Mu/Central/bjets/3/eta in Skim_TriLep_Muon1_D_v2.root
2026-05-04 17:02:30,375 - INFO - [2023BPix] MISSING_CENTRAL: SR3Mu/Central/bjets/3/eta in Skim_TriLep_DYJets.root
2026-05-04 17:02:30,376 - INFO - [2023BPix] MISSING_CENTRAL: SR3Mu/Central/bjets/3/eta in Skim_TriLep_DYJets10to50.root
2026-05-04 17:02:30,377 - INFO - [2023BPix] MISSING_CENTRAL: SR3Mu/Central/bjets/3/eta in Skim_TriLep_TTG_PTG10to100.root
2026-05-04 17:02:30,378 - INFO - [2023BPix] MISSING_CENTRAL: SR3Mu/Central/bjets/3/eta in Skim_TriLep_TTG_PTG100to200.root
2026-05-04 17:02:30,379 - INFO - [2023BPix] MISSING_CENTRAL: SR3Mu/Central/bjets/3/eta in Skim_TriLep_TTG_PTG200toInf.root
2026-05-04 17:02:30,380 - INFO - [2023BPix] MISSING_CENTRAL: SR3Mu/Central/bjets/3/eta in Skim_TriLep_TTWToLNu.root
2026-05-04 17:02:30,412 - INFO - [2023BPix] MISSING_CENTRAL: SR3Mu/Central/bjets/3/eta in Skim_TriLep_WZTo3LNu_powheg.root
2026-05-04 17:02:30,420 - INFO - [2023BPix] MISSING_CENTRAL: SR3Mu/Central/bjets/3/eta in Skim_TriLep_tHq.root
2026-05-04 17:02:30,421 - INFO - [2023BPix] MISSING_CENTRAL: SR3Mu/Central/bjets/3/eta in Skim_TriLep_WWW.root
2026-05-04 17:02:30,422 - INFO - [2023BPix] MISSING_CENTRAL: SR3Mu/Central/bjets/3/eta in Skim_TriLep_WWZ.root
2026-05-04 17:02:30,422 - INFO - [2023BPix] MISSING_CENTRAL: SR3Mu/Central/bjets/3/eta in Skim_TriLep_WZZ.root
2026-05-04 17:02:30,423 - INFO - [2023BPix] MISSING_CENTRAL: SR3Mu/Central/bjets/3/eta in Skim_TriLep_ZZZ.root
2026-05-04 17:02:30,437 - INFO - [2023BPix] MISSING_CENTRAL: SR3Mu/Central/bjets/3/eta in Skim_TriLep_VBFHToZZTo4L.root
2026-05-04 17:02:30,438 - INFO - [2023BPix] MISSING_CENTRAL: SR3Mu/Central/bjets/3/eta in Skim_TriLep_ggHToZZTo4L.root
2026-05-04 17:12:17,395 - INFO - [2022] MISSING_CENTRAL: SR3Mu/Central/bjets/3/eta in Skim_TriLep_DoubleMuon_C.root
2026-05-04 17:12:17,436 - INFO - [2022] MISSING_CENTRAL: SR3Mu/Central/bjets/3/eta in Skim_TriLep_Muon_D.root
2026-05-04 17:12:17,457 - INFO - [2022EE] MISSING_CENTRAL: SR3Mu/Central/bjets/3/eta in Skim_TriLep_Muon_G.root
2026-05-04 17:12:17,467 - INFO - [2023] MISSING_CENTRAL: SR3Mu/Central/bjets/3/eta in Skim_TriLep_Muon0_C_v1.root
2026-05-04 17:12:17,468 - INFO - [2023] MISSING_CENTRAL: SR3Mu/Central/bjets/3/eta in Skim_TriLep_Muon0_C_v2.root
2026-05-04 17:12:17,468 - INFO - [2023] MISSING_CENTRAL: SR3Mu/Central/bjets/3/eta in Skim_TriLep_Muon0_C_v3.root
2026-05-04 17:12:17,469 - INFO - [2023] MISSING_CENTRAL: SR3Mu/Central/bjets/3/eta in Skim_TriLep_Muon0_C_v4.root
2026-05-04 17:12:17,469 - INFO - [2023] MISSING_CENTRAL: SR3Mu/Central/bjets/3/eta in Skim_TriLep_Muon1_C_v1.root
2026-05-04 17:12:17,470 - INFO - [2023] MISSING_CENTRAL: SR3Mu/Central/bjets/3/eta in Skim_TriLep_Muon1_C_v2.root
2026-05-04 17:12:17,470 - INFO - [2023] MISSING_CENTRAL: SR3Mu/Central/bjets/3/eta in Skim_TriLep_Muon1_C_v3.root
2026-05-04 17:12:17,471 - INFO - [2023] MISSING_CENTRAL: SR3Mu/Central/bjets/3/eta in Skim_TriLep_Muon1_C_v4.root
2026-05-04 17:12:17,472 - INFO - [2023BPix] MISSING_CENTRAL: SR3Mu/Central/bjets/3/eta in Skim_TriLep_Muon0_D_v2.root
2026-05-04 17:12:17,473 - INFO - [2023BPix] MISSING_CENTRAL: SR3Mu/Central/bjets/3/eta in Skim_TriLep_Muon1_D_v1.root
2026-05-04 17:12:17,473 - INFO - [2023BPix] MISSING_CENTRAL: SR3Mu/Central/bjets/3/eta in Skim_TriLep_Muon1_D_v2.root
2026-05-04 17:12:17,479 - INFO - [2022] MISSING_CENTRAL: SR3Mu/Central/bjets/3/eta in Skim_TriLep_DoubleMuon_C.root
2026-05-04 17:12:17,484 - INFO - [2022] MISSING_CENTRAL: SR3Mu/Central/bjets/3/eta in Skim_TriLep_Muon_D.root
2026-05-04 17:12:17,484 - INFO - [2022] MISSING_CENTRAL: SR3Mu/Central/bjets/3/eta in Skim_TriLep_DYJets.root
2026-05-04 17:12:17,485 - INFO - [2022] MISSING_CENTRAL: SR3Mu/Central/bjets/3/eta in Skim_TriLep_DYJets10to50.root
2026-05-04 17:12:17,486 - INFO - [2022] MISSING_CENTRAL: SR3Mu/Central/bjets/3/eta in Skim_TriLep_TTG_PTG10to100.root
2026-05-04 17:12:17,486 - INFO - [2022] MISSING_CENTRAL: SR3Mu/Central/bjets/3/eta in Skim_TriLep_TTG_PTG100to200.root
2026-05-04 17:12:17,487 - INFO - [2022] MISSING_CENTRAL: SR3Mu/Central/bjets/3/eta in Skim_TriLep_TTG_PTG200toInf.root
2026-05-04 17:12:17,489 - INFO - [2022] MISSING_CENTRAL: SR3Mu/Central/bjets/3/eta in Skim_TriLep_TTWToLNu.root
2026-05-04 17:12:17,527 - INFO - [2022] MISSING_CENTRAL: SR3Mu/Central/bjets/3/eta in Skim_TriLep_WZTo3LNu_powheg.root
2026-05-04 17:12:17,528 - INFO - [2022] MISSING_CENTRAL: SR3Mu/Central/bjets/3/eta in Skim_TriLep_ZZTo4L_powheg.root
2026-05-04 17:12:17,535 - INFO - [2022] MISSING_CENTRAL: SR3Mu/Central/bjets/3/eta in Skim_TriLep_WWW.root
2026-05-04 17:12:17,536 - INFO - [2022] MISSING_CENTRAL: SR3Mu/Central/bjets/3/eta in Skim_TriLep_WWZ.root
2026-05-04 17:12:17,537 - INFO - [2022] MISSING_CENTRAL: SR3Mu/Central/bjets/3/eta in Skim_TriLep_WZZ.root
2026-05-04 17:12:17,551 - INFO - [2022] MISSING_CENTRAL: SR3Mu/Central/bjets/3/eta in Skim_TriLep_VBFHToZZTo4L.root
2026-05-04 17:12:17,551 - INFO - [2022] MISSING_CENTRAL: SR3Mu/Central/bjets/3/eta in Skim_TriLep_ggHToZZTo4L.root
2026-05-04 17:12:17,552 - INFO - [2022EE] MISSING_CENTRAL: SR3Mu/Central/bjets/3/eta in Skim_TriLep_Muon_E.root
2026-05-04 17:12:17,554 - INFO - [2022EE] MISSING_CENTRAL: SR3Mu/Central/bjets/3/eta in Skim_TriLep_DYJets.root
2026-05-04 17:12:17,554 - INFO - [2022EE] MISSING_CENTRAL: SR3Mu/Central/bjets/3/eta in Skim_TriLep_DYJets10to50.root
2026-05-04 17:12:17,556 - INFO - [2022EE] MISSING_CENTRAL: SR3Mu/Central/bjets/3/eta in Skim_TriLep_TTG_PTG10to100.root
2026-05-04 17:12:17,556 - INFO - [2022EE] MISSING_CENTRAL: SR3Mu/Central/bjets/3/eta in Skim_TriLep_TTG_PTG100to200.root
2026-05-04 17:12:17,557 - INFO - [2022EE] MISSING_CENTRAL: SR3Mu/Central/bjets/3/eta in Skim_TriLep_TTG_PTG200toInf.root
2026-05-04 17:12:17,604 - INFO - [2022EE] MISSING_CENTRAL: SR3Mu/Central/bjets/3/eta in Skim_TriLep_WZTo3LNu_powheg.root
2026-05-04 17:12:17,619 - INFO - [2022EE] MISSING_CENTRAL: SR3Mu/Central/bjets/3/eta in Skim_TriLep_WWW.root
2026-05-04 17:12:17,619 - INFO - [2022EE] MISSING_CENTRAL: SR3Mu/Central/bjets/3/eta in Skim_TriLep_WWZ.root
2026-05-04 17:12:17,642 - INFO - [2022EE] MISSING_CENTRAL: SR3Mu/Central/bjets/3/eta in Skim_TriLep_VBFHToZZTo4L.root
2026-05-04 17:12:17,643 - INFO - [2022EE] MISSING_CENTRAL: SR3Mu/Central/bjets/3/eta in Skim_TriLep_ggHToZZTo4L.root
2026-05-04 17:12:17,644 - INFO - [2023] MISSING_CENTRAL: SR3Mu/Central/bjets/3/eta in Skim_TriLep_Muon0_C_v2.root
2026-05-04 17:12:17,644 - INFO - [2023] MISSING_CENTRAL: SR3Mu/Central/bjets/3/eta in Skim_TriLep_Muon0_C_v3.root
2026-05-04 17:12:17,646 - INFO - [2023] MISSING_CENTRAL: SR3Mu/Central/bjets/3/eta in Skim_TriLep_Muon1_C_v1.root
2026-05-04 17:12:17,646 - INFO - [2023] MISSING_CENTRAL: SR3Mu/Central/bjets/3/eta in Skim_TriLep_Muon1_C_v2.root
2026-05-04 17:12:17,647 - INFO - [2023] MISSING_CENTRAL: SR3Mu/Central/bjets/3/eta in Skim_TriLep_Muon1_C_v3.root
2026-05-04 17:12:17,647 - INFO - [2023] MISSING_CENTRAL: SR3Mu/Central/bjets/3/eta in Skim_TriLep_Muon1_C_v4.root
2026-05-04 17:12:17,648 - INFO - [2023] MISSING_CENTRAL: SR3Mu/Central/bjets/3/eta in Skim_TriLep_DYJets.root
2026-05-04 17:12:17,649 - INFO - [2023] MISSING_CENTRAL: SR3Mu/Central/bjets/3/eta in Skim_TriLep_DYJets10to50.root
2026-05-04 17:12:17,649 - INFO - [2023] MISSING_CENTRAL: SR3Mu/Central/bjets/3/eta in Skim_TriLep_TTG_PTG10to100.root
2026-05-04 17:12:17,650 - INFO - [2023] MISSING_CENTRAL: SR3Mu/Central/bjets/3/eta in Skim_TriLep_TTG_PTG100to200.root
2026-05-04 17:12:17,650 - INFO - [2023] MISSING_CENTRAL: SR3Mu/Central/bjets/3/eta in Skim_TriLep_TTG_PTG200toInf.root
2026-05-04 17:12:17,686 - INFO - [2023] MISSING_CENTRAL: SR3Mu/Central/bjets/3/eta in Skim_TriLep_WZTo3LNu_powheg.root
2026-05-04 17:12:17,693 - INFO - [2023] MISSING_CENTRAL: SR3Mu/Central/bjets/3/eta in Skim_TriLep_tHq.root
2026-05-04 17:12:17,694 - INFO - [2023] MISSING_CENTRAL: SR3Mu/Central/bjets/3/eta in Skim_TriLep_WWW.root
2026-05-04 17:12:17,695 - INFO - [2023] MISSING_CENTRAL: SR3Mu/Central/bjets/3/eta in Skim_TriLep_WWZ.root
2026-05-04 17:12:17,695 - INFO - [2023] MISSING_CENTRAL: SR3Mu/Central/bjets/3/eta in Skim_TriLep_WZZ.root
2026-05-04 17:12:17,696 - INFO - [2023] MISSING_CENTRAL: SR3Mu/Central/bjets/3/eta in Skim_TriLep_ZZZ.root
2026-05-04 17:12:17,705 - INFO - [2023] MISSING_CENTRAL: SR3Mu/Central/bjets/3/eta in Skim_TriLep_VBFHToZZTo4L.root
2026-05-04 17:12:17,705 - INFO - [2023] MISSING_CENTRAL: SR3Mu/Central/bjets/3/eta in Skim_TriLep_ggHToZZTo4L.root
2026-05-04 17:12:17,706 - INFO - [2023BPix] MISSING_CENTRAL: SR3Mu/Central/bjets/3/eta in Skim_TriLep_Muon0_D_v1.root
2026-05-04 17:12:17,706 - INFO - [2023BPix] MISSING_CENTRAL: SR3Mu/Central/bjets/3/eta in Skim_TriLep_Muon0_D_v2.root
2026-05-04 17:12:17,707 - INFO - [2023BPix] MISSING_CENTRAL: SR3Mu/Central/bjets/3/eta in Skim_TriLep_Muon1_D_v1.root
2026-05-04 17:12:17,707 - INFO - [2023BPix] MISSING_CENTRAL: SR3Mu/Central/bjets/3/eta in Skim_TriLep_Muon1_D_v2.root
2026-05-04 17:12:17,708 - INFO - [2023BPix] MISSING_CENTRAL: SR3Mu/Central/bjets/3/eta in Skim_TriLep_DYJets.root
2026-05-04 17:12:17,709 - INFO - [2023BPix] MISSING_CENTRAL: SR3Mu/Central/bjets/3/eta in Skim_TriLep_DYJets10to50.root
2026-05-04 17:12:17,709 - INFO - [2023BPix] MISSING_CENTRAL: SR3Mu/Central/bjets/3/eta in Skim_TriLep_TTG_PTG10to100.root
2026-05-04 17:12:17,710 - INFO - [2023BPix] MISSING_CENTRAL: SR3Mu/Central/bjets/3/eta in Skim_TriLep_TTG_PTG100to200.root
2026-05-04 17:12:17,710 - INFO - [2023BPix] MISSING_CENTRAL: SR3Mu/Central/bjets/3/eta in Skim_TriLep_TTG_PTG200toInf.root
2026-05-04 17:12:17,711 - INFO - [2023BPix] MISSING_CENTRAL: SR3Mu/Central/bjets/3/eta in Skim_TriLep_TTWToLNu.root
2026-05-04 17:12:17,741 - INFO - [2023BPix] MISSING_CENTRAL: SR3Mu/Central/bjets/3/eta in Skim_TriLep_WZTo3LNu_powheg.root
2026-05-04 17:12:17,750 - INFO - [2023BPix] MISSING_CENTRAL: SR3Mu/Central/bjets/3/eta in Skim_TriLep_tHq.root
2026-05-04 17:12:17,751 - INFO - [2023BPix] MISSING_CENTRAL: SR3Mu/Central/bjets/3/eta in Skim_TriLep_WWW.root
2026-05-04 17:12:17,752 - INFO - [2023BPix] MISSING_CENTRAL: SR3Mu/Central/bjets/3/eta in Skim_TriLep_WWZ.root
2026-05-04 17:12:17,753 - INFO - [2023BPix] MISSING_CENTRAL: SR3Mu/Central/bjets/3/eta in Skim_TriLep_WZZ.root
2026-05-04 17:12:17,754 - INFO - [2023BPix] MISSING_CENTRAL: SR3Mu/Central/bjets/3/eta in Skim_TriLep_ZZZ.root
2026-05-04 17:12:17,762 - INFO - [2023BPix] MISSING_CENTRAL: SR3Mu/Central/bjets/3/eta in Skim_TriLep_VBFHToZZTo4L.root
2026-05-04 17:12:17,763 - INFO - [2023BPix] MISSING_CENTRAL: SR3Mu/Central/bjets/3/eta in Skim_TriLep_ggHToZZTo4L.root
2026-05-28 15:39:27,858 - INFO - [2022] MISSING_CENTRAL: SR3Mu/Central/bjets/3/eta in Skim_TriLep_DoubleMuon_C.root
2026-05-28 15:39:27,917 - INFO - [2022] MISSING_CENTRAL: SR3Mu/Central/bjets/3/eta in Skim_TriLep_Muon_D.root
2026-05-28 15:39:27,945 - INFO - [2022EE] MISSING_CENTRAL: SR3Mu/Central/bjets/3/eta in Skim_TriLep_Muon_G.root
2026-05-28 15:39:27,961 - INFO - [2023] MISSING_CENTRAL: SR3Mu/Central/bjets/3/eta in Skim_TriLep_Muon0_C_v1.root
2026-05-28 15:39:27,963 - INFO - [2023] MISSING_CENTRAL: SR3Mu/Central/bjets/3/eta in Skim_TriLep_Muon0_C_v2.root
2026-05-28 15:39:27,966 - INFO - [2023] MISSING_CENTRAL: SR3Mu/Central/bjets/3/eta in Skim_TriLep_Muon0_C_v3.root
2026-05-28 15:39:27,971 - INFO - [2023] MISSING_CENTRAL: SR3Mu/Central/bjets/3/eta in Skim_TriLep_Muon0_C_v4.root
2026-05-28 15:39:27,972 - INFO - [2023] MISSING_CENTRAL: SR3Mu/Central/bjets/3/eta in Skim_TriLep_Muon1_C_v1.root
2026-05-28 15:39:27,975 - INFO - [2023] MISSING_CENTRAL: SR3Mu/Central/bjets/3/eta in Skim_TriLep_Muon1_C_v2.root
2026-05-28 15:39:27,979 - INFO - [2023] MISSING_CENTRAL: SR3Mu/Central/bjets/3/eta in Skim_TriLep_Muon1_C_v3.root
2026-05-28 15:39:27,982 - INFO - [2023] MISSING_CENTRAL: SR3Mu/Central/bjets/3/eta in Skim_TriLep_Muon1_C_v4.root
2026-05-28 15:39:27,984 - INFO - [2023BPix] MISSING_CENTRAL: SR3Mu/Central/bjets/3/eta in Skim_TriLep_Muon0_D_v2.root
2026-05-28 15:39:27,985 - INFO - [2023BPix] MISSING_CENTRAL: SR3Mu/Central/bjets/3/eta in Skim_TriLep_Muon1_D_v1.root
2026-05-28 15:39:27,987 - INFO - [2023BPix] MISSING_CENTRAL: SR3Mu/Central/bjets/3/eta in Skim_TriLep_Muon1_D_v2.root
2026-05-28 15:39:27,999 - INFO - [2022] MISSING_CENTRAL: SR3Mu/Central/bjets/3/eta in Skim_TriLep_DoubleMuon_C.root
2026-05-28 15:39:28,017 - INFO - [2022] MISSING_CENTRAL: SR3Mu/Central/bjets/3/eta in Skim_TriLep_Muon_D.root
2026-05-28 15:39:28,019 - INFO - [2022] MISSING_CENTRAL: SR3Mu/Central/bjets/3/eta in Skim_TriLep_DYJets.root
2026-05-28 15:39:28,031 - INFO - [2022] MISSING_CENTRAL: SR3Mu/Central/bjets/3/eta in Skim_TriLep_DYJets10to50.root
2026-05-28 15:39:28,032 - INFO - [2022] MISSING_CENTRAL: SR3Mu/Central/bjets/3/eta in Skim_TriLep_TTG_PTG10to100.root
2026-05-28 15:39:28,034 - INFO - [2022] MISSING_CENTRAL: SR3Mu/Central/bjets/3/eta in Skim_TriLep_TTG_PTG100to200.root
2026-05-28 15:39:28,035 - INFO - [2022] MISSING_CENTRAL: SR3Mu/Central/bjets/3/eta in Skim_TriLep_TTG_PTG200toInf.root
2026-05-28 15:39:28,037 - INFO - [2022] MISSING_CENTRAL: SR3Mu/Central/bjets/3/eta in Skim_TriLep_TTWToLNu.root
2026-05-28 15:39:28,095 - INFO - [2022] MISSING_CENTRAL: SR3Mu/Central/bjets/3/eta in Skim_TriLep_WZTo3LNu_powheg.root
2026-05-28 15:39:28,096 - INFO - [2022] MISSING_CENTRAL: SR3Mu/Central/bjets/3/eta in Skim_TriLep_ZZTo4L_powheg.root
2026-05-28 15:39:28,108 - INFO - [2022] MISSING_CENTRAL: SR3Mu/Central/bjets/3/eta in Skim_TriLep_WWW.root
2026-05-28 15:39:28,109 - INFO - [2022] MISSING_CENTRAL: SR3Mu/Central/bjets/3/eta in Skim_TriLep_WWZ.root
2026-05-28 15:39:28,110 - INFO - [2022] MISSING_CENTRAL: SR3Mu/Central/bjets/3/eta in Skim_TriLep_WZZ.root
2026-05-28 15:39:28,132 - INFO - [2022] MISSING_CENTRAL: SR3Mu/Central/bjets/3/eta in Skim_TriLep_VBFHToZZTo4L.root
2026-05-28 15:39:28,134 - INFO - [2022] MISSING_CENTRAL: SR3Mu/Central/bjets/3/eta in Skim_TriLep_ggHToZZTo4L.root
2026-05-28 15:39:28,135 - INFO - [2022EE] MISSING_CENTRAL: SR3Mu/Central/bjets/3/eta in Skim_TriLep_Muon_E.root
2026-05-28 15:39:28,138 - INFO - [2022EE] MISSING_CENTRAL: SR3Mu/Central/bjets/3/eta in Skim_TriLep_DYJets.root
2026-05-28 15:39:28,139 - INFO - [2022EE] MISSING_CENTRAL: SR3Mu/Central/bjets/3/eta in Skim_TriLep_DYJets10to50.root
2026-05-28 15:39:28,141 - INFO - [2022EE] MISSING_CENTRAL: SR3Mu/Central/bjets/3/eta in Skim_TriLep_TTG_PTG10to100.root
2026-05-28 15:39:28,142 - INFO - [2022EE] MISSING_CENTRAL: SR3Mu/Central/bjets/3/eta in Skim_TriLep_TTG_PTG100to200.root
2026-05-28 15:39:28,143 - INFO - [2022EE] MISSING_CENTRAL: SR3Mu/Central/bjets/3/eta in Skim_TriLep_TTG_PTG200toInf.root
2026-05-28 15:39:28,202 - INFO - [2022EE] MISSING_CENTRAL: SR3Mu/Central/bjets/3/eta in Skim_TriLep_WZTo3LNu_powheg.root
2026-05-28 15:39:28,225 - INFO - [2022EE] MISSING_CENTRAL: SR3Mu/Central/bjets/3/eta in Skim_TriLep_WWW.root
2026-05-28 15:39:28,226 - INFO - [2022EE] MISSING_CENTRAL: SR3Mu/Central/bjets/3/eta in Skim_TriLep_WWZ.root
2026-05-28 15:39:28,261 - INFO - [2022EE] MISSING_CENTRAL: SR3Mu/Central/bjets/3/eta in Skim_TriLep_VBFHToZZTo4L.root
2026-05-28 15:39:28,263 - INFO - [2022EE] MISSING_CENTRAL: SR3Mu/Central/bjets/3/eta in Skim_TriLep_ggHToZZTo4L.root
2026-05-28 15:39:28,265 - INFO - [2023] MISSING_CENTRAL: SR3Mu/Central/bjets/3/eta in Skim_TriLep_Muon0_C_v2.root
2026-05-28 15:39:28,266 - INFO - [2023] MISSING_CENTRAL: SR3Mu/Central/bjets/3/eta in Skim_TriLep_Muon0_C_v3.root
2026-05-28 15:39:28,268 - INFO - [2023] MISSING_CENTRAL: SR3Mu/Central/bjets/3/eta in Skim_TriLep_Muon1_C_v1.root
2026-05-28 15:39:28,272 - INFO - [2023] MISSING_CENTRAL: SR3Mu/Central/bjets/3/eta in Skim_TriLep_Muon1_C_v2.root
2026-05-28 15:39:28,275 - INFO - [2023] MISSING_CENTRAL: SR3Mu/Central/bjets/3/eta in Skim_TriLep_Muon1_C_v3.root
2026-05-28 15:39:28,287 - INFO - [2023] MISSING_CENTRAL: SR3Mu/Central/bjets/3/eta in Skim_TriLep_Muon1_C_v4.root
2026-05-28 15:39:28,289 - INFO - [2023] MISSING_CENTRAL: SR3Mu/Central/bjets/3/eta in Skim_TriLep_DYJets.root
2026-05-28 15:39:28,290 - INFO - [2023] MISSING_CENTRAL: SR3Mu/Central/bjets/3/eta in Skim_TriLep_DYJets10to50.root
2026-05-28 15:39:28,292 - INFO - [2023] MISSING_CENTRAL: SR3Mu/Central/bjets/3/eta in Skim_TriLep_TTG_PTG10to100.root
2026-05-28 15:39:28,294 - INFO - [2023] MISSING_CENTRAL: SR3Mu/Central/bjets/3/eta in Skim_TriLep_TTG_PTG100to200.root
2026-05-28 15:39:28,297 - INFO - [2023] MISSING_CENTRAL: SR3Mu/Central/bjets/3/eta in Skim_TriLep_TTG_PTG200toInf.root
2026-05-28 15:39:28,388 - INFO - [2023] MISSING_CENTRAL: SR3Mu/Central/bjets/3/eta in Skim_TriLep_WZTo3LNu_powheg.root
2026-05-28 15:39:28,402 - INFO - [2023] MISSING_CENTRAL: SR3Mu/Central/bjets/3/eta in Skim_TriLep_tHq.root
2026-05-28 15:39:28,404 - INFO - [2023] MISSING_CENTRAL: SR3Mu/Central/bjets/3/eta in Skim_TriLep_WWW.root
2026-05-28 15:39:28,405 - INFO - [2023] MISSING_CENTRAL: SR3Mu/Central/bjets/3/eta in Skim_TriLep_WWZ.root
2026-05-28 15:39:28,407 - INFO - [2023] MISSING_CENTRAL: SR3Mu/Central/bjets/3/eta in Skim_TriLep_WZZ.root
2026-05-28 15:39:28,411 - INFO - [2023] MISSING_CENTRAL: SR3Mu/Central/bjets/3/eta in Skim_TriLep_ZZZ.root
2026-05-28 15:39:28,427 - INFO - [2023] MISSING_CENTRAL: SR3Mu/Central/bjets/3/eta in Skim_TriLep_VBFHToZZTo4L.root
2026-05-28 15:39:28,429 - INFO - [2023] MISSING_CENTRAL: SR3Mu/Central/bjets/3/eta in Skim_TriLep_ggHToZZTo4L.root
2026-05-28 15:39:28,430 - INFO - [2023BPix] MISSING_CENTRAL: SR3Mu/Central/bjets/3/eta in Skim_TriLep_Muon0_D_v1.root
2026-05-28 15:39:28,431 - INFO - [2023BPix] MISSING_CENTRAL: SR3Mu/Central/bjets/3/eta in Skim_TriLep_Muon0_D_v2.root
2026-05-28 15:39:28,432 - INFO - [2023BPix] MISSING_CENTRAL: SR3Mu/Central/bjets/3/eta in Skim_TriLep_Muon1_D_v1.root
2026-05-28 15:39:28,433 - INFO - [2023BPix] MISSING_CENTRAL: SR3Mu/Central/bjets/3/eta in Skim_TriLep_Muon1_D_v2.root
2026-05-28 15:39:28,434 - INFO - [2023BPix] MISSING_CENTRAL: SR3Mu/Central/bjets/3/eta in Skim_TriLep_DYJets.root
2026-05-28 15:39:28,435 - INFO - [2023BPix] MISSING_CENTRAL: SR3Mu/Central/bjets/3/eta in Skim_TriLep_DYJets10to50.root
2026-05-28 15:39:28,437 - INFO - [2023BPix] MISSING_CENTRAL: SR3Mu/Central/bjets/3/eta in Skim_TriLep_TTG_PTG10to100.root
2026-05-28 15:39:28,438 - INFO - [2023BPix] MISSING_CENTRAL: SR3Mu/Central/bjets/3/eta in Skim_TriLep_TTG_PTG100to200.root
2026-05-28 15:39:28,439 - INFO - [2023BPix] MISSING_CENTRAL: SR3Mu/Central/bjets/3/eta in Skim_TriLep_TTG_PTG200toInf.root
2026-05-28 15:39:28,440 - INFO - [2023BPix] MISSING_CENTRAL: SR3Mu/Central/bjets/3/eta in Skim_TriLep_TTWToLNu.root
2026-05-28 15:39:28,525 - INFO - [2023BPix] MISSING_CENTRAL: SR3Mu/Central/bjets/3/eta in Skim_TriLep_WZTo3LNu_powheg.root
2026-05-28 15:39:28,539 - INFO - [2023BPix] MISSING_CENTRAL: SR3Mu/Central/bjets/3/eta in Skim_TriLep_tHq.root
2026-05-28 15:39:28,541 - INFO - [2023BPix] MISSING_CENTRAL: SR3Mu/Central/bjets/3/eta in Skim_TriLep_WWW.root
2026-05-28 15:39:28,542 - INFO - [2023BPix] MISSING_CENTRAL: SR3Mu/Central/bjets/3/eta in Skim_TriLep_WWZ.root
2026-05-28 15:39:28,544 - INFO - [2023BPix] MISSING_CENTRAL: SR3Mu/Central/bjets/3/eta in Skim_TriLep_WZZ.root
2026-05-28 15:39:28,545 - INFO - [2023BPix] MISSING_CENTRAL: SR3Mu/Central/bjets/3/eta in Skim_TriLep_ZZZ.root
2026-05-28 15:39:28,558 - INFO - [2023BPix] MISSING_CENTRAL: SR3Mu/Central/bjets/3/eta in Skim_TriLep_VBFHToZZTo4L.root
2026-05-28 15:39:28,561 - INFO - [2023BPix] MISSING_CENTRAL: SR3Mu/Central/bjets/3/eta in Skim_TriLep_ggHToZZTo4L.root
2026-05-28 15:48:55,404 - INFO - [2022] MISSING_CENTRAL: SR3Mu/Central/bjets/3/eta in Skim_TriLep_DoubleMuon_C.root
2026-05-28 15:48:55,462 - INFO - [2022] MISSING_CENTRAL: SR3Mu/Central/bjets/3/eta in Skim_TriLep_Muon_D.root
2026-05-28 15:48:55,490 - INFO - [2022EE] MISSING_CENTRAL: SR3Mu/Central/bjets/3/eta in Skim_TriLep_Muon_G.root
2026-05-28 15:48:55,504 - INFO - [2023] MISSING_CENTRAL: SR3Mu/Central/bjets/3/eta in Skim_TriLep_Muon0_C_v1.root
2026-05-28 15:48:55,507 - INFO - [2023] MISSING_CENTRAL: SR3Mu/Central/bjets/3/eta in Skim_TriLep_Muon0_C_v2.root
2026-05-28 15:48:55,509 - INFO - [2023] MISSING_CENTRAL: SR3Mu/Central/bjets/3/eta in Skim_TriLep_Muon0_C_v3.root
2026-05-28 15:48:55,512 - INFO - [2023] MISSING_CENTRAL: SR3Mu/Central/bjets/3/eta in Skim_TriLep_Muon0_C_v4.root
2026-05-28 15:48:55,515 - INFO - [2023] MISSING_CENTRAL: SR3Mu/Central/bjets/3/eta in Skim_TriLep_Muon1_C_v1.root
2026-05-28 15:48:55,517 - INFO - [2023] MISSING_CENTRAL: SR3Mu/Central/bjets/3/eta in Skim_TriLep_Muon1_C_v2.root
2026-05-28 15:48:55,520 - INFO - [2023] MISSING_CENTRAL: SR3Mu/Central/bjets/3/eta in Skim_TriLep_Muon1_C_v3.root
2026-05-28 15:48:55,525 - INFO - [2023] MISSING_CENTRAL: SR3Mu/Central/bjets/3/eta in Skim_TriLep_Muon1_C_v4.root
2026-05-28 15:48:55,530 - INFO - [2023BPix] MISSING_CENTRAL: SR3Mu/Central/bjets/3/eta in Skim_TriLep_Muon0_D_v2.root
2026-05-28 15:48:55,535 - INFO - [2023BPix] MISSING_CENTRAL: SR3Mu/Central/bjets/3/eta in Skim_TriLep_Muon1_D_v1.root
2026-05-28 15:48:55,537 - INFO - [2023BPix] MISSING_CENTRAL: SR3Mu/Central/bjets/3/eta in Skim_TriLep_Muon1_D_v2.root
2026-05-28 15:48:55,545 - INFO - [2022] MISSING_CENTRAL: SR3Mu/Central/bjets/3/eta in Skim_TriLep_DoubleMuon_C.root
2026-05-28 15:48:55,554 - INFO - [2022] MISSING_CENTRAL: SR3Mu/Central/bjets/3/eta in Skim_TriLep_Muon_D.root
2026-05-28 15:48:55,559 - INFO - [2022] MISSING_CENTRAL: SR3Mu/Central/bjets/3/eta in Skim_TriLep_DYJets.root
2026-05-28 15:48:55,563 - INFO - [2022] MISSING_CENTRAL: SR3Mu/Central/bjets/3/eta in Skim_TriLep_DYJets10to50.root
2026-05-28 15:48:55,564 - INFO - [2022] MISSING_CENTRAL: SR3Mu/Central/bjets/3/eta in Skim_TriLep_TTG_PTG10to100.root
2026-05-28 15:48:55,566 - INFO - [2022] MISSING_CENTRAL: SR3Mu/Central/bjets/3/eta in Skim_TriLep_TTG_PTG100to200.root
2026-05-28 15:48:55,568 - INFO - [2022] MISSING_CENTRAL: SR3Mu/Central/bjets/3/eta in Skim_TriLep_TTG_PTG200toInf.root
2026-05-28 15:48:55,571 - INFO - [2022] MISSING_CENTRAL: SR3Mu/Central/bjets/3/eta in Skim_TriLep_TTWToLNu.root
2026-05-28 15:48:55,634 - INFO - [2022] MISSING_CENTRAL: SR3Mu/Central/bjets/3/eta in Skim_TriLep_WZTo3LNu_powheg.root
2026-05-28 15:48:55,635 - INFO - [2022] MISSING_CENTRAL: SR3Mu/Central/bjets/3/eta in Skim_TriLep_ZZTo4L_powheg.root
2026-05-28 15:48:55,647 - INFO - [2022] MISSING_CENTRAL: SR3Mu/Central/bjets/3/eta in Skim_TriLep_WWW.root
2026-05-28 15:48:55,648 - INFO - [2022] MISSING_CENTRAL: SR3Mu/Central/bjets/3/eta in Skim_TriLep_WWZ.root
2026-05-28 15:48:55,649 - INFO - [2022] MISSING_CENTRAL: SR3Mu/Central/bjets/3/eta in Skim_TriLep_WZZ.root
2026-05-28 15:48:55,673 - INFO - [2022] MISSING_CENTRAL: SR3Mu/Central/bjets/3/eta in Skim_TriLep_VBFHToZZTo4L.root
2026-05-28 15:48:55,674 - INFO - [2022] MISSING_CENTRAL: SR3Mu/Central/bjets/3/eta in Skim_TriLep_ggHToZZTo4L.root
2026-05-28 15:48:55,676 - INFO - [2022EE] MISSING_CENTRAL: SR3Mu/Central/bjets/3/eta in Skim_TriLep_Muon_E.root
2026-05-28 15:48:55,679 - INFO - [2022EE] MISSING_CENTRAL: SR3Mu/Central/bjets/3/eta in Skim_TriLep_DYJets.root
2026-05-28 15:48:55,681 - INFO - [2022EE] MISSING_CENTRAL: SR3Mu/Central/bjets/3/eta in Skim_TriLep_DYJets10to50.root
2026-05-28 15:48:55,682 - INFO - [2022EE] MISSING_CENTRAL: SR3Mu/Central/bjets/3/eta in Skim_TriLep_TTG_PTG10to100.root
2026-05-28 15:48:55,686 - INFO - [2022EE] MISSING_CENTRAL: SR3Mu/Central/bjets/3/eta in Skim_TriLep_TTG_PTG100to200.root
2026-05-28 15:48:55,691 - INFO - [2022EE] MISSING_CENTRAL: SR3Mu/Central/bjets/3/eta in Skim_TriLep_TTG_PTG200toInf.root
2026-05-28 15:48:55,754 - INFO - [2022EE] MISSING_CENTRAL: SR3Mu/Central/bjets/3/eta in Skim_TriLep_WZTo3LNu_powheg.root
2026-05-28 15:48:55,783 - INFO - [2022EE] MISSING_CENTRAL: SR3Mu/Central/bjets/3/eta in Skim_TriLep_WWW.root
2026-05-28 15:48:55,784 - INFO - [2022EE] MISSING_CENTRAL: SR3Mu/Central/bjets/3/eta in Skim_TriLep_WWZ.root
2026-05-28 15:48:55,821 - INFO - [2022EE] MISSING_CENTRAL: SR3Mu/Central/bjets/3/eta in Skim_TriLep_VBFHToZZTo4L.root
2026-05-28 15:48:55,822 - INFO - [2022EE] MISSING_CENTRAL: SR3Mu/Central/bjets/3/eta in Skim_TriLep_ggHToZZTo4L.root
2026-05-28 15:48:55,827 - INFO - [2023] MISSING_CENTRAL: SR3Mu/Central/bjets/3/eta in Skim_TriLep_Muon0_C_v2.root
2026-05-28 15:48:55,830 - INFO - [2023] MISSING_CENTRAL: SR3Mu/Central/bjets/3/eta in Skim_TriLep_Muon0_C_v3.root
2026-05-28 15:48:55,835 - INFO - [2023] MISSING_CENTRAL: SR3Mu/Central/bjets/3/eta in Skim_TriLep_Muon1_C_v1.root
2026-05-28 15:48:55,836 - INFO - [2023] MISSING_CENTRAL: SR3Mu/Central/bjets/3/eta in Skim_TriLep_Muon1_C_v2.root
2026-05-28 15:48:55,841 - INFO - [2023] MISSING_CENTRAL: SR3Mu/Central/bjets/3/eta in Skim_TriLep_Muon1_C_v3.root
2026-05-28 15:48:55,845 - INFO - [2023] MISSING_CENTRAL: SR3Mu/Central/bjets/3/eta in Skim_TriLep_Muon1_C_v4.root
2026-05-28 15:48:55,851 - INFO - [2023] MISSING_CENTRAL: SR3Mu/Central/bjets/3/eta in Skim_TriLep_DYJets.root
2026-05-28 15:48:55,853 - INFO - [2023] MISSING_CENTRAL: SR3Mu/Central/bjets/3/eta in Skim_TriLep_DYJets10to50.root
2026-05-28 15:48:55,855 - INFO - [2023] MISSING_CENTRAL: SR3Mu/Central/bjets/3/eta in Skim_TriLep_TTG_PTG10to100.root
2026-05-28 15:48:55,857 - INFO - [2023] MISSING_CENTRAL: SR3Mu/Central/bjets/3/eta in Skim_TriLep_TTG_PTG100to200.root
2026-05-28 15:48:55,858 - INFO - [2023] MISSING_CENTRAL: SR3Mu/Central/bjets/3/eta in Skim_TriLep_TTG_PTG200toInf.root
2026-05-28 15:48:55,942 - INFO - [2023] MISSING_CENTRAL: SR3Mu/Central/bjets/3/eta in Skim_TriLep_WZTo3LNu_powheg.root
2026-05-28 15:48:55,962 - INFO - [2023] MISSING_CENTRAL: SR3Mu/Central/bjets/3/eta in Skim_TriLep_tHq.root
2026-05-28 15:48:55,964 - INFO - [2023] MISSING_CENTRAL: SR3Mu/Central/bjets/3/eta in Skim_TriLep_WWW.root
2026-05-28 15:48:55,966 - INFO - [2023] MISSING_CENTRAL: SR3Mu/Central/bjets/3/eta in Skim_TriLep_WWZ.root
2026-05-28 15:48:55,969 - INFO - [2023] MISSING_CENTRAL: SR3Mu/Central/bjets/3/eta in Skim_TriLep_WZZ.root
2026-05-28 15:48:55,972 - INFO - [2023] MISSING_CENTRAL: SR3Mu/Central/bjets/3/eta in Skim_TriLep_ZZZ.root
2026-05-28 15:48:55,995 - INFO - [2023] MISSING_CENTRAL: SR3Mu/Central/bjets/3/eta in Skim_TriLep_VBFHToZZTo4L.root
2026-05-28 15:48:55,996 - INFO - [2023] MISSING_CENTRAL: SR3Mu/Central/bjets/3/eta in Skim_TriLep_ggHToZZTo4L.root
2026-05-28 15:48:55,998 - INFO - [2023BPix] MISSING_CENTRAL: SR3Mu/Central/bjets/3/eta in Skim_TriLep_Muon0_D_v1.root
2026-05-28 15:48:55,999 - INFO - [2023BPix] MISSING_CENTRAL: SR3Mu/Central/bjets/3/eta in Skim_TriLep_Muon0_D_v2.root
2026-05-28 15:48:56,001 - INFO - [2023BPix] MISSING_CENTRAL: SR3Mu/Central/bjets/3/eta in Skim_TriLep_Muon1_D_v1.root
2026-05-28 15:48:56,002 - INFO - [2023BPix] MISSING_CENTRAL: SR3Mu/Central/bjets/3/eta in Skim_TriLep_Muon1_D_v2.root
2026-05-28 15:48:56,003 - INFO - [2023BPix] MISSING_CENTRAL: SR3Mu/Central/bjets/3/eta in Skim_TriLep_DYJets.root
2026-05-28 15:48:56,005 - INFO - [2023BPix] MISSING_CENTRAL: SR3Mu/Central/bjets/3/eta in Skim_TriLep_DYJets10to50.root
2026-05-28 15:48:56,007 - INFO - [2023BPix] MISSING_CENTRAL: SR3Mu/Central/bjets/3/eta in Skim_TriLep_TTG_PTG10to100.root
2026-05-28 15:48:56,010 - INFO - [2023BPix] MISSING_CENTRAL: SR3Mu/Central/bjets/3/eta in Skim_TriLep_TTG_PTG100to200.root
2026-05-28 15:48:56,013 - INFO - [2023BPix] MISSING_CENTRAL: SR3Mu/Central/bjets/3/eta in Skim_TriLep_TTG_PTG200toInf.root
2026-05-28 15:48:56,015 - INFO - [2023BPix] MISSING_CENTRAL: SR3Mu/Central/bjets/3/eta in Skim_TriLep_TTWToLNu.root
2026-05-28 15:48:56,090 - INFO - [2023BPix] MISSING_CENTRAL: SR3Mu/Central/bjets/3/eta in Skim_TriLep_WZTo3LNu_powheg.root
2026-05-28 15:48:56,106 - INFO - [2023BPix] MISSING_CENTRAL: SR3Mu/Central/bjets/3/eta in Skim_TriLep_tHq.root
2026-05-28 15:48:56,108 - INFO - [2023BPix] MISSING_CENTRAL: SR3Mu/Central/bjets/3/eta in Skim_TriLep_WWW.root
2026-05-28 15:48:56,110 - INFO - [2023BPix] MISSING_CENTRAL: SR3Mu/Central/bjets/3/eta in Skim_TriLep_WWZ.root
2026-05-28 15:48:56,112 - INFO - [2023BPix] MISSING_CENTRAL: SR3Mu/Central/bjets/3/eta in Skim_TriLep_WZZ.root
2026-05-28 15:48:56,114 - INFO - [2023BPix] MISSING_CENTRAL: SR3Mu/Central/bjets/3/eta in Skim_TriLep_ZZZ.root
2026-05-28 15:48:56,139 - INFO - [2023BPix] MISSING_CENTRAL: SR3Mu/Central/bjets/3/eta in Skim_TriLep_VBFHToZZTo4L.root
2026-05-28 15:48:56,141 - INFO - [2023BPix] MISSING_CENTRAL: SR3Mu/Central/bjets/3/eta in Skim_TriLep_ggHToZZTo4L.root
2026-05-29 15:20:21,413 - INFO - [2022] MISSING_CENTRAL: SR3Mu/Central/bjets/3/eta in Skim_TriLep_DoubleMuon_C.root
2026-05-29 15:20:21,453 - INFO - [2022] MISSING_CENTRAL: SR3Mu/Central/bjets/3/eta in Skim_TriLep_Muon_D.root
2026-05-29 15:20:21,475 - INFO - [2022EE] MISSING_CENTRAL: SR3Mu/Central/bjets/3/eta in Skim_TriLep_Muon_G.root
2026-05-29 15:20:21,484 - INFO - [2023] MISSING_CENTRAL: SR3Mu/Central/bjets/3/eta in Skim_TriLep_Muon0_C_v1.root
2026-05-29 15:20:21,485 - INFO - [2023] MISSING_CENTRAL: SR3Mu/Central/bjets/3/eta in Skim_TriLep_Muon0_C_v2.root
2026-05-29 15:20:21,486 - INFO - [2023] MISSING_CENTRAL: SR3Mu/Central/bjets/3/eta in Skim_TriLep_Muon0_C_v3.root
2026-05-29 15:20:21,486 - INFO - [2023] MISSING_CENTRAL: SR3Mu/Central/bjets/3/eta in Skim_TriLep_Muon0_C_v4.root
2026-05-29 15:20:21,487 - INFO - [2023] MISSING_CENTRAL: SR3Mu/Central/bjets/3/eta in Skim_TriLep_Muon1_C_v1.root
2026-05-29 15:20:21,487 - INFO - [2023] MISSING_CENTRAL: SR3Mu/Central/bjets/3/eta in Skim_TriLep_Muon1_C_v2.root
2026-05-29 15:20:21,488 - INFO - [2023] MISSING_CENTRAL: SR3Mu/Central/bjets/3/eta in Skim_TriLep_Muon1_C_v3.root
2026-05-29 15:20:21,488 - INFO - [2023] MISSING_CENTRAL: SR3Mu/Central/bjets/3/eta in Skim_TriLep_Muon1_C_v4.root
2026-05-29 15:20:21,489 - INFO - [2023BPix] MISSING_CENTRAL: SR3Mu/Central/bjets/3/eta in Skim_TriLep_Muon0_D_v2.root
2026-05-29 15:20:21,490 - INFO - [2023BPix] MISSING_CENTRAL: SR3Mu/Central/bjets/3/eta in Skim_TriLep_Muon1_D_v1.root
2026-05-29 15:20:21,490 - INFO - [2023BPix] MISSING_CENTRAL: SR3Mu/Central/bjets/3/eta in Skim_TriLep_Muon1_D_v2.root
2026-05-29 15:20:21,495 - INFO - [2022] MISSING_CENTRAL: SR3Mu/Central/bjets/3/eta in Skim_TriLep_DoubleMuon_C.root
2026-05-29 15:20:21,499 - INFO - [2022] MISSING_CENTRAL: SR3Mu/Central/bjets/3/eta in Skim_TriLep_Muon_D.root
2026-05-29 15:20:21,500 - INFO - [2022] MISSING_CENTRAL: SR3Mu/Central/bjets/3/eta in Skim_TriLep_DYJets.root
2026-05-29 15:20:21,501 - INFO - [2022] MISSING_CENTRAL: SR3Mu/Central/bjets/3/eta in Skim_TriLep_DYJets10to50.root
2026-05-29 15:20:21,501 - INFO - [2022] MISSING_CENTRAL: SR3Mu/Central/bjets/3/eta in Skim_TriLep_TTG_PTG10to100.root
2026-05-29 15:20:21,502 - INFO - [2022] MISSING_CENTRAL: SR3Mu/Central/bjets/3/eta in Skim_TriLep_TTG_PTG100to200.root
2026-05-29 15:20:21,503 - INFO - [2022] MISSING_CENTRAL: SR3Mu/Central/bjets/3/eta in Skim_TriLep_TTG_PTG200toInf.root
2026-05-29 15:20:21,504 - INFO - [2022] MISSING_CENTRAL: SR3Mu/Central/bjets/3/eta in Skim_TriLep_TTWToLNu.root
2026-05-29 15:20:21,542 - INFO - [2022] MISSING_CENTRAL: SR3Mu/Central/bjets/3/eta in Skim_TriLep_WZTo3LNu_powheg.root
2026-05-29 15:20:21,543 - INFO - [2022] MISSING_CENTRAL: SR3Mu/Central/bjets/3/eta in Skim_TriLep_ZZTo4L_powheg.root
2026-05-29 15:20:21,550 - INFO - [2022] MISSING_CENTRAL: SR3Mu/Central/bjets/3/eta in Skim_TriLep_WWW.root
2026-05-29 15:20:21,551 - INFO - [2022] MISSING_CENTRAL: SR3Mu/Central/bjets/3/eta in Skim_TriLep_WWZ.root
2026-05-29 15:20:21,551 - INFO - [2022] MISSING_CENTRAL: SR3Mu/Central/bjets/3/eta in Skim_TriLep_WZZ.root
2026-05-29 15:20:21,567 - INFO - [2022] MISSING_CENTRAL: SR3Mu/Central/bjets/3/eta in Skim_TriLep_VBFHToZZTo4L.root
2026-05-29 15:20:21,568 - INFO - [2022] MISSING_CENTRAL: SR3Mu/Central/bjets/3/eta in Skim_TriLep_ggHToZZTo4L.root
2026-05-29 15:20:21,568 - INFO - [2022EE] MISSING_CENTRAL: SR3Mu/Central/bjets/3/eta in Skim_TriLep_Muon_E.root
2026-05-29 15:20:21,570 - INFO - [2022EE] MISSING_CENTRAL: SR3Mu/Central/bjets/3/eta in Skim_TriLep_DYJets.root
2026-05-29 15:20:21,571 - INFO - [2022EE] MISSING_CENTRAL: SR3Mu/Central/bjets/3/eta in Skim_TriLep_DYJets10to50.root
2026-05-29 15:20:21,571 - INFO - [2022EE] MISSING_CENTRAL: SR3Mu/Central/bjets/3/eta in Skim_TriLep_TTG_PTG10to100.root
2026-05-29 15:20:21,572 - INFO - [2022EE] MISSING_CENTRAL: SR3Mu/Central/bjets/3/eta in Skim_TriLep_TTG_PTG100to200.root
2026-05-29 15:20:21,573 - INFO - [2022EE] MISSING_CENTRAL: SR3Mu/Central/bjets/3/eta in Skim_TriLep_TTG_PTG200toInf.root
2026-05-29 15:20:21,615 - INFO - [2022EE] MISSING_CENTRAL: SR3Mu/Central/bjets/3/eta in Skim_TriLep_WZTo3LNu_powheg.root
2026-05-29 15:20:21,632 - INFO - [2022EE] MISSING_CENTRAL: SR3Mu/Central/bjets/3/eta in Skim_TriLep_WWW.root
2026-05-29 15:20:21,633 - INFO - [2022EE] MISSING_CENTRAL: SR3Mu/Central/bjets/3/eta in Skim_TriLep_WWZ.root
2026-05-29 15:20:21,661 - INFO - [2022EE] MISSING_CENTRAL: SR3Mu/Central/bjets/3/eta in Skim_TriLep_VBFHToZZTo4L.root
2026-05-29 15:20:21,662 - INFO - [2022EE] MISSING_CENTRAL: SR3Mu/Central/bjets/3/eta in Skim_TriLep_ggHToZZTo4L.root
2026-05-29 15:20:21,663 - INFO - [2023] MISSING_CENTRAL: SR3Mu/Central/bjets/3/eta in Skim_TriLep_Muon0_C_v2.root
2026-05-29 15:20:21,664 - INFO - [2023] MISSING_CENTRAL: SR3Mu/Central/bjets/3/eta in Skim_TriLep_Muon0_C_v3.root
2026-05-29 15:20:21,665 - INFO - [2023] MISSING_CENTRAL: SR3Mu/Central/bjets/3/eta in Skim_TriLep_Muon1_C_v1.root
2026-05-29 15:20:21,666 - INFO - [2023] MISSING_CENTRAL: SR3Mu/Central/bjets/3/eta in Skim_TriLep_Muon1_C_v2.root
2026-05-29 15:20:21,666 - INFO - [2023] MISSING_CENTRAL: SR3Mu/Central/bjets/3/eta in Skim_TriLep_Muon1_C_v3.root
2026-05-29 15:20:21,667 - INFO - [2023] MISSING_CENTRAL: SR3Mu/Central/bjets/3/eta in Skim_TriLep_Muon1_C_v4.root
2026-05-29 15:20:21,668 - INFO - [2023] MISSING_CENTRAL: SR3Mu/Central/bjets/3/eta in Skim_TriLep_DYJets.root
2026-05-29 15:20:21,668 - INFO - [2023] MISSING_CENTRAL: SR3Mu/Central/bjets/3/eta in Skim_TriLep_DYJets10to50.root
2026-05-29 15:20:21,669 - INFO - [2023] MISSING_CENTRAL: SR3Mu/Central/bjets/3/eta in Skim_TriLep_TTG_PTG10to100.root
2026-05-29 15:20:21,670 - INFO - [2023] MISSING_CENTRAL: SR3Mu/Central/bjets/3/eta in Skim_TriLep_TTG_PTG100to200.root
2026-05-29 15:20:21,670 - INFO - [2023] MISSING_CENTRAL: SR3Mu/Central/bjets/3/eta in Skim_TriLep_TTG_PTG200toInf.root
2026-05-29 15:20:21,724 - INFO - [2023] MISSING_CENTRAL: SR3Mu/Central/bjets/3/eta in Skim_TriLep_WZTo3LNu_powheg.root
2026-05-29 15:20:21,734 - INFO - [2023] MISSING_CENTRAL: SR3Mu/Central/bjets/3/eta in Skim_TriLep_tHq.root
2026-05-29 15:20:21,735 - INFO - [2023] MISSING_CENTRAL: SR3Mu/Central/bjets/3/eta in Skim_TriLep_WWW.root
2026-05-29 15:20:21,735 - INFO - [2023] MISSING_CENTRAL: SR3Mu/Central/bjets/3/eta in Skim_TriLep_WWZ.root
2026-05-29 15:20:21,736 - INFO - [2023] MISSING_CENTRAL: SR3Mu/Central/bjets/3/eta in Skim_TriLep_WZZ.root
2026-05-29 15:20:21,737 - INFO - [2023] MISSING_CENTRAL: SR3Mu/Central/bjets/3/eta in Skim_TriLep_ZZZ.root
2026-05-29 15:20:21,750 - INFO - [2023] MISSING_CENTRAL: SR3Mu/Central/bjets/3/eta in Skim_TriLep_VBFHToZZTo4L.root
2026-05-29 15:20:21,751 - INFO - [2023] MISSING_CENTRAL: SR3Mu/Central/bjets/3/eta in Skim_TriLep_ggHToZZTo4L.root
2026-05-29 15:20:21,751 - INFO - [2023BPix] MISSING_CENTRAL: SR3Mu/Central/bjets/3/eta in Skim_TriLep_Muon0_D_v1.root
2026-05-29 15:20:21,752 - INFO - [2023BPix] MISSING_CENTRAL: SR3Mu/Central/bjets/3/eta in Skim_TriLep_Muon0_D_v2.root
2026-05-29 15:20:21,752 - INFO - [2023BPix] MISSING_CENTRAL: SR3Mu/Central/bjets/3/eta in Skim_TriLep_Muon1_D_v1.root
2026-05-29 15:20:21,753 - INFO - [2023BPix] MISSING_CENTRAL: SR3Mu/Central/bjets/3/eta in Skim_TriLep_Muon1_D_v2.root
2026-05-29 15:20:21,753 - INFO - [2023BPix] MISSING_CENTRAL: SR3Mu/Central/bjets/3/eta in Skim_TriLep_DYJets.root
2026-05-29 15:20:21,754 - INFO - [2023BPix] MISSING_CENTRAL: SR3Mu/Central/bjets/3/eta in Skim_TriLep_DYJets10to50.root
2026-05-29 15:20:21,754 - INFO - [2023BPix] MISSING_CENTRAL: SR3Mu/Central/bjets/3/eta in Skim_TriLep_TTG_PTG10to100.root
2026-05-29 15:20:21,755 - INFO - [2023BPix] MISSING_CENTRAL: SR3Mu/Central/bjets/3/eta in Skim_TriLep_TTG_PTG100to200.root
2026-05-29 15:20:21,756 - INFO - [2023BPix] MISSING_CENTRAL: SR3Mu/Central/bjets/3/eta in Skim_TriLep_TTG_PTG200toInf.root
2026-05-29 15:20:21,756 - INFO - [2023BPix] MISSING_CENTRAL: SR3Mu/Central/bjets/3/eta in Skim_TriLep_TTWToLNu.root
2026-05-29 15:20:21,840 - INFO - [2023BPix] MISSING_CENTRAL: SR3Mu/Central/bjets/3/eta in Skim_TriLep_WZTo3LNu_powheg.root
2026-05-29 15:20:21,852 - INFO - [2023BPix] MISSING_CENTRAL: SR3Mu/Central/bjets/3/eta in Skim_TriLep_tHq.root
2026-05-29 15:20:21,853 - INFO - [2023BPix] MISSING_CENTRAL: SR3Mu/Central/bjets/3/eta in Skim_TriLep_WWW.root
2026-05-29 15:20:21,855 - INFO - [2023BPix] MISSING_CENTRAL: SR3Mu/Central/bjets/3/eta in Skim_TriLep_WWZ.root
2026-05-29 15:20:21,855 - INFO - [2023BPix] MISSING_CENTRAL: SR3Mu/Central/bjets/3/eta in Skim_TriLep_WZZ.root
2026-05-29 15:20:21,856 - INFO - [2023BPix] MISSING_CENTRAL: SR3Mu/Central/bjets/3/eta in Skim_TriLep_ZZZ.root
2026-05-29 15:20:21,864 - INFO - [2023BPix] MISSING_CENTRAL: SR3Mu/Central/bjets/3/eta in Skim_TriLep_VBFHToZZTo4L.root
2026-05-29 15:20:21,864 - INFO - [2023BPix] MISSING_CENTRAL: SR3Mu/Central/bjets/3/eta in Skim_TriLep_ggHToZZTo4L.root
2026-05-29 15:22:30,800 - INFO - [2022] MISSING_CENTRAL: SR3Mu/Central/bjets/3/eta in Skim_TriLep_DoubleMuon_C.root
2026-05-29 15:22:30,842 - INFO - [2022] MISSING_CENTRAL: SR3Mu/Central/bjets/3/eta in Skim_TriLep_Muon_D.root
2026-05-29 15:22:30,863 - INFO - [2022EE] MISSING_CENTRAL: SR3Mu/Central/bjets/3/eta in Skim_TriLep_Muon_G.root
2026-05-29 15:22:30,873 - INFO - [2023] MISSING_CENTRAL: SR3Mu/Central/bjets/3/eta in Skim_TriLep_Muon0_C_v1.root
2026-05-29 15:22:30,874 - INFO - [2023] MISSING_CENTRAL: SR3Mu/Central/bjets/3/eta in Skim_TriLep_Muon0_C_v2.root
2026-05-29 15:22:30,875 - INFO - [2023] MISSING_CENTRAL: SR3Mu/Central/bjets/3/eta in Skim_TriLep_Muon0_C_v3.root
2026-05-29 15:22:30,875 - INFO - [2023] MISSING_CENTRAL: SR3Mu/Central/bjets/3/eta in Skim_TriLep_Muon0_C_v4.root
2026-05-29 15:22:30,876 - INFO - [2023] MISSING_CENTRAL: SR3Mu/Central/bjets/3/eta in Skim_TriLep_Muon1_C_v1.root
2026-05-29 15:22:30,876 - INFO - [2023] MISSING_CENTRAL: SR3Mu/Central/bjets/3/eta in Skim_TriLep_Muon1_C_v2.root
2026-05-29 15:22:30,877 - INFO - [2023] MISSING_CENTRAL: SR3Mu/Central/bjets/3/eta in Skim_TriLep_Muon1_C_v3.root
2026-05-29 15:22:30,877 - INFO - [2023] MISSING_CENTRAL: SR3Mu/Central/bjets/3/eta in Skim_TriLep_Muon1_C_v4.root
2026-05-29 15:22:30,878 - INFO - [2023BPix] MISSING_CENTRAL: SR3Mu/Central/bjets/3/eta in Skim_TriLep_Muon0_D_v2.root
2026-05-29 15:22:30,879 - INFO - [2023BPix] MISSING_CENTRAL: SR3Mu/Central/bjets/3/eta in Skim_TriLep_Muon1_D_v1.root
2026-05-29 15:22:30,879 - INFO - [2023BPix] MISSING_CENTRAL: SR3Mu/Central/bjets/3/eta in Skim_TriLep_Muon1_D_v2.root
2026-05-29 15:22:30,884 - INFO - [2022] MISSING_CENTRAL: SR3Mu/Central/bjets/3/eta in Skim_TriLep_DoubleMuon_C.root
2026-05-29 15:22:30,889 - INFO - [2022] MISSING_CENTRAL: SR3Mu/Central/bjets/3/eta in Skim_TriLep_Muon_D.root
2026-05-29 15:22:30,889 - INFO - [2022] MISSING_CENTRAL: SR3Mu/Central/bjets/3/eta in Skim_TriLep_DYJets.root
2026-05-29 15:22:30,890 - INFO - [2022] MISSING_CENTRAL: SR3Mu/Central/bjets/3/eta in Skim_TriLep_DYJets10to50.root
2026-05-29 15:22:30,890 - INFO - [2022] MISSING_CENTRAL: SR3Mu/Central/bjets/3/eta in Skim_TriLep_TTG_PTG10to100.root
2026-05-29 15:22:30,891 - INFO - [2022] MISSING_CENTRAL: SR3Mu/Central/bjets/3/eta in Skim_TriLep_TTG_PTG100to200.root
2026-05-29 15:22:30,892 - INFO - [2022] MISSING_CENTRAL: SR3Mu/Central/bjets/3/eta in Skim_TriLep_TTG_PTG200toInf.root
2026-05-29 15:22:30,894 - INFO - [2022] MISSING_CENTRAL: SR3Mu/Central/bjets/3/eta in Skim_TriLep_TTWToLNu.root
2026-05-29 15:22:30,930 - INFO - [2022] MISSING_CENTRAL: SR3Mu/Central/bjets/3/eta in Skim_TriLep_WZTo3LNu_powheg.root
2026-05-29 15:22:30,931 - INFO - [2022] MISSING_CENTRAL: SR3Mu/Central/bjets/3/eta in Skim_TriLep_ZZTo4L_powheg.root
2026-05-29 15:22:30,938 - INFO - [2022] MISSING_CENTRAL: SR3Mu/Central/bjets/3/eta in Skim_TriLep_WWW.root
2026-05-29 15:22:30,939 - INFO - [2022] MISSING_CENTRAL: SR3Mu/Central/bjets/3/eta in Skim_TriLep_WWZ.root
2026-05-29 15:22:30,939 - INFO - [2022] MISSING_CENTRAL: SR3Mu/Central/bjets/3/eta in Skim_TriLep_WZZ.root
2026-05-29 15:22:30,953 - INFO - [2022] MISSING_CENTRAL: SR3Mu/Central/bjets/3/eta in Skim_TriLep_VBFHToZZTo4L.root
2026-05-29 15:22:30,954 - INFO - [2022] MISSING_CENTRAL: SR3Mu/Central/bjets/3/eta in Skim_TriLep_ggHToZZTo4L.root
2026-05-29 15:22:30,955 - INFO - [2022EE] MISSING_CENTRAL: SR3Mu/Central/bjets/3/eta in Skim_TriLep_Muon_E.root
2026-05-29 15:22:30,957 - INFO - [2022EE] MISSING_CENTRAL: SR3Mu/Central/bjets/3/eta in Skim_TriLep_DYJets.root
2026-05-29 15:22:30,957 - INFO - [2022EE] MISSING_CENTRAL: SR3Mu/Central/bjets/3/eta in Skim_TriLep_DYJets10to50.root
2026-05-29 15:22:30,958 - INFO - [2022EE] MISSING_CENTRAL: SR3Mu/Central/bjets/3/eta in Skim_TriLep_TTG_PTG10to100.root
2026-05-29 15:22:30,958 - INFO - [2022EE] MISSING_CENTRAL: SR3Mu/Central/bjets/3/eta in Skim_TriLep_TTG_PTG100to200.root
2026-05-29 15:22:30,959 - INFO - [2022EE] MISSING_CENTRAL: SR3Mu/Central/bjets/3/eta in Skim_TriLep_TTG_PTG200toInf.root
2026-05-29 15:22:30,996 - INFO - [2022EE] MISSING_CENTRAL: SR3Mu/Central/bjets/3/eta in Skim_TriLep_WZTo3LNu_powheg.root
2026-05-29 15:22:31,011 - INFO - [2022EE] MISSING_CENTRAL: SR3Mu/Central/bjets/3/eta in Skim_TriLep_WWW.root
2026-05-29 15:22:31,011 - INFO - [2022EE] MISSING_CENTRAL: SR3Mu/Central/bjets/3/eta in Skim_TriLep_WWZ.root
2026-05-29 15:22:31,035 - INFO - [2022EE] MISSING_CENTRAL: SR3Mu/Central/bjets/3/eta in Skim_TriLep_VBFHToZZTo4L.root
2026-05-29 15:22:31,035 - INFO - [2022EE] MISSING_CENTRAL: SR3Mu/Central/bjets/3/eta in Skim_TriLep_ggHToZZTo4L.root
2026-05-29 15:22:31,036 - INFO - [2023] MISSING_CENTRAL: SR3Mu/Central/bjets/3/eta in Skim_TriLep_Muon0_C_v2.root
2026-05-29 15:22:31,037 - INFO - [2023] MISSING_CENTRAL: SR3Mu/Central/bjets/3/eta in Skim_TriLep_Muon0_C_v3.root
2026-05-29 15:22:31,038 - INFO - [2023] MISSING_CENTRAL: SR3Mu/Central/bjets/3/eta in Skim_TriLep_Muon1_C_v1.root
2026-05-29 15:22:31,039 - INFO - [2023] MISSING_CENTRAL: SR3Mu/Central/bjets/3/eta in Skim_TriLep_Muon1_C_v2.root
2026-05-29 15:22:31,039 - INFO - [2023] MISSING_CENTRAL: SR3Mu/Central/bjets/3/eta in Skim_TriLep_Muon1_C_v3.root
2026-05-29 15:22:31,040 - INFO - [2023] MISSING_CENTRAL: SR3Mu/Central/bjets/3/eta in Skim_TriLep_Muon1_C_v4.root
2026-05-29 15:22:31,041 - INFO - [2023] MISSING_CENTRAL: SR3Mu/Central/bjets/3/eta in Skim_TriLep_DYJets.root
2026-05-29 15:22:31,041 - INFO - [2023] MISSING_CENTRAL: SR3Mu/Central/bjets/3/eta in Skim_TriLep_DYJets10to50.root
2026-05-29 15:22:31,042 - INFO - [2023] MISSING_CENTRAL: SR3Mu/Central/bjets/3/eta in Skim_TriLep_TTG_PTG10to100.root
2026-05-29 15:22:31,042 - INFO - [2023] MISSING_CENTRAL: SR3Mu/Central/bjets/3/eta in Skim_TriLep_TTG_PTG100to200.root
2026-05-29 15:22:31,043 - INFO - [2023] MISSING_CENTRAL: SR3Mu/Central/bjets/3/eta in Skim_TriLep_TTG_PTG200toInf.root
2026-05-29 15:22:31,081 - INFO - [2023] MISSING_CENTRAL: SR3Mu/Central/bjets/3/eta in Skim_TriLep_WZTo3LNu_powheg.root
2026-05-29 15:22:31,089 - INFO - [2023] MISSING_CENTRAL: SR3Mu/Central/bjets/3/eta in Skim_TriLep_tHq.root
2026-05-29 15:22:31,090 - INFO - [2023] MISSING_CENTRAL: SR3Mu/Central/bjets/3/eta in Skim_TriLep_WWW.root
2026-05-29 15:22:31,090 - INFO - [2023] MISSING_CENTRAL: SR3Mu/Central/bjets/3/eta in Skim_TriLep_WWZ.root
2026-05-29 15:22:31,091 - INFO - [2023] MISSING_CENTRAL: SR3Mu/Central/bjets/3/eta in Skim_TriLep_WZZ.root
2026-05-29 15:22:31,092 - INFO - [2023] MISSING_CENTRAL: SR3Mu/Central/bjets/3/eta in Skim_TriLep_ZZZ.root
2026-05-29 15:22:31,101 - INFO - [2023] MISSING_CENTRAL: SR3Mu/Central/bjets/3/eta in Skim_TriLep_VBFHToZZTo4L.root
2026-05-29 15:22:31,102 - INFO - [2023] MISSING_CENTRAL: SR3Mu/Central/bjets/3/eta in Skim_TriLep_ggHToZZTo4L.root
2026-05-29 15:22:31,103 - INFO - [2023BPix] MISSING_CENTRAL: SR3Mu/Central/bjets/3/eta in Skim_TriLep_Muon0_D_v1.root
2026-05-29 15:22:31,103 - INFO - [2023BPix] MISSING_CENTRAL: SR3Mu/Central/bjets/3/eta in Skim_TriLep_Muon0_D_v2.root
2026-05-29 15:22:31,104 - INFO - [2023BPix] MISSING_CENTRAL: SR3Mu/Central/bjets/3/eta in Skim_TriLep_Muon1_D_v1.root
2026-05-29 15:22:31,105 - INFO - [2023BPix] MISSING_CENTRAL: SR3Mu/Central/bjets/3/eta in Skim_TriLep_Muon1_D_v2.root
2026-05-29 15:22:31,105 - INFO - [2023BPix] MISSING_CENTRAL: SR3Mu/Central/bjets/3/eta in Skim_TriLep_DYJets.root
2026-05-29 15:22:31,106 - INFO - [2023BPix] MISSING_CENTRAL: SR3Mu/Central/bjets/3/eta in Skim_TriLep_DYJets10to50.root
2026-05-29 15:22:31,107 - INFO - [2023BPix] MISSING_CENTRAL: SR3Mu/Central/bjets/3/eta in Skim_TriLep_TTG_PTG10to100.root
2026-05-29 15:22:31,107 - INFO - [2023BPix] MISSING_CENTRAL: SR3Mu/Central/bjets/3/eta in Skim_TriLep_TTG_PTG100to200.root
2026-05-29 15:22:31,108 - INFO - [2023BPix] MISSING_CENTRAL: SR3Mu/Central/bjets/3/eta in Skim_TriLep_TTG_PTG200toInf.root
2026-05-29 15:22:31,109 - INFO - [2023BPix] MISSING_CENTRAL: SR3Mu/Central/bjets/3/eta in Skim_TriLep_TTWToLNu.root
2026-05-29 15:22:31,140 - INFO - [2023BPix] MISSING_CENTRAL: SR3Mu/Central/bjets/3/eta in Skim_TriLep_WZTo3LNu_powheg.root
2026-05-29 15:22:31,149 - INFO - [2023BPix] MISSING_CENTRAL: SR3Mu/Central/bjets/3/eta in Skim_TriLep_tHq.root
2026-05-29 15:22:31,150 - INFO - [2023BPix] MISSING_CENTRAL: SR3Mu/Central/bjets/3/eta in Skim_TriLep_WWW.root
2026-05-29 15:22:31,150 - INFO - [2023BPix] MISSING_CENTRAL: SR3Mu/Central/bjets/3/eta in Skim_TriLep_WWZ.root
2026-05-29 15:22:31,151 - INFO - [2023BPix] MISSING_CENTRAL: SR3Mu/Central/bjets/3/eta in Skim_TriLep_WZZ.root
2026-05-29 15:22:31,152 - INFO - [2023BPix] MISSING_CENTRAL: SR3Mu/Central/bjets/3/eta in Skim_TriLep_ZZZ.root
2026-05-29 15:22:31,160 - INFO - [2023BPix] MISSING_CENTRAL: SR3Mu/Central/bjets/3/eta in Skim_TriLep_VBFHToZZTo4L.root
2026-05-29 15:22:31,161 - INFO - [2023BPix] MISSING_CENTRAL: SR3Mu/Central/bjets/3/eta in Skim_TriLep_ggHToZZTo4L.root
2026-05-29 15:30:18,769 - INFO - [2022] MISSING_CENTRAL: SR3Mu/Central/bjets/3/eta in Skim_TriLep_DoubleMuon_C.root
2026-05-29 15:30:18,810 - INFO - [2022] MISSING_CENTRAL: SR3Mu/Central/bjets/3/eta in Skim_TriLep_Muon_D.root
2026-05-29 15:30:18,833 - INFO - [2022EE] MISSING_CENTRAL: SR3Mu/Central/bjets/3/eta in Skim_TriLep_Muon_G.root
2026-05-29 15:30:18,842 - INFO - [2023] MISSING_CENTRAL: SR3Mu/Central/bjets/3/eta in Skim_TriLep_Muon0_C_v1.root
2026-05-29 15:30:18,843 - INFO - [2023] MISSING_CENTRAL: SR3Mu/Central/bjets/3/eta in Skim_TriLep_Muon0_C_v2.root
2026-05-29 15:30:18,844 - INFO - [2023] MISSING_CENTRAL: SR3Mu/Central/bjets/3/eta in Skim_TriLep_Muon0_C_v3.root
2026-05-29 15:30:18,844 - INFO - [2023] MISSING_CENTRAL: SR3Mu/Central/bjets/3/eta in Skim_TriLep_Muon0_C_v4.root
2026-05-29 15:30:18,845 - INFO - [2023] MISSING_CENTRAL: SR3Mu/Central/bjets/3/eta in Skim_TriLep_Muon1_C_v1.root
2026-05-29 15:30:18,845 - INFO - [2023] MISSING_CENTRAL: SR3Mu/Central/bjets/3/eta in Skim_TriLep_Muon1_C_v2.root
2026-05-29 15:30:18,846 - INFO - [2023] MISSING_CENTRAL: SR3Mu/Central/bjets/3/eta in Skim_TriLep_Muon1_C_v3.root
2026-05-29 15:30:18,846 - INFO - [2023] MISSING_CENTRAL: SR3Mu/Central/bjets/3/eta in Skim_TriLep_Muon1_C_v4.root
2026-05-29 15:30:18,847 - INFO - [2023BPix] MISSING_CENTRAL: SR3Mu/Central/bjets/3/eta in Skim_TriLep_Muon0_D_v2.root
2026-05-29 15:30:18,848 - INFO - [2023BPix] MISSING_CENTRAL: SR3Mu/Central/bjets/3/eta in Skim_TriLep_Muon1_D_v1.root
2026-05-29 15:30:18,848 - INFO - [2023BPix] MISSING_CENTRAL: SR3Mu/Central/bjets/3/eta in Skim_TriLep_Muon1_D_v2.root
2026-05-29 15:30:18,853 - INFO - [2022] MISSING_CENTRAL: SR3Mu/Central/bjets/3/eta in Skim_TriLep_DoubleMuon_C.root
2026-05-29 15:30:18,858 - INFO - [2022] MISSING_CENTRAL: SR3Mu/Central/bjets/3/eta in Skim_TriLep_Muon_D.root
2026-05-29 15:30:18,859 - INFO - [2022] MISSING_CENTRAL: SR3Mu/Central/bjets/3/eta in Skim_TriLep_DYJets.root
2026-05-29 15:30:18,859 - INFO - [2022] MISSING_CENTRAL: SR3Mu/Central/bjets/3/eta in Skim_TriLep_DYJets10to50.root
2026-05-29 15:30:18,860 - INFO - [2022] MISSING_CENTRAL: SR3Mu/Central/bjets/3/eta in Skim_TriLep_TTG_PTG10to100.root
2026-05-29 15:30:18,860 - INFO - [2022] MISSING_CENTRAL: SR3Mu/Central/bjets/3/eta in Skim_TriLep_TTG_PTG100to200.root
2026-05-29 15:30:18,861 - INFO - [2022] MISSING_CENTRAL: SR3Mu/Central/bjets/3/eta in Skim_TriLep_TTG_PTG200toInf.root
2026-05-29 15:30:18,863 - INFO - [2022] MISSING_CENTRAL: SR3Mu/Central/bjets/3/eta in Skim_TriLep_TTWToLNu.root
2026-05-29 15:30:18,902 - INFO - [2022] MISSING_CENTRAL: SR3Mu/Central/bjets/3/eta in Skim_TriLep_WZTo3LNu_powheg.root
2026-05-29 15:30:18,903 - INFO - [2022] MISSING_CENTRAL: SR3Mu/Central/bjets/3/eta in Skim_TriLep_ZZTo4L_powheg.root
2026-05-29 15:30:18,910 - INFO - [2022] MISSING_CENTRAL: SR3Mu/Central/bjets/3/eta in Skim_TriLep_WWW.root
2026-05-29 15:30:18,910 - INFO - [2022] MISSING_CENTRAL: SR3Mu/Central/bjets/3/eta in Skim_TriLep_WWZ.root
2026-05-29 15:30:18,911 - INFO - [2022] MISSING_CENTRAL: SR3Mu/Central/bjets/3/eta in Skim_TriLep_WZZ.root
2026-05-29 15:30:18,925 - INFO - [2022] MISSING_CENTRAL: SR3Mu/Central/bjets/3/eta in Skim_TriLep_VBFHToZZTo4L.root
2026-05-29 15:30:18,926 - INFO - [2022] MISSING_CENTRAL: SR3Mu/Central/bjets/3/eta in Skim_TriLep_ggHToZZTo4L.root
2026-05-29 15:30:18,927 - INFO - [2022EE] MISSING_CENTRAL: SR3Mu/Central/bjets/3/eta in Skim_TriLep_Muon_E.root
2026-05-29 15:30:18,929 - INFO - [2022EE] MISSING_CENTRAL: SR3Mu/Central/bjets/3/eta in Skim_TriLep_DYJets.root
2026-05-29 15:30:18,929 - INFO - [2022EE] MISSING_CENTRAL: SR3Mu/Central/bjets/3/eta in Skim_TriLep_DYJets10to50.root
2026-05-29 15:30:18,930 - INFO - [2022EE] MISSING_CENTRAL: SR3Mu/Central/bjets/3/eta in Skim_TriLep_TTG_PTG10to100.root
2026-05-29 15:30:18,930 - INFO - [2022EE] MISSING_CENTRAL: SR3Mu/Central/bjets/3/eta in Skim_TriLep_TTG_PTG100to200.root
2026-05-29 15:30:18,931 - INFO - [2022EE] MISSING_CENTRAL: SR3Mu/Central/bjets/3/eta in Skim_TriLep_TTG_PTG200toInf.root
2026-05-29 15:30:18,988 - INFO - [2022EE] MISSING_CENTRAL: SR3Mu/Central/bjets/3/eta in Skim_TriLep_WZTo3LNu_powheg.root
2026-05-29 15:30:19,019 - INFO - [2022EE] MISSING_CENTRAL: SR3Mu/Central/bjets/3/eta in Skim_TriLep_WWW.root
2026-05-29 15:30:19,023 - INFO - [2022EE] MISSING_CENTRAL: SR3Mu/Central/bjets/3/eta in Skim_TriLep_WWZ.root
2026-05-29 15:30:19,072 - INFO - [2022EE] MISSING_CENTRAL: SR3Mu/Central/bjets/3/eta in Skim_TriLep_VBFHToZZTo4L.root
2026-05-29 15:30:19,073 - INFO - [2022EE] MISSING_CENTRAL: SR3Mu/Central/bjets/3/eta in Skim_TriLep_ggHToZZTo4L.root
2026-05-29 15:30:19,074 - INFO - [2023] MISSING_CENTRAL: SR3Mu/Central/bjets/3/eta in Skim_TriLep_Muon0_C_v2.root
2026-05-29 15:30:19,075 - INFO - [2023] MISSING_CENTRAL: SR3Mu/Central/bjets/3/eta in Skim_TriLep_Muon0_C_v3.root
2026-05-29 15:30:19,076 - INFO - [2023] MISSING_CENTRAL: SR3Mu/Central/bjets/3/eta in Skim_TriLep_Muon1_C_v1.root
2026-05-29 15:30:19,077 - INFO - [2023] MISSING_CENTRAL: SR3Mu/Central/bjets/3/eta in Skim_TriLep_Muon1_C_v2.root
2026-05-29 15:30:19,077 - INFO - [2023] MISSING_CENTRAL: SR3Mu/Central/bjets/3/eta in Skim_TriLep_Muon1_C_v3.root
2026-05-29 15:30:19,078 - INFO - [2023] MISSING_CENTRAL: SR3Mu/Central/bjets/3/eta in Skim_TriLep_Muon1_C_v4.root
2026-05-29 15:30:19,079 - INFO - [2023] MISSING_CENTRAL: SR3Mu/Central/bjets/3/eta in Skim_TriLep_DYJets.root
2026-05-29 15:30:19,080 - INFO - [2023] MISSING_CENTRAL: SR3Mu/Central/bjets/3/eta in Skim_TriLep_DYJets10to50.root
2026-05-29 15:30:19,080 - INFO - [2023] MISSING_CENTRAL: SR3Mu/Central/bjets/3/eta in Skim_TriLep_TTG_PTG10to100.root
2026-05-29 15:30:19,081 - INFO - [2023] MISSING_CENTRAL: SR3Mu/Central/bjets/3/eta in Skim_TriLep_TTG_PTG100to200.root
2026-05-29 15:30:19,082 - INFO - [2023] MISSING_CENTRAL: SR3Mu/Central/bjets/3/eta in Skim_TriLep_TTG_PTG200toInf.root
2026-05-29 15:30:19,119 - INFO - [2023] MISSING_CENTRAL: SR3Mu/Central/bjets/3/eta in Skim_TriLep_WZTo3LNu_powheg.root
2026-05-29 15:30:19,127 - INFO - [2023] MISSING_CENTRAL: SR3Mu/Central/bjets/3/eta in Skim_TriLep_tHq.root
2026-05-29 15:30:19,128 - INFO - [2023] MISSING_CENTRAL: SR3Mu/Central/bjets/3/eta in Skim_TriLep_WWW.root
2026-05-29 15:30:19,129 - INFO - [2023] MISSING_CENTRAL: SR3Mu/Central/bjets/3/eta in Skim_TriLep_WWZ.root
2026-05-29 15:30:19,130 - INFO - [2023] MISSING_CENTRAL: SR3Mu/Central/bjets/3/eta in Skim_TriLep_WZZ.root
2026-05-29 15:30:19,130 - INFO - [2023] MISSING_CENTRAL: SR3Mu/Central/bjets/3/eta in Skim_TriLep_ZZZ.root
2026-05-29 15:30:19,140 - INFO - [2023] MISSING_CENTRAL: SR3Mu/Central/bjets/3/eta in Skim_TriLep_VBFHToZZTo4L.root
2026-05-29 15:30:19,140 - INFO - [2023] MISSING_CENTRAL: SR3Mu/Central/bjets/3/eta in Skim_TriLep_ggHToZZTo4L.root
2026-05-29 15:30:19,141 - INFO - [2023BPix] MISSING_CENTRAL: SR3Mu/Central/bjets/3/eta in Skim_TriLep_Muon0_D_v1.root
2026-05-29 15:30:19,142 - INFO - [2023BPix] MISSING_CENTRAL: SR3Mu/Central/bjets/3/eta in Skim_TriLep_Muon0_D_v2.root
2026-05-29 15:30:19,142 - INFO - [2023BPix] MISSING_CENTRAL: SR3Mu/Central/bjets/3/eta in Skim_TriLep_Muon1_D_v1.root
2026-05-29 15:30:19,143 - INFO - [2023BPix] MISSING_CENTRAL: SR3Mu/Central/bjets/3/eta in Skim_TriLep_Muon1_D_v2.root
2026-05-29 15:30:19,143 - INFO - [2023BPix] MISSING_CENTRAL: SR3Mu/Central/bjets/3/eta in Skim_TriLep_DYJets.root
2026-05-29 15:30:19,144 - INFO - [2023BPix] MISSING_CENTRAL: SR3Mu/Central/bjets/3/eta in Skim_TriLep_DYJets10to50.root
2026-05-29 15:30:19,145 - INFO - [2023BPix] MISSING_CENTRAL: SR3Mu/Central/bjets/3/eta in Skim_TriLep_TTG_PTG10to100.root
2026-05-29 15:30:19,145 - INFO - [2023BPix] MISSING_CENTRAL: SR3Mu/Central/bjets/3/eta in Skim_TriLep_TTG_PTG100to200.root
2026-05-29 15:30:19,146 - INFO - [2023BPix] MISSING_CENTRAL: SR3Mu/Central/bjets/3/eta in Skim_TriLep_TTG_PTG200toInf.root
2026-05-29 15:30:19,147 - INFO - [2023BPix] MISSING_CENTRAL: SR3Mu/Central/bjets/3/eta in Skim_TriLep_TTWToLNu.root
2026-05-29 15:30:19,177 - INFO - [2023BPix] MISSING_CENTRAL: SR3Mu/Central/bjets/3/eta in Skim_TriLep_WZTo3LNu_powheg.root
2026-05-29 15:30:19,185 - INFO - [2023BPix] MISSING_CENTRAL: SR3Mu/Central/bjets/3/eta in Skim_TriLep_tHq.root
2026-05-29 15:30:19,186 - INFO - [2023BPix] MISSING_CENTRAL: SR3Mu/Central/bjets/3/eta in Skim_TriLep_WWW.root
2026-05-29 15:30:19,187 - INFO - [2023BPix] MISSING_CENTRAL: SR3Mu/Central/bjets/3/eta in Skim_TriLep_WWZ.root
2026-05-29 15:30:19,187 - INFO - [2023BPix] MISSING_CENTRAL: SR3Mu/Central/bjets/3/eta in Skim_TriLep_WZZ.root
2026-05-29 15:30:19,188 - INFO - [2023BPix] MISSING_CENTRAL: SR3Mu/Central/bjets/3/eta in Skim_TriLep_ZZZ.root
2026-05-29 15:30:19,196 - INFO - [2023BPix] MISSING_CENTRAL: SR3Mu/Central/bjets/3/eta in Skim_TriLep_VBFHToZZTo4L.root
2026-05-29 15:30:19,197 - INFO - [2023BPix] MISSING_CENTRAL: SR3Mu/Central/bjets/3/eta in Skim_TriLep_ggHToZZTo4L.root
2026-05-29 15:39:58,599 - INFO - [2022] MISSING_CENTRAL: SR3Mu/Central/bjets/3/eta in Skim_TriLep_DoubleMuon_C.root
2026-05-29 15:39:58,643 - INFO - [2022] MISSING_CENTRAL: SR3Mu/Central/bjets/3/eta in Skim_TriLep_Muon_D.root
2026-05-29 15:39:58,666 - INFO - [2022EE] MISSING_CENTRAL: SR3Mu/Central/bjets/3/eta in Skim_TriLep_Muon_G.root
2026-05-29 15:39:58,677 - INFO - [2023] MISSING_CENTRAL: SR3Mu/Central/bjets/3/eta in Skim_TriLep_Muon0_C_v1.root
2026-05-29 15:39:58,677 - INFO - [2023] MISSING_CENTRAL: SR3Mu/Central/bjets/3/eta in Skim_TriLep_Muon0_C_v2.root
2026-05-29 15:39:58,678 - INFO - [2023] MISSING_CENTRAL: SR3Mu/Central/bjets/3/eta in Skim_TriLep_Muon0_C_v3.root
2026-05-29 15:39:58,678 - INFO - [2023] MISSING_CENTRAL: SR3Mu/Central/bjets/3/eta in Skim_TriLep_Muon0_C_v4.root
2026-05-29 15:39:58,678 - INFO - [2023] MISSING_CENTRAL: SR3Mu/Central/bjets/3/eta in Skim_TriLep_Muon1_C_v1.root
2026-05-29 15:39:58,679 - INFO - [2023] MISSING_CENTRAL: SR3Mu/Central/bjets/3/eta in Skim_TriLep_Muon1_C_v2.root
2026-05-29 15:39:58,679 - INFO - [2023] MISSING_CENTRAL: SR3Mu/Central/bjets/3/eta in Skim_TriLep_Muon1_C_v3.root
2026-05-29 15:39:58,680 - INFO - [2023] MISSING_CENTRAL: SR3Mu/Central/bjets/3/eta in Skim_TriLep_Muon1_C_v4.root
2026-05-29 15:39:58,681 - INFO - [2023BPix] MISSING_CENTRAL: SR3Mu/Central/bjets/3/eta in Skim_TriLep_Muon0_D_v2.root
2026-05-29 15:39:58,681 - INFO - [2023BPix] MISSING_CENTRAL: SR3Mu/Central/bjets/3/eta in Skim_TriLep_Muon1_D_v1.root
2026-05-29 15:39:58,682 - INFO - [2023BPix] MISSING_CENTRAL: SR3Mu/Central/bjets/3/eta in Skim_TriLep_Muon1_D_v2.root
2026-05-29 15:39:58,686 - INFO - [2022] MISSING_CENTRAL: SR3Mu/Central/bjets/3/eta in Skim_TriLep_DoubleMuon_C.root
2026-05-29 15:39:58,690 - INFO - [2022] MISSING_CENTRAL: SR3Mu/Central/bjets/3/eta in Skim_TriLep_Muon_D.root
2026-05-29 15:39:58,691 - INFO - [2022] MISSING_CENTRAL: SR3Mu/Central/bjets/3/eta in Skim_TriLep_DYJets.root
2026-05-29 15:39:58,691 - INFO - [2022] MISSING_CENTRAL: SR3Mu/Central/bjets/3/eta in Skim_TriLep_DYJets10to50.root
2026-05-29 15:39:58,692 - INFO - [2022] MISSING_CENTRAL: SR3Mu/Central/bjets/3/eta in Skim_TriLep_TTG_PTG10to100.root
2026-05-29 15:39:58,692 - INFO - [2022] MISSING_CENTRAL: SR3Mu/Central/bjets/3/eta in Skim_TriLep_TTG_PTG100to200.root
2026-05-29 15:39:58,693 - INFO - [2022] MISSING_CENTRAL: SR3Mu/Central/bjets/3/eta in Skim_TriLep_TTG_PTG200toInf.root
2026-05-29 15:39:58,695 - INFO - [2022] MISSING_CENTRAL: SR3Mu/Central/bjets/3/eta in Skim_TriLep_TTWToLNu.root
2026-05-29 15:39:58,732 - INFO - [2022] MISSING_CENTRAL: SR3Mu/Central/bjets/3/eta in Skim_TriLep_WZTo3LNu_powheg.root
2026-05-29 15:39:58,733 - INFO - [2022] MISSING_CENTRAL: SR3Mu/Central/bjets/3/eta in Skim_TriLep_ZZTo4L_powheg.root
2026-05-29 15:39:58,740 - INFO - [2022] MISSING_CENTRAL: SR3Mu/Central/bjets/3/eta in Skim_TriLep_WWW.root
2026-05-29 15:39:58,741 - INFO - [2022] MISSING_CENTRAL: SR3Mu/Central/bjets/3/eta in Skim_TriLep_WWZ.root
2026-05-29 15:39:58,741 - INFO - [2022] MISSING_CENTRAL: SR3Mu/Central/bjets/3/eta in Skim_TriLep_WZZ.root
2026-05-29 15:39:58,755 - INFO - [2022] MISSING_CENTRAL: SR3Mu/Central/bjets/3/eta in Skim_TriLep_VBFHToZZTo4L.root
2026-05-29 15:39:58,756 - INFO - [2022] MISSING_CENTRAL: SR3Mu/Central/bjets/3/eta in Skim_TriLep_ggHToZZTo4L.root
2026-05-29 15:39:58,756 - INFO - [2022EE] MISSING_CENTRAL: SR3Mu/Central/bjets/3/eta in Skim_TriLep_Muon_E.root
2026-05-29 15:39:58,758 - INFO - [2022EE] MISSING_CENTRAL: SR3Mu/Central/bjets/3/eta in Skim_TriLep_DYJets.root
2026-05-29 15:39:58,759 - INFO - [2022EE] MISSING_CENTRAL: SR3Mu/Central/bjets/3/eta in Skim_TriLep_DYJets10to50.root
2026-05-29 15:39:58,759 - INFO - [2022EE] MISSING_CENTRAL: SR3Mu/Central/bjets/3/eta in Skim_TriLep_TTG_PTG10to100.root
2026-05-29 15:39:58,760 - INFO - [2022EE] MISSING_CENTRAL: SR3Mu/Central/bjets/3/eta in Skim_TriLep_TTG_PTG100to200.root
2026-05-29 15:39:58,761 - INFO - [2022EE] MISSING_CENTRAL: SR3Mu/Central/bjets/3/eta in Skim_TriLep_TTG_PTG200toInf.root
2026-05-29 15:39:58,795 - INFO - [2022EE] MISSING_CENTRAL: SR3Mu/Central/bjets/3/eta in Skim_TriLep_WZTo3LNu_powheg.root
2026-05-29 15:39:58,808 - INFO - [2022EE] MISSING_CENTRAL: SR3Mu/Central/bjets/3/eta in Skim_TriLep_WWW.root
2026-05-29 15:39:58,809 - INFO - [2022EE] MISSING_CENTRAL: SR3Mu/Central/bjets/3/eta in Skim_TriLep_WWZ.root
2026-05-29 15:39:58,829 - INFO - [2022EE] MISSING_CENTRAL: SR3Mu/Central/bjets/3/eta in Skim_TriLep_VBFHToZZTo4L.root
2026-05-29 15:39:58,830 - INFO - [2022EE] MISSING_CENTRAL: SR3Mu/Central/bjets/3/eta in Skim_TriLep_ggHToZZTo4L.root
2026-05-29 15:39:58,831 - INFO - [2023] MISSING_CENTRAL: SR3Mu/Central/bjets/3/eta in Skim_TriLep_Muon0_C_v2.root
2026-05-29 15:39:58,832 - INFO - [2023] MISSING_CENTRAL: SR3Mu/Central/bjets/3/eta in Skim_TriLep_Muon0_C_v3.root
2026-05-29 15:39:58,833 - INFO - [2023] MISSING_CENTRAL: SR3Mu/Central/bjets/3/eta in Skim_TriLep_Muon1_C_v1.root
2026-05-29 15:39:58,833 - INFO - [2023] MISSING_CENTRAL: SR3Mu/Central/bjets/3/eta in Skim_TriLep_Muon1_C_v2.root
2026-05-29 15:39:58,834 - INFO - [2023] MISSING_CENTRAL: SR3Mu/Central/bjets/3/eta in Skim_TriLep_Muon1_C_v3.root
2026-05-29 15:39:58,834 - INFO - [2023] MISSING_CENTRAL: SR3Mu/Central/bjets/3/eta in Skim_TriLep_Muon1_C_v4.root
2026-05-29 15:39:58,835 - INFO - [2023] MISSING_CENTRAL: SR3Mu/Central/bjets/3/eta in Skim_TriLep_DYJets.root
2026-05-29 15:39:58,836 - INFO - [2023] MISSING_CENTRAL: SR3Mu/Central/bjets/3/eta in Skim_TriLep_DYJets10to50.root
2026-05-29 15:39:58,836 - INFO - [2023] MISSING_CENTRAL: SR3Mu/Central/bjets/3/eta in Skim_TriLep_TTG_PTG10to100.root
2026-05-29 15:39:58,837 - INFO - [2023] MISSING_CENTRAL: SR3Mu/Central/bjets/3/eta in Skim_TriLep_TTG_PTG100to200.root
2026-05-29 15:39:58,837 - INFO - [2023] MISSING_CENTRAL: SR3Mu/Central/bjets/3/eta in Skim_TriLep_TTG_PTG200toInf.root
2026-05-29 15:39:58,874 - INFO - [2023] MISSING_CENTRAL: SR3Mu/Central/bjets/3/eta in Skim_TriLep_WZTo3LNu_powheg.root
2026-05-29 15:39:58,881 - INFO - [2023] MISSING_CENTRAL: SR3Mu/Central/bjets/3/eta in Skim_TriLep_tHq.root
2026-05-29 15:39:58,882 - INFO - [2023] MISSING_CENTRAL: SR3Mu/Central/bjets/3/eta in Skim_TriLep_WWW.root
2026-05-29 15:39:58,883 - INFO - [2023] MISSING_CENTRAL: SR3Mu/Central/bjets/3/eta in Skim_TriLep_WWZ.root
2026-05-29 15:39:58,883 - INFO - [2023] MISSING_CENTRAL: SR3Mu/Central/bjets/3/eta in Skim_TriLep_WZZ.root
2026-05-29 15:39:58,884 - INFO - [2023] MISSING_CENTRAL: SR3Mu/Central/bjets/3/eta in Skim_TriLep_ZZZ.root
2026-05-29 15:39:58,893 - INFO - [2023] MISSING_CENTRAL: SR3Mu/Central/bjets/3/eta in Skim_TriLep_VBFHToZZTo4L.root
2026-05-29 15:39:58,894 - INFO - [2023] MISSING_CENTRAL: SR3Mu/Central/bjets/3/eta in Skim_TriLep_ggHToZZTo4L.root
2026-05-29 15:39:58,895 - INFO - [2023BPix] MISSING_CENTRAL: SR3Mu/Central/bjets/3/eta in Skim_TriLep_Muon0_D_v1.root
2026-05-29 15:39:58,895 - INFO - [2023BPix] MISSING_CENTRAL: SR3Mu/Central/bjets/3/eta in Skim_TriLep_Muon0_D_v2.root
2026-05-29 15:39:58,896 - INFO - [2023BPix] MISSING_CENTRAL: SR3Mu/Central/bjets/3/eta in Skim_TriLep_Muon1_D_v1.root
2026-05-29 15:39:58,896 - INFO - [2023BPix] MISSING_CENTRAL: SR3Mu/Central/bjets/3/eta in Skim_TriLep_Muon1_D_v2.root
2026-05-29 15:39:58,897 - INFO - [2023BPix] MISSING_CENTRAL: SR3Mu/Central/bjets/3/eta in Skim_TriLep_DYJets.root
2026-05-29 15:39:58,897 - INFO - [2023BPix] MISSING_CENTRAL: SR3Mu/Central/bjets/3/eta in Skim_TriLep_DYJets10to50.root
2026-05-29 15:39:58,898 - INFO - [2023BPix] MISSING_CENTRAL: SR3Mu/Central/bjets/3/eta in Skim_TriLep_TTG_PTG10to100.root
2026-05-29 15:39:58,899 - INFO - [2023BPix] MISSING_CENTRAL: SR3Mu/Central/bjets/3/eta in Skim_TriLep_TTG_PTG100to200.root
2026-05-29 15:39:58,899 - INFO - [2023BPix] MISSING_CENTRAL: SR3Mu/Central/bjets/3/eta in Skim_TriLep_TTG_PTG200toInf.root
2026-05-29 15:39:58,900 - INFO - [2023BPix] MISSING_CENTRAL: SR3Mu/Central/bjets/3/eta in Skim_TriLep_TTWToLNu.root
2026-05-29 15:39:58,930 - INFO - [2023BPix] MISSING_CENTRAL: SR3Mu/Central/bjets/3/eta in Skim_TriLep_WZTo3LNu_powheg.root
2026-05-29 15:39:58,938 - INFO - [2023BPix] MISSING_CENTRAL: SR3Mu/Central/bjets/3/eta in Skim_TriLep_tHq.root
2026-05-29 15:39:58,939 - INFO - [2023BPix] MISSING_CENTRAL: SR3Mu/Central/bjets/3/eta in Skim_TriLep_WWW.root
2026-05-29 15:39:58,939 - INFO - [2023BPix] MISSING_CENTRAL: SR3Mu/Central/bjets/3/eta in Skim_TriLep_WWZ.root
2026-05-29 15:39:58,940 - INFO - [2023BPix] MISSING_CENTRAL: SR3Mu/Central/bjets/3/eta in Skim_TriLep_WZZ.root
2026-05-29 15:39:58,940 - INFO - [2023BPix] MISSING_CENTRAL: SR3Mu/Central/bjets/3/eta in Skim_TriLep_ZZZ.root
2026-05-29 15:39:58,949 - INFO - [2023BPix] MISSING_CENTRAL: SR3Mu/Central/bjets/3/eta in Skim_TriLep_VBFHToZZTo4L.root
2026-05-29 15:39:58,949 - INFO - [2023BPix] MISSING_CENTRAL: SR3Mu/Central/bjets/3/eta in Skim_TriLep_ggHToZZTo4L.root
2026-05-29 18:21:25,370 - INFO - [2022] MISSING_CENTRAL: SR3Mu/Central/bjets/3/eta in Skim_TriLep_DoubleMuon_C.root
2026-05-29 18:21:25,411 - INFO - [2022] MISSING_CENTRAL: SR3Mu/Central/bjets/3/eta in Skim_TriLep_Muon_D.root
2026-05-29 18:21:25,433 - INFO - [2022EE] MISSING_CENTRAL: SR3Mu/Central/bjets/3/eta in Skim_TriLep_Muon_G.root
2026-05-29 18:21:25,442 - INFO - [2023] MISSING_CENTRAL: SR3Mu/Central/bjets/3/eta in Skim_TriLep_Muon0_C_v1.root
2026-05-29 18:21:25,443 - INFO - [2023] MISSING_CENTRAL: SR3Mu/Central/bjets/3/eta in Skim_TriLep_Muon0_C_v2.root
2026-05-29 18:21:25,443 - INFO - [2023] MISSING_CENTRAL: SR3Mu/Central/bjets/3/eta in Skim_TriLep_Muon0_C_v3.root
2026-05-29 18:21:25,444 - INFO - [2023] MISSING_CENTRAL: SR3Mu/Central/bjets/3/eta in Skim_TriLep_Muon0_C_v4.root
2026-05-29 18:21:25,444 - INFO - [2023] MISSING_CENTRAL: SR3Mu/Central/bjets/3/eta in Skim_TriLep_Muon1_C_v1.root
2026-05-29 18:21:25,445 - INFO - [2023] MISSING_CENTRAL: SR3Mu/Central/bjets/3/eta in Skim_TriLep_Muon1_C_v2.root
2026-05-29 18:21:25,445 - INFO - [2023] MISSING_CENTRAL: SR3Mu/Central/bjets/3/eta in Skim_TriLep_Muon1_C_v3.root
2026-05-29 18:21:25,446 - INFO - [2023] MISSING_CENTRAL: SR3Mu/Central/bjets/3/eta in Skim_TriLep_Muon1_C_v4.root
2026-05-29 18:21:25,447 - INFO - [2023BPix] MISSING_CENTRAL: SR3Mu/Central/bjets/3/eta in Skim_TriLep_Muon0_D_v2.root
2026-05-29 18:21:25,447 - INFO - [2023BPix] MISSING_CENTRAL: SR3Mu/Central/bjets/3/eta in Skim_TriLep_Muon1_D_v1.root
2026-05-29 18:21:25,448 - INFO - [2023BPix] MISSING_CENTRAL: SR3Mu/Central/bjets/3/eta in Skim_TriLep_Muon1_D_v2.root
2026-05-29 18:21:25,453 - INFO - [2022] MISSING_CENTRAL: SR3Mu/Central/bjets/3/eta in Skim_TriLep_DoubleMuon_C.root
2026-05-29 18:21:25,457 - INFO - [2022] MISSING_CENTRAL: SR3Mu/Central/bjets/3/eta in Skim_TriLep_Muon_D.root
2026-05-29 18:21:25,457 - INFO - [2022] MISSING_CENTRAL: SR3Mu/Central/bjets/3/eta in Skim_TriLep_DYJets.root
2026-05-29 18:21:25,458 - INFO - [2022] MISSING_CENTRAL: SR3Mu/Central/bjets/3/eta in Skim_TriLep_DYJets10to50.root
2026-05-29 18:21:25,458 - INFO - [2022] MISSING_CENTRAL: SR3Mu/Central/bjets/3/eta in Skim_TriLep_TTG_PTG10to100.root
2026-05-29 18:21:25,459 - INFO - [2022] MISSING_CENTRAL: SR3Mu/Central/bjets/3/eta in Skim_TriLep_TTG_PTG100to200.root
2026-05-29 18:21:25,460 - INFO - [2022] MISSING_CENTRAL: SR3Mu/Central/bjets/3/eta in Skim_TriLep_TTG_PTG200toInf.root
2026-05-29 18:21:25,461 - INFO - [2022] MISSING_CENTRAL: SR3Mu/Central/bjets/3/eta in Skim_TriLep_TTWToLNu.root
2026-05-29 18:21:25,498 - INFO - [2022] MISSING_CENTRAL: SR3Mu/Central/bjets/3/eta in Skim_TriLep_WZTo3LNu_powheg.root
2026-05-29 18:21:25,499 - INFO - [2022] MISSING_CENTRAL: SR3Mu/Central/bjets/3/eta in Skim_TriLep_ZZTo4L_powheg.root
2026-05-29 18:21:25,506 - INFO - [2022] MISSING_CENTRAL: SR3Mu/Central/bjets/3/eta in Skim_TriLep_WWW.root
2026-05-29 18:21:25,507 - INFO - [2022] MISSING_CENTRAL: SR3Mu/Central/bjets/3/eta in Skim_TriLep_WWZ.root
2026-05-29 18:21:25,508 - INFO - [2022] MISSING_CENTRAL: SR3Mu/Central/bjets/3/eta in Skim_TriLep_WZZ.root
2026-05-29 18:21:25,522 - INFO - [2022] MISSING_CENTRAL: SR3Mu/Central/bjets/3/eta in Skim_TriLep_VBFHToZZTo4L.root
2026-05-29 18:21:25,522 - INFO - [2022] MISSING_CENTRAL: SR3Mu/Central/bjets/3/eta in Skim_TriLep_ggHToZZTo4L.root
2026-05-29 18:21:25,523 - INFO - [2022EE] MISSING_CENTRAL: SR3Mu/Central/bjets/3/eta in Skim_TriLep_Muon_E.root
2026-05-29 18:21:25,525 - INFO - [2022EE] MISSING_CENTRAL: SR3Mu/Central/bjets/3/eta in Skim_TriLep_DYJets.root
2026-05-29 18:21:25,525 - INFO - [2022EE] MISSING_CENTRAL: SR3Mu/Central/bjets/3/eta in Skim_TriLep_DYJets10to50.root
2026-05-29 18:21:25,526 - INFO - [2022EE] MISSING_CENTRAL: SR3Mu/Central/bjets/3/eta in Skim_TriLep_TTG_PTG10to100.root
2026-05-29 18:21:25,526 - INFO - [2022EE] MISSING_CENTRAL: SR3Mu/Central/bjets/3/eta in Skim_TriLep_TTG_PTG100to200.root
2026-05-29 18:21:25,527 - INFO - [2022EE] MISSING_CENTRAL: SR3Mu/Central/bjets/3/eta in Skim_TriLep_TTG_PTG200toInf.root
2026-05-29 18:21:25,564 - INFO - [2022EE] MISSING_CENTRAL: SR3Mu/Central/bjets/3/eta in Skim_TriLep_WZTo3LNu_powheg.root
2026-05-29 18:21:25,578 - INFO - [2022EE] MISSING_CENTRAL: SR3Mu/Central/bjets/3/eta in Skim_TriLep_WWW.root
2026-05-29 18:21:25,579 - INFO - [2022EE] MISSING_CENTRAL: SR3Mu/Central/bjets/3/eta in Skim_TriLep_WWZ.root
2026-05-29 18:21:25,601 - INFO - [2022EE] MISSING_CENTRAL: SR3Mu/Central/bjets/3/eta in Skim_TriLep_VBFHToZZTo4L.root
2026-05-29 18:21:25,601 - INFO - [2022EE] MISSING_CENTRAL: SR3Mu/Central/bjets/3/eta in Skim_TriLep_ggHToZZTo4L.root
2026-05-29 18:21:25,602 - INFO - [2023] MISSING_CENTRAL: SR3Mu/Central/bjets/3/eta in Skim_TriLep_Muon0_C_v2.root
2026-05-29 18:21:25,603 - INFO - [2023] MISSING_CENTRAL: SR3Mu/Central/bjets/3/eta in Skim_TriLep_Muon0_C_v3.root
2026-05-29 18:21:25,604 - INFO - [2023] MISSING_CENTRAL: SR3Mu/Central/bjets/3/eta in Skim_TriLep_Muon1_C_v1.root
2026-05-29 18:21:25,605 - INFO - [2023] MISSING_CENTRAL: SR3Mu/Central/bjets/3/eta in Skim_TriLep_Muon1_C_v2.root
2026-05-29 18:21:25,605 - INFO - [2023] MISSING_CENTRAL: SR3Mu/Central/bjets/3/eta in Skim_TriLep_Muon1_C_v3.root
2026-05-29 18:21:25,606 - INFO - [2023] MISSING_CENTRAL: SR3Mu/Central/bjets/3/eta in Skim_TriLep_Muon1_C_v4.root
2026-05-29 18:21:25,607 - INFO - [2023] MISSING_CENTRAL: SR3Mu/Central/bjets/3/eta in Skim_TriLep_DYJets.root
2026-05-29 18:21:25,607 - INFO - [2023] MISSING_CENTRAL: SR3Mu/Central/bjets/3/eta in Skim_TriLep_DYJets10to50.root
2026-05-29 18:21:25,608 - INFO - [2023] MISSING_CENTRAL: SR3Mu/Central/bjets/3/eta in Skim_TriLep_TTG_PTG10to100.root
2026-05-29 18:21:25,609 - INFO - [2023] MISSING_CENTRAL: SR3Mu/Central/bjets/3/eta in Skim_TriLep_TTG_PTG100to200.root
2026-05-29 18:21:25,609 - INFO - [2023] MISSING_CENTRAL: SR3Mu/Central/bjets/3/eta in Skim_TriLep_TTG_PTG200toInf.root
2026-05-29 18:21:25,646 - INFO - [2023] MISSING_CENTRAL: SR3Mu/Central/bjets/3/eta in Skim_TriLep_WZTo3LNu_powheg.root
2026-05-29 18:21:25,654 - INFO - [2023] MISSING_CENTRAL: SR3Mu/Central/bjets/3/eta in Skim_TriLep_tHq.root
2026-05-29 18:21:25,655 - INFO - [2023] MISSING_CENTRAL: SR3Mu/Central/bjets/3/eta in Skim_TriLep_WWW.root
2026-05-29 18:21:25,655 - INFO - [2023] MISSING_CENTRAL: SR3Mu/Central/bjets/3/eta in Skim_TriLep_WWZ.root
2026-05-29 18:21:25,656 - INFO - [2023] MISSING_CENTRAL: SR3Mu/Central/bjets/3/eta in Skim_TriLep_WZZ.root
2026-05-29 18:21:25,657 - INFO - [2023] MISSING_CENTRAL: SR3Mu/Central/bjets/3/eta in Skim_TriLep_ZZZ.root
2026-05-29 18:21:25,666 - INFO - [2023] MISSING_CENTRAL: SR3Mu/Central/bjets/3/eta in Skim_TriLep_VBFHToZZTo4L.root
2026-05-29 18:21:25,667 - INFO - [2023] MISSING_CENTRAL: SR3Mu/Central/bjets/3/eta in Skim_TriLep_ggHToZZTo4L.root
2026-05-29 18:21:25,667 - INFO - [2023BPix] MISSING_CENTRAL: SR3Mu/Central/bjets/3/eta in Skim_TriLep_Muon0_D_v1.root
2026-05-29 18:21:25,668 - INFO - [2023BPix] MISSING_CENTRAL: SR3Mu/Central/bjets/3/eta in Skim_TriLep_Muon0_D_v2.root
2026-05-29 18:21:25,669 - INFO - [2023BPix] MISSING_CENTRAL: SR3Mu/Central/bjets/3/eta in Skim_TriLep_Muon1_D_v1.root
2026-05-29 18:21:25,669 - INFO - [2023BPix] MISSING_CENTRAL: SR3Mu/Central/bjets/3/eta in Skim_TriLep_Muon1_D_v2.root
2026-05-29 18:21:25,670 - INFO - [2023BPix] MISSING_CENTRAL: SR3Mu/Central/bjets/3/eta in Skim_TriLep_DYJets.root
2026-05-29 18:21:25,670 - INFO - [2023BPix] MISSING_CENTRAL: SR3Mu/Central/bjets/3/eta in Skim_TriLep_DYJets10to50.root
2026-05-29 18:21:25,671 - INFO - [2023BPix] MISSING_CENTRAL: SR3Mu/Central/bjets/3/eta in Skim_TriLep_TTG_PTG10to100.root
2026-05-29 18:21:25,672 - INFO - [2023BPix] MISSING_CENTRAL: SR3Mu/Central/bjets/3/eta in Skim_TriLep_TTG_PTG100to200.root
2026-05-29 18:21:25,672 - INFO - [2023BPix] MISSING_CENTRAL: SR3Mu/Central/bjets/3/eta in Skim_TriLep_TTG_PTG200toInf.root
2026-05-29 18:21:25,673 - INFO - [2023BPix] MISSING_CENTRAL: SR3Mu/Central/bjets/3/eta in Skim_TriLep_TTWToLNu.root
2026-05-29 18:21:25,704 - INFO - [2023BPix] MISSING_CENTRAL: SR3Mu/Central/bjets/3/eta in Skim_TriLep_WZTo3LNu_powheg.root
2026-05-29 18:21:25,713 - INFO - [2023BPix] MISSING_CENTRAL: SR3Mu/Central/bjets/3/eta in Skim_TriLep_tHq.root
2026-05-29 18:21:25,714 - INFO - [2023BPix] MISSING_CENTRAL: SR3Mu/Central/bjets/3/eta in Skim_TriLep_WWW.root
2026-05-29 18:21:25,715 - INFO - [2023BPix] MISSING_CENTRAL: SR3Mu/Central/bjets/3/eta in Skim_TriLep_WWZ.root
2026-05-29 18:21:25,715 - INFO - [2023BPix] MISSING_CENTRAL: SR3Mu/Central/bjets/3/eta in Skim_TriLep_WZZ.root
2026-05-29 18:21:25,716 - INFO - [2023BPix] MISSING_CENTRAL: SR3Mu/Central/bjets/3/eta in Skim_TriLep_ZZZ.root
2026-05-29 18:21:25,724 - INFO - [2023BPix] MISSING_CENTRAL: SR3Mu/Central/bjets/3/eta in Skim_TriLep_VBFHToZZTo4L.root
2026-05-29 18:21:25,725 - INFO - [2023BPix] MISSING_CENTRAL: SR3Mu/Central/bjets/3/eta in Skim_TriLep_ggHToZZTo4L.root
2026-05-29 18:31:21,549 - INFO - [2022] MISSING_CENTRAL: SR3Mu/Central/bjets/3/eta in Skim_TriLep_DoubleMuon_C.root
2026-05-29 18:31:21,595 - INFO - [2022] MISSING_CENTRAL: SR3Mu/Central/bjets/3/eta in Skim_TriLep_Muon_D.root
2026-05-29 18:31:21,617 - INFO - [2022EE] MISSING_CENTRAL: SR3Mu/Central/bjets/3/eta in Skim_TriLep_Muon_G.root
2026-05-29 18:31:21,627 - INFO - [2023] MISSING_CENTRAL: SR3Mu/Central/bjets/3/eta in Skim_TriLep_Muon0_C_v1.root
2026-05-29 18:31:21,628 - INFO - [2023] MISSING_CENTRAL: SR3Mu/Central/bjets/3/eta in Skim_TriLep_Muon0_C_v2.root
2026-05-29 18:31:21,628 - INFO - [2023] MISSING_CENTRAL: SR3Mu/Central/bjets/3/eta in Skim_TriLep_Muon0_C_v3.root
2026-05-29 18:31:21,629 - INFO - [2023] MISSING_CENTRAL: SR3Mu/Central/bjets/3/eta in Skim_TriLep_Muon0_C_v4.root
2026-05-29 18:31:21,629 - INFO - [2023] MISSING_CENTRAL: SR3Mu/Central/bjets/3/eta in Skim_TriLep_Muon1_C_v1.root
2026-05-29 18:31:21,630 - INFO - [2023] MISSING_CENTRAL: SR3Mu/Central/bjets/3/eta in Skim_TriLep_Muon1_C_v2.root
2026-05-29 18:31:21,630 - INFO - [2023] MISSING_CENTRAL: SR3Mu/Central/bjets/3/eta in Skim_TriLep_Muon1_C_v3.root
2026-05-29 18:31:21,631 - INFO - [2023] MISSING_CENTRAL: SR3Mu/Central/bjets/3/eta in Skim_TriLep_Muon1_C_v4.root
2026-05-29 18:31:21,632 - INFO - [2023BPix] MISSING_CENTRAL: SR3Mu/Central/bjets/3/eta in Skim_TriLep_Muon0_D_v2.root
2026-05-29 18:31:21,632 - INFO - [2023BPix] MISSING_CENTRAL: SR3Mu/Central/bjets/3/eta in Skim_TriLep_Muon1_D_v1.root
2026-05-29 18:31:21,633 - INFO - [2023BPix] MISSING_CENTRAL: SR3Mu/Central/bjets/3/eta in Skim_TriLep_Muon1_D_v2.root
2026-05-29 18:31:21,640 - INFO - [2022] MISSING_CENTRAL: SR3Mu/Central/bjets/3/eta in Skim_TriLep_DoubleMuon_C.root
2026-05-29 18:31:21,644 - INFO - [2022] MISSING_CENTRAL: SR3Mu/Central/bjets/3/eta in Skim_TriLep_Muon_D.root
2026-05-29 18:31:21,644 - INFO - [2022] MISSING_CENTRAL: SR3Mu/Central/bjets/3/eta in Skim_TriLep_DYJets.root
2026-05-29 18:31:21,645 - INFO - [2022] MISSING_CENTRAL: SR3Mu/Central/bjets/3/eta in Skim_TriLep_DYJets10to50.root
2026-05-29 18:31:21,645 - INFO - [2022] MISSING_CENTRAL: SR3Mu/Central/bjets/3/eta in Skim_TriLep_TTG_PTG10to100.root
2026-05-29 18:31:21,646 - INFO - [2022] MISSING_CENTRAL: SR3Mu/Central/bjets/3/eta in Skim_TriLep_TTG_PTG100to200.root
2026-05-29 18:31:21,646 - INFO - [2022] MISSING_CENTRAL: SR3Mu/Central/bjets/3/eta in Skim_TriLep_TTG_PTG200toInf.root
2026-05-29 18:31:21,648 - INFO - [2022] MISSING_CENTRAL: SR3Mu/Central/bjets/3/eta in Skim_TriLep_TTWToLNu.root
2026-05-29 18:31:21,685 - INFO - [2022] MISSING_CENTRAL: SR3Mu/Central/bjets/3/eta in Skim_TriLep_WZTo3LNu_powheg.root
2026-05-29 18:31:21,686 - INFO - [2022] MISSING_CENTRAL: SR3Mu/Central/bjets/3/eta in Skim_TriLep_ZZTo4L_powheg.root
2026-05-29 18:31:21,693 - INFO - [2022] MISSING_CENTRAL: SR3Mu/Central/bjets/3/eta in Skim_TriLep_WWW.root
2026-05-29 18:31:21,694 - INFO - [2022] MISSING_CENTRAL: SR3Mu/Central/bjets/3/eta in Skim_TriLep_WWZ.root
2026-05-29 18:31:21,694 - INFO - [2022] MISSING_CENTRAL: SR3Mu/Central/bjets/3/eta in Skim_TriLep_WZZ.root
2026-05-29 18:31:21,709 - INFO - [2022] MISSING_CENTRAL: SR3Mu/Central/bjets/3/eta in Skim_TriLep_VBFHToZZTo4L.root
2026-05-29 18:31:21,709 - INFO - [2022] MISSING_CENTRAL: SR3Mu/Central/bjets/3/eta in Skim_TriLep_ggHToZZTo4L.root
2026-05-29 18:31:21,710 - INFO - [2022EE] MISSING_CENTRAL: SR3Mu/Central/bjets/3/eta in Skim_TriLep_Muon_E.root
2026-05-29 18:31:21,712 - INFO - [2022EE] MISSING_CENTRAL: SR3Mu/Central/bjets/3/eta in Skim_TriLep_DYJets.root
2026-05-29 18:31:21,712 - INFO - [2022EE] MISSING_CENTRAL: SR3Mu/Central/bjets/3/eta in Skim_TriLep_DYJets10to50.root
2026-05-29 18:31:21,713 - INFO - [2022EE] MISSING_CENTRAL: SR3Mu/Central/bjets/3/eta in Skim_TriLep_TTG_PTG10to100.root
2026-05-29 18:31:21,713 - INFO - [2022EE] MISSING_CENTRAL: SR3Mu/Central/bjets/3/eta in Skim_TriLep_TTG_PTG100to200.root
2026-05-29 18:31:21,714 - INFO - [2022EE] MISSING_CENTRAL: SR3Mu/Central/bjets/3/eta in Skim_TriLep_TTG_PTG200toInf.root
2026-05-29 18:31:21,750 - INFO - [2022EE] MISSING_CENTRAL: SR3Mu/Central/bjets/3/eta in Skim_TriLep_WZTo3LNu_powheg.root
2026-05-29 18:31:21,765 - INFO - [2022EE] MISSING_CENTRAL: SR3Mu/Central/bjets/3/eta in Skim_TriLep_WWW.root
2026-05-29 18:31:21,765 - INFO - [2022EE] MISSING_CENTRAL: SR3Mu/Central/bjets/3/eta in Skim_TriLep_WWZ.root
2026-05-29 18:31:21,787 - INFO - [2022EE] MISSING_CENTRAL: SR3Mu/Central/bjets/3/eta in Skim_TriLep_VBFHToZZTo4L.root
2026-05-29 18:31:21,788 - INFO - [2022EE] MISSING_CENTRAL: SR3Mu/Central/bjets/3/eta in Skim_TriLep_ggHToZZTo4L.root
2026-05-29 18:31:21,789 - INFO - [2023] MISSING_CENTRAL: SR3Mu/Central/bjets/3/eta in Skim_TriLep_Muon0_C_v2.root
2026-05-29 18:31:21,790 - INFO - [2023] MISSING_CENTRAL: SR3Mu/Central/bjets/3/eta in Skim_TriLep_Muon0_C_v3.root
2026-05-29 18:31:21,791 - INFO - [2023] MISSING_CENTRAL: SR3Mu/Central/bjets/3/eta in Skim_TriLep_Muon1_C_v1.root
2026-05-29 18:31:21,792 - INFO - [2023] MISSING_CENTRAL: SR3Mu/Central/bjets/3/eta in Skim_TriLep_Muon1_C_v2.root
2026-05-29 18:31:21,792 - INFO - [2023] MISSING_CENTRAL: SR3Mu/Central/bjets/3/eta in Skim_TriLep_Muon1_C_v3.root
2026-05-29 18:31:21,793 - INFO - [2023] MISSING_CENTRAL: SR3Mu/Central/bjets/3/eta in Skim_TriLep_Muon1_C_v4.root
2026-05-29 18:31:21,794 - INFO - [2023] MISSING_CENTRAL: SR3Mu/Central/bjets/3/eta in Skim_TriLep_DYJets.root
2026-05-29 18:31:21,795 - INFO - [2023] MISSING_CENTRAL: SR3Mu/Central/bjets/3/eta in Skim_TriLep_DYJets10to50.root
2026-05-29 18:31:21,795 - INFO - [2023] MISSING_CENTRAL: SR3Mu/Central/bjets/3/eta in Skim_TriLep_TTG_PTG10to100.root
2026-05-29 18:31:21,796 - INFO - [2023] MISSING_CENTRAL: SR3Mu/Central/bjets/3/eta in Skim_TriLep_TTG_PTG100to200.root
2026-05-29 18:31:21,797 - INFO - [2023] MISSING_CENTRAL: SR3Mu/Central/bjets/3/eta in Skim_TriLep_TTG_PTG200toInf.root
2026-05-29 18:31:21,832 - INFO - [2023] MISSING_CENTRAL: SR3Mu/Central/bjets/3/eta in Skim_TriLep_WZTo3LNu_powheg.root
2026-05-29 18:31:21,840 - INFO - [2023] MISSING_CENTRAL: SR3Mu/Central/bjets/3/eta in Skim_TriLep_tHq.root
2026-05-29 18:31:21,841 - INFO - [2023] MISSING_CENTRAL: SR3Mu/Central/bjets/3/eta in Skim_TriLep_WWW.root
2026-05-29 18:31:21,841 - INFO - [2023] MISSING_CENTRAL: SR3Mu/Central/bjets/3/eta in Skim_TriLep_WWZ.root
2026-05-29 18:31:21,842 - INFO - [2023] MISSING_CENTRAL: SR3Mu/Central/bjets/3/eta in Skim_TriLep_WZZ.root
2026-05-29 18:31:21,843 - INFO - [2023] MISSING_CENTRAL: SR3Mu/Central/bjets/3/eta in Skim_TriLep_ZZZ.root
2026-05-29 18:31:21,852 - INFO - [2023] MISSING_CENTRAL: SR3Mu/Central/bjets/3/eta in Skim_TriLep_VBFHToZZTo4L.root
2026-05-29 18:31:21,853 - INFO - [2023] MISSING_CENTRAL: SR3Mu/Central/bjets/3/eta in Skim_TriLep_ggHToZZTo4L.root
2026-05-29 18:31:21,854 - INFO - [2023BPix] MISSING_CENTRAL: SR3Mu/Central/bjets/3/eta in Skim_TriLep_Muon0_D_v1.root
2026-05-29 18:31:21,854 - INFO - [2023BPix] MISSING_CENTRAL: SR3Mu/Central/bjets/3/eta in Skim_TriLep_Muon0_D_v2.root
2026-05-29 18:31:21,855 - INFO - [2023BPix] MISSING_CENTRAL: SR3Mu/Central/bjets/3/eta in Skim_TriLep_Muon1_D_v1.root
2026-05-29 18:31:21,855 - INFO - [2023BPix] MISSING_CENTRAL: SR3Mu/Central/bjets/3/eta in Skim_TriLep_Muon1_D_v2.root
2026-05-29 18:31:21,856 - INFO - [2023BPix] MISSING_CENTRAL: SR3Mu/Central/bjets/3/eta in Skim_TriLep_DYJets.root
2026-05-29 18:31:21,856 - INFO - [2023BPix] MISSING_CENTRAL: SR3Mu/Central/bjets/3/eta in Skim_TriLep_DYJets10to50.root
2026-05-29 18:31:21,857 - INFO - [2023BPix] MISSING_CENTRAL: SR3Mu/Central/bjets/3/eta in Skim_TriLep_TTG_PTG10to100.root
2026-05-29 18:31:21,858 - INFO - [2023BPix] MISSING_CENTRAL: SR3Mu/Central/bjets/3/eta in Skim_TriLep_TTG_PTG100to200.root
2026-05-29 18:31:21,858 - INFO - [2023BPix] MISSING_CENTRAL: SR3Mu/Central/bjets/3/eta in Skim_TriLep_TTG_PTG200toInf.root
2026-05-29 18:31:21,859 - INFO - [2023BPix] MISSING_CENTRAL: SR3Mu/Central/bjets/3/eta in Skim_TriLep_TTWToLNu.root
2026-05-29 18:31:21,892 - INFO - [2023BPix] MISSING_CENTRAL: SR3Mu/Central/bjets/3/eta in Skim_TriLep_WZTo3LNu_powheg.root
2026-05-29 18:31:21,900 - INFO - [2023BPix] MISSING_CENTRAL: SR3Mu/Central/bjets/3/eta in Skim_TriLep_tHq.root
2026-05-29 18:31:21,901 - INFO - [2023BPix] MISSING_CENTRAL: SR3Mu/Central/bjets/3/eta in Skim_TriLep_WWW.root
2026-05-29 18:31:21,902 - INFO - [2023BPix] MISSING_CENTRAL: SR3Mu/Central/bjets/3/eta in Skim_TriLep_WWZ.root
2026-05-29 18:31:21,902 - INFO - [2023BPix] MISSING_CENTRAL: SR3Mu/Central/bjets/3/eta in Skim_TriLep_WZZ.root
2026-05-29 18:31:21,903 - INFO - [2023BPix] MISSING_CENTRAL: SR3Mu/Central/bjets/3/eta in Skim_TriLep_ZZZ.root
2026-05-29 18:31:21,911 - INFO - [2023BPix] MISSING_CENTRAL: SR3Mu/Central/bjets/3/eta in Skim_TriLep_VBFHToZZTo4L.root
2026-05-29 18:31:21,911 - INFO - [2023BPix] MISSING_CENTRAL: SR3Mu/Central/bjets/3/eta in Skim_TriLep_ggHToZZTo4L.root
