2025-09-24 16:11:17,178 - INFO - [2022] MISSING_CENTRAL: SR3Mu/Central/bjets/2/phi in Skim_TriLep_DoubleMuon_C.root
2025-09-24 16:11:17,251 - INFO - [2023] MISSING_CENTRAL: SR3Mu/Central/bjets/2/phi in Skim_TriLep_Muon0_C_v2.root
2025-09-24 16:11:17,252 - INFO - [2023] MISSING_CENTRAL: SR3Mu/Central/bjets/2/phi in Skim_TriLep_Muon1_C_v3.root
2025-09-24 16:11:17,253 - INFO - [2023BPix] MISSING_CENTRAL: SR3Mu/Central/bjets/2/phi in Skim_TriLep_Muon0_D_v2.root
2025-09-24 16:11:17,257 - INFO - [2022] MISSING_CENTRAL: SR3Mu/Central/bjets/2/phi in Skim_TriLep_DoubleMuon_C.root
2025-09-24 16:11:17,261 - INFO - [2022] MISSING_CENTRAL: SR3Mu/Central/bjets/2/phi in Skim_TriLep_DYJets.root
2025-09-24 16:11:17,262 - INFO - [2022] MISSING_CENTRAL: SR3Mu/Central/bjets/2/phi in Skim_TriLep_DYJets10to50.root
2025-09-24 16:11:17,262 - INFO - [2022] MISSING_CENTRAL: SR3Mu/Central/bjets/2/phi in Skim_TriLep_DYGTo2LG_MLL4to50_PTG10to100.root
2025-09-24 16:11:17,262 - INFO - [2022] MISSING_CENTRAL: SR3Mu/Central/bjets/2/phi in Skim_TriLep_DYGTo2LG_MLL4to50_PTG100to200.root
2025-09-24 16:11:17,262 - INFO - [2022] MISSING_CENTRAL: SR3Mu/Central/bjets/2/phi in Skim_TriLep_DYGTo2LG_MLL4to50_PTG200toInf.root
2025-09-24 16:11:17,268 - INFO - [2022] MISSING_CENTRAL: SR3Mu/Central/bjets/2/phi in Skim_TriLep_DYGTo2LG_MLL50_PTG100to200.root
2025-09-24 16:11:17,268 - INFO - [2022] MISSING_CENTRAL: SR3Mu/Central/bjets/2/phi in Skim_TriLep_DYGTo2LG_MLL50_PTG200toInf.root
2025-09-24 16:11:17,280 - INFO - [2022] MISSING_CENTRAL: SR3Mu/Central/bjets/2/phi in Skim_TriLep_TTG_PTG200toInf.root
2025-09-24 16:11:17,447 - INFO - [2022] MISSING_CENTRAL: SR3Mu/Central/bjets/2/phi in Skim_TriLep_WWW.root
2025-09-24 16:11:17,463 - INFO - [2022] MISSING_CENTRAL: SR3Mu/Central/bjets/2/phi in Skim_TriLep_VBFHToZZTo4L.root
2025-09-24 16:11:17,468 - INFO - [2022EE] MISSING_CENTRAL: SR3Mu/Central/bjets/2/phi in Skim_TriLep_DYJets.root
2025-09-24 16:11:17,468 - INFO - [2022EE] MISSING_CENTRAL: SR3Mu/Central/bjets/2/phi in Skim_TriLep_DYJets10to50.root
2025-09-24 16:11:17,526 - INFO - [2022EE] MISSING_CENTRAL: SR3Mu/Central/bjets/2/phi in Skim_TriLep_DYGTo2LG_MLL4to50_PTG100to200.root
2025-09-24 16:11:17,527 - INFO - [2022EE] MISSING_CENTRAL: SR3Mu/Central/bjets/2/phi in Skim_TriLep_DYGTo2LG_MLL4to50_PTG200toInf.root
2025-09-24 16:11:17,528 - INFO - [2022EE] MISSING_CENTRAL: SR3Mu/Central/bjets/2/phi in Skim_TriLep_DYGTo2LG_MLL50_PTG10to100.root
2025-09-24 16:11:17,528 - INFO - [2022EE] MISSING_CENTRAL: SR3Mu/Central/bjets/2/phi in Skim_TriLep_DYGTo2LG_MLL50_PTG100to200.root
2025-09-24 16:11:17,529 - INFO - [2022EE] MISSING_CENTRAL: SR3Mu/Central/bjets/2/phi in Skim_TriLep_DYGTo2LG_MLL50_PTG200toInf.root
2025-09-24 16:11:17,659 - INFO - [2023] MISSING_CENTRAL: SR3Mu/Central/bjets/2/phi in Skim_TriLep_Muon1_C_v2.root
2025-09-24 16:11:17,660 - INFO - [2023] MISSING_CENTRAL: SR3Mu/Central/bjets/2/phi in Skim_TriLep_DYJets.root
2025-09-24 16:11:17,660 - INFO - [2023] MISSING_CENTRAL: SR3Mu/Central/bjets/2/phi in Skim_TriLep_DYJets10to50.root
2025-09-24 16:11:17,661 - INFO - [2023] MISSING_CENTRAL: SR3Mu/Central/bjets/2/phi in Skim_TriLep_DYGTo2LG_MLL4to50_PTG10to100.root
2025-09-24 16:11:17,661 - INFO - [2023] MISSING_CENTRAL: SR3Mu/Central/bjets/2/phi in Skim_TriLep_DYGTo2LG_MLL4to50_PTG100to200.root
2025-09-24 16:11:17,661 - INFO - [2023] MISSING_CENTRAL: SR3Mu/Central/bjets/2/phi in Skim_TriLep_DYGTo2LG_MLL4to50_PTG200toInf.root
2025-09-24 16:11:17,674 - INFO - [2023] MISSING_CENTRAL: SR3Mu/Central/bjets/2/phi in Skim_TriLep_DYGTo2LG_MLL50_PTG200to400.root
2025-09-24 16:11:17,675 - INFO - [2023] MISSING_CENTRAL: SR3Mu/Central/bjets/2/phi in Skim_TriLep_DYGTo2LG_MLL50_PTG400to600.root
2025-09-24 16:11:17,675 - INFO - [2023] MISSING_CENTRAL: SR3Mu/Central/bjets/2/phi in Skim_TriLep_DYGTo2LG_MLL50_PTG600toInf.root
2025-09-24 16:11:17,817 - INFO - [2023] MISSING_CENTRAL: SR3Mu/Central/bjets/2/phi in Skim_TriLep_WWW.root
2025-09-24 16:11:17,850 - INFO - [2023BPix] MISSING_CENTRAL: SR3Mu/Central/bjets/2/phi in Skim_TriLep_Muon0_D_v2.root
2025-09-24 16:11:17,851 - INFO - [2023BPix] MISSING_CENTRAL: SR3Mu/Central/bjets/2/phi in Skim_TriLep_DYJets.root
2025-09-24 16:11:17,851 - INFO - [2023BPix] MISSING_CENTRAL: SR3Mu/Central/bjets/2/phi in Skim_TriLep_DYJets10to50.root
2025-09-24 16:11:17,893 - INFO - [2023BPix] MISSING_CENTRAL: SR3Mu/Central/bjets/2/phi in Skim_TriLep_DYGTo2LG_MLL4to50_PTG100to200.root
2025-09-24 16:11:17,893 - INFO - [2023BPix] MISSING_CENTRAL: SR3Mu/Central/bjets/2/phi in Skim_TriLep_DYGTo2LG_MLL4to50_PTG200toInf.root
2025-09-24 16:11:17,899 - INFO - [2023BPix] MISSING_CENTRAL: SR3Mu/Central/bjets/2/phi in Skim_TriLep_DYGTo2LG_MLL50_PTG100to200.root
2025-09-24 16:11:17,899 - INFO - [2023BPix] MISSING_CENTRAL: SR3Mu/Central/bjets/2/phi in Skim_TriLep_DYGTo2LG_MLL50_PTG200to400.root
2025-09-24 16:11:17,900 - INFO - [2023BPix] MISSING_CENTRAL: SR3Mu/Central/bjets/2/phi in Skim_TriLep_DYGTo2LG_MLL50_PTG400to600.root
2025-09-24 16:11:17,900 - INFO - [2023BPix] MISSING_CENTRAL: SR3Mu/Central/bjets/2/phi in Skim_TriLep_DYGTo2LG_MLL50_PTG600toInf.root
2025-09-24 16:11:18,121 - INFO - [2023BPix] MISSING_CENTRAL: SR3Mu/Central/bjets/2/phi in Skim_TriLep_WWW.root
2025-09-24 16:11:18,148 - INFO - [2023BPix] MISSING_CENTRAL: SR3Mu/Central/bjets/2/phi in Skim_TriLep_ggHToZZTo4L.root
2025-10-02 21:25:02,146 - INFO - [2022] MISSING_CENTRAL: SR3Mu/Central/bjets/2/phi in Skim_TriLep_DoubleMuon_C.root
2025-10-02 21:25:02,291 - INFO - [2023] MISSING_CENTRAL: SR3Mu/Central/bjets/2/phi in Skim_TriLep_Muon0_C_v2.root
2025-10-02 21:25:02,295 - INFO - [2023] MISSING_CENTRAL: SR3Mu/Central/bjets/2/phi in Skim_TriLep_Muon1_C_v3.root
2025-10-02 21:25:02,303 - INFO - [2023BPix] MISSING_CENTRAL: SR3Mu/Central/bjets/2/phi in Skim_TriLep_Muon0_D_v2.root
2025-10-02 21:25:02,315 - INFO - [2022] MISSING_CENTRAL: SR3Mu/Central/bjets/2/phi in Skim_TriLep_DoubleMuon_C.root
2025-10-02 21:25:02,332 - INFO - [2022] MISSING_CENTRAL: SR3Mu/Central/bjets/2/phi in Skim_TriLep_DYJets.root
2025-10-02 21:25:02,333 - INFO - [2022] MISSING_CENTRAL: SR3Mu/Central/bjets/2/phi in Skim_TriLep_DYJets10to50.root
2025-10-02 21:25:02,334 - INFO - [2022] MISSING_CENTRAL: SR3Mu/Central/bjets/2/phi in Skim_TriLep_DYGTo2LG_MLL4to50_PTG10to100.root
2025-10-02 21:25:02,335 - INFO - [2022] MISSING_CENTRAL: SR3Mu/Central/bjets/2/phi in Skim_TriLep_DYGTo2LG_MLL4to50_PTG100to200.root
2025-10-02 21:25:02,336 - INFO - [2022] MISSING_CENTRAL: SR3Mu/Central/bjets/2/phi in Skim_TriLep_DYGTo2LG_MLL4to50_PTG200toInf.root
2025-10-02 21:25:02,354 - INFO - [2022] MISSING_CENTRAL: SR3Mu/Central/bjets/2/phi in Skim_TriLep_DYGTo2LG_MLL50_PTG100to200.root
2025-10-02 21:25:02,356 - INFO - [2022] MISSING_CENTRAL: SR3Mu/Central/bjets/2/phi in Skim_TriLep_DYGTo2LG_MLL50_PTG200toInf.root
2025-10-02 21:25:02,377 - INFO - [2022] MISSING_CENTRAL: SR3Mu/Central/bjets/2/phi in Skim_TriLep_TTG_PTG200toInf.root
2025-10-02 21:25:02,467 - INFO - [2022] MISSING_CENTRAL: SR3Mu/Central/bjets/2/phi in Skim_TriLep_WWW.root
2025-10-02 21:25:02,503 - INFO - [2022] MISSING_CENTRAL: SR3Mu/Central/bjets/2/phi in Skim_TriLep_VBFHToZZTo4L.root
2025-10-02 21:25:02,516 - INFO - [2022EE] MISSING_CENTRAL: SR3Mu/Central/bjets/2/phi in Skim_TriLep_DYJets.root
2025-10-02 21:25:02,517 - INFO - [2022EE] MISSING_CENTRAL: SR3Mu/Central/bjets/2/phi in Skim_TriLep_DYJets10to50.root
2025-10-02 21:25:02,539 - INFO - [2022EE] MISSING_CENTRAL: SR3Mu/Central/bjets/2/phi in Skim_TriLep_DYGTo2LG_MLL4to50_PTG100to200.root
2025-10-02 21:25:02,541 - INFO - [2022EE] MISSING_CENTRAL: SR3Mu/Central/bjets/2/phi in Skim_TriLep_DYGTo2LG_MLL4to50_PTG200toInf.root
2025-10-02 21:25:02,555 - INFO - [2022EE] MISSING_CENTRAL: SR3Mu/Central/bjets/2/phi in Skim_TriLep_DYGTo2LG_MLL50_PTG10to100.root
2025-10-02 21:25:02,556 - INFO - [2022EE] MISSING_CENTRAL: SR3Mu/Central/bjets/2/phi in Skim_TriLep_DYGTo2LG_MLL50_PTG100to200.root
2025-10-02 21:25:02,557 - INFO - [2022EE] MISSING_CENTRAL: SR3Mu/Central/bjets/2/phi in Skim_TriLep_DYGTo2LG_MLL50_PTG200toInf.root
2025-10-02 21:25:02,893 - INFO - [2023] MISSING_CENTRAL: SR3Mu/Central/bjets/2/phi in Skim_TriLep_Muon1_C_v2.root
2025-10-02 21:25:02,902 - INFO - [2023] MISSING_CENTRAL: SR3Mu/Central/bjets/2/phi in Skim_TriLep_DYJets.root
2025-10-02 21:25:02,907 - INFO - [2023] MISSING_CENTRAL: SR3Mu/Central/bjets/2/phi in Skim_TriLep_DYJets10to50.root
2025-10-02 21:25:02,909 - INFO - [2023] MISSING_CENTRAL: SR3Mu/Central/bjets/2/phi in Skim_TriLep_DYGTo2LG_MLL4to50_PTG10to100.root
2025-10-02 21:25:02,913 - INFO - [2023] MISSING_CENTRAL: SR3Mu/Central/bjets/2/phi in Skim_TriLep_DYGTo2LG_MLL4to50_PTG100to200.root
2025-10-02 21:25:02,915 - INFO - [2023] MISSING_CENTRAL: SR3Mu/Central/bjets/2/phi in Skim_TriLep_DYGTo2LG_MLL4to50_PTG200toInf.root
2025-10-02 21:25:02,969 - INFO - [2023] MISSING_CENTRAL: SR3Mu/Central/bjets/2/phi in Skim_TriLep_DYGTo2LG_MLL50_PTG200to400.root
2025-10-02 21:25:02,973 - INFO - [2023] MISSING_CENTRAL: SR3Mu/Central/bjets/2/phi in Skim_TriLep_DYGTo2LG_MLL50_PTG400to600.root
2025-10-02 21:25:02,982 - INFO - [2023] MISSING_CENTRAL: SR3Mu/Central/bjets/2/phi in Skim_TriLep_DYGTo2LG_MLL50_PTG600toInf.root
2025-10-02 21:25:03,152 - INFO - [2023] MISSING_CENTRAL: SR3Mu/Central/bjets/2/phi in Skim_TriLep_WWW.root
2025-10-02 21:25:03,307 - INFO - [2023BPix] MISSING_CENTRAL: SR3Mu/Central/bjets/2/phi in Skim_TriLep_Muon0_D_v2.root
2025-10-02 21:25:03,312 - INFO - [2023BPix] MISSING_CENTRAL: SR3Mu/Central/bjets/2/phi in Skim_TriLep_DYJets.root
2025-10-02 21:25:03,313 - INFO - [2023BPix] MISSING_CENTRAL: SR3Mu/Central/bjets/2/phi in Skim_TriLep_DYJets10to50.root
2025-10-02 21:25:03,335 - INFO - [2023BPix] MISSING_CENTRAL: SR3Mu/Central/bjets/2/phi in Skim_TriLep_DYGTo2LG_MLL4to50_PTG100to200.root
2025-10-02 21:25:03,337 - INFO - [2023BPix] MISSING_CENTRAL: SR3Mu/Central/bjets/2/phi in Skim_TriLep_DYGTo2LG_MLL4to50_PTG200toInf.root
2025-10-02 21:25:03,364 - INFO - [2023BPix] MISSING_CENTRAL: SR3Mu/Central/bjets/2/phi in Skim_TriLep_DYGTo2LG_MLL50_PTG100to200.root
2025-10-02 21:25:03,366 - INFO - [2023BPix] MISSING_CENTRAL: SR3Mu/Central/bjets/2/phi in Skim_TriLep_DYGTo2LG_MLL50_PTG200to400.root
2025-10-02 21:25:03,367 - INFO - [2023BPix] MISSING_CENTRAL: SR3Mu/Central/bjets/2/phi in Skim_TriLep_DYGTo2LG_MLL50_PTG400to600.root
2025-10-02 21:25:03,373 - INFO - [2023BPix] MISSING_CENTRAL: SR3Mu/Central/bjets/2/phi in Skim_TriLep_DYGTo2LG_MLL50_PTG600toInf.root
2025-10-02 21:25:03,607 - INFO - [2023BPix] MISSING_CENTRAL: SR3Mu/Central/bjets/2/phi in Skim_TriLep_WWW.root
2025-10-02 21:25:03,669 - INFO - [2023BPix] MISSING_CENTRAL: SR3Mu/Central/bjets/2/phi in Skim_TriLep_ggHToZZTo4L.root
2025-10-03 00:46:10,214 - INFO - [2022] MISSING_CENTRAL: SR3Mu/Central/bjets/2/phi in Skim_TriLep_DoubleMuon_C.root
2025-10-03 00:46:10,331 - INFO - [2023] MISSING_CENTRAL: SR3Mu/Central/bjets/2/phi in Skim_TriLep_Muon0_C_v2.root
2025-10-03 00:46:10,334 - INFO - [2023] MISSING_CENTRAL: SR3Mu/Central/bjets/2/phi in Skim_TriLep_Muon1_C_v3.root
2025-10-03 00:46:10,336 - INFO - [2023BPix] MISSING_CENTRAL: SR3Mu/Central/bjets/2/phi in Skim_TriLep_Muon0_D_v2.root
2025-10-03 00:46:10,345 - INFO - [2022] MISSING_CENTRAL: SR3Mu/Central/bjets/2/phi in Skim_TriLep_DoubleMuon_C.root
2025-10-03 00:46:10,360 - INFO - [2022] MISSING_CENTRAL: SR3Mu/Central/bjets/2/phi in Skim_TriLep_DYJets.root
2025-10-03 00:46:10,361 - INFO - [2022] MISSING_CENTRAL: SR3Mu/Central/bjets/2/phi in Skim_TriLep_DYJets10to50.root
2025-10-03 00:46:10,361 - INFO - [2022] MISSING_CENTRAL: SR3Mu/Central/bjets/2/phi in Skim_TriLep_DYGTo2LG_MLL4to50_PTG10to100.root
2025-10-03 00:46:10,362 - INFO - [2022] MISSING_CENTRAL: SR3Mu/Central/bjets/2/phi in Skim_TriLep_DYGTo2LG_MLL4to50_PTG100to200.root
2025-10-03 00:46:10,363 - INFO - [2022] MISSING_CENTRAL: SR3Mu/Central/bjets/2/phi in Skim_TriLep_DYGTo2LG_MLL4to50_PTG200toInf.root
2025-10-03 00:46:10,376 - INFO - [2022] MISSING_CENTRAL: SR3Mu/Central/bjets/2/phi in Skim_TriLep_DYGTo2LG_MLL50_PTG100to200.root
2025-10-03 00:46:10,377 - INFO - [2022] MISSING_CENTRAL: SR3Mu/Central/bjets/2/phi in Skim_TriLep_DYGTo2LG_MLL50_PTG200toInf.root
2025-10-03 00:46:10,397 - INFO - [2022] MISSING_CENTRAL: SR3Mu/Central/bjets/2/phi in Skim_TriLep_TTG_PTG200toInf.root
2025-10-03 00:46:10,640 - INFO - [2022] MISSING_CENTRAL: SR3Mu/Central/bjets/2/phi in Skim_TriLep_WWW.root
2025-10-03 00:46:10,730 - INFO - [2022] MISSING_CENTRAL: SR3Mu/Central/bjets/2/phi in Skim_TriLep_VBFHToZZTo4L.root
2025-10-03 00:46:10,762 - INFO - [2022EE] MISSING_CENTRAL: SR3Mu/Central/bjets/2/phi in Skim_TriLep_DYJets.root
2025-10-03 00:46:10,763 - INFO - [2022EE] MISSING_CENTRAL: SR3Mu/Central/bjets/2/phi in Skim_TriLep_DYJets10to50.root
2025-10-03 00:46:10,780 - INFO - [2022EE] MISSING_CENTRAL: SR3Mu/Central/bjets/2/phi in Skim_TriLep_DYGTo2LG_MLL4to50_PTG100to200.root
2025-10-03 00:46:10,805 - INFO - [2022EE] MISSING_CENTRAL: SR3Mu/Central/bjets/2/phi in Skim_TriLep_DYGTo2LG_MLL4to50_PTG200toInf.root
2025-10-03 00:46:10,833 - INFO - [2022EE] MISSING_CENTRAL: SR3Mu/Central/bjets/2/phi in Skim_TriLep_DYGTo2LG_MLL50_PTG10to100.root
2025-10-03 00:46:10,834 - INFO - [2022EE] MISSING_CENTRAL: SR3Mu/Central/bjets/2/phi in Skim_TriLep_DYGTo2LG_MLL50_PTG100to200.root
2025-10-03 00:46:10,835 - INFO - [2022EE] MISSING_CENTRAL: SR3Mu/Central/bjets/2/phi in Skim_TriLep_DYGTo2LG_MLL50_PTG200toInf.root
2025-10-03 00:46:11,143 - INFO - [2023] MISSING_CENTRAL: SR3Mu/Central/bjets/2/phi in Skim_TriLep_Muon1_C_v2.root
2025-10-03 00:46:11,148 - INFO - [2023] MISSING_CENTRAL: SR3Mu/Central/bjets/2/phi in Skim_TriLep_DYJets.root
2025-10-03 00:46:11,149 - INFO - [2023] MISSING_CENTRAL: SR3Mu/Central/bjets/2/phi in Skim_TriLep_DYJets10to50.root
2025-10-03 00:46:11,150 - INFO - [2023] MISSING_CENTRAL: SR3Mu/Central/bjets/2/phi in Skim_TriLep_DYGTo2LG_MLL4to50_PTG10to100.root
2025-10-03 00:46:11,151 - INFO - [2023] MISSING_CENTRAL: SR3Mu/Central/bjets/2/phi in Skim_TriLep_DYGTo2LG_MLL4to50_PTG100to200.root
2025-10-03 00:46:11,154 - INFO - [2023] MISSING_CENTRAL: SR3Mu/Central/bjets/2/phi in Skim_TriLep_DYGTo2LG_MLL4to50_PTG200toInf.root
2025-10-03 00:46:11,186 - INFO - [2023] MISSING_CENTRAL: SR3Mu/Central/bjets/2/phi in Skim_TriLep_DYGTo2LG_MLL50_PTG200to400.root
2025-10-03 00:46:11,187 - INFO - [2023] MISSING_CENTRAL: SR3Mu/Central/bjets/2/phi in Skim_TriLep_DYGTo2LG_MLL50_PTG400to600.root
2025-10-03 00:46:11,187 - INFO - [2023] MISSING_CENTRAL: SR3Mu/Central/bjets/2/phi in Skim_TriLep_DYGTo2LG_MLL50_PTG600toInf.root
2025-10-03 00:46:11,469 - INFO - [2023] MISSING_CENTRAL: SR3Mu/Central/bjets/2/phi in Skim_TriLep_WWW.root
2025-10-03 00:46:11,587 - INFO - [2023BPix] MISSING_CENTRAL: SR3Mu/Central/bjets/2/phi in Skim_TriLep_Muon0_D_v2.root
2025-10-03 00:46:11,590 - INFO - [2023BPix] MISSING_CENTRAL: SR3Mu/Central/bjets/2/phi in Skim_TriLep_DYJets.root
2025-10-03 00:46:11,591 - INFO - [2023BPix] MISSING_CENTRAL: SR3Mu/Central/bjets/2/phi in Skim_TriLep_DYJets10to50.root
2025-10-03 00:46:11,613 - INFO - [2023BPix] MISSING_CENTRAL: SR3Mu/Central/bjets/2/phi in Skim_TriLep_DYGTo2LG_MLL4to50_PTG100to200.root
2025-10-03 00:46:11,614 - INFO - [2023BPix] MISSING_CENTRAL: SR3Mu/Central/bjets/2/phi in Skim_TriLep_DYGTo2LG_MLL4to50_PTG200toInf.root
2025-10-03 00:46:11,645 - INFO - [2023BPix] MISSING_CENTRAL: SR3Mu/Central/bjets/2/phi in Skim_TriLep_DYGTo2LG_MLL50_PTG100to200.root
2025-10-03 00:46:11,646 - INFO - [2023BPix] MISSING_CENTRAL: SR3Mu/Central/bjets/2/phi in Skim_TriLep_DYGTo2LG_MLL50_PTG200to400.root
2025-10-03 00:46:11,647 - INFO - [2023BPix] MISSING_CENTRAL: SR3Mu/Central/bjets/2/phi in Skim_TriLep_DYGTo2LG_MLL50_PTG400to600.root
2025-10-03 00:46:11,651 - INFO - [2023BPix] MISSING_CENTRAL: SR3Mu/Central/bjets/2/phi in Skim_TriLep_DYGTo2LG_MLL50_PTG600toInf.root
2025-10-03 00:46:11,830 - INFO - [2023BPix] MISSING_CENTRAL: SR3Mu/Central/bjets/2/phi in Skim_TriLep_WWW.root
2025-10-03 00:46:11,889 - INFO - [2023BPix] MISSING_CENTRAL: SR3Mu/Central/bjets/2/phi in Skim_TriLep_ggHToZZTo4L.root
2025-11-07 13:15:34,473 - INFO - [2022] MISSING_FILE: /home/choij/Sync/workspace/ChargedHiggsAnalysisV3/SKNanoOutput/PromptSelector/Run3Mu/2022/Skim_TriLep_DoubleMuon_C.root
2025-11-07 13:15:34,474 - INFO - [2022] MISSING_FILE: /home/choij/Sync/workspace/ChargedHiggsAnalysisV3/SKNanoOutput/PromptSelector/Run3Mu/2022/Skim_TriLep_Muon_C.root
2025-11-07 13:15:34,474 - INFO - [2022] MISSING_FILE: /home/choij/Sync/workspace/ChargedHiggsAnalysisV3/SKNanoOutput/PromptSelector/Run3Mu/2022/Skim_TriLep_Muon_D.root
2025-11-07 13:15:34,474 - INFO - [2022EE] MISSING_FILE: /home/choij/Sync/workspace/ChargedHiggsAnalysisV3/SKNanoOutput/PromptSelector/Run3Mu/2022EE/Skim_TriLep_Muon_E.root
2025-11-07 13:15:34,474 - INFO - [2022EE] MISSING_FILE: /home/choij/Sync/workspace/ChargedHiggsAnalysisV3/SKNanoOutput/PromptSelector/Run3Mu/2022EE/Skim_TriLep_Muon_F.root
2025-11-07 13:15:34,475 - INFO - [2022EE] MISSING_FILE: /home/choij/Sync/workspace/ChargedHiggsAnalysisV3/SKNanoOutput/PromptSelector/Run3Mu/2022EE/Skim_TriLep_Muon_G.root
2025-11-07 13:15:34,475 - INFO - [2023] MISSING_FILE: /home/choij/Sync/workspace/ChargedHiggsAnalysisV3/SKNanoOutput/PromptSelector/Run3Mu/2023/Skim_TriLep_Muon0_C_v1.root
2025-11-07 13:15:34,475 - INFO - [2023] MISSING_FILE: /home/choij/Sync/workspace/ChargedHiggsAnalysisV3/SKNanoOutput/PromptSelector/Run3Mu/2023/Skim_TriLep_Muon0_C_v2.root
2025-11-07 13:15:34,475 - INFO - [2023] MISSING_FILE: /home/choij/Sync/workspace/ChargedHiggsAnalysisV3/SKNanoOutput/PromptSelector/Run3Mu/2023/Skim_TriLep_Muon0_C_v3.root
2025-11-07 13:15:34,475 - INFO - [2023] MISSING_FILE: /home/choij/Sync/workspace/ChargedHiggsAnalysisV3/SKNanoOutput/PromptSelector/Run3Mu/2023/Skim_TriLep_Muon0_C_v4.root
2025-11-07 13:15:34,475 - INFO - [2023] MISSING_FILE: /home/choij/Sync/workspace/ChargedHiggsAnalysisV3/SKNanoOutput/PromptSelector/Run3Mu/2023/Skim_TriLep_Muon1_C_v1.root
2025-11-07 13:15:34,476 - INFO - [2023] MISSING_FILE: /home/choij/Sync/workspace/ChargedHiggsAnalysisV3/SKNanoOutput/PromptSelector/Run3Mu/2023/Skim_TriLep_Muon1_C_v2.root
2025-11-07 13:15:34,476 - INFO - [2023] MISSING_FILE: /home/choij/Sync/workspace/ChargedHiggsAnalysisV3/SKNanoOutput/PromptSelector/Run3Mu/2023/Skim_TriLep_Muon1_C_v3.root
2025-11-07 13:15:34,476 - INFO - [2023] MISSING_FILE: /home/choij/Sync/workspace/ChargedHiggsAnalysisV3/SKNanoOutput/PromptSelector/Run3Mu/2023/Skim_TriLep_Muon1_C_v4.root
2025-11-07 13:15:34,476 - INFO - [2023BPix] MISSING_FILE: /home/choij/Sync/workspace/ChargedHiggsAnalysisV3/SKNanoOutput/PromptSelector/Run3Mu/2023BPix/Skim_TriLep_Muon0_D_v1.root
2025-11-07 13:15:34,476 - INFO - [2023BPix] MISSING_FILE: /home/choij/Sync/workspace/ChargedHiggsAnalysisV3/SKNanoOutput/PromptSelector/Run3Mu/2023BPix/Skim_TriLep_Muon0_D_v2.root
2025-11-07 13:15:34,476 - INFO - [2023BPix] MISSING_FILE: /home/choij/Sync/workspace/ChargedHiggsAnalysisV3/SKNanoOutput/PromptSelector/Run3Mu/2023BPix/Skim_TriLep_Muon1_D_v1.root
2025-11-07 13:15:34,477 - INFO - [2023BPix] MISSING_FILE: /home/choij/Sync/workspace/ChargedHiggsAnalysisV3/SKNanoOutput/PromptSelector/Run3Mu/2023BPix/Skim_TriLep_Muon1_D_v2.root
2025-11-07 14:13:05,716 - INFO - [2022] MISSING_FILE: /home/choij/Sync/workspace/ChargedHiggsAnalysisV3/SKNanoOutput/PromptSelector/Run3Mu/2022/Skim_TriLep_DoubleMuon_C.root
2025-11-07 14:13:05,716 - INFO - [2022] MISSING_FILE: /home/choij/Sync/workspace/ChargedHiggsAnalysisV3/SKNanoOutput/PromptSelector/Run3Mu/2022/Skim_TriLep_Muon_C.root
2025-11-07 14:13:05,716 - INFO - [2022] MISSING_FILE: /home/choij/Sync/workspace/ChargedHiggsAnalysisV3/SKNanoOutput/PromptSelector/Run3Mu/2022/Skim_TriLep_Muon_D.root
2025-11-07 14:13:05,717 - INFO - [2022EE] MISSING_FILE: /home/choij/Sync/workspace/ChargedHiggsAnalysisV3/SKNanoOutput/PromptSelector/Run3Mu/2022EE/Skim_TriLep_Muon_E.root
2025-11-07 14:13:05,717 - INFO - [2022EE] MISSING_FILE: /home/choij/Sync/workspace/ChargedHiggsAnalysisV3/SKNanoOutput/PromptSelector/Run3Mu/2022EE/Skim_TriLep_Muon_F.root
2025-11-07 14:13:05,717 - INFO - [2022EE] MISSING_FILE: /home/choij/Sync/workspace/ChargedHiggsAnalysisV3/SKNanoOutput/PromptSelector/Run3Mu/2022EE/Skim_TriLep_Muon_G.root
2025-11-07 14:13:05,717 - INFO - [2023] MISSING_FILE: /home/choij/Sync/workspace/ChargedHiggsAnalysisV3/SKNanoOutput/PromptSelector/Run3Mu/2023/Skim_TriLep_Muon0_C_v1.root
2025-11-07 14:13:05,717 - INFO - [2023] MISSING_FILE: /home/choij/Sync/workspace/ChargedHiggsAnalysisV3/SKNanoOutput/PromptSelector/Run3Mu/2023/Skim_TriLep_Muon0_C_v2.root
2025-11-07 14:13:05,717 - INFO - [2023] MISSING_FILE: /home/choij/Sync/workspace/ChargedHiggsAnalysisV3/SKNanoOutput/PromptSelector/Run3Mu/2023/Skim_TriLep_Muon0_C_v3.root
2025-11-07 14:13:05,717 - INFO - [2023] MISSING_FILE: /home/choij/Sync/workspace/ChargedHiggsAnalysisV3/SKNanoOutput/PromptSelector/Run3Mu/2023/Skim_TriLep_Muon0_C_v4.root
2025-11-07 14:13:05,717 - INFO - [2023] MISSING_FILE: /home/choij/Sync/workspace/ChargedHiggsAnalysisV3/SKNanoOutput/PromptSelector/Run3Mu/2023/Skim_TriLep_Muon1_C_v1.root
2025-11-07 14:13:05,717 - INFO - [2023] MISSING_FILE: /home/choij/Sync/workspace/ChargedHiggsAnalysisV3/SKNanoOutput/PromptSelector/Run3Mu/2023/Skim_TriLep_Muon1_C_v2.root
2025-11-07 14:13:05,717 - INFO - [2023] MISSING_FILE: /home/choij/Sync/workspace/ChargedHiggsAnalysisV3/SKNanoOutput/PromptSelector/Run3Mu/2023/Skim_TriLep_Muon1_C_v3.root
2025-11-07 14:13:05,717 - INFO - [2023] MISSING_FILE: /home/choij/Sync/workspace/ChargedHiggsAnalysisV3/SKNanoOutput/PromptSelector/Run3Mu/2023/Skim_TriLep_Muon1_C_v4.root
2025-11-07 14:13:05,717 - INFO - [2023BPix] MISSING_FILE: /home/choij/Sync/workspace/ChargedHiggsAnalysisV3/SKNanoOutput/PromptSelector/Run3Mu/2023BPix/Skim_TriLep_Muon0_D_v1.root
2025-11-07 14:13:05,717 - INFO - [2023BPix] MISSING_FILE: /home/choij/Sync/workspace/ChargedHiggsAnalysisV3/SKNanoOutput/PromptSelector/Run3Mu/2023BPix/Skim_TriLep_Muon0_D_v2.root
2025-11-07 14:13:05,717 - INFO - [2023BPix] MISSING_FILE: /home/choij/Sync/workspace/ChargedHiggsAnalysisV3/SKNanoOutput/PromptSelector/Run3Mu/2023BPix/Skim_TriLep_Muon1_D_v1.root
2025-11-07 14:13:05,717 - INFO - [2023BPix] MISSING_FILE: /home/choij/Sync/workspace/ChargedHiggsAnalysisV3/SKNanoOutput/PromptSelector/Run3Mu/2023BPix/Skim_TriLep_Muon1_D_v2.root
2025-11-10 12:30:01,687 - INFO - [2022] MISSING_CENTRAL: SR3Mu/Central/bjets/2/phi in Skim_TriLep_DoubleMuon_C.root
2025-11-10 12:30:01,765 - INFO - [2022EE] MISSING_FILE: /home/choij/Sync/workspace/ChargedHiggsAnalysisV3/SKNanoOutput/PromptSelector/Run3Mu/2022EE/Skim_TriLep_Muon_F.root
2025-11-10 12:30:01,766 - INFO - [2023] MISSING_CENTRAL: SR3Mu/Central/bjets/2/phi in Skim_TriLep_Muon0_C_v2.root
2025-11-10 12:30:01,769 - INFO - [2023] MISSING_CENTRAL: SR3Mu/Central/bjets/2/phi in Skim_TriLep_Muon1_C_v3.root
2025-11-10 12:30:01,770 - INFO - [2023BPix] MISSING_CENTRAL: SR3Mu/Central/bjets/2/phi in Skim_TriLep_Muon0_D_v2.root
2025-11-10 12:30:01,775 - INFO - [2022] MISSING_CENTRAL: SR3Mu/Central/bjets/2/phi in Skim_TriLep_DoubleMuon_C.root
2025-11-10 12:30:01,786 - INFO - [2022] MISSING_CENTRAL: SR3Mu/Central/bjets/2/phi in Skim_TriLep_DYJets.root
2025-11-10 12:30:01,787 - INFO - [2022] MISSING_CENTRAL: SR3Mu/Central/bjets/2/phi in Skim_TriLep_DYJets10to50.root
2025-11-10 12:30:01,787 - INFO - [2022] MISSING_CENTRAL: SR3Mu/Central/bjets/2/phi in Skim_TriLep_DYGTo2LG_MLL4to50_PTG10to100.root
2025-11-10 12:30:01,788 - INFO - [2022] MISSING_CENTRAL: SR3Mu/Central/bjets/2/phi in Skim_TriLep_DYGTo2LG_MLL4to50_PTG100to200.root
2025-11-10 12:30:01,788 - INFO - [2022] MISSING_CENTRAL: SR3Mu/Central/bjets/2/phi in Skim_TriLep_DYGTo2LG_MLL4to50_PTG200toInf.root
2025-11-10 12:30:01,798 - INFO - [2022] MISSING_CENTRAL: SR3Mu/Central/bjets/2/phi in Skim_TriLep_DYGTo2LG_MLL50_PTG100to200.root
2025-11-10 12:30:01,799 - INFO - [2022] MISSING_CENTRAL: SR3Mu/Central/bjets/2/phi in Skim_TriLep_DYGTo2LG_MLL50_PTG200toInf.root
2025-11-10 12:30:01,812 - INFO - [2022] MISSING_CENTRAL: SR3Mu/Central/bjets/2/phi in Skim_TriLep_TTG_PTG200toInf.root
2025-11-10 12:30:01,864 - INFO - [2022] MISSING_CENTRAL: SR3Mu/Central/bjets/2/phi in Skim_TriLep_WWW.root
2025-11-10 12:30:01,890 - INFO - [2022] MISSING_CENTRAL: SR3Mu/Central/bjets/2/phi in Skim_TriLep_VBFHToZZTo4L.root
2025-11-10 12:30:01,899 - INFO - [2022EE] MISSING_CENTRAL: SR3Mu/Central/bjets/2/phi in Skim_TriLep_DYJets.root
2025-11-10 12:30:01,900 - INFO - [2022EE] MISSING_CENTRAL: SR3Mu/Central/bjets/2/phi in Skim_TriLep_DYJets10to50.root
2025-11-10 12:30:01,907 - INFO - [2022EE] MISSING_CENTRAL: SR3Mu/Central/bjets/2/phi in Skim_TriLep_DYGTo2LG_MLL4to50_PTG100to200.root
2025-11-10 12:30:01,908 - INFO - [2022EE] MISSING_CENTRAL: SR3Mu/Central/bjets/2/phi in Skim_TriLep_DYGTo2LG_MLL4to50_PTG200toInf.root
2025-11-10 12:30:01,909 - INFO - [2022EE] MISSING_CENTRAL: SR3Mu/Central/bjets/2/phi in Skim_TriLep_DYGTo2LG_MLL50_PTG10to100.root
2025-11-10 12:30:01,909 - INFO - [2022EE] MISSING_CENTRAL: SR3Mu/Central/bjets/2/phi in Skim_TriLep_DYGTo2LG_MLL50_PTG100to200.root
2025-11-10 12:30:01,910 - INFO - [2022EE] MISSING_CENTRAL: SR3Mu/Central/bjets/2/phi in Skim_TriLep_DYGTo2LG_MLL50_PTG200toInf.root
2025-11-10 12:30:02,072 - INFO - [2023] MISSING_CENTRAL: SR3Mu/Central/bjets/2/phi in Skim_TriLep_Muon1_C_v2.root
2025-11-10 12:30:02,074 - INFO - [2023] MISSING_CENTRAL: SR3Mu/Central/bjets/2/phi in Skim_TriLep_DYJets.root
2025-11-10 12:30:02,075 - INFO - [2023] MISSING_CENTRAL: SR3Mu/Central/bjets/2/phi in Skim_TriLep_DYJets10to50.root
2025-11-10 12:30:02,076 - INFO - [2023] MISSING_CENTRAL: SR3Mu/Central/bjets/2/phi in Skim_TriLep_DYGTo2LG_MLL4to50_PTG10to100.root
2025-11-10 12:30:02,077 - INFO - [2023] MISSING_CENTRAL: SR3Mu/Central/bjets/2/phi in Skim_TriLep_DYGTo2LG_MLL4to50_PTG100to200.root
2025-11-10 12:30:02,077 - INFO - [2023] MISSING_CENTRAL: SR3Mu/Central/bjets/2/phi in Skim_TriLep_DYGTo2LG_MLL4to50_PTG200toInf.root
2025-11-10 12:30:02,093 - INFO - [2023] MISSING_CENTRAL: SR3Mu/Central/bjets/2/phi in Skim_TriLep_DYGTo2LG_MLL50_PTG200to400.root
2025-11-10 12:30:02,094 - INFO - [2023] MISSING_CENTRAL: SR3Mu/Central/bjets/2/phi in Skim_TriLep_DYGTo2LG_MLL50_PTG400to600.root
2025-11-10 12:30:02,095 - INFO - [2023] MISSING_CENTRAL: SR3Mu/Central/bjets/2/phi in Skim_TriLep_DYGTo2LG_MLL50_PTG600toInf.root
2025-11-10 12:30:02,174 - INFO - [2023] MISSING_CENTRAL: SR3Mu/Central/bjets/2/phi in Skim_TriLep_WWW.root
2025-11-10 12:30:02,225 - INFO - [2023BPix] MISSING_CENTRAL: SR3Mu/Central/bjets/2/phi in Skim_TriLep_Muon0_D_v2.root
2025-11-10 12:30:02,229 - INFO - [2023BPix] MISSING_CENTRAL: SR3Mu/Central/bjets/2/phi in Skim_TriLep_DYJets.root
2025-11-10 12:30:02,230 - INFO - [2023BPix] MISSING_CENTRAL: SR3Mu/Central/bjets/2/phi in Skim_TriLep_DYJets10to50.root
2025-11-10 12:30:02,239 - INFO - [2023BPix] MISSING_CENTRAL: SR3Mu/Central/bjets/2/phi in Skim_TriLep_DYGTo2LG_MLL4to50_PTG100to200.root
2025-11-10 12:30:02,241 - INFO - [2023BPix] MISSING_CENTRAL: SR3Mu/Central/bjets/2/phi in Skim_TriLep_DYGTo2LG_MLL4to50_PTG200toInf.root
2025-11-10 12:30:02,250 - INFO - [2023BPix] MISSING_CENTRAL: SR3Mu/Central/bjets/2/phi in Skim_TriLep_DYGTo2LG_MLL50_PTG100to200.root
2025-11-10 12:30:02,251 - INFO - [2023BPix] MISSING_CENTRAL: SR3Mu/Central/bjets/2/phi in Skim_TriLep_DYGTo2LG_MLL50_PTG200to400.root
2025-11-10 12:30:02,253 - INFO - [2023BPix] MISSING_CENTRAL: SR3Mu/Central/bjets/2/phi in Skim_TriLep_DYGTo2LG_MLL50_PTG400to600.root
2025-11-10 12:30:02,254 - INFO - [2023BPix] MISSING_CENTRAL: SR3Mu/Central/bjets/2/phi in Skim_TriLep_DYGTo2LG_MLL50_PTG600toInf.root
2025-11-10 12:30:02,395 - INFO - [2023BPix] MISSING_CENTRAL: SR3Mu/Central/bjets/2/phi in Skim_TriLep_WWW.root
2025-11-10 12:30:02,469 - INFO - [2023BPix] MISSING_CENTRAL: SR3Mu/Central/bjets/2/phi in Skim_TriLep_ggHToZZTo4L.root
2025-11-13 11:20:20,363 - INFO - [2022] MISSING_CENTRAL: SR3Mu/Central/bjets/2/phi in Skim_TriLep_DoubleMuon_C.root
2025-11-13 11:20:20,451 - INFO - [2023] MISSING_CENTRAL: SR3Mu/Central/bjets/2/phi in Skim_TriLep_Muon0_C_v2.root
2025-11-13 11:20:20,456 - INFO - [2023] MISSING_CENTRAL: SR3Mu/Central/bjets/2/phi in Skim_TriLep_Muon1_C_v3.root
2025-11-13 11:20:20,459 - INFO - [2023BPix] MISSING_CENTRAL: SR3Mu/Central/bjets/2/phi in Skim_TriLep_Muon0_D_v2.root
2025-11-13 11:20:20,467 - INFO - [2022] MISSING_CENTRAL: SR3Mu/Central/bjets/2/phi in Skim_TriLep_DoubleMuon_C.root
2025-11-13 11:20:20,484 - INFO - [2022] MISSING_CENTRAL: SR3Mu/Central/bjets/2/phi in Skim_TriLep_DYJets.root
2025-11-13 11:20:20,485 - INFO - [2022] MISSING_CENTRAL: SR3Mu/Central/bjets/2/phi in Skim_TriLep_DYJets10to50.root
2025-11-13 11:20:20,486 - INFO - [2022] MISSING_CENTRAL: SR3Mu/Central/bjets/2/phi in Skim_TriLep_DYGTo2LG_MLL4to50_PTG10to100.root
2025-11-13 11:20:20,487 - INFO - [2022] MISSING_CENTRAL: SR3Mu/Central/bjets/2/phi in Skim_TriLep_DYGTo2LG_MLL4to50_PTG100to200.root
2025-11-13 11:20:20,488 - INFO - [2022] MISSING_CENTRAL: SR3Mu/Central/bjets/2/phi in Skim_TriLep_DYGTo2LG_MLL4to50_PTG200toInf.root
2025-11-13 11:20:20,504 - INFO - [2022] MISSING_CENTRAL: SR3Mu/Central/bjets/2/phi in Skim_TriLep_DYGTo2LG_MLL50_PTG100to200.root
2025-11-13 11:20:20,505 - INFO - [2022] MISSING_CENTRAL: SR3Mu/Central/bjets/2/phi in Skim_TriLep_DYGTo2LG_MLL50_PTG200toInf.root
2025-11-13 11:20:20,527 - INFO - [2022] MISSING_CENTRAL: SR3Mu/Central/bjets/2/phi in Skim_TriLep_TTG_PTG200toInf.root
2025-11-13 11:20:20,684 - INFO - [2022] MISSING_CENTRAL: SR3Mu/Central/bjets/2/phi in Skim_TriLep_WWW.root
2025-11-13 11:20:20,782 - INFO - [2022] MISSING_CENTRAL: SR3Mu/Central/bjets/2/phi in Skim_TriLep_VBFHToZZTo4L.root
2025-11-13 11:20:20,845 - INFO - [2022EE] MISSING_CENTRAL: SR3Mu/Central/bjets/2/phi in Skim_TriLep_DYJets.root
2025-11-13 11:20:20,857 - INFO - [2022EE] MISSING_CENTRAL: SR3Mu/Central/bjets/2/phi in Skim_TriLep_DYJets10to50.root
2025-11-13 11:20:20,912 - INFO - [2022EE] MISSING_CENTRAL: SR3Mu/Central/bjets/2/phi in Skim_TriLep_DYGTo2LG_MLL4to50_PTG100to200.root
2025-11-13 11:20:20,924 - INFO - [2022EE] MISSING_CENTRAL: SR3Mu/Central/bjets/2/phi in Skim_TriLep_DYGTo2LG_MLL4to50_PTG200toInf.root
2025-11-13 11:20:20,926 - INFO - [2022EE] MISSING_CENTRAL: SR3Mu/Central/bjets/2/phi in Skim_TriLep_DYGTo2LG_MLL50_PTG10to100.root
2025-11-13 11:20:20,927 - INFO - [2022EE] MISSING_CENTRAL: SR3Mu/Central/bjets/2/phi in Skim_TriLep_DYGTo2LG_MLL50_PTG100to200.root
2025-11-13 11:20:20,928 - INFO - [2022EE] MISSING_CENTRAL: SR3Mu/Central/bjets/2/phi in Skim_TriLep_DYGTo2LG_MLL50_PTG200toInf.root
2025-11-13 11:20:21,408 - INFO - [2023] MISSING_CENTRAL: SR3Mu/Central/bjets/2/phi in Skim_TriLep_Muon1_C_v2.root
2025-11-13 11:20:21,414 - INFO - [2023] MISSING_CENTRAL: SR3Mu/Central/bjets/2/phi in Skim_TriLep_DYJets.root
2025-11-13 11:20:21,415 - INFO - [2023] MISSING_CENTRAL: SR3Mu/Central/bjets/2/phi in Skim_TriLep_DYJets10to50.root
2025-11-13 11:20:21,417 - INFO - [2023] MISSING_CENTRAL: SR3Mu/Central/bjets/2/phi in Skim_TriLep_DYGTo2LG_MLL4to50_PTG10to100.root
2025-11-13 11:20:21,419 - INFO - [2023] MISSING_CENTRAL: SR3Mu/Central/bjets/2/phi in Skim_TriLep_DYGTo2LG_MLL4to50_PTG100to200.root
2025-11-13 11:20:21,421 - INFO - [2023] MISSING_CENTRAL: SR3Mu/Central/bjets/2/phi in Skim_TriLep_DYGTo2LG_MLL4to50_PTG200toInf.root
2025-11-13 11:20:21,449 - INFO - [2023] MISSING_CENTRAL: SR3Mu/Central/bjets/2/phi in Skim_TriLep_DYGTo2LG_MLL50_PTG200to400.root
2025-11-13 11:20:21,450 - INFO - [2023] MISSING_CENTRAL: SR3Mu/Central/bjets/2/phi in Skim_TriLep_DYGTo2LG_MLL50_PTG400to600.root
2025-11-13 11:20:21,452 - INFO - [2023] MISSING_CENTRAL: SR3Mu/Central/bjets/2/phi in Skim_TriLep_DYGTo2LG_MLL50_PTG600toInf.root
2025-11-13 11:20:21,629 - INFO - [2023] MISSING_CENTRAL: SR3Mu/Central/bjets/2/phi in Skim_TriLep_WWW.root
2025-11-13 11:20:21,828 - INFO - [2023BPix] MISSING_CENTRAL: SR3Mu/Central/bjets/2/phi in Skim_TriLep_Muon0_D_v2.root
2025-11-13 11:20:21,857 - INFO - [2023BPix] MISSING_CENTRAL: SR3Mu/Central/bjets/2/phi in Skim_TriLep_DYJets.root
2025-11-13 11:20:21,873 - INFO - [2023BPix] MISSING_CENTRAL: SR3Mu/Central/bjets/2/phi in Skim_TriLep_DYJets10to50.root
2025-11-13 11:20:21,908 - INFO - [2023BPix] MISSING_CENTRAL: SR3Mu/Central/bjets/2/phi in Skim_TriLep_DYGTo2LG_MLL4to50_PTG100to200.root
2025-11-13 11:20:21,915 - INFO - [2023BPix] MISSING_CENTRAL: SR3Mu/Central/bjets/2/phi in Skim_TriLep_DYGTo2LG_MLL4to50_PTG200toInf.root
2025-11-13 11:20:21,933 - INFO - [2023BPix] MISSING_CENTRAL: SR3Mu/Central/bjets/2/phi in Skim_TriLep_DYGTo2LG_MLL50_PTG100to200.root
2025-11-13 11:20:21,935 - INFO - [2023BPix] MISSING_CENTRAL: SR3Mu/Central/bjets/2/phi in Skim_TriLep_DYGTo2LG_MLL50_PTG200to400.root
2025-11-13 11:20:21,937 - INFO - [2023BPix] MISSING_CENTRAL: SR3Mu/Central/bjets/2/phi in Skim_TriLep_DYGTo2LG_MLL50_PTG400to600.root
2025-11-13 11:20:21,938 - INFO - [2023BPix] MISSING_CENTRAL: SR3Mu/Central/bjets/2/phi in Skim_TriLep_DYGTo2LG_MLL50_PTG600toInf.root
2025-11-13 11:20:22,076 - INFO - [2023BPix] MISSING_CENTRAL: SR3Mu/Central/bjets/2/phi in Skim_TriLep_WWW.root
2025-11-13 11:20:22,146 - INFO - [2023BPix] MISSING_CENTRAL: SR3Mu/Central/bjets/2/phi in Skim_TriLep_ggHToZZTo4L.root
2025-11-13 19:56:21,640 - INFO - [2022] MISSING_CENTRAL: SR3Mu/Central/bjets/2/phi in Skim_TriLep_DoubleMuon_C.root
2025-11-13 19:56:21,711 - INFO - [2023] MISSING_CENTRAL: SR3Mu/Central/bjets/2/phi in Skim_TriLep_Muon0_C_v2.root
2025-11-13 19:56:21,713 - INFO - [2023] MISSING_CENTRAL: SR3Mu/Central/bjets/2/phi in Skim_TriLep_Muon1_C_v3.root
2025-11-13 19:56:21,715 - INFO - [2023BPix] MISSING_CENTRAL: SR3Mu/Central/bjets/2/phi in Skim_TriLep_Muon0_D_v2.root
2025-11-13 19:56:21,721 - INFO - [2022] MISSING_CENTRAL: SR3Mu/Central/bjets/2/phi in Skim_TriLep_DoubleMuon_C.root
2025-11-13 19:56:21,732 - INFO - [2022] MISSING_CENTRAL: SR3Mu/Central/bjets/2/phi in Skim_TriLep_DYJets.root
2025-11-13 19:56:21,732 - INFO - [2022] MISSING_CENTRAL: SR3Mu/Central/bjets/2/phi in Skim_TriLep_DYJets10to50.root
2025-11-13 19:56:21,733 - INFO - [2022] MISSING_CENTRAL: SR3Mu/Central/bjets/2/phi in Skim_TriLep_DYGTo2LG_MLL4to50_PTG10to100.root
2025-11-13 19:56:21,733 - INFO - [2022] MISSING_CENTRAL: SR3Mu/Central/bjets/2/phi in Skim_TriLep_DYGTo2LG_MLL4to50_PTG100to200.root
2025-11-13 19:56:21,734 - INFO - [2022] MISSING_CENTRAL: SR3Mu/Central/bjets/2/phi in Skim_TriLep_DYGTo2LG_MLL4to50_PTG200toInf.root
2025-11-13 19:56:21,746 - INFO - [2022] MISSING_CENTRAL: SR3Mu/Central/bjets/2/phi in Skim_TriLep_DYGTo2LG_MLL50_PTG100to200.root
2025-11-13 19:56:21,746 - INFO - [2022] MISSING_CENTRAL: SR3Mu/Central/bjets/2/phi in Skim_TriLep_DYGTo2LG_MLL50_PTG200toInf.root
2025-11-13 19:56:21,759 - INFO - [2022] MISSING_CENTRAL: SR3Mu/Central/bjets/2/phi in Skim_TriLep_TTG_PTG200toInf.root
2025-11-13 19:56:21,816 - INFO - [2022] MISSING_CENTRAL: SR3Mu/Central/bjets/2/phi in Skim_TriLep_WWW.root
2025-11-13 19:56:21,843 - INFO - [2022] MISSING_CENTRAL: SR3Mu/Central/bjets/2/phi in Skim_TriLep_VBFHToZZTo4L.root
2025-11-13 19:56:21,852 - INFO - [2022EE] MISSING_CENTRAL: SR3Mu/Central/bjets/2/phi in Skim_TriLep_DYJets.root
2025-11-13 19:56:21,853 - INFO - [2022EE] MISSING_CENTRAL: SR3Mu/Central/bjets/2/phi in Skim_TriLep_DYJets10to50.root
2025-11-13 19:56:21,860 - INFO - [2022EE] MISSING_CENTRAL: SR3Mu/Central/bjets/2/phi in Skim_TriLep_DYGTo2LG_MLL4to50_PTG100to200.root
2025-11-13 19:56:21,861 - INFO - [2022EE] MISSING_CENTRAL: SR3Mu/Central/bjets/2/phi in Skim_TriLep_DYGTo2LG_MLL4to50_PTG200toInf.root
2025-11-13 19:56:21,861 - INFO - [2022EE] MISSING_CENTRAL: SR3Mu/Central/bjets/2/phi in Skim_TriLep_DYGTo2LG_MLL50_PTG10to100.root
2025-11-13 19:56:21,862 - INFO - [2022EE] MISSING_CENTRAL: SR3Mu/Central/bjets/2/phi in Skim_TriLep_DYGTo2LG_MLL50_PTG100to200.root
2025-11-13 19:56:21,862 - INFO - [2022EE] MISSING_CENTRAL: SR3Mu/Central/bjets/2/phi in Skim_TriLep_DYGTo2LG_MLL50_PTG200toInf.root
2025-11-13 19:56:21,992 - INFO - [2023] MISSING_CENTRAL: SR3Mu/Central/bjets/2/phi in Skim_TriLep_Muon1_C_v2.root
2025-11-13 19:56:21,994 - INFO - [2023] MISSING_CENTRAL: SR3Mu/Central/bjets/2/phi in Skim_TriLep_DYJets.root
2025-11-13 19:56:21,994 - INFO - [2023] MISSING_CENTRAL: SR3Mu/Central/bjets/2/phi in Skim_TriLep_DYJets10to50.root
2025-11-13 19:56:21,995 - INFO - [2023] MISSING_CENTRAL: SR3Mu/Central/bjets/2/phi in Skim_TriLep_DYGTo2LG_MLL4to50_PTG10to100.root
2025-11-13 19:56:21,996 - INFO - [2023] MISSING_CENTRAL: SR3Mu/Central/bjets/2/phi in Skim_TriLep_DYGTo2LG_MLL4to50_PTG100to200.root
2025-11-13 19:56:21,996 - INFO - [2023] MISSING_CENTRAL: SR3Mu/Central/bjets/2/phi in Skim_TriLep_DYGTo2LG_MLL4to50_PTG200toInf.root
2025-11-13 19:56:22,012 - INFO - [2023] MISSING_CENTRAL: SR3Mu/Central/bjets/2/phi in Skim_TriLep_DYGTo2LG_MLL50_PTG200to400.root
2025-11-13 19:56:22,013 - INFO - [2023] MISSING_CENTRAL: SR3Mu/Central/bjets/2/phi in Skim_TriLep_DYGTo2LG_MLL50_PTG400to600.root
2025-11-13 19:56:22,014 - INFO - [2023] MISSING_CENTRAL: SR3Mu/Central/bjets/2/phi in Skim_TriLep_DYGTo2LG_MLL50_PTG600toInf.root
2025-11-13 19:56:22,093 - INFO - [2023] MISSING_CENTRAL: SR3Mu/Central/bjets/2/phi in Skim_TriLep_WWW.root
2025-11-13 19:56:22,141 - INFO - [2023BPix] MISSING_CENTRAL: SR3Mu/Central/bjets/2/phi in Skim_TriLep_Muon0_D_v2.root
2025-11-13 19:56:22,143 - INFO - [2023BPix] MISSING_CENTRAL: SR3Mu/Central/bjets/2/phi in Skim_TriLep_DYJets.root
2025-11-13 19:56:22,144 - INFO - [2023BPix] MISSING_CENTRAL: SR3Mu/Central/bjets/2/phi in Skim_TriLep_DYJets10to50.root
2025-11-13 19:56:22,152 - INFO - [2023BPix] MISSING_CENTRAL: SR3Mu/Central/bjets/2/phi in Skim_TriLep_DYGTo2LG_MLL4to50_PTG100to200.root
2025-11-13 19:56:22,153 - INFO - [2023BPix] MISSING_CENTRAL: SR3Mu/Central/bjets/2/phi in Skim_TriLep_DYGTo2LG_MLL4to50_PTG200toInf.root
2025-11-13 19:56:22,162 - INFO - [2023BPix] MISSING_CENTRAL: SR3Mu/Central/bjets/2/phi in Skim_TriLep_DYGTo2LG_MLL50_PTG100to200.root
2025-11-13 19:56:22,163 - INFO - [2023BPix] MISSING_CENTRAL: SR3Mu/Central/bjets/2/phi in Skim_TriLep_DYGTo2LG_MLL50_PTG200to400.root
2025-11-13 19:56:22,163 - INFO - [2023BPix] MISSING_CENTRAL: SR3Mu/Central/bjets/2/phi in Skim_TriLep_DYGTo2LG_MLL50_PTG400to600.root
2025-11-13 19:56:22,164 - INFO - [2023BPix] MISSING_CENTRAL: SR3Mu/Central/bjets/2/phi in Skim_TriLep_DYGTo2LG_MLL50_PTG600toInf.root
2025-11-13 19:56:22,258 - INFO - [2023BPix] MISSING_CENTRAL: SR3Mu/Central/bjets/2/phi in Skim_TriLep_WWW.root
2025-11-13 19:56:22,296 - INFO - [2023BPix] MISSING_CENTRAL: SR3Mu/Central/bjets/2/phi in Skim_TriLep_ggHToZZTo4L.root
2025-11-13 20:03:16,498 - INFO - [2022] MISSING_CENTRAL: SR3Mu/Central/bjets/2/phi in Skim_TriLep_DoubleMuon_C.root
2025-11-13 20:03:16,567 - INFO - [2023] MISSING_CENTRAL: SR3Mu/Central/bjets/2/phi in Skim_TriLep_Muon0_C_v2.root
2025-11-13 20:03:16,570 - INFO - [2023] MISSING_CENTRAL: SR3Mu/Central/bjets/2/phi in Skim_TriLep_Muon1_C_v3.root
2025-11-13 20:03:16,571 - INFO - [2023BPix] MISSING_CENTRAL: SR3Mu/Central/bjets/2/phi in Skim_TriLep_Muon0_D_v2.root
2025-11-13 20:03:16,576 - INFO - [2022] MISSING_CENTRAL: SR3Mu/Central/bjets/2/phi in Skim_TriLep_DoubleMuon_C.root
2025-11-13 20:03:16,586 - INFO - [2022] MISSING_CENTRAL: SR3Mu/Central/bjets/2/phi in Skim_TriLep_DYJets.root
2025-11-13 20:03:16,587 - INFO - [2022] MISSING_CENTRAL: SR3Mu/Central/bjets/2/phi in Skim_TriLep_DYJets10to50.root
2025-11-13 20:03:16,587 - INFO - [2022] MISSING_CENTRAL: SR3Mu/Central/bjets/2/phi in Skim_TriLep_DYGTo2LG_MLL4to50_PTG10to100.root
2025-11-13 20:03:16,588 - INFO - [2022] MISSING_CENTRAL: SR3Mu/Central/bjets/2/phi in Skim_TriLep_DYGTo2LG_MLL4to50_PTG100to200.root
2025-11-13 20:03:16,588 - INFO - [2022] MISSING_CENTRAL: SR3Mu/Central/bjets/2/phi in Skim_TriLep_DYGTo2LG_MLL4to50_PTG200toInf.root
2025-11-13 20:03:16,599 - INFO - [2022] MISSING_CENTRAL: SR3Mu/Central/bjets/2/phi in Skim_TriLep_DYGTo2LG_MLL50_PTG100to200.root
2025-11-13 20:03:16,600 - INFO - [2022] MISSING_CENTRAL: SR3Mu/Central/bjets/2/phi in Skim_TriLep_DYGTo2LG_MLL50_PTG200toInf.root
2025-11-13 20:03:16,612 - INFO - [2022] MISSING_CENTRAL: SR3Mu/Central/bjets/2/phi in Skim_TriLep_TTG_PTG200toInf.root
2025-11-13 20:03:16,683 - INFO - [2022] MISSING_CENTRAL: SR3Mu/Central/bjets/2/phi in Skim_TriLep_WWW.root
2025-11-13 20:03:16,718 - INFO - [2022] MISSING_CENTRAL: SR3Mu/Central/bjets/2/phi in Skim_TriLep_VBFHToZZTo4L.root
2025-11-13 20:03:16,727 - INFO - [2022EE] MISSING_CENTRAL: SR3Mu/Central/bjets/2/phi in Skim_TriLep_DYJets.root
2025-11-13 20:03:16,727 - INFO - [2022EE] MISSING_CENTRAL: SR3Mu/Central/bjets/2/phi in Skim_TriLep_DYJets10to50.root
2025-11-13 20:03:16,735 - INFO - [2022EE] MISSING_CENTRAL: SR3Mu/Central/bjets/2/phi in Skim_TriLep_DYGTo2LG_MLL4to50_PTG100to200.root
2025-11-13 20:03:16,735 - INFO - [2022EE] MISSING_CENTRAL: SR3Mu/Central/bjets/2/phi in Skim_TriLep_DYGTo2LG_MLL4to50_PTG200toInf.root
2025-11-13 20:03:16,736 - INFO - [2022EE] MISSING_CENTRAL: SR3Mu/Central/bjets/2/phi in Skim_TriLep_DYGTo2LG_MLL50_PTG10to100.root
2025-11-13 20:03:16,736 - INFO - [2022EE] MISSING_CENTRAL: SR3Mu/Central/bjets/2/phi in Skim_TriLep_DYGTo2LG_MLL50_PTG100to200.root
2025-11-13 20:03:16,737 - INFO - [2022EE] MISSING_CENTRAL: SR3Mu/Central/bjets/2/phi in Skim_TriLep_DYGTo2LG_MLL50_PTG200toInf.root
2025-11-13 20:03:16,866 - INFO - [2023] MISSING_CENTRAL: SR3Mu/Central/bjets/2/phi in Skim_TriLep_Muon1_C_v2.root
2025-11-13 20:03:16,868 - INFO - [2023] MISSING_CENTRAL: SR3Mu/Central/bjets/2/phi in Skim_TriLep_DYJets.root
2025-11-13 20:03:16,868 - INFO - [2023] MISSING_CENTRAL: SR3Mu/Central/bjets/2/phi in Skim_TriLep_DYJets10to50.root
2025-11-13 20:03:16,869 - INFO - [2023] MISSING_CENTRAL: SR3Mu/Central/bjets/2/phi in Skim_TriLep_DYGTo2LG_MLL4to50_PTG10to100.root
2025-11-13 20:03:16,869 - INFO - [2023] MISSING_CENTRAL: SR3Mu/Central/bjets/2/phi in Skim_TriLep_DYGTo2LG_MLL4to50_PTG100to200.root
2025-11-13 20:03:16,870 - INFO - [2023] MISSING_CENTRAL: SR3Mu/Central/bjets/2/phi in Skim_TriLep_DYGTo2LG_MLL4to50_PTG200toInf.root
2025-11-13 20:03:16,885 - INFO - [2023] MISSING_CENTRAL: SR3Mu/Central/bjets/2/phi in Skim_TriLep_DYGTo2LG_MLL50_PTG200to400.root
2025-11-13 20:03:16,886 - INFO - [2023] MISSING_CENTRAL: SR3Mu/Central/bjets/2/phi in Skim_TriLep_DYGTo2LG_MLL50_PTG400to600.root
2025-11-13 20:03:16,887 - INFO - [2023] MISSING_CENTRAL: SR3Mu/Central/bjets/2/phi in Skim_TriLep_DYGTo2LG_MLL50_PTG600toInf.root
2025-11-13 20:03:16,966 - INFO - [2023] MISSING_CENTRAL: SR3Mu/Central/bjets/2/phi in Skim_TriLep_WWW.root
2025-11-13 20:03:17,013 - INFO - [2023BPix] MISSING_CENTRAL: SR3Mu/Central/bjets/2/phi in Skim_TriLep_Muon0_D_v2.root
2025-11-13 20:03:17,015 - INFO - [2023BPix] MISSING_CENTRAL: SR3Mu/Central/bjets/2/phi in Skim_TriLep_DYJets.root
2025-11-13 20:03:17,016 - INFO - [2023BPix] MISSING_CENTRAL: SR3Mu/Central/bjets/2/phi in Skim_TriLep_DYJets10to50.root
2025-11-13 20:03:17,024 - INFO - [2023BPix] MISSING_CENTRAL: SR3Mu/Central/bjets/2/phi in Skim_TriLep_DYGTo2LG_MLL4to50_PTG100to200.root
2025-11-13 20:03:17,025 - INFO - [2023BPix] MISSING_CENTRAL: SR3Mu/Central/bjets/2/phi in Skim_TriLep_DYGTo2LG_MLL4to50_PTG200toInf.root
2025-11-13 20:03:17,033 - INFO - [2023BPix] MISSING_CENTRAL: SR3Mu/Central/bjets/2/phi in Skim_TriLep_DYGTo2LG_MLL50_PTG100to200.root
2025-11-13 20:03:17,034 - INFO - [2023BPix] MISSING_CENTRAL: SR3Mu/Central/bjets/2/phi in Skim_TriLep_DYGTo2LG_MLL50_PTG200to400.root
2025-11-13 20:03:17,035 - INFO - [2023BPix] MISSING_CENTRAL: SR3Mu/Central/bjets/2/phi in Skim_TriLep_DYGTo2LG_MLL50_PTG400to600.root
2025-11-13 20:03:17,036 - INFO - [2023BPix] MISSING_CENTRAL: SR3Mu/Central/bjets/2/phi in Skim_TriLep_DYGTo2LG_MLL50_PTG600toInf.root
2025-11-13 20:03:17,127 - INFO - [2023BPix] MISSING_CENTRAL: SR3Mu/Central/bjets/2/phi in Skim_TriLep_WWW.root
2025-11-13 20:03:17,171 - INFO - [2023BPix] MISSING_CENTRAL: SR3Mu/Central/bjets/2/phi in Skim_TriLep_ggHToZZTo4L.root
2025-11-19 16:32:28,404 - INFO - [2022] MISSING_CENTRAL: SR3Mu/Central/bjets/2/phi in Skim_TriLep_DoubleMuon_C.root
2025-11-19 16:32:28,472 - INFO - [2023] MISSING_CENTRAL: SR3Mu/Central/bjets/2/phi in Skim_TriLep_Muon0_C_v2.root
2025-11-19 16:32:28,475 - INFO - [2023] MISSING_CENTRAL: SR3Mu/Central/bjets/2/phi in Skim_TriLep_Muon1_C_v3.root
2025-11-19 16:32:28,476 - INFO - [2023BPix] MISSING_CENTRAL: SR3Mu/Central/bjets/2/phi in Skim_TriLep_Muon0_D_v2.root
2025-11-19 16:32:28,481 - INFO - [2022] MISSING_CENTRAL: SR3Mu/Central/bjets/2/phi in Skim_TriLep_DoubleMuon_C.root
2025-11-19 16:32:28,492 - INFO - [2022] MISSING_CENTRAL: SR3Mu/Central/bjets/2/phi in Skim_TriLep_DYJets.root
2025-11-19 16:32:28,493 - INFO - [2022] MISSING_CENTRAL: SR3Mu/Central/bjets/2/phi in Skim_TriLep_DYJets10to50.root
2025-11-19 16:32:28,493 - INFO - [2022] MISSING_CENTRAL: SR3Mu/Central/bjets/2/phi in Skim_TriLep_DYGTo2LG_MLL4to50_PTG10to100.root
2025-11-19 16:32:28,494 - INFO - [2022] MISSING_CENTRAL: SR3Mu/Central/bjets/2/phi in Skim_TriLep_DYGTo2LG_MLL4to50_PTG100to200.root
2025-11-19 16:32:28,494 - INFO - [2022] MISSING_CENTRAL: SR3Mu/Central/bjets/2/phi in Skim_TriLep_DYGTo2LG_MLL4to50_PTG200toInf.root
2025-11-19 16:32:28,505 - INFO - [2022] MISSING_CENTRAL: SR3Mu/Central/bjets/2/phi in Skim_TriLep_DYGTo2LG_MLL50_PTG100to200.root
2025-11-19 16:32:28,505 - INFO - [2022] MISSING_CENTRAL: SR3Mu/Central/bjets/2/phi in Skim_TriLep_DYGTo2LG_MLL50_PTG200toInf.root
2025-11-19 16:32:28,518 - INFO - [2022] MISSING_CENTRAL: SR3Mu/Central/bjets/2/phi in Skim_TriLep_TTG_PTG200toInf.root
2025-11-19 16:32:28,572 - INFO - [2022] MISSING_CENTRAL: SR3Mu/Central/bjets/2/phi in Skim_TriLep_WWW.root
2025-11-19 16:32:28,599 - INFO - [2022] MISSING_CENTRAL: SR3Mu/Central/bjets/2/phi in Skim_TriLep_VBFHToZZTo4L.root
2025-11-19 16:32:28,607 - INFO - [2022EE] MISSING_CENTRAL: SR3Mu/Central/bjets/2/phi in Skim_TriLep_DYJets.root
2025-11-19 16:32:28,608 - INFO - [2022EE] MISSING_CENTRAL: SR3Mu/Central/bjets/2/phi in Skim_TriLep_DYJets10to50.root
2025-11-19 16:32:28,615 - INFO - [2022EE] MISSING_CENTRAL: SR3Mu/Central/bjets/2/phi in Skim_TriLep_DYGTo2LG_MLL4to50_PTG100to200.root
2025-11-19 16:32:28,615 - INFO - [2022EE] MISSING_CENTRAL: SR3Mu/Central/bjets/2/phi in Skim_TriLep_DYGTo2LG_MLL4to50_PTG200toInf.root
2025-11-19 16:32:28,616 - INFO - [2022EE] MISSING_CENTRAL: SR3Mu/Central/bjets/2/phi in Skim_TriLep_DYGTo2LG_MLL50_PTG10to100.root
2025-11-19 16:32:28,616 - INFO - [2022EE] MISSING_CENTRAL: SR3Mu/Central/bjets/2/phi in Skim_TriLep_DYGTo2LG_MLL50_PTG100to200.root
2025-11-19 16:32:28,617 - INFO - [2022EE] MISSING_CENTRAL: SR3Mu/Central/bjets/2/phi in Skim_TriLep_DYGTo2LG_MLL50_PTG200toInf.root
2025-11-19 16:32:28,738 - INFO - [2023] MISSING_CENTRAL: SR3Mu/Central/bjets/2/phi in Skim_TriLep_DYJets.root
2025-11-19 16:32:28,739 - INFO - [2023] MISSING_CENTRAL: SR3Mu/Central/bjets/2/phi in Skim_TriLep_DYJets10to50.root
2025-11-19 16:32:28,739 - INFO - [2023] MISSING_CENTRAL: SR3Mu/Central/bjets/2/phi in Skim_TriLep_DYGTo2LG_MLL4to50_PTG10to100.root
2025-11-19 16:32:28,740 - INFO - [2023] MISSING_CENTRAL: SR3Mu/Central/bjets/2/phi in Skim_TriLep_DYGTo2LG_MLL4to50_PTG100to200.root
2025-11-19 16:32:28,740 - INFO - [2023] MISSING_CENTRAL: SR3Mu/Central/bjets/2/phi in Skim_TriLep_DYGTo2LG_MLL4to50_PTG200toInf.root
2025-11-19 16:32:28,753 - INFO - [2023] MISSING_CENTRAL: SR3Mu/Central/bjets/2/phi in Skim_TriLep_DYGTo2LG_MLL50_PTG200to400.root
2025-11-19 16:32:28,753 - INFO - [2023] MISSING_CENTRAL: SR3Mu/Central/bjets/2/phi in Skim_TriLep_DYGTo2LG_MLL50_PTG400to600.root
2025-11-19 16:32:28,754 - INFO - [2023] MISSING_CENTRAL: SR3Mu/Central/bjets/2/phi in Skim_TriLep_DYGTo2LG_MLL50_PTG600toInf.root
2025-11-19 16:32:28,826 - INFO - [2023] MISSING_CENTRAL: SR3Mu/Central/bjets/2/phi in Skim_TriLep_WWW.root
2025-11-19 16:32:28,870 - INFO - [2023BPix] MISSING_CENTRAL: SR3Mu/Central/bjets/2/phi in Skim_TriLep_Muon0_D_v2.root
2025-11-19 16:32:28,872 - INFO - [2023BPix] MISSING_CENTRAL: SR3Mu/Central/bjets/2/phi in Skim_TriLep_DYJets.root
2025-11-19 16:32:28,873 - INFO - [2023BPix] MISSING_CENTRAL: SR3Mu/Central/bjets/2/phi in Skim_TriLep_DYJets10to50.root
2025-11-19 16:32:28,880 - INFO - [2023BPix] MISSING_CENTRAL: SR3Mu/Central/bjets/2/phi in Skim_TriLep_DYGTo2LG_MLL4to50_PTG100to200.root
2025-11-19 16:32:28,881 - INFO - [2023BPix] MISSING_CENTRAL: SR3Mu/Central/bjets/2/phi in Skim_TriLep_DYGTo2LG_MLL4to50_PTG200toInf.root
2025-11-19 16:32:28,888 - INFO - [2023BPix] MISSING_CENTRAL: SR3Mu/Central/bjets/2/phi in Skim_TriLep_DYGTo2LG_MLL50_PTG100to200.root
2025-11-19 16:32:28,889 - INFO - [2023BPix] MISSING_CENTRAL: SR3Mu/Central/bjets/2/phi in Skim_TriLep_DYGTo2LG_MLL50_PTG200to400.root
2025-11-19 16:32:28,890 - INFO - [2023BPix] MISSING_CENTRAL: SR3Mu/Central/bjets/2/phi in Skim_TriLep_DYGTo2LG_MLL50_PTG400to600.root
2025-11-19 16:32:28,890 - INFO - [2023BPix] MISSING_CENTRAL: SR3Mu/Central/bjets/2/phi in Skim_TriLep_DYGTo2LG_MLL50_PTG600toInf.root
2025-11-19 16:32:28,971 - INFO - [2023BPix] MISSING_CENTRAL: SR3Mu/Central/bjets/2/phi in Skim_TriLep_WWW.root
2025-11-19 16:32:29,009 - INFO - [2023BPix] MISSING_CENTRAL: SR3Mu/Central/bjets/2/phi in Skim_TriLep_ggHToZZTo4L.root
2025-12-17 22:47:20,800 - INFO - [2022] MISSING_CENTRAL: SR3Mu/Central/bjets/2/phi in Skim_TriLep_DoubleMuon_C.root
2025-12-17 22:47:21,007 - INFO - [2023] MISSING_CENTRAL: SR3Mu/Central/bjets/2/phi in Skim_TriLep_Muon0_C_v2.root
2025-12-17 22:47:21,021 - INFO - [2023] MISSING_CENTRAL: SR3Mu/Central/bjets/2/phi in Skim_TriLep_Muon1_C_v3.root
2025-12-17 22:47:21,029 - INFO - [2023BPix] MISSING_CENTRAL: SR3Mu/Central/bjets/2/phi in Skim_TriLep_Muon0_D_v2.root
2025-12-17 22:47:21,047 - INFO - [2022] MISSING_CENTRAL: SR3Mu/Central/bjets/2/phi in Skim_TriLep_DoubleMuon_C.root
2025-12-17 22:47:21,093 - INFO - [2022] MISSING_CENTRAL: SR3Mu/Central/bjets/2/phi in Skim_TriLep_DYJets.root
2025-12-17 22:47:21,095 - INFO - [2022] MISSING_CENTRAL: SR3Mu/Central/bjets/2/phi in Skim_TriLep_DYJets10to50.root
2025-12-17 22:47:21,164 - INFO - [2022] MISSING_CENTRAL: SR3Mu/Central/bjets/2/phi in Skim_TriLep_TTG_PTG200toInf.root
2025-12-17 22:47:21,437 - INFO - [2022] MISSING_CENTRAL: SR3Mu/Central/bjets/2/phi in Skim_TriLep_WWW.root
2025-12-17 22:47:21,481 - INFO - [2022] MISSING_CENTRAL: SR3Mu/Central/bjets/2/phi in Skim_TriLep_VBFHToZZTo4L.root
2025-12-17 22:47:21,501 - INFO - [2022EE] MISSING_CENTRAL: SR3Mu/Central/bjets/2/phi in Skim_TriLep_DYJets.root
2025-12-17 22:47:21,505 - INFO - [2022EE] MISSING_CENTRAL: SR3Mu/Central/bjets/2/phi in Skim_TriLep_DYJets10to50.root
2025-12-17 22:47:21,773 - INFO - [2023] MISSING_CENTRAL: SR3Mu/Central/bjets/2/phi in Skim_TriLep_DYJets10to50.root
2025-12-17 22:47:21,976 - INFO - [2023] MISSING_CENTRAL: SR3Mu/Central/bjets/2/phi in Skim_TriLep_WWW.root
2025-12-17 22:47:22,055 - INFO - [2023BPix] MISSING_CENTRAL: SR3Mu/Central/bjets/2/phi in Skim_TriLep_Muon0_D_v2.root
2025-12-17 22:47:22,060 - INFO - [2023BPix] MISSING_CENTRAL: SR3Mu/Central/bjets/2/phi in Skim_TriLep_DYJets.root
2025-12-17 22:47:22,062 - INFO - [2023BPix] MISSING_CENTRAL: SR3Mu/Central/bjets/2/phi in Skim_TriLep_DYJets10to50.root
2025-12-17 22:47:22,198 - INFO - [2023BPix] MISSING_CENTRAL: SR3Mu/Central/bjets/2/phi in Skim_TriLep_WWW.root
2025-12-17 22:47:22,259 - INFO - [2023BPix] MISSING_CENTRAL: SR3Mu/Central/bjets/2/phi in Skim_TriLep_ggHToZZTo4L.root
2025-12-18 14:49:19,820 - INFO - [2022] MISSING_CENTRAL: SR3Mu/Central/bjets/2/phi in Skim_TriLep_DoubleMuon_C.root
2025-12-18 14:49:20,009 - INFO - [2023] MISSING_CENTRAL: SR3Mu/Central/bjets/2/phi in Skim_TriLep_Muon0_C_v2.root
2025-12-18 14:49:20,025 - INFO - [2023] MISSING_CENTRAL: SR3Mu/Central/bjets/2/phi in Skim_TriLep_Muon1_C_v3.root
2025-12-18 14:49:20,029 - INFO - [2023BPix] MISSING_CENTRAL: SR3Mu/Central/bjets/2/phi in Skim_TriLep_Muon0_D_v2.root
2025-12-18 14:49:20,045 - INFO - [2022] MISSING_CENTRAL: SR3Mu/Central/bjets/2/phi in Skim_TriLep_DoubleMuon_C.root
2025-12-18 14:49:20,075 - INFO - [2022] MISSING_CENTRAL: SR3Mu/Central/bjets/2/phi in Skim_TriLep_DYJets.root
2025-12-18 14:49:20,077 - INFO - [2022] MISSING_CENTRAL: SR3Mu/Central/bjets/2/phi in Skim_TriLep_DYJets10to50.root
2025-12-18 14:49:20,139 - INFO - [2022] MISSING_CENTRAL: SR3Mu/Central/bjets/2/phi in Skim_TriLep_TTG_PTG200toInf.root
2025-12-18 14:49:20,321 - INFO - [2022] MISSING_CENTRAL: SR3Mu/Central/bjets/2/phi in Skim_TriLep_WWW.root
2025-12-18 14:49:20,365 - INFO - [2022] MISSING_CENTRAL: SR3Mu/Central/bjets/2/phi in Skim_TriLep_VBFHToZZTo4L.root
2025-12-18 14:49:20,387 - INFO - [2022EE] MISSING_CENTRAL: SR3Mu/Central/bjets/2/phi in Skim_TriLep_DYJets.root
2025-12-18 14:49:20,389 - INFO - [2022EE] MISSING_CENTRAL: SR3Mu/Central/bjets/2/phi in Skim_TriLep_DYJets10to50.root
2025-12-18 14:49:20,772 - INFO - [2023] MISSING_CENTRAL: SR3Mu/Central/bjets/2/phi in Skim_TriLep_DYJets10to50.root
2025-12-18 14:49:20,899 - INFO - [2023] MISSING_CENTRAL: SR3Mu/Central/bjets/2/phi in Skim_TriLep_WWW.root
2025-12-18 14:49:21,044 - INFO - [2023BPix] MISSING_CENTRAL: SR3Mu/Central/bjets/2/phi in Skim_TriLep_Muon0_D_v2.root
2025-12-18 14:49:21,048 - INFO - [2023BPix] MISSING_CENTRAL: SR3Mu/Central/bjets/2/phi in Skim_TriLep_DYJets.root
2025-12-18 14:49:21,049 - INFO - [2023BPix] MISSING_CENTRAL: SR3Mu/Central/bjets/2/phi in Skim_TriLep_DYJets10to50.root
2025-12-18 14:49:21,219 - INFO - [2023BPix] MISSING_CENTRAL: SR3Mu/Central/bjets/2/phi in Skim_TriLep_WWW.root
2025-12-18 14:49:21,343 - INFO - [2023BPix] MISSING_CENTRAL: SR3Mu/Central/bjets/2/phi in Skim_TriLep_ggHToZZTo4L.root
2026-01-07 11:57:33,929 - INFO - [2022] MISSING_CENTRAL: SR3Mu/Central/bjets/2/phi in Skim_TriLep_DoubleMuon_C.root
2026-01-07 11:57:34,015 - INFO - [2023] MISSING_CENTRAL: SR3Mu/Central/bjets/2/phi in Skim_TriLep_Muon0_C_v2.root
2026-01-07 11:57:34,026 - INFO - [2023] MISSING_CENTRAL: SR3Mu/Central/bjets/2/phi in Skim_TriLep_Muon1_C_v3.root
2026-01-07 11:57:34,031 - INFO - [2023BPix] MISSING_CENTRAL: SR3Mu/Central/bjets/2/phi in Skim_TriLep_Muon0_D_v2.root
2026-01-07 11:57:34,042 - INFO - [2022] MISSING_CENTRAL: SR3Mu/Central/bjets/2/phi in Skim_TriLep_DoubleMuon_C.root
2026-01-07 11:57:34,060 - INFO - [2022] MISSING_CENTRAL: SR3Mu/Central/bjets/2/phi in Skim_TriLep_DYJets.root
2026-01-07 11:57:34,061 - INFO - [2022] MISSING_CENTRAL: SR3Mu/Central/bjets/2/phi in Skim_TriLep_DYJets10to50.root
2026-01-07 11:57:34,097 - INFO - [2022] MISSING_CENTRAL: SR3Mu/Central/bjets/2/phi in Skim_TriLep_TTG_PTG200toInf.root
2026-01-07 11:57:34,204 - INFO - [2022] MISSING_CENTRAL: SR3Mu/Central/bjets/2/phi in Skim_TriLep_WWW.root
2026-01-07 11:57:34,254 - INFO - [2022] MISSING_CENTRAL: SR3Mu/Central/bjets/2/phi in Skim_TriLep_VBFHToZZTo4L.root
2026-01-07 11:57:34,276 - INFO - [2022EE] MISSING_CENTRAL: SR3Mu/Central/bjets/2/phi in Skim_TriLep_DYJets.root
2026-01-07 11:57:34,277 - INFO - [2022EE] MISSING_CENTRAL: SR3Mu/Central/bjets/2/phi in Skim_TriLep_DYJets10to50.root
2026-01-07 11:57:34,480 - INFO - [2023] MISSING_CENTRAL: SR3Mu/Central/bjets/2/phi in Skim_TriLep_DYJets10to50.root
2026-01-07 11:57:34,697 - INFO - [2023] MISSING_CENTRAL: SR3Mu/Central/bjets/2/phi in Skim_TriLep_WWW.root
2026-01-07 11:57:34,822 - INFO - [2023BPix] MISSING_CENTRAL: SR3Mu/Central/bjets/2/phi in Skim_TriLep_Muon0_D_v2.root
2026-01-07 11:57:34,831 - INFO - [2023BPix] MISSING_CENTRAL: SR3Mu/Central/bjets/2/phi in Skim_TriLep_DYJets.root
2026-01-07 11:57:34,839 - INFO - [2023BPix] MISSING_CENTRAL: SR3Mu/Central/bjets/2/phi in Skim_TriLep_DYJets10to50.root
2026-01-07 11:57:35,075 - INFO - [2023BPix] MISSING_CENTRAL: SR3Mu/Central/bjets/2/phi in Skim_TriLep_WWW.root
2026-01-07 11:57:35,148 - INFO - [2023BPix] MISSING_CENTRAL: SR3Mu/Central/bjets/2/phi in Skim_TriLep_ggHToZZTo4L.root
2026-01-07 18:54:12,415 - INFO - [2022] MISSING_CENTRAL: SR3Mu/Central/bjets/2/phi in Skim_TriLep_DoubleMuon_C.root
2026-01-07 18:54:12,580 - INFO - [2023] MISSING_CENTRAL: SR3Mu/Central/bjets/2/phi in Skim_TriLep_Muon0_C_v2.root
2026-01-07 18:54:12,609 - INFO - [2023] MISSING_CENTRAL: SR3Mu/Central/bjets/2/phi in Skim_TriLep_Muon1_C_v3.root
2026-01-07 18:54:12,611 - INFO - [2023BPix] MISSING_CENTRAL: SR3Mu/Central/bjets/2/phi in Skim_TriLep_Muon0_D_v2.root
2026-01-07 18:54:12,621 - INFO - [2022] MISSING_CENTRAL: SR3Mu/Central/bjets/2/phi in Skim_TriLep_DoubleMuon_C.root
2026-01-07 18:54:12,658 - INFO - [2022] MISSING_CENTRAL: SR3Mu/Central/bjets/2/phi in Skim_TriLep_DYJets.root
2026-01-07 18:54:12,663 - INFO - [2022] MISSING_CENTRAL: SR3Mu/Central/bjets/2/phi in Skim_TriLep_DYJets10to50.root
2026-01-07 18:54:12,765 - INFO - [2022] MISSING_CENTRAL: SR3Mu/Central/bjets/2/phi in Skim_TriLep_TTG_PTG200toInf.root
2026-01-07 18:54:12,919 - INFO - [2022] MISSING_CENTRAL: SR3Mu/Central/bjets/2/phi in Skim_TriLep_WWW.root
2026-01-07 18:54:13,027 - INFO - [2022] MISSING_CENTRAL: SR3Mu/Central/bjets/2/phi in Skim_TriLep_VBFHToZZTo4L.root
2026-01-07 18:54:13,091 - INFO - [2022EE] MISSING_CENTRAL: SR3Mu/Central/bjets/2/phi in Skim_TriLep_DYJets.root
2026-01-07 18:54:13,098 - INFO - [2022EE] MISSING_CENTRAL: SR3Mu/Central/bjets/2/phi in Skim_TriLep_DYJets10to50.root
2026-01-07 18:54:13,533 - INFO - [2023] MISSING_CENTRAL: SR3Mu/Central/bjets/2/phi in Skim_TriLep_DYJets10to50.root
2026-01-07 18:54:13,677 - INFO - [2023] MISSING_CENTRAL: SR3Mu/Central/bjets/2/phi in Skim_TriLep_WWW.root
2026-01-07 18:54:13,751 - INFO - [2023BPix] MISSING_CENTRAL: SR3Mu/Central/bjets/2/phi in Skim_TriLep_Muon0_D_v2.root
2026-01-07 18:54:13,755 - INFO - [2023BPix] MISSING_CENTRAL: SR3Mu/Central/bjets/2/phi in Skim_TriLep_DYJets.root
2026-01-07 18:54:13,757 - INFO - [2023BPix] MISSING_CENTRAL: SR3Mu/Central/bjets/2/phi in Skim_TriLep_DYJets10to50.root
2026-01-07 18:54:13,896 - INFO - [2023BPix] MISSING_CENTRAL: SR3Mu/Central/bjets/2/phi in Skim_TriLep_WWW.root
2026-01-07 18:54:14,037 - INFO - [2023BPix] MISSING_CENTRAL: SR3Mu/Central/bjets/2/phi in Skim_TriLep_ggHToZZTo4L.root
2026-01-07 19:32:04,151 - INFO - [2022] MISSING_CENTRAL: SR3Mu/Central/bjets/2/phi in Skim_TriLep_DoubleMuon_C.root
2026-01-07 19:32:04,250 - INFO - [2023] MISSING_CENTRAL: SR3Mu/Central/bjets/2/phi in Skim_TriLep_Muon0_C_v2.root
2026-01-07 19:32:04,268 - INFO - [2023] MISSING_CENTRAL: SR3Mu/Central/bjets/2/phi in Skim_TriLep_Muon1_C_v3.root
2026-01-07 19:32:04,271 - INFO - [2023BPix] MISSING_CENTRAL: SR3Mu/Central/bjets/2/phi in Skim_TriLep_Muon0_D_v2.root
2026-01-07 19:32:04,279 - INFO - [2022] MISSING_CENTRAL: SR3Mu/Central/bjets/2/phi in Skim_TriLep_DoubleMuon_C.root
2026-01-07 19:32:04,324 - INFO - [2022] MISSING_CENTRAL: SR3Mu/Central/bjets/2/phi in Skim_TriLep_DYJets.root
2026-01-07 19:32:04,328 - INFO - [2022] MISSING_CENTRAL: SR3Mu/Central/bjets/2/phi in Skim_TriLep_DYJets10to50.root
2026-01-07 19:32:04,410 - INFO - [2022] MISSING_CENTRAL: SR3Mu/Central/bjets/2/phi in Skim_TriLep_TTG_PTG200toInf.root
2026-01-07 19:32:04,704 - INFO - [2022] MISSING_CENTRAL: SR3Mu/Central/bjets/2/phi in Skim_TriLep_WWW.root
2026-01-07 19:32:04,869 - INFO - [2022] MISSING_CENTRAL: SR3Mu/Central/bjets/2/phi in Skim_TriLep_VBFHToZZTo4L.root
2026-01-07 19:32:04,888 - INFO - [2022EE] MISSING_CENTRAL: SR3Mu/Central/bjets/2/phi in Skim_TriLep_DYJets.root
2026-01-07 19:32:04,893 - INFO - [2022EE] MISSING_CENTRAL: SR3Mu/Central/bjets/2/phi in Skim_TriLep_DYJets10to50.root
2026-01-07 19:32:05,243 - INFO - [2023] MISSING_CENTRAL: SR3Mu/Central/bjets/2/phi in Skim_TriLep_DYJets10to50.root
2026-01-07 19:32:05,378 - INFO - [2023] MISSING_CENTRAL: SR3Mu/Central/bjets/2/phi in Skim_TriLep_WWW.root
2026-01-07 19:32:05,453 - INFO - [2023BPix] MISSING_CENTRAL: SR3Mu/Central/bjets/2/phi in Skim_TriLep_Muon0_D_v2.root
2026-01-07 19:32:05,458 - INFO - [2023BPix] MISSING_CENTRAL: SR3Mu/Central/bjets/2/phi in Skim_TriLep_DYJets.root
2026-01-07 19:32:05,459 - INFO - [2023BPix] MISSING_CENTRAL: SR3Mu/Central/bjets/2/phi in Skim_TriLep_DYJets10to50.root
2026-01-07 19:32:05,596 - INFO - [2023BPix] MISSING_CENTRAL: SR3Mu/Central/bjets/2/phi in Skim_TriLep_WWW.root
2026-01-07 19:32:05,660 - INFO - [2023BPix] MISSING_CENTRAL: SR3Mu/Central/bjets/2/phi in Skim_TriLep_ggHToZZTo4L.root
2026-01-09 12:29:34,637 - INFO - [2022] MISSING_CENTRAL: SR3Mu/Central/bjets/2/phi in Skim_TriLep_DoubleMuon_C.root
2026-01-09 12:29:34,708 - INFO - [2023] MISSING_CENTRAL: SR3Mu/Central/bjets/2/phi in Skim_TriLep_Muon0_C_v2.root
2026-01-09 12:29:34,710 - INFO - [2023] MISSING_CENTRAL: SR3Mu/Central/bjets/2/phi in Skim_TriLep_Muon1_C_v3.root
2026-01-09 12:29:34,712 - INFO - [2023BPix] MISSING_CENTRAL: SR3Mu/Central/bjets/2/phi in Skim_TriLep_Muon0_D_v2.root
2026-01-09 12:29:34,716 - INFO - [2022] MISSING_CENTRAL: SR3Mu/Central/bjets/2/phi in Skim_TriLep_DoubleMuon_C.root
2026-01-09 12:29:34,728 - INFO - [2022] MISSING_CENTRAL: SR3Mu/Central/bjets/2/phi in Skim_TriLep_DYJets.root
2026-01-09 12:29:34,729 - INFO - [2022] MISSING_CENTRAL: SR3Mu/Central/bjets/2/phi in Skim_TriLep_DYJets10to50.root
2026-01-09 12:29:34,762 - INFO - [2022] MISSING_CENTRAL: SR3Mu/Central/bjets/2/phi in Skim_TriLep_TTG_PTG200toInf.root
2026-01-09 12:29:34,835 - INFO - [2022] MISSING_CENTRAL: SR3Mu/Central/bjets/2/phi in Skim_TriLep_WWW.root
2026-01-09 12:29:34,862 - INFO - [2022] MISSING_CENTRAL: SR3Mu/Central/bjets/2/phi in Skim_TriLep_VBFHToZZTo4L.root
2026-01-09 12:29:34,870 - INFO - [2022EE] MISSING_CENTRAL: SR3Mu/Central/bjets/2/phi in Skim_TriLep_DYJets.root
2026-01-09 12:29:34,871 - INFO - [2022EE] MISSING_CENTRAL: SR3Mu/Central/bjets/2/phi in Skim_TriLep_DYJets10to50.root
2026-01-09 12:29:35,002 - INFO - [2023] MISSING_CENTRAL: SR3Mu/Central/bjets/2/phi in Skim_TriLep_DYJets10to50.root
2026-01-09 12:29:35,081 - INFO - [2023] MISSING_CENTRAL: SR3Mu/Central/bjets/2/phi in Skim_TriLep_WWW.root
2026-01-09 12:29:35,127 - INFO - [2023BPix] MISSING_CENTRAL: SR3Mu/Central/bjets/2/phi in Skim_TriLep_Muon0_D_v2.root
2026-01-09 12:29:35,129 - INFO - [2023BPix] MISSING_CENTRAL: SR3Mu/Central/bjets/2/phi in Skim_TriLep_DYJets.root
2026-01-09 12:29:35,129 - INFO - [2023BPix] MISSING_CENTRAL: SR3Mu/Central/bjets/2/phi in Skim_TriLep_DYJets10to50.root
2026-01-09 12:29:35,217 - INFO - [2023BPix] MISSING_CENTRAL: SR3Mu/Central/bjets/2/phi in Skim_TriLep_WWW.root
2026-01-09 12:29:35,259 - INFO - [2023BPix] MISSING_CENTRAL: SR3Mu/Central/bjets/2/phi in Skim_TriLep_ggHToZZTo4L.root
2026-01-11 09:49:34,409 - INFO - [2022] MISSING_CENTRAL: SR3Mu/Central/bjets/2/phi in Skim_TriLep_DoubleMuon_C.root
2026-01-11 09:49:34,476 - INFO - [2023] MISSING_CENTRAL: SR3Mu/Central/bjets/2/phi in Skim_TriLep_Muon0_C_v2.root
2026-01-11 09:49:34,478 - INFO - [2023] MISSING_CENTRAL: SR3Mu/Central/bjets/2/phi in Skim_TriLep_Muon1_C_v3.root
2026-01-11 09:49:34,479 - INFO - [2023BPix] MISSING_CENTRAL: SR3Mu/Central/bjets/2/phi in Skim_TriLep_Muon0_D_v2.root
2026-01-11 09:49:34,483 - INFO - [2022] MISSING_CENTRAL: SR3Mu/Central/bjets/2/phi in Skim_TriLep_DoubleMuon_C.root
2026-01-11 09:49:34,495 - INFO - [2022] MISSING_CENTRAL: SR3Mu/Central/bjets/2/phi in Skim_TriLep_DYJets.root
2026-01-11 09:49:34,495 - INFO - [2022] MISSING_CENTRAL: SR3Mu/Central/bjets/2/phi in Skim_TriLep_DYJets10to50.root
2026-01-11 09:49:34,515 - INFO - [2022] MISSING_CENTRAL: SR3Mu/Central/bjets/2/phi in Skim_TriLep_TTG_PTG200toInf.root
2026-01-11 09:49:34,565 - INFO - [2022] MISSING_CENTRAL: SR3Mu/Central/bjets/2/phi in Skim_TriLep_WWW.root
2026-01-11 09:49:34,591 - INFO - [2022] MISSING_CENTRAL: SR3Mu/Central/bjets/2/phi in Skim_TriLep_VBFHToZZTo4L.root
2026-01-11 09:49:34,600 - INFO - [2022EE] MISSING_CENTRAL: SR3Mu/Central/bjets/2/phi in Skim_TriLep_DYJets.root
2026-01-11 09:49:34,601 - INFO - [2022EE] MISSING_CENTRAL: SR3Mu/Central/bjets/2/phi in Skim_TriLep_DYJets10to50.root
2026-01-11 09:49:34,765 - INFO - [2023] MISSING_CENTRAL: SR3Mu/Central/bjets/2/phi in Skim_TriLep_DYJets10to50.root
2026-01-11 09:49:34,873 - INFO - [2023] MISSING_CENTRAL: SR3Mu/Central/bjets/2/phi in Skim_TriLep_WWW.root
2026-01-11 09:49:34,913 - INFO - [2023BPix] MISSING_CENTRAL: SR3Mu/Central/bjets/2/phi in Skim_TriLep_Muon0_D_v2.root
2026-01-11 09:49:34,915 - INFO - [2023BPix] MISSING_CENTRAL: SR3Mu/Central/bjets/2/phi in Skim_TriLep_DYJets.root
2026-01-11 09:49:34,915 - INFO - [2023BPix] MISSING_CENTRAL: SR3Mu/Central/bjets/2/phi in Skim_TriLep_DYJets10to50.root
2026-01-11 09:49:34,999 - INFO - [2023BPix] MISSING_CENTRAL: SR3Mu/Central/bjets/2/phi in Skim_TriLep_WWW.root
2026-01-11 09:49:35,041 - INFO - [2023BPix] MISSING_CENTRAL: SR3Mu/Central/bjets/2/phi in Skim_TriLep_ggHToZZTo4L.root
2026-01-12 13:58:31,924 - INFO - [2022] MISSING_CENTRAL: SR3Mu/Central/bjets/2/phi in Skim_TriLep_DoubleMuon_C.root
2026-01-12 13:58:31,994 - INFO - [2023] MISSING_CENTRAL: SR3Mu/Central/bjets/2/phi in Skim_TriLep_Muon0_C_v2.root
2026-01-12 13:58:31,997 - INFO - [2023] MISSING_CENTRAL: SR3Mu/Central/bjets/2/phi in Skim_TriLep_Muon1_C_v3.root
2026-01-12 13:58:31,998 - INFO - [2023BPix] MISSING_CENTRAL: SR3Mu/Central/bjets/2/phi in Skim_TriLep_Muon0_D_v2.root
2026-01-12 13:58:32,002 - INFO - [2022] MISSING_FILE: /home/choij/Sync/workspace/ChargedHiggsAnalysisV3/SKNanoOutput/MatrixSelector/Run3Mu/2022/Skim_TriLep_DoubleMuon_C.root
2026-01-12 13:58:32,003 - INFO - [2022] MISSING_FILE: /home/choij/Sync/workspace/ChargedHiggsAnalysisV3/SKNanoOutput/MatrixSelector/Run3Mu/2022/Skim_TriLep_Muon_C.root
2026-01-12 13:58:32,003 - INFO - [2022] MISSING_FILE: /home/choij/Sync/workspace/ChargedHiggsAnalysisV3/SKNanoOutput/MatrixSelector/Run3Mu/2022/Skim_TriLep_Muon_D.root
2026-01-12 13:58:32,004 - INFO - [2022] MISSING_CENTRAL: SR3Mu/Central/bjets/2/phi in Skim_TriLep_DYJets.root
2026-01-12 13:58:32,004 - INFO - [2022] MISSING_CENTRAL: SR3Mu/Central/bjets/2/phi in Skim_TriLep_DYJets10to50.root
2026-01-12 13:58:32,033 - INFO - [2022] MISSING_CENTRAL: SR3Mu/Central/bjets/2/phi in Skim_TriLep_TTG_PTG200toInf.root
2026-01-12 13:58:32,084 - INFO - [2022] MISSING_CENTRAL: SR3Mu/Central/bjets/2/phi in Skim_TriLep_WWW.root
2026-01-12 13:58:32,109 - INFO - [2022] MISSING_CENTRAL: SR3Mu/Central/bjets/2/phi in Skim_TriLep_VBFHToZZTo4L.root
2026-01-12 13:58:32,115 - INFO - [2022EE] MISSING_FILE: /home/choij/Sync/workspace/ChargedHiggsAnalysisV3/SKNanoOutput/MatrixSelector/Run3Mu/2022EE/Skim_TriLep_Muon_E.root
2026-01-12 13:58:32,116 - INFO - [2022EE] MISSING_FILE: /home/choij/Sync/workspace/ChargedHiggsAnalysisV3/SKNanoOutput/MatrixSelector/Run3Mu/2022EE/Skim_TriLep_Muon_F.root
2026-01-12 13:58:32,116 - INFO - [2022EE] MISSING_FILE: /home/choij/Sync/workspace/ChargedHiggsAnalysisV3/SKNanoOutput/MatrixSelector/Run3Mu/2022EE/Skim_TriLep_Muon_G.root
2026-01-12 13:58:32,116 - INFO - [2022EE] MISSING_CENTRAL: SR3Mu/Central/bjets/2/phi in Skim_TriLep_DYJets.root
2026-01-12 13:58:32,117 - INFO - [2022EE] MISSING_CENTRAL: SR3Mu/Central/bjets/2/phi in Skim_TriLep_DYJets10to50.root
2026-01-12 13:58:32,275 - INFO - [2023] MISSING_FILE: /home/choij/Sync/workspace/ChargedHiggsAnalysisV3/SKNanoOutput/MatrixSelector/Run3Mu/2023/Skim_TriLep_Muon0_C_v1.root
2026-01-12 13:58:32,275 - INFO - [2023] MISSING_FILE: /home/choij/Sync/workspace/ChargedHiggsAnalysisV3/SKNanoOutput/MatrixSelector/Run3Mu/2023/Skim_TriLep_Muon0_C_v2.root
2026-01-12 13:58:32,275 - INFO - [2023] MISSING_FILE: /home/choij/Sync/workspace/ChargedHiggsAnalysisV3/SKNanoOutput/MatrixSelector/Run3Mu/2023/Skim_TriLep_Muon0_C_v3.root
2026-01-12 13:58:32,276 - INFO - [2023] MISSING_FILE: /home/choij/Sync/workspace/ChargedHiggsAnalysisV3/SKNanoOutput/MatrixSelector/Run3Mu/2023/Skim_TriLep_Muon0_C_v4.root
2026-01-12 13:58:32,276 - INFO - [2023] MISSING_FILE: /home/choij/Sync/workspace/ChargedHiggsAnalysisV3/SKNanoOutput/MatrixSelector/Run3Mu/2023/Skim_TriLep_Muon1_C_v1.root
2026-01-12 13:58:32,276 - INFO - [2023] MISSING_FILE: /home/choij/Sync/workspace/ChargedHiggsAnalysisV3/SKNanoOutput/MatrixSelector/Run3Mu/2023/Skim_TriLep_Muon1_C_v2.root
2026-01-12 13:58:32,276 - INFO - [2023] MISSING_FILE: /home/choij/Sync/workspace/ChargedHiggsAnalysisV3/SKNanoOutput/MatrixSelector/Run3Mu/2023/Skim_TriLep_Muon1_C_v3.root
2026-01-12 13:58:32,276 - INFO - [2023] MISSING_FILE: /home/choij/Sync/workspace/ChargedHiggsAnalysisV3/SKNanoOutput/MatrixSelector/Run3Mu/2023/Skim_TriLep_Muon1_C_v4.root
2026-01-12 13:58:32,283 - INFO - [2023] MISSING_CENTRAL: SR3Mu/Central/bjets/2/phi in Skim_TriLep_DYJets10to50.root
2026-01-12 13:58:32,361 - INFO - [2023] MISSING_CENTRAL: SR3Mu/Central/bjets/2/phi in Skim_TriLep_WWW.root
2026-01-12 13:58:32,437 - INFO - [2023BPix] MISSING_FILE: /home/choij/Sync/workspace/ChargedHiggsAnalysisV3/SKNanoOutput/MatrixSelector/Run3Mu/2023BPix/Skim_TriLep_Muon0_D_v1.root
2026-01-12 13:58:32,439 - INFO - [2023BPix] MISSING_FILE: /home/choij/Sync/workspace/ChargedHiggsAnalysisV3/SKNanoOutput/MatrixSelector/Run3Mu/2023BPix/Skim_TriLep_Muon0_D_v2.root
2026-01-12 13:58:32,439 - INFO - [2023BPix] MISSING_FILE: /home/choij/Sync/workspace/ChargedHiggsAnalysisV3/SKNanoOutput/MatrixSelector/Run3Mu/2023BPix/Skim_TriLep_Muon1_D_v1.root
2026-01-12 13:58:32,439 - INFO - [2023BPix] MISSING_FILE: /home/choij/Sync/workspace/ChargedHiggsAnalysisV3/SKNanoOutput/MatrixSelector/Run3Mu/2023BPix/Skim_TriLep_Muon1_D_v2.root
2026-01-12 13:58:32,440 - INFO - [2023BPix] MISSING_CENTRAL: SR3Mu/Central/bjets/2/phi in Skim_TriLep_DYJets.root
2026-01-12 13:58:32,441 - INFO - [2023BPix] MISSING_CENTRAL: SR3Mu/Central/bjets/2/phi in Skim_TriLep_DYJets10to50.root
2026-01-12 13:58:32,538 - INFO - [2023BPix] MISSING_CENTRAL: SR3Mu/Central/bjets/2/phi in Skim_TriLep_WWW.root
2026-01-12 13:58:32,579 - INFO - [2023BPix] MISSING_CENTRAL: SR3Mu/Central/bjets/2/phi in Skim_TriLep_ggHToZZTo4L.root
2026-01-16 19:13:02,721 - INFO - [2022] MISSING_CENTRAL: SR3Mu/Central/bjets/2/phi in Skim_TriLep_DoubleMuon_C.root
2026-01-16 19:13:02,786 - INFO - [2023] MISSING_CENTRAL: SR3Mu/Central/bjets/2/phi in Skim_TriLep_Muon0_C_v2.root
2026-01-16 19:13:02,789 - INFO - [2023] MISSING_CENTRAL: SR3Mu/Central/bjets/2/phi in Skim_TriLep_Muon1_C_v3.root
2026-01-16 19:13:02,790 - INFO - [2023BPix] MISSING_CENTRAL: SR3Mu/Central/bjets/2/phi in Skim_TriLep_Muon0_D_v2.root
2026-01-16 19:13:02,795 - INFO - [2022] MISSING_CENTRAL: SR3Mu/Central/bjets/2/phi in Skim_TriLep_DoubleMuon_C.root
2026-01-16 19:13:02,806 - INFO - [2022] MISSING_CENTRAL: SR3Mu/Central/bjets/2/phi in Skim_TriLep_DYJets.root
2026-01-16 19:13:02,806 - INFO - [2022] MISSING_CENTRAL: SR3Mu/Central/bjets/2/phi in Skim_TriLep_DYJets10to50.root
2026-01-16 19:13:02,826 - INFO - [2022] MISSING_CENTRAL: SR3Mu/Central/bjets/2/phi in Skim_TriLep_TTG_PTG200toInf.root
2026-01-16 19:13:02,880 - INFO - [2022] MISSING_CENTRAL: SR3Mu/Central/bjets/2/phi in Skim_TriLep_WWW.root
2026-01-16 19:13:02,904 - INFO - [2022] MISSING_CENTRAL: SR3Mu/Central/bjets/2/phi in Skim_TriLep_VBFHToZZTo4L.root
2026-01-16 19:13:02,913 - INFO - [2022EE] MISSING_CENTRAL: SR3Mu/Central/bjets/2/phi in Skim_TriLep_DYJets.root
2026-01-16 19:13:02,913 - INFO - [2022EE] MISSING_CENTRAL: SR3Mu/Central/bjets/2/phi in Skim_TriLep_DYJets10to50.root
2026-01-16 19:13:03,048 - INFO - [2023] MISSING_CENTRAL: SR3Mu/Central/bjets/2/phi in Skim_TriLep_DYJets10to50.root
2026-01-16 19:13:03,128 - INFO - [2023] MISSING_CENTRAL: SR3Mu/Central/bjets/2/phi in Skim_TriLep_WWW.root
2026-01-16 19:13:03,171 - INFO - [2023BPix] MISSING_CENTRAL: SR3Mu/Central/bjets/2/phi in Skim_TriLep_Muon0_D_v2.root
2026-01-16 19:13:03,173 - INFO - [2023BPix] MISSING_CENTRAL: SR3Mu/Central/bjets/2/phi in Skim_TriLep_DYJets.root
2026-01-16 19:13:03,173 - INFO - [2023BPix] MISSING_CENTRAL: SR3Mu/Central/bjets/2/phi in Skim_TriLep_DYJets10to50.root
2026-01-16 19:13:03,251 - INFO - [2023BPix] MISSING_CENTRAL: SR3Mu/Central/bjets/2/phi in Skim_TriLep_WWW.root
2026-01-16 19:13:03,291 - INFO - [2023BPix] MISSING_CENTRAL: SR3Mu/Central/bjets/2/phi in Skim_TriLep_ggHToZZTo4L.root
2026-01-21 13:02:21,868 - INFO - [2022] MISSING_CENTRAL: SR3Mu/Central/bjets/2/phi in Skim_TriLep_DoubleMuon_C.root
2026-01-21 13:02:21,935 - INFO - [2023] MISSING_CENTRAL: SR3Mu/Central/bjets/2/phi in Skim_TriLep_Muon0_C_v2.root
2026-01-21 13:02:21,938 - INFO - [2023] MISSING_CENTRAL: SR3Mu/Central/bjets/2/phi in Skim_TriLep_Muon1_C_v3.root
2026-01-21 13:02:21,940 - INFO - [2023BPix] MISSING_CENTRAL: SR3Mu/Central/bjets/2/phi in Skim_TriLep_Muon0_D_v2.root
2026-01-21 13:02:21,944 - INFO - [2022] MISSING_CENTRAL: SR3Mu/Central/bjets/2/phi in Skim_TriLep_DoubleMuon_C.root
2026-01-21 13:02:21,956 - INFO - [2022] MISSING_CENTRAL: SR3Mu/Central/bjets/2/phi in Skim_TriLep_DYJets.root
2026-01-21 13:02:21,956 - INFO - [2022] MISSING_CENTRAL: SR3Mu/Central/bjets/2/phi in Skim_TriLep_DYJets10to50.root
2026-01-21 13:02:21,977 - INFO - [2022] MISSING_CENTRAL: SR3Mu/Central/bjets/2/phi in Skim_TriLep_TTG_PTG200toInf.root
2026-01-21 13:02:22,027 - INFO - [2022] MISSING_CENTRAL: SR3Mu/Central/bjets/2/phi in Skim_TriLep_WWW.root
2026-01-21 13:02:22,052 - INFO - [2022] MISSING_CENTRAL: SR3Mu/Central/bjets/2/phi in Skim_TriLep_VBFHToZZTo4L.root
2026-01-21 13:02:22,060 - INFO - [2022EE] MISSING_CENTRAL: SR3Mu/Central/bjets/2/phi in Skim_TriLep_DYJets.root
2026-01-21 13:02:22,060 - INFO - [2022EE] MISSING_CENTRAL: SR3Mu/Central/bjets/2/phi in Skim_TriLep_DYJets10to50.root
2026-01-21 13:02:22,192 - INFO - [2023] MISSING_CENTRAL: SR3Mu/Central/bjets/2/phi in Skim_TriLep_DYJets10to50.root
2026-01-21 13:02:22,269 - INFO - [2023] MISSING_CENTRAL: SR3Mu/Central/bjets/2/phi in Skim_TriLep_WWW.root
2026-01-21 13:02:22,314 - INFO - [2023BPix] MISSING_CENTRAL: SR3Mu/Central/bjets/2/phi in Skim_TriLep_Muon0_D_v2.root
2026-01-21 13:02:22,316 - INFO - [2023BPix] MISSING_CENTRAL: SR3Mu/Central/bjets/2/phi in Skim_TriLep_DYJets.root
2026-01-21 13:02:22,317 - INFO - [2023BPix] MISSING_CENTRAL: SR3Mu/Central/bjets/2/phi in Skim_TriLep_DYJets10to50.root
2026-01-21 13:02:22,402 - INFO - [2023BPix] MISSING_CENTRAL: SR3Mu/Central/bjets/2/phi in Skim_TriLep_WWW.root
2026-01-21 13:02:22,440 - INFO - [2023BPix] MISSING_CENTRAL: SR3Mu/Central/bjets/2/phi in Skim_TriLep_ggHToZZTo4L.root
2026-01-21 14:50:49,072 - INFO - [2022] MISSING_CENTRAL: SR3Mu/Central/bjets/2/phi in Skim_TriLep_DoubleMuon_C.root
2026-01-21 14:50:49,142 - INFO - [2023] MISSING_CENTRAL: SR3Mu/Central/bjets/2/phi in Skim_TriLep_Muon0_C_v2.root
2026-01-21 14:50:49,144 - INFO - [2023] MISSING_CENTRAL: SR3Mu/Central/bjets/2/phi in Skim_TriLep_Muon1_C_v3.root
2026-01-21 14:50:49,145 - INFO - [2023BPix] MISSING_CENTRAL: SR3Mu/Central/bjets/2/phi in Skim_TriLep_Muon0_D_v2.root
2026-01-21 14:50:49,150 - INFO - [2022] MISSING_CENTRAL: SR3Mu/Central/bjets/2/phi in Skim_TriLep_DoubleMuon_C.root
2026-01-21 14:50:49,160 - INFO - [2022] MISSING_CENTRAL: SR3Mu/Central/bjets/2/phi in Skim_TriLep_DYJets.root
2026-01-21 14:50:49,161 - INFO - [2022] MISSING_CENTRAL: SR3Mu/Central/bjets/2/phi in Skim_TriLep_DYJets10to50.root
2026-01-21 14:50:49,182 - INFO - [2022] MISSING_CENTRAL: SR3Mu/Central/bjets/2/phi in Skim_TriLep_TTG_PTG200toInf.root
2026-01-21 14:50:49,235 - INFO - [2022] MISSING_CENTRAL: SR3Mu/Central/bjets/2/phi in Skim_TriLep_WWW.root
2026-01-21 14:50:49,262 - INFO - [2022] MISSING_CENTRAL: SR3Mu/Central/bjets/2/phi in Skim_TriLep_VBFHToZZTo4L.root
2026-01-21 14:50:49,272 - INFO - [2022EE] MISSING_CENTRAL: SR3Mu/Central/bjets/2/phi in Skim_TriLep_DYJets.root
2026-01-21 14:50:49,272 - INFO - [2022EE] MISSING_CENTRAL: SR3Mu/Central/bjets/2/phi in Skim_TriLep_DYJets10to50.root
2026-01-21 14:50:49,414 - INFO - [2023] MISSING_CENTRAL: SR3Mu/Central/bjets/2/phi in Skim_TriLep_DYJets10to50.root
2026-01-21 14:50:49,497 - INFO - [2023] MISSING_CENTRAL: SR3Mu/Central/bjets/2/phi in Skim_TriLep_WWW.root
2026-01-21 14:50:49,540 - INFO - [2023BPix] MISSING_CENTRAL: SR3Mu/Central/bjets/2/phi in Skim_TriLep_Muon0_D_v2.root
2026-01-21 14:50:49,542 - INFO - [2023BPix] MISSING_CENTRAL: SR3Mu/Central/bjets/2/phi in Skim_TriLep_DYJets.root
2026-01-21 14:50:49,543 - INFO - [2023BPix] MISSING_CENTRAL: SR3Mu/Central/bjets/2/phi in Skim_TriLep_DYJets10to50.root
2026-01-21 14:50:49,626 - INFO - [2023BPix] MISSING_CENTRAL: SR3Mu/Central/bjets/2/phi in Skim_TriLep_WWW.root
2026-01-21 14:50:49,661 - INFO - [2023BPix] MISSING_CENTRAL: SR3Mu/Central/bjets/2/phi in Skim_TriLep_ggHToZZTo4L.root
2026-01-28 17:09:46,358 - INFO - [2022] MISSING_CENTRAL: SR3Mu/Central/bjets/2/phi in Skim_TriLep_DoubleMuon_C.root
2026-01-28 17:09:46,429 - INFO - [2023] MISSING_CENTRAL: SR3Mu/Central/bjets/2/phi in Skim_TriLep_Muon0_C_v2.root
2026-01-28 17:09:46,431 - INFO - [2023] MISSING_CENTRAL: SR3Mu/Central/bjets/2/phi in Skim_TriLep_Muon1_C_v3.root
2026-01-28 17:09:46,433 - INFO - [2023BPix] MISSING_CENTRAL: SR3Mu/Central/bjets/2/phi in Skim_TriLep_Muon0_D_v2.root
2026-01-28 17:09:46,439 - INFO - [2022] MISSING_CENTRAL: SR3Mu/Central/bjets/2/phi in Skim_TriLep_DoubleMuon_C.root
2026-01-28 17:09:46,450 - INFO - [2022] MISSING_CENTRAL: SR3Mu/Central/bjets/2/phi in Skim_TriLep_DYJets.root
2026-01-28 17:09:46,451 - INFO - [2022] MISSING_CENTRAL: SR3Mu/Central/bjets/2/phi in Skim_TriLep_DYJets10to50.root
2026-01-28 17:09:46,474 - INFO - [2022] MISSING_CENTRAL: SR3Mu/Central/bjets/2/phi in Skim_TriLep_TTG_PTG200toInf.root
2026-01-28 17:09:46,537 - INFO - [2022] MISSING_CENTRAL: SR3Mu/Central/bjets/2/phi in Skim_TriLep_WWW.root
2026-01-28 17:09:46,568 - INFO - [2022] MISSING_CENTRAL: SR3Mu/Central/bjets/2/phi in Skim_TriLep_VBFHToZZTo4L.root
2026-01-28 17:09:46,578 - INFO - [2022EE] MISSING_CENTRAL: SR3Mu/Central/bjets/2/phi in Skim_TriLep_DYJets.root
2026-01-28 17:09:46,579 - INFO - [2022EE] MISSING_CENTRAL: SR3Mu/Central/bjets/2/phi in Skim_TriLep_DYJets10to50.root
2026-01-28 17:09:46,726 - INFO - [2023] MISSING_CENTRAL: SR3Mu/Central/bjets/2/phi in Skim_TriLep_Muon1_C_v2.root
2026-01-28 17:09:46,736 - INFO - [2023] MISSING_CENTRAL: SR3Mu/Central/bjets/2/phi in Skim_TriLep_DYJets10to50.root
2026-01-28 17:09:46,745 - INFO - [2023] MISSING_CENTRAL: SR3Mu/Central/bjets/2/phi in Skim_TriLep_TTG_PTG100to200.root
2026-01-28 17:09:46,822 - INFO - [2023] MISSING_CENTRAL: SR3Mu/Central/bjets/2/phi in Skim_TriLep_WWW.root
2026-01-28 17:09:46,873 - INFO - [2023BPix] MISSING_CENTRAL: SR3Mu/Central/bjets/2/phi in Skim_TriLep_Muon0_D_v2.root
2026-01-28 17:09:46,875 - INFO - [2023BPix] MISSING_CENTRAL: SR3Mu/Central/bjets/2/phi in Skim_TriLep_DYJets.root
2026-01-28 17:09:46,876 - INFO - [2023BPix] MISSING_CENTRAL: SR3Mu/Central/bjets/2/phi in Skim_TriLep_DYJets10to50.root
2026-01-28 17:09:46,977 - INFO - [2023BPix] MISSING_CENTRAL: SR3Mu/Central/bjets/2/phi in Skim_TriLep_WWW.root
2026-01-28 17:09:47,022 - INFO - [2023BPix] MISSING_CENTRAL: SR3Mu/Central/bjets/2/phi in Skim_TriLep_ggHToZZTo4L.root
2026-01-28 17:30:15,431 - INFO - [2022] MISSING_CENTRAL: SR3Mu/Central/bjets/2/phi in Skim_TriLep_DoubleMuon_C.root
2026-01-28 17:30:15,499 - INFO - [2023] MISSING_CENTRAL: SR3Mu/Central/bjets/2/phi in Skim_TriLep_Muon0_C_v2.root
2026-01-28 17:30:15,502 - INFO - [2023] MISSING_CENTRAL: SR3Mu/Central/bjets/2/phi in Skim_TriLep_Muon1_C_v3.root
2026-01-28 17:30:15,503 - INFO - [2023BPix] MISSING_CENTRAL: SR3Mu/Central/bjets/2/phi in Skim_TriLep_Muon0_D_v2.root
2026-01-28 17:30:15,509 - INFO - [2022] MISSING_CENTRAL: SR3Mu/Central/bjets/2/phi in Skim_TriLep_DoubleMuon_C.root
2026-01-28 17:30:15,520 - INFO - [2022] MISSING_CENTRAL: SR3Mu/Central/bjets/2/phi in Skim_TriLep_DYJets.root
2026-01-28 17:30:15,520 - INFO - [2022] MISSING_CENTRAL: SR3Mu/Central/bjets/2/phi in Skim_TriLep_DYJets10to50.root
2026-01-28 17:30:15,543 - INFO - [2022] MISSING_CENTRAL: SR3Mu/Central/bjets/2/phi in Skim_TriLep_TTG_PTG200toInf.root
2026-01-28 17:30:15,605 - INFO - [2022] MISSING_CENTRAL: SR3Mu/Central/bjets/2/phi in Skim_TriLep_WWW.root
2026-01-28 17:30:15,634 - INFO - [2022] MISSING_CENTRAL: SR3Mu/Central/bjets/2/phi in Skim_TriLep_VBFHToZZTo4L.root
2026-01-28 17:30:15,644 - INFO - [2022EE] MISSING_CENTRAL: SR3Mu/Central/bjets/2/phi in Skim_TriLep_DYJets.root
2026-01-28 17:30:15,645 - INFO - [2022EE] MISSING_CENTRAL: SR3Mu/Central/bjets/2/phi in Skim_TriLep_DYJets10to50.root
2026-01-28 17:30:15,792 - INFO - [2023] MISSING_CENTRAL: SR3Mu/Central/bjets/2/phi in Skim_TriLep_Muon1_C_v2.root
2026-01-28 17:30:15,802 - INFO - [2023] MISSING_CENTRAL: SR3Mu/Central/bjets/2/phi in Skim_TriLep_DYJets10to50.root
2026-01-28 17:30:15,811 - INFO - [2023] MISSING_CENTRAL: SR3Mu/Central/bjets/2/phi in Skim_TriLep_TTG_PTG100to200.root
2026-01-28 17:30:15,884 - INFO - [2023] MISSING_CENTRAL: SR3Mu/Central/bjets/2/phi in Skim_TriLep_WWW.root
2026-01-28 17:30:15,935 - INFO - [2023BPix] MISSING_CENTRAL: SR3Mu/Central/bjets/2/phi in Skim_TriLep_Muon0_D_v2.root
2026-01-28 17:30:15,937 - INFO - [2023BPix] MISSING_CENTRAL: SR3Mu/Central/bjets/2/phi in Skim_TriLep_DYJets.root
2026-01-28 17:30:15,938 - INFO - [2023BPix] MISSING_CENTRAL: SR3Mu/Central/bjets/2/phi in Skim_TriLep_DYJets10to50.root
2026-01-28 17:30:16,031 - INFO - [2023BPix] MISSING_CENTRAL: SR3Mu/Central/bjets/2/phi in Skim_TriLep_WWW.root
2026-01-28 17:30:16,076 - INFO - [2023BPix] MISSING_CENTRAL: SR3Mu/Central/bjets/2/phi in Skim_TriLep_ggHToZZTo4L.root
2026-01-28 20:04:09,260 - INFO - [2022] MISSING_CENTRAL: SR3Mu/Central/bjets/2/phi in Skim_TriLep_DoubleMuon_C.root
2026-01-28 20:04:09,328 - INFO - [2023] MISSING_CENTRAL: SR3Mu/Central/bjets/2/phi in Skim_TriLep_Muon0_C_v2.root
2026-01-28 20:04:09,331 - INFO - [2023] MISSING_CENTRAL: SR3Mu/Central/bjets/2/phi in Skim_TriLep_Muon1_C_v3.root
2026-01-28 20:04:09,332 - INFO - [2023BPix] MISSING_CENTRAL: SR3Mu/Central/bjets/2/phi in Skim_TriLep_Muon0_D_v2.root
2026-01-28 20:04:09,338 - INFO - [2022] MISSING_CENTRAL: SR3Mu/Central/bjets/2/phi in Skim_TriLep_DoubleMuon_C.root
2026-01-28 20:04:09,350 - INFO - [2022] MISSING_CENTRAL: SR3Mu/Central/bjets/2/phi in Skim_TriLep_DYJets.root
2026-01-28 20:04:09,350 - INFO - [2022] MISSING_CENTRAL: SR3Mu/Central/bjets/2/phi in Skim_TriLep_DYJets10to50.root
2026-01-28 20:04:09,373 - INFO - [2022] MISSING_CENTRAL: SR3Mu/Central/bjets/2/phi in Skim_TriLep_TTG_PTG200toInf.root
2026-01-28 20:04:09,433 - INFO - [2022] MISSING_CENTRAL: SR3Mu/Central/bjets/2/phi in Skim_TriLep_WWW.root
2026-01-28 20:04:09,464 - INFO - [2022] MISSING_CENTRAL: SR3Mu/Central/bjets/2/phi in Skim_TriLep_VBFHToZZTo4L.root
2026-01-28 20:04:09,474 - INFO - [2022EE] MISSING_CENTRAL: SR3Mu/Central/bjets/2/phi in Skim_TriLep_DYJets.root
2026-01-28 20:04:09,474 - INFO - [2022EE] MISSING_CENTRAL: SR3Mu/Central/bjets/2/phi in Skim_TriLep_DYJets10to50.root
2026-01-28 20:04:09,617 - INFO - [2023] MISSING_CENTRAL: SR3Mu/Central/bjets/2/phi in Skim_TriLep_Muon1_C_v2.root
2026-01-28 20:04:09,627 - INFO - [2023] MISSING_CENTRAL: SR3Mu/Central/bjets/2/phi in Skim_TriLep_DYJets10to50.root
2026-01-28 20:04:09,635 - INFO - [2023] MISSING_CENTRAL: SR3Mu/Central/bjets/2/phi in Skim_TriLep_TTG_PTG100to200.root
2026-01-28 20:04:09,709 - INFO - [2023] MISSING_CENTRAL: SR3Mu/Central/bjets/2/phi in Skim_TriLep_WWW.root
2026-01-28 20:04:09,761 - INFO - [2023BPix] MISSING_CENTRAL: SR3Mu/Central/bjets/2/phi in Skim_TriLep_Muon0_D_v2.root
2026-01-28 20:04:09,763 - INFO - [2023BPix] MISSING_CENTRAL: SR3Mu/Central/bjets/2/phi in Skim_TriLep_DYJets.root
2026-01-28 20:04:09,764 - INFO - [2023BPix] MISSING_CENTRAL: SR3Mu/Central/bjets/2/phi in Skim_TriLep_DYJets10to50.root
2026-01-28 20:04:09,866 - INFO - [2023BPix] MISSING_CENTRAL: SR3Mu/Central/bjets/2/phi in Skim_TriLep_WWW.root
2026-01-28 20:04:09,913 - INFO - [2023BPix] MISSING_CENTRAL: SR3Mu/Central/bjets/2/phi in Skim_TriLep_ggHToZZTo4L.root
2026-01-29 07:20:28,511 - INFO - [2022] MISSING_CENTRAL: SR3Mu/Central/bjets/2/phi in Skim_TriLep_DoubleMuon_C.root
2026-01-29 07:20:28,576 - INFO - [2023] MISSING_CENTRAL: SR3Mu/Central/bjets/2/phi in Skim_TriLep_Muon0_C_v2.root
2026-01-29 07:20:28,578 - INFO - [2023] MISSING_CENTRAL: SR3Mu/Central/bjets/2/phi in Skim_TriLep_Muon1_C_v3.root
2026-01-29 07:20:28,580 - INFO - [2023BPix] MISSING_CENTRAL: SR3Mu/Central/bjets/2/phi in Skim_TriLep_Muon0_D_v2.root
2026-01-29 07:20:28,585 - INFO - [2022] MISSING_CENTRAL: SR3Mu/Central/bjets/2/phi in Skim_TriLep_DoubleMuon_C.root
2026-01-29 07:20:28,596 - INFO - [2022] MISSING_CENTRAL: SR3Mu/Central/bjets/2/phi in Skim_TriLep_DYJets.root
2026-01-29 07:20:28,596 - INFO - [2022] MISSING_CENTRAL: SR3Mu/Central/bjets/2/phi in Skim_TriLep_DYJets10to50.root
2026-01-29 07:20:28,616 - INFO - [2022] MISSING_CENTRAL: SR3Mu/Central/bjets/2/phi in Skim_TriLep_TTG_PTG200toInf.root
2026-01-29 07:20:28,665 - INFO - [2022] MISSING_CENTRAL: SR3Mu/Central/bjets/2/phi in Skim_TriLep_WWW.root
2026-01-29 07:20:28,690 - INFO - [2022] MISSING_CENTRAL: SR3Mu/Central/bjets/2/phi in Skim_TriLep_VBFHToZZTo4L.root
2026-01-29 07:20:28,698 - INFO - [2022EE] MISSING_CENTRAL: SR3Mu/Central/bjets/2/phi in Skim_TriLep_DYJets.root
2026-01-29 07:20:28,699 - INFO - [2022EE] MISSING_CENTRAL: SR3Mu/Central/bjets/2/phi in Skim_TriLep_DYJets10to50.root
2026-01-29 07:20:28,810 - INFO - [2023] MISSING_CENTRAL: SR3Mu/Central/bjets/2/phi in Skim_TriLep_Muon1_C_v2.root
2026-01-29 07:20:28,819 - INFO - [2023] MISSING_CENTRAL: SR3Mu/Central/bjets/2/phi in Skim_TriLep_DYJets10to50.root
2026-01-29 07:20:28,826 - INFO - [2023] MISSING_CENTRAL: SR3Mu/Central/bjets/2/phi in Skim_TriLep_TTG_PTG100to200.root
2026-01-29 07:20:28,889 - INFO - [2023] MISSING_CENTRAL: SR3Mu/Central/bjets/2/phi in Skim_TriLep_WWW.root
2026-01-29 07:20:28,933 - INFO - [2023BPix] MISSING_CENTRAL: SR3Mu/Central/bjets/2/phi in Skim_TriLep_Muon0_D_v2.root
2026-01-29 07:20:28,935 - INFO - [2023BPix] MISSING_CENTRAL: SR3Mu/Central/bjets/2/phi in Skim_TriLep_DYJets.root
2026-01-29 07:20:28,935 - INFO - [2023BPix] MISSING_CENTRAL: SR3Mu/Central/bjets/2/phi in Skim_TriLep_DYJets10to50.root
2026-01-29 07:20:29,015 - INFO - [2023BPix] MISSING_CENTRAL: SR3Mu/Central/bjets/2/phi in Skim_TriLep_WWW.root
2026-01-29 07:20:29,050 - INFO - [2023BPix] MISSING_CENTRAL: SR3Mu/Central/bjets/2/phi in Skim_TriLep_ggHToZZTo4L.root
2026-03-06 09:45:21,497 - INFO - [2022] MISSING_CENTRAL: SR3Mu/Central/bjets/2/phi in Skim_TriLep_DoubleMuon_C.root
2026-03-06 09:45:21,560 - INFO - [2023] MISSING_CENTRAL: SR3Mu/Central/bjets/2/phi in Skim_TriLep_Muon0_C_v2.root
2026-03-06 09:45:21,564 - INFO - [2023] MISSING_CENTRAL: SR3Mu/Central/bjets/2/phi in Skim_TriLep_Muon1_C_v3.root
2026-03-06 09:45:21,566 - INFO - [2023BPix] MISSING_CENTRAL: SR3Mu/Central/bjets/2/phi in Skim_TriLep_Muon0_D_v2.root
2026-03-06 09:45:21,571 - INFO - [2022] MISSING_CENTRAL: SR3Mu/Central/bjets/2/phi in Skim_TriLep_DoubleMuon_C.root
2026-03-06 09:45:21,582 - INFO - [2022] MISSING_CENTRAL: SR3Mu/Central/bjets/2/phi in Skim_TriLep_DYJets.root
2026-03-06 09:45:21,582 - INFO - [2022] MISSING_CENTRAL: SR3Mu/Central/bjets/2/phi in Skim_TriLep_DYJets10to50.root
2026-03-06 09:45:21,603 - INFO - [2022] MISSING_CENTRAL: SR3Mu/Central/bjets/2/phi in Skim_TriLep_TTG_PTG200toInf.root
2026-03-06 09:45:21,654 - INFO - [2022] MISSING_CENTRAL: SR3Mu/Central/bjets/2/phi in Skim_TriLep_WWW.root
2026-03-06 09:45:21,681 - INFO - [2022] MISSING_CENTRAL: SR3Mu/Central/bjets/2/phi in Skim_TriLep_VBFHToZZTo4L.root
2026-03-06 09:45:21,688 - INFO - [2022EE] MISSING_CENTRAL: SR3Mu/Central/bjets/2/phi in Skim_TriLep_DYJets.root
2026-03-06 09:45:21,688 - INFO - [2022EE] MISSING_CENTRAL: SR3Mu/Central/bjets/2/phi in Skim_TriLep_DYJets10to50.root
2026-03-06 09:45:21,812 - INFO - [2023] MISSING_CENTRAL: SR3Mu/Central/bjets/2/phi in Skim_TriLep_Muon1_C_v2.root
2026-03-06 09:45:21,820 - INFO - [2023] MISSING_CENTRAL: SR3Mu/Central/bjets/2/phi in Skim_TriLep_DYJets10to50.root
2026-03-06 09:45:21,827 - INFO - [2023] MISSING_CENTRAL: SR3Mu/Central/bjets/2/phi in Skim_TriLep_TTG_PTG100to200.root
2026-03-06 09:45:21,886 - INFO - [2023] MISSING_CENTRAL: SR3Mu/Central/bjets/2/phi in Skim_TriLep_WWW.root
2026-03-06 09:45:21,926 - INFO - [2023BPix] MISSING_CENTRAL: SR3Mu/Central/bjets/2/phi in Skim_TriLep_Muon0_D_v2.root
2026-03-06 09:45:21,928 - INFO - [2023BPix] MISSING_CENTRAL: SR3Mu/Central/bjets/2/phi in Skim_TriLep_DYJets.root
2026-03-06 09:45:21,929 - INFO - [2023BPix] MISSING_CENTRAL: SR3Mu/Central/bjets/2/phi in Skim_TriLep_DYJets10to50.root
2026-03-06 09:45:22,004 - INFO - [2023BPix] MISSING_CENTRAL: SR3Mu/Central/bjets/2/phi in Skim_TriLep_WWW.root
2026-03-06 09:45:22,038 - INFO - [2023BPix] MISSING_CENTRAL: SR3Mu/Central/bjets/2/phi in Skim_TriLep_ggHToZZTo4L.root
2026-03-06 19:51:07,162 - INFO - [2022] MISSING_CENTRAL: SR3Mu/Central/bjets/2/phi in Skim_TriLep_DoubleMuon_C.root
2026-03-06 19:51:07,229 - INFO - [2023] MISSING_CENTRAL: SR3Mu/Central/bjets/2/phi in Skim_TriLep_Muon0_C_v2.root
2026-03-06 19:51:07,231 - INFO - [2023] MISSING_CENTRAL: SR3Mu/Central/bjets/2/phi in Skim_TriLep_Muon1_C_v3.root
2026-03-06 19:51:07,233 - INFO - [2023BPix] MISSING_CENTRAL: SR3Mu/Central/bjets/2/phi in Skim_TriLep_Muon0_D_v2.root
2026-03-06 19:51:07,238 - INFO - [2022] MISSING_CENTRAL: SR3Mu/Central/bjets/2/phi in Skim_TriLep_DoubleMuon_C.root
2026-03-06 19:51:07,248 - INFO - [2022] MISSING_CENTRAL: SR3Mu/Central/bjets/2/phi in Skim_TriLep_DYJets.root
2026-03-06 19:51:07,248 - INFO - [2022] MISSING_CENTRAL: SR3Mu/Central/bjets/2/phi in Skim_TriLep_DYJets10to50.root
2026-03-06 19:51:07,268 - INFO - [2022] MISSING_CENTRAL: SR3Mu/Central/bjets/2/phi in Skim_TriLep_TTG_PTG200toInf.root
2026-03-06 19:51:07,318 - INFO - [2022] MISSING_CENTRAL: SR3Mu/Central/bjets/2/phi in Skim_TriLep_WWW.root
2026-03-06 19:51:07,341 - INFO - [2022] MISSING_CENTRAL: SR3Mu/Central/bjets/2/phi in Skim_TriLep_VBFHToZZTo4L.root
2026-03-06 19:51:07,350 - INFO - [2022EE] MISSING_CENTRAL: SR3Mu/Central/bjets/2/phi in Skim_TriLep_DYJets.root
2026-03-06 19:51:07,350 - INFO - [2022EE] MISSING_CENTRAL: SR3Mu/Central/bjets/2/phi in Skim_TriLep_DYJets10to50.root
2026-03-06 19:51:07,462 - INFO - [2023] MISSING_CENTRAL: SR3Mu/Central/bjets/2/phi in Skim_TriLep_Muon1_C_v2.root
2026-03-06 19:51:07,469 - INFO - [2023] MISSING_CENTRAL: SR3Mu/Central/bjets/2/phi in Skim_TriLep_DYJets10to50.root
2026-03-06 19:51:07,477 - INFO - [2023] MISSING_CENTRAL: SR3Mu/Central/bjets/2/phi in Skim_TriLep_TTG_PTG100to200.root
2026-03-06 19:51:07,540 - INFO - [2023] MISSING_CENTRAL: SR3Mu/Central/bjets/2/phi in Skim_TriLep_WWW.root
2026-03-06 19:51:07,579 - INFO - [2023BPix] MISSING_CENTRAL: SR3Mu/Central/bjets/2/phi in Skim_TriLep_Muon0_D_v2.root
2026-03-06 19:51:07,581 - INFO - [2023BPix] MISSING_CENTRAL: SR3Mu/Central/bjets/2/phi in Skim_TriLep_DYJets.root
2026-03-06 19:51:07,581 - INFO - [2023BPix] MISSING_CENTRAL: SR3Mu/Central/bjets/2/phi in Skim_TriLep_DYJets10to50.root
2026-03-06 19:51:07,656 - INFO - [2023BPix] MISSING_CENTRAL: SR3Mu/Central/bjets/2/phi in Skim_TriLep_WWW.root
2026-03-06 19:51:07,691 - INFO - [2023BPix] MISSING_CENTRAL: SR3Mu/Central/bjets/2/phi in Skim_TriLep_ggHToZZTo4L.root
2026-04-10 20:26:01,109 - INFO - [2022] MISSING_CENTRAL: SR3Mu/Central/bjets/2/phi in Skim_TriLep_DoubleMuon_C.root
2026-04-10 20:26:01,177 - INFO - [2023] MISSING_CENTRAL: SR3Mu/Central/bjets/2/phi in Skim_TriLep_Muon0_C_v2.root
2026-04-10 20:26:01,180 - INFO - [2023] MISSING_CENTRAL: SR3Mu/Central/bjets/2/phi in Skim_TriLep_Muon1_C_v3.root
2026-04-10 20:26:01,181 - INFO - [2023BPix] MISSING_CENTRAL: SR3Mu/Central/bjets/2/phi in Skim_TriLep_Muon0_D_v2.root
2026-04-10 20:26:01,187 - INFO - [2022] MISSING_CENTRAL: SR3Mu/Central/bjets/2/phi in Skim_TriLep_DoubleMuon_C.root
2026-04-10 20:26:01,197 - INFO - [2022] MISSING_CENTRAL: SR3Mu/Central/bjets/2/phi in Skim_TriLep_DYJets.root
2026-04-10 20:26:01,198 - INFO - [2022] MISSING_CENTRAL: SR3Mu/Central/bjets/2/phi in Skim_TriLep_DYJets10to50.root
2026-04-10 20:26:01,217 - INFO - [2022] MISSING_CENTRAL: SR3Mu/Central/bjets/2/phi in Skim_TriLep_TTG_PTG200toInf.root
2026-04-10 20:26:01,272 - INFO - [2022] MISSING_CENTRAL: SR3Mu/Central/bjets/2/phi in Skim_TriLep_WWW.root
2026-04-10 20:26:01,299 - INFO - [2022] MISSING_CENTRAL: SR3Mu/Central/bjets/2/phi in Skim_TriLep_VBFHToZZTo4L.root
2026-04-10 20:26:01,307 - INFO - [2022EE] MISSING_CENTRAL: SR3Mu/Central/bjets/2/phi in Skim_TriLep_DYJets.root
2026-04-10 20:26:01,308 - INFO - [2022EE] MISSING_CENTRAL: SR3Mu/Central/bjets/2/phi in Skim_TriLep_DYJets10to50.root
2026-04-10 20:26:01,424 - INFO - [2023] MISSING_CENTRAL: SR3Mu/Central/bjets/2/phi in Skim_TriLep_Muon1_C_v2.root
2026-04-10 20:26:01,432 - INFO - [2023] MISSING_CENTRAL: SR3Mu/Central/bjets/2/phi in Skim_TriLep_DYJets10to50.root
2026-04-10 20:26:01,438 - INFO - [2023] MISSING_CENTRAL: SR3Mu/Central/bjets/2/phi in Skim_TriLep_TTG_PTG100to200.root
2026-04-10 20:26:01,490 - INFO - [2023] MISSING_CENTRAL: SR3Mu/Central/bjets/2/phi in Skim_TriLep_WWW.root
2026-04-10 20:26:01,524 - INFO - [2023BPix] MISSING_CENTRAL: SR3Mu/Central/bjets/2/phi in Skim_TriLep_Muon0_D_v2.root
2026-04-10 20:26:01,526 - INFO - [2023BPix] MISSING_CENTRAL: SR3Mu/Central/bjets/2/phi in Skim_TriLep_DYJets.root
2026-04-10 20:26:01,527 - INFO - [2023BPix] MISSING_CENTRAL: SR3Mu/Central/bjets/2/phi in Skim_TriLep_DYJets10to50.root
2026-04-10 20:26:01,604 - INFO - [2023BPix] MISSING_CENTRAL: SR3Mu/Central/bjets/2/phi in Skim_TriLep_WWW.root
2026-04-10 20:26:01,638 - INFO - [2023BPix] MISSING_CENTRAL: SR3Mu/Central/bjets/2/phi in Skim_TriLep_ggHToZZTo4L.root
2026-04-12 11:41:27,104 - INFO - [2022] MISSING_CENTRAL: SR3Mu/Central/bjets/2/phi in Skim_TriLep_DoubleMuon_C.root
2026-04-12 11:41:27,172 - INFO - [2023] MISSING_CENTRAL: SR3Mu/Central/bjets/2/phi in Skim_TriLep_Muon0_C_v2.root
2026-04-12 11:41:27,175 - INFO - [2023] MISSING_CENTRAL: SR3Mu/Central/bjets/2/phi in Skim_TriLep_Muon1_C_v3.root
2026-04-12 11:41:27,176 - INFO - [2023BPix] MISSING_CENTRAL: SR3Mu/Central/bjets/2/phi in Skim_TriLep_Muon0_D_v2.root
2026-04-12 11:41:27,182 - INFO - [2022] MISSING_CENTRAL: SR3Mu/Central/bjets/2/phi in Skim_TriLep_DoubleMuon_C.root
2026-04-12 11:41:27,194 - INFO - [2022] MISSING_CENTRAL: SR3Mu/Central/bjets/2/phi in Skim_TriLep_DYJets.root
2026-04-12 11:41:27,194 - INFO - [2022] MISSING_CENTRAL: SR3Mu/Central/bjets/2/phi in Skim_TriLep_DYJets10to50.root
2026-04-12 11:41:27,215 - INFO - [2022] MISSING_CENTRAL: SR3Mu/Central/bjets/2/phi in Skim_TriLep_TTG_PTG200toInf.root
2026-04-12 11:41:27,270 - INFO - [2022] MISSING_CENTRAL: SR3Mu/Central/bjets/2/phi in Skim_TriLep_WWW.root
2026-04-12 11:41:27,299 - INFO - [2022] MISSING_CENTRAL: SR3Mu/Central/bjets/2/phi in Skim_TriLep_VBFHToZZTo4L.root
2026-04-12 11:41:27,308 - INFO - [2022EE] MISSING_CENTRAL: SR3Mu/Central/bjets/2/phi in Skim_TriLep_DYJets.root
2026-04-12 11:41:27,309 - INFO - [2022EE] MISSING_CENTRAL: SR3Mu/Central/bjets/2/phi in Skim_TriLep_DYJets10to50.root
2026-04-12 11:41:27,443 - INFO - [2023] MISSING_CENTRAL: SR3Mu/Central/bjets/2/phi in Skim_TriLep_Muon1_C_v2.root
2026-04-12 11:41:27,452 - INFO - [2023] MISSING_CENTRAL: SR3Mu/Central/bjets/2/phi in Skim_TriLep_DYJets10to50.root
2026-04-12 11:41:27,460 - INFO - [2023] MISSING_CENTRAL: SR3Mu/Central/bjets/2/phi in Skim_TriLep_TTG_PTG100to200.root
2026-04-12 11:41:27,524 - INFO - [2023] MISSING_CENTRAL: SR3Mu/Central/bjets/2/phi in Skim_TriLep_WWW.root
2026-04-12 11:41:27,568 - INFO - [2023BPix] MISSING_CENTRAL: SR3Mu/Central/bjets/2/phi in Skim_TriLep_Muon0_D_v2.root
2026-04-12 11:41:27,571 - INFO - [2023BPix] MISSING_CENTRAL: SR3Mu/Central/bjets/2/phi in Skim_TriLep_DYJets.root
2026-04-12 11:41:27,571 - INFO - [2023BPix] MISSING_CENTRAL: SR3Mu/Central/bjets/2/phi in Skim_TriLep_DYJets10to50.root
2026-04-12 11:41:27,645 - INFO - [2023BPix] MISSING_CENTRAL: SR3Mu/Central/bjets/2/phi in Skim_TriLep_WWW.root
2026-04-12 11:41:27,682 - INFO - [2023BPix] MISSING_CENTRAL: SR3Mu/Central/bjets/2/phi in Skim_TriLep_ggHToZZTo4L.root
2026-04-12 12:23:06,247 - INFO - [2022] MISSING_CENTRAL: SR3Mu/Central/bjets/2/phi in Skim_TriLep_DoubleMuon_C.root
2026-04-12 12:23:06,315 - INFO - [2023] MISSING_CENTRAL: SR3Mu/Central/bjets/2/phi in Skim_TriLep_Muon0_C_v2.root
2026-04-12 12:23:06,317 - INFO - [2023] MISSING_CENTRAL: SR3Mu/Central/bjets/2/phi in Skim_TriLep_Muon1_C_v3.root
2026-04-12 12:23:06,319 - INFO - [2023BPix] MISSING_CENTRAL: SR3Mu/Central/bjets/2/phi in Skim_TriLep_Muon0_D_v2.root
2026-04-12 12:23:06,325 - INFO - [2022] MISSING_CENTRAL: SR3Mu/Central/bjets/2/phi in Skim_TriLep_DoubleMuon_C.root
2026-04-12 12:23:06,337 - INFO - [2022] MISSING_CENTRAL: SR3Mu/Central/bjets/2/phi in Skim_TriLep_DYJets.root
2026-04-12 12:23:06,338 - INFO - [2022] MISSING_CENTRAL: SR3Mu/Central/bjets/2/phi in Skim_TriLep_DYJets10to50.root
2026-04-12 12:23:06,359 - INFO - [2022] MISSING_CENTRAL: SR3Mu/Central/bjets/2/phi in Skim_TriLep_TTG_PTG200toInf.root
2026-04-12 12:23:06,416 - INFO - [2022] MISSING_CENTRAL: SR3Mu/Central/bjets/2/phi in Skim_TriLep_WWW.root
2026-04-12 12:23:06,445 - INFO - [2022] MISSING_CENTRAL: SR3Mu/Central/bjets/2/phi in Skim_TriLep_VBFHToZZTo4L.root
2026-04-12 12:23:06,455 - INFO - [2022EE] MISSING_CENTRAL: SR3Mu/Central/bjets/2/phi in Skim_TriLep_DYJets.root
2026-04-12 12:23:06,455 - INFO - [2022EE] MISSING_CENTRAL: SR3Mu/Central/bjets/2/phi in Skim_TriLep_DYJets10to50.root
2026-04-12 12:23:06,596 - INFO - [2023] MISSING_CENTRAL: SR3Mu/Central/bjets/2/phi in Skim_TriLep_Muon1_C_v2.root
2026-04-12 12:23:06,606 - INFO - [2023] MISSING_CENTRAL: SR3Mu/Central/bjets/2/phi in Skim_TriLep_DYJets10to50.root
2026-04-12 12:23:06,614 - INFO - [2023] MISSING_CENTRAL: SR3Mu/Central/bjets/2/phi in Skim_TriLep_TTG_PTG100to200.root
2026-04-12 12:23:06,685 - INFO - [2023] MISSING_CENTRAL: SR3Mu/Central/bjets/2/phi in Skim_TriLep_WWW.root
2026-04-12 12:23:06,735 - INFO - [2023BPix] MISSING_CENTRAL: SR3Mu/Central/bjets/2/phi in Skim_TriLep_Muon0_D_v2.root
2026-04-12 12:23:06,738 - INFO - [2023BPix] MISSING_CENTRAL: SR3Mu/Central/bjets/2/phi in Skim_TriLep_DYJets.root
2026-04-12 12:23:06,739 - INFO - [2023BPix] MISSING_CENTRAL: SR3Mu/Central/bjets/2/phi in Skim_TriLep_DYJets10to50.root
2026-04-12 12:23:06,836 - INFO - [2023BPix] MISSING_CENTRAL: SR3Mu/Central/bjets/2/phi in Skim_TriLep_WWW.root
2026-04-12 12:23:06,881 - INFO - [2023BPix] MISSING_CENTRAL: SR3Mu/Central/bjets/2/phi in Skim_TriLep_ggHToZZTo4L.root
2026-04-12 12:42:45,550 - INFO - [2022] MISSING_CENTRAL: SR3Mu/Central/bjets/2/phi in Skim_TriLep_DoubleMuon_C.root
2026-04-12 12:42:45,616 - INFO - [2023] MISSING_CENTRAL: SR3Mu/Central/bjets/2/phi in Skim_TriLep_Muon0_C_v2.root
2026-04-12 12:42:45,618 - INFO - [2023] MISSING_CENTRAL: SR3Mu/Central/bjets/2/phi in Skim_TriLep_Muon1_C_v3.root
2026-04-12 12:42:45,619 - INFO - [2023BPix] MISSING_CENTRAL: SR3Mu/Central/bjets/2/phi in Skim_TriLep_Muon0_D_v2.root
2026-04-12 12:42:45,625 - INFO - [2022] MISSING_CENTRAL: SR3Mu/Central/bjets/2/phi in Skim_TriLep_DoubleMuon_C.root
2026-04-12 12:42:45,637 - INFO - [2022] MISSING_CENTRAL: SR3Mu/Central/bjets/2/phi in Skim_TriLep_DYJets.root
2026-04-12 12:42:45,637 - INFO - [2022] MISSING_CENTRAL: SR3Mu/Central/bjets/2/phi in Skim_TriLep_DYJets10to50.root
2026-04-12 12:42:45,656 - INFO - [2022] MISSING_CENTRAL: SR3Mu/Central/bjets/2/phi in Skim_TriLep_TTG_PTG200toInf.root
2026-04-12 12:42:45,704 - INFO - [2022] MISSING_CENTRAL: SR3Mu/Central/bjets/2/phi in Skim_TriLep_WWW.root
2026-04-12 12:42:45,727 - INFO - [2022] MISSING_CENTRAL: SR3Mu/Central/bjets/2/phi in Skim_TriLep_VBFHToZZTo4L.root
2026-04-12 12:42:45,733 - INFO - [2022EE] MISSING_CENTRAL: SR3Mu/Central/bjets/2/phi in Skim_TriLep_DYJets.root
2026-04-12 12:42:45,733 - INFO - [2022EE] MISSING_CENTRAL: SR3Mu/Central/bjets/2/phi in Skim_TriLep_DYJets10to50.root
2026-04-12 12:42:45,867 - INFO - [2023] MISSING_CENTRAL: SR3Mu/Central/bjets/2/phi in Skim_TriLep_Muon1_C_v2.root
2026-04-12 12:42:45,875 - INFO - [2023] MISSING_CENTRAL: SR3Mu/Central/bjets/2/phi in Skim_TriLep_DYJets10to50.root
2026-04-12 12:42:45,883 - INFO - [2023] MISSING_CENTRAL: SR3Mu/Central/bjets/2/phi in Skim_TriLep_TTG_PTG100to200.root
2026-04-12 12:42:45,950 - INFO - [2023] MISSING_CENTRAL: SR3Mu/Central/bjets/2/phi in Skim_TriLep_WWW.root
2026-04-12 12:42:45,996 - INFO - [2023BPix] MISSING_CENTRAL: SR3Mu/Central/bjets/2/phi in Skim_TriLep_Muon0_D_v2.root
2026-04-12 12:42:45,998 - INFO - [2023BPix] MISSING_CENTRAL: SR3Mu/Central/bjets/2/phi in Skim_TriLep_DYJets.root
2026-04-12 12:42:45,999 - INFO - [2023BPix] MISSING_CENTRAL: SR3Mu/Central/bjets/2/phi in Skim_TriLep_DYJets10to50.root
2026-04-12 12:42:46,086 - INFO - [2023BPix] MISSING_CENTRAL: SR3Mu/Central/bjets/2/phi in Skim_TriLep_WWW.root
2026-04-12 12:42:46,121 - INFO - [2023BPix] MISSING_CENTRAL: SR3Mu/Central/bjets/2/phi in Skim_TriLep_ggHToZZTo4L.root
2026-04-12 20:50:56,562 - INFO - [2022] MISSING_CENTRAL: SR3Mu/Central/bjets/2/phi in Skim_TriLep_DoubleMuon_C.root
2026-04-12 20:50:56,629 - INFO - [2023] MISSING_CENTRAL: SR3Mu/Central/bjets/2/phi in Skim_TriLep_Muon0_C_v2.root
2026-04-12 20:50:56,631 - INFO - [2023] MISSING_CENTRAL: SR3Mu/Central/bjets/2/phi in Skim_TriLep_Muon1_C_v3.root
2026-04-12 20:50:56,633 - INFO - [2023BPix] MISSING_CENTRAL: SR3Mu/Central/bjets/2/phi in Skim_TriLep_Muon0_D_v2.root
2026-04-12 20:50:56,639 - INFO - [2022] MISSING_CENTRAL: SR3Mu/Central/bjets/2/phi in Skim_TriLep_DoubleMuon_C.root
2026-04-12 20:50:56,651 - INFO - [2022] MISSING_CENTRAL: SR3Mu/Central/bjets/2/phi in Skim_TriLep_DYJets.root
2026-04-12 20:50:56,652 - INFO - [2022] MISSING_CENTRAL: SR3Mu/Central/bjets/2/phi in Skim_TriLep_DYJets10to50.root
2026-04-12 20:50:56,672 - INFO - [2022] MISSING_CENTRAL: SR3Mu/Central/bjets/2/phi in Skim_TriLep_TTG_PTG200toInf.root
2026-04-12 20:50:56,724 - INFO - [2022] MISSING_CENTRAL: SR3Mu/Central/bjets/2/phi in Skim_TriLep_WWW.root
2026-04-12 20:50:56,749 - INFO - [2022] MISSING_CENTRAL: SR3Mu/Central/bjets/2/phi in Skim_TriLep_VBFHToZZTo4L.root
2026-04-12 20:50:56,757 - INFO - [2022EE] MISSING_CENTRAL: SR3Mu/Central/bjets/2/phi in Skim_TriLep_DYJets.root
2026-04-12 20:50:56,758 - INFO - [2022EE] MISSING_CENTRAL: SR3Mu/Central/bjets/2/phi in Skim_TriLep_DYJets10to50.root
2026-04-12 20:50:56,890 - INFO - [2023] MISSING_CENTRAL: SR3Mu/Central/bjets/2/phi in Skim_TriLep_Muon1_C_v2.root
2026-04-12 20:50:56,900 - INFO - [2023] MISSING_CENTRAL: SR3Mu/Central/bjets/2/phi in Skim_TriLep_DYJets10to50.root
2026-04-12 20:50:56,908 - INFO - [2023] MISSING_CENTRAL: SR3Mu/Central/bjets/2/phi in Skim_TriLep_TTG_PTG100to200.root
2026-04-12 20:50:56,979 - INFO - [2023] MISSING_CENTRAL: SR3Mu/Central/bjets/2/phi in Skim_TriLep_WWW.root
2026-04-12 20:50:57,029 - INFO - [2023BPix] MISSING_CENTRAL: SR3Mu/Central/bjets/2/phi in Skim_TriLep_Muon0_D_v2.root
2026-04-12 20:50:57,031 - INFO - [2023BPix] MISSING_CENTRAL: SR3Mu/Central/bjets/2/phi in Skim_TriLep_DYJets.root
2026-04-12 20:50:57,032 - INFO - [2023BPix] MISSING_CENTRAL: SR3Mu/Central/bjets/2/phi in Skim_TriLep_DYJets10to50.root
2026-04-12 20:50:57,124 - INFO - [2023BPix] MISSING_CENTRAL: SR3Mu/Central/bjets/2/phi in Skim_TriLep_WWW.root
2026-04-12 20:50:57,167 - INFO - [2023BPix] MISSING_CENTRAL: SR3Mu/Central/bjets/2/phi in Skim_TriLep_ggHToZZTo4L.root
2026-04-12 21:22:30,726 - INFO - [2022] MISSING_CENTRAL: SR3Mu/Central/bjets/2/phi in Skim_TriLep_DoubleMuon_C.root
2026-04-12 21:22:30,794 - INFO - [2023] MISSING_CENTRAL: SR3Mu/Central/bjets/2/phi in Skim_TriLep_Muon0_C_v2.root
2026-04-12 21:22:30,797 - INFO - [2023] MISSING_CENTRAL: SR3Mu/Central/bjets/2/phi in Skim_TriLep_Muon1_C_v3.root
2026-04-12 21:22:30,799 - INFO - [2023BPix] MISSING_CENTRAL: SR3Mu/Central/bjets/2/phi in Skim_TriLep_Muon0_D_v2.root
2026-04-12 21:22:30,814 - INFO - [2022] MISSING_CENTRAL: SR3Mu/Central/bjets/2/phi in Skim_TriLep_DoubleMuon_C.root
2026-04-12 21:22:30,842 - INFO - [2022] MISSING_CENTRAL: SR3Mu/Central/bjets/2/phi in Skim_TriLep_DYJets.root
2026-04-12 21:22:30,844 - INFO - [2022] MISSING_CENTRAL: SR3Mu/Central/bjets/2/phi in Skim_TriLep_DYJets10to50.root
2026-04-12 21:22:30,886 - INFO - [2022] MISSING_CENTRAL: SR3Mu/Central/bjets/2/phi in Skim_TriLep_TTG_PTG200toInf.root
2026-04-12 21:22:30,961 - INFO - [2022] MISSING_CENTRAL: SR3Mu/Central/bjets/2/phi in Skim_TriLep_WWW.root
2026-04-12 21:22:30,989 - INFO - [2022] MISSING_CENTRAL: SR3Mu/Central/bjets/2/phi in Skim_TriLep_VBFHToZZTo4L.root
2026-04-12 21:22:30,999 - INFO - [2022EE] MISSING_CENTRAL: SR3Mu/Central/bjets/2/phi in Skim_TriLep_DYJets.root
2026-04-12 21:22:31,000 - INFO - [2022EE] MISSING_CENTRAL: SR3Mu/Central/bjets/2/phi in Skim_TriLep_DYJets10to50.root
2026-04-12 21:22:31,130 - INFO - [2023] MISSING_CENTRAL: SR3Mu/Central/bjets/2/phi in Skim_TriLep_Muon1_C_v2.root
2026-04-12 21:22:31,139 - INFO - [2023] MISSING_CENTRAL: SR3Mu/Central/bjets/2/phi in Skim_TriLep_DYJets10to50.root
2026-04-12 21:22:31,146 - INFO - [2023] MISSING_CENTRAL: SR3Mu/Central/bjets/2/phi in Skim_TriLep_TTG_PTG100to200.root
2026-04-12 21:22:31,207 - INFO - [2023] MISSING_CENTRAL: SR3Mu/Central/bjets/2/phi in Skim_TriLep_WWW.root
2026-04-12 21:22:31,256 - INFO - [2023BPix] MISSING_CENTRAL: SR3Mu/Central/bjets/2/phi in Skim_TriLep_Muon0_D_v2.root
2026-04-12 21:22:31,258 - INFO - [2023BPix] MISSING_CENTRAL: SR3Mu/Central/bjets/2/phi in Skim_TriLep_DYJets.root
2026-04-12 21:22:31,259 - INFO - [2023BPix] MISSING_CENTRAL: SR3Mu/Central/bjets/2/phi in Skim_TriLep_DYJets10to50.root
2026-04-12 21:22:31,354 - INFO - [2023BPix] MISSING_CENTRAL: SR3Mu/Central/bjets/2/phi in Skim_TriLep_WWW.root
2026-04-12 21:22:31,401 - INFO - [2023BPix] MISSING_CENTRAL: SR3Mu/Central/bjets/2/phi in Skim_TriLep_ggHToZZTo4L.root
2026-04-13 13:00:20,431 - INFO - [2022] MISSING_CENTRAL: SR3Mu/Central/bjets/2/phi in Skim_TriLep_DoubleMuon_C.root
2026-04-13 13:00:20,503 - INFO - [2023] MISSING_CENTRAL: SR3Mu/Central/bjets/2/phi in Skim_TriLep_Muon0_C_v2.root
2026-04-13 13:00:20,505 - INFO - [2023] MISSING_CENTRAL: SR3Mu/Central/bjets/2/phi in Skim_TriLep_Muon1_C_v3.root
2026-04-13 13:00:20,507 - INFO - [2023BPix] MISSING_CENTRAL: SR3Mu/Central/bjets/2/phi in Skim_TriLep_Muon0_D_v2.root
2026-04-13 13:00:20,513 - INFO - [2022] MISSING_CENTRAL: SR3Mu/Central/bjets/2/phi in Skim_TriLep_DoubleMuon_C.root
2026-04-13 13:00:20,520 - INFO - [2022] MISSING_CENTRAL: SR3Mu/Central/bjets/2/phi in Skim_TriLep_DYJets.root
2026-04-13 13:00:20,521 - INFO - [2022] MISSING_CENTRAL: SR3Mu/Central/bjets/2/phi in Skim_TriLep_DYJets10to50.root
2026-04-13 13:00:20,541 - INFO - [2022] MISSING_CENTRAL: SR3Mu/Central/bjets/2/phi in Skim_TriLep_TTG_PTG200toInf.root
2026-04-13 13:00:20,595 - INFO - [2022] MISSING_CENTRAL: SR3Mu/Central/bjets/2/phi in Skim_TriLep_WWW.root
2026-04-13 13:00:20,621 - INFO - [2022] MISSING_CENTRAL: SR3Mu/Central/bjets/2/phi in Skim_TriLep_VBFHToZZTo4L.root
2026-04-13 13:00:20,629 - INFO - [2022EE] MISSING_CENTRAL: SR3Mu/Central/bjets/2/phi in Skim_TriLep_DYJets.root
2026-04-13 13:00:20,629 - INFO - [2022EE] MISSING_CENTRAL: SR3Mu/Central/bjets/2/phi in Skim_TriLep_DYJets10to50.root
2026-04-13 13:00:20,767 - INFO - [2023] MISSING_CENTRAL: SR3Mu/Central/bjets/2/phi in Skim_TriLep_Muon1_C_v2.root
2026-04-13 13:00:20,777 - INFO - [2023] MISSING_CENTRAL: SR3Mu/Central/bjets/2/phi in Skim_TriLep_DYJets10to50.root
2026-04-13 13:00:20,785 - INFO - [2023] MISSING_CENTRAL: SR3Mu/Central/bjets/2/phi in Skim_TriLep_TTG_PTG100to200.root
2026-04-13 13:00:20,858 - INFO - [2023] MISSING_CENTRAL: SR3Mu/Central/bjets/2/phi in Skim_TriLep_WWW.root
2026-04-13 13:00:20,906 - INFO - [2023BPix] MISSING_CENTRAL: SR3Mu/Central/bjets/2/phi in Skim_TriLep_Muon0_D_v2.root
2026-04-13 13:00:20,908 - INFO - [2023BPix] MISSING_CENTRAL: SR3Mu/Central/bjets/2/phi in Skim_TriLep_DYJets.root
2026-04-13 13:00:20,909 - INFO - [2023BPix] MISSING_CENTRAL: SR3Mu/Central/bjets/2/phi in Skim_TriLep_DYJets10to50.root
2026-04-13 13:00:20,999 - INFO - [2023BPix] MISSING_CENTRAL: SR3Mu/Central/bjets/2/phi in Skim_TriLep_WWW.root
2026-04-13 13:00:21,045 - INFO - [2023BPix] MISSING_CENTRAL: SR3Mu/Central/bjets/2/phi in Skim_TriLep_ggHToZZTo4L.root
2026-04-16 17:32:37,352 - INFO - [2022] MISSING_CENTRAL: SR3Mu/Central/bjets/2/phi in Skim_TriLep_DoubleMuon_C.root
2026-04-16 17:32:37,427 - INFO - [2023] MISSING_CENTRAL: SR3Mu/Central/bjets/2/phi in Skim_TriLep_Muon0_C_v2.root
2026-04-16 17:32:37,430 - INFO - [2023] MISSING_CENTRAL: SR3Mu/Central/bjets/2/phi in Skim_TriLep_Muon1_C_v3.root
2026-04-16 17:32:37,432 - INFO - [2023BPix] MISSING_CENTRAL: SR3Mu/Central/bjets/2/phi in Skim_TriLep_Muon0_D_v2.root
2026-04-16 17:32:37,438 - INFO - [2022] MISSING_CENTRAL: SR3Mu/Central/bjets/2/phi in Skim_TriLep_DoubleMuon_C.root
2026-04-16 17:32:37,446 - INFO - [2022] MISSING_CENTRAL: SR3Mu/Central/bjets/2/phi in Skim_TriLep_DYJets.root
2026-04-16 17:32:37,447 - INFO - [2022] MISSING_CENTRAL: SR3Mu/Central/bjets/2/phi in Skim_TriLep_DYJets10to50.root
2026-04-16 17:32:37,470 - INFO - [2022] MISSING_CENTRAL: SR3Mu/Central/bjets/2/phi in Skim_TriLep_TTG_PTG200toInf.root
2026-04-16 17:32:37,529 - INFO - [2022] MISSING_CENTRAL: SR3Mu/Central/bjets/2/phi in Skim_TriLep_WWW.root
2026-04-16 17:32:37,558 - INFO - [2022] MISSING_CENTRAL: SR3Mu/Central/bjets/2/phi in Skim_TriLep_VBFHToZZTo4L.root
2026-04-16 17:32:37,568 - INFO - [2022EE] MISSING_CENTRAL: SR3Mu/Central/bjets/2/phi in Skim_TriLep_DYJets.root
2026-04-16 17:32:37,568 - INFO - [2022EE] MISSING_CENTRAL: SR3Mu/Central/bjets/2/phi in Skim_TriLep_DYJets10to50.root
2026-04-16 17:32:37,705 - INFO - [2023] MISSING_CENTRAL: SR3Mu/Central/bjets/2/phi in Skim_TriLep_Muon1_C_v2.root
2026-04-16 17:32:37,715 - INFO - [2023] MISSING_CENTRAL: SR3Mu/Central/bjets/2/phi in Skim_TriLep_DYJets10to50.root
2026-04-16 17:32:37,723 - INFO - [2023] MISSING_CENTRAL: SR3Mu/Central/bjets/2/phi in Skim_TriLep_TTG_PTG100to200.root
2026-04-16 17:32:37,789 - INFO - [2023] MISSING_CENTRAL: SR3Mu/Central/bjets/2/phi in Skim_TriLep_WWW.root
2026-04-16 17:32:37,837 - INFO - [2023BPix] MISSING_CENTRAL: SR3Mu/Central/bjets/2/phi in Skim_TriLep_Muon0_D_v2.root
2026-04-16 17:32:37,839 - INFO - [2023BPix] MISSING_CENTRAL: SR3Mu/Central/bjets/2/phi in Skim_TriLep_DYJets.root
2026-04-16 17:32:37,841 - INFO - [2023BPix] MISSING_CENTRAL: SR3Mu/Central/bjets/2/phi in Skim_TriLep_DYJets10to50.root
2026-04-16 17:32:37,925 - INFO - [2023BPix] MISSING_CENTRAL: SR3Mu/Central/bjets/2/phi in Skim_TriLep_WWW.root
2026-04-16 17:32:37,966 - INFO - [2023BPix] MISSING_CENTRAL: SR3Mu/Central/bjets/2/phi in Skim_TriLep_ggHToZZTo4L.root
2026-04-16 17:42:52,214 - INFO - [2022] MISSING_CENTRAL: SR3Mu/Central/bjets/2/phi in Skim_TriLep_DoubleMuon_C.root
2026-04-16 17:42:52,286 - INFO - [2023] MISSING_CENTRAL: SR3Mu/Central/bjets/2/phi in Skim_TriLep_Muon0_C_v2.root
2026-04-16 17:42:52,289 - INFO - [2023] MISSING_CENTRAL: SR3Mu/Central/bjets/2/phi in Skim_TriLep_Muon1_C_v3.root
2026-04-16 17:42:52,290 - INFO - [2023BPix] MISSING_CENTRAL: SR3Mu/Central/bjets/2/phi in Skim_TriLep_Muon0_D_v2.root
2026-04-16 17:42:52,296 - INFO - [2022] MISSING_CENTRAL: SR3Mu/Central/bjets/2/phi in Skim_TriLep_DoubleMuon_C.root
2026-04-16 17:42:52,303 - INFO - [2022] MISSING_CENTRAL: SR3Mu/Central/bjets/2/phi in Skim_TriLep_DYJets.root
2026-04-16 17:42:52,304 - INFO - [2022] MISSING_CENTRAL: SR3Mu/Central/bjets/2/phi in Skim_TriLep_DYJets10to50.root
2026-04-16 17:42:52,326 - INFO - [2022] MISSING_CENTRAL: SR3Mu/Central/bjets/2/phi in Skim_TriLep_TTG_PTG200toInf.root
2026-04-16 17:42:52,385 - INFO - [2022] MISSING_CENTRAL: SR3Mu/Central/bjets/2/phi in Skim_TriLep_WWW.root
2026-04-16 17:42:52,414 - INFO - [2022] MISSING_CENTRAL: SR3Mu/Central/bjets/2/phi in Skim_TriLep_VBFHToZZTo4L.root
2026-04-16 17:42:52,424 - INFO - [2022EE] MISSING_CENTRAL: SR3Mu/Central/bjets/2/phi in Skim_TriLep_DYJets.root
2026-04-16 17:42:52,424 - INFO - [2022EE] MISSING_CENTRAL: SR3Mu/Central/bjets/2/phi in Skim_TriLep_DYJets10to50.root
2026-04-16 17:42:52,567 - INFO - [2023] MISSING_CENTRAL: SR3Mu/Central/bjets/2/phi in Skim_TriLep_Muon1_C_v2.root
2026-04-16 17:42:52,578 - INFO - [2023] MISSING_CENTRAL: SR3Mu/Central/bjets/2/phi in Skim_TriLep_DYJets10to50.root
2026-04-16 17:42:52,586 - INFO - [2023] MISSING_CENTRAL: SR3Mu/Central/bjets/2/phi in Skim_TriLep_TTG_PTG100to200.root
2026-04-16 17:42:52,659 - INFO - [2023] MISSING_CENTRAL: SR3Mu/Central/bjets/2/phi in Skim_TriLep_WWW.root
2026-04-16 17:42:52,709 - INFO - [2023BPix] MISSING_CENTRAL: SR3Mu/Central/bjets/2/phi in Skim_TriLep_Muon0_D_v2.root
2026-04-16 17:42:52,711 - INFO - [2023BPix] MISSING_CENTRAL: SR3Mu/Central/bjets/2/phi in Skim_TriLep_DYJets.root
2026-04-16 17:42:52,712 - INFO - [2023BPix] MISSING_CENTRAL: SR3Mu/Central/bjets/2/phi in Skim_TriLep_DYJets10to50.root
2026-04-16 17:42:52,806 - INFO - [2023BPix] MISSING_CENTRAL: SR3Mu/Central/bjets/2/phi in Skim_TriLep_WWW.root
2026-04-16 17:42:52,851 - INFO - [2023BPix] MISSING_CENTRAL: SR3Mu/Central/bjets/2/phi in Skim_TriLep_ggHToZZTo4L.root
2026-04-28 15:13:16,497 - INFO - [2022] MISSING_CENTRAL: SR3Mu/Central/bjets/2/phi in Skim_TriLep_DoubleMuon_C.root
2026-04-28 15:13:16,572 - INFO - [2023] MISSING_CENTRAL: SR3Mu/Central/bjets/2/phi in Skim_TriLep_Muon0_C_v2.root
2026-04-28 15:13:16,575 - INFO - [2023] MISSING_CENTRAL: SR3Mu/Central/bjets/2/phi in Skim_TriLep_Muon1_C_v3.root
2026-04-28 15:13:16,576 - INFO - [2023BPix] MISSING_CENTRAL: SR3Mu/Central/bjets/2/phi in Skim_TriLep_Muon0_D_v2.root
2026-04-28 15:13:16,582 - INFO - [2022] MISSING_CENTRAL: SR3Mu/Central/bjets/2/phi in Skim_TriLep_DoubleMuon_C.root
2026-04-28 15:13:16,588 - INFO - [2022] MISSING_CENTRAL: SR3Mu/Central/bjets/2/phi in Skim_TriLep_DYJets.root
2026-04-28 15:13:16,589 - INFO - [2022] MISSING_CENTRAL: SR3Mu/Central/bjets/2/phi in Skim_TriLep_DYJets10to50.root
2026-04-28 15:13:16,611 - INFO - [2022] MISSING_CENTRAL: SR3Mu/Central/bjets/2/phi in Skim_TriLep_TTG_PTG200toInf.root
2026-04-28 15:13:16,673 - INFO - [2022] MISSING_CENTRAL: SR3Mu/Central/bjets/2/phi in Skim_TriLep_WWW.root
2026-04-28 15:13:16,703 - INFO - [2022] MISSING_CENTRAL: SR3Mu/Central/bjets/2/phi in Skim_TriLep_VBFHToZZTo4L.root
2026-04-28 15:13:16,712 - INFO - [2022EE] MISSING_CENTRAL: SR3Mu/Central/bjets/2/phi in Skim_TriLep_DYJets.root
2026-04-28 15:13:16,713 - INFO - [2022EE] MISSING_CENTRAL: SR3Mu/Central/bjets/2/phi in Skim_TriLep_DYJets10to50.root
2026-04-28 15:13:16,856 - INFO - [2023] MISSING_CENTRAL: SR3Mu/Central/bjets/2/phi in Skim_TriLep_Muon1_C_v2.root
2026-04-28 15:13:16,866 - INFO - [2023] MISSING_CENTRAL: SR3Mu/Central/bjets/2/phi in Skim_TriLep_DYJets10to50.root
2026-04-28 15:13:16,875 - INFO - [2023] MISSING_CENTRAL: SR3Mu/Central/bjets/2/phi in Skim_TriLep_TTG_PTG100to200.root
2026-04-28 15:13:16,952 - INFO - [2023] MISSING_CENTRAL: SR3Mu/Central/bjets/2/phi in Skim_TriLep_WWW.root
2026-04-28 15:13:17,006 - INFO - [2023BPix] MISSING_CENTRAL: SR3Mu/Central/bjets/2/phi in Skim_TriLep_Muon0_D_v2.root
2026-04-28 15:13:17,009 - INFO - [2023BPix] MISSING_CENTRAL: SR3Mu/Central/bjets/2/phi in Skim_TriLep_DYJets.root
2026-04-28 15:13:17,010 - INFO - [2023BPix] MISSING_CENTRAL: SR3Mu/Central/bjets/2/phi in Skim_TriLep_DYJets10to50.root
2026-04-28 15:13:17,108 - INFO - [2023BPix] MISSING_CENTRAL: SR3Mu/Central/bjets/2/phi in Skim_TriLep_WWW.root
2026-04-28 15:13:17,153 - INFO - [2023BPix] MISSING_CENTRAL: SR3Mu/Central/bjets/2/phi in Skim_TriLep_ggHToZZTo4L.root
2026-04-28 15:19:32,303 - INFO - [2022] MISSING_CENTRAL: SR3Mu/Central/bjets/2/phi in Skim_TriLep_DoubleMuon_C.root
2026-04-28 15:19:32,406 - INFO - [2023] MISSING_CENTRAL: SR3Mu/Central/bjets/2/phi in Skim_TriLep_Muon0_C_v2.root
2026-04-28 15:19:32,408 - INFO - [2023] MISSING_CENTRAL: SR3Mu/Central/bjets/2/phi in Skim_TriLep_Muon1_C_v3.root
2026-04-28 15:19:32,410 - INFO - [2023BPix] MISSING_CENTRAL: SR3Mu/Central/bjets/2/phi in Skim_TriLep_Muon0_D_v2.root
2026-04-28 15:19:32,416 - INFO - [2022] MISSING_CENTRAL: SR3Mu/Central/bjets/2/phi in Skim_TriLep_DoubleMuon_C.root
2026-04-28 15:19:32,424 - INFO - [2022] MISSING_CENTRAL: SR3Mu/Central/bjets/2/phi in Skim_TriLep_DYJets.root
2026-04-28 15:19:32,425 - INFO - [2022] MISSING_CENTRAL: SR3Mu/Central/bjets/2/phi in Skim_TriLep_DYJets10to50.root
2026-04-28 15:19:32,447 - INFO - [2022] MISSING_CENTRAL: SR3Mu/Central/bjets/2/phi in Skim_TriLep_TTG_PTG200toInf.root
2026-04-28 15:19:32,506 - INFO - [2022] MISSING_CENTRAL: SR3Mu/Central/bjets/2/phi in Skim_TriLep_WWW.root
2026-04-28 15:19:32,535 - INFO - [2022] MISSING_CENTRAL: SR3Mu/Central/bjets/2/phi in Skim_TriLep_VBFHToZZTo4L.root
2026-04-28 15:19:32,544 - INFO - [2022EE] MISSING_CENTRAL: SR3Mu/Central/bjets/2/phi in Skim_TriLep_DYJets.root
2026-04-28 15:19:32,544 - INFO - [2022EE] MISSING_CENTRAL: SR3Mu/Central/bjets/2/phi in Skim_TriLep_DYJets10to50.root
2026-04-28 15:19:32,684 - INFO - [2023] MISSING_CENTRAL: SR3Mu/Central/bjets/2/phi in Skim_TriLep_Muon1_C_v2.root
2026-04-28 15:19:32,694 - INFO - [2023] MISSING_CENTRAL: SR3Mu/Central/bjets/2/phi in Skim_TriLep_DYJets10to50.root
2026-04-28 15:19:32,702 - INFO - [2023] MISSING_CENTRAL: SR3Mu/Central/bjets/2/phi in Skim_TriLep_TTG_PTG100to200.root
2026-04-28 15:19:32,774 - INFO - [2023] MISSING_CENTRAL: SR3Mu/Central/bjets/2/phi in Skim_TriLep_WWW.root
2026-04-28 15:19:32,823 - INFO - [2023BPix] MISSING_CENTRAL: SR3Mu/Central/bjets/2/phi in Skim_TriLep_Muon0_D_v2.root
2026-04-28 15:19:32,825 - INFO - [2023BPix] MISSING_CENTRAL: SR3Mu/Central/bjets/2/phi in Skim_TriLep_DYJets.root
2026-04-28 15:19:32,826 - INFO - [2023BPix] MISSING_CENTRAL: SR3Mu/Central/bjets/2/phi in Skim_TriLep_DYJets10to50.root
2026-04-28 15:19:32,918 - INFO - [2023BPix] MISSING_CENTRAL: SR3Mu/Central/bjets/2/phi in Skim_TriLep_WWW.root
2026-04-28 15:19:32,961 - INFO - [2023BPix] MISSING_CENTRAL: SR3Mu/Central/bjets/2/phi in Skim_TriLep_ggHToZZTo4L.root
2026-04-28 15:21:37,422 - INFO - [2022] MISSING_CENTRAL: SR3Mu/Central/bjets/2/phi in Skim_TriLep_DoubleMuon_C.root
2026-04-28 15:21:37,497 - INFO - [2023] MISSING_CENTRAL: SR3Mu/Central/bjets/2/phi in Skim_TriLep_Muon0_C_v2.root
2026-04-28 15:21:37,500 - INFO - [2023] MISSING_CENTRAL: SR3Mu/Central/bjets/2/phi in Skim_TriLep_Muon1_C_v3.root
2026-04-28 15:21:37,501 - INFO - [2023BPix] MISSING_CENTRAL: SR3Mu/Central/bjets/2/phi in Skim_TriLep_Muon0_D_v2.root
2026-04-28 15:21:37,507 - INFO - [2022] MISSING_CENTRAL: SR3Mu/Central/bjets/2/phi in Skim_TriLep_DoubleMuon_C.root
2026-04-28 15:21:37,515 - INFO - [2022] MISSING_CENTRAL: SR3Mu/Central/bjets/2/phi in Skim_TriLep_DYJets.root
2026-04-28 15:21:37,516 - INFO - [2022] MISSING_CENTRAL: SR3Mu/Central/bjets/2/phi in Skim_TriLep_DYJets10to50.root
2026-04-28 15:21:37,537 - INFO - [2022] MISSING_CENTRAL: SR3Mu/Central/bjets/2/phi in Skim_TriLep_TTG_PTG200toInf.root
2026-04-28 15:21:37,595 - INFO - [2022] MISSING_CENTRAL: SR3Mu/Central/bjets/2/phi in Skim_TriLep_WWW.root
2026-04-28 15:21:37,623 - INFO - [2022] MISSING_CENTRAL: SR3Mu/Central/bjets/2/phi in Skim_TriLep_VBFHToZZTo4L.root
2026-04-28 15:21:37,633 - INFO - [2022EE] MISSING_CENTRAL: SR3Mu/Central/bjets/2/phi in Skim_TriLep_DYJets.root
2026-04-28 15:21:37,634 - INFO - [2022EE] MISSING_CENTRAL: SR3Mu/Central/bjets/2/phi in Skim_TriLep_DYJets10to50.root
2026-04-28 15:21:37,771 - INFO - [2023] MISSING_CENTRAL: SR3Mu/Central/bjets/2/phi in Skim_TriLep_Muon1_C_v2.root
2026-04-28 15:21:37,780 - INFO - [2023] MISSING_CENTRAL: SR3Mu/Central/bjets/2/phi in Skim_TriLep_DYJets10to50.root
2026-04-28 15:21:37,789 - INFO - [2023] MISSING_CENTRAL: SR3Mu/Central/bjets/2/phi in Skim_TriLep_TTG_PTG100to200.root
2026-04-28 15:21:37,863 - INFO - [2023] MISSING_CENTRAL: SR3Mu/Central/bjets/2/phi in Skim_TriLep_WWW.root
2026-04-28 15:21:37,914 - INFO - [2023BPix] MISSING_CENTRAL: SR3Mu/Central/bjets/2/phi in Skim_TriLep_Muon0_D_v2.root
2026-04-28 15:21:37,917 - INFO - [2023BPix] MISSING_CENTRAL: SR3Mu/Central/bjets/2/phi in Skim_TriLep_DYJets.root
2026-04-28 15:21:37,918 - INFO - [2023BPix] MISSING_CENTRAL: SR3Mu/Central/bjets/2/phi in Skim_TriLep_DYJets10to50.root
2026-04-28 15:21:38,010 - INFO - [2023BPix] MISSING_CENTRAL: SR3Mu/Central/bjets/2/phi in Skim_TriLep_WWW.root
2026-04-28 15:21:38,061 - INFO - [2023BPix] MISSING_CENTRAL: SR3Mu/Central/bjets/2/phi in Skim_TriLep_ggHToZZTo4L.root
2026-04-28 20:32:43,088 - INFO - [2022] MISSING_CENTRAL: SR3Mu/Central/bjets/2/phi in Skim_TriLep_DoubleMuon_C.root
2026-04-28 20:32:43,167 - INFO - [2023] MISSING_CENTRAL: SR3Mu/Central/bjets/2/phi in Skim_TriLep_Muon0_C_v2.root
2026-04-28 20:32:43,170 - INFO - [2023] MISSING_CENTRAL: SR3Mu/Central/bjets/2/phi in Skim_TriLep_Muon1_C_v3.root
2026-04-28 20:32:43,172 - INFO - [2023BPix] MISSING_CENTRAL: SR3Mu/Central/bjets/2/phi in Skim_TriLep_Muon0_D_v2.root
2026-04-28 20:32:43,177 - INFO - [2022] MISSING_CENTRAL: SR3Mu/Central/bjets/2/phi in Skim_TriLep_DoubleMuon_C.root
2026-04-28 20:32:43,186 - INFO - [2022] MISSING_CENTRAL: SR3Mu/Central/bjets/2/phi in Skim_TriLep_DYJets.root
2026-04-28 20:32:43,187 - INFO - [2022] MISSING_CENTRAL: SR3Mu/Central/bjets/2/phi in Skim_TriLep_DYJets10to50.root
2026-04-28 20:32:43,209 - INFO - [2022] MISSING_CENTRAL: SR3Mu/Central/bjets/2/phi in Skim_TriLep_TTG_PTG200toInf.root
2026-04-28 20:32:43,269 - INFO - [2022] MISSING_CENTRAL: SR3Mu/Central/bjets/2/phi in Skim_TriLep_WWW.root
2026-04-28 20:32:43,298 - INFO - [2022] MISSING_CENTRAL: SR3Mu/Central/bjets/2/phi in Skim_TriLep_VBFHToZZTo4L.root
2026-04-28 20:32:43,308 - INFO - [2022EE] MISSING_CENTRAL: SR3Mu/Central/bjets/2/phi in Skim_TriLep_DYJets.root
2026-04-28 20:32:43,309 - INFO - [2022EE] MISSING_CENTRAL: SR3Mu/Central/bjets/2/phi in Skim_TriLep_DYJets10to50.root
2026-04-28 20:32:43,446 - INFO - [2023] MISSING_CENTRAL: SR3Mu/Central/bjets/2/phi in Skim_TriLep_Muon1_C_v2.root
2026-04-28 20:32:43,456 - INFO - [2023] MISSING_CENTRAL: SR3Mu/Central/bjets/2/phi in Skim_TriLep_DYJets10to50.root
2026-04-28 20:32:43,464 - INFO - [2023] MISSING_CENTRAL: SR3Mu/Central/bjets/2/phi in Skim_TriLep_TTG_PTG100to200.root
2026-04-28 20:32:43,537 - INFO - [2023] MISSING_CENTRAL: SR3Mu/Central/bjets/2/phi in Skim_TriLep_WWW.root
2026-04-28 20:32:43,589 - INFO - [2023BPix] MISSING_CENTRAL: SR3Mu/Central/bjets/2/phi in Skim_TriLep_Muon0_D_v2.root
2026-04-28 20:32:43,591 - INFO - [2023BPix] MISSING_CENTRAL: SR3Mu/Central/bjets/2/phi in Skim_TriLep_DYJets.root
2026-04-28 20:32:43,593 - INFO - [2023BPix] MISSING_CENTRAL: SR3Mu/Central/bjets/2/phi in Skim_TriLep_DYJets10to50.root
2026-04-28 20:32:43,691 - INFO - [2023BPix] MISSING_CENTRAL: SR3Mu/Central/bjets/2/phi in Skim_TriLep_WWW.root
2026-04-28 20:32:43,737 - INFO - [2023BPix] MISSING_CENTRAL: SR3Mu/Central/bjets/2/phi in Skim_TriLep_ggHToZZTo4L.root
2026-04-28 20:34:42,659 - INFO - [2022] MISSING_CENTRAL: SR3Mu/Central/bjets/2/phi in Skim_TriLep_DoubleMuon_C.root
2026-04-28 20:34:42,741 - INFO - [2023] MISSING_CENTRAL: SR3Mu/Central/bjets/2/phi in Skim_TriLep_Muon0_C_v2.root
2026-04-28 20:34:42,744 - INFO - [2023] MISSING_CENTRAL: SR3Mu/Central/bjets/2/phi in Skim_TriLep_Muon1_C_v3.root
2026-04-28 20:34:42,746 - INFO - [2023BPix] MISSING_CENTRAL: SR3Mu/Central/bjets/2/phi in Skim_TriLep_Muon0_D_v2.root
2026-04-28 20:34:42,751 - INFO - [2022] MISSING_CENTRAL: SR3Mu/Central/bjets/2/phi in Skim_TriLep_DoubleMuon_C.root
2026-04-28 20:34:42,759 - INFO - [2022] MISSING_CENTRAL: SR3Mu/Central/bjets/2/phi in Skim_TriLep_DYJets.root
2026-04-28 20:34:42,759 - INFO - [2022] MISSING_CENTRAL: SR3Mu/Central/bjets/2/phi in Skim_TriLep_DYJets10to50.root
2026-04-28 20:34:42,781 - INFO - [2022] MISSING_CENTRAL: SR3Mu/Central/bjets/2/phi in Skim_TriLep_TTG_PTG200toInf.root
2026-04-28 20:34:42,842 - INFO - [2022] MISSING_CENTRAL: SR3Mu/Central/bjets/2/phi in Skim_TriLep_WWW.root
2026-04-28 20:34:42,871 - INFO - [2022] MISSING_CENTRAL: SR3Mu/Central/bjets/2/phi in Skim_TriLep_VBFHToZZTo4L.root
2026-04-28 20:34:42,879 - INFO - [2022EE] MISSING_CENTRAL: SR3Mu/Central/bjets/2/phi in Skim_TriLep_DYJets.root
2026-04-28 20:34:42,880 - INFO - [2022EE] MISSING_CENTRAL: SR3Mu/Central/bjets/2/phi in Skim_TriLep_DYJets10to50.root
2026-04-28 20:34:43,001 - INFO - [2023] MISSING_CENTRAL: SR3Mu/Central/bjets/2/phi in Skim_TriLep_Muon1_C_v2.root
2026-04-28 20:34:43,011 - INFO - [2023] MISSING_CENTRAL: SR3Mu/Central/bjets/2/phi in Skim_TriLep_DYJets10to50.root
2026-04-28 20:34:43,020 - INFO - [2023] MISSING_CENTRAL: SR3Mu/Central/bjets/2/phi in Skim_TriLep_TTG_PTG100to200.root
2026-04-28 20:34:43,090 - INFO - [2023] MISSING_CENTRAL: SR3Mu/Central/bjets/2/phi in Skim_TriLep_WWW.root
2026-04-28 20:34:43,136 - INFO - [2023BPix] MISSING_CENTRAL: SR3Mu/Central/bjets/2/phi in Skim_TriLep_Muon0_D_v2.root
2026-04-28 20:34:43,138 - INFO - [2023BPix] MISSING_CENTRAL: SR3Mu/Central/bjets/2/phi in Skim_TriLep_DYJets.root
2026-04-28 20:34:43,139 - INFO - [2023BPix] MISSING_CENTRAL: SR3Mu/Central/bjets/2/phi in Skim_TriLep_DYJets10to50.root
2026-04-28 20:34:43,230 - INFO - [2023BPix] MISSING_CENTRAL: SR3Mu/Central/bjets/2/phi in Skim_TriLep_WWW.root
2026-04-28 20:34:43,271 - INFO - [2023BPix] MISSING_CENTRAL: SR3Mu/Central/bjets/2/phi in Skim_TriLep_ggHToZZTo4L.root
2026-05-04 15:39:11,034 - INFO - [2022] MISSING_CENTRAL: SR3Mu/Central/bjets/2/phi in Skim_TriLep_DoubleMuon_C.root
2026-05-04 15:39:11,108 - INFO - [2023] MISSING_CENTRAL: SR3Mu/Central/bjets/2/phi in Skim_TriLep_Muon0_C_v2.root
2026-05-04 15:39:11,111 - INFO - [2023] MISSING_CENTRAL: SR3Mu/Central/bjets/2/phi in Skim_TriLep_Muon1_C_v3.root
2026-05-04 15:39:11,112 - INFO - [2023BPix] MISSING_CENTRAL: SR3Mu/Central/bjets/2/phi in Skim_TriLep_Muon0_D_v2.root
2026-05-04 15:39:11,119 - INFO - [2022] MISSING_CENTRAL: SR3Mu/Central/bjets/2/phi in Skim_TriLep_DoubleMuon_C.root
2026-05-04 15:39:11,127 - INFO - [2022] MISSING_CENTRAL: SR3Mu/Central/bjets/2/phi in Skim_TriLep_DYJets.root
2026-05-04 15:39:11,127 - INFO - [2022] MISSING_CENTRAL: SR3Mu/Central/bjets/2/phi in Skim_TriLep_DYJets10to50.root
2026-05-04 15:39:11,149 - INFO - [2022] MISSING_CENTRAL: SR3Mu/Central/bjets/2/phi in Skim_TriLep_TTG_PTG200toInf.root
2026-05-04 15:39:11,206 - INFO - [2022] MISSING_CENTRAL: SR3Mu/Central/bjets/2/phi in Skim_TriLep_WWW.root
2026-05-04 15:39:11,234 - INFO - [2022] MISSING_CENTRAL: SR3Mu/Central/bjets/2/phi in Skim_TriLep_VBFHToZZTo4L.root
2026-05-04 15:39:11,243 - INFO - [2022EE] MISSING_CENTRAL: SR3Mu/Central/bjets/2/phi in Skim_TriLep_DYJets.root
2026-05-04 15:39:11,243 - INFO - [2022EE] MISSING_CENTRAL: SR3Mu/Central/bjets/2/phi in Skim_TriLep_DYJets10to50.root
2026-05-04 15:39:11,384 - INFO - [2023] MISSING_CENTRAL: SR3Mu/Central/bjets/2/phi in Skim_TriLep_Muon1_C_v2.root
2026-05-04 15:39:11,393 - INFO - [2023] MISSING_CENTRAL: SR3Mu/Central/bjets/2/phi in Skim_TriLep_DYJets10to50.root
2026-05-04 15:39:11,402 - INFO - [2023] MISSING_CENTRAL: SR3Mu/Central/bjets/2/phi in Skim_TriLep_TTG_PTG100to200.root
2026-05-04 15:39:11,487 - INFO - [2023] MISSING_CENTRAL: SR3Mu/Central/bjets/2/phi in Skim_TriLep_WWW.root
2026-05-04 15:39:11,550 - INFO - [2023BPix] MISSING_CENTRAL: SR3Mu/Central/bjets/2/phi in Skim_TriLep_Muon0_D_v2.root
2026-05-04 15:39:11,552 - INFO - [2023BPix] MISSING_CENTRAL: SR3Mu/Central/bjets/2/phi in Skim_TriLep_DYJets.root
2026-05-04 15:39:11,552 - INFO - [2023BPix] MISSING_CENTRAL: SR3Mu/Central/bjets/2/phi in Skim_TriLep_DYJets10to50.root
2026-05-04 15:39:11,668 - INFO - [2023BPix] MISSING_CENTRAL: SR3Mu/Central/bjets/2/phi in Skim_TriLep_WWW.root
2026-05-04 15:39:11,715 - INFO - [2023BPix] MISSING_CENTRAL: SR3Mu/Central/bjets/2/phi in Skim_TriLep_ggHToZZTo4L.root
2026-05-04 15:41:21,643 - INFO - [2022] MISSING_CENTRAL: SR3Mu/Central/bjets/2/phi in Skim_TriLep_DoubleMuon_C.root
2026-05-04 15:41:21,720 - INFO - [2023] MISSING_CENTRAL: SR3Mu/Central/bjets/2/phi in Skim_TriLep_Muon0_C_v2.root
2026-05-04 15:41:21,722 - INFO - [2023] MISSING_CENTRAL: SR3Mu/Central/bjets/2/phi in Skim_TriLep_Muon1_C_v3.root
2026-05-04 15:41:21,724 - INFO - [2023BPix] MISSING_CENTRAL: SR3Mu/Central/bjets/2/phi in Skim_TriLep_Muon0_D_v2.root
2026-05-04 15:41:21,730 - INFO - [2022] MISSING_CENTRAL: SR3Mu/Central/bjets/2/phi in Skim_TriLep_DoubleMuon_C.root
2026-05-04 15:41:21,738 - INFO - [2022] MISSING_CENTRAL: SR3Mu/Central/bjets/2/phi in Skim_TriLep_DYJets.root
2026-05-04 15:41:21,738 - INFO - [2022] MISSING_CENTRAL: SR3Mu/Central/bjets/2/phi in Skim_TriLep_DYJets10to50.root
2026-05-04 15:41:21,761 - INFO - [2022] MISSING_CENTRAL: SR3Mu/Central/bjets/2/phi in Skim_TriLep_TTG_PTG200toInf.root
2026-05-04 15:41:21,817 - INFO - [2022] MISSING_CENTRAL: SR3Mu/Central/bjets/2/phi in Skim_TriLep_WWW.root
2026-05-04 15:41:21,845 - INFO - [2022] MISSING_CENTRAL: SR3Mu/Central/bjets/2/phi in Skim_TriLep_VBFHToZZTo4L.root
2026-05-04 15:41:21,854 - INFO - [2022EE] MISSING_CENTRAL: SR3Mu/Central/bjets/2/phi in Skim_TriLep_DYJets.root
2026-05-04 15:41:21,855 - INFO - [2022EE] MISSING_CENTRAL: SR3Mu/Central/bjets/2/phi in Skim_TriLep_DYJets10to50.root
2026-05-04 15:41:21,992 - INFO - [2023] MISSING_CENTRAL: SR3Mu/Central/bjets/2/phi in Skim_TriLep_Muon1_C_v2.root
2026-05-04 15:41:22,002 - INFO - [2023] MISSING_CENTRAL: SR3Mu/Central/bjets/2/phi in Skim_TriLep_DYJets10to50.root
2026-05-04 15:41:22,010 - INFO - [2023] MISSING_CENTRAL: SR3Mu/Central/bjets/2/phi in Skim_TriLep_TTG_PTG100to200.root
2026-05-04 15:41:22,083 - INFO - [2023] MISSING_CENTRAL: SR3Mu/Central/bjets/2/phi in Skim_TriLep_WWW.root
2026-05-04 15:41:22,183 - INFO - [2023BPix] MISSING_CENTRAL: SR3Mu/Central/bjets/2/phi in Skim_TriLep_Muon0_D_v2.root
2026-05-04 15:41:22,186 - INFO - [2023BPix] MISSING_CENTRAL: SR3Mu/Central/bjets/2/phi in Skim_TriLep_DYJets.root
2026-05-04 15:41:22,190 - INFO - [2023BPix] MISSING_CENTRAL: SR3Mu/Central/bjets/2/phi in Skim_TriLep_DYJets10to50.root
2026-05-04 15:41:22,328 - INFO - [2023BPix] MISSING_CENTRAL: SR3Mu/Central/bjets/2/phi in Skim_TriLep_WWW.root
2026-05-04 15:41:22,369 - INFO - [2023BPix] MISSING_CENTRAL: SR3Mu/Central/bjets/2/phi in Skim_TriLep_ggHToZZTo4L.root
2026-05-04 16:03:20,435 - INFO - [2022] MISSING_CENTRAL: SR3Mu/Central/bjets/2/phi in Skim_TriLep_DoubleMuon_C.root
2026-05-04 16:03:20,513 - INFO - [2023] MISSING_CENTRAL: SR3Mu/Central/bjets/2/phi in Skim_TriLep_Muon0_C_v2.root
2026-05-04 16:03:20,516 - INFO - [2023] MISSING_CENTRAL: SR3Mu/Central/bjets/2/phi in Skim_TriLep_Muon1_C_v3.root
2026-05-04 16:03:20,517 - INFO - [2023BPix] MISSING_CENTRAL: SR3Mu/Central/bjets/2/phi in Skim_TriLep_Muon0_D_v2.root
2026-05-04 16:03:20,523 - INFO - [2022] MISSING_CENTRAL: SR3Mu/Central/bjets/2/phi in Skim_TriLep_DoubleMuon_C.root
2026-05-04 16:03:20,531 - INFO - [2022] MISSING_CENTRAL: SR3Mu/Central/bjets/2/phi in Skim_TriLep_DYJets.root
2026-05-04 16:03:20,532 - INFO - [2022] MISSING_CENTRAL: SR3Mu/Central/bjets/2/phi in Skim_TriLep_DYJets10to50.root
2026-05-04 16:03:20,563 - INFO - [2022] MISSING_CENTRAL: SR3Mu/Central/bjets/2/phi in Skim_TriLep_TTG_PTG200toInf.root
2026-05-04 16:03:20,622 - INFO - [2022] MISSING_CENTRAL: SR3Mu/Central/bjets/2/phi in Skim_TriLep_WWW.root
2026-05-04 16:03:20,650 - INFO - [2022] MISSING_CENTRAL: SR3Mu/Central/bjets/2/phi in Skim_TriLep_VBFHToZZTo4L.root
2026-05-04 16:03:20,659 - INFO - [2022EE] MISSING_CENTRAL: SR3Mu/Central/bjets/2/phi in Skim_TriLep_DYJets.root
2026-05-04 16:03:20,660 - INFO - [2022EE] MISSING_CENTRAL: SR3Mu/Central/bjets/2/phi in Skim_TriLep_DYJets10to50.root
2026-05-04 16:03:20,797 - INFO - [2023] MISSING_CENTRAL: SR3Mu/Central/bjets/2/phi in Skim_TriLep_Muon1_C_v2.root
2026-05-04 16:03:20,806 - INFO - [2023] MISSING_CENTRAL: SR3Mu/Central/bjets/2/phi in Skim_TriLep_DYJets10to50.root
2026-05-04 16:03:20,814 - INFO - [2023] MISSING_CENTRAL: SR3Mu/Central/bjets/2/phi in Skim_TriLep_TTG_PTG100to200.root
2026-05-04 16:03:20,893 - INFO - [2023] MISSING_CENTRAL: SR3Mu/Central/bjets/2/phi in Skim_TriLep_WWW.root
2026-05-04 16:03:20,947 - INFO - [2023BPix] MISSING_CENTRAL: SR3Mu/Central/bjets/2/phi in Skim_TriLep_Muon0_D_v2.root
2026-05-04 16:03:20,949 - INFO - [2023BPix] MISSING_CENTRAL: SR3Mu/Central/bjets/2/phi in Skim_TriLep_DYJets.root
2026-05-04 16:03:20,950 - INFO - [2023BPix] MISSING_CENTRAL: SR3Mu/Central/bjets/2/phi in Skim_TriLep_DYJets10to50.root
2026-05-04 16:03:21,040 - INFO - [2023BPix] MISSING_CENTRAL: SR3Mu/Central/bjets/2/phi in Skim_TriLep_WWW.root
2026-05-04 16:03:21,081 - INFO - [2023BPix] MISSING_CENTRAL: SR3Mu/Central/bjets/2/phi in Skim_TriLep_ggHToZZTo4L.root
2026-05-04 16:05:22,915 - INFO - [2022] MISSING_CENTRAL: SR3Mu/Central/bjets/2/phi in Skim_TriLep_DoubleMuon_C.root
2026-05-04 16:05:22,991 - INFO - [2023] MISSING_CENTRAL: SR3Mu/Central/bjets/2/phi in Skim_TriLep_Muon0_C_v2.root
2026-05-04 16:05:22,994 - INFO - [2023] MISSING_CENTRAL: SR3Mu/Central/bjets/2/phi in Skim_TriLep_Muon1_C_v3.root
2026-05-04 16:05:22,996 - INFO - [2023BPix] MISSING_CENTRAL: SR3Mu/Central/bjets/2/phi in Skim_TriLep_Muon0_D_v2.root
2026-05-04 16:05:23,002 - INFO - [2022] MISSING_CENTRAL: SR3Mu/Central/bjets/2/phi in Skim_TriLep_DoubleMuon_C.root
2026-05-04 16:05:23,009 - INFO - [2022] MISSING_CENTRAL: SR3Mu/Central/bjets/2/phi in Skim_TriLep_DYJets.root
2026-05-04 16:05:23,010 - INFO - [2022] MISSING_CENTRAL: SR3Mu/Central/bjets/2/phi in Skim_TriLep_DYJets10to50.root
2026-05-04 16:05:23,032 - INFO - [2022] MISSING_CENTRAL: SR3Mu/Central/bjets/2/phi in Skim_TriLep_TTG_PTG200toInf.root
2026-05-04 16:05:23,091 - INFO - [2022] MISSING_CENTRAL: SR3Mu/Central/bjets/2/phi in Skim_TriLep_WWW.root
2026-05-04 16:05:23,121 - INFO - [2022] MISSING_CENTRAL: SR3Mu/Central/bjets/2/phi in Skim_TriLep_VBFHToZZTo4L.root
2026-05-04 16:05:23,131 - INFO - [2022EE] MISSING_CENTRAL: SR3Mu/Central/bjets/2/phi in Skim_TriLep_DYJets.root
2026-05-04 16:05:23,132 - INFO - [2022EE] MISSING_CENTRAL: SR3Mu/Central/bjets/2/phi in Skim_TriLep_DYJets10to50.root
2026-05-04 16:05:23,278 - INFO - [2023] MISSING_CENTRAL: SR3Mu/Central/bjets/2/phi in Skim_TriLep_Muon1_C_v2.root
2026-05-04 16:05:23,288 - INFO - [2023] MISSING_CENTRAL: SR3Mu/Central/bjets/2/phi in Skim_TriLep_DYJets10to50.root
2026-05-04 16:05:23,296 - INFO - [2023] MISSING_CENTRAL: SR3Mu/Central/bjets/2/phi in Skim_TriLep_TTG_PTG100to200.root
2026-05-04 16:05:23,369 - INFO - [2023] MISSING_CENTRAL: SR3Mu/Central/bjets/2/phi in Skim_TriLep_WWW.root
2026-05-04 16:05:23,419 - INFO - [2023BPix] MISSING_CENTRAL: SR3Mu/Central/bjets/2/phi in Skim_TriLep_Muon0_D_v2.root
2026-05-04 16:05:23,421 - INFO - [2023BPix] MISSING_CENTRAL: SR3Mu/Central/bjets/2/phi in Skim_TriLep_DYJets.root
2026-05-04 16:05:23,422 - INFO - [2023BPix] MISSING_CENTRAL: SR3Mu/Central/bjets/2/phi in Skim_TriLep_DYJets10to50.root
2026-05-04 16:05:23,504 - INFO - [2023BPix] MISSING_CENTRAL: SR3Mu/Central/bjets/2/phi in Skim_TriLep_WWW.root
2026-05-04 16:05:23,540 - INFO - [2023BPix] MISSING_CENTRAL: SR3Mu/Central/bjets/2/phi in Skim_TriLep_ggHToZZTo4L.root
2026-05-04 17:02:28,906 - INFO - [2022] MISSING_CENTRAL: SR3Mu/Central/bjets/2/phi in Skim_TriLep_DoubleMuon_C.root
2026-05-04 17:02:29,017 - INFO - [2023] MISSING_CENTRAL: SR3Mu/Central/bjets/2/phi in Skim_TriLep_Muon0_C_v2.root
2026-05-04 17:02:29,020 - INFO - [2023] MISSING_CENTRAL: SR3Mu/Central/bjets/2/phi in Skim_TriLep_Muon1_C_v3.root
2026-05-04 17:02:29,021 - INFO - [2023BPix] MISSING_CENTRAL: SR3Mu/Central/bjets/2/phi in Skim_TriLep_Muon0_D_v2.root
2026-05-04 17:02:29,027 - INFO - [2022] MISSING_CENTRAL: SR3Mu/Central/bjets/2/phi in Skim_TriLep_DoubleMuon_C.root
2026-05-04 17:02:29,036 - INFO - [2022] MISSING_CENTRAL: SR3Mu/Central/bjets/2/phi in Skim_TriLep_DYJets.root
2026-05-04 17:02:29,037 - INFO - [2022] MISSING_CENTRAL: SR3Mu/Central/bjets/2/phi in Skim_TriLep_DYJets10to50.root
2026-05-04 17:02:29,059 - INFO - [2022] MISSING_CENTRAL: SR3Mu/Central/bjets/2/phi in Skim_TriLep_TTG_PTG200toInf.root
2026-05-04 17:02:29,121 - INFO - [2022] MISSING_CENTRAL: SR3Mu/Central/bjets/2/phi in Skim_TriLep_WWW.root
2026-05-04 17:02:29,148 - INFO - [2022] MISSING_CENTRAL: SR3Mu/Central/bjets/2/phi in Skim_TriLep_VBFHToZZTo4L.root
2026-05-04 17:02:29,157 - INFO - [2022EE] MISSING_CENTRAL: SR3Mu/Central/bjets/2/phi in Skim_TriLep_DYJets.root
2026-05-04 17:02:29,158 - INFO - [2022EE] MISSING_CENTRAL: SR3Mu/Central/bjets/2/phi in Skim_TriLep_DYJets10to50.root
2026-05-04 17:02:29,307 - INFO - [2023] MISSING_CENTRAL: SR3Mu/Central/bjets/2/phi in Skim_TriLep_Muon1_C_v2.root
2026-05-04 17:02:29,316 - INFO - [2023] MISSING_CENTRAL: SR3Mu/Central/bjets/2/phi in Skim_TriLep_DYJets10to50.root
2026-05-04 17:02:29,325 - INFO - [2023] MISSING_CENTRAL: SR3Mu/Central/bjets/2/phi in Skim_TriLep_TTG_PTG100to200.root
2026-05-04 17:02:29,400 - INFO - [2023] MISSING_CENTRAL: SR3Mu/Central/bjets/2/phi in Skim_TriLep_WWW.root
2026-05-04 17:02:29,455 - INFO - [2023BPix] MISSING_CENTRAL: SR3Mu/Central/bjets/2/phi in Skim_TriLep_Muon0_D_v2.root
2026-05-04 17:02:29,457 - INFO - [2023BPix] MISSING_CENTRAL: SR3Mu/Central/bjets/2/phi in Skim_TriLep_DYJets.root
2026-05-04 17:02:29,458 - INFO - [2023BPix] MISSING_CENTRAL: SR3Mu/Central/bjets/2/phi in Skim_TriLep_DYJets10to50.root
2026-05-04 17:02:29,557 - INFO - [2023BPix] MISSING_CENTRAL: SR3Mu/Central/bjets/2/phi in Skim_TriLep_WWW.root
2026-05-04 17:02:29,603 - INFO - [2023BPix] MISSING_CENTRAL: SR3Mu/Central/bjets/2/phi in Skim_TriLep_ggHToZZTo4L.root
2026-05-04 17:12:16,088 - INFO - [2022] MISSING_CENTRAL: SR3Mu/Central/bjets/2/phi in Skim_TriLep_DoubleMuon_C.root
2026-05-04 17:12:16,169 - INFO - [2023] MISSING_CENTRAL: SR3Mu/Central/bjets/2/phi in Skim_TriLep_Muon0_C_v2.root
2026-05-04 17:12:16,171 - INFO - [2023] MISSING_CENTRAL: SR3Mu/Central/bjets/2/phi in Skim_TriLep_Muon1_C_v3.root
2026-05-04 17:12:16,173 - INFO - [2023BPix] MISSING_CENTRAL: SR3Mu/Central/bjets/2/phi in Skim_TriLep_Muon0_D_v2.root
2026-05-04 17:12:16,179 - INFO - [2022] MISSING_CENTRAL: SR3Mu/Central/bjets/2/phi in Skim_TriLep_DoubleMuon_C.root
2026-05-04 17:12:16,186 - INFO - [2022] MISSING_CENTRAL: SR3Mu/Central/bjets/2/phi in Skim_TriLep_DYJets.root
2026-05-04 17:12:16,187 - INFO - [2022] MISSING_CENTRAL: SR3Mu/Central/bjets/2/phi in Skim_TriLep_DYJets10to50.root
2026-05-04 17:12:16,208 - INFO - [2022] MISSING_CENTRAL: SR3Mu/Central/bjets/2/phi in Skim_TriLep_TTG_PTG200toInf.root
2026-05-04 17:12:16,268 - INFO - [2022] MISSING_CENTRAL: SR3Mu/Central/bjets/2/phi in Skim_TriLep_WWW.root
2026-05-04 17:12:16,297 - INFO - [2022] MISSING_CENTRAL: SR3Mu/Central/bjets/2/phi in Skim_TriLep_VBFHToZZTo4L.root
2026-05-04 17:12:16,307 - INFO - [2022EE] MISSING_CENTRAL: SR3Mu/Central/bjets/2/phi in Skim_TriLep_DYJets.root
2026-05-04 17:12:16,308 - INFO - [2022EE] MISSING_CENTRAL: SR3Mu/Central/bjets/2/phi in Skim_TriLep_DYJets10to50.root
2026-05-04 17:12:16,451 - INFO - [2023] MISSING_CENTRAL: SR3Mu/Central/bjets/2/phi in Skim_TriLep_Muon1_C_v2.root
2026-05-04 17:12:16,461 - INFO - [2023] MISSING_CENTRAL: SR3Mu/Central/bjets/2/phi in Skim_TriLep_DYJets10to50.root
2026-05-04 17:12:16,469 - INFO - [2023] MISSING_CENTRAL: SR3Mu/Central/bjets/2/phi in Skim_TriLep_TTG_PTG100to200.root
2026-05-04 17:12:16,543 - INFO - [2023] MISSING_CENTRAL: SR3Mu/Central/bjets/2/phi in Skim_TriLep_WWW.root
2026-05-04 17:12:16,598 - INFO - [2023BPix] MISSING_CENTRAL: SR3Mu/Central/bjets/2/phi in Skim_TriLep_Muon0_D_v2.root
2026-05-04 17:12:16,600 - INFO - [2023BPix] MISSING_CENTRAL: SR3Mu/Central/bjets/2/phi in Skim_TriLep_DYJets.root
2026-05-04 17:12:16,600 - INFO - [2023BPix] MISSING_CENTRAL: SR3Mu/Central/bjets/2/phi in Skim_TriLep_DYJets10to50.root
2026-05-04 17:12:16,695 - INFO - [2023BPix] MISSING_CENTRAL: SR3Mu/Central/bjets/2/phi in Skim_TriLep_WWW.root
2026-05-04 17:12:16,738 - INFO - [2023BPix] MISSING_CENTRAL: SR3Mu/Central/bjets/2/phi in Skim_TriLep_ggHToZZTo4L.root
