{
  "timestamp": "2025-11-03 19:20:08",
  "sample": "TTToHcToWAToMuMu-MHc160_MA85",
  "sample_type": "signal",
  "channel": "Run1E2Mu",
  "pilot_mode": false,
  "separate_bjets": true,
  "eras": {
    "2016preVFP": {
      "events": 52188,
      "total_weight": 32.77427205203276
    },
    "2016postVFP": {
      "events": 47064,
      "total_weight": 28.462746345021515
    },
    "2017": {
      "events": 102333,
      "total_weight": 71.9918424952848
    },
    "2018": {
      "events": 101658,
      "total_weight": 105.14831159319147
    }
  },
  "folds": {
    "fold_0": {
      "events": 60017,
      "total_weight": 47.20320878435086
    },
    "fold_1": {
      "events": 52155,
      "total_weight": 41.03323831391208
    },
    "fold_2": {
      "events": 61425,
      "total_weight": 48.30400083813947
    },
    "fold_3": {
      "events": 68393,
      "total_weight": 53.643089931927534
    },
    "fold_4": {
      "events": 61253,
      "total_weight": 48.19363461720059
    }
  },
  "total_events": 303243,
  "total_weight": 238.37717248553054
}