{
  "hyperparameters": {
    "signal": "MHc115_MA87",
    "channel": "Combined",
    "iteration": 1,
    "model_idx": 13,
    "num_hidden": 96,
    "optimizer": "RMSprop",
    "initial_lr": 0.0001,
    "weight_decay": 0.00023,
    "scheduler": "ReduceLROnPlateau",
    "pilot_mode": false,
    "num_classes": 4,
    "model_type": "ParticleNet",
    "num_node_features": 9,
    "num_graph_features": 4,
    "dropout_p": 0.4,
    "batch_size": 1024,
    "train_folds": [
      0,
      1,
      2
    ],
    "valid_folds": [
      3
    ]
  },
  "training_summary": {
    "best_epoch": 41,
    "best_train_loss": 0.9271553801692304,
    "best_valid_loss": 0.9597764284129078,
    "best_train_acc": 0.6113796929050749,
    "best_valid_acc": 0.5951887067476959,
    "total_epochs": 49
  },
  "epoch_history": {
    "train_loss": [
      0.9984755856274973,
      0.9816442576162049,
      0.9774875355201079,
      0.96814667024369,
      0.9609428698358407,
      0.9573658779784131,
      0.9547534061435029,
      0.9512632921044988,
      0.9492636085079166,
      0.9460297908136532,
      0.9457537743463286,
      0.9442049205788582,
      0.9440606602024592,
      0.9399569068209275,
      0.9397775383356806,
      0.9391972484873851,
      0.9380391788637696,
      0.9388827145018359,
      0.9345975265194926,
      0.9351791217341684,
      0.9402775492904335,
      0.9319864055260413,
      0.9336687468227481,
      0.9353523477572705,
      0.9361488178665247,
      0.9359430632683127,
      0.9328027493136468,
      0.9313276695729577,
      0.9312113371547617,
      0.9364543916764033,
      0.9323337584424223,
      0.9286393281802673,
      0.9333670110235291,
      0.9296953761028478,
      0.9295465861500015,
      0.9313266385375553,
      0.929083646171744,
      0.9280684288888401,
      0.9310719421396888,
      0.934266866338572,
      0.9328614436780249,
      0.9271553801692304,
      0.9303077037583686,
      0.927703221428371,
      0.9284398453130392,
      0.9270833889521506,
      0.9243195857068732,
      0.9244599579080373,
      0.9293612427129827
    ],
    "valid_loss": [
      1.0368616374746809,
      1.0138520756255,
      1.0093197698423975,
      0.9978793231075387,
      0.9924576280950722,
      0.9929189603519523,
      0.9881353288687768,
      0.984096858756625,
      0.9823035087753973,
      0.9804405456375985,
      0.9794059521420593,
      0.9775945626539586,
      0.9794311702226038,
      0.9732633762685973,
      0.9741636523512232,
      0.9723506642882834,
      0.9722555642695473,
      0.9730362249175113,
      0.9692604406778248,
      0.968199627885927,
      0.9702004932751475,
      0.9660139069533559,
      0.9667172136709464,
      0.9683131267850521,
      0.9694732154629079,
      0.9723478945202018,
      0.9674283458516472,
      0.9654642200527713,
      0.9639508060438812,
      0.9712967447782989,
      0.9645613087639635,
      0.9629863571944766,
      0.9703166661322287,
      0.962670914160626,
      0.9647563413101979,
      0.9668473266446898,
      0.9615183857571393,
      0.9600892678921359,
      0.9659627398978788,
      0.9659543427391704,
      0.9666865684600469,
      0.9597764284129078,
      0.9678922083512945,
      0.9658742131381272,
      0.9609889619282479,
      0.9645592225840202,
      0.9600021009518117,
      0.9614978845288481,
      0.9633177103551551
    ],
    "train_acc": [
      0.5625322619166853,
      0.5705370694237926,
      0.5746974121127607,
      0.5823824895798825,
      0.5869800534681079,
      0.5875925483639838,
      0.5915313913264559,
      0.5941335315916393,
      0.5928546114316972,
      0.5977256793300307,
      0.5972980885536646,
      0.5997461420525898,
      0.600352858694731,
      0.6016645222925029,
      0.603642611154341,
      0.6052123700855953,
      0.6037986240051774,
      0.6036830589304838,
      0.6066434509272172,
      0.606701233464564,
      0.6018532785811691,
      0.608679322326402,
      0.607621901892956,
      0.6042859234034685,
      0.6057670824441242,
      0.6054781697573904,
      0.6068707289074478,
      0.6074389238580244,
      0.607452406450072,
      0.6060925907378445,
      0.6085252355601439,
      0.6091415826251763,
      0.6073888456589905,
      0.6107228980638998,
      0.60946323874974,
      0.6079859318782407,
      0.6104050941084925,
      0.6111177454024361,
      0.6074620368729632,
      0.603488524388083,
      0.6066627117729994,
      0.6113796929050749,
      0.6084558965153278,
      0.6100583988844118,
      0.6079840057936624,
      0.6109000978450966,
      0.6124910437067113,
      0.6124910437067113,
      0.6064142468624082
    ],
    "valid_acc": [
      0.5453490458143655,
      0.5557374475814589,
      0.5596057677213913,
      0.5678301527145516,
      0.5719731796470298,
      0.5717433229430628,
      0.5760433251855672,
      0.5773495840154285,
      0.5782353732648622,
      0.5812403291996502,
      0.5822550624537484,
      0.5836510214607674,
      0.5840322472136883,
      0.5858262507568452,
      0.5880575426636467,
      0.5891787948781199,
      0.5869250779270289,
      0.5873903975960353,
      0.5899860964725405,
      0.590821429372323,
      0.5866896149619896,
      0.5928789271858812,
      0.5910681048595071,
      0.5885621061601597,
      0.5906083914515731,
      0.5897842710739354,
      0.5923407261229341,
      0.5920772318525329,
      0.592200569596125,
      0.5906139977126454,
      0.5925089139551051,
      0.5932545466777297,
      0.5890666696566725,
      0.5950093063933801,
      0.5929910524073285,
      0.5917296436660462,
      0.5955531137173996,
      0.5955306886731101,
      0.5903392909200995,
      0.5884051308501335,
      0.59209405063575,
      0.5951887067476959,
      0.592049200547171,
      0.5917128248828292,
      0.5930471150180522,
      0.594745812122979,
      0.5965734532325702,
      0.5951270378758998,
      0.5912362926916781
    ],
    "epoch": [
      0,
      1,
      2,
      3,
      4,
      5,
      6,
      7,
      8,
      9,
      10,
      11,
      12,
      13,
      14,
      15,
      16,
      17,
      18,
      19,
      20,
      21,
      22,
      23,
      24,
      25,
      26,
      27,
      28,
      29,
      30,
      31,
      32,
      33,
      34,
      35,
      36,
      37,
      38,
      39,
      40,
      41,
      42,
      43,
      44,
      45,
      46,
      47,
      48
    ],
    "timestamp": [
      1762476273.2454283,
      1762476514.4650793,
      1762476755.0028977,
      1762476997.4218905,
      1762477238.4616537,
      1762477478.5290375,
      1762477718.142075,
      1762477952.800889,
      1762478182.3007858,
      1762478407.917626,
      1762478631.5736618,
      1762478853.3395278,
      1762479075.2722418,
      1762479294.167917,
      1762479510.491002,
      1762479726.1421103,
      1762479944.1581194,
      1762480159.9177423,
      1762480376.819822,
      1762480592.472556,
      1762480808.3688965,
      1762481023.783633,
      1762481237.5067725,
      1762481451.390467,
      1762481665.6163645,
      1762481878.128218,
      1762482090.4594355,
      1762482303.3645797,
      1762482513.539475,
      1762482725.5885937,
      1762482935.2548175,
      1762483146.1691754,
      1762483356.4924762,
      1762483566.1257381,
      1762483775.6403077,
      1762483985.131869,
      1762484194.9820967,
      1762484406.7488658,
      1762484616.232082,
      1762484825.9078867,
      1762485036.0677762,
      1762485245.5587945,
      1762485455.5896258,
      1762485664.3185217,
      1762485874.2077339,
      1762486084.0046031,
      1762486292.8409781,
      1762486500.0953112,
      1762486708.5768511
    ]
  }
}