2025-09-24 16:09:42,173 - INFO - [2022] MISSING_CENTRAL: WZ3Mu/Central/muons/3/eta in Skim_TriLep_DYJets.root
2025-09-24 16:09:42,174 - INFO - [2022] MISSING_CENTRAL: WZ3Mu/Central/muons/3/eta in Skim_TriLep_DYJets10to50.root
2025-09-24 16:09:42,174 - INFO - [2022] MISSING_CENTRAL: WZ3Mu/Central/muons/3/eta in Skim_TriLep_DYGTo2LG_MLL4to50_PTG10to100.root
2025-09-24 16:09:42,174 - INFO - [2022] MISSING_CENTRAL: WZ3Mu/Central/muons/3/eta in Skim_TriLep_DYGTo2LG_MLL4to50_PTG100to200.root
2025-09-24 16:09:42,175 - INFO - [2022] MISSING_CENTRAL: WZ3Mu/Central/muons/3/eta in Skim_TriLep_DYGTo2LG_MLL4to50_PTG200toInf.root
2025-09-24 16:09:42,194 - INFO - [2022] MISSING_CENTRAL: WZ3Mu/Central/muons/3/eta in Skim_TriLep_TTG_PTG100to200.root
2025-09-24 16:09:42,194 - INFO - [2022] MISSING_CENTRAL: WZ3Mu/Central/muons/3/eta in Skim_TriLep_TTG_PTG200toInf.root
2025-09-24 16:09:42,411 - INFO - [2022EE] MISSING_CENTRAL: WZ3Mu/Central/muons/3/eta in Skim_TriLep_DYJets.root
2025-09-24 16:09:42,411 - INFO - [2022EE] MISSING_CENTRAL: WZ3Mu/Central/muons/3/eta in Skim_TriLep_DYJets10to50.root
2025-09-24 16:09:42,570 - INFO - [2023] MISSING_CENTRAL: WZ3Mu/Central/muons/3/eta in Skim_TriLep_DYJets10to50.root
2025-09-24 16:09:42,620 - INFO - [2023] MISSING_CENTRAL: WZ3Mu/Central/muons/3/eta in Skim_TriLep_TTG_PTG200toInf.root
2025-09-24 16:09:42,710 - INFO - [2023BPix] MISSING_CENTRAL: WZ3Mu/Central/muons/3/eta in Skim_TriLep_DYJets10to50.root
2025-09-24 16:09:42,721 - INFO - [2023BPix] MISSING_SYSTEMATIC: WZ3Mu/JetEn_Up/muons/3/eta in Skim_TriLep_DYGTo2LG_MLL4to50_PTG200toInf.root
2025-09-24 16:09:42,721 - INFO - [2023BPix] MISSING_SYSTEMATIC: WZ3Mu/JetEn_Down/muons/3/eta in Skim_TriLep_DYGTo2LG_MLL4to50_PTG200toInf.root
2025-09-24 16:09:42,721 - INFO - [2023BPix] MISSING_SYSTEMATIC: WZ3Mu/JetRes_Up/muons/3/eta in Skim_TriLep_DYGTo2LG_MLL4to50_PTG200toInf.root
2025-09-24 16:09:42,763 - INFO - [2023BPix] MISSING_CENTRAL: WZ3Mu/Central/muons/3/eta in Skim_TriLep_TTG_PTG200toInf.root
2025-09-24 16:09:55,821 - INFO - [2022] MISSING_CENTRAL: WZ3Mu/Central/muons/3/eta in Skim_TriLep_DYJets.root
2025-09-24 16:09:55,822 - INFO - [2022] MISSING_CENTRAL: WZ3Mu/Central/muons/3/eta in Skim_TriLep_DYJets10to50.root
2025-09-24 16:09:55,822 - INFO - [2022] MISSING_CENTRAL: WZ3Mu/Central/muons/3/eta in Skim_TriLep_DYGTo2LG_MLL4to50_PTG10to100.root
2025-09-24 16:09:55,822 - INFO - [2022] MISSING_CENTRAL: WZ3Mu/Central/muons/3/eta in Skim_TriLep_DYGTo2LG_MLL4to50_PTG100to200.root
2025-09-24 16:09:55,822 - INFO - [2022] MISSING_CENTRAL: WZ3Mu/Central/muons/3/eta in Skim_TriLep_DYGTo2LG_MLL4to50_PTG200toInf.root
2025-09-24 16:09:55,824 - INFO - [2022] MISSING_CENTRAL: WZ3Mu/Central/muons/3/eta in Skim_TriLep_TTG_PTG100to200.root
2025-09-24 16:09:55,824 - INFO - [2022] MISSING_CENTRAL: WZ3Mu/Central/muons/3/eta in Skim_TriLep_TTG_PTG200toInf.root
2025-09-24 16:09:55,826 - INFO - [2022] MISSING_FILE: /Users/choij/Sync/workspace/ChargedHiggsAnalysisV3/SKNanoOutput/CRPromptSelector/Run3Mu_RunNoWZSF_RunSyst/2022/Skim_TriLep_ZZTo4L_powheg.root
2025-09-24 16:09:55,828 - INFO - [2022] MISSING_FILE: /Users/choij/Sync/workspace/ChargedHiggsAnalysisV3/SKNanoOutput/CRPromptSelector/Run3Mu_RunNoWZSF_RunSyst/2022/Skim_TriLep_VBFHToZZTo4L.root
2025-09-24 16:09:55,828 - INFO - [2022] MISSING_FILE: /Users/choij/Sync/workspace/ChargedHiggsAnalysisV3/SKNanoOutput/CRPromptSelector/Run3Mu_RunNoWZSF_RunSyst/2022/Skim_TriLep_ggHToZZTo4L.root
2025-09-24 16:09:55,829 - INFO - [2022EE] MISSING_CENTRAL: WZ3Mu/Central/muons/3/eta in Skim_TriLep_DYJets.root
2025-09-24 16:09:55,829 - INFO - [2022EE] MISSING_CENTRAL: WZ3Mu/Central/muons/3/eta in Skim_TriLep_DYJets10to50.root
2025-09-24 16:09:55,841 - INFO - [2022EE] MISSING_FILE: /Users/choij/Sync/workspace/ChargedHiggsAnalysisV3/SKNanoOutput/CRPromptSelector/Run3Mu_RunNoWZSF_RunSyst/2022EE/Skim_TriLep_ZZTo4L_powheg.root
2025-09-24 16:09:55,843 - INFO - [2022EE] MISSING_FILE: /Users/choij/Sync/workspace/ChargedHiggsAnalysisV3/SKNanoOutput/CRPromptSelector/Run3Mu_RunNoWZSF_RunSyst/2022EE/Skim_TriLep_VBFHToZZTo4L.root
2025-09-24 16:09:55,843 - INFO - [2022EE] MISSING_FILE: /Users/choij/Sync/workspace/ChargedHiggsAnalysisV3/SKNanoOutput/CRPromptSelector/Run3Mu_RunNoWZSF_RunSyst/2022EE/Skim_TriLep_ggHToZZTo4L.root
2025-09-24 16:09:55,846 - INFO - [2023] MISSING_CENTRAL: WZ3Mu/Central/muons/3/eta in Skim_TriLep_DYJets10to50.root
2025-09-24 16:09:55,850 - INFO - [2023] MISSING_CENTRAL: WZ3Mu/Central/muons/3/eta in Skim_TriLep_TTG_PTG200toInf.root
2025-09-24 16:09:55,851 - INFO - [2023] MISSING_FILE: /Users/choij/Sync/workspace/ChargedHiggsAnalysisV3/SKNanoOutput/CRPromptSelector/Run3Mu_RunNoWZSF_RunSyst/2023/Skim_TriLep_ZZTo4L_powheg.root
2025-09-24 16:09:55,853 - INFO - [2023] MISSING_FILE: /Users/choij/Sync/workspace/ChargedHiggsAnalysisV3/SKNanoOutput/CRPromptSelector/Run3Mu_RunNoWZSF_RunSyst/2023/Skim_TriLep_VBFHToZZTo4L.root
2025-09-24 16:09:55,853 - INFO - [2023] MISSING_FILE: /Users/choij/Sync/workspace/ChargedHiggsAnalysisV3/SKNanoOutput/CRPromptSelector/Run3Mu_RunNoWZSF_RunSyst/2023/Skim_TriLep_ggHToZZTo4L.root
2025-09-24 16:09:55,855 - INFO - [2023BPix] MISSING_CENTRAL: WZ3Mu/Central/muons/3/eta in Skim_TriLep_DYJets10to50.root
2025-09-24 16:09:55,859 - INFO - [2023BPix] MISSING_CENTRAL: WZ3Mu/Central/muons/3/eta in Skim_TriLep_TTG_PTG200toInf.root
2025-09-24 16:09:55,865 - INFO - [2023BPix] MISSING_FILE: /Users/choij/Sync/workspace/ChargedHiggsAnalysisV3/SKNanoOutput/CRPromptSelector/Run3Mu_RunNoWZSF_RunSyst/2023BPix/Skim_TriLep_ZZTo4L_powheg.root
2025-09-24 16:09:55,867 - INFO - [2023BPix] MISSING_FILE: /Users/choij/Sync/workspace/ChargedHiggsAnalysisV3/SKNanoOutput/CRPromptSelector/Run3Mu_RunNoWZSF_RunSyst/2023BPix/Skim_TriLep_VBFHToZZTo4L.root
2025-09-24 16:09:55,867 - INFO - [2023BPix] MISSING_FILE: /Users/choij/Sync/workspace/ChargedHiggsAnalysisV3/SKNanoOutput/CRPromptSelector/Run3Mu_RunNoWZSF_RunSyst/2023BPix/Skim_TriLep_ggHToZZTo4L.root
2025-10-02 21:24:27,981 - INFO - [2022] MISSING_CENTRAL: WZ3Mu/Central/muons/3/eta in Skim_TriLep_DYJets.root
2025-10-02 21:24:27,982 - INFO - [2022] MISSING_CENTRAL: WZ3Mu/Central/muons/3/eta in Skim_TriLep_DYJets10to50.root
2025-10-02 21:24:27,983 - INFO - [2022] MISSING_CENTRAL: WZ3Mu/Central/muons/3/eta in Skim_TriLep_DYGTo2LG_MLL4to50_PTG10to100.root
2025-10-02 21:24:27,983 - INFO - [2022] MISSING_CENTRAL: WZ3Mu/Central/muons/3/eta in Skim_TriLep_DYGTo2LG_MLL4to50_PTG100to200.root
2025-10-02 21:24:27,984 - INFO - [2022] MISSING_CENTRAL: WZ3Mu/Central/muons/3/eta in Skim_TriLep_DYGTo2LG_MLL4to50_PTG200toInf.root
2025-10-02 21:24:28,026 - INFO - [2022] MISSING_CENTRAL: WZ3Mu/Central/muons/3/eta in Skim_TriLep_TTG_PTG100to200.root
2025-10-02 21:24:28,027 - INFO - [2022] MISSING_CENTRAL: WZ3Mu/Central/muons/3/eta in Skim_TriLep_TTG_PTG200toInf.root
2025-10-02 21:24:28,172 - INFO - [2022EE] MISSING_CENTRAL: WZ3Mu/Central/muons/3/eta in Skim_TriLep_DYJets.root
2025-10-02 21:24:28,173 - INFO - [2022EE] MISSING_CENTRAL: WZ3Mu/Central/muons/3/eta in Skim_TriLep_DYJets10to50.root
2025-10-02 21:24:28,437 - INFO - [2023] MISSING_CENTRAL: WZ3Mu/Central/muons/3/eta in Skim_TriLep_DYJets10to50.root
2025-10-02 21:24:28,542 - INFO - [2023] MISSING_CENTRAL: WZ3Mu/Central/muons/3/eta in Skim_TriLep_TTG_PTG200toInf.root
2025-10-02 21:24:28,720 - INFO - [2023BPix] MISSING_CENTRAL: WZ3Mu/Central/muons/3/eta in Skim_TriLep_DYJets10to50.root
2025-10-02 21:24:28,747 - INFO - [2023BPix] MISSING_SYSTEMATIC: WZ3Mu/JetEn_Up/muons/3/eta in Skim_TriLep_DYGTo2LG_MLL4to50_PTG200toInf.root
2025-10-02 21:24:28,747 - INFO - [2023BPix] MISSING_SYSTEMATIC: WZ3Mu/JetEn_Down/muons/3/eta in Skim_TriLep_DYGTo2LG_MLL4to50_PTG200toInf.root
2025-10-02 21:24:28,747 - INFO - [2023BPix] MISSING_SYSTEMATIC: WZ3Mu/JetRes_Up/muons/3/eta in Skim_TriLep_DYGTo2LG_MLL4to50_PTG200toInf.root
2025-10-02 21:24:28,843 - INFO - [2023BPix] MISSING_CENTRAL: WZ3Mu/Central/muons/3/eta in Skim_TriLep_TTG_PTG200toInf.root
2025-10-02 21:24:34,152 - INFO - [2022] MISSING_CENTRAL: WZ3Mu/Central/muons/3/eta in Skim_TriLep_DYJets.root
2025-10-02 21:24:34,153 - INFO - [2022] MISSING_CENTRAL: WZ3Mu/Central/muons/3/eta in Skim_TriLep_DYJets10to50.root
2025-10-02 21:24:34,154 - INFO - [2022] MISSING_CENTRAL: WZ3Mu/Central/muons/3/eta in Skim_TriLep_DYGTo2LG_MLL4to50_PTG10to100.root
2025-10-02 21:24:34,155 - INFO - [2022] MISSING_CENTRAL: WZ3Mu/Central/muons/3/eta in Skim_TriLep_DYGTo2LG_MLL4to50_PTG100to200.root
2025-10-02 21:24:34,156 - INFO - [2022] MISSING_CENTRAL: WZ3Mu/Central/muons/3/eta in Skim_TriLep_DYGTo2LG_MLL4to50_PTG200toInf.root
2025-10-02 21:24:34,162 - INFO - [2022] MISSING_CENTRAL: WZ3Mu/Central/muons/3/eta in Skim_TriLep_TTG_PTG100to200.root
2025-10-02 21:24:34,163 - INFO - [2022] MISSING_CENTRAL: WZ3Mu/Central/muons/3/eta in Skim_TriLep_TTG_PTG200toInf.root
2025-10-02 21:24:34,169 - INFO - [2022] MISSING_FILE: /data9/Users/choij/Sync/workspace/ChargedHiggsAnalysisV3/SKNanoOutput/CRPromptSelector/Run3Mu_RunNoWZSF_RunSyst/2022/Skim_TriLep_ZZTo4L_powheg.root
2025-10-02 21:24:34,176 - INFO - [2022] MISSING_FILE: /data9/Users/choij/Sync/workspace/ChargedHiggsAnalysisV3/SKNanoOutput/CRPromptSelector/Run3Mu_RunNoWZSF_RunSyst/2022/Skim_TriLep_VBFHToZZTo4L.root
2025-10-02 21:24:34,177 - INFO - [2022] MISSING_FILE: /data9/Users/choij/Sync/workspace/ChargedHiggsAnalysisV3/SKNanoOutput/CRPromptSelector/Run3Mu_RunNoWZSF_RunSyst/2022/Skim_TriLep_ggHToZZTo4L.root
2025-10-02 21:24:34,180 - INFO - [2022EE] MISSING_CENTRAL: WZ3Mu/Central/muons/3/eta in Skim_TriLep_DYJets.root
2025-10-02 21:24:34,181 - INFO - [2022EE] MISSING_CENTRAL: WZ3Mu/Central/muons/3/eta in Skim_TriLep_DYJets10to50.root
2025-10-02 21:24:34,197 - INFO - [2022EE] MISSING_FILE: /data9/Users/choij/Sync/workspace/ChargedHiggsAnalysisV3/SKNanoOutput/CRPromptSelector/Run3Mu_RunNoWZSF_RunSyst/2022EE/Skim_TriLep_ZZTo4L_powheg.root
2025-10-02 21:24:34,204 - INFO - [2022EE] MISSING_FILE: /data9/Users/choij/Sync/workspace/ChargedHiggsAnalysisV3/SKNanoOutput/CRPromptSelector/Run3Mu_RunNoWZSF_RunSyst/2022EE/Skim_TriLep_VBFHToZZTo4L.root
2025-10-02 21:24:34,204 - INFO - [2022EE] MISSING_FILE: /data9/Users/choij/Sync/workspace/ChargedHiggsAnalysisV3/SKNanoOutput/CRPromptSelector/Run3Mu_RunNoWZSF_RunSyst/2022EE/Skim_TriLep_ggHToZZTo4L.root
2025-10-02 21:24:34,213 - INFO - [2023] MISSING_CENTRAL: WZ3Mu/Central/muons/3/eta in Skim_TriLep_DYJets10to50.root
2025-10-02 21:24:34,226 - INFO - [2023] MISSING_CENTRAL: WZ3Mu/Central/muons/3/eta in Skim_TriLep_TTG_PTG200toInf.root
2025-10-02 21:24:34,231 - INFO - [2023] MISSING_FILE: /data9/Users/choij/Sync/workspace/ChargedHiggsAnalysisV3/SKNanoOutput/CRPromptSelector/Run3Mu_RunNoWZSF_RunSyst/2023/Skim_TriLep_ZZTo4L_powheg.root
2025-10-02 21:24:34,238 - INFO - [2023] MISSING_FILE: /data9/Users/choij/Sync/workspace/ChargedHiggsAnalysisV3/SKNanoOutput/CRPromptSelector/Run3Mu_RunNoWZSF_RunSyst/2023/Skim_TriLep_VBFHToZZTo4L.root
2025-10-02 21:24:34,238 - INFO - [2023] MISSING_FILE: /data9/Users/choij/Sync/workspace/ChargedHiggsAnalysisV3/SKNanoOutput/CRPromptSelector/Run3Mu_RunNoWZSF_RunSyst/2023/Skim_TriLep_ggHToZZTo4L.root
2025-10-02 21:24:34,244 - INFO - [2023BPix] MISSING_CENTRAL: WZ3Mu/Central/muons/3/eta in Skim_TriLep_DYJets10to50.root
2025-10-02 21:24:34,257 - INFO - [2023BPix] MISSING_CENTRAL: WZ3Mu/Central/muons/3/eta in Skim_TriLep_TTG_PTG200toInf.root
2025-10-02 21:24:34,263 - INFO - [2023BPix] MISSING_FILE: /data9/Users/choij/Sync/workspace/ChargedHiggsAnalysisV3/SKNanoOutput/CRPromptSelector/Run3Mu_RunNoWZSF_RunSyst/2023BPix/Skim_TriLep_ZZTo4L_powheg.root
2025-10-02 21:24:34,271 - INFO - [2023BPix] MISSING_FILE: /data9/Users/choij/Sync/workspace/ChargedHiggsAnalysisV3/SKNanoOutput/CRPromptSelector/Run3Mu_RunNoWZSF_RunSyst/2023BPix/Skim_TriLep_VBFHToZZTo4L.root
2025-10-02 21:24:34,271 - INFO - [2023BPix] MISSING_FILE: /data9/Users/choij/Sync/workspace/ChargedHiggsAnalysisV3/SKNanoOutput/CRPromptSelector/Run3Mu_RunNoWZSF_RunSyst/2023BPix/Skim_TriLep_ggHToZZTo4L.root
2025-10-03 00:43:27,866 - INFO - [2022] MISSING_CENTRAL: WZ3Mu/Central/muons/3/eta in Skim_TriLep_DYJets.root
2025-10-03 00:43:27,867 - INFO - [2022] MISSING_CENTRAL: WZ3Mu/Central/muons/3/eta in Skim_TriLep_DYJets10to50.root
2025-10-03 00:43:27,868 - INFO - [2022] MISSING_CENTRAL: WZ3Mu/Central/muons/3/eta in Skim_TriLep_DYGTo2LG_MLL4to50_PTG10to100.root
2025-10-03 00:43:27,869 - INFO - [2022] MISSING_CENTRAL: WZ3Mu/Central/muons/3/eta in Skim_TriLep_DYGTo2LG_MLL4to50_PTG100to200.root
2025-10-03 00:43:27,869 - INFO - [2022] MISSING_CENTRAL: WZ3Mu/Central/muons/3/eta in Skim_TriLep_DYGTo2LG_MLL4to50_PTG200toInf.root
2025-10-03 00:43:27,923 - INFO - [2022] MISSING_CENTRAL: WZ3Mu/Central/muons/3/eta in Skim_TriLep_TTG_PTG100to200.root
2025-10-03 00:43:27,924 - INFO - [2022] MISSING_CENTRAL: WZ3Mu/Central/muons/3/eta in Skim_TriLep_TTG_PTG200toInf.root
2025-10-03 00:43:28,127 - INFO - [2022EE] MISSING_CENTRAL: WZ3Mu/Central/muons/3/eta in Skim_TriLep_DYJets.root
2025-10-03 00:43:28,128 - INFO - [2022EE] MISSING_CENTRAL: WZ3Mu/Central/muons/3/eta in Skim_TriLep_DYJets10to50.root
2025-10-03 00:43:28,520 - INFO - [2023] MISSING_CENTRAL: WZ3Mu/Central/muons/3/eta in Skim_TriLep_DYJets10to50.root
2025-10-03 00:43:28,658 - INFO - [2023] MISSING_CENTRAL: WZ3Mu/Central/muons/3/eta in Skim_TriLep_TTG_PTG200toInf.root
2025-10-03 00:43:28,942 - INFO - [2023BPix] MISSING_CENTRAL: WZ3Mu/Central/muons/3/eta in Skim_TriLep_DYJets10to50.root
2025-10-03 00:43:28,977 - INFO - [2023BPix] MISSING_SYSTEMATIC: WZ3Mu/JetEn_Up/muons/3/eta in Skim_TriLep_DYGTo2LG_MLL4to50_PTG200toInf.root
2025-10-03 00:43:28,977 - INFO - [2023BPix] MISSING_SYSTEMATIC: WZ3Mu/JetEn_Down/muons/3/eta in Skim_TriLep_DYGTo2LG_MLL4to50_PTG200toInf.root
2025-10-03 00:43:28,978 - INFO - [2023BPix] MISSING_SYSTEMATIC: WZ3Mu/JetRes_Up/muons/3/eta in Skim_TriLep_DYGTo2LG_MLL4to50_PTG200toInf.root
2025-10-03 00:43:29,093 - INFO - [2023BPix] MISSING_CENTRAL: WZ3Mu/Central/muons/3/eta in Skim_TriLep_TTG_PTG200toInf.root
2025-10-03 00:43:52,065 - INFO - [2022] MISSING_CENTRAL: WZ3Mu/Central/muons/3/eta in Skim_TriLep_DYJets.root
2025-10-03 00:43:52,066 - INFO - [2022] MISSING_CENTRAL: WZ3Mu/Central/muons/3/eta in Skim_TriLep_DYJets10to50.root
2025-10-03 00:43:52,066 - INFO - [2022] MISSING_CENTRAL: WZ3Mu/Central/muons/3/eta in Skim_TriLep_DYGTo2LG_MLL4to50_PTG10to100.root
2025-10-03 00:43:52,067 - INFO - [2022] MISSING_CENTRAL: WZ3Mu/Central/muons/3/eta in Skim_TriLep_DYGTo2LG_MLL4to50_PTG100to200.root
2025-10-03 00:43:52,068 - INFO - [2022] MISSING_CENTRAL: WZ3Mu/Central/muons/3/eta in Skim_TriLep_DYGTo2LG_MLL4to50_PTG200toInf.root
2025-10-03 00:43:52,072 - INFO - [2022] MISSING_CENTRAL: WZ3Mu/Central/muons/3/eta in Skim_TriLep_TTG_PTG100to200.root
2025-10-03 00:43:52,073 - INFO - [2022] MISSING_CENTRAL: WZ3Mu/Central/muons/3/eta in Skim_TriLep_TTG_PTG200toInf.root
2025-10-03 00:43:52,078 - INFO - [2022] MISSING_FILE: /Users/choij/Sync/workspace/ChargedHiggsAnalysisV3/SKNanoOutput/CRPromptSelector/Run3Mu_RunNoWZSF_RunSyst/2022/Skim_TriLep_ZZTo4L_powheg.root
2025-10-03 00:43:52,095 - INFO - [2022] MISSING_FILE: /Users/choij/Sync/workspace/ChargedHiggsAnalysisV3/SKNanoOutput/CRPromptSelector/Run3Mu_RunNoWZSF_RunSyst/2022/Skim_TriLep_VBFHToZZTo4L.root
2025-10-03 00:43:52,095 - INFO - [2022] MISSING_FILE: /Users/choij/Sync/workspace/ChargedHiggsAnalysisV3/SKNanoOutput/CRPromptSelector/Run3Mu_RunNoWZSF_RunSyst/2022/Skim_TriLep_ggHToZZTo4L.root
2025-10-03 00:43:52,099 - INFO - [2022EE] MISSING_CENTRAL: WZ3Mu/Central/muons/3/eta in Skim_TriLep_DYJets.root
2025-10-03 00:43:52,101 - INFO - [2022EE] MISSING_CENTRAL: WZ3Mu/Central/muons/3/eta in Skim_TriLep_DYJets10to50.root
2025-10-03 00:43:52,122 - INFO - [2022EE] MISSING_FILE: /Users/choij/Sync/workspace/ChargedHiggsAnalysisV3/SKNanoOutput/CRPromptSelector/Run3Mu_RunNoWZSF_RunSyst/2022EE/Skim_TriLep_ZZTo4L_powheg.root
2025-10-03 00:43:52,130 - INFO - [2022EE] MISSING_FILE: /Users/choij/Sync/workspace/ChargedHiggsAnalysisV3/SKNanoOutput/CRPromptSelector/Run3Mu_RunNoWZSF_RunSyst/2022EE/Skim_TriLep_VBFHToZZTo4L.root
2025-10-03 00:43:52,130 - INFO - [2022EE] MISSING_FILE: /Users/choij/Sync/workspace/ChargedHiggsAnalysisV3/SKNanoOutput/CRPromptSelector/Run3Mu_RunNoWZSF_RunSyst/2022EE/Skim_TriLep_ggHToZZTo4L.root
2025-10-03 00:43:52,140 - INFO - [2023] MISSING_CENTRAL: WZ3Mu/Central/muons/3/eta in Skim_TriLep_DYJets10to50.root
2025-10-03 00:43:52,153 - INFO - [2023] MISSING_CENTRAL: WZ3Mu/Central/muons/3/eta in Skim_TriLep_TTG_PTG200toInf.root
2025-10-03 00:43:52,159 - INFO - [2023] MISSING_FILE: /Users/choij/Sync/workspace/ChargedHiggsAnalysisV3/SKNanoOutput/CRPromptSelector/Run3Mu_RunNoWZSF_RunSyst/2023/Skim_TriLep_ZZTo4L_powheg.root
2025-10-03 00:43:52,165 - INFO - [2023] MISSING_FILE: /Users/choij/Sync/workspace/ChargedHiggsAnalysisV3/SKNanoOutput/CRPromptSelector/Run3Mu_RunNoWZSF_RunSyst/2023/Skim_TriLep_VBFHToZZTo4L.root
2025-10-03 00:43:52,166 - INFO - [2023] MISSING_FILE: /Users/choij/Sync/workspace/ChargedHiggsAnalysisV3/SKNanoOutput/CRPromptSelector/Run3Mu_RunNoWZSF_RunSyst/2023/Skim_TriLep_ggHToZZTo4L.root
2025-10-03 00:43:52,173 - INFO - [2023BPix] MISSING_CENTRAL: WZ3Mu/Central/muons/3/eta in Skim_TriLep_DYJets10to50.root
2025-10-03 00:43:52,182 - INFO - [2023BPix] MISSING_CENTRAL: WZ3Mu/Central/muons/3/eta in Skim_TriLep_TTG_PTG200toInf.root
2025-10-03 00:43:52,187 - INFO - [2023BPix] MISSING_FILE: /Users/choij/Sync/workspace/ChargedHiggsAnalysisV3/SKNanoOutput/CRPromptSelector/Run3Mu_RunNoWZSF_RunSyst/2023BPix/Skim_TriLep_ZZTo4L_powheg.root
2025-10-03 00:43:52,192 - INFO - [2023BPix] MISSING_FILE: /Users/choij/Sync/workspace/ChargedHiggsAnalysisV3/SKNanoOutput/CRPromptSelector/Run3Mu_RunNoWZSF_RunSyst/2023BPix/Skim_TriLep_VBFHToZZTo4L.root
2025-10-03 00:43:52,192 - INFO - [2023BPix] MISSING_FILE: /Users/choij/Sync/workspace/ChargedHiggsAnalysisV3/SKNanoOutput/CRPromptSelector/Run3Mu_RunNoWZSF_RunSyst/2023BPix/Skim_TriLep_ggHToZZTo4L.root
2025-11-07 13:15:06,009 - INFO - [2022] MISSING_CENTRAL: WZ3Mu/Central/muons/3/eta in Skim_TriLep_DYJets.root
2025-11-07 13:15:06,010 - INFO - [2022] MISSING_CENTRAL: WZ3Mu/Central/muons/3/eta in Skim_TriLep_DYJets10to50.root
2025-11-07 13:15:06,010 - INFO - [2022] MISSING_CENTRAL: WZ3Mu/Central/muons/3/eta in Skim_TriLep_DYGTo2LG_MLL4to50_PTG10to100.root
2025-11-07 13:15:06,011 - INFO - [2022] MISSING_CENTRAL: WZ3Mu/Central/muons/3/eta in Skim_TriLep_DYGTo2LG_MLL4to50_PTG100to200.root
2025-11-07 13:15:06,011 - INFO - [2022] MISSING_CENTRAL: WZ3Mu/Central/muons/3/eta in Skim_TriLep_DYGTo2LG_MLL4to50_PTG200toInf.root
2025-11-07 13:15:06,035 - INFO - [2022] MISSING_CENTRAL: WZ3Mu/Central/muons/3/eta in Skim_TriLep_TTG_PTG100to200.root
2025-11-07 13:15:06,036 - INFO - [2022] MISSING_CENTRAL: WZ3Mu/Central/muons/3/eta in Skim_TriLep_TTG_PTG200toInf.root
2025-11-07 13:15:06,119 - INFO - [2022EE] MISSING_CENTRAL: WZ3Mu/Central/muons/3/eta in Skim_TriLep_DYJets.root
2025-11-07 13:15:06,119 - INFO - [2022EE] MISSING_CENTRAL: WZ3Mu/Central/muons/3/eta in Skim_TriLep_DYJets10to50.root
2025-11-07 13:15:06,266 - INFO - [2023] MISSING_CENTRAL: WZ3Mu/Central/muons/3/eta in Skim_TriLep_DYJets10to50.root
2025-11-07 13:15:06,325 - INFO - [2023] MISSING_CENTRAL: WZ3Mu/Central/muons/3/eta in Skim_TriLep_TTG_PTG200toInf.root
2025-11-07 13:15:06,427 - INFO - [2023BPix] MISSING_CENTRAL: WZ3Mu/Central/muons/3/eta in Skim_TriLep_DYJets10to50.root
2025-11-07 13:15:06,442 - INFO - [2023BPix] MISSING_SYSTEMATIC: WZ3Mu/JetEn_Up/muons/3/eta in Skim_TriLep_DYGTo2LG_MLL4to50_PTG200toInf.root
2025-11-07 13:15:06,442 - INFO - [2023BPix] MISSING_SYSTEMATIC: WZ3Mu/JetEn_Down/muons/3/eta in Skim_TriLep_DYGTo2LG_MLL4to50_PTG200toInf.root
2025-11-07 13:15:06,442 - INFO - [2023BPix] MISSING_SYSTEMATIC: WZ3Mu/JetRes_Up/muons/3/eta in Skim_TriLep_DYGTo2LG_MLL4to50_PTG200toInf.root
2025-11-07 13:15:06,499 - INFO - [2023BPix] MISSING_CENTRAL: WZ3Mu/Central/muons/3/eta in Skim_TriLep_TTG_PTG200toInf.root
2025-11-07 13:15:12,349 - INFO - [2022] MISSING_CENTRAL: WZ3Mu/Central/muons/3/eta in Skim_TriLep_DYJets.root
2025-11-07 13:15:12,349 - INFO - [2022] MISSING_CENTRAL: WZ3Mu/Central/muons/3/eta in Skim_TriLep_DYJets10to50.root
2025-11-07 13:15:12,350 - INFO - [2022] MISSING_CENTRAL: WZ3Mu/Central/muons/3/eta in Skim_TriLep_DYGTo2LG_MLL4to50_PTG10to100.root
2025-11-07 13:15:12,350 - INFO - [2022] MISSING_CENTRAL: WZ3Mu/Central/muons/3/eta in Skim_TriLep_DYGTo2LG_MLL4to50_PTG100to200.root
2025-11-07 13:15:12,350 - INFO - [2022] MISSING_CENTRAL: WZ3Mu/Central/muons/3/eta in Skim_TriLep_DYGTo2LG_MLL4to50_PTG200toInf.root
2025-11-07 13:15:12,353 - INFO - [2022] MISSING_CENTRAL: WZ3Mu/Central/muons/3/eta in Skim_TriLep_TTG_PTG100to200.root
2025-11-07 13:15:12,354 - INFO - [2022] MISSING_CENTRAL: WZ3Mu/Central/muons/3/eta in Skim_TriLep_TTG_PTG200toInf.root
2025-11-07 13:15:12,357 - INFO - [2022] MISSING_FILE: /home/choij/Sync/workspace/ChargedHiggsAnalysisV3/SKNanoOutput/CRPromptSelector/Run3Mu_RunNoWZSF_RunSyst/2022/Skim_TriLep_ZZTo4L_powheg.root
2025-11-07 13:15:12,361 - INFO - [2022] MISSING_FILE: /home/choij/Sync/workspace/ChargedHiggsAnalysisV3/SKNanoOutput/CRPromptSelector/Run3Mu_RunNoWZSF_RunSyst/2022/Skim_TriLep_VBFHToZZTo4L.root
2025-11-07 13:15:12,361 - INFO - [2022] MISSING_FILE: /home/choij/Sync/workspace/ChargedHiggsAnalysisV3/SKNanoOutput/CRPromptSelector/Run3Mu_RunNoWZSF_RunSyst/2022/Skim_TriLep_ggHToZZTo4L.root
2025-11-07 13:15:12,363 - INFO - [2022EE] MISSING_CENTRAL: WZ3Mu/Central/muons/3/eta in Skim_TriLep_DYJets.root
2025-11-07 13:15:12,363 - INFO - [2022EE] MISSING_CENTRAL: WZ3Mu/Central/muons/3/eta in Skim_TriLep_DYJets10to50.root
2025-11-07 13:15:12,372 - INFO - [2022EE] MISSING_FILE: /home/choij/Sync/workspace/ChargedHiggsAnalysisV3/SKNanoOutput/CRPromptSelector/Run3Mu_RunNoWZSF_RunSyst/2022EE/Skim_TriLep_ZZTo4L_powheg.root
2025-11-07 13:15:12,376 - INFO - [2022EE] MISSING_FILE: /home/choij/Sync/workspace/ChargedHiggsAnalysisV3/SKNanoOutput/CRPromptSelector/Run3Mu_RunNoWZSF_RunSyst/2022EE/Skim_TriLep_VBFHToZZTo4L.root
2025-11-07 13:15:12,376 - INFO - [2022EE] MISSING_FILE: /home/choij/Sync/workspace/ChargedHiggsAnalysisV3/SKNanoOutput/CRPromptSelector/Run3Mu_RunNoWZSF_RunSyst/2022EE/Skim_TriLep_ggHToZZTo4L.root
2025-11-07 13:15:12,381 - INFO - [2023] MISSING_CENTRAL: WZ3Mu/Central/muons/3/eta in Skim_TriLep_DYJets10to50.root
2025-11-07 13:15:12,388 - INFO - [2023] MISSING_CENTRAL: WZ3Mu/Central/muons/3/eta in Skim_TriLep_TTG_PTG200toInf.root
2025-11-07 13:15:12,391 - INFO - [2023] MISSING_FILE: /home/choij/Sync/workspace/ChargedHiggsAnalysisV3/SKNanoOutput/CRPromptSelector/Run3Mu_RunNoWZSF_RunSyst/2023/Skim_TriLep_ZZTo4L_powheg.root
2025-11-07 13:15:12,395 - INFO - [2023] MISSING_FILE: /home/choij/Sync/workspace/ChargedHiggsAnalysisV3/SKNanoOutput/CRPromptSelector/Run3Mu_RunNoWZSF_RunSyst/2023/Skim_TriLep_VBFHToZZTo4L.root
2025-11-07 13:15:12,395 - INFO - [2023] MISSING_FILE: /home/choij/Sync/workspace/ChargedHiggsAnalysisV3/SKNanoOutput/CRPromptSelector/Run3Mu_RunNoWZSF_RunSyst/2023/Skim_TriLep_ggHToZZTo4L.root
2025-11-07 13:15:12,399 - INFO - [2023BPix] MISSING_CENTRAL: WZ3Mu/Central/muons/3/eta in Skim_TriLep_DYJets10to50.root
2025-11-07 13:15:12,406 - INFO - [2023BPix] MISSING_CENTRAL: WZ3Mu/Central/muons/3/eta in Skim_TriLep_TTG_PTG200toInf.root
2025-11-07 13:15:12,409 - INFO - [2023BPix] MISSING_FILE: /home/choij/Sync/workspace/ChargedHiggsAnalysisV3/SKNanoOutput/CRPromptSelector/Run3Mu_RunNoWZSF_RunSyst/2023BPix/Skim_TriLep_ZZTo4L_powheg.root
2025-11-07 13:15:12,413 - INFO - [2023BPix] MISSING_FILE: /home/choij/Sync/workspace/ChargedHiggsAnalysisV3/SKNanoOutput/CRPromptSelector/Run3Mu_RunNoWZSF_RunSyst/2023BPix/Skim_TriLep_VBFHToZZTo4L.root
2025-11-07 13:15:12,414 - INFO - [2023BPix] MISSING_FILE: /home/choij/Sync/workspace/ChargedHiggsAnalysisV3/SKNanoOutput/CRPromptSelector/Run3Mu_RunNoWZSF_RunSyst/2023BPix/Skim_TriLep_ggHToZZTo4L.root
2025-11-07 14:12:36,905 - INFO - [2022] MISSING_CENTRAL: WZ3Mu/Central/muons/3/eta in Skim_TriLep_DYJets.root
2025-11-07 14:12:36,906 - INFO - [2022] MISSING_CENTRAL: WZ3Mu/Central/muons/3/eta in Skim_TriLep_DYJets10to50.root
2025-11-07 14:12:36,906 - INFO - [2022] MISSING_CENTRAL: WZ3Mu/Central/muons/3/eta in Skim_TriLep_DYGTo2LG_MLL4to50_PTG10to100.root
2025-11-07 14:12:36,907 - INFO - [2022] MISSING_CENTRAL: WZ3Mu/Central/muons/3/eta in Skim_TriLep_DYGTo2LG_MLL4to50_PTG100to200.root
2025-11-07 14:12:36,907 - INFO - [2022] MISSING_CENTRAL: WZ3Mu/Central/muons/3/eta in Skim_TriLep_DYGTo2LG_MLL4to50_PTG200toInf.root
2025-11-07 14:12:36,933 - INFO - [2022] MISSING_CENTRAL: WZ3Mu/Central/muons/3/eta in Skim_TriLep_TTG_PTG100to200.root
2025-11-07 14:12:36,933 - INFO - [2022] MISSING_CENTRAL: WZ3Mu/Central/muons/3/eta in Skim_TriLep_TTG_PTG200toInf.root
2025-11-07 14:12:37,019 - INFO - [2022EE] MISSING_CENTRAL: WZ3Mu/Central/muons/3/eta in Skim_TriLep_DYJets.root
2025-11-07 14:12:37,019 - INFO - [2022EE] MISSING_CENTRAL: WZ3Mu/Central/muons/3/eta in Skim_TriLep_DYJets10to50.root
2025-11-07 14:12:37,162 - INFO - [2023] MISSING_CENTRAL: WZ3Mu/Central/muons/3/eta in Skim_TriLep_DYJets10to50.root
2025-11-07 14:12:37,220 - INFO - [2023] MISSING_CENTRAL: WZ3Mu/Central/muons/3/eta in Skim_TriLep_TTG_PTG200toInf.root
2025-11-07 14:12:37,318 - INFO - [2023BPix] MISSING_CENTRAL: WZ3Mu/Central/muons/3/eta in Skim_TriLep_DYJets10to50.root
2025-11-07 14:12:37,332 - INFO - [2023BPix] MISSING_SYSTEMATIC: WZ3Mu/JetEn_Up/muons/3/eta in Skim_TriLep_DYGTo2LG_MLL4to50_PTG200toInf.root
2025-11-07 14:12:37,332 - INFO - [2023BPix] MISSING_SYSTEMATIC: WZ3Mu/JetEn_Down/muons/3/eta in Skim_TriLep_DYGTo2LG_MLL4to50_PTG200toInf.root
2025-11-07 14:12:37,333 - INFO - [2023BPix] MISSING_SYSTEMATIC: WZ3Mu/JetRes_Up/muons/3/eta in Skim_TriLep_DYGTo2LG_MLL4to50_PTG200toInf.root
2025-11-07 14:12:37,388 - INFO - [2023BPix] MISSING_CENTRAL: WZ3Mu/Central/muons/3/eta in Skim_TriLep_TTG_PTG200toInf.root
2025-11-07 14:12:43,347 - INFO - [2022] MISSING_CENTRAL: WZ3Mu/Central/muons/3/eta in Skim_TriLep_DYJets.root
2025-11-07 14:12:43,347 - INFO - [2022] MISSING_CENTRAL: WZ3Mu/Central/muons/3/eta in Skim_TriLep_DYJets10to50.root
2025-11-07 14:12:43,348 - INFO - [2022] MISSING_CENTRAL: WZ3Mu/Central/muons/3/eta in Skim_TriLep_DYGTo2LG_MLL4to50_PTG10to100.root
2025-11-07 14:12:43,348 - INFO - [2022] MISSING_CENTRAL: WZ3Mu/Central/muons/3/eta in Skim_TriLep_DYGTo2LG_MLL4to50_PTG100to200.root
2025-11-07 14:12:43,349 - INFO - [2022] MISSING_CENTRAL: WZ3Mu/Central/muons/3/eta in Skim_TriLep_DYGTo2LG_MLL4to50_PTG200toInf.root
2025-11-07 14:12:43,351 - INFO - [2022] MISSING_CENTRAL: WZ3Mu/Central/muons/3/eta in Skim_TriLep_TTG_PTG100to200.root
2025-11-07 14:12:43,352 - INFO - [2022] MISSING_CENTRAL: WZ3Mu/Central/muons/3/eta in Skim_TriLep_TTG_PTG200toInf.root
2025-11-07 14:12:43,355 - INFO - [2022] MISSING_FILE: /home/choij/Sync/workspace/ChargedHiggsAnalysisV3/SKNanoOutput/CRPromptSelector/Run3Mu_RunNoWZSF_RunSyst/2022/Skim_TriLep_ZZTo4L_powheg.root
2025-11-07 14:12:43,358 - INFO - [2022] MISSING_FILE: /home/choij/Sync/workspace/ChargedHiggsAnalysisV3/SKNanoOutput/CRPromptSelector/Run3Mu_RunNoWZSF_RunSyst/2022/Skim_TriLep_VBFHToZZTo4L.root
2025-11-07 14:12:43,358 - INFO - [2022] MISSING_FILE: /home/choij/Sync/workspace/ChargedHiggsAnalysisV3/SKNanoOutput/CRPromptSelector/Run3Mu_RunNoWZSF_RunSyst/2022/Skim_TriLep_ggHToZZTo4L.root
2025-11-07 14:12:43,360 - INFO - [2022EE] MISSING_CENTRAL: WZ3Mu/Central/muons/3/eta in Skim_TriLep_DYJets.root
2025-11-07 14:12:43,361 - INFO - [2022EE] MISSING_CENTRAL: WZ3Mu/Central/muons/3/eta in Skim_TriLep_DYJets10to50.root
2025-11-07 14:12:43,368 - INFO - [2022EE] MISSING_FILE: /home/choij/Sync/workspace/ChargedHiggsAnalysisV3/SKNanoOutput/CRPromptSelector/Run3Mu_RunNoWZSF_RunSyst/2022EE/Skim_TriLep_ZZTo4L_powheg.root
2025-11-07 14:12:43,371 - INFO - [2022EE] MISSING_FILE: /home/choij/Sync/workspace/ChargedHiggsAnalysisV3/SKNanoOutput/CRPromptSelector/Run3Mu_RunNoWZSF_RunSyst/2022EE/Skim_TriLep_VBFHToZZTo4L.root
2025-11-07 14:12:43,371 - INFO - [2022EE] MISSING_FILE: /home/choij/Sync/workspace/ChargedHiggsAnalysisV3/SKNanoOutput/CRPromptSelector/Run3Mu_RunNoWZSF_RunSyst/2022EE/Skim_TriLep_ggHToZZTo4L.root
2025-11-07 14:12:43,375 - INFO - [2023] MISSING_CENTRAL: WZ3Mu/Central/muons/3/eta in Skim_TriLep_DYJets10to50.root
2025-11-07 14:12:43,380 - INFO - [2023] MISSING_CENTRAL: WZ3Mu/Central/muons/3/eta in Skim_TriLep_TTG_PTG200toInf.root
2025-11-07 14:12:43,383 - INFO - [2023] MISSING_FILE: /home/choij/Sync/workspace/ChargedHiggsAnalysisV3/SKNanoOutput/CRPromptSelector/Run3Mu_RunNoWZSF_RunSyst/2023/Skim_TriLep_ZZTo4L_powheg.root
2025-11-07 14:12:43,387 - INFO - [2023] MISSING_FILE: /home/choij/Sync/workspace/ChargedHiggsAnalysisV3/SKNanoOutput/CRPromptSelector/Run3Mu_RunNoWZSF_RunSyst/2023/Skim_TriLep_VBFHToZZTo4L.root
2025-11-07 14:12:43,387 - INFO - [2023] MISSING_FILE: /home/choij/Sync/workspace/ChargedHiggsAnalysisV3/SKNanoOutput/CRPromptSelector/Run3Mu_RunNoWZSF_RunSyst/2023/Skim_TriLep_ggHToZZTo4L.root
2025-11-07 14:12:43,390 - INFO - [2023BPix] MISSING_CENTRAL: WZ3Mu/Central/muons/3/eta in Skim_TriLep_DYJets10to50.root
2025-11-07 14:12:43,396 - INFO - [2023BPix] MISSING_CENTRAL: WZ3Mu/Central/muons/3/eta in Skim_TriLep_TTG_PTG200toInf.root
2025-11-07 14:12:43,399 - INFO - [2023BPix] MISSING_FILE: /home/choij/Sync/workspace/ChargedHiggsAnalysisV3/SKNanoOutput/CRPromptSelector/Run3Mu_RunNoWZSF_RunSyst/2023BPix/Skim_TriLep_ZZTo4L_powheg.root
2025-11-07 14:12:43,402 - INFO - [2023BPix] MISSING_FILE: /home/choij/Sync/workspace/ChargedHiggsAnalysisV3/SKNanoOutput/CRPromptSelector/Run3Mu_RunNoWZSF_RunSyst/2023BPix/Skim_TriLep_VBFHToZZTo4L.root
2025-11-07 14:12:43,403 - INFO - [2023BPix] MISSING_FILE: /home/choij/Sync/workspace/ChargedHiggsAnalysisV3/SKNanoOutput/CRPromptSelector/Run3Mu_RunNoWZSF_RunSyst/2023BPix/Skim_TriLep_ggHToZZTo4L.root
2025-11-10 12:29:18,605 - INFO - [2022] MISSING_CENTRAL: WZ3Mu/Central/muons/3/eta in Skim_TriLep_DYJets.root
2025-11-10 12:29:18,606 - INFO - [2022] MISSING_CENTRAL: WZ3Mu/Central/muons/3/eta in Skim_TriLep_DYJets10to50.root
2025-11-10 12:29:18,606 - INFO - [2022] MISSING_CENTRAL: WZ3Mu/Central/muons/3/eta in Skim_TriLep_DYGTo2LG_MLL4to50_PTG10to100.root
2025-11-10 12:29:18,607 - INFO - [2022] MISSING_CENTRAL: WZ3Mu/Central/muons/3/eta in Skim_TriLep_DYGTo2LG_MLL4to50_PTG100to200.root
2025-11-10 12:29:18,607 - INFO - [2022] MISSING_CENTRAL: WZ3Mu/Central/muons/3/eta in Skim_TriLep_DYGTo2LG_MLL4to50_PTG200toInf.root
2025-11-10 12:29:18,632 - INFO - [2022] MISSING_CENTRAL: WZ3Mu/Central/muons/3/eta in Skim_TriLep_TTG_PTG100to200.root
2025-11-10 12:29:18,633 - INFO - [2022] MISSING_CENTRAL: WZ3Mu/Central/muons/3/eta in Skim_TriLep_TTG_PTG200toInf.root
2025-11-10 12:29:18,716 - INFO - [2022EE] MISSING_CENTRAL: WZ3Mu/Central/muons/3/eta in Skim_TriLep_DYJets.root
2025-11-10 12:29:18,717 - INFO - [2022EE] MISSING_CENTRAL: WZ3Mu/Central/muons/3/eta in Skim_TriLep_DYJets10to50.root
2025-11-10 12:29:18,861 - INFO - [2023] MISSING_CENTRAL: WZ3Mu/Central/muons/3/eta in Skim_TriLep_DYJets10to50.root
2025-11-10 12:29:18,917 - INFO - [2023] MISSING_CENTRAL: WZ3Mu/Central/muons/3/eta in Skim_TriLep_TTG_PTG200toInf.root
2025-11-10 12:29:19,013 - INFO - [2023BPix] MISSING_CENTRAL: WZ3Mu/Central/muons/3/eta in Skim_TriLep_DYJets10to50.root
2025-11-10 12:29:19,028 - INFO - [2023BPix] MISSING_SYSTEMATIC: WZ3Mu/JetEn_Up/muons/3/eta in Skim_TriLep_DYGTo2LG_MLL4to50_PTG200toInf.root
2025-11-10 12:29:19,028 - INFO - [2023BPix] MISSING_SYSTEMATIC: WZ3Mu/JetEn_Down/muons/3/eta in Skim_TriLep_DYGTo2LG_MLL4to50_PTG200toInf.root
2025-11-10 12:29:19,029 - INFO - [2023BPix] MISSING_SYSTEMATIC: WZ3Mu/JetRes_Up/muons/3/eta in Skim_TriLep_DYGTo2LG_MLL4to50_PTG200toInf.root
2025-11-10 12:29:19,082 - INFO - [2023BPix] MISSING_CENTRAL: WZ3Mu/Central/muons/3/eta in Skim_TriLep_TTG_PTG200toInf.root
2025-11-10 12:29:25,194 - INFO - [2022] MISSING_CENTRAL: WZ3Mu/Central/muons/3/eta in Skim_TriLep_DYJets.root
2025-11-10 12:29:25,194 - INFO - [2022] MISSING_CENTRAL: WZ3Mu/Central/muons/3/eta in Skim_TriLep_DYJets10to50.root
2025-11-10 12:29:25,195 - INFO - [2022] MISSING_CENTRAL: WZ3Mu/Central/muons/3/eta in Skim_TriLep_DYGTo2LG_MLL4to50_PTG10to100.root
2025-11-10 12:29:25,195 - INFO - [2022] MISSING_CENTRAL: WZ3Mu/Central/muons/3/eta in Skim_TriLep_DYGTo2LG_MLL4to50_PTG100to200.root
2025-11-10 12:29:25,196 - INFO - [2022] MISSING_CENTRAL: WZ3Mu/Central/muons/3/eta in Skim_TriLep_DYGTo2LG_MLL4to50_PTG200toInf.root
2025-11-10 12:29:25,198 - INFO - [2022] MISSING_CENTRAL: WZ3Mu/Central/muons/3/eta in Skim_TriLep_TTG_PTG100to200.root
2025-11-10 12:29:25,199 - INFO - [2022] MISSING_CENTRAL: WZ3Mu/Central/muons/3/eta in Skim_TriLep_TTG_PTG200toInf.root
2025-11-10 12:29:25,201 - INFO - [2022] MISSING_FILE: /home/choij/Sync/workspace/ChargedHiggsAnalysisV3/SKNanoOutput/CRPromptSelector/Run3Mu_RunNoWZSF_RunSyst/2022/Skim_TriLep_ZZTo4L_powheg.root
2025-11-10 12:29:25,205 - INFO - [2022] MISSING_FILE: /home/choij/Sync/workspace/ChargedHiggsAnalysisV3/SKNanoOutput/CRPromptSelector/Run3Mu_RunNoWZSF_RunSyst/2022/Skim_TriLep_VBFHToZZTo4L.root
2025-11-10 12:29:25,205 - INFO - [2022] MISSING_FILE: /home/choij/Sync/workspace/ChargedHiggsAnalysisV3/SKNanoOutput/CRPromptSelector/Run3Mu_RunNoWZSF_RunSyst/2022/Skim_TriLep_ggHToZZTo4L.root
2025-11-10 12:29:25,207 - INFO - [2022EE] MISSING_CENTRAL: WZ3Mu/Central/muons/3/eta in Skim_TriLep_DYJets.root
2025-11-10 12:29:25,207 - INFO - [2022EE] MISSING_CENTRAL: WZ3Mu/Central/muons/3/eta in Skim_TriLep_DYJets10to50.root
2025-11-10 12:29:25,215 - INFO - [2022EE] MISSING_FILE: /home/choij/Sync/workspace/ChargedHiggsAnalysisV3/SKNanoOutput/CRPromptSelector/Run3Mu_RunNoWZSF_RunSyst/2022EE/Skim_TriLep_ZZTo4L_powheg.root
2025-11-10 12:29:25,225 - INFO - [2022EE] MISSING_FILE: /home/choij/Sync/workspace/ChargedHiggsAnalysisV3/SKNanoOutput/CRPromptSelector/Run3Mu_RunNoWZSF_RunSyst/2022EE/Skim_TriLep_VBFHToZZTo4L.root
2025-11-10 12:29:25,226 - INFO - [2022EE] MISSING_FILE: /home/choij/Sync/workspace/ChargedHiggsAnalysisV3/SKNanoOutput/CRPromptSelector/Run3Mu_RunNoWZSF_RunSyst/2022EE/Skim_TriLep_ggHToZZTo4L.root
2025-11-10 12:29:25,234 - INFO - [2023] MISSING_CENTRAL: WZ3Mu/Central/muons/3/eta in Skim_TriLep_DYJets10to50.root
2025-11-10 12:29:25,243 - INFO - [2023] MISSING_CENTRAL: WZ3Mu/Central/muons/3/eta in Skim_TriLep_TTG_PTG200toInf.root
2025-11-10 12:29:25,246 - INFO - [2023] MISSING_FILE: /home/choij/Sync/workspace/ChargedHiggsAnalysisV3/SKNanoOutput/CRPromptSelector/Run3Mu_RunNoWZSF_RunSyst/2023/Skim_TriLep_ZZTo4L_powheg.root
2025-11-10 12:29:25,249 - INFO - [2023] MISSING_FILE: /home/choij/Sync/workspace/ChargedHiggsAnalysisV3/SKNanoOutput/CRPromptSelector/Run3Mu_RunNoWZSF_RunSyst/2023/Skim_TriLep_VBFHToZZTo4L.root
2025-11-10 12:29:25,249 - INFO - [2023] MISSING_FILE: /home/choij/Sync/workspace/ChargedHiggsAnalysisV3/SKNanoOutput/CRPromptSelector/Run3Mu_RunNoWZSF_RunSyst/2023/Skim_TriLep_ggHToZZTo4L.root
2025-11-10 12:29:25,252 - INFO - [2023BPix] MISSING_CENTRAL: WZ3Mu/Central/muons/3/eta in Skim_TriLep_DYJets10to50.root
2025-11-10 12:29:25,258 - INFO - [2023BPix] MISSING_CENTRAL: WZ3Mu/Central/muons/3/eta in Skim_TriLep_TTG_PTG200toInf.root
2025-11-10 12:29:25,261 - INFO - [2023BPix] MISSING_FILE: /home/choij/Sync/workspace/ChargedHiggsAnalysisV3/SKNanoOutput/CRPromptSelector/Run3Mu_RunNoWZSF_RunSyst/2023BPix/Skim_TriLep_ZZTo4L_powheg.root
2025-11-10 12:29:25,265 - INFO - [2023BPix] MISSING_FILE: /home/choij/Sync/workspace/ChargedHiggsAnalysisV3/SKNanoOutput/CRPromptSelector/Run3Mu_RunNoWZSF_RunSyst/2023BPix/Skim_TriLep_VBFHToZZTo4L.root
2025-11-10 12:29:25,265 - INFO - [2023BPix] MISSING_FILE: /home/choij/Sync/workspace/ChargedHiggsAnalysisV3/SKNanoOutput/CRPromptSelector/Run3Mu_RunNoWZSF_RunSyst/2023BPix/Skim_TriLep_ggHToZZTo4L.root
2025-11-13 11:19:42,882 - INFO - [2022] MISSING_CENTRAL: WZ3Mu/Central/muons/3/eta in Skim_TriLep_DYJets.root
2025-11-13 11:19:42,883 - INFO - [2022] MISSING_CENTRAL: WZ3Mu/Central/muons/3/eta in Skim_TriLep_DYJets10to50.root
2025-11-13 11:19:42,884 - INFO - [2022] MISSING_CENTRAL: WZ3Mu/Central/muons/3/eta in Skim_TriLep_DYGTo2LG_MLL4to50_PTG10to100.root
2025-11-13 11:19:42,885 - INFO - [2022] MISSING_CENTRAL: WZ3Mu/Central/muons/3/eta in Skim_TriLep_DYGTo2LG_MLL4to50_PTG100to200.root
2025-11-13 11:19:42,886 - INFO - [2022] MISSING_CENTRAL: WZ3Mu/Central/muons/3/eta in Skim_TriLep_DYGTo2LG_MLL4to50_PTG200toInf.root
2025-11-13 11:19:42,927 - INFO - [2022] MISSING_CENTRAL: WZ3Mu/Central/muons/3/eta in Skim_TriLep_TTG_PTG100to200.root
2025-11-13 11:19:42,928 - INFO - [2022] MISSING_CENTRAL: WZ3Mu/Central/muons/3/eta in Skim_TriLep_TTG_PTG200toInf.root
2025-11-13 11:19:43,074 - INFO - [2022EE] MISSING_CENTRAL: WZ3Mu/Central/muons/3/eta in Skim_TriLep_DYJets.root
2025-11-13 11:19:43,075 - INFO - [2022EE] MISSING_CENTRAL: WZ3Mu/Central/muons/3/eta in Skim_TriLep_DYJets10to50.root
2025-11-13 11:19:43,784 - INFO - [2023] MISSING_CENTRAL: WZ3Mu/Central/muons/3/eta in Skim_TriLep_DYJets10to50.root
2025-11-13 11:19:43,990 - INFO - [2023] MISSING_CENTRAL: WZ3Mu/Central/muons/3/eta in Skim_TriLep_TTG_PTG200toInf.root
2025-11-13 11:19:44,215 - INFO - [2023BPix] MISSING_CENTRAL: WZ3Mu/Central/muons/3/eta in Skim_TriLep_DYJets10to50.root
2025-11-13 11:19:44,232 - INFO - [2023BPix] MISSING_SYSTEMATIC: WZ3Mu/JetEn_Up/muons/3/eta in Skim_TriLep_DYGTo2LG_MLL4to50_PTG200toInf.root
2025-11-13 11:19:44,232 - INFO - [2023BPix] MISSING_SYSTEMATIC: WZ3Mu/JetEn_Down/muons/3/eta in Skim_TriLep_DYGTo2LG_MLL4to50_PTG200toInf.root
2025-11-13 11:19:44,232 - INFO - [2023BPix] MISSING_SYSTEMATIC: WZ3Mu/JetRes_Up/muons/3/eta in Skim_TriLep_DYGTo2LG_MLL4to50_PTG200toInf.root
2025-11-13 11:19:44,292 - INFO - [2023BPix] MISSING_CENTRAL: WZ3Mu/Central/muons/3/eta in Skim_TriLep_TTG_PTG200toInf.root
2025-11-13 11:19:48,937 - INFO - [2022] MISSING_CENTRAL: WZ3Mu/Central/muons/3/eta in Skim_TriLep_DYJets.root
2025-11-13 11:19:48,937 - INFO - [2022] MISSING_CENTRAL: WZ3Mu/Central/muons/3/eta in Skim_TriLep_DYJets10to50.root
2025-11-13 11:19:48,938 - INFO - [2022] MISSING_CENTRAL: WZ3Mu/Central/muons/3/eta in Skim_TriLep_DYGTo2LG_MLL4to50_PTG10to100.root
2025-11-13 11:19:48,939 - INFO - [2022] MISSING_CENTRAL: WZ3Mu/Central/muons/3/eta in Skim_TriLep_DYGTo2LG_MLL4to50_PTG100to200.root
2025-11-13 11:19:48,939 - INFO - [2022] MISSING_CENTRAL: WZ3Mu/Central/muons/3/eta in Skim_TriLep_DYGTo2LG_MLL4to50_PTG200toInf.root
2025-11-13 11:19:48,943 - INFO - [2022] MISSING_CENTRAL: WZ3Mu/Central/muons/3/eta in Skim_TriLep_TTG_PTG100to200.root
2025-11-13 11:19:48,943 - INFO - [2022] MISSING_CENTRAL: WZ3Mu/Central/muons/3/eta in Skim_TriLep_TTG_PTG200toInf.root
2025-11-13 11:19:48,948 - INFO - [2022] MISSING_FILE: /data9/Users/choij/Sync/workspace/ChargedHiggsAnalysisV3/SKNanoOutput/CRPromptSelector/Run3Mu_RunNoWZSF_RunSyst/2022/Skim_TriLep_ZZTo4L_powheg.root
2025-11-13 11:19:48,952 - INFO - [2022] MISSING_FILE: /data9/Users/choij/Sync/workspace/ChargedHiggsAnalysisV3/SKNanoOutput/CRPromptSelector/Run3Mu_RunNoWZSF_RunSyst/2022/Skim_TriLep_VBFHToZZTo4L.root
2025-11-13 11:19:48,952 - INFO - [2022] MISSING_FILE: /data9/Users/choij/Sync/workspace/ChargedHiggsAnalysisV3/SKNanoOutput/CRPromptSelector/Run3Mu_RunNoWZSF_RunSyst/2022/Skim_TriLep_ggHToZZTo4L.root
2025-11-13 11:19:48,955 - INFO - [2022EE] MISSING_CENTRAL: WZ3Mu/Central/muons/3/eta in Skim_TriLep_DYJets.root
2025-11-13 11:19:48,955 - INFO - [2022EE] MISSING_CENTRAL: WZ3Mu/Central/muons/3/eta in Skim_TriLep_DYJets10to50.root
2025-11-13 11:19:48,966 - INFO - [2022EE] MISSING_FILE: /data9/Users/choij/Sync/workspace/ChargedHiggsAnalysisV3/SKNanoOutput/CRPromptSelector/Run3Mu_RunNoWZSF_RunSyst/2022EE/Skim_TriLep_ZZTo4L_powheg.root
2025-11-13 11:19:48,970 - INFO - [2022EE] MISSING_FILE: /data9/Users/choij/Sync/workspace/ChargedHiggsAnalysisV3/SKNanoOutput/CRPromptSelector/Run3Mu_RunNoWZSF_RunSyst/2022EE/Skim_TriLep_VBFHToZZTo4L.root
2025-11-13 11:19:48,970 - INFO - [2022EE] MISSING_FILE: /data9/Users/choij/Sync/workspace/ChargedHiggsAnalysisV3/SKNanoOutput/CRPromptSelector/Run3Mu_RunNoWZSF_RunSyst/2022EE/Skim_TriLep_ggHToZZTo4L.root
2025-11-13 11:19:48,976 - INFO - [2023] MISSING_CENTRAL: WZ3Mu/Central/muons/3/eta in Skim_TriLep_DYJets10to50.root
2025-11-13 11:19:48,984 - INFO - [2023] MISSING_CENTRAL: WZ3Mu/Central/muons/3/eta in Skim_TriLep_TTG_PTG200toInf.root
2025-11-13 11:19:48,987 - INFO - [2023] MISSING_FILE: /data9/Users/choij/Sync/workspace/ChargedHiggsAnalysisV3/SKNanoOutput/CRPromptSelector/Run3Mu_RunNoWZSF_RunSyst/2023/Skim_TriLep_ZZTo4L_powheg.root
2025-11-13 11:19:48,992 - INFO - [2023] MISSING_FILE: /data9/Users/choij/Sync/workspace/ChargedHiggsAnalysisV3/SKNanoOutput/CRPromptSelector/Run3Mu_RunNoWZSF_RunSyst/2023/Skim_TriLep_VBFHToZZTo4L.root
2025-11-13 11:19:48,992 - INFO - [2023] MISSING_FILE: /data9/Users/choij/Sync/workspace/ChargedHiggsAnalysisV3/SKNanoOutput/CRPromptSelector/Run3Mu_RunNoWZSF_RunSyst/2023/Skim_TriLep_ggHToZZTo4L.root
2025-11-13 11:19:48,995 - INFO - [2023BPix] MISSING_CENTRAL: WZ3Mu/Central/muons/3/eta in Skim_TriLep_DYJets10to50.root
2025-11-13 11:19:49,003 - INFO - [2023BPix] MISSING_CENTRAL: WZ3Mu/Central/muons/3/eta in Skim_TriLep_TTG_PTG200toInf.root
2025-11-13 11:19:49,007 - INFO - [2023BPix] MISSING_FILE: /data9/Users/choij/Sync/workspace/ChargedHiggsAnalysisV3/SKNanoOutput/CRPromptSelector/Run3Mu_RunNoWZSF_RunSyst/2023BPix/Skim_TriLep_ZZTo4L_powheg.root
2025-11-13 11:19:49,011 - INFO - [2023BPix] MISSING_FILE: /data9/Users/choij/Sync/workspace/ChargedHiggsAnalysisV3/SKNanoOutput/CRPromptSelector/Run3Mu_RunNoWZSF_RunSyst/2023BPix/Skim_TriLep_VBFHToZZTo4L.root
2025-11-13 11:19:49,012 - INFO - [2023BPix] MISSING_FILE: /data9/Users/choij/Sync/workspace/ChargedHiggsAnalysisV3/SKNanoOutput/CRPromptSelector/Run3Mu_RunNoWZSF_RunSyst/2023BPix/Skim_TriLep_ggHToZZTo4L.root
2025-11-19 15:46:17,247 - INFO - [2022] MISSING_CENTRAL: WZ3Mu/Central/muons/3/eta in Skim_TriLep_DYJets.root
2025-11-19 15:46:17,248 - INFO - [2022] MISSING_CENTRAL: WZ3Mu/Central/muons/3/eta in Skim_TriLep_DYJets10to50.root
2025-11-19 15:46:17,249 - INFO - [2022] MISSING_CENTRAL: WZ3Mu/Central/muons/3/eta in Skim_TriLep_DYGTo2LG_MLL4to50_PTG10to100.root
2025-11-19 15:46:17,250 - INFO - [2022] MISSING_CENTRAL: WZ3Mu/Central/muons/3/eta in Skim_TriLep_DYGTo2LG_MLL4to50_PTG100to200.root
2025-11-19 15:46:17,250 - INFO - [2022] MISSING_CENTRAL: WZ3Mu/Central/muons/3/eta in Skim_TriLep_DYGTo2LG_MLL4to50_PTG200toInf.root
2025-11-19 15:46:17,276 - INFO - [2022] MISSING_CENTRAL: WZ3Mu/Central/muons/3/eta in Skim_TriLep_TTG_PTG100to200.root
2025-11-19 15:46:17,277 - INFO - [2022] MISSING_CENTRAL: WZ3Mu/Central/muons/3/eta in Skim_TriLep_TTG_PTG200toInf.root
2025-11-19 15:46:17,364 - INFO - [2022EE] MISSING_CENTRAL: WZ3Mu/Central/muons/3/eta in Skim_TriLep_DYJets.root
2025-11-19 15:46:17,365 - INFO - [2022EE] MISSING_CENTRAL: WZ3Mu/Central/muons/3/eta in Skim_TriLep_DYJets10to50.root
2025-11-19 15:46:17,513 - INFO - [2023] MISSING_CENTRAL: WZ3Mu/Central/muons/3/eta in Skim_TriLep_DYJets10to50.root
2025-11-19 15:46:17,572 - INFO - [2023] MISSING_CENTRAL: WZ3Mu/Central/muons/3/eta in Skim_TriLep_TTG_PTG200toInf.root
2025-11-19 15:46:17,674 - INFO - [2023BPix] MISSING_CENTRAL: WZ3Mu/Central/muons/3/eta in Skim_TriLep_DYJets10to50.root
2025-11-19 15:46:17,690 - INFO - [2023BPix] MISSING_SYSTEMATIC: WZ3Mu/JetEn_Up/muons/3/eta in Skim_TriLep_DYGTo2LG_MLL4to50_PTG200toInf.root
2025-11-19 15:46:17,691 - INFO - [2023BPix] MISSING_SYSTEMATIC: WZ3Mu/JetEn_Down/muons/3/eta in Skim_TriLep_DYGTo2LG_MLL4to50_PTG200toInf.root
2025-11-19 15:46:17,691 - INFO - [2023BPix] MISSING_SYSTEMATIC: WZ3Mu/JetRes_Up/muons/3/eta in Skim_TriLep_DYGTo2LG_MLL4to50_PTG200toInf.root
2025-11-19 15:46:17,747 - INFO - [2023BPix] MISSING_CENTRAL: WZ3Mu/Central/muons/3/eta in Skim_TriLep_TTG_PTG200toInf.root
2025-11-19 15:46:23,639 - INFO - [2022] MISSING_CENTRAL: WZ3Mu/Central/muons/3/eta in Skim_TriLep_DYJets.root
2025-11-19 15:46:23,640 - INFO - [2022] MISSING_CENTRAL: WZ3Mu/Central/muons/3/eta in Skim_TriLep_DYJets10to50.root
2025-11-19 15:46:23,640 - INFO - [2022] MISSING_CENTRAL: WZ3Mu/Central/muons/3/eta in Skim_TriLep_DYGTo2LG_MLL4to50_PTG10to100.root
2025-11-19 15:46:23,641 - INFO - [2022] MISSING_CENTRAL: WZ3Mu/Central/muons/3/eta in Skim_TriLep_DYGTo2LG_MLL4to50_PTG100to200.root
2025-11-19 15:46:23,641 - INFO - [2022] MISSING_CENTRAL: WZ3Mu/Central/muons/3/eta in Skim_TriLep_DYGTo2LG_MLL4to50_PTG200toInf.root
2025-11-19 15:46:23,644 - INFO - [2022] MISSING_CENTRAL: WZ3Mu/Central/muons/3/eta in Skim_TriLep_TTG_PTG100to200.root
2025-11-19 15:46:23,644 - INFO - [2022] MISSING_CENTRAL: WZ3Mu/Central/muons/3/eta in Skim_TriLep_TTG_PTG200toInf.root
2025-11-19 15:46:23,647 - INFO - [2022] MISSING_FILE: /home/choij/Sync/workspace/ChargedHiggsAnalysisV3/SKNanoOutput/CRPromptSelector/Run3Mu_RunNoWZSF_RunSyst/2022/Skim_TriLep_ZZTo4L_powheg.root
2025-11-19 15:46:23,651 - INFO - [2022] MISSING_FILE: /home/choij/Sync/workspace/ChargedHiggsAnalysisV3/SKNanoOutput/CRPromptSelector/Run3Mu_RunNoWZSF_RunSyst/2022/Skim_TriLep_VBFHToZZTo4L.root
2025-11-19 15:46:23,651 - INFO - [2022] MISSING_FILE: /home/choij/Sync/workspace/ChargedHiggsAnalysisV3/SKNanoOutput/CRPromptSelector/Run3Mu_RunNoWZSF_RunSyst/2022/Skim_TriLep_ggHToZZTo4L.root
2025-11-19 15:46:23,653 - INFO - [2022EE] MISSING_CENTRAL: WZ3Mu/Central/muons/3/eta in Skim_TriLep_DYJets.root
2025-11-19 15:46:23,654 - INFO - [2022EE] MISSING_CENTRAL: WZ3Mu/Central/muons/3/eta in Skim_TriLep_DYJets10to50.root
2025-11-19 15:46:23,661 - INFO - [2022EE] MISSING_FILE: /home/choij/Sync/workspace/ChargedHiggsAnalysisV3/SKNanoOutput/CRPromptSelector/Run3Mu_RunNoWZSF_RunSyst/2022EE/Skim_TriLep_ZZTo4L_powheg.root
2025-11-19 15:46:23,665 - INFO - [2022EE] MISSING_FILE: /home/choij/Sync/workspace/ChargedHiggsAnalysisV3/SKNanoOutput/CRPromptSelector/Run3Mu_RunNoWZSF_RunSyst/2022EE/Skim_TriLep_VBFHToZZTo4L.root
2025-11-19 15:46:23,665 - INFO - [2022EE] MISSING_FILE: /home/choij/Sync/workspace/ChargedHiggsAnalysisV3/SKNanoOutput/CRPromptSelector/Run3Mu_RunNoWZSF_RunSyst/2022EE/Skim_TriLep_ggHToZZTo4L.root
2025-11-19 15:46:23,670 - INFO - [2023] MISSING_CENTRAL: WZ3Mu/Central/muons/3/eta in Skim_TriLep_DYJets10to50.root
2025-11-19 15:46:23,676 - INFO - [2023] MISSING_CENTRAL: WZ3Mu/Central/muons/3/eta in Skim_TriLep_TTG_PTG200toInf.root
2025-11-19 15:46:23,679 - INFO - [2023] MISSING_FILE: /home/choij/Sync/workspace/ChargedHiggsAnalysisV3/SKNanoOutput/CRPromptSelector/Run3Mu_RunNoWZSF_RunSyst/2023/Skim_TriLep_ZZTo4L_powheg.root
2025-11-19 15:46:23,683 - INFO - [2023] MISSING_FILE: /home/choij/Sync/workspace/ChargedHiggsAnalysisV3/SKNanoOutput/CRPromptSelector/Run3Mu_RunNoWZSF_RunSyst/2023/Skim_TriLep_VBFHToZZTo4L.root
2025-11-19 15:46:23,683 - INFO - [2023] MISSING_FILE: /home/choij/Sync/workspace/ChargedHiggsAnalysisV3/SKNanoOutput/CRPromptSelector/Run3Mu_RunNoWZSF_RunSyst/2023/Skim_TriLep_ggHToZZTo4L.root
2025-11-19 15:46:23,686 - INFO - [2023BPix] MISSING_CENTRAL: WZ3Mu/Central/muons/3/eta in Skim_TriLep_DYJets10to50.root
2025-11-19 15:46:23,692 - INFO - [2023BPix] MISSING_CENTRAL: WZ3Mu/Central/muons/3/eta in Skim_TriLep_TTG_PTG200toInf.root
2025-11-19 15:46:23,695 - INFO - [2023BPix] MISSING_FILE: /home/choij/Sync/workspace/ChargedHiggsAnalysisV3/SKNanoOutput/CRPromptSelector/Run3Mu_RunNoWZSF_RunSyst/2023BPix/Skim_TriLep_ZZTo4L_powheg.root
2025-11-19 15:46:23,699 - INFO - [2023BPix] MISSING_FILE: /home/choij/Sync/workspace/ChargedHiggsAnalysisV3/SKNanoOutput/CRPromptSelector/Run3Mu_RunNoWZSF_RunSyst/2023BPix/Skim_TriLep_VBFHToZZTo4L.root
2025-11-19 15:46:23,699 - INFO - [2023BPix] MISSING_FILE: /home/choij/Sync/workspace/ChargedHiggsAnalysisV3/SKNanoOutput/CRPromptSelector/Run3Mu_RunNoWZSF_RunSyst/2023BPix/Skim_TriLep_ggHToZZTo4L.root
2025-11-19 16:31:46,332 - INFO - [2022] MISSING_CENTRAL: WZ3Mu/Central/muons/3/eta in Skim_TriLep_DYJets.root
2025-11-19 16:31:46,332 - INFO - [2022] MISSING_CENTRAL: WZ3Mu/Central/muons/3/eta in Skim_TriLep_DYJets10to50.root
2025-11-19 16:31:46,332 - INFO - [2022] MISSING_CENTRAL: WZ3Mu/Central/muons/3/eta in Skim_TriLep_DYGTo2LG_MLL4to50_PTG10to100.root
2025-11-19 16:31:46,333 - INFO - [2022] MISSING_CENTRAL: WZ3Mu/Central/muons/3/eta in Skim_TriLep_DYGTo2LG_MLL4to50_PTG100to200.root
2025-11-19 16:31:46,333 - INFO - [2022] MISSING_CENTRAL: WZ3Mu/Central/muons/3/eta in Skim_TriLep_DYGTo2LG_MLL4to50_PTG200toInf.root
2025-11-19 16:31:46,358 - INFO - [2022] MISSING_CENTRAL: WZ3Mu/Central/muons/3/eta in Skim_TriLep_TTG_PTG100to200.root
2025-11-19 16:31:46,358 - INFO - [2022] MISSING_CENTRAL: WZ3Mu/Central/muons/3/eta in Skim_TriLep_TTG_PTG200toInf.root
2025-11-19 16:31:46,439 - INFO - [2022EE] MISSING_CENTRAL: WZ3Mu/Central/muons/3/eta in Skim_TriLep_DYJets.root
2025-11-19 16:31:46,440 - INFO - [2022EE] MISSING_CENTRAL: WZ3Mu/Central/muons/3/eta in Skim_TriLep_DYJets10to50.root
2025-11-19 16:31:46,584 - INFO - [2023] MISSING_CENTRAL: WZ3Mu/Central/muons/3/eta in Skim_TriLep_DYJets10to50.root
2025-11-19 16:31:46,640 - INFO - [2023] MISSING_CENTRAL: WZ3Mu/Central/muons/3/eta in Skim_TriLep_TTG_PTG200toInf.root
2025-11-19 16:31:46,737 - INFO - [2023BPix] MISSING_CENTRAL: WZ3Mu/Central/muons/3/eta in Skim_TriLep_DYJets10to50.root
2025-11-19 16:31:46,751 - INFO - [2023BPix] MISSING_SYSTEMATIC: WZ3Mu/JetEn_Up/muons/3/eta in Skim_TriLep_DYGTo2LG_MLL4to50_PTG200toInf.root
2025-11-19 16:31:46,752 - INFO - [2023BPix] MISSING_SYSTEMATIC: WZ3Mu/JetEn_Down/muons/3/eta in Skim_TriLep_DYGTo2LG_MLL4to50_PTG200toInf.root
2025-11-19 16:31:46,752 - INFO - [2023BPix] MISSING_SYSTEMATIC: WZ3Mu/JetRes_Up/muons/3/eta in Skim_TriLep_DYGTo2LG_MLL4to50_PTG200toInf.root
2025-11-19 16:31:46,803 - INFO - [2023BPix] MISSING_CENTRAL: WZ3Mu/Central/muons/3/eta in Skim_TriLep_TTG_PTG200toInf.root
2025-11-19 16:31:52,733 - INFO - [2022] MISSING_CENTRAL: WZ3Mu/Central/muons/3/eta in Skim_TriLep_DYJets.root
2025-11-19 16:31:52,734 - INFO - [2022] MISSING_CENTRAL: WZ3Mu/Central/muons/3/eta in Skim_TriLep_DYJets10to50.root
2025-11-19 16:31:52,734 - INFO - [2022] MISSING_CENTRAL: WZ3Mu/Central/muons/3/eta in Skim_TriLep_DYGTo2LG_MLL4to50_PTG10to100.root
2025-11-19 16:31:52,735 - INFO - [2022] MISSING_CENTRAL: WZ3Mu/Central/muons/3/eta in Skim_TriLep_DYGTo2LG_MLL4to50_PTG100to200.root
2025-11-19 16:31:52,735 - INFO - [2022] MISSING_CENTRAL: WZ3Mu/Central/muons/3/eta in Skim_TriLep_DYGTo2LG_MLL4to50_PTG200toInf.root
2025-11-19 16:31:52,738 - INFO - [2022] MISSING_CENTRAL: WZ3Mu/Central/muons/3/eta in Skim_TriLep_TTG_PTG100to200.root
2025-11-19 16:31:52,738 - INFO - [2022] MISSING_CENTRAL: WZ3Mu/Central/muons/3/eta in Skim_TriLep_TTG_PTG200toInf.root
2025-11-19 16:31:52,741 - INFO - [2022] MISSING_FILE: /home/choij/Sync/workspace/ChargedHiggsAnalysisV3/SKNanoOutput/CRPromptSelector/Run3Mu_RunNoWZSF_RunSyst/2022/Skim_TriLep_ZZTo4L_powheg.root
2025-11-19 16:31:52,744 - INFO - [2022] MISSING_FILE: /home/choij/Sync/workspace/ChargedHiggsAnalysisV3/SKNanoOutput/CRPromptSelector/Run3Mu_RunNoWZSF_RunSyst/2022/Skim_TriLep_VBFHToZZTo4L.root
2025-11-19 16:31:52,745 - INFO - [2022] MISSING_FILE: /home/choij/Sync/workspace/ChargedHiggsAnalysisV3/SKNanoOutput/CRPromptSelector/Run3Mu_RunNoWZSF_RunSyst/2022/Skim_TriLep_ggHToZZTo4L.root
2025-11-19 16:31:52,746 - INFO - [2022EE] MISSING_CENTRAL: WZ3Mu/Central/muons/3/eta in Skim_TriLep_DYJets.root
2025-11-19 16:31:52,747 - INFO - [2022EE] MISSING_CENTRAL: WZ3Mu/Central/muons/3/eta in Skim_TriLep_DYJets10to50.root
2025-11-19 16:31:52,754 - INFO - [2022EE] MISSING_FILE: /home/choij/Sync/workspace/ChargedHiggsAnalysisV3/SKNanoOutput/CRPromptSelector/Run3Mu_RunNoWZSF_RunSyst/2022EE/Skim_TriLep_ZZTo4L_powheg.root
2025-11-19 16:31:52,758 - INFO - [2022EE] MISSING_FILE: /home/choij/Sync/workspace/ChargedHiggsAnalysisV3/SKNanoOutput/CRPromptSelector/Run3Mu_RunNoWZSF_RunSyst/2022EE/Skim_TriLep_VBFHToZZTo4L.root
2025-11-19 16:31:52,758 - INFO - [2022EE] MISSING_FILE: /home/choij/Sync/workspace/ChargedHiggsAnalysisV3/SKNanoOutput/CRPromptSelector/Run3Mu_RunNoWZSF_RunSyst/2022EE/Skim_TriLep_ggHToZZTo4L.root
2025-11-19 16:31:52,763 - INFO - [2023] MISSING_CENTRAL: WZ3Mu/Central/muons/3/eta in Skim_TriLep_DYJets10to50.root
2025-11-19 16:31:52,769 - INFO - [2023] MISSING_CENTRAL: WZ3Mu/Central/muons/3/eta in Skim_TriLep_TTG_PTG200toInf.root
2025-11-19 16:31:52,772 - INFO - [2023] MISSING_FILE: /home/choij/Sync/workspace/ChargedHiggsAnalysisV3/SKNanoOutput/CRPromptSelector/Run3Mu_RunNoWZSF_RunSyst/2023/Skim_TriLep_ZZTo4L_powheg.root
2025-11-19 16:31:52,775 - INFO - [2023] MISSING_FILE: /home/choij/Sync/workspace/ChargedHiggsAnalysisV3/SKNanoOutput/CRPromptSelector/Run3Mu_RunNoWZSF_RunSyst/2023/Skim_TriLep_VBFHToZZTo4L.root
2025-11-19 16:31:52,775 - INFO - [2023] MISSING_FILE: /home/choij/Sync/workspace/ChargedHiggsAnalysisV3/SKNanoOutput/CRPromptSelector/Run3Mu_RunNoWZSF_RunSyst/2023/Skim_TriLep_ggHToZZTo4L.root
2025-11-19 16:31:52,778 - INFO - [2023BPix] MISSING_CENTRAL: WZ3Mu/Central/muons/3/eta in Skim_TriLep_DYJets10to50.root
2025-11-19 16:31:52,784 - INFO - [2023BPix] MISSING_CENTRAL: WZ3Mu/Central/muons/3/eta in Skim_TriLep_TTG_PTG200toInf.root
2025-11-19 16:31:52,787 - INFO - [2023BPix] MISSING_FILE: /home/choij/Sync/workspace/ChargedHiggsAnalysisV3/SKNanoOutput/CRPromptSelector/Run3Mu_RunNoWZSF_RunSyst/2023BPix/Skim_TriLep_ZZTo4L_powheg.root
2025-11-19 16:31:52,790 - INFO - [2023BPix] MISSING_FILE: /home/choij/Sync/workspace/ChargedHiggsAnalysisV3/SKNanoOutput/CRPromptSelector/Run3Mu_RunNoWZSF_RunSyst/2023BPix/Skim_TriLep_VBFHToZZTo4L.root
2025-11-19 16:31:52,790 - INFO - [2023BPix] MISSING_FILE: /home/choij/Sync/workspace/ChargedHiggsAnalysisV3/SKNanoOutput/CRPromptSelector/Run3Mu_RunNoWZSF_RunSyst/2023BPix/Skim_TriLep_ggHToZZTo4L.root
2025-12-17 12:29:36,374 - INFO - [2022] MISSING_CENTRAL: WZ3Mu/Central/muons/3/eta in Skim_TriLep_DYJets.root
2025-12-17 12:29:36,376 - INFO - [2022] MISSING_CENTRAL: WZ3Mu/Central/muons/3/eta in Skim_TriLep_DYJets10to50.root
2025-12-17 12:29:36,377 - INFO - [2022] MISSING_CENTRAL: WZ3Mu/Central/muons/3/eta in Skim_TriLep_TTG_PTG10to100.root
2025-12-17 12:29:36,378 - INFO - [2022] MISSING_CENTRAL: WZ3Mu/Central/muons/3/eta in Skim_TriLep_TTG_PTG100to200.root
2025-12-17 12:29:36,379 - INFO - [2022] MISSING_CENTRAL: WZ3Mu/Central/muons/3/eta in Skim_TriLep_TTG_PTG200toInf.root
2025-12-17 12:29:36,510 - INFO - [2022EE] MISSING_CENTRAL: WZ3Mu/Central/muons/3/eta in Skim_TriLep_DYJets.root
2025-12-17 12:29:36,511 - INFO - [2022EE] MISSING_CENTRAL: WZ3Mu/Central/muons/3/eta in Skim_TriLep_DYJets10to50.root
2025-12-17 12:29:36,712 - INFO - [2023] MISSING_CENTRAL: WZ3Mu/Central/muons/3/eta in Skim_TriLep_DYJets10to50.root
2025-12-17 12:29:36,723 - INFO - [2023] MISSING_CENTRAL: WZ3Mu/Central/muons/3/eta in Skim_TriLep_TTG_PTG100to200.root
2025-12-17 12:29:36,724 - INFO - [2023] MISSING_CENTRAL: WZ3Mu/Central/muons/3/eta in Skim_TriLep_TTG_PTG200toInf.root
2025-12-17 12:29:36,878 - INFO - [2023BPix] MISSING_CENTRAL: WZ3Mu/Central/muons/3/eta in Skim_TriLep_DYJets10to50.root
2025-12-17 12:29:36,889 - INFO - [2023BPix] MISSING_CENTRAL: WZ3Mu/Central/muons/3/eta in Skim_TriLep_TTG_PTG100to200.root
2025-12-17 12:29:36,891 - INFO - [2023BPix] MISSING_CENTRAL: WZ3Mu/Central/muons/3/eta in Skim_TriLep_TTG_PTG200toInf.root
2025-12-17 12:29:42,693 - INFO - [2022] MISSING_CENTRAL: WZ3Mu/Central/muons/3/eta in Skim_TriLep_DYJets.root
2025-12-17 12:29:42,695 - INFO - [2022] MISSING_CENTRAL: WZ3Mu/Central/muons/3/eta in Skim_TriLep_DYJets10to50.root
2025-12-17 12:29:42,696 - INFO - [2022] MISSING_CENTRAL: WZ3Mu/Central/muons/3/eta in Skim_TriLep_TTG_PTG10to100.root
2025-12-17 12:29:42,698 - INFO - [2022] MISSING_CENTRAL: WZ3Mu/Central/muons/3/eta in Skim_TriLep_TTG_PTG100to200.root
2025-12-17 12:29:42,699 - INFO - [2022] MISSING_CENTRAL: WZ3Mu/Central/muons/3/eta in Skim_TriLep_TTG_PTG200toInf.root
2025-12-17 12:29:42,708 - INFO - [2022] MISSING_FILE: /data9/Users/choij/Sync/workspace/ChargedHiggsAnalysisV3/SKNanoOutput/CRPromptSelector/Run3Mu_RunNoWZSF_RunSyst/2022/Skim_TriLep_ZZTo4L_powheg.root
2025-12-17 12:29:42,720 - INFO - [2022] MISSING_FILE: /data9/Users/choij/Sync/workspace/ChargedHiggsAnalysisV3/SKNanoOutput/CRPromptSelector/Run3Mu_RunNoWZSF_RunSyst/2022/Skim_TriLep_VBFHToZZTo4L.root
2025-12-17 12:29:42,720 - INFO - [2022] MISSING_FILE: /data9/Users/choij/Sync/workspace/ChargedHiggsAnalysisV3/SKNanoOutput/CRPromptSelector/Run3Mu_RunNoWZSF_RunSyst/2022/Skim_TriLep_ggHToZZTo4L.root
2025-12-17 12:29:42,726 - INFO - [2022EE] MISSING_CENTRAL: WZ3Mu/Central/muons/3/eta in Skim_TriLep_DYJets.root
2025-12-17 12:29:42,727 - INFO - [2022EE] MISSING_CENTRAL: WZ3Mu/Central/muons/3/eta in Skim_TriLep_DYJets10to50.root
2025-12-17 12:29:42,740 - INFO - [2022EE] MISSING_FILE: /data9/Users/choij/Sync/workspace/ChargedHiggsAnalysisV3/SKNanoOutput/CRPromptSelector/Run3Mu_RunNoWZSF_RunSyst/2022EE/Skim_TriLep_ZZTo4L_powheg.root
2025-12-17 12:29:42,750 - INFO - [2022EE] MISSING_FILE: /data9/Users/choij/Sync/workspace/ChargedHiggsAnalysisV3/SKNanoOutput/CRPromptSelector/Run3Mu_RunNoWZSF_RunSyst/2022EE/Skim_TriLep_VBFHToZZTo4L.root
2025-12-17 12:29:42,750 - INFO - [2022EE] MISSING_FILE: /data9/Users/choij/Sync/workspace/ChargedHiggsAnalysisV3/SKNanoOutput/CRPromptSelector/Run3Mu_RunNoWZSF_RunSyst/2022EE/Skim_TriLep_ggHToZZTo4L.root
2025-12-17 12:29:42,766 - INFO - [2023] MISSING_CENTRAL: WZ3Mu/Central/muons/3/eta in Skim_TriLep_DYJets10to50.root
2025-12-17 12:29:42,769 - INFO - [2023] MISSING_CENTRAL: WZ3Mu/Central/muons/3/eta in Skim_TriLep_TTG_PTG100to200.root
2025-12-17 12:29:42,770 - INFO - [2023] MISSING_CENTRAL: WZ3Mu/Central/muons/3/eta in Skim_TriLep_TTG_PTG200toInf.root
2025-12-17 12:29:42,777 - INFO - [2023] MISSING_FILE: /data9/Users/choij/Sync/workspace/ChargedHiggsAnalysisV3/SKNanoOutput/CRPromptSelector/Run3Mu_RunNoWZSF_RunSyst/2023/Skim_TriLep_ZZTo4L_powheg.root
2025-12-17 12:29:42,787 - INFO - [2023] MISSING_FILE: /data9/Users/choij/Sync/workspace/ChargedHiggsAnalysisV3/SKNanoOutput/CRPromptSelector/Run3Mu_RunNoWZSF_RunSyst/2023/Skim_TriLep_VBFHToZZTo4L.root
2025-12-17 12:29:42,787 - INFO - [2023] MISSING_FILE: /data9/Users/choij/Sync/workspace/ChargedHiggsAnalysisV3/SKNanoOutput/CRPromptSelector/Run3Mu_RunNoWZSF_RunSyst/2023/Skim_TriLep_ggHToZZTo4L.root
2025-12-17 12:29:42,795 - INFO - [2023BPix] MISSING_CENTRAL: WZ3Mu/Central/muons/3/eta in Skim_TriLep_DYJets10to50.root
2025-12-17 12:29:42,797 - INFO - [2023BPix] MISSING_CENTRAL: WZ3Mu/Central/muons/3/eta in Skim_TriLep_TTG_PTG100to200.root
2025-12-17 12:29:42,798 - INFO - [2023BPix] MISSING_CENTRAL: WZ3Mu/Central/muons/3/eta in Skim_TriLep_TTG_PTG200toInf.root
2025-12-17 12:29:42,805 - INFO - [2023BPix] MISSING_FILE: /data9/Users/choij/Sync/workspace/ChargedHiggsAnalysisV3/SKNanoOutput/CRPromptSelector/Run3Mu_RunNoWZSF_RunSyst/2023BPix/Skim_TriLep_ZZTo4L_powheg.root
2025-12-17 12:29:42,814 - INFO - [2023BPix] MISSING_FILE: /data9/Users/choij/Sync/workspace/ChargedHiggsAnalysisV3/SKNanoOutput/CRPromptSelector/Run3Mu_RunNoWZSF_RunSyst/2023BPix/Skim_TriLep_VBFHToZZTo4L.root
2025-12-17 12:29:42,814 - INFO - [2023BPix] MISSING_FILE: /data9/Users/choij/Sync/workspace/ChargedHiggsAnalysisV3/SKNanoOutput/CRPromptSelector/Run3Mu_RunNoWZSF_RunSyst/2023BPix/Skim_TriLep_ggHToZZTo4L.root
2025-12-17 16:11:01,992 - INFO - [2022] MISSING_CENTRAL: WZ3Mu/Central/muons/3/eta in Skim_TriLep_DYJets.root
2025-12-17 16:11:01,993 - INFO - [2022] MISSING_CENTRAL: WZ3Mu/Central/muons/3/eta in Skim_TriLep_DYJets10to50.root
2025-12-17 16:11:01,994 - INFO - [2022] MISSING_CENTRAL: WZ3Mu/Central/muons/3/eta in Skim_TriLep_TTG_PTG10to100.root
2025-12-17 16:11:01,995 - INFO - [2022] MISSING_CENTRAL: WZ3Mu/Central/muons/3/eta in Skim_TriLep_TTG_PTG100to200.root
2025-12-17 16:11:01,997 - INFO - [2022] MISSING_CENTRAL: WZ3Mu/Central/muons/3/eta in Skim_TriLep_TTG_PTG200toInf.root
2025-12-17 16:11:02,155 - INFO - [2022EE] MISSING_CENTRAL: WZ3Mu/Central/muons/3/eta in Skim_TriLep_DYJets.root
2025-12-17 16:11:02,156 - INFO - [2022EE] MISSING_CENTRAL: WZ3Mu/Central/muons/3/eta in Skim_TriLep_DYJets10to50.root
2025-12-17 16:11:02,341 - INFO - [2023] MISSING_CENTRAL: WZ3Mu/Central/muons/3/eta in Skim_TriLep_DYJets10to50.root
2025-12-17 16:11:02,351 - INFO - [2023] MISSING_CENTRAL: WZ3Mu/Central/muons/3/eta in Skim_TriLep_TTG_PTG100to200.root
2025-12-17 16:11:02,352 - INFO - [2023] MISSING_CENTRAL: WZ3Mu/Central/muons/3/eta in Skim_TriLep_TTG_PTG200toInf.root
2025-12-17 16:11:02,509 - INFO - [2023BPix] MISSING_CENTRAL: WZ3Mu/Central/muons/3/eta in Skim_TriLep_DYJets10to50.root
2025-12-17 16:11:02,520 - INFO - [2023BPix] MISSING_CENTRAL: WZ3Mu/Central/muons/3/eta in Skim_TriLep_TTG_PTG100to200.root
2025-12-17 16:11:02,522 - INFO - [2023BPix] MISSING_CENTRAL: WZ3Mu/Central/muons/3/eta in Skim_TriLep_TTG_PTG200toInf.root
2025-12-17 16:11:07,748 - INFO - [2022] MISSING_CENTRAL: WZ3Mu/Central/muons/3/eta in Skim_TriLep_DYJets.root
2025-12-17 16:11:07,749 - INFO - [2022] MISSING_CENTRAL: WZ3Mu/Central/muons/3/eta in Skim_TriLep_DYJets10to50.root
2025-12-17 16:11:07,750 - INFO - [2022] MISSING_CENTRAL: WZ3Mu/Central/muons/3/eta in Skim_TriLep_TTG_PTG10to100.root
2025-12-17 16:11:07,750 - INFO - [2022] MISSING_CENTRAL: WZ3Mu/Central/muons/3/eta in Skim_TriLep_TTG_PTG100to200.root
2025-12-17 16:11:07,751 - INFO - [2022] MISSING_CENTRAL: WZ3Mu/Central/muons/3/eta in Skim_TriLep_TTG_PTG200toInf.root
2025-12-17 16:11:07,756 - INFO - [2022] MISSING_FILE: /data9/Users/choij/Sync/workspace/ChargedHiggsAnalysisV3/SKNanoOutput/CRPromptSelector/Run3Mu_RunNoWZSF_RunSyst/2022/Skim_TriLep_WZTo3LNu_powheg.root
2025-12-17 16:11:07,756 - INFO - [2022] MISSING_FILE: /data9/Users/choij/Sync/workspace/ChargedHiggsAnalysisV3/SKNanoOutput/CRPromptSelector/Run3Mu_RunNoWZSF_RunSyst/2022/Skim_TriLep_ZZTo4L_powheg.root
2025-12-17 16:11:07,763 - INFO - [2022] MISSING_FILE: /data9/Users/choij/Sync/workspace/ChargedHiggsAnalysisV3/SKNanoOutput/CRPromptSelector/Run3Mu_RunNoWZSF_RunSyst/2022/Skim_TriLep_VBFHToZZTo4L.root
2025-12-17 16:11:07,763 - INFO - [2022] MISSING_FILE: /data9/Users/choij/Sync/workspace/ChargedHiggsAnalysisV3/SKNanoOutput/CRPromptSelector/Run3Mu_RunNoWZSF_RunSyst/2022/Skim_TriLep_ggHToZZTo4L.root
2025-12-17 16:11:07,767 - INFO - [2022EE] MISSING_CENTRAL: WZ3Mu/Central/muons/3/eta in Skim_TriLep_DYJets.root
2025-12-17 16:11:07,767 - INFO - [2022EE] MISSING_CENTRAL: WZ3Mu/Central/muons/3/eta in Skim_TriLep_DYJets10to50.root
2025-12-17 16:11:07,775 - INFO - [2022EE] MISSING_FILE: /data9/Users/choij/Sync/workspace/ChargedHiggsAnalysisV3/SKNanoOutput/CRPromptSelector/Run3Mu_RunNoWZSF_RunSyst/2022EE/Skim_TriLep_WZTo3LNu_powheg.root
2025-12-17 16:11:07,775 - INFO - [2022EE] MISSING_FILE: /data9/Users/choij/Sync/workspace/ChargedHiggsAnalysisV3/SKNanoOutput/CRPromptSelector/Run3Mu_RunNoWZSF_RunSyst/2022EE/Skim_TriLep_ZZTo4L_powheg.root
2025-12-17 16:11:07,782 - INFO - [2022EE] MISSING_FILE: /data9/Users/choij/Sync/workspace/ChargedHiggsAnalysisV3/SKNanoOutput/CRPromptSelector/Run3Mu_RunNoWZSF_RunSyst/2022EE/Skim_TriLep_VBFHToZZTo4L.root
2025-12-17 16:11:07,782 - INFO - [2022EE] MISSING_FILE: /data9/Users/choij/Sync/workspace/ChargedHiggsAnalysisV3/SKNanoOutput/CRPromptSelector/Run3Mu_RunNoWZSF_RunSyst/2022EE/Skim_TriLep_ggHToZZTo4L.root
2025-12-17 16:11:07,791 - INFO - [2023] MISSING_CENTRAL: WZ3Mu/Central/muons/3/eta in Skim_TriLep_DYJets10to50.root
2025-12-17 16:11:07,793 - INFO - [2023] MISSING_CENTRAL: WZ3Mu/Central/muons/3/eta in Skim_TriLep_TTG_PTG100to200.root
2025-12-17 16:11:07,794 - INFO - [2023] MISSING_CENTRAL: WZ3Mu/Central/muons/3/eta in Skim_TriLep_TTG_PTG200toInf.root
2025-12-17 16:11:07,798 - INFO - [2023] MISSING_FILE: /data9/Users/choij/Sync/workspace/ChargedHiggsAnalysisV3/SKNanoOutput/CRPromptSelector/Run3Mu_RunNoWZSF_RunSyst/2023/Skim_TriLep_WZTo3LNu_powheg.root
2025-12-17 16:11:07,798 - INFO - [2023] MISSING_FILE: /data9/Users/choij/Sync/workspace/ChargedHiggsAnalysisV3/SKNanoOutput/CRPromptSelector/Run3Mu_RunNoWZSF_RunSyst/2023/Skim_TriLep_ZZTo4L_powheg.root
2025-12-17 16:11:07,805 - INFO - [2023] MISSING_FILE: /data9/Users/choij/Sync/workspace/ChargedHiggsAnalysisV3/SKNanoOutput/CRPromptSelector/Run3Mu_RunNoWZSF_RunSyst/2023/Skim_TriLep_VBFHToZZTo4L.root
2025-12-17 16:11:07,805 - INFO - [2023] MISSING_FILE: /data9/Users/choij/Sync/workspace/ChargedHiggsAnalysisV3/SKNanoOutput/CRPromptSelector/Run3Mu_RunNoWZSF_RunSyst/2023/Skim_TriLep_ggHToZZTo4L.root
2025-12-17 16:11:07,811 - INFO - [2023BPix] MISSING_CENTRAL: WZ3Mu/Central/muons/3/eta in Skim_TriLep_DYJets10to50.root
2025-12-17 16:11:07,813 - INFO - [2023BPix] MISSING_CENTRAL: WZ3Mu/Central/muons/3/eta in Skim_TriLep_TTG_PTG100to200.root
2025-12-17 16:11:07,814 - INFO - [2023BPix] MISSING_CENTRAL: WZ3Mu/Central/muons/3/eta in Skim_TriLep_TTG_PTG200toInf.root
2025-12-17 16:11:07,818 - INFO - [2023BPix] MISSING_FILE: /data9/Users/choij/Sync/workspace/ChargedHiggsAnalysisV3/SKNanoOutput/CRPromptSelector/Run3Mu_RunNoWZSF_RunSyst/2023BPix/Skim_TriLep_WZTo3LNu_powheg.root
2025-12-17 16:11:07,818 - INFO - [2023BPix] MISSING_FILE: /data9/Users/choij/Sync/workspace/ChargedHiggsAnalysisV3/SKNanoOutput/CRPromptSelector/Run3Mu_RunNoWZSF_RunSyst/2023BPix/Skim_TriLep_ZZTo4L_powheg.root
2025-12-17 16:11:07,825 - INFO - [2023BPix] MISSING_FILE: /data9/Users/choij/Sync/workspace/ChargedHiggsAnalysisV3/SKNanoOutput/CRPromptSelector/Run3Mu_RunNoWZSF_RunSyst/2023BPix/Skim_TriLep_VBFHToZZTo4L.root
2025-12-17 16:11:07,826 - INFO - [2023BPix] MISSING_FILE: /data9/Users/choij/Sync/workspace/ChargedHiggsAnalysisV3/SKNanoOutput/CRPromptSelector/Run3Mu_RunNoWZSF_RunSyst/2023BPix/Skim_TriLep_ggHToZZTo4L.root
2025-12-17 22:46:46,483 - INFO - [2022] MISSING_CENTRAL: WZ3Mu/Central/muons/3/eta in Skim_TriLep_DYJets.root
2025-12-17 22:46:46,484 - INFO - [2022] MISSING_CENTRAL: WZ3Mu/Central/muons/3/eta in Skim_TriLep_DYJets10to50.root
2025-12-17 22:46:46,485 - INFO - [2022] MISSING_CENTRAL: WZ3Mu/Central/muons/3/eta in Skim_TriLep_TTG_PTG10to100.root
2025-12-17 22:46:46,486 - INFO - [2022] MISSING_CENTRAL: WZ3Mu/Central/muons/3/eta in Skim_TriLep_TTG_PTG100to200.root
2025-12-17 22:46:46,486 - INFO - [2022] MISSING_CENTRAL: WZ3Mu/Central/muons/3/eta in Skim_TriLep_TTG_PTG200toInf.root
2025-12-17 22:46:46,622 - INFO - [2022EE] MISSING_CENTRAL: WZ3Mu/Central/muons/3/eta in Skim_TriLep_DYJets.root
2025-12-17 22:46:46,623 - INFO - [2022EE] MISSING_CENTRAL: WZ3Mu/Central/muons/3/eta in Skim_TriLep_DYJets10to50.root
2025-12-17 22:46:46,806 - INFO - [2023] MISSING_CENTRAL: WZ3Mu/Central/muons/3/eta in Skim_TriLep_DYJets10to50.root
2025-12-17 22:46:46,817 - INFO - [2023] MISSING_CENTRAL: WZ3Mu/Central/muons/3/eta in Skim_TriLep_TTG_PTG100to200.root
2025-12-17 22:46:46,818 - INFO - [2023] MISSING_CENTRAL: WZ3Mu/Central/muons/3/eta in Skim_TriLep_TTG_PTG200toInf.root
2025-12-17 22:46:46,980 - INFO - [2023BPix] MISSING_CENTRAL: WZ3Mu/Central/muons/3/eta in Skim_TriLep_DYJets10to50.root
2025-12-17 22:46:46,992 - INFO - [2023BPix] MISSING_CENTRAL: WZ3Mu/Central/muons/3/eta in Skim_TriLep_TTG_PTG100to200.root
2025-12-17 22:46:46,993 - INFO - [2023BPix] MISSING_CENTRAL: WZ3Mu/Central/muons/3/eta in Skim_TriLep_TTG_PTG200toInf.root
2025-12-17 22:46:52,171 - INFO - [2022] MISSING_CENTRAL: WZ3Mu/Central/muons/3/eta in Skim_TriLep_DYJets.root
2025-12-17 22:46:52,172 - INFO - [2022] MISSING_CENTRAL: WZ3Mu/Central/muons/3/eta in Skim_TriLep_DYJets10to50.root
2025-12-17 22:46:52,172 - INFO - [2022] MISSING_CENTRAL: WZ3Mu/Central/muons/3/eta in Skim_TriLep_TTG_PTG10to100.root
2025-12-17 22:46:52,173 - INFO - [2022] MISSING_CENTRAL: WZ3Mu/Central/muons/3/eta in Skim_TriLep_TTG_PTG100to200.root
2025-12-17 22:46:52,174 - INFO - [2022] MISSING_CENTRAL: WZ3Mu/Central/muons/3/eta in Skim_TriLep_TTG_PTG200toInf.root
2025-12-17 22:46:52,177 - INFO - [2022] MISSING_FILE: /data9/Users/choij/Sync/workspace/ChargedHiggsAnalysisV3/SKNanoOutput/CRPromptSelector/Run3Mu_RunNoWZSF_RunSyst/2022/Skim_TriLep_WZTo3LNu_powheg.root
2025-12-17 22:46:52,177 - INFO - [2022] MISSING_FILE: /data9/Users/choij/Sync/workspace/ChargedHiggsAnalysisV3/SKNanoOutput/CRPromptSelector/Run3Mu_RunNoWZSF_RunSyst/2022/Skim_TriLep_ZZTo4L_powheg.root
2025-12-17 22:46:52,182 - INFO - [2022] MISSING_FILE: /data9/Users/choij/Sync/workspace/ChargedHiggsAnalysisV3/SKNanoOutput/CRPromptSelector/Run3Mu_RunNoWZSF_RunSyst/2022/Skim_TriLep_VBFHToZZTo4L.root
2025-12-17 22:46:52,182 - INFO - [2022] MISSING_FILE: /data9/Users/choij/Sync/workspace/ChargedHiggsAnalysisV3/SKNanoOutput/CRPromptSelector/Run3Mu_RunNoWZSF_RunSyst/2022/Skim_TriLep_ggHToZZTo4L.root
2025-12-17 22:46:52,184 - INFO - [2022EE] MISSING_CENTRAL: WZ3Mu/Central/muons/3/eta in Skim_TriLep_DYJets.root
2025-12-17 22:46:52,185 - INFO - [2022EE] MISSING_CENTRAL: WZ3Mu/Central/muons/3/eta in Skim_TriLep_DYJets10to50.root
2025-12-17 22:46:52,190 - INFO - [2022EE] MISSING_FILE: /data9/Users/choij/Sync/workspace/ChargedHiggsAnalysisV3/SKNanoOutput/CRPromptSelector/Run3Mu_RunNoWZSF_RunSyst/2022EE/Skim_TriLep_WZTo3LNu_powheg.root
2025-12-17 22:46:52,190 - INFO - [2022EE] MISSING_FILE: /data9/Users/choij/Sync/workspace/ChargedHiggsAnalysisV3/SKNanoOutput/CRPromptSelector/Run3Mu_RunNoWZSF_RunSyst/2022EE/Skim_TriLep_ZZTo4L_powheg.root
2025-12-17 22:46:52,195 - INFO - [2022EE] MISSING_FILE: /data9/Users/choij/Sync/workspace/ChargedHiggsAnalysisV3/SKNanoOutput/CRPromptSelector/Run3Mu_RunNoWZSF_RunSyst/2022EE/Skim_TriLep_VBFHToZZTo4L.root
2025-12-17 22:46:52,195 - INFO - [2022EE] MISSING_FILE: /data9/Users/choij/Sync/workspace/ChargedHiggsAnalysisV3/SKNanoOutput/CRPromptSelector/Run3Mu_RunNoWZSF_RunSyst/2022EE/Skim_TriLep_ggHToZZTo4L.root
2025-12-17 22:46:52,202 - INFO - [2023] MISSING_CENTRAL: WZ3Mu/Central/muons/3/eta in Skim_TriLep_DYJets10to50.root
2025-12-17 22:46:52,204 - INFO - [2023] MISSING_CENTRAL: WZ3Mu/Central/muons/3/eta in Skim_TriLep_TTG_PTG100to200.root
2025-12-17 22:46:52,204 - INFO - [2023] MISSING_CENTRAL: WZ3Mu/Central/muons/3/eta in Skim_TriLep_TTG_PTG200toInf.root
2025-12-17 22:46:52,207 - INFO - [2023] MISSING_FILE: /data9/Users/choij/Sync/workspace/ChargedHiggsAnalysisV3/SKNanoOutput/CRPromptSelector/Run3Mu_RunNoWZSF_RunSyst/2023/Skim_TriLep_WZTo3LNu_powheg.root
2025-12-17 22:46:52,207 - INFO - [2023] MISSING_FILE: /data9/Users/choij/Sync/workspace/ChargedHiggsAnalysisV3/SKNanoOutput/CRPromptSelector/Run3Mu_RunNoWZSF_RunSyst/2023/Skim_TriLep_ZZTo4L_powheg.root
2025-12-17 22:46:52,212 - INFO - [2023] MISSING_FILE: /data9/Users/choij/Sync/workspace/ChargedHiggsAnalysisV3/SKNanoOutput/CRPromptSelector/Run3Mu_RunNoWZSF_RunSyst/2023/Skim_TriLep_VBFHToZZTo4L.root
2025-12-17 22:46:52,212 - INFO - [2023] MISSING_FILE: /data9/Users/choij/Sync/workspace/ChargedHiggsAnalysisV3/SKNanoOutput/CRPromptSelector/Run3Mu_RunNoWZSF_RunSyst/2023/Skim_TriLep_ggHToZZTo4L.root
2025-12-17 22:46:52,216 - INFO - [2023BPix] MISSING_CENTRAL: WZ3Mu/Central/muons/3/eta in Skim_TriLep_DYJets10to50.root
2025-12-17 22:46:52,217 - INFO - [2023BPix] MISSING_CENTRAL: WZ3Mu/Central/muons/3/eta in Skim_TriLep_TTG_PTG100to200.root
2025-12-17 22:46:52,217 - INFO - [2023BPix] MISSING_CENTRAL: WZ3Mu/Central/muons/3/eta in Skim_TriLep_TTG_PTG200toInf.root
2025-12-17 22:46:52,220 - INFO - [2023BPix] MISSING_FILE: /data9/Users/choij/Sync/workspace/ChargedHiggsAnalysisV3/SKNanoOutput/CRPromptSelector/Run3Mu_RunNoWZSF_RunSyst/2023BPix/Skim_TriLep_WZTo3LNu_powheg.root
2025-12-17 22:46:52,220 - INFO - [2023BPix] MISSING_FILE: /data9/Users/choij/Sync/workspace/ChargedHiggsAnalysisV3/SKNanoOutput/CRPromptSelector/Run3Mu_RunNoWZSF_RunSyst/2023BPix/Skim_TriLep_ZZTo4L_powheg.root
2025-12-17 22:46:52,225 - INFO - [2023BPix] MISSING_FILE: /data9/Users/choij/Sync/workspace/ChargedHiggsAnalysisV3/SKNanoOutput/CRPromptSelector/Run3Mu_RunNoWZSF_RunSyst/2023BPix/Skim_TriLep_VBFHToZZTo4L.root
2025-12-17 22:46:52,225 - INFO - [2023BPix] MISSING_FILE: /data9/Users/choij/Sync/workspace/ChargedHiggsAnalysisV3/SKNanoOutput/CRPromptSelector/Run3Mu_RunNoWZSF_RunSyst/2023BPix/Skim_TriLep_ggHToZZTo4L.root
2025-12-18 14:48:37,666 - INFO - [2022] MISSING_CENTRAL: WZ3Mu/Central/muons/3/eta in Skim_TriLep_DYJets.root
2025-12-18 14:48:37,667 - INFO - [2022] MISSING_CENTRAL: WZ3Mu/Central/muons/3/eta in Skim_TriLep_DYJets10to50.root
2025-12-18 14:48:37,668 - INFO - [2022] MISSING_CENTRAL: WZ3Mu/Central/muons/3/eta in Skim_TriLep_TTG_PTG10to100.root
2025-12-18 14:48:37,668 - INFO - [2022] MISSING_CENTRAL: WZ3Mu/Central/muons/3/eta in Skim_TriLep_TTG_PTG100to200.root
2025-12-18 14:48:37,669 - INFO - [2022] MISSING_CENTRAL: WZ3Mu/Central/muons/3/eta in Skim_TriLep_TTG_PTG200toInf.root
2025-12-18 14:48:37,810 - INFO - [2022EE] MISSING_CENTRAL: WZ3Mu/Central/muons/3/eta in Skim_TriLep_DYJets.root
2025-12-18 14:48:37,810 - INFO - [2022EE] MISSING_CENTRAL: WZ3Mu/Central/muons/3/eta in Skim_TriLep_DYJets10to50.root
2025-12-18 14:48:38,001 - INFO - [2023] MISSING_CENTRAL: WZ3Mu/Central/muons/3/eta in Skim_TriLep_DYJets10to50.root
2025-12-18 14:48:38,012 - INFO - [2023] MISSING_CENTRAL: WZ3Mu/Central/muons/3/eta in Skim_TriLep_TTG_PTG100to200.root
2025-12-18 14:48:38,013 - INFO - [2023] MISSING_CENTRAL: WZ3Mu/Central/muons/3/eta in Skim_TriLep_TTG_PTG200toInf.root
2025-12-18 14:48:38,170 - INFO - [2023BPix] MISSING_CENTRAL: WZ3Mu/Central/muons/3/eta in Skim_TriLep_DYJets10to50.root
2025-12-18 14:48:38,181 - INFO - [2023BPix] MISSING_CENTRAL: WZ3Mu/Central/muons/3/eta in Skim_TriLep_TTG_PTG100to200.root
2025-12-18 14:48:38,183 - INFO - [2023BPix] MISSING_CENTRAL: WZ3Mu/Central/muons/3/eta in Skim_TriLep_TTG_PTG200toInf.root
2025-12-18 14:48:43,655 - INFO - [2022] MISSING_CENTRAL: WZ3Mu/Central/muons/3/eta in Skim_TriLep_DYJets.root
2025-12-18 14:48:43,656 - INFO - [2022] MISSING_CENTRAL: WZ3Mu/Central/muons/3/eta in Skim_TriLep_DYJets10to50.root
2025-12-18 14:48:43,656 - INFO - [2022] MISSING_CENTRAL: WZ3Mu/Central/muons/3/eta in Skim_TriLep_TTG_PTG10to100.root
2025-12-18 14:48:43,657 - INFO - [2022] MISSING_CENTRAL: WZ3Mu/Central/muons/3/eta in Skim_TriLep_TTG_PTG100to200.root
2025-12-18 14:48:43,658 - INFO - [2022] MISSING_CENTRAL: WZ3Mu/Central/muons/3/eta in Skim_TriLep_TTG_PTG200toInf.root
2025-12-18 14:48:43,663 - INFO - [2022] MISSING_FILE: /data9/Users/choij/Sync/workspace/ChargedHiggsAnalysisV3/SKNanoOutput/CRPromptSelector/Run3Mu_RunNoWZSF_RunSyst/2022/Skim_TriLep_WZTo3LNu_powheg.root
2025-12-18 14:48:43,663 - INFO - [2022] MISSING_FILE: /data9/Users/choij/Sync/workspace/ChargedHiggsAnalysisV3/SKNanoOutput/CRPromptSelector/Run3Mu_RunNoWZSF_RunSyst/2022/Skim_TriLep_ZZTo4L_powheg.root
2025-12-18 14:48:43,671 - INFO - [2022] MISSING_FILE: /data9/Users/choij/Sync/workspace/ChargedHiggsAnalysisV3/SKNanoOutput/CRPromptSelector/Run3Mu_RunNoWZSF_RunSyst/2022/Skim_TriLep_VBFHToZZTo4L.root
2025-12-18 14:48:43,671 - INFO - [2022] MISSING_FILE: /data9/Users/choij/Sync/workspace/ChargedHiggsAnalysisV3/SKNanoOutput/CRPromptSelector/Run3Mu_RunNoWZSF_RunSyst/2022/Skim_TriLep_ggHToZZTo4L.root
2025-12-18 14:48:43,675 - INFO - [2022EE] MISSING_CENTRAL: WZ3Mu/Central/muons/3/eta in Skim_TriLep_DYJets.root
2025-12-18 14:48:43,675 - INFO - [2022EE] MISSING_CENTRAL: WZ3Mu/Central/muons/3/eta in Skim_TriLep_DYJets10to50.root
2025-12-18 14:48:43,695 - INFO - [2022EE] MISSING_FILE: /data9/Users/choij/Sync/workspace/ChargedHiggsAnalysisV3/SKNanoOutput/CRPromptSelector/Run3Mu_RunNoWZSF_RunSyst/2022EE/Skim_TriLep_WZTo3LNu_powheg.root
2025-12-18 14:48:43,695 - INFO - [2022EE] MISSING_FILE: /data9/Users/choij/Sync/workspace/ChargedHiggsAnalysisV3/SKNanoOutput/CRPromptSelector/Run3Mu_RunNoWZSF_RunSyst/2022EE/Skim_TriLep_ZZTo4L_powheg.root
2025-12-18 14:48:43,702 - INFO - [2022EE] MISSING_FILE: /data9/Users/choij/Sync/workspace/ChargedHiggsAnalysisV3/SKNanoOutput/CRPromptSelector/Run3Mu_RunNoWZSF_RunSyst/2022EE/Skim_TriLep_VBFHToZZTo4L.root
2025-12-18 14:48:43,702 - INFO - [2022EE] MISSING_FILE: /data9/Users/choij/Sync/workspace/ChargedHiggsAnalysisV3/SKNanoOutput/CRPromptSelector/Run3Mu_RunNoWZSF_RunSyst/2022EE/Skim_TriLep_ggHToZZTo4L.root
2025-12-18 14:48:43,712 - INFO - [2023] MISSING_CENTRAL: WZ3Mu/Central/muons/3/eta in Skim_TriLep_DYJets10to50.root
2025-12-18 14:48:43,714 - INFO - [2023] MISSING_CENTRAL: WZ3Mu/Central/muons/3/eta in Skim_TriLep_TTG_PTG100to200.root
2025-12-18 14:48:43,715 - INFO - [2023] MISSING_CENTRAL: WZ3Mu/Central/muons/3/eta in Skim_TriLep_TTG_PTG200toInf.root
2025-12-18 14:48:43,720 - INFO - [2023] MISSING_FILE: /data9/Users/choij/Sync/workspace/ChargedHiggsAnalysisV3/SKNanoOutput/CRPromptSelector/Run3Mu_RunNoWZSF_RunSyst/2023/Skim_TriLep_WZTo3LNu_powheg.root
2025-12-18 14:48:43,720 - INFO - [2023] MISSING_FILE: /data9/Users/choij/Sync/workspace/ChargedHiggsAnalysisV3/SKNanoOutput/CRPromptSelector/Run3Mu_RunNoWZSF_RunSyst/2023/Skim_TriLep_ZZTo4L_powheg.root
2025-12-18 14:48:43,727 - INFO - [2023] MISSING_FILE: /data9/Users/choij/Sync/workspace/ChargedHiggsAnalysisV3/SKNanoOutput/CRPromptSelector/Run3Mu_RunNoWZSF_RunSyst/2023/Skim_TriLep_VBFHToZZTo4L.root
2025-12-18 14:48:43,728 - INFO - [2023] MISSING_FILE: /data9/Users/choij/Sync/workspace/ChargedHiggsAnalysisV3/SKNanoOutput/CRPromptSelector/Run3Mu_RunNoWZSF_RunSyst/2023/Skim_TriLep_ggHToZZTo4L.root
2025-12-18 14:48:43,734 - INFO - [2023BPix] MISSING_CENTRAL: WZ3Mu/Central/muons/3/eta in Skim_TriLep_DYJets10to50.root
2025-12-18 14:48:43,736 - INFO - [2023BPix] MISSING_CENTRAL: WZ3Mu/Central/muons/3/eta in Skim_TriLep_TTG_PTG100to200.root
2025-12-18 14:48:43,737 - INFO - [2023BPix] MISSING_CENTRAL: WZ3Mu/Central/muons/3/eta in Skim_TriLep_TTG_PTG200toInf.root
2025-12-18 14:48:43,741 - INFO - [2023BPix] MISSING_FILE: /data9/Users/choij/Sync/workspace/ChargedHiggsAnalysisV3/SKNanoOutput/CRPromptSelector/Run3Mu_RunNoWZSF_RunSyst/2023BPix/Skim_TriLep_WZTo3LNu_powheg.root
2025-12-18 14:48:43,741 - INFO - [2023BPix] MISSING_FILE: /data9/Users/choij/Sync/workspace/ChargedHiggsAnalysisV3/SKNanoOutput/CRPromptSelector/Run3Mu_RunNoWZSF_RunSyst/2023BPix/Skim_TriLep_ZZTo4L_powheg.root
2025-12-18 14:48:43,749 - INFO - [2023BPix] MISSING_FILE: /data9/Users/choij/Sync/workspace/ChargedHiggsAnalysisV3/SKNanoOutput/CRPromptSelector/Run3Mu_RunNoWZSF_RunSyst/2023BPix/Skim_TriLep_VBFHToZZTo4L.root
2025-12-18 14:48:43,749 - INFO - [2023BPix] MISSING_FILE: /data9/Users/choij/Sync/workspace/ChargedHiggsAnalysisV3/SKNanoOutput/CRPromptSelector/Run3Mu_RunNoWZSF_RunSyst/2023BPix/Skim_TriLep_ggHToZZTo4L.root
2025-12-18 22:08:48,834 - INFO - [2022] MISSING_CENTRAL: WZ3Mu/Central/muons/3/eta in Skim_TriLep_DYJets.root
2025-12-18 22:08:48,835 - INFO - [2022] MISSING_CENTRAL: WZ3Mu/Central/muons/3/eta in Skim_TriLep_DYJets10to50.root
2025-12-18 22:08:48,835 - INFO - [2022] MISSING_CENTRAL: WZ3Mu/Central/muons/3/eta in Skim_TriLep_TTG_PTG10to100.root
2025-12-18 22:08:48,836 - INFO - [2022] MISSING_CENTRAL: WZ3Mu/Central/muons/3/eta in Skim_TriLep_TTG_PTG100to200.root
2025-12-18 22:08:48,837 - INFO - [2022] MISSING_CENTRAL: WZ3Mu/Central/muons/3/eta in Skim_TriLep_TTG_PTG200toInf.root
2025-12-18 22:08:48,980 - INFO - [2022EE] MISSING_CENTRAL: WZ3Mu/Central/muons/3/eta in Skim_TriLep_DYJets.root
2025-12-18 22:08:48,981 - INFO - [2022EE] MISSING_CENTRAL: WZ3Mu/Central/muons/3/eta in Skim_TriLep_DYJets10to50.root
2025-12-18 22:08:49,177 - INFO - [2023] MISSING_CENTRAL: WZ3Mu/Central/muons/3/eta in Skim_TriLep_DYJets10to50.root
2025-12-18 22:08:49,188 - INFO - [2023] MISSING_CENTRAL: WZ3Mu/Central/muons/3/eta in Skim_TriLep_TTG_PTG100to200.root
2025-12-18 22:08:49,189 - INFO - [2023] MISSING_CENTRAL: WZ3Mu/Central/muons/3/eta in Skim_TriLep_TTG_PTG200toInf.root
2025-12-18 22:08:49,301 - INFO - [2023BPix] MISSING_CENTRAL: WZ3Mu/Central/muons/3/eta in Skim_TriLep_DYJets10to50.root
2025-12-18 22:08:49,308 - INFO - [2023BPix] MISSING_CENTRAL: WZ3Mu/Central/muons/3/eta in Skim_TriLep_TTG_PTG100to200.root
2025-12-18 22:08:49,309 - INFO - [2023BPix] MISSING_CENTRAL: WZ3Mu/Central/muons/3/eta in Skim_TriLep_TTG_PTG200toInf.root
2025-12-18 22:08:54,433 - INFO - [2022] MISSING_CENTRAL: WZ3Mu/Central/muons/3/eta in Skim_TriLep_DYJets.root
2025-12-18 22:08:54,434 - INFO - [2022] MISSING_CENTRAL: WZ3Mu/Central/muons/3/eta in Skim_TriLep_DYJets10to50.root
2025-12-18 22:08:54,435 - INFO - [2022] MISSING_CENTRAL: WZ3Mu/Central/muons/3/eta in Skim_TriLep_TTG_PTG10to100.root
2025-12-18 22:08:54,436 - INFO - [2022] MISSING_CENTRAL: WZ3Mu/Central/muons/3/eta in Skim_TriLep_TTG_PTG100to200.root
2025-12-18 22:08:54,437 - INFO - [2022] MISSING_CENTRAL: WZ3Mu/Central/muons/3/eta in Skim_TriLep_TTG_PTG200toInf.root
2025-12-18 22:08:54,442 - INFO - [2022] MISSING_FILE: /data9/Users/choij/Sync/workspace/ChargedHiggsAnalysisV3/SKNanoOutput/CRPromptSelector/Run3Mu_RunNoWZSF_RunSyst/2022/Skim_TriLep_ZZTo4L_powheg.root
2025-12-18 22:08:54,449 - INFO - [2022] MISSING_FILE: /data9/Users/choij/Sync/workspace/ChargedHiggsAnalysisV3/SKNanoOutput/CRPromptSelector/Run3Mu_RunNoWZSF_RunSyst/2022/Skim_TriLep_VBFHToZZTo4L.root
2025-12-18 22:08:54,449 - INFO - [2022] MISSING_FILE: /data9/Users/choij/Sync/workspace/ChargedHiggsAnalysisV3/SKNanoOutput/CRPromptSelector/Run3Mu_RunNoWZSF_RunSyst/2022/Skim_TriLep_ggHToZZTo4L.root
2025-12-18 22:08:54,453 - INFO - [2022EE] MISSING_CENTRAL: WZ3Mu/Central/muons/3/eta in Skim_TriLep_DYJets.root
2025-12-18 22:08:54,453 - INFO - [2022EE] MISSING_CENTRAL: WZ3Mu/Central/muons/3/eta in Skim_TriLep_DYJets10to50.root
2025-12-18 22:08:54,472 - INFO - [2022EE] MISSING_FILE: /data9/Users/choij/Sync/workspace/ChargedHiggsAnalysisV3/SKNanoOutput/CRPromptSelector/Run3Mu_RunNoWZSF_RunSyst/2022EE/Skim_TriLep_ZZTo4L_powheg.root
2025-12-18 22:08:54,480 - INFO - [2022EE] MISSING_FILE: /data9/Users/choij/Sync/workspace/ChargedHiggsAnalysisV3/SKNanoOutput/CRPromptSelector/Run3Mu_RunNoWZSF_RunSyst/2022EE/Skim_TriLep_VBFHToZZTo4L.root
2025-12-18 22:08:54,480 - INFO - [2022EE] MISSING_FILE: /data9/Users/choij/Sync/workspace/ChargedHiggsAnalysisV3/SKNanoOutput/CRPromptSelector/Run3Mu_RunNoWZSF_RunSyst/2022EE/Skim_TriLep_ggHToZZTo4L.root
2025-12-18 22:08:54,489 - INFO - [2023] MISSING_CENTRAL: WZ3Mu/Central/muons/3/eta in Skim_TriLep_DYJets10to50.root
2025-12-18 22:08:54,491 - INFO - [2023] MISSING_CENTRAL: WZ3Mu/Central/muons/3/eta in Skim_TriLep_TTG_PTG100to200.root
2025-12-18 22:08:54,492 - INFO - [2023] MISSING_CENTRAL: WZ3Mu/Central/muons/3/eta in Skim_TriLep_TTG_PTG200toInf.root
2025-12-18 22:08:54,497 - INFO - [2023] MISSING_FILE: /data9/Users/choij/Sync/workspace/ChargedHiggsAnalysisV3/SKNanoOutput/CRPromptSelector/Run3Mu_RunNoWZSF_RunSyst/2023/Skim_TriLep_ZZTo4L_powheg.root
2025-12-18 22:08:54,504 - INFO - [2023] MISSING_FILE: /data9/Users/choij/Sync/workspace/ChargedHiggsAnalysisV3/SKNanoOutput/CRPromptSelector/Run3Mu_RunNoWZSF_RunSyst/2023/Skim_TriLep_VBFHToZZTo4L.root
2025-12-18 22:08:54,504 - INFO - [2023] MISSING_FILE: /data9/Users/choij/Sync/workspace/ChargedHiggsAnalysisV3/SKNanoOutput/CRPromptSelector/Run3Mu_RunNoWZSF_RunSyst/2023/Skim_TriLep_ggHToZZTo4L.root
2025-12-18 22:08:54,510 - INFO - [2023BPix] MISSING_CENTRAL: WZ3Mu/Central/muons/3/eta in Skim_TriLep_DYJets10to50.root
2025-12-18 22:08:54,512 - INFO - [2023BPix] MISSING_CENTRAL: WZ3Mu/Central/muons/3/eta in Skim_TriLep_TTG_PTG100to200.root
2025-12-18 22:08:54,513 - INFO - [2023BPix] MISSING_CENTRAL: WZ3Mu/Central/muons/3/eta in Skim_TriLep_TTG_PTG200toInf.root
2025-12-18 22:08:54,518 - INFO - [2023BPix] MISSING_FILE: /data9/Users/choij/Sync/workspace/ChargedHiggsAnalysisV3/SKNanoOutput/CRPromptSelector/Run3Mu_RunNoWZSF_RunSyst/2023BPix/Skim_TriLep_ZZTo4L_powheg.root
2025-12-18 22:08:54,525 - INFO - [2023BPix] MISSING_FILE: /data9/Users/choij/Sync/workspace/ChargedHiggsAnalysisV3/SKNanoOutput/CRPromptSelector/Run3Mu_RunNoWZSF_RunSyst/2023BPix/Skim_TriLep_VBFHToZZTo4L.root
2025-12-18 22:08:54,525 - INFO - [2023BPix] MISSING_FILE: /data9/Users/choij/Sync/workspace/ChargedHiggsAnalysisV3/SKNanoOutput/CRPromptSelector/Run3Mu_RunNoWZSF_RunSyst/2023BPix/Skim_TriLep_ggHToZZTo4L.root
2026-01-07 11:56:57,863 - INFO - [2022] MISSING_FILE: /data9/Users/choij/Sync/workspace/ChargedHiggsAnalysisV3/SKNanoOutput/CRPromptSelector/Run3Mu/2022/Skim_TriLep_DoubleMuon_C.root
2026-01-07 11:56:57,863 - INFO - [2022] MISSING_FILE: /data9/Users/choij/Sync/workspace/ChargedHiggsAnalysisV3/SKNanoOutput/CRPromptSelector/Run3Mu/2022/Skim_TriLep_Muon_C.root
2026-01-07 11:56:57,863 - INFO - [2022] MISSING_FILE: /data9/Users/choij/Sync/workspace/ChargedHiggsAnalysisV3/SKNanoOutput/CRPromptSelector/Run3Mu/2022/Skim_TriLep_Muon_D.root
2026-01-07 11:56:57,863 - INFO - [2022EE] MISSING_FILE: /data9/Users/choij/Sync/workspace/ChargedHiggsAnalysisV3/SKNanoOutput/CRPromptSelector/Run3Mu/2022EE/Skim_TriLep_Muon_E.root
2026-01-07 11:56:57,863 - INFO - [2022EE] MISSING_FILE: /data9/Users/choij/Sync/workspace/ChargedHiggsAnalysisV3/SKNanoOutput/CRPromptSelector/Run3Mu/2022EE/Skim_TriLep_Muon_F.root
2026-01-07 11:56:57,863 - INFO - [2022EE] MISSING_FILE: /data9/Users/choij/Sync/workspace/ChargedHiggsAnalysisV3/SKNanoOutput/CRPromptSelector/Run3Mu/2022EE/Skim_TriLep_Muon_G.root
2026-01-07 11:56:57,863 - INFO - [2023] MISSING_FILE: /data9/Users/choij/Sync/workspace/ChargedHiggsAnalysisV3/SKNanoOutput/CRPromptSelector/Run3Mu/2023/Skim_TriLep_Muon0_C_v1.root
2026-01-07 11:56:57,864 - INFO - [2023] MISSING_FILE: /data9/Users/choij/Sync/workspace/ChargedHiggsAnalysisV3/SKNanoOutput/CRPromptSelector/Run3Mu/2023/Skim_TriLep_Muon0_C_v2.root
2026-01-07 11:56:57,864 - INFO - [2023] MISSING_FILE: /data9/Users/choij/Sync/workspace/ChargedHiggsAnalysisV3/SKNanoOutput/CRPromptSelector/Run3Mu/2023/Skim_TriLep_Muon0_C_v3.root
2026-01-07 11:56:57,864 - INFO - [2023] MISSING_FILE: /data9/Users/choij/Sync/workspace/ChargedHiggsAnalysisV3/SKNanoOutput/CRPromptSelector/Run3Mu/2023/Skim_TriLep_Muon0_C_v4.root
2026-01-07 11:56:57,864 - INFO - [2023] MISSING_FILE: /data9/Users/choij/Sync/workspace/ChargedHiggsAnalysisV3/SKNanoOutput/CRPromptSelector/Run3Mu/2023/Skim_TriLep_Muon1_C_v1.root
2026-01-07 11:56:57,864 - INFO - [2023] MISSING_FILE: /data9/Users/choij/Sync/workspace/ChargedHiggsAnalysisV3/SKNanoOutput/CRPromptSelector/Run3Mu/2023/Skim_TriLep_Muon1_C_v2.root
2026-01-07 11:56:57,864 - INFO - [2023] MISSING_FILE: /data9/Users/choij/Sync/workspace/ChargedHiggsAnalysisV3/SKNanoOutput/CRPromptSelector/Run3Mu/2023/Skim_TriLep_Muon1_C_v3.root
2026-01-07 11:56:57,864 - INFO - [2023] MISSING_FILE: /data9/Users/choij/Sync/workspace/ChargedHiggsAnalysisV3/SKNanoOutput/CRPromptSelector/Run3Mu/2023/Skim_TriLep_Muon1_C_v4.root
2026-01-07 11:56:57,864 - INFO - [2023BPix] MISSING_FILE: /data9/Users/choij/Sync/workspace/ChargedHiggsAnalysisV3/SKNanoOutput/CRPromptSelector/Run3Mu/2023BPix/Skim_TriLep_Muon0_D_v1.root
2026-01-07 11:56:57,864 - INFO - [2023BPix] MISSING_FILE: /data9/Users/choij/Sync/workspace/ChargedHiggsAnalysisV3/SKNanoOutput/CRPromptSelector/Run3Mu/2023BPix/Skim_TriLep_Muon0_D_v2.root
2026-01-07 11:56:57,864 - INFO - [2023BPix] MISSING_FILE: /data9/Users/choij/Sync/workspace/ChargedHiggsAnalysisV3/SKNanoOutput/CRPromptSelector/Run3Mu/2023BPix/Skim_TriLep_Muon1_D_v1.root
2026-01-07 11:56:57,864 - INFO - [2023BPix] MISSING_FILE: /data9/Users/choij/Sync/workspace/ChargedHiggsAnalysisV3/SKNanoOutput/CRPromptSelector/Run3Mu/2023BPix/Skim_TriLep_Muon1_D_v2.root
2026-01-07 11:57:03,151 - INFO - [2022] MISSING_FILE: /data9/Users/choij/Sync/workspace/ChargedHiggsAnalysisV3/SKNanoOutput/CRPromptSelector/Run3Mu/2022/Skim_TriLep_DoubleMuon_C.root
2026-01-07 11:57:03,151 - INFO - [2022] MISSING_FILE: /data9/Users/choij/Sync/workspace/ChargedHiggsAnalysisV3/SKNanoOutput/CRPromptSelector/Run3Mu/2022/Skim_TriLep_Muon_C.root
2026-01-07 11:57:03,152 - INFO - [2022] MISSING_FILE: /data9/Users/choij/Sync/workspace/ChargedHiggsAnalysisV3/SKNanoOutput/CRPromptSelector/Run3Mu/2022/Skim_TriLep_Muon_D.root
2026-01-07 11:57:03,152 - INFO - [2022EE] MISSING_FILE: /data9/Users/choij/Sync/workspace/ChargedHiggsAnalysisV3/SKNanoOutput/CRPromptSelector/Run3Mu/2022EE/Skim_TriLep_Muon_E.root
2026-01-07 11:57:03,152 - INFO - [2022EE] MISSING_FILE: /data9/Users/choij/Sync/workspace/ChargedHiggsAnalysisV3/SKNanoOutput/CRPromptSelector/Run3Mu/2022EE/Skim_TriLep_Muon_F.root
2026-01-07 11:57:03,152 - INFO - [2022EE] MISSING_FILE: /data9/Users/choij/Sync/workspace/ChargedHiggsAnalysisV3/SKNanoOutput/CRPromptSelector/Run3Mu/2022EE/Skim_TriLep_Muon_G.root
2026-01-07 11:57:03,152 - INFO - [2023] MISSING_FILE: /data9/Users/choij/Sync/workspace/ChargedHiggsAnalysisV3/SKNanoOutput/CRPromptSelector/Run3Mu/2023/Skim_TriLep_Muon0_C_v1.root
2026-01-07 11:57:03,152 - INFO - [2023] MISSING_FILE: /data9/Users/choij/Sync/workspace/ChargedHiggsAnalysisV3/SKNanoOutput/CRPromptSelector/Run3Mu/2023/Skim_TriLep_Muon0_C_v2.root
2026-01-07 11:57:03,153 - INFO - [2023] MISSING_FILE: /data9/Users/choij/Sync/workspace/ChargedHiggsAnalysisV3/SKNanoOutput/CRPromptSelector/Run3Mu/2023/Skim_TriLep_Muon0_C_v3.root
2026-01-07 11:57:03,153 - INFO - [2023] MISSING_FILE: /data9/Users/choij/Sync/workspace/ChargedHiggsAnalysisV3/SKNanoOutput/CRPromptSelector/Run3Mu/2023/Skim_TriLep_Muon0_C_v4.root
2026-01-07 11:57:03,153 - INFO - [2023] MISSING_FILE: /data9/Users/choij/Sync/workspace/ChargedHiggsAnalysisV3/SKNanoOutput/CRPromptSelector/Run3Mu/2023/Skim_TriLep_Muon1_C_v1.root
2026-01-07 11:57:03,154 - INFO - [2023] MISSING_FILE: /data9/Users/choij/Sync/workspace/ChargedHiggsAnalysisV3/SKNanoOutput/CRPromptSelector/Run3Mu/2023/Skim_TriLep_Muon1_C_v2.root
2026-01-07 11:57:03,154 - INFO - [2023] MISSING_FILE: /data9/Users/choij/Sync/workspace/ChargedHiggsAnalysisV3/SKNanoOutput/CRPromptSelector/Run3Mu/2023/Skim_TriLep_Muon1_C_v3.root
2026-01-07 11:57:03,154 - INFO - [2023] MISSING_FILE: /data9/Users/choij/Sync/workspace/ChargedHiggsAnalysisV3/SKNanoOutput/CRPromptSelector/Run3Mu/2023/Skim_TriLep_Muon1_C_v4.root
2026-01-07 11:57:03,154 - INFO - [2023BPix] MISSING_FILE: /data9/Users/choij/Sync/workspace/ChargedHiggsAnalysisV3/SKNanoOutput/CRPromptSelector/Run3Mu/2023BPix/Skim_TriLep_Muon0_D_v1.root
2026-01-07 11:57:03,155 - INFO - [2023BPix] MISSING_FILE: /data9/Users/choij/Sync/workspace/ChargedHiggsAnalysisV3/SKNanoOutput/CRPromptSelector/Run3Mu/2023BPix/Skim_TriLep_Muon0_D_v2.root
2026-01-07 11:57:03,155 - INFO - [2023BPix] MISSING_FILE: /data9/Users/choij/Sync/workspace/ChargedHiggsAnalysisV3/SKNanoOutput/CRPromptSelector/Run3Mu/2023BPix/Skim_TriLep_Muon1_D_v1.root
2026-01-07 11:57:03,155 - INFO - [2023BPix] MISSING_FILE: /data9/Users/choij/Sync/workspace/ChargedHiggsAnalysisV3/SKNanoOutput/CRPromptSelector/Run3Mu/2023BPix/Skim_TriLep_Muon1_D_v2.root
2026-01-07 18:53:34,010 - INFO - [2022] MISSING_CENTRAL: WZ3Mu/Central/muons/3/eta in Skim_TriLep_DYJets.root
2026-01-07 18:53:34,011 - INFO - [2022] MISSING_CENTRAL: WZ3Mu/Central/muons/3/eta in Skim_TriLep_DYJets10to50.root
2026-01-07 18:53:34,011 - INFO - [2022] MISSING_CENTRAL: WZ3Mu/Central/muons/3/eta in Skim_TriLep_TTG_PTG10to100.root
2026-01-07 18:53:34,012 - INFO - [2022] MISSING_CENTRAL: WZ3Mu/Central/muons/3/eta in Skim_TriLep_TTG_PTG100to200.root
2026-01-07 18:53:34,012 - INFO - [2022] MISSING_CENTRAL: WZ3Mu/Central/muons/3/eta in Skim_TriLep_TTG_PTG200toInf.root
2026-01-07 18:53:34,101 - INFO - [2022EE] MISSING_CENTRAL: WZ3Mu/Central/muons/3/eta in Skim_TriLep_DYJets.root
2026-01-07 18:53:34,102 - INFO - [2022EE] MISSING_CENTRAL: WZ3Mu/Central/muons/3/eta in Skim_TriLep_DYJets10to50.root
2026-01-07 18:53:34,225 - INFO - [2023] MISSING_CENTRAL: WZ3Mu/Central/muons/3/eta in Skim_TriLep_DYJets10to50.root
2026-01-07 18:53:34,233 - INFO - [2023] MISSING_CENTRAL: WZ3Mu/Central/muons/3/eta in Skim_TriLep_TTG_PTG100to200.root
2026-01-07 18:53:34,245 - INFO - [2023] MISSING_CENTRAL: WZ3Mu/Central/muons/3/eta in Skim_TriLep_TTG_PTG200toInf.root
2026-01-07 18:53:34,707 - INFO - [2023BPix] MISSING_CENTRAL: WZ3Mu/Central/muons/3/eta in Skim_TriLep_DYJets10to50.root
2026-01-07 18:53:34,775 - INFO - [2023BPix] MISSING_CENTRAL: WZ3Mu/Central/muons/3/eta in Skim_TriLep_TTG_PTG100to200.root
2026-01-07 18:53:34,778 - INFO - [2023BPix] MISSING_CENTRAL: WZ3Mu/Central/muons/3/eta in Skim_TriLep_TTG_PTG200toInf.root
2026-01-07 18:53:41,081 - INFO - [2022] MISSING_CENTRAL: WZ3Mu/Central/muons/3/eta in Skim_TriLep_DYJets.root
2026-01-07 18:53:41,082 - INFO - [2022] MISSING_CENTRAL: WZ3Mu/Central/muons/3/eta in Skim_TriLep_DYJets10to50.root
2026-01-07 18:53:41,082 - INFO - [2022] MISSING_CENTRAL: WZ3Mu/Central/muons/3/eta in Skim_TriLep_TTG_PTG10to100.root
2026-01-07 18:53:41,083 - INFO - [2022] MISSING_CENTRAL: WZ3Mu/Central/muons/3/eta in Skim_TriLep_TTG_PTG100to200.root
2026-01-07 18:53:41,083 - INFO - [2022] MISSING_CENTRAL: WZ3Mu/Central/muons/3/eta in Skim_TriLep_TTG_PTG200toInf.root
2026-01-07 18:53:41,087 - INFO - [2022] MISSING_FILE: /data9/Users/choij/Sync/workspace/ChargedHiggsAnalysisV3/SKNanoOutput/CRPromptSelector/Run3Mu_RunNoWZSF_RunSyst/2022/Skim_TriLep_ZZTo4L_powheg.root
2026-01-07 18:53:41,091 - INFO - [2022] MISSING_FILE: /data9/Users/choij/Sync/workspace/ChargedHiggsAnalysisV3/SKNanoOutput/CRPromptSelector/Run3Mu_RunNoWZSF_RunSyst/2022/Skim_TriLep_VBFHToZZTo4L.root
2026-01-07 18:53:41,091 - INFO - [2022] MISSING_FILE: /data9/Users/choij/Sync/workspace/ChargedHiggsAnalysisV3/SKNanoOutput/CRPromptSelector/Run3Mu_RunNoWZSF_RunSyst/2022/Skim_TriLep_ggHToZZTo4L.root
2026-01-07 18:53:41,094 - INFO - [2022EE] MISSING_CENTRAL: WZ3Mu/Central/muons/3/eta in Skim_TriLep_DYJets.root
2026-01-07 18:53:41,094 - INFO - [2022EE] MISSING_CENTRAL: WZ3Mu/Central/muons/3/eta in Skim_TriLep_DYJets10to50.root
2026-01-07 18:53:41,108 - INFO - [2022EE] MISSING_FILE: /data9/Users/choij/Sync/workspace/ChargedHiggsAnalysisV3/SKNanoOutput/CRPromptSelector/Run3Mu_RunNoWZSF_RunSyst/2022EE/Skim_TriLep_ZZTo4L_powheg.root
2026-01-07 18:53:41,112 - INFO - [2022EE] MISSING_FILE: /data9/Users/choij/Sync/workspace/ChargedHiggsAnalysisV3/SKNanoOutput/CRPromptSelector/Run3Mu_RunNoWZSF_RunSyst/2022EE/Skim_TriLep_VBFHToZZTo4L.root
2026-01-07 18:53:41,113 - INFO - [2022EE] MISSING_FILE: /data9/Users/choij/Sync/workspace/ChargedHiggsAnalysisV3/SKNanoOutput/CRPromptSelector/Run3Mu_RunNoWZSF_RunSyst/2022EE/Skim_TriLep_ggHToZZTo4L.root
2026-01-07 18:53:41,119 - INFO - [2023] MISSING_CENTRAL: WZ3Mu/Central/muons/3/eta in Skim_TriLep_DYJets10to50.root
2026-01-07 18:53:41,120 - INFO - [2023] MISSING_CENTRAL: WZ3Mu/Central/muons/3/eta in Skim_TriLep_TTG_PTG100to200.root
2026-01-07 18:53:41,120 - INFO - [2023] MISSING_CENTRAL: WZ3Mu/Central/muons/3/eta in Skim_TriLep_TTG_PTG200toInf.root
2026-01-07 18:53:41,124 - INFO - [2023] MISSING_FILE: /data9/Users/choij/Sync/workspace/ChargedHiggsAnalysisV3/SKNanoOutput/CRPromptSelector/Run3Mu_RunNoWZSF_RunSyst/2023/Skim_TriLep_ZZTo4L_powheg.root
2026-01-07 18:53:41,129 - INFO - [2023] MISSING_FILE: /data9/Users/choij/Sync/workspace/ChargedHiggsAnalysisV3/SKNanoOutput/CRPromptSelector/Run3Mu_RunNoWZSF_RunSyst/2023/Skim_TriLep_VBFHToZZTo4L.root
2026-01-07 18:53:41,129 - INFO - [2023] MISSING_FILE: /data9/Users/choij/Sync/workspace/ChargedHiggsAnalysisV3/SKNanoOutput/CRPromptSelector/Run3Mu_RunNoWZSF_RunSyst/2023/Skim_TriLep_ggHToZZTo4L.root
2026-01-07 18:53:41,132 - INFO - [2023BPix] MISSING_CENTRAL: WZ3Mu/Central/muons/3/eta in Skim_TriLep_DYJets10to50.root
2026-01-07 18:53:41,134 - INFO - [2023BPix] MISSING_CENTRAL: WZ3Mu/Central/muons/3/eta in Skim_TriLep_TTG_PTG100to200.root
2026-01-07 18:53:41,134 - INFO - [2023BPix] MISSING_CENTRAL: WZ3Mu/Central/muons/3/eta in Skim_TriLep_TTG_PTG200toInf.root
2026-01-07 18:53:41,138 - INFO - [2023BPix] MISSING_FILE: /data9/Users/choij/Sync/workspace/ChargedHiggsAnalysisV3/SKNanoOutput/CRPromptSelector/Run3Mu_RunNoWZSF_RunSyst/2023BPix/Skim_TriLep_ZZTo4L_powheg.root
2026-01-07 18:53:41,144 - INFO - [2023BPix] MISSING_FILE: /data9/Users/choij/Sync/workspace/ChargedHiggsAnalysisV3/SKNanoOutput/CRPromptSelector/Run3Mu_RunNoWZSF_RunSyst/2023BPix/Skim_TriLep_VBFHToZZTo4L.root
2026-01-07 18:53:41,144 - INFO - [2023BPix] MISSING_FILE: /data9/Users/choij/Sync/workspace/ChargedHiggsAnalysisV3/SKNanoOutput/CRPromptSelector/Run3Mu_RunNoWZSF_RunSyst/2023BPix/Skim_TriLep_ggHToZZTo4L.root
2026-01-09 12:28:51,169 - INFO - [2022] MISSING_CENTRAL: WZ3Mu/Central/muons/3/eta in Skim_TriLep_DYJets.root
2026-01-09 12:28:51,170 - INFO - [2022] MISSING_CENTRAL: WZ3Mu/Central/muons/3/eta in Skim_TriLep_DYJets10to50.root
2026-01-09 12:28:51,170 - INFO - [2022] MISSING_CENTRAL: WZ3Mu/Central/muons/3/eta in Skim_TriLep_TTG_PTG10to100.root
2026-01-09 12:28:51,171 - INFO - [2022] MISSING_CENTRAL: WZ3Mu/Central/muons/3/eta in Skim_TriLep_TTG_PTG100to200.root
2026-01-09 12:28:51,171 - INFO - [2022] MISSING_CENTRAL: WZ3Mu/Central/muons/3/eta in Skim_TriLep_TTG_PTG200toInf.root
2026-01-09 12:28:51,256 - INFO - [2022EE] MISSING_CENTRAL: WZ3Mu/Central/muons/3/eta in Skim_TriLep_DYJets.root
2026-01-09 12:28:51,256 - INFO - [2022EE] MISSING_CENTRAL: WZ3Mu/Central/muons/3/eta in Skim_TriLep_DYJets10to50.root
2026-01-09 12:28:51,368 - INFO - [2023] MISSING_CENTRAL: WZ3Mu/Central/muons/3/eta in Skim_TriLep_DYJets10to50.root
2026-01-09 12:28:51,374 - INFO - [2023] MISSING_CENTRAL: WZ3Mu/Central/muons/3/eta in Skim_TriLep_TTG_PTG100to200.root
2026-01-09 12:28:51,375 - INFO - [2023] MISSING_CENTRAL: WZ3Mu/Central/muons/3/eta in Skim_TriLep_TTG_PTG200toInf.root
2026-01-09 12:28:51,466 - INFO - [2023BPix] MISSING_CENTRAL: WZ3Mu/Central/muons/3/eta in Skim_TriLep_DYJets10to50.root
2026-01-09 12:28:51,472 - INFO - [2023BPix] MISSING_CENTRAL: WZ3Mu/Central/muons/3/eta in Skim_TriLep_TTG_PTG100to200.root
2026-01-09 12:28:51,473 - INFO - [2023BPix] MISSING_CENTRAL: WZ3Mu/Central/muons/3/eta in Skim_TriLep_TTG_PTG200toInf.root
2026-01-09 12:28:57,487 - INFO - [2022] MISSING_CENTRAL: WZ3Mu/Central/muons/3/eta in Skim_TriLep_DYJets.root
2026-01-09 12:28:57,488 - INFO - [2022] MISSING_CENTRAL: WZ3Mu/Central/muons/3/eta in Skim_TriLep_DYJets10to50.root
2026-01-09 12:28:57,488 - INFO - [2022] MISSING_CENTRAL: WZ3Mu/Central/muons/3/eta in Skim_TriLep_TTG_PTG10to100.root
2026-01-09 12:28:57,488 - INFO - [2022] MISSING_CENTRAL: WZ3Mu/Central/muons/3/eta in Skim_TriLep_TTG_PTG100to200.root
2026-01-09 12:28:57,489 - INFO - [2022] MISSING_CENTRAL: WZ3Mu/Central/muons/3/eta in Skim_TriLep_TTG_PTG200toInf.root
2026-01-09 12:28:57,491 - INFO - [2022] MISSING_FILE: /home/choij/Sync/workspace/ChargedHiggsAnalysisV3/SKNanoOutput/CRPromptSelector/Run3Mu_RunNoWZSF_RunSyst/2022/Skim_TriLep_ZZTo4L_powheg.root
2026-01-09 12:28:57,495 - INFO - [2022] MISSING_FILE: /home/choij/Sync/workspace/ChargedHiggsAnalysisV3/SKNanoOutput/CRPromptSelector/Run3Mu_RunNoWZSF_RunSyst/2022/Skim_TriLep_VBFHToZZTo4L.root
2026-01-09 12:28:57,495 - INFO - [2022] MISSING_FILE: /home/choij/Sync/workspace/ChargedHiggsAnalysisV3/SKNanoOutput/CRPromptSelector/Run3Mu_RunNoWZSF_RunSyst/2022/Skim_TriLep_ggHToZZTo4L.root
2026-01-09 12:28:57,497 - INFO - [2022EE] MISSING_CENTRAL: WZ3Mu/Central/muons/3/eta in Skim_TriLep_DYJets.root
2026-01-09 12:28:57,497 - INFO - [2022EE] MISSING_CENTRAL: WZ3Mu/Central/muons/3/eta in Skim_TriLep_DYJets10to50.root
2026-01-09 12:28:57,509 - INFO - [2022EE] MISSING_FILE: /home/choij/Sync/workspace/ChargedHiggsAnalysisV3/SKNanoOutput/CRPromptSelector/Run3Mu_RunNoWZSF_RunSyst/2022EE/Skim_TriLep_ZZTo4L_powheg.root
2026-01-09 12:28:57,513 - INFO - [2022EE] MISSING_FILE: /home/choij/Sync/workspace/ChargedHiggsAnalysisV3/SKNanoOutput/CRPromptSelector/Run3Mu_RunNoWZSF_RunSyst/2022EE/Skim_TriLep_VBFHToZZTo4L.root
2026-01-09 12:28:57,513 - INFO - [2022EE] MISSING_FILE: /home/choij/Sync/workspace/ChargedHiggsAnalysisV3/SKNanoOutput/CRPromptSelector/Run3Mu_RunNoWZSF_RunSyst/2022EE/Skim_TriLep_ggHToZZTo4L.root
2026-01-09 12:28:57,518 - INFO - [2023] MISSING_CENTRAL: WZ3Mu/Central/muons/3/eta in Skim_TriLep_DYJets10to50.root
2026-01-09 12:28:57,519 - INFO - [2023] MISSING_CENTRAL: WZ3Mu/Central/muons/3/eta in Skim_TriLep_TTG_PTG100to200.root
2026-01-09 12:28:57,520 - INFO - [2023] MISSING_CENTRAL: WZ3Mu/Central/muons/3/eta in Skim_TriLep_TTG_PTG200toInf.root
2026-01-09 12:28:57,522 - INFO - [2023] MISSING_FILE: /home/choij/Sync/workspace/ChargedHiggsAnalysisV3/SKNanoOutput/CRPromptSelector/Run3Mu_RunNoWZSF_RunSyst/2023/Skim_TriLep_ZZTo4L_powheg.root
2026-01-09 12:28:57,526 - INFO - [2023] MISSING_FILE: /home/choij/Sync/workspace/ChargedHiggsAnalysisV3/SKNanoOutput/CRPromptSelector/Run3Mu_RunNoWZSF_RunSyst/2023/Skim_TriLep_VBFHToZZTo4L.root
2026-01-09 12:28:57,526 - INFO - [2023] MISSING_FILE: /home/choij/Sync/workspace/ChargedHiggsAnalysisV3/SKNanoOutput/CRPromptSelector/Run3Mu_RunNoWZSF_RunSyst/2023/Skim_TriLep_ggHToZZTo4L.root
2026-01-09 12:28:57,529 - INFO - [2023BPix] MISSING_CENTRAL: WZ3Mu/Central/muons/3/eta in Skim_TriLep_DYJets10to50.root
2026-01-09 12:28:57,530 - INFO - [2023BPix] MISSING_CENTRAL: WZ3Mu/Central/muons/3/eta in Skim_TriLep_TTG_PTG100to200.root
2026-01-09 12:28:57,531 - INFO - [2023BPix] MISSING_CENTRAL: WZ3Mu/Central/muons/3/eta in Skim_TriLep_TTG_PTG200toInf.root
2026-01-09 12:28:57,534 - INFO - [2023BPix] MISSING_FILE: /home/choij/Sync/workspace/ChargedHiggsAnalysisV3/SKNanoOutput/CRPromptSelector/Run3Mu_RunNoWZSF_RunSyst/2023BPix/Skim_TriLep_ZZTo4L_powheg.root
2026-01-09 12:28:57,537 - INFO - [2023BPix] MISSING_FILE: /home/choij/Sync/workspace/ChargedHiggsAnalysisV3/SKNanoOutput/CRPromptSelector/Run3Mu_RunNoWZSF_RunSyst/2023BPix/Skim_TriLep_VBFHToZZTo4L.root
2026-01-09 12:28:57,538 - INFO - [2023BPix] MISSING_FILE: /home/choij/Sync/workspace/ChargedHiggsAnalysisV3/SKNanoOutput/CRPromptSelector/Run3Mu_RunNoWZSF_RunSyst/2023BPix/Skim_TriLep_ggHToZZTo4L.root
2026-01-11 09:48:51,424 - INFO - [2022] MISSING_CENTRAL: WZ3Mu/Central/muons/3/eta in Skim_TriLep_DYJets.root
2026-01-11 09:48:51,425 - INFO - [2022] MISSING_CENTRAL: WZ3Mu/Central/muons/3/eta in Skim_TriLep_DYJets10to50.root
2026-01-11 09:48:51,425 - INFO - [2022] MISSING_CENTRAL: WZ3Mu/Central/muons/3/eta in Skim_TriLep_TTG_PTG10to100.root
2026-01-11 09:48:51,426 - INFO - [2022] MISSING_CENTRAL: WZ3Mu/Central/muons/3/eta in Skim_TriLep_TTG_PTG100to200.root
2026-01-11 09:48:51,426 - INFO - [2022] MISSING_CENTRAL: WZ3Mu/Central/muons/3/eta in Skim_TriLep_TTG_PTG200toInf.root
2026-01-11 09:48:51,513 - INFO - [2022EE] MISSING_CENTRAL: WZ3Mu/Central/muons/3/eta in Skim_TriLep_DYJets.root
2026-01-11 09:48:51,513 - INFO - [2022EE] MISSING_CENTRAL: WZ3Mu/Central/muons/3/eta in Skim_TriLep_DYJets10to50.root
2026-01-11 09:48:51,627 - INFO - [2023] MISSING_CENTRAL: WZ3Mu/Central/muons/3/eta in Skim_TriLep_DYJets10to50.root
2026-01-11 09:48:51,633 - INFO - [2023] MISSING_CENTRAL: WZ3Mu/Central/muons/3/eta in Skim_TriLep_TTG_PTG100to200.root
2026-01-11 09:48:51,633 - INFO - [2023] MISSING_CENTRAL: WZ3Mu/Central/muons/3/eta in Skim_TriLep_TTG_PTG200toInf.root
2026-01-11 09:48:51,726 - INFO - [2023BPix] MISSING_CENTRAL: WZ3Mu/Central/muons/3/eta in Skim_TriLep_DYJets10to50.root
2026-01-11 09:48:51,731 - INFO - [2023BPix] MISSING_CENTRAL: WZ3Mu/Central/muons/3/eta in Skim_TriLep_TTG_PTG100to200.root
2026-01-11 09:48:51,732 - INFO - [2023BPix] MISSING_CENTRAL: WZ3Mu/Central/muons/3/eta in Skim_TriLep_TTG_PTG200toInf.root
2026-01-11 09:48:57,412 - INFO - [2022] MISSING_CENTRAL: WZ3Mu/Central/muons/3/eta in Skim_TriLep_DYJets.root
2026-01-11 09:48:57,413 - INFO - [2022] MISSING_CENTRAL: WZ3Mu/Central/muons/3/eta in Skim_TriLep_DYJets10to50.root
2026-01-11 09:48:57,413 - INFO - [2022] MISSING_CENTRAL: WZ3Mu/Central/muons/3/eta in Skim_TriLep_TTG_PTG10to100.root
2026-01-11 09:48:57,413 - INFO - [2022] MISSING_CENTRAL: WZ3Mu/Central/muons/3/eta in Skim_TriLep_TTG_PTG100to200.root
2026-01-11 09:48:57,414 - INFO - [2022] MISSING_CENTRAL: WZ3Mu/Central/muons/3/eta in Skim_TriLep_TTG_PTG200toInf.root
2026-01-11 09:48:57,416 - INFO - [2022] MISSING_FILE: /home/choij/Sync/workspace/ChargedHiggsAnalysisV3/SKNanoOutput/CRPromptSelector/Run3Mu_RunNoWZSF_RunSyst/2022/Skim_TriLep_ZZTo4L_powheg.root
2026-01-11 09:48:57,420 - INFO - [2022] MISSING_FILE: /home/choij/Sync/workspace/ChargedHiggsAnalysisV3/SKNanoOutput/CRPromptSelector/Run3Mu_RunNoWZSF_RunSyst/2022/Skim_TriLep_VBFHToZZTo4L.root
2026-01-11 09:48:57,420 - INFO - [2022] MISSING_FILE: /home/choij/Sync/workspace/ChargedHiggsAnalysisV3/SKNanoOutput/CRPromptSelector/Run3Mu_RunNoWZSF_RunSyst/2022/Skim_TriLep_ggHToZZTo4L.root
2026-01-11 09:48:57,422 - INFO - [2022EE] MISSING_CENTRAL: WZ3Mu/Central/muons/3/eta in Skim_TriLep_DYJets.root
2026-01-11 09:48:57,423 - INFO - [2022EE] MISSING_CENTRAL: WZ3Mu/Central/muons/3/eta in Skim_TriLep_DYJets10to50.root
2026-01-11 09:48:57,434 - INFO - [2022EE] MISSING_FILE: /home/choij/Sync/workspace/ChargedHiggsAnalysisV3/SKNanoOutput/CRPromptSelector/Run3Mu_RunNoWZSF_RunSyst/2022EE/Skim_TriLep_ZZTo4L_powheg.root
2026-01-11 09:48:57,438 - INFO - [2022EE] MISSING_FILE: /home/choij/Sync/workspace/ChargedHiggsAnalysisV3/SKNanoOutput/CRPromptSelector/Run3Mu_RunNoWZSF_RunSyst/2022EE/Skim_TriLep_VBFHToZZTo4L.root
2026-01-11 09:48:57,438 - INFO - [2022EE] MISSING_FILE: /home/choij/Sync/workspace/ChargedHiggsAnalysisV3/SKNanoOutput/CRPromptSelector/Run3Mu_RunNoWZSF_RunSyst/2022EE/Skim_TriLep_ggHToZZTo4L.root
2026-01-11 09:48:57,443 - INFO - [2023] MISSING_CENTRAL: WZ3Mu/Central/muons/3/eta in Skim_TriLep_DYJets10to50.root
2026-01-11 09:48:57,444 - INFO - [2023] MISSING_CENTRAL: WZ3Mu/Central/muons/3/eta in Skim_TriLep_TTG_PTG100to200.root
2026-01-11 09:48:57,444 - INFO - [2023] MISSING_CENTRAL: WZ3Mu/Central/muons/3/eta in Skim_TriLep_TTG_PTG200toInf.root
2026-01-11 09:48:57,447 - INFO - [2023] MISSING_FILE: /home/choij/Sync/workspace/ChargedHiggsAnalysisV3/SKNanoOutput/CRPromptSelector/Run3Mu_RunNoWZSF_RunSyst/2023/Skim_TriLep_ZZTo4L_powheg.root
2026-01-11 09:48:57,451 - INFO - [2023] MISSING_FILE: /home/choij/Sync/workspace/ChargedHiggsAnalysisV3/SKNanoOutput/CRPromptSelector/Run3Mu_RunNoWZSF_RunSyst/2023/Skim_TriLep_VBFHToZZTo4L.root
2026-01-11 09:48:57,451 - INFO - [2023] MISSING_FILE: /home/choij/Sync/workspace/ChargedHiggsAnalysisV3/SKNanoOutput/CRPromptSelector/Run3Mu_RunNoWZSF_RunSyst/2023/Skim_TriLep_ggHToZZTo4L.root
2026-01-11 09:48:57,454 - INFO - [2023BPix] MISSING_CENTRAL: WZ3Mu/Central/muons/3/eta in Skim_TriLep_DYJets10to50.root
2026-01-11 09:48:57,455 - INFO - [2023BPix] MISSING_CENTRAL: WZ3Mu/Central/muons/3/eta in Skim_TriLep_TTG_PTG100to200.root
2026-01-11 09:48:57,455 - INFO - [2023BPix] MISSING_CENTRAL: WZ3Mu/Central/muons/3/eta in Skim_TriLep_TTG_PTG200toInf.root
2026-01-11 09:48:57,458 - INFO - [2023BPix] MISSING_FILE: /home/choij/Sync/workspace/ChargedHiggsAnalysisV3/SKNanoOutput/CRPromptSelector/Run3Mu_RunNoWZSF_RunSyst/2023BPix/Skim_TriLep_ZZTo4L_powheg.root
2026-01-11 09:48:57,462 - INFO - [2023BPix] MISSING_FILE: /home/choij/Sync/workspace/ChargedHiggsAnalysisV3/SKNanoOutput/CRPromptSelector/Run3Mu_RunNoWZSF_RunSyst/2023BPix/Skim_TriLep_VBFHToZZTo4L.root
2026-01-11 09:48:57,462 - INFO - [2023BPix] MISSING_FILE: /home/choij/Sync/workspace/ChargedHiggsAnalysisV3/SKNanoOutput/CRPromptSelector/Run3Mu_RunNoWZSF_RunSyst/2023BPix/Skim_TriLep_ggHToZZTo4L.root
2026-01-12 13:57:47,618 - INFO - [2022] MISSING_CENTRAL: WZ3Mu/Central/muons/3/eta in Skim_TriLep_DYJets.root
2026-01-12 13:57:47,618 - INFO - [2022] MISSING_CENTRAL: WZ3Mu/Central/muons/3/eta in Skim_TriLep_DYJets10to50.root
2026-01-12 13:57:47,619 - INFO - [2022] MISSING_CENTRAL: WZ3Mu/Central/muons/3/eta in Skim_TriLep_TTG_PTG10to100.root
2026-01-12 13:57:47,619 - INFO - [2022] MISSING_CENTRAL: WZ3Mu/Central/muons/3/eta in Skim_TriLep_TTG_PTG100to200.root
2026-01-12 13:57:47,620 - INFO - [2022] MISSING_CENTRAL: WZ3Mu/Central/muons/3/eta in Skim_TriLep_TTG_PTG200toInf.root
2026-01-12 13:57:47,705 - INFO - [2022EE] MISSING_CENTRAL: WZ3Mu/Central/muons/3/eta in Skim_TriLep_DYJets.root
2026-01-12 13:57:47,705 - INFO - [2022EE] MISSING_CENTRAL: WZ3Mu/Central/muons/3/eta in Skim_TriLep_DYJets10to50.root
2026-01-12 13:57:47,820 - INFO - [2023] MISSING_CENTRAL: WZ3Mu/Central/muons/3/eta in Skim_TriLep_DYJets10to50.root
2026-01-12 13:57:47,826 - INFO - [2023] MISSING_CENTRAL: WZ3Mu/Central/muons/3/eta in Skim_TriLep_TTG_PTG100to200.root
2026-01-12 13:57:47,827 - INFO - [2023] MISSING_CENTRAL: WZ3Mu/Central/muons/3/eta in Skim_TriLep_TTG_PTG200toInf.root
2026-01-12 13:57:47,920 - INFO - [2023BPix] MISSING_CENTRAL: WZ3Mu/Central/muons/3/eta in Skim_TriLep_DYJets10to50.root
2026-01-12 13:57:47,927 - INFO - [2023BPix] MISSING_CENTRAL: WZ3Mu/Central/muons/3/eta in Skim_TriLep_TTG_PTG100to200.root
2026-01-12 13:57:47,928 - INFO - [2023BPix] MISSING_CENTRAL: WZ3Mu/Central/muons/3/eta in Skim_TriLep_TTG_PTG200toInf.root
2026-01-12 13:57:53,889 - INFO - [2022] MISSING_CENTRAL: WZ3Mu/Central/muons/3/eta in Skim_TriLep_DYJets.root
2026-01-12 13:57:53,890 - INFO - [2022] MISSING_CENTRAL: WZ3Mu/Central/muons/3/eta in Skim_TriLep_DYJets10to50.root
2026-01-12 13:57:53,890 - INFO - [2022] MISSING_CENTRAL: WZ3Mu/Central/muons/3/eta in Skim_TriLep_TTG_PTG10to100.root
2026-01-12 13:57:53,890 - INFO - [2022] MISSING_CENTRAL: WZ3Mu/Central/muons/3/eta in Skim_TriLep_TTG_PTG100to200.root
2026-01-12 13:57:53,891 - INFO - [2022] MISSING_CENTRAL: WZ3Mu/Central/muons/3/eta in Skim_TriLep_TTG_PTG200toInf.root
2026-01-12 13:57:53,893 - INFO - [2022] MISSING_FILE: /home/choij/Sync/workspace/ChargedHiggsAnalysisV3/SKNanoOutput/CRPromptSelector/Run3Mu_RunNoWZSF_RunSyst/2022/Skim_TriLep_ZZTo4L_powheg.root
2026-01-12 13:57:53,897 - INFO - [2022] MISSING_FILE: /home/choij/Sync/workspace/ChargedHiggsAnalysisV3/SKNanoOutput/CRPromptSelector/Run3Mu_RunNoWZSF_RunSyst/2022/Skim_TriLep_VBFHToZZTo4L.root
2026-01-12 13:57:53,897 - INFO - [2022] MISSING_FILE: /home/choij/Sync/workspace/ChargedHiggsAnalysisV3/SKNanoOutput/CRPromptSelector/Run3Mu_RunNoWZSF_RunSyst/2022/Skim_TriLep_ggHToZZTo4L.root
2026-01-12 13:57:53,899 - INFO - [2022EE] MISSING_CENTRAL: WZ3Mu/Central/muons/3/eta in Skim_TriLep_DYJets.root
2026-01-12 13:57:53,899 - INFO - [2022EE] MISSING_CENTRAL: WZ3Mu/Central/muons/3/eta in Skim_TriLep_DYJets10to50.root
2026-01-12 13:57:53,911 - INFO - [2022EE] MISSING_FILE: /home/choij/Sync/workspace/ChargedHiggsAnalysisV3/SKNanoOutput/CRPromptSelector/Run3Mu_RunNoWZSF_RunSyst/2022EE/Skim_TriLep_ZZTo4L_powheg.root
2026-01-12 13:57:53,914 - INFO - [2022EE] MISSING_FILE: /home/choij/Sync/workspace/ChargedHiggsAnalysisV3/SKNanoOutput/CRPromptSelector/Run3Mu_RunNoWZSF_RunSyst/2022EE/Skim_TriLep_VBFHToZZTo4L.root
2026-01-12 13:57:53,915 - INFO - [2022EE] MISSING_FILE: /home/choij/Sync/workspace/ChargedHiggsAnalysisV3/SKNanoOutput/CRPromptSelector/Run3Mu_RunNoWZSF_RunSyst/2022EE/Skim_TriLep_ggHToZZTo4L.root
2026-01-12 13:57:53,919 - INFO - [2023] MISSING_CENTRAL: WZ3Mu/Central/muons/3/eta in Skim_TriLep_DYJets10to50.root
2026-01-12 13:57:53,921 - INFO - [2023] MISSING_CENTRAL: WZ3Mu/Central/muons/3/eta in Skim_TriLep_TTG_PTG100to200.root
2026-01-12 13:57:53,921 - INFO - [2023] MISSING_CENTRAL: WZ3Mu/Central/muons/3/eta in Skim_TriLep_TTG_PTG200toInf.root
2026-01-12 13:57:53,924 - INFO - [2023] MISSING_FILE: /home/choij/Sync/workspace/ChargedHiggsAnalysisV3/SKNanoOutput/CRPromptSelector/Run3Mu_RunNoWZSF_RunSyst/2023/Skim_TriLep_ZZTo4L_powheg.root
2026-01-12 13:57:53,928 - INFO - [2023] MISSING_FILE: /home/choij/Sync/workspace/ChargedHiggsAnalysisV3/SKNanoOutput/CRPromptSelector/Run3Mu_RunNoWZSF_RunSyst/2023/Skim_TriLep_VBFHToZZTo4L.root
2026-01-12 13:57:53,928 - INFO - [2023] MISSING_FILE: /home/choij/Sync/workspace/ChargedHiggsAnalysisV3/SKNanoOutput/CRPromptSelector/Run3Mu_RunNoWZSF_RunSyst/2023/Skim_TriLep_ggHToZZTo4L.root
2026-01-12 13:57:53,931 - INFO - [2023BPix] MISSING_CENTRAL: WZ3Mu/Central/muons/3/eta in Skim_TriLep_DYJets10to50.root
2026-01-12 13:57:53,932 - INFO - [2023BPix] MISSING_CENTRAL: WZ3Mu/Central/muons/3/eta in Skim_TriLep_TTG_PTG100to200.root
2026-01-12 13:57:53,932 - INFO - [2023BPix] MISSING_CENTRAL: WZ3Mu/Central/muons/3/eta in Skim_TriLep_TTG_PTG200toInf.root
2026-01-12 13:57:53,935 - INFO - [2023BPix] MISSING_FILE: /home/choij/Sync/workspace/ChargedHiggsAnalysisV3/SKNanoOutput/CRPromptSelector/Run3Mu_RunNoWZSF_RunSyst/2023BPix/Skim_TriLep_ZZTo4L_powheg.root
2026-01-12 13:57:53,939 - INFO - [2023BPix] MISSING_FILE: /home/choij/Sync/workspace/ChargedHiggsAnalysisV3/SKNanoOutput/CRPromptSelector/Run3Mu_RunNoWZSF_RunSyst/2023BPix/Skim_TriLep_VBFHToZZTo4L.root
2026-01-12 13:57:53,939 - INFO - [2023BPix] MISSING_FILE: /home/choij/Sync/workspace/ChargedHiggsAnalysisV3/SKNanoOutput/CRPromptSelector/Run3Mu_RunNoWZSF_RunSyst/2023BPix/Skim_TriLep_ggHToZZTo4L.root
2026-01-16 19:12:20,663 - INFO - [2022] MISSING_CENTRAL: WZ3Mu/Central/muons/3/eta in Skim_TriLep_DYJets.root
2026-01-16 19:12:20,664 - INFO - [2022] MISSING_CENTRAL: WZ3Mu/Central/muons/3/eta in Skim_TriLep_DYJets10to50.root
2026-01-16 19:12:20,664 - INFO - [2022] MISSING_CENTRAL: WZ3Mu/Central/muons/3/eta in Skim_TriLep_TTG_PTG10to100.root
2026-01-16 19:12:20,664 - INFO - [2022] MISSING_CENTRAL: WZ3Mu/Central/muons/3/eta in Skim_TriLep_TTG_PTG100to200.root
2026-01-16 19:12:20,665 - INFO - [2022] MISSING_CENTRAL: WZ3Mu/Central/muons/3/eta in Skim_TriLep_TTG_PTG200toInf.root
2026-01-16 19:12:20,752 - INFO - [2022EE] MISSING_CENTRAL: WZ3Mu/Central/muons/3/eta in Skim_TriLep_DYJets.root
2026-01-16 19:12:20,752 - INFO - [2022EE] MISSING_CENTRAL: WZ3Mu/Central/muons/3/eta in Skim_TriLep_DYJets10to50.root
2026-01-16 19:12:20,896 - INFO - [2023] MISSING_CENTRAL: WZ3Mu/Central/muons/3/eta in Skim_TriLep_DYJets10to50.root
2026-01-16 19:12:20,902 - INFO - [2023] MISSING_CENTRAL: WZ3Mu/Central/muons/3/eta in Skim_TriLep_TTG_PTG100to200.root
2026-01-16 19:12:20,903 - INFO - [2023] MISSING_CENTRAL: WZ3Mu/Central/muons/3/eta in Skim_TriLep_TTG_PTG200toInf.root
2026-01-16 19:12:20,999 - INFO - [2023BPix] MISSING_CENTRAL: WZ3Mu/Central/muons/3/eta in Skim_TriLep_DYJets10to50.root
2026-01-16 19:12:21,006 - INFO - [2023BPix] MISSING_CENTRAL: WZ3Mu/Central/muons/3/eta in Skim_TriLep_TTG_PTG100to200.root
2026-01-16 19:12:21,007 - INFO - [2023BPix] MISSING_CENTRAL: WZ3Mu/Central/muons/3/eta in Skim_TriLep_TTG_PTG200toInf.root
2026-01-16 19:12:26,837 - INFO - [2022] MISSING_CENTRAL: WZ3Mu/Central/muons/3/eta in Skim_TriLep_DYJets.root
2026-01-16 19:12:26,837 - INFO - [2022] MISSING_CENTRAL: WZ3Mu/Central/muons/3/eta in Skim_TriLep_DYJets10to50.root
2026-01-16 19:12:26,838 - INFO - [2022] MISSING_CENTRAL: WZ3Mu/Central/muons/3/eta in Skim_TriLep_TTG_PTG10to100.root
2026-01-16 19:12:26,838 - INFO - [2022] MISSING_CENTRAL: WZ3Mu/Central/muons/3/eta in Skim_TriLep_TTG_PTG100to200.root
2026-01-16 19:12:26,839 - INFO - [2022] MISSING_CENTRAL: WZ3Mu/Central/muons/3/eta in Skim_TriLep_TTG_PTG200toInf.root
2026-01-16 19:12:26,842 - INFO - [2022] MISSING_FILE: /home/choij/Sync/workspace/ChargedHiggsAnalysisV3/SKNanoOutput/CRPromptSelector/Run3Mu_RunNoWZSF_RunSyst/2022/Skim_TriLep_ZZTo4L_powheg.root
2026-01-16 19:12:26,846 - INFO - [2022] MISSING_FILE: /home/choij/Sync/workspace/ChargedHiggsAnalysisV3/SKNanoOutput/CRPromptSelector/Run3Mu_RunNoWZSF_RunSyst/2022/Skim_TriLep_VBFHToZZTo4L.root
2026-01-16 19:12:26,846 - INFO - [2022] MISSING_FILE: /home/choij/Sync/workspace/ChargedHiggsAnalysisV3/SKNanoOutput/CRPromptSelector/Run3Mu_RunNoWZSF_RunSyst/2022/Skim_TriLep_ggHToZZTo4L.root
2026-01-16 19:12:26,848 - INFO - [2022EE] MISSING_CENTRAL: WZ3Mu/Central/muons/3/eta in Skim_TriLep_DYJets.root
2026-01-16 19:12:26,849 - INFO - [2022EE] MISSING_CENTRAL: WZ3Mu/Central/muons/3/eta in Skim_TriLep_DYJets10to50.root
2026-01-16 19:12:26,861 - INFO - [2022EE] MISSING_FILE: /home/choij/Sync/workspace/ChargedHiggsAnalysisV3/SKNanoOutput/CRPromptSelector/Run3Mu_RunNoWZSF_RunSyst/2022EE/Skim_TriLep_ZZTo4L_powheg.root
2026-01-16 19:12:26,864 - INFO - [2022EE] MISSING_FILE: /home/choij/Sync/workspace/ChargedHiggsAnalysisV3/SKNanoOutput/CRPromptSelector/Run3Mu_RunNoWZSF_RunSyst/2022EE/Skim_TriLep_VBFHToZZTo4L.root
2026-01-16 19:12:26,865 - INFO - [2022EE] MISSING_FILE: /home/choij/Sync/workspace/ChargedHiggsAnalysisV3/SKNanoOutput/CRPromptSelector/Run3Mu_RunNoWZSF_RunSyst/2022EE/Skim_TriLep_ggHToZZTo4L.root
2026-01-16 19:12:26,870 - INFO - [2023] MISSING_CENTRAL: WZ3Mu/Central/muons/3/eta in Skim_TriLep_DYJets10to50.root
2026-01-16 19:12:26,871 - INFO - [2023] MISSING_CENTRAL: WZ3Mu/Central/muons/3/eta in Skim_TriLep_TTG_PTG100to200.root
2026-01-16 19:12:26,872 - INFO - [2023] MISSING_CENTRAL: WZ3Mu/Central/muons/3/eta in Skim_TriLep_TTG_PTG200toInf.root
2026-01-16 19:12:26,874 - INFO - [2023] MISSING_FILE: /home/choij/Sync/workspace/ChargedHiggsAnalysisV3/SKNanoOutput/CRPromptSelector/Run3Mu_RunNoWZSF_RunSyst/2023/Skim_TriLep_ZZTo4L_powheg.root
2026-01-16 19:12:26,878 - INFO - [2023] MISSING_FILE: /home/choij/Sync/workspace/ChargedHiggsAnalysisV3/SKNanoOutput/CRPromptSelector/Run3Mu_RunNoWZSF_RunSyst/2023/Skim_TriLep_VBFHToZZTo4L.root
2026-01-16 19:12:26,878 - INFO - [2023] MISSING_FILE: /home/choij/Sync/workspace/ChargedHiggsAnalysisV3/SKNanoOutput/CRPromptSelector/Run3Mu_RunNoWZSF_RunSyst/2023/Skim_TriLep_ggHToZZTo4L.root
2026-01-16 19:12:26,882 - INFO - [2023BPix] MISSING_CENTRAL: WZ3Mu/Central/muons/3/eta in Skim_TriLep_DYJets10to50.root
2026-01-16 19:12:26,883 - INFO - [2023BPix] MISSING_CENTRAL: WZ3Mu/Central/muons/3/eta in Skim_TriLep_TTG_PTG100to200.root
2026-01-16 19:12:26,883 - INFO - [2023BPix] MISSING_CENTRAL: WZ3Mu/Central/muons/3/eta in Skim_TriLep_TTG_PTG200toInf.root
2026-01-16 19:12:26,887 - INFO - [2023BPix] MISSING_FILE: /home/choij/Sync/workspace/ChargedHiggsAnalysisV3/SKNanoOutput/CRPromptSelector/Run3Mu_RunNoWZSF_RunSyst/2023BPix/Skim_TriLep_ZZTo4L_powheg.root
2026-01-16 19:12:26,891 - INFO - [2023BPix] MISSING_FILE: /home/choij/Sync/workspace/ChargedHiggsAnalysisV3/SKNanoOutput/CRPromptSelector/Run3Mu_RunNoWZSF_RunSyst/2023BPix/Skim_TriLep_VBFHToZZTo4L.root
2026-01-16 19:12:26,891 - INFO - [2023BPix] MISSING_FILE: /home/choij/Sync/workspace/ChargedHiggsAnalysisV3/SKNanoOutput/CRPromptSelector/Run3Mu_RunNoWZSF_RunSyst/2023BPix/Skim_TriLep_ggHToZZTo4L.root
2026-01-26 00:45:30,336 - INFO - [2022] MISSING_CENTRAL: WZ3Mu/Central/muons/3/eta in Skim_TriLep_DYJets.root
2026-01-26 00:45:30,337 - INFO - [2022] MISSING_CENTRAL: WZ3Mu/Central/muons/3/eta in Skim_TriLep_DYJets10to50.root
2026-01-26 00:45:30,338 - INFO - [2022] MISSING_CENTRAL: WZ3Mu/Central/muons/3/eta in Skim_TriLep_TTG_PTG10to100.root
2026-01-26 00:45:30,338 - INFO - [2022] MISSING_CENTRAL: WZ3Mu/Central/muons/3/eta in Skim_TriLep_TTG_PTG100to200.root
2026-01-26 00:45:30,339 - INFO - [2022] MISSING_CENTRAL: WZ3Mu/Central/muons/3/eta in Skim_TriLep_TTG_PTG200toInf.root
2026-01-26 00:45:31,017 - INFO - [2022EE] MISSING_CENTRAL: WZ3Mu/Central/muons/3/eta in Skim_TriLep_DYJets.root
2026-01-26 00:45:31,018 - INFO - [2022EE] MISSING_CENTRAL: WZ3Mu/Central/muons/3/eta in Skim_TriLep_DYJets10to50.root
2026-01-26 00:45:31,869 - INFO - [2023] MISSING_CENTRAL: WZ3Mu/Central/muons/3/eta in Skim_TriLep_DYJets10to50.root
2026-01-26 00:45:31,875 - INFO - [2023] MISSING_CENTRAL: WZ3Mu/Central/muons/3/eta in Skim_TriLep_TTG_PTG100to200.root
2026-01-26 00:45:31,876 - INFO - [2023] MISSING_CENTRAL: WZ3Mu/Central/muons/3/eta in Skim_TriLep_TTG_PTG200toInf.root
2026-01-26 00:45:32,638 - INFO - [2023BPix] MISSING_CENTRAL: WZ3Mu/Central/muons/3/eta in Skim_TriLep_DYJets10to50.root
2026-01-26 00:45:32,649 - INFO - [2023BPix] MISSING_CENTRAL: WZ3Mu/Central/muons/3/eta in Skim_TriLep_TTG_PTG100to200.root
2026-01-26 00:45:32,650 - INFO - [2023BPix] MISSING_CENTRAL: WZ3Mu/Central/muons/3/eta in Skim_TriLep_TTG_PTG200toInf.root
2026-01-26 00:45:37,374 - INFO - [2022] MISSING_CENTRAL: WZ3Mu/Central/muons/3/eta in Skim_TriLep_DYJets.root
2026-01-26 00:45:37,379 - INFO - [2022] MISSING_CENTRAL: WZ3Mu/Central/muons/3/eta in Skim_TriLep_DYJets10to50.root
2026-01-26 00:45:37,380 - INFO - [2022] MISSING_CENTRAL: WZ3Mu/Central/muons/3/eta in Skim_TriLep_TTG_PTG10to100.root
2026-01-26 00:45:37,381 - INFO - [2022] MISSING_CENTRAL: WZ3Mu/Central/muons/3/eta in Skim_TriLep_TTG_PTG100to200.root
2026-01-26 00:45:37,382 - INFO - [2022] MISSING_CENTRAL: WZ3Mu/Central/muons/3/eta in Skim_TriLep_TTG_PTG200toInf.root
2026-01-26 00:45:37,399 - INFO - [2022] MISSING_FILE: /data9/Users/choij/Sync/workspace/ChargedHiggsAnalysisV3/SKNanoOutput/PromptAnalyzer/Run3Mu_RunNoWZSF_RunSyst_RunCR_NoTreeMode/2022/Skim_TriLep_ZZTo4L_powheg.root
2026-01-26 00:45:37,407 - INFO - [2022] MISSING_FILE: /data9/Users/choij/Sync/workspace/ChargedHiggsAnalysisV3/SKNanoOutput/PromptAnalyzer/Run3Mu_RunNoWZSF_RunSyst_RunCR_NoTreeMode/2022/Skim_TriLep_VBFHToZZTo4L.root
2026-01-26 00:45:37,407 - INFO - [2022] MISSING_FILE: /data9/Users/choij/Sync/workspace/ChargedHiggsAnalysisV3/SKNanoOutput/PromptAnalyzer/Run3Mu_RunNoWZSF_RunSyst_RunCR_NoTreeMode/2022/Skim_TriLep_ggHToZZTo4L.root
2026-01-26 00:45:37,412 - INFO - [2022EE] MISSING_CENTRAL: WZ3Mu/Central/muons/3/eta in Skim_TriLep_DYJets.root
2026-01-26 00:45:37,413 - INFO - [2022EE] MISSING_CENTRAL: WZ3Mu/Central/muons/3/eta in Skim_TriLep_DYJets10to50.root
2026-01-26 00:45:37,436 - INFO - [2022EE] MISSING_FILE: /data9/Users/choij/Sync/workspace/ChargedHiggsAnalysisV3/SKNanoOutput/PromptAnalyzer/Run3Mu_RunNoWZSF_RunSyst_RunCR_NoTreeMode/2022EE/Skim_TriLep_ZZTo4L_powheg.root
2026-01-26 00:45:37,445 - INFO - [2022EE] MISSING_FILE: /data9/Users/choij/Sync/workspace/ChargedHiggsAnalysisV3/SKNanoOutput/PromptAnalyzer/Run3Mu_RunNoWZSF_RunSyst_RunCR_NoTreeMode/2022EE/Skim_TriLep_VBFHToZZTo4L.root
2026-01-26 00:45:37,446 - INFO - [2022EE] MISSING_FILE: /data9/Users/choij/Sync/workspace/ChargedHiggsAnalysisV3/SKNanoOutput/PromptAnalyzer/Run3Mu_RunNoWZSF_RunSyst_RunCR_NoTreeMode/2022EE/Skim_TriLep_ggHToZZTo4L.root
2026-01-26 00:45:37,457 - INFO - [2023] MISSING_CENTRAL: WZ3Mu/Central/muons/3/eta in Skim_TriLep_DYJets10to50.root
2026-01-26 00:45:37,460 - INFO - [2023] MISSING_CENTRAL: WZ3Mu/Central/muons/3/eta in Skim_TriLep_TTG_PTG100to200.root
2026-01-26 00:45:37,461 - INFO - [2023] MISSING_CENTRAL: WZ3Mu/Central/muons/3/eta in Skim_TriLep_TTG_PTG200toInf.root
2026-01-26 00:45:37,493 - INFO - [2023] MISSING_FILE: /data9/Users/choij/Sync/workspace/ChargedHiggsAnalysisV3/SKNanoOutput/PromptAnalyzer/Run3Mu_RunNoWZSF_RunSyst_RunCR_NoTreeMode/2023/Skim_TriLep_ZZTo4L_powheg.root
2026-01-26 00:45:37,502 - INFO - [2023] MISSING_FILE: /data9/Users/choij/Sync/workspace/ChargedHiggsAnalysisV3/SKNanoOutput/PromptAnalyzer/Run3Mu_RunNoWZSF_RunSyst_RunCR_NoTreeMode/2023/Skim_TriLep_VBFHToZZTo4L.root
2026-01-26 00:45:37,503 - INFO - [2023] MISSING_FILE: /data9/Users/choij/Sync/workspace/ChargedHiggsAnalysisV3/SKNanoOutput/PromptAnalyzer/Run3Mu_RunNoWZSF_RunSyst_RunCR_NoTreeMode/2023/Skim_TriLep_ggHToZZTo4L.root
2026-01-26 00:45:37,510 - INFO - [2023BPix] MISSING_CENTRAL: WZ3Mu/Central/muons/3/eta in Skim_TriLep_DYJets10to50.root
2026-01-26 00:45:37,513 - INFO - [2023BPix] MISSING_CENTRAL: WZ3Mu/Central/muons/3/eta in Skim_TriLep_TTG_PTG100to200.root
2026-01-26 00:45:37,514 - INFO - [2023BPix] MISSING_CENTRAL: WZ3Mu/Central/muons/3/eta in Skim_TriLep_TTG_PTG200toInf.root
2026-01-26 00:45:37,536 - INFO - [2023BPix] MISSING_FILE: /data9/Users/choij/Sync/workspace/ChargedHiggsAnalysisV3/SKNanoOutput/PromptAnalyzer/Run3Mu_RunNoWZSF_RunSyst_RunCR_NoTreeMode/2023BPix/Skim_TriLep_ZZTo4L_powheg.root
2026-01-26 00:45:37,545 - INFO - [2023BPix] MISSING_FILE: /data9/Users/choij/Sync/workspace/ChargedHiggsAnalysisV3/SKNanoOutput/PromptAnalyzer/Run3Mu_RunNoWZSF_RunSyst_RunCR_NoTreeMode/2023BPix/Skim_TriLep_VBFHToZZTo4L.root
2026-01-26 00:45:37,546 - INFO - [2023BPix] MISSING_FILE: /data9/Users/choij/Sync/workspace/ChargedHiggsAnalysisV3/SKNanoOutput/PromptAnalyzer/Run3Mu_RunNoWZSF_RunSyst_RunCR_NoTreeMode/2023BPix/Skim_TriLep_ggHToZZTo4L.root
2026-01-28 15:01:53,578 - INFO - [2022] MISSING_CENTRAL: WZ3Mu/Central/muons/3/eta in Skim_TriLep_DYJets.root
2026-01-28 15:01:53,578 - INFO - [2022] MISSING_CENTRAL: WZ3Mu/Central/muons/3/eta in Skim_TriLep_DYJets10to50.root
2026-01-28 15:01:53,579 - INFO - [2022] MISSING_CENTRAL: WZ3Mu/Central/muons/3/eta in Skim_TriLep_TTG_PTG10to100.root
2026-01-28 15:01:53,579 - INFO - [2022] MISSING_CENTRAL: WZ3Mu/Central/muons/3/eta in Skim_TriLep_TTG_PTG100to200.root
2026-01-28 15:01:53,580 - INFO - [2022] MISSING_CENTRAL: WZ3Mu/Central/muons/3/eta in Skim_TriLep_TTG_PTG200toInf.root
2026-01-28 15:01:53,681 - INFO - [2022EE] MISSING_CENTRAL: WZ3Mu/Central/muons/3/eta in Skim_TriLep_DYJets.root
2026-01-28 15:01:53,682 - INFO - [2022EE] MISSING_CENTRAL: WZ3Mu/Central/muons/3/eta in Skim_TriLep_DYJets10to50.root
2026-01-28 15:01:53,808 - INFO - [2023] MISSING_CENTRAL: WZ3Mu/Central/muons/3/eta in Skim_TriLep_DYJets10to50.root
2026-01-28 15:01:53,814 - INFO - [2023] MISSING_CENTRAL: WZ3Mu/Central/muons/3/eta in Skim_TriLep_TTG_PTG100to200.root
2026-01-28 15:01:53,815 - INFO - [2023] MISSING_CENTRAL: WZ3Mu/Central/muons/3/eta in Skim_TriLep_TTG_PTG200toInf.root
2026-01-28 15:01:53,922 - INFO - [2023BPix] MISSING_CENTRAL: WZ3Mu/Central/muons/3/eta in Skim_TriLep_DYJets10to50.root
2026-01-28 15:01:53,929 - INFO - [2023BPix] MISSING_CENTRAL: WZ3Mu/Central/muons/3/eta in Skim_TriLep_TTG_PTG100to200.root
2026-01-28 15:01:53,929 - INFO - [2023BPix] MISSING_CENTRAL: WZ3Mu/Central/muons/3/eta in Skim_TriLep_TTG_PTG200toInf.root
2026-01-28 15:02:00,018 - INFO - [2022] MISSING_CENTRAL: WZ3Mu/Central/muons/3/eta in Skim_TriLep_DYJets.root
2026-01-28 15:02:00,019 - INFO - [2022] MISSING_CENTRAL: WZ3Mu/Central/muons/3/eta in Skim_TriLep_DYJets10to50.root
2026-01-28 15:02:00,019 - INFO - [2022] MISSING_CENTRAL: WZ3Mu/Central/muons/3/eta in Skim_TriLep_TTG_PTG10to100.root
2026-01-28 15:02:00,020 - INFO - [2022] MISSING_CENTRAL: WZ3Mu/Central/muons/3/eta in Skim_TriLep_TTG_PTG100to200.root
2026-01-28 15:02:00,021 - INFO - [2022] MISSING_CENTRAL: WZ3Mu/Central/muons/3/eta in Skim_TriLep_TTG_PTG200toInf.root
2026-01-28 15:02:00,032 - INFO - [2022] MISSING_FILE: /home/choij/Sync/workspace/ChargedHiggsAnalysisV3/SKNanoOutput/PromptAnalyzer/Run3Mu_RunNoWZSF_RunSyst_RunCR_NoTreeMode/2022/Skim_TriLep_ZZTo4L_powheg.root
2026-01-28 15:02:00,035 - INFO - [2022] MISSING_FILE: /home/choij/Sync/workspace/ChargedHiggsAnalysisV3/SKNanoOutput/PromptAnalyzer/Run3Mu_RunNoWZSF_RunSyst_RunCR_NoTreeMode/2022/Skim_TriLep_VBFHToZZTo4L.root
2026-01-28 15:02:00,035 - INFO - [2022] MISSING_FILE: /home/choij/Sync/workspace/ChargedHiggsAnalysisV3/SKNanoOutput/PromptAnalyzer/Run3Mu_RunNoWZSF_RunSyst_RunCR_NoTreeMode/2022/Skim_TriLep_ggHToZZTo4L.root
2026-01-28 15:02:00,037 - INFO - [2022EE] MISSING_CENTRAL: WZ3Mu/Central/muons/3/eta in Skim_TriLep_DYJets.root
2026-01-28 15:02:00,038 - INFO - [2022EE] MISSING_CENTRAL: WZ3Mu/Central/muons/3/eta in Skim_TriLep_DYJets10to50.root
2026-01-28 15:02:00,045 - INFO - [2022EE] MISSING_FILE: /home/choij/Sync/workspace/ChargedHiggsAnalysisV3/SKNanoOutput/PromptAnalyzer/Run3Mu_RunNoWZSF_RunSyst_RunCR_NoTreeMode/2022EE/Skim_TriLep_ZZTo4L_powheg.root
2026-01-28 15:02:00,048 - INFO - [2022EE] MISSING_FILE: /home/choij/Sync/workspace/ChargedHiggsAnalysisV3/SKNanoOutput/PromptAnalyzer/Run3Mu_RunNoWZSF_RunSyst_RunCR_NoTreeMode/2022EE/Skim_TriLep_VBFHToZZTo4L.root
2026-01-28 15:02:00,048 - INFO - [2022EE] MISSING_FILE: /home/choij/Sync/workspace/ChargedHiggsAnalysisV3/SKNanoOutput/PromptAnalyzer/Run3Mu_RunNoWZSF_RunSyst_RunCR_NoTreeMode/2022EE/Skim_TriLep_ggHToZZTo4L.root
2026-01-28 15:02:00,054 - INFO - [2023] MISSING_CENTRAL: WZ3Mu/Central/muons/3/eta in Skim_TriLep_DYJets10to50.root
2026-01-28 15:02:00,055 - INFO - [2023] MISSING_CENTRAL: WZ3Mu/Central/muons/3/eta in Skim_TriLep_TTG_PTG100to200.root
2026-01-28 15:02:00,056 - INFO - [2023] MISSING_CENTRAL: WZ3Mu/Central/muons/3/eta in Skim_TriLep_TTG_PTG200toInf.root
2026-01-28 15:02:00,060 - INFO - [2023] MISSING_FILE: /home/choij/Sync/workspace/ChargedHiggsAnalysisV3/SKNanoOutput/PromptAnalyzer/Run3Mu_RunNoWZSF_RunSyst_RunCR_NoTreeMode/2023/Skim_TriLep_ZZTo4L_powheg.root
2026-01-28 15:02:00,064 - INFO - [2023] MISSING_FILE: /home/choij/Sync/workspace/ChargedHiggsAnalysisV3/SKNanoOutput/PromptAnalyzer/Run3Mu_RunNoWZSF_RunSyst_RunCR_NoTreeMode/2023/Skim_TriLep_VBFHToZZTo4L.root
2026-01-28 15:02:00,064 - INFO - [2023] MISSING_FILE: /home/choij/Sync/workspace/ChargedHiggsAnalysisV3/SKNanoOutput/PromptAnalyzer/Run3Mu_RunNoWZSF_RunSyst_RunCR_NoTreeMode/2023/Skim_TriLep_ggHToZZTo4L.root
2026-01-28 15:02:00,068 - INFO - [2023BPix] MISSING_CENTRAL: WZ3Mu/Central/muons/3/eta in Skim_TriLep_DYJets10to50.root
2026-01-28 15:02:00,069 - INFO - [2023BPix] MISSING_CENTRAL: WZ3Mu/Central/muons/3/eta in Skim_TriLep_TTG_PTG100to200.root
2026-01-28 15:02:00,069 - INFO - [2023BPix] MISSING_CENTRAL: WZ3Mu/Central/muons/3/eta in Skim_TriLep_TTG_PTG200toInf.root
2026-01-28 15:02:00,073 - INFO - [2023BPix] MISSING_FILE: /home/choij/Sync/workspace/ChargedHiggsAnalysisV3/SKNanoOutput/PromptAnalyzer/Run3Mu_RunNoWZSF_RunSyst_RunCR_NoTreeMode/2023BPix/Skim_TriLep_ZZTo4L_powheg.root
2026-01-28 15:02:00,077 - INFO - [2023BPix] MISSING_FILE: /home/choij/Sync/workspace/ChargedHiggsAnalysisV3/SKNanoOutput/PromptAnalyzer/Run3Mu_RunNoWZSF_RunSyst_RunCR_NoTreeMode/2023BPix/Skim_TriLep_VBFHToZZTo4L.root
2026-01-28 15:02:00,077 - INFO - [2023BPix] MISSING_FILE: /home/choij/Sync/workspace/ChargedHiggsAnalysisV3/SKNanoOutput/PromptAnalyzer/Run3Mu_RunNoWZSF_RunSyst_RunCR_NoTreeMode/2023BPix/Skim_TriLep_ggHToZZTo4L.root
2026-01-28 15:14:28,197 - INFO - [2022] MISSING_CENTRAL: WZ3Mu/Central/muons/3/eta in Skim_TriLep_DYJets.root
2026-01-28 15:14:28,198 - INFO - [2022] MISSING_CENTRAL: WZ3Mu/Central/muons/3/eta in Skim_TriLep_DYJets10to50.root
2026-01-28 15:14:28,198 - INFO - [2022] MISSING_CENTRAL: WZ3Mu/Central/muons/3/eta in Skim_TriLep_TTG_PTG10to100.root
2026-01-28 15:14:28,199 - INFO - [2022] MISSING_CENTRAL: WZ3Mu/Central/muons/3/eta in Skim_TriLep_TTG_PTG100to200.root
2026-01-28 15:14:28,199 - INFO - [2022] MISSING_CENTRAL: WZ3Mu/Central/muons/3/eta in Skim_TriLep_TTG_PTG200toInf.root
2026-01-28 15:14:28,298 - INFO - [2022EE] MISSING_CENTRAL: WZ3Mu/Central/muons/3/eta in Skim_TriLep_DYJets.root
2026-01-28 15:14:28,299 - INFO - [2022EE] MISSING_CENTRAL: WZ3Mu/Central/muons/3/eta in Skim_TriLep_DYJets10to50.root
2026-01-28 15:14:28,421 - INFO - [2023] MISSING_CENTRAL: WZ3Mu/Central/muons/3/eta in Skim_TriLep_DYJets10to50.root
2026-01-28 15:14:28,428 - INFO - [2023] MISSING_CENTRAL: WZ3Mu/Central/muons/3/eta in Skim_TriLep_TTG_PTG100to200.root
2026-01-28 15:14:28,428 - INFO - [2023] MISSING_CENTRAL: WZ3Mu/Central/muons/3/eta in Skim_TriLep_TTG_PTG200toInf.root
2026-01-28 15:14:28,530 - INFO - [2023BPix] MISSING_CENTRAL: WZ3Mu/Central/muons/3/eta in Skim_TriLep_DYJets10to50.root
2026-01-28 15:14:28,537 - INFO - [2023BPix] MISSING_CENTRAL: WZ3Mu/Central/muons/3/eta in Skim_TriLep_TTG_PTG100to200.root
2026-01-28 15:14:28,538 - INFO - [2023BPix] MISSING_CENTRAL: WZ3Mu/Central/muons/3/eta in Skim_TriLep_TTG_PTG200toInf.root
2026-01-28 15:14:34,692 - INFO - [2022] MISSING_CENTRAL: WZ3Mu/Central/muons/3/eta in Skim_TriLep_DYJets.root
2026-01-28 15:14:34,693 - INFO - [2022] MISSING_CENTRAL: WZ3Mu/Central/muons/3/eta in Skim_TriLep_DYJets10to50.root
2026-01-28 15:14:34,693 - INFO - [2022] MISSING_CENTRAL: WZ3Mu/Central/muons/3/eta in Skim_TriLep_TTG_PTG10to100.root
2026-01-28 15:14:34,693 - INFO - [2022] MISSING_CENTRAL: WZ3Mu/Central/muons/3/eta in Skim_TriLep_TTG_PTG100to200.root
2026-01-28 15:14:34,694 - INFO - [2022] MISSING_CENTRAL: WZ3Mu/Central/muons/3/eta in Skim_TriLep_TTG_PTG200toInf.root
2026-01-28 15:14:34,705 - INFO - [2022] MISSING_FILE: /home/choij/Sync/workspace/ChargedHiggsAnalysisV3/SKNanoOutput/PromptAnalyzer/Run3Mu_RunNoWZSF_RunSyst_RunCR_NoTreeMode/2022/Skim_TriLep_ZZTo4L_powheg.root
2026-01-28 15:14:34,709 - INFO - [2022] MISSING_FILE: /home/choij/Sync/workspace/ChargedHiggsAnalysisV3/SKNanoOutput/PromptAnalyzer/Run3Mu_RunNoWZSF_RunSyst_RunCR_NoTreeMode/2022/Skim_TriLep_VBFHToZZTo4L.root
2026-01-28 15:14:34,709 - INFO - [2022] MISSING_FILE: /home/choij/Sync/workspace/ChargedHiggsAnalysisV3/SKNanoOutput/PromptAnalyzer/Run3Mu_RunNoWZSF_RunSyst_RunCR_NoTreeMode/2022/Skim_TriLep_ggHToZZTo4L.root
2026-01-28 15:14:34,711 - INFO - [2022EE] MISSING_CENTRAL: WZ3Mu/Central/muons/3/eta in Skim_TriLep_DYJets.root
2026-01-28 15:14:34,712 - INFO - [2022EE] MISSING_CENTRAL: WZ3Mu/Central/muons/3/eta in Skim_TriLep_DYJets10to50.root
2026-01-28 15:14:34,718 - INFO - [2022EE] MISSING_FILE: /home/choij/Sync/workspace/ChargedHiggsAnalysisV3/SKNanoOutput/PromptAnalyzer/Run3Mu_RunNoWZSF_RunSyst_RunCR_NoTreeMode/2022EE/Skim_TriLep_ZZTo4L_powheg.root
2026-01-28 15:14:34,721 - INFO - [2022EE] MISSING_FILE: /home/choij/Sync/workspace/ChargedHiggsAnalysisV3/SKNanoOutput/PromptAnalyzer/Run3Mu_RunNoWZSF_RunSyst_RunCR_NoTreeMode/2022EE/Skim_TriLep_VBFHToZZTo4L.root
2026-01-28 15:14:34,721 - INFO - [2022EE] MISSING_FILE: /home/choij/Sync/workspace/ChargedHiggsAnalysisV3/SKNanoOutput/PromptAnalyzer/Run3Mu_RunNoWZSF_RunSyst_RunCR_NoTreeMode/2022EE/Skim_TriLep_ggHToZZTo4L.root
2026-01-28 15:14:34,727 - INFO - [2023] MISSING_CENTRAL: WZ3Mu/Central/muons/3/eta in Skim_TriLep_DYJets10to50.root
2026-01-28 15:14:34,728 - INFO - [2023] MISSING_CENTRAL: WZ3Mu/Central/muons/3/eta in Skim_TriLep_TTG_PTG100to200.root
2026-01-28 15:14:34,729 - INFO - [2023] MISSING_CENTRAL: WZ3Mu/Central/muons/3/eta in Skim_TriLep_TTG_PTG200toInf.root
2026-01-28 15:14:34,733 - INFO - [2023] MISSING_FILE: /home/choij/Sync/workspace/ChargedHiggsAnalysisV3/SKNanoOutput/PromptAnalyzer/Run3Mu_RunNoWZSF_RunSyst_RunCR_NoTreeMode/2023/Skim_TriLep_ZZTo4L_powheg.root
2026-01-28 15:14:34,737 - INFO - [2023] MISSING_FILE: /home/choij/Sync/workspace/ChargedHiggsAnalysisV3/SKNanoOutput/PromptAnalyzer/Run3Mu_RunNoWZSF_RunSyst_RunCR_NoTreeMode/2023/Skim_TriLep_VBFHToZZTo4L.root
2026-01-28 15:14:34,737 - INFO - [2023] MISSING_FILE: /home/choij/Sync/workspace/ChargedHiggsAnalysisV3/SKNanoOutput/PromptAnalyzer/Run3Mu_RunNoWZSF_RunSyst_RunCR_NoTreeMode/2023/Skim_TriLep_ggHToZZTo4L.root
2026-01-28 15:14:34,740 - INFO - [2023BPix] MISSING_CENTRAL: WZ3Mu/Central/muons/3/eta in Skim_TriLep_DYJets10to50.root
2026-01-28 15:14:34,741 - INFO - [2023BPix] MISSING_CENTRAL: WZ3Mu/Central/muons/3/eta in Skim_TriLep_TTG_PTG100to200.root
2026-01-28 15:14:34,742 - INFO - [2023BPix] MISSING_CENTRAL: WZ3Mu/Central/muons/3/eta in Skim_TriLep_TTG_PTG200toInf.root
2026-01-28 15:14:34,746 - INFO - [2023BPix] MISSING_FILE: /home/choij/Sync/workspace/ChargedHiggsAnalysisV3/SKNanoOutput/PromptAnalyzer/Run3Mu_RunNoWZSF_RunSyst_RunCR_NoTreeMode/2023BPix/Skim_TriLep_ZZTo4L_powheg.root
2026-01-28 15:14:34,750 - INFO - [2023BPix] MISSING_FILE: /home/choij/Sync/workspace/ChargedHiggsAnalysisV3/SKNanoOutput/PromptAnalyzer/Run3Mu_RunNoWZSF_RunSyst_RunCR_NoTreeMode/2023BPix/Skim_TriLep_VBFHToZZTo4L.root
2026-01-28 15:14:34,750 - INFO - [2023BPix] MISSING_FILE: /home/choij/Sync/workspace/ChargedHiggsAnalysisV3/SKNanoOutput/PromptAnalyzer/Run3Mu_RunNoWZSF_RunSyst_RunCR_NoTreeMode/2023BPix/Skim_TriLep_ggHToZZTo4L.root
2026-01-28 17:09:07,185 - INFO - [2022] MISSING_CENTRAL: WZ3Mu/Central/muons/3/eta in Skim_TriLep_DYJets.root
2026-01-28 17:09:07,186 - INFO - [2022] MISSING_CENTRAL: WZ3Mu/Central/muons/3/eta in Skim_TriLep_DYJets10to50.root
2026-01-28 17:09:07,187 - INFO - [2022] MISSING_CENTRAL: WZ3Mu/Central/muons/3/eta in Skim_TriLep_TTG_PTG10to100.root
2026-01-28 17:09:07,187 - INFO - [2022] MISSING_CENTRAL: WZ3Mu/Central/muons/3/eta in Skim_TriLep_TTG_PTG100to200.root
2026-01-28 17:09:07,188 - INFO - [2022] MISSING_CENTRAL: WZ3Mu/Central/muons/3/eta in Skim_TriLep_TTG_PTG200toInf.root
2026-01-28 17:09:07,294 - INFO - [2022EE] MISSING_CENTRAL: WZ3Mu/Central/muons/3/eta in Skim_TriLep_DYJets.root
2026-01-28 17:09:07,295 - INFO - [2022EE] MISSING_CENTRAL: WZ3Mu/Central/muons/3/eta in Skim_TriLep_DYJets10to50.root
2026-01-28 17:09:07,346 - INFO - [2022EE] MISSING_FILE: /home/choij/Sync/workspace/ChargedHiggsAnalysisV3/SKNanoOutput/PromptAnalyzer/Run3Mu_RunSyst_RunCR_NoTreeMode/2022EE/Skim_TriLep_WZTo3LNu_powheg.root
2026-01-28 17:09:07,453 - INFO - [2023] MISSING_CENTRAL: WZ3Mu/Central/muons/3/eta in Skim_TriLep_DYJets10to50.root
2026-01-28 17:09:07,468 - INFO - [2023] MISSING_CENTRAL: WZ3Mu/Central/muons/3/eta in Skim_TriLep_TTG_PTG100to200.root
2026-01-28 17:09:07,471 - INFO - [2023] MISSING_CENTRAL: WZ3Mu/Central/muons/3/eta in Skim_TriLep_TTG_PTG200toInf.root
2026-01-28 17:09:07,545 - INFO - [2023] MISSING_FILE: /home/choij/Sync/workspace/ChargedHiggsAnalysisV3/SKNanoOutput/PromptAnalyzer/Run3Mu_RunSyst_RunCR_NoTreeMode/2023/Skim_TriLep_WZTo3LNu_powheg.root
2026-01-28 17:09:07,697 - INFO - [2023BPix] MISSING_CENTRAL: WZ3Mu/Central/muons/3/eta in Skim_TriLep_DYJets10to50.root
2026-01-28 17:09:07,705 - INFO - [2023BPix] MISSING_CENTRAL: WZ3Mu/Central/muons/3/eta in Skim_TriLep_TTG_PTG100to200.root
2026-01-28 17:09:07,706 - INFO - [2023BPix] MISSING_CENTRAL: WZ3Mu/Central/muons/3/eta in Skim_TriLep_TTG_PTG200toInf.root
2026-01-28 17:09:14,157 - INFO - [2022] MISSING_CENTRAL: WZ3Mu/Central/muons/3/eta in Skim_TriLep_DYJets.root
2026-01-28 17:09:14,158 - INFO - [2022] MISSING_CENTRAL: WZ3Mu/Central/muons/3/eta in Skim_TriLep_DYJets10to50.root
2026-01-28 17:09:14,158 - INFO - [2022] MISSING_CENTRAL: WZ3Mu/Central/muons/3/eta in Skim_TriLep_TTG_PTG10to100.root
2026-01-28 17:09:14,159 - INFO - [2022] MISSING_CENTRAL: WZ3Mu/Central/muons/3/eta in Skim_TriLep_TTG_PTG100to200.root
2026-01-28 17:09:14,159 - INFO - [2022] MISSING_CENTRAL: WZ3Mu/Central/muons/3/eta in Skim_TriLep_TTG_PTG200toInf.root
2026-01-28 17:09:14,171 - INFO - [2022] MISSING_FILE: /home/choij/Sync/workspace/ChargedHiggsAnalysisV3/SKNanoOutput/PromptAnalyzer/Run3Mu_RunNoWZSF_RunSyst_RunCR_NoTreeMode/2022/Skim_TriLep_ZZTo4L_powheg.root
2026-01-28 17:09:14,175 - INFO - [2022] MISSING_FILE: /home/choij/Sync/workspace/ChargedHiggsAnalysisV3/SKNanoOutput/PromptAnalyzer/Run3Mu_RunNoWZSF_RunSyst_RunCR_NoTreeMode/2022/Skim_TriLep_VBFHToZZTo4L.root
2026-01-28 17:09:14,175 - INFO - [2022] MISSING_FILE: /home/choij/Sync/workspace/ChargedHiggsAnalysisV3/SKNanoOutput/PromptAnalyzer/Run3Mu_RunNoWZSF_RunSyst_RunCR_NoTreeMode/2022/Skim_TriLep_ggHToZZTo4L.root
2026-01-28 17:09:14,177 - INFO - [2022EE] MISSING_CENTRAL: WZ3Mu/Central/muons/3/eta in Skim_TriLep_DYJets.root
2026-01-28 17:09:14,178 - INFO - [2022EE] MISSING_CENTRAL: WZ3Mu/Central/muons/3/eta in Skim_TriLep_DYJets10to50.root
2026-01-28 17:09:14,185 - INFO - [2022EE] MISSING_FILE: /home/choij/Sync/workspace/ChargedHiggsAnalysisV3/SKNanoOutput/PromptAnalyzer/Run3Mu_RunNoWZSF_RunSyst_RunCR_NoTreeMode/2022EE/Skim_TriLep_ZZTo4L_powheg.root
2026-01-28 17:09:14,189 - INFO - [2022EE] MISSING_FILE: /home/choij/Sync/workspace/ChargedHiggsAnalysisV3/SKNanoOutput/PromptAnalyzer/Run3Mu_RunNoWZSF_RunSyst_RunCR_NoTreeMode/2022EE/Skim_TriLep_VBFHToZZTo4L.root
2026-01-28 17:09:14,189 - INFO - [2022EE] MISSING_FILE: /home/choij/Sync/workspace/ChargedHiggsAnalysisV3/SKNanoOutput/PromptAnalyzer/Run3Mu_RunNoWZSF_RunSyst_RunCR_NoTreeMode/2022EE/Skim_TriLep_ggHToZZTo4L.root
2026-01-28 17:09:14,195 - INFO - [2023] MISSING_CENTRAL: WZ3Mu/Central/muons/3/eta in Skim_TriLep_DYJets10to50.root
2026-01-28 17:09:14,196 - INFO - [2023] MISSING_CENTRAL: WZ3Mu/Central/muons/3/eta in Skim_TriLep_TTG_PTG100to200.root
2026-01-28 17:09:14,197 - INFO - [2023] MISSING_CENTRAL: WZ3Mu/Central/muons/3/eta in Skim_TriLep_TTG_PTG200toInf.root
2026-01-28 17:09:14,202 - INFO - [2023] MISSING_FILE: /home/choij/Sync/workspace/ChargedHiggsAnalysisV3/SKNanoOutput/PromptAnalyzer/Run3Mu_RunNoWZSF_RunSyst_RunCR_NoTreeMode/2023/Skim_TriLep_ZZTo4L_powheg.root
2026-01-28 17:09:14,206 - INFO - [2023] MISSING_FILE: /home/choij/Sync/workspace/ChargedHiggsAnalysisV3/SKNanoOutput/PromptAnalyzer/Run3Mu_RunNoWZSF_RunSyst_RunCR_NoTreeMode/2023/Skim_TriLep_VBFHToZZTo4L.root
2026-01-28 17:09:14,206 - INFO - [2023] MISSING_FILE: /home/choij/Sync/workspace/ChargedHiggsAnalysisV3/SKNanoOutput/PromptAnalyzer/Run3Mu_RunNoWZSF_RunSyst_RunCR_NoTreeMode/2023/Skim_TriLep_ggHToZZTo4L.root
2026-01-28 17:09:14,209 - INFO - [2023BPix] MISSING_CENTRAL: WZ3Mu/Central/muons/3/eta in Skim_TriLep_DYJets10to50.root
2026-01-28 17:09:14,211 - INFO - [2023BPix] MISSING_CENTRAL: WZ3Mu/Central/muons/3/eta in Skim_TriLep_TTG_PTG100to200.root
2026-01-28 17:09:14,212 - INFO - [2023BPix] MISSING_CENTRAL: WZ3Mu/Central/muons/3/eta in Skim_TriLep_TTG_PTG200toInf.root
2026-01-28 17:09:14,216 - INFO - [2023BPix] MISSING_FILE: /home/choij/Sync/workspace/ChargedHiggsAnalysisV3/SKNanoOutput/PromptAnalyzer/Run3Mu_RunNoWZSF_RunSyst_RunCR_NoTreeMode/2023BPix/Skim_TriLep_ZZTo4L_powheg.root
2026-01-28 17:09:14,220 - INFO - [2023BPix] MISSING_FILE: /home/choij/Sync/workspace/ChargedHiggsAnalysisV3/SKNanoOutput/PromptAnalyzer/Run3Mu_RunNoWZSF_RunSyst_RunCR_NoTreeMode/2023BPix/Skim_TriLep_VBFHToZZTo4L.root
2026-01-28 17:09:14,220 - INFO - [2023BPix] MISSING_FILE: /home/choij/Sync/workspace/ChargedHiggsAnalysisV3/SKNanoOutput/PromptAnalyzer/Run3Mu_RunNoWZSF_RunSyst_RunCR_NoTreeMode/2023BPix/Skim_TriLep_ggHToZZTo4L.root
2026-01-28 17:29:37,811 - INFO - [2022] MISSING_CENTRAL: WZ3Mu/Central/muons/3/eta in Skim_TriLep_DYJets.root
2026-01-28 17:29:37,812 - INFO - [2022] MISSING_CENTRAL: WZ3Mu/Central/muons/3/eta in Skim_TriLep_DYJets10to50.root
2026-01-28 17:29:37,812 - INFO - [2022] MISSING_CENTRAL: WZ3Mu/Central/muons/3/eta in Skim_TriLep_TTG_PTG10to100.root
2026-01-28 17:29:37,813 - INFO - [2022] MISSING_CENTRAL: WZ3Mu/Central/muons/3/eta in Skim_TriLep_TTG_PTG100to200.root
2026-01-28 17:29:37,813 - INFO - [2022] MISSING_CENTRAL: WZ3Mu/Central/muons/3/eta in Skim_TriLep_TTG_PTG200toInf.root
2026-01-28 17:29:37,918 - INFO - [2022EE] MISSING_CENTRAL: WZ3Mu/Central/muons/3/eta in Skim_TriLep_DYJets.root
2026-01-28 17:29:37,919 - INFO - [2022EE] MISSING_CENTRAL: WZ3Mu/Central/muons/3/eta in Skim_TriLep_DYJets10to50.root
2026-01-28 17:29:37,970 - INFO - [2022EE] MISSING_FILE: /home/choij/Sync/workspace/ChargedHiggsAnalysisV3/SKNanoOutput/PromptAnalyzer/Run3Mu_RunSyst_RunCR_NoTreeMode/2022EE/Skim_TriLep_WZTo3LNu_powheg.root
2026-01-28 17:29:38,052 - INFO - [2023] MISSING_CENTRAL: WZ3Mu/Central/muons/3/eta in Skim_TriLep_DYJets10to50.root
2026-01-28 17:29:38,059 - INFO - [2023] MISSING_CENTRAL: WZ3Mu/Central/muons/3/eta in Skim_TriLep_TTG_PTG100to200.root
2026-01-28 17:29:38,060 - INFO - [2023] MISSING_CENTRAL: WZ3Mu/Central/muons/3/eta in Skim_TriLep_TTG_PTG200toInf.root
2026-01-28 17:29:38,094 - INFO - [2023] MISSING_FILE: /home/choij/Sync/workspace/ChargedHiggsAnalysisV3/SKNanoOutput/PromptAnalyzer/Run3Mu_RunSyst_RunCR_NoTreeMode/2023/Skim_TriLep_WZTo3LNu_powheg.root
2026-01-28 17:29:38,169 - INFO - [2023BPix] MISSING_CENTRAL: WZ3Mu/Central/muons/3/eta in Skim_TriLep_DYJets10to50.root
2026-01-28 17:29:38,177 - INFO - [2023BPix] MISSING_CENTRAL: WZ3Mu/Central/muons/3/eta in Skim_TriLep_TTG_PTG100to200.root
2026-01-28 17:29:38,178 - INFO - [2023BPix] MISSING_CENTRAL: WZ3Mu/Central/muons/3/eta in Skim_TriLep_TTG_PTG200toInf.root
2026-01-28 17:29:44,124 - INFO - [2022] MISSING_CENTRAL: WZ3Mu/Central/muons/3/eta in Skim_TriLep_DYJets.root
2026-01-28 17:29:44,125 - INFO - [2022] MISSING_CENTRAL: WZ3Mu/Central/muons/3/eta in Skim_TriLep_DYJets10to50.root
2026-01-28 17:29:44,125 - INFO - [2022] MISSING_CENTRAL: WZ3Mu/Central/muons/3/eta in Skim_TriLep_TTG_PTG10to100.root
2026-01-28 17:29:44,125 - INFO - [2022] MISSING_CENTRAL: WZ3Mu/Central/muons/3/eta in Skim_TriLep_TTG_PTG100to200.root
2026-01-28 17:29:44,126 - INFO - [2022] MISSING_CENTRAL: WZ3Mu/Central/muons/3/eta in Skim_TriLep_TTG_PTG200toInf.root
2026-01-28 17:29:44,137 - INFO - [2022] MISSING_FILE: /home/choij/Sync/workspace/ChargedHiggsAnalysisV3/SKNanoOutput/PromptAnalyzer/Run3Mu_RunNoWZSF_RunSyst_RunCR_NoTreeMode/2022/Skim_TriLep_ZZTo4L_powheg.root
2026-01-28 17:29:44,140 - INFO - [2022] MISSING_FILE: /home/choij/Sync/workspace/ChargedHiggsAnalysisV3/SKNanoOutput/PromptAnalyzer/Run3Mu_RunNoWZSF_RunSyst_RunCR_NoTreeMode/2022/Skim_TriLep_VBFHToZZTo4L.root
2026-01-28 17:29:44,140 - INFO - [2022] MISSING_FILE: /home/choij/Sync/workspace/ChargedHiggsAnalysisV3/SKNanoOutput/PromptAnalyzer/Run3Mu_RunNoWZSF_RunSyst_RunCR_NoTreeMode/2022/Skim_TriLep_ggHToZZTo4L.root
2026-01-28 17:29:44,142 - INFO - [2022EE] MISSING_CENTRAL: WZ3Mu/Central/muons/3/eta in Skim_TriLep_DYJets.root
2026-01-28 17:29:44,143 - INFO - [2022EE] MISSING_CENTRAL: WZ3Mu/Central/muons/3/eta in Skim_TriLep_DYJets10to50.root
2026-01-28 17:29:44,149 - INFO - [2022EE] MISSING_FILE: /home/choij/Sync/workspace/ChargedHiggsAnalysisV3/SKNanoOutput/PromptAnalyzer/Run3Mu_RunNoWZSF_RunSyst_RunCR_NoTreeMode/2022EE/Skim_TriLep_ZZTo4L_powheg.root
2026-01-28 17:29:44,152 - INFO - [2022EE] MISSING_FILE: /home/choij/Sync/workspace/ChargedHiggsAnalysisV3/SKNanoOutput/PromptAnalyzer/Run3Mu_RunNoWZSF_RunSyst_RunCR_NoTreeMode/2022EE/Skim_TriLep_VBFHToZZTo4L.root
2026-01-28 17:29:44,152 - INFO - [2022EE] MISSING_FILE: /home/choij/Sync/workspace/ChargedHiggsAnalysisV3/SKNanoOutput/PromptAnalyzer/Run3Mu_RunNoWZSF_RunSyst_RunCR_NoTreeMode/2022EE/Skim_TriLep_ggHToZZTo4L.root
2026-01-28 17:29:44,158 - INFO - [2023] MISSING_CENTRAL: WZ3Mu/Central/muons/3/eta in Skim_TriLep_DYJets10to50.root
2026-01-28 17:29:44,159 - INFO - [2023] MISSING_CENTRAL: WZ3Mu/Central/muons/3/eta in Skim_TriLep_TTG_PTG100to200.root
2026-01-28 17:29:44,160 - INFO - [2023] MISSING_CENTRAL: WZ3Mu/Central/muons/3/eta in Skim_TriLep_TTG_PTG200toInf.root
2026-01-28 17:29:44,164 - INFO - [2023] MISSING_FILE: /home/choij/Sync/workspace/ChargedHiggsAnalysisV3/SKNanoOutput/PromptAnalyzer/Run3Mu_RunNoWZSF_RunSyst_RunCR_NoTreeMode/2023/Skim_TriLep_ZZTo4L_powheg.root
2026-01-28 17:29:44,168 - INFO - [2023] MISSING_FILE: /home/choij/Sync/workspace/ChargedHiggsAnalysisV3/SKNanoOutput/PromptAnalyzer/Run3Mu_RunNoWZSF_RunSyst_RunCR_NoTreeMode/2023/Skim_TriLep_VBFHToZZTo4L.root
2026-01-28 17:29:44,168 - INFO - [2023] MISSING_FILE: /home/choij/Sync/workspace/ChargedHiggsAnalysisV3/SKNanoOutput/PromptAnalyzer/Run3Mu_RunNoWZSF_RunSyst_RunCR_NoTreeMode/2023/Skim_TriLep_ggHToZZTo4L.root
2026-01-28 17:29:44,171 - INFO - [2023BPix] MISSING_CENTRAL: WZ3Mu/Central/muons/3/eta in Skim_TriLep_DYJets10to50.root
2026-01-28 17:29:44,172 - INFO - [2023BPix] MISSING_CENTRAL: WZ3Mu/Central/muons/3/eta in Skim_TriLep_TTG_PTG100to200.root
2026-01-28 17:29:44,173 - INFO - [2023BPix] MISSING_CENTRAL: WZ3Mu/Central/muons/3/eta in Skim_TriLep_TTG_PTG200toInf.root
2026-01-28 17:29:44,177 - INFO - [2023BPix] MISSING_FILE: /home/choij/Sync/workspace/ChargedHiggsAnalysisV3/SKNanoOutput/PromptAnalyzer/Run3Mu_RunNoWZSF_RunSyst_RunCR_NoTreeMode/2023BPix/Skim_TriLep_ZZTo4L_powheg.root
2026-01-28 17:29:44,181 - INFO - [2023BPix] MISSING_FILE: /home/choij/Sync/workspace/ChargedHiggsAnalysisV3/SKNanoOutput/PromptAnalyzer/Run3Mu_RunNoWZSF_RunSyst_RunCR_NoTreeMode/2023BPix/Skim_TriLep_VBFHToZZTo4L.root
2026-01-28 17:29:44,181 - INFO - [2023BPix] MISSING_FILE: /home/choij/Sync/workspace/ChargedHiggsAnalysisV3/SKNanoOutput/PromptAnalyzer/Run3Mu_RunNoWZSF_RunSyst_RunCR_NoTreeMode/2023BPix/Skim_TriLep_ggHToZZTo4L.root
2026-01-28 20:03:26,583 - INFO - [2022] MISSING_CENTRAL: WZ3Mu/Central/muons/3/eta in Skim_TriLep_DYJets.root
2026-01-28 20:03:26,583 - INFO - [2022] MISSING_CENTRAL: WZ3Mu/Central/muons/3/eta in Skim_TriLep_DYJets10to50.root
2026-01-28 20:03:26,584 - INFO - [2022] MISSING_CENTRAL: WZ3Mu/Central/muons/3/eta in Skim_TriLep_TTG_PTG10to100.root
2026-01-28 20:03:26,585 - INFO - [2022] MISSING_CENTRAL: WZ3Mu/Central/muons/3/eta in Skim_TriLep_TTG_PTG100to200.root
2026-01-28 20:03:26,585 - INFO - [2022] MISSING_CENTRAL: WZ3Mu/Central/muons/3/eta in Skim_TriLep_TTG_PTG200toInf.root
2026-01-28 20:03:26,714 - INFO - [2022EE] MISSING_CENTRAL: WZ3Mu/Central/muons/3/eta in Skim_TriLep_DYJets.root
2026-01-28 20:03:26,714 - INFO - [2022EE] MISSING_CENTRAL: WZ3Mu/Central/muons/3/eta in Skim_TriLep_DYJets10to50.root
2026-01-28 20:03:26,859 - INFO - [2023] MISSING_CENTRAL: WZ3Mu/Central/muons/3/eta in Skim_TriLep_DYJets10to50.root
2026-01-28 20:03:26,868 - INFO - [2023] MISSING_CENTRAL: WZ3Mu/Central/muons/3/eta in Skim_TriLep_TTG_PTG100to200.root
2026-01-28 20:03:26,869 - INFO - [2023] MISSING_CENTRAL: WZ3Mu/Central/muons/3/eta in Skim_TriLep_TTG_PTG200toInf.root
2026-01-28 20:03:27,000 - INFO - [2023BPix] MISSING_CENTRAL: WZ3Mu/Central/muons/3/eta in Skim_TriLep_DYJets10to50.root
2026-01-28 20:03:27,008 - INFO - [2023BPix] MISSING_CENTRAL: WZ3Mu/Central/muons/3/eta in Skim_TriLep_TTG_PTG100to200.root
2026-01-28 20:03:27,009 - INFO - [2023BPix] MISSING_CENTRAL: WZ3Mu/Central/muons/3/eta in Skim_TriLep_TTG_PTG200toInf.root
2026-01-28 20:03:33,594 - INFO - [2022] MISSING_CENTRAL: WZ3Mu/Central/muons/3/eta in Skim_TriLep_DYJets.root
2026-01-28 20:03:33,594 - INFO - [2022] MISSING_CENTRAL: WZ3Mu/Central/muons/3/eta in Skim_TriLep_DYJets10to50.root
2026-01-28 20:03:33,595 - INFO - [2022] MISSING_CENTRAL: WZ3Mu/Central/muons/3/eta in Skim_TriLep_TTG_PTG10to100.root
2026-01-28 20:03:33,596 - INFO - [2022] MISSING_CENTRAL: WZ3Mu/Central/muons/3/eta in Skim_TriLep_TTG_PTG100to200.root
2026-01-28 20:03:33,596 - INFO - [2022] MISSING_CENTRAL: WZ3Mu/Central/muons/3/eta in Skim_TriLep_TTG_PTG200toInf.root
2026-01-28 20:03:33,623 - INFO - [2022] MISSING_FILE: /home/choij/Sync/workspace/ChargedHiggsAnalysisV3/SKNanoOutput/PromptAnalyzer/Run3Mu_RunNoWZSF_RunSyst_RunCR_NoTreeMode/2022/Skim_TriLep_ZZTo4L_powheg.root
2026-01-28 20:03:33,630 - INFO - [2022] MISSING_FILE: /home/choij/Sync/workspace/ChargedHiggsAnalysisV3/SKNanoOutput/PromptAnalyzer/Run3Mu_RunNoWZSF_RunSyst_RunCR_NoTreeMode/2022/Skim_TriLep_VBFHToZZTo4L.root
2026-01-28 20:03:33,630 - INFO - [2022] MISSING_FILE: /home/choij/Sync/workspace/ChargedHiggsAnalysisV3/SKNanoOutput/PromptAnalyzer/Run3Mu_RunNoWZSF_RunSyst_RunCR_NoTreeMode/2022/Skim_TriLep_ggHToZZTo4L.root
2026-01-28 20:03:33,634 - INFO - [2022EE] MISSING_CENTRAL: WZ3Mu/Central/muons/3/eta in Skim_TriLep_DYJets.root
2026-01-28 20:03:33,637 - INFO - [2022EE] MISSING_CENTRAL: WZ3Mu/Central/muons/3/eta in Skim_TriLep_DYJets10to50.root
2026-01-28 20:03:33,651 - INFO - [2022EE] MISSING_FILE: /home/choij/Sync/workspace/ChargedHiggsAnalysisV3/SKNanoOutput/PromptAnalyzer/Run3Mu_RunNoWZSF_RunSyst_RunCR_NoTreeMode/2022EE/Skim_TriLep_ZZTo4L_powheg.root
2026-01-28 20:03:33,658 - INFO - [2022EE] MISSING_FILE: /home/choij/Sync/workspace/ChargedHiggsAnalysisV3/SKNanoOutput/PromptAnalyzer/Run3Mu_RunNoWZSF_RunSyst_RunCR_NoTreeMode/2022EE/Skim_TriLep_VBFHToZZTo4L.root
2026-01-28 20:03:33,658 - INFO - [2022EE] MISSING_FILE: /home/choij/Sync/workspace/ChargedHiggsAnalysisV3/SKNanoOutput/PromptAnalyzer/Run3Mu_RunNoWZSF_RunSyst_RunCR_NoTreeMode/2022EE/Skim_TriLep_ggHToZZTo4L.root
2026-01-28 20:03:33,670 - INFO - [2023] MISSING_CENTRAL: WZ3Mu/Central/muons/3/eta in Skim_TriLep_DYJets10to50.root
2026-01-28 20:03:33,671 - INFO - [2023] MISSING_CENTRAL: WZ3Mu/Central/muons/3/eta in Skim_TriLep_TTG_PTG100to200.root
2026-01-28 20:03:33,675 - INFO - [2023] MISSING_CENTRAL: WZ3Mu/Central/muons/3/eta in Skim_TriLep_TTG_PTG200toInf.root
2026-01-28 20:03:33,685 - INFO - [2023] MISSING_FILE: /home/choij/Sync/workspace/ChargedHiggsAnalysisV3/SKNanoOutput/PromptAnalyzer/Run3Mu_RunNoWZSF_RunSyst_RunCR_NoTreeMode/2023/Skim_TriLep_ZZTo4L_powheg.root
2026-01-28 20:03:33,693 - INFO - [2023] MISSING_FILE: /home/choij/Sync/workspace/ChargedHiggsAnalysisV3/SKNanoOutput/PromptAnalyzer/Run3Mu_RunNoWZSF_RunSyst_RunCR_NoTreeMode/2023/Skim_TriLep_VBFHToZZTo4L.root
2026-01-28 20:03:33,695 - INFO - [2023] MISSING_FILE: /home/choij/Sync/workspace/ChargedHiggsAnalysisV3/SKNanoOutput/PromptAnalyzer/Run3Mu_RunNoWZSF_RunSyst_RunCR_NoTreeMode/2023/Skim_TriLep_ggHToZZTo4L.root
2026-01-28 20:03:33,699 - INFO - [2023BPix] MISSING_CENTRAL: WZ3Mu/Central/muons/3/eta in Skim_TriLep_DYJets10to50.root
2026-01-28 20:03:33,701 - INFO - [2023BPix] MISSING_CENTRAL: WZ3Mu/Central/muons/3/eta in Skim_TriLep_TTG_PTG100to200.root
2026-01-28 20:03:33,701 - INFO - [2023BPix] MISSING_CENTRAL: WZ3Mu/Central/muons/3/eta in Skim_TriLep_TTG_PTG200toInf.root
2026-01-28 20:03:33,706 - INFO - [2023BPix] MISSING_FILE: /home/choij/Sync/workspace/ChargedHiggsAnalysisV3/SKNanoOutput/PromptAnalyzer/Run3Mu_RunNoWZSF_RunSyst_RunCR_NoTreeMode/2023BPix/Skim_TriLep_ZZTo4L_powheg.root
2026-01-28 20:03:33,709 - INFO - [2023BPix] MISSING_FILE: /home/choij/Sync/workspace/ChargedHiggsAnalysisV3/SKNanoOutput/PromptAnalyzer/Run3Mu_RunNoWZSF_RunSyst_RunCR_NoTreeMode/2023BPix/Skim_TriLep_VBFHToZZTo4L.root
2026-01-28 20:03:33,709 - INFO - [2023BPix] MISSING_FILE: /home/choij/Sync/workspace/ChargedHiggsAnalysisV3/SKNanoOutput/PromptAnalyzer/Run3Mu_RunNoWZSF_RunSyst_RunCR_NoTreeMode/2023BPix/Skim_TriLep_ggHToZZTo4L.root
2026-01-29 07:19:54,749 - INFO - [2022] MISSING_CENTRAL: WZ3Mu/Central/muons/3/eta in Skim_TriLep_DYJets.root
2026-01-29 07:19:54,750 - INFO - [2022] MISSING_CENTRAL: WZ3Mu/Central/muons/3/eta in Skim_TriLep_DYJets10to50.root
2026-01-29 07:19:54,751 - INFO - [2022] MISSING_CENTRAL: WZ3Mu/Central/muons/3/eta in Skim_TriLep_TTG_PTG10to100.root
2026-01-29 07:19:54,751 - INFO - [2022] MISSING_CENTRAL: WZ3Mu/Central/muons/3/eta in Skim_TriLep_TTG_PTG100to200.root
2026-01-29 07:19:54,752 - INFO - [2022] MISSING_CENTRAL: WZ3Mu/Central/muons/3/eta in Skim_TriLep_TTG_PTG200toInf.root
2026-01-29 07:19:54,841 - INFO - [2022EE] MISSING_CENTRAL: WZ3Mu/Central/muons/3/eta in Skim_TriLep_DYJets.root
2026-01-29 07:19:54,841 - INFO - [2022EE] MISSING_CENTRAL: WZ3Mu/Central/muons/3/eta in Skim_TriLep_DYJets10to50.root
2026-01-29 07:19:54,949 - INFO - [2023] MISSING_CENTRAL: WZ3Mu/Central/muons/3/eta in Skim_TriLep_DYJets10to50.root
2026-01-29 07:19:54,956 - INFO - [2023] MISSING_CENTRAL: WZ3Mu/Central/muons/3/eta in Skim_TriLep_TTG_PTG100to200.root
2026-01-29 07:19:54,956 - INFO - [2023] MISSING_CENTRAL: WZ3Mu/Central/muons/3/eta in Skim_TriLep_TTG_PTG200toInf.root
2026-01-29 07:19:55,047 - INFO - [2023BPix] MISSING_CENTRAL: WZ3Mu/Central/muons/3/eta in Skim_TriLep_DYJets10to50.root
2026-01-29 07:19:55,054 - INFO - [2023BPix] MISSING_CENTRAL: WZ3Mu/Central/muons/3/eta in Skim_TriLep_TTG_PTG100to200.root
2026-01-29 07:19:55,054 - INFO - [2023BPix] MISSING_CENTRAL: WZ3Mu/Central/muons/3/eta in Skim_TriLep_TTG_PTG200toInf.root
2026-01-29 07:20:00,538 - INFO - [2022] MISSING_CENTRAL: WZ3Mu/Central/muons/3/eta in Skim_TriLep_DYJets.root
2026-01-29 07:20:00,538 - INFO - [2022] MISSING_CENTRAL: WZ3Mu/Central/muons/3/eta in Skim_TriLep_DYJets10to50.root
2026-01-29 07:20:00,539 - INFO - [2022] MISSING_CENTRAL: WZ3Mu/Central/muons/3/eta in Skim_TriLep_TTG_PTG10to100.root
2026-01-29 07:20:00,539 - INFO - [2022] MISSING_CENTRAL: WZ3Mu/Central/muons/3/eta in Skim_TriLep_TTG_PTG100to200.root
2026-01-29 07:20:00,540 - INFO - [2022] MISSING_CENTRAL: WZ3Mu/Central/muons/3/eta in Skim_TriLep_TTG_PTG200toInf.root
2026-01-29 07:20:00,551 - INFO - [2022] MISSING_FILE: /home/choij/Sync/workspace/ChargedHiggsAnalysisV3/SKNanoOutput/PromptAnalyzer/Run3Mu_RunNoWZSF_RunSyst_RunCR_NoTreeMode/2022/Skim_TriLep_ZZTo4L_powheg.root
2026-01-29 07:20:00,555 - INFO - [2022] MISSING_FILE: /home/choij/Sync/workspace/ChargedHiggsAnalysisV3/SKNanoOutput/PromptAnalyzer/Run3Mu_RunNoWZSF_RunSyst_RunCR_NoTreeMode/2022/Skim_TriLep_VBFHToZZTo4L.root
2026-01-29 07:20:00,555 - INFO - [2022] MISSING_FILE: /home/choij/Sync/workspace/ChargedHiggsAnalysisV3/SKNanoOutput/PromptAnalyzer/Run3Mu_RunNoWZSF_RunSyst_RunCR_NoTreeMode/2022/Skim_TriLep_ggHToZZTo4L.root
2026-01-29 07:20:00,558 - INFO - [2022EE] MISSING_CENTRAL: WZ3Mu/Central/muons/3/eta in Skim_TriLep_DYJets.root
2026-01-29 07:20:00,558 - INFO - [2022EE] MISSING_CENTRAL: WZ3Mu/Central/muons/3/eta in Skim_TriLep_DYJets10to50.root
2026-01-29 07:20:00,565 - INFO - [2022EE] MISSING_FILE: /home/choij/Sync/workspace/ChargedHiggsAnalysisV3/SKNanoOutput/PromptAnalyzer/Run3Mu_RunNoWZSF_RunSyst_RunCR_NoTreeMode/2022EE/Skim_TriLep_ZZTo4L_powheg.root
2026-01-29 07:20:00,569 - INFO - [2022EE] MISSING_FILE: /home/choij/Sync/workspace/ChargedHiggsAnalysisV3/SKNanoOutput/PromptAnalyzer/Run3Mu_RunNoWZSF_RunSyst_RunCR_NoTreeMode/2022EE/Skim_TriLep_VBFHToZZTo4L.root
2026-01-29 07:20:00,569 - INFO - [2022EE] MISSING_FILE: /home/choij/Sync/workspace/ChargedHiggsAnalysisV3/SKNanoOutput/PromptAnalyzer/Run3Mu_RunNoWZSF_RunSyst_RunCR_NoTreeMode/2022EE/Skim_TriLep_ggHToZZTo4L.root
2026-01-29 07:20:00,574 - INFO - [2023] MISSING_CENTRAL: WZ3Mu/Central/muons/3/eta in Skim_TriLep_DYJets10to50.root
2026-01-29 07:20:00,576 - INFO - [2023] MISSING_CENTRAL: WZ3Mu/Central/muons/3/eta in Skim_TriLep_TTG_PTG100to200.root
2026-01-29 07:20:00,576 - INFO - [2023] MISSING_CENTRAL: WZ3Mu/Central/muons/3/eta in Skim_TriLep_TTG_PTG200toInf.root
2026-01-29 07:20:00,582 - INFO - [2023] MISSING_FILE: /home/choij/Sync/workspace/ChargedHiggsAnalysisV3/SKNanoOutput/PromptAnalyzer/Run3Mu_RunNoWZSF_RunSyst_RunCR_NoTreeMode/2023/Skim_TriLep_ZZTo4L_powheg.root
2026-01-29 07:20:00,586 - INFO - [2023] MISSING_FILE: /home/choij/Sync/workspace/ChargedHiggsAnalysisV3/SKNanoOutput/PromptAnalyzer/Run3Mu_RunNoWZSF_RunSyst_RunCR_NoTreeMode/2023/Skim_TriLep_VBFHToZZTo4L.root
2026-01-29 07:20:00,586 - INFO - [2023] MISSING_FILE: /home/choij/Sync/workspace/ChargedHiggsAnalysisV3/SKNanoOutput/PromptAnalyzer/Run3Mu_RunNoWZSF_RunSyst_RunCR_NoTreeMode/2023/Skim_TriLep_ggHToZZTo4L.root
2026-01-29 07:20:00,589 - INFO - [2023BPix] MISSING_CENTRAL: WZ3Mu/Central/muons/3/eta in Skim_TriLep_DYJets10to50.root
2026-01-29 07:20:00,591 - INFO - [2023BPix] MISSING_CENTRAL: WZ3Mu/Central/muons/3/eta in Skim_TriLep_TTG_PTG100to200.root
2026-01-29 07:20:00,592 - INFO - [2023BPix] MISSING_CENTRAL: WZ3Mu/Central/muons/3/eta in Skim_TriLep_TTG_PTG200toInf.root
2026-01-29 07:20:00,595 - INFO - [2023BPix] MISSING_FILE: /home/choij/Sync/workspace/ChargedHiggsAnalysisV3/SKNanoOutput/PromptAnalyzer/Run3Mu_RunNoWZSF_RunSyst_RunCR_NoTreeMode/2023BPix/Skim_TriLep_ZZTo4L_powheg.root
2026-01-29 07:20:00,599 - INFO - [2023BPix] MISSING_FILE: /home/choij/Sync/workspace/ChargedHiggsAnalysisV3/SKNanoOutput/PromptAnalyzer/Run3Mu_RunNoWZSF_RunSyst_RunCR_NoTreeMode/2023BPix/Skim_TriLep_VBFHToZZTo4L.root
2026-01-29 07:20:00,599 - INFO - [2023BPix] MISSING_FILE: /home/choij/Sync/workspace/ChargedHiggsAnalysisV3/SKNanoOutput/PromptAnalyzer/Run3Mu_RunNoWZSF_RunSyst_RunCR_NoTreeMode/2023BPix/Skim_TriLep_ggHToZZTo4L.root
2026-03-02 12:04:06,931 - INFO - [2022] MISSING_CENTRAL: WZ3Mu/Central/muons/3/eta in Skim_TriLep_DYJets.root
2026-03-02 12:04:06,932 - INFO - [2022] MISSING_CENTRAL: WZ3Mu/Central/muons/3/eta in Skim_TriLep_DYJets10to50.root
2026-03-02 12:04:06,932 - INFO - [2022] MISSING_CENTRAL: WZ3Mu/Central/muons/3/eta in Skim_TriLep_TTG_PTG10to100.root
2026-03-02 12:04:06,933 - INFO - [2022] MISSING_CENTRAL: WZ3Mu/Central/muons/3/eta in Skim_TriLep_TTG_PTG100to200.root
2026-03-02 12:04:06,933 - INFO - [2022] MISSING_CENTRAL: WZ3Mu/Central/muons/3/eta in Skim_TriLep_TTG_PTG200toInf.root
2026-03-02 12:04:07,024 - INFO - [2022EE] MISSING_CENTRAL: WZ3Mu/Central/muons/3/eta in Skim_TriLep_DYJets.root
2026-03-02 12:04:07,025 - INFO - [2022EE] MISSING_CENTRAL: WZ3Mu/Central/muons/3/eta in Skim_TriLep_DYJets10to50.root
2026-03-02 12:04:07,142 - INFO - [2023] MISSING_CENTRAL: WZ3Mu/Central/muons/3/eta in Skim_TriLep_DYJets10to50.root
2026-03-02 12:04:07,148 - INFO - [2023] MISSING_CENTRAL: WZ3Mu/Central/muons/3/eta in Skim_TriLep_TTG_PTG100to200.root
2026-03-02 12:04:07,148 - INFO - [2023] MISSING_CENTRAL: WZ3Mu/Central/muons/3/eta in Skim_TriLep_TTG_PTG200toInf.root
2026-03-02 12:04:07,247 - INFO - [2023BPix] MISSING_CENTRAL: WZ3Mu/Central/muons/3/eta in Skim_TriLep_DYJets10to50.root
2026-03-02 12:04:07,254 - INFO - [2023BPix] MISSING_CENTRAL: WZ3Mu/Central/muons/3/eta in Skim_TriLep_TTG_PTG100to200.root
2026-03-02 12:04:07,255 - INFO - [2023BPix] MISSING_CENTRAL: WZ3Mu/Central/muons/3/eta in Skim_TriLep_TTG_PTG200toInf.root
2026-03-02 12:04:12,973 - INFO - [2022] MISSING_CENTRAL: WZ3Mu/Central/muons/3/eta in Skim_TriLep_DYJets.root
2026-03-02 12:04:12,974 - INFO - [2022] MISSING_CENTRAL: WZ3Mu/Central/muons/3/eta in Skim_TriLep_DYJets10to50.root
2026-03-02 12:04:12,974 - INFO - [2022] MISSING_CENTRAL: WZ3Mu/Central/muons/3/eta in Skim_TriLep_TTG_PTG10to100.root
2026-03-02 12:04:12,974 - INFO - [2022] MISSING_CENTRAL: WZ3Mu/Central/muons/3/eta in Skim_TriLep_TTG_PTG100to200.root
2026-03-02 12:04:12,975 - INFO - [2022] MISSING_CENTRAL: WZ3Mu/Central/muons/3/eta in Skim_TriLep_TTG_PTG200toInf.root
2026-03-02 12:04:12,985 - INFO - [2022] MISSING_FILE: /home/choij/Sync/workspace/ChargedHiggsAnalysisV3/SKNanoOutput/PromptAnalyzer/Run3Mu_RunNoWZSF_RunSyst_RunCR_NoTreeMode/2022/Skim_TriLep_ZZTo4L_powheg.root
2026-03-02 12:04:12,988 - INFO - [2022] MISSING_FILE: /home/choij/Sync/workspace/ChargedHiggsAnalysisV3/SKNanoOutput/PromptAnalyzer/Run3Mu_RunNoWZSF_RunSyst_RunCR_NoTreeMode/2022/Skim_TriLep_VBFHToZZTo4L.root
2026-03-02 12:04:12,989 - INFO - [2022] MISSING_FILE: /home/choij/Sync/workspace/ChargedHiggsAnalysisV3/SKNanoOutput/PromptAnalyzer/Run3Mu_RunNoWZSF_RunSyst_RunCR_NoTreeMode/2022/Skim_TriLep_ggHToZZTo4L.root
2026-03-02 12:04:12,991 - INFO - [2022EE] MISSING_CENTRAL: WZ3Mu/Central/muons/3/eta in Skim_TriLep_DYJets.root
2026-03-02 12:04:12,991 - INFO - [2022EE] MISSING_CENTRAL: WZ3Mu/Central/muons/3/eta in Skim_TriLep_DYJets10to50.root
2026-03-02 12:04:12,997 - INFO - [2022EE] MISSING_FILE: /home/choij/Sync/workspace/ChargedHiggsAnalysisV3/SKNanoOutput/PromptAnalyzer/Run3Mu_RunNoWZSF_RunSyst_RunCR_NoTreeMode/2022EE/Skim_TriLep_ZZTo4L_powheg.root
2026-03-02 12:04:13,000 - INFO - [2022EE] MISSING_FILE: /home/choij/Sync/workspace/ChargedHiggsAnalysisV3/SKNanoOutput/PromptAnalyzer/Run3Mu_RunNoWZSF_RunSyst_RunCR_NoTreeMode/2022EE/Skim_TriLep_VBFHToZZTo4L.root
2026-03-02 12:04:13,000 - INFO - [2022EE] MISSING_FILE: /home/choij/Sync/workspace/ChargedHiggsAnalysisV3/SKNanoOutput/PromptAnalyzer/Run3Mu_RunNoWZSF_RunSyst_RunCR_NoTreeMode/2022EE/Skim_TriLep_ggHToZZTo4L.root
2026-03-02 12:04:13,005 - INFO - [2023] MISSING_CENTRAL: WZ3Mu/Central/muons/3/eta in Skim_TriLep_DYJets10to50.root
2026-03-02 12:04:13,006 - INFO - [2023] MISSING_CENTRAL: WZ3Mu/Central/muons/3/eta in Skim_TriLep_TTG_PTG100to200.root
2026-03-02 12:04:13,007 - INFO - [2023] MISSING_CENTRAL: WZ3Mu/Central/muons/3/eta in Skim_TriLep_TTG_PTG200toInf.root
2026-03-02 12:04:13,011 - INFO - [2023] MISSING_FILE: /home/choij/Sync/workspace/ChargedHiggsAnalysisV3/SKNanoOutput/PromptAnalyzer/Run3Mu_RunNoWZSF_RunSyst_RunCR_NoTreeMode/2023/Skim_TriLep_ZZTo4L_powheg.root
2026-03-02 12:04:13,014 - INFO - [2023] MISSING_FILE: /home/choij/Sync/workspace/ChargedHiggsAnalysisV3/SKNanoOutput/PromptAnalyzer/Run3Mu_RunNoWZSF_RunSyst_RunCR_NoTreeMode/2023/Skim_TriLep_VBFHToZZTo4L.root
2026-03-02 12:04:13,014 - INFO - [2023] MISSING_FILE: /home/choij/Sync/workspace/ChargedHiggsAnalysisV3/SKNanoOutput/PromptAnalyzer/Run3Mu_RunNoWZSF_RunSyst_RunCR_NoTreeMode/2023/Skim_TriLep_ggHToZZTo4L.root
2026-03-02 12:04:13,017 - INFO - [2023BPix] MISSING_CENTRAL: WZ3Mu/Central/muons/3/eta in Skim_TriLep_DYJets10to50.root
2026-03-02 12:04:13,018 - INFO - [2023BPix] MISSING_CENTRAL: WZ3Mu/Central/muons/3/eta in Skim_TriLep_TTG_PTG100to200.root
2026-03-02 12:04:13,019 - INFO - [2023BPix] MISSING_CENTRAL: WZ3Mu/Central/muons/3/eta in Skim_TriLep_TTG_PTG200toInf.root
2026-03-02 12:04:13,023 - INFO - [2023BPix] MISSING_FILE: /home/choij/Sync/workspace/ChargedHiggsAnalysisV3/SKNanoOutput/PromptAnalyzer/Run3Mu_RunNoWZSF_RunSyst_RunCR_NoTreeMode/2023BPix/Skim_TriLep_ZZTo4L_powheg.root
2026-03-02 12:04:13,026 - INFO - [2023BPix] MISSING_FILE: /home/choij/Sync/workspace/ChargedHiggsAnalysisV3/SKNanoOutput/PromptAnalyzer/Run3Mu_RunNoWZSF_RunSyst_RunCR_NoTreeMode/2023BPix/Skim_TriLep_VBFHToZZTo4L.root
2026-03-02 12:04:13,026 - INFO - [2023BPix] MISSING_FILE: /home/choij/Sync/workspace/ChargedHiggsAnalysisV3/SKNanoOutput/PromptAnalyzer/Run3Mu_RunNoWZSF_RunSyst_RunCR_NoTreeMode/2023BPix/Skim_TriLep_ggHToZZTo4L.root
2026-04-10 20:16:05,150 - INFO - [2022] MISSING_CENTRAL: WZ3Mu/Central/muons/3/eta in Skim_TriLep_DYJets.root
2026-04-10 20:16:05,150 - INFO - [2022] MISSING_CENTRAL: WZ3Mu/Central/muons/3/eta in Skim_TriLep_DYJets10to50.root
2026-04-10 20:16:05,151 - INFO - [2022] MISSING_CENTRAL: WZ3Mu/Central/muons/3/eta in Skim_TriLep_TTG_PTG10to100.root
2026-04-10 20:16:05,151 - INFO - [2022] MISSING_CENTRAL: WZ3Mu/Central/muons/3/eta in Skim_TriLep_TTG_PTG100to200.root
2026-04-10 20:16:05,151 - INFO - [2022] MISSING_CENTRAL: WZ3Mu/Central/muons/3/eta in Skim_TriLep_TTG_PTG200toInf.root
2026-04-10 20:16:05,242 - INFO - [2022EE] MISSING_CENTRAL: WZ3Mu/Central/muons/3/eta in Skim_TriLep_DYJets.root
2026-04-10 20:16:05,243 - INFO - [2022EE] MISSING_CENTRAL: WZ3Mu/Central/muons/3/eta in Skim_TriLep_DYJets10to50.root
2026-04-10 20:16:05,357 - INFO - [2023] MISSING_CENTRAL: WZ3Mu/Central/muons/3/eta in Skim_TriLep_DYJets10to50.root
2026-04-10 20:16:05,363 - INFO - [2023] MISSING_CENTRAL: WZ3Mu/Central/muons/3/eta in Skim_TriLep_TTG_PTG100to200.root
2026-04-10 20:16:05,364 - INFO - [2023] MISSING_CENTRAL: WZ3Mu/Central/muons/3/eta in Skim_TriLep_TTG_PTG200toInf.root
2026-04-10 20:16:05,462 - INFO - [2023BPix] MISSING_CENTRAL: WZ3Mu/Central/muons/3/eta in Skim_TriLep_DYJets10to50.root
2026-04-10 20:16:05,469 - INFO - [2023BPix] MISSING_CENTRAL: WZ3Mu/Central/muons/3/eta in Skim_TriLep_TTG_PTG100to200.root
2026-04-10 20:16:05,469 - INFO - [2023BPix] MISSING_CENTRAL: WZ3Mu/Central/muons/3/eta in Skim_TriLep_TTG_PTG200toInf.root
2026-04-10 20:16:10,754 - INFO - [2022] MISSING_CENTRAL: WZ3Mu/Central/muons/3/eta in Skim_TriLep_DYJets.root
2026-04-10 20:16:10,754 - INFO - [2022] MISSING_CENTRAL: WZ3Mu/Central/muons/3/eta in Skim_TriLep_DYJets10to50.root
2026-04-10 20:16:10,755 - INFO - [2022] MISSING_CENTRAL: WZ3Mu/Central/muons/3/eta in Skim_TriLep_TTG_PTG10to100.root
2026-04-10 20:16:10,755 - INFO - [2022] MISSING_CENTRAL: WZ3Mu/Central/muons/3/eta in Skim_TriLep_TTG_PTG100to200.root
2026-04-10 20:16:10,756 - INFO - [2022] MISSING_CENTRAL: WZ3Mu/Central/muons/3/eta in Skim_TriLep_TTG_PTG200toInf.root
2026-04-10 20:16:10,767 - INFO - [2022] MISSING_FILE: /home/choij/Sync/workspace/ChargedHiggsAnalysisV3/SKNanoOutput/PromptAnalyzer/Run3Mu_RunNoWZSF_RunSyst_RunCR_NoTreeMode/2022/Skim_TriLep_ZZTo4L_powheg.root
2026-04-10 20:16:10,770 - INFO - [2022] MISSING_FILE: /home/choij/Sync/workspace/ChargedHiggsAnalysisV3/SKNanoOutput/PromptAnalyzer/Run3Mu_RunNoWZSF_RunSyst_RunCR_NoTreeMode/2022/Skim_TriLep_VBFHToZZTo4L.root
2026-04-10 20:16:10,770 - INFO - [2022] MISSING_FILE: /home/choij/Sync/workspace/ChargedHiggsAnalysisV3/SKNanoOutput/PromptAnalyzer/Run3Mu_RunNoWZSF_RunSyst_RunCR_NoTreeMode/2022/Skim_TriLep_ggHToZZTo4L.root
2026-04-10 20:16:10,773 - INFO - [2022EE] MISSING_CENTRAL: WZ3Mu/Central/muons/3/eta in Skim_TriLep_DYJets.root
2026-04-10 20:16:10,773 - INFO - [2022EE] MISSING_CENTRAL: WZ3Mu/Central/muons/3/eta in Skim_TriLep_DYJets10to50.root
2026-04-10 20:16:10,779 - INFO - [2022EE] MISSING_FILE: /home/choij/Sync/workspace/ChargedHiggsAnalysisV3/SKNanoOutput/PromptAnalyzer/Run3Mu_RunNoWZSF_RunSyst_RunCR_NoTreeMode/2022EE/Skim_TriLep_ZZTo4L_powheg.root
2026-04-10 20:16:10,782 - INFO - [2022EE] MISSING_FILE: /home/choij/Sync/workspace/ChargedHiggsAnalysisV3/SKNanoOutput/PromptAnalyzer/Run3Mu_RunNoWZSF_RunSyst_RunCR_NoTreeMode/2022EE/Skim_TriLep_VBFHToZZTo4L.root
2026-04-10 20:16:10,782 - INFO - [2022EE] MISSING_FILE: /home/choij/Sync/workspace/ChargedHiggsAnalysisV3/SKNanoOutput/PromptAnalyzer/Run3Mu_RunNoWZSF_RunSyst_RunCR_NoTreeMode/2022EE/Skim_TriLep_ggHToZZTo4L.root
2026-04-10 20:16:10,788 - INFO - [2023] MISSING_CENTRAL: WZ3Mu/Central/muons/3/eta in Skim_TriLep_DYJets10to50.root
2026-04-10 20:16:10,789 - INFO - [2023] MISSING_CENTRAL: WZ3Mu/Central/muons/3/eta in Skim_TriLep_TTG_PTG100to200.root
2026-04-10 20:16:10,789 - INFO - [2023] MISSING_CENTRAL: WZ3Mu/Central/muons/3/eta in Skim_TriLep_TTG_PTG200toInf.root
2026-04-10 20:16:10,793 - INFO - [2023] MISSING_FILE: /home/choij/Sync/workspace/ChargedHiggsAnalysisV3/SKNanoOutput/PromptAnalyzer/Run3Mu_RunNoWZSF_RunSyst_RunCR_NoTreeMode/2023/Skim_TriLep_ZZTo4L_powheg.root
2026-04-10 20:16:10,796 - INFO - [2023] MISSING_FILE: /home/choij/Sync/workspace/ChargedHiggsAnalysisV3/SKNanoOutput/PromptAnalyzer/Run3Mu_RunNoWZSF_RunSyst_RunCR_NoTreeMode/2023/Skim_TriLep_VBFHToZZTo4L.root
2026-04-10 20:16:10,796 - INFO - [2023] MISSING_FILE: /home/choij/Sync/workspace/ChargedHiggsAnalysisV3/SKNanoOutput/PromptAnalyzer/Run3Mu_RunNoWZSF_RunSyst_RunCR_NoTreeMode/2023/Skim_TriLep_ggHToZZTo4L.root
2026-04-10 20:16:10,800 - INFO - [2023BPix] MISSING_CENTRAL: WZ3Mu/Central/muons/3/eta in Skim_TriLep_DYJets10to50.root
2026-04-10 20:16:10,801 - INFO - [2023BPix] MISSING_CENTRAL: WZ3Mu/Central/muons/3/eta in Skim_TriLep_TTG_PTG100to200.root
2026-04-10 20:16:10,801 - INFO - [2023BPix] MISSING_CENTRAL: WZ3Mu/Central/muons/3/eta in Skim_TriLep_TTG_PTG200toInf.root
2026-04-10 20:16:10,805 - INFO - [2023BPix] MISSING_FILE: /home/choij/Sync/workspace/ChargedHiggsAnalysisV3/SKNanoOutput/PromptAnalyzer/Run3Mu_RunNoWZSF_RunSyst_RunCR_NoTreeMode/2023BPix/Skim_TriLep_ZZTo4L_powheg.root
2026-04-10 20:16:10,809 - INFO - [2023BPix] MISSING_FILE: /home/choij/Sync/workspace/ChargedHiggsAnalysisV3/SKNanoOutput/PromptAnalyzer/Run3Mu_RunNoWZSF_RunSyst_RunCR_NoTreeMode/2023BPix/Skim_TriLep_VBFHToZZTo4L.root
2026-04-10 20:16:10,809 - INFO - [2023BPix] MISSING_FILE: /home/choij/Sync/workspace/ChargedHiggsAnalysisV3/SKNanoOutput/PromptAnalyzer/Run3Mu_RunNoWZSF_RunSyst_RunCR_NoTreeMode/2023BPix/Skim_TriLep_ggHToZZTo4L.root
2026-04-12 11:30:57,596 - INFO - [2022] MISSING_CENTRAL: WZ3Mu/Central/muons/3/eta in Skim_TriLep_DYJets.root
2026-04-12 11:30:57,597 - INFO - [2022] MISSING_CENTRAL: WZ3Mu/Central/muons/3/eta in Skim_TriLep_DYJets10to50.root
2026-04-12 11:30:57,597 - INFO - [2022] MISSING_CENTRAL: WZ3Mu/Central/muons/3/eta in Skim_TriLep_TTG_PTG10to100.root
2026-04-12 11:30:57,598 - INFO - [2022] MISSING_CENTRAL: WZ3Mu/Central/muons/3/eta in Skim_TriLep_TTG_PTG100to200.root
2026-04-12 11:30:57,598 - INFO - [2022] MISSING_CENTRAL: WZ3Mu/Central/muons/3/eta in Skim_TriLep_TTG_PTG200toInf.root
2026-04-12 11:30:57,695 - INFO - [2022EE] MISSING_CENTRAL: WZ3Mu/Central/muons/3/eta in Skim_TriLep_DYJets.root
2026-04-12 11:30:57,695 - INFO - [2022EE] MISSING_CENTRAL: WZ3Mu/Central/muons/3/eta in Skim_TriLep_DYJets10to50.root
2026-04-12 11:30:57,815 - INFO - [2023] MISSING_CENTRAL: WZ3Mu/Central/muons/3/eta in Skim_TriLep_DYJets10to50.root
2026-04-12 11:30:57,822 - INFO - [2023] MISSING_CENTRAL: WZ3Mu/Central/muons/3/eta in Skim_TriLep_TTG_PTG100to200.root
2026-04-12 11:30:57,822 - INFO - [2023] MISSING_CENTRAL: WZ3Mu/Central/muons/3/eta in Skim_TriLep_TTG_PTG200toInf.root
2026-04-12 11:30:57,918 - INFO - [2023BPix] MISSING_CENTRAL: WZ3Mu/Central/muons/3/eta in Skim_TriLep_DYJets10to50.root
2026-04-12 11:30:57,925 - INFO - [2023BPix] MISSING_CENTRAL: WZ3Mu/Central/muons/3/eta in Skim_TriLep_TTG_PTG100to200.root
2026-04-12 11:30:57,925 - INFO - [2023BPix] MISSING_CENTRAL: WZ3Mu/Central/muons/3/eta in Skim_TriLep_TTG_PTG200toInf.root
2026-04-12 11:31:03,289 - INFO - [2022] MISSING_CENTRAL: WZ3Mu/Central/muons/3/eta in Skim_TriLep_DYJets.root
2026-04-12 11:31:03,289 - INFO - [2022] MISSING_CENTRAL: WZ3Mu/Central/muons/3/eta in Skim_TriLep_DYJets10to50.root
2026-04-12 11:31:03,290 - INFO - [2022] MISSING_CENTRAL: WZ3Mu/Central/muons/3/eta in Skim_TriLep_TTG_PTG10to100.root
2026-04-12 11:31:03,290 - INFO - [2022] MISSING_CENTRAL: WZ3Mu/Central/muons/3/eta in Skim_TriLep_TTG_PTG100to200.root
2026-04-12 11:31:03,291 - INFO - [2022] MISSING_CENTRAL: WZ3Mu/Central/muons/3/eta in Skim_TriLep_TTG_PTG200toInf.root
2026-04-12 11:31:03,302 - INFO - [2022] MISSING_FILE: /home/choij/Sync/workspace/ChargedHiggsAnalysisV3/SKNanoOutput/PromptAnalyzer/Run3Mu_RunNoWZSF_RunSyst_RunCR_NoTreeMode/2022/Skim_TriLep_ZZTo4L_powheg.root
2026-04-12 11:31:03,305 - INFO - [2022] MISSING_FILE: /home/choij/Sync/workspace/ChargedHiggsAnalysisV3/SKNanoOutput/PromptAnalyzer/Run3Mu_RunNoWZSF_RunSyst_RunCR_NoTreeMode/2022/Skim_TriLep_VBFHToZZTo4L.root
2026-04-12 11:31:03,305 - INFO - [2022] MISSING_FILE: /home/choij/Sync/workspace/ChargedHiggsAnalysisV3/SKNanoOutput/PromptAnalyzer/Run3Mu_RunNoWZSF_RunSyst_RunCR_NoTreeMode/2022/Skim_TriLep_ggHToZZTo4L.root
2026-04-12 11:31:03,307 - INFO - [2022EE] MISSING_CENTRAL: WZ3Mu/Central/muons/3/eta in Skim_TriLep_DYJets.root
2026-04-12 11:31:03,307 - INFO - [2022EE] MISSING_CENTRAL: WZ3Mu/Central/muons/3/eta in Skim_TriLep_DYJets10to50.root
2026-04-12 11:31:03,313 - INFO - [2022EE] MISSING_FILE: /home/choij/Sync/workspace/ChargedHiggsAnalysisV3/SKNanoOutput/PromptAnalyzer/Run3Mu_RunNoWZSF_RunSyst_RunCR_NoTreeMode/2022EE/Skim_TriLep_ZZTo4L_powheg.root
2026-04-12 11:31:03,316 - INFO - [2022EE] MISSING_FILE: /home/choij/Sync/workspace/ChargedHiggsAnalysisV3/SKNanoOutput/PromptAnalyzer/Run3Mu_RunNoWZSF_RunSyst_RunCR_NoTreeMode/2022EE/Skim_TriLep_VBFHToZZTo4L.root
2026-04-12 11:31:03,316 - INFO - [2022EE] MISSING_FILE: /home/choij/Sync/workspace/ChargedHiggsAnalysisV3/SKNanoOutput/PromptAnalyzer/Run3Mu_RunNoWZSF_RunSyst_RunCR_NoTreeMode/2022EE/Skim_TriLep_ggHToZZTo4L.root
2026-04-12 11:31:03,322 - INFO - [2023] MISSING_CENTRAL: WZ3Mu/Central/muons/3/eta in Skim_TriLep_DYJets10to50.root
2026-04-12 11:31:03,323 - INFO - [2023] MISSING_CENTRAL: WZ3Mu/Central/muons/3/eta in Skim_TriLep_TTG_PTG100to200.root
2026-04-12 11:31:03,323 - INFO - [2023] MISSING_CENTRAL: WZ3Mu/Central/muons/3/eta in Skim_TriLep_TTG_PTG200toInf.root
2026-04-12 11:31:03,327 - INFO - [2023] MISSING_FILE: /home/choij/Sync/workspace/ChargedHiggsAnalysisV3/SKNanoOutput/PromptAnalyzer/Run3Mu_RunNoWZSF_RunSyst_RunCR_NoTreeMode/2023/Skim_TriLep_ZZTo4L_powheg.root
2026-04-12 11:31:03,331 - INFO - [2023] MISSING_FILE: /home/choij/Sync/workspace/ChargedHiggsAnalysisV3/SKNanoOutput/PromptAnalyzer/Run3Mu_RunNoWZSF_RunSyst_RunCR_NoTreeMode/2023/Skim_TriLep_VBFHToZZTo4L.root
2026-04-12 11:31:03,331 - INFO - [2023] MISSING_FILE: /home/choij/Sync/workspace/ChargedHiggsAnalysisV3/SKNanoOutput/PromptAnalyzer/Run3Mu_RunNoWZSF_RunSyst_RunCR_NoTreeMode/2023/Skim_TriLep_ggHToZZTo4L.root
2026-04-12 11:31:03,334 - INFO - [2023BPix] MISSING_CENTRAL: WZ3Mu/Central/muons/3/eta in Skim_TriLep_DYJets10to50.root
2026-04-12 11:31:03,335 - INFO - [2023BPix] MISSING_CENTRAL: WZ3Mu/Central/muons/3/eta in Skim_TriLep_TTG_PTG100to200.root
2026-04-12 11:31:03,335 - INFO - [2023BPix] MISSING_CENTRAL: WZ3Mu/Central/muons/3/eta in Skim_TriLep_TTG_PTG200toInf.root
2026-04-12 11:31:03,339 - INFO - [2023BPix] MISSING_FILE: /home/choij/Sync/workspace/ChargedHiggsAnalysisV3/SKNanoOutput/PromptAnalyzer/Run3Mu_RunNoWZSF_RunSyst_RunCR_NoTreeMode/2023BPix/Skim_TriLep_ZZTo4L_powheg.root
2026-04-12 11:31:03,343 - INFO - [2023BPix] MISSING_FILE: /home/choij/Sync/workspace/ChargedHiggsAnalysisV3/SKNanoOutput/PromptAnalyzer/Run3Mu_RunNoWZSF_RunSyst_RunCR_NoTreeMode/2023BPix/Skim_TriLep_VBFHToZZTo4L.root
2026-04-12 11:31:03,343 - INFO - [2023BPix] MISSING_FILE: /home/choij/Sync/workspace/ChargedHiggsAnalysisV3/SKNanoOutput/PromptAnalyzer/Run3Mu_RunNoWZSF_RunSyst_RunCR_NoTreeMode/2023BPix/Skim_TriLep_ggHToZZTo4L.root
2026-04-12 12:13:21,277 - INFO - [2022] MISSING_CENTRAL: WZ3Mu/Central/muons/3/eta in Skim_TriLep_DYJets.root
2026-04-12 12:13:21,278 - INFO - [2022] MISSING_CENTRAL: WZ3Mu/Central/muons/3/eta in Skim_TriLep_DYJets10to50.root
2026-04-12 12:13:21,279 - INFO - [2022] MISSING_CENTRAL: WZ3Mu/Central/muons/3/eta in Skim_TriLep_TTG_PTG10to100.root
2026-04-12 12:13:21,279 - INFO - [2022] MISSING_CENTRAL: WZ3Mu/Central/muons/3/eta in Skim_TriLep_TTG_PTG100to200.root
2026-04-12 12:13:21,280 - INFO - [2022] MISSING_CENTRAL: WZ3Mu/Central/muons/3/eta in Skim_TriLep_TTG_PTG200toInf.root
2026-04-12 12:13:21,376 - INFO - [2022EE] MISSING_CENTRAL: WZ3Mu/Central/muons/3/eta in Skim_TriLep_DYJets.root
2026-04-12 12:13:21,376 - INFO - [2022EE] MISSING_CENTRAL: WZ3Mu/Central/muons/3/eta in Skim_TriLep_DYJets10to50.root
2026-04-12 12:13:21,512 - INFO - [2023] MISSING_CENTRAL: WZ3Mu/Central/muons/3/eta in Skim_TriLep_DYJets10to50.root
2026-04-12 12:13:21,525 - INFO - [2023] MISSING_CENTRAL: WZ3Mu/Central/muons/3/eta in Skim_TriLep_TTG_PTG100to200.root
2026-04-12 12:13:21,525 - INFO - [2023] MISSING_CENTRAL: WZ3Mu/Central/muons/3/eta in Skim_TriLep_TTG_PTG200toInf.root
2026-04-12 12:13:21,623 - INFO - [2023BPix] MISSING_CENTRAL: WZ3Mu/Central/muons/3/eta in Skim_TriLep_DYJets10to50.root
2026-04-12 12:13:21,629 - INFO - [2023BPix] MISSING_CENTRAL: WZ3Mu/Central/muons/3/eta in Skim_TriLep_TTG_PTG100to200.root
2026-04-12 12:13:21,630 - INFO - [2023BPix] MISSING_CENTRAL: WZ3Mu/Central/muons/3/eta in Skim_TriLep_TTG_PTG200toInf.root
2026-04-12 12:13:26,941 - INFO - [2022] MISSING_CENTRAL: WZ3Mu/Central/muons/3/eta in Skim_TriLep_DYJets.root
2026-04-12 12:13:26,941 - INFO - [2022] MISSING_CENTRAL: WZ3Mu/Central/muons/3/eta in Skim_TriLep_DYJets10to50.root
2026-04-12 12:13:26,942 - INFO - [2022] MISSING_CENTRAL: WZ3Mu/Central/muons/3/eta in Skim_TriLep_TTG_PTG10to100.root
2026-04-12 12:13:26,942 - INFO - [2022] MISSING_CENTRAL: WZ3Mu/Central/muons/3/eta in Skim_TriLep_TTG_PTG100to200.root
2026-04-12 12:13:26,942 - INFO - [2022] MISSING_CENTRAL: WZ3Mu/Central/muons/3/eta in Skim_TriLep_TTG_PTG200toInf.root
2026-04-12 12:13:26,954 - INFO - [2022] MISSING_FILE: /home/choij/Sync/workspace/ChargedHiggsAnalysisV3/SKNanoOutput/PromptAnalyzer/Run3Mu_RunNoWZSF_RunSyst_RunCR_NoTreeMode/2022/Skim_TriLep_ZZTo4L_powheg.root
2026-04-12 12:13:26,958 - INFO - [2022] MISSING_FILE: /home/choij/Sync/workspace/ChargedHiggsAnalysisV3/SKNanoOutput/PromptAnalyzer/Run3Mu_RunNoWZSF_RunSyst_RunCR_NoTreeMode/2022/Skim_TriLep_VBFHToZZTo4L.root
2026-04-12 12:13:26,958 - INFO - [2022] MISSING_FILE: /home/choij/Sync/workspace/ChargedHiggsAnalysisV3/SKNanoOutput/PromptAnalyzer/Run3Mu_RunNoWZSF_RunSyst_RunCR_NoTreeMode/2022/Skim_TriLep_ggHToZZTo4L.root
2026-04-12 12:13:26,962 - INFO - [2022EE] MISSING_CENTRAL: WZ3Mu/Central/muons/3/eta in Skim_TriLep_DYJets.root
2026-04-12 12:13:26,962 - INFO - [2022EE] MISSING_CENTRAL: WZ3Mu/Central/muons/3/eta in Skim_TriLep_DYJets10to50.root
2026-04-12 12:13:26,967 - INFO - [2022EE] MISSING_FILE: /home/choij/Sync/workspace/ChargedHiggsAnalysisV3/SKNanoOutput/PromptAnalyzer/Run3Mu_RunNoWZSF_RunSyst_RunCR_NoTreeMode/2022EE/Skim_TriLep_ZZTo4L_powheg.root
2026-04-12 12:13:26,971 - INFO - [2022EE] MISSING_FILE: /home/choij/Sync/workspace/ChargedHiggsAnalysisV3/SKNanoOutput/PromptAnalyzer/Run3Mu_RunNoWZSF_RunSyst_RunCR_NoTreeMode/2022EE/Skim_TriLep_VBFHToZZTo4L.root
2026-04-12 12:13:26,971 - INFO - [2022EE] MISSING_FILE: /home/choij/Sync/workspace/ChargedHiggsAnalysisV3/SKNanoOutput/PromptAnalyzer/Run3Mu_RunNoWZSF_RunSyst_RunCR_NoTreeMode/2022EE/Skim_TriLep_ggHToZZTo4L.root
2026-04-12 12:13:26,976 - INFO - [2023] MISSING_CENTRAL: WZ3Mu/Central/muons/3/eta in Skim_TriLep_DYJets10to50.root
2026-04-12 12:13:26,977 - INFO - [2023] MISSING_CENTRAL: WZ3Mu/Central/muons/3/eta in Skim_TriLep_TTG_PTG100to200.root
2026-04-12 12:13:26,978 - INFO - [2023] MISSING_CENTRAL: WZ3Mu/Central/muons/3/eta in Skim_TriLep_TTG_PTG200toInf.root
2026-04-12 12:13:26,981 - INFO - [2023] MISSING_FILE: /home/choij/Sync/workspace/ChargedHiggsAnalysisV3/SKNanoOutput/PromptAnalyzer/Run3Mu_RunNoWZSF_RunSyst_RunCR_NoTreeMode/2023/Skim_TriLep_ZZTo4L_powheg.root
2026-04-12 12:13:26,985 - INFO - [2023] MISSING_FILE: /home/choij/Sync/workspace/ChargedHiggsAnalysisV3/SKNanoOutput/PromptAnalyzer/Run3Mu_RunNoWZSF_RunSyst_RunCR_NoTreeMode/2023/Skim_TriLep_VBFHToZZTo4L.root
2026-04-12 12:13:26,985 - INFO - [2023] MISSING_FILE: /home/choij/Sync/workspace/ChargedHiggsAnalysisV3/SKNanoOutput/PromptAnalyzer/Run3Mu_RunNoWZSF_RunSyst_RunCR_NoTreeMode/2023/Skim_TriLep_ggHToZZTo4L.root
2026-04-12 12:13:26,988 - INFO - [2023BPix] MISSING_CENTRAL: WZ3Mu/Central/muons/3/eta in Skim_TriLep_DYJets10to50.root
2026-04-12 12:13:26,989 - INFO - [2023BPix] MISSING_CENTRAL: WZ3Mu/Central/muons/3/eta in Skim_TriLep_TTG_PTG100to200.root
2026-04-12 12:13:26,990 - INFO - [2023BPix] MISSING_CENTRAL: WZ3Mu/Central/muons/3/eta in Skim_TriLep_TTG_PTG200toInf.root
2026-04-12 12:13:26,994 - INFO - [2023BPix] MISSING_FILE: /home/choij/Sync/workspace/ChargedHiggsAnalysisV3/SKNanoOutput/PromptAnalyzer/Run3Mu_RunNoWZSF_RunSyst_RunCR_NoTreeMode/2023BPix/Skim_TriLep_ZZTo4L_powheg.root
2026-04-12 12:13:26,997 - INFO - [2023BPix] MISSING_FILE: /home/choij/Sync/workspace/ChargedHiggsAnalysisV3/SKNanoOutput/PromptAnalyzer/Run3Mu_RunNoWZSF_RunSyst_RunCR_NoTreeMode/2023BPix/Skim_TriLep_VBFHToZZTo4L.root
2026-04-12 12:13:26,997 - INFO - [2023BPix] MISSING_FILE: /home/choij/Sync/workspace/ChargedHiggsAnalysisV3/SKNanoOutput/PromptAnalyzer/Run3Mu_RunNoWZSF_RunSyst_RunCR_NoTreeMode/2023BPix/Skim_TriLep_ggHToZZTo4L.root
2026-04-12 12:33:00,102 - INFO - [2022] MISSING_CENTRAL: WZ3Mu/Central/muons/3/eta in Skim_TriLep_DYJets.root
2026-04-12 12:33:00,102 - INFO - [2022] MISSING_CENTRAL: WZ3Mu/Central/muons/3/eta in Skim_TriLep_DYJets10to50.root
2026-04-12 12:33:00,103 - INFO - [2022] MISSING_CENTRAL: WZ3Mu/Central/muons/3/eta in Skim_TriLep_TTG_PTG10to100.root
2026-04-12 12:33:00,104 - INFO - [2022] MISSING_CENTRAL: WZ3Mu/Central/muons/3/eta in Skim_TriLep_TTG_PTG100to200.root
2026-04-12 12:33:00,104 - INFO - [2022] MISSING_CENTRAL: WZ3Mu/Central/muons/3/eta in Skim_TriLep_TTG_PTG200toInf.root
2026-04-12 12:33:00,203 - INFO - [2022EE] MISSING_CENTRAL: WZ3Mu/Central/muons/3/eta in Skim_TriLep_DYJets.root
2026-04-12 12:33:00,204 - INFO - [2022EE] MISSING_CENTRAL: WZ3Mu/Central/muons/3/eta in Skim_TriLep_DYJets10to50.root
2026-04-12 12:33:00,323 - INFO - [2023] MISSING_CENTRAL: WZ3Mu/Central/muons/3/eta in Skim_TriLep_DYJets10to50.root
2026-04-12 12:33:00,330 - INFO - [2023] MISSING_CENTRAL: WZ3Mu/Central/muons/3/eta in Skim_TriLep_TTG_PTG100to200.root
2026-04-12 12:33:00,331 - INFO - [2023] MISSING_CENTRAL: WZ3Mu/Central/muons/3/eta in Skim_TriLep_TTG_PTG200toInf.root
2026-04-12 12:33:00,435 - INFO - [2023BPix] MISSING_CENTRAL: WZ3Mu/Central/muons/3/eta in Skim_TriLep_DYJets10to50.root
2026-04-12 12:33:00,442 - INFO - [2023BPix] MISSING_CENTRAL: WZ3Mu/Central/muons/3/eta in Skim_TriLep_TTG_PTG100to200.root
2026-04-12 12:33:00,442 - INFO - [2023BPix] MISSING_CENTRAL: WZ3Mu/Central/muons/3/eta in Skim_TriLep_TTG_PTG200toInf.root
2026-04-12 12:33:05,828 - INFO - [2022] MISSING_CENTRAL: WZ3Mu/Central/muons/3/eta in Skim_TriLep_DYJets.root
2026-04-12 12:33:05,828 - INFO - [2022] MISSING_CENTRAL: WZ3Mu/Central/muons/3/eta in Skim_TriLep_DYJets10to50.root
2026-04-12 12:33:05,829 - INFO - [2022] MISSING_CENTRAL: WZ3Mu/Central/muons/3/eta in Skim_TriLep_TTG_PTG10to100.root
2026-04-12 12:33:05,829 - INFO - [2022] MISSING_CENTRAL: WZ3Mu/Central/muons/3/eta in Skim_TriLep_TTG_PTG100to200.root
2026-04-12 12:33:05,829 - INFO - [2022] MISSING_CENTRAL: WZ3Mu/Central/muons/3/eta in Skim_TriLep_TTG_PTG200toInf.root
2026-04-12 12:33:05,840 - INFO - [2022] MISSING_FILE: /home/choij/Sync/workspace/ChargedHiggsAnalysisV3/SKNanoOutput/PromptAnalyzer/Run3Mu_RunNoWZSF_RunSyst_RunCR_NoTreeMode/2022/Skim_TriLep_ZZTo4L_powheg.root
2026-04-12 12:33:05,843 - INFO - [2022] MISSING_FILE: /home/choij/Sync/workspace/ChargedHiggsAnalysisV3/SKNanoOutput/PromptAnalyzer/Run3Mu_RunNoWZSF_RunSyst_RunCR_NoTreeMode/2022/Skim_TriLep_VBFHToZZTo4L.root
2026-04-12 12:33:05,844 - INFO - [2022] MISSING_FILE: /home/choij/Sync/workspace/ChargedHiggsAnalysisV3/SKNanoOutput/PromptAnalyzer/Run3Mu_RunNoWZSF_RunSyst_RunCR_NoTreeMode/2022/Skim_TriLep_ggHToZZTo4L.root
2026-04-12 12:33:05,845 - INFO - [2022EE] MISSING_CENTRAL: WZ3Mu/Central/muons/3/eta in Skim_TriLep_DYJets.root
2026-04-12 12:33:05,846 - INFO - [2022EE] MISSING_CENTRAL: WZ3Mu/Central/muons/3/eta in Skim_TriLep_DYJets10to50.root
2026-04-12 12:33:05,851 - INFO - [2022EE] MISSING_FILE: /home/choij/Sync/workspace/ChargedHiggsAnalysisV3/SKNanoOutput/PromptAnalyzer/Run3Mu_RunNoWZSF_RunSyst_RunCR_NoTreeMode/2022EE/Skim_TriLep_ZZTo4L_powheg.root
2026-04-12 12:33:05,855 - INFO - [2022EE] MISSING_FILE: /home/choij/Sync/workspace/ChargedHiggsAnalysisV3/SKNanoOutput/PromptAnalyzer/Run3Mu_RunNoWZSF_RunSyst_RunCR_NoTreeMode/2022EE/Skim_TriLep_VBFHToZZTo4L.root
2026-04-12 12:33:05,855 - INFO - [2022EE] MISSING_FILE: /home/choij/Sync/workspace/ChargedHiggsAnalysisV3/SKNanoOutput/PromptAnalyzer/Run3Mu_RunNoWZSF_RunSyst_RunCR_NoTreeMode/2022EE/Skim_TriLep_ggHToZZTo4L.root
2026-04-12 12:33:05,860 - INFO - [2023] MISSING_CENTRAL: WZ3Mu/Central/muons/3/eta in Skim_TriLep_DYJets10to50.root
2026-04-12 12:33:05,861 - INFO - [2023] MISSING_CENTRAL: WZ3Mu/Central/muons/3/eta in Skim_TriLep_TTG_PTG100to200.root
2026-04-12 12:33:05,862 - INFO - [2023] MISSING_CENTRAL: WZ3Mu/Central/muons/3/eta in Skim_TriLep_TTG_PTG200toInf.root
2026-04-12 12:33:05,866 - INFO - [2023] MISSING_FILE: /home/choij/Sync/workspace/ChargedHiggsAnalysisV3/SKNanoOutput/PromptAnalyzer/Run3Mu_RunNoWZSF_RunSyst_RunCR_NoTreeMode/2023/Skim_TriLep_ZZTo4L_powheg.root
2026-04-12 12:33:05,869 - INFO - [2023] MISSING_FILE: /home/choij/Sync/workspace/ChargedHiggsAnalysisV3/SKNanoOutput/PromptAnalyzer/Run3Mu_RunNoWZSF_RunSyst_RunCR_NoTreeMode/2023/Skim_TriLep_VBFHToZZTo4L.root
2026-04-12 12:33:05,870 - INFO - [2023] MISSING_FILE: /home/choij/Sync/workspace/ChargedHiggsAnalysisV3/SKNanoOutput/PromptAnalyzer/Run3Mu_RunNoWZSF_RunSyst_RunCR_NoTreeMode/2023/Skim_TriLep_ggHToZZTo4L.root
2026-04-12 12:33:05,873 - INFO - [2023BPix] MISSING_CENTRAL: WZ3Mu/Central/muons/3/eta in Skim_TriLep_DYJets10to50.root
2026-04-12 12:33:05,874 - INFO - [2023BPix] MISSING_CENTRAL: WZ3Mu/Central/muons/3/eta in Skim_TriLep_TTG_PTG100to200.root
2026-04-12 12:33:05,874 - INFO - [2023BPix] MISSING_CENTRAL: WZ3Mu/Central/muons/3/eta in Skim_TriLep_TTG_PTG200toInf.root
2026-04-12 12:33:05,878 - INFO - [2023BPix] MISSING_FILE: /home/choij/Sync/workspace/ChargedHiggsAnalysisV3/SKNanoOutput/PromptAnalyzer/Run3Mu_RunNoWZSF_RunSyst_RunCR_NoTreeMode/2023BPix/Skim_TriLep_ZZTo4L_powheg.root
2026-04-12 12:33:05,882 - INFO - [2023BPix] MISSING_FILE: /home/choij/Sync/workspace/ChargedHiggsAnalysisV3/SKNanoOutput/PromptAnalyzer/Run3Mu_RunNoWZSF_RunSyst_RunCR_NoTreeMode/2023BPix/Skim_TriLep_VBFHToZZTo4L.root
2026-04-12 12:33:05,882 - INFO - [2023BPix] MISSING_FILE: /home/choij/Sync/workspace/ChargedHiggsAnalysisV3/SKNanoOutput/PromptAnalyzer/Run3Mu_RunNoWZSF_RunSyst_RunCR_NoTreeMode/2023BPix/Skim_TriLep_ggHToZZTo4L.root
2026-04-12 20:41:00,654 - INFO - [2022] MISSING_CENTRAL: WZ3Mu/Central/muons/3/eta in Skim_TriLep_DYJets.root
2026-04-12 20:41:00,655 - INFO - [2022] MISSING_CENTRAL: WZ3Mu/Central/muons/3/eta in Skim_TriLep_DYJets10to50.root
2026-04-12 20:41:00,655 - INFO - [2022] MISSING_CENTRAL: WZ3Mu/Central/muons/3/eta in Skim_TriLep_TTG_PTG10to100.root
2026-04-12 20:41:00,656 - INFO - [2022] MISSING_CENTRAL: WZ3Mu/Central/muons/3/eta in Skim_TriLep_TTG_PTG100to200.root
2026-04-12 20:41:00,656 - INFO - [2022] MISSING_CENTRAL: WZ3Mu/Central/muons/3/eta in Skim_TriLep_TTG_PTG200toInf.root
2026-04-12 20:41:00,757 - INFO - [2022EE] MISSING_CENTRAL: WZ3Mu/Central/muons/3/eta in Skim_TriLep_DYJets.root
2026-04-12 20:41:00,758 - INFO - [2022EE] MISSING_CENTRAL: WZ3Mu/Central/muons/3/eta in Skim_TriLep_DYJets10to50.root
2026-04-12 20:41:00,880 - INFO - [2023] MISSING_CENTRAL: WZ3Mu/Central/muons/3/eta in Skim_TriLep_DYJets10to50.root
2026-04-12 20:41:00,887 - INFO - [2023] MISSING_CENTRAL: WZ3Mu/Central/muons/3/eta in Skim_TriLep_TTG_PTG100to200.root
2026-04-12 20:41:00,888 - INFO - [2023] MISSING_CENTRAL: WZ3Mu/Central/muons/3/eta in Skim_TriLep_TTG_PTG200toInf.root
2026-04-12 20:41:00,992 - INFO - [2023BPix] MISSING_CENTRAL: WZ3Mu/Central/muons/3/eta in Skim_TriLep_DYJets10to50.root
2026-04-12 20:41:01,002 - INFO - [2023BPix] MISSING_CENTRAL: WZ3Mu/Central/muons/3/eta in Skim_TriLep_TTG_PTG100to200.root
2026-04-12 20:41:01,004 - INFO - [2023BPix] MISSING_CENTRAL: WZ3Mu/Central/muons/3/eta in Skim_TriLep_TTG_PTG200toInf.root
2026-04-12 20:41:06,439 - INFO - [2022] MISSING_CENTRAL: WZ3Mu/Central/muons/3/eta in Skim_TriLep_DYJets.root
2026-04-12 20:41:06,440 - INFO - [2022] MISSING_CENTRAL: WZ3Mu/Central/muons/3/eta in Skim_TriLep_DYJets10to50.root
2026-04-12 20:41:06,441 - INFO - [2022] MISSING_CENTRAL: WZ3Mu/Central/muons/3/eta in Skim_TriLep_TTG_PTG10to100.root
2026-04-12 20:41:06,441 - INFO - [2022] MISSING_CENTRAL: WZ3Mu/Central/muons/3/eta in Skim_TriLep_TTG_PTG100to200.root
2026-04-12 20:41:06,442 - INFO - [2022] MISSING_CENTRAL: WZ3Mu/Central/muons/3/eta in Skim_TriLep_TTG_PTG200toInf.root
2026-04-12 20:41:06,453 - INFO - [2022] MISSING_FILE: /home/choij/Sync/workspace/ChargedHiggsAnalysisV3/SKNanoOutput/PromptAnalyzer/Run3Mu_RunNoWZSF_RunSyst_RunCR_NoTreeMode/2022/Skim_TriLep_ZZTo4L_powheg.root
2026-04-12 20:41:06,458 - INFO - [2022] MISSING_FILE: /home/choij/Sync/workspace/ChargedHiggsAnalysisV3/SKNanoOutput/PromptAnalyzer/Run3Mu_RunNoWZSF_RunSyst_RunCR_NoTreeMode/2022/Skim_TriLep_VBFHToZZTo4L.root
2026-04-12 20:41:06,458 - INFO - [2022] MISSING_FILE: /home/choij/Sync/workspace/ChargedHiggsAnalysisV3/SKNanoOutput/PromptAnalyzer/Run3Mu_RunNoWZSF_RunSyst_RunCR_NoTreeMode/2022/Skim_TriLep_ggHToZZTo4L.root
2026-04-12 20:41:06,460 - INFO - [2022EE] MISSING_CENTRAL: WZ3Mu/Central/muons/3/eta in Skim_TriLep_DYJets.root
2026-04-12 20:41:06,461 - INFO - [2022EE] MISSING_CENTRAL: WZ3Mu/Central/muons/3/eta in Skim_TriLep_DYJets10to50.root
2026-04-12 20:41:06,466 - INFO - [2022EE] MISSING_FILE: /home/choij/Sync/workspace/ChargedHiggsAnalysisV3/SKNanoOutput/PromptAnalyzer/Run3Mu_RunNoWZSF_RunSyst_RunCR_NoTreeMode/2022EE/Skim_TriLep_ZZTo4L_powheg.root
2026-04-12 20:41:06,471 - INFO - [2022EE] MISSING_FILE: /home/choij/Sync/workspace/ChargedHiggsAnalysisV3/SKNanoOutput/PromptAnalyzer/Run3Mu_RunNoWZSF_RunSyst_RunCR_NoTreeMode/2022EE/Skim_TriLep_VBFHToZZTo4L.root
2026-04-12 20:41:06,471 - INFO - [2022EE] MISSING_FILE: /home/choij/Sync/workspace/ChargedHiggsAnalysisV3/SKNanoOutput/PromptAnalyzer/Run3Mu_RunNoWZSF_RunSyst_RunCR_NoTreeMode/2022EE/Skim_TriLep_ggHToZZTo4L.root
2026-04-12 20:41:06,476 - INFO - [2023] MISSING_CENTRAL: WZ3Mu/Central/muons/3/eta in Skim_TriLep_DYJets10to50.root
2026-04-12 20:41:06,478 - INFO - [2023] MISSING_CENTRAL: WZ3Mu/Central/muons/3/eta in Skim_TriLep_TTG_PTG100to200.root
2026-04-12 20:41:06,478 - INFO - [2023] MISSING_CENTRAL: WZ3Mu/Central/muons/3/eta in Skim_TriLep_TTG_PTG200toInf.root
2026-04-12 20:41:06,482 - INFO - [2023] MISSING_FILE: /home/choij/Sync/workspace/ChargedHiggsAnalysisV3/SKNanoOutput/PromptAnalyzer/Run3Mu_RunNoWZSF_RunSyst_RunCR_NoTreeMode/2023/Skim_TriLep_ZZTo4L_powheg.root
2026-04-12 20:41:06,486 - INFO - [2023] MISSING_FILE: /home/choij/Sync/workspace/ChargedHiggsAnalysisV3/SKNanoOutput/PromptAnalyzer/Run3Mu_RunNoWZSF_RunSyst_RunCR_NoTreeMode/2023/Skim_TriLep_VBFHToZZTo4L.root
2026-04-12 20:41:06,487 - INFO - [2023] MISSING_FILE: /home/choij/Sync/workspace/ChargedHiggsAnalysisV3/SKNanoOutput/PromptAnalyzer/Run3Mu_RunNoWZSF_RunSyst_RunCR_NoTreeMode/2023/Skim_TriLep_ggHToZZTo4L.root
2026-04-12 20:41:06,490 - INFO - [2023BPix] MISSING_CENTRAL: WZ3Mu/Central/muons/3/eta in Skim_TriLep_DYJets10to50.root
2026-04-12 20:41:06,491 - INFO - [2023BPix] MISSING_CENTRAL: WZ3Mu/Central/muons/3/eta in Skim_TriLep_TTG_PTG100to200.root
2026-04-12 20:41:06,492 - INFO - [2023BPix] MISSING_CENTRAL: WZ3Mu/Central/muons/3/eta in Skim_TriLep_TTG_PTG200toInf.root
2026-04-12 20:41:06,496 - INFO - [2023BPix] MISSING_FILE: /home/choij/Sync/workspace/ChargedHiggsAnalysisV3/SKNanoOutput/PromptAnalyzer/Run3Mu_RunNoWZSF_RunSyst_RunCR_NoTreeMode/2023BPix/Skim_TriLep_ZZTo4L_powheg.root
2026-04-12 20:41:06,500 - INFO - [2023BPix] MISSING_FILE: /home/choij/Sync/workspace/ChargedHiggsAnalysisV3/SKNanoOutput/PromptAnalyzer/Run3Mu_RunNoWZSF_RunSyst_RunCR_NoTreeMode/2023BPix/Skim_TriLep_VBFHToZZTo4L.root
2026-04-12 20:41:06,500 - INFO - [2023BPix] MISSING_FILE: /home/choij/Sync/workspace/ChargedHiggsAnalysisV3/SKNanoOutput/PromptAnalyzer/Run3Mu_RunNoWZSF_RunSyst_RunCR_NoTreeMode/2023BPix/Skim_TriLep_ggHToZZTo4L.root
2026-04-12 21:12:38,454 - INFO - [2022] MISSING_CENTRAL: WZ3Mu/Central/muons/3/eta in Skim_TriLep_DYJets.root
2026-04-12 21:12:38,455 - INFO - [2022] MISSING_CENTRAL: WZ3Mu/Central/muons/3/eta in Skim_TriLep_DYJets10to50.root
2026-04-12 21:12:38,455 - INFO - [2022] MISSING_CENTRAL: WZ3Mu/Central/muons/3/eta in Skim_TriLep_TTG_PTG10to100.root
2026-04-12 21:12:38,456 - INFO - [2022] MISSING_CENTRAL: WZ3Mu/Central/muons/3/eta in Skim_TriLep_TTG_PTG100to200.root
2026-04-12 21:12:38,456 - INFO - [2022] MISSING_CENTRAL: WZ3Mu/Central/muons/3/eta in Skim_TriLep_TTG_PTG200toInf.root
2026-04-12 21:12:38,549 - INFO - [2022EE] MISSING_CENTRAL: WZ3Mu/Central/muons/3/eta in Skim_TriLep_DYJets.root
2026-04-12 21:12:38,550 - INFO - [2022EE] MISSING_CENTRAL: WZ3Mu/Central/muons/3/eta in Skim_TriLep_DYJets10to50.root
2026-04-12 21:12:38,666 - INFO - [2023] MISSING_CENTRAL: WZ3Mu/Central/muons/3/eta in Skim_TriLep_DYJets10to50.root
2026-04-12 21:12:38,672 - INFO - [2023] MISSING_CENTRAL: WZ3Mu/Central/muons/3/eta in Skim_TriLep_TTG_PTG100to200.root
2026-04-12 21:12:38,673 - INFO - [2023] MISSING_CENTRAL: WZ3Mu/Central/muons/3/eta in Skim_TriLep_TTG_PTG200toInf.root
2026-04-12 21:12:38,772 - INFO - [2023BPix] MISSING_CENTRAL: WZ3Mu/Central/muons/3/eta in Skim_TriLep_DYJets10to50.root
2026-04-12 21:12:38,778 - INFO - [2023BPix] MISSING_CENTRAL: WZ3Mu/Central/muons/3/eta in Skim_TriLep_TTG_PTG100to200.root
2026-04-12 21:12:38,779 - INFO - [2023BPix] MISSING_CENTRAL: WZ3Mu/Central/muons/3/eta in Skim_TriLep_TTG_PTG200toInf.root
2026-04-12 21:12:44,175 - INFO - [2022] MISSING_CENTRAL: WZ3Mu/Central/muons/3/eta in Skim_TriLep_DYJets.root
2026-04-12 21:12:44,175 - INFO - [2022] MISSING_CENTRAL: WZ3Mu/Central/muons/3/eta in Skim_TriLep_DYJets10to50.root
2026-04-12 21:12:44,176 - INFO - [2022] MISSING_CENTRAL: WZ3Mu/Central/muons/3/eta in Skim_TriLep_TTG_PTG10to100.root
2026-04-12 21:12:44,176 - INFO - [2022] MISSING_CENTRAL: WZ3Mu/Central/muons/3/eta in Skim_TriLep_TTG_PTG100to200.root
2026-04-12 21:12:44,176 - INFO - [2022] MISSING_CENTRAL: WZ3Mu/Central/muons/3/eta in Skim_TriLep_TTG_PTG200toInf.root
2026-04-12 21:12:44,187 - INFO - [2022] MISSING_FILE: /home/choij/Sync/workspace/ChargedHiggsAnalysisV3/SKNanoOutput/PromptAnalyzer/Run3Mu_RunNoWZSF_RunSyst_RunCR_NoTreeMode/2022/Skim_TriLep_ZZTo4L_powheg.root
2026-04-12 21:12:44,190 - INFO - [2022] MISSING_FILE: /home/choij/Sync/workspace/ChargedHiggsAnalysisV3/SKNanoOutput/PromptAnalyzer/Run3Mu_RunNoWZSF_RunSyst_RunCR_NoTreeMode/2022/Skim_TriLep_VBFHToZZTo4L.root
2026-04-12 21:12:44,190 - INFO - [2022] MISSING_FILE: /home/choij/Sync/workspace/ChargedHiggsAnalysisV3/SKNanoOutput/PromptAnalyzer/Run3Mu_RunNoWZSF_RunSyst_RunCR_NoTreeMode/2022/Skim_TriLep_ggHToZZTo4L.root
2026-04-12 21:12:44,192 - INFO - [2022EE] MISSING_CENTRAL: WZ3Mu/Central/muons/3/eta in Skim_TriLep_DYJets.root
2026-04-12 21:12:44,193 - INFO - [2022EE] MISSING_CENTRAL: WZ3Mu/Central/muons/3/eta in Skim_TriLep_DYJets10to50.root
2026-04-12 21:12:44,198 - INFO - [2022EE] MISSING_FILE: /home/choij/Sync/workspace/ChargedHiggsAnalysisV3/SKNanoOutput/PromptAnalyzer/Run3Mu_RunNoWZSF_RunSyst_RunCR_NoTreeMode/2022EE/Skim_TriLep_ZZTo4L_powheg.root
2026-04-12 21:12:44,202 - INFO - [2022EE] MISSING_FILE: /home/choij/Sync/workspace/ChargedHiggsAnalysisV3/SKNanoOutput/PromptAnalyzer/Run3Mu_RunNoWZSF_RunSyst_RunCR_NoTreeMode/2022EE/Skim_TriLep_VBFHToZZTo4L.root
2026-04-12 21:12:44,202 - INFO - [2022EE] MISSING_FILE: /home/choij/Sync/workspace/ChargedHiggsAnalysisV3/SKNanoOutput/PromptAnalyzer/Run3Mu_RunNoWZSF_RunSyst_RunCR_NoTreeMode/2022EE/Skim_TriLep_ggHToZZTo4L.root
2026-04-12 21:12:44,207 - INFO - [2023] MISSING_CENTRAL: WZ3Mu/Central/muons/3/eta in Skim_TriLep_DYJets10to50.root
2026-04-12 21:12:44,208 - INFO - [2023] MISSING_CENTRAL: WZ3Mu/Central/muons/3/eta in Skim_TriLep_TTG_PTG100to200.root
2026-04-12 21:12:44,208 - INFO - [2023] MISSING_CENTRAL: WZ3Mu/Central/muons/3/eta in Skim_TriLep_TTG_PTG200toInf.root
2026-04-12 21:12:44,212 - INFO - [2023] MISSING_FILE: /home/choij/Sync/workspace/ChargedHiggsAnalysisV3/SKNanoOutput/PromptAnalyzer/Run3Mu_RunNoWZSF_RunSyst_RunCR_NoTreeMode/2023/Skim_TriLep_ZZTo4L_powheg.root
2026-04-12 21:12:44,216 - INFO - [2023] MISSING_FILE: /home/choij/Sync/workspace/ChargedHiggsAnalysisV3/SKNanoOutput/PromptAnalyzer/Run3Mu_RunNoWZSF_RunSyst_RunCR_NoTreeMode/2023/Skim_TriLep_VBFHToZZTo4L.root
2026-04-12 21:12:44,216 - INFO - [2023] MISSING_FILE: /home/choij/Sync/workspace/ChargedHiggsAnalysisV3/SKNanoOutput/PromptAnalyzer/Run3Mu_RunNoWZSF_RunSyst_RunCR_NoTreeMode/2023/Skim_TriLep_ggHToZZTo4L.root
2026-04-12 21:12:44,219 - INFO - [2023BPix] MISSING_CENTRAL: WZ3Mu/Central/muons/3/eta in Skim_TriLep_DYJets10to50.root
2026-04-12 21:12:44,220 - INFO - [2023BPix] MISSING_CENTRAL: WZ3Mu/Central/muons/3/eta in Skim_TriLep_TTG_PTG100to200.root
2026-04-12 21:12:44,221 - INFO - [2023BPix] MISSING_CENTRAL: WZ3Mu/Central/muons/3/eta in Skim_TriLep_TTG_PTG200toInf.root
2026-04-12 21:12:44,224 - INFO - [2023BPix] MISSING_FILE: /home/choij/Sync/workspace/ChargedHiggsAnalysisV3/SKNanoOutput/PromptAnalyzer/Run3Mu_RunNoWZSF_RunSyst_RunCR_NoTreeMode/2023BPix/Skim_TriLep_ZZTo4L_powheg.root
2026-04-12 21:12:44,228 - INFO - [2023BPix] MISSING_FILE: /home/choij/Sync/workspace/ChargedHiggsAnalysisV3/SKNanoOutput/PromptAnalyzer/Run3Mu_RunNoWZSF_RunSyst_RunCR_NoTreeMode/2023BPix/Skim_TriLep_VBFHToZZTo4L.root
2026-04-12 21:12:44,228 - INFO - [2023BPix] MISSING_FILE: /home/choij/Sync/workspace/ChargedHiggsAnalysisV3/SKNanoOutput/PromptAnalyzer/Run3Mu_RunNoWZSF_RunSyst_RunCR_NoTreeMode/2023BPix/Skim_TriLep_ggHToZZTo4L.root
2026-04-13 12:50:05,465 - INFO - [2022] MISSING_CENTRAL: WZ3Mu/Central/muons/3/eta in Skim_TriLep_DYJets.root
2026-04-13 12:50:05,466 - INFO - [2022] MISSING_CENTRAL: WZ3Mu/Central/muons/3/eta in Skim_TriLep_DYJets10to50.root
2026-04-13 12:50:05,467 - INFO - [2022] MISSING_CENTRAL: WZ3Mu/Central/muons/3/eta in Skim_TriLep_TTG_PTG10to100.root
2026-04-13 12:50:05,467 - INFO - [2022] MISSING_CENTRAL: WZ3Mu/Central/muons/3/eta in Skim_TriLep_TTG_PTG100to200.root
2026-04-13 12:50:05,468 - INFO - [2022] MISSING_CENTRAL: WZ3Mu/Central/muons/3/eta in Skim_TriLep_TTG_PTG200toInf.root
2026-04-13 12:50:05,570 - INFO - [2022EE] MISSING_CENTRAL: WZ3Mu/Central/muons/3/eta in Skim_TriLep_DYJets.root
2026-04-13 12:50:05,570 - INFO - [2022EE] MISSING_CENTRAL: WZ3Mu/Central/muons/3/eta in Skim_TriLep_DYJets10to50.root
2026-04-13 12:50:05,692 - INFO - [2023] MISSING_CENTRAL: WZ3Mu/Central/muons/3/eta in Skim_TriLep_DYJets10to50.root
2026-04-13 12:50:05,699 - INFO - [2023] MISSING_CENTRAL: WZ3Mu/Central/muons/3/eta in Skim_TriLep_TTG_PTG100to200.root
2026-04-13 12:50:05,700 - INFO - [2023] MISSING_CENTRAL: WZ3Mu/Central/muons/3/eta in Skim_TriLep_TTG_PTG200toInf.root
2026-04-13 12:50:05,804 - INFO - [2023BPix] MISSING_CENTRAL: WZ3Mu/Central/muons/3/eta in Skim_TriLep_DYJets10to50.root
2026-04-13 12:50:05,811 - INFO - [2023BPix] MISSING_CENTRAL: WZ3Mu/Central/muons/3/eta in Skim_TriLep_TTG_PTG100to200.root
2026-04-13 12:50:05,811 - INFO - [2023BPix] MISSING_CENTRAL: WZ3Mu/Central/muons/3/eta in Skim_TriLep_TTG_PTG200toInf.root
2026-04-13 12:50:11,593 - INFO - [2022] MISSING_CENTRAL: WZ3Mu/Central/muons/3/eta in Skim_TriLep_DYJets.root
2026-04-13 12:50:11,593 - INFO - [2022] MISSING_CENTRAL: WZ3Mu/Central/muons/3/eta in Skim_TriLep_DYJets10to50.root
2026-04-13 12:50:11,594 - INFO - [2022] MISSING_CENTRAL: WZ3Mu/Central/muons/3/eta in Skim_TriLep_TTG_PTG10to100.root
2026-04-13 12:50:11,594 - INFO - [2022] MISSING_CENTRAL: WZ3Mu/Central/muons/3/eta in Skim_TriLep_TTG_PTG100to200.root
2026-04-13 12:50:11,595 - INFO - [2022] MISSING_CENTRAL: WZ3Mu/Central/muons/3/eta in Skim_TriLep_TTG_PTG200toInf.root
2026-04-13 12:50:11,607 - INFO - [2022] MISSING_FILE: /home/choij/Sync/workspace/ChargedHiggsAnalysisV3/SKNanoOutput/PromptAnalyzer/Run3Mu_RunNoWZSF_RunSyst_RunCR_NoTreeMode/2022/Skim_TriLep_ZZTo4L_powheg.root
2026-04-13 12:50:11,611 - INFO - [2022] MISSING_FILE: /home/choij/Sync/workspace/ChargedHiggsAnalysisV3/SKNanoOutput/PromptAnalyzer/Run3Mu_RunNoWZSF_RunSyst_RunCR_NoTreeMode/2022/Skim_TriLep_VBFHToZZTo4L.root
2026-04-13 12:50:11,612 - INFO - [2022] MISSING_FILE: /home/choij/Sync/workspace/ChargedHiggsAnalysisV3/SKNanoOutput/PromptAnalyzer/Run3Mu_RunNoWZSF_RunSyst_RunCR_NoTreeMode/2022/Skim_TriLep_ggHToZZTo4L.root
2026-04-13 12:50:11,614 - INFO - [2022EE] MISSING_CENTRAL: WZ3Mu/Central/muons/3/eta in Skim_TriLep_DYJets.root
2026-04-13 12:50:11,614 - INFO - [2022EE] MISSING_CENTRAL: WZ3Mu/Central/muons/3/eta in Skim_TriLep_DYJets10to50.root
2026-04-13 12:50:11,620 - INFO - [2022EE] MISSING_FILE: /home/choij/Sync/workspace/ChargedHiggsAnalysisV3/SKNanoOutput/PromptAnalyzer/Run3Mu_RunNoWZSF_RunSyst_RunCR_NoTreeMode/2022EE/Skim_TriLep_ZZTo4L_powheg.root
2026-04-13 12:50:11,623 - INFO - [2022EE] MISSING_FILE: /home/choij/Sync/workspace/ChargedHiggsAnalysisV3/SKNanoOutput/PromptAnalyzer/Run3Mu_RunNoWZSF_RunSyst_RunCR_NoTreeMode/2022EE/Skim_TriLep_VBFHToZZTo4L.root
2026-04-13 12:50:11,623 - INFO - [2022EE] MISSING_FILE: /home/choij/Sync/workspace/ChargedHiggsAnalysisV3/SKNanoOutput/PromptAnalyzer/Run3Mu_RunNoWZSF_RunSyst_RunCR_NoTreeMode/2022EE/Skim_TriLep_ggHToZZTo4L.root
2026-04-13 12:50:11,629 - INFO - [2023] MISSING_CENTRAL: WZ3Mu/Central/muons/3/eta in Skim_TriLep_DYJets10to50.root
2026-04-13 12:50:11,630 - INFO - [2023] MISSING_CENTRAL: WZ3Mu/Central/muons/3/eta in Skim_TriLep_TTG_PTG100to200.root
2026-04-13 12:50:11,630 - INFO - [2023] MISSING_CENTRAL: WZ3Mu/Central/muons/3/eta in Skim_TriLep_TTG_PTG200toInf.root
2026-04-13 12:50:11,634 - INFO - [2023] MISSING_FILE: /home/choij/Sync/workspace/ChargedHiggsAnalysisV3/SKNanoOutput/PromptAnalyzer/Run3Mu_RunNoWZSF_RunSyst_RunCR_NoTreeMode/2023/Skim_TriLep_ZZTo4L_powheg.root
2026-04-13 12:50:11,638 - INFO - [2023] MISSING_FILE: /home/choij/Sync/workspace/ChargedHiggsAnalysisV3/SKNanoOutput/PromptAnalyzer/Run3Mu_RunNoWZSF_RunSyst_RunCR_NoTreeMode/2023/Skim_TriLep_VBFHToZZTo4L.root
2026-04-13 12:50:11,638 - INFO - [2023] MISSING_FILE: /home/choij/Sync/workspace/ChargedHiggsAnalysisV3/SKNanoOutput/PromptAnalyzer/Run3Mu_RunNoWZSF_RunSyst_RunCR_NoTreeMode/2023/Skim_TriLep_ggHToZZTo4L.root
2026-04-13 12:50:11,641 - INFO - [2023BPix] MISSING_CENTRAL: WZ3Mu/Central/muons/3/eta in Skim_TriLep_DYJets10to50.root
2026-04-13 12:50:11,643 - INFO - [2023BPix] MISSING_CENTRAL: WZ3Mu/Central/muons/3/eta in Skim_TriLep_TTG_PTG100to200.root
2026-04-13 12:50:11,643 - INFO - [2023BPix] MISSING_CENTRAL: WZ3Mu/Central/muons/3/eta in Skim_TriLep_TTG_PTG200toInf.root
2026-04-13 12:50:11,647 - INFO - [2023BPix] MISSING_FILE: /home/choij/Sync/workspace/ChargedHiggsAnalysisV3/SKNanoOutput/PromptAnalyzer/Run3Mu_RunNoWZSF_RunSyst_RunCR_NoTreeMode/2023BPix/Skim_TriLep_ZZTo4L_powheg.root
2026-04-13 12:50:11,651 - INFO - [2023BPix] MISSING_FILE: /home/choij/Sync/workspace/ChargedHiggsAnalysisV3/SKNanoOutput/PromptAnalyzer/Run3Mu_RunNoWZSF_RunSyst_RunCR_NoTreeMode/2023BPix/Skim_TriLep_VBFHToZZTo4L.root
2026-04-13 12:50:11,651 - INFO - [2023BPix] MISSING_FILE: /home/choij/Sync/workspace/ChargedHiggsAnalysisV3/SKNanoOutput/PromptAnalyzer/Run3Mu_RunNoWZSF_RunSyst_RunCR_NoTreeMode/2023BPix/Skim_TriLep_ggHToZZTo4L.root
2026-06-03 21:09:58,181 - INFO - [2022] MISSING_CENTRAL: WZ3Mu/Central/muons/3/eta in Skim_TriLep_DYJets.root
2026-06-03 21:09:58,181 - INFO - [2022] MISSING_CENTRAL: WZ3Mu/Central/muons/3/eta in Skim_TriLep_DYJets10to50.root
2026-06-03 21:09:58,182 - INFO - [2022] MISSING_CENTRAL: WZ3Mu/Central/muons/3/eta in Skim_TriLep_TTG_PTG10to100.root
2026-06-03 21:09:58,182 - INFO - [2022] MISSING_CENTRAL: WZ3Mu/Central/muons/3/eta in Skim_TriLep_TTG_PTG100to200.root
2026-06-03 21:09:58,183 - INFO - [2022] MISSING_CENTRAL: WZ3Mu/Central/muons/3/eta in Skim_TriLep_TTG_PTG200toInf.root
2026-06-03 21:09:58,398 - INFO - [2022EE] MISSING_CENTRAL: WZ3Mu/Central/muons/3/eta in Skim_TriLep_DYJets.root
2026-06-03 21:09:58,399 - INFO - [2022EE] MISSING_CENTRAL: WZ3Mu/Central/muons/3/eta in Skim_TriLep_DYJets10to50.root
2026-06-03 21:09:58,648 - INFO - [2023] MISSING_CENTRAL: WZ3Mu/Central/muons/3/eta in Skim_TriLep_DYJets10to50.root
2026-06-03 21:09:58,659 - INFO - [2023] MISSING_CENTRAL: WZ3Mu/Central/muons/3/eta in Skim_TriLep_TTG_PTG100to200.root
2026-06-03 21:09:58,660 - INFO - [2023] MISSING_CENTRAL: WZ3Mu/Central/muons/3/eta in Skim_TriLep_TTG_PTG200toInf.root
2026-06-03 21:09:58,886 - INFO - [2023BPix] MISSING_CENTRAL: WZ3Mu/Central/muons/3/eta in Skim_TriLep_DYJets10to50.root
2026-06-03 21:09:58,894 - INFO - [2023BPix] MISSING_CENTRAL: WZ3Mu/Central/muons/3/eta in Skim_TriLep_TTG_PTG100to200.root
2026-06-03 21:09:58,894 - INFO - [2023BPix] MISSING_CENTRAL: WZ3Mu/Central/muons/3/eta in Skim_TriLep_TTG_PTG200toInf.root
2026-06-03 21:10:04,493 - INFO - [2022] MISSING_CENTRAL: WZ3Mu/Central/muons/3/eta in Skim_TriLep_DYJets.root
2026-06-03 21:10:04,493 - INFO - [2022] MISSING_CENTRAL: WZ3Mu/Central/muons/3/eta in Skim_TriLep_DYJets10to50.root
2026-06-03 21:10:04,494 - INFO - [2022] MISSING_CENTRAL: WZ3Mu/Central/muons/3/eta in Skim_TriLep_TTG_PTG10to100.root
2026-06-03 21:10:04,494 - INFO - [2022] MISSING_CENTRAL: WZ3Mu/Central/muons/3/eta in Skim_TriLep_TTG_PTG100to200.root
2026-06-03 21:10:04,495 - INFO - [2022] MISSING_CENTRAL: WZ3Mu/Central/muons/3/eta in Skim_TriLep_TTG_PTG200toInf.root
2026-06-03 21:10:04,507 - INFO - [2022] MISSING_FILE: /home/choij/Sync/workspace/ChargedHiggsAnalysisV3/SKNanoOutput/PromptAnalyzer/Run3Mu_RunNoWZSF_RunSyst_RunCR_NoTreeMode/2022/Skim_TriLep_ZZTo4L_powheg.root
2026-06-03 21:10:04,511 - INFO - [2022] MISSING_FILE: /home/choij/Sync/workspace/ChargedHiggsAnalysisV3/SKNanoOutput/PromptAnalyzer/Run3Mu_RunNoWZSF_RunSyst_RunCR_NoTreeMode/2022/Skim_TriLep_VBFHToZZTo4L.root
2026-06-03 21:10:04,511 - INFO - [2022] MISSING_FILE: /home/choij/Sync/workspace/ChargedHiggsAnalysisV3/SKNanoOutput/PromptAnalyzer/Run3Mu_RunNoWZSF_RunSyst_RunCR_NoTreeMode/2022/Skim_TriLep_ggHToZZTo4L.root
2026-06-03 21:10:04,513 - INFO - [2022EE] MISSING_CENTRAL: WZ3Mu/Central/muons/3/eta in Skim_TriLep_DYJets.root
2026-06-03 21:10:04,514 - INFO - [2022EE] MISSING_CENTRAL: WZ3Mu/Central/muons/3/eta in Skim_TriLep_DYJets10to50.root
2026-06-03 21:10:04,520 - INFO - [2022EE] MISSING_FILE: /home/choij/Sync/workspace/ChargedHiggsAnalysisV3/SKNanoOutput/PromptAnalyzer/Run3Mu_RunNoWZSF_RunSyst_RunCR_NoTreeMode/2022EE/Skim_TriLep_ZZTo4L_powheg.root
2026-06-03 21:10:04,523 - INFO - [2022EE] MISSING_FILE: /home/choij/Sync/workspace/ChargedHiggsAnalysisV3/SKNanoOutput/PromptAnalyzer/Run3Mu_RunNoWZSF_RunSyst_RunCR_NoTreeMode/2022EE/Skim_TriLep_VBFHToZZTo4L.root
2026-06-03 21:10:04,524 - INFO - [2022EE] MISSING_FILE: /home/choij/Sync/workspace/ChargedHiggsAnalysisV3/SKNanoOutput/PromptAnalyzer/Run3Mu_RunNoWZSF_RunSyst_RunCR_NoTreeMode/2022EE/Skim_TriLep_ggHToZZTo4L.root
2026-06-03 21:10:04,529 - INFO - [2023] MISSING_CENTRAL: WZ3Mu/Central/muons/3/eta in Skim_TriLep_DYJets10to50.root
2026-06-03 21:10:04,530 - INFO - [2023] MISSING_CENTRAL: WZ3Mu/Central/muons/3/eta in Skim_TriLep_TTG_PTG100to200.root
2026-06-03 21:10:04,531 - INFO - [2023] MISSING_CENTRAL: WZ3Mu/Central/muons/3/eta in Skim_TriLep_TTG_PTG200toInf.root
2026-06-03 21:10:04,534 - INFO - [2023] MISSING_FILE: /home/choij/Sync/workspace/ChargedHiggsAnalysisV3/SKNanoOutput/PromptAnalyzer/Run3Mu_RunNoWZSF_RunSyst_RunCR_NoTreeMode/2023/Skim_TriLep_ZZTo4L_powheg.root
2026-06-03 21:10:04,538 - INFO - [2023] MISSING_FILE: /home/choij/Sync/workspace/ChargedHiggsAnalysisV3/SKNanoOutput/PromptAnalyzer/Run3Mu_RunNoWZSF_RunSyst_RunCR_NoTreeMode/2023/Skim_TriLep_VBFHToZZTo4L.root
2026-06-03 21:10:04,538 - INFO - [2023] MISSING_FILE: /home/choij/Sync/workspace/ChargedHiggsAnalysisV3/SKNanoOutput/PromptAnalyzer/Run3Mu_RunNoWZSF_RunSyst_RunCR_NoTreeMode/2023/Skim_TriLep_ggHToZZTo4L.root
2026-06-03 21:10:04,542 - INFO - [2023BPix] MISSING_CENTRAL: WZ3Mu/Central/muons/3/eta in Skim_TriLep_DYJets10to50.root
2026-06-03 21:10:04,543 - INFO - [2023BPix] MISSING_CENTRAL: WZ3Mu/Central/muons/3/eta in Skim_TriLep_TTG_PTG100to200.root
2026-06-03 21:10:04,543 - INFO - [2023BPix] MISSING_CENTRAL: WZ3Mu/Central/muons/3/eta in Skim_TriLep_TTG_PTG200toInf.root
2026-06-03 21:10:04,547 - INFO - [2023BPix] MISSING_FILE: /home/choij/Sync/workspace/ChargedHiggsAnalysisV3/SKNanoOutput/PromptAnalyzer/Run3Mu_RunNoWZSF_RunSyst_RunCR_NoTreeMode/2023BPix/Skim_TriLep_ZZTo4L_powheg.root
2026-06-03 21:10:04,551 - INFO - [2023BPix] MISSING_FILE: /home/choij/Sync/workspace/ChargedHiggsAnalysisV3/SKNanoOutput/PromptAnalyzer/Run3Mu_RunNoWZSF_RunSyst_RunCR_NoTreeMode/2023BPix/Skim_TriLep_VBFHToZZTo4L.root
2026-06-03 21:10:04,551 - INFO - [2023BPix] MISSING_FILE: /home/choij/Sync/workspace/ChargedHiggsAnalysisV3/SKNanoOutput/PromptAnalyzer/Run3Mu_RunNoWZSF_RunSyst_RunCR_NoTreeMode/2023BPix/Skim_TriLep_ggHToZZTo4L.root
2026-06-12 13:59:45,314 - INFO - [2022] MISSING_CENTRAL: WZ3Mu/Central/muons/3/eta in Skim_TriLep_DYJets.root
2026-06-12 13:59:45,315 - INFO - [2022] MISSING_CENTRAL: WZ3Mu/Central/muons/3/eta in Skim_TriLep_DYJets10to50.root
2026-06-12 13:59:45,315 - INFO - [2022] MISSING_CENTRAL: WZ3Mu/Central/muons/3/eta in Skim_TriLep_TTG_PTG10to100.root
2026-06-12 13:59:45,316 - INFO - [2022] MISSING_CENTRAL: WZ3Mu/Central/muons/3/eta in Skim_TriLep_TTG_PTG100to200.root
2026-06-12 13:59:45,316 - INFO - [2022] MISSING_CENTRAL: WZ3Mu/Central/muons/3/eta in Skim_TriLep_TTG_PTG200toInf.root
2026-06-12 13:59:45,540 - INFO - [2022EE] MISSING_CENTRAL: WZ3Mu/Central/muons/3/eta in Skim_TriLep_DYJets.root
2026-06-12 13:59:45,540 - INFO - [2022EE] MISSING_CENTRAL: WZ3Mu/Central/muons/3/eta in Skim_TriLep_DYJets10to50.root
2026-06-12 13:59:45,792 - INFO - [2023] MISSING_CENTRAL: WZ3Mu/Central/muons/3/eta in Skim_TriLep_DYJets10to50.root
2026-06-12 13:59:45,804 - INFO - [2023] MISSING_CENTRAL: WZ3Mu/Central/muons/3/eta in Skim_TriLep_TTG_PTG100to200.root
2026-06-12 13:59:45,804 - INFO - [2023] MISSING_CENTRAL: WZ3Mu/Central/muons/3/eta in Skim_TriLep_TTG_PTG200toInf.root
2026-06-12 13:59:46,026 - INFO - [2023BPix] MISSING_CENTRAL: WZ3Mu/Central/muons/3/eta in Skim_TriLep_DYJets10to50.root
2026-06-12 13:59:46,033 - INFO - [2023BPix] MISSING_CENTRAL: WZ3Mu/Central/muons/3/eta in Skim_TriLep_TTG_PTG100to200.root
2026-06-12 13:59:46,034 - INFO - [2023BPix] MISSING_CENTRAL: WZ3Mu/Central/muons/3/eta in Skim_TriLep_TTG_PTG200toInf.root
2026-06-12 13:59:51,359 - INFO - [2022] MISSING_CENTRAL: WZ3Mu/Central/muons/3/eta in Skim_TriLep_DYJets.root
2026-06-12 13:59:51,359 - INFO - [2022] MISSING_CENTRAL: WZ3Mu/Central/muons/3/eta in Skim_TriLep_DYJets10to50.root
2026-06-12 13:59:51,360 - INFO - [2022] MISSING_CENTRAL: WZ3Mu/Central/muons/3/eta in Skim_TriLep_TTG_PTG10to100.root
2026-06-12 13:59:51,360 - INFO - [2022] MISSING_CENTRAL: WZ3Mu/Central/muons/3/eta in Skim_TriLep_TTG_PTG100to200.root
2026-06-12 13:59:51,361 - INFO - [2022] MISSING_CENTRAL: WZ3Mu/Central/muons/3/eta in Skim_TriLep_TTG_PTG200toInf.root
2026-06-12 13:59:51,376 - INFO - [2022] MISSING_FILE: /home/choij/Sync/workspace/ChargedHiggsAnalysisV3/SKNanoOutput/PromptAnalyzer/Run3Mu_RunNoWZSF_RunSyst_RunCR_NoTreeMode/2022/Skim_TriLep_ZZTo4L_powheg.root
2026-06-12 13:59:51,380 - INFO - [2022] MISSING_FILE: /home/choij/Sync/workspace/ChargedHiggsAnalysisV3/SKNanoOutput/PromptAnalyzer/Run3Mu_RunNoWZSF_RunSyst_RunCR_NoTreeMode/2022/Skim_TriLep_VBFHToZZTo4L.root
2026-06-12 13:59:51,380 - INFO - [2022] MISSING_FILE: /home/choij/Sync/workspace/ChargedHiggsAnalysisV3/SKNanoOutput/PromptAnalyzer/Run3Mu_RunNoWZSF_RunSyst_RunCR_NoTreeMode/2022/Skim_TriLep_ggHToZZTo4L.root
2026-06-12 13:59:51,382 - INFO - [2022EE] MISSING_CENTRAL: WZ3Mu/Central/muons/3/eta in Skim_TriLep_DYJets.root
2026-06-12 13:59:51,383 - INFO - [2022EE] MISSING_CENTRAL: WZ3Mu/Central/muons/3/eta in Skim_TriLep_DYJets10to50.root
2026-06-12 13:59:51,390 - INFO - [2022EE] MISSING_FILE: /home/choij/Sync/workspace/ChargedHiggsAnalysisV3/SKNanoOutput/PromptAnalyzer/Run3Mu_RunNoWZSF_RunSyst_RunCR_NoTreeMode/2022EE/Skim_TriLep_ZZTo4L_powheg.root
2026-06-12 13:59:51,394 - INFO - [2022EE] MISSING_FILE: /home/choij/Sync/workspace/ChargedHiggsAnalysisV3/SKNanoOutput/PromptAnalyzer/Run3Mu_RunNoWZSF_RunSyst_RunCR_NoTreeMode/2022EE/Skim_TriLep_VBFHToZZTo4L.root
2026-06-12 13:59:51,394 - INFO - [2022EE] MISSING_FILE: /home/choij/Sync/workspace/ChargedHiggsAnalysisV3/SKNanoOutput/PromptAnalyzer/Run3Mu_RunNoWZSF_RunSyst_RunCR_NoTreeMode/2022EE/Skim_TriLep_ggHToZZTo4L.root
2026-06-12 13:59:51,401 - INFO - [2023] MISSING_CENTRAL: WZ3Mu/Central/muons/3/eta in Skim_TriLep_DYJets10to50.root
2026-06-12 13:59:51,402 - INFO - [2023] MISSING_CENTRAL: WZ3Mu/Central/muons/3/eta in Skim_TriLep_TTG_PTG100to200.root
2026-06-12 13:59:51,402 - INFO - [2023] MISSING_CENTRAL: WZ3Mu/Central/muons/3/eta in Skim_TriLep_TTG_PTG200toInf.root
2026-06-12 13:59:51,407 - INFO - [2023] MISSING_FILE: /home/choij/Sync/workspace/ChargedHiggsAnalysisV3/SKNanoOutput/PromptAnalyzer/Run3Mu_RunNoWZSF_RunSyst_RunCR_NoTreeMode/2023/Skim_TriLep_ZZTo4L_powheg.root
2026-06-12 13:59:51,412 - INFO - [2023] MISSING_FILE: /home/choij/Sync/workspace/ChargedHiggsAnalysisV3/SKNanoOutput/PromptAnalyzer/Run3Mu_RunNoWZSF_RunSyst_RunCR_NoTreeMode/2023/Skim_TriLep_VBFHToZZTo4L.root
2026-06-12 13:59:51,412 - INFO - [2023] MISSING_FILE: /home/choij/Sync/workspace/ChargedHiggsAnalysisV3/SKNanoOutput/PromptAnalyzer/Run3Mu_RunNoWZSF_RunSyst_RunCR_NoTreeMode/2023/Skim_TriLep_ggHToZZTo4L.root
2026-06-12 13:59:51,416 - INFO - [2023BPix] MISSING_CENTRAL: WZ3Mu/Central/muons/3/eta in Skim_TriLep_DYJets10to50.root
2026-06-12 13:59:51,418 - INFO - [2023BPix] MISSING_CENTRAL: WZ3Mu/Central/muons/3/eta in Skim_TriLep_TTG_PTG100to200.root
2026-06-12 13:59:51,419 - INFO - [2023BPix] MISSING_CENTRAL: WZ3Mu/Central/muons/3/eta in Skim_TriLep_TTG_PTG200toInf.root
2026-06-12 13:59:51,424 - INFO - [2023BPix] MISSING_FILE: /home/choij/Sync/workspace/ChargedHiggsAnalysisV3/SKNanoOutput/PromptAnalyzer/Run3Mu_RunNoWZSF_RunSyst_RunCR_NoTreeMode/2023BPix/Skim_TriLep_ZZTo4L_powheg.root
2026-06-12 13:59:51,429 - INFO - [2023BPix] MISSING_FILE: /home/choij/Sync/workspace/ChargedHiggsAnalysisV3/SKNanoOutput/PromptAnalyzer/Run3Mu_RunNoWZSF_RunSyst_RunCR_NoTreeMode/2023BPix/Skim_TriLep_VBFHToZZTo4L.root
2026-06-12 13:59:51,429 - INFO - [2023BPix] MISSING_FILE: /home/choij/Sync/workspace/ChargedHiggsAnalysisV3/SKNanoOutput/PromptAnalyzer/Run3Mu_RunNoWZSF_RunSyst_RunCR_NoTreeMode/2023BPix/Skim_TriLep_ggHToZZTo4L.root
2026-06-12 14:11:49,553 - INFO - [2022] MISSING_CENTRAL: WZ3Mu/Central/muons/3/eta in Skim_TriLep_DYJets.root
2026-06-12 14:11:49,553 - INFO - [2022] MISSING_CENTRAL: WZ3Mu/Central/muons/3/eta in Skim_TriLep_DYJets10to50.root
2026-06-12 14:11:49,554 - INFO - [2022] MISSING_CENTRAL: WZ3Mu/Central/muons/3/eta in Skim_TriLep_TTG_PTG10to100.root
2026-06-12 14:11:49,554 - INFO - [2022] MISSING_CENTRAL: WZ3Mu/Central/muons/3/eta in Skim_TriLep_TTG_PTG100to200.root
2026-06-12 14:11:49,555 - INFO - [2022] MISSING_CENTRAL: WZ3Mu/Central/muons/3/eta in Skim_TriLep_TTG_PTG200toInf.root
2026-06-12 14:11:49,654 - INFO - [2022EE] MISSING_CENTRAL: WZ3Mu/Central/muons/3/eta in Skim_TriLep_DYJets.root
2026-06-12 14:11:49,655 - INFO - [2022EE] MISSING_CENTRAL: WZ3Mu/Central/muons/3/eta in Skim_TriLep_DYJets10to50.root
2026-06-12 14:11:49,778 - INFO - [2023] MISSING_CENTRAL: WZ3Mu/Central/muons/3/eta in Skim_TriLep_DYJets10to50.root
2026-06-12 14:11:49,785 - INFO - [2023] MISSING_CENTRAL: WZ3Mu/Central/muons/3/eta in Skim_TriLep_TTG_PTG100to200.root
2026-06-12 14:11:49,785 - INFO - [2023] MISSING_CENTRAL: WZ3Mu/Central/muons/3/eta in Skim_TriLep_TTG_PTG200toInf.root
2026-06-12 14:11:49,890 - INFO - [2023BPix] MISSING_CENTRAL: WZ3Mu/Central/muons/3/eta in Skim_TriLep_DYJets10to50.root
2026-06-12 14:11:49,897 - INFO - [2023BPix] MISSING_CENTRAL: WZ3Mu/Central/muons/3/eta in Skim_TriLep_TTG_PTG100to200.root
2026-06-12 14:11:49,898 - INFO - [2023BPix] MISSING_CENTRAL: WZ3Mu/Central/muons/3/eta in Skim_TriLep_TTG_PTG200toInf.root
2026-06-12 14:11:55,502 - INFO - [2022] MISSING_CENTRAL: WZ3Mu/Central/muons/3/eta in Skim_TriLep_DYJets.root
2026-06-12 14:11:55,503 - INFO - [2022] MISSING_CENTRAL: WZ3Mu/Central/muons/3/eta in Skim_TriLep_DYJets10to50.root
2026-06-12 14:11:55,503 - INFO - [2022] MISSING_CENTRAL: WZ3Mu/Central/muons/3/eta in Skim_TriLep_TTG_PTG10to100.root
2026-06-12 14:11:55,504 - INFO - [2022] MISSING_CENTRAL: WZ3Mu/Central/muons/3/eta in Skim_TriLep_TTG_PTG100to200.root
2026-06-12 14:11:55,504 - INFO - [2022] MISSING_CENTRAL: WZ3Mu/Central/muons/3/eta in Skim_TriLep_TTG_PTG200toInf.root
2026-06-12 14:11:55,517 - INFO - [2022] MISSING_FILE: /home/choij/Sync/workspace/ChargedHiggsAnalysisV3/SKNanoOutput/PromptAnalyzer/Run3Mu_RunNoWZSF_RunSyst_RunCR_NoTreeMode/2022/Skim_TriLep_ZZTo4L_powheg.root
2026-06-12 14:11:55,520 - INFO - [2022] MISSING_FILE: /home/choij/Sync/workspace/ChargedHiggsAnalysisV3/SKNanoOutput/PromptAnalyzer/Run3Mu_RunNoWZSF_RunSyst_RunCR_NoTreeMode/2022/Skim_TriLep_VBFHToZZTo4L.root
2026-06-12 14:11:55,521 - INFO - [2022] MISSING_FILE: /home/choij/Sync/workspace/ChargedHiggsAnalysisV3/SKNanoOutput/PromptAnalyzer/Run3Mu_RunNoWZSF_RunSyst_RunCR_NoTreeMode/2022/Skim_TriLep_ggHToZZTo4L.root
2026-06-12 14:11:55,522 - INFO - [2022EE] MISSING_CENTRAL: WZ3Mu/Central/muons/3/eta in Skim_TriLep_DYJets.root
2026-06-12 14:11:55,523 - INFO - [2022EE] MISSING_CENTRAL: WZ3Mu/Central/muons/3/eta in Skim_TriLep_DYJets10to50.root
2026-06-12 14:11:55,529 - INFO - [2022EE] MISSING_FILE: /home/choij/Sync/workspace/ChargedHiggsAnalysisV3/SKNanoOutput/PromptAnalyzer/Run3Mu_RunNoWZSF_RunSyst_RunCR_NoTreeMode/2022EE/Skim_TriLep_ZZTo4L_powheg.root
2026-06-12 14:11:55,532 - INFO - [2022EE] MISSING_FILE: /home/choij/Sync/workspace/ChargedHiggsAnalysisV3/SKNanoOutput/PromptAnalyzer/Run3Mu_RunNoWZSF_RunSyst_RunCR_NoTreeMode/2022EE/Skim_TriLep_VBFHToZZTo4L.root
2026-06-12 14:11:55,533 - INFO - [2022EE] MISSING_FILE: /home/choij/Sync/workspace/ChargedHiggsAnalysisV3/SKNanoOutput/PromptAnalyzer/Run3Mu_RunNoWZSF_RunSyst_RunCR_NoTreeMode/2022EE/Skim_TriLep_ggHToZZTo4L.root
2026-06-12 14:11:55,538 - INFO - [2023] MISSING_CENTRAL: WZ3Mu/Central/muons/3/eta in Skim_TriLep_DYJets10to50.root
2026-06-12 14:11:55,539 - INFO - [2023] MISSING_CENTRAL: WZ3Mu/Central/muons/3/eta in Skim_TriLep_TTG_PTG100to200.root
2026-06-12 14:11:55,539 - INFO - [2023] MISSING_CENTRAL: WZ3Mu/Central/muons/3/eta in Skim_TriLep_TTG_PTG200toInf.root
2026-06-12 14:11:55,543 - INFO - [2023] MISSING_FILE: /home/choij/Sync/workspace/ChargedHiggsAnalysisV3/SKNanoOutput/PromptAnalyzer/Run3Mu_RunNoWZSF_RunSyst_RunCR_NoTreeMode/2023/Skim_TriLep_ZZTo4L_powheg.root
2026-06-12 14:11:55,547 - INFO - [2023] MISSING_FILE: /home/choij/Sync/workspace/ChargedHiggsAnalysisV3/SKNanoOutput/PromptAnalyzer/Run3Mu_RunNoWZSF_RunSyst_RunCR_NoTreeMode/2023/Skim_TriLep_VBFHToZZTo4L.root
2026-06-12 14:11:55,547 - INFO - [2023] MISSING_FILE: /home/choij/Sync/workspace/ChargedHiggsAnalysisV3/SKNanoOutput/PromptAnalyzer/Run3Mu_RunNoWZSF_RunSyst_RunCR_NoTreeMode/2023/Skim_TriLep_ggHToZZTo4L.root
2026-06-12 14:11:55,550 - INFO - [2023BPix] MISSING_CENTRAL: WZ3Mu/Central/muons/3/eta in Skim_TriLep_DYJets10to50.root
2026-06-12 14:11:55,551 - INFO - [2023BPix] MISSING_CENTRAL: WZ3Mu/Central/muons/3/eta in Skim_TriLep_TTG_PTG100to200.root
2026-06-12 14:11:55,551 - INFO - [2023BPix] MISSING_CENTRAL: WZ3Mu/Central/muons/3/eta in Skim_TriLep_TTG_PTG200toInf.root
2026-06-12 14:11:55,555 - INFO - [2023BPix] MISSING_FILE: /home/choij/Sync/workspace/ChargedHiggsAnalysisV3/SKNanoOutput/PromptAnalyzer/Run3Mu_RunNoWZSF_RunSyst_RunCR_NoTreeMode/2023BPix/Skim_TriLep_ZZTo4L_powheg.root
2026-06-12 14:11:55,559 - INFO - [2023BPix] MISSING_FILE: /home/choij/Sync/workspace/ChargedHiggsAnalysisV3/SKNanoOutput/PromptAnalyzer/Run3Mu_RunNoWZSF_RunSyst_RunCR_NoTreeMode/2023BPix/Skim_TriLep_VBFHToZZTo4L.root
2026-06-12 14:11:55,559 - INFO - [2023BPix] MISSING_FILE: /home/choij/Sync/workspace/ChargedHiggsAnalysisV3/SKNanoOutput/PromptAnalyzer/Run3Mu_RunNoWZSF_RunSyst_RunCR_NoTreeMode/2023BPix/Skim_TriLep_ggHToZZTo4L.root
2026-06-12 14:35:44,870 - INFO - [2022] MISSING_CENTRAL: WZ3Mu/Central/muons/3/eta in Skim_TriLep_DYJets.root
2026-06-12 14:35:44,870 - INFO - [2022] MISSING_CENTRAL: WZ3Mu/Central/muons/3/eta in Skim_TriLep_DYJets10to50.root
2026-06-12 14:35:44,871 - INFO - [2022] MISSING_CENTRAL: WZ3Mu/Central/muons/3/eta in Skim_TriLep_TTG_PTG10to100.root
2026-06-12 14:35:44,871 - INFO - [2022] MISSING_CENTRAL: WZ3Mu/Central/muons/3/eta in Skim_TriLep_TTG_PTG100to200.root
2026-06-12 14:35:44,871 - INFO - [2022] MISSING_CENTRAL: WZ3Mu/Central/muons/3/eta in Skim_TriLep_TTG_PTG200toInf.root
2026-06-12 14:35:44,974 - INFO - [2022EE] MISSING_CENTRAL: WZ3Mu/Central/muons/3/eta in Skim_TriLep_DYJets.root
2026-06-12 14:35:44,974 - INFO - [2022EE] MISSING_CENTRAL: WZ3Mu/Central/muons/3/eta in Skim_TriLep_DYJets10to50.root
2026-06-12 14:35:45,098 - INFO - [2023] MISSING_CENTRAL: WZ3Mu/Central/muons/3/eta in Skim_TriLep_DYJets10to50.root
2026-06-12 14:35:45,105 - INFO - [2023] MISSING_CENTRAL: WZ3Mu/Central/muons/3/eta in Skim_TriLep_TTG_PTG100to200.root
2026-06-12 14:35:45,106 - INFO - [2023] MISSING_CENTRAL: WZ3Mu/Central/muons/3/eta in Skim_TriLep_TTG_PTG200toInf.root
2026-06-12 14:35:45,218 - INFO - [2023BPix] MISSING_CENTRAL: WZ3Mu/Central/muons/3/eta in Skim_TriLep_DYJets10to50.root
2026-06-12 14:35:45,226 - INFO - [2023BPix] MISSING_CENTRAL: WZ3Mu/Central/muons/3/eta in Skim_TriLep_TTG_PTG100to200.root
2026-06-12 14:35:45,227 - INFO - [2023BPix] MISSING_CENTRAL: WZ3Mu/Central/muons/3/eta in Skim_TriLep_TTG_PTG200toInf.root
2026-06-12 14:35:51,305 - INFO - [2022] MISSING_CENTRAL: WZ3Mu/Central/muons/3/eta in Skim_TriLep_DYJets.root
2026-06-12 14:35:51,305 - INFO - [2022] MISSING_CENTRAL: WZ3Mu/Central/muons/3/eta in Skim_TriLep_DYJets10to50.root
2026-06-12 14:35:51,306 - INFO - [2022] MISSING_CENTRAL: WZ3Mu/Central/muons/3/eta in Skim_TriLep_TTG_PTG10to100.root
2026-06-12 14:35:51,306 - INFO - [2022] MISSING_CENTRAL: WZ3Mu/Central/muons/3/eta in Skim_TriLep_TTG_PTG100to200.root
2026-06-12 14:35:51,307 - INFO - [2022] MISSING_CENTRAL: WZ3Mu/Central/muons/3/eta in Skim_TriLep_TTG_PTG200toInf.root
2026-06-12 14:35:51,320 - INFO - [2022] MISSING_FILE: /home/choij/Sync/workspace/ChargedHiggsAnalysisV3/SKNanoOutput/PromptAnalyzer/Run3Mu_RunNoWZSF_RunSyst_RunCR_NoTreeMode/2022/Skim_TriLep_ZZTo4L_powheg.root
2026-06-12 14:35:51,324 - INFO - [2022] MISSING_FILE: /home/choij/Sync/workspace/ChargedHiggsAnalysisV3/SKNanoOutput/PromptAnalyzer/Run3Mu_RunNoWZSF_RunSyst_RunCR_NoTreeMode/2022/Skim_TriLep_VBFHToZZTo4L.root
2026-06-12 14:35:51,324 - INFO - [2022] MISSING_FILE: /home/choij/Sync/workspace/ChargedHiggsAnalysisV3/SKNanoOutput/PromptAnalyzer/Run3Mu_RunNoWZSF_RunSyst_RunCR_NoTreeMode/2022/Skim_TriLep_ggHToZZTo4L.root
2026-06-12 14:35:51,326 - INFO - [2022EE] MISSING_CENTRAL: WZ3Mu/Central/muons/3/eta in Skim_TriLep_DYJets.root
2026-06-12 14:35:51,327 - INFO - [2022EE] MISSING_CENTRAL: WZ3Mu/Central/muons/3/eta in Skim_TriLep_DYJets10to50.root
2026-06-12 14:35:51,333 - INFO - [2022EE] MISSING_FILE: /home/choij/Sync/workspace/ChargedHiggsAnalysisV3/SKNanoOutput/PromptAnalyzer/Run3Mu_RunNoWZSF_RunSyst_RunCR_NoTreeMode/2022EE/Skim_TriLep_ZZTo4L_powheg.root
2026-06-12 14:35:51,337 - INFO - [2022EE] MISSING_FILE: /home/choij/Sync/workspace/ChargedHiggsAnalysisV3/SKNanoOutput/PromptAnalyzer/Run3Mu_RunNoWZSF_RunSyst_RunCR_NoTreeMode/2022EE/Skim_TriLep_VBFHToZZTo4L.root
2026-06-12 14:35:51,337 - INFO - [2022EE] MISSING_FILE: /home/choij/Sync/workspace/ChargedHiggsAnalysisV3/SKNanoOutput/PromptAnalyzer/Run3Mu_RunNoWZSF_RunSyst_RunCR_NoTreeMode/2022EE/Skim_TriLep_ggHToZZTo4L.root
2026-06-12 14:35:51,342 - INFO - [2023] MISSING_CENTRAL: WZ3Mu/Central/muons/3/eta in Skim_TriLep_DYJets10to50.root
2026-06-12 14:35:51,343 - INFO - [2023] MISSING_CENTRAL: WZ3Mu/Central/muons/3/eta in Skim_TriLep_TTG_PTG100to200.root
2026-06-12 14:35:51,344 - INFO - [2023] MISSING_CENTRAL: WZ3Mu/Central/muons/3/eta in Skim_TriLep_TTG_PTG200toInf.root
2026-06-12 14:35:51,348 - INFO - [2023] MISSING_FILE: /home/choij/Sync/workspace/ChargedHiggsAnalysisV3/SKNanoOutput/PromptAnalyzer/Run3Mu_RunNoWZSF_RunSyst_RunCR_NoTreeMode/2023/Skim_TriLep_ZZTo4L_powheg.root
2026-06-12 14:35:51,352 - INFO - [2023] MISSING_FILE: /home/choij/Sync/workspace/ChargedHiggsAnalysisV3/SKNanoOutput/PromptAnalyzer/Run3Mu_RunNoWZSF_RunSyst_RunCR_NoTreeMode/2023/Skim_TriLep_VBFHToZZTo4L.root
2026-06-12 14:35:51,352 - INFO - [2023] MISSING_FILE: /home/choij/Sync/workspace/ChargedHiggsAnalysisV3/SKNanoOutput/PromptAnalyzer/Run3Mu_RunNoWZSF_RunSyst_RunCR_NoTreeMode/2023/Skim_TriLep_ggHToZZTo4L.root
2026-06-12 14:35:51,355 - INFO - [2023BPix] MISSING_CENTRAL: WZ3Mu/Central/muons/3/eta in Skim_TriLep_DYJets10to50.root
2026-06-12 14:35:51,357 - INFO - [2023BPix] MISSING_CENTRAL: WZ3Mu/Central/muons/3/eta in Skim_TriLep_TTG_PTG100to200.root
2026-06-12 14:35:51,357 - INFO - [2023BPix] MISSING_CENTRAL: WZ3Mu/Central/muons/3/eta in Skim_TriLep_TTG_PTG200toInf.root
2026-06-12 14:35:51,361 - INFO - [2023BPix] MISSING_FILE: /home/choij/Sync/workspace/ChargedHiggsAnalysisV3/SKNanoOutput/PromptAnalyzer/Run3Mu_RunNoWZSF_RunSyst_RunCR_NoTreeMode/2023BPix/Skim_TriLep_ZZTo4L_powheg.root
2026-06-12 14:35:51,365 - INFO - [2023BPix] MISSING_FILE: /home/choij/Sync/workspace/ChargedHiggsAnalysisV3/SKNanoOutput/PromptAnalyzer/Run3Mu_RunNoWZSF_RunSyst_RunCR_NoTreeMode/2023BPix/Skim_TriLep_VBFHToZZTo4L.root
2026-06-12 14:35:51,365 - INFO - [2023BPix] MISSING_FILE: /home/choij/Sync/workspace/ChargedHiggsAnalysisV3/SKNanoOutput/PromptAnalyzer/Run3Mu_RunNoWZSF_RunSyst_RunCR_NoTreeMode/2023BPix/Skim_TriLep_ggHToZZTo4L.root
2026-06-18 00:30:32,645 - INFO - [2022] MISSING_CENTRAL: WZ3Mu/Central/muons/3/eta in Skim_TriLep_DYJets.root
2026-06-18 00:30:32,646 - INFO - [2022] MISSING_CENTRAL: WZ3Mu/Central/muons/3/eta in Skim_TriLep_DYJets10to50.root
2026-06-18 00:30:32,647 - INFO - [2022] MISSING_CENTRAL: WZ3Mu/Central/muons/3/eta in Skim_TriLep_TTG_PTG10to100.root
2026-06-18 00:30:32,647 - INFO - [2022] MISSING_CENTRAL: WZ3Mu/Central/muons/3/eta in Skim_TriLep_TTG_PTG100to200.root
2026-06-18 00:30:32,648 - INFO - [2022] MISSING_CENTRAL: WZ3Mu/Central/muons/3/eta in Skim_TriLep_TTG_PTG200toInf.root
2026-06-18 00:30:32,762 - INFO - [2022EE] MISSING_CENTRAL: WZ3Mu/Central/muons/3/eta in Skim_TriLep_DYJets.root
2026-06-18 00:30:32,763 - INFO - [2022EE] MISSING_CENTRAL: WZ3Mu/Central/muons/3/eta in Skim_TriLep_DYJets10to50.root
2026-06-18 00:30:32,896 - INFO - [2023] MISSING_CENTRAL: WZ3Mu/Central/muons/3/eta in Skim_TriLep_DYJets10to50.root
2026-06-18 00:30:32,903 - INFO - [2023] MISSING_CENTRAL: WZ3Mu/Central/muons/3/eta in Skim_TriLep_TTG_PTG100to200.root
2026-06-18 00:30:32,903 - INFO - [2023] MISSING_CENTRAL: WZ3Mu/Central/muons/3/eta in Skim_TriLep_TTG_PTG200toInf.root
2026-06-18 00:30:33,011 - INFO - [2023BPix] MISSING_CENTRAL: WZ3Mu/Central/muons/3/eta in Skim_TriLep_DYJets10to50.root
2026-06-18 00:30:33,018 - INFO - [2023BPix] MISSING_CENTRAL: WZ3Mu/Central/muons/3/eta in Skim_TriLep_TTG_PTG100to200.root
2026-06-18 00:30:33,019 - INFO - [2023BPix] MISSING_CENTRAL: WZ3Mu/Central/muons/3/eta in Skim_TriLep_TTG_PTG200toInf.root
2026-06-18 00:30:38,602 - INFO - [2022] MISSING_CENTRAL: WZ3Mu/Central/muons/3/eta in Skim_TriLep_DYJets.root
2026-06-18 00:30:38,602 - INFO - [2022] MISSING_CENTRAL: WZ3Mu/Central/muons/3/eta in Skim_TriLep_DYJets10to50.root
2026-06-18 00:30:38,603 - INFO - [2022] MISSING_CENTRAL: WZ3Mu/Central/muons/3/eta in Skim_TriLep_TTG_PTG10to100.root
2026-06-18 00:30:38,603 - INFO - [2022] MISSING_CENTRAL: WZ3Mu/Central/muons/3/eta in Skim_TriLep_TTG_PTG100to200.root
2026-06-18 00:30:38,604 - INFO - [2022] MISSING_CENTRAL: WZ3Mu/Central/muons/3/eta in Skim_TriLep_TTG_PTG200toInf.root
2026-06-18 00:30:38,625 - INFO - [2022EE] MISSING_CENTRAL: WZ3Mu/Central/muons/3/eta in Skim_TriLep_DYJets.root
2026-06-18 00:30:38,626 - INFO - [2022EE] MISSING_CENTRAL: WZ3Mu/Central/muons/3/eta in Skim_TriLep_DYJets10to50.root
2026-06-18 00:30:38,643 - INFO - [2023] MISSING_CENTRAL: WZ3Mu/Central/muons/3/eta in Skim_TriLep_DYJets10to50.root
2026-06-18 00:30:38,644 - INFO - [2023] MISSING_CENTRAL: WZ3Mu/Central/muons/3/eta in Skim_TriLep_TTG_PTG100to200.root
2026-06-18 00:30:38,644 - INFO - [2023] MISSING_CENTRAL: WZ3Mu/Central/muons/3/eta in Skim_TriLep_TTG_PTG200toInf.root
2026-06-18 00:30:38,658 - INFO - [2023BPix] MISSING_CENTRAL: WZ3Mu/Central/muons/3/eta in Skim_TriLep_DYJets10to50.root
2026-06-18 00:30:38,659 - INFO - [2023BPix] MISSING_CENTRAL: WZ3Mu/Central/muons/3/eta in Skim_TriLep_TTG_PTG100to200.root
2026-06-18 00:30:38,659 - INFO - [2023BPix] MISSING_CENTRAL: WZ3Mu/Central/muons/3/eta in Skim_TriLep_TTG_PTG200toInf.root
2026-06-29 16:40:02,385 - INFO - [2022] MISSING_CENTRAL: WZ3Mu/Central/muons/3/eta in Skim_TriLep_DYJets.root
2026-06-29 16:40:02,386 - INFO - [2022] MISSING_CENTRAL: WZ3Mu/Central/muons/3/eta in Skim_TriLep_DYJets10to50.root
2026-06-29 16:40:02,400 - INFO - [2022] MISSING_CENTRAL: WZ3Mu/Central/muons/3/eta in Skim_TriLep_TTG_PTG10to100.root
2026-06-29 16:40:02,401 - INFO - [2022] MISSING_CENTRAL: WZ3Mu/Central/muons/3/eta in Skim_TriLep_TTG_PTG100to200.root
2026-06-29 16:40:02,402 - INFO - [2022] MISSING_CENTRAL: WZ3Mu/Central/muons/3/eta in Skim_TriLep_TTG_PTG200toInf.root
2026-06-29 16:40:02,462 - INFO - [2022] MISSING_FILE: /data9/Users/choij/Sync/workspace/ChargedHiggsAnalysisV3/SKNanoOutput/PromptAnalyzer/Run3Mu_RunSyst_RunCR_NoTreeMode/2022/Skim_TriLep_tHW.root
2026-06-29 16:40:02,462 - INFO - [2022] MISSING_FILE: /data9/Users/choij/Sync/workspace/ChargedHiggsAnalysisV3/SKNanoOutput/PromptAnalyzer/Run3Mu_RunSyst_RunCR_NoTreeMode/2022/Skim_TriLep_tWZ_thadWlep.root
2026-06-29 16:40:02,463 - INFO - [2022] MISSING_FILE: /data9/Users/choij/Sync/workspace/ChargedHiggsAnalysisV3/SKNanoOutput/PromptAnalyzer/Run3Mu_RunSyst_RunCR_NoTreeMode/2022/Skim_TriLep_tWZ_tlepWhad.root
2026-06-29 16:40:02,463 - INFO - [2022] MISSING_FILE: /data9/Users/choij/Sync/workspace/ChargedHiggsAnalysisV3/SKNanoOutput/PromptAnalyzer/Run3Mu_RunSyst_RunCR_NoTreeMode/2022/Skim_TriLep_tWZ_tlepWlep.root
2026-06-29 16:40:02,588 - INFO - [2022EE] MISSING_CENTRAL: WZ3Mu/Central/muons/3/eta in Skim_TriLep_DYJets.root
2026-06-29 16:40:02,589 - INFO - [2022EE] MISSING_CENTRAL: WZ3Mu/Central/muons/3/eta in Skim_TriLep_DYJets10to50.root
2026-06-29 16:40:02,716 - INFO - [2022EE] MISSING_FILE: /data9/Users/choij/Sync/workspace/ChargedHiggsAnalysisV3/SKNanoOutput/PromptAnalyzer/Run3Mu_RunSyst_RunCR_NoTreeMode/2022EE/Skim_TriLep_tHW.root
2026-06-29 16:40:02,717 - INFO - [2022EE] MISSING_FILE: /data9/Users/choij/Sync/workspace/ChargedHiggsAnalysisV3/SKNanoOutput/PromptAnalyzer/Run3Mu_RunSyst_RunCR_NoTreeMode/2022EE/Skim_TriLep_tWZ_thadWlep.root
2026-06-29 16:40:02,717 - INFO - [2022EE] MISSING_FILE: /data9/Users/choij/Sync/workspace/ChargedHiggsAnalysisV3/SKNanoOutput/PromptAnalyzer/Run3Mu_RunSyst_RunCR_NoTreeMode/2022EE/Skim_TriLep_tWZ_tlepWhad.root
2026-06-29 16:40:02,717 - INFO - [2022EE] MISSING_FILE: /data9/Users/choij/Sync/workspace/ChargedHiggsAnalysisV3/SKNanoOutput/PromptAnalyzer/Run3Mu_RunSyst_RunCR_NoTreeMode/2022EE/Skim_TriLep_tWZ_tlepWlep.root
2026-06-29 16:40:02,798 - INFO - [2023] MISSING_CENTRAL: WZ3Mu/Central/muons/3/eta in Skim_TriLep_DYJets10to50.root
2026-06-29 16:40:02,810 - INFO - [2023] MISSING_CENTRAL: WZ3Mu/Central/muons/3/eta in Skim_TriLep_TTG_PTG100to200.root
2026-06-29 16:40:02,812 - INFO - [2023] MISSING_CENTRAL: WZ3Mu/Central/muons/3/eta in Skim_TriLep_TTG_PTG200toInf.root
2026-07-01 05:34:54,384 - INFO - [2022] MISSING_CENTRAL: WZ3Mu/Central/muons/3/eta in Skim_TriLep_DYJets.root
2026-07-01 05:34:54,385 - INFO - [2022] MISSING_CENTRAL: WZ3Mu/Central/muons/3/eta in Skim_TriLep_DYJets10to50.root
2026-07-01 05:34:54,387 - INFO - [2022] MISSING_CENTRAL: WZ3Mu/Central/muons/3/eta in Skim_TriLep_TTG_PTG10to100.root
2026-07-01 05:34:54,388 - INFO - [2022] MISSING_CENTRAL: WZ3Mu/Central/muons/3/eta in Skim_TriLep_TTG_PTG100to200.root
2026-07-01 05:34:54,389 - INFO - [2022] MISSING_CENTRAL: WZ3Mu/Central/muons/3/eta in Skim_TriLep_TTG_PTG200toInf.root
2026-07-01 05:34:54,600 - INFO - [2022EE] MISSING_CENTRAL: WZ3Mu/Central/muons/3/eta in Skim_TriLep_DYJets.root
2026-07-01 05:34:54,601 - INFO - [2022EE] MISSING_CENTRAL: WZ3Mu/Central/muons/3/eta in Skim_TriLep_DYJets10to50.root
2026-07-01 05:34:54,780 - INFO - [2023] MISSING_CENTRAL: WZ3Mu/Central/muons/3/eta in Skim_TriLep_DYJets10to50.root
2026-07-01 05:34:54,789 - INFO - [2023] MISSING_CENTRAL: WZ3Mu/Central/muons/3/eta in Skim_TriLep_TTG_PTG100to200.root
2026-07-01 05:34:54,790 - INFO - [2023] MISSING_CENTRAL: WZ3Mu/Central/muons/3/eta in Skim_TriLep_TTG_PTG200toInf.root
2026-07-01 05:34:54,996 - INFO - [2023BPix] MISSING_CENTRAL: WZ3Mu/Central/muons/3/eta in Skim_TriLep_DYJets10to50.root
2026-07-01 05:34:55,010 - INFO - [2023BPix] MISSING_CENTRAL: WZ3Mu/Central/muons/3/eta in Skim_TriLep_TTG_PTG100to200.root
2026-07-01 05:34:55,013 - INFO - [2023BPix] MISSING_CENTRAL: WZ3Mu/Central/muons/3/eta in Skim_TriLep_TTG_PTG200toInf.root
2026-07-01 06:00:13,490 - INFO - [2022] MISSING_FILE: /data9/Users/choij/Sync/workspace/ChargedHiggsAnalysisV3/SKNanoOutput/PromptAnalyzer/Run3Mu_RunCR_NoTreeMode/2022/Skim_TriLep_DoubleMuon_C.root
2026-07-01 06:00:13,490 - INFO - [2022] MISSING_FILE: /data9/Users/choij/Sync/workspace/ChargedHiggsAnalysisV3/SKNanoOutput/PromptAnalyzer/Run3Mu_RunCR_NoTreeMode/2022/Skim_TriLep_Muon_C.root
2026-07-01 06:00:13,490 - INFO - [2022] MISSING_FILE: /data9/Users/choij/Sync/workspace/ChargedHiggsAnalysisV3/SKNanoOutput/PromptAnalyzer/Run3Mu_RunCR_NoTreeMode/2022/Skim_TriLep_Muon_D.root
2026-07-01 06:00:13,490 - INFO - [2022EE] MISSING_FILE: /data9/Users/choij/Sync/workspace/ChargedHiggsAnalysisV3/SKNanoOutput/PromptAnalyzer/Run3Mu_RunCR_NoTreeMode/2022EE/Skim_TriLep_Muon_E.root
2026-07-01 06:00:13,490 - INFO - [2022EE] MISSING_FILE: /data9/Users/choij/Sync/workspace/ChargedHiggsAnalysisV3/SKNanoOutput/PromptAnalyzer/Run3Mu_RunCR_NoTreeMode/2022EE/Skim_TriLep_Muon_F.root
2026-07-01 06:00:13,490 - INFO - [2022EE] MISSING_FILE: /data9/Users/choij/Sync/workspace/ChargedHiggsAnalysisV3/SKNanoOutput/PromptAnalyzer/Run3Mu_RunCR_NoTreeMode/2022EE/Skim_TriLep_Muon_G.root
2026-07-01 06:00:13,490 - INFO - [2023] MISSING_FILE: /data9/Users/choij/Sync/workspace/ChargedHiggsAnalysisV3/SKNanoOutput/PromptAnalyzer/Run3Mu_RunCR_NoTreeMode/2023/Skim_TriLep_Muon0_C_v1.root
2026-07-01 06:00:13,490 - INFO - [2023] MISSING_FILE: /data9/Users/choij/Sync/workspace/ChargedHiggsAnalysisV3/SKNanoOutput/PromptAnalyzer/Run3Mu_RunCR_NoTreeMode/2023/Skim_TriLep_Muon0_C_v2.root
2026-07-01 06:00:13,490 - INFO - [2023] MISSING_FILE: /data9/Users/choij/Sync/workspace/ChargedHiggsAnalysisV3/SKNanoOutput/PromptAnalyzer/Run3Mu_RunCR_NoTreeMode/2023/Skim_TriLep_Muon0_C_v3.root
2026-07-01 06:00:13,490 - INFO - [2023] MISSING_FILE: /data9/Users/choij/Sync/workspace/ChargedHiggsAnalysisV3/SKNanoOutput/PromptAnalyzer/Run3Mu_RunCR_NoTreeMode/2023/Skim_TriLep_Muon0_C_v4.root
2026-07-01 06:00:13,490 - INFO - [2023] MISSING_FILE: /data9/Users/choij/Sync/workspace/ChargedHiggsAnalysisV3/SKNanoOutput/PromptAnalyzer/Run3Mu_RunCR_NoTreeMode/2023/Skim_TriLep_Muon1_C_v1.root
2026-07-01 06:00:13,490 - INFO - [2023] MISSING_FILE: /data9/Users/choij/Sync/workspace/ChargedHiggsAnalysisV3/SKNanoOutput/PromptAnalyzer/Run3Mu_RunCR_NoTreeMode/2023/Skim_TriLep_Muon1_C_v2.root
2026-07-01 06:00:13,490 - INFO - [2023] MISSING_FILE: /data9/Users/choij/Sync/workspace/ChargedHiggsAnalysisV3/SKNanoOutput/PromptAnalyzer/Run3Mu_RunCR_NoTreeMode/2023/Skim_TriLep_Muon1_C_v3.root
2026-07-01 06:00:13,490 - INFO - [2023] MISSING_FILE: /data9/Users/choij/Sync/workspace/ChargedHiggsAnalysisV3/SKNanoOutput/PromptAnalyzer/Run3Mu_RunCR_NoTreeMode/2023/Skim_TriLep_Muon1_C_v4.root
2026-07-01 06:00:13,490 - INFO - [2023BPix] MISSING_FILE: /data9/Users/choij/Sync/workspace/ChargedHiggsAnalysisV3/SKNanoOutput/PromptAnalyzer/Run3Mu_RunCR_NoTreeMode/2023BPix/Skim_TriLep_Muon0_D_v1.root
2026-07-01 06:00:13,490 - INFO - [2023BPix] MISSING_FILE: /data9/Users/choij/Sync/workspace/ChargedHiggsAnalysisV3/SKNanoOutput/PromptAnalyzer/Run3Mu_RunCR_NoTreeMode/2023BPix/Skim_TriLep_Muon0_D_v2.root
2026-07-01 06:00:13,491 - INFO - [2023BPix] MISSING_FILE: /data9/Users/choij/Sync/workspace/ChargedHiggsAnalysisV3/SKNanoOutput/PromptAnalyzer/Run3Mu_RunCR_NoTreeMode/2023BPix/Skim_TriLep_Muon1_D_v1.root
2026-07-01 06:00:13,491 - INFO - [2023BPix] MISSING_FILE: /data9/Users/choij/Sync/workspace/ChargedHiggsAnalysisV3/SKNanoOutput/PromptAnalyzer/Run3Mu_RunCR_NoTreeMode/2023BPix/Skim_TriLep_Muon1_D_v2.root
2026-07-01 06:52:32,961 - INFO - [2022] MISSING_CENTRAL: WZ3Mu/Central/muons/3/eta in Skim_TriLep_DYJets.root
2026-07-01 06:52:32,962 - INFO - [2022] MISSING_CENTRAL: WZ3Mu/Central/muons/3/eta in Skim_TriLep_DYJets10to50.root
2026-07-01 06:52:32,963 - INFO - [2022] MISSING_CENTRAL: WZ3Mu/Central/muons/3/eta in Skim_TriLep_TTG_PTG10to100.root
2026-07-01 06:52:32,964 - INFO - [2022] MISSING_CENTRAL: WZ3Mu/Central/muons/3/eta in Skim_TriLep_TTG_PTG100to200.root
2026-07-01 06:52:32,965 - INFO - [2022] MISSING_CENTRAL: WZ3Mu/Central/muons/3/eta in Skim_TriLep_TTG_PTG200toInf.root
2026-07-01 06:52:33,113 - INFO - [2022EE] MISSING_CENTRAL: WZ3Mu/Central/muons/3/eta in Skim_TriLep_DYJets.root
2026-07-01 06:52:33,114 - INFO - [2022EE] MISSING_CENTRAL: WZ3Mu/Central/muons/3/eta in Skim_TriLep_DYJets10to50.root
2026-07-01 06:52:33,289 - INFO - [2023] MISSING_CENTRAL: WZ3Mu/Central/muons/3/eta in Skim_TriLep_DYJets10to50.root
2026-07-01 06:52:33,302 - INFO - [2023] MISSING_CENTRAL: WZ3Mu/Central/muons/3/eta in Skim_TriLep_TTG_PTG100to200.root
2026-07-01 06:52:33,303 - INFO - [2023] MISSING_CENTRAL: WZ3Mu/Central/muons/3/eta in Skim_TriLep_TTG_PTG200toInf.root
2026-07-01 06:52:33,532 - INFO - [2023BPix] MISSING_CENTRAL: WZ3Mu/Central/muons/3/eta in Skim_TriLep_DYJets10to50.root
2026-07-01 06:52:33,545 - INFO - [2023BPix] MISSING_CENTRAL: WZ3Mu/Central/muons/3/eta in Skim_TriLep_TTG_PTG100to200.root
2026-07-01 06:52:33,547 - INFO - [2023BPix] MISSING_CENTRAL: WZ3Mu/Central/muons/3/eta in Skim_TriLep_TTG_PTG200toInf.root
2026-07-01 15:27:48,353 - INFO - [2022] MISSING_CENTRAL: WZ3Mu/Central/muons/3/eta in Skim_TriLep_DYJets.root
2026-07-01 15:27:48,354 - INFO - [2022] MISSING_CENTRAL: WZ3Mu/Central/muons/3/eta in Skim_TriLep_DYJets10to50.root
2026-07-01 15:27:48,355 - INFO - [2022] MISSING_CENTRAL: WZ3Mu/Central/muons/3/eta in Skim_TriLep_TTG_PTG10to100.root
2026-07-01 15:27:48,355 - INFO - [2022] MISSING_CENTRAL: WZ3Mu/Central/muons/3/eta in Skim_TriLep_TTG_PTG100to200.root
2026-07-01 15:27:48,356 - INFO - [2022] MISSING_CENTRAL: WZ3Mu/Central/muons/3/eta in Skim_TriLep_TTG_PTG200toInf.root
2026-07-01 15:27:48,484 - INFO - [2022EE] MISSING_CENTRAL: WZ3Mu/Central/muons/3/eta in Skim_TriLep_DYJets.root
2026-07-01 15:27:48,485 - INFO - [2022EE] MISSING_CENTRAL: WZ3Mu/Central/muons/3/eta in Skim_TriLep_DYJets10to50.root
2026-07-01 15:27:48,640 - INFO - [2023] MISSING_CENTRAL: WZ3Mu/Central/muons/3/eta in Skim_TriLep_DYJets10to50.root
2026-07-01 15:27:48,648 - INFO - [2023] MISSING_CENTRAL: WZ3Mu/Central/muons/3/eta in Skim_TriLep_TTG_PTG100to200.root
2026-07-01 15:27:48,649 - INFO - [2023] MISSING_CENTRAL: WZ3Mu/Central/muons/3/eta in Skim_TriLep_TTG_PTG200toInf.root
2026-07-01 15:27:48,791 - INFO - [2023BPix] MISSING_CENTRAL: WZ3Mu/Central/muons/3/eta in Skim_TriLep_DYJets10to50.root
2026-07-01 15:27:48,800 - INFO - [2023BPix] MISSING_CENTRAL: WZ3Mu/Central/muons/3/eta in Skim_TriLep_TTG_PTG100to200.root
2026-07-01 15:27:48,801 - INFO - [2023BPix] MISSING_CENTRAL: WZ3Mu/Central/muons/3/eta in Skim_TriLep_TTG_PTG200toInf.root
2026-07-01 17:44:57,554 - INFO - [2022] MISSING_CENTRAL: WZ3Mu/Central/muons/3/eta in Skim_TriLep_DYJets.root
2026-07-01 17:44:57,556 - INFO - [2022] MISSING_CENTRAL: WZ3Mu/Central/muons/3/eta in Skim_TriLep_DYJets10to50.root
2026-07-01 17:44:57,557 - INFO - [2022] MISSING_CENTRAL: WZ3Mu/Central/muons/3/eta in Skim_TriLep_TTG_PTG10to100.root
2026-07-01 17:44:57,558 - INFO - [2022] MISSING_CENTRAL: WZ3Mu/Central/muons/3/eta in Skim_TriLep_TTG_PTG100to200.root
2026-07-01 17:44:57,559 - INFO - [2022] MISSING_CENTRAL: WZ3Mu/Central/muons/3/eta in Skim_TriLep_TTG_PTG200toInf.root
2026-07-01 17:44:57,779 - INFO - [2022EE] MISSING_CENTRAL: WZ3Mu/Central/muons/3/eta in Skim_TriLep_DYJets.root
2026-07-01 17:44:57,781 - INFO - [2022EE] MISSING_CENTRAL: WZ3Mu/Central/muons/3/eta in Skim_TriLep_DYJets10to50.root
2026-07-01 17:44:58,035 - INFO - [2023] MISSING_CENTRAL: WZ3Mu/Central/muons/3/eta in Skim_TriLep_DYJets10to50.root
2026-07-01 17:44:58,048 - INFO - [2023] MISSING_CENTRAL: WZ3Mu/Central/muons/3/eta in Skim_TriLep_TTG_PTG100to200.root
2026-07-01 17:44:58,050 - INFO - [2023] MISSING_CENTRAL: WZ3Mu/Central/muons/3/eta in Skim_TriLep_TTG_PTG200toInf.root
2026-07-01 17:44:58,296 - INFO - [2023BPix] MISSING_CENTRAL: WZ3Mu/Central/muons/3/eta in Skim_TriLep_DYJets10to50.root
2026-07-01 17:44:58,310 - INFO - [2023BPix] MISSING_CENTRAL: WZ3Mu/Central/muons/3/eta in Skim_TriLep_TTG_PTG100to200.root
2026-07-01 17:44:58,312 - INFO - [2023BPix] MISSING_CENTRAL: WZ3Mu/Central/muons/3/eta in Skim_TriLep_TTG_PTG200toInf.root
2026-07-21 19:44:35,220 - INFO - [2022] MISSING_CENTRAL: WZ3Mu/Central/muons/3/eta in Skim_TriLep_DYJets.root
2026-07-21 19:44:35,220 - INFO - [2022] MISSING_CENTRAL: WZ3Mu/Central/muons/3/eta in Skim_TriLep_DYJets10to50.root
2026-07-21 19:44:35,221 - INFO - [2022] MISSING_CENTRAL: WZ3Mu/Central/muons/3/eta in Skim_TriLep_TTG_PTG10to100.root
2026-07-21 19:44:35,221 - INFO - [2022] MISSING_CENTRAL: WZ3Mu/Central/muons/3/eta in Skim_TriLep_TTG_PTG100to200.root
2026-07-21 19:44:35,222 - INFO - [2022] MISSING_CENTRAL: WZ3Mu/Central/muons/3/eta in Skim_TriLep_TTG_PTG200toInf.root
2026-07-21 19:44:35,533 - INFO - [2022EE] MISSING_CENTRAL: WZ3Mu/Central/muons/3/eta in Skim_TriLep_DYJets.root
2026-07-21 19:44:35,533 - INFO - [2022EE] MISSING_CENTRAL: WZ3Mu/Central/muons/3/eta in Skim_TriLep_DYJets10to50.root
2026-07-21 19:44:35,939 - INFO - [2023] MISSING_CENTRAL: WZ3Mu/Central/muons/3/eta in Skim_TriLep_DYJets10to50.root
2026-07-21 19:44:35,958 - INFO - [2023] MISSING_CENTRAL: WZ3Mu/Central/muons/3/eta in Skim_TriLep_TTG_PTG100to200.root
2026-07-21 19:44:35,959 - INFO - [2023] MISSING_CENTRAL: WZ3Mu/Central/muons/3/eta in Skim_TriLep_TTG_PTG200toInf.root
2026-07-21 19:44:36,348 - INFO - [2023BPix] MISSING_CENTRAL: WZ3Mu/Central/muons/3/eta in Skim_TriLep_DYJets10to50.root
2026-07-21 19:44:36,370 - INFO - [2023BPix] MISSING_CENTRAL: WZ3Mu/Central/muons/3/eta in Skim_TriLep_TTG_PTG100to200.root
2026-07-21 19:44:36,371 - INFO - [2023BPix] MISSING_CENTRAL: WZ3Mu/Central/muons/3/eta in Skim_TriLep_TTG_PTG200toInf.root
