2025-09-24 16:09:50,442 - INFO - [2022] MISSING_CENTRAL: WZ3Mu/Central/ZCand/pt in Skim_TriLep_DYJets.root
2025-09-24 16:09:50,442 - INFO - [2022] MISSING_CENTRAL: WZ3Mu/Central/ZCand/pt in Skim_TriLep_DYJets10to50.root
2025-09-24 16:09:50,443 - INFO - [2022] MISSING_CENTRAL: WZ3Mu/Central/ZCand/pt in Skim_TriLep_DYGTo2LG_MLL4to50_PTG10to100.root
2025-09-24 16:09:50,443 - INFO - [2022] MISSING_CENTRAL: WZ3Mu/Central/ZCand/pt in Skim_TriLep_DYGTo2LG_MLL4to50_PTG100to200.root
2025-09-24 16:09:50,443 - INFO - [2022] MISSING_CENTRAL: WZ3Mu/Central/ZCand/pt in Skim_TriLep_DYGTo2LG_MLL4to50_PTG200toInf.root
2025-09-24 16:09:50,479 - INFO - [2022] MISSING_CENTRAL: WZ3Mu/Central/ZCand/pt in Skim_TriLep_TTG_PTG100to200.root
2025-09-24 16:09:50,480 - INFO - [2022] MISSING_CENTRAL: WZ3Mu/Central/ZCand/pt in Skim_TriLep_TTG_PTG200toInf.root
2025-09-24 16:09:50,649 - INFO - [2022EE] MISSING_CENTRAL: WZ3Mu/Central/ZCand/pt in Skim_TriLep_DYJets.root
2025-09-24 16:09:50,649 - INFO - [2022EE] MISSING_CENTRAL: WZ3Mu/Central/ZCand/pt in Skim_TriLep_DYJets10to50.root
2025-09-24 16:09:51,030 - INFO - [2023] MISSING_CENTRAL: WZ3Mu/Central/ZCand/pt in Skim_TriLep_DYJets10to50.root
2025-09-24 16:09:51,117 - INFO - [2023] MISSING_CENTRAL: WZ3Mu/Central/ZCand/pt in Skim_TriLep_TTG_PTG200toInf.root
2025-09-24 16:09:51,316 - INFO - [2023BPix] MISSING_CENTRAL: WZ3Mu/Central/ZCand/pt in Skim_TriLep_DYJets10to50.root
2025-09-24 16:09:51,333 - INFO - [2023BPix] MISSING_SYSTEMATIC: WZ3Mu/JetEn_Up/ZCand/pt in Skim_TriLep_DYGTo2LG_MLL4to50_PTG200toInf.root
2025-09-24 16:09:51,333 - INFO - [2023BPix] MISSING_SYSTEMATIC: WZ3Mu/JetEn_Down/ZCand/pt in Skim_TriLep_DYGTo2LG_MLL4to50_PTG200toInf.root
2025-09-24 16:09:51,334 - INFO - [2023BPix] MISSING_SYSTEMATIC: WZ3Mu/JetRes_Up/ZCand/pt in Skim_TriLep_DYGTo2LG_MLL4to50_PTG200toInf.root
2025-09-24 16:09:51,407 - INFO - [2023BPix] MISSING_CENTRAL: WZ3Mu/Central/ZCand/pt in Skim_TriLep_TTG_PTG200toInf.root
2025-09-24 16:10:02,178 - INFO - [2022] MISSING_CENTRAL: WZ3Mu/Central/ZCand/pt in Skim_TriLep_DYJets.root
2025-09-24 16:10:02,178 - INFO - [2022] MISSING_CENTRAL: WZ3Mu/Central/ZCand/pt in Skim_TriLep_DYJets10to50.root
2025-09-24 16:10:02,178 - INFO - [2022] MISSING_CENTRAL: WZ3Mu/Central/ZCand/pt in Skim_TriLep_DYGTo2LG_MLL4to50_PTG10to100.root
2025-09-24 16:10:02,179 - INFO - [2022] MISSING_CENTRAL: WZ3Mu/Central/ZCand/pt in Skim_TriLep_DYGTo2LG_MLL4to50_PTG100to200.root
2025-09-24 16:10:02,179 - INFO - [2022] MISSING_CENTRAL: WZ3Mu/Central/ZCand/pt in Skim_TriLep_DYGTo2LG_MLL4to50_PTG200toInf.root
2025-09-24 16:10:02,180 - INFO - [2022] MISSING_CENTRAL: WZ3Mu/Central/ZCand/pt in Skim_TriLep_TTG_PTG100to200.root
2025-09-24 16:10:02,180 - INFO - [2022] MISSING_CENTRAL: WZ3Mu/Central/ZCand/pt in Skim_TriLep_TTG_PTG200toInf.root
2025-09-24 16:10:02,182 - INFO - [2022] MISSING_FILE: /Users/choij/Sync/workspace/ChargedHiggsAnalysisV3/SKNanoOutput/CRPromptSelector/Run3Mu_RunNoWZSF_RunSyst/2022/Skim_TriLep_ZZTo4L_powheg.root
2025-09-24 16:10:02,186 - INFO - [2022] MISSING_FILE: /Users/choij/Sync/workspace/ChargedHiggsAnalysisV3/SKNanoOutput/CRPromptSelector/Run3Mu_RunNoWZSF_RunSyst/2022/Skim_TriLep_VBFHToZZTo4L.root
2025-09-24 16:10:02,186 - INFO - [2022] MISSING_FILE: /Users/choij/Sync/workspace/ChargedHiggsAnalysisV3/SKNanoOutput/CRPromptSelector/Run3Mu_RunNoWZSF_RunSyst/2022/Skim_TriLep_ggHToZZTo4L.root
2025-09-24 16:10:02,187 - INFO - [2022EE] MISSING_CENTRAL: WZ3Mu/Central/ZCand/pt in Skim_TriLep_DYJets.root
2025-09-24 16:10:02,188 - INFO - [2022EE] MISSING_CENTRAL: WZ3Mu/Central/ZCand/pt in Skim_TriLep_DYJets10to50.root
2025-09-24 16:10:02,192 - INFO - [2022EE] MISSING_FILE: /Users/choij/Sync/workspace/ChargedHiggsAnalysisV3/SKNanoOutput/CRPromptSelector/Run3Mu_RunNoWZSF_RunSyst/2022EE/Skim_TriLep_ZZTo4L_powheg.root
2025-09-24 16:10:02,195 - INFO - [2022EE] MISSING_FILE: /Users/choij/Sync/workspace/ChargedHiggsAnalysisV3/SKNanoOutput/CRPromptSelector/Run3Mu_RunNoWZSF_RunSyst/2022EE/Skim_TriLep_VBFHToZZTo4L.root
2025-09-24 16:10:02,195 - INFO - [2022EE] MISSING_FILE: /Users/choij/Sync/workspace/ChargedHiggsAnalysisV3/SKNanoOutput/CRPromptSelector/Run3Mu_RunNoWZSF_RunSyst/2022EE/Skim_TriLep_ggHToZZTo4L.root
2025-09-24 16:10:02,200 - INFO - [2023] MISSING_CENTRAL: WZ3Mu/Central/ZCand/pt in Skim_TriLep_DYJets10to50.root
2025-09-24 16:10:02,212 - INFO - [2023] MISSING_CENTRAL: WZ3Mu/Central/ZCand/pt in Skim_TriLep_TTG_PTG200toInf.root
2025-09-24 16:10:02,223 - INFO - [2023] MISSING_FILE: /Users/choij/Sync/workspace/ChargedHiggsAnalysisV3/SKNanoOutput/CRPromptSelector/Run3Mu_RunNoWZSF_RunSyst/2023/Skim_TriLep_ZZTo4L_powheg.root
2025-09-24 16:10:02,226 - INFO - [2023] MISSING_FILE: /Users/choij/Sync/workspace/ChargedHiggsAnalysisV3/SKNanoOutput/CRPromptSelector/Run3Mu_RunNoWZSF_RunSyst/2023/Skim_TriLep_VBFHToZZTo4L.root
2025-09-24 16:10:02,226 - INFO - [2023] MISSING_FILE: /Users/choij/Sync/workspace/ChargedHiggsAnalysisV3/SKNanoOutput/CRPromptSelector/Run3Mu_RunNoWZSF_RunSyst/2023/Skim_TriLep_ggHToZZTo4L.root
2025-09-24 16:10:02,229 - INFO - [2023BPix] MISSING_CENTRAL: WZ3Mu/Central/ZCand/pt in Skim_TriLep_DYJets10to50.root
2025-09-24 16:10:02,236 - INFO - [2023BPix] MISSING_CENTRAL: WZ3Mu/Central/ZCand/pt in Skim_TriLep_TTG_PTG200toInf.root
2025-09-24 16:10:02,240 - INFO - [2023BPix] MISSING_FILE: /Users/choij/Sync/workspace/ChargedHiggsAnalysisV3/SKNanoOutput/CRPromptSelector/Run3Mu_RunNoWZSF_RunSyst/2023BPix/Skim_TriLep_ZZTo4L_powheg.root
2025-09-24 16:10:02,243 - INFO - [2023BPix] MISSING_FILE: /Users/choij/Sync/workspace/ChargedHiggsAnalysisV3/SKNanoOutput/CRPromptSelector/Run3Mu_RunNoWZSF_RunSyst/2023BPix/Skim_TriLep_VBFHToZZTo4L.root
2025-09-24 16:10:02,243 - INFO - [2023BPix] MISSING_FILE: /Users/choij/Sync/workspace/ChargedHiggsAnalysisV3/SKNanoOutput/CRPromptSelector/Run3Mu_RunNoWZSF_RunSyst/2023BPix/Skim_TriLep_ggHToZZTo4L.root
2025-10-02 21:24:28,169 - INFO - [2022] MISSING_CENTRAL: WZ3Mu/Central/ZCand/pt in Skim_TriLep_DYJets.root
2025-10-02 21:24:28,170 - INFO - [2022] MISSING_CENTRAL: WZ3Mu/Central/ZCand/pt in Skim_TriLep_DYJets10to50.root
2025-10-02 21:24:28,171 - INFO - [2022] MISSING_CENTRAL: WZ3Mu/Central/ZCand/pt in Skim_TriLep_DYGTo2LG_MLL4to50_PTG10to100.root
2025-10-02 21:24:28,172 - INFO - [2022] MISSING_CENTRAL: WZ3Mu/Central/ZCand/pt in Skim_TriLep_DYGTo2LG_MLL4to50_PTG100to200.root
2025-10-02 21:24:28,173 - INFO - [2022] MISSING_CENTRAL: WZ3Mu/Central/ZCand/pt in Skim_TriLep_DYGTo2LG_MLL4to50_PTG200toInf.root
2025-10-02 21:24:28,237 - INFO - [2022] MISSING_CENTRAL: WZ3Mu/Central/ZCand/pt in Skim_TriLep_TTG_PTG100to200.root
2025-10-02 21:24:28,238 - INFO - [2022] MISSING_CENTRAL: WZ3Mu/Central/ZCand/pt in Skim_TriLep_TTG_PTG200toInf.root
2025-10-02 21:24:28,434 - INFO - [2022EE] MISSING_CENTRAL: WZ3Mu/Central/ZCand/pt in Skim_TriLep_DYJets.root
2025-10-02 21:24:28,435 - INFO - [2022EE] MISSING_CENTRAL: WZ3Mu/Central/ZCand/pt in Skim_TriLep_DYJets10to50.root
2025-10-02 21:24:28,691 - INFO - [2023] MISSING_CENTRAL: WZ3Mu/Central/ZCand/pt in Skim_TriLep_DYJets10to50.root
2025-10-02 21:24:28,791 - INFO - [2023] MISSING_CENTRAL: WZ3Mu/Central/ZCand/pt in Skim_TriLep_TTG_PTG200toInf.root
2025-10-02 21:24:28,964 - INFO - [2023BPix] MISSING_CENTRAL: WZ3Mu/Central/ZCand/pt in Skim_TriLep_DYJets10to50.root
2025-10-02 21:24:28,987 - INFO - [2023BPix] MISSING_SYSTEMATIC: WZ3Mu/JetEn_Up/ZCand/pt in Skim_TriLep_DYGTo2LG_MLL4to50_PTG200toInf.root
2025-10-02 21:24:28,987 - INFO - [2023BPix] MISSING_SYSTEMATIC: WZ3Mu/JetEn_Down/ZCand/pt in Skim_TriLep_DYGTo2LG_MLL4to50_PTG200toInf.root
2025-10-02 21:24:28,988 - INFO - [2023BPix] MISSING_SYSTEMATIC: WZ3Mu/JetRes_Up/ZCand/pt in Skim_TriLep_DYGTo2LG_MLL4to50_PTG200toInf.root
2025-10-02 21:24:29,068 - INFO - [2023BPix] MISSING_CENTRAL: WZ3Mu/Central/ZCand/pt in Skim_TriLep_TTG_PTG200toInf.root
2025-10-02 21:24:34,307 - INFO - [2022] MISSING_CENTRAL: WZ3Mu/Central/ZCand/pt in Skim_TriLep_DYJets.root
2025-10-02 21:24:34,307 - INFO - [2022] MISSING_CENTRAL: WZ3Mu/Central/ZCand/pt in Skim_TriLep_DYJets10to50.root
2025-10-02 21:24:34,308 - INFO - [2022] MISSING_CENTRAL: WZ3Mu/Central/ZCand/pt in Skim_TriLep_DYGTo2LG_MLL4to50_PTG10to100.root
2025-10-02 21:24:34,309 - INFO - [2022] MISSING_CENTRAL: WZ3Mu/Central/ZCand/pt in Skim_TriLep_DYGTo2LG_MLL4to50_PTG100to200.root
2025-10-02 21:24:34,309 - INFO - [2022] MISSING_CENTRAL: WZ3Mu/Central/ZCand/pt in Skim_TriLep_DYGTo2LG_MLL4to50_PTG200toInf.root
2025-10-02 21:24:34,312 - INFO - [2022] MISSING_CENTRAL: WZ3Mu/Central/ZCand/pt in Skim_TriLep_TTG_PTG100to200.root
2025-10-02 21:24:34,313 - INFO - [2022] MISSING_CENTRAL: WZ3Mu/Central/ZCand/pt in Skim_TriLep_TTG_PTG200toInf.root
2025-10-02 21:24:34,316 - INFO - [2022] MISSING_FILE: /data9/Users/choij/Sync/workspace/ChargedHiggsAnalysisV3/SKNanoOutput/CRPromptSelector/Run3Mu_RunNoWZSF_RunSyst/2022/Skim_TriLep_ZZTo4L_powheg.root
2025-10-02 21:24:34,321 - INFO - [2022] MISSING_FILE: /data9/Users/choij/Sync/workspace/ChargedHiggsAnalysisV3/SKNanoOutput/CRPromptSelector/Run3Mu_RunNoWZSF_RunSyst/2022/Skim_TriLep_VBFHToZZTo4L.root
2025-10-02 21:24:34,321 - INFO - [2022] MISSING_FILE: /data9/Users/choij/Sync/workspace/ChargedHiggsAnalysisV3/SKNanoOutput/CRPromptSelector/Run3Mu_RunNoWZSF_RunSyst/2022/Skim_TriLep_ggHToZZTo4L.root
2025-10-02 21:24:34,323 - INFO - [2022EE] MISSING_CENTRAL: WZ3Mu/Central/ZCand/pt in Skim_TriLep_DYJets.root
2025-10-02 21:24:34,324 - INFO - [2022EE] MISSING_CENTRAL: WZ3Mu/Central/ZCand/pt in Skim_TriLep_DYJets10to50.root
2025-10-02 21:24:34,333 - INFO - [2022EE] MISSING_FILE: /data9/Users/choij/Sync/workspace/ChargedHiggsAnalysisV3/SKNanoOutput/CRPromptSelector/Run3Mu_RunNoWZSF_RunSyst/2022EE/Skim_TriLep_ZZTo4L_powheg.root
2025-10-02 21:24:34,338 - INFO - [2022EE] MISSING_FILE: /data9/Users/choij/Sync/workspace/ChargedHiggsAnalysisV3/SKNanoOutput/CRPromptSelector/Run3Mu_RunNoWZSF_RunSyst/2022EE/Skim_TriLep_VBFHToZZTo4L.root
2025-10-02 21:24:34,338 - INFO - [2022EE] MISSING_FILE: /data9/Users/choij/Sync/workspace/ChargedHiggsAnalysisV3/SKNanoOutput/CRPromptSelector/Run3Mu_RunNoWZSF_RunSyst/2022EE/Skim_TriLep_ggHToZZTo4L.root
2025-10-02 21:24:34,345 - INFO - [2023] MISSING_CENTRAL: WZ3Mu/Central/ZCand/pt in Skim_TriLep_DYJets10to50.root
2025-10-02 21:24:34,352 - INFO - [2023] MISSING_CENTRAL: WZ3Mu/Central/ZCand/pt in Skim_TriLep_TTG_PTG200toInf.root
2025-10-02 21:24:34,355 - INFO - [2023] MISSING_FILE: /data9/Users/choij/Sync/workspace/ChargedHiggsAnalysisV3/SKNanoOutput/CRPromptSelector/Run3Mu_RunNoWZSF_RunSyst/2023/Skim_TriLep_ZZTo4L_powheg.root
2025-10-02 21:24:34,360 - INFO - [2023] MISSING_FILE: /data9/Users/choij/Sync/workspace/ChargedHiggsAnalysisV3/SKNanoOutput/CRPromptSelector/Run3Mu_RunNoWZSF_RunSyst/2023/Skim_TriLep_VBFHToZZTo4L.root
2025-10-02 21:24:34,360 - INFO - [2023] MISSING_FILE: /data9/Users/choij/Sync/workspace/ChargedHiggsAnalysisV3/SKNanoOutput/CRPromptSelector/Run3Mu_RunNoWZSF_RunSyst/2023/Skim_TriLep_ggHToZZTo4L.root
2025-10-02 21:24:34,364 - INFO - [2023BPix] MISSING_CENTRAL: WZ3Mu/Central/ZCand/pt in Skim_TriLep_DYJets10to50.root
2025-10-02 21:24:34,372 - INFO - [2023BPix] MISSING_CENTRAL: WZ3Mu/Central/ZCand/pt in Skim_TriLep_TTG_PTG200toInf.root
2025-10-02 21:24:34,375 - INFO - [2023BPix] MISSING_FILE: /data9/Users/choij/Sync/workspace/ChargedHiggsAnalysisV3/SKNanoOutput/CRPromptSelector/Run3Mu_RunNoWZSF_RunSyst/2023BPix/Skim_TriLep_ZZTo4L_powheg.root
2025-10-02 21:24:34,380 - INFO - [2023BPix] MISSING_FILE: /data9/Users/choij/Sync/workspace/ChargedHiggsAnalysisV3/SKNanoOutput/CRPromptSelector/Run3Mu_RunNoWZSF_RunSyst/2023BPix/Skim_TriLep_VBFHToZZTo4L.root
2025-10-02 21:24:34,380 - INFO - [2023BPix] MISSING_FILE: /data9/Users/choij/Sync/workspace/ChargedHiggsAnalysisV3/SKNanoOutput/CRPromptSelector/Run3Mu_RunNoWZSF_RunSyst/2023BPix/Skim_TriLep_ggHToZZTo4L.root
2025-10-03 00:43:44,895 - INFO - [2022] MISSING_CENTRAL: WZ3Mu/Central/ZCand/pt in Skim_TriLep_DYJets.root
2025-10-03 00:43:44,896 - INFO - [2022] MISSING_CENTRAL: WZ3Mu/Central/ZCand/pt in Skim_TriLep_DYJets10to50.root
2025-10-03 00:43:44,897 - INFO - [2022] MISSING_CENTRAL: WZ3Mu/Central/ZCand/pt in Skim_TriLep_DYGTo2LG_MLL4to50_PTG10to100.root
2025-10-03 00:43:44,897 - INFO - [2022] MISSING_CENTRAL: WZ3Mu/Central/ZCand/pt in Skim_TriLep_DYGTo2LG_MLL4to50_PTG100to200.root
2025-10-03 00:43:44,898 - INFO - [2022] MISSING_CENTRAL: WZ3Mu/Central/ZCand/pt in Skim_TriLep_DYGTo2LG_MLL4to50_PTG200toInf.root
2025-10-03 00:43:45,025 - INFO - [2022] MISSING_CENTRAL: WZ3Mu/Central/ZCand/pt in Skim_TriLep_TTG_PTG100to200.root
2025-10-03 00:43:45,026 - INFO - [2022] MISSING_CENTRAL: WZ3Mu/Central/ZCand/pt in Skim_TriLep_TTG_PTG200toInf.root
2025-10-03 00:43:45,545 - INFO - [2022EE] MISSING_CENTRAL: WZ3Mu/Central/ZCand/pt in Skim_TriLep_DYJets.root
2025-10-03 00:43:45,546 - INFO - [2022EE] MISSING_CENTRAL: WZ3Mu/Central/ZCand/pt in Skim_TriLep_DYJets10to50.root
2025-10-03 00:43:46,119 - INFO - [2023] MISSING_CENTRAL: WZ3Mu/Central/ZCand/pt in Skim_TriLep_DYJets10to50.root
2025-10-03 00:43:46,448 - INFO - [2023] MISSING_CENTRAL: WZ3Mu/Central/ZCand/pt in Skim_TriLep_TTG_PTG200toInf.root
2025-10-03 00:43:46,851 - INFO - [2023BPix] MISSING_CENTRAL: WZ3Mu/Central/ZCand/pt in Skim_TriLep_DYJets10to50.root
2025-10-03 00:43:46,898 - INFO - [2023BPix] MISSING_SYSTEMATIC: WZ3Mu/JetEn_Up/ZCand/pt in Skim_TriLep_DYGTo2LG_MLL4to50_PTG200toInf.root
2025-10-03 00:43:46,898 - INFO - [2023BPix] MISSING_SYSTEMATIC: WZ3Mu/JetEn_Down/ZCand/pt in Skim_TriLep_DYGTo2LG_MLL4to50_PTG200toInf.root
2025-10-03 00:43:46,899 - INFO - [2023BPix] MISSING_SYSTEMATIC: WZ3Mu/JetRes_Up/ZCand/pt in Skim_TriLep_DYGTo2LG_MLL4to50_PTG200toInf.root
2025-10-03 00:43:47,070 - INFO - [2023BPix] MISSING_CENTRAL: WZ3Mu/Central/ZCand/pt in Skim_TriLep_TTG_PTG200toInf.root
2025-10-03 00:44:00,943 - INFO - [2022] MISSING_CENTRAL: WZ3Mu/Central/ZCand/pt in Skim_TriLep_DYJets.root
2025-10-03 00:44:00,944 - INFO - [2022] MISSING_CENTRAL: WZ3Mu/Central/ZCand/pt in Skim_TriLep_DYJets10to50.root
2025-10-03 00:44:00,945 - INFO - [2022] MISSING_CENTRAL: WZ3Mu/Central/ZCand/pt in Skim_TriLep_DYGTo2LG_MLL4to50_PTG10to100.root
2025-10-03 00:44:00,945 - INFO - [2022] MISSING_CENTRAL: WZ3Mu/Central/ZCand/pt in Skim_TriLep_DYGTo2LG_MLL4to50_PTG100to200.root
2025-10-03 00:44:00,946 - INFO - [2022] MISSING_CENTRAL: WZ3Mu/Central/ZCand/pt in Skim_TriLep_DYGTo2LG_MLL4to50_PTG200toInf.root
2025-10-03 00:44:00,950 - INFO - [2022] MISSING_CENTRAL: WZ3Mu/Central/ZCand/pt in Skim_TriLep_TTG_PTG100to200.root
2025-10-03 00:44:00,951 - INFO - [2022] MISSING_CENTRAL: WZ3Mu/Central/ZCand/pt in Skim_TriLep_TTG_PTG200toInf.root
2025-10-03 00:44:00,955 - INFO - [2022] MISSING_FILE: /Users/choij/Sync/workspace/ChargedHiggsAnalysisV3/SKNanoOutput/CRPromptSelector/Run3Mu_RunNoWZSF_RunSyst/2022/Skim_TriLep_ZZTo4L_powheg.root
2025-10-03 00:44:00,961 - INFO - [2022] MISSING_FILE: /Users/choij/Sync/workspace/ChargedHiggsAnalysisV3/SKNanoOutput/CRPromptSelector/Run3Mu_RunNoWZSF_RunSyst/2022/Skim_TriLep_VBFHToZZTo4L.root
2025-10-03 00:44:00,962 - INFO - [2022] MISSING_FILE: /Users/choij/Sync/workspace/ChargedHiggsAnalysisV3/SKNanoOutput/CRPromptSelector/Run3Mu_RunNoWZSF_RunSyst/2022/Skim_TriLep_ggHToZZTo4L.root
2025-10-03 00:44:00,966 - INFO - [2022EE] MISSING_CENTRAL: WZ3Mu/Central/ZCand/pt in Skim_TriLep_DYJets.root
2025-10-03 00:44:00,967 - INFO - [2022EE] MISSING_CENTRAL: WZ3Mu/Central/ZCand/pt in Skim_TriLep_DYJets10to50.root
2025-10-03 00:44:00,979 - INFO - [2022EE] MISSING_FILE: /Users/choij/Sync/workspace/ChargedHiggsAnalysisV3/SKNanoOutput/CRPromptSelector/Run3Mu_RunNoWZSF_RunSyst/2022EE/Skim_TriLep_ZZTo4L_powheg.root
2025-10-03 00:44:00,985 - INFO - [2022EE] MISSING_FILE: /Users/choij/Sync/workspace/ChargedHiggsAnalysisV3/SKNanoOutput/CRPromptSelector/Run3Mu_RunNoWZSF_RunSyst/2022EE/Skim_TriLep_VBFHToZZTo4L.root
2025-10-03 00:44:00,985 - INFO - [2022EE] MISSING_FILE: /Users/choij/Sync/workspace/ChargedHiggsAnalysisV3/SKNanoOutput/CRPromptSelector/Run3Mu_RunNoWZSF_RunSyst/2022EE/Skim_TriLep_ggHToZZTo4L.root
2025-10-03 00:44:00,996 - INFO - [2023] MISSING_CENTRAL: WZ3Mu/Central/ZCand/pt in Skim_TriLep_DYJets10to50.root
2025-10-03 00:44:01,005 - INFO - [2023] MISSING_CENTRAL: WZ3Mu/Central/ZCand/pt in Skim_TriLep_TTG_PTG200toInf.root
2025-10-03 00:44:01,013 - INFO - [2023] MISSING_FILE: /Users/choij/Sync/workspace/ChargedHiggsAnalysisV3/SKNanoOutput/CRPromptSelector/Run3Mu_RunNoWZSF_RunSyst/2023/Skim_TriLep_ZZTo4L_powheg.root
2025-10-03 00:44:01,019 - INFO - [2023] MISSING_FILE: /Users/choij/Sync/workspace/ChargedHiggsAnalysisV3/SKNanoOutput/CRPromptSelector/Run3Mu_RunNoWZSF_RunSyst/2023/Skim_TriLep_VBFHToZZTo4L.root
2025-10-03 00:44:01,019 - INFO - [2023] MISSING_FILE: /Users/choij/Sync/workspace/ChargedHiggsAnalysisV3/SKNanoOutput/CRPromptSelector/Run3Mu_RunNoWZSF_RunSyst/2023/Skim_TriLep_ggHToZZTo4L.root
2025-10-03 00:44:01,031 - INFO - [2023BPix] MISSING_CENTRAL: WZ3Mu/Central/ZCand/pt in Skim_TriLep_DYJets10to50.root
2025-10-03 00:44:01,045 - INFO - [2023BPix] MISSING_CENTRAL: WZ3Mu/Central/ZCand/pt in Skim_TriLep_TTG_PTG200toInf.root
2025-10-03 00:44:01,050 - INFO - [2023BPix] MISSING_FILE: /Users/choij/Sync/workspace/ChargedHiggsAnalysisV3/SKNanoOutput/CRPromptSelector/Run3Mu_RunNoWZSF_RunSyst/2023BPix/Skim_TriLep_ZZTo4L_powheg.root
2025-10-03 00:44:01,056 - INFO - [2023BPix] MISSING_FILE: /Users/choij/Sync/workspace/ChargedHiggsAnalysisV3/SKNanoOutput/CRPromptSelector/Run3Mu_RunNoWZSF_RunSyst/2023BPix/Skim_TriLep_VBFHToZZTo4L.root
2025-10-03 00:44:01,056 - INFO - [2023BPix] MISSING_FILE: /Users/choij/Sync/workspace/ChargedHiggsAnalysisV3/SKNanoOutput/CRPromptSelector/Run3Mu_RunNoWZSF_RunSyst/2023BPix/Skim_TriLep_ggHToZZTo4L.root
2025-11-07 13:15:08,843 - INFO - [2022] MISSING_CENTRAL: WZ3Mu/Central/ZCand/pt in Skim_TriLep_DYJets.root
2025-11-07 13:15:08,847 - INFO - [2022] MISSING_CENTRAL: WZ3Mu/Central/ZCand/pt in Skim_TriLep_DYJets10to50.root
2025-11-07 13:15:08,847 - INFO - [2022] MISSING_CENTRAL: WZ3Mu/Central/ZCand/pt in Skim_TriLep_DYGTo2LG_MLL4to50_PTG10to100.root
2025-11-07 13:15:08,848 - INFO - [2022] MISSING_CENTRAL: WZ3Mu/Central/ZCand/pt in Skim_TriLep_DYGTo2LG_MLL4to50_PTG100to200.root
2025-11-07 13:15:08,848 - INFO - [2022] MISSING_CENTRAL: WZ3Mu/Central/ZCand/pt in Skim_TriLep_DYGTo2LG_MLL4to50_PTG200toInf.root
2025-11-07 13:15:08,878 - INFO - [2022] MISSING_CENTRAL: WZ3Mu/Central/ZCand/pt in Skim_TriLep_TTG_PTG100to200.root
2025-11-07 13:15:08,879 - INFO - [2022] MISSING_CENTRAL: WZ3Mu/Central/ZCand/pt in Skim_TriLep_TTG_PTG200toInf.root
2025-11-07 13:15:08,972 - INFO - [2022EE] MISSING_CENTRAL: WZ3Mu/Central/ZCand/pt in Skim_TriLep_DYJets.root
2025-11-07 13:15:08,972 - INFO - [2022EE] MISSING_CENTRAL: WZ3Mu/Central/ZCand/pt in Skim_TriLep_DYJets10to50.root
2025-11-07 13:15:09,126 - INFO - [2023] MISSING_CENTRAL: WZ3Mu/Central/ZCand/pt in Skim_TriLep_DYJets10to50.root
2025-11-07 13:15:09,187 - INFO - [2023] MISSING_CENTRAL: WZ3Mu/Central/ZCand/pt in Skim_TriLep_TTG_PTG200toInf.root
2025-11-07 13:15:09,297 - INFO - [2023BPix] MISSING_CENTRAL: WZ3Mu/Central/ZCand/pt in Skim_TriLep_DYJets10to50.root
2025-11-07 13:15:09,312 - INFO - [2023BPix] MISSING_SYSTEMATIC: WZ3Mu/JetEn_Up/ZCand/pt in Skim_TriLep_DYGTo2LG_MLL4to50_PTG200toInf.root
2025-11-07 13:15:09,312 - INFO - [2023BPix] MISSING_SYSTEMATIC: WZ3Mu/JetEn_Down/ZCand/pt in Skim_TriLep_DYGTo2LG_MLL4to50_PTG200toInf.root
2025-11-07 13:15:09,312 - INFO - [2023BPix] MISSING_SYSTEMATIC: WZ3Mu/JetRes_Up/ZCand/pt in Skim_TriLep_DYGTo2LG_MLL4to50_PTG200toInf.root
2025-11-07 13:15:09,364 - INFO - [2023BPix] MISSING_CENTRAL: WZ3Mu/Central/ZCand/pt in Skim_TriLep_TTG_PTG200toInf.root
2025-11-07 13:15:14,544 - INFO - [2022] MISSING_CENTRAL: WZ3Mu/Central/ZCand/pt in Skim_TriLep_DYJets.root
2025-11-07 13:15:14,544 - INFO - [2022] MISSING_CENTRAL: WZ3Mu/Central/ZCand/pt in Skim_TriLep_DYJets10to50.root
2025-11-07 13:15:14,545 - INFO - [2022] MISSING_CENTRAL: WZ3Mu/Central/ZCand/pt in Skim_TriLep_DYGTo2LG_MLL4to50_PTG10to100.root
2025-11-07 13:15:14,545 - INFO - [2022] MISSING_CENTRAL: WZ3Mu/Central/ZCand/pt in Skim_TriLep_DYGTo2LG_MLL4to50_PTG100to200.root
2025-11-07 13:15:14,545 - INFO - [2022] MISSING_CENTRAL: WZ3Mu/Central/ZCand/pt in Skim_TriLep_DYGTo2LG_MLL4to50_PTG200toInf.root
2025-11-07 13:15:14,547 - INFO - [2022] MISSING_CENTRAL: WZ3Mu/Central/ZCand/pt in Skim_TriLep_TTG_PTG100to200.root
2025-11-07 13:15:14,547 - INFO - [2022] MISSING_CENTRAL: WZ3Mu/Central/ZCand/pt in Skim_TriLep_TTG_PTG200toInf.root
2025-11-07 13:15:14,549 - INFO - [2022] MISSING_FILE: /home/choij/Sync/workspace/ChargedHiggsAnalysisV3/SKNanoOutput/CRPromptSelector/Run3Mu_RunNoWZSF_RunSyst/2022/Skim_TriLep_ZZTo4L_powheg.root
2025-11-07 13:15:14,551 - INFO - [2022] MISSING_FILE: /home/choij/Sync/workspace/ChargedHiggsAnalysisV3/SKNanoOutput/CRPromptSelector/Run3Mu_RunNoWZSF_RunSyst/2022/Skim_TriLep_VBFHToZZTo4L.root
2025-11-07 13:15:14,551 - INFO - [2022] MISSING_FILE: /home/choij/Sync/workspace/ChargedHiggsAnalysisV3/SKNanoOutput/CRPromptSelector/Run3Mu_RunNoWZSF_RunSyst/2022/Skim_TriLep_ggHToZZTo4L.root
2025-11-07 13:15:14,553 - INFO - [2022EE] MISSING_CENTRAL: WZ3Mu/Central/ZCand/pt in Skim_TriLep_DYJets.root
2025-11-07 13:15:14,553 - INFO - [2022EE] MISSING_CENTRAL: WZ3Mu/Central/ZCand/pt in Skim_TriLep_DYJets10to50.root
2025-11-07 13:15:14,558 - INFO - [2022EE] MISSING_FILE: /home/choij/Sync/workspace/ChargedHiggsAnalysisV3/SKNanoOutput/CRPromptSelector/Run3Mu_RunNoWZSF_RunSyst/2022EE/Skim_TriLep_ZZTo4L_powheg.root
2025-11-07 13:15:14,561 - INFO - [2022EE] MISSING_FILE: /home/choij/Sync/workspace/ChargedHiggsAnalysisV3/SKNanoOutput/CRPromptSelector/Run3Mu_RunNoWZSF_RunSyst/2022EE/Skim_TriLep_VBFHToZZTo4L.root
2025-11-07 13:15:14,561 - INFO - [2022EE] MISSING_FILE: /home/choij/Sync/workspace/ChargedHiggsAnalysisV3/SKNanoOutput/CRPromptSelector/Run3Mu_RunNoWZSF_RunSyst/2022EE/Skim_TriLep_ggHToZZTo4L.root
2025-11-07 13:15:14,564 - INFO - [2023] MISSING_CENTRAL: WZ3Mu/Central/ZCand/pt in Skim_TriLep_DYJets10to50.root
2025-11-07 13:15:14,568 - INFO - [2023] MISSING_CENTRAL: WZ3Mu/Central/ZCand/pt in Skim_TriLep_TTG_PTG200toInf.root
2025-11-07 13:15:14,570 - INFO - [2023] MISSING_FILE: /home/choij/Sync/workspace/ChargedHiggsAnalysisV3/SKNanoOutput/CRPromptSelector/Run3Mu_RunNoWZSF_RunSyst/2023/Skim_TriLep_ZZTo4L_powheg.root
2025-11-07 13:15:14,573 - INFO - [2023] MISSING_FILE: /home/choij/Sync/workspace/ChargedHiggsAnalysisV3/SKNanoOutput/CRPromptSelector/Run3Mu_RunNoWZSF_RunSyst/2023/Skim_TriLep_VBFHToZZTo4L.root
2025-11-07 13:15:14,573 - INFO - [2023] MISSING_FILE: /home/choij/Sync/workspace/ChargedHiggsAnalysisV3/SKNanoOutput/CRPromptSelector/Run3Mu_RunNoWZSF_RunSyst/2023/Skim_TriLep_ggHToZZTo4L.root
2025-11-07 13:15:14,575 - INFO - [2023BPix] MISSING_CENTRAL: WZ3Mu/Central/ZCand/pt in Skim_TriLep_DYJets10to50.root
2025-11-07 13:15:14,579 - INFO - [2023BPix] MISSING_CENTRAL: WZ3Mu/Central/ZCand/pt in Skim_TriLep_TTG_PTG200toInf.root
2025-11-07 13:15:14,581 - INFO - [2023BPix] MISSING_FILE: /home/choij/Sync/workspace/ChargedHiggsAnalysisV3/SKNanoOutput/CRPromptSelector/Run3Mu_RunNoWZSF_RunSyst/2023BPix/Skim_TriLep_ZZTo4L_powheg.root
2025-11-07 13:15:14,585 - INFO - [2023BPix] MISSING_FILE: /home/choij/Sync/workspace/ChargedHiggsAnalysisV3/SKNanoOutput/CRPromptSelector/Run3Mu_RunNoWZSF_RunSyst/2023BPix/Skim_TriLep_VBFHToZZTo4L.root
2025-11-07 13:15:14,585 - INFO - [2023BPix] MISSING_FILE: /home/choij/Sync/workspace/ChargedHiggsAnalysisV3/SKNanoOutput/CRPromptSelector/Run3Mu_RunNoWZSF_RunSyst/2023BPix/Skim_TriLep_ggHToZZTo4L.root
2025-11-07 14:12:39,680 - INFO - [2022] MISSING_CENTRAL: WZ3Mu/Central/ZCand/pt in Skim_TriLep_DYJets.root
2025-11-07 14:12:39,681 - INFO - [2022] MISSING_CENTRAL: WZ3Mu/Central/ZCand/pt in Skim_TriLep_DYJets10to50.root
2025-11-07 14:12:39,681 - INFO - [2022] MISSING_CENTRAL: WZ3Mu/Central/ZCand/pt in Skim_TriLep_DYGTo2LG_MLL4to50_PTG10to100.root
2025-11-07 14:12:39,681 - INFO - [2022] MISSING_CENTRAL: WZ3Mu/Central/ZCand/pt in Skim_TriLep_DYGTo2LG_MLL4to50_PTG100to200.root
2025-11-07 14:12:39,682 - INFO - [2022] MISSING_CENTRAL: WZ3Mu/Central/ZCand/pt in Skim_TriLep_DYGTo2LG_MLL4to50_PTG200toInf.root
2025-11-07 14:12:39,708 - INFO - [2022] MISSING_CENTRAL: WZ3Mu/Central/ZCand/pt in Skim_TriLep_TTG_PTG100to200.root
2025-11-07 14:12:39,709 - INFO - [2022] MISSING_CENTRAL: WZ3Mu/Central/ZCand/pt in Skim_TriLep_TTG_PTG200toInf.root
2025-11-07 14:12:39,850 - INFO - [2022EE] MISSING_CENTRAL: WZ3Mu/Central/ZCand/pt in Skim_TriLep_DYJets.root
2025-11-07 14:12:39,851 - INFO - [2022EE] MISSING_CENTRAL: WZ3Mu/Central/ZCand/pt in Skim_TriLep_DYJets10to50.root
2025-11-07 14:12:40,009 - INFO - [2023] MISSING_CENTRAL: WZ3Mu/Central/ZCand/pt in Skim_TriLep_DYJets10to50.root
2025-11-07 14:12:40,078 - INFO - [2023] MISSING_CENTRAL: WZ3Mu/Central/ZCand/pt in Skim_TriLep_TTG_PTG200toInf.root
2025-11-07 14:12:40,194 - INFO - [2023BPix] MISSING_CENTRAL: WZ3Mu/Central/ZCand/pt in Skim_TriLep_DYJets10to50.root
2025-11-07 14:12:40,209 - INFO - [2023BPix] MISSING_SYSTEMATIC: WZ3Mu/JetEn_Up/ZCand/pt in Skim_TriLep_DYGTo2LG_MLL4to50_PTG200toInf.root
2025-11-07 14:12:40,209 - INFO - [2023BPix] MISSING_SYSTEMATIC: WZ3Mu/JetEn_Down/ZCand/pt in Skim_TriLep_DYGTo2LG_MLL4to50_PTG200toInf.root
2025-11-07 14:12:40,209 - INFO - [2023BPix] MISSING_SYSTEMATIC: WZ3Mu/JetRes_Up/ZCand/pt in Skim_TriLep_DYGTo2LG_MLL4to50_PTG200toInf.root
2025-11-07 14:12:40,263 - INFO - [2023BPix] MISSING_CENTRAL: WZ3Mu/Central/ZCand/pt in Skim_TriLep_TTG_PTG200toInf.root
2025-11-07 14:12:45,713 - INFO - [2022] MISSING_CENTRAL: WZ3Mu/Central/ZCand/pt in Skim_TriLep_DYJets.root
2025-11-07 14:12:45,713 - INFO - [2022] MISSING_CENTRAL: WZ3Mu/Central/ZCand/pt in Skim_TriLep_DYJets10to50.root
2025-11-07 14:12:45,714 - INFO - [2022] MISSING_CENTRAL: WZ3Mu/Central/ZCand/pt in Skim_TriLep_DYGTo2LG_MLL4to50_PTG10to100.root
2025-11-07 14:12:45,714 - INFO - [2022] MISSING_CENTRAL: WZ3Mu/Central/ZCand/pt in Skim_TriLep_DYGTo2LG_MLL4to50_PTG100to200.root
2025-11-07 14:12:45,715 - INFO - [2022] MISSING_CENTRAL: WZ3Mu/Central/ZCand/pt in Skim_TriLep_DYGTo2LG_MLL4to50_PTG200toInf.root
2025-11-07 14:12:45,716 - INFO - [2022] MISSING_CENTRAL: WZ3Mu/Central/ZCand/pt in Skim_TriLep_TTG_PTG100to200.root
2025-11-07 14:12:45,717 - INFO - [2022] MISSING_CENTRAL: WZ3Mu/Central/ZCand/pt in Skim_TriLep_TTG_PTG200toInf.root
2025-11-07 14:12:45,719 - INFO - [2022] MISSING_FILE: /home/choij/Sync/workspace/ChargedHiggsAnalysisV3/SKNanoOutput/CRPromptSelector/Run3Mu_RunNoWZSF_RunSyst/2022/Skim_TriLep_ZZTo4L_powheg.root
2025-11-07 14:12:45,721 - INFO - [2022] MISSING_FILE: /home/choij/Sync/workspace/ChargedHiggsAnalysisV3/SKNanoOutput/CRPromptSelector/Run3Mu_RunNoWZSF_RunSyst/2022/Skim_TriLep_VBFHToZZTo4L.root
2025-11-07 14:12:45,721 - INFO - [2022] MISSING_FILE: /home/choij/Sync/workspace/ChargedHiggsAnalysisV3/SKNanoOutput/CRPromptSelector/Run3Mu_RunNoWZSF_RunSyst/2022/Skim_TriLep_ggHToZZTo4L.root
2025-11-07 14:12:45,723 - INFO - [2022EE] MISSING_CENTRAL: WZ3Mu/Central/ZCand/pt in Skim_TriLep_DYJets.root
2025-11-07 14:12:45,723 - INFO - [2022EE] MISSING_CENTRAL: WZ3Mu/Central/ZCand/pt in Skim_TriLep_DYJets10to50.root
2025-11-07 14:12:45,729 - INFO - [2022EE] MISSING_FILE: /home/choij/Sync/workspace/ChargedHiggsAnalysisV3/SKNanoOutput/CRPromptSelector/Run3Mu_RunNoWZSF_RunSyst/2022EE/Skim_TriLep_ZZTo4L_powheg.root
2025-11-07 14:12:45,731 - INFO - [2022EE] MISSING_FILE: /home/choij/Sync/workspace/ChargedHiggsAnalysisV3/SKNanoOutput/CRPromptSelector/Run3Mu_RunNoWZSF_RunSyst/2022EE/Skim_TriLep_VBFHToZZTo4L.root
2025-11-07 14:12:45,732 - INFO - [2022EE] MISSING_FILE: /home/choij/Sync/workspace/ChargedHiggsAnalysisV3/SKNanoOutput/CRPromptSelector/Run3Mu_RunNoWZSF_RunSyst/2022EE/Skim_TriLep_ggHToZZTo4L.root
2025-11-07 14:12:45,736 - INFO - [2023] MISSING_CENTRAL: WZ3Mu/Central/ZCand/pt in Skim_TriLep_DYJets10to50.root
2025-11-07 14:12:45,740 - INFO - [2023] MISSING_CENTRAL: WZ3Mu/Central/ZCand/pt in Skim_TriLep_TTG_PTG200toInf.root
2025-11-07 14:12:45,742 - INFO - [2023] MISSING_FILE: /home/choij/Sync/workspace/ChargedHiggsAnalysisV3/SKNanoOutput/CRPromptSelector/Run3Mu_RunNoWZSF_RunSyst/2023/Skim_TriLep_ZZTo4L_powheg.root
2025-11-07 14:12:45,745 - INFO - [2023] MISSING_FILE: /home/choij/Sync/workspace/ChargedHiggsAnalysisV3/SKNanoOutput/CRPromptSelector/Run3Mu_RunNoWZSF_RunSyst/2023/Skim_TriLep_VBFHToZZTo4L.root
2025-11-07 14:12:45,745 - INFO - [2023] MISSING_FILE: /home/choij/Sync/workspace/ChargedHiggsAnalysisV3/SKNanoOutput/CRPromptSelector/Run3Mu_RunNoWZSF_RunSyst/2023/Skim_TriLep_ggHToZZTo4L.root
2025-11-07 14:12:45,747 - INFO - [2023BPix] MISSING_CENTRAL: WZ3Mu/Central/ZCand/pt in Skim_TriLep_DYJets10to50.root
2025-11-07 14:12:45,751 - INFO - [2023BPix] MISSING_CENTRAL: WZ3Mu/Central/ZCand/pt in Skim_TriLep_TTG_PTG200toInf.root
2025-11-07 14:12:45,753 - INFO - [2023BPix] MISSING_FILE: /home/choij/Sync/workspace/ChargedHiggsAnalysisV3/SKNanoOutput/CRPromptSelector/Run3Mu_RunNoWZSF_RunSyst/2023BPix/Skim_TriLep_ZZTo4L_powheg.root
2025-11-07 14:12:45,755 - INFO - [2023BPix] MISSING_FILE: /home/choij/Sync/workspace/ChargedHiggsAnalysisV3/SKNanoOutput/CRPromptSelector/Run3Mu_RunNoWZSF_RunSyst/2023BPix/Skim_TriLep_VBFHToZZTo4L.root
2025-11-07 14:12:45,756 - INFO - [2023BPix] MISSING_FILE: /home/choij/Sync/workspace/ChargedHiggsAnalysisV3/SKNanoOutput/CRPromptSelector/Run3Mu_RunNoWZSF_RunSyst/2023BPix/Skim_TriLep_ggHToZZTo4L.root
2025-11-10 12:29:21,401 - INFO - [2022] MISSING_CENTRAL: WZ3Mu/Central/ZCand/pt in Skim_TriLep_DYJets.root
2025-11-10 12:29:21,402 - INFO - [2022] MISSING_CENTRAL: WZ3Mu/Central/ZCand/pt in Skim_TriLep_DYJets10to50.root
2025-11-10 12:29:21,402 - INFO - [2022] MISSING_CENTRAL: WZ3Mu/Central/ZCand/pt in Skim_TriLep_DYGTo2LG_MLL4to50_PTG10to100.root
2025-11-10 12:29:21,403 - INFO - [2022] MISSING_CENTRAL: WZ3Mu/Central/ZCand/pt in Skim_TriLep_DYGTo2LG_MLL4to50_PTG100to200.root
2025-11-10 12:29:21,403 - INFO - [2022] MISSING_CENTRAL: WZ3Mu/Central/ZCand/pt in Skim_TriLep_DYGTo2LG_MLL4to50_PTG200toInf.root
2025-11-10 12:29:21,442 - INFO - [2022] MISSING_CENTRAL: WZ3Mu/Central/ZCand/pt in Skim_TriLep_TTG_PTG100to200.root
2025-11-10 12:29:21,442 - INFO - [2022] MISSING_CENTRAL: WZ3Mu/Central/ZCand/pt in Skim_TriLep_TTG_PTG200toInf.root
2025-11-10 12:29:21,586 - INFO - [2022EE] MISSING_CENTRAL: WZ3Mu/Central/ZCand/pt in Skim_TriLep_DYJets.root
2025-11-10 12:29:21,586 - INFO - [2022EE] MISSING_CENTRAL: WZ3Mu/Central/ZCand/pt in Skim_TriLep_DYJets10to50.root
2025-11-10 12:29:21,753 - INFO - [2023] MISSING_CENTRAL: WZ3Mu/Central/ZCand/pt in Skim_TriLep_DYJets10to50.root
2025-11-10 12:29:21,816 - INFO - [2023] MISSING_CENTRAL: WZ3Mu/Central/ZCand/pt in Skim_TriLep_TTG_PTG200toInf.root
2025-11-10 12:29:21,918 - INFO - [2023BPix] MISSING_CENTRAL: WZ3Mu/Central/ZCand/pt in Skim_TriLep_DYJets10to50.root
2025-11-10 12:29:21,931 - INFO - [2023BPix] MISSING_SYSTEMATIC: WZ3Mu/JetEn_Up/ZCand/pt in Skim_TriLep_DYGTo2LG_MLL4to50_PTG200toInf.root
2025-11-10 12:29:21,931 - INFO - [2023BPix] MISSING_SYSTEMATIC: WZ3Mu/JetEn_Down/ZCand/pt in Skim_TriLep_DYGTo2LG_MLL4to50_PTG200toInf.root
2025-11-10 12:29:21,931 - INFO - [2023BPix] MISSING_SYSTEMATIC: WZ3Mu/JetRes_Up/ZCand/pt in Skim_TriLep_DYGTo2LG_MLL4to50_PTG200toInf.root
2025-11-10 12:29:21,981 - INFO - [2023BPix] MISSING_CENTRAL: WZ3Mu/Central/ZCand/pt in Skim_TriLep_TTG_PTG200toInf.root
2025-11-10 12:29:27,815 - INFO - [2022] MISSING_CENTRAL: WZ3Mu/Central/ZCand/pt in Skim_TriLep_DYJets.root
2025-11-10 12:29:27,815 - INFO - [2022] MISSING_CENTRAL: WZ3Mu/Central/ZCand/pt in Skim_TriLep_DYJets10to50.root
2025-11-10 12:29:27,815 - INFO - [2022] MISSING_CENTRAL: WZ3Mu/Central/ZCand/pt in Skim_TriLep_DYGTo2LG_MLL4to50_PTG10to100.root
2025-11-10 12:29:27,816 - INFO - [2022] MISSING_CENTRAL: WZ3Mu/Central/ZCand/pt in Skim_TriLep_DYGTo2LG_MLL4to50_PTG100to200.root
2025-11-10 12:29:27,816 - INFO - [2022] MISSING_CENTRAL: WZ3Mu/Central/ZCand/pt in Skim_TriLep_DYGTo2LG_MLL4to50_PTG200toInf.root
2025-11-10 12:29:27,818 - INFO - [2022] MISSING_CENTRAL: WZ3Mu/Central/ZCand/pt in Skim_TriLep_TTG_PTG100to200.root
2025-11-10 12:29:27,818 - INFO - [2022] MISSING_CENTRAL: WZ3Mu/Central/ZCand/pt in Skim_TriLep_TTG_PTG200toInf.root
2025-11-10 12:29:27,820 - INFO - [2022] MISSING_FILE: /home/choij/Sync/workspace/ChargedHiggsAnalysisV3/SKNanoOutput/CRPromptSelector/Run3Mu_RunNoWZSF_RunSyst/2022/Skim_TriLep_ZZTo4L_powheg.root
2025-11-10 12:29:27,822 - INFO - [2022] MISSING_FILE: /home/choij/Sync/workspace/ChargedHiggsAnalysisV3/SKNanoOutput/CRPromptSelector/Run3Mu_RunNoWZSF_RunSyst/2022/Skim_TriLep_VBFHToZZTo4L.root
2025-11-10 12:29:27,822 - INFO - [2022] MISSING_FILE: /home/choij/Sync/workspace/ChargedHiggsAnalysisV3/SKNanoOutput/CRPromptSelector/Run3Mu_RunNoWZSF_RunSyst/2022/Skim_TriLep_ggHToZZTo4L.root
2025-11-10 12:29:27,824 - INFO - [2022EE] MISSING_CENTRAL: WZ3Mu/Central/ZCand/pt in Skim_TriLep_DYJets.root
2025-11-10 12:29:27,824 - INFO - [2022EE] MISSING_CENTRAL: WZ3Mu/Central/ZCand/pt in Skim_TriLep_DYJets10to50.root
2025-11-10 12:29:27,829 - INFO - [2022EE] MISSING_FILE: /home/choij/Sync/workspace/ChargedHiggsAnalysisV3/SKNanoOutput/CRPromptSelector/Run3Mu_RunNoWZSF_RunSyst/2022EE/Skim_TriLep_ZZTo4L_powheg.root
2025-11-10 12:29:27,831 - INFO - [2022EE] MISSING_FILE: /home/choij/Sync/workspace/ChargedHiggsAnalysisV3/SKNanoOutput/CRPromptSelector/Run3Mu_RunNoWZSF_RunSyst/2022EE/Skim_TriLep_VBFHToZZTo4L.root
2025-11-10 12:29:27,831 - INFO - [2022EE] MISSING_FILE: /home/choij/Sync/workspace/ChargedHiggsAnalysisV3/SKNanoOutput/CRPromptSelector/Run3Mu_RunNoWZSF_RunSyst/2022EE/Skim_TriLep_ggHToZZTo4L.root
2025-11-10 12:29:27,835 - INFO - [2023] MISSING_CENTRAL: WZ3Mu/Central/ZCand/pt in Skim_TriLep_DYJets10to50.root
2025-11-10 12:29:27,839 - INFO - [2023] MISSING_CENTRAL: WZ3Mu/Central/ZCand/pt in Skim_TriLep_TTG_PTG200toInf.root
2025-11-10 12:29:27,841 - INFO - [2023] MISSING_FILE: /home/choij/Sync/workspace/ChargedHiggsAnalysisV3/SKNanoOutput/CRPromptSelector/Run3Mu_RunNoWZSF_RunSyst/2023/Skim_TriLep_ZZTo4L_powheg.root
2025-11-10 12:29:27,843 - INFO - [2023] MISSING_FILE: /home/choij/Sync/workspace/ChargedHiggsAnalysisV3/SKNanoOutput/CRPromptSelector/Run3Mu_RunNoWZSF_RunSyst/2023/Skim_TriLep_VBFHToZZTo4L.root
2025-11-10 12:29:27,843 - INFO - [2023] MISSING_FILE: /home/choij/Sync/workspace/ChargedHiggsAnalysisV3/SKNanoOutput/CRPromptSelector/Run3Mu_RunNoWZSF_RunSyst/2023/Skim_TriLep_ggHToZZTo4L.root
2025-11-10 12:29:27,846 - INFO - [2023BPix] MISSING_CENTRAL: WZ3Mu/Central/ZCand/pt in Skim_TriLep_DYJets10to50.root
2025-11-10 12:29:27,850 - INFO - [2023BPix] MISSING_CENTRAL: WZ3Mu/Central/ZCand/pt in Skim_TriLep_TTG_PTG200toInf.root
2025-11-10 12:29:27,851 - INFO - [2023BPix] MISSING_FILE: /home/choij/Sync/workspace/ChargedHiggsAnalysisV3/SKNanoOutput/CRPromptSelector/Run3Mu_RunNoWZSF_RunSyst/2023BPix/Skim_TriLep_ZZTo4L_powheg.root
2025-11-10 12:29:27,854 - INFO - [2023BPix] MISSING_FILE: /home/choij/Sync/workspace/ChargedHiggsAnalysisV3/SKNanoOutput/CRPromptSelector/Run3Mu_RunNoWZSF_RunSyst/2023BPix/Skim_TriLep_VBFHToZZTo4L.root
2025-11-10 12:29:27,854 - INFO - [2023BPix] MISSING_FILE: /home/choij/Sync/workspace/ChargedHiggsAnalysisV3/SKNanoOutput/CRPromptSelector/Run3Mu_RunNoWZSF_RunSyst/2023BPix/Skim_TriLep_ggHToZZTo4L.root
2025-11-13 11:19:44,330 - INFO - [2022] MISSING_CENTRAL: WZ3Mu/Central/ZCand/pt in Skim_TriLep_DYJets.root
2025-11-13 11:19:44,331 - INFO - [2022] MISSING_CENTRAL: WZ3Mu/Central/ZCand/pt in Skim_TriLep_DYJets10to50.root
2025-11-13 11:19:44,332 - INFO - [2022] MISSING_CENTRAL: WZ3Mu/Central/ZCand/pt in Skim_TriLep_DYGTo2LG_MLL4to50_PTG10to100.root
2025-11-13 11:19:44,333 - INFO - [2022] MISSING_CENTRAL: WZ3Mu/Central/ZCand/pt in Skim_TriLep_DYGTo2LG_MLL4to50_PTG100to200.root
2025-11-13 11:19:44,334 - INFO - [2022] MISSING_CENTRAL: WZ3Mu/Central/ZCand/pt in Skim_TriLep_DYGTo2LG_MLL4to50_PTG200toInf.root
2025-11-13 11:19:44,398 - INFO - [2022] MISSING_CENTRAL: WZ3Mu/Central/ZCand/pt in Skim_TriLep_TTG_PTG100to200.root
2025-11-13 11:19:44,399 - INFO - [2022] MISSING_CENTRAL: WZ3Mu/Central/ZCand/pt in Skim_TriLep_TTG_PTG200toInf.root
2025-11-13 11:19:44,642 - INFO - [2022EE] MISSING_CENTRAL: WZ3Mu/Central/ZCand/pt in Skim_TriLep_DYJets.root
2025-11-13 11:19:44,643 - INFO - [2022EE] MISSING_CENTRAL: WZ3Mu/Central/ZCand/pt in Skim_TriLep_DYJets10to50.root
2025-11-13 11:19:45,054 - INFO - [2023] MISSING_CENTRAL: WZ3Mu/Central/ZCand/pt in Skim_TriLep_DYJets10to50.root
2025-11-13 11:19:45,214 - INFO - [2023] MISSING_CENTRAL: WZ3Mu/Central/ZCand/pt in Skim_TriLep_TTG_PTG200toInf.root
2025-11-13 11:19:45,472 - INFO - [2023BPix] MISSING_CENTRAL: WZ3Mu/Central/ZCand/pt in Skim_TriLep_DYJets10to50.root
2025-11-13 11:19:45,494 - INFO - [2023BPix] MISSING_SYSTEMATIC: WZ3Mu/JetEn_Up/ZCand/pt in Skim_TriLep_DYGTo2LG_MLL4to50_PTG200toInf.root
2025-11-13 11:19:45,495 - INFO - [2023BPix] MISSING_SYSTEMATIC: WZ3Mu/JetEn_Down/ZCand/pt in Skim_TriLep_DYGTo2LG_MLL4to50_PTG200toInf.root
2025-11-13 11:19:45,495 - INFO - [2023BPix] MISSING_SYSTEMATIC: WZ3Mu/JetRes_Up/ZCand/pt in Skim_TriLep_DYGTo2LG_MLL4to50_PTG200toInf.root
2025-11-13 11:19:45,573 - INFO - [2023BPix] MISSING_CENTRAL: WZ3Mu/Central/ZCand/pt in Skim_TriLep_TTG_PTG200toInf.root
2025-11-13 11:19:49,123 - INFO - [2022] MISSING_CENTRAL: WZ3Mu/Central/ZCand/pt in Skim_TriLep_DYJets.root
2025-11-13 11:19:49,124 - INFO - [2022] MISSING_CENTRAL: WZ3Mu/Central/ZCand/pt in Skim_TriLep_DYJets10to50.root
2025-11-13 11:19:49,125 - INFO - [2022] MISSING_CENTRAL: WZ3Mu/Central/ZCand/pt in Skim_TriLep_DYGTo2LG_MLL4to50_PTG10to100.root
2025-11-13 11:19:49,126 - INFO - [2022] MISSING_CENTRAL: WZ3Mu/Central/ZCand/pt in Skim_TriLep_DYGTo2LG_MLL4to50_PTG100to200.root
2025-11-13 11:19:49,127 - INFO - [2022] MISSING_CENTRAL: WZ3Mu/Central/ZCand/pt in Skim_TriLep_DYGTo2LG_MLL4to50_PTG200toInf.root
2025-11-13 11:19:49,133 - INFO - [2022] MISSING_CENTRAL: WZ3Mu/Central/ZCand/pt in Skim_TriLep_TTG_PTG100to200.root
2025-11-13 11:19:49,134 - INFO - [2022] MISSING_CENTRAL: WZ3Mu/Central/ZCand/pt in Skim_TriLep_TTG_PTG200toInf.root
2025-11-13 11:19:49,139 - INFO - [2022] MISSING_FILE: /data9/Users/choij/Sync/workspace/ChargedHiggsAnalysisV3/SKNanoOutput/CRPromptSelector/Run3Mu_RunNoWZSF_RunSyst/2022/Skim_TriLep_ZZTo4L_powheg.root
2025-11-13 11:19:49,147 - INFO - [2022] MISSING_FILE: /data9/Users/choij/Sync/workspace/ChargedHiggsAnalysisV3/SKNanoOutput/CRPromptSelector/Run3Mu_RunNoWZSF_RunSyst/2022/Skim_TriLep_VBFHToZZTo4L.root
2025-11-13 11:19:49,147 - INFO - [2022] MISSING_FILE: /data9/Users/choij/Sync/workspace/ChargedHiggsAnalysisV3/SKNanoOutput/CRPromptSelector/Run3Mu_RunNoWZSF_RunSyst/2022/Skim_TriLep_ggHToZZTo4L.root
2025-11-13 11:19:49,151 - INFO - [2022EE] MISSING_CENTRAL: WZ3Mu/Central/ZCand/pt in Skim_TriLep_DYJets.root
2025-11-13 11:19:49,152 - INFO - [2022EE] MISSING_CENTRAL: WZ3Mu/Central/ZCand/pt in Skim_TriLep_DYJets10to50.root
2025-11-13 11:19:49,168 - INFO - [2022EE] MISSING_FILE: /data9/Users/choij/Sync/workspace/ChargedHiggsAnalysisV3/SKNanoOutput/CRPromptSelector/Run3Mu_RunNoWZSF_RunSyst/2022EE/Skim_TriLep_ZZTo4L_powheg.root
2025-11-13 11:19:49,176 - INFO - [2022EE] MISSING_FILE: /data9/Users/choij/Sync/workspace/ChargedHiggsAnalysisV3/SKNanoOutput/CRPromptSelector/Run3Mu_RunNoWZSF_RunSyst/2022EE/Skim_TriLep_VBFHToZZTo4L.root
2025-11-13 11:19:49,176 - INFO - [2022EE] MISSING_FILE: /data9/Users/choij/Sync/workspace/ChargedHiggsAnalysisV3/SKNanoOutput/CRPromptSelector/Run3Mu_RunNoWZSF_RunSyst/2022EE/Skim_TriLep_ggHToZZTo4L.root
2025-11-13 11:19:49,188 - INFO - [2023] MISSING_CENTRAL: WZ3Mu/Central/ZCand/pt in Skim_TriLep_DYJets10to50.root
2025-11-13 11:19:49,200 - INFO - [2023] MISSING_CENTRAL: WZ3Mu/Central/ZCand/pt in Skim_TriLep_TTG_PTG200toInf.root
2025-11-13 11:19:49,206 - INFO - [2023] MISSING_FILE: /data9/Users/choij/Sync/workspace/ChargedHiggsAnalysisV3/SKNanoOutput/CRPromptSelector/Run3Mu_RunNoWZSF_RunSyst/2023/Skim_TriLep_ZZTo4L_powheg.root
2025-11-13 11:19:49,213 - INFO - [2023] MISSING_FILE: /data9/Users/choij/Sync/workspace/ChargedHiggsAnalysisV3/SKNanoOutput/CRPromptSelector/Run3Mu_RunNoWZSF_RunSyst/2023/Skim_TriLep_VBFHToZZTo4L.root
2025-11-13 11:19:49,213 - INFO - [2023] MISSING_FILE: /data9/Users/choij/Sync/workspace/ChargedHiggsAnalysisV3/SKNanoOutput/CRPromptSelector/Run3Mu_RunNoWZSF_RunSyst/2023/Skim_TriLep_ggHToZZTo4L.root
2025-11-13 11:19:49,220 - INFO - [2023BPix] MISSING_CENTRAL: WZ3Mu/Central/ZCand/pt in Skim_TriLep_DYJets10to50.root
2025-11-13 11:19:49,232 - INFO - [2023BPix] MISSING_CENTRAL: WZ3Mu/Central/ZCand/pt in Skim_TriLep_TTG_PTG200toInf.root
2025-11-13 11:19:49,238 - INFO - [2023BPix] MISSING_FILE: /data9/Users/choij/Sync/workspace/ChargedHiggsAnalysisV3/SKNanoOutput/CRPromptSelector/Run3Mu_RunNoWZSF_RunSyst/2023BPix/Skim_TriLep_ZZTo4L_powheg.root
2025-11-13 11:19:49,245 - INFO - [2023BPix] MISSING_FILE: /data9/Users/choij/Sync/workspace/ChargedHiggsAnalysisV3/SKNanoOutput/CRPromptSelector/Run3Mu_RunNoWZSF_RunSyst/2023BPix/Skim_TriLep_VBFHToZZTo4L.root
2025-11-13 11:19:49,246 - INFO - [2023BPix] MISSING_FILE: /data9/Users/choij/Sync/workspace/ChargedHiggsAnalysisV3/SKNanoOutput/CRPromptSelector/Run3Mu_RunNoWZSF_RunSyst/2023BPix/Skim_TriLep_ggHToZZTo4L.root
2025-11-19 15:46:20,073 - INFO - [2022] MISSING_CENTRAL: WZ3Mu/Central/ZCand/pt in Skim_TriLep_DYJets.root
2025-11-19 15:46:20,074 - INFO - [2022] MISSING_CENTRAL: WZ3Mu/Central/ZCand/pt in Skim_TriLep_DYJets10to50.root
2025-11-19 15:46:20,074 - INFO - [2022] MISSING_CENTRAL: WZ3Mu/Central/ZCand/pt in Skim_TriLep_DYGTo2LG_MLL4to50_PTG10to100.root
2025-11-19 15:46:20,074 - INFO - [2022] MISSING_CENTRAL: WZ3Mu/Central/ZCand/pt in Skim_TriLep_DYGTo2LG_MLL4to50_PTG100to200.root
2025-11-19 15:46:20,075 - INFO - [2022] MISSING_CENTRAL: WZ3Mu/Central/ZCand/pt in Skim_TriLep_DYGTo2LG_MLL4to50_PTG200toInf.root
2025-11-19 15:46:20,100 - INFO - [2022] MISSING_CENTRAL: WZ3Mu/Central/ZCand/pt in Skim_TriLep_TTG_PTG100to200.root
2025-11-19 15:46:20,101 - INFO - [2022] MISSING_CENTRAL: WZ3Mu/Central/ZCand/pt in Skim_TriLep_TTG_PTG200toInf.root
2025-11-19 15:46:20,201 - INFO - [2022EE] MISSING_CENTRAL: WZ3Mu/Central/ZCand/pt in Skim_TriLep_DYJets.root
2025-11-19 15:46:20,202 - INFO - [2022EE] MISSING_CENTRAL: WZ3Mu/Central/ZCand/pt in Skim_TriLep_DYJets10to50.root
2025-11-19 15:46:20,382 - INFO - [2023] MISSING_CENTRAL: WZ3Mu/Central/ZCand/pt in Skim_TriLep_DYJets10to50.root
2025-11-19 15:46:20,446 - INFO - [2023] MISSING_CENTRAL: WZ3Mu/Central/ZCand/pt in Skim_TriLep_TTG_PTG200toInf.root
2025-11-19 15:46:20,559 - INFO - [2023BPix] MISSING_CENTRAL: WZ3Mu/Central/ZCand/pt in Skim_TriLep_DYJets10to50.root
2025-11-19 15:46:20,574 - INFO - [2023BPix] MISSING_SYSTEMATIC: WZ3Mu/JetEn_Up/ZCand/pt in Skim_TriLep_DYGTo2LG_MLL4to50_PTG200toInf.root
2025-11-19 15:46:20,574 - INFO - [2023BPix] MISSING_SYSTEMATIC: WZ3Mu/JetEn_Down/ZCand/pt in Skim_TriLep_DYGTo2LG_MLL4to50_PTG200toInf.root
2025-11-19 15:46:20,574 - INFO - [2023BPix] MISSING_SYSTEMATIC: WZ3Mu/JetRes_Up/ZCand/pt in Skim_TriLep_DYGTo2LG_MLL4to50_PTG200toInf.root
2025-11-19 15:46:20,620 - INFO - [2023BPix] MISSING_CENTRAL: WZ3Mu/Central/ZCand/pt in Skim_TriLep_TTG_PTG200toInf.root
2025-11-19 15:46:26,176 - INFO - [2022] MISSING_CENTRAL: WZ3Mu/Central/ZCand/pt in Skim_TriLep_DYJets.root
2025-11-19 15:46:26,176 - INFO - [2022] MISSING_CENTRAL: WZ3Mu/Central/ZCand/pt in Skim_TriLep_DYJets10to50.root
2025-11-19 15:46:26,177 - INFO - [2022] MISSING_CENTRAL: WZ3Mu/Central/ZCand/pt in Skim_TriLep_DYGTo2LG_MLL4to50_PTG10to100.root
2025-11-19 15:46:26,177 - INFO - [2022] MISSING_CENTRAL: WZ3Mu/Central/ZCand/pt in Skim_TriLep_DYGTo2LG_MLL4to50_PTG100to200.root
2025-11-19 15:46:26,177 - INFO - [2022] MISSING_CENTRAL: WZ3Mu/Central/ZCand/pt in Skim_TriLep_DYGTo2LG_MLL4to50_PTG200toInf.root
2025-11-19 15:46:26,179 - INFO - [2022] MISSING_CENTRAL: WZ3Mu/Central/ZCand/pt in Skim_TriLep_TTG_PTG100to200.root
2025-11-19 15:46:26,179 - INFO - [2022] MISSING_CENTRAL: WZ3Mu/Central/ZCand/pt in Skim_TriLep_TTG_PTG200toInf.root
2025-11-19 15:46:26,181 - INFO - [2022] MISSING_FILE: /home/choij/Sync/workspace/ChargedHiggsAnalysisV3/SKNanoOutput/CRPromptSelector/Run3Mu_RunNoWZSF_RunSyst/2022/Skim_TriLep_ZZTo4L_powheg.root
2025-11-19 15:46:26,183 - INFO - [2022] MISSING_FILE: /home/choij/Sync/workspace/ChargedHiggsAnalysisV3/SKNanoOutput/CRPromptSelector/Run3Mu_RunNoWZSF_RunSyst/2022/Skim_TriLep_VBFHToZZTo4L.root
2025-11-19 15:46:26,183 - INFO - [2022] MISSING_FILE: /home/choij/Sync/workspace/ChargedHiggsAnalysisV3/SKNanoOutput/CRPromptSelector/Run3Mu_RunNoWZSF_RunSyst/2022/Skim_TriLep_ggHToZZTo4L.root
2025-11-19 15:46:26,185 - INFO - [2022EE] MISSING_CENTRAL: WZ3Mu/Central/ZCand/pt in Skim_TriLep_DYJets.root
2025-11-19 15:46:26,185 - INFO - [2022EE] MISSING_CENTRAL: WZ3Mu/Central/ZCand/pt in Skim_TriLep_DYJets10to50.root
2025-11-19 15:46:26,190 - INFO - [2022EE] MISSING_FILE: /home/choij/Sync/workspace/ChargedHiggsAnalysisV3/SKNanoOutput/CRPromptSelector/Run3Mu_RunNoWZSF_RunSyst/2022EE/Skim_TriLep_ZZTo4L_powheg.root
2025-11-19 15:46:26,192 - INFO - [2022EE] MISSING_FILE: /home/choij/Sync/workspace/ChargedHiggsAnalysisV3/SKNanoOutput/CRPromptSelector/Run3Mu_RunNoWZSF_RunSyst/2022EE/Skim_TriLep_VBFHToZZTo4L.root
2025-11-19 15:46:26,192 - INFO - [2022EE] MISSING_FILE: /home/choij/Sync/workspace/ChargedHiggsAnalysisV3/SKNanoOutput/CRPromptSelector/Run3Mu_RunNoWZSF_RunSyst/2022EE/Skim_TriLep_ggHToZZTo4L.root
2025-11-19 15:46:26,196 - INFO - [2023] MISSING_CENTRAL: WZ3Mu/Central/ZCand/pt in Skim_TriLep_DYJets10to50.root
2025-11-19 15:46:26,200 - INFO - [2023] MISSING_CENTRAL: WZ3Mu/Central/ZCand/pt in Skim_TriLep_TTG_PTG200toInf.root
2025-11-19 15:46:26,201 - INFO - [2023] MISSING_FILE: /home/choij/Sync/workspace/ChargedHiggsAnalysisV3/SKNanoOutput/CRPromptSelector/Run3Mu_RunNoWZSF_RunSyst/2023/Skim_TriLep_ZZTo4L_powheg.root
2025-11-19 15:46:26,204 - INFO - [2023] MISSING_FILE: /home/choij/Sync/workspace/ChargedHiggsAnalysisV3/SKNanoOutput/CRPromptSelector/Run3Mu_RunNoWZSF_RunSyst/2023/Skim_TriLep_VBFHToZZTo4L.root
2025-11-19 15:46:26,204 - INFO - [2023] MISSING_FILE: /home/choij/Sync/workspace/ChargedHiggsAnalysisV3/SKNanoOutput/CRPromptSelector/Run3Mu_RunNoWZSF_RunSyst/2023/Skim_TriLep_ggHToZZTo4L.root
2025-11-19 15:46:26,206 - INFO - [2023BPix] MISSING_CENTRAL: WZ3Mu/Central/ZCand/pt in Skim_TriLep_DYJets10to50.root
2025-11-19 15:46:26,210 - INFO - [2023BPix] MISSING_CENTRAL: WZ3Mu/Central/ZCand/pt in Skim_TriLep_TTG_PTG200toInf.root
2025-11-19 15:46:26,212 - INFO - [2023BPix] MISSING_FILE: /home/choij/Sync/workspace/ChargedHiggsAnalysisV3/SKNanoOutput/CRPromptSelector/Run3Mu_RunNoWZSF_RunSyst/2023BPix/Skim_TriLep_ZZTo4L_powheg.root
2025-11-19 15:46:26,214 - INFO - [2023BPix] MISSING_FILE: /home/choij/Sync/workspace/ChargedHiggsAnalysisV3/SKNanoOutput/CRPromptSelector/Run3Mu_RunNoWZSF_RunSyst/2023BPix/Skim_TriLep_VBFHToZZTo4L.root
2025-11-19 15:46:26,214 - INFO - [2023BPix] MISSING_FILE: /home/choij/Sync/workspace/ChargedHiggsAnalysisV3/SKNanoOutput/CRPromptSelector/Run3Mu_RunNoWZSF_RunSyst/2023BPix/Skim_TriLep_ggHToZZTo4L.root
2025-11-19 16:31:49,154 - INFO - [2022] MISSING_CENTRAL: WZ3Mu/Central/ZCand/pt in Skim_TriLep_DYJets.root
2025-11-19 16:31:49,155 - INFO - [2022] MISSING_CENTRAL: WZ3Mu/Central/ZCand/pt in Skim_TriLep_DYJets10to50.root
2025-11-19 16:31:49,155 - INFO - [2022] MISSING_CENTRAL: WZ3Mu/Central/ZCand/pt in Skim_TriLep_DYGTo2LG_MLL4to50_PTG10to100.root
2025-11-19 16:31:49,155 - INFO - [2022] MISSING_CENTRAL: WZ3Mu/Central/ZCand/pt in Skim_TriLep_DYGTo2LG_MLL4to50_PTG100to200.root
2025-11-19 16:31:49,156 - INFO - [2022] MISSING_CENTRAL: WZ3Mu/Central/ZCand/pt in Skim_TriLep_DYGTo2LG_MLL4to50_PTG200toInf.root
2025-11-19 16:31:49,183 - INFO - [2022] MISSING_CENTRAL: WZ3Mu/Central/ZCand/pt in Skim_TriLep_TTG_PTG100to200.root
2025-11-19 16:31:49,183 - INFO - [2022] MISSING_CENTRAL: WZ3Mu/Central/ZCand/pt in Skim_TriLep_TTG_PTG200toInf.root
2025-11-19 16:31:49,296 - INFO - [2022EE] MISSING_CENTRAL: WZ3Mu/Central/ZCand/pt in Skim_TriLep_DYJets.root
2025-11-19 16:31:49,297 - INFO - [2022EE] MISSING_CENTRAL: WZ3Mu/Central/ZCand/pt in Skim_TriLep_DYJets10to50.root
2025-11-19 16:31:49,470 - INFO - [2023] MISSING_CENTRAL: WZ3Mu/Central/ZCand/pt in Skim_TriLep_DYJets10to50.root
2025-11-19 16:31:49,538 - INFO - [2023] MISSING_CENTRAL: WZ3Mu/Central/ZCand/pt in Skim_TriLep_TTG_PTG200toInf.root
2025-11-19 16:31:49,649 - INFO - [2023BPix] MISSING_CENTRAL: WZ3Mu/Central/ZCand/pt in Skim_TriLep_DYJets10to50.root
2025-11-19 16:31:49,663 - INFO - [2023BPix] MISSING_SYSTEMATIC: WZ3Mu/JetEn_Up/ZCand/pt in Skim_TriLep_DYGTo2LG_MLL4to50_PTG200toInf.root
2025-11-19 16:31:49,663 - INFO - [2023BPix] MISSING_SYSTEMATIC: WZ3Mu/JetEn_Down/ZCand/pt in Skim_TriLep_DYGTo2LG_MLL4to50_PTG200toInf.root
2025-11-19 16:31:49,663 - INFO - [2023BPix] MISSING_SYSTEMATIC: WZ3Mu/JetRes_Up/ZCand/pt in Skim_TriLep_DYGTo2LG_MLL4to50_PTG200toInf.root
2025-11-19 16:31:49,715 - INFO - [2023BPix] MISSING_CENTRAL: WZ3Mu/Central/ZCand/pt in Skim_TriLep_TTG_PTG200toInf.root
2025-11-19 16:31:54,901 - INFO - [2022] MISSING_CENTRAL: WZ3Mu/Central/ZCand/pt in Skim_TriLep_DYJets.root
2025-11-19 16:31:54,902 - INFO - [2022] MISSING_CENTRAL: WZ3Mu/Central/ZCand/pt in Skim_TriLep_DYJets10to50.root
2025-11-19 16:31:54,902 - INFO - [2022] MISSING_CENTRAL: WZ3Mu/Central/ZCand/pt in Skim_TriLep_DYGTo2LG_MLL4to50_PTG10to100.root
2025-11-19 16:31:54,903 - INFO - [2022] MISSING_CENTRAL: WZ3Mu/Central/ZCand/pt in Skim_TriLep_DYGTo2LG_MLL4to50_PTG100to200.root
2025-11-19 16:31:54,903 - INFO - [2022] MISSING_CENTRAL: WZ3Mu/Central/ZCand/pt in Skim_TriLep_DYGTo2LG_MLL4to50_PTG200toInf.root
2025-11-19 16:31:54,906 - INFO - [2022] MISSING_CENTRAL: WZ3Mu/Central/ZCand/pt in Skim_TriLep_TTG_PTG100to200.root
2025-11-19 16:31:54,906 - INFO - [2022] MISSING_CENTRAL: WZ3Mu/Central/ZCand/pt in Skim_TriLep_TTG_PTG200toInf.root
2025-11-19 16:31:54,909 - INFO - [2022] MISSING_FILE: /home/choij/Sync/workspace/ChargedHiggsAnalysisV3/SKNanoOutput/CRPromptSelector/Run3Mu_RunNoWZSF_RunSyst/2022/Skim_TriLep_ZZTo4L_powheg.root
2025-11-19 16:31:54,913 - INFO - [2022] MISSING_FILE: /home/choij/Sync/workspace/ChargedHiggsAnalysisV3/SKNanoOutput/CRPromptSelector/Run3Mu_RunNoWZSF_RunSyst/2022/Skim_TriLep_VBFHToZZTo4L.root
2025-11-19 16:31:54,913 - INFO - [2022] MISSING_FILE: /home/choij/Sync/workspace/ChargedHiggsAnalysisV3/SKNanoOutput/CRPromptSelector/Run3Mu_RunNoWZSF_RunSyst/2022/Skim_TriLep_ggHToZZTo4L.root
2025-11-19 16:31:54,915 - INFO - [2022EE] MISSING_CENTRAL: WZ3Mu/Central/ZCand/pt in Skim_TriLep_DYJets.root
2025-11-19 16:31:54,916 - INFO - [2022EE] MISSING_CENTRAL: WZ3Mu/Central/ZCand/pt in Skim_TriLep_DYJets10to50.root
2025-11-19 16:31:54,923 - INFO - [2022EE] MISSING_FILE: /home/choij/Sync/workspace/ChargedHiggsAnalysisV3/SKNanoOutput/CRPromptSelector/Run3Mu_RunNoWZSF_RunSyst/2022EE/Skim_TriLep_ZZTo4L_powheg.root
2025-11-19 16:31:54,927 - INFO - [2022EE] MISSING_FILE: /home/choij/Sync/workspace/ChargedHiggsAnalysisV3/SKNanoOutput/CRPromptSelector/Run3Mu_RunNoWZSF_RunSyst/2022EE/Skim_TriLep_VBFHToZZTo4L.root
2025-11-19 16:31:54,927 - INFO - [2022EE] MISSING_FILE: /home/choij/Sync/workspace/ChargedHiggsAnalysisV3/SKNanoOutput/CRPromptSelector/Run3Mu_RunNoWZSF_RunSyst/2022EE/Skim_TriLep_ggHToZZTo4L.root
2025-11-19 16:31:54,933 - INFO - [2023] MISSING_CENTRAL: WZ3Mu/Central/ZCand/pt in Skim_TriLep_DYJets10to50.root
2025-11-19 16:31:54,937 - INFO - [2023] MISSING_CENTRAL: WZ3Mu/Central/ZCand/pt in Skim_TriLep_TTG_PTG200toInf.root
2025-11-19 16:31:54,939 - INFO - [2023] MISSING_FILE: /home/choij/Sync/workspace/ChargedHiggsAnalysisV3/SKNanoOutput/CRPromptSelector/Run3Mu_RunNoWZSF_RunSyst/2023/Skim_TriLep_ZZTo4L_powheg.root
2025-11-19 16:31:54,942 - INFO - [2023] MISSING_FILE: /home/choij/Sync/workspace/ChargedHiggsAnalysisV3/SKNanoOutput/CRPromptSelector/Run3Mu_RunNoWZSF_RunSyst/2023/Skim_TriLep_VBFHToZZTo4L.root
2025-11-19 16:31:54,942 - INFO - [2023] MISSING_FILE: /home/choij/Sync/workspace/ChargedHiggsAnalysisV3/SKNanoOutput/CRPromptSelector/Run3Mu_RunNoWZSF_RunSyst/2023/Skim_TriLep_ggHToZZTo4L.root
2025-11-19 16:31:54,944 - INFO - [2023BPix] MISSING_CENTRAL: WZ3Mu/Central/ZCand/pt in Skim_TriLep_DYJets10to50.root
2025-11-19 16:31:54,948 - INFO - [2023BPix] MISSING_CENTRAL: WZ3Mu/Central/ZCand/pt in Skim_TriLep_TTG_PTG200toInf.root
2025-11-19 16:31:54,950 - INFO - [2023BPix] MISSING_FILE: /home/choij/Sync/workspace/ChargedHiggsAnalysisV3/SKNanoOutput/CRPromptSelector/Run3Mu_RunNoWZSF_RunSyst/2023BPix/Skim_TriLep_ZZTo4L_powheg.root
2025-11-19 16:31:54,953 - INFO - [2023BPix] MISSING_FILE: /home/choij/Sync/workspace/ChargedHiggsAnalysisV3/SKNanoOutput/CRPromptSelector/Run3Mu_RunNoWZSF_RunSyst/2023BPix/Skim_TriLep_VBFHToZZTo4L.root
2025-11-19 16:31:54,953 - INFO - [2023BPix] MISSING_FILE: /home/choij/Sync/workspace/ChargedHiggsAnalysisV3/SKNanoOutput/CRPromptSelector/Run3Mu_RunNoWZSF_RunSyst/2023BPix/Skim_TriLep_ggHToZZTo4L.root
2025-12-17 12:29:36,480 - INFO - [2022] MISSING_CENTRAL: WZ3Mu/Central/ZCand/pt in Skim_TriLep_DYJets.root
2025-12-17 12:29:36,481 - INFO - [2022] MISSING_CENTRAL: WZ3Mu/Central/ZCand/pt in Skim_TriLep_DYJets10to50.root
2025-12-17 12:29:36,482 - INFO - [2022] MISSING_CENTRAL: WZ3Mu/Central/ZCand/pt in Skim_TriLep_TTG_PTG10to100.root
2025-12-17 12:29:36,482 - INFO - [2022] MISSING_CENTRAL: WZ3Mu/Central/ZCand/pt in Skim_TriLep_TTG_PTG100to200.root
2025-12-17 12:29:36,483 - INFO - [2022] MISSING_CENTRAL: WZ3Mu/Central/ZCand/pt in Skim_TriLep_TTG_PTG200toInf.root
2025-12-17 12:29:36,734 - INFO - [2022EE] MISSING_CENTRAL: WZ3Mu/Central/ZCand/pt in Skim_TriLep_DYJets.root
2025-12-17 12:29:36,734 - INFO - [2022EE] MISSING_CENTRAL: WZ3Mu/Central/ZCand/pt in Skim_TriLep_DYJets10to50.root
2025-12-17 12:29:37,038 - INFO - [2023] MISSING_CENTRAL: WZ3Mu/Central/ZCand/pt in Skim_TriLep_DYJets10to50.root
2025-12-17 12:29:37,056 - INFO - [2023] MISSING_CENTRAL: WZ3Mu/Central/ZCand/pt in Skim_TriLep_TTG_PTG100to200.root
2025-12-17 12:29:37,057 - INFO - [2023] MISSING_CENTRAL: WZ3Mu/Central/ZCand/pt in Skim_TriLep_TTG_PTG200toInf.root
2025-12-17 12:29:37,347 - INFO - [2023BPix] MISSING_CENTRAL: WZ3Mu/Central/ZCand/pt in Skim_TriLep_DYJets10to50.root
2025-12-17 12:29:37,365 - INFO - [2023BPix] MISSING_CENTRAL: WZ3Mu/Central/ZCand/pt in Skim_TriLep_TTG_PTG100to200.root
2025-12-17 12:29:37,367 - INFO - [2023BPix] MISSING_CENTRAL: WZ3Mu/Central/ZCand/pt in Skim_TriLep_TTG_PTG200toInf.root
2025-12-17 12:29:42,562 - INFO - [2022] MISSING_CENTRAL: WZ3Mu/Central/ZCand/pt in Skim_TriLep_DYJets.root
2025-12-17 12:29:42,564 - INFO - [2022] MISSING_CENTRAL: WZ3Mu/Central/ZCand/pt in Skim_TriLep_DYJets10to50.root
2025-12-17 12:29:42,565 - INFO - [2022] MISSING_CENTRAL: WZ3Mu/Central/ZCand/pt in Skim_TriLep_TTG_PTG10to100.root
2025-12-17 12:29:42,567 - INFO - [2022] MISSING_CENTRAL: WZ3Mu/Central/ZCand/pt in Skim_TriLep_TTG_PTG100to200.root
2025-12-17 12:29:42,568 - INFO - [2022] MISSING_CENTRAL: WZ3Mu/Central/ZCand/pt in Skim_TriLep_TTG_PTG200toInf.root
2025-12-17 12:29:42,578 - INFO - [2022] MISSING_FILE: /data9/Users/choij/Sync/workspace/ChargedHiggsAnalysisV3/SKNanoOutput/CRPromptSelector/Run3Mu_RunNoWZSF_RunSyst/2022/Skim_TriLep_ZZTo4L_powheg.root
2025-12-17 12:29:42,588 - INFO - [2022] MISSING_FILE: /data9/Users/choij/Sync/workspace/ChargedHiggsAnalysisV3/SKNanoOutput/CRPromptSelector/Run3Mu_RunNoWZSF_RunSyst/2022/Skim_TriLep_VBFHToZZTo4L.root
2025-12-17 12:29:42,588 - INFO - [2022] MISSING_FILE: /data9/Users/choij/Sync/workspace/ChargedHiggsAnalysisV3/SKNanoOutput/CRPromptSelector/Run3Mu_RunNoWZSF_RunSyst/2022/Skim_TriLep_ggHToZZTo4L.root
2025-12-17 12:29:42,594 - INFO - [2022EE] MISSING_CENTRAL: WZ3Mu/Central/ZCand/pt in Skim_TriLep_DYJets.root
2025-12-17 12:29:42,596 - INFO - [2022EE] MISSING_CENTRAL: WZ3Mu/Central/ZCand/pt in Skim_TriLep_DYJets10to50.root
2025-12-17 12:29:42,607 - INFO - [2022EE] MISSING_FILE: /data9/Users/choij/Sync/workspace/ChargedHiggsAnalysisV3/SKNanoOutput/CRPromptSelector/Run3Mu_RunNoWZSF_RunSyst/2022EE/Skim_TriLep_ZZTo4L_powheg.root
2025-12-17 12:29:42,619 - INFO - [2022EE] MISSING_FILE: /data9/Users/choij/Sync/workspace/ChargedHiggsAnalysisV3/SKNanoOutput/CRPromptSelector/Run3Mu_RunNoWZSF_RunSyst/2022EE/Skim_TriLep_VBFHToZZTo4L.root
2025-12-17 12:29:42,619 - INFO - [2022EE] MISSING_FILE: /data9/Users/choij/Sync/workspace/ChargedHiggsAnalysisV3/SKNanoOutput/CRPromptSelector/Run3Mu_RunNoWZSF_RunSyst/2022EE/Skim_TriLep_ggHToZZTo4L.root
2025-12-17 12:29:42,634 - INFO - [2023] MISSING_CENTRAL: WZ3Mu/Central/ZCand/pt in Skim_TriLep_DYJets10to50.root
2025-12-17 12:29:42,637 - INFO - [2023] MISSING_CENTRAL: WZ3Mu/Central/ZCand/pt in Skim_TriLep_TTG_PTG100to200.root
2025-12-17 12:29:42,638 - INFO - [2023] MISSING_CENTRAL: WZ3Mu/Central/ZCand/pt in Skim_TriLep_TTG_PTG200toInf.root
2025-12-17 12:29:42,645 - INFO - [2023] MISSING_FILE: /data9/Users/choij/Sync/workspace/ChargedHiggsAnalysisV3/SKNanoOutput/CRPromptSelector/Run3Mu_RunNoWZSF_RunSyst/2023/Skim_TriLep_ZZTo4L_powheg.root
2025-12-17 12:29:42,655 - INFO - [2023] MISSING_FILE: /data9/Users/choij/Sync/workspace/ChargedHiggsAnalysisV3/SKNanoOutput/CRPromptSelector/Run3Mu_RunNoWZSF_RunSyst/2023/Skim_TriLep_VBFHToZZTo4L.root
2025-12-17 12:29:42,655 - INFO - [2023] MISSING_FILE: /data9/Users/choij/Sync/workspace/ChargedHiggsAnalysisV3/SKNanoOutput/CRPromptSelector/Run3Mu_RunNoWZSF_RunSyst/2023/Skim_TriLep_ggHToZZTo4L.root
2025-12-17 12:29:42,665 - INFO - [2023BPix] MISSING_CENTRAL: WZ3Mu/Central/ZCand/pt in Skim_TriLep_DYJets10to50.root
2025-12-17 12:29:42,668 - INFO - [2023BPix] MISSING_CENTRAL: WZ3Mu/Central/ZCand/pt in Skim_TriLep_TTG_PTG100to200.root
2025-12-17 12:29:42,670 - INFO - [2023BPix] MISSING_CENTRAL: WZ3Mu/Central/ZCand/pt in Skim_TriLep_TTG_PTG200toInf.root
2025-12-17 12:29:42,680 - INFO - [2023BPix] MISSING_FILE: /data9/Users/choij/Sync/workspace/ChargedHiggsAnalysisV3/SKNanoOutput/CRPromptSelector/Run3Mu_RunNoWZSF_RunSyst/2023BPix/Skim_TriLep_ZZTo4L_powheg.root
2025-12-17 12:29:42,693 - INFO - [2023BPix] MISSING_FILE: /data9/Users/choij/Sync/workspace/ChargedHiggsAnalysisV3/SKNanoOutput/CRPromptSelector/Run3Mu_RunNoWZSF_RunSyst/2023BPix/Skim_TriLep_VBFHToZZTo4L.root
2025-12-17 12:29:42,693 - INFO - [2023BPix] MISSING_FILE: /data9/Users/choij/Sync/workspace/ChargedHiggsAnalysisV3/SKNanoOutput/CRPromptSelector/Run3Mu_RunNoWZSF_RunSyst/2023BPix/Skim_TriLep_ggHToZZTo4L.root
2025-12-17 16:11:00,697 - INFO - [2022] MISSING_CENTRAL: WZ3Mu/Central/ZCand/pt in Skim_TriLep_DYJets.root
2025-12-17 16:11:00,698 - INFO - [2022] MISSING_CENTRAL: WZ3Mu/Central/ZCand/pt in Skim_TriLep_DYJets10to50.root
2025-12-17 16:11:00,699 - INFO - [2022] MISSING_CENTRAL: WZ3Mu/Central/ZCand/pt in Skim_TriLep_TTG_PTG10to100.root
2025-12-17 16:11:00,700 - INFO - [2022] MISSING_CENTRAL: WZ3Mu/Central/ZCand/pt in Skim_TriLep_TTG_PTG100to200.root
2025-12-17 16:11:00,701 - INFO - [2022] MISSING_CENTRAL: WZ3Mu/Central/ZCand/pt in Skim_TriLep_TTG_PTG200toInf.root
2025-12-17 16:11:01,106 - INFO - [2022EE] MISSING_CENTRAL: WZ3Mu/Central/ZCand/pt in Skim_TriLep_DYJets.root
2025-12-17 16:11:01,107 - INFO - [2022EE] MISSING_CENTRAL: WZ3Mu/Central/ZCand/pt in Skim_TriLep_DYJets10to50.root
2025-12-17 16:11:01,956 - INFO - [2023] MISSING_CENTRAL: WZ3Mu/Central/ZCand/pt in Skim_TriLep_DYJets10to50.root
2025-12-17 16:11:01,976 - INFO - [2023] MISSING_CENTRAL: WZ3Mu/Central/ZCand/pt in Skim_TriLep_TTG_PTG100to200.root
2025-12-17 16:11:01,979 - INFO - [2023] MISSING_CENTRAL: WZ3Mu/Central/ZCand/pt in Skim_TriLep_TTG_PTG200toInf.root
2025-12-17 16:11:02,261 - INFO - [2023BPix] MISSING_CENTRAL: WZ3Mu/Central/ZCand/pt in Skim_TriLep_DYJets10to50.root
2025-12-17 16:11:02,277 - INFO - [2023BPix] MISSING_CENTRAL: WZ3Mu/Central/ZCand/pt in Skim_TriLep_TTG_PTG100to200.root
2025-12-17 16:11:02,279 - INFO - [2023BPix] MISSING_CENTRAL: WZ3Mu/Central/ZCand/pt in Skim_TriLep_TTG_PTG200toInf.root
2025-12-17 16:11:06,290 - INFO - [2022] MISSING_CENTRAL: WZ3Mu/Central/ZCand/pt in Skim_TriLep_DYJets.root
2025-12-17 16:11:06,290 - INFO - [2022] MISSING_CENTRAL: WZ3Mu/Central/ZCand/pt in Skim_TriLep_DYJets10to50.root
2025-12-17 16:11:06,291 - INFO - [2022] MISSING_CENTRAL: WZ3Mu/Central/ZCand/pt in Skim_TriLep_TTG_PTG10to100.root
2025-12-17 16:11:06,291 - INFO - [2022] MISSING_CENTRAL: WZ3Mu/Central/ZCand/pt in Skim_TriLep_TTG_PTG100to200.root
2025-12-17 16:11:06,292 - INFO - [2022] MISSING_CENTRAL: WZ3Mu/Central/ZCand/pt in Skim_TriLep_TTG_PTG200toInf.root
2025-12-17 16:11:06,294 - INFO - [2022] MISSING_FILE: /data9/Users/choij/Sync/workspace/ChargedHiggsAnalysisV3/SKNanoOutput/CRPromptSelector/Run3Mu_RunNoWZSF_RunSyst/2022/Skim_TriLep_WZTo3LNu_powheg.root
2025-12-17 16:11:06,295 - INFO - [2022] MISSING_FILE: /data9/Users/choij/Sync/workspace/ChargedHiggsAnalysisV3/SKNanoOutput/CRPromptSelector/Run3Mu_RunNoWZSF_RunSyst/2022/Skim_TriLep_ZZTo4L_powheg.root
2025-12-17 16:11:06,299 - INFO - [2022] MISSING_FILE: /data9/Users/choij/Sync/workspace/ChargedHiggsAnalysisV3/SKNanoOutput/CRPromptSelector/Run3Mu_RunNoWZSF_RunSyst/2022/Skim_TriLep_VBFHToZZTo4L.root
2025-12-17 16:11:06,299 - INFO - [2022] MISSING_FILE: /data9/Users/choij/Sync/workspace/ChargedHiggsAnalysisV3/SKNanoOutput/CRPromptSelector/Run3Mu_RunNoWZSF_RunSyst/2022/Skim_TriLep_ggHToZZTo4L.root
2025-12-17 16:11:06,302 - INFO - [2022EE] MISSING_CENTRAL: WZ3Mu/Central/ZCand/pt in Skim_TriLep_DYJets.root
2025-12-17 16:11:06,302 - INFO - [2022EE] MISSING_CENTRAL: WZ3Mu/Central/ZCand/pt in Skim_TriLep_DYJets10to50.root
2025-12-17 16:11:06,306 - INFO - [2022EE] MISSING_FILE: /data9/Users/choij/Sync/workspace/ChargedHiggsAnalysisV3/SKNanoOutput/CRPromptSelector/Run3Mu_RunNoWZSF_RunSyst/2022EE/Skim_TriLep_WZTo3LNu_powheg.root
2025-12-17 16:11:06,307 - INFO - [2022EE] MISSING_FILE: /data9/Users/choij/Sync/workspace/ChargedHiggsAnalysisV3/SKNanoOutput/CRPromptSelector/Run3Mu_RunNoWZSF_RunSyst/2022EE/Skim_TriLep_ZZTo4L_powheg.root
2025-12-17 16:11:06,311 - INFO - [2022EE] MISSING_FILE: /data9/Users/choij/Sync/workspace/ChargedHiggsAnalysisV3/SKNanoOutput/CRPromptSelector/Run3Mu_RunNoWZSF_RunSyst/2022EE/Skim_TriLep_VBFHToZZTo4L.root
2025-12-17 16:11:06,311 - INFO - [2022EE] MISSING_FILE: /data9/Users/choij/Sync/workspace/ChargedHiggsAnalysisV3/SKNanoOutput/CRPromptSelector/Run3Mu_RunNoWZSF_RunSyst/2022EE/Skim_TriLep_ggHToZZTo4L.root
2025-12-17 16:11:06,317 - INFO - [2023] MISSING_CENTRAL: WZ3Mu/Central/ZCand/pt in Skim_TriLep_DYJets10to50.root
2025-12-17 16:11:06,319 - INFO - [2023] MISSING_CENTRAL: WZ3Mu/Central/ZCand/pt in Skim_TriLep_TTG_PTG100to200.root
2025-12-17 16:11:06,319 - INFO - [2023] MISSING_CENTRAL: WZ3Mu/Central/ZCand/pt in Skim_TriLep_TTG_PTG200toInf.root
2025-12-17 16:11:06,322 - INFO - [2023] MISSING_FILE: /data9/Users/choij/Sync/workspace/ChargedHiggsAnalysisV3/SKNanoOutput/CRPromptSelector/Run3Mu_RunNoWZSF_RunSyst/2023/Skim_TriLep_WZTo3LNu_powheg.root
2025-12-17 16:11:06,322 - INFO - [2023] MISSING_FILE: /data9/Users/choij/Sync/workspace/ChargedHiggsAnalysisV3/SKNanoOutput/CRPromptSelector/Run3Mu_RunNoWZSF_RunSyst/2023/Skim_TriLep_ZZTo4L_powheg.root
2025-12-17 16:11:06,326 - INFO - [2023] MISSING_FILE: /data9/Users/choij/Sync/workspace/ChargedHiggsAnalysisV3/SKNanoOutput/CRPromptSelector/Run3Mu_RunNoWZSF_RunSyst/2023/Skim_TriLep_VBFHToZZTo4L.root
2025-12-17 16:11:06,326 - INFO - [2023] MISSING_FILE: /data9/Users/choij/Sync/workspace/ChargedHiggsAnalysisV3/SKNanoOutput/CRPromptSelector/Run3Mu_RunNoWZSF_RunSyst/2023/Skim_TriLep_ggHToZZTo4L.root
2025-12-17 16:11:06,330 - INFO - [2023BPix] MISSING_CENTRAL: WZ3Mu/Central/ZCand/pt in Skim_TriLep_DYJets10to50.root
2025-12-17 16:11:06,331 - INFO - [2023BPix] MISSING_CENTRAL: WZ3Mu/Central/ZCand/pt in Skim_TriLep_TTG_PTG100to200.root
2025-12-17 16:11:06,332 - INFO - [2023BPix] MISSING_CENTRAL: WZ3Mu/Central/ZCand/pt in Skim_TriLep_TTG_PTG200toInf.root
2025-12-17 16:11:06,334 - INFO - [2023BPix] MISSING_FILE: /data9/Users/choij/Sync/workspace/ChargedHiggsAnalysisV3/SKNanoOutput/CRPromptSelector/Run3Mu_RunNoWZSF_RunSyst/2023BPix/Skim_TriLep_WZTo3LNu_powheg.root
2025-12-17 16:11:06,335 - INFO - [2023BPix] MISSING_FILE: /data9/Users/choij/Sync/workspace/ChargedHiggsAnalysisV3/SKNanoOutput/CRPromptSelector/Run3Mu_RunNoWZSF_RunSyst/2023BPix/Skim_TriLep_ZZTo4L_powheg.root
2025-12-17 16:11:06,339 - INFO - [2023BPix] MISSING_FILE: /data9/Users/choij/Sync/workspace/ChargedHiggsAnalysisV3/SKNanoOutput/CRPromptSelector/Run3Mu_RunNoWZSF_RunSyst/2023BPix/Skim_TriLep_VBFHToZZTo4L.root
2025-12-17 16:11:06,339 - INFO - [2023BPix] MISSING_FILE: /data9/Users/choij/Sync/workspace/ChargedHiggsAnalysisV3/SKNanoOutput/CRPromptSelector/Run3Mu_RunNoWZSF_RunSyst/2023BPix/Skim_TriLep_ggHToZZTo4L.root
2025-12-17 22:46:46,207 - INFO - [2022] MISSING_CENTRAL: WZ3Mu/Central/ZCand/pt in Skim_TriLep_DYJets.root
2025-12-17 22:46:46,207 - INFO - [2022] MISSING_CENTRAL: WZ3Mu/Central/ZCand/pt in Skim_TriLep_DYJets10to50.root
2025-12-17 22:46:46,208 - INFO - [2022] MISSING_CENTRAL: WZ3Mu/Central/ZCand/pt in Skim_TriLep_TTG_PTG10to100.root
2025-12-17 22:46:46,209 - INFO - [2022] MISSING_CENTRAL: WZ3Mu/Central/ZCand/pt in Skim_TriLep_TTG_PTG100to200.root
2025-12-17 22:46:46,210 - INFO - [2022] MISSING_CENTRAL: WZ3Mu/Central/ZCand/pt in Skim_TriLep_TTG_PTG200toInf.root
2025-12-17 22:46:46,353 - INFO - [2022EE] MISSING_CENTRAL: WZ3Mu/Central/ZCand/pt in Skim_TriLep_DYJets.root
2025-12-17 22:46:46,354 - INFO - [2022EE] MISSING_CENTRAL: WZ3Mu/Central/ZCand/pt in Skim_TriLep_DYJets10to50.root
2025-12-17 22:46:46,540 - INFO - [2023] MISSING_CENTRAL: WZ3Mu/Central/ZCand/pt in Skim_TriLep_DYJets10to50.root
2025-12-17 22:46:46,549 - INFO - [2023] MISSING_CENTRAL: WZ3Mu/Central/ZCand/pt in Skim_TriLep_TTG_PTG100to200.root
2025-12-17 22:46:46,550 - INFO - [2023] MISSING_CENTRAL: WZ3Mu/Central/ZCand/pt in Skim_TriLep_TTG_PTG200toInf.root
2025-12-17 22:46:46,710 - INFO - [2023BPix] MISSING_CENTRAL: WZ3Mu/Central/ZCand/pt in Skim_TriLep_DYJets10to50.root
2025-12-17 22:46:46,720 - INFO - [2023BPix] MISSING_CENTRAL: WZ3Mu/Central/ZCand/pt in Skim_TriLep_TTG_PTG100to200.root
2025-12-17 22:46:46,720 - INFO - [2023BPix] MISSING_CENTRAL: WZ3Mu/Central/ZCand/pt in Skim_TriLep_TTG_PTG200toInf.root
2025-12-17 22:46:52,110 - INFO - [2022] MISSING_CENTRAL: WZ3Mu/Central/ZCand/pt in Skim_TriLep_DYJets.root
2025-12-17 22:46:52,111 - INFO - [2022] MISSING_CENTRAL: WZ3Mu/Central/ZCand/pt in Skim_TriLep_DYJets10to50.root
2025-12-17 22:46:52,112 - INFO - [2022] MISSING_CENTRAL: WZ3Mu/Central/ZCand/pt in Skim_TriLep_TTG_PTG10to100.root
2025-12-17 22:46:52,113 - INFO - [2022] MISSING_CENTRAL: WZ3Mu/Central/ZCand/pt in Skim_TriLep_TTG_PTG100to200.root
2025-12-17 22:46:52,113 - INFO - [2022] MISSING_CENTRAL: WZ3Mu/Central/ZCand/pt in Skim_TriLep_TTG_PTG200toInf.root
2025-12-17 22:46:52,118 - INFO - [2022] MISSING_FILE: /data9/Users/choij/Sync/workspace/ChargedHiggsAnalysisV3/SKNanoOutput/CRPromptSelector/Run3Mu_RunNoWZSF_RunSyst/2022/Skim_TriLep_WZTo3LNu_powheg.root
2025-12-17 22:46:52,118 - INFO - [2022] MISSING_FILE: /data9/Users/choij/Sync/workspace/ChargedHiggsAnalysisV3/SKNanoOutput/CRPromptSelector/Run3Mu_RunNoWZSF_RunSyst/2022/Skim_TriLep_ZZTo4L_powheg.root
2025-12-17 22:46:52,124 - INFO - [2022] MISSING_FILE: /data9/Users/choij/Sync/workspace/ChargedHiggsAnalysisV3/SKNanoOutput/CRPromptSelector/Run3Mu_RunNoWZSF_RunSyst/2022/Skim_TriLep_VBFHToZZTo4L.root
2025-12-17 22:46:52,125 - INFO - [2022] MISSING_FILE: /data9/Users/choij/Sync/workspace/ChargedHiggsAnalysisV3/SKNanoOutput/CRPromptSelector/Run3Mu_RunNoWZSF_RunSyst/2022/Skim_TriLep_ggHToZZTo4L.root
2025-12-17 22:46:52,129 - INFO - [2022EE] MISSING_CENTRAL: WZ3Mu/Central/ZCand/pt in Skim_TriLep_DYJets.root
2025-12-17 22:46:52,130 - INFO - [2022EE] MISSING_CENTRAL: WZ3Mu/Central/ZCand/pt in Skim_TriLep_DYJets10to50.root
2025-12-17 22:46:52,137 - INFO - [2022EE] MISSING_FILE: /data9/Users/choij/Sync/workspace/ChargedHiggsAnalysisV3/SKNanoOutput/CRPromptSelector/Run3Mu_RunNoWZSF_RunSyst/2022EE/Skim_TriLep_WZTo3LNu_powheg.root
2025-12-17 22:46:52,137 - INFO - [2022EE] MISSING_FILE: /data9/Users/choij/Sync/workspace/ChargedHiggsAnalysisV3/SKNanoOutput/CRPromptSelector/Run3Mu_RunNoWZSF_RunSyst/2022EE/Skim_TriLep_ZZTo4L_powheg.root
2025-12-17 22:46:52,144 - INFO - [2022EE] MISSING_FILE: /data9/Users/choij/Sync/workspace/ChargedHiggsAnalysisV3/SKNanoOutput/CRPromptSelector/Run3Mu_RunNoWZSF_RunSyst/2022EE/Skim_TriLep_VBFHToZZTo4L.root
2025-12-17 22:46:52,144 - INFO - [2022EE] MISSING_FILE: /data9/Users/choij/Sync/workspace/ChargedHiggsAnalysisV3/SKNanoOutput/CRPromptSelector/Run3Mu_RunNoWZSF_RunSyst/2022EE/Skim_TriLep_ggHToZZTo4L.root
2025-12-17 22:46:52,154 - INFO - [2023] MISSING_CENTRAL: WZ3Mu/Central/ZCand/pt in Skim_TriLep_DYJets10to50.root
2025-12-17 22:46:52,156 - INFO - [2023] MISSING_CENTRAL: WZ3Mu/Central/ZCand/pt in Skim_TriLep_TTG_PTG100to200.root
2025-12-17 22:46:52,157 - INFO - [2023] MISSING_CENTRAL: WZ3Mu/Central/ZCand/pt in Skim_TriLep_TTG_PTG200toInf.root
2025-12-17 22:46:52,162 - INFO - [2023] MISSING_FILE: /data9/Users/choij/Sync/workspace/ChargedHiggsAnalysisV3/SKNanoOutput/CRPromptSelector/Run3Mu_RunNoWZSF_RunSyst/2023/Skim_TriLep_WZTo3LNu_powheg.root
2025-12-17 22:46:52,162 - INFO - [2023] MISSING_FILE: /data9/Users/choij/Sync/workspace/ChargedHiggsAnalysisV3/SKNanoOutput/CRPromptSelector/Run3Mu_RunNoWZSF_RunSyst/2023/Skim_TriLep_ZZTo4L_powheg.root
2025-12-17 22:46:52,168 - INFO - [2023] MISSING_FILE: /data9/Users/choij/Sync/workspace/ChargedHiggsAnalysisV3/SKNanoOutput/CRPromptSelector/Run3Mu_RunNoWZSF_RunSyst/2023/Skim_TriLep_VBFHToZZTo4L.root
2025-12-17 22:46:52,168 - INFO - [2023] MISSING_FILE: /data9/Users/choij/Sync/workspace/ChargedHiggsAnalysisV3/SKNanoOutput/CRPromptSelector/Run3Mu_RunNoWZSF_RunSyst/2023/Skim_TriLep_ggHToZZTo4L.root
2025-12-17 22:46:52,172 - INFO - [2023BPix] MISSING_CENTRAL: WZ3Mu/Central/ZCand/pt in Skim_TriLep_DYJets10to50.root
2025-12-17 22:46:52,174 - INFO - [2023BPix] MISSING_CENTRAL: WZ3Mu/Central/ZCand/pt in Skim_TriLep_TTG_PTG100to200.root
2025-12-17 22:46:52,174 - INFO - [2023BPix] MISSING_CENTRAL: WZ3Mu/Central/ZCand/pt in Skim_TriLep_TTG_PTG200toInf.root
2025-12-17 22:46:52,177 - INFO - [2023BPix] MISSING_FILE: /data9/Users/choij/Sync/workspace/ChargedHiggsAnalysisV3/SKNanoOutput/CRPromptSelector/Run3Mu_RunNoWZSF_RunSyst/2023BPix/Skim_TriLep_WZTo3LNu_powheg.root
2025-12-17 22:46:52,177 - INFO - [2023BPix] MISSING_FILE: /data9/Users/choij/Sync/workspace/ChargedHiggsAnalysisV3/SKNanoOutput/CRPromptSelector/Run3Mu_RunNoWZSF_RunSyst/2023BPix/Skim_TriLep_ZZTo4L_powheg.root
2025-12-17 22:46:52,181 - INFO - [2023BPix] MISSING_FILE: /data9/Users/choij/Sync/workspace/ChargedHiggsAnalysisV3/SKNanoOutput/CRPromptSelector/Run3Mu_RunNoWZSF_RunSyst/2023BPix/Skim_TriLep_VBFHToZZTo4L.root
2025-12-17 22:46:52,182 - INFO - [2023BPix] MISSING_FILE: /data9/Users/choij/Sync/workspace/ChargedHiggsAnalysisV3/SKNanoOutput/CRPromptSelector/Run3Mu_RunNoWZSF_RunSyst/2023BPix/Skim_TriLep_ggHToZZTo4L.root
2025-12-18 14:48:37,638 - INFO - [2022] MISSING_CENTRAL: WZ3Mu/Central/ZCand/pt in Skim_TriLep_DYJets.root
2025-12-18 14:48:37,639 - INFO - [2022] MISSING_CENTRAL: WZ3Mu/Central/ZCand/pt in Skim_TriLep_DYJets10to50.root
2025-12-18 14:48:37,639 - INFO - [2022] MISSING_CENTRAL: WZ3Mu/Central/ZCand/pt in Skim_TriLep_TTG_PTG10to100.root
2025-12-18 14:48:37,640 - INFO - [2022] MISSING_CENTRAL: WZ3Mu/Central/ZCand/pt in Skim_TriLep_TTG_PTG100to200.root
2025-12-18 14:48:37,641 - INFO - [2022] MISSING_CENTRAL: WZ3Mu/Central/ZCand/pt in Skim_TriLep_TTG_PTG200toInf.root
2025-12-18 14:48:37,890 - INFO - [2022EE] MISSING_CENTRAL: WZ3Mu/Central/ZCand/pt in Skim_TriLep_DYJets.root
2025-12-18 14:48:37,891 - INFO - [2022EE] MISSING_CENTRAL: WZ3Mu/Central/ZCand/pt in Skim_TriLep_DYJets10to50.root
2025-12-18 14:48:38,215 - INFO - [2023] MISSING_CENTRAL: WZ3Mu/Central/ZCand/pt in Skim_TriLep_DYJets10to50.root
2025-12-18 14:48:38,231 - INFO - [2023] MISSING_CENTRAL: WZ3Mu/Central/ZCand/pt in Skim_TriLep_TTG_PTG100to200.root
2025-12-18 14:48:38,232 - INFO - [2023] MISSING_CENTRAL: WZ3Mu/Central/ZCand/pt in Skim_TriLep_TTG_PTG200toInf.root
2025-12-18 14:48:38,503 - INFO - [2023BPix] MISSING_CENTRAL: WZ3Mu/Central/ZCand/pt in Skim_TriLep_DYJets10to50.root
2025-12-18 14:48:38,520 - INFO - [2023BPix] MISSING_CENTRAL: WZ3Mu/Central/ZCand/pt in Skim_TriLep_TTG_PTG100to200.root
2025-12-18 14:48:38,522 - INFO - [2023BPix] MISSING_CENTRAL: WZ3Mu/Central/ZCand/pt in Skim_TriLep_TTG_PTG200toInf.root
2025-12-18 14:48:43,711 - INFO - [2022] MISSING_CENTRAL: WZ3Mu/Central/ZCand/pt in Skim_TriLep_DYJets.root
2025-12-18 14:48:43,711 - INFO - [2022] MISSING_CENTRAL: WZ3Mu/Central/ZCand/pt in Skim_TriLep_DYJets10to50.root
2025-12-18 14:48:43,712 - INFO - [2022] MISSING_CENTRAL: WZ3Mu/Central/ZCand/pt in Skim_TriLep_TTG_PTG10to100.root
2025-12-18 14:48:43,713 - INFO - [2022] MISSING_CENTRAL: WZ3Mu/Central/ZCand/pt in Skim_TriLep_TTG_PTG100to200.root
2025-12-18 14:48:43,714 - INFO - [2022] MISSING_CENTRAL: WZ3Mu/Central/ZCand/pt in Skim_TriLep_TTG_PTG200toInf.root
2025-12-18 14:48:43,718 - INFO - [2022] MISSING_FILE: /data9/Users/choij/Sync/workspace/ChargedHiggsAnalysisV3/SKNanoOutput/CRPromptSelector/Run3Mu_RunNoWZSF_RunSyst/2022/Skim_TriLep_WZTo3LNu_powheg.root
2025-12-18 14:48:43,718 - INFO - [2022] MISSING_FILE: /data9/Users/choij/Sync/workspace/ChargedHiggsAnalysisV3/SKNanoOutput/CRPromptSelector/Run3Mu_RunNoWZSF_RunSyst/2022/Skim_TriLep_ZZTo4L_powheg.root
2025-12-18 14:48:43,725 - INFO - [2022] MISSING_FILE: /data9/Users/choij/Sync/workspace/ChargedHiggsAnalysisV3/SKNanoOutput/CRPromptSelector/Run3Mu_RunNoWZSF_RunSyst/2022/Skim_TriLep_VBFHToZZTo4L.root
2025-12-18 14:48:43,726 - INFO - [2022] MISSING_FILE: /data9/Users/choij/Sync/workspace/ChargedHiggsAnalysisV3/SKNanoOutput/CRPromptSelector/Run3Mu_RunNoWZSF_RunSyst/2022/Skim_TriLep_ggHToZZTo4L.root
2025-12-18 14:48:43,730 - INFO - [2022EE] MISSING_CENTRAL: WZ3Mu/Central/ZCand/pt in Skim_TriLep_DYJets.root
2025-12-18 14:48:43,731 - INFO - [2022EE] MISSING_CENTRAL: WZ3Mu/Central/ZCand/pt in Skim_TriLep_DYJets10to50.root
2025-12-18 14:48:43,751 - INFO - [2022EE] MISSING_FILE: /data9/Users/choij/Sync/workspace/ChargedHiggsAnalysisV3/SKNanoOutput/CRPromptSelector/Run3Mu_RunNoWZSF_RunSyst/2022EE/Skim_TriLep_WZTo3LNu_powheg.root
2025-12-18 14:48:43,751 - INFO - [2022EE] MISSING_FILE: /data9/Users/choij/Sync/workspace/ChargedHiggsAnalysisV3/SKNanoOutput/CRPromptSelector/Run3Mu_RunNoWZSF_RunSyst/2022EE/Skim_TriLep_ZZTo4L_powheg.root
2025-12-18 14:48:43,758 - INFO - [2022EE] MISSING_FILE: /data9/Users/choij/Sync/workspace/ChargedHiggsAnalysisV3/SKNanoOutput/CRPromptSelector/Run3Mu_RunNoWZSF_RunSyst/2022EE/Skim_TriLep_VBFHToZZTo4L.root
2025-12-18 14:48:43,758 - INFO - [2022EE] MISSING_FILE: /data9/Users/choij/Sync/workspace/ChargedHiggsAnalysisV3/SKNanoOutput/CRPromptSelector/Run3Mu_RunNoWZSF_RunSyst/2022EE/Skim_TriLep_ggHToZZTo4L.root
2025-12-18 14:48:43,770 - INFO - [2023] MISSING_CENTRAL: WZ3Mu/Central/ZCand/pt in Skim_TriLep_DYJets10to50.root
2025-12-18 14:48:43,773 - INFO - [2023] MISSING_CENTRAL: WZ3Mu/Central/ZCand/pt in Skim_TriLep_TTG_PTG100to200.root
2025-12-18 14:48:43,774 - INFO - [2023] MISSING_CENTRAL: WZ3Mu/Central/ZCand/pt in Skim_TriLep_TTG_PTG200toInf.root
2025-12-18 14:48:43,778 - INFO - [2023] MISSING_FILE: /data9/Users/choij/Sync/workspace/ChargedHiggsAnalysisV3/SKNanoOutput/CRPromptSelector/Run3Mu_RunNoWZSF_RunSyst/2023/Skim_TriLep_WZTo3LNu_powheg.root
2025-12-18 14:48:43,778 - INFO - [2023] MISSING_FILE: /data9/Users/choij/Sync/workspace/ChargedHiggsAnalysisV3/SKNanoOutput/CRPromptSelector/Run3Mu_RunNoWZSF_RunSyst/2023/Skim_TriLep_ZZTo4L_powheg.root
2025-12-18 14:48:43,785 - INFO - [2023] MISSING_FILE: /data9/Users/choij/Sync/workspace/ChargedHiggsAnalysisV3/SKNanoOutput/CRPromptSelector/Run3Mu_RunNoWZSF_RunSyst/2023/Skim_TriLep_VBFHToZZTo4L.root
2025-12-18 14:48:43,786 - INFO - [2023] MISSING_FILE: /data9/Users/choij/Sync/workspace/ChargedHiggsAnalysisV3/SKNanoOutput/CRPromptSelector/Run3Mu_RunNoWZSF_RunSyst/2023/Skim_TriLep_ggHToZZTo4L.root
2025-12-18 14:48:43,793 - INFO - [2023BPix] MISSING_CENTRAL: WZ3Mu/Central/ZCand/pt in Skim_TriLep_DYJets10to50.root
2025-12-18 14:48:43,795 - INFO - [2023BPix] MISSING_CENTRAL: WZ3Mu/Central/ZCand/pt in Skim_TriLep_TTG_PTG100to200.root
2025-12-18 14:48:43,796 - INFO - [2023BPix] MISSING_CENTRAL: WZ3Mu/Central/ZCand/pt in Skim_TriLep_TTG_PTG200toInf.root
2025-12-18 14:48:43,801 - INFO - [2023BPix] MISSING_FILE: /data9/Users/choij/Sync/workspace/ChargedHiggsAnalysisV3/SKNanoOutput/CRPromptSelector/Run3Mu_RunNoWZSF_RunSyst/2023BPix/Skim_TriLep_WZTo3LNu_powheg.root
2025-12-18 14:48:43,801 - INFO - [2023BPix] MISSING_FILE: /data9/Users/choij/Sync/workspace/ChargedHiggsAnalysisV3/SKNanoOutput/CRPromptSelector/Run3Mu_RunNoWZSF_RunSyst/2023BPix/Skim_TriLep_ZZTo4L_powheg.root
2025-12-18 14:48:43,808 - INFO - [2023BPix] MISSING_FILE: /data9/Users/choij/Sync/workspace/ChargedHiggsAnalysisV3/SKNanoOutput/CRPromptSelector/Run3Mu_RunNoWZSF_RunSyst/2023BPix/Skim_TriLep_VBFHToZZTo4L.root
2025-12-18 14:48:43,808 - INFO - [2023BPix] MISSING_FILE: /data9/Users/choij/Sync/workspace/ChargedHiggsAnalysisV3/SKNanoOutput/CRPromptSelector/Run3Mu_RunNoWZSF_RunSyst/2023BPix/Skim_TriLep_ggHToZZTo4L.root
2025-12-18 22:08:47,468 - INFO - [2022] MISSING_CENTRAL: WZ3Mu/Central/ZCand/pt in Skim_TriLep_DYJets.root
2025-12-18 22:08:47,469 - INFO - [2022] MISSING_CENTRAL: WZ3Mu/Central/ZCand/pt in Skim_TriLep_DYJets10to50.root
2025-12-18 22:08:47,470 - INFO - [2022] MISSING_CENTRAL: WZ3Mu/Central/ZCand/pt in Skim_TriLep_TTG_PTG10to100.root
2025-12-18 22:08:47,471 - INFO - [2022] MISSING_CENTRAL: WZ3Mu/Central/ZCand/pt in Skim_TriLep_TTG_PTG100to200.root
2025-12-18 22:08:47,472 - INFO - [2022] MISSING_CENTRAL: WZ3Mu/Central/ZCand/pt in Skim_TriLep_TTG_PTG200toInf.root
2025-12-18 22:08:47,954 - INFO - [2022EE] MISSING_CENTRAL: WZ3Mu/Central/ZCand/pt in Skim_TriLep_DYJets.root
2025-12-18 22:08:47,967 - INFO - [2022EE] MISSING_CENTRAL: WZ3Mu/Central/ZCand/pt in Skim_TriLep_DYJets10to50.root
2025-12-18 22:08:48,664 - INFO - [2023] MISSING_CENTRAL: WZ3Mu/Central/ZCand/pt in Skim_TriLep_DYJets10to50.root
2025-12-18 22:08:48,680 - INFO - [2023] MISSING_CENTRAL: WZ3Mu/Central/ZCand/pt in Skim_TriLep_TTG_PTG100to200.root
2025-12-18 22:08:48,682 - INFO - [2023] MISSING_CENTRAL: WZ3Mu/Central/ZCand/pt in Skim_TriLep_TTG_PTG200toInf.root
2025-12-18 22:08:48,946 - INFO - [2023BPix] MISSING_CENTRAL: WZ3Mu/Central/ZCand/pt in Skim_TriLep_DYJets10to50.root
2025-12-18 22:08:48,963 - INFO - [2023BPix] MISSING_CENTRAL: WZ3Mu/Central/ZCand/pt in Skim_TriLep_TTG_PTG100to200.root
2025-12-18 22:08:48,964 - INFO - [2023BPix] MISSING_CENTRAL: WZ3Mu/Central/ZCand/pt in Skim_TriLep_TTG_PTG200toInf.root
2025-12-18 22:08:54,491 - INFO - [2022] MISSING_CENTRAL: WZ3Mu/Central/ZCand/pt in Skim_TriLep_DYJets.root
2025-12-18 22:08:54,492 - INFO - [2022] MISSING_CENTRAL: WZ3Mu/Central/ZCand/pt in Skim_TriLep_DYJets10to50.root
2025-12-18 22:08:54,492 - INFO - [2022] MISSING_CENTRAL: WZ3Mu/Central/ZCand/pt in Skim_TriLep_TTG_PTG10to100.root
2025-12-18 22:08:54,493 - INFO - [2022] MISSING_CENTRAL: WZ3Mu/Central/ZCand/pt in Skim_TriLep_TTG_PTG100to200.root
2025-12-18 22:08:54,493 - INFO - [2022] MISSING_CENTRAL: WZ3Mu/Central/ZCand/pt in Skim_TriLep_TTG_PTG200toInf.root
2025-12-18 22:08:54,496 - INFO - [2022] MISSING_FILE: /data9/Users/choij/Sync/workspace/ChargedHiggsAnalysisV3/SKNanoOutput/CRPromptSelector/Run3Mu_RunNoWZSF_RunSyst/2022/Skim_TriLep_ZZTo4L_powheg.root
2025-12-18 22:08:54,501 - INFO - [2022] MISSING_FILE: /data9/Users/choij/Sync/workspace/ChargedHiggsAnalysisV3/SKNanoOutput/CRPromptSelector/Run3Mu_RunNoWZSF_RunSyst/2022/Skim_TriLep_VBFHToZZTo4L.root
2025-12-18 22:08:54,501 - INFO - [2022] MISSING_FILE: /data9/Users/choij/Sync/workspace/ChargedHiggsAnalysisV3/SKNanoOutput/CRPromptSelector/Run3Mu_RunNoWZSF_RunSyst/2022/Skim_TriLep_ggHToZZTo4L.root
2025-12-18 22:08:54,503 - INFO - [2022EE] MISSING_CENTRAL: WZ3Mu/Central/ZCand/pt in Skim_TriLep_DYJets.root
2025-12-18 22:08:54,504 - INFO - [2022EE] MISSING_CENTRAL: WZ3Mu/Central/ZCand/pt in Skim_TriLep_DYJets10to50.root
2025-12-18 22:08:54,518 - INFO - [2022EE] MISSING_FILE: /data9/Users/choij/Sync/workspace/ChargedHiggsAnalysisV3/SKNanoOutput/CRPromptSelector/Run3Mu_RunNoWZSF_RunSyst/2022EE/Skim_TriLep_ZZTo4L_powheg.root
2025-12-18 22:08:54,523 - INFO - [2022EE] MISSING_FILE: /data9/Users/choij/Sync/workspace/ChargedHiggsAnalysisV3/SKNanoOutput/CRPromptSelector/Run3Mu_RunNoWZSF_RunSyst/2022EE/Skim_TriLep_VBFHToZZTo4L.root
2025-12-18 22:08:54,523 - INFO - [2022EE] MISSING_FILE: /data9/Users/choij/Sync/workspace/ChargedHiggsAnalysisV3/SKNanoOutput/CRPromptSelector/Run3Mu_RunNoWZSF_RunSyst/2022EE/Skim_TriLep_ggHToZZTo4L.root
2025-12-18 22:08:54,530 - INFO - [2023] MISSING_CENTRAL: WZ3Mu/Central/ZCand/pt in Skim_TriLep_DYJets10to50.root
2025-12-18 22:08:54,532 - INFO - [2023] MISSING_CENTRAL: WZ3Mu/Central/ZCand/pt in Skim_TriLep_TTG_PTG100to200.root
2025-12-18 22:08:54,532 - INFO - [2023] MISSING_CENTRAL: WZ3Mu/Central/ZCand/pt in Skim_TriLep_TTG_PTG200toInf.root
2025-12-18 22:08:54,535 - INFO - [2023] MISSING_FILE: /data9/Users/choij/Sync/workspace/ChargedHiggsAnalysisV3/SKNanoOutput/CRPromptSelector/Run3Mu_RunNoWZSF_RunSyst/2023/Skim_TriLep_ZZTo4L_powheg.root
2025-12-18 22:08:54,540 - INFO - [2023] MISSING_FILE: /data9/Users/choij/Sync/workspace/ChargedHiggsAnalysisV3/SKNanoOutput/CRPromptSelector/Run3Mu_RunNoWZSF_RunSyst/2023/Skim_TriLep_VBFHToZZTo4L.root
2025-12-18 22:08:54,540 - INFO - [2023] MISSING_FILE: /data9/Users/choij/Sync/workspace/ChargedHiggsAnalysisV3/SKNanoOutput/CRPromptSelector/Run3Mu_RunNoWZSF_RunSyst/2023/Skim_TriLep_ggHToZZTo4L.root
2025-12-18 22:08:54,545 - INFO - [2023BPix] MISSING_CENTRAL: WZ3Mu/Central/ZCand/pt in Skim_TriLep_DYJets10to50.root
2025-12-18 22:08:54,546 - INFO - [2023BPix] MISSING_CENTRAL: WZ3Mu/Central/ZCand/pt in Skim_TriLep_TTG_PTG100to200.root
2025-12-18 22:08:54,547 - INFO - [2023BPix] MISSING_CENTRAL: WZ3Mu/Central/ZCand/pt in Skim_TriLep_TTG_PTG200toInf.root
2025-12-18 22:08:54,550 - INFO - [2023BPix] MISSING_FILE: /data9/Users/choij/Sync/workspace/ChargedHiggsAnalysisV3/SKNanoOutput/CRPromptSelector/Run3Mu_RunNoWZSF_RunSyst/2023BPix/Skim_TriLep_ZZTo4L_powheg.root
2025-12-18 22:08:54,555 - INFO - [2023BPix] MISSING_FILE: /data9/Users/choij/Sync/workspace/ChargedHiggsAnalysisV3/SKNanoOutput/CRPromptSelector/Run3Mu_RunNoWZSF_RunSyst/2023BPix/Skim_TriLep_VBFHToZZTo4L.root
2025-12-18 22:08:54,555 - INFO - [2023BPix] MISSING_FILE: /data9/Users/choij/Sync/workspace/ChargedHiggsAnalysisV3/SKNanoOutput/CRPromptSelector/Run3Mu_RunNoWZSF_RunSyst/2023BPix/Skim_TriLep_ggHToZZTo4L.root
2026-01-07 11:56:59,282 - INFO - [2022] MISSING_FILE: /data9/Users/choij/Sync/workspace/ChargedHiggsAnalysisV3/SKNanoOutput/CRPromptSelector/Run3Mu/2022/Skim_TriLep_DoubleMuon_C.root
2026-01-07 11:56:59,283 - INFO - [2022] MISSING_FILE: /data9/Users/choij/Sync/workspace/ChargedHiggsAnalysisV3/SKNanoOutput/CRPromptSelector/Run3Mu/2022/Skim_TriLep_Muon_C.root
2026-01-07 11:56:59,283 - INFO - [2022] MISSING_FILE: /data9/Users/choij/Sync/workspace/ChargedHiggsAnalysisV3/SKNanoOutput/CRPromptSelector/Run3Mu/2022/Skim_TriLep_Muon_D.root
2026-01-07 11:56:59,283 - INFO - [2022EE] MISSING_FILE: /data9/Users/choij/Sync/workspace/ChargedHiggsAnalysisV3/SKNanoOutput/CRPromptSelector/Run3Mu/2022EE/Skim_TriLep_Muon_E.root
2026-01-07 11:56:59,283 - INFO - [2022EE] MISSING_FILE: /data9/Users/choij/Sync/workspace/ChargedHiggsAnalysisV3/SKNanoOutput/CRPromptSelector/Run3Mu/2022EE/Skim_TriLep_Muon_F.root
2026-01-07 11:56:59,283 - INFO - [2022EE] MISSING_FILE: /data9/Users/choij/Sync/workspace/ChargedHiggsAnalysisV3/SKNanoOutput/CRPromptSelector/Run3Mu/2022EE/Skim_TriLep_Muon_G.root
2026-01-07 11:56:59,283 - INFO - [2023] MISSING_FILE: /data9/Users/choij/Sync/workspace/ChargedHiggsAnalysisV3/SKNanoOutput/CRPromptSelector/Run3Mu/2023/Skim_TriLep_Muon0_C_v1.root
2026-01-07 11:56:59,283 - INFO - [2023] MISSING_FILE: /data9/Users/choij/Sync/workspace/ChargedHiggsAnalysisV3/SKNanoOutput/CRPromptSelector/Run3Mu/2023/Skim_TriLep_Muon0_C_v2.root
2026-01-07 11:56:59,283 - INFO - [2023] MISSING_FILE: /data9/Users/choij/Sync/workspace/ChargedHiggsAnalysisV3/SKNanoOutput/CRPromptSelector/Run3Mu/2023/Skim_TriLep_Muon0_C_v3.root
2026-01-07 11:56:59,283 - INFO - [2023] MISSING_FILE: /data9/Users/choij/Sync/workspace/ChargedHiggsAnalysisV3/SKNanoOutput/CRPromptSelector/Run3Mu/2023/Skim_TriLep_Muon0_C_v4.root
2026-01-07 11:56:59,283 - INFO - [2023] MISSING_FILE: /data9/Users/choij/Sync/workspace/ChargedHiggsAnalysisV3/SKNanoOutput/CRPromptSelector/Run3Mu/2023/Skim_TriLep_Muon1_C_v1.root
2026-01-07 11:56:59,283 - INFO - [2023] MISSING_FILE: /data9/Users/choij/Sync/workspace/ChargedHiggsAnalysisV3/SKNanoOutput/CRPromptSelector/Run3Mu/2023/Skim_TriLep_Muon1_C_v2.root
2026-01-07 11:56:59,283 - INFO - [2023] MISSING_FILE: /data9/Users/choij/Sync/workspace/ChargedHiggsAnalysisV3/SKNanoOutput/CRPromptSelector/Run3Mu/2023/Skim_TriLep_Muon1_C_v3.root
2026-01-07 11:56:59,283 - INFO - [2023] MISSING_FILE: /data9/Users/choij/Sync/workspace/ChargedHiggsAnalysisV3/SKNanoOutput/CRPromptSelector/Run3Mu/2023/Skim_TriLep_Muon1_C_v4.root
2026-01-07 11:56:59,283 - INFO - [2023BPix] MISSING_FILE: /data9/Users/choij/Sync/workspace/ChargedHiggsAnalysisV3/SKNanoOutput/CRPromptSelector/Run3Mu/2023BPix/Skim_TriLep_Muon0_D_v1.root
2026-01-07 11:56:59,283 - INFO - [2023BPix] MISSING_FILE: /data9/Users/choij/Sync/workspace/ChargedHiggsAnalysisV3/SKNanoOutput/CRPromptSelector/Run3Mu/2023BPix/Skim_TriLep_Muon0_D_v2.root
2026-01-07 11:56:59,283 - INFO - [2023BPix] MISSING_FILE: /data9/Users/choij/Sync/workspace/ChargedHiggsAnalysisV3/SKNanoOutput/CRPromptSelector/Run3Mu/2023BPix/Skim_TriLep_Muon1_D_v1.root
2026-01-07 11:56:59,283 - INFO - [2023BPix] MISSING_FILE: /data9/Users/choij/Sync/workspace/ChargedHiggsAnalysisV3/SKNanoOutput/CRPromptSelector/Run3Mu/2023BPix/Skim_TriLep_Muon1_D_v2.root
2026-01-07 11:57:01,931 - INFO - [2022] MISSING_FILE: /data9/Users/choij/Sync/workspace/ChargedHiggsAnalysisV3/SKNanoOutput/CRPromptSelector/Run3Mu/2022/Skim_TriLep_DoubleMuon_C.root
2026-01-07 11:57:01,932 - INFO - [2022] MISSING_FILE: /data9/Users/choij/Sync/workspace/ChargedHiggsAnalysisV3/SKNanoOutput/CRPromptSelector/Run3Mu/2022/Skim_TriLep_Muon_C.root
2026-01-07 11:57:01,932 - INFO - [2022] MISSING_FILE: /data9/Users/choij/Sync/workspace/ChargedHiggsAnalysisV3/SKNanoOutput/CRPromptSelector/Run3Mu/2022/Skim_TriLep_Muon_D.root
2026-01-07 11:57:01,932 - INFO - [2022EE] MISSING_FILE: /data9/Users/choij/Sync/workspace/ChargedHiggsAnalysisV3/SKNanoOutput/CRPromptSelector/Run3Mu/2022EE/Skim_TriLep_Muon_E.root
2026-01-07 11:57:01,932 - INFO - [2022EE] MISSING_FILE: /data9/Users/choij/Sync/workspace/ChargedHiggsAnalysisV3/SKNanoOutput/CRPromptSelector/Run3Mu/2022EE/Skim_TriLep_Muon_F.root
2026-01-07 11:57:01,932 - INFO - [2022EE] MISSING_FILE: /data9/Users/choij/Sync/workspace/ChargedHiggsAnalysisV3/SKNanoOutput/CRPromptSelector/Run3Mu/2022EE/Skim_TriLep_Muon_G.root
2026-01-07 11:57:01,932 - INFO - [2023] MISSING_FILE: /data9/Users/choij/Sync/workspace/ChargedHiggsAnalysisV3/SKNanoOutput/CRPromptSelector/Run3Mu/2023/Skim_TriLep_Muon0_C_v1.root
2026-01-07 11:57:01,932 - INFO - [2023] MISSING_FILE: /data9/Users/choij/Sync/workspace/ChargedHiggsAnalysisV3/SKNanoOutput/CRPromptSelector/Run3Mu/2023/Skim_TriLep_Muon0_C_v2.root
2026-01-07 11:57:01,932 - INFO - [2023] MISSING_FILE: /data9/Users/choij/Sync/workspace/ChargedHiggsAnalysisV3/SKNanoOutput/CRPromptSelector/Run3Mu/2023/Skim_TriLep_Muon0_C_v3.root
2026-01-07 11:57:01,932 - INFO - [2023] MISSING_FILE: /data9/Users/choij/Sync/workspace/ChargedHiggsAnalysisV3/SKNanoOutput/CRPromptSelector/Run3Mu/2023/Skim_TriLep_Muon0_C_v4.root
2026-01-07 11:57:01,932 - INFO - [2023] MISSING_FILE: /data9/Users/choij/Sync/workspace/ChargedHiggsAnalysisV3/SKNanoOutput/CRPromptSelector/Run3Mu/2023/Skim_TriLep_Muon1_C_v1.root
2026-01-07 11:57:01,932 - INFO - [2023] MISSING_FILE: /data9/Users/choij/Sync/workspace/ChargedHiggsAnalysisV3/SKNanoOutput/CRPromptSelector/Run3Mu/2023/Skim_TriLep_Muon1_C_v2.root
2026-01-07 11:57:01,932 - INFO - [2023] MISSING_FILE: /data9/Users/choij/Sync/workspace/ChargedHiggsAnalysisV3/SKNanoOutput/CRPromptSelector/Run3Mu/2023/Skim_TriLep_Muon1_C_v3.root
2026-01-07 11:57:01,932 - INFO - [2023] MISSING_FILE: /data9/Users/choij/Sync/workspace/ChargedHiggsAnalysisV3/SKNanoOutput/CRPromptSelector/Run3Mu/2023/Skim_TriLep_Muon1_C_v4.root
2026-01-07 11:57:01,933 - INFO - [2023BPix] MISSING_FILE: /data9/Users/choij/Sync/workspace/ChargedHiggsAnalysisV3/SKNanoOutput/CRPromptSelector/Run3Mu/2023BPix/Skim_TriLep_Muon0_D_v1.root
2026-01-07 11:57:01,933 - INFO - [2023BPix] MISSING_FILE: /data9/Users/choij/Sync/workspace/ChargedHiggsAnalysisV3/SKNanoOutput/CRPromptSelector/Run3Mu/2023BPix/Skim_TriLep_Muon0_D_v2.root
2026-01-07 11:57:01,933 - INFO - [2023BPix] MISSING_FILE: /data9/Users/choij/Sync/workspace/ChargedHiggsAnalysisV3/SKNanoOutput/CRPromptSelector/Run3Mu/2023BPix/Skim_TriLep_Muon1_D_v1.root
2026-01-07 11:57:01,934 - INFO - [2023BPix] MISSING_FILE: /data9/Users/choij/Sync/workspace/ChargedHiggsAnalysisV3/SKNanoOutput/CRPromptSelector/Run3Mu/2023BPix/Skim_TriLep_Muon1_D_v2.root
2026-01-07 18:53:34,156 - INFO - [2022] MISSING_CENTRAL: WZ3Mu/Central/ZCand/pt in Skim_TriLep_DYJets.root
2026-01-07 18:53:34,157 - INFO - [2022] MISSING_CENTRAL: WZ3Mu/Central/ZCand/pt in Skim_TriLep_DYJets10to50.root
2026-01-07 18:53:34,158 - INFO - [2022] MISSING_CENTRAL: WZ3Mu/Central/ZCand/pt in Skim_TriLep_TTG_PTG10to100.root
2026-01-07 18:53:34,159 - INFO - [2022] MISSING_CENTRAL: WZ3Mu/Central/ZCand/pt in Skim_TriLep_TTG_PTG100to200.root
2026-01-07 18:53:34,160 - INFO - [2022] MISSING_CENTRAL: WZ3Mu/Central/ZCand/pt in Skim_TriLep_TTG_PTG200toInf.root
2026-01-07 18:53:34,726 - INFO - [2022EE] MISSING_CENTRAL: WZ3Mu/Central/ZCand/pt in Skim_TriLep_DYJets.root
2026-01-07 18:53:34,727 - INFO - [2022EE] MISSING_CENTRAL: WZ3Mu/Central/ZCand/pt in Skim_TriLep_DYJets10to50.root
2026-01-07 18:53:35,286 - INFO - [2023] MISSING_CENTRAL: WZ3Mu/Central/ZCand/pt in Skim_TriLep_DYJets10to50.root
2026-01-07 18:53:35,303 - INFO - [2023] MISSING_CENTRAL: WZ3Mu/Central/ZCand/pt in Skim_TriLep_TTG_PTG100to200.root
2026-01-07 18:53:35,304 - INFO - [2023] MISSING_CENTRAL: WZ3Mu/Central/ZCand/pt in Skim_TriLep_TTG_PTG200toInf.root
2026-01-07 18:53:35,576 - INFO - [2023BPix] MISSING_CENTRAL: WZ3Mu/Central/ZCand/pt in Skim_TriLep_DYJets10to50.root
2026-01-07 18:53:35,593 - INFO - [2023BPix] MISSING_CENTRAL: WZ3Mu/Central/ZCand/pt in Skim_TriLep_TTG_PTG100to200.root
2026-01-07 18:53:35,594 - INFO - [2023BPix] MISSING_CENTRAL: WZ3Mu/Central/ZCand/pt in Skim_TriLep_TTG_PTG200toInf.root
2026-01-07 18:53:41,027 - INFO - [2022] MISSING_CENTRAL: WZ3Mu/Central/ZCand/pt in Skim_TriLep_DYJets.root
2026-01-07 18:53:41,028 - INFO - [2022] MISSING_CENTRAL: WZ3Mu/Central/ZCand/pt in Skim_TriLep_DYJets10to50.root
2026-01-07 18:53:41,029 - INFO - [2022] MISSING_CENTRAL: WZ3Mu/Central/ZCand/pt in Skim_TriLep_TTG_PTG10to100.root
2026-01-07 18:53:41,029 - INFO - [2022] MISSING_CENTRAL: WZ3Mu/Central/ZCand/pt in Skim_TriLep_TTG_PTG100to200.root
2026-01-07 18:53:41,030 - INFO - [2022] MISSING_CENTRAL: WZ3Mu/Central/ZCand/pt in Skim_TriLep_TTG_PTG200toInf.root
2026-01-07 18:53:41,034 - INFO - [2022] MISSING_FILE: /data9/Users/choij/Sync/workspace/ChargedHiggsAnalysisV3/SKNanoOutput/CRPromptSelector/Run3Mu_RunNoWZSF_RunSyst/2022/Skim_TriLep_ZZTo4L_powheg.root
2026-01-07 18:53:41,038 - INFO - [2022] MISSING_FILE: /data9/Users/choij/Sync/workspace/ChargedHiggsAnalysisV3/SKNanoOutput/CRPromptSelector/Run3Mu_RunNoWZSF_RunSyst/2022/Skim_TriLep_VBFHToZZTo4L.root
2026-01-07 18:53:41,038 - INFO - [2022] MISSING_FILE: /data9/Users/choij/Sync/workspace/ChargedHiggsAnalysisV3/SKNanoOutput/CRPromptSelector/Run3Mu_RunNoWZSF_RunSyst/2022/Skim_TriLep_ggHToZZTo4L.root
2026-01-07 18:53:41,041 - INFO - [2022EE] MISSING_CENTRAL: WZ3Mu/Central/ZCand/pt in Skim_TriLep_DYJets.root
2026-01-07 18:53:41,042 - INFO - [2022EE] MISSING_CENTRAL: WZ3Mu/Central/ZCand/pt in Skim_TriLep_DYJets10to50.root
2026-01-07 18:53:41,056 - INFO - [2022EE] MISSING_FILE: /data9/Users/choij/Sync/workspace/ChargedHiggsAnalysisV3/SKNanoOutput/CRPromptSelector/Run3Mu_RunNoWZSF_RunSyst/2022EE/Skim_TriLep_ZZTo4L_powheg.root
2026-01-07 18:53:41,060 - INFO - [2022EE] MISSING_FILE: /data9/Users/choij/Sync/workspace/ChargedHiggsAnalysisV3/SKNanoOutput/CRPromptSelector/Run3Mu_RunNoWZSF_RunSyst/2022EE/Skim_TriLep_VBFHToZZTo4L.root
2026-01-07 18:53:41,060 - INFO - [2022EE] MISSING_FILE: /data9/Users/choij/Sync/workspace/ChargedHiggsAnalysisV3/SKNanoOutput/CRPromptSelector/Run3Mu_RunNoWZSF_RunSyst/2022EE/Skim_TriLep_ggHToZZTo4L.root
2026-01-07 18:53:41,067 - INFO - [2023] MISSING_CENTRAL: WZ3Mu/Central/ZCand/pt in Skim_TriLep_DYJets10to50.root
2026-01-07 18:53:41,069 - INFO - [2023] MISSING_CENTRAL: WZ3Mu/Central/ZCand/pt in Skim_TriLep_TTG_PTG100to200.root
2026-01-07 18:53:41,069 - INFO - [2023] MISSING_CENTRAL: WZ3Mu/Central/ZCand/pt in Skim_TriLep_TTG_PTG200toInf.root
2026-01-07 18:53:41,073 - INFO - [2023] MISSING_FILE: /data9/Users/choij/Sync/workspace/ChargedHiggsAnalysisV3/SKNanoOutput/CRPromptSelector/Run3Mu_RunNoWZSF_RunSyst/2023/Skim_TriLep_ZZTo4L_powheg.root
2026-01-07 18:53:41,077 - INFO - [2023] MISSING_FILE: /data9/Users/choij/Sync/workspace/ChargedHiggsAnalysisV3/SKNanoOutput/CRPromptSelector/Run3Mu_RunNoWZSF_RunSyst/2023/Skim_TriLep_VBFHToZZTo4L.root
2026-01-07 18:53:41,077 - INFO - [2023] MISSING_FILE: /data9/Users/choij/Sync/workspace/ChargedHiggsAnalysisV3/SKNanoOutput/CRPromptSelector/Run3Mu_RunNoWZSF_RunSyst/2023/Skim_TriLep_ggHToZZTo4L.root
2026-01-07 18:53:41,082 - INFO - [2023BPix] MISSING_CENTRAL: WZ3Mu/Central/ZCand/pt in Skim_TriLep_DYJets10to50.root
2026-01-07 18:53:41,083 - INFO - [2023BPix] MISSING_CENTRAL: WZ3Mu/Central/ZCand/pt in Skim_TriLep_TTG_PTG100to200.root
2026-01-07 18:53:41,084 - INFO - [2023BPix] MISSING_CENTRAL: WZ3Mu/Central/ZCand/pt in Skim_TriLep_TTG_PTG200toInf.root
2026-01-07 18:53:41,087 - INFO - [2023BPix] MISSING_FILE: /data9/Users/choij/Sync/workspace/ChargedHiggsAnalysisV3/SKNanoOutput/CRPromptSelector/Run3Mu_RunNoWZSF_RunSyst/2023BPix/Skim_TriLep_ZZTo4L_powheg.root
2026-01-07 18:53:41,092 - INFO - [2023BPix] MISSING_FILE: /data9/Users/choij/Sync/workspace/ChargedHiggsAnalysisV3/SKNanoOutput/CRPromptSelector/Run3Mu_RunNoWZSF_RunSyst/2023BPix/Skim_TriLep_VBFHToZZTo4L.root
2026-01-07 18:53:41,092 - INFO - [2023BPix] MISSING_FILE: /data9/Users/choij/Sync/workspace/ChargedHiggsAnalysisV3/SKNanoOutput/CRPromptSelector/Run3Mu_RunNoWZSF_RunSyst/2023BPix/Skim_TriLep_ggHToZZTo4L.root
2026-01-09 12:28:53,853 - INFO - [2022] MISSING_CENTRAL: WZ3Mu/Central/ZCand/pt in Skim_TriLep_DYJets.root
2026-01-09 12:28:53,853 - INFO - [2022] MISSING_CENTRAL: WZ3Mu/Central/ZCand/pt in Skim_TriLep_DYJets10to50.root
2026-01-09 12:28:53,854 - INFO - [2022] MISSING_CENTRAL: WZ3Mu/Central/ZCand/pt in Skim_TriLep_TTG_PTG10to100.root
2026-01-09 12:28:53,854 - INFO - [2022] MISSING_CENTRAL: WZ3Mu/Central/ZCand/pt in Skim_TriLep_TTG_PTG100to200.root
2026-01-09 12:28:53,854 - INFO - [2022] MISSING_CENTRAL: WZ3Mu/Central/ZCand/pt in Skim_TriLep_TTG_PTG200toInf.root
2026-01-09 12:28:53,993 - INFO - [2022EE] MISSING_CENTRAL: WZ3Mu/Central/ZCand/pt in Skim_TriLep_DYJets.root
2026-01-09 12:28:53,993 - INFO - [2022EE] MISSING_CENTRAL: WZ3Mu/Central/ZCand/pt in Skim_TriLep_DYJets10to50.root
2026-01-09 12:28:54,119 - INFO - [2023] MISSING_CENTRAL: WZ3Mu/Central/ZCand/pt in Skim_TriLep_DYJets10to50.root
2026-01-09 12:28:54,125 - INFO - [2023] MISSING_CENTRAL: WZ3Mu/Central/ZCand/pt in Skim_TriLep_TTG_PTG100to200.root
2026-01-09 12:28:54,126 - INFO - [2023] MISSING_CENTRAL: WZ3Mu/Central/ZCand/pt in Skim_TriLep_TTG_PTG200toInf.root
2026-01-09 12:28:54,234 - INFO - [2023BPix] MISSING_CENTRAL: WZ3Mu/Central/ZCand/pt in Skim_TriLep_DYJets10to50.root
2026-01-09 12:28:54,242 - INFO - [2023BPix] MISSING_CENTRAL: WZ3Mu/Central/ZCand/pt in Skim_TriLep_TTG_PTG100to200.root
2026-01-09 12:28:54,242 - INFO - [2023BPix] MISSING_CENTRAL: WZ3Mu/Central/ZCand/pt in Skim_TriLep_TTG_PTG200toInf.root
2026-01-09 12:28:59,625 - INFO - [2022] MISSING_CENTRAL: WZ3Mu/Central/ZCand/pt in Skim_TriLep_DYJets.root
2026-01-09 12:28:59,625 - INFO - [2022] MISSING_CENTRAL: WZ3Mu/Central/ZCand/pt in Skim_TriLep_DYJets10to50.root
2026-01-09 12:28:59,625 - INFO - [2022] MISSING_CENTRAL: WZ3Mu/Central/ZCand/pt in Skim_TriLep_TTG_PTG10to100.root
2026-01-09 12:28:59,625 - INFO - [2022] MISSING_CENTRAL: WZ3Mu/Central/ZCand/pt in Skim_TriLep_TTG_PTG100to200.root
2026-01-09 12:28:59,626 - INFO - [2022] MISSING_CENTRAL: WZ3Mu/Central/ZCand/pt in Skim_TriLep_TTG_PTG200toInf.root
2026-01-09 12:28:59,627 - INFO - [2022] MISSING_FILE: /home/choij/Sync/workspace/ChargedHiggsAnalysisV3/SKNanoOutput/CRPromptSelector/Run3Mu_RunNoWZSF_RunSyst/2022/Skim_TriLep_ZZTo4L_powheg.root
2026-01-09 12:28:59,630 - INFO - [2022] MISSING_FILE: /home/choij/Sync/workspace/ChargedHiggsAnalysisV3/SKNanoOutput/CRPromptSelector/Run3Mu_RunNoWZSF_RunSyst/2022/Skim_TriLep_VBFHToZZTo4L.root
2026-01-09 12:28:59,630 - INFO - [2022] MISSING_FILE: /home/choij/Sync/workspace/ChargedHiggsAnalysisV3/SKNanoOutput/CRPromptSelector/Run3Mu_RunNoWZSF_RunSyst/2022/Skim_TriLep_ggHToZZTo4L.root
2026-01-09 12:28:59,631 - INFO - [2022EE] MISSING_CENTRAL: WZ3Mu/Central/ZCand/pt in Skim_TriLep_DYJets.root
2026-01-09 12:28:59,631 - INFO - [2022EE] MISSING_CENTRAL: WZ3Mu/Central/ZCand/pt in Skim_TriLep_DYJets10to50.root
2026-01-09 12:28:59,640 - INFO - [2022EE] MISSING_FILE: /home/choij/Sync/workspace/ChargedHiggsAnalysisV3/SKNanoOutput/CRPromptSelector/Run3Mu_RunNoWZSF_RunSyst/2022EE/Skim_TriLep_ZZTo4L_powheg.root
2026-01-09 12:28:59,642 - INFO - [2022EE] MISSING_FILE: /home/choij/Sync/workspace/ChargedHiggsAnalysisV3/SKNanoOutput/CRPromptSelector/Run3Mu_RunNoWZSF_RunSyst/2022EE/Skim_TriLep_VBFHToZZTo4L.root
2026-01-09 12:28:59,643 - INFO - [2022EE] MISSING_FILE: /home/choij/Sync/workspace/ChargedHiggsAnalysisV3/SKNanoOutput/CRPromptSelector/Run3Mu_RunNoWZSF_RunSyst/2022EE/Skim_TriLep_ggHToZZTo4L.root
2026-01-09 12:28:59,646 - INFO - [2023] MISSING_CENTRAL: WZ3Mu/Central/ZCand/pt in Skim_TriLep_DYJets10to50.root
2026-01-09 12:28:59,647 - INFO - [2023] MISSING_CENTRAL: WZ3Mu/Central/ZCand/pt in Skim_TriLep_TTG_PTG100to200.root
2026-01-09 12:28:59,647 - INFO - [2023] MISSING_CENTRAL: WZ3Mu/Central/ZCand/pt in Skim_TriLep_TTG_PTG200toInf.root
2026-01-09 12:28:59,649 - INFO - [2023] MISSING_FILE: /home/choij/Sync/workspace/ChargedHiggsAnalysisV3/SKNanoOutput/CRPromptSelector/Run3Mu_RunNoWZSF_RunSyst/2023/Skim_TriLep_ZZTo4L_powheg.root
2026-01-09 12:28:59,651 - INFO - [2023] MISSING_FILE: /home/choij/Sync/workspace/ChargedHiggsAnalysisV3/SKNanoOutput/CRPromptSelector/Run3Mu_RunNoWZSF_RunSyst/2023/Skim_TriLep_VBFHToZZTo4L.root
2026-01-09 12:28:59,651 - INFO - [2023] MISSING_FILE: /home/choij/Sync/workspace/ChargedHiggsAnalysisV3/SKNanoOutput/CRPromptSelector/Run3Mu_RunNoWZSF_RunSyst/2023/Skim_TriLep_ggHToZZTo4L.root
2026-01-09 12:28:59,654 - INFO - [2023BPix] MISSING_CENTRAL: WZ3Mu/Central/ZCand/pt in Skim_TriLep_DYJets10to50.root
2026-01-09 12:28:59,655 - INFO - [2023BPix] MISSING_CENTRAL: WZ3Mu/Central/ZCand/pt in Skim_TriLep_TTG_PTG100to200.root
2026-01-09 12:28:59,655 - INFO - [2023BPix] MISSING_CENTRAL: WZ3Mu/Central/ZCand/pt in Skim_TriLep_TTG_PTG200toInf.root
2026-01-09 12:28:59,657 - INFO - [2023BPix] MISSING_FILE: /home/choij/Sync/workspace/ChargedHiggsAnalysisV3/SKNanoOutput/CRPromptSelector/Run3Mu_RunNoWZSF_RunSyst/2023BPix/Skim_TriLep_ZZTo4L_powheg.root
2026-01-09 12:28:59,659 - INFO - [2023BPix] MISSING_FILE: /home/choij/Sync/workspace/ChargedHiggsAnalysisV3/SKNanoOutput/CRPromptSelector/Run3Mu_RunNoWZSF_RunSyst/2023BPix/Skim_TriLep_VBFHToZZTo4L.root
2026-01-09 12:28:59,659 - INFO - [2023BPix] MISSING_FILE: /home/choij/Sync/workspace/ChargedHiggsAnalysisV3/SKNanoOutput/CRPromptSelector/Run3Mu_RunNoWZSF_RunSyst/2023BPix/Skim_TriLep_ggHToZZTo4L.root
2026-01-11 09:48:54,097 - INFO - [2022] MISSING_CENTRAL: WZ3Mu/Central/ZCand/pt in Skim_TriLep_DYJets.root
2026-01-11 09:48:54,097 - INFO - [2022] MISSING_CENTRAL: WZ3Mu/Central/ZCand/pt in Skim_TriLep_DYJets10to50.root
2026-01-11 09:48:54,098 - INFO - [2022] MISSING_CENTRAL: WZ3Mu/Central/ZCand/pt in Skim_TriLep_TTG_PTG10to100.root
2026-01-11 09:48:54,098 - INFO - [2022] MISSING_CENTRAL: WZ3Mu/Central/ZCand/pt in Skim_TriLep_TTG_PTG100to200.root
2026-01-11 09:48:54,098 - INFO - [2022] MISSING_CENTRAL: WZ3Mu/Central/ZCand/pt in Skim_TriLep_TTG_PTG200toInf.root
2026-01-11 09:48:54,193 - INFO - [2022EE] MISSING_CENTRAL: WZ3Mu/Central/ZCand/pt in Skim_TriLep_DYJets.root
2026-01-11 09:48:54,194 - INFO - [2022EE] MISSING_CENTRAL: WZ3Mu/Central/ZCand/pt in Skim_TriLep_DYJets10to50.root
2026-01-11 09:48:54,315 - INFO - [2023] MISSING_CENTRAL: WZ3Mu/Central/ZCand/pt in Skim_TriLep_DYJets10to50.root
2026-01-11 09:48:54,322 - INFO - [2023] MISSING_CENTRAL: WZ3Mu/Central/ZCand/pt in Skim_TriLep_TTG_PTG100to200.root
2026-01-11 09:48:54,322 - INFO - [2023] MISSING_CENTRAL: WZ3Mu/Central/ZCand/pt in Skim_TriLep_TTG_PTG200toInf.root
2026-01-11 09:48:54,425 - INFO - [2023BPix] MISSING_CENTRAL: WZ3Mu/Central/ZCand/pt in Skim_TriLep_DYJets10to50.root
2026-01-11 09:48:54,431 - INFO - [2023BPix] MISSING_CENTRAL: WZ3Mu/Central/ZCand/pt in Skim_TriLep_TTG_PTG100to200.root
2026-01-11 09:48:54,432 - INFO - [2023BPix] MISSING_CENTRAL: WZ3Mu/Central/ZCand/pt in Skim_TriLep_TTG_PTG200toInf.root
2026-01-11 09:48:59,676 - INFO - [2022] MISSING_CENTRAL: WZ3Mu/Central/ZCand/pt in Skim_TriLep_DYJets.root
2026-01-11 09:48:59,676 - INFO - [2022] MISSING_CENTRAL: WZ3Mu/Central/ZCand/pt in Skim_TriLep_DYJets10to50.root
2026-01-11 09:48:59,676 - INFO - [2022] MISSING_CENTRAL: WZ3Mu/Central/ZCand/pt in Skim_TriLep_TTG_PTG10to100.root
2026-01-11 09:48:59,677 - INFO - [2022] MISSING_CENTRAL: WZ3Mu/Central/ZCand/pt in Skim_TriLep_TTG_PTG100to200.root
2026-01-11 09:48:59,677 - INFO - [2022] MISSING_CENTRAL: WZ3Mu/Central/ZCand/pt in Skim_TriLep_TTG_PTG200toInf.root
2026-01-11 09:48:59,679 - INFO - [2022] MISSING_FILE: /home/choij/Sync/workspace/ChargedHiggsAnalysisV3/SKNanoOutput/CRPromptSelector/Run3Mu_RunNoWZSF_RunSyst/2022/Skim_TriLep_ZZTo4L_powheg.root
2026-01-11 09:48:59,681 - INFO - [2022] MISSING_FILE: /home/choij/Sync/workspace/ChargedHiggsAnalysisV3/SKNanoOutput/CRPromptSelector/Run3Mu_RunNoWZSF_RunSyst/2022/Skim_TriLep_VBFHToZZTo4L.root
2026-01-11 09:48:59,681 - INFO - [2022] MISSING_FILE: /home/choij/Sync/workspace/ChargedHiggsAnalysisV3/SKNanoOutput/CRPromptSelector/Run3Mu_RunNoWZSF_RunSyst/2022/Skim_TriLep_ggHToZZTo4L.root
2026-01-11 09:48:59,683 - INFO - [2022EE] MISSING_CENTRAL: WZ3Mu/Central/ZCand/pt in Skim_TriLep_DYJets.root
2026-01-11 09:48:59,683 - INFO - [2022EE] MISSING_CENTRAL: WZ3Mu/Central/ZCand/pt in Skim_TriLep_DYJets10to50.root
2026-01-11 09:48:59,691 - INFO - [2022EE] MISSING_FILE: /home/choij/Sync/workspace/ChargedHiggsAnalysisV3/SKNanoOutput/CRPromptSelector/Run3Mu_RunNoWZSF_RunSyst/2022EE/Skim_TriLep_ZZTo4L_powheg.root
2026-01-11 09:48:59,694 - INFO - [2022EE] MISSING_FILE: /home/choij/Sync/workspace/ChargedHiggsAnalysisV3/SKNanoOutput/CRPromptSelector/Run3Mu_RunNoWZSF_RunSyst/2022EE/Skim_TriLep_VBFHToZZTo4L.root
2026-01-11 09:48:59,694 - INFO - [2022EE] MISSING_FILE: /home/choij/Sync/workspace/ChargedHiggsAnalysisV3/SKNanoOutput/CRPromptSelector/Run3Mu_RunNoWZSF_RunSyst/2022EE/Skim_TriLep_ggHToZZTo4L.root
2026-01-11 09:48:59,698 - INFO - [2023] MISSING_CENTRAL: WZ3Mu/Central/ZCand/pt in Skim_TriLep_DYJets10to50.root
2026-01-11 09:48:59,699 - INFO - [2023] MISSING_CENTRAL: WZ3Mu/Central/ZCand/pt in Skim_TriLep_TTG_PTG100to200.root
2026-01-11 09:48:59,699 - INFO - [2023] MISSING_CENTRAL: WZ3Mu/Central/ZCand/pt in Skim_TriLep_TTG_PTG200toInf.root
2026-01-11 09:48:59,701 - INFO - [2023] MISSING_FILE: /home/choij/Sync/workspace/ChargedHiggsAnalysisV3/SKNanoOutput/CRPromptSelector/Run3Mu_RunNoWZSF_RunSyst/2023/Skim_TriLep_ZZTo4L_powheg.root
2026-01-11 09:48:59,703 - INFO - [2023] MISSING_FILE: /home/choij/Sync/workspace/ChargedHiggsAnalysisV3/SKNanoOutput/CRPromptSelector/Run3Mu_RunNoWZSF_RunSyst/2023/Skim_TriLep_VBFHToZZTo4L.root
2026-01-11 09:48:59,703 - INFO - [2023] MISSING_FILE: /home/choij/Sync/workspace/ChargedHiggsAnalysisV3/SKNanoOutput/CRPromptSelector/Run3Mu_RunNoWZSF_RunSyst/2023/Skim_TriLep_ggHToZZTo4L.root
2026-01-11 09:48:59,705 - INFO - [2023BPix] MISSING_CENTRAL: WZ3Mu/Central/ZCand/pt in Skim_TriLep_DYJets10to50.root
2026-01-11 09:48:59,706 - INFO - [2023BPix] MISSING_CENTRAL: WZ3Mu/Central/ZCand/pt in Skim_TriLep_TTG_PTG100to200.root
2026-01-11 09:48:59,707 - INFO - [2023BPix] MISSING_CENTRAL: WZ3Mu/Central/ZCand/pt in Skim_TriLep_TTG_PTG200toInf.root
2026-01-11 09:48:59,708 - INFO - [2023BPix] MISSING_FILE: /home/choij/Sync/workspace/ChargedHiggsAnalysisV3/SKNanoOutput/CRPromptSelector/Run3Mu_RunNoWZSF_RunSyst/2023BPix/Skim_TriLep_ZZTo4L_powheg.root
2026-01-11 09:48:59,711 - INFO - [2023BPix] MISSING_FILE: /home/choij/Sync/workspace/ChargedHiggsAnalysisV3/SKNanoOutput/CRPromptSelector/Run3Mu_RunNoWZSF_RunSyst/2023BPix/Skim_TriLep_VBFHToZZTo4L.root
2026-01-11 09:48:59,711 - INFO - [2023BPix] MISSING_FILE: /home/choij/Sync/workspace/ChargedHiggsAnalysisV3/SKNanoOutput/CRPromptSelector/Run3Mu_RunNoWZSF_RunSyst/2023BPix/Skim_TriLep_ggHToZZTo4L.root
2026-01-12 13:57:50,500 - INFO - [2022] MISSING_CENTRAL: WZ3Mu/Central/ZCand/pt in Skim_TriLep_DYJets.root
2026-01-12 13:57:50,500 - INFO - [2022] MISSING_CENTRAL: WZ3Mu/Central/ZCand/pt in Skim_TriLep_DYJets10to50.root
2026-01-12 13:57:50,501 - INFO - [2022] MISSING_CENTRAL: WZ3Mu/Central/ZCand/pt in Skim_TriLep_TTG_PTG10to100.root
2026-01-12 13:57:50,501 - INFO - [2022] MISSING_CENTRAL: WZ3Mu/Central/ZCand/pt in Skim_TriLep_TTG_PTG100to200.root
2026-01-12 13:57:50,502 - INFO - [2022] MISSING_CENTRAL: WZ3Mu/Central/ZCand/pt in Skim_TriLep_TTG_PTG200toInf.root
2026-01-12 13:57:50,650 - INFO - [2022EE] MISSING_CENTRAL: WZ3Mu/Central/ZCand/pt in Skim_TriLep_DYJets.root
2026-01-12 13:57:50,651 - INFO - [2022EE] MISSING_CENTRAL: WZ3Mu/Central/ZCand/pt in Skim_TriLep_DYJets10to50.root
2026-01-12 13:57:50,850 - INFO - [2023] MISSING_CENTRAL: WZ3Mu/Central/ZCand/pt in Skim_TriLep_DYJets10to50.root
2026-01-12 13:57:50,861 - INFO - [2023] MISSING_CENTRAL: WZ3Mu/Central/ZCand/pt in Skim_TriLep_TTG_PTG100to200.root
2026-01-12 13:57:50,862 - INFO - [2023] MISSING_CENTRAL: WZ3Mu/Central/ZCand/pt in Skim_TriLep_TTG_PTG200toInf.root
2026-01-12 13:57:51,003 - INFO - [2023BPix] MISSING_CENTRAL: WZ3Mu/Central/ZCand/pt in Skim_TriLep_DYJets10to50.root
2026-01-12 13:57:51,009 - INFO - [2023BPix] MISSING_CENTRAL: WZ3Mu/Central/ZCand/pt in Skim_TriLep_TTG_PTG100to200.root
2026-01-12 13:57:51,010 - INFO - [2023BPix] MISSING_CENTRAL: WZ3Mu/Central/ZCand/pt in Skim_TriLep_TTG_PTG200toInf.root
2026-01-12 13:57:56,213 - INFO - [2022] MISSING_CENTRAL: WZ3Mu/Central/ZCand/pt in Skim_TriLep_DYJets.root
2026-01-12 13:57:56,214 - INFO - [2022] MISSING_CENTRAL: WZ3Mu/Central/ZCand/pt in Skim_TriLep_DYJets10to50.root
2026-01-12 13:57:56,214 - INFO - [2022] MISSING_CENTRAL: WZ3Mu/Central/ZCand/pt in Skim_TriLep_TTG_PTG10to100.root
2026-01-12 13:57:56,215 - INFO - [2022] MISSING_CENTRAL: WZ3Mu/Central/ZCand/pt in Skim_TriLep_TTG_PTG100to200.root
2026-01-12 13:57:56,215 - INFO - [2022] MISSING_CENTRAL: WZ3Mu/Central/ZCand/pt in Skim_TriLep_TTG_PTG200toInf.root
2026-01-12 13:57:56,218 - INFO - [2022] MISSING_FILE: /home/choij/Sync/workspace/ChargedHiggsAnalysisV3/SKNanoOutput/CRPromptSelector/Run3Mu_RunNoWZSF_RunSyst/2022/Skim_TriLep_ZZTo4L_powheg.root
2026-01-12 13:57:56,221 - INFO - [2022] MISSING_FILE: /home/choij/Sync/workspace/ChargedHiggsAnalysisV3/SKNanoOutput/CRPromptSelector/Run3Mu_RunNoWZSF_RunSyst/2022/Skim_TriLep_VBFHToZZTo4L.root
2026-01-12 13:57:56,222 - INFO - [2022] MISSING_FILE: /home/choij/Sync/workspace/ChargedHiggsAnalysisV3/SKNanoOutput/CRPromptSelector/Run3Mu_RunNoWZSF_RunSyst/2022/Skim_TriLep_ggHToZZTo4L.root
2026-01-12 13:57:56,224 - INFO - [2022EE] MISSING_CENTRAL: WZ3Mu/Central/ZCand/pt in Skim_TriLep_DYJets.root
2026-01-12 13:57:56,224 - INFO - [2022EE] MISSING_CENTRAL: WZ3Mu/Central/ZCand/pt in Skim_TriLep_DYJets10to50.root
2026-01-12 13:57:56,236 - INFO - [2022EE] MISSING_FILE: /home/choij/Sync/workspace/ChargedHiggsAnalysisV3/SKNanoOutput/CRPromptSelector/Run3Mu_RunNoWZSF_RunSyst/2022EE/Skim_TriLep_ZZTo4L_powheg.root
2026-01-12 13:57:56,240 - INFO - [2022EE] MISSING_FILE: /home/choij/Sync/workspace/ChargedHiggsAnalysisV3/SKNanoOutput/CRPromptSelector/Run3Mu_RunNoWZSF_RunSyst/2022EE/Skim_TriLep_VBFHToZZTo4L.root
2026-01-12 13:57:56,240 - INFO - [2022EE] MISSING_FILE: /home/choij/Sync/workspace/ChargedHiggsAnalysisV3/SKNanoOutput/CRPromptSelector/Run3Mu_RunNoWZSF_RunSyst/2022EE/Skim_TriLep_ggHToZZTo4L.root
2026-01-12 13:57:56,246 - INFO - [2023] MISSING_CENTRAL: WZ3Mu/Central/ZCand/pt in Skim_TriLep_DYJets10to50.root
2026-01-12 13:57:56,247 - INFO - [2023] MISSING_CENTRAL: WZ3Mu/Central/ZCand/pt in Skim_TriLep_TTG_PTG100to200.root
2026-01-12 13:57:56,248 - INFO - [2023] MISSING_CENTRAL: WZ3Mu/Central/ZCand/pt in Skim_TriLep_TTG_PTG200toInf.root
2026-01-12 13:57:56,250 - INFO - [2023] MISSING_FILE: /home/choij/Sync/workspace/ChargedHiggsAnalysisV3/SKNanoOutput/CRPromptSelector/Run3Mu_RunNoWZSF_RunSyst/2023/Skim_TriLep_ZZTo4L_powheg.root
2026-01-12 13:57:56,254 - INFO - [2023] MISSING_FILE: /home/choij/Sync/workspace/ChargedHiggsAnalysisV3/SKNanoOutput/CRPromptSelector/Run3Mu_RunNoWZSF_RunSyst/2023/Skim_TriLep_VBFHToZZTo4L.root
2026-01-12 13:57:56,254 - INFO - [2023] MISSING_FILE: /home/choij/Sync/workspace/ChargedHiggsAnalysisV3/SKNanoOutput/CRPromptSelector/Run3Mu_RunNoWZSF_RunSyst/2023/Skim_TriLep_ggHToZZTo4L.root
2026-01-12 13:57:56,258 - INFO - [2023BPix] MISSING_CENTRAL: WZ3Mu/Central/ZCand/pt in Skim_TriLep_DYJets10to50.root
2026-01-12 13:57:56,259 - INFO - [2023BPix] MISSING_CENTRAL: WZ3Mu/Central/ZCand/pt in Skim_TriLep_TTG_PTG100to200.root
2026-01-12 13:57:56,259 - INFO - [2023BPix] MISSING_CENTRAL: WZ3Mu/Central/ZCand/pt in Skim_TriLep_TTG_PTG200toInf.root
2026-01-12 13:57:56,262 - INFO - [2023BPix] MISSING_FILE: /home/choij/Sync/workspace/ChargedHiggsAnalysisV3/SKNanoOutput/CRPromptSelector/Run3Mu_RunNoWZSF_RunSyst/2023BPix/Skim_TriLep_ZZTo4L_powheg.root
2026-01-12 13:57:56,266 - INFO - [2023BPix] MISSING_FILE: /home/choij/Sync/workspace/ChargedHiggsAnalysisV3/SKNanoOutput/CRPromptSelector/Run3Mu_RunNoWZSF_RunSyst/2023BPix/Skim_TriLep_VBFHToZZTo4L.root
2026-01-12 13:57:56,266 - INFO - [2023BPix] MISSING_FILE: /home/choij/Sync/workspace/ChargedHiggsAnalysisV3/SKNanoOutput/CRPromptSelector/Run3Mu_RunNoWZSF_RunSyst/2023BPix/Skim_TriLep_ggHToZZTo4L.root
2026-01-16 19:12:23,424 - INFO - [2022] MISSING_CENTRAL: WZ3Mu/Central/ZCand/pt in Skim_TriLep_DYJets.root
2026-01-16 19:12:23,424 - INFO - [2022] MISSING_CENTRAL: WZ3Mu/Central/ZCand/pt in Skim_TriLep_DYJets10to50.root
2026-01-16 19:12:23,425 - INFO - [2022] MISSING_CENTRAL: WZ3Mu/Central/ZCand/pt in Skim_TriLep_TTG_PTG10to100.root
2026-01-16 19:12:23,425 - INFO - [2022] MISSING_CENTRAL: WZ3Mu/Central/ZCand/pt in Skim_TriLep_TTG_PTG100to200.root
2026-01-16 19:12:23,425 - INFO - [2022] MISSING_CENTRAL: WZ3Mu/Central/ZCand/pt in Skim_TriLep_TTG_PTG200toInf.root
2026-01-16 19:12:23,581 - INFO - [2022EE] MISSING_CENTRAL: WZ3Mu/Central/ZCand/pt in Skim_TriLep_DYJets.root
2026-01-16 19:12:23,581 - INFO - [2022EE] MISSING_CENTRAL: WZ3Mu/Central/ZCand/pt in Skim_TriLep_DYJets10to50.root
2026-01-16 19:12:23,784 - INFO - [2023] MISSING_CENTRAL: WZ3Mu/Central/ZCand/pt in Skim_TriLep_DYJets10to50.root
2026-01-16 19:12:23,794 - INFO - [2023] MISSING_CENTRAL: WZ3Mu/Central/ZCand/pt in Skim_TriLep_TTG_PTG100to200.root
2026-01-16 19:12:23,795 - INFO - [2023] MISSING_CENTRAL: WZ3Mu/Central/ZCand/pt in Skim_TriLep_TTG_PTG200toInf.root
2026-01-16 19:12:23,963 - INFO - [2023BPix] MISSING_CENTRAL: WZ3Mu/Central/ZCand/pt in Skim_TriLep_DYJets10to50.root
2026-01-16 19:12:23,970 - INFO - [2023BPix] MISSING_CENTRAL: WZ3Mu/Central/ZCand/pt in Skim_TriLep_TTG_PTG100to200.root
2026-01-16 19:12:23,971 - INFO - [2023BPix] MISSING_CENTRAL: WZ3Mu/Central/ZCand/pt in Skim_TriLep_TTG_PTG200toInf.root
2026-01-16 19:12:28,891 - INFO - [2022] MISSING_CENTRAL: WZ3Mu/Central/ZCand/pt in Skim_TriLep_DYJets.root
2026-01-16 19:12:28,891 - INFO - [2022] MISSING_CENTRAL: WZ3Mu/Central/ZCand/pt in Skim_TriLep_DYJets10to50.root
2026-01-16 19:12:28,892 - INFO - [2022] MISSING_CENTRAL: WZ3Mu/Central/ZCand/pt in Skim_TriLep_TTG_PTG10to100.root
2026-01-16 19:12:28,892 - INFO - [2022] MISSING_CENTRAL: WZ3Mu/Central/ZCand/pt in Skim_TriLep_TTG_PTG100to200.root
2026-01-16 19:12:28,893 - INFO - [2022] MISSING_CENTRAL: WZ3Mu/Central/ZCand/pt in Skim_TriLep_TTG_PTG200toInf.root
2026-01-16 19:12:28,895 - INFO - [2022] MISSING_FILE: /home/choij/Sync/workspace/ChargedHiggsAnalysisV3/SKNanoOutput/CRPromptSelector/Run3Mu_RunNoWZSF_RunSyst/2022/Skim_TriLep_ZZTo4L_powheg.root
2026-01-16 19:12:28,899 - INFO - [2022] MISSING_FILE: /home/choij/Sync/workspace/ChargedHiggsAnalysisV3/SKNanoOutput/CRPromptSelector/Run3Mu_RunNoWZSF_RunSyst/2022/Skim_TriLep_VBFHToZZTo4L.root
2026-01-16 19:12:28,899 - INFO - [2022] MISSING_FILE: /home/choij/Sync/workspace/ChargedHiggsAnalysisV3/SKNanoOutput/CRPromptSelector/Run3Mu_RunNoWZSF_RunSyst/2022/Skim_TriLep_ggHToZZTo4L.root
2026-01-16 19:12:28,902 - INFO - [2022EE] MISSING_CENTRAL: WZ3Mu/Central/ZCand/pt in Skim_TriLep_DYJets.root
2026-01-16 19:12:28,902 - INFO - [2022EE] MISSING_CENTRAL: WZ3Mu/Central/ZCand/pt in Skim_TriLep_DYJets10to50.root
2026-01-16 19:12:28,914 - INFO - [2022EE] MISSING_FILE: /home/choij/Sync/workspace/ChargedHiggsAnalysisV3/SKNanoOutput/CRPromptSelector/Run3Mu_RunNoWZSF_RunSyst/2022EE/Skim_TriLep_ZZTo4L_powheg.root
2026-01-16 19:12:28,918 - INFO - [2022EE] MISSING_FILE: /home/choij/Sync/workspace/ChargedHiggsAnalysisV3/SKNanoOutput/CRPromptSelector/Run3Mu_RunNoWZSF_RunSyst/2022EE/Skim_TriLep_VBFHToZZTo4L.root
2026-01-16 19:12:28,918 - INFO - [2022EE] MISSING_FILE: /home/choij/Sync/workspace/ChargedHiggsAnalysisV3/SKNanoOutput/CRPromptSelector/Run3Mu_RunNoWZSF_RunSyst/2022EE/Skim_TriLep_ggHToZZTo4L.root
2026-01-16 19:12:28,925 - INFO - [2023] MISSING_CENTRAL: WZ3Mu/Central/ZCand/pt in Skim_TriLep_DYJets10to50.root
2026-01-16 19:12:28,926 - INFO - [2023] MISSING_CENTRAL: WZ3Mu/Central/ZCand/pt in Skim_TriLep_TTG_PTG100to200.root
2026-01-16 19:12:28,927 - INFO - [2023] MISSING_CENTRAL: WZ3Mu/Central/ZCand/pt in Skim_TriLep_TTG_PTG200toInf.root
2026-01-16 19:12:28,930 - INFO - [2023] MISSING_FILE: /home/choij/Sync/workspace/ChargedHiggsAnalysisV3/SKNanoOutput/CRPromptSelector/Run3Mu_RunNoWZSF_RunSyst/2023/Skim_TriLep_ZZTo4L_powheg.root
2026-01-16 19:12:28,933 - INFO - [2023] MISSING_FILE: /home/choij/Sync/workspace/ChargedHiggsAnalysisV3/SKNanoOutput/CRPromptSelector/Run3Mu_RunNoWZSF_RunSyst/2023/Skim_TriLep_VBFHToZZTo4L.root
2026-01-16 19:12:28,933 - INFO - [2023] MISSING_FILE: /home/choij/Sync/workspace/ChargedHiggsAnalysisV3/SKNanoOutput/CRPromptSelector/Run3Mu_RunNoWZSF_RunSyst/2023/Skim_TriLep_ggHToZZTo4L.root
2026-01-16 19:12:28,937 - INFO - [2023BPix] MISSING_CENTRAL: WZ3Mu/Central/ZCand/pt in Skim_TriLep_DYJets10to50.root
2026-01-16 19:12:28,939 - INFO - [2023BPix] MISSING_CENTRAL: WZ3Mu/Central/ZCand/pt in Skim_TriLep_TTG_PTG100to200.root
2026-01-16 19:12:28,939 - INFO - [2023BPix] MISSING_CENTRAL: WZ3Mu/Central/ZCand/pt in Skim_TriLep_TTG_PTG200toInf.root
2026-01-16 19:12:28,942 - INFO - [2023BPix] MISSING_FILE: /home/choij/Sync/workspace/ChargedHiggsAnalysisV3/SKNanoOutput/CRPromptSelector/Run3Mu_RunNoWZSF_RunSyst/2023BPix/Skim_TriLep_ZZTo4L_powheg.root
2026-01-16 19:12:28,946 - INFO - [2023BPix] MISSING_FILE: /home/choij/Sync/workspace/ChargedHiggsAnalysisV3/SKNanoOutput/CRPromptSelector/Run3Mu_RunNoWZSF_RunSyst/2023BPix/Skim_TriLep_VBFHToZZTo4L.root
2026-01-16 19:12:28,946 - INFO - [2023BPix] MISSING_FILE: /home/choij/Sync/workspace/ChargedHiggsAnalysisV3/SKNanoOutput/CRPromptSelector/Run3Mu_RunNoWZSF_RunSyst/2023BPix/Skim_TriLep_ggHToZZTo4L.root
2026-01-26 00:45:30,562 - INFO - [2022] MISSING_CENTRAL: WZ3Mu/Central/ZCand/pt in Skim_TriLep_DYJets.root
2026-01-26 00:45:30,563 - INFO - [2022] MISSING_CENTRAL: WZ3Mu/Central/ZCand/pt in Skim_TriLep_DYJets10to50.root
2026-01-26 00:45:30,563 - INFO - [2022] MISSING_CENTRAL: WZ3Mu/Central/ZCand/pt in Skim_TriLep_TTG_PTG10to100.root
2026-01-26 00:45:30,564 - INFO - [2022] MISSING_CENTRAL: WZ3Mu/Central/ZCand/pt in Skim_TriLep_TTG_PTG100to200.root
2026-01-26 00:45:30,564 - INFO - [2022] MISSING_CENTRAL: WZ3Mu/Central/ZCand/pt in Skim_TriLep_TTG_PTG200toInf.root
2026-01-26 00:45:31,025 - INFO - [2022EE] MISSING_CENTRAL: WZ3Mu/Central/ZCand/pt in Skim_TriLep_DYJets.root
2026-01-26 00:45:31,025 - INFO - [2022EE] MISSING_CENTRAL: WZ3Mu/Central/ZCand/pt in Skim_TriLep_DYJets10to50.root
2026-01-26 00:45:31,884 - INFO - [2023] MISSING_CENTRAL: WZ3Mu/Central/ZCand/pt in Skim_TriLep_DYJets10to50.root
2026-01-26 00:45:31,897 - INFO - [2023] MISSING_CENTRAL: WZ3Mu/Central/ZCand/pt in Skim_TriLep_TTG_PTG100to200.root
2026-01-26 00:45:31,898 - INFO - [2023] MISSING_CENTRAL: WZ3Mu/Central/ZCand/pt in Skim_TriLep_TTG_PTG200toInf.root
2026-01-26 00:45:32,648 - INFO - [2023BPix] MISSING_CENTRAL: WZ3Mu/Central/ZCand/pt in Skim_TriLep_DYJets10to50.root
2026-01-26 00:45:32,662 - INFO - [2023BPix] MISSING_CENTRAL: WZ3Mu/Central/ZCand/pt in Skim_TriLep_TTG_PTG100to200.root
2026-01-26 00:45:32,663 - INFO - [2023BPix] MISSING_CENTRAL: WZ3Mu/Central/ZCand/pt in Skim_TriLep_TTG_PTG200toInf.root
2026-01-26 00:45:38,032 - INFO - [2022] MISSING_CENTRAL: WZ3Mu/Central/ZCand/pt in Skim_TriLep_DYJets.root
2026-01-26 00:45:38,033 - INFO - [2022] MISSING_CENTRAL: WZ3Mu/Central/ZCand/pt in Skim_TriLep_DYJets10to50.root
2026-01-26 00:45:38,034 - INFO - [2022] MISSING_CENTRAL: WZ3Mu/Central/ZCand/pt in Skim_TriLep_TTG_PTG10to100.root
2026-01-26 00:45:38,035 - INFO - [2022] MISSING_CENTRAL: WZ3Mu/Central/ZCand/pt in Skim_TriLep_TTG_PTG100to200.root
2026-01-26 00:45:38,036 - INFO - [2022] MISSING_CENTRAL: WZ3Mu/Central/ZCand/pt in Skim_TriLep_TTG_PTG200toInf.root
2026-01-26 00:45:38,042 - INFO - [2022] MISSING_FILE: /data9/Users/choij/Sync/workspace/ChargedHiggsAnalysisV3/SKNanoOutput/PromptAnalyzer/Run3Mu_RunNoWZSF_RunSyst_RunCR_NoTreeMode/2022/Skim_TriLep_ZZTo4L_powheg.root
2026-01-26 00:45:38,049 - INFO - [2022] MISSING_FILE: /data9/Users/choij/Sync/workspace/ChargedHiggsAnalysisV3/SKNanoOutput/PromptAnalyzer/Run3Mu_RunNoWZSF_RunSyst_RunCR_NoTreeMode/2022/Skim_TriLep_VBFHToZZTo4L.root
2026-01-26 00:45:38,050 - INFO - [2022] MISSING_FILE: /data9/Users/choij/Sync/workspace/ChargedHiggsAnalysisV3/SKNanoOutput/PromptAnalyzer/Run3Mu_RunNoWZSF_RunSyst_RunCR_NoTreeMode/2022/Skim_TriLep_ggHToZZTo4L.root
2026-01-26 00:45:38,055 - INFO - [2022EE] MISSING_CENTRAL: WZ3Mu/Central/ZCand/pt in Skim_TriLep_DYJets.root
2026-01-26 00:45:38,056 - INFO - [2022EE] MISSING_CENTRAL: WZ3Mu/Central/ZCand/pt in Skim_TriLep_DYJets10to50.root
2026-01-26 00:45:38,078 - INFO - [2022EE] MISSING_FILE: /data9/Users/choij/Sync/workspace/ChargedHiggsAnalysisV3/SKNanoOutput/PromptAnalyzer/Run3Mu_RunNoWZSF_RunSyst_RunCR_NoTreeMode/2022EE/Skim_TriLep_ZZTo4L_powheg.root
2026-01-26 00:45:38,086 - INFO - [2022EE] MISSING_FILE: /data9/Users/choij/Sync/workspace/ChargedHiggsAnalysisV3/SKNanoOutput/PromptAnalyzer/Run3Mu_RunNoWZSF_RunSyst_RunCR_NoTreeMode/2022EE/Skim_TriLep_VBFHToZZTo4L.root
2026-01-26 00:45:38,086 - INFO - [2022EE] MISSING_FILE: /data9/Users/choij/Sync/workspace/ChargedHiggsAnalysisV3/SKNanoOutput/PromptAnalyzer/Run3Mu_RunNoWZSF_RunSyst_RunCR_NoTreeMode/2022EE/Skim_TriLep_ggHToZZTo4L.root
2026-01-26 00:45:38,100 - INFO - [2023] MISSING_CENTRAL: WZ3Mu/Central/ZCand/pt in Skim_TriLep_DYJets10to50.root
2026-01-26 00:45:38,104 - INFO - [2023] MISSING_CENTRAL: WZ3Mu/Central/ZCand/pt in Skim_TriLep_TTG_PTG100to200.root
2026-01-26 00:45:38,104 - INFO - [2023] MISSING_CENTRAL: WZ3Mu/Central/ZCand/pt in Skim_TriLep_TTG_PTG200toInf.root
2026-01-26 00:45:38,110 - INFO - [2023] MISSING_FILE: /data9/Users/choij/Sync/workspace/ChargedHiggsAnalysisV3/SKNanoOutput/PromptAnalyzer/Run3Mu_RunNoWZSF_RunSyst_RunCR_NoTreeMode/2023/Skim_TriLep_ZZTo4L_powheg.root
2026-01-26 00:45:38,118 - INFO - [2023] MISSING_FILE: /data9/Users/choij/Sync/workspace/ChargedHiggsAnalysisV3/SKNanoOutput/PromptAnalyzer/Run3Mu_RunNoWZSF_RunSyst_RunCR_NoTreeMode/2023/Skim_TriLep_VBFHToZZTo4L.root
2026-01-26 00:45:38,118 - INFO - [2023] MISSING_FILE: /data9/Users/choij/Sync/workspace/ChargedHiggsAnalysisV3/SKNanoOutput/PromptAnalyzer/Run3Mu_RunNoWZSF_RunSyst_RunCR_NoTreeMode/2023/Skim_TriLep_ggHToZZTo4L.root
2026-01-26 00:45:38,127 - INFO - [2023BPix] MISSING_CENTRAL: WZ3Mu/Central/ZCand/pt in Skim_TriLep_DYJets10to50.root
2026-01-26 00:45:38,130 - INFO - [2023BPix] MISSING_CENTRAL: WZ3Mu/Central/ZCand/pt in Skim_TriLep_TTG_PTG100to200.root
2026-01-26 00:45:38,131 - INFO - [2023BPix] MISSING_CENTRAL: WZ3Mu/Central/ZCand/pt in Skim_TriLep_TTG_PTG200toInf.root
2026-01-26 00:45:38,137 - INFO - [2023BPix] MISSING_FILE: /data9/Users/choij/Sync/workspace/ChargedHiggsAnalysisV3/SKNanoOutput/PromptAnalyzer/Run3Mu_RunNoWZSF_RunSyst_RunCR_NoTreeMode/2023BPix/Skim_TriLep_ZZTo4L_powheg.root
2026-01-26 00:45:38,145 - INFO - [2023BPix] MISSING_FILE: /data9/Users/choij/Sync/workspace/ChargedHiggsAnalysisV3/SKNanoOutput/PromptAnalyzer/Run3Mu_RunNoWZSF_RunSyst_RunCR_NoTreeMode/2023BPix/Skim_TriLep_VBFHToZZTo4L.root
2026-01-26 00:45:38,145 - INFO - [2023BPix] MISSING_FILE: /data9/Users/choij/Sync/workspace/ChargedHiggsAnalysisV3/SKNanoOutput/PromptAnalyzer/Run3Mu_RunNoWZSF_RunSyst_RunCR_NoTreeMode/2023BPix/Skim_TriLep_ggHToZZTo4L.root
2026-01-28 15:01:56,273 - INFO - [2022] MISSING_CENTRAL: WZ3Mu/Central/ZCand/pt in Skim_TriLep_DYJets.root
2026-01-28 15:01:56,274 - INFO - [2022] MISSING_CENTRAL: WZ3Mu/Central/ZCand/pt in Skim_TriLep_DYJets10to50.root
2026-01-28 15:01:56,274 - INFO - [2022] MISSING_CENTRAL: WZ3Mu/Central/ZCand/pt in Skim_TriLep_TTG_PTG10to100.root
2026-01-28 15:01:56,275 - INFO - [2022] MISSING_CENTRAL: WZ3Mu/Central/ZCand/pt in Skim_TriLep_TTG_PTG100to200.root
2026-01-28 15:01:56,275 - INFO - [2022] MISSING_CENTRAL: WZ3Mu/Central/ZCand/pt in Skim_TriLep_TTG_PTG200toInf.root
2026-01-28 15:01:56,578 - INFO - [2022EE] MISSING_CENTRAL: WZ3Mu/Central/ZCand/pt in Skim_TriLep_DYJets.root
2026-01-28 15:01:56,578 - INFO - [2022EE] MISSING_CENTRAL: WZ3Mu/Central/ZCand/pt in Skim_TriLep_DYJets10to50.root
2026-01-28 15:01:56,990 - INFO - [2023] MISSING_CENTRAL: WZ3Mu/Central/ZCand/pt in Skim_TriLep_DYJets10to50.root
2026-01-28 15:01:57,012 - INFO - [2023] MISSING_CENTRAL: WZ3Mu/Central/ZCand/pt in Skim_TriLep_TTG_PTG100to200.root
2026-01-28 15:01:57,012 - INFO - [2023] MISSING_CENTRAL: WZ3Mu/Central/ZCand/pt in Skim_TriLep_TTG_PTG200toInf.root
2026-01-28 15:01:57,274 - INFO - [2023BPix] MISSING_CENTRAL: WZ3Mu/Central/ZCand/pt in Skim_TriLep_DYJets10to50.root
2026-01-28 15:01:57,289 - INFO - [2023BPix] MISSING_CENTRAL: WZ3Mu/Central/ZCand/pt in Skim_TriLep_TTG_PTG100to200.root
2026-01-28 15:01:57,290 - INFO - [2023BPix] MISSING_CENTRAL: WZ3Mu/Central/ZCand/pt in Skim_TriLep_TTG_PTG200toInf.root
2026-01-28 15:02:02,274 - INFO - [2022] MISSING_CENTRAL: WZ3Mu/Central/ZCand/pt in Skim_TriLep_DYJets.root
2026-01-28 15:02:02,274 - INFO - [2022] MISSING_CENTRAL: WZ3Mu/Central/ZCand/pt in Skim_TriLep_DYJets10to50.root
2026-01-28 15:02:02,274 - INFO - [2022] MISSING_CENTRAL: WZ3Mu/Central/ZCand/pt in Skim_TriLep_TTG_PTG10to100.root
2026-01-28 15:02:02,275 - INFO - [2022] MISSING_CENTRAL: WZ3Mu/Central/ZCand/pt in Skim_TriLep_TTG_PTG100to200.root
2026-01-28 15:02:02,275 - INFO - [2022] MISSING_CENTRAL: WZ3Mu/Central/ZCand/pt in Skim_TriLep_TTG_PTG200toInf.root
2026-01-28 15:02:02,287 - INFO - [2022] MISSING_FILE: /home/choij/Sync/workspace/ChargedHiggsAnalysisV3/SKNanoOutput/PromptAnalyzer/Run3Mu_RunNoWZSF_RunSyst_RunCR_NoTreeMode/2022/Skim_TriLep_ZZTo4L_powheg.root
2026-01-28 15:02:02,289 - INFO - [2022] MISSING_FILE: /home/choij/Sync/workspace/ChargedHiggsAnalysisV3/SKNanoOutput/PromptAnalyzer/Run3Mu_RunNoWZSF_RunSyst_RunCR_NoTreeMode/2022/Skim_TriLep_VBFHToZZTo4L.root
2026-01-28 15:02:02,290 - INFO - [2022] MISSING_FILE: /home/choij/Sync/workspace/ChargedHiggsAnalysisV3/SKNanoOutput/PromptAnalyzer/Run3Mu_RunNoWZSF_RunSyst_RunCR_NoTreeMode/2022/Skim_TriLep_ggHToZZTo4L.root
2026-01-28 15:02:02,292 - INFO - [2022EE] MISSING_CENTRAL: WZ3Mu/Central/ZCand/pt in Skim_TriLep_DYJets.root
2026-01-28 15:02:02,293 - INFO - [2022EE] MISSING_CENTRAL: WZ3Mu/Central/ZCand/pt in Skim_TriLep_DYJets10to50.root
2026-01-28 15:02:02,302 - INFO - [2022EE] MISSING_FILE: /home/choij/Sync/workspace/ChargedHiggsAnalysisV3/SKNanoOutput/PromptAnalyzer/Run3Mu_RunNoWZSF_RunSyst_RunCR_NoTreeMode/2022EE/Skim_TriLep_ZZTo4L_powheg.root
2026-01-28 15:02:02,305 - INFO - [2022EE] MISSING_FILE: /home/choij/Sync/workspace/ChargedHiggsAnalysisV3/SKNanoOutput/PromptAnalyzer/Run3Mu_RunNoWZSF_RunSyst_RunCR_NoTreeMode/2022EE/Skim_TriLep_VBFHToZZTo4L.root
2026-01-28 15:02:02,305 - INFO - [2022EE] MISSING_FILE: /home/choij/Sync/workspace/ChargedHiggsAnalysisV3/SKNanoOutput/PromptAnalyzer/Run3Mu_RunNoWZSF_RunSyst_RunCR_NoTreeMode/2022EE/Skim_TriLep_ggHToZZTo4L.root
2026-01-28 15:02:02,312 - INFO - [2023] MISSING_CENTRAL: WZ3Mu/Central/ZCand/pt in Skim_TriLep_DYJets10to50.root
2026-01-28 15:02:02,314 - INFO - [2023] MISSING_CENTRAL: WZ3Mu/Central/ZCand/pt in Skim_TriLep_TTG_PTG100to200.root
2026-01-28 15:02:02,314 - INFO - [2023] MISSING_CENTRAL: WZ3Mu/Central/ZCand/pt in Skim_TriLep_TTG_PTG200toInf.root
2026-01-28 15:02:02,321 - INFO - [2023] MISSING_FILE: /home/choij/Sync/workspace/ChargedHiggsAnalysisV3/SKNanoOutput/PromptAnalyzer/Run3Mu_RunNoWZSF_RunSyst_RunCR_NoTreeMode/2023/Skim_TriLep_ZZTo4L_powheg.root
2026-01-28 15:02:02,323 - INFO - [2023] MISSING_FILE: /home/choij/Sync/workspace/ChargedHiggsAnalysisV3/SKNanoOutput/PromptAnalyzer/Run3Mu_RunNoWZSF_RunSyst_RunCR_NoTreeMode/2023/Skim_TriLep_VBFHToZZTo4L.root
2026-01-28 15:02:02,323 - INFO - [2023] MISSING_FILE: /home/choij/Sync/workspace/ChargedHiggsAnalysisV3/SKNanoOutput/PromptAnalyzer/Run3Mu_RunNoWZSF_RunSyst_RunCR_NoTreeMode/2023/Skim_TriLep_ggHToZZTo4L.root
2026-01-28 15:02:02,327 - INFO - [2023BPix] MISSING_CENTRAL: WZ3Mu/Central/ZCand/pt in Skim_TriLep_DYJets10to50.root
2026-01-28 15:02:02,329 - INFO - [2023BPix] MISSING_CENTRAL: WZ3Mu/Central/ZCand/pt in Skim_TriLep_TTG_PTG100to200.root
2026-01-28 15:02:02,329 - INFO - [2023BPix] MISSING_CENTRAL: WZ3Mu/Central/ZCand/pt in Skim_TriLep_TTG_PTG200toInf.root
2026-01-28 15:02:02,335 - INFO - [2023BPix] MISSING_FILE: /home/choij/Sync/workspace/ChargedHiggsAnalysisV3/SKNanoOutput/PromptAnalyzer/Run3Mu_RunNoWZSF_RunSyst_RunCR_NoTreeMode/2023BPix/Skim_TriLep_ZZTo4L_powheg.root
2026-01-28 15:02:02,338 - INFO - [2023BPix] MISSING_FILE: /home/choij/Sync/workspace/ChargedHiggsAnalysisV3/SKNanoOutput/PromptAnalyzer/Run3Mu_RunNoWZSF_RunSyst_RunCR_NoTreeMode/2023BPix/Skim_TriLep_VBFHToZZTo4L.root
2026-01-28 15:02:02,338 - INFO - [2023BPix] MISSING_FILE: /home/choij/Sync/workspace/ChargedHiggsAnalysisV3/SKNanoOutput/PromptAnalyzer/Run3Mu_RunNoWZSF_RunSyst_RunCR_NoTreeMode/2023BPix/Skim_TriLep_ggHToZZTo4L.root
2026-01-28 15:14:30,914 - INFO - [2022] MISSING_CENTRAL: WZ3Mu/Central/ZCand/pt in Skim_TriLep_DYJets.root
2026-01-28 15:14:30,915 - INFO - [2022] MISSING_CENTRAL: WZ3Mu/Central/ZCand/pt in Skim_TriLep_DYJets10to50.root
2026-01-28 15:14:30,915 - INFO - [2022] MISSING_CENTRAL: WZ3Mu/Central/ZCand/pt in Skim_TriLep_TTG_PTG10to100.root
2026-01-28 15:14:30,915 - INFO - [2022] MISSING_CENTRAL: WZ3Mu/Central/ZCand/pt in Skim_TriLep_TTG_PTG100to200.root
2026-01-28 15:14:30,916 - INFO - [2022] MISSING_CENTRAL: WZ3Mu/Central/ZCand/pt in Skim_TriLep_TTG_PTG200toInf.root
2026-01-28 15:14:31,146 - INFO - [2022EE] MISSING_CENTRAL: WZ3Mu/Central/ZCand/pt in Skim_TriLep_DYJets.root
2026-01-28 15:14:31,147 - INFO - [2022EE] MISSING_CENTRAL: WZ3Mu/Central/ZCand/pt in Skim_TriLep_DYJets10to50.root
2026-01-28 15:14:31,436 - INFO - [2023] MISSING_CENTRAL: WZ3Mu/Central/ZCand/pt in Skim_TriLep_DYJets10to50.root
2026-01-28 15:14:31,452 - INFO - [2023] MISSING_CENTRAL: WZ3Mu/Central/ZCand/pt in Skim_TriLep_TTG_PTG100to200.root
2026-01-28 15:14:31,452 - INFO - [2023] MISSING_CENTRAL: WZ3Mu/Central/ZCand/pt in Skim_TriLep_TTG_PTG200toInf.root
2026-01-28 15:14:31,700 - INFO - [2023BPix] MISSING_CENTRAL: WZ3Mu/Central/ZCand/pt in Skim_TriLep_DYJets10to50.root
2026-01-28 15:14:31,715 - INFO - [2023BPix] MISSING_CENTRAL: WZ3Mu/Central/ZCand/pt in Skim_TriLep_TTG_PTG100to200.root
2026-01-28 15:14:31,716 - INFO - [2023BPix] MISSING_CENTRAL: WZ3Mu/Central/ZCand/pt in Skim_TriLep_TTG_PTG200toInf.root
2026-01-28 15:14:36,738 - INFO - [2022] MISSING_CENTRAL: WZ3Mu/Central/ZCand/pt in Skim_TriLep_DYJets.root
2026-01-28 15:14:36,738 - INFO - [2022] MISSING_CENTRAL: WZ3Mu/Central/ZCand/pt in Skim_TriLep_DYJets10to50.root
2026-01-28 15:14:36,738 - INFO - [2022] MISSING_CENTRAL: WZ3Mu/Central/ZCand/pt in Skim_TriLep_TTG_PTG10to100.root
2026-01-28 15:14:36,739 - INFO - [2022] MISSING_CENTRAL: WZ3Mu/Central/ZCand/pt in Skim_TriLep_TTG_PTG100to200.root
2026-01-28 15:14:36,739 - INFO - [2022] MISSING_CENTRAL: WZ3Mu/Central/ZCand/pt in Skim_TriLep_TTG_PTG200toInf.root
2026-01-28 15:14:36,750 - INFO - [2022] MISSING_FILE: /home/choij/Sync/workspace/ChargedHiggsAnalysisV3/SKNanoOutput/PromptAnalyzer/Run3Mu_RunNoWZSF_RunSyst_RunCR_NoTreeMode/2022/Skim_TriLep_ZZTo4L_powheg.root
2026-01-28 15:14:36,753 - INFO - [2022] MISSING_FILE: /home/choij/Sync/workspace/ChargedHiggsAnalysisV3/SKNanoOutput/PromptAnalyzer/Run3Mu_RunNoWZSF_RunSyst_RunCR_NoTreeMode/2022/Skim_TriLep_VBFHToZZTo4L.root
2026-01-28 15:14:36,753 - INFO - [2022] MISSING_FILE: /home/choij/Sync/workspace/ChargedHiggsAnalysisV3/SKNanoOutput/PromptAnalyzer/Run3Mu_RunNoWZSF_RunSyst_RunCR_NoTreeMode/2022/Skim_TriLep_ggHToZZTo4L.root
2026-01-28 15:14:36,755 - INFO - [2022EE] MISSING_CENTRAL: WZ3Mu/Central/ZCand/pt in Skim_TriLep_DYJets.root
2026-01-28 15:14:36,756 - INFO - [2022EE] MISSING_CENTRAL: WZ3Mu/Central/ZCand/pt in Skim_TriLep_DYJets10to50.root
2026-01-28 15:14:36,765 - INFO - [2022EE] MISSING_FILE: /home/choij/Sync/workspace/ChargedHiggsAnalysisV3/SKNanoOutput/PromptAnalyzer/Run3Mu_RunNoWZSF_RunSyst_RunCR_NoTreeMode/2022EE/Skim_TriLep_ZZTo4L_powheg.root
2026-01-28 15:14:36,768 - INFO - [2022EE] MISSING_FILE: /home/choij/Sync/workspace/ChargedHiggsAnalysisV3/SKNanoOutput/PromptAnalyzer/Run3Mu_RunNoWZSF_RunSyst_RunCR_NoTreeMode/2022EE/Skim_TriLep_VBFHToZZTo4L.root
2026-01-28 15:14:36,768 - INFO - [2022EE] MISSING_FILE: /home/choij/Sync/workspace/ChargedHiggsAnalysisV3/SKNanoOutput/PromptAnalyzer/Run3Mu_RunNoWZSF_RunSyst_RunCR_NoTreeMode/2022EE/Skim_TriLep_ggHToZZTo4L.root
2026-01-28 15:14:36,775 - INFO - [2023] MISSING_CENTRAL: WZ3Mu/Central/ZCand/pt in Skim_TriLep_DYJets10to50.root
2026-01-28 15:14:36,776 - INFO - [2023] MISSING_CENTRAL: WZ3Mu/Central/ZCand/pt in Skim_TriLep_TTG_PTG100to200.root
2026-01-28 15:14:36,777 - INFO - [2023] MISSING_CENTRAL: WZ3Mu/Central/ZCand/pt in Skim_TriLep_TTG_PTG200toInf.root
2026-01-28 15:14:36,783 - INFO - [2023] MISSING_FILE: /home/choij/Sync/workspace/ChargedHiggsAnalysisV3/SKNanoOutput/PromptAnalyzer/Run3Mu_RunNoWZSF_RunSyst_RunCR_NoTreeMode/2023/Skim_TriLep_ZZTo4L_powheg.root
2026-01-28 15:14:36,785 - INFO - [2023] MISSING_FILE: /home/choij/Sync/workspace/ChargedHiggsAnalysisV3/SKNanoOutput/PromptAnalyzer/Run3Mu_RunNoWZSF_RunSyst_RunCR_NoTreeMode/2023/Skim_TriLep_VBFHToZZTo4L.root
2026-01-28 15:14:36,786 - INFO - [2023] MISSING_FILE: /home/choij/Sync/workspace/ChargedHiggsAnalysisV3/SKNanoOutput/PromptAnalyzer/Run3Mu_RunNoWZSF_RunSyst_RunCR_NoTreeMode/2023/Skim_TriLep_ggHToZZTo4L.root
2026-01-28 15:14:36,790 - INFO - [2023BPix] MISSING_CENTRAL: WZ3Mu/Central/ZCand/pt in Skim_TriLep_DYJets10to50.root
2026-01-28 15:14:36,791 - INFO - [2023BPix] MISSING_CENTRAL: WZ3Mu/Central/ZCand/pt in Skim_TriLep_TTG_PTG100to200.root
2026-01-28 15:14:36,792 - INFO - [2023BPix] MISSING_CENTRAL: WZ3Mu/Central/ZCand/pt in Skim_TriLep_TTG_PTG200toInf.root
2026-01-28 15:14:36,798 - INFO - [2023BPix] MISSING_FILE: /home/choij/Sync/workspace/ChargedHiggsAnalysisV3/SKNanoOutput/PromptAnalyzer/Run3Mu_RunNoWZSF_RunSyst_RunCR_NoTreeMode/2023BPix/Skim_TriLep_ZZTo4L_powheg.root
2026-01-28 15:14:36,800 - INFO - [2023BPix] MISSING_FILE: /home/choij/Sync/workspace/ChargedHiggsAnalysisV3/SKNanoOutput/PromptAnalyzer/Run3Mu_RunNoWZSF_RunSyst_RunCR_NoTreeMode/2023BPix/Skim_TriLep_VBFHToZZTo4L.root
2026-01-28 15:14:36,800 - INFO - [2023BPix] MISSING_FILE: /home/choij/Sync/workspace/ChargedHiggsAnalysisV3/SKNanoOutput/PromptAnalyzer/Run3Mu_RunNoWZSF_RunSyst_RunCR_NoTreeMode/2023BPix/Skim_TriLep_ggHToZZTo4L.root
2026-01-28 17:09:10,095 - INFO - [2022] MISSING_CENTRAL: WZ3Mu/Central/ZCand/pt in Skim_TriLep_DYJets.root
2026-01-28 17:09:10,096 - INFO - [2022] MISSING_CENTRAL: WZ3Mu/Central/ZCand/pt in Skim_TriLep_DYJets10to50.root
2026-01-28 17:09:10,096 - INFO - [2022] MISSING_CENTRAL: WZ3Mu/Central/ZCand/pt in Skim_TriLep_TTG_PTG10to100.root
2026-01-28 17:09:10,096 - INFO - [2022] MISSING_CENTRAL: WZ3Mu/Central/ZCand/pt in Skim_TriLep_TTG_PTG100to200.root
2026-01-28 17:09:10,097 - INFO - [2022] MISSING_CENTRAL: WZ3Mu/Central/ZCand/pt in Skim_TriLep_TTG_PTG200toInf.root
2026-01-28 17:09:10,328 - INFO - [2022EE] MISSING_CENTRAL: WZ3Mu/Central/ZCand/pt in Skim_TriLep_DYJets.root
2026-01-28 17:09:10,328 - INFO - [2022EE] MISSING_CENTRAL: WZ3Mu/Central/ZCand/pt in Skim_TriLep_DYJets10to50.root
2026-01-28 17:09:10,445 - INFO - [2022EE] MISSING_FILE: /home/choij/Sync/workspace/ChargedHiggsAnalysisV3/SKNanoOutput/PromptAnalyzer/Run3Mu_RunSyst_RunCR_NoTreeMode/2022EE/Skim_TriLep_WZTo3LNu_powheg.root
2026-01-28 17:09:10,600 - INFO - [2023] MISSING_CENTRAL: WZ3Mu/Central/ZCand/pt in Skim_TriLep_DYJets10to50.root
2026-01-28 17:09:10,616 - INFO - [2023] MISSING_CENTRAL: WZ3Mu/Central/ZCand/pt in Skim_TriLep_TTG_PTG100to200.root
2026-01-28 17:09:10,616 - INFO - [2023] MISSING_CENTRAL: WZ3Mu/Central/ZCand/pt in Skim_TriLep_TTG_PTG200toInf.root
2026-01-28 17:09:10,692 - INFO - [2023] MISSING_FILE: /home/choij/Sync/workspace/ChargedHiggsAnalysisV3/SKNanoOutput/PromptAnalyzer/Run3Mu_RunSyst_RunCR_NoTreeMode/2023/Skim_TriLep_WZTo3LNu_powheg.root
2026-01-28 17:09:10,842 - INFO - [2023BPix] MISSING_CENTRAL: WZ3Mu/Central/ZCand/pt in Skim_TriLep_DYJets10to50.root
2026-01-28 17:09:10,859 - INFO - [2023BPix] MISSING_CENTRAL: WZ3Mu/Central/ZCand/pt in Skim_TriLep_TTG_PTG100to200.root
2026-01-28 17:09:10,860 - INFO - [2023BPix] MISSING_CENTRAL: WZ3Mu/Central/ZCand/pt in Skim_TriLep_TTG_PTG200toInf.root
2026-01-28 17:09:16,462 - INFO - [2022] MISSING_CENTRAL: WZ3Mu/Central/ZCand/pt in Skim_TriLep_DYJets.root
2026-01-28 17:09:16,462 - INFO - [2022] MISSING_CENTRAL: WZ3Mu/Central/ZCand/pt in Skim_TriLep_DYJets10to50.root
2026-01-28 17:09:16,463 - INFO - [2022] MISSING_CENTRAL: WZ3Mu/Central/ZCand/pt in Skim_TriLep_TTG_PTG10to100.root
2026-01-28 17:09:16,463 - INFO - [2022] MISSING_CENTRAL: WZ3Mu/Central/ZCand/pt in Skim_TriLep_TTG_PTG100to200.root
2026-01-28 17:09:16,464 - INFO - [2022] MISSING_CENTRAL: WZ3Mu/Central/ZCand/pt in Skim_TriLep_TTG_PTG200toInf.root
2026-01-28 17:09:16,480 - INFO - [2022] MISSING_FILE: /home/choij/Sync/workspace/ChargedHiggsAnalysisV3/SKNanoOutput/PromptAnalyzer/Run3Mu_RunNoWZSF_RunSyst_RunCR_NoTreeMode/2022/Skim_TriLep_ZZTo4L_powheg.root
2026-01-28 17:09:16,483 - INFO - [2022] MISSING_FILE: /home/choij/Sync/workspace/ChargedHiggsAnalysisV3/SKNanoOutput/PromptAnalyzer/Run3Mu_RunNoWZSF_RunSyst_RunCR_NoTreeMode/2022/Skim_TriLep_VBFHToZZTo4L.root
2026-01-28 17:09:16,483 - INFO - [2022] MISSING_FILE: /home/choij/Sync/workspace/ChargedHiggsAnalysisV3/SKNanoOutput/PromptAnalyzer/Run3Mu_RunNoWZSF_RunSyst_RunCR_NoTreeMode/2022/Skim_TriLep_ggHToZZTo4L.root
2026-01-28 17:09:16,487 - INFO - [2022EE] MISSING_CENTRAL: WZ3Mu/Central/ZCand/pt in Skim_TriLep_DYJets.root
2026-01-28 17:09:16,487 - INFO - [2022EE] MISSING_CENTRAL: WZ3Mu/Central/ZCand/pt in Skim_TriLep_DYJets10to50.root
2026-01-28 17:09:16,501 - INFO - [2022EE] MISSING_FILE: /home/choij/Sync/workspace/ChargedHiggsAnalysisV3/SKNanoOutput/PromptAnalyzer/Run3Mu_RunNoWZSF_RunSyst_RunCR_NoTreeMode/2022EE/Skim_TriLep_ZZTo4L_powheg.root
2026-01-28 17:09:16,504 - INFO - [2022EE] MISSING_FILE: /home/choij/Sync/workspace/ChargedHiggsAnalysisV3/SKNanoOutput/PromptAnalyzer/Run3Mu_RunNoWZSF_RunSyst_RunCR_NoTreeMode/2022EE/Skim_TriLep_VBFHToZZTo4L.root
2026-01-28 17:09:16,504 - INFO - [2022EE] MISSING_FILE: /home/choij/Sync/workspace/ChargedHiggsAnalysisV3/SKNanoOutput/PromptAnalyzer/Run3Mu_RunNoWZSF_RunSyst_RunCR_NoTreeMode/2022EE/Skim_TriLep_ggHToZZTo4L.root
2026-01-28 17:09:16,514 - INFO - [2023] MISSING_CENTRAL: WZ3Mu/Central/ZCand/pt in Skim_TriLep_DYJets10to50.root
2026-01-28 17:09:16,516 - INFO - [2023] MISSING_CENTRAL: WZ3Mu/Central/ZCand/pt in Skim_TriLep_TTG_PTG100to200.root
2026-01-28 17:09:16,517 - INFO - [2023] MISSING_CENTRAL: WZ3Mu/Central/ZCand/pt in Skim_TriLep_TTG_PTG200toInf.root
2026-01-28 17:09:16,526 - INFO - [2023] MISSING_FILE: /home/choij/Sync/workspace/ChargedHiggsAnalysisV3/SKNanoOutput/PromptAnalyzer/Run3Mu_RunNoWZSF_RunSyst_RunCR_NoTreeMode/2023/Skim_TriLep_ZZTo4L_powheg.root
2026-01-28 17:09:16,530 - INFO - [2023] MISSING_FILE: /home/choij/Sync/workspace/ChargedHiggsAnalysisV3/SKNanoOutput/PromptAnalyzer/Run3Mu_RunNoWZSF_RunSyst_RunCR_NoTreeMode/2023/Skim_TriLep_VBFHToZZTo4L.root
2026-01-28 17:09:16,530 - INFO - [2023] MISSING_FILE: /home/choij/Sync/workspace/ChargedHiggsAnalysisV3/SKNanoOutput/PromptAnalyzer/Run3Mu_RunNoWZSF_RunSyst_RunCR_NoTreeMode/2023/Skim_TriLep_ggHToZZTo4L.root
2026-01-28 17:09:16,536 - INFO - [2023BPix] MISSING_CENTRAL: WZ3Mu/Central/ZCand/pt in Skim_TriLep_DYJets10to50.root
2026-01-28 17:09:16,538 - INFO - [2023BPix] MISSING_CENTRAL: WZ3Mu/Central/ZCand/pt in Skim_TriLep_TTG_PTG100to200.root
2026-01-28 17:09:16,538 - INFO - [2023BPix] MISSING_CENTRAL: WZ3Mu/Central/ZCand/pt in Skim_TriLep_TTG_PTG200toInf.root
2026-01-28 17:09:16,547 - INFO - [2023BPix] MISSING_FILE: /home/choij/Sync/workspace/ChargedHiggsAnalysisV3/SKNanoOutput/PromptAnalyzer/Run3Mu_RunNoWZSF_RunSyst_RunCR_NoTreeMode/2023BPix/Skim_TriLep_ZZTo4L_powheg.root
2026-01-28 17:09:16,551 - INFO - [2023BPix] MISSING_FILE: /home/choij/Sync/workspace/ChargedHiggsAnalysisV3/SKNanoOutput/PromptAnalyzer/Run3Mu_RunNoWZSF_RunSyst_RunCR_NoTreeMode/2023BPix/Skim_TriLep_VBFHToZZTo4L.root
2026-01-28 17:09:16,551 - INFO - [2023BPix] MISSING_FILE: /home/choij/Sync/workspace/ChargedHiggsAnalysisV3/SKNanoOutput/PromptAnalyzer/Run3Mu_RunNoWZSF_RunSyst_RunCR_NoTreeMode/2023BPix/Skim_TriLep_ggHToZZTo4L.root
2026-01-28 17:29:40,516 - INFO - [2022] MISSING_CENTRAL: WZ3Mu/Central/ZCand/pt in Skim_TriLep_DYJets.root
2026-01-28 17:29:40,516 - INFO - [2022] MISSING_CENTRAL: WZ3Mu/Central/ZCand/pt in Skim_TriLep_DYJets10to50.root
2026-01-28 17:29:40,517 - INFO - [2022] MISSING_CENTRAL: WZ3Mu/Central/ZCand/pt in Skim_TriLep_TTG_PTG10to100.root
2026-01-28 17:29:40,517 - INFO - [2022] MISSING_CENTRAL: WZ3Mu/Central/ZCand/pt in Skim_TriLep_TTG_PTG100to200.root
2026-01-28 17:29:40,517 - INFO - [2022] MISSING_CENTRAL: WZ3Mu/Central/ZCand/pt in Skim_TriLep_TTG_PTG200toInf.root
2026-01-28 17:29:40,744 - INFO - [2022EE] MISSING_CENTRAL: WZ3Mu/Central/ZCand/pt in Skim_TriLep_DYJets.root
2026-01-28 17:29:40,744 - INFO - [2022EE] MISSING_CENTRAL: WZ3Mu/Central/ZCand/pt in Skim_TriLep_DYJets10to50.root
2026-01-28 17:29:40,862 - INFO - [2022EE] MISSING_FILE: /home/choij/Sync/workspace/ChargedHiggsAnalysisV3/SKNanoOutput/PromptAnalyzer/Run3Mu_RunSyst_RunCR_NoTreeMode/2022EE/Skim_TriLep_WZTo3LNu_powheg.root
2026-01-28 17:29:41,016 - INFO - [2023] MISSING_CENTRAL: WZ3Mu/Central/ZCand/pt in Skim_TriLep_DYJets10to50.root
2026-01-28 17:29:41,031 - INFO - [2023] MISSING_CENTRAL: WZ3Mu/Central/ZCand/pt in Skim_TriLep_TTG_PTG100to200.root
2026-01-28 17:29:41,031 - INFO - [2023] MISSING_CENTRAL: WZ3Mu/Central/ZCand/pt in Skim_TriLep_TTG_PTG200toInf.root
2026-01-28 17:29:41,107 - INFO - [2023] MISSING_FILE: /home/choij/Sync/workspace/ChargedHiggsAnalysisV3/SKNanoOutput/PromptAnalyzer/Run3Mu_RunSyst_RunCR_NoTreeMode/2023/Skim_TriLep_WZTo3LNu_powheg.root
2026-01-28 17:29:41,254 - INFO - [2023BPix] MISSING_CENTRAL: WZ3Mu/Central/ZCand/pt in Skim_TriLep_DYJets10to50.root
2026-01-28 17:29:41,268 - INFO - [2023BPix] MISSING_CENTRAL: WZ3Mu/Central/ZCand/pt in Skim_TriLep_TTG_PTG100to200.root
2026-01-28 17:29:41,269 - INFO - [2023BPix] MISSING_CENTRAL: WZ3Mu/Central/ZCand/pt in Skim_TriLep_TTG_PTG200toInf.root
2026-01-28 17:29:46,305 - INFO - [2022] MISSING_CENTRAL: WZ3Mu/Central/ZCand/pt in Skim_TriLep_DYJets.root
2026-01-28 17:29:46,305 - INFO - [2022] MISSING_CENTRAL: WZ3Mu/Central/ZCand/pt in Skim_TriLep_DYJets10to50.root
2026-01-28 17:29:46,305 - INFO - [2022] MISSING_CENTRAL: WZ3Mu/Central/ZCand/pt in Skim_TriLep_TTG_PTG10to100.root
2026-01-28 17:29:46,306 - INFO - [2022] MISSING_CENTRAL: WZ3Mu/Central/ZCand/pt in Skim_TriLep_TTG_PTG100to200.root
2026-01-28 17:29:46,306 - INFO - [2022] MISSING_CENTRAL: WZ3Mu/Central/ZCand/pt in Skim_TriLep_TTG_PTG200toInf.root
2026-01-28 17:29:46,322 - INFO - [2022] MISSING_FILE: /home/choij/Sync/workspace/ChargedHiggsAnalysisV3/SKNanoOutput/PromptAnalyzer/Run3Mu_RunNoWZSF_RunSyst_RunCR_NoTreeMode/2022/Skim_TriLep_ZZTo4L_powheg.root
2026-01-28 17:29:46,326 - INFO - [2022] MISSING_FILE: /home/choij/Sync/workspace/ChargedHiggsAnalysisV3/SKNanoOutput/PromptAnalyzer/Run3Mu_RunNoWZSF_RunSyst_RunCR_NoTreeMode/2022/Skim_TriLep_VBFHToZZTo4L.root
2026-01-28 17:29:46,326 - INFO - [2022] MISSING_FILE: /home/choij/Sync/workspace/ChargedHiggsAnalysisV3/SKNanoOutput/PromptAnalyzer/Run3Mu_RunNoWZSF_RunSyst_RunCR_NoTreeMode/2022/Skim_TriLep_ggHToZZTo4L.root
2026-01-28 17:29:46,329 - INFO - [2022EE] MISSING_CENTRAL: WZ3Mu/Central/ZCand/pt in Skim_TriLep_DYJets.root
2026-01-28 17:29:46,330 - INFO - [2022EE] MISSING_CENTRAL: WZ3Mu/Central/ZCand/pt in Skim_TriLep_DYJets10to50.root
2026-01-28 17:29:46,344 - INFO - [2022EE] MISSING_FILE: /home/choij/Sync/workspace/ChargedHiggsAnalysisV3/SKNanoOutput/PromptAnalyzer/Run3Mu_RunNoWZSF_RunSyst_RunCR_NoTreeMode/2022EE/Skim_TriLep_ZZTo4L_powheg.root
2026-01-28 17:29:46,347 - INFO - [2022EE] MISSING_FILE: /home/choij/Sync/workspace/ChargedHiggsAnalysisV3/SKNanoOutput/PromptAnalyzer/Run3Mu_RunNoWZSF_RunSyst_RunCR_NoTreeMode/2022EE/Skim_TriLep_VBFHToZZTo4L.root
2026-01-28 17:29:46,348 - INFO - [2022EE] MISSING_FILE: /home/choij/Sync/workspace/ChargedHiggsAnalysisV3/SKNanoOutput/PromptAnalyzer/Run3Mu_RunNoWZSF_RunSyst_RunCR_NoTreeMode/2022EE/Skim_TriLep_ggHToZZTo4L.root
2026-01-28 17:29:46,358 - INFO - [2023] MISSING_CENTRAL: WZ3Mu/Central/ZCand/pt in Skim_TriLep_DYJets10to50.root
2026-01-28 17:29:46,360 - INFO - [2023] MISSING_CENTRAL: WZ3Mu/Central/ZCand/pt in Skim_TriLep_TTG_PTG100to200.root
2026-01-28 17:29:46,360 - INFO - [2023] MISSING_CENTRAL: WZ3Mu/Central/ZCand/pt in Skim_TriLep_TTG_PTG200toInf.root
2026-01-28 17:29:46,369 - INFO - [2023] MISSING_FILE: /home/choij/Sync/workspace/ChargedHiggsAnalysisV3/SKNanoOutput/PromptAnalyzer/Run3Mu_RunNoWZSF_RunSyst_RunCR_NoTreeMode/2023/Skim_TriLep_ZZTo4L_powheg.root
2026-01-28 17:29:46,373 - INFO - [2023] MISSING_FILE: /home/choij/Sync/workspace/ChargedHiggsAnalysisV3/SKNanoOutput/PromptAnalyzer/Run3Mu_RunNoWZSF_RunSyst_RunCR_NoTreeMode/2023/Skim_TriLep_VBFHToZZTo4L.root
2026-01-28 17:29:46,373 - INFO - [2023] MISSING_FILE: /home/choij/Sync/workspace/ChargedHiggsAnalysisV3/SKNanoOutput/PromptAnalyzer/Run3Mu_RunNoWZSF_RunSyst_RunCR_NoTreeMode/2023/Skim_TriLep_ggHToZZTo4L.root
2026-01-28 17:29:46,379 - INFO - [2023BPix] MISSING_CENTRAL: WZ3Mu/Central/ZCand/pt in Skim_TriLep_DYJets10to50.root
2026-01-28 17:29:46,381 - INFO - [2023BPix] MISSING_CENTRAL: WZ3Mu/Central/ZCand/pt in Skim_TriLep_TTG_PTG100to200.root
2026-01-28 17:29:46,381 - INFO - [2023BPix] MISSING_CENTRAL: WZ3Mu/Central/ZCand/pt in Skim_TriLep_TTG_PTG200toInf.root
2026-01-28 17:29:46,390 - INFO - [2023BPix] MISSING_FILE: /home/choij/Sync/workspace/ChargedHiggsAnalysisV3/SKNanoOutput/PromptAnalyzer/Run3Mu_RunNoWZSF_RunSyst_RunCR_NoTreeMode/2023BPix/Skim_TriLep_ZZTo4L_powheg.root
2026-01-28 17:29:46,394 - INFO - [2023BPix] MISSING_FILE: /home/choij/Sync/workspace/ChargedHiggsAnalysisV3/SKNanoOutput/PromptAnalyzer/Run3Mu_RunNoWZSF_RunSyst_RunCR_NoTreeMode/2023BPix/Skim_TriLep_VBFHToZZTo4L.root
2026-01-28 17:29:46,394 - INFO - [2023BPix] MISSING_FILE: /home/choij/Sync/workspace/ChargedHiggsAnalysisV3/SKNanoOutput/PromptAnalyzer/Run3Mu_RunNoWZSF_RunSyst_RunCR_NoTreeMode/2023BPix/Skim_TriLep_ggHToZZTo4L.root
2026-01-28 20:03:29,421 - INFO - [2022] MISSING_CENTRAL: WZ3Mu/Central/ZCand/pt in Skim_TriLep_DYJets.root
2026-01-28 20:03:29,422 - INFO - [2022] MISSING_CENTRAL: WZ3Mu/Central/ZCand/pt in Skim_TriLep_DYJets10to50.root
2026-01-28 20:03:29,422 - INFO - [2022] MISSING_CENTRAL: WZ3Mu/Central/ZCand/pt in Skim_TriLep_TTG_PTG10to100.root
2026-01-28 20:03:29,423 - INFO - [2022] MISSING_CENTRAL: WZ3Mu/Central/ZCand/pt in Skim_TriLep_TTG_PTG100to200.root
2026-01-28 20:03:29,423 - INFO - [2022] MISSING_CENTRAL: WZ3Mu/Central/ZCand/pt in Skim_TriLep_TTG_PTG200toInf.root
2026-01-28 20:03:29,752 - INFO - [2022EE] MISSING_CENTRAL: WZ3Mu/Central/ZCand/pt in Skim_TriLep_DYJets.root
2026-01-28 20:03:29,752 - INFO - [2022EE] MISSING_CENTRAL: WZ3Mu/Central/ZCand/pt in Skim_TriLep_DYJets10to50.root
2026-01-28 20:03:30,120 - INFO - [2023] MISSING_CENTRAL: WZ3Mu/Central/ZCand/pt in Skim_TriLep_DYJets10to50.root
2026-01-28 20:03:30,135 - INFO - [2023] MISSING_CENTRAL: WZ3Mu/Central/ZCand/pt in Skim_TriLep_TTG_PTG100to200.root
2026-01-28 20:03:30,135 - INFO - [2023] MISSING_CENTRAL: WZ3Mu/Central/ZCand/pt in Skim_TriLep_TTG_PTG200toInf.root
2026-01-28 20:03:30,381 - INFO - [2023BPix] MISSING_CENTRAL: WZ3Mu/Central/ZCand/pt in Skim_TriLep_DYJets10to50.root
2026-01-28 20:03:30,395 - INFO - [2023BPix] MISSING_CENTRAL: WZ3Mu/Central/ZCand/pt in Skim_TriLep_TTG_PTG100to200.root
2026-01-28 20:03:30,396 - INFO - [2023BPix] MISSING_CENTRAL: WZ3Mu/Central/ZCand/pt in Skim_TriLep_TTG_PTG200toInf.root
2026-01-28 20:03:35,785 - INFO - [2022] MISSING_CENTRAL: WZ3Mu/Central/ZCand/pt in Skim_TriLep_DYJets.root
2026-01-28 20:03:35,785 - INFO - [2022] MISSING_CENTRAL: WZ3Mu/Central/ZCand/pt in Skim_TriLep_DYJets10to50.root
2026-01-28 20:03:35,786 - INFO - [2022] MISSING_CENTRAL: WZ3Mu/Central/ZCand/pt in Skim_TriLep_TTG_PTG10to100.root
2026-01-28 20:03:35,786 - INFO - [2022] MISSING_CENTRAL: WZ3Mu/Central/ZCand/pt in Skim_TriLep_TTG_PTG100to200.root
2026-01-28 20:03:35,786 - INFO - [2022] MISSING_CENTRAL: WZ3Mu/Central/ZCand/pt in Skim_TriLep_TTG_PTG200toInf.root
2026-01-28 20:03:35,800 - INFO - [2022] MISSING_FILE: /home/choij/Sync/workspace/ChargedHiggsAnalysisV3/SKNanoOutput/PromptAnalyzer/Run3Mu_RunNoWZSF_RunSyst_RunCR_NoTreeMode/2022/Skim_TriLep_ZZTo4L_powheg.root
2026-01-28 20:03:35,803 - INFO - [2022] MISSING_FILE: /home/choij/Sync/workspace/ChargedHiggsAnalysisV3/SKNanoOutput/PromptAnalyzer/Run3Mu_RunNoWZSF_RunSyst_RunCR_NoTreeMode/2022/Skim_TriLep_VBFHToZZTo4L.root
2026-01-28 20:03:35,803 - INFO - [2022] MISSING_FILE: /home/choij/Sync/workspace/ChargedHiggsAnalysisV3/SKNanoOutput/PromptAnalyzer/Run3Mu_RunNoWZSF_RunSyst_RunCR_NoTreeMode/2022/Skim_TriLep_ggHToZZTo4L.root
2026-01-28 20:03:35,805 - INFO - [2022EE] MISSING_CENTRAL: WZ3Mu/Central/ZCand/pt in Skim_TriLep_DYJets.root
2026-01-28 20:03:35,806 - INFO - [2022EE] MISSING_CENTRAL: WZ3Mu/Central/ZCand/pt in Skim_TriLep_DYJets10to50.root
2026-01-28 20:03:35,815 - INFO - [2022EE] MISSING_FILE: /home/choij/Sync/workspace/ChargedHiggsAnalysisV3/SKNanoOutput/PromptAnalyzer/Run3Mu_RunNoWZSF_RunSyst_RunCR_NoTreeMode/2022EE/Skim_TriLep_ZZTo4L_powheg.root
2026-01-28 20:03:35,818 - INFO - [2022EE] MISSING_FILE: /home/choij/Sync/workspace/ChargedHiggsAnalysisV3/SKNanoOutput/PromptAnalyzer/Run3Mu_RunNoWZSF_RunSyst_RunCR_NoTreeMode/2022EE/Skim_TriLep_VBFHToZZTo4L.root
2026-01-28 20:03:35,818 - INFO - [2022EE] MISSING_FILE: /home/choij/Sync/workspace/ChargedHiggsAnalysisV3/SKNanoOutput/PromptAnalyzer/Run3Mu_RunNoWZSF_RunSyst_RunCR_NoTreeMode/2022EE/Skim_TriLep_ggHToZZTo4L.root
2026-01-28 20:03:35,825 - INFO - [2023] MISSING_CENTRAL: WZ3Mu/Central/ZCand/pt in Skim_TriLep_DYJets10to50.root
2026-01-28 20:03:35,827 - INFO - [2023] MISSING_CENTRAL: WZ3Mu/Central/ZCand/pt in Skim_TriLep_TTG_PTG100to200.root
2026-01-28 20:03:35,827 - INFO - [2023] MISSING_CENTRAL: WZ3Mu/Central/ZCand/pt in Skim_TriLep_TTG_PTG200toInf.root
2026-01-28 20:03:35,834 - INFO - [2023] MISSING_FILE: /home/choij/Sync/workspace/ChargedHiggsAnalysisV3/SKNanoOutput/PromptAnalyzer/Run3Mu_RunNoWZSF_RunSyst_RunCR_NoTreeMode/2023/Skim_TriLep_ZZTo4L_powheg.root
2026-01-28 20:03:35,836 - INFO - [2023] MISSING_FILE: /home/choij/Sync/workspace/ChargedHiggsAnalysisV3/SKNanoOutput/PromptAnalyzer/Run3Mu_RunNoWZSF_RunSyst_RunCR_NoTreeMode/2023/Skim_TriLep_VBFHToZZTo4L.root
2026-01-28 20:03:35,836 - INFO - [2023] MISSING_FILE: /home/choij/Sync/workspace/ChargedHiggsAnalysisV3/SKNanoOutput/PromptAnalyzer/Run3Mu_RunNoWZSF_RunSyst_RunCR_NoTreeMode/2023/Skim_TriLep_ggHToZZTo4L.root
2026-01-28 20:03:35,841 - INFO - [2023BPix] MISSING_CENTRAL: WZ3Mu/Central/ZCand/pt in Skim_TriLep_DYJets10to50.root
2026-01-28 20:03:35,844 - INFO - [2023BPix] MISSING_CENTRAL: WZ3Mu/Central/ZCand/pt in Skim_TriLep_TTG_PTG100to200.root
2026-01-28 20:03:35,844 - INFO - [2023BPix] MISSING_CENTRAL: WZ3Mu/Central/ZCand/pt in Skim_TriLep_TTG_PTG200toInf.root
2026-01-28 20:03:35,853 - INFO - [2023BPix] MISSING_FILE: /home/choij/Sync/workspace/ChargedHiggsAnalysisV3/SKNanoOutput/PromptAnalyzer/Run3Mu_RunNoWZSF_RunSyst_RunCR_NoTreeMode/2023BPix/Skim_TriLep_ZZTo4L_powheg.root
2026-01-28 20:03:35,857 - INFO - [2023BPix] MISSING_FILE: /home/choij/Sync/workspace/ChargedHiggsAnalysisV3/SKNanoOutput/PromptAnalyzer/Run3Mu_RunNoWZSF_RunSyst_RunCR_NoTreeMode/2023BPix/Skim_TriLep_VBFHToZZTo4L.root
2026-01-28 20:03:35,857 - INFO - [2023BPix] MISSING_FILE: /home/choij/Sync/workspace/ChargedHiggsAnalysisV3/SKNanoOutput/PromptAnalyzer/Run3Mu_RunNoWZSF_RunSyst_RunCR_NoTreeMode/2023BPix/Skim_TriLep_ggHToZZTo4L.root
2026-01-29 07:19:57,223 - INFO - [2022] MISSING_CENTRAL: WZ3Mu/Central/ZCand/pt in Skim_TriLep_DYJets.root
2026-01-29 07:19:57,224 - INFO - [2022] MISSING_CENTRAL: WZ3Mu/Central/ZCand/pt in Skim_TriLep_DYJets10to50.root
2026-01-29 07:19:57,224 - INFO - [2022] MISSING_CENTRAL: WZ3Mu/Central/ZCand/pt in Skim_TriLep_TTG_PTG10to100.root
2026-01-29 07:19:57,224 - INFO - [2022] MISSING_CENTRAL: WZ3Mu/Central/ZCand/pt in Skim_TriLep_TTG_PTG100to200.root
2026-01-29 07:19:57,225 - INFO - [2022] MISSING_CENTRAL: WZ3Mu/Central/ZCand/pt in Skim_TriLep_TTG_PTG200toInf.root
2026-01-29 07:19:57,427 - INFO - [2022EE] MISSING_CENTRAL: WZ3Mu/Central/ZCand/pt in Skim_TriLep_DYJets.root
2026-01-29 07:19:57,427 - INFO - [2022EE] MISSING_CENTRAL: WZ3Mu/Central/ZCand/pt in Skim_TriLep_DYJets10to50.root
2026-01-29 07:19:57,696 - INFO - [2023] MISSING_CENTRAL: WZ3Mu/Central/ZCand/pt in Skim_TriLep_DYJets10to50.root
2026-01-29 07:19:57,710 - INFO - [2023] MISSING_CENTRAL: WZ3Mu/Central/ZCand/pt in Skim_TriLep_TTG_PTG100to200.root
2026-01-29 07:19:57,711 - INFO - [2023] MISSING_CENTRAL: WZ3Mu/Central/ZCand/pt in Skim_TriLep_TTG_PTG200toInf.root
2026-01-29 07:19:57,915 - INFO - [2023BPix] MISSING_CENTRAL: WZ3Mu/Central/ZCand/pt in Skim_TriLep_DYJets10to50.root
2026-01-29 07:19:57,924 - INFO - [2023BPix] MISSING_CENTRAL: WZ3Mu/Central/ZCand/pt in Skim_TriLep_TTG_PTG100to200.root
2026-01-29 07:19:57,925 - INFO - [2023BPix] MISSING_CENTRAL: WZ3Mu/Central/ZCand/pt in Skim_TriLep_TTG_PTG200toInf.root
2026-01-29 07:20:02,601 - INFO - [2022] MISSING_CENTRAL: WZ3Mu/Central/ZCand/pt in Skim_TriLep_DYJets.root
2026-01-29 07:20:02,602 - INFO - [2022] MISSING_CENTRAL: WZ3Mu/Central/ZCand/pt in Skim_TriLep_DYJets10to50.root
2026-01-29 07:20:02,602 - INFO - [2022] MISSING_CENTRAL: WZ3Mu/Central/ZCand/pt in Skim_TriLep_TTG_PTG10to100.root
2026-01-29 07:20:02,602 - INFO - [2022] MISSING_CENTRAL: WZ3Mu/Central/ZCand/pt in Skim_TriLep_TTG_PTG100to200.root
2026-01-29 07:20:02,603 - INFO - [2022] MISSING_CENTRAL: WZ3Mu/Central/ZCand/pt in Skim_TriLep_TTG_PTG200toInf.root
2026-01-29 07:20:02,612 - INFO - [2022] MISSING_FILE: /home/choij/Sync/workspace/ChargedHiggsAnalysisV3/SKNanoOutput/PromptAnalyzer/Run3Mu_RunNoWZSF_RunSyst_RunCR_NoTreeMode/2022/Skim_TriLep_ZZTo4L_powheg.root
2026-01-29 07:20:02,614 - INFO - [2022] MISSING_FILE: /home/choij/Sync/workspace/ChargedHiggsAnalysisV3/SKNanoOutput/PromptAnalyzer/Run3Mu_RunNoWZSF_RunSyst_RunCR_NoTreeMode/2022/Skim_TriLep_VBFHToZZTo4L.root
2026-01-29 07:20:02,614 - INFO - [2022] MISSING_FILE: /home/choij/Sync/workspace/ChargedHiggsAnalysisV3/SKNanoOutput/PromptAnalyzer/Run3Mu_RunNoWZSF_RunSyst_RunCR_NoTreeMode/2022/Skim_TriLep_ggHToZZTo4L.root
2026-01-29 07:20:02,616 - INFO - [2022EE] MISSING_CENTRAL: WZ3Mu/Central/ZCand/pt in Skim_TriLep_DYJets.root
2026-01-29 07:20:02,616 - INFO - [2022EE] MISSING_CENTRAL: WZ3Mu/Central/ZCand/pt in Skim_TriLep_DYJets10to50.root
2026-01-29 07:20:02,622 - INFO - [2022EE] MISSING_FILE: /home/choij/Sync/workspace/ChargedHiggsAnalysisV3/SKNanoOutput/PromptAnalyzer/Run3Mu_RunNoWZSF_RunSyst_RunCR_NoTreeMode/2022EE/Skim_TriLep_ZZTo4L_powheg.root
2026-01-29 07:20:02,625 - INFO - [2022EE] MISSING_FILE: /home/choij/Sync/workspace/ChargedHiggsAnalysisV3/SKNanoOutput/PromptAnalyzer/Run3Mu_RunNoWZSF_RunSyst_RunCR_NoTreeMode/2022EE/Skim_TriLep_VBFHToZZTo4L.root
2026-01-29 07:20:02,625 - INFO - [2022EE] MISSING_FILE: /home/choij/Sync/workspace/ChargedHiggsAnalysisV3/SKNanoOutput/PromptAnalyzer/Run3Mu_RunNoWZSF_RunSyst_RunCR_NoTreeMode/2022EE/Skim_TriLep_ggHToZZTo4L.root
2026-01-29 07:20:02,630 - INFO - [2023] MISSING_CENTRAL: WZ3Mu/Central/ZCand/pt in Skim_TriLep_DYJets10to50.root
2026-01-29 07:20:02,631 - INFO - [2023] MISSING_CENTRAL: WZ3Mu/Central/ZCand/pt in Skim_TriLep_TTG_PTG100to200.root
2026-01-29 07:20:02,631 - INFO - [2023] MISSING_CENTRAL: WZ3Mu/Central/ZCand/pt in Skim_TriLep_TTG_PTG200toInf.root
2026-01-29 07:20:02,635 - INFO - [2023] MISSING_FILE: /home/choij/Sync/workspace/ChargedHiggsAnalysisV3/SKNanoOutput/PromptAnalyzer/Run3Mu_RunNoWZSF_RunSyst_RunCR_NoTreeMode/2023/Skim_TriLep_ZZTo4L_powheg.root
2026-01-29 07:20:02,637 - INFO - [2023] MISSING_FILE: /home/choij/Sync/workspace/ChargedHiggsAnalysisV3/SKNanoOutput/PromptAnalyzer/Run3Mu_RunNoWZSF_RunSyst_RunCR_NoTreeMode/2023/Skim_TriLep_VBFHToZZTo4L.root
2026-01-29 07:20:02,638 - INFO - [2023] MISSING_FILE: /home/choij/Sync/workspace/ChargedHiggsAnalysisV3/SKNanoOutput/PromptAnalyzer/Run3Mu_RunNoWZSF_RunSyst_RunCR_NoTreeMode/2023/Skim_TriLep_ggHToZZTo4L.root
2026-01-29 07:20:02,641 - INFO - [2023BPix] MISSING_CENTRAL: WZ3Mu/Central/ZCand/pt in Skim_TriLep_DYJets10to50.root
2026-01-29 07:20:02,642 - INFO - [2023BPix] MISSING_CENTRAL: WZ3Mu/Central/ZCand/pt in Skim_TriLep_TTG_PTG100to200.root
2026-01-29 07:20:02,642 - INFO - [2023BPix] MISSING_CENTRAL: WZ3Mu/Central/ZCand/pt in Skim_TriLep_TTG_PTG200toInf.root
2026-01-29 07:20:02,646 - INFO - [2023BPix] MISSING_FILE: /home/choij/Sync/workspace/ChargedHiggsAnalysisV3/SKNanoOutput/PromptAnalyzer/Run3Mu_RunNoWZSF_RunSyst_RunCR_NoTreeMode/2023BPix/Skim_TriLep_ZZTo4L_powheg.root
2026-01-29 07:20:02,648 - INFO - [2023BPix] MISSING_FILE: /home/choij/Sync/workspace/ChargedHiggsAnalysisV3/SKNanoOutput/PromptAnalyzer/Run3Mu_RunNoWZSF_RunSyst_RunCR_NoTreeMode/2023BPix/Skim_TriLep_VBFHToZZTo4L.root
2026-01-29 07:20:02,648 - INFO - [2023BPix] MISSING_FILE: /home/choij/Sync/workspace/ChargedHiggsAnalysisV3/SKNanoOutput/PromptAnalyzer/Run3Mu_RunNoWZSF_RunSyst_RunCR_NoTreeMode/2023BPix/Skim_TriLep_ggHToZZTo4L.root
2026-03-02 12:04:09,616 - INFO - [2022] MISSING_CENTRAL: WZ3Mu/Central/ZCand/pt in Skim_TriLep_DYJets.root
2026-03-02 12:04:09,616 - INFO - [2022] MISSING_CENTRAL: WZ3Mu/Central/ZCand/pt in Skim_TriLep_DYJets10to50.root
2026-03-02 12:04:09,617 - INFO - [2022] MISSING_CENTRAL: WZ3Mu/Central/ZCand/pt in Skim_TriLep_TTG_PTG10to100.root
2026-03-02 12:04:09,617 - INFO - [2022] MISSING_CENTRAL: WZ3Mu/Central/ZCand/pt in Skim_TriLep_TTG_PTG100to200.root
2026-03-02 12:04:09,617 - INFO - [2022] MISSING_CENTRAL: WZ3Mu/Central/ZCand/pt in Skim_TriLep_TTG_PTG200toInf.root
2026-03-02 12:04:09,755 - INFO - [2022EE] MISSING_CENTRAL: WZ3Mu/Central/ZCand/pt in Skim_TriLep_DYJets.root
2026-03-02 12:04:09,755 - INFO - [2022EE] MISSING_CENTRAL: WZ3Mu/Central/ZCand/pt in Skim_TriLep_DYJets10to50.root
2026-03-02 12:04:09,972 - INFO - [2023] MISSING_CENTRAL: WZ3Mu/Central/ZCand/pt in Skim_TriLep_DYJets10to50.root
2026-03-02 12:04:09,986 - INFO - [2023] MISSING_CENTRAL: WZ3Mu/Central/ZCand/pt in Skim_TriLep_TTG_PTG100to200.root
2026-03-02 12:04:09,986 - INFO - [2023] MISSING_CENTRAL: WZ3Mu/Central/ZCand/pt in Skim_TriLep_TTG_PTG200toInf.root
2026-03-02 12:04:10,216 - INFO - [2023BPix] MISSING_CENTRAL: WZ3Mu/Central/ZCand/pt in Skim_TriLep_DYJets10to50.root
2026-03-02 12:04:10,230 - INFO - [2023BPix] MISSING_CENTRAL: WZ3Mu/Central/ZCand/pt in Skim_TriLep_TTG_PTG100to200.root
2026-03-02 12:04:10,231 - INFO - [2023BPix] MISSING_CENTRAL: WZ3Mu/Central/ZCand/pt in Skim_TriLep_TTG_PTG200toInf.root
2026-03-02 12:04:15,471 - INFO - [2022] MISSING_CENTRAL: WZ3Mu/Central/ZCand/pt in Skim_TriLep_DYJets.root
2026-03-02 12:04:15,472 - INFO - [2022] MISSING_CENTRAL: WZ3Mu/Central/ZCand/pt in Skim_TriLep_DYJets10to50.root
2026-03-02 12:04:15,472 - INFO - [2022] MISSING_CENTRAL: WZ3Mu/Central/ZCand/pt in Skim_TriLep_TTG_PTG10to100.root
2026-03-02 12:04:15,472 - INFO - [2022] MISSING_CENTRAL: WZ3Mu/Central/ZCand/pt in Skim_TriLep_TTG_PTG100to200.root
2026-03-02 12:04:15,472 - INFO - [2022] MISSING_CENTRAL: WZ3Mu/Central/ZCand/pt in Skim_TriLep_TTG_PTG200toInf.root
2026-03-02 12:04:15,482 - INFO - [2022] MISSING_FILE: /home/choij/Sync/workspace/ChargedHiggsAnalysisV3/SKNanoOutput/PromptAnalyzer/Run3Mu_RunNoWZSF_RunSyst_RunCR_NoTreeMode/2022/Skim_TriLep_ZZTo4L_powheg.root
2026-03-02 12:04:15,484 - INFO - [2022] MISSING_FILE: /home/choij/Sync/workspace/ChargedHiggsAnalysisV3/SKNanoOutput/PromptAnalyzer/Run3Mu_RunNoWZSF_RunSyst_RunCR_NoTreeMode/2022/Skim_TriLep_VBFHToZZTo4L.root
2026-03-02 12:04:15,484 - INFO - [2022] MISSING_FILE: /home/choij/Sync/workspace/ChargedHiggsAnalysisV3/SKNanoOutput/PromptAnalyzer/Run3Mu_RunNoWZSF_RunSyst_RunCR_NoTreeMode/2022/Skim_TriLep_ggHToZZTo4L.root
2026-03-02 12:04:15,486 - INFO - [2022EE] MISSING_CENTRAL: WZ3Mu/Central/ZCand/pt in Skim_TriLep_DYJets.root
2026-03-02 12:04:15,486 - INFO - [2022EE] MISSING_CENTRAL: WZ3Mu/Central/ZCand/pt in Skim_TriLep_DYJets10to50.root
2026-03-02 12:04:15,492 - INFO - [2022EE] MISSING_FILE: /home/choij/Sync/workspace/ChargedHiggsAnalysisV3/SKNanoOutput/PromptAnalyzer/Run3Mu_RunNoWZSF_RunSyst_RunCR_NoTreeMode/2022EE/Skim_TriLep_ZZTo4L_powheg.root
2026-03-02 12:04:15,495 - INFO - [2022EE] MISSING_FILE: /home/choij/Sync/workspace/ChargedHiggsAnalysisV3/SKNanoOutput/PromptAnalyzer/Run3Mu_RunNoWZSF_RunSyst_RunCR_NoTreeMode/2022EE/Skim_TriLep_VBFHToZZTo4L.root
2026-03-02 12:04:15,495 - INFO - [2022EE] MISSING_FILE: /home/choij/Sync/workspace/ChargedHiggsAnalysisV3/SKNanoOutput/PromptAnalyzer/Run3Mu_RunNoWZSF_RunSyst_RunCR_NoTreeMode/2022EE/Skim_TriLep_ggHToZZTo4L.root
2026-03-02 12:04:15,500 - INFO - [2023] MISSING_CENTRAL: WZ3Mu/Central/ZCand/pt in Skim_TriLep_DYJets10to50.root
2026-03-02 12:04:15,501 - INFO - [2023] MISSING_CENTRAL: WZ3Mu/Central/ZCand/pt in Skim_TriLep_TTG_PTG100to200.root
2026-03-02 12:04:15,501 - INFO - [2023] MISSING_CENTRAL: WZ3Mu/Central/ZCand/pt in Skim_TriLep_TTG_PTG200toInf.root
2026-03-02 12:04:15,505 - INFO - [2023] MISSING_FILE: /home/choij/Sync/workspace/ChargedHiggsAnalysisV3/SKNanoOutput/PromptAnalyzer/Run3Mu_RunNoWZSF_RunSyst_RunCR_NoTreeMode/2023/Skim_TriLep_ZZTo4L_powheg.root
2026-03-02 12:04:15,507 - INFO - [2023] MISSING_FILE: /home/choij/Sync/workspace/ChargedHiggsAnalysisV3/SKNanoOutput/PromptAnalyzer/Run3Mu_RunNoWZSF_RunSyst_RunCR_NoTreeMode/2023/Skim_TriLep_VBFHToZZTo4L.root
2026-03-02 12:04:15,507 - INFO - [2023] MISSING_FILE: /home/choij/Sync/workspace/ChargedHiggsAnalysisV3/SKNanoOutput/PromptAnalyzer/Run3Mu_RunNoWZSF_RunSyst_RunCR_NoTreeMode/2023/Skim_TriLep_ggHToZZTo4L.root
2026-03-02 12:04:15,510 - INFO - [2023BPix] MISSING_CENTRAL: WZ3Mu/Central/ZCand/pt in Skim_TriLep_DYJets10to50.root
2026-03-02 12:04:15,512 - INFO - [2023BPix] MISSING_CENTRAL: WZ3Mu/Central/ZCand/pt in Skim_TriLep_TTG_PTG100to200.root
2026-03-02 12:04:15,512 - INFO - [2023BPix] MISSING_CENTRAL: WZ3Mu/Central/ZCand/pt in Skim_TriLep_TTG_PTG200toInf.root
2026-03-02 12:04:15,516 - INFO - [2023BPix] MISSING_FILE: /home/choij/Sync/workspace/ChargedHiggsAnalysisV3/SKNanoOutput/PromptAnalyzer/Run3Mu_RunNoWZSF_RunSyst_RunCR_NoTreeMode/2023BPix/Skim_TriLep_ZZTo4L_powheg.root
2026-03-02 12:04:15,518 - INFO - [2023BPix] MISSING_FILE: /home/choij/Sync/workspace/ChargedHiggsAnalysisV3/SKNanoOutput/PromptAnalyzer/Run3Mu_RunNoWZSF_RunSyst_RunCR_NoTreeMode/2023BPix/Skim_TriLep_VBFHToZZTo4L.root
2026-03-02 12:04:15,519 - INFO - [2023BPix] MISSING_FILE: /home/choij/Sync/workspace/ChargedHiggsAnalysisV3/SKNanoOutput/PromptAnalyzer/Run3Mu_RunNoWZSF_RunSyst_RunCR_NoTreeMode/2023BPix/Skim_TriLep_ggHToZZTo4L.root
2026-04-10 20:16:07,595 - INFO - [2022] MISSING_CENTRAL: WZ3Mu/Central/ZCand/pt in Skim_TriLep_DYJets.root
2026-04-10 20:16:07,596 - INFO - [2022] MISSING_CENTRAL: WZ3Mu/Central/ZCand/pt in Skim_TriLep_DYJets10to50.root
2026-04-10 20:16:07,596 - INFO - [2022] MISSING_CENTRAL: WZ3Mu/Central/ZCand/pt in Skim_TriLep_TTG_PTG10to100.root
2026-04-10 20:16:07,596 - INFO - [2022] MISSING_CENTRAL: WZ3Mu/Central/ZCand/pt in Skim_TriLep_TTG_PTG100to200.root
2026-04-10 20:16:07,597 - INFO - [2022] MISSING_CENTRAL: WZ3Mu/Central/ZCand/pt in Skim_TriLep_TTG_PTG200toInf.root
2026-04-10 20:16:07,817 - INFO - [2022EE] MISSING_CENTRAL: WZ3Mu/Central/ZCand/pt in Skim_TriLep_DYJets.root
2026-04-10 20:16:07,818 - INFO - [2022EE] MISSING_CENTRAL: WZ3Mu/Central/ZCand/pt in Skim_TriLep_DYJets10to50.root
2026-04-10 20:16:08,072 - INFO - [2023] MISSING_CENTRAL: WZ3Mu/Central/ZCand/pt in Skim_TriLep_DYJets10to50.root
2026-04-10 20:16:08,081 - INFO - [2023] MISSING_CENTRAL: WZ3Mu/Central/ZCand/pt in Skim_TriLep_TTG_PTG100to200.root
2026-04-10 20:16:08,081 - INFO - [2023] MISSING_CENTRAL: WZ3Mu/Central/ZCand/pt in Skim_TriLep_TTG_PTG200toInf.root
2026-04-10 20:16:08,238 - INFO - [2023BPix] MISSING_CENTRAL: WZ3Mu/Central/ZCand/pt in Skim_TriLep_DYJets10to50.root
2026-04-10 20:16:08,247 - INFO - [2023BPix] MISSING_CENTRAL: WZ3Mu/Central/ZCand/pt in Skim_TriLep_TTG_PTG100to200.root
2026-04-10 20:16:08,247 - INFO - [2023BPix] MISSING_CENTRAL: WZ3Mu/Central/ZCand/pt in Skim_TriLep_TTG_PTG200toInf.root
2026-04-10 20:16:12,683 - INFO - [2022] MISSING_CENTRAL: WZ3Mu/Central/ZCand/pt in Skim_TriLep_DYJets.root
2026-04-10 20:16:12,683 - INFO - [2022] MISSING_CENTRAL: WZ3Mu/Central/ZCand/pt in Skim_TriLep_DYJets10to50.root
2026-04-10 20:16:12,683 - INFO - [2022] MISSING_CENTRAL: WZ3Mu/Central/ZCand/pt in Skim_TriLep_TTG_PTG10to100.root
2026-04-10 20:16:12,684 - INFO - [2022] MISSING_CENTRAL: WZ3Mu/Central/ZCand/pt in Skim_TriLep_TTG_PTG100to200.root
2026-04-10 20:16:12,684 - INFO - [2022] MISSING_CENTRAL: WZ3Mu/Central/ZCand/pt in Skim_TriLep_TTG_PTG200toInf.root
2026-04-10 20:16:12,693 - INFO - [2022] MISSING_FILE: /home/choij/Sync/workspace/ChargedHiggsAnalysisV3/SKNanoOutput/PromptAnalyzer/Run3Mu_RunNoWZSF_RunSyst_RunCR_NoTreeMode/2022/Skim_TriLep_ZZTo4L_powheg.root
2026-04-10 20:16:12,696 - INFO - [2022] MISSING_FILE: /home/choij/Sync/workspace/ChargedHiggsAnalysisV3/SKNanoOutput/PromptAnalyzer/Run3Mu_RunNoWZSF_RunSyst_RunCR_NoTreeMode/2022/Skim_TriLep_VBFHToZZTo4L.root
2026-04-10 20:16:12,696 - INFO - [2022] MISSING_FILE: /home/choij/Sync/workspace/ChargedHiggsAnalysisV3/SKNanoOutput/PromptAnalyzer/Run3Mu_RunNoWZSF_RunSyst_RunCR_NoTreeMode/2022/Skim_TriLep_ggHToZZTo4L.root
2026-04-10 20:16:12,698 - INFO - [2022EE] MISSING_CENTRAL: WZ3Mu/Central/ZCand/pt in Skim_TriLep_DYJets.root
2026-04-10 20:16:12,698 - INFO - [2022EE] MISSING_CENTRAL: WZ3Mu/Central/ZCand/pt in Skim_TriLep_DYJets10to50.root
2026-04-10 20:16:12,704 - INFO - [2022EE] MISSING_FILE: /home/choij/Sync/workspace/ChargedHiggsAnalysisV3/SKNanoOutput/PromptAnalyzer/Run3Mu_RunNoWZSF_RunSyst_RunCR_NoTreeMode/2022EE/Skim_TriLep_ZZTo4L_powheg.root
2026-04-10 20:16:12,707 - INFO - [2022EE] MISSING_FILE: /home/choij/Sync/workspace/ChargedHiggsAnalysisV3/SKNanoOutput/PromptAnalyzer/Run3Mu_RunNoWZSF_RunSyst_RunCR_NoTreeMode/2022EE/Skim_TriLep_VBFHToZZTo4L.root
2026-04-10 20:16:12,707 - INFO - [2022EE] MISSING_FILE: /home/choij/Sync/workspace/ChargedHiggsAnalysisV3/SKNanoOutput/PromptAnalyzer/Run3Mu_RunNoWZSF_RunSyst_RunCR_NoTreeMode/2022EE/Skim_TriLep_ggHToZZTo4L.root
2026-04-10 20:16:12,712 - INFO - [2023] MISSING_CENTRAL: WZ3Mu/Central/ZCand/pt in Skim_TriLep_DYJets10to50.root
2026-04-10 20:16:12,713 - INFO - [2023] MISSING_CENTRAL: WZ3Mu/Central/ZCand/pt in Skim_TriLep_TTG_PTG100to200.root
2026-04-10 20:16:12,713 - INFO - [2023] MISSING_CENTRAL: WZ3Mu/Central/ZCand/pt in Skim_TriLep_TTG_PTG200toInf.root
2026-04-10 20:16:12,717 - INFO - [2023] MISSING_FILE: /home/choij/Sync/workspace/ChargedHiggsAnalysisV3/SKNanoOutput/PromptAnalyzer/Run3Mu_RunNoWZSF_RunSyst_RunCR_NoTreeMode/2023/Skim_TriLep_ZZTo4L_powheg.root
2026-04-10 20:16:12,719 - INFO - [2023] MISSING_FILE: /home/choij/Sync/workspace/ChargedHiggsAnalysisV3/SKNanoOutput/PromptAnalyzer/Run3Mu_RunNoWZSF_RunSyst_RunCR_NoTreeMode/2023/Skim_TriLep_VBFHToZZTo4L.root
2026-04-10 20:16:12,720 - INFO - [2023] MISSING_FILE: /home/choij/Sync/workspace/ChargedHiggsAnalysisV3/SKNanoOutput/PromptAnalyzer/Run3Mu_RunNoWZSF_RunSyst_RunCR_NoTreeMode/2023/Skim_TriLep_ggHToZZTo4L.root
2026-04-10 20:16:12,723 - INFO - [2023BPix] MISSING_CENTRAL: WZ3Mu/Central/ZCand/pt in Skim_TriLep_DYJets10to50.root
2026-04-10 20:16:12,723 - INFO - [2023BPix] MISSING_CENTRAL: WZ3Mu/Central/ZCand/pt in Skim_TriLep_TTG_PTG100to200.root
2026-04-10 20:16:12,724 - INFO - [2023BPix] MISSING_CENTRAL: WZ3Mu/Central/ZCand/pt in Skim_TriLep_TTG_PTG200toInf.root
2026-04-10 20:16:12,728 - INFO - [2023BPix] MISSING_FILE: /home/choij/Sync/workspace/ChargedHiggsAnalysisV3/SKNanoOutput/PromptAnalyzer/Run3Mu_RunNoWZSF_RunSyst_RunCR_NoTreeMode/2023BPix/Skim_TriLep_ZZTo4L_powheg.root
2026-04-10 20:16:12,730 - INFO - [2023BPix] MISSING_FILE: /home/choij/Sync/workspace/ChargedHiggsAnalysisV3/SKNanoOutput/PromptAnalyzer/Run3Mu_RunNoWZSF_RunSyst_RunCR_NoTreeMode/2023BPix/Skim_TriLep_VBFHToZZTo4L.root
2026-04-10 20:16:12,730 - INFO - [2023BPix] MISSING_FILE: /home/choij/Sync/workspace/ChargedHiggsAnalysisV3/SKNanoOutput/PromptAnalyzer/Run3Mu_RunNoWZSF_RunSyst_RunCR_NoTreeMode/2023BPix/Skim_TriLep_ggHToZZTo4L.root
2026-04-12 11:31:00,057 - INFO - [2022] MISSING_CENTRAL: WZ3Mu/Central/ZCand/pt in Skim_TriLep_DYJets.root
2026-04-12 11:31:00,058 - INFO - [2022] MISSING_CENTRAL: WZ3Mu/Central/ZCand/pt in Skim_TriLep_DYJets10to50.root
2026-04-12 11:31:00,058 - INFO - [2022] MISSING_CENTRAL: WZ3Mu/Central/ZCand/pt in Skim_TriLep_TTG_PTG10to100.root
2026-04-12 11:31:00,059 - INFO - [2022] MISSING_CENTRAL: WZ3Mu/Central/ZCand/pt in Skim_TriLep_TTG_PTG100to200.root
2026-04-12 11:31:00,059 - INFO - [2022] MISSING_CENTRAL: WZ3Mu/Central/ZCand/pt in Skim_TriLep_TTG_PTG200toInf.root
2026-04-12 11:31:00,282 - INFO - [2022EE] MISSING_CENTRAL: WZ3Mu/Central/ZCand/pt in Skim_TriLep_DYJets.root
2026-04-12 11:31:00,283 - INFO - [2022EE] MISSING_CENTRAL: WZ3Mu/Central/ZCand/pt in Skim_TriLep_DYJets10to50.root
2026-04-12 11:31:00,554 - INFO - [2023] MISSING_CENTRAL: WZ3Mu/Central/ZCand/pt in Skim_TriLep_DYJets10to50.root
2026-04-12 11:31:00,563 - INFO - [2023] MISSING_CENTRAL: WZ3Mu/Central/ZCand/pt in Skim_TriLep_TTG_PTG100to200.root
2026-04-12 11:31:00,564 - INFO - [2023] MISSING_CENTRAL: WZ3Mu/Central/ZCand/pt in Skim_TriLep_TTG_PTG200toInf.root
2026-04-12 11:31:00,720 - INFO - [2023BPix] MISSING_CENTRAL: WZ3Mu/Central/ZCand/pt in Skim_TriLep_DYJets10to50.root
2026-04-12 11:31:00,729 - INFO - [2023BPix] MISSING_CENTRAL: WZ3Mu/Central/ZCand/pt in Skim_TriLep_TTG_PTG100to200.root
2026-04-12 11:31:00,729 - INFO - [2023BPix] MISSING_CENTRAL: WZ3Mu/Central/ZCand/pt in Skim_TriLep_TTG_PTG200toInf.root
2026-04-12 11:31:05,586 - INFO - [2022] MISSING_CENTRAL: WZ3Mu/Central/ZCand/pt in Skim_TriLep_DYJets.root
2026-04-12 11:31:05,586 - INFO - [2022] MISSING_CENTRAL: WZ3Mu/Central/ZCand/pt in Skim_TriLep_DYJets10to50.root
2026-04-12 11:31:05,587 - INFO - [2022] MISSING_CENTRAL: WZ3Mu/Central/ZCand/pt in Skim_TriLep_TTG_PTG10to100.root
2026-04-12 11:31:05,587 - INFO - [2022] MISSING_CENTRAL: WZ3Mu/Central/ZCand/pt in Skim_TriLep_TTG_PTG100to200.root
2026-04-12 11:31:05,588 - INFO - [2022] MISSING_CENTRAL: WZ3Mu/Central/ZCand/pt in Skim_TriLep_TTG_PTG200toInf.root
2026-04-12 11:31:05,600 - INFO - [2022] MISSING_FILE: /home/choij/Sync/workspace/ChargedHiggsAnalysisV3/SKNanoOutput/PromptAnalyzer/Run3Mu_RunNoWZSF_RunSyst_RunCR_NoTreeMode/2022/Skim_TriLep_ZZTo4L_powheg.root
2026-04-12 11:31:05,604 - INFO - [2022] MISSING_FILE: /home/choij/Sync/workspace/ChargedHiggsAnalysisV3/SKNanoOutput/PromptAnalyzer/Run3Mu_RunNoWZSF_RunSyst_RunCR_NoTreeMode/2022/Skim_TriLep_VBFHToZZTo4L.root
2026-04-12 11:31:05,604 - INFO - [2022] MISSING_FILE: /home/choij/Sync/workspace/ChargedHiggsAnalysisV3/SKNanoOutput/PromptAnalyzer/Run3Mu_RunNoWZSF_RunSyst_RunCR_NoTreeMode/2022/Skim_TriLep_ggHToZZTo4L.root
2026-04-12 11:31:05,606 - INFO - [2022EE] MISSING_CENTRAL: WZ3Mu/Central/ZCand/pt in Skim_TriLep_DYJets.root
2026-04-12 11:31:05,607 - INFO - [2022EE] MISSING_CENTRAL: WZ3Mu/Central/ZCand/pt in Skim_TriLep_DYJets10to50.root
2026-04-12 11:31:05,616 - INFO - [2022EE] MISSING_FILE: /home/choij/Sync/workspace/ChargedHiggsAnalysisV3/SKNanoOutput/PromptAnalyzer/Run3Mu_RunNoWZSF_RunSyst_RunCR_NoTreeMode/2022EE/Skim_TriLep_ZZTo4L_powheg.root
2026-04-12 11:31:05,620 - INFO - [2022EE] MISSING_FILE: /home/choij/Sync/workspace/ChargedHiggsAnalysisV3/SKNanoOutput/PromptAnalyzer/Run3Mu_RunNoWZSF_RunSyst_RunCR_NoTreeMode/2022EE/Skim_TriLep_VBFHToZZTo4L.root
2026-04-12 11:31:05,620 - INFO - [2022EE] MISSING_FILE: /home/choij/Sync/workspace/ChargedHiggsAnalysisV3/SKNanoOutput/PromptAnalyzer/Run3Mu_RunNoWZSF_RunSyst_RunCR_NoTreeMode/2022EE/Skim_TriLep_ggHToZZTo4L.root
2026-04-12 11:31:05,627 - INFO - [2023] MISSING_CENTRAL: WZ3Mu/Central/ZCand/pt in Skim_TriLep_DYJets10to50.root
2026-04-12 11:31:05,628 - INFO - [2023] MISSING_CENTRAL: WZ3Mu/Central/ZCand/pt in Skim_TriLep_TTG_PTG100to200.root
2026-04-12 11:31:05,629 - INFO - [2023] MISSING_CENTRAL: WZ3Mu/Central/ZCand/pt in Skim_TriLep_TTG_PTG200toInf.root
2026-04-12 11:31:05,635 - INFO - [2023] MISSING_FILE: /home/choij/Sync/workspace/ChargedHiggsAnalysisV3/SKNanoOutput/PromptAnalyzer/Run3Mu_RunNoWZSF_RunSyst_RunCR_NoTreeMode/2023/Skim_TriLep_ZZTo4L_powheg.root
2026-04-12 11:31:05,638 - INFO - [2023] MISSING_FILE: /home/choij/Sync/workspace/ChargedHiggsAnalysisV3/SKNanoOutput/PromptAnalyzer/Run3Mu_RunNoWZSF_RunSyst_RunCR_NoTreeMode/2023/Skim_TriLep_VBFHToZZTo4L.root
2026-04-12 11:31:05,638 - INFO - [2023] MISSING_FILE: /home/choij/Sync/workspace/ChargedHiggsAnalysisV3/SKNanoOutput/PromptAnalyzer/Run3Mu_RunNoWZSF_RunSyst_RunCR_NoTreeMode/2023/Skim_TriLep_ggHToZZTo4L.root
2026-04-12 11:31:05,642 - INFO - [2023BPix] MISSING_CENTRAL: WZ3Mu/Central/ZCand/pt in Skim_TriLep_DYJets10to50.root
2026-04-12 11:31:05,643 - INFO - [2023BPix] MISSING_CENTRAL: WZ3Mu/Central/ZCand/pt in Skim_TriLep_TTG_PTG100to200.root
2026-04-12 11:31:05,644 - INFO - [2023BPix] MISSING_CENTRAL: WZ3Mu/Central/ZCand/pt in Skim_TriLep_TTG_PTG200toInf.root
2026-04-12 11:31:05,650 - INFO - [2023BPix] MISSING_FILE: /home/choij/Sync/workspace/ChargedHiggsAnalysisV3/SKNanoOutput/PromptAnalyzer/Run3Mu_RunNoWZSF_RunSyst_RunCR_NoTreeMode/2023BPix/Skim_TriLep_ZZTo4L_powheg.root
2026-04-12 11:31:05,653 - INFO - [2023BPix] MISSING_FILE: /home/choij/Sync/workspace/ChargedHiggsAnalysisV3/SKNanoOutput/PromptAnalyzer/Run3Mu_RunNoWZSF_RunSyst_RunCR_NoTreeMode/2023BPix/Skim_TriLep_VBFHToZZTo4L.root
2026-04-12 11:31:05,653 - INFO - [2023BPix] MISSING_FILE: /home/choij/Sync/workspace/ChargedHiggsAnalysisV3/SKNanoOutput/PromptAnalyzer/Run3Mu_RunNoWZSF_RunSyst_RunCR_NoTreeMode/2023BPix/Skim_TriLep_ggHToZZTo4L.root
2026-04-12 12:13:23,739 - INFO - [2022] MISSING_CENTRAL: WZ3Mu/Central/ZCand/pt in Skim_TriLep_DYJets.root
2026-04-12 12:13:23,740 - INFO - [2022] MISSING_CENTRAL: WZ3Mu/Central/ZCand/pt in Skim_TriLep_DYJets10to50.root
2026-04-12 12:13:23,740 - INFO - [2022] MISSING_CENTRAL: WZ3Mu/Central/ZCand/pt in Skim_TriLep_TTG_PTG10to100.root
2026-04-12 12:13:23,740 - INFO - [2022] MISSING_CENTRAL: WZ3Mu/Central/ZCand/pt in Skim_TriLep_TTG_PTG100to200.root
2026-04-12 12:13:23,741 - INFO - [2022] MISSING_CENTRAL: WZ3Mu/Central/ZCand/pt in Skim_TriLep_TTG_PTG200toInf.root
2026-04-12 12:13:23,888 - INFO - [2022EE] MISSING_CENTRAL: WZ3Mu/Central/ZCand/pt in Skim_TriLep_DYJets.root
2026-04-12 12:13:23,888 - INFO - [2022EE] MISSING_CENTRAL: WZ3Mu/Central/ZCand/pt in Skim_TriLep_DYJets10to50.root
2026-04-12 12:13:24,074 - INFO - [2023] MISSING_CENTRAL: WZ3Mu/Central/ZCand/pt in Skim_TriLep_DYJets10to50.root
2026-04-12 12:13:24,083 - INFO - [2023] MISSING_CENTRAL: WZ3Mu/Central/ZCand/pt in Skim_TriLep_TTG_PTG100to200.root
2026-04-12 12:13:24,084 - INFO - [2023] MISSING_CENTRAL: WZ3Mu/Central/ZCand/pt in Skim_TriLep_TTG_PTG200toInf.root
2026-04-12 12:13:24,241 - INFO - [2023BPix] MISSING_CENTRAL: WZ3Mu/Central/ZCand/pt in Skim_TriLep_DYJets10to50.root
2026-04-12 12:13:24,251 - INFO - [2023BPix] MISSING_CENTRAL: WZ3Mu/Central/ZCand/pt in Skim_TriLep_TTG_PTG100to200.root
2026-04-12 12:13:24,251 - INFO - [2023BPix] MISSING_CENTRAL: WZ3Mu/Central/ZCand/pt in Skim_TriLep_TTG_PTG200toInf.root
2026-04-12 12:13:28,865 - INFO - [2022] MISSING_CENTRAL: WZ3Mu/Central/ZCand/pt in Skim_TriLep_DYJets.root
2026-04-12 12:13:28,865 - INFO - [2022] MISSING_CENTRAL: WZ3Mu/Central/ZCand/pt in Skim_TriLep_DYJets10to50.root
2026-04-12 12:13:28,866 - INFO - [2022] MISSING_CENTRAL: WZ3Mu/Central/ZCand/pt in Skim_TriLep_TTG_PTG10to100.root
2026-04-12 12:13:28,866 - INFO - [2022] MISSING_CENTRAL: WZ3Mu/Central/ZCand/pt in Skim_TriLep_TTG_PTG100to200.root
2026-04-12 12:13:28,866 - INFO - [2022] MISSING_CENTRAL: WZ3Mu/Central/ZCand/pt in Skim_TriLep_TTG_PTG200toInf.root
2026-04-12 12:13:28,876 - INFO - [2022] MISSING_FILE: /home/choij/Sync/workspace/ChargedHiggsAnalysisV3/SKNanoOutput/PromptAnalyzer/Run3Mu_RunNoWZSF_RunSyst_RunCR_NoTreeMode/2022/Skim_TriLep_ZZTo4L_powheg.root
2026-04-12 12:13:28,880 - INFO - [2022] MISSING_FILE: /home/choij/Sync/workspace/ChargedHiggsAnalysisV3/SKNanoOutput/PromptAnalyzer/Run3Mu_RunNoWZSF_RunSyst_RunCR_NoTreeMode/2022/Skim_TriLep_VBFHToZZTo4L.root
2026-04-12 12:13:28,880 - INFO - [2022] MISSING_FILE: /home/choij/Sync/workspace/ChargedHiggsAnalysisV3/SKNanoOutput/PromptAnalyzer/Run3Mu_RunNoWZSF_RunSyst_RunCR_NoTreeMode/2022/Skim_TriLep_ggHToZZTo4L.root
2026-04-12 12:13:28,882 - INFO - [2022EE] MISSING_CENTRAL: WZ3Mu/Central/ZCand/pt in Skim_TriLep_DYJets.root
2026-04-12 12:13:28,882 - INFO - [2022EE] MISSING_CENTRAL: WZ3Mu/Central/ZCand/pt in Skim_TriLep_DYJets10to50.root
2026-04-12 12:13:28,888 - INFO - [2022EE] MISSING_FILE: /home/choij/Sync/workspace/ChargedHiggsAnalysisV3/SKNanoOutput/PromptAnalyzer/Run3Mu_RunNoWZSF_RunSyst_RunCR_NoTreeMode/2022EE/Skim_TriLep_ZZTo4L_powheg.root
2026-04-12 12:13:28,892 - INFO - [2022EE] MISSING_FILE: /home/choij/Sync/workspace/ChargedHiggsAnalysisV3/SKNanoOutput/PromptAnalyzer/Run3Mu_RunNoWZSF_RunSyst_RunCR_NoTreeMode/2022EE/Skim_TriLep_VBFHToZZTo4L.root
2026-04-12 12:13:28,892 - INFO - [2022EE] MISSING_FILE: /home/choij/Sync/workspace/ChargedHiggsAnalysisV3/SKNanoOutput/PromptAnalyzer/Run3Mu_RunNoWZSF_RunSyst_RunCR_NoTreeMode/2022EE/Skim_TriLep_ggHToZZTo4L.root
2026-04-12 12:13:28,897 - INFO - [2023] MISSING_CENTRAL: WZ3Mu/Central/ZCand/pt in Skim_TriLep_DYJets10to50.root
2026-04-12 12:13:28,898 - INFO - [2023] MISSING_CENTRAL: WZ3Mu/Central/ZCand/pt in Skim_TriLep_TTG_PTG100to200.root
2026-04-12 12:13:28,898 - INFO - [2023] MISSING_CENTRAL: WZ3Mu/Central/ZCand/pt in Skim_TriLep_TTG_PTG200toInf.root
2026-04-12 12:13:28,902 - INFO - [2023] MISSING_FILE: /home/choij/Sync/workspace/ChargedHiggsAnalysisV3/SKNanoOutput/PromptAnalyzer/Run3Mu_RunNoWZSF_RunSyst_RunCR_NoTreeMode/2023/Skim_TriLep_ZZTo4L_powheg.root
2026-04-12 12:13:28,906 - INFO - [2023] MISSING_FILE: /home/choij/Sync/workspace/ChargedHiggsAnalysisV3/SKNanoOutput/PromptAnalyzer/Run3Mu_RunNoWZSF_RunSyst_RunCR_NoTreeMode/2023/Skim_TriLep_VBFHToZZTo4L.root
2026-04-12 12:13:28,906 - INFO - [2023] MISSING_FILE: /home/choij/Sync/workspace/ChargedHiggsAnalysisV3/SKNanoOutput/PromptAnalyzer/Run3Mu_RunNoWZSF_RunSyst_RunCR_NoTreeMode/2023/Skim_TriLep_ggHToZZTo4L.root
2026-04-12 12:13:28,909 - INFO - [2023BPix] MISSING_CENTRAL: WZ3Mu/Central/ZCand/pt in Skim_TriLep_DYJets10to50.root
2026-04-12 12:13:28,910 - INFO - [2023BPix] MISSING_CENTRAL: WZ3Mu/Central/ZCand/pt in Skim_TriLep_TTG_PTG100to200.root
2026-04-12 12:13:28,911 - INFO - [2023BPix] MISSING_CENTRAL: WZ3Mu/Central/ZCand/pt in Skim_TriLep_TTG_PTG200toInf.root
2026-04-12 12:13:28,914 - INFO - [2023BPix] MISSING_FILE: /home/choij/Sync/workspace/ChargedHiggsAnalysisV3/SKNanoOutput/PromptAnalyzer/Run3Mu_RunNoWZSF_RunSyst_RunCR_NoTreeMode/2023BPix/Skim_TriLep_ZZTo4L_powheg.root
2026-04-12 12:13:28,919 - INFO - [2023BPix] MISSING_FILE: /home/choij/Sync/workspace/ChargedHiggsAnalysisV3/SKNanoOutput/PromptAnalyzer/Run3Mu_RunNoWZSF_RunSyst_RunCR_NoTreeMode/2023BPix/Skim_TriLep_VBFHToZZTo4L.root
2026-04-12 12:13:28,919 - INFO - [2023BPix] MISSING_FILE: /home/choij/Sync/workspace/ChargedHiggsAnalysisV3/SKNanoOutput/PromptAnalyzer/Run3Mu_RunNoWZSF_RunSyst_RunCR_NoTreeMode/2023BPix/Skim_TriLep_ggHToZZTo4L.root
2026-04-12 12:33:02,523 - INFO - [2022] MISSING_CENTRAL: WZ3Mu/Central/ZCand/pt in Skim_TriLep_DYJets.root
2026-04-12 12:33:02,523 - INFO - [2022] MISSING_CENTRAL: WZ3Mu/Central/ZCand/pt in Skim_TriLep_DYJets10to50.root
2026-04-12 12:33:02,523 - INFO - [2022] MISSING_CENTRAL: WZ3Mu/Central/ZCand/pt in Skim_TriLep_TTG_PTG10to100.root
2026-04-12 12:33:02,524 - INFO - [2022] MISSING_CENTRAL: WZ3Mu/Central/ZCand/pt in Skim_TriLep_TTG_PTG100to200.root
2026-04-12 12:33:02,524 - INFO - [2022] MISSING_CENTRAL: WZ3Mu/Central/ZCand/pt in Skim_TriLep_TTG_PTG200toInf.root
2026-04-12 12:33:02,682 - INFO - [2022EE] MISSING_CENTRAL: WZ3Mu/Central/ZCand/pt in Skim_TriLep_DYJets.root
2026-04-12 12:33:02,682 - INFO - [2022EE] MISSING_CENTRAL: WZ3Mu/Central/ZCand/pt in Skim_TriLep_DYJets10to50.root
2026-04-12 12:33:02,961 - INFO - [2023] MISSING_CENTRAL: WZ3Mu/Central/ZCand/pt in Skim_TriLep_DYJets10to50.root
2026-04-12 12:33:02,976 - INFO - [2023] MISSING_CENTRAL: WZ3Mu/Central/ZCand/pt in Skim_TriLep_TTG_PTG100to200.root
2026-04-12 12:33:02,976 - INFO - [2023] MISSING_CENTRAL: WZ3Mu/Central/ZCand/pt in Skim_TriLep_TTG_PTG200toInf.root
2026-04-12 12:33:03,144 - INFO - [2023BPix] MISSING_CENTRAL: WZ3Mu/Central/ZCand/pt in Skim_TriLep_DYJets10to50.root
2026-04-12 12:33:03,153 - INFO - [2023BPix] MISSING_CENTRAL: WZ3Mu/Central/ZCand/pt in Skim_TriLep_TTG_PTG100to200.root
2026-04-12 12:33:03,154 - INFO - [2023BPix] MISSING_CENTRAL: WZ3Mu/Central/ZCand/pt in Skim_TriLep_TTG_PTG200toInf.root
2026-04-12 12:33:07,691 - INFO - [2022] MISSING_CENTRAL: WZ3Mu/Central/ZCand/pt in Skim_TriLep_DYJets.root
2026-04-12 12:33:07,692 - INFO - [2022] MISSING_CENTRAL: WZ3Mu/Central/ZCand/pt in Skim_TriLep_DYJets10to50.root
2026-04-12 12:33:07,692 - INFO - [2022] MISSING_CENTRAL: WZ3Mu/Central/ZCand/pt in Skim_TriLep_TTG_PTG10to100.root
2026-04-12 12:33:07,692 - INFO - [2022] MISSING_CENTRAL: WZ3Mu/Central/ZCand/pt in Skim_TriLep_TTG_PTG100to200.root
2026-04-12 12:33:07,693 - INFO - [2022] MISSING_CENTRAL: WZ3Mu/Central/ZCand/pt in Skim_TriLep_TTG_PTG200toInf.root
2026-04-12 12:33:07,702 - INFO - [2022] MISSING_FILE: /home/choij/Sync/workspace/ChargedHiggsAnalysisV3/SKNanoOutput/PromptAnalyzer/Run3Mu_RunNoWZSF_RunSyst_RunCR_NoTreeMode/2022/Skim_TriLep_ZZTo4L_powheg.root
2026-04-12 12:33:07,705 - INFO - [2022] MISSING_FILE: /home/choij/Sync/workspace/ChargedHiggsAnalysisV3/SKNanoOutput/PromptAnalyzer/Run3Mu_RunNoWZSF_RunSyst_RunCR_NoTreeMode/2022/Skim_TriLep_VBFHToZZTo4L.root
2026-04-12 12:33:07,706 - INFO - [2022] MISSING_FILE: /home/choij/Sync/workspace/ChargedHiggsAnalysisV3/SKNanoOutput/PromptAnalyzer/Run3Mu_RunNoWZSF_RunSyst_RunCR_NoTreeMode/2022/Skim_TriLep_ggHToZZTo4L.root
2026-04-12 12:33:07,707 - INFO - [2022EE] MISSING_CENTRAL: WZ3Mu/Central/ZCand/pt in Skim_TriLep_DYJets.root
2026-04-12 12:33:07,708 - INFO - [2022EE] MISSING_CENTRAL: WZ3Mu/Central/ZCand/pt in Skim_TriLep_DYJets10to50.root
2026-04-12 12:33:07,713 - INFO - [2022EE] MISSING_FILE: /home/choij/Sync/workspace/ChargedHiggsAnalysisV3/SKNanoOutput/PromptAnalyzer/Run3Mu_RunNoWZSF_RunSyst_RunCR_NoTreeMode/2022EE/Skim_TriLep_ZZTo4L_powheg.root
2026-04-12 12:33:07,717 - INFO - [2022EE] MISSING_FILE: /home/choij/Sync/workspace/ChargedHiggsAnalysisV3/SKNanoOutput/PromptAnalyzer/Run3Mu_RunNoWZSF_RunSyst_RunCR_NoTreeMode/2022EE/Skim_TriLep_VBFHToZZTo4L.root
2026-04-12 12:33:07,717 - INFO - [2022EE] MISSING_FILE: /home/choij/Sync/workspace/ChargedHiggsAnalysisV3/SKNanoOutput/PromptAnalyzer/Run3Mu_RunNoWZSF_RunSyst_RunCR_NoTreeMode/2022EE/Skim_TriLep_ggHToZZTo4L.root
2026-04-12 12:33:07,722 - INFO - [2023] MISSING_CENTRAL: WZ3Mu/Central/ZCand/pt in Skim_TriLep_DYJets10to50.root
2026-04-12 12:33:07,723 - INFO - [2023] MISSING_CENTRAL: WZ3Mu/Central/ZCand/pt in Skim_TriLep_TTG_PTG100to200.root
2026-04-12 12:33:07,723 - INFO - [2023] MISSING_CENTRAL: WZ3Mu/Central/ZCand/pt in Skim_TriLep_TTG_PTG200toInf.root
2026-04-12 12:33:07,727 - INFO - [2023] MISSING_FILE: /home/choij/Sync/workspace/ChargedHiggsAnalysisV3/SKNanoOutput/PromptAnalyzer/Run3Mu_RunNoWZSF_RunSyst_RunCR_NoTreeMode/2023/Skim_TriLep_ZZTo4L_powheg.root
2026-04-12 12:33:07,731 - INFO - [2023] MISSING_FILE: /home/choij/Sync/workspace/ChargedHiggsAnalysisV3/SKNanoOutput/PromptAnalyzer/Run3Mu_RunNoWZSF_RunSyst_RunCR_NoTreeMode/2023/Skim_TriLep_VBFHToZZTo4L.root
2026-04-12 12:33:07,731 - INFO - [2023] MISSING_FILE: /home/choij/Sync/workspace/ChargedHiggsAnalysisV3/SKNanoOutput/PromptAnalyzer/Run3Mu_RunNoWZSF_RunSyst_RunCR_NoTreeMode/2023/Skim_TriLep_ggHToZZTo4L.root
2026-04-12 12:33:07,734 - INFO - [2023BPix] MISSING_CENTRAL: WZ3Mu/Central/ZCand/pt in Skim_TriLep_DYJets10to50.root
2026-04-12 12:33:07,735 - INFO - [2023BPix] MISSING_CENTRAL: WZ3Mu/Central/ZCand/pt in Skim_TriLep_TTG_PTG100to200.root
2026-04-12 12:33:07,735 - INFO - [2023BPix] MISSING_CENTRAL: WZ3Mu/Central/ZCand/pt in Skim_TriLep_TTG_PTG200toInf.root
2026-04-12 12:33:07,739 - INFO - [2023BPix] MISSING_FILE: /home/choij/Sync/workspace/ChargedHiggsAnalysisV3/SKNanoOutput/PromptAnalyzer/Run3Mu_RunNoWZSF_RunSyst_RunCR_NoTreeMode/2023BPix/Skim_TriLep_ZZTo4L_powheg.root
2026-04-12 12:33:07,743 - INFO - [2023BPix] MISSING_FILE: /home/choij/Sync/workspace/ChargedHiggsAnalysisV3/SKNanoOutput/PromptAnalyzer/Run3Mu_RunNoWZSF_RunSyst_RunCR_NoTreeMode/2023BPix/Skim_TriLep_VBFHToZZTo4L.root
2026-04-12 12:33:07,743 - INFO - [2023BPix] MISSING_FILE: /home/choij/Sync/workspace/ChargedHiggsAnalysisV3/SKNanoOutput/PromptAnalyzer/Run3Mu_RunNoWZSF_RunSyst_RunCR_NoTreeMode/2023BPix/Skim_TriLep_ggHToZZTo4L.root
2026-04-12 20:41:03,291 - INFO - [2022] MISSING_CENTRAL: WZ3Mu/Central/ZCand/pt in Skim_TriLep_DYJets.root
2026-04-12 20:41:03,291 - INFO - [2022] MISSING_CENTRAL: WZ3Mu/Central/ZCand/pt in Skim_TriLep_DYJets10to50.root
2026-04-12 20:41:03,291 - INFO - [2022] MISSING_CENTRAL: WZ3Mu/Central/ZCand/pt in Skim_TriLep_TTG_PTG10to100.root
2026-04-12 20:41:03,292 - INFO - [2022] MISSING_CENTRAL: WZ3Mu/Central/ZCand/pt in Skim_TriLep_TTG_PTG100to200.root
2026-04-12 20:41:03,292 - INFO - [2022] MISSING_CENTRAL: WZ3Mu/Central/ZCand/pt in Skim_TriLep_TTG_PTG200toInf.root
2026-04-12 20:41:03,438 - INFO - [2022EE] MISSING_CENTRAL: WZ3Mu/Central/ZCand/pt in Skim_TriLep_DYJets.root
2026-04-12 20:41:03,438 - INFO - [2022EE] MISSING_CENTRAL: WZ3Mu/Central/ZCand/pt in Skim_TriLep_DYJets10to50.root
2026-04-12 20:41:03,623 - INFO - [2023] MISSING_CENTRAL: WZ3Mu/Central/ZCand/pt in Skim_TriLep_DYJets10to50.root
2026-04-12 20:41:03,632 - INFO - [2023] MISSING_CENTRAL: WZ3Mu/Central/ZCand/pt in Skim_TriLep_TTG_PTG100to200.root
2026-04-12 20:41:03,633 - INFO - [2023] MISSING_CENTRAL: WZ3Mu/Central/ZCand/pt in Skim_TriLep_TTG_PTG200toInf.root
2026-04-12 20:41:03,798 - INFO - [2023BPix] MISSING_CENTRAL: WZ3Mu/Central/ZCand/pt in Skim_TriLep_DYJets10to50.root
2026-04-12 20:41:03,809 - INFO - [2023BPix] MISSING_CENTRAL: WZ3Mu/Central/ZCand/pt in Skim_TriLep_TTG_PTG100to200.root
2026-04-12 20:41:03,809 - INFO - [2023BPix] MISSING_CENTRAL: WZ3Mu/Central/ZCand/pt in Skim_TriLep_TTG_PTG200toInf.root
2026-04-12 20:41:08,289 - INFO - [2022] MISSING_CENTRAL: WZ3Mu/Central/ZCand/pt in Skim_TriLep_DYJets.root
2026-04-12 20:41:08,289 - INFO - [2022] MISSING_CENTRAL: WZ3Mu/Central/ZCand/pt in Skim_TriLep_DYJets10to50.root
2026-04-12 20:41:08,289 - INFO - [2022] MISSING_CENTRAL: WZ3Mu/Central/ZCand/pt in Skim_TriLep_TTG_PTG10to100.root
2026-04-12 20:41:08,290 - INFO - [2022] MISSING_CENTRAL: WZ3Mu/Central/ZCand/pt in Skim_TriLep_TTG_PTG100to200.root
2026-04-12 20:41:08,290 - INFO - [2022] MISSING_CENTRAL: WZ3Mu/Central/ZCand/pt in Skim_TriLep_TTG_PTG200toInf.root
2026-04-12 20:41:08,298 - INFO - [2022] MISSING_FILE: /home/choij/Sync/workspace/ChargedHiggsAnalysisV3/SKNanoOutput/PromptAnalyzer/Run3Mu_RunNoWZSF_RunSyst_RunCR_NoTreeMode/2022/Skim_TriLep_ZZTo4L_powheg.root
2026-04-12 20:41:08,302 - INFO - [2022] MISSING_FILE: /home/choij/Sync/workspace/ChargedHiggsAnalysisV3/SKNanoOutput/PromptAnalyzer/Run3Mu_RunNoWZSF_RunSyst_RunCR_NoTreeMode/2022/Skim_TriLep_VBFHToZZTo4L.root
2026-04-12 20:41:08,302 - INFO - [2022] MISSING_FILE: /home/choij/Sync/workspace/ChargedHiggsAnalysisV3/SKNanoOutput/PromptAnalyzer/Run3Mu_RunNoWZSF_RunSyst_RunCR_NoTreeMode/2022/Skim_TriLep_ggHToZZTo4L.root
2026-04-12 20:41:08,304 - INFO - [2022EE] MISSING_CENTRAL: WZ3Mu/Central/ZCand/pt in Skim_TriLep_DYJets.root
2026-04-12 20:41:08,305 - INFO - [2022EE] MISSING_CENTRAL: WZ3Mu/Central/ZCand/pt in Skim_TriLep_DYJets10to50.root
2026-04-12 20:41:08,310 - INFO - [2022EE] MISSING_FILE: /home/choij/Sync/workspace/ChargedHiggsAnalysisV3/SKNanoOutput/PromptAnalyzer/Run3Mu_RunNoWZSF_RunSyst_RunCR_NoTreeMode/2022EE/Skim_TriLep_ZZTo4L_powheg.root
2026-04-12 20:41:08,314 - INFO - [2022EE] MISSING_FILE: /home/choij/Sync/workspace/ChargedHiggsAnalysisV3/SKNanoOutput/PromptAnalyzer/Run3Mu_RunNoWZSF_RunSyst_RunCR_NoTreeMode/2022EE/Skim_TriLep_VBFHToZZTo4L.root
2026-04-12 20:41:08,315 - INFO - [2022EE] MISSING_FILE: /home/choij/Sync/workspace/ChargedHiggsAnalysisV3/SKNanoOutput/PromptAnalyzer/Run3Mu_RunNoWZSF_RunSyst_RunCR_NoTreeMode/2022EE/Skim_TriLep_ggHToZZTo4L.root
2026-04-12 20:41:08,319 - INFO - [2023] MISSING_CENTRAL: WZ3Mu/Central/ZCand/pt in Skim_TriLep_DYJets10to50.root
2026-04-12 20:41:08,320 - INFO - [2023] MISSING_CENTRAL: WZ3Mu/Central/ZCand/pt in Skim_TriLep_TTG_PTG100to200.root
2026-04-12 20:41:08,321 - INFO - [2023] MISSING_CENTRAL: WZ3Mu/Central/ZCand/pt in Skim_TriLep_TTG_PTG200toInf.root
2026-04-12 20:41:08,325 - INFO - [2023] MISSING_FILE: /home/choij/Sync/workspace/ChargedHiggsAnalysisV3/SKNanoOutput/PromptAnalyzer/Run3Mu_RunNoWZSF_RunSyst_RunCR_NoTreeMode/2023/Skim_TriLep_ZZTo4L_powheg.root
2026-04-12 20:41:08,329 - INFO - [2023] MISSING_FILE: /home/choij/Sync/workspace/ChargedHiggsAnalysisV3/SKNanoOutput/PromptAnalyzer/Run3Mu_RunNoWZSF_RunSyst_RunCR_NoTreeMode/2023/Skim_TriLep_VBFHToZZTo4L.root
2026-04-12 20:41:08,329 - INFO - [2023] MISSING_FILE: /home/choij/Sync/workspace/ChargedHiggsAnalysisV3/SKNanoOutput/PromptAnalyzer/Run3Mu_RunNoWZSF_RunSyst_RunCR_NoTreeMode/2023/Skim_TriLep_ggHToZZTo4L.root
2026-04-12 20:41:08,332 - INFO - [2023BPix] MISSING_CENTRAL: WZ3Mu/Central/ZCand/pt in Skim_TriLep_DYJets10to50.root
2026-04-12 20:41:08,333 - INFO - [2023BPix] MISSING_CENTRAL: WZ3Mu/Central/ZCand/pt in Skim_TriLep_TTG_PTG100to200.root
2026-04-12 20:41:08,333 - INFO - [2023BPix] MISSING_CENTRAL: WZ3Mu/Central/ZCand/pt in Skim_TriLep_TTG_PTG200toInf.root
2026-04-12 20:41:08,337 - INFO - [2023BPix] MISSING_FILE: /home/choij/Sync/workspace/ChargedHiggsAnalysisV3/SKNanoOutput/PromptAnalyzer/Run3Mu_RunNoWZSF_RunSyst_RunCR_NoTreeMode/2023BPix/Skim_TriLep_ZZTo4L_powheg.root
2026-04-12 20:41:08,341 - INFO - [2023BPix] MISSING_FILE: /home/choij/Sync/workspace/ChargedHiggsAnalysisV3/SKNanoOutput/PromptAnalyzer/Run3Mu_RunNoWZSF_RunSyst_RunCR_NoTreeMode/2023BPix/Skim_TriLep_VBFHToZZTo4L.root
2026-04-12 20:41:08,341 - INFO - [2023BPix] MISSING_FILE: /home/choij/Sync/workspace/ChargedHiggsAnalysisV3/SKNanoOutput/PromptAnalyzer/Run3Mu_RunNoWZSF_RunSyst_RunCR_NoTreeMode/2023BPix/Skim_TriLep_ggHToZZTo4L.root
2026-04-12 21:12:41,148 - INFO - [2022] MISSING_CENTRAL: WZ3Mu/Central/ZCand/pt in Skim_TriLep_DYJets.root
2026-04-12 21:12:41,148 - INFO - [2022] MISSING_CENTRAL: WZ3Mu/Central/ZCand/pt in Skim_TriLep_DYJets10to50.root
2026-04-12 21:12:41,149 - INFO - [2022] MISSING_CENTRAL: WZ3Mu/Central/ZCand/pt in Skim_TriLep_TTG_PTG10to100.root
2026-04-12 21:12:41,149 - INFO - [2022] MISSING_CENTRAL: WZ3Mu/Central/ZCand/pt in Skim_TriLep_TTG_PTG100to200.root
2026-04-12 21:12:41,149 - INFO - [2022] MISSING_CENTRAL: WZ3Mu/Central/ZCand/pt in Skim_TriLep_TTG_PTG200toInf.root
2026-04-12 21:12:41,291 - INFO - [2022EE] MISSING_CENTRAL: WZ3Mu/Central/ZCand/pt in Skim_TriLep_DYJets.root
2026-04-12 21:12:41,292 - INFO - [2022EE] MISSING_CENTRAL: WZ3Mu/Central/ZCand/pt in Skim_TriLep_DYJets10to50.root
2026-04-12 21:12:41,477 - INFO - [2023] MISSING_CENTRAL: WZ3Mu/Central/ZCand/pt in Skim_TriLep_DYJets10to50.root
2026-04-12 21:12:41,487 - INFO - [2023] MISSING_CENTRAL: WZ3Mu/Central/ZCand/pt in Skim_TriLep_TTG_PTG100to200.root
2026-04-12 21:12:41,487 - INFO - [2023] MISSING_CENTRAL: WZ3Mu/Central/ZCand/pt in Skim_TriLep_TTG_PTG200toInf.root
2026-04-12 21:12:41,647 - INFO - [2023BPix] MISSING_CENTRAL: WZ3Mu/Central/ZCand/pt in Skim_TriLep_DYJets10to50.root
2026-04-12 21:12:41,657 - INFO - [2023BPix] MISSING_CENTRAL: WZ3Mu/Central/ZCand/pt in Skim_TriLep_TTG_PTG100to200.root
2026-04-12 21:12:41,658 - INFO - [2023BPix] MISSING_CENTRAL: WZ3Mu/Central/ZCand/pt in Skim_TriLep_TTG_PTG200toInf.root
2026-04-12 21:12:46,123 - INFO - [2022] MISSING_CENTRAL: WZ3Mu/Central/ZCand/pt in Skim_TriLep_DYJets.root
2026-04-12 21:12:46,123 - INFO - [2022] MISSING_CENTRAL: WZ3Mu/Central/ZCand/pt in Skim_TriLep_DYJets10to50.root
2026-04-12 21:12:46,123 - INFO - [2022] MISSING_CENTRAL: WZ3Mu/Central/ZCand/pt in Skim_TriLep_TTG_PTG10to100.root
2026-04-12 21:12:46,124 - INFO - [2022] MISSING_CENTRAL: WZ3Mu/Central/ZCand/pt in Skim_TriLep_TTG_PTG100to200.root
2026-04-12 21:12:46,124 - INFO - [2022] MISSING_CENTRAL: WZ3Mu/Central/ZCand/pt in Skim_TriLep_TTG_PTG200toInf.root
2026-04-12 21:12:46,133 - INFO - [2022] MISSING_FILE: /home/choij/Sync/workspace/ChargedHiggsAnalysisV3/SKNanoOutput/PromptAnalyzer/Run3Mu_RunNoWZSF_RunSyst_RunCR_NoTreeMode/2022/Skim_TriLep_ZZTo4L_powheg.root
2026-04-12 21:12:46,137 - INFO - [2022] MISSING_FILE: /home/choij/Sync/workspace/ChargedHiggsAnalysisV3/SKNanoOutput/PromptAnalyzer/Run3Mu_RunNoWZSF_RunSyst_RunCR_NoTreeMode/2022/Skim_TriLep_VBFHToZZTo4L.root
2026-04-12 21:12:46,137 - INFO - [2022] MISSING_FILE: /home/choij/Sync/workspace/ChargedHiggsAnalysisV3/SKNanoOutput/PromptAnalyzer/Run3Mu_RunNoWZSF_RunSyst_RunCR_NoTreeMode/2022/Skim_TriLep_ggHToZZTo4L.root
2026-04-12 21:12:46,138 - INFO - [2022EE] MISSING_CENTRAL: WZ3Mu/Central/ZCand/pt in Skim_TriLep_DYJets.root
2026-04-12 21:12:46,139 - INFO - [2022EE] MISSING_CENTRAL: WZ3Mu/Central/ZCand/pt in Skim_TriLep_DYJets10to50.root
2026-04-12 21:12:46,144 - INFO - [2022EE] MISSING_FILE: /home/choij/Sync/workspace/ChargedHiggsAnalysisV3/SKNanoOutput/PromptAnalyzer/Run3Mu_RunNoWZSF_RunSyst_RunCR_NoTreeMode/2022EE/Skim_TriLep_ZZTo4L_powheg.root
2026-04-12 21:12:46,148 - INFO - [2022EE] MISSING_FILE: /home/choij/Sync/workspace/ChargedHiggsAnalysisV3/SKNanoOutput/PromptAnalyzer/Run3Mu_RunNoWZSF_RunSyst_RunCR_NoTreeMode/2022EE/Skim_TriLep_VBFHToZZTo4L.root
2026-04-12 21:12:46,148 - INFO - [2022EE] MISSING_FILE: /home/choij/Sync/workspace/ChargedHiggsAnalysisV3/SKNanoOutput/PromptAnalyzer/Run3Mu_RunNoWZSF_RunSyst_RunCR_NoTreeMode/2022EE/Skim_TriLep_ggHToZZTo4L.root
2026-04-12 21:12:46,153 - INFO - [2023] MISSING_CENTRAL: WZ3Mu/Central/ZCand/pt in Skim_TriLep_DYJets10to50.root
2026-04-12 21:12:46,154 - INFO - [2023] MISSING_CENTRAL: WZ3Mu/Central/ZCand/pt in Skim_TriLep_TTG_PTG100to200.root
2026-04-12 21:12:46,154 - INFO - [2023] MISSING_CENTRAL: WZ3Mu/Central/ZCand/pt in Skim_TriLep_TTG_PTG200toInf.root
2026-04-12 21:12:46,158 - INFO - [2023] MISSING_FILE: /home/choij/Sync/workspace/ChargedHiggsAnalysisV3/SKNanoOutput/PromptAnalyzer/Run3Mu_RunNoWZSF_RunSyst_RunCR_NoTreeMode/2023/Skim_TriLep_ZZTo4L_powheg.root
2026-04-12 21:12:46,162 - INFO - [2023] MISSING_FILE: /home/choij/Sync/workspace/ChargedHiggsAnalysisV3/SKNanoOutput/PromptAnalyzer/Run3Mu_RunNoWZSF_RunSyst_RunCR_NoTreeMode/2023/Skim_TriLep_VBFHToZZTo4L.root
2026-04-12 21:12:46,162 - INFO - [2023] MISSING_FILE: /home/choij/Sync/workspace/ChargedHiggsAnalysisV3/SKNanoOutput/PromptAnalyzer/Run3Mu_RunNoWZSF_RunSyst_RunCR_NoTreeMode/2023/Skim_TriLep_ggHToZZTo4L.root
2026-04-12 21:12:46,165 - INFO - [2023BPix] MISSING_CENTRAL: WZ3Mu/Central/ZCand/pt in Skim_TriLep_DYJets10to50.root
2026-04-12 21:12:46,166 - INFO - [2023BPix] MISSING_CENTRAL: WZ3Mu/Central/ZCand/pt in Skim_TriLep_TTG_PTG100to200.root
2026-04-12 21:12:46,166 - INFO - [2023BPix] MISSING_CENTRAL: WZ3Mu/Central/ZCand/pt in Skim_TriLep_TTG_PTG200toInf.root
2026-04-12 21:12:46,170 - INFO - [2023BPix] MISSING_FILE: /home/choij/Sync/workspace/ChargedHiggsAnalysisV3/SKNanoOutput/PromptAnalyzer/Run3Mu_RunNoWZSF_RunSyst_RunCR_NoTreeMode/2023BPix/Skim_TriLep_ZZTo4L_powheg.root
2026-04-12 21:12:46,175 - INFO - [2023BPix] MISSING_FILE: /home/choij/Sync/workspace/ChargedHiggsAnalysisV3/SKNanoOutput/PromptAnalyzer/Run3Mu_RunNoWZSF_RunSyst_RunCR_NoTreeMode/2023BPix/Skim_TriLep_VBFHToZZTo4L.root
2026-04-12 21:12:46,175 - INFO - [2023BPix] MISSING_FILE: /home/choij/Sync/workspace/ChargedHiggsAnalysisV3/SKNanoOutput/PromptAnalyzer/Run3Mu_RunNoWZSF_RunSyst_RunCR_NoTreeMode/2023BPix/Skim_TriLep_ggHToZZTo4L.root
2026-04-13 12:50:08,138 - INFO - [2022] MISSING_CENTRAL: WZ3Mu/Central/ZCand/pt in Skim_TriLep_DYJets.root
2026-04-13 12:50:08,138 - INFO - [2022] MISSING_CENTRAL: WZ3Mu/Central/ZCand/pt in Skim_TriLep_DYJets10to50.root
2026-04-13 12:50:08,139 - INFO - [2022] MISSING_CENTRAL: WZ3Mu/Central/ZCand/pt in Skim_TriLep_TTG_PTG10to100.root
2026-04-13 12:50:08,139 - INFO - [2022] MISSING_CENTRAL: WZ3Mu/Central/ZCand/pt in Skim_TriLep_TTG_PTG100to200.root
2026-04-13 12:50:08,140 - INFO - [2022] MISSING_CENTRAL: WZ3Mu/Central/ZCand/pt in Skim_TriLep_TTG_PTG200toInf.root
2026-04-13 12:50:08,414 - INFO - [2022EE] MISSING_CENTRAL: WZ3Mu/Central/ZCand/pt in Skim_TriLep_DYJets.root
2026-04-13 12:50:08,414 - INFO - [2022EE] MISSING_CENTRAL: WZ3Mu/Central/ZCand/pt in Skim_TriLep_DYJets10to50.root
2026-04-13 12:50:08,761 - INFO - [2023] MISSING_CENTRAL: WZ3Mu/Central/ZCand/pt in Skim_TriLep_DYJets10to50.root
2026-04-13 12:50:08,778 - INFO - [2023] MISSING_CENTRAL: WZ3Mu/Central/ZCand/pt in Skim_TriLep_TTG_PTG100to200.root
2026-04-13 12:50:08,779 - INFO - [2023] MISSING_CENTRAL: WZ3Mu/Central/ZCand/pt in Skim_TriLep_TTG_PTG200toInf.root
2026-04-13 12:50:08,974 - INFO - [2023BPix] MISSING_CENTRAL: WZ3Mu/Central/ZCand/pt in Skim_TriLep_DYJets10to50.root
2026-04-13 12:50:08,986 - INFO - [2023BPix] MISSING_CENTRAL: WZ3Mu/Central/ZCand/pt in Skim_TriLep_TTG_PTG100to200.root
2026-04-13 12:50:08,986 - INFO - [2023BPix] MISSING_CENTRAL: WZ3Mu/Central/ZCand/pt in Skim_TriLep_TTG_PTG200toInf.root
2026-04-13 12:50:13,924 - INFO - [2022] MISSING_CENTRAL: WZ3Mu/Central/ZCand/pt in Skim_TriLep_DYJets.root
2026-04-13 12:50:13,925 - INFO - [2022] MISSING_CENTRAL: WZ3Mu/Central/ZCand/pt in Skim_TriLep_DYJets10to50.root
2026-04-13 12:50:13,925 - INFO - [2022] MISSING_CENTRAL: WZ3Mu/Central/ZCand/pt in Skim_TriLep_TTG_PTG10to100.root
2026-04-13 12:50:13,925 - INFO - [2022] MISSING_CENTRAL: WZ3Mu/Central/ZCand/pt in Skim_TriLep_TTG_PTG100to200.root
2026-04-13 12:50:13,925 - INFO - [2022] MISSING_CENTRAL: WZ3Mu/Central/ZCand/pt in Skim_TriLep_TTG_PTG200toInf.root
2026-04-13 12:50:13,935 - INFO - [2022] MISSING_FILE: /home/choij/Sync/workspace/ChargedHiggsAnalysisV3/SKNanoOutput/PromptAnalyzer/Run3Mu_RunNoWZSF_RunSyst_RunCR_NoTreeMode/2022/Skim_TriLep_ZZTo4L_powheg.root
2026-04-13 12:50:13,940 - INFO - [2022] MISSING_FILE: /home/choij/Sync/workspace/ChargedHiggsAnalysisV3/SKNanoOutput/PromptAnalyzer/Run3Mu_RunNoWZSF_RunSyst_RunCR_NoTreeMode/2022/Skim_TriLep_VBFHToZZTo4L.root
2026-04-13 12:50:13,940 - INFO - [2022] MISSING_FILE: /home/choij/Sync/workspace/ChargedHiggsAnalysisV3/SKNanoOutput/PromptAnalyzer/Run3Mu_RunNoWZSF_RunSyst_RunCR_NoTreeMode/2022/Skim_TriLep_ggHToZZTo4L.root
2026-04-13 12:50:13,942 - INFO - [2022EE] MISSING_CENTRAL: WZ3Mu/Central/ZCand/pt in Skim_TriLep_DYJets.root
2026-04-13 12:50:13,943 - INFO - [2022EE] MISSING_CENTRAL: WZ3Mu/Central/ZCand/pt in Skim_TriLep_DYJets10to50.root
2026-04-13 12:50:13,951 - INFO - [2022EE] MISSING_FILE: /home/choij/Sync/workspace/ChargedHiggsAnalysisV3/SKNanoOutput/PromptAnalyzer/Run3Mu_RunNoWZSF_RunSyst_RunCR_NoTreeMode/2022EE/Skim_TriLep_ZZTo4L_powheg.root
2026-04-13 12:50:13,956 - INFO - [2022EE] MISSING_FILE: /home/choij/Sync/workspace/ChargedHiggsAnalysisV3/SKNanoOutput/PromptAnalyzer/Run3Mu_RunNoWZSF_RunSyst_RunCR_NoTreeMode/2022EE/Skim_TriLep_VBFHToZZTo4L.root
2026-04-13 12:50:13,956 - INFO - [2022EE] MISSING_FILE: /home/choij/Sync/workspace/ChargedHiggsAnalysisV3/SKNanoOutput/PromptAnalyzer/Run3Mu_RunNoWZSF_RunSyst_RunCR_NoTreeMode/2022EE/Skim_TriLep_ggHToZZTo4L.root
2026-04-13 12:50:13,962 - INFO - [2023] MISSING_CENTRAL: WZ3Mu/Central/ZCand/pt in Skim_TriLep_DYJets10to50.root
2026-04-13 12:50:13,963 - INFO - [2023] MISSING_CENTRAL: WZ3Mu/Central/ZCand/pt in Skim_TriLep_TTG_PTG100to200.root
2026-04-13 12:50:13,963 - INFO - [2023] MISSING_CENTRAL: WZ3Mu/Central/ZCand/pt in Skim_TriLep_TTG_PTG200toInf.root
2026-04-13 12:50:13,968 - INFO - [2023] MISSING_FILE: /home/choij/Sync/workspace/ChargedHiggsAnalysisV3/SKNanoOutput/PromptAnalyzer/Run3Mu_RunNoWZSF_RunSyst_RunCR_NoTreeMode/2023/Skim_TriLep_ZZTo4L_powheg.root
2026-04-13 12:50:13,973 - INFO - [2023] MISSING_FILE: /home/choij/Sync/workspace/ChargedHiggsAnalysisV3/SKNanoOutput/PromptAnalyzer/Run3Mu_RunNoWZSF_RunSyst_RunCR_NoTreeMode/2023/Skim_TriLep_VBFHToZZTo4L.root
2026-04-13 12:50:13,973 - INFO - [2023] MISSING_FILE: /home/choij/Sync/workspace/ChargedHiggsAnalysisV3/SKNanoOutput/PromptAnalyzer/Run3Mu_RunNoWZSF_RunSyst_RunCR_NoTreeMode/2023/Skim_TriLep_ggHToZZTo4L.root
2026-04-13 12:50:13,977 - INFO - [2023BPix] MISSING_CENTRAL: WZ3Mu/Central/ZCand/pt in Skim_TriLep_DYJets10to50.root
2026-04-13 12:50:13,978 - INFO - [2023BPix] MISSING_CENTRAL: WZ3Mu/Central/ZCand/pt in Skim_TriLep_TTG_PTG100to200.root
2026-04-13 12:50:13,978 - INFO - [2023BPix] MISSING_CENTRAL: WZ3Mu/Central/ZCand/pt in Skim_TriLep_TTG_PTG200toInf.root
2026-04-13 12:50:13,983 - INFO - [2023BPix] MISSING_FILE: /home/choij/Sync/workspace/ChargedHiggsAnalysisV3/SKNanoOutput/PromptAnalyzer/Run3Mu_RunNoWZSF_RunSyst_RunCR_NoTreeMode/2023BPix/Skim_TriLep_ZZTo4L_powheg.root
2026-04-13 12:50:13,988 - INFO - [2023BPix] MISSING_FILE: /home/choij/Sync/workspace/ChargedHiggsAnalysisV3/SKNanoOutput/PromptAnalyzer/Run3Mu_RunNoWZSF_RunSyst_RunCR_NoTreeMode/2023BPix/Skim_TriLep_VBFHToZZTo4L.root
2026-04-13 12:50:13,988 - INFO - [2023BPix] MISSING_FILE: /home/choij/Sync/workspace/ChargedHiggsAnalysisV3/SKNanoOutput/PromptAnalyzer/Run3Mu_RunNoWZSF_RunSyst_RunCR_NoTreeMode/2023BPix/Skim_TriLep_ggHToZZTo4L.root
2026-06-03 21:10:01,228 - INFO - [2022] MISSING_CENTRAL: WZ3Mu/Central/ZCand/pt in Skim_TriLep_DYJets.root
2026-06-03 21:10:01,229 - INFO - [2022] MISSING_CENTRAL: WZ3Mu/Central/ZCand/pt in Skim_TriLep_DYJets10to50.root
2026-06-03 21:10:01,230 - INFO - [2022] MISSING_CENTRAL: WZ3Mu/Central/ZCand/pt in Skim_TriLep_TTG_PTG10to100.root
2026-06-03 21:10:01,230 - INFO - [2022] MISSING_CENTRAL: WZ3Mu/Central/ZCand/pt in Skim_TriLep_TTG_PTG100to200.root
2026-06-03 21:10:01,230 - INFO - [2022] MISSING_CENTRAL: WZ3Mu/Central/ZCand/pt in Skim_TriLep_TTG_PTG200toInf.root
2026-06-03 21:10:01,429 - INFO - [2022EE] MISSING_CENTRAL: WZ3Mu/Central/ZCand/pt in Skim_TriLep_DYJets.root
2026-06-03 21:10:01,429 - INFO - [2022EE] MISSING_CENTRAL: WZ3Mu/Central/ZCand/pt in Skim_TriLep_DYJets10to50.root
2026-06-03 21:10:01,659 - INFO - [2023] MISSING_CENTRAL: WZ3Mu/Central/ZCand/pt in Skim_TriLep_DYJets10to50.root
2026-06-03 21:10:01,670 - INFO - [2023] MISSING_CENTRAL: WZ3Mu/Central/ZCand/pt in Skim_TriLep_TTG_PTG100to200.root
2026-06-03 21:10:01,670 - INFO - [2023] MISSING_CENTRAL: WZ3Mu/Central/ZCand/pt in Skim_TriLep_TTG_PTG200toInf.root
2026-06-03 21:10:01,866 - INFO - [2023BPix] MISSING_CENTRAL: WZ3Mu/Central/ZCand/pt in Skim_TriLep_DYJets10to50.root
2026-06-03 21:10:01,877 - INFO - [2023BPix] MISSING_CENTRAL: WZ3Mu/Central/ZCand/pt in Skim_TriLep_TTG_PTG100to200.root
2026-06-03 21:10:01,877 - INFO - [2023BPix] MISSING_CENTRAL: WZ3Mu/Central/ZCand/pt in Skim_TriLep_TTG_PTG200toInf.root
2026-06-03 21:10:06,438 - INFO - [2022] MISSING_CENTRAL: WZ3Mu/Central/ZCand/pt in Skim_TriLep_DYJets.root
2026-06-03 21:10:06,439 - INFO - [2022] MISSING_CENTRAL: WZ3Mu/Central/ZCand/pt in Skim_TriLep_DYJets10to50.root
2026-06-03 21:10:06,439 - INFO - [2022] MISSING_CENTRAL: WZ3Mu/Central/ZCand/pt in Skim_TriLep_TTG_PTG10to100.root
2026-06-03 21:10:06,439 - INFO - [2022] MISSING_CENTRAL: WZ3Mu/Central/ZCand/pt in Skim_TriLep_TTG_PTG100to200.root
2026-06-03 21:10:06,440 - INFO - [2022] MISSING_CENTRAL: WZ3Mu/Central/ZCand/pt in Skim_TriLep_TTG_PTG200toInf.root
2026-06-03 21:10:06,450 - INFO - [2022] MISSING_FILE: /home/choij/Sync/workspace/ChargedHiggsAnalysisV3/SKNanoOutput/PromptAnalyzer/Run3Mu_RunNoWZSF_RunSyst_RunCR_NoTreeMode/2022/Skim_TriLep_ZZTo4L_powheg.root
2026-06-03 21:10:06,454 - INFO - [2022] MISSING_FILE: /home/choij/Sync/workspace/ChargedHiggsAnalysisV3/SKNanoOutput/PromptAnalyzer/Run3Mu_RunNoWZSF_RunSyst_RunCR_NoTreeMode/2022/Skim_TriLep_VBFHToZZTo4L.root
2026-06-03 21:10:06,454 - INFO - [2022] MISSING_FILE: /home/choij/Sync/workspace/ChargedHiggsAnalysisV3/SKNanoOutput/PromptAnalyzer/Run3Mu_RunNoWZSF_RunSyst_RunCR_NoTreeMode/2022/Skim_TriLep_ggHToZZTo4L.root
2026-06-03 21:10:06,456 - INFO - [2022EE] MISSING_CENTRAL: WZ3Mu/Central/ZCand/pt in Skim_TriLep_DYJets.root
2026-06-03 21:10:06,457 - INFO - [2022EE] MISSING_CENTRAL: WZ3Mu/Central/ZCand/pt in Skim_TriLep_DYJets10to50.root
2026-06-03 21:10:06,464 - INFO - [2022EE] MISSING_FILE: /home/choij/Sync/workspace/ChargedHiggsAnalysisV3/SKNanoOutput/PromptAnalyzer/Run3Mu_RunNoWZSF_RunSyst_RunCR_NoTreeMode/2022EE/Skim_TriLep_ZZTo4L_powheg.root
2026-06-03 21:10:06,469 - INFO - [2022EE] MISSING_FILE: /home/choij/Sync/workspace/ChargedHiggsAnalysisV3/SKNanoOutput/PromptAnalyzer/Run3Mu_RunNoWZSF_RunSyst_RunCR_NoTreeMode/2022EE/Skim_TriLep_VBFHToZZTo4L.root
2026-06-03 21:10:06,469 - INFO - [2022EE] MISSING_FILE: /home/choij/Sync/workspace/ChargedHiggsAnalysisV3/SKNanoOutput/PromptAnalyzer/Run3Mu_RunNoWZSF_RunSyst_RunCR_NoTreeMode/2022EE/Skim_TriLep_ggHToZZTo4L.root
2026-06-03 21:10:06,474 - INFO - [2023] MISSING_CENTRAL: WZ3Mu/Central/ZCand/pt in Skim_TriLep_DYJets10to50.root
2026-06-03 21:10:06,475 - INFO - [2023] MISSING_CENTRAL: WZ3Mu/Central/ZCand/pt in Skim_TriLep_TTG_PTG100to200.root
2026-06-03 21:10:06,476 - INFO - [2023] MISSING_CENTRAL: WZ3Mu/Central/ZCand/pt in Skim_TriLep_TTG_PTG200toInf.root
2026-06-03 21:10:06,480 - INFO - [2023] MISSING_FILE: /home/choij/Sync/workspace/ChargedHiggsAnalysisV3/SKNanoOutput/PromptAnalyzer/Run3Mu_RunNoWZSF_RunSyst_RunCR_NoTreeMode/2023/Skim_TriLep_ZZTo4L_powheg.root
2026-06-03 21:10:06,485 - INFO - [2023] MISSING_FILE: /home/choij/Sync/workspace/ChargedHiggsAnalysisV3/SKNanoOutput/PromptAnalyzer/Run3Mu_RunNoWZSF_RunSyst_RunCR_NoTreeMode/2023/Skim_TriLep_VBFHToZZTo4L.root
2026-06-03 21:10:06,485 - INFO - [2023] MISSING_FILE: /home/choij/Sync/workspace/ChargedHiggsAnalysisV3/SKNanoOutput/PromptAnalyzer/Run3Mu_RunNoWZSF_RunSyst_RunCR_NoTreeMode/2023/Skim_TriLep_ggHToZZTo4L.root
2026-06-03 21:10:06,489 - INFO - [2023BPix] MISSING_CENTRAL: WZ3Mu/Central/ZCand/pt in Skim_TriLep_DYJets10to50.root
2026-06-03 21:10:06,490 - INFO - [2023BPix] MISSING_CENTRAL: WZ3Mu/Central/ZCand/pt in Skim_TriLep_TTG_PTG100to200.root
2026-06-03 21:10:06,490 - INFO - [2023BPix] MISSING_CENTRAL: WZ3Mu/Central/ZCand/pt in Skim_TriLep_TTG_PTG200toInf.root
2026-06-03 21:10:06,495 - INFO - [2023BPix] MISSING_FILE: /home/choij/Sync/workspace/ChargedHiggsAnalysisV3/SKNanoOutput/PromptAnalyzer/Run3Mu_RunNoWZSF_RunSyst_RunCR_NoTreeMode/2023BPix/Skim_TriLep_ZZTo4L_powheg.root
2026-06-03 21:10:06,500 - INFO - [2023BPix] MISSING_FILE: /home/choij/Sync/workspace/ChargedHiggsAnalysisV3/SKNanoOutput/PromptAnalyzer/Run3Mu_RunNoWZSF_RunSyst_RunCR_NoTreeMode/2023BPix/Skim_TriLep_VBFHToZZTo4L.root
2026-06-03 21:10:06,500 - INFO - [2023BPix] MISSING_FILE: /home/choij/Sync/workspace/ChargedHiggsAnalysisV3/SKNanoOutput/PromptAnalyzer/Run3Mu_RunNoWZSF_RunSyst_RunCR_NoTreeMode/2023BPix/Skim_TriLep_ggHToZZTo4L.root
2026-06-12 13:59:48,104 - INFO - [2022] MISSING_CENTRAL: WZ3Mu/Central/ZCand/pt in Skim_TriLep_DYJets.root
2026-06-12 13:59:48,104 - INFO - [2022] MISSING_CENTRAL: WZ3Mu/Central/ZCand/pt in Skim_TriLep_DYJets10to50.root
2026-06-12 13:59:48,105 - INFO - [2022] MISSING_CENTRAL: WZ3Mu/Central/ZCand/pt in Skim_TriLep_TTG_PTG10to100.root
2026-06-12 13:59:48,105 - INFO - [2022] MISSING_CENTRAL: WZ3Mu/Central/ZCand/pt in Skim_TriLep_TTG_PTG100to200.root
2026-06-12 13:59:48,105 - INFO - [2022] MISSING_CENTRAL: WZ3Mu/Central/ZCand/pt in Skim_TriLep_TTG_PTG200toInf.root
2026-06-12 13:59:48,283 - INFO - [2022EE] MISSING_CENTRAL: WZ3Mu/Central/ZCand/pt in Skim_TriLep_DYJets.root
2026-06-12 13:59:48,283 - INFO - [2022EE] MISSING_CENTRAL: WZ3Mu/Central/ZCand/pt in Skim_TriLep_DYJets10to50.root
2026-06-12 13:59:48,504 - INFO - [2023] MISSING_CENTRAL: WZ3Mu/Central/ZCand/pt in Skim_TriLep_DYJets10to50.root
2026-06-12 13:59:48,515 - INFO - [2023] MISSING_CENTRAL: WZ3Mu/Central/ZCand/pt in Skim_TriLep_TTG_PTG100to200.root
2026-06-12 13:59:48,516 - INFO - [2023] MISSING_CENTRAL: WZ3Mu/Central/ZCand/pt in Skim_TriLep_TTG_PTG200toInf.root
2026-06-12 13:59:48,712 - INFO - [2023BPix] MISSING_CENTRAL: WZ3Mu/Central/ZCand/pt in Skim_TriLep_DYJets10to50.root
2026-06-12 13:59:48,724 - INFO - [2023BPix] MISSING_CENTRAL: WZ3Mu/Central/ZCand/pt in Skim_TriLep_TTG_PTG100to200.root
2026-06-12 13:59:48,724 - INFO - [2023BPix] MISSING_CENTRAL: WZ3Mu/Central/ZCand/pt in Skim_TriLep_TTG_PTG200toInf.root
2026-06-12 13:59:53,304 - INFO - [2022] MISSING_CENTRAL: WZ3Mu/Central/ZCand/pt in Skim_TriLep_DYJets.root
2026-06-12 13:59:53,304 - INFO - [2022] MISSING_CENTRAL: WZ3Mu/Central/ZCand/pt in Skim_TriLep_DYJets10to50.root
2026-06-12 13:59:53,304 - INFO - [2022] MISSING_CENTRAL: WZ3Mu/Central/ZCand/pt in Skim_TriLep_TTG_PTG10to100.root
2026-06-12 13:59:53,305 - INFO - [2022] MISSING_CENTRAL: WZ3Mu/Central/ZCand/pt in Skim_TriLep_TTG_PTG100to200.root
2026-06-12 13:59:53,305 - INFO - [2022] MISSING_CENTRAL: WZ3Mu/Central/ZCand/pt in Skim_TriLep_TTG_PTG200toInf.root
2026-06-12 13:59:53,314 - INFO - [2022] MISSING_FILE: /home/choij/Sync/workspace/ChargedHiggsAnalysisV3/SKNanoOutput/PromptAnalyzer/Run3Mu_RunNoWZSF_RunSyst_RunCR_NoTreeMode/2022/Skim_TriLep_ZZTo4L_powheg.root
2026-06-12 13:59:53,319 - INFO - [2022] MISSING_FILE: /home/choij/Sync/workspace/ChargedHiggsAnalysisV3/SKNanoOutput/PromptAnalyzer/Run3Mu_RunNoWZSF_RunSyst_RunCR_NoTreeMode/2022/Skim_TriLep_VBFHToZZTo4L.root
2026-06-12 13:59:53,319 - INFO - [2022] MISSING_FILE: /home/choij/Sync/workspace/ChargedHiggsAnalysisV3/SKNanoOutput/PromptAnalyzer/Run3Mu_RunNoWZSF_RunSyst_RunCR_NoTreeMode/2022/Skim_TriLep_ggHToZZTo4L.root
2026-06-12 13:59:53,321 - INFO - [2022EE] MISSING_CENTRAL: WZ3Mu/Central/ZCand/pt in Skim_TriLep_DYJets.root
2026-06-12 13:59:53,322 - INFO - [2022EE] MISSING_CENTRAL: WZ3Mu/Central/ZCand/pt in Skim_TriLep_DYJets10to50.root
2026-06-12 13:59:53,329 - INFO - [2022EE] MISSING_FILE: /home/choij/Sync/workspace/ChargedHiggsAnalysisV3/SKNanoOutput/PromptAnalyzer/Run3Mu_RunNoWZSF_RunSyst_RunCR_NoTreeMode/2022EE/Skim_TriLep_ZZTo4L_powheg.root
2026-06-12 13:59:53,333 - INFO - [2022EE] MISSING_FILE: /home/choij/Sync/workspace/ChargedHiggsAnalysisV3/SKNanoOutput/PromptAnalyzer/Run3Mu_RunNoWZSF_RunSyst_RunCR_NoTreeMode/2022EE/Skim_TriLep_VBFHToZZTo4L.root
2026-06-12 13:59:53,334 - INFO - [2022EE] MISSING_FILE: /home/choij/Sync/workspace/ChargedHiggsAnalysisV3/SKNanoOutput/PromptAnalyzer/Run3Mu_RunNoWZSF_RunSyst_RunCR_NoTreeMode/2022EE/Skim_TriLep_ggHToZZTo4L.root
2026-06-12 13:59:53,339 - INFO - [2023] MISSING_CENTRAL: WZ3Mu/Central/ZCand/pt in Skim_TriLep_DYJets10to50.root
2026-06-12 13:59:53,340 - INFO - [2023] MISSING_CENTRAL: WZ3Mu/Central/ZCand/pt in Skim_TriLep_TTG_PTG100to200.root
2026-06-12 13:59:53,341 - INFO - [2023] MISSING_CENTRAL: WZ3Mu/Central/ZCand/pt in Skim_TriLep_TTG_PTG200toInf.root
2026-06-12 13:59:53,345 - INFO - [2023] MISSING_FILE: /home/choij/Sync/workspace/ChargedHiggsAnalysisV3/SKNanoOutput/PromptAnalyzer/Run3Mu_RunNoWZSF_RunSyst_RunCR_NoTreeMode/2023/Skim_TriLep_ZZTo4L_powheg.root
2026-06-12 13:59:53,350 - INFO - [2023] MISSING_FILE: /home/choij/Sync/workspace/ChargedHiggsAnalysisV3/SKNanoOutput/PromptAnalyzer/Run3Mu_RunNoWZSF_RunSyst_RunCR_NoTreeMode/2023/Skim_TriLep_VBFHToZZTo4L.root
2026-06-12 13:59:53,350 - INFO - [2023] MISSING_FILE: /home/choij/Sync/workspace/ChargedHiggsAnalysisV3/SKNanoOutput/PromptAnalyzer/Run3Mu_RunNoWZSF_RunSyst_RunCR_NoTreeMode/2023/Skim_TriLep_ggHToZZTo4L.root
2026-06-12 13:59:53,354 - INFO - [2023BPix] MISSING_CENTRAL: WZ3Mu/Central/ZCand/pt in Skim_TriLep_DYJets10to50.root
2026-06-12 13:59:53,355 - INFO - [2023BPix] MISSING_CENTRAL: WZ3Mu/Central/ZCand/pt in Skim_TriLep_TTG_PTG100to200.root
2026-06-12 13:59:53,355 - INFO - [2023BPix] MISSING_CENTRAL: WZ3Mu/Central/ZCand/pt in Skim_TriLep_TTG_PTG200toInf.root
2026-06-12 13:59:53,360 - INFO - [2023BPix] MISSING_FILE: /home/choij/Sync/workspace/ChargedHiggsAnalysisV3/SKNanoOutput/PromptAnalyzer/Run3Mu_RunNoWZSF_RunSyst_RunCR_NoTreeMode/2023BPix/Skim_TriLep_ZZTo4L_powheg.root
2026-06-12 13:59:53,365 - INFO - [2023BPix] MISSING_FILE: /home/choij/Sync/workspace/ChargedHiggsAnalysisV3/SKNanoOutput/PromptAnalyzer/Run3Mu_RunNoWZSF_RunSyst_RunCR_NoTreeMode/2023BPix/Skim_TriLep_VBFHToZZTo4L.root
2026-06-12 13:59:53,365 - INFO - [2023BPix] MISSING_FILE: /home/choij/Sync/workspace/ChargedHiggsAnalysisV3/SKNanoOutput/PromptAnalyzer/Run3Mu_RunNoWZSF_RunSyst_RunCR_NoTreeMode/2023BPix/Skim_TriLep_ggHToZZTo4L.root
2026-06-12 14:11:51,986 - INFO - [2022] MISSING_CENTRAL: WZ3Mu/Central/ZCand/pt in Skim_TriLep_DYJets.root
2026-06-12 14:11:51,987 - INFO - [2022] MISSING_CENTRAL: WZ3Mu/Central/ZCand/pt in Skim_TriLep_DYJets10to50.root
2026-06-12 14:11:51,987 - INFO - [2022] MISSING_CENTRAL: WZ3Mu/Central/ZCand/pt in Skim_TriLep_TTG_PTG10to100.root
2026-06-12 14:11:51,987 - INFO - [2022] MISSING_CENTRAL: WZ3Mu/Central/ZCand/pt in Skim_TriLep_TTG_PTG100to200.root
2026-06-12 14:11:51,987 - INFO - [2022] MISSING_CENTRAL: WZ3Mu/Central/ZCand/pt in Skim_TriLep_TTG_PTG200toInf.root
2026-06-12 14:11:52,169 - INFO - [2022EE] MISSING_CENTRAL: WZ3Mu/Central/ZCand/pt in Skim_TriLep_DYJets.root
2026-06-12 14:11:52,170 - INFO - [2022EE] MISSING_CENTRAL: WZ3Mu/Central/ZCand/pt in Skim_TriLep_DYJets10to50.root
2026-06-12 14:11:52,393 - INFO - [2023] MISSING_CENTRAL: WZ3Mu/Central/ZCand/pt in Skim_TriLep_DYJets10to50.root
2026-06-12 14:11:52,404 - INFO - [2023] MISSING_CENTRAL: WZ3Mu/Central/ZCand/pt in Skim_TriLep_TTG_PTG100to200.root
2026-06-12 14:11:52,405 - INFO - [2023] MISSING_CENTRAL: WZ3Mu/Central/ZCand/pt in Skim_TriLep_TTG_PTG200toInf.root
2026-06-12 14:11:52,602 - INFO - [2023BPix] MISSING_CENTRAL: WZ3Mu/Central/ZCand/pt in Skim_TriLep_DYJets10to50.root
2026-06-12 14:11:52,613 - INFO - [2023BPix] MISSING_CENTRAL: WZ3Mu/Central/ZCand/pt in Skim_TriLep_TTG_PTG100to200.root
2026-06-12 14:11:52,614 - INFO - [2023BPix] MISSING_CENTRAL: WZ3Mu/Central/ZCand/pt in Skim_TriLep_TTG_PTG200toInf.root
2026-06-12 14:11:57,422 - INFO - [2022] MISSING_CENTRAL: WZ3Mu/Central/ZCand/pt in Skim_TriLep_DYJets.root
2026-06-12 14:11:57,422 - INFO - [2022] MISSING_CENTRAL: WZ3Mu/Central/ZCand/pt in Skim_TriLep_DYJets10to50.root
2026-06-12 14:11:57,423 - INFO - [2022] MISSING_CENTRAL: WZ3Mu/Central/ZCand/pt in Skim_TriLep_TTG_PTG10to100.root
2026-06-12 14:11:57,423 - INFO - [2022] MISSING_CENTRAL: WZ3Mu/Central/ZCand/pt in Skim_TriLep_TTG_PTG100to200.root
2026-06-12 14:11:57,423 - INFO - [2022] MISSING_CENTRAL: WZ3Mu/Central/ZCand/pt in Skim_TriLep_TTG_PTG200toInf.root
2026-06-12 14:11:57,433 - INFO - [2022] MISSING_FILE: /home/choij/Sync/workspace/ChargedHiggsAnalysisV3/SKNanoOutput/PromptAnalyzer/Run3Mu_RunNoWZSF_RunSyst_RunCR_NoTreeMode/2022/Skim_TriLep_ZZTo4L_powheg.root
2026-06-12 14:11:57,437 - INFO - [2022] MISSING_FILE: /home/choij/Sync/workspace/ChargedHiggsAnalysisV3/SKNanoOutput/PromptAnalyzer/Run3Mu_RunNoWZSF_RunSyst_RunCR_NoTreeMode/2022/Skim_TriLep_VBFHToZZTo4L.root
2026-06-12 14:11:57,437 - INFO - [2022] MISSING_FILE: /home/choij/Sync/workspace/ChargedHiggsAnalysisV3/SKNanoOutput/PromptAnalyzer/Run3Mu_RunNoWZSF_RunSyst_RunCR_NoTreeMode/2022/Skim_TriLep_ggHToZZTo4L.root
2026-06-12 14:11:57,439 - INFO - [2022EE] MISSING_CENTRAL: WZ3Mu/Central/ZCand/pt in Skim_TriLep_DYJets.root
2026-06-12 14:11:57,440 - INFO - [2022EE] MISSING_CENTRAL: WZ3Mu/Central/ZCand/pt in Skim_TriLep_DYJets10to50.root
2026-06-12 14:11:57,447 - INFO - [2022EE] MISSING_FILE: /home/choij/Sync/workspace/ChargedHiggsAnalysisV3/SKNanoOutput/PromptAnalyzer/Run3Mu_RunNoWZSF_RunSyst_RunCR_NoTreeMode/2022EE/Skim_TriLep_ZZTo4L_powheg.root
2026-06-12 14:11:57,452 - INFO - [2022EE] MISSING_FILE: /home/choij/Sync/workspace/ChargedHiggsAnalysisV3/SKNanoOutput/PromptAnalyzer/Run3Mu_RunNoWZSF_RunSyst_RunCR_NoTreeMode/2022EE/Skim_TriLep_VBFHToZZTo4L.root
2026-06-12 14:11:57,452 - INFO - [2022EE] MISSING_FILE: /home/choij/Sync/workspace/ChargedHiggsAnalysisV3/SKNanoOutput/PromptAnalyzer/Run3Mu_RunNoWZSF_RunSyst_RunCR_NoTreeMode/2022EE/Skim_TriLep_ggHToZZTo4L.root
2026-06-12 14:11:57,457 - INFO - [2023] MISSING_CENTRAL: WZ3Mu/Central/ZCand/pt in Skim_TriLep_DYJets10to50.root
2026-06-12 14:11:57,459 - INFO - [2023] MISSING_CENTRAL: WZ3Mu/Central/ZCand/pt in Skim_TriLep_TTG_PTG100to200.root
2026-06-12 14:11:57,459 - INFO - [2023] MISSING_CENTRAL: WZ3Mu/Central/ZCand/pt in Skim_TriLep_TTG_PTG200toInf.root
2026-06-12 14:11:57,463 - INFO - [2023] MISSING_FILE: /home/choij/Sync/workspace/ChargedHiggsAnalysisV3/SKNanoOutput/PromptAnalyzer/Run3Mu_RunNoWZSF_RunSyst_RunCR_NoTreeMode/2023/Skim_TriLep_ZZTo4L_powheg.root
2026-06-12 14:11:57,468 - INFO - [2023] MISSING_FILE: /home/choij/Sync/workspace/ChargedHiggsAnalysisV3/SKNanoOutput/PromptAnalyzer/Run3Mu_RunNoWZSF_RunSyst_RunCR_NoTreeMode/2023/Skim_TriLep_VBFHToZZTo4L.root
2026-06-12 14:11:57,468 - INFO - [2023] MISSING_FILE: /home/choij/Sync/workspace/ChargedHiggsAnalysisV3/SKNanoOutput/PromptAnalyzer/Run3Mu_RunNoWZSF_RunSyst_RunCR_NoTreeMode/2023/Skim_TriLep_ggHToZZTo4L.root
2026-06-12 14:11:57,472 - INFO - [2023BPix] MISSING_CENTRAL: WZ3Mu/Central/ZCand/pt in Skim_TriLep_DYJets10to50.root
2026-06-12 14:11:57,473 - INFO - [2023BPix] MISSING_CENTRAL: WZ3Mu/Central/ZCand/pt in Skim_TriLep_TTG_PTG100to200.root
2026-06-12 14:11:57,473 - INFO - [2023BPix] MISSING_CENTRAL: WZ3Mu/Central/ZCand/pt in Skim_TriLep_TTG_PTG200toInf.root
2026-06-12 14:11:57,478 - INFO - [2023BPix] MISSING_FILE: /home/choij/Sync/workspace/ChargedHiggsAnalysisV3/SKNanoOutput/PromptAnalyzer/Run3Mu_RunNoWZSF_RunSyst_RunCR_NoTreeMode/2023BPix/Skim_TriLep_ZZTo4L_powheg.root
2026-06-12 14:11:57,483 - INFO - [2023BPix] MISSING_FILE: /home/choij/Sync/workspace/ChargedHiggsAnalysisV3/SKNanoOutput/PromptAnalyzer/Run3Mu_RunNoWZSF_RunSyst_RunCR_NoTreeMode/2023BPix/Skim_TriLep_VBFHToZZTo4L.root
2026-06-12 14:11:57,483 - INFO - [2023BPix] MISSING_FILE: /home/choij/Sync/workspace/ChargedHiggsAnalysisV3/SKNanoOutput/PromptAnalyzer/Run3Mu_RunNoWZSF_RunSyst_RunCR_NoTreeMode/2023BPix/Skim_TriLep_ggHToZZTo4L.root
2026-06-12 14:35:47,495 - INFO - [2022] MISSING_CENTRAL: WZ3Mu/Central/ZCand/pt in Skim_TriLep_DYJets.root
2026-06-12 14:35:47,495 - INFO - [2022] MISSING_CENTRAL: WZ3Mu/Central/ZCand/pt in Skim_TriLep_DYJets10to50.root
2026-06-12 14:35:47,496 - INFO - [2022] MISSING_CENTRAL: WZ3Mu/Central/ZCand/pt in Skim_TriLep_TTG_PTG10to100.root
2026-06-12 14:35:47,496 - INFO - [2022] MISSING_CENTRAL: WZ3Mu/Central/ZCand/pt in Skim_TriLep_TTG_PTG100to200.root
2026-06-12 14:35:47,496 - INFO - [2022] MISSING_CENTRAL: WZ3Mu/Central/ZCand/pt in Skim_TriLep_TTG_PTG200toInf.root
2026-06-12 14:35:47,680 - INFO - [2022EE] MISSING_CENTRAL: WZ3Mu/Central/ZCand/pt in Skim_TriLep_DYJets.root
2026-06-12 14:35:47,681 - INFO - [2022EE] MISSING_CENTRAL: WZ3Mu/Central/ZCand/pt in Skim_TriLep_DYJets10to50.root
2026-06-12 14:35:47,903 - INFO - [2023] MISSING_CENTRAL: WZ3Mu/Central/ZCand/pt in Skim_TriLep_DYJets10to50.root
2026-06-12 14:35:47,914 - INFO - [2023] MISSING_CENTRAL: WZ3Mu/Central/ZCand/pt in Skim_TriLep_TTG_PTG100to200.root
2026-06-12 14:35:47,914 - INFO - [2023] MISSING_CENTRAL: WZ3Mu/Central/ZCand/pt in Skim_TriLep_TTG_PTG200toInf.root
2026-06-12 14:35:48,111 - INFO - [2023BPix] MISSING_CENTRAL: WZ3Mu/Central/ZCand/pt in Skim_TriLep_DYJets10to50.root
2026-06-12 14:35:48,123 - INFO - [2023BPix] MISSING_CENTRAL: WZ3Mu/Central/ZCand/pt in Skim_TriLep_TTG_PTG100to200.root
2026-06-12 14:35:48,124 - INFO - [2023BPix] MISSING_CENTRAL: WZ3Mu/Central/ZCand/pt in Skim_TriLep_TTG_PTG200toInf.root
2026-06-12 14:35:52,940 - INFO - [2022] MISSING_CENTRAL: WZ3Mu/Central/ZCand/pt in Skim_TriLep_DYJets.root
2026-06-12 14:35:52,940 - INFO - [2022] MISSING_CENTRAL: WZ3Mu/Central/ZCand/pt in Skim_TriLep_DYJets10to50.root
2026-06-12 14:35:52,941 - INFO - [2022] MISSING_CENTRAL: WZ3Mu/Central/ZCand/pt in Skim_TriLep_TTG_PTG10to100.root
2026-06-12 14:35:52,941 - INFO - [2022] MISSING_CENTRAL: WZ3Mu/Central/ZCand/pt in Skim_TriLep_TTG_PTG100to200.root
2026-06-12 14:35:52,941 - INFO - [2022] MISSING_CENTRAL: WZ3Mu/Central/ZCand/pt in Skim_TriLep_TTG_PTG200toInf.root
2026-06-12 14:35:52,951 - INFO - [2022] MISSING_FILE: /home/choij/Sync/workspace/ChargedHiggsAnalysisV3/SKNanoOutput/PromptAnalyzer/Run3Mu_RunNoWZSF_RunSyst_RunCR_NoTreeMode/2022/Skim_TriLep_ZZTo4L_powheg.root
2026-06-12 14:35:52,956 - INFO - [2022] MISSING_FILE: /home/choij/Sync/workspace/ChargedHiggsAnalysisV3/SKNanoOutput/PromptAnalyzer/Run3Mu_RunNoWZSF_RunSyst_RunCR_NoTreeMode/2022/Skim_TriLep_VBFHToZZTo4L.root
2026-06-12 14:35:52,956 - INFO - [2022] MISSING_FILE: /home/choij/Sync/workspace/ChargedHiggsAnalysisV3/SKNanoOutput/PromptAnalyzer/Run3Mu_RunNoWZSF_RunSyst_RunCR_NoTreeMode/2022/Skim_TriLep_ggHToZZTo4L.root
2026-06-12 14:35:52,958 - INFO - [2022EE] MISSING_CENTRAL: WZ3Mu/Central/ZCand/pt in Skim_TriLep_DYJets.root
2026-06-12 14:35:52,958 - INFO - [2022EE] MISSING_CENTRAL: WZ3Mu/Central/ZCand/pt in Skim_TriLep_DYJets10to50.root
2026-06-12 14:35:52,966 - INFO - [2022EE] MISSING_FILE: /home/choij/Sync/workspace/ChargedHiggsAnalysisV3/SKNanoOutput/PromptAnalyzer/Run3Mu_RunNoWZSF_RunSyst_RunCR_NoTreeMode/2022EE/Skim_TriLep_ZZTo4L_powheg.root
2026-06-12 14:35:52,971 - INFO - [2022EE] MISSING_FILE: /home/choij/Sync/workspace/ChargedHiggsAnalysisV3/SKNanoOutput/PromptAnalyzer/Run3Mu_RunNoWZSF_RunSyst_RunCR_NoTreeMode/2022EE/Skim_TriLep_VBFHToZZTo4L.root
2026-06-12 14:35:52,971 - INFO - [2022EE] MISSING_FILE: /home/choij/Sync/workspace/ChargedHiggsAnalysisV3/SKNanoOutput/PromptAnalyzer/Run3Mu_RunNoWZSF_RunSyst_RunCR_NoTreeMode/2022EE/Skim_TriLep_ggHToZZTo4L.root
2026-06-12 14:35:52,976 - INFO - [2023] MISSING_CENTRAL: WZ3Mu/Central/ZCand/pt in Skim_TriLep_DYJets10to50.root
2026-06-12 14:35:52,977 - INFO - [2023] MISSING_CENTRAL: WZ3Mu/Central/ZCand/pt in Skim_TriLep_TTG_PTG100to200.root
2026-06-12 14:35:52,978 - INFO - [2023] MISSING_CENTRAL: WZ3Mu/Central/ZCand/pt in Skim_TriLep_TTG_PTG200toInf.root
2026-06-12 14:35:52,983 - INFO - [2023] MISSING_FILE: /home/choij/Sync/workspace/ChargedHiggsAnalysisV3/SKNanoOutput/PromptAnalyzer/Run3Mu_RunNoWZSF_RunSyst_RunCR_NoTreeMode/2023/Skim_TriLep_ZZTo4L_powheg.root
2026-06-12 14:35:52,987 - INFO - [2023] MISSING_FILE: /home/choij/Sync/workspace/ChargedHiggsAnalysisV3/SKNanoOutput/PromptAnalyzer/Run3Mu_RunNoWZSF_RunSyst_RunCR_NoTreeMode/2023/Skim_TriLep_VBFHToZZTo4L.root
2026-06-12 14:35:52,988 - INFO - [2023] MISSING_FILE: /home/choij/Sync/workspace/ChargedHiggsAnalysisV3/SKNanoOutput/PromptAnalyzer/Run3Mu_RunNoWZSF_RunSyst_RunCR_NoTreeMode/2023/Skim_TriLep_ggHToZZTo4L.root
2026-06-12 14:35:52,991 - INFO - [2023BPix] MISSING_CENTRAL: WZ3Mu/Central/ZCand/pt in Skim_TriLep_DYJets10to50.root
2026-06-12 14:35:52,992 - INFO - [2023BPix] MISSING_CENTRAL: WZ3Mu/Central/ZCand/pt in Skim_TriLep_TTG_PTG100to200.root
2026-06-12 14:35:52,992 - INFO - [2023BPix] MISSING_CENTRAL: WZ3Mu/Central/ZCand/pt in Skim_TriLep_TTG_PTG200toInf.root
2026-06-12 14:35:52,997 - INFO - [2023BPix] MISSING_FILE: /home/choij/Sync/workspace/ChargedHiggsAnalysisV3/SKNanoOutput/PromptAnalyzer/Run3Mu_RunNoWZSF_RunSyst_RunCR_NoTreeMode/2023BPix/Skim_TriLep_ZZTo4L_powheg.root
2026-06-12 14:35:53,002 - INFO - [2023BPix] MISSING_FILE: /home/choij/Sync/workspace/ChargedHiggsAnalysisV3/SKNanoOutput/PromptAnalyzer/Run3Mu_RunNoWZSF_RunSyst_RunCR_NoTreeMode/2023BPix/Skim_TriLep_VBFHToZZTo4L.root
2026-06-12 14:35:53,002 - INFO - [2023BPix] MISSING_FILE: /home/choij/Sync/workspace/ChargedHiggsAnalysisV3/SKNanoOutput/PromptAnalyzer/Run3Mu_RunNoWZSF_RunSyst_RunCR_NoTreeMode/2023BPix/Skim_TriLep_ggHToZZTo4L.root
