{
  "syst": "Central",
  "observed": 553.8770651295781,
  "expected": 597.6978902521369,
  "difference": -0.07331601104376172,
  "max_bin_difference": 8.799059503130522,
  "max_bin_difference_bin": 150,
  "max_bin_difference_filtered": 1.13240667396858,
  "max_bin_difference_filtered_bin": 94,
  "snr_threshold": 3.0,
  "mass_range_min": 10.0,
  "mass_range_max": 160.0,
  "percentile_68_difference": 0.20526903902470942,
  "percentile_95_difference": 0.40657125825967666,
  "rms_bin_difference": 0.24017495287342677,
  "chi2": 140.7089858104265,
  "ndf": 50,
  "chi2_per_ndf": 2.81417971620853,
  "p_value": 1.4601190740530195e-10,
  "closure_uncertainty_scale": 2.5,
  "recommended_systematic_pct": 150.0
}