{
  "syst": "cjet",
  "observed": 71.10079753398895,
  "expected": 63.67410575086251,
  "difference": 0.11663598091482964,
  "max_bin_difference": 0.3456068967839195,
  "max_bin_difference_bin": 3,
  "max_bin_difference_filtered": 0.3456068967839195,
  "max_bin_difference_filtered_bin": 3,
  "snr_threshold": 3.0,
  "mass_range_min": 10.0,
  "mass_range_max": 160.0,
  "percentile_68_difference": 0.18755720781645666,
  "percentile_95_difference": 0.32843379659095334,
  "rms_bin_difference": 0.18163587509621454,
  "chi2": 13.169111316451817,
  "ndf": 11,
  "chi2_per_ndf": 1.1971919378592562,
  "p_value": 0.28241627791600843,
  "closure_uncertainty_scale": 1.1,
  "recommended_systematic_pct": 10.000000000000009
}