{
  "syst": "cjet",
  "observed": 18.497015002649277,
  "expected": 26.16151669286046,
  "difference": -0.29296855301599706,
  "max_bin_difference": 15.991003874948461,
  "max_bin_difference_bin": 134,
  "max_bin_difference_filtered": 0.900953686182552,
  "max_bin_difference_filtered_bin": 18,
  "snr_threshold": 3.0,
  "mass_range_min": 10.0,
  "mass_range_max": 160.0,
  "percentile_68_difference": 0.5307901230351539,
  "percentile_95_difference": 0.7908793700028527,
  "rms_bin_difference": 0.46999221014597337,
  "chi2": 12.393712063447344,
  "ndf": 5,
  "chi2_per_ndf": 2.478742412689469,
  "p_value": 0.029773645093389867,
  "closure_uncertainty_scale": 2.2,
  "recommended_systematic_pct": 120.00000000000001
}