{
  "hyperparameters": {
    "signal": "MHc130_MA90",
    "channel": "Combined",
    "iteration": 0,
    "model_idx": 3,
    "num_hidden": 64,
    "optimizer": "Adam",
    "initial_lr": 0.0004,
    "weight_decay": 2e-05,
    "scheduler": "ReduceLROnPlateau",
    "pilot_mode": false,
    "num_classes": 4,
    "model_type": "ParticleNet",
    "num_node_features": 9,
    "num_graph_features": 4,
    "dropout_p": 0.4,
    "batch_size": 1024,
    "train_folds": [
      0,
      1,
      2
    ],
    "valid_folds": [
      3
    ]
  },
  "training_summary": {
    "best_epoch": 76,
    "best_train_loss": 0.933683380279427,
    "best_valid_loss": 0.9666101202775408,
    "best_train_acc": 0.6065798901361357,
    "best_valid_acc": 0.5917240374049739,
    "total_epochs": 81
  },
  "epoch_history": {
    "train_loss": [
      1.1166447281439784,
      1.0690115322428182,
      1.0447151017449676,
      1.036624459864648,
      1.017865069167076,
      1.0143248653494892,
      1.0099822523079638,
      1.00263643291956,
      0.9966126824043946,
      0.9964954885423288,
      0.9887474554496519,
      0.9831193378638667,
      0.9836269630333615,
      0.9797687912418599,
      0.9793400870158107,
      0.9764553302820234,
      0.9752157891998976,
      0.9708787551277747,
      0.9723273025949192,
      0.9700640700242322,
      0.9698944720406212,
      0.9686161645497678,
      0.9694308547487527,
      0.9672086112724086,
      0.9656462050976149,
      0.9659082881603293,
      0.965447045080116,
      0.9617025396975001,
      0.9618712011777376,
      0.9624923586085857,
      0.959153112959632,
      0.9625650612497182,
      0.9618095241720823,
      0.9575124169213031,
      0.9539026622141367,
      0.9571634733690779,
      0.9528349767639809,
      0.9523017436790139,
      0.9556718208727795,
      0.9549179678866182,
      0.9507724767150176,
      0.953001745162457,
      0.9489694460974469,
      0.9486947324579658,
      0.9493110027570539,
      0.9510920101745248,
      0.9463746470128487,
      0.9455645709702466,
      0.9492111098672005,
      0.9486719689529045,
      0.9468763028182918,
      0.944355174687059,
      0.944247130059211,
      0.942676261886514,
      0.9421801918394982,
      0.9423829606425488,
      0.9421760572351489,
      0.9444711085770012,
      0.9418734118866019,
      0.9394370630542265,
      0.9404476945657049,
      0.9410952599956739,
      0.9375411658771722,
      0.9421810529068122,
      0.9393931929978474,
      0.9414408018680183,
      0.9368053499342285,
      0.9401673056099774,
      0.9386479719299193,
      0.9381396512564149,
      0.9368524093830425,
      0.9368432786588367,
      0.9395597737778725,
      0.936149183015406,
      0.9370762880529385,
      0.9375776944021265,
      0.933683380279427,
      0.9347466420847015,
      0.9340910153158378,
      0.9352809556826617,
      0.9381862451500488
    ],
    "valid_loss": [
      1.1558273088222817,
      1.1168799577086441,
      1.0916504446208495,
      1.0819899674698892,
      1.0585138322077705,
      1.0547565921034674,
      1.050135031574747,
      1.0411189873589106,
      1.0335811277687266,
      1.0364459727720599,
      1.0266124916192145,
      1.0190050862817266,
      1.0202778741863365,
      1.0162460286600223,
      1.0168958446699523,
      1.012425163018739,
      1.0099914553689773,
      1.0054981774128746,
      1.007570847102024,
      1.004444723266358,
      1.0059618170684348,
      1.0032093268886717,
      1.0057089183714043,
      1.0027251770226207,
      1.0014137610416516,
      1.0003634993398518,
      1.0008712875314543,
      0.9971598896638,
      0.9965451540181441,
      0.9971562793329544,
      0.9930168634156799,
      0.9992130621634492,
      0.9968105308719716,
      0.9927825115914649,
      0.9879693199470637,
      0.9930039055238962,
      0.9891832012200209,
      0.9875943428107815,
      0.9908686951763511,
      0.9903864704950145,
      0.9854014445877101,
      0.9888980748196656,
      0.9841361507458287,
      0.9849063850279477,
      0.98464311137747,
      0.9876240821027243,
      0.9824808679463107,
      0.9810375873771923,
      0.9826124599033255,
      0.9824619023319188,
      0.9817580277682436,
      0.9774239150678986,
      0.9791781008637869,
      0.9770030985179444,
      0.9739127411154888,
      0.9771315813508339,
      0.9761571927141512,
      0.9787057635307932,
      0.97557586220983,
      0.9717477533230401,
      0.9733758407605434,
      0.9757871785423828,
      0.9714129332045255,
      0.9758892359160538,
      0.9724074223778663,
      0.9747982568783403,
      0.9705886176137565,
      0.9738697849022436,
      0.9722715516432893,
      0.9723818997579935,
      0.9689195195929189,
      0.9700040175033493,
      0.9735203838513062,
      0.9698234471534176,
      0.9709593313705325,
      0.9739929187926842,
      0.9666101202775408,
      0.9672153154588357,
      0.9677418142559149,
      0.9684472572826754,
      0.9719111381593893
    ],
    "train_acc": [
      0.5067855959690902,
      0.5246153609097283,
      0.5426319560544542,
      0.5468924551414902,
      0.5535104817522747,
      0.5569678035701904,
      0.5607410032589351,
      0.5646471027835774,
      0.5677172816012697,
      0.5723572193502161,
      0.5769470789001286,
      0.5790657719361773,
      0.5772976262933658,
      0.580989930429825,
      0.5828081542716704,
      0.5825346502615623,
      0.5819125249427953,
      0.586248141328382,
      0.5842507916207617,
      0.5861479849303143,
      0.5868664144779926,
      0.5867604798261902,
      0.5875463223341063,
      0.5870648011895498,
      0.5884669907624983,
      0.5867181059654691,
      0.5875251354037458,
      0.5916411781474148,
      0.5905124925845744,
      0.5883417952649137,
      0.5907975531021519,
      0.5876098831251878,
      0.5876927047620515,
      0.5905664229527647,
      0.5959844988713144,
      0.5918068214211423,
      0.5967202631801968,
      0.5949444131990724,
      0.5901542408530244,
      0.5910806875351511,
      0.5956031341248257,
      0.5933592455911924,
      0.5952891823385749,
      0.5967799718021217,
      0.5950118261593103,
      0.5931704893025262,
      0.5984460349622872,
      0.5985750826290284,
      0.5937136451535859,
      0.5954220821744725,
      0.5966836675732105,
      0.5988331779625107,
      0.6001409893911261,
      0.5995650901022366,
      0.5995150119032027,
      0.6003085587494318,
      0.6013428661679392,
      0.5977141228225614,
      0.6012253750086674,
      0.6036021633781983,
      0.6007091843417028,
      0.6001698806597995,
      0.6055552131405194,
      0.5984364045393962,
      0.602082482645978,
      0.6012793053768577,
      0.603421111427845,
      0.6017993482129788,
      0.6023174649645215,
      0.6026063776512555,
      0.6030532292734039,
      0.6049927964436774,
      0.6012022619937286,
      0.6040374584928774,
      0.6036907632687967,
      0.6047019576723653,
      0.6065798901361357,
      0.6047443315330863,
      0.6074967063953712,
      0.6041299105526322,
      0.6017608265214142
    ],