{
  "hyperparameters": {
    "signal": "MHc160_MA85",
    "channel": "Combined",
    "iteration": 3,
    "model_idx": 3,
    "num_hidden": 256,
    "optimizer": "RMSprop",
    "initial_lr": 0.0005,
    "weight_decay": 2e-05,
    "scheduler": "ExponentialLR",
    "pilot_mode": false,
    "num_classes": 4,
    "model_type": "ParticleNet",
    "num_node_features": 9,
    "num_graph_features": 8,
    "dropout_p": 0.4,
    "batch_size": 512,
    "train_folds": [
      0,
      1,
      2
    ],
    "valid_folds": [
      3
    ],
    "loss_type": "disco",
    "disco_lambda": 0.1
  },
  "training_summary": {
    "best_epoch": 31,
    "best_train_loss": 0.7539901993787329,
    "best_valid_loss": 0.7192053441196451,
    "best_train_acc": 0.5139256790280342,
    "best_valid_acc": 0.544596865773201,
    "total_epochs": 42
  },
  "epoch_history": {
    "train_loss": [
      0.8610510191412916,
      0.7962488167928754,
      0.7829113332077912,
      0.777729646337724,
      0.7738221464710431,
      0.7724953609115027,
      0.7706354551347856,
      0.7679586052487735,
      0.7683540838977175,
      0.765663537555994,
      0.7642739982735175,
      0.7647556135678861,
      0.764791755546075,
      0.7649309073698806,
      0.762453567452805,
      0.7632385358061807,
      0.7619189369800554,
      0.761008409103029,
      0.7607495825445286,
      0.7598031210004266,
      0.7591618352375746,
      0.759258074972003,
      0.7581027294588577,
      0.7577927104442193,
      0.756908638078605,
      0.7579404551014558,
      0.7565540925634598,
      0.7550704487354682,
      0.7550960189246481,
      0.7547022067646117,
      0.7547950093656677,
      0.7539901993787329,
      0.7540125928234321,
      0.7525425933733735,
      0.7526161271964323,
      0.7505258814059833,
      0.7508411602762372,
      0.7507126323192193,
      0.7497390382525864,
      0.749351110881506,
      0.7487164910742854,
      0.7495930642398144
    ],
    "valid_loss": [
      0.8069386201746324,
      0.7725403924732257,
      0.7527469722816097,
      0.760433577515585,
      0.7632998883571771,
      0.7499791606307944,
      0.7488187121613251,
      0.7375616283367967,
      0.738845161769701,
      0.7424138452085998,
      0.7373835961227222,
      0.7376702740369245,
      0.7340303308823529,
      0.7361530586886589,
      0.732195841991688,
      0.7314157315227382,
      0.7284076037004475,
      0.7322504770420396,
      0.7354920526294757,
      0.7265724904092071,
      0.7271257093190537,
      0.7259304505175032,
      0.7301773110314098,
      0.7270443811441016,
      0.7244904266903772,
      0.7360012512987532,
      0.7246576099444533,
      0.7243993422564339,
      0.7252587515984654,
      0.7207081982546755,
      0.7267548934273098,
      0.7192053441196451,
      0.7242888233545796,
      0.7212853785366049,
      0.7267270295516305,
      0.7246685369545237,
      0.7237539462116368,
      0.7222353259620764,
      0.7215288947610294,
      0.7212868614879715,
      0.7214015170436381,
      0.7197791682484814
    ],
    "train_acc": [
      0.413214810192585,
      0.46731898933649063,
      0.4841104820370674,
      0.4894482046365738,
      0.49220454692840576,
      0.49349290132522583,
      0.49438033252954483,
      0.49972281605005264,
      0.4980838820338249,
      0.5040481314063072,
      0.5026486814022064,
      0.5014711692929268,
      0.5028824508190155,
      0.5034224018454552,
      0.5062964707612991,
      0.503480888903141,
      0.5042014420032501,
      0.5069937109947205,
      0.507706306874752,
      0.5062386691570282,
      0.5076260045170784,
      0.5079767405986786,
      0.508653998374939,
      0.5090250372886658,
      0.5097974091768265,
      0.50819481164217,
      0.5117533728480339,
      0.5120219737291336,
      0.5116817951202393,
      0.5121235623955727,
      0.5123643130064011,
      0.5139256790280342,
      0.5128660649061203,
      0.5134338960051537,
      0.5148761421442032,
      0.5171452537178993,
      0.5163678750395775,
      0.5140570849180222,
      0.5175843015313148,
      0.5180397033691406,
      0.5191843286156654,
      0.5180348232388496
    ],
    "valid_acc": [
      0.4541424661874771,
      0.4983813613653183,
      0.5134651362895966,
      0.5074766874313354,
      0.505445808172226,
      0.5134746581315994,
      0.5220522880554199,
      0.5212119147181511,
      0.5252542495727539,
      0.5220140814781189,
      0.5303063467144966,
      0.5309137925505638,
      0.5275267735123634,
      0.5278140529990196,
      0.5295345783233643,
      0.5305943191051483,
      0.5332884415984154,
      0.5314045548439026,
      0.5285093709826469,
      0.5354563146829605,
      0.5340106338262558,
      0.5360648185014725,
      0.5325889140367508,
      0.5355084612965584,
      0.5398878529667854,
      0.5258159339427948,
      0.5400652810931206,
      0.5366701409220695,
      0.5365801081061363,
      0.5393280684947968,
      0.5329953730106354,
      0.544596865773201,
      0.5370277538895607,
      0.5405501201748848,
      0.5321247577667236,
      0.5369487479329109,
      0.5420820042490959,
      0.5372718945145607,
      0.5410792455077171,
      0.5403983145952225,
      0.5418837890028954,
      0.5388443619012833
    ],
    "epoch": [
      0,
      1,
      2,
      3,
      4,
      5,
      6,
      7,
      8,
      9,
      10,
      11,
      12,
      13,
      14,
      15,
      16,
      17,
      18,
      19,
      20,
      21,
      22,
      23,
      24,
      25,
      26,
      27,
      28,
      29,
      30,
      31,
      32,
      33,
      34,
      35,
      36,
      37,
      38,
      39,
      40,
      41
    ],
    "timestamp": [
      1772650668.306839,
      1772650953.441239,
      1772651299.2093396,
      1772651644.4044018,
      1772651988.8362155,
      1772652334.1881466,
      1772652679.6352382,
      1772653024.4694438,
      1772653370.1436446,
      1772653714.9835362,
      1772654059.6563327,
      1772654405.4030437,
      1772654751.2050004,
      1772655097.3791447,
      1772655443.0830576,
      1772655787.772255,
      1772656133.6515555,
      1772656466.9551265,
      1772656769.2318535,
      1772657069.9206455,
      1772657370.7705038,
      1772657670.3372037,
      1772657968.8316667,
      1772658268.3192825,
      1772658567.4219568,
      1772658867.750936,
      1772659167.6986907,
      1772659466.153527,
      1772659745.5108042,
      1772660024.4330409,
      1772660302.8402681,
      1772660580.6827993,
      1772660858.8536396,
      1772661136.7927885,
      1772661415.4172592,
      1772661694.1716661,
      1772661968.368128,
      1772662224.505891,
      1772662483.4888523,
      1772662742.37467,
      1772662998.5831387,
      1772663255.2304459
    ],
    "train_ce_loss": [
      0.8145966389480305,
      0.7517084853895288,
      0.7371250680383968,
      0.7312115794460928,
      0.7279806445279626,
      0.7261899070935037,
      0.7242983252623789,
      0.7202947689760667,
      0.7209598582504959,
      0.7186742949811264,
      0.717967099602312,
      0.7177353761454491,
      0.7181968351272999,
      0.7178006324497506,
      0.7151751438657985,
      0.7161363729692156,
      0.7147277357380951,
      0.7133696628766255,
      0.7134476309394266,
      0.7122986535366892,
      0.7123875128226068,
      0.7123757957039026,
      0.711200159182931,
      0.710682588708889,
      0.7099431480309663,
      0.7111564144085292,
      0.7093660408573753,
      0.7077886225471317,
      0.7080671988147924,
      0.7078588197815133,
      0.707751321711231,
      0.7064412538051198,
      0.7064397642738584,
      0.7057461314691619,
      0.7051257937638019,
      0.7033804594300713,
      0.7037263363599777,
      0.703520884718301,
      0.7025108144907821,
      0.7013944510001778,
      0.701444212385412,
      0.7020039444999077
    ],