{
  "syst": "cjet",
  "observed": 53.285129114985466,
  "expected": 45.52988401055336,
  "difference": 0.1703330740450496,
  "max_bin_difference": 0.0,
  "max_bin_difference_bin": -1,
  "max_bin_difference_filtered": 0.0,
  "max_bin_difference_filtered_bin": -1,
  "snr_threshold": 3.0,
  "mass_range_min": 10.0,
  "mass_range_max": 160.0,
  "percentile_68_difference": 0.0,
  "percentile_95_difference": 0.0,
  "rms_bin_difference": 0.0,
  "chi2": 9.976756406536946,
  "ndf": 7,
  "chi2_per_ndf": 1.4252509152195638,
  "p_value": 0.18989449276572914,
  "closure_uncertainty_scale": 1.35,
  "recommended_systematic_pct": 35.00000000000001
}