{
  "syst": "Central",
  "observed": 26.89826809661463,
  "expected": 26.038705874059815,
  "difference": 0.03301094250659838,
  "max_bin_difference": 223.8296640535878,
  "max_bin_difference_bin": 127,
  "max_bin_difference_filtered": 1.253550990988866,
  "max_bin_difference_filtered_bin": 37,
  "snr_threshold": 3.0,
  "mass_range_min": 10.0,
  "mass_range_max": 160.0,
  "percentile_68_difference": 0.5592506921302484,
  "percentile_95_difference": 1.1251684126475237,
  "rms_bin_difference": 0.5546306377029898,
  "chi2": 4.086676969959356,
  "ndf": 4,
  "chi2_per_ndf": 1.021669242489839,
  "p_value": 0.3944024728861765,
  "closure_uncertainty_scale": 0.6000000000000001,
  "recommended_systematic_pct": 39.99999999999999
}