process,threshold,initial_sensitivity,max_sensitivity,improvement
MHc-160_MA-85,0.44,1.4626308026249517,1.6225927480353026,0.10936590773506927
