{
  "El8_loose_Central": 0.00011150329257308623,
  "El8_loose_PromptNorm_Up": 0.00012822878645904915,
  "El8_loose_PromptNorm_Down": 9.477779868712329e-05,
  "El8_loose_MotherJetPt_Up": 0.00010994965449848751,
  "El8_loose_MotherJetPt_Down": 0.00010765280460997998,
  "El8_loose_RequireHeavyTag": 0.0001148702130702749,
  "El8_loose_L1Prefire_Up": 0.00011234818567882507,
  "El8_loose_L1Prefire_Down": 0.00011066815373048077,
  "El8_loose_PileupReweight_Up": 0.00011261587800745527,
  "El8_loose_PileupReweight_Down": 0.00011049858459419023,
  "El8_loose_PileupJetIDSF_Up": 0.0001114461022849202,
  "El8_loose_PileupJetIDSF_Down": 0.000111560510761471,
  "El8_loose_JetEn_Up": 0.00010008036032735407,
  "El8_loose_JetEn_Down": 0.00012348487429816152,
  "El8_loose_JetRes_Up": 0.00011092852983199613,
  "El8_loose_JetRes_Down": 0.00011205545420599986,
  "El8_loose_MuonEn_Up": 0.00011150329257308623,
  "El8_loose_MuonEn_Down": 0.0001115032900765826,
  "El8_loose_ElectronEn_Up": 0.0001114822457061229,
  "El8_loose_ElectronEn_Down": 0.00011152242123962456,
  "El8_loose_ElectronRes_Up": 0.00011150259399782223,
  "El8_loose_ElectronRes_Down": 0.00011150064144256928,
  "El8_loose_ElectronRecoSF_Up": 0.00011000816812048652,
  "El8_loose_ElectronRecoSF_Down": 0.00011302850071200326,
  "El8_loose_UnclusteredEn_Up": 0.00011150329257308623,
  "El8_loose_UnclusteredEn_Down": 0.00011150329257308623,
  "El8_tight_Central": 0.00011748276873551677,
  "El8_tight_PromptNorm_Up": 0.00013510518404584427,
  "El8_tight_PromptNorm_Down": 9.986035342518926e-05,
  "El8_tight_MotherJetPt_Up": 0.00011593830768174795,
  "El8_tight_MotherJetPt_Down": 0.00011174923119082724,
  "El8_tight_RequireHeavyTag": 0.00011512438696843634,
  "El8_tight_L1Prefire_Up": 0.00011829712028270934,
  "El8_tight_L1Prefire_Down": 0.00011667776019975787,
  "El8_tight_PileupReweight_Up": 0.00011900504824709559,
  "El8_tight_PileupReweight_Down": 0.00011608252859150568,
  "El8_tight_PileupJetIDSF_Up": 0.00011742285535028694,
  "El8_tight_PileupJetIDSF_Down": 0.00011754271711529853,
  "El8_tight_JetEn_Up": 0.00010548029941103413,
  "El8_tight_JetEn_Down": 0.00013010691744368244,
  "El8_tight_JetRes_Up": 0.00011687832787950493,
  "El8_tight_JetRes_Down": 0.00011807054928192665,
  "El8_tight_MuonEn_Up": 0.00011748276873551677,
  "El8_tight_MuonEn_Down": 0.0001174827673847407,
  "El8_tight_ElectronEn_Up": 0.0001174663732347117,
  "El8_tight_ElectronEn_Down": 0.0001175008760971595,
  "El8_tight_ElectronRes_Up": 0.00011748258025468406,
  "El8_tight_ElectronRes_Down": 0.00011748044481431039,
  "El8_tight_ElectronRecoSF_Up": 0.00011592539053930383,
  "El8_tight_ElectronRecoSF_Down": 0.00011907108068540489,
  "El8_tight_UnclusteredEn_Up": 0.00011748276873551677,
  "El8_tight_UnclusteredEn_Down": 0.00011748276873551677,
  "El12_loose_Central": 0.000672410157189068,
  "El12_loose_PromptNorm_Up": 0.0007732716807674282,
  "El12_loose_PromptNorm_Down": 0.0005715486336107078,
  "El12_loose_MotherJetPt_Up": 0.0006656200182854374,
  "El12_loose_MotherJetPt_Down": 0.0006638487990290833,
  "El12_loose_RequireHeavyTag": 0.0006463184962155983,
  "El12_loose_L1Prefire_Up": 0.0006775058374898102,
  "El12_loose_L1Prefire_Down": 0.0006673733324980655,
  "El12_loose_PileupReweight_Up": 0.0006791269558753418,
  "El12_loose_PileupReweight_Down": 0.0006663433794978957,
  "El12_loose_PileupJetIDSF_Up": 0.0006720652926527945,
  "El12_loose_PileupJetIDSF_Down": 0.0006727551905256448,
  "El12_loose_JetEn_Up": 0.00060352568086213,
  "El12_loose_JetEn_Down": 0.000744659366095952,
  "El12_loose_JetRes_Up": 0.0006689438554337337,
  "El12_loose_JetRes_Down": 0.000675739026989438,
  "El12_loose_MuonEn_Up": 0.000672410157189068,
  "El12_loose_MuonEn_Down": 0.000672410142130589,
  "El12_loose_ElectronEn_Up": 0.0006722832376188252,
  "El12_loose_ElectronEn_Down": 0.0006725255405690936,
  "El12_loose_ElectronRes_Up": 0.0006724059363134374,
  "El12_loose_ElectronRes_Down": 0.0006723941782086144,
  "El12_loose_ElectronRecoSF_Up": 0.0006633940007434961,
  "El12_loose_ElectronRecoSF_Down": 0.0006816077566646392,
  "El12_loose_UnclusteredEn_Up": 0.000672410157189068,
  "El12_loose_UnclusteredEn_Down": 0.000672410157189068,
  "El12_tight_Central": 0.0006731056170237819,
  "El12_tight_PromptNorm_Up": 0.0007740714595773491,
  "El12_tight_PromptNorm_Down": 0.0005721397744702146,
  "El12_tight_MotherJetPt_Up": 0.0006730846672853978,
  "El12_tight_MotherJetPt_Down": 0.0006584090359286827,
  "El12_tight_RequireHeavyTag": 0.000666640411481728,
  "El12_tight_L1Prefire_Up": 0.0006777716287331883,
  "El12_tight_L1Prefire_Down": 0.0006684931352616937,
  "El12_tight_PileupReweight_Up": 0.0006818284435153427,
  "El12_tight_PileupReweight_Down": 0.000665079022806699,
  "El12_tight_PileupJetIDSF_Up": 0.0006727623296120568,
  "El12_tight_PileupJetIDSF_Down": 0.0006734491039482579,
  "El12_tight_JetEn_Up": 0.0006043419401456452,
  "El12_tight_JetEn_Down": 0.000745438767669287,
  "El12_tight_JetRes_Up": 0.0006696419931827289,
  "El12_tight_JetRes_Down": 0.0006764737082075192,
  "El12_tight_MuonEn_Up": 0.0006731056170237819,
  "El12_tight_MuonEn_Down": 0.0006731056092833634,
  "El12_tight_ElectronEn_Up": 0.0006730116610508702,
  "El12_tight_ElectronEn_Down": 0.0006732093992752885,
  "El12_tight_ElectronRes_Up": 0.0006731045637388108,
  "El12_tight_ElectronRes_Down": 0.0006730923126376305,
  "El12_tight_ElectronRecoSF_Up": 0.0006641827360065845,
  "El12_tight_ElectronRecoSF_Down": 0.0006822057492355549,
  "El12_tight_UnclusteredEn_Up": 0.0006731056170237819,
  "El12_tight_UnclusteredEn_Down": 0.0006731056170237819,
  "El23_loose_Central": 0.0009513262816336386,
  "El23_loose_PromptNorm_Up": 0.0010940252238786842,
  "El23_loose_PromptNorm_Down": 0.0008086273393885928,
  "El23_loose_MotherJetPt_Up": 0.0009668427964338309,
  "El23_loose_MotherJetPt_Down": 0.0009475546923799327,
  "El23_loose_RequireHeavyTag": 0.0009982480780467492,
  "El23_loose_L1Prefire_Up": 0.0009585502018854398,
  "El23_loose_L1Prefire_Down": 0.0009441853172560315,
  "El23_loose_PileupReweight_Up": 0.0009608590671820124,
  "El23_loose_PileupReweight_Down": 0.0009427051235349885,
  "El23_loose_PileupJetIDSF_Up": 0.0009508403156859347,
  "El23_loose_PileupJetIDSF_Down": 0.0009518124922656509,
  "El23_loose_JetEn_Up": 0.0008547089877479282,
  "El23_loose_JetEn_Down": 0.0010528320140940177,
  "El23_loose_JetRes_Up": 0.000946498731843448,
  "El23_loose_JetRes_Down": 0.0009559565454031724,
  "El23_loose_MuonEn_Up": 0.0009513262816336386,
  "El23_loose_MuonEn_Down": 0.0009513262600981167,
  "El23_loose_ElectronEn_Up": 0.0009511486667634495,
  "El23_loose_ElectronEn_Down": 0.0009514941259597864,
  "El23_loose_ElectronRes_Up": 0.0009513215894436722,
  "El23_loose_ElectronRes_Down": 0.0009513049888037506,
  "El23_loose_ElectronRecoSF_Up": 0.0009387274173085742,
  "El23_loose_ElectronRecoSF_Down": 0.0009641751721212107,
  "El23_loose_UnclusteredEn_Up": 0.0009513262816336386,
  "El23_loose_UnclusteredEn_Down": 0.0009513262816336386,
  "El23_tight_Central": 0.0009464009090836957,
  "El23_tight_PromptNorm_Up": 0.00108836104544625,
  "El23_tight_PromptNorm_Down": 0.0008044407727211413,
  "El23_tight_MotherJetPt_Up": 0.0009540441154305245,
  "El23_tight_MotherJetPt_Down": 0.0009416483141983103,
  "El23_tight_RequireHeavyTag": 0.001009710687768129,
  "El23_tight_L1Prefire_Up": 0.0009529698087505273,
  "El23_tight_L1Prefire_Down": 0.0009399071242159274,
  "El23_tight_PileupReweight_Up": 0.0009587146321929876,
  "El23_tight_PileupReweight_Down": 0.0009350693305107627,
  "El23_tight_PileupJetIDSF_Up": 0.0009459200415716072,
  "El23_tight_PileupJetIDSF_Down": 0.0009468821338773256,
  "El23_tight_JetEn_Up": 0.0008504060219702582,
  "El23_tight_JetEn_Down": 0.0010474301516996578,
  "El23_tight_JetRes_Up": 0.0009416105719510451,
  "El23_tight_JetRes_Down": 0.0009510406381861258,
  "El23_tight_MuonEn_Up": 0.0009464009090836957,
  "El23_tight_MuonEn_Down": 0.0009464008980734198,
  "El23_tight_ElectronEn_Up": 0.0009462757415126711,