{
  "Central": {
    "ptcorr_15to17_EB1": 238.69645261764526,
    "ptcorr_15to17_EB2": 111.42283344268799,
    "ptcorr_15to17_EE": 112.76717805862427,
    "ptcorr_17to20_EB1": 394.765513420105,
    "ptcorr_17to20_EB2": 199.4277801513672,
    "ptcorr_17to20_EE": 201.3277187347412,
    "ptcorr_20to25_EB1": 680.4353103637695,
    "ptcorr_20to25_EB2": 355.16086769104004,
    "ptcorr_20to25_EE": 339.0459041595459,
    "ptcorr_25to35_EB1": 1367.6962051391602,
    "ptcorr_25to35_EB2": 757.2210006713867,
    "ptcorr_25to35_EE": 619.1741733551025,
    "ptcorr_35to50_EB1": 1635.2053565979004,
    "ptcorr_35to50_EB2": 939.1913871765137,
    "ptcorr_35to50_EE": 674.0502395629883,
    "ptcorr_50to100_EB1": 2165.3186569213867,
    "ptcorr_50to100_EB2": 1254.5561904907227,
    "ptcorr_50to100_EE": 809.3085136413574,
    "ptcorr_100to200_EB1": 417.61754035949707,
    "ptcorr_100to200_EB2": 232.6798553466797,
    "ptcorr_100to200_EE": 126.48088693618774
  },
  "MotherJetPt_Up": {
    "ptcorr_15to17_EB1": 174.32682132720947,
    "ptcorr_15to17_EB2": 82.1947660446167,
    "ptcorr_15to17_EE": 82.25752663612366,
    "ptcorr_17to20_EB1": 287.8797311782837,
    "ptcorr_17to20_EB2": 147.25673532485962,
    "ptcorr_17to20_EE": 147.7333493232727,
    "ptcorr_20to25_EB1": 505.9635353088379,
    "ptcorr_20to25_EB2": 259.8313817977905,
    "ptcorr_20to25_EE": 249.1110725402832,
    "ptcorr_25to35_EB1": 1024.3478736877441,
    "ptcorr_25to35_EB2": 568.5483951568604,
    "ptcorr_25to35_EE": 462.99085903167725,
    "ptcorr_35to50_EB1": 1238.143497467041,
    "ptcorr_35to50_EB2": 712.4432239532471,
    "ptcorr_35to50_EE": 503.49548530578613,
    "ptcorr_50to100_EB1": 1727.864974975586,
    "ptcorr_50to100_EB2": 995.03173828125,
    "ptcorr_50to100_EE": 633.9876918792725,
    "ptcorr_100to200_EB1": 386.1334800720215,
    "ptcorr_100to200_EB2": 215.28670072555542,
    "ptcorr_100to200_EE": 115.52871537208557
  },
  "MotherJetPt_Down": {
    "ptcorr_15to17_EB1": 257.1210126876831,
    "ptcorr_15to17_EB2": 120.54564213752747,
    "ptcorr_15to17_EE": 122.66602039337158,
    "ptcorr_17to20_EB1": 426.67238426208496,
    "ptcorr_17to20_EB2": 216.2323431968689,
    "ptcorr_17to20_EE": 217.58410739898682,
    "ptcorr_20to25_EB1": 734.0066318511963,
    "ptcorr_20to25_EB2": 381.7382860183716,
    "ptcorr_20to25_EE": 366.9049768447876,
    "ptcorr_25to35_EB1": 1464.066047668457,
    "ptcorr_25to35_EB2": 814.3464336395264,
    "ptcorr_25to35_EE": 664.9727802276611,
    "ptcorr_35to50_EB1": 1741.2449569702148,
    "ptcorr_35to50_EB2": 998.0056343078613,
    "ptcorr_35to50_EE": 723.9050788879395,
    "ptcorr_50to100_EB1": 2272.2226028442383,
    "ptcorr_50to100_EB2": 1319.3214492797852,
    "ptcorr_50to100_EE": 857.0909023284912,
    "ptcorr_100to200_EB1": 425.67466735839844,
    "ptcorr_100to200_EB2": 237.76489067077637,
    "ptcorr_100to200_EE": 129.927836894989
  },
  "RequireHeavyTag": {
    "ptcorr_15to17_EB1": 195.97284507751465,
    "ptcorr_15to17_EB2": 91.67207455635071,
    "ptcorr_15to17_EE": 93.62593388557434,
    "ptcorr_17to20_EB1": 328.1593132019043,
    "ptcorr_17to20_EB2": 166.58276796340942,
    "ptcorr_17to20_EE": 164.94073104858398,
    "ptcorr_20to25_EB1": 566.8351497650146,
    "ptcorr_20to25_EB2": 292.2685604095459,
    "ptcorr_20to25_EE": 276.48481369018555,
    "ptcorr_25to35_EB1": 1146.0847778320312,
    "ptcorr_25to35_EB2": 626.9994258880615,
    "ptcorr_25to35_EE": 500.06814765930176,
    "ptcorr_35to50_EB1": 1368.7296257019043,
    "ptcorr_35to50_EB2": 773.1159324645996,
    "ptcorr_35to50_EE": 539.7439880371094,
    "ptcorr_50to100_EB1": 1785.359230041504,
    "ptcorr_50to100_EB2": 1013.7057685852051,
    "ptcorr_50to100_EE": 629.65749168396,
    "ptcorr_100to200_EB1": 336.9132604598999,
    "ptcorr_100to200_EB2": 185.7613401412964,
    "ptcorr_100to200_EE": 96.58523845672607
  },
  "Stat": {
    "ptcorr_15to17_EB1": 2.9193304776226197,
    "ptcorr_15to17_EB2": 1.967999178666095,
    "ptcorr_15to17_EE": 1.9758015724317701,
    "ptcorr_17to20_EB1": 3.7538305199509914,
    "ptcorr_17to20_EB2": 2.642023449353436,
    "ptcorr_17to20_EE": 2.6367997120688345,
    "ptcorr_20to25_EB1": 4.805127119825877,
    "ptcorr_20to25_EB2": 3.4606855658464015,
    "ptcorr_20to25_EE": 3.363117487510862,
    "ptcorr_25to35_EB1": 6.8117968256376225,
    "ptcorr_25to35_EB2": 5.05682212201359,
    "ptcorr_25to35_EE": 4.523652760645093,
    "ptcorr_35to50_EB1": 7.453901985247312,
    "ptcorr_35to50_EB2": 5.635819663599415,
    "ptcorr_35to50_EE": 4.677798373883313,
    "ptcorr_50to100_EB1": 8.554456890366316,
    "ptcorr_50to100_EB2": 6.503541502432243,
    "ptcorr_50to100_EE": 5.1292089467613815,
    "ptcorr_100to200_EB1": 3.725969425598503,
    "ptcorr_100to200_EB2": 2.772178290278951,
    "ptcorr_100to200_EE": 1.9947675290005717
  }
}