{
  "Central": {
    "ptcorr_15to17_EB1": 64.14690458774567,
    "ptcorr_15to17_EB2": 35.6227942109108,
    "ptcorr_15to17_EE": 37.44434952735901,
    "ptcorr_17to20_EB1": 103.59890365600586,
    "ptcorr_17to20_EB2": 58.41096782684326,
    "ptcorr_17to20_EE": 79.78361427783966,
    "ptcorr_20to25_EB1": 166.07908010482788,
    "ptcorr_20to25_EB2": 100.68085741996765,
    "ptcorr_20to25_EE": 133.85196781158447,
    "ptcorr_25to35_EB1": 299.40319442749023,
    "ptcorr_25to35_EB2": 199.31617975234985,
    "ptcorr_25to35_EE": 274.6935224533081,
    "ptcorr_35to50_EB1": 408.15015506744385,
    "ptcorr_35to50_EB2": 255.15694522857666,
    "ptcorr_35to50_EE": 340.0519256591797,
    "ptcorr_50to100_EB1": 578.1802997589111,
    "ptcorr_50to100_EB2": 409.098424911499,
    "ptcorr_50to100_EE": 436.3763551712036,
    "ptcorr_100to200_EB1": 128.11691284179688,
    "ptcorr_100to200_EB2": 83.56717801094055,
    "ptcorr_100to200_EE": 83.05640459060669
  },
  "MotherJetPt_Up": {
    "ptcorr_15to17_EB1": 25.955702781677246,
    "ptcorr_15to17_EB2": 12.876379802823067,
    "ptcorr_15to17_EE": 17.103674590587616,
    "ptcorr_17to20_EB1": 46.055211782455444,
    "ptcorr_17to20_EB2": 22.563956797122955,
    "ptcorr_17to20_EE": 37.16797375679016,
    "ptcorr_20to25_EB1": 68.97343325614929,
    "ptcorr_20to25_EB2": 42.193002700805664,
    "ptcorr_20to25_EE": 58.85952389240265,
    "ptcorr_25to35_EB1": 134.91897678375244,
    "ptcorr_25to35_EB2": 96.92678415775299,
    "ptcorr_25to35_EE": 128.76270008087158,
    "ptcorr_35to50_EB1": 198.68612909317017,
    "ptcorr_35to50_EB2": 124.16755318641663,
    "ptcorr_35to50_EE": 165.9245228767395,
    "ptcorr_50to100_EB1": 368.5596227645874,
    "ptcorr_50to100_EB2": 263.6643257141113,
    "ptcorr_50to100_EE": 278.76334381103516,
    "ptcorr_100to200_EB1": 115.56216955184937,
    "ptcorr_100to200_EB2": 75.7083443403244,
    "ptcorr_100to200_EE": 73.35494351387024
  },
  "MotherJetPt_Down": {
    "ptcorr_15to17_EB1": 80.48413407802582,
    "ptcorr_15to17_EB2": 43.12214308977127,
    "ptcorr_15to17_EE": 48.936200857162476,
    "ptcorr_17to20_EB1": 129.54634642601013,
    "ptcorr_17to20_EB2": 75.91965007781982,
    "ptcorr_17to20_EE": 99.3348035812378,
    "ptcorr_20to25_EB1": 205.36663055419922,
    "ptcorr_20to25_EB2": 129.3774287700653,
    "ptcorr_20to25_EE": 162.61125946044922,
    "ptcorr_25to35_EB1": 371.8838691711426,
    "ptcorr_25to35_EB2": 243.31962156295776,
    "ptcorr_25to35_EE": 337.8468189239502,
    "ptcorr_35to50_EB1": 485.43516063690186,
    "ptcorr_35to50_EB2": 312.7037467956543,
    "ptcorr_35to50_EE": 400.1865062713623,
    "ptcorr_50to100_EB1": 642.2900562286377,
    "ptcorr_50to100_EB2": 450.7536859512329,
    "ptcorr_50to100_EE": 491.5924243927002,
    "ptcorr_100to200_EB1": 131.50794744491577,
    "ptcorr_100to200_EB2": 86.6951355934143,
    "ptcorr_100to200_EE": 86.37047839164734
  },
  "RequireHeavyTag": {
    "ptcorr_15to17_EB1": 10.188509538769722,
    "ptcorr_15to17_EB2": 7.164662748575211,
    "ptcorr_15to17_EE": 5.33352829515934,
    "ptcorr_17to20_EB1": 15.994513913989067,
    "ptcorr_17to20_EB2": 9.591777384281158,
    "ptcorr_17to20_EE": 7.245388031005859,
    "ptcorr_20to25_EB1": 23.28915610909462,
    "ptcorr_20to25_EB2": 16.281905353069305,
    "ptcorr_20to25_EE": 16.425456032156944,
    "ptcorr_25to35_EB1": 37.482805788517,
    "ptcorr_25to35_EB2": 30.760727025568485,
    "ptcorr_25to35_EE": 33.26708935201168,
    "ptcorr_35to50_EB1": 50.684606313705444,
    "ptcorr_35to50_EB2": 27.87533639371395,
    "ptcorr_35to50_EE": 41.21828846633434,
    "ptcorr_50to100_EB1": 72.29542315006256,
    "ptcorr_50to100_EB2": 43.117176711559296,
    "ptcorr_50to100_EE": 50.34266549348831,
    "ptcorr_100to200_EB1": 16.996745377779007,
    "ptcorr_100to200_EB2": 10.601056948304176,
    "ptcorr_100to200_EE": 11.626121252775192
  },
  "Stat": {
    "ptcorr_15to17_EB1": 4.168269938076257,
    "ptcorr_15to17_EB2": 3.051138118196029,
    "ptcorr_15to17_EE": 3.12812716740318,
    "ptcorr_17to20_EB1": 5.305838475118106,
    "ptcorr_17to20_EB2": 3.919135041643498,
    "ptcorr_17to20_EE": 4.584286616197364,
    "ptcorr_20to25_EB1": 6.550411480877084,
    "ptcorr_20to25_EB2": 5.0755265209911276,
    "ptcorr_20to25_EE": 5.835857007848758,
    "ptcorr_25to35_EB1": 8.821877409868364,
    "ptcorr_25to35_EB2": 7.1369079431209554,
    "ptcorr_25to35_EE": 8.235434594491728,
    "ptcorr_35to50_EB1": 10.303610498978758,
    "ptcorr_35to50_EB2": 8.059036377587187,
    "ptcorr_35to50_EE": 9.052539973067976,
    "ptcorr_50to100_EB1": 12.266160951301247,
    "ptcorr_50to100_EB2": 10.301870561909784,
    "ptcorr_50to100_EE": 10.277953552189112,
    "ptcorr_100to200_EB1": 5.7884378089887045,
    "ptcorr_100to200_EB2": 4.659266896258447,
    "ptcorr_100to200_EE": 4.462091987897527
  }
}