{
  "hyperparameters": {
    "signal": "MHc130_MA90",
    "channel": "Run3Mu",
    "iteration": 0,
    "model_idx": 1,
    "num_hidden": 128,
    "optimizer": "Adadelta",
    "initial_lr": 0.0083,
    "weight_decay": 0.0029,
    "scheduler": "ExponentialLR",
    "pilot_mode": false,
    "num_classes": 4,
    "model_type": "ParticleNet",
    "num_node_features": 9,
    "num_graph_features": 4,
    "dropout_p": 0.3,
    "batch_size": 1024,
    "train_folds": [
      0,
      1,
      2
    ],
    "valid_folds": [
      3
    ]
  },
  "training_summary": {
    "best_epoch": 79,
    "best_train_loss": 0.8150158659056777,
    "best_valid_loss": 0.8285446057932565,
    "best_train_acc": 0.6843042063503385,
    "best_valid_acc": 0.6811005284206807,
    "total_epochs": 81
  },
  "epoch_history": {
    "train_loss": [
      1.2267015898938514,
      1.0338351894294542,
      0.9554644949849478,
      0.9125418917168459,
      0.888146103851839,
      0.8745282413112936,
      0.8677402366326914,
      0.8640136411604132,
      0.8647202632540986,
      0.865125065425359,
      0.862164603638587,
      0.8580511713196416,
      0.8589706882100934,
      0.8559233288231628,
      0.8532956255565348,
      0.8520405523614824,
      0.8499768404711704,
      0.8483323730289589,
      0.8473178894657164,
      0.8455639506773119,
      0.8417155286986358,
      0.8390938042923612,
      0.8397991572085319,
      0.8383962521677901,
      0.8365840443498016,
      0.8358431311007857,
      0.8347374525071808,
      0.8345347210220799,
      0.8312106260497365,
      0.8338890630662319,
      0.8314107191639232,
      0.8309342585798558,
      0.8302937539875176,
      0.8297798238325415,
      0.8284344649402815,
      0.8265676630204661,
      0.8296393767046315,
      0.827065365099319,
      0.8277937025993536,
      0.8269387140931524,
      0.8257351638556476,
      0.8267712634865264,
      0.8249532112026403,
      0.823295648245666,
      0.8248747511292319,
      0.8239552366935285,
      0.8248620101502843,
      0.8229245021270537,
      0.8228767011607168,
      0.8237830315535116,
      0.821441812839349,
      0.8222824347789573,
      0.8219551897206226,
      0.8220760985259548,
      0.8213827113235391,
      0.8214697093265381,
      0.8211122807293484,
      0.8197608243023432,
      0.8207018710177412,
      0.8202133790221432,
      0.8199101345958777,
      0.8181133739295969,
      0.8185502190451727,
      0.8184435853398451,
      0.8198279965837153,
      0.8174635539658514,
      0.8187491364436719,
      0.8184579297290552,
      0.8186272778683431,
      0.8184593019576363,
      0.8166289915426179,
      0.8167477097691083,
      0.8167729251026238,
      0.8165809439889368,
      0.8169964637976005,
      0.8156976927301453,
      0.8166702646314083,
      0.8157283419456687,
      0.8151878522707716,
      0.8150158659056777,
      0.8157112905009565
    ],
    "valid_loss": [
      1.228185954305083,
      1.049391433326882,
      0.9715568526672951,
      0.9272212338542155,
      0.9014954109196184,
      0.8876796257438249,
      0.8809358404385048,
      0.877025953974071,
      0.8780841588748068,
      0.8787105219828397,
      0.8756184544473458,
      0.871537164550346,
      0.8726612080709916,
      0.8695817171318199,
      0.8667096422765578,
      0.8654475058081087,
      0.8633272762240072,
      0.8617484527924627,
      0.8608312771166825,
      0.8589729614448973,
      0.8549402579771688,
      0.8522282384719049,
      0.8531217860129361,
      0.8516499245213305,
      0.8499658294514513,
      0.849283042509831,
      0.8482278588669753,
      0.8481050329183407,
      0.8445784709292788,
      0.8476480975481687,
      0.84498726370608,
      0.8445260024063465,
      0.8439193953263217,
      0.8434596925376037,
      0.8419847327724186,
      0.8400122484028338,
      0.8435048145470584,
      0.8406689971758645,
      0.8415582418246476,
      0.8406043295989646,
      0.8392820622500873,
      0.8405718416565768,
      0.8385255724482217,
      0.836758440852527,
      0.8386033467247308,
      0.8375403182026859,
      0.8386581774913323,
      0.8365466499460342,
      0.8365757077182285,
      0.8374926215896463,
      0.8349962722661418,
      0.8359433993290538,
      0.835615023318898,
      0.8357626020643174,
      0.8350267812052743,
      0.835149724791254,
      0.834813747938131,
      0.8333642447719102,
      0.8344288326627429,
      0.8338553498083507,
      0.833583262593913,
      0.8316126460235307,
      0.832117056762756,
      0.8320490455893963,
      0.8335202224561606,
      0.831026512314242,
      0.832487520229016,
      0.8320889270389304,
      0.8322823997276131,
      0.83221777264982,
      0.8301287151853846,
      0.8303583655240413,
      0.8303789166457102,
      0.8301934013269281,
      0.8306087995632015,
      0.8291878209411462,
      0.8303515684137274,
      0.8293153809964225,
      0.8287575130291398,
      0.8285446057932565,
      0.8293141943909722
    ],
    "train_acc": [
      0.6691582385917864,
      0.6715975065261116,
      0.6749354521204514,
      0.6775173673023979,
      0.6778914200850494,
      0.6788249670722604,
      0.6794573698700483,
      0.6794383502370321,
      0.6798520272551342,
      0.6799629751143952,
      0.6801737760469911,
      0.680990035297269,
      0.6806571917194858,
      0.6812246107711352,
      0.681099398187112,
      0.6809821104501789,
      0.6810423392880635,
      0.6813846926823547,
      0.6817444807402441,
      0.6813577482022485,
      0.6819109025291357,
      0.6822675206481891,
      0.6818506736912511,
      0.681952111734004,
      0.6824180927429006,
      0.6821407230947479,
      0.6822072918103045,
      0.6820630595932652,
      0.6827541062595197,
      0.6820725694097732,
      0.6825116059385634,
      0.682464056856023,
      0.6826510832473487,
      0.6827350866265035,
      0.682781050739626,
      0.6832660513815386,
      0.682779465770208,
      0.6829585673144437,
      0.6828270148527484,
      0.6828745639352889,
      0.6830631752960327,
      0.6829538124061896,
      0.6831202341950812,
      0.6834372280786842,
      0.6832628814427025,
      0.6831947277577279,
      0.6831566884916955,
      0.6835339112131832,
      0.6835798753263056,
      0.683093289714975,
      0.6836052348369939,
      0.6834641725587904,
      0.6835434210296912,
      0.6834055286903239,
      0.6836147446535019,
      0.6833944339043978,
      0.6835037967942409,
      0.6837859213506475,
      0.6835545158156173,
      0.6836099897452479,
      0.6836496139806982,
      0.6840141569468418,
      0.6839650228948833,
      0.6839301535676869,
      0.6834800222529707,
      0.6840759707541443,
      0.6838112808613358,
      0.6837811664423935,
      0.6835798753263056,
      0.6839222287205968,
      0.6840553661517101,
      0.684148879347373,
      0.6840759707541443,
      0.6841774087968973,
      0.6838921143016545,
      0.6842075232158396,
      0.6840300066410219,
      0.6841615591027171,
      0.6842772618702322,
      0.6843042063503385,
      0.6841045002036685
    ],