{
  "hyperparameters": {
    "signal": "MHc130_MA90",
    "channel": "Run3Mu",
    "iteration": 0,
    "model_idx": 3,
    "num_hidden": 128,
    "optimizer": "Adadelta",
    "initial_lr": 0.0005,
    "weight_decay": 3e-05,
    "scheduler": "ExponentialLR",
    "pilot_mode": false,
    "num_classes": 4,
    "model_type": "ParticleNet",
    "num_node_features": 9,
    "num_graph_features": 4,
    "dropout_p": 0.3,
    "batch_size": 1024,
    "train_folds": [
      0,
      1,
      2
    ],
    "valid_folds": [
      3
    ]
  },
  "training_summary": {
    "best_epoch": 0,
    "best_train_loss": 1.4831610118334018,
    "best_valid_loss": 1.469995339571098,
    "best_train_acc": 0.24160639820454663,
    "best_valid_acc": 0.26005043285523843,
    "total_epochs": 8
  },
  "epoch_history": {
    "train_loss": [
      1.4831610118334018,
      1.5080691413650908,
      1.5389793103881027,
      1.580901086656813,
      1.6404350937412981,
      1.6928214189036512,
      1.710287567033178,
      1.695771009649379
    ],
    "valid_loss": [
      1.469995339571098,
      1.4861735468325408,
      1.5111144101959957,
      1.5480888509947195,
      1.6034755580878388,
      1.6537631617171251,
      1.6714714752318334,
      1.6591888020660146
    ],
    "train_acc": [
      0.24160639820454663,
      0.2592296731634563,
      0.258040946099945,
      0.25786818443338133,
      0.25798230223147844,
      0.25872882282736354,
      0.26184170276434515,
      0.2704132173769707
    ],
    "valid_acc": [
      0.26005043285523843,
      0.280858000995808,
      0.2798059780601018,
      0.2796774867091759,
      0.27978590128651964,
      0.2805929875845232,
      0.2839096705802991,
      0.29240214580556045
    ],
    "epoch": [
      0,
      1,
      2,
      3,
      4,
      5,
      6,
      7
    ],
    "timestamp": [
      1760810140.1158488,
      1760810520.3685555,
      1760810880.1118362,
      1760811276.1441238,
      1760811832.23744,
      1760812215.3197873,
      1760812609.9029813,
      1760812967.3144355
    ]
  }
}