{
  "hyperparameters": {
    "signal": "MHc130_MA90",
    "channel": "Run3Mu",
    "iteration": 0,
    "model_idx": 2,
    "num_hidden": 96,
    "optimizer": "Adam",
    "initial_lr": 0.0019,
    "weight_decay": 0.00023,
    "scheduler": "ReduceLROnPlateau",
    "pilot_mode": false,
    "num_classes": 4,
    "model_type": "ParticleNet",
    "num_node_features": 9,
    "num_graph_features": 4,
    "dropout_p": 0.3,
    "batch_size": 1024,
    "train_folds": [
      0,
      1,
      2
    ],
    "valid_folds": [
      3
    ]
  },
  "training_summary": {
    "best_epoch": 20,
    "best_train_loss": 0.7486034552609212,
    "best_valid_loss": 0.7610156540735797,
    "best_train_acc": 0.7020542788626893,
    "best_valid_acc": 0.6983545076372046,
    "total_epochs": 28
  },
  "epoch_history": {
    "train_loss": [
      0.8068774809472901,
      0.793251753658669,
      0.7880615459462134,
      0.7803537778381846,
      0.7752935832545615,
      0.7731525339573584,
      0.7687543876972303,
      0.7636572644580121,
      0.7573676988148683,
      0.7527805668750852,
      0.7667546499138007,
      0.755237098136402,
      0.7557869157466655,
      0.7522169675208911,
      0.7498149729468899,
      0.7507072620574954,
      0.7482812560045808,
      0.7540408020071286,
      0.7505397522466895,
      0.7493664551274618,
      0.7486034552609212,
      0.7497840395851615,
      0.7506708128638557,
      0.75079729409333,
      0.7484298233437006,
      0.751262554748427,
      0.7580879664683599,
      0.7527751199575166
    ],
    "valid_loss": [
      0.8181992800699367,
      0.8059205366041422,
      0.8014983719128667,
      0.7927963640505238,
      0.7877886094776033,
      0.7869171527595352,
      0.7821439944404042,
      0.7768792745661558,
      0.7703409161707612,
      0.7659371981180644,
      0.7801783422885286,
      0.7685018050406591,
      0.7691772814952386,
      0.7652845234571533,
      0.7630611973614837,
      0.7640265400158762,
      0.7618980603164391,
      0.7664358707281606,
      0.7645421387405948,
      0.7626730456499051,
      0.7610156540735797,
      0.7632722538310719,
      0.7627524193654229,
      0.7646560171437373,
      0.7624861390857075,
      0.764696281404799,
      0.7713101983282902,
      0.7662739940212034
    ],
    "train_acc": [
      0.6853693057992446,
      0.6866547159972548,
      0.6858939306766076,
      0.6943893667571684,
      0.6929264399843404,
      0.691927909250991,
      0.6981821985744785,
      0.7003377569829791,
      0.6990317421825346,
      0.6996229357754542,
      0.6915586113765935,
      0.6966812325356182,
      0.6989635884975599,
      0.6992742425034909,
      0.7004724793835103,
      0.6988288660970287,
      0.7024045571040707,
      0.6983169209750097,
      0.7015328239241624,
      0.7041622881886495,
      0.7020542788626893,
      0.7021034129146478,
      0.7017309451014143,
      0.7003520217077411,
      0.7005342931908128,
      0.6980522310822013,
      0.6951612468637418,
      0.7013648171658527
    ],
    "valid_acc": [
      0.6819357222016993,
      0.6834294341562134,
      0.6824135494129552,
      0.6916207577777421,
      0.6893038981063587,
      0.6879708003405021,
      0.694624243105636,
      0.6962103082186281,
      0.6952104848942355,
      0.6957003581696407,
      0.6879306467933377,
      0.6926808114228811,
      0.6950097171584138,
      0.6952827612791314,
      0.6966078283355551,
      0.6948651643886221,
      0.6979208493278296,
      0.694837056905607,
      0.6975032524373204,
      0.7002658164822281,
      0.6983545076372046,
      0.6985673214371758,
      0.6981938934485472,
      0.6964110759544498,
      0.6964753216299128,
      0.6938894331925283,
      0.6914962817815326,
      0.6974590835354395
    ],
    "epoch": [
      0,
      1,
      2,
      3,
      4,
      5,
      6,
      7,
      8,
      9,
      10,
      11,
      12,
      13,
      14,
      15,
      16,
      17,
      18,
      19,
      20,
      21,
      22,
      23,
      24,
      25,
      26,
      27
    ],
    "timestamp": [
      1760810129.244484,
      1760810507.1073167,
      1760810861.4464376,
      1760811247.542331,
      1760811615.6078668,
      1760812011.0623994,
      1760812400.0896013,
      1760812743.758875,
      1760813119.6327727,
      1760813474.42655,
      1760813821.1010883,
      1760814149.3607278,
      1760814414.4021964,
      1760814712.0442963,
      1760814978.5908048,
      1760815196.9522698,
      1760815361.0962646,
      1760815534.8132129,
      1760815713.416664,
      1760815888.0058613,
      1760816068.4003167,
      1760816231.4226124,
      1760816421.0586915,
      1760816609.8429742,
      1760816790.2986314,
      1760816964.305036,
      1760817106.7394688,
      1760817275.1333268
    ]
  }
}