{
  "hyperparameters": {
    "signal": "MHc130_MA90",
    "channel": "Combined",
    "iteration": 2,
    "model_idx": 3,
    "num_hidden": 192,
    "optimizer": "Adam",
    "initial_lr": 0.0004,
    "weight_decay": 0.00079,
    "scheduler": "ReduceLROnPlateau",
    "pilot_mode": false,
    "num_classes": 4,
    "model_type": "ParticleNet",
    "num_node_features": 9,
    "num_graph_features": 8,
    "dropout_p": 0.4,
    "batch_size": 512,
    "train_folds": [
      0,
      1,
      2
    ],
    "valid_folds": [
      3
    ],
    "loss_type": "disco",
    "disco_lambda": 0.1
  },
  "training_summary": {
    "best_epoch": 60,
    "best_train_loss": 0.7429885083091137,
    "best_valid_loss": 0.7008734115249361,
    "best_train_acc": 0.5179194957017899,
    "best_valid_acc": 0.5558300316333771,
    "total_epochs": 71
  },
  "epoch_history": {
    "train_loss": [
      1.0444218241720884,
      0.8883456597962884,
      0.8469273694139292,
      0.8269436676754479,
      0.815798294015305,
      0.8082527447072312,
      0.8010767393144731,
      0.7939433335444219,
      0.7882332134572312,
      0.7834499736694752,
      0.7779402488734535,
      0.7759505131952592,
      0.7724498970109855,
      0.770702583391105,
      0.7688239296141745,
      0.7677221721349723,
      0.7659040327365081,
      0.7657374880012798,
      0.763560636865401,
      0.763058711237468,
      0.7638410236241467,
      0.7622711389951738,
      0.7608338443899317,
      0.7607110449885346,
      0.7609902860361561,
      0.7577419346103083,
      0.7592227662382679,
      0.7575510174748027,
      0.7575653388638546,
      0.7581971985488215,
      0.7569411866900864,
      0.7554641567399477,
      0.7572039711597429,
      0.7564501973956111,
      0.7557891741547568,
      0.7561337207364548,
      0.7541818456031356,
      0.7552846967156837,
      0.7538024589877079,
      0.75526308443766,
      0.7543759915609002,
      0.7550431079018238,
      0.7549690533009812,
      0.7539799921341723,
      0.754550347962884,
      0.7479544890211711,
      0.7463373698472163,
      0.7454517351482508,
      0.7450710465883639,
      0.7456041147277623,
      0.7442944627573059,
      0.7425377230595404,
      0.74290106971923,
      0.7424548673141531,
      0.744606825271971,
      0.7432756651790475,
      0.7433264410129586,
      0.7424942901923794,
      0.7423291515571673,
      0.7430169948538823,
      0.7429885083091137,
      0.7416326633492427,
      0.7417868656509973,
      0.7407105742054181,
      0.7431555738221256,
      0.7402396348556154,
      0.7413354554680834,
      0.7408015020064527,
      0.7412859295008533,
      0.7400457492867427,
      0.7414181549801354
    ],
    "valid_loss": [
      1.3084985289122442,
      1.0509095643182544,
      0.8737457353440697,
      0.8139915368746004,
      0.7991470375939098,
      0.7909555264446132,
      0.7772710073329604,
      0.7670224084878516,
      0.7637338467571132,
      0.7561078083789562,
      0.7480425041959718,
      0.7472224320901935,
      0.7444364347726183,
      0.7375460183224105,
      0.7378864727361732,
      0.733643670826007,
      0.7372531744525256,
      0.7303780558164162,
      0.730463130394821,
      0.7324985982207082,
      0.73043924707281,
      0.7317870157149137,
      0.7245689450627397,
      0.7276517668038683,
      0.7287276089953645,
      0.723147965453165,
      0.7205823034886509,
      0.7224320901934144,
      0.7215052455892343,
      0.7246929666270381,
      0.7192419496033807,
      0.718488844459319,
      0.7217632010769661,
      0.7238149813678868,
      0.7176544891903772,
      0.7233514419906889,
      0.7187866054837356,
      0.719811324878117,
      0.7189872722186701,
      0.7157785557115169,
      0.7178663170855978,
      0.724425176830243,
      0.7161627181655611,
      0.7169987124860134,
      0.7179818311920556,
      0.7086539109954444,
      0.7084212437310182,
      0.706735128027094,
      0.7039710627797314,
      0.7059680519201567,
      0.7051230037913603,
      0.7067402793318415,
      0.7019327071011828,
      0.7051322136998481,
      0.7042735848585358,
      0.7043500739290282,
      0.7035021379475703,
      0.7024375349664322,
      0.703974965283328,
      0.7032548753196931,
      0.7008734115249361,
      0.7042102082001279,
      0.7051191793378356,
      0.7078525709069293,
      0.7043912063169357,
      0.7022623906050192,
      0.7034239317754956,
      0.7031214096966911,
      0.7026833926930147,
      0.7025328341042599,
      0.7014893826926151
    ],
    "train_acc": [
      0.28143783658742905,
      0.3433806970715523,
      0.39235852658748627,
      0.4172796979546547,
      0.4311228543519974,
      0.43860774487257004,
      0.44949594885110855,
      0.45902128517627716,
      0.4673568457365036,
      0.4721800535917282,
      0.48018408566713333,
      0.4823374003171921,
      0.485114224255085,
      0.48835308849811554,
      0.48710617423057556,
      0.4915592521429062,
      0.49325545877218246,
      0.49344179779291153,
      0.4938357174396515,
      0.4945976585149765,
      0.49601851403713226,
      0.4968092143535614,
      0.49933601170778275,
      0.4987151771783829,
      0.5014845803380013,
      0.5016160532832146,
      0.5016257166862488,
      0.5024070143699646,
      0.5018453449010849,
      0.5016261637210846,
      0.5029963254928589,
      0.5024731159210205,
      0.5028216987848282,
      0.5047814548015594,
      0.5021143704652786,
      0.5044193416833878,
      0.5047805458307266,
      0.5046116039156914,
      0.5058297216892242,
      0.5063332691788673,
      0.5067886337637901,
      0.5050583854317665,
      0.5066438764333725,
      0.5063430368900299,
      0.505562387406826,
      0.5125391334295273,
      0.5108604356646538,
      0.5148254558444023,
      0.5142061710357666,
      0.5157996118068695,
      0.5167827606201172,
      0.5162898749113083,
      0.5172244384884834,
      0.5182547345757484,
      0.5159304291009903,
      0.5164489150047302,
      0.5147819444537163,
      0.5178712457418442,
      0.5170736983418465,
      0.5186247900128365,
      0.5179194957017899,
      0.5186422988772392,
      0.5168891549110413,
      0.5181158110499382,
      0.5163218900561333,
      0.5190594047307968,
      0.5206060633063316,
      0.5180228874087334,
      0.5196013823151588,
      0.519576758146286,
      0.5183767899870872
    ],