{
  "syst": "bjet",
  "observed": 389.23126924037933,
  "expected": 439.8025767303552,
  "difference": -0.11498638290375765,
  "max_bin_difference": 9.545372388059342,
  "max_bin_difference_bin": 112,
  "max_bin_difference_filtered": 0.5728873168475973,
  "max_bin_difference_filtered_bin": 52,
  "snr_threshold": 3.0,
  "mass_range_min": 10.0,
  "mass_range_max": 160.0,
  "percentile_68_difference": 0.22055964947337378,
  "percentile_95_difference": 0.390581018347196,
  "rms_bin_difference": 0.21499337987196684,
  "chi2": 138.8287360327589,
  "ndf": 27,
  "chi2_per_ndf": 5.14180503825033,
  "p_value": 5.2884458365896095e-17,
  "closure_uncertainty_scale": 4.6000000000000005,
  "recommended_systematic_pct": 360.00000000000006
}