{
  "syst": "cjet",
  "observed": 106.2313765375875,
  "expected": 148.0526526981048,
  "difference": -0.28247569630376945,
  "max_bin_difference": 55.177037302280326,
  "max_bin_difference_bin": 149,
  "max_bin_difference_filtered": 0.616504559937493,
  "max_bin_difference_filtered_bin": 50,
  "snr_threshold": 3.0,
  "mass_range_min": 10.0,
  "mass_range_max": 160.0,
  "percentile_68_difference": 0.3844845207642608,
  "percentile_95_difference": 0.5200479226810489,
  "rms_bin_difference": 0.3183505227733486,
  "chi2": 45.82262527322283,
  "ndf": 23,
  "chi2_per_ndf": 1.9922880553575144,
  "p_value": 0.0031468237764551237,
  "closure_uncertainty_scale": 2.0500000000000003,
  "recommended_systematic_pct": 105.00000000000003
}