{
  "syst": "cjet",
  "observed": 106.2313774228096,
  "expected": 148.05265128612518,
  "difference": -0.2824756834816296,
  "max_bin_difference": 0.0,
  "max_bin_difference_bin": -1,
  "max_bin_difference_filtered": 0.0,
  "max_bin_difference_filtered_bin": -1,
  "snr_threshold": 3.0,
  "mass_range_min": 10.0,
  "mass_range_max": 160.0,
  "percentile_68_difference": 0.0,
  "percentile_95_difference": 0.0,
  "rms_bin_difference": 0.0,
  "chi2": 15.956867314736655,
  "ndf": 20,
  "chi2_per_ndf": 0.7978433657368328,
  "p_value": 0.7192965113108483,
  "closure_uncertainty_scale": 0.35000000000000003,
  "recommended_systematic_pct": 64.99999999999999
}