{
  "Central": {
    "ptcorr_15to17_EB1": 0.9799672975204885,
    "ptcorr_15to17_EB2": 0.3628579545766115,
    "ptcorr_15to17_EE": 0.8000097833573818,
    "ptcorr_17to20_EB1": 1.738637109985575,
    "ptcorr_17to20_EB2": 0.6629227970261127,
    "ptcorr_17to20_EE": 1.0203306414186954,
    "ptcorr_20to25_EB1": 3.6440089609241113,
    "ptcorr_20to25_EB2": 2.7084463874343783,
    "ptcorr_20to25_EE": 2.5646744285477325,
    "ptcorr_25to35_EB1": 6.203645643603522,
    "ptcorr_25to35_EB2": 4.759426678647287,
    "ptcorr_25to35_EE": 5.613745557144284,
    "ptcorr_35to50_EB1": 11.376854199392255,
    "ptcorr_35to50_EB2": 7.821532115456648,
    "ptcorr_35to50_EE": 7.615247417241335,
    "ptcorr_50to100_EB1": 14.728393824072555,
    "ptcorr_50to100_EB2": 11.358480442955624,
    "ptcorr_50to100_EE": 6.757660826086067,
    "ptcorr_100to200_EB1": 1.8258335296995938,
    "ptcorr_100to200_EB2": 1.1655785195180215,
    "ptcorr_100to200_EE": 0.47529173735529184
  },
  "MotherJetPt_Up": {
    "ptcorr_15to17_EB1": 0.5807489848230034,
    "ptcorr_15to17_EB2": 0.28859459422528744,
    "ptcorr_15to17_EE": 0.4620176665484905,
    "ptcorr_17to20_EB1": 0.9252721241209656,
    "ptcorr_17to20_EB2": 0.6685623915400356,
    "ptcorr_17to20_EE": 0.6203777818009257,
    "ptcorr_20to25_EB1": 2.1829129204852507,
    "ptcorr_20to25_EB2": 1.8231252778787166,
    "ptcorr_20to25_EE": 1.588626944925636,
    "ptcorr_25to35_EB1": 4.243694702454377,
    "ptcorr_25to35_EB2": 2.902355643105693,
    "ptcorr_25to35_EE": 4.058232220355421,
    "ptcorr_35to50_EB1": 8.222379055048805,
    "ptcorr_35to50_EB2": 4.729823059984483,
    "ptcorr_35to50_EE": 5.78973074327223,
    "ptcorr_50to100_EB1": 11.316943628131412,
    "ptcorr_50to100_EB2": 8.269343610096257,
    "ptcorr_50to100_EE": 4.584871886414476,
    "ptcorr_100to200_EB1": 1.6949000083841383,
    "ptcorr_100to200_EB2": 1.1655785195180215,
    "ptcorr_100to200_EE": 0.4253972666338086
  },
  "MotherJetPt_Down": {
    "ptcorr_15to17_EB1": 1.0608977288939059,
    "ptcorr_15to17_EB2": 0.44285995699465275,
    "ptcorr_15to17_EE": 0.843448743224144,
    "ptcorr_17to20_EB1": 1.9588788056280464,
    "ptcorr_17to20_EB2": 0.7946181532461196,
    "ptcorr_17to20_EE": 1.1566522903740406,
    "ptcorr_20to25_EB1": 3.920816754340194,
    "ptcorr_20to25_EB2": 3.0284970100037754,
    "ptcorr_20to25_EE": 2.89499313745182,
    "ptcorr_25to35_EB1": 7.504992616537493,
    "ptcorr_25to35_EB2": 5.234846861916594,
    "ptcorr_25to35_EE": 6.225237517210189,
    "ptcorr_35to50_EB1": 12.947726430487819,
    "ptcorr_35to50_EB2": 9.021272388170473,
    "ptcorr_35to50_EE": 8.39789714012295,
    "ptcorr_50to100_EB1": 16.017535807332024,
    "ptcorr_50to100_EB2": 11.963045132986736,
    "ptcorr_50to100_EE": 7.217731195501983,
    "ptcorr_100to200_EB1": 1.8850304302759469,
    "ptcorr_100to200_EB2": 1.1655785195180215,
    "ptcorr_100to200_EE": 0.667867791838944
  },
  "RequireHeavyTag": {
    "ptcorr_15to17_EB1": 0.7763619755860418,
    "ptcorr_15to17_EB2": 0.21763070859014988,
    "ptcorr_15to17_EE": 0.4675662722438574,
    "ptcorr_17to20_EB1": 1.3819833307061344,
    "ptcorr_17to20_EB2": 0.512420690851286,
    "ptcorr_17to20_EE": 0.7934442823752761,
    "ptcorr_20to25_EB1": 3.3235793000785634,
    "ptcorr_20to25_EB2": 2.220482306322083,
    "ptcorr_20to25_EE": 1.9355737256119028,
    "ptcorr_25to35_EB1": 5.462140958523378,
    "ptcorr_25to35_EB2": 4.0587688143132254,
    "ptcorr_25to35_EE": 4.706413325271569,
    "ptcorr_35to50_EB1": 9.259718340355903,
    "ptcorr_35to50_EB2": 6.28704263700638,
    "ptcorr_35to50_EE": 5.798994455952197,
    "ptcorr_50to100_EB1": 11.919157336000353,
    "ptcorr_50to100_EB2": 8.502582267974503,
    "ptcorr_50to100_EE": 5.319982280372642,
    "ptcorr_100to200_EB1": 1.575884785503149,
    "ptcorr_100to200_EB2": 0.8666608478524722,
    "ptcorr_100to200_EE": 0.4123362856917083
  },
  "L1Prefire_Up": {
    "ptcorr_15to17_EB1": 0.9799672975204885,
    "ptcorr_15to17_EB2": 0.3628579545766115,
    "ptcorr_15to17_EE": 0.8000097833573818,
    "ptcorr_17to20_EB1": 1.738637109985575,
    "ptcorr_17to20_EB2": 0.6629227970261127,
    "ptcorr_17to20_EE": 1.0203306414186954,
    "ptcorr_20to25_EB1": 3.6440089609241113,
    "ptcorr_20to25_EB2": 2.7084463874343783,
    "ptcorr_20to25_EE": 2.5646744285477325,
    "ptcorr_25to35_EB1": 6.203645643603522,
    "ptcorr_25to35_EB2": 4.759426678647287,
    "ptcorr_25to35_EE": 5.613745557144284,
    "ptcorr_35to50_EB1": 11.376854199392255,
    "ptcorr_35to50_EB2": 7.821532115456648,
    "ptcorr_35to50_EE": 7.615247417241335,
    "ptcorr_50to100_EB1": 14.728393824072555,
    "ptcorr_50to100_EB2": 11.358480442955624,
    "ptcorr_50to100_EE": 6.757660826086067,
    "ptcorr_100to200_EB1": 1.8258335296995938,
    "ptcorr_100to200_EB2": 1.1655785195180215,
    "ptcorr_100to200_EE": 0.47529173735529184
  },
  "L1Prefire_Down": {
    "ptcorr_15to17_EB1": 0.9799672975204885,
    "ptcorr_15to17_EB2": 0.3628579545766115,
    "ptcorr_15to17_EE": 0.8000097833573818,
    "ptcorr_17to20_EB1": 1.738637109985575,
    "ptcorr_17to20_EB2": 0.6629227970261127,
    "ptcorr_17to20_EE": 1.0203306414186954,
    "ptcorr_20to25_EB1": 3.6440089609241113,
    "ptcorr_20to25_EB2": 2.7084463874343783,
    "ptcorr_20to25_EE": 2.5646744285477325,
    "ptcorr_25to35_EB1": 6.203645643603522,
    "ptcorr_25to35_EB2": 4.759426678647287,
    "ptcorr_25to35_EE": 5.613745557144284,
    "ptcorr_35to50_EB1": 11.376854199392255,
    "ptcorr_35to50_EB2": 7.821532115456648,
    "ptcorr_35to50_EE": 7.615247417241335,
    "ptcorr_50to100_EB1": 14.728393824072555,
    "ptcorr_50to100_EB2": 11.358480442955624,
    "ptcorr_50to100_EE": 6.757660826086067,
    "ptcorr_100to200_EB1": 1.8258335296995938,
    "ptcorr_100to200_EB2": 1.1655785195180215,
    "ptcorr_100to200_EE": 0.47529173735529184
  },
  "PileupReweight_Up": {
    "ptcorr_15to17_EB1": 0.9679781133309007,
    "ptcorr_15to17_EB2": 0.3949615862220526,
    "ptcorr_15to17_EE": 0.7489560786634684,
    "ptcorr_17to20_EB1": 1.7934916047379375,
    "ptcorr_17to20_EB2": 0.603132345713675,
    "ptcorr_17to20_EE": 0.9649879448115826,
    "ptcorr_20to25_EB1": 3.518772274721414,
    "ptcorr_20to25_EB2": 2.6896447490435094,
    "ptcorr_20to25_EE": 2.545738727785647,
    "ptcorr_25to35_EB1": 6.034773115999997,
    "ptcorr_25to35_EB2": 4.55361812771298,
    "ptcorr_25to35_EE": 5.37168425344862,
    "ptcorr_35to50_EB1": 10.969892428722233,
    "ptcorr_35to50_EB2": 7.751297760521993,
    "ptcorr_35to50_EE": 7.531721320468932,
    "ptcorr_50to100_EB1": 14.779479542281479,
    "ptcorr_50to100_EB2": 11.014975407160819,
    "ptcorr_50to100_EE": 6.987388674868271,
    "ptcorr_100to200_EB1": 1.8188832462765276,
    "ptcorr_100to200_EB2": 1.1144550938624889,
    "ptcorr_100to200_EE": 0.4962947079911828
  },
  "PileupReweight_Down": {
    "ptcorr_15to17_EB1": 0.9764379562693648,
    "ptcorr_15to17_EB2": 0.3091167395468801,
    "ptcorr_15to17_EE": 0.8809656068915501,
    "ptcorr_17to20_EB1": 1.6108825338305905,
    "ptcorr_17to20_EB2": 0.7251432628399925,
    "ptcorr_17to20_EE": 1.0888295380864292,
    "ptcorr_20to25_EB1": 3.7108462561445776,
    "ptcorr_20to25_EB2": 2.6968000551860314,
    "ptcorr_20to25_EE": 2.5350277088873554,
    "ptcorr_25to35_EB1": 6.249660815199604,
    "ptcorr_25to35_EB2": 4.917296580344555,
    "ptcorr_25to35_EE": 5.88364851634833,
    "ptcorr_35to50_EB1": 11.80902009732381,
    "ptcorr_35to50_EB2": 7.959741158105317,
    "ptcorr_35to50_EE": 7.706740903144237,
    "ptcorr_50to100_EB1": 14.793317170187947,
    "ptcorr_50to100_EB2": 11.756568759999936,
    "ptcorr_50to100_EE": 6.608772956431494,
    "ptcorr_100to200_EB1": 1.8515819797758013,
    "ptcorr_100to200_EB2": 1.2083426269819029,
    "ptcorr_100to200_EE": 0.46322320523904637
  },
  "JetEn_Up": {
    "ptcorr_15to17_EB1": 0.9117146334610879,
    "ptcorr_15to17_EB2": 0.2832982074469328,
    "ptcorr_15to17_EE": 0.9236224079504609,
    "ptcorr_17to20_EB1": 1.5533086326904595,
    "ptcorr_17to20_EB2": 0.6198898416478187,