{
  "Central": {
    "ptcorr_15to17_EB1": 2.0112862426321954,
    "ptcorr_15to17_EB2": 1.3145634911488742,
    "ptcorr_15to17_EE": 1.6040273165563121,
    "ptcorr_17to20_EB1": 3.1155217157502193,
    "ptcorr_17to20_EB2": 2.0670746607356705,
    "ptcorr_17to20_EE": 2.019722439319594,
    "ptcorr_20to25_EB1": 6.40955090065836,
    "ptcorr_20to25_EB2": 3.599583202332724,
    "ptcorr_20to25_EE": 3.4288326278328896,
    "ptcorr_25to35_EB1": 15.308752711775014,
    "ptcorr_25to35_EB2": 8.351409666996915,
    "ptcorr_25to35_EE": 6.991177555377362,
    "ptcorr_35to50_EB1": 18.15649172454141,
    "ptcorr_35to50_EB2": 11.631973727577133,
    "ptcorr_35to50_EE": 8.48709963838337,
    "ptcorr_50to100_EB1": 22.91151961655123,
    "ptcorr_50to100_EB2": 14.445756451867055,
    "ptcorr_50to100_EE": 9.619284042797517,
    "ptcorr_100to200_EB1": 6.030990794417448,
    "ptcorr_100to200_EB2": 3.4408752146700863,
    "ptcorr_100to200_EE": 1.7376148166367784
  },
  "MotherJetPt_Up": {
    "ptcorr_15to17_EB1": 1.1251650833291933,
    "ptcorr_15to17_EB2": 0.8096114816144109,
    "ptcorr_15to17_EE": 0.9949375670403242,
    "ptcorr_17to20_EB1": 1.7190354351478163,
    "ptcorr_17to20_EB2": 1.0682462292606942,
    "ptcorr_17to20_EE": 0.9546660891501233,
    "ptcorr_20to25_EB1": 3.5246230428747367,
    "ptcorr_20to25_EB2": 2.236047069192864,
    "ptcorr_20to25_EE": 1.8949952827533707,
    "ptcorr_25to35_EB1": 8.650982627674239,
    "ptcorr_25to35_EB2": 5.037241434853058,
    "ptcorr_25to35_EE": 4.036003426532261,
    "ptcorr_35to50_EB1": 12.063688485388411,
    "ptcorr_35to50_EB2": 7.177254882641137,
    "ptcorr_35to50_EE": 6.024597989598988,
    "ptcorr_50to100_EB1": 17.113984338531736,
    "ptcorr_50to100_EB2": 10.76779112481745,
    "ptcorr_50to100_EE": 7.029662718065083,
    "ptcorr_100to200_EB1": 5.407835089368746,
    "ptcorr_100to200_EB2": 3.1130470799980685,
    "ptcorr_100to200_EE": 1.5039996523410082
  },
  "MotherJetPt_Down": {
    "ptcorr_15to17_EB1": 2.438711905386299,
    "ptcorr_15to17_EB2": 1.509222430177033,
    "ptcorr_15to17_EE": 1.9114616953302175,
    "ptcorr_17to20_EB1": 3.775721799727762,
    "ptcorr_17to20_EB2": 2.498897045676131,
    "ptcorr_17to20_EE": 2.307984027749626,
    "ptcorr_20to25_EB1": 7.707622476998949,
    "ptcorr_20to25_EB2": 4.307409690867644,
    "ptcorr_20to25_EE": 3.9550551169086248,
    "ptcorr_25to35_EB1": 17.462774422194343,
    "ptcorr_25to35_EB2": 9.93684742951882,
    "ptcorr_25to35_EE": 8.258421329053817,
    "ptcorr_35to50_EB1": 20.04047990796971,
    "ptcorr_35to50_EB2": 12.837804386130301,
    "ptcorr_35to50_EE": 9.737016991362907,
    "ptcorr_50to100_EB1": 25.039133621263318,
    "ptcorr_50to100_EB2": 15.614184374397155,
    "ptcorr_50to100_EE": 10.421680065162946,
    "ptcorr_100to200_EB1": 6.1829310056054965,
    "ptcorr_100to200_EB2": 3.6114963665313553,
    "ptcorr_100to200_EE": 1.931374931591563
  },
  "RequireHeavyTag": {
    "ptcorr_15to17_EB1": 1.1863779549021274,
    "ptcorr_15to17_EB2": 0.8328211992047727,
    "ptcorr_15to17_EE": 1.0479738707654178,
    "ptcorr_17to20_EB1": 1.9510412382951472,
    "ptcorr_17to20_EB2": 1.2469186909147538,
    "ptcorr_17to20_EE": 1.2534884937049355,
    "ptcorr_20to25_EB1": 4.13856062918785,
    "ptcorr_20to25_EB2": 2.441686622914858,
    "ptcorr_20to25_EE": 1.915141771605704,
    "ptcorr_25to35_EB1": 9.99214224255411,
    "ptcorr_25to35_EB2": 5.3984518630604725,
    "ptcorr_25to35_EE": 4.477690681611421,
    "ptcorr_35to50_EB1": 12.331974179018289,
    "ptcorr_35to50_EB2": 7.927800944336923,
    "ptcorr_35to50_EE": 5.553920405713143,
    "ptcorr_50to100_EB1": 13.98763832624536,
    "ptcorr_50to100_EB2": 9.388213434052886,
    "ptcorr_50to100_EE": 5.930054692202248,
    "ptcorr_100to200_EB1": 4.184738574462244,
    "ptcorr_100to200_EB2": 2.4045845634536818,
    "ptcorr_100to200_EE": 1.0494781651068479
  },
  "L1Prefire_Up": {
    "ptcorr_15to17_EB1": 2.0112862426321954,
    "ptcorr_15to17_EB2": 1.3145634911488742,
    "ptcorr_15to17_EE": 1.6040273165563121,
    "ptcorr_17to20_EB1": 3.1155217157502193,
    "ptcorr_17to20_EB2": 2.0670746607356705,
    "ptcorr_17to20_EE": 2.019722439319594,
    "ptcorr_20to25_EB1": 6.40955090065836,
    "ptcorr_20to25_EB2": 3.599583202332724,
    "ptcorr_20to25_EE": 3.4288326278328896,
    "ptcorr_25to35_EB1": 15.308752711775014,
    "ptcorr_25to35_EB2": 8.351409666996915,
    "ptcorr_25to35_EE": 6.991177555377362,
    "ptcorr_35to50_EB1": 18.15649172454141,
    "ptcorr_35to50_EB2": 11.631973727577133,
    "ptcorr_35to50_EE": 8.48709963838337,
    "ptcorr_50to100_EB1": 22.91151961655123,
    "ptcorr_50to100_EB2": 14.445756451867055,
    "ptcorr_50to100_EE": 9.619284042797517,
    "ptcorr_100to200_EB1": 6.030990794417448,
    "ptcorr_100to200_EB2": 3.4408752146700863,
    "ptcorr_100to200_EE": 1.7376148166367784
  },
  "L1Prefire_Down": {
    "ptcorr_15to17_EB1": 2.0112862426321954,
    "ptcorr_15to17_EB2": 1.3145634911488742,
    "ptcorr_15to17_EE": 1.6040273165563121,
    "ptcorr_17to20_EB1": 3.1155217157502193,
    "ptcorr_17to20_EB2": 2.0670746607356705,
    "ptcorr_17to20_EE": 2.019722439319594,
    "ptcorr_20to25_EB1": 6.40955090065836,
    "ptcorr_20to25_EB2": 3.599583202332724,
    "ptcorr_20to25_EE": 3.4288326278328896,
    "ptcorr_25to35_EB1": 15.308752711775014,
    "ptcorr_25to35_EB2": 8.351409666996915,
    "ptcorr_25to35_EE": 6.991177555377362,
    "ptcorr_35to50_EB1": 18.15649172454141,
    "ptcorr_35to50_EB2": 11.631973727577133,
    "ptcorr_35to50_EE": 8.48709963838337,
    "ptcorr_50to100_EB1": 22.91151961655123,
    "ptcorr_50to100_EB2": 14.445756451867055,
    "ptcorr_50to100_EE": 9.619284042797517,
    "ptcorr_100to200_EB1": 6.030990794417448,
    "ptcorr_100to200_EB2": 3.4408752146700863,
    "ptcorr_100to200_EE": 1.7376148166367784
  },
  "PileupReweight_Up": {
    "ptcorr_15to17_EB1": 1.9438368275295943,
    "ptcorr_15to17_EB2": 1.271849196171388,
    "ptcorr_15to17_EE": 1.5993825383484364,
    "ptcorr_17to20_EB1": 3.1147191033232957,
    "ptcorr_17to20_EB2": 2.021607620175928,
    "ptcorr_17to20_EE": 1.9795584875391796,
    "ptcorr_20to25_EB1": 6.315780055592768,
    "ptcorr_20to25_EB2": 3.527143904240802,
    "ptcorr_20to25_EE": 3.4319076167885214,
    "ptcorr_25to35_EB1": 15.086789173656143,
    "ptcorr_25to35_EB2": 8.238888734253123,
    "ptcorr_25to35_EE": 6.966218040324748,
    "ptcorr_35to50_EB1": 18.125596658792347,
    "ptcorr_35to50_EB2": 11.48749268555548,
    "ptcorr_35to50_EE": 8.25235219905153,
    "ptcorr_50to100_EB1": 23.097922120941803,
    "ptcorr_50to100_EB2": 14.366559439222328,
    "ptcorr_50to100_EE": 9.446653383783996,
    "ptcorr_100to200_EB1": 6.018820726545528,
    "ptcorr_100to200_EB2": 3.3844637903384864,
    "ptcorr_100to200_EE": 1.7540443831821904
  },
  "PileupReweight_Down": {
    "ptcorr_15to17_EB1": 2.0825879710901063,
    "ptcorr_15to17_EB2": 1.3419885230541695,
    "ptcorr_15to17_EE": 1.627980806864798,
    "ptcorr_17to20_EB1": 3.120175714910147,
    "ptcorr_17to20_EB2": 2.1078407163586235,
    "ptcorr_17to20_EE": 2.082158049022837,
    "ptcorr_20to25_EB1": 6.476897214444762,
    "ptcorr_20to25_EB2": 3.6900946045207093,
    "ptcorr_20to25_EE": 3.420745966679533,
    "ptcorr_25to35_EB1": 15.514529808293446,
    "ptcorr_25to35_EB2": 8.472228371923848,
    "ptcorr_25to35_EE": 6.980831305401807,
    "ptcorr_35to50_EB1": 18.186887494877737,
    "ptcorr_35to50_EB2": 11.72870981842425,
    "ptcorr_35to50_EE": 8.709073966601864,
    "ptcorr_50to100_EB1": 22.744426555414975,
    "ptcorr_50to100_EB2": 14.582794706853747,
    "ptcorr_50to100_EE": 9.819411361611856,
    "ptcorr_100to200_EB1": 6.082113736825704,
    "ptcorr_100to200_EB2": 3.4939363323283033,
    "ptcorr_100to200_EE": 1.717430719276308
  },
  "JetEn_Up": {
    "ptcorr_15to17_EB1": 1.9597118508536369,
    "ptcorr_15to17_EB2": 1.4098295322619379,
    "ptcorr_15to17_EE": 1.5740565827582031,
    "ptcorr_17to20_EB1": 3.052989807591075,
    "ptcorr_17to20_EB2": 2.0671275496133603,
    "ptcorr_17to20_EE": 1.9495460895996075,