{
  "Central": {
    "ptcorr_15to17_EB1": 11.272204972803593,
    "ptcorr_15to17_EB2": 6.244040543446317,
    "ptcorr_15to17_EE": 8.201001548441127,
    "ptcorr_17to20_EB1": 17.190168275497854,
    "ptcorr_17to20_EB2": 10.119027221866418,
    "ptcorr_17to20_EE": 13.089086372521706,
    "ptcorr_20to25_EB1": 35.056344784388784,
    "ptcorr_20to25_EB2": 19.92070747370599,
    "ptcorr_20to25_EE": 21.31537798361387,
    "ptcorr_25to35_EB1": 80.8329257654259,
    "ptcorr_25to35_EB2": 48.35284825298004,
    "ptcorr_25to35_EE": 45.11032715521287,
    "ptcorr_35to50_EB1": 116.24370941106463,
    "ptcorr_35to50_EB2": 68.85430854695733,
    "ptcorr_35to50_EE": 55.517031523631886,
    "ptcorr_50to100_EB1": 236.0166996055632,
    "ptcorr_50to100_EB2": 135.26436073804507,
    "ptcorr_50to100_EE": 88.58684637234546,
    "ptcorr_100to200_EB1": 94.16699549480109,
    "ptcorr_100to200_EB2": 51.30061604763614,
    "ptcorr_100to200_EE": 25.187584216007963
  },
  "MotherJetPt_Up": {
    "ptcorr_15to17_EB1": 8.192045639501885,
    "ptcorr_15to17_EB2": 4.285486204084009,
    "ptcorr_15to17_EE": 5.6085949001135305,
    "ptcorr_17to20_EB1": 12.455442632897757,
    "ptcorr_17to20_EB2": 6.952702264825348,
    "ptcorr_17to20_EE": 9.323230231530033,
    "ptcorr_20to25_EB1": 25.207071940763853,
    "ptcorr_20to25_EB2": 14.727657136390917,
    "ptcorr_20to25_EE": 15.558073566178791,
    "ptcorr_25to35_EB1": 59.40357511799084,
    "ptcorr_25to35_EB2": 34.85502545395866,
    "ptcorr_25to35_EE": 32.17089569143718,
    "ptcorr_35to50_EB1": 88.55373096140102,
    "ptcorr_35to50_EB2": 51.99309061880922,
    "ptcorr_35to50_EE": 42.89576557010878,
    "ptcorr_50to100_EB1": 190.69515805295669,
    "ptcorr_50to100_EB2": 108.20425755751785,
    "ptcorr_50to100_EE": 71.43030596891185,
    "ptcorr_100to200_EB1": 86.24246129801031,
    "ptcorr_100to200_EB2": 47.35679066827288,
    "ptcorr_100to200_EE": 23.026712881750427
  },
  "MotherJetPt_Down": {
    "ptcorr_15to17_EB1": 12.220059123821557,
    "ptcorr_15to17_EB2": 6.737186019541696,
    "ptcorr_15to17_EE": 9.244066495797597,
    "ptcorr_17to20_EB1": 18.80438637896441,
    "ptcorr_17to20_EB2": 10.952094051346648,
    "ptcorr_17to20_EE": 13.992451120051555,
    "ptcorr_20to25_EB1": 37.351755916140974,
    "ptcorr_20to25_EB2": 21.25842579320306,
    "ptcorr_20to25_EE": 22.815353259793483,
    "ptcorr_25to35_EB1": 85.77961270610103,
    "ptcorr_25to35_EB2": 50.72899966983823,
    "ptcorr_25to35_EE": 47.01941468467703,
    "ptcorr_35to50_EB1": 122.36071399558568,
    "ptcorr_35to50_EB2": 71.93365002886276,
    "ptcorr_35to50_EE": 58.62113249883987,
    "ptcorr_50to100_EB1": 244.81411025079433,
    "ptcorr_50to100_EB2": 141.15573173813755,
    "ptcorr_50to100_EE": 93.0144389559864,
    "ptcorr_100to200_EB1": 96.00537128996802,
    "ptcorr_100to200_EB2": 52.38733394414885,
    "ptcorr_100to200_EE": 25.732021221891046
  },
  "RequireHeavyTag": {
    "ptcorr_15to17_EB1": 6.75570245727431,
    "ptcorr_15to17_EB2": 3.884360438445583,
    "ptcorr_15to17_EE": 4.499474153155461,
    "ptcorr_17to20_EB1": 10.314976015826687,
    "ptcorr_17to20_EB2": 5.916910660045687,
    "ptcorr_17to20_EE": 6.704745475202799,
    "ptcorr_20to25_EB1": 21.744520943262614,
    "ptcorr_20to25_EB2": 11.598972899490036,
    "ptcorr_20to25_EE": 12.425802497775294,
    "ptcorr_25to35_EB1": 44.493198427779134,
    "ptcorr_25to35_EB2": 28.348937654634938,
    "ptcorr_25to35_EE": 25.76640042231884,
    "ptcorr_35to50_EB1": 66.42174245492788,
    "ptcorr_35to50_EB2": 37.902883944363566,
    "ptcorr_35to50_EE": 31.389445165463258,
    "ptcorr_50to100_EB1": 125.18218397244345,
    "ptcorr_50to100_EB2": 68.48258556128712,
    "ptcorr_50to100_EE": 44.46508714091033,
    "ptcorr_100to200_EB1": 48.626423924346454,
    "ptcorr_100to200_EB2": 29.030608767003287,
    "ptcorr_100to200_EE": 12.087457458430436
  },
  "L1Prefire_Up": {
    "ptcorr_15to17_EB1": 11.272204972803593,
    "ptcorr_15to17_EB2": 6.244040543446317,
    "ptcorr_15to17_EE": 8.201001548441127,
    "ptcorr_17to20_EB1": 17.190168275497854,
    "ptcorr_17to20_EB2": 10.119027221866418,
    "ptcorr_17to20_EE": 13.089086372521706,
    "ptcorr_20to25_EB1": 35.056344784388784,
    "ptcorr_20to25_EB2": 19.92070747370599,
    "ptcorr_20to25_EE": 21.31537798361387,
    "ptcorr_25to35_EB1": 80.8329257654259,
    "ptcorr_25to35_EB2": 48.35284825298004,
    "ptcorr_25to35_EE": 45.11032715521287,
    "ptcorr_35to50_EB1": 116.24370941106463,
    "ptcorr_35to50_EB2": 68.85430854695733,
    "ptcorr_35to50_EE": 55.517031523631886,
    "ptcorr_50to100_EB1": 236.0166996055632,
    "ptcorr_50to100_EB2": 135.26436073804507,
    "ptcorr_50to100_EE": 88.58684637234546,
    "ptcorr_100to200_EB1": 94.16699549480109,
    "ptcorr_100to200_EB2": 51.30061604763614,
    "ptcorr_100to200_EE": 25.187584216007963
  },
  "L1Prefire_Down": {
    "ptcorr_15to17_EB1": 11.272204972803593,
    "ptcorr_15to17_EB2": 6.244040543446317,
    "ptcorr_15to17_EE": 8.201001548441127,
    "ptcorr_17to20_EB1": 17.190168275497854,
    "ptcorr_17to20_EB2": 10.119027221866418,
    "ptcorr_17to20_EE": 13.089086372521706,
    "ptcorr_20to25_EB1": 35.056344784388784,
    "ptcorr_20to25_EB2": 19.92070747370599,
    "ptcorr_20to25_EE": 21.31537798361387,
    "ptcorr_25to35_EB1": 80.8329257654259,
    "ptcorr_25to35_EB2": 48.35284825298004,
    "ptcorr_25to35_EE": 45.11032715521287,
    "ptcorr_35to50_EB1": 116.24370941106463,
    "ptcorr_35to50_EB2": 68.85430854695733,
    "ptcorr_35to50_EE": 55.517031523631886,
    "ptcorr_50to100_EB1": 236.0166996055632,
    "ptcorr_50to100_EB2": 135.26436073804507,
    "ptcorr_50to100_EE": 88.58684637234546,
    "ptcorr_100to200_EB1": 94.16699549480109,
    "ptcorr_100to200_EB2": 51.30061604763614,
    "ptcorr_100to200_EE": 25.187584216007963
  },
  "PileupReweight_Up": {
    "ptcorr_15to17_EB1": 11.07551650912501,
    "ptcorr_15to17_EB2": 6.014137468999252,
    "ptcorr_15to17_EE": 7.913674502633512,
    "ptcorr_17to20_EB1": 17.474724664818496,
    "ptcorr_17to20_EB2": 9.788310243980959,
    "ptcorr_17to20_EE": 12.903725057607517,
    "ptcorr_20to25_EB1": 34.82518354500644,
    "ptcorr_20to25_EB2": 19.60900263907388,
    "ptcorr_20to25_EE": 20.954520142171532,
    "ptcorr_25to35_EB1": 79.67570117558353,
    "ptcorr_25to35_EB2": 47.730205558240414,
    "ptcorr_25to35_EE": 44.17270027543418,
    "ptcorr_35to50_EB1": 115.64514324720949,
    "ptcorr_35to50_EB2": 68.40068356564734,
    "ptcorr_35to50_EE": 55.008907943731174,
    "ptcorr_50to100_EB1": 234.60641975631006,
    "ptcorr_50to100_EB2": 133.39119962463155,
    "ptcorr_50to100_EE": 87.77225491590798,
    "ptcorr_100to200_EB1": 93.14861665875651,
    "ptcorr_100to200_EB2": 50.356576127931476,
    "ptcorr_100to200_EE": 24.6811782552395
  },
  "PileupReweight_Down": {
    "ptcorr_15to17_EB1": 11.453938027407276,
    "ptcorr_15to17_EB2": 6.4748652186535764,
    "ptcorr_15to17_EE": 8.497752011127886,
    "ptcorr_17to20_EB1": 16.907132010062924,
    "ptcorr_17to20_EB2": 10.504262015223503,
    "ptcorr_17to20_EE": 13.284407770086545,
    "ptcorr_20to25_EB1": 35.1692912701983,
    "ptcorr_20to25_EB2": 20.275193926499924,
    "ptcorr_20to25_EE": 21.696653305043583,
    "ptcorr_25to35_EB1": 82.16369934378599,
    "ptcorr_25to35_EB2": 48.887478118471336,
    "ptcorr_25to35_EE": 46.218320654348645,
    "ptcorr_35to50_EB1": 116.69754953770098,
    "ptcorr_35to50_EB2": 69.41738583131428,
    "ptcorr_35to50_EE": 56.0315078432468,
    "ptcorr_50to100_EB1": 237.59441039045487,
    "ptcorr_50to100_EB2": 137.1338068408004,
    "ptcorr_50to100_EE": 89.37417917938728,
    "ptcorr_100to200_EB1": 95.07984868137282,
    "ptcorr_100to200_EB2": 52.23475100650103,
    "ptcorr_100to200_EE": 25.725370247804676
  },
  "JetEn_Up": {
    "ptcorr_15to17_EB1": 10.721010472625494,
    "ptcorr_15to17_EB2": 6.217761136009358,
    "ptcorr_15to17_EE": 7.869348250096664,
    "ptcorr_17to20_EB1": 16.429444456705824,
    "ptcorr_17to20_EB2": 9.305081093043555,
    "ptcorr_17to20_EE": 12.66750591818709,