{
  "syst": "TT",
  "observed": 137.30351397395134,
  "expected": 132.394481402167,
  "difference": 0.03707883077748879,
  "max_bin_difference": 1.5489634965811991,
  "max_bin_difference_bin": 147,
  "max_bin_difference_filtered": 1.1128729999382574,
  "max_bin_difference_filtered_bin": 100,
  "snr_threshold": 3.0,
  "mass_range_min": 10.0,
  "mass_range_max": 160.0,
  "percentile_68_difference": 0.26017630970163985,
  "percentile_95_difference": 0.6304521697534253,
  "rms_bin_difference": 0.3171416515066492,
  "chi2": 31.461287629506142,
  "ndf": 24,
  "chi2_per_ndf": 1.310886984562756,
  "p_value": 0.14092274058200072,
  "closure_uncertainty_scale": 1.4000000000000001,
  "recommended_systematic_pct": 40.000000000000014
}