{
  "syst": "TT",
  "observed": 12.698395924642682,
  "expected": 11.643514524290367,
  "difference": 0.09059819508548311,
  "max_bin_difference": 48.73949600135302,
  "max_bin_difference_bin": 21,
  "max_bin_difference_filtered": 1.259105675385738,
  "max_bin_difference_filtered_bin": 89,
  "snr_threshold": 3.0,
  "mass_range_min": 10.0,
  "mass_range_max": 160.0,
  "percentile_68_difference": 1.259105675385738,
  "percentile_95_difference": 1.259105675385738,
  "rms_bin_difference": 1.259105675385738,
  "chi2": 1.2010646448005218,
  "ndf": 2,
  "chi2_per_ndf": 0.6005323224002609,
  "p_value": 0.5485195691104054,
  "closure_uncertainty_scale": 1.0,
  "recommended_systematic_pct": 0.0
}