{
  "syst": "TT",
  "observed": 12.698395871557295,
  "expected": 11.643514534829592,
  "difference": 0.09059818953909539,
  "max_bin_difference": 20.58533264282863,
  "max_bin_difference_bin": 147,
  "max_bin_difference_filtered": 0.9471475990355235,
  "max_bin_difference_filtered_bin": 60,
  "snr_threshold": 3.0,
  "mass_range_min": 10.0,
  "mass_range_max": 160.0,
  "percentile_68_difference": 0.9471475990355235,
  "percentile_95_difference": 0.9471475990355235,
  "rms_bin_difference": 0.9471475990355235,
  "chi2": 1.3370978974072742,
  "ndf": 2,
  "chi2_per_ndf": 0.6685489487036371,
  "p_value": 0.5124516321563248,
  "closure_uncertainty_scale": 1.0,
  "recommended_systematic_pct": 0.0
}