{
  "Central": {
    "ptcorr_10to12_EB1": 9069.928695678711,
    "ptcorr_10to12_EB2": 5586.116897583008,
    "ptcorr_10to12_EE": 4491.495086669922,
    "ptcorr_12to14_EB1": 10212.349227905273,
    "ptcorr_12to14_EB2": 6267.101615905762,
    "ptcorr_12to14_EE": 4559.545616149902,
    "ptcorr_14to17_EB1": 15802.449798583984,
    "ptcorr_14to17_EB2": 9284.66714477539,
    "ptcorr_14to17_EE": 7323.655044555664,
    "ptcorr_17to20_EB1": 15798.137756347656,
    "ptcorr_17to20_EB2": 9123.275344848633,
    "ptcorr_17to20_EE": 7251.24967956543,
    "ptcorr_20to30_EB1": 56276.03503417969,
    "ptcorr_20to30_EB2": 29861.621520996094,
    "ptcorr_20to30_EE": 23686.09649658203,
    "ptcorr_30to50_EB1": 72547.86694335938,
    "ptcorr_30to50_EB2": 57115.512451171875,
    "ptcorr_30to50_EE": 51466.41955566406,
    "ptcorr_50to100_EB1": 18728.151428222656,
    "ptcorr_50to100_EB2": 16217.156311035156,
    "ptcorr_50to100_EE": 18366.82208251953,
    "ptcorr_100to200_EB1": 2237.2924308776855,
    "ptcorr_100to200_EB2": 1996.9670867919922,
    "ptcorr_100to200_EE": 2094.976806640625
  },
  "MotherJetPt_Up": {
    "ptcorr_10to12_EB1": 2446.4496459960938,
    "ptcorr_10to12_EB2": 1552.5151977539062,
    "ptcorr_10to12_EE": 1336.7264080047607,
    "ptcorr_12to14_EB1": 2666.8338165283203,
    "ptcorr_12to14_EB2": 1562.4868087768555,
    "ptcorr_12to14_EE": 1199.154878616333,
    "ptcorr_14to17_EB1": 3881.154983520508,
    "ptcorr_14to17_EB2": 2297.283172607422,
    "ptcorr_14to17_EE": 1732.067611694336,
    "ptcorr_17to20_EB1": 3640.0606689453125,
    "ptcorr_17to20_EB2": 2198.104866027832,
    "ptcorr_17to20_EE": 1732.350082397461,
    "ptcorr_20to30_EB1": 11034.461547851562,
    "ptcorr_20to30_EB2": 7802.675933837891,
    "ptcorr_20to30_EE": 5740.118698120117,
    "ptcorr_30to50_EB1": 18843.659606933594,
    "ptcorr_30to50_EB2": 20467.326721191406,
    "ptcorr_30to50_EE": 26586.327575683594,
    "ptcorr_50to100_EB1": 11323.546691894531,
    "ptcorr_50to100_EB2": 9954.776397705078,
    "ptcorr_50to100_EE": 10972.760559082031,
    "ptcorr_100to200_EB1": 2045.8178176879883,
    "ptcorr_100to200_EB2": 1831.5245513916016,
    "ptcorr_100to200_EE": 1911.570888519287
  },
  "MotherJetPt_Down": {
    "ptcorr_10to12_EB1": 32213.4736328125,
    "ptcorr_10to12_EB2": 20839.81866455078,
    "ptcorr_10to12_EE": 16471.87481689453,
    "ptcorr_12to14_EB1": 36310.21252441406,
    "ptcorr_12to14_EB2": 23791.255126953125,
    "ptcorr_12to14_EE": 17571.474639892578,
    "ptcorr_14to17_EB1": 56009.35632324219,
    "ptcorr_14to17_EB2": 33751.41613769531,
    "ptcorr_14to17_EE": 25866.337158203125,
    "ptcorr_17to20_EB1": 55500.30773925781,
    "ptcorr_17to20_EB2": 30196.437744140625,
    "ptcorr_17to20_EE": 24116.750732421875,
    "ptcorr_20to30_EB1": 143643.7568359375,
    "ptcorr_20to30_EB2": 74283.62963867188,
    "ptcorr_20to30_EE": 61058.5703125,
    "ptcorr_30to50_EB1": 111062.33447265625,
    "ptcorr_30to50_EB2": 82219.75756835938,
    "ptcorr_30to50_EE": 76986.05712890625,
    "ptcorr_50to100_EB1": 24090.459899902344,
    "ptcorr_50to100_EB2": 20894.87060546875,
    "ptcorr_50to100_EE": 23446.326171875,
    "ptcorr_100to200_EB1": 2424.1686401367188,
    "ptcorr_100to200_EB2": 2166.0884132385254,
    "ptcorr_100to200_EE": 2360.431022644043
  },
  "RequireHeavyTag": {
    "ptcorr_10to12_EB1": 372.8459881544113,
    "ptcorr_10to12_EB2": 292.5548257827759,
    "ptcorr_10to12_EE": 166.41853392124176,
    "ptcorr_12to14_EB1": 450.36243057250977,
    "ptcorr_12to14_EB2": 231.87345099449158,
    "ptcorr_12to14_EE": 217.96621453762054,
    "ptcorr_14to17_EB1": 660.4688549041748,
    "ptcorr_14to17_EB2": 419.4796390533447,
    "ptcorr_14to17_EE": 265.8464424610138,
    "ptcorr_17to20_EB1": 607.331439435482,
    "ptcorr_17to20_EB2": 361.9680482149124,
    "ptcorr_17to20_EE": 313.95872235298157,
    "ptcorr_20to30_EB1": 1725.3618125915527,
    "ptcorr_20to30_EB2": 1152.1248207092285,
    "ptcorr_20to30_EE": 865.9439353942871,
    "ptcorr_30to50_EB1": 1871.4998359680176,
    "ptcorr_30to50_EB2": 1263.4985942840576,
    "ptcorr_30to50_EE": 1012.3448553085327,
    "ptcorr_50to100_EB1": 1008.4967727661133,
    "ptcorr_50to100_EB2": 831.4512720108032,
    "ptcorr_50to100_EE": 749.0295629501343,
    "ptcorr_100to200_EB1": 157.73218274116516,
    "ptcorr_100to200_EB2": 143.78297686576843,
    "ptcorr_100to200_EE": 67.06889462471008
  },
  "Stat": {
    "ptcorr_10to12_EB1": 166.27435935856155,
    "ptcorr_10to12_EB2": 129.877077692161,
    "ptcorr_10to12_EE": 116.18749723626559,
    "ptcorr_12to14_EB1": 172.30854663411506,
    "ptcorr_12to14_EB2": 133.8960872303211,
    "ptcorr_12to14_EE": 118.1691574387325,
    "ptcorr_14to17_EB1": 209.59981613442193,
    "ptcorr_14to17_EB2": 162.59521797491436,
    "ptcorr_14to17_EE": 146.10818928427975,
    "ptcorr_17to20_EB1": 208.65851251830773,
    "ptcorr_17to20_EB2": 159.3552438407126,
    "ptcorr_17to20_EE": 143.89674714655263,
    "ptcorr_20to30_EB1": 379.36461267303946,
    "ptcorr_20to30_EB2": 285.08704849326494,
    "ptcorr_20to30_EE": 258.2409205046377,
    "ptcorr_30to50_EB1": 423.0979428229198,
    "ptcorr_30to50_EB2": 376.46578354196015,
    "ptcorr_30to50_EE": 359.96149124171126,
    "ptcorr_50to100_EB1": 251.09455028507884,
    "ptcorr_50to100_EB2": 240.31431469878495,
    "ptcorr_50to100_EE": 246.5958200889385,
    "ptcorr_100to200_EB1": 88.42775079842028,
    "ptcorr_100to200_EB2": 85.29463117237432,
    "ptcorr_100to200_EE": 90.12854434757037
  }
}