{
  "Central": {
    "ptcorr_10to12_EB1": 9.367276020348072,
    "ptcorr_10to12_EB2": 5.391243502497673,
    "ptcorr_10to12_EE": 4.076380429789424,
    "ptcorr_12to14_EB1": 8.730944246053696,
    "ptcorr_12to14_EB2": 5.676728397607803,
    "ptcorr_12to14_EE": 3.98933875747025,
    "ptcorr_14to17_EB1": 11.88329304009676,
    "ptcorr_14to17_EB2": 7.974833391606808,
    "ptcorr_14to17_EE": 8.218708835542202,
    "ptcorr_17to20_EB1": 15.060406044125557,
    "ptcorr_17to20_EB2": 8.671491228044033,
    "ptcorr_17to20_EE": 6.864456757903099,
    "ptcorr_20to30_EB1": 43.812824070453644,
    "ptcorr_20to30_EB2": 29.110346421599388,
    "ptcorr_20to30_EE": 21.75415802001953,
    "ptcorr_30to50_EB1": 72.10046553611755,
    "ptcorr_30to50_EB2": 46.31095665693283,
    "ptcorr_30to50_EE": 35.57110559940338,
    "ptcorr_50to100_EB1": 53.20883822441101,
    "ptcorr_50to100_EB2": 38.14182633161545,
    "ptcorr_50to100_EE": 33.23282241821289,
    "ptcorr_100to200_EB1": 5.144417461939156,
    "ptcorr_100to200_EB2": 6.094229705631733,
    "ptcorr_100to200_EE": 3.0694606993347406
  },
  "MotherJetPt_Up": {
    "ptcorr_10to12_EB1": 5.787594886496663,
    "ptcorr_10to12_EB2": 3.5505392476916313,
    "ptcorr_10to12_EE": 2.6448473501950502,
    "ptcorr_12to14_EB1": 6.1291153728961945,
    "ptcorr_12to14_EB2": 3.9633173774927855,
    "ptcorr_12to14_EE": 2.773945078253746,
    "ptcorr_14to17_EB1": 7.885417029261589,
    "ptcorr_14to17_EB2": 5.00928770005703,
    "ptcorr_14to17_EE": 5.344295704737306,
    "ptcorr_17to20_EB1": 10.301544144749641,
    "ptcorr_17to20_EB2": 5.413794666528702,
    "ptcorr_17to20_EE": 4.385438149794936,
    "ptcorr_20to30_EB1": 28.840830385684967,
    "ptcorr_20to30_EB2": 19.82415533065796,
    "ptcorr_20to30_EE": 13.917164873331785,
    "ptcorr_30to50_EB1": 48.615660429000854,
    "ptcorr_30to50_EB2": 31.542795300483704,
    "ptcorr_30to50_EE": 25.29784232378006,
    "ptcorr_50to100_EB1": 39.05184018611908,
    "ptcorr_50to100_EB2": 28.92011946439743,
    "ptcorr_50to100_EE": 25.282934576272964,
    "ptcorr_100to200_EB1": 4.911152832210064,
    "ptcorr_100to200_EB2": 5.450643103569746,
    "ptcorr_100to200_EE": 2.9115820471197367
  },
  "MotherJetPt_Down": {
    "ptcorr_10to12_EB1": 11.899885222315788,
    "ptcorr_10to12_EB2": 7.9661561623215675,
    "ptcorr_10to12_EE": 5.715712435543537,
    "ptcorr_12to14_EB1": 11.948385134339333,
    "ptcorr_12to14_EB2": 7.4314734525978565,
    "ptcorr_12to14_EE": 6.070812808349729,
    "ptcorr_14to17_EB1": 16.116612128913403,
    "ptcorr_14to17_EB2": 10.44087940454483,
    "ptcorr_14to17_EE": 11.930057793855667,
    "ptcorr_17to20_EB1": 19.126854956150055,
    "ptcorr_17to20_EB2": 12.21871966123581,
    "ptcorr_17to20_EE": 8.978533269837499,
    "ptcorr_20to30_EB1": 57.23527693748474,
    "ptcorr_20to30_EB2": 37.72006493806839,
    "ptcorr_20to30_EE": 28.392087936401367,
    "ptcorr_30to50_EB1": 85.66941714286804,
    "ptcorr_30to50_EB2": 57.15975522994995,
    "ptcorr_30to50_EE": 46.422607421875,
    "ptcorr_50to100_EB1": 59.61219561100006,
    "ptcorr_50to100_EB2": 43.401207447052,
    "ptcorr_50to100_EE": 37.571117758750916,
    "ptcorr_100to200_EB1": 5.3765051029622555,
    "ptcorr_100to200_EB2": 6.260124534368515,
    "ptcorr_100to200_EE": 3.2082266081124544
  },
  "RequireHeavyTag": {
    "ptcorr_10to12_EB1": 7.499368291348219,
    "ptcorr_10to12_EB2": 3.9361696653068066,
    "ptcorr_10to12_EE": 2.9301888905465603,
    "ptcorr_12to14_EB1": 6.694809690117836,
    "ptcorr_12to14_EB2": 4.739393956959248,
    "ptcorr_12to14_EE": 3.301110030617565,
    "ptcorr_14to17_EB1": 9.653910892084241,
    "ptcorr_14to17_EB2": 6.698511583730578,
    "ptcorr_14to17_EE": 6.816481860354543,
    "ptcorr_17to20_EB1": 12.368762247264385,
    "ptcorr_17to20_EB2": 7.07627996429801,
    "ptcorr_17to20_EE": 5.536837596446276,
    "ptcorr_20to30_EB1": 35.84247508645058,
    "ptcorr_20to30_EB2": 23.72111263871193,
    "ptcorr_20to30_EE": 16.34232383966446,
    "ptcorr_30to50_EB1": 59.06122589111328,
    "ptcorr_30to50_EB2": 36.28388214111328,
    "ptcorr_30to50_EE": 27.656195282936096,
    "ptcorr_50to100_EB1": 44.9907466173172,
    "ptcorr_50to100_EB2": 29.474677979946136,
    "ptcorr_50to100_EE": 24.61146041750908,
    "ptcorr_100to200_EB1": 4.04973491281271,
    "ptcorr_100to200_EB2": 4.893561095930636,
    "ptcorr_100to200_EE": 2.4701380040496588
  },
  "Stat": {
    "ptcorr_10to12_EB1": 0.9206954941369364,
    "ptcorr_10to12_EB2": 0.6647233247820186,
    "ptcorr_10to12_EE": 0.6186335395938438,
    "ptcorr_12to14_EB1": 0.8657375524189268,
    "ptcorr_12to14_EB2": 0.7318490923739133,
    "ptcorr_12to14_EE": 0.5668786551259402,
    "ptcorr_14to17_EB1": 1.0682019449012572,
    "ptcorr_14to17_EB2": 0.8904689609830514,
    "ptcorr_14to17_EE": 0.8429123120052983,
    "ptcorr_17to20_EB1": 1.1353435782341321,
    "ptcorr_17to20_EB2": 0.9061875412793469,
    "ptcorr_17to20_EE": 0.7481274454665048,
    "ptcorr_20to30_EB1": 2.0580236274243764,
    "ptcorr_20to30_EB2": 1.6261809952723723,
    "ptcorr_20to30_EE": 1.4013535810145226,
    "ptcorr_30to50_EB1": 2.527314897327675,
    "ptcorr_30to50_EB2": 2.1364455359345054,
    "ptcorr_30to50_EE": 1.927426005062243,
    "ptcorr_50to100_EB1": 2.188716401587215,
    "ptcorr_50to100_EB2": 1.798402882757653,
    "ptcorr_50to100_EE": 1.6969627283410456,
    "ptcorr_100to200_EB1": 0.713793778003017,
    "ptcorr_100to200_EB2": 0.6651437147051275,
    "ptcorr_100to200_EE": 0.5363298776929539
  }
}