{
  "Central": {
    "ptcorr_10to12_EB1": 34.84108567237854,
    "ptcorr_10to12_EB2": 25.19264644384384,
    "ptcorr_10to12_EE": 21.61616712808609,
    "ptcorr_12to14_EB1": 38.64893317222595,
    "ptcorr_12to14_EB2": 27.77497148513794,
    "ptcorr_12to14_EE": 24.804899632930756,
    "ptcorr_14to17_EB1": 57.382704854011536,
    "ptcorr_14to17_EB2": 41.859502255916595,
    "ptcorr_14to17_EE": 32.802516520023346,
    "ptcorr_17to20_EB1": 59.32153570652008,
    "ptcorr_17to20_EB2": 43.474929332733154,
    "ptcorr_17to20_EE": 33.2135865688324,
    "ptcorr_20to30_EB1": 216.72524452209473,
    "ptcorr_20to30_EB2": 140.02338647842407,
    "ptcorr_20to30_EE": 102.03435373306274,
    "ptcorr_30to50_EB1": 433.459095954895,
    "ptcorr_30to50_EB2": 254.03118896484375,
    "ptcorr_30to50_EE": 168.14136505126953,
    "ptcorr_50to100_EB1": 588.3663940429688,
    "ptcorr_50to100_EB2": 324.4367389678955,
    "ptcorr_50to100_EE": 183.71887111663818,
    "ptcorr_100to200_EB1": 211.79307985305786,
    "ptcorr_100to200_EB2": 107.90236926078796,
    "ptcorr_100to200_EE": 51.20167136192322
  },
  "MotherJetPt_Up": {
    "ptcorr_10to12_EB1": 23.24689793586731,
    "ptcorr_10to12_EB2": 16.875587910413742,
    "ptcorr_10to12_EE": 15.62192177772522,
    "ptcorr_12to14_EB1": 27.22325950860977,
    "ptcorr_12to14_EB2": 20.12496280670166,
    "ptcorr_12to14_EE": 18.116186141967773,
    "ptcorr_14to17_EB1": 41.09741497039795,
    "ptcorr_14to17_EB2": 29.356261730194092,
    "ptcorr_14to17_EE": 23.95025807619095,
    "ptcorr_17to20_EB1": 42.12043434381485,
    "ptcorr_17to20_EB2": 31.35698974132538,
    "ptcorr_17to20_EE": 23.577603042125702,
    "ptcorr_20to30_EB1": 156.561429977417,
    "ptcorr_20to30_EB2": 99.54422926902771,
    "ptcorr_20to30_EE": 72.4837566614151,
    "ptcorr_30to50_EB1": 327.92115688323975,
    "ptcorr_30to50_EB2": 189.4685173034668,
    "ptcorr_30to50_EE": 127.10277318954468,
    "ptcorr_50to100_EB1": 478.38697052001953,
    "ptcorr_50to100_EB2": 258.00096702575684,
    "ptcorr_50to100_EE": 144.47785115242004,
    "ptcorr_100to200_EB1": 195.41488599777222,
    "ptcorr_100to200_EB2": 98.65169954299927,
    "ptcorr_100to200_EE": 47.43717873096466
  },
  "MotherJetPt_Down": {
    "ptcorr_10to12_EB1": 40.379388213157654,
    "ptcorr_10to12_EB2": 28.44803237915039,
    "ptcorr_10to12_EE": 24.306046664714813,
    "ptcorr_12to14_EB1": 43.51531159877777,
    "ptcorr_12to14_EB2": 31.528259247541428,
    "ptcorr_12to14_EE": 27.576052248477936,
    "ptcorr_14to17_EB1": 65.70875155925751,
    "ptcorr_14to17_EB2": 46.77593153715134,
    "ptcorr_14to17_EE": 36.775492906570435,
    "ptcorr_17to20_EB1": 65.93807792663574,
    "ptcorr_17to20_EB2": 48.03726065158844,
    "ptcorr_17to20_EE": 36.358442902565,
    "ptcorr_20to30_EB1": 240.6020793914795,
    "ptcorr_20to30_EB2": 153.7888641357422,
    "ptcorr_20to30_EE": 112.9474503993988,
    "ptcorr_30to50_EB1": 472.28384017944336,
    "ptcorr_30to50_EB2": 274.3866090774536,
    "ptcorr_30to50_EE": 185.2262077331543,
    "ptcorr_50to100_EB1": 629.1231098175049,
    "ptcorr_50to100_EB2": 349.4352226257324,
    "ptcorr_50to100_EE": 199.61258125305176,
    "ptcorr_100to200_EB1": 217.60898685455322,
    "ptcorr_100to200_EB2": 112.51606512069702,
    "ptcorr_100to200_EE": 53.619364738464355
  },
  "RequireHeavyTag": {
    "ptcorr_10to12_EB1": 19.915035396814346,
    "ptcorr_10to12_EB2": 14.128344997763634,
    "ptcorr_10to12_EE": 13.700383722782135,
    "ptcorr_12to14_EB1": 23.93157172203064,
    "ptcorr_12to14_EB2": 17.18000005185604,
    "ptcorr_12to14_EE": 15.626863777637482,
    "ptcorr_14to17_EB1": 34.23408704996109,
    "ptcorr_14to17_EB2": 25.028650522232056,
    "ptcorr_14to17_EE": 20.617048144340515,
    "ptcorr_17to20_EB1": 33.81715673208237,
    "ptcorr_17to20_EB2": 26.618403136730194,
    "ptcorr_17to20_EE": 20.60947486758232,
    "ptcorr_20to30_EB1": 127.06193828582764,
    "ptcorr_20to30_EB2": 79.27811861038208,
    "ptcorr_20to30_EE": 58.39937150478363,
    "ptcorr_30to50_EB1": 251.54302883148193,
    "ptcorr_30to50_EB2": 145.9176812171936,
    "ptcorr_30to50_EE": 92.31762647628784,
    "ptcorr_50to100_EB1": 312.20591831207275,
    "ptcorr_50to100_EB2": 164.24443912506104,
    "ptcorr_50to100_EE": 92.24133563041687,
    "ptcorr_100to200_EB1": 114.29037642478943,
    "ptcorr_100to200_EB2": 56.639227628707886,
    "ptcorr_100to200_EE": 26.13659167289734
  },
  "Stat": {
    "ptcorr_10to12_EB1": 1.3270954852982733,
    "ptcorr_10to12_EB2": 1.146556449514824,
    "ptcorr_10to12_EE": 1.044947119923346,
    "ptcorr_12to14_EB1": 1.4068604661937236,
    "ptcorr_12to14_EB2": 1.1801424286619344,
    "ptcorr_12to14_EE": 1.1190113986760293,
    "ptcorr_14to17_EB1": 1.6964085372807698,
    "ptcorr_14to17_EB2": 1.476834851940135,
    "ptcorr_14to17_EE": 1.2787991730081012,
    "ptcorr_17to20_EB1": 1.7201516043298544,
    "ptcorr_17to20_EB2": 1.486120525164582,
    "ptcorr_17to20_EE": 1.2951273154478453,
    "ptcorr_20to30_EB1": 3.3003160842860395,
    "ptcorr_20to30_EB2": 2.6555498915672766,
    "ptcorr_20to30_EE": 2.2690599647105345,
    "ptcorr_30to50_EB1": 4.651880643821379,
    "ptcorr_30to50_EB2": 3.5688591897397086,
    "ptcorr_30to50_EE": 2.89782720214481,
    "ptcorr_50to100_EB1": 5.461910959903613,
    "ptcorr_50to100_EB2": 4.048206179990478,
    "ptcorr_50to100_EE": 3.0503116487700015,
    "ptcorr_100to200_EB1": 3.2871646433661414,
    "ptcorr_100to200_EB2": 2.3326218570245922,
    "ptcorr_100to200_EE": 1.6120113398821956
  }
}