{
  "Central": {
    "ptcorr_10to12_EB1": 21.860541611909866,
    "ptcorr_10to12_EB2": 16.550440073013306,
    "ptcorr_10to12_EE": 14.981935501098633,
    "ptcorr_12to14_EB1": 24.613273978233337,
    "ptcorr_12to14_EB2": 17.73128342628479,
    "ptcorr_12to14_EE": 15.851622149348259,
    "ptcorr_14to17_EB1": 40.599187672138214,
    "ptcorr_14to17_EB2": 28.632980823516846,
    "ptcorr_14to17_EE": 22.6159565448761,
    "ptcorr_17to20_EB1": 43.79778516292572,
    "ptcorr_17to20_EB2": 32.32159465551376,
    "ptcorr_17to20_EE": 23.846313893795013,
    "ptcorr_20to30_EB1": 177.47253513336182,
    "ptcorr_20to30_EB2": 110.45642232894897,
    "ptcorr_20to30_EE": 80.16933369636536,
    "ptcorr_30to50_EB1": 387.12153148651123,
    "ptcorr_30to50_EB2": 221.88845872879028,
    "ptcorr_30to50_EE": 144.10162448883057,
    "ptcorr_50to100_EB1": 550.8396072387695,
    "ptcorr_50to100_EB2": 298.2913484573364,
    "ptcorr_50to100_EE": 165.9825258255005,
    "ptcorr_100to200_EB1": 203.24802207946777,
    "ptcorr_100to200_EB2": 102.20191025733948,
    "ptcorr_100to200_EE": 47.77533566951752
  },
  "MotherJetPt_Up": {
    "ptcorr_10to12_EB1": 14.929349958896637,
    "ptcorr_10to12_EB2": 11.06715814769268,
    "ptcorr_10to12_EE": 10.667807325720787,
    "ptcorr_12to14_EB1": 17.64802062511444,
    "ptcorr_12to14_EB2": 12.69380733370781,
    "ptcorr_12to14_EE": 11.799296259880066,
    "ptcorr_14to17_EB1": 29.458639204502106,
    "ptcorr_14to17_EB2": 19.770747303962708,
    "ptcorr_14to17_EE": 16.111504584550858,
    "ptcorr_17to20_EB1": 31.4243181347847,
    "ptcorr_17to20_EB2": 23.220391869544983,
    "ptcorr_17to20_EE": 16.87429240345955,
    "ptcorr_20to30_EB1": 128.26415252685547,
    "ptcorr_20to30_EB2": 78.26309156417847,
    "ptcorr_20to30_EE": 57.34858226776123,
    "ptcorr_30to50_EB1": 291.8144121170044,
    "ptcorr_30to50_EB2": 164.95255327224731,
    "ptcorr_30to50_EE": 108.41179633140564,
    "ptcorr_50to100_EB1": 448.0871877670288,
    "ptcorr_50to100_EB2": 237.15616703033447,
    "ptcorr_50to100_EE": 130.3095986843109,
    "ptcorr_100to200_EB1": 187.79277420043945,
    "ptcorr_100to200_EB2": 93.58466267585754,
    "ptcorr_100to200_EE": 44.177605748176575
  },
  "MotherJetPt_Down": {
    "ptcorr_10to12_EB1": 25.479040026664734,
    "ptcorr_10to12_EB2": 18.730026066303253,
    "ptcorr_10to12_EE": 16.73051455616951,
    "ptcorr_12to14_EB1": 27.842470586299896,
    "ptcorr_12to14_EB2": 20.03835353255272,
    "ptcorr_12to14_EE": 18.1153407394886,
    "ptcorr_14to17_EB1": 46.566553831100464,
    "ptcorr_14to17_EB2": 31.97893476486206,
    "ptcorr_14to17_EE": 25.705111920833588,
    "ptcorr_17to20_EB1": 48.96365511417389,
    "ptcorr_17to20_EB2": 35.92799109220505,
    "ptcorr_17to20_EE": 26.10479563474655,
    "ptcorr_20to30_EB1": 197.16695547103882,
    "ptcorr_20to30_EB2": 121.53478574752808,
    "ptcorr_20to30_EE": 88.25808548927307,
    "ptcorr_30to50_EB1": 421.5714454650879,
    "ptcorr_30to50_EB2": 239.6925539970398,
    "ptcorr_30to50_EE": 158.86450386047363,
    "ptcorr_50to100_EB1": 588.5709037780762,
    "ptcorr_50to100_EB2": 321.63916301727295,
    "ptcorr_50to100_EE": 179.90006971359253,
    "ptcorr_100to200_EB1": 208.83821535110474,
    "ptcorr_100to200_EB2": 106.66353464126587,
    "ptcorr_100to200_EE": 49.951125264167786
  },
  "RequireHeavyTag": {
    "ptcorr_10to12_EB1": 12.699031002819538,
    "ptcorr_10to12_EB2": 9.230873972177505,
    "ptcorr_10to12_EE": 9.828429520130157,
    "ptcorr_12to14_EB1": 15.39955285191536,
    "ptcorr_12to14_EB2": 11.709651067852974,
    "ptcorr_12to14_EE": 10.026271034032106,
    "ptcorr_14to17_EB1": 24.55159303545952,
    "ptcorr_14to17_EB2": 17.644391864538193,
    "ptcorr_14to17_EE": 14.49223843216896,
    "ptcorr_17to20_EB1": 25.801888942718506,
    "ptcorr_17to20_EB2": 20.50304287672043,
    "ptcorr_17to20_EE": 15.121647119522095,
    "ptcorr_20to30_EB1": 105.59294486045837,
    "ptcorr_20to30_EB2": 62.93896186351776,
    "ptcorr_20to30_EE": 46.5781569480896,
    "ptcorr_30to50_EB1": 225.11561250686646,
    "ptcorr_30to50_EB2": 126.92126178741455,
    "ptcorr_30to50_EE": 79.21218538284302,
    "ptcorr_50to100_EB1": 293.0129337310791,
    "ptcorr_50to100_EB2": 151.28046560287476,
    "ptcorr_50to100_EE": 83.69352149963379,
    "ptcorr_100to200_EB1": 109.76344013214111,
    "ptcorr_100to200_EB2": 53.72563350200653,
    "ptcorr_100to200_EE": 24.222050309181213
  },
  "Stat": {
    "ptcorr_10to12_EB1": 1.030271621926361,
    "ptcorr_10to12_EB2": 0.9204277258855322,
    "ptcorr_10to12_EE": 0.8655727403491283,
    "ptcorr_12to14_EB1": 1.1180362684090852,
    "ptcorr_12to14_EB2": 0.9367068714836425,
    "ptcorr_12to14_EE": 0.8876440932136699,
    "ptcorr_14to17_EB1": 1.4156402331147657,
    "ptcorr_14to17_EB2": 1.2095574102276436,
    "ptcorr_14to17_EE": 1.0546788843006003,
    "ptcorr_17to20_EB1": 1.4737511609600076,
    "ptcorr_17to20_EB2": 1.2699695907626962,
    "ptcorr_17to20_EE": 1.0845759253176703,
    "ptcorr_20to30_EB1": 2.9638053494377186,
    "ptcorr_20to30_EB2": 2.3512468257928534,
    "ptcorr_20to30_EE": 1.9995260870655585,
    "ptcorr_30to50_EB1": 4.3640974396170815,
    "ptcorr_30to50_EB2": 3.314896010250404,
    "ptcorr_30to50_EE": 2.6618889205986607,
    "ptcorr_50to100_EB1": 5.246567513071653,
    "ptcorr_50to100_EB2": 3.857603595013669,
    "ptcorr_50to100_EE": 2.879250167161778,
    "ptcorr_100to200_EB1": 3.196681777122686,
    "ptcorr_100to200_EB2": 2.2532946255231963,
    "ptcorr_100to200_EE": 1.546013769954847
  }
}