{
  "Central": {
    "ptcorr_10to12_EB1": 214.96151733398438,
    "ptcorr_10to12_EB2": 141.89798367023468,
    "ptcorr_10to12_EE": 149.6793818473816,
    "ptcorr_12to14_EB1": 207.79372310638428,
    "ptcorr_12to14_EB2": 146.66919827461243,
    "ptcorr_12to14_EE": 121.21695137023926,
    "ptcorr_14to17_EB1": 328.4200029373169,
    "ptcorr_14to17_EB2": 185.2525773048401,
    "ptcorr_14to17_EE": 160.70222854614258,
    "ptcorr_17to20_EB1": 280.47697591781616,
    "ptcorr_17to20_EB2": 162.96077716350555,
    "ptcorr_17to20_EE": 138.83166909217834,
    "ptcorr_20to30_EB1": 798.7703552246094,
    "ptcorr_20to30_EB2": 480.7322416305542,
    "ptcorr_20to30_EE": 399.8312282562256,
    "ptcorr_30to50_EB1": 1214.4795684814453,
    "ptcorr_30to50_EB2": 737.8255729675293,
    "ptcorr_30to50_EE": 514.3542318344116,
    "ptcorr_50to100_EB1": 959.6433086395264,
    "ptcorr_50to100_EB2": 573.7818508148193,
    "ptcorr_50to100_EE": 354.10106563568115,
    "ptcorr_100to200_EB1": 88.45730537176132,
    "ptcorr_100to200_EB2": 65.65812766551971,
    "ptcorr_100to200_EE": 27.914230577647686
  },
  "MotherJetPt_Up": {
    "ptcorr_10to12_EB1": 159.0241298675537,
    "ptcorr_10to12_EB2": 94.48206859827042,
    "ptcorr_10to12_EE": 100.44121086597443,
    "ptcorr_12to14_EB1": 143.3083462715149,
    "ptcorr_12to14_EB2": 97.66849663853645,
    "ptcorr_12to14_EE": 78.59458896517754,
    "ptcorr_14to17_EB1": 230.96906661987305,
    "ptcorr_14to17_EB2": 123.3445634841919,
    "ptcorr_14to17_EE": 102.88044250011444,
    "ptcorr_17to20_EB1": 190.664302110672,
    "ptcorr_17to20_EB2": 108.6370040178299,
    "ptcorr_17to20_EE": 91.08491680026054,
    "ptcorr_20to30_EB1": 540.8291168212891,
    "ptcorr_20to30_EB2": 307.16973304748535,
    "ptcorr_20to30_EE": 258.4332036972046,
    "ptcorr_30to50_EB1": 826.3118476867676,
    "ptcorr_30to50_EB2": 489.0557231903076,
    "ptcorr_30to50_EE": 334.4219470024109,
    "ptcorr_50to100_EB1": 699.4793872833252,
    "ptcorr_50to100_EB2": 402.610613822937,
    "ptcorr_50to100_EE": 241.3334469795227,
    "ptcorr_100to200_EB1": 76.58464044332504,
    "ptcorr_100to200_EB2": 58.60663449764252,
    "ptcorr_100to200_EE": 27.225537054240704
  },
  "MotherJetPt_Down": {
    "ptcorr_10to12_EB1": 260.743558883667,
    "ptcorr_10to12_EB2": 167.50764656066895,
    "ptcorr_10to12_EE": 169.29888343811035,
    "ptcorr_12to14_EB1": 259.15084505081177,
    "ptcorr_12to14_EB2": 180.4765763282776,
    "ptcorr_12to14_EE": 152.80693411827087,
    "ptcorr_14to17_EB1": 398.65141773223877,
    "ptcorr_14to17_EB2": 222.40954446792603,
    "ptcorr_14to17_EE": 203.03591513633728,
    "ptcorr_17to20_EB1": 341.21998023986816,
    "ptcorr_17to20_EB2": 218.91261196136475,
    "ptcorr_17to20_EE": 180.10349535942078,
    "ptcorr_20to30_EB1": 973.1561317443848,
    "ptcorr_20to30_EB2": 592.1621007919312,
    "ptcorr_20to30_EE": 484.8774881362915,
    "ptcorr_30to50_EB1": 1472.0919570922852,
    "ptcorr_30to50_EB2": 903.5553207397461,
    "ptcorr_30to50_EE": 650.8141136169434,
    "ptcorr_50to100_EB1": 1131.060676574707,
    "ptcorr_50to100_EB2": 700.8110866546631,
    "ptcorr_50to100_EE": 441.40447998046875,
    "ptcorr_100to200_EB1": 101.22449207305908,
    "ptcorr_100to200_EB2": 72.44279932975769,
    "ptcorr_100to200_EE": 34.97945800423622
  },
  "RequireHeavyTag": {
    "ptcorr_10to12_EB1": 109.66193282604218,
    "ptcorr_10to12_EB2": 81.3766847550869,
    "ptcorr_10to12_EE": 77.56537473201752,
    "ptcorr_12to14_EB1": 105.61282381415367,
    "ptcorr_12to14_EB2": 80.68070673942566,
    "ptcorr_12to14_EE": 55.45592921972275,
    "ptcorr_14to17_EB1": 184.65002989768982,
    "ptcorr_14to17_EB2": 107.79994559288025,
    "ptcorr_14to17_EE": 89.45412820577621,
    "ptcorr_17to20_EB1": 157.55304479599,
    "ptcorr_17to20_EB2": 98.57505279779434,
    "ptcorr_17to20_EE": 83.3472945690155,
    "ptcorr_20to30_EB1": 473.6755676269531,
    "ptcorr_20to30_EB2": 296.2745966911316,
    "ptcorr_20to30_EE": 259.1342668533325,
    "ptcorr_30to50_EB1": 808.1413536071777,
    "ptcorr_30to50_EB2": 477.88766860961914,
    "ptcorr_30to50_EE": 334.72371006011963,
    "ptcorr_50to100_EB1": 646.9760112762451,
    "ptcorr_50to100_EB2": 368.0479927062988,
    "ptcorr_50to100_EE": 250.08098554611206,
    "ptcorr_100to200_EB1": 50.89971083402634,
    "ptcorr_100to200_EB2": 41.77453562617302,
    "ptcorr_100to200_EE": 16.281101517379284
  },
  "Stat": {
    "ptcorr_10to12_EB1": 12.37337981414962,
    "ptcorr_10to12_EB2": 10.184874122125995,
    "ptcorr_10to12_EE": 10.327953240564002,
    "ptcorr_12to14_EB1": 12.056882643635795,
    "ptcorr_12to14_EB2": 10.284471158234142,
    "ptcorr_12to14_EE": 9.49463124346852,
    "ptcorr_14to17_EB1": 15.145591770375125,
    "ptcorr_14to17_EB2": 11.600149129993644,
    "ptcorr_14to17_EE": 10.844416675347219,
    "ptcorr_17to20_EB1": 14.249389739865581,
    "ptcorr_17to20_EB2": 11.025285913618388,
    "ptcorr_17to20_EE": 9.946514119307404,
    "ptcorr_20to30_EB1": 23.651023922249543,
    "ptcorr_20to30_EB2": 18.768911383509163,
    "ptcorr_20to30_EE": 16.984473856676736,
    "ptcorr_30to50_EB1": 29.33199258961803,
    "ptcorr_30to50_EB2": 23.2306450965572,
    "ptcorr_30to50_EE": 19.21337478762298,
    "ptcorr_50to100_EB1": 26.495769628800947,
    "ptcorr_50to100_EB2": 20.551072729845334,
    "ptcorr_50to100_EE": 16.150039751514555,
    "ptcorr_100to200_EB1": 8.573693300107955,
    "ptcorr_100to200_EB2": 7.3942998531532576,
    "ptcorr_100to200_EE": 4.42323554699308
  }
}