{
  "Central": {
    "ptcorr_10to12_EB1": 16991.292114257812,
    "ptcorr_10to12_EB2": 11023.203521728516,
    "ptcorr_10to12_EE": 9266.206115722656,
    "ptcorr_12to14_EB1": 18611.067993164062,
    "ptcorr_12to14_EB2": 13840.522521972656,
    "ptcorr_12to14_EE": 12324.772552490234,
    "ptcorr_14to17_EB1": 27033.871337890625,
    "ptcorr_14to17_EB2": 19476.70849609375,
    "ptcorr_14to17_EE": 19280.16229248047,
    "ptcorr_17to20_EB1": 28164.63427734375,
    "ptcorr_17to20_EB2": 20374.953216552734,
    "ptcorr_17to20_EE": 18797.109100341797,
    "ptcorr_20to30_EB1": 99298.12182617188,
    "ptcorr_20to30_EB2": 71937.10083007812,
    "ptcorr_20to30_EE": 67694.20544433594,
    "ptcorr_30to50_EB1": 172462.4111328125,
    "ptcorr_30to50_EB2": 120677.353515625,
    "ptcorr_30to50_EE": 113288.44091796875,
    "ptcorr_50to100_EB1": 159598.31640625,
    "ptcorr_50to100_EB2": 111522.09350585938,
    "ptcorr_50to100_EE": 98273.28759765625,
    "ptcorr_100to200_EB1": 25053.820678710938,
    "ptcorr_100to200_EB2": 16831.70932006836,
    "ptcorr_100to200_EE": 13042.199401855469
  },
  "MotherJetPt_Up": {
    "ptcorr_10to12_EB1": 4773.079879760742,
    "ptcorr_10to12_EB2": 3420.7725706100464,
    "ptcorr_10to12_EE": 2841.0348267555237,
    "ptcorr_12to14_EB1": 5225.46012878418,
    "ptcorr_12to14_EB2": 3545.0821380615234,
    "ptcorr_12to14_EE": 3009.3388633728027,
    "ptcorr_14to17_EB1": 6615.2421875,
    "ptcorr_14to17_EB2": 4850.061935424805,
    "ptcorr_14to17_EE": 5023.654592514038,
    "ptcorr_17to20_EB1": 7145.58459854126,
    "ptcorr_17to20_EB2": 5530.1860275268555,
    "ptcorr_17to20_EE": 5369.154190063477,
    "ptcorr_20to30_EB1": 25723.19384765625,
    "ptcorr_20to30_EB2": 18619.409790039062,
    "ptcorr_20to30_EE": 17170.895477294922,
    "ptcorr_30to50_EB1": 54331.115966796875,
    "ptcorr_30to50_EB2": 41060.462646484375,
    "ptcorr_30to50_EE": 40945.14489746094,
    "ptcorr_50to100_EB1": 101550.49658203125,
    "ptcorr_50to100_EB2": 67962.56518554688,
    "ptcorr_50to100_EE": 59272.47766113281,
    "ptcorr_100to200_EB1": 23478.05548095703,
    "ptcorr_100to200_EB2": 15532.920349121094,
    "ptcorr_100to200_EE": 12266.518035888672
  },
  "MotherJetPt_Down": {
    "ptcorr_10to12_EB1": 96113.97900390625,
    "ptcorr_10to12_EB2": 63950.095458984375,
    "ptcorr_10to12_EE": 61498.8447265625,
    "ptcorr_12to14_EB1": 102848.34912109375,
    "ptcorr_12to14_EB2": 75352.37719726562,
    "ptcorr_12to14_EE": 69913.36779785156,
    "ptcorr_14to17_EB1": 155655.0791015625,
    "ptcorr_14to17_EB2": 107644.78588867188,
    "ptcorr_14to17_EE": 102851.35571289062,
    "ptcorr_17to20_EB1": 146623.51586914062,
    "ptcorr_17to20_EB2": 101538.00048828125,
    "ptcorr_17to20_EE": 97011.31860351562,
    "ptcorr_20to30_EB1": 387685.583984375,
    "ptcorr_20to30_EB2": 279145.8388671875,
    "ptcorr_20to30_EE": 260970.24755859375,
    "ptcorr_30to50_EB1": 419826.8056640625,
    "ptcorr_30to50_EB2": 298662.935546875,
    "ptcorr_30to50_EE": 293691.5576171875,
    "ptcorr_50to100_EB1": 213107.8603515625,
    "ptcorr_50to100_EB2": 151207.12353515625,
    "ptcorr_50to100_EE": 135330.92236328125,
    "ptcorr_100to200_EB1": 27095.52520751953,
    "ptcorr_100to200_EB2": 18644.929077148438,
    "ptcorr_100to200_EE": 14128.673614501953
  },
  "RequireHeavyTag": {
    "ptcorr_10to12_EB1": 801.9026260375977,
    "ptcorr_10to12_EB2": 425.7129054069519,
    "ptcorr_10to12_EE": 395.0802490711212,
    "ptcorr_12to14_EB1": 519.9903213977814,
    "ptcorr_12to14_EB2": 734.117428779602,
    "ptcorr_12to14_EE": 363.6343410015106,
    "ptcorr_14to17_EB1": 1095.794537305832,
    "ptcorr_14to17_EB2": 1008.3114142417908,
    "ptcorr_14to17_EE": 860.492244720459,
    "ptcorr_17to20_EB1": 1129.2357423305511,
    "ptcorr_17to20_EB2": 793.2443885803223,
    "ptcorr_17to20_EE": 960.869749546051,
    "ptcorr_20to30_EB1": 3898.849751472473,
    "ptcorr_20to30_EB2": 3262.3024883270264,
    "ptcorr_20to30_EE": 2784.6135807037354,
    "ptcorr_30to50_EB1": 7525.807361602783,
    "ptcorr_30to50_EB2": 5591.042701721191,
    "ptcorr_30to50_EE": 5075.689964294434,
    "ptcorr_50to100_EB1": 7486.075286865234,
    "ptcorr_50to100_EB2": 5449.290718078613,
    "ptcorr_50to100_EE": 5227.11897277832,
    "ptcorr_100to200_EB1": 1088.561104774475,
    "ptcorr_100to200_EB2": 592.8050909042358,
    "ptcorr_100to200_EE": 918.9858026504517
  },
  "Stat": {
    "ptcorr_10to12_EB1": 697.3106617444814,
    "ptcorr_10to12_EB2": 590.6531615088327,
    "ptcorr_10to12_EE": 555.0096676214545,
    "ptcorr_12to14_EB1": 709.1564893885452,
    "ptcorr_12to14_EB2": 618.8250999108055,
    "ptcorr_12to14_EE": 581.0249207876461,
    "ptcorr_14to17_EB1": 869.1355183829653,
    "ptcorr_14to17_EB2": 749.3363416292565,
    "ptcorr_14to17_EE": 733.5973041013277,
    "ptcorr_17to20_EB1": 878.2752874724108,
    "ptcorr_17to20_EB2": 754.9302265378785,
    "ptcorr_17to20_EE": 756.039513209739,
    "ptcorr_20to30_EB1": 1627.1634484326014,
    "ptcorr_20to30_EB2": 1420.2229739576464,
    "ptcorr_20to30_EE": 1398.814388846862,
    "ptcorr_30to50_EB1": 2139.5153736690063,
    "ptcorr_30to50_EB2": 1829.07885288081,
    "ptcorr_30to50_EE": 1816.1465782786781,
    "ptcorr_50to100_EB1": 2076.5055032212235,
    "ptcorr_50to100_EB2": 1735.7454996716854,
    "ptcorr_50to100_EE": 1678.7074511333556,
    "ptcorr_100to200_EB1": 831.047288800104,
    "ptcorr_100to200_EB2": 697.1781985686399,
    "ptcorr_100to200_EE": 622.6030239310534
  }
}