{
  "Central": {
    "ptcorr_10to12_EB1": 55.54501819610596,
    "ptcorr_10to12_EB2": 37.14444971084595,
    "ptcorr_10to12_EE": 31.587848782539368,
    "ptcorr_12to14_EB1": 62.76859927177429,
    "ptcorr_12to14_EB2": 39.5850465297699,
    "ptcorr_12to14_EE": 35.30876064300537,
    "ptcorr_14to17_EB1": 81.12557888031006,
    "ptcorr_14to17_EB2": 55.809523701667786,
    "ptcorr_14to17_EE": 45.6400488615036,
    "ptcorr_17to20_EB1": 76.5843415260315,
    "ptcorr_17to20_EB2": 48.73226046562195,
    "ptcorr_17to20_EE": 42.74568450450897,
    "ptcorr_20to30_EB1": 208.20677947998047,
    "ptcorr_20to30_EB2": 145.14125871658325,
    "ptcorr_20to30_EE": 131.2182035446167,
    "ptcorr_30to50_EB1": 277.5138530731201,
    "ptcorr_30to50_EB2": 198.6413254737854,
    "ptcorr_30to50_EE": 175.48238945007324,
    "ptcorr_50to100_EB1": 236.78558826446533,
    "ptcorr_50to100_EB2": 163.69538116455078,
    "ptcorr_50to100_EE": 143.72882461547852,
    "ptcorr_100to200_EB1": 45.84933716058731,
    "ptcorr_100to200_EB2": 33.26592165231705,
    "ptcorr_100to200_EE": 25.577035665512085
  },
  "MotherJetPt_Up": {
    "ptcorr_10to12_EB1": 22.65872573852539,
    "ptcorr_10to12_EB2": 15.25644189119339,
    "ptcorr_10to12_EE": 13.870150193572044,
    "ptcorr_12to14_EB1": 25.341598212718964,
    "ptcorr_12to14_EB2": 15.964539378881454,
    "ptcorr_12to14_EE": 13.059559985995293,
    "ptcorr_14to17_EB1": 30.819321393966675,
    "ptcorr_14to17_EB2": 22.410560309886932,
    "ptcorr_14to17_EE": 18.024008721113205,
    "ptcorr_17to20_EB1": 30.610809922218323,
    "ptcorr_17to20_EB2": 19.71738502383232,
    "ptcorr_17to20_EE": 16.781538367271423,
    "ptcorr_20to30_EB1": 84.04039072990417,
    "ptcorr_20to30_EB2": 60.397470593452454,
    "ptcorr_20to30_EE": 56.15781319141388,
    "ptcorr_30to50_EB1": 134.68729400634766,
    "ptcorr_30to50_EB2": 97.74448871612549,
    "ptcorr_30to50_EE": 88.78917050361633,
    "ptcorr_50to100_EB1": 159.74603700637817,
    "ptcorr_50to100_EB2": 111.56239485740662,
    "ptcorr_50to100_EE": 96.91946601867676,
    "ptcorr_100to200_EB1": 41.349922716617584,
    "ptcorr_100to200_EB2": 29.823405265808105,
    "ptcorr_100to200_EE": 21.91143646836281
  },
  "MotherJetPt_Down": {
    "ptcorr_10to12_EB1": 91.72259449958801,
    "ptcorr_10to12_EB2": 61.471083641052246,
    "ptcorr_10to12_EE": 48.750580072402954,
    "ptcorr_12to14_EB1": 102.32035708427429,
    "ptcorr_12to14_EB2": 64.12506067752838,
    "ptcorr_12to14_EE": 57.674288511276245,
    "ptcorr_14to17_EB1": 136.28175497055054,
    "ptcorr_14to17_EB2": 86.71658897399902,
    "ptcorr_14to17_EE": 76.61727726459503,
    "ptcorr_17to20_EB1": 126.25428867340088,
    "ptcorr_17to20_EB2": 82.62056398391724,
    "ptcorr_17to20_EE": 70.42891383171082,
    "ptcorr_20to30_EB1": 326.58543395996094,
    "ptcorr_20to30_EB2": 226.8994255065918,
    "ptcorr_20to30_EE": 200.45957279205322,
    "ptcorr_30to50_EB1": 391.25562477111816,
    "ptcorr_30to50_EB2": 281.7595281600952,
    "ptcorr_30to50_EE": 246.85483741760254,
    "ptcorr_50to100_EB1": 288.270206451416,
    "ptcorr_50to100_EB2": 203.6971616744995,
    "ptcorr_50to100_EE": 178.6550350189209,
    "ptcorr_100to200_EB1": 52.33360481262207,
    "ptcorr_100to200_EB2": 38.77909183502197,
    "ptcorr_100to200_EE": 28.522873640060425
  },
  "RequireHeavyTag": {
    "ptcorr_10to12_EB1": 10.254309311509132,
    "ptcorr_10to12_EB2": 6.869336757808924,
    "ptcorr_10to12_EE": 5.056913584470749,
    "ptcorr_12to14_EB1": 13.079456940293312,
    "ptcorr_12to14_EB2": 7.373878046870232,
    "ptcorr_12to14_EE": 5.846840046346188,
    "ptcorr_14to17_EB1": 15.466596961021423,
    "ptcorr_14to17_EB2": 9.712097518146038,
    "ptcorr_14to17_EE": 6.533096555620432,
    "ptcorr_17to20_EB1": 12.88178052008152,
    "ptcorr_17to20_EB2": 6.722174070775509,
    "ptcorr_17to20_EE": 6.688712444156408,
    "ptcorr_20to30_EB1": 30.996326327323914,
    "ptcorr_20to30_EB2": 22.51602792739868,
    "ptcorr_20to30_EE": 21.227146476507187,
    "ptcorr_30to50_EB1": 39.459910213947296,
    "ptcorr_30to50_EB2": 26.703209400177002,
    "ptcorr_30to50_EE": 21.817197807133198,
    "ptcorr_50to100_EB1": 32.760111689567566,
    "ptcorr_50to100_EB2": 24.51011022925377,
    "ptcorr_50to100_EE": 19.013343572616577,
    "ptcorr_100to200_EB1": 6.107166815549135,
    "ptcorr_100to200_EB2": 5.398090830072761,
    "ptcorr_100to200_EE": 2.614793164655566
  },
  "Stat": {
    "ptcorr_10to12_EB1": 2.112697785306508,
    "ptcorr_10to12_EB2": 1.719522234984155,
    "ptcorr_10to12_EE": 1.6032364801907948,
    "ptcorr_12to14_EB1": 2.258633687685279,
    "ptcorr_12to14_EB2": 1.7755752208402642,
    "ptcorr_12to14_EE": 1.7244099873037997,
    "ptcorr_14to17_EB1": 2.556981949251209,
    "ptcorr_14to17_EB2": 2.1018411717585086,
    "ptcorr_14to17_EE": 1.926462719479964,
    "ptcorr_17to20_EB1": 2.4967180305870595,
    "ptcorr_17to20_EB2": 1.9663788736670393,
    "ptcorr_17to20_EE": 1.8638340374382063,
    "ptcorr_20to30_EB1": 4.10081577831135,
    "ptcorr_20to30_EB2": 3.4186223325158487,
    "ptcorr_20to30_EE": 3.290715104246629,
    "ptcorr_30to50_EB1": 4.708117937417147,
    "ptcorr_30to50_EB2": 3.997221035616487,
    "ptcorr_30to50_EE": 3.7694537294863895,
    "ptcorr_50to100_EB1": 4.378366098995126,
    "ptcorr_50to100_EB2": 3.5969661292190955,
    "ptcorr_50to100_EE": 3.4115967697242766,
    "ptcorr_100to200_EB1": 1.9349705998951992,
    "ptcorr_100to200_EB2": 1.6280632332683909,
    "ptcorr_100to200_EE": 1.4115773040451063
  }
}