{
  "hyperparameters": {
    "signal": "MHc100_MA95",
    "channel": "Run3Mu",
    "iteration": 3,
    "model_idx": 18,
    "num_hidden": 128,
    "optimizer": "Adam",
    "initial_lr": 0.001,
    "weight_decay": 6e-05,
    "scheduler": "ExponentialLR",
    "pilot_mode": false,
    "num_classes": 4,
    "model_type": "ParticleNet",
    "num_node_features": 9,
    "num_graph_features": 4,
    "dropout_p": 0.3,
    "batch_size": 1024,
    "train_folds": [
      0,
      1,
      2
    ],
    "valid_folds": [
      3
    ]
  },
  "training_summary": {
    "best_epoch": 54,
    "best_train_loss": 0.6801135154929021,
    "best_valid_loss": 0.7024271904565724,
    "best_train_acc": 0.7391118730008605,
    "best_valid_acc": 0.7293606558053377,
    "total_epochs": 62
  },
  "epoch_history": {
    "train_loss": [
      0.7624930139073486,
      0.7499020710715419,
      0.7421916027043661,
      0.7351234766109583,
      0.728224450948896,
      0.7171266939666149,
      0.7110259317847044,
      0.708262656716592,
      0.7077949785850638,
      0.7068378821079072,
      0.7037064259783866,
      0.7036698024994017,
      0.7009108632973846,
      0.6990815994904003,
      0.7006985983812524,
      0.6983354551481635,
      0.6979319632386528,
      0.6972196450860805,
      0.6970566794189426,
      0.6946729531614833,
      0.6961929680978487,
      0.6936733020880862,
      0.6929882852547895,
      0.6914496512544345,
      0.6932196169675677,
      0.6925854572523817,
      0.6930584608719673,
      0.693731608655796,
      0.6910792143420217,
      0.6906813748881769,
      0.6887235207088618,
      0.6894719157407754,
      0.6888007405863539,
      0.688821014482268,
      0.688257390875444,
      0.6893284775313143,
      0.6875141575721786,
      0.6868980285296167,
      0.6863933977967658,
      0.6872750369146982,
      0.6857948801065291,
      0.6853671845262734,
      0.6855709361078566,
      0.6846568816968097,
      0.685499841573896,
      0.6843046262880558,
      0.6833743709201338,
      0.684025943351691,
      0.6821642780819461,
      0.6825178375026664,
      0.6824847253300832,
      0.6822989653854509,
      0.6823213178933762,
      0.6810422786858893,
      0.6801135154929021,
      0.6816904932477983,
      0.6808259252966248,
      0.6804804885029526,
      0.6805187985835883,
      0.6809985934582076,
      0.6796304769492753,
      0.6802033764141886
    ],
    "valid_loss": [
      0.7815680645033977,
      0.7686924496460075,
      0.7610729878789234,
      0.7535983849239852,
      0.7465320488937881,
      0.7357034745982471,
      0.7295500038121508,
      0.7269812113599711,
      0.726785287423122,
      0.726297076175364,
      0.7231805325469209,
      0.7231945284628029,
      0.7202205020966911,
      0.7184542823274261,
      0.7205030442393703,
      0.7184789226129988,
      0.7183703813668962,
      0.7171021854977949,
      0.717175410360999,
      0.7147196118514879,
      0.7167734615163087,
      0.7135900886611533,
      0.713515121799711,
      0.7120470801055618,
      0.7139859017337897,
      0.7133725378086239,
      0.7135395231207957,
      0.7141787083046099,
      0.7117370278371943,
      0.711837026291706,
      0.709638748907683,
      0.710318477728143,
      0.7103448957684948,
      0.7098162952415525,
      0.709549187586009,
      0.710627192903327,
      0.7090170093905258,
      0.7086309460186383,
      0.707689086500596,
      0.7087635964901395,
      0.7078312597950763,
      0.7069059487566828,
      0.707489784074247,
      0.7064496319656803,
      0.7066921164585017,
      0.7062013900402607,
      0.7050825161298461,
      0.7059959148262839,
      0.7044625937752048,
      0.7048345197158867,
      0.704500334678201,
      0.7042390913471686,
      0.7044677563146494,
      0.7032467469927923,
      0.7024271904565724,
      0.7041551377590538,
      0.7036469357091674,
      0.703229489425685,
      0.7030579747418293,
      0.703830274728563,
      0.7025057135829925,
      0.7026981312384789
    ],
    "train_acc": [
      0.7126197841750245,
      0.7155425508856968,
      0.7177756760129521,
      0.7197378705181507,
      0.7221910241505914,
      0.7263042435945433,
      0.7297770815681793,
      0.7303271528311429,
      0.7304404510912758,
      0.7292844804371671,
      0.7312877250366167,
      0.7315701496850637,
      0.7321021589065568,
      0.7329280868028873,
      0.7324519057095755,
      0.7335881723184436,
      0.7339412031290024,
      0.7338049168160891,
      0.733883732997051,
      0.7348820712892357,
      0.7342154177585992,
      0.7346177086822592,
      0.7348640092477652,
      0.7353188442920665,
      0.735379598431558,
      0.7350758277341005,
      0.735336906333537,
      0.7345963626332486,
      0.735543798808562,
      0.7357523332873572,
      0.7364107767991436,
      0.7365684091610675,
      0.7362629964598398,
      0.7364042087840633,
      0.7365684091610675,
      0.7361168581243063,
      0.7363664426973524,
      0.7368885998962253,
      0.7374895732760602,
      0.7367227575154512,
      0.7374780792496699,
      0.7371283324466513,
      0.7369050199339258,
      0.7371710245446723,
      0.737276112785955,
      0.7373828430310077,
      0.7377030337661655,
      0.7377522938792668,
      0.7382990811346903,
      0.7378508141054692,
      0.7381020406822854,
      0.7383368472214012,
      0.7383598352741818,
      0.7389723026804069,
      0.7391118730008605,
      0.7385371716813461,
      0.7387933242694725,
      0.7387966082770127,
      0.7387982502807826,
      0.7387424221526012,
      0.7391529230951114,
      0.7389230425673058
    ],
    "valid_acc": [
      0.7046400620490204,
      0.7077383874680782,
      0.7095577769618259,
      0.7115050600481045,
      0.7139226615069165,
      0.7174871796987488,
      0.7210847026886533,
      0.721889194641671,
      0.7215467698616687,
      0.7204081043281667,
      0.7226730585958934,
      0.7225905466007121,
      0.7236384489395146,
      0.7244181872939779,
      0.7242902937014468,
      0.7248183704706072,
      0.7248266216701253,
      0.7252721864441043,
      0.7250452784573558,
      0.7260890551963992,
      0.7253959544368762,
      0.7260312967997723,
      0.7256723696207336,
      0.7266666391626683,
      0.7260230456002541,
      0.7259652872036272,
      0.7263737215797746,
      0.7261303111939899,
      0.7266336343645957,
      0.7264026007780882,
      0.7272318463296602,
      0.7280569662814732,
      0.726580001567728,
      0.7271122039366473,
      0.7276444063055667,
      0.7270255663417069,
      0.7270049383429116,
      0.7273886191205047,
      0.728490154256175,
      0.7277516718993023,
      0.7285767918511153,
      0.727792927896893,
      0.7280074590843644,
      0.7281064734785819,
      0.7282921254677399,
      0.7281271014773772,
      0.7285231590542475,
      0.7284323958595481,
      0.7289068398318406,
      0.7286964342441282,
      0.7288944630325633,
      0.7289150910313587,
      0.7290141054255762,
      0.7300083749675109,
      0.7293606558053377,
      0.7290017286262991,
      0.7292863950096745,
      0.7294514190000372,
      0.7296040661911225,
      0.7291708782164207,
      0.729628819789677,
      0.7296123173906407
    ],
    "epoch": [
      0,
      1,
      2,
      3,
      4,
      5,
      6,
      7,
      8,
      9,
      10,
      11,
      12,
      13,
      14,
      15,
      16,
      17,
      18,
      19,
      20,
      21,
      22,
      23,
      24,
      25,
      26,
      27,
      28,
      29,
      30,
      31,
      32,
      33,
      34,
      35,
      36,
      37,
      38,
      39,
      40,
      41,
      42,
      43,
      44,
      45,
      46,
      47,
      48,
      49,
      50,
      51,
      52,
      53,
      54,
      55,
      56,
      57,
      58,
      59,
      60,
      61
    ],