{
  "syst": "TT",
  "observed": 49.86760824918747,
  "expected": 42.93117706477642,
  "difference": 0.16157095282864153,
  "max_bin_difference": 0.0,
  "max_bin_difference_bin": -1,
  "max_bin_difference_filtered": 0.0,
  "max_bin_difference_filtered_bin": -1,
  "snr_threshold": 3.0,
  "mass_range_min": 10.0,
  "mass_range_max": 160.0,
  "percentile_68_difference": 0.0,
  "percentile_95_difference": 0.0,
  "rms_bin_difference": 0.0,
  "chi2": 7.777566121353093,
  "ndf": 7,
  "chi2_per_ndf": 1.1110808744790133,
  "p_value": 0.35261608156665136,
  "closure_uncertainty_scale": 0.9500000000000001,
  "recommended_systematic_pct": 4.999999999999993
}