{
  "syst": "TT",
  "observed": 49.86760778725147,
  "expected": 42.93117666244507,
  "difference": 0.16157095295443394,
  "max_bin_difference": 0.0,
  "max_bin_difference_bin": -1,
  "max_bin_difference_filtered": 0.0,
  "max_bin_difference_filtered_bin": -1,
  "snr_threshold": 3.0,
  "mass_range_min": 10.0,
  "mass_range_max": 160.0,
  "percentile_68_difference": 0.0,
  "percentile_95_difference": 0.0,
  "rms_bin_difference": 0.0,
  "chi2": 6.245025840947212,
  "ndf": 7,
  "chi2_per_ndf": 0.8921465487067446,
  "p_value": 0.5114481508048198,
  "closure_uncertainty_scale": 0.45,
  "recommended_systematic_pct": 55.00000000000001
}