{
  "MeasFakeMu8_loose_Central": 0.00014414219456682274,
  "MeasFakeMu8_loose_PromptNorm_Up": 0.00016576352375184612,
  "MeasFakeMu8_loose_PromptNorm_Down": 0.00012252086538179933,
  "MeasFakeMu8_loose_MotherJetPt_Up": 0.00015422574312993996,
  "MeasFakeMu8_loose_MotherJetPt_Down": 0.0001525726897529831,
  "MeasFakeMu8_loose_RequireHeavyTag": 0.00016525903158596495,
  "MeasFakeMu8_tight_Central": 0.00014039360634763456,
  "MeasFakeMu8_tight_PromptNorm_Up": 0.00016145264729977972,
  "MeasFakeMu8_tight_PromptNorm_Down": 0.00011933456539548937,
  "MeasFakeMu8_tight_MotherJetPt_Up": 0.00015322000685225864,
  "MeasFakeMu8_tight_MotherJetPt_Down": 0.00014915358240419587,
  "MeasFakeMu8_tight_RequireHeavyTag": 0.00014806169775302347,
  "MeasFakeMu17_loose_Central": 0.0006776049598027185,
  "MeasFakeMu17_loose_PromptNorm_Up": 0.0007792457037731262,
  "MeasFakeMu17_loose_PromptNorm_Down": 0.0005759642158323107,
  "MeasFakeMu17_loose_MotherJetPt_Up": 0.0006790618471719329,
  "MeasFakeMu17_loose_MotherJetPt_Down": 0.000685222620673587,
  "MeasFakeMu17_loose_RequireHeavyTag": 0.0007073889429842588,
  "MeasFakeMu17_tight_Central": 0.0006556109647514524,
  "MeasFakeMu17_tight_PromptNorm_Up": 0.0007539526094641702,
  "MeasFakeMu17_tight_PromptNorm_Down": 0.0005572693200387345,
  "MeasFakeMu17_tight_MotherJetPt_Up": 0.0006536501145455394,
  "MeasFakeMu17_tight_MotherJetPt_Down": 0.000662996174746821,
  "MeasFakeMu17_tight_RequireHeavyTag": 0.0006846167624855732
}