{
  "Central": {
    "ptcorr_10to15_EB1": 500.8054336309433,
    "ptcorr_10to15_EB2": 358.6651888079941,
    "ptcorr_10to15_EE": 292.0257735326886,
    "ptcorr_15to20_EB1": 487.88542733341455,
    "ptcorr_15to20_EB2": 308.2741438560188,
    "ptcorr_15to20_EE": 238.03937927633524,
    "ptcorr_20to30_EB1": 1047.9964388720691,
    "ptcorr_20to30_EB2": 623.0637579746544,
    "ptcorr_20to30_EE": 416.1704947389662,
    "ptcorr_30to50_EB1": 2070.8050023689866,
    "ptcorr_30to50_EB2": 1167.6276741847396,
    "ptcorr_30to50_EE": 677.7289714291692,
    "ptcorr_50to100_EB1": 1949.7125382721424,
    "ptcorr_50to100_EB2": 1048.9264281727374,
    "ptcorr_50to100_EE": 543.4923571608961
  },
  "MotherJetPt_Up": {
    "ptcorr_10to15_EB1": 335.68020629510283,
    "ptcorr_10to15_EB2": 241.46992284432054,
    "ptcorr_10to15_EE": 194.73795876279473,
    "ptcorr_15to20_EB1": 323.12163042649627,
    "ptcorr_15to20_EB2": 200.06233364343643,
    "ptcorr_15to20_EE": 155.16115597635508,
    "ptcorr_20to30_EB1": 674.5837707556784,
    "ptcorr_20to30_EB2": 409.77172845229506,
    "ptcorr_20to30_EE": 266.6111803613603,
    "ptcorr_30to50_EB1": 1352.5912841036916,
    "ptcorr_30to50_EB2": 747.7545464336872,
    "ptcorr_30to50_EE": 427.9829909913242,
    "ptcorr_50to100_EB1": 1306.5083649642766,
    "ptcorr_50to100_EB2": 691.7113845944405,
    "ptcorr_50to100_EE": 346.6778463795781
  },
  "MotherJetPt_Down": {
    "ptcorr_10to15_EB1": 651.5907315462828,
    "ptcorr_10to15_EB2": 461.80308462679386,
    "ptcorr_10to15_EE": 371.36545926705,
    "ptcorr_15to20_EB1": 643.0746375545859,
    "ptcorr_15to20_EB2": 411.77931701019406,
    "ptcorr_15to20_EE": 313.3040646240115,
    "ptcorr_20to30_EB1": 1368.017519876361,
    "ptcorr_20to30_EB2": 826.8908448964357,
    "ptcorr_20to30_EE": 549.892063010484,
    "ptcorr_30to50_EB1": 2614.9476942680776,
    "ptcorr_30to50_EB2": 1505.0886232331395,
    "ptcorr_30to50_EE": 898.5121367275715,
    "ptcorr_50to100_EB1": 2357.0016880743206,
    "ptcorr_50to100_EB2": 1293.7337172366679,
    "ptcorr_50to100_EE": 705.0761226713657
  },
  "RequireHeavyTag": {
    "ptcorr_10to15_EB1": 295.0751359015703,
    "ptcorr_10to15_EB2": 217.8834375217557,
    "ptcorr_10to15_EE": 178.8714612238109,
    "ptcorr_15to20_EB1": 318.39459605515003,
    "ptcorr_15to20_EB2": 205.2193944863975,
    "ptcorr_15to20_EE": 158.64883986860514,
    "ptcorr_20to30_EB1": 715.3723411858082,
    "ptcorr_20to30_EB2": 427.5739019587636,
    "ptcorr_20to30_EE": 285.2439615987241,
    "ptcorr_30to50_EB1": 1471.0740847066045,
    "ptcorr_30to50_EB2": 803.0491644740105,
    "ptcorr_30to50_EE": 458.18358309566975,
    "ptcorr_50to100_EB1": 1337.1234255470335,
    "ptcorr_50to100_EB2": 699.917545106262,
    "ptcorr_50to100_EE": 344.17825662717223
  },
  "L1Prefire_Up": {
    "ptcorr_10to15_EB1": 500.6056163609028,
    "ptcorr_10to15_EB2": 358.5177134461701,
    "ptcorr_10to15_EE": 291.816313482821,
    "ptcorr_15to20_EB1": 487.6588449589908,
    "ptcorr_15to20_EB2": 308.12230936437845,
    "ptcorr_15to20_EE": 237.83191384747624,
    "ptcorr_20to30_EB1": 1047.1737120337784,
    "ptcorr_20to30_EB2": 622.6925412379205,
    "ptcorr_20to30_EE": 415.74441430717707,
    "ptcorr_30to50_EB1": 2069.067599363625,
    "ptcorr_30to50_EB2": 1166.899368725717,
    "ptcorr_30to50_EE": 677.0130296982825,
    "ptcorr_50to100_EB1": 1948.0745660811663,
    "ptcorr_50to100_EB2": 1048.2811650335789,
    "ptcorr_50to100_EE": 542.9168711714447
  },
  "L1Prefire_Down": {
    "ptcorr_10to15_EB1": 500.8706158064306,
    "ptcorr_10to15_EB2": 358.7825307175517,
    "ptcorr_10to15_EE": 292.21580781415105,
    "ptcorr_15to20_EB1": 488.0927010886371,
    "ptcorr_15to20_EB2": 308.41802982240915,
    "ptcorr_15to20_EE": 238.24111681059003,
    "ptcorr_20to30_EB1": 1048.7916101552546,
    "ptcorr_20to30_EB2": 623.419618088752,
    "ptcorr_20to30_EE": 416.5856642946601,
    "ptcorr_30to50_EB1": 2072.4893757626414,
    "ptcorr_30to50_EB2": 1168.3273686654866,
    "ptcorr_30to50_EE": 678.4285316169262,
    "ptcorr_50to100_EB1": 1951.299295257777,
    "ptcorr_50to100_EB2": 1049.5453849583864,
    "ptcorr_50to100_EE": 544.0555808469653
  },
  "PileupReweight_Up": {
    "ptcorr_10to15_EB1": 493.0655395165086,
    "ptcorr_10to15_EB2": 352.71913558244705,
    "ptcorr_10to15_EE": 285.8743917495012,
    "ptcorr_15to20_EB1": 482.45188185200095,
    "ptcorr_15to20_EB2": 302.95597944408655,
    "ptcorr_15to20_EE": 234.39808294549584,
    "ptcorr_20to30_EB1": 1039.5263054668903,
    "ptcorr_20to30_EB2": 616.3475140482187,
    "ptcorr_20to30_EE": 408.29087721556425,
    "ptcorr_30to50_EB1": 2052.6061528660357,
    "ptcorr_30to50_EB2": 1152.3469717800617,
    "ptcorr_30to50_EE": 667.5472005866468,
    "ptcorr_50to100_EB1": 1929.1043410934508,
    "ptcorr_50to100_EB2": 1036.768208116293,
    "ptcorr_50to100_EE": 533.4224897436798
  },
  "PileupReweight_Down": {
    "ptcorr_10to15_EB1": 508.1707294974476,
    "ptcorr_10to15_EB2": 364.31529772654176,
    "ptcorr_10to15_EE": 297.9584310632199,
    "ptcorr_15to20_EB1": 492.92110147699714,
    "ptcorr_15to20_EB2": 313.78575256094337,
    "ptcorr_15to20_EE": 241.70397603232414,
    "ptcorr_20to30_EB1": 1056.1210199585184,
    "ptcorr_20to30_EB2": 628.7711244523525,
    "ptcorr_20to30_EE": 423.44157483801246,
    "ptcorr_30to50_EB1": 2087.802291811444,
    "ptcorr_30to50_EB2": 1181.6986605608836,
    "ptcorr_30to50_EE": 687.2157402280718,
    "ptcorr_50to100_EB1": 1969.899521773681,
    "ptcorr_50to100_EB2": 1060.9737915806472,
    "ptcorr_50to100_EE": 552.876831154339
  },
  "PileupJetIDSF_Up": {
    "ptcorr_10to15_EB1": 500.9725327678025,
    "ptcorr_10to15_EB2": 358.78351970762014,
    "ptcorr_10to15_EE": 292.1197756268084,
    "ptcorr_15to20_EB1": 488.03810669854283,
    "ptcorr_15to20_EB2": 308.37119522318244,
    "ptcorr_15to20_EE": 238.11095998808742,
    "ptcorr_20to30_EB1": 1048.3101791962981,
    "ptcorr_20to30_EB2": 623.250527665019,
    "ptcorr_20to30_EE": 416.3011638633907,
    "ptcorr_30to50_EB1": 2071.4012037217617,
    "ptcorr_30to50_EB2": 1167.9804386347532,
    "ptcorr_30to50_EE": 677.9381124079227,
    "ptcorr_50to100_EB1": 1950.2484258674085,
    "ptcorr_50to100_EB2": 1049.2344418913126,
    "ptcorr_50to100_EE": 543.6635398343205
  },
  "PileupJetIDSF_Down": {
    "ptcorr_10to15_EB1": 500.63836409151554,
    "ptcorr_10to15_EB2": 358.54687966778874,
    "ptcorr_10to15_EE": 291.9317921884358,
    "ptcorr_15to20_EB1": 487.73277124017477,
    "ptcorr_15to20_EB2": 308.1771055050194,
    "ptcorr_15to20_EE": 237.96780958026648,
    "ptcorr_20to30_EB1": 1047.682742767036,
    "ptcorr_20to30_EB2": 622.8770119436085,
    "ptcorr_20to30_EE": 416.0398477166891,
    "ptcorr_30to50_EB1": 2070.2088841684163,
    "ptcorr_30to50_EB2": 1167.2749550491571,
    "ptcorr_30to50_EE": 677.5198563076556,
    "ptcorr_50to100_EB1": 1949.1767296977341,
    "ptcorr_50to100_EB2": 1048.6184549331665,
    "ptcorr_50to100_EE": 543.3212037347257
  },
  "JetEn_Up": {
    "ptcorr_10to15_EB1": 484.5218404866755,
    "ptcorr_10to15_EB2": 351.72615893930197,
    "ptcorr_10to15_EE": 280.53141187131405,
    "ptcorr_15to20_EB1": 468.2519910223782,
    "ptcorr_15to20_EB2": 293.85526321828365,
    "ptcorr_15to20_EE": 229.90409441664815,
    "ptcorr_20to30_EB1": 1002.5453758612275,
    "ptcorr_20to30_EB2": 597.2025767974555,
    "ptcorr_20to30_EE": 399.59003108367324,
    "ptcorr_30to50_EB1": 1974.4513054136187,
    "ptcorr_30to50_EB2": 1111.5067312307656,
    "ptcorr_30to50_EE": 656.525201395154,
    "ptcorr_50to100_EB1": 1867.805723335594,
    "ptcorr_50to100_EB2": 1015.3479183502495,
    "ptcorr_50to100_EE": 533.6568805128336
  },
  "JetEn_Down": {
    "ptcorr_10to15_EB1": 513.6716586947441,
    "ptcorr_10to15_EB2": 360.5968410372734,
    "ptcorr_10to15_EE": 296.53220934793353,
    "ptcorr_15to20_EB1": 503.64258942753077,
    "ptcorr_15to20_EB2": 320.9642259068787,
    "ptcorr_15to20_EE": 244.51682095229626,
    "ptcorr_20to30_EB1": 1097.5445172712207,
    "ptcorr_20to30_EB2": 650.9553872533143,