{
  "hyperparameters": {
    "signal": "MHc100_MA95",
    "channel": "Combined",
    "iteration": 0,
    "model_idx": 14,
    "num_hidden": 128,
    "optimizer": "Adam",
    "initial_lr": 0.002,
    "weight_decay": 0.00066,
    "scheduler": "ReduceLROnPlateau",
    "pilot_mode": false,
    "num_classes": 4,
    "model_type": "ParticleNet",
    "num_node_features": 9,
    "num_graph_features": 4,
    "dropout_p": 0.4,
    "batch_size": 256,
    "train_folds": [
      0,
      1,
      2
    ],
    "valid_folds": [
      3
    ],
    "loss_type": "disco",
    "disco_lambda": 0.05
  },
  "training_summary": {
    "best_epoch": 6,
    "best_train_loss": 0.6828562820573708,
    "best_valid_loss": 0.6678456588530205,
    "best_train_acc": 0.5548629835247993,
    "best_valid_acc": 0.5685948133468628,
    "total_epochs": 14
  },
  "epoch_history": {
    "train_loss": [
      0.758200156724924,
      0.6878685113506839,
      0.6823622868778495,
      0.6832813390482523,
      0.6823372791603344,
      0.6819864290463525,
      0.6828562820573708,
      0.6829971267097265,
      0.6833764722644377,
      0.6832558118825988,
      0.681909253894377,
      0.6829261107285335,
      0.6835006945763678,
      0.6827534313259879
    ],
    "valid_loss": [
      0.6786585525727608,
      0.6686848385233275,
      0.6697820206763039,
      0.6813990633252641,
      0.6701353368624835,
      0.6774197430677817,
      0.6678456588530205,
      0.6751339872118453,
      0.6794633462395466,
      0.6759273367868343,
      0.6690373487875495,
      0.6739873751788072,
      0.6730547622895576,
      0.6709795132489271
    ],
    "train_acc": [
      0.49181903153657913,
      0.554149903357029,
      0.5565246194601059,
      0.5565359964966774,
      0.5567806214094162,
      0.5563992559909821,
      0.5548629835247993,
      0.5547219067811966,
      0.555724486708641,
      0.5553301647305489,
      0.556026503443718,
      0.5548999980092049,
      0.5549417212605476,
      0.5548725053668022
    ],
    "valid_acc": [
      0.5567082613706589,
      0.5665468797087669,
      0.5634386017918587,
      0.5590731352567673,
      0.5688334032893181,
      0.5584980845451355,
      0.5685948133468628,
      0.5664927661418915,
      0.5623017251491547,
      0.5597787722945213,
      0.563177265226841,
      0.5578628107905388,
      0.5642751529812813,
      0.5682282894849777
    ],
    "epoch": [
      0,
      1,
      2,
      3,
      4,
      5,
      6,
      7,
      8,
      9,
      10,
      11,
      12,
      13
    ],
    "timestamp": [
      1766987801.510827,
      1766988123.9559145,
      1766988444.744519,
      1766988767.158986,
      1766989088.7431884,
      1766989410.1837003,
      1766989730.3935046,
      1766990036.5067778,
      1766990303.8823195,
      1766990565.7679245,
      1766990808.3203773,
      1766991048.2856312,
      1766991278.007166,
      1766991490.3635955
    ],
    "train_ce_loss": [
      0.7277169597230422,
      0.6582827173286658,
      0.6533908837653221,
      0.6540802633327554,
      0.6531466000348239,
      0.6527160725151514,
      0.6536921273248899,
      0.6538875836007139,
      0.6539272336068487,
      0.6541545611927937,
      0.6529844615325378,
      0.65390913508221,
      0.654001522480898,
      0.6535792371965832
    ],
    "valid_ce_loss": [
      0.6498154812610485,
      0.6408007215760964,
      0.6403217314624451,
      0.6515502619071746,
      0.6411964944760564,
      0.649129543033704,
      0.6387792818877899,
      0.6459773219597171,
      0.6505638129064735,
      0.6464671384490711,
      0.6402961083910834,
      0.6447397044426958,
      0.6453903610752502,
      0.6413977098402003
    ],
    "train_disco_term": [
      0.6096638501958644,
      0.5917156252998711,
      0.5794290004530214,
      0.5840217881108489,
      0.5838133424611077,
      0.5854061855733576,
      0.583284140828895,
      0.582190262601006,
      0.5889850536921829,
      0.5820254484208521,
      0.5784961620725034,
      0.5803389193258025,
      0.5899842260637544,
      0.5834851021643468
    ],
    "valid_disco_term": [
      0.576861415688001,
      0.5576814638162163,
      0.5892057339070549,
      0.5969769083698031,
      0.5787770310023301,
      0.5658038760679709,
      0.5813269565852595,
      0.5831333507954235,
      0.5779897871781403,
      0.5892038544193959,
      0.5748252413747176,
      0.5849538813804237,
      0.5532871244973699,
      0.5916367735136563
    ]
  }
}