{
  "Central": {
    "ptcorr_10to15_EB1": 27201.52703386545,
    "ptcorr_10to15_EB2": 13510.463716357946,
    "ptcorr_10to15_EE": 12006.60470765829,
    "ptcorr_15to20_EB1": 36417.719219744205,
    "ptcorr_15to20_EB2": 20831.83034916222,
    "ptcorr_15to20_EE": 20397.697038128972,
    "ptcorr_20to25_EB1": 52292.69060835242,
    "ptcorr_20to25_EB2": 29612.907924860716,
    "ptcorr_20to25_EE": 28708.00808596611,
    "ptcorr_25to35_EB1": 178778.20175479352,
    "ptcorr_25to35_EB2": 77361.60888367891,
    "ptcorr_25to35_EE": 76830.49544607103,
    "ptcorr_35to50_EB1": 252779.71076487005,
    "ptcorr_35to50_EB2": 172496.41508202255,
    "ptcorr_35to50_EE": 174273.98769706488,
    "ptcorr_50to100_EB1": 67873.91890154779,
    "ptcorr_50to100_EB2": 54906.85825532675,
    "ptcorr_50to100_EE": 63538.36824205518
  },
  "MotherJetPt_Up": {
    "ptcorr_10to15_EB1": 9487.87449735403,
    "ptcorr_10to15_EB2": 4550.152438297868,
    "ptcorr_10to15_EE": 4041.2381067276,
    "ptcorr_15to20_EB1": 11700.245783984661,
    "ptcorr_15to20_EB2": 5949.930463701487,
    "ptcorr_15to20_EE": 6294.316970169544,
    "ptcorr_20to25_EB1": 14374.984902977943,
    "ptcorr_20to25_EB2": 7720.2722294181585,
    "ptcorr_20to25_EE": 9079.685296475887,
    "ptcorr_25to35_EB1": 40926.962180137634,
    "ptcorr_25to35_EB2": 25744.88712142408,
    "ptcorr_25to35_EE": 27283.236357197165,
    "ptcorr_35to50_EB1": 64487.99608755112,
    "ptcorr_35to50_EB2": 68666.37924304605,
    "ptcorr_35to50_EE": 81515.90698970854,
    "ptcorr_50to100_EB1": 33842.02279141545,
    "ptcorr_50to100_EB2": 26757.531935349107,
    "ptcorr_50to100_EE": 32467.29576946795
  },
  "MotherJetPt_Down": {
    "ptcorr_10to15_EB1": 44605.284472078085,
    "ptcorr_10to15_EB2": 21853.403508991003,
    "ptcorr_10to15_EE": 21398.29646229744,
    "ptcorr_15to20_EB1": 59427.30733218789,
    "ptcorr_15to20_EB2": 36607.99717730284,
    "ptcorr_15to20_EE": 36573.06948618591,
    "ptcorr_20to25_EB1": 84644.43098638952,
    "ptcorr_20to25_EB2": 53721.8533397913,
    "ptcorr_20to25_EE": 47819.189797997475,
    "ptcorr_25to35_EB1": 240900.78714169562,
    "ptcorr_25to35_EB2": 112745.96571134031,
    "ptcorr_25to35_EE": 108723.27563394606,
    "ptcorr_35to50_EB1": 285250.3676523119,
    "ptcorr_35to50_EB2": 190275.22499123216,
    "ptcorr_35to50_EE": 197473.17837160826,
    "ptcorr_50to100_EB1": 82103.81233635545,
    "ptcorr_50to100_EB2": 63850.84302289784,
    "ptcorr_50to100_EE": 74957.56171418726
  },
  "RequireHeavyTag": {
    "ptcorr_10to15_EB1": 976.7520793378353,
    "ptcorr_10to15_EB2": 489.8273512125015,
    "ptcorr_10to15_EE": 470.05377630889416,
    "ptcorr_15to20_EB1": 1247.3625592291355,
    "ptcorr_15to20_EB2": 650.8884653747082,
    "ptcorr_15to20_EE": 701.9515643119812,
    "ptcorr_20to25_EB1": 1319.5470696091652,
    "ptcorr_20to25_EB2": 693.7523804754019,
    "ptcorr_20to25_EE": 859.6650780439377,
    "ptcorr_25to35_EB1": 2662.831530034542,
    "ptcorr_25to35_EB2": 1526.2874548882246,
    "ptcorr_25to35_EE": 1633.0191622674465,
    "ptcorr_35to50_EB1": 2709.353274911642,
    "ptcorr_35to50_EB2": 2127.716851145029,
    "ptcorr_35to50_EE": 1899.0783353447914,
    "ptcorr_50to100_EB1": 2765.8619289696217,
    "ptcorr_50to100_EB2": 2097.896327123046,
    "ptcorr_50to100_EE": 1780.9669731855392
  },
  "L1Prefire_Up": {
    "ptcorr_10to15_EB1": 27201.52703386545,
    "ptcorr_10to15_EB2": 13510.463716357946,
    "ptcorr_10to15_EE": 12006.60470765829,
    "ptcorr_15to20_EB1": 36417.719219744205,
    "ptcorr_15to20_EB2": 20831.83034916222,
    "ptcorr_15to20_EE": 20397.697038128972,
    "ptcorr_20to25_EB1": 52292.69060835242,
    "ptcorr_20to25_EB2": 29612.907924860716,
    "ptcorr_20to25_EE": 28708.00808596611,
    "ptcorr_25to35_EB1": 178778.20175479352,
    "ptcorr_25to35_EB2": 77361.60888367891,
    "ptcorr_25to35_EE": 76830.49544607103,
    "ptcorr_35to50_EB1": 252779.71076487005,
    "ptcorr_35to50_EB2": 172496.41508202255,
    "ptcorr_35to50_EE": 174273.98769706488,
    "ptcorr_50to100_EB1": 67873.91890154779,
    "ptcorr_50to100_EB2": 54906.85825532675,
    "ptcorr_50to100_EE": 63538.36824205518
  },
  "L1Prefire_Down": {
    "ptcorr_10to15_EB1": 27201.52703386545,
    "ptcorr_10to15_EB2": 13510.463716357946,
    "ptcorr_10to15_EE": 12006.60470765829,
    "ptcorr_15to20_EB1": 36417.719219744205,
    "ptcorr_15to20_EB2": 20831.83034916222,
    "ptcorr_15to20_EE": 20397.697038128972,
    "ptcorr_20to25_EB1": 52292.69060835242,
    "ptcorr_20to25_EB2": 29612.907924860716,
    "ptcorr_20to25_EE": 28708.00808596611,
    "ptcorr_25to35_EB1": 178778.20175479352,
    "ptcorr_25to35_EB2": 77361.60888367891,
    "ptcorr_25to35_EE": 76830.49544607103,
    "ptcorr_35to50_EB1": 252779.71076487005,
    "ptcorr_35to50_EB2": 172496.41508202255,
    "ptcorr_35to50_EE": 174273.98769706488,
    "ptcorr_50to100_EB1": 67873.91890154779,
    "ptcorr_50to100_EB2": 54906.85825532675,
    "ptcorr_50to100_EE": 63538.36824205518
  },
  "PileupReweight_Up": {
    "ptcorr_10to15_EB1": 26561.93941219151,
    "ptcorr_10to15_EB2": 13165.46699117124,
    "ptcorr_10to15_EE": 11599.599419891834,
    "ptcorr_15to20_EB1": 35854.606144696474,
    "ptcorr_15to20_EB2": 20274.39800454676,
    "ptcorr_15to20_EE": 19761.46191419661,
    "ptcorr_20to25_EB1": 51359.766685694456,
    "ptcorr_20to25_EB2": 28991.423658803105,
    "ptcorr_20to25_EE": 28014.84749996662,
    "ptcorr_25to35_EB1": 175103.71740479767,
    "ptcorr_25to35_EB2": 75659.09746211767,
    "ptcorr_25to35_EE": 74947.21308118105,
    "ptcorr_35to50_EB1": 246284.4670265466,
    "ptcorr_35to50_EB2": 168045.1758737117,
    "ptcorr_35to50_EE": 169065.396042794,
    "ptcorr_50to100_EB1": 66564.51566654444,
    "ptcorr_50to100_EB2": 53715.941107943654,
    "ptcorr_50to100_EE": 61974.3686620146
  },
  "PileupReweight_Down": {
    "ptcorr_10to15_EB1": 27815.10190284252,
    "ptcorr_10to15_EB2": 13833.525963962078,
    "ptcorr_10to15_EE": 12470.57758012414,
    "ptcorr_15to20_EB1": 36995.242981374264,
    "ptcorr_15to20_EB2": 21358.134019047022,
    "ptcorr_15to20_EE": 21086.699280321598,
    "ptcorr_20to25_EB1": 53217.36315202713,
    "ptcorr_20to25_EB2": 30233.005317628384,
    "ptcorr_20to25_EE": 29367.35881727934,
    "ptcorr_25to35_EB1": 182541.27385789156,
    "ptcorr_25to35_EB2": 78957.31878185272,
    "ptcorr_25to35_EE": 78730.35094127059,
    "ptcorr_35to50_EB1": 259169.8151382208,
    "ptcorr_35to50_EB2": 176870.80993524194,
    "ptcorr_35to50_EE": 179484.6213657558,
    "ptcorr_50to100_EB1": 69264.1817008853,
    "ptcorr_50to100_EB2": 56141.81191071868,
    "ptcorr_50to100_EE": 65145.87353283167
  },
  "JetEn_Up": {
    "ptcorr_10to15_EB1": 27791.845719367266,
    "ptcorr_10to15_EB2": 14017.196244984865,
    "ptcorr_10to15_EE": 12639.13257034123,
    "ptcorr_15to20_EB1": 37682.72794610262,
    "ptcorr_15to20_EB2": 22212.754000529647,
    "ptcorr_15to20_EE": 21660.976723507047,
    "ptcorr_20to25_EB1": 55598.195361703634,
    "ptcorr_20to25_EB2": 32123.43900759518,
    "ptcorr_20to25_EE": 30322.924307212234,
    "ptcorr_25to35_EB1": 185293.8654873073,
    "ptcorr_25to35_EB2": 80713.5827858895,
    "ptcorr_25to35_EE": 79525.65908680856,
    "ptcorr_35to50_EB1": 251154.79211620986,
    "ptcorr_35to50_EB2": 168142.30353839695,
    "ptcorr_35to50_EE": 172071.56817112863,
    "ptcorr_50to100_EB1": 67713.21324007213,
    "ptcorr_50to100_EB2": 53716.50394886732,
    "ptcorr_50to100_EE": 62212.45868824422
  },
  "JetEn_Down": {
    "ptcorr_10to15_EB1": 25783.1442591846,
    "ptcorr_10to15_EB2": 12468.230989441276,
    "ptcorr_10to15_EE": 11266.491147071123,
    "ptcorr_15to20_EB1": 34599.05800426006,
    "ptcorr_15to20_EB2": 19332.232155367732,
    "ptcorr_15to20_EE": 18972.789711654186,
    "ptcorr_20to25_EB1": 48328.376789063215,
    "ptcorr_20to25_EB2": 26542.380807876587,
    "ptcorr_20to25_EE": 26457.536818638444,
    "ptcorr_25to35_EB1": 167351.27218088508,
    "ptcorr_25to35_EB2": 72725.63597679138,
    "ptcorr_25to35_EE": 73028.06283152103,
    "ptcorr_35to50_EB1": 250096.56401500106,