{
  "Central": {
    "ptcorr_10to15_EB1": 7.891938369488344,
    "ptcorr_10to15_EB2": 4.132743728812784,
    "ptcorr_10to15_EE": 3.8634042041376233,
    "ptcorr_15to20_EB1": 12.257272354094312,
    "ptcorr_15to20_EB2": 6.399133279453963,
    "ptcorr_15to20_EE": 5.8387213298119605,
    "ptcorr_20to25_EB1": 15.568906228989363,
    "ptcorr_20to25_EB2": 9.123307660920545,
    "ptcorr_20to25_EE": 7.315456693992019,
    "ptcorr_25to35_EB1": 37.456639148527756,
    "ptcorr_25to35_EB2": 20.007854485651478,
    "ptcorr_25to35_EE": 14.587455079192296,
    "ptcorr_35to50_EB1": 50.14907095464878,
    "ptcorr_35to50_EB2": 27.188172090332955,
    "ptcorr_35to50_EE": 20.119472280843183,
    "ptcorr_50to100_EB1": 69.06058959965594,
    "ptcorr_50to100_EB2": 39.08066854160279,
    "ptcorr_50to100_EE": 21.389671239070594
  },
  "MotherJetPt_Up": {
    "ptcorr_10to15_EB1": 4.712613154901192,
    "ptcorr_10to15_EB2": 2.4476327816955745,
    "ptcorr_10to15_EE": 2.2453667712397873,
    "ptcorr_15to20_EB1": 7.1461003825534135,
    "ptcorr_15to20_EB2": 3.5235472726635635,
    "ptcorr_15to20_EE": 3.3596238824538887,
    "ptcorr_20to25_EB1": 8.452249911148101,
    "ptcorr_20to25_EB2": 4.910252692410722,
    "ptcorr_20to25_EE": 4.088020669296384,
    "ptcorr_25to35_EB1": 22.14761002152227,
    "ptcorr_25to35_EB2": 12.076638210797682,
    "ptcorr_25to35_EE": 8.374478174140677,
    "ptcorr_35to50_EB1": 32.09071643138304,
    "ptcorr_35to50_EB2": 17.24773938022554,
    "ptcorr_35to50_EE": 12.42339990567416,
    "ptcorr_50to100_EB1": 51.93538715131581,
    "ptcorr_50to100_EB2": 29.774889739463106,
    "ptcorr_50to100_EE": 16.229051400208846
  },
  "MotherJetPt_Down": {
    "ptcorr_10to15_EB1": 9.5624019743409,
    "ptcorr_10to15_EB2": 5.104700758587569,
    "ptcorr_10to15_EE": 4.697158265626058,
    "ptcorr_15to20_EB1": 14.513280033133924,
    "ptcorr_15to20_EB2": 7.947562778135762,
    "ptcorr_15to20_EE": 7.039226149674505,
    "ptcorr_20to25_EB1": 18.77888534986414,
    "ptcorr_20to25_EB2": 11.150212611770257,
    "ptcorr_20to25_EE": 8.442725751781836,
    "ptcorr_25to35_EB1": 43.55744912661612,
    "ptcorr_25to35_EB2": 23.492966436082497,
    "ptcorr_25to35_EE": 17.365820920094848,
    "ptcorr_35to50_EB1": 56.12989644543268,
    "ptcorr_35to50_EB2": 30.57721659890376,
    "ptcorr_35to50_EE": 22.51210353919305,
    "ptcorr_50to100_EB1": 74.89195236028172,
    "ptcorr_50to100_EB2": 42.17082401947118,
    "ptcorr_50to100_EE": 23.00550572387874
  },
  "RequireHeavyTag": {
    "ptcorr_10to15_EB1": 5.015929964371026,
    "ptcorr_10to15_EB2": 2.6837158109992743,
    "ptcorr_10to15_EE": 2.4142694510519505,
    "ptcorr_15to20_EB1": 8.362628641771153,
    "ptcorr_15to20_EB2": 3.970830268226564,
    "ptcorr_15to20_EE": 3.977130235172808,
    "ptcorr_20to25_EB1": 9.698729374678805,
    "ptcorr_20to25_EB2": 5.888111094944179,
    "ptcorr_20to25_EE": 4.656930180732161,
    "ptcorr_25to35_EB1": 24.930003076791763,
    "ptcorr_25to35_EB2": 13.242143287556246,
    "ptcorr_25to35_EE": 8.976468509295955,
    "ptcorr_35to50_EB1": 32.32470634672791,
    "ptcorr_35to50_EB2": 17.660198640078306,
    "ptcorr_35to50_EE": 13.171434294199571,
    "ptcorr_50to100_EB1": 44.20448991190642,
    "ptcorr_50to100_EB2": 25.08402129355818,
    "ptcorr_50to100_EE": 13.357303835684434
  },
  "L1Prefire_Up": {
    "ptcorr_10to15_EB1": 7.891938369488344,
    "ptcorr_10to15_EB2": 4.132743728812784,
    "ptcorr_10to15_EE": 3.8634042041376233,
    "ptcorr_15to20_EB1": 12.257272354094312,
    "ptcorr_15to20_EB2": 6.399133279453963,
    "ptcorr_15to20_EE": 5.8387213298119605,
    "ptcorr_20to25_EB1": 15.568906228989363,
    "ptcorr_20to25_EB2": 9.123307660920545,
    "ptcorr_20to25_EE": 7.315456693992019,
    "ptcorr_25to35_EB1": 37.456639148527756,
    "ptcorr_25to35_EB2": 20.007854485651478,
    "ptcorr_25to35_EE": 14.587455079192296,
    "ptcorr_35to50_EB1": 50.14907095464878,
    "ptcorr_35to50_EB2": 27.188172090332955,
    "ptcorr_35to50_EE": 20.119472280843183,
    "ptcorr_50to100_EB1": 69.06058959965594,
    "ptcorr_50to100_EB2": 39.08066854160279,
    "ptcorr_50to100_EE": 21.389671239070594
  },
  "L1Prefire_Down": {
    "ptcorr_10to15_EB1": 7.891938369488344,
    "ptcorr_10to15_EB2": 4.132743728812784,
    "ptcorr_10to15_EE": 3.8634042041376233,
    "ptcorr_15to20_EB1": 12.257272354094312,
    "ptcorr_15to20_EB2": 6.399133279453963,
    "ptcorr_15to20_EE": 5.8387213298119605,
    "ptcorr_20to25_EB1": 15.568906228989363,
    "ptcorr_20to25_EB2": 9.123307660920545,
    "ptcorr_20to25_EE": 7.315456693992019,
    "ptcorr_25to35_EB1": 37.456639148527756,
    "ptcorr_25to35_EB2": 20.007854485651478,
    "ptcorr_25to35_EE": 14.587455079192296,
    "ptcorr_35to50_EB1": 50.14907095464878,
    "ptcorr_35to50_EB2": 27.188172090332955,
    "ptcorr_35to50_EE": 20.119472280843183,
    "ptcorr_50to100_EB1": 69.06058959965594,
    "ptcorr_50to100_EB2": 39.08066854160279,
    "ptcorr_50to100_EE": 21.389671239070594
  },
  "PileupReweight_Up": {
    "ptcorr_10to15_EB1": 7.739638160914183,
    "ptcorr_10to15_EB2": 4.005690662190318,
    "ptcorr_10to15_EE": 3.6542385681532323,
    "ptcorr_15to20_EB1": 12.262449092464522,
    "ptcorr_15to20_EB2": 6.166739831096493,
    "ptcorr_15to20_EE": 5.639130695257336,
    "ptcorr_20to25_EB1": 15.472051605116576,
    "ptcorr_20to25_EB2": 8.94465942448005,
    "ptcorr_20to25_EE": 7.167786955134943,
    "ptcorr_25to35_EB1": 37.32555798650719,
    "ptcorr_25to35_EB2": 19.984563284553587,
    "ptcorr_25to35_EE": 14.517498151399195,
    "ptcorr_35to50_EB1": 49.93044066359289,
    "ptcorr_35to50_EB2": 26.962560621323064,
    "ptcorr_35to50_EE": 19.94888490648009,
    "ptcorr_50to100_EB1": 69.02412938070484,
    "ptcorr_50to100_EB2": 38.83231184235774,
    "ptcorr_50to100_EE": 21.37298981938511
  },
  "PileupReweight_Down": {
    "ptcorr_10to15_EB1": 7.937489941949025,
    "ptcorr_10to15_EB2": 4.233211459359154,
    "ptcorr_10to15_EE": 3.9863214837387204,
    "ptcorr_15to20_EB1": 12.346224505687132,
    "ptcorr_15to20_EB2": 6.654201529920101,
    "ptcorr_15to20_EE": 5.9891566841397434,
    "ptcorr_20to25_EB1": 15.767797535285354,
    "ptcorr_20to25_EB2": 9.148331756703556,
    "ptcorr_20to25_EE": 7.448260413482785,
    "ptcorr_25to35_EB1": 37.5057075151708,
    "ptcorr_25to35_EB2": 20.04163623508066,
    "ptcorr_25to35_EE": 14.698314521461725,
    "ptcorr_35to50_EB1": 50.29684336669743,
    "ptcorr_35to50_EB2": 27.37845439184457,
    "ptcorr_35to50_EE": 20.22659438289702,
    "ptcorr_50to100_EB1": 69.36571890022606,
    "ptcorr_50to100_EB2": 39.40589053602889,
    "ptcorr_50to100_EE": 21.69264101749286
  },
  "JetEn_Up": {
    "ptcorr_10to15_EB1": 7.4779197566676885,
    "ptcorr_10to15_EB2": 3.8417970405425876,
    "ptcorr_10to15_EE": 3.968837854685262,
    "ptcorr_15to20_EB1": 11.507595309754834,
    "ptcorr_15to20_EB2": 6.131661120336503,
    "ptcorr_15to20_EE": 5.599350941367447,
    "ptcorr_20to25_EB1": 15.109036073554307,
    "ptcorr_20to25_EB2": 8.843501748749986,
    "ptcorr_20to25_EE": 7.159367209998891,
    "ptcorr_25to35_EB1": 35.61693537910469,
    "ptcorr_25to35_EB2": 19.31772916112095,
    "ptcorr_25to35_EE": 13.980777998222038,
    "ptcorr_35to50_EB1": 47.714769036276266,
    "ptcorr_35to50_EB2": 26.210543961264193,
    "ptcorr_35to50_EE": 18.578404035186395,
    "ptcorr_50to100_EB1": 65.63743854686618,
    "ptcorr_50to100_EB2": 36.55107431835495,
    "ptcorr_50to100_EE": 20.267210131743923
  },
  "JetEn_Down": {
    "ptcorr_10to15_EB1": 8.309267933247611,
    "ptcorr_10to15_EB2": 4.439804803114384,
    "ptcorr_10to15_EE": 4.197344858432189,
    "ptcorr_15to20_EB1": 13.11933459318243,
    "ptcorr_15to20_EB2": 6.485204385826364,
    "ptcorr_15to20_EE": 5.993234001332894,
    "ptcorr_20to25_EB1": 15.641893632244319,
    "ptcorr_20to25_EB2": 9.190342329908162,
    "ptcorr_20to25_EE": 7.71690311236307,
    "ptcorr_25to35_EB1": 38.195578364422545,
    "ptcorr_25to35_EB2": 20.885959445498884,
    "ptcorr_25to35_EE": 15.617973390268162,
    "ptcorr_35to50_EB1": 51.04388195509091,