{
  "Central": {
    "ptcorr_10to15_EB1": 178.69652695953846,
    "ptcorr_10to15_EB2": 96.87456329911947,
    "ptcorr_10to15_EE": 105.73132932931185,
    "ptcorr_15to20_EB1": 189.43354498595,
    "ptcorr_15to20_EB2": 101.87399608641863,
    "ptcorr_15to20_EE": 119.31921944767237,
    "ptcorr_20to25_EB1": 197.9036726653576,
    "ptcorr_20to25_EB2": 138.91809809952974,
    "ptcorr_20to25_EE": 138.39082792401314,
    "ptcorr_25to35_EB1": 465.95721044391394,
    "ptcorr_25to35_EB2": 273.8315672799945,
    "ptcorr_25to35_EE": 239.21254358440638,
    "ptcorr_35to50_EB1": 642.8635255396366,
    "ptcorr_35to50_EB2": 373.9953416213393,
    "ptcorr_35to50_EE": 279.6509689465165,
    "ptcorr_50to100_EB1": 873.2448390647769,
    "ptcorr_50to100_EB2": 543.3111977800727,
    "ptcorr_50to100_EE": 315.74280881136656
  },
  "MotherJetPt_Up": {
    "ptcorr_10to15_EB1": 122.67204713821411,
    "ptcorr_10to15_EB2": 67.84646964073181,
    "ptcorr_10to15_EE": 72.35537707060575,
    "ptcorr_15to20_EB1": 130.52900814265013,
    "ptcorr_15to20_EB2": 65.4102654159069,
    "ptcorr_15to20_EE": 79.03815503418446,
    "ptcorr_20to25_EB1": 149.03681603074074,
    "ptcorr_20to25_EB2": 92.30864305794239,
    "ptcorr_20to25_EE": 90.2639855965972,
    "ptcorr_25to35_EB1": 309.89328164607286,
    "ptcorr_25to35_EB2": 183.43084928393364,
    "ptcorr_25to35_EE": 145.80640699714422,
    "ptcorr_35to50_EB1": 432.6944587826729,
    "ptcorr_35to50_EB2": 274.63111205399036,
    "ptcorr_35to50_EE": 185.93628361821175,
    "ptcorr_50to100_EB1": 640.5259877964854,
    "ptcorr_50to100_EB2": 386.4878886267543,
    "ptcorr_50to100_EE": 217.74059877544641
  },
  "MotherJetPt_Down": {
    "ptcorr_10to15_EB1": 195.10374995321035,
    "ptcorr_10to15_EB2": 110.99190539866686,
    "ptcorr_10to15_EE": 119.87435691058636,
    "ptcorr_15to20_EB1": 210.5353755056858,
    "ptcorr_15to20_EB2": 112.00602704286575,
    "ptcorr_15to20_EE": 137.8036630153656,
    "ptcorr_20to25_EB1": 220.50409311801195,
    "ptcorr_20to25_EB2": 156.3366434276104,
    "ptcorr_20to25_EE": 154.02930634468794,
    "ptcorr_25to35_EB1": 517.7186748087406,
    "ptcorr_25to35_EB2": 311.26190166920424,
    "ptcorr_25to35_EE": 268.3013978302479,
    "ptcorr_35to50_EB1": 705.7832847610116,
    "ptcorr_35to50_EB2": 414.89695601165295,
    "ptcorr_35to50_EE": 320.2951250746846,
    "ptcorr_50to100_EB1": 946.5718823522329,
    "ptcorr_50to100_EB2": 594.8921080231667,
    "ptcorr_50to100_EE": 357.876459851861
  },
  "RequireHeavyTag": {
    "ptcorr_10to15_EB1": 94.20610965788364,
    "ptcorr_10to15_EB2": 54.36099924147129,
    "ptcorr_10to15_EE": 59.852129489183426,
    "ptcorr_15to20_EB1": 118.69869400560856,
    "ptcorr_15to20_EB2": 68.12600502371788,
    "ptcorr_15to20_EE": 76.8951004743576,
    "ptcorr_20to25_EB1": 130.23305074870586,
    "ptcorr_20to25_EB2": 90.3274682238698,
    "ptcorr_20to25_EE": 94.83163296431303,
    "ptcorr_25to35_EB1": 326.55893597751856,
    "ptcorr_25to35_EB2": 196.26472759991884,
    "ptcorr_25to35_EE": 157.6689552590251,
    "ptcorr_35to50_EB1": 463.3632334396243,
    "ptcorr_35to50_EB2": 253.49429012089968,
    "ptcorr_35to50_EE": 195.4705772921443,
    "ptcorr_50to100_EB1": 580.3764904364944,
    "ptcorr_50to100_EB2": 372.616144746542,
    "ptcorr_50to100_EE": 204.66594897210598
  },
  "L1Prefire_Up": {
    "ptcorr_10to15_EB1": 178.69652695953846,
    "ptcorr_10to15_EB2": 96.87456329911947,
    "ptcorr_10to15_EE": 105.73132932931185,
    "ptcorr_15to20_EB1": 189.43354498595,
    "ptcorr_15to20_EB2": 101.87399608641863,
    "ptcorr_15to20_EE": 119.31921944767237,
    "ptcorr_20to25_EB1": 197.9036726653576,
    "ptcorr_20to25_EB2": 138.91809809952974,
    "ptcorr_20to25_EE": 138.39082792401314,
    "ptcorr_25to35_EB1": 465.95721044391394,
    "ptcorr_25to35_EB2": 273.8315672799945,
    "ptcorr_25to35_EE": 239.21254358440638,
    "ptcorr_35to50_EB1": 642.8635255396366,
    "ptcorr_35to50_EB2": 373.9953416213393,
    "ptcorr_35to50_EE": 279.6509689465165,
    "ptcorr_50to100_EB1": 873.2448390647769,
    "ptcorr_50to100_EB2": 543.3111977800727,
    "ptcorr_50to100_EE": 315.74280881136656
  },
  "L1Prefire_Down": {
    "ptcorr_10to15_EB1": 178.69652695953846,
    "ptcorr_10to15_EB2": 96.87456329911947,
    "ptcorr_10to15_EE": 105.73132932931185,
    "ptcorr_15to20_EB1": 189.43354498595,
    "ptcorr_15to20_EB2": 101.87399608641863,
    "ptcorr_15to20_EE": 119.31921944767237,
    "ptcorr_20to25_EB1": 197.9036726653576,
    "ptcorr_20to25_EB2": 138.91809809952974,
    "ptcorr_20to25_EE": 138.39082792401314,
    "ptcorr_25to35_EB1": 465.95721044391394,
    "ptcorr_25to35_EB2": 273.8315672799945,
    "ptcorr_25to35_EE": 239.21254358440638,
    "ptcorr_35to50_EB1": 642.8635255396366,
    "ptcorr_35to50_EB2": 373.9953416213393,
    "ptcorr_35to50_EE": 279.6509689465165,
    "ptcorr_50to100_EB1": 873.2448390647769,
    "ptcorr_50to100_EB2": 543.3111977800727,
    "ptcorr_50to100_EE": 315.74280881136656
  },
  "PileupReweight_Up": {
    "ptcorr_10to15_EB1": 174.64035567641258,
    "ptcorr_10to15_EB2": 93.87864482402802,
    "ptcorr_10to15_EE": 103.1357702203095,
    "ptcorr_15to20_EB1": 185.57942594587803,
    "ptcorr_15to20_EB2": 95.9430447332561,
    "ptcorr_15to20_EE": 114.19100465252995,
    "ptcorr_20to25_EB1": 199.80038170143962,
    "ptcorr_20to25_EB2": 137.55621441826224,
    "ptcorr_20to25_EE": 140.75530936941504,
    "ptcorr_25to35_EB1": 460.63320426642895,
    "ptcorr_25to35_EB2": 271.1000739969313,
    "ptcorr_25to35_EE": 236.68323774263263,
    "ptcorr_35to50_EB1": 643.0870406776667,
    "ptcorr_35to50_EB2": 364.87288339063525,
    "ptcorr_35to50_EE": 283.38159641996026,
    "ptcorr_50to100_EB1": 872.3219820521772,
    "ptcorr_50to100_EB2": 538.4052009657025,
    "ptcorr_50to100_EE": 307.04200518131256
  },
  "PileupReweight_Down": {
    "ptcorr_10to15_EB1": 182.3812763541937,
    "ptcorr_10to15_EB2": 100.4786860793829,
    "ptcorr_10to15_EE": 108.88234373927116,
    "ptcorr_15to20_EB1": 194.70033364742994,
    "ptcorr_15to20_EB2": 107.90349484235048,
    "ptcorr_15to20_EE": 123.97133136540651,
    "ptcorr_20to25_EB1": 201.80424993485212,
    "ptcorr_20to25_EB2": 140.380596421659,
    "ptcorr_20to25_EE": 135.19646209478378,
    "ptcorr_25to35_EB1": 475.0027721300721,
    "ptcorr_25to35_EB2": 273.88193202763796,
    "ptcorr_25to35_EE": 243.74188832193613,
    "ptcorr_35to50_EB1": 641.3194129988551,
    "ptcorr_35to50_EB2": 380.8161052688956,
    "ptcorr_35to50_EE": 278.96712543815374,
    "ptcorr_50to100_EB1": 879.0935746133327,
    "ptcorr_50to100_EB2": 547.4554912149906,
    "ptcorr_50to100_EE": 320.82925248891115
  },
  "JetEn_Up": {
    "ptcorr_10to15_EB1": 166.18292930722237,
    "ptcorr_10to15_EB2": 90.83694868534803,
    "ptcorr_10to15_EE": 101.72576650232077,
    "ptcorr_15to20_EB1": 182.58302011340857,
    "ptcorr_15to20_EB2": 94.85630689561367,
    "ptcorr_15to20_EE": 117.9810828268528,
    "ptcorr_20to25_EB1": 193.8487040475011,
    "ptcorr_20to25_EB2": 124.06965759396553,
    "ptcorr_20to25_EE": 120.62929790467024,
    "ptcorr_25to35_EB1": 431.4919245541096,
    "ptcorr_25to35_EB2": 257.52767323702574,
    "ptcorr_25to35_EE": 230.92903999239206,
    "ptcorr_35to50_EB1": 612.2306259572506,
    "ptcorr_35to50_EB2": 354.0414125546813,
    "ptcorr_35to50_EE": 272.6975543498993,
    "ptcorr_50to100_EB1": 818.4264374673367,
    "ptcorr_50to100_EB2": 501.8999902829528,
    "ptcorr_50to100_EE": 301.913106739521
  },
  "JetEn_Down": {
    "ptcorr_10to15_EB1": 183.57189837098122,
    "ptcorr_10to15_EB2": 96.98498522490263,
    "ptcorr_10to15_EE": 106.90006183087826,
    "ptcorr_15to20_EB1": 196.86464937776327,
    "ptcorr_15to20_EB2": 105.34866814315319,
    "ptcorr_15to20_EE": 128.2642798051238,
    "ptcorr_20to25_EB1": 207.37399987876415,
    "ptcorr_20to25_EB2": 150.45816407352686,
    "ptcorr_20to25_EE": 142.373082973063,
    "ptcorr_25to35_EB1": 478.8796477243304,
    "ptcorr_25to35_EB2": 284.5211989507079,
    "ptcorr_25to35_EE": 255.19661857932806,
    "ptcorr_35to50_EB1": 674.9461670815945,