{
  "Central": {
    "ptcorr_10to15_EB1": 7.738521023886278,
    "ptcorr_10to15_EB2": 3.8454553426709026,
    "ptcorr_10to15_EE": 4.5111895888112485,
    "ptcorr_15to20_EB1": 11.942565031116828,
    "ptcorr_15to20_EB2": 6.258465739665553,
    "ptcorr_15to20_EE": 6.940024768700823,
    "ptcorr_20to25_EB1": 16.481604399625212,
    "ptcorr_20to25_EB2": 8.738185292808339,
    "ptcorr_20to25_EE": 7.392945127561688,
    "ptcorr_25to35_EB1": 36.75291814026423,
    "ptcorr_25to35_EB2": 21.541914167813957,
    "ptcorr_25to35_EE": 14.925080934772268,
    "ptcorr_35to50_EB1": 50.118418861879036,
    "ptcorr_35to50_EB2": 27.240834488300607,
    "ptcorr_35to50_EE": 17.740732827456668,
    "ptcorr_50to100_EB1": 66.45657547190785,
    "ptcorr_50to100_EB2": 38.339345041429624,
    "ptcorr_50to100_EE": 21.321291387081146
  },
  "MotherJetPt_Up": {
    "ptcorr_10to15_EB1": 4.345539691159502,
    "ptcorr_10to15_EB2": 2.405460869660601,
    "ptcorr_10to15_EE": 2.3029442650731653,
    "ptcorr_15to20_EB1": 6.734088679077104,
    "ptcorr_15to20_EB2": 3.648133560549468,
    "ptcorr_15to20_EE": 4.018504321342334,
    "ptcorr_20to25_EB1": 8.98573427903466,
    "ptcorr_20to25_EB2": 4.752896013436839,
    "ptcorr_20to25_EE": 4.274469966534525,
    "ptcorr_25to35_EB1": 21.333715051645413,
    "ptcorr_25to35_EB2": 12.56554960203357,
    "ptcorr_25to35_EE": 8.787647837540135,
    "ptcorr_35to50_EB1": 31.854680304415524,
    "ptcorr_35to50_EB2": 17.301194688072428,
    "ptcorr_35to50_EE": 11.880961679620668,
    "ptcorr_50to100_EB1": 50.4104972940404,
    "ptcorr_50to100_EB2": 29.409512419253588,
    "ptcorr_50to100_EE": 15.893806267529726
  },
  "MotherJetPt_Down": {
    "ptcorr_10to15_EB1": 9.589332329574972,
    "ptcorr_10to15_EB2": 4.876929821213707,
    "ptcorr_10to15_EE": 5.372634513769299,
    "ptcorr_15to20_EB1": 14.733793007442728,
    "ptcorr_15to20_EB2": 7.49609688250348,
    "ptcorr_15to20_EE": 8.431742191314697,
    "ptcorr_20to25_EB1": 19.950848154257983,
    "ptcorr_20to25_EB2": 10.814678966300562,
    "ptcorr_20to25_EE": 8.915164910722524,
    "ptcorr_25to35_EB1": 43.044164980063215,
    "ptcorr_25to35_EB2": 24.61101942649111,
    "ptcorr_25to35_EE": 17.269706778926775,
    "ptcorr_35to50_EB1": 56.04959885426797,
    "ptcorr_35to50_EB2": 30.633218214148656,
    "ptcorr_35to50_EE": 20.113950688857585,
    "ptcorr_50to100_EB1": 71.76636203750968,
    "ptcorr_50to100_EB2": 41.37273811129853,
    "ptcorr_50to100_EE": 23.137963785091415
  },
  "RequireHeavyTag": {
    "ptcorr_10to15_EB1": 4.460043641040102,
    "ptcorr_10to15_EB2": 2.3510070461779833,
    "ptcorr_10to15_EE": 2.8275083194021136,
    "ptcorr_15to20_EB1": 7.7378572730813175,
    "ptcorr_15to20_EB2": 3.7771108055021614,
    "ptcorr_15to20_EE": 4.645960766123608,
    "ptcorr_20to25_EB1": 10.40244201105088,
    "ptcorr_20to25_EB2": 5.22719143750146,
    "ptcorr_20to25_EE": 4.807184947654605,
    "ptcorr_25to35_EB1": 23.38786309515126,
    "ptcorr_25to35_EB2": 13.711762281600386,
    "ptcorr_25to35_EE": 9.52370832185261,
    "ptcorr_35to50_EB1": 32.92582283029333,
    "ptcorr_35to50_EB2": 18.14895020495169,
    "ptcorr_35to50_EE": 11.090581788448617,
    "ptcorr_50to100_EB1": 42.632755156140774,
    "ptcorr_50to100_EB2": 24.864642709493637,
    "ptcorr_50to100_EE": 13.024636041605845
  },
  "L1Prefire_Up": {
    "ptcorr_10to15_EB1": 7.738521023886278,
    "ptcorr_10to15_EB2": 3.8454553426709026,
    "ptcorr_10to15_EE": 4.5111895888112485,
    "ptcorr_15to20_EB1": 11.942565031116828,
    "ptcorr_15to20_EB2": 6.258465739665553,
    "ptcorr_15to20_EE": 6.940024768700823,
    "ptcorr_20to25_EB1": 16.481604399625212,
    "ptcorr_20to25_EB2": 8.738185292808339,
    "ptcorr_20to25_EE": 7.392945127561688,
    "ptcorr_25to35_EB1": 36.75291814026423,
    "ptcorr_25to35_EB2": 21.541914167813957,
    "ptcorr_25to35_EE": 14.925080934772268,
    "ptcorr_35to50_EB1": 50.118418861879036,
    "ptcorr_35to50_EB2": 27.240834488300607,
    "ptcorr_35to50_EE": 17.740732827456668,
    "ptcorr_50to100_EB1": 66.45657547190785,
    "ptcorr_50to100_EB2": 38.339345041429624,
    "ptcorr_50to100_EE": 21.321291387081146
  },
  "L1Prefire_Down": {
    "ptcorr_10to15_EB1": 7.738521023886278,
    "ptcorr_10to15_EB2": 3.8454553426709026,
    "ptcorr_10to15_EE": 4.5111895888112485,
    "ptcorr_15to20_EB1": 11.942565031116828,
    "ptcorr_15to20_EB2": 6.258465739665553,
    "ptcorr_15to20_EE": 6.940024768700823,
    "ptcorr_20to25_EB1": 16.481604399625212,
    "ptcorr_20to25_EB2": 8.738185292808339,
    "ptcorr_20to25_EE": 7.392945127561688,
    "ptcorr_25to35_EB1": 36.75291814026423,
    "ptcorr_25to35_EB2": 21.541914167813957,
    "ptcorr_25to35_EE": 14.925080934772268,
    "ptcorr_35to50_EB1": 50.118418861879036,
    "ptcorr_35to50_EB2": 27.240834488300607,
    "ptcorr_35to50_EE": 17.740732827456668,
    "ptcorr_50to100_EB1": 66.45657547190785,
    "ptcorr_50to100_EB2": 38.339345041429624,
    "ptcorr_50to100_EE": 21.321291387081146
  },
  "PileupReweight_Up": {
    "ptcorr_10to15_EB1": 7.532630959060043,
    "ptcorr_10to15_EB2": 3.706939200288616,
    "ptcorr_10to15_EE": 4.477777728810906,
    "ptcorr_15to20_EB1": 11.795193890226074,
    "ptcorr_15to20_EB2": 6.025131228379905,
    "ptcorr_15to20_EE": 6.837727613863535,
    "ptcorr_20to25_EB1": 16.107486251508817,
    "ptcorr_20to25_EB2": 8.876269657630473,
    "ptcorr_20to25_EE": 7.362895828671753,
    "ptcorr_25to35_EB1": 36.19748282292858,
    "ptcorr_25to35_EB2": 21.116506199236028,
    "ptcorr_25to35_EE": 14.785165189765394,
    "ptcorr_35to50_EB1": 50.196757486090064,
    "ptcorr_35to50_EB2": 26.834863140597008,
    "ptcorr_35to50_EE": 17.069791755639017,
    "ptcorr_50to100_EB1": 65.75779228191823,
    "ptcorr_50to100_EB2": 37.96275641664397,
    "ptcorr_50to100_EE": 21.08716057194397
  },
  "PileupReweight_Down": {
    "ptcorr_10to15_EB1": 7.838560736272484,
    "ptcorr_10to15_EB2": 4.011030612047762,
    "ptcorr_10to15_EE": 4.540203635115176,
    "ptcorr_15to20_EB1": 12.107587405014783,
    "ptcorr_15to20_EB2": 6.403947725659236,
    "ptcorr_15to20_EE": 7.053884689928964,
    "ptcorr_20to25_EB1": 16.652710157912225,
    "ptcorr_20to25_EB2": 8.638900785241276,
    "ptcorr_20to25_EE": 7.398200825322419,
    "ptcorr_25to35_EB1": 37.029214278794825,
    "ptcorr_25to35_EB2": 21.796217440627515,
    "ptcorr_25to35_EE": 15.152245771605521,
    "ptcorr_35to50_EB1": 50.14517313428223,
    "ptcorr_35to50_EB2": 27.654162527062,
    "ptcorr_35to50_EE": 18.264449670678005,
    "ptcorr_50to100_EB1": 67.36943259695545,
    "ptcorr_50to100_EB2": 38.728125121444464,
    "ptcorr_50to100_EE": 21.49414945859462
  },
  "JetEn_Up": {
    "ptcorr_10to15_EB1": 7.66808020696044,
    "ptcorr_10to15_EB2": 3.826896144542843,
    "ptcorr_10to15_EE": 4.254448537481949,
    "ptcorr_15to20_EB1": 11.281110298354179,
    "ptcorr_15to20_EB2": 6.154002612456679,
    "ptcorr_15to20_EE": 6.525041628628969,
    "ptcorr_20to25_EB1": 15.80913856276311,
    "ptcorr_20to25_EB2": 8.379049201961607,
    "ptcorr_20to25_EE": 7.25270384317264,
    "ptcorr_25to35_EB1": 35.571625728858635,
    "ptcorr_25to35_EB2": 20.46644849446602,
    "ptcorr_25to35_EE": 14.44979657814838,
    "ptcorr_35to50_EB1": 48.16635145805776,
    "ptcorr_35to50_EB2": 26.165299275657162,
    "ptcorr_35to50_EE": 17.211124625988305,
    "ptcorr_50to100_EB1": 63.877975940937176,
    "ptcorr_50to100_EB2": 36.39896048605442,
    "ptcorr_50to100_EE": 20.36269442527555
  },
  "JetEn_Down": {
    "ptcorr_10to15_EB1": 8.102269820403308,
    "ptcorr_10to15_EB2": 4.004679097793996,
    "ptcorr_10to15_EE": 4.569892199942842,
    "ptcorr_15to20_EB1": 12.230108484160155,
    "ptcorr_15to20_EB2": 6.400728937704116,
    "ptcorr_15to20_EE": 7.652756481431425,
    "ptcorr_20to25_EB1": 16.26320649497211,
    "ptcorr_20to25_EB2": 8.82530028745532,
    "ptcorr_20to25_EE": 7.477844983804971,
    "ptcorr_25to35_EB1": 37.59942499711178,
    "ptcorr_25to35_EB2": 21.906386657152325,
    "ptcorr_25to35_EE": 15.821066638221964,
    "ptcorr_35to50_EB1": 52.81386414007284,