{
  "Central": {
    "ptcorr_10to15_EB1": 461.669818662107,
    "ptcorr_10to15_EB2": 218.57357623428106,
    "ptcorr_10to15_EE": 225.8166655227542,
    "ptcorr_15to20_EB1": 372.3777762427926,
    "ptcorr_15to20_EB2": 202.34287746995687,
    "ptcorr_15to20_EE": 223.16511998325586,
    "ptcorr_20to25_EB1": 337.51651856303215,
    "ptcorr_20to25_EB2": 227.36017946898937,
    "ptcorr_20to25_EE": 220.19697678089142,
    "ptcorr_25to35_EB1": 645.1776156127453,
    "ptcorr_25to35_EB2": 395.4612417668104,
    "ptcorr_25to35_EE": 346.922600351274,
    "ptcorr_35to50_EB1": 756.7850060909986,
    "ptcorr_35to50_EB2": 464.7393434047699,
    "ptcorr_35to50_EE": 374.7067000642419,
    "ptcorr_50to100_EB1": 945.4695064425468,
    "ptcorr_50to100_EB2": 611.2999364733696,
    "ptcorr_50to100_EE": 387.8074690774083
  },
  "MotherJetPt_Up": {
    "ptcorr_10to15_EB1": 318.7715959623456,
    "ptcorr_10to15_EB2": 149.31638149172068,
    "ptcorr_10to15_EE": 156.49258586019278,
    "ptcorr_15to20_EB1": 257.79676773399115,
    "ptcorr_15to20_EB2": 129.1143989339471,
    "ptcorr_15to20_EE": 149.81471741199493,
    "ptcorr_20to25_EB1": 243.94513723999262,
    "ptcorr_20to25_EB2": 150.85628600418568,
    "ptcorr_20to25_EE": 147.80045035481453,
    "ptcorr_25to35_EB1": 436.04609314352274,
    "ptcorr_25to35_EB2": 270.2847341671586,
    "ptcorr_25to35_EE": 219.5422178953886,
    "ptcorr_35to50_EB1": 515.7902444452047,
    "ptcorr_35to50_EB2": 342.50813759863377,
    "ptcorr_35to50_EE": 254.7812228128314,
    "ptcorr_50to100_EB1": 694.5484894439578,
    "ptcorr_50to100_EB2": 440.31451811641455,
    "ptcorr_50to100_EE": 269.7642533555627
  },
  "MotherJetPt_Down": {
    "ptcorr_10to15_EB1": 506.38117480278015,
    "ptcorr_10to15_EB2": 243.63663636147976,
    "ptcorr_10to15_EE": 250.64113442599773,
    "ptcorr_15to20_EB1": 414.480017401278,
    "ptcorr_15to20_EB2": 224.09639817476273,
    "ptcorr_15to20_EE": 254.31001387536526,
    "ptcorr_20to25_EB1": 373.2402506098151,
    "ptcorr_20to25_EB2": 250.4474789276719,
    "ptcorr_20to25_EE": 245.07549112290144,
    "ptcorr_25to35_EB1": 711.7577489838004,
    "ptcorr_25to35_EB2": 439.7279671803117,
    "ptcorr_25to35_EE": 392.3504651039839,
    "ptcorr_35to50_EB1": 835.282493583858,
    "ptcorr_35to50_EB2": 516.6917933151126,
    "ptcorr_35to50_EE": 428.57024573534727,
    "ptcorr_50to100_EB1": 1023.2087390720844,
    "ptcorr_50to100_EB2": 668.5560934022069,
    "ptcorr_50to100_EE": 437.79928590357304
  },
  "RequireHeavyTag": {
    "ptcorr_10to15_EB1": 213.6256260573864,
    "ptcorr_10to15_EB2": 106.06401617079973,
    "ptcorr_10to15_EE": 116.92421506345272,
    "ptcorr_15to20_EB1": 199.32995932549238,
    "ptcorr_15to20_EB2": 114.93937209993601,
    "ptcorr_15to20_EE": 127.97793164849281,
    "ptcorr_20to25_EB1": 190.4663883075118,
    "ptcorr_20to25_EB2": 130.90133023262024,
    "ptcorr_20to25_EE": 130.66075778007507,
    "ptcorr_25to35_EB1": 408.521830573678,
    "ptcorr_25to35_EB2": 245.39722422510386,
    "ptcorr_25to35_EE": 217.4104314595461,
    "ptcorr_35to50_EB1": 522.4014078676701,
    "ptcorr_35to50_EB2": 301.9699286147952,
    "ptcorr_35to50_EE": 248.715645827353,
    "ptcorr_50to100_EB1": 620.0566395223141,
    "ptcorr_50to100_EB2": 407.7638231292367,
    "ptcorr_50to100_EE": 242.60908848047256
  },
  "L1Prefire_Up": {
    "ptcorr_10to15_EB1": 461.669818662107,
    "ptcorr_10to15_EB2": 218.57357623428106,
    "ptcorr_10to15_EE": 225.8166655227542,
    "ptcorr_15to20_EB1": 372.3777762427926,
    "ptcorr_15to20_EB2": 202.34287746995687,
    "ptcorr_15to20_EE": 223.16511998325586,
    "ptcorr_20to25_EB1": 337.51651856303215,
    "ptcorr_20to25_EB2": 227.36017946898937,
    "ptcorr_20to25_EE": 220.19697678089142,
    "ptcorr_25to35_EB1": 645.1776156127453,
    "ptcorr_25to35_EB2": 395.4612417668104,
    "ptcorr_25to35_EE": 346.922600351274,
    "ptcorr_35to50_EB1": 756.7850060909986,
    "ptcorr_35to50_EB2": 464.7393434047699,
    "ptcorr_35to50_EE": 374.7067000642419,
    "ptcorr_50to100_EB1": 945.4695064425468,
    "ptcorr_50to100_EB2": 611.2999364733696,
    "ptcorr_50to100_EE": 387.8074690774083
  },
  "L1Prefire_Down": {
    "ptcorr_10to15_EB1": 461.669818662107,
    "ptcorr_10to15_EB2": 218.57357623428106,
    "ptcorr_10to15_EE": 225.8166655227542,
    "ptcorr_15to20_EB1": 372.3777762427926,
    "ptcorr_15to20_EB2": 202.34287746995687,
    "ptcorr_15to20_EE": 223.16511998325586,
    "ptcorr_20to25_EB1": 337.51651856303215,
    "ptcorr_20to25_EB2": 227.36017946898937,
    "ptcorr_20to25_EE": 220.19697678089142,
    "ptcorr_25to35_EB1": 645.1776156127453,
    "ptcorr_25to35_EB2": 395.4612417668104,
    "ptcorr_25to35_EE": 346.922600351274,
    "ptcorr_35to50_EB1": 756.7850060909986,
    "ptcorr_35to50_EB2": 464.7393434047699,
    "ptcorr_35to50_EE": 374.7067000642419,
    "ptcorr_50to100_EB1": 945.4695064425468,
    "ptcorr_50to100_EB2": 611.2999364733696,
    "ptcorr_50to100_EE": 387.8074690774083
  },
  "PileupReweight_Up": {
    "ptcorr_10to15_EB1": 453.23378586769104,
    "ptcorr_10to15_EB2": 213.48766297474504,
    "ptcorr_10to15_EE": 217.8934035152197,
    "ptcorr_15to20_EB1": 370.46128522604704,
    "ptcorr_15to20_EB2": 195.750331684947,
    "ptcorr_15to20_EE": 216.82354349642992,
    "ptcorr_20to25_EB1": 342.2534190826118,
    "ptcorr_20to25_EB2": 223.87251008674502,
    "ptcorr_20to25_EE": 220.92000713944435,
    "ptcorr_25to35_EB1": 639.9293822422624,
    "ptcorr_25to35_EB2": 392.6785653233528,
    "ptcorr_25to35_EE": 341.02170930057764,
    "ptcorr_35to50_EB1": 756.8165708817542,
    "ptcorr_35to50_EB2": 457.0021257959306,
    "ptcorr_35to50_EE": 375.9950568601489,
    "ptcorr_50to100_EB1": 945.4689043723047,
    "ptcorr_50to100_EB2": 604.8457351028919,
    "ptcorr_50to100_EE": 382.63791647553444
  },
  "PileupReweight_Down": {
    "ptcorr_10to15_EB1": 470.14520447701216,
    "ptcorr_10to15_EB2": 224.5800547003746,
    "ptcorr_10to15_EE": 234.42958710342646,
    "ptcorr_15to20_EB1": 380.97772251814604,
    "ptcorr_15to20_EB2": 209.10568338632584,
    "ptcorr_15to20_EE": 231.63297586888075,
    "ptcorr_20to25_EB1": 340.01509396731853,
    "ptcorr_20to25_EB2": 229.99238466471434,
    "ptcorr_20to25_EE": 218.71967478841543,
    "ptcorr_25to35_EB1": 654.2767100259662,
    "ptcorr_25to35_EB2": 396.62906884402037,
    "ptcorr_25to35_EE": 353.75301373004913,
    "ptcorr_35to50_EB1": 754.1761441603303,
    "ptcorr_35to50_EB2": 468.5664531365037,
    "ptcorr_35to50_EE": 374.6640601679683,
    "ptcorr_50to100_EB1": 949.7004878073931,
    "ptcorr_50to100_EB2": 617.5246309936047,
    "ptcorr_50to100_EE": 389.81084483116865
  },
  "JetEn_Up": {
    "ptcorr_10to15_EB1": 436.111782386899,
    "ptcorr_10to15_EB2": 209.8363193050027,
    "ptcorr_10to15_EE": 217.16232079267502,
    "ptcorr_15to20_EB1": 361.71724770218134,
    "ptcorr_15to20_EB2": 195.27295887470245,
    "ptcorr_15to20_EE": 219.93425054848194,
    "ptcorr_20to25_EB1": 328.6848921328783,
    "ptcorr_20to25_EB2": 201.71631180495024,
    "ptcorr_20to25_EE": 199.82556940615177,
    "ptcorr_25to35_EB1": 598.9356006383896,
    "ptcorr_25to35_EB2": 370.4932495877147,
    "ptcorr_25to35_EE": 337.9738762304187,
    "ptcorr_35to50_EB1": 731.5761521980166,
    "ptcorr_35to50_EB2": 438.1602720171213,
    "ptcorr_35to50_EE": 366.9391958042979,
    "ptcorr_50to100_EB1": 883.0928893387318,
    "ptcorr_50to100_EB2": 563.1186153590679,
    "ptcorr_50to100_EE": 369.61542531102896
  },
  "JetEn_Down": {
    "ptcorr_10to15_EB1": 476.02230267226696,
    "ptcorr_10to15_EB2": 223.2820292636752,
    "ptcorr_10to15_EE": 230.32152245938778,
    "ptcorr_15to20_EB1": 378.1169089227915,
    "ptcorr_15to20_EB2": 207.14273994415998,
    "ptcorr_15to20_EE": 238.44385804980993,
    "ptcorr_20to25_EB1": 344.080153606832,
    "ptcorr_20to25_EB2": 243.31732231378555,
    "ptcorr_20to25_EE": 232.0095088928938,
    "ptcorr_25to35_EB1": 668.3179854676127,
    "ptcorr_25to35_EB2": 415.2196595594287,
    "ptcorr_25to35_EE": 370.41586945205927,
    "ptcorr_35to50_EB1": 798.332560479641,