{
  "Central": {
    "ptcorr_10to15_EB1": 1021.3631968530826,
    "ptcorr_10to15_EB2": 509.8377310517244,
    "ptcorr_10to15_EE": 539.4736083187163,
    "ptcorr_15to20_EB1": 1482.3732334286906,
    "ptcorr_15to20_EB2": 794.7642016196623,
    "ptcorr_15to20_EE": 777.7936689322814,
    "ptcorr_20to25_EB1": 1813.3495964198373,
    "ptcorr_20to25_EB2": 1034.8367794938385,
    "ptcorr_20to25_EE": 901.6567020537332,
    "ptcorr_25to35_EB1": 4283.033024867531,
    "ptcorr_25to35_EB2": 2452.992515506223,
    "ptcorr_25to35_EE": 1859.7462635501288,
    "ptcorr_35to50_EB1": 6486.657913175877,
    "ptcorr_35to50_EB2": 3708.2882015095092,
    "ptcorr_35to50_EE": 2447.50925899297,
    "ptcorr_50to100_EB1": 11914.99069784442,
    "ptcorr_50to100_EB2": 6780.676109889522,
    "ptcorr_50to100_EE": 3856.979953620583
  },
  "MotherJetPt_Up": {
    "ptcorr_10to15_EB1": 860.5400926619768,
    "ptcorr_10to15_EB2": 434.43379706935957,
    "ptcorr_10to15_EE": 460.0677025071345,
    "ptcorr_15to20_EB1": 1252.752735386137,
    "ptcorr_15to20_EB2": 677.0182331698015,
    "ptcorr_15to20_EE": 658.7975561497733,
    "ptcorr_20to25_EB1": 1541.2986434902996,
    "ptcorr_20to25_EB2": 876.6169534982182,
    "ptcorr_20to25_EE": 767.380490268115,
    "ptcorr_25to35_EB1": 3656.16841803398,
    "ptcorr_25to35_EB2": 2090.9556170157157,
    "ptcorr_25to35_EE": 1586.0341547159478,
    "ptcorr_35to50_EB1": 5632.630918329116,
    "ptcorr_35to50_EB2": 3209.895865552593,
    "ptcorr_35to50_EE": 2098.7367511284538,
    "ptcorr_50to100_EB1": 10549.942215376534,
    "ptcorr_50to100_EB2": 5964.69378692843,
    "ptcorr_50to100_EE": 3343.5766428797506
  },
  "MotherJetPt_Down": {
    "ptcorr_10to15_EB1": 1051.7000098223798,
    "ptcorr_10to15_EB2": 524.5109869134612,
    "ptcorr_10to15_EE": 552.6798307946883,
    "ptcorr_15to20_EB1": 1524.5134308328852,
    "ptcorr_15to20_EB2": 815.7570919552818,
    "ptcorr_15to20_EE": 797.8693686295301,
    "ptcorr_20to25_EB1": 1858.8673716937192,
    "ptcorr_20to25_EB2": 1061.0732054705732,
    "ptcorr_20to25_EE": 925.6620539454743,
    "ptcorr_25to35_EB1": 4380.742760327645,
    "ptcorr_25to35_EB2": 2511.162119112909,
    "ptcorr_25to35_EE": 1903.5735239386559,
    "ptcorr_35to50_EB1": 6622.073562964797,
    "ptcorr_35to50_EB2": 3789.0108595117927,
    "ptcorr_35to50_EE": 2513.291176763829,
    "ptcorr_50to100_EB1": 12148.485753920395,
    "ptcorr_50to100_EB2": 6928.376186947338,
    "ptcorr_50to100_EE": 3965.3333067120984
  },
  "RequireHeavyTag": {
    "ptcorr_10to15_EB1": 752.0276437653229,
    "ptcorr_10to15_EB2": 381.3778456002474,
    "ptcorr_10to15_EE": 409.41498650284484,
    "ptcorr_15to20_EB1": 1097.8140101507306,
    "ptcorr_15to20_EB2": 594.8188015930355,
    "ptcorr_15to20_EE": 585.36914682528,
    "ptcorr_20to25_EB1": 1352.0227640108205,
    "ptcorr_20to25_EB2": 763.7911552018486,
    "ptcorr_20to25_EE": 668.3376170075499,
    "ptcorr_25to35_EB1": 3197.5990251018666,
    "ptcorr_25to35_EB2": 1813.3272804142907,
    "ptcorr_25to35_EE": 1335.4035119325854,
    "ptcorr_35to50_EB1": 4785.194466318935,
    "ptcorr_35to50_EB2": 2698.325316760689,
    "ptcorr_35to50_EE": 1700.1431588428095,
    "ptcorr_50to100_EB1": 8394.666927138343,
    "ptcorr_50to100_EB2": 4686.598524999339,
    "ptcorr_50to100_EE": 2502.7233900642022
  },
  "L1Prefire_Up": {
    "ptcorr_10to15_EB1": 1021.3631968530826,
    "ptcorr_10to15_EB2": 509.8377310517244,
    "ptcorr_10to15_EE": 539.4736083187163,
    "ptcorr_15to20_EB1": 1482.3732334286906,
    "ptcorr_15to20_EB2": 794.7642016196623,
    "ptcorr_15to20_EE": 777.7936689322814,
    "ptcorr_20to25_EB1": 1813.3495964198373,
    "ptcorr_20to25_EB2": 1034.8367794938385,
    "ptcorr_20to25_EE": 901.6567020537332,
    "ptcorr_25to35_EB1": 4283.033024867531,
    "ptcorr_25to35_EB2": 2452.992515506223,
    "ptcorr_25to35_EE": 1859.7462635501288,
    "ptcorr_35to50_EB1": 6486.657913175877,
    "ptcorr_35to50_EB2": 3708.2882015095092,
    "ptcorr_35to50_EE": 2447.50925899297,
    "ptcorr_50to100_EB1": 11914.99069784442,
    "ptcorr_50to100_EB2": 6780.676109889522,
    "ptcorr_50to100_EE": 3856.979953620583
  },
  "L1Prefire_Down": {
    "ptcorr_10to15_EB1": 1021.3631968530826,
    "ptcorr_10to15_EB2": 509.8377310517244,
    "ptcorr_10to15_EE": 539.4736083187163,
    "ptcorr_15to20_EB1": 1482.3732334286906,
    "ptcorr_15to20_EB2": 794.7642016196623,
    "ptcorr_15to20_EE": 777.7936689322814,
    "ptcorr_20to25_EB1": 1813.3495964198373,
    "ptcorr_20to25_EB2": 1034.8367794938385,
    "ptcorr_20to25_EE": 901.6567020537332,
    "ptcorr_25to35_EB1": 4283.033024867531,
    "ptcorr_25to35_EB2": 2452.992515506223,
    "ptcorr_25to35_EE": 1859.7462635501288,
    "ptcorr_35to50_EB1": 6486.657913175877,
    "ptcorr_35to50_EB2": 3708.2882015095092,
    "ptcorr_35to50_EE": 2447.50925899297,
    "ptcorr_50to100_EB1": 11914.99069784442,
    "ptcorr_50to100_EB2": 6780.676109889522,
    "ptcorr_50to100_EE": 3856.979953620583
  },
  "PileupReweight_Up": {
    "ptcorr_10to15_EB1": 1008.637018606998,
    "ptcorr_10to15_EB2": 495.66856297431514,
    "ptcorr_10to15_EE": 520.6044874745421,
    "ptcorr_15to20_EB1": 1475.7491902667098,
    "ptcorr_15to20_EB2": 783.2874054466374,
    "ptcorr_15to20_EE": 755.4780732952058,
    "ptcorr_20to25_EB1": 1799.477371480316,
    "ptcorr_20to25_EB2": 1021.9255234170705,
    "ptcorr_20to25_EE": 886.3594151106663,
    "ptcorr_25to35_EB1": 4258.340669656638,
    "ptcorr_25to35_EB2": 2434.1167888012715,
    "ptcorr_25to35_EE": 1824.2524374402128,
    "ptcorr_35to50_EB1": 6439.462917437311,
    "ptcorr_35to50_EB2": 3673.3905447511934,
    "ptcorr_35to50_EE": 2407.45694449218,
    "ptcorr_50to100_EB1": 11784.896041676402,
    "ptcorr_50to100_EB2": 6690.11918277666,
    "ptcorr_50to100_EE": 3796.949304569047
  },
  "PileupReweight_Down": {
    "ptcorr_10to15_EB1": 1035.193531963043,
    "ptcorr_10to15_EB2": 523.0102112498134,
    "ptcorr_10to15_EE": 559.192749359645,
    "ptcorr_15to20_EB1": 1492.24382011313,
    "ptcorr_15to20_EB2": 806.0892860051244,
    "ptcorr_15to20_EE": 798.856602546759,
    "ptcorr_20to25_EB1": 1828.5234606657177,
    "ptcorr_20to25_EB2": 1047.368545345962,
    "ptcorr_20to25_EE": 918.4739215560257,
    "ptcorr_25to35_EB1": 4307.856760621071,
    "ptcorr_25to35_EB2": 2472.0702123828232,
    "ptcorr_25to35_EE": 1891.3910183785483,
    "ptcorr_35to50_EB1": 6528.783264529891,
    "ptcorr_35to50_EB2": 3742.306862967089,
    "ptcorr_35to50_EE": 2487.291467435658,
    "ptcorr_50to100_EB1": 12040.405453747138,
    "ptcorr_50to100_EB2": 6867.519570367411,
    "ptcorr_50to100_EE": 3920.455114575103
  },
  "JetEn_Up": {
    "ptcorr_10to15_EB1": 953.1597383557819,
    "ptcorr_10to15_EB2": 477.122221076861,
    "ptcorr_10to15_EE": 505.9914135457948,
    "ptcorr_15to20_EB1": 1383.2878112504259,
    "ptcorr_15to20_EB2": 746.4267192599364,
    "ptcorr_15to20_EE": 728.1733293081634,
    "ptcorr_20to25_EB1": 1692.477446550969,
    "ptcorr_20to25_EB2": 965.0853511048481,
    "ptcorr_20to25_EE": 848.7636325689964,
    "ptcorr_25to35_EB1": 3984.975361941848,
    "ptcorr_25to35_EB2": 2278.5811652177945,
    "ptcorr_25to35_EE": 1742.473223184701,
    "ptcorr_35to50_EB1": 6040.362160732504,
    "ptcorr_35to50_EB2": 3438.5283838016912,
    "ptcorr_35to50_EE": 2289.7678891140968,
    "ptcorr_50to100_EB1": 11179.977248313837,
    "ptcorr_50to100_EB2": 6333.368499754462,
    "ptcorr_50to100_EE": 3645.0336273801513
  },
  "JetEn_Down": {
    "ptcorr_10to15_EB1": 1099.1512307645753,
    "ptcorr_10to15_EB2": 544.8009412297979,
    "ptcorr_10to15_EE": 574.422431721352,
    "ptcorr_15to20_EB1": 1581.386330211535,
    "ptcorr_15to20_EB2": 850.68859985983,
    "ptcorr_15to20_EE": 825.2757420423441,
    "ptcorr_20to25_EB1": 1950.5952967735939,
    "ptcorr_20to25_EB2": 1110.2406962430105,
    "ptcorr_20to25_EE": 970.984384927433,
    "ptcorr_25to35_EB1": 4603.322659823578,
    "ptcorr_25to35_EB2": 2639.3032707967795,
    "ptcorr_25to35_EE": 1997.876688290853,
    "ptcorr_35to50_EB1": 6955.086012488697,