{
  "Central": {
    "ptcorr_10to15_EB1": 77.2493121996522,
    "ptcorr_10to15_EB2": 32.71600037254393,
    "ptcorr_10to15_EE": 32.67656292580068,
    "ptcorr_15to20_EB1": 72.56686669401824,
    "ptcorr_15to20_EB2": 39.234927624464035,
    "ptcorr_15to20_EE": 42.02121158502996,
    "ptcorr_20to25_EB1": 55.853156670928,
    "ptcorr_20to25_EB2": 32.028339905664325,
    "ptcorr_20to25_EE": 38.92363497056067,
    "ptcorr_25to35_EB1": 100.5836355946958,
    "ptcorr_25to35_EB2": 67.67700115963817,
    "ptcorr_25to35_EE": 74.30087669938803,
    "ptcorr_35to50_EB1": 106.53496740572155,
    "ptcorr_35to50_EB2": 77.11443732492626,
    "ptcorr_35to50_EE": 86.60679305717349,
    "ptcorr_50to100_EB1": 115.87031915038824,
    "ptcorr_50to100_EB2": 84.11736291833222,
    "ptcorr_50to100_EE": 93.86242105066776
  },
  "MotherJetPt_Up": {
    "ptcorr_10to15_EB1": 36.29433597251773,
    "ptcorr_10to15_EB2": 15.136959433555603,
    "ptcorr_10to15_EE": 16.20908395946026,
    "ptcorr_15to20_EB1": 36.06936107762158,
    "ptcorr_15to20_EB2": 19.81731251999736,
    "ptcorr_15to20_EE": 20.823496110737324,
    "ptcorr_20to25_EB1": 27.586723912507296,
    "ptcorr_20to25_EB2": 16.43244766816497,
    "ptcorr_20to25_EE": 19.583572313189507,
    "ptcorr_25to35_EB1": 56.582416228950024,
    "ptcorr_25to35_EB2": 36.67581618018448,
    "ptcorr_25to35_EE": 43.62513439543545,
    "ptcorr_35to50_EB1": 56.252416562289,
    "ptcorr_35to50_EB2": 45.42607388459146,
    "ptcorr_35to50_EE": 55.24307216703892,
    "ptcorr_50to100_EB1": 76.0901487339288,
    "ptcorr_50to100_EB2": 56.53421379253268,
    "ptcorr_50to100_EE": 64.6765258833766
  },
  "MotherJetPt_Down": {
    "ptcorr_10to15_EB1": 93.8173373285681,
    "ptcorr_10to15_EB2": 40.568163868039846,
    "ptcorr_10to15_EE": 41.131466479972005,
    "ptcorr_15to20_EB1": 88.0454282630235,
    "ptcorr_15to20_EB2": 48.49688412994146,
    "ptcorr_15to20_EE": 49.322314362972975,
    "ptcorr_20to25_EB1": 66.25964792072773,
    "ptcorr_20to25_EB2": 38.15801177546382,
    "ptcorr_20to25_EE": 47.299377135932446,
    "ptcorr_25to35_EB1": 115.15859958529472,
    "ptcorr_25to35_EB2": 77.39165170304477,
    "ptcorr_25to35_EE": 84.9802455380559,
    "ptcorr_35to50_EB1": 118.80559264682233,
    "ptcorr_35to50_EB2": 85.45164847746491,
    "ptcorr_35to50_EE": 99.09669754095376,
    "ptcorr_50to100_EB1": 127.6008813213557,
    "ptcorr_50to100_EB2": 92.41759025119245,
    "ptcorr_50to100_EE": 102.03391953930259
  },
  "RequireHeavyTag": {
    "ptcorr_10to15_EB1": 18.530890692025423,
    "ptcorr_10to15_EB2": 6.668888965621591,
    "ptcorr_10to15_EE": 5.839736130088568,
    "ptcorr_15to20_EB1": 12.168247299268842,
    "ptcorr_15to20_EB2": 9.02231034450233,
    "ptcorr_15to20_EE": 7.133032055571675,
    "ptcorr_20to25_EB1": 8.57446620054543,
    "ptcorr_20to25_EB2": 4.795614793896675,
    "ptcorr_20to25_EE": 6.9383029248565435,
    "ptcorr_25to35_EB1": 12.82399794086814,
    "ptcorr_25to35_EB2": 10.004870988428593,
    "ptcorr_25to35_EE": 10.722202029079199,
    "ptcorr_35to50_EB1": 13.656311139464378,
    "ptcorr_35to50_EB2": 7.716381900012493,
    "ptcorr_35to50_EE": 11.357654213905334,
    "ptcorr_50to100_EB1": 15.610765848308802,
    "ptcorr_50to100_EB2": 12.017113400623202,
    "ptcorr_50to100_EE": 14.271011792123318
  },
  "L1Prefire_Up": {
    "ptcorr_10to15_EB1": 77.2493121996522,
    "ptcorr_10to15_EB2": 32.71600037254393,
    "ptcorr_10to15_EE": 32.67656292580068,
    "ptcorr_15to20_EB1": 72.56686669401824,
    "ptcorr_15to20_EB2": 39.234927624464035,
    "ptcorr_15to20_EE": 42.02121158502996,
    "ptcorr_20to25_EB1": 55.853156670928,
    "ptcorr_20to25_EB2": 32.028339905664325,
    "ptcorr_20to25_EE": 38.92363497056067,
    "ptcorr_25to35_EB1": 100.5836355946958,
    "ptcorr_25to35_EB2": 67.67700115963817,
    "ptcorr_25to35_EE": 74.30087669938803,
    "ptcorr_35to50_EB1": 106.53496740572155,
    "ptcorr_35to50_EB2": 77.11443732492626,
    "ptcorr_35to50_EE": 86.60679305717349,
    "ptcorr_50to100_EB1": 115.87031915038824,
    "ptcorr_50to100_EB2": 84.11736291833222,
    "ptcorr_50to100_EE": 93.86242105066776
  },
  "L1Prefire_Down": {
    "ptcorr_10to15_EB1": 77.2493121996522,
    "ptcorr_10to15_EB2": 32.71600037254393,
    "ptcorr_10to15_EE": 32.67656292580068,
    "ptcorr_15to20_EB1": 72.56686669401824,
    "ptcorr_15to20_EB2": 39.234927624464035,
    "ptcorr_15to20_EE": 42.02121158502996,
    "ptcorr_20to25_EB1": 55.853156670928,
    "ptcorr_20to25_EB2": 32.028339905664325,
    "ptcorr_20to25_EE": 38.92363497056067,
    "ptcorr_25to35_EB1": 100.5836355946958,
    "ptcorr_25to35_EB2": 67.67700115963817,
    "ptcorr_25to35_EE": 74.30087669938803,
    "ptcorr_35to50_EB1": 106.53496740572155,
    "ptcorr_35to50_EB2": 77.11443732492626,
    "ptcorr_35to50_EE": 86.60679305717349,
    "ptcorr_50to100_EB1": 115.87031915038824,
    "ptcorr_50to100_EB2": 84.11736291833222,
    "ptcorr_50to100_EE": 93.86242105066776
  },
  "PileupReweight_Up": {
    "ptcorr_10to15_EB1": 75.14708293508738,
    "ptcorr_10to15_EB2": 31.499223937280476,
    "ptcorr_10to15_EE": 30.950426218099892,
    "ptcorr_15to20_EB1": 70.89077809359878,
    "ptcorr_15to20_EB2": 38.81937198340893,
    "ptcorr_15to20_EE": 43.27529988065362,
    "ptcorr_20to25_EB1": 54.108495673164725,
    "ptcorr_20to25_EB2": 30.725797624327242,
    "ptcorr_20to25_EE": 37.414436765015125,
    "ptcorr_25to35_EB1": 98.57703687250614,
    "ptcorr_25to35_EB2": 66.5803481452167,
    "ptcorr_25to35_EE": 72.11881440132856,
    "ptcorr_35to50_EB1": 104.77389384247363,
    "ptcorr_35to50_EB2": 75.30890950001776,
    "ptcorr_35to50_EE": 85.8165483167395,
    "ptcorr_50to100_EB1": 114.73036235943437,
    "ptcorr_50to100_EB2": 83.68792247399688,
    "ptcorr_50to100_EE": 91.00332087650895
  },
  "PileupReweight_Down": {
    "ptcorr_10to15_EB1": 79.67133043892682,
    "ptcorr_10to15_EB2": 33.5621372628957,
    "ptcorr_10to15_EE": 34.457937924191356,
    "ptcorr_15to20_EB1": 74.13663618825376,
    "ptcorr_15to20_EB2": 39.84751284867525,
    "ptcorr_15to20_EE": 42.61333031952381,
    "ptcorr_20to25_EB1": 57.41641756147146,
    "ptcorr_20to25_EB2": 33.91027335450053,
    "ptcorr_20to25_EE": 40.74301731958985,
    "ptcorr_25to35_EB1": 103.1704546585679,
    "ptcorr_25to35_EB2": 68.18608698248863,
    "ptcorr_25to35_EE": 76.90692705847323,
    "ptcorr_35to50_EB1": 108.90454578213394,
    "ptcorr_35to50_EB2": 79.76981528289616,
    "ptcorr_35to50_EE": 88.03800327517092,
    "ptcorr_50to100_EB1": 117.48560009896755,
    "ptcorr_50to100_EB2": 85.11182974465191,
    "ptcorr_50to100_EE": 96.77800813317299
  },
  "JetEn_Up": {
    "ptcorr_10to15_EB1": 76.80094157531857,
    "ptcorr_10to15_EB2": 32.95573752000928,
    "ptcorr_10to15_EE": 32.61899409815669,
    "ptcorr_15to20_EB1": 68.16927099227905,
    "ptcorr_15to20_EB2": 38.44934716448188,
    "ptcorr_15to20_EE": 38.38371610455215,
    "ptcorr_20to25_EB1": 53.663606299087405,
    "ptcorr_20to25_EB2": 31.346054166555405,
    "ptcorr_20to25_EE": 38.796515872702,
    "ptcorr_25to35_EB1": 97.41354279220104,
    "ptcorr_25to35_EB2": 65.20836915448308,
    "ptcorr_25to35_EE": 71.0187609102577,
    "ptcorr_35to50_EB1": 103.8282238971442,
    "ptcorr_35to50_EB2": 73.571264738217,
    "ptcorr_35to50_EE": 83.01556969806552,
    "ptcorr_50to100_EB1": 110.8900016117841,
    "ptcorr_50to100_EB2": 80.27195444330573,
    "ptcorr_50to100_EE": 87.0367250032723
  },
  "JetEn_Down": {
    "ptcorr_10to15_EB1": 73.62251072190702,
    "ptcorr_10to15_EB2": 31.99208554252982,
    "ptcorr_10to15_EE": 34.04592959955335,
    "ptcorr_15to20_EB1": 72.1481185015291,
    "ptcorr_15to20_EB2": 37.54886142909527,
    "ptcorr_15to20_EE": 42.27633626386523,
    "ptcorr_20to25_EB1": 54.750538943335414,
    "ptcorr_20to25_EB2": 33.879345359280705,
    "ptcorr_20to25_EE": 39.027205154299736,
    "ptcorr_25to35_EB1": 100.50933761894703,
    "ptcorr_25to35_EB2": 68.9406410753727,
    "ptcorr_25to35_EE": 76.69242522493005,
    "ptcorr_35to50_EB1": 111.81247251853347,
    "ptcorr_35to50_EB2": 82.26670881733298,