{
  "syst": "TT",
  "observed": 49.82812819303945,
  "expected": 44.72827391887404,
  "difference": 0.11401857991245708,
  "max_bin_difference": 42.47067430700672,
  "max_bin_difference_bin": 113,
  "max_bin_difference_filtered": 2.0447296955786745,
  "max_bin_difference_filtered_bin": 72,
  "snr_threshold": 3.0,
  "mass_range_min": 10.0,
  "mass_range_max": 160.0,
  "percentile_68_difference": 0.4325269476052823,
  "percentile_95_difference": 1.0221766323846717,
  "rms_bin_difference": 0.5346753605545953,
  "chi2": 6.049837613197948,
  "ndf": 8,
  "chi2_per_ndf": 0.7562297016497435,
  "p_value": 0.6416492260973783,
  "closure_uncertainty_scale": 0.1,
  "recommended_systematic_pct": 90.0
}