{
  "observed": 53.482159461826086,
  "expected": 59.867273731855676,
  "difference": -0.10665450206783073,
  "max_bin_difference": 9.897091013898502,
  "max_bin_difference_bin": 141,
  "max_bin_difference_filtered": 1.3748256767133529,
  "max_bin_difference_filtered_bin": 102,
  "snr_threshold": 3.0,
  "mass_range_min": 10.0,
  "mass_range_max": 160.0,
  "percentile_68_difference": 0.3668165039498579,
  "percentile_95_difference": 0.7184623285986398,
  "rms_bin_difference": 0.3799559179292395,
  "chi2": 190.91842611948314,
  "ndf": 158,
  "chi2_per_ndf": 1.2083444691106529,
  "p_value": 0.03804999152327622,
  "closure_uncertainty_scale": 1.1500000000000001,
  "recommended_systematic_pct": 15.000000000000014
}