process,threshold,initial_sensitivity,max_sensitivity,improvement
MHc-160_MA-85,0.56,1.7415881262017274,2.2028780190210693,0.264867385048944
