{
  "hyperparameters": {
    "signal": "MHc130_MA90",
    "channel": "Combined",
    "iteration": 1,
    "model_idx": 0,
    "num_hidden": 128,
    "optimizer": "RMSprop",
    "initial_lr": 0.0001,
    "weight_decay": 0.0002,
    "scheduler": "CyclicLR",
    "pilot_mode": false,
    "num_classes": 4,
    "model_type": "ParticleNet",
    "num_node_features": 9,
    "num_graph_features": 4,
    "dropout_p": 0.4,
    "batch_size": 256,
    "train_folds": [
      0,
      1,
      2
    ],
    "valid_folds": [
      3
    ],
    "loss_type": "disco",
    "disco_lambda": 0.05
  },
  "training_summary": {
    "best_epoch": 24,
    "best_train_loss": 0.6667533155632599,
    "best_valid_loss": 0.6553574682961048,
    "best_train_acc": 0.5617789551615715,
    "best_valid_acc": 0.5696237832307816,
    "total_epochs": 32
  },
  "epoch_history": {
    "train_loss": [
      0.9980983745725683,
      0.7561350535476824,
      0.7136062761208206,
      0.7003389770136779,
      0.6952874922824848,
      0.6892305043693009,
      0.6841697437784955,
      0.6808666472739362,
      0.6768555429568769,
      0.6785806302241641,
      0.6817283375284955,
      0.683297145113032,
      0.6815408909574469,
      0.6786730177859043,
      0.6770902593085106,
      0.674467343037614,
      0.6709068970839666,
      0.6737695757741261,
      0.6765352660761779,
      0.6781199539323708,
      0.6777948536046733,
      0.6762377707066869,
      0.6736860188307371,
      0.6707874240121581,
      0.6667533155632599,
      0.6715191038183891,
      0.6745681159764437,
      0.6781270777925532,
      0.6755130663468845,
      0.6749614124240122,
      0.6717726687167553,
      0.6709081586008738
    ],
    "valid_loss": [
      0.8298611708090339,
      0.7266488948338469,
      0.6925398060973261,
      0.685288388964156,
      0.6843962333571743,
      0.6777252949459452,
      0.6735272474691901,
      0.6706465600242077,
      0.6626188788615482,
      0.6646478142536861,
      0.6708038759903169,
      0.6726593232490647,
      0.6666913099691901,
      0.6632666789310079,
      0.662994814590669,
      0.6602290516168299,
      0.6579552234058649,
      0.6644922175877531,
      0.6646869283326915,
      0.6629397432569047,
      0.6641253081845565,
      0.6630904506629621,
      0.6618107540506712,
      0.6555713062555018,
      0.6553574682961048,
      0.6612710012516505,
      0.662964619381327,
      0.6722430914220675,
      0.6613051723426496,
      0.6597558679715009,
      0.6590436478735695,
      0.6565281505316076
    ],
    "train_acc": [
      0.3501099981367588,
      0.4696604907512665,
      0.508599080145359,
      0.5228613093495369,
      0.5320202261209488,
      0.5371487140655518,
      0.5436254069209099,
      0.5455638840794563,
      0.5511732175946236,
      0.5473871827125549,
      0.5474288985133171,
      0.5470534861087799,
      0.5483639314770699,
      0.5486129522323608,
      0.5525364503264427,
      0.5552275031805038,
      0.5574287846684456,
      0.5548600852489471,
      0.5513284727931023,
      0.5501145198941231,
      0.5505574718117714,
      0.5526116713881493,
      0.5541176497936249,
      0.5576401650905609,
      0.5617789551615715,
      0.5571659728884697,
      0.5560260340571404,
      0.5495762079954147,
      0.5542502030730247,
      0.553617849946022,
      0.5541716367006302,
      0.5582173019647598
    ],
    "valid_acc": [
      0.4434776194393635,
      0.49805812165141106,
      0.5246152728796005,
      0.5345769338309765,
      0.5397059768438339,
      0.5419458076357841,
      0.5507082492113113,
      0.5547426044940948,
      0.5610598027706146,
      0.5646647959947586,
      0.5550656393170357,
      0.5536094456911087,
      0.5569225251674652,
      0.5654059499502182,
      0.563586451113224,
      0.5672715529799461,
      0.5656192675232887,
      0.5658132582902908,
      0.5630021467804909,
      0.5627249106764793,
      0.560143418610096,
      0.5616718232631683,
      0.5631775334477425,
      0.570701114833355,
      0.5696237832307816,
      0.5639775171875954,
      0.5675965994596481,
      0.5601366609334946,
      0.5644018575549126,
      0.566186711192131,
      0.5673812553286552,
      0.5667800679802895
    ],
    "epoch": [
      0,
      1,
      2,
      3,
      4,
      5,
      6,
      7,
      8,
      9,
      10,
      11,
      12,
      13,
      14,
      15,
      16,
      17,
      18,
      19,
      20,
      21,
      22,
      23,
      24,
      25,
      26,
      27,
      28,
      29,
      30,
      31
    ],
    "timestamp": [
      1767310052.7603164,
      1767310183.1311886,
      1767310335.6572137,
      1767310551.39612,
      1767310866.0777783,
      1767311231.4802496,
      1767311595.010753,
      1767311959.7006915,
      1767312326.1261127,
      1767312693.9829826,
      1767313057.8952882,
      1767313368.8414335,
      1767313653.3963668,
      1767313926.5644333,
      1767314200.3845568,
      1767314474.585151,
      1767314748.3634074,
      1767315002.4677656,
      1767315234.5626938,
      1767315455.31762,
      1767315657.8910747,
      1767315860.239963,
      1767316062.43647,
      1767316264.6279125,
      1767316467.834278,
      1767316671.1177292,
      1767316875.7833242,
      1767317079.291959,
      1767317281.6482892,
      1767317485.4062808,
      1767317688.6837287,
      1767317887.7348595
    ],
    "train_ce_loss": [
      0.9684261698128604,
      0.7255174134639983,
      0.6842589827475214,
      0.6716677307539073,
      0.666266250519767,
      0.6604982728472597,
      0.6558051649197981,
      0.6526118236834517,
      0.6488965526902567,
      0.6503825169203854,
      0.6533415870282425,
      0.6550875767929576,
      0.6531520903654011,
      0.6502454562027766,
      0.6487740282954416,
      0.6461868246456772,
      0.6426259253162744,
      0.6456779488314249,
      0.6482290840619965,
      0.6499073787300782,
      0.6496088737774764,
      0.6477833564882945,
      0.6455365555989344,
      0.6424724736655737,
      0.6387375793014979,
      0.6431277180333993,
      0.64630930356704,
      0.6497174179662687,
      0.6473077986559245,
      0.6468727286825788,
      0.6435845038629955,
      0.6423740182604109
    ],
    "valid_ce_loss": [
      0.8006722769686874,
      0.6965288574951636,
      0.6631539907358902,
      0.6574965076862087,
      0.6556952445649765,
      0.6496732104307329,
      0.6455397361915716,
      0.6428429673780018,
      0.6350580431311064,
      0.6366963406473818,
      0.6422453372621201,
      0.6445509403104513,
      0.6386912594168959,
      0.6355089399911148,
      0.6355105324740141,
      0.6326241953901841,
      0.6300961989122378,
      0.6360049152248343,
      0.6368877047174414,
      0.6351357784489511,
      0.6362044878933631,
      0.6349711644817406,
      0.6336568942372228,
      0.6276768347327139,
      0.6277174010453089,
      0.6335371550120098,
      0.6348812013969455,
      0.6444827862293787,
      0.6336774096732408,
      0.631617326446822,
      0.6317013537799808,
      0.6289632186083727
    ],