{
  "hyperparameters": {
    "signal": "MHc130_MA90",
    "channel": "Combined",
    "iteration": 1,
    "model_idx": 10,
    "num_hidden": 96,
    "optimizer": "Adadelta",
    "initial_lr": 0.0003,
    "weight_decay": 0.00051,
    "scheduler": "CyclicLR",
    "pilot_mode": false,
    "num_classes": 4,
    "model_type": "ParticleNet",
    "num_node_features": 9,
    "num_graph_features": 4,
    "dropout_p": 0.4,
    "batch_size": 256,
    "train_folds": [
      0,
      1,
      2
    ],
    "valid_folds": [
      3
    ],
    "loss_type": "disco",
    "disco_lambda": 0.05
  },
  "training_summary": {
    "best_epoch": 23,
    "best_train_loss": 1.247406172824848,
    "best_valid_loss": 0.9985822220923195,
    "best_train_acc": 0.2675965502858162,
    "best_valid_acc": 0.3183102458715439,
    "total_epochs": 31
  },
  "epoch_history": {
    "train_loss": [
      1.4325192344224924,
      1.4208545070288754,
      1.4132483021466566,
      1.3999311360182372,
      1.381651013962766,
      1.369105005699088,
      1.3596188437974923,
      1.359049380224164,
      1.3551508477393617,
      1.341836798299772,
      1.3437954146086626,
      1.332849455024696,
      1.3151223226158815,
      1.311888832161854,
      1.3008116748195289,
      1.2950379345554712,
      1.2952325049867022,
      1.2847467764532674,
      1.2804675626899695,
      1.2708372910334347,
      1.2670797516147416,
      1.2464653780395136,
      1.2527061763867782,
      1.247406172824848,
      1.2471881530205167,
      1.2380448268901976,
      1.236438322212196,
      1.2329399132076369,
      1.2188296981857902,
      1.2113553589238222,
      1.211263713430851
    ],
    "valid_loss": [
      1.2409809811014525,
      1.1913364034303477,
      1.1453485623211928,
      1.1130238922548965,
      1.1165982098646567,
      1.101346942740427,
      1.077394082512654,
      1.0612017134545555,
      1.074617412728323,
      1.0645700374119718,
      1.0570462723852883,
      1.0386802780796105,
      1.0263802971638425,
      1.0202701192506602,
      1.0217112151669785,
      1.0241227485764195,
      1.0275042896539393,
      1.0223649790589238,
      1.0086431368975572,
      1.012022206481074,
      1.0188790979519697,
      1.004332314074879,
      1.006990244690801,
      0.9985822220923195,
      1.0078567719795335,
      1.005495528100242,
      1.0011723478075485,
      1.000061787350077,
      1.0069448981486575,
      1.000705235440966,
      1.005953076859595
    ],
    "train_acc": [
      0.25040869787335396,
      0.2533606328070164,
      0.252916157245636,
      0.2542017288506031,
      0.2570507675409317,
      0.26015622913837433,
      0.2586485631763935,
      0.2567996680736542,
      0.2576003558933735,
      0.2614475265145302,
      0.25775816664099693,
      0.2594718374311924,
      0.2599707879126072,
      0.26115819066762924,
      0.25965389236807823,
      0.26391517370939255,
      0.26368631049990654,
      0.2641785517334938,
      0.26623766124248505,
      0.26515503227710724,
      0.2648821137845516,
      0.2718737833201885,
      0.26576973870396614,
      0.2675965502858162,
      0.26861946657299995,
      0.26648158952593803,
      0.2683303765952587,
      0.27057265117764473,
      0.2720947861671448,
      0.2718670256435871,
      0.2709618918597698
    ],
    "valid_acc": [
      0.2500018046830519,
      0.2500136398230097,
      0.24992401999196545,
      0.25006249806756387,
      0.25020794627016585,
      0.25042132257476624,
      0.2506004286115058,
      0.2507048939987726,
      0.25070339610101655,
      0.2506806263645558,
      0.25277309426383,
      0.25311337893981545,
      0.25710564106702805,
      0.26056239753961563,
      0.2650922518223524,
      0.26045238971710205,
      0.2667491231113672,
      0.2694579027593136,
      0.27289268746972084,
      0.2776911333203316,
      0.29161813855171204,
      0.2986071929335594,
      0.3060140460729599,
      0.3183102458715439,
      0.31917932629585266,
      0.31979136168956757,
      0.3257419019937515,
      0.32925501465797424,
      0.31772253662347794,
      0.31749098002910614,
      0.3256155997514725
    ],
    "epoch": [
      0,
      1,
      2,
      3,
      4,
      5,
      6,
      7,
      8,
      9,
      10,
      11,
      12,
      13,
      14,
      15,
      16,
      17,
      18,
      19,
      20,
      21,
      22,
      23,
      24,
      25,
      26,
      27,
      28,
      29,
      30
    ],
    "timestamp": [
      1767310816.7464774,
      1767311182.1577775,
      1767311546.5489464,
      1767311912.4050949,
      1767312278.5458968,
      1767312645.5032177,
      1767313011.1977742,
      1767313329.3535473,
      1767313617.1155765,
      1767313890.417085,
      1767314165.2861698,
      1767314438.8647604,
      1767314712.9147239,
      1767314970.5491536,
      1767315204.8437264,
      1767315429.0036542,
      1767315632.2107737,
      1767315835.7600453,
      1767316038.3540647,
      1767316241.5979261,
      1767316445.051338,
      1767316648.808414,
      1767316852.7183554,
      1767317056.999271,
      1767317260.8446748,
      1767317463.8045053,
      1767317667.8959167,
      1767317869.7671394,
      1767318042.4796073,
      1767318210.0020294,
      1767318377.4659808
    ],
    "train_ce_loss": [
      1.4031696101452442,
      1.3916535336195879,
      1.3837968529771028,
      1.370509467806135,
      1.3525874337345634,
      1.3396166329688215,
      1.3300562011797015,
      1.3296042214773347,
      1.3257602164085875,
      1.3127286717522109,
      1.3141706098176789,
      1.3034734691530012,
      1.2859561568697897,
      1.2826913816407097,
      1.2713377928661358,
      1.2655953591355438,
      1.265772308767023,
      1.2556684412311276,
      1.2507721222280368,
      1.2412807932740648,
      1.2377142753644554,
      1.2171557050345516,
      1.2231771443027857,
      1.2177053664955324,
      1.2176807886561363,
      1.2084538353975058,
      1.2067553205964776,
      1.2032781477032461,
      1.1894238459121855,
      1.1816556218184961,
      1.1816854917532043
    ],
    "valid_ce_loss": [
      1.2105537206196868,
      1.1608026349772764,
      1.1147886353715415,
      1.0823905471397537,
      1.085944845590373,
      1.07086899072509,
      1.0469147772134715,
      1.030717936410031,
      1.0439863596308294,
      1.03398679199458,
      1.0265535637342804,
      1.0081091529466737,
      0.9957459096363942,
      0.9896815962085999,
      0.9910650716792845,
      0.9935090134254801,
      0.9969177800788164,
      0.9916907503715598,
      0.9780226588777174,
      0.9814324284047806,
      0.9882497882116323,
      0.973426214722641,
      0.9761985660904468,
      0.9676506940445955,
      0.9769967373355594,
      0.9744520700457965,
      0.9701172487521675,
      0.9689881132954967,
      0.9759421783210841,
      0.9696740422948775,
      0.9749578191885646
    ],
    "train_disco_term": [
      0.5869896090320541,
      0.5840207150098401,
      0.5890260926677101,
      0.5884345917897383,
      0.5812732984954463,
      0.5897673888137638,
      0.5912522167782653,
      0.5889047256719016,
      0.5878145257933887,
      0.5821643497443851,
      0.5924982928577528,
      0.5875203595154191,
      0.5833235881430038,
      0.5839494866259555,
      0.589475364906085,
      0.5888510907131126,
      0.5892037686062439,
      0.5815677468718728,
      0.5939108386952826,
      0.5911301830075795,
      0.5873120942557837,
      0.5861954104211917,
      0.5905820389286726,
      0.5940169594570496,
      0.5901475400547851,
      0.591820954914151,
      0.5936598477392574,
      0.593234642135336,
      0.5881170781550074,
      0.5939945513535415,
      0.5915650044349914
    ],