process,threshold,initial_sensitivity,max_sensitivity,improvement
MHc-130_MA-90,0.73,1.480773773551491,2.128457601911456,0.4373955292350691
