{
  "hyperparameters": {
    "signal": "MHc145_MA92",
    "channel": "Combined",
    "iteration": 0,
    "model_idx": 8,
    "num_hidden": 192,
    "optimizer": "Adadelta",
    "initial_lr": 0.0006,
    "weight_decay": 0.00038,
    "scheduler": "ExponentialLR",
    "pilot_mode": false,
    "num_classes": 4,
    "model_type": "ParticleNet",
    "num_node_features": 9,
    "num_graph_features": 4,
    "dropout_p": 0.4,
    "batch_size": 256,
    "train_folds": [
      0,
      1,
      2
    ],
    "valid_folds": [
      3
    ],
    "loss_type": "disco",
    "disco_lambda": 0.05
  },
  "training_summary": {
    "best_epoch": 3,
    "best_train_loss": 1.3923792505699089,
    "best_valid_loss": 1.0459773103955765,
    "best_train_acc": 0.25383154302835464,
    "best_valid_acc": 0.29056469030911103,
    "total_epochs": 11
  },
  "epoch_history": {
    "train_loss": [
      1.4591884439114742,
      1.4352040392287233,
      1.412941679331307,
      1.3923792505699089,
      1.3725499857522796,
      1.3528916935790274,
      1.3443000213715806,
      1.3236491380129178,
      1.308416247150456,
      1.2982757290083586,
      1.286919256981383
    ],
    "valid_loss": [
      1.1308163924955985,
      1.1165273961886553,
      1.0565989319707307,
      1.0459773103955765,
      1.0672175447705765,
      1.0564992125605193,
      1.0679145060794455,
      1.0972554381464568,
      1.1061935424804688,
      1.1423477387764085,
      1.1800706890267385
    ],
    "train_acc": [
      0.24957961589097977,
      0.24994440004229546,
      0.24998565390706062,
      0.25383154302835464,
      0.25630544126033783,
      0.25824180245399475,
      0.2594856470823288,
      0.26159779727458954,
      0.2642267942428589,
      0.26649927347898483,
      0.27095484733581543
    ],
    "valid_acc": [
      0.25208018793045994,
      0.25174234563019127,
      0.2690259994706139,
      0.29056469030911103,
      0.3237388032830495,
      0.33860085904598236,
      0.3215489611029625,
      0.30699849873781204,
      0.30120426788926125,
      0.2732428815215826,
      0.26117576099932194
    ],
    "epoch": [
      0,
      1,
      2,
      3,
      4,
      5,
      6,
      7,
      8,
      9,
      10
    ],
    "timestamp": [
      1766989783.442078,
      1766990151.4734843,
      1766990518.8907073,
      1766990886.370119,
      1766991253.905201,
      1766991620.9646456,
      1766991982.4921174,
      1766992315.7519307,
      1766992588.894681,
      1766992832.573486,
      1766993031.476726
    ],
    "train_ce_loss": [
      1.430001185404131,
      1.4059419022867383,
      1.384027668045647,
      1.363328348648222,
      1.3433466400781302,
      1.3239051011920338,
      1.3147419285991635,
      1.294309600254685,
      1.2791723556793932,
      1.269319063262012,
      1.2577674369319232
    ],
    "valid_ce_loss": [
      1.0982350000823047,
      1.0839518153331649,
      1.0236233201822345,
      1.013576102482391,
      1.0347119941782783,
      1.0241356509094928,
      1.0356664716095572,
      1.065255137501468,
      1.0743103991984062,
      1.1108116639751784,
      1.1485695483189233
    ],
    "train_disco_term": [
      0.583745946275427,
      0.585242734473527,
      0.5782781356554988,
      0.5810162444063958,
      0.5840643641977687,
      0.5797311782293406,
      0.5911600543554069,
      0.5867928406931346,
      0.5848790572769373,
      0.5791322532395824,
      0.5830360067289289
    ],
    "valid_disco_term": [
      0.6516280676382529,
      0.6515121902273574,
      0.6595131681418754,
      0.6480223935254863,
      0.6501115358001749,
      0.6472700895662878,
      0.6449614280546215,
      0.6400063836973318,
      0.6376627907156944,
      0.6307211761218561,
      0.630023905404017
    ]
  }
}