{
  "hyperparameters": {
    "signal": "MHc145_MA92",
    "channel": "Combined",
    "iteration": 0,
    "model_idx": 9,
    "num_hidden": 256,
    "optimizer": "RMSprop",
    "initial_lr": 0.0015,
    "weight_decay": 2e-05,
    "scheduler": "ExponentialLR",
    "pilot_mode": false,
    "num_classes": 4,
    "model_type": "ParticleNet",
    "num_node_features": 9,
    "num_graph_features": 4,
    "dropout_p": 0.4,
    "batch_size": 256,
    "train_folds": [
      0,
      1,
      2
    ],
    "valid_folds": [
      3
    ],
    "loss_type": "disco",
    "disco_lambda": 0.05
  },
  "training_summary": {
    "best_epoch": 24,
    "best_train_loss": 0.7167812173489742,
    "best_valid_loss": 0.6930226608061455,
    "best_train_acc": 0.5188090056180954,
    "best_valid_acc": 0.5384678617119789,
    "total_epochs": 32
  },
  "epoch_history": {
    "train_loss": [
      0.7710720815919453,
      0.7370973534859423,
      0.7333228948993161,
      0.7334269329407295,
      0.7331315895706687,
      0.7294120440729484,
      0.729028394519377,
      0.7292326118446049,
      0.7280380295402735,
      0.7270230278780395,
      0.7245647024601064,
      0.7243680542363222,
      0.7235799029967706,
      0.7238871936740121,
      0.7219256090900456,
      0.722185036331687,
      0.7227855925864362,
      0.7207760703599924,
      0.7199784948470744,
      0.7185993600398937,
      0.7184870108282675,
      0.7182198660714286,
      0.7169616142667173,
      0.7161106098024316,
      0.7167812173489742,
      0.7154093548157295,
      0.7137554319433891,
      0.7132282662898937,
      0.714119490881459,
      0.7143795117781155,
      0.7124125842990121,
      0.7127733781344985
    ],
    "valid_loss": [
      0.7435268348371479,
      0.7152239302514305,
      0.7430649878273548,
      0.7216750131526464,
      0.7911596701178752,
      0.7606331193950814,
      0.7140350341796875,
      0.7115979261801276,
      0.7083906791579555,
      0.7295063717264525,
      0.7423286975269586,
      0.7052806263238611,
      0.7103319839692451,
      0.7108319779516945,
      0.7093270530163402,
      0.7207483640858825,
      0.7153443349918849,
      0.708986201756437,
      0.7032014014015735,
      0.7270278930664062,
      0.7044727701536366,
      0.7127939143650969,
      0.6958354896223041,
      0.7011490942726673,
      0.6930226608061455,
      0.7013259135501485,
      0.6930670939700704,
      0.6932584198427872,
      0.6968269885425836,
      0.7277931965572734,
      0.7000062969368948,
      0.7375524279097436
    ],
    "train_acc": [
      0.4830581694841385,
      0.49854033440351486,
      0.4999418705701828,
      0.5031856894493103,
      0.503677137196064,
      0.5050562769174576,
      0.5025861859321594,
      0.5063515082001686,
      0.50531455129385,
      0.5081756561994553,
      0.5092328041791916,
      0.5091554746031761,
      0.5111822709441185,
      0.511342279613018,
      0.513358399271965,
      0.5151691734790802,
      0.5163801237940788,
      0.5165929794311523,
      0.5183065608143806,
      0.51731838285923,
      0.5187070667743683,
      0.5187797844409943,
      0.5179300680756569,
      0.51953986287117,
      0.5188090056180954,
      0.5203943625092506,
      0.5224312171339989,
      0.5238952115178108,
      0.5216660723090172,
      0.5216154009103775,
      0.5230525955557823,
      0.5231853127479553
    ],
    "valid_acc": [
      0.48945027962327003,
      0.5100527200847864,
      0.48653000965714455,
      0.509470097720623,
      0.4370995908975601,
      0.4942882442846894,
      0.5244400203227997,
      0.5133197419345379,
      0.5175634734332561,
      0.5218121856451035,
      0.49500225903466344,
      0.5330756232142448,
      0.5294737964868546,
      0.5235180296003819,
      0.5156229846179485,
      0.5114032663404942,
      0.5254567861557007,
      0.5275526717305183,
      0.5183571018278599,
      0.4957452788949013,
      0.5238438658416271,
      0.5152148976922035,
      0.5379491001367569,
      0.5345772802829742,
      0.5384678617119789,
      0.5349850282073021,
      0.5445608571171761,
      0.5369098484516144,
      0.5334265269339085,
      0.4907563105225563,
      0.5408186092972755,
      0.5367468893527985
    ],
    "epoch": [
      0,
      1,
      2,
      3,
      4,
      5,
      6,
      7,
      8,
      9,
      10,
      11,
      12,
      13,
      14,
      15,
      16,
      17,
      18,
      19,
      20,
      21,
      22,
      23,
      24,
      25,
      26,
      27,
      28,
      29,
      30,
      31
    ],
    "timestamp": [
      1766989836.1921566,
      1766990207.834626,
      1766990579.4804883,
      1766990951.740006,
      1766991323.2085161,
      1766991694.288516,
      1766992053.9277246,
      1766992380.9059339,
      1766992647.7125082,
      1766992883.2601302,
      1766993079.404577,
      1766993250.6671953,
      1766993418.0082014,
      1766993572.18106,
      1766993727.5375214,
      1766993883.602388,
      1766994041.4173205,
      1766994195.638696,
      1766994349.0708165,
      1766994502.197852,
      1766994655.6254506,
      1766994808.770755,
      1766994962.0998368,
      1766995106.241858,
      1766995241.3843684,
      1766995374.0809574,
      1766995505.6275427,
      1766995636.9058914,
      1766995768.405896,
      1766995899.7688901,
      1766996031.230101,
      1766996162.2230558
    ],
    "train_ce_loss": [
      0.7407268624175284,
      0.7069221523757401,
      0.7032131648715868,
      0.7030984961515502,
      0.702897244655615,
      0.6990947965611802,
      0.6989583927084972,
      0.6987379505279216,
      0.6979660162628603,
      0.6971366379942213,
      0.6949187468069302,
      0.6948959407110707,
      0.693700668877019,
      0.6938633977098668,
      0.6923638635674508,
      0.6924604131276847,
      0.6926910175650316,
      0.6905855261264964,
      0.6903141815249318,
      0.688986121720456,
      0.6890917201172617,
      0.6881429182359875,
      0.6874274965115231,
      0.6863939834583132,
      0.6870188572305314,
      0.6856033552562575,
      0.6842500427211309,
      0.6834300588148343,
      0.6846021175565691,
      0.684701810691132,
      0.6830895960693302,
      0.6834038316660014
    ],
    "valid_ce_loss": [
      0.7110339390035246,
      0.6854928389296565,
      0.7152468548746596,
      0.6923718174893252,
      0.7583963385665081,
      0.732023579553819,
      0.6849014471534273,
      0.6822026457480141,
      0.6777788018676597,
      0.6997650464026022,
      0.7139696171900756,
      0.6752717258854651,
      0.6795774368228207,
      0.6815103577895903,
      0.680281782968783,
      0.6926654049418342,
      0.6840758546662162,
      0.6794812001392875,
      0.6741564517814509,
      0.6982265475770117,
      0.6753382500733288,
      0.6838515115455842,
      0.666860794884638,
      0.6729623075102417,
      0.6638011734565379,
      0.6730507237600608,
      0.6641384825949938,
      0.6649399092289764,
      0.6676440005466132,
      0.6987284573031144,
      0.6710357430430365,
      0.7090431550438975
    ],