{
  "hyperparameters": {
    "signal": "MHc145_MA92",
    "channel": "Combined",
    "iteration": 0,
    "model_idx": 1,
    "num_hidden": 96,
    "optimizer": "Adadelta",
    "initial_lr": 0.0007,
    "weight_decay": 8e-05,
    "scheduler": "CyclicLR",
    "pilot_mode": false,
    "num_classes": 4,
    "model_type": "ParticleNet",
    "num_node_features": 9,
    "num_graph_features": 4,
    "dropout_p": 0.4,
    "batch_size": 256,
    "train_folds": [
      0,
      1,
      2
    ],
    "valid_folds": [
      3
    ],
    "loss_type": "disco",
    "disco_lambda": 0.05
  },
  "training_summary": {
    "best_epoch": 3,
    "best_train_loss": 1.337638321618541,
    "best_valid_loss": 0.9630551405355964,
    "best_train_acc": 0.257403239607811,
    "best_valid_acc": 0.27983803918868944,
    "total_epochs": 11
  },
  "epoch_history": {
    "train_loss": [
      1.396636795925152,
      1.3822903804141338,
      1.3693635424582067,
      1.337638321618541,
      1.312825619775836,
      1.2962412732712767,
      1.2758429901215806,
      1.2618242721789514,
      1.2638107902735563,
      1.2605335177621582,
      1.2487254226823707
    ],
    "valid_loss": [
      0.9920273901711048,
      0.9928005379690251,
      0.9789398623184419,
      0.9630551405355964,
      0.9757560407611686,
      0.9841139887420225,
      0.9792007661201585,
      0.9875940672108825,
      0.9784683442451585,
      0.987516913615482,
      0.9922964606486576
    ],
    "train_acc": [
      0.2498866580426693,
      0.2519635148346424,
      0.2511592097580433,
      0.257403239607811,
      0.2561563067138195,
      0.25583401322364807,
      0.25923575833439827,
      0.2614263519644737,
      0.2616298086941242,
      0.2616267204284668,
      0.26058270037174225
    ],
    "valid_acc": [
      0.25578869814489735,
      0.2654335478146095,
      0.26715178505764925,
      0.27983803918868944,
      0.2874577855109237,
      0.28792385730776004,
      0.29253501823404804,
      0.293749344185926,
      0.2918768307135906,
      0.2907526026974665,
      0.29411250111297704
    ],
    "epoch": [
      0,
      1,
      2,
      3,
      4,
      5,
      6,
      7,
      8,
      9,
      10
    ],
    "timestamp": [
      1766989430.9891207,
      1766989683.5189533,
      1766990052.2145882,
      1766990420.9920335,
      1766990789.5037305,
      1766991157.7438016,
      1766991526.7040489,
      1766991894.7916305,
      1766992239.092638,
      1766992530.1469371,
      1766992779.7433324
    ],
    "train_ce_loss": [
      1.367114761209053,
      1.352478865359692,
      1.3398920543288024,
      1.3080650970203898,
      1.2832116789006172,
      1.266747550761446,
      1.2457780530025169,
      1.2324109806115866,
      1.2341817696406123,
      1.2306866641464929,
      1.218915533004923
    ],
    "valid_ce_loss": [
      0.9604249241381464,
      0.9611257578600461,
      0.9472411992946561,
      0.931250494655589,
      0.9439310327067342,
      0.9524036296184214,
      0.9473089944623726,
      0.9558118052623221,
      0.9466091539500885,
      0.9555656754897094,
      0.9603558943515093
    ],
    "train_disco_term": [
      0.5904393267124257,
      0.5962270964423936,
      0.5894310597771931,
      0.5914614613838833,
      0.5922781311088783,
      0.5898728574844117,
      0.6012969550934244,
      0.5882662245930147,
      0.5925813974036996,
      0.5969365651484319,
      0.5961975779033359
    ],
    "valid_disco_term": [
      0.6320490914751107,
      0.6334956616268191,
      0.6339733857713955,
      0.6360923526152759,
      0.6365003402174358,
      0.6342069500873626,
      0.6378359700697409,
      0.6356459870724611,
      0.6371843337383069,
      0.639024695670101,
      0.6388092426661874
    ]
  }
}