{
  "syst": "TT",
  "observed": 63.96627725660801,
  "expected": 62.93514530448829,
  "difference": 0.016384040223169003,
  "max_bin_difference": 3.749266768690257,
  "max_bin_difference_bin": 159,
  "max_bin_difference_filtered": 1.5208300377559127,
  "max_bin_difference_filtered_bin": 45,
  "snr_threshold": 3.0,
  "mass_range_min": 10.0,
  "mass_range_max": 160.0,
  "percentile_68_difference": 0.2418000017399386,
  "percentile_95_difference": 0.5671868152671912,
  "rms_bin_difference": 0.3561958259818194,
  "chi2": 32.12982964815173,
  "ndf": 11,
  "chi2_per_ndf": 2.92089360437743,
  "p_value": 0.0007269839598091762,
  "closure_uncertainty_scale": 2.6,
  "recommended_systematic_pct": 160.0
}