{
  "hyperparameters": {
    "signal": "MHc130_MA90",
    "channel": "Run3Mu",
    "iteration": 2,
    "model_idx": 3,
    "num_hidden": 128,
    "optimizer": "Adam",
    "initial_lr": 0.0081,
    "weight_decay": 2e-05,
    "scheduler": "ExponentialLR",
    "pilot_mode": false,
    "num_classes": 4,
    "model_type": "ParticleNet",
    "num_node_features": 9,
    "num_graph_features": 4,
    "dropout_p": 0.3,
    "batch_size": 1024,
    "train_folds": [
      0,
      1,
      2
    ],
    "valid_folds": [
      3
    ]
  },
  "training_summary": {
    "best_epoch": 53,
    "best_train_loss": 0.7431038197075355,
    "best_valid_loss": 0.7576784582495416,
    "best_train_acc": 0.7056569143498376,
    "best_valid_acc": 0.7001574019048843,
    "total_epochs": 61
  },
  "epoch_history": {
    "train_loss": [
      0.8088143782943992,
      0.7763119313658116,
      0.7709761728615235,
      0.769933253516154,
      0.7688159791381798,
      0.77399424442676,
      0.7703692211256586,
      0.765268123830048,
      0.7754173887114613,
      0.7670268036204959,
      0.7603575464197957,
      0.759959469062208,
      0.757905547978504,
      0.7699290159793947,
      0.7629090639918912,
      0.7594789977335371,
      0.7638205431047308,
      0.7598540431898679,
      0.7619081965677501,
      0.7573046769690082,
      0.760077028272556,
      0.7580289789955689,
      0.7726183448478807,
      0.7564785388555787,
      0.7562151002435965,
      0.7537867079454112,
      0.7550800655790345,
      0.7570780345166653,
      0.7586259971624589,
      0.7531789022714791,
      0.7581584952252672,
      0.7520564024958243,
      0.7550929889470029,
      0.7539514275536684,
      0.7495388938555392,
      0.7555310433587414,
      0.755109294208641,
      0.7536733540940607,
      0.750305964505236,
      0.7498591956034023,
      0.7517328490043299,
      0.749696551140347,
      0.7556411322495147,
      0.749254622627639,
      0.7547788057262168,
      0.750602927810592,
      0.7484505897660563,
      0.7470499884402484,
      0.7462422204188783,
      0.7491357950136871,
      0.7444646788974121,
      0.7449141398844099,
      0.745685194844818,
      0.7431038197075355,
      0.746013796967918,
      0.7452122473564939,
      0.7451935642174963,
      0.748365881475042,
      0.7550109651713371,
      0.7449539977321054,
      0.7450529169489855
    ],
    "valid_loss": [
      0.8213295104468746,
      0.7876687994564064,
      0.7837605467418738,
      0.7822470306015633,
      0.7819935166696589,
      0.7868329461710213,
      0.783285695387835,
      0.7786239991885219,
      0.7887435578922354,
      0.7805417563368767,
      0.7734037116135226,
      0.773367233559432,
      0.7711132430840338,
      0.7815828524174883,
      0.7769705232202474,
      0.7734840010622496,
      0.7768859283059553,
      0.7728862532384385,
      0.7755484959715444,
      0.77079794669239,
      0.7732467993250722,
      0.7716792572536638,
      0.7868361381255907,
      0.7707245514660562,
      0.7691042948748711,
      0.767946951346539,
      0.7684816356276676,
      0.7714940471180153,
      0.7724085051873129,
      0.7661644015999408,
      0.7720453515953992,
      0.7656353463883194,
      0.7697603717671062,
      0.7670488885533436,
      0.7642953709428213,
      0.769164232388913,
      0.7681165617286323,
      0.7675568170168074,
      0.7639792366914401,
      0.763330395414977,
      0.7659189408020881,
      0.764233852248067,
      0.770806216046333,
      0.7644259689212682,
      0.7692780361045952,
      0.764464208288256,
      0.7622305580450777,
      0.761956084385538,
      0.7606120223289523,
      0.7638219015212414,
      0.7592213550520511,
      0.7600271494836881,
      0.7597923082746352,
      0.7576784582495416,
      0.7603928309918653,
      0.7596132305983001,
      0.7596418138998687,
      0.7634505285099871,
      0.77062923372394,
      0.7593320942536211,
      0.759589694367727
    ],
    "train_acc": [
      0.6859921987805245,
      0.6932624535009597,
      0.6943212130721937,
      0.696971281939115,
      0.6952626849064947,
      0.69329415288932,
      0.6933337771247704,
      0.6981711037885524,
      0.692343171238511,
      0.6972248770459974,
      0.6995436873045534,
      0.6989128694761835,
      0.7010383134657416,
      0.6989841930999942,
      0.6964862812972024,
      0.6972787660062099,
      0.6963531438660892,
      0.7002585085120783,
      0.6969538472755168,
      0.6990555167238048,
      0.6980379663574391,
      0.6978810543850557,
      0.6929090053207423,
      0.6996942593992649,
      0.7012316797347395,
      0.7003662864325033,
      0.7008148327778015,
      0.7005850122121894,
      0.699705354185191,
      0.703059149473711,
      0.7013362877163285,
      0.7004487048422401,
      0.6988542256077169,
      0.7009241956676446,
      0.7019465009422643,
      0.6961138134839688,
      0.7001729201635054,
      0.7023078739695717,
      0.7024251617065048,
      0.7015581834348507,
      0.7015613533736866,
      0.7006610907442541,
      0.6993249615248673,
      0.7021145077005739,
      0.6961470978417471,
      0.7038817486016608,
      0.704121078983781,
      0.701700830682472,
      0.7025947534342325,
      0.7031542476387919,
      0.7041115691672729,
      0.7037327614763673,
      0.7039388075007093,
      0.7056569143498376,
      0.7045300010936288,
      0.7046805731883403,
      0.7051085149312044,
      0.7033602936631338,
      0.6994121348428582,
      0.7038548041215544,
      0.7039926964609218
    ],
    "valid_acc": [
      0.6823733958657908,
      0.6898258942194954,
      0.6907614718684248,
      0.6926968728417469,
      0.6913035447551437,
      0.6897335410610174,
      0.6894203433931354,
      0.6941946001509773,
      0.6878704164725912,
      0.6925483047172387,
      0.6947768265848605,
      0.6945238592377251,
      0.6965556287242415,
      0.6951823774112205,
      0.6923435216267005,
      0.6926647500040154,
      0.6921066156984308,
      0.6958569570035817,
      0.6925001204606415,
      0.6946965194905318,
      0.6934276674001382,
      0.6938010953887667,
      0.6887297023819084,
      0.6953871605017587,
      0.6971378551581247,
      0.6960095404828063,
      0.6960657554488363,
      0.6959894637092241,
      0.695399206565908,
      0.6985793675013251,
      0.6962223542827773,
      0.6965194905317936,
      0.6944315060792471,
      0.6972743772184835,
      0.6977080355278585,
      0.6922029842116253,
      0.6958368802299996,
      0.6980573713881885,
      0.6980453253240392,
      0.6972302083166027,
      0.6972824079279164,
      0.6964592602110471,
      0.6947687958754276,
      0.6968407189091085,
      0.6917572798381009,
      0.7000248951992419,
      0.699454714829508,
      0.6962143235733445,
      0.6982782158975924,
      0.6983986765390855,
      0.6997398050143749,
      0.6993422848974479,
      0.6997960199804051,
      0.7001574019048843,
      0.6998241274634202,
      0.6999847416520776,
      0.7005669680859608,
      0.6986275517579223,
      0.694588104913188,
      0.6996876054030613,
      0.7000730794558391
    ],
    "epoch": [
      0,
      1,
      2,
      3,
      4,
      5,
      6,
      7,
      8,
      9,
      10,
      11,
      12,
      13,
      14,
      15,
      16,
      17,
      18,
      19,
      20,
      21,
      22,
      23,
      24,
      25,
      26,
      27,
      28,
      29,
      30,
      31,
      32,
      33,
      34,
      35,
      36,
      37,
      38,
      39,
      40,
      41,
      42,
      43,
      44,
      45,
      46,
      47,
      48,
      49,
      50,
      51,
      52,
      53,
      54,
      55,
      56,
      57,
      58,
      59,
      60
    ],