{
  "hyperparameters": {
    "signal": "MHc130_MA90",
    "channel": "Run3Mu",
    "iteration": 2,
    "model_idx": 2,
    "num_hidden": 96,
    "optimizer": "Adam",
    "initial_lr": 0.0004,
    "weight_decay": 2e-05,
    "scheduler": "CyclicLR",
    "pilot_mode": false,
    "num_classes": 4,
    "model_type": "ParticleNet",
    "num_node_features": 9,
    "num_graph_features": 4,
    "dropout_p": 0.4,
    "batch_size": 1024,
    "train_folds": [
      0,
      1,
      2
    ],
    "valid_folds": [
      3
    ]
  },
  "training_summary": {
    "best_epoch": 80,
    "best_train_loss": 0.8146282311678642,
    "best_valid_loss": 0.8457633177966097,
    "best_train_acc": 0.6694750455697744,
    "best_valid_acc": 0.6575272210825311,
    "total_epochs": 81
  },
  "epoch_history": {
    "train_loss": [
      1.3617235600767628,
      0.9926984689827452,
      0.9446212289288757,
      0.9197536625967204,
      0.9088247321261089,
      0.9071166207687158,
      0.9068518772141957,
      0.9017417974245793,
      0.9013653643875562,
      0.8985348875807978,
      0.8953433744499906,
      0.8911581410559507,
      0.8849828858347374,
      0.8805334029526527,
      0.8767519771673757,
      0.8743963614495449,
      0.8732424485329794,
      0.8722323328417901,
      0.8694043931486075,
      0.867089764070162,
      0.864390113635049,
      0.8615903793460873,
      0.8594429545179111,
      0.8584425046545838,
      0.8566778436353343,
      0.855699504069028,
      0.8555914905555013,
      0.8547662119252325,
      0.8509003449598156,
      0.8489867016627074,
      0.8477639374725531,
      0.8461976811087366,
      0.8442713173516453,
      0.8448573604145605,
      0.8430481574793095,
      0.8442415968579003,
      0.84007028841644,
      0.8365047951349341,
      0.8348021177937669,
      0.8340746527425679,
      0.8330840264365736,
      0.8327478301446969,
      0.8321184785444631,
      0.8310500128160415,
      0.831678193528779,
      0.8302413598444166,
      0.8287333818746185,
      0.8266380475259837,
      0.8258317010082459,
      0.8255677150699882,
      0.8270089618905281,
      0.8290148028539371,
      0.827233774863816,
      0.825537600324066,
      0.8230983934206332,
      0.8219755323317879,
      0.821640074065115,
      0.8209194528713516,
      0.8223952896361765,
      0.8237748730995906,
      0.8223602935706789,
      0.8215936183743989,
      0.8200245074360588,
      0.8193136518844555,
      0.8179693429083704,
      0.8185452628280581,
      0.8235452673239915,
      0.8208423274500563,
      0.8217934434530735,
      0.8202853244848544,
      0.8172578367048243,
      0.8174837349083527,
      0.8169378955574851,
      0.8177519217701543,
      0.8179368260412756,
      0.8215529347529184,
      0.8182277918700949,
      0.8163701951593408,
      0.8173971886189269,
      0.8152543076293185,
      0.8146282311678642
    ],
    "valid_loss": [
      1.399539386271101,
      1.0302263572612207,
      0.9846700951562839,
      0.9546706334236927,
      0.9418785830022134,
      0.939579622616717,
      0.9407489363859117,
      0.9332917722959169,
      0.9344071872882342,
      0.9317341459825197,
      0.9280530644531635,
      0.921498888427195,
      0.9145554597772445,
      0.9113820417959093,
      0.9060070978322892,
      0.9047253764062582,
      0.9033438514154455,
      0.9042047921288529,
      0.8995867373973302,
      0.8996646299799114,
      0.8947081533500932,
      0.8908196717608854,
      0.8883925711774392,
      0.8880825573463353,
      0.8867688774216038,
      0.8855483434507669,
      0.8867192012784256,
      0.8871959973018679,
      0.8815128642852689,
      0.8790293595170204,
      0.8776017896794588,
      0.8785674095304301,
      0.8759954602104718,
      0.874839214854486,
      0.8748695570580693,
      0.8772682415480291,
      0.8708736842462813,
      0.8670786100675215,
      0.8660890325291731,
      0.8649690828809456,
      0.8635349383039908,
      0.8640029264721663,
      0.8637619203159468,
      0.8622447663934696,
      0.8618736702516338,
      0.8603163643880568,
      0.8587926391373616,
      0.8575702280168261,
      0.856375106699958,
      0.8565433089445055,
      0.8573966236745569,
      0.8625074431443602,
      0.8584805141900654,
      0.8571782039132464,
      0.8540617724244018,
      0.8528548175397811,
      0.8525084028564569,
      0.8523901382116408,
      0.8526944174557606,
      0.8539786380693378,
      0.8531748447756321,
      0.8517358761948391,
      0.8503579200960135,
      0.8497210614942474,
      0.848888177296319,
      0.8495507178342447,
      0.8528179457447128,
      0.8525557913049568,
      0.8525945045327119,
      0.8498586386083196,
      0.847890439022723,
      0.8487425933512023,
      0.8476738045100354,
      0.8486690632605075,
      0.8484799623501921,
      0.8502583248135819,
      0.8484008957213376,
      0.8475462094981606,
      0.8496932710504413,
      0.8463777336741439,
      0.8457633177966097
    ],
    "train_acc": [
      0.5637484829599502,
      0.591713564095235,
      0.5943024895857251,
      0.6072447741191797,
      0.6104897169285269,
      0.6127014324606741,
      0.6137791751987967,
      0.6161361517086908,
      0.616218153873548,
      0.6177340224639073,
      0.6217497856229118,
      0.6235796053587244,
      0.6280077222610105,
      0.6332886616778112,
      0.6340875970554194,
      0.6367444671967911,
      0.636920186121485,
      0.6371497921830851,
      0.6396403150757466,
      0.6417817430380162,
      0.6430000609158939,
      0.6445253011822369,
      0.6467581029853474,
      0.64685416266418,
      0.6484215754724496,
      0.648815185863764,
      0.6482645998997231,
      0.649215825012066,
      0.6509214700410948,
      0.6523857944135439,
      0.6520624715921072,
      0.6545506515657727,
      0.6550192353649565,
      0.6537329728361971,
      0.6549653482280504,
      0.6547591713564095,
      0.6571981500311608,
      0.6586226447806793,
      0.6594075226443121,
      0.6596746154098468,
      0.6602533164018387,
      0.660675041821104,
      0.6600237103402387,
      0.6614950634696756,
      0.661656724880394,
      0.6611225393493245,
      0.6622119966824267,
      0.6631866509847288,
      0.6641121039881167,
      0.6638590687365575,
      0.6636786639738718,
      0.6628024122693982,
      0.6635779184570473,
      0.6638942125214963,
      0.6649883556925903,
      0.665545970413619,
      0.6656912313913659,
      0.6655178553856679,
      0.6650047561255618,
      0.6649016676897413,
      0.6665581114198558,
      0.6664620517410231,
      0.6664854809309823,
      0.6670805823559456,
      0.6677084846468518,
      0.6675491661551294,
      0.6658130631791537,
      0.6654147669498475,
      0.6667596024535047,
      0.6669657793251456,
      0.6685027341864682,
      0.6683762165606887,
      0.6686339376502397,
      0.6677014558898641,
      0.6678209447586559,
      0.665112530399374,
      0.6670032660290803,
      0.6685425638093988,
      0.6685495925663866,
      0.668940860038705,
      0.6694750455697744
    ],