{
  "hyperparameters": {
    "signal": "MHc130_MA90",
    "channel": "Run3Mu",
    "iteration": 2,
    "model_idx": 3,
    "num_hidden": 96,
    "optimizer": "Adam",
    "initial_lr": 0.0005,
    "weight_decay": 0.00027,
    "scheduler": "CyclicLR",
    "pilot_mode": false,
    "num_classes": 4,
    "model_type": "ParticleNet",
    "num_node_features": 9,
    "num_graph_features": 4,
    "dropout_p": 0.4,
    "batch_size": 1024,
    "train_folds": [
      0,
      1,
      2
    ],
    "valid_folds": [
      3
    ]
  },
  "training_summary": {
    "best_epoch": 40,
    "best_train_loss": 0.8286316173367513,
    "best_valid_loss": 0.8616574815996229,
    "best_train_acc": 0.6647423491980188,
    "best_valid_acc": 0.6500249855346905,
    "total_epochs": 48
  },
  "epoch_history": {
    "train_loss": [
      1.23667801301076,
      0.9790881565245699,
      0.9387365677353715,
      0.916378618570893,
      0.9101354761849697,
      0.9002427130803373,
      0.8973944145593635,
      0.8941657717966879,
      0.8922543096850927,
      0.8896539450184454,
      0.8839559211182372,
      0.8803227098415264,
      0.8708849497855259,
      0.8662748316637869,
      0.8612599013552853,
      0.8594631737772855,
      0.855858122144659,
      0.8552907219044109,
      0.8583072804478065,
      0.8552614768870858,
      0.8492696717656516,
      0.8488882763278109,
      0.842513870131936,
      0.8396103725881388,
      0.8394071323732668,
      0.8391902157405572,
      0.8452938842330137,
      0.8422130435656727,
      0.8452242250070123,
      0.8428891327104641,
      0.8374142825696491,
      0.834196481956348,
      0.8317476923083013,
      0.8343749576432735,
      0.8399919105974052,
      0.8400272194048367,
      0.8384854171150398,
      0.8361268920535216,
      0.834054808716314,
      0.8306568238469855,
      0.8286316173367513,
      0.8311910825942735,
      0.8357907143517004,
      0.8415129273461368,
      0.8372736130496122,
      0.8341821453055389,
      0.8331901439074386,
      0.8285651474492732
    ],
    "valid_loss": [
      1.2763095137560163,
      1.0221317980116518,
      0.9822185356433498,
      0.9510927331246317,
      0.9447538622562729,
      0.9333466605142869,
      0.932147857134675,
      0.927530266724307,
      0.9249820971086383,
      0.9239951820929356,
      0.9165093847981797,
      0.9166135249700471,
      0.9041860071878232,
      0.8971622724484422,
      0.8943416071141276,
      0.8930564658845357,
      0.8894682963425805,
      0.8899227796677669,
      0.893023202310299,
      0.8897626504711962,
      0.8840160896598643,
      0.8834390478227963,
      0.8758186676232469,
      0.8734583480198476,
      0.8727539846669002,
      0.8723549132758204,
      0.8805478185150337,
      0.8746711699253167,
      0.8804388039743284,
      0.8753802162199706,
      0.8703041949519716,
      0.8671209903087177,
      0.8642616233847756,
      0.8660118075336627,
      0.8753250687522782,
      0.8705389143121242,
      0.8698691900396867,
      0.8711695441078032,
      0.8681272826060072,
      0.8629781385817751,
      0.8616574815996229,
      0.8659929349053621,
      0.8671850758583102,
      0.8754863412945445,
      0.8704614972875104,
      0.8658823169116112,
      0.8677165167027323,
      0.862270815131302
    ],
    "train_acc": [
      0.5773678710832252,
      0.5913714979218309,
      0.6005557403858319,
      0.6076126124015389,
      0.6119470125439883,
      0.6170944055780215,
      0.6203088904404219,
      0.6230899352885774,
      0.6230524485846426,
      0.6270518113106758,
      0.6301350927093047,
      0.6337408450440234,
      0.6403314761795426,
      0.6419808911526693,
      0.6452586348279594,
      0.6469197643960658,
      0.6497336101101641,
      0.6508136957672825,
      0.6513314808653805,
      0.6496328645933396,
      0.6531284997352501,
      0.6521210445670051,
      0.657280152196018,
      0.6589084808981814,
      0.6589178525741651,
      0.6595574694600509,
      0.6557478831726872,
      0.6570388315394383,
      0.6564320155194955,
      0.6573316964139282,
      0.6604266924075367,
      0.6619167888889409,
      0.6626548083726553,
      0.662059706947692,
      0.6606258405221898,
      0.6594520381052346,
      0.6596465003818958,
      0.6599510798513653,
      0.6606516126311449,
      0.6631772793087451,
      0.6647423491980188,
      0.664046502256231,
      0.6603236039717163,
      0.6591708878257243,
      0.6603329756477,
      0.6619894193778144,
      0.6634490579122717,
      0.6655389416566312
    ],
    "valid_acc": [
      0.550069696491505,
      0.5624704118668139,
      0.5744700436589343,
      0.5929396139077376,
      0.5991859975803482,
      0.6042817316290569,
      0.6057742885697754,
      0.6093577402556415,
      0.6112448056388406,
      0.6119351954131819,
      0.6168139498185261,
      0.6157290516017043,
      0.6242767345221187,
      0.6281626426805533,
      0.6292015149124192,
      0.6324233338593446,
      0.6346260059965283,
      0.6348232602177687,
      0.6345339540266162,
      0.6328901688496134,
      0.6357832307611383,
      0.6349021619062648,
      0.6419309873231287,
      0.6436470990479196,
      0.6447254221240335,
      0.6443572142443849,
      0.6399321445478934,
      0.6423254957656094,
      0.6401754247540897,
      0.6430553363841987,
      0.6456919678081111,
      0.6469478196833413,
      0.6487362579559203,
      0.6482233969806954,
      0.6451528062700542,
      0.6453171847877545,
      0.6474343800957341,
      0.6434235442638473,
      0.6443835148072169,
      0.6495384251222976,
      0.6500249855346905,
      0.6480853190258271,
      0.6467571406028089,
      0.6427331544895061,
      0.6464546841302404,
      0.6467965914470569,
      0.6493806217453053,
      0.6492425437904371
    ],
    "epoch": [
      0,
      1,
      2,
      3,
      4,
      5,
      6,
      7,
      8,
      9,
      10,
      11,
      12,
      13,
      14,
      15,
      16,
      17,
      18,
      19,
      20,
      21,
      22,
      23,
      24,
      25,
      26,
      27,
      28,
      29,
      30,
      31,
      32,
      33,
      34,
      35,
      36,
      37,
      38,
      39,
      40,
      41,
      42,
      43,
      44,
      45,
      46,
      47
    ],
    "timestamp": [
      1762424339.3783627,
      1762424560.7644608,
      1762424783.0146394,
      1762425004.6266375,
      1762425226.5878446,
      1762425448.6149478,
      1762425670.7071126,
      1762425899.2072427,
      1762426121.3376381,
      1762426342.584227,
      1762426563.0813227,
      1762426783.4487553,
      1762427004.178854,
      1762427225.0255308,
      1762427445.6327121,
      1762427666.5124912,
      1762427895.235759,
      1762428125.68262,
      1762428353.523424,
      1762428579.6048756,
      1762428811.0152736,
      1762429046.9577565,
      1762429269.5768216,
      1762429504.1800146,
      1762429739.2462556,
      1762429974.5995493,
      1762430210.6198835,
      1762430523.6409044,
      1762430764.78769,
      1762431036.6858568,
      1762431370.9071386,
      1762431655.8849819,
      1762431894.1993773,
      1762432136.4184358,
      1762432365.947176,
      1762432583.6097918,
      1762432801.2359376,
      1762433017.6627548,
      1762433233.5676303,
      1762433449.2690113,
      1762433665.116701,
      1762433880.8041291,
      1762434096.6089392,
      1762434310.803725,
      1762434533.036459,
      1762434755.6338208,
      1762434974.8343475,
      1762435194.2182078
    ]
  }
}