{
  "hyperparameters": {
    "signal": "MHc-130_MA-90",
    "channel": "Run3Mu",
    "iteration": 0,
    "model_idx": 2,
    "num_hidden": 64,
    "optimizer": "Adadelta",
    "initial_lr": 0.0025,
    "weight_decay": 0.00175,
    "scheduler": "CyclicLR",
    "pilot_mode": false,
    "num_classes": 4,
    "model_type": "ParticleNet",
    "num_node_features": 9,
    "num_graph_features": 4,
    "dropout_p": 0.25,
    "batch_size": 1024,
    "train_folds": [
      0,
      1,
      2
    ],
    "valid_folds": [
      3
    ]
  },
  "training_summary": {
    "best_epoch": 79,
    "best_train_loss": 0.48660237343241913,
    "best_valid_loss": 0.509884670238693,
    "best_train_acc": 0.8268935082186233,
    "best_valid_acc": 0.8196188742459307,
    "total_epochs": 81
  },
  "epoch_history": {
    "train_loss": [
      1.2649130537725792,
      1.1719799195778189,
      0.9898253316298282,
      0.8742138162083922,
      0.8307892986675826,
      0.7838520411702963,
      0.7542617378913006,
      0.735344830895804,
      0.7338595652751381,
      0.7039866603336974,
      0.6704097452491034,
      0.6269708570877167,
      0.5958468076564017,
      0.5747378424336687,
      0.561851803432756,
      0.5558069797433863,
      0.5560815386525376,
      0.5470320866398926,
      0.5372765126504183,
      0.5249229363828686,
      0.521232578077367,
      0.5184070187910023,
      0.5174014914480208,
      0.5147924197957385,
      0.5146000386295853,
      0.5136888406202521,
      0.5125506811321499,
      0.5096466196200704,
      0.5077957251179064,
      0.5071408072566371,
      0.5064211967646332,
      0.5059133846536078,
      0.5059229072093033,
      0.505689663087409,
      0.5046809748569728,
      0.5031160621715779,
      0.5024813189126187,
      0.5013374000225557,
      0.5009229692952768,
      0.50158572651829,
      0.501176474367161,
      0.5006956184904019,
      0.4993347231704351,
      0.4993095166190054,
      0.4982126761359574,
      0.49710173139793634,
      0.49778165013444536,
      0.4972803565117006,
      0.4970061376624418,
      0.4962211674247929,
      0.49613762780197074,
      0.49537905347595745,
      0.4946221232121114,
      0.49484849724547103,
      0.49430550817927965,
      0.49376897415867055,
      0.4942672839242783,
      0.49401589659660966,
      0.4931919100368095,
      0.4922365133214417,
      0.4922007508540233,
      0.4914568250545524,
      0.4904537016216046,
      0.49098996640616455,
      0.4912315503431465,
      0.4908876848846996,
      0.49065390516115226,
      0.48955554609540114,
      0.4899320285404871,
      0.48955634794549713,
      0.4891001626670315,
      0.48942532283965784,
      0.4892307470130723,
      0.48791273954294495,
      0.4880912086567965,
      0.4883598420882254,
      0.4874976966492792,
      0.48724497362727687,
      0.4874125604145074,
      0.48660237343241913,
      0.48723533285610116
    ],
    "valid_loss": [
      1.2737599946760119,
      1.176763149301109,
      0.9895668774085699,
      0.889087696320523,
      0.8580750495155853,
      0.8162737516490538,
      0.7885678299548738,
      0.7703664995621057,
      0.7689887461415224,
      0.7392618414006822,
      0.7055961803402185,
      0.6603222889343506,
      0.627227735922495,
      0.6047071954260775,
      0.5909986727665235,
      0.5844120277071678,
      0.584702465525045,
      0.5749509700458107,
      0.5645132754174614,
      0.5511366904099904,
      0.5469972058010553,
      0.5438950026591572,
      0.5428272863550977,
      0.5399162903656487,
      0.5397035711175662,
      0.5386777306764727,
      0.5374143371319032,
      0.5342336302662489,
      0.5322388448256532,
      0.5314987943687578,
      0.530680033187598,
      0.5301384972522672,
      0.5301521722879774,
      0.5299587364448325,
      0.5288775631869687,
      0.5271405545483153,
      0.526452728354521,
      0.525216599037478,
      0.5247280051443122,
      0.5254714274488851,
      0.5250129024111154,
      0.5245297768183109,
      0.5230929288158344,
      0.5230342881279889,
      0.5218876904461411,
      0.520735422782495,
      0.5215312216824487,
      0.5209716733046149,
      0.5206642088453699,
      0.5198190652204329,
      0.5198085101152936,
      0.5189787281147893,
      0.5181425914498635,
      0.5184619121180841,
      0.5178433957817943,
      0.5173034184819812,
      0.517835695540194,
      0.5176097972597603,
      0.5167249358371119,
      0.515746471473771,
      0.5157272258933372,
      0.5149645011238227,
      0.5138277741599953,
      0.5144342756016952,
      0.5147534791026046,
      0.5142988285647099,
      0.5141295897659733,
      0.512856710840518,
      0.513392181705286,
      0.513029854280531,
      0.5124841004697501,
      0.5129554879074021,
      0.5127036304925813,
      0.5112027667333904,
      0.5114542358560373,
      0.5118211059150697,
      0.5108649745573001,
      0.5106787453164281,
      0.5108016309242913,
      0.509884670238693,
      0.5106556505017061
    ],
    "train_acc": [
      0.5430261195390738,
      0.6844098581248524,
      0.7821426583306299,
      0.8100032440671003,
      0.812972813182046,
      0.815168797065367,
      0.8170077416110152,
      0.8181978727365914,
      0.8182266662315649,
      0.8199561954963135,
      0.8212768571324366,
      0.8223230207831447,
      0.8228432232590013,
      0.823246332188632,
      0.8236513606845941,
      0.8234037366278211,
      0.8231503538720533,
      0.8233979779288263,
      0.8234478866534473,
      0.8242387479820559,
      0.8238759499453884,
      0.8239757673946302,
      0.8239488934659882,
      0.8241158957368351,
      0.8241773218594455,
      0.824062147879551,
      0.8240410326499037,
      0.8244806133398342,
      0.8247224786976126,
      0.8248530092081597,
      0.8247224786976126,
      0.8248530092081597,
      0.8249201940297648,
      0.8247954222182124,
      0.8247052026006285,
      0.8251428637242274,
      0.8251255876272433,
      0.8252330833418114,
      0.8249988962493593,
      0.8249681831880542,
      0.8252042898468378,
      0.8250948745659381,
      0.8254096834443163,
      0.8254653508679319,
      0.8255171791588845,
      0.8255901226794843,
      0.8252964290307534,
      0.825325222525727,
      0.8255478922201896,
      0.8258319880372627,
      0.8256169966081263,
      0.825766722781989,
      0.8259855533437885,
      0.8257571249503313,
      0.8258895750272098,
      0.8259394837518308,
      0.8259241272211781,
      0.8258818967618835,
      0.8258415858689205,
      0.8261602338799618,
      0.825997070741778,
      0.8261525556146355,
      0.8262754078598563,
      0.8261947860739302,
      0.8260105077060991,
      0.826164073012625,
      0.8262370165332248,
      0.8264001796714087,
      0.8262869252578458,
      0.8262792469925194,
      0.8263617883447771,
      0.826240855665888,
      0.8263771448754298,
      0.8266382058965238,
      0.8264577666613558,
      0.8264404905643717,
      0.8265902167382345,
      0.826488479722661,
      0.8268704734226443,
      0.8268935082186233,
      0.8266708385241606
    ],