{
  "hyperparameters": {
    "signal": "MHc-130_MA-90",
    "channel": "Run3Mu",
    "iteration": 0,
    "model_idx": 3,
    "num_hidden": 96,
    "optimizer": "RMSprop",
    "initial_lr": 0.0051,
    "weight_decay": 0.00014,
    "scheduler": "ReduceLROnPlateau",
    "pilot_mode": false,
    "num_classes": 4,
    "model_type": "ParticleNet",
    "num_node_features": 9,
    "num_graph_features": 4,
    "dropout_p": 0.25,
    "batch_size": 1024,
    "train_folds": [
      0,
      1,
      2
    ],
    "valid_folds": [
      3
    ]
  },
  "training_summary": {
    "best_epoch": 0,
    "best_train_loss": 0.4812718555936343,
    "best_valid_loss": 0.5028073417778304,
    "best_train_acc": 0.8257264118890261,
    "best_valid_acc": 0.8182584024866132,
    "total_epochs": 8
  },
  "epoch_history": {
    "train_loss": [
      0.4812718555936343,
      0.5890775265817572,
      0.5523306895209359,
      0.48447627112473374,
      0.5112230946347102,
      0.7068268455931062,
      0.5263686675953043,
      0.9582574470400647
    ],
    "valid_loss": [
      0.5028073417778304,
      0.617667418784076,
      0.5798927151915463,
      0.5077197733762338,
      0.5340462812132062,
      0.7349572390909214,
      0.5508176185560851,
      1.0033998268767725
    ],
    "train_acc": [
      0.8257264118890261,
      0.7558599561187137,
      0.783355824252185,
      0.8276248629909531,
      0.8201865434561024,
      0.7390311180898012,
      0.8155642277296713,
      0.6559407698612729
    ],
    "valid_acc": [
      0.8182584024866132,
      0.739539860370087,
      0.7705353771072788,
      0.8200981863604233,
      0.8136153689734974,
      0.7216164922099677,
      0.8096065767431952,
      0.6405062310574884
    ],
    "epoch": [
      0,
      1,
      2,
      3,
      4,
      5,
      6,
      7
    ],
    "timestamp": [
      1760539205.1667688,
      1760539586.739391,
      1760539923.363363,
      1760540293.4347892,
      1760540659.5995655,
      1760541025.7136548,
      1760541352.354979,
      1760541701.584976
    ]
  }
}