{
  "hyperparameters": {
    "signal": "MHc-130_MA-90",
    "channel": "Run3Mu",
    "iteration": 0,
    "model_idx": 1,
    "num_hidden": 64,
    "optimizer": "Adam",
    "initial_lr": 0.0051,
    "weight_decay": 0.00228,
    "scheduler": "CyclicLR",
    "pilot_mode": false,
    "num_classes": 4,
    "model_type": "ParticleNet",
    "num_node_features": 9,
    "num_graph_features": 4,
    "dropout_p": 0.25,
    "batch_size": 1024,
    "train_folds": [
      0,
      1,
      2
    ],
    "valid_folds": [
      3
    ]
  },
  "training_summary": {
    "best_epoch": 1,
    "best_train_loss": 0.4742372331367897,
    "best_valid_loss": 0.49545998772906896,
    "best_train_acc": 0.8299993665431106,
    "best_valid_acc": 0.8223301346915457,
    "total_epochs": 9
  },
  "epoch_history": {
    "train_loss": [
      0.47864949477567154,
      0.4742372331367897,
      0.5374303490089893,
      0.5060137411021727,
      0.5289973875039651,
      0.49728229253915707,
      0.505667414207626,
      0.48560827596813705,
      0.47730456680539235
    ],
    "valid_loss": [
      0.5005237426089973,
      0.49545998772906896,
      0.5620489519506059,
      0.5271412148518634,
      0.5520600691456046,
      0.518191383434732,
      0.5253549594477819,
      0.5067816156021994,
      0.4987354801421732
    ],
    "train_acc": [
      0.8269357386779179,
      0.8299993665431106,
      0.7928020101698624,
      0.8200598520782185,
      0.8054519522949375,
      0.8274271476588009,
      0.8148751034166362,
      0.8261391186503145,
      0.8285021048044826
    ],
    "valid_acc": [
      0.8196333988554607,
      0.8223301346915457,
      0.7830749566682482,
      0.8136395766560476,
      0.798204758262082,
      0.8194494204680798,
      0.8091902046033329,
      0.819134720594928,
      0.8211681659291393
    ],
    "epoch": [
      0,
      1,
      2,
      3,
      4,
      5,
      6,
      7,
      8
    ],
    "timestamp": [
      1760539259.6181316,
      1760539605.058129,
      1760539903.9355247,
      1760540249.6014054,
      1760540584.3780336,
      1760540932.0540252,
      1760541227.9405143,
      1760541557.6049712,
      1760541887.3491154
    ]
  }
}