{
  "hyperparameters": {
    "signal": "MHc-130_MA-90",
    "channel": "Run3Mu",
    "iteration": 0,
    "model_idx": 13,
    "num_hidden": 96,
    "optimizer": "RMSprop",
    "initial_lr": 0.0034,
    "weight_decay": 0.00851,
    "scheduler": "ExponentialLR",
    "pilot_mode": false,
    "num_classes": 4,
    "model_type": "ParticleNet",
    "num_node_features": 9,
    "num_graph_features": 4,
    "dropout_p": 0.25,
    "batch_size": 1024,
    "train_folds": [
      0,
      1,
      2
    ],
    "valid_folds": [
      3
    ]
  },
  "training_summary": {
    "best_epoch": 11,
    "best_train_loss": 0.503955775080825,
    "best_valid_loss": 0.5261747723274548,
    "best_train_acc": 0.8233557474695317,
    "best_valid_acc": 0.8165202908795135,
    "total_epochs": 19
  },
  "epoch_history": {
    "train_loss": [
      0.7283659571723307,
      0.5140070280127002,
      0.5677534826449196,
      0.5320180753826595,
      0.9026748828076636,
      0.5826361152043218,
      1.1588588820857342,
      0.5146913245297122,
      0.5653999826679469,
      0.5213943213410164,
      0.5183843615464456,
      0.503955775080825,
      0.69823882146358,
      0.5311534389830337,
      0.5801099742889836,
      0.5211379216301203,
      0.7134504027147062,
      1.2060076348098312,
      0.6120181123797699
    ],
    "valid_loss": [
      0.7522656213002907,
      0.5355637206747567,
      0.5818723958006309,
      0.5518695261382547,
      0.9533483590150998,
      0.6069759357704273,
      1.222275905700183,
      0.5338145465822572,
      0.5904219096590658,
      0.5447680439243104,
      0.5409062492411459,
      0.5261747723274548,
      0.73376426117959,
      0.5499879847508053,
      0.5941575271160087,
      0.5435377714953062,
      0.7221978536541951,
      1.23655164388273,
      0.643527373775564
    ],
    "train_acc": [
      0.8109822228962033,
      0.8225015404519811,
      0.8140765638227012,
      0.8229814320348747,
      0.644935896082357,
      0.7688669375814616,
      0.644935896082357,
      0.8208583916721535,
      0.8010638236609585,
      0.8216799660620673,
      0.82408518267553,
      0.8233557474695317,
      0.7881873727087576,
      0.8180922965883548,
      0.8129171457584302,
      0.8196010757249722,
      0.7248666381291139,
      0.5479478876132304,
      0.8241005392061825
    ],
    "valid_acc": [
      0.8055348445382626,
      0.8153292728980469,
      0.8087205755618603,
      0.8161378094952214,
      0.6183077861590154,
      0.7581362021051,
      0.6183077861590154,
      0.8141866702816806,
      0.7943024798350005,
      0.8139155442371191,
      0.8173820843782983,
      0.8165202908795135,
      0.7787659891743244,
      0.8122161649220997,
      0.807568289872474,
      0.812995652300214,
      0.7149448548991508,
      0.540068556156982,
      0.8167430015589747
    ],
    "epoch": [
      0,
      1,
      2,
      3,
      4,
      5,
      6,
      7,
      8,
      9,
      10,
      11,
      12,
      13,
      14,
      15,
      16,
      17,
      18
    ],
    "timestamp": [
      1760539266.782821,
      1760539626.2507348,
      1760539961.1419413,
      1760540322.9495625,
      1760540683.1290298,
      1760541038.1131675,
      1760541362.2789724,
      1760541713.6730132,
      1760542013.8975658,
      1760542304.3395183,
      1760542586.3366501,
      1760542842.455025,
      1760543119.7691448,
      1760543403.2271376,
      1760543672.8711028,
      1760543893.1356301,
      1760544111.6073756,
      1760544302.1229255,
      1760544503.4995918
    ]
  }
}