{
  "hyperparameters": {
    "signal": "MHc100_MA95",
    "channel": "Combined",
    "iteration": 0,
    "model_idx": 4,
    "num_hidden": 256,
    "optimizer": "Adadelta",
    "initial_lr": 0.0015,
    "weight_decay": 6e-05,
    "scheduler": "ExponentialLR",
    "pilot_mode": false,
    "num_classes": 4,
    "model_type": "ParticleNet",
    "num_node_features": 9,
    "num_graph_features": 8,
    "dropout_p": 0.4,
    "batch_size": 512,
    "train_folds": [
      0,
      1,
      2
    ],
    "valid_folds": [
      3
    ],
    "loss_type": "disco",
    "disco_lambda": 0.1
  },
  "training_summary": {
    "best_epoch": 0,
    "best_train_loss": 1.4621679937473335,
    "best_valid_loss": 0.9849787173063859,
    "best_train_acc": 0.2536076083779335,
    "best_valid_acc": 0.24733563628979027,
    "total_epochs": 11
  },
  "epoch_history": {
    "train_loss": [
      1.4621679937473335,
      1.4230340430354096,
      1.383919569412596,
      1.3580830544741893,
      1.3396660606202004,
      1.3162061671755012,
      1.3014601359188354,
      1.286242800767918,
      1.2702872110308234,
      1.2578820759119027,
      1.2448736718083404
    ],
    "valid_loss": [
      0.9849787173063859,
      1.0027049813429108,
      1.0243731642623082,
      1.0388531697070813,
      1.048794329318854,
      1.0678181758012308,
      1.0663009604529652,
      1.0711102497852063,
      1.0723723194483297,
      1.0671311010180227,
      1.0754333652193895
    ],
    "train_acc": [
      0.2536076083779335,
      0.2525639608502388,
      0.2580716870725155,
      0.2607918381690979,
      0.2613431513309479,
      0.262065302580595,
      0.2605939954519272,
      0.2618837021291256,
      0.2605704069137573,
      0.265043281018734,
      0.2647874429821968
    ],
    "valid_acc": [
      0.24733563628979027,
      0.23082003486342728,
      0.23486230144408182,
      0.2394045921973884,
      0.24387049532379024,
      0.24881731331697665,
      0.2494311855552951,
      0.2503317804512335,
      0.25093756643036613,
      0.2514381844739546,
      0.25088908366888063
    ],
    "epoch": [
      0,
      1,
      2,
      3,
      4,
      5,
      6,
      7,
      8,
      9,
      10
    ],
    "timestamp": [
      1772528750.1283317,
      1772528982.8352416,
      1772529271.6565983,
      1772529561.1363227,
      1772529850.5837405,
      1772530138.7524765,
      1772530427.469884,
      1772530717.1132073,
      1772531006.4442146,
      1772531295.7487807,
      1772531584.3913352
    ],
    "train_ce_loss": [
      1.4145986921958142,
      1.3758668772901692,
      1.336434783483935,
      1.3100853793755327,
      1.2918326163047817,
      1.2678534118490414,
      1.253247129479773,
      1.237428048568374,
      1.2220064595901112,
      1.209790802551211,
      1.1964476472180043
    ],
    "valid_ce_loss": [
      0.9336490804886879,
      0.9511238923463066,
      0.9725829524457302,
      0.9866256579718626,
      0.9964466437964183,
      1.0153380467763642,
      1.0137373608396487,
      1.0185322287442433,
      1.0198443574673683,
      1.0143848433518958,
      1.0224254251745961
    ],
    "train_disco_term": [
      0.4756929470232526,
      0.4716719593280615,
      0.4748476018728657,
      0.47997677852574466,
      0.4783350426334977,
      0.48352764563399775,
      0.4821297759539845,
      0.48814735804452425,
      0.4828087205111777,
      0.48091373282386174,
      0.48426097340296964
    ],
    "valid_disco_term": [
      0.5132964177967032,
      0.5158108778469398,
      0.5179024847876995,
      0.5222749774108457,
      0.5234771230641533,
      0.5248015621281645,
      0.5256367297581089,
      0.5257802944811408,
      0.5252800356701511,
      0.5274626015092406,
      0.5300793445018857
    ]
  }
}