{
    "MHc70_MA18": {
        "exp-2": 3.1924772093392915e-07,
        "exp-1": 3.741956935559479e-07,
        "exp0": 4.840916387999855e-07,
        "exp+1": 6.489355566660419e-07,
        "exp+2": 9.786233923981546e-07,
        "obs": 4.840916387999855e-07
    },
    "MHc70_MA40": {
        "exp-2": 6.489355566660419e-07,
        "exp-1": 6.489355566660419e-07,
        "exp0": 8.247690690565021e-07,
        "exp+1": 1.2643528500326525e-06,
        "exp+2": 1.7918533872040328e-06,
        "obs": 9.126858252517322e-07
    },
    "MHc70_MA55": {
        "exp-2": 7.055319684667212e-07,
        "exp-1": 7.055319684667212e-07,
        "exp0": 8.923550753815852e-07,
        "exp+1": 1.2660012892113129e-06,
        "exp+2": 2.1067052703282006e-06,
        "obs": 9.85766628839017e-07
    },
    "MHc70_MA65": {
        "exp-2": 5.220057399091785e-07,
        "exp-1": 7.088288468240424e-07,
        "exp0": 8.956519537389063e-07,
        "exp+1": 1.269298167568634e-06,
        "exp+2": 1.9231790417706574e-06,
        "obs": 9.89063507196338e-07
    },
    "MHc85_MA15": {
        "exp-2": 2.664976672167911e-07,
        "exp-1": 3.159508425766081e-07,
        "exp0": 3.65404017936425e-07,
        "exp+1": 5.632167193756925e-07,
        "exp+2": 8.104825961747771e-07,
        "obs": 4.1485719329624186e-07
    },
    "MHc85_MA70": {
        "exp-2": 8.461987783790893e-07,
        "exp-1": 8.461987783790893e-07,
        "exp0": 1.0659906688671645e-06,
        "exp+1": 1.6154703950873523e-06,
        "exp+2": 2.4946379570396527e-06,
        "obs": 1.175886614111202e-06
    },
    "MHc85_MA80": {
        "exp-2": 5.725578747214359e-07,
        "exp-1": 7.703705761607034e-07,
        "exp0": 9.68183277599971e-07,
        "exp+1": 1.4091472083652352e-06,
        "exp+2": 2.253965836955211e-06,
        "obs": 1.067089628319605e-06
    },
    "MHc100_MA24": {
        "exp-2": 3.208961601125897e-07,
        "exp-1": 3.758441327346085e-07,
        "exp0": 4.857400779786462e-07,
        "exp+1": 7.055319684667212e-07,
        "exp+2": 1.0352198041988341e-06,
        "obs": 4.857400779786462e-07
    },
    "MHc100_MA60": {
        "exp-2": 5.961855029489038e-07,
        "exp-1": 5.961855029489038e-07,
        "exp0": 6.676178673575282e-07,
        "exp+1": 1.1676444182178993e-06,
        "exp+2": 1.453373875852397e-06,
        "obs": 7.390502317661528e-07
    },
    "MHc100_MA75": {
        "exp-2": 5.934381043178029e-07,
        "exp-1": 5.934381043178029e-07,
        "exp0": 5.934381043178029e-07,
        "exp+1": 1.0550010743427607e-06,
        "exp+2": 1.6704183677093712e-06,
        "obs": 5.934381043178029e-07
    },
    "MHc100_MA95": {
        "exp-2": 1.2517148163295881e-06,
        "exp-1": 1.4605171122932594e-06,
        "exp0": 2.086924000184274e-06,
        "exp+1": 2.952715686770443e-06,
        "exp+2": 4.283884208171577e-06,
        "obs": 2.2957262961479453e-06
    },
    "MHc115_MA27": {
        "exp-2": 4.2584678782064566e-07,
        "exp-1": 4.972791522292701e-07,
        "exp0": 6.401438810465189e-07,
        "exp+1": 9.258733386810166e-07,
        "exp+2": 1.2830351607241387e-06,
        "obs": 7.115762454551433e-07
    },
    "MHc115_MA87": {
        "exp-2": 8.368576230333461e-07,
        "exp-1": 9.742275545883933e-07,
        "exp0": 1.3863373492535341e-06,
        "exp+1": 1.935817075473722e-06,
        "exp+2": 2.760036664804004e-06,
        "obs": 1.5237072808085809e-06
    },
    "MHc115_MA110": {
        "exp-2": 4.3079210535662736e-07,
        "exp-1": 5.846464286982799e-07,
        "exp0": 7.385007520399325e-07,
        "exp+1": 1.123136560394064e-06,
        "exp+2": 1.4308452070773694e-06,
        "obs": 8.154279137107588e-07
    },
    "MHc130_MA30": {
        "exp-2": 3.7144829492484697e-07,
        "exp-1": 4.318910648090677e-07,
        "exp0": 5.52776604577509e-07,
        "exp+1": 8.549904539986123e-07,
        "exp+2": 1.3385326130723775e-06,
        "obs": 6.132193744617298e-07
    },
    "MHc130_MA83": {
        "exp-2": 6.368470026891978e-07,
        "exp-1": 6.368470026891978e-07,
        "exp0": 8.016909205552542e-07,
        "exp+1": 1.131378756287367e-06,
        "exp+2": 1.8731763866846203e-06,
        "obs": 8.016909205552542e-07
    },
    "MHc130_MA90": {
        "exp-2": 1.7874836837119628e-06,
        "exp-1": 2.3084116186148013e-06,
        "exp0": 3.231210977951333e-06,
        "exp+1": 4.505620768191152e-06,
        "exp+2": 6.063060914134676e-06,
        "obs": 3.385567473185927e-06
    },
    "MHc130_MA100": {
        "exp-2": 5.50029205946408e-07,
        "exp-1": 6.434407594038401e-07,
        "exp0": 9.236754197761359e-07,
        "exp+1": 1.3907331870632955e-06,
        "exp+2": 1.7643794008930233e-06,
        "obs": 1.0170869732335677e-06
    },
    "MHc130_MA125": {
        "exp-2": 4.681567267396001e-07,
        "exp-1": 5.395890911482245e-07,
        "exp0": 6.824538199654734e-07,
        "exp+1": 9.68183277599971e-07,
        "exp+2": 1.5396421928689664e-06,
        "obs": 7.538861843740978e-07
    },
    "MHc145_MA35": {
        "exp-2": 5.187088615518573e-07,
        "exp-1": 5.187088615518573e-07,
        "exp0": 7.330059547777305e-07,
        "exp+1": 1.0187354124122283e-06,
        "exp+2": 1.3758972344553505e-06,
        "obs": 7.330059547777305e-07
    },
    "MHc145_MA92": {
        "exp-2": 1.6039313208367285e-06,
        "exp-1": 1.9254449980988697e-06,
        "exp0": 2.6369532061306813e-06,
        "exp+1": 3.669975091424635e-06,
        "exp+2": 5.0449927014711024e-06,
        "obs": 2.89520867745417e-06
    },
    "MHc145_MA140": {
        "exp-2": 4.967296725030498e-07,
        "exp-1": 5.736568341738762e-07,
        "exp0": 7.275111575155288e-07,
        "exp+1": 1.1121469658696603e-06,
        "exp+2": 1.4967827742237916e-06,
        "obs": 8.04438319186355e-07
    },
    "MHc160_MA50": {
        "exp-2": 4.950812333243893e-07,
        "exp-1": 5.720083949952156e-07,
        "exp0": 7.258627183368682e-07,
        "exp+1": 1.0335713650201733e-06,
        "exp+2": 1.4951343350451314e-06,
        "obs": 8.027898800076945e-07
    },
    "MHc160_MA85": {
        "exp-2": 6.456386783087207e-07,
        "exp-1": 9.093889468944111e-07,
        "exp0": 1.3050143497729464e-06,
        "exp+1": 1.9643900212371712e-06,
        "exp+2": 2.491890558408552e-06,
        "obs": 1.4368894840657915e-06
    },
    "MHc160_MA98": {
        "exp-2": 6.225605298074729e-07,
        "exp-1": 7.269616777893086e-07,
        "exp0": 1.0401651217348157e-06,
        "exp+1": 1.5621708616439942e-06,
        "exp+2": 1.979775453571337e-06,
        "obs": 1.1445662697166514e-06
    },
    "MHc160_MA120": {
        "exp-2": 4.18154071653563e-07,
        "exp-1": 4.950812333243893e-07,
        "exp0": 7.258627183368682e-07,
        "exp+1": 1.0335713650201733e-06,
        "exp+2": 1.5720614967159576e-06,
        "obs": 8.027898800076945e-07
    },
    "MHc160_MA135": {
        "exp-2": 5.637661991019129e-07,
        "exp-1": 6.516829552971428e-07,
        "exp0": 8.275164676876032e-07,
        "exp+1": 1.2671002486637534e-06,
        "exp+2": 1.8825175420303637e-06,
        "obs": 9.154332238828329e-07
    },
    "MHc160_MA155": {
        "exp-2": 6.093730163781885e-07,
        "exp-1": 7.027845698356204e-07,
        "exp0": 8.89607676750484e-07,
        "exp+1": 1.3566654440376441e-06,
        "exp+2": 1.9171347647822355e-06,
        "obs": 9.830192302079163e-07
    }
}