{
    "MHc70_MA18": {
        "exp-2": 6.963240243924958e-07,
        "exp-1": 1.021242265888142e-06,
        "exp0": 1.6205359113134447e-06,
        "exp+1": 2.6798980266536615e-06,
        "exp+2": 4.260463298769659e-06,
        "obs": 1.620205853375252e-06
    },
    "MHc70_MA40": {
        "exp-2": 1.0388265698040967e-06,
        "exp-1": 1.4754308511280113e-06,
        "exp0": 2.2537254395749894e-06,
        "exp+1": 3.5653085044941297e-06,
        "exp+2": 5.517523558508976e-06,
        "obs": 2.2432880841842938e-06
    },
    "MHc70_MA55": {
        "exp-2": 1.341670925746986e-06,
        "exp-1": 1.8499552360343174e-06,
        "exp0": 2.725934579295463e-06,
        "exp+1": 4.181937214586365e-06,
        "exp+2": 6.267640683683368e-06,
        "obs": 2.7367299436040902e-06
    },
    "MHc70_MA65": {
        "exp-2": 9.709129683883323e-07,
        "exp-1": 1.3663577294714971e-06,
        "exp0": 2.0712809992284424e-06,
        "exp+1": 3.2601757981794624e-06,
        "exp+2": 5.016685639241075e-06,
        "obs": 2.0670874134095e-06
    },
    "MHc85_MA15": {
        "exp-2": 4.879298807889379e-07,
        "exp-1": 7.370761154272215e-07,
        "exp0": 1.212718927009399e-06,
        "exp+1": 2.06349399215253e-06,
        "exp+2": 3.40854061952853e-06,
        "obs": 1.2097577722859325e-06
    },
    "MHc85_MA70": {
        "exp-2": 1.4358276842530394e-06,
        "exp-1": 1.988352124999662e-06,
        "exp0": 2.9405750973502244e-06,
        "exp+1": 4.5346661020630015e-06,
        "exp+2": 6.841556467808024e-06,
        "obs": 2.945230419514346e-06
    },
    "MHc85_MA80": {
        "exp-2": 1.1447214816412697e-06,
        "exp-1": 1.589551640729258e-06,
        "exp0": 2.382509750407846e-06,
        "exp+1": 3.655079176242082e-06,
        "exp+2": 5.534106975243573e-06,
        "obs": 2.3604149676005257e-06
    },
    "MHc100_MA24": {
        "exp-2": 5.254919714485211e-07,
        "exp-1": 7.746411537257549e-07,
        "exp0": 1.234182978814875e-06,
        "exp+1": 2.040982054700209e-06,
        "exp+2": 3.2982232667195345e-06,
        "obs": 1.2321879299286422e-06
    },
    "MHc100_MA60": {
        "exp-2": 1.011367675404513e-06,
        "exp-1": 1.4005545989961123e-06,
        "exp0": 2.0712809992284424e-06,
        "exp+1": 3.177613741242279e-06,
        "exp+2": 4.811183129447797e-06,
        "obs": 2.075308702171716e-06
    },
    "MHc100_MA75": {
        "exp-2": 9.103776347807007e-07,
        "exp-1": 1.2775368524964317e-06,
        "exp0": 1.910300610687372e-06,
        "exp+1": 2.991565321005787e-06,
        "exp+2": 4.532319781458533e-06,
        "obs": 1.9163933799335563e-06
    },
    "MHc100_MA95": {
        "exp-2": 2.2107973359640373e-06,
        "exp-1": 3.039846336950551e-06,
        "exp0": 4.4215946719280745e-06,
        "exp+1": 6.642302625074022e-06,
        "exp+2": 9.884414636734942e-06,
        "obs": 4.415475713983732e-06
    },
    "MHc115_MA27": {
        "exp-2": 6.963240243924958e-07,
        "exp-1": 1.021242265888142e-06,
        "exp0": 1.6205359113134447e-06,
        "exp+1": 2.6798980266536615e-06,
        "exp+2": 4.330710447687773e-06,
        "obs": 1.6146320124914977e-06
    },
    "MHc115_MA87": {
        "exp-2": 2.070945623418982e-06,
        "exp-1": 2.823654705777035e-06,
        "exp0": 4.078169843040457e-06,
        "exp+1": 6.061372770309319e-06,
        "exp+2": 8.884540788144109e-06,
        "obs": 4.084588520697687e-06
    },
    "MHc115_MA110": {
        "exp-2": 9.960661540978748e-07,
        "exp-1": 1.4105749338500633e-06,
        "exp0": 2.124941128742133e-06,
        "exp+1": 3.327696381068515e-06,
        "exp+2": 5.139504911384766e-06,
        "obs": 2.131443573757787e-06
    },
    "MHc130_MA30": {
        "exp-2": 9.179235904935634e-07,
        "exp-1": 1.2977000129784922e-06,
        "exp0": 1.9746927661038002e-06,
        "exp+1": 3.1238894187025594e-06,
        "exp+2": 4.789388287049006e-06,
        "obs": 1.9770258758882934e-06
    },
    "MHc130_MA83": {
        "exp-2": 9.305001833483345e-07,
        "exp-1": 1.294211318523049e-06,
        "exp0": 1.9210326365901098e-06,
        "exp+1": 2.9777425319059014e-06,
        "exp+2": 4.54390334750248e-06,
        "obs": 1.9323481370652373e-06
    },
    "MHc130_MA90": {
        "exp-2": 3.404902905548375e-06,
        "exp-1": 4.62326033835433e-06,
        "exp0": 6.6538560596975874e-06,
        "exp+1": 9.889607721534559e-06,
        "exp+2": 1.4334208387954574e-05,
        "obs": 6.656491348907469e-06
    },
    "MHc130_MA100": {
        "exp-2": 1.2148988697708928e-06,
        "exp-1": 1.6751563160940668e-06,
        "exp0": 2.46836595762975e-06,
        "exp+1": 3.7277594373559803e-06,
        "exp+2": 5.587332819285247e-06,
        "obs": 2.4567536639062593e-06
    },
    "MHc130_MA125": {
        "exp-2": 9.130606412563852e-07,
        "exp-1": 1.279157398888239e-06,
        "exp0": 1.931764662492848e-06,
        "exp+1": 3.0251782305027965e-06,
        "exp+2": 4.672277281490361e-06,
        "obs": 1.935516448732559e-06
    },
    "MHc145_MA35": {
        "exp-2": 1.0323286634957984e-06,
        "exp-1": 1.429581637317275e-06,
        "exp0": 2.114209102839395e-06,
        "exp+1": 3.2434712007324638e-06,
        "exp+2": 4.861123011090724e-06,
        "obs": 2.1071380279878036e-06
    },
    "MHc145_MA92": {
        "exp-2": 3.5097078460048013e-06,
        "exp-1": 4.758775746488e-06,
        "exp0": 6.9114246813633006e-06,
        "exp+1": 1.0272431347663257e-05,
        "exp+2": 1.5056958978083156e-05,
        "obs": 6.8825036630964246e-06
    },
    "MHc145_MA140": {
        "exp-2": 9.891490280277507e-07,
        "exp-1": 1.3857538487955922e-06,
        "exp0": 2.0927450510339185e-06,
        "exp+1": 3.310643634709938e-06,
        "exp+2": 5.123414732901193e-06,
        "obs": 2.0919518891169104e-06
    },
    "MHc160_MA50": {
        "exp-2": 7.815933239478441e-07,
        "exp-1": 1.1100860689439323e-06,
        "exp0": 1.6956600926326112e-06,
        "exp+1": 2.6824703329109887e-06,
        "exp+2": 4.189932521481434e-06,
        "obs": 1.7008528150260134e-06
    },
    "MHc160_MA85": {
        "exp-2": 1.2994135737549548e-06,
        "exp-1": 1.7916889293875672e-06,
        "exp0": 2.6400783720735587e-06,
        "exp+1": 4.008129028848866e-06,
        "exp+2": 5.986705145512016e-06,
        "obs": 2.6322376691283684e-06
    },
    "MHc160_MA98": {
        "exp-2": 1.2888492357569472e-06,
        "exp-1": 1.7771223527258798e-06,
        "exp0": 2.618614320268083e-06,
        "exp+1": 3.975542552737452e-06,
        "exp+2": 6.000333717956619e-06,
        "obs": 2.611355365409137e-06
    },
    "MHc160_MA120": {
        "exp-2": 1.0622190325139709e-06,
        "exp-1": 1.4749893603163384e-06,
        "exp0": 2.2107973359640373e-06,
        "exp+1": 3.3916499933122213e-06,
        "exp+2": 5.21332427119525e-06,
        "obs": 2.2029847056772213e-06
    },
    "MHc160_MA135": {
        "exp-2": 1.0017675428587045e-06,
        "exp-1": 1.4362626247559334e-06,
        "exp0": 2.2107973359640373e-06,
        "exp+1": 3.4973978507173156e-06,
        "exp+2": 5.462823567476696e-06,
        "obs": 2.1943446417663424e-06
    },
    "MHc160_MA155": {
        "exp-2": 1.1085008942195288e-06,
        "exp-1": 1.5817751141473913e-06,
        "exp0": 2.425437854018798e-06,
        "exp+1": 3.894958689051384e-06,
        "exp+2": 6.124617966658627e-06,
        "obs": 2.42236398503263e-06
    }
}