{
    "MHc70_MA15": {
        "exp-2": 2.673154811281607e-07,
        "exp-1": 3.940565868952753e-07,
        "exp0": 6.278235153101756e-07,
        "exp+1": 1.0182183977193948e-06,
        "exp+2": 1.6167925736042362e-06,
        "obs": 6.284365169423807e-07
    },
    "MHc70_MA18": {
        "exp-2": 3.0393432732363606e-07,
        "exp-1": 4.386250515820901e-07,
        "exp0": 6.707516189211278e-07,
        "exp+1": 1.0611037605655673e-06,
        "exp+2": 1.6268302667764505e-06,
        "obs": 6.739000673783543e-07
    },
    "MHc70_MA40": {
        "exp-2": 5.546277448954075e-07,
        "exp-1": 7.692158604799403e-07,
        "exp0": 1.1268627197874947e-06,
        "exp+1": 1.7107867206948627e-06,
        "exp+2": 2.501680828077337e-06,
        "obs": 1.131378685171936e-06
    },
    "MHc70_MA55": {
        "exp-2": 6.335668260471878e-07,
        "exp-1": 8.748959221891776e-07,
        "exp0": 1.2771110824258272e-06,
        "exp+1": 1.928710417267141e-06,
        "exp+2": 2.7992063332920623e-06,
        "obs": 1.2876306916749752e-06
    },
    "MHc70_MA65": {
        "exp-2": 7.192553453643619e-07,
        "exp-1": 9.847943827517862e-07,
        "exp0": 1.42735944506416e-06,
        "exp+1": 2.1214804368567176e-06,
        "exp+2": 3.074918982758855e-06,
        "obs": 1.434455697840555e-06
    },
    "MHc85_MA15": {
        "exp-2": 2.3518228638422042e-07,
        "exp-1": 3.4492288450526646e-07,
        "exp0": 5.473333210396403e-07,
        "exp+1": 8.876776215875763e-07,
        "exp+2": 1.4095114912198695e-06,
        "obs": 5.454905148204561e-07
    },
    "MHc85_MA70": {
        "exp-2": 7.841505644949809e-07,
        "exp-1": 1.067616814462916e-06,
        "exp0": 1.5561437558970166e-06,
        "exp+1": 2.2880806628143253e-06,
        "exp+2": 3.2809252112972013e-06,
        "obs": 1.5461301798276158e-06
    },
    "MHc85_MA80": {
        "exp-2": 8.182750531075934e-07,
        "exp-1": 1.1171738305577371e-06,
        "exp0": 1.5990718595079688e-06,
        "exp+1": 2.3512002569928053e-06,
        "exp+2": 3.371433775329054e-06,
        "obs": 1.6016023724661222e-06
    },
    "MHc100_MA15": {
        "exp-2": 3.9197047730703406e-07,
        "exp-1": 5.748714741754441e-07,
        "exp0": 9.122222017327339e-07,
        "exp+1": 1.479462729938914e-06,
        "exp+2": 2.3491858732856887e-06,
        "obs": 9.161097752262881e-07
    },
    "MHc100_MA24": {
        "exp-2": 2.9433419477782743e-07,
        "exp-1": 4.1803874115293655e-07,
        "exp0": 6.385555412129136e-07,
        "exp+1": 9.99989543419633e-07,
        "exp+2": 1.515016987200159e-06,
        "obs": 6.402116048578419e-07
    },
    "MHc100_MA60": {
        "exp-2": 4.2886181634769613e-07,
        "exp-1": 6.000606865832684e-07,
        "exp0": 8.853921369758887e-07,
        "exp+1": 1.344189601351189e-06,
        "exp+2": 1.965606505281667e-06,
        "obs": 8.851761843076967e-07
    },
    "MHc100_MA75": {
        "exp-2": 5.258692692341642e-07,
        "exp-1": 7.230702451969758e-07,
        "exp0": 1.0517385384683284e-06,
        "exp+1": 1.5631961458434172e-06,
        "exp+2": 2.265729699200237e-06,
        "obs": 1.0500972821722029e-06
    },
    "MHc100_MA95": {
        "exp-2": 1.8371886842249692e-06,
        "exp-1": 2.4978633081212114e-06,
        "exp0": 3.5630325997090307e-06,
        "exp+1": 5.18210615458767e-06,
        "exp+2": 7.434296529300411e-06,
        "obs": 3.552072627028272e-06
    },
    "MHc115_MA15": {
        "exp-2": 2.4675275181060993e-07,
        "exp-1": 3.6374454174948494e-07,
        "exp0": 5.795293987478544e-07,
        "exp+1": 9.398938992887599e-07,
        "exp+2": 1.492423989676704e-06,
        "obs": 5.777388349959744e-07
    },
    "MHc115_MA27": {
        "exp-2": 3.9410849809234515e-07,
        "exp-1": 5.607093790808306e-07,
        "exp0": 8.478300463163056e-07,
        "exp+1": 1.3277172123503891e-06,
        "exp+2": 2.0115353053440624e-06,
        "obs": 8.498261501660756e-07
    },
    "MHc115_MA87": {
        "exp-2": 1.020338978307583e-06,
        "exp-1": 1.3815691840324306e-06,
        "exp0": 1.9639607402010624e-06,
        "exp+1": 2.856401991968962e-06,
        "exp+2": 4.049136909441394e-06,
        "obs": 1.9713919092913227e-06
    },
    "MHc115_MA110": {
        "exp-2": 6.23295941882458e-07,
        "exp-1": 8.594280230395648e-07,
        "exp0": 1.2663790565230893e-06,
        "exp+1": 1.9024069973360892e-06,
        "exp+2": 2.770083660462733e-06,
        "obs": 1.2619254813573716e-06
    },
    "MHc130_MA15": {
        "exp-2": 1.9483238430849636e-07,
        "exp-1": 2.8574493863426487e-07,
        "exp0": 4.534280943906823e-07,
        "exp+1": 7.353799948478816e-07,
        "exp+2": 1.167683589064395e-06,
        "obs": 4.5413272284174527e-07
    },
    "MHc130_MA30": {
        "exp-2": 3.4874891986280385e-07,
        "exp-1": 4.985096120125752e-07,
        "exp0": 7.566078261430322e-07,
        "exp+1": 1.1727980701586685e-06,
        "exp+2": 1.763201964025194e-06,
        "obs": 7.565814026410959e-07
    },
    "MHc130_MA55": {
        "exp-2": 5.71186925487523e-07,
        "exp-1": 7.909867942516903e-07,
        "exp0": 1.169790823398447e-06,
        "exp+1": 1.757308159943995e-06,
        "exp+2": 2.586928839129155e-06,
        "obs": 1.159382688698141e-06
    },
    "MHc130_MA83": {
        "exp-2": 5.504355472771505e-07,
        "exp-1": 7.504976981144225e-07,
        "exp0": 1.0839346161765425e-06,
        "exp+1": 1.6024077680111528e-06,
        "exp+2": 2.3036967627000524e-06,
        "obs": 1.0813421062882034e-06
    },
    "MHc130_MA90": {
        "exp-2": 2.3417615895583875e-06,
        "exp-1": 3.1708145207301686e-06,
        "exp0": 4.507450879149979e-06,
        "exp+1": 6.4838087337452805e-06,
        "exp+2": 9.13589054665549e-06,
        "obs": 4.492732529151701e-06
    },
    "MHc130_MA100": {
        "exp-2": 6.585104018758172e-07,
        "exp-1": 8.95318474898868e-07,
        "exp0": 1.2771110824258272e-06,
        "exp+1": 1.8778042013216626e-06,
        "exp+2": 2.6769518615227995e-06,
        "obs": 1.2840737834803325e-06
    },
    "MHc130_MA125": {
        "exp-2": 5.75756420891423e-07,
        "exp-1": 7.985193218315571e-07,
        "exp0": 1.169790823398447e-06,
        "exp+1": 1.7759595091599717e-06,
        "exp+2": 2.596983071831035e-06,
        "obs": 1.1774185028793745e-06
    },
    "MHc145_MA15": {
        "exp-2": 1.8099813216824808e-07,
        "exp-1": 2.67332184415546e-07,
        "exp0": 4.2123201668246824e-07,
        "exp+1": 6.831636352678385e-07,
        "exp+2": 1.0847711724864201e-06,
        "obs": 4.228733307450237e-07
    },
    "MHc145_MA35": {
        "exp-2": 4.25403253312634e-07,
        "exp-1": 5.943054215327354e-07,
        "exp0": 8.853921369758887e-07,
        "exp+1": 1.3371311523691683e-06,
        "exp+2": 1.961801430912221e-06,
        "obs": 8.796138441637433e-07
    },
    "MHc145_MA92": {
        "exp-2": 1.9581755074878676e-06,
        "exp-1": 2.630051814426268e-06,
        "exp0": 3.7132809623473634e-06,
        "exp+1": 5.341423747245311e-06,
        "exp+2": 7.526234043192299e-06,
        "obs": 3.7222952516615625e-06
    },
    "MHc145_MA140": {
        "exp-2": 6.285781108814619e-07,
        "exp-1": 8.667113113704086e-07,
        "exp0": 1.2771110824258272e-06,
        "exp+1": 1.918529108574957e-06,
        "exp+2": 2.8242615918853658e-06,
        "obs": 1.277523788645817e-06
    },
    "MHc160_MA15": {
        "exp-2": 1.879152582383722e-07,
        "exp-1": 2.756001479135217e-07,
        "exp0": 4.373300555365753e-07,
        "exp+1": 7.092717741184302e-07,
        "exp+2": 1.1262273398359776e-06,
        "obs": 4.368974293435155e-07
    },
    "MHc160_MA50": {
        "exp-2": 4.7424235556532865e-07,
        "exp-1": 6.606196013025027e-07,
        "exp0": 9.712483441977931e-07,
        "exp+1": 1.4667923039108903e-06,
        "exp+2": 2.152036808519947e-06,
        "obs": 9.73930087800704e-07
    },