{
    "MHc100_MA95": {
        "exp-2": 6.817519454714343e-06,
        "exp-1": 9.551041911698852e-06,
        "exp0": 1.4423842813279932e-05,
        "exp+1": 2.2587998327795383e-05,
        "exp+2": 3.4886336685778234e-05,
        "obs": 1.4477981533605485e-05
    },
    "MHc130_MA90": {
        "exp-2": 6.640441027319165e-06,
        "exp-1": 9.3450373207377e-06,
        "exp0": 1.4166274191614219e-05,
        "exp+1": 2.218464079370776e-05,
        "exp+2": 3.426336563921119e-05,
        "obs": 1.4148583758777715e-05
    },
    "MHc160_MA85": {
        "exp-2": 2.888759534788567e-06,
        "exp-1": 4.271550678923632e-06,
        "exp0": 6.9114246813633006e-06,
        "exp+1": 1.1649893160576113e-05,
        "exp+2": 1.9406724274007665e-05,
        "obs": 6.9496917933483354e-06
    },
    "MHc115_MA87": {
        "exp-2": 4.434003576878115e-06,
        "exp-1": 6.285946176595838e-06,
        "exp0": 9.701751416075193e-06,
        "exp+1": 1.534780447840554e-05,
        "exp+2": 2.3972778145675608e-05,
        "obs": 9.631576489537066e-06
    },
    "MHc145_MA92": {
        "exp-2": 7.400402611556803e-06,
        "exp-1": 1.051068834898812e-05,
        "exp0": 1.6055110750496113e-05,
        "exp+1": 2.539857861725048e-05,
        "exp+2": 3.893980924460013e-05,
        "obs": 1.603767629425321e-05
    },
    "MHc160_MA98": {
        "exp-2": 3.1270440474102978e-06,
        "exp-1": 4.563133744014478e-06,
        "exp0": 7.211921406639966e-06,
        "exp+1": 1.1926434096587951e-05,
        "exp+2": 1.9116784026358472e-05,
        "obs": 7.235387646025163e-06
    }
}