{
    "MHc70_MA18": {
        "exp-2": 1.0452825541362124e-06,
        "exp-1": 1.6819823928721695e-06,
        "exp0": 2.9405750973502244e-06,
        "exp+1": 5.42548189470751e-06,
        "exp+2": 8.886915930107203e-06,
        "obs": 2.951967727608995e-06
    },
    "MHc70_MA40": {
        "exp-2": 1.883470545930527e-06,
        "exp-1": 2.8512393661051665e-06,
        "exp0": 4.6362351899828354e-06,
        "exp+1": 7.81483540772716e-06,
        "exp+2": 1.2821823314821627e-05,
        "obs": 4.653232502675606e-06
    },
    "MHc70_MA55": {
        "exp-2": 1.5085203909536165e-06,
        "exp-1": 2.266406837370217e-06,
        "exp0": 3.7132809623473634e-06,
        "exp+1": 6.377514253072617e-06,
        "exp+2": 1.0523727393642653e-05,
        "obs": 3.7145832354817964e-06
    },
    "MHc70_MA65": {
        "exp-2": 2.198053055204536e-06,
        "exp-1": 3.1514111960664167e-06,
        "exp0": 4.850875708037596e-06,
        "exp+1": 7.7512456651361e-06,
        "exp+2": 1.2235337488150977e-05,
        "obs": 4.862806389932421e-06
    },
    "MHc85_MA15": {
        "exp-2": 1.0670819817511491e-06,
        "exp-1": 1.7240792622991266e-06,
        "exp0": 3.0693594081830806e-06,
        "exp+1": 5.663094345648563e-06,
        "exp+2": 9.276124142202332e-06,
        "obs": 3.0600938155044656e-06
    },
    "MHc85_MA70": {
        "exp-2": 2.214989533582294e-06,
        "exp-1": 3.2322197353435886e-06,
        "exp0": 5.108444329703309e-06,
        "exp+1": 8.284991025645567e-06,
        "exp+2": 1.3155441021406034e-05,
        "obs": 5.067366500397344e-06
    },
    "MHc85_MA80": {
        "exp-2": 2.5555636680894967e-06,
        "exp-1": 3.619050840382991e-06,
        "exp0": 5.451869158590926e-06,
        "exp+1": 8.624651392078165e-06,
        "exp+2": 1.3471429226943915e-05,
        "obs": 5.486064807919769e-06
    },
    "MHc100_MA24": {
        "exp-2": 1.0560984239913157e-06,
        "exp-1": 1.6675330667376177e-06,
        "exp0": 2.876182941933796e-06,
        "exp+1": 5.123242132264879e-06,
        "exp+2": 8.689445736453594e-06,
        "obs": 2.87502080224905e-06
    },
    "MHc100_MA60": {
        "exp-2": 1.1801874734917244e-06,
        "exp-1": 1.792698987001216e-06,
        "exp0": 2.9620391491557005e-06,
        "exp+1": 5.087265871360577e-06,
        "exp+2": 8.455897752109617e-06,
        "obs": 2.9659864760229153e-06
    },
    "MHc100_MA75": {
        "exp-2": 1.3864435963099712e-06,
        "exp-1": 2.098828977827414e-06,
        "exp0": 3.412784237070698e-06,
        "exp+1": 5.861414769381626e-06,
        "exp+2": 9.601528416609346e-06,
        "obs": 3.427616489578926e-06
    },
    "MHc100_MA95": {
        "exp-2": 6.106187362848487e-06,
        "exp-1": 8.63252617329171e-06,
        "exp0": 1.3135999704951368e-05,
        "exp+1": 2.0990098973558774e-05,
        "exp+2": 3.3132863567866346e-05,
        "obs": 1.3192906534434727e-05
    },
    "MHc115_MA27": {
        "exp-2": 1.3844313414532078e-06,
        "exp-1": 2.1595686810689365e-06,
        "exp0": 3.6918169105418877e-06,
        "exp+1": 6.5761019294038434e-06,
        "exp+2": 1.1153616876341576e-05,
        "obs": 3.6964592538591497e-06
    },
    "MHc115_MA87": {
        "exp-2": 3.0482307321870655e-06,
        "exp-1": 4.251438610850043e-06,
        "exp0": 6.396287438031875e-06,
        "exp+1": 9.965709863954358e-06,
        "exp+2": 1.5152526673100106e-05,
        "obs": 6.399389505057594e-06
    },
    "MHc115_MA110": {
        "exp-2": 1.3939895520228338e-06,
        "exp-1": 2.1174632962405666e-06,
        "exp0": 3.4986404442926025e-06,
        "exp+1": 6.008872045449428e-06,
        "exp+2": 9.843076293064538e-06,
        "obs": 3.478743225197136e-06
    },
    "MHc130_MA30": {
        "exp-2": 1.2492748902406006e-06,
        "exp-1": 1.9191985501321225e-06,
        "exp0": 3.1981437190159376e-06,
        "exp+1": 5.594756284223951e-06,
        "exp+2": 9.402405580050914e-06,
        "obs": 3.2055327730000146e-06
    },
    "MHc130_MA83": {
        "exp-2": 1.768268955380823e-06,
        "exp-1": 2.559821368795539e-06,
        "exp0": 3.970849584013076e-06,
        "exp+1": 6.440014024282929e-06,
        "exp+2": 1.0225867822680223e-05,
        "obs": 3.969478392576963e-06
    },
    "MHc130_MA90": {
        "exp-2": 8.971302903070084e-06,
        "exp-1": 1.2423572401457741e-05,
        "exp0": 1.8373228345487533e-05,
        "exp+1": 2.8479862207533993e-05,
        "exp+2": 4.345900875757528e-05,
        "obs": 1.8338383423684868e-05
    },
    "MHc130_MA100": {
        "exp-2": 2.0992848793184e-06,
        "exp-1": 2.9955741099782453e-06,
        "exp0": 4.593307086371883e-06,
        "exp+1": 7.449529927395753e-06,
        "exp+2": 1.1625152644319618e-05,
        "obs": 4.610548094116869e-06
    },
    "MHc130_MA125": {
        "exp-2": 1.5937058465565997e-06,
        "exp-1": 2.344444596034072e-06,
        "exp0": 3.7776731177637917e-06,
        "exp+1": 6.30741153846307e-06,
        "exp+2": 1.0273303848792557e-05,
        "obs": 3.7659334678458515e-06
    },
    "MHc145_MA35": {
        "exp-2": 1.3558405536966948e-06,
        "exp-1": 2.0481584092402435e-06,
        "exp0": 3.369856133459746e-06,
        "exp+1": 5.733956896076421e-06,
        "exp+2": 9.471519853065781e-06,
        "obs": 3.363494947480524e-06
    },
    "MHc145_MA92": {
        "exp-2": 5.022588122481405e-06,
        "exp-1": 6.866819698705046e-06,
        "exp0": 1.004517624496281e-05,
        "exp+1": 1.5090279088777767e-05,
        "exp+2": 2.2455855018620898e-05,
        "obs": 1.0037654466220844e-05
    },
    "MHc145_MA140": {
        "exp-2": 1.8445669520331017e-06,
        "exp-1": 2.705277525531502e-06,
        "exp0": 4.292810361095218e-06,
        "exp+1": 7.099068101787365e-06,
        "exp+2": 1.147208109859774e-05,
        "obs": 4.279390703231918e-06
    },
    "MHc160_MA50": {
        "exp-2": 1.5997426111268898e-06,
        "exp-1": 2.3956051277178766e-06,
        "exp0": 3.863529324985696e-06,
        "exp+1": 6.512362839772633e-06,
        "exp+2": 1.0684852544007729e-05,
        "obs": 3.877828458945409e-06
    },
    "MHc160_MA85": {
        "exp-2": 3.890359389742541e-06,
        "exp-1": 5.541037201931254e-06,
        "exp0": 8.585620722190436e-06,
        "exp+1": 1.3924354257620406e-05,
        "exp+2": 2.2300348068095163e-05,
        "obs": 8.55284862769589e-06
    },
    "MHc160_MA98": {
        "exp-2": 2.6607039843553835e-06,
        "exp-1": 3.71711027285929e-06,
        "exp0": 5.537725365812831e-06,
        "exp+1": 8.672177812451642e-06,
        "exp+2": 1.3393861780450358e-05,
        "obs": 5.566801729662221e-06
    },
    "MHc160_MA120": {
        "exp-2": 1.4802649790065638e-06,
        "exp-1": 2.1888380808149048e-06,
        "exp0": 3.5415685479035547e-06,
        "exp+1": 5.969665827286435e-06,
        "exp+2": 9.644456520220298e-06,
        "obs": 3.536954608552812e-06
    },
    "MHc160_MA135": {
        "exp-2": 1.595718101413363e-06,
        "exp-1": 2.3974130129407494e-06,
        "exp0": 3.927921480402125e-06,
        "exp+1": 6.6209021112636984e-06,
        "exp+2": 1.1029288085539874e-05,
        "obs": 3.916786797510957e-06
    },
    "MHc160_MA155": {
        "exp-2": 1.9357891722063748e-06,
        "exp-1": 2.9083370976658276e-06,
        "exp0": 4.765019500815692e-06,
        "exp+1": 8.03191395070929e-06,
        "exp+2": 1.3379791717194083e-05,
        "obs": 4.761760743016473e-06
    }
}