{
    "MHc100_MA95": {
        "exp-2": 1.5730802342747748e-06,
        "exp-1": 2.2198511727577167e-06,
        "exp0": 3.412784237070698e-06,
        "exp+1": 5.453309899006763e-06,
        "exp+2": 8.608047669386355e-06,
        "obs": 4.8597574596555175e-06
    },
    "MHc130_MA90": {
        "exp-2": 2.0338027525212244e-06,
        "exp-1": 2.7923501250935785e-06,
        "exp0": 4.0996338948459335e-06,
        "exp+1": 6.224005146724334e-06,
        "exp+2": 9.296428134323131e-06,
        "obs": 5.438646243515024e-06
    },
    "MHc160_MA85": {
        "exp-2": 1.0418449520892416e-06,
        "exp-1": 1.4980805088224007e-06,
        "exp0": 2.339581646796894e-06,
        "exp+1": 3.7943865581276413e-06,
        "exp+2": 5.921223018714841e-06,
        "obs": 2.526870923684382e-06
    }
}