{
    "MHc100_MA95": {
        "exp-2": 2.7380081084360437e-06,
        "exp-1": 4.113593912914729e-06,
        "exp0": 6.739712266919492e-06,
        "exp+1": 1.1682832043299813e-05,
        "exp+2": 1.980607039899932e-05,
        "obs": 6.748313460336441e-06
    },
    "MHc130_MA90": {
        "exp-2": 4.545012969809562e-06,
        "exp-1": 6.3673612744659005e-06,
        "exp0": 9.615895208853288e-06,
        "exp+1": 1.5211983825882792e-05,
        "exp+2": 2.3760631985203712e-05,
        "obs": 9.599236110978973e-06
    },
    "MHc160_MA85": {
        "exp-2": 2.476414977056804e-06,
        "exp-1": 3.720575386203131e-06,
        "exp0": 6.09579071275521e-06,
        "exp+1": 1.0469445639825881e-05,
        "exp+2": 1.7654085665434162e-05,
        "obs": 6.077883672805599e-06
    }
}