{
    "MHc100_MA95": {
        "exp-2": 1.3087202524674854e-06,
        "exp-1": 1.8334589384064759e-06,
        "exp0": 2.7688626829064157e-06,
        "exp+1": 4.336088906225821e-06,
        "exp+2": 6.696930890225179e-06,
        "obs": 2.7579719117906184e-06
    },
    "MHc130_MA90": {
        "exp-2": 1.8666179115051333e-06,
        "exp-1": 2.607740152664851e-06,
        "exp0": 3.884993376791173e-06,
        "exp+1": 6.0220270305693435e-06,
        "exp+2": 9.189346961566167e-06,
        "obs": 3.888370154430738e-06
    },
    "MHc160_MA85": {
        "exp-2": 8.706356013596239e-07,
        "exp-1": 1.2365515704691904e-06,
        "exp0": 1.8888365588818958e-06,
        "exp+1": 3.018184138304525e-06,
        "exp+2": 4.6790306498410225e-06,
        "obs": 1.8904943014469068e-06
    }
}