{
    "MHc100_MA95": {
        "exp-2": 1.1198198277888228e-06,
        "exp-1": 1.553083451635689e-06,
        "exp0": 2.2751894913804655e-06,
        "exp+1": 3.43602178497796e-06,
        "exp+2": 5.0412352139966756e-06,
        "obs": 2.271087226736511e-06
    },
    "MHc130_MA90": {
        "exp-2": 1.0899713807468326e-06,
        "exp-1": 1.4861340556721238e-06,
        "exp0": 2.146405180547609e-06,
        "exp+1": 3.155973486130661e-06,
        "exp+2": 4.499078929500144e-06,
        "obs": 2.132994907432668e-06
    },
    "MHc160_MA85": {
        "exp-2": 5.956274376019615e-07,
        "exp-1": 8.189877267026971e-07,
        "exp0": 1.191254875203923e-06,
        "exp+1": 1.7990491838465587e-06,
        "exp+2": 2.6110243137286847e-06,
        "obs": 1.201207164378386e-06
    },
    "MHc115_MA87": {
        "exp-2": 6.969528540352344e-07,
        "exp-1": 9.65149024178668e-07,
        "exp0": 1.42735944506416e-06,
        "exp+1": 2.144238502161392e-06,
        "exp+2": 3.156527969768763e-06,
        "obs": 1.4217142049343321e-06
    },
    "MHc145_MA92": {
        "exp-2": 1.1819481964913922e-06,
        "exp-1": 1.6321587792100624e-06,
        "exp0": 2.382509750407846e-06,
        "exp+1": 3.5221239562944987e-06,
        "exp+2": 5.063571111900574e-06,
        "obs": 2.3767470239018564e-06
    },
    "MHc160_MA98": {
        "exp-2": 5.472494770872751e-07,
        "exp-1": 7.679575461635853e-07,
        "exp0": 1.1483267715929708e-06,
        "exp+1": 1.743373196806277e-06,
        "exp+2": 2.576652714717402e-06,
        "obs": 1.1419290824213742e-06
    }
}