{
    "MHc70_MA18": {
        "exp-2": 9.893586379086635e-07,
        "exp-1": 1.5078443990876724e-06,
        "exp0": 2.5327581130461787e-06,
        "exp+1": 4.430746435837992e-06,
        "exp+2": 7.497309844718959e-06,
        "obs": 2.5430863904716045e-06
    },
    "MHc70_MA40": {
        "exp-2": 1.690294079681242e-06,
        "exp-1": 2.4543220956085895e-06,
        "exp0": 3.863529324985696e-06,
        "exp+1": 6.265959219419919e-06,
        "exp+2": 9.94949326451136e-06,
        "obs": 3.874534413539626e-06
    },
    "MHc70_MA55": {
        "exp-2": 2.3342156338455247e-06,
        "exp-1": 3.2849222097138583e-06,
        "exp0": 4.979660018870453e-06,
        "exp+1": 7.877633873017773e-06,
        "exp+2": 1.2077587711899475e-05,
        "obs": 4.9874551396542365e-06
    },
    "MHc70_MA65": {
        "exp-2": 2.1750798122564873e-06,
        "exp-1": 3.0749848133620795e-06,
        "exp0": 4.679163293593788e-06,
        "exp+1": 7.402259624095515e-06,
        "exp+2": 1.1455430213682725e-05,
        "obs": 4.686309368780634e-06
    },
    "MHc85_MA15": {
        "exp-2": 1.2660436807136287e-06,
        "exp-1": 1.944959604496312e-06,
        "exp0": 3.2410718226268893e-06,
        "exp+1": 5.566500872276899e-06,
        "exp+2": 9.252467702048684e-06,
        "obs": 3.228077766907374e-06
    },
    "MHc85_MA70": {
        "exp-2": 2.3543381824131584e-06,
        "exp-1": 3.3132405046251847e-06,
        "exp0": 5.022588122481405e-06,
        "exp+1": 7.905504126808649e-06,
        "exp+2": 1.2164812933656092e-05,
        "obs": 5.033910942628526e-06
    },
    "MHc85_MA80": {
        "exp-2": 2.5572405471367997e-06,
        "exp-1": 3.5666431299077546e-06,
        "exp0": 5.366012951369023e-06,
        "exp+1": 8.317716368303085e-06,
        "exp+2": 1.2692467817063282e-05,
        "obs": 5.348613315998143e-06
    },
    "MHc100_MA24": {
        "exp-2": 9.321770623956374e-07,
        "exp-1": 1.4159723882835691e-06,
        "exp0": 2.339581646796894e-06,
        "exp+1": 4.018202748719362e-06,
        "exp+2": 6.678933916856177e-06,
        "obs": 2.3294083240776554e-06
    },
    "MHc100_MA60": {
        "exp-2": 1.3439347124608447e-06,
        "exp-1": 1.9177273507804652e-06,
        "exp0": 2.9405750973502244e-06,
        "exp+1": 4.769091500267863e-06,
        "exp+2": 7.442270875207389e-06,
        "obs": 2.9497802480842366e-06
    },
    "MHc100_MA75": {
        "exp-2": 1.931764662492848e-06,
        "exp-1": 2.7185563114873312e-06,
        "exp0": 4.121097946651409e-06,
        "exp+1": 6.4537139950932174e-06,
        "exp+2": 9.967524954516888e-06,
        "obs": 4.114127590342889e-06
    },
    "MHc100_MA95": {
        "exp-2": 4.812978241568553e-06,
        "exp-1": 6.6462681820085425e-06,
        "exp0": 9.701751416075193e-06,
        "exp+1": 1.488374523286731e-05,
        "exp+2": 2.207847600914891e-05,
        "obs": 9.72909586180783e-06
    },
    "MHc115_MA27": {
        "exp-2": 1.774808783665304e-06,
        "exp-1": 2.5770382003890187e-06,
        "exp0": 4.056705791234981e-06,
        "exp+1": 6.5792572131424595e-06,
        "exp+2": 1.0446967600221488e-05,
        "obs": 4.056748283098121e-06
    },
    "MHc115_MA87": {
        "exp-2": 2.852371259462096e-06,
        "exp-1": 3.932975698655636e-06,
        "exp0": 5.795293987478544e-06,
        "exp+1": 8.798331519279044e-06,
        "exp+2": 1.3141546506425023e-05,
        "obs": 5.756704153991137e-06
    },
    "MHc115_MA110": {
        "exp-2": 1.9128997732106917e-06,
        "exp-1": 2.7118573106995317e-06,
        "exp0": 4.185490102067837e-06,
        "exp+1": 6.688021815255504e-06,
        "exp+2": 1.0557039643966728e-05,
        "obs": 4.177825270014007e-06
    },
    "MHc130_MA30": {
        "exp-2": 1.1432122904986972e-06,
        "exp-1": 1.7600057408567117e-06,
        "exp0": 2.897646993739272e-06,
        "exp+1": 4.884271802314037e-06,
        "exp+2": 7.890919209282381e-06,
        "obs": 2.895999662816067e-06
    },
    "MHc130_MA83": {
        "exp-2": 1.79006838299576e-06,
        "exp-1": 2.512010665021073e-06,
        "exp0": 3.756209065958316e-06,
        "exp+1": 5.882291258489668e-06,
        "exp+2": 8.911864746182857e-06,
        "obs": 3.755660629664662e-06
    },
    "MHc130_MA90": {
        "exp-2": 4.613094259130056e-06,
        "exp-1": 6.26377207131877e-06,
        "exp0": 9.014901758299958e-06,
        "exp+1": 1.3542559029969936e-05,
        "exp+2": 1.9935965642201012e-05,
        "obs": 9.092410647348356e-06
    },
    "MHc130_MA100": {
        "exp-2": 1.841213193938496e-06,
        "exp-1": 2.58378239830739e-06,
        "exp0": 3.863529324985696e-06,
        "exp+1": 6.019556254098083e-06,
        "exp+2": 9.152532916169093e-06,
        "obs": 3.869124583651159e-06
    },
    "MHc130_MA125": {
        "exp-2": 1.7148603577242284e-06,
        "exp-1": 2.4777977472399507e-06,
        "exp0": 3.884993376791173e-06,
        "exp+1": 6.3007701803925215e-06,
        "exp+2": 1.0004768045138957e-05,
        "obs": 3.866109369952104e-06
    },
    "MHc145_MA35": {
        "exp-2": 1.1972077958218479e-06,
        "exp-1": 1.7648346284882415e-06,
        "exp0": 2.8117907865173675e-06,
        "exp+1": 4.605057685289683e-06,
        "exp+2": 7.379017818487546e-06,
        "obs": 2.800972607362331e-06
    },
    "MHc145_MA92": {
        "exp-2": 4.970269496205556e-06,
        "exp-1": 6.739135839746982e-06,
        "exp0": 9.787607623297097e-06,
        "exp+1": 1.4547293862705311e-05,
        "exp+2": 2.1322897891545864e-05,
        "obs": 9.758156249304828e-06
    },
    "MHc145_MA140": {
        "exp-2": 1.9171758147813135e-06,
        "exp-1": 2.797635569246972e-06,
        "exp0": 4.4215946719280745e-06,
        "exp+1": 7.171042239614937e-06,
        "exp+2": 1.1582717123928811e-05,
        "obs": 4.378471571193084e-06
    },
    "MHc160_MA50": {
        "exp-2": 1.2936283410417602e-06,
        "exp-1": 1.8877249714821799e-06,
        "exp0": 2.983503200961176e-06,
        "exp+1": 4.886282747109044e-06,
        "exp+2": 7.829644345813655e-06,
        "obs": 2.9690013969991663e-06
    },
    "MHc160_MA85": {
        "exp-2": 2.6194527597917343e-06,
        "exp-1": 3.617216753925003e-06,
        "exp0": 5.280156744147117e-06,
        "exp+1": 8.100445246242868e-06,
        "exp+2": 1.2140469366111576e-05,
        "obs": 5.320846580275632e-06
    },
    "MHc160_MA98": {
        "exp-2": 2.1244380650279418e-06,
        "exp-1": 2.949978720632677e-06,
        "exp0": 4.4215946719280745e-06,
        "exp+1": 6.853798339884213e-06,
        "exp+2": 1.0458593088241618e-05,
        "obs": 4.41687475364914e-06
    },
    "MHc160_MA120": {
        "exp-2": 1.5464178574226601e-06,
        "exp-1": 2.2171432751086738e-06,
        "exp0": 3.412784237070698e-06,
        "exp+1": 5.453309899006763e-06,
        "exp+2": 8.608047669386355e-06,
        "obs": 3.4206426411734528e-06
    },
    "MHc160_MA135": {
        "exp-2": 2.0726225024662852e-06,
        "exp-1": 2.9351357209405357e-06,
        "exp0": 4.4215946719280745e-06,
        "exp+1": 7.0652947097252805e-06,
        "exp+2": 1.0953185943120074e-05,
        "obs": 4.461043494889012e-06
    },
    "MHc160_MA155": {
        "exp-2": 2.5424840115205347e-06,
        "exp-1": 3.6806080221600723e-06,
        "exp0": 5.70943778025664e-06,
        "exp+1": 9.350728229004485e-06,
        "exp+2": 1.4983349228153584e-05,
        "obs": 5.738693367636115e-06
    }
}