{
    "MHc100_MA95": {
        "exp-2": 4.423271550975378e-06,
        "exp-1": 6.520457711361137e-06,
        "exp0": 1.0388601073850428e-05,
        "exp+1": 1.7511019061340606e-05,
        "exp+2": 2.8290406316670907e-05,
        "obs": 1.0351422171190836e-05
    },
    "MHc130_MA90": {
        "exp-2": 4.155306279216387e-06,
        "exp-1": 5.901723404512045e-06,
        "exp0": 9.014901758299958e-06,
        "exp+1": 1.462057216701069e-05,
        "exp+2": 2.2615839760227633e-05,
        "obs": 9.054838203333563e-06
    },
    "MHc160_MA85": {
        "exp-2": 2.4916745763872595e-06,
        "exp-1": 3.532367984193236e-06,
        "exp0": 5.451869158590926e-06,
        "exp+1": 8.624651392078165e-06,
        "exp+2": 1.3471429226943915e-05,
        "obs": 5.426065603793824e-06
    },
    "MHc115_MA87": {
        "exp-2": 3.1173181489359417e-06,
        "exp-1": 4.571919018148238e-06,
        "exp0": 7.254849510250917e-06,
        "exp+1": 1.1997425033067868e-05,
        "exp+2": 1.9387817462749326e-05,
        "obs": 7.272976166714614e-06
    },
    "MHc145_MA92": {
        "exp-2": 4.547695976285247e-06,
        "exp-1": 6.399934649959759e-06,
        "exp0": 9.701751416075193e-06,
        "exp+1": 1.542514790433887e-05,
        "exp+2": 2.4002990789885684e-05,
        "obs": 9.751071993658268e-06
    },
    "MHc160_MA98": {
        "exp-2": 2.9610330217273187e-06,
        "exp-1": 4.364934500993819e-06,
        "exp0": 6.954352784974254e-06,
        "exp+1": 1.127872646394968e-05,
        "exp+2": 1.7909087876120447e-05,
        "obs": 6.932224781947692e-06
    }
}