{
    "MHc70_MA18": {
        "exp-2": 1.700355353965059e-06,
        "exp-1": 2.554620423625389e-06,
        "exp0": 4.185490102067837e-06,
        "exp+1": 7.188527633868336e-06,
        "exp+2": 1.1948550559147768e-05,
        "obs": 4.171610993914734e-06
    },
    "MHc70_MA40": {
        "exp-2": 2.6878694249216893e-06,
        "exp-1": 3.8105071955470343e-06,
        "exp0": 5.881150194700449e-06,
        "exp+1": 9.397527565103547e-06,
        "exp+2": 1.4833994327632645e-05,
        "obs": 5.849540081186157e-06
    },
    "MHc70_MA55": {
        "exp-2": 2.8926163565973633e-06,
        "exp-1": 4.1394676325899096e-06,
        "exp0": 6.439215541642827e-06,
        "exp+1": 1.0443266020730744e-05,
        "exp+2": 1.629694422041405e-05,
        "obs": 6.424474247690826e-06
    },
    "MHc70_MA65": {
        "exp-2": 3.252642288053279e-06,
        "exp-1": 4.59837178511944e-06,
        "exp0": 6.997280888585205e-06,
        "exp+1": 1.1069433617981708e-05,
        "exp+2": 1.6971092829467722e-05,
        "obs": 6.994977828252078e-06
    },
    "MHc85_MA15": {
        "exp-2": 1.9009100880224763e-06,
        "exp-1": 2.8559346274376145e-06,
        "exp0": 4.679163293593788e-06,
        "exp+1": 7.88719470371091e-06,
        "exp+2": 1.3138714152909188e-05,
        "obs": 4.651019918986594e-06
    },
    "MHc85_MA70": {
        "exp-2": 2.928501568209644e-06,
        "exp-1": 4.132553126643297e-06,
        "exp0": 6.353359334420922e-06,
        "exp+1": 1.0152074009073975e-05,
        "exp+2": 1.58818013707721e-05,
        "obs": 6.334692448749829e-06
    },
    "MHc85_MA80": {
        "exp-2": 4.0308818539065175e-06,
        "exp-1": 5.662341060139033e-06,
        "exp0": 8.67147692941234e-06,
        "exp+1": 1.3579690110311892e-05,
        "exp+2": 2.0973332803209254e-05,
        "obs": 8.624949284123545e-06
    },
    "MHc100_MA24": {
        "exp-2": 1.4842056447677255e-06,
        "exp-1": 2.2225892018271406e-06,
        "exp0": 3.5844966515145073e-06,
        "exp+1": 6.156328666486353e-06,
        "exp+2": 1.008462416951973e-05,
        "obs": 3.604937540394007e-06
    },
    "MHc100_MA60": {
        "exp-2": 2.0836899041784833e-06,
        "exp-1": 2.9961610176448014e-06,
        "exp0": 4.679163293593788e-06,
        "exp+1": 7.5887731162552826e-06,
        "exp+2": 1.1842446037429682e-05,
        "obs": 4.647771140708873e-06
    },
    "MHc100_MA75": {
        "exp-2": 2.120245867409685e-06,
        "exp-1": 3.039856817444597e-06,
        "exp0": 4.679163293593788e-06,
        "exp+1": 7.5887731162552826e-06,
        "exp+2": 1.1842446037429682e-05,
        "obs": 4.676962744030029e-06
    },
    "MHc100_MA95": {
        "exp-2": 6.8332821177589895e-06,
        "exp-1": 9.46281449269912e-06,
        "exp0": 1.399456177717041e-05,
        "exp+1": 2.1246341812727712e-05,
        "exp+2": 3.2067356280345554e-05,
        "obs": 1.391908820610174e-05
    },
    "MHc115_MA27": {
        "exp-2": 1.8643541247912748e-06,
        "exp-1": 2.8319447765671383e-06,
        "exp0": 4.679163293593788e-06,
        "exp+1": 8.036405497438725e-06,
        "exp+2": 1.3261113222744737e-05,
        "obs": 4.637067256485029e-06
    },
    "MHc115_MA87": {
        "exp-2": 4.075486836564772e-06,
        "exp-1": 5.66850097051436e-06,
        "exp0": 8.413908307746627e-06,
        "exp+1": 1.2975103160362662e-05,
        "exp+2": 1.9575840146051664e-05,
        "obs": 8.430340555176001e-06
    },
    "MHc115_MA110": {
        "exp-2": 3.0928357148453203e-06,
        "exp-1": 4.405124575535347e-06,
        "exp0": 6.825568474141396e-06,
        "exp+1": 1.1069862008175823e-05,
        "exp+2": 1.7274759904193198e-05,
        "obs": 6.835665996722092e-06
    },
    "MHc130_MA30": {
        "exp-2": 2.0288559593316813e-06,
        "exp-1": 2.9813101575821256e-06,
        "exp0": 4.679163293593788e-06,
        "exp+1": 7.737983909983097e-06,
        "exp+2": 1.230173534811539e-05,
        "obs": 4.6957523445463e-06
    },
    "MHc130_MA83": {
        "exp-2": 2.475073473818962e-06,
        "exp-1": 3.483150274093143e-06,
        "exp0": 5.280156744147117e-06,
        "exp+1": 8.268820933394896e-06,
        "exp+2": 1.2770890733883316e-05,
        "obs": 5.2608283100829416e-06
    },
    "MHc130_MA90": {
        "exp-2": 7.237409968158969e-06,
        "exp-1": 9.867930129662902e-06,
        "exp0": 1.4252130398836123e-05,
        "exp+1": 2.1410140144105305e-05,
        "exp+2": 3.117517802347511e-05,
        "obs": 1.425133461390175e-05
    },
    "MHc130_MA100": {
        "exp-2": 2.897646993739272e-06,
        "exp-1": 4.077834467230997e-06,
        "exp0": 6.181646919977113e-06,
        "exp+1": 9.680570992639827e-06,
        "exp+2": 1.4951286776744453e-05,
        "obs": 6.1613624292944295e-06
    },
    "MHc130_MA125": {
        "exp-2": 3.5519651979968327e-06,
        "exp-1": 5.021534832829818e-06,
        "exp0": 7.641202442749488e-06,
        "exp+1": 1.2088094407180233e-05,
        "exp+2": 1.888121527175632e-05,
        "obs": 7.644698787705665e-06
    },
    "MHc145_MA35": {
        "exp-2": 2.2369566491019613e-06,
        "exp-1": 3.1860963911104713e-06,
        "exp0": 4.9367319152595e-06,
        "exp+1": 7.888435332193564e-06,
        "exp+2": 1.2451892006430823e-05,
        "obs": 4.907097564730174e-06
    },
    "MHc145_MA92": {
        "exp-2": 8.370980204135674e-06,
        "exp-1": 1.141350954756191e-05,
        "exp0": 1.6484391786605637e-05,
        "exp+1": 2.450070683198974e-05,
        "exp+2": 3.5712047649411204e-05,
        "obs": 1.651108362598291e-05
    },
    "MHc145_MA140": {
        "exp-2": 2.9328614537326316e-06,
        "exp-1": 4.301391265595088e-06,
        "exp0": 6.825568474141396e-06,
        "exp+1": 1.1287518288392219e-05,
        "exp+2": 1.7944733346431432e-05,
        "obs": 6.802478770895072e-06
    },
    "MHc160_MA50": {
        "exp-2": 2.160155588735492e-06,
        "exp-1": 3.127133131609686e-06,
        "exp0": 4.850875708037596e-06,
        "exp+1": 7.867260149005222e-06,
        "exp+2": 1.2492141033751358e-05,
        "obs": 4.883746707546705e-06
    },
    "MHc160_MA85": {
        "exp-2": 3.7635873337664483e-06,
        "exp-1": 5.234687120730097e-06,
        "exp0": 7.769986753582345e-06,
        "exp+1": 1.1920168071210411e-05,
        "exp+2": 1.795670731087858e-05,
        "obs": 7.753431959024793e-06
    },
    "MHc160_MA98": {
        "exp-2": 3.6301077616011442e-06,
        "exp-1": 5.071406263746009e-06,
        "exp0": 7.555346235527583e-06,
        "exp+1": 1.1711345537412737e-05,
        "exp+2": 1.769500544437362e-05,
        "obs": 7.545052236685853e-06
    },
    "MHc160_MA120": {
        "exp-2": 2.366411711553739e-06,
        "exp-1": 3.459820694347542e-06,
        "exp0": 5.408941054979975e-06,
        "exp+1": 8.772343169200239e-06,
        "exp+2": 1.3929290570315903e-05,
        "obs": 5.416685669615747e-06
    },
    "MHc160_MA135": {
        "exp-2": 1.7491525342415711e-06,
        "exp-1": 2.5151259918761406e-06,
        "exp0": 3.927921480402125e-06,
        "exp+1": 6.370392102337725e-06,
        "exp+2": 1.0115318261425029e-05,
        "obs": 3.943166400799095e-06
    },
    "MHc160_MA155": {
        "exp-2": 3.2873536843324475e-06,
        "exp-1": 4.68217643563191e-06,
        "exp0": 7.254849510250917e-06,
        "exp+1": 1.1766079917566106e-05,
        "exp+2": 1.836122293955825e-05,
        "obs": 7.275839442675476e-06
    }
}