{
    "MHc70_MA18": {
        "exp-2": 2.2134803424397216e-06,
        "exp-1": 3.6000497046782406e-06,
        "exp0": 6.439215541642827e-06,
        "exp+1": 1.1880617306805668e-05,
        "exp+2": 1.946040012426242e-05,
        "obs": 6.439765108006124e-06
    },
    "MHc70_MA40": {
        "exp-2": 4.165367553500204e-06,
        "exp-1": 6.127525648725415e-06,
        "exp0": 9.873463830519e-06,
        "exp+1": 1.6642704889412093e-05,
        "exp+2": 2.7305735079724158e-05,
        "obs": 9.919029299601581e-06
    },
    "MHc70_MA55": {
        "exp-2": 4.120091819223027e-06,
        "exp-1": 6.20312931264717e-06,
        "exp0": 1.004517624496281e-05,
        "exp+1": 1.6932143383408848e-05,
        "exp+2": 2.7780616745426273e-05,
        "obs": 1.0129651941526111e-05
    },
    "MHc70_MA65": {
        "exp-2": 3.875602854126276e-06,
        "exp-1": 5.772939093679188e-06,
        "exp0": 9.272470379965671e-06,
        "exp+1": 1.562967081545432e-05,
        "exp+2": 2.5250939897629514e-05,
        "obs": 9.241317990523284e-06
    },
    "MHc85_MA15": {
        "exp-2": 2.183967271207192e-06,
        "exp-1": 3.5520490419491978e-06,
        "exp0": 6.353359334420922e-06,
        "exp+1": 1.1823507784689207e-05,
        "exp+2": 1.9202510537466564e-05,
        "obs": 6.358392599957217e-06
    },
    "MHc85_MA70": {
        "exp-2": 4.0211559554321614e-06,
        "exp-1": 5.897505005658674e-06,
        "exp0": 9.358326587187575e-06,
        "exp+1": 1.5475967819966194e-05,
        "exp+2": 2.5211970800644303e-05,
        "obs": 9.335639224218767e-06
    },
    "MHc85_MA80": {
        "exp-2": 3.948044028969759e-06,
        "exp-1": 5.850096490843209e-06,
        "exp0": 9.358326587187575e-06,
        "exp+1": 1.5625178613694006e-05,
        "exp+2": 2.5449775830663446e-05,
        "obs": 9.330805868608629e-06
    },
    "MHc100_MA24": {
        "exp-2": 2.0223161310472003e-06,
        "exp-1": 3.2462387061913913e-06,
        "exp0": 5.752365883867592e-06,
        "exp+1": 1.0613351338473966e-05,
        "exp+2": 1.7384624303150153e-05,
        "obs": 5.772241213412952e-06
    },
    "MHc100_MA60": {
        "exp-2": 2.4314746185890885e-06,
        "exp-1": 3.7649864797215413e-06,
        "exp0": 6.224575023588066e-06,
        "exp+1": 1.0690631226412144e-05,
        "exp+2": 1.776963966259615e-05,
        "obs": 6.237375413347775e-06
    },
    "MHc100_MA75": {
        "exp-2": 2.9932290994355327e-06,
        "exp-1": 4.582006493667169e-06,
        "exp0": 7.512418131916632e-06,
        "exp+1": 1.2902486437243915e-05,
        "exp+2": 2.1135439844860234e-05,
        "obs": 7.511395161076997e-06
    },
    "MHc100_MA95": {
        "exp-2": 8.827762056620962e-06,
        "exp-1": 1.2332737959564157e-05,
        "exp0": 1.8373228345487533e-05,
        "exp+1": 2.891928050150916e-05,
        "exp+2": 4.450034016545628e-05,
        "obs": 1.8475679919622213e-05
    },
    "MHc115_MA27": {
        "exp-2": 3.5885211612280336e-06,
        "exp-1": 5.512865633936566e-06,
        "exp0": 9.186614172743767e-06,
        "exp+1": 1.5777896442741844e-05,
        "exp+2": 2.660545204870592e-05,
        "obs": 9.126672526594033e-06
    },
    "MHc115_MA87": {
        "exp-2": 5.932798069357376e-06,
        "exp-1": 8.274612061385992e-06,
        "exp0": 1.2449150047176133e-05,
        "exp+1": 1.949559362326769e-05,
        "exp+2": 3.011023144238576e-05,
        "obs": 1.2500331778770092e-05
    },
    "MHc115_MA110": {
        "exp-2": 4.507450879149979e-06,
        "exp-1": 6.544858921622904e-06,
        "exp0": 1.0302744866628523e-05,
        "exp+1": 1.7037763182277323e-05,
        "exp+2": 2.753299411260987e-05,
        "obs": 1.0294312850938476e-05
    },
    "MHc130_MA30": {
        "exp-2": 2.3097331997549036e-06,
        "exp-1": 3.581611895528444e-06,
        "exp0": 6.09579071275521e-06,
        "exp+1": 1.0761022809638825e-05,
        "exp+2": 1.817193735672341e-05,
        "obs": 6.097171137995594e-06
    },
    "MHc130_MA83": {
        "exp-2": 2.499220532100122e-06,
        "exp-1": 3.7032720905337747e-06,
        "exp0": 5.924078298311401e-06,
        "exp+1": 9.985622802641079e-06,
        "exp+2": 1.6383441047834494e-05,
        "obs": 5.945282227319972e-06
    },
    "MHc130_MA90": {
        "exp-2": 8.317320074621985e-06,
        "exp-1": 1.1568369327580325e-05,
        "exp0": 1.7171241444380872e-05,
        "exp+1": 2.6342913052739063e-05,
        "exp+2": 3.94812027456394e-05,
        "obs": 1.7142264284216158e-05
    },
    "MHc130_MA100": {
        "exp-2": 4.234454970249079e-06,
        "exp-1": 6.014137183645608e-06,
        "exp0": 9.186614172743767e-06,
        "exp+1": 1.4899059854791505e-05,
        "exp+2": 2.3250305288639237e-05,
        "obs": 9.195386982168455e-06
    },
    "MHc130_MA125": {
        "exp-2": 3.836699260228851e-06,
        "exp-1": 5.764271725103442e-06,
        "exp0": 9.44418279440948e-06,
        "exp+1": 1.6220267615914374e-05,
        "exp+2": 2.657026641007119e-05,
        "obs": 9.429033853377388e-06
    },
    "MHc145_MA35": {
        "exp-2": 2.205431323012668e-06,
        "exp-1": 3.440243131470282e-06,
        "exp0": 5.881150194700449e-06,
        "exp+1": 1.0475883283293418e-05,
        "exp+2": 1.776797064391938e-05,
        "obs": 5.919254665086149e-06
    },
    "MHc145_MA92": {
        "exp-2": 1.0388601073850428e-05,
        "exp-1": 1.420316553065488e-05,
        "exp0": 2.0777202147700856e-05,
        "exp+1": 3.1212373296843095e-05,
        "exp+2": 4.594765447118334e-05,
        "obs": 2.0652933849491786e-05
    },
    "MHc145_MA140": {
        "exp-2": 3.685444770162137e-06,
        "exp-1": 5.694524037229691e-06,
        "exp0": 9.530039001631384e-06,
        "exp+1": 1.6671621882545775e-05,
        "exp+2": 2.801790823123718e-05,
        "obs": 9.554928557700052e-06
    },
    "MHc160_MA50": {
        "exp-2": 3.6190403598889454e-06,
        "exp-1": 5.334919945659112e-06,
        "exp0": 8.499764514968532e-06,
        "exp+1": 1.4056154330614896e-05,
        "exp+2": 2.2714720601424763e-05,
        "obs": 8.526719558867581e-06
    },
    "MHc160_MA85": {
        "exp-2": 3.5784598869442165e-06,
        "exp-1": 5.2482383995311134e-06,
        "exp0": 8.328052100524723e-06,
        "exp+1": 1.3772191894756988e-05,
        "exp+2": 2.207533448105873e-05,
        "obs": 8.309916250735578e-06
    },
    "MHc160_MA98": {
        "exp-2": 4.24049173481937e-06,
        "exp-1": 6.079713634889194e-06,
        "exp0": 9.358326587187575e-06,
        "exp+1": 1.5177546232510565e-05,
        "exp+2": 2.3684892074859365e-05,
        "obs": 9.339392414820734e-06
    },
    "MHc160_MA120": {
        "exp-2": 3.259852867956681e-06,
        "exp-1": 4.830354900696228e-06,
        "exp0": 7.727058649971392e-06,
        "exp+1": 1.3024725679545266e-05,
        "exp+2": 2.1042450351378513e-05,
        "obs": 7.754252380704842e-06
    },
    "MHc160_MA135": {
        "exp-2": 3.236376561294442e-06,
        "exp-1": 4.9718834922885854e-06,
        "exp0": 8.28512399691377e-06,
        "exp+1": 1.4229598646699746e-05,
        "exp+2": 2.3994637836131308e-05,
        "obs": 8.265884013245513e-06
    },
    "MHc160_MA155": {
        "exp-2": 5.23387488244156e-06,
        "exp-1": 7.950230290179306e-06,
        "exp0": 1.3135999704951368e-05,
        "exp+1": 2.2560919351304955e-05,
        "exp+2": 3.750006709582104e-05,
        "obs": 1.3080411471101554e-05
    }
}