{
  "era": "2022",
  "channel": "ZG3Mu",
  "histkey": "ZCand/mass",
  "systematic": "Central",
  "data": {
    "events": 121.0,
    "stat_error": 11.0,
    "systematics": {},
    "syst_error": 0.0,
    "total_error": 11.0
  },
  "samples": {
    "DoubleMuon_C": {
      "events": 20.0,
      "stat_error": 4.47213595499958,
      "systematics": {},
      "syst_error": 0.0,
      "total_error": 4.47213595499958
    },
    "Muon_C": {
      "events": 59.0,
      "stat_error": 7.681145747868608,
      "systematics": {},
      "syst_error": 0.0,
      "total_error": 7.681145747868608
    },
    "Muon_D": {
      "events": 42.0,
      "stat_error": 6.48074069840786,
      "systematics": {},
      "syst_error": 0.0,
      "total_error": 6.48074069840786
    },
    "nonprompt_DoubleMuon_C": {
      "events": 2.267073590308428,
      "stat_error": 0.8125508572337307,
      "systematics": {
        "nonprompt_rate": 0.6801220770925284
      },
      "syst_error": 0.6801220770925284,
      "total_error": 1.0596249031331444
    },
    "nonprompt_Muon_D": {
      "events": 7.539450243115425,
      "stat_error": 1.548281922636459,
      "systematics": {
        "nonprompt_rate": 2.2618350729346273
      },
      "syst_error": 2.2618350729346273,
      "total_error": 2.740998870689304
    },
    "nonprompt_Muon_C": {
      "events": 19.395384557545185,
      "stat_error": 3.1249750783561376,
      "systematics": {
        "nonprompt_rate": 5.818615367263555
      },
      "syst_error": 5.818615367263555,
      "total_error": 6.6046766788770634
    },
    "DYJets": {
      "events": 36.84315866231918,
      "stat_error": 10.976677264105703,
      "systematics": {
        "PileupReweight": 2.15091608147492,
        "MuonIDSF": 0.30472937595857935,
        "DblMuTrigSF": 0.052387957970883366,
        "JetEn": 2.278105798407561,
        "JetRes": 0.005196488101259351,
        "MuonEn": 5.559870258269933,
        "ElectronEn": 0.0,
        "ElectronRes": 0.0,
        "UnclusteredEn": 2.2604795223186027,
        "BtagSF_HFcorr": 0.017916834151733268,
        "BtagSF_HFuncorr": 0.02055350042384866,
        "BtagSF_LFcorr": 0.0184358185125097,
        "BtagSF_LFuncorr": 0.011279877090602086,
        "conv_rate": 19.270738321642444
      },
      "syst_error": 20.42783220284714,
      "total_error": 23.190165421316287
    },
    "TTHToNonbb": {
      "events": 0.006671537164947949,
      "stat_error": 0.0020118745823211226,
      "systematics": {
        "PileupReweight": 0.00043440851761475385,
        "MuonIDSF": 5.029104848281096e-05,
        "DblMuTrigSF": 3.5081777607214132e-06,
        "JetEn": 0.0014725210749453985,
        "JetRes": 0.0015286347964256907,
        "MuonEn": 0.0,
        "ElectronEn": 0.0,
        "ElectronRes": 0.0,
        "UnclusteredEn": 0.0010904559276470696,
        "BtagSF_HFcorr": 6.399398182018446e-05,
        "BtagSF_HFuncorr": 7.23111791984798e-05,
        "BtagSF_LFcorr": 6.6755727945831494e-06,
        "BtagSF_LFuncorr": 3.843370302465839e-06,
        "xsec": 0.0006671537164947955
      },
      "syst_error": 0.0025179091716608557,
      "total_error": 0.0032229653941244305
    },
    "TTZ_M50": {
      "events": 0.024215374025516212,
      "stat_error": 0.009891917486622152,
      "systematics": {
        "PileupReweight": 0.002580346565841596,
        "MuonIDSF": 0.0001409724858923392,
        "DblMuTrigSF": 2.0635498717337628e-05,
        "JetEn": 1.7142357899614618e-05,
        "JetRes": 0.006313889307995279,
        "MuonEn": 0.006313889287412167,
        "ElectronEn": 0.0,
        "ElectronRes": 0.0,
        "UnclusteredEn": 0.006313889287412167,
        "BtagSF_HFcorr": 0.00048756586136776723,
        "BtagSF_HFuncorr": 0.0003791766799936271,
        "BtagSF_LFcorr": 2.543334612143623e-05,
        "BtagSF_LFuncorr": 1.0431624198142064e-05,
        "xsec": 0.001816153051913715
      },
      "syst_error": 0.011399782383561551,
      "total_error": 0.01509321271150385
    },
    "tZq": {
      "events": 0.0106751624844037,
      "stat_error": 0.013311082128683384,
      "systematics": {
        "PileupReweight": 0.003533679700053323,
        "MuonIDSF": 0.00022286409323050735,
        "DblMuTrigSF": 1.1818297676624884e-05,
        "JetEn": 0.007556619993907209,
        "JetRes": 0.007572184720121058,
        "MuonEn": 0.007390375551806907,
        "ElectronEn": 0.0,
        "ElectronRes": 0.0,
        "UnclusteredEn": 0.003236767603084445,
        "BtagSF_HFcorr": 0.0005400357153029333,
        "BtagSF_HFuncorr": 0.000525988668798099,
        "BtagSF_LFcorr": 1.8354220808300505e-05,
        "BtagSF_LFuncorr": 1.0112981393359828e-05,
        "xsec": 0.00037363068695412863
      },
      "syst_error": 0.013884518157768757,
      "total_error": 0.019234467809377116
    },
    "TTZ_M4to50": {
      "events": -0.0005682101764250547,
      "stat_error": 0.009809422607165146,
      "systematics": {
        "PileupReweight": 0.0009383383403396077,
        "MuonIDSF": 0.00010996555719850257,
        "DblMuTrigSF": 7.325629513804654e-06,
        "JetEn": 0.007864226646680503,
        "JetRes": 0.003302123356982537,
        "MuonEn": 0.007388796196213771,
        "ElectronEn": 0.0,
        "ElectronRes": 0.0037283822894096375,
        "UnclusteredEn": 0.004749303784677858,
        "BtagSF_HFcorr": 0.000961035393320645,
        "BtagSF_HFuncorr": 0.0009244829711277934,
        "BtagSF_LFcorr": 1.28942489690855e-05,
        "BtagSF_LFuncorr": 7.381607579367192e-06,
        "xsec": 4.2615763231879076e-05
      },
      "syst_error": 0.012902481511444354,
      "total_error": 0.016207985718130615
    },
    "WZTo3LNu_powheg": {
      "events": 3.523488238453865,
      "stat_error": 0.2736442787423363,
      "systematics": {
        "PileupReweight": 0.05359518523774093,
        "MuonIDSF": 0.015568833424102707,
        "DblMuTrigSF": 0.0008430687793178258,
        "JetEn": 0.15592274260635694,
        "JetRes": 0.07225979197616696,
        "MuonEn": 0.13006703593058355,
        "ElectronEn": 0.0,
        "ElectronRes": 0.0,
        "UnclusteredEn": 0.08986220415915915,
        "BtagSF_HFcorr": 0.00056634080623796,
        "BtagSF_HFuncorr": 0.000430641311978714,
        "BtagSF_LFcorr": 0.0007102738665412727,
        "BtagSF_LFuncorr": 0.0004055813367943254,
        "xsec": 0.7526174176483024
      },
      "syst_error": 0.7899846356207778,
      "total_error": 0.836036432104072
    },
    "ZZTo4L_powheg": {
      "events": 50.94481189921498,
      "stat_error": 0.26315279597479735,
      "systematics": {
        "PileupReweight": 0.2529258597795927,
        "MuonIDSF": 0.2860358035765345,
        "DblMuTrigSF": 0.013713036661265552,
        "JetEn": 0.2347582737978031,
        "JetRes": 0.1167699755976237,
        "MuonEn": 0.1477301076107634,
        "ElectronEn": 0.0006297712024442784,
        "ElectronRes": 0.0029362716098335867,
        "UnclusteredEn": 0.13957710084678376,
        "BtagSF_HFcorr": 0.006104332675287682,
        "BtagSF_HFuncorr": 0.0065055189587676305,
        "BtagSF_LFcorr": 0.005228035855330305,
        "BtagSF_LFuncorr": 0.0032062471127789617,
        "xsec": 10.697925299147885
      },
      "syst_error": 10.709890782189394,
      "total_error": 10.713123258903293
    },
    "VBFHToZZTo4L": {
      "events": 0.02233714103931561,
      "stat_error": 0.0016599975943683554,
      "systematics": {
        "PileupReweight": 0.0003946127099463775,
        "MuonIDSF": 8.223145836556024e-05,
        "DblMuTrigSF": 5.657921764953494e-06,
        "JetEn": 0.0007018848705309436,
        "JetRes": 0.0005363522756298179,
        "MuonEn": 0.0005722662569503388,
        "ElectronEn": 0.0,
        "ElectronRes": 0.0,
        "UnclusteredEn": 0.0003259590079602668,
        "BtagSF_HFcorr": 1.6075316482953503e-05,
        "BtagSF_HFuncorr": 8.527133659249892e-06,
        "BtagSF_LFcorr": 5.959411978807012e-06,
        "BtagSF_LFuncorr": 3.1167735388741794e-06
      },
      "syst_error": 0.0011734324229028534,