{
  "Central": {
    "ptcorr_10to15_EB1": 11.147266643703915,
    "ptcorr_10to15_EB2": 5.045382696436718,
    "ptcorr_10to15_EE": 5.014841091353446,
    "ptcorr_15to20_EB1": 11.43481518200133,
    "ptcorr_15to20_EB2": 7.227842032094486,
    "ptcorr_15to20_EE": 7.66825014015194,
    "ptcorr_20to25_EB1": 13.42493122338783,
    "ptcorr_20to25_EB2": 8.440705663058907,
    "ptcorr_20to25_EE": 7.748782395850867,
    "ptcorr_25to35_EB1": 26.837345559732057,
    "ptcorr_25to35_EB2": 18.70394307526294,
    "ptcorr_25to35_EE": 15.985310915159062,
    "ptcorr_35to50_EB1": 36.71025079046376,
    "ptcorr_35to50_EB2": 20.828111281152815,
    "ptcorr_35to50_EE": 22.289662484196015,
    "ptcorr_50to100_EB1": 39.49754223017953,
    "ptcorr_50to100_EB2": 29.873671627836302,
    "ptcorr_50to100_EE": 27.629249407560565
  },
  "MotherJetPt_Up": {
    "ptcorr_10to15_EB1": 7.914625438395888,
    "ptcorr_10to15_EB2": 2.88111813319847,
    "ptcorr_10to15_EE": 3.3222302545327693,
    "ptcorr_15to20_EB1": 7.4259997515473515,
    "ptcorr_15to20_EB2": 5.210338418954052,
    "ptcorr_15to20_EE": 4.9873034881893545,
    "ptcorr_20to25_EB1": 9.898295947699808,
    "ptcorr_20to25_EB2": 4.946000487776473,
    "ptcorr_20to25_EE": 4.751944506773725,
    "ptcorr_25to35_EB1": 17.67241307895165,
    "ptcorr_25to35_EB2": 11.498898140969686,
    "ptcorr_25to35_EE": 9.787123469635844,
    "ptcorr_35to50_EB1": 22.898170316359028,
    "ptcorr_35to50_EB2": 15.464472740655765,
    "ptcorr_35to50_EE": 16.604519443004392,
    "ptcorr_50to100_EB1": 30.134537629783154,
    "ptcorr_50to100_EB2": 23.410057336790487,
    "ptcorr_50to100_EE": 21.303687606821768
  },
  "MotherJetPt_Down": {
    "ptcorr_10to15_EB1": 12.958582290099002,
    "ptcorr_10to15_EB2": 5.893579450668767,
    "ptcorr_10to15_EE": 6.074123445665464,
    "ptcorr_15to20_EB1": 13.029446149826981,
    "ptcorr_15to20_EB2": 8.465479813632555,
    "ptcorr_15to20_EE": 9.25703621644061,
    "ptcorr_20to25_EB1": 15.90617416438181,
    "ptcorr_20to25_EB2": 9.415387943852693,
    "ptcorr_20to25_EE": 9.030436751665547,
    "ptcorr_25to35_EB1": 30.236388610559516,
    "ptcorr_25to35_EB2": 22.208512837649323,
    "ptcorr_25to35_EE": 19.014538465533406,
    "ptcorr_35to50_EB1": 39.89974513882771,
    "ptcorr_35to50_EB2": 23.7702907823259,
    "ptcorr_35to50_EE": 25.10765754512977,
    "ptcorr_50to100_EB1": 43.18025664787274,
    "ptcorr_50to100_EB2": 31.827597775729373,
    "ptcorr_50to100_EE": 30.174627445521764
  },
  "RequireHeavyTag": {
    "ptcorr_10to15_EB1": 8.592182584688999,
    "ptcorr_10to15_EB2": 3.765825446229428,
    "ptcorr_10to15_EE": 3.954081461764872,
    "ptcorr_15to20_EB1": 9.238813307601959,
    "ptcorr_15to20_EB2": 5.785843029152602,
    "ptcorr_15to20_EE": 6.080647069844417,
    "ptcorr_20to25_EB1": 11.216214349144138,
    "ptcorr_20to25_EB2": 6.279409364331514,
    "ptcorr_20to25_EE": 5.260672848206013,
    "ptcorr_25to35_EB1": 21.80540928884875,
    "ptcorr_25to35_EB2": 15.448741364874877,
    "ptcorr_25to35_EE": 12.247265850193799,
    "ptcorr_35to50_EB1": 29.177782204351388,
    "ptcorr_35to50_EB2": 16.988034351728857,
    "ptcorr_35to50_EE": 17.782098778756335,
    "ptcorr_50to100_EB1": 31.917410388588905,
    "ptcorr_50to100_EB2": 23.83960570837371,
    "ptcorr_50to100_EE": 20.665297355502844
  },
  "L1Prefire_Up": {
    "ptcorr_10to15_EB1": 11.147266643703915,
    "ptcorr_10to15_EB2": 5.045382696436718,
    "ptcorr_10to15_EE": 5.014841091353446,
    "ptcorr_15to20_EB1": 11.43481518200133,
    "ptcorr_15to20_EB2": 7.227842032094486,
    "ptcorr_15to20_EE": 7.66825014015194,
    "ptcorr_20to25_EB1": 13.42493122338783,
    "ptcorr_20to25_EB2": 8.440705663058907,
    "ptcorr_20to25_EE": 7.748782395850867,
    "ptcorr_25to35_EB1": 26.837345559732057,
    "ptcorr_25to35_EB2": 18.70394307526294,
    "ptcorr_25to35_EE": 15.985310915159062,
    "ptcorr_35to50_EB1": 36.71025079046376,
    "ptcorr_35to50_EB2": 20.828111281152815,
    "ptcorr_35to50_EE": 22.289662484196015,
    "ptcorr_50to100_EB1": 39.49754223017953,
    "ptcorr_50to100_EB2": 29.873671627836302,
    "ptcorr_50to100_EE": 27.629249407560565
  },
  "L1Prefire_Down": {
    "ptcorr_10to15_EB1": 11.147266643703915,
    "ptcorr_10to15_EB2": 5.045382696436718,
    "ptcorr_10to15_EE": 5.014841091353446,
    "ptcorr_15to20_EB1": 11.43481518200133,
    "ptcorr_15to20_EB2": 7.227842032094486,
    "ptcorr_15to20_EE": 7.66825014015194,
    "ptcorr_20to25_EB1": 13.42493122338783,
    "ptcorr_20to25_EB2": 8.440705663058907,
    "ptcorr_20to25_EE": 7.748782395850867,
    "ptcorr_25to35_EB1": 26.837345559732057,
    "ptcorr_25to35_EB2": 18.70394307526294,
    "ptcorr_25to35_EE": 15.985310915159062,
    "ptcorr_35to50_EB1": 36.71025079046376,
    "ptcorr_35to50_EB2": 20.828111281152815,
    "ptcorr_35to50_EE": 22.289662484196015,
    "ptcorr_50to100_EB1": 39.49754223017953,
    "ptcorr_50to100_EB2": 29.873671627836302,
    "ptcorr_50to100_EE": 27.629249407560565
  },
  "PileupReweight_Up": {
    "ptcorr_10to15_EB1": 11.151318653486669,
    "ptcorr_10to15_EB2": 4.712507405783981,
    "ptcorr_10to15_EE": 4.903664852492511,
    "ptcorr_15to20_EB1": 11.302936973050237,
    "ptcorr_15to20_EB2": 7.0893147345632315,
    "ptcorr_15to20_EE": 7.226937551051378,
    "ptcorr_20to25_EB1": 13.463363429065794,
    "ptcorr_20to25_EB2": 8.220525504555553,
    "ptcorr_20to25_EE": 7.873515225015581,
    "ptcorr_25to35_EB1": 26.837223023176193,
    "ptcorr_25to35_EB2": 18.118822042364627,
    "ptcorr_25to35_EE": 15.76121790567413,
    "ptcorr_35to50_EB1": 36.305320552084595,
    "ptcorr_35to50_EB2": 21.03428389970213,
    "ptcorr_35to50_EE": 21.60013194894418,
    "ptcorr_50to100_EB1": 39.32591474335641,
    "ptcorr_50to100_EB2": 29.28794805286452,
    "ptcorr_50to100_EE": 27.887165205553174
  },
  "PileupReweight_Down": {
    "ptcorr_10to15_EB1": 11.17083697518683,
    "ptcorr_10to15_EB2": 5.398138482065406,
    "ptcorr_10to15_EE": 5.107500325189903,
    "ptcorr_15to20_EB1": 11.448534214228857,
    "ptcorr_15to20_EB2": 7.313904932700098,
    "ptcorr_15to20_EE": 8.09636374207912,
    "ptcorr_20to25_EB1": 13.355507720494643,
    "ptcorr_20to25_EB2": 8.74873924968415,
    "ptcorr_20to25_EE": 7.759097016445594,
    "ptcorr_25to35_EB1": 26.91469770509866,
    "ptcorr_25to35_EB2": 19.306735047721304,
    "ptcorr_25to35_EE": 16.07029257863178,
    "ptcorr_35to50_EB1": 37.20096772839315,
    "ptcorr_35to50_EB2": 20.66583208873635,
    "ptcorr_35to50_EE": 23.271573740494205,
    "ptcorr_50to100_EB1": 39.640189592173556,
    "ptcorr_50to100_EB2": 30.257721834612312,
    "ptcorr_50to100_EE": 27.276474317681277
  },
  "JetEn_Up": {
    "ptcorr_10to15_EB1": 10.321475724689662,
    "ptcorr_10to15_EB2": 5.3762811459600925,
    "ptcorr_10to15_EE": 5.07106416951865,
    "ptcorr_15to20_EB1": 10.994823300396092,
    "ptcorr_15to20_EB2": 7.167049232288264,
    "ptcorr_15to20_EE": 7.604882417363115,
    "ptcorr_20to25_EB1": 12.677718665334396,
    "ptcorr_20to25_EB2": 8.420136576751247,
    "ptcorr_20to25_EE": 7.858688813867047,
    "ptcorr_25to35_EB1": 26.93444997863844,
    "ptcorr_25to35_EB2": 18.43227222887799,
    "ptcorr_25to35_EE": 16.49448749027215,
    "ptcorr_35to50_EB1": 34.122376524377614,
    "ptcorr_35to50_EB2": 19.928786855656654,
    "ptcorr_35to50_EE": 21.632843022583984,
    "ptcorr_50to100_EB1": 40.01322744588833,
    "ptcorr_50to100_EB2": 27.763665995327756,
    "ptcorr_50to100_EE": 25.85504458239302
  },
  "JetEn_Down": {
    "ptcorr_10to15_EB1": 11.606365839019418,
    "ptcorr_10to15_EB2": 5.013271103613079,
    "ptcorr_10to15_EE": 5.303989248583093,
    "ptcorr_15to20_EB1": 11.583050948916934,
    "ptcorr_15to20_EB2": 7.786221708520316,
    "ptcorr_15to20_EE": 7.774903768557124,
    "ptcorr_20to25_EB1": 14.185929959756322,
    "ptcorr_20to25_EB2": 8.522460828069597,
    "ptcorr_20to25_EE": 7.855541138211265,
    "ptcorr_25to35_EB1": 28.981019934057258,
    "ptcorr_25to35_EB2": 20.115787200862542,
    "ptcorr_25to35_EE": 15.880132554098964,
    "ptcorr_35to50_EB1": 36.91239747218788,