{
  "Central": {
    "ptcorr_10to15_EB1": 6.16055583988782,
    "ptcorr_10to15_EB2": 3.454338770592585,
    "ptcorr_10to15_EE": 3.2909382856450975,
    "ptcorr_15to20_EB1": 7.868917809100822,
    "ptcorr_15to20_EB2": 5.904741096193902,
    "ptcorr_15to20_EE": 5.5406612863298506,
    "ptcorr_20to25_EB1": 9.97892861510627,
    "ptcorr_20to25_EB2": 6.909863539272919,
    "ptcorr_20to25_EE": 5.958412412088364,
    "ptcorr_25to35_EB1": 21.89069042878691,
    "ptcorr_25to35_EB2": 16.54402471287176,
    "ptcorr_25to35_EE": 12.834848014870659,
    "ptcorr_35to50_EB1": 33.1258633909747,
    "ptcorr_35to50_EB2": 18.417742910445668,
    "ptcorr_35to50_EE": 20.837779064197093,
    "ptcorr_50to100_EB1": 37.871828519622795,
    "ptcorr_50to100_EB2": 27.36549609643407,
    "ptcorr_50to100_EE": 25.503774958779104
  },
  "MotherJetPt_Up": {
    "ptcorr_10to15_EB1": 4.566830136580393,
    "ptcorr_10to15_EB2": 1.916231547947973,
    "ptcorr_10to15_EE": 2.018994574667886,
    "ptcorr_15to20_EB1": 5.159166208235547,
    "ptcorr_15to20_EB2": 4.516379867331125,
    "ptcorr_15to20_EE": 3.614689550595358,
    "ptcorr_20to25_EB1": 7.4556947944220155,
    "ptcorr_20to25_EB2": 4.146255907136947,
    "ptcorr_20to25_EE": 3.584553837077692,
    "ptcorr_25to35_EB1": 14.208906435058452,
    "ptcorr_25to35_EB2": 9.922604279243387,
    "ptcorr_25to35_EE": 7.775936158839613,
    "ptcorr_35to50_EB1": 20.933401863789186,
    "ptcorr_35to50_EB2": 13.757744443486445,
    "ptcorr_35to50_EE": 15.258161971345544,
    "ptcorr_50to100_EB1": 28.714946507825516,
    "ptcorr_50to100_EB2": 21.42465031077154,
    "ptcorr_50to100_EE": 19.450780777842738
  },
  "MotherJetPt_Down": {
    "ptcorr_10to15_EB1": 7.2508193015819415,
    "ptcorr_10to15_EB2": 3.9008106312248856,
    "ptcorr_10to15_EE": 4.097302585141733,
    "ptcorr_15to20_EB1": 8.752308758208528,
    "ptcorr_15to20_EB2": 6.973825733992271,
    "ptcorr_15to20_EE": 6.784276807447895,
    "ptcorr_20to25_EB1": 11.777137571712956,
    "ptcorr_20to25_EB2": 7.62740331585519,
    "ptcorr_20to25_EE": 7.278418353293091,
    "ptcorr_25to35_EB1": 24.652580435969867,
    "ptcorr_25to35_EB2": 19.718972865957767,
    "ptcorr_25to35_EE": 15.551772305276245,
    "ptcorr_35to50_EB1": 36.05123524204828,
    "ptcorr_35to50_EB2": 21.070517564890906,
    "ptcorr_35to50_EE": 23.314036472467706,
    "ptcorr_50to100_EB1": 41.43097714520991,
    "ptcorr_50to100_EB2": 29.100848033791408,
    "ptcorr_50to100_EE": 27.7497442351887
  },
  "RequireHeavyTag": {
    "ptcorr_10to15_EB1": 4.852820050087757,
    "ptcorr_10to15_EB2": 2.476288525853306,
    "ptcorr_10to15_EE": 2.3424499463289976,
    "ptcorr_15to20_EB1": 6.739882350433618,
    "ptcorr_15to20_EB2": 4.652550192316994,
    "ptcorr_15to20_EE": 4.276234139921144,
    "ptcorr_20to25_EB1": 8.345627589151263,
    "ptcorr_20to25_EB2": 5.279146913671866,
    "ptcorr_20to25_EE": 3.905253289733082,
    "ptcorr_25to35_EB1": 18.112013580161147,
    "ptcorr_25to35_EB2": 13.86365833831951,
    "ptcorr_25to35_EE": 9.7801461617928,
    "ptcorr_35to50_EB1": 26.425254680332728,
    "ptcorr_35to50_EB2": 15.03487132920418,
    "ptcorr_35to50_EE": 16.506923824781552,
    "ptcorr_50to100_EB1": 30.574578589876182,
    "ptcorr_50to100_EB2": 21.938684152206406,
    "ptcorr_50to100_EE": 19.072272159857675
  },
  "L1Prefire_Up": {
    "ptcorr_10to15_EB1": 6.16055583988782,
    "ptcorr_10to15_EB2": 3.454338770592585,
    "ptcorr_10to15_EE": 3.2909382856450975,
    "ptcorr_15to20_EB1": 7.868917809100822,
    "ptcorr_15to20_EB2": 5.904741096193902,
    "ptcorr_15to20_EE": 5.5406612863298506,
    "ptcorr_20to25_EB1": 9.97892861510627,
    "ptcorr_20to25_EB2": 6.909863539272919,
    "ptcorr_20to25_EE": 5.958412412088364,
    "ptcorr_25to35_EB1": 21.89069042878691,
    "ptcorr_25to35_EB2": 16.54402471287176,
    "ptcorr_25to35_EE": 12.834848014870659,
    "ptcorr_35to50_EB1": 33.1258633909747,
    "ptcorr_35to50_EB2": 18.417742910445668,
    "ptcorr_35to50_EE": 20.837779064197093,
    "ptcorr_50to100_EB1": 37.871828519622795,
    "ptcorr_50to100_EB2": 27.36549609643407,
    "ptcorr_50to100_EE": 25.503774958779104
  },
  "L1Prefire_Down": {
    "ptcorr_10to15_EB1": 6.16055583988782,
    "ptcorr_10to15_EB2": 3.454338770592585,
    "ptcorr_10to15_EE": 3.2909382856450975,
    "ptcorr_15to20_EB1": 7.868917809100822,
    "ptcorr_15to20_EB2": 5.904741096193902,
    "ptcorr_15to20_EE": 5.5406612863298506,
    "ptcorr_20to25_EB1": 9.97892861510627,
    "ptcorr_20to25_EB2": 6.909863539272919,
    "ptcorr_20to25_EE": 5.958412412088364,
    "ptcorr_25to35_EB1": 21.89069042878691,
    "ptcorr_25to35_EB2": 16.54402471287176,
    "ptcorr_25to35_EE": 12.834848014870659,
    "ptcorr_35to50_EB1": 33.1258633909747,
    "ptcorr_35to50_EB2": 18.417742910445668,
    "ptcorr_35to50_EE": 20.837779064197093,
    "ptcorr_50to100_EB1": 37.871828519622795,
    "ptcorr_50to100_EB2": 27.36549609643407,
    "ptcorr_50to100_EE": 25.503774958779104
  },
  "PileupReweight_Up": {
    "ptcorr_10to15_EB1": 6.202638767194003,
    "ptcorr_10to15_EB2": 3.1675326148979366,
    "ptcorr_10to15_EE": 3.1918697683140635,
    "ptcorr_15to20_EB1": 7.746975925285369,
    "ptcorr_15to20_EB2": 5.691681121941656,
    "ptcorr_15to20_EE": 5.183833689894527,
    "ptcorr_20to25_EB1": 10.109331687912345,
    "ptcorr_20to25_EB2": 6.661307997070253,
    "ptcorr_20to25_EE": 5.986323785036802,
    "ptcorr_25to35_EB1": 21.77941882191226,
    "ptcorr_25to35_EB2": 15.892661598045379,
    "ptcorr_25to35_EE": 12.6810029768385,
    "ptcorr_35to50_EB1": 32.62114002648741,
    "ptcorr_35to50_EB2": 18.737669084686786,
    "ptcorr_35to50_EE": 20.1340334569104,
    "ptcorr_50to100_EB1": 37.58050264650956,
    "ptcorr_50to100_EB2": 26.84463616972789,
    "ptcorr_50to100_EE": 25.61760798515752
  },
  "PileupReweight_Down": {
    "ptcorr_10to15_EB1": 6.04759478737833,
    "ptcorr_10to15_EB2": 3.7364257522276603,
    "ptcorr_10to15_EE": 3.3847846797434613,
    "ptcorr_15to20_EB1": 7.957131533650681,
    "ptcorr_15to20_EB2": 6.132849285204429,
    "ptcorr_15to20_EE": 5.8690988184534945,
    "ptcorr_20to25_EB1": 9.847511680040043,
    "ptcorr_20to25_EB2": 7.214694338996196,
    "ptcorr_20to25_EE": 6.066849444672698,
    "ptcorr_25to35_EB1": 22.082674613717245,
    "ptcorr_25to35_EB2": 17.20919398427941,
    "ptcorr_25to35_EE": 12.873535292834276,
    "ptcorr_35to50_EB1": 33.70617130823666,
    "ptcorr_35to50_EB2": 18.109099845169112,
    "ptcorr_35to50_EE": 21.85996298334794,
    "ptcorr_50to100_EB1": 38.13676364134881,
    "ptcorr_50to100_EB2": 27.723038024065318,
    "ptcorr_50to100_EE": 25.312386743637035
  },
  "JetEn_Up": {
    "ptcorr_10to15_EB1": 5.565814369590953,
    "ptcorr_10to15_EB2": 3.5376082453876734,
    "ptcorr_10to15_EE": 3.5128897433169186,
    "ptcorr_15to20_EB1": 7.529656274011359,
    "ptcorr_15to20_EB2": 5.811482145567425,
    "ptcorr_15to20_EE": 5.7407613401301205,
    "ptcorr_20to25_EB1": 9.455001413123682,
    "ptcorr_20to25_EB2": 6.668675601948053,
    "ptcorr_20to25_EE": 6.130131038604304,
    "ptcorr_25to35_EB1": 21.391416093101725,
    "ptcorr_25to35_EB2": 16.207352635799907,
    "ptcorr_25to35_EE": 13.34677294199355,
    "ptcorr_35to50_EB1": 30.637630166718736,
    "ptcorr_35to50_EB2": 17.523419258301146,
    "ptcorr_35to50_EE": 20.17734703165479,
    "ptcorr_50to100_EB1": 38.346385650802404,
    "ptcorr_50to100_EB2": 24.840939971385524,
    "ptcorr_50to100_EE": 23.73144073295407
  },
  "JetEn_Down": {
    "ptcorr_10to15_EB1": 6.429862286662683,
    "ptcorr_10to15_EB2": 3.341019948013127,
    "ptcorr_10to15_EE": 3.5536966195795685,
    "ptcorr_15to20_EB1": 8.171489552594721,
    "ptcorr_15to20_EB2": 6.430679216166027,
    "ptcorr_15to20_EE": 5.583748397184536,
    "ptcorr_20to25_EB1": 10.845119677949697,
    "ptcorr_20to25_EB2": 6.992111285449937,
    "ptcorr_20to25_EE": 5.925622664624825,
    "ptcorr_25to35_EB1": 23.94700141379144,
    "ptcorr_25to35_EB2": 17.903550889808685,
    "ptcorr_25to35_EE": 12.884403903502971,
    "ptcorr_35to50_EB1": 33.48195885750465,