{
  "Central": {
    "ptcorr_10to15_EB1": 3.883337733335793,
    "ptcorr_10to15_EB2": 2.3700538725825027,
    "ptcorr_10to15_EE": 3.0902226571924984,
    "ptcorr_15to20_EB1": 6.741649209870957,
    "ptcorr_15to20_EB2": 4.6783548461971804,
    "ptcorr_15to20_EE": 5.0324798478977755,
    "ptcorr_20to25_EB1": 9.47957460168982,
    "ptcorr_20to25_EB2": 6.585750657948665,
    "ptcorr_20to25_EE": 6.5577254260424525,
    "ptcorr_25to35_EB1": 24.938940422376618,
    "ptcorr_25to35_EB2": 13.748610977083445,
    "ptcorr_25to35_EE": 12.632334635069128,
    "ptcorr_35to50_EB1": 31.843560159381013,
    "ptcorr_35to50_EB2": 18.556831773428712,
    "ptcorr_35to50_EE": 13.840887250611559,
    "ptcorr_50to100_EB1": 43.251030995626934,
    "ptcorr_50to100_EB2": 26.78168344241567,
    "ptcorr_50to100_EE": 16.203225924167782
  },
  "MotherJetPt_Up": {
    "ptcorr_10to15_EB1": 2.146971176553052,
    "ptcorr_10to15_EB2": 1.247986679431051,
    "ptcorr_10to15_EE": 1.6708070505410433,
    "ptcorr_15to20_EB1": 3.3231808547861874,
    "ptcorr_15to20_EB2": 2.728850217303261,
    "ptcorr_15to20_EE": 2.6803606001194566,
    "ptcorr_20to25_EB1": 5.22107973130187,
    "ptcorr_20to25_EB2": 3.7441721182549372,
    "ptcorr_20to25_EE": 3.544601444969885,
    "ptcorr_25to35_EB1": 14.31074342125794,
    "ptcorr_25to35_EB2": 7.770744043169543,
    "ptcorr_25to35_EE": 6.991197518073022,
    "ptcorr_35to50_EB1": 20.182691623456776,
    "ptcorr_35to50_EB2": 12.344620014482643,
    "ptcorr_35to50_EE": 9.052919446548913,
    "ptcorr_50to100_EB1": 32.507653537613805,
    "ptcorr_50to100_EB2": 20.58112240198534,
    "ptcorr_50to100_EE": 12.099626969895326
  },
  "MotherJetPt_Down": {
    "ptcorr_10to15_EB1": 4.865642175020184,
    "ptcorr_10to15_EB2": 2.865869195666164,
    "ptcorr_10to15_EE": 3.7672274205833673,
    "ptcorr_15to20_EB1": 8.696597741218284,
    "ptcorr_15to20_EB2": 5.689085429883562,
    "ptcorr_15to20_EE": 6.010719407699071,
    "ptcorr_20to25_EB1": 11.412528610613663,
    "ptcorr_20to25_EB2": 7.7735034776851535,
    "ptcorr_20to25_EE": 7.71802157536149,
    "ptcorr_25to35_EB1": 28.72996872931253,
    "ptcorr_25to35_EB2": 15.917868061340414,
    "ptcorr_25to35_EE": 14.170831428316887,
    "ptcorr_35to50_EB1": 36.15651357942261,
    "ptcorr_35to50_EB2": 20.924201326735783,
    "ptcorr_35to50_EE": 15.573106180760078,
    "ptcorr_50to100_EB1": 46.97675787040498,
    "ptcorr_50to100_EB2": 29.12192257953575,
    "ptcorr_50to100_EE": 17.566247563343495
  },
  "RequireHeavyTag": {
    "ptcorr_10to15_EB1": 2.4167923470959067,
    "ptcorr_10to15_EB2": 1.4026274720672518,
    "ptcorr_10to15_EE": 2.092513740528375,
    "ptcorr_15to20_EB1": 4.484095326624811,
    "ptcorr_15to20_EB2": 2.9734139154898003,
    "ptcorr_15to20_EE": 3.510305032483302,
    "ptcorr_20to25_EB1": 6.183879830234218,
    "ptcorr_20to25_EB2": 4.398458398878574,
    "ptcorr_20to25_EE": 4.299142017844133,
    "ptcorr_25to35_EB1": 16.80950013146503,
    "ptcorr_25to35_EB2": 9.961732912051957,
    "ptcorr_25to35_EE": 7.85154582146788,
    "ptcorr_35to50_EB1": 20.831375816836953,
    "ptcorr_35to50_EB2": 12.100185562274419,
    "ptcorr_35to50_EE": 9.085809733020142,
    "ptcorr_50to100_EB1": 27.914534004114103,
    "ptcorr_50to100_EB2": 16.863141209993046,
    "ptcorr_50to100_EE": 9.97789728018688
  },
  "L1Prefire_Up": {
    "ptcorr_10to15_EB1": 3.883337733335793,
    "ptcorr_10to15_EB2": 2.3700538725825027,
    "ptcorr_10to15_EE": 3.0902226571924984,
    "ptcorr_15to20_EB1": 6.741649209870957,
    "ptcorr_15to20_EB2": 4.6783548461971804,
    "ptcorr_15to20_EE": 5.0324798478977755,
    "ptcorr_20to25_EB1": 9.47957460168982,
    "ptcorr_20to25_EB2": 6.585750657948665,
    "ptcorr_20to25_EE": 6.5577254260424525,
    "ptcorr_25to35_EB1": 24.938940422376618,
    "ptcorr_25to35_EB2": 13.748610977083445,
    "ptcorr_25to35_EE": 12.632334635069128,
    "ptcorr_35to50_EB1": 31.843560159381013,
    "ptcorr_35to50_EB2": 18.556831773428712,
    "ptcorr_35to50_EE": 13.840887250611559,
    "ptcorr_50to100_EB1": 43.251030995626934,
    "ptcorr_50to100_EB2": 26.78168344241567,
    "ptcorr_50to100_EE": 16.203225924167782
  },
  "L1Prefire_Down": {
    "ptcorr_10to15_EB1": 3.883337733335793,
    "ptcorr_10to15_EB2": 2.3700538725825027,
    "ptcorr_10to15_EE": 3.0902226571924984,
    "ptcorr_15to20_EB1": 6.741649209870957,
    "ptcorr_15to20_EB2": 4.6783548461971804,
    "ptcorr_15to20_EE": 5.0324798478977755,
    "ptcorr_20to25_EB1": 9.47957460168982,
    "ptcorr_20to25_EB2": 6.585750657948665,
    "ptcorr_20to25_EE": 6.5577254260424525,
    "ptcorr_25to35_EB1": 24.938940422376618,
    "ptcorr_25to35_EB2": 13.748610977083445,
    "ptcorr_25to35_EE": 12.632334635069128,
    "ptcorr_35to50_EB1": 31.843560159381013,
    "ptcorr_35to50_EB2": 18.556831773428712,
    "ptcorr_35to50_EE": 13.840887250611559,
    "ptcorr_50to100_EB1": 43.251030995626934,
    "ptcorr_50to100_EB2": 26.78168344241567,
    "ptcorr_50to100_EE": 16.203225924167782
  },
  "PileupReweight_Up": {
    "ptcorr_10to15_EB1": 3.9868960678577423,
    "ptcorr_10to15_EB2": 2.334544730023481,
    "ptcorr_10to15_EE": 2.9719438611064106,
    "ptcorr_15to20_EB1": 6.64320438366849,
    "ptcorr_15to20_EB2": 4.544500703224912,
    "ptcorr_15to20_EE": 4.898292670259252,
    "ptcorr_20to25_EB1": 9.364428062806837,
    "ptcorr_20to25_EB2": 6.402537640649825,
    "ptcorr_20to25_EE": 6.38949541375041,
    "ptcorr_25to35_EB1": 24.456477239960805,
    "ptcorr_25to35_EB2": 13.51113471086137,
    "ptcorr_25to35_EE": 12.386607242980972,
    "ptcorr_35to50_EB1": 31.51865451678168,
    "ptcorr_35to50_EB2": 18.391289056860842,
    "ptcorr_35to50_EE": 13.65964824135881,
    "ptcorr_50to100_EB1": 43.124329193960875,
    "ptcorr_50to100_EB2": 26.494300741236657,
    "ptcorr_50to100_EE": 15.940671291784383
  },
  "PileupReweight_Down": {
    "ptcorr_10to15_EB1": 3.7830379441729747,
    "ptcorr_10to15_EB2": 2.3737014310609084,
    "ptcorr_10to15_EE": 3.250442912132712,
    "ptcorr_15to20_EB1": 6.8811192907742225,
    "ptcorr_15to20_EB2": 4.804226270265644,
    "ptcorr_15to20_EE": 5.157852705771802,
    "ptcorr_20to25_EB1": 9.607764209911693,
    "ptcorr_20to25_EB2": 6.787179242208367,
    "ptcorr_20to25_EE": 6.759214923949912,
    "ptcorr_25to35_EB1": 25.573252911446616,
    "ptcorr_25to35_EB2": 13.951555450898013,
    "ptcorr_25to35_EE": 12.829578430741094,
    "ptcorr_35to50_EB1": 32.2117666494014,
    "ptcorr_35to50_EB2": 18.769496158551192,
    "ptcorr_35to50_EE": 14.001220350153744,
    "ptcorr_50to100_EB1": 43.32588461929117,
    "ptcorr_50to100_EB2": 26.993613623970305,
    "ptcorr_50to100_EE": 16.48232495864795
  },
  "JetEn_Up": {
    "ptcorr_10to15_EB1": 3.778024843893945,
    "ptcorr_10to15_EB2": 2.2763478627894074,
    "ptcorr_10to15_EE": 2.9413118882803246,
    "ptcorr_15to20_EB1": 6.643621658906341,
    "ptcorr_15to20_EB2": 4.303909236099571,
    "ptcorr_15to20_EE": 4.84434667264577,
    "ptcorr_20to25_EB1": 9.022927689715289,
    "ptcorr_20to25_EB2": 6.324124834267423,
    "ptcorr_20to25_EE": 5.936753333546221,
    "ptcorr_25to35_EB1": 23.46505172579782,
    "ptcorr_25to35_EB2": 13.252627827809192,
    "ptcorr_25to35_EE": 12.16998035350116,
    "ptcorr_35to50_EB1": 30.13164349528961,
    "ptcorr_35to50_EB2": 17.577846447296906,
    "ptcorr_35to50_EE": 12.943830180447549,
    "ptcorr_50to100_EB1": 40.53881380870007,
    "ptcorr_50to100_EB2": 25.2766262331279,
    "ptcorr_50to100_EE": 15.448306884267367
  },
  "JetEn_Down": {
    "ptcorr_10to15_EB1": 4.034178386733402,
    "ptcorr_10to15_EB2": 2.452519858838059,
    "ptcorr_10to15_EE": 2.8631029693060555,
    "ptcorr_15to20_EB1": 6.760943389323074,
    "ptcorr_15to20_EB2": 4.583971522981301,
    "ptcorr_15to20_EE": 5.016528500011191,
    "ptcorr_20to25_EB1": 9.53045246831607,
    "ptcorr_20to25_EB2": 6.656736310920678,
    "ptcorr_20to25_EE": 6.70578492351342,
    "ptcorr_25to35_EB1": 25.502047033281997,
    "ptcorr_25to35_EB2": 14.060285942396149,
    "ptcorr_25to35_EE": 13.032650116132572,
    "ptcorr_35to50_EB1": 33.76963987626368,