{
  "Central": {
    "ptcorr_10to15_EB1": 113.77750860864762,
    "ptcorr_10to15_EB2": 63.567694749333896,
    "ptcorr_10to15_EE": 80.96880094858352,
    "ptcorr_15to20_EB1": 180.54838426224887,
    "ptcorr_15to20_EB2": 108.34825369925238,
    "ptcorr_15to20_EE": 120.3555184637662,
    "ptcorr_20to25_EB1": 237.01569052087143,
    "ptcorr_20to25_EB2": 140.78500369086396,
    "ptcorr_20to25_EE": 135.2065615101019,
    "ptcorr_25to35_EB1": 527.5799613129348,
    "ptcorr_25to35_EB2": 314.60889407328796,
    "ptcorr_25to35_EE": 271.7384764435701,
    "ptcorr_35to50_EB1": 682.4719932639273,
    "ptcorr_35to50_EB2": 418.1394367807079,
    "ptcorr_35to50_EE": 305.10963126958814,
    "ptcorr_50to100_EB1": 946.5087080840021,
    "ptcorr_50to100_EB2": 554.9751983255846,
    "ptcorr_50to100_EE": 369.3568217382999
  },
  "MotherJetPt_Up": {
    "ptcorr_10to15_EB1": 82.07898983906489,
    "ptcorr_10to15_EB2": 46.904281598632224,
    "ptcorr_10to15_EE": 60.7288223329233,
    "ptcorr_15to20_EB1": 131.9530962955905,
    "ptcorr_15to20_EB2": 78.71266113535967,
    "ptcorr_15to20_EE": 87.92174467584118,
    "ptcorr_20to25_EB1": 172.2286237925291,
    "ptcorr_20to25_EB2": 103.72185252094641,
    "ptcorr_20to25_EE": 100.3963838139316,
    "ptcorr_25to35_EB1": 386.61366310482845,
    "ptcorr_25to35_EB2": 231.05861161719076,
    "ptcorr_25to35_EE": 202.16758546116762,
    "ptcorr_35to50_EB1": 528.3396293616388,
    "ptcorr_35to50_EB2": 323.6058358605951,
    "ptcorr_35to50_EE": 234.34858181583695,
    "ptcorr_50to100_EB1": 769.9586256723851,
    "ptcorr_50to100_EB2": 447.4958575771889,
    "ptcorr_50to100_EE": 297.24042423523497
  },
  "MotherJetPt_Down": {
    "ptcorr_10to15_EB1": 127.19741435407195,
    "ptcorr_10to15_EB2": 70.26420974091161,
    "ptcorr_10to15_EE": 89.15727910993155,
    "ptcorr_15to20_EB1": 199.02609856473282,
    "ptcorr_15to20_EB2": 119.17481706757098,
    "ptcorr_15to20_EE": 131.62510855635628,
    "ptcorr_20to25_EB1": 256.85513465700205,
    "ptcorr_20to25_EB2": 152.81321278156247,
    "ptcorr_20to25_EE": 146.33818908862304,
    "ptcorr_25to35_EB1": 569.7030331201386,
    "ptcorr_25to35_EB2": 341.5225201189751,
    "ptcorr_25to35_EE": 291.33816621860024,
    "ptcorr_35to50_EB1": 727.4720085284207,
    "ptcorr_35to50_EB2": 444.984981737216,
    "ptcorr_35to50_EE": 327.2510103993118,
    "ptcorr_50to100_EB1": 998.8716885043541,
    "ptcorr_50to100_EB2": 583.8991263330681,
    "ptcorr_50to100_EE": 392.87385827011894
  },
  "RequireHeavyTag": {
    "ptcorr_10to15_EB1": 86.7636777224252,
    "ptcorr_10to15_EB2": 49.17254195315763,
    "ptcorr_10to15_EE": 62.689539220998995,
    "ptcorr_15to20_EB1": 140.2380991326645,
    "ptcorr_15to20_EB2": 84.62630513182376,
    "ptcorr_15to20_EE": 92.43963800859638,
    "ptcorr_20to25_EB1": 183.45474932773504,
    "ptcorr_20to25_EB2": 109.26172126957681,
    "ptcorr_20to25_EE": 105.74696470436174,
    "ptcorr_25to35_EB1": 413.18539676314685,
    "ptcorr_25to35_EB2": 243.76786173484288,
    "ptcorr_25to35_EE": 203.94176640035585,
    "ptcorr_35to50_EB1": 529.8708558533108,
    "ptcorr_35to50_EB2": 320.9083159386646,
    "ptcorr_35to50_EE": 227.9849255551817,
    "ptcorr_50to100_EB1": 715.749231997761,
    "ptcorr_50to100_EB2": 414.25239059410524,
    "ptcorr_50to100_EE": 263.33195165533107
  },
  "L1Prefire_Up": {
    "ptcorr_10to15_EB1": 113.77750860864762,
    "ptcorr_10to15_EB2": 63.567694749333896,
    "ptcorr_10to15_EE": 80.96880094858352,
    "ptcorr_15to20_EB1": 180.54838426224887,
    "ptcorr_15to20_EB2": 108.34825369925238,
    "ptcorr_15to20_EE": 120.3555184637662,
    "ptcorr_20to25_EB1": 237.01569052087143,
    "ptcorr_20to25_EB2": 140.78500369086396,
    "ptcorr_20to25_EE": 135.2065615101019,
    "ptcorr_25to35_EB1": 527.5799613129348,
    "ptcorr_25to35_EB2": 314.60889407328796,
    "ptcorr_25to35_EE": 271.7384764435701,
    "ptcorr_35to50_EB1": 682.4719932639273,
    "ptcorr_35to50_EB2": 418.1394367807079,
    "ptcorr_35to50_EE": 305.10963126958814,
    "ptcorr_50to100_EB1": 946.5087080840021,
    "ptcorr_50to100_EB2": 554.9751983255846,
    "ptcorr_50to100_EE": 369.3568217382999
  },
  "L1Prefire_Down": {
    "ptcorr_10to15_EB1": 113.77750860864762,
    "ptcorr_10to15_EB2": 63.567694749333896,
    "ptcorr_10to15_EE": 80.96880094858352,
    "ptcorr_15to20_EB1": 180.54838426224887,
    "ptcorr_15to20_EB2": 108.34825369925238,
    "ptcorr_15to20_EE": 120.3555184637662,
    "ptcorr_20to25_EB1": 237.01569052087143,
    "ptcorr_20to25_EB2": 140.78500369086396,
    "ptcorr_20to25_EE": 135.2065615101019,
    "ptcorr_25to35_EB1": 527.5799613129348,
    "ptcorr_25to35_EB2": 314.60889407328796,
    "ptcorr_25to35_EE": 271.7384764435701,
    "ptcorr_35to50_EB1": 682.4719932639273,
    "ptcorr_35to50_EB2": 418.1394367807079,
    "ptcorr_35to50_EE": 305.10963126958814,
    "ptcorr_50to100_EB1": 946.5087080840021,
    "ptcorr_50to100_EB2": 554.9751983255846,
    "ptcorr_50to100_EE": 369.3568217382999
  },
  "PileupReweight_Up": {
    "ptcorr_10to15_EB1": 111.91442678426392,
    "ptcorr_10to15_EB2": 62.21084009273909,
    "ptcorr_10to15_EE": 78.02526056254283,
    "ptcorr_15to20_EB1": 179.32369284844026,
    "ptcorr_15to20_EB2": 106.3273585815914,
    "ptcorr_15to20_EE": 117.37338442960754,
    "ptcorr_20to25_EB1": 236.55328447488137,
    "ptcorr_20to25_EB2": 139.41621349542402,
    "ptcorr_20to25_EE": 132.37923428206705,
    "ptcorr_25to35_EB1": 524.6024707590695,
    "ptcorr_25to35_EB2": 312.04769323719665,
    "ptcorr_25to35_EE": 267.590748537099,
    "ptcorr_35to50_EB1": 678.6692505159881,
    "ptcorr_35to50_EB2": 414.46606487152167,
    "ptcorr_35to50_EE": 301.9300337822642,
    "ptcorr_50to100_EB1": 940.5466172080487,
    "ptcorr_50to100_EB2": 551.5718021157663,
    "ptcorr_50to100_EE": 366.98765729926527
  },
  "PileupReweight_Down": {
    "ptcorr_10to15_EB1": 115.70832364424132,
    "ptcorr_10to15_EB2": 64.94258557268768,
    "ptcorr_10to15_EE": 83.92117775752558,
    "ptcorr_15to20_EB1": 181.78902844310505,
    "ptcorr_15to20_EB2": 110.58136617313721,
    "ptcorr_15to20_EE": 123.3731309985451,
    "ptcorr_20to25_EB1": 236.95486250601243,
    "ptcorr_20to25_EB2": 142.43613703019219,
    "ptcorr_20to25_EE": 137.8805915445846,
    "ptcorr_25to35_EB1": 530.528781371977,
    "ptcorr_25to35_EB2": 316.8618095055281,
    "ptcorr_25to35_EE": 275.6441319208243,
    "ptcorr_35to50_EB1": 686.825135338644,
    "ptcorr_35to50_EB2": 421.2947150571854,
    "ptcorr_35to50_EE": 308.0518635096669,
    "ptcorr_50to100_EB1": 951.6758536207199,
    "ptcorr_50to100_EB2": 558.4452576997865,
    "ptcorr_50to100_EE": 371.5293692620762
  },
  "JetEn_Up": {
    "ptcorr_10to15_EB1": 110.19849739118945,
    "ptcorr_10to15_EB2": 60.782537367078476,
    "ptcorr_10to15_EE": 77.67529946158174,
    "ptcorr_15to20_EB1": 176.70104044803884,
    "ptcorr_15to20_EB2": 104.26855116209481,
    "ptcorr_15to20_EE": 115.40682950126939,
    "ptcorr_20to25_EB1": 224.854715357651,
    "ptcorr_20to25_EB2": 132.3578099171864,
    "ptcorr_20to25_EE": 130.68023890128825,
    "ptcorr_25to35_EB1": 500.52144920278806,
    "ptcorr_25to35_EB2": 294.854054834228,
    "ptcorr_25to35_EE": 259.6397836408578,
    "ptcorr_35to50_EB1": 646.6954225570662,
    "ptcorr_35to50_EB2": 390.36554238793906,
    "ptcorr_35to50_EE": 291.2039494572673,
    "ptcorr_50to100_EB1": 893.6338906276505,
    "ptcorr_50to100_EB2": 521.4099607152166,
    "ptcorr_50to100_EE": 354.1566916248994
  },
  "JetEn_Down": {
    "ptcorr_10to15_EB1": 119.03531606064644,
    "ptcorr_10to15_EB2": 64.91569078911562,
    "ptcorr_10to15_EE": 87.04079499770887,
    "ptcorr_15to20_EB1": 191.54467975755688,
    "ptcorr_15to20_EB2": 113.61458546365611,
    "ptcorr_15to20_EE": 128.9948592206929,
    "ptcorr_20to25_EB1": 252.77014409238473,
    "ptcorr_20to25_EB2": 146.4424507576041,
    "ptcorr_20to25_EE": 145.06171678833198,
    "ptcorr_25to35_EB1": 556.095205642865,
    "ptcorr_25to35_EB2": 332.6956346890656,
    "ptcorr_25to35_EE": 288.23415163962636,
    "ptcorr_35to50_EB1": 721.0148279152345,