{
  "Central": {
    "ptcorr_10to15_EB1": 71.53726305114105,
    "ptcorr_10to15_EB2": 40.10463402234018,
    "ptcorr_10to15_EE": 63.34437946556136,
    "ptcorr_15to20_EB1": 94.17597057600506,
    "ptcorr_15to20_EB2": 63.711235323222354,
    "ptcorr_15to20_EE": 92.34666324360296,
    "ptcorr_20to25_EB1": 123.43463220377453,
    "ptcorr_20to25_EB2": 82.79995933035389,
    "ptcorr_20to25_EE": 110.70247085392475,
    "ptcorr_25to35_EB1": 276.3358477856964,
    "ptcorr_25to35_EB2": 180.915901200613,
    "ptcorr_25to35_EE": 223.8118407977745,
    "ptcorr_35to50_EB1": 393.08946015452966,
    "ptcorr_35to50_EB2": 254.63014196720906,
    "ptcorr_35to50_EE": 295.1690198436845,
    "ptcorr_50to100_EB1": 631.2908804032486,
    "ptcorr_50to100_EB2": 409.02020794851705,
    "ptcorr_50to100_EE": 418.1037911796011
  },
  "MotherJetPt_Up": {
    "ptcorr_10to15_EB1": 22.570636556483805,
    "ptcorr_10to15_EB2": 12.572221867740154,
    "ptcorr_10to15_EE": 19.773766063852236,
    "ptcorr_15to20_EB1": 26.639382345369086,
    "ptcorr_15to20_EB2": 19.80763715109788,
    "ptcorr_15to20_EE": 30.111470896285027,
    "ptcorr_20to25_EB1": 37.27409200929105,
    "ptcorr_20to25_EB2": 26.784065592102706,
    "ptcorr_20to25_EE": 34.37529074028134,
    "ptcorr_25to35_EB1": 96.17597282747738,
    "ptcorr_25to35_EB2": 62.17837575590238,
    "ptcorr_25to35_EE": 86.45755997369997,
    "ptcorr_35to50_EB1": 181.43299187649973,
    "ptcorr_35to50_EB2": 122.01853450527415,
    "ptcorr_35to50_EE": 146.22091571358033,
    "ptcorr_50to100_EB1": 429.52359548280947,
    "ptcorr_50to100_EB2": 271.5453822009731,
    "ptcorr_50to100_EE": 275.19605261227116
  },
  "MotherJetPt_Down": {
    "ptcorr_10to15_EB1": 100.67679327493533,
    "ptcorr_10to15_EB2": 55.769079968798906,
    "ptcorr_10to15_EE": 86.55643638852052,
    "ptcorr_15to20_EB1": 130.22503477684222,
    "ptcorr_15to20_EB2": 90.53970723529346,
    "ptcorr_15to20_EE": 128.60050827963278,
    "ptcorr_20to25_EB1": 166.25673967413604,
    "ptcorr_20to25_EB2": 113.66454526036978,
    "ptcorr_20to25_EE": 143.69080638955347,
    "ptcorr_25to35_EB1": 351.6990574840456,
    "ptcorr_25to35_EB2": 228.1972558342386,
    "ptcorr_25to35_EE": 276.5877944850363,
    "ptcorr_35to50_EB1": 471.02508916775696,
    "ptcorr_35to50_EB2": 303.3363381526433,
    "ptcorr_35to50_EE": 356.3216709299013,
    "ptcorr_50to100_EB1": 697.533104590606,
    "ptcorr_50to100_EB2": 459.9627420043107,
    "ptcorr_50to100_EE": 470.0760202440433
  },
  "RequireHeavyTag": {
    "ptcorr_10to15_EB1": 5.078605328686535,
    "ptcorr_10to15_EB2": 3.881494702771306,
    "ptcorr_10to15_EE": 3.3926693033427,
    "ptcorr_15to20_EB1": 5.430483202915639,
    "ptcorr_15to20_EB2": 3.5059689967893064,
    "ptcorr_15to20_EE": 5.0240268665365875,
    "ptcorr_20to25_EB1": 7.049775771796703,
    "ptcorr_20to25_EB2": 4.770010416395962,
    "ptcorr_20to25_EE": 7.647937441943213,
    "ptcorr_25to35_EB1": 16.41806463827379,
    "ptcorr_25to35_EB2": 10.689262757077813,
    "ptcorr_25to35_EE": 12.05706067243591,
    "ptcorr_35to50_EB1": 19.399522599298507,
    "ptcorr_35to50_EB2": 12.963308321777731,
    "ptcorr_35to50_EE": 13.695825416594744,
    "ptcorr_50to100_EB1": 27.7568460192997,
    "ptcorr_50to100_EB2": 18.591219801921397,
    "ptcorr_50to100_EE": 18.27677614381537
  },
  "L1Prefire_Up": {
    "ptcorr_10to15_EB1": 71.53726305114105,
    "ptcorr_10to15_EB2": 40.10463402234018,
    "ptcorr_10to15_EE": 63.34437946556136,
    "ptcorr_15to20_EB1": 94.17597057600506,
    "ptcorr_15to20_EB2": 63.711235323222354,
    "ptcorr_15to20_EE": 92.34666324360296,
    "ptcorr_20to25_EB1": 123.43463220377453,
    "ptcorr_20to25_EB2": 82.79995933035389,
    "ptcorr_20to25_EE": 110.70247085392475,
    "ptcorr_25to35_EB1": 276.3358477856964,
    "ptcorr_25to35_EB2": 180.915901200613,
    "ptcorr_25to35_EE": 223.8118407977745,
    "ptcorr_35to50_EB1": 393.08946015452966,
    "ptcorr_35to50_EB2": 254.63014196720906,
    "ptcorr_35to50_EE": 295.1690198436845,
    "ptcorr_50to100_EB1": 631.2908804032486,
    "ptcorr_50to100_EB2": 409.02020794851705,
    "ptcorr_50to100_EE": 418.1037911796011
  },
  "L1Prefire_Down": {
    "ptcorr_10to15_EB1": 71.53726305114105,
    "ptcorr_10to15_EB2": 40.10463402234018,
    "ptcorr_10to15_EE": 63.34437946556136,
    "ptcorr_15to20_EB1": 94.17597057600506,
    "ptcorr_15to20_EB2": 63.711235323222354,
    "ptcorr_15to20_EE": 92.34666324360296,
    "ptcorr_20to25_EB1": 123.43463220377453,
    "ptcorr_20to25_EB2": 82.79995933035389,
    "ptcorr_20to25_EE": 110.70247085392475,
    "ptcorr_25to35_EB1": 276.3358477856964,
    "ptcorr_25to35_EB2": 180.915901200613,
    "ptcorr_25to35_EE": 223.8118407977745,
    "ptcorr_35to50_EB1": 393.08946015452966,
    "ptcorr_35to50_EB2": 254.63014196720906,
    "ptcorr_35to50_EE": 295.1690198436845,
    "ptcorr_50to100_EB1": 631.2908804032486,
    "ptcorr_50to100_EB2": 409.02020794851705,
    "ptcorr_50to100_EE": 418.1037911796011
  },
  "PileupReweight_Up": {
    "ptcorr_10to15_EB1": 69.7693114951253,
    "ptcorr_10to15_EB2": 38.4165521315299,
    "ptcorr_10to15_EE": 60.65559304039925,
    "ptcorr_15to20_EB1": 92.99686937592924,
    "ptcorr_15to20_EB2": 62.45548994746059,
    "ptcorr_15to20_EE": 89.57193079823628,
    "ptcorr_20to25_EB1": 122.29584905924276,
    "ptcorr_20to25_EB2": 81.63670226139948,
    "ptcorr_20to25_EE": 108.58119672909379,
    "ptcorr_25to35_EB1": 273.4802893176675,
    "ptcorr_25to35_EB2": 180.22859116550535,
    "ptcorr_25to35_EE": 219.88665631692857,
    "ptcorr_35to50_EB1": 390.75177827337757,
    "ptcorr_35to50_EB2": 253.48487178701907,
    "ptcorr_35to50_EE": 291.16922451369464,
    "ptcorr_50to100_EB1": 625.2116833389737,
    "ptcorr_50to100_EB2": 404.7677424480207,
    "ptcorr_50to100_EE": 413.42896698601544
  },
  "PileupReweight_Down": {
    "ptcorr_10to15_EB1": 73.21747764374595,
    "ptcorr_10to15_EB2": 41.84304319979856,
    "ptcorr_10to15_EE": 65.92859599919757,
    "ptcorr_15to20_EB1": 94.97612872044556,
    "ptcorr_15to20_EB2": 65.0133943001274,
    "ptcorr_15to20_EE": 95.25067738868529,
    "ptcorr_20to25_EB1": 124.38404229999287,
    "ptcorr_20to25_EB2": 83.83866844896693,
    "ptcorr_20to25_EE": 112.6412421304849,
    "ptcorr_25to35_EB1": 278.7847750589717,
    "ptcorr_25to35_EB2": 181.95565466891276,
    "ptcorr_25to35_EE": 228.6265418070252,
    "ptcorr_35to50_EB1": 395.1999788896064,
    "ptcorr_35to50_EB2": 255.74440235708607,
    "ptcorr_35to50_EE": 298.52270225889515,
    "ptcorr_50to100_EB1": 637.1256463392056,
    "ptcorr_50to100_EB2": 413.0285994321457,
    "ptcorr_50to100_EE": 421.87590198405087
  },
  "JetEn_Up": {
    "ptcorr_10to15_EB1": 71.3871170124039,
    "ptcorr_10to15_EB2": 40.3237039251253,
    "ptcorr_10to15_EE": 63.00388137483969,
    "ptcorr_15to20_EB1": 95.71897275629453,
    "ptcorr_15to20_EB2": 63.125888308975846,
    "ptcorr_15to20_EE": 92.79981078207493,
    "ptcorr_20to25_EB1": 124.5868124186527,
    "ptcorr_20to25_EB2": 83.66353343124501,
    "ptcorr_20to25_EE": 109.51697930856608,
    "ptcorr_25to35_EB1": 269.91411215486005,
    "ptcorr_25to35_EB2": 178.7137178615667,
    "ptcorr_25to35_EE": 218.07194295851514,
    "ptcorr_35to50_EB1": 376.70186722045764,
    "ptcorr_35to50_EB2": 246.88800039654598,
    "ptcorr_35to50_EE": 288.0243340143934,
    "ptcorr_50to100_EB1": 601.6655365440529,
    "ptcorr_50to100_EB2": 392.840453223791,
    "ptcorr_50to100_EE": 402.8919246394653
  },
  "JetEn_Down": {
    "ptcorr_10to15_EB1": 69.41072013741359,
    "ptcorr_10to15_EB2": 36.41955808736384,
    "ptcorr_10to15_EE": 60.414764719083905,
    "ptcorr_15to20_EB1": 90.6990457281936,
    "ptcorr_15to20_EB2": 62.09645166993141,
    "ptcorr_15to20_EE": 90.47032883530483,
    "ptcorr_20to25_EB1": 119.1909055437427,
    "ptcorr_20to25_EB2": 83.94660353171639,
    "ptcorr_20to25_EE": 109.27945857751183,
    "ptcorr_25to35_EB1": 274.4012022789102,
    "ptcorr_25to35_EB2": 185.6215638804715,
    "ptcorr_25to35_EE": 228.62826160667464,
    "ptcorr_35to50_EB1": 406.5403578048572,