{
  "Central": {
    "ptcorr_10to15_EB1": 45.71231431281194,
    "ptcorr_10to15_EB2": 25.259978198911995,
    "ptcorr_10to15_EE": 38.57594407862052,
    "ptcorr_15to20_EB1": 54.13833092490677,
    "ptcorr_15to20_EB2": 32.89760010933969,
    "ptcorr_15to20_EE": 46.32948727160692,
    "ptcorr_20to25_EB1": 59.76529265905265,
    "ptcorr_20to25_EB2": 43.72759288735688,
    "ptcorr_20to25_EE": 56.83816968079191,
    "ptcorr_25to35_EB1": 144.2660955506144,
    "ptcorr_25to35_EB2": 94.53441307018511,
    "ptcorr_25to35_EE": 128.7879468651954,
    "ptcorr_35to50_EB1": 186.2922902565915,
    "ptcorr_35to50_EB2": 122.06801927578636,
    "ptcorr_35to50_EE": 153.0651223163586,
    "ptcorr_50to100_EB1": 241.42499835928902,
    "ptcorr_50to100_EB2": 175.62432031682692,
    "ptcorr_50to100_EE": 188.41985177027527
  },
  "MotherJetPt_Up": {
    "ptcorr_10to15_EB1": 21.088964494643733,
    "ptcorr_10to15_EB2": 10.687322860583663,
    "ptcorr_10to15_EE": 18.534671733155847,
    "ptcorr_15to20_EB1": 24.19900317885913,
    "ptcorr_15to20_EB2": 12.865006183623336,
    "ptcorr_15to20_EE": 18.784856244921684,
    "ptcorr_20to25_EB1": 26.996102729579434,
    "ptcorr_20to25_EB2": 19.5409559791442,
    "ptcorr_20to25_EE": 26.41412658325862,
    "ptcorr_25to35_EB1": 69.10644795931876,
    "ptcorr_25to35_EB2": 46.2362624052912,
    "ptcorr_25to35_EE": 64.0305947305169,
    "ptcorr_35to50_EB1": 95.7373797763139,
    "ptcorr_35to50_EB2": 65.94979726942256,
    "ptcorr_35to50_EE": 85.63493603118695,
    "ptcorr_50to100_EB1": 158.9618084775284,
    "ptcorr_50to100_EB2": 117.09458165196702,
    "ptcorr_50to100_EE": 118.92884668079205
  },
  "MotherJetPt_Down": {
    "ptcorr_10to15_EB1": 57.74209350766614,
    "ptcorr_10to15_EB2": 33.074564376845956,
    "ptcorr_10to15_EE": 48.66122178779915,
    "ptcorr_15to20_EB1": 68.83608651149552,
    "ptcorr_15to20_EB2": 42.66355424176436,
    "ptcorr_15to20_EE": 60.17105419933796,
    "ptcorr_20to25_EB1": 76.85404275113251,
    "ptcorr_20to25_EB2": 56.185094226384535,
    "ptcorr_20to25_EE": 70.9445295202313,
    "ptcorr_25to35_EB1": 174.30259388696868,
    "ptcorr_25to35_EB2": 114.44362893723883,
    "ptcorr_25to35_EE": 154.05698550050147,
    "ptcorr_35to50_EB1": 215.70071393297985,
    "ptcorr_35to50_EB2": 139.11535930028185,
    "ptcorr_35to50_EE": 178.28430971386842,
    "ptcorr_50to100_EB1": 270.2805302692577,
    "ptcorr_50to100_EB2": 195.75318080862053,
    "ptcorr_50to100_EE": 211.0558205092093
  },
  "RequireHeavyTag": {
    "ptcorr_10to15_EB1": 6.395867950748652,
    "ptcorr_10to15_EB2": 2.9096039421856403,
    "ptcorr_10to15_EE": 5.704140968155116,
    "ptcorr_15to20_EB1": 5.932572113350034,
    "ptcorr_15to20_EB2": 4.162746516405605,
    "ptcorr_15to20_EE": 6.799308696296066,
    "ptcorr_20to25_EB1": 5.542451365152374,
    "ptcorr_20to25_EB2": 4.108135629445314,
    "ptcorr_20to25_EE": 4.892256076913327,
    "ptcorr_25to35_EB1": 14.269339012680575,
    "ptcorr_25to35_EB2": 11.389831786276773,
    "ptcorr_25to35_EE": 11.347965865395963,
    "ptcorr_35to50_EB1": 20.753327803337015,
    "ptcorr_35to50_EB2": 13.473079601535574,
    "ptcorr_35to50_EE": 16.753966806456447,
    "ptcorr_50to100_EB1": 25.200024580582976,
    "ptcorr_50to100_EB2": 18.118323869770393,
    "ptcorr_50to100_EE": 18.922966932179406
  },
  "L1Prefire_Up": {
    "ptcorr_10to15_EB1": 45.71231431281194,
    "ptcorr_10to15_EB2": 25.259978198911995,
    "ptcorr_10to15_EE": 38.57594407862052,
    "ptcorr_15to20_EB1": 54.13833092490677,
    "ptcorr_15to20_EB2": 32.89760010933969,
    "ptcorr_15to20_EE": 46.32948727160692,
    "ptcorr_20to25_EB1": 59.76529265905265,
    "ptcorr_20to25_EB2": 43.72759288735688,
    "ptcorr_20to25_EE": 56.83816968079191,
    "ptcorr_25to35_EB1": 144.2660955506144,
    "ptcorr_25to35_EB2": 94.53441307018511,
    "ptcorr_25to35_EE": 128.7879468651954,
    "ptcorr_35to50_EB1": 186.2922902565915,
    "ptcorr_35to50_EB2": 122.06801927578636,
    "ptcorr_35to50_EE": 153.0651223163586,
    "ptcorr_50to100_EB1": 241.42499835928902,
    "ptcorr_50to100_EB2": 175.62432031682692,
    "ptcorr_50to100_EE": 188.41985177027527
  },
  "L1Prefire_Down": {
    "ptcorr_10to15_EB1": 45.71231431281194,
    "ptcorr_10to15_EB2": 25.259978198911995,
    "ptcorr_10to15_EE": 38.57594407862052,
    "ptcorr_15to20_EB1": 54.13833092490677,
    "ptcorr_15to20_EB2": 32.89760010933969,
    "ptcorr_15to20_EE": 46.32948727160692,
    "ptcorr_20to25_EB1": 59.76529265905265,
    "ptcorr_20to25_EB2": 43.72759288735688,
    "ptcorr_20to25_EE": 56.83816968079191,
    "ptcorr_25to35_EB1": 144.2660955506144,
    "ptcorr_25to35_EB2": 94.53441307018511,
    "ptcorr_25to35_EE": 128.7879468651954,
    "ptcorr_35to50_EB1": 186.2922902565915,
    "ptcorr_35to50_EB2": 122.06801927578636,
    "ptcorr_35to50_EE": 153.0651223163586,
    "ptcorr_50to100_EB1": 241.42499835928902,
    "ptcorr_50to100_EB2": 175.62432031682692,
    "ptcorr_50to100_EE": 188.41985177027527
  },
  "PileupReweight_Up": {
    "ptcorr_10to15_EB1": 44.866400643251836,
    "ptcorr_10to15_EB2": 24.409679286647588,
    "ptcorr_10to15_EE": 36.72920164838433,
    "ptcorr_15to20_EB1": 53.54461257485673,
    "ptcorr_15to20_EB2": 32.6954869357869,
    "ptcorr_15to20_EE": 44.75241652224213,
    "ptcorr_20to25_EB1": 58.578788665123284,
    "ptcorr_20to25_EB2": 43.073698576539755,
    "ptcorr_20to25_EE": 55.067539903800935,
    "ptcorr_25to35_EB1": 141.3346569724381,
    "ptcorr_25to35_EB2": 93.57537577627227,
    "ptcorr_25to35_EE": 126.09898663545027,
    "ptcorr_35to50_EB1": 183.87975721340626,
    "ptcorr_35to50_EB2": 120.20173206180334,
    "ptcorr_35to50_EE": 150.1517255678773,
    "ptcorr_50to100_EB1": 237.08548865281045,
    "ptcorr_50to100_EB2": 172.93496190244332,
    "ptcorr_50to100_EE": 185.96022441750392
  },
  "PileupReweight_Down": {
    "ptcorr_10to15_EB1": 46.191294687392656,
    "ptcorr_10to15_EB2": 26.143841593060642,
    "ptcorr_10to15_EE": 40.55771486274898,
    "ptcorr_15to20_EB1": 54.505404519470176,
    "ptcorr_15to20_EB2": 33.13288450453547,
    "ptcorr_15to20_EE": 47.984938959009014,
    "ptcorr_20to25_EB1": 60.98780662412173,
    "ptcorr_20to25_EB2": 44.50826015416533,
    "ptcorr_20to25_EE": 58.58929585615988,
    "ptcorr_25to35_EB1": 147.8861378764268,
    "ptcorr_25to35_EB2": 95.64144520257832,
    "ptcorr_25to35_EE": 131.52920441195602,
    "ptcorr_35to50_EB1": 188.4901285622327,
    "ptcorr_35to50_EB2": 124.11031744626234,
    "ptcorr_35to50_EE": 155.71883413536125,
    "ptcorr_50to100_EB1": 245.77637118622079,
    "ptcorr_50to100_EB2": 177.695510057325,
    "ptcorr_50to100_EE": 191.3110251268954
  },
  "JetEn_Up": {
    "ptcorr_10to15_EB1": 44.35952796600759,
    "ptcorr_10to15_EB2": 26.20723555283621,
    "ptcorr_10to15_EE": 37.84527467004955,
    "ptcorr_15to20_EB1": 54.32799038907979,
    "ptcorr_15to20_EB2": 32.78995422658045,
    "ptcorr_15to20_EE": 47.038379832636565,
    "ptcorr_20to25_EB1": 59.86242584546562,
    "ptcorr_20to25_EB2": 43.46967211505398,
    "ptcorr_20to25_EE": 57.17668527981732,
    "ptcorr_25to35_EB1": 139.97930149489548,
    "ptcorr_25to35_EB2": 92.63088141288608,
    "ptcorr_25to35_EE": 126.52146119833924,
    "ptcorr_35to50_EB1": 177.26015187299345,
    "ptcorr_35to50_EB2": 116.42952970229089,
    "ptcorr_35to50_EE": 149.06578478054143,
    "ptcorr_50to100_EB1": 231.7829356850125,
    "ptcorr_50to100_EB2": 164.23841975070536,
    "ptcorr_50to100_EE": 179.90543451381382
  },
  "JetEn_Down": {
    "ptcorr_10to15_EB1": 47.139203418046236,
    "ptcorr_10to15_EB2": 23.374804726801813,
    "ptcorr_10to15_EE": 37.53395167575218,
    "ptcorr_15to20_EB1": 52.977833672543056,
    "ptcorr_15to20_EB2": 31.33199715113733,
    "ptcorr_15to20_EE": 45.22010998195037,
    "ptcorr_20to25_EB1": 60.15895846404601,
    "ptcorr_20to25_EB2": 43.87868019961752,
    "ptcorr_20to25_EE": 55.58416711364407,
    "ptcorr_25to35_EB1": 146.3824104963569,
    "ptcorr_25to35_EB2": 93.97304127598181,
    "ptcorr_25to35_EE": 126.8210787139833,
    "ptcorr_35to50_EB1": 190.55246500112116,