{
  "Central": {
    "ptcorr_15to17_EB1": 16122.69204711914,
    "ptcorr_15to17_EB2": 8534.21240234375,
    "ptcorr_15to17_EE": 11184.140335083008,
    "ptcorr_17to20_EB1": 21718.493103027344,
    "ptcorr_17to20_EB2": 12669.163848876953,
    "ptcorr_17to20_EE": 18730.708618164062,
    "ptcorr_20to25_EB1": 25338.366333007812,
    "ptcorr_20to25_EB2": 17347.337036132812,
    "ptcorr_20to25_EE": 24300.232971191406,
    "ptcorr_25to35_EB1": 37701.541076660156,
    "ptcorr_25to35_EB2": 25023.459228515625,
    "ptcorr_25to35_EE": 34210.82971191406,
    "ptcorr_35to50_EB1": 31917.7451171875,
    "ptcorr_35to50_EB2": 20671.721130371094,
    "ptcorr_35to50_EE": 25831.63153076172,
    "ptcorr_50to100_EB1": 18841.46697998047,
    "ptcorr_50to100_EB2": 13200.545104980469,
    "ptcorr_50to100_EE": 15293.122863769531,
    "ptcorr_100to200_EB1": 1153.7147092819214,
    "ptcorr_100to200_EB2": 1247.6774234771729,
    "ptcorr_100to200_EE": 1183.6151313781738
  },
  "MotherJetPt_Up": {
    "ptcorr_15to17_EB1": 0.0,
    "ptcorr_15to17_EB2": 0.0,
    "ptcorr_15to17_EE": 0.0,
    "ptcorr_17to20_EB1": 0.0,
    "ptcorr_17to20_EB2": 0.0,
    "ptcorr_17to20_EE": 0.0,
    "ptcorr_20to25_EB1": 0.0,
    "ptcorr_20to25_EB2": 0.0,
    "ptcorr_20to25_EE": 0.0,
    "ptcorr_25to35_EB1": 0.0,
    "ptcorr_25to35_EB2": 0.0,
    "ptcorr_25to35_EE": 0.0,
    "ptcorr_35to50_EB1": 0.0,
    "ptcorr_35to50_EB2": 0.0,
    "ptcorr_35to50_EE": 0.0,
    "ptcorr_50to100_EB1": 0.0,
    "ptcorr_50to100_EB2": 0.0,
    "ptcorr_50to100_EE": 0.0,
    "ptcorr_100to200_EB1": 0.0,
    "ptcorr_100to200_EB2": 0.0,
    "ptcorr_100to200_EE": 0.0
  },
  "MotherJetPt_Down": {
    "ptcorr_15to17_EB1": 0.0,
    "ptcorr_15to17_EB2": 0.0,
    "ptcorr_15to17_EE": 0.0,
    "ptcorr_17to20_EB1": 0.0,
    "ptcorr_17to20_EB2": 0.0,
    "ptcorr_17to20_EE": 0.0,
    "ptcorr_20to25_EB1": 0.0,
    "ptcorr_20to25_EB2": 0.0,
    "ptcorr_20to25_EE": 0.0,
    "ptcorr_25to35_EB1": 0.0,
    "ptcorr_25to35_EB2": 0.0,
    "ptcorr_25to35_EE": 0.0,
    "ptcorr_35to50_EB1": 0.0,
    "ptcorr_35to50_EB2": 0.0,
    "ptcorr_35to50_EE": 0.0,
    "ptcorr_50to100_EB1": 0.0,
    "ptcorr_50to100_EB2": 0.0,
    "ptcorr_50to100_EE": 0.0,
    "ptcorr_100to200_EB1": 0.0,
    "ptcorr_100to200_EB2": 0.0,
    "ptcorr_100to200_EE": 0.0
  },
  "RequireHeavyTag": {
    "ptcorr_15to17_EB1": 0.0,
    "ptcorr_15to17_EB2": 0.0,
    "ptcorr_15to17_EE": 0.0,
    "ptcorr_17to20_EB1": 0.0,
    "ptcorr_17to20_EB2": 0.0,
    "ptcorr_17to20_EE": 0.0,
    "ptcorr_20to25_EB1": 0.0,
    "ptcorr_20to25_EB2": 0.0,
    "ptcorr_20to25_EE": 0.0,
    "ptcorr_25to35_EB1": 0.0,
    "ptcorr_25to35_EB2": 0.0,
    "ptcorr_25to35_EE": 0.0,
    "ptcorr_35to50_EB1": 0.0,
    "ptcorr_35to50_EB2": 0.0,
    "ptcorr_35to50_EE": 0.0,
    "ptcorr_50to100_EB1": 0.0,
    "ptcorr_50to100_EB2": 0.0,
    "ptcorr_50to100_EE": 0.0,
    "ptcorr_100to200_EB1": 0.0,
    "ptcorr_100to200_EB2": 0.0,
    "ptcorr_100to200_EE": 0.0
  },
  "Stat": {
    "ptcorr_15to17_EB1": 743.604197988329,
    "ptcorr_15to17_EB2": 544.3946833770075,
    "ptcorr_15to17_EE": 638.0550666289133,
    "ptcorr_17to20_EB1": 831.5476411273465,
    "ptcorr_17to20_EB2": 637.449446704096,
    "ptcorr_17to20_EE": 779.4031171881231,
    "ptcorr_20to25_EB1": 881.6890061894827,
    "ptcorr_20to25_EB2": 715.0151469556127,
    "ptcorr_20to25_EE": 866.4704420176356,
    "ptcorr_25to35_EB1": 1043.3585409538678,
    "ptcorr_25to35_EB2": 858.1356190205938,
    "ptcorr_25to35_EE": 1022.6465750586945,
    "ptcorr_35to50_EB1": 940.9634587894911,
    "ptcorr_35to50_EB2": 768.4384698117103,
    "ptcorr_35to50_EE": 881.6584729933024,
    "ptcorr_50to100_EB1": 741.0090445175013,
    "ptcorr_50to100_EB2": 615.0479155438122,
    "ptcorr_50to100_EE": 689.9231195391611,
    "ptcorr_100to200_EB1": 204.02505572698817,
    "ptcorr_100to200_EB2": 187.6021583974026,
    "ptcorr_100to200_EE": 203.11571992037673
  }
}