{
  "Central": {
    "ptcorr_15to17_EB1": 1680.3747482299805,
    "ptcorr_15to17_EB2": 809.2958106994629,
    "ptcorr_15to17_EE": 861.9761905670166,
    "ptcorr_17to20_EB1": 2902.4249954223633,
    "ptcorr_17to20_EB2": 1451.2018852233887,
    "ptcorr_17to20_EE": 1475.7314682006836,
    "ptcorr_20to25_EB1": 4902.166763305664,
    "ptcorr_20to25_EB2": 2636.0011978149414,
    "ptcorr_20to25_EE": 2631.2233505249023,
    "ptcorr_25to35_EB1": 10829.486053466797,
    "ptcorr_25to35_EB2": 6036.697250366211,
    "ptcorr_25to35_EE": 5327.1202392578125,
    "ptcorr_35to50_EB1": 15402.235229492188,
    "ptcorr_35to50_EB2": 8749.479553222656,
    "ptcorr_35to50_EE": 6734.856307983398,
    "ptcorr_50to100_EB1": 27374.568237304688,
    "ptcorr_50to100_EB2": 15772.481262207031,
    "ptcorr_50to100_EE": 10657.283660888672,
    "ptcorr_100to200_EB1": 7510.514495849609,
    "ptcorr_100to200_EB2": 4271.426422119141,
    "ptcorr_100to200_EE": 2458.783462524414
  },
  "MotherJetPt_Up": {
    "ptcorr_15to17_EB1": 0.0,
    "ptcorr_15to17_EB2": 0.0,
    "ptcorr_15to17_EE": 0.0,
    "ptcorr_17to20_EB1": 0.0,
    "ptcorr_17to20_EB2": 0.0,
    "ptcorr_17to20_EE": 0.0,
    "ptcorr_20to25_EB1": 0.0,
    "ptcorr_20to25_EB2": 0.0,
    "ptcorr_20to25_EE": 0.0,
    "ptcorr_25to35_EB1": 0.0,
    "ptcorr_25to35_EB2": 0.0,
    "ptcorr_25to35_EE": 0.0,
    "ptcorr_35to50_EB1": 0.0,
    "ptcorr_35to50_EB2": 0.0,
    "ptcorr_35to50_EE": 0.0,
    "ptcorr_50to100_EB1": 0.0,
    "ptcorr_50to100_EB2": 0.0,
    "ptcorr_50to100_EE": 0.0,
    "ptcorr_100to200_EB1": 0.0,
    "ptcorr_100to200_EB2": 0.0,
    "ptcorr_100to200_EE": 0.0
  },
  "MotherJetPt_Down": {
    "ptcorr_15to17_EB1": 0.0,
    "ptcorr_15to17_EB2": 0.0,
    "ptcorr_15to17_EE": 0.0,
    "ptcorr_17to20_EB1": 0.0,
    "ptcorr_17to20_EB2": 0.0,
    "ptcorr_17to20_EE": 0.0,
    "ptcorr_20to25_EB1": 0.0,
    "ptcorr_20to25_EB2": 0.0,
    "ptcorr_20to25_EE": 0.0,
    "ptcorr_25to35_EB1": 0.0,
    "ptcorr_25to35_EB2": 0.0,
    "ptcorr_25to35_EE": 0.0,
    "ptcorr_35to50_EB1": 0.0,
    "ptcorr_35to50_EB2": 0.0,
    "ptcorr_35to50_EE": 0.0,
    "ptcorr_50to100_EB1": 0.0,
    "ptcorr_50to100_EB2": 0.0,
    "ptcorr_50to100_EE": 0.0,
    "ptcorr_100to200_EB1": 0.0,
    "ptcorr_100to200_EB2": 0.0,
    "ptcorr_100to200_EE": 0.0
  },
  "RequireHeavyTag": {
    "ptcorr_15to17_EB1": 0.0,
    "ptcorr_15to17_EB2": 0.0,
    "ptcorr_15to17_EE": 0.0,
    "ptcorr_17to20_EB1": 0.0,
    "ptcorr_17to20_EB2": 0.0,
    "ptcorr_17to20_EE": 0.0,
    "ptcorr_20to25_EB1": 0.0,
    "ptcorr_20to25_EB2": 0.0,
    "ptcorr_20to25_EE": 0.0,
    "ptcorr_25to35_EB1": 0.0,
    "ptcorr_25to35_EB2": 0.0,
    "ptcorr_25to35_EE": 0.0,
    "ptcorr_35to50_EB1": 0.0,
    "ptcorr_35to50_EB2": 0.0,
    "ptcorr_35to50_EE": 0.0,
    "ptcorr_50to100_EB1": 0.0,
    "ptcorr_50to100_EB2": 0.0,
    "ptcorr_50to100_EE": 0.0,
    "ptcorr_100to200_EB1": 0.0,
    "ptcorr_100to200_EB2": 0.0,
    "ptcorr_100to200_EE": 0.0
  },
  "Stat": {
    "ptcorr_15to17_EB1": 9.155460539922165,
    "ptcorr_15to17_EB2": 6.199800586628176,
    "ptcorr_15to17_EE": 6.301588658506563,
    "ptcorr_17to20_EB1": 12.02538046513364,
    "ptcorr_17to20_EB2": 8.297102772185514,
    "ptcorr_17to20_EE": 8.258346624324954,
    "ptcorr_20to25_EB1": 14.981040005551927,
    "ptcorr_20to25_EB2": 10.953726315533496,
    "ptcorr_20to25_EE": 10.967312674754027,
    "ptcorr_25to35_EB1": 22.240009208233882,
    "ptcorr_25to35_EB2": 16.57367737400097,
    "ptcorr_25to35_EE": 15.613329021745919,
    "ptcorr_35to50_EB1": 26.492622143277142,
    "ptcorr_35to50_EB2": 19.93369712831512,
    "ptcorr_35to50_EE": 17.56556940217806,
    "ptcorr_50to100_EB1": 35.17471460738618,
    "ptcorr_50to100_EB2": 26.725270249880186,
    "ptcorr_50to100_EE": 22.067066552429907,
    "ptcorr_100to200_EB1": 18.29979880019682,
    "ptcorr_100to200_EB2": 13.81816879914667,
    "ptcorr_100to200_EE": 10.587145676012108
  }
}