{
  "Central": {
    "ptcorr_15to17_EB1": 346.1545238494873,
    "ptcorr_15to17_EB2": 166.2307562828064,
    "ptcorr_15to17_EE": 159.81907606124878,
    "ptcorr_17to20_EB1": 597.4414291381836,
    "ptcorr_17to20_EB2": 291.89579010009766,
    "ptcorr_17to20_EE": 282.6139430999756,
    "ptcorr_20to25_EB1": 999.3050270080566,
    "ptcorr_20to25_EB2": 526.893762588501,
    "ptcorr_20to25_EE": 493.4335231781006,
    "ptcorr_25to35_EB1": 2023.7693328857422,
    "ptcorr_25to35_EB2": 1121.1671714782715,
    "ptcorr_25to35_EE": 939.009578704834,
    "ptcorr_35to50_EB1": 2402.110466003418,
    "ptcorr_35to50_EB2": 1372.1901359558105,
    "ptcorr_35to50_EE": 1045.0201416015625,
    "ptcorr_50to100_EB1": 3163.288017272949,
    "ptcorr_50to100_EB2": 1841.2656326293945,
    "ptcorr_50to100_EE": 1257.1013488769531,
    "ptcorr_100to200_EB1": 613.6736164093018,
    "ptcorr_100to200_EB2": 354.2187252044678,
    "ptcorr_100to200_EE": 193.67336130142212
  },
  "MotherJetPt_Up": {
    "ptcorr_15to17_EB1": 0.0,
    "ptcorr_15to17_EB2": 0.0,
    "ptcorr_15to17_EE": 0.0,
    "ptcorr_17to20_EB1": 0.0,
    "ptcorr_17to20_EB2": 0.0,
    "ptcorr_17to20_EE": 0.0,
    "ptcorr_20to25_EB1": 0.0,
    "ptcorr_20to25_EB2": 0.0,
    "ptcorr_20to25_EE": 0.0,
    "ptcorr_25to35_EB1": 0.0,
    "ptcorr_25to35_EB2": 0.0,
    "ptcorr_25to35_EE": 0.0,
    "ptcorr_35to50_EB1": 0.0,
    "ptcorr_35to50_EB2": 0.0,
    "ptcorr_35to50_EE": 0.0,
    "ptcorr_50to100_EB1": 0.0,
    "ptcorr_50to100_EB2": 0.0,
    "ptcorr_50to100_EE": 0.0,
    "ptcorr_100to200_EB1": 0.0,
    "ptcorr_100to200_EB2": 0.0,
    "ptcorr_100to200_EE": 0.0
  },
  "MotherJetPt_Down": {
    "ptcorr_15to17_EB1": 0.0,
    "ptcorr_15to17_EB2": 0.0,
    "ptcorr_15to17_EE": 0.0,
    "ptcorr_17to20_EB1": 0.0,
    "ptcorr_17to20_EB2": 0.0,
    "ptcorr_17to20_EE": 0.0,
    "ptcorr_20to25_EB1": 0.0,
    "ptcorr_20to25_EB2": 0.0,
    "ptcorr_20to25_EE": 0.0,
    "ptcorr_25to35_EB1": 0.0,
    "ptcorr_25to35_EB2": 0.0,
    "ptcorr_25to35_EE": 0.0,
    "ptcorr_35to50_EB1": 0.0,
    "ptcorr_35to50_EB2": 0.0,
    "ptcorr_35to50_EE": 0.0,
    "ptcorr_50to100_EB1": 0.0,
    "ptcorr_50to100_EB2": 0.0,
    "ptcorr_50to100_EE": 0.0,
    "ptcorr_100to200_EB1": 0.0,
    "ptcorr_100to200_EB2": 0.0,
    "ptcorr_100to200_EE": 0.0
  },
  "RequireHeavyTag": {
    "ptcorr_15to17_EB1": 0.0,
    "ptcorr_15to17_EB2": 0.0,
    "ptcorr_15to17_EE": 0.0,
    "ptcorr_17to20_EB1": 0.0,
    "ptcorr_17to20_EB2": 0.0,
    "ptcorr_17to20_EE": 0.0,
    "ptcorr_20to25_EB1": 0.0,
    "ptcorr_20to25_EB2": 0.0,
    "ptcorr_20to25_EE": 0.0,
    "ptcorr_25to35_EB1": 0.0,
    "ptcorr_25to35_EB2": 0.0,
    "ptcorr_25to35_EE": 0.0,
    "ptcorr_35to50_EB1": 0.0,
    "ptcorr_35to50_EB2": 0.0,
    "ptcorr_35to50_EE": 0.0,
    "ptcorr_50to100_EB1": 0.0,
    "ptcorr_50to100_EB2": 0.0,
    "ptcorr_50to100_EE": 0.0,
    "ptcorr_100to200_EB1": 0.0,
    "ptcorr_100to200_EB2": 0.0,
    "ptcorr_100to200_EE": 0.0
  },
  "Stat": {
    "ptcorr_15to17_EB1": 3.688210139372161,
    "ptcorr_15to17_EB2": 2.4974749036495907,
    "ptcorr_15to17_EE": 2.4127652627080223,
    "ptcorr_17to20_EB1": 4.850533791371255,
    "ptcorr_17to20_EB2": 3.306080699853121,
    "ptcorr_17to20_EE": 3.21484257880804,
    "ptcorr_20to25_EB1": 6.006485873887909,
    "ptcorr_20to25_EB2": 4.353841886274935,
    "ptcorr_20to25_EE": 4.2276331256819795,
    "ptcorr_25to35_EB1": 8.548521113547983,
    "ptcorr_25to35_EB2": 6.350318478808381,
    "ptcorr_25to35_EE": 5.836343667805859,
    "ptcorr_35to50_EB1": 9.319248171918922,
    "ptcorr_35to50_EB2": 7.033425743051845,
    "ptcorr_35to50_EE": 6.167519625026907,
    "ptcorr_50to100_EB1": 10.660174201209577,
    "ptcorr_50to100_EB2": 8.141564562725002,
    "ptcorr_50to100_EE": 6.763637547877574,
    "ptcorr_100to200_EB1": 4.666635453697295,
    "ptcorr_100to200_EB2": 3.5531358061367393,
    "ptcorr_100to200_EE": 2.649995156306486
  }
}