{
  "Central": {
    "ptcorr_15to17_EB1": 283.52189350128174,
    "ptcorr_15to17_EB2": 141.02887201309204,
    "ptcorr_15to17_EE": 135.71499824523926,
    "ptcorr_17to20_EB1": 482.50886726379395,
    "ptcorr_17to20_EB2": 239.50254249572754,
    "ptcorr_17to20_EE": 231.81236839294434,
    "ptcorr_20to25_EB1": 821.3976612091064,
    "ptcorr_20to25_EB2": 433.8734188079834,
    "ptcorr_20to25_EE": 409.2963647842407,
    "ptcorr_25to35_EB1": 1732.0064506530762,
    "ptcorr_25to35_EB2": 951.5488014221191,
    "ptcorr_25to35_EE": 793.5500030517578,
    "ptcorr_35to50_EB1": 2143.4209518432617,
    "ptcorr_35to50_EB2": 1212.7345657348633,
    "ptcorr_35to50_EE": 911.0086822509766,
    "ptcorr_50to100_EB1": 2919.4274826049805,
    "ptcorr_50to100_EB2": 1675.5136070251465,
    "ptcorr_50to100_EE": 1118.6245460510254,
    "ptcorr_100to200_EB1": 572.8756332397461,
    "ptcorr_100to200_EB2": 325.1192865371704,
    "ptcorr_100to200_EE": 172.97622156143188
  },
  "MotherJetPt_Up": {
    "ptcorr_15to17_EB1": 0.0,
    "ptcorr_15to17_EB2": 0.0,
    "ptcorr_15to17_EE": 0.0,
    "ptcorr_17to20_EB1": 0.0,
    "ptcorr_17to20_EB2": 0.0,
    "ptcorr_17to20_EE": 0.0,
    "ptcorr_20to25_EB1": 0.0,
    "ptcorr_20to25_EB2": 0.0,
    "ptcorr_20to25_EE": 0.0,
    "ptcorr_25to35_EB1": 0.0,
    "ptcorr_25to35_EB2": 0.0,
    "ptcorr_25to35_EE": 0.0,
    "ptcorr_35to50_EB1": 0.0,
    "ptcorr_35to50_EB2": 0.0,
    "ptcorr_35to50_EE": 0.0,
    "ptcorr_50to100_EB1": 0.0,
    "ptcorr_50to100_EB2": 0.0,
    "ptcorr_50to100_EE": 0.0,
    "ptcorr_100to200_EB1": 0.0,
    "ptcorr_100to200_EB2": 0.0,
    "ptcorr_100to200_EE": 0.0
  },
  "MotherJetPt_Down": {
    "ptcorr_15to17_EB1": 0.0,
    "ptcorr_15to17_EB2": 0.0,
    "ptcorr_15to17_EE": 0.0,
    "ptcorr_17to20_EB1": 0.0,
    "ptcorr_17to20_EB2": 0.0,
    "ptcorr_17to20_EE": 0.0,
    "ptcorr_20to25_EB1": 0.0,
    "ptcorr_20to25_EB2": 0.0,
    "ptcorr_20to25_EE": 0.0,
    "ptcorr_25to35_EB1": 0.0,
    "ptcorr_25to35_EB2": 0.0,
    "ptcorr_25to35_EE": 0.0,
    "ptcorr_35to50_EB1": 0.0,
    "ptcorr_35to50_EB2": 0.0,
    "ptcorr_35to50_EE": 0.0,
    "ptcorr_50to100_EB1": 0.0,
    "ptcorr_50to100_EB2": 0.0,
    "ptcorr_50to100_EE": 0.0,
    "ptcorr_100to200_EB1": 0.0,
    "ptcorr_100to200_EB2": 0.0,
    "ptcorr_100to200_EE": 0.0
  },
  "RequireHeavyTag": {
    "ptcorr_15to17_EB1": 0.0,
    "ptcorr_15to17_EB2": 0.0,
    "ptcorr_15to17_EE": 0.0,
    "ptcorr_17to20_EB1": 0.0,
    "ptcorr_17to20_EB2": 0.0,
    "ptcorr_17to20_EE": 0.0,
    "ptcorr_20to25_EB1": 0.0,
    "ptcorr_20to25_EB2": 0.0,
    "ptcorr_20to25_EE": 0.0,
    "ptcorr_25to35_EB1": 0.0,
    "ptcorr_25to35_EB2": 0.0,
    "ptcorr_25to35_EE": 0.0,
    "ptcorr_35to50_EB1": 0.0,
    "ptcorr_35to50_EB2": 0.0,
    "ptcorr_35to50_EE": 0.0,
    "ptcorr_50to100_EB1": 0.0,
    "ptcorr_50to100_EB2": 0.0,
    "ptcorr_50to100_EE": 0.0,
    "ptcorr_100to200_EB1": 0.0,
    "ptcorr_100to200_EB2": 0.0,
    "ptcorr_100to200_EE": 0.0
  },
  "Stat": {
    "ptcorr_15to17_EB1": 3.3352023439728735,
    "ptcorr_15to17_EB2": 2.3000929076733643,
    "ptcorr_15to17_EE": 2.2223355621357013,
    "ptcorr_17to20_EB1": 4.3577523352607495,
    "ptcorr_17to20_EB2": 2.9913728580816423,
    "ptcorr_17to20_EE": 2.910077668475819,
    "ptcorr_20to25_EB1": 5.440895875557917,
    "ptcorr_20to25_EB2": 3.9483458673866063,
    "ptcorr_20to25_EE": 3.848011130224429,
    "ptcorr_25to35_EB1": 7.907423807589897,
    "ptcorr_25to35_EB2": 5.847466446937478,
    "ptcorr_25to35_EE": 5.362180831523001,
    "ptcorr_35to50_EB1": 8.801326901839738,
    "ptcorr_35to50_EB2": 6.611173686997914,
    "ptcorr_35to50_EE": 5.755794057837182,
    "ptcorr_50to100_EB1": 10.240094396683718,
    "ptcorr_50to100_EB2": 7.764996583186563,
    "ptcorr_50to100_EE": 6.377542556674246,
    "ptcorr_100to200_EB1": 4.507916192304538,
    "ptcorr_100to200_EB2": 3.4029692017657114,
    "ptcorr_100to200_EE": 2.5032635152134914
  }
}