{
  "syst": "cjet",
  "observed": 84.61135149002075,
  "expected": 77.21074813604355,
  "difference": 0.09584939315621592,
  "max_bin_difference": 0.0,
  "max_bin_difference_bin": -1,
  "max_bin_difference_filtered": 0.0,
  "max_bin_difference_filtered_bin": -1,
  "snr_threshold": 3.0,
  "mass_range_min": 10.0,
  "mass_range_max": 160.0,
  "percentile_68_difference": 0.0,
  "percentile_95_difference": 0.0,
  "rms_bin_difference": 0.0,
  "chi2": 39.1720676861282,
  "ndf": 13,
  "chi2_per_ndf": 3.0132359758560154,
  "p_value": 0.0001876819789523399,
  "closure_uncertainty_scale": 2.25,
  "recommended_systematic_pct": 125.0
}