{
  "syst": "ljet",
  "observed": 49.86760837212205,
  "expected": 95.82077213970479,
  "difference": -0.4795741334726873,
  "max_bin_difference": 0.6743661108534396,
  "max_bin_difference_bin": 12,
  "max_bin_difference_filtered": 0.6743661108534396,
  "max_bin_difference_filtered_bin": 12,
  "snr_threshold": 3.0,
  "mass_range_min": 10.0,
  "mass_range_max": 160.0,
  "percentile_68_difference": 0.5357721760587724,
  "percentile_95_difference": 0.6178617370170236,
  "rms_bin_difference": 0.5035480763043408,
  "chi2": 36.88298791968512,
  "ndf": 16,
  "chi2_per_ndf": 2.30518674498032,
  "p_value": 0.0021780636611387575,
  "closure_uncertainty_scale": 2.7,
  "recommended_systematic_pct": 170.00000000000003
}