{
  "syst": "Central",
  "observed": 104.68741401098669,
  "expected": 115.6681496094534,
  "difference": -0.09493309641022621,
  "max_bin_difference": 3.8040853057077575,
  "max_bin_difference_bin": 152,
  "max_bin_difference_filtered": 3.8040853057077575,
  "max_bin_difference_filtered_bin": 152,
  "snr_threshold": 3.0,
  "mass_range_min": 10.0,
  "mass_range_max": 160.0,
  "percentile_68_difference": 0.2333664675701095,
  "percentile_95_difference": 0.4385303727651546,
  "rms_bin_difference": 0.46092466769954366,
  "chi2": 30.27340547795343,
  "ndf": 20,
  "chi2_per_ndf": 1.5136702738976715,
  "p_value": 0.06554298433772547,
  "closure_uncertainty_scale": 1.6,
  "recommended_systematic_pct": 60.00000000000001
}