{
  "syst": "TT",
  "observed": 106.2313765375875,
  "expected": 109.85696399876906,
  "difference": -0.03300280045261574,
  "max_bin_difference": 76.09187844556072,
  "max_bin_difference_bin": 149,
  "max_bin_difference_filtered": 0.795464671362085,
  "max_bin_difference_filtered_bin": 75,
  "snr_threshold": 3.0,
  "mass_range_min": 10.0,
  "mass_range_max": 160.0,
  "percentile_68_difference": 0.22546064297606522,
  "percentile_95_difference": 0.43149806070537317,
  "rms_bin_difference": 0.23064506570487142,
  "chi2": 19.33524976328156,
  "ndf": 19,
  "chi2_per_ndf": 1.01764472438324,
  "p_value": 0.43552709607745305,
  "closure_uncertainty_scale": 0.9,
  "recommended_systematic_pct": 9.999999999999998
}