process,threshold,initial_sensitivity,max_sensitivity,improvement
MHc-100_MA-95,0.61,1.2467783130623966,1.5437802351422285,0.23821550228149335
