{
  "nbins": 15,
  "bin_edges": [
    142.05948145371664,
    143.73719873666124,
    145.41491601960584,
    147.09263330255044,
    148.77035058549504,
    150.44806786843964,
    152.12578515138424,
    153.80350243432883,
    155.4812197172734,
    157.158937000218,
    158.8366542831626,
    160.5143715661072,
    162.1920888490518,
    163.8698061319964,
    165.547523414941,
    167.2252406978856
  ],
  "method": "UniformMass",
  "voigt_width": 2.5165759244168964,
  "mass_min": 142.05948145371664,
  "mass_max": 167.2252406978856,
  "binning_type": "uniform"
}