{
  "hyperparameters": {
    "signal": "MHc115_MA87",
    "channel": "Run1E2Mu",
    "iteration": 0,
    "model_idx": 10,
    "num_hidden": 128,
    "optimizer": "Adadelta",
    "initial_lr": 0.0048,
    "weight_decay": 9e-05,
    "scheduler": "ReduceLROnPlateau",
    "pilot_mode": false,
    "num_classes": 4,
    "model_type": "ParticleNet",
    "num_node_features": 9,
    "num_graph_features": 4,
    "dropout_p": 0.3,
    "batch_size": 1024,
    "train_folds": [
      0,
      1,
      2
    ],
    "valid_folds": [
      3
    ]
  },
  "training_summary": {
    "best_epoch": 78,
    "best_train_loss": 0.7845761384013759,
    "best_valid_loss": 0.8011469003147286,
    "best_train_acc": 0.6968451852554103,
    "best_valid_acc": 0.6900465411176974,
    "total_epochs": 81
  },
  "epoch_history": {
    "train_loss": [
      1.2053688209164877,
      1.0120024707105315,
      0.9408598285540878,
      0.9008701082060018,
      0.8808730715349307,
      0.8708129767545381,
      0.863191098027432,
      0.8604525695053288,
      0.8543119116976632,
      0.849837559019448,
      0.8448231397103622,
      0.8415032022591907,
      0.8389677686153497,
      0.8340535799517065,
      0.832559848111387,
      0.8301903851140402,
      0.8268326368585802,
      0.8251800947744379,
      0.8235531596129604,
      0.8219523325198133,
      0.8188491903613326,
      0.8179625769493043,
      0.8151829885761865,
      0.8131348700558267,
      0.8128824104390815,
      0.8119750088354712,
      0.8112390711160626,
      0.8090463721205277,
      0.8088818404061557,
      0.8082011701801196,
      0.8059127934588556,
      0.8048643135476043,
      0.8039704873925583,
      0.8037516130505695,
      0.8023397798137683,
      0.8008782181848589,
      0.8020835811170919,
      0.8003304355282934,
      0.8005985716048047,
      0.8000500520408754,
      0.7980312140319245,
      0.7986622926345966,
      0.7970373565324279,
      0.7964616116376116,
      0.7967049845165262,
      0.7957549462432134,
      0.7961122278913241,
      0.7957224687952852,
      0.794284315202706,
      0.7937130033576895,
      0.7932454600301825,
      0.7920847432161251,
      0.7937132630867951,
      0.7927991275294033,
      0.7920218641804877,
      0.7922383212006763,
      0.7908341617424939,
      0.7916141291672931,
      0.7910921157147679,
      0.7906076710253063,
      0.7891629249162382,
      0.7883109639039425,
      0.7892144016468754,
      0.7892571474685566,
      0.7881030971444677,
      0.7893021715090195,
      0.7880091775546441,
      0.7881302447538855,
      0.7879861719669191,
      0.7876199002725347,
      0.7874174196371687,
      0.7873290940533699,
      0.7867582514632299,
      0.7860814247019237,
      0.7861178000261856,
      0.7863264013587499,
      0.7853469009280399,
      0.7854605700889168,
      0.7845761384013759,
      0.7850940251529378,
      0.7848308151512474
    ],
    "valid_loss": [
      1.2088852074871517,
      1.0343951988331244,
      0.964660565550327,
      0.9227389046785348,
      0.9012074580492302,
      0.8905748845610159,
      0.8821687587727373,
      0.8789571211371293,
      0.8722892954074861,
      0.8674134465729014,
      0.8621247475232596,
      0.8586073490470829,
      0.8558678743814915,
      0.850700441239912,
      0.8492600460471424,
      0.8466681575362571,
      0.8431711304669384,
      0.8414114935493172,
      0.8398182736065549,
      0.8381354927165384,
      0.834873749816891,
      0.8339379507307001,
      0.8311146375234206,
      0.8290524832373491,
      0.8287916376050231,
      0.8279955011438747,
      0.8273227547355914,
      0.825023573695471,
      0.8249867878510184,
      0.8242921890810196,
      0.8220055673420781,
      0.8209689370561829,
      0.8200060282477227,
      0.8199030355394844,
      0.8184196064190218,
      0.8169100455385954,
      0.8182560717057455,
      0.8164578594878278,
      0.8168583339677161,
      0.8162199646942364,
      0.8141845807710087,
      0.8149433273129153,
      0.8131949335423588,
      0.8125664258752998,
      0.8129546431331045,
      0.8119278548543515,
      0.8124290853060743,
      0.8119566562862749,
      0.8104950039660533,
      0.8099326142571159,
      0.8094718592349074,
      0.8082296481116883,
      0.8100556370945597,
      0.8091206880332552,
      0.8083635358718189,
      0.8086723095802272,
      0.8071268797679857,
      0.8080512463864201,
      0.8075343372623646,
      0.8070327265846353,
      0.8054247802442804,
      0.8045363371020368,
      0.8056068668841438,
      0.8057248093383504,
      0.8044961408996928,
      0.8058860264994738,
      0.8044657595157043,
      0.8046414363574278,
      0.8045329003893706,
      0.8041645294445579,
      0.8039314822614938,
      0.8039484999398657,
      0.8033306461904932,
      0.8026290086106107,
      0.8027554978515428,
      0.8029814382527564,
      0.8019002810745399,
      0.8020654782236541,
      0.8011469003147286,
      0.8017510742679901,
      0.8014725382433269
    ],
    "train_acc": [
      0.6646765032879711,
      0.6824877832266072,
      0.6867733497660068,
      0.689161761283817,
      0.6897769092209706,
      0.6904319178825983,
      0.6908186746416844,
      0.6907001697851399,
      0.6911935809151161,
      0.6913713381999328,
      0.6916988425307466,
      0.6918238112885572,
      0.6919907954045972,
      0.692391557283093,
      0.6923721655792948,
      0.6923947892337261,
      0.6925035982383715,
      0.6926522679674909,
      0.6923172224185333,
      0.6928386437873291,
      0.6929032827999897,
      0.6927923191615889,
      0.6931812305544304,
      0.6933773022261676,
      0.6932900395590758,
      0.693452714407605,
      0.6932997354109749,
      0.6935658326797611,
      0.6933439054029596,
      0.693352523937981,
      0.6938233114135259,
      0.6938922596936973,
      0.694003223332098,
      0.6940883313654345,
      0.6941357333080523,
      0.6943511966835877,
      0.6940721716122693,
      0.6944266088650252,
      0.6942779391359056,
      0.6942940988890708,
      0.6947325668582854,
      0.6945892837135543,
      0.6948165975747442,
      0.6949017056080807,
      0.6949070921924692,
      0.6948262934266434,
      0.6949329477975333,
      0.6946528454093374,
      0.695244292375182,
      0.6952733799308793,
      0.695274457247757,
      0.6956644459574761,
      0.69506438045661,
      0.6953563333304605,
      0.69555132768532,
      0.6955653328047299,
      0.6957969559334304,
      0.6955427091502986,
      0.6956773737600083,
      0.6958712907979901,
      0.6960490480828069,
      0.6964013307018073,
      0.6959714812676141,
      0.6960231924777426,
      0.6963700885123547,
      0.6958691361642348,
      0.6962451197545442,
      0.696155702453697,
      0.6961890992769049,
      0.6961018366098131,
      0.696058743934706,
      0.6962235734169906,
      0.6964304182575046,
      0.6965995570072999,
      0.6966329538305079,
      0.696295753647795,
      0.696545691163416,
      0.6964788975170001,
      0.6968451852554103,
      0.6965187582414741,
      0.696542459212783
    ],