{
  "hyperparameters": {
    "signal": "MHc115_MA87",
    "channel": "Run1E2Mu",
    "iteration": 0,
    "model_idx": 16,
    "num_hidden": 64,
    "optimizer": "RMSprop",
    "initial_lr": 0.0001,
    "weight_decay": 0.00032,
    "scheduler": "ExponentialLR",
    "pilot_mode": false,
    "num_classes": 4,
    "model_type": "ParticleNet",
    "num_node_features": 9,
    "num_graph_features": 4,
    "dropout_p": 0.3,
    "batch_size": 1024,
    "train_folds": [
      0,
      1,
      2
    ],
    "valid_folds": [
      3
    ]
  },
  "training_summary": {
    "best_epoch": 49,
    "best_train_loss": 0.7022869690815674,
    "best_valid_loss": 0.7180613009047878,
    "best_train_acc": 0.7275982728455818,
    "best_valid_acc": 0.7207368964753917,
    "total_epochs": 57
  },
  "epoch_history": {
    "train_loss": [
      0.7844174910307162,
      0.7659833555128926,
      0.7517280474064097,
      0.7401611747242296,
      0.7340789925575478,
      0.7309303674600148,
      0.7316668906219784,
      0.7293774195206207,
      0.7240199638500641,
      0.7220031341060104,
      0.7323234239920876,
      0.7225864045694699,
      0.7206671382173293,
      0.7172559374160346,
      0.7176266138201567,
      0.716125813567297,
      0.7144892977881628,
      0.715652136819153,
      0.7155235406320497,
      0.7130348218322722,
      0.7126802422216648,
      0.7117219438394964,
      0.7141443491300553,
      0.7097711033049275,
      0.711101928874797,
      0.7076701478953444,
      0.7099993310837982,
      0.7099429065465757,
      0.7095492859034008,
      0.7091493228727288,
      0.70755784642191,
      0.7079294922731383,
      0.7086812603829045,
      0.7063769739388357,
      0.7072131139636251,
      0.7066103270277654,
      0.709659992409987,
      0.7064236956542136,
      0.7073247485250459,
      0.7054115528640318,
      0.7045353394327957,
      0.7037894710861027,
      0.704777980401666,
      0.7046658185901606,
      0.7032990298762568,
      0.7059256446774663,
      0.7047887980531617,
      0.7056900640991233,
      0.7019910200288484,
      0.7022869690815674,
      0.7023982188165095,
      0.7056873837276302,
      0.705586719301704,
      0.7023948064034637,
      0.7050674018701725,
      0.7031571890828667,
      0.7020968885383698
    ],
    "valid_loss": [
      0.7994332052739483,
      0.7818596501585269,
      0.7678953309436052,
      0.7564637884397667,
      0.750567743773166,
      0.7474079800488457,
      0.7485757992324966,
      0.7457271589615954,
      0.7402339427316537,
      0.7385124405892654,
      0.7492675390515444,
      0.7386842327288528,
      0.7370273600002206,
      0.7341414891897438,
      0.734348031726142,
      0.7328205554369791,
      0.7308085352717573,
      0.731648427456162,
      0.7319918493532279,
      0.7293256297439396,
      0.7290530292148723,
      0.7278478258249608,
      0.7300107011794705,
      0.7260203183149976,
      0.7269719827670759,
      0.724044217164003,
      0.7264627766599483,
      0.7258882748886913,
      0.7259472647142591,
      0.7251584143475105,
      0.7239826369810034,
      0.7236470570472412,
      0.7242471545173397,
      0.7220854841014628,
      0.7232034531870024,
      0.7222914987083545,
      0.7255730891720115,
      0.7226546009917529,
      0.7235363980602971,
      0.7216759941201843,
      0.7207665071907221,
      0.7199946183733474,
      0.7210136469640666,
      0.7203783212083622,
      0.7192679478024244,
      0.7217688155116982,
      0.7206269886412282,
      0.7217968220052184,
      0.7182431542298338,
      0.7180613009047878,
      0.7186221824283806,
      0.7217793164716099,
      0.7214629494188328,
      0.7183686624226165,
      0.7213293062743804,
      0.7193350825044029,
      0.7182737760177406
    ],
    "train_acc": [
      0.6955825698747727,
      0.7009249842711736,
      0.7081936412448612,
      0.711951322514199,
      0.7150367580518664,
      0.7164221875565592,
      0.7165008316886295,
      0.7172484896017375,
      0.718945263684079,
      0.7206118728938455,
      0.7161905644278586,
      0.7209318360065156,
      0.7215803807668772,
      0.7213272113006232,
      0.7202574356410897,
      0.7226350739901232,
      0.7230509183049065,
      0.7235152418791854,
      0.7229701195390807,
      0.7224864042610037,
      0.722822527126839,
      0.7233676494669437,
      0.7239537098484,
      0.7241810237095898,
      0.723579880891846,
      0.7251462996319885,
      0.7252788096079429,
      0.7258594834050108,
      0.7244966775547492,
      0.7258487102362341,
      0.725708659042136,
      0.7257743753716743,
      0.7269842022253058,
      0.7265802083961768,
      0.7257215868446681,
      0.7277135457514932,
      0.7258444009687234,
      0.7259672150927785,
      0.7258142360961484,
      0.7266265330219169,
      0.7263722862387851,
      0.7268893983400702,
      0.7273278663092847,
      0.7276963086814503,
      0.7277868032991752,
      0.7272309077902938,
      0.7275185513966336,
      0.7273494126468383,
      0.7284902912202984,
      0.7275982728455818,
      0.7273397167949393,
      0.7274506804333399,
      0.7275099328616121,
      0.7279085401063528,
      0.726806444940489,
      0.7287940945798034,
      0.7279785657034017
    ],
    "valid_acc": [
      0.6892321398802448,
      0.6938233951786353,
      0.7010737525040105,
      0.7043450219041139,
      0.708026224813002,
      0.7092314293288295,
      0.7090291954644956,
      0.7105896756879367,
      0.7120599705394451,
      0.713382689327791,
      0.7093653409416992,
      0.7139429317897971,
      0.7137079032447604,
      0.7142654128167077,
      0.713112133211993,
      0.7153421714997827,
      0.7154241582015397,
      0.7166594245080115,
      0.715396829300954,
      0.7153339728296071,
      0.7160691202553613,
      0.7163424092612178,
      0.7168179321314083,
      0.7170693580167964,
      0.7168616583723454,
      0.7180586642179971,
      0.71807232866829,
      0.7191791491420092,
      0.717058426456562,
      0.7189987783981439,
      0.7183510834542637,
      0.7193021291946446,
      0.7201083317619216,
      0.719564486640267,
      0.7193431225455231,
      0.7204499430192423,
      0.7180012735267672,
      0.7186489684706474,
      0.7188102089841027,
      0.7199416254683491,
      0.7189796481677339,
      0.7200728041911602,
      0.720313298516314,
      0.7205537928414678,
      0.7207642253759774,
      0.720250442044967,
      0.7204909363701207,
      0.7201083317619216,
      0.7213681940789204,
      0.7207368964753917,
      0.7208106845069729,
      0.7202039829139714,
      0.7202750380554941,
      0.7210211170414825,
      0.7201629895630929,
      0.7219093063105164,
      0.7209063356590227
    ],
    "epoch": [
      0,
      1,
      2,
      3,
      4,
      5,
      6,
      7,
      8,
      9,
      10,
      11,
      12,
      13,
      14,
      15,
      16,
      17,
      18,
      19,
      20,
      21,
      22,
      23,
      24,
      25,
      26,
      27,
      28,
      29,
      30,
      31,
      32,
      33,
      34,
      35,
      36,
      37,
      38,
      39,
      40,
      41,
      42,
      43,
      44,
      45,
      46,
      47,
      48,
      49,
      50,
      51,
      52,
      53,
      54,
      55,
      56
    ],