{
  "hyperparameters": {
    "signal": "MHc160_MA98",
    "channel": "Combined",
    "iteration": 0,
    "model_idx": 15,
    "num_hidden": 256,
    "optimizer": "Adadelta",
    "initial_lr": 0.0001,
    "weight_decay": 0.0005,
    "scheduler": "CyclicLR",
    "pilot_mode": false,
    "num_classes": 4,
    "model_type": "ParticleNet",
    "num_node_features": 9,
    "num_graph_features": 4,
    "dropout_p": 0.4,
    "batch_size": 256,
    "train_folds": [
      0,
      1,
      2
    ],
    "valid_folds": [
      3
    ],
    "loss_type": "disco",
    "disco_lambda": 0.05
  },
  "training_summary": {
    "best_epoch": 3,
    "best_train_loss": 1.4443647297682372,
    "best_valid_loss": 0.9434734935491857,
    "best_train_acc": 0.2550569213926792,
    "best_valid_acc": 0.26374466775450855,
    "total_epochs": 11
  },
  "epoch_history": {
    "train_loss": [
      1.4592524102393618,
      1.4554640007598785,
      1.4497206853153495,
      1.4443647297682372,
      1.4275558332541793,
      1.4163310042268238,
      1.4100203030015197,
      1.4169023971789514,
      1.4064313616071429,
      1.403479412044073,
      1.4042286046732524
    ],
    "valid_loss": [
      0.9689522326832086,
      0.9671377262599031,
      0.9528984822018046,
      0.9434734935491857,
      0.9539981895769146,
      0.944853446852993,
      0.9509681379291374,
      0.9486296747771787,
      0.952699043381382,
      0.9478916651766065,
      0.9531436973894146
    ],
    "train_acc": [
      0.2512155957520008,
      0.25327761098742485,
      0.2545532025396824,
      0.2550569213926792,
      0.255151879042387,
      0.2589578218758106,
      0.261579766869545,
      0.2576085701584816,
      0.2597598545253277,
      0.2609030157327652,
      0.25986117124557495
    ],
    "valid_acc": [
      0.2511951493797824,
      0.2523364699445665,
      0.2564953793771565,
      0.26374466775450855,
      0.278034299146384,
      0.2797893173410557,
      0.29028184001799673,
      0.30193935756688006,
      0.30837612572941,
      0.30598772279336117,
      0.312779667423456
    ],
    "epoch": [
      0,
      1,
      2,
      3,
      4,
      5,
      6,
      7,
      8,
      9,
      10
    ],
    "timestamp": [
      1766990056.9548116,
      1766990426.9191241,
      1766990796.8042452,
      1766991167.211578,
      1766991537.17797,
      1766991906.74999,
      1766992253.660449,
      1766992600.5957627,
      1766992948.1339366,
      1766993281.8404992,
      1766993570.4261322
    ],
    "train_ce_loss": [
      1.429891859253127,
      1.4257053682054068,
      1.4201868067396448,
      1.4148147284078743,
      1.3981587267574207,
      1.386610176932848,
      1.3800557686202795,
      1.3874562835258553,
      1.3769451654790745,
      1.3736941599556016,
      1.3748490183186748
    ],
    "valid_ce_loss": [
      0.9385229156050884,
      0.9366527714727211,
      0.9225627703618415,
      0.9129666098144272,
      0.9235321070579156,
      0.914178323210545,
      0.9203099436061063,
      0.9179271256262568,
      0.9217376814709163,
      0.917003641167367,
      0.9221191923593132
    ],
    "train_disco_term": [
      0.5872132267451938,
      0.5951728122031436,
      0.5906765636702077,
      0.5909996640899623,
      0.5879433127340937,
      0.5944176332385345,
      0.5992899324756263,
      0.5889232343996912,
      0.5897244052140546,
      0.595707312017951,
      0.5875892076811168
    ],
    "valid_disco_term": [
      0.6085871656385946,
      0.6096989637844159,
      0.6067157500016858,
      0.6101398767090179,
      0.6093202069611616,
      0.613503893916036,
      0.6131645533925211,
      0.6140506622761908,
      0.6192275863927854,
      0.6177589839298121,
      0.6204910738997056
    ]
  }
}