{
  "hyperparameters": {
    "signal": "MHc160_MA98",
    "channel": "Combined",
    "iteration": 0,
    "model_idx": 1,
    "num_hidden": 192,
    "optimizer": "Adadelta",
    "initial_lr": 0.0047,
    "weight_decay": 3e-05,
    "scheduler": "ReduceLROnPlateau",
    "pilot_mode": false,
    "num_classes": 4,
    "model_type": "ParticleNet",
    "num_node_features": 9,
    "num_graph_features": 4,
    "dropout_p": 0.4,
    "batch_size": 256,
    "train_folds": [
      0,
      1,
      2
    ],
    "valid_folds": [
      3
    ],
    "loss_type": "disco",
    "disco_lambda": 0.05
  },
  "training_summary": {
    "best_epoch": 32,
    "best_train_loss": 0.7783137822948328,
    "best_valid_loss": 0.827789306640625,
    "best_train_acc": 0.4631842263042927,
    "best_valid_acc": 0.4383220672607422,
    "total_epochs": 40
  },
  "epoch_history": {
    "train_loss": [
      1.3749775895231764,
      1.2604149351728724,
      1.1843220162898935,
      1.125634023556231,
      1.0755022321428571,
      1.0355973356762918,
      0.9966080036569149,
      0.9679645944148936,
      0.9427106584821429,
      0.9264420622387918,
      0.908652967087766,
      0.8911520172397417,
      0.8786969866071429,
      0.8676563390482522,
      0.8578684519851824,
      0.8506122067344225,
      0.842396837599734,
      0.8339261968085107,
      0.8273188906962387,
      0.8196323197663374,
      0.8164237628229484,
      0.8103247738174392,
      0.8059192599496581,
      0.8025393593275076,
      0.7981511356620441,
      0.796065625593655,
      0.7923503840947949,
      0.7894962391954787,
      0.7866835759403495,
      0.7822702703504939,
      0.7821438218322568,
      0.778860315943199,
      0.7783137822948328,
      0.775628087006079,
      0.7730222383168693,
      0.7724722911521656,
      0.7697544642857143,
      0.7687315966945288,
      0.7669123409004559,
      0.7645994609612462
    ],
    "valid_loss": [
      1.2082035978075485,
      1.3749143573599802,
      1.4949178561358385,
      1.481507207306338,
      1.4828338623046875,
      1.3578901693854533,
      1.2532892361493178,
      1.1718866052761885,
      1.0608101428394587,
      1.0204522576130612,
      0.9765781886141065,
      0.9366601218639965,
      0.9222964434556558,
      0.9018710499078455,
      0.8841793436399648,
      0.8832632790149098,
      0.8757198494924626,
      0.8640120063029545,
      0.8539146638252366,
      0.856446601975132,
      0.851776015590614,
      0.8506532051193882,
      0.8392461320044289,
      0.8432196496238171,
      0.8415562267034826,
      0.8383321627764635,
      0.8366503648354974,
      0.8376107551682164,
      0.8360971800038512,
      0.8333038544990647,
      0.8323617854588469,
      0.831680996317259,
      0.827789306640625,
      0.8311069112428477,
      0.8308044218681228,
      0.8292812830965284,
      0.8351527469258913,
      0.8314759697712643,
      0.837327500464211,
      0.8322412732621314
    ],
    "train_acc": [
      0.25689996778964996,
      0.27213146910071373,
      0.28400614485144615,
      0.3000100180506706,
      0.3157345987856388,
      0.3315098211169243,
      0.3487643040716648,
      0.3597653806209564,
      0.3718988671898842,
      0.37767816334962845,
      0.38446759432554245,
      0.3900480233132839,
      0.3942366912961006,
      0.3992823138833046,
      0.40436916798353195,
      0.40890761464834213,
      0.4116254299879074,
      0.4165831580758095,
      0.4174462668597698,
      0.42206063866615295,
      0.42685794830322266,
      0.43014734983444214,
      0.434952761977911,
      0.43777940422296524,
      0.43971601501107216,
      0.44388486072421074,
      0.44727495312690735,
      0.44962700828909874,
      0.45256927981972694,
      0.45559563860297203,
      0.45958033949136734,
      0.4602033384144306,
      0.4631842263042927,
      0.46470309793949127,
      0.4680243246257305,
      0.46988001838326454,
      0.47138911113142967,
      0.47179824486374855,
      0.47593192756175995,
      0.47657907381653786
    ],
    "valid_acc": [
      0.25084633741062135,
      0.24998178970963636,
      0.25,
      0.25,
      0.25006206998659763,
      0.25107623520307243,
      0.25694779958575964,
      0.2780163445349899,
      0.33173364342655987,
      0.35422171103709843,
      0.38322821469046175,
      0.41116685688029975,
      0.4226654418744147,
      0.4252407581079751,
      0.43107504991348833,
      0.4350510059448425,
      0.4359831702167867,
      0.4376844689122663,
      0.4380405922393038,
      0.43786968855874875,
      0.43797043757240317,
      0.43820056319236755,
      0.4382687360048294,
      0.43822208046913147,
      0.4382687360048294,
      0.4382687360048294,
      0.43829040229320526,
      0.43826840817928314,
      0.438273623585701,
      0.43831223249435425,
      0.43831223249435425,
      0.43831223249435425,
      0.4383220672607422,
      0.43831509351730347,
      0.43829672038555145,
      0.4383254796266556,
      0.43831975758075714,
      0.438292995095253,
      0.43835586309432983,
      0.4382268041372299
    ],
    "epoch": [
      0,
      1,
      2,
      3,
      4,
      5,
      6,
      7,
      8,
      9,
      10,
      11,
      12,
      13,
      14,
      15,
      16,
      17,
      18,
      19,
      20,
      21,
      22,
      23,
      24,
      25,
      26,
      27,
      28,
      29,
      30,
      31,
      32,
      33,
      34,
      35,
      36,
      37,
      38,
      39
    ],
    "timestamp": [
      1766989435.107889,
      1766989685.6978688,
      1766990057.8806498,
      1766990428.905494,
      1766990800.8740244,
      1766991172.7076807,
      1766991544.415772,
      1766991913.8189023,
      1766992262.1586165,
      1766992608.655831,
      1766992956.435743,
      1766993288.6291635,
      1766993576.3583243,
      1766993834.0699682,
      1766994087.701686,
      1766994341.3973377,
      1766994576.80707,
      1766994780.4397018,
      1766994950.637029,
      1766995119.5864203,
      1766995287.8228061,
      1766995455.4666743,
      1766995611.1402586,
      1766995762.3847852,
      1766995914.0783992,
      1766996065.1688128,
      1766996215.96345,
      1766996367.1038706,
      1766996519.232692,
      1766996670.0230577,
      1766996821.0499508,
      1766996971.0000753,
      1766997104.1253834,
      1766997236.1203113,
      1766997357.399963,
      1766997480.2840555,
      1766997602.2140326,
      1766997724.8649,
      1766997846.6183949,
      1766997968.8582268
    ],
    "train_ce_loss": [
      1.3456709265890092,
      1.2307811583429122,
      1.1545438598445121,
      1.0955842156540658,
      1.045892985359876,
      1.0055571096284048,
      0.9670599274359938,
      0.9380935909356752,
      0.912830041009242,
      0.8959966802307175,
      0.8783454184474191,
      0.8610760069002135,
      0.848450247023968,
      0.8374050138569168,
      0.8273562522644692,
      0.8198220886176842,
      0.8113994775934422,
      0.8032381255575951,
      0.7967081309633052,
      0.7886498890568058,
      0.7856165036242059,
      0.779239342042378,
      0.774633377156359,
      0.7711581736168963,
      0.7670083353222322,
      0.7649303807132513,
      0.7611061032057533,
      0.7579100493783284,
      0.7552134106949108,
      0.7508653946741736,
      0.7505346744256179,
      0.7476585250495053,
      0.7466129635605044,
      0.7438906800058475,
      0.7415382009327955,
      0.7409080448665155,
      0.7382496138655306,
      0.7369686462234218,
      0.735199654392196,
      0.7332959022927792
    ],