{
  "hyperparameters": {
    "signal": "MHc160_MA98",
    "channel": "Combined",
    "iteration": 0,
    "model_idx": 2,
    "num_hidden": 128,
    "optimizer": "RMSprop",
    "initial_lr": 0.0017,
    "weight_decay": 0.00071,
    "scheduler": "ExponentialLR",
    "pilot_mode": false,
    "num_classes": 4,
    "model_type": "ParticleNet",
    "num_node_features": 9,
    "num_graph_features": 4,
    "dropout_p": 0.4,
    "batch_size": 256,
    "train_folds": [
      0,
      1,
      2
    ],
    "valid_folds": [
      3
    ],
    "loss_type": "disco",
    "disco_lambda": 0.05
  },
  "training_summary": {
    "best_epoch": 14,
    "best_train_loss": 0.7657990893332067,
    "best_valid_loss": 0.7469814461721501,
    "best_train_acc": 0.4764880798757076,
    "best_valid_acc": 0.49359214305877686,
    "total_epochs": 22
  },
  "epoch_history": {
    "train_loss": [
      0.7844708752849544,
      0.7702130627849544,
      0.7696775859612462,
      0.7709689340330547,
      0.7678589980290653,
      0.7677956995630699,
      0.7684951735847264,
      0.7672610390150076,
      0.7672904991451368,
      0.7672076842705167,
      0.7658529635258359,
      0.7663533404967705,
      0.7656207702080167,
      0.7653338122150456,
      0.7657990893332067,
      0.7639301149316109,
      0.7649335403210487,
      0.7624558469082446,
      0.7622655062689969,
      0.7627327127659574,
      0.7628669530062689,
      0.7624007854055851
    ],
    "valid_loss": [
      0.7753070777570698,
      0.7760346641003246,
      0.754914082271952,
      0.7860596347862566,
      0.7916238274372799,
      0.8480340662136884,
      0.768889091384243,
      0.7724571765308649,
      0.7556974384146677,
      0.7505462001746809,
      0.7948886710153499,
      0.7497647782446633,
      0.7578217412384463,
      0.7487565161476673,
      0.7469814461721501,
      0.7837467462244169,
      0.9290597405232174,
      0.7553915641677211,
      0.7673980283065581,
      0.767884267887599,
      0.8275231374821193,
      0.7555867584658341
    ],
    "train_acc": [
      0.4636536166071892,
      0.47271472588181496,
      0.4722245931625366,
      0.47062280401587486,
      0.47461695596575737,
      0.4727940559387207,
      0.4743673801422119,
      0.47435352951288223,
      0.47393686696887016,
      0.47439880669116974,
      0.47745582833886147,
      0.4749670475721359,
      0.47885889559984207,
      0.47682036831974983,
      0.4764880798757076,
      0.47767481207847595,
      0.47785260155797005,
      0.47849394381046295,
      0.4798598475754261,
      0.4795917384326458,
      0.47964179888367653,
      0.47927040979266167
    ],
    "valid_acc": [
      0.47459881752729416,
      0.46061274432577193,
      0.4635124507767614,
      0.441569734364748,
      0.39629006036557257,
      0.37781572714447975,
      0.4674194362014532,
      0.4379301095032133,
      0.4399697035551071,
      0.48262542113661766,
      0.43568231933022616,
      0.4988822527229786,
      0.5049286484718323,
      0.4858168214559555,
      0.49359214305877686,
      0.467805840075016,
      0.2985941097140312,
      0.4861237667500973,
      0.44499818980693817,
      0.423720071389198,
      0.4360286945011467,
      0.45663364231586456
    ],
    "epoch": [
      0,
      1,
      2,
      3,
      4,
      5,
      6,
      7,
      8,
      9,
      10,
      11,
      12,
      13,
      14,
      15,
      16,
      17,
      18,
      19,
      20,
      21
    ],
    "timestamp": [
      1766989473.9484797,
      1766989761.18826,
      1766990131.201493,
      1766990501.201976,
      1766990871.7605631,
      1766991243.7623377,
      1766991614.0540032,
      1766991977.7691813,
      1766992324.2639685,
      1766992670.434607,
      1766993015.5680072,
      1766993337.7531426,
      1766993620.1417694,
      1766993873.8107364,
      1766994125.7522936,
      1766994377.8328831,
      1766994605.9620173,
      1766994804.0639062,
      1766994971.5966687,
      1766995138.5789356,
      1766995306.4296906,
      1766995473.1066735
    ],
    "train_ce_loss": [
      0.7534087706119457,
      0.739313534690254,
      0.7388593063528415,
      0.7399127169039474,
      0.7367428871092463,
      0.7370585003160054,
      0.7373510831757519,
      0.7364433046351088,
      0.7365425293387613,
      0.736337169416045,
      0.7351546643533967,
      0.7356974502283752,
      0.7349865686748528,
      0.7344359850267509,
      0.7345665806151451,
      0.7332113236460642,
      0.7341330667940679,
      0.7318372522987493,
      0.7317649959068531,
      0.7322629927683022,
      0.7318947752377183,
      0.7317994671389687
    ],
    "valid_ce_loss": [
      0.7464635980800843,
      0.7472796129508757,
      0.7261122711737391,
      0.7566353370710998,
      0.7608146916182947,
      0.8182688990843968,
      0.7399407015510009,
      0.743135170932387,
      0.7271986066980262,
      0.7242368788681399,
      0.7645228928033735,
      0.722048964194009,
      0.7295013766893199,
      0.7189141863458594,
      0.7196322987511964,
      0.7548227326446016,
      0.8995131492929559,
      0.7268632272599449,
      0.7385130658955641,
      0.7379829266541441,
      0.7994798386180905,
      0.7267786693614973
    ],
    "train_disco_term": [
      0.6212432587943904,
      0.6179902189046054,
      0.6163652328010025,
      0.6211237299768396,
      0.6223231184808679,
      0.6147432647939873,
      0.622882134193345,
      0.6163547818602761,
      0.6149602036708032,
      0.6174108582789413,
      0.613966703197514,
      0.6131182484532562,
      0.6126845664891066,
      0.6179568765373578,
      0.6246514781086641,
      0.6143755188466568,
      0.6160092328275953,
      0.6123717291376873,
      0.6100101778391285,
      0.6093945558672618,
      0.6194432790518531,
      0.6120264824219388
    ],
    "valid_disco_term": [
      0.5768692465105527,
      0.5751018946019697,
      0.5760363505654772,
      0.5884856164560351,
      0.6161827001668198,
      0.5953039425674459,
      0.5789680362377368,
      0.5864390751320712,
      0.5699770264589871,
      0.5261869176592625,
      0.6073152085530086,
      0.5543157657162404,
      0.5664071960663292,
      0.5968475936793946,
      0.5469829573387831,
      0.5784797941295194,
      0.5909322919455212,
      0.5705668075718511,
      0.5776997676617662,
      0.5980261998172377,
      0.5608654998400262,
      0.5761626406874455
    ]
  }
}