{
  "syst": "bjet",
  "observed": 167.29244766384363,
  "expected": 186.10622302044794,
  "difference": -0.10109159732147804,
  "max_bin_difference": 2.4589358472720244,
  "max_bin_difference_bin": 145,
  "max_bin_difference_filtered": 1.0070073767619117,
  "max_bin_difference_filtered_bin": 28,
  "snr_threshold": 3.0,
  "mass_range_min": 10.0,
  "mass_range_max": 160.0,
  "percentile_68_difference": 0.20655562905257216,
  "percentile_95_difference": 0.40143769913709715,
  "rms_bin_difference": 0.2346499662386994,
  "chi2": 32.31892730977536,
  "ndf": 32,
  "chi2_per_ndf": 1.00996647843048,
  "p_value": 0.4510057621615227,
  "closure_uncertainty_scale": 0.9500000000000001,
  "recommended_systematic_pct": 4.999999999999993
}