{
  "syst": "bjet",
  "observed": 167.29244607314467,
  "expected": 186.10622768910252,
  "difference": -0.10109162841872751,
  "max_bin_difference": 21.261707786008504,
  "max_bin_difference_bin": 112,
  "max_bin_difference_filtered": 0.5261022323116744,
  "max_bin_difference_filtered_bin": 36,
  "snr_threshold": 3.0,
  "mass_range_min": 10.0,
  "mass_range_max": 160.0,
  "percentile_68_difference": 0.19084965707634421,
  "percentile_95_difference": 0.3187654143229209,
  "rms_bin_difference": 0.1983575647489702,
  "chi2": 66.66451435269794,
  "ndf": 18,
  "chi2_per_ndf": 3.703584130705441,
  "p_value": 1.643111913693687e-07,
  "closure_uncertainty_scale": 3.8000000000000003,
  "recommended_systematic_pct": 280.0
}