{
  "syst": "bjet",
  "observed": 167.2924494855106,
  "expected": 186.10622295644134,
  "difference": -0.10109158722400255,
  "max_bin_difference": 20.66165022924917,
  "max_bin_difference_bin": 92,
  "max_bin_difference_filtered": 0.7628376281282968,
  "max_bin_difference_filtered_bin": 86,
  "snr_threshold": 3.0,
  "mass_range_min": 10.0,
  "mass_range_max": 160.0,
  "percentile_68_difference": 0.23732251535768956,
  "percentile_95_difference": 0.43817993662669086,
  "rms_bin_difference": 0.23289717714603655,
  "chi2": 30.950299459385505,
  "ndf": 29,
  "chi2_per_ndf": 1.067251705496052,
  "p_value": 0.3677710939116809,
  "closure_uncertainty_scale": 1.05,
  "recommended_systematic_pct": 5.000000000000004
}