{
  "hyperparameters": {
    "signal": "MHc160_MA85",
    "channel": "Combined",
    "iteration": 0,
    "model_idx": 8,
    "num_hidden": 128,
    "optimizer": "Adam",
    "initial_lr": 0.0021,
    "weight_decay": 0.00025,
    "scheduler": "ExponentialLR",
    "pilot_mode": false,
    "num_classes": 4,
    "model_type": "ParticleNet",
    "num_node_features": 9,
    "num_graph_features": 4,
    "dropout_p": 0.4,
    "batch_size": 256,
    "train_folds": [
      0,
      1,
      2
    ],
    "valid_folds": [
      3
    ],
    "loss_type": "disco",
    "disco_lambda": 0.05
  },
  "training_summary": {
    "best_epoch": 11,
    "best_train_loss": 0.6963672765482523,
    "best_valid_loss": 0.672639121471996,
    "best_train_acc": 0.5474958345293999,
    "best_valid_acc": 0.5684709176421165,
    "total_epochs": 19
  },
  "epoch_history": {
    "train_loss": [
      0.7950116653210486,
      0.7246584257456307,
      0.7173779890530015,
      0.7141677995583207,
      0.7095357320953647,
      0.7025550911854104,
      0.7021445787424012,
      0.7004765565634499,
      0.6984416555851064,
      0.697950702887538,
      0.6976337653162994,
      0.6963672765482523,
      0.6956505123242781,
      0.6956071013012918,
      0.6934847846219605,
      0.6961103723404255,
      0.694333711293693,
      0.6948646614979104,
      0.693323904112842
    ],
    "valid_loss": [
      0.7394189431633748,
      0.7064776353433099,
      0.7038599470971336,
      0.7017428975709727,
      0.6911391137351452,
      0.6858184706996864,
      0.6855201721191406,
      0.6770719071509133,
      0.6789479860117738,
      0.6883806040589239,
      0.6773008427149813,
      0.672639121471996,
      0.6776263814576915,
      0.6743816322004291,
      0.6732874050946303,
      0.678863417934364,
      0.6820304225867903,
      0.6742633228570643,
      0.6759367929378026
    ],
    "train_acc": [
      0.45879964530467987,
      0.5223189294338226,
      0.5290028005838394,
      0.5306656807661057,
      0.5354888737201691,
      0.54143076390028,
      0.543843649327755,
      0.545726366341114,
      0.5467755347490311,
      0.5469782873988152,
      0.5474501922726631,
      0.5474958345293999,
      0.5470635518431664,
      0.5486784130334854,
      0.5502736791968346,
      0.5470380932092667,
      0.5480931326746941,
      0.5503924936056137,
      0.5491838604211807
    ],
    "valid_acc": [
      0.4971882551908493,
      0.535935252904892,
      0.5378008112311363,
      0.5484714508056641,
      0.5523729100823402,
      0.5604657605290413,
      0.5522985607385635,
      0.5614119321107864,
      0.5651086419820786,
      0.5525139346718788,
      0.567547395825386,
      0.5684709176421165,
      0.5611407607793808,
      0.5638584420084953,
      0.5662728697061539,
      0.564088873565197,
      0.5591283515095711,
      0.5628092288970947,
      0.5641865134239197
    ],
    "epoch": [
      0,
      1,
      2,
      3,
      4,
      5,
      6,
      7,
      8,
      9,
      10,
      11,
      12,
      13,
      14,
      15,
      16,
      17,
      18
    ],
    "timestamp": [
      1767292230.8180053,
      1767292601.471858,
      1767292972.3510005,
      1767293341.998632,
      1767293712.2936296,
      1767294081.8355243,
      1767294451.425345,
      1767294810.3497717,
      1767295134.358473,
      1767295392.6527095,
      1767295644.3753219,
      1767295896.215844,
      1767296148.1346793,
      1767296400.385827,
      1767296636.5038016,
      1767296865.6270072,
      1767297094.0371778,
      1767297304.058277,
      1767297512.0129733
    ],
    "train_ce_loss": [
      0.763936360121498,
      0.695202074170475,
      0.6879246339609558,
      0.6850493433990015,
      0.6803709530721682,
      0.673281450456399,
      0.6728125932187657,
      0.6713738356680131,
      0.6695554643235309,
      0.6688704981811141,
      0.6683844399126105,
      0.6678556433383455,
      0.6669156247721617,
      0.6664004450511063,
      0.6646068468644626,
      0.6669832406254163,
      0.6656213273393347,
      0.665819268241117,
      0.6642495443212225
    ],
    "valid_ce_loss": [
      0.7105961948843069,
      0.6770698306426196,
      0.6751008566836236,
      0.6729472408622084,
      0.6615524886464569,
      0.6573570158175179,
      0.6572046083673625,
      0.6487497740333349,
      0.650064666191457,
      0.6597365943164053,
      0.6487475889144649,
      0.6438610022231727,
      0.6496236137521099,
      0.645937759166872,
      0.6445605867660381,
      0.650343799937359,
      0.6530258757337718,
      0.6457046664411753,
      0.6473561993367235
    ],
    "train_disco_term": [
      0.621505897476318,
      0.5891271043149896,
      0.5890673825262528,
      0.5823687652142939,
      0.5832965586866651,
      0.5854730146634181,
      0.5866400944425705,
      0.5820543702793701,
      0.577725113470866,
      0.5816042346432578,
      0.5849872566646356,
      0.5702317621570228,
      0.5746983100396884,
      0.5841326256472289,
      0.5775587181371034,
      0.5825412807855925,
      0.574248458005737,
      0.5809081773083985,
      0.5814884219126136
    ],
    "valid_disco_term": [
      0.5764538267968407,
      0.5881561229766255,
      0.5751823220454472,
      0.5759140037419931,
      0.5917328086117624,
      0.5692290322671474,
      0.5663118416469701,
      0.5664426687003021,
      0.5776659816923276,
      0.5728804015252792,
      0.5710652641637225,
      0.5755618925035839,
      0.560054820293272,
      0.5688780675786482,
      0.5745372205028232,
      0.5703919704636218,
      0.5800910219025444,
      0.5711736217875716,
      0.5716119169874091
    ]
  }
}