{
  "hyperparameters": {
    "signal": "MHc160_MA85",
    "channel": "Combined",
    "iteration": 0,
    "model_idx": 10,
    "num_hidden": 256,
    "optimizer": "Adam",
    "initial_lr": 0.0015,
    "weight_decay": 8e-05,
    "scheduler": "ReduceLROnPlateau",
    "pilot_mode": false,
    "num_classes": 4,
    "model_type": "ParticleNet",
    "num_node_features": 9,
    "num_graph_features": 4,
    "dropout_p": 0.4,
    "batch_size": 256,
    "train_folds": [
      0,
      1,
      2
    ],
    "valid_folds": [
      3
    ],
    "loss_type": "disco",
    "disco_lambda": 0.05
  },
  "training_summary": {
    "best_epoch": 11,
    "best_train_loss": 0.68196758049962,
    "best_valid_loss": 0.6612216788278499,
    "best_train_acc": 0.5593067780137062,
    "best_valid_acc": 0.577275276184082,
    "total_epochs": 19
  },
  "epoch_history": {
    "train_loss": [
      0.7952169215425532,
      0.721252033268427,
      0.7093324794595365,
      0.7019552027925532,
      0.6930522327365122,
      0.6896301826082827,
      0.687637579549772,
      0.6852228877754559,
      0.684455588668313,
      0.682822146893997,
      0.6836384225398936,
      0.68196758049962,
      0.6821525040368541,
      0.681841874050152,
      0.6817957915795972,
      0.6820859404682751,
      0.6810390298489741,
      0.6818596837006079,
      0.6825618291698329
    ],
    "valid_loss": [
      0.7383248772419674,
      0.705307812757895,
      0.6930280336191956,
      0.6885457643320863,
      0.6794415863466935,
      0.6726557234643211,
      0.6691084848323339,
      0.672913994587643,
      0.663084755481129,
      0.667540321887379,
      0.6659126819019586,
      0.6612216788278499,
      0.6737606424680898,
      0.6669453365702025,
      0.6634645059075154,
      0.6618903791400749,
      0.661741337306063,
      0.6650186995385399,
      0.6681482556840064
    ],
    "train_acc": [
      0.471928633749485,
      0.5263054519891739,
      0.5355866849422455,
      0.5420914962887764,
      0.548404648900032,
      0.5526967719197273,
      0.5533336102962494,
      0.5555340424180031,
      0.5556143000721931,
      0.5579542517662048,
      0.5590490698814392,
      0.5593067780137062,
      0.5604524239897728,
      0.5601599216461182,
      0.5604202896356583,
      0.5598771572113037,
      0.559018924832344,
      0.5590791776776314,
      0.5602670684456825
    ],
    "valid_acc": [
      0.5164920352399349,
      0.5319617539644241,
      0.5483604818582535,
      0.5521194785833359,
      0.5602109804749489,
      0.5641790181398392,
      0.5698766335844994,
      0.5640130639076233,
      0.5751027911901474,
      0.5732481777667999,
      0.5729950219392776,
      0.577275276184082,
      0.5671818181872368,
      0.5739454030990601,
      0.5737222284078598,
      0.5741086229681969,
      0.5733830034732819,
      0.572685569524765,
      0.5718214511871338
    ],
    "epoch": [
      0,
      1,
      2,
      3,
      4,
      5,
      6,
      7,
      8,
      9,
      10,
      11,
      12,
      13,
      14,
      15,
      16,
      17,
      18
    ],
    "timestamp": [
      1767292365.516983,
      1767292734.943986,
      1767293104.4499733,
      1767293473.9691625,
      1767293843.5151353,
      1767294213.6310859,
      1767294583.654992,
      1767294934.9573622,
      1767295230.7028494,
      1767295481.5770664,
      1767295733.2240872,
      1767295984.4325862,
      1767296235.246541,
      1767296485.567363,
      1767296714.5967486,
      1767296942.3754659,
      1767297164.0587432,
      1767297370.3572445,
      1767297574.2805247
    ],
    "train_ce_loss": [
      0.7640085859682785,
      0.6917553581365335,
      0.6799926738608572,
      0.6729547648806702,
      0.6645205339037539,
      0.6605932291336697,
      0.6590202411438556,
      0.6560695713414247,
      0.6556010591404053,
      0.6540364140254024,
      0.6545586159345227,
      0.6533200096395603,
      0.6529641221721846,
      0.6530686710562025,
      0.653059707206071,
      0.6532131539108543,
      0.652330702054102,
      0.6530198520802437,
      0.653635498582411
    ],
    "valid_ce_loss": [
      0.7090629675018956,
      0.6773750329731216,
      0.6653623259823087,
      0.6593939402783421,
      0.6499818973243237,
      0.6441892352427395,
      0.6404647084713821,
      0.6437617461656181,
      0.6351502144210776,
      0.6387143578432816,
      0.6369828359341957,
      0.633183095289368,
      0.6450187111089767,
      0.6383713486433868,
      0.6355098033664932,
      0.6342853386427315,
      0.6338679865002632,
      0.6369940069254855,
      0.6393421235113916
    ],
    "train_disco_term": [
      0.6241671933772716,
      0.589933786638602,
      0.5867957279312574,
      0.5800077039963568,
      0.5706343383049892,
      0.5807387631533718,
      0.5723470919400363,
      0.5830660671629804,
      0.5770911174342263,
      0.575715239794421,
      0.581596097775868,
      0.5729515884241435,
      0.5837667732253263,
      0.5754637581780326,
      0.5747215931176415,
      0.5774560861493316,
      0.5741657201642324,
      0.5767956703267199,
      0.5785264174264253
    ],
    "valid_disco_term": [
      0.5852385750433928,
      0.5586554931188134,
      0.5533140539913111,
      0.5830366093612892,
      0.5891939923167229,
      0.5693295785868672,
      0.5728754898611929,
      0.5830450517086077,
      0.5586905631066208,
      0.5765187796467627,
      0.5785968217631461,
      0.5607715287363865,
      0.5748381677647711,
      0.5714791672120632,
      0.5590944479573781,
      0.55210164782237,
      0.5574658939641126,
      0.5604934606858543,
      0.5761220549613657
    ]
  }
}