{
  "hyperparameters": {
    "signal": "MHc160_MA85",
    "channel": "Combined",
    "iteration": 0,
    "model_idx": 1,
    "num_hidden": 192,
    "optimizer": "Adam",
    "initial_lr": 0.0013,
    "weight_decay": 0.00044,
    "scheduler": "CyclicLR",
    "pilot_mode": false,
    "num_classes": 4,
    "model_type": "ParticleNet",
    "num_node_features": 9,
    "num_graph_features": 4,
    "dropout_p": 0.4,
    "batch_size": 256,
    "train_folds": [
      0,
      1,
      2
    ],
    "valid_folds": [
      3
    ],
    "loss_type": "disco",
    "disco_lambda": 0.05
  },
  "training_summary": {
    "best_epoch": 8,
    "best_train_loss": 0.696124100612652,
    "best_valid_loss": 0.6824846939301826,
    "best_train_acc": 0.546057902276516,
    "best_valid_acc": 0.5568657293915749,
    "total_epochs": 16
  },
  "epoch_history": {
    "train_loss": [
      0.9841365733045213,
      0.7634190521704027,
      0.7254852387680472,
      0.7168845875284955,
      0.7137098689209727,
      0.7105703243731003,
      0.7080667327602583,
      0.7028553322093465,
      0.696124100612652,
      0.7030398105053192,
      0.7108724947758359,
      0.7149198862556991,
      0.713955938924772,
      0.7117390826842706,
      0.7072347252564589,
      0.7026712249477584
    ],
    "valid_loss": [
      0.8670831599705656,
      0.7638388620295995,
      0.7078877838564591,
      0.7149800045389525,
      0.7009843100964184,
      0.7004443423848756,
      0.7004756658849581,
      0.6943885910678917,
      0.6824846939301826,
      0.6912152464960662,
      0.7032012939453125,
      0.7128754736671985,
      0.7102276439398107,
      0.704682148678202,
      0.6925191744952135,
      0.689117431640625
    ],
    "train_acc": [
      0.36372437700629234,
      0.48066752403974533,
      0.5213789194822311,
      0.5290678143501282,
      0.5320806130766869,
      0.5340802073478699,
      0.5369673296809196,
      0.5429680272936821,
      0.546057902276516,
      0.5407239496707916,
      0.5346366912126541,
      0.5304288789629936,
      0.5328970104455948,
      0.5344943329691887,
      0.5379023998975754,
      0.5418526083230972
    ],
    "valid_acc": [
      0.4243745989515446,
      0.48270909301936626,
      0.5336423814296722,
      0.5294562578201294,
      0.5408614426851273,
      0.542710080742836,
      0.5500696524977684,
      0.5478978827595711,
      0.5568657293915749,
      0.5486493036150932,
      0.5407112389802933,
      0.5354222431778908,
      0.5358127057552338,
      0.5394532009959221,
      0.5488302186131477,
      0.553889736533165
    ],
    "epoch": [
      0,
      1,
      2,
      3,
      4,
      5,
      6,
      7,
      8,
      9,
      10,
      11,
      12,
      13,
      14,
      15
    ],
    "timestamp": [
      1767291828.9392161,
      1767292000.6509285,
      1767292298.295129,
      1767292667.6465216,
      1767293038.2092054,
      1767293407.2520788,
      1767293776.6551337,
      1767294146.719135,
      1767294516.8695657,
      1767294872.8595078,
      1767295183.7095556,
      1767295437.3146698,
      1767295688.7790928,
      1767295940.0725524,
      1767296191.695011,
      1767296443.4907854
    ],
    "train_ce_loss": [
      0.9533032687782879,
      0.7321951539139617,
      0.6961614498523231,
      0.6877870078416581,
      0.68448862272193,
      0.6812750396395164,
      0.6790072976093524,
      0.6743632852849989,
      0.6675720005049894,
      0.6744131746806634,
      0.6819002331209038,
      0.685934483461467,
      0.6845994382100264,
      0.6828193157820716,
      0.6784717240956779,
      0.6742553086628668
    ],
    "valid_ce_loss": [
      0.8355091255105717,
      0.7358897266463494,
      0.6789462085760815,
      0.6863618103761069,
      0.6725652521135101,
      0.6718747793159014,
      0.6731810255999296,
      0.6659573935182161,
      0.6548726128440507,
      0.6638741540971776,
      0.6755086707187371,
      0.6840053784175658,
      0.6810508475861918,
      0.6768973661245594,
      0.6640056114066655,
      0.6606310796989522
    ],
    "train_disco_term": [
      0.6166662610048219,
      0.6244786014491663,
      0.5864763264235755,
      0.5819511647101231,
      0.5844245303727935,
      0.5859048416368142,
      0.5811894450506541,
      0.5698399364404765,
      0.5710419215511043,
      0.572531399302932,
      0.5794462796583726,
      0.5797075950628356,
      0.5871302898712796,
      0.5783954838488964,
      0.5752598231505478,
      0.5683188392398567
    ],
    "valid_disco_term": [
      0.6314800211661299,
      0.5589822760035454,
      0.5788320905830658,
      0.5723637204984544,
      0.568381235580629,
      0.5713918121452902,
      0.5458931553531701,
      0.5686234414157733,
      0.5522414175662357,
      0.5468225393601707,
      0.5538535161652196,
      0.5774014368128608,
      0.5835363814528559,
      0.5556955496505113,
      0.5702719591348104,
      0.5697261082979155
    ]
  }
}