{
  "era": "2022",
  "channel": "SR3Mu",
  "histkey": "pair_lowM_onZ/mass",
  "systematic": "Central",
  "data": null,
  "samples": {
    "nonprompt_Muon_C": {
      "events": 15.32197158318013,
      "stat_error": 2.364106789465095,
      "systematics": {
        "nonprompt_rate": 4.596591474954039
      },
      "syst_error": 4.596591474954039,
      "total_error": 5.168912274319918
    },
    "nonprompt_Muon_D": {
      "events": 12.304054734297097,
      "stat_error": 2.1243155025936793,
      "systematics": {
        "nonprompt_rate": 3.6912164202891287
      },
      "syst_error": 3.6912164202891287,
      "total_error": 4.258849024792018
    },
    "nonprompt_DoubleMuon_C": {
      "events": 0.8288192488253117,
      "stat_error": 0.4637360242400659,
      "systematics": {
        "nonprompt_rate": 0.2486457746475935
      },
      "syst_error": 0.2486457746475935,
      "total_error": 0.5261899100401725
    },
    "TTG_PTG10to100": {
      "events": 0.33336545154452324,
      "stat_error": 0.20210620174113308,
      "systematics": {
        "PileupReweight": 0.03534290908410259,
        "MuonIDSF": 0.0037574153997896893,
        "DblMuTrigSF": 0.0001555435000112628,
        "JetEn": 0.0003205754852161034,
        "JetRes": 0.0002067213292696933,
        "MuonEn": 0.0,
        "ElectronEn": 0.0,
        "ElectronRes": 0.0,
        "UnclusteredEn": 0.0,
        "BtagSF_HFcorr": 0.008821593032070935,
        "BtagSF_HFuncorr": 0.007935302451503281,
        "BtagSF_LFcorr": 0.00041924824079524165,
        "BtagSF_LFuncorr": 0.00025548488245420844
      },
      "syst_error": 0.03747585435152479,
      "total_error": 0.2055513474575253
    },
    "DYJets": {
      "events": -1.20859956741333,
      "stat_error": 1.20859956741333,
      "systematics": {
        "PileupReweight": 0.4375300407409668,
        "MuonIDSF": 0.011304616928100586,
        "DblMuTrigSF": 0.0011004209518432617,
        "JetEn": 0.0005176067352294922,
        "JetRes": 1.8477439880371094e-05,
        "MuonEn": 0.0,
        "ElectronEn": 0.0,
        "ElectronRes": 0.0,
        "UnclusteredEn": 0.0,
        "BtagSF_HFcorr": 0.046657562255859375,
        "BtagSF_HFuncorr": 0.045009493827819824,
        "BtagSF_LFcorr": 0.0012606382369995117,
        "BtagSF_LFuncorr": 0.0005168914794921875
      },
      "syst_error": 0.4424550249855511,
      "total_error": 1.2870428755432561
    },
    "TTG_PTG200toInf": {
      "events": -0.02775976900011301,
      "stat_error": 0.019891664202831873,
      "systematics": {
        "PileupReweight": 0.0028320677429563125,
        "MuonIDSF": 0.00034186343357699503,
        "DblMuTrigSF": 2.3305414339361877e-05,
        "JetEn": 1.581437762593794e-05,
        "JetRes": 1.470665688270646e-06,
        "MuonEn": 0.0,
        "ElectronEn": 0.0,
        "ElectronRes": 0.0,
        "UnclusteredEn": 0.0,
        "BtagSF_HFcorr": 0.0013973341379923832,
        "BtagSF_HFuncorr": 0.0006055916027695978,
        "BtagSF_LFcorr": 3.4418281211883154e-05,
        "BtagSF_LFuncorr": 1.4808112960187553e-05
      },
      "syst_error": 0.0032340317698625804,
      "total_error": 0.02015284759647389
    },
    "TTG_PTG100to200": {
      "events": 0.03885065019130707,
      "stat_error": 0.03885065019130707,
      "systematics": {
        "PileupReweight": 0.007475260645151138,
        "MuonIDSF": 0.00035316869616508484,
        "DblMuTrigSF": 1.019984483718872e-05,
        "JetEn": 5.6099146604537964e-05,
        "JetRes": 2.8833746910095215e-06,
        "MuonEn": 0.0,
        "ElectronEn": 0.0,
        "ElectronRes": 0.0,
        "UnclusteredEn": 0.0,
        "BtagSF_HFcorr": 0.0013696029782295227,
        "BtagSF_HFuncorr": 0.0014240704476833344,
        "BtagSF_LFcorr": 0.0,
        "BtagSF_LFuncorr": 0.0
      },
      "syst_error": 0.007740238902241366,
      "total_error": 0.03961419339770884
    },
    "TTHToNonbb": {
      "events": 0.9385550885926932,
      "stat_error": 0.024803703723248603,
      "systematics": {
        "PileupReweight": 0.005373865930815149,
        "MuonIDSF": 0.0015997700394113365,
        "DblMuTrigSF": 8.266770430367885e-05,
        "JetEn": 0.0025301589611915237,
        "JetRes": 0.0007106068808816766,
        "MuonEn": 0.007167986811835353,
        "ElectronEn": 0.0,
        "ElectronRes": 0.0,
        "UnclusteredEn": 0.0,
        "BtagSF_HFcorr": 0.005302795497919741,
        "BtagSF_HFuncorr": 0.0022684091055859513,
        "BtagSF_LFcorr": 0.000476240302735143,
        "BtagSF_LFuncorr": 0.0002551899959620524
      },
      "syst_error": 0.011103534632560029,
      "total_error": 0.0271755809455319
    },
    "TTZ_M4to50": {
      "events": 0.4243918273714371,
      "stat_error": 0.04197711185226723,
      "systematics": {
        "PileupReweight": 0.008334643920753405,
        "MuonIDSF": 0.0011737452937887318,
        "DblMuTrigSF": 6.567513196762507e-05,
        "JetEn": 0.0034138107653050444,
        "JetRes": 0.00014787203000088425,
        "MuonEn": 0.010531100439797398,
        "ElectronEn": 0.0,
        "ElectronRes": 0.0,
        "UnclusteredEn": 0.0,
        "BtagSF_HFcorr": 0.00796399090071986,
        "BtagSF_HFuncorr": 0.0034633902520398016,
        "BtagSF_LFcorr": 0.0005642614997053607,
        "BtagSF_LFuncorr": 0.0002426180997103405
      },
      "syst_error": 0.01640810180252737,
      "total_error": 0.04506998695606485
    },
    "TTWToLNu": {
      "events": 0.879860419780016,
      "stat_error": 0.26774289240929,
      "systematics": {
        "PileupReweight": 0.04785872650778288,
        "MuonIDSF": 0.0049751367108068194,
        "DblMuTrigSF": 0.00027101686597735055,
        "JetEn": 0.05423946171020276,
        "JetRes": 9.154067791742401e-05,
        "MuonEn": 0.14309056510691273,
        "ElectronEn": 0.0,
        "ElectronRes": 0.0,
        "UnclusteredEn": 0.0,
        "BtagSF_HFcorr": 0.02912976900048159,
        "BtagSF_HFuncorr": 0.01442394023611973,
        "BtagSF_LFcorr": 0.00041639040884010613,
        "BtagSF_LFuncorr": 0.0002179298683540846
      },
      "syst_error": 0.16367325656826218,
      "total_error": 0.3138075705768629
    },
    "TTZ_M50": {
      "events": 10.14537099347217,
      "stat_error": 0.2934610077596253,
      "systematics": {
        "PileupReweight": 0.06033902977510541,
        "MuonIDSF": 0.029807448872908003,
        "DblMuTrigSF": 0.0016928399971450677,
        "JetEn": 0.02338450432135395,
        "JetRes": 0.010547427420551633,
        "MuonEn": 0.1471006526020164,
        "ElectronEn": 0.0,
        "ElectronRes": 0.0,
        "UnclusteredEn": 0.0,
        "BtagSF_HFcorr": 0.08637772403269547,
        "BtagSF_HFuncorr": 0.040532628031014366,
        "BtagSF_LFcorr": 0.00673328899799956,
        "BtagSF_LFuncorr": 0.003205773691774671
      },
      "syst_error": 0.18970622763398381,
      "total_error": 0.3494392878289614
    },
    "WZTo3LNu_powheg": {
      "events": 4.199370564427227,
      "stat_error": 0.4627209915473168,
      "systematics": {
        "PileupReweight": 0.08504517090037117,
        "MuonIDSF": 0.014227982841897099,
        "DblMuTrigSF": 0.000850553821031789,
        "JetEn": 0.04144985430227008,
        "JetRes": 0.03939316526797238,
        "MuonEn": 0.19068930744445098,
        "ElectronEn": 0.0,
        "ElectronRes": 0.0,
        "UnclusteredEn": 0.0,
        "BtagSF_HFcorr": 0.0858108603303918,
        "BtagSF_HFuncorr": 0.037797081693379454,
        "BtagSF_LFcorr": 0.04278260490331568,
        "BtagSF_LFuncorr": 0.020284882322440346,
        "WZ_rate": 0.8398741128854454
      },
      "syst_error": 0.8737795146715326,
      "total_error": 0.9887372534086853
    },
    "ZZTo4L_powheg": {
      "events": 0.566909621906234,
      "stat_error": 0.026199964873190523,
      "systematics": {
        "PileupReweight": 0.004636426681750992,
        "MuonIDSF": 0.0013334880383525846,
        "DblMuTrigSF": 7.757820711379745e-05,
        "JetEn": 0.012678556816067646,
        "JetRes": 0.0046237998234702525,