{
  "hyperparameters": {
    "signal": "MHc130_MA90",
    "channel": "Run1E2Mu",
    "iteration": 2,
    "model_idx": 2,
    "num_hidden": 128,
    "optimizer": "Adam",
    "initial_lr": 0.0013,
    "weight_decay": 0.00571,
    "scheduler": "CyclicLR",
    "pilot_mode": true,
    "num_classes": 5,
    "model_type": "ParticleNet",
    "num_node_features": 9,
    "num_graph_features": 4,
    "dropout_p": 0.4,
    "batch_size": 1024,
    "train_folds": [
      0,
      1,
      2
    ],
    "valid_folds": [
      3
    ]
  },
  "training_summary": {
    "best_epoch": 2,
    "best_train_loss": 1.0182328599544919,
    "best_valid_loss": 1.0306798401590669,
    "best_train_acc": 0.6025059547149052,
    "best_valid_acc": 0.595558358881082,
    "total_epochs": 3
  },
  "epoch_history": {
    "train_loss": [
      1.4036601716580077,
      1.0674119071877624,
      1.0182328599544919
    ],
    "valid_loss": [
      1.4187092277671558,
      1.0822813345089768,
      1.0306798401590669
    ],
    "train_acc": [
      0.5962264371784893,
      0.5973266695147859,
      0.6025059547149052
    ],
    "valid_acc": [
      0.5915538409634312,
      0.592140583515468,
      0.595558358881082
    ],
    "epoch": [
      0,
      1,
      2
    ],
    "timestamp": [
      1762322732.854833,
      1762322787.607892,
      1762322833.5107434
    ]
  }
}