{
  "hyperparameters": {
    "signal": "MHc130_MA90",
    "channel": "Run1E2Mu",
    "iteration": 2,
    "model_idx": 9,
    "num_hidden": 96,
    "optimizer": "RMSprop",
    "initial_lr": 0.0027,
    "weight_decay": 0.00022,
    "scheduler": "ReduceLROnPlateau",
    "pilot_mode": false,
    "num_classes": 4,
    "model_type": "ParticleNet",
    "num_node_features": 9,
    "num_graph_features": 4,
    "dropout_p": 0.4,
    "batch_size": 1024,
    "train_folds": [
      0,
      1,
      2
    ],
    "valid_folds": [
      3
    ]
  },
  "training_summary": {
    "best_epoch": 6,
    "best_train_loss": 0.9671460284863633,
    "best_valid_loss": 0.9963677044881906,
    "best_train_acc": 0.5711464540665867,
    "best_valid_acc": 0.5560012323589009,
    "total_epochs": 14
  },
  "epoch_history": {
    "train_loss": [
      1.0042575252056365,
      1.06290916016628,
      0.9919574420620716,
      1.062668367543475,
      0.9922269939442857,
      1.0461704242280134,
      0.9671460284863633,
      1.0088769780323688,
      1.0184508019561975,
      0.9776081857237303,
      1.0077449458536025,
      1.1192335757558691,
      1.0346630966377999,
      0.9770638984894772
    ],
    "valid_loss": [
      1.0410012563416216,
      1.089516095480806,
      1.0352146898006054,
      1.0878944795208048,
      1.014542326256095,
      1.0734957089416053,
      0.9963677044881906,
      1.0294799887860386,
      1.042765177130647,
      1.0065444121973444,
      1.0445700030679368,
      1.16590810741109,
      1.0515212489248567,
      1.0164225151448132
    ],
    "train_acc": [
      0.5409078891171266,
      0.5166609042282739,
      0.5606866114828449,
      0.5257031869673982,
      0.5772559946307633,
      0.563180052472086,
      0.5711464540665867,
      0.569629237934471,
      0.5365555532957758,
      0.5723870731558502,
      0.5413756635278326,
      0.4965466045679188,
      0.5719376029612154,
      0.5606500030507027
    ],
    "valid_acc": [
      0.5217914232560344,
      0.506025524048773,
      0.543351779218163,
      0.5188290220521146,
      0.5648588119586212,
      0.5520079155360169,
      0.5560012323589009,
      0.5547510990508466,
      0.5206538611937291,
      0.5574113353319666,
      0.523912502518041,
      0.476383737602351,
      0.5601485940443887,
      0.5445841381189938
    ],
    "epoch": [
      0,
      1,
      2,
      3,
      4,
      5,
      6,
      7,
      8,
      9,
      10,
      11,
      12,
      13
    ],
    "timestamp": [
      1762434810.1752975,
      1762435062.7717643,
      1762435315.6837163,
      1762435568.2127979,
      1762435819.3892088,
      1762436070.5396304,
      1762436322.5164924,
      1762436574.0658617,
      1762436825.5742683,
      1762437077.2414806,
      1762437328.1221528,
      1762437578.9371018,
      1762437829.5732732,
      1762438080.191793
    ]
  }
}