{
  "hyperparameters": {
    "signal": "MHc130_MA90",
    "channel": "Run1E2Mu",
    "iteration": 2,
    "model_idx": 0,
    "num_hidden": 128,
    "optimizer": "Adam",
    "initial_lr": 0.001,
    "weight_decay": 1e-05,
    "scheduler": "CyclicLR",
    "pilot_mode": false,
    "num_classes": 4,
    "model_type": "ParticleNet",
    "num_node_features": 9,
    "num_graph_features": 4,
    "dropout_p": 0.4,
    "batch_size": 1024,
    "train_folds": [
      0,
      1,
      2
    ],
    "valid_folds": [
      3
    ]
  },
  "training_summary": {
    "best_epoch": 64,
    "best_train_loss": 0.8025844978727109,
    "best_valid_loss": 0.8384229481009065,
    "best_train_acc": 0.6792491203807277,
    "best_valid_acc": 0.6626536005024233,
    "total_epochs": 72
  },
  "epoch_history": {
    "train_loss": [
      1.1198571955661394,
      0.9808835652809955,
      0.9360758091037993,
      0.915961430618729,
      0.8965844071944964,
      0.8830588354588516,
      0.8754048353893169,
      0.868313184213424,
      0.8662752451542984,
      0.8624211165386596,
      0.856918302779351,
      0.8589912852896885,
      0.853699998150164,
      0.8499963816973053,
      0.8450886370640196,
      0.8377589809913715,
      0.8370706906227795,
      0.8343323198924524,
      0.8427042360722214,
      0.8388164248178754,
      0.8355627702831211,
      0.8339387189180866,
      0.8288770889207436,
      0.8255626450138907,
      0.8240635155850787,
      0.8251858955533347,
      0.8274846807083136,
      0.8306653223299758,
      0.8280071555301355,
      0.825822306194281,
      0.8216612067817369,
      0.8189736739118306,
      0.817066986010125,
      0.8183839408466268,
      0.8210734062099396,
      0.8215593056191064,
      0.82231673209027,
      0.8199487307977036,
      0.8193262676315123,
      0.814321613286553,
      0.8116974178286978,
      0.8145582847732538,
      0.8155101953090739,
      0.8200137306198948,
      0.8193428141185011,
      0.8171419915127108,
      0.8128617134909639,
      0.8095138260263509,
      0.808487103884331,
      0.8094138329493953,
      0.8158989271504415,
      0.820591954407745,
      0.8175231612398552,
      0.8150944566927432,
      0.8113409803179825,
      0.8072810755627673,
      0.8053138881404748,
      0.8056488429370949,
      0.8120023821797175,
      0.8167317939635254,
      0.8136630225500157,
      0.8115961942638011,
      0.8070189509238267,
      0.8049740090025224,
      0.8025844978727109,
      0.8051585743112045,
      0.8073259270429519,
      0.8131533770091935,
      0.8110668430407116,
      0.8088747542754327,
      0.8043688245552707,
      0.8028707642875171
    ],
    "valid_loss": [
      1.1671507135730188,
      1.0227883320135218,
      0.9739202153205114,
      0.9512058370204428,
      0.9330370120410268,
      0.9198099492481657,
      0.914349869189736,
      0.9048249794275123,
      0.9033040297803944,
      0.8987301394576982,
      0.8928022979849516,
      0.8942968152891008,
      0.8891767072925661,
      0.8842153672936605,
      0.883287427300823,
      0.8715476425164932,
      0.8714889835734159,
      0.8709560204029134,
      0.8773022265517382,
      0.8737751432934292,
      0.8724185512234578,
      0.8686694914676134,
      0.8629927825665559,
      0.860494427480326,
      0.858733563114027,
      0.8603727846041325,
      0.861701317035552,
      0.8651790549058382,
      0.8637879728484127,
      0.8612163269004637,
      0.8583671908934537,
      0.8549603239155437,
      0.8519343854980093,
      0.85305167796653,
      0.8560014708842713,
      0.8575829573735694,
      0.8576111019931127,
      0.8553525285494473,
      0.8540474284511835,
      0.8491218636416215,
      0.8470160220138347,
      0.84889656854596,
      0.8515448080424194,
      0.8544064008163081,
      0.8539062598360977,
      0.8523284253597095,
      0.8497878755838708,
      0.8455474712844963,
      0.8442354457778516,
      0.8455793279460756,
      0.8500745519073096,
      0.853557486274825,
      0.8515632912272747,
      0.8481287869844218,
      0.846415126123537,
      0.8423096550041945,
      0.8409455115594746,
      0.8413852805967905,
      0.846389492601889,
      0.852605497022995,
      0.8480089453436284,
      0.8467847211126075,
      0.8439965034581868,
      0.840858608912634,
      0.8384229481009065,
      0.8407005019586332,
      0.8441321016596807,
      0.8482610347651205,
      0.8487931112403407,
      0.8432759362506999,
      0.8395371233943323,
      0.8389307775103156
    ],
    "train_acc": [
      0.5221216620228193,
      0.5721755577701397,
      0.6062275010677459,
      0.6202648009924953,
      0.6331489353047652,
      0.6414387113831886,
      0.6455368219813297,
      0.647328601354512,
      0.6491590229616222,
      0.6514694217901523,
      0.6537208403668978,
      0.6518599117330025,
      0.6536516911061848,
      0.6579755537025361,
      0.6603245947649942,
      0.6636844353149342,
      0.6641766153470683,
      0.6655657019666863,
      0.6602859525310664,
      0.6628688807988773,
      0.6653297809595476,
      0.6656145132095426,
      0.6679432162541439,
      0.6700766743273201,
      0.6699404096076796,
      0.6701153165612479,
      0.6698692265451809,
      0.668270658341638,
      0.6672923996827269,
      0.6693038296487624,
      0.6704691980719559,
      0.6723138562915658,
      0.6730683967540524,
      0.6728060363236998,
      0.6707640993308792,
      0.6708556204112347,
      0.6710101893469462,
      0.6716162622790783,
      0.6709939189326608,
      0.6737537879558259,
      0.6757143728772194,
      0.6745835790843825,
      0.6740730948361773,
      0.6716569383147918,
      0.6724826618397771,
      0.6717281213772905,
      0.6745408692468832,
      0.6760499501718562,
      0.6771421017307653,
      0.6763997640789928,
      0.6728507799629848,
      0.6721491183469259,
      0.6731253432040514,
      0.6745571396611686,
      0.6755577701397222,
      0.6777156338343265,
      0.6782179828753889,
      0.6784010250361,
      0.6755414997254368,
      0.673070430555838,
      0.6746852691736663,
      0.6751977872236572,
      0.6771604059468365,
      0.678053244930749,
      0.6792491203807277,
      0.6782749293253879,
      0.6772478594236205,
      0.6753767617807969,
      0.6760763895950701,
      0.6765767048343468,
      0.6786694868718095,
      0.6797636722325042
    ],