2025-09-24 15:40:58,357 - INFO - [2016preVFP] MISSING_CENTRAL: ZG3Mu/Central/jets/4/pt in Skim_TriLep_DoubleMuon_C.root
2025-09-24 15:40:58,358 - INFO - [2016preVFP] MISSING_CENTRAL: ZG3Mu/Central/jets/4/pt in Skim_TriLep_DoubleMuon_D.root
2025-09-24 15:40:58,358 - INFO - [2016preVFP] MISSING_CENTRAL: ZG3Mu/Central/jets/4/pt in Skim_TriLep_DoubleMuon_E.root
2025-09-24 15:40:58,358 - INFO - [2016preVFP] MISSING_CENTRAL: ZG3Mu/Central/jets/4/pt in Skim_TriLep_DoubleMuon_F.root
2025-09-24 15:40:58,371 - INFO - [2016preVFP] MISSING_CENTRAL: ZG3Mu/Central/jets/4/pt in Skim_TriLep_DoubleMuon_C.root
2025-09-24 15:40:58,372 - INFO - [2016preVFP] MISSING_CENTRAL: ZG3Mu/Central/jets/4/pt in Skim_TriLep_DoubleMuon_E.root
2025-09-24 15:40:58,372 - INFO - [2016preVFP] MISSING_CENTRAL: ZG3Mu/Central/jets/4/pt in Skim_TriLep_DoubleMuon_F.root
2025-09-24 15:40:58,373 - INFO - [2016preVFP] MISSING_CENTRAL: ZG3Mu/Central/jets/4/pt in Skim_TriLep_DYJets.root
2025-09-24 15:40:58,373 - INFO - [2016preVFP] MISSING_CENTRAL: ZG3Mu/Central/jets/4/pt in Skim_TriLep_DYJets10to50.root
2025-09-24 15:40:58,385 - INFO - [2016preVFP] MISSING_CENTRAL: ZG3Mu/Central/jets/4/pt in Skim_TriLep_TTG.root
2025-09-24 15:40:58,385 - INFO - [2016preVFP] MISSING_CENTRAL: ZG3Mu/Central/jets/4/pt in Skim_TriLep_WWG.root
2025-09-24 15:40:58,386 - INFO - [2016preVFP] MISSING_CENTRAL: ZG3Mu/Central/jets/4/pt in Skim_TriLep_TTWToLNu.root
2025-09-24 15:40:58,464 - INFO - [2016preVFP] MISSING_FILE: /Users/choij/Sync/workspace/ChargedHiggsAnalysisV3/SKNanoOutput/CRPromptSelector/Run3Mu_RunSyst/2016preVFP/Skim_TriLep_WZTo3LNu_amcatnlo.root
2025-09-24 15:40:58,500 - INFO - [2016preVFP] MISSING_CENTRAL: ZG3Mu/Central/jets/4/pt in Skim_TriLep_WWW.root
2025-09-24 15:40:58,501 - INFO - [2016preVFP] MISSING_CENTRAL: ZG3Mu/Central/jets/4/pt in Skim_TriLep_WWZ.root
2025-09-24 15:40:58,514 - INFO - [2016preVFP] MISSING_CENTRAL: ZG3Mu/Central/jets/4/pt in Skim_TriLep_ZZZ.root
2025-09-24 15:41:08,014 - INFO - [2016preVFP] MISSING_CENTRAL: ZG3Mu/Central/jets/4/pt in Skim_TriLep_DoubleMuon_C.root
2025-09-24 15:41:08,014 - INFO - [2016preVFP] MISSING_CENTRAL: ZG3Mu/Central/jets/4/pt in Skim_TriLep_DoubleMuon_D.root
2025-09-24 15:41:08,014 - INFO - [2016preVFP] MISSING_CENTRAL: ZG3Mu/Central/jets/4/pt in Skim_TriLep_DoubleMuon_E.root
2025-09-24 15:41:08,015 - INFO - [2016preVFP] MISSING_CENTRAL: ZG3Mu/Central/jets/4/pt in Skim_TriLep_DoubleMuon_F.root
2025-09-24 15:41:08,143 - INFO - [2016preVFP] MISSING_CENTRAL: ZG3Mu/Central/jets/4/pt in Skim_TriLep_DoubleMuon_C.root
2025-09-24 15:41:08,144 - INFO - [2016preVFP] MISSING_CENTRAL: ZG3Mu/Central/jets/4/pt in Skim_TriLep_DoubleMuon_E.root
2025-09-24 15:41:08,144 - INFO - [2016preVFP] MISSING_CENTRAL: ZG3Mu/Central/jets/4/pt in Skim_TriLep_DoubleMuon_F.root
2025-09-24 15:41:08,144 - INFO - [2016preVFP] MISSING_CENTRAL: ZG3Mu/Central/jets/4/pt in Skim_TriLep_DYJets.root
2025-09-24 15:41:08,144 - INFO - [2016preVFP] MISSING_CENTRAL: ZG3Mu/Central/jets/4/pt in Skim_TriLep_DYJets10to50.root
2025-09-24 15:41:08,145 - INFO - [2016preVFP] MISSING_CENTRAL: ZG3Mu/Central/jets/4/pt in Skim_TriLep_TTG.root
2025-09-24 15:41:08,145 - INFO - [2016preVFP] MISSING_CENTRAL: ZG3Mu/Central/jets/4/pt in Skim_TriLep_WWG.root
2025-09-24 15:41:08,145 - INFO - [2016preVFP] MISSING_CENTRAL: ZG3Mu/Central/jets/4/pt in Skim_TriLep_TTWToLNu.root
2025-09-24 15:41:08,146 - INFO - [2016preVFP] MISSING_FILE: /Users/choij/Sync/workspace/ChargedHiggsAnalysisV3/SKNanoOutput/CRPromptSelector/Run3Mu_RunSyst/2016preVFP/Skim_TriLep_WZTo3LNu_amcatnlo.root
2025-09-24 15:41:08,149 - INFO - [2016preVFP] MISSING_CENTRAL: ZG3Mu/Central/jets/4/pt in Skim_TriLep_WWW.root
2025-09-24 15:41:08,149 - INFO - [2016preVFP] MISSING_CENTRAL: ZG3Mu/Central/jets/4/pt in Skim_TriLep_WWZ.root
2025-09-24 15:41:08,150 - INFO - [2016preVFP] MISSING_CENTRAL: ZG3Mu/Central/jets/4/pt in Skim_TriLep_ZZZ.root
2025-10-02 21:07:15,916 - INFO - [2016preVFP] MISSING_CENTRAL: ZG3Mu/Central/jets/4/pt in Skim_TriLep_DoubleMuon_C.root
2025-10-02 21:07:15,918 - INFO - [2016preVFP] MISSING_CENTRAL: ZG3Mu/Central/jets/4/pt in Skim_TriLep_DoubleMuon_D.root
2025-10-02 21:07:15,928 - INFO - [2016preVFP] MISSING_CENTRAL: ZG3Mu/Central/jets/4/pt in Skim_TriLep_DoubleMuon_E.root
2025-10-02 21:07:15,929 - INFO - [2016preVFP] MISSING_CENTRAL: ZG3Mu/Central/jets/4/pt in Skim_TriLep_DoubleMuon_F.root
2025-10-02 21:07:15,977 - INFO - [2016preVFP] MISSING_CENTRAL: ZG3Mu/Central/jets/4/pt in Skim_TriLep_DoubleMuon_C.root
2025-10-02 21:07:15,985 - INFO - [2016preVFP] MISSING_CENTRAL: ZG3Mu/Central/jets/4/pt in Skim_TriLep_DoubleMuon_E.root
2025-10-02 21:07:15,989 - INFO - [2016preVFP] MISSING_CENTRAL: ZG3Mu/Central/jets/4/pt in Skim_TriLep_DoubleMuon_F.root
2025-10-02 21:07:15,998 - INFO - [2016preVFP] MISSING_CENTRAL: ZG3Mu/Central/jets/4/pt in Skim_TriLep_DYJets.root
2025-10-02 21:07:16,009 - INFO - [2016preVFP] MISSING_CENTRAL: ZG3Mu/Central/jets/4/pt in Skim_TriLep_DYJets10to50.root
2025-10-02 21:07:16,069 - INFO - [2016preVFP] MISSING_CENTRAL: ZG3Mu/Central/jets/4/pt in Skim_TriLep_TTG.root
2025-10-02 21:07:16,082 - INFO - [2016preVFP] MISSING_CENTRAL: ZG3Mu/Central/jets/4/pt in Skim_TriLep_WWG.root
2025-10-02 21:07:16,117 - INFO - [2016preVFP] MISSING_CENTRAL: ZG3Mu/Central/jets/4/pt in Skim_TriLep_TTWToLNu.root
2025-10-02 21:07:16,377 - INFO - [2016preVFP] MISSING_FILE: /data9/Users/choij/Sync/workspace/ChargedHiggsAnalysisV3/SKNanoOutput/CRPromptSelector/Run3Mu_RunSyst/2016preVFP/Skim_TriLep_WZTo3LNu_amcatnlo.root
2025-10-02 21:07:16,742 - INFO - [2016preVFP] MISSING_CENTRAL: ZG3Mu/Central/jets/4/pt in Skim_TriLep_WWW.root
2025-10-02 21:07:16,791 - INFO - [2016preVFP] MISSING_CENTRAL: ZG3Mu/Central/jets/4/pt in Skim_TriLep_WWZ.root
2025-10-02 21:07:16,965 - INFO - [2016preVFP] MISSING_CENTRAL: ZG3Mu/Central/jets/4/pt in Skim_TriLep_ZZZ.root
2025-10-02 21:07:21,970 - INFO - [2016preVFP] MISSING_CENTRAL: ZG3Mu/Central/jets/4/pt in Skim_TriLep_DoubleMuon_C.root
2025-10-02 21:07:21,973 - INFO - [2016preVFP] MISSING_CENTRAL: ZG3Mu/Central/jets/4/pt in Skim_TriLep_DoubleMuon_D.root
2025-10-02 21:07:21,974 - INFO - [2016preVFP] MISSING_CENTRAL: ZG3Mu/Central/jets/4/pt in Skim_TriLep_DoubleMuon_E.root
2025-10-02 21:07:21,975 - INFO - [2016preVFP] MISSING_CENTRAL: ZG3Mu/Central/jets/4/pt in Skim_TriLep_DoubleMuon_F.root
2025-10-02 21:07:22,056 - INFO - [2016preVFP] MISSING_CENTRAL: ZG3Mu/Central/jets/4/pt in Skim_TriLep_DoubleMuon_C.root
2025-10-02 21:07:22,067 - INFO - [2016preVFP] MISSING_CENTRAL: ZG3Mu/Central/jets/4/pt in Skim_TriLep_DoubleMuon_E.root
2025-10-02 21:07:22,071 - INFO - [2016preVFP] MISSING_CENTRAL: ZG3Mu/Central/jets/4/pt in Skim_TriLep_DoubleMuon_F.root
2025-10-02 21:07:22,079 - INFO - [2016preVFP] MISSING_CENTRAL: ZG3Mu/Central/jets/4/pt in Skim_TriLep_DYJets.root
2025-10-02 21:07:22,086 - INFO - [2016preVFP] MISSING_CENTRAL: ZG3Mu/Central/jets/4/pt in Skim_TriLep_DYJets10to50.root
2025-10-02 21:07:22,099 - INFO - [2016preVFP] MISSING_CENTRAL: ZG3Mu/Central/jets/4/pt in Skim_TriLep_TTG.root
2025-10-02 21:07:22,101 - INFO - [2016preVFP] MISSING_CENTRAL: ZG3Mu/Central/jets/4/pt in Skim_TriLep_WWG.root
2025-10-02 21:07:22,109 - INFO - [2016preVFP] MISSING_CENTRAL: ZG3Mu/Central/jets/4/pt in Skim_TriLep_TTWToLNu.root
2025-10-02 21:07:22,116 - INFO - [2016preVFP] MISSING_FILE: /data9/Users/choij/Sync/workspace/ChargedHiggsAnalysisV3/SKNanoOutput/CRPromptSelector/Run3Mu_RunSyst/2016preVFP/Skim_TriLep_WZTo3LNu_amcatnlo.root
2025-10-02 21:07:22,151 - INFO - [2016preVFP] MISSING_CENTRAL: ZG3Mu/Central/jets/4/pt in Skim_TriLep_WWW.root
2025-10-02 21:07:22,152 - INFO - [2016preVFP] MISSING_CENTRAL: ZG3Mu/Central/jets/4/pt in Skim_TriLep_WWZ.root
2025-10-02 21:07:22,164 - INFO - [2016preVFP] MISSING_CENTRAL: ZG3Mu/Central/jets/4/pt in Skim_TriLep_ZZZ.root
2025-10-02 21:09:05,880 - INFO - [2016preVFP] MISSING_CENTRAL: ZG3Mu/Central/jets/4/pt in Skim_TriLep_DoubleMuon_C.root
2025-10-02 21:09:05,882 - INFO - [2016preVFP] MISSING_CENTRAL: ZG3Mu/Central/jets/4/pt in Skim_TriLep_DoubleMuon_D.root
2025-10-02 21:09:05,893 - INFO - [2016preVFP] MISSING_CENTRAL: ZG3Mu/Central/jets/4/pt in Skim_TriLep_DoubleMuon_E.root
2025-10-02 21:09:05,894 - INFO - [2016preVFP] MISSING_CENTRAL: ZG3Mu/Central/jets/4/pt in Skim_TriLep_DoubleMuon_F.root
2025-10-02 21:09:05,944 - INFO - [2016preVFP] MISSING_CENTRAL: ZG3Mu/Central/jets/4/pt in Skim_TriLep_DoubleMuon_C.root
2025-10-02 21:09:05,949 - INFO - [2016preVFP] MISSING_CENTRAL: ZG3Mu/Central/jets/4/pt in Skim_TriLep_DoubleMuon_E.root
2025-10-02 21:09:05,952 - INFO - [2016preVFP] MISSING_CENTRAL: ZG3Mu/Central/jets/4/pt in Skim_TriLep_DoubleMuon_F.root
2025-10-02 21:09:05,954 - INFO - [2016preVFP] MISSING_CENTRAL: ZG3Mu/Central/jets/4/pt in Skim_TriLep_DYJets.root
2025-10-02 21:09:05,966 - INFO - [2016preVFP] MISSING_CENTRAL: ZG3Mu/Central/jets/4/pt in Skim_TriLep_DYJets10to50.root
2025-10-02 21:09:05,995 - INFO - [2016preVFP] MISSING_CENTRAL: ZG3Mu/Central/jets/4/pt in Skim_TriLep_TTG.root
2025-10-02 21:09:05,996 - INFO - [2016preVFP] MISSING_CENTRAL: ZG3Mu/Central/jets/4/pt in Skim_TriLep_WWG.root
2025-10-02 21:09:05,998 - INFO - [2016preVFP] MISSING_CENTRAL: ZG3Mu/Central/jets/4/pt in Skim_TriLep_TTWToLNu.root
2025-10-02 21:09:06,035 - INFO - [2016preVFP] MISSING_FILE: /data9/Users/choij/Sync/workspace/ChargedHiggsAnalysisV3/SKNanoOutput/CRPromptSelector/Run3Mu_RunSyst/2016preVFP/Skim_TriLep_WZTo3LNu_amcatnlo.root
2025-10-02 21:09:06,095 - INFO - [2016preVFP] MISSING_CENTRAL: ZG3Mu/Central/jets/4/pt in Skim_TriLep_WWW.root
2025-10-02 21:09:06,096 - INFO - [2016preVFP] MISSING_CENTRAL: ZG3Mu/Central/jets/4/pt in Skim_TriLep_WWZ.root
2025-10-02 21:09:06,116 - INFO - [2016preVFP] MISSING_CENTRAL: ZG3Mu/Central/jets/4/pt in Skim_TriLep_ZZZ.root
2025-10-02 21:09:11,494 - INFO - [2016preVFP] MISSING_CENTRAL: ZG3Mu/Central/jets/4/pt in Skim_TriLep_DoubleMuon_C.root
2025-10-02 21:09:11,496 - INFO - [2016preVFP] MISSING_CENTRAL: ZG3Mu/Central/jets/4/pt in Skim_TriLep_DoubleMuon_D.root
2025-10-02 21:09:11,499 - INFO - [2016preVFP] MISSING_CENTRAL: ZG3Mu/Central/jets/4/pt in Skim_TriLep_DoubleMuon_E.root
2025-10-02 21:09:11,500 - INFO - [2016preVFP] MISSING_CENTRAL: ZG3Mu/Central/jets/4/pt in Skim_TriLep_DoubleMuon_F.root
2025-10-02 21:09:11,539 - INFO - [2016preVFP] MISSING_CENTRAL: ZG3Mu/Central/jets/4/pt in Skim_TriLep_DoubleMuon_C.root
2025-10-02 21:09:11,542 - INFO - [2016preVFP] MISSING_CENTRAL: ZG3Mu/Central/jets/4/pt in Skim_TriLep_DoubleMuon_E.root
2025-10-02 21:09:11,544 - INFO - [2016preVFP] MISSING_CENTRAL: ZG3Mu/Central/jets/4/pt in Skim_TriLep_DoubleMuon_F.root
2025-10-02 21:09:11,545 - INFO - [2016preVFP] MISSING_CENTRAL: ZG3Mu/Central/jets/4/pt in Skim_TriLep_DYJets.root
2025-10-02 21:09:11,547 - INFO - [2016preVFP] MISSING_CENTRAL: ZG3Mu/Central/jets/4/pt in Skim_TriLep_DYJets10to50.root
2025-10-02 21:09:11,549 - INFO - [2016preVFP] MISSING_CENTRAL: ZG3Mu/Central/jets/4/pt in Skim_TriLep_TTG.root
2025-10-02 21:09:11,551 - INFO - [2016preVFP] MISSING_CENTRAL: ZG3Mu/Central/jets/4/pt in Skim_TriLep_WWG.root
2025-10-02 21:09:11,552 - INFO - [2016preVFP] MISSING_CENTRAL: ZG3Mu/Central/jets/4/pt in Skim_TriLep_TTWToLNu.root
2025-10-02 21:09:11,554 - INFO - [2016preVFP] MISSING_FILE: /data9/Users/choij/Sync/workspace/ChargedHiggsAnalysisV3/SKNanoOutput/CRPromptSelector/Run3Mu_RunSyst/2016preVFP/Skim_TriLep_WZTo3LNu_amcatnlo.root
2025-10-02 21:09:11,565 - INFO - [2016preVFP] MISSING_CENTRAL: ZG3Mu/Central/jets/4/pt in Skim_TriLep_WWW.root
2025-10-02 21:09:11,566 - INFO - [2016preVFP] MISSING_CENTRAL: ZG3Mu/Central/jets/4/pt in Skim_TriLep_WWZ.root
2025-10-02 21:09:11,569 - INFO - [2016preVFP] MISSING_CENTRAL: ZG3Mu/Central/jets/4/pt in Skim_TriLep_ZZZ.root
2025-10-02 23:54:22,404 - INFO - [2016preVFP] MISSING_CENTRAL: ZG3Mu/Central/jets/4/pt in Skim_TriLep_DoubleMuon_C.root
2025-10-02 23:54:22,405 - INFO - [2016preVFP] MISSING_CENTRAL: ZG3Mu/Central/jets/4/pt in Skim_TriLep_DoubleMuon_D.root
2025-10-02 23:54:22,405 - INFO - [2016preVFP] MISSING_CENTRAL: ZG3Mu/Central/jets/4/pt in Skim_TriLep_DoubleMuon_E.root
2025-10-02 23:54:22,405 - INFO - [2016preVFP] MISSING_CENTRAL: ZG3Mu/Central/jets/4/pt in Skim_TriLep_DoubleMuon_F.root
2025-10-02 23:54:22,498 - INFO - [2016preVFP] MISSING_CENTRAL: ZG3Mu/Central/jets/4/pt in Skim_TriLep_DoubleMuon_C.root
2025-10-02 23:54:22,510 - INFO - [2016preVFP] MISSING_CENTRAL: ZG3Mu/Central/jets/4/pt in Skim_TriLep_DoubleMuon_E.root
2025-10-02 23:54:22,517 - INFO - [2016preVFP] MISSING_CENTRAL: ZG3Mu/Central/jets/4/pt in Skim_TriLep_DoubleMuon_F.root
2025-10-02 23:54:22,518 - INFO - [2016preVFP] MISSING_CENTRAL: ZG3Mu/Central/jets/4/pt in Skim_TriLep_DYJets.root
2025-10-02 23:54:22,526 - INFO - [2016preVFP] MISSING_CENTRAL: ZG3Mu/Central/jets/4/pt in Skim_TriLep_DYJets10to50.root
2025-10-02 23:54:22,556 - INFO - [2016preVFP] MISSING_CENTRAL: ZG3Mu/Central/jets/4/pt in Skim_TriLep_TTG.root
2025-10-02 23:54:22,556 - INFO - [2016preVFP] MISSING_CENTRAL: ZG3Mu/Central/jets/4/pt in Skim_TriLep_WWG.root
2025-10-02 23:54:22,556 - INFO - [2016preVFP] MISSING_CENTRAL: ZG3Mu/Central/jets/4/pt in Skim_TriLep_TTWToLNu.root
2025-10-02 23:54:22,596 - INFO - [2016preVFP] MISSING_FILE: /Users/choij/Sync/workspace/ChargedHiggsAnalysisV3/SKNanoOutput/CRPromptSelector/Run3Mu_RunSyst/2016preVFP/Skim_TriLep_WZTo3LNu_amcatnlo.root
2025-10-02 23:54:22,648 - INFO - [2016preVFP] MISSING_CENTRAL: ZG3Mu/Central/jets/4/pt in Skim_TriLep_WWW.root
2025-10-02 23:54:22,650 - INFO - [2016preVFP] MISSING_CENTRAL: ZG3Mu/Central/jets/4/pt in Skim_TriLep_WWZ.root
2025-10-02 23:54:22,679 - INFO - [2016preVFP] MISSING_CENTRAL: ZG3Mu/Central/jets/4/pt in Skim_TriLep_ZZZ.root
2025-10-02 23:54:32,204 - INFO - [2016preVFP] MISSING_CENTRAL: ZG3Mu/Central/jets/4/pt in Skim_TriLep_DoubleMuon_C.root
2025-10-02 23:54:32,205 - INFO - [2016preVFP] MISSING_CENTRAL: ZG3Mu/Central/jets/4/pt in Skim_TriLep_DoubleMuon_D.root
2025-10-02 23:54:32,205 - INFO - [2016preVFP] MISSING_CENTRAL: ZG3Mu/Central/jets/4/pt in Skim_TriLep_DoubleMuon_E.root
2025-10-02 23:54:32,205 - INFO - [2016preVFP] MISSING_CENTRAL: ZG3Mu/Central/jets/4/pt in Skim_TriLep_DoubleMuon_F.root
2025-10-02 23:54:32,217 - INFO - [2016preVFP] MISSING_CENTRAL: ZG3Mu/Central/jets/4/pt in Skim_TriLep_DoubleMuon_C.root
2025-10-02 23:54:32,218 - INFO - [2016preVFP] MISSING_CENTRAL: ZG3Mu/Central/jets/4/pt in Skim_TriLep_DoubleMuon_E.root
2025-10-02 23:54:32,218 - INFO - [2016preVFP] MISSING_CENTRAL: ZG3Mu/Central/jets/4/pt in Skim_TriLep_DoubleMuon_F.root
2025-10-02 23:54:32,219 - INFO - [2016preVFP] MISSING_CENTRAL: ZG3Mu/Central/jets/4/pt in Skim_TriLep_DYJets.root
2025-10-02 23:54:32,219 - INFO - [2016preVFP] MISSING_CENTRAL: ZG3Mu/Central/jets/4/pt in Skim_TriLep_DYJets10to50.root
2025-10-02 23:54:32,219 - INFO - [2016preVFP] MISSING_CENTRAL: ZG3Mu/Central/jets/4/pt in Skim_TriLep_TTG.root
2025-10-02 23:54:32,220 - INFO - [2016preVFP] MISSING_CENTRAL: ZG3Mu/Central/jets/4/pt in Skim_TriLep_WWG.root
2025-10-02 23:54:32,220 - INFO - [2016preVFP] MISSING_CENTRAL: ZG3Mu/Central/jets/4/pt in Skim_TriLep_TTWToLNu.root
2025-10-02 23:54:32,221 - INFO - [2016preVFP] MISSING_FILE: /Users/choij/Sync/workspace/ChargedHiggsAnalysisV3/SKNanoOutput/CRPromptSelector/Run3Mu_RunSyst/2016preVFP/Skim_TriLep_WZTo3LNu_amcatnlo.root
2025-10-02 23:54:32,223 - INFO - [2016preVFP] MISSING_CENTRAL: ZG3Mu/Central/jets/4/pt in Skim_TriLep_WWW.root
2025-10-02 23:54:32,223 - INFO - [2016preVFP] MISSING_CENTRAL: ZG3Mu/Central/jets/4/pt in Skim_TriLep_WWZ.root
2025-10-02 23:54:32,224 - INFO - [2016preVFP] MISSING_CENTRAL: ZG3Mu/Central/jets/4/pt in Skim_TriLep_ZZZ.root
2025-11-07 13:24:43,449 - INFO - [2016preVFP] MISSING_CENTRAL: ZG3Mu/Central/jets/4/pt in Skim_TriLep_DoubleMuon_C.root
2025-11-07 13:24:43,450 - INFO - [2016preVFP] MISSING_CENTRAL: ZG3Mu/Central/jets/4/pt in Skim_TriLep_DoubleMuon_D.root
2025-11-07 13:24:43,450 - INFO - [2016preVFP] MISSING_CENTRAL: ZG3Mu/Central/jets/4/pt in Skim_TriLep_DoubleMuon_E.root
2025-11-07 13:24:43,451 - INFO - [2016preVFP] MISSING_CENTRAL: ZG3Mu/Central/jets/4/pt in Skim_TriLep_DoubleMuon_F.root
2025-11-07 13:24:43,483 - INFO - [2016preVFP] MISSING_CENTRAL: ZG3Mu/Central/jets/4/pt in Skim_TriLep_DoubleMuon_C.root
2025-11-07 13:24:43,484 - INFO - [2016preVFP] MISSING_CENTRAL: ZG3Mu/Central/jets/4/pt in Skim_TriLep_DoubleMuon_E.root
2025-11-07 13:24:43,485 - INFO - [2016preVFP] MISSING_CENTRAL: ZG3Mu/Central/jets/4/pt in Skim_TriLep_DoubleMuon_F.root
2025-11-07 13:24:43,485 - INFO - [2016preVFP] MISSING_CENTRAL: ZG3Mu/Central/jets/4/pt in Skim_TriLep_DYJets.root
2025-11-07 13:24:43,486 - INFO - [2016preVFP] MISSING_CENTRAL: ZG3Mu/Central/jets/4/pt in Skim_TriLep_DYJets10to50.root
2025-11-07 13:24:43,504 - INFO - [2016preVFP] MISSING_CENTRAL: ZG3Mu/Central/jets/4/pt in Skim_TriLep_TTG.root
2025-11-07 13:24:43,504 - INFO - [2016preVFP] MISSING_CENTRAL: ZG3Mu/Central/jets/4/pt in Skim_TriLep_WWG.root
2025-11-07 13:24:43,505 - INFO - [2016preVFP] MISSING_CENTRAL: ZG3Mu/Central/jets/4/pt in Skim_TriLep_TTWToLNu.root
2025-11-07 13:24:43,523 - INFO - [2016preVFP] MISSING_FILE: /home/choij/Sync/workspace/ChargedHiggsAnalysisV3/SKNanoOutput/CRPromptSelector/Run3Mu_RunSyst/2016preVFP/Skim_TriLep_WZTo3LNu_amcatnlo.root
2025-11-07 13:24:43,553 - INFO - [2016preVFP] MISSING_CENTRAL: ZG3Mu/Central/jets/4/pt in Skim_TriLep_WWW.root
2025-11-07 13:24:43,554 - INFO - [2016preVFP] MISSING_CENTRAL: ZG3Mu/Central/jets/4/pt in Skim_TriLep_WWZ.root
2025-11-07 13:24:43,584 - INFO - [2016preVFP] MISSING_CENTRAL: ZG3Mu/Central/jets/4/pt in Skim_TriLep_ZZZ.root
2025-11-07 13:24:48,584 - INFO - [2016preVFP] MISSING_CENTRAL: ZG3Mu/Central/jets/4/pt in Skim_TriLep_DoubleMuon_C.root
2025-11-07 13:24:48,585 - INFO - [2016preVFP] MISSING_CENTRAL: ZG3Mu/Central/jets/4/pt in Skim_TriLep_DoubleMuon_D.root
2025-11-07 13:24:48,585 - INFO - [2016preVFP] MISSING_CENTRAL: ZG3Mu/Central/jets/4/pt in Skim_TriLep_DoubleMuon_E.root
2025-11-07 13:24:48,586 - INFO - [2016preVFP] MISSING_CENTRAL: ZG3Mu/Central/jets/4/pt in Skim_TriLep_DoubleMuon_F.root
2025-11-07 13:24:48,618 - INFO - [2016preVFP] MISSING_CENTRAL: ZG3Mu/Central/jets/4/pt in Skim_TriLep_DoubleMuon_C.root
2025-11-07 13:24:48,619 - INFO - [2016preVFP] MISSING_CENTRAL: ZG3Mu/Central/jets/4/pt in Skim_TriLep_DoubleMuon_E.root
2025-11-07 13:24:48,620 - INFO - [2016preVFP] MISSING_CENTRAL: ZG3Mu/Central/jets/4/pt in Skim_TriLep_DoubleMuon_F.root
2025-11-07 13:24:48,621 - INFO - [2016preVFP] MISSING_CENTRAL: ZG3Mu/Central/jets/4/pt in Skim_TriLep_DYJets.root
2025-11-07 13:24:48,621 - INFO - [2016preVFP] MISSING_CENTRAL: ZG3Mu/Central/jets/4/pt in Skim_TriLep_DYJets10to50.root
2025-11-07 13:24:48,622 - INFO - [2016preVFP] MISSING_CENTRAL: ZG3Mu/Central/jets/4/pt in Skim_TriLep_TTG.root
2025-11-07 13:24:48,622 - INFO - [2016preVFP] MISSING_CENTRAL: ZG3Mu/Central/jets/4/pt in Skim_TriLep_WWG.root
2025-11-07 13:24:48,623 - INFO - [2016preVFP] MISSING_CENTRAL: ZG3Mu/Central/jets/4/pt in Skim_TriLep_TTWToLNu.root
2025-11-07 13:24:48,624 - INFO - [2016preVFP] MISSING_FILE: /home/choij/Sync/workspace/ChargedHiggsAnalysisV3/SKNanoOutput/CRPromptSelector/Run3Mu_RunSyst/2016preVFP/Skim_TriLep_WZTo3LNu_amcatnlo.root
2025-11-07 13:24:48,630 - INFO - [2016preVFP] MISSING_CENTRAL: ZG3Mu/Central/jets/4/pt in Skim_TriLep_WWW.root
2025-11-07 13:24:48,631 - INFO - [2016preVFP] MISSING_CENTRAL: ZG3Mu/Central/jets/4/pt in Skim_TriLep_WWZ.root
2025-11-07 13:24:48,632 - INFO - [2016preVFP] MISSING_CENTRAL: ZG3Mu/Central/jets/4/pt in Skim_TriLep_ZZZ.root
2025-11-07 13:27:11,576 - INFO - [2016preVFP] MISSING_CENTRAL: ZG3Mu/Central/jets/4/pt in Skim_TriLep_DoubleMuon_C.root
2025-11-07 13:27:11,577 - INFO - [2016preVFP] MISSING_CENTRAL: ZG3Mu/Central/jets/4/pt in Skim_TriLep_DoubleMuon_D.root
2025-11-07 13:27:11,577 - INFO - [2016preVFP] MISSING_CENTRAL: ZG3Mu/Central/jets/4/pt in Skim_TriLep_DoubleMuon_E.root
2025-11-07 13:27:11,578 - INFO - [2016preVFP] MISSING_CENTRAL: ZG3Mu/Central/jets/4/pt in Skim_TriLep_DoubleMuon_F.root
2025-11-07 13:27:11,611 - INFO - [2016preVFP] MISSING_CENTRAL: ZG3Mu/Central/jets/4/pt in Skim_TriLep_DoubleMuon_C.root
2025-11-07 13:27:11,612 - INFO - [2016preVFP] MISSING_CENTRAL: ZG3Mu/Central/jets/4/pt in Skim_TriLep_DoubleMuon_E.root
2025-11-07 13:27:11,613 - INFO - [2016preVFP] MISSING_CENTRAL: ZG3Mu/Central/jets/4/pt in Skim_TriLep_DoubleMuon_F.root
2025-11-07 13:27:11,613 - INFO - [2016preVFP] MISSING_CENTRAL: ZG3Mu/Central/jets/4/pt in Skim_TriLep_DYJets.root
2025-11-07 13:27:11,614 - INFO - [2016preVFP] MISSING_CENTRAL: ZG3Mu/Central/jets/4/pt in Skim_TriLep_DYJets10to50.root
2025-11-07 13:27:11,633 - INFO - [2016preVFP] MISSING_CENTRAL: ZG3Mu/Central/jets/4/pt in Skim_TriLep_TTG.root
2025-11-07 13:27:11,634 - INFO - [2016preVFP] MISSING_CENTRAL: ZG3Mu/Central/jets/4/pt in Skim_TriLep_WWG.root
2025-11-07 13:27:11,635 - INFO - [2016preVFP] MISSING_CENTRAL: ZG3Mu/Central/jets/4/pt in Skim_TriLep_TTWToLNu.root
2025-11-07 13:27:11,658 - INFO - [2016preVFP] MISSING_FILE: /home/choij/Sync/workspace/ChargedHiggsAnalysisV3/SKNanoOutput/CRPromptSelector/Run3Mu_RunSyst/2016preVFP/Skim_TriLep_WZTo3LNu_amcatnlo.root
2025-11-07 13:27:11,693 - INFO - [2016preVFP] MISSING_CENTRAL: ZG3Mu/Central/jets/4/pt in Skim_TriLep_WWW.root
2025-11-07 13:27:11,694 - INFO - [2016preVFP] MISSING_CENTRAL: ZG3Mu/Central/jets/4/pt in Skim_TriLep_WWZ.root
2025-11-07 13:27:11,706 - INFO - [2016preVFP] MISSING_CENTRAL: ZG3Mu/Central/jets/4/pt in Skim_TriLep_ZZZ.root
2025-11-07 13:27:16,695 - INFO - [2016preVFP] MISSING_CENTRAL: ZG3Mu/Central/jets/4/pt in Skim_TriLep_DoubleMuon_C.root
2025-11-07 13:27:16,695 - INFO - [2016preVFP] MISSING_CENTRAL: ZG3Mu/Central/jets/4/pt in Skim_TriLep_DoubleMuon_D.root
2025-11-07 13:27:16,696 - INFO - [2016preVFP] MISSING_CENTRAL: ZG3Mu/Central/jets/4/pt in Skim_TriLep_DoubleMuon_E.root
2025-11-07 13:27:16,697 - INFO - [2016preVFP] MISSING_CENTRAL: ZG3Mu/Central/jets/4/pt in Skim_TriLep_DoubleMuon_F.root
2025-11-07 13:27:16,730 - INFO - [2016preVFP] MISSING_CENTRAL: ZG3Mu/Central/jets/4/pt in Skim_TriLep_DoubleMuon_C.root
2025-11-07 13:27:16,731 - INFO - [2016preVFP] MISSING_CENTRAL: ZG3Mu/Central/jets/4/pt in Skim_TriLep_DoubleMuon_E.root
2025-11-07 13:27:16,731 - INFO - [2016preVFP] MISSING_CENTRAL: ZG3Mu/Central/jets/4/pt in Skim_TriLep_DoubleMuon_F.root
2025-11-07 13:27:16,732 - INFO - [2016preVFP] MISSING_CENTRAL: ZG3Mu/Central/jets/4/pt in Skim_TriLep_DYJets.root
2025-11-07 13:27:16,733 - INFO - [2016preVFP] MISSING_CENTRAL: ZG3Mu/Central/jets/4/pt in Skim_TriLep_DYJets10to50.root
2025-11-07 13:27:16,734 - INFO - [2016preVFP] MISSING_CENTRAL: ZG3Mu/Central/jets/4/pt in Skim_TriLep_TTG.root
2025-11-07 13:27:16,734 - INFO - [2016preVFP] MISSING_CENTRAL: ZG3Mu/Central/jets/4/pt in Skim_TriLep_WWG.root
2025-11-07 13:27:16,735 - INFO - [2016preVFP] MISSING_CENTRAL: ZG3Mu/Central/jets/4/pt in Skim_TriLep_TTWToLNu.root
2025-11-07 13:27:16,736 - INFO - [2016preVFP] MISSING_FILE: /home/choij/Sync/workspace/ChargedHiggsAnalysisV3/SKNanoOutput/CRPromptSelector/Run3Mu_RunSyst/2016preVFP/Skim_TriLep_WZTo3LNu_amcatnlo.root
2025-11-07 13:27:16,742 - INFO - [2016preVFP] MISSING_CENTRAL: ZG3Mu/Central/jets/4/pt in Skim_TriLep_WWW.root
2025-11-07 13:27:16,742 - INFO - [2016preVFP] MISSING_CENTRAL: ZG3Mu/Central/jets/4/pt in Skim_TriLep_WWZ.root
2025-11-07 13:27:16,743 - INFO - [2016preVFP] MISSING_CENTRAL: ZG3Mu/Central/jets/4/pt in Skim_TriLep_ZZZ.root
2025-11-07 13:43:34,715 - INFO - [2016preVFP] MISSING_CENTRAL: ZG3Mu/Central/jets/4/pt in Skim_TriLep_DoubleMuon_C.root
2025-11-07 13:43:34,716 - INFO - [2016preVFP] MISSING_CENTRAL: ZG3Mu/Central/jets/4/pt in Skim_TriLep_DoubleMuon_D.root
2025-11-07 13:43:34,717 - INFO - [2016preVFP] MISSING_CENTRAL: ZG3Mu/Central/jets/4/pt in Skim_TriLep_DoubleMuon_E.root
2025-11-07 13:43:34,717 - INFO - [2016preVFP] MISSING_CENTRAL: ZG3Mu/Central/jets/4/pt in Skim_TriLep_DoubleMuon_F.root
2025-11-07 13:43:34,751 - INFO - [2016preVFP] MISSING_CENTRAL: ZG3Mu/Central/jets/4/pt in Skim_TriLep_DoubleMuon_C.root
2025-11-07 13:43:34,752 - INFO - [2016preVFP] MISSING_CENTRAL: ZG3Mu/Central/jets/4/pt in Skim_TriLep_DoubleMuon_E.root
2025-11-07 13:43:34,753 - INFO - [2016preVFP] MISSING_CENTRAL: ZG3Mu/Central/jets/4/pt in Skim_TriLep_DoubleMuon_F.root
2025-11-07 13:43:34,754 - INFO - [2016preVFP] MISSING_CENTRAL: ZG3Mu/Central/jets/4/pt in Skim_TriLep_DYJets.root
2025-11-07 13:43:34,754 - INFO - [2016preVFP] MISSING_CENTRAL: ZG3Mu/Central/jets/4/pt in Skim_TriLep_DYJets10to50.root
2025-11-07 13:43:34,773 - INFO - [2016preVFP] MISSING_CENTRAL: ZG3Mu/Central/jets/4/pt in Skim_TriLep_TTG.root
2025-11-07 13:43:34,774 - INFO - [2016preVFP] MISSING_CENTRAL: ZG3Mu/Central/jets/4/pt in Skim_TriLep_WWG.root
2025-11-07 13:43:34,775 - INFO - [2016preVFP] MISSING_CENTRAL: ZG3Mu/Central/jets/4/pt in Skim_TriLep_TTWToLNu.root
2025-11-07 13:43:34,797 - INFO - [2016preVFP] MISSING_FILE: /home/choij/Sync/workspace/ChargedHiggsAnalysisV3/SKNanoOutput/CRPromptSelector/Run3Mu_RunSyst/2016preVFP/Skim_TriLep_WZTo3LNu_amcatnlo.root
2025-11-07 13:43:34,832 - INFO - [2016preVFP] MISSING_CENTRAL: ZG3Mu/Central/jets/4/pt in Skim_TriLep_WWW.root
2025-11-07 13:43:34,833 - INFO - [2016preVFP] MISSING_CENTRAL: ZG3Mu/Central/jets/4/pt in Skim_TriLep_WWZ.root
2025-11-07 13:43:34,846 - INFO - [2016preVFP] MISSING_CENTRAL: ZG3Mu/Central/jets/4/pt in Skim_TriLep_ZZZ.root
2025-11-07 13:43:39,710 - INFO - [2016preVFP] MISSING_CENTRAL: ZG3Mu/Central/jets/4/pt in Skim_TriLep_DoubleMuon_C.root
2025-11-07 13:43:39,711 - INFO - [2016preVFP] MISSING_CENTRAL: ZG3Mu/Central/jets/4/pt in Skim_TriLep_DoubleMuon_D.root
2025-11-07 13:43:39,711 - INFO - [2016preVFP] MISSING_CENTRAL: ZG3Mu/Central/jets/4/pt in Skim_TriLep_DoubleMuon_E.root
2025-11-07 13:43:39,712 - INFO - [2016preVFP] MISSING_CENTRAL: ZG3Mu/Central/jets/4/pt in Skim_TriLep_DoubleMuon_F.root
2025-11-07 13:43:39,744 - INFO - [2016preVFP] MISSING_CENTRAL: ZG3Mu/Central/jets/4/pt in Skim_TriLep_DoubleMuon_C.root
2025-11-07 13:43:39,746 - INFO - [2016preVFP] MISSING_CENTRAL: ZG3Mu/Central/jets/4/pt in Skim_TriLep_DoubleMuon_E.root
2025-11-07 13:43:39,746 - INFO - [2016preVFP] MISSING_CENTRAL: ZG3Mu/Central/jets/4/pt in Skim_TriLep_DoubleMuon_F.root
2025-11-07 13:43:39,747 - INFO - [2016preVFP] MISSING_CENTRAL: ZG3Mu/Central/jets/4/pt in Skim_TriLep_DYJets.root
2025-11-07 13:43:39,748 - INFO - [2016preVFP] MISSING_CENTRAL: ZG3Mu/Central/jets/4/pt in Skim_TriLep_DYJets10to50.root
2025-11-07 13:43:39,749 - INFO - [2016preVFP] MISSING_CENTRAL: ZG3Mu/Central/jets/4/pt in Skim_TriLep_TTG.root
2025-11-07 13:43:39,749 - INFO - [2016preVFP] MISSING_CENTRAL: ZG3Mu/Central/jets/4/pt in Skim_TriLep_WWG.root
2025-11-07 13:43:39,750 - INFO - [2016preVFP] MISSING_CENTRAL: ZG3Mu/Central/jets/4/pt in Skim_TriLep_TTWToLNu.root
2025-11-07 13:43:39,751 - INFO - [2016preVFP] MISSING_FILE: /home/choij/Sync/workspace/ChargedHiggsAnalysisV3/SKNanoOutput/CRPromptSelector/Run3Mu_RunSyst/2016preVFP/Skim_TriLep_WZTo3LNu_amcatnlo.root
2025-11-07 13:43:39,757 - INFO - [2016preVFP] MISSING_CENTRAL: ZG3Mu/Central/jets/4/pt in Skim_TriLep_WWW.root
2025-11-07 13:43:39,757 - INFO - [2016preVFP] MISSING_CENTRAL: ZG3Mu/Central/jets/4/pt in Skim_TriLep_WWZ.root
2025-11-07 13:43:39,759 - INFO - [2016preVFP] MISSING_CENTRAL: ZG3Mu/Central/jets/4/pt in Skim_TriLep_ZZZ.root
2025-11-07 13:51:31,743 - INFO - [2016preVFP] MISSING_CENTRAL: ZG3Mu/Central/jets/4/pt in Skim_TriLep_DoubleMuon_C.root
2025-11-07 13:51:31,744 - INFO - [2016preVFP] MISSING_CENTRAL: ZG3Mu/Central/jets/4/pt in Skim_TriLep_DoubleMuon_D.root
2025-11-07 13:51:31,744 - INFO - [2016preVFP] MISSING_CENTRAL: ZG3Mu/Central/jets/4/pt in Skim_TriLep_DoubleMuon_E.root
2025-11-07 13:51:31,745 - INFO - [2016preVFP] MISSING_CENTRAL: ZG3Mu/Central/jets/4/pt in Skim_TriLep_DoubleMuon_F.root
2025-11-07 13:51:31,779 - INFO - [2016preVFP] MISSING_CENTRAL: ZG3Mu/Central/jets/4/pt in Skim_TriLep_DoubleMuon_C.root
2025-11-07 13:51:31,780 - INFO - [2016preVFP] MISSING_CENTRAL: ZG3Mu/Central/jets/4/pt in Skim_TriLep_DoubleMuon_E.root
2025-11-07 13:51:31,781 - INFO - [2016preVFP] MISSING_CENTRAL: ZG3Mu/Central/jets/4/pt in Skim_TriLep_DoubleMuon_F.root
2025-11-07 13:51:31,782 - INFO - [2016preVFP] MISSING_CENTRAL: ZG3Mu/Central/jets/4/pt in Skim_TriLep_DYJets.root
2025-11-07 13:51:31,782 - INFO - [2016preVFP] MISSING_CENTRAL: ZG3Mu/Central/jets/4/pt in Skim_TriLep_DYJets10to50.root
2025-11-07 13:51:31,803 - INFO - [2016preVFP] MISSING_CENTRAL: ZG3Mu/Central/jets/4/pt in Skim_TriLep_TTG.root
2025-11-07 13:51:31,803 - INFO - [2016preVFP] MISSING_CENTRAL: ZG3Mu/Central/jets/4/pt in Skim_TriLep_WWG.root
2025-11-07 13:51:31,804 - INFO - [2016preVFP] MISSING_CENTRAL: ZG3Mu/Central/jets/4/pt in Skim_TriLep_TTWToLNu.root
2025-11-07 13:51:31,825 - INFO - [2016preVFP] MISSING_FILE: /home/choij/Sync/workspace/ChargedHiggsAnalysisV3/SKNanoOutput/CRPromptSelector/Run3Mu_RunSyst/2016preVFP/Skim_TriLep_WZTo3LNu_amcatnlo.root
2025-11-07 13:51:31,860 - INFO - [2016preVFP] MISSING_CENTRAL: ZG3Mu/Central/jets/4/pt in Skim_TriLep_WWW.root
2025-11-07 13:51:31,860 - INFO - [2016preVFP] MISSING_CENTRAL: ZG3Mu/Central/jets/4/pt in Skim_TriLep_WWZ.root
2025-11-07 13:51:31,872 - INFO - [2016preVFP] MISSING_CENTRAL: ZG3Mu/Central/jets/4/pt in Skim_TriLep_ZZZ.root
2025-11-07 13:51:36,723 - INFO - [2016preVFP] MISSING_CENTRAL: ZG3Mu/Central/jets/4/pt in Skim_TriLep_DoubleMuon_C.root
2025-11-07 13:51:36,724 - INFO - [2016preVFP] MISSING_CENTRAL: ZG3Mu/Central/jets/4/pt in Skim_TriLep_DoubleMuon_D.root
2025-11-07 13:51:36,724 - INFO - [2016preVFP] MISSING_CENTRAL: ZG3Mu/Central/jets/4/pt in Skim_TriLep_DoubleMuon_E.root
2025-11-07 13:51:36,725 - INFO - [2016preVFP] MISSING_CENTRAL: ZG3Mu/Central/jets/4/pt in Skim_TriLep_DoubleMuon_F.root
2025-11-07 13:51:36,757 - INFO - [2016preVFP] MISSING_CENTRAL: ZG3Mu/Central/jets/4/pt in Skim_TriLep_DoubleMuon_C.root
2025-11-07 13:51:36,758 - INFO - [2016preVFP] MISSING_CENTRAL: ZG3Mu/Central/jets/4/pt in Skim_TriLep_DoubleMuon_E.root
2025-11-07 13:51:36,758 - INFO - [2016preVFP] MISSING_CENTRAL: ZG3Mu/Central/jets/4/pt in Skim_TriLep_DoubleMuon_F.root
2025-11-07 13:51:36,759 - INFO - [2016preVFP] MISSING_CENTRAL: ZG3Mu/Central/jets/4/pt in Skim_TriLep_DYJets.root
2025-11-07 13:51:36,760 - INFO - [2016preVFP] MISSING_CENTRAL: ZG3Mu/Central/jets/4/pt in Skim_TriLep_DYJets10to50.root
2025-11-07 13:51:36,761 - INFO - [2016preVFP] MISSING_CENTRAL: ZG3Mu/Central/jets/4/pt in Skim_TriLep_TTG.root
2025-11-07 13:51:36,761 - INFO - [2016preVFP] MISSING_CENTRAL: ZG3Mu/Central/jets/4/pt in Skim_TriLep_WWG.root
2025-11-07 13:51:36,762 - INFO - [2016preVFP] MISSING_CENTRAL: ZG3Mu/Central/jets/4/pt in Skim_TriLep_TTWToLNu.root
2025-11-07 13:51:36,763 - INFO - [2016preVFP] MISSING_FILE: /home/choij/Sync/workspace/ChargedHiggsAnalysisV3/SKNanoOutput/CRPromptSelector/Run3Mu_RunSyst/2016preVFP/Skim_TriLep_WZTo3LNu_amcatnlo.root
2025-11-07 13:51:36,768 - INFO - [2016preVFP] MISSING_CENTRAL: ZG3Mu/Central/jets/4/pt in Skim_TriLep_WWW.root
2025-11-07 13:51:36,769 - INFO - [2016preVFP] MISSING_CENTRAL: ZG3Mu/Central/jets/4/pt in Skim_TriLep_WWZ.root
2025-11-07 13:51:36,770 - INFO - [2016preVFP] MISSING_CENTRAL: ZG3Mu/Central/jets/4/pt in Skim_TriLep_ZZZ.root
2025-11-07 13:59:57,326 - INFO - [2016preVFP] MISSING_CENTRAL: ZG3Mu/Central/jets/4/pt in Skim_TriLep_DoubleMuon_C.root
2025-11-07 13:59:57,327 - INFO - [2016preVFP] MISSING_CENTRAL: ZG3Mu/Central/jets/4/pt in Skim_TriLep_DoubleMuon_D.root
2025-11-07 13:59:57,327 - INFO - [2016preVFP] MISSING_CENTRAL: ZG3Mu/Central/jets/4/pt in Skim_TriLep_DoubleMuon_E.root
2025-11-07 13:59:57,328 - INFO - [2016preVFP] MISSING_CENTRAL: ZG3Mu/Central/jets/4/pt in Skim_TriLep_DoubleMuon_F.root
2025-11-07 13:59:57,358 - INFO - [2016preVFP] MISSING_CENTRAL: ZG3Mu/Central/jets/4/pt in Skim_TriLep_DoubleMuon_C.root
2025-11-07 13:59:57,359 - INFO - [2016preVFP] MISSING_CENTRAL: ZG3Mu/Central/jets/4/pt in Skim_TriLep_DoubleMuon_E.root
2025-11-07 13:59:57,360 - INFO - [2016preVFP] MISSING_CENTRAL: ZG3Mu/Central/jets/4/pt in Skim_TriLep_DoubleMuon_F.root
2025-11-07 13:59:57,360 - INFO - [2016preVFP] MISSING_CENTRAL: ZG3Mu/Central/jets/4/pt in Skim_TriLep_DYJets.root
2025-11-07 13:59:57,361 - INFO - [2016preVFP] MISSING_CENTRAL: ZG3Mu/Central/jets/4/pt in Skim_TriLep_DYJets10to50.root
2025-11-07 13:59:57,380 - INFO - [2016preVFP] MISSING_CENTRAL: ZG3Mu/Central/jets/4/pt in Skim_TriLep_TTG.root
2025-11-07 13:59:57,380 - INFO - [2016preVFP] MISSING_CENTRAL: ZG3Mu/Central/jets/4/pt in Skim_TriLep_WWG.root
2025-11-07 13:59:57,381 - INFO - [2016preVFP] MISSING_CENTRAL: ZG3Mu/Central/jets/4/pt in Skim_TriLep_TTWToLNu.root
2025-11-07 13:59:57,403 - INFO - [2016preVFP] MISSING_FILE: /home/choij/Sync/workspace/ChargedHiggsAnalysisV3/SKNanoOutput/CRPromptSelector/Run3Mu_RunSyst/2016preVFP/Skim_TriLep_WZTo3LNu_amcatnlo.root
2025-11-07 13:59:57,438 - INFO - [2016preVFP] MISSING_CENTRAL: ZG3Mu/Central/jets/4/pt in Skim_TriLep_WWW.root
2025-11-07 13:59:57,439 - INFO - [2016preVFP] MISSING_CENTRAL: ZG3Mu/Central/jets/4/pt in Skim_TriLep_WWZ.root
2025-11-07 13:59:57,451 - INFO - [2016preVFP] MISSING_CENTRAL: ZG3Mu/Central/jets/4/pt in Skim_TriLep_ZZZ.root
2025-11-07 14:00:02,301 - INFO - [2016preVFP] MISSING_CENTRAL: ZG3Mu/Central/jets/4/pt in Skim_TriLep_DoubleMuon_C.root
2025-11-07 14:00:02,302 - INFO - [2016preVFP] MISSING_CENTRAL: ZG3Mu/Central/jets/4/pt in Skim_TriLep_DoubleMuon_D.root
2025-11-07 14:00:02,303 - INFO - [2016preVFP] MISSING_CENTRAL: ZG3Mu/Central/jets/4/pt in Skim_TriLep_DoubleMuon_E.root
2025-11-07 14:00:02,303 - INFO - [2016preVFP] MISSING_CENTRAL: ZG3Mu/Central/jets/4/pt in Skim_TriLep_DoubleMuon_F.root
2025-11-07 14:00:02,336 - INFO - [2016preVFP] MISSING_CENTRAL: ZG3Mu/Central/jets/4/pt in Skim_TriLep_DoubleMuon_C.root
2025-11-07 14:00:02,337 - INFO - [2016preVFP] MISSING_CENTRAL: ZG3Mu/Central/jets/4/pt in Skim_TriLep_DoubleMuon_E.root
2025-11-07 14:00:02,337 - INFO - [2016preVFP] MISSING_CENTRAL: ZG3Mu/Central/jets/4/pt in Skim_TriLep_DoubleMuon_F.root
2025-11-07 14:00:02,338 - INFO - [2016preVFP] MISSING_CENTRAL: ZG3Mu/Central/jets/4/pt in Skim_TriLep_DYJets.root
2025-11-07 14:00:02,339 - INFO - [2016preVFP] MISSING_CENTRAL: ZG3Mu/Central/jets/4/pt in Skim_TriLep_DYJets10to50.root
2025-11-07 14:00:02,340 - INFO - [2016preVFP] MISSING_CENTRAL: ZG3Mu/Central/jets/4/pt in Skim_TriLep_TTG.root
2025-11-07 14:00:02,340 - INFO - [2016preVFP] MISSING_CENTRAL: ZG3Mu/Central/jets/4/pt in Skim_TriLep_WWG.root
2025-11-07 14:00:02,340 - INFO - [2016preVFP] MISSING_CENTRAL: ZG3Mu/Central/jets/4/pt in Skim_TriLep_TTWToLNu.root
2025-11-07 14:00:02,342 - INFO - [2016preVFP] MISSING_FILE: /home/choij/Sync/workspace/ChargedHiggsAnalysisV3/SKNanoOutput/CRPromptSelector/Run3Mu_RunSyst/2016preVFP/Skim_TriLep_WZTo3LNu_amcatnlo.root
2025-11-07 14:00:02,347 - INFO - [2016preVFP] MISSING_CENTRAL: ZG3Mu/Central/jets/4/pt in Skim_TriLep_WWW.root
2025-11-07 14:00:02,348 - INFO - [2016preVFP] MISSING_CENTRAL: ZG3Mu/Central/jets/4/pt in Skim_TriLep_WWZ.root
2025-11-07 14:00:02,349 - INFO - [2016preVFP] MISSING_CENTRAL: ZG3Mu/Central/jets/4/pt in Skim_TriLep_ZZZ.root
2025-11-10 05:49:47,140 - INFO - [2016preVFP] MISSING_CENTRAL: ZG3Mu/Central/jets/4/pt in Skim_TriLep_DoubleMuon_C.root
2025-11-10 05:49:47,142 - INFO - [2016preVFP] MISSING_CENTRAL: ZG3Mu/Central/jets/4/pt in Skim_TriLep_DoubleMuon_D.root
2025-11-10 05:49:47,142 - INFO - [2016preVFP] MISSING_CENTRAL: ZG3Mu/Central/jets/4/pt in Skim_TriLep_DoubleMuon_E.root
2025-11-10 05:49:47,143 - INFO - [2016preVFP] MISSING_CENTRAL: ZG3Mu/Central/jets/4/pt in Skim_TriLep_DoubleMuon_F.root
2025-11-10 05:49:47,221 - INFO - [2016preVFP] MISSING_CENTRAL: ZG3Mu/Central/jets/4/pt in Skim_TriLep_DoubleMuon_C.root
2025-11-10 05:49:47,225 - INFO - [2016preVFP] MISSING_CENTRAL: ZG3Mu/Central/jets/4/pt in Skim_TriLep_DoubleMuon_E.root
2025-11-10 05:49:47,226 - INFO - [2016preVFP] MISSING_CENTRAL: ZG3Mu/Central/jets/4/pt in Skim_TriLep_DoubleMuon_F.root
2025-11-10 05:49:47,226 - INFO - [2016preVFP] MISSING_CENTRAL: ZG3Mu/Central/jets/4/pt in Skim_TriLep_DYJets.root
2025-11-10 05:49:47,227 - INFO - [2016preVFP] MISSING_CENTRAL: ZG3Mu/Central/jets/4/pt in Skim_TriLep_DYJets10to50.root
2025-11-10 05:49:47,268 - INFO - [2016preVFP] MISSING_CENTRAL: ZG3Mu/Central/jets/4/pt in Skim_TriLep_TTG.root
2025-11-10 05:49:47,268 - INFO - [2016preVFP] MISSING_CENTRAL: ZG3Mu/Central/jets/4/pt in Skim_TriLep_WWG.root
2025-11-10 05:49:47,269 - INFO - [2016preVFP] MISSING_CENTRAL: ZG3Mu/Central/jets/4/pt in Skim_TriLep_TTWToLNu.root
2025-11-10 05:49:47,310 - INFO - [2016preVFP] MISSING_FILE: /home/choij/Sync/workspace/ChargedHiggsAnalysisV3/SKNanoOutput/CRPromptSelector/Run3Mu_RunSyst/2016preVFP/Skim_TriLep_WZTo3LNu_amcatnlo.root
2025-11-10 05:49:47,346 - INFO - [2016preVFP] MISSING_CENTRAL: ZG3Mu/Central/jets/4/pt in Skim_TriLep_WWW.root
2025-11-10 05:49:47,347 - INFO - [2016preVFP] MISSING_CENTRAL: ZG3Mu/Central/jets/4/pt in Skim_TriLep_WWZ.root
2025-11-10 05:49:47,358 - INFO - [2016preVFP] MISSING_CENTRAL: ZG3Mu/Central/jets/4/pt in Skim_TriLep_ZZZ.root
2025-11-10 05:49:52,406 - INFO - [2016preVFP] MISSING_CENTRAL: ZG3Mu/Central/jets/4/pt in Skim_TriLep_DoubleMuon_C.root
2025-11-10 05:49:52,407 - INFO - [2016preVFP] MISSING_CENTRAL: ZG3Mu/Central/jets/4/pt in Skim_TriLep_DoubleMuon_D.root
2025-11-10 05:49:52,407 - INFO - [2016preVFP] MISSING_CENTRAL: ZG3Mu/Central/jets/4/pt in Skim_TriLep_DoubleMuon_E.root
2025-11-10 05:49:52,408 - INFO - [2016preVFP] MISSING_CENTRAL: ZG3Mu/Central/jets/4/pt in Skim_TriLep_DoubleMuon_F.root
2025-11-10 05:49:52,440 - INFO - [2016preVFP] MISSING_CENTRAL: ZG3Mu/Central/jets/4/pt in Skim_TriLep_DoubleMuon_C.root
2025-11-10 05:49:52,442 - INFO - [2016preVFP] MISSING_CENTRAL: ZG3Mu/Central/jets/4/pt in Skim_TriLep_DoubleMuon_E.root
2025-11-10 05:49:52,442 - INFO - [2016preVFP] MISSING_CENTRAL: ZG3Mu/Central/jets/4/pt in Skim_TriLep_DoubleMuon_F.root
2025-11-10 05:49:52,443 - INFO - [2016preVFP] MISSING_CENTRAL: ZG3Mu/Central/jets/4/pt in Skim_TriLep_DYJets.root
2025-11-10 05:49:52,443 - INFO - [2016preVFP] MISSING_CENTRAL: ZG3Mu/Central/jets/4/pt in Skim_TriLep_DYJets10to50.root
2025-11-10 05:49:52,444 - INFO - [2016preVFP] MISSING_CENTRAL: ZG3Mu/Central/jets/4/pt in Skim_TriLep_TTG.root
2025-11-10 05:49:52,445 - INFO - [2016preVFP] MISSING_CENTRAL: ZG3Mu/Central/jets/4/pt in Skim_TriLep_WWG.root
2025-11-10 05:49:52,445 - INFO - [2016preVFP] MISSING_CENTRAL: ZG3Mu/Central/jets/4/pt in Skim_TriLep_TTWToLNu.root
2025-11-10 05:49:52,447 - INFO - [2016preVFP] MISSING_FILE: /home/choij/Sync/workspace/ChargedHiggsAnalysisV3/SKNanoOutput/CRPromptSelector/Run3Mu_RunSyst/2016preVFP/Skim_TriLep_WZTo3LNu_amcatnlo.root
2025-11-10 05:49:52,453 - INFO - [2016preVFP] MISSING_CENTRAL: ZG3Mu/Central/jets/4/pt in Skim_TriLep_WWW.root
2025-11-10 05:49:52,453 - INFO - [2016preVFP] MISSING_CENTRAL: ZG3Mu/Central/jets/4/pt in Skim_TriLep_WWZ.root
2025-11-10 05:49:52,454 - INFO - [2016preVFP] MISSING_CENTRAL: ZG3Mu/Central/jets/4/pt in Skim_TriLep_ZZZ.root
2025-11-10 12:14:56,622 - INFO - [2016preVFP] MISSING_CENTRAL: ZG3Mu/Central/jets/4/pt in Skim_TriLep_DoubleMuon_C.root
2025-11-10 12:14:56,623 - INFO - [2016preVFP] MISSING_CENTRAL: ZG3Mu/Central/jets/4/pt in Skim_TriLep_DoubleMuon_D.root
2025-11-10 12:14:56,624 - INFO - [2016preVFP] MISSING_CENTRAL: ZG3Mu/Central/jets/4/pt in Skim_TriLep_DoubleMuon_E.root
2025-11-10 12:14:56,624 - INFO - [2016preVFP] MISSING_CENTRAL: ZG3Mu/Central/jets/4/pt in Skim_TriLep_DoubleMuon_F.root
2025-11-10 12:14:56,662 - INFO - [2016preVFP] MISSING_CENTRAL: ZG3Mu/Central/jets/4/pt in Skim_TriLep_DoubleMuon_C.root
2025-11-10 12:14:56,665 - INFO - [2016preVFP] MISSING_CENTRAL: ZG3Mu/Central/jets/4/pt in Skim_TriLep_DoubleMuon_E.root
2025-11-10 12:14:56,666 - INFO - [2016preVFP] MISSING_CENTRAL: ZG3Mu/Central/jets/4/pt in Skim_TriLep_DoubleMuon_F.root
2025-11-10 12:14:56,666 - INFO - [2016preVFP] MISSING_CENTRAL: ZG3Mu/Central/jets/4/pt in Skim_TriLep_DYJets.root
2025-11-10 12:14:56,667 - INFO - [2016preVFP] MISSING_CENTRAL: ZG3Mu/Central/jets/4/pt in Skim_TriLep_DYJets10to50.root
2025-11-10 12:14:56,705 - INFO - [2016preVFP] MISSING_CENTRAL: ZG3Mu/Central/jets/4/pt in Skim_TriLep_TTG.root
2025-11-10 12:14:56,705 - INFO - [2016preVFP] MISSING_CENTRAL: ZG3Mu/Central/jets/4/pt in Skim_TriLep_WWG.root
2025-11-10 12:14:56,706 - INFO - [2016preVFP] MISSING_CENTRAL: ZG3Mu/Central/jets/4/pt in Skim_TriLep_TTWToLNu.root
2025-11-10 12:14:56,737 - INFO - [2016preVFP] MISSING_FILE: /home/choij/Sync/workspace/ChargedHiggsAnalysisV3/SKNanoOutput/CRPromptSelector/Run3Mu_RunSyst/2016preVFP/Skim_TriLep_WZTo3LNu_amcatnlo.root
2025-11-10 12:14:56,827 - INFO - [2016preVFP] MISSING_CENTRAL: ZG3Mu/Central/jets/4/pt in Skim_TriLep_WWW.root
2025-11-10 12:14:56,831 - INFO - [2016preVFP] MISSING_CENTRAL: ZG3Mu/Central/jets/4/pt in Skim_TriLep_WWZ.root
2025-11-10 12:14:56,868 - INFO - [2016preVFP] MISSING_CENTRAL: ZG3Mu/Central/jets/4/pt in Skim_TriLep_ZZZ.root
2025-11-10 12:15:02,202 - INFO - [2016preVFP] MISSING_CENTRAL: ZG3Mu/Central/jets/4/pt in Skim_TriLep_DoubleMuon_C.root
2025-11-10 12:15:02,203 - INFO - [2016preVFP] MISSING_CENTRAL: ZG3Mu/Central/jets/4/pt in Skim_TriLep_DoubleMuon_D.root
2025-11-10 12:15:02,203 - INFO - [2016preVFP] MISSING_CENTRAL: ZG3Mu/Central/jets/4/pt in Skim_TriLep_DoubleMuon_E.root
2025-11-10 12:15:02,204 - INFO - [2016preVFP] MISSING_CENTRAL: ZG3Mu/Central/jets/4/pt in Skim_TriLep_DoubleMuon_F.root
2025-11-10 12:15:02,237 - INFO - [2016preVFP] MISSING_CENTRAL: ZG3Mu/Central/jets/4/pt in Skim_TriLep_DoubleMuon_C.root
2025-11-10 12:15:02,238 - INFO - [2016preVFP] MISSING_CENTRAL: ZG3Mu/Central/jets/4/pt in Skim_TriLep_DoubleMuon_E.root
2025-11-10 12:15:02,239 - INFO - [2016preVFP] MISSING_CENTRAL: ZG3Mu/Central/jets/4/pt in Skim_TriLep_DoubleMuon_F.root
2025-11-10 12:15:02,240 - INFO - [2016preVFP] MISSING_CENTRAL: ZG3Mu/Central/jets/4/pt in Skim_TriLep_DYJets.root
2025-11-10 12:15:02,240 - INFO - [2016preVFP] MISSING_CENTRAL: ZG3Mu/Central/jets/4/pt in Skim_TriLep_DYJets10to50.root
2025-11-10 12:15:02,241 - INFO - [2016preVFP] MISSING_CENTRAL: ZG3Mu/Central/jets/4/pt in Skim_TriLep_TTG.root
2025-11-10 12:15:02,242 - INFO - [2016preVFP] MISSING_CENTRAL: ZG3Mu/Central/jets/4/pt in Skim_TriLep_WWG.root
2025-11-10 12:15:02,242 - INFO - [2016preVFP] MISSING_CENTRAL: ZG3Mu/Central/jets/4/pt in Skim_TriLep_TTWToLNu.root
2025-11-10 12:15:02,243 - INFO - [2016preVFP] MISSING_FILE: /home/choij/Sync/workspace/ChargedHiggsAnalysisV3/SKNanoOutput/CRPromptSelector/Run3Mu_RunSyst/2016preVFP/Skim_TriLep_WZTo3LNu_amcatnlo.root
2025-11-10 12:15:02,249 - INFO - [2016preVFP] MISSING_CENTRAL: ZG3Mu/Central/jets/4/pt in Skim_TriLep_WWW.root
2025-11-10 12:15:02,250 - INFO - [2016preVFP] MISSING_CENTRAL: ZG3Mu/Central/jets/4/pt in Skim_TriLep_WWZ.root
2025-11-10 12:15:02,251 - INFO - [2016preVFP] MISSING_CENTRAL: ZG3Mu/Central/jets/4/pt in Skim_TriLep_ZZZ.root
2025-11-13 11:03:26,090 - INFO - [2016preVFP] MISSING_CENTRAL: ZG3Mu/Central/jets/4/pt in Skim_TriLep_DoubleMuon_C.root
2025-11-13 11:03:26,092 - INFO - [2016preVFP] MISSING_CENTRAL: ZG3Mu/Central/jets/4/pt in Skim_TriLep_DoubleMuon_D.root
2025-11-13 11:03:26,093 - INFO - [2016preVFP] MISSING_CENTRAL: ZG3Mu/Central/jets/4/pt in Skim_TriLep_DoubleMuon_E.root
2025-11-13 11:03:26,094 - INFO - [2016preVFP] MISSING_CENTRAL: ZG3Mu/Central/jets/4/pt in Skim_TriLep_DoubleMuon_F.root
2025-11-13 11:03:26,226 - INFO - [2016preVFP] MISSING_CENTRAL: ZG3Mu/Central/jets/4/pt in Skim_TriLep_DoubleMuon_C.root
2025-11-13 11:03:26,283 - INFO - [2016preVFP] MISSING_CENTRAL: ZG3Mu/Central/jets/4/pt in Skim_TriLep_DoubleMuon_E.root
2025-11-13 11:03:26,303 - INFO - [2016preVFP] MISSING_CENTRAL: ZG3Mu/Central/jets/4/pt in Skim_TriLep_DoubleMuon_F.root
2025-11-13 11:03:26,396 - INFO - [2016preVFP] MISSING_CENTRAL: ZG3Mu/Central/jets/4/pt in Skim_TriLep_DYJets.root
2025-11-13 11:03:26,412 - INFO - [2016preVFP] MISSING_CENTRAL: ZG3Mu/Central/jets/4/pt in Skim_TriLep_DYJets10to50.root
2025-11-13 11:03:26,709 - INFO - [2016preVFP] MISSING_CENTRAL: ZG3Mu/Central/jets/4/pt in Skim_TriLep_TTG.root
2025-11-13 11:03:26,716 - INFO - [2016preVFP] MISSING_CENTRAL: ZG3Mu/Central/jets/4/pt in Skim_TriLep_WWG.root
2025-11-13 11:03:26,801 - INFO - [2016preVFP] MISSING_CENTRAL: ZG3Mu/Central/jets/4/pt in Skim_TriLep_TTWToLNu.root
2025-11-13 11:03:27,269 - INFO - [2016preVFP] MISSING_FILE: /data9/Users/choij/Sync/workspace/ChargedHiggsAnalysisV3/SKNanoOutput/CRPromptSelector/Run3Mu_RunSyst/2016preVFP/Skim_TriLep_WZTo3LNu_amcatnlo.root
2025-11-13 11:03:27,880 - INFO - [2016preVFP] MISSING_CENTRAL: ZG3Mu/Central/jets/4/pt in Skim_TriLep_WWW.root
2025-11-13 11:03:27,939 - INFO - [2016preVFP] MISSING_CENTRAL: ZG3Mu/Central/jets/4/pt in Skim_TriLep_WWZ.root
2025-11-13 11:03:28,145 - INFO - [2016preVFP] MISSING_CENTRAL: ZG3Mu/Central/jets/4/pt in Skim_TriLep_ZZZ.root
2025-11-13 11:03:32,121 - INFO - [2016preVFP] MISSING_CENTRAL: ZG3Mu/Central/jets/4/pt in Skim_TriLep_DoubleMuon_C.root
2025-11-13 11:03:32,122 - INFO - [2016preVFP] MISSING_CENTRAL: ZG3Mu/Central/jets/4/pt in Skim_TriLep_DoubleMuon_D.root
2025-11-13 11:03:32,123 - INFO - [2016preVFP] MISSING_CENTRAL: ZG3Mu/Central/jets/4/pt in Skim_TriLep_DoubleMuon_E.root
2025-11-13 11:03:32,123 - INFO - [2016preVFP] MISSING_CENTRAL: ZG3Mu/Central/jets/4/pt in Skim_TriLep_DoubleMuon_F.root
2025-11-13 11:03:32,152 - INFO - [2016preVFP] MISSING_CENTRAL: ZG3Mu/Central/jets/4/pt in Skim_TriLep_DoubleMuon_C.root
2025-11-13 11:03:32,153 - INFO - [2016preVFP] MISSING_CENTRAL: ZG3Mu/Central/jets/4/pt in Skim_TriLep_DoubleMuon_E.root
2025-11-13 11:03:32,154 - INFO - [2016preVFP] MISSING_CENTRAL: ZG3Mu/Central/jets/4/pt in Skim_TriLep_DoubleMuon_F.root
2025-11-13 11:03:32,155 - INFO - [2016preVFP] MISSING_CENTRAL: ZG3Mu/Central/jets/4/pt in Skim_TriLep_DYJets.root
2025-11-13 11:03:32,155 - INFO - [2016preVFP] MISSING_CENTRAL: ZG3Mu/Central/jets/4/pt in Skim_TriLep_DYJets10to50.root
2025-11-13 11:03:32,157 - INFO - [2016preVFP] MISSING_CENTRAL: ZG3Mu/Central/jets/4/pt in Skim_TriLep_TTG.root
2025-11-13 11:03:32,157 - INFO - [2016preVFP] MISSING_CENTRAL: ZG3Mu/Central/jets/4/pt in Skim_TriLep_WWG.root
2025-11-13 11:03:32,158 - INFO - [2016preVFP] MISSING_CENTRAL: ZG3Mu/Central/jets/4/pt in Skim_TriLep_TTWToLNu.root
2025-11-13 11:03:32,159 - INFO - [2016preVFP] MISSING_FILE: /data9/Users/choij/Sync/workspace/ChargedHiggsAnalysisV3/SKNanoOutput/CRPromptSelector/Run3Mu_RunSyst/2016preVFP/Skim_TriLep_WZTo3LNu_amcatnlo.root
2025-11-13 11:03:32,166 - INFO - [2016preVFP] MISSING_CENTRAL: ZG3Mu/Central/jets/4/pt in Skim_TriLep_WWW.root
2025-11-13 11:03:32,166 - INFO - [2016preVFP] MISSING_CENTRAL: ZG3Mu/Central/jets/4/pt in Skim_TriLep_WWZ.root
2025-11-13 11:03:32,168 - INFO - [2016preVFP] MISSING_CENTRAL: ZG3Mu/Central/jets/4/pt in Skim_TriLep_ZZZ.root
2025-11-19 00:16:21,788 - INFO - [2016preVFP] MISSING_CENTRAL: ZG3Mu/Central/jets/4/pt in Skim_TriLep_DoubleMuon_C.root
2025-11-19 00:16:21,790 - INFO - [2016preVFP] MISSING_CENTRAL: ZG3Mu/Central/jets/4/pt in Skim_TriLep_DoubleMuon_D.root
2025-11-19 00:16:21,790 - INFO - [2016preVFP] MISSING_CENTRAL: ZG3Mu/Central/jets/4/pt in Skim_TriLep_DoubleMuon_E.root
2025-11-19 00:16:21,791 - INFO - [2016preVFP] MISSING_CENTRAL: ZG3Mu/Central/jets/4/pt in Skim_TriLep_DoubleMuon_F.root
2025-11-19 00:16:21,812 - INFO - [2016preVFP] MISSING_CENTRAL: ZG3Mu/Central/jets/4/pt in Skim_TriLep_DoubleMuon_B.root
2025-11-19 00:16:21,813 - INFO - [2016preVFP] MISSING_CENTRAL: ZG3Mu/Central/jets/4/pt in Skim_TriLep_DoubleMuon_C.root
2025-11-19 00:16:21,827 - INFO - [2016preVFP] MISSING_CENTRAL: ZG3Mu/Central/jets/4/pt in Skim_TriLep_DoubleMuon_E.root
2025-11-19 00:16:21,828 - INFO - [2016preVFP] MISSING_CENTRAL: ZG3Mu/Central/jets/4/pt in Skim_TriLep_DoubleMuon_F.root
2025-11-19 00:16:21,829 - INFO - [2016preVFP] MISSING_CENTRAL: ZG3Mu/Central/jets/4/pt in Skim_TriLep_DYJets.root
2025-11-19 00:16:21,830 - INFO - [2016preVFP] MISSING_CENTRAL: ZG3Mu/Central/jets/4/pt in Skim_TriLep_DYJets10to50.root
2025-11-19 00:16:21,850 - INFO - [2016preVFP] MISSING_CENTRAL: ZG3Mu/Central/jets/4/pt in Skim_TriLep_TTG.root
2025-11-19 00:16:21,851 - INFO - [2016preVFP] MISSING_CENTRAL: ZG3Mu/Central/jets/4/pt in Skim_TriLep_WWG.root
2025-11-19 00:16:21,852 - INFO - [2016preVFP] MISSING_CENTRAL: ZG3Mu/Central/jets/4/pt in Skim_TriLep_TTWToLNu.root
2025-11-19 00:16:21,874 - INFO - [2016preVFP] MISSING_FILE: /data9/Users/choij/Sync/workspace/ChargedHiggsAnalysisV3/SKNanoOutput/CRPromptSelector/Run3Mu_RunSyst/2016preVFP/Skim_TriLep_WZTo3LNu_amcatnlo.root
2025-11-19 00:16:21,908 - INFO - [2016preVFP] MISSING_CENTRAL: ZG3Mu/Central/jets/4/pt in Skim_TriLep_WWW.root
2025-11-19 00:16:21,909 - INFO - [2016preVFP] MISSING_CENTRAL: ZG3Mu/Central/jets/4/pt in Skim_TriLep_WWZ.root
2025-11-19 00:16:21,921 - INFO - [2016preVFP] MISSING_CENTRAL: ZG3Mu/Central/jets/4/pt in Skim_TriLep_ZZZ.root
2025-11-19 00:16:26,596 - INFO - [2016preVFP] MISSING_CENTRAL: ZG3Mu/Central/jets/4/pt in Skim_TriLep_DoubleMuon_C.root
2025-11-19 00:16:26,597 - INFO - [2016preVFP] MISSING_CENTRAL: ZG3Mu/Central/jets/4/pt in Skim_TriLep_DoubleMuon_D.root
2025-11-19 00:16:26,598 - INFO - [2016preVFP] MISSING_CENTRAL: ZG3Mu/Central/jets/4/pt in Skim_TriLep_DoubleMuon_E.root
2025-11-19 00:16:26,600 - INFO - [2016preVFP] MISSING_CENTRAL: ZG3Mu/Central/jets/4/pt in Skim_TriLep_DoubleMuon_F.root
2025-11-19 00:16:26,643 - INFO - [2016preVFP] MISSING_CENTRAL: ZG3Mu/Central/jets/4/pt in Skim_TriLep_DoubleMuon_B.root
2025-11-19 00:16:26,644 - INFO - [2016preVFP] MISSING_CENTRAL: ZG3Mu/Central/jets/4/pt in Skim_TriLep_DoubleMuon_C.root
2025-11-19 00:16:26,673 - INFO - [2016preVFP] MISSING_CENTRAL: ZG3Mu/Central/jets/4/pt in Skim_TriLep_DoubleMuon_E.root
2025-11-19 00:16:26,679 - INFO - [2016preVFP] MISSING_CENTRAL: ZG3Mu/Central/jets/4/pt in Skim_TriLep_DoubleMuon_F.root
2025-11-19 00:16:26,683 - INFO - [2016preVFP] MISSING_CENTRAL: ZG3Mu/Central/jets/4/pt in Skim_TriLep_DYJets.root
2025-11-19 00:16:26,685 - INFO - [2016preVFP] MISSING_CENTRAL: ZG3Mu/Central/jets/4/pt in Skim_TriLep_DYJets10to50.root
2025-11-19 00:16:26,691 - INFO - [2016preVFP] MISSING_CENTRAL: ZG3Mu/Central/jets/4/pt in Skim_TriLep_TTG.root
2025-11-19 00:16:26,692 - INFO - [2016preVFP] MISSING_CENTRAL: ZG3Mu/Central/jets/4/pt in Skim_TriLep_WWG.root
2025-11-19 00:16:26,695 - INFO - [2016preVFP] MISSING_CENTRAL: ZG3Mu/Central/jets/4/pt in Skim_TriLep_TTWToLNu.root
2025-11-19 00:16:26,698 - INFO - [2016preVFP] MISSING_FILE: /data9/Users/choij/Sync/workspace/ChargedHiggsAnalysisV3/SKNanoOutput/CRPromptSelector/Run3Mu_RunSyst/2016preVFP/Skim_TriLep_WZTo3LNu_amcatnlo.root
2025-11-19 00:16:26,709 - INFO - [2016preVFP] MISSING_CENTRAL: ZG3Mu/Central/jets/4/pt in Skim_TriLep_WWW.root
2025-11-19 00:16:26,710 - INFO - [2016preVFP] MISSING_CENTRAL: ZG3Mu/Central/jets/4/pt in Skim_TriLep_WWZ.root
2025-11-19 00:16:26,713 - INFO - [2016preVFP] MISSING_CENTRAL: ZG3Mu/Central/jets/4/pt in Skim_TriLep_ZZZ.root
2025-11-19 15:41:26,983 - INFO - [2016preVFP] MISSING_CENTRAL: ZG3Mu/Central/jets/4/pt in Skim_TriLep_DoubleMuon_C.root
2025-11-19 15:41:26,984 - INFO - [2016preVFP] MISSING_CENTRAL: ZG3Mu/Central/jets/4/pt in Skim_TriLep_DoubleMuon_D.root
2025-11-19 15:41:26,984 - INFO - [2016preVFP] MISSING_CENTRAL: ZG3Mu/Central/jets/4/pt in Skim_TriLep_DoubleMuon_E.root
2025-11-19 15:41:26,985 - INFO - [2016preVFP] MISSING_CENTRAL: ZG3Mu/Central/jets/4/pt in Skim_TriLep_DoubleMuon_F.root
2025-11-19 15:41:27,009 - INFO - [2016preVFP] MISSING_CENTRAL: ZG3Mu/Central/jets/4/pt in Skim_TriLep_DoubleMuon_B.root
2025-11-19 15:41:27,010 - INFO - [2016preVFP] MISSING_CENTRAL: ZG3Mu/Central/jets/4/pt in Skim_TriLep_DoubleMuon_C.root
2025-11-19 15:41:27,024 - INFO - [2016preVFP] MISSING_CENTRAL: ZG3Mu/Central/jets/4/pt in Skim_TriLep_DoubleMuon_E.root
2025-11-19 15:41:27,024 - INFO - [2016preVFP] MISSING_CENTRAL: ZG3Mu/Central/jets/4/pt in Skim_TriLep_DoubleMuon_F.root
2025-11-19 15:41:27,025 - INFO - [2016preVFP] MISSING_CENTRAL: ZG3Mu/Central/jets/4/pt in Skim_TriLep_DYJets.root
2025-11-19 15:41:27,025 - INFO - [2016preVFP] MISSING_CENTRAL: ZG3Mu/Central/jets/4/pt in Skim_TriLep_DYJets10to50.root
2025-11-19 15:41:27,043 - INFO - [2016preVFP] MISSING_CENTRAL: ZG3Mu/Central/jets/4/pt in Skim_TriLep_TTG.root
2025-11-19 15:41:27,044 - INFO - [2016preVFP] MISSING_CENTRAL: ZG3Mu/Central/jets/4/pt in Skim_TriLep_WWG.root
2025-11-19 15:41:27,045 - INFO - [2016preVFP] MISSING_CENTRAL: ZG3Mu/Central/jets/4/pt in Skim_TriLep_TTWToLNu.root
2025-11-19 15:41:27,069 - INFO - [2016preVFP] MISSING_FILE: /home/choij/Sync/workspace/ChargedHiggsAnalysisV3/SKNanoOutput/CRPromptSelector/Run3Mu_RunSyst/2016preVFP/Skim_TriLep_WZTo3LNu_amcatnlo.root
2025-11-19 15:41:27,121 - INFO - [2016preVFP] MISSING_CENTRAL: ZG3Mu/Central/jets/4/pt in Skim_TriLep_WWW.root
2025-11-19 15:41:27,122 - INFO - [2016preVFP] MISSING_CENTRAL: ZG3Mu/Central/jets/4/pt in Skim_TriLep_WWZ.root
2025-11-19 15:41:27,152 - INFO - [2016preVFP] MISSING_CENTRAL: ZG3Mu/Central/jets/4/pt in Skim_TriLep_ZZZ.root
2025-11-19 15:41:32,049 - INFO - [2016preVFP] MISSING_CENTRAL: ZG3Mu/Central/jets/4/pt in Skim_TriLep_DoubleMuon_C.root
2025-11-19 15:41:32,049 - INFO - [2016preVFP] MISSING_CENTRAL: ZG3Mu/Central/jets/4/pt in Skim_TriLep_DoubleMuon_D.root
2025-11-19 15:41:32,050 - INFO - [2016preVFP] MISSING_CENTRAL: ZG3Mu/Central/jets/4/pt in Skim_TriLep_DoubleMuon_E.root
2025-11-19 15:41:32,050 - INFO - [2016preVFP] MISSING_CENTRAL: ZG3Mu/Central/jets/4/pt in Skim_TriLep_DoubleMuon_F.root
2025-11-19 15:41:32,074 - INFO - [2016preVFP] MISSING_CENTRAL: ZG3Mu/Central/jets/4/pt in Skim_TriLep_DoubleMuon_B.root
2025-11-19 15:41:32,075 - INFO - [2016preVFP] MISSING_CENTRAL: ZG3Mu/Central/jets/4/pt in Skim_TriLep_DoubleMuon_C.root
2025-11-19 15:41:32,088 - INFO - [2016preVFP] MISSING_CENTRAL: ZG3Mu/Central/jets/4/pt in Skim_TriLep_DoubleMuon_E.root
2025-11-19 15:41:32,088 - INFO - [2016preVFP] MISSING_CENTRAL: ZG3Mu/Central/jets/4/pt in Skim_TriLep_DoubleMuon_F.root
2025-11-19 15:41:32,089 - INFO - [2016preVFP] MISSING_CENTRAL: ZG3Mu/Central/jets/4/pt in Skim_TriLep_DYJets.root
2025-11-19 15:41:32,089 - INFO - [2016preVFP] MISSING_CENTRAL: ZG3Mu/Central/jets/4/pt in Skim_TriLep_DYJets10to50.root
2025-11-19 15:41:32,090 - INFO - [2016preVFP] MISSING_CENTRAL: ZG3Mu/Central/jets/4/pt in Skim_TriLep_TTG.root
2025-11-19 15:41:32,091 - INFO - [2016preVFP] MISSING_CENTRAL: ZG3Mu/Central/jets/4/pt in Skim_TriLep_WWG.root
2025-11-19 15:41:32,091 - INFO - [2016preVFP] MISSING_CENTRAL: ZG3Mu/Central/jets/4/pt in Skim_TriLep_TTWToLNu.root
2025-11-19 15:41:32,092 - INFO - [2016preVFP] MISSING_FILE: /home/choij/Sync/workspace/ChargedHiggsAnalysisV3/SKNanoOutput/CRPromptSelector/Run3Mu_RunSyst/2016preVFP/Skim_TriLep_WZTo3LNu_amcatnlo.root
2025-11-19 15:41:32,098 - INFO - [2016preVFP] MISSING_CENTRAL: ZG3Mu/Central/jets/4/pt in Skim_TriLep_WWW.root
2025-11-19 15:41:32,099 - INFO - [2016preVFP] MISSING_CENTRAL: ZG3Mu/Central/jets/4/pt in Skim_TriLep_WWZ.root
2025-11-19 15:41:32,100 - INFO - [2016preVFP] MISSING_CENTRAL: ZG3Mu/Central/jets/4/pt in Skim_TriLep_ZZZ.root
2025-11-19 16:17:16,431 - INFO - [2016preVFP] MISSING_CENTRAL: ZG3Mu/Central/jets/4/pt in Skim_TriLep_DoubleMuon_C.root
2025-11-19 16:17:16,432 - INFO - [2016preVFP] MISSING_CENTRAL: ZG3Mu/Central/jets/4/pt in Skim_TriLep_DoubleMuon_D.root
2025-11-19 16:17:16,432 - INFO - [2016preVFP] MISSING_CENTRAL: ZG3Mu/Central/jets/4/pt in Skim_TriLep_DoubleMuon_E.root
2025-11-19 16:17:16,433 - INFO - [2016preVFP] MISSING_CENTRAL: ZG3Mu/Central/jets/4/pt in Skim_TriLep_DoubleMuon_F.root
2025-11-19 16:17:16,457 - INFO - [2016preVFP] MISSING_CENTRAL: ZG3Mu/Central/jets/4/pt in Skim_TriLep_DoubleMuon_B.root
2025-11-19 16:17:16,457 - INFO - [2016preVFP] MISSING_CENTRAL: ZG3Mu/Central/jets/4/pt in Skim_TriLep_DoubleMuon_C.root
2025-11-19 16:17:16,471 - INFO - [2016preVFP] MISSING_CENTRAL: ZG3Mu/Central/jets/4/pt in Skim_TriLep_DoubleMuon_E.root
2025-11-19 16:17:16,471 - INFO - [2016preVFP] MISSING_CENTRAL: ZG3Mu/Central/jets/4/pt in Skim_TriLep_DoubleMuon_F.root
2025-11-19 16:17:16,472 - INFO - [2016preVFP] MISSING_CENTRAL: ZG3Mu/Central/jets/4/pt in Skim_TriLep_DYJets.root
2025-11-19 16:17:16,473 - INFO - [2016preVFP] MISSING_CENTRAL: ZG3Mu/Central/jets/4/pt in Skim_TriLep_DYJets10to50.root
2025-11-19 16:17:16,492 - INFO - [2016preVFP] MISSING_CENTRAL: ZG3Mu/Central/jets/4/pt in Skim_TriLep_TTG.root
2025-11-19 16:17:16,492 - INFO - [2016preVFP] MISSING_CENTRAL: ZG3Mu/Central/jets/4/pt in Skim_TriLep_WWG.root
2025-11-19 16:17:16,493 - INFO - [2016preVFP] MISSING_CENTRAL: ZG3Mu/Central/jets/4/pt in Skim_TriLep_TTWToLNu.root
2025-11-19 16:17:16,515 - INFO - [2016preVFP] MISSING_FILE: /home/choij/Sync/workspace/ChargedHiggsAnalysisV3/SKNanoOutput/CRPromptSelector/Run3Mu_RunSyst/2016preVFP/Skim_TriLep_WZTo3LNu_amcatnlo.root
2025-11-19 16:17:16,548 - INFO - [2016preVFP] MISSING_CENTRAL: ZG3Mu/Central/jets/4/pt in Skim_TriLep_WWW.root
2025-11-19 16:17:16,549 - INFO - [2016preVFP] MISSING_CENTRAL: ZG3Mu/Central/jets/4/pt in Skim_TriLep_WWZ.root
2025-11-19 16:17:16,560 - INFO - [2016preVFP] MISSING_CENTRAL: ZG3Mu/Central/jets/4/pt in Skim_TriLep_ZZZ.root
2025-11-19 16:17:21,515 - INFO - [2016preVFP] MISSING_CENTRAL: ZG3Mu/Central/jets/4/pt in Skim_TriLep_DoubleMuon_C.root
2025-11-19 16:17:21,515 - INFO - [2016preVFP] MISSING_CENTRAL: ZG3Mu/Central/jets/4/pt in Skim_TriLep_DoubleMuon_D.root
2025-11-19 16:17:21,516 - INFO - [2016preVFP] MISSING_CENTRAL: ZG3Mu/Central/jets/4/pt in Skim_TriLep_DoubleMuon_E.root
2025-11-19 16:17:21,516 - INFO - [2016preVFP] MISSING_CENTRAL: ZG3Mu/Central/jets/4/pt in Skim_TriLep_DoubleMuon_F.root
2025-11-19 16:17:21,541 - INFO - [2016preVFP] MISSING_CENTRAL: ZG3Mu/Central/jets/4/pt in Skim_TriLep_DoubleMuon_B.root
2025-11-19 16:17:21,541 - INFO - [2016preVFP] MISSING_CENTRAL: ZG3Mu/Central/jets/4/pt in Skim_TriLep_DoubleMuon_C.root
2025-11-19 16:17:21,555 - INFO - [2016preVFP] MISSING_CENTRAL: ZG3Mu/Central/jets/4/pt in Skim_TriLep_DoubleMuon_E.root
2025-11-19 16:17:21,556 - INFO - [2016preVFP] MISSING_CENTRAL: ZG3Mu/Central/jets/4/pt in Skim_TriLep_DoubleMuon_F.root
2025-11-19 16:17:21,557 - INFO - [2016preVFP] MISSING_CENTRAL: ZG3Mu/Central/jets/4/pt in Skim_TriLep_DYJets.root
2025-11-19 16:17:21,557 - INFO - [2016preVFP] MISSING_CENTRAL: ZG3Mu/Central/jets/4/pt in Skim_TriLep_DYJets10to50.root
2025-11-19 16:17:21,558 - INFO - [2016preVFP] MISSING_CENTRAL: ZG3Mu/Central/jets/4/pt in Skim_TriLep_TTG.root
2025-11-19 16:17:21,559 - INFO - [2016preVFP] MISSING_CENTRAL: ZG3Mu/Central/jets/4/pt in Skim_TriLep_WWG.root
2025-11-19 16:17:21,559 - INFO - [2016preVFP] MISSING_CENTRAL: ZG3Mu/Central/jets/4/pt in Skim_TriLep_TTWToLNu.root
2025-11-19 16:17:21,560 - INFO - [2016preVFP] MISSING_FILE: /home/choij/Sync/workspace/ChargedHiggsAnalysisV3/SKNanoOutput/CRPromptSelector/Run3Mu_RunSyst/2016preVFP/Skim_TriLep_WZTo3LNu_amcatnlo.root
2025-11-19 16:17:21,566 - INFO - [2016preVFP] MISSING_CENTRAL: ZG3Mu/Central/jets/4/pt in Skim_TriLep_WWW.root
2025-11-19 16:17:21,567 - INFO - [2016preVFP] MISSING_CENTRAL: ZG3Mu/Central/jets/4/pt in Skim_TriLep_WWZ.root
2025-11-19 16:17:21,568 - INFO - [2016preVFP] MISSING_CENTRAL: ZG3Mu/Central/jets/4/pt in Skim_TriLep_ZZZ.root
2025-12-17 12:24:38,789 - INFO - [2016preVFP] MISSING_CENTRAL: ZG3Mu/Central/jets/4/pt in Skim_TriLep_DoubleMuon_C.root
2025-12-17 12:24:38,790 - INFO - [2016preVFP] MISSING_CENTRAL: ZG3Mu/Central/jets/4/pt in Skim_TriLep_DoubleMuon_D.root
2025-12-17 12:24:38,792 - INFO - [2016preVFP] MISSING_CENTRAL: ZG3Mu/Central/jets/4/pt in Skim_TriLep_DoubleMuon_E.root
2025-12-17 12:24:38,793 - INFO - [2016preVFP] MISSING_CENTRAL: ZG3Mu/Central/jets/4/pt in Skim_TriLep_DoubleMuon_F.root
2025-12-17 12:24:38,909 - INFO - [2016preVFP] MISSING_CENTRAL: ZG3Mu/Central/jets/4/pt in Skim_TriLep_DoubleMuon_B.root
2025-12-17 12:24:38,929 - INFO - [2016preVFP] MISSING_CENTRAL: ZG3Mu/Central/jets/4/pt in Skim_TriLep_DoubleMuon_C.root
2025-12-17 12:24:38,982 - INFO - [2016preVFP] MISSING_CENTRAL: ZG3Mu/Central/jets/4/pt in Skim_TriLep_DoubleMuon_E.root
2025-12-17 12:24:38,985 - INFO - [2016preVFP] MISSING_CENTRAL: ZG3Mu/Central/jets/4/pt in Skim_TriLep_DoubleMuon_F.root
2025-12-17 12:24:39,040 - INFO - [2016preVFP] MISSING_CENTRAL: ZG3Mu/Central/jets/4/pt in Skim_TriLep_DYJets10to50.root
2025-12-17 12:24:39,041 - INFO - [2016preVFP] MISSING_FILE: /data9/Users/choij/Sync/workspace/ChargedHiggsAnalysisV3/SKNanoOutput/CRPromptSelector/Run3Mu_RunSyst/2016preVFP/Skim_TriLep_ZGToLLG.root
2025-12-17 12:24:39,048 - INFO - [2016preVFP] MISSING_CENTRAL: ZG3Mu/Central/jets/4/pt in Skim_TriLep_TTG.root
2025-12-17 12:24:39,050 - INFO - [2016preVFP] MISSING_CENTRAL: ZG3Mu/Central/jets/4/pt in Skim_TriLep_WWG.root
2025-12-17 12:24:39,051 - INFO - [2016preVFP] MISSING_CENTRAL: ZG3Mu/Central/jets/4/pt in Skim_TriLep_TTWToLNu.root
2025-12-17 12:24:39,301 - INFO - [2016preVFP] MISSING_CENTRAL: ZG3Mu/Central/jets/4/pt in Skim_TriLep_WWW.root
2025-12-17 12:24:39,303 - INFO - [2016preVFP] MISSING_CENTRAL: ZG3Mu/Central/jets/4/pt in Skim_TriLep_WWZ.root
2025-12-17 12:24:39,403 - INFO - [2016preVFP] MISSING_CENTRAL: ZG3Mu/Central/jets/4/pt in Skim_TriLep_ZZZ.root
2025-12-17 12:24:44,814 - INFO - [2016preVFP] MISSING_CENTRAL: ZG3Mu/Central/jets/4/pt in Skim_TriLep_DoubleMuon_C.root
2025-12-17 12:24:44,816 - INFO - [2016preVFP] MISSING_CENTRAL: ZG3Mu/Central/jets/4/pt in Skim_TriLep_DoubleMuon_D.root
2025-12-17 12:24:44,817 - INFO - [2016preVFP] MISSING_CENTRAL: ZG3Mu/Central/jets/4/pt in Skim_TriLep_DoubleMuon_E.root
2025-12-17 12:24:44,819 - INFO - [2016preVFP] MISSING_CENTRAL: ZG3Mu/Central/jets/4/pt in Skim_TriLep_DoubleMuon_F.root
2025-12-17 12:24:44,846 - INFO - [2016preVFP] MISSING_CENTRAL: ZG3Mu/Central/jets/4/pt in Skim_TriLep_DoubleMuon_B.root
2025-12-17 12:24:44,848 - INFO - [2016preVFP] MISSING_CENTRAL: ZG3Mu/Central/jets/4/pt in Skim_TriLep_DoubleMuon_C.root
2025-12-17 12:24:44,864 - INFO - [2016preVFP] MISSING_CENTRAL: ZG3Mu/Central/jets/4/pt in Skim_TriLep_DoubleMuon_E.root
2025-12-17 12:24:44,865 - INFO - [2016preVFP] MISSING_CENTRAL: ZG3Mu/Central/jets/4/pt in Skim_TriLep_DoubleMuon_F.root
2025-12-17 12:24:44,868 - INFO - [2016preVFP] MISSING_CENTRAL: ZG3Mu/Central/jets/4/pt in Skim_TriLep_DYJets10to50.root
2025-12-17 12:24:44,868 - INFO - [2016preVFP] MISSING_FILE: /data9/Users/choij/Sync/workspace/ChargedHiggsAnalysisV3/SKNanoOutput/CRPromptSelector/Run3Mu_RunSyst/2016preVFP/Skim_TriLep_ZGToLLG.root
2025-12-17 12:24:44,869 - INFO - [2016preVFP] MISSING_CENTRAL: ZG3Mu/Central/jets/4/pt in Skim_TriLep_TTG.root
2025-12-17 12:24:44,871 - INFO - [2016preVFP] MISSING_CENTRAL: ZG3Mu/Central/jets/4/pt in Skim_TriLep_WWG.root
2025-12-17 12:24:44,872 - INFO - [2016preVFP] MISSING_CENTRAL: ZG3Mu/Central/jets/4/pt in Skim_TriLep_TTWToLNu.root
2025-12-17 12:24:44,888 - INFO - [2016preVFP] MISSING_CENTRAL: ZG3Mu/Central/jets/4/pt in Skim_TriLep_WWW.root
2025-12-17 12:24:44,889 - INFO - [2016preVFP] MISSING_CENTRAL: ZG3Mu/Central/jets/4/pt in Skim_TriLep_WWZ.root
2025-12-17 12:24:44,892 - INFO - [2016preVFP] MISSING_CENTRAL: ZG3Mu/Central/jets/4/pt in Skim_TriLep_ZZZ.root
2025-12-17 16:06:34,126 - INFO - [2016preVFP] MISSING_CENTRAL: ZG3Mu/Central/jets/4/pt in Skim_TriLep_DoubleMuon_C.root
2025-12-17 16:06:34,127 - INFO - [2016preVFP] MISSING_CENTRAL: ZG3Mu/Central/jets/4/pt in Skim_TriLep_DoubleMuon_D.root
2025-12-17 16:06:34,128 - INFO - [2016preVFP] MISSING_CENTRAL: ZG3Mu/Central/jets/4/pt in Skim_TriLep_DoubleMuon_E.root
2025-12-17 16:06:34,129 - INFO - [2016preVFP] MISSING_CENTRAL: ZG3Mu/Central/jets/4/pt in Skim_TriLep_DoubleMuon_F.root
2025-12-17 16:06:34,150 - INFO - [2016preVFP] MISSING_CENTRAL: ZG3Mu/Central/jets/4/pt in Skim_TriLep_DoubleMuon_B.root
2025-12-17 16:06:34,151 - INFO - [2016preVFP] MISSING_CENTRAL: ZG3Mu/Central/jets/4/pt in Skim_TriLep_DoubleMuon_C.root
2025-12-17 16:06:34,165 - INFO - [2016preVFP] MISSING_CENTRAL: ZG3Mu/Central/jets/4/pt in Skim_TriLep_DoubleMuon_E.root
2025-12-17 16:06:34,165 - INFO - [2016preVFP] MISSING_CENTRAL: ZG3Mu/Central/jets/4/pt in Skim_TriLep_DoubleMuon_F.root
2025-12-17 16:06:34,188 - INFO - [2016preVFP] MISSING_CENTRAL: ZG3Mu/Central/jets/4/pt in Skim_TriLep_DYJets10to50.root
2025-12-17 16:06:34,188 - INFO - [2016preVFP] MISSING_FILE: /data9/Users/choij/Sync/workspace/ChargedHiggsAnalysisV3/SKNanoOutput/CRPromptSelector/Run3Mu_RunSyst/2016preVFP/Skim_TriLep_ZGToLLG.root
2025-12-17 16:06:34,189 - INFO - [2016preVFP] MISSING_CENTRAL: ZG3Mu/Central/jets/4/pt in Skim_TriLep_TTG.root
2025-12-17 16:06:34,190 - INFO - [2016preVFP] MISSING_CENTRAL: ZG3Mu/Central/jets/4/pt in Skim_TriLep_WWG.root
2025-12-17 16:06:34,191 - INFO - [2016preVFP] MISSING_CENTRAL: ZG3Mu/Central/jets/4/pt in Skim_TriLep_TTWToLNu.root
2025-12-17 16:06:34,260 - INFO - [2016preVFP] MISSING_CENTRAL: ZG3Mu/Central/jets/4/pt in Skim_TriLep_WWW.root
2025-12-17 16:06:34,260 - INFO - [2016preVFP] MISSING_CENTRAL: ZG3Mu/Central/jets/4/pt in Skim_TriLep_WWZ.root
2025-12-17 16:06:34,272 - INFO - [2016preVFP] MISSING_CENTRAL: ZG3Mu/Central/jets/4/pt in Skim_TriLep_ZZZ.root
2025-12-17 16:06:38,700 - INFO - [2016preVFP] MISSING_CENTRAL: ZG3Mu/Central/jets/4/pt in Skim_TriLep_DoubleMuon_C.root
2025-12-17 16:06:38,701 - INFO - [2016preVFP] MISSING_CENTRAL: ZG3Mu/Central/jets/4/pt in Skim_TriLep_DoubleMuon_D.root
2025-12-17 16:06:38,703 - INFO - [2016preVFP] MISSING_CENTRAL: ZG3Mu/Central/jets/4/pt in Skim_TriLep_DoubleMuon_E.root
2025-12-17 16:06:38,704 - INFO - [2016preVFP] MISSING_CENTRAL: ZG3Mu/Central/jets/4/pt in Skim_TriLep_DoubleMuon_F.root
2025-12-17 16:06:38,731 - INFO - [2016preVFP] MISSING_CENTRAL: ZG3Mu/Central/jets/4/pt in Skim_TriLep_DoubleMuon_B.root
2025-12-17 16:06:38,733 - INFO - [2016preVFP] MISSING_CENTRAL: ZG3Mu/Central/jets/4/pt in Skim_TriLep_DoubleMuon_C.root
2025-12-17 16:06:38,749 - INFO - [2016preVFP] MISSING_CENTRAL: ZG3Mu/Central/jets/4/pt in Skim_TriLep_DoubleMuon_E.root
2025-12-17 16:06:38,751 - INFO - [2016preVFP] MISSING_CENTRAL: ZG3Mu/Central/jets/4/pt in Skim_TriLep_DoubleMuon_F.root
2025-12-17 16:06:38,753 - INFO - [2016preVFP] MISSING_CENTRAL: ZG3Mu/Central/jets/4/pt in Skim_TriLep_DYJets10to50.root
2025-12-17 16:06:38,754 - INFO - [2016preVFP] MISSING_FILE: /data9/Users/choij/Sync/workspace/ChargedHiggsAnalysisV3/SKNanoOutput/CRPromptSelector/Run3Mu_RunSyst/2016preVFP/Skim_TriLep_ZGToLLG.root
2025-12-17 16:06:38,755 - INFO - [2016preVFP] MISSING_CENTRAL: ZG3Mu/Central/jets/4/pt in Skim_TriLep_TTG.root
2025-12-17 16:06:38,756 - INFO - [2016preVFP] MISSING_CENTRAL: ZG3Mu/Central/jets/4/pt in Skim_TriLep_WWG.root
2025-12-17 16:06:38,757 - INFO - [2016preVFP] MISSING_CENTRAL: ZG3Mu/Central/jets/4/pt in Skim_TriLep_TTWToLNu.root
2025-12-17 16:06:38,773 - INFO - [2016preVFP] MISSING_CENTRAL: ZG3Mu/Central/jets/4/pt in Skim_TriLep_WWW.root
2025-12-17 16:06:38,774 - INFO - [2016preVFP] MISSING_CENTRAL: ZG3Mu/Central/jets/4/pt in Skim_TriLep_WWZ.root
2025-12-17 16:06:38,777 - INFO - [2016preVFP] MISSING_CENTRAL: ZG3Mu/Central/jets/4/pt in Skim_TriLep_ZZZ.root
2025-12-17 22:30:39,492 - INFO - [2016preVFP] MISSING_CENTRAL: ZG3Mu/Central/jets/4/pt in Skim_TriLep_DoubleMuon_C.root
2025-12-17 22:30:39,493 - INFO - [2016preVFP] MISSING_CENTRAL: ZG3Mu/Central/jets/4/pt in Skim_TriLep_DoubleMuon_D.root
2025-12-17 22:30:39,495 - INFO - [2016preVFP] MISSING_CENTRAL: ZG3Mu/Central/jets/4/pt in Skim_TriLep_DoubleMuon_E.root
2025-12-17 22:30:39,496 - INFO - [2016preVFP] MISSING_CENTRAL: ZG3Mu/Central/jets/4/pt in Skim_TriLep_DoubleMuon_F.root
2025-12-17 22:30:39,522 - INFO - [2016preVFP] MISSING_CENTRAL: ZG3Mu/Central/jets/4/pt in Skim_TriLep_DoubleMuon_B.root
2025-12-17 22:30:39,523 - INFO - [2016preVFP] MISSING_CENTRAL: ZG3Mu/Central/jets/4/pt in Skim_TriLep_DoubleMuon_C.root
2025-12-17 22:30:39,539 - INFO - [2016preVFP] MISSING_CENTRAL: ZG3Mu/Central/jets/4/pt in Skim_TriLep_DoubleMuon_E.root
2025-12-17 22:30:39,540 - INFO - [2016preVFP] MISSING_CENTRAL: ZG3Mu/Central/jets/4/pt in Skim_TriLep_DoubleMuon_F.root
2025-12-17 22:30:39,570 - INFO - [2016preVFP] MISSING_CENTRAL: ZG3Mu/Central/jets/4/pt in Skim_TriLep_DYJets10to50.root
2025-12-17 22:30:39,570 - INFO - [2016preVFP] MISSING_FILE: /data9/Users/choij/Sync/workspace/ChargedHiggsAnalysisV3/SKNanoOutput/CRPromptSelector/Run3Mu_RunSyst/2016preVFP/Skim_TriLep_ZGToLLG.root
2025-12-17 22:30:39,571 - INFO - [2016preVFP] MISSING_CENTRAL: ZG3Mu/Central/jets/4/pt in Skim_TriLep_TTG.root
2025-12-17 22:30:39,572 - INFO - [2016preVFP] MISSING_CENTRAL: ZG3Mu/Central/jets/4/pt in Skim_TriLep_WWG.root
2025-12-17 22:30:39,573 - INFO - [2016preVFP] MISSING_CENTRAL: ZG3Mu/Central/jets/4/pt in Skim_TriLep_TTWToLNu.root
2025-12-17 22:30:39,685 - INFO - [2016preVFP] MISSING_CENTRAL: ZG3Mu/Central/jets/4/pt in Skim_TriLep_WWW.root
2025-12-17 22:30:39,686 - INFO - [2016preVFP] MISSING_CENTRAL: ZG3Mu/Central/jets/4/pt in Skim_TriLep_WWZ.root
2025-12-17 22:30:39,705 - INFO - [2016preVFP] MISSING_CENTRAL: ZG3Mu/Central/jets/4/pt in Skim_TriLep_ZZZ.root
2025-12-17 22:30:43,201 - INFO - [2016preVFP] MISSING_CENTRAL: ZG3Mu/Central/jets/4/pt in Skim_TriLep_DoubleMuon_C.root
2025-12-17 22:30:43,205 - INFO - [2016preVFP] MISSING_CENTRAL: ZG3Mu/Central/jets/4/pt in Skim_TriLep_DoubleMuon_D.root
2025-12-17 22:30:43,207 - INFO - [2016preVFP] MISSING_CENTRAL: ZG3Mu/Central/jets/4/pt in Skim_TriLep_DoubleMuon_E.root
2025-12-17 22:30:43,209 - INFO - [2016preVFP] MISSING_CENTRAL: ZG3Mu/Central/jets/4/pt in Skim_TriLep_DoubleMuon_F.root
2025-12-17 22:30:43,249 - INFO - [2016preVFP] MISSING_CENTRAL: ZG3Mu/Central/jets/4/pt in Skim_TriLep_DoubleMuon_B.root
2025-12-17 22:30:43,250 - INFO - [2016preVFP] MISSING_CENTRAL: ZG3Mu/Central/jets/4/pt in Skim_TriLep_DoubleMuon_C.root
2025-12-17 22:30:43,266 - INFO - [2016preVFP] MISSING_CENTRAL: ZG3Mu/Central/jets/4/pt in Skim_TriLep_DoubleMuon_E.root
2025-12-17 22:30:43,268 - INFO - [2016preVFP] MISSING_CENTRAL: ZG3Mu/Central/jets/4/pt in Skim_TriLep_DoubleMuon_F.root
2025-12-17 22:30:43,270 - INFO - [2016preVFP] MISSING_CENTRAL: ZG3Mu/Central/jets/4/pt in Skim_TriLep_DYJets10to50.root
2025-12-17 22:30:43,270 - INFO - [2016preVFP] MISSING_FILE: /data9/Users/choij/Sync/workspace/ChargedHiggsAnalysisV3/SKNanoOutput/CRPromptSelector/Run3Mu_RunSyst/2016preVFP/Skim_TriLep_ZGToLLG.root
2025-12-17 22:30:43,271 - INFO - [2016preVFP] MISSING_CENTRAL: ZG3Mu/Central/jets/4/pt in Skim_TriLep_TTG.root
2025-12-17 22:30:43,272 - INFO - [2016preVFP] MISSING_CENTRAL: ZG3Mu/Central/jets/4/pt in Skim_TriLep_WWG.root
2025-12-17 22:30:43,273 - INFO - [2016preVFP] MISSING_CENTRAL: ZG3Mu/Central/jets/4/pt in Skim_TriLep_TTWToLNu.root
2025-12-17 22:30:43,288 - INFO - [2016preVFP] MISSING_CENTRAL: ZG3Mu/Central/jets/4/pt in Skim_TriLep_WWW.root
2025-12-17 22:30:43,289 - INFO - [2016preVFP] MISSING_CENTRAL: ZG3Mu/Central/jets/4/pt in Skim_TriLep_WWZ.root
2025-12-17 22:30:43,292 - INFO - [2016preVFP] MISSING_CENTRAL: ZG3Mu/Central/jets/4/pt in Skim_TriLep_ZZZ.root
2025-12-18 14:09:27,408 - INFO - [2016preVFP] MISSING_CENTRAL: ZG3Mu/Central/jets/4/pt in Skim_TriLep_DoubleMuon_C.root
2025-12-18 14:09:27,410 - INFO - [2016preVFP] MISSING_CENTRAL: ZG3Mu/Central/jets/4/pt in Skim_TriLep_DoubleMuon_D.root
2025-12-18 14:09:27,411 - INFO - [2016preVFP] MISSING_CENTRAL: ZG3Mu/Central/jets/4/pt in Skim_TriLep_DoubleMuon_E.root
2025-12-18 14:09:27,412 - INFO - [2016preVFP] MISSING_CENTRAL: ZG3Mu/Central/jets/4/pt in Skim_TriLep_DoubleMuon_F.root
2025-12-18 14:09:27,438 - INFO - [2016preVFP] MISSING_CENTRAL: ZG3Mu/Central/jets/4/pt in Skim_TriLep_DoubleMuon_B.root
2025-12-18 14:09:27,440 - INFO - [2016preVFP] MISSING_CENTRAL: ZG3Mu/Central/jets/4/pt in Skim_TriLep_DoubleMuon_C.root
2025-12-18 14:09:27,457 - INFO - [2016preVFP] MISSING_CENTRAL: ZG3Mu/Central/jets/4/pt in Skim_TriLep_DoubleMuon_E.root
2025-12-18 14:09:27,458 - INFO - [2016preVFP] MISSING_CENTRAL: ZG3Mu/Central/jets/4/pt in Skim_TriLep_DoubleMuon_F.root
2025-12-18 14:09:27,487 - INFO - [2016preVFP] MISSING_CENTRAL: ZG3Mu/Central/jets/4/pt in Skim_TriLep_DYJets10to50.root
2025-12-18 14:09:27,487 - INFO - [2016preVFP] MISSING_FILE: /data9/Users/choij/Sync/workspace/ChargedHiggsAnalysisV3/SKNanoOutput/CRPromptSelector/Run3Mu_RunSyst/2016preVFP/Skim_TriLep_ZGToLLG.root
2025-12-18 14:09:27,488 - INFO - [2016preVFP] MISSING_CENTRAL: ZG3Mu/Central/jets/4/pt in Skim_TriLep_TTG.root
2025-12-18 14:09:27,489 - INFO - [2016preVFP] MISSING_CENTRAL: ZG3Mu/Central/jets/4/pt in Skim_TriLep_WWG.root
2025-12-18 14:09:27,490 - INFO - [2016preVFP] MISSING_CENTRAL: ZG3Mu/Central/jets/4/pt in Skim_TriLep_TTWToLNu.root
2025-12-18 14:09:27,564 - INFO - [2016preVFP] MISSING_CENTRAL: ZG3Mu/Central/jets/4/pt in Skim_TriLep_WWW.root
2025-12-18 14:09:27,565 - INFO - [2016preVFP] MISSING_CENTRAL: ZG3Mu/Central/jets/4/pt in Skim_TriLep_WWZ.root
2025-12-18 14:09:27,579 - INFO - [2016preVFP] MISSING_CENTRAL: ZG3Mu/Central/jets/4/pt in Skim_TriLep_ZZZ.root
2025-12-18 14:09:32,659 - INFO - [2016preVFP] MISSING_CENTRAL: ZG3Mu/Central/jets/4/pt in Skim_TriLep_DoubleMuon_C.root
2025-12-18 14:09:32,660 - INFO - [2016preVFP] MISSING_CENTRAL: ZG3Mu/Central/jets/4/pt in Skim_TriLep_DoubleMuon_D.root
2025-12-18 14:09:32,670 - INFO - [2016preVFP] MISSING_CENTRAL: ZG3Mu/Central/jets/4/pt in Skim_TriLep_DoubleMuon_E.root
2025-12-18 14:09:32,672 - INFO - [2016preVFP] MISSING_CENTRAL: ZG3Mu/Central/jets/4/pt in Skim_TriLep_DoubleMuon_F.root
2025-12-18 14:09:32,694 - INFO - [2016preVFP] MISSING_CENTRAL: ZG3Mu/Central/jets/4/pt in Skim_TriLep_DoubleMuon_B.root
2025-12-18 14:09:32,695 - INFO - [2016preVFP] MISSING_CENTRAL: ZG3Mu/Central/jets/4/pt in Skim_TriLep_DoubleMuon_C.root
2025-12-18 14:09:32,708 - INFO - [2016preVFP] MISSING_CENTRAL: ZG3Mu/Central/jets/4/pt in Skim_TriLep_DoubleMuon_E.root
2025-12-18 14:09:32,709 - INFO - [2016preVFP] MISSING_CENTRAL: ZG3Mu/Central/jets/4/pt in Skim_TriLep_DoubleMuon_F.root
2025-12-18 14:09:32,711 - INFO - [2016preVFP] MISSING_CENTRAL: ZG3Mu/Central/jets/4/pt in Skim_TriLep_DYJets10to50.root
2025-12-18 14:09:32,711 - INFO - [2016preVFP] MISSING_FILE: /data9/Users/choij/Sync/workspace/ChargedHiggsAnalysisV3/SKNanoOutput/CRPromptSelector/Run3Mu_RunSyst/2016preVFP/Skim_TriLep_ZGToLLG.root
2025-12-18 14:09:32,712 - INFO - [2016preVFP] MISSING_CENTRAL: ZG3Mu/Central/jets/4/pt in Skim_TriLep_TTG.root
2025-12-18 14:09:32,713 - INFO - [2016preVFP] MISSING_CENTRAL: ZG3Mu/Central/jets/4/pt in Skim_TriLep_WWG.root
2025-12-18 14:09:32,714 - INFO - [2016preVFP] MISSING_CENTRAL: ZG3Mu/Central/jets/4/pt in Skim_TriLep_TTWToLNu.root
2025-12-18 14:09:32,726 - INFO - [2016preVFP] MISSING_CENTRAL: ZG3Mu/Central/jets/4/pt in Skim_TriLep_WWW.root
2025-12-18 14:09:32,727 - INFO - [2016preVFP] MISSING_CENTRAL: ZG3Mu/Central/jets/4/pt in Skim_TriLep_WWZ.root
2025-12-18 14:09:32,730 - INFO - [2016preVFP] MISSING_CENTRAL: ZG3Mu/Central/jets/4/pt in Skim_TriLep_ZZZ.root
2025-12-18 14:13:33,044 - INFO - [2016preVFP] MISSING_CENTRAL: ZG3Mu/Central/jets/4/pt in Skim_TriLep_DoubleMuon_C.root
2025-12-18 14:13:33,045 - INFO - [2016preVFP] MISSING_CENTRAL: ZG3Mu/Central/jets/4/pt in Skim_TriLep_DoubleMuon_D.root
2025-12-18 14:13:33,046 - INFO - [2016preVFP] MISSING_CENTRAL: ZG3Mu/Central/jets/4/pt in Skim_TriLep_DoubleMuon_E.root
2025-12-18 14:13:33,047 - INFO - [2016preVFP] MISSING_CENTRAL: ZG3Mu/Central/jets/4/pt in Skim_TriLep_DoubleMuon_F.root
2025-12-18 14:13:33,076 - INFO - [2016preVFP] MISSING_CENTRAL: ZG3Mu/Central/jets/4/pt in Skim_TriLep_DoubleMuon_B.root
2025-12-18 14:13:33,077 - INFO - [2016preVFP] MISSING_CENTRAL: ZG3Mu/Central/jets/4/pt in Skim_TriLep_DoubleMuon_C.root
2025-12-18 14:13:33,094 - INFO - [2016preVFP] MISSING_CENTRAL: ZG3Mu/Central/jets/4/pt in Skim_TriLep_DoubleMuon_E.root
2025-12-18 14:13:33,095 - INFO - [2016preVFP] MISSING_CENTRAL: ZG3Mu/Central/jets/4/pt in Skim_TriLep_DoubleMuon_F.root
2025-12-18 14:13:33,125 - INFO - [2016preVFP] MISSING_CENTRAL: ZG3Mu/Central/jets/4/pt in Skim_TriLep_DYJets10to50.root
2025-12-18 14:13:33,125 - INFO - [2016preVFP] MISSING_FILE: /data9/Users/choij/Sync/workspace/ChargedHiggsAnalysisV3/SKNanoOutput/CRPromptSelector/Run3Mu_RunSyst/2016preVFP/Skim_TriLep_ZGToLLG.root
2025-12-18 14:13:33,126 - INFO - [2016preVFP] MISSING_CENTRAL: ZG3Mu/Central/jets/4/pt in Skim_TriLep_TTG.root
2025-12-18 14:13:33,127 - INFO - [2016preVFP] MISSING_CENTRAL: ZG3Mu/Central/jets/4/pt in Skim_TriLep_WWG.root
2025-12-18 14:13:33,129 - INFO - [2016preVFP] MISSING_CENTRAL: ZG3Mu/Central/jets/4/pt in Skim_TriLep_TTWToLNu.root
2025-12-18 14:13:33,239 - INFO - [2016preVFP] MISSING_CENTRAL: ZG3Mu/Central/jets/4/pt in Skim_TriLep_WWW.root
2025-12-18 14:13:33,240 - INFO - [2016preVFP] MISSING_CENTRAL: ZG3Mu/Central/jets/4/pt in Skim_TriLep_WWZ.root
2025-12-18 14:13:33,260 - INFO - [2016preVFP] MISSING_CENTRAL: ZG3Mu/Central/jets/4/pt in Skim_TriLep_ZZZ.root
2025-12-18 14:13:38,364 - INFO - [2016preVFP] MISSING_CENTRAL: ZG3Mu/Central/jets/4/pt in Skim_TriLep_DoubleMuon_C.root
2025-12-18 14:13:38,365 - INFO - [2016preVFP] MISSING_CENTRAL: ZG3Mu/Central/jets/4/pt in Skim_TriLep_DoubleMuon_D.root
2025-12-18 14:13:38,367 - INFO - [2016preVFP] MISSING_CENTRAL: ZG3Mu/Central/jets/4/pt in Skim_TriLep_DoubleMuon_E.root
2025-12-18 14:13:38,368 - INFO - [2016preVFP] MISSING_CENTRAL: ZG3Mu/Central/jets/4/pt in Skim_TriLep_DoubleMuon_F.root
2025-12-18 14:13:38,391 - INFO - [2016preVFP] MISSING_CENTRAL: ZG3Mu/Central/jets/4/pt in Skim_TriLep_DoubleMuon_B.root
2025-12-18 14:13:38,392 - INFO - [2016preVFP] MISSING_CENTRAL: ZG3Mu/Central/jets/4/pt in Skim_TriLep_DoubleMuon_C.root
2025-12-18 14:13:38,407 - INFO - [2016preVFP] MISSING_CENTRAL: ZG3Mu/Central/jets/4/pt in Skim_TriLep_DoubleMuon_E.root
2025-12-18 14:13:38,408 - INFO - [2016preVFP] MISSING_CENTRAL: ZG3Mu/Central/jets/4/pt in Skim_TriLep_DoubleMuon_F.root
2025-12-18 14:13:38,410 - INFO - [2016preVFP] MISSING_CENTRAL: ZG3Mu/Central/jets/4/pt in Skim_TriLep_DYJets10to50.root
2025-12-18 14:13:38,410 - INFO - [2016preVFP] MISSING_FILE: /data9/Users/choij/Sync/workspace/ChargedHiggsAnalysisV3/SKNanoOutput/CRPromptSelector/Run3Mu_RunSyst/2016preVFP/Skim_TriLep_ZGToLLG.root
2025-12-18 14:13:38,411 - INFO - [2016preVFP] MISSING_CENTRAL: ZG3Mu/Central/jets/4/pt in Skim_TriLep_TTG.root
2025-12-18 14:13:38,412 - INFO - [2016preVFP] MISSING_CENTRAL: ZG3Mu/Central/jets/4/pt in Skim_TriLep_WWG.root
2025-12-18 14:13:38,413 - INFO - [2016preVFP] MISSING_CENTRAL: ZG3Mu/Central/jets/4/pt in Skim_TriLep_TTWToLNu.root
2025-12-18 14:13:38,426 - INFO - [2016preVFP] MISSING_CENTRAL: ZG3Mu/Central/jets/4/pt in Skim_TriLep_WWW.root
2025-12-18 14:13:38,427 - INFO - [2016preVFP] MISSING_CENTRAL: ZG3Mu/Central/jets/4/pt in Skim_TriLep_WWZ.root
2025-12-18 14:13:38,429 - INFO - [2016preVFP] MISSING_CENTRAL: ZG3Mu/Central/jets/4/pt in Skim_TriLep_ZZZ.root
2025-12-18 14:29:04,220 - INFO - [2016preVFP] MISSING_CENTRAL: ZG3Mu/Central/jets/4/pt in Skim_TriLep_DoubleMuon_C.root
2025-12-18 14:29:04,221 - INFO - [2016preVFP] MISSING_CENTRAL: ZG3Mu/Central/jets/4/pt in Skim_TriLep_DoubleMuon_D.root
2025-12-18 14:29:04,222 - INFO - [2016preVFP] MISSING_CENTRAL: ZG3Mu/Central/jets/4/pt in Skim_TriLep_DoubleMuon_E.root
2025-12-18 14:29:04,223 - INFO - [2016preVFP] MISSING_CENTRAL: ZG3Mu/Central/jets/4/pt in Skim_TriLep_DoubleMuon_F.root
2025-12-18 14:29:04,250 - INFO - [2016preVFP] MISSING_CENTRAL: ZG3Mu/Central/jets/4/pt in Skim_TriLep_DoubleMuon_B.root
2025-12-18 14:29:04,251 - INFO - [2016preVFP] MISSING_CENTRAL: ZG3Mu/Central/jets/4/pt in Skim_TriLep_DoubleMuon_C.root
2025-12-18 14:29:04,266 - INFO - [2016preVFP] MISSING_CENTRAL: ZG3Mu/Central/jets/4/pt in Skim_TriLep_DoubleMuon_E.root
2025-12-18 14:29:04,267 - INFO - [2016preVFP] MISSING_CENTRAL: ZG3Mu/Central/jets/4/pt in Skim_TriLep_DoubleMuon_F.root
2025-12-18 14:29:04,297 - INFO - [2016preVFP] MISSING_CENTRAL: ZG3Mu/Central/jets/4/pt in Skim_TriLep_DYJets10to50.root
2025-12-18 14:29:04,298 - INFO - [2016preVFP] MISSING_FILE: /data9/Users/choij/Sync/workspace/ChargedHiggsAnalysisV3/SKNanoOutput/CRPromptSelector/Run3Mu_RunSyst/2016preVFP/Skim_TriLep_ZGToLLG.root
2025-12-18 14:29:04,298 - INFO - [2016preVFP] MISSING_CENTRAL: ZG3Mu/Central/jets/4/pt in Skim_TriLep_TTG.root
2025-12-18 14:29:04,299 - INFO - [2016preVFP] MISSING_CENTRAL: ZG3Mu/Central/jets/4/pt in Skim_TriLep_WWG.root
2025-12-18 14:29:04,300 - INFO - [2016preVFP] MISSING_CENTRAL: ZG3Mu/Central/jets/4/pt in Skim_TriLep_TTWToLNu.root
2025-12-18 14:29:04,410 - INFO - [2016preVFP] MISSING_CENTRAL: ZG3Mu/Central/jets/4/pt in Skim_TriLep_WWW.root
2025-12-18 14:29:04,411 - INFO - [2016preVFP] MISSING_CENTRAL: ZG3Mu/Central/jets/4/pt in Skim_TriLep_WWZ.root
2025-12-18 14:29:04,430 - INFO - [2016preVFP] MISSING_CENTRAL: ZG3Mu/Central/jets/4/pt in Skim_TriLep_ZZZ.root
2025-12-18 14:29:09,400 - INFO - [2016preVFP] MISSING_CENTRAL: ZG3Mu/Central/jets/4/pt in Skim_TriLep_DoubleMuon_C.root
2025-12-18 14:29:09,402 - INFO - [2016preVFP] MISSING_CENTRAL: ZG3Mu/Central/jets/4/pt in Skim_TriLep_DoubleMuon_D.root
2025-12-18 14:29:09,403 - INFO - [2016preVFP] MISSING_CENTRAL: ZG3Mu/Central/jets/4/pt in Skim_TriLep_DoubleMuon_E.root
2025-12-18 14:29:09,404 - INFO - [2016preVFP] MISSING_CENTRAL: ZG3Mu/Central/jets/4/pt in Skim_TriLep_DoubleMuon_F.root
2025-12-18 14:29:09,426 - INFO - [2016preVFP] MISSING_CENTRAL: ZG3Mu/Central/jets/4/pt in Skim_TriLep_DoubleMuon_B.root
2025-12-18 14:29:09,427 - INFO - [2016preVFP] MISSING_CENTRAL: ZG3Mu/Central/jets/4/pt in Skim_TriLep_DoubleMuon_C.root
2025-12-18 14:29:09,441 - INFO - [2016preVFP] MISSING_CENTRAL: ZG3Mu/Central/jets/4/pt in Skim_TriLep_DoubleMuon_E.root
2025-12-18 14:29:09,442 - INFO - [2016preVFP] MISSING_CENTRAL: ZG3Mu/Central/jets/4/pt in Skim_TriLep_DoubleMuon_F.root
2025-12-18 14:29:09,444 - INFO - [2016preVFP] MISSING_CENTRAL: ZG3Mu/Central/jets/4/pt in Skim_TriLep_DYJets10to50.root
2025-12-18 14:29:09,445 - INFO - [2016preVFP] MISSING_FILE: /data9/Users/choij/Sync/workspace/ChargedHiggsAnalysisV3/SKNanoOutput/CRPromptSelector/Run3Mu_RunSyst/2016preVFP/Skim_TriLep_ZGToLLG.root
2025-12-18 14:29:09,445 - INFO - [2016preVFP] MISSING_CENTRAL: ZG3Mu/Central/jets/4/pt in Skim_TriLep_TTG.root
2025-12-18 14:29:09,446 - INFO - [2016preVFP] MISSING_CENTRAL: ZG3Mu/Central/jets/4/pt in Skim_TriLep_WWG.root
2025-12-18 14:29:09,447 - INFO - [2016preVFP] MISSING_CENTRAL: ZG3Mu/Central/jets/4/pt in Skim_TriLep_TTWToLNu.root
2025-12-18 14:29:09,458 - INFO - [2016preVFP] MISSING_CENTRAL: ZG3Mu/Central/jets/4/pt in Skim_TriLep_WWW.root
2025-12-18 14:29:09,459 - INFO - [2016preVFP] MISSING_CENTRAL: ZG3Mu/Central/jets/4/pt in Skim_TriLep_WWZ.root
2025-12-18 14:29:09,461 - INFO - [2016preVFP] MISSING_CENTRAL: ZG3Mu/Central/jets/4/pt in Skim_TriLep_ZZZ.root
2026-01-07 11:39:19,364 - INFO - [2016preVFP] MISSING_FILE: /data9/Users/choij/Sync/workspace/ChargedHiggsAnalysisV3/SKNanoOutput/CRPromptSelector/Run3Mu/2016preVFP/Skim_TriLep_DoubleMuon_B.root
2026-01-07 11:39:19,364 - INFO - [2016preVFP] MISSING_FILE: /data9/Users/choij/Sync/workspace/ChargedHiggsAnalysisV3/SKNanoOutput/CRPromptSelector/Run3Mu/2016preVFP/Skim_TriLep_DoubleMuon_C.root
2026-01-07 11:39:19,364 - INFO - [2016preVFP] MISSING_FILE: /data9/Users/choij/Sync/workspace/ChargedHiggsAnalysisV3/SKNanoOutput/CRPromptSelector/Run3Mu/2016preVFP/Skim_TriLep_DoubleMuon_D.root
2026-01-07 11:39:19,364 - INFO - [2016preVFP] MISSING_FILE: /data9/Users/choij/Sync/workspace/ChargedHiggsAnalysisV3/SKNanoOutput/CRPromptSelector/Run3Mu/2016preVFP/Skim_TriLep_DoubleMuon_E.root
2026-01-07 11:39:19,364 - INFO - [2016preVFP] MISSING_FILE: /data9/Users/choij/Sync/workspace/ChargedHiggsAnalysisV3/SKNanoOutput/CRPromptSelector/Run3Mu/2016preVFP/Skim_TriLep_DoubleMuon_F.root
2026-01-07 11:39:23,234 - INFO - [2016preVFP] MISSING_FILE: /data9/Users/choij/Sync/workspace/ChargedHiggsAnalysisV3/SKNanoOutput/CRPromptSelector/Run3Mu/2016preVFP/Skim_TriLep_DoubleMuon_B.root
2026-01-07 11:39:23,234 - INFO - [2016preVFP] MISSING_FILE: /data9/Users/choij/Sync/workspace/ChargedHiggsAnalysisV3/SKNanoOutput/CRPromptSelector/Run3Mu/2016preVFP/Skim_TriLep_DoubleMuon_C.root
2026-01-07 11:39:23,235 - INFO - [2016preVFP] MISSING_FILE: /data9/Users/choij/Sync/workspace/ChargedHiggsAnalysisV3/SKNanoOutput/CRPromptSelector/Run3Mu/2016preVFP/Skim_TriLep_DoubleMuon_D.root
2026-01-07 11:39:23,235 - INFO - [2016preVFP] MISSING_FILE: /data9/Users/choij/Sync/workspace/ChargedHiggsAnalysisV3/SKNanoOutput/CRPromptSelector/Run3Mu/2016preVFP/Skim_TriLep_DoubleMuon_E.root
2026-01-07 11:39:23,235 - INFO - [2016preVFP] MISSING_FILE: /data9/Users/choij/Sync/workspace/ChargedHiggsAnalysisV3/SKNanoOutput/CRPromptSelector/Run3Mu/2016preVFP/Skim_TriLep_DoubleMuon_F.root
2026-01-07 18:36:47,521 - INFO - [2016preVFP] MISSING_CENTRAL: ZG3Mu/Central/jets/4/pt in Skim_TriLep_DoubleMuon_C.root
2026-01-07 18:36:47,522 - INFO - [2016preVFP] MISSING_CENTRAL: ZG3Mu/Central/jets/4/pt in Skim_TriLep_DoubleMuon_D.root
2026-01-07 18:36:47,523 - INFO - [2016preVFP] MISSING_CENTRAL: ZG3Mu/Central/jets/4/pt in Skim_TriLep_DoubleMuon_E.root
2026-01-07 18:36:47,525 - INFO - [2016preVFP] MISSING_CENTRAL: ZG3Mu/Central/jets/4/pt in Skim_TriLep_DoubleMuon_F.root
2026-01-07 18:36:47,551 - INFO - [2016preVFP] MISSING_CENTRAL: ZG3Mu/Central/jets/4/pt in Skim_TriLep_DoubleMuon_B.root
2026-01-07 18:36:47,552 - INFO - [2016preVFP] MISSING_CENTRAL: ZG3Mu/Central/jets/4/pt in Skim_TriLep_DoubleMuon_C.root
2026-01-07 18:36:47,568 - INFO - [2016preVFP] MISSING_CENTRAL: ZG3Mu/Central/jets/4/pt in Skim_TriLep_DoubleMuon_E.root
2026-01-07 18:36:47,570 - INFO - [2016preVFP] MISSING_CENTRAL: ZG3Mu/Central/jets/4/pt in Skim_TriLep_DoubleMuon_F.root
2026-01-07 18:36:47,599 - INFO - [2016preVFP] MISSING_CENTRAL: ZG3Mu/Central/jets/4/pt in Skim_TriLep_DYJets10to50.root
2026-01-07 18:36:47,600 - INFO - [2016preVFP] MISSING_FILE: /data9/Users/choij/Sync/workspace/ChargedHiggsAnalysisV3/SKNanoOutput/CRPromptSelector/Run3Mu_RunSyst/2016preVFP/Skim_TriLep_ZGToLLG.root
2026-01-07 18:36:47,601 - INFO - [2016preVFP] MISSING_CENTRAL: ZG3Mu/Central/jets/4/pt in Skim_TriLep_TTG.root
2026-01-07 18:36:47,602 - INFO - [2016preVFP] MISSING_CENTRAL: ZG3Mu/Central/jets/4/pt in Skim_TriLep_WWG.root
2026-01-07 18:36:47,604 - INFO - [2016preVFP] MISSING_CENTRAL: ZG3Mu/Central/jets/4/pt in Skim_TriLep_TTWToLNu.root
2026-01-07 18:36:47,714 - INFO - [2016preVFP] MISSING_CENTRAL: ZG3Mu/Central/jets/4/pt in Skim_TriLep_WWW.root
2026-01-07 18:36:47,715 - INFO - [2016preVFP] MISSING_CENTRAL: ZG3Mu/Central/jets/4/pt in Skim_TriLep_WWZ.root
2026-01-07 18:36:47,734 - INFO - [2016preVFP] MISSING_CENTRAL: ZG3Mu/Central/jets/4/pt in Skim_TriLep_ZZZ.root
2026-01-07 18:36:52,276 - INFO - [2016preVFP] MISSING_CENTRAL: ZG3Mu/Central/jets/4/pt in Skim_TriLep_DoubleMuon_C.root
2026-01-07 18:36:52,277 - INFO - [2016preVFP] MISSING_CENTRAL: ZG3Mu/Central/jets/4/pt in Skim_TriLep_DoubleMuon_D.root
2026-01-07 18:36:52,278 - INFO - [2016preVFP] MISSING_CENTRAL: ZG3Mu/Central/jets/4/pt in Skim_TriLep_DoubleMuon_E.root
2026-01-07 18:36:52,279 - INFO - [2016preVFP] MISSING_CENTRAL: ZG3Mu/Central/jets/4/pt in Skim_TriLep_DoubleMuon_F.root
2026-01-07 18:36:52,341 - INFO - [2016preVFP] MISSING_CENTRAL: ZG3Mu/Central/jets/4/pt in Skim_TriLep_DoubleMuon_B.root
2026-01-07 18:36:52,347 - INFO - [2016preVFP] MISSING_CENTRAL: ZG3Mu/Central/jets/4/pt in Skim_TriLep_DoubleMuon_C.root
2026-01-07 18:36:52,374 - INFO - [2016preVFP] MISSING_CENTRAL: ZG3Mu/Central/jets/4/pt in Skim_TriLep_DoubleMuon_E.root
2026-01-07 18:36:52,375 - INFO - [2016preVFP] MISSING_CENTRAL: ZG3Mu/Central/jets/4/pt in Skim_TriLep_DoubleMuon_F.root
2026-01-07 18:36:52,380 - INFO - [2016preVFP] MISSING_CENTRAL: ZG3Mu/Central/jets/4/pt in Skim_TriLep_DYJets10to50.root
2026-01-07 18:36:52,380 - INFO - [2016preVFP] MISSING_FILE: /data9/Users/choij/Sync/workspace/ChargedHiggsAnalysisV3/SKNanoOutput/CRPromptSelector/Run3Mu_RunSyst/2016preVFP/Skim_TriLep_ZGToLLG.root
2026-01-07 18:36:52,381 - INFO - [2016preVFP] MISSING_CENTRAL: ZG3Mu/Central/jets/4/pt in Skim_TriLep_TTG.root
2026-01-07 18:36:52,382 - INFO - [2016preVFP] MISSING_CENTRAL: ZG3Mu/Central/jets/4/pt in Skim_TriLep_WWG.root
2026-01-07 18:36:52,383 - INFO - [2016preVFP] MISSING_CENTRAL: ZG3Mu/Central/jets/4/pt in Skim_TriLep_TTWToLNu.root
2026-01-07 18:36:52,402 - INFO - [2016preVFP] MISSING_CENTRAL: ZG3Mu/Central/jets/4/pt in Skim_TriLep_WWW.root
2026-01-07 18:36:52,403 - INFO - [2016preVFP] MISSING_CENTRAL: ZG3Mu/Central/jets/4/pt in Skim_TriLep_WWZ.root
2026-01-07 18:36:52,405 - INFO - [2016preVFP] MISSING_CENTRAL: ZG3Mu/Central/jets/4/pt in Skim_TriLep_ZZZ.root
2026-01-09 12:09:52,487 - INFO - [2016preVFP] MISSING_CENTRAL: ZG3Mu/Central/jets/4/pt in Skim_TriLep_DoubleMuon_C.root
2026-01-09 12:09:52,488 - INFO - [2016preVFP] MISSING_CENTRAL: ZG3Mu/Central/jets/4/pt in Skim_TriLep_DoubleMuon_D.root
2026-01-09 12:09:52,490 - INFO - [2016preVFP] MISSING_CENTRAL: ZG3Mu/Central/jets/4/pt in Skim_TriLep_DoubleMuon_E.root
2026-01-09 12:09:52,491 - INFO - [2016preVFP] MISSING_CENTRAL: ZG3Mu/Central/jets/4/pt in Skim_TriLep_DoubleMuon_F.root
2026-01-09 12:09:52,515 - INFO - [2016preVFP] MISSING_CENTRAL: ZG3Mu/Central/jets/4/pt in Skim_TriLep_DoubleMuon_B.root
2026-01-09 12:09:52,516 - INFO - [2016preVFP] MISSING_CENTRAL: ZG3Mu/Central/jets/4/pt in Skim_TriLep_DoubleMuon_C.root
2026-01-09 12:09:52,527 - INFO - [2016preVFP] MISSING_CENTRAL: ZG3Mu/Central/jets/4/pt in Skim_TriLep_DoubleMuon_E.root
2026-01-09 12:09:52,528 - INFO - [2016preVFP] MISSING_CENTRAL: ZG3Mu/Central/jets/4/pt in Skim_TriLep_DoubleMuon_F.root
2026-01-09 12:09:52,559 - INFO - [2016preVFP] MISSING_CENTRAL: ZG3Mu/Central/jets/4/pt in Skim_TriLep_DYJets10to50.root
2026-01-09 12:09:52,559 - INFO - [2016preVFP] MISSING_FILE: /home/choij/Sync/workspace/ChargedHiggsAnalysisV3/SKNanoOutput/CRPromptSelector/Run3Mu_RunSyst/2016preVFP/Skim_TriLep_ZGToLLG.root
2026-01-09 12:09:52,559 - INFO - [2016preVFP] MISSING_CENTRAL: ZG3Mu/Central/jets/4/pt in Skim_TriLep_TTG.root
2026-01-09 12:09:52,560 - INFO - [2016preVFP] MISSING_CENTRAL: ZG3Mu/Central/jets/4/pt in Skim_TriLep_WWG.root
2026-01-09 12:09:52,561 - INFO - [2016preVFP] MISSING_CENTRAL: ZG3Mu/Central/jets/4/pt in Skim_TriLep_TTWToLNu.root
2026-01-09 12:09:52,656 - INFO - [2016preVFP] MISSING_CENTRAL: ZG3Mu/Central/jets/4/pt in Skim_TriLep_WWW.root
2026-01-09 12:09:52,656 - INFO - [2016preVFP] MISSING_CENTRAL: ZG3Mu/Central/jets/4/pt in Skim_TriLep_WWZ.root
2026-01-09 12:09:52,672 - INFO - [2016preVFP] MISSING_CENTRAL: ZG3Mu/Central/jets/4/pt in Skim_TriLep_ZZZ.root
2026-01-09 12:09:57,611 - INFO - [2016preVFP] MISSING_CENTRAL: ZG3Mu/Central/jets/4/pt in Skim_TriLep_DoubleMuon_C.root
2026-01-09 12:09:57,611 - INFO - [2016preVFP] MISSING_CENTRAL: ZG3Mu/Central/jets/4/pt in Skim_TriLep_DoubleMuon_D.root
2026-01-09 12:09:57,612 - INFO - [2016preVFP] MISSING_CENTRAL: ZG3Mu/Central/jets/4/pt in Skim_TriLep_DoubleMuon_E.root
2026-01-09 12:09:57,612 - INFO - [2016preVFP] MISSING_CENTRAL: ZG3Mu/Central/jets/4/pt in Skim_TriLep_DoubleMuon_F.root
2026-01-09 12:09:57,635 - INFO - [2016preVFP] MISSING_CENTRAL: ZG3Mu/Central/jets/4/pt in Skim_TriLep_DoubleMuon_B.root
2026-01-09 12:09:57,635 - INFO - [2016preVFP] MISSING_CENTRAL: ZG3Mu/Central/jets/4/pt in Skim_TriLep_DoubleMuon_C.root
2026-01-09 12:09:57,645 - INFO - [2016preVFP] MISSING_CENTRAL: ZG3Mu/Central/jets/4/pt in Skim_TriLep_DoubleMuon_E.root
2026-01-09 12:09:57,646 - INFO - [2016preVFP] MISSING_CENTRAL: ZG3Mu/Central/jets/4/pt in Skim_TriLep_DoubleMuon_F.root
2026-01-09 12:09:57,647 - INFO - [2016preVFP] MISSING_CENTRAL: ZG3Mu/Central/jets/4/pt in Skim_TriLep_DYJets10to50.root
2026-01-09 12:09:57,647 - INFO - [2016preVFP] MISSING_FILE: /home/choij/Sync/workspace/ChargedHiggsAnalysisV3/SKNanoOutput/CRPromptSelector/Run3Mu_RunSyst/2016preVFP/Skim_TriLep_ZGToLLG.root
2026-01-09 12:09:57,648 - INFO - [2016preVFP] MISSING_CENTRAL: ZG3Mu/Central/jets/4/pt in Skim_TriLep_TTG.root
2026-01-09 12:09:57,648 - INFO - [2016preVFP] MISSING_CENTRAL: ZG3Mu/Central/jets/4/pt in Skim_TriLep_WWG.root
2026-01-09 12:09:57,649 - INFO - [2016preVFP] MISSING_CENTRAL: ZG3Mu/Central/jets/4/pt in Skim_TriLep_TTWToLNu.root
2026-01-09 12:09:57,661 - INFO - [2016preVFP] MISSING_CENTRAL: ZG3Mu/Central/jets/4/pt in Skim_TriLep_WWW.root
2026-01-09 12:09:57,661 - INFO - [2016preVFP] MISSING_CENTRAL: ZG3Mu/Central/jets/4/pt in Skim_TriLep_WWZ.root
2026-01-09 12:09:57,662 - INFO - [2016preVFP] MISSING_CENTRAL: ZG3Mu/Central/jets/4/pt in Skim_TriLep_ZZZ.root
2026-01-11 09:29:56,751 - INFO - [2016preVFP] MISSING_CENTRAL: ZG3Mu/Central/jets/4/pt in Skim_TriLep_DoubleMuon_C.root
2026-01-11 09:29:56,752 - INFO - [2016preVFP] MISSING_CENTRAL: ZG3Mu/Central/jets/4/pt in Skim_TriLep_DoubleMuon_D.root
2026-01-11 09:29:56,753 - INFO - [2016preVFP] MISSING_CENTRAL: ZG3Mu/Central/jets/4/pt in Skim_TriLep_DoubleMuon_E.root
2026-01-11 09:29:56,753 - INFO - [2016preVFP] MISSING_CENTRAL: ZG3Mu/Central/jets/4/pt in Skim_TriLep_DoubleMuon_F.root
2026-01-11 09:29:56,775 - INFO - [2016preVFP] MISSING_CENTRAL: ZG3Mu/Central/jets/4/pt in Skim_TriLep_DoubleMuon_B.root
2026-01-11 09:29:56,776 - INFO - [2016preVFP] MISSING_CENTRAL: ZG3Mu/Central/jets/4/pt in Skim_TriLep_DoubleMuon_C.root
2026-01-11 09:29:56,785 - INFO - [2016preVFP] MISSING_CENTRAL: ZG3Mu/Central/jets/4/pt in Skim_TriLep_DoubleMuon_E.root
2026-01-11 09:29:56,786 - INFO - [2016preVFP] MISSING_CENTRAL: ZG3Mu/Central/jets/4/pt in Skim_TriLep_DoubleMuon_F.root
2026-01-11 09:29:56,804 - INFO - [2016preVFP] MISSING_CENTRAL: ZG3Mu/Central/jets/4/pt in Skim_TriLep_DYJets10to50.root
2026-01-11 09:29:56,804 - INFO - [2016preVFP] MISSING_FILE: /home/choij/Sync/workspace/ChargedHiggsAnalysisV3/SKNanoOutput/CRPromptSelector/Run3Mu_RunSyst/2016preVFP/Skim_TriLep_ZGToLLG.root
2026-01-11 09:29:56,805 - INFO - [2016preVFP] MISSING_CENTRAL: ZG3Mu/Central/jets/4/pt in Skim_TriLep_TTG.root
2026-01-11 09:29:56,805 - INFO - [2016preVFP] MISSING_CENTRAL: ZG3Mu/Central/jets/4/pt in Skim_TriLep_WWG.root
2026-01-11 09:29:56,806 - INFO - [2016preVFP] MISSING_CENTRAL: ZG3Mu/Central/jets/4/pt in Skim_TriLep_TTWToLNu.root
2026-01-11 09:29:56,874 - INFO - [2016preVFP] MISSING_CENTRAL: ZG3Mu/Central/jets/4/pt in Skim_TriLep_WWW.root
2026-01-11 09:29:56,875 - INFO - [2016preVFP] MISSING_CENTRAL: ZG3Mu/Central/jets/4/pt in Skim_TriLep_WWZ.root
2026-01-11 09:29:56,885 - INFO - [2016preVFP] MISSING_CENTRAL: ZG3Mu/Central/jets/4/pt in Skim_TriLep_ZZZ.root
2026-01-11 09:30:01,772 - INFO - [2016preVFP] MISSING_CENTRAL: ZG3Mu/Central/jets/4/pt in Skim_TriLep_DoubleMuon_C.root
2026-01-11 09:30:01,773 - INFO - [2016preVFP] MISSING_CENTRAL: ZG3Mu/Central/jets/4/pt in Skim_TriLep_DoubleMuon_D.root
2026-01-11 09:30:01,774 - INFO - [2016preVFP] MISSING_CENTRAL: ZG3Mu/Central/jets/4/pt in Skim_TriLep_DoubleMuon_E.root
2026-01-11 09:30:01,774 - INFO - [2016preVFP] MISSING_CENTRAL: ZG3Mu/Central/jets/4/pt in Skim_TriLep_DoubleMuon_F.root
2026-01-11 09:30:01,796 - INFO - [2016preVFP] MISSING_CENTRAL: ZG3Mu/Central/jets/4/pt in Skim_TriLep_DoubleMuon_B.root
2026-01-11 09:30:01,796 - INFO - [2016preVFP] MISSING_CENTRAL: ZG3Mu/Central/jets/4/pt in Skim_TriLep_DoubleMuon_C.root
2026-01-11 09:30:01,806 - INFO - [2016preVFP] MISSING_CENTRAL: ZG3Mu/Central/jets/4/pt in Skim_TriLep_DoubleMuon_E.root
2026-01-11 09:30:01,807 - INFO - [2016preVFP] MISSING_CENTRAL: ZG3Mu/Central/jets/4/pt in Skim_TriLep_DoubleMuon_F.root
2026-01-11 09:30:01,808 - INFO - [2016preVFP] MISSING_CENTRAL: ZG3Mu/Central/jets/4/pt in Skim_TriLep_DYJets10to50.root
2026-01-11 09:30:01,808 - INFO - [2016preVFP] MISSING_FILE: /home/choij/Sync/workspace/ChargedHiggsAnalysisV3/SKNanoOutput/CRPromptSelector/Run3Mu_RunSyst/2016preVFP/Skim_TriLep_ZGToLLG.root
2026-01-11 09:30:01,808 - INFO - [2016preVFP] MISSING_CENTRAL: ZG3Mu/Central/jets/4/pt in Skim_TriLep_TTG.root
2026-01-11 09:30:01,809 - INFO - [2016preVFP] MISSING_CENTRAL: ZG3Mu/Central/jets/4/pt in Skim_TriLep_WWG.root
2026-01-11 09:30:01,809 - INFO - [2016preVFP] MISSING_CENTRAL: ZG3Mu/Central/jets/4/pt in Skim_TriLep_TTWToLNu.root
2026-01-11 09:30:01,821 - INFO - [2016preVFP] MISSING_CENTRAL: ZG3Mu/Central/jets/4/pt in Skim_TriLep_WWW.root
2026-01-11 09:30:01,822 - INFO - [2016preVFP] MISSING_CENTRAL: ZG3Mu/Central/jets/4/pt in Skim_TriLep_WWZ.root
2026-01-11 09:30:01,823 - INFO - [2016preVFP] MISSING_CENTRAL: ZG3Mu/Central/jets/4/pt in Skim_TriLep_ZZZ.root
2026-01-12 13:38:27,022 - INFO - [2016preVFP] MISSING_CENTRAL: ZG3Mu/Central/jets/4/pt in Skim_TriLep_DoubleMuon_C.root
2026-01-12 13:38:27,023 - INFO - [2016preVFP] MISSING_CENTRAL: ZG3Mu/Central/jets/4/pt in Skim_TriLep_DoubleMuon_D.root
2026-01-12 13:38:27,024 - INFO - [2016preVFP] MISSING_CENTRAL: ZG3Mu/Central/jets/4/pt in Skim_TriLep_DoubleMuon_E.root
2026-01-12 13:38:27,024 - INFO - [2016preVFP] MISSING_CENTRAL: ZG3Mu/Central/jets/4/pt in Skim_TriLep_DoubleMuon_F.root
2026-01-12 13:38:27,047 - INFO - [2016preVFP] MISSING_CENTRAL: ZG3Mu/Central/jets/4/pt in Skim_TriLep_DoubleMuon_B.root
2026-01-12 13:38:27,047 - INFO - [2016preVFP] MISSING_CENTRAL: ZG3Mu/Central/jets/4/pt in Skim_TriLep_DoubleMuon_C.root
2026-01-12 13:38:27,057 - INFO - [2016preVFP] MISSING_CENTRAL: ZG3Mu/Central/jets/4/pt in Skim_TriLep_DoubleMuon_E.root
2026-01-12 13:38:27,058 - INFO - [2016preVFP] MISSING_CENTRAL: ZG3Mu/Central/jets/4/pt in Skim_TriLep_DoubleMuon_F.root
2026-01-12 13:38:27,075 - INFO - [2016preVFP] MISSING_CENTRAL: ZG3Mu/Central/jets/4/pt in Skim_TriLep_DYJets10to50.root
2026-01-12 13:38:27,075 - INFO - [2016preVFP] MISSING_FILE: /home/choij/Sync/workspace/ChargedHiggsAnalysisV3/SKNanoOutput/CRPromptSelector/Run3Mu_RunSyst/2016preVFP/Skim_TriLep_ZGToLLG.root
2026-01-12 13:38:27,076 - INFO - [2016preVFP] MISSING_CENTRAL: ZG3Mu/Central/jets/4/pt in Skim_TriLep_TTG.root
2026-01-12 13:38:27,076 - INFO - [2016preVFP] MISSING_CENTRAL: ZG3Mu/Central/jets/4/pt in Skim_TriLep_WWG.root
2026-01-12 13:38:27,077 - INFO - [2016preVFP] MISSING_CENTRAL: ZG3Mu/Central/jets/4/pt in Skim_TriLep_TTWToLNu.root
2026-01-12 13:38:27,143 - INFO - [2016preVFP] MISSING_CENTRAL: ZG3Mu/Central/jets/4/pt in Skim_TriLep_WWW.root
2026-01-12 13:38:27,144 - INFO - [2016preVFP] MISSING_CENTRAL: ZG3Mu/Central/jets/4/pt in Skim_TriLep_WWZ.root
2026-01-12 13:38:27,156 - INFO - [2016preVFP] MISSING_CENTRAL: ZG3Mu/Central/jets/4/pt in Skim_TriLep_ZZZ.root
2026-01-12 13:38:32,342 - INFO - [2016preVFP] MISSING_CENTRAL: ZG3Mu/Central/jets/4/pt in Skim_TriLep_DoubleMuon_C.root
2026-01-12 13:38:32,343 - INFO - [2016preVFP] MISSING_CENTRAL: ZG3Mu/Central/jets/4/pt in Skim_TriLep_DoubleMuon_D.root
2026-01-12 13:38:32,344 - INFO - [2016preVFP] MISSING_CENTRAL: ZG3Mu/Central/jets/4/pt in Skim_TriLep_DoubleMuon_E.root
2026-01-12 13:38:32,344 - INFO - [2016preVFP] MISSING_CENTRAL: ZG3Mu/Central/jets/4/pt in Skim_TriLep_DoubleMuon_F.root
2026-01-12 13:38:32,368 - INFO - [2016preVFP] MISSING_CENTRAL: ZG3Mu/Central/jets/4/pt in Skim_TriLep_DoubleMuon_B.root
2026-01-12 13:38:32,369 - INFO - [2016preVFP] MISSING_CENTRAL: ZG3Mu/Central/jets/4/pt in Skim_TriLep_DoubleMuon_C.root
2026-01-12 13:38:32,379 - INFO - [2016preVFP] MISSING_CENTRAL: ZG3Mu/Central/jets/4/pt in Skim_TriLep_DoubleMuon_E.root
2026-01-12 13:38:32,380 - INFO - [2016preVFP] MISSING_CENTRAL: ZG3Mu/Central/jets/4/pt in Skim_TriLep_DoubleMuon_F.root
2026-01-12 13:38:32,381 - INFO - [2016preVFP] MISSING_CENTRAL: ZG3Mu/Central/jets/4/pt in Skim_TriLep_DYJets10to50.root
2026-01-12 13:38:32,382 - INFO - [2016preVFP] MISSING_FILE: /home/choij/Sync/workspace/ChargedHiggsAnalysisV3/SKNanoOutput/CRPromptSelector/Run3Mu_RunSyst/2016preVFP/Skim_TriLep_ZGToLLG.root
2026-01-12 13:38:32,382 - INFO - [2016preVFP] MISSING_CENTRAL: ZG3Mu/Central/jets/4/pt in Skim_TriLep_TTG.root
2026-01-12 13:38:32,383 - INFO - [2016preVFP] MISSING_CENTRAL: ZG3Mu/Central/jets/4/pt in Skim_TriLep_WWG.root
2026-01-12 13:38:32,383 - INFO - [2016preVFP] MISSING_CENTRAL: ZG3Mu/Central/jets/4/pt in Skim_TriLep_TTWToLNu.root
2026-01-12 13:38:32,397 - INFO - [2016preVFP] MISSING_CENTRAL: ZG3Mu/Central/jets/4/pt in Skim_TriLep_WWW.root
2026-01-12 13:38:32,397 - INFO - [2016preVFP] MISSING_CENTRAL: ZG3Mu/Central/jets/4/pt in Skim_TriLep_WWZ.root
2026-01-12 13:38:32,399 - INFO - [2016preVFP] MISSING_CENTRAL: ZG3Mu/Central/jets/4/pt in Skim_TriLep_ZZZ.root
2026-01-16 18:53:56,594 - INFO - [2016preVFP] MISSING_CENTRAL: ZG3Mu/Central/jets/4/pt in Skim_TriLep_DoubleMuon_C.root
2026-01-16 18:53:56,594 - INFO - [2016preVFP] MISSING_CENTRAL: ZG3Mu/Central/jets/4/pt in Skim_TriLep_DoubleMuon_D.root
2026-01-16 18:53:56,595 - INFO - [2016preVFP] MISSING_CENTRAL: ZG3Mu/Central/jets/4/pt in Skim_TriLep_DoubleMuon_E.root
2026-01-16 18:53:56,595 - INFO - [2016preVFP] MISSING_CENTRAL: ZG3Mu/Central/jets/4/pt in Skim_TriLep_DoubleMuon_F.root
2026-01-16 18:53:56,614 - INFO - [2016preVFP] MISSING_CENTRAL: ZG3Mu/Central/jets/4/pt in Skim_TriLep_DoubleMuon_B.root
2026-01-16 18:53:56,615 - INFO - [2016preVFP] MISSING_CENTRAL: ZG3Mu/Central/jets/4/pt in Skim_TriLep_DoubleMuon_C.root
2026-01-16 18:53:56,622 - INFO - [2016preVFP] MISSING_CENTRAL: ZG3Mu/Central/jets/4/pt in Skim_TriLep_DoubleMuon_E.root
2026-01-16 18:53:56,623 - INFO - [2016preVFP] MISSING_CENTRAL: ZG3Mu/Central/jets/4/pt in Skim_TriLep_DoubleMuon_F.root
2026-01-16 18:53:56,637 - INFO - [2016preVFP] MISSING_CENTRAL: ZG3Mu/Central/jets/4/pt in Skim_TriLep_DYJets10to50.root
2026-01-16 18:53:56,637 - INFO - [2016preVFP] MISSING_FILE: /home/choij/Sync/workspace/ChargedHiggsAnalysisV3/SKNanoOutput/CRPromptSelector/Run3Mu_RunSyst/2016preVFP/Skim_TriLep_ZGToLLG.root
2026-01-16 18:53:56,638 - INFO - [2016preVFP] MISSING_CENTRAL: ZG3Mu/Central/jets/4/pt in Skim_TriLep_TTG.root
2026-01-16 18:53:56,638 - INFO - [2016preVFP] MISSING_CENTRAL: ZG3Mu/Central/jets/4/pt in Skim_TriLep_WWG.root
2026-01-16 18:53:56,639 - INFO - [2016preVFP] MISSING_CENTRAL: ZG3Mu/Central/jets/4/pt in Skim_TriLep_TTWToLNu.root
2026-01-16 18:53:56,707 - INFO - [2016preVFP] MISSING_CENTRAL: ZG3Mu/Central/jets/4/pt in Skim_TriLep_WWW.root
2026-01-16 18:53:56,707 - INFO - [2016preVFP] MISSING_CENTRAL: ZG3Mu/Central/jets/4/pt in Skim_TriLep_WWZ.root
2026-01-16 18:53:56,719 - INFO - [2016preVFP] MISSING_CENTRAL: ZG3Mu/Central/jets/4/pt in Skim_TriLep_ZZZ.root
2026-01-16 18:54:01,700 - INFO - [2016preVFP] MISSING_CENTRAL: ZG3Mu/Central/jets/4/pt in Skim_TriLep_DoubleMuon_C.root
2026-01-16 18:54:01,700 - INFO - [2016preVFP] MISSING_CENTRAL: ZG3Mu/Central/jets/4/pt in Skim_TriLep_DoubleMuon_D.root
2026-01-16 18:54:01,701 - INFO - [2016preVFP] MISSING_CENTRAL: ZG3Mu/Central/jets/4/pt in Skim_TriLep_DoubleMuon_E.root
2026-01-16 18:54:01,701 - INFO - [2016preVFP] MISSING_CENTRAL: ZG3Mu/Central/jets/4/pt in Skim_TriLep_DoubleMuon_F.root
2026-01-16 18:54:01,724 - INFO - [2016preVFP] MISSING_CENTRAL: ZG3Mu/Central/jets/4/pt in Skim_TriLep_DoubleMuon_B.root
2026-01-16 18:54:01,724 - INFO - [2016preVFP] MISSING_CENTRAL: ZG3Mu/Central/jets/4/pt in Skim_TriLep_DoubleMuon_C.root
2026-01-16 18:54:01,734 - INFO - [2016preVFP] MISSING_CENTRAL: ZG3Mu/Central/jets/4/pt in Skim_TriLep_DoubleMuon_E.root
2026-01-16 18:54:01,734 - INFO - [2016preVFP] MISSING_CENTRAL: ZG3Mu/Central/jets/4/pt in Skim_TriLep_DoubleMuon_F.root
2026-01-16 18:54:01,735 - INFO - [2016preVFP] MISSING_CENTRAL: ZG3Mu/Central/jets/4/pt in Skim_TriLep_DYJets10to50.root
2026-01-16 18:54:01,736 - INFO - [2016preVFP] MISSING_FILE: /home/choij/Sync/workspace/ChargedHiggsAnalysisV3/SKNanoOutput/CRPromptSelector/Run3Mu_RunSyst/2016preVFP/Skim_TriLep_ZGToLLG.root
2026-01-16 18:54:01,736 - INFO - [2016preVFP] MISSING_CENTRAL: ZG3Mu/Central/jets/4/pt in Skim_TriLep_TTG.root
2026-01-16 18:54:01,736 - INFO - [2016preVFP] MISSING_CENTRAL: ZG3Mu/Central/jets/4/pt in Skim_TriLep_WWG.root
2026-01-16 18:54:01,737 - INFO - [2016preVFP] MISSING_CENTRAL: ZG3Mu/Central/jets/4/pt in Skim_TriLep_TTWToLNu.root
2026-01-16 18:54:01,749 - INFO - [2016preVFP] MISSING_CENTRAL: ZG3Mu/Central/jets/4/pt in Skim_TriLep_WWW.root
2026-01-16 18:54:01,750 - INFO - [2016preVFP] MISSING_CENTRAL: ZG3Mu/Central/jets/4/pt in Skim_TriLep_WWZ.root
2026-01-16 18:54:01,751 - INFO - [2016preVFP] MISSING_CENTRAL: ZG3Mu/Central/jets/4/pt in Skim_TriLep_ZZZ.root
2026-01-28 14:58:51,854 - INFO - [2016preVFP] MISSING_CENTRAL: ZG3Mu/Central/jets/4/pt in Skim_TriLep_DoubleMuon_C.root
2026-01-28 14:58:51,855 - INFO - [2016preVFP] MISSING_CENTRAL: ZG3Mu/Central/jets/4/pt in Skim_TriLep_DoubleMuon_D.root
2026-01-28 14:58:51,855 - INFO - [2016preVFP] MISSING_CENTRAL: ZG3Mu/Central/jets/4/pt in Skim_TriLep_DoubleMuon_E.root
2026-01-28 14:58:51,856 - INFO - [2016preVFP] MISSING_CENTRAL: ZG3Mu/Central/jets/4/pt in Skim_TriLep_DoubleMuon_F.root
2026-01-28 14:58:51,889 - INFO - [2016preVFP] MISSING_CENTRAL: ZG3Mu/Central/jets/4/pt in Skim_TriLep_DoubleMuon_C.root
2026-01-28 14:58:51,890 - INFO - [2016preVFP] MISSING_CENTRAL: ZG3Mu/Central/jets/4/pt in Skim_TriLep_DoubleMuon_E.root
2026-01-28 14:58:51,891 - INFO - [2016preVFP] MISSING_CENTRAL: ZG3Mu/Central/jets/4/pt in Skim_TriLep_DoubleMuon_F.root
2026-01-28 14:58:51,915 - INFO - [2016preVFP] MISSING_CENTRAL: ZG3Mu/Central/jets/4/pt in Skim_TriLep_DYJets10to50.root
2026-01-28 14:58:51,916 - INFO - [2016preVFP] MISSING_CENTRAL: ZG3Mu/Central/jets/4/pt in Skim_TriLep_TTG.root
2026-01-28 14:58:51,916 - INFO - [2016preVFP] MISSING_CENTRAL: ZG3Mu/Central/jets/4/pt in Skim_TriLep_WWG.root
2026-01-28 14:58:51,917 - INFO - [2016preVFP] MISSING_CENTRAL: ZG3Mu/Central/jets/4/pt in Skim_TriLep_TTWToLNu.root
2026-01-28 14:58:52,015 - INFO - [2016preVFP] MISSING_CENTRAL: ZG3Mu/Central/jets/4/pt in Skim_TriLep_WWW.root
2026-01-28 14:58:52,016 - INFO - [2016preVFP] MISSING_CENTRAL: ZG3Mu/Central/jets/4/pt in Skim_TriLep_WWZ.root
2026-01-28 14:58:52,032 - INFO - [2016preVFP] MISSING_CENTRAL: ZG3Mu/Central/jets/4/pt in Skim_TriLep_ZZZ.root
2026-01-28 14:58:57,451 - INFO - [2016preVFP] MISSING_CENTRAL: ZG3Mu/Central/jets/4/pt in Skim_TriLep_DoubleMuon_C.root
2026-01-28 14:58:57,452 - INFO - [2016preVFP] MISSING_CENTRAL: ZG3Mu/Central/jets/4/pt in Skim_TriLep_DoubleMuon_D.root
2026-01-28 14:58:57,452 - INFO - [2016preVFP] MISSING_CENTRAL: ZG3Mu/Central/jets/4/pt in Skim_TriLep_DoubleMuon_E.root
2026-01-28 14:58:57,453 - INFO - [2016preVFP] MISSING_CENTRAL: ZG3Mu/Central/jets/4/pt in Skim_TriLep_DoubleMuon_F.root
2026-01-28 14:58:57,513 - INFO - [2016preVFP] MISSING_CENTRAL: ZG3Mu/Central/jets/4/pt in Skim_TriLep_DoubleMuon_C.root
2026-01-28 14:58:57,515 - INFO - [2016preVFP] MISSING_CENTRAL: ZG3Mu/Central/jets/4/pt in Skim_TriLep_DoubleMuon_E.root
2026-01-28 14:58:57,515 - INFO - [2016preVFP] MISSING_CENTRAL: ZG3Mu/Central/jets/4/pt in Skim_TriLep_DoubleMuon_F.root
2026-01-28 14:58:57,517 - INFO - [2016preVFP] MISSING_CENTRAL: ZG3Mu/Central/jets/4/pt in Skim_TriLep_DYJets10to50.root
2026-01-28 14:58:57,517 - INFO - [2016preVFP] MISSING_CENTRAL: ZG3Mu/Central/jets/4/pt in Skim_TriLep_TTG.root
2026-01-28 14:58:57,518 - INFO - [2016preVFP] MISSING_CENTRAL: ZG3Mu/Central/jets/4/pt in Skim_TriLep_WWG.root
2026-01-28 14:58:57,518 - INFO - [2016preVFP] MISSING_CENTRAL: ZG3Mu/Central/jets/4/pt in Skim_TriLep_TTWToLNu.root
2026-01-28 14:58:57,533 - INFO - [2016preVFP] MISSING_CENTRAL: ZG3Mu/Central/jets/4/pt in Skim_TriLep_WWW.root
2026-01-28 14:58:57,533 - INFO - [2016preVFP] MISSING_CENTRAL: ZG3Mu/Central/jets/4/pt in Skim_TriLep_WWZ.root
2026-01-28 14:58:57,535 - INFO - [2016preVFP] MISSING_CENTRAL: ZG3Mu/Central/jets/4/pt in Skim_TriLep_ZZZ.root
2026-01-28 15:11:28,883 - INFO - [2016preVFP] MISSING_CENTRAL: ZG3Mu/Central/jets/4/pt in Skim_TriLep_DoubleMuon_C.root
2026-01-28 15:11:28,883 - INFO - [2016preVFP] MISSING_CENTRAL: ZG3Mu/Central/jets/4/pt in Skim_TriLep_DoubleMuon_D.root
2026-01-28 15:11:28,884 - INFO - [2016preVFP] MISSING_CENTRAL: ZG3Mu/Central/jets/4/pt in Skim_TriLep_DoubleMuon_E.root
2026-01-28 15:11:28,884 - INFO - [2016preVFP] MISSING_CENTRAL: ZG3Mu/Central/jets/4/pt in Skim_TriLep_DoubleMuon_F.root
2026-01-28 15:11:28,917 - INFO - [2016preVFP] MISSING_CENTRAL: ZG3Mu/Central/jets/4/pt in Skim_TriLep_DoubleMuon_C.root
2026-01-28 15:11:28,918 - INFO - [2016preVFP] MISSING_CENTRAL: ZG3Mu/Central/jets/4/pt in Skim_TriLep_DoubleMuon_E.root
2026-01-28 15:11:28,919 - INFO - [2016preVFP] MISSING_CENTRAL: ZG3Mu/Central/jets/4/pt in Skim_TriLep_DoubleMuon_F.root
2026-01-28 15:11:28,943 - INFO - [2016preVFP] MISSING_CENTRAL: ZG3Mu/Central/jets/4/pt in Skim_TriLep_DYJets10to50.root
2026-01-28 15:11:28,944 - INFO - [2016preVFP] MISSING_CENTRAL: ZG3Mu/Central/jets/4/pt in Skim_TriLep_TTG.root
2026-01-28 15:11:28,944 - INFO - [2016preVFP] MISSING_CENTRAL: ZG3Mu/Central/jets/4/pt in Skim_TriLep_WWG.root
2026-01-28 15:11:28,945 - INFO - [2016preVFP] MISSING_CENTRAL: ZG3Mu/Central/jets/4/pt in Skim_TriLep_TTWToLNu.root
2026-01-28 15:11:29,047 - INFO - [2016preVFP] MISSING_CENTRAL: ZG3Mu/Central/jets/4/pt in Skim_TriLep_WWW.root
2026-01-28 15:11:29,048 - INFO - [2016preVFP] MISSING_CENTRAL: ZG3Mu/Central/jets/4/pt in Skim_TriLep_WWZ.root
2026-01-28 15:11:29,065 - INFO - [2016preVFP] MISSING_CENTRAL: ZG3Mu/Central/jets/4/pt in Skim_TriLep_ZZZ.root
2026-01-28 15:11:33,724 - INFO - [2016preVFP] MISSING_CENTRAL: ZG3Mu/Central/jets/4/pt in Skim_TriLep_DoubleMuon_C.root
2026-01-28 15:11:33,725 - INFO - [2016preVFP] MISSING_CENTRAL: ZG3Mu/Central/jets/4/pt in Skim_TriLep_DoubleMuon_D.root
2026-01-28 15:11:33,725 - INFO - [2016preVFP] MISSING_CENTRAL: ZG3Mu/Central/jets/4/pt in Skim_TriLep_DoubleMuon_E.root
2026-01-28 15:11:33,726 - INFO - [2016preVFP] MISSING_CENTRAL: ZG3Mu/Central/jets/4/pt in Skim_TriLep_DoubleMuon_F.root
2026-01-28 15:11:33,756 - INFO - [2016preVFP] MISSING_CENTRAL: ZG3Mu/Central/jets/4/pt in Skim_TriLep_DoubleMuon_C.root
2026-01-28 15:11:33,758 - INFO - [2016preVFP] MISSING_CENTRAL: ZG3Mu/Central/jets/4/pt in Skim_TriLep_DoubleMuon_E.root
2026-01-28 15:11:33,758 - INFO - [2016preVFP] MISSING_CENTRAL: ZG3Mu/Central/jets/4/pt in Skim_TriLep_DoubleMuon_F.root
2026-01-28 15:11:33,760 - INFO - [2016preVFP] MISSING_CENTRAL: ZG3Mu/Central/jets/4/pt in Skim_TriLep_DYJets10to50.root
2026-01-28 15:11:33,760 - INFO - [2016preVFP] MISSING_CENTRAL: ZG3Mu/Central/jets/4/pt in Skim_TriLep_TTG.root
2026-01-28 15:11:33,761 - INFO - [2016preVFP] MISSING_CENTRAL: ZG3Mu/Central/jets/4/pt in Skim_TriLep_WWG.root
2026-01-28 15:11:33,761 - INFO - [2016preVFP] MISSING_CENTRAL: ZG3Mu/Central/jets/4/pt in Skim_TriLep_TTWToLNu.root
2026-01-28 15:11:33,777 - INFO - [2016preVFP] MISSING_CENTRAL: ZG3Mu/Central/jets/4/pt in Skim_TriLep_WWW.root
2026-01-28 15:11:33,777 - INFO - [2016preVFP] MISSING_CENTRAL: ZG3Mu/Central/jets/4/pt in Skim_TriLep_WWZ.root
2026-01-28 15:11:33,778 - INFO - [2016preVFP] MISSING_CENTRAL: ZG3Mu/Central/jets/4/pt in Skim_TriLep_ZZZ.root
2026-01-28 17:15:16,177 - INFO - [2016preVFP] MISSING_CENTRAL: ZG3Mu/Central/jets/4/pt in Skim_TriLep_DoubleMuon_C.root
2026-01-28 17:15:16,178 - INFO - [2016preVFP] MISSING_CENTRAL: ZG3Mu/Central/jets/4/pt in Skim_TriLep_DoubleMuon_D.root
2026-01-28 17:15:16,178 - INFO - [2016preVFP] MISSING_CENTRAL: ZG3Mu/Central/jets/4/pt in Skim_TriLep_DoubleMuon_E.root
2026-01-28 17:15:16,179 - INFO - [2016preVFP] MISSING_CENTRAL: ZG3Mu/Central/jets/4/pt in Skim_TriLep_DoubleMuon_F.root
2026-01-28 17:15:16,213 - INFO - [2016preVFP] MISSING_CENTRAL: ZG3Mu/Central/jets/4/pt in Skim_TriLep_DoubleMuon_C.root
2026-01-28 17:15:16,214 - INFO - [2016preVFP] MISSING_CENTRAL: ZG3Mu/Central/jets/4/pt in Skim_TriLep_DoubleMuon_E.root
2026-01-28 17:15:16,215 - INFO - [2016preVFP] MISSING_CENTRAL: ZG3Mu/Central/jets/4/pt in Skim_TriLep_DoubleMuon_F.root
2026-01-28 17:15:16,239 - INFO - [2016preVFP] MISSING_CENTRAL: ZG3Mu/Central/jets/4/pt in Skim_TriLep_DYJets10to50.root
2026-01-28 17:15:16,239 - INFO - [2016preVFP] MISSING_CENTRAL: ZG3Mu/Central/jets/4/pt in Skim_TriLep_TTG.root
2026-01-28 17:15:16,240 - INFO - [2016preVFP] MISSING_CENTRAL: ZG3Mu/Central/jets/4/pt in Skim_TriLep_WWG.root
2026-01-28 17:15:16,241 - INFO - [2016preVFP] MISSING_CENTRAL: ZG3Mu/Central/jets/4/pt in Skim_TriLep_TTWToLNu.root
2026-01-28 17:15:16,344 - INFO - [2016preVFP] MISSING_CENTRAL: ZG3Mu/Central/jets/4/pt in Skim_TriLep_WWW.root
2026-01-28 17:15:16,345 - INFO - [2016preVFP] MISSING_CENTRAL: ZG3Mu/Central/jets/4/pt in Skim_TriLep_WWZ.root
2026-01-28 17:15:16,362 - INFO - [2016preVFP] MISSING_CENTRAL: ZG3Mu/Central/jets/4/pt in Skim_TriLep_ZZZ.root
2026-01-28 17:15:21,546 - INFO - [2016preVFP] MISSING_CENTRAL: ZG3Mu/Central/jets/4/pt in Skim_TriLep_DoubleMuon_C.root
2026-01-28 17:15:21,547 - INFO - [2016preVFP] MISSING_CENTRAL: ZG3Mu/Central/jets/4/pt in Skim_TriLep_DoubleMuon_D.root
2026-01-28 17:15:21,547 - INFO - [2016preVFP] MISSING_CENTRAL: ZG3Mu/Central/jets/4/pt in Skim_TriLep_DoubleMuon_E.root
2026-01-28 17:15:21,548 - INFO - [2016preVFP] MISSING_CENTRAL: ZG3Mu/Central/jets/4/pt in Skim_TriLep_DoubleMuon_F.root
2026-01-28 17:15:21,581 - INFO - [2016preVFP] MISSING_CENTRAL: ZG3Mu/Central/jets/4/pt in Skim_TriLep_DoubleMuon_C.root
2026-01-28 17:15:21,583 - INFO - [2016preVFP] MISSING_CENTRAL: ZG3Mu/Central/jets/4/pt in Skim_TriLep_DoubleMuon_E.root
2026-01-28 17:15:21,584 - INFO - [2016preVFP] MISSING_CENTRAL: ZG3Mu/Central/jets/4/pt in Skim_TriLep_DoubleMuon_F.root
2026-01-28 17:15:21,585 - INFO - [2016preVFP] MISSING_CENTRAL: ZG3Mu/Central/jets/4/pt in Skim_TriLep_DYJets10to50.root
2026-01-28 17:15:21,585 - INFO - [2016preVFP] MISSING_CENTRAL: ZG3Mu/Central/jets/4/pt in Skim_TriLep_TTG.root
2026-01-28 17:15:21,586 - INFO - [2016preVFP] MISSING_CENTRAL: ZG3Mu/Central/jets/4/pt in Skim_TriLep_WWG.root
2026-01-28 17:15:21,587 - INFO - [2016preVFP] MISSING_CENTRAL: ZG3Mu/Central/jets/4/pt in Skim_TriLep_TTWToLNu.root
2026-01-28 17:15:21,602 - INFO - [2016preVFP] MISSING_CENTRAL: ZG3Mu/Central/jets/4/pt in Skim_TriLep_WWW.root
2026-01-28 17:15:21,602 - INFO - [2016preVFP] MISSING_CENTRAL: ZG3Mu/Central/jets/4/pt in Skim_TriLep_WWZ.root
2026-01-28 17:15:21,604 - INFO - [2016preVFP] MISSING_CENTRAL: ZG3Mu/Central/jets/4/pt in Skim_TriLep_ZZZ.root
2026-01-28 19:48:58,531 - INFO - [2016preVFP] MISSING_CENTRAL: ZG3Mu/Central/jets/4/pt in Skim_TriLep_DoubleMuon_C.root
2026-01-28 19:48:58,532 - INFO - [2016preVFP] MISSING_CENTRAL: ZG3Mu/Central/jets/4/pt in Skim_TriLep_DoubleMuon_D.root
2026-01-28 19:48:58,533 - INFO - [2016preVFP] MISSING_CENTRAL: ZG3Mu/Central/jets/4/pt in Skim_TriLep_DoubleMuon_E.root
2026-01-28 19:48:58,533 - INFO - [2016preVFP] MISSING_CENTRAL: ZG3Mu/Central/jets/4/pt in Skim_TriLep_DoubleMuon_F.root
2026-01-28 19:48:58,567 - INFO - [2016preVFP] MISSING_CENTRAL: ZG3Mu/Central/jets/4/pt in Skim_TriLep_DoubleMuon_C.root
2026-01-28 19:48:58,568 - INFO - [2016preVFP] MISSING_CENTRAL: ZG3Mu/Central/jets/4/pt in Skim_TriLep_DoubleMuon_E.root
2026-01-28 19:48:58,569 - INFO - [2016preVFP] MISSING_CENTRAL: ZG3Mu/Central/jets/4/pt in Skim_TriLep_DoubleMuon_F.root
2026-01-28 19:48:58,601 - INFO - [2016preVFP] MISSING_CENTRAL: ZG3Mu/Central/jets/4/pt in Skim_TriLep_DYJets10to50.root
2026-01-28 19:48:58,601 - INFO - [2016preVFP] MISSING_CENTRAL: ZG3Mu/Central/jets/4/pt in Skim_TriLep_TTG.root
2026-01-28 19:48:58,602 - INFO - [2016preVFP] MISSING_CENTRAL: ZG3Mu/Central/jets/4/pt in Skim_TriLep_WWG.root
2026-01-28 19:48:58,602 - INFO - [2016preVFP] MISSING_CENTRAL: ZG3Mu/Central/jets/4/pt in Skim_TriLep_TTWToLNu.root
2026-01-28 19:48:58,722 - INFO - [2016preVFP] MISSING_CENTRAL: ZG3Mu/Central/jets/4/pt in Skim_TriLep_WWW.root
2026-01-28 19:48:58,723 - INFO - [2016preVFP] MISSING_CENTRAL: ZG3Mu/Central/jets/4/pt in Skim_TriLep_WWZ.root
2026-01-28 19:48:58,750 - INFO - [2016preVFP] MISSING_CENTRAL: ZG3Mu/Central/jets/4/pt in Skim_TriLep_ZZZ.root
2026-01-28 19:49:03,637 - INFO - [2016preVFP] MISSING_CENTRAL: ZG3Mu/Central/jets/4/pt in Skim_TriLep_DoubleMuon_C.root
2026-01-28 19:49:03,638 - INFO - [2016preVFP] MISSING_CENTRAL: ZG3Mu/Central/jets/4/pt in Skim_TriLep_DoubleMuon_D.root
2026-01-28 19:49:03,638 - INFO - [2016preVFP] MISSING_CENTRAL: ZG3Mu/Central/jets/4/pt in Skim_TriLep_DoubleMuon_E.root
2026-01-28 19:49:03,639 - INFO - [2016preVFP] MISSING_CENTRAL: ZG3Mu/Central/jets/4/pt in Skim_TriLep_DoubleMuon_F.root
2026-01-28 19:49:03,674 - INFO - [2016preVFP] MISSING_CENTRAL: ZG3Mu/Central/jets/4/pt in Skim_TriLep_DoubleMuon_C.root
2026-01-28 19:49:03,676 - INFO - [2016preVFP] MISSING_CENTRAL: ZG3Mu/Central/jets/4/pt in Skim_TriLep_DoubleMuon_E.root
2026-01-28 19:49:03,677 - INFO - [2016preVFP] MISSING_CENTRAL: ZG3Mu/Central/jets/4/pt in Skim_TriLep_DoubleMuon_F.root
2026-01-28 19:49:03,678 - INFO - [2016preVFP] MISSING_CENTRAL: ZG3Mu/Central/jets/4/pt in Skim_TriLep_DYJets10to50.root
2026-01-28 19:49:03,679 - INFO - [2016preVFP] MISSING_CENTRAL: ZG3Mu/Central/jets/4/pt in Skim_TriLep_TTG.root
2026-01-28 19:49:03,680 - INFO - [2016preVFP] MISSING_CENTRAL: ZG3Mu/Central/jets/4/pt in Skim_TriLep_WWG.root
2026-01-28 19:49:03,680 - INFO - [2016preVFP] MISSING_CENTRAL: ZG3Mu/Central/jets/4/pt in Skim_TriLep_TTWToLNu.root
2026-01-28 19:49:03,696 - INFO - [2016preVFP] MISSING_CENTRAL: ZG3Mu/Central/jets/4/pt in Skim_TriLep_WWW.root
2026-01-28 19:49:03,697 - INFO - [2016preVFP] MISSING_CENTRAL: ZG3Mu/Central/jets/4/pt in Skim_TriLep_WWZ.root
2026-01-28 19:49:03,698 - INFO - [2016preVFP] MISSING_CENTRAL: ZG3Mu/Central/jets/4/pt in Skim_TriLep_ZZZ.root
2026-01-29 07:06:35,282 - INFO - [2016preVFP] MISSING_CENTRAL: ZG3Mu/Central/jets/4/pt in Skim_TriLep_DoubleMuon_C.root
2026-01-29 07:06:35,283 - INFO - [2016preVFP] MISSING_CENTRAL: ZG3Mu/Central/jets/4/pt in Skim_TriLep_DoubleMuon_D.root
2026-01-29 07:06:35,284 - INFO - [2016preVFP] MISSING_CENTRAL: ZG3Mu/Central/jets/4/pt in Skim_TriLep_DoubleMuon_E.root
2026-01-29 07:06:35,285 - INFO - [2016preVFP] MISSING_CENTRAL: ZG3Mu/Central/jets/4/pt in Skim_TriLep_DoubleMuon_F.root
2026-01-29 07:06:35,319 - INFO - [2016preVFP] MISSING_CENTRAL: ZG3Mu/Central/jets/4/pt in Skim_TriLep_DoubleMuon_C.root
2026-01-29 07:06:35,320 - INFO - [2016preVFP] MISSING_CENTRAL: ZG3Mu/Central/jets/4/pt in Skim_TriLep_DoubleMuon_E.root
2026-01-29 07:06:35,321 - INFO - [2016preVFP] MISSING_CENTRAL: ZG3Mu/Central/jets/4/pt in Skim_TriLep_DoubleMuon_F.root
2026-01-29 07:06:35,339 - INFO - [2016preVFP] MISSING_CENTRAL: ZG3Mu/Central/jets/4/pt in Skim_TriLep_DYJets10to50.root
2026-01-29 07:06:35,340 - INFO - [2016preVFP] MISSING_CENTRAL: ZG3Mu/Central/jets/4/pt in Skim_TriLep_TTG.root
2026-01-29 07:06:35,341 - INFO - [2016preVFP] MISSING_CENTRAL: ZG3Mu/Central/jets/4/pt in Skim_TriLep_WWG.root
2026-01-29 07:06:35,341 - INFO - [2016preVFP] MISSING_CENTRAL: ZG3Mu/Central/jets/4/pt in Skim_TriLep_TTWToLNu.root
2026-01-29 07:06:35,446 - INFO - [2016preVFP] MISSING_CENTRAL: ZG3Mu/Central/jets/4/pt in Skim_TriLep_WWW.root
2026-01-29 07:06:35,447 - INFO - [2016preVFP] MISSING_CENTRAL: ZG3Mu/Central/jets/4/pt in Skim_TriLep_WWZ.root
2026-01-29 07:06:35,479 - INFO - [2016preVFP] MISSING_CENTRAL: ZG3Mu/Central/jets/4/pt in Skim_TriLep_ZZZ.root
2026-01-29 07:06:40,172 - INFO - [2016preVFP] MISSING_CENTRAL: ZG3Mu/Central/jets/4/pt in Skim_TriLep_DoubleMuon_C.root
2026-01-29 07:06:40,172 - INFO - [2016preVFP] MISSING_CENTRAL: ZG3Mu/Central/jets/4/pt in Skim_TriLep_DoubleMuon_D.root
2026-01-29 07:06:40,173 - INFO - [2016preVFP] MISSING_CENTRAL: ZG3Mu/Central/jets/4/pt in Skim_TriLep_DoubleMuon_E.root
2026-01-29 07:06:40,174 - INFO - [2016preVFP] MISSING_CENTRAL: ZG3Mu/Central/jets/4/pt in Skim_TriLep_DoubleMuon_F.root
2026-01-29 07:06:40,204 - INFO - [2016preVFP] MISSING_CENTRAL: ZG3Mu/Central/jets/4/pt in Skim_TriLep_DoubleMuon_C.root
2026-01-29 07:06:40,205 - INFO - [2016preVFP] MISSING_CENTRAL: ZG3Mu/Central/jets/4/pt in Skim_TriLep_DoubleMuon_E.root
2026-01-29 07:06:40,206 - INFO - [2016preVFP] MISSING_CENTRAL: ZG3Mu/Central/jets/4/pt in Skim_TriLep_DoubleMuon_F.root
2026-01-29 07:06:40,207 - INFO - [2016preVFP] MISSING_CENTRAL: ZG3Mu/Central/jets/4/pt in Skim_TriLep_DYJets10to50.root
2026-01-29 07:06:40,208 - INFO - [2016preVFP] MISSING_CENTRAL: ZG3Mu/Central/jets/4/pt in Skim_TriLep_TTG.root
2026-01-29 07:06:40,208 - INFO - [2016preVFP] MISSING_CENTRAL: ZG3Mu/Central/jets/4/pt in Skim_TriLep_WWG.root
2026-01-29 07:06:40,209 - INFO - [2016preVFP] MISSING_CENTRAL: ZG3Mu/Central/jets/4/pt in Skim_TriLep_TTWToLNu.root
2026-01-29 07:06:40,222 - INFO - [2016preVFP] MISSING_CENTRAL: ZG3Mu/Central/jets/4/pt in Skim_TriLep_WWW.root
2026-01-29 07:06:40,222 - INFO - [2016preVFP] MISSING_CENTRAL: ZG3Mu/Central/jets/4/pt in Skim_TriLep_WWZ.root
2026-01-29 07:06:40,223 - INFO - [2016preVFP] MISSING_CENTRAL: ZG3Mu/Central/jets/4/pt in Skim_TriLep_ZZZ.root
2026-03-02 11:59:30,320 - INFO - [2016preVFP] MISSING_CENTRAL: ZG3Mu/Central/jets/4/pt in Skim_TriLep_DoubleMuon_C.root
2026-03-02 11:59:30,321 - INFO - [2016preVFP] MISSING_CENTRAL: ZG3Mu/Central/jets/4/pt in Skim_TriLep_DoubleMuon_D.root
2026-03-02 11:59:30,322 - INFO - [2016preVFP] MISSING_CENTRAL: ZG3Mu/Central/jets/4/pt in Skim_TriLep_DoubleMuon_E.root
2026-03-02 11:59:30,323 - INFO - [2016preVFP] MISSING_CENTRAL: ZG3Mu/Central/jets/4/pt in Skim_TriLep_DoubleMuon_F.root
2026-03-02 11:59:30,354 - INFO - [2016preVFP] MISSING_CENTRAL: ZG3Mu/Central/jets/4/pt in Skim_TriLep_DoubleMuon_C.root
2026-03-02 11:59:30,356 - INFO - [2016preVFP] MISSING_CENTRAL: ZG3Mu/Central/jets/4/pt in Skim_TriLep_DoubleMuon_E.root
2026-03-02 11:59:30,356 - INFO - [2016preVFP] MISSING_CENTRAL: ZG3Mu/Central/jets/4/pt in Skim_TriLep_DoubleMuon_F.root
2026-03-02 11:59:30,376 - INFO - [2016preVFP] MISSING_CENTRAL: ZG3Mu/Central/jets/4/pt in Skim_TriLep_DYJets10to50.root
2026-03-02 11:59:30,376 - INFO - [2016preVFP] MISSING_CENTRAL: ZG3Mu/Central/jets/4/pt in Skim_TriLep_TTG.root
2026-03-02 11:59:30,377 - INFO - [2016preVFP] MISSING_CENTRAL: ZG3Mu/Central/jets/4/pt in Skim_TriLep_WWG.root
2026-03-02 11:59:30,378 - INFO - [2016preVFP] MISSING_CENTRAL: ZG3Mu/Central/jets/4/pt in Skim_TriLep_TTWToLNu.root
2026-03-02 11:59:30,449 - INFO - [2016preVFP] MISSING_CENTRAL: ZG3Mu/Central/jets/4/pt in Skim_TriLep_WWW.root
2026-03-02 11:59:30,449 - INFO - [2016preVFP] MISSING_CENTRAL: ZG3Mu/Central/jets/4/pt in Skim_TriLep_WWZ.root
2026-03-02 11:59:30,462 - INFO - [2016preVFP] MISSING_CENTRAL: ZG3Mu/Central/jets/4/pt in Skim_TriLep_ZZZ.root
2026-03-02 11:59:34,993 - INFO - [2016preVFP] MISSING_CENTRAL: ZG3Mu/Central/jets/4/pt in Skim_TriLep_DoubleMuon_C.root
2026-03-02 11:59:34,994 - INFO - [2016preVFP] MISSING_CENTRAL: ZG3Mu/Central/jets/4/pt in Skim_TriLep_DoubleMuon_D.root
2026-03-02 11:59:34,994 - INFO - [2016preVFP] MISSING_CENTRAL: ZG3Mu/Central/jets/4/pt in Skim_TriLep_DoubleMuon_E.root
2026-03-02 11:59:34,995 - INFO - [2016preVFP] MISSING_CENTRAL: ZG3Mu/Central/jets/4/pt in Skim_TriLep_DoubleMuon_F.root
2026-03-02 11:59:35,025 - INFO - [2016preVFP] MISSING_CENTRAL: ZG3Mu/Central/jets/4/pt in Skim_TriLep_DoubleMuon_C.root
2026-03-02 11:59:35,027 - INFO - [2016preVFP] MISSING_CENTRAL: ZG3Mu/Central/jets/4/pt in Skim_TriLep_DoubleMuon_E.root
2026-03-02 11:59:35,027 - INFO - [2016preVFP] MISSING_CENTRAL: ZG3Mu/Central/jets/4/pt in Skim_TriLep_DoubleMuon_F.root
2026-03-02 11:59:35,029 - INFO - [2016preVFP] MISSING_CENTRAL: ZG3Mu/Central/jets/4/pt in Skim_TriLep_DYJets10to50.root
2026-03-02 11:59:35,029 - INFO - [2016preVFP] MISSING_CENTRAL: ZG3Mu/Central/jets/4/pt in Skim_TriLep_TTG.root
2026-03-02 11:59:35,030 - INFO - [2016preVFP] MISSING_CENTRAL: ZG3Mu/Central/jets/4/pt in Skim_TriLep_WWG.root
2026-03-02 11:59:35,030 - INFO - [2016preVFP] MISSING_CENTRAL: ZG3Mu/Central/jets/4/pt in Skim_TriLep_TTWToLNu.root
2026-03-02 11:59:35,043 - INFO - [2016preVFP] MISSING_CENTRAL: ZG3Mu/Central/jets/4/pt in Skim_TriLep_WWW.root
2026-03-02 11:59:35,044 - INFO - [2016preVFP] MISSING_CENTRAL: ZG3Mu/Central/jets/4/pt in Skim_TriLep_WWZ.root
2026-03-02 11:59:35,045 - INFO - [2016preVFP] MISSING_CENTRAL: ZG3Mu/Central/jets/4/pt in Skim_TriLep_ZZZ.root
2026-04-10 20:09:51,364 - INFO - [2016preVFP] MISSING_CENTRAL: ZG3Mu/Central/jets/4/pt in Skim_TriLep_DoubleMuon_C.root
2026-04-10 20:09:51,364 - INFO - [2016preVFP] MISSING_CENTRAL: ZG3Mu/Central/jets/4/pt in Skim_TriLep_DoubleMuon_D.root
2026-04-10 20:09:51,365 - INFO - [2016preVFP] MISSING_CENTRAL: ZG3Mu/Central/jets/4/pt in Skim_TriLep_DoubleMuon_E.root
2026-04-10 20:09:51,365 - INFO - [2016preVFP] MISSING_CENTRAL: ZG3Mu/Central/jets/4/pt in Skim_TriLep_DoubleMuon_F.root
2026-04-10 20:09:51,391 - INFO - [2016preVFP] MISSING_CENTRAL: ZG3Mu/Central/jets/4/pt in Skim_TriLep_DoubleMuon_C.root
2026-04-10 20:09:51,392 - INFO - [2016preVFP] MISSING_CENTRAL: ZG3Mu/Central/jets/4/pt in Skim_TriLep_DoubleMuon_E.root
2026-04-10 20:09:51,393 - INFO - [2016preVFP] MISSING_CENTRAL: ZG3Mu/Central/jets/4/pt in Skim_TriLep_DoubleMuon_F.root
2026-04-10 20:09:51,413 - INFO - [2016preVFP] MISSING_CENTRAL: ZG3Mu/Central/jets/4/pt in Skim_TriLep_DYJets10to50.root
2026-04-10 20:09:51,413 - INFO - [2016preVFP] MISSING_CENTRAL: ZG3Mu/Central/jets/4/pt in Skim_TriLep_TTG.root
2026-04-10 20:09:51,414 - INFO - [2016preVFP] MISSING_CENTRAL: ZG3Mu/Central/jets/4/pt in Skim_TriLep_WWG.root
2026-04-10 20:09:51,414 - INFO - [2016preVFP] MISSING_CENTRAL: ZG3Mu/Central/jets/4/pt in Skim_TriLep_TTWToLNu.root
2026-04-10 20:09:51,472 - INFO - [2016preVFP] MISSING_CENTRAL: ZG3Mu/Central/jets/4/pt in Skim_TriLep_WWW.root
2026-04-10 20:09:51,473 - INFO - [2016preVFP] MISSING_CENTRAL: ZG3Mu/Central/jets/4/pt in Skim_TriLep_WWZ.root
2026-04-10 20:09:51,484 - INFO - [2016preVFP] MISSING_CENTRAL: ZG3Mu/Central/jets/4/pt in Skim_TriLep_ZZZ.root
2026-04-10 20:09:55,825 - INFO - [2016preVFP] MISSING_CENTRAL: ZG3Mu/Central/jets/4/pt in Skim_TriLep_DoubleMuon_C.root
2026-04-10 20:09:55,826 - INFO - [2016preVFP] MISSING_CENTRAL: ZG3Mu/Central/jets/4/pt in Skim_TriLep_DoubleMuon_D.root
2026-04-10 20:09:55,826 - INFO - [2016preVFP] MISSING_CENTRAL: ZG3Mu/Central/jets/4/pt in Skim_TriLep_DoubleMuon_E.root
2026-04-10 20:09:55,827 - INFO - [2016preVFP] MISSING_CENTRAL: ZG3Mu/Central/jets/4/pt in Skim_TriLep_DoubleMuon_F.root
2026-04-10 20:09:55,860 - INFO - [2016preVFP] MISSING_CENTRAL: ZG3Mu/Central/jets/4/pt in Skim_TriLep_DoubleMuon_C.root
2026-04-10 20:09:55,861 - INFO - [2016preVFP] MISSING_CENTRAL: ZG3Mu/Central/jets/4/pt in Skim_TriLep_DoubleMuon_E.root
2026-04-10 20:09:55,861 - INFO - [2016preVFP] MISSING_CENTRAL: ZG3Mu/Central/jets/4/pt in Skim_TriLep_DoubleMuon_F.root
2026-04-10 20:09:55,863 - INFO - [2016preVFP] MISSING_CENTRAL: ZG3Mu/Central/jets/4/pt in Skim_TriLep_DYJets10to50.root
2026-04-10 20:09:55,863 - INFO - [2016preVFP] MISSING_CENTRAL: ZG3Mu/Central/jets/4/pt in Skim_TriLep_TTG.root
2026-04-10 20:09:55,864 - INFO - [2016preVFP] MISSING_CENTRAL: ZG3Mu/Central/jets/4/pt in Skim_TriLep_WWG.root
2026-04-10 20:09:55,864 - INFO - [2016preVFP] MISSING_CENTRAL: ZG3Mu/Central/jets/4/pt in Skim_TriLep_TTWToLNu.root
2026-04-10 20:09:55,876 - INFO - [2016preVFP] MISSING_CENTRAL: ZG3Mu/Central/jets/4/pt in Skim_TriLep_WWW.root
2026-04-10 20:09:55,877 - INFO - [2016preVFP] MISSING_CENTRAL: ZG3Mu/Central/jets/4/pt in Skim_TriLep_WWZ.root
2026-04-10 20:09:55,878 - INFO - [2016preVFP] MISSING_CENTRAL: ZG3Mu/Central/jets/4/pt in Skim_TriLep_ZZZ.root
2026-04-10 20:11:51,424 - INFO - [2016preVFP] MISSING_CENTRAL: ZG3Mu/Central/jets/4/pt in Skim_TriLep_DoubleMuon_C.root
2026-04-10 20:11:51,425 - INFO - [2016preVFP] MISSING_CENTRAL: ZG3Mu/Central/jets/4/pt in Skim_TriLep_DoubleMuon_D.root
2026-04-10 20:11:51,425 - INFO - [2016preVFP] MISSING_CENTRAL: ZG3Mu/Central/jets/4/pt in Skim_TriLep_DoubleMuon_E.root
2026-04-10 20:11:51,426 - INFO - [2016preVFP] MISSING_CENTRAL: ZG3Mu/Central/jets/4/pt in Skim_TriLep_DoubleMuon_F.root
2026-04-10 20:11:51,458 - INFO - [2016preVFP] MISSING_CENTRAL: ZG3Mu/Central/jets/4/pt in Skim_TriLep_DoubleMuon_C.root
2026-04-10 20:11:51,459 - INFO - [2016preVFP] MISSING_CENTRAL: ZG3Mu/Central/jets/4/pt in Skim_TriLep_DoubleMuon_E.root
2026-04-10 20:11:51,460 - INFO - [2016preVFP] MISSING_CENTRAL: ZG3Mu/Central/jets/4/pt in Skim_TriLep_DoubleMuon_F.root
2026-04-10 20:11:51,479 - INFO - [2016preVFP] MISSING_CENTRAL: ZG3Mu/Central/jets/4/pt in Skim_TriLep_DYJets10to50.root
2026-04-10 20:11:51,480 - INFO - [2016preVFP] MISSING_CENTRAL: ZG3Mu/Central/jets/4/pt in Skim_TriLep_TTG.root
2026-04-10 20:11:51,481 - INFO - [2016preVFP] MISSING_CENTRAL: ZG3Mu/Central/jets/4/pt in Skim_TriLep_WWG.root
2026-04-10 20:11:51,481 - INFO - [2016preVFP] MISSING_CENTRAL: ZG3Mu/Central/jets/4/pt in Skim_TriLep_TTWToLNu.root
2026-04-10 20:11:51,551 - INFO - [2016preVFP] MISSING_CENTRAL: ZG3Mu/Central/jets/4/pt in Skim_TriLep_WWW.root
2026-04-10 20:11:51,552 - INFO - [2016preVFP] MISSING_CENTRAL: ZG3Mu/Central/jets/4/pt in Skim_TriLep_WWZ.root
2026-04-10 20:11:51,563 - INFO - [2016preVFP] MISSING_CENTRAL: ZG3Mu/Central/jets/4/pt in Skim_TriLep_ZZZ.root
2026-04-10 20:11:55,950 - INFO - [2016preVFP] MISSING_CENTRAL: ZG3Mu/Central/jets/4/pt in Skim_TriLep_DoubleMuon_C.root
2026-04-10 20:11:55,951 - INFO - [2016preVFP] MISSING_CENTRAL: ZG3Mu/Central/jets/4/pt in Skim_TriLep_DoubleMuon_D.root
2026-04-10 20:11:55,952 - INFO - [2016preVFP] MISSING_CENTRAL: ZG3Mu/Central/jets/4/pt in Skim_TriLep_DoubleMuon_E.root
2026-04-10 20:11:55,952 - INFO - [2016preVFP] MISSING_CENTRAL: ZG3Mu/Central/jets/4/pt in Skim_TriLep_DoubleMuon_F.root
2026-04-10 20:11:55,985 - INFO - [2016preVFP] MISSING_CENTRAL: ZG3Mu/Central/jets/4/pt in Skim_TriLep_DoubleMuon_C.root
2026-04-10 20:11:55,987 - INFO - [2016preVFP] MISSING_CENTRAL: ZG3Mu/Central/jets/4/pt in Skim_TriLep_DoubleMuon_E.root
2026-04-10 20:11:55,987 - INFO - [2016preVFP] MISSING_CENTRAL: ZG3Mu/Central/jets/4/pt in Skim_TriLep_DoubleMuon_F.root
2026-04-10 20:11:55,989 - INFO - [2016preVFP] MISSING_CENTRAL: ZG3Mu/Central/jets/4/pt in Skim_TriLep_DYJets10to50.root
2026-04-10 20:11:55,989 - INFO - [2016preVFP] MISSING_CENTRAL: ZG3Mu/Central/jets/4/pt in Skim_TriLep_TTG.root
2026-04-10 20:11:55,990 - INFO - [2016preVFP] MISSING_CENTRAL: ZG3Mu/Central/jets/4/pt in Skim_TriLep_WWG.root
2026-04-10 20:11:55,990 - INFO - [2016preVFP] MISSING_CENTRAL: ZG3Mu/Central/jets/4/pt in Skim_TriLep_TTWToLNu.root
2026-04-10 20:11:56,002 - INFO - [2016preVFP] MISSING_CENTRAL: ZG3Mu/Central/jets/4/pt in Skim_TriLep_WWW.root
2026-04-10 20:11:56,003 - INFO - [2016preVFP] MISSING_CENTRAL: ZG3Mu/Central/jets/4/pt in Skim_TriLep_WWZ.root
2026-04-10 20:11:56,004 - INFO - [2016preVFP] MISSING_CENTRAL: ZG3Mu/Central/jets/4/pt in Skim_TriLep_ZZZ.root
2026-04-12 11:26:28,778 - INFO - [2016preVFP] MISSING_CENTRAL: ZG3Mu/Central/jets/4/pt in Skim_TriLep_DoubleMuon_C.root
2026-04-12 11:26:28,779 - INFO - [2016preVFP] MISSING_CENTRAL: ZG3Mu/Central/jets/4/pt in Skim_TriLep_DoubleMuon_D.root
2026-04-12 11:26:28,779 - INFO - [2016preVFP] MISSING_CENTRAL: ZG3Mu/Central/jets/4/pt in Skim_TriLep_DoubleMuon_E.root
2026-04-12 11:26:28,780 - INFO - [2016preVFP] MISSING_CENTRAL: ZG3Mu/Central/jets/4/pt in Skim_TriLep_DoubleMuon_F.root
2026-04-12 11:26:28,812 - INFO - [2016preVFP] MISSING_CENTRAL: ZG3Mu/Central/jets/4/pt in Skim_TriLep_DoubleMuon_C.root
2026-04-12 11:26:28,814 - INFO - [2016preVFP] MISSING_CENTRAL: ZG3Mu/Central/jets/4/pt in Skim_TriLep_DoubleMuon_E.root
2026-04-12 11:26:28,814 - INFO - [2016preVFP] MISSING_CENTRAL: ZG3Mu/Central/jets/4/pt in Skim_TriLep_DoubleMuon_F.root
2026-04-12 11:26:28,833 - INFO - [2016preVFP] MISSING_CENTRAL: ZG3Mu/Central/jets/4/pt in Skim_TriLep_DYJets10to50.root
2026-04-12 11:26:28,833 - INFO - [2016preVFP] MISSING_CENTRAL: ZG3Mu/Central/jets/4/pt in Skim_TriLep_TTG.root
2026-04-12 11:26:28,834 - INFO - [2016preVFP] MISSING_CENTRAL: ZG3Mu/Central/jets/4/pt in Skim_TriLep_WWG.root
2026-04-12 11:26:28,835 - INFO - [2016preVFP] MISSING_CENTRAL: ZG3Mu/Central/jets/4/pt in Skim_TriLep_TTWToLNu.root
2026-04-12 11:26:28,904 - INFO - [2016preVFP] MISSING_CENTRAL: ZG3Mu/Central/jets/4/pt in Skim_TriLep_WWW.root
2026-04-12 11:26:28,905 - INFO - [2016preVFP] MISSING_CENTRAL: ZG3Mu/Central/jets/4/pt in Skim_TriLep_WWZ.root
2026-04-12 11:26:28,916 - INFO - [2016preVFP] MISSING_CENTRAL: ZG3Mu/Central/jets/4/pt in Skim_TriLep_ZZZ.root
2026-04-12 11:26:33,208 - INFO - [2016preVFP] MISSING_CENTRAL: ZG3Mu/Central/jets/4/pt in Skim_TriLep_DoubleMuon_C.root
2026-04-12 11:26:33,208 - INFO - [2016preVFP] MISSING_CENTRAL: ZG3Mu/Central/jets/4/pt in Skim_TriLep_DoubleMuon_D.root
2026-04-12 11:26:33,209 - INFO - [2016preVFP] MISSING_CENTRAL: ZG3Mu/Central/jets/4/pt in Skim_TriLep_DoubleMuon_E.root
2026-04-12 11:26:33,209 - INFO - [2016preVFP] MISSING_CENTRAL: ZG3Mu/Central/jets/4/pt in Skim_TriLep_DoubleMuon_F.root
2026-04-12 11:26:33,241 - INFO - [2016preVFP] MISSING_CENTRAL: ZG3Mu/Central/jets/4/pt in Skim_TriLep_DoubleMuon_C.root
2026-04-12 11:26:33,242 - INFO - [2016preVFP] MISSING_CENTRAL: ZG3Mu/Central/jets/4/pt in Skim_TriLep_DoubleMuon_E.root
2026-04-12 11:26:33,243 - INFO - [2016preVFP] MISSING_CENTRAL: ZG3Mu/Central/jets/4/pt in Skim_TriLep_DoubleMuon_F.root
2026-04-12 11:26:33,244 - INFO - [2016preVFP] MISSING_CENTRAL: ZG3Mu/Central/jets/4/pt in Skim_TriLep_DYJets10to50.root
2026-04-12 11:26:33,244 - INFO - [2016preVFP] MISSING_CENTRAL: ZG3Mu/Central/jets/4/pt in Skim_TriLep_TTG.root
2026-04-12 11:26:33,245 - INFO - [2016preVFP] MISSING_CENTRAL: ZG3Mu/Central/jets/4/pt in Skim_TriLep_WWG.root
2026-04-12 11:26:33,245 - INFO - [2016preVFP] MISSING_CENTRAL: ZG3Mu/Central/jets/4/pt in Skim_TriLep_TTWToLNu.root
2026-04-12 11:26:33,258 - INFO - [2016preVFP] MISSING_CENTRAL: ZG3Mu/Central/jets/4/pt in Skim_TriLep_WWW.root
2026-04-12 11:26:33,258 - INFO - [2016preVFP] MISSING_CENTRAL: ZG3Mu/Central/jets/4/pt in Skim_TriLep_WWZ.root
2026-04-12 11:26:33,260 - INFO - [2016preVFP] MISSING_CENTRAL: ZG3Mu/Central/jets/4/pt in Skim_TriLep_ZZZ.root
2026-04-12 11:55:33,359 - INFO - [2016preVFP] MISSING_CENTRAL: ZG3Mu/Central/jets/4/pt in Skim_TriLep_DoubleMuon_C.root
2026-04-12 11:55:33,359 - INFO - [2016preVFP] MISSING_CENTRAL: ZG3Mu/Central/jets/4/pt in Skim_TriLep_DoubleMuon_D.root
2026-04-12 11:55:33,360 - INFO - [2016preVFP] MISSING_CENTRAL: ZG3Mu/Central/jets/4/pt in Skim_TriLep_DoubleMuon_E.root
2026-04-12 11:55:33,360 - INFO - [2016preVFP] MISSING_CENTRAL: ZG3Mu/Central/jets/4/pt in Skim_TriLep_DoubleMuon_F.root
2026-04-12 11:55:33,397 - INFO - [2016preVFP] MISSING_CENTRAL: ZG3Mu/Central/jets/4/pt in Skim_TriLep_DoubleMuon_C.root
2026-04-12 11:55:33,399 - INFO - [2016preVFP] MISSING_CENTRAL: ZG3Mu/Central/jets/4/pt in Skim_TriLep_DoubleMuon_E.root
2026-04-12 11:55:33,399 - INFO - [2016preVFP] MISSING_CENTRAL: ZG3Mu/Central/jets/4/pt in Skim_TriLep_DoubleMuon_F.root
2026-04-12 11:55:33,424 - INFO - [2016preVFP] MISSING_CENTRAL: ZG3Mu/Central/jets/4/pt in Skim_TriLep_DYJets10to50.root
2026-04-12 11:55:33,424 - INFO - [2016preVFP] MISSING_CENTRAL: ZG3Mu/Central/jets/4/pt in Skim_TriLep_TTG.root
2026-04-12 11:55:33,425 - INFO - [2016preVFP] MISSING_CENTRAL: ZG3Mu/Central/jets/4/pt in Skim_TriLep_WWG.root
2026-04-12 11:55:33,426 - INFO - [2016preVFP] MISSING_CENTRAL: ZG3Mu/Central/jets/4/pt in Skim_TriLep_TTWToLNu.root
2026-04-12 11:55:33,495 - INFO - [2016preVFP] MISSING_CENTRAL: ZG3Mu/Central/jets/4/pt in Skim_TriLep_WWW.root
2026-04-12 11:55:33,496 - INFO - [2016preVFP] MISSING_CENTRAL: ZG3Mu/Central/jets/4/pt in Skim_TriLep_WWZ.root
2026-04-12 11:55:33,507 - INFO - [2016preVFP] MISSING_CENTRAL: ZG3Mu/Central/jets/4/pt in Skim_TriLep_ZZZ.root
2026-04-12 11:55:38,373 - INFO - [2016preVFP] MISSING_CENTRAL: ZG3Mu/Central/jets/4/pt in Skim_TriLep_DoubleMuon_C.root
2026-04-12 11:55:38,373 - INFO - [2016preVFP] MISSING_CENTRAL: ZG3Mu/Central/jets/4/pt in Skim_TriLep_DoubleMuon_D.root
2026-04-12 11:55:38,374 - INFO - [2016preVFP] MISSING_CENTRAL: ZG3Mu/Central/jets/4/pt in Skim_TriLep_DoubleMuon_E.root
2026-04-12 11:55:38,374 - INFO - [2016preVFP] MISSING_CENTRAL: ZG3Mu/Central/jets/4/pt in Skim_TriLep_DoubleMuon_F.root
2026-04-12 11:55:38,405 - INFO - [2016preVFP] MISSING_CENTRAL: ZG3Mu/Central/jets/4/pt in Skim_TriLep_DoubleMuon_C.root
2026-04-12 11:55:38,407 - INFO - [2016preVFP] MISSING_CENTRAL: ZG3Mu/Central/jets/4/pt in Skim_TriLep_DoubleMuon_E.root
2026-04-12 11:55:38,407 - INFO - [2016preVFP] MISSING_CENTRAL: ZG3Mu/Central/jets/4/pt in Skim_TriLep_DoubleMuon_F.root
2026-04-12 11:55:38,409 - INFO - [2016preVFP] MISSING_CENTRAL: ZG3Mu/Central/jets/4/pt in Skim_TriLep_DYJets10to50.root
2026-04-12 11:55:38,409 - INFO - [2016preVFP] MISSING_CENTRAL: ZG3Mu/Central/jets/4/pt in Skim_TriLep_TTG.root
2026-04-12 11:55:38,410 - INFO - [2016preVFP] MISSING_CENTRAL: ZG3Mu/Central/jets/4/pt in Skim_TriLep_WWG.root
2026-04-12 11:55:38,410 - INFO - [2016preVFP] MISSING_CENTRAL: ZG3Mu/Central/jets/4/pt in Skim_TriLep_TTWToLNu.root
2026-04-12 11:55:38,422 - INFO - [2016preVFP] MISSING_CENTRAL: ZG3Mu/Central/jets/4/pt in Skim_TriLep_WWW.root
2026-04-12 11:55:38,423 - INFO - [2016preVFP] MISSING_CENTRAL: ZG3Mu/Central/jets/4/pt in Skim_TriLep_WWZ.root
2026-04-12 11:55:38,424 - INFO - [2016preVFP] MISSING_CENTRAL: ZG3Mu/Central/jets/4/pt in Skim_TriLep_ZZZ.root
2026-04-12 12:09:06,817 - INFO - [2016preVFP] MISSING_CENTRAL: ZG3Mu/Central/jets/4/pt in Skim_TriLep_DoubleMuon_C.root
2026-04-12 12:09:06,817 - INFO - [2016preVFP] MISSING_CENTRAL: ZG3Mu/Central/jets/4/pt in Skim_TriLep_DoubleMuon_D.root
2026-04-12 12:09:06,818 - INFO - [2016preVFP] MISSING_CENTRAL: ZG3Mu/Central/jets/4/pt in Skim_TriLep_DoubleMuon_E.root
2026-04-12 12:09:06,818 - INFO - [2016preVFP] MISSING_CENTRAL: ZG3Mu/Central/jets/4/pt in Skim_TriLep_DoubleMuon_F.root
2026-04-12 12:09:06,850 - INFO - [2016preVFP] MISSING_CENTRAL: ZG3Mu/Central/jets/4/pt in Skim_TriLep_DoubleMuon_C.root
2026-04-12 12:09:06,851 - INFO - [2016preVFP] MISSING_CENTRAL: ZG3Mu/Central/jets/4/pt in Skim_TriLep_DoubleMuon_E.root
2026-04-12 12:09:06,851 - INFO - [2016preVFP] MISSING_CENTRAL: ZG3Mu/Central/jets/4/pt in Skim_TriLep_DoubleMuon_F.root
2026-04-12 12:09:06,871 - INFO - [2016preVFP] MISSING_CENTRAL: ZG3Mu/Central/jets/4/pt in Skim_TriLep_DYJets10to50.root
2026-04-12 12:09:06,872 - INFO - [2016preVFP] MISSING_CENTRAL: ZG3Mu/Central/jets/4/pt in Skim_TriLep_TTG.root
2026-04-12 12:09:06,872 - INFO - [2016preVFP] MISSING_CENTRAL: ZG3Mu/Central/jets/4/pt in Skim_TriLep_WWG.root
2026-04-12 12:09:06,873 - INFO - [2016preVFP] MISSING_CENTRAL: ZG3Mu/Central/jets/4/pt in Skim_TriLep_TTWToLNu.root
2026-04-12 12:09:06,941 - INFO - [2016preVFP] MISSING_CENTRAL: ZG3Mu/Central/jets/4/pt in Skim_TriLep_WWW.root
2026-04-12 12:09:06,942 - INFO - [2016preVFP] MISSING_CENTRAL: ZG3Mu/Central/jets/4/pt in Skim_TriLep_WWZ.root
2026-04-12 12:09:06,953 - INFO - [2016preVFP] MISSING_CENTRAL: ZG3Mu/Central/jets/4/pt in Skim_TriLep_ZZZ.root
2026-04-12 12:09:11,501 - INFO - [2016preVFP] MISSING_CENTRAL: ZG3Mu/Central/jets/4/pt in Skim_TriLep_DoubleMuon_C.root
2026-04-12 12:09:11,502 - INFO - [2016preVFP] MISSING_CENTRAL: ZG3Mu/Central/jets/4/pt in Skim_TriLep_DoubleMuon_D.root
2026-04-12 12:09:11,502 - INFO - [2016preVFP] MISSING_CENTRAL: ZG3Mu/Central/jets/4/pt in Skim_TriLep_DoubleMuon_E.root
2026-04-12 12:09:11,503 - INFO - [2016preVFP] MISSING_CENTRAL: ZG3Mu/Central/jets/4/pt in Skim_TriLep_DoubleMuon_F.root
2026-04-12 12:09:11,533 - INFO - [2016preVFP] MISSING_CENTRAL: ZG3Mu/Central/jets/4/pt in Skim_TriLep_DoubleMuon_C.root
2026-04-12 12:09:11,535 - INFO - [2016preVFP] MISSING_CENTRAL: ZG3Mu/Central/jets/4/pt in Skim_TriLep_DoubleMuon_E.root
2026-04-12 12:09:11,535 - INFO - [2016preVFP] MISSING_CENTRAL: ZG3Mu/Central/jets/4/pt in Skim_TriLep_DoubleMuon_F.root
2026-04-12 12:09:11,537 - INFO - [2016preVFP] MISSING_CENTRAL: ZG3Mu/Central/jets/4/pt in Skim_TriLep_DYJets10to50.root
2026-04-12 12:09:11,537 - INFO - [2016preVFP] MISSING_CENTRAL: ZG3Mu/Central/jets/4/pt in Skim_TriLep_TTG.root
2026-04-12 12:09:11,538 - INFO - [2016preVFP] MISSING_CENTRAL: ZG3Mu/Central/jets/4/pt in Skim_TriLep_WWG.root
2026-04-12 12:09:11,538 - INFO - [2016preVFP] MISSING_CENTRAL: ZG3Mu/Central/jets/4/pt in Skim_TriLep_TTWToLNu.root
2026-04-12 12:09:11,550 - INFO - [2016preVFP] MISSING_CENTRAL: ZG3Mu/Central/jets/4/pt in Skim_TriLep_WWW.root
2026-04-12 12:09:11,551 - INFO - [2016preVFP] MISSING_CENTRAL: ZG3Mu/Central/jets/4/pt in Skim_TriLep_WWZ.root
2026-04-12 12:09:11,552 - INFO - [2016preVFP] MISSING_CENTRAL: ZG3Mu/Central/jets/4/pt in Skim_TriLep_ZZZ.root
2026-04-12 12:28:46,435 - INFO - [2016preVFP] MISSING_CENTRAL: ZG3Mu/Central/jets/4/pt in Skim_TriLep_DoubleMuon_C.root
2026-04-12 12:28:46,436 - INFO - [2016preVFP] MISSING_CENTRAL: ZG3Mu/Central/jets/4/pt in Skim_TriLep_DoubleMuon_D.root
2026-04-12 12:28:46,437 - INFO - [2016preVFP] MISSING_CENTRAL: ZG3Mu/Central/jets/4/pt in Skim_TriLep_DoubleMuon_E.root
2026-04-12 12:28:46,437 - INFO - [2016preVFP] MISSING_CENTRAL: ZG3Mu/Central/jets/4/pt in Skim_TriLep_DoubleMuon_F.root
2026-04-12 12:28:46,470 - INFO - [2016preVFP] MISSING_CENTRAL: ZG3Mu/Central/jets/4/pt in Skim_TriLep_DoubleMuon_C.root
2026-04-12 12:28:46,471 - INFO - [2016preVFP] MISSING_CENTRAL: ZG3Mu/Central/jets/4/pt in Skim_TriLep_DoubleMuon_E.root
2026-04-12 12:28:46,471 - INFO - [2016preVFP] MISSING_CENTRAL: ZG3Mu/Central/jets/4/pt in Skim_TriLep_DoubleMuon_F.root
2026-04-12 12:28:46,493 - INFO - [2016preVFP] MISSING_CENTRAL: ZG3Mu/Central/jets/4/pt in Skim_TriLep_DYJets10to50.root
2026-04-12 12:28:46,494 - INFO - [2016preVFP] MISSING_CENTRAL: ZG3Mu/Central/jets/4/pt in Skim_TriLep_TTG.root
2026-04-12 12:28:46,497 - INFO - [2016preVFP] MISSING_CENTRAL: ZG3Mu/Central/jets/4/pt in Skim_TriLep_WWG.root
2026-04-12 12:28:46,498 - INFO - [2016preVFP] MISSING_CENTRAL: ZG3Mu/Central/jets/4/pt in Skim_TriLep_TTWToLNu.root
2026-04-12 12:28:46,575 - INFO - [2016preVFP] MISSING_CENTRAL: ZG3Mu/Central/jets/4/pt in Skim_TriLep_WWW.root
2026-04-12 12:28:46,575 - INFO - [2016preVFP] MISSING_CENTRAL: ZG3Mu/Central/jets/4/pt in Skim_TriLep_WWZ.root
2026-04-12 12:28:46,588 - INFO - [2016preVFP] MISSING_CENTRAL: ZG3Mu/Central/jets/4/pt in Skim_TriLep_ZZZ.root
2026-04-12 12:28:51,027 - INFO - [2016preVFP] MISSING_CENTRAL: ZG3Mu/Central/jets/4/pt in Skim_TriLep_DoubleMuon_C.root
2026-04-12 12:28:51,028 - INFO - [2016preVFP] MISSING_CENTRAL: ZG3Mu/Central/jets/4/pt in Skim_TriLep_DoubleMuon_D.root
2026-04-12 12:28:51,029 - INFO - [2016preVFP] MISSING_CENTRAL: ZG3Mu/Central/jets/4/pt in Skim_TriLep_DoubleMuon_E.root
2026-04-12 12:28:51,029 - INFO - [2016preVFP] MISSING_CENTRAL: ZG3Mu/Central/jets/4/pt in Skim_TriLep_DoubleMuon_F.root
2026-04-12 12:28:51,060 - INFO - [2016preVFP] MISSING_CENTRAL: ZG3Mu/Central/jets/4/pt in Skim_TriLep_DoubleMuon_C.root
2026-04-12 12:28:51,062 - INFO - [2016preVFP] MISSING_CENTRAL: ZG3Mu/Central/jets/4/pt in Skim_TriLep_DoubleMuon_E.root
2026-04-12 12:28:51,063 - INFO - [2016preVFP] MISSING_CENTRAL: ZG3Mu/Central/jets/4/pt in Skim_TriLep_DoubleMuon_F.root
2026-04-12 12:28:51,064 - INFO - [2016preVFP] MISSING_CENTRAL: ZG3Mu/Central/jets/4/pt in Skim_TriLep_DYJets10to50.root
2026-04-12 12:28:51,065 - INFO - [2016preVFP] MISSING_CENTRAL: ZG3Mu/Central/jets/4/pt in Skim_TriLep_TTG.root
2026-04-12 12:28:51,066 - INFO - [2016preVFP] MISSING_CENTRAL: ZG3Mu/Central/jets/4/pt in Skim_TriLep_WWG.root
2026-04-12 12:28:51,066 - INFO - [2016preVFP] MISSING_CENTRAL: ZG3Mu/Central/jets/4/pt in Skim_TriLep_TTWToLNu.root
2026-04-12 12:28:51,078 - INFO - [2016preVFP] MISSING_CENTRAL: ZG3Mu/Central/jets/4/pt in Skim_TriLep_WWW.root
2026-04-12 12:28:51,079 - INFO - [2016preVFP] MISSING_CENTRAL: ZG3Mu/Central/jets/4/pt in Skim_TriLep_WWZ.root
2026-04-12 12:28:51,081 - INFO - [2016preVFP] MISSING_CENTRAL: ZG3Mu/Central/jets/4/pt in Skim_TriLep_ZZZ.root
2026-04-12 13:11:35,576 - INFO - [2016preVFP] MISSING_CENTRAL: ZG3Mu/Central/jets/4/pt in Skim_TriLep_DoubleMuon_C.root
2026-04-12 13:11:35,577 - INFO - [2016preVFP] MISSING_CENTRAL: ZG3Mu/Central/jets/4/pt in Skim_TriLep_DoubleMuon_D.root
2026-04-12 13:11:35,578 - INFO - [2016preVFP] MISSING_CENTRAL: ZG3Mu/Central/jets/4/pt in Skim_TriLep_DoubleMuon_E.root
2026-04-12 13:11:35,578 - INFO - [2016preVFP] MISSING_CENTRAL: ZG3Mu/Central/jets/4/pt in Skim_TriLep_DoubleMuon_F.root
2026-04-12 13:11:35,612 - INFO - [2016preVFP] MISSING_CENTRAL: ZG3Mu/Central/jets/4/pt in Skim_TriLep_DoubleMuon_C.root
2026-04-12 13:11:35,614 - INFO - [2016preVFP] MISSING_CENTRAL: ZG3Mu/Central/jets/4/pt in Skim_TriLep_DoubleMuon_E.root
2026-04-12 13:11:35,614 - INFO - [2016preVFP] MISSING_CENTRAL: ZG3Mu/Central/jets/4/pt in Skim_TriLep_DoubleMuon_F.root
2026-04-12 13:11:35,635 - INFO - [2016preVFP] MISSING_CENTRAL: ZG3Mu/Central/jets/4/pt in Skim_TriLep_DYJets10to50.root
2026-04-12 13:11:35,636 - INFO - [2016preVFP] MISSING_CENTRAL: ZG3Mu/Central/jets/4/pt in Skim_TriLep_TTG.root
2026-04-12 13:11:35,636 - INFO - [2016preVFP] MISSING_CENTRAL: ZG3Mu/Central/jets/4/pt in Skim_TriLep_WWG.root
2026-04-12 13:11:35,637 - INFO - [2016preVFP] MISSING_CENTRAL: ZG3Mu/Central/jets/4/pt in Skim_TriLep_TTWToLNu.root
2026-04-12 13:11:35,706 - INFO - [2016preVFP] MISSING_CENTRAL: ZG3Mu/Central/jets/4/pt in Skim_TriLep_WWW.root
2026-04-12 13:11:35,707 - INFO - [2016preVFP] MISSING_CENTRAL: ZG3Mu/Central/jets/4/pt in Skim_TriLep_WWZ.root
2026-04-12 13:11:35,719 - INFO - [2016preVFP] MISSING_CENTRAL: ZG3Mu/Central/jets/4/pt in Skim_TriLep_ZZZ.root
2026-04-12 13:11:40,202 - INFO - [2016preVFP] MISSING_CENTRAL: ZG3Mu/Central/jets/4/pt in Skim_TriLep_DoubleMuon_C.root
2026-04-12 13:11:40,203 - INFO - [2016preVFP] MISSING_CENTRAL: ZG3Mu/Central/jets/4/pt in Skim_TriLep_DoubleMuon_D.root
2026-04-12 13:11:40,203 - INFO - [2016preVFP] MISSING_CENTRAL: ZG3Mu/Central/jets/4/pt in Skim_TriLep_DoubleMuon_E.root
2026-04-12 13:11:40,204 - INFO - [2016preVFP] MISSING_CENTRAL: ZG3Mu/Central/jets/4/pt in Skim_TriLep_DoubleMuon_F.root
2026-04-12 13:11:40,236 - INFO - [2016preVFP] MISSING_CENTRAL: ZG3Mu/Central/jets/4/pt in Skim_TriLep_DoubleMuon_C.root
2026-04-12 13:11:40,237 - INFO - [2016preVFP] MISSING_CENTRAL: ZG3Mu/Central/jets/4/pt in Skim_TriLep_DoubleMuon_E.root
2026-04-12 13:11:40,238 - INFO - [2016preVFP] MISSING_CENTRAL: ZG3Mu/Central/jets/4/pt in Skim_TriLep_DoubleMuon_F.root
2026-04-12 13:11:40,239 - INFO - [2016preVFP] MISSING_CENTRAL: ZG3Mu/Central/jets/4/pt in Skim_TriLep_DYJets10to50.root
2026-04-12 13:11:40,240 - INFO - [2016preVFP] MISSING_CENTRAL: ZG3Mu/Central/jets/4/pt in Skim_TriLep_TTG.root
2026-04-12 13:11:40,240 - INFO - [2016preVFP] MISSING_CENTRAL: ZG3Mu/Central/jets/4/pt in Skim_TriLep_WWG.root
2026-04-12 13:11:40,241 - INFO - [2016preVFP] MISSING_CENTRAL: ZG3Mu/Central/jets/4/pt in Skim_TriLep_TTWToLNu.root
2026-04-12 13:11:40,255 - INFO - [2016preVFP] MISSING_CENTRAL: ZG3Mu/Central/jets/4/pt in Skim_TriLep_WWW.root
2026-04-12 13:11:40,256 - INFO - [2016preVFP] MISSING_CENTRAL: ZG3Mu/Central/jets/4/pt in Skim_TriLep_WWZ.root
2026-04-12 13:11:40,257 - INFO - [2016preVFP] MISSING_CENTRAL: ZG3Mu/Central/jets/4/pt in Skim_TriLep_ZZZ.root
2026-04-12 20:36:34,534 - INFO - [2016preVFP] MISSING_CENTRAL: ZG3Mu/Central/jets/4/pt in Skim_TriLep_DoubleMuon_C.root
2026-04-12 20:36:34,535 - INFO - [2016preVFP] MISSING_CENTRAL: ZG3Mu/Central/jets/4/pt in Skim_TriLep_DoubleMuon_D.root
2026-04-12 20:36:34,535 - INFO - [2016preVFP] MISSING_CENTRAL: ZG3Mu/Central/jets/4/pt in Skim_TriLep_DoubleMuon_E.root
2026-04-12 20:36:34,536 - INFO - [2016preVFP] MISSING_CENTRAL: ZG3Mu/Central/jets/4/pt in Skim_TriLep_DoubleMuon_F.root
2026-04-12 20:36:34,568 - INFO - [2016preVFP] MISSING_CENTRAL: ZG3Mu/Central/jets/4/pt in Skim_TriLep_DoubleMuon_C.root
2026-04-12 20:36:34,570 - INFO - [2016preVFP] MISSING_CENTRAL: ZG3Mu/Central/jets/4/pt in Skim_TriLep_DoubleMuon_E.root
2026-04-12 20:36:34,570 - INFO - [2016preVFP] MISSING_CENTRAL: ZG3Mu/Central/jets/4/pt in Skim_TriLep_DoubleMuon_F.root
2026-04-12 20:36:34,589 - INFO - [2016preVFP] MISSING_CENTRAL: ZG3Mu/Central/jets/4/pt in Skim_TriLep_DYJets10to50.root
2026-04-12 20:36:34,590 - INFO - [2016preVFP] MISSING_CENTRAL: ZG3Mu/Central/jets/4/pt in Skim_TriLep_TTG.root
2026-04-12 20:36:34,590 - INFO - [2016preVFP] MISSING_CENTRAL: ZG3Mu/Central/jets/4/pt in Skim_TriLep_WWG.root
2026-04-12 20:36:34,591 - INFO - [2016preVFP] MISSING_CENTRAL: ZG3Mu/Central/jets/4/pt in Skim_TriLep_TTWToLNu.root
2026-04-12 20:36:34,657 - INFO - [2016preVFP] MISSING_CENTRAL: ZG3Mu/Central/jets/4/pt in Skim_TriLep_WWW.root
2026-04-12 20:36:34,658 - INFO - [2016preVFP] MISSING_CENTRAL: ZG3Mu/Central/jets/4/pt in Skim_TriLep_WWZ.root
2026-04-12 20:36:34,669 - INFO - [2016preVFP] MISSING_CENTRAL: ZG3Mu/Central/jets/4/pt in Skim_TriLep_ZZZ.root
2026-04-12 20:36:39,013 - INFO - [2016preVFP] MISSING_CENTRAL: ZG3Mu/Central/jets/4/pt in Skim_TriLep_DoubleMuon_C.root
2026-04-12 20:36:39,014 - INFO - [2016preVFP] MISSING_CENTRAL: ZG3Mu/Central/jets/4/pt in Skim_TriLep_DoubleMuon_D.root
2026-04-12 20:36:39,014 - INFO - [2016preVFP] MISSING_CENTRAL: ZG3Mu/Central/jets/4/pt in Skim_TriLep_DoubleMuon_E.root
2026-04-12 20:36:39,015 - INFO - [2016preVFP] MISSING_CENTRAL: ZG3Mu/Central/jets/4/pt in Skim_TriLep_DoubleMuon_F.root
2026-04-12 20:36:39,049 - INFO - [2016preVFP] MISSING_CENTRAL: ZG3Mu/Central/jets/4/pt in Skim_TriLep_DoubleMuon_C.root
2026-04-12 20:36:39,050 - INFO - [2016preVFP] MISSING_CENTRAL: ZG3Mu/Central/jets/4/pt in Skim_TriLep_DoubleMuon_E.root
2026-04-12 20:36:39,051 - INFO - [2016preVFP] MISSING_CENTRAL: ZG3Mu/Central/jets/4/pt in Skim_TriLep_DoubleMuon_F.root
2026-04-12 20:36:39,052 - INFO - [2016preVFP] MISSING_CENTRAL: ZG3Mu/Central/jets/4/pt in Skim_TriLep_DYJets10to50.root
2026-04-12 20:36:39,053 - INFO - [2016preVFP] MISSING_CENTRAL: ZG3Mu/Central/jets/4/pt in Skim_TriLep_TTG.root
2026-04-12 20:36:39,053 - INFO - [2016preVFP] MISSING_CENTRAL: ZG3Mu/Central/jets/4/pt in Skim_TriLep_WWG.root
2026-04-12 20:36:39,054 - INFO - [2016preVFP] MISSING_CENTRAL: ZG3Mu/Central/jets/4/pt in Skim_TriLep_TTWToLNu.root
2026-04-12 20:36:39,066 - INFO - [2016preVFP] MISSING_CENTRAL: ZG3Mu/Central/jets/4/pt in Skim_TriLep_WWW.root
2026-04-12 20:36:39,067 - INFO - [2016preVFP] MISSING_CENTRAL: ZG3Mu/Central/jets/4/pt in Skim_TriLep_WWZ.root
2026-04-12 20:36:39,068 - INFO - [2016preVFP] MISSING_CENTRAL: ZG3Mu/Central/jets/4/pt in Skim_TriLep_ZZZ.root
2026-04-12 21:02:50,416 - INFO - [2016preVFP] MISSING_CENTRAL: ZG3Mu/Central/jets/4/pt in Skim_TriLep_DoubleMuon_C.root
2026-04-12 21:02:50,417 - INFO - [2016preVFP] MISSING_CENTRAL: ZG3Mu/Central/jets/4/pt in Skim_TriLep_DoubleMuon_D.root
2026-04-12 21:02:50,418 - INFO - [2016preVFP] MISSING_CENTRAL: ZG3Mu/Central/jets/4/pt in Skim_TriLep_DoubleMuon_E.root
2026-04-12 21:02:50,418 - INFO - [2016preVFP] MISSING_CENTRAL: ZG3Mu/Central/jets/4/pt in Skim_TriLep_DoubleMuon_F.root
2026-04-12 21:02:50,452 - INFO - [2016preVFP] MISSING_CENTRAL: ZG3Mu/Central/jets/4/pt in Skim_TriLep_DoubleMuon_C.root
2026-04-12 21:02:50,454 - INFO - [2016preVFP] MISSING_CENTRAL: ZG3Mu/Central/jets/4/pt in Skim_TriLep_DoubleMuon_E.root
2026-04-12 21:02:50,454 - INFO - [2016preVFP] MISSING_CENTRAL: ZG3Mu/Central/jets/4/pt in Skim_TriLep_DoubleMuon_F.root
2026-04-12 21:02:50,473 - INFO - [2016preVFP] MISSING_CENTRAL: ZG3Mu/Central/jets/4/pt in Skim_TriLep_DYJets10to50.root
2026-04-12 21:02:50,473 - INFO - [2016preVFP] MISSING_CENTRAL: ZG3Mu/Central/jets/4/pt in Skim_TriLep_TTG.root
2026-04-12 21:02:50,474 - INFO - [2016preVFP] MISSING_CENTRAL: ZG3Mu/Central/jets/4/pt in Skim_TriLep_WWG.root
2026-04-12 21:02:50,475 - INFO - [2016preVFP] MISSING_CENTRAL: ZG3Mu/Central/jets/4/pt in Skim_TriLep_TTWToLNu.root
2026-04-12 21:02:50,544 - INFO - [2016preVFP] MISSING_CENTRAL: ZG3Mu/Central/jets/4/pt in Skim_TriLep_WWW.root
2026-04-12 21:02:50,545 - INFO - [2016preVFP] MISSING_CENTRAL: ZG3Mu/Central/jets/4/pt in Skim_TriLep_WWZ.root
2026-04-12 21:02:50,558 - INFO - [2016preVFP] MISSING_CENTRAL: ZG3Mu/Central/jets/4/pt in Skim_TriLep_ZZZ.root
2026-04-12 21:02:54,869 - INFO - [2016preVFP] MISSING_CENTRAL: ZG3Mu/Central/jets/4/pt in Skim_TriLep_DoubleMuon_C.root
2026-04-12 21:02:54,869 - INFO - [2016preVFP] MISSING_CENTRAL: ZG3Mu/Central/jets/4/pt in Skim_TriLep_DoubleMuon_D.root
2026-04-12 21:02:54,870 - INFO - [2016preVFP] MISSING_CENTRAL: ZG3Mu/Central/jets/4/pt in Skim_TriLep_DoubleMuon_E.root
2026-04-12 21:02:54,870 - INFO - [2016preVFP] MISSING_CENTRAL: ZG3Mu/Central/jets/4/pt in Skim_TriLep_DoubleMuon_F.root
2026-04-12 21:02:54,905 - INFO - [2016preVFP] MISSING_CENTRAL: ZG3Mu/Central/jets/4/pt in Skim_TriLep_DoubleMuon_C.root
2026-04-12 21:02:54,906 - INFO - [2016preVFP] MISSING_CENTRAL: ZG3Mu/Central/jets/4/pt in Skim_TriLep_DoubleMuon_E.root
2026-04-12 21:02:54,907 - INFO - [2016preVFP] MISSING_CENTRAL: ZG3Mu/Central/jets/4/pt in Skim_TriLep_DoubleMuon_F.root
2026-04-12 21:02:54,908 - INFO - [2016preVFP] MISSING_CENTRAL: ZG3Mu/Central/jets/4/pt in Skim_TriLep_DYJets10to50.root
2026-04-12 21:02:54,909 - INFO - [2016preVFP] MISSING_CENTRAL: ZG3Mu/Central/jets/4/pt in Skim_TriLep_TTG.root
2026-04-12 21:02:54,910 - INFO - [2016preVFP] MISSING_CENTRAL: ZG3Mu/Central/jets/4/pt in Skim_TriLep_WWG.root
2026-04-12 21:02:54,910 - INFO - [2016preVFP] MISSING_CENTRAL: ZG3Mu/Central/jets/4/pt in Skim_TriLep_TTWToLNu.root
2026-04-12 21:02:54,923 - INFO - [2016preVFP] MISSING_CENTRAL: ZG3Mu/Central/jets/4/pt in Skim_TriLep_WWW.root
2026-04-12 21:02:54,924 - INFO - [2016preVFP] MISSING_CENTRAL: ZG3Mu/Central/jets/4/pt in Skim_TriLep_WWZ.root
2026-04-12 21:02:54,925 - INFO - [2016preVFP] MISSING_CENTRAL: ZG3Mu/Central/jets/4/pt in Skim_TriLep_ZZZ.root
2026-04-12 21:08:21,147 - INFO - [2016preVFP] MISSING_CENTRAL: ZG3Mu/Central/jets/4/pt in Skim_TriLep_DoubleMuon_C.root
2026-04-12 21:08:21,147 - INFO - [2016preVFP] MISSING_CENTRAL: ZG3Mu/Central/jets/4/pt in Skim_TriLep_DoubleMuon_D.root
2026-04-12 21:08:21,148 - INFO - [2016preVFP] MISSING_CENTRAL: ZG3Mu/Central/jets/4/pt in Skim_TriLep_DoubleMuon_E.root
2026-04-12 21:08:21,148 - INFO - [2016preVFP] MISSING_CENTRAL: ZG3Mu/Central/jets/4/pt in Skim_TriLep_DoubleMuon_F.root
2026-04-12 21:08:21,180 - INFO - [2016preVFP] MISSING_CENTRAL: ZG3Mu/Central/jets/4/pt in Skim_TriLep_DoubleMuon_C.root
2026-04-12 21:08:21,182 - INFO - [2016preVFP] MISSING_CENTRAL: ZG3Mu/Central/jets/4/pt in Skim_TriLep_DoubleMuon_E.root
2026-04-12 21:08:21,183 - INFO - [2016preVFP] MISSING_CENTRAL: ZG3Mu/Central/jets/4/pt in Skim_TriLep_DoubleMuon_F.root
2026-04-12 21:08:21,202 - INFO - [2016preVFP] MISSING_CENTRAL: ZG3Mu/Central/jets/4/pt in Skim_TriLep_DYJets10to50.root
2026-04-12 21:08:21,202 - INFO - [2016preVFP] MISSING_CENTRAL: ZG3Mu/Central/jets/4/pt in Skim_TriLep_TTG.root
2026-04-12 21:08:21,203 - INFO - [2016preVFP] MISSING_CENTRAL: ZG3Mu/Central/jets/4/pt in Skim_TriLep_WWG.root
2026-04-12 21:08:21,204 - INFO - [2016preVFP] MISSING_CENTRAL: ZG3Mu/Central/jets/4/pt in Skim_TriLep_TTWToLNu.root
2026-04-12 21:08:21,270 - INFO - [2016preVFP] MISSING_CENTRAL: ZG3Mu/Central/jets/4/pt in Skim_TriLep_WWW.root
2026-04-12 21:08:21,271 - INFO - [2016preVFP] MISSING_CENTRAL: ZG3Mu/Central/jets/4/pt in Skim_TriLep_WWZ.root
2026-04-12 21:08:21,282 - INFO - [2016preVFP] MISSING_CENTRAL: ZG3Mu/Central/jets/4/pt in Skim_TriLep_ZZZ.root
2026-04-12 21:08:25,644 - INFO - [2016preVFP] MISSING_CENTRAL: ZG3Mu/Central/jets/4/pt in Skim_TriLep_DoubleMuon_C.root
2026-04-12 21:08:25,645 - INFO - [2016preVFP] MISSING_CENTRAL: ZG3Mu/Central/jets/4/pt in Skim_TriLep_DoubleMuon_D.root
2026-04-12 21:08:25,645 - INFO - [2016preVFP] MISSING_CENTRAL: ZG3Mu/Central/jets/4/pt in Skim_TriLep_DoubleMuon_E.root
2026-04-12 21:08:25,646 - INFO - [2016preVFP] MISSING_CENTRAL: ZG3Mu/Central/jets/4/pt in Skim_TriLep_DoubleMuon_F.root
2026-04-12 21:08:25,676 - INFO - [2016preVFP] MISSING_CENTRAL: ZG3Mu/Central/jets/4/pt in Skim_TriLep_DoubleMuon_C.root
2026-04-12 21:08:25,678 - INFO - [2016preVFP] MISSING_CENTRAL: ZG3Mu/Central/jets/4/pt in Skim_TriLep_DoubleMuon_E.root
2026-04-12 21:08:25,678 - INFO - [2016preVFP] MISSING_CENTRAL: ZG3Mu/Central/jets/4/pt in Skim_TriLep_DoubleMuon_F.root
2026-04-12 21:08:25,679 - INFO - [2016preVFP] MISSING_CENTRAL: ZG3Mu/Central/jets/4/pt in Skim_TriLep_DYJets10to50.root
2026-04-12 21:08:25,680 - INFO - [2016preVFP] MISSING_CENTRAL: ZG3Mu/Central/jets/4/pt in Skim_TriLep_TTG.root
2026-04-12 21:08:25,680 - INFO - [2016preVFP] MISSING_CENTRAL: ZG3Mu/Central/jets/4/pt in Skim_TriLep_WWG.root
2026-04-12 21:08:25,681 - INFO - [2016preVFP] MISSING_CENTRAL: ZG3Mu/Central/jets/4/pt in Skim_TriLep_TTWToLNu.root
2026-04-12 21:08:25,693 - INFO - [2016preVFP] MISSING_CENTRAL: ZG3Mu/Central/jets/4/pt in Skim_TriLep_WWW.root
2026-04-12 21:08:25,694 - INFO - [2016preVFP] MISSING_CENTRAL: ZG3Mu/Central/jets/4/pt in Skim_TriLep_WWZ.root
2026-04-12 21:08:25,695 - INFO - [2016preVFP] MISSING_CENTRAL: ZG3Mu/Central/jets/4/pt in Skim_TriLep_ZZZ.root
2026-04-13 12:39:42,579 - INFO - [2016preVFP] MISSING_CENTRAL: ZG3Mu/Central/jets/4/pt in Skim_TriLep_DoubleMuon_C.root
2026-04-13 12:39:42,580 - INFO - [2016preVFP] MISSING_CENTRAL: ZG3Mu/Central/jets/4/pt in Skim_TriLep_DoubleMuon_D.root
2026-04-13 12:39:42,581 - INFO - [2016preVFP] MISSING_CENTRAL: ZG3Mu/Central/jets/4/pt in Skim_TriLep_DoubleMuon_E.root
2026-04-13 12:39:42,581 - INFO - [2016preVFP] MISSING_CENTRAL: ZG3Mu/Central/jets/4/pt in Skim_TriLep_DoubleMuon_F.root
2026-04-13 12:39:42,612 - INFO - [2016preVFP] MISSING_CENTRAL: ZG3Mu/Central/jets/4/pt in Skim_TriLep_DoubleMuon_C.root
2026-04-13 12:39:42,614 - INFO - [2016preVFP] MISSING_CENTRAL: ZG3Mu/Central/jets/4/pt in Skim_TriLep_DoubleMuon_E.root
2026-04-13 12:39:42,614 - INFO - [2016preVFP] MISSING_CENTRAL: ZG3Mu/Central/jets/4/pt in Skim_TriLep_DoubleMuon_F.root
2026-04-13 12:39:42,632 - INFO - [2016preVFP] MISSING_CENTRAL: ZG3Mu/Central/jets/4/pt in Skim_TriLep_DYJets10to50.root
2026-04-13 12:39:42,633 - INFO - [2016preVFP] MISSING_CENTRAL: ZG3Mu/Central/jets/4/pt in Skim_TriLep_TTG.root
2026-04-13 12:39:42,633 - INFO - [2016preVFP] MISSING_CENTRAL: ZG3Mu/Central/jets/4/pt in Skim_TriLep_WWG.root
2026-04-13 12:39:42,634 - INFO - [2016preVFP] MISSING_CENTRAL: ZG3Mu/Central/jets/4/pt in Skim_TriLep_TTWToLNu.root
2026-04-13 12:39:42,700 - INFO - [2016preVFP] MISSING_CENTRAL: ZG3Mu/Central/jets/4/pt in Skim_TriLep_WWW.root
2026-04-13 12:39:42,701 - INFO - [2016preVFP] MISSING_CENTRAL: ZG3Mu/Central/jets/4/pt in Skim_TriLep_WWZ.root
2026-04-13 12:39:42,712 - INFO - [2016preVFP] MISSING_CENTRAL: ZG3Mu/Central/jets/4/pt in Skim_TriLep_ZZZ.root
2026-04-13 12:39:45,460 - INFO - [2016preVFP] MISSING_CENTRAL: ZG3Mu/Central/jets/4/pt in Skim_TriLep_DoubleMuon_C.root
2026-04-13 12:39:45,461 - INFO - [2016preVFP] MISSING_CENTRAL: ZG3Mu/Central/jets/4/pt in Skim_TriLep_DoubleMuon_D.root
2026-04-13 12:39:45,461 - INFO - [2016preVFP] MISSING_CENTRAL: ZG3Mu/Central/jets/4/pt in Skim_TriLep_DoubleMuon_E.root
2026-04-13 12:39:45,462 - INFO - [2016preVFP] MISSING_CENTRAL: ZG3Mu/Central/jets/4/pt in Skim_TriLep_DoubleMuon_F.root
2026-04-13 12:39:45,492 - INFO - [2016preVFP] MISSING_CENTRAL: ZG3Mu/Central/jets/4/pt in Skim_TriLep_DoubleMuon_C.root
2026-04-13 12:39:45,494 - INFO - [2016preVFP] MISSING_CENTRAL: ZG3Mu/Central/jets/4/pt in Skim_TriLep_DoubleMuon_E.root
2026-04-13 12:39:45,494 - INFO - [2016preVFP] MISSING_CENTRAL: ZG3Mu/Central/jets/4/pt in Skim_TriLep_DoubleMuon_F.root
2026-04-13 12:39:45,495 - INFO - [2016preVFP] MISSING_CENTRAL: ZG3Mu/Central/jets/4/pt in Skim_TriLep_DYJets10to50.root
2026-04-13 12:39:45,496 - INFO - [2016preVFP] MISSING_CENTRAL: ZG3Mu/Central/jets/4/pt in Skim_TriLep_TTG.root
2026-04-13 12:39:45,496 - INFO - [2016preVFP] MISSING_CENTRAL: ZG3Mu/Central/jets/4/pt in Skim_TriLep_WWG.root
2026-04-13 12:39:45,497 - INFO - [2016preVFP] MISSING_CENTRAL: ZG3Mu/Central/jets/4/pt in Skim_TriLep_TTWToLNu.root
2026-04-13 12:39:45,509 - INFO - [2016preVFP] MISSING_CENTRAL: ZG3Mu/Central/jets/4/pt in Skim_TriLep_WWW.root
2026-04-13 12:39:45,510 - INFO - [2016preVFP] MISSING_CENTRAL: ZG3Mu/Central/jets/4/pt in Skim_TriLep_WWZ.root
2026-04-13 12:39:45,511 - INFO - [2016preVFP] MISSING_CENTRAL: ZG3Mu/Central/jets/4/pt in Skim_TriLep_ZZZ.root
2026-04-13 12:45:44,487 - INFO - [2016preVFP] MISSING_CENTRAL: ZG3Mu/Central/jets/4/pt in Skim_TriLep_DoubleMuon_C.root
2026-04-13 12:45:44,488 - INFO - [2016preVFP] MISSING_CENTRAL: ZG3Mu/Central/jets/4/pt in Skim_TriLep_DoubleMuon_D.root
2026-04-13 12:45:44,488 - INFO - [2016preVFP] MISSING_CENTRAL: ZG3Mu/Central/jets/4/pt in Skim_TriLep_DoubleMuon_E.root
2026-04-13 12:45:44,489 - INFO - [2016preVFP] MISSING_CENTRAL: ZG3Mu/Central/jets/4/pt in Skim_TriLep_DoubleMuon_F.root
2026-04-13 12:45:44,516 - INFO - [2016preVFP] MISSING_CENTRAL: ZG3Mu/Central/jets/4/pt in Skim_TriLep_DoubleMuon_C.root
2026-04-13 12:45:44,517 - INFO - [2016preVFP] MISSING_CENTRAL: ZG3Mu/Central/jets/4/pt in Skim_TriLep_DoubleMuon_E.root
2026-04-13 12:45:44,518 - INFO - [2016preVFP] MISSING_CENTRAL: ZG3Mu/Central/jets/4/pt in Skim_TriLep_DoubleMuon_F.root
2026-04-13 12:45:44,539 - INFO - [2016preVFP] MISSING_CENTRAL: ZG3Mu/Central/jets/4/pt in Skim_TriLep_DYJets10to50.root
2026-04-13 12:45:44,540 - INFO - [2016preVFP] MISSING_CENTRAL: ZG3Mu/Central/jets/4/pt in Skim_TriLep_TTG.root
2026-04-13 12:45:44,540 - INFO - [2016preVFP] MISSING_CENTRAL: ZG3Mu/Central/jets/4/pt in Skim_TriLep_WWG.root
2026-04-13 12:45:44,541 - INFO - [2016preVFP] MISSING_CENTRAL: ZG3Mu/Central/jets/4/pt in Skim_TriLep_TTWToLNu.root
2026-04-13 12:45:44,648 - INFO - [2016preVFP] MISSING_CENTRAL: ZG3Mu/Central/jets/4/pt in Skim_TriLep_WWW.root
2026-04-13 12:45:44,649 - INFO - [2016preVFP] MISSING_CENTRAL: ZG3Mu/Central/jets/4/pt in Skim_TriLep_WWZ.root
2026-04-13 12:45:44,663 - INFO - [2016preVFP] MISSING_CENTRAL: ZG3Mu/Central/jets/4/pt in Skim_TriLep_ZZZ.root
2026-04-13 12:45:48,933 - INFO - [2016preVFP] MISSING_CENTRAL: ZG3Mu/Central/jets/4/pt in Skim_TriLep_DoubleMuon_C.root
2026-04-13 12:45:48,933 - INFO - [2016preVFP] MISSING_CENTRAL: ZG3Mu/Central/jets/4/pt in Skim_TriLep_DoubleMuon_D.root
2026-04-13 12:45:48,934 - INFO - [2016preVFP] MISSING_CENTRAL: ZG3Mu/Central/jets/4/pt in Skim_TriLep_DoubleMuon_E.root
2026-04-13 12:45:48,934 - INFO - [2016preVFP] MISSING_CENTRAL: ZG3Mu/Central/jets/4/pt in Skim_TriLep_DoubleMuon_F.root
2026-04-13 12:45:48,963 - INFO - [2016preVFP] MISSING_CENTRAL: ZG3Mu/Central/jets/4/pt in Skim_TriLep_DoubleMuon_C.root
2026-04-13 12:45:48,964 - INFO - [2016preVFP] MISSING_CENTRAL: ZG3Mu/Central/jets/4/pt in Skim_TriLep_DoubleMuon_E.root
2026-04-13 12:45:48,965 - INFO - [2016preVFP] MISSING_CENTRAL: ZG3Mu/Central/jets/4/pt in Skim_TriLep_DoubleMuon_F.root
2026-04-13 12:45:48,966 - INFO - [2016preVFP] MISSING_CENTRAL: ZG3Mu/Central/jets/4/pt in Skim_TriLep_DYJets10to50.root
2026-04-13 12:45:48,967 - INFO - [2016preVFP] MISSING_CENTRAL: ZG3Mu/Central/jets/4/pt in Skim_TriLep_TTG.root
2026-04-13 12:45:48,967 - INFO - [2016preVFP] MISSING_CENTRAL: ZG3Mu/Central/jets/4/pt in Skim_TriLep_WWG.root
2026-04-13 12:45:48,968 - INFO - [2016preVFP] MISSING_CENTRAL: ZG3Mu/Central/jets/4/pt in Skim_TriLep_TTWToLNu.root
2026-04-13 12:45:48,981 - INFO - [2016preVFP] MISSING_CENTRAL: ZG3Mu/Central/jets/4/pt in Skim_TriLep_WWW.root
2026-04-13 12:45:48,981 - INFO - [2016preVFP] MISSING_CENTRAL: ZG3Mu/Central/jets/4/pt in Skim_TriLep_WWZ.root
2026-04-13 12:45:48,983 - INFO - [2016preVFP] MISSING_CENTRAL: ZG3Mu/Central/jets/4/pt in Skim_TriLep_ZZZ.root
2026-06-12 14:01:32,188 - INFO - [2016preVFP] MISSING_CENTRAL: ZG3Mu/Central/jets/4/pt in Skim_TriLep_DoubleMuon_C.root
2026-06-12 14:01:32,188 - INFO - [2016preVFP] MISSING_CENTRAL: ZG3Mu/Central/jets/4/pt in Skim_TriLep_DoubleMuon_D.root
2026-06-12 14:01:32,189 - INFO - [2016preVFP] MISSING_CENTRAL: ZG3Mu/Central/jets/4/pt in Skim_TriLep_DoubleMuon_E.root
2026-06-12 14:01:32,190 - INFO - [2016preVFP] MISSING_CENTRAL: ZG3Mu/Central/jets/4/pt in Skim_TriLep_DoubleMuon_F.root
2026-06-12 14:01:32,220 - INFO - [2016preVFP] MISSING_CENTRAL: ZG3Mu/Central/jets/4/pt in Skim_TriLep_DoubleMuon_C.root
2026-06-12 14:01:32,221 - INFO - [2016preVFP] MISSING_CENTRAL: ZG3Mu/Central/jets/4/pt in Skim_TriLep_DoubleMuon_E.root
2026-06-12 14:01:32,222 - INFO - [2016preVFP] MISSING_CENTRAL: ZG3Mu/Central/jets/4/pt in Skim_TriLep_DoubleMuon_F.root
2026-06-12 14:01:32,243 - INFO - [2016preVFP] MISSING_CENTRAL: ZG3Mu/Central/jets/4/pt in Skim_TriLep_DYJets10to50.root
2026-06-12 14:01:32,243 - INFO - [2016preVFP] MISSING_CENTRAL: ZG3Mu/Central/jets/4/pt in Skim_TriLep_TTG.root
2026-06-12 14:01:32,243 - INFO - [2016preVFP] MISSING_CENTRAL: ZG3Mu/Central/jets/4/pt in Skim_TriLep_WWG.root
2026-06-12 14:01:32,244 - INFO - [2016preVFP] MISSING_CENTRAL: ZG3Mu/Central/jets/4/pt in Skim_TriLep_TTWToLNu.root
2026-06-12 14:01:32,326 - INFO - [2016preVFP] MISSING_CENTRAL: ZG3Mu/Central/jets/4/pt in Skim_TriLep_WWW.root
2026-06-12 14:01:32,326 - INFO - [2016preVFP] MISSING_CENTRAL: ZG3Mu/Central/jets/4/pt in Skim_TriLep_WWZ.root
2026-06-12 14:01:32,341 - INFO - [2016preVFP] MISSING_CENTRAL: ZG3Mu/Central/jets/4/pt in Skim_TriLep_ZZZ.root
2026-06-12 14:01:36,604 - INFO - [2016preVFP] MISSING_CENTRAL: ZG3Mu/Central/jets/4/pt in Skim_TriLep_DoubleMuon_C.root
2026-06-12 14:01:36,605 - INFO - [2016preVFP] MISSING_CENTRAL: ZG3Mu/Central/jets/4/pt in Skim_TriLep_DoubleMuon_D.root
2026-06-12 14:01:36,606 - INFO - [2016preVFP] MISSING_CENTRAL: ZG3Mu/Central/jets/4/pt in Skim_TriLep_DoubleMuon_E.root
2026-06-12 14:01:36,606 - INFO - [2016preVFP] MISSING_CENTRAL: ZG3Mu/Central/jets/4/pt in Skim_TriLep_DoubleMuon_F.root
2026-06-12 14:01:36,636 - INFO - [2016preVFP] MISSING_CENTRAL: ZG3Mu/Central/jets/4/pt in Skim_TriLep_DoubleMuon_C.root
2026-06-12 14:01:36,637 - INFO - [2016preVFP] MISSING_CENTRAL: ZG3Mu/Central/jets/4/pt in Skim_TriLep_DoubleMuon_E.root
2026-06-12 14:01:36,637 - INFO - [2016preVFP] MISSING_CENTRAL: ZG3Mu/Central/jets/4/pt in Skim_TriLep_DoubleMuon_F.root
2026-06-12 14:01:36,639 - INFO - [2016preVFP] MISSING_CENTRAL: ZG3Mu/Central/jets/4/pt in Skim_TriLep_DYJets10to50.root
2026-06-12 14:01:36,639 - INFO - [2016preVFP] MISSING_CENTRAL: ZG3Mu/Central/jets/4/pt in Skim_TriLep_TTG.root
2026-06-12 14:01:36,640 - INFO - [2016preVFP] MISSING_CENTRAL: ZG3Mu/Central/jets/4/pt in Skim_TriLep_WWG.root
2026-06-12 14:01:36,641 - INFO - [2016preVFP] MISSING_CENTRAL: ZG3Mu/Central/jets/4/pt in Skim_TriLep_TTWToLNu.root
2026-06-12 14:01:36,654 - INFO - [2016preVFP] MISSING_CENTRAL: ZG3Mu/Central/jets/4/pt in Skim_TriLep_WWW.root
2026-06-12 14:01:36,654 - INFO - [2016preVFP] MISSING_CENTRAL: ZG3Mu/Central/jets/4/pt in Skim_TriLep_WWZ.root
2026-06-12 14:01:36,656 - INFO - [2016preVFP] MISSING_CENTRAL: ZG3Mu/Central/jets/4/pt in Skim_TriLep_ZZZ.root
2026-06-12 14:22:15,821 - INFO - [2016preVFP] MISSING_CENTRAL: ZG3Mu/Central/jets/4/pt in Skim_TriLep_DoubleMuon_C.root
2026-06-12 14:22:15,822 - INFO - [2016preVFP] MISSING_CENTRAL: ZG3Mu/Central/jets/4/pt in Skim_TriLep_DoubleMuon_D.root
2026-06-12 14:22:15,822 - INFO - [2016preVFP] MISSING_CENTRAL: ZG3Mu/Central/jets/4/pt in Skim_TriLep_DoubleMuon_E.root
2026-06-12 14:22:15,823 - INFO - [2016preVFP] MISSING_CENTRAL: ZG3Mu/Central/jets/4/pt in Skim_TriLep_DoubleMuon_F.root
2026-06-12 14:22:15,851 - INFO - [2016preVFP] MISSING_CENTRAL: ZG3Mu/Central/jets/4/pt in Skim_TriLep_DoubleMuon_C.root
2026-06-12 14:22:15,853 - INFO - [2016preVFP] MISSING_CENTRAL: ZG3Mu/Central/jets/4/pt in Skim_TriLep_DoubleMuon_E.root
2026-06-12 14:22:15,853 - INFO - [2016preVFP] MISSING_CENTRAL: ZG3Mu/Central/jets/4/pt in Skim_TriLep_DoubleMuon_F.root
2026-06-12 14:22:15,875 - INFO - [2016preVFP] MISSING_CENTRAL: ZG3Mu/Central/jets/4/pt in Skim_TriLep_DYJets10to50.root
2026-06-12 14:22:15,876 - INFO - [2016preVFP] MISSING_CENTRAL: ZG3Mu/Central/jets/4/pt in Skim_TriLep_TTG.root
2026-06-12 14:22:15,876 - INFO - [2016preVFP] MISSING_CENTRAL: ZG3Mu/Central/jets/4/pt in Skim_TriLep_WWG.root
2026-06-12 14:22:15,877 - INFO - [2016preVFP] MISSING_CENTRAL: ZG3Mu/Central/jets/4/pt in Skim_TriLep_TTWToLNu.root
2026-06-12 14:22:15,959 - INFO - [2016preVFP] MISSING_CENTRAL: ZG3Mu/Central/jets/4/pt in Skim_TriLep_WWW.root
2026-06-12 14:22:15,959 - INFO - [2016preVFP] MISSING_CENTRAL: ZG3Mu/Central/jets/4/pt in Skim_TriLep_WWZ.root
2026-06-12 14:22:15,973 - INFO - [2016preVFP] MISSING_CENTRAL: ZG3Mu/Central/jets/4/pt in Skim_TriLep_ZZZ.root
2026-06-12 14:22:20,319 - INFO - [2016preVFP] MISSING_CENTRAL: ZG3Mu/Central/jets/4/pt in Skim_TriLep_DoubleMuon_C.root
2026-06-12 14:22:20,319 - INFO - [2016preVFP] MISSING_CENTRAL: ZG3Mu/Central/jets/4/pt in Skim_TriLep_DoubleMuon_D.root
2026-06-12 14:22:20,320 - INFO - [2016preVFP] MISSING_CENTRAL: ZG3Mu/Central/jets/4/pt in Skim_TriLep_DoubleMuon_E.root
2026-06-12 14:22:20,320 - INFO - [2016preVFP] MISSING_CENTRAL: ZG3Mu/Central/jets/4/pt in Skim_TriLep_DoubleMuon_F.root
2026-06-12 14:22:20,349 - INFO - [2016preVFP] MISSING_CENTRAL: ZG3Mu/Central/jets/4/pt in Skim_TriLep_DoubleMuon_C.root
2026-06-12 14:22:20,351 - INFO - [2016preVFP] MISSING_CENTRAL: ZG3Mu/Central/jets/4/pt in Skim_TriLep_DoubleMuon_E.root
2026-06-12 14:22:20,351 - INFO - [2016preVFP] MISSING_CENTRAL: ZG3Mu/Central/jets/4/pt in Skim_TriLep_DoubleMuon_F.root
2026-06-12 14:22:20,352 - INFO - [2016preVFP] MISSING_CENTRAL: ZG3Mu/Central/jets/4/pt in Skim_TriLep_DYJets10to50.root
2026-06-12 14:22:20,353 - INFO - [2016preVFP] MISSING_CENTRAL: ZG3Mu/Central/jets/4/pt in Skim_TriLep_TTG.root
2026-06-12 14:22:20,354 - INFO - [2016preVFP] MISSING_CENTRAL: ZG3Mu/Central/jets/4/pt in Skim_TriLep_WWG.root
2026-06-12 14:22:20,354 - INFO - [2016preVFP] MISSING_CENTRAL: ZG3Mu/Central/jets/4/pt in Skim_TriLep_TTWToLNu.root
2026-06-12 14:22:20,367 - INFO - [2016preVFP] MISSING_CENTRAL: ZG3Mu/Central/jets/4/pt in Skim_TriLep_WWW.root
2026-06-12 14:22:20,368 - INFO - [2016preVFP] MISSING_CENTRAL: ZG3Mu/Central/jets/4/pt in Skim_TriLep_WWZ.root
2026-06-12 14:22:20,369 - INFO - [2016preVFP] MISSING_CENTRAL: ZG3Mu/Central/jets/4/pt in Skim_TriLep_ZZZ.root
2026-06-18 00:12:46,341 - INFO - [2016preVFP] MISSING_CENTRAL: ZG3Mu/Central/jets/4/pt in Skim_TriLep_DoubleMuon_C.root
2026-06-18 00:12:46,341 - INFO - [2016preVFP] MISSING_CENTRAL: ZG3Mu/Central/jets/4/pt in Skim_TriLep_DoubleMuon_D.root
2026-06-18 00:12:46,342 - INFO - [2016preVFP] MISSING_CENTRAL: ZG3Mu/Central/jets/4/pt in Skim_TriLep_DoubleMuon_E.root
2026-06-18 00:12:46,342 - INFO - [2016preVFP] MISSING_CENTRAL: ZG3Mu/Central/jets/4/pt in Skim_TriLep_DoubleMuon_F.root
2026-06-18 00:12:46,367 - INFO - [2016preVFP] MISSING_CENTRAL: ZG3Mu/Central/jets/4/pt in Skim_TriLep_DoubleMuon_C.root
2026-06-18 00:12:46,368 - INFO - [2016preVFP] MISSING_CENTRAL: ZG3Mu/Central/jets/4/pt in Skim_TriLep_DoubleMuon_E.root
2026-06-18 00:12:46,369 - INFO - [2016preVFP] MISSING_CENTRAL: ZG3Mu/Central/jets/4/pt in Skim_TriLep_DoubleMuon_F.root
2026-06-18 00:12:46,387 - INFO - [2016preVFP] MISSING_CENTRAL: ZG3Mu/Central/jets/4/pt in Skim_TriLep_DYJets10to50.root
2026-06-18 00:12:46,388 - INFO - [2016preVFP] MISSING_CENTRAL: ZG3Mu/Central/jets/4/pt in Skim_TriLep_TTG.root
2026-06-18 00:12:46,388 - INFO - [2016preVFP] MISSING_CENTRAL: ZG3Mu/Central/jets/4/pt in Skim_TriLep_WWG.root
2026-06-18 00:12:46,389 - INFO - [2016preVFP] MISSING_CENTRAL: ZG3Mu/Central/jets/4/pt in Skim_TriLep_TTWToLNu.root
2026-06-18 00:12:46,451 - INFO - [2016preVFP] MISSING_CENTRAL: ZG3Mu/Central/jets/4/pt in Skim_TriLep_WWW.root
2026-06-18 00:12:46,452 - INFO - [2016preVFP] MISSING_CENTRAL: ZG3Mu/Central/jets/4/pt in Skim_TriLep_WWZ.root
2026-06-18 00:12:46,474 - INFO - [2016preVFP] MISSING_CENTRAL: ZG3Mu/Central/jets/4/pt in Skim_TriLep_ZZZ.root
2026-06-18 00:12:51,014 - INFO - [2016preVFP] MISSING_CENTRAL: ZG3Mu/Central/jets/4/pt in Skim_TriLep_DoubleMuon_C.root
2026-06-18 00:12:51,015 - INFO - [2016preVFP] MISSING_CENTRAL: ZG3Mu/Central/jets/4/pt in Skim_TriLep_DoubleMuon_D.root
2026-06-18 00:12:51,015 - INFO - [2016preVFP] MISSING_CENTRAL: ZG3Mu/Central/jets/4/pt in Skim_TriLep_DoubleMuon_E.root
2026-06-18 00:12:51,016 - INFO - [2016preVFP] MISSING_CENTRAL: ZG3Mu/Central/jets/4/pt in Skim_TriLep_DoubleMuon_F.root
2026-06-18 00:12:51,045 - INFO - [2016preVFP] MISSING_CENTRAL: ZG3Mu/Central/jets/4/pt in Skim_TriLep_DoubleMuon_C.root
2026-06-18 00:12:51,046 - INFO - [2016preVFP] MISSING_CENTRAL: ZG3Mu/Central/jets/4/pt in Skim_TriLep_DoubleMuon_E.root
2026-06-18 00:12:51,047 - INFO - [2016preVFP] MISSING_CENTRAL: ZG3Mu/Central/jets/4/pt in Skim_TriLep_DoubleMuon_F.root
2026-06-18 00:12:51,048 - INFO - [2016preVFP] MISSING_CENTRAL: ZG3Mu/Central/jets/4/pt in Skim_TriLep_DYJets10to50.root
2026-06-18 00:12:51,049 - INFO - [2016preVFP] MISSING_CENTRAL: ZG3Mu/Central/jets/4/pt in Skim_TriLep_TTG.root
2026-06-18 00:12:51,049 - INFO - [2016preVFP] MISSING_CENTRAL: ZG3Mu/Central/jets/4/pt in Skim_TriLep_WWG.root
2026-06-18 00:12:51,050 - INFO - [2016preVFP] MISSING_CENTRAL: ZG3Mu/Central/jets/4/pt in Skim_TriLep_TTWToLNu.root
2026-06-18 00:12:51,063 - INFO - [2016preVFP] MISSING_CENTRAL: ZG3Mu/Central/jets/4/pt in Skim_TriLep_WWW.root
2026-06-18 00:12:51,064 - INFO - [2016preVFP] MISSING_CENTRAL: ZG3Mu/Central/jets/4/pt in Skim_TriLep_WWZ.root
2026-06-18 00:12:51,066 - INFO - [2016preVFP] MISSING_CENTRAL: ZG3Mu/Central/jets/4/pt in Skim_TriLep_ZZZ.root
2026-06-18 00:16:24,312 - INFO - [2016preVFP] MISSING_CENTRAL: ZG3Mu/Central/jets/4/pt in Skim_TriLep_DoubleMuon_C.root
2026-06-18 00:16:24,313 - INFO - [2016preVFP] MISSING_CENTRAL: ZG3Mu/Central/jets/4/pt in Skim_TriLep_DoubleMuon_D.root
2026-06-18 00:16:24,314 - INFO - [2016preVFP] MISSING_CENTRAL: ZG3Mu/Central/jets/4/pt in Skim_TriLep_DoubleMuon_E.root
2026-06-18 00:16:24,314 - INFO - [2016preVFP] MISSING_CENTRAL: ZG3Mu/Central/jets/4/pt in Skim_TriLep_DoubleMuon_F.root
2026-06-18 00:16:24,342 - INFO - [2016preVFP] MISSING_CENTRAL: ZG3Mu/Central/jets/4/pt in Skim_TriLep_DoubleMuon_C.root
2026-06-18 00:16:24,344 - INFO - [2016preVFP] MISSING_CENTRAL: ZG3Mu/Central/jets/4/pt in Skim_TriLep_DoubleMuon_E.root
2026-06-18 00:16:24,344 - INFO - [2016preVFP] MISSING_CENTRAL: ZG3Mu/Central/jets/4/pt in Skim_TriLep_DoubleMuon_F.root
2026-06-18 00:16:24,367 - INFO - [2016preVFP] MISSING_CENTRAL: ZG3Mu/Central/jets/4/pt in Skim_TriLep_DYJets10to50.root
2026-06-18 00:16:24,368 - INFO - [2016preVFP] MISSING_CENTRAL: ZG3Mu/Central/jets/4/pt in Skim_TriLep_TTG.root
2026-06-18 00:16:24,368 - INFO - [2016preVFP] MISSING_CENTRAL: ZG3Mu/Central/jets/4/pt in Skim_TriLep_WWG.root
2026-06-18 00:16:24,369 - INFO - [2016preVFP] MISSING_CENTRAL: ZG3Mu/Central/jets/4/pt in Skim_TriLep_TTWToLNu.root
2026-06-18 00:16:24,453 - INFO - [2016preVFP] MISSING_CENTRAL: ZG3Mu/Central/jets/4/pt in Skim_TriLep_WWW.root
2026-06-18 00:16:24,454 - INFO - [2016preVFP] MISSING_CENTRAL: ZG3Mu/Central/jets/4/pt in Skim_TriLep_WWZ.root
2026-06-18 00:16:24,469 - INFO - [2016preVFP] MISSING_CENTRAL: ZG3Mu/Central/jets/4/pt in Skim_TriLep_ZZZ.root
2026-06-18 00:16:29,060 - INFO - [2016preVFP] MISSING_CENTRAL: ZG3Mu/Central/jets/4/pt in Skim_TriLep_DoubleMuon_C.root
2026-06-18 00:16:29,061 - INFO - [2016preVFP] MISSING_CENTRAL: ZG3Mu/Central/jets/4/pt in Skim_TriLep_DoubleMuon_D.root
2026-06-18 00:16:29,061 - INFO - [2016preVFP] MISSING_CENTRAL: ZG3Mu/Central/jets/4/pt in Skim_TriLep_DoubleMuon_E.root
2026-06-18 00:16:29,062 - INFO - [2016preVFP] MISSING_CENTRAL: ZG3Mu/Central/jets/4/pt in Skim_TriLep_DoubleMuon_F.root
2026-06-18 00:16:29,090 - INFO - [2016preVFP] MISSING_CENTRAL: ZG3Mu/Central/jets/4/pt in Skim_TriLep_DoubleMuon_C.root
2026-06-18 00:16:29,092 - INFO - [2016preVFP] MISSING_CENTRAL: ZG3Mu/Central/jets/4/pt in Skim_TriLep_DoubleMuon_E.root
2026-06-18 00:16:29,093 - INFO - [2016preVFP] MISSING_CENTRAL: ZG3Mu/Central/jets/4/pt in Skim_TriLep_DoubleMuon_F.root
2026-06-18 00:16:29,094 - INFO - [2016preVFP] MISSING_CENTRAL: ZG3Mu/Central/jets/4/pt in Skim_TriLep_DYJets10to50.root
2026-06-18 00:16:29,095 - INFO - [2016preVFP] MISSING_CENTRAL: ZG3Mu/Central/jets/4/pt in Skim_TriLep_TTG.root
2026-06-18 00:16:29,095 - INFO - [2016preVFP] MISSING_CENTRAL: ZG3Mu/Central/jets/4/pt in Skim_TriLep_WWG.root
2026-06-18 00:16:29,096 - INFO - [2016preVFP] MISSING_CENTRAL: ZG3Mu/Central/jets/4/pt in Skim_TriLep_TTWToLNu.root
2026-06-18 00:16:29,110 - INFO - [2016preVFP] MISSING_CENTRAL: ZG3Mu/Central/jets/4/pt in Skim_TriLep_WWW.root
2026-06-18 00:16:29,111 - INFO - [2016preVFP] MISSING_CENTRAL: ZG3Mu/Central/jets/4/pt in Skim_TriLep_WWZ.root
2026-06-18 00:16:29,112 - INFO - [2016preVFP] MISSING_CENTRAL: ZG3Mu/Central/jets/4/pt in Skim_TriLep_ZZZ.root
2026-06-29 16:40:59,545 - INFO - [2016preVFP] MISSING_CENTRAL: ZG3Mu/Central/jets/4/pt in Skim_TriLep_DoubleMuon_C.root
2026-06-29 16:40:59,546 - INFO - [2016preVFP] MISSING_CENTRAL: ZG3Mu/Central/jets/4/pt in Skim_TriLep_DoubleMuon_D.root
2026-06-29 16:40:59,547 - INFO - [2016preVFP] MISSING_CENTRAL: ZG3Mu/Central/jets/4/pt in Skim_TriLep_DoubleMuon_E.root
2026-06-29 16:40:59,548 - INFO - [2016preVFP] MISSING_CENTRAL: ZG3Mu/Central/jets/4/pt in Skim_TriLep_DoubleMuon_F.root
2026-06-29 16:40:59,573 - INFO - [2016preVFP] MISSING_CENTRAL: ZG3Mu/Central/jets/4/pt in Skim_TriLep_DoubleMuon_C.root
2026-06-29 16:40:59,627 - INFO - [2016preVFP] MISSING_CENTRAL: ZG3Mu/Central/jets/4/pt in Skim_TriLep_DoubleMuon_E.root
2026-06-29 16:40:59,628 - INFO - [2016preVFP] MISSING_CENTRAL: ZG3Mu/Central/jets/4/pt in Skim_TriLep_DoubleMuon_F.root
2026-06-29 16:40:59,649 - INFO - [2016preVFP] MISSING_CENTRAL: ZG3Mu/Central/jets/4/pt in Skim_TriLep_DYJets10to50.root
2026-06-29 16:40:59,649 - INFO - [2016preVFP] MISSING_CENTRAL: ZG3Mu/Central/jets/4/pt in Skim_TriLep_TTG.root
2026-06-29 16:40:59,650 - INFO - [2016preVFP] MISSING_CENTRAL: ZG3Mu/Central/jets/4/pt in Skim_TriLep_WWG.root
2026-06-29 16:40:59,651 - INFO - [2016preVFP] MISSING_CENTRAL: ZG3Mu/Central/jets/4/pt in Skim_TriLep_TTWToLNu.root
2026-06-29 16:40:59,731 - INFO - [2016preVFP] MISSING_CENTRAL: ZG3Mu/Central/jets/4/pt in Skim_TriLep_tHW.root
2026-06-29 16:40:59,920 - INFO - [2016preVFP] MISSING_CENTRAL: ZG3Mu/Central/jets/4/pt in Skim_TriLep_WWW.root
2026-06-29 16:40:59,921 - INFO - [2016preVFP] MISSING_CENTRAL: ZG3Mu/Central/jets/4/pt in Skim_TriLep_WWZ.root
2026-06-29 16:41:00,033 - INFO - [2016preVFP] MISSING_CENTRAL: ZG3Mu/Central/jets/4/pt in Skim_TriLep_ZZZ.root
2026-06-29 16:41:04,262 - INFO - [2016preVFP] MISSING_CENTRAL: ZG3Mu/Central/jets/4/pt in Skim_TriLep_DoubleMuon_C.root
2026-06-29 16:41:04,263 - INFO - [2016preVFP] MISSING_CENTRAL: ZG3Mu/Central/jets/4/pt in Skim_TriLep_DoubleMuon_D.root
2026-06-29 16:41:04,264 - INFO - [2016preVFP] MISSING_CENTRAL: ZG3Mu/Central/jets/4/pt in Skim_TriLep_DoubleMuon_E.root
2026-06-29 16:41:04,265 - INFO - [2016preVFP] MISSING_CENTRAL: ZG3Mu/Central/jets/4/pt in Skim_TriLep_DoubleMuon_F.root
2026-06-29 16:41:04,301 - INFO - [2016preVFP] MISSING_CENTRAL: ZG3Mu/Central/jets/4/pt in Skim_TriLep_DoubleMuon_C.root
2026-06-29 16:41:04,303 - INFO - [2016preVFP] MISSING_CENTRAL: ZG3Mu/Central/jets/4/pt in Skim_TriLep_DoubleMuon_E.root
2026-06-29 16:41:04,304 - INFO - [2016preVFP] MISSING_CENTRAL: ZG3Mu/Central/jets/4/pt in Skim_TriLep_DoubleMuon_F.root
2026-06-29 16:41:04,307 - INFO - [2016preVFP] MISSING_CENTRAL: ZG3Mu/Central/jets/4/pt in Skim_TriLep_DYJets10to50.root
2026-06-29 16:41:04,308 - INFO - [2016preVFP] MISSING_CENTRAL: ZG3Mu/Central/jets/4/pt in Skim_TriLep_TTG.root
2026-06-29 16:41:04,309 - INFO - [2016preVFP] MISSING_CENTRAL: ZG3Mu/Central/jets/4/pt in Skim_TriLep_WWG.root
2026-06-29 16:41:04,310 - INFO - [2016preVFP] MISSING_CENTRAL: ZG3Mu/Central/jets/4/pt in Skim_TriLep_TTWToLNu.root
2026-06-29 16:41:04,333 - INFO - [2016preVFP] MISSING_CENTRAL: ZG3Mu/Central/jets/4/pt in Skim_TriLep_tHW.root
2026-06-29 16:41:04,340 - INFO - [2016preVFP] MISSING_CENTRAL: ZG3Mu/Central/jets/4/pt in Skim_TriLep_WWW.root
2026-06-29 16:41:04,342 - INFO - [2016preVFP] MISSING_CENTRAL: ZG3Mu/Central/jets/4/pt in Skim_TriLep_WWZ.root
2026-06-29 16:41:04,345 - INFO - [2016preVFP] MISSING_CENTRAL: ZG3Mu/Central/jets/4/pt in Skim_TriLep_ZZZ.root
2026-07-01 05:30:17,843 - INFO - [2016preVFP] MISSING_CENTRAL: ZG3Mu/Central/jets/4/pt in Skim_TriLep_DoubleMuon_C.root
2026-07-01 05:30:17,844 - INFO - [2016preVFP] MISSING_CENTRAL: ZG3Mu/Central/jets/4/pt in Skim_TriLep_DoubleMuon_D.root
2026-07-01 05:30:17,845 - INFO - [2016preVFP] MISSING_CENTRAL: ZG3Mu/Central/jets/4/pt in Skim_TriLep_DoubleMuon_E.root
2026-07-01 05:30:17,846 - INFO - [2016preVFP] MISSING_CENTRAL: ZG3Mu/Central/jets/4/pt in Skim_TriLep_DoubleMuon_F.root
2026-07-01 05:30:17,872 - INFO - [2016preVFP] MISSING_CENTRAL: ZG3Mu/Central/jets/4/pt in Skim_TriLep_DoubleMuon_C.root
2026-07-01 05:30:17,874 - INFO - [2016preVFP] MISSING_CENTRAL: ZG3Mu/Central/jets/4/pt in Skim_TriLep_DoubleMuon_E.root
2026-07-01 05:30:17,875 - INFO - [2016preVFP] MISSING_CENTRAL: ZG3Mu/Central/jets/4/pt in Skim_TriLep_DoubleMuon_F.root
2026-07-01 05:30:17,897 - INFO - [2016preVFP] MISSING_CENTRAL: ZG3Mu/Central/jets/4/pt in Skim_TriLep_DYJets10to50.root
2026-07-01 05:30:17,898 - INFO - [2016preVFP] MISSING_CENTRAL: ZG3Mu/Central/jets/4/pt in Skim_TriLep_TTG.root
2026-07-01 05:30:17,899 - INFO - [2016preVFP] MISSING_CENTRAL: ZG3Mu/Central/jets/4/pt in Skim_TriLep_WWG.root
2026-07-01 05:30:17,900 - INFO - [2016preVFP] MISSING_CENTRAL: ZG3Mu/Central/jets/4/pt in Skim_TriLep_TTWToLNu.root
2026-07-01 05:30:17,981 - INFO - [2016preVFP] MISSING_CENTRAL: ZG3Mu/Central/jets/4/pt in Skim_TriLep_tHW.root
2026-07-01 05:30:18,023 - INFO - [2016preVFP] MISSING_CENTRAL: ZG3Mu/Central/jets/4/pt in Skim_TriLep_WWW.root
2026-07-01 05:30:18,026 - INFO - [2016preVFP] MISSING_CENTRAL: ZG3Mu/Central/jets/4/pt in Skim_TriLep_WWZ.root
2026-07-01 05:30:18,049 - INFO - [2016preVFP] MISSING_CENTRAL: ZG3Mu/Central/jets/4/pt in Skim_TriLep_ZZZ.root
2026-07-01 05:30:21,806 - INFO - [2016preVFP] MISSING_CENTRAL: ZG3Mu/Central/jets/4/pt in Skim_TriLep_DoubleMuon_C.root
2026-07-01 05:30:21,807 - INFO - [2016preVFP] MISSING_CENTRAL: ZG3Mu/Central/jets/4/pt in Skim_TriLep_DoubleMuon_D.root
2026-07-01 05:30:21,808 - INFO - [2016preVFP] MISSING_CENTRAL: ZG3Mu/Central/jets/4/pt in Skim_TriLep_DoubleMuon_E.root
2026-07-01 05:30:21,809 - INFO - [2016preVFP] MISSING_CENTRAL: ZG3Mu/Central/jets/4/pt in Skim_TriLep_DoubleMuon_F.root
2026-07-01 05:30:21,833 - INFO - [2016preVFP] MISSING_CENTRAL: ZG3Mu/Central/jets/4/pt in Skim_TriLep_DoubleMuon_C.root
2026-07-01 05:30:21,835 - INFO - [2016preVFP] MISSING_CENTRAL: ZG3Mu/Central/jets/4/pt in Skim_TriLep_DoubleMuon_E.root
2026-07-01 05:30:21,836 - INFO - [2016preVFP] MISSING_CENTRAL: ZG3Mu/Central/jets/4/pt in Skim_TriLep_DoubleMuon_F.root
2026-07-01 05:30:21,838 - INFO - [2016preVFP] MISSING_CENTRAL: ZG3Mu/Central/jets/4/pt in Skim_TriLep_DYJets10to50.root
2026-07-01 05:30:21,839 - INFO - [2016preVFP] MISSING_CENTRAL: ZG3Mu/Central/jets/4/pt in Skim_TriLep_TTG.root
2026-07-01 05:30:21,840 - INFO - [2016preVFP] MISSING_CENTRAL: ZG3Mu/Central/jets/4/pt in Skim_TriLep_WWG.root
2026-07-01 05:30:21,840 - INFO - [2016preVFP] MISSING_CENTRAL: ZG3Mu/Central/jets/4/pt in Skim_TriLep_TTWToLNu.root
2026-07-01 05:30:21,856 - INFO - [2016preVFP] MISSING_CENTRAL: ZG3Mu/Central/jets/4/pt in Skim_TriLep_tHW.root
2026-07-01 05:30:21,861 - INFO - [2016preVFP] MISSING_CENTRAL: ZG3Mu/Central/jets/4/pt in Skim_TriLep_WWW.root
2026-07-01 05:30:21,862 - INFO - [2016preVFP] MISSING_CENTRAL: ZG3Mu/Central/jets/4/pt in Skim_TriLep_WWZ.root
2026-07-01 05:30:21,864 - INFO - [2016preVFP] MISSING_CENTRAL: ZG3Mu/Central/jets/4/pt in Skim_TriLep_ZZZ.root
2026-07-01 05:57:21,036 - INFO - [2016preVFP] MISSING_FILE: /data9/Users/choij/Sync/workspace/ChargedHiggsAnalysisV3/SKNanoOutput/PromptAnalyzer/Run3Mu_RunCR_NoTreeMode/2016preVFP/Skim_TriLep_DoubleMuon_B.root
2026-07-01 05:57:21,036 - INFO - [2016preVFP] MISSING_FILE: /data9/Users/choij/Sync/workspace/ChargedHiggsAnalysisV3/SKNanoOutput/PromptAnalyzer/Run3Mu_RunCR_NoTreeMode/2016preVFP/Skim_TriLep_DoubleMuon_C.root
2026-07-01 05:57:21,036 - INFO - [2016preVFP] MISSING_FILE: /data9/Users/choij/Sync/workspace/ChargedHiggsAnalysisV3/SKNanoOutput/PromptAnalyzer/Run3Mu_RunCR_NoTreeMode/2016preVFP/Skim_TriLep_DoubleMuon_D.root
2026-07-01 05:57:21,036 - INFO - [2016preVFP] MISSING_FILE: /data9/Users/choij/Sync/workspace/ChargedHiggsAnalysisV3/SKNanoOutput/PromptAnalyzer/Run3Mu_RunCR_NoTreeMode/2016preVFP/Skim_TriLep_DoubleMuon_E.root
2026-07-01 05:57:21,036 - INFO - [2016preVFP] MISSING_FILE: /data9/Users/choij/Sync/workspace/ChargedHiggsAnalysisV3/SKNanoOutput/PromptAnalyzer/Run3Mu_RunCR_NoTreeMode/2016preVFP/Skim_TriLep_DoubleMuon_F.root
2026-07-01 05:57:23,658 - INFO - [2016preVFP] MISSING_FILE: /data9/Users/choij/Sync/workspace/ChargedHiggsAnalysisV3/SKNanoOutput/PromptAnalyzer/Run3Mu_RunCR_NoTreeMode/2016preVFP/Skim_TriLep_DoubleMuon_B.root
2026-07-01 05:57:23,658 - INFO - [2016preVFP] MISSING_FILE: /data9/Users/choij/Sync/workspace/ChargedHiggsAnalysisV3/SKNanoOutput/PromptAnalyzer/Run3Mu_RunCR_NoTreeMode/2016preVFP/Skim_TriLep_DoubleMuon_C.root
2026-07-01 05:57:23,658 - INFO - [2016preVFP] MISSING_FILE: /data9/Users/choij/Sync/workspace/ChargedHiggsAnalysisV3/SKNanoOutput/PromptAnalyzer/Run3Mu_RunCR_NoTreeMode/2016preVFP/Skim_TriLep_DoubleMuon_D.root
2026-07-01 05:57:23,658 - INFO - [2016preVFP] MISSING_FILE: /data9/Users/choij/Sync/workspace/ChargedHiggsAnalysisV3/SKNanoOutput/PromptAnalyzer/Run3Mu_RunCR_NoTreeMode/2016preVFP/Skim_TriLep_DoubleMuon_E.root
2026-07-01 05:57:23,658 - INFO - [2016preVFP] MISSING_FILE: /data9/Users/choij/Sync/workspace/ChargedHiggsAnalysisV3/SKNanoOutput/PromptAnalyzer/Run3Mu_RunCR_NoTreeMode/2016preVFP/Skim_TriLep_DoubleMuon_F.root
2026-07-01 06:07:15,104 - INFO - [2016preVFP] MISSING_FILE: /data9/Users/choij/Sync/workspace/ChargedHiggsAnalysisV3/SKNanoOutput/PromptAnalyzer/Run3Mu_RunCR_NoTreeMode/2016preVFP/Skim_TriLep_DoubleMuon_B.root
2026-07-01 06:07:15,104 - INFO - [2016preVFP] MISSING_FILE: /data9/Users/choij/Sync/workspace/ChargedHiggsAnalysisV3/SKNanoOutput/PromptAnalyzer/Run3Mu_RunCR_NoTreeMode/2016preVFP/Skim_TriLep_DoubleMuon_C.root
2026-07-01 06:07:15,104 - INFO - [2016preVFP] MISSING_FILE: /data9/Users/choij/Sync/workspace/ChargedHiggsAnalysisV3/SKNanoOutput/PromptAnalyzer/Run3Mu_RunCR_NoTreeMode/2016preVFP/Skim_TriLep_DoubleMuon_D.root
2026-07-01 06:07:15,104 - INFO - [2016preVFP] MISSING_FILE: /data9/Users/choij/Sync/workspace/ChargedHiggsAnalysisV3/SKNanoOutput/PromptAnalyzer/Run3Mu_RunCR_NoTreeMode/2016preVFP/Skim_TriLep_DoubleMuon_E.root
2026-07-01 06:07:15,105 - INFO - [2016preVFP] MISSING_FILE: /data9/Users/choij/Sync/workspace/ChargedHiggsAnalysisV3/SKNanoOutput/PromptAnalyzer/Run3Mu_RunCR_NoTreeMode/2016preVFP/Skim_TriLep_DoubleMuon_F.root
2026-07-01 15:23:25,709 - INFO - [2016preVFP] MISSING_CENTRAL: ZG3Mu/Central/jets/4/pt in Skim_TriLep_DoubleMuon_C.root
2026-07-01 15:23:25,710 - INFO - [2016preVFP] MISSING_CENTRAL: ZG3Mu/Central/jets/4/pt in Skim_TriLep_DoubleMuon_D.root
2026-07-01 15:23:25,722 - INFO - [2016preVFP] MISSING_CENTRAL: ZG3Mu/Central/jets/4/pt in Skim_TriLep_DoubleMuon_E.root
2026-07-01 15:23:25,723 - INFO - [2016preVFP] MISSING_CENTRAL: ZG3Mu/Central/jets/4/pt in Skim_TriLep_DoubleMuon_F.root
2026-07-01 15:23:25,748 - INFO - [2016preVFP] MISSING_CENTRAL: ZG3Mu/Central/jets/4/pt in Skim_TriLep_DoubleMuon_C.root
2026-07-01 15:23:25,751 - INFO - [2016preVFP] MISSING_CENTRAL: ZG3Mu/Central/jets/4/pt in Skim_TriLep_DoubleMuon_E.root
2026-07-01 15:23:25,752 - INFO - [2016preVFP] MISSING_CENTRAL: ZG3Mu/Central/jets/4/pt in Skim_TriLep_DoubleMuon_F.root
2026-07-01 15:23:25,773 - INFO - [2016preVFP] MISSING_CENTRAL: ZG3Mu/Central/jets/4/pt in Skim_TriLep_DYJets10to50.root
2026-07-01 15:23:25,774 - INFO - [2016preVFP] MISSING_CENTRAL: ZG3Mu/Central/jets/4/pt in Skim_TriLep_TTG.root
2026-07-01 15:23:25,775 - INFO - [2016preVFP] MISSING_CENTRAL: ZG3Mu/Central/jets/4/pt in Skim_TriLep_WWG.root
2026-07-01 15:23:25,776 - INFO - [2016preVFP] MISSING_CENTRAL: ZG3Mu/Central/jets/4/pt in Skim_TriLep_TTWToLNu.root
2026-07-01 15:23:25,863 - INFO - [2016preVFP] MISSING_CENTRAL: ZG3Mu/Central/jets/4/pt in Skim_TriLep_tHW.root
2026-07-01 15:23:25,910 - INFO - [2016preVFP] MISSING_CENTRAL: ZG3Mu/Central/jets/4/pt in Skim_TriLep_WWW.root
2026-07-01 15:23:25,911 - INFO - [2016preVFP] MISSING_CENTRAL: ZG3Mu/Central/jets/4/pt in Skim_TriLep_WWZ.root
2026-07-01 15:23:25,927 - INFO - [2016preVFP] MISSING_CENTRAL: ZG3Mu/Central/jets/4/pt in Skim_TriLep_ZZZ.root
2026-07-01 15:23:30,009 - INFO - [2016preVFP] MISSING_CENTRAL: ZG3Mu/Central/jets/4/pt in Skim_TriLep_DoubleMuon_C.root
2026-07-01 15:23:30,010 - INFO - [2016preVFP] MISSING_CENTRAL: ZG3Mu/Central/jets/4/pt in Skim_TriLep_DoubleMuon_D.root
2026-07-01 15:23:30,011 - INFO - [2016preVFP] MISSING_CENTRAL: ZG3Mu/Central/jets/4/pt in Skim_TriLep_DoubleMuon_E.root
2026-07-01 15:23:30,012 - INFO - [2016preVFP] MISSING_CENTRAL: ZG3Mu/Central/jets/4/pt in Skim_TriLep_DoubleMuon_F.root
2026-07-01 15:23:30,039 - INFO - [2016preVFP] MISSING_CENTRAL: ZG3Mu/Central/jets/4/pt in Skim_TriLep_DoubleMuon_C.root
2026-07-01 15:23:30,041 - INFO - [2016preVFP] MISSING_CENTRAL: ZG3Mu/Central/jets/4/pt in Skim_TriLep_DoubleMuon_E.root
2026-07-01 15:23:30,042 - INFO - [2016preVFP] MISSING_CENTRAL: ZG3Mu/Central/jets/4/pt in Skim_TriLep_DoubleMuon_F.root
2026-07-01 15:23:30,044 - INFO - [2016preVFP] MISSING_CENTRAL: ZG3Mu/Central/jets/4/pt in Skim_TriLep_DYJets10to50.root
2026-07-01 15:23:30,045 - INFO - [2016preVFP] MISSING_CENTRAL: ZG3Mu/Central/jets/4/pt in Skim_TriLep_TTG.root
2026-07-01 15:23:30,046 - INFO - [2016preVFP] MISSING_CENTRAL: ZG3Mu/Central/jets/4/pt in Skim_TriLep_WWG.root
2026-07-01 15:23:30,047 - INFO - [2016preVFP] MISSING_CENTRAL: ZG3Mu/Central/jets/4/pt in Skim_TriLep_TTWToLNu.root
2026-07-01 15:23:30,065 - INFO - [2016preVFP] MISSING_CENTRAL: ZG3Mu/Central/jets/4/pt in Skim_TriLep_tHW.root
2026-07-01 15:23:30,070 - INFO - [2016preVFP] MISSING_CENTRAL: ZG3Mu/Central/jets/4/pt in Skim_TriLep_WWW.root
2026-07-01 15:23:30,071 - INFO - [2016preVFP] MISSING_CENTRAL: ZG3Mu/Central/jets/4/pt in Skim_TriLep_WWZ.root
2026-07-01 15:23:30,073 - INFO - [2016preVFP] MISSING_CENTRAL: ZG3Mu/Central/jets/4/pt in Skim_TriLep_ZZZ.root
2026-07-01 17:30:37,258 - INFO - [2016preVFP] MISSING_CENTRAL: ZG3Mu/Central/jets/4/pt in Skim_TriLep_DoubleMuon_C.root
2026-07-01 17:30:37,259 - INFO - [2016preVFP] MISSING_CENTRAL: ZG3Mu/Central/jets/4/pt in Skim_TriLep_DoubleMuon_D.root
2026-07-01 17:30:37,261 - INFO - [2016preVFP] MISSING_CENTRAL: ZG3Mu/Central/jets/4/pt in Skim_TriLep_DoubleMuon_E.root
2026-07-01 17:30:37,262 - INFO - [2016preVFP] MISSING_CENTRAL: ZG3Mu/Central/jets/4/pt in Skim_TriLep_DoubleMuon_F.root
2026-07-01 17:30:37,297 - INFO - [2016preVFP] MISSING_CENTRAL: ZG3Mu/Central/jets/4/pt in Skim_TriLep_DoubleMuon_C.root
2026-07-01 17:30:37,300 - INFO - [2016preVFP] MISSING_CENTRAL: ZG3Mu/Central/jets/4/pt in Skim_TriLep_DoubleMuon_E.root
2026-07-01 17:30:37,302 - INFO - [2016preVFP] MISSING_CENTRAL: ZG3Mu/Central/jets/4/pt in Skim_TriLep_DoubleMuon_F.root
2026-07-01 17:30:37,334 - INFO - [2016preVFP] MISSING_CENTRAL: ZG3Mu/Central/jets/4/pt in Skim_TriLep_DYJets10to50.root
2026-07-01 17:30:37,335 - INFO - [2016preVFP] MISSING_CENTRAL: ZG3Mu/Central/jets/4/pt in Skim_TriLep_TTG.root
2026-07-01 17:30:37,337 - INFO - [2016preVFP] MISSING_CENTRAL: ZG3Mu/Central/jets/4/pt in Skim_TriLep_WWG.root
2026-07-01 17:30:37,338 - INFO - [2016preVFP] MISSING_CENTRAL: ZG3Mu/Central/jets/4/pt in Skim_TriLep_TTWToLNu.root
2026-07-01 17:30:37,474 - INFO - [2016preVFP] MISSING_CENTRAL: ZG3Mu/Central/jets/4/pt in Skim_TriLep_tHW.root
2026-07-01 17:30:37,543 - INFO - [2016preVFP] MISSING_CENTRAL: ZG3Mu/Central/jets/4/pt in Skim_TriLep_WWW.root
2026-07-01 17:30:37,544 - INFO - [2016preVFP] MISSING_CENTRAL: ZG3Mu/Central/jets/4/pt in Skim_TriLep_WWZ.root
2026-07-01 17:30:37,568 - INFO - [2016preVFP] MISSING_CENTRAL: ZG3Mu/Central/jets/4/pt in Skim_TriLep_ZZZ.root
2026-07-01 17:30:40,988 - INFO - [2016preVFP] MISSING_CENTRAL: ZG3Mu/Central/jets/4/pt in Skim_TriLep_DoubleMuon_C.root
2026-07-01 17:30:40,989 - INFO - [2016preVFP] MISSING_CENTRAL: ZG3Mu/Central/jets/4/pt in Skim_TriLep_DoubleMuon_D.root
2026-07-01 17:30:40,990 - INFO - [2016preVFP] MISSING_CENTRAL: ZG3Mu/Central/jets/4/pt in Skim_TriLep_DoubleMuon_E.root
2026-07-01 17:30:40,992 - INFO - [2016preVFP] MISSING_CENTRAL: ZG3Mu/Central/jets/4/pt in Skim_TriLep_DoubleMuon_F.root
2026-07-01 17:30:41,027 - INFO - [2016preVFP] MISSING_CENTRAL: ZG3Mu/Central/jets/4/pt in Skim_TriLep_DoubleMuon_C.root
2026-07-01 17:30:41,030 - INFO - [2016preVFP] MISSING_CENTRAL: ZG3Mu/Central/jets/4/pt in Skim_TriLep_DoubleMuon_E.root
2026-07-01 17:30:41,031 - INFO - [2016preVFP] MISSING_CENTRAL: ZG3Mu/Central/jets/4/pt in Skim_TriLep_DoubleMuon_F.root
2026-07-01 17:30:41,034 - INFO - [2016preVFP] MISSING_CENTRAL: ZG3Mu/Central/jets/4/pt in Skim_TriLep_DYJets10to50.root
2026-07-01 17:30:41,035 - INFO - [2016preVFP] MISSING_CENTRAL: ZG3Mu/Central/jets/4/pt in Skim_TriLep_TTG.root
2026-07-01 17:30:41,036 - INFO - [2016preVFP] MISSING_CENTRAL: ZG3Mu/Central/jets/4/pt in Skim_TriLep_WWG.root
2026-07-01 17:30:41,037 - INFO - [2016preVFP] MISSING_CENTRAL: ZG3Mu/Central/jets/4/pt in Skim_TriLep_TTWToLNu.root
2026-07-01 17:30:41,060 - INFO - [2016preVFP] MISSING_CENTRAL: ZG3Mu/Central/jets/4/pt in Skim_TriLep_tHW.root
2026-07-01 17:30:41,067 - INFO - [2016preVFP] MISSING_CENTRAL: ZG3Mu/Central/jets/4/pt in Skim_TriLep_WWW.root
2026-07-01 17:30:41,068 - INFO - [2016preVFP] MISSING_CENTRAL: ZG3Mu/Central/jets/4/pt in Skim_TriLep_WWZ.root
2026-07-01 17:30:41,111 - INFO - [2016preVFP] MISSING_CENTRAL: ZG3Mu/Central/jets/4/pt in Skim_TriLep_ZZZ.root
2026-07-21 19:20:01,006 - INFO - [2016preVFP] MISSING_CENTRAL: ZG3Mu/Central/jets/4/pt in Skim_TriLep_DoubleMuon_C.root
2026-07-21 19:20:01,006 - INFO - [2016preVFP] MISSING_CENTRAL: ZG3Mu/Central/jets/4/pt in Skim_TriLep_DoubleMuon_D.root
2026-07-21 19:20:01,007 - INFO - [2016preVFP] MISSING_CENTRAL: ZG3Mu/Central/jets/4/pt in Skim_TriLep_DoubleMuon_E.root
2026-07-21 19:20:01,007 - INFO - [2016preVFP] MISSING_CENTRAL: ZG3Mu/Central/jets/4/pt in Skim_TriLep_DoubleMuon_F.root
2026-07-21 19:20:01,029 - INFO - [2016preVFP] MISSING_CENTRAL: ZG3Mu/Central/jets/4/pt in Skim_TriLep_DoubleMuon_C.root
2026-07-21 19:20:01,035 - INFO - [2016preVFP] MISSING_CENTRAL: ZG3Mu/Central/jets/4/pt in Skim_TriLep_DoubleMuon_E.root
2026-07-21 19:20:01,035 - INFO - [2016preVFP] MISSING_CENTRAL: ZG3Mu/Central/jets/4/pt in Skim_TriLep_DoubleMuon_F.root
2026-07-21 19:20:01,407 - INFO - [2016preVFP] MISSING_CENTRAL: ZG3Mu/Central/jets/4/pt in Skim_TriLep_DYJets10to50.root
2026-07-21 19:20:01,407 - INFO - [2016preVFP] MISSING_CENTRAL: ZG3Mu/Central/jets/4/pt in Skim_TriLep_TTG.root
2026-07-21 19:20:01,412 - INFO - [2016preVFP] MISSING_CENTRAL: ZG3Mu/Central/jets/4/pt in Skim_TriLep_WWG.root
2026-07-21 19:20:01,529 - INFO - [2016preVFP] MISSING_CENTRAL: ZG3Mu/Central/jets/4/pt in Skim_TriLep_TTWToLNu.root
2026-07-21 19:20:02,033 - INFO - [2016preVFP] MISSING_CENTRAL: ZG3Mu/Central/jets/4/pt in Skim_TriLep_tHW.root
2026-07-21 19:20:02,323 - INFO - [2016preVFP] MISSING_CENTRAL: ZG3Mu/Central/jets/4/pt in Skim_TriLep_WWW.root
2026-07-21 19:20:02,324 - INFO - [2016preVFP] MISSING_CENTRAL: ZG3Mu/Central/jets/4/pt in Skim_TriLep_WWZ.root
2026-07-21 19:20:02,859 - INFO - [2016preVFP] MISSING_CENTRAL: ZG3Mu/Central/jets/4/pt in Skim_TriLep_ZZZ.root
2026-07-21 19:20:07,977 - INFO - [2016preVFP] MISSING_CENTRAL: ZG3Mu/Central/jets/4/pt in Skim_TriLep_DoubleMuon_C.root
2026-07-21 19:20:07,977 - INFO - [2016preVFP] MISSING_CENTRAL: ZG3Mu/Central/jets/4/pt in Skim_TriLep_DoubleMuon_D.root
2026-07-21 19:20:07,978 - INFO - [2016preVFP] MISSING_CENTRAL: ZG3Mu/Central/jets/4/pt in Skim_TriLep_DoubleMuon_E.root
2026-07-21 19:20:07,978 - INFO - [2016preVFP] MISSING_CENTRAL: ZG3Mu/Central/jets/4/pt in Skim_TriLep_DoubleMuon_F.root
2026-07-21 19:20:08,010 - INFO - [2016preVFP] MISSING_CENTRAL: ZG3Mu/Central/jets/4/pt in Skim_TriLep_DoubleMuon_C.root
2026-07-21 19:20:08,020 - INFO - [2016preVFP] MISSING_CENTRAL: ZG3Mu/Central/jets/4/pt in Skim_TriLep_DoubleMuon_E.root
2026-07-21 19:20:08,020 - INFO - [2016preVFP] MISSING_CENTRAL: ZG3Mu/Central/jets/4/pt in Skim_TriLep_DoubleMuon_F.root
2026-07-21 19:20:08,041 - INFO - [2016preVFP] MISSING_CENTRAL: ZG3Mu/Central/jets/4/pt in Skim_TriLep_DYJets10to50.root
2026-07-21 19:20:08,041 - INFO - [2016preVFP] MISSING_CENTRAL: ZG3Mu/Central/jets/4/pt in Skim_TriLep_TTG.root
2026-07-21 19:20:08,042 - INFO - [2016preVFP] MISSING_CENTRAL: ZG3Mu/Central/jets/4/pt in Skim_TriLep_WWG.root
2026-07-21 19:20:08,042 - INFO - [2016preVFP] MISSING_CENTRAL: ZG3Mu/Central/jets/4/pt in Skim_TriLep_TTWToLNu.root
2026-07-21 19:20:08,162 - INFO - [2016preVFP] MISSING_CENTRAL: ZG3Mu/Central/jets/4/pt in Skim_TriLep_tHW.root
2026-07-21 19:20:08,232 - INFO - [2016preVFP] MISSING_CENTRAL: ZG3Mu/Central/jets/4/pt in Skim_TriLep_WWW.root
2026-07-21 19:20:08,233 - INFO - [2016preVFP] MISSING_CENTRAL: ZG3Mu/Central/jets/4/pt in Skim_TriLep_WWZ.root
2026-07-21 19:20:08,254 - INFO - [2016preVFP] MISSING_CENTRAL: ZG3Mu/Central/jets/4/pt in Skim_TriLep_ZZZ.root
2026-08-18 18:05:34,880 - INFO - [2016preVFP] MISSING_FILE: /home/choij/Sync/workspace/ChargedHiggsAnalysisV3/SKNanoOutput/PromptAnalyzer/Run3Mu_RunCR_NoTreeMode/2016preVFP/Skim_TriLep_DoubleMuon_B.root
2026-08-18 18:05:34,880 - INFO - [2016preVFP] MISSING_FILE: /home/choij/Sync/workspace/ChargedHiggsAnalysisV3/SKNanoOutput/PromptAnalyzer/Run3Mu_RunCR_NoTreeMode/2016preVFP/Skim_TriLep_DoubleMuon_C.root
2026-08-18 18:05:34,880 - INFO - [2016preVFP] MISSING_FILE: /home/choij/Sync/workspace/ChargedHiggsAnalysisV3/SKNanoOutput/PromptAnalyzer/Run3Mu_RunCR_NoTreeMode/2016preVFP/Skim_TriLep_DoubleMuon_D.root
2026-08-18 18:05:34,880 - INFO - [2016preVFP] MISSING_FILE: /home/choij/Sync/workspace/ChargedHiggsAnalysisV3/SKNanoOutput/PromptAnalyzer/Run3Mu_RunCR_NoTreeMode/2016preVFP/Skim_TriLep_DoubleMuon_E.root
2026-08-18 18:05:34,880 - INFO - [2016preVFP] MISSING_FILE: /home/choij/Sync/workspace/ChargedHiggsAnalysisV3/SKNanoOutput/PromptAnalyzer/Run3Mu_RunCR_NoTreeMode/2016preVFP/Skim_TriLep_DoubleMuon_F.root
2026-08-18 18:05:37,952 - INFO - [2016preVFP] MISSING_FILE: /home/choij/Sync/workspace/ChargedHiggsAnalysisV3/SKNanoOutput/PromptAnalyzer/Run3Mu_RunCR_NoTreeMode/2016preVFP/Skim_TriLep_DoubleMuon_B.root
2026-08-18 18:05:37,952 - INFO - [2016preVFP] MISSING_FILE: /home/choij/Sync/workspace/ChargedHiggsAnalysisV3/SKNanoOutput/PromptAnalyzer/Run3Mu_RunCR_NoTreeMode/2016preVFP/Skim_TriLep_DoubleMuon_C.root
2026-08-18 18:05:37,952 - INFO - [2016preVFP] MISSING_FILE: /home/choij/Sync/workspace/ChargedHiggsAnalysisV3/SKNanoOutput/PromptAnalyzer/Run3Mu_RunCR_NoTreeMode/2016preVFP/Skim_TriLep_DoubleMuon_D.root
2026-08-18 18:05:37,952 - INFO - [2016preVFP] MISSING_FILE: /home/choij/Sync/workspace/ChargedHiggsAnalysisV3/SKNanoOutput/PromptAnalyzer/Run3Mu_RunCR_NoTreeMode/2016preVFP/Skim_TriLep_DoubleMuon_E.root
2026-08-18 18:05:37,952 - INFO - [2016preVFP] MISSING_FILE: /home/choij/Sync/workspace/ChargedHiggsAnalysisV3/SKNanoOutput/PromptAnalyzer/Run3Mu_RunCR_NoTreeMode/2016preVFP/Skim_TriLep_DoubleMuon_F.root
2026-08-19 09:57:31,593 - INFO - [2016preVFP] MISSING_CENTRAL: ZG3Mu/Central/jets/4/pt in Skim_TriLep_DoubleMuon_C.root
2026-08-19 09:57:31,594 - INFO - [2016preVFP] MISSING_CENTRAL: ZG3Mu/Central/jets/4/pt in Skim_TriLep_DoubleMuon_D.root
2026-08-19 09:57:31,595 - INFO - [2016preVFP] MISSING_CENTRAL: ZG3Mu/Central/jets/4/pt in Skim_TriLep_DoubleMuon_E.root
2026-08-19 09:57:31,595 - INFO - [2016preVFP] MISSING_CENTRAL: ZG3Mu/Central/jets/4/pt in Skim_TriLep_DoubleMuon_F.root
2026-08-19 09:57:31,809 - INFO - [2016preVFP] MISSING_CENTRAL: ZG3Mu/Central/jets/4/pt in Skim_TriLep_DoubleMuon_C.root
2026-08-19 09:57:31,899 - INFO - [2016preVFP] MISSING_CENTRAL: ZG3Mu/Central/jets/4/pt in Skim_TriLep_DoubleMuon_E.root
2026-08-19 09:57:31,931 - INFO - [2016preVFP] MISSING_CENTRAL: ZG3Mu/Central/jets/4/pt in Skim_TriLep_DoubleMuon_F.root
2026-08-19 09:57:31,950 - INFO - [2016preVFP] MISSING_CENTRAL: ZG3Mu/Central/jets/4/pt in Skim_TriLep_DYJets10to50.root
2026-08-19 09:57:31,951 - INFO - [2016preVFP] MISSING_CENTRAL: ZG3Mu/Central/jets/4/pt in Skim_TriLep_TTG.root
2026-08-19 09:57:31,951 - INFO - [2016preVFP] MISSING_CENTRAL: ZG3Mu/Central/jets/4/pt in Skim_TriLep_WWG.root
2026-08-19 09:57:31,952 - INFO - [2016preVFP] MISSING_CENTRAL: ZG3Mu/Central/jets/4/pt in Skim_TriLep_TTWToLNu.root
2026-08-19 09:57:32,067 - INFO - [2016preVFP] MISSING_CENTRAL: ZG3Mu/Central/jets/4/pt in Skim_TriLep_tHW.root
2026-08-19 09:57:32,127 - INFO - [2016preVFP] MISSING_CENTRAL: ZG3Mu/Central/jets/4/pt in Skim_TriLep_WWW.root
2026-08-19 09:57:32,128 - INFO - [2016preVFP] MISSING_CENTRAL: ZG3Mu/Central/jets/4/pt in Skim_TriLep_WWZ.root
2026-08-19 09:57:32,147 - INFO - [2016preVFP] MISSING_CENTRAL: ZG3Mu/Central/jets/4/pt in Skim_TriLep_ZZZ.root
2026-08-19 09:57:36,801 - INFO - [2016preVFP] MISSING_CENTRAL: ZG3Mu/Central/jets/4/pt in Skim_TriLep_DoubleMuon_C.root
2026-08-19 09:57:36,802 - INFO - [2016preVFP] MISSING_CENTRAL: ZG3Mu/Central/jets/4/pt in Skim_TriLep_DoubleMuon_D.root
2026-08-19 09:57:36,802 - INFO - [2016preVFP] MISSING_CENTRAL: ZG3Mu/Central/jets/4/pt in Skim_TriLep_DoubleMuon_E.root
2026-08-19 09:57:36,803 - INFO - [2016preVFP] MISSING_CENTRAL: ZG3Mu/Central/jets/4/pt in Skim_TriLep_DoubleMuon_F.root
2026-08-19 09:57:36,834 - INFO - [2016preVFP] MISSING_CENTRAL: ZG3Mu/Central/jets/4/pt in Skim_TriLep_DoubleMuon_C.root
2026-08-19 09:57:36,844 - INFO - [2016preVFP] MISSING_CENTRAL: ZG3Mu/Central/jets/4/pt in Skim_TriLep_DoubleMuon_E.root
2026-08-19 09:57:36,844 - INFO - [2016preVFP] MISSING_CENTRAL: ZG3Mu/Central/jets/4/pt in Skim_TriLep_DoubleMuon_F.root
2026-08-19 09:57:36,864 - INFO - [2016preVFP] MISSING_CENTRAL: ZG3Mu/Central/jets/4/pt in Skim_TriLep_DYJets10to50.root
2026-08-19 09:57:36,865 - INFO - [2016preVFP] MISSING_CENTRAL: ZG3Mu/Central/jets/4/pt in Skim_TriLep_TTG.root
2026-08-19 09:57:36,865 - INFO - [2016preVFP] MISSING_CENTRAL: ZG3Mu/Central/jets/4/pt in Skim_TriLep_WWG.root
2026-08-19 09:57:36,866 - INFO - [2016preVFP] MISSING_CENTRAL: ZG3Mu/Central/jets/4/pt in Skim_TriLep_TTWToLNu.root
2026-08-19 09:57:36,984 - INFO - [2016preVFP] MISSING_CENTRAL: ZG3Mu/Central/jets/4/pt in Skim_TriLep_tHW.root
2026-08-19 09:57:37,044 - INFO - [2016preVFP] MISSING_CENTRAL: ZG3Mu/Central/jets/4/pt in Skim_TriLep_WWW.root
2026-08-19 09:57:37,045 - INFO - [2016preVFP] MISSING_CENTRAL: ZG3Mu/Central/jets/4/pt in Skim_TriLep_WWZ.root
2026-08-19 09:57:37,065 - INFO - [2016preVFP] MISSING_CENTRAL: ZG3Mu/Central/jets/4/pt in Skim_TriLep_ZZZ.root
