{
  "syst": "TT",
  "observed": 60.58694018609822,
  "expected": 56.449896551668644,
  "difference": 0.07328700116647573,
  "max_bin_difference": 0.4873927066376845,
  "max_bin_difference_bin": 11,
  "max_bin_difference_filtered": 0.240491110253171,
  "max_bin_difference_filtered_bin": 1,
  "snr_threshold": 3.0,
  "mass_range_min": 10.0,
  "mass_range_max": 160.0,
  "percentile_68_difference": 0.09831738274301509,
  "percentile_95_difference": 0.21535822204812208,
  "rms_bin_difference": 0.12102341136983884,
  "chi2": 9.834405934112077,
  "ndf": 10,
  "chi2_per_ndf": 0.9834405934112077,
  "p_value": 0.45513970724335706,
  "closure_uncertainty_scale": 0.75,
  "recommended_systematic_pct": 25.0
}