{
  "syst": "TT",
  "observed": 62.31208618823439,
  "expected": 57.71862535690889,
  "difference": 0.07958368382686484,
  "max_bin_difference": 0.2706239011750453,
  "max_bin_difference_bin": 1,
  "max_bin_difference_filtered": 0.2706239011750453,
  "max_bin_difference_filtered_bin": 1,
  "snr_threshold": 3.0,
  "mass_range_min": 10.0,
  "mass_range_max": 160.0,
  "percentile_68_difference": 0.12633234077269329,
  "percentile_95_difference": 0.21876649353482785,
  "rms_bin_difference": 0.12420431688996343,
  "chi2": 8.513716522328323,
  "ndf": 10,
  "chi2_per_ndf": 0.8513716522328323,
  "p_value": 0.5787887211069811,
  "closure_uncertainty_scale": 0.35000000000000003,
  "recommended_systematic_pct": 64.99999999999999
}