{
  "syst": "TT",
  "observed": 62.3120858669281,
  "expected": 57.71862530708313,
  "difference": 0.07958367919204876,
  "max_bin_difference": 0.0,
  "max_bin_difference_bin": -1,
  "max_bin_difference_filtered": 0.0,
  "max_bin_difference_filtered_bin": -1,
  "snr_threshold": 3.0,
  "mass_range_min": 10.0,
  "mass_range_max": 160.0,
  "percentile_68_difference": 0.0,
  "percentile_95_difference": 0.0,
  "rms_bin_difference": 0.0,
  "chi2": 12.822630414241843,
  "ndf": 9,
  "chi2_per_ndf": 1.4247367126935382,
  "p_value": 0.1707976599750483,
  "closure_uncertainty_scale": 1.4500000000000002,
  "recommended_systematic_pct": 45.000000000000014
}