{
  "Central": {
    "ptcorr_15to17_EB1": 23.556772713083774,
    "ptcorr_15to17_EB2": 12.960132705047727,
    "ptcorr_15to17_EE": 13.763511524070054,
    "ptcorr_17to20_EB1": 42.92768983822316,
    "ptcorr_17to20_EB2": 25.349353509955108,
    "ptcorr_17to20_EE": 24.240908005274832,
    "ptcorr_20to25_EB1": 78.34990179957822,
    "ptcorr_20to25_EB2": 48.023806856013834,
    "ptcorr_20to25_EE": 43.356415185146034,
    "ptcorr_25to35_EB1": 196.87700247438625,
    "ptcorr_25to35_EB2": 110.78979969816282,
    "ptcorr_25to35_EE": 92.08415760984644,
    "ptcorr_35to50_EB1": 316.1037335158326,
    "ptcorr_35to50_EB2": 174.93156210146844,
    "ptcorr_35to50_EE": 120.00825996976346,
    "ptcorr_50to100_EB1": 634.5350568918511,
    "ptcorr_50to100_EB2": 349.2397376582958,
    "ptcorr_50to100_EE": 198.06744805444032,
    "ptcorr_100to200_EB1": 239.7540853456594,
    "ptcorr_100to200_EB2": 130.2543336264789,
    "ptcorr_100to200_EE": 57.072133923880756
  },
  "MotherJetPt_Up": {
    "ptcorr_15to17_EB1": 16.35017639398575,
    "ptcorr_15to17_EB2": 9.716035144403577,
    "ptcorr_15to17_EE": 9.663703222293407,
    "ptcorr_17to20_EB1": 30.48195145558566,
    "ptcorr_17to20_EB2": 18.80837577395141,
    "ptcorr_17to20_EE": 17.460400007199496,
    "ptcorr_20to25_EB1": 55.34675370063633,
    "ptcorr_20to25_EB2": 33.71123633766547,
    "ptcorr_20to25_EE": 31.06650062603876,
    "ptcorr_25to35_EB1": 143.75116570480168,
    "ptcorr_25to35_EB2": 81.59408122673631,
    "ptcorr_25to35_EE": 67.00600715260953,
    "ptcorr_35to50_EB1": 241.14480382716283,
    "ptcorr_35to50_EB2": 132.58178336033598,
    "ptcorr_35to50_EE": 90.18856683420017,
    "ptcorr_50to100_EB1": 517.6014691456221,
    "ptcorr_50to100_EB2": 282.84793101856485,
    "ptcorr_50to100_EE": 158.12645405810326,
    "ptcorr_100to200_EB1": 221.5811262591742,
    "ptcorr_100to200_EB2": 119.38121835282072,
    "ptcorr_100to200_EE": 51.33994666719809
  },
  "MotherJetPt_Down": {
    "ptcorr_15to17_EB1": 25.124033217784017,
    "ptcorr_15to17_EB2": 13.702204565983266,
    "ptcorr_15to17_EE": 14.580333972815424,
    "ptcorr_17to20_EB1": 46.119649179745466,
    "ptcorr_17to20_EB2": 26.99526764312759,
    "ptcorr_17to20_EE": 25.77343940641731,
    "ptcorr_20to25_EB1": 84.03453854192048,
    "ptcorr_20to25_EB2": 51.33711913181469,
    "ptcorr_20to25_EE": 46.24139086063951,
    "ptcorr_25to35_EB1": 210.9788048597984,
    "ptcorr_25to35_EB2": 117.65475370362401,
    "ptcorr_25to35_EE": 97.50788322975859,
    "ptcorr_35to50_EB1": 333.50338296499103,
    "ptcorr_35to50_EB2": 183.3787613613531,
    "ptcorr_35to50_EE": 126.89655242813751,
    "ptcorr_50to100_EB1": 659.2121027763933,
    "ptcorr_50to100_EB2": 364.5833285106346,
    "ptcorr_50to100_EE": 208.4386105663143,
    "ptcorr_100to200_EB1": 244.8205379578285,
    "ptcorr_100to200_EB2": 132.85202022548765,
    "ptcorr_100to200_EE": 58.73139398545027
  },
  "RequireHeavyTag": {
    "ptcorr_15to17_EB1": 14.212739801499993,
    "ptcorr_15to17_EB2": 7.78977755876258,
    "ptcorr_15to17_EE": 7.684625947382301,
    "ptcorr_17to20_EB1": 25.832747854292393,
    "ptcorr_17to20_EB2": 15.060817677993327,
    "ptcorr_17to20_EE": 15.805496769025922,
    "ptcorr_20to25_EB1": 46.37780498014763,
    "ptcorr_20to25_EB2": 28.1483042021282,
    "ptcorr_20to25_EE": 25.042397995479405,
    "ptcorr_25to35_EB1": 113.86010132171214,
    "ptcorr_25to35_EB2": 62.98455073963851,
    "ptcorr_25to35_EE": 53.56199927255511,
    "ptcorr_35to50_EB1": 182.1432082625106,
    "ptcorr_35to50_EB2": 99.51960828667507,
    "ptcorr_35to50_EE": 63.2818966191262,
    "ptcorr_50to100_EB1": 331.1818509413861,
    "ptcorr_50to100_EB2": 180.54415668733418,
    "ptcorr_50to100_EE": 97.64512407779694,
    "ptcorr_100to200_EB1": 130.21114001469687,
    "ptcorr_100to200_EB2": 67.49142799666151,
    "ptcorr_100to200_EE": 28.38433576747775
  },
  "L1Prefire_Up": {
    "ptcorr_15to17_EB1": 23.556772713083774,
    "ptcorr_15to17_EB2": 12.960132705047727,
    "ptcorr_15to17_EE": 13.763511524070054,
    "ptcorr_17to20_EB1": 42.92768983822316,
    "ptcorr_17to20_EB2": 25.349353509955108,
    "ptcorr_17to20_EE": 24.240908005274832,
    "ptcorr_20to25_EB1": 78.34990179957822,
    "ptcorr_20to25_EB2": 48.023806856013834,
    "ptcorr_20to25_EE": 43.356415185146034,
    "ptcorr_25to35_EB1": 196.87700247438625,
    "ptcorr_25to35_EB2": 110.78979969816282,
    "ptcorr_25to35_EE": 92.08415760984644,
    "ptcorr_35to50_EB1": 316.1037335158326,
    "ptcorr_35to50_EB2": 174.93156210146844,
    "ptcorr_35to50_EE": 120.00825996976346,
    "ptcorr_50to100_EB1": 634.5350568918511,
    "ptcorr_50to100_EB2": 349.2397376582958,
    "ptcorr_50to100_EE": 198.06744805444032,
    "ptcorr_100to200_EB1": 239.7540853456594,
    "ptcorr_100to200_EB2": 130.2543336264789,
    "ptcorr_100to200_EE": 57.072133923880756
  },
  "L1Prefire_Down": {
    "ptcorr_15to17_EB1": 23.556772713083774,
    "ptcorr_15to17_EB2": 12.960132705047727,
    "ptcorr_15to17_EE": 13.763511524070054,
    "ptcorr_17to20_EB1": 42.92768983822316,
    "ptcorr_17to20_EB2": 25.349353509955108,
    "ptcorr_17to20_EE": 24.240908005274832,
    "ptcorr_20to25_EB1": 78.34990179957822,
    "ptcorr_20to25_EB2": 48.023806856013834,
    "ptcorr_20to25_EE": 43.356415185146034,
    "ptcorr_25to35_EB1": 196.87700247438625,
    "ptcorr_25to35_EB2": 110.78979969816282,
    "ptcorr_25to35_EE": 92.08415760984644,
    "ptcorr_35to50_EB1": 316.1037335158326,
    "ptcorr_35to50_EB2": 174.93156210146844,
    "ptcorr_35to50_EE": 120.00825996976346,
    "ptcorr_50to100_EB1": 634.5350568918511,
    "ptcorr_50to100_EB2": 349.2397376582958,
    "ptcorr_50to100_EE": 198.06744805444032,
    "ptcorr_100to200_EB1": 239.7540853456594,
    "ptcorr_100to200_EB2": 130.2543336264789,
    "ptcorr_100to200_EE": 57.072133923880756
  },
  "PileupReweight_Up": {
    "ptcorr_15to17_EB1": 23.28253449406475,
    "ptcorr_15to17_EB2": 12.43950055539608,
    "ptcorr_15to17_EE": 13.343782995361835,
    "ptcorr_17to20_EB1": 42.12741618975997,
    "ptcorr_17to20_EB2": 25.333753027487546,
    "ptcorr_17to20_EE": 23.456427153665572,
    "ptcorr_20to25_EB1": 76.89023188711144,
    "ptcorr_20to25_EB2": 47.776240503415465,
    "ptcorr_20to25_EE": 41.43339042831212,
    "ptcorr_25to35_EB1": 193.97355455509387,
    "ptcorr_25to35_EB2": 108.18819188605994,
    "ptcorr_25to35_EE": 89.7016677618958,
    "ptcorr_35to50_EB1": 314.5177527575288,
    "ptcorr_35to50_EB2": 172.86447606701404,
    "ptcorr_35to50_EE": 118.07903959439136,
    "ptcorr_50to100_EB1": 627.7629008865915,
    "ptcorr_50to100_EB2": 343.85761592164636,
    "ptcorr_50to100_EE": 195.54561084182933,
    "ptcorr_100to200_EB1": 236.36890127067454,
    "ptcorr_100to200_EB2": 129.5744582861662,
    "ptcorr_100to200_EE": 55.82882802630775
  },
  "PileupReweight_Down": {
    "ptcorr_15to17_EB1": 24.061741252895445,
    "ptcorr_15to17_EB2": 13.377515360247344,
    "ptcorr_15to17_EE": 14.277963779401034,
    "ptcorr_17to20_EB1": 43.30310758249834,
    "ptcorr_17to20_EB2": 25.50744374282658,
    "ptcorr_17to20_EE": 24.956698324065655,
    "ptcorr_20to25_EB1": 79.87149873422459,
    "ptcorr_20to25_EB2": 48.339869680348784,
    "ptcorr_20to25_EE": 44.74889603117481,
    "ptcorr_25to35_EB1": 199.3597530508414,
    "ptcorr_25to35_EB2": 113.02108098892495,
    "ptcorr_25to35_EE": 94.7225214028731,
    "ptcorr_35to50_EB1": 317.32524631312117,
    "ptcorr_35to50_EB2": 176.71135782217607,
    "ptcorr_35to50_EE": 122.02239787625149,
    "ptcorr_50to100_EB1": 641.5563025209121,
    "ptcorr_50to100_EB2": 354.24658632837236,
    "ptcorr_50to100_EE": 200.49688618117943,
    "ptcorr_100to200_EB1": 242.82452332321554,
    "ptcorr_100to200_EB2": 131.40767015796155,
    "ptcorr_100to200_EE": 58.34473069244996
  },
  "JetEn_Up": {
    "ptcorr_15to17_EB1": 22.607410869561136,
    "ptcorr_15to17_EB2": 12.222070337738842,
    "ptcorr_15to17_EE": 13.019674874376506,
    "ptcorr_17to20_EB1": 40.78550666756928,
    "ptcorr_17to20_EB2": 22.983685843646526,
    "ptcorr_17to20_EE": 23.218159600161016,