{
  "syst": "ljet",
  "observed": 105.36460219696164,
  "expected": 319.1514867126243,
  "difference": -0.6698602181608015,
  "max_bin_difference": 1.0893428718920908,
  "max_bin_difference_bin": 152,
  "max_bin_difference_filtered": 0.8639049026159631,
  "max_bin_difference_filtered_bin": 31,
  "snr_threshold": 3.0,
  "mass_range_min": 10.0,
  "mass_range_max": 160.0,
  "percentile_68_difference": 0.6976609767299199,
  "percentile_95_difference": 0.7717358986992937,
  "rms_bin_difference": 0.6659687079876715,
  "chi2": 86.99129661020059,
  "ndf": 43,
  "chi2_per_ndf": 2.0230534095395485,
  "p_value": 8.239866669621959e-05,
  "closure_uncertainty_scale": 2.1,
  "recommended_systematic_pct": 110.00000000000001
}