{
  "era": "2022EE",
  "channel": "SR3Mu",
  "histkey": "pair_lowM/mass",
  "systematic": "Central",
  "data": null,
  "samples": {
    "nonprompt_Muon_E": {
      "events": 18.91709052119404,
      "stat_error": 2.524853225556762,
      "systematics": {
        "nonprompt_rate": 5.675127156358212
      },
      "syst_error": 5.675127156358212,
      "total_error": 6.211437196932675
    },
    "nonprompt_Muon_F": {
      "events": 62.29447902087122,
      "stat_error": 4.965599316914986,
      "systematics": {
        "nonprompt_rate": 18.688343706261367
      },
      "syst_error": 18.688343706261367,
      "total_error": 19.33678791990814
    },
    "nonprompt_Muon_G": {
      "events": 9.895666347816586,
      "stat_error": 1.9398358936441038,
      "systematics": {
        "nonprompt_rate": 2.9686999043449758
      },
      "syst_error": 2.9686999043449758,
      "total_error": 3.5462857211916647
    },
    "DYJets": {
      "events": 0.5410752892494202,
      "stat_error": 2.480436211678843,
      "systematics": {
        "PileupReweight": 0.5958291436391595,
        "MuonIDSF": 0.06971602686781447,
        "DblMuTrigSF": 0.0008768525755884284,
        "JetEn": 0.004431995250913789,
        "JetRes": 0.00043394251544140515,
        "MuonEn": 0.0,
        "ElectronEn": 0.0,
        "ElectronRes": 0.0,
        "UnclusteredEn": 0.0,
        "BtagSF_HFcorr": 0.1696687663562596,
        "BtagSF_HFuncorr": 0.0922732526034056,
        "BtagSF_LFcorr": 0.19282634907859467,
        "BtagSF_LFuncorr": 0.09128436443040831
      },
      "syst_error": 0.6653645407457244,
      "total_error": 2.5681265101800297
    },
    "TTG_PTG200toInf": {
      "events": 0.015634151874110103,
      "stat_error": 0.024054337395423186,
      "systematics": {
        "PileupReweight": 0.00458014225647872,
        "MuonIDSF": 0.0003915490842939043,
        "DblMuTrigSF": 2.736052460006223e-05,
        "JetEn": 0.00013169516343190847,
        "JetRes": 5.51304414506264e-06,
        "MuonEn": 0.015537627346922048,
        "ElectronEn": 0.0,
        "ElectronRes": 0.0,
        "UnclusteredEn": 0.0,
        "BtagSF_HFcorr": 0.0022187918844321156,
        "BtagSF_HFuncorr": 0.00109204236314633,
        "BtagSF_LFcorr": 3.3866344794972735e-05,
        "BtagSF_LFuncorr": 1.7506952543622455e-05
      },
      "syst_error": 0.01639158464965703,
      "total_error": 0.029108335487618084
    },
    "TTG_PTG10to100": {
      "events": 0.20416362583637238,
      "stat_error": 0.2200378442944857,
      "systematics": {
        "PileupReweight": 0.041913015639083916,
        "MuonIDSF": 0.004677855146734286,
        "DblMuTrigSF": 0.00014373810257255895,
        "JetEn": 0.12832997064379392,
        "JetRes": 0.0001005678356267639,
        "MuonEn": 0.13630140133439703,
        "ElectronEn": 0.0,
        "ElectronRes": 0.0,
        "UnclusteredEn": 0.0,
        "BtagSF_HFcorr": 0.021550787886598036,
        "BtagSF_HFuncorr": 0.008531779171572966,
        "BtagSF_LFcorr": 0.00902562297714456,
        "BtagSF_LFuncorr": 0.006092846983178541
      },
      "syst_error": 0.19360030920243027,
      "total_error": 0.293083149711888
    },
    "TTG_PTG100to200": {
      "events": 0.0708506777882576,
      "stat_error": 0.053087111430415175,
      "systematics": {
        "PileupReweight": 0.01595038235324559,
        "MuonIDSF": 0.0005412998639163523,
        "DblMuTrigSF": 2.1692447296361752e-05,
        "JetEn": 3.278840111758356e-05,
        "JetRes": 1.2330218486988142e-06,
        "MuonEn": 0.0,
        "ElectronEn": 0.0,
        "ElectronRes": 0.0,
        "UnclusteredEn": 0.0,
        "BtagSF_HFcorr": 0.00779072052053788,
        "BtagSF_HFuncorr": 0.003920673217235549,
        "BtagSF_LFcorr": 2.880394458770752e-05,
        "BtagSF_LFuncorr": 1.3353303074836731e-05
      },
      "syst_error": 0.018187282991218606,
      "total_error": 0.05611611767244761
    },
    "TTZ_M50": {
      "events": 38.03959612332983,
      "stat_error": 0.5459822638223498,
      "systematics": {
        "PileupReweight": 0.25254113671485473,
        "MuonIDSF": 0.112492224384299,
        "DblMuTrigSF": 0.00512864727179117,
        "JetEn": 0.04395474420078144,
        "JetRes": 0.01439373250449968,
        "MuonEn": 0.23762523067391,
        "ElectronEn": 0.0010520219802856445,
        "ElectronRes": 0.005078700403739767,
        "UnclusteredEn": 0.0,
        "BtagSF_HFcorr": 0.3120923266695236,
        "BtagSF_HFuncorr": 0.12615372045201118,
        "BtagSF_LFcorr": 0.016052970499180322,
        "BtagSF_LFuncorr": 0.007576561901635997,
        "xsec": 2.8529697092497357
      },
      "syst_error": 2.896231572953988,
      "total_error": 2.947245147011716
    },
    "TTHToNonbb": {
      "events": 4.180453211738495,
      "stat_error": 0.0469913849500479,
      "systematics": {
        "PileupReweight": 0.018030621271666224,
        "MuonIDSF": 0.010183514243394505,
        "DblMuTrigSF": 0.0002489003384832377,
        "JetEn": 0.005341470576045072,
        "JetRes": 0.0018029304253656892,
        "MuonEn": 0.013783395697259043,
        "ElectronEn": 0.0,
        "ElectronRes": 0.0,
        "UnclusteredEn": 0.0,
        "BtagSF_HFcorr": 0.017975581356086557,
        "BtagSF_HFuncorr": 0.007735932219073449,
        "BtagSF_LFcorr": 0.0012964448317229046,
        "BtagSF_LFuncorr": 0.0006299551816857242,
        "xsec": 0.4180453211738499
      },
      "syst_error": 0.4192822049892103,
      "total_error": 0.42190728564477026
    },
    "tZq": {
      "events": 7.567590703372844,
      "stat_error": 0.2901281032634855,
      "systematics": {
        "PileupReweight": 0.10440283931473401,
        "MuonIDSF": 0.023634161456101418,
        "DblMuTrigSF": 0.0007737756958915625,
        "JetEn": 0.038103727821439996,
        "JetRes": 0.01570861256423022,
        "MuonEn": 0.10017471586510836,
        "ElectronEn": 0.0014822371304035187,
        "ElectronRes": 0.0014822371304035187,
        "UnclusteredEn": 0.0,
        "BtagSF_HFcorr": 0.057724458135835176,
        "BtagSF_HFuncorr": 0.024584764756274993,
        "BtagSF_LFcorr": 0.008266085654552646,
        "BtagSF_LFuncorr": 0.0036549726255022163,
        "xsec": 0.26486567461804894
      },
      "syst_error": 0.3120403560785237,
      "total_error": 0.4260792181330598
    },
    "TTZ_M4to50": {
      "events": 2.9114516520348843,
      "stat_error": 0.11223713652970209,
      "systematics": {
        "PileupReweight": 0.04603910367654654,
        "MuonIDSF": 0.011588472291009934,
        "DblMuTrigSF": 0.0003448771975758974,
        "JetEn": 0.011267722677146097,
        "JetRes": 0.004128338047920181,
        "MuonEn": 0.025055064288475756,
        "ElectronEn": 0.0,
        "ElectronRes": 0.0,
        "UnclusteredEn": 0.0,
        "BtagSF_HFcorr": 0.022682448627806433,
        "BtagSF_HFuncorr": 0.009887450835819494,
        "BtagSF_LFcorr": 0.0026361815989064405,
        "BtagSF_LFuncorr": 0.0014369138789848456,
        "xsec": 0.21835887390261619
      },
      "syst_error": 0.2265560390725611,
      "total_error": 0.2528335690857423
    },
    "TTWToLNu": {
      "events": 3.9901279273908585,
      "stat_error": 0.6337574963150191,
      "systematics": {
        "PileupReweight": 0.2993800570331209,
        "MuonIDSF": 0.016843636513656137,
        "DblMuTrigSF": 0.0006942235926059661,
        "JetEn": 0.1019262239998439,
        "JetRes": 0.00038383414499551884,
        "MuonEn": 0.2779031762926742,
        "ElectronEn": 0.0,
        "ElectronRes": 0.0,
        "UnclusteredEn": 0.0,
        "BtagSF_HFcorr": 0.1323959722923469,
        "BtagSF_HFuncorr": 0.04478791437539365,
        "BtagSF_LFcorr": 0.010896354195588613,
        "BtagSF_LFuncorr": 0.004389661979299451,
        "xsec": 0.47881535128690345
      },
      "syst_error": 0.6530456932680991,
      "total_error": 0.9100094733745873
    },
    "WZTo3LNu_powheg": {
      "events": 16.914784783963114,
      "stat_error": 0.9145133019554909,