{
  "syst": "TT",
  "observed": 199.11005103588104,
  "expected": 173.16777050495148,
  "difference": 0.14981009719812605,
  "max_bin_difference": 0.0,
  "max_bin_difference_bin": -1,
  "max_bin_difference_filtered": 0.0,
  "max_bin_difference_filtered_bin": -1,
  "snr_threshold": 3.0,
  "mass_range_min": 10.0,
  "mass_range_max": 160.0,
  "percentile_68_difference": 0.0,
  "percentile_95_difference": 0.0,
  "rms_bin_difference": 0.0,
  "chi2": 30.225449217859484,
  "ndf": 24,
  "chi2_per_ndf": 1.2593937174108119,
  "p_value": 0.17739152288294313,
  "closure_uncertainty_scale": 1.3,
  "recommended_systematic_pct": 30.000000000000004
}