{
  "syst": "bjet",
  "observed": 53.285129114985466,
  "expected": 62.35299175977707,
  "difference": -0.14542786783554368,
  "max_bin_difference": 0.0,
  "max_bin_difference_bin": -1,
  "max_bin_difference_filtered": 0.0,
  "max_bin_difference_filtered_bin": -1,
  "snr_threshold": 3.0,
  "mass_range_min": 10.0,
  "mass_range_max": 160.0,
  "percentile_68_difference": 0.0,
  "percentile_95_difference": 0.0,
  "rms_bin_difference": 0.0,
  "chi2": 12.383430176938674,
  "ndf": 10,
  "chi2_per_ndf": 1.2383430176938675,
  "p_value": 0.2602140749062286,
  "closure_uncertainty_scale": 1.2000000000000002,
  "recommended_systematic_pct": 20.000000000000018
}