{
  "Central": {
    "ptcorr_10to15_EB1": 45840.17228603363,
    "ptcorr_10to15_EB2": 23317.367876052856,
    "ptcorr_10to15_EE": 32935.641622543335,
    "ptcorr_15to20_EB1": 37610.91396903992,
    "ptcorr_15to20_EB2": 20721.41110420227,
    "ptcorr_15to20_EE": 29732.734175682068,
    "ptcorr_20to25_EB1": 24599.08411026001,
    "ptcorr_20to25_EB2": 16973.392983436584,
    "ptcorr_20to25_EE": 23610.472710609436,
    "ptcorr_25to35_EB1": 36437.02412700653,
    "ptcorr_25to35_EB2": 24642.021876335144,
    "ptcorr_25to35_EE": 33156.37020778656,
    "ptcorr_35to50_EB1": 30824.800232887268,
    "ptcorr_35to50_EB2": 20136.970324516296,
    "ptcorr_35to50_EE": 25128.74505996704,
    "ptcorr_50to100_EB1": 18150.234261512756,
    "ptcorr_50to100_EB2": 12701.330716133118,
    "ptcorr_50to100_EE": 14679.645015716553
  },
  "MotherJetPt_Up": {
    "ptcorr_10to15_EB1": 14582.876581192017,
    "ptcorr_10to15_EB2": 7391.39514541626,
    "ptcorr_10to15_EE": 11269.36880493164,
    "ptcorr_15to20_EB1": 11817.366359710693,
    "ptcorr_15to20_EB2": 6165.396462440491,
    "ptcorr_15to20_EE": 10213.381527900696,
    "ptcorr_20to25_EB1": 6763.717455863953,
    "ptcorr_20to25_EB2": 6126.055121421814,
    "ptcorr_20to25_EE": 7987.187473297119,
    "ptcorr_25to35_EB1": 10538.193723678589,
    "ptcorr_25to35_EB2": 7533.947367668152,
    "ptcorr_25to35_EE": 10757.34965801239,
    "ptcorr_35to50_EB1": 10075.47224521637,
    "ptcorr_35to50_EB2": 6513.6462116241455,
    "ptcorr_35to50_EE": 9732.37827205658,
    "ptcorr_50to100_EB1": 11563.981972694397,
    "ptcorr_50to100_EB2": 8980.141862869263,
    "ptcorr_50to100_EE": 9485.86690235138
  },
  "MotherJetPt_Down": {
    "ptcorr_10to15_EB1": 79556.59753513336,
    "ptcorr_10to15_EB2": 39121.69363594055,
    "ptcorr_10to15_EE": 53521.48962020874,
    "ptcorr_15to20_EB1": 64783.92259693146,
    "ptcorr_15to20_EB2": 36447.82113075256,
    "ptcorr_15to20_EE": 50849.87815570831,
    "ptcorr_20to25_EB1": 44541.13946914673,
    "ptcorr_20to25_EB2": 29576.513773918152,
    "ptcorr_20to25_EE": 39329.8192987442,
    "ptcorr_25to35_EB1": 61003.33729362488,
    "ptcorr_25to35_EB2": 39440.43255901337,
    "ptcorr_25to35_EE": 51042.018946647644,
    "ptcorr_35to50_EB1": 40759.3316783905,
    "ptcorr_35to50_EB2": 26643.45289516449,
    "ptcorr_35to50_EE": 32461.57797718048,
    "ptcorr_50to100_EB1": 19841.16093635559,
    "ptcorr_50to100_EB2": 14069.1672706604,
    "ptcorr_50to100_EE": 16013.111451148987
  },
  "RequireHeavyTag": {
    "ptcorr_10to15_EB1": 3060.1514892578125,
    "ptcorr_10to15_EB2": 1307.3136072158813,
    "ptcorr_10to15_EE": 1408.327368736267,
    "ptcorr_15to20_EB1": 2821.457960128784,
    "ptcorr_15to20_EB2": 1169.6977758407593,
    "ptcorr_15to20_EE": 1056.0931673049927,
    "ptcorr_20to25_EB1": 1279.6548194885254,
    "ptcorr_20to25_EB2": 1025.3066034317017,
    "ptcorr_20to25_EE": 1199.5761499404907,
    "ptcorr_25to35_EB1": 2156.267599105835,
    "ptcorr_25to35_EB2": 1067.8595323562622,
    "ptcorr_25to35_EE": 1334.4868268966675,
    "ptcorr_35to50_EB1": 1422.6320810317993,
    "ptcorr_35to50_EB2": 916.5150279998779,
    "ptcorr_35to50_EE": 1116.1737623214722,
    "ptcorr_50to100_EB1": 1013.5223722457886,
    "ptcorr_50to100_EB2": 559.1882953643799,
    "ptcorr_50to100_EE": 585.0607347488403
  },
  "L1Prefire_Up": {
    "ptcorr_10to15_EB1": 45839.50766658783,
    "ptcorr_10to15_EB2": 23316.945848464966,
    "ptcorr_10to15_EE": 32935.11156845093,
    "ptcorr_15to20_EB1": 37610.5249414444,
    "ptcorr_15to20_EB2": 20721.259837150574,
    "ptcorr_15to20_EE": 29732.42598247528,
    "ptcorr_20to25_EB1": 24598.713903427124,
    "ptcorr_20to25_EB2": 16973.2156124115,
    "ptcorr_20to25_EE": 23610.22969341278,
    "ptcorr_25to35_EB1": 36436.61172580719,
    "ptcorr_25to35_EB2": 24641.752590179443,
    "ptcorr_25to35_EE": 33156.02295780182,
    "ptcorr_35to50_EB1": 30824.693499565125,
    "ptcorr_35to50_EB2": 20136.740112304688,
    "ptcorr_35to50_EE": 25128.628713607788,
    "ptcorr_50to100_EB1": 18150.11505317688,
    "ptcorr_50to100_EB2": 12701.192860603333,
    "ptcorr_50to100_EE": 14679.537314414978
  },
  "L1Prefire_Down": {
    "ptcorr_10to15_EB1": 45840.432289123535,
    "ptcorr_10to15_EB2": 23317.49590587616,
    "ptcorr_10to15_EE": 32935.86660671234,
    "ptcorr_15to20_EB1": 37611.06679344177,
    "ptcorr_15to20_EB2": 20721.45821094513,
    "ptcorr_15to20_EE": 29732.860753059387,
    "ptcorr_20to25_EB1": 24599.220323562622,
    "ptcorr_20to25_EB2": 16973.44791984558,
    "ptcorr_20to25_EE": 23610.52729988098,
    "ptcorr_25to35_EB1": 36437.21783542633,
    "ptcorr_25to35_EB2": 24642.12961769104,
    "ptcorr_25to35_EE": 33156.45915699005,
    "ptcorr_35to50_EB1": 30824.79134273529,
    "ptcorr_35to50_EB2": 20137.08718109131,
    "ptcorr_35to50_EE": 25128.78322982788,
    "ptcorr_50to100_EB1": 18150.284015655518,
    "ptcorr_50to100_EB2": 12701.386647224426,
    "ptcorr_50to100_EE": 14679.657764434814
  },
  "PileupReweight_Up": {
    "ptcorr_10to15_EB1": 44449.118337631226,
    "ptcorr_10to15_EB2": 22378.483638763428,
    "ptcorr_10to15_EE": 31193.283631324768,
    "ptcorr_15to20_EB1": 36244.35393047333,
    "ptcorr_15to20_EB2": 20054.61874961853,
    "ptcorr_15to20_EE": 28411.198689460754,
    "ptcorr_20to25_EB1": 23889.97417449951,
    "ptcorr_20to25_EB2": 16625.596872329712,
    "ptcorr_20to25_EE": 22888.387475967407,
    "ptcorr_25to35_EB1": 35241.10804271698,
    "ptcorr_25to35_EB2": 23995.787214279175,
    "ptcorr_25to35_EE": 31843.86381340027,
    "ptcorr_35to50_EB1": 29999.68020439148,
    "ptcorr_35to50_EB2": 19386.073390960693,
    "ptcorr_35to50_EE": 24300.494674682617,
    "ptcorr_50to100_EB1": 17605.596795082092,
    "ptcorr_50to100_EB2": 12673.651545524597,
    "ptcorr_50to100_EE": 14215.328707695007
  },
  "PileupReweight_Down": {
    "ptcorr_10to15_EB1": 47287.66689968109,
    "ptcorr_10to15_EB2": 24271.233835220337,
    "ptcorr_10to15_EE": 34724.58143854141,
    "ptcorr_15to20_EB1": 39035.90934753418,
    "ptcorr_15to20_EB2": 21359.337382793427,
    "ptcorr_15to20_EE": 31029.9071393013,
    "ptcorr_20to25_EB1": 25254.90095949173,
    "ptcorr_20to25_EB2": 17276.30935239792,
    "ptcorr_20to25_EE": 24272.55901479721,
    "ptcorr_25to35_EB1": 37659.86004781723,
    "ptcorr_25to35_EB2": 25281.832813739777,
    "ptcorr_25to35_EE": 34472.912857055664,
    "ptcorr_35to50_EB1": 31641.486379623413,
    "ptcorr_35to50_EB2": 20871.37255048752,
    "ptcorr_35to50_EE": 25983.722671031952,
    "ptcorr_50to100_EB1": 18667.480878829956,
    "ptcorr_50to100_EB2": 12780.315506458282,
    "ptcorr_50to100_EE": 15215.613605976105
  },
  "PileupJetIDSF_Up": {
    "ptcorr_10to15_EB1": 45866.58900642395,
    "ptcorr_10to15_EB2": 23329.905831336975,
    "ptcorr_10to15_EE": 32953.5491104126,
    "ptcorr_15to20_EB1": 37630.97305870056,
    "ptcorr_15to20_EB2": 20733.166529655457,
    "ptcorr_15to20_EE": 29750.32516670227,
    "ptcorr_20to25_EB1": 24612.742104530334,
    "ptcorr_20to25_EB2": 16982.3792181015,
    "ptcorr_20to25_EE": 23624.119871139526,
    "ptcorr_25to35_EB1": 36455.57019615173,
    "ptcorr_25to35_EB2": 24655.81826019287,
    "ptcorr_25to35_EE": 33175.0309047699,
    "ptcorr_35to50_EB1": 30837.652505874634,
    "ptcorr_35to50_EB2": 20146.69935131073,
    "ptcorr_35to50_EE": 25140.7366437912,
    "ptcorr_50to100_EB1": 18153.213584899902,
    "ptcorr_50to100_EB2": 12703.59683418274,
    "ptcorr_50to100_EE": 14683.02834224701
  },
  "PileupJetIDSF_Down": {
    "ptcorr_10to15_EB1": 45813.759236335754,
    "ptcorr_10to15_EB2": 23304.831512451172,
    "ptcorr_10to15_EE": 32917.73626995087,
    "ptcorr_15to20_EB1": 37590.85753917694,
    "ptcorr_15to20_EB2": 20709.65675163269,
    "ptcorr_15to20_EE": 29715.14489173889,
    "ptcorr_20to25_EB1": 24585.42706680298,
    "ptcorr_20to25_EB2": 16964.407417297363,
    "ptcorr_20to25_EE": 23596.826941490173,
    "ptcorr_25to35_EB1": 36418.47867679596,
    "ptcorr_25to35_EB2": 24628.22594356537,
    "ptcorr_25to35_EE": 33137.71064758301,
    "ptcorr_35to50_EB1": 30811.948397636414,