{
  "Central": {
    "ptcorr_10to15_EB1": 396.6785480082035,
    "ptcorr_10to15_EB2": 197.9681181013584,
    "ptcorr_10to15_EE": 228.3623009622097,
    "ptcorr_15to20_EB1": 488.5995609164238,
    "ptcorr_15to20_EB2": 263.55995586514473,
    "ptcorr_15to20_EE": 341.93789649009705,
    "ptcorr_20to25_EB1": 446.3905698657036,
    "ptcorr_20to25_EB2": 303.08373922109604,
    "ptcorr_20to25_EE": 374.86750584840775,
    "ptcorr_25to35_EB1": 962.7239959836006,
    "ptcorr_25to35_EB2": 590.0775490701199,
    "ptcorr_25to35_EE": 758.4794434010983,
    "ptcorr_35to50_EB1": 1350.8837050199509,
    "ptcorr_35to50_EB2": 886.9724767804146,
    "ptcorr_35to50_EE": 1052.1988494694233,
    "ptcorr_50to100_EB1": 2375.3621610701084,
    "ptcorr_50to100_EB2": 1555.3121411800385,
    "ptcorr_50to100_EE": 1709.0674922168255
  },
  "MotherJetPt_Up": {
    "ptcorr_10to15_EB1": 133.5028138756752,
    "ptcorr_10to15_EB2": 63.900975465774536,
    "ptcorr_10to15_EE": 83.45829635858536,
    "ptcorr_15to20_EB1": 162.1362890303135,
    "ptcorr_15to20_EB2": 88.50595194101334,
    "ptcorr_15to20_EE": 115.63011848926544,
    "ptcorr_20to25_EB1": 150.90116477012634,
    "ptcorr_20to25_EB2": 102.73986732959747,
    "ptcorr_20to25_EE": 149.02921557426453,
    "ptcorr_25to35_EB1": 363.0850525200367,
    "ptcorr_25to35_EB2": 217.93735951185226,
    "ptcorr_25to35_EE": 298.76915869116783,
    "ptcorr_35to50_EB1": 580.8525950610638,
    "ptcorr_35to50_EB2": 402.1050727367401,
    "ptcorr_35to50_EE": 493.4709595143795,
    "ptcorr_50to100_EB1": 1549.2784538269043,
    "ptcorr_50to100_EB2": 1027.299458861351,
    "ptcorr_50to100_EE": 1104.1993615925312
  },
  "MotherJetPt_Down": {
    "ptcorr_10to15_EB1": 551.6120347082615,
    "ptcorr_10to15_EB2": 280.2001720070839,
    "ptcorr_10to15_EE": 329.01039758324623,
    "ptcorr_15to20_EB1": 670.690942466259,
    "ptcorr_15to20_EB2": 365.8898188173771,
    "ptcorr_15to20_EE": 456.0795855820179,
    "ptcorr_20to25_EB1": 611.4724856317043,
    "ptcorr_20to25_EB2": 405.9556436240673,
    "ptcorr_20to25_EE": 493.3231195509434,
    "ptcorr_25to35_EB1": 1243.3955588042736,
    "ptcorr_25to35_EB2": 769.4109991490841,
    "ptcorr_25to35_EE": 982.0661678314209,
    "ptcorr_35to50_EB1": 1660.028803229332,
    "ptcorr_35to50_EB2": 1077.0649219155312,
    "ptcorr_35to50_EE": 1279.9626051187515,
    "ptcorr_50to100_EB1": 2628.611015945673,
    "ptcorr_50to100_EB2": 1736.8475447297096,
    "ptcorr_50to100_EE": 1898.9536140561104
  },
  "RequireHeavyTag": {
    "ptcorr_10to15_EB1": 19.46854078769684,
    "ptcorr_10to15_EB2": 13.472631812095642,
    "ptcorr_10to15_EE": 15.776913404464722,
    "ptcorr_15to20_EB1": 24.591103047132492,
    "ptcorr_15to20_EB2": 15.890596956014633,
    "ptcorr_15to20_EE": 16.292615979909897,
    "ptcorr_20to25_EB1": 22.944979816675186,
    "ptcorr_20to25_EB2": 19.055224120616913,
    "ptcorr_20to25_EE": 18.7539421916008,
    "ptcorr_25to35_EB1": 42.37334632873535,
    "ptcorr_25to35_EB2": 28.657219111919403,
    "ptcorr_25to35_EE": 35.28852316737175,
    "ptcorr_35to50_EB1": 63.872169464826584,
    "ptcorr_35to50_EB2": 37.33053231239319,
    "ptcorr_35to50_EE": 49.894677966833115,
    "ptcorr_50to100_EB1": 104.7785273194313,
    "ptcorr_50to100_EB2": 66.64527302980423,
    "ptcorr_50to100_EE": 73.95603981614113
  },
  "L1Prefire_Up": {
    "ptcorr_10to15_EB1": 396.6739314198494,
    "ptcorr_10to15_EB2": 197.9666037261486,
    "ptcorr_10to15_EE": 228.35863488912582,
    "ptcorr_15to20_EB1": 488.5915985405445,
    "ptcorr_15to20_EB2": 263.55719739198685,
    "ptcorr_15to20_EE": 341.9353527724743,
    "ptcorr_20to25_EB1": 446.38498651981354,
    "ptcorr_20to25_EB2": 303.08006939291954,
    "ptcorr_20to25_EE": 374.86349326372147,
    "ptcorr_25to35_EB1": 962.7060469090939,
    "ptcorr_25to35_EB2": 590.0683890283108,
    "ptcorr_25to35_EE": 758.471533626318,
    "ptcorr_35to50_EB1": 1350.8653324842453,
    "ptcorr_35to50_EB2": 886.9624093472958,
    "ptcorr_35to50_EE": 1052.1847769618034,
    "ptcorr_50to100_EB1": 2375.3332887887955,
    "ptcorr_50to100_EB2": 1555.2896737158298,
    "ptcorr_50to100_EE": 1709.044565886259
  },
  "L1Prefire_Down": {
    "ptcorr_10to15_EB1": 396.67997401952744,
    "ptcorr_10to15_EB2": 197.96865153312683,
    "ptcorr_10to15_EE": 228.36369529366493,
    "ptcorr_15to20_EB1": 488.6020800471306,
    "ptcorr_15to20_EB2": 263.5610628724098,
    "ptcorr_15to20_EE": 341.938612639904,
    "ptcorr_20to25_EB1": 446.3931991457939,
    "ptcorr_20to25_EB2": 303.08464699983597,
    "ptcorr_20to25_EE": 374.8686681985855,
    "ptcorr_25to35_EB1": 962.7321846187115,
    "ptcorr_25to35_EB2": 590.0819027423859,
    "ptcorr_25to35_EE": 758.4827136397362,
    "ptcorr_35to50_EB1": 1350.8905292451382,
    "ptcorr_35to50_EB2": 886.9763951897621,
    "ptcorr_35to50_EE": 1052.2051453590393,
    "ptcorr_50to100_EB1": 2375.372894257307,
    "ptcorr_50to100_EB2": 1555.3207970559597,
    "ptcorr_50to100_EE": 1709.0757894814014
  },
  "PileupReweight_Up": {
    "ptcorr_10to15_EB1": 384.4144612252712,
    "ptcorr_10to15_EB2": 193.64885592460632,
    "ptcorr_10to15_EE": 220.87380656599998,
    "ptcorr_15to20_EB1": 487.1432127058506,
    "ptcorr_15to20_EB2": 254.18349188566208,
    "ptcorr_15to20_EE": 334.950711786747,
    "ptcorr_20to25_EB1": 436.3603616952896,
    "ptcorr_20to25_EB2": 298.30532056093216,
    "ptcorr_20to25_EE": 370.401624083519,
    "ptcorr_25to35_EB1": 953.3125586509705,
    "ptcorr_25to35_EB2": 580.817271977663,
    "ptcorr_25to35_EE": 738.0573238730431,
    "ptcorr_35to50_EB1": 1331.4597589969635,
    "ptcorr_35to50_EB2": 870.152451723814,
    "ptcorr_35to50_EE": 1030.313636034727,
    "ptcorr_50to100_EB1": 2338.1983434557915,
    "ptcorr_50to100_EB2": 1543.3107839226723,
    "ptcorr_50to100_EE": 1682.1124527156353
  },
  "PileupReweight_Down": {
    "ptcorr_10to15_EB1": 406.93589502573013,
    "ptcorr_10to15_EB2": 202.21265959739685,
    "ptcorr_10to15_EE": 235.49026928842068,
    "ptcorr_15to20_EB1": 491.2340148240328,
    "ptcorr_15to20_EB2": 272.67073975503445,
    "ptcorr_15to20_EE": 350.0092896223068,
    "ptcorr_20to25_EB1": 456.28924126923084,
    "ptcorr_20to25_EB2": 307.404568195343,
    "ptcorr_20to25_EE": 379.1517893821001,
    "ptcorr_25to35_EB1": 971.8500443845987,
    "ptcorr_25to35_EB2": 600.4840390384197,
    "ptcorr_25to35_EE": 778.0012687444687,
    "ptcorr_35to50_EB1": 1371.1364643871784,
    "ptcorr_35to50_EB2": 903.6098919808865,
    "ptcorr_35to50_EE": 1073.8143933266401,
    "ptcorr_50to100_EB1": 2406.359180852771,
    "ptcorr_50to100_EB2": 1569.0424680784345,
    "ptcorr_50to100_EE": 1733.166387990117
  },
  "PileupJetIDSF_Up": {
    "ptcorr_10to15_EB1": 396.88972929120064,
    "ptcorr_10to15_EB2": 198.08206060528755,
    "ptcorr_10to15_EE": 228.49121460318565,
    "ptcorr_15to20_EB1": 488.8706467151642,
    "ptcorr_15to20_EB2": 263.7104140520096,
    "ptcorr_15to20_EE": 342.1121363043785,
    "ptcorr_20to25_EB1": 446.63407704234123,
    "ptcorr_20to25_EB2": 303.246047437191,
    "ptcorr_20to25_EE": 375.03748539090157,
    "ptcorr_25to35_EB1": 963.1922439038754,
    "ptcorr_25to35_EB2": 590.3786858916283,
    "ptcorr_25to35_EE": 758.8794388175011,
    "ptcorr_35to50_EB1": 1351.4461604058743,
    "ptcorr_35to50_EB2": 887.346336632967,
    "ptcorr_35to50_EE": 1052.6450815200806,
    "ptcorr_50to100_EB1": 2376.0489964187145,
    "ptcorr_50to100_EB2": 1555.7615839242935,
    "ptcorr_50to100_EE": 1709.5650078058243
  },
  "PileupJetIDSF_Down": {
    "ptcorr_10to15_EB1": 396.46742138266563,
    "ptcorr_10to15_EB2": 197.8541873395443,
    "ptcorr_10to15_EE": 228.2334158718586,
    "ptcorr_15to20_EB1": 488.3285345733166,
    "ptcorr_15to20_EB2": 263.4095187187195,
    "ptcorr_15to20_EE": 341.76367315649986,
    "ptcorr_20to25_EB1": 446.14709332585335,
    "ptcorr_20to25_EB2": 302.92146295309067,
    "ptcorr_20to25_EE": 374.6975362598896,
    "ptcorr_25to35_EB1": 962.2558005452156,
    "ptcorr_25to35_EB2": 589.7764666974545,
    "ptcorr_25to35_EE": 758.0795299112797,