{
  "era": "2022EE",
  "channel": "WZ3Mu",
  "histkey": "ZCand/mass",
  "systematic": "Central",
  "data": {
    "events": 1104.0,
    "stat_error": 33.2264954516723,
    "systematics": {},
    "syst_error": 0.0,
    "total_error": 33.2264954516723
  },
  "samples": {
    "Muon_E": {
      "events": 287.0,
      "stat_error": 16.941074346097416,
      "systematics": {},
      "syst_error": 0.0,
      "total_error": 16.941074346097416
    },
    "Muon_F": {
      "events": 672.0,
      "stat_error": 25.92296279363144,
      "systematics": {},
      "syst_error": 0.0,
      "total_error": 25.92296279363144
    },
    "Muon_G": {
      "events": 145.0,
      "stat_error": 12.041594578792296,
      "systematics": {},
      "syst_error": 0.0,
      "total_error": 12.041594578792296
    },
    "nonprompt_Muon_F": {
      "events": 176.1120962612331,
      "stat_error": 8.113264671086725,
      "systematics": {
        "nonprompt_rate": 52.83362887836993
      },
      "syst_error": 52.83362887836993,
      "total_error": 53.45294570068547
    },
    "nonprompt_Muon_G": {
      "events": 35.603486366569996,
      "stat_error": 3.7730325559085767,
      "systematics": {
        "nonprompt_rate": 10.681045909971
      },
      "syst_error": 10.681045909971,
      "total_error": 11.327864600128931
    },
    "nonprompt_Muon_E": {
      "events": 54.56028112769127,
      "stat_error": 4.333177063832433,
      "systematics": {
        "nonprompt_rate": 16.36808433830738
      },
      "syst_error": 16.36808433830738,
      "total_error": 16.93194047864765
    },
    "TTG_PTG100to200": {
      "events": 0.031755562871694565,
      "stat_error": 0.031755562871694565,
      "systematics": {
        "PileupReweight": 0.006856109946966171,
        "MuonIDSF": 0.0006945021450519562,
        "DblMuTrigSF": 6.0461461544036865e-05,
        "JetEn": 0.00012110918760299683,
        "JetRes": 6.724148988723755e-06,
        "MuonEn": 0.0,
        "ElectronEn": 0.0,
        "ElectronRes": 0.0,
        "UnclusteredEn": 0.0,
        "BtagSF_HFcorr": 0.013485025614500046,
        "BtagSF_HFuncorr": 0.010905150324106216,
        "BtagSF_LFcorr": 0.0,
        "BtagSF_LFuncorr": 0.0
      },
      "syst_error": 0.018662131831258724,
      "total_error": 0.036833285731596443
    },
    "TTG_PTG10to100": {
      "events": 0.05755065008997917,
      "stat_error": 0.05755065008997917,
      "systematics": {
        "PileupReweight": 0.012383643537759781,
        "MuonIDSF": 0.001169603317975998,
        "DblMuTrigSF": 0.00012122094631195068,
        "JetEn": 0.0,
        "JetRes": 0.0,
        "MuonEn": 0.0,
        "ElectronEn": 0.0,
        "ElectronRes": 0.0,
        "UnclusteredEn": 0.0,
        "BtagSF_HFcorr": 0.0,
        "BtagSF_HFuncorr": 0.0,
        "BtagSF_LFcorr": 0.0,
        "BtagSF_LFuncorr": 0.0
      },
      "syst_error": 0.012439344585208048,
      "total_error": 0.058879662188983085
    },
    "TTG_PTG200toInf": {
      "events": 0.0024284827522933483,
      "stat_error": 0.0209675948747964,
      "systematics": {
        "PileupReweight": 0.004019491293712086,
        "MuonIDSF": 0.0004316770973727104,
        "DblMuTrigSF": 3.4285488677961576e-05,
        "JetEn": 6.982045725322703e-05,
        "JetRes": 1.6428430459400515e-05,
        "MuonEn": 0.004546800041721724,
        "ElectronEn": 0.0,
        "ElectronRes": 0.0,
        "UnclusteredEn": 0.0,
        "BtagSF_HFcorr": 0.0021070800721645355,
        "BtagSF_HFuncorr": 0.0013204822316765785,
        "BtagSF_LFcorr": 6.46125418928433e-05,
        "BtagSF_LFuncorr": 3.715123544835798e-05
      },
      "syst_error": 0.006573536417324241,
      "total_error": 0.021973880309664844
    },
    "TTHToNonbb": {
      "events": 0.4240681449882686,
      "stat_error": 0.015534822080233563,
      "systematics": {
        "PileupReweight": 0.005953645840407548,
        "MuonIDSF": 0.002061013892897816,
        "DblMuTrigSF": 6.07969960185612e-05,
        "JetEn": 0.0034925554501062882,
        "JetRes": 0.0023847806354849823,
        "MuonEn": 0.005775934422090968,
        "ElectronEn": 0.0,
        "ElectronRes": 0.0,
        "UnclusteredEn": 0.0011368913108850032,
        "BtagSF_HFcorr": 0.011130714145929553,
        "BtagSF_HFuncorr": 0.004756248487470422,
        "BtagSF_LFcorr": 0.00028036972073512754,
        "BtagSF_LFuncorr": 0.00014271453332971815
      },
      "syst_error": 0.015454776206022744,
      "total_error": 0.021913028194267423
    },
    "TTZ_M4to50": {
      "events": 0.14882926002610475,
      "stat_error": 0.02466986423864735,
      "systematics": {
        "PileupReweight": 0.00814930150374453,
        "MuonIDSF": 0.0009870148363881786,
        "DblMuTrigSF": 3.3973972355262776e-05,
        "JetEn": 0.005975337218801948,
        "JetRes": 0.003872215362934151,
        "MuonEn": 0.010596015723473157,
        "ElectronEn": 0.0,
        "ElectronRes": 0.0,
        "UnclusteredEn": 0.003175342459684236,
        "BtagSF_HFcorr": 0.008803310460947442,
        "BtagSF_HFuncorr": 0.0029877913977903394,
        "BtagSF_LFcorr": 0.00010683445735256371,
        "BtagSF_LFuncorr": 5.289748815747945e-05
      },
      "syst_error": 0.018079903412760688,
      "total_error": 0.030585701054055423
    },
    "TTWToLNu": {
      "events": 0.7316702529788017,
      "stat_error": 0.1997993146755489,
      "systematics": {
        "PileupReweight": 0.03866723468197749,
        "MuonIDSF": 0.0052621764401916,
        "DblMuTrigSF": 0.0002739293696282882,
        "JetEn": 0.023359367051001223,
        "JetRes": 5.7800753943640635e-05,
        "MuonEn": 0.03981166285647755,
        "ElectronEn": 0.0,
        "ElectronRes": 0.0,
        "UnclusteredEn": 0.0,
        "BtagSF_HFcorr": 0.010521816225154437,
        "BtagSF_HFuncorr": 0.0072419650608780166,
        "BtagSF_LFcorr": 0.0006576932712974291,
        "BtagSF_LFuncorr": 0.0003037106947357198
      },
      "syst_error": 0.061783751267876864,
      "total_error": 0.20913392375592701
    },
    "TTZ_M50": {
      "events": 13.430387115338817,
      "stat_error": 0.31317927808454205,
      "systematics": {
        "PileupReweight": 0.12131226754115094,
        "MuonIDSF": 0.0757531482142316,
        "DblMuTrigSF": 0.0033008511853665763,
        "JetEn": 0.08717612689156261,
        "JetRes": 0.053282402154931324,
        "MuonEn": 0.13619457316894865,
        "ElectronEn": 0.0019373893737792969,
        "ElectronRes": 0.01134476015714224,
        "UnclusteredEn": 0.035791999432212854,
        "BtagSF_HFcorr": 0.36195201109044023,
        "BtagSF_HFuncorr": 0.15308541693905867,
        "BtagSF_LFcorr": 0.009439683495415201,
        "BtagSF_LFuncorr": 0.004670330183015449
      },
      "syst_error": 0.4532357021275714,
      "total_error": 0.5509118458561474
    },
    "ZZTo4L_powheg": {
      "events": 58.16651797294617,
      "stat_error": 0.2122502589182633,
      "systematics": {
        "PileupReweight": 0.3583687911454668,
        "MuonIDSF": 0.38828974040293995,
        "DblMuTrigSF": 0.010125253139465577,
        "JetEn": 1.1632416636348781,
        "JetRes": 0.4061754321107408,
        "MuonEn": 0.2302635151825517,
        "ElectronEn": 0.0016454833012337906,
        "ElectronRes": 0.008248267820257397,
        "UnclusteredEn": 0.5432942632625544,
        "BtagSF_HFcorr": 0.018061634728178146,
        "BtagSF_HFuncorr": 0.009898107556945807,
        "BtagSF_LFcorr": 0.016145604100842193,
        "BtagSF_LFuncorr": 0.009052961400301861,
        "WZ_rate": 11.633303594589234
      },
      "syst_error": 11.725194639047544,
      "total_error": 11.727115565899405
    },
    "WZTo3LNu_powheg": {
      "events": 765.7086079716682,
      "stat_error": 3.6488096122279354,
      "systematics": {
        "PileupReweight": 2.587887804815239,
        "MuonIDSF": 5.064383588417489,
        "DblMuTrigSF": 0.138839296779822,
        "JetEn": 9.709892341343675,
        "JetRes": 1.6130027855313023,
        "MuonEn": 3.1816412508283687,