{
  "era": "2022EE",
  "channel": "WZ3Mu",
  "histkey": "ZCand/mass",
  "systematic": "Central",
  "data": {
    "events": 1102.0,
    "stat_error": 33.19638534539566,
    "systematics": {},
    "syst_error": 0.0,
    "total_error": 33.19638534539566
  },
  "samples": {
    "Muon_E": {
      "events": 285.0,
      "stat_error": 16.881943016134134,
      "systematics": {},
      "syst_error": 0.0,
      "total_error": 16.881943016134134
    },
    "Muon_F": {
      "events": 672.0,
      "stat_error": 25.92296279363144,
      "systematics": {},
      "syst_error": 0.0,
      "total_error": 25.92296279363144
    },
    "Muon_G": {
      "events": 145.0,
      "stat_error": 12.041594578792296,
      "systematics": {},
      "syst_error": 0.0,
      "total_error": 12.041594578792296
    },
    "nonprompt_Muon_E": {
      "events": 53.037328243255615,
      "stat_error": 4.608164189716601,
      "systematics": {
        "nonprompt_rate": 15.911198472976684
      },
      "syst_error": 15.911198472976684,
      "total_error": 16.5650660742975
    },
    "nonprompt_Muon_F": {
      "events": 162.6096538491547,
      "stat_error": 7.811630574735579,
      "systematics": {
        "nonprompt_rate": 48.78289615474641
      },
      "syst_error": 48.78289615474641,
      "total_error": 49.40437763478977
    },
    "nonprompt_Muon_G": {
      "events": 34.98279096931219,
      "stat_error": 3.879375412538072,
      "systematics": {
        "nonprompt_rate": 10.494837290793656
      },
      "syst_error": 10.494837290793656,
      "total_error": 11.188885706433776
    },
    "TTG_PTG10to100": {
      "events": 0.05755084380507469,
      "stat_error": 0.05755084380507469,
      "systematics": {
        "PileupReweight": 0.012383688241243362,
        "MuonIDSF": 0.0011696070432662964,
        "DblMuTrigSF": 0.00012122094631195068,
        "JetEn": 0.0,
        "JetRes": 0.0,
        "MuonEn": 0.0,
        "ElectronEn": 0.0,
        "ElectronRes": 0.0,
        "UnclusteredEn": 0.0,
        "BtagSF_HFcorr": 0.0,
        "BtagSF_HFuncorr": 0.0,
        "BtagSF_LFcorr": 0.0,
        "BtagSF_LFuncorr": 0.0
      },
      "syst_error": 0.012439389438786455,
      "total_error": 0.058879861007698514
    },
    "TTG_PTG100to200": {
      "events": 0.03175566717982292,
      "stat_error": 0.03175566717982292,
      "systematics": {
        "PileupReweight": 0.0068561360239982605,
        "MuonIDSF": 0.0006945058703422546,
        "DblMuTrigSF": 6.04577362537384e-05,
        "JetEn": 0.00012110546231269836,
        "JetRes": 6.727874279022217e-06,
        "MuonEn": 0.0,
        "ElectronEn": 0.0,
        "ElectronRes": 0.0,
        "UnclusteredEn": 0.0,
        "BtagSF_HFcorr": 0.013485074043273926,
        "BtagSF_HFuncorr": 0.0109051913022995,
        "BtagSF_LFcorr": 0.0,
        "BtagSF_LFuncorr": 0.0
      },
      "syst_error": 0.01866220045468922,
      "total_error": 0.03683341042921067
    },
    "TTG_PTG200toInf": {
      "events": 0.0023740381002426147,
      "stat_error": 0.021006756556818242,
      "systematics": {
        "PileupReweight": 0.0040305749914926895,
        "MuonIDSF": 0.0004324497199522993,
        "DblMuTrigSF": 3.43583733196873e-05,
        "JetEn": 7.032528440578423e-05,
        "JetRes": 1.6613088121469006e-05,
        "MuonEn": 0.004546815188245408,
        "ElectronEn": 0.0,
        "ElectronRes": 0.0,
        "UnclusteredEn": 0.0,
        "BtagSF_HFcorr": 0.002107085660099983,
        "BtagSF_HFuncorr": 0.001320485956966877,
        "BtagSF_LFcorr": 4.6293107331773154e-05,
        "BtagSF_LFuncorr": 2.592384633421005e-05
      },
      "syst_error": 0.006580181323920641,
      "total_error": 0.022013237092556384
    },
    "tZq": {
      "events": 9.956944154575467,
      "stat_error": 0.33097331321759577,
      "systematics": {
        "PileupReweight": 0.17036997634748596,
        "MuonIDSF": 0.0634628978124697,
        "DblMuTrigSF": 0.0016508318081913124,
        "JetEn": 0.11234685036861108,
        "JetRes": 0.04019908626398897,
        "MuonEn": 0.1500367458620121,
        "ElectronEn": 0.004802441795776494,
        "ElectronRes": 0.010776982450685932,
        "UnclusteredEn": 0.05246092881347804,
        "BtagSF_HFcorr": 0.15905556177406116,
        "BtagSF_HFuncorr": 0.07774452128346593,
        "BtagSF_LFcorr": 0.004422844990444248,
        "BtagSF_LFuncorr": 0.002153063507763542,
        "xsec": 0.34849304541014053
      },
      "syst_error": 0.47487981429874787,
      "total_error": 0.5788386408064393
    },
    "TTZ_M4to50": {
      "events": 0.1794316442683339,
      "stat_error": 0.029093314551401704,
      "systematics": {
        "PileupReweight": 0.009352515113020841,
        "MuonIDSF": 0.0011829797955488787,
        "DblMuTrigSF": 4.140375189782514e-05,
        "JetEn": 0.007555046287336031,
        "JetRes": 0.004509346681567352,
        "MuonEn": 0.01233748180615253,
        "ElectronEn": 0.0,
        "ElectronRes": 0.0,
        "UnclusteredEn": 0.003696111288792128,
        "BtagSF_HFcorr": 0.010256967061956829,
        "BtagSF_HFuncorr": 0.0034773365831456344,
        "BtagSF_LFcorr": 0.00012019462232042564,
        "BtagSF_LFuncorr": 5.860874677945116e-05,
        "xsec": 0.013457373320125036
      },
      "syst_error": 0.02511123939023047,
      "total_error": 0.03843169649261225
    },
    "TTHToNonbb": {
      "events": 0.4449082356877625,
      "stat_error": 0.01586070407935993,
      "systematics": {
        "PileupReweight": 0.00585750752943686,
        "MuonIDSF": 0.002147888958784734,
        "DblMuTrigSF": 6.407328297641363e-05,
        "JetEn": 0.0035911208638087187,
        "JetRes": 0.002390425987764849,
        "MuonEn": 0.005744604278049411,
        "ElectronEn": 0.0,
        "ElectronRes": 0.0,
        "UnclusteredEn": 0.001136891926569133,
        "BtagSF_HFcorr": 0.01117592473536427,
        "BtagSF_HFuncorr": 0.004798142303322677,
        "BtagSF_LFcorr": 0.0002785598495593863,
        "BtagSF_LFuncorr": 0.00013989220081373022,
        "xsec": 0.04449082356877629
      },
      "syst_error": 0.047109290212726536,
      "total_error": 0.049707616702472444
    },
    "TTZ_M50": {
      "events": 16.168008987791836,
      "stat_error": 0.3709894775228596,
      "systematics": {
        "PileupReweight": 0.13775170491696062,
        "MuonIDSF": 0.09105773026686213,
        "DblMuTrigSF": 0.003979176447867052,
        "JetEn": 0.10372212672365835,
        "JetRes": 0.05728852623202109,
        "MuonEn": 0.1680873056003465,
        "ElectronEn": 0.0022554397583007812,
        "ElectronRes": 0.013404951461850124,
        "UnclusteredEn": 0.046523774876176274,
        "BtagSF_HFcorr": 0.42137052447423895,
        "BtagSF_HFuncorr": 0.17557966119282908,
        "BtagSF_LFcorr": 0.010793500936000192,
        "BtagSF_LFuncorr": 0.005271801296830386,
        "xsec": 1.212600674084387
      },
      "syst_error": 1.3231975428598992,
      "total_error": 1.3742215723321909
    },
    "TTWToLNu": {
      "events": 0.8414236269891262,
      "stat_error": 0.22976998457688277,
      "systematics": {
        "PileupReweight": 0.04446745600570352,
        "MuonIDSF": 0.006051514543655478,
        "DblMuTrigSF": 0.00031503788339759867,
        "JetEn": 0.02686336445443651,
        "JetRes": 6.649641765267385e-05,
        "MuonEn": 0.04578356572581953,
        "ElectronEn": 0.0,
        "ElectronRes": 0.0,
        "UnclusteredEn": 0.0,
        "BtagSF_HFcorr": 0.012100129753846157,
        "BtagSF_HFuncorr": 0.008328294479518324,
        "BtagSF_LFcorr": 0.0007563605187397354,
        "BtagSF_LFuncorr": 0.00034928162230820064,
        "xsec": 0.10097083523869524
      },
      "syst_error": 0.12346429305511099,
      "total_error": 0.26084032945857755
    },
    "ZZTo4L_powheg": {
      "events": 67.60435435175896,
      "stat_error": 0.24645958518016978,
      "systematics": {
        "PileupReweight": 0.4197172879357679,
        "MuonIDSF": 0.45124127987591545,
        "DblMuTrigSF": 0.01176665975829521,