{
  "observed": 53.48215898498893,
  "expected": 59.867274101256044,
  "difference": -0.10665451554496537,
  "max_bin_difference": 8.354318822640634,
  "max_bin_difference_bin": 109,
  "max_bin_difference_filtered": 1.2977270585524046,
  "max_bin_difference_filtered_bin": 48,
  "snr_threshold": 3.0,
  "mass_range_min": 10.0,
  "mass_range_max": 160.0,
  "percentile_68_difference": 0.36976757661893084,
  "percentile_95_difference": 1.0,
  "rms_bin_difference": 0.48592331083441936,
  "chi2": 296.9721722788446,
  "ndf": 111,
  "chi2_per_ndf": 2.6754249754850865,
  "p_value": 6.81881697581975e-19,
  "closure_uncertainty_scale": 1.9000000000000001,
  "recommended_systematic_pct": 90.00000000000001
}