{
  "observed": 53.482159309089184,
  "expected": 59.86727369960863,
  "difference": -0.10665450413789578,
  "max_bin_difference": 6.2322160187432045,
  "max_bin_difference_bin": 149,
  "max_bin_difference_filtered": 1.1978847488241389,
  "max_bin_difference_filtered_bin": 45,
  "snr_threshold": 3.0,
  "mass_range_min": 10.0,
  "mass_range_max": 160.0,
  "percentile_68_difference": 0.37672932859008607,
  "percentile_95_difference": 0.8279892168483134,
  "rms_bin_difference": 0.40896309689920385,
  "chi2": 288.8848510735364,
  "ndf": 233,
  "chi2_per_ndf": 1.2398491462383538,
  "p_value": 0.007404373992376374,
  "closure_uncertainty_scale": 1.2000000000000002,
  "recommended_systematic_pct": 20.000000000000018
}