{
  "observed": 159.02634021826088,
  "expected": 180.17116959390114,
  "difference": -0.11735967204575452,
  "max_bin_difference": 25.391168529071702,
  "max_bin_difference_bin": 112,
  "max_bin_difference_filtered": 0.8488573317461804,
  "max_bin_difference_filtered_bin": 65,
  "snr_threshold": 3.0,
  "mass_range_min": 10.0,
  "mass_range_max": 160.0,
  "percentile_68_difference": 0.21616929135839133,
  "percentile_95_difference": 0.37881386883588947,
  "rms_bin_difference": 0.22993339161467596,
  "chi2": 41.9304481170038,
  "ndf": 25,
  "chi2_per_ndf": 1.677217924680152,
  "p_value": 0.01828456101689659,
  "closure_uncertainty_scale": 1.75,
  "recommended_systematic_pct": 75.0
}