{
  "observed": 159.0796092748642,
  "expected": 170.65143102407455,
  "difference": -0.06780969652447784,
  "max_bin_difference": 0.0,
  "max_bin_difference_bin": -1,
  "max_bin_difference_filtered": 0.0,
  "max_bin_difference_filtered_bin": -1,
  "snr_threshold": 3.0,
  "mass_range_min": 10.0,
  "mass_range_max": 160.0,
  "percentile_68_difference": 0.0,
  "percentile_95_difference": 0.0,
  "rms_bin_difference": 0.0,
  "chi2": 67.1216706263431,
  "ndf": 26,
  "chi2_per_ndf": 2.5816027163978115,
  "p_value": 1.7247967562144926e-05,
  "closure_uncertainty_scale": 2.85,
  "recommended_systematic_pct": 185.0
}