{
  "observed": 458.26245039422065,
  "expected": 473.5892116242321,
  "difference": -0.03236298643173578,
  "chi2": 477.14062901616205,
  "ndf": 280,
  "chi2_per_ndf": 1.7040736750577217,
  "p_value": 1.8605038041199182e-12,
  "closure_uncertainty_scale": 1.6,
  "recommended_systematic_pct": 60.00000000000001
}