{
  "hyperparameters": {
    "signal": "MHc145_MA92",
    "channel": "Combined",
    "iteration": 1,
    "model_idx": 15,
    "num_hidden": 64,
    "optimizer": "Adadelta",
    "initial_lr": 0.0001,
    "weight_decay": 0.00016,
    "scheduler": "CyclicLR",
    "pilot_mode": false,
    "num_classes": 4,
    "model_type": "ParticleNet",
    "num_node_features": 9,
    "num_graph_features": 4,
    "dropout_p": 0.4,
    "batch_size": 1024,
    "train_folds": [
      0,
      1,
      2
    ],
    "valid_folds": [
      3
    ]
  },
  "training_summary": {
    "best_epoch": 32,
    "best_train_loss": 1.3664547557969382,
    "best_valid_loss": 1.3722343945261035,
    "best_train_acc": 0.2986432660230976,
    "best_valid_acc": 0.29176664498912386,
    "total_epochs": 40
  },
  "epoch_history": {
    "train_loss": [
      1.426298187092335,
      1.422456362396675,
      1.4218455139715975,
      1.4129982955489009,
      1.4105505055986007,
      1.40946845388839,
      1.4072455873096072,
      1.4075124497723954,
      1.402965281021926,
      1.4033840732954619,
      1.4034795854384017,
      1.3981293078821608,
      1.4028130860314236,
      1.3943973449512412,
      1.3869504725652861,
      1.3912094060326388,
      1.3901120298179555,
      1.3887480186756829,
      1.3891686697533845,
      1.3841926903291428,
      1.3787998287830425,
      1.3804445197106738,
      1.3813560557800568,
      1.3799822363887289,
      1.3818558596181176,
      1.3838661656838585,
      1.3738629332609817,
      1.3766712855330947,
      1.3719078996192013,
      1.3704001961376575,
      1.378840318321975,
      1.3706974764114983,
      1.3664547557969382,
      1.3711006679833364,
      1.3728467705990095,
      1.3671757659639372,
      1.3658312323982509,
      1.3680523163473441,
      1.3708895122400495,
      1.3700835186240257
    ],
    "valid_loss": [
      1.4221057840091127,
      1.4186726307228976,
      1.4179116875421784,
      1.4103121496702753,
      1.4081425902805675,
      1.406800385031331,
      1.4049857207189145,
      1.4051850305884503,
      1.4016711849877928,
      1.4017933052584297,
      1.4016993909755446,
      1.397203786031013,
      1.4008193085878153,
      1.3941116365514818,
      1.3881604347317116,
      1.3914360878052827,
      1.390659884808964,
      1.3895391525355125,
      1.3897671496675925,
      1.385397644364617,
      1.3814991146076783,
      1.382771272731801,
      1.383181188484698,
      1.3821479589147347,
      1.383468671044244,
      1.3858482561527838,
      1.3775354245553075,
      1.379699897453875,
      1.3762765484520456,
      1.3747612421931719,
      1.3818573811748587,
      1.3757579530493482,
      1.3722343945261035,
      1.3758780737968788,
      1.3775293818448944,
      1.3723239923917343,
      1.3728205206693977,
      1.373435251952271,
      1.3753743985971032,
      1.3751127851136884
    ],
    "train_acc": [
      0.20918434170281286,
      0.21726426650847092,
      0.20338297495319616,
      0.22159217855574473,
      0.2162184025824942,
      0.21863756481274604,
      0.2241365362835813,
      0.21913449463392837,
      0.22424247093538371,
      0.2263457552948065,
      0.2228267987703876,
      0.23442953226962102,
      0.22499942217462654,
      0.24275599590129202,
      0.25770819048206045,
      0.24915444887015878,
      0.2523190058321841,
      0.25478824626146984,
      0.2565506136505466,
      0.26577848486482736,
      0.2789451990415803,
      0.27862161683243836,
      0.2745518001186468,
      0.2788045948673698,
      0.27437652642202826,
      0.27982541969382957,
      0.2916727659344977,
      0.2891765603211168,
      0.2943846930206399,
      0.29797876684360963,
      0.2902725024461274,
      0.2962356603003151,
      0.2986432660230976,
      0.29579266084732314,
      0.2947102013143601,
      0.29987403406858404,
      0.2958581477229828,
      0.29731234157954345,
      0.2980326972118,
      0.2961374299868256
    ],
    "valid_acc": [
      0.21812279954252908,
      0.22549503285268988,
      0.21227546924405175,
      0.22802345659632678,
      0.22269190231650707,
      0.22578095216738053,
      0.22989034153342452,
      0.22551745789697936,
      0.22938017177583925,
      0.2318020765591012,
      0.22873545175251722,
      0.2387482340277622,
      0.23070324938891754,
      0.24570560401856795,
      0.25797770950597626,
      0.25098670194873635,
      0.252836768102617,
      0.25567914246630635,
      0.2576693651469962,
      0.2661292131051959,
      0.27585046980467787,
      0.2761307828582961,
      0.2727838449980939,
      0.2770502096741641,
      0.27329401475567916,
      0.2775099230820981,
      0.2866088848025475,
      0.28472518108223266,
      0.2890980647186778,
      0.29227120848563676,
      0.2857287018141861,
      0.29005673536205234,
      0.29176664498912386,
      0.2897820285695064,
      0.2880609064202902,
      0.293302760522952,
      0.28804969389814544,
      0.29046599242033505,
      0.291676944811966,
      0.28921018994012515
    ],
    "epoch": [
      0,
      1,
      2,
      3,
      4,
      5,
      6,
      7,
      8,
      9,
      10,
      11,
      12,
      13,
      14,
      15,
      16,
      17,
      18,
      19,
      20,
      21,
      22,
      23,
      24,
      25,
      26,
      27,
      28,
      29,
      30,
      31,
      32,
      33,
      34,
      35,
      36,
      37,
      38,
      39
    ],
    "timestamp": [
      1762476855.1206686,
      1762477079.603096,
      1762477303.3224592,
      1762477527.9004118,
      1762477752.869903,
      1762477977.8983037,
      1762478202.07756,
      1762478427.6114266,
      1762478652.988503,
      1762478877.7648115,
      1762479101.9140449,
      1762479325.5267005,
      1762479547.182334,
      1762479767.4104052,
      1762479986.62511,
      1762480204.9863925,
      1762480424.3655179,
      1762480643.673998,
      1762480863.265442,
      1762481080.5264463,
      1762481298.4355667,
      1762481517.1988592,
      1762481736.038414,
      1762481955.495866,
      1762482173.6609223,
      1762482392.4198208,
      1762482610.7161565,
      1762482829.1299458,
      1762483046.1331697,
      1762483262.5013654,
      1762483478.748091,
      1762483694.9922569,
      1762483910.6335602,
      1762484126.3127844,
      1762484342.265515,
      1762484558.920278,
      1762484775.1469107,
      1762484992.001526,
      1762485208.4480305,
      1762485423.616149
    ]
  }
}