{
  "syst": "ljet",
  "observed": 53.28512869775295,
  "expected": 108.04199728695676,
  "difference": -0.5068109620721929,
  "max_bin_difference": 3.931513240113315,
  "max_bin_difference_bin": 15,
  "max_bin_difference_filtered": 0.7880477050664076,
  "max_bin_difference_filtered_bin": 96,
  "snr_threshold": 3.0,
  "mass_range_min": 10.0,
  "mass_range_max": 160.0,
  "percentile_68_difference": 0.5542396314566203,
  "percentile_95_difference": 0.6736741271337274,
  "rms_bin_difference": 0.49429883347362513,
  "chi2": 30.06443585896268,
  "ndf": 18,
  "chi2_per_ndf": 1.6702464366090377,
  "p_value": 0.03682472806213081,
  "closure_uncertainty_scale": 1.8,
  "recommended_systematic_pct": 80.0
}