{
  "syst": "ljet",
  "observed": 53.285128235816956,
  "expected": 108.04199796915054,
  "difference": -0.5068109694617868,
  "max_bin_difference": 0.0,
  "max_bin_difference_bin": -1,
  "max_bin_difference_filtered": 0.0,
  "max_bin_difference_filtered_bin": -1,
  "snr_threshold": 3.0,
  "mass_range_min": 10.0,
  "mass_range_max": 160.0,
  "percentile_68_difference": 0.0,
  "percentile_95_difference": 0.0,
  "rms_bin_difference": 0.0,
  "chi2": 21.538010266642427,
  "ndf": 16,
  "chi2_per_ndf": 1.3461256416651517,
  "p_value": 0.15874468578317594,
  "closure_uncertainty_scale": 1.4500000000000002,
  "recommended_systematic_pct": 45.000000000000014
}