{
  "hyperparameters": {
    "signal": "MHc115_MA87",
    "channel": "Combined",
    "iteration": 0,
    "model_idx": 4,
    "num_hidden": 96,
    "optimizer": "RMSprop",
    "initial_lr": 0.0002,
    "weight_decay": 3e-05,
    "scheduler": "CyclicLR",
    "pilot_mode": false,
    "num_classes": 4,
    "model_type": "ParticleNet",
    "num_node_features": 9,
    "num_graph_features": 4,
    "dropout_p": 0.4,
    "batch_size": 256,
    "train_folds": [
      0,
      1,
      2
    ],
    "valid_folds": [
      3
    ],
    "loss_type": "disco",
    "disco_lambda": 0.05
  },
  "training_summary": {
    "best_epoch": 32,
    "best_train_loss": 0.6562922237129559,
    "best_valid_loss": 0.6377214243714239,
    "best_train_acc": 0.5696272104978561,
    "best_valid_acc": 0.5822627171874046,
    "total_epochs": 40
  },
  "epoch_history": {
    "train_loss": [
      0.8889607623717705,
      0.725451326225304,
      0.702936366118921,
      0.6974110704787234,
      0.6913641747007979,
      0.6874963638630319,
      0.6832518789181231,
      0.6802534016432371,
      0.6771429461911094,
      0.678892150693389,
      0.6818343049487082,
      0.6828219984802432,
      0.6799976847454408,
      0.6790594129939209,
      0.6743990727108663,
      0.6720686057418314,
      0.6666098736702127,
      0.6703556884023556,
      0.6712884688449848,
      0.6739258554568769,
      0.672399494205927,
      0.6690558065397036,
      0.6670103681848404,
      0.6646306278495441,
      0.6593131114646656,
      0.6622636510970744,
      0.6662011421922492,
      0.6671143320193769,
      0.6678458634118541,
      0.6647134427241641,
      0.6634124477583586,
      0.6602813627944529,
      0.6562922237129559,
      0.6594306551576747,
      0.6634067338288374,
      0.6655098309270516,
      0.6655609594652355,
      0.6635319208301672,
      0.6597968660951747,
      0.6575438711056231
    ],
    "valid_loss": [
      0.8014678955078125,
      0.7101462995502311,
      0.6967737976933869,
      0.6881643483336543,
      0.6834456752723371,
      0.680573691784496,
      0.6750104662398217,
      0.6692705826020576,
      0.667204306159221,
      0.671434268145494,
      0.674482802270164,
      0.6704602308676276,
      0.6677921993631712,
      0.6650054286903059,
      0.6592293322925836,
      0.655791484134298,
      0.6524477676606514,
      0.6549952869683924,
      0.660919189453125,
      0.658019804618728,
      0.6557722494635784,
      0.6493757006148217,
      0.6492238111898933,
      0.6478560004435795,
      0.6422575829734265,
      0.6445834737428477,
      0.6509460664131272,
      0.6438950014785981,
      0.6489133163237236,
      0.6434029055313325,
      0.6450957177390515,
      0.6416536787865867,
      0.6377214243714239,
      0.6441554754552706,
      0.6466576482208681,
      0.6487649192272777,
      0.6446759935835717,
      0.6422224447760784,
      0.6398887096996039,
      0.6441416135976012
    ],
    "train_acc": [
      0.39226124063134193,
      0.49946290254592896,
      0.5240022614598274,
      0.5303937718272209,
      0.534593753516674,
      0.5382904186844826,
      0.5429595187306404,
      0.5460619926452637,
      0.5466935560107231,
      0.5474476218223572,
      0.5454011484980583,
      0.5435526669025421,
      0.545268677175045,
      0.5474912449717522,
      0.5510515347123146,
      0.5545479729771614,
      0.5604698807001114,
      0.5566170811653137,
      0.556030735373497,
      0.5531070604920387,
      0.5532324463129044,
      0.5573242008686066,
      0.5602105632424355,
      0.5629361867904663,
      0.5653546676039696,
      0.5645110458135605,
      0.5609808713197708,
      0.5613606199622154,
      0.5598245486617088,
      0.5626434683799744,
      0.565511479973793,
      0.5669850707054138,
      0.5696272104978561,
      0.568556472659111,
      0.563691757619381,
      0.5630015283823013,
      0.561786912381649,
      0.5648910254240036,
      0.5680599138140678,
      0.5698068886995316
    ],
    "valid_acc": [
      0.45532306283712387,
      0.5212126970291138,
      0.5323714017868042,
      0.5396688506007195,
      0.5356156192719936,
      0.5414445176720619,
      0.5484374761581421,
      0.5532013922929764,
      0.5530264116823673,
      0.5486313179135323,
      0.5507965385913849,
      0.5535912811756134,
      0.5500920303165913,
      0.5594806522130966,
      0.5627746358513832,
      0.5635860003530979,
      0.5679308250546455,
      0.5684715248644352,
      0.5619555674493313,
      0.5647557526826859,
      0.5652915202081203,
      0.5682777650654316,
      0.5712166652083397,
      0.5723421387374401,
      0.5781596601009369,
      0.579194650053978,
      0.5727389603853226,
      0.5775261223316193,
      0.5708836540579796,
      0.5778616443276405,
      0.578415609896183,
      0.5775683894753456,
      0.5822627171874046,
      0.5781700871884823,
      0.5742993578314781,
      0.5700384713709354,
      0.5752063766121864,
      0.5820813775062561,
      0.5857682675123215,
      0.5737982764840126
    ],
    "epoch": [
      0,
      1,
      2,
      3,
      4,
      5,
      6,
      7,
      8,
      9,
      10,
      11,
      12,
      13,
      14,
      15,
      16,
      17,
      18,
      19,
      20,
      21,
      22,
      23,
      24,
      25,
      26,
      27,
      28,
      29,
      30,
      31,
      32,
      33,
      34,
      35,
      36,
      37,
      38,
      39
    ],
    "timestamp": [
      1766987344.9933372,
      1766987630.6297987,
      1766987951.0658078,
      1766988273.023062,
      1766988593.1796227,
      1766988915.356381,
      1766989236.4492774,
      1766989558.5357904,
      1766989882.6265182,
      1766990198.3898952,
      1766990500.8588762,
      1766990804.2731752,
      1766991107.438878,
      1766991410.910069,
      1766991713.8756566,
      1766992016.9236548,
      1766992311.4426422,
      1766992592.1106522,
      1766992872.4498813,
      1766993154.345831,
      1766993422.5665822,
      1766993682.4331672,
      1766993943.1322174,
      1766994202.8430316,
      1766994462.7438354,
      1766994722.6702034,
      1766994982.7001054,
      1766995242.6369655,
      1766995502.6810281,
      1766995762.8761523,
      1766996022.6608047,
      1766996282.7630446,
      1766996532.5750961,
      1766996769.0037427,
      1766996989.3976238,
      1766997190.9832234,
      1766997391.043224,
      1766997590.1480696,
      1766997773.6676311,
      1766997956.7009614
    ],
    "train_ce_loss": [
      0.8583542523775419,
      0.6948565185975883,
      0.6733479850718859,
      0.6681334819474843,
      0.6621451417725862,
      0.658257900327897,
      0.6544345583959191,
      0.6515230742087843,
      0.6482940357506819,
      0.6503726767913911,
      0.6529617515559617,
      0.6539934390221686,
      0.6509335880855659,
      0.6503209045773943,
      0.646185839176178,
      0.643780317368116,
      0.6380079338434619,
      0.6417548846328874,
      0.6426151919328695,
      0.6455660736126015,
      0.6436075666755167,
      0.6403121472673213,
      0.6382024259733936,
      0.6360211437052868,
      0.6306704315280479,
      0.6340068498462167,
      0.6376712609931691,
      0.6385353924112117,
      0.6390131975742097,
      0.6362046723488979,
      0.6346753951445177,
      0.6316431536862915,
      0.6275504012781798,
      0.630578247256192,
      0.634778137772279,
      0.6367982255289257,
      0.6371608405671221,
      0.6347291279527554,
      0.6313079520199436,
      0.6292864646773932
    ],