{
  "hyperparameters": {
    "signal": "MHc115_MA87",
    "channel": "Combined",
    "iteration": 0,
    "model_idx": 3,
    "num_hidden": 256,
    "optimizer": "RMSprop",
    "initial_lr": 0.0002,
    "weight_decay": 1e-05,
    "scheduler": "ReduceLROnPlateau",
    "pilot_mode": false,
    "num_classes": 4,
    "model_type": "ParticleNet",
    "num_node_features": 9,
    "num_graph_features": 4,
    "dropout_p": 0.4,
    "batch_size": 256,
    "train_folds": [
      0,
      1,
      2
    ],
    "valid_folds": [
      3
    ],
    "loss_type": "disco",
    "disco_lambda": 0.05
  },
  "training_summary": {
    "best_epoch": 27,
    "best_train_loss": 0.646279415606003,
    "best_valid_loss": 0.6258499790245379,
    "best_train_acc": 0.5803538858890533,
    "best_valid_acc": 0.5991987213492393,
    "total_epochs": 35
  },
  "epoch_history": {
    "train_loss": [
      0.7400061146466566,
      0.6944197170640197,
      0.6804654848974164,
      0.6727634047302432,
      0.6658238744300912,
      0.6617752956401975,
      0.6593085106382979,
      0.6566204407294833,
      0.6563975232712767,
      0.6543005111369681,
      0.6545023538421353,
      0.6529713917648177,
      0.6515619805518617,
      0.650869259356003,
      0.6507437755271657,
      0.6512169185742781,
      0.6504692842895137,
      0.6497857647463906,
      0.6501838846409574,
      0.6494666751757219,
      0.6502016942914134,
      0.6489247423537234,
      0.6478672943579027,
      0.6475884991213906,
      0.6475882765007599,
      0.6480493980338146,
      0.6478818389057751,
      0.646279415606003,
      0.6466298204787234,
      0.6463052395991641,
      0.6483058570003799,
      0.6465519774648556,
      0.6460592438022417,
      0.6456737390767477,
      0.6456149672302431
    ],
    "valid_loss": [
      0.6913515547631492,
      0.6741697284537302,
      0.6631499814315581,
      0.6521029405190911,
      0.6476280319858605,
      0.6405789012640295,
      0.6393101651903609,
      0.6409429630763094,
      0.6386743464940031,
      0.6337610164158781,
      0.6407326711735255,
      0.6340430353728819,
      0.632997432225187,
      0.6327971337546765,
      0.6320012052294234,
      0.6292511845978213,
      0.6287335677885674,
      0.6319987337354204,
      0.6322124105104259,
      0.6299461042377311,
      0.6282406659193442,
      0.6349671054893816,
      0.6309395373707086,
      0.6271499848701585,
      0.6270100230902014,
      0.6310547304825044,
      0.6265678943043024,
      0.6258499790245379,
      0.6279105602855414,
      0.6280195746623295,
      0.6266174853687555,
      0.628235400562555,
      0.6278308814680073,
      0.629729902240592,
      0.6281318127269476
    ],
    "train_acc": [
      0.5008802637457848,
      0.5332312881946564,
      0.5433659180998802,
      0.5518001019954681,
      0.5592625513672829,
      0.5661865696310997,
      0.5667355209589005,
      0.5705242305994034,
      0.5711300894618034,
      0.5725545212626457,
      0.57089713960886,
      0.5744367241859436,
      0.575491301715374,
      0.5742807611823082,
      0.5760267451405525,
      0.5785191357135773,
      0.577871210873127,
      0.5776888579130173,
      0.576437309384346,
      0.5777895823121071,
      0.5776547119021416,
      0.5777626112103462,
      0.5793200880289078,
      0.5788228660821915,
      0.5807523280382156,
      0.581105574965477,
      0.5795629769563675,
      0.5803538858890533,
      0.5804586410522461,
      0.5805342495441437,
      0.5800612568855286,
      0.581332691013813,
      0.5818697139620781,
      0.5811550915241241,
      0.5809853672981262
    ],
    "valid_acc": [
      0.534884724766016,
      0.5483284667134285,
      0.5602354779839516,
      0.5691458210349083,
      0.5771193578839302,
      0.5834359601140022,
      0.5831298306584358,
      0.5815064981579781,
      0.58458461612463,
      0.5915537551045418,
      0.5875614508986473,
      0.5880691036581993,
      0.5902035087347031,
      0.5904479548335075,
      0.5903809145092964,
      0.5932647362351418,
      0.5948095321655273,
      0.5903267934918404,
      0.5926139280200005,
      0.5922340750694275,
      0.5998878106474876,
      0.5881090611219406,
      0.5926981791853905,
      0.593828946352005,
      0.595250777900219,
      0.5986770316958427,
      0.5972618088126183,
      0.5991987213492393,
      0.5991852059960365,
      0.599524199962616,
      0.5979227051138878,
      0.5984024778008461,
      0.5961704105138779,
      0.5945965498685837,
      0.5931454598903656
    ],
    "epoch": [
      0,
      1,
      2,
      3,
      4,
      5,
      6,
      7,
      8,
      9,
      10,
      11,
      12,
      13,
      14,
      15,
      16,
      17,
      18,
      19,
      20,
      21,
      22,
      23,
      24,
      25,
      26,
      27,
      28,
      29,
      30,
      31,
      32,
      33,
      34
    ],
    "timestamp": [
      1766987302.842785,
      1766987562.4044728,
      1766987884.1624043,
      1766988207.1678762,
      1766988527.9418185,
      1766988850.7034826,
      1766989174.5955317,
      1766989497.5122194,
      1766989820.5046775,
      1766990139.5519342,
      1766990441.5866961,
      1766990743.3575737,
      1766991044.6604624,
      1766991346.7691026,
      1766991650.0385668,
      1766991951.9522429,
      1766992250.6912067,
      1766992532.0083249,
      1766992813.434739,
      1766993094.3763585,
      1766993368.2135592,
      1766993629.2154663,
      1766993890.1591597,
      1766994150.8689718,
      1766994411.96414,
      1766994673.3101501,
      1766994934.2777143,
      1766995195.5317485,
      1766995456.9522765,
      1766995717.8403761,
      1766995979.376027,
      1766996241.007082,
      1766996495.3138726,
      1766996734.4726472,
      1766996957.7718182
    ],
    "train_ce_loss": [
      0.7101544980763664,
      0.6651514563335836,
      0.6516037220469362,
      0.6439088935910025,
      0.6373495806133131,
      0.6333523484892396,
      0.6307653974979481,
      0.6282754254739698,
      0.6280242292895506,
      0.6258022439968984,
      0.6261834696252295,
      0.624529193500255,
      0.6230484194306255,
      0.62242631732874,
      0.6226566833203324,
      0.6226400637155608,
      0.6216750596250806,
      0.6211829074972669,
      0.6216093472615564,
      0.6211705824343267,
      0.6218907242125653,
      0.6206437239530963,
      0.6195149283641015,
      0.6192091652959314,
      0.6191260420623884,
      0.619842717368552,
      0.6197648615097927,
      0.6180196442412026,
      0.6182287862122421,
      0.6182001656130817,
      0.6200992451431541,
      0.6182719532389046,
      0.6176717621848938,
      0.6174317078206315,
      0.6174042389385606
    ],
    "valid_ce_loss": [
      0.6618828488592531,
      0.6451262819620085,
      0.6352033011720214,
      0.6235801180378652,
      0.6194265205675448,
      0.6124787638619752,
      0.6116352390340516,
      0.6127373867891204,
      0.6103330329585244,
      0.6057602291480756,
      0.6120843432948623,
      0.6061662553061902,
      0.6044386567049463,
      0.6040528728823427,
      0.6040206966055951,
      0.6009850204515625,
      0.60084977971626,
      0.6039037561752427,
      0.6038536813477395,
      0.6023426237450519,
      0.6000466486832625,
      0.6063565646468754,
      0.6030773908739359,
      0.5998334999025707,
      0.5983861131514882,
      0.6034635253985163,
      0.5988140599933308,
      0.5978213968411298,
      0.5996481776762177,
      0.5997054885390779,
      0.5989857242560722,
      0.6007724577482317,
      0.6001856996559761,
      0.6019124500978161,
      0.6001309749316162
    ],