{
  "Central": {
    "ptcorr_10to15_EB1": 199.21495841816068,
    "ptcorr_10to15_EB2": 99.41680525802076,
    "ptcorr_10to15_EE": 100.48864764720201,
    "ptcorr_15to20_EB1": 179.25390364415944,
    "ptcorr_15to20_EB2": 97.97332333400846,
    "ptcorr_15to20_EE": 104.42129679396749,
    "ptcorr_20to25_EB1": 160.49648939073086,
    "ptcorr_20to25_EB2": 87.34977220743895,
    "ptcorr_20to25_EE": 90.36697279568762,
    "ptcorr_25to35_EB1": 304.00492503494024,
    "ptcorr_25to35_EB2": 178.40825354494154,
    "ptcorr_25to35_EE": 153.4847266227007,
    "ptcorr_35to50_EB1": 400.0260713901371,
    "ptcorr_35to50_EB2": 228.83925316669047,
    "ptcorr_35to50_EE": 162.56133170239627,
    "ptcorr_50to100_EB1": 496.4934336775914,
    "ptcorr_50to100_EB2": 288.61049156636,
    "ptcorr_50to100_EE": 176.76515900716186
  },
  "MotherJetPt_Up": {
    "ptcorr_10to15_EB1": 132.8727782741189,
    "ptcorr_10to15_EB2": 64.85767794959247,
    "ptcorr_10to15_EE": 67.5595119278878,
    "ptcorr_15to20_EB1": 120.58478350751102,
    "ptcorr_15to20_EB2": 63.75418899208307,
    "ptcorr_15to20_EE": 69.56411642208695,
    "ptcorr_20to25_EB1": 105.31276329606771,
    "ptcorr_20to25_EB2": 58.07011447660625,
    "ptcorr_20to25_EE": 60.5467295255512,
    "ptcorr_25to35_EB1": 199.03516872785985,
    "ptcorr_25to35_EB2": 114.43034519813955,
    "ptcorr_25to35_EE": 100.68191774562001,
    "ptcorr_35to50_EB1": 256.4681708775461,
    "ptcorr_35to50_EB2": 145.90037857554853,
    "ptcorr_35to50_EE": 105.0240257717669,
    "ptcorr_50to100_EB1": 331.8206745153293,
    "ptcorr_50to100_EB2": 190.00658264011145,
    "ptcorr_50to100_EE": 117.156873466447
  },
  "MotherJetPt_Down": {
    "ptcorr_10to15_EB1": 226.23755656927824,
    "ptcorr_10to15_EB2": 112.18406626023352,
    "ptcorr_10to15_EE": 113.74818652775139,
    "ptcorr_15to20_EB1": 204.68832330591977,
    "ptcorr_15to20_EB2": 112.5628844499588,
    "ptcorr_15to20_EE": 118.03817161917686,
    "ptcorr_20to25_EB1": 183.18619649857283,
    "ptcorr_20to25_EB2": 100.57764548808336,
    "ptcorr_20to25_EE": 104.29646482225507,
    "ptcorr_25to35_EB1": 347.1125135216862,
    "ptcorr_25to35_EB2": 203.07584532350302,
    "ptcorr_25to35_EE": 175.7545403726399,
    "ptcorr_35to50_EB1": 450.1681759636849,
    "ptcorr_35to50_EB2": 260.4625904839486,
    "ptcorr_35to50_EE": 186.91254131868482,
    "ptcorr_50to100_EB1": 552.713457246311,
    "ptcorr_50to100_EB2": 324.74517749249935,
    "ptcorr_50to100_EE": 201.22775308415294
  },
  "RequireHeavyTag": {
    "ptcorr_10to15_EB1": 96.7762761618942,
    "ptcorr_10to15_EB2": 47.526633528992534,
    "ptcorr_10to15_EE": 46.411242770031095,
    "ptcorr_15to20_EB1": 91.76739262416959,
    "ptcorr_15to20_EB2": 50.342906195670366,
    "ptcorr_15to20_EE": 53.41985804773867,
    "ptcorr_20to25_EB1": 87.5215200483799,
    "ptcorr_20to25_EB2": 47.182350780814886,
    "ptcorr_20to25_EE": 47.892953428439796,
    "ptcorr_25to35_EB1": 180.93223422393203,
    "ptcorr_25to35_EB2": 102.64774690195918,
    "ptcorr_25to35_EE": 81.34858532063663,
    "ptcorr_35to50_EB1": 250.82612946256995,
    "ptcorr_35to50_EB2": 138.6661624275148,
    "ptcorr_35to50_EE": 91.24225933663547,
    "ptcorr_50to100_EB1": 315.20950192958117,
    "ptcorr_50to100_EB2": 175.7662894744426,
    "ptcorr_50to100_EE": 100.52731881849468
  },
  "L1Prefire_Up": {
    "ptcorr_10to15_EB1": 198.61396115738899,
    "ptcorr_10to15_EB2": 99.14109173230827,
    "ptcorr_10to15_EE": 100.2029009014368,
    "ptcorr_15to20_EB1": 178.71660698018968,
    "ptcorr_15to20_EB2": 97.70293436385691,
    "ptcorr_15to20_EE": 104.03535610996187,
    "ptcorr_20to25_EB1": 160.098407253623,
    "ptcorr_20to25_EB2": 87.11651820130646,
    "ptcorr_20to25_EE": 89.91837985441089,
    "ptcorr_25to35_EB1": 303.32028167694807,
    "ptcorr_25to35_EB2": 177.95646401122212,
    "ptcorr_25to35_EE": 152.3870564736426,
    "ptcorr_35to50_EB1": 399.1574921598658,
    "ptcorr_35to50_EB2": 228.26026679947972,
    "ptcorr_35to50_EE": 161.1701451074332,
    "ptcorr_50to100_EB1": 495.1054676140193,
    "ptcorr_50to100_EB2": 287.83287089318037,
    "ptcorr_50to100_EE": 174.89248514175415
  },
  "L1Prefire_Down": {
    "ptcorr_10to15_EB1": 199.7922976296395,
    "ptcorr_10to15_EB2": 99.67977408319712,
    "ptcorr_10to15_EE": 100.7603297829628,
    "ptcorr_15to20_EB1": 179.76741584949195,
    "ptcorr_15to20_EB2": 98.23256159573793,
    "ptcorr_15to20_EE": 104.79236975871027,
    "ptcorr_20to25_EB1": 160.8761309031397,
    "ptcorr_20to25_EB2": 87.5729157589376,
    "ptcorr_20to25_EE": 90.77054874319583,
    "ptcorr_25to35_EB1": 304.6543367076665,
    "ptcorr_25to35_EB2": 178.83876620605588,
    "ptcorr_25to35_EE": 154.55195413343608,
    "ptcorr_35to50_EB1": 400.84493480436504,
    "ptcorr_35to50_EB2": 229.3903665225953,
    "ptcorr_35to50_EE": 163.92989080771804,
    "ptcorr_50to100_EB1": 497.8154043983668,
    "ptcorr_50to100_EB2": 289.35264419578016,
    "ptcorr_50to100_EE": 178.6237642224878
  },
  "PileupReweight_Up": {
    "ptcorr_10to15_EB1": 195.5327781010419,
    "ptcorr_10to15_EB2": 96.96673231199384,
    "ptcorr_10to15_EE": 97.19135987386107,
    "ptcorr_15to20_EB1": 176.71004878915846,
    "ptcorr_15to20_EB2": 96.07774775475264,
    "ptcorr_15to20_EE": 102.08499132283032,
    "ptcorr_20to25_EB1": 158.8388825468719,
    "ptcorr_20to25_EB2": 86.22146919742227,
    "ptcorr_20to25_EE": 88.91094689816236,
    "ptcorr_25to35_EB1": 301.126366533339,
    "ptcorr_25to35_EB2": 176.54547031223774,
    "ptcorr_25to35_EE": 150.4313014689833,
    "ptcorr_35to50_EB1": 394.61658016592264,
    "ptcorr_35to50_EB2": 225.40217930823565,
    "ptcorr_35to50_EE": 159.45055855438113,
    "ptcorr_50to100_EB1": 490.1895516542718,
    "ptcorr_50to100_EB2": 285.3946478124708,
    "ptcorr_50to100_EE": 172.99606056325138
  },
  "PileupReweight_Down": {
    "ptcorr_10to15_EB1": 202.98997047170997,
    "ptcorr_10to15_EB2": 101.8872841084376,
    "ptcorr_10to15_EE": 103.98956336732954,
    "ptcorr_15to20_EB1": 181.4983851229772,
    "ptcorr_15to20_EB2": 99.78567797876894,
    "ptcorr_15to20_EE": 106.78639383520931,
    "ptcorr_20to25_EB1": 161.97044606227428,
    "ptcorr_20to25_EB2": 88.48314935807139,
    "ptcorr_20to25_EE": 91.80084294662811,
    "ptcorr_25to35_EB1": 306.6317408448085,
    "ptcorr_25to35_EB2": 180.29212533216923,
    "ptcorr_25to35_EE": 156.425849692896,
    "ptcorr_35to50_EB1": 405.1094770375639,
    "ptcorr_35to50_EB2": 232.20141019765288,
    "ptcorr_35to50_EE": 165.571798033081,
    "ptcorr_50to100_EB1": 502.5093542924151,
    "ptcorr_50to100_EB2": 291.5794192291796,
    "ptcorr_50to100_EE": 180.7880324376747
  },
  "PileupJetIDSF_Up": {
    "ptcorr_10to15_EB1": 199.34498812258244,
    "ptcorr_10to15_EB2": 99.49365025945008,
    "ptcorr_10to15_EE": 100.56087360158563,
    "ptcorr_15to20_EB1": 179.37485247291625,
    "ptcorr_15to20_EB2": 98.04132841899991,
    "ptcorr_15to20_EE": 104.48517578467727,
    "ptcorr_20to25_EB1": 160.59521047212183,
    "ptcorr_20to25_EB2": 87.40821059420705,
    "ptcorr_20to25_EE": 90.42331160511822,
    "ptcorr_25to35_EB1": 304.1817318685353,
    "ptcorr_25to35_EB2": 178.5239214953035,
    "ptcorr_25to35_EE": 153.58701548352838,
    "ptcorr_35to50_EB1": 400.26677031442523,
    "ptcorr_35to50_EB2": 228.981622768566,
    "ptcorr_35to50_EE": 162.66859232075512,
    "ptcorr_50to100_EB1": 496.765419353731,
    "ptcorr_50to100_EB2": 288.7841865904629,
    "ptcorr_50to100_EE": 176.8908462934196
  },
  "PileupJetIDSF_Down": {
    "ptcorr_10to15_EB1": 199.0850000102073,
    "ptcorr_10to15_EB2": 99.34000811167061,
    "ptcorr_10to15_EE": 100.41649954207242,
    "ptcorr_15to20_EB1": 179.13300684280694,
    "ptcorr_15to20_EB2": 97.90534910932183,
    "ptcorr_15to20_EE": 104.35744246467948,
    "ptcorr_20to25_EB1": 160.3978156298399,
    "ptcorr_20to25_EB2": 87.291365230456,
    "ptcorr_20to25_EE": 90.31065445579588,
    "ptcorr_25to35_EB1": 303.8281693737954,
    "ptcorr_25to35_EB2": 178.292611181736,
    "ptcorr_25to35_EE": 153.38246814906597,
    "ptcorr_35to50_EB1": 399.78547601401806,