process,threshold,initial_sensitivity,max_sensitivity,improvement
MHc-130_MA-90,0.52,2.3901678463905127,2.9842370505175677,0.24854706543901606
