{
  "hyperparameters": {
    "signal": "MHc115_MA87",
    "channel": "Run3Mu",
    "iteration": 0,
    "model_idx": 9,
    "num_hidden": 96,
    "optimizer": "RMSprop",
    "initial_lr": 0.0023,
    "weight_decay": 4e-05,
    "scheduler": "ReduceLROnPlateau",
    "pilot_mode": false,
    "num_classes": 4,
    "model_type": "ParticleNet",
    "num_node_features": 9,
    "num_graph_features": 4,
    "dropout_p": 0.3,
    "batch_size": 1024,
    "train_folds": [
      0,
      1,
      2
    ],
    "valid_folds": [
      3
    ]
  },
  "training_summary": {
    "best_epoch": 0,
    "best_train_loss": 0.8026125799862089,
    "best_valid_loss": 0.8161501212187581,
    "best_train_acc": 0.6893902862974218,
    "best_valid_acc": 0.6854790989486653,
    "total_epochs": 8
  },
  "epoch_history": {
    "train_loss": [
      0.8026125799862089,
      0.8228172796119071,
      0.8083525020403727,
      0.844903068866559,
      0.8175706371097874,
      0.8054287734789524,
      0.828930504710944,
      0.8073284290748798
    ],
    "valid_loss": [
      0.8161501212187581,
      0.8383564468244394,
      0.8230820849337463,
      0.8601212648287224,
      0.8337338635488712,
      0.8198793936565416,
      0.8447361978983281,
      0.8213273977848171
    ],
    "train_acc": [
      0.6893902862974218,
      0.6852330381874078,
      0.6920448374027373,
      0.6780719980903893,
      0.6860484675854799,
      0.6917020046106205,
      0.6855438305316631,
      0.6918910432530025
    ],
    "valid_acc": [
      0.6854790989486653,
      0.6804007554694529,
      0.6878419674629358,
      0.6741551630500864,
      0.6814018335535434,
      0.6876150023912392,
      0.6814504689260499,
      0.6876879554499988
    ],
    "epoch": [
      0,
      1,
      2,
      3,
      4,
      5,
      6,
      7
    ],
    "timestamp": [
      1761040715.2534504,
      1761041107.51571,
      1761041455.872574,
      1761041845.4599068,
      1761042230.596636,
      1761042626.3864157,
      1761042982.8211482,
      1761043366.3822706
    ]
  }
}