{
  "hyperparameters": {
    "signal": "MHc115_MA87",
    "channel": "Run3Mu",
    "iteration": 0,
    "model_idx": 6,
    "num_hidden": 128,
    "optimizer": "Adam",
    "initial_lr": 0.002,
    "weight_decay": 1e-05,
    "scheduler": "ExponentialLR",
    "pilot_mode": false,
    "num_classes": 4,
    "model_type": "ParticleNet",
    "num_node_features": 9,
    "num_graph_features": 4,
    "dropout_p": 0.3,
    "batch_size": 1024,
    "train_folds": [
      0,
      1,
      2
    ],
    "valid_folds": [
      3
    ]
  },
  "training_summary": {
    "best_epoch": 78,
    "best_train_loss": 0.6839706053320149,
    "best_valid_loss": 0.7052501788640233,
    "best_train_acc": 0.7318887363407566,
    "best_valid_acc": 0.7243549733721335,
    "total_epochs": 81
  },
  "epoch_history": {
    "train_loss": [
      0.7880914316428371,
      0.7810813112660923,
      0.7523644282135518,
      0.743219819704301,
      0.7368127711434633,
      0.7323433971698216,
      0.7265498643221578,
      0.7267782335725307,
      0.7214759866468712,
      0.7191416779992281,
      0.716823966964568,
      0.7123570894530067,
      0.7155665103618997,
      0.7148652639267593,
      0.7139958690882621,
      0.7115289313397202,
      0.7086621910288611,
      0.708511143950545,
      0.7076717089059479,
      0.7089725655605136,
      0.7041859873885261,
      0.7035788924762839,
      0.7073397752244308,
      0.7054298726595266,
      0.7029128744490326,
      0.7051894174976021,
      0.701724018657012,
      0.7030700716252165,
      0.7012397889572358,
      0.700102245500501,
      0.6992267310225084,
      0.6990300083634173,
      0.6986020296064721,
      0.6971960904911204,
      0.6975401806811231,
      0.6986485345545529,
      0.6966172342547263,
      0.6964602698919773,
      0.6956465600963719,
      0.699278274997873,
      0.6954024273915266,
      0.6970027259287124,
      0.6958016713873814,
      0.6934406019060806,
      0.694362501992046,
      0.6947506505845792,
      0.6937215148313387,
      0.6924933651475998,
      0.694139546362938,
      0.6918862145498258,
      0.6920983931951633,
      0.692405914173318,
      0.69150406933674,
      0.6907387836111338,
      0.6898848908620054,
      0.6912748487675217,
      0.6901399099660912,
      0.689606085040114,
      0.6910372664216933,
      0.6886358620372358,
      0.6884353053877246,
      0.6881643047315744,
      0.6887164173924256,
      0.6878754079970868,
      0.6892010034502712,
      0.687423894647259,
      0.6874099481349318,
      0.687758686477919,
      0.6866176334637659,
      0.6865446448385505,
      0.6864302133196541,
      0.6874861947793207,
      0.6859770853338536,
      0.6868929524620162,
      0.6848205778001493,
      0.6855804566512891,
      0.6851367314535369,
      0.6860394563072986,
      0.6839706053320149,
      0.6849761814118831,
      0.6853873884102228
    ],
    "valid_loss": [
      0.8024549175269471,
      0.7969182790201663,
      0.7666315279431588,
      0.7576238291493193,
      0.7514815861544119,
      0.7478631652007292,
      0.7419911487342518,
      0.7428456688748213,
      0.737280566722095,
      0.7351483224105337,
      0.7328991820728022,
      0.7289918369556448,
      0.7318846207143086,
      0.7315134116195541,
      0.7308768571465278,
      0.7283279102432458,
      0.7261221852278162,
      0.7258350154286695,
      0.725411608552964,
      0.7259670686975744,
      0.7217993117952304,
      0.7213346803262826,
      0.7249662053326374,
      0.7230640009304207,
      0.7203343829491603,
      0.7229610421068179,
      0.7196350058076683,
      0.7207681886141015,
      0.7192517024339565,
      0.7183116614850944,
      0.7176448303745602,
      0.7171056287741492,
      0.7172708761894293,
      0.716056072646333,
      0.7162756427705925,
      0.7180585395141187,
      0.7152148616300696,
      0.7152824264254629,
      0.7147820598019083,
      0.7182632989642312,
      0.7142569007846633,
      0.7161274479645844,
      0.714500949387169,
      0.7125451822036681,
      0.7133752894196502,
      0.7137782413275151,
      0.7130287346848447,
      0.7119548386072685,
      0.7135511043320724,
      0.7115909005264304,
      0.711680232599698,
      0.7116608002689321,
      0.7114695609516948,
      0.7103987045849003,
      0.7097121430599825,
      0.7113064634490452,
      0.7102252738466736,
      0.7094637337786309,
      0.7105005804125881,
      0.7085992571504921,
      0.7082000460064977,
      0.7082239859552538,
      0.7091207058306592,
      0.7081093348326759,
      0.7093247538380465,
      0.7083970122397755,
      0.7081617114637975,
      0.7081737003621562,
      0.7071953998243997,
      0.7073119559610344,
      0.7072552270617251,
      0.7080425767183421,
      0.7072817710986483,
      0.7075900706972609,
      0.7060336823761717,
      0.7065452895968874,
      0.7064458973870583,
      0.7070798821566666,
      0.7052501788640233,
      0.7062423772721521,
      0.7065352388604732
    ],
    "train_acc": [
      0.6942620363947447,
      0.6959025073252474,
      0.7054313365192219,
      0.7098096637194795,
      0.71017011875792,
      0.7111361382609406,
      0.7158605022981012,
      0.7159902661119397,
      0.7178502141102928,
      0.7186656435083649,
      0.7183981057687224,
      0.7207931292463606,
      0.7190805673081698,
      0.7204326742079201,
      0.7208988627243031,
      0.7212288793372754,
      0.7221692664820069,
      0.7228116774616276,
      0.7227860451033384,
      0.721427530114016,
      0.7242567016601759,
      0.7242438854810312,
      0.7232666518212592,
      0.7244297200786273,
      0.7239891639205333,
      0.7239779497637818,
      0.7248061953409984,
      0.7239683376294234,
      0.7254646265445498,
      0.7252483535214855,
      0.7264162278460329,
      0.7265075431224378,
      0.7258939685458924,
      0.7265668179509813,
      0.7261310678600665,
      0.7261454860616041,
      0.7271819945499198,
      0.7271948107290643,
      0.7273886554386257,
      0.7253797193577172,
      0.7274831747598168,
      0.7254550144101914,
      0.727395063528198,
      0.7284235619045483,
      0.7277619266562108,
      0.7272108309529951,
      0.7282473394413107,
      0.7286446409947919,
      0.728439582128479,
      0.7289698515405848,
      0.7289073726672551,
      0.7282665637100275,
      0.7294232238778233,
      0.7295369674677312,
      0.7301793784473519,
      0.7287359562711968,
      0.7292437973697996,
      0.7297676586923332,
      0.7285405095392423,
      0.7298990245285648,
      0.7304661404557113,
      0.7297820768938709,
      0.7300576247454786,
      0.7303956514704163,
      0.7293575409597075,
      0.7307897489791112,
      0.7307673206656082,
      0.7306872195459548,
      0.7306151285382667,
      0.7309547572855973,
      0.7309371350392736,
      0.7303556009105895,
      0.7308185853821865,
      0.7303940494480232,
      0.7314770165857378,
      0.7315779439965012,
      0.7313584669286507,
      0.7311261736816558,
      0.7318887363407566,
      0.7310540826739677,
      0.7312799678313904
    ],