{
  "hyperparameters": {
    "signal": "MHc130_MA100",
    "channel": "Combined",
    "iteration": 1,
    "model_idx": 5,
    "num_hidden": 128,
    "optimizer": "RMSprop",
    "initial_lr": 0.0003,
    "weight_decay": 0.00013,
    "scheduler": "CyclicLR",
    "pilot_mode": false,
    "num_classes": 4,
    "model_type": "ParticleNet",
    "num_node_features": 9,
    "num_graph_features": 4,
    "dropout_p": 0.4,
    "batch_size": 256,
    "train_folds": [
      0,
      1,
      2
    ],
    "valid_folds": [
      3
    ],
    "loss_type": "disco",
    "disco_lambda": 0.05
  },
  "training_summary": {
    "best_epoch": 8,
    "best_train_loss": 0.6787042085357774,
    "best_valid_loss": 0.6662867177831064,
    "best_train_acc": 0.5504903122782707,
    "best_valid_acc": 0.5645032525062561,
    "total_epochs": 16
  },
  "epoch_history": {
    "train_loss": [
      0.8324186830554329,
      0.7173506342480124,
      0.703257250027606,
      0.6987908137560733,
      0.6959836710468198,
      0.6925521580996025,
      0.6886434494395981,
      0.6842443028102915,
      0.6787042085357774,
      0.683924331934629,
      0.6895104074646643,
      0.6910754092590548,
      0.6900986742215106,
      0.6879225013112853,
      0.6865504396256625,
      0.6812438317827959
    ],
    "valid_loss": [
      0.7516486139580755,
      0.6974078187848082,
      0.6890957369662748,
      0.6952653639387376,
      0.6839091990253713,
      0.6759740244043936,
      0.6761318697787747,
      0.6709580223159035,
      0.6662867177831064,
      0.6709467821782178,
      0.6763648911277846,
      0.6769675075417698,
      0.6776570235148515,
      0.6736910678372525,
      0.6769843677482983,
      0.6678422078047649
    ],
    "train_acc": [
      0.42616552114486694,
      0.5085384398698807,
      0.5236197933554649,
      0.5314787551760674,
      0.533175490796566,
      0.5378120988607407,
      0.5410709455609322,
      0.5461361408233643,
      0.5504903122782707,
      0.544860303401947,
      0.5403013378381729,
      0.5395324528217316,
      0.5411001369357109,
      0.542540580034256,
      0.544458769261837,
      0.5490943193435669
    ],
    "valid_acc": [
      0.4571429544776038,
      0.5213187281042337,
      0.5393806248903275,
      0.52650436013937,
      0.5438038893043995,
      0.5563963130116463,
      0.5539906583726406,
      0.5583776980638504,
      0.5645032525062561,
      0.5595129653811455,
      0.5511640906333923,
      0.5565110072493553,
      0.5604144483804703,
      0.5560252666473389,
      0.5552522912621498,
      0.5623944699764252
    ],
    "epoch": [
      0,
      1,
      2,
      3,
      4,
      5,
      6,
      7,
      8,
      9,
      10,
      11,
      12,
      13,
      14,
      15
    ],
    "timestamp": [
      1767003228.276623,
      1767003535.6642346,
      1767003853.2482913,
      1767004170.647468,
      1767004487.9981446,
      1767004805.11901,
      1767005121.9114902,
      1767005439.9046419,
      1767005747.3782833,
      1767006026.8377655,
      1767006290.6289103,
      1767006547.4318426,
      1767006804.477804,
      1767007061.2893145,
      1767007304.720717,
      1767007527.2966397
    ],
    "train_ce_loss": [
      0.8030473030498086,
      0.6878922365790121,
      0.6740343903063043,
      0.6698552776141217,
      0.666937017503981,
      0.6633677119711684,
      0.6594990293676356,
      0.6553781989606446,
      0.6498334016479789,
      0.6551087384510377,
      0.6604507050118261,
      0.6619532612103034,
      0.6610916962893186,
      0.6589423603177492,
      0.6574389003190894,
      0.6524183318176876
    ],
    "valid_ce_loss": [
      0.7239014073763743,
      0.6696032004781288,
      0.66132018754978,
      0.6667886795383868,
      0.6560229507413241,
      0.6482163414506629,
      0.6486655250634298,
      0.6429495139582322,
      0.6382562920893773,
      0.6426602155855387,
      0.6486713890982146,
      0.6479954246837314,
      0.6500992743095549,
      0.645249944423685,
      0.6490765510809303,
      0.6401363289887362
    ],
    "train_disco_term": [
      0.5874280877543001,
      0.5891682814582919,
      0.5844567716542908,
      0.5787107481762714,
      0.5809331414766952,
      0.5836885721649804,
      0.5828886661217828,
      0.5773214089364972,
      0.5774163592619946,
      0.5763114921406385,
      0.581194482127685,
      0.5824431331755837,
      0.58014021635898,
      0.5796031572793482,
      0.5822306631310669,
      0.5765096260675693
    ],
    "valid_disco_term": [
      0.5549442428173406,
      0.5560931076507757,
      0.5555108934345812,
      0.5695328049140401,
      0.557725716345381,
      0.5551541043390141,
      0.5493270466823389,
      0.5601702526654347,
      0.5606087191860275,
      0.5657303896870943,
      0.553869898956601,
      0.5794416110704441,
      0.5511559335312041,
      0.5688237357847762,
      0.5581563041351809,
      0.5541174182207278
    ]
  }
}