{
  "hyperparameters": {
    "signal": "MHc115_MA87",
    "channel": "Combined",
    "iteration": 2,
    "model_idx": 14,
    "num_hidden": 128,
    "optimizer": "Adadelta",
    "initial_lr": 0.0009,
    "weight_decay": 0.00012,
    "scheduler": "ExponentialLR",
    "pilot_mode": false,
    "num_classes": 4,
    "model_type": "ParticleNet",
    "num_node_features": 9,
    "num_graph_features": 4,
    "dropout_p": 0.4,
    "batch_size": 1024,
    "train_folds": [
      0,
      1,
      2
    ],
    "valid_folds": [
      3
    ]
  },
  "training_summary": {
    "best_epoch": 6,
    "best_train_loss": 1.342635940054131,
    "best_valid_loss": 1.35798934023932,
    "best_train_acc": 0.3231141705894589,
    "best_valid_acc": 0.31346287533917877,
    "total_epochs": 14
  },
  "epoch_history": {
    "train_loss": [
      1.4017910697163944,
      1.3795070730264147,
      1.368752845976883,
      1.358166419707646,
      1.3521781198568639,
      1.347649245427206,
      1.342635940054131,
      1.3462101839765717,
      1.3447799629605484,
      1.3441988225848265,
      1.3522005822458927,
      1.3668651346133647,
      1.384180545417471,
      1.3939444128682323
    ],
    "valid_loss": [
      1.4015919253769094,
      1.3832373563154705,
      1.3748809143440066,
      1.3670632953458595,
      1.3639427602345908,
      1.3612988885401278,
      1.35798934023932,
      1.363061461913712,
      1.3635214264810471,
      1.3652774722765462,
      1.3748223757258904,
      1.3910090246062192,
      1.4089572622400008,
      1.4194941214547625
    ],
    "train_acc": [
      0.2781978782252286,
      0.3052863317333991,
      0.3374037920753176,
      0.31794455958150036,
      0.33931639406149605,
      0.3282105903834449,
      0.3231141705894589,
      0.3187573672735117,
      0.31266901392173935,
      0.30367227285684567,
      0.30590460488300963,
      0.29804040155011285,
      0.2973238980870128,
      0.29853540528671696
    ],
    "valid_acc": [
      0.27560379431749377,
      0.2974177561500684,
      0.32714775861682327,
      0.30846769672370106,
      0.32847083622990153,
      0.3182057722064001,
      0.31346287533917877,
      0.30947682371672686,
      0.30365191846253897,
      0.2953938959029444,
      0.2975691251990223,
      0.2900735541452694,
      0.2891989774179804,
      0.2902865920660193
    ],
    "epoch": [
      0,
      1,
      2,
      3,
      4,
      5,
      6,
      7,
      8,
      9,
      10,
      11,
      12,
      13
    ],
    "timestamp": [
      1762495637.0329382,
      1762495877.7388031,
      1762496118.797248,
      1762496358.6464787,
      1762496597.4540396,
      1762496835.9641147,
      1762497073.901273,
      1762497310.441979,
      1762497547.0885265,
      1762497777.238815,
      1762498004.8289025,
      1762498230.828289,
      1762498453.4346905,
      1762498674.354784
    ]
  }
}