{
  "hyperparameters": {
    "signal": "MHc115_MA87",
    "channel": "Combined",
    "iteration": 2,
    "model_idx": 5,
    "num_hidden": 128,
    "optimizer": "Adam",
    "initial_lr": 0.0002,
    "weight_decay": 0.00024,
    "scheduler": "ReduceLROnPlateau",
    "pilot_mode": false,
    "num_classes": 4,
    "model_type": "ParticleNet",
    "num_node_features": 9,
    "num_graph_features": 4,
    "dropout_p": 0.4,
    "batch_size": 1024,
    "train_folds": [
      0,
      1,
      2
    ],
    "valid_folds": [
      3
    ]
  },
  "training_summary": {
    "best_epoch": 80,
    "best_train_loss": 0.8765117251999851,
    "best_valid_loss": 0.9140968617883312,
    "best_train_acc": 0.640596469872185,
    "best_valid_acc": 0.6235059314242145,
    "total_epochs": 81
  },
  "epoch_history": {
    "train_loss": [
      1.1322131479326596,
      1.0654005102216093,
      1.01728327822055,
      1.0031019761711004,
      0.996736173107285,
      0.9864303334690209,
      0.9825339986672611,
      0.9775700556735676,
      0.9756881436692755,
      0.9706703465737105,
      0.9680405892053745,
      0.9639309833831118,
      0.9625905864717075,
      0.9591261935794128,
      0.953354943396236,
      0.9536410953671293,
      0.9516306456664878,
      0.9485263143172483,
      0.9441594559116755,
      0.9429296872745808,
      0.9405012403951474,
      0.9383541822582258,
      0.9361197112575486,
      0.9317651103942324,
      0.9315016306255669,
      0.9270497891769145,
      0.9237124339352578,
      0.9233062997546123,
      0.9239860259069559,
      0.9235706409248999,
      0.9227918269607668,
      0.9185400275793493,
      0.9137615093036142,
      0.9173331014542262,
      0.9158223866249977,
      0.912162280346659,
      0.9086634365547233,
      0.90851113160259,
      0.9095546981416349,
      0.9071949796988829,
      0.9103234454512884,
      0.9048486922986124,
      0.9054235802615794,
      0.9039508476058356,
      0.9014397044403606,
      0.9025928459409064,
      0.902801915855475,
      0.8979871531798872,
      0.8986455445844453,
      0.8991830522606635,
      0.8980939785238398,
      0.8983475933065987,
      0.8960535081847988,
      0.8952252430255556,
      0.8940601217982496,
      0.8945927480663555,
      0.8948008839315921,
      0.8922393786219935,
      0.8935106387780128,
      0.8923507858120072,
      0.8915610701635337,
      0.8946046615817541,
      0.8919669992608881,
      0.8894710890913241,
      0.8902584197917107,
      0.8893999984339924,
      0.8883721157585267,
      0.8871618268544889,
      0.8856088779530608,
      0.8864659298748129,
      0.8862042690027493,
      0.885842342002431,
      0.8873189872562657,
      0.8828435663907033,
      0.8828530435021289,
      0.881871953780533,
      0.8791356663834813,
      0.8799617009622962,
      0.8792019154410741,
      0.8797883813145728,
      0.8765117251999851
    ],
    "valid_loss": [
      1.1826143120841457,
      1.1106375103866388,
      1.0548145076135873,
      1.0398499221054096,
      1.032715293031054,
      1.0204306418920368,
      1.0152785129456015,
      1.0105523569303252,
      1.0110699401674799,
      1.0055032234413455,
      1.0010194144341886,
      0.9967245960327556,
      0.995394835834496,
      0.9925993182682513,
      0.9875704019989759,
      0.9873696797855329,
      0.9832014916597723,
      0.9817366512460178,
      0.9773852266824872,
      0.9753256248956764,
      0.9758238555995117,
      0.9731686325437663,
      0.9710078976943638,
      0.9646155538908197,
      0.9667292854046118,
      0.9618284139790795,
      0.9578561568761165,
      0.9569886978146335,
      0.9576755884081694,
      0.958480915116373,
      0.9567671960102659,
      0.9535660909990997,
      0.9493523423355688,
      0.9482855400420955,
      0.9522884392763471,
      0.9468534206682687,
      0.9450008379587815,
      0.9426434062043889,
      0.9440965254468847,
      0.9439984323027113,
      0.9444118457240116,
      0.9419129995071855,
      0.9397199089795045,
      0.9381572579759028,
      0.937145526230628,
      0.9400458161044372,
      0.938608354204018,
      0.9332586957454906,
      0.9342646539896968,
      0.936540601456304,
      0.93425976023089,
      0.9328960468915943,
      0.931983873073335,
      0.931875064849768,
      0.9291096814500559,
      0.9302946149766895,
      0.9330768253719152,
      0.928872066692246,
      0.9299038175355722,
      0.9286460801185459,
      0.9275767471545816,
      0.9302460210219022,
      0.9283230159880054,
      0.9260399864422102,
      0.924409520261701,
      0.9266270949814722,
      0.925865452044656,
      0.9228797209248679,
      0.923409457933108,
      0.9228824021541281,
      0.9214886459245537,
      0.9222021500046799,
      0.9256170987681894,
      0.9196958754234972,
      0.9211128289954104,
      0.9185933955778142,
      0.9160384779391546,
      0.9173545368617085,
      0.9163637889026887,
      0.9171336184725711,
      0.9140968617883312
    ],
    "train_acc": [
      0.4962788045948674,
      0.5053602933812029,
      0.5385948827784925,
      0.5546199064693329,
      0.5600861345023382,
      0.565725710147384,
      0.5698205659606924,
      0.5733684137537848,
      0.5769008528702513,
      0.5797360493693999,
      0.5812172084100558,
      0.5851136775118069,
      0.5832299667943018,
      0.5850982688351811,
      0.591386934983089,
      0.590262101589405,
      0.5919820951177608,
      0.5945245267610191,
      0.5985423391911986,
      0.5983362481413284,
      0.6014719138346803,
      0.6020227740240529,
      0.6048964922147662,
      0.6068765071611825,
      0.6072655762459841,
      0.6112544974074902,
      0.6129629344283766,
      0.6127009869257379,
      0.6119151444178217,
      0.6129629344283766,
      0.6118111358505974,
      0.6163643997935238,
      0.6204650338605668,
      0.6167130211021826,
      0.6183116713021102,
      0.6204399947610499,
      0.623022874180451,
      0.6229573873047913,
      0.6223102228865074,
      0.6235602517777761,
      0.6217593626971347,
      0.6251203802861391,
      0.6251916454155335,
      0.6261700963812723,
      0.6276531815065063,
      0.6277090379592749,
      0.6261739485504287,
      0.6300511568063977,
      0.6296235660300316,
      0.6285353282433338,
      0.6293173185820936,
      0.6288646887062105,
      0.6314379377027204,
      0.6318828632402906,
      0.6325300276585746,
      0.6322160758723238,
      0.6306925429709469,
      0.633061627002165,
      0.632158293334977,
      0.6329961401265052,
      0.6339611085001965,
      0.6298778091943573,
      0.6332812006440827,
      0.6341922386495836,
      0.633641378460211,
      0.6338070217339384,
      0.6352804764362813,
      0.636002758153116,
      0.6372604913826976,
      0.6356002064762668,
      0.6349992680878602,
      0.6369118700740387,
      0.6356541368444572,
      0.6372970869896839,
      0.6378132776566484,
      0.6376437822137646,
      0.639352219234651,
      0.6389862631647881,
      0.639539049438739,
      0.638891885020455,
      0.640596469872185
    ],