{
  "syst": "TT",
  "observed": 18.497015103232116,
  "expected": 19.777158420405613,
  "difference": -0.06472837451980336,
  "max_bin_difference": 5.620192496201595,
  "max_bin_difference_bin": 138,
  "max_bin_difference_filtered": 0.8129916613198175,
  "max_bin_difference_filtered_bin": 63,
  "snr_threshold": 3.0,
  "mass_range_min": 10.0,
  "mass_range_max": 160.0,
  "percentile_68_difference": 0.7608484417813042,
  "percentile_95_difference": 0.8048442832669248,
  "rms_bin_difference": 0.7360410225187664,
  "chi2": 4.199051042488932,
  "ndf": 3,
  "chi2_per_ndf": 1.399683680829644,
  "p_value": 0.24075691101684213,
  "closure_uncertainty_scale": 1.1,
  "recommended_systematic_pct": 10.000000000000009
}