{
  "syst": "TT",
  "observed": 18.079135830979794,
  "expected": 19.64830896209969,
  "difference": -0.07986301183204769,
  "max_bin_difference": 5.620192208754347,
  "max_bin_difference_bin": 138,
  "max_bin_difference_filtered": 0.7959338523885034,
  "max_bin_difference_filtered_bin": 78,
  "snr_threshold": 3.0,
  "mass_range_min": 10.0,
  "mass_range_max": 160.0,
  "percentile_68_difference": 0.7959338523885034,
  "percentile_95_difference": 0.7959338523885034,
  "rms_bin_difference": 0.7959338523885034,
  "chi2": 2.7762468562475107,
  "ndf": 3,
  "chi2_per_ndf": 0.9254156187491702,
  "p_value": 0.42742504885353083,
  "closure_uncertainty_scale": 1.0,
  "recommended_systematic_pct": 0.0
}