{
  "hyperparameters": {
    "signal": "MHc130_MA100",
    "channel": "Combined",
    "iteration": 0,
    "model_idx": 6,
    "num_hidden": 192,
    "optimizer": "RMSprop",
    "initial_lr": 0.0019,
    "weight_decay": 0.00029,
    "scheduler": "ExponentialLR",
    "pilot_mode": false,
    "num_classes": 4,
    "model_type": "ParticleNet",
    "num_node_features": 9,
    "num_graph_features": 4,
    "dropout_p": 0.4,
    "batch_size": 256,
    "train_folds": [
      0,
      1,
      2
    ],
    "valid_folds": [
      3
    ],
    "loss_type": "disco",
    "disco_lambda": 0.05
  },
  "training_summary": {
    "best_epoch": 1,
    "best_train_loss": 0.7454120541629858,
    "best_valid_loss": 0.7340214795405322,
    "best_train_acc": 0.48141472041606903,
    "best_valid_acc": 0.48951948992908,
    "total_epochs": 9
  },
  "epoch_history": {
    "train_loss": [
      0.7680025673586572,
      0.7454120541629858,
      0.7480696499558304,
      0.744954484595848,
      0.7442557075419611,
      0.7431433579946997,
      0.7404447845351149,
      0.7383543196499558,
      0.739147043396643
    ],
    "valid_loss": [
      0.7631127083655631,
      0.7340214795405322,
      0.7563227587407179,
      0.7611115408415842,
      0.7463017529780321,
      0.7635385645498144,
      0.7801826099357982,
      0.7978238851717203,
      0.74594617786974
    ],
    "train_acc": [
      0.472865529358387,
      0.48141472041606903,
      0.4799916744232178,
      0.4829334020614624,
      0.4842507168650627,
      0.48399174958467484,
      0.48671240359544754,
      0.48992155492305756,
      0.4867434948682785
    ],
    "valid_acc": [
      0.466672845184803,
      0.48951948992908,
      0.45837137030321173,
      0.45845480263233185,
      0.48055780678987503,
      0.441524519585073,
      0.4424121789634228,
      0.38878771662712097,
      0.4946513185277581
    ],
    "epoch": [
      0,
      1,
      2,
      3,
      4,
      5,
      6,
      7,
      8
    ],
    "timestamp": [
      1766987347.0308597,
      1766987641.844322,
      1766987945.8383694,
      1766988249.6617086,
      1766988553.4826052,
      1766988857.2962716,
      1766989160.2427666,
      1766989451.1633005,
      1766989710.0467305
    ],
    "train_ce_loss": [
      0.73873485573189,
      0.7158608769570138,
      0.718329985065932,
      0.7151803852812562,
      0.7146158159200379,
      0.713692940566228,
      0.7108526379607171,
      0.7085929168197376,
      0.7095833282588648
    ],
    "valid_ce_loss": [
      0.7338326756906981,
      0.7069802187456943,
      0.7277139412884664,
      0.7331970195368965,
      0.7192085397715616,
      0.7363188825031318,
      0.7514363498971014,
      0.7695963596353437,
      0.7175572715183296
    ],
    "train_disco_term": [
      0.5853535343817182,
      0.5910221113122394,
      0.5947923788017603,
      0.5954811455504212,
      0.5927967729922318,
      0.5890081096664335,
      0.5918434374324003,
      0.595228289631146,
      0.5912759371865344
    ],
    "valid_disco_term": [
      0.5856004798176265,
      0.54082482628303,
      0.5721756595786255,
      0.5582913634505602,
      0.5418630111925673,
      0.5443922811215467,
      0.5749253071475737,
      0.5645501941147417,
      0.5677787860431294
    ]
  }
}