{
  "hyperparameters": {
    "signal": "MHc130_MA100",
    "channel": "Combined",
    "iteration": 0,
    "model_idx": 1,
    "num_hidden": 128,
    "optimizer": "RMSprop",
    "initial_lr": 0.0008,
    "weight_decay": 2e-05,
    "scheduler": "CyclicLR",
    "pilot_mode": false,
    "num_classes": 4,
    "model_type": "ParticleNet",
    "num_node_features": 9,
    "num_graph_features": 4,
    "dropout_p": 0.4,
    "batch_size": 256,
    "train_folds": [
      0,
      1,
      2
    ],
    "valid_folds": [
      3
    ],
    "loss_type": "disco",
    "disco_lambda": 0.05
  },
  "training_summary": {
    "best_epoch": 8,
    "best_train_loss": 0.6805589871356007,
    "best_valid_loss": 0.6647192624535891,
    "best_train_acc": 0.5500437691807747,
    "best_valid_acc": 0.5624836012721062,
    "total_epochs": 16
  },
  "epoch_history": {
    "train_loss": [
      0.7619057806978798,
      0.7084448069649956,
      0.6996726100099382,
      0.6995767654041519,
      0.6968580481862854,
      0.6951499696333923,
      0.6907689825806096,
      0.6865513023133833,
      0.6805589871356007,
      0.6875533141011484,
      0.6931738108712456,
      0.69909875013803,
      0.697248371245583,
      0.6942025228439709,
      0.6917035321886043,
      0.6870350113184629
    ],
    "valid_loss": [
      0.7008005878712872,
      0.6876702941290223,
      0.6854140479965966,
      0.6829099145266089,
      0.6811613479463181,
      0.684621799582302,
      0.6776809541305693,
      0.6731250725170174,
      0.6647192624535891,
      0.6718652102026609,
      0.6826857160813737,
      0.6861299118193069,
      0.6937617235844679,
      0.6851163656404703,
      0.6793304745513614,
      0.6720409431079827
    ],
    "train_acc": [
      0.4769209399819374,
      0.5192295089364052,
      0.5306537970900536,
      0.5316394940018654,
      0.533207967877388,
      0.5354542583227158,
      0.5407409071922302,
      0.5443707183003426,
      0.5500437691807747,
      0.5414593294262886,
      0.5379388779401779,
      0.5318249836564064,
      0.5343100354075432,
      0.5364433452486992,
      0.539526104927063,
      0.5426524132490158
    ],
    "valid_acc": [
      0.5161914937198162,
      0.5342431403696537,
      0.550250519067049,
      0.5464891418814659,
      0.5504616759717464,
      0.5528301224112511,
      0.5530802085995674,
      0.556079737842083,
      0.5624836012721062,
      0.5581062063574791,
      0.5453730449080467,
      0.5476563014090061,
      0.5462709926068783,
      0.5531956553459167,
      0.5518905743956566,
      0.5597270056605339
    ],
    "epoch": [
      0,
      1,
      2,
      3,
      4,
      5,
      6,
      7,
      8,
      9,
      10,
      11,
      12,
      13,
      14,
      15
    ],
    "timestamp": [
      1766987142.7681067,
      1766987320.1175382,
      1766987608.590705,
      1766987912.6934378,
      1766988217.2163928,
      1766988521.938686,
      1766988826.5204926,
      1766989129.6680667,
      1766989424.4792252,
      1766989687.2954264,
      1766989899.4221225,
      1766990091.6701224,
      1766990268.3189044,
      1766990444.1396732,
      1766990618.5371587,
      1766990793.1529658
    ],
    "train_ce_loss": [
      0.7325147395631029,
      0.6789589109142762,
      0.6702216209034195,
      0.6704564851922619,
      0.6676595987363755,
      0.6662964978192805,
      0.6616139489854603,
      0.6574672785117012,
      0.6514260493403189,
      0.6584767563814831,
      0.6642228472148571,
      0.6697568947771834,
      0.6680156150892008,
      0.6650313490692381,
      0.6627728609861839,
      0.6579002206401353
    ],
    "valid_ce_loss": [
      0.6720889944841366,
      0.6595097234933683,
      0.6574853577826283,
      0.6548730366300828,
      0.6541316357579562,
      0.6564712045216324,
      0.6494573411374989,
      0.6455071751434024,
      0.6368718565100491,
      0.6434007208241095,
      0.6548121497772708,
      0.6582343583059783,
      0.6661229400351496,
      0.6565151969985207,
      0.6514323772770343,
      0.6445411884548641
    ],
    "train_disco_term": [
      0.5878215699018944,
      0.5897176063945352,
      0.5890190353452528,
      0.5824059618235476,
      0.58396841325524,
      0.5770691196825816,
      0.5831001817126998,
      0.5816800162985973,
      0.5826595826831387,
      0.5815308443017225,
      0.579019703123679,
      0.5868378538124974,
      0.5846552678637286,
      0.5834239450444603,
      0.5786133492793295,
      0.5826959973089265
    ],
    "valid_disco_term": [
      0.5742324505702103,
      0.5632105551733829,
      0.5585733208915975,
      0.5607383003919432,
      0.5405943688779774,
      0.5630118221929757,
      0.5644724713103606,
      0.552356899551826,
      0.5569478813964541,
      0.5692889277297671,
      0.5574718225710463,
      0.557909915234783,
      0.5527746853261891,
      0.5720232910448962,
      0.5579615895110782,
      0.5499956090261441
    ]
  }
}