{
  "hyperparameters": {
    "signal": "MHc130_MA100",
    "channel": "Combined",
    "iteration": 0,
    "model_idx": 7,
    "num_hidden": 128,
    "optimizer": "RMSprop",
    "initial_lr": 0.0014,
    "weight_decay": 0.00035,
    "scheduler": "ExponentialLR",
    "pilot_mode": false,
    "num_classes": 4,
    "model_type": "ParticleNet",
    "num_node_features": 9,
    "num_graph_features": 4,
    "dropout_p": 0.4,
    "batch_size": 256,
    "train_folds": [
      0,
      1,
      2
    ],
    "valid_folds": [
      3
    ],
    "loss_type": "disco",
    "disco_lambda": 0.05
  },
  "training_summary": {
    "best_epoch": 19,
    "best_train_loss": 0.7252908120306979,
    "best_valid_loss": 0.703256618386448,
    "best_train_acc": 0.4974589943885803,
    "best_valid_acc": 0.514867540448904,
    "total_epochs": 27
  },
  "epoch_history": {
    "train_loss": [
      0.7525526929659894,
      0.7353756314874117,
      0.7346149134551678,
      0.734902964885159,
      0.7330233408789752,
      0.7322998909562721,
      0.7303921433303887,
      0.7309157947769435,
      0.7322240607056095,
      0.7309572037875441,
      0.7307310070671378,
      0.7288857180322438,
      0.7293612315039752,
      0.7294383557862191,
      0.7284924187003092,
      0.7253424870251767,
      0.7254066709916078,
      0.7264510407464664,
      0.7253759593087455,
      0.7252908120306979,
      0.7246338753312721,
      0.7226577165691255,
      0.7239915180543286,
      0.7240065288206714,
      0.7229754444567138,
      0.7234099371273189,
      0.7234234381901502
    ],
    "valid_loss": [
      0.735158908957302,
      0.7217451945389851,
      0.7274543384514233,
      0.7297955503558168,
      0.744196644395885,
      0.759770942914604,
      0.7203679150874072,
      0.7513871296797648,
      0.7276669341738862,
      0.7640047885403775,
      0.7321108978573638,
      0.7143885848545792,
      0.72678113880724,
      0.7237982721612005,
      0.7136039507271039,
      0.7342426564433787,
      0.7464354260133045,
      0.7086338760829208,
      0.7164235332224629,
      0.703256618386448,
      0.7320449073715966,
      0.7510346969755569,
      0.733121905940594,
      0.7252132604617884,
      0.7153186156017945,
      0.7241053817295792,
      0.7035796816986386
    ],
    "train_acc": [
      0.4790068715810776,
      0.4906068816781044,
      0.49066777527332306,
      0.489590659737587,
      0.49003058671951294,
      0.48878946900367737,
      0.493108831346035,
      0.49337079375982285,
      0.4930144399404526,
      0.49302589148283005,
      0.49206506460905075,
      0.4937649220228195,
      0.4928034842014313,
      0.4930248185992241,
      0.4949522614479065,
      0.4949812889099121,
      0.49486540257930756,
      0.4976577162742615,
      0.49818529188632965,
      0.4974589943885803,
      0.4969059228897095,
      0.49755145609378815,
      0.49700451642274857,
      0.4972810596227646,
      0.4996311888098717,
      0.49886567145586014,
      0.4977959841489792
    ],
    "valid_acc": [
      0.5004039257764816,
      0.48752326518297195,
      0.4982314631342888,
      0.48425495997071266,
      0.4482487244531512,
      0.4633968472480774,
      0.5047361850738525,
      0.4761662408709526,
      0.5026304886850994,
      0.4524108190089464,
      0.5093966545537114,
      0.5079570827074349,
      0.47849997878074646,
      0.48898417863529176,
      0.4985458739101887,
      0.5040950663387775,
      0.486536824144423,
      0.507988041266799,
      0.5064531713724136,
      0.514867540448904,
      0.509044848382473,
      0.4719718415290117,
      0.4895107466727495,
      0.5026286412030458,
      0.5038386816158891,
      0.4977745460346341,
      0.5089847147464752
    ],
    "epoch": [
      0,
      1,
      2,
      3,
      4,
      5,
      6,
      7,
      8,
      9,
      10,
      11,
      12,
      13,
      14,
      15,
      16,
      17,
      18,
      19,
      20,
      21,
      22,
      23,
      24,
      25,
      26
    ],
    "timestamp": [
      1766987393.0664566,
      1766987694.6758137,
      1766987997.2861857,
      1766988298.5691254,
      1766988601.6174476,
      1766988903.4611413,
      1766989208.1986032,
      1766989492.418643,
      1766989745.2545552,
      1766989945.8328187,
      1766990134.401434,
      1766990308.4434636,
      1766990483.041332,
      1766990659.7336612,
      1766990832.5903196,
      1766990979.3254733,
      1766991121.650324,
      1766991249.6630855,
      1766991378.554669,
      1766991507.9664564,
      1766991636.208917,
      1766991765.4184577,
      1766991893.3006368,
      1766992021.2501419,
      1766992149.73951,
      1766992268.3275032,
      1766992385.4850035
    ],
    "train_ce_loss": [
      0.7231100888639794,
      0.7058895156998516,
      0.7051195082310653,
      0.7052718890008152,
      0.7038592463247346,
      0.7030349537045711,
      0.7011799145713712,
      0.7014912007764877,
      0.7027228775167633,
      0.701512898910172,
      0.7015529426163583,
      0.6994863725171915,
      0.6997513274000727,
      0.700437419448219,
      0.6991438940641316,
      0.696172911750133,
      0.6963493003019596,
      0.6968953603148039,
      0.6960734978160251,
      0.6962218960687887,
      0.6953109949090034,
      0.6934880743810229,
      0.6946136847191059,
      0.6947902363096446,
      0.6939093065346088,
      0.6939845603683391,
      0.6941658763497962
    ],
    "valid_ce_loss": [
      0.706943292251908,
      0.6941783933356257,
      0.6991185519364801,
      0.7018635960498659,
      0.7170744064420757,
      0.7313906307857816,
      0.6925068881842169,
      0.7231076262374916,
      0.6997216705048438,
      0.7349915039421309,
      0.7036274907612564,
      0.6859245809588101,
      0.6985892665858316,
      0.6950336295779389,
      0.6856553061763839,
      0.7061893870334814,
      0.7201845857766596,
      0.6802588331817401,
      0.6886521469248403,
      0.6762645169059829,
      0.7042335507303181,
      0.7224418807147753,
      0.7055024096281222,
      0.6967056163466803,
      0.6859952570778308,
      0.6952159765333232,
      0.6764839697002184
    ],
    "train_disco_term": [
      0.5888520839989396,
      0.5897217070466638,
      0.5899085007792226,
      0.5926227009970392,
      0.583281144405001,
      0.5853001950486388,
      0.5842449386423131,
      0.588491468694943,
      0.5900227016779223,
      0.588884880959777,
      0.5835612090232094,
      0.5879881431694166,
      0.5921974169281262,
      0.5800201061547013,
      0.5869698072911994,
      0.5833918226270709,
      0.5811475695443238,
      0.5911124091898173,
      0.5860495645039494,
      0.5813783237453906,
      0.586456438846386,
      0.5833935119027384,
      0.5875571561154544,
      0.5843261292039716,
      0.5813234131664775,
      0.5885072353029419,
      0.585150649290624
    ],
    "valid_disco_term": [
      0.5643116192062302,
      0.5513358404730806,
      0.566716727289823,
      0.5586383180453045,
      0.5424459730634595,
      0.5676053614899663,
      0.5572209296840253,
      0.5655905720621053,
      0.5589048266410828,
      0.5802654101116822,
      0.5696684094348756,
      0.5692806421530129,
      0.563836254046695,
      0.5752929290922562,
      0.5589726171871223,
      0.5610663187385786,
      0.5250164066210832,
      0.567500774518098,
      0.5554275732819397,
      0.539841889036764,
      0.5562267451888264,
      0.5718564986002327,
      0.5523907234468083,
      0.5701522939866132,
      0.5864684755849366,
      0.5777884319277093,
      0.5419134410301057
    ]
  }
}