{
  "El8_loose_Central": 0.00022590507438846881,
  "El8_loose_PromptNorm_Up": 0.00025979083554673914,
  "El8_loose_PromptNorm_Down": 0.00019201931323019848,
  "El8_loose_MotherJetPt_Up": 0.00023543662083410938,
  "El8_loose_MotherJetPt_Down": 0.00022845620946174809,
  "El8_loose_RequireHeavyTag": 0.0002660103102612878,
  "El8_loose_L1Prefire_Up": 0.00022688733768210396,
  "El8_loose_L1Prefire_Down": 0.00022494515461561035,
  "El8_loose_PileupReweight_Up": 0.00022899202129850242,
  "El8_loose_PileupReweight_Down": 0.00022308386284597265,
  "El8_loose_PileupJetIDSF_Up": 0.00022573895474448235,
  "El8_loose_PileupJetIDSF_Down": 0.0002260714162369906,
  "El8_loose_JetEn_Up": 0.00021374032801662552,
  "El8_loose_JetEn_Down": 0.00023736990729332816,
  "El8_loose_JetRes_Up": 0.0002254377756601846,
  "El8_loose_JetRes_Down": 0.00022640366067373043,
  "El8_loose_MuonEn_Up": 0.00022590582704761752,
  "El8_loose_MuonEn_Down": 0.00022590477929094292,
  "El8_loose_ElectronEn_Up": 0.00022584840128975512,
  "El8_loose_ElectronEn_Down": 0.00022596063405158124,
  "El8_loose_ElectronRes_Up": 0.00022590453601475434,
  "El8_loose_ElectronRes_Down": 0.00022590269929991864,
  "El8_loose_ElectronRecoSF_Up": 0.0002227800985417606,
  "El8_loose_ElectronRecoSF_Down": 0.00022909333898811043,
  "El8_loose_UnclusteredEn_Up": 0.00022590507438846881,
  "El8_loose_UnclusteredEn_Down": 0.00022590507438846881,
  "El8_tight_Central": 0.00022146643913057364,
  "El8_tight_PromptNorm_Up": 0.00025468640500015966,
  "El8_tight_PromptNorm_Down": 0.0001882464732609876,
  "El8_tight_MotherJetPt_Up": 0.00022820215371249818,
  "El8_tight_MotherJetPt_Down": 0.00021525037026732106,
  "El8_tight_RequireHeavyTag": 0.0003202809771394011,
  "El8_tight_L1Prefire_Up": 0.00022237482366675604,
  "El8_tight_L1Prefire_Down": 0.00022057931407113422,
  "El8_tight_PileupReweight_Up": 0.00022589040616726022,
  "El8_tight_PileupReweight_Down": 0.00021740484025199676,
  "El8_tight_PileupJetIDSF_Up": 0.00022130382568047774,
  "El8_tight_PileupJetIDSF_Down": 0.00022162927373762666,
  "El8_tight_JetEn_Up": 0.0002096098335818151,
  "El8_tight_JetEn_Down": 0.0002327510069858601,
  "El8_tight_JetRes_Up": 0.0002209946379629971,
  "El8_tight_JetRes_Down": 0.00022195956427998608,
  "El8_tight_MuonEn_Up": 0.00022146739113517054,
  "El8_tight_MuonEn_Down": 0.00022146606786092627,
  "El8_tight_ElectronEn_Up": 0.00022141354350520734,
  "El8_tight_ElectronEn_Down": 0.0002215096320197316,
  "El8_tight_ElectronRes_Up": 0.00022146798704834062,
  "El8_tight_ElectronRes_Down": 0.00022146287692461752,
  "El8_tight_ElectronRecoSF_Up": 0.00021842405146564478,
  "El8_tight_ElectronRecoSF_Down": 0.00022456988685624495,
  "El8_tight_UnclusteredEn_Up": 0.00022146643913057364,
  "El8_tight_UnclusteredEn_Down": 0.00022146643913057364,
  "El12_loose_Central": 0.0005825870920736016,
  "El12_loose_PromptNorm_Up": 0.0006699751558846418,
  "El12_loose_PromptNorm_Down": 0.0004951990282625613,
  "El12_loose_MotherJetPt_Up": 0.0006099638193716098,
  "El12_loose_MotherJetPt_Down": 0.0005727596713013312,
  "El12_loose_RequireHeavyTag": 0.0006095972037630244,
  "El12_loose_L1Prefire_Up": 0.0005851203366975205,
  "El12_loose_L1Prefire_Down": 0.0005801114675295504,
  "El12_loose_PileupReweight_Up": 0.0005905480357348559,
  "El12_loose_PileupReweight_Down": 0.0005753112653018342,
  "El12_loose_PileupJetIDSF_Up": 0.0005821586443527664,
  "El12_loose_PileupJetIDSF_Down": 0.0005830160864498748,
  "El12_loose_JetEn_Up": 0.0005512195478868218,
  "El12_loose_JetEn_Down": 0.0006121555880510397,
  "El12_loose_JetRes_Up": 0.0005813811993887776,
  "El12_loose_JetRes_Down": 0.0005838739016169516,
  "El12_loose_MuonEn_Up": 0.0005825890332298985,
  "El12_loose_MuonEn_Down": 0.0005825863309981248,
  "El12_loose_ElectronEn_Up": 0.0005824409187219507,
  "El12_loose_ElectronEn_Down": 0.000582730366860543,
  "El12_loose_ElectronRes_Up": 0.0005825856850165413,
  "El12_loose_ElectronRes_Down": 0.000582580958563182,
  "El12_loose_ElectronRecoSF_Up": 0.0005745280307542354,
  "El12_loose_ElectronRecoSF_Down": 0.0005908093507960994,
  "El12_loose_UnclusteredEn_Up": 0.0005825870920736016,
  "El12_loose_UnclusteredEn_Down": 0.0005825870920736016,
  "El12_tight_Central": 0.0005680330073896529,
  "El12_tight_PromptNorm_Up": 0.0006532379584981009,
  "El12_tight_PromptNorm_Down": 0.000482828056281205,
  "El12_tight_MotherJetPt_Up": 0.0005929523176932281,
  "El12_tight_MotherJetPt_Down": 0.0005661853544814681,
  "El12_tight_RequireHeavyTag": 0.0006114521147379311,
  "El12_tight_L1Prefire_Up": 0.000570362918903628,
  "El12_tight_L1Prefire_Down": 0.0005657576272091397,
  "El12_tight_PileupReweight_Up": 0.0005793794147022711,
  "El12_tight_PileupReweight_Down": 0.0005576161135317924,
  "El12_tight_PileupJetIDSF_Up": 0.000567615880275821,
  "El12_tight_PileupJetIDSF_Down": 0.0005684506929685163,
  "El12_tight_JetEn_Up": 0.0005376243944167833,
  "El12_tight_JetEn_Down": 0.0005969776138048799,
  "El12_tight_JetRes_Up": 0.000566821982453402,
  "El12_tight_JetRes_Down": 0.0005692990442075533,
  "El12_tight_MuonEn_Up": 0.0005680354492591784,
  "El12_tight_MuonEn_Down": 0.000568032049999197,
  "El12_tight_ElectronEn_Up": 0.0005678973285057745,
  "El12_tight_ElectronEn_Down": 0.0005681437848089884,
  "El12_tight_ElectronRes_Up": 0.000568036964652481,
  "El12_tight_ElectronRes_Down": 0.0005680238764537771,
  "El12_tight_ElectronRecoSF_Up": 0.0005602297363997985,
  "El12_tight_ElectronRecoSF_Down": 0.0005759928848415438,
  "El12_tight_UnclusteredEn_Up": 0.0005680330073896529,
  "El12_tight_UnclusteredEn_Down": 0.0005680330073896529,
  "El23_loose_Central": 0.002527653953792705,
  "El23_loose_PromptNorm_Up": 0.0029068020468616105,
  "El23_loose_PromptNorm_Down": 0.0021485058607237993,
  "El23_loose_MotherJetPt_Up": 0.0025350789605354087,
  "El23_loose_MotherJetPt_Down": 0.0025599874626365212,
  "El23_loose_RequireHeavyTag": 0.002659028107902175,
  "El23_loose_L1Prefire_Up": 0.0025386663849127087,
  "El23_loose_L1Prefire_Down": 0.0025168891170151216,
  "El23_loose_PileupReweight_Up": 0.0025624543494683068,
  "El23_loose_PileupReweight_Down": 0.002495878448616954,
  "El23_loose_PileupJetIDSF_Up": 0.002525801005810054,
  "El23_loose_PileupJetIDSF_Down": 0.002529509370908703,
  "El23_loose_JetEn_Up": 0.0023921407719661404,
  "El23_loose_JetEn_Down": 0.0026554202964308104,
  "El23_loose_JetRes_Up": 0.0025224658894340284,
  "El23_loose_JetRes_Down": 0.002533174217722561,
  "El23_loose_MuonEn_Up": 0.002527662426168758,
  "El23_loose_MuonEn_Down": 0.002527650628533282,
  "El23_loose_ElectronEn_Up": 0.0025270355918981394,
  "El23_loose_ElectronEn_Down": 0.002528315847115609,
  "El23_loose_ElectronRes_Up": 0.0025276498944657414,
  "El23_loose_ElectronRes_Down": 0.002527626660823009,
  "El23_loose_ElectronRecoSF_Up": 0.002493008895365924,
  "El23_loose_ElectronRecoSF_Down": 0.002562993082511714,
  "El23_loose_UnclusteredEn_Up": 0.002527653953792705,
  "El23_loose_UnclusteredEn_Down": 0.002527653953792705,
  "El23_tight_Central": 0.0024596972503698094,
  "El23_tight_PromptNorm_Up": 0.0028286518379252805,
  "El23_tight_PromptNorm_Down": 0.0020907426628143377,
  "El23_tight_MotherJetPt_Up": 0.0024793747756784086,
  "El23_tight_MotherJetPt_Down": 0.002495495408281782,
  "El23_tight_RequireHeavyTag": 0.0025929219122708944,
  "El23_tight_L1Prefire_Up": 0.002469799037604685,
  "El23_tight_L1Prefire_Down": 0.0024498292144563383,
  "El23_tight_PileupReweight_Up": 0.0025090889172050515,
  "El23_tight_PileupReweight_Down": 0.0024143683702617697,
  "El23_tight_PileupJetIDSF_Up": 0.002457896762684585,
  "El23_tight_PileupJetIDSF_Down": 0.002461500012606656,
  "El23_tight_JetEn_Up": 0.002328431683415286,
  "El23_tight_JetEn_Down": 0.002584399114771614,
  "El23_tight_JetRes_Up": 0.0024545020905363197,
  "El23_tight_JetRes_Down": 0.0024651220735873807,
  "El23_tight_MuonEn_Up": 0.0024597078748399732,
  "El23_tight_MuonEn_Down": 0.002459693080456705,
  "El23_tight_ElectronEn_Up": 0.0024591343385647157,