{
  "Central": {
    "ptcorr_15to17_EB1": 73.79212713241577,
    "ptcorr_15to17_EB2": 40.865944385528564,
    "ptcorr_15to17_EE": 43.72039306163788,
    "ptcorr_17to20_EB1": 107.41851854324341,
    "ptcorr_17to20_EB2": 57.683695673942566,
    "ptcorr_17to20_EE": 66.58888125419617,
    "ptcorr_20to25_EB1": 169.364821434021,
    "ptcorr_20to25_EB2": 96.07455515861511,
    "ptcorr_20to25_EE": 103.35693264007568,
    "ptcorr_25to35_EB1": 350.1577377319336,
    "ptcorr_25to35_EB2": 202.37299013137817,
    "ptcorr_25to35_EE": 186.11326122283936,
    "ptcorr_35to50_EB1": 499.05419540405273,
    "ptcorr_35to50_EB2": 286.3032760620117,
    "ptcorr_35to50_EE": 220.9793519973755,
    "ptcorr_50to100_EB1": 679.2544593811035,
    "ptcorr_50to100_EB2": 401.572772026062,
    "ptcorr_50to100_EE": 267.4873971939087,
    "ptcorr_100to200_EB1": 75.1421000957489,
    "ptcorr_100to200_EB2": 41.474116921424866,
    "ptcorr_100to200_EE": 21.747469782829285
  },
  "MotherJetPt_Up": {
    "ptcorr_15to17_EB1": 51.825360894203186,
    "ptcorr_15to17_EB2": 28.18898195028305,
    "ptcorr_15to17_EE": 28.43914705514908,
    "ptcorr_17to20_EB1": 73.32636654376984,
    "ptcorr_17to20_EB2": 38.687978982925415,
    "ptcorr_17to20_EE": 44.31017363071442,
    "ptcorr_20to25_EB1": 116.1675193309784,
    "ptcorr_20to25_EB2": 64.45804023742676,
    "ptcorr_20to25_EE": 67.03472638130188,
    "ptcorr_25to35_EB1": 238.9680676460266,
    "ptcorr_25to35_EB2": 137.13517594337463,
    "ptcorr_25to35_EE": 123.86987662315369,
    "ptcorr_35to50_EB1": 332.20921897888184,
    "ptcorr_35to50_EB2": 191.74453020095825,
    "ptcorr_35to50_EE": 145.20269918441772,
    "ptcorr_50to100_EB1": 459.5775566101074,
    "ptcorr_50to100_EB2": 270.3321714401245,
    "ptcorr_50to100_EE": 176.21429443359375,
    "ptcorr_100to200_EB1": 63.91188991069794,
    "ptcorr_100to200_EB2": 35.84191370010376,
    "ptcorr_100to200_EE": 18.71234032511711
  },
  "MotherJetPt_Down": {
    "ptcorr_15to17_EB1": 83.73306715488434,
    "ptcorr_15to17_EB2": 45.79234027862549,
    "ptcorr_15to17_EE": 49.23073410987854,
    "ptcorr_17to20_EB1": 122.00456237792969,
    "ptcorr_17to20_EB2": 65.28927969932556,
    "ptcorr_17to20_EE": 75.4083616733551,
    "ptcorr_20to25_EB1": 190.3381290435791,
    "ptcorr_20to25_EB2": 109.37280607223511,
    "ptcorr_20to25_EE": 115.70874428749084,
    "ptcorr_25to35_EB1": 393.07686138153076,
    "ptcorr_25to35_EB2": 225.46131086349487,
    "ptcorr_25to35_EE": 210.29891681671143,
    "ptcorr_35to50_EB1": 551.1839981079102,
    "ptcorr_35to50_EB2": 319.86771392822266,
    "ptcorr_35to50_EE": 249.3498191833496,
    "ptcorr_50to100_EB1": 746.8021392822266,
    "ptcorr_50to100_EB2": 442.8606023788452,
    "ptcorr_50to100_EE": 300.3052453994751,
    "ptcorr_100to200_EB1": 80.73540091514587,
    "ptcorr_100to200_EB2": 43.98421096801758,
    "ptcorr_100to200_EE": 23.744172513484955
  },
  "RequireHeavyTag": {
    "ptcorr_15to17_EB1": 46.47265273332596,
    "ptcorr_15to17_EB2": 27.123516380786896,
    "ptcorr_15to17_EE": 27.94934070110321,
    "ptcorr_17to20_EB1": 71.46209371089935,
    "ptcorr_17to20_EB2": 38.98769211769104,
    "ptcorr_17to20_EE": 42.11887192726135,
    "ptcorr_20to25_EB1": 118.32659912109375,
    "ptcorr_20to25_EB2": 66.69148850440979,
    "ptcorr_20to25_EE": 66.52333462238312,
    "ptcorr_25to35_EB1": 250.25686597824097,
    "ptcorr_25to35_EB2": 143.8285789489746,
    "ptcorr_25to35_EE": 123.89314651489258,
    "ptcorr_35to50_EB1": 361.34331607818604,
    "ptcorr_35to50_EB2": 202.69268226623535,
    "ptcorr_35to50_EE": 144.28073453903198,
    "ptcorr_50to100_EB1": 480.84234619140625,
    "ptcorr_50to100_EB2": 278.3463821411133,
    "ptcorr_50to100_EE": 170.04277420043945,
    "ptcorr_100to200_EB1": 52.86950623989105,
    "ptcorr_100to200_EB2": 26.650225162506104,
    "ptcorr_100to200_EE": 12.087469965219498
  },
  "Stat": {
    "ptcorr_15to17_EB1": 2.0660018866253704,
    "ptcorr_15to17_EB2": 1.5351734703492126,
    "ptcorr_15to17_EE": 1.5676948493230938,
    "ptcorr_17to20_EB1": 2.493009818475516,
    "ptcorr_17to20_EB2": 1.7962377126361209,
    "ptcorr_17to20_EE": 1.9252438564422787,
    "ptcorr_20to25_EB1": 3.025592894314748,
    "ptcorr_20to25_EB2": 2.2867805743050647,
    "ptcorr_20to25_EE": 2.3791769874609647,
    "ptcorr_25to35_EB1": 4.3840511472257075,
    "ptcorr_25to35_EB2": 3.33721195838952,
    "ptcorr_25to35_EE": 3.1756124991072348,
    "ptcorr_35to50_EB1": 5.1922970322889315,
    "ptcorr_35to50_EB2": 3.9451836533382743,
    "ptcorr_35to50_EE": 3.4496519470311284,
    "ptcorr_50to100_EB1": 6.110450347759766,
    "ptcorr_50to100_EB2": 4.70639517083522,
    "ptcorr_50to100_EE": 3.796222677543284,
    "ptcorr_100to200_EB1": 2.0986263223207886,
    "ptcorr_100to200_EB2": 1.5777781946654075,
    "ptcorr_100to200_EE": 1.1658556278563066
  }
}