{
  "Central": {
    "ptcorr_15to17_EB1": 15.53192526102066,
    "ptcorr_15to17_EB2": 8.911677122116089,
    "ptcorr_15to17_EE": 9.090508460998535,
    "ptcorr_17to20_EB1": 29.472937554121017,
    "ptcorr_17to20_EB2": 16.49579916894436,
    "ptcorr_17to20_EE": 16.913896441459656,
    "ptcorr_20to25_EB1": 47.959601789712906,
    "ptcorr_20to25_EB2": 26.029847979545593,
    "ptcorr_20to25_EE": 35.36424246430397,
    "ptcorr_25to35_EB1": 77.25371241569519,
    "ptcorr_25to35_EB2": 51.643827736377716,
    "ptcorr_25to35_EE": 57.201706528663635,
    "ptcorr_35to50_EB1": 79.8608341217041,
    "ptcorr_35to50_EB2": 57.69699275493622,
    "ptcorr_35to50_EE": 63.73968183994293,
    "ptcorr_50to100_EB1": 102.32744717597961,
    "ptcorr_50to100_EB2": 72.06784892082214,
    "ptcorr_50to100_EE": 86.70119643211365,
    "ptcorr_100to200_EB1": 21.0605947971344,
    "ptcorr_100to200_EB2": 17.69414460659027,
    "ptcorr_100to200_EE": 17.710629492998123
  },
  "MotherJetPt_Up": {
    "ptcorr_15to17_EB1": 7.669901818037033,
    "ptcorr_15to17_EB2": 4.59672224521637,
    "ptcorr_15to17_EE": 2.887906402349472,
    "ptcorr_17to20_EB1": 12.185068786144257,
    "ptcorr_17to20_EB2": 7.202847018837929,
    "ptcorr_17to20_EE": 6.609972909092903,
    "ptcorr_20to25_EB1": 23.87119150161743,
    "ptcorr_20to25_EB2": 11.203391030430794,
    "ptcorr_20to25_EE": 13.266478478908539,
    "ptcorr_25to35_EB1": 43.65581613779068,
    "ptcorr_25to35_EB2": 27.81771931052208,
    "ptcorr_25to35_EE": 30.102927565574646,
    "ptcorr_35to50_EB1": 42.185449331998825,
    "ptcorr_35to50_EB2": 30.891120493412018,
    "ptcorr_35to50_EE": 33.72825026512146,
    "ptcorr_50to100_EB1": 72.3374553322792,
    "ptcorr_50to100_EB2": 46.996308505535126,
    "ptcorr_50to100_EE": 54.53357374668121,
    "ptcorr_100to200_EB1": 19.474089950323105,
    "ptcorr_100to200_EB2": 16.884044140577316,
    "ptcorr_100to200_EE": 16.46251241862774
  },
  "MotherJetPt_Down": {
    "ptcorr_15to17_EB1": 20.999959617853165,
    "ptcorr_15to17_EB2": 11.990846425294876,
    "ptcorr_15to17_EE": 11.666858315467834,
    "ptcorr_17to20_EB1": 35.61845824122429,
    "ptcorr_17to20_EB2": 20.919709771871567,
    "ptcorr_17to20_EE": 21.098370283842087,
    "ptcorr_20to25_EB1": 60.20834684371948,
    "ptcorr_20to25_EB2": 34.18994718790054,
    "ptcorr_20to25_EE": 43.73568916320801,
    "ptcorr_25to35_EB1": 96.5857765674591,
    "ptcorr_25to35_EB2": 65.85070407390594,
    "ptcorr_25to35_EE": 69.29316103458405,
    "ptcorr_35to50_EB1": 94.01660084724426,
    "ptcorr_35to50_EB2": 69.34856164455414,
    "ptcorr_35to50_EE": 79.51918983459473,
    "ptcorr_50to100_EB1": 116.83516144752502,
    "ptcorr_50to100_EB2": 81.93190538883209,
    "ptcorr_50to100_EE": 96.9535722732544,
    "ptcorr_100to200_EB1": 21.567571878433228,
    "ptcorr_100to200_EB2": 17.944434106349945,
    "ptcorr_100to200_EE": 18.22953452169895
  },
  "RequireHeavyTag": {
    "ptcorr_15to17_EB1": 4.010388672351837,
    "ptcorr_15to17_EB2": 0.7102193534374237,
    "ptcorr_15to17_EE": 1.557686761021614,
    "ptcorr_17to20_EB1": 3.650467038154602,
    "ptcorr_17to20_EB2": 3.7187191396951675,
    "ptcorr_17to20_EE": 2.626571774482727,
    "ptcorr_20to25_EB1": 9.90060006082058,
    "ptcorr_20to25_EB2": 4.40783554315567,
    "ptcorr_20to25_EE": 6.419762834906578,
    "ptcorr_25to35_EB1": 17.424598217010498,
    "ptcorr_25to35_EB2": 10.320783168077469,
    "ptcorr_25to35_EE": 9.621552586555481,
    "ptcorr_35to50_EB1": 12.233427196741104,
    "ptcorr_35to50_EB2": 13.958922162652016,
    "ptcorr_35to50_EE": 8.945176184177399,
    "ptcorr_50to100_EB1": 17.392090409994125,
    "ptcorr_50to100_EB2": 11.001874268054962,
    "ptcorr_50to100_EE": 11.69404822587967,
    "ptcorr_100to200_EB1": 3.8732427060604095,
    "ptcorr_100to200_EB2": 1.300153061747551,
    "ptcorr_100to200_EE": 3.102521985769272
  },
  "Stat": {
    "ptcorr_15to17_EB1": 2.06058398366746,
    "ptcorr_15to17_EB2": 1.5609438052710798,
    "ptcorr_15to17_EE": 1.5648483097312866,
    "ptcorr_17to20_EB1": 2.86050563371102,
    "ptcorr_17to20_EB2": 2.1049391093219625,
    "ptcorr_17to20_EE": 2.1368911291348205,
    "ptcorr_20to25_EB1": 3.5206916643986026,
    "ptcorr_20to25_EB2": 2.6071816152831544,
    "ptcorr_20to25_EE": 3.0572609635278822,
    "ptcorr_25to35_EB1": 4.505857691148798,
    "ptcorr_25to35_EB2": 3.658818764134316,
    "ptcorr_25to35_EE": 3.850683632971248,
    "ptcorr_35to50_EB1": 4.570305769966252,
    "ptcorr_35to50_EB2": 3.904993322937507,
    "ptcorr_35to50_EE": 4.055481347240186,
    "ptcorr_50to100_EB1": 5.175099492289665,
    "ptcorr_50to100_EB2": 4.328383341098091,
    "ptcorr_50to100_EE": 4.680998423612883,
    "ptcorr_100to200_EB1": 2.346190496795333,
    "ptcorr_100to200_EB2": 2.132691577024962,
    "ptcorr_100to200_EE": 2.145182482883413
  }
}