{
  "observed": 12.76728484686464,
  "expected": 15.312967685691547,
  "difference": -0.16624359765387572,
  "max_bin_difference": 36.18478239571724,
  "max_bin_difference_bin": 21,
  "max_bin_difference_filtered": 0.5922073830544343,
  "max_bin_difference_filtered_bin": 89,
  "snr_threshold": 3.0,
  "mass_range_min": 10.0,
  "mass_range_max": 160.0,
  "percentile_68_difference": 0.5922073830544343,
  "percentile_95_difference": 0.5922073830544343,
  "rms_bin_difference": 0.5922073830544343,
  "chi2": 2.342520501653145,
  "ndf": 4,
  "chi2_per_ndf": 0.5856301254132863,
  "p_value": 0.6730386705041358,
  "closure_uncertainty_scale": 0.1,
  "recommended_systematic_pct": 90.0
}