{
  "observed": 12.767285007983446,
  "expected": 15.891932755708694,
  "difference": -0.19661848535086543,
  "max_bin_difference": 0.0,
  "max_bin_difference_bin": -1,
  "max_bin_difference_filtered": 0.0,
  "max_bin_difference_filtered_bin": -1,
  "snr_threshold": 3.0,
  "mass_range_min": 10.0,
  "mass_range_max": 160.0,
  "percentile_68_difference": 0.0,
  "percentile_95_difference": 0.0,
  "rms_bin_difference": 0.0,
  "chi2": 62.46906046756754,
  "ndf": 48,
  "chi2_per_ndf": 1.3014387597409904,
  "p_value": 0.07830870901397896,
  "closure_uncertainty_scale": 1.25,
  "recommended_systematic_pct": 25.0
}