{
  "observed": 12.767285199835896,
  "expected": 15.312967876438051,
  "difference": -0.16624358498911096,
  "max_bin_difference": 10.70666303103886,
  "max_bin_difference_bin": 51,
  "max_bin_difference_filtered": 0.34594527789871266,
  "max_bin_difference_filtered_bin": 14,
  "snr_threshold": 3.0,
  "mass_range_min": 10.0,
  "mass_range_max": 160.0,
  "percentile_68_difference": 0.238069041011794,
  "percentile_95_difference": 0.32275966012791,
  "rms_bin_difference": 0.21581437144303517,
  "chi2": 1.4847165532195743,
  "ndf": 3,
  "chi2_per_ndf": 0.4949055177398581,
  "p_value": 0.6858022076396719,
  "closure_uncertainty_scale": 0.1,
  "recommended_systematic_pct": 90.0
}