{
  "syst": "Central",
  "observed": 320.45585203170776,
  "expected": 357.3691190595273,
  "difference": -0.1032917089337841,
  "max_bin_difference": 0.751051247398117,
  "max_bin_difference_bin": 158,
  "max_bin_difference_filtered": 0.751051247398117,
  "max_bin_difference_filtered_bin": 158,
  "snr_threshold": 3.0,
  "mass_range_min": 10.0,
  "mass_range_max": 160.0,
  "percentile_68_difference": 0.20562721369267895,
  "percentile_95_difference": 0.39078822720815287,
  "rms_bin_difference": 0.21300079907255418,
  "chi2": 64.18508605504356,
  "ndf": 51,
  "chi2_per_ndf": 1.258531099118501,
  "p_value": 0.10165404965852307,
  "closure_uncertainty_scale": 1.35,
  "recommended_systematic_pct": 35.00000000000001
}