{
  "Central": {
    "ptcorr_10to15_EB1": 29354.29499667883,
    "ptcorr_10to15_EB2": 17183.29908657074,
    "ptcorr_10to15_EE": 12426.049185425043,
    "ptcorr_15to20_EB1": 28529.055905282497,
    "ptcorr_15to20_EB2": 16231.875571504235,
    "ptcorr_15to20_EE": 11954.556961923838,
    "ptcorr_20to30_EB1": 47484.44679901004,
    "ptcorr_20to30_EB2": 28711.665301799774,
    "ptcorr_20to30_EE": 21238.350073605776,
    "ptcorr_30to50_EB1": 51962.459608867764,
    "ptcorr_30to50_EB2": 36013.03560349345,
    "ptcorr_30to50_EE": 30150.00273951888,
    "ptcorr_50to100_EB1": 31562.824554383755,
    "ptcorr_50to100_EB2": 29421.000115156174,
    "ptcorr_50to100_EE": 28962.102816969156
  },
  "MotherJetPt_Up": {
    "ptcorr_10to15_EB1": 8591.87934178114,
    "ptcorr_10to15_EB2": 5032.678158432245,
    "ptcorr_10to15_EE": 3734.6263904571533,
    "ptcorr_15to20_EB1": 7427.598607957363,
    "ptcorr_15to20_EB2": 4751.665051460266,
    "ptcorr_15to20_EE": 3582.6275573670864,
    "ptcorr_20to30_EB1": 11430.978396624327,
    "ptcorr_20to30_EB2": 7417.415189683437,
    "ptcorr_20to30_EE": 5961.294775873423,
    "ptcorr_30to50_EB1": 14929.204796746373,
    "ptcorr_30to50_EB2": 10935.292289108038,
    "ptcorr_30to50_EE": 9783.813736438751,
    "ptcorr_50to100_EB1": 18277.62777131796,
    "ptcorr_50to100_EB2": 17151.859155118465,
    "ptcorr_50to100_EE": 16378.505399763584
  },
  "MotherJetPt_Down": {
    "ptcorr_10to15_EB1": 135325.70485922694,
    "ptcorr_10to15_EB2": 81557.52419298887,
    "ptcorr_10to15_EE": 59963.24513953924,
    "ptcorr_15to20_EB1": 133574.87967337668,
    "ptcorr_15to20_EB2": 74117.83063729107,
    "ptcorr_15to20_EE": 55893.80096617341,
    "ptcorr_20to30_EB1": 193903.2429496646,
    "ptcorr_20to30_EB2": 110699.02879413962,
    "ptcorr_20to30_EE": 85410.66730317473,
    "ptcorr_30to50_EB1": 144478.7365117818,
    "ptcorr_30to50_EB2": 102208.40395459533,
    "ptcorr_30to50_EE": 90747.66077756882,
    "ptcorr_50to100_EB1": 46615.68274176121,
    "ptcorr_50to100_EB2": 44498.25582545996,
    "ptcorr_50to100_EE": 45744.54897889495
  },
  "RequireHeavyTag": {
    "ptcorr_10to15_EB1": 2232.8796443343163,
    "ptcorr_10to15_EB2": 1157.7395265698433,
    "ptcorr_10to15_EE": 826.3483450114727,
    "ptcorr_15to20_EB1": 1927.3918237686157,
    "ptcorr_15to20_EB2": 1112.9652880430222,
    "ptcorr_15to20_EE": 680.7488545775414,
    "ptcorr_20to30_EB1": 3181.590693831444,
    "ptcorr_20to30_EB2": 1625.5866994261742,
    "ptcorr_20to30_EE": 1184.283417403698,
    "ptcorr_30to50_EB1": 2663.306088209152,
    "ptcorr_30to50_EB2": 1623.2397229075432,
    "ptcorr_30to50_EE": 1347.0546557307243,
    "ptcorr_50to100_EB1": 1657.0697209835052,
    "ptcorr_50to100_EB2": 1319.321377158165,
    "ptcorr_50to100_EE": 1119.7745053172112
  },
  "L1Prefire_Up": {
    "ptcorr_10to15_EB1": 29296.60413530469,
    "ptcorr_10to15_EB2": 17132.748311731964,
    "ptcorr_10to15_EE": 12379.641962863505,
    "ptcorr_15to20_EB1": 28480.557020887733,
    "ptcorr_15to20_EB2": 16191.016713876277,
    "ptcorr_15to20_EE": 11907.811737693846,
    "ptcorr_20to30_EB1": 47392.72907385975,
    "ptcorr_20to30_EB2": 28641.126498304307,
    "ptcorr_20to30_EE": 21158.50384746492,
    "ptcorr_30to50_EB1": 51862.1851260066,
    "ptcorr_30to50_EB2": 35931.26609429717,
    "ptcorr_30to50_EE": 30039.858079463243,
    "ptcorr_50to100_EB1": 31494.607089735568,
    "ptcorr_50to100_EB2": 29347.926721006632,
    "ptcorr_50to100_EE": 28854.729668796062
  },
  "L1Prefire_Down": {
    "ptcorr_10to15_EB1": 29403.34347909689,
    "ptcorr_10to15_EB2": 17232.04175645113,
    "ptcorr_10to15_EE": 12471.260269463062,
    "ptcorr_15to20_EB1": 28575.854218661785,
    "ptcorr_15to20_EB2": 16271.885132521391,
    "ptcorr_15to20_EE": 12000.299899458885,
    "ptcorr_20to30_EB1": 47574.07026195526,
    "ptcorr_20to30_EB2": 28780.3610175848,
    "ptcorr_20to30_EE": 21316.514627337456,
    "ptcorr_30to50_EB1": 52059.90651881695,
    "ptcorr_30to50_EB2": 36091.827494084835,
    "ptcorr_30to50_EE": 30257.417173564434,
    "ptcorr_50to100_EB1": 31628.47796791792,
    "ptcorr_50to100_EB2": 29491.35442739725,
    "ptcorr_50to100_EE": 29067.105837881565
  },
  "PileupReweight_Up": {
    "ptcorr_10to15_EB1": 28803.23191449046,
    "ptcorr_10to15_EB2": 16812.291361689568,
    "ptcorr_10to15_EE": 12078.094433039427,
    "ptcorr_15to20_EB1": 28041.708536207676,
    "ptcorr_15to20_EB2": 15862.494781076908,
    "ptcorr_15to20_EE": 11688.299328878522,
    "ptcorr_20to30_EB1": 46462.06711931527,
    "ptcorr_20to30_EB2": 28165.10094437003,
    "ptcorr_20to30_EE": 20751.414724856615,
    "ptcorr_30to50_EB1": 50833.86133342981,
    "ptcorr_30to50_EB2": 35057.96720519662,
    "ptcorr_30to50_EE": 29553.367664694786,
    "ptcorr_50to100_EB1": 30888.001906752586,
    "ptcorr_50to100_EB2": 28872.178868085146,
    "ptcorr_50to100_EE": 28167.23011057079
  },
  "PileupReweight_Down": {
    "ptcorr_10to15_EB1": 29906.214624285698,
    "ptcorr_10to15_EB2": 17532.15275862813,
    "ptcorr_10to15_EE": 12746.77489632368,
    "ptcorr_15to20_EB1": 28975.706453070045,
    "ptcorr_15to20_EB2": 16602.145727276802,
    "ptcorr_15to20_EE": 12203.238208055496,
    "ptcorr_20to30_EB1": 48502.628510296345,
    "ptcorr_20to30_EB2": 29352.251753628254,
    "ptcorr_20to30_EE": 21751.022970363498,
    "ptcorr_30to50_EB1": 53060.563527941704,
    "ptcorr_30to50_EB2": 36903.6719494462,
    "ptcorr_30to50_EE": 30767.79106667638,
    "ptcorr_50to100_EB1": 32293.538352265954,
    "ptcorr_50to100_EB2": 30010.03618209064,
    "ptcorr_50to100_EE": 29714.487634032965
  },
  "PileupJetIDSF_Up": {
    "ptcorr_10to15_EB1": 29378.55879497528,
    "ptcorr_10to15_EB2": 17197.7946292758,
    "ptcorr_10to15_EE": 12436.899749994278,
    "ptcorr_15to20_EB1": 28551.603254318237,
    "ptcorr_15to20_EB2": 16245.546042218804,
    "ptcorr_15to20_EE": 11965.594661742449,
    "ptcorr_20to30_EB1": 47521.66124010086,
    "ptcorr_20to30_EB2": 28736.917706400156,
    "ptcorr_20to30_EE": 21258.447012096643,
    "ptcorr_30to50_EB1": 51999.285524979234,
    "ptcorr_30to50_EB2": 36041.21371343732,
    "ptcorr_30to50_EE": 30176.125922828913,
    "ptcorr_50to100_EB1": 31574.09197640419,
    "ptcorr_50to100_EB2": 29433.48508667946,
    "ptcorr_50to100_EE": 28976.29118424654
  },
  "PileupJetIDSF_Down": {
    "ptcorr_10to15_EB1": 29330.035005152225,
    "ptcorr_10to15_EB2": 17168.806015342474,
    "ptcorr_10to15_EE": 12415.200476258993,
    "ptcorr_15to20_EB1": 28506.510845720768,
    "ptcorr_15to20_EB2": 16218.20664730668,
    "ptcorr_15to20_EE": 11943.520429819822,
    "ptcorr_20to30_EB1": 47447.234183073044,
    "ptcorr_20to30_EB2": 28686.413701713085,
    "ptcorr_20to30_EE": 21218.25429955125,
    "ptcorr_30to50_EB1": 51925.63602940738,
    "ptcorr_30to50_EB2": 35984.85961982608,
    "ptcorr_30to50_EE": 30123.880849450827,
    "ptcorr_50to100_EB1": 31551.55827265978,
    "ptcorr_50to100_EB2": 29408.51668316126,
    "ptcorr_50to100_EE": 28947.91500583291
  },
  "JetEn_Up": {
    "ptcorr_10to15_EB1": 34458.80904176831,
    "ptcorr_10to15_EB2": 19919.248019069433,
    "ptcorr_10to15_EE": 14709.516181349754,
    "ptcorr_15to20_EB1": 33458.343035668135,
    "ptcorr_15to20_EB2": 18950.104672431946,
    "ptcorr_15to20_EE": 14466.967246979475,
    "ptcorr_20to30_EB1": 57103.122955560684,
    "ptcorr_20to30_EB2": 33693.830683648586,
    "ptcorr_20to30_EE": 24900.61895120144,
    "ptcorr_30to50_EB1": 59216.949818089604,
    "ptcorr_30to50_EB2": 40772.97049546242,
    "ptcorr_30to50_EE": 33416.50506877899,
    "ptcorr_50to100_EB1": 32411.70634177327,
    "ptcorr_50to100_EB2": 29288.695936471224,
    "ptcorr_50to100_EE": 27835.50829041004
  },
  "JetEn_Down": {
    "ptcorr_10to15_EB1": 23892.55368643999,
    "ptcorr_10to15_EB2": 13742.78313189745,
    "ptcorr_10to15_EE": 9564.43939884007,
    "ptcorr_15to20_EB1": 23281.341567099094,
    "ptcorr_15to20_EB2": 13370.512122437358,
    "ptcorr_15to20_EE": 9811.200508698821,
    "ptcorr_20to30_EB1": 38658.09923842549,
    "ptcorr_20to30_EB2": 23816.257863491774,