{
  "observed": 19.18550735153258,
  "expected": 22.10486301034689,
  "difference": -0.13206848001943342,
  "max_bin_difference": 0.0,
  "max_bin_difference_bin": -1,
  "max_bin_difference_filtered": 0.0,
  "max_bin_difference_filtered_bin": -1,
  "snr_threshold": 3.0,
  "mass_range_min": 10.0,
  "mass_range_max": 160.0,
  "percentile_68_difference": 0.0,
  "percentile_95_difference": 0.0,
  "rms_bin_difference": 0.0,
  "chi2": 4.818528441084823,
  "ndf": 5,
  "chi2_per_ndf": 0.9637056882169646,
  "p_value": 0.4384264332335893,
  "closure_uncertainty_scale": 0.9,
  "recommended_systematic_pct": 9.999999999999998
}