{
  "hyperparameters": {
    "signal": "MHc115_MA87",
    "channel": "Run3Mu",
    "iteration": 2,
    "model_idx": 9,
    "num_hidden": 96,
    "optimizer": "RMSprop",
    "initial_lr": 0.0002,
    "weight_decay": 0.00027,
    "scheduler": "ExponentialLR",
    "pilot_mode": false,
    "num_classes": 4,
    "model_type": "ParticleNet",
    "num_node_features": 9,
    "num_graph_features": 4,
    "dropout_p": 0.3,
    "batch_size": 1024,
    "train_folds": [
      0,
      1,
      2
    ],
    "valid_folds": [
      3
    ]
  },
  "training_summary": {
    "best_epoch": 76,
    "best_train_loss": 0.7114489871075746,
    "best_valid_loss": 0.7277683857718009,
    "best_train_acc": 0.7201571263563122,
    "best_valid_acc": 0.7141415451457845,
    "total_epochs": 81
  },
  "epoch_history": {
    "train_loss": [
      0.791056871600959,
      0.7758449326977251,
      0.7681594348220819,
      0.7664334722755569,
      0.7655898032727296,
      0.7594253193727856,
      0.7554873778028477,
      0.750573440170637,
      0.7483812477469214,
      0.7487944618688976,
      0.7445539993339936,
      0.7446476097441035,
      0.7421571940171179,
      0.7400710154057075,
      0.740472579615757,
      0.7360228379454661,
      0.7406463570979192,
      0.736064947012155,
      0.7366078969829795,
      0.7356925074108085,
      0.7429123784165912,
      0.7348940545220067,
      0.7378427654512463,
      0.7339049747064758,
      0.7376021015785796,
      0.7396839429764103,
      0.732733917359775,
      0.7319197476085216,
      0.7318013204204926,
      0.7326115052094889,
      0.727480746156839,
      0.7304047562748682,
      0.7303727828549824,
      0.7304634422252464,
      0.7325964933385812,
      0.7266393019841216,
      0.7259564404768643,
      0.7263109272876548,
      0.7334604005365906,
      0.7257317703298332,
      0.7270305737087499,
      0.7309460574846092,
      0.7292515766239238,
      0.7251531020748875,
      0.7237678267896955,
      0.7257988411817172,
      0.7222033467119203,
      0.7247670601457123,
      0.7223605844666745,
      0.7240571094606081,
      0.7217687323320711,
      0.7223674928949055,
      0.7199929088430453,
      0.7219563285285094,
      0.7204332494458191,
      0.7194161601011366,
      0.7208770893391442,
      0.7209277309057767,
      0.7204047597206245,
      0.7183837574307712,
      0.718219848119078,
      0.7176166152600262,
      0.7189193418533275,
      0.7180262878995162,
      0.7170248518604887,
      0.7162697446091884,
      0.7152459650805364,
      0.7190021690217668,
      0.7158174556219928,
      0.7147792659586274,
      0.7140851458537508,
      0.7134389137906286,
      0.7134586779498877,
      0.7134154752173988,
      0.7115098313489856,
      0.7135790343311428,
      0.7114489871075746,
      0.7135757097728923,
      0.7123510816734734,
      0.7129764771786185,
      0.712016444872507
    ],
    "valid_loss": [
      0.8048220069547157,
      0.7905565190860432,
      0.7820819308445532,
      0.7805605410033711,
      0.7800888171233051,
      0.7735350673443966,
      0.7693946539862387,
      0.764829110804329,
      0.7630385944993203,
      0.7623399060423023,
      0.7597163476963836,
      0.7591360179779262,
      0.756563513810831,
      0.7551946361643511,
      0.7551288178173724,
      0.750810605620973,
      0.7552271475631873,
      0.7509019775261991,
      0.7517175968888814,
      0.7510910459041608,
      0.7575882787818182,
      0.7492226281049695,
      0.7523851315262274,
      0.7485517005092022,
      0.7524317639252476,
      0.7548222527933042,
      0.7476625168308153,
      0.7468474008707569,
      0.7471060439440222,
      0.7481332205475298,
      0.742045235202688,
      0.7455721657598143,
      0.7456961564234535,
      0.7455707923488232,
      0.7480452594115303,
      0.7421801802537411,
      0.7415333937204072,
      0.7410973802577181,
      0.7489758974920233,
      0.7407662086165542,
      0.7421970982924836,
      0.7461531485411351,
      0.744648160967457,
      0.7407868219026645,
      0.7395447730221837,
      0.7410159974932043,
      0.737919752494241,
      0.7400078472825239,
      0.7381594475916973,
      0.7397887293548226,
      0.7372980878544968,
      0.7384401312892249,
      0.7358503113087341,
      0.7377966506392638,
      0.7363611734440924,
      0.735085170489541,
      0.7367090412310486,
      0.7366624323323967,
      0.7363603850685828,
      0.7340815066228332,
      0.7341721428428489,
      0.7335634090951693,
      0.7345239196068375,
      0.7338974381337322,
      0.7328447933154195,
      0.7319871886896826,
      0.731335649887157,
      0.7348340571816143,
      0.7318630129915655,
      0.7306048671009949,
      0.7302016920633183,
      0.7294464016089791,
      0.7292591608175454,
      0.7295161160696305,
      0.7278078473426849,
      0.7295170350577127,
      0.7277683857718009,
      0.7292976766841391,
      0.728718898979471,
      0.7293764177598966,
      0.7279671226959784
    ],
    "train_acc": [
      0.6930797438686598,
      0.6947682754709545,
      0.6982334499071629,
      0.6972610223145699,
      0.6960178529375484,
      0.7000357250993654,
      0.7029465997875718,
      0.7040263628805004,
      0.7026069710402412,
      0.7051397684436833,
      0.705549886176309,
      0.7050708814807813,
      0.7074963433838878,
      0.708034622907959,
      0.7047392628454161,
      0.7097167464206815,
      0.7078327680864324,
      0.7086209631038223,
      0.7105930526696902,
      0.7084960053571628,
      0.7065928027541969,
      0.7111201180370099,
      0.7068571364490532,
      0.7121358002342156,
      0.709450810703432,
      0.7058494643638129,
      0.710844570185402,
      0.7119932202412326,
      0.7114565427395544,
      0.711376441619901,
      0.7144763549504894,
      0.7112226474701664,
      0.7114981953217742,
      0.7111537605072644,
      0.7112530858956346,
      0.7132668280437224,
      0.7138563722843718,
      0.7146141288762934,
      0.7102710461686833,
      0.7143353769798995,
      0.7152004690721567,
      0.7130153105280106,
      0.7111745867983743,
      0.7159614297088644,
      0.7148304018993578,
      0.7160767753211654,
      0.7168297258459079,
      0.7157243303946903,
      0.7155865564688864,
      0.7173279548101523,
      0.7171020696527296,
      0.7166214629348089,
      0.7169290512342782,
      0.7154648027670131,
      0.715740350618621,
      0.7177829291697839,
      0.7163282928368773,
      0.7169178370775267,
      0.7186576333963997,
      0.7179335192747324,
      0.7172590678472504,
      0.7187265203593016,
      0.7185855423887115,
      0.7187505506951977,
      0.7182651379100977,
      0.7183997077911155,
      0.7194842769512232,
      0.7163202827249119,
      0.7201683405130637,
      0.7185663181199947,
      0.7196364690785648,
      0.7197037540190737,
      0.7196060306530965,
      0.7199969241170053,
      0.7207674968880715,
      0.7203237366851913,
      0.7201571263563122,
      0.7197406005341143,
      0.7200578009679419,
      0.7195579699813044,
      0.7203253387075844
    ],