process,threshold,initial_sensitivity,max_sensitivity,improvement
MHc-160_MA-85,0.43,0.900454823224065,1.0338578821673894,0.1481507517119811
