{
  "syst": "bjet",
  "observed": 104.68741571903229,
  "expected": 117.67844033241272,
  "difference": -0.1103942623362782,
  "max_bin_difference": 0.0,
  "max_bin_difference_bin": -1,
  "max_bin_difference_filtered": 0.0,
  "max_bin_difference_filtered_bin": -1,
  "snr_threshold": 3.0,
  "mass_range_min": 10.0,
  "mass_range_max": 160.0,
  "percentile_68_difference": 0.0,
  "percentile_95_difference": 0.0,
  "rms_bin_difference": 0.0,
  "chi2": 14.841656649743197,
  "ndf": 18,
  "chi2_per_ndf": 0.8245364805412887,
  "p_value": 0.6728093936838906,
  "closure_uncertainty_scale": 0.45,
  "recommended_systematic_pct": 55.00000000000001
}