{
  "syst": "bjet",
  "observed": 104.68741390109062,
  "expected": 117.6784417629242,
  "difference": -0.11039428859880204,
  "max_bin_difference": 0.0,
  "max_bin_difference_bin": -1,
  "max_bin_difference_filtered": 0.0,
  "max_bin_difference_filtered_bin": -1,
  "snr_threshold": 3.0,
  "mass_range_min": 10.0,
  "mass_range_max": 160.0,
  "percentile_68_difference": 0.0,
  "percentile_95_difference": 0.0,
  "rms_bin_difference": 0.0,
  "chi2": 13.802515740304962,
  "ndf": 17,
  "chi2_per_ndf": 0.8119126906061742,
  "p_value": 0.6810284755532146,
  "closure_uncertainty_scale": 0.45,
  "recommended_systematic_pct": 55.00000000000001
}