{
  "syst": "bjet",
  "observed": 104.68741485476494,
  "expected": 117.67844093272288,
  "difference": -0.11039427421871564,
  "max_bin_difference": 28.038627904352985,
  "max_bin_difference_bin": 151,
  "max_bin_difference_filtered": 0.8378972061074709,
  "max_bin_difference_filtered_bin": 84,
  "snr_threshold": 3.0,
  "mass_range_min": 10.0,
  "mass_range_max": 160.0,
  "percentile_68_difference": 0.19275470274155662,
  "percentile_95_difference": 0.4161977665899763,
  "rms_bin_difference": 0.22620506945280652,
  "chi2": 24.29541041209506,
  "ndf": 20,
  "chi2_per_ndf": 1.214770520604753,
  "p_value": 0.22972616851601582,
  "closure_uncertainty_scale": 1.25,
  "recommended_systematic_pct": 25.0
}