{
  "syst": "bjet",
  "observed": 53.48215981386602,
  "expected": 61.36180981528014,
  "difference": -0.12841293347009386,
  "max_bin_difference": 18.94362322898583,
  "max_bin_difference_bin": 93,
  "max_bin_difference_filtered": 0.6525929093854732,
  "max_bin_difference_filtered_bin": 54,
  "snr_threshold": 3.0,
  "mass_range_min": 10.0,
  "mass_range_max": 160.0,
  "percentile_68_difference": 0.25983462432242216,
  "percentile_95_difference": 0.6178751434649941,
  "rms_bin_difference": 0.2830675516142835,
  "chi2": 9.715140033205323,
  "ndf": 10,
  "chi2_per_ndf": 0.9715140033205323,
  "p_value": 0.46583045673841095,
  "closure_uncertainty_scale": 0.8,
  "recommended_systematic_pct": 19.999999999999996
}