{
  "syst": "ljet",
  "observed": 154.30267161130905,
  "expected": 248.8620831379667,
  "difference": -0.3799671301241774,
  "max_bin_difference": 0.0,
  "max_bin_difference_bin": -1,
  "max_bin_difference_filtered": 0.0,
  "max_bin_difference_filtered_bin": -1,
  "snr_threshold": 3.0,
  "mass_range_min": 10.0,
  "mass_range_max": 160.0,
  "percentile_68_difference": 0.0,
  "percentile_95_difference": 0.0,
  "rms_bin_difference": 0.0,
  "chi2": 139.37604820104968,
  "ndf": 33,
  "chi2_per_ndf": 4.223516612153021,
  "p_value": 4.9628192502784724e-15,
  "closure_uncertainty_scale": 3.45,
  "recommended_systematic_pct": 245.00000000000003
}