{
  "syst": "ljet",
  "observed": 154.30267359130085,
  "expected": 248.86208022397477,
  "difference": -0.37996711490786733,
  "max_bin_difference": 1.137707680664578,
  "max_bin_difference_bin": 148,
  "max_bin_difference_filtered": 1.137707680664578,
  "max_bin_difference_filtered_bin": 148,
  "snr_threshold": 3.0,
  "mass_range_min": 10.0,
  "mass_range_max": 160.0,
  "percentile_68_difference": 0.42996710606579414,
  "percentile_95_difference": 0.5662748689734466,
  "rms_bin_difference": 0.3899284111934944,
  "chi2": 53.39816809728971,
  "ndf": 40,
  "chi2_per_ndf": 1.3349542024322427,
  "p_value": 0.07635132172954764,
  "closure_uncertainty_scale": 1.3,
  "recommended_systematic_pct": 30.000000000000004
}