{
  "hyperparameters": {
    "signal": "MHc130_MA90",
    "channel": "Combined",
    "iteration": 0,
    "model_idx": 0,
    "num_hidden": 128,
    "optimizer": "RMSprop",
    "initial_lr": 0.0008,
    "weight_decay": 0.00079,
    "scheduler": "ReduceLROnPlateau",
    "pilot_mode": false,
    "num_classes": 4,
    "model_type": "ParticleNet",
    "num_node_features": 9,
    "num_graph_features": 8,
    "dropout_p": 0.4,
    "batch_size": 512,
    "train_folds": [
      0,
      1,
      2
    ],
    "valid_folds": [
      3
    ],
    "loss_type": "disco",
    "disco_lambda": 0.1
  },
  "training_summary": {
    "best_epoch": 7,
    "best_train_loss": 0.8413417152170435,
    "best_valid_loss": 0.8156927942924792,
    "best_train_acc": 0.39687197655439377,
    "best_valid_acc": 0.42308652587234974,
    "total_epochs": 18
  },
  "epoch_history": {
    "train_loss": [
      0.8686426572832231,
      0.8420459109361668,
      0.8422050606268665,
      0.8427205264771758,
      0.8417074053767598,
      0.8404652982848496,
      0.8402601118380706,
      0.8413417152170435,
      0.8416730861208138,
      0.841680845709791,
      0.8406686620093856,
      0.8390768526357189,
      0.8398762465337031,
      0.8392376688153264,
      0.8404890978295648,
      0.8388031839103829,
      0.8400962230695392,
      0.8381946550701258
    ],
    "valid_loss": [
      0.8427231732536765,
      0.8510209886009431,
      0.8243433959648737,
      0.8657932135150256,
      0.8296035805626598,
      0.8503981490269341,
      0.8455393759490889,
      0.8156927942924792,
      0.8390118923333599,
      0.8546310385779652,
      0.8922407925891145,
      0.8536781252497603,
      0.8334921131963315,
      0.8346457713095429,
      0.8341123771179667,
      0.8606781240009591,
      0.8166765373990968,
      0.816691054712476
    ],
    "train_acc": [
      0.37168384343385696,
      0.39713941514492035,
      0.3929896429181099,
      0.39244241267442703,
      0.39742495864629745,
      0.39673444628715515,
      0.3958062380552292,
      0.39687197655439377,
      0.3954332694411278,
      0.3928392753005028,
      0.3969076946377754,
      0.3973338007926941,
      0.3975001126527786,
      0.40251315385103226,
      0.39657194912433624,
      0.4001588821411133,
      0.3983410969376564,
      0.40146544575691223
    ],
    "valid_acc": [
      0.40315476815158036,
      0.39380018040537834,
      0.39699145033955574,
      0.380072895437479,
      0.4023426501080394,
      0.3865620419383049,
      0.37545356317423284,
      0.42308652587234974,
      0.3601522720709909,
      0.378716804087162,
      0.34864881441967555,
      0.3687270749360323,
      0.40628866851329803,
      0.4110534788342193,
      0.3751640748232603,
      0.38258038088679314,
      0.42292279470711946,
      0.4149799980223179
    ],
    "epoch": [
      0,
      1,
      2,
      3,
      4,
      5,
      6,
      7,
      8,
      9,
      10,
      11,
      12,
      13,
      14,
      15,
      16,
      17
    ],
    "timestamp": [
      1772528591.8279626,
      1772528768.3922186,
      1772529007.518067,
      1772529282.8162787,
      1772529557.2196884,
      1772529832.6209497,
      1772530106.301416,
      1772530382.009997,
      1772530656.9757762,
      1772530931.4479232,
      1772531206.4738524,
      1772531481.0366168,
      1772531755.930328,
      1772532030.5834582,
      1772532305.6999543,
      1772532581.1563964,
      1772532855.7095723,
      1772533130.5865314
    ],
    "train_ce_loss": [
      0.8231950073467994,
      0.7969185937285016,
      0.7978726023293192,
      0.7982568701176106,
      0.7971478465168956,
      0.7961006697025722,
      0.7961702853339524,
      0.7966985034759541,
      0.7971288909175697,
      0.7975749850476561,
      0.7957112770336887,
      0.7946555111747959,
      0.7954767026490319,
      0.7941204304886352,
      0.795248010357899,
      0.7939762216277497,
      0.7950017356119872,
      0.794145016641747
    ],
    "valid_ce_loss": [
      0.7988385548981864,
      0.8056458951262258,
      0.7842776157971844,
      0.8233244793341897,
      0.7883140430273607,
      0.8084004436764876,
      0.8048137763272161,
      0.7727396681790462,
      0.7966205198746508,
      0.8087343062128862,
      0.8438604813250129,
      0.8100234936265385,
      0.7860695724292179,
      0.7900520113423047,
      0.7947107147987541,
      0.8159194792932867,
      0.7735200976319325,
      0.7744940576498466
    ],
    "train_disco_term": [
      0.45447674419082473,
      0.45127326478933716,
      0.4433246897374607,
      0.44463708275871877,
      0.44559565978601523,
      0.4436459769288224,
      0.44089816899734957,
      0.4464320722369814,
      0.4454417514389082,
      0.44105845932616716,
      0.4495733782725326,
      0.44421343853754397,
      0.4439957193623427,
      0.451172379083906,
      0.4524111349529781,
      0.4482697104024399,
      0.4509446041804735,
      0.4404961905686929
    ],
    "valid_disco_term": [
      0.4388464851605008,
      0.4537505885905317,
      0.4006576865835263,
      0.42468767051044326,
      0.4128958787530889,
      0.41997658478482,
      0.40725642335994167,
      0.4295314975330592,
      0.42391345308869693,
      0.45896724826844454,
      0.48380264563633657,
      0.43654688781179735,
      0.4742258643860097,
      0.4459378601187635,
      0.39401673950502636,
      0.4475859352542311,
      0.43156399945621293,
      0.4219698334670128
    ]
  }
}