{
  "hyperparameters": {
    "signal": "MHc130_MA90",
    "channel": "Combined",
    "iteration": 0,
    "model_idx": 5,
    "num_hidden": 96,
    "optimizer": "Adadelta",
    "initial_lr": 0.0016,
    "weight_decay": 0.00047,
    "scheduler": "ReduceLROnPlateau",
    "pilot_mode": false,
    "num_classes": 4,
    "model_type": "ParticleNet",
    "num_node_features": 9,
    "num_graph_features": 8,
    "dropout_p": 0.4,
    "batch_size": 512,
    "train_folds": [
      0,
      1,
      2
    ],
    "valid_folds": [
      3
    ],
    "loss_type": "disco",
    "disco_lambda": 0.1
  },
  "training_summary": {
    "best_epoch": 57,
    "best_train_loss": 1.0030506121013758,
    "best_valid_loss": 1.0400865949938058,
    "best_train_acc": 0.26642489433288574,
    "best_valid_acc": 0.24993020296096802,
    "total_epochs": 68
  },
  "epoch_history": {
    "train_loss": [
      1.5034948355508746,
      1.4704834609308342,
      1.439347511265465,
      1.4028786929394197,
      1.3795413905850042,
      1.3566840370360496,
      1.3383581792942085,
      1.3131500348296181,
      1.2984875363294581,
      1.2704977094109962,
      1.2653485711524104,
      1.249324238747867,
      1.2437994113961177,
      1.2218382122573592,
      1.2148288557553861,
      1.2010944874213416,
      1.1957563068272719,
      1.1802045281836604,
      1.1735802347749573,
      1.1660154166888865,
      1.1572773904116893,
      1.1488397487601323,
      1.1405487581324658,
      1.1351267323152197,
      1.13211299128093,
      1.1247865852642385,
      1.1213301831138012,
      1.1110954414862415,
      1.1052810616867534,
      1.0969675734588311,
      1.0962606696952326,
      1.088474937673315,
      1.0839142783103135,
      1.0788426317859428,
      1.0759101320859108,
      1.0675651888798527,
      1.0670247256959258,
      1.062788302581058,
      1.05974383565753,
      1.0567011393784662,
      1.0512384928940912,
      1.0465017064846416,
      1.0435965996960324,
      1.0420932183900384,
      1.0389752176434515,
      1.03402949518718,
      1.0311160559540316,
      1.0255433170461818,
      1.027632469203285,
      1.0215126011558766,
      1.0189554780823378,
      1.0193462697312288,
      1.0136050071325726,
      1.0117368730668728,
      1.0121099582711177,
      1.0085870007199231,
      1.0041808040475682,
      1.0030506121013758,
      1.0003930830711392,
      1.0002717418475362,
      0.9966005709390998,
      0.9954354868813993,
      0.9898946195739121,
      0.991613290415689,
      0.9911387576991788,
      0.9852461570765785,
      0.986563829024904,
      0.986194389265145
    ],
    "valid_loss": [
      1.1409396978900255,
      1.1461457937879636,
      1.1305935364550033,
      1.1244897086297154,
      1.1214139113950607,
      1.1231759698189738,
      1.1285091312340154,
      1.1185806157338956,
      1.1123483174902093,
      1.1080155238471068,
      1.1092448124800192,
      1.0979564305766465,
      1.0963446965912724,
      1.0952739276544516,
      1.0920773869585199,
      1.0930419297474425,
      1.0905267661794678,
      1.0855061953025096,
      1.0899130584638748,
      1.0798119742547154,
      1.0788387679078084,
      1.0737594253266864,
      1.0768196905970269,
      1.069943089009551,
      1.0662577207131154,
      1.065097350293718,
      1.0648088772278612,
      1.062600606542719,
      1.063074292429268,
      1.0591287051930147,
      1.0628861137058423,
      1.057286099094869,
      1.0553041736183264,
      1.057864606228021,
      1.053655678049073,
      1.0572665865768862,
      1.051728465672954,
      1.0486300339174393,
      1.0502264700887147,
      1.051418606887388,
      1.0460445472346547,
      1.0439309512867647,
      1.0464643005214993,
      1.0471025940097507,
      1.0491578865539082,
      1.0454947625279731,
      1.045284807834479,
      1.04464620214594,
      1.0433013994065696,
      1.043979030131074,
      1.0434412651354699,
      1.0432361495464355,
      1.0419035226182864,
      1.0442501760809624,
      1.0420789011299152,
      1.0421264336237213,
      1.0412515703674472,
      1.0400865949938058,
      1.0430959716172474,
      1.0417339978620523,
      1.0430588978330801,
      1.0444481110633792,
      1.0471038428109016,
      1.0463836747971946,
      1.0461851934642743,
      1.0474037111872603,
      1.0484478650495523,
      1.0465201843730019
    ],
    "train_acc": [
      0.2569018453359604,
      0.25736967474222183,
      0.25378162786364555,
      0.2587674930691719,
      0.2575071193277836,
      0.2582228370010853,
      0.25647328048944473,
      0.25838252529501915,
      0.2586662396788597,
      0.26067183911800385,
      0.25999606400728226,
      0.25937802344560623,
      0.2590613067150116,
      0.26067429780960083,
      0.2602662593126297,
      0.2607937604188919,
      0.2588614821434021,
      0.2623591646552086,
      0.2617123872041702,
      0.26434924453496933,
      0.26051878929138184,
      0.2619270756840706,
      0.26126596331596375,
      0.2615208551287651,
      0.2594551667571068,
      0.2605545371770859,
      0.2595254182815552,
      0.26049084961414337,
      0.2620993033051491,
      0.26170170307159424,
      0.26162393391132355,
      0.2634517773985863,
      0.2625660076737404,
      0.26592057198286057,
      0.2610945701599121,
      0.26725276559591293,
      0.2614474892616272,
      0.26395293325185776,
      0.26479824632406235,
      0.26255010068416595,
      0.26390404999256134,
      0.2660079076886177,
      0.26417316496372223,
      0.2655329778790474,
      0.26327652484178543,
      0.26511895656585693,
      0.26657240837812424,
      0.26766618341207504,
      0.2647763565182686,
      0.2677642032504082,
      0.26621147245168686,
      0.2650611475110054,
      0.2680564448237419,
      0.2686285078525543,
      0.2663763239979744,
      0.26851052790880203,
      0.26827696710824966,
      0.26642489433288574,
      0.268891841173172,
      0.2667210325598717,
      0.26841527223587036,
      0.26961056143045425,
      0.26973268389701843,
      0.27015450596809387,
      0.2663996294140816,
      0.27322377264499664,
      0.2692435532808304,
      0.26738259941339493
    ],