{
  "hyperparameters": {
    "signal": "MHc130_MA90",
    "channel": "Combined",
    "iteration": 0,
    "model_idx": 14,
    "num_hidden": 128,
    "optimizer": "RMSprop",
    "initial_lr": 0.0005,
    "weight_decay": 3e-05,
    "scheduler": "CyclicLR",
    "pilot_mode": false,
    "num_classes": 4,
    "model_type": "ParticleNet",
    "num_node_features": 9,
    "num_graph_features": 8,
    "dropout_p": 0.4,
    "batch_size": 512,
    "train_folds": [
      0,
      1,
      2
    ],
    "valid_folds": [
      3
    ],
    "loss_type": "disco",
    "disco_lambda": 0.1
  },
  "training_summary": {
    "best_epoch": 40,
    "best_train_loss": 0.7770016510738854,
    "best_valid_loss": 0.7466846670945892,
    "best_train_acc": 0.4786210134625435,
    "best_valid_acc": 0.5055694505572319,
    "total_epochs": 51
  },
  "epoch_history": {
    "train_loss": [
      0.9372342991747546,
      0.8298790837310687,
      0.8140501471509706,
      0.8107957026250533,
      0.8074911592763439,
      0.8036744830551408,
      0.7999412875126654,
      0.7953318312713311,
      0.7880074042102175,
      0.7928712603988908,
      0.7948638603548954,
      0.7992997413609215,
      0.7959047909889612,
      0.7945390512511998,
      0.7902872131139345,
      0.7868745562973283,
      0.7814782048248187,
      0.785372685246907,
      0.7910999389231815,
      0.7961551809473656,
      0.7930801964457125,
      0.7921185281903264,
      0.7887959659303008,
      0.78548027793702,
      0.7784477468236721,
      0.7845029342703445,
      0.7917353398970777,
      0.794769287109375,
      0.7933026206371321,
      0.7911613386238802,
      0.7890732280223443,
      0.7849427831864602,
      0.7789313931513971,
      0.7847532721509706,
      0.7905881185173581,
      0.7952299671368387,
      0.7931929448358842,
      0.7912570055027464,
      0.7871868146564367,
      0.7824095638131933,
      0.7770016510738854,
      0.784523400837244,
      0.7903310105255439,
      0.794519105462084,
      0.7902419575245307,
      0.7910075008665742,
      0.7890905178447633,
      0.7839865830978029,
      0.77722391903197,
      0.7852996201238535,
      0.7907886700418622
    ],
    "valid_loss": [
      0.8502484489889706,
      0.7989069555726502,
      0.7931765973415521,
      0.794977290551071,
      0.7898415958180147,
      0.7819978757892423,
      0.7786674792199488,
      0.7700157848465473,
      0.7638012820192616,
      0.7675043676820252,
      0.7776315206152093,
      0.7886617909307065,
      0.7674058684912484,
      0.7690926085957481,
      0.7607745782798513,
      0.7641334631253996,
      0.7528677157428868,
      0.7635099991508152,
      0.7650184728910246,
      0.773895341721947,
      0.7636370646679188,
      0.7690186171275576,
      0.7620857414382193,
      0.754117609594789,
      0.7528469544237532,
      0.7591065701926151,
      0.7682840098505435,
      0.7671822550351662,
      0.7662837426070972,
      0.7613964812529971,
      0.7620455456511749,
      0.7584698377058025,
      0.7501482951366688,
      0.7591084433943415,
      0.765826213085438,
      0.7665634740648977,
      0.767957838599944,
      0.7648811047644262,
      0.7615022391004636,
      0.7578697887527973,
      0.7466846670945892,
      0.7594001165131474,
      0.7631981110633792,
      0.7660939248321611,
      0.7682891611552909,
      0.7668767670536285,
      0.7635583901954124,
      0.7545488362422075,
      0.7487423011409048,
      0.7498060455712516,
      0.7633754408268063
    ],
    "train_acc": [
      0.31715549528598785,
      0.41320933029055595,
      0.4366915374994278,
      0.4400217831134796,
      0.44279666244983673,
      0.44769905507564545,
      0.45235997438430786,
      0.45870015025138855,
      0.46597151458263397,
      0.46315254271030426,
      0.45774710923433304,
      0.4565078541636467,
      0.4567885249853134,
      0.4610713720321655,
      0.4650474488735199,
      0.4682192802429199,
      0.47311506420373917,
      0.46908463537693024,
      0.46296533197164536,
      0.45911503583192825,
      0.4618261381983757,
      0.46551913022994995,
      0.46588868647813797,
      0.471410907804966,
      0.4785086661577225,
      0.47015945613384247,
      0.4652584418654442,
      0.45863859355449677,
      0.4635549783706665,
      0.4655730277299881,
      0.4681325629353523,
      0.4707038924098015,
      0.4763663485646248,
      0.47161298245191574,
      0.46465572714805603,
      0.4588072821497917,
      0.4617086201906204,
      0.4635022208094597,
      0.46938756108283997,
      0.470940038561821,
      0.4786210134625435,
      0.4714956134557724,
      0.4630412310361862,
      0.4601582959294319,
      0.46523693203926086,
      0.4642360284924507,
      0.4655270650982857,
      0.4722359851002693,
      0.47876986116170883,
      0.47086210548877716,
      0.46521685272455215
    ],
    "valid_acc": [
      0.3918205536901951,
      0.44521916657686234,
      0.4580543339252472,
      0.45100920274853706,
      0.4607635661959648,
      0.463691096752882,
      0.46902910992503166,
      0.4818015694618225,
      0.48362889885902405,
      0.49010276049375534,
      0.47524048760533333,
      0.4619944803416729,
      0.48574042320251465,
      0.48110371455550194,
      0.4918542578816414,
      0.4854637198150158,
      0.49768105894327164,
      0.49457724392414093,
      0.4919809326529503,
      0.4811016246676445,
      0.4901490733027458,
      0.48846401274204254,
      0.49019498378038406,
      0.4959527403116226,
      0.49765079841017723,
      0.4892486296594143,
      0.4947502538561821,
      0.4808506816625595,
      0.4868771433830261,
      0.49155930429697037,
      0.4890713542699814,
      0.49129946157336235,
      0.502026878297329,
      0.49868787825107574,
      0.48764693364501,
      0.48662783205509186,
      0.48102058842778206,
      0.48928404599428177,
      0.48925159871578217,
      0.49950579553842545,
      0.5055694505572319,
      0.4940585345029831,
      0.49502741545438766,
      0.4891571179032326,
      0.4766778703778982,
      0.48553550243377686,
      0.4905836842954159,
      0.4977823756635189,
      0.5082447379827499,
      0.503954105079174,
      0.48922349512577057
    ],
    "epoch": [
      0,
      1,
      2,
      3,
      4,
      5,
      6,
      7,
      8,
      9,
      10,
      11,
      12,
      13,
      14,
      15,
      16,
      17,
      18,
      19,
      20,
      21,
      22,
      23,
      24,
      25,
      26,
      27,
      28,
      29,
      30,
      31,
      32,
      33,
      34,
      35,
      36,
      37,
      38,
      39,
      40,
      41,
      42,
      43,
      44,
      45,
      46,
      47,
      48,
      49,
      50
    ],