{
  "observed": 137.26537562161684,
  "expected": 150.87831376351824,
  "difference": -0.09022461745720377,
  "max_bin_difference": 1.0559515257543324,
  "max_bin_difference_bin": 150,
  "max_bin_difference_filtered": 1.0559515257543324,
  "max_bin_difference_filtered_bin": 150,
  "snr_threshold": 3.0,
  "mass_range_min": 10.0,
  "mass_range_max": 160.0,
  "percentile_68_difference": 0.31205725273527163,
  "percentile_95_difference": 0.6052223951583346,
  "rms_bin_difference": 0.30553616170027065,
  "chi2": 368.0371236059006,
  "ndf": 272,
  "chi2_per_ndf": 1.353077660315811,
  "p_value": 9.15642905650459e-05,
  "closure_uncertainty_scale": 1.3,
  "recommended_systematic_pct": 30.000000000000004
}