{
  "hyperparameters": {
    "signal": "MHc160_MA85",
    "channel": "Run3Mu",
    "iteration": 1,
    "model_idx": 19,
    "num_hidden": 128,
    "optimizer": "Adam",
    "initial_lr": 0.0001,
    "weight_decay": 2e-05,
    "scheduler": "ReduceLROnPlateau",
    "pilot_mode": false,
    "num_classes": 4,
    "model_type": "ParticleNet",
    "num_node_features": 9,
    "num_graph_features": 4,
    "dropout_p": 0.3,
    "batch_size": 1024,
    "train_folds": [
      0,
      1,
      2
    ],
    "valid_folds": [
      3
    ]
  },
  "training_summary": {
    "best_epoch": 80,
    "best_train_loss": 0.7460102479078905,
    "best_valid_loss": 0.7659236270837065,
    "best_train_acc": 0.7047852153949442,
    "best_valid_acc": 0.697429888042566,
    "total_epochs": 81
  },
  "epoch_history": {
    "train_loss": [
      1.0132511878209909,
      0.9037158160588303,
      0.8606591538530179,
      0.8459237891560086,
      0.8358217339727849,
      0.8334182875422164,
      0.8283908232345558,
      0.8247342731064164,
      0.8221140931778388,
      0.8214235778736143,
      0.8167773114130485,
      0.8151986718922353,
      0.8116787371661981,
      0.8085226061935954,
      0.8041906904564319,
      0.8069182464993312,
      0.8023623592044562,
      0.8010321659364965,
      0.8006658959656893,
      0.7985051635074372,
      0.7962785753190982,
      0.7947597080530874,
      0.7931878873866925,
      0.7929378876156619,
      0.7927257594364763,
      0.7879839518494274,
      0.7876823004248211,
      0.7878424668725899,
      0.7877634937316602,
      0.7846820238291243,
      0.783699604159129,
      0.7818272773051828,
      0.7803889644806777,
      0.7802154782724736,
      0.778161850608753,
      0.7755285407332992,
      0.7732311037289795,
      0.7710050525446397,
      0.7692481165189599,
      0.768101383678516,
      0.7673346002622073,
      0.7651463469967303,
      0.7662948183467277,
      0.7636705283215228,
      0.7652858785231669,
      0.7618003744280336,
      0.7630091929464125,
      0.7606807112371599,
      0.76008636061421,
      0.7613670170788389,
      0.7586190817082014,
      0.7594724435975625,
      0.7598186134488916,
      0.7575982706893885,
      0.757034334210162,
      0.7567933305142731,
      0.7584874721436888,
      0.7563360198454966,
      0.7557814589745045,
      0.7554654476053974,
      0.7549293320892713,
      0.7540565720408399,
      0.7532826393677639,
      0.7533912452282285,
      0.7525727469155148,
      0.7536558694287665,
      0.7515828878339432,
      0.7508364533347275,
      0.7522493318601758,
      0.7503939010696042,
      0.7499914617083502,
      0.7504280082702506,
      0.7507529018327816,
      0.7501139597847248,
      0.7488680235386688,
      0.7485118311581448,
      0.7481168103675634,
      0.7470260122684638,
      0.7478220775274572,
      0.7470981984573478,
      0.7460102479078905
    ],
    "valid_loss": [
      1.0392306888299245,
      0.9257792497742504,
      0.8812575395317678,
      0.8651918625914288,
      0.8545531772295236,
      0.8516172590190648,
      0.8464984655489738,
      0.8425948193702685,
      0.83926060783844,
      0.8387890842178413,
      0.834229086358658,
      0.8326058811744161,
      0.8291006921432532,
      0.8257729976552386,
      0.82193341113456,
      0.8238824397553461,
      0.8204679142545526,
      0.8187094439852199,
      0.8190466791953449,
      0.8167517006819158,
      0.813843760260641,
      0.8128878901177671,
      0.8109419478564276,
      0.8112349359852757,
      0.8110012657374418,
      0.8060975100667945,
      0.8059282901951603,
      0.8061472810863246,
      0.8066698111884318,
      0.8037241619932681,
      0.8027115963963021,
      0.8005983276879446,
      0.7994311843647595,
      0.7993265356850867,
      0.7967662034735989,
      0.7939057250410179,
      0.7915778904395816,
      0.7894285693414274,
      0.7876585947536406,
      0.7860227309771581,
      0.785307695940046,
      0.7834017470786478,
      0.783986330088981,
      0.7816685848117987,
      0.7833881669037774,
      0.7798464581674517,
      0.7814696817156893,
      0.7789013367612586,
      0.7782019340755439,
      0.7795324623523395,
      0.7768424491602636,
      0.7777904116699071,
      0.778451330669438,
      0.7756962881520324,
      0.77537065536276,
      0.775713874335927,
      0.777478285116259,
      0.775003987741681,
      0.7744209649460935,
      0.7739433959464143,
      0.7736120374565666,
      0.7732393817230782,
      0.7723767893220238,
      0.7723914648125892,
      0.7717425031906187,
      0.7731452812259219,
      0.771007280806264,
      0.7701627290979995,
      0.7713593212630823,
      0.7699134695091792,
      0.769586520311368,
      0.7698960285458301,
      0.770081257230775,
      0.7696086358781661,
      0.7685670423614159,
      0.7680276971216049,
      0.7680591756682978,
      0.7669576111405262,
      0.7672172867394197,
      0.7668828363326003,
      0.7659236270837065
    ],
    "train_acc": [
      0.6672931771908437,
      0.6690209064631786,
      0.6725217492006904,
      0.6738159811827746,
      0.6763261965385946,
      0.6745718627394212,
      0.6761117953517197,
      0.6758050608069935,
      0.6760053772443657,
      0.6756532585067975,
      0.6764826937552916,
      0.6763387163159303,
      0.6796721070315764,
      0.6811353560076934,
      0.6831338254649141,
      0.6793778922641861,
      0.6822809156339155,
      0.6824499326279482,
      0.6841119330692703,
      0.6843122495066425,
      0.6842480856477967,
      0.6851291649778009,
      0.6858803516179465,
      0.6851354248664687,
      0.6862309053833477,
      0.6886253127988119,
      0.6882199850075666,
      0.687993064043356,
      0.6872684819300489,
      0.6897833922023697,
      0.6899148498643951,
      0.6902794883792992,
      0.6914078333116845,
      0.6910870140174556,
      0.6919790481526286,
      0.6932576304130431,
      0.694515868035287,
      0.6951700264010805,
      0.6958460943772115,
      0.6963781849139813,
      0.696342190554141,
      0.6980636599378081,
      0.6974016767111797,
      0.6978132643910928,
      0.6974752304030273,
      0.6990448974864982,
      0.69864113466742,
      0.6989556940729809,
      0.6997491349616347,
      0.6986004453910787,
      0.7000073553691848,
      0.6999760559258453,
      0.6992765133672098,
      0.7002108017508909,
      0.7006818583731488,
      0.7006755984844809,
      0.6998993722896638,
      0.7009385138085319,
      0.7010809262757262,
      0.7005191012677839,
      0.701505033732975,
      0.7021936214864418,
      0.702182666681273,
      0.7020684237130843,
      0.7022765650112913,
      0.7018790620808809,
      0.7027570114665511,
      0.7029448081265874,
      0.7021153728780933,
      0.7033297912796621,
      0.7031732940629651,
      0.7029072487945802,
      0.7031717290907982,
      0.7035582772160397,
      0.7036912998502322,
      0.7042093056374993,
      0.7038900513154374,
      0.7045942887905738,
      0.7038102377349219,
      0.7044252717965411,
      0.7047852153949442
    ],