{
  "hyperparameters": {
    "signal": "MHc160_MA85",
    "channel": "Run3Mu",
    "iteration": 1,
    "model_idx": 13,
    "num_hidden": 96,
    "optimizer": "Adadelta",
    "initial_lr": 0.0008,
    "weight_decay": 0.00958,
    "scheduler": "CyclicLR",
    "pilot_mode": false,
    "num_classes": 4,
    "model_type": "ParticleNet",
    "num_node_features": 9,
    "num_graph_features": 4,
    "dropout_p": 0.3,
    "batch_size": 1024,
    "train_folds": [
      0,
      1,
      2
    ],
    "valid_folds": [
      3
    ]
  },
  "training_summary": {
    "best_epoch": 0,
    "best_train_loss": 1.2416623519138783,
    "best_valid_loss": 1.2492880177355528,
    "best_train_acc": 0.4889301693769376,
    "best_valid_acc": 0.4753440276172228,
    "total_epochs": 8
  },
  "epoch_history": {
    "train_loss": [
      1.2416623519138783,
      1.2574073419194387,
      1.3240055677373408,
      1.4669810756937554,
      1.5720545911742152,
      1.586836877303086,
      1.5593690609964743,
      1.5269655973471166
    ],
    "valid_loss": [
      1.2492880177355528,
      1.255690363414739,
      1.3090275791029697,
      1.4385240609750538,
      1.5387453040169938,
      1.5552660103268905,
      1.5324140332838492,
      1.5027153632384445
    ],
    "train_acc": [
      0.4889301693769376,
      0.4207646767002249,
      0.27761041269881015,
      0.2584379386812605,
      0.2671407489017808,
      0.2911975010524438,
      0.34350982567775035,
      0.373272466349186
    ],
    "valid_acc": [
      0.4753440276172228,
      0.4302285071814281,
      0.30030166748483744,
      0.28026176186479596,
      0.28955327875342446,
      0.31500102931162804,
      0.3666487196946903,
      0.39574656764160954
    ],
    "epoch": [
      0,
      1,
      2,
      3,
      4,
      5,
      6,
      7
    ],
    "timestamp": [
      1760931667.3275049,
      1760932031.2547688,
      1760932410.1421957,
      1760932776.1747658,
      1760933167.3735485,
      1760933495.741502,
      1760933872.582216,
      1760934268.7104244
    ]
  }
}