{
  "syst": "TT",
  "observed": 62.3120858669281,
  "expected": 55.59216487407684,
  "difference": 0.12087892256170835,
  "max_bin_difference": 0.0,
  "max_bin_difference_bin": -1,
  "max_bin_difference_filtered": 0.0,
  "max_bin_difference_filtered_bin": -1,
  "snr_threshold": 3.0,
  "mass_range_min": 10.0,
  "mass_range_max": 160.0,
  "percentile_68_difference": 0.0,
  "percentile_95_difference": 0.0,
  "rms_bin_difference": 0.0,
  "chi2": 12.445657721796307,
  "ndf": 9,
  "chi2_per_ndf": 1.3828508579773675,
  "p_value": 0.18933480922110335,
  "closure_uncertainty_scale": 1.4000000000000001,
  "recommended_systematic_pct": 40.000000000000014
}