{
  "hyperparameters": {
    "signal": "MHc115_MA87",
    "channel": "Run3Mu",
    "iteration": 1,
    "model_idx": 10,
    "num_hidden": 64,
    "optimizer": "RMSprop",
    "initial_lr": 0.0023,
    "weight_decay": 0.00027,
    "scheduler": "ReduceLROnPlateau",
    "pilot_mode": false,
    "num_classes": 4,
    "model_type": "ParticleNet",
    "num_node_features": 9,
    "num_graph_features": 4,
    "dropout_p": 0.3,
    "batch_size": 1024,
    "train_folds": [
      0,
      1,
      2
    ],
    "valid_folds": [
      3
    ]
  },
  "training_summary": {
    "best_epoch": 6,
    "best_train_loss": 0.8186230751802638,
    "best_valid_loss": 0.8328869315535025,
    "best_train_acc": 0.6907007406149523,
    "best_valid_acc": 0.6865571830392244,
    "total_epochs": 14
  },
  "epoch_history": {
    "train_loss": [
      0.8300175515105426,
      0.823460976638862,
      0.8860217585946123,
      0.8461372076539111,
      0.8542081932434631,
      0.833115531590048,
      0.8186230751802638,
      0.8845896766132253,
      0.8810688638728156,
      0.8313396221526774,
      0.841208744555846,
      0.8611401668720499,
      0.8421312654450447,
      0.8261865962207878
    ],
    "valid_loss": [
      0.8416173883405782,
      0.835882910871057,
      0.9048304068273709,
      0.8596383871791712,
      0.8696116312530334,
      0.8456290976033559,
      0.8328869315535025,
      0.8995587124609967,
      0.8932233701565533,
      0.8452696936093437,
      0.8538356119501417,
      0.876159154423862,
      0.8574315061929991,
      0.8392601581830661
    ],
    "train_acc": [
      0.6844913018194169,
      0.6915866589983195,
      0.6517251378139763,
      0.6914216506918334,
      0.6817294152137658,
      0.6909074015036583,
      0.6907007406149523,
      0.6443510287386797,
      0.6642225145023077,
      0.6861782313993186,
      0.6911733372209077,
      0.6785558088530962,
      0.6836470360182695,
      0.6892412982148665
    ],
    "valid_acc": [
      0.6809641152009857,
      0.6875461022801884,
      0.642659706404468,
      0.6874853080645553,
      0.6786620409023483,
      0.6869138424376049,
      0.6865571830392244,
      0.6375610981867113,
      0.6580122723256625,
      0.6823542762651277,
      0.6867355127384146,
      0.6736607034296044,
      0.6798211839470847,
      0.685122439550285
    ],
    "epoch": [
      0,
      1,
      2,
      3,
      4,
      5,
      6,
      7,
      8,
      9,
      10,
      11,
      12,
      13
    ],
    "timestamp": [
      1761059396.7365954,
      1761059744.6766646,
      1761060139.4326549,
      1761060526.5094054,
      1761060906.7010221,
      1761061290.0709157,
      1761061630.6881773,
      1761062014.5731056,
      1761062376.3154016,
      1761062730.5219474,
      1761063039.6547885,
      1761063399.9662275,
      1761063757.1756794,
      1761064107.3264492
    ]
  }
}