{
  "hyperparameters": {
    "signal": "MHc115_MA87",
    "channel": "Run3Mu",
    "iteration": 1,
    "model_idx": 7,
    "num_hidden": 64,
    "optimizer": "RMSprop",
    "initial_lr": 0.0069,
    "weight_decay": 0.00027,
    "scheduler": "ExponentialLR",
    "pilot_mode": false,
    "num_classes": 4,
    "model_type": "ParticleNet",
    "num_node_features": 9,
    "num_graph_features": 4,
    "dropout_p": 0.3,
    "batch_size": 1024,
    "train_folds": [
      0,
      1,
      2
    ],
    "valid_folds": [
      3
    ]
  },
  "training_summary": {
    "best_epoch": 6,
    "best_train_loss": 0.8317863067504386,
    "best_valid_loss": 0.8437569281559132,
    "best_train_acc": 0.6856912165918255,
    "best_valid_acc": 0.6818598166446457,
    "total_epochs": 14
  },
  "epoch_history": {
    "train_loss": [
      0.8622464621897277,
      0.8889578315970769,
      0.8526932575953415,
      1.336950117684033,
      1.0454193234867821,
      0.8680240610551447,
      0.8317863067504386,
      1.2982844200722117,
      1.249881800589752,
      0.85308021400904,
      0.8583819223641832,
      0.8360252163972424,
      0.8782101257048773,
      1.8199415927041296
    ],
    "valid_loss": [
      0.8731138223541407,
      0.8990768710539963,
      0.8676664253823672,
      1.3533956954473556,
      1.0700246115843315,
      0.8830129806514968,
      0.8437569281559132,
      1.310917613345274,
      1.2920378771631975,
      0.864791539504113,
      0.8730627394801309,
      0.8495858501419576,
      0.8905600608141637,
      1.8309977181548183
    ],
    "train_acc": [
      0.6898756990825218,
      0.6753966206939641,
      0.6893053791105892,
      0.4019137759507602,
      0.5671191311912158,
      0.6835653328762229,
      0.6856912165918255,
      0.5390516988646468,
      0.5382474836233261,
      0.6807329572852769,
      0.6763674462641639,
      0.6870353133796104,
      0.6677517698342388,
      0.3127035569703193
    ],
    "valid_acc": [
      0.6858033347653748,
      0.671200564170321,
      0.6849481627988036,
      0.4008446343025282,
      0.5472978997624973,
      0.6802548493519337,
      0.6818598166446457,
      0.5273209205054836,
      0.5175978989519078,
      0.6778798219945367,
      0.6724326602738171,
      0.6832702424473319,
      0.6628677036808871,
      0.3254111715450647
    ],
    "epoch": [
      0,
      1,
      2,
      3,
      4,
      5,
      6,
      7,
      8,
      9,
      10,
      11,
      12,
      13
    ],
    "timestamp": [
      1761059475.7581248,
      1761059840.935886,
      1761060197.549933,
      1761060577.3408804,
      1761060956.0161698,
      1761061332.414059,
      1761061671.4609811,
      1761062063.4487987,
      1761062431.388769,
      1761062792.0116158,
      1761063147.243873,
      1761063466.4381585,
      1761063827.8065789,
      1761064192.906867
    ]
  }
}