{
  "hyperparameters": {
    "signal": "MHc115_MA87",
    "channel": "Run3Mu",
    "iteration": 1,
    "model_idx": 1,
    "num_hidden": 128,
    "optimizer": "RMSprop",
    "initial_lr": 0.0002,
    "weight_decay": 8e-05,
    "scheduler": "ExponentialLR",
    "pilot_mode": false,
    "num_classes": 4,
    "model_type": "ParticleNet",
    "num_node_features": 9,
    "num_graph_features": 4,
    "dropout_p": 0.3,
    "batch_size": 1024,
    "train_folds": [
      0,
      1,
      2
    ],
    "valid_folds": [
      3
    ]
  },
  "training_summary": {
    "best_epoch": 65,
    "best_train_loss": 0.6985456268117872,
    "best_valid_loss": 0.7165053598590898,
    "best_train_acc": 0.7255959923807815,
    "best_valid_acc": 0.7194873831737822,
    "total_epochs": 73
  },
  "epoch_history": {
    "train_loss": [
      0.7880485031334807,
      0.7719900800524488,
      0.7612531975404814,
      0.7564669793444119,
      0.74000105526185,
      0.7416832958657478,
      0.7344674487385375,
      0.7295056589008276,
      0.7288008536273066,
      0.7304414169596136,
      0.7305970322071301,
      0.7271056873310148,
      0.7261774448634268,
      0.7222017296314555,
      0.7210553090013803,
      0.721009105410295,
      0.7205628099756883,
      0.7219847620792739,
      0.7217775094767916,
      0.7184774847853869,
      0.7200325324478685,
      0.7179111740739634,
      0.7189580982501059,
      0.7199132984796414,
      0.7156849240563319,
      0.7144538685069626,
      0.7170540177811093,
      0.7152912531604115,
      0.7167785224860833,
      0.7146513832304088,
      0.7141616391962902,
      0.7127430361936565,
      0.7130961124835712,
      0.7156939001827156,
      0.7140726437429611,
      0.7105758184131648,
      0.7108204307273752,
      0.7151559204022752,
      0.7103658087168461,
      0.7084161327486381,
      0.7099326052978812,
      0.7101406806675403,
      0.7096148336351216,
      0.7073837148735314,
      0.7087928429755974,
      0.7093859233208503,
      0.7077514453073686,
      0.7062503238267677,
      0.7049426699194751,
      0.7093516721231539,
      0.7040473534414845,
      0.7044795124267219,
      0.7039535732369481,
      0.7037236397071412,
      0.7035399651117227,
      0.7040700146662021,
      0.7043790202333458,
      0.703392745081469,
      0.701697957534795,
      0.7002692598550473,
      0.7022300715118077,
      0.701586469722268,
      0.7004647154849533,
      0.7016779497574457,
      0.7007027089454759,
      0.6985456268117872,
      0.7019298691965612,
      0.6996088423060428,
      0.6992579087113009,
      0.6999017637991201,
      0.7009452505792532,
      0.6996796357283935,
      0.7009914449790478
    ],
    "valid_loss": [
      0.8015881690316355,
      0.7865576496823249,
      0.7757525586231181,
      0.771232981171889,
      0.754370976707282,
      0.7569219414263881,
      0.7493290288667084,
      0.7444863537587069,
      0.7433989625328574,
      0.7446479905279446,
      0.7456689531393594,
      0.7428713050554159,
      0.7404600314722471,
      0.737974125667169,
      0.7361544434262645,
      0.7361732521314706,
      0.7359692758620493,
      0.7376140399151072,
      0.7368535101155242,
      0.73399525334517,
      0.7355139925921932,
      0.7337547468665806,
      0.7338861260459771,
      0.7363208631388586,
      0.7316146816324874,
      0.730244628720226,
      0.7327591248258657,
      0.7314210309301021,
      0.7325917324454011,
      0.7302145272223041,
      0.7302032121660814,
      0.7286097570853125,
      0.728907605946507,
      0.7312504271624819,
      0.7305671836421795,
      0.7273088093557358,
      0.727319079264005,
      0.7310263293830761,
      0.7269715016447527,
      0.724763747187001,
      0.7260978732311258,
      0.7259154319569924,
      0.726704812292793,
      0.7238761375385379,
      0.7255213980677951,
      0.7259288942047503,
      0.7243231516472605,
      0.7224545972985615,
      0.7215406187527611,
      0.7257101839465939,
      0.721182647291719,
      0.7211689465770672,
      0.7212677920941207,
      0.7212046916265658,
      0.7204574645196091,
      0.7212626163235571,
      0.7214072051835966,
      0.7204298827559013,
      0.719170565804878,
      0.7177460182598909,
      0.720034024496016,
      0.7189886294176022,
      0.7179020567466824,
      0.7187473981381834,
      0.7185234116763112,
      0.7165053598590898,
      0.7196496002784281,
      0.7174032849323246,
      0.7169480202153907,
      0.7175180218930894,
      0.7183414456043598,
      0.7173930328348609,
      0.7184540180575285
    ],
    "train_acc": [
      0.6936837063108469,
      0.6970175149108234,
      0.7002487940776436,
      0.705919953349108,
      0.7115013993665603,
      0.7116616016058672,
      0.7131386662522768,
      0.7135856304999432,
      0.7139572996951351,
      0.715578546356921,
      0.7131755127673175,
      0.7130825954685195,
      0.7157916153351992,
      0.7150658991911389,
      0.7175362177212513,
      0.717507381318176,
      0.7175778703034711,
      0.7175217995197137,
      0.7170443968465792,
      0.7187906012550244,
      0.7180536709542126,
      0.7189700277630481,
      0.7184157280150462,
      0.7193897576300321,
      0.7187553567623768,
      0.7201106677069132,
      0.7198431299672707,
      0.720338154886729,
      0.7198767724375251,
      0.7194730627944718,
      0.7204262661183478,
      0.7206745795892735,
      0.7210238204709626,
      0.7188082235013481,
      0.7200321686096528,
      0.7203766034241627,
      0.7217142921223753,
      0.7195820003172004,
      0.7215156413456347,
      0.7220539208697059,
      0.7215524878606753,
      0.721613364711612,
      0.7225185073636959,
      0.7228981866708533,
      0.7221099916534633,
      0.7213458269719694,
      0.7224928750054068,
      0.7226739035358236,
      0.7234460783292829,
      0.7223230606317416,
      0.7237392484272145,
      0.7238545940395155,
      0.723934695159169,
      0.7240628569506145,
      0.7245274434446045,
      0.7247116760198075,
      0.723192958791178,
      0.7245450656909282,
      0.7247565326468134,
      0.7252627717230231,
      0.725562349910527,
      0.7250593148791034,
      0.7248574600575767,
      0.7245963304075065,
      0.7257049299035102,
      0.7255959923807815,
      0.7238674102186601,
      0.7252195171184103,
      0.7257786229335914,
      0.7259820797775112,
      0.7247981852290332,
      0.7257081339482964,
      0.7245658919820381
    ],