{
  "hyperparameters": {
    "signal": "MHc115_MA87",
    "channel": "Run3Mu",
    "iteration": 1,
    "model_idx": 17,
    "num_hidden": 64,
    "optimizer": "Adadelta",
    "initial_lr": 0.0004,
    "weight_decay": 0.00107,
    "scheduler": "ReduceLROnPlateau",
    "pilot_mode": false,
    "num_classes": 4,
    "model_type": "ParticleNet",
    "num_node_features": 9,
    "num_graph_features": 4,
    "dropout_p": 0.3,
    "batch_size": 1024,
    "train_folds": [
      0,
      1,
      2
    ],
    "valid_folds": [
      3
    ]
  },
  "training_summary": {
    "best_epoch": 80,
    "best_train_loss": 0.9175980146008196,
    "best_valid_loss": 0.9294246862298126,
    "best_train_acc": 0.6787080009804377,
    "best_valid_acc": 0.6762343252247359,
    "total_epochs": 81
  },
  "epoch_history": {
    "train_loss": [
      1.3090969503768746,
      1.2998197452784708,
      1.2943025289774248,
      1.2866423855702,
      1.2826039476023594,
      1.2786006525340714,
      1.2731527560666023,
      1.265043822669394,
      1.2602952538573757,
      1.253592794332628,
      1.2526288626214859,
      1.2477240961372449,
      1.2462329949234163,
      1.2447774100297653,
      1.2446482486365789,
      1.2438927782315208,
      1.2465715470186125,
      1.2484280938483303,
      1.238405227309737,
      1.2436146269957444,
      1.2397298710243374,
      1.238689679370769,
      1.232524466132139,
      1.2404544467639071,
      1.2306659588196953,
      1.225854614372997,
      1.2171717584090656,
      1.2170987523790657,
      1.2005007002676116,
      1.1878279166964125,
      1.1786633234858186,
      1.168560991004419,
      1.159465530965979,
      1.15273012477123,
      1.146924172485502,
      1.1366127893798443,
      1.1321310986856996,
      1.1247197419053063,
      1.1020961594338567,
      1.0965105194500662,
      1.0917652730940353,
      1.0814081831669926,
      1.066185025120243,
      1.0665739645548853,
      1.0510874680149345,
      1.0469956613072091,
      1.042603268987864,
      1.03723321082253,
      1.029245422448643,
      1.0282622993227588,
      1.020165542234423,
      1.0148709710630888,
      1.0103140559134038,
      1.0028633309776198,
      0.9990178961295739,
      0.9907768826155201,
      0.9899921105716356,
      0.9859079549288647,
      0.9796611774931235,
      0.9723594168794311,
      0.9691875618507366,
      0.9663550873067472,
      0.9595868855116136,
      0.9615937071067892,
      0.9595111307968304,
      0.955524105975133,
      0.9499847858913655,
      0.9527486065792269,
      0.9507372233660899,
      0.9438905065356068,
      0.9366188554165154,
      0.938545775362599,
      0.9326827000859009,
      0.9340985812442753,
      0.9311820396365247,
      0.9252706619766481,
      0.9234419903756815,
      0.927353622854116,
      0.9245557128428303,
      0.9204207288742245,
      0.9175980146008196
    ],
    "valid_loss": [
      1.3091154858794036,
      1.298817376673709,
      1.292248510715867,
      1.2836802512436534,
      1.2786179295733526,
      1.2735837890498345,
      1.2673857574177176,
      1.258340440471349,
      1.2526035741275587,
      1.245423526425789,
      1.2432422623251722,
      1.237514954446926,
      1.2350915761951635,
      1.232671682924317,
      1.2315111392576368,
      1.2302412441724628,
      1.232186610093005,
      1.2334700854225222,
      1.2237606822086236,
      1.2285618222711503,
      1.2248776304659699,
      1.2241118959532646,
      1.2186085287730157,
      1.226724315619408,
      1.217939874528655,
      1.2139900068558143,
      1.2064362770784403,
      1.2072275562439903,
      1.1920570217010336,
      1.1806863403542947,
      1.1724631434671928,
      1.1636927907234802,
      1.1555713202511992,
      1.149668363694714,
      1.1450678989656815,
      1.1355212177432858,
      1.1316392908717294,
      1.1251500421823197,
      1.1035835499694573,
      1.0986489926271814,
      1.094121923258575,
      1.084823580569054,
      1.0704591294341148,
      1.0710333564780132,
      1.0564115154578635,
      1.052740876933446,
      1.0487103238385962,
      1.0436253589451183,
      1.0360522564537018,
      1.03526537160963,
      1.0275782881271873,
      1.0226143560667973,
      1.01830372137859,
      1.0112168199835305,
      1.0075618101934454,
      0.9997126313135268,
      0.9990044635500998,
      0.9951220038386165,
      0.989027441111778,
      0.9820377837455234,
      0.9790631380622071,
      0.9763449335913436,
      0.969672850553221,
      0.9718354232031003,
      0.969905528193365,
      0.9659406032161977,
      0.9605298336709048,
      0.9635996637612837,
      0.9614615723107457,
      0.954883675779841,
      0.9476717662788862,
      0.9497597267440119,
      0.9440396859217252,
      0.9454346230027992,
      0.9426501126141601,
      0.9367986223587447,
      0.9349711271112217,
      0.9390131506120964,
      0.9362954698283849,
      0.9322039374834241,
      0.9294246862298126
    ],
    "train_acc": [
      0.3863805668275631,
      0.4087287792108758,
      0.42288264705364054,
      0.4301654408525322,
      0.43691796523931814,
      0.4354457066600877,
      0.43830051056453667,
      0.4380618092279694,
      0.435940731579546,
      0.4458107915432442,
      0.43328938451901683,
      0.4361858410056856,
      0.43186678863397154,
      0.4332925885638029,
      0.4273859320005575,
      0.43522142352505805,
      0.4340343249317939,
      0.440536933825261,
      0.45918127043579815,
      0.4626480468943995,
      0.47515022964991005,
      0.489565227142745,
      0.5082560224026812,
      0.5112149577626796,
      0.5334846710487319,
      0.5487471383875003,
      0.5669252864816544,
      0.5800282276345659,
      0.6004524111238027,
      0.6171839329970155,
      0.6279254931425432,
      0.6400688228820063,
      0.6478786820482176,
      0.6532182226843167,
      0.6589871053217582,
      0.6634919922910683,
      0.6655586011781273,
      0.6682724271119862,
      0.6727468756558279,
      0.6738314448159356,
      0.6743248677130009,
      0.6757586777547977,
      0.6767134831010668,
      0.6767070750114945,
      0.6773703122822251,
      0.6775016781184567,
      0.6775929933948617,
      0.6776795026040874,
      0.6778300927090359,
      0.6778252866418567,
      0.6779582545004814,
      0.677995101015522,
      0.6780335495529557,
      0.6780960284262854,
      0.6781232628069676,
      0.6781729255011526,
      0.6781681194339735,
      0.6782017619042279,
      0.6782193841505516,
      0.6782706488671298,
      0.6783090974045635,
      0.678320311561315,
      0.6783363317852457,
      0.6783379338076387,
      0.6783475459419972,
      0.6783635661659279,
      0.6784116268377199,
      0.6784036167257546,
      0.6784020147033615,
      0.6784436672855814,
      0.6784997380693387,
      0.6784885239125873,
      0.6785317785172001,
      0.6785109522260903,
      0.6785381866067723,
      0.6786070735696743,
      0.6786166857040328,
      0.6785846452561713,
      0.6786182877264259,
      0.6786759605325763,
      0.6787080009804377
    ],