{
  "hyperparameters": {
    "signal": "MHc160_MA85",
    "channel": "Combined",
    "iteration": 3,
    "model_idx": 14,
    "num_hidden": 256,
    "optimizer": "Adam",
    "initial_lr": 0.0015,
    "weight_decay": 0.00092,
    "scheduler": "ReduceLROnPlateau",
    "pilot_mode": false,
    "num_classes": 4,
    "model_type": "ParticleNet",
    "num_node_features": 9,
    "num_graph_features": 4,
    "dropout_p": 0.4,
    "batch_size": 256,
    "train_folds": [
      0,
      1,
      2
    ],
    "valid_folds": [
      3
    ],
    "loss_type": "disco",
    "disco_lambda": 0.05
  },
  "training_summary": {
    "best_epoch": 18,
    "best_train_loss": 0.7084340568009119,
    "best_valid_loss": 0.6968629326618893,
    "best_train_acc": 0.5377769395709038,
    "best_valid_acc": 0.5474842190742493,
    "total_epochs": 26
  },
  "epoch_history": {
    "train_loss": [
      0.7899289394946809,
      0.7206879867971124,
      0.7178765108520136,
      0.7182545206829407,
      0.719145003205737,
      0.718354922587386,
      0.7194522938829787,
      0.7192400622150456,
      0.718177345530965,
      0.7115339748765197,
      0.7110572698993161,
      0.7098790873147797,
      0.7089575863174392,
      0.7103221765767477,
      0.7088559971029635,
      0.7094854198328268,
      0.7094155169547872,
      0.7090358745725683,
      0.7084340568009119,
      0.709588864219225,
      0.7095648953979863,
      0.7077507598784194,
      0.7079572776168314,
      0.7084401417648176,
      0.7080296293218085,
      0.7085030691964286
    ],
    "valid_loss": [
      0.7205732103804467,
      0.7072196208255391,
      0.7083870793732119,
      0.7139184978646291,
      0.7085087735887984,
      0.7134344611369389,
      0.7068340677610585,
      0.716613984443772,
      0.714020205215669,
      0.6996351430113886,
      0.7014127919371699,
      0.700348330215669,
      0.7010898858728544,
      0.7027095740949604,
      0.7001373935753191,
      0.6983483542858715,
      0.6987022077533561,
      0.702668525803257,
      0.6968629326618893,
      0.7008093713035046,
      0.7026801310794454,
      0.6989116400060519,
      0.7032398170148823,
      0.7027922616878026,
      0.6994777195890185,
      0.7048194777797645
    ],
    "train_acc": [
      0.4776010736823082,
      0.5254801362752914,
      0.528318777680397,
      0.5276321843266487,
      0.5275832116603851,
      0.5273888036608696,
      0.5263426899909973,
      0.5271967127919197,
      0.5278037711977959,
      0.5322481095790863,
      0.5341189950704575,
      0.5341572985053062,
      0.5356081873178482,
      0.5345537811517715,
      0.5347510203719139,
      0.5344913229346275,
      0.5344014540314674,
      0.5360934659838676,
      0.5377769395709038,
      0.5348719283938408,
      0.5355459973216057,
      0.5358574613928795,
      0.5361865162849426,
      0.5353905782103539,
      0.5376231148838997,
      0.5355314761400223
    ],
    "valid_acc": [
      0.5246763005852699,
      0.5389823094010353,
      0.5340648218989372,
      0.5355491116642952,
      0.5379414185881615,
      0.5324044413864613,
      0.5368823334574699,
      0.5310521572828293,
      0.5356168895959854,
      0.5417181253433228,
      0.5375000536441803,
      0.5413441881537437,
      0.5398038700222969,
      0.5408431738615036,
      0.542039580643177,
      0.5417805537581444,
      0.5432661324739456,
      0.5418198853731155,
      0.5474842190742493,
      0.5403612032532692,
      0.5394024848937988,
      0.5449033081531525,
      0.5400414913892746,
      0.53946303576231,
      0.5428716093301773,
      0.5392148718237877
    ],
    "epoch": [
      0,
      1,
      2,
      3,
      4,
      5,
      6,
      7,
      8,
      9,
      10,
      11,
      12,
      13,
      14,
      15,
      16,
      17,
      18,
      19,
      20,
      21,
      22,
      23,
      24,
      25
    ],
    "timestamp": [
      1767361737.345261,
      1767362129.9302115,
      1767362521.3645253,
      1767362912.7335036,
      1767363304.518712,
      1767363696.1751492,
      1767364087.600491,
      1767364479.0112464,
      1767364848.7313108,
      1767365215.596857,
      1767365582.0616295,
      1767365948.723881,
      1767366314.4328778,
      1767366681.171465,
      1767367048.6954198,
      1767367411.1819584,
      1767367755.7645783,
      1767368101.160594,
      1767368446.1389754,
      1767368790.7050464,
      1767369136.9546905,
      1767369481.9533572,
      1767369826.812559,
      1767370171.8808737,
      1767370516.9236984,
      1767370862.3668797
    ],
    "train_ce_loss": [
      0.7589420290703469,
      0.6916430547244643,
      0.6890753405434745,
      0.6892517922134748,
      0.6901966134646743,
      0.6892933710367847,
      0.6906328775781266,
      0.6900500878555796,
      0.6891337033281935,
      0.6828861146531207,
      0.6827970894636717,
      0.6813827334747489,
      0.6804400973225799,
      0.681675893195132,
      0.6804011382411679,
      0.6811608204544496,
      0.6810706432829512,
      0.6805763107121534,
      0.6799348211940661,
      0.6812073019681368,
      0.6810952854555066,
      0.6794349523844327,
      0.6794799888387639,
      0.6800681580888465,
      0.6798783574785505,
      0.6799287886605074
    ],
    "valid_ce_loss": [
      0.6923763143344664,
      0.6788972310826812,
      0.6787913597490586,
      0.6857144290082892,
      0.6801038082216827,
      0.685429753761896,
      0.6790530437629827,
      0.6880096116850913,
      0.6866740080672251,
      0.6718065068650414,
      0.673891748550912,
      0.6734169831788036,
      0.6737356317609968,
      0.6755458208351908,
      0.6726035978907431,
      0.6711918842834486,
      0.6703097100933673,
      0.6746785022108488,
      0.6688880271894831,
      0.6736139564342062,
      0.6756875967790543,
      0.6713519536063705,
      0.6766500729595272,
      0.6749624869143459,
      0.672364525339553,
      0.6773668428436971
    ],
    "train_disco_term": [
      0.6197373786052309,
      0.5808982851657462,
      0.5760236968204243,
      0.5800545936478669,
      0.5789667982642049,
      0.5812313186361434,
      0.5763882287005161,
      0.5837991835136181,
      0.5808727002796069,
      0.5729577463267422,
      0.5652050022658606,
      0.5699260837944807,
      0.5703491067813885,
      0.5729260619831665,
      0.5690982626020727,
      0.5664919561346976,
      0.5668966542986026,
      0.569191066418013,
      0.5699836138715135,
      0.5676315739343232,
      0.5693927150366879,
      0.5663171623977846,
      0.5695460431662737,
      0.5674389962910881,
      0.563025601566019,
      0.5714860374260818
    ],
    "valid_disco_term": [
      0.563938044378875,
      0.5664481968212296,
      0.5919142119901281,
      0.564081932037649,
      0.5680991352443964,
      0.5600946189861902,
      0.5556212665749268,
      0.5720878296964605,
      0.5469233495458751,
      0.5565728850033081,
      0.5504210959123054,
      0.5386261568522789,
      0.5470854795314897,
      0.5432748996560842,
      0.5506753675954442,
      0.543129549637227,
      0.567849588068858,
      0.5597997362869727,
      0.5594976665583294,
      0.5439075662846297,
      0.5398511245951686,
      0.5511928808311342,
      0.5317945115163293,
      0.5565954299879746,
      0.5422636743267657,
      0.5490525354906707
    ]
  }
}