{
  "hyperparameters": {
    "signal": "MHc160_MA85",
    "channel": "Combined",
    "iteration": 3,
    "model_idx": 11,
    "num_hidden": 256,
    "optimizer": "Adam",
    "initial_lr": 0.0007,
    "weight_decay": 1e-05,
    "scheduler": "CyclicLR",
    "pilot_mode": false,
    "num_classes": 4,
    "model_type": "ParticleNet",
    "num_node_features": 9,
    "num_graph_features": 4,
    "dropout_p": 0.4,
    "batch_size": 256,
    "train_folds": [
      0,
      1,
      2
    ],
    "valid_folds": [
      3
    ],
    "loss_type": "disco",
    "disco_lambda": 0.05
  },
  "training_summary": {
    "best_epoch": 24,
    "best_train_loss": 0.6516126638487842,
    "best_valid_loss": 0.6325568615550726,
    "best_train_acc": 0.5810152143239975,
    "best_valid_acc": 0.6000110805034637,
    "total_epochs": 32
  },
  "epoch_history": {
    "train_loss": [
      1.0605466523793694,
      0.7913412447758359,
      0.7377425080737082,
      0.719345584393997,
      0.7042980623100304,
      0.6953658547444909,
      0.6865023627469605,
      0.6808732516859802,
      0.6743475731382979,
      0.6770820965520516,
      0.6797713537708967,
      0.6807091060742781,
      0.6754843482855243,
      0.6712196048632219,
      0.6676348932608283,
      0.6628542636303192,
      0.6583359553096505,
      0.6615318228770897,
      0.6649528341090426,
      0.6697555031819908,
      0.6662573910049392,
      0.6627467378656915,
      0.6579432525170973,
      0.6548584726443769,
      0.6516126638487842,
      0.6535767714665653,
      0.6581614207351824,
      0.6634471765767477,
      0.660876130912804,
      0.6577366605718085,
      0.6549794298537234,
      0.6511578499002659
    ],
    "valid_loss": [
      0.8553964856644751,
      0.8040970278457856,
      0.724272714534276,
      0.7066822320642606,
      0.6884323979767275,
      0.6801071704273493,
      0.6713624873631437,
      0.6668630250742738,
      0.6610468474911971,
      0.6657892146580656,
      0.672819970359265,
      0.666504013706261,
      0.6571056204782405,
      0.6534902008486466,
      0.6487071077588579,
      0.6477559586645851,
      0.6425058606644751,
      0.6457129465022557,
      0.6476593017578125,
      0.6534040209273217,
      0.6468408074177486,
      0.6437013652962698,
      0.6403952585139745,
      0.6367061238893321,
      0.6325568615550726,
      0.6369176515391175,
      0.6407298235826089,
      0.6442977475448394,
      0.6425089768960442,
      0.6420303667095345,
      0.634094560650033,
      0.6354374952719245
    ],
    "train_acc": [
      0.3365809768438339,
      0.45876163989305496,
      0.5088764205574989,
      0.525491900742054,
      0.5395472273230553,
      0.5504275187849998,
      0.5535957738757133,
      0.5597615167498589,
      0.5643568485975266,
      0.5632933750748634,
      0.5606062859296799,
      0.5578067451715469,
      0.5647726058959961,
      0.566841833293438,
      0.5696317255496979,
      0.5748298838734627,
      0.5759790763258934,
      0.5749616026878357,
      0.57282405346632,
      0.5679979175329208,
      0.5717407092452049,
      0.5751282125711441,
      0.5781595632433891,
      0.5798123553395271,
      0.5810152143239975,
      0.58013766258955,
      0.5780235752463341,
      0.5746985301375389,
      0.5755304396152496,
      0.57809217274189,
      0.5792511105537415,
      0.5850120857357979
    ],
    "valid_acc": [
      0.4381957037039683,
      0.45176334353527636,
      0.5134778283536434,
      0.5381714031100273,
      0.5494142770767212,
      0.5592696443200111,
      0.5703105702996254,
      0.5718212947249413,
      0.5759213492274284,
      0.5754327848553658,
      0.5674981623888016,
      0.5681432709097862,
      0.5800127685070038,
      0.580904133617878,
      0.5862660109996796,
      0.586587481200695,
      0.5917186141014099,
      0.5881322398781776,
      0.5872133374214172,
      0.5848177820444107,
      0.5888397917151451,
      0.5926348492503166,
      0.5935508608818054,
      0.5972007736563683,
      0.6000110805034637,
      0.5956135913729668,
      0.5927124246954918,
      0.591730885207653,
      0.5929982736706734,
      0.5933381021022797,
      0.5996906384825706,
      0.5970333144068718
    ],
    "epoch": [
      0,
      1,
      2,
      3,
      4,
      5,
      6,
      7,
      8,
      9,
      10,
      11,
      12,
      13,
      14,
      15,
      16,
      17,
      18,
      19,
      20,
      21,
      22,
      23,
      24,
      25,
      26,
      27,
      28,
      29,
      30,
      31
    ],
    "timestamp": [
      1767361629.115401,
      1767362019.97177,
      1767362411.1650894,
      1767362802.6898623,
      1767363193.7163484,
      1767363584.8877032,
      1767363975.7145593,
      1767364366.321845,
      1767364742.1116838,
      1767365108.2962844,
      1767365474.2487233,
      1767365840.135785,
      1767366206.230034,
      1767366572.323077,
      1767366938.6757581,
      1767367304.0548437,
      1767367651.766698,
      1767367995.1742687,
      1767368339.35013,
      1767368684.0829835,
      1767369028.0229402,
      1767369372.1463695,
      1767369716.1163414,
      1767370060.7563512,
      1767370404.971696,
      1767370748.886145,
      1767371080.3813448,
      1767371400.604734,
      1767371719.6742892,
      1767372038.7142897,
      1767372357.701882,
      1767372665.0872939
    ],
    "train_ce_loss": [
      1.030301647599345,
      0.7597685472037654,
      0.7073781060592744,
      0.6897383502370318,
      0.6750759316478094,
      0.6664978493129591,
      0.6577010714899081,
      0.6519458010203932,
      0.6454279934925149,
      0.6482828124315906,
      0.6509225590613112,
      0.6517098916881353,
      0.6466539570082285,
      0.6419855181207048,
      0.6387354637170635,
      0.6338378550614991,
      0.6295794808031215,
      0.6327106630865563,
      0.6360344194260774,
      0.6408047827272068,
      0.6371112982915165,
      0.633717619593745,
      0.6291626255925303,
      0.626100817440491,
      0.6227667043908389,
      0.6248341133891631,
      0.6293707458806256,
      0.634531277744241,
      0.6319765019380575,
      0.6290318205545014,
      0.6259209905351911,
      0.6219986688039948
    ],
    "valid_ce_loss": [
      0.8234270926512463,
      0.7747643199080313,
      0.6961338494340299,
      0.6776385863482113,
      0.660242810005873,
      0.651771402537403,
      0.6425082463718635,
      0.6381704149321771,
      0.6331095126208285,
      0.6376745363461299,
      0.6442205889648954,
      0.6370872780680656,
      0.6287584157372025,
      0.6253538267083572,
      0.620328956349215,
      0.6195643429290241,
      0.6141614751811598,
      0.6169196303251764,
      0.6199061510638452,
      0.6246595568954945,
      0.6184973752414676,
      0.6155011064149964,
      0.6115390848840626,
      0.607810202566251,
      0.603885400882909,
      0.6084249672860327,
      0.6123452657754992,
      0.6148546007527432,
      0.6140708226553151,
      0.6133452085646945,
      0.6052870121850095,
      0.6068209602274526
    ],