{
  "syst": "Central",
  "observed": 35.815447095781565,
  "expected": 46.29921407108486,
  "difference": -0.2264350958356915,
  "max_bin_difference": 71.9015501041736,
  "max_bin_difference_bin": 135,
  "max_bin_difference_filtered": 0.5754777728190389,
  "max_bin_difference_filtered_bin": 32,
  "snr_threshold": 3.0,
  "mass_range_min": 10.0,
  "mass_range_max": 160.0,
  "percentile_68_difference": 0.2851287866863855,
  "percentile_95_difference": 0.5011928880975756,
  "rms_bin_difference": 0.29036287671300054,
  "chi2": 8.342077478105628,
  "ndf": 8,
  "chi2_per_ndf": 1.0427596847632035,
  "p_value": 0.40078811206437,
  "closure_uncertainty_scale": 0.8500000000000001,
  "recommended_systematic_pct": 14.999999999999991
}