{
  "hyperparameters": {
    "signal": "MHc115_MA87",
    "channel": "Combined",
    "iteration": 0,
    "model_idx": 13,
    "num_hidden": 192,
    "optimizer": "Adam",
    "initial_lr": 0.0008,
    "weight_decay": 1e-05,
    "scheduler": "CyclicLR",
    "pilot_mode": false,
    "num_classes": 4,
    "model_type": "ParticleNet",
    "num_node_features": 9,
    "num_graph_features": 4,
    "dropout_p": 0.4,
    "batch_size": 256,
    "train_folds": [
      0,
      1,
      2
    ],
    "valid_folds": [
      3
    ],
    "loss_type": "disco",
    "disco_lambda": 0.05
  },
  "training_summary": {
    "best_epoch": 31,
    "best_train_loss": 0.6374857522796352,
    "best_valid_loss": 0.6146341243260344,
    "best_train_acc": 0.5865018740296364,
    "best_valid_acc": 0.6071038469672203,
    "total_epochs": 39
  },
  "epoch_history": {
    "train_loss": [
      1.0250418526785714,
      0.7627232142857143,
      0.717086875474924,
      0.7016795984517478,
      0.6885328855195668,
      0.677878633168693,
      0.6708484962718465,
      0.666751015150076,
      0.6606828219984803,
      0.6623938841660334,
      0.6647060962433511,
      0.6646936294880319,
      0.6593226099449088,
      0.6561912281534954,
      0.6504854613886778,
      0.6463603011018237,
      0.643608710106383,
      0.6459987651975684,
      0.649376365406535,
      0.6524810327222644,
      0.6507848119300912,
      0.6472245885970744,
      0.6446031564637158,
      0.6405743909099544,
      0.6372931112272037,
      0.6406400639960106,
      0.643547341019187,
      0.6481317676671733,
      0.647001448518237,
      0.6430708586626139,
      0.6409573726016338,
      0.6374857522796352,
      0.6357809976966186,
      0.6365118612272036,
      0.6417513119775836,
      0.6458131737984423,
      0.6460489290463526,
      0.6425761956212006,
      0.6396401263297873
    ],
    "valid_loss": [
      0.9217198331591109,
      0.7817899677115427,
      0.7122935980138644,
      0.6878453644228654,
      0.6710112665740537,
      0.6629475338358275,
      0.6595620168766505,
      0.6517509138080436,
      0.6468221637564646,
      0.6469618568957691,
      0.646788046393596,
      0.6509168383101342,
      0.641785527618838,
      0.6333729918573944,
      0.630737841968805,
      0.6270396272901079,
      0.6257607903279049,
      0.6258913496850242,
      0.627683935031085,
      0.6366448200924296,
      0.6303986562809474,
      0.6261811054928202,
      0.6234381769744444,
      0.6203948544784331,
      0.6158949086363886,
      0.6185581046090999,
      0.6216367264868508,
      0.6283894928408341,
      0.6238207212636169,
      0.6235623426840339,
      0.6207444096954775,
      0.6146341243260344,
      0.6150877509318607,
      0.6192485110860475,
      0.6200282137158891,
      0.6257779833296655,
      0.6237239569005831,
      0.621932284932741,
      0.6165513589348591
    ],
    "train_acc": [
      0.3546709939837456,
      0.47016091644763947,
      0.5107253715395927,
      0.5240768194198608,
      0.5357355549931526,
      0.5459689646959305,
      0.5541037619113922,
      0.5571871995925903,
      0.5633978918194771,
      0.5625576078891754,
      0.5619287863373756,
      0.5615604668855667,
      0.5672865957021713,
      0.571696363389492,
      0.5756600052118301,
      0.5769216120243073,
      0.5815446972846985,
      0.5795640423893929,
      0.5760165527462959,
      0.5747664570808411,
      0.5760399252176285,
      0.5799960270524025,
      0.5816268026828766,
      0.5829333886504173,
      0.5870286896824837,
      0.584956668317318,
      0.5822061151266098,
      0.5779885575175285,
      0.580295592546463,
      0.5829277113080025,
      0.5832609236240387,
      0.5865018740296364,
      0.5870468840003014,
      0.5907413512468338,
      0.5838633924722672,
      0.5795205757021904,
      0.5804803743958473,
      0.5845963880419731,
      0.5858265534043312
    ],
    "valid_acc": [
      0.39744099498784635,
      0.43922420823946595,
      0.5212837867438793,
      0.5330517590045929,
      0.5509370118379593,
      0.558565154671669,
      0.5620734989643097,
      0.5694215148687363,
      0.5751200243830681,
      0.5745786279439926,
      0.5742200165987015,
      0.5722391530871391,
      0.5798926800489426,
      0.5894754752516747,
      0.5930196270346642,
      0.5955065190792084,
      0.5957527607679367,
      0.5973121970891953,
      0.5942542031407356,
      0.5880579948425293,
      0.5901416763663292,
      0.5934305638074875,
      0.5978226363658905,
      0.6031794995069504,
      0.6038157418370247,
      0.6008504182100296,
      0.6001261919736862,
      0.5956440940499306,
      0.5966839790344238,
      0.5955774411559105,
      0.6006539911031723,
      0.6071038469672203,
      0.6055869162082672,
      0.6023463532328606,
      0.6032747179269791,
      0.5952617153525352,
      0.5970796123147011,
      0.600526362657547,
      0.6035294160246849
    ],
    "epoch": [
      0,
      1,
      2,
      3,
      4,
      5,
      6,
      7,
      8,
      9,
      10,
      11,
      12,
      13,
      14,
      15,
      16,
      17,
      18,
      19,
      20,
      21,
      22,
      23,
      24,
      25,
      26,
      27,
      28,
      29,
      30,
      31,
      32,
      33,
      34,
      35,
      36,
      37,
      38
    ],
    "timestamp": [
      1767292572.4290466,
      1767292935.1119568,
      1767293297.6570988,
      1767293660.1137102,
      1767294022.0734847,
      1767294383.368525,
      1767294737.6066089,
      1767295068.8604877,
      1767295348.9713607,
      1767295603.946153,
      1767295854.8502402,
      1767296084.9905062,
      1767296314.9182878,
      1767296545.6344433,
      1767296775.121318,
      1767297001.4422736,
      1767297209.746478,
      1767297417.2200332,
      1767297624.6317456,
      1767297818.3474243,
      1767298006.8178763,
      1767298195.0079405,
      1767298383.5519297,
      1767298572.0604637,
      1767298761.170789,
      1767298950.0540621,
      1767299138.2332547,
      1767299327.3281314,
      1767299515.9830596,
      1767299704.488738,
      1767299889.540517,
      1767300058.0357094,
      1767300226.6082213,
      1767300395.0209103,
      1767300563.472029,
      1767300722.5512292,
      1767300858.3142607,
      1767300990.3008902,
      1767301122.7324886
    ],
    "train_ce_loss": [
      0.9952568982872195,
      0.7317746528919707,
      0.6870149904109062,
      0.6718694464368661,
      0.6594207334663368,
      0.6489112284408152,
      0.6422925421350996,
      0.6382190568106515,
      0.6322389246844955,
      0.6341353283102389,
      0.6366014071873256,
      0.636094324440217,
      0.6305325692593146,
      0.6277580709986411,
      0.6220028208381861,
      0.618116641189552,
      0.6155357267628325,
      0.6176133462179758,
      0.6210713056807823,
      0.6238886613161005,
      0.6221712912831988,
      0.6191087812638211,
      0.6164837521079101,
      0.6122936650068926,
      0.6092212759433908,
      0.6123611874674592,
      0.615246666456066,
      0.6199612114023655,
      0.6186042378195151,
      0.6148955394975321,
      0.6126574636003891,
      0.6091419560206335,
      0.6078523448331559,
      0.6083462443938734,
      0.6135393160273601,
      0.6176879755450599,
      0.617897884479772,
      0.6144966630406655,
      0.6116210031835504
    ],