{
  "observed": 27.23079264909029,
  "expected": 26.056067556142807,
  "difference": 0.04508451209747257,
  "max_bin_difference": 0.0,
  "max_bin_difference_bin": -1,
  "max_bin_difference_filtered": 0.0,
  "max_bin_difference_filtered_bin": -1,
  "snr_threshold": 3.0,
  "mass_range_min": 10.0,
  "mass_range_max": 160.0,
  "percentile_68_difference": 0.0,
  "percentile_95_difference": 0.0,
  "rms_bin_difference": 0.0,
  "chi2": 1.1213780579125747,
  "ndf": 5,
  "chi2_per_ndf": 0.22427561158251494,
  "p_value": 0.952194004593222,
  "closure_uncertainty_scale": 0.1,
  "recommended_systematic_pct": 90.0
}