{
  "observed": 50.09368550777435,
  "expected": 51.68001085519791,
  "difference": -0.03069514346404211,
  "max_bin_difference": 0.0,
  "max_bin_difference_bin": -1,
  "max_bin_difference_filtered": 0.0,
  "max_bin_difference_filtered_bin": -1,
  "snr_threshold": 3.0,
  "mass_range_min": 10.0,
  "mass_range_max": 160.0,
  "percentile_68_difference": 0.0,
  "percentile_95_difference": 0.0,
  "rms_bin_difference": 0.0,
  "chi2": 10.185197682429722,
  "ndf": 10,
  "chi2_per_ndf": 1.0185197682429723,
  "p_value": 0.42439837044269924,
  "closure_uncertainty_scale": 1.05,
  "recommended_systematic_pct": 5.000000000000004
}