{
  "observed": 50.09368587564677,
  "expected": 51.68001079262467,
  "difference": -0.030695135172152242,
  "max_bin_difference": 0.46883594654427696,
  "max_bin_difference_bin": 10,
  "max_bin_difference_filtered": 0.46883594654427696,
  "max_bin_difference_filtered_bin": 10,
  "snr_threshold": 3.0,
  "mass_range_min": 10.0,
  "mass_range_max": 160.0,
  "percentile_68_difference": 0.17259117199027832,
  "percentile_95_difference": 0.35053724768345695,
  "rms_bin_difference": 0.19173450986786278,
  "chi2": 13.153441840985316,
  "ndf": 10,
  "chi2_per_ndf": 1.3153441840985316,
  "p_value": 0.21521882945146512,
  "closure_uncertainty_scale": 1.5,
  "recommended_systematic_pct": 50.0
}