{
  "syst": "TT",
  "observed": 104.68741403333843,
  "expected": 100.72643319971394,
  "difference": 0.03932414469368641,
  "max_bin_difference": 0.2039231341678078,
  "max_bin_difference_bin": 5,
  "max_bin_difference_filtered": 0.2039231341678078,
  "max_bin_difference_filtered_bin": 5,
  "snr_threshold": 3.0,
  "mass_range_min": 10.0,
  "mass_range_max": 160.0,
  "percentile_68_difference": 0.07076230769984593,
  "percentile_95_difference": 0.18530956001629004,
  "rms_bin_difference": 0.08873132014401548,
  "chi2": 11.933606757641812,
  "ndf": 17,
  "chi2_per_ndf": 0.7019768680965771,
  "p_value": 0.8041408099525124,
  "closure_uncertainty_scale": 0.1,
  "recommended_systematic_pct": 90.0
}