{
  "hyperparameters": {
    "signal": "MHc160_MA98",
    "channel": "Combined",
    "iteration": 3,
    "model_idx": 11,
    "num_hidden": 96,
    "optimizer": "RMSprop",
    "initial_lr": 0.0054,
    "weight_decay": 2e-05,
    "scheduler": "ExponentialLR",
    "pilot_mode": false,
    "num_classes": 4,
    "model_type": "ParticleNet",
    "num_node_features": 9,
    "num_graph_features": 4,
    "dropout_p": 0.4,
    "batch_size": 1024,
    "train_folds": [
      0,
      1,
      2
    ],
    "valid_folds": [
      3
    ]
  },
  "training_summary": {
    "best_epoch": 2,
    "best_train_loss": 1.0507808361927664,
    "best_valid_loss": 1.0809914061095698,
    "best_train_acc": 0.5496968342873872,
    "best_valid_acc": 0.5353082322337587,
    "total_epochs": 10
  },
  "epoch_history": {
    "train_loss": [
      1.154941319267602,
      1.0963817792817645,
      1.0507808361927664,
      1.0842201846170714,
      1.070480841393142,
      1.302784126855602,
      1.0986564286522211,
      1.1187472069348965,
      1.2171258340911677,
      1.0539749637153715
    ],
    "valid_loss": [
      1.2063776041513827,
      1.1292133341991923,
      1.0809914061095698,
      1.1179476197269063,
      1.1118040953331993,
      1.35941400678299,
      1.1207606702039838,
      1.1595808887231471,
      1.2374567049781977,
      1.0877975801084612
    ],
    "train_acc": [
      0.5081357812584266,
      0.5251103646463323,
      0.5496968342873872,
      0.5371984714592787,
      0.546489903464641,
      0.46871268211129685,
      0.5052293196298836,
      0.5269998536175721,
      0.49262309606539445,
      0.552847908657365
    ],
    "valid_acc": [
      0.4891238535196107,
      0.5073161706994371,
      0.5353082322337587,
      0.5227165698652255,
      0.5285919314690647,
      0.4538044087637073,
      0.49536362209315365,
      0.5083196914313906,
      0.47899333976184605,
      0.5346410871661471
    ],
    "epoch": [
      0,
      1,
      2,
      3,
      4,
      5,
      6,
      7,
      8,
      9
    ],
    "timestamp": [
      1762514278.8872957,
      1762514500.8162694,
      1762514722.794516,
      1762514946.028779,
      1762515168.3669224,
      1762515390.9354484,
      1762515613.6372502,
      1762515837.0580142,
      1762516059.4806554,
      1762516280.2890873
    ]
  }
}