{
  "hyperparameters": {
    "signal": "MHc145_MA92",
    "channel": "Combined",
    "iteration": 2,
    "model_idx": 11,
    "num_hidden": 128,
    "optimizer": "Adadelta",
    "initial_lr": 0.0015,
    "weight_decay": 8e-05,
    "scheduler": "CyclicLR",
    "pilot_mode": false,
    "num_classes": 4,
    "model_type": "ParticleNet",
    "num_node_features": 9,
    "num_graph_features": 4,
    "dropout_p": 0.4,
    "batch_size": 1024,
    "train_folds": [
      0,
      1,
      2
    ],
    "valid_folds": [
      3
    ]
  },
  "training_summary": {
    "best_epoch": 2,
    "best_train_loss": 1.3505549222694488,
    "best_valid_loss": 1.3610075826432961,
    "best_train_acc": 0.28962341194326524,
    "best_valid_acc": 0.2810755051241226,
    "total_epochs": 10
  },
  "epoch_history": {
    "train_loss": [
      1.4082171418897789,
      1.3667711062691323,
      1.3505549222694488,
      1.3771671658621314,
      1.4389900202427763,
      1.5029393862980707,
      1.5253924239593517,
      1.505315673672095,
      1.522762580504857,
      1.5076208433208569
    ],
    "valid_loss": [
      1.4056126784003704,
      1.3708342597374075,
      1.3610075826432961,
      1.392130211977768,
      1.4563585373375454,
      1.5215946343192484,
      1.5460943017978885,
      1.5273273305397,
      1.546070617021535,
      1.5337908941158611
    ],
    "train_acc": [
      0.21824656964336617,
      0.2986490442768323,
      0.28962341194326524,
      0.28891268673389986,
      0.28891268673389986,
      0.2889300214951039,
      0.2892266385201507,
      0.2923623042135026,
      0.2922217000392921,
      0.3034218818616763
    ],
    "valid_acc": [
      0.22399816114636825,
      0.29348216087726775,
      0.2810755051241226,
      0.2803130536182809,
      0.2803130536182809,
      0.280329872401498,
      0.2807223106765636,
      0.28426546767429867,
      0.2840636422756935,
      0.2965712107281412
    ],
    "epoch": [
      0,
      1,
      2,
      3,
      4,
      5,
      6,
      7,
      8,
      9
    ],
    "timestamp": [
      1762495237.3695397,
      1762495460.7759624,
      1762495685.9240627,
      1762495909.6111932,
      1762496131.9767926,
      1762496355.9086025,
      1762496578.664908,
      1762496800.5050871,
      1762497023.0806754,
      1762497245.6869347
    ]
  }
}