{
  "hyperparameters": {
    "signal": "MHc145_MA92",
    "channel": "Combined",
    "iteration": 2,
    "model_idx": 8,
    "num_hidden": 64,
    "optimizer": "Adam",
    "initial_lr": 0.0005,
    "weight_decay": 2e-05,
    "scheduler": "CyclicLR",
    "pilot_mode": false,
    "num_classes": 4,
    "model_type": "ParticleNet",
    "num_node_features": 9,
    "num_graph_features": 4,
    "dropout_p": 0.4,
    "batch_size": 1024,
    "train_folds": [
      0,
      1,
      2
    ],
    "valid_folds": [
      3
    ]
  },
  "training_summary": {
    "best_epoch": 64,
    "best_train_loss": 0.9453246505434767,
    "best_valid_loss": 0.9765058751891457,
    "best_train_acc": 0.6032959159302603,
    "best_valid_acc": 0.5879790550086337,
    "total_epochs": 72
  },
  "epoch_history": {
    "train_loss": [
      1.1681874718213439,
      1.1098410319033654,
      1.0470949095112922,
      1.0283177377696442,
      1.018599358769695,
      1.014207628793347,
      1.0118610150386234,
      1.0077502419890036,
      1.0077910652555349,
      1.0036614789177842,
      1.0001928864000622,
      0.9930946790216035,
      0.9881414169826078,
      0.9825273555035068,
      0.980508494814492,
      0.9791504094439714,
      0.9776396876273374,
      0.9771756960923067,
      0.9752573704419585,
      0.9759074191194377,
      0.9715616741111501,
      0.9711850442613542,
      0.9665507455543944,
      0.9665991284295706,
      0.9645892867764847,
      0.9639695102729827,
      0.9642569435364033,
      0.9641008051253431,
      0.9619041289515544,
      0.9599691303468629,
      0.9588772262993457,
      0.9572835471498449,
      0.9549296122142396,
      0.9527834366395372,
      0.9555498961991916,
      0.9557312032394417,
      0.9538857197285239,
      0.9576083081732403,
      0.9522348440726591,
      0.9519605764074582,
      0.9512534400023099,
      0.9508450892491106,
      0.9526345038526601,
      0.9529419302140417,
      0.9507011255949812,
      0.9509440055884257,
      0.9499502343723761,
      0.9489801677311887,
      0.9481198876354315,
      0.9519101454969046,
      0.9488786583076386,
      0.9538721425034202,
      0.9545996981005023,
      0.9489582926626166,
      0.9487710399629596,
      0.947062309213881,
      0.9465073563923506,
      0.9486684714404998,
      0.9493427352400065,
      0.949373162246367,
      0.9482472914139958,
      0.9479738684901206,
      0.9480582085541274,
      0.9450714662355953,
      0.9453246505434767,
      0.9462947337623021,
      0.9469670675445188,
      0.950793904023884,
      0.9482674522684689,
      0.9486294656929276,
      0.9466976443004697,
      0.9446662861039852
    ],
    "valid_loss": [
      1.2001318791820845,
      1.1479650323823443,
      1.0816106197665225,
      1.0627362838525096,
      1.0518141886322512,
      1.0489712753366045,
      1.0465079156505501,
      1.0426632830244036,
      1.0433618621111018,
      1.0377485996282523,
      1.0338703150641526,
      1.0255976382602803,
      1.0208995943901595,
      1.0161076082640186,
      1.0140271817186528,
      1.0119663018932004,
      1.0109940906271702,
      1.0108438816506407,
      1.00791085987272,
      1.0079930870311589,
      1.0046275513990117,
      1.0045097676486467,
      1.0008597358243554,
      0.9990671098083903,
      0.9982276175515238,
      0.9964058193197975,
      0.9978753682024194,
      0.9993648559421122,
      0.9952899027027916,
      0.9928567741054772,
      0.9920664108858414,
      0.9929230282616931,
      0.9873517624365704,
      0.9876904493491065,
      0.9889303122750925,
      0.9889395085073588,
      0.9881364338503787,
      0.9897233621133081,
      0.9864214941917054,
      0.9855952933656229,
      0.9838962613529798,
      0.9840011953401316,
      0.9879088742797214,
      0.9857373594224561,
      0.9840808615452362,
      0.9855146390330518,
      0.9820109172264405,
      0.9829408284930423,
      0.9822347948652923,
      0.9875616847317936,
      0.9827345313279073,
      0.9880977579545016,
      0.9867121377154984,
      0.981630038614136,
      0.9813535435940288,
      0.9793817793328777,
      0.9795789522088855,
      0.9807667943427384,
      0.9791243065577903,
      0.9825946519661048,
      0.9796048154679732,
      0.980640697524159,
      0.9812349298029047,
      0.977892739419978,
      0.9765058751891457,
      0.976916468627593,
      0.9794178575767206,
      0.9816052075380637,
      0.9803428634504288,
      0.9804587597413166,
      0.9805394665983673,
      0.9766178451468623
    ],
    "train_acc": [
      0.4965561607741319,
      0.4963924435849827,
      0.5287911122753223,
      0.5439821413437906,
      0.550981532701064,
      0.555652287803262,
      0.5600553171490866,
      0.5636397605491652,
      0.5645142029476798,
      0.5661494487545937,
      0.5714346248372458,
      0.5765657141536399,
      0.581151721534396,
      0.5826001371372219,
      0.58520805565614,
      0.585021225452052,
      0.5858359592286416,
      0.5862751065124772,
      0.5859438199650223,
      0.5853544380840852,
      0.5898691803354469,
      0.5883321648420226,
      0.5907917748484172,
      0.5905298273457784,
      0.5925599204912286,
      0.594199018467299,
      0.5926620029738746,
      0.5941200489995917,
      0.5918376387743939,
      0.5927621593719423,
      0.5944860050694546,
      0.5953411866221869,
      0.5978855443500235,
      0.5991143863109317,
      0.5965141721303265,
      0.5975099578572695,
      0.5982206830666348,
      0.5923788685408754,
      0.5997962202516237,
      0.5991452036641833,
      0.5993397382065841,
      0.6002295892817245,
      0.6000061634706503,
      0.5990893472114147,
      0.602117152168386,
      0.6010905490881916,
      0.5991163123955099,
      0.5999965330477592,
      0.6012427097698714,
      0.5981783092059139,
      0.6019958088399577,
      0.5967549327026048,
      0.5950734608658136,
      0.6017357874218973,
      0.6014064269590206,
      0.6012947140534836,
      0.6019688436558626,
      0.6008921623766342,
      0.6009961709438585,
      0.6015393267949182,
      0.6014449486505852,
      0.6019611393175497,
      0.6011136621031302,
      0.6031803508555668,
      0.6032959159302603,
      0.6033132506914644,
      0.6026275645816159,
      0.600285445734493,
      0.6020555174618828,
      0.6021421912679029,
      0.6026237124124595,
      0.6041202801297411
    ],