{
  "hyperparameters": {
    "signal": "MHc145_MA92",
    "channel": "Combined",
    "iteration": 2,
    "model_idx": 14,
    "num_hidden": 128,
    "optimizer": "Adam",
    "initial_lr": 0.0015,
    "weight_decay": 2e-05,
    "scheduler": "ReduceLROnPlateau",
    "pilot_mode": false,
    "num_classes": 4,
    "model_type": "ParticleNet",
    "num_node_features": 9,
    "num_graph_features": 4,
    "dropout_p": 0.4,
    "batch_size": 1024,
    "train_folds": [
      0,
      1,
      2
    ],
    "valid_folds": [
      3
    ]
  },
  "training_summary": {
    "best_epoch": 46,
    "best_train_loss": 0.8969669371026625,
    "best_valid_loss": 0.9297074445030249,
    "best_train_acc": 0.6342442429331957,
    "best_valid_acc": 0.6174287444217702,
    "total_epochs": 54
  },
  "epoch_history": {
    "train_loss": [
      1.0195712820842935,
      0.9994165586407797,
      0.9795776529550999,
      0.9690527998943806,
      0.9594765190343554,
      0.95899290611701,
      0.9456466914970117,
      0.9384909255124911,
      0.9337324441437659,
      0.9308673740705312,
      0.9287763365665288,
      0.9299425841327463,
      0.9229791891444719,
      0.9203477394849298,
      0.923529398483838,
      0.920462547596202,
      0.9175278648911005,
      0.9127889935767903,
      0.9127029520685169,
      0.9169130066834811,
      0.9088110563522618,
      0.9130238997429001,
      0.9116721572981191,
      0.9067166319091593,
      0.9075419668400142,
      0.9084834939413293,
      0.9070899865099689,
      0.9069345778529613,
      0.9041469254464287,
      0.9033913440693031,
      0.9043934101402542,
      0.9053539278158285,
      0.9026674210652815,
      0.9038416622454616,
      0.9018791375098169,
      0.9026756348100711,
      0.9023809261953607,
      0.9043447192075613,
      0.9015796512510682,
      0.9021942793922992,
      0.90622716633066,
      0.900495587546459,
      0.9006664921197973,
      0.9000941600740928,
      0.8977836613934402,
      0.8971279764513029,
      0.8969669371026625,
      0.8984837024776919,
      0.8968607610731038,
      0.8985656609348556,
      0.8980596837313611,
      0.8983821934655979,
      0.8976702782004119,
      0.9005391115554369
    ],
    "valid_loss": [
      1.0583953672645203,
      1.038786263068419,
      1.0156824495478387,
      1.001151038641576,
      0.9928308595195364,
      0.9933836612757447,
      0.9820861014851895,
      0.9728492219441727,
      0.9688925901040032,
      0.9647757012003662,
      0.9617640507896759,
      0.9671879763816323,
      0.9566824672665527,
      0.9530139860049218,
      0.9589922680434666,
      0.9523348096663142,
      0.9511183999470296,
      0.9449278066904299,
      0.9466459189474368,
      0.9525946441610014,
      0.9419712099756211,
      0.9436532863334389,
      0.9467698744952504,
      0.939591513145631,
      0.9434289245968178,
      0.9411143821596717,
      0.9376257187963064,
      0.9406586471816647,
      0.9383082200029117,
      0.9343566154569118,
      0.9381720066615904,
      0.9351174782255612,
      0.9367122600102803,
      0.9397013988053889,
      0.9358429106663431,
      0.9354975572510396,
      0.9336267825939258,
      0.9378838080924441,
      0.9356431143893297,
      0.9351523679105763,
      0.9386887251268153,
      0.9359825047363872,
      0.9326727597681872,
      0.932671364191052,
      0.9336533116478428,
      0.9304870873394923,
      0.9297074445030249,
      0.931702643920934,
      0.9309732719730888,
      0.9317243593714797,
      0.9297705951810693,
      0.9303419113030863,
      0.9297427854366233,
      0.9354632857124251
    ],
    "train_acc": [
      0.556010539534812,
      0.5733164094701727,
      0.5846610476359237,
      0.5918029692519858,
      0.5963966809710548,
      0.596560398160204,
      0.6055494348867847,
      0.610239450834765,
      0.6127202477715201,
      0.6136775118068984,
      0.6166013081966455,
      0.615156744762976,
      0.6186314013420957,
      0.6216322411149718,
      0.6185890274813748,
      0.6207635769701919,
      0.6223005924636162,
      0.6261739485504287,
      0.6242998682558148,
      0.6230748784640631,
      0.6275318381780781,
      0.625725170843702,
      0.6245348505743584,
      0.6280904027057637,
      0.6265899828193255,
      0.6290996710247541,
      0.6282175242879265,
      0.6286740063329661,
      0.6294405879951,
      0.6297179441743646,
      0.629943296070017,
      0.629371248950284,
      0.6311182076627349,
      0.6300145611994113,
      0.6314745333097067,
      0.6310642772945445,
      0.6302090957418122,
      0.6284370979298443,
      0.6312819248518841,
      0.6306790603788993,
      0.6274663513024183,
      0.6320716195289567,
      0.6298701048560444,
      0.6318597502253519,
      0.6325435102506222,
      0.6334564743407013,
      0.6342442429331957,
      0.6315843201306656,
      0.6333967657187762,
      0.6313570421504349,
      0.6329460619274714,
      0.6310604251253881,
      0.6317692242501752,
      0.6324048321609899
    ],
    "valid_acc": [
      0.5381506065974481,
      0.5567297557912677,
      0.5678021214091897,
      0.5754266364676071,
      0.5801695333348283,
      0.5803545399502164,
      0.5870147781041868,
      0.5925593703047564,
      0.5954634135402418,
      0.596893010113695,
      0.5994326463794766,
      0.5984739757361021,
      0.6027403404121723,
      0.6063956226313547,
      0.6015069629762518,
      0.6051398201511448,
      0.6066254793353217,
      0.6098098356244254,
      0.6087502522817483,
      0.6069113986500123,
      0.6109647254053326,
      0.6111553382817931,
      0.6065862355078151,
      0.6116318704729442,
      0.6085260018388536,
      0.6123775031955688,
      0.6126634225102594,
      0.611643082995089,
      0.6128372166035028,
      0.6141210503890745,
      0.6133473863610881,
      0.6144518197923441,
      0.6139640750790483,
      0.613224048617496,
      0.6152927589531989,
      0.6144686385755612,
      0.6145247011862849,
      0.6123494718902069,
      0.614390150920548,
      0.6142275693494494,
      0.6118953647433454,
      0.6147881954566861,
      0.6146368264077322,
      0.6158870226268697,
      0.6155898907900343,
      0.6169297871863297,
      0.6174287444217702,
      0.6160159666315341,
      0.6163411297737313,
      0.6147938017177584,
      0.6167896306595205,
      0.6159655102818828,
      0.616414011167672,
      0.6143228757876796
    ],
    "epoch": [
      0,
      1,
      2,
      3,
      4,
      5,
      6,
      7,
      8,
      9,
      10,
      11,
      12,
      13,
      14,
      15,
      16,
      17,
      18,
      19,
      20,
      21,
      22,
      23,
      24,
      25,
      26,
      27,
      28,
      29,
      30,
      31,
      32,
      33,
      34,
      35,
      36,
      37,
      38,
      39,
      40,
      41,
      42,
      43,
      44,
      45,
      46,
      47,
      48,
      49,
      50,
      51,
      52,
      53
    ],