{
  "hyperparameters": {
    "signal": "MHc145_MA92",
    "channel": "Combined",
    "iteration": 2,
    "model_idx": 10,
    "num_hidden": 64,
    "optimizer": "Adam",
    "initial_lr": 0.0001,
    "weight_decay": 2e-05,
    "scheduler": "ExponentialLR",
    "pilot_mode": false,
    "num_classes": 4,
    "model_type": "ParticleNet",
    "num_node_features": 9,
    "num_graph_features": 4,
    "dropout_p": 0.4,
    "batch_size": 1024,
    "train_folds": [
      0,
      1,
      2
    ],
    "valid_folds": [
      3
    ]
  },
  "training_summary": {
    "best_epoch": 79,
    "best_train_loss": 0.9929835972272034,
    "best_valid_loss": 1.0272487335584897,
    "best_train_acc": 0.5773958566068553,
    "best_valid_acc": 0.5607606575022985,
    "total_epochs": 81
  },
  "epoch_history": {
    "train_loss": [
      1.299524600641187,
      1.1709057070982525,
      1.130626250960281,
      1.1178293711169434,
      1.1103767475415105,
      1.0992110569083975,
      1.0877508938326765,
      1.0712768863213415,
      1.0623314325595137,
      1.052143362794241,
      1.0459983987466646,
      1.0436833722198846,
      1.0376851407273149,
      1.033834793505627,
      1.0307079320791637,
      1.0270694912325364,
      1.0272585441112183,
      1.0264894170900782,
      1.0218974286665312,
      1.0231960788644134,
      1.0198124332165381,
      1.019200891293299,
      1.0186827636859292,
      1.0162760020468773,
      1.0164258031603288,
      1.0183132847697245,
      1.0151466176332729,
      1.0159980850530081,
      1.012487307830466,
      1.0154230905633335,
      1.0120901296558247,
      1.011256935469778,
      1.0090501095531021,
      1.010076666079983,
      1.0097440210919901,
      1.0092226905086248,
      1.0093984860196916,
      1.0081047696207686,
      1.007079416099553,
      1.0085061571672023,
      1.0054135140740288,
      1.0062650870561216,
      1.0068380942571298,
      1.004360201311092,
      1.0064796966386917,
      1.0036658040226138,
      1.0019918041965754,
      1.0027139841239576,
      1.0021209922377954,
      1.002747761429624,
      1.0011407959122036,
      1.0003173837081516,
      1.0038212109382807,
      0.9997627196810143,
      1.0007692569053264,
      0.9989995336738688,
      0.9989240609360649,
      0.9998245041942592,
      0.9983631897526652,
      0.9972680763846472,
      0.9974176699662768,
      0.9992383116414668,
      0.9986792989224141,
      0.9975943625250203,
      0.995993885981871,
      0.9964711028956453,
      0.9963672424526013,
      0.9966046455875461,
      0.9958341475287,
      0.9949159851175026,
      0.9963122939584425,
      0.9947225358602504,
      0.9969017704816199,
      0.993784644131161,
      0.9949685345877365,
      0.9934606951750719,
      0.9936533069245429,
      0.9934210795724763,
      0.9936667131584286,
      0.9929835972272034,
      0.9944251724612652
    ],
    "valid_loss": [
      1.3372319322674642,
      1.211441641846415,
      1.1704148144185513,
      1.1589470465708878,
      1.1542142862438811,
      1.1443753234686718,
      1.1335939651108413,
      1.1138876872911394,
      1.1047089563697003,
      1.0917415928140775,
      1.0870679005416766,
      1.0854075850586693,
      1.0775793796404403,
      1.0728978125456057,
      1.0691875549039926,
      1.064421583108977,
      1.0649137978779075,
      1.0650794631663392,
      1.0575754279723346,
      1.0612944169104697,
      1.0559261401492561,
      1.0557914636194607,
      1.0548130246097123,
      1.0521475220684664,
      1.0530030168404965,
      1.0563675318381702,
      1.051603973602876,
      1.053464969382396,
      1.0474940040723026,
      1.0536970498222729,
      1.049071979905518,
      1.0471370087001834,
      1.0439594914576185,
      1.0467806250586085,
      1.0456016345827481,
      1.045764448750036,
      1.0464381262717837,
      1.044038703847797,
      1.0430778577157547,
      1.046187343951995,
      1.0417387696318505,
      1.0430302269949103,
      1.0444979822606513,
      1.0408276291086886,
      1.0447637265292018,
      1.0395560486682973,
      1.0372478537375267,
      1.039595502080454,
      1.0383120366505978,
      1.0394779045610207,
      1.03758105851443,
      1.035668110036402,
      1.0417471005789187,
      1.0347818689395716,
      1.0374448361909097,
      1.0346090569856619,
      1.0347513807032975,
      1.0365195819807773,
      1.034907870717928,
      1.0325707769724337,
      1.0332008471142604,
      1.0370302317299835,
      1.0359200866465168,
      1.0344311484463309,
      1.0310033053507908,
      1.033027308372111,
      1.0332968280728847,
      1.0337946239527296,
      1.032180943877341,
      1.03071366552361,
      1.033589524243077,
      1.0310670208808532,
      1.0346895893314123,
      1.02975413216138,
      1.0317950328381815,
      1.029220659157049,
      1.0301631680009258,
      1.0294046608781984,
      1.0297179303053658,
      1.0272487335584897,
      1.0311931358349207
    ],
    "train_acc": [
      0.49108608057197006,
      0.4955199272710463,
      0.4956085271616447,
      0.4959167006941609,
      0.49895028390486684,
      0.5039215082012681,
      0.5130588534403723,
      0.5181437167268889,
      0.5218167600175659,
      0.5252240036364477,
      0.5344210574974768,
      0.538623774047166,
      0.5412528794964444,
      0.5426955168455357,
      0.5450915660608489,
      0.54668636409162,
      0.5474182762313459,
      0.5485488878787645,
      0.5505366071634937,
      0.5516267710347696,
      0.5524838786720803,
      0.5527920522045964,
      0.5539380725286409,
      0.5557197007635,
      0.5561222524403492,
      0.5566865952217693,
      0.5580714500335139,
      0.5583179888595268,
      0.5598087783230737,
      0.5598415217609035,
      0.5612379330801174,
      0.5620988928865844,
      0.5627441312202901,
      0.5629290353397999,
      0.5630985307826837,
      0.5638458515990354,
      0.5648185243110395,
      0.5651517369430726,
      0.5654714669830582,
      0.5662361225606138,
      0.567395625476706,
      0.5668601739639592,
      0.566962256446605,
      0.5685609066465327,
      0.5684857893479819,
      0.5690347234527763,
      0.5696529966023868,
      0.5703309783739223,
      0.5702115611300723,
      0.5703174957818747,
      0.570916508085703,
      0.5711900120958111,
      0.5705794432845135,
      0.572185797822754,
      0.5718525851907209,
      0.5725767929921338,
      0.5727982927186298,
      0.5726750233056234,
      0.5736997003012396,
      0.5738114132067768,
      0.5745279166698768,
      0.5741311432467623,
      0.5738152653759332,
      0.5747224512122776,
      0.5751192246353922,
      0.5748977249088962,
      0.5751962680185212,
      0.5753542069539358,
      0.5755044415510374,
      0.575841506352227,
      0.5756623804864519,
      0.5761073060240222,
      0.5758318759293358,
      0.5766273488601431,
      0.5763827361187085,
      0.576814179064231,
      0.5769952310145843,
      0.5770414570444617,
      0.5767217270044762,
      0.5773958566068553,
      0.576403923049069
    ],