{
  "Central": {
    "ptcorr_10to12_EB1": 2.295610840432346,
    "ptcorr_10to12_EB2": 1.6044031493365765,
    "ptcorr_10to12_EE": 0.8713299185037613,
    "ptcorr_12to14_EB1": 2.2151366425678134,
    "ptcorr_12to14_EB2": 1.5813434980809689,
    "ptcorr_12to14_EE": 1.0517867328599095,
    "ptcorr_14to17_EB1": 2.6603928711265326,
    "ptcorr_14to17_EB2": 2.2928227093070745,
    "ptcorr_14to17_EE": 1.8425421696156263,
    "ptcorr_17to20_EB1": 2.786936999298632,
    "ptcorr_17to20_EB2": 1.7288713660091162,
    "ptcorr_17to20_EE": 2.4202327243983746,
    "ptcorr_20to30_EB1": 12.079319402575493,
    "ptcorr_20to30_EB2": 7.691495783627033,
    "ptcorr_20to30_EE": 5.91479654237628,
    "ptcorr_30to50_EB1": 22.465647131204605,
    "ptcorr_30to50_EB2": 13.25657343864441,
    "ptcorr_30to50_EE": 10.768070608377457,
    "ptcorr_50to100_EB1": 15.825932547450066,
    "ptcorr_50to100_EB2": 12.386152476072311,
    "ptcorr_50to100_EE": 8.995168752968311,
    "ptcorr_100to200_EB1": 2.1054161489009857,
    "ptcorr_100to200_EB2": 1.0130986934527755,
    "ptcorr_100to200_EE": 0.5620112176984549
  },
  "MotherJetPt_Up": {
    "ptcorr_10to12_EB1": 1.322907816618681,
    "ptcorr_10to12_EB2": 1.0300479484722018,
    "ptcorr_10to12_EE": 0.5802886616438627,
    "ptcorr_12to14_EB1": 1.506348293274641,
    "ptcorr_12to14_EB2": 1.2457081340253353,
    "ptcorr_12to14_EE": 0.7145507754758,
    "ptcorr_14to17_EB1": 1.8334381571039557,
    "ptcorr_14to17_EB2": 1.540780447423458,
    "ptcorr_14to17_EE": 0.8806809037923813,
    "ptcorr_17to20_EB1": 1.6711598113179207,
    "ptcorr_17to20_EB2": 1.1167875342071056,
    "ptcorr_17to20_EE": 1.3696445934474468,
    "ptcorr_20to30_EB1": 7.791970521211624,
    "ptcorr_20to30_EB2": 4.88709856197238,
    "ptcorr_20to30_EE": 3.8115827459841967,
    "ptcorr_30to50_EB1": 14.934640482068062,
    "ptcorr_30to50_EB2": 9.414269112050533,
    "ptcorr_30to50_EE": 6.527538545429707,
    "ptcorr_50to100_EB1": 11.136916355229914,
    "ptcorr_50to100_EB2": 8.903934255242348,
    "ptcorr_50to100_EE": 7.177271947264671,
    "ptcorr_100to200_EB1": 1.9879988078027964,
    "ptcorr_100to200_EB2": 1.0401227986440063,
    "ptcorr_100to200_EE": 0.4644839111715555
  },
  "MotherJetPt_Down": {
    "ptcorr_10to12_EB1": 3.058893084526062,
    "ptcorr_10to12_EB2": 2.2527610827237368,
    "ptcorr_10to12_EE": 1.1821963842958212,
    "ptcorr_12to14_EB1": 2.867897640913725,
    "ptcorr_12to14_EB2": 2.255124507471919,
    "ptcorr_12to14_EE": 1.5212453259155154,
    "ptcorr_14to17_EB1": 4.981484394520521,
    "ptcorr_14to17_EB2": 3.0632567889988422,
    "ptcorr_14to17_EE": 2.629621034488082,
    "ptcorr_17to20_EB1": 4.3656487464904785,
    "ptcorr_17to20_EB2": 2.176691858097911,
    "ptcorr_17to20_EE": 3.2712325900793076,
    "ptcorr_20to30_EB1": 14.781418696045876,
    "ptcorr_20to30_EB2": 9.698237970471382,
    "ptcorr_20to30_EE": 7.984548166394234,
    "ptcorr_30to50_EB1": 26.630676686763763,
    "ptcorr_30to50_EB2": 15.587328106164932,
    "ptcorr_30to50_EE": 13.183543756604195,
    "ptcorr_50to100_EB1": 17.90006571263075,
    "ptcorr_50to100_EB2": 13.739592790603638,
    "ptcorr_50to100_EE": 10.784782968461514,
    "ptcorr_100to200_EB1": 2.144281666725874,
    "ptcorr_100to200_EB2": 1.1300075249746442,
    "ptcorr_100to200_EE": 0.6680104490369558
  },
  "RequireHeavyTag": {
    "ptcorr_10to12_EB1": 2.027173174545169,
    "ptcorr_10to12_EB2": 1.373850998468697,
    "ptcorr_10to12_EE": 0.6547576300799847,
    "ptcorr_12to14_EB1": 1.8453506072983146,
    "ptcorr_12to14_EB2": 1.2618489302694798,
    "ptcorr_12to14_EE": 0.852808409370482,
    "ptcorr_14to17_EB1": 2.1810890659689903,
    "ptcorr_14to17_EB2": 1.999559659510851,
    "ptcorr_14to17_EE": 1.2398446146398783,
    "ptcorr_17to20_EB1": 2.012188428081572,
    "ptcorr_17to20_EB2": 1.6221840474754572,
    "ptcorr_17to20_EE": 1.796570049598813,
    "ptcorr_20to30_EB1": 9.244639480486512,
    "ptcorr_20to30_EB2": 6.134433355182409,
    "ptcorr_20to30_EE": 4.738812133669853,
    "ptcorr_30to50_EB1": 18.675146877765656,
    "ptcorr_30to50_EB2": 10.146345898509026,
    "ptcorr_30to50_EE": 8.303617544472218,
    "ptcorr_50to100_EB1": 13.458572808653116,
    "ptcorr_50to100_EB2": 9.486315280199051,
    "ptcorr_50to100_EE": 6.36898336187005,
    "ptcorr_100to200_EB1": 1.4164684750139713,
    "ptcorr_100to200_EB2": 0.9905009735375643,
    "ptcorr_100to200_EE": 0.5216542407870293
  },
  "Stat": {
    "ptcorr_10to12_EB1": 0.4097828735631975,
    "ptcorr_10to12_EB2": 0.3058272089057037,
    "ptcorr_10to12_EE": 0.2769064280139746,
    "ptcorr_12to14_EB1": 0.3787142987263841,
    "ptcorr_12to14_EB2": 0.32022009140969054,
    "ptcorr_12to14_EE": 0.3301579472145149,
    "ptcorr_14to17_EB1": 0.4269004565753397,
    "ptcorr_14to17_EB2": 0.40084078212734814,
    "ptcorr_14to17_EE": 0.34630361465758586,
    "ptcorr_17to20_EB1": 0.47742137268961654,
    "ptcorr_17to20_EB2": 0.37055131293503485,
    "ptcorr_17to20_EE": 0.40337650460583324,
    "ptcorr_20to30_EB1": 0.9182027353918274,
    "ptcorr_20to30_EB2": 0.7420843782187182,
    "ptcorr_20to30_EE": 0.6764522415834083,
    "ptcorr_30to50_EB1": 1.2854372970946477,
    "ptcorr_30to50_EB2": 0.9481085272583488,
    "ptcorr_30to50_EE": 0.8831553654620401,
    "ptcorr_50to100_EB1": 1.1252001197622845,
    "ptcorr_50to100_EB2": 0.9089705514569991,
    "ptcorr_50to100_EE": 0.7836543462550734,
    "ptcorr_100to200_EB1": 0.36477739861538006,
    "ptcorr_100to200_EB2": 0.2719262576892078,
    "ptcorr_100to200_EE": 0.21316607203812524
  }
}