{
  "Central": {
    "ptcorr_10to12_EB1": 2.200975751504302,
    "ptcorr_10to12_EB2": 1.8505624770186841,
    "ptcorr_10to12_EE": 1.286383260274306,
    "ptcorr_12to14_EB1": 2.5388957411050797,
    "ptcorr_12to14_EB2": 1.5788082163780928,
    "ptcorr_12to14_EE": 1.7386012058705091,
    "ptcorr_14to17_EB1": 4.453618660569191,
    "ptcorr_14to17_EB2": 2.9417715296149254,
    "ptcorr_14to17_EE": 2.20415179990232,
    "ptcorr_17to20_EB1": 4.940268788486719,
    "ptcorr_17to20_EB2": 3.156948998570442,
    "ptcorr_17to20_EE": 2.657173654064536,
    "ptcorr_20to30_EB1": 17.247682869434357,
    "ptcorr_20to30_EB2": 10.300387591123581,
    "ptcorr_20to30_EE": 8.100076720118523,
    "ptcorr_30to50_EB1": 30.187081396579742,
    "ptcorr_30to50_EB2": 16.888255417346954,
    "ptcorr_30to50_EE": 10.58929893374443,
    "ptcorr_50to100_EB1": 27.385479271411896,
    "ptcorr_50to100_EB2": 14.330153077840805,
    "ptcorr_50to100_EE": 8.018793061375618,
    "ptcorr_100to200_EB1": 6.840409383177757,
    "ptcorr_100to200_EB2": 3.0443900041282177,
    "ptcorr_100to200_EE": 1.340613143518567
  },
  "MotherJetPt_Up": {
    "ptcorr_10to12_EB1": 1.2670509833842516,
    "ptcorr_10to12_EB2": 1.038790658582002,
    "ptcorr_10to12_EE": 0.6813438648823649,
    "ptcorr_12to14_EB1": 1.058884178288281,
    "ptcorr_12to14_EB2": 0.8529799287207425,
    "ptcorr_12to14_EE": 1.0291426666080952,
    "ptcorr_14to17_EB1": 2.6465958021581173,
    "ptcorr_14to17_EB2": 1.5481207477860153,
    "ptcorr_14to17_EE": 1.206521193496883,
    "ptcorr_17to20_EB1": 2.812942661345005,
    "ptcorr_17to20_EB2": 1.6718678171746433,
    "ptcorr_17to20_EE": 1.4155417433939874,
    "ptcorr_20to30_EB1": 9.76988559961319,
    "ptcorr_20to30_EB2": 6.0427050441503525,
    "ptcorr_20to30_EE": 4.633584462106228,
    "ptcorr_30to50_EB1": 18.653894305229187,
    "ptcorr_30to50_EB2": 10.631576210260391,
    "ptcorr_30to50_EE": 6.4801071882247925,
    "ptcorr_50to100_EB1": 20.602667808532715,
    "ptcorr_50to100_EB2": 10.6983682513237,
    "ptcorr_50to100_EE": 5.96400810778141,
    "ptcorr_100to200_EB1": 6.210920721292496,
    "ptcorr_100to200_EB2": 2.731924068182707,
    "ptcorr_100to200_EE": 1.227358492091298
  },
  "MotherJetPt_Down": {
    "ptcorr_10to12_EB1": 3.5578720420598984,
    "ptcorr_10to12_EB2": 2.692993514239788,
    "ptcorr_10to12_EE": 1.8657052360940725,
    "ptcorr_12to14_EB1": 4.250114262104034,
    "ptcorr_12to14_EB2": 2.20825057849288,
    "ptcorr_12to14_EE": 2.4801618065685034,
    "ptcorr_14to17_EB1": 7.233459010720253,
    "ptcorr_14to17_EB2": 4.363490551710129,
    "ptcorr_14to17_EE": 3.2977866530418396,
    "ptcorr_17to20_EB1": 7.0034260749816895,
    "ptcorr_17to20_EB2": 4.625357553362846,
    "ptcorr_17to20_EE": 3.5461277440190315,
    "ptcorr_20to30_EB1": 24.00426536798477,
    "ptcorr_20to30_EB2": 14.145665913820267,
    "ptcorr_20to30_EE": 10.985071957111359,
    "ptcorr_30to50_EB1": 38.21360468864441,
    "ptcorr_30to50_EB2": 21.393111288547516,
    "ptcorr_30to50_EE": 13.365703582763672,
    "ptcorr_50to100_EB1": 31.57983112335205,
    "ptcorr_50to100_EB2": 16.729615062475204,
    "ptcorr_50to100_EE": 9.51256811618805,
    "ptcorr_100to200_EB1": 7.107801139354706,
    "ptcorr_100to200_EB2": 3.2521397173404694,
    "ptcorr_100to200_EE": 1.4943502061069012
  },
  "RequireHeavyTag": {
    "ptcorr_10to12_EB1": 1.3215498812496662,
    "ptcorr_10to12_EB2": 1.0438352501951158,
    "ptcorr_10to12_EE": 0.7907129018567502,
    "ptcorr_12to14_EB1": 1.4787189662456512,
    "ptcorr_12to14_EB2": 0.9325182859320194,
    "ptcorr_12to14_EE": 1.0597284454852343,
    "ptcorr_14to17_EB1": 2.7801880948245525,
    "ptcorr_14to17_EB2": 1.7663888055831194,
    "ptcorr_14to17_EE": 1.5114336982369423,
    "ptcorr_17to20_EB1": 3.403596732765436,
    "ptcorr_17to20_EB2": 2.1004246920347214,
    "ptcorr_17to20_EE": 1.7330478392541409,
    "ptcorr_20to30_EB1": 11.165288090705872,
    "ptcorr_20to30_EB2": 6.62860880792141,
    "ptcorr_20to30_EE": 4.922980614006519,
    "ptcorr_30to50_EB1": 19.379721075296402,
    "ptcorr_30to50_EB2": 10.778796970844269,
    "ptcorr_30to50_EE": 6.797113835811615,
    "ptcorr_50to100_EB1": 18.276610255241394,
    "ptcorr_50to100_EB2": 9.65651050209999,
    "ptcorr_50to100_EE": 5.045551650226116,
    "ptcorr_100to200_EB1": 4.446339309215546,
    "ptcorr_100to200_EB2": 2.1051563769578934,
    "ptcorr_100to200_EE": 0.852419390110299
  },
  "Stat": {
    "ptcorr_10to12_EB1": 0.2121323934529495,
    "ptcorr_10to12_EB2": 0.1951684940426907,
    "ptcorr_10to12_EE": 0.16000615092226136,
    "ptcorr_12to14_EB1": 0.22089964797746584,
    "ptcorr_12to14_EB2": 0.17366649937284154,
    "ptcorr_12to14_EE": 0.19338104294394778,
    "ptcorr_14to17_EB1": 0.2974392745951118,
    "ptcorr_14to17_EB2": 0.24430725723395963,
    "ptcorr_14to17_EE": 0.2090516293838501,
    "ptcorr_17to20_EB1": 0.3163120317017144,
    "ptcorr_17to20_EB2": 0.2557675493835796,
    "ptcorr_17to20_EE": 0.23456802114342024,
    "ptcorr_20to30_EB1": 0.5900133586744235,
    "ptcorr_20to30_EB2": 0.45291363775986554,
    "ptcorr_20to30_EE": 0.4029325437230997,
    "ptcorr_30to50_EB1": 0.7801619122131243,
    "ptcorr_30to50_EB2": 0.5862432014997224,
    "ptcorr_30to50_EE": 0.4620034942680775,
    "ptcorr_50to100_EB1": 0.7441311059744333,
    "ptcorr_50to100_EB2": 0.53365226396226,
    "ptcorr_50to100_EE": 0.401125234974635,
    "ptcorr_100to200_EB1": 0.3748128312985727,
    "ptcorr_100to200_EB2": 0.24814933673947023,
    "ptcorr_100to200_EE": 0.16069933408321888
  }
}