{
  "Central": {
    "ptcorr_10to12_EB1": 47.21283292770386,
    "ptcorr_10to12_EB2": 30.88709980249405,
    "ptcorr_10to12_EE": 25.533557534217834,
    "ptcorr_12to14_EB1": 51.234970450401306,
    "ptcorr_12to14_EB2": 33.16419291496277,
    "ptcorr_12to14_EE": 26.43191361427307,
    "ptcorr_14to17_EB1": 90.62126779556274,
    "ptcorr_14to17_EB2": 53.607073187828064,
    "ptcorr_14to17_EE": 40.84254574775696,
    "ptcorr_17to20_EB1": 97.95823216438293,
    "ptcorr_17to20_EB2": 57.5267413854599,
    "ptcorr_17to20_EE": 43.67200577259064,
    "ptcorr_20to30_EB1": 359.2955665588379,
    "ptcorr_20to30_EB2": 214.79639148712158,
    "ptcorr_20to30_EE": 137.64571857452393,
    "ptcorr_30to50_EB1": 603.0421981811523,
    "ptcorr_30to50_EB2": 335.4244270324707,
    "ptcorr_30to50_EE": 208.38841438293457,
    "ptcorr_50to100_EB1": 537.4598865509033,
    "ptcorr_50to100_EB2": 295.45671558380127,
    "ptcorr_50to100_EE": 164.05640268325806,
    "ptcorr_100to200_EB1": 96.65688157081604,
    "ptcorr_100to200_EB2": 49.59972894191742,
    "ptcorr_100to200_EE": 25.933124482631683
  },
  "MotherJetPt_Up": {
    "ptcorr_10to12_EB1": 34.92594259977341,
    "ptcorr_10to12_EB2": 21.980641782283783,
    "ptcorr_10to12_EE": 19.29132652282715,
    "ptcorr_12to14_EB1": 37.659554183483124,
    "ptcorr_12to14_EB2": 23.96486884355545,
    "ptcorr_12to14_EE": 19.55775511264801,
    "ptcorr_14to17_EB1": 66.42659819126129,
    "ptcorr_14to17_EB2": 39.717432618141174,
    "ptcorr_14to17_EE": 28.816808998584747,
    "ptcorr_17to20_EB1": 71.70474362373352,
    "ptcorr_17to20_EB2": 43.32977902889252,
    "ptcorr_17to20_EE": 30.757043063640594,
    "ptcorr_20to30_EB1": 262.7494239807129,
    "ptcorr_20to30_EB2": 156.66000699996948,
    "ptcorr_20to30_EE": 99.163654088974,
    "ptcorr_30to50_EB1": 455.6854372024536,
    "ptcorr_30to50_EB2": 255.76722145080566,
    "ptcorr_30to50_EE": 156.68916606903076,
    "ptcorr_50to100_EB1": 437.4562044143677,
    "ptcorr_50to100_EB2": 237.8426332473755,
    "ptcorr_50to100_EE": 130.79107856750488,
    "ptcorr_100to200_EB1": 88.35903477668762,
    "ptcorr_100to200_EB2": 44.625906109809875,
    "ptcorr_100to200_EE": 23.630743205547333
  },
  "MotherJetPt_Down": {
    "ptcorr_10to12_EB1": 55.643649220466614,
    "ptcorr_10to12_EB2": 36.34010511636734,
    "ptcorr_10to12_EE": 29.594719350337982,
    "ptcorr_12to14_EB1": 61.19043481349945,
    "ptcorr_12to14_EB2": 38.53493160009384,
    "ptcorr_12to14_EE": 31.44681614637375,
    "ptcorr_14to17_EB1": 106.95803809165955,
    "ptcorr_14to17_EB2": 63.97210252285004,
    "ptcorr_14to17_EE": 49.030378222465515,
    "ptcorr_17to20_EB1": 116.41244959831238,
    "ptcorr_17to20_EB2": 67.80017125606537,
    "ptcorr_17to20_EE": 51.773860573768616,
    "ptcorr_20to30_EB1": 411.62191677093506,
    "ptcorr_20to30_EB2": 245.5020227432251,
    "ptcorr_20to30_EE": 161.0688614845276,
    "ptcorr_30to50_EB1": 670.8109111785889,
    "ptcorr_30to50_EB2": 375.9052782058716,
    "ptcorr_30to50_EE": 237.85916328430176,
    "ptcorr_50to100_EB1": 587.6786804199219,
    "ptcorr_50to100_EB2": 324.7126998901367,
    "ptcorr_50to100_EE": 183.9843397140503,
    "ptcorr_100to200_EB1": 101.24209690093994,
    "ptcorr_100to200_EB2": 53.22926139831543,
    "ptcorr_100to200_EE": 27.65969181060791
  },
  "RequireHeavyTag": {
    "ptcorr_10to12_EB1": 35.91419053077698,
    "ptcorr_10to12_EB2": 22.81377899646759,
    "ptcorr_10to12_EE": 19.77480161190033,
    "ptcorr_12to14_EB1": 39.969385862350464,
    "ptcorr_12to14_EB2": 25.248517990112305,
    "ptcorr_12to14_EE": 20.934794783592224,
    "ptcorr_14to17_EB1": 70.6261670589447,
    "ptcorr_14to17_EB2": 42.20776867866516,
    "ptcorr_14to17_EE": 31.13841813802719,
    "ptcorr_17to20_EB1": 74.15142440795898,
    "ptcorr_17to20_EB2": 44.92512774467468,
    "ptcorr_17to20_EE": 32.30306547880173,
    "ptcorr_20to30_EB1": 278.44991302490234,
    "ptcorr_20to30_EB2": 163.4934492111206,
    "ptcorr_20to30_EE": 104.19815826416016,
    "ptcorr_30to50_EB1": 471.1639175415039,
    "ptcorr_30to50_EB2": 256.029700756073,
    "ptcorr_30to50_EE": 157.89647436141968,
    "ptcorr_50to100_EB1": 400.74753761291504,
    "ptcorr_50to100_EB2": 219.75644493103027,
    "ptcorr_50to100_EE": 115.6825213432312,
    "ptcorr_100to200_EB1": 69.75490140914917,
    "ptcorr_100to200_EB2": 34.82664442062378,
    "ptcorr_100to200_EE": 18.024946331977844
  },
  "Stat": {
    "ptcorr_10to12_EB1": 1.3915594809100211,
    "ptcorr_10to12_EB2": 1.1240360503296987,
    "ptcorr_10to12_EE": 1.0155395327548737,
    "ptcorr_12to14_EB1": 1.5063813891015214,
    "ptcorr_12to14_EB2": 1.1640183630928171,
    "ptcorr_12to14_EE": 1.0489769246613783,
    "ptcorr_14to17_EB1": 1.921009289068619,
    "ptcorr_14to17_EB2": 1.4869718590805825,
    "ptcorr_14to17_EE": 1.3028477293265754,
    "ptcorr_17to20_EB1": 2.001073149166384,
    "ptcorr_17to20_EB2": 1.5458605333878055,
    "ptcorr_17to20_EE": 1.342976146488891,
    "ptcorr_20to30_EB1": 3.8283071416932444,
    "ptcorr_20to30_EB2": 2.9871681636684295,
    "ptcorr_20to30_EE": 2.385574208345353,
    "ptcorr_30to50_EB1": 4.987389427024192,
    "ptcorr_30to50_EB2": 3.708838651358779,
    "ptcorr_30to50_EE": 2.9573940939829932,
    "ptcorr_50to100_EB1": 4.936265740409988,
    "ptcorr_50to100_EB2": 3.483313641492505,
    "ptcorr_50to100_EE": 2.598722005520972,
    "ptcorr_100to200_EB1": 1.955225402012044,
    "ptcorr_100to200_EB2": 1.4232686018293765,
    "ptcorr_100to200_EE": 1.0285126522947605
  }
}