{
  "Central": {
    "ptcorr_10to12_EB1": 6248.383228302002,
    "ptcorr_10to12_EB2": 4986.351341247559,
    "ptcorr_10to12_EE": 4874.286659240723,
    "ptcorr_12to14_EB1": 7386.317153930664,
    "ptcorr_12to14_EB2": 5618.704689025879,
    "ptcorr_12to14_EE": 4950.544013977051,
    "ptcorr_14to17_EB1": 12066.86735534668,
    "ptcorr_14to17_EB2": 9012.169525146484,
    "ptcorr_14to17_EE": 7836.467590332031,
    "ptcorr_17to20_EB1": 11708.434555053711,
    "ptcorr_17to20_EB2": 9621.329864501953,
    "ptcorr_17to20_EE": 8910.291229248047,
    "ptcorr_20to30_EB1": 42742.36462402344,
    "ptcorr_20to30_EB2": 33291.942138671875,
    "ptcorr_20to30_EE": 30206.76385498047,
    "ptcorr_30to50_EB1": 78473.14184570312,
    "ptcorr_30to50_EB2": 53319.15930175781,
    "ptcorr_30to50_EE": 49511.42565917969,
    "ptcorr_50to100_EB1": 69806.83471679688,
    "ptcorr_50to100_EB2": 47050.67834472656,
    "ptcorr_50to100_EE": 41992.69677734375,
    "ptcorr_100to200_EB1": 10861.57437133789,
    "ptcorr_100to200_EB2": 7241.497268676758,
    "ptcorr_100to200_EE": 4815.270358085632
  },
  "MotherJetPt_Up": {
    "ptcorr_10to12_EB1": 1475.5294933319092,
    "ptcorr_10to12_EB2": 1421.9248356819153,
    "ptcorr_10to12_EE": 1433.3896224498749,
    "ptcorr_12to14_EB1": 1870.3269293308258,
    "ptcorr_12to14_EB2": 1762.8629360198975,
    "ptcorr_12to14_EE": 1100.943058013916,
    "ptcorr_14to17_EB1": 3221.4250354766846,
    "ptcorr_14to17_EB2": 1902.448781967163,
    "ptcorr_14to17_EE": 2423.6064138412476,
    "ptcorr_17to20_EB1": 2967.2295989990234,
    "ptcorr_17to20_EB2": 2356.8766441345215,
    "ptcorr_17to20_EE": 2398.820022583008,
    "ptcorr_20to30_EB1": 10535.893768310547,
    "ptcorr_20to30_EB2": 8560.785720825195,
    "ptcorr_20to30_EE": 8197.67000579834,
    "ptcorr_30to50_EB1": 26127.48748779297,
    "ptcorr_30to50_EB2": 19195.037322998047,
    "ptcorr_30to50_EE": 17829.185668945312,
    "ptcorr_50to100_EB1": 45351.5791015625,
    "ptcorr_50to100_EB2": 31055.19500732422,
    "ptcorr_50to100_EE": 26285.753448486328,
    "ptcorr_100to200_EB1": 10138.348251342773,
    "ptcorr_100to200_EB2": 6860.000679016113,
    "ptcorr_100to200_EE": 4447.254037857056
  },
  "MotherJetPt_Down": {
    "ptcorr_10to12_EB1": 41654.67590332031,
    "ptcorr_10to12_EB2": 29880.299377441406,
    "ptcorr_10to12_EE": 27842.685424804688,
    "ptcorr_12to14_EB1": 46141.486083984375,
    "ptcorr_12to14_EB2": 33810.883056640625,
    "ptcorr_12to14_EE": 28800.434448242188,
    "ptcorr_14to17_EB1": 67159.20874023438,
    "ptcorr_14to17_EB2": 49541.94287109375,
    "ptcorr_14to17_EE": 45465.96496582031,
    "ptcorr_17to20_EB1": 61897.25988769531,
    "ptcorr_17to20_EB2": 50005.443603515625,
    "ptcorr_17to20_EE": 43349.55114746094,
    "ptcorr_20to30_EB1": 163601.3349609375,
    "ptcorr_20to30_EB2": 122458.4521484375,
    "ptcorr_20to30_EE": 112069.05883789062,
    "ptcorr_30to50_EB1": 180663.5966796875,
    "ptcorr_30to50_EB2": 126718.88452148438,
    "ptcorr_30to50_EE": 122785.0322265625,
    "ptcorr_50to100_EB1": 92033.76611328125,
    "ptcorr_50to100_EB2": 63871.484619140625,
    "ptcorr_50to100_EE": 58061.22058105469,
    "ptcorr_100to200_EB1": 11743.699768066406,
    "ptcorr_100to200_EB2": 8041.519149780273,
    "ptcorr_100to200_EE": 5360.370855331421
  },
  "RequireHeavyTag": {
    "ptcorr_10to12_EB1": 415.33986043930054,
    "ptcorr_10to12_EB2": 329.24312353134155,
    "ptcorr_10to12_EE": 195.6607313156128,
    "ptcorr_12to14_EB1": 246.26358795166016,
    "ptcorr_12to14_EB2": 195.58449125289917,
    "ptcorr_12to14_EE": 151.4264690876007,
    "ptcorr_14to17_EB1": 402.2047779560089,
    "ptcorr_14to17_EB2": 354.0311062335968,
    "ptcorr_14to17_EE": 545.6799077987671,
    "ptcorr_17to20_EB1": 577.0212264060974,
    "ptcorr_17to20_EB2": 275.3830029964447,
    "ptcorr_17to20_EE": 428.09698152542114,
    "ptcorr_20to30_EB1": 1809.8469486236572,
    "ptcorr_20to30_EB2": 1381.1574215888977,
    "ptcorr_20to30_EE": 1210.309504032135,
    "ptcorr_30to50_EB1": 3751.175464630127,
    "ptcorr_30to50_EB2": 2234.37992477417,
    "ptcorr_30to50_EE": 2447.6089639663696,
    "ptcorr_50to100_EB1": 3113.3819847106934,
    "ptcorr_50to100_EB2": 1888.5809497833252,
    "ptcorr_50to100_EE": 1690.3060188293457,
    "ptcorr_100to200_EB1": 429.9994623661041,
    "ptcorr_100to200_EB2": 489.2150921821594,
    "ptcorr_100to200_EE": 374.80655121803284
  },
  "Stat": {
    "ptcorr_10to12_EB1": 422.1773457224333,
    "ptcorr_10to12_EB2": 368.520276850832,
    "ptcorr_10to12_EE": 352.43485912785167,
    "ptcorr_12to14_EB1": 441.4930884670342,
    "ptcorr_12to14_EB2": 376.2668657915573,
    "ptcorr_12to14_EE": 382.51730374208324,
    "ptcorr_14to17_EB1": 570.6186763363373,
    "ptcorr_14to17_EB2": 466.4584230747648,
    "ptcorr_14to17_EE": 468.29120219385055,
    "ptcorr_17to20_EB1": 559.9470070664107,
    "ptcorr_17to20_EB2": 488.607062716386,
    "ptcorr_17to20_EE": 467.77139484210267,
    "ptcorr_20to30_EB1": 1009.9145277481394,
    "ptcorr_20to30_EB2": 917.6640687895527,
    "ptcorr_20to30_EE": 865.5387624329696,
    "ptcorr_30to50_EB1": 1367.3373653193373,
    "ptcorr_30to50_EB2": 1156.6569503559858,
    "ptcorr_30to50_EE": 1132.5456398642386,
    "ptcorr_50to100_EB1": 1285.4433797729278,
    "ptcorr_50to100_EB2": 1094.6034696293145,
    "ptcorr_50to100_EE": 1043.7236771196092,
    "ptcorr_100to200_EB1": 526.00684399513,
    "ptcorr_100to200_EB2": 433.88780941688606,
    "ptcorr_100to200_EE": 387.11736431879876
  }
}