{
  "syst": "ljet",
  "observed": 106.231376349926,
  "expected": 323.15791046619415,
  "difference": -0.6712710012369048,
  "max_bin_difference": 0.0,
  "max_bin_difference_bin": -1,
  "max_bin_difference_filtered": 0.0,
  "max_bin_difference_filtered_bin": -1,
  "snr_threshold": 3.0,
  "mass_range_min": 10.0,
  "mass_range_max": 160.0,
  "percentile_68_difference": 0.0,
  "percentile_95_difference": 0.0,
  "rms_bin_difference": 0.0,
  "chi2": 29.353626357616214,
  "ndf": 37,
  "chi2_per_ndf": 0.7933412529085463,
  "p_value": 0.8104970588338704,
  "closure_uncertainty_scale": 0.35000000000000003,
  "recommended_systematic_pct": 64.99999999999999
}