process,threshold,initial_sensitivity,max_sensitivity,improvement
MHc-130_MA-90,0.5,1.3267951217901939,1.4861472321192957,0.12010302699492459
