{
  "syst": "Central",
  "observed": 106.23137628100812,
  "expected": 139.59269502176903,
  "difference": -0.23899043381574026,
  "max_bin_difference": 0.37464425278491675,
  "max_bin_difference_bin": 11,
  "max_bin_difference_filtered": 0.37464425278491675,
  "max_bin_difference_filtered_bin": 11,
  "snr_threshold": 3.0,
  "mass_range_min": 10.0,
  "mass_range_max": 160.0,
  "percentile_68_difference": 0.29236640980725476,
  "percentile_95_difference": 0.36320149657804185,
  "rms_bin_difference": 0.2681786286595176,
  "chi2": 13.904756242284943,
  "ndf": 23,
  "chi2_per_ndf": 0.6045546192297802,
  "p_value": 0.9295662094444732,
  "closure_uncertainty_scale": 0.1,
  "recommended_systematic_pct": 90.0
}