{
  "syst": "Central",
  "observed": 106.23137639509514,
  "expected": 139.59269698456046,
  "difference": -0.23899044369889366,
  "max_bin_difference": 2.91044303876533,
  "max_bin_difference_bin": 157,
  "max_bin_difference_filtered": 0.6053042355444472,
  "max_bin_difference_filtered_bin": 31,
  "snr_threshold": 3.0,
  "mass_range_min": 10.0,
  "mass_range_max": 160.0,
  "percentile_68_difference": 0.282463779511413,
  "percentile_95_difference": 0.39390045064527085,
  "rms_bin_difference": 0.25335450843895285,
  "chi2": 26.397828361596982,
  "ndf": 22,
  "chi2_per_ndf": 1.1999012891634993,
  "p_value": 0.23499372728055257,
  "closure_uncertainty_scale": 1.3,
  "recommended_systematic_pct": 30.000000000000004
}