{
  "hyperparameters": {
    "signal": "MHc100_MA95",
    "channel": "Combined",
    "iteration": 2,
    "model_idx": 11,
    "num_hidden": 192,
    "optimizer": "RMSprop",
    "initial_lr": 0.0002,
    "weight_decay": 0.00061,
    "scheduler": "ReduceLROnPlateau",
    "pilot_mode": false,
    "num_classes": 4,
    "model_type": "ParticleNet",
    "num_node_features": 9,
    "num_graph_features": 4,
    "dropout_p": 0.4,
    "batch_size": 256,
    "train_folds": [
      0,
      1,
      2
    ],
    "valid_folds": [
      3
    ],
    "loss_type": "disco",
    "disco_lambda": 0.05
  },
  "training_summary": {
    "best_epoch": 7,
    "best_train_loss": 0.6826216399126139,
    "best_valid_loss": 0.6635236068510674,
    "best_train_acc": 0.557043045759201,
    "best_valid_acc": 0.5684122443199158,
    "total_epochs": 15
  },
  "epoch_history": {
    "train_loss": [
      0.7230410126567249,
      0.6816826260923252,
      0.6817359066299392,
      0.681493398556231,
      0.6813203481193009,
      0.6811398769946808,
      0.6812565302051672,
      0.6826216399126139,
      0.6812325613839286,
      0.6805726396276596,
      0.6808083948755699,
      0.6802291359944909,
      0.6805851063829788,
      0.6801830535239362,
      0.679586133406155
    ],
    "valid_loss": [
      0.6813958933655645,
      0.6784918341838139,
      0.6680842654805788,
      0.6863828847106074,
      0.674086611035844,
      0.6692597295196963,
      0.6763369063256492,
      0.6635236068510674,
      0.672912490199989,
      0.6763645225847271,
      0.6696870830697073,
      0.6708432049818442,
      0.6711341965366417,
      0.6705334623095015,
      0.6637972979478433
    ],
    "train_acc": [
      0.5255883485078812,
      0.5569486767053604,
      0.5545377880334854,
      0.5569335669279099,
      0.5559849515557289,
      0.5570813044905663,
      0.556545689702034,
      0.557043045759201,
      0.5572045743465424,
      0.5580844208598137,
      0.5566971302032471,
      0.556503415107727,
      0.5566414967179298,
      0.557604543864727,
      0.5577122792601585
    ],
    "valid_acc": [
      0.553438562899828,
      0.5537798702716827,
      0.5659872815012932,
      0.5691775158047676,
      0.5614670887589455,
      0.5636678040027618,
      0.5585574805736542,
      0.5684122443199158,
      0.5601875931024551,
      0.5609297752380371,
      0.5662886425852776,
      0.5678848326206207,
      0.5676132142543793,
      0.5637936294078827,
      0.5694653242826462
    ],
    "epoch": [
      0,
      1,
      2,
      3,
      4,
      5,
      6,
      7,
      8,
      9,
      10,
      11,
      12,
      13,
      14
    ],
    "timestamp": [
      1767331859.5812614,
      1767332221.43993,
      1767332583.4271753,
      1767332945.9866278,
      1767333308.9216945,
      1767333670.7615244,
      1767334033.2249684,
      1767334384.5505903,
      1767334723.3107293,
      1767335042.8461413,
      1767335362.2912471,
      1767335680.9128783,
      1767336000.601152,
      1767336318.5530019,
      1767336611.0256205
    ],
    "train_ce_loss": [
      0.6933146349202536,
      0.6523552012660946,
      0.6524542737333245,
      0.6522679008249092,
      0.6521632544718977,
      0.6518702385273386,
      0.6522656692741128,
      0.6532241209118562,
      0.6518705359164705,
      0.6514301571802528,
      0.6514823327854412,
      0.6509230086053396,
      0.6513044545715703,
      0.6507164680305585,
      0.6501375031326317
    ],
    "valid_ce_loss": [
      0.6514766611368723,
      0.6498813586125911,
      0.6392059173487442,
      0.6571181844132887,
      0.6455582576003712,
      0.6401422542165702,
      0.6472172691998347,
      0.6347462777835382,
      0.6446735341049415,
      0.6472893606504084,
      0.6411107760185087,
      0.6417840895518451,
      0.6416752962789065,
      0.6412129720646731,
      0.634822596441692
    ],
    "train_disco_term": [
      0.594527626816625,
      0.5865497157747622,
      0.585633331881468,
      0.5845094948010604,
      0.5831402920662089,
      0.5853922749362818,
      0.5798178420784263,
      0.5879511045105189,
      0.5872410999424189,
      0.5828492963024186,
      0.5865217055412049,
      0.5861219195790566,
      0.5856122711509194,
      0.5893319427242395,
      0.5889731543223546
    ],
    "valid_disco_term": [
      0.5983850041430601,
      0.57221046231792,
      0.5775662862603933,
      0.5852940423073063,
      0.5705665576625878,
      0.5823502469755394,
      0.582393229007721,
      0.5755463657559643,
      0.5647792671348008,
      0.5815031852205874,
      0.5715254465983787,
      0.5811820295704923,
      0.5891784958436456,
      0.5864096863693754,
      0.5794930896708663
    ]
  }
}