{
  "hyperparameters": {
    "signal": "MHc100_MA95",
    "channel": "Combined",
    "iteration": 2,
    "model_idx": 13,
    "num_hidden": 128,
    "optimizer": "RMSprop",
    "initial_lr": 0.0032,
    "weight_decay": 0.00013,
    "scheduler": "ReduceLROnPlateau",
    "pilot_mode": false,
    "num_classes": 4,
    "model_type": "ParticleNet",
    "num_node_features": 9,
    "num_graph_features": 4,
    "dropout_p": 0.4,
    "batch_size": 256,
    "train_folds": [
      0,
      1,
      2
    ],
    "valid_folds": [
      3
    ],
    "loss_type": "disco",
    "disco_lambda": 0.05
  },
  "training_summary": {
    "best_epoch": 11,
    "best_train_loss": 0.7131102031487462,
    "best_valid_loss": 0.6956347613267495,
    "best_train_acc": 0.531903862953186,
    "best_valid_acc": 0.5552067756652832,
    "total_epochs": 19
  },
  "epoch_history": {
    "train_loss": [
      0.7615970507218845,
      0.7444064340330547,
      0.7423146163801292,
      0.7454165380414134,
      0.7457537340900456,
      0.7437424308985562,
      0.7445579644756839,
      0.7440148443436551,
      0.7452108365786474,
      0.7211140826842705,
      0.7134309252707067,
      0.7131102031487462,
      0.7130976621865501,
      0.7128638363174392,
      0.7131648936170213,
      0.7133143462670972,
      0.7148335836578648,
      0.7129253538183891,
      0.713233163943769
    ],
    "valid_loss": [
      0.7503073249064701,
      0.7181993403904875,
      1.03454482387489,
      0.7869769888864436,
      0.7412753038003411,
      0.8321707282267826,
      0.7162363831426056,
      0.7873572765941351,
      0.7520696075869279,
      0.7137807926661531,
      0.7244305677816901,
      0.6956347613267495,
      0.7078899329816791,
      0.7440527795066296,
      0.7455301419110365,
      0.725539247754594,
      0.7243233801613391,
      0.7326220660142495,
      0.6990175381512709
    ],
    "train_acc": [
      0.4894416704773903,
      0.49895183742046356,
      0.5020370185375214,
      0.4977746829390526,
      0.4969300255179405,
      0.5026896148920059,
      0.4993341937661171,
      0.4974515289068222,
      0.49669913202524185,
      0.5268950089812279,
      0.5313074663281441,
      0.531903862953186,
      0.5340797603130341,
      0.5321498885750771,
      0.5320477485656738,
      0.5316999033093452,
      0.5288693010807037,
      0.5317196547985077,
      0.5323079749941826
    ],
    "valid_acc": [
      0.49348599347285926,
      0.49135705828666687,
      0.3835726014804095,
      0.43856498709646985,
      0.4722346104681492,
      0.32852303981781006,
      0.5020550242625177,
      0.33295246958732605,
      0.4679760520466516,
      0.5173359736800194,
      0.5091274306178093,
      0.5552067756652832,
      0.5475950911641121,
      0.5008953139185905,
      0.48279919661581516,
      0.5034344233572483,
      0.5443496257066727,
      0.49690691381692886,
      0.5604310259222984
    ],
    "epoch": [
      0,
      1,
      2,
      3,
      4,
      5,
      6,
      7,
      8,
      9,
      10,
      11,
      12,
      13,
      14,
      15,
      16,
      17,
      18
    ],
    "timestamp": [
      1767332062.3395104,
      1767332427.154291,
      1767332789.70685,
      1767333153.7135112,
      1767333517.6831737,
      1767333882.6120937,
      1767334243.18529,
      1767334585.2082705,
      1767334910.8366008,
      1767335228.9709704,
      1767335547.7504342,
      1767335866.8981903,
      1767336184.7027388,
      1767336492.919317,
      1767336760.4448283,
      1767337012.7883542,
      1767337264.570125,
      1767337507.4934144,
      1767337737.5243163
    ],
    "train_ce_loss": [
      0.7311081806033578,
      0.7140483253089128,
      0.7120565766621506,
      0.7150822607941902,
      0.7155989649447989,
      0.7133419080164657,
      0.7144201062551748,
      0.7138023458534462,
      0.7149943743070933,
      0.6913761137829001,
      0.6837959600618183,
      0.6833460788052858,
      0.6834654016154152,
      0.6830178084887994,
      0.6833789596985176,
      0.6835305116821567,
      0.6849970620182148,
      0.6830812134278944,
      0.6837616427328811
    ],
    "valid_ce_loss": [
      0.7201489955186844,
      0.6880422565613834,
      1.0093799619082833,
      0.7594792246293853,
      0.710287362966739,
      0.8053407301260552,
      0.6863992062043136,
      0.7575652864302548,
      0.7220246663815538,
      0.6847697082434742,
      0.6936826714327637,
      0.6658863853925551,
      0.6775679904705202,
      0.7155725430224983,
      0.7142242531121616,
      0.6970308069402064,
      0.6944997541501489,
      0.7028986311084787,
      0.6693263561268088
    ],
    "train_disco_term": [
      0.6097778247844847,
      0.6071622908296556,
      0.605161079700957,
      0.6066863760940935,
      0.6030956985015637,
      0.6080105093655978,
      0.602756972461486,
      0.6042498446163073,
      0.6043290151107638,
      0.5947608964783805,
      0.5926994909269107,
      0.5952819938536473,
      0.5926450306883699,
      0.5969206455268397,
      0.5957191343365469,
      0.5956765092252598,
      0.596730503593897,
      0.596882182667683,
      0.5894307940745426
    ],
    "valid_disco_term": [
      0.6031659331539987,
      0.6031407653550866,
      0.5032988610401959,
      0.5499548167777313,
      0.6197595536498957,
      0.5365996307785242,
      0.596744000754306,
      0.5958404463624031,
      0.6008989527086976,
      0.5802211036879412,
      0.6149581386379792,
      0.5949674139560108,
      0.6064391683944514,
      0.5696046557015096,
      0.6261172949952979,
      0.5701692826836042,
      0.5964725858623713,
      0.5944691126720166,
      0.5938230118596218
    ]
  }
}