{
  "nbins": 15,
  "bin_edges": [
    56.15080936576788,
    56.65164140643272,
    57.15247344709756,
    57.6533054877624,
    58.15413752842724,
    58.65496956909209,
    59.15580160975693,
    59.65663365042177,
    60.157465691086614,
    60.65829773175145,
    61.15912977241629,
    61.65996181308114,
    62.16079385374598,
    62.66162589441082,
    63.162457935075665,
    63.663289975740504
  ],
  "method": "UniformMass",
  "voigt_width": 0.751248060997263,
  "mass_min": 56.15080936576788,
  "mass_max": 63.663289975740504,
  "binning_type": "uniform"
}