{
  "syst": "cjet",
  "observed": 63.96627616882324,
  "expected": 52.80764447449474,
  "difference": 0.21130712807532911,
  "max_bin_difference": 8.538544142709927,
  "max_bin_difference_bin": 111,
  "max_bin_difference_filtered": 0.906698475149338,
  "max_bin_difference_filtered_bin": 16,
  "snr_threshold": 3.0,
  "mass_range_min": 10.0,
  "mass_range_max": 160.0,
  "percentile_68_difference": 0.39861066554023544,
  "percentile_95_difference": 0.8498168263278271,
  "rms_bin_difference": 0.3994767921715115,
  "chi2": 85.53136577936071,
  "ndf": 8,
  "chi2_per_ndf": 10.691420722420089,
  "p_value": 3.7414487345423206e-15,
  "closure_uncertainty_scale": 5.0,
  "recommended_systematic_pct": 400.0
}