{
  "Central": {
    "ptcorr_15to17_EB1": 1.5089607210829854,
    "ptcorr_15to17_EB2": 0.7958350544795394,
    "ptcorr_15to17_EE": 0.971233191434294,
    "ptcorr_17to20_EB1": 2.8727301098406315,
    "ptcorr_17to20_EB2": 1.6479153987020254,
    "ptcorr_17to20_EE": 1.4820522144436836,
    "ptcorr_20to25_EB1": 5.048999212682247,
    "ptcorr_20to25_EB2": 3.0156968533992767,
    "ptcorr_20to25_EE": 3.179321840405464,
    "ptcorr_25to35_EB1": 13.252181708812714,
    "ptcorr_25to35_EB2": 7.259102687239647,
    "ptcorr_25to35_EE": 5.875579804182053,
    "ptcorr_35to50_EB1": 15.18285408616066,
    "ptcorr_35to50_EB2": 9.58866485953331,
    "ptcorr_35to50_EE": 6.730510249733925,
    "ptcorr_50to100_EB1": 21.25917649269104,
    "ptcorr_50to100_EB2": 13.062411069869995,
    "ptcorr_50to100_EE": 7.170913264155388,
    "ptcorr_100to200_EB1": 5.431552425026894,
    "ptcorr_100to200_EB2": 2.743599122390151,
    "ptcorr_100to200_EE": 1.3459536246955395
  },
  "MotherJetPt_Up": {
    "ptcorr_15to17_EB1": 0.7770447041839361,
    "ptcorr_15to17_EB2": 0.5003064004704356,
    "ptcorr_15to17_EE": 0.5447433753870428,
    "ptcorr_17to20_EB1": 1.567075153812766,
    "ptcorr_17to20_EB2": 1.0896592382341623,
    "ptcorr_17to20_EE": 0.8331471376586705,
    "ptcorr_20to25_EB1": 2.70191331487149,
    "ptcorr_20to25_EB2": 1.687047607731074,
    "ptcorr_20to25_EE": 1.767888631671667,
    "ptcorr_25to35_EB1": 7.920528948307037,
    "ptcorr_25to35_EB2": 4.234412904828787,
    "ptcorr_25to35_EE": 3.508154034614563,
    "ptcorr_35to50_EB1": 9.80599895119667,
    "ptcorr_35to50_EB2": 6.503697365522385,
    "ptcorr_35to50_EE": 4.651874639093876,
    "ptcorr_50to100_EB1": 16.03193634748459,
    "ptcorr_50to100_EB2": 9.744627371430397,
    "ptcorr_50to100_EE": 5.513461545109749,
    "ptcorr_100to200_EB1": 5.046557113528252,
    "ptcorr_100to200_EB2": 2.53344182157889,
    "ptcorr_100to200_EE": 1.1880943346768618
  },
  "MotherJetPt_Down": {
    "ptcorr_15to17_EB1": 1.8933625929057598,
    "ptcorr_15to17_EB2": 0.9167406521737576,
    "ptcorr_15to17_EE": 1.1793418521992862,
    "ptcorr_17to20_EB1": 3.4953920021653175,
    "ptcorr_17to20_EB2": 2.154004642739892,
    "ptcorr_17to20_EE": 1.9978768844157457,
    "ptcorr_20to25_EB1": 6.501840338110924,
    "ptcorr_20to25_EB2": 3.7211293913424015,
    "ptcorr_20to25_EE": 3.802401080727577,
    "ptcorr_25to35_EB1": 15.498064160346985,
    "ptcorr_25to35_EB2": 8.68151929974556,
    "ptcorr_25to35_EE": 6.847281515598297,
    "ptcorr_35to50_EB1": 16.968941152095795,
    "ptcorr_35to50_EB2": 10.648394644260406,
    "ptcorr_35to50_EE": 7.498732030391693,
    "ptcorr_50to100_EB1": 23.018894493579865,
    "ptcorr_50to100_EB2": 14.123006403446198,
    "ptcorr_50to100_EE": 7.7952196300029755,
    "ptcorr_100to200_EB1": 5.695740818977356,
    "ptcorr_100to200_EB2": 2.8756012823432684,
    "ptcorr_100to200_EE": 1.4048441909253597
  },
  "RequireHeavyTag": {
    "ptcorr_15to17_EB1": 0.9007455864921212,
    "ptcorr_15to17_EB2": 0.5343740181997418,
    "ptcorr_15to17_EE": 0.48556766798719764,
    "ptcorr_17to20_EB1": 1.908058699220419,
    "ptcorr_17to20_EB2": 0.9985620034858584,
    "ptcorr_17to20_EE": 0.7456118729896843,
    "ptcorr_20to25_EB1": 3.3073220178484917,
    "ptcorr_20to25_EB2": 2.004564120899886,
    "ptcorr_20to25_EE": 1.994772223988548,
    "ptcorr_25to35_EB1": 8.476571530103683,
    "ptcorr_25to35_EB2": 4.6025722697377205,
    "ptcorr_25to35_EE": 3.6240530535578728,
    "ptcorr_35to50_EB1": 9.983987420797348,
    "ptcorr_35to50_EB2": 6.545730829238892,
    "ptcorr_35to50_EE": 4.163887664675713,
    "ptcorr_50to100_EB1": 13.903882533311844,
    "ptcorr_50to100_EB2": 8.146237581968307,
    "ptcorr_50to100_EE": 4.249124199151993,
    "ptcorr_100to200_EB1": 3.4557858258485794,
    "ptcorr_100to200_EB2": 1.9756297785788774,
    "ptcorr_100to200_EE": 0.6994147312361747
  },
  "Stat": {
    "ptcorr_15to17_EB1": 0.15935308550620308,
    "ptcorr_15to17_EB2": 0.11741094404268901,
    "ptcorr_15to17_EE": 0.1314160068136864,
    "ptcorr_17to20_EB1": 0.21607640414097035,
    "ptcorr_17to20_EB2": 0.16971645426596446,
    "ptcorr_17to20_EE": 0.15869961822347164,
    "ptcorr_20to25_EB1": 0.3098375258204736,
    "ptcorr_20to25_EB2": 0.24037663547977295,
    "ptcorr_20to25_EE": 0.24419739819136008,
    "ptcorr_25to35_EB1": 0.5071353051022692,
    "ptcorr_25to35_EB2": 0.37056415823173455,
    "ptcorr_25to35_EE": 0.33662609050469744,
    "ptcorr_35to50_EB1": 0.5377880106919651,
    "ptcorr_35to50_EB2": 0.43129752079428174,
    "ptcorr_35to50_EE": 0.35903551098152303,
    "ptcorr_50to100_EB1": 0.639559338382242,
    "ptcorr_50to100_EB2": 0.5037149809350384,
    "ptcorr_50to100_EE": 0.3692158075576559,
    "ptcorr_100to200_EB1": 0.3257916135231541,
    "ptcorr_100to200_EB2": 0.22807516893159868,
    "ptcorr_100to200_EE": 0.16032237486156595
  }
}