{
  "Central": {
    "ptcorr_15to17_EB1": 37.14761674404144,
    "ptcorr_15to17_EB2": 17.22747452557087,
    "ptcorr_15to17_EE": 24.67363414168358,
    "ptcorr_17to20_EB1": 54.364826679229736,
    "ptcorr_17to20_EB2": 29.385568141937256,
    "ptcorr_17to20_EE": 46.89728984236717,
    "ptcorr_20to25_EB1": 92.265864610672,
    "ptcorr_20to25_EB2": 57.257810942828655,
    "ptcorr_20to25_EE": 67.26876389980316,
    "ptcorr_25to35_EB1": 190.69409799575806,
    "ptcorr_25to35_EB2": 111.74148124456406,
    "ptcorr_25to35_EE": 104.21045708656311,
    "ptcorr_35to50_EB1": 228.8446683883667,
    "ptcorr_35to50_EB2": 131.46669483184814,
    "ptcorr_35to50_EE": 121.17251944541931,
    "ptcorr_50to100_EB1": 300.10170888900757,
    "ptcorr_50to100_EB2": 163.98998498916626,
    "ptcorr_50to100_EE": 111.4665937423706,
    "ptcorr_100to200_EB1": 33.582594618201256,
    "ptcorr_100to200_EB2": 13.485769554972649,
    "ptcorr_100to200_EE": 11.587039805948734
  },
  "MotherJetPt_Up": {
    "ptcorr_15to17_EB1": 23.727582454681396,
    "ptcorr_15to17_EB2": 12.294070646166801,
    "ptcorr_15to17_EE": 16.95760065317154,
    "ptcorr_17to20_EB1": 41.887993574142456,
    "ptcorr_17to20_EB2": 23.874536275863647,
    "ptcorr_17to20_EE": 31.50582030415535,
    "ptcorr_20to25_EB1": 70.01605892181396,
    "ptcorr_20to25_EB2": 37.71230912208557,
    "ptcorr_20to25_EE": 41.143663972616196,
    "ptcorr_25to35_EB1": 128.721209526062,
    "ptcorr_25to35_EB2": 75.04284864664078,
    "ptcorr_25to35_EE": 69.78585994243622,
    "ptcorr_35to50_EB1": 153.85595655441284,
    "ptcorr_35to50_EB2": 90.38114535808563,
    "ptcorr_35to50_EE": 88.35439598560333,
    "ptcorr_50to100_EB1": 221.44372606277466,
    "ptcorr_50to100_EB2": 127.03610181808472,
    "ptcorr_50to100_EE": 82.88869249820709,
    "ptcorr_100to200_EB1": 31.656679078936577,
    "ptcorr_100to200_EB2": 9.672003254294395,
    "ptcorr_100to200_EE": 9.785328544676304
  },
  "MotherJetPt_Down": {
    "ptcorr_15to17_EB1": 40.10432189702988,
    "ptcorr_15to17_EB2": 19.36352513730526,
    "ptcorr_15to17_EE": 27.735906198620796,
    "ptcorr_17to20_EB1": 59.127665758132935,
    "ptcorr_17to20_EB2": 32.808761179447174,
    "ptcorr_17to20_EE": 53.36666750907898,
    "ptcorr_20to25_EB1": 99.06089401245117,
    "ptcorr_20to25_EB2": 65.4207196161151,
    "ptcorr_20to25_EE": 75.11918920278549,
    "ptcorr_25to35_EB1": 206.84788465499878,
    "ptcorr_25to35_EB2": 123.21808004379272,
    "ptcorr_25to35_EE": 119.88216924667358,
    "ptcorr_35to50_EB1": 252.13312149047852,
    "ptcorr_35to50_EB2": 144.109557390213,
    "ptcorr_35to50_EE": 133.56859028339386,
    "ptcorr_50to100_EB1": 327.7171792984009,
    "ptcorr_50to100_EB2": 176.8604016304016,
    "ptcorr_50to100_EE": 129.84277153015137,
    "ptcorr_100to200_EB1": 36.48784200847149,
    "ptcorr_100to200_EB2": 14.635689362883568,
    "ptcorr_100to200_EE": 12.879657246172428
  },
  "RequireHeavyTag": {
    "ptcorr_15to17_EB1": 17.933929309248924,
    "ptcorr_15to17_EB2": 9.353317350149155,
    "ptcorr_15to17_EE": 16.69928941130638,
    "ptcorr_17to20_EB1": 35.9569074511528,
    "ptcorr_17to20_EB2": 15.727061659097672,
    "ptcorr_17to20_EE": 30.470741480588913,
    "ptcorr_20to25_EB1": 52.31255382299423,
    "ptcorr_20to25_EB2": 38.34694545716047,
    "ptcorr_20to25_EE": 37.70424434542656,
    "ptcorr_25to35_EB1": 124.56751906871796,
    "ptcorr_25to35_EB2": 79.54290127754211,
    "ptcorr_25to35_EE": 64.00352877378464,
    "ptcorr_35to50_EB1": 156.31283354759216,
    "ptcorr_35to50_EB2": 85.88772511482239,
    "ptcorr_35to50_EE": 80.1831339597702,
    "ptcorr_50to100_EB1": 202.4538004398346,
    "ptcorr_50to100_EB2": 106.83243215084076,
    "ptcorr_50to100_EE": 77.5490512251854,
    "ptcorr_100to200_EB1": 27.451221972703934,
    "ptcorr_100to200_EB2": 7.5603280663490295,
    "ptcorr_100to200_EE": 5.11490748077631
  },
  "Stat": {
    "ptcorr_15to17_EB1": 4.104041486375364,
    "ptcorr_15to17_EB2": 2.933392989667236,
    "ptcorr_15to17_EE": 3.6764576815691026,
    "ptcorr_17to20_EB1": 5.004354579637611,
    "ptcorr_17to20_EB2": 3.8317086782624803,
    "ptcorr_17to20_EE": 5.189925820256974,
    "ptcorr_20to25_EB1": 7.337090963698873,
    "ptcorr_20to25_EB2": 5.430140631780593,
    "ptcorr_20to25_EE": 6.025354629804905,
    "ptcorr_25to35_EB1": 10.553675749182588,
    "ptcorr_25to35_EB2": 8.182206664543783,
    "ptcorr_25to35_EE": 8.00305156781542,
    "ptcorr_35to50_EB1": 11.19046714708487,
    "ptcorr_35to50_EB2": 8.56408589729687,
    "ptcorr_35to50_EE": 8.17880919556734,
    "ptcorr_50to100_EB1": 12.748126239424595,
    "ptcorr_50to100_EB2": 9.685804746959695,
    "ptcorr_50to100_EE": 7.993442280836806,
    "ptcorr_100to200_EB1": 4.424369092146996,
    "ptcorr_100to200_EB2": 2.698852188668025,
    "ptcorr_100to200_EE": 2.6191799882190727
  }
}