{
  "Central": {
    "ptcorr_15to17_EB1": 4143.04020690918,
    "ptcorr_15to17_EB2": 2754.901077270508,
    "ptcorr_15to17_EE": 3551.718439102173,
    "ptcorr_17to20_EB1": 6890.899795532227,
    "ptcorr_17to20_EB2": 4564.848922729492,
    "ptcorr_17to20_EE": 5846.710800170898,
    "ptcorr_20to25_EB1": 13672.812530517578,
    "ptcorr_20to25_EB2": 9487.462799072266,
    "ptcorr_20to25_EE": 12128.064910888672,
    "ptcorr_25to35_EB1": 30929.085327148438,
    "ptcorr_25to35_EB2": 19725.329498291016,
    "ptcorr_25to35_EE": 24271.395080566406,
    "ptcorr_35to50_EB1": 38712.186767578125,
    "ptcorr_35to50_EB2": 27637.436645507812,
    "ptcorr_35to50_EE": 29500.73809814453,
    "ptcorr_50to100_EB1": 56665.64978027344,
    "ptcorr_50to100_EB2": 40539.73718261719,
    "ptcorr_50to100_EE": 39766.121337890625,
    "ptcorr_100to200_EB1": 10029.595779418945,
    "ptcorr_100to200_EB2": 6964.255668640137,
    "ptcorr_100to200_EE": 5792.711570739746
  },
  "MotherJetPt_Up": {
    "ptcorr_15to17_EB1": 993.4368419647217,
    "ptcorr_15to17_EB2": 763.3297591209412,
    "ptcorr_15to17_EE": 925.952000617981,
    "ptcorr_17to20_EB1": 1643.715537071228,
    "ptcorr_17to20_EB2": 1198.2476968765259,
    "ptcorr_17to20_EE": 1630.838330745697,
    "ptcorr_20to25_EB1": 3199.5216331481934,
    "ptcorr_20to25_EB2": 2090.2568492889404,
    "ptcorr_20to25_EE": 3374.8886337280273,
    "ptcorr_25to35_EB1": 8196.986709594727,
    "ptcorr_25to35_EB2": 5561.4118576049805,
    "ptcorr_25to35_EE": 7413.811569213867,
    "ptcorr_35to50_EB1": 12968.9375,
    "ptcorr_35to50_EB2": 10429.77490234375,
    "ptcorr_35to50_EE": 12066.119232177734,
    "ptcorr_50to100_EB1": 37129.74401855469,
    "ptcorr_50to100_EB2": 26677.542846679688,
    "ptcorr_50to100_EE": 25990.063537597656,
    "ptcorr_100to200_EB1": 9403.362823486328,
    "ptcorr_100to200_EB2": 6503.453796386719,
    "ptcorr_100to200_EE": 5249.18839263916
  },
  "MotherJetPt_Down": {
    "ptcorr_15to17_EB1": 8277.46923828125,
    "ptcorr_15to17_EB2": 5410.103256225586,
    "ptcorr_15to17_EE": 7039.505157470703,
    "ptcorr_17to20_EB1": 13881.309661865234,
    "ptcorr_17to20_EB2": 9242.283004760742,
    "ptcorr_17to20_EE": 11584.0263671875,
    "ptcorr_20to25_EB1": 26066.500854492188,
    "ptcorr_20to25_EB2": 17260.968963623047,
    "ptcorr_20to25_EE": 20349.46469116211,
    "ptcorr_25to35_EB1": 49982.20397949219,
    "ptcorr_25to35_EB2": 31740.705993652344,
    "ptcorr_25to35_EE": 37450.885009765625,
    "ptcorr_35to50_EB1": 52175.14733886719,
    "ptcorr_35to50_EB2": 37320.01550292969,
    "ptcorr_35to50_EE": 39448.97802734375,
    "ptcorr_50to100_EB1": 63823.67834472656,
    "ptcorr_50to100_EB2": 45927.163818359375,
    "ptcorr_50to100_EE": 45159.35363769531,
    "ptcorr_100to200_EB1": 10426.040939331055,
    "ptcorr_100to200_EB2": 7289.3459548950195,
    "ptcorr_100to200_EE": 5891.863616943359
  },
  "RequireHeavyTag": {
    "ptcorr_15to17_EB1": 157.847473859787,
    "ptcorr_15to17_EB2": 47.34397220611572,
    "ptcorr_15to17_EE": 42.22654461860657,
    "ptcorr_17to20_EB1": 311.20732855796814,
    "ptcorr_17to20_EB2": 155.70469570159912,
    "ptcorr_17to20_EE": 319.9269049167633,
    "ptcorr_20to25_EB1": 551.7919483184814,
    "ptcorr_20to25_EB2": 287.1720016002655,
    "ptcorr_20to25_EE": 592.1758823394775,
    "ptcorr_25to35_EB1": 1072.0569467544556,
    "ptcorr_25to35_EB2": 800.2044005393982,
    "ptcorr_25to35_EE": 910.4431190490723,
    "ptcorr_35to50_EB1": 1922.3054218292236,
    "ptcorr_35to50_EB2": 1285.1050934791565,
    "ptcorr_35to50_EE": 1220.656801700592,
    "ptcorr_50to100_EB1": 2527.9568519592285,
    "ptcorr_50to100_EB2": 1492.133113861084,
    "ptcorr_50to100_EE": 1172.4359350204468,
    "ptcorr_100to200_EB1": 619.0795159339905,
    "ptcorr_100to200_EB2": 330.4716395139694,
    "ptcorr_100to200_EE": 280.8346438407898
  },
  "Stat": {
    "ptcorr_15to17_EB1": 291.0204493912243,
    "ptcorr_15to17_EB2": 231.16224476062206,
    "ptcorr_15to17_EE": 319.901061842546,
    "ptcorr_17to20_EB1": 373.54126588346986,
    "ptcorr_17to20_EB2": 313.73707563197587,
    "ptcorr_17to20_EE": 396.5661962148296,
    "ptcorr_20to25_EB1": 584.8550859830984,
    "ptcorr_20to25_EB2": 484.8595580868046,
    "ptcorr_20to25_EE": 566.1140309778466,
    "ptcorr_25to35_EB1": 859.4862248296427,
    "ptcorr_25to35_EB2": 707.0691289936373,
    "ptcorr_25to35_EE": 795.2492737701423,
    "ptcorr_35to50_EB1": 968.5911145891882,
    "ptcorr_35to50_EB2": 805.91976232005,
    "ptcorr_35to50_EE": 922.2045663627653,
    "ptcorr_50to100_EB1": 1154.5828955486932,
    "ptcorr_50to100_EB2": 965.9684070153877,
    "ptcorr_50to100_EE": 985.416606060362,
    "ptcorr_100to200_EB1": 463.5515376395977,
    "ptcorr_100to200_EB2": 407.72238327425003,
    "ptcorr_100to200_EE": 384.150506889451
  }
}