{
  "Central": {
    "ptcorr_15to17_EB1": 5.385285317897797,
    "ptcorr_15to17_EB2": 3.3672024086117744,
    "ptcorr_15to17_EE": 4.284678867086768,
    "ptcorr_17to20_EB1": 7.974632278084755,
    "ptcorr_17to20_EB2": 4.619794143363833,
    "ptcorr_17to20_EE": 6.63443841598928,
    "ptcorr_20to25_EB1": 15.208327144384384,
    "ptcorr_20to25_EB2": 8.943361639976501,
    "ptcorr_20to25_EE": 9.974985260516405,
    "ptcorr_25to35_EB1": 31.387171864509583,
    "ptcorr_25to35_EB2": 21.018132835626602,
    "ptcorr_25to35_EE": 20.17136660218239,
    "ptcorr_35to50_EB1": 33.73508447408676,
    "ptcorr_35to50_EB2": 24.785800844430923,
    "ptcorr_35to50_EE": 29.266836494207382,
    "ptcorr_50to100_EB1": 33.46551549434662,
    "ptcorr_50to100_EB2": 26.654147624969482,
    "ptcorr_50to100_EE": 27.937899708747864,
    "ptcorr_100to200_EB1": 6.555596545338631,
    "ptcorr_100to200_EB2": 3.940812051296234,
    "ptcorr_100to200_EE": 4.746795447543263
  },
  "MotherJetPt_Up": {
    "ptcorr_15to17_EB1": 2.47355904430151,
    "ptcorr_15to17_EB2": 1.6517472341656685,
    "ptcorr_15to17_EE": 2.7945684660226107,
    "ptcorr_17to20_EB1": 3.7892205975949764,
    "ptcorr_17to20_EB2": 3.008241331204772,
    "ptcorr_17to20_EE": 3.242325248196721,
    "ptcorr_20to25_EB1": 8.203970469534397,
    "ptcorr_20to25_EB2": 4.680788047611713,
    "ptcorr_20to25_EE": 5.231739450246096,
    "ptcorr_25to35_EB1": 17.23590173572302,
    "ptcorr_25to35_EB2": 12.12843868136406,
    "ptcorr_25to35_EE": 12.165419608354568,
    "ptcorr_35to50_EB1": 17.034579798579216,
    "ptcorr_35to50_EB2": 15.457710586488247,
    "ptcorr_35to50_EE": 18.485803455114365,
    "ptcorr_50to100_EB1": 22.70525425672531,
    "ptcorr_50to100_EB2": 17.63491415977478,
    "ptcorr_50to100_EE": 17.06298941373825,
    "ptcorr_100to200_EB1": 5.415219206362963,
    "ptcorr_100to200_EB2": 3.530524656176567,
    "ptcorr_100to200_EE": 4.212656589224935
  },
  "MotherJetPt_Down": {
    "ptcorr_15to17_EB1": 6.996736437082291,
    "ptcorr_15to17_EB2": 3.75705074518919,
    "ptcorr_15to17_EE": 5.039010358974338,
    "ptcorr_17to20_EB1": 9.981371596455574,
    "ptcorr_17to20_EB2": 5.210542438551784,
    "ptcorr_17to20_EE": 8.70213452540338,
    "ptcorr_20to25_EB1": 18.109060421586037,
    "ptcorr_20to25_EB2": 10.394460499286652,
    "ptcorr_20to25_EE": 12.61945354938507,
    "ptcorr_25to35_EB1": 35.1357684135437,
    "ptcorr_25to35_EB2": 23.464809238910675,
    "ptcorr_25to35_EE": 23.553271234035492,
    "ptcorr_35to50_EB1": 37.44878417253494,
    "ptcorr_35to50_EB2": 27.217786997556686,
    "ptcorr_35to50_EE": 32.50653696060181,
    "ptcorr_50to100_EB1": 36.57218027114868,
    "ptcorr_50to100_EB2": 28.885058403015137,
    "ptcorr_50to100_EE": 31.531583070755005,
    "ptcorr_100to200_EB1": 6.9116621017456055,
    "ptcorr_100to200_EB2": 4.13114757835865,
    "ptcorr_100to200_EE": 4.865243183448911
  },
  "RequireHeavyTag": {
    "ptcorr_15to17_EB1": 1.1723298206925392,
    "ptcorr_15to17_EB2": 0.4647313207387924,
    "ptcorr_15to17_EE": 1.2371636424213648,
    "ptcorr_17to20_EB1": 1.0949468798935413,
    "ptcorr_17to20_EB2": 0.4480309411883354,
    "ptcorr_17to20_EE": 1.3058565184473991,
    "ptcorr_20to25_EB1": 2.207086242735386,
    "ptcorr_20to25_EB2": 1.2646833136677742,
    "ptcorr_20to25_EE": 1.6174849402159452,
    "ptcorr_25to35_EB1": 3.1195732094347477,
    "ptcorr_25to35_EB2": 2.630932029336691,
    "ptcorr_25to35_EE": 1.8249573279172182,
    "ptcorr_35to50_EB1": 4.734588768333197,
    "ptcorr_35to50_EB2": 1.6707354504615068,
    "ptcorr_35to50_EE": 2.7348383627831936,
    "ptcorr_50to100_EB1": 4.707196846604347,
    "ptcorr_50to100_EB2": 2.4775676243007183,
    "ptcorr_50to100_EE": 4.647356875240803,
    "ptcorr_100to200_EB1": 0.6859282366931438,
    "ptcorr_100to200_EB2": 0.530031330883503,
    "ptcorr_100to200_EE": 0.735153790563345
  },
  "Stat": {
    "ptcorr_15to17_EB1": 0.8361213503463191,
    "ptcorr_15to17_EB2": 0.6778003825677898,
    "ptcorr_15to17_EE": 0.7510669513609307,
    "ptcorr_17to20_EB1": 1.015562739926121,
    "ptcorr_17to20_EB2": 0.7761970976214659,
    "ptcorr_17to20_EE": 0.9732348103564268,
    "ptcorr_20to25_EB1": 1.5092500809350033,
    "ptcorr_20to25_EB2": 1.1399468395331263,
    "ptcorr_20to25_EE": 1.2066060227429356,
    "ptcorr_25to35_EB1": 2.14483021688932,
    "ptcorr_25to35_EB2": 1.7335421764523578,
    "ptcorr_25to35_EE": 1.72893359671266,
    "ptcorr_35to50_EB1": 2.1989587390441345,
    "ptcorr_35to50_EB2": 1.8857602679920258,
    "ptcorr_35to50_EE": 2.0906996437483945,
    "ptcorr_50to100_EB1": 2.210823678463617,
    "ptcorr_50to100_EB2": 1.9928636799281432,
    "ptcorr_50to100_EE": 2.0267014848891884,
    "ptcorr_100to200_EB1": 0.9690320020237703,
    "ptcorr_100to200_EB2": 0.7406006344650041,
    "ptcorr_100to200_EE": 0.8112353617516745
  }
}