{
  "Central": {
    "ptcorr_15to17_EB1": 6.7738854624331,
    "ptcorr_15to17_EB2": 4.528653867542744,
    "ptcorr_15to17_EE": 5.067739967256784,
    "ptcorr_17to20_EB1": 10.557086005806923,
    "ptcorr_17to20_EB2": 6.121922563761473,
    "ptcorr_17to20_EE": 9.145664535462856,
    "ptcorr_20to25_EB1": 18.407093539834023,
    "ptcorr_20to25_EB2": 11.382358312606812,
    "ptcorr_20to25_EE": 13.033706650137901,
    "ptcorr_25to35_EB1": 34.26584893465042,
    "ptcorr_25to35_EB2": 23.436931520700455,
    "ptcorr_25to35_EE": 24.241367489099503,
    "ptcorr_35to50_EB1": 34.857226967811584,
    "ptcorr_35to50_EB2": 26.16520118713379,
    "ptcorr_35to50_EE": 31.32909107208252,
    "ptcorr_50to100_EB1": 33.007832169532776,
    "ptcorr_50to100_EB2": 26.80478858947754,
    "ptcorr_50to100_EE": 28.94570791721344,
    "ptcorr_100to200_EB1": 6.6394018195569515,
    "ptcorr_100to200_EB2": 3.87817869335413,
    "ptcorr_100to200_EE": 4.900262037292123
  },
  "MotherJetPt_Up": {
    "ptcorr_15to17_EB1": 3.3155734091997147,
    "ptcorr_15to17_EB2": 2.0758711993694305,
    "ptcorr_15to17_EE": 3.0827222876250744,
    "ptcorr_17to20_EB1": 4.824353061616421,
    "ptcorr_17to20_EB2": 3.85786797106266,
    "ptcorr_17to20_EE": 4.342940513044596,
    "ptcorr_20to25_EB1": 9.277813971042633,
    "ptcorr_20to25_EB2": 5.9502299800515175,
    "ptcorr_20to25_EE": 7.2622414119541645,
    "ptcorr_25to35_EB1": 18.59607420861721,
    "ptcorr_25to35_EB2": 13.95648567378521,
    "ptcorr_25to35_EE": 13.99577933549881,
    "ptcorr_35to50_EB1": 18.368231654167175,
    "ptcorr_35to50_EB2": 16.23868039250374,
    "ptcorr_35to50_EE": 19.73156824707985,
    "ptcorr_50to100_EB1": 22.45977196097374,
    "ptcorr_50to100_EB2": 17.321088641881943,
    "ptcorr_50to100_EE": 17.99293878674507,
    "ptcorr_100to200_EB1": 5.484739784151316,
    "ptcorr_100to200_EB2": 3.4923842772841454,
    "ptcorr_100to200_EE": 4.398009808734059
  },
  "MotherJetPt_Down": {
    "ptcorr_15to17_EB1": 8.511667508631945,
    "ptcorr_15to17_EB2": 5.188040025532246,
    "ptcorr_15to17_EE": 6.0899410508573055,
    "ptcorr_17to20_EB1": 13.260161072015762,
    "ptcorr_17to20_EB2": 6.6774049289524555,
    "ptcorr_17to20_EE": 11.870064307004213,
    "ptcorr_20to25_EB1": 21.55517077445984,
    "ptcorr_20to25_EB2": 13.08845041692257,
    "ptcorr_20to25_EE": 16.083312436938286,
    "ptcorr_25to35_EB1": 39.15356135368347,
    "ptcorr_25to35_EB2": 26.535148710012436,
    "ptcorr_25to35_EE": 28.634836435317993,
    "ptcorr_35to50_EB1": 38.48609632253647,
    "ptcorr_35to50_EB2": 28.519394874572754,
    "ptcorr_35to50_EE": 34.50824874639511,
    "ptcorr_50to100_EB1": 36.19114011526108,
    "ptcorr_50to100_EB2": 29.342276990413666,
    "ptcorr_50to100_EE": 32.679942190647125,
    "ptcorr_100to200_EB1": 6.974211283028126,
    "ptcorr_100to200_EB2": 4.057151727378368,
    "ptcorr_100to200_EE": 5.011638769879937
  },
  "RequireHeavyTag": {
    "ptcorr_15to17_EB1": 1.4377484507858753,
    "ptcorr_15to17_EB2": 0.704856812953949,
    "ptcorr_15to17_EE": 1.322966119274497,
    "ptcorr_17to20_EB1": 1.6886211857199669,
    "ptcorr_17to20_EB2": 0.9053683392703533,
    "ptcorr_17to20_EE": 2.0562324821949005,
    "ptcorr_20to25_EB1": 2.5212887935340405,
    "ptcorr_20to25_EB2": 1.7854733318090439,
    "ptcorr_20to25_EE": 2.2925758995115757,
    "ptcorr_25to35_EB1": 4.087517734616995,
    "ptcorr_25to35_EB2": 2.556498769670725,
    "ptcorr_25to35_EE": 2.038762765005231,
    "ptcorr_35to50_EB1": 5.4953513368964195,
    "ptcorr_35to50_EB2": 2.290773894637823,
    "ptcorr_35to50_EE": 2.801100265234709,
    "ptcorr_50to100_EB1": 4.887132061645389,
    "ptcorr_50to100_EB2": 2.4995255656540394,
    "ptcorr_50to100_EE": 4.621014721691608,
    "ptcorr_100to200_EB1": 0.6449802704155445,
    "ptcorr_100to200_EB2": 0.49838996678590775,
    "ptcorr_100to200_EE": 0.6912672035396099
  },
  "Stat": {
    "ptcorr_15to17_EB1": 0.8959924310395581,
    "ptcorr_15to17_EB2": 0.772614853612345,
    "ptcorr_15to17_EE": 0.7978977146840028,
    "ptcorr_17to20_EB1": 1.1149771343841293,
    "ptcorr_17to20_EB2": 0.85792714400857,
    "ptcorr_17to20_EE": 1.105826353218279,
    "ptcorr_20to25_EB1": 1.5872710596282735,
    "ptcorr_20to25_EB2": 1.2306657464008854,
    "ptcorr_20to25_EE": 1.3447551524845731,
    "ptcorr_25to35_EB1": 2.167045370930197,
    "ptcorr_25to35_EB2": 1.7951861563232114,
    "ptcorr_25to35_EE": 1.8355594494141456,
    "ptcorr_35to50_EB1": 2.163669090322104,
    "ptcorr_35to50_EB2": 1.8720476374998571,
    "ptcorr_35to50_EE": 2.1009757412190573,
    "ptcorr_50to100_EB1": 2.1217206335725156,
    "ptcorr_50to100_EB2": 1.9421075431360515,
    "ptcorr_50to100_EE": 1.991264117336931,
    "ptcorr_100to200_EB1": 0.9452870244014222,
    "ptcorr_100to200_EB2": 0.717464849055763,
    "ptcorr_100to200_EE": 0.8001838492575252
  }
}