{
  "observed": 12.76728492975235,
  "expected": 15.891932763159275,
  "difference": -0.19661849065020542,
  "max_bin_difference": 0.0,
  "max_bin_difference_bin": -1,
  "max_bin_difference_filtered": 0.0,
  "max_bin_difference_filtered_bin": -1,
  "snr_threshold": 3.0,
  "mass_range_min": 10.0,
  "mass_range_max": 160.0,
  "percentile_68_difference": 0.0,
  "percentile_95_difference": 0.0,
  "rms_bin_difference": 0.0,
  "chi2": 63.30847218010997,
  "ndf": 48,
  "chi2_per_ndf": 1.318926503752291,
  "p_value": 0.06835522751186351,
  "closure_uncertainty_scale": 1.3,
  "recommended_systematic_pct": 30.000000000000004
}