{
  "observed": 12.767284849658608,
  "expected": 15.89193268265808,
  "difference": -0.19661849162054493,
  "max_bin_difference": 12.690293811034804,
  "max_bin_difference_bin": 126,
  "max_bin_difference_filtered": 1.0183050479951923,
  "max_bin_difference_filtered_bin": 40,
  "snr_threshold": 3.0,
  "mass_range_min": 10.0,
  "mass_range_max": 160.0,
  "percentile_68_difference": 0.5065241947613316,
  "percentile_95_difference": 0.8953120622805948,
  "rms_bin_difference": 0.46597432211512696,
  "chi2": 200.73928387373883,
  "ndf": 125,
  "chi2_per_ndf": 1.6059142709899106,
  "p_value": 2.014678386002789e-05,
  "closure_uncertainty_scale": 1.35,
  "recommended_systematic_pct": 35.00000000000001
}