{
  "syst": "ljet",
  "observed": 157.62763591622934,
  "expected": 307.48824674775824,
  "difference": -0.4873702081838075,
  "max_bin_difference": 1.2695378027912496,
  "max_bin_difference_bin": 160,
  "max_bin_difference_filtered": 0.7124698776987127,
  "max_bin_difference_filtered_bin": 109,
  "snr_threshold": 3.0,
  "mass_range_min": 10.0,
  "mass_range_max": 160.0,
  "percentile_68_difference": 0.5386371997086766,
  "percentile_95_difference": 0.6440974080361721,
  "rms_bin_difference": 0.48319280122745795,
  "chi2": 46.15960926143915,
  "ndf": 46,
  "chi2_per_ndf": 1.003469766553025,
  "p_value": 0.46566274647988004,
  "closure_uncertainty_scale": 1.0,
  "recommended_systematic_pct": 0.0
}