{
  "Central": {
    "ptcorr_10to15_EB1": 12348.291065063328,
    "ptcorr_10to15_EB2": 8884.334399238229,
    "ptcorr_10to15_EE": 9889.262746170163,
    "ptcorr_15to20_EB1": 7935.085457839072,
    "ptcorr_15to20_EB2": 5947.374070269987,
    "ptcorr_15to20_EE": 6913.333579882979,
    "ptcorr_20to30_EB1": 10818.809788197279,
    "ptcorr_20to30_EB2": 7767.334098011255,
    "ptcorr_20to30_EE": 8305.912651449442,
    "ptcorr_30to50_EB1": 9557.474323287606,
    "ptcorr_30to50_EB2": 6295.482640132308,
    "ptcorr_30to50_EE": 6580.576295316219,
    "ptcorr_50to100_EB1": 2805.6099383607507,
    "ptcorr_50to100_EB2": 1765.8400482684374,
    "ptcorr_50to100_EE": 2035.6668959893286
  },
  "MotherJetPt_Up": {
    "ptcorr_10to15_EB1": 3345.7395281791687,
    "ptcorr_10to15_EB2": 2484.3719959668815,
    "ptcorr_10to15_EE": 2868.5439059324563,
    "ptcorr_15to20_EB1": 2045.0804952606559,
    "ptcorr_15to20_EB2": 1576.713789716363,
    "ptcorr_15to20_EE": 2085.455504845828,
    "ptcorr_20to30_EB1": 2866.320572067052,
    "ptcorr_20to30_EB2": 2007.3661887645721,
    "ptcorr_20to30_EE": 2159.463244702667,
    "ptcorr_30to50_EB1": 2657.676271237433,
    "ptcorr_30to50_EB2": 2048.135931868106,
    "ptcorr_30to50_EE": 2091.040824249387,
    "ptcorr_50to100_EB1": 1773.1830207556486,
    "ptcorr_50to100_EB2": 1250.6667776443064,
    "ptcorr_50to100_EE": 1397.36200806126
  },
  "MotherJetPt_Down": {
    "ptcorr_10to15_EB1": 84394.58018299565,
    "ptcorr_10to15_EB2": 59018.727762360126,
    "ptcorr_10to15_EE": 60048.632020454854,
    "ptcorr_15to20_EB1": 46859.756833244115,
    "ptcorr_15to20_EB2": 33122.34354237281,
    "ptcorr_15to20_EE": 34408.574214838445,
    "ptcorr_20to30_EB1": 42980.92270826921,
    "ptcorr_20to30_EB2": 29641.30683385767,
    "ptcorr_20to30_EE": 28404.839348409325,
    "ptcorr_30to50_EB1": 18920.67542025447,
    "ptcorr_30to50_EB2": 12653.913839899004,
    "ptcorr_30to50_EE": 13300.157052520663,
    "ptcorr_50to100_EB1": 3349.4672456383705,
    "ptcorr_50to100_EB2": 2178.227880321443,
    "ptcorr_50to100_EE": 2580.484778460115
  },
  "RequireHeavyTag": {
    "ptcorr_10to15_EB1": 855.3000879250467,
    "ptcorr_10to15_EB2": 370.383577786386,
    "ptcorr_10to15_EE": 482.49818241223693,
    "ptcorr_15to20_EB1": 630.0290929302573,
    "ptcorr_15to20_EB2": 281.1154200807214,
    "ptcorr_15to20_EE": 275.1641269698739,
    "ptcorr_20to30_EB1": 742.5832891725004,
    "ptcorr_20to30_EB2": 391.17320738732815,
    "ptcorr_20to30_EE": 389.7351307980716,
    "ptcorr_30to50_EB1": 676.5846681669354,
    "ptcorr_30to50_EB2": 405.6925810948014,
    "ptcorr_30to50_EE": 378.19212913140655,
    "ptcorr_50to100_EB1": 115.33032215386629,
    "ptcorr_50to100_EB2": 93.76519615203142,
    "ptcorr_50to100_EE": 66.19101023674011
  },
  "L1Prefire_Up": {
    "ptcorr_10to15_EB1": 12348.291065063328,
    "ptcorr_10to15_EB2": 8884.334399238229,
    "ptcorr_10to15_EE": 9889.262746170163,
    "ptcorr_15to20_EB1": 7935.085457839072,
    "ptcorr_15to20_EB2": 5947.374070269987,
    "ptcorr_15to20_EE": 6913.333579882979,
    "ptcorr_20to30_EB1": 10818.809788197279,
    "ptcorr_20to30_EB2": 7767.334098011255,
    "ptcorr_20to30_EE": 8305.912651449442,
    "ptcorr_30to50_EB1": 9557.474323287606,
    "ptcorr_30to50_EB2": 6295.482640132308,
    "ptcorr_30to50_EE": 6580.576295316219,
    "ptcorr_50to100_EB1": 2805.6099383607507,
    "ptcorr_50to100_EB2": 1765.8400482684374,
    "ptcorr_50to100_EE": 2035.6668959893286
  },
  "L1Prefire_Down": {
    "ptcorr_10to15_EB1": 12348.291065063328,
    "ptcorr_10to15_EB2": 8884.334399238229,
    "ptcorr_10to15_EE": 9889.262746170163,
    "ptcorr_15to20_EB1": 7935.085457839072,
    "ptcorr_15to20_EB2": 5947.374070269987,
    "ptcorr_15to20_EE": 6913.333579882979,
    "ptcorr_20to30_EB1": 10818.809788197279,
    "ptcorr_20to30_EB2": 7767.334098011255,
    "ptcorr_20to30_EE": 8305.912651449442,
    "ptcorr_30to50_EB1": 9557.474323287606,
    "ptcorr_30to50_EB2": 6295.482640132308,
    "ptcorr_30to50_EE": 6580.576295316219,
    "ptcorr_50to100_EB1": 2805.6099383607507,
    "ptcorr_50to100_EB2": 1765.8400482684374,
    "ptcorr_50to100_EE": 2035.6668959893286
  },
  "PileupReweight_Up": {
    "ptcorr_10to15_EB1": 12141.188506633043,
    "ptcorr_10to15_EB2": 8693.097934305668,
    "ptcorr_10to15_EE": 9665.49485604465,
    "ptcorr_15to20_EB1": 7810.304530769587,
    "ptcorr_15to20_EB2": 5862.618056386709,
    "ptcorr_15to20_EE": 6695.780956014991,
    "ptcorr_20to30_EB1": 10575.78702494502,
    "ptcorr_20to30_EB2": 7652.822630017996,
    "ptcorr_20to30_EE": 8073.974862426519,
    "ptcorr_30to50_EB1": 9325.416355103254,
    "ptcorr_30to50_EB2": 6147.56437651813,
    "ptcorr_30to50_EE": 6429.794583722949,
    "ptcorr_50to100_EB1": 2777.603383526206,
    "ptcorr_50to100_EB2": 1765.7718333005905,
    "ptcorr_50to100_EE": 1999.097017005086
  },
  "PileupReweight_Down": {
    "ptcorr_10to15_EB1": 12513.595627265982,
    "ptcorr_10to15_EB2": 9074.269056412391,
    "ptcorr_10to15_EE": 10115.63318101596,
    "ptcorr_15to20_EB1": 8094.083422092255,
    "ptcorr_15to20_EB2": 6032.1417667299975,
    "ptcorr_15to20_EE": 7113.404694253579,
    "ptcorr_20to30_EB1": 11060.18532444816,
    "ptcorr_20to30_EB2": 7874.316480475478,
    "ptcorr_20to30_EE": 8543.951011992991,
    "ptcorr_30to50_EB1": 9807.24585067574,
    "ptcorr_30to50_EB2": 6443.509768777527,
    "ptcorr_30to50_EE": 6729.039187362418,
    "ptcorr_50to100_EB1": 2851.393056601286,
    "ptcorr_50to100_EB2": 1765.6942857317626,
    "ptcorr_50to100_EE": 2068.774515360594
  },
  "JetEn_Up": {
    "ptcorr_10to15_EB1": 13621.216334626079,
    "ptcorr_10to15_EB2": 9718.643635340035,
    "ptcorr_10to15_EE": 10610.450132902712,
    "ptcorr_15to20_EB1": 8588.531645242125,
    "ptcorr_15to20_EB2": 6518.411394743249,
    "ptcorr_15to20_EE": 7549.236816816032,
    "ptcorr_20to30_EB1": 11862.26371344924,
    "ptcorr_20to30_EB2": 8506.346639670432,
    "ptcorr_20to30_EE": 8861.997803833336,
    "ptcorr_30to50_EB1": 9968.097928747535,
    "ptcorr_30to50_EB2": 6556.692994266748,
    "ptcorr_30to50_EE": 6781.540908608586,
    "ptcorr_50to100_EB1": 2773.9944074116647,
    "ptcorr_50to100_EB2": 1726.0514692142606,
    "ptcorr_50to100_EE": 2100.4113439060748
  },
  "JetEn_Down": {
    "ptcorr_10to15_EB1": 10825.180223464966,
    "ptcorr_10to15_EB2": 8013.500169888139,
    "ptcorr_10to15_EE": 8946.95316804573,
    "ptcorr_15to20_EB1": 7284.477223061025,
    "ptcorr_15to20_EB2": 5283.814951082692,
    "ptcorr_15to20_EE": 6132.137390382588,
    "ptcorr_20to30_EB1": 9657.986944351345,
    "ptcorr_20to30_EB2": 7023.924625042826,
    "ptcorr_20to30_EE": 7438.62980498001,
    "ptcorr_30to50_EB1": 8780.72789299488,
    "ptcorr_30to50_EB2": 5904.702554531395,
    "ptcorr_30to50_EE": 6224.386426508427,
    "ptcorr_50to100_EB1": 2800.4177015572786,
    "ptcorr_50to100_EB2": 1863.2478009425104,
    "ptcorr_50to100_EE": 2154.021820459515
  },
  "JetRes_Up": {
    "ptcorr_10to15_EB1": 12018.434876300395,
    "ptcorr_10to15_EB2": 8813.300905324519,
    "ptcorr_10to15_EE": 9752.599700983614,
    "ptcorr_15to20_EB1": 7889.5607146658,
    "ptcorr_15to20_EB2": 5717.824699116871,
    "ptcorr_15to20_EE": 6857.356089320034,
    "ptcorr_20to30_EB1": 10643.309462182224,
    "ptcorr_20to30_EB2": 7579.684119600803,
    "ptcorr_20to30_EE": 8280.898930814117,
    "ptcorr_30to50_EB1": 9312.786201894283,
    "ptcorr_30to50_EB2": 6165.444131411612,
    "ptcorr_30to50_EE": 6378.138956233859,
    "ptcorr_50to100_EB1": 2798.1975889615715,
    "ptcorr_50to100_EB2": 1751.2384758219123,
    "ptcorr_50to100_EE": 1982.3945077061653
  },
  "JetRes_Down": {
    "ptcorr_10to15_EB1": 12732.323873970658,
    "ptcorr_10to15_EB2": 9046.98464789614,
    "ptcorr_10to15_EE": 9948.81293912977,
    "ptcorr_15to20_EB1": 7947.497605882585,
    "ptcorr_15to20_EB2": 5864.7818535119295,
    "ptcorr_15to20_EE": 6788.597332939506,
    "ptcorr_20to30_EB1": 10923.130710840225,
    "ptcorr_20to30_EB2": 7961.518845289946,
    "ptcorr_20to30_EE": 8299.375394821167,