{
  "Central": {
    "ptcorr_10to15_EB1": 3.4716275248210877,
    "ptcorr_10to15_EB2": 2.784428175073117,
    "ptcorr_10to15_EE": 2.294960115570575,
    "ptcorr_15to20_EB1": 5.404020064859651,
    "ptcorr_15to20_EB2": 3.0086759601836093,
    "ptcorr_15to20_EE": 2.8845792764332145,
    "ptcorr_20to30_EB1": 11.069034815474879,
    "ptcorr_20to30_EB2": 8.655052771791816,
    "ptcorr_20to30_EE": 5.991572231985629,
    "ptcorr_30to50_EB1": 22.32774874381721,
    "ptcorr_30to50_EB2": 15.219691135163885,
    "ptcorr_30to50_EE": 9.807326846988872,
    "ptcorr_50to100_EB1": 21.661496531858575,
    "ptcorr_50to100_EB2": 12.608903545071371,
    "ptcorr_50to100_EE": 7.581966428144369
  },
  "MotherJetPt_Up": {
    "ptcorr_10to15_EB1": 1.9351111901924014,
    "ptcorr_10to15_EB2": 1.6745574038941413,
    "ptcorr_10to15_EE": 1.8522299525793642,
    "ptcorr_15to20_EB1": 3.9802441198844463,
    "ptcorr_15to20_EB2": 1.366362911881879,
    "ptcorr_15to20_EE": 2.3637296727392823,
    "ptcorr_20to30_EB1": 7.779420611739624,
    "ptcorr_20to30_EB2": 5.306368472520262,
    "ptcorr_20to30_EE": 3.5321978968568146,
    "ptcorr_30to50_EB1": 15.078184526530094,
    "ptcorr_30to50_EB2": 10.92834335862426,
    "ptcorr_30to50_EE": 6.947212730243336,
    "ptcorr_50to100_EB1": 15.905548540584277,
    "ptcorr_50to100_EB2": 9.101226662867703,
    "ptcorr_50to100_EE": 4.861067819874734
  },
  "MotherJetPt_Down": {
    "ptcorr_10to15_EB1": 4.283461974700913,
    "ptcorr_10to15_EB2": 3.6018232021015137,
    "ptcorr_10to15_EE": 2.8796413853997365,
    "ptcorr_15to20_EB1": 6.852522437111475,
    "ptcorr_15to20_EB2": 4.618611095065717,
    "ptcorr_15to20_EE": 3.6484380094334483,
    "ptcorr_20to30_EB1": 13.946615266613662,
    "ptcorr_20to30_EB2": 11.486363126314245,
    "ptcorr_20to30_EE": 8.005712227604818,
    "ptcorr_30to50_EB1": 27.269873117562383,
    "ptcorr_30to50_EB2": 17.787993638426997,
    "ptcorr_30to50_EE": 13.25745734211523,
    "ptcorr_50to100_EB1": 23.930545713810716,
    "ptcorr_50to100_EB2": 14.29434706759639,
    "ptcorr_50to100_EE": 8.543743669695687
  },
  "RequireHeavyTag": {
    "ptcorr_10to15_EB1": 2.4857411440461874,
    "ptcorr_10to15_EB2": 2.0465343822725117,
    "ptcorr_10to15_EE": 1.84397153230384,
    "ptcorr_15to20_EB1": 4.874916848842986,
    "ptcorr_15to20_EB2": 2.1950493321055546,
    "ptcorr_15to20_EE": 2.5747876942623407,
    "ptcorr_20to30_EB1": 8.653409723599907,
    "ptcorr_20to30_EB2": 7.349955797661096,
    "ptcorr_20to30_EE": 5.083271405193955,
    "ptcorr_30to50_EB1": 18.33124871889595,
    "ptcorr_30to50_EB2": 12.69642551447032,
    "ptcorr_30to50_EE": 7.396766498335637,
    "ptcorr_50to100_EB1": 17.30006575846346,
    "ptcorr_50to100_EB2": 9.52388872706797,
    "ptcorr_50to100_EE": 5.2968093970557675
  },
  "L1Prefire_Up": {
    "ptcorr_10to15_EB1": 3.4716275248210877,
    "ptcorr_10to15_EB2": 2.784428175073117,
    "ptcorr_10to15_EE": 2.294960115570575,
    "ptcorr_15to20_EB1": 5.404020064859651,
    "ptcorr_15to20_EB2": 3.0086759601836093,
    "ptcorr_15to20_EE": 2.8845792764332145,
    "ptcorr_20to30_EB1": 11.069034815474879,
    "ptcorr_20to30_EB2": 8.655052771791816,
    "ptcorr_20to30_EE": 5.991572231985629,
    "ptcorr_30to50_EB1": 22.32774874381721,
    "ptcorr_30to50_EB2": 15.219691135163885,
    "ptcorr_30to50_EE": 9.807326846988872,
    "ptcorr_50to100_EB1": 21.661496531858575,
    "ptcorr_50to100_EB2": 12.608903545071371,
    "ptcorr_50to100_EE": 7.581966428144369
  },
  "L1Prefire_Down": {
    "ptcorr_10to15_EB1": 3.4716275248210877,
    "ptcorr_10to15_EB2": 2.784428175073117,
    "ptcorr_10to15_EE": 2.294960115570575,
    "ptcorr_15to20_EB1": 5.404020064859651,
    "ptcorr_15to20_EB2": 3.0086759601836093,
    "ptcorr_15to20_EE": 2.8845792764332145,
    "ptcorr_20to30_EB1": 11.069034815474879,
    "ptcorr_20to30_EB2": 8.655052771791816,
    "ptcorr_20to30_EE": 5.991572231985629,
    "ptcorr_30to50_EB1": 22.32774874381721,
    "ptcorr_30to50_EB2": 15.219691135163885,
    "ptcorr_30to50_EE": 9.807326846988872,
    "ptcorr_50to100_EB1": 21.661496531858575,
    "ptcorr_50to100_EB2": 12.608903545071371,
    "ptcorr_50to100_EE": 7.581966428144369
  },
  "PileupReweight_Up": {
    "ptcorr_10to15_EB1": 3.5608010545838624,
    "ptcorr_10to15_EB2": 2.8443903690204024,
    "ptcorr_10to15_EE": 2.2380078912246972,
    "ptcorr_15to20_EB1": 5.4355512275360525,
    "ptcorr_15to20_EB2": 3.0578080038540065,
    "ptcorr_15to20_EE": 2.843728865031153,
    "ptcorr_20to30_EB1": 11.060307069681585,
    "ptcorr_20to30_EB2": 8.488916414789855,
    "ptcorr_20to30_EE": 5.957496359711513,
    "ptcorr_30to50_EB1": 22.45401949994266,
    "ptcorr_30to50_EB2": 14.789726246148348,
    "ptcorr_30to50_EE": 9.74800028721802,
    "ptcorr_50to100_EB1": 21.36605494376272,
    "ptcorr_50to100_EB2": 12.616190713364631,
    "ptcorr_50to100_EE": 7.636768952477723
  },
  "PileupReweight_Down": {
    "ptcorr_10to15_EB1": 3.4244313960225554,
    "ptcorr_10to15_EB2": 2.72660845448263,
    "ptcorr_10to15_EE": 2.257099331050995,
    "ptcorr_15to20_EB1": 5.317300611815881,
    "ptcorr_15to20_EB2": 2.9291613227978814,
    "ptcorr_15to20_EE": 2.8837747672223486,
    "ptcorr_20to30_EB1": 11.053339100704761,
    "ptcorr_20to30_EB2": 8.740222000575159,
    "ptcorr_20to30_EE": 6.035094877515803,
    "ptcorr_30to50_EB1": 22.2503756199294,
    "ptcorr_30to50_EB2": 15.741219115443528,
    "ptcorr_30to50_EE": 9.89398121969134,
    "ptcorr_50to100_EB1": 21.842858091418748,
    "ptcorr_50to100_EB2": 12.578289913886692,
    "ptcorr_50to100_EE": 7.571398300176952
  },
  "JetEn_Up": {
    "ptcorr_10to15_EB1": 3.5802150750532746,
    "ptcorr_10to15_EB2": 3.017996739130467,
    "ptcorr_10to15_EE": 2.2926283676642925,
    "ptcorr_15to20_EB1": 4.695393912144937,
    "ptcorr_15to20_EB2": 2.9844267477164976,
    "ptcorr_15to20_EE": 2.8208407659549266,
    "ptcorr_20to30_EB1": 10.932875492435414,
    "ptcorr_20to30_EB2": 8.43981721450109,
    "ptcorr_20to30_EE": 6.223983967909589,
    "ptcorr_30to50_EB1": 21.65436126384884,
    "ptcorr_30to50_EB2": 14.423921221867204,
    "ptcorr_30to50_EE": 9.871480280708056,
    "ptcorr_50to100_EB1": 20.079922051227186,
    "ptcorr_50to100_EB2": 12.646194177272264,
    "ptcorr_50to100_EE": 7.754934135999065
  },
  "JetEn_Down": {
    "ptcorr_10to15_EB1": 3.7236862045247108,
    "ptcorr_10to15_EB2": 2.5023577315732837,
    "ptcorr_10to15_EE": 2.0959955973085016,
    "ptcorr_15to20_EB1": 5.481265480746515,
    "ptcorr_15to20_EB2": 3.351611774007324,
    "ptcorr_15to20_EE": 3.1730511721689254,
    "ptcorr_20to30_EB1": 12.093977453419939,
    "ptcorr_20to30_EB2": 8.396577149047516,
    "ptcorr_20to30_EE": 6.090059025678784,
    "ptcorr_30to50_EB1": 23.099591943377163,
    "ptcorr_30to50_EB2": 15.97425483429106,
    "ptcorr_30to50_EE": 10.697776549321134,
    "ptcorr_50to100_EB1": 21.76384579454316,
    "ptcorr_50to100_EB2": 14.013631043431815,
    "ptcorr_50to100_EE": 8.32426961127203
  },
  "JetRes_Up": {
    "ptcorr_10to15_EB1": 3.6856251531280577,
    "ptcorr_10to15_EB2": 2.776109255850315,
    "ptcorr_10to15_EE": 1.775578869273886,
    "ptcorr_15to20_EB1": 5.780863885534927,
    "ptcorr_15to20_EB2": 3.358921849168837,
    "ptcorr_15to20_EE": 2.964486093027517,
    "ptcorr_20to30_EB1": 11.577069098129869,
    "ptcorr_20to30_EB2": 7.962302667088807,
    "ptcorr_20to30_EE": 6.336001261137426,
    "ptcorr_30to50_EB1": 21.856356796983164,
    "ptcorr_30to50_EB2": 14.083940993004944,
    "ptcorr_30to50_EE": 9.795609269000124,
    "ptcorr_50to100_EB1": 22.00858543778304,
    "ptcorr_50to100_EB2": 13.129607244161889,
    "ptcorr_50to100_EE": 8.159977772738785
  },
  "JetRes_Down": {
    "ptcorr_10to15_EB1": 3.5366741206962615,
    "ptcorr_10to15_EB2": 2.515610598027706,
    "ptcorr_10to15_EE": 2.488505697576329,
    "ptcorr_15to20_EB1": 4.955496567301452,
    "ptcorr_15to20_EB2": 3.4966531572281383,
    "ptcorr_15to20_EE": 2.564469665288925,
    "ptcorr_20to30_EB1": 10.754966261854861,
    "ptcorr_20to30_EB2": 8.941378802992404,
    "ptcorr_20to30_EE": 6.248892815259751,