{
  "Central": {
    "ptcorr_10to15_EB1": 4.642889762762934,
    "ptcorr_10to15_EB2": 3.9572470407001674,
    "ptcorr_10to15_EE": 3.0212103188969195,
    "ptcorr_15to20_EB1": 6.701119959005155,
    "ptcorr_15to20_EB2": 3.1606857893639244,
    "ptcorr_15to20_EE": 3.78839064843487,
    "ptcorr_20to30_EB1": 12.827378183661494,
    "ptcorr_20to30_EB2": 9.721443938207813,
    "ptcorr_20to30_EE": 8.082839382055681,
    "ptcorr_30to50_EB1": 24.032715361041483,
    "ptcorr_30to50_EB2": 17.12775436619995,
    "ptcorr_30to50_EE": 11.476688229478896,
    "ptcorr_50to100_EB1": 23.32035063294461,
    "ptcorr_50to100_EB2": 13.557204804499634,
    "ptcorr_50to100_EE": 8.480442387633957
  },
  "MotherJetPt_Up": {
    "ptcorr_10to15_EB1": 2.7710925919236615,
    "ptcorr_10to15_EB2": 2.4258567625656724,
    "ptcorr_10to15_EE": 2.3733458381611854,
    "ptcorr_15to20_EB1": 4.984001662116498,
    "ptcorr_15to20_EB2": 1.33214528625831,
    "ptcorr_15to20_EE": 3.217374852276407,
    "ptcorr_20to30_EB1": 8.833063463505823,
    "ptcorr_20to30_EB2": 6.005053423461504,
    "ptcorr_20to30_EE": 5.2046717664343305,
    "ptcorr_30to50_EB1": 16.270473407930695,
    "ptcorr_30to50_EB2": 12.150474030233454,
    "ptcorr_30to50_EE": 7.83967249043053,
    "ptcorr_50to100_EB1": 16.79283051652601,
    "ptcorr_50to100_EB2": 9.875211225473322,
    "ptcorr_50to100_EE": 5.50844702712493
  },
  "MotherJetPt_Down": {
    "ptcorr_10to15_EB1": 6.037945101736113,
    "ptcorr_10to15_EB2": 5.006492861313745,
    "ptcorr_10to15_EE": 3.779059046530165,
    "ptcorr_15to20_EB1": 8.800185860483907,
    "ptcorr_15to20_EB2": 4.681957624212373,
    "ptcorr_15to20_EE": 4.748863054555841,
    "ptcorr_20to30_EB1": 16.38102367176907,
    "ptcorr_20to30_EB2": 12.880540707148612,
    "ptcorr_20to30_EE": 10.735953120398335,
    "ptcorr_30to50_EB1": 29.576109653513413,
    "ptcorr_30to50_EB2": 20.0425163541222,
    "ptcorr_30to50_EE": 15.092913226573728,
    "ptcorr_50to100_EB1": 25.591272354417015,
    "ptcorr_50to100_EB2": 15.517799807945266,
    "ptcorr_50to100_EE": 9.31310397037305
  },
  "RequireHeavyTag": {
    "ptcorr_10to15_EB1": 3.4299849272938445,
    "ptcorr_10to15_EB2": 2.7698925009462982,
    "ptcorr_10to15_EE": 2.4154557986184955,
    "ptcorr_15to20_EB1": 5.811410796246491,
    "ptcorr_15to20_EB2": 2.232720523024909,
    "ptcorr_15to20_EE": 3.2203405558830127,
    "ptcorr_20to30_EB1": 9.546940841071773,
    "ptcorr_20to30_EB2": 8.313039311789908,
    "ptcorr_20to30_EE": 6.84912054304732,
    "ptcorr_30to50_EB1": 19.67643299291376,
    "ptcorr_30to50_EB2": 14.057725438091438,
    "ptcorr_30to50_EE": 8.417591181467287,
    "ptcorr_50to100_EB1": 18.603377127845306,
    "ptcorr_50to100_EB2": 10.262197397998534,
    "ptcorr_50to100_EE": 5.97508572076913
  },
  "L1Prefire_Up": {
    "ptcorr_10to15_EB1": 4.642889762762934,
    "ptcorr_10to15_EB2": 3.9572470407001674,
    "ptcorr_10to15_EE": 3.0212103188969195,
    "ptcorr_15to20_EB1": 6.701119959005155,
    "ptcorr_15to20_EB2": 3.1606857893639244,
    "ptcorr_15to20_EE": 3.78839064843487,
    "ptcorr_20to30_EB1": 12.827378183661494,
    "ptcorr_20to30_EB2": 9.721443938207813,
    "ptcorr_20to30_EE": 8.082839382055681,
    "ptcorr_30to50_EB1": 24.032715361041483,
    "ptcorr_30to50_EB2": 17.12775436619995,
    "ptcorr_30to50_EE": 11.476688229478896,
    "ptcorr_50to100_EB1": 23.32035063294461,
    "ptcorr_50to100_EB2": 13.557204804499634,
    "ptcorr_50to100_EE": 8.480442387633957
  },
  "L1Prefire_Down": {
    "ptcorr_10to15_EB1": 4.642889762762934,
    "ptcorr_10to15_EB2": 3.9572470407001674,
    "ptcorr_10to15_EE": 3.0212103188969195,
    "ptcorr_15to20_EB1": 6.701119959005155,
    "ptcorr_15to20_EB2": 3.1606857893639244,
    "ptcorr_15to20_EE": 3.78839064843487,
    "ptcorr_20to30_EB1": 12.827378183661494,
    "ptcorr_20to30_EB2": 9.721443938207813,
    "ptcorr_20to30_EE": 8.082839382055681,
    "ptcorr_30to50_EB1": 24.032715361041483,
    "ptcorr_30to50_EB2": 17.12775436619995,
    "ptcorr_30to50_EE": 11.476688229478896,
    "ptcorr_50to100_EB1": 23.32035063294461,
    "ptcorr_50to100_EB2": 13.557204804499634,
    "ptcorr_50to100_EE": 8.480442387633957
  },
  "PileupReweight_Up": {
    "ptcorr_10to15_EB1": 4.740953757194802,
    "ptcorr_10to15_EB2": 4.049768639728427,
    "ptcorr_10to15_EE": 2.946889139013365,
    "ptcorr_15to20_EB1": 6.698085199808702,
    "ptcorr_15to20_EB2": 3.303082470782101,
    "ptcorr_15to20_EE": 3.6876657069660723,
    "ptcorr_20to30_EB1": 12.68022099416703,
    "ptcorr_20to30_EB2": 9.599342504516244,
    "ptcorr_20to30_EE": 7.8998772639315575,
    "ptcorr_30to50_EB1": 24.489152438472956,
    "ptcorr_30to50_EB2": 16.829881304875016,
    "ptcorr_30to50_EE": 11.463927192846313,
    "ptcorr_50to100_EB1": 22.940914852544665,
    "ptcorr_50to100_EB2": 13.542421089019626,
    "ptcorr_50to100_EE": 8.449296635575593
  },
  "PileupReweight_Down": {
    "ptcorr_10to15_EB1": 4.567767668821034,
    "ptcorr_10to15_EB2": 3.877583976602182,
    "ptcorr_10to15_EE": 2.9934118650708115,
    "ptcorr_15to20_EB1": 6.63533303445729,
    "ptcorr_15to20_EB2": 2.9919480032112915,
    "ptcorr_15to20_EE": 3.8794407745008357,
    "ptcorr_20to30_EB1": 12.950704656686867,
    "ptcorr_20to30_EB2": 9.703925724083092,
    "ptcorr_20to30_EE": 8.274677314519067,
    "ptcorr_30to50_EB1": 23.713791080910596,
    "ptcorr_30to50_EB2": 17.465358065557666,
    "ptcorr_30to50_EE": 11.493649661439122,
    "ptcorr_50to100_EB1": 23.620434673517593,
    "ptcorr_50to100_EB2": 13.56166583421873,
    "ptcorr_50to100_EE": 8.552030589460628
  },
  "JetEn_Up": {
    "ptcorr_10to15_EB1": 4.609949115780182,
    "ptcorr_10to15_EB2": 4.128205429762602,
    "ptcorr_10to15_EE": 2.984140807762742,
    "ptcorr_15to20_EB1": 6.036929517867975,
    "ptcorr_15to20_EB2": 3.28176878526574,
    "ptcorr_15to20_EE": 3.724652137956582,
    "ptcorr_20to30_EB1": 12.63338484504493,
    "ptcorr_20to30_EB2": 9.455215969355777,
    "ptcorr_20to30_EE": 8.227091661363374,
    "ptcorr_30to50_EB1": 23.19123775785556,
    "ptcorr_30to50_EB2": 16.218014444690198,
    "ptcorr_30to50_EE": 11.37428507040022,
    "ptcorr_50to100_EB1": 21.740334598405752,
    "ptcorr_50to100_EB2": 13.43347096448997,
    "ptcorr_50to100_EE": 8.52866740571335
  },
  "JetEn_Down": {
    "ptcorr_10to15_EB1": 5.094314459711313,
    "ptcorr_10to15_EB2": 3.4329639803618193,
    "ptcorr_10to15_EE": 2.8850095549132675,
    "ptcorr_15to20_EB1": 6.805954530485906,
    "ptcorr_15to20_EB2": 3.5897690875572152,
    "ptcorr_15to20_EE": 4.139776260941289,
    "ptcorr_20to30_EB1": 14.047978473477997,
    "ptcorr_20to30_EB2": 9.302755672484636,
    "ptcorr_20to30_EE": 8.269232709368225,
    "ptcorr_30to50_EB1": 25.0369584072032,
    "ptcorr_30to50_EB2": 17.792301029723603,
    "ptcorr_30to50_EE": 12.35845870297635,
    "ptcorr_50to100_EB1": 23.57679235812975,
    "ptcorr_50to100_EB2": 15.166726248280611,
    "ptcorr_50to100_EE": 9.193696952832397
  },
  "JetRes_Up": {
    "ptcorr_10to15_EB1": 4.801495928899385,
    "ptcorr_10to15_EB2": 3.9580757059156895,
    "ptcorr_10to15_EE": 2.496412401786074,
    "ptcorr_15to20_EB1": 6.9837143458426,
    "ptcorr_15to20_EB2": 3.4831185454968363,
    "ptcorr_15to20_EE": 3.932393931085244,
    "ptcorr_20to30_EB1": 13.38834355713334,
    "ptcorr_20to30_EB2": 9.124863203149289,
    "ptcorr_20to30_EE": 8.075236507807858,
    "ptcorr_30to50_EB1": 23.90319516917225,
    "ptcorr_30to50_EB2": 15.984030479274224,
    "ptcorr_30to50_EE": 11.375933356990572,
    "ptcorr_50to100_EB1": 23.443239958840422,
    "ptcorr_50to100_EB2": 13.98823049548082,
    "ptcorr_50to100_EE": 8.816182690265123
  },
  "JetRes_Down": {
    "ptcorr_10to15_EB1": 4.453546241042204,
    "ptcorr_10to15_EB2": 3.4464764029253274,
    "ptcorr_10to15_EE": 3.23698045569472,
    "ptcorr_15to20_EB1": 6.279591379920021,
    "ptcorr_15to20_EB2": 3.6678734688903205,
    "ptcorr_15to20_EE": 3.436236002249643,
    "ptcorr_20to30_EB1": 12.44080839731032,
    "ptcorr_20to30_EB2": 10.050306612160057,
    "ptcorr_20to30_EE": 8.18914704339113,