{
  "Central": {
    "ptcorr_10to15_EB1": 207.5993753656512,
    "ptcorr_10to15_EB2": 133.83019529382,
    "ptcorr_10to15_EE": 105.48884578322759,
    "ptcorr_15to20_EB1": 242.57679841667414,
    "ptcorr_15to20_EB2": 148.50559287605574,
    "ptcorr_15to20_EE": 114.25607591116568,
    "ptcorr_20to30_EB1": 505.510905647825,
    "ptcorr_20to30_EB2": 297.4222368080518,
    "ptcorr_20to30_EE": 208.39289617570466,
    "ptcorr_30to50_EB1": 797.5881858390348,
    "ptcorr_30to50_EB2": 449.15666422504,
    "ptcorr_30to50_EE": 296.8806819204474,
    "ptcorr_50to100_EB1": 677.330255312263,
    "ptcorr_50to100_EB2": 380.893175282079,
    "ptcorr_50to100_EE": 227.0158966947056
  },
  "MotherJetPt_Up": {
    "ptcorr_10to15_EB1": 148.23697119147982,
    "ptcorr_10to15_EB2": 96.500582510198,
    "ptcorr_10to15_EE": 75.93828112917254,
    "ptcorr_15to20_EB1": 176.2421808890067,
    "ptcorr_15to20_EB2": 107.97925302496878,
    "ptcorr_15to20_EE": 84.52946633187821,
    "ptcorr_20to30_EB1": 375.31643163471017,
    "ptcorr_20to30_EB2": 220.35407284559915,
    "ptcorr_20to30_EE": 150.94641263780068,
    "ptcorr_30to50_EB1": 609.7553066595283,
    "ptcorr_30to50_EB2": 340.29075251257746,
    "ptcorr_30to50_EE": 222.05978914088337,
    "ptcorr_50to100_EB1": 549.741756887699,
    "ptcorr_50to100_EB2": 304.10100340048666,
    "ptcorr_50to100_EE": 181.91581997214234
  },
  "MotherJetPt_Down": {
    "ptcorr_10to15_EB1": 245.9494722392992,
    "ptcorr_10to15_EB2": 159.36692934652092,
    "ptcorr_10to15_EE": 124.64608290785691,
    "ptcorr_15to20_EB1": 285.9891005229438,
    "ptcorr_15to20_EB2": 174.46332957717823,
    "ptcorr_15to20_EE": 134.0135390034411,
    "ptcorr_20to30_EB1": 579.427368815639,
    "ptcorr_20to30_EB2": 341.60291014828545,
    "ptcorr_20to30_EE": 242.70211175919394,
    "ptcorr_30to50_EB1": 890.8994712797285,
    "ptcorr_30to50_EB2": 504.999091338017,
    "ptcorr_30to50_EE": 340.1137823960162,
    "ptcorr_50to100_EB1": 738.9610773358727,
    "ptcorr_50to100_EB2": 418.6488278596953,
    "ptcorr_50to100_EE": 256.4712054246047
  },
  "RequireHeavyTag": {
    "ptcorr_10to15_EB1": 158.3458279426559,
    "ptcorr_10to15_EB2": 102.75107262819074,
    "ptcorr_10to15_EE": 81.57620075234445,
    "ptcorr_15to20_EB1": 187.6017507550423,
    "ptcorr_15to20_EB2": 113.31548238755204,
    "ptcorr_15to20_EE": 90.4077281660866,
    "ptcorr_20to30_EB1": 392.97311485750834,
    "ptcorr_20to30_EB2": 229.38621548528317,
    "ptcorr_20to30_EE": 159.28483733549365,
    "ptcorr_30to50_EB1": 620.2637371426972,
    "ptcorr_30to50_EB2": 348.9575256817625,
    "ptcorr_30to50_EE": 222.0308130470803,
    "ptcorr_50to100_EB1": 515.9998898651102,
    "ptcorr_50to100_EB2": 282.7453805011173,
    "ptcorr_50to100_EE": 163.19192896195455
  },
  "L1Prefire_Up": {
    "ptcorr_10to15_EB1": 207.5993753656512,
    "ptcorr_10to15_EB2": 133.83019529382,
    "ptcorr_10to15_EE": 105.48884578322759,
    "ptcorr_15to20_EB1": 242.57679841667414,
    "ptcorr_15to20_EB2": 148.50559287605574,
    "ptcorr_15to20_EE": 114.25607591116568,
    "ptcorr_20to30_EB1": 505.510905647825,
    "ptcorr_20to30_EB2": 297.4222368080518,
    "ptcorr_20to30_EE": 208.39289617570466,
    "ptcorr_30to50_EB1": 797.5881858390348,
    "ptcorr_30to50_EB2": 449.15666422504,
    "ptcorr_30to50_EE": 296.8806819204474,
    "ptcorr_50to100_EB1": 677.330255312263,
    "ptcorr_50to100_EB2": 380.893175282079,
    "ptcorr_50to100_EE": 227.0158966947056
  },
  "L1Prefire_Down": {
    "ptcorr_10to15_EB1": 207.5993753656512,
    "ptcorr_10to15_EB2": 133.83019529382,
    "ptcorr_10to15_EE": 105.48884578322759,
    "ptcorr_15to20_EB1": 242.57679841667414,
    "ptcorr_15to20_EB2": 148.50559287605574,
    "ptcorr_15to20_EE": 114.25607591116568,
    "ptcorr_20to30_EB1": 505.510905647825,
    "ptcorr_20to30_EB2": 297.4222368080518,
    "ptcorr_20to30_EE": 208.39289617570466,
    "ptcorr_30to50_EB1": 797.5881858390348,
    "ptcorr_30to50_EB2": 449.15666422504,
    "ptcorr_30to50_EE": 296.8806819204474,
    "ptcorr_50to100_EB1": 677.330255312263,
    "ptcorr_50to100_EB2": 380.893175282079,
    "ptcorr_50to100_EE": 227.0158966947056
  },
  "PileupReweight_Up": {
    "ptcorr_10to15_EB1": 205.88024967722595,
    "ptcorr_10to15_EB2": 133.48004650487565,
    "ptcorr_10to15_EE": 105.06376796285622,
    "ptcorr_15to20_EB1": 240.31033979495987,
    "ptcorr_15to20_EB2": 147.7673783537466,
    "ptcorr_15to20_EE": 113.80447505624034,
    "ptcorr_20to30_EB1": 506.0770387656521,
    "ptcorr_20to30_EB2": 297.62814403139055,
    "ptcorr_20to30_EE": 207.48904509935528,
    "ptcorr_30to50_EB1": 794.8916823938489,
    "ptcorr_30to50_EB2": 447.21775970677845,
    "ptcorr_30to50_EE": 294.64263754175045,
    "ptcorr_50to100_EB1": 676.1592422276735,
    "ptcorr_50to100_EB2": 378.42555876029655,
    "ptcorr_50to100_EE": 225.7707505025901
  },
  "PileupReweight_Down": {
    "ptcorr_10to15_EB1": 209.00973236214486,
    "ptcorr_10to15_EB2": 133.69730272272136,
    "ptcorr_10to15_EE": 106.07399547951354,
    "ptcorr_15to20_EB1": 245.15614415112213,
    "ptcorr_15to20_EB2": 149.38377309458156,
    "ptcorr_15to20_EE": 114.50888306337583,
    "ptcorr_20to30_EB1": 505.1362866783311,
    "ptcorr_20to30_EB2": 297.06182924992027,
    "ptcorr_20to30_EE": 209.4376860419543,
    "ptcorr_30to50_EB1": 800.4312102534386,
    "ptcorr_30to50_EB2": 451.06538856780026,
    "ptcorr_30to50_EE": 299.1541573073846,
    "ptcorr_50to100_EB1": 678.1852809443444,
    "ptcorr_50to100_EB2": 383.08763418380477,
    "ptcorr_50to100_EE": 228.5672641870442
  },
  "JetEn_Up": {
    "ptcorr_10to15_EB1": 196.11101442284416,
    "ptcorr_10to15_EB2": 126.99958386266371,
    "ptcorr_10to15_EE": 100.69431913236622,
    "ptcorr_15to20_EB1": 231.32699935982237,
    "ptcorr_15to20_EB2": 138.86960097041447,
    "ptcorr_15to20_EE": 107.54576085635927,
    "ptcorr_20to30_EB1": 477.6083431825391,
    "ptcorr_20to30_EB2": 282.9596053840942,
    "ptcorr_20to30_EE": 197.0834666476876,
    "ptcorr_30to50_EB1": 754.5595739183773,
    "ptcorr_30to50_EB2": 424.4862362105632,
    "ptcorr_30to50_EE": 282.31673214625334,
    "ptcorr_50to100_EB1": 645.7047300775012,
    "ptcorr_50to100_EB2": 360.1096783064131,
    "ptcorr_50to100_EE": 215.5843274835206
  },
  "JetEn_Down": {
    "ptcorr_10to15_EB1": 217.50766359374393,
    "ptcorr_10to15_EB2": 138.93122442666208,
    "ptcorr_10to15_EE": 110.08089144318365,
    "ptcorr_15to20_EB1": 252.83706797816558,
    "ptcorr_15to20_EB2": 155.5285263233818,
    "ptcorr_15to20_EE": 118.58500603254652,
    "ptcorr_20to30_EB1": 531.7463623907533,
    "ptcorr_20to30_EB2": 315.0881530820625,
    "ptcorr_20to30_EE": 221.38647216977552,
    "ptcorr_30to50_EB1": 842.457268036349,
    "ptcorr_30to50_EB2": 478.646259729343,
    "ptcorr_30to50_EE": 309.97914233466145,
    "ptcorr_50to100_EB1": 712.3473862077226,
    "ptcorr_50to100_EB2": 402.989970679424,
    "ptcorr_50to100_EE": 242.7417705435946
  },
  "JetRes_Up": {
    "ptcorr_10to15_EB1": 206.51295802736422,
    "ptcorr_10to15_EB2": 133.6376174975885,
    "ptcorr_10to15_EE": 105.39493005920667,
    "ptcorr_15to20_EB1": 242.65836776909418,
    "ptcorr_15to20_EB2": 147.0386010571383,
    "ptcorr_15to20_EE": 112.00541111652274,
    "ptcorr_20to30_EB1": 500.8198374293861,
    "ptcorr_20to30_EB2": 298.2957220695098,
    "ptcorr_20to30_EE": 205.17817439429928,
    "ptcorr_30to50_EB1": 786.7828281703696,
    "ptcorr_30to50_EB2": 441.2960218350636,
    "ptcorr_30to50_EE": 291.0271385621745,
    "ptcorr_50to100_EB1": 669.0528468468692,
    "ptcorr_50to100_EB2": 379.7547263929446,
    "ptcorr_50to100_EE": 224.49894424638478
  },
  "JetRes_Down": {
    "ptcorr_10to15_EB1": 206.70176186802564,
    "ptcorr_10to15_EB2": 131.6184135073563,
    "ptcorr_10to15_EE": 104.49861851677997,
    "ptcorr_15to20_EB1": 247.99813724972773,
    "ptcorr_15to20_EB2": 148.26501065606135,
    "ptcorr_15to20_EE": 111.69412903382909,
    "ptcorr_20to30_EB1": 507.83160275577393,
    "ptcorr_20to30_EB2": 300.01385230908636,
    "ptcorr_20to30_EE": 210.38636540813604,