{
  "Central": {
    "ptcorr_10to15_EB1": 35.02349204104394,
    "ptcorr_10to15_EB2": 18.16472302749753,
    "ptcorr_10to15_EE": 20.0889495073352,
    "ptcorr_15to20_EB1": 28.003414009232074,
    "ptcorr_15to20_EB2": 16.34973949054256,
    "ptcorr_15to20_EE": 14.602939881384373,
    "ptcorr_20to30_EB1": 35.86066809785552,
    "ptcorr_20to30_EB2": 21.835075993090868,
    "ptcorr_20to30_EE": 19.249085623770952,
    "ptcorr_30to50_EB1": 35.071745213121176,
    "ptcorr_30to50_EB2": 26.82201714674011,
    "ptcorr_30to50_EE": 21.44685274735093,
    "ptcorr_50to100_EB1": 20.9953396494966,
    "ptcorr_50to100_EB2": 17.03267193445936,
    "ptcorr_50to100_EE": 18.50658051413484
  },
  "MotherJetPt_Up": {
    "ptcorr_10to15_EB1": 16.560361675918102,
    "ptcorr_10to15_EB2": 7.352228209376335,
    "ptcorr_10to15_EE": 7.8174991412088275,
    "ptcorr_15to20_EB1": 11.89478142815642,
    "ptcorr_15to20_EB2": 7.192332160659134,
    "ptcorr_15to20_EE": 3.8018900444731116,
    "ptcorr_20to30_EB1": 15.060304103419185,
    "ptcorr_20to30_EB2": 7.646214564796537,
    "ptcorr_20to30_EE": 8.010971538722515,
    "ptcorr_30to50_EB1": 18.285058753564954,
    "ptcorr_30to50_EB2": 15.495683923829347,
    "ptcorr_30to50_EE": 11.98338321223855,
    "ptcorr_50to100_EB1": 14.929418796207756,
    "ptcorr_50to100_EB2": 12.630284883314744,
    "ptcorr_50to100_EE": 14.019515191204846
  },
  "MotherJetPt_Down": {
    "ptcorr_10to15_EB1": 54.6513488413766,
    "ptcorr_10to15_EB2": 34.356366442516446,
    "ptcorr_10to15_EE": 32.38632864062674,
    "ptcorr_15to20_EB1": 43.62672421010211,
    "ptcorr_15to20_EB2": 24.903167618904263,
    "ptcorr_15to20_EE": 22.57829812122509,
    "ptcorr_20to30_EB1": 52.34107832075097,
    "ptcorr_20to30_EB2": 30.365713232196867,
    "ptcorr_20to30_EE": 30.348581541795284,
    "ptcorr_30to50_EB1": 44.84500766918063,
    "ptcorr_30to50_EB2": 34.36014547711238,
    "ptcorr_30to50_EE": 27.863906401908025,
    "ptcorr_50to100_EB1": 24.101264300988987,
    "ptcorr_50to100_EB2": 20.411312038544565,
    "ptcorr_50to100_EE": 20.96707799867727
  },
  "RequireHeavyTag": {
    "ptcorr_10to15_EB1": 8.402640396729112,
    "ptcorr_10to15_EB2": 3.4447321854531765,
    "ptcorr_10to15_EE": 4.381197408773005,
    "ptcorr_15to20_EB1": 7.2272942524868995,
    "ptcorr_15to20_EB2": 4.132444114424288,
    "ptcorr_15to20_EE": 2.5002550687640905,
    "ptcorr_20to30_EB1": 7.925607400946319,
    "ptcorr_20to30_EB2": 4.011255274992436,
    "ptcorr_20to30_EE": 2.7455298602581024,
    "ptcorr_30to50_EB1": 6.1796384155750275,
    "ptcorr_30to50_EB2": 3.593769392929971,
    "ptcorr_30to50_EE": 2.242787040770054,
    "ptcorr_50to100_EB1": 3.0067194500006735,
    "ptcorr_50to100_EB2": 2.5681721419095993,
    "ptcorr_50to100_EE": 1.8886935710906982
  },
  "L1Prefire_Up": {
    "ptcorr_10to15_EB1": 35.02349204104394,
    "ptcorr_10to15_EB2": 18.16472302749753,
    "ptcorr_10to15_EE": 20.0889495073352,
    "ptcorr_15to20_EB1": 28.003414009232074,
    "ptcorr_15to20_EB2": 16.34973949054256,
    "ptcorr_15to20_EE": 14.602939881384373,
    "ptcorr_20to30_EB1": 35.86066809785552,
    "ptcorr_20to30_EB2": 21.835075993090868,
    "ptcorr_20to30_EE": 19.249085623770952,
    "ptcorr_30to50_EB1": 35.071745213121176,
    "ptcorr_30to50_EB2": 26.82201714674011,
    "ptcorr_30to50_EE": 21.44685274735093,
    "ptcorr_50to100_EB1": 20.9953396494966,
    "ptcorr_50to100_EB2": 17.03267193445936,
    "ptcorr_50to100_EE": 18.50658051413484
  },
  "L1Prefire_Down": {
    "ptcorr_10to15_EB1": 35.02349204104394,
    "ptcorr_10to15_EB2": 18.16472302749753,
    "ptcorr_10to15_EE": 20.0889495073352,
    "ptcorr_15to20_EB1": 28.003414009232074,
    "ptcorr_15to20_EB2": 16.34973949054256,
    "ptcorr_15to20_EE": 14.602939881384373,
    "ptcorr_20to30_EB1": 35.86066809785552,
    "ptcorr_20to30_EB2": 21.835075993090868,
    "ptcorr_20to30_EE": 19.249085623770952,
    "ptcorr_30to50_EB1": 35.071745213121176,
    "ptcorr_30to50_EB2": 26.82201714674011,
    "ptcorr_30to50_EE": 21.44685274735093,
    "ptcorr_50to100_EB1": 20.9953396494966,
    "ptcorr_50to100_EB2": 17.03267193445936,
    "ptcorr_50to100_EE": 18.50658051413484
  },
  "PileupReweight_Up": {
    "ptcorr_10to15_EB1": 34.775827682577074,
    "ptcorr_10to15_EB2": 17.720355692319572,
    "ptcorr_10to15_EE": 19.692373611032963,
    "ptcorr_15to20_EB1": 27.531918763183057,
    "ptcorr_15to20_EB2": 16.25341143272817,
    "ptcorr_15to20_EE": 14.128003464080393,
    "ptcorr_20to30_EB1": 34.90967315156013,
    "ptcorr_20to30_EB2": 21.539163678884506,
    "ptcorr_20to30_EE": 18.75673964805901,
    "ptcorr_30to50_EB1": 34.74967053811997,
    "ptcorr_30to50_EB2": 26.5401670653373,
    "ptcorr_30to50_EE": 20.73310154210776,
    "ptcorr_50to100_EB1": 20.569137868471444,
    "ptcorr_50to100_EB2": 16.506450533866882,
    "ptcorr_50to100_EE": 17.706383381970227
  },
  "PileupReweight_Down": {
    "ptcorr_10to15_EB1": 35.352238578838296,
    "ptcorr_10to15_EB2": 18.64913911523763,
    "ptcorr_10to15_EE": 20.434841228357982,
    "ptcorr_15to20_EB1": 28.723774234356824,
    "ptcorr_15to20_EB2": 16.3729601870873,
    "ptcorr_15to20_EE": 15.134399518545251,
    "ptcorr_20to30_EB1": 36.88106575363781,
    "ptcorr_20to30_EB2": 21.959292324492708,
    "ptcorr_20to30_EE": 19.371063955069985,
    "ptcorr_30to50_EB1": 35.61751839739736,
    "ptcorr_30to50_EB2": 27.220157901465427,
    "ptcorr_30to50_EE": 22.091166749363765,
    "ptcorr_50to100_EB1": 21.44262090761913,
    "ptcorr_50to100_EB2": 17.742866717890138,
    "ptcorr_50to100_EE": 19.33642298722407
  },
  "JetEn_Up": {
    "ptcorr_10to15_EB1": 34.39874318242073,
    "ptcorr_10to15_EB2": 17.926832169294357,
    "ptcorr_10to15_EE": 20.169233473250642,
    "ptcorr_15to20_EB1": 26.555711733875796,
    "ptcorr_15to20_EB2": 15.289243263658136,
    "ptcorr_15to20_EE": 12.893788378685713,
    "ptcorr_20to30_EB1": 35.232614908600226,
    "ptcorr_20to30_EB2": 23.279699180973694,
    "ptcorr_20to30_EE": 19.85459677129984,
    "ptcorr_30to50_EB1": 32.52414423879236,
    "ptcorr_30to50_EB2": 26.847897693980485,
    "ptcorr_30to50_EE": 21.407521058805287,
    "ptcorr_50to100_EB1": 20.52562392083928,
    "ptcorr_50to100_EB2": 15.59678852953948,
    "ptcorr_50to100_EE": 16.792110840091482
  },
  "JetEn_Down": {
    "ptcorr_10to15_EB1": 33.63939355593175,
    "ptcorr_10to15_EB2": 18.296277936547995,
    "ptcorr_10to15_EE": 18.683394165709615,
    "ptcorr_15to20_EB1": 27.189375755842775,
    "ptcorr_15to20_EB2": 14.76252986351028,
    "ptcorr_15to20_EE": 13.698843769729137,
    "ptcorr_20to30_EB1": 35.230243928031996,
    "ptcorr_20to30_EB2": 20.168101645773277,
    "ptcorr_20to30_EE": 18.53250360302627,
    "ptcorr_30to50_EB1": 36.83584099728614,
    "ptcorr_30to50_EB2": 26.145356106106192,
    "ptcorr_30to50_EE": 22.72492659650743,
    "ptcorr_50to100_EB1": 22.096368682570755,
    "ptcorr_50to100_EB2": 16.64799293433316,
    "ptcorr_50to100_EE": 18.161291822092608
  },
  "JetRes_Up": {
    "ptcorr_10to15_EB1": 34.316981103271246,
    "ptcorr_10to15_EB2": 18.8224259049166,
    "ptcorr_10to15_EE": 18.562492730328813,
    "ptcorr_15to20_EB1": 25.937922596698627,
    "ptcorr_15to20_EB2": 14.95542813418433,
    "ptcorr_15to20_EE": 13.801924981176853,
    "ptcorr_20to30_EB1": 35.731999221490696,
    "ptcorr_20to30_EB2": 20.93458378734067,
    "ptcorr_20to30_EE": 17.76730551570654,
    "ptcorr_30to50_EB1": 34.82187639642507,
    "ptcorr_30to50_EB2": 26.656770503614098,
    "ptcorr_30to50_EE": 19.736065880395472,
    "ptcorr_50to100_EB1": 19.87309324904345,
    "ptcorr_50to100_EB2": 16.38578787120059,
    "ptcorr_50to100_EE": 17.690216155489907
  },
  "JetRes_Down": {
    "ptcorr_10to15_EB1": 36.67816306091845,
    "ptcorr_10to15_EB2": 18.312971318606287,
    "ptcorr_10to15_EE": 19.35046741575934,
    "ptcorr_15to20_EB1": 27.39253151998855,
    "ptcorr_15to20_EB2": 16.715166427660733,
    "ptcorr_15to20_EE": 14.270224913954735,
    "ptcorr_20to30_EB1": 36.97364179766737,
    "ptcorr_20to30_EB2": 22.793452105252072,