{
  "syst": "ljet",
  "observed": 18.549673113506287,
  "expected": 38.301542479005775,
  "difference": -0.5156938359943618,
  "max_bin_difference": 184.30149193885222,
  "max_bin_difference_bin": 122,
  "max_bin_difference_filtered": 0.30331358316290663,
  "max_bin_difference_filtered_bin": 32,
  "snr_threshold": 3.0,
  "mass_range_min": 10.0,
  "mass_range_max": 160.0,
  "percentile_68_difference": 0.21015554664178365,
  "percentile_95_difference": 0.2938252475107504,
  "rms_bin_difference": 0.18406567817188463,
  "chi2": 9.724113755269354,
  "ndf": 7,
  "chi2_per_ndf": 1.389159107895622,
  "p_value": 0.20475417260148898,
  "closure_uncertainty_scale": 1.3,
  "recommended_systematic_pct": 30.000000000000004
}