{
  "Central": {
    "ptcorr_10to15_EB1": 438.4549876889214,
    "ptcorr_10to15_EB2": 193.97529106331058,
    "ptcorr_10to15_EE": 209.90414712019265,
    "ptcorr_15to20_EB1": 593.4893935918808,
    "ptcorr_15to20_EB2": 291.0048679136671,
    "ptcorr_15to20_EE": 292.24814199190587,
    "ptcorr_20to25_EB1": 628.6472402620129,
    "ptcorr_20to25_EB2": 326.88391184201464,
    "ptcorr_20to25_EE": 312.4253019490279,
    "ptcorr_25to35_EB1": 1263.954330863431,
    "ptcorr_25to35_EB2": 697.3454488737043,
    "ptcorr_25to35_EE": 565.7757657086477,
    "ptcorr_35to50_EB1": 1514.308945068391,
    "ptcorr_35to50_EB2": 866.9085035941098,
    "ptcorr_35to50_EE": 618.1579911008012,
    "ptcorr_50to100_EB1": 2006.3728558118455,
    "ptcorr_50to100_EB2": 1156.6964746336453,
    "ptcorr_50to100_EE": 740.695188335143
  },
  "MotherJetPt_Up": {
    "ptcorr_10to15_EB1": 314.4307724828832,
    "ptcorr_10to15_EB2": 140.27976475772448,
    "ptcorr_10to15_EE": 151.4058374259621,
    "ptcorr_15to20_EB1": 420.877057062462,
    "ptcorr_15to20_EB2": 209.1548351519741,
    "ptcorr_15to20_EE": 208.32151029678062,
    "ptcorr_20to25_EB1": 453.8210036922246,
    "ptcorr_20to25_EB2": 231.7933580786921,
    "ptcorr_20to25_EE": 223.86479336209595,
    "ptcorr_25to35_EB1": 923.1030701114796,
    "ptcorr_25to35_EB2": 508.48260500770994,
    "ptcorr_25to35_EE": 411.33187540154904,
    "ptcorr_35to50_EB1": 1110.6647110085469,
    "ptcorr_35to50_EB2": 640.2668282708619,
    "ptcorr_35to50_EE": 449.389308253536,
    "ptcorr_50to100_EB1": 1547.0872385208495,
    "ptcorr_50to100_EB2": 885.8862748588435,
    "ptcorr_50to100_EE": 562.5923926520627
  },
  "MotherJetPt_Down": {
    "ptcorr_10to15_EB1": 486.31227080896497,
    "ptcorr_10to15_EB2": 212.97069196472876,
    "ptcorr_10to15_EE": 230.6404748354107,
    "ptcorr_15to20_EB1": 654.4559722617269,
    "ptcorr_15to20_EB2": 322.4444384635426,
    "ptcorr_15to20_EE": 322.1764835403301,
    "ptcorr_20to25_EB1": 692.3823113283142,
    "ptcorr_20to25_EB2": 358.94952791929245,
    "ptcorr_20to25_EE": 345.2073117615655,
    "ptcorr_25to35_EB1": 1381.0193713395856,
    "ptcorr_25to35_EB2": 767.0401225341484,
    "ptcorr_25to35_EE": 621.8471336355433,
    "ptcorr_35to50_EB1": 1646.4936247898731,
    "ptcorr_35to50_EB2": 941.276369917905,
    "ptcorr_35to50_EE": 677.814581979299,
    "ptcorr_50to100_EB1": 2153.0565817637835,
    "ptcorr_50to100_EB2": 1245.1208210624754,
    "ptcorr_50to100_EE": 802.5206934479065
  },
  "RequireHeavyTag": {
    "ptcorr_10to15_EB1": 338.89292877400294,
    "ptcorr_10to15_EB2": 149.73145078727975,
    "ptcorr_10to15_EE": 162.06492760870606,
    "ptcorr_15to20_EB1": 456.70489735202864,
    "ptcorr_15to20_EB2": 225.83167282911018,
    "ptcorr_15to20_EE": 224.7304603131488,
    "ptcorr_20to25_EB1": 488.70753654418513,
    "ptcorr_20to25_EB2": 252.52110982872546,
    "ptcorr_20to25_EE": 238.2776040318422,
    "ptcorr_25to35_EB1": 987.2035731095821,
    "ptcorr_25to35_EB2": 540.7740179493558,
    "ptcorr_25to35_EE": 427.9749785801396,
    "ptcorr_35to50_EB1": 1186.8948207041249,
    "ptcorr_35to50_EB2": 666.7483333605342,
    "ptcorr_35to50_EE": 462.6140066420194,
    "ptcorr_50to100_EB1": 1541.6265131421387,
    "ptcorr_50to100_EB2": 871.5140352202579,
    "ptcorr_50to100_EE": 535.4005757940467
  },
  "L1Prefire_Up": {
    "ptcorr_10to15_EB1": 436.10431560722645,
    "ptcorr_10to15_EB2": 192.99310685426462,
    "ptcorr_10to15_EE": 208.77898745751008,
    "ptcorr_15to20_EB1": 590.5357212997042,
    "ptcorr_15to20_EB2": 289.5872800704092,
    "ptcorr_15to20_EE": 290.66916145622963,
    "ptcorr_20to25_EB1": 625.676513889106,
    "ptcorr_20to25_EB2": 325.19855155132245,
    "ptcorr_20to25_EE": 309.3846213052748,
    "ptcorr_25to35_EB1": 1258.1927906918572,
    "ptcorr_25to35_EB2": 693.775077452272,
    "ptcorr_25to35_EE": 557.6726959864609,
    "ptcorr_35to50_EB1": 1507.5635402218904,
    "ptcorr_35to50_EB2": 862.4052865480771,
    "ptcorr_35to50_EE": 606.3796869907528,
    "ptcorr_50to100_EB1": 1997.127837915963,
    "ptcorr_50to100_EB2": 1150.3794880545465,
    "ptcorr_50to100_EE": 726.7775014454965
  },
  "L1Prefire_Down": {
    "ptcorr_10to15_EB1": 440.77082822006196,
    "ptcorr_10to15_EB2": 194.9470906862989,
    "ptcorr_10to15_EE": 211.0136324921623,
    "ptcorr_15to20_EB1": 596.3977488409728,
    "ptcorr_15to20_EB2": 292.4004965117201,
    "ptcorr_15to20_EE": 293.7998884161934,
    "ptcorr_20to25_EB1": 631.5631060497835,
    "ptcorr_20to25_EB2": 328.5479311319068,
    "ptcorr_20to25_EE": 315.4525416819379,
    "ptcorr_25to35_EB1": 1269.6111119082198,
    "ptcorr_25to35_EB2": 700.8667407962494,
    "ptcorr_25to35_EE": 573.8991789533757,
    "ptcorr_35to50_EB1": 1520.928211436607,
    "ptcorr_35to50_EB2": 871.3467722665519,
    "ptcorr_35to50_EE": 630.0056357048452,
    "ptcorr_50to100_EB1": 2015.4650521553122,
    "ptcorr_50to100_EB2": 1162.925636973232,
    "ptcorr_50to100_EE": 754.7250136211514
  },
  "PileupReweight_Up": {
    "ptcorr_10to15_EB1": 431.40552840102464,
    "ptcorr_10to15_EB2": 190.41161436168477,
    "ptcorr_10to15_EE": 203.85616975068115,
    "ptcorr_15to20_EB1": 586.7548222923651,
    "ptcorr_15to20_EB2": 287.2891273824498,
    "ptcorr_15to20_EE": 286.0760157923214,
    "ptcorr_20to25_EB1": 624.2774232430384,
    "ptcorr_20to25_EB2": 323.2540738224052,
    "ptcorr_20to25_EE": 307.64358220039867,
    "ptcorr_25to35_EB1": 1254.06334814406,
    "ptcorr_25to35_EB2": 692.1839686045423,
    "ptcorr_25to35_EE": 558.5158067336306,
    "ptcorr_35to50_EB1": 1501.405720896786,
    "ptcorr_35to50_EB2": 858.9201132643502,
    "ptcorr_35to50_EE": 611.5612551474478,
    "ptcorr_50to100_EB1": 1989.9059922788292,
    "ptcorr_50to100_EB2": 1146.5720868709031,
    "ptcorr_50to100_EE": 731.7482005392667
  },
  "PileupReweight_Down": {
    "ptcorr_10to15_EB1": 444.9147295355797,
    "ptcorr_10to15_EB2": 197.75799369020388,
    "ptcorr_10to15_EE": 215.82822909066454,
    "ptcorr_15to20_EB1": 600.4485927708447,
    "ptcorr_15to20_EB2": 294.5474839132512,
    "ptcorr_15to20_EE": 298.02805101824924,
    "ptcorr_20to25_EB1": 633.4241818897426,
    "ptcorr_20to25_EB2": 330.47297915257514,
    "ptcorr_20to25_EE": 317.45937375491485,
    "ptcorr_25to35_EB1": 1274.280987133272,
    "ptcorr_25to35_EB2": 702.9680996692041,
    "ptcorr_25to35_EE": 572.6600240764674,
    "ptcorr_35to50_EB1": 1526.1668778229505,
    "ptcorr_35to50_EB2": 874.8759279574733,
    "ptcorr_35to50_EE": 625.0492007290013,
    "ptcorr_50to100_EB1": 2021.7436617575586,
    "ptcorr_50to100_EB2": 1164.9821258913726,
    "ptcorr_50to100_EE": 749.288823389681
  },
  "PileupJetIDSF_Up": {
    "ptcorr_10to15_EB1": 438.66792641440406,
    "ptcorr_10to15_EB2": 194.06569244270213,
    "ptcorr_10to15_EE": 209.99602691456676,
    "ptcorr_15to20_EB1": 593.764018304646,
    "ptcorr_15to20_EB2": 291.1471179886721,
    "ptcorr_15to20_EE": 292.3893153341487,
    "ptcorr_20to25_EB1": 628.9224480967969,
    "ptcorr_20to25_EB2": 327.03241346916184,
    "ptcorr_20to25_EE": 312.5661110416986,
    "ptcorr_25to35_EB1": 1264.5202181269415,
    "ptcorr_25to35_EB2": 697.6676300319377,
    "ptcorr_25to35_EE": 566.0318537694402,
    "ptcorr_35to50_EB1": 1514.9809982671868,
    "ptcorr_35to50_EB2": 867.3048516039271,
    "ptcorr_35to50_EE": 618.4399354055058,
    "ptcorr_50to100_EB1": 2007.189349975437,
    "ptcorr_50to100_EB2": 1157.226788783446,
    "ptcorr_50to100_EE": 741.0447909128852
  },
  "PileupJetIDSF_Down": {
    "ptcorr_10to15_EB1": 438.2421180251986,
    "ptcorr_10to15_EB2": 193.88491744664498,
    "ptcorr_10to15_EE": 209.81229622010142,
    "ptcorr_15to20_EB1": 593.2148496522568,
    "ptcorr_15to20_EB2": 290.86266812169924,
    "ptcorr_15to20_EE": 292.1070187217556,
    "ptcorr_20to25_EB1": 628.372120573651,
    "ptcorr_20to25_EB2": 326.7354535041377,
    "ptcorr_20to25_EE": 312.2845278144814,
    "ptcorr_25to35_EB1": 1263.3886312269606,
    "ptcorr_25to35_EB2": 697.0233749777544,
    "ptcorr_25to35_EE": 565.5197638222016,
    "ptcorr_35to50_EB1": 1513.6371110749897,