{
  "syst": "cjet",
  "observed": 104.68741485476494,
  "expected": 82.04140146347345,
  "difference": 0.2760315278301769,
  "max_bin_difference": 14.079840030445608,
  "max_bin_difference_bin": 152,
  "max_bin_difference_filtered": 1.2813260676149585,
  "max_bin_difference_filtered_bin": 70,
  "snr_threshold": 3.0,
  "mass_range_min": 10.0,
  "mass_range_max": 160.0,
  "percentile_68_difference": 0.37399121762857895,
  "percentile_95_difference": 0.6322187688882486,
  "rms_bin_difference": 0.40325574238932604,
  "chi2": 28.35376645995385,
  "ndf": 14,
  "chi2_per_ndf": 2.0252690328538465,
  "p_value": 0.012765172312698506,
  "closure_uncertainty_scale": 2.0,
  "recommended_systematic_pct": 100.0
}