{
  "syst": "cjet",
  "observed": 104.68741487339139,
  "expected": 82.04140087965061,
  "difference": 0.27603153713770695,
  "max_bin_difference": 6.560398019257154,
  "max_bin_difference_bin": 152,
  "max_bin_difference_filtered": 1.462511749295794,
  "max_bin_difference_filtered_bin": 101,
  "snr_threshold": 3.0,
  "mass_range_min": 10.0,
  "mass_range_max": 160.0,
  "percentile_68_difference": 0.5568178812326672,
  "percentile_95_difference": 0.8554872349860103,
  "rms_bin_difference": 0.4769285485953377,
  "chi2": 52.20300192273732,
  "ndf": 13,
  "chi2_per_ndf": 4.015615532518256,
  "p_value": 1.2429370697096727e-06,
  "closure_uncertainty_scale": 3.35,
  "recommended_systematic_pct": 235.0
}