{
  "syst": "cjet",
  "observed": 104.68741504848003,
  "expected": 82.04140119347721,
  "difference": 0.2760315343907524,
  "max_bin_difference": 1.631460433299822,
  "max_bin_difference_bin": 103,
  "max_bin_difference_filtered": 1.228563266229202,
  "max_bin_difference_filtered_bin": 70,
  "snr_threshold": 3.0,
  "mass_range_min": 10.0,
  "mass_range_max": 160.0,
  "percentile_68_difference": 0.6179430274608868,
  "percentile_95_difference": 0.9647311326280247,
  "rms_bin_difference": 0.5151835561026056,
  "chi2": 21.021694448002528,
  "ndf": 13,
  "chi2_per_ndf": 1.6170534190771175,
  "p_value": 0.07250064339498581,
  "closure_uncertainty_scale": 1.6500000000000001,
  "recommended_systematic_pct": 65.00000000000001
}