{
  "Central": {
    "ptcorr_15to17_EB1": 19.93979600071907,
    "ptcorr_15to17_EB2": 10.859341129660606,
    "ptcorr_15to17_EE": 16.484015554189682,
    "ptcorr_17to20_EB1": 36.41297763586044,
    "ptcorr_17to20_EB2": 19.60313531756401,
    "ptcorr_17to20_EE": 23.943066716194153,
    "ptcorr_20to25_EB1": 65.39332854747772,
    "ptcorr_20to25_EB2": 39.38898289203644,
    "ptcorr_20to25_EE": 40.22293198108673,
    "ptcorr_25to35_EB1": 152.7254719734192,
    "ptcorr_25to35_EB2": 84.55314326286316,
    "ptcorr_25to35_EE": 82.0372838973999,
    "ptcorr_35to50_EB1": 226.4238796234131,
    "ptcorr_35to50_EB2": 132.71528959274292,
    "ptcorr_35to50_EE": 100.43248629570007,
    "ptcorr_50to100_EB1": 453.2877426147461,
    "ptcorr_50to100_EB2": 256.0608034133911,
    "ptcorr_50to100_EE": 168.8841371536255,
    "ptcorr_100to200_EB1": 169.83916568756104,
    "ptcorr_100to200_EB2": 99.9854485988617,
    "ptcorr_100to200_EE": 47.55813503265381
  },
  "MotherJetPt_Up": {
    "ptcorr_15to17_EB1": 14.204635709524155,
    "ptcorr_15to17_EB2": 7.843401536345482,
    "ptcorr_15to17_EE": 11.581768497824669,
    "ptcorr_17to20_EB1": 24.785848915576935,
    "ptcorr_17to20_EB2": 14.284570962190628,
    "ptcorr_17to20_EE": 16.883694350719452,
    "ptcorr_20to25_EB1": 46.55210030078888,
    "ptcorr_20to25_EB2": 27.86717265844345,
    "ptcorr_20to25_EE": 28.460502088069916,
    "ptcorr_25to35_EB1": 112.47637605667114,
    "ptcorr_25to35_EB2": 62.0484516620636,
    "ptcorr_25to35_EE": 61.64577877521515,
    "ptcorr_35to50_EB1": 173.3672046661377,
    "ptcorr_35to50_EB2": 99.83798122406006,
    "ptcorr_35to50_EE": 77.56397151947021,
    "ptcorr_50to100_EB1": 366.6624689102173,
    "ptcorr_50to100_EB2": 206.7318139076233,
    "ptcorr_50to100_EE": 134.23610067367554,
    "ptcorr_100to200_EB1": 156.16493368148804,
    "ptcorr_100to200_EB2": 92.09133529663086,
    "ptcorr_100to200_EE": 43.166270196437836
  },
  "MotherJetPt_Down": {
    "ptcorr_15to17_EB1": 21.658376038074493,
    "ptcorr_15to17_EB2": 12.007986232638359,
    "ptcorr_15to17_EE": 17.35466343164444,
    "ptcorr_17to20_EB1": 38.68514335155487,
    "ptcorr_17to20_EB2": 20.87082314491272,
    "ptcorr_17to20_EE": 25.692746579647064,
    "ptcorr_20to25_EB1": 69.72098684310913,
    "ptcorr_20to25_EB2": 42.249722719192505,
    "ptcorr_20to25_EE": 43.246187806129456,
    "ptcorr_25to35_EB1": 161.54888486862183,
    "ptcorr_25to35_EB2": 89.48004603385925,
    "ptcorr_25to35_EE": 86.66025137901306,
    "ptcorr_35to50_EB1": 237.5793251991272,
    "ptcorr_35to50_EB2": 139.85723972320557,
    "ptcorr_35to50_EE": 105.91631364822388,
    "ptcorr_50to100_EB1": 472.9580192565918,
    "ptcorr_50to100_EB2": 267.12950134277344,
    "ptcorr_50to100_EE": 177.72792530059814,
    "ptcorr_100to200_EB1": 173.62850093841553,
    "ptcorr_100to200_EB2": 101.87367844581604,
    "ptcorr_100to200_EE": 48.92063057422638
  },
  "RequireHeavyTag": {
    "ptcorr_15to17_EB1": 12.373796463012695,
    "ptcorr_15to17_EB2": 6.313011467456818,
    "ptcorr_15to17_EE": 9.937970459461212,
    "ptcorr_17to20_EB1": 20.13510125875473,
    "ptcorr_17to20_EB2": 11.145163491368294,
    "ptcorr_17to20_EE": 14.045228138566017,
    "ptcorr_20to25_EB1": 38.63711494207382,
    "ptcorr_20to25_EB2": 21.435201913118362,
    "ptcorr_20to25_EE": 24.487294167280197,
    "ptcorr_25to35_EB1": 87.64878559112549,
    "ptcorr_25to35_EB2": 50.085341691970825,
    "ptcorr_25to35_EE": 46.249982476234436,
    "ptcorr_35to50_EB1": 128.64524483680725,
    "ptcorr_35to50_EB2": 74.80479145050049,
    "ptcorr_35to50_EE": 55.26041305065155,
    "ptcorr_50to100_EB1": 236.5664415359497,
    "ptcorr_50to100_EB2": 133.64927673339844,
    "ptcorr_50to100_EE": 84.29862380027771,
    "ptcorr_100to200_EB1": 92.82933759689331,
    "ptcorr_100to200_EB2": 54.80917823314667,
    "ptcorr_100to200_EE": 23.30826535820961
  },
  "Stat": {
    "ptcorr_15to17_EB1": 0.9794951233374595,
    "ptcorr_15to17_EB2": 0.7293057947166657,
    "ptcorr_15to17_EE": 0.9406859635316807,
    "ptcorr_17to20_EB1": 1.328370148988447,
    "ptcorr_17to20_EB2": 0.9895484791088358,
    "ptcorr_17to20_EE": 1.1101915472419897,
    "ptcorr_20to25_EB1": 1.8040987278213638,
    "ptcorr_20to25_EB2": 1.3982443461812797,
    "ptcorr_20to25_EE": 1.4178765044747847,
    "ptcorr_25to35_EB1": 2.748093306222417,
    "ptcorr_25to35_EB2": 2.0291000528971925,
    "ptcorr_25to35_EE": 2.016441385380167,
    "ptcorr_35to50_EB1": 3.355986251401699,
    "ptcorr_35to50_EB2": 2.57373816688625,
    "ptcorr_35to50_EE": 2.2343740143939366,
    "ptcorr_50to100_EB1": 4.763897863967806,
    "ptcorr_50to100_EB2": 3.56631399813984,
    "ptcorr_50to100_EE": 2.9127565354028757,
    "ptcorr_100to200_EB1": 2.8808435502938488,
    "ptcorr_100to200_EB2": 2.2269412880301145,
    "ptcorr_100to200_EE": 1.5250874109968873
  }
}