{
  "Central": {
    "ptcorr_15to17_EB1": 467.1292266845703,
    "ptcorr_15to17_EB2": 246.78858041763306,
    "ptcorr_15to17_EE": 304.04272651672363,
    "ptcorr_17to20_EB1": 772.6732997894287,
    "ptcorr_17to20_EB2": 443.4776668548584,
    "ptcorr_17to20_EE": 516.5476131439209,
    "ptcorr_20to25_EB1": 1454.0722618103027,
    "ptcorr_20to25_EB2": 879.3884162902832,
    "ptcorr_20to25_EE": 861.7054557800293,
    "ptcorr_25to35_EB1": 3321.497734069824,
    "ptcorr_25to35_EB2": 1954.0456352233887,
    "ptcorr_25to35_EE": 1744.9756546020508,
    "ptcorr_35to50_EB1": 4771.585845947266,
    "ptcorr_35to50_EB2": 2830.8868865966797,
    "ptcorr_35to50_EE": 2208.7393493652344,
    "ptcorr_50to100_EB1": 8797.871063232422,
    "ptcorr_50to100_EB2": 5134.562759399414,
    "ptcorr_50to100_EE": 3407.1382751464844,
    "ptcorr_100to200_EB1": 2425.25439453125,
    "ptcorr_100to200_EB2": 1385.5591201782227,
    "ptcorr_100to200_EE": 774.7750873565674
  },
  "MotherJetPt_Up": {
    "ptcorr_15to17_EB1": 389.51523780822754,
    "ptcorr_15to17_EB2": 211.08214378356934,
    "ptcorr_15to17_EE": 258.46224546432495,
    "ptcorr_17to20_EB1": 655.1607570648193,
    "ptcorr_17to20_EB2": 376.3524913787842,
    "ptcorr_17to20_EE": 441.24344539642334,
    "ptcorr_20to25_EB1": 1231.7566261291504,
    "ptcorr_20to25_EB2": 744.0580959320068,
    "ptcorr_20to25_EE": 731.8322620391846,
    "ptcorr_25to35_EB1": 2840.5404510498047,
    "ptcorr_25to35_EB2": 1668.9728164672852,
    "ptcorr_25to35_EE": 1485.85595703125,
    "ptcorr_35to50_EB1": 4141.703201293945,
    "ptcorr_35to50_EB2": 2456.975410461426,
    "ptcorr_35to50_EE": 1899.0413513183594,
    "ptcorr_50to100_EB1": 7778.464691162109,
    "ptcorr_50to100_EB2": 4518.983963012695,
    "ptcorr_50to100_EE": 2941.746192932129,
    "ptcorr_100to200_EB1": 2288.748878479004,
    "ptcorr_100to200_EB2": 1297.8736877441406,
    "ptcorr_100to200_EE": 715.7464942932129
  },
  "MotherJetPt_Down": {
    "ptcorr_15to17_EB1": 479.0217571258545,
    "ptcorr_15to17_EB2": 253.31339168548584,
    "ptcorr_15to17_EE": 312.1097831726074,
    "ptcorr_17to20_EB1": 794.1303577423096,
    "ptcorr_17to20_EB2": 452.683274269104,
    "ptcorr_17to20_EE": 529.3109169006348,
    "ptcorr_20to25_EB1": 1493.3160820007324,
    "ptcorr_20to25_EB2": 901.2900505065918,
    "ptcorr_20to25_EE": 883.5012760162354,
    "ptcorr_25to35_EB1": 3398.4446182250977,
    "ptcorr_25to35_EB2": 1998.4919967651367,
    "ptcorr_25to35_EE": 1786.0819625854492,
    "ptcorr_35to50_EB1": 4870.513000488281,
    "ptcorr_35to50_EB2": 2897.7601165771484,
    "ptcorr_35to50_EE": 2264.945671081543,
    "ptcorr_50to100_EB1": 8979.372802734375,
    "ptcorr_50to100_EB2": 5250.180389404297,
    "ptcorr_50to100_EE": 3505.524932861328,
    "ptcorr_100to200_EB1": 2457.6569595336914,
    "ptcorr_100to200_EB2": 1405.47749710083,
    "ptcorr_100to200_EE": 790.6005420684814
  },
  "RequireHeavyTag": {
    "ptcorr_15to17_EB1": 344.8338985443115,
    "ptcorr_15to17_EB2": 188.12375736236572,
    "ptcorr_15to17_EE": 227.47522974014282,
    "ptcorr_17to20_EB1": 579.4701404571533,
    "ptcorr_17to20_EB2": 333.13383197784424,
    "ptcorr_17to20_EE": 388.2948341369629,
    "ptcorr_20to25_EB1": 1097.6313171386719,
    "ptcorr_20to25_EB2": 660.815845489502,
    "ptcorr_20to25_EE": 637.619707107544,
    "ptcorr_25to35_EB1": 2484.116142272949,
    "ptcorr_25to35_EB2": 1448.2374305725098,
    "ptcorr_25to35_EE": 1269.316177368164,
    "ptcorr_35to50_EB1": 3555.7352905273438,
    "ptcorr_35to50_EB2": 2068.2080307006836,
    "ptcorr_35to50_EE": 1545.4925003051758,
    "ptcorr_50to100_EB1": 6183.786804199219,
    "ptcorr_50to100_EB2": 3551.6929626464844,
    "ptcorr_50to100_EE": 2232.964683532715,
    "ptcorr_100to200_EB1": 1590.3557586669922,
    "ptcorr_100to200_EB2": 902.6325798034668,
    "ptcorr_100to200_EE": 474.03023529052734
  },
  "Stat": {
    "ptcorr_15to17_EB1": 5.521014015593826,
    "ptcorr_15to17_EB2": 4.030373696400581,
    "ptcorr_15to17_EE": 4.605348205192663,
    "ptcorr_17to20_EB1": 7.102911789320259,
    "ptcorr_17to20_EB2": 5.417974716633619,
    "ptcorr_17to20_EE": 5.983742334166227,
    "ptcorr_20to25_EB1": 9.865383514176921,
    "ptcorr_20to25_EB2": 7.692984963677368,
    "ptcorr_20to25_EE": 7.638338791894802,
    "ptcorr_25to35_EB1": 14.907073034221876,
    "ptcorr_25to35_EB2": 11.4183490865499,
    "ptcorr_25to35_EE": 10.861215515402897,
    "ptcorr_35to50_EB1": 17.834699945772634,
    "ptcorr_35to50_EB2": 13.758234235814598,
    "ptcorr_35to50_EE": 12.232771137626449,
    "ptcorr_50to100_EB1": 24.256876556824565,
    "ptcorr_50to100_EB2": 18.49390369885644,
    "ptcorr_50to100_EE": 15.129888606515769,
    "ptcorr_100to200_EB1": 12.519661595952579,
    "ptcorr_100to200_EB2": 9.490366868362516,
    "ptcorr_100to200_EE": 7.123289568747767
  }
}