{
  "Central": {
    "ptcorr_15to17_EB1": 38.51877415180206,
    "ptcorr_15to17_EB2": 27.106642603874207,
    "ptcorr_15to17_EE": 35.02998822927475,
    "ptcorr_17to20_EB1": 63.19111156463623,
    "ptcorr_17to20_EB2": 41.76399105787277,
    "ptcorr_17to20_EE": 64.81795156002045,
    "ptcorr_20to25_EB1": 133.5644040107727,
    "ptcorr_20to25_EB2": 89.52575945854187,
    "ptcorr_20to25_EE": 119.5584123134613,
    "ptcorr_25to35_EB1": 298.92207622528076,
    "ptcorr_25to35_EB2": 195.83803987503052,
    "ptcorr_25to35_EE": 242.10206651687622,
    "ptcorr_35to50_EB1": 425.1095542907715,
    "ptcorr_35to50_EB2": 275.3365659713745,
    "ptcorr_35to50_EE": 319.2898006439209,
    "ptcorr_50to100_EB1": 682.5476341247559,
    "ptcorr_50to100_EB2": 442.54591274261475,
    "ptcorr_50to100_EE": 452.5188694000244,
    "ptcorr_100to200_EB1": 176.49448823928833,
    "ptcorr_100to200_EB2": 109.87745594978333,
    "ptcorr_100to200_EE": 99.44409203529358
  },
  "MotherJetPt_Up": {
    "ptcorr_15to17_EB1": 10.983304262161255,
    "ptcorr_15to17_EB2": 8.479852020740509,
    "ptcorr_15to17_EE": 10.142940267920494,
    "ptcorr_17to20_EB1": 17.704027861356735,
    "ptcorr_17to20_EB2": 13.0253074914217,
    "ptcorr_17to20_EE": 22.414471298456192,
    "ptcorr_20to25_EB1": 40.405083775520325,
    "ptcorr_20to25_EB2": 28.959722459316254,
    "ptcorr_20to25_EE": 36.980510890483856,
    "ptcorr_25to35_EB1": 104.07966566085815,
    "ptcorr_25to35_EB2": 67.34903824329376,
    "ptcorr_25to35_EE": 93.5905613899231,
    "ptcorr_35to50_EB1": 196.26034021377563,
    "ptcorr_35to50_EB2": 131.9529848098755,
    "ptcorr_35to50_EE": 158.31390476226807,
    "ptcorr_50to100_EB1": 464.3363914489746,
    "ptcorr_50to100_EB2": 293.809663772583,
    "ptcorr_50to100_EE": 297.6091899871826,
    "ptcorr_100to200_EB1": 161.62839365005493,
    "ptcorr_100to200_EB2": 98.7573561668396,
    "ptcorr_100to200_EE": 87.4369854927063
  },
  "MotherJetPt_Down": {
    "ptcorr_15to17_EB1": 53.38251030445099,
    "ptcorr_15to17_EB2": 39.01281547546387,
    "ptcorr_15to17_EE": 50.99534749984741,
    "ptcorr_17to20_EB1": 87.20425224304199,
    "ptcorr_17to20_EB2": 58.86555278301239,
    "ptcorr_17to20_EE": 88.05131709575653,
    "ptcorr_20to25_EB1": 179.774968624115,
    "ptcorr_20to25_EB2": 122.90372920036316,
    "ptcorr_20to25_EE": 155.15521907806396,
    "ptcorr_25to35_EB1": 380.3033905029297,
    "ptcorr_25to35_EB2": 246.96004056930542,
    "ptcorr_25to35_EE": 299.20104598999023,
    "ptcorr_35to50_EB1": 509.75724029541016,
    "ptcorr_35to50_EB2": 328.0597381591797,
    "ptcorr_35to50_EE": 385.47268772125244,
    "ptcorr_50to100_EB1": 754.1176166534424,
    "ptcorr_50to100_EB2": 497.341703414917,
    "ptcorr_50to100_EE": 508.7850112915039,
    "ptcorr_100to200_EB1": 183.13579893112183,
    "ptcorr_100to200_EB2": 113.686856508255,
    "ptcorr_100to200_EE": 104.4618501663208
  },
  "RequireHeavyTag": {
    "ptcorr_15to17_EB1": 2.0116217862814665,
    "ptcorr_15to17_EB2": 1.7835726272314787,
    "ptcorr_15to17_EE": 1.9361601071432233,
    "ptcorr_17to20_EB1": 3.8599770832806826,
    "ptcorr_17to20_EB2": 2.007184574380517,
    "ptcorr_17to20_EE": 3.495966140180826,
    "ptcorr_20to25_EB1": 7.6224257692229,
    "ptcorr_20to25_EB2": 5.157476116903126,
    "ptcorr_20to25_EE": 8.269175805151463,
    "ptcorr_25to35_EB1": 17.75169613957405,
    "ptcorr_25to35_EB2": 11.557546570897102,
    "ptcorr_25to35_EE": 13.03644972294569,
    "ptcorr_35to50_EB1": 20.97533679008484,
    "ptcorr_35to50_EB2": 14.0163119956851,
    "ptcorr_35to50_EE": 14.79105007648468,
    "ptcorr_50to100_EB1": 29.843721747398376,
    "ptcorr_50to100_EB2": 20.279717981815338,
    "ptcorr_50to100_EE": 19.716704964637756,
    "ptcorr_100to200_EB1": 10.844918444752693,
    "ptcorr_100to200_EB2": 5.385022332891822,
    "ptcorr_100to200_EE": 4.340790316928178
  },
  "Stat": {
    "ptcorr_15to17_EB1": 1.8760310050326892,
    "ptcorr_15to17_EB2": 1.5788097755035146,
    "ptcorr_15to17_EE": 1.8202056061613943,
    "ptcorr_17to20_EB1": 2.3850626572731746,
    "ptcorr_17to20_EB2": 1.9451031520148807,
    "ptcorr_17to20_EE": 2.5223218411252923,
    "ptcorr_20to25_EB1": 3.508437259138069,
    "ptcorr_20to25_EB2": 2.8793099592482645,
    "ptcorr_20to25_EE": 3.3579340989065387,
    "ptcorr_25to35_EB1": 5.263162842017797,
    "ptcorr_25to35_EB2": 4.2357849962740755,
    "ptcorr_25to35_EE": 4.7676535490940175,
    "ptcorr_35to50_EB1": 6.2511539468700414,
    "ptcorr_35to50_EB2": 5.023847913433079,
    "ptcorr_35to50_EE": 5.43800068480213,
    "ptcorr_50to100_EB1": 7.96700574281546,
    "ptcorr_50to100_EB2": 6.417745203513921,
    "ptcorr_50to100_EE": 6.475364320287682,
    "ptcorr_100to200_EB1": 4.035684338512567,
    "ptcorr_100to200_EB2": 3.1834242499880165,
    "ptcorr_100to200_EE": 3.051537715840173
  }
}