{
  "syst": "cjet",
  "observed": 137.30351388454437,
  "expected": 107.88993602991104,
  "difference": 0.27262577898348933,
  "max_bin_difference": 0.0,
  "max_bin_difference_bin": -1,
  "max_bin_difference_filtered": 0.0,
  "max_bin_difference_filtered_bin": -1,
  "snr_threshold": 3.0,
  "mass_range_min": 10.0,
  "mass_range_max": 160.0,
  "percentile_68_difference": 0.0,
  "percentile_95_difference": 0.0,
  "rms_bin_difference": 0.0,
  "chi2": 28.741152479675637,
  "ndf": 16,
  "chi2_per_ndf": 1.7963220299797273,
  "p_value": 0.02574107309386851,
  "closure_uncertainty_scale": 1.8,
  "recommended_systematic_pct": 80.0
}