{
  "Central": {
    "ptcorr_15to17_EB1": 8632.497863769531,
    "ptcorr_15to17_EB2": 4898.812698364258,
    "ptcorr_15to17_EE": 6614.821853637695,
    "ptcorr_17to20_EB1": 11719.365264892578,
    "ptcorr_17to20_EB2": 7373.696853637695,
    "ptcorr_17to20_EE": 9643.51840209961,
    "ptcorr_20to25_EB1": 15447.290161132812,
    "ptcorr_20to25_EB2": 10289.995819091797,
    "ptcorr_20to25_EE": 13211.953308105469,
    "ptcorr_25to35_EB1": 21161.94366455078,
    "ptcorr_25to35_EB2": 14387.447143554688,
    "ptcorr_25to35_EE": 16028.56527709961,
    "ptcorr_35to50_EB1": 15567.41519165039,
    "ptcorr_35to50_EB2": 10201.94515991211,
    "ptcorr_35to50_EE": 10027.8779296875,
    "ptcorr_50to100_EB1": 7877.5050048828125,
    "ptcorr_50to100_EB2": 5660.734558105469,
    "ptcorr_50to100_EE": 5330.539459228516,
    "ptcorr_100to200_EB1": 554.1425409317017,
    "ptcorr_100to200_EB2": 456.2310702800751,
    "ptcorr_100to200_EE": 447.7289915084839
  },
  "MotherJetPt_Up": {
    "ptcorr_15to17_EB1": 2430.369129180908,
    "ptcorr_15to17_EB2": 1402.528652191162,
    "ptcorr_15to17_EE": 1740.6082515716553,
    "ptcorr_17to20_EB1": 3120.6790161132812,
    "ptcorr_17to20_EB2": 1908.2840852737427,
    "ptcorr_17to20_EE": 2834.633068084717,
    "ptcorr_20to25_EB1": 3970.1879959106445,
    "ptcorr_20to25_EB2": 2753.600051879883,
    "ptcorr_20to25_EE": 3637.2611770629883,
    "ptcorr_25to35_EB1": 5331.808242797852,
    "ptcorr_25to35_EB2": 4053.929172515869,
    "ptcorr_25to35_EE": 5034.646530151367,
    "ptcorr_35to50_EB1": 5470.877090454102,
    "ptcorr_35to50_EB2": 3820.314682006836,
    "ptcorr_35to50_EE": 4271.552436828613,
    "ptcorr_50to100_EB1": 5290.324630737305,
    "ptcorr_50to100_EB2": 3827.298553466797,
    "ptcorr_50to100_EE": 3537.338104248047,
    "ptcorr_100to200_EB1": 542.2547492980957,
    "ptcorr_100to200_EB2": 393.2707290649414,
    "ptcorr_100to200_EE": 428.8405604362488
  },
  "MotherJetPt_Down": {
    "ptcorr_15to17_EB1": 17858.22833251953,
    "ptcorr_15to17_EB2": 9904.771392822266,
    "ptcorr_15to17_EE": 12394.511596679688,
    "ptcorr_17to20_EB1": 24834.14471435547,
    "ptcorr_17to20_EB2": 15347.297485351562,
    "ptcorr_17to20_EE": 18066.78680419922,
    "ptcorr_20to25_EB1": 31779.75341796875,
    "ptcorr_20to25_EB2": 20786.600036621094,
    "ptcorr_20to25_EE": 23707.265014648438,
    "ptcorr_25to35_EB1": 36030.02673339844,
    "ptcorr_25to35_EB2": 23082.181640625,
    "ptcorr_25to35_EE": 24658.313354492188,
    "ptcorr_35to50_EB1": 20084.610717773438,
    "ptcorr_35to50_EB2": 12918.180755615234,
    "ptcorr_35to50_EE": 12622.385620117188,
    "ptcorr_50to100_EB1": 8582.16879272461,
    "ptcorr_50to100_EB2": 6062.593307495117,
    "ptcorr_50to100_EE": 5783.083343505859,
    "ptcorr_100to200_EB1": 577.6984758377075,
    "ptcorr_100to200_EB2": 475.8122704029083,
    "ptcorr_100to200_EE": 446.97124576568604
  },
  "RequireHeavyTag": {
    "ptcorr_15to17_EB1": 548.9786686897278,
    "ptcorr_15to17_EB2": 196.91235595941544,
    "ptcorr_15to17_EE": 228.15539282560349,
    "ptcorr_17to20_EB1": 735.0985975265503,
    "ptcorr_17to20_EB2": 403.5018036365509,
    "ptcorr_17to20_EE": 460.5626609325409,
    "ptcorr_20to25_EB1": 812.7650842666626,
    "ptcorr_20to25_EB2": 480.0727982521057,
    "ptcorr_20to25_EE": 503.0373156070709,
    "ptcorr_25to35_EB1": 1130.5705947875977,
    "ptcorr_25to35_EB2": 852.4075746536255,
    "ptcorr_25to35_EE": 564.8210308551788,
    "ptcorr_35to50_EB1": 893.4436132907867,
    "ptcorr_35to50_EB2": 516.7124891281128,
    "ptcorr_35to50_EE": 374.43088698387146,
    "ptcorr_50to100_EB1": 397.04251980781555,
    "ptcorr_50to100_EB2": 269.9218921661377,
    "ptcorr_50to100_EE": 251.80620408058167,
    "ptcorr_100to200_EB1": 26.02690589427948,
    "ptcorr_100to200_EB2": 35.86488872766495,
    "ptcorr_100to200_EE": 18.430102348327637
  },
  "Stat": {
    "ptcorr_15to17_EB1": 257.6683829520982,
    "ptcorr_15to17_EB2": 188.7532786418707,
    "ptcorr_15to17_EE": 222.92370158230474,
    "ptcorr_17to20_EB1": 291.81827246979896,
    "ptcorr_17to20_EB2": 228.3486867021726,
    "ptcorr_17to20_EE": 268.6654125604149,
    "ptcorr_20to25_EB1": 335.2412732889339,
    "ptcorr_20to25_EB2": 271.90984067020173,
    "ptcorr_20to25_EE": 312.8336077910628,
    "ptcorr_25to35_EB1": 386.6857898002474,
    "ptcorr_25to35_EB2": 319.5693077152264,
    "ptcorr_25to35_EE": 347.2315753440017,
    "ptcorr_35to50_EB1": 331.0537232396913,
    "ptcorr_35to50_EB2": 271.23588604692543,
    "ptcorr_35to50_EE": 279.64656393454317,
    "ptcorr_50to100_EB1": 245.0488121211776,
    "ptcorr_50to100_EB2": 198.2939411016696,
    "ptcorr_50to100_EE": 205.6968117376864,
    "ptcorr_100to200_EB1": 65.26021847942953,
    "ptcorr_100to200_EB2": 59.47144473837225,
    "ptcorr_100to200_EE": 58.23112029561311
  }
}