{
  "Central": {
    "ptcorr_15to17_EB1": 5.585216021165252,
    "ptcorr_15to17_EB2": 2.9560396298766136,
    "ptcorr_15to17_EE": 3.0555788222700357,
    "ptcorr_17to20_EB1": 7.241079684346914,
    "ptcorr_17to20_EB2": 4.447978228330612,
    "ptcorr_17to20_EE": 4.1922158729285,
    "ptcorr_20to25_EB1": 16.7073991894722,
    "ptcorr_20to25_EB2": 9.249879572540522,
    "ptcorr_20to25_EE": 9.378348641097546,
    "ptcorr_25to35_EB1": 38.39421582221985,
    "ptcorr_25to35_EB2": 21.774638146162033,
    "ptcorr_25to35_EE": 19.51455318927765,
    "ptcorr_35to50_EB1": 47.66945469379425,
    "ptcorr_35to50_EB2": 32.65251183509827,
    "ptcorr_35to50_EE": 24.88828319311142,
    "ptcorr_50to100_EB1": 56.956233978271484,
    "ptcorr_50to100_EB2": 38.47205400466919,
    "ptcorr_50to100_EE": 30.726294457912445,
    "ptcorr_100to200_EB1": 6.0192443281412125,
    "ptcorr_100to200_EB2": 3.5518166292458773,
    "ptcorr_100to200_EE": 3.6618263255804777
  },
  "MotherJetPt_Up": {
    "ptcorr_15to17_EB1": 3.606845736503601,
    "ptcorr_15to17_EB2": 1.860863416455686,
    "ptcorr_15to17_EE": 1.8156774444505572,
    "ptcorr_17to20_EB1": 5.311863364651799,
    "ptcorr_17to20_EB2": 2.9921660237014294,
    "ptcorr_17to20_EE": 2.525406025350094,
    "ptcorr_20to25_EB1": 11.055346265435219,
    "ptcorr_20to25_EB2": 5.969378437846899,
    "ptcorr_20to25_EE": 5.431554585695267,
    "ptcorr_25to35_EB1": 24.92907950282097,
    "ptcorr_25to35_EB2": 15.018992006778717,
    "ptcorr_25to35_EE": 11.856920778751373,
    "ptcorr_35to50_EB1": 30.272229850292206,
    "ptcorr_35to50_EB2": 22.367873191833496,
    "ptcorr_35to50_EE": 17.275326550006866,
    "ptcorr_50to100_EB1": 42.53198665380478,
    "ptcorr_50to100_EB2": 28.589332222938538,
    "ptcorr_50to100_EE": 23.68245166540146,
    "ptcorr_100to200_EB1": 5.980060361325741,
    "ptcorr_100to200_EB2": 3.5302857030183077,
    "ptcorr_100to200_EE": 3.454157082363963
  },
  "MotherJetPt_Down": {
    "ptcorr_15to17_EB1": 6.808914553374052,
    "ptcorr_15to17_EB2": 3.408398379571736,
    "ptcorr_15to17_EE": 3.488877385854721,
    "ptcorr_17to20_EB1": 8.638738326728344,
    "ptcorr_17to20_EB2": 6.1330344788730145,
    "ptcorr_17to20_EE": 5.040168339386582,
    "ptcorr_20to25_EB1": 20.6320541203022,
    "ptcorr_20to25_EB2": 11.72078899294138,
    "ptcorr_20to25_EE": 10.370730072259903,
    "ptcorr_25to35_EB1": 43.909526109695435,
    "ptcorr_25to35_EB2": 25.27666449546814,
    "ptcorr_25to35_EE": 22.21549215912819,
    "ptcorr_35to50_EB1": 52.07077169418335,
    "ptcorr_35to50_EB2": 35.993951857089996,
    "ptcorr_35to50_EE": 28.354768872261047,
    "ptcorr_50to100_EB1": 62.49467599391937,
    "ptcorr_50to100_EB2": 42.083889842033386,
    "ptcorr_50to100_EE": 34.28517299890518,
    "ptcorr_100to200_EB1": 6.160748593509197,
    "ptcorr_100to200_EB2": 3.63829436711967,
    "ptcorr_100to200_EE": 3.62917055003345
  },
  "RequireHeavyTag": {
    "ptcorr_15to17_EB1": 4.662406103685498,
    "ptcorr_15to17_EB2": 2.4104328509420156,
    "ptcorr_15to17_EE": 2.1283714454621077,
    "ptcorr_17to20_EB1": 5.98024445772171,
    "ptcorr_17to20_EB2": 3.656451663002372,
    "ptcorr_17to20_EE": 2.822690822184086,
    "ptcorr_20to25_EB1": 13.175201147794724,
    "ptcorr_20to25_EB2": 7.177089676260948,
    "ptcorr_20to25_EE": 7.230063669383526,
    "ptcorr_25to35_EB1": 31.734920382499695,
    "ptcorr_25to35_EB2": 17.49711176753044,
    "ptcorr_25to35_EE": 14.499290987849236,
    "ptcorr_35to50_EB1": 38.225328743457794,
    "ptcorr_35to50_EB2": 25.581524908542633,
    "ptcorr_35to50_EE": 19.154482185840607,
    "ptcorr_50to100_EB1": 45.59264540672302,
    "ptcorr_50to100_EB2": 30.74509596824646,
    "ptcorr_50to100_EE": 22.753944396972656,
    "ptcorr_100to200_EB1": 4.652482368052006,
    "ptcorr_100to200_EB2": 2.9124323949217796,
    "ptcorr_100to200_EE": 2.9264434976503253
  },
  "Stat": {
    "ptcorr_15to17_EB1": 0.6364112052837205,
    "ptcorr_15to17_EB2": 0.4523118392560302,
    "ptcorr_15to17_EE": 0.41524572006343197,
    "ptcorr_17to20_EB1": 0.7322299935201544,
    "ptcorr_17to20_EB2": 0.6183001704498774,
    "ptcorr_17to20_EE": 0.5337959883670389,
    "ptcorr_20to25_EB1": 1.1020918937711006,
    "ptcorr_20to25_EB2": 0.851816675140722,
    "ptcorr_20to25_EE": 0.7893323404723069,
    "ptcorr_25to35_EB1": 1.6239638112704198,
    "ptcorr_25to35_EB2": 1.2185594423274162,
    "ptcorr_25to35_EE": 1.1748676935946645,
    "ptcorr_35to50_EB1": 1.8582444969396965,
    "ptcorr_35to50_EB2": 1.4969145253975678,
    "ptcorr_35to50_EE": 1.3676792528885415,
    "ptcorr_50to100_EB1": 1.994454650312119,
    "ptcorr_50to100_EB2": 1.5915398175022657,
    "ptcorr_50to100_EE": 1.5107726313486878,
    "ptcorr_100to200_EB1": 0.6850850820656539,
    "ptcorr_100to200_EB2": 0.5682804881551223,
    "ptcorr_100to200_EE": 0.4621463004257969
  }
}