{
  "Central": {
    "ptcorr_15to17_EB1": 3.7437270991504192,
    "ptcorr_15to17_EB2": 1.238414328545332,
    "ptcorr_15to17_EE": 1.5251899547874928,
    "ptcorr_17to20_EB1": 4.383420959115028,
    "ptcorr_17to20_EB2": 2.739177107810974,
    "ptcorr_17to20_EE": 3.406025920063257,
    "ptcorr_20to25_EB1": 9.698834668844938,
    "ptcorr_20to25_EB2": 6.042243191972375,
    "ptcorr_20to25_EE": 6.1498262993991375,
    "ptcorr_25to35_EB1": 23.047033697366714,
    "ptcorr_25to35_EB2": 15.825341507792473,
    "ptcorr_25to35_EE": 13.952111467719078,
    "ptcorr_35to50_EB1": 30.575317203998566,
    "ptcorr_35to50_EB2": 21.700854748487473,
    "ptcorr_35to50_EE": 16.694287210702896,
    "ptcorr_50to100_EB1": 44.65667283535004,
    "ptcorr_50to100_EB2": 26.513007313013077,
    "ptcorr_50to100_EE": 17.242471531033516,
    "ptcorr_100to200_EB1": 5.2943249344825745,
    "ptcorr_100to200_EB2": 3.7250951044261456,
    "ptcorr_100to200_EE": 1.2795808017253876
  },
  "MotherJetPt_Up": {
    "ptcorr_15to17_EB1": 2.614821346476674,
    "ptcorr_15to17_EB2": 0.9474860671907663,
    "ptcorr_15to17_EE": 1.1203030366450548,
    "ptcorr_17to20_EB1": 3.2645337842404842,
    "ptcorr_17to20_EB2": 2.029907417483628,
    "ptcorr_17to20_EE": 2.134822081774473,
    "ptcorr_20to25_EB1": 6.236688442528248,
    "ptcorr_20to25_EB2": 4.590909779071808,
    "ptcorr_20to25_EE": 4.062196830287576,
    "ptcorr_25to35_EB1": 14.672926388680935,
    "ptcorr_25to35_EB2": 10.910409346222878,
    "ptcorr_25to35_EE": 8.54171897470951,
    "ptcorr_35to50_EB1": 20.70194610953331,
    "ptcorr_35to50_EB2": 15.434788167476654,
    "ptcorr_35to50_EE": 11.13653638958931,
    "ptcorr_50to100_EB1": 32.16545617580414,
    "ptcorr_50to100_EB2": 18.516746938228607,
    "ptcorr_50to100_EE": 11.841830436140299,
    "ptcorr_100to200_EB1": 5.182992897927761,
    "ptcorr_100to200_EB2": 3.3891276009380817,
    "ptcorr_100to200_EE": 0.9639391032978892
  },
  "MotherJetPt_Down": {
    "ptcorr_15to17_EB1": 4.012672325596213,
    "ptcorr_15to17_EB2": 1.3216230627149343,
    "ptcorr_15to17_EE": 1.7875051517039537,
    "ptcorr_17to20_EB1": 5.366723261773586,
    "ptcorr_17to20_EB2": 3.322648284956813,
    "ptcorr_17to20_EE": 3.805333524942398,
    "ptcorr_20to25_EB1": 11.569354832172394,
    "ptcorr_20to25_EB2": 6.372859884053469,
    "ptcorr_20to25_EE": 6.562490254640579,
    "ptcorr_25to35_EB1": 25.20511656999588,
    "ptcorr_25to35_EB2": 17.882771849632263,
    "ptcorr_25to35_EE": 15.270650744438171,
    "ptcorr_35to50_EB1": 34.36015397310257,
    "ptcorr_35to50_EB2": 25.02710860967636,
    "ptcorr_35to50_EE": 18.970994740724564,
    "ptcorr_50to100_EB1": 48.136730313301086,
    "ptcorr_50to100_EB2": 28.940771996974945,
    "ptcorr_50to100_EE": 18.74164053797722,
    "ptcorr_100to200_EB1": 5.291465565562248,
    "ptcorr_100to200_EB2": 4.1043021865189075,
    "ptcorr_100to200_EE": 1.2684840187430382
  },
  "RequireHeavyTag": {
    "ptcorr_15to17_EB1": 3.0504250153899193,
    "ptcorr_15to17_EB2": 0.7706437222659588,
    "ptcorr_15to17_EE": 1.4551560878753662,
    "ptcorr_17to20_EB1": 3.876583442091942,
    "ptcorr_17to20_EB2": 2.3700509108603,
    "ptcorr_17to20_EE": 2.8292559012770653,
    "ptcorr_20to25_EB1": 8.084389891475439,
    "ptcorr_20to25_EB2": 4.666334601119161,
    "ptcorr_20to25_EE": 4.452515199780464,
    "ptcorr_25to35_EB1": 18.86380961537361,
    "ptcorr_25to35_EB2": 12.867628946900368,
    "ptcorr_25to35_EE": 10.249770119786263,
    "ptcorr_35to50_EB1": 24.77327173948288,
    "ptcorr_35to50_EB2": 17.426681488752365,
    "ptcorr_35to50_EE": 12.714391052722931,
    "ptcorr_50to100_EB1": 36.00285989046097,
    "ptcorr_50to100_EB2": 20.466634839773178,
    "ptcorr_50to100_EE": 13.35286420583725,
    "ptcorr_100to200_EB1": 4.910050639882684,
    "ptcorr_100to200_EB2": 2.4359847214072943,
    "ptcorr_100to200_EE": 0.7570690074935555
  },
  "Stat": {
    "ptcorr_15to17_EB1": 0.48064065034032716,
    "ptcorr_15to17_EB2": 0.31344723870917224,
    "ptcorr_15to17_EE": 0.33273272371004997,
    "ptcorr_17to20_EB1": 0.598005179342736,
    "ptcorr_17to20_EB2": 0.45476004807407555,
    "ptcorr_17to20_EE": 0.47182258865944143,
    "ptcorr_20to25_EB1": 0.8580069087717156,
    "ptcorr_20to25_EB2": 0.667656403701944,
    "ptcorr_20to25_EE": 0.6672302709705231,
    "ptcorr_25to35_EB1": 1.2815306242592666,
    "ptcorr_25to35_EB2": 1.0329441130069068,
    "ptcorr_25to35_EE": 0.965608112731087,
    "ptcorr_35to50_EB1": 1.4876005395643912,
    "ptcorr_35to50_EB2": 1.1927551146801956,
    "ptcorr_35to50_EE": 1.0931900367280878,
    "ptcorr_50to100_EB1": 1.7863893066083882,
    "ptcorr_50to100_EB2": 1.3765241889526132,
    "ptcorr_50to100_EE": 1.1249051214266206,
    "ptcorr_100to200_EB1": 0.588870925126457,
    "ptcorr_100to200_EB2": 0.44949149236397595,
    "ptcorr_100to200_EE": 0.3379036480279961
  }
}