{
  "Central": {
    "ptcorr_15to17_EB1": 747.9030246734619,
    "ptcorr_15to17_EB2": 373.5290861129761,
    "ptcorr_15to17_EE": 383.1402473449707,
    "ptcorr_17to20_EB1": 1242.6703147888184,
    "ptcorr_17to20_EB2": 666.145923614502,
    "ptcorr_17to20_EE": 644.8338279724121,
    "ptcorr_20to25_EB1": 2280.3216552734375,
    "ptcorr_20to25_EB2": 1291.0521965026855,
    "ptcorr_20to25_EE": 1148.985610961914,
    "ptcorr_25to35_EB1": 4994.03938293457,
    "ptcorr_25to35_EB2": 2894.3360595703125,
    "ptcorr_25to35_EE": 2261.398681640625,
    "ptcorr_35to50_EB1": 7141.147033691406,
    "ptcorr_35to50_EB2": 4146.2088623046875,
    "ptcorr_35to50_EE": 2837.607177734375,
    "ptcorr_50to100_EB1": 12655.099060058594,
    "ptcorr_50to100_EB2": 7325.357574462891,
    "ptcorr_50to100_EE": 4291.956802368164,
    "ptcorr_100to200_EB1": 3386.5905227661133,
    "ptcorr_100to200_EB2": 1917.498062133789,
    "ptcorr_100to200_EE": 978.8797302246094
  },
  "MotherJetPt_Up": {
    "ptcorr_15to17_EB1": 632.1698112487793,
    "ptcorr_15to17_EB2": 318.18763542175293,
    "ptcorr_15to17_EE": 324.9596338272095,
    "ptcorr_17to20_EB1": 1050.262119293213,
    "ptcorr_17to20_EB2": 568.0124397277832,
    "ptcorr_17to20_EE": 543.2650146484375,
    "ptcorr_20to25_EB1": 1938.0569686889648,
    "ptcorr_20to25_EB2": 1094.1920166015625,
    "ptcorr_20to25_EE": 979.6131763458252,
    "ptcorr_25to35_EB1": 4267.755615234375,
    "ptcorr_25to35_EB2": 2469.0013885498047,
    "ptcorr_25to35_EE": 1925.0021362304688,
    "ptcorr_35to50_EB1": 6204.678695678711,
    "ptcorr_35to50_EB2": 3590.070114135742,
    "ptcorr_35to50_EE": 2434.525749206543,
    "ptcorr_50to100_EB1": 11203.285034179688,
    "ptcorr_50to100_EB2": 6446.930770874023,
    "ptcorr_50to100_EE": 3722.6900939941406,
    "ptcorr_100to200_EB1": 3200.326858520508,
    "ptcorr_100to200_EB2": 1800.8841018676758,
    "ptcorr_100to200_EE": 908.0258026123047
  },
  "MotherJetPt_Down": {
    "ptcorr_15to17_EB1": 769.0509243011475,
    "ptcorr_15to17_EB2": 384.14422512054443,
    "ptcorr_15to17_EE": 392.8486318588257,
    "ptcorr_17to20_EB1": 1279.2708358764648,
    "ptcorr_17to20_EB2": 682.7561378479004,
    "ptcorr_17to20_EE": 661.6623382568359,
    "ptcorr_20to25_EB1": 2337.558433532715,
    "ptcorr_20to25_EB2": 1323.2109642028809,
    "ptcorr_20to25_EE": 1180.0830612182617,
    "ptcorr_25to35_EB1": 5107.913757324219,
    "ptcorr_25to35_EB2": 2963.1031799316406,
    "ptcorr_25to35_EE": 2315.7199783325195,
    "ptcorr_35to50_EB1": 7289.674377441406,
    "ptcorr_35to50_EB2": 4237.037033081055,
    "ptcorr_35to50_EE": 2913.8950424194336,
    "ptcorr_50to100_EB1": 12903.734680175781,
    "ptcorr_50to100_EB2": 7483.347625732422,
    "ptcorr_50to100_EE": 4412.067077636719,
    "ptcorr_100to200_EB1": 3430.049270629883,
    "ptcorr_100to200_EB2": 1945.7521514892578,
    "ptcorr_100to200_EE": 997.8388977050781
  },
  "RequireHeavyTag": {
    "ptcorr_15to17_EB1": 548.4854965209961,
    "ptcorr_15to17_EB2": 281.18891048431396,
    "ptcorr_15to17_EE": 289.4143590927124,
    "ptcorr_17to20_EB1": 917.131175994873,
    "ptcorr_17to20_EB2": 493.4262113571167,
    "ptcorr_17to20_EE": 479.0965690612793,
    "ptcorr_20to25_EB1": 1696.7074661254883,
    "ptcorr_20to25_EB2": 948.3906326293945,
    "ptcorr_20to25_EE": 849.6497745513916,
    "ptcorr_25to35_EB1": 3716.4001693725586,
    "ptcorr_25to35_EB2": 2130.517059326172,
    "ptcorr_25to35_EE": 1614.1363525390625,
    "ptcorr_35to50_EB1": 5261.962005615234,
    "ptcorr_35to50_EB2": 3009.5240173339844,
    "ptcorr_35to50_EE": 1970.8344192504883,
    "ptcorr_50to100_EB1": 8900.380096435547,
    "ptcorr_50to100_EB2": 5060.35221862793,
    "ptcorr_50to100_EE": 2782.230796813965,
    "ptcorr_100to200_EB1": 2235.5509719848633,
    "ptcorr_100to200_EB2": 1246.3916549682617,
    "ptcorr_100to200_EE": 592.2608509063721
  },
  "Stat": {
    "ptcorr_15to17_EB1": 6.0824638628097585,
    "ptcorr_15to17_EB2": 4.218426449418259,
    "ptcorr_15to17_EE": 4.192951801560442,
    "ptcorr_17to20_EB1": 7.856507823582174,
    "ptcorr_17to20_EB2": 5.651429132034318,
    "ptcorr_17to20_EE": 5.455669415933392,
    "ptcorr_20to25_EB1": 10.65863964295167,
    "ptcorr_20to25_EB2": 8.282429759159594,
    "ptcorr_20to25_EE": 7.5361109559500195,
    "ptcorr_25to35_EB1": 15.752466817134497,
    "ptcorr_25to35_EB2": 12.222638761101999,
    "ptcorr_25to35_EE": 10.59283955604031,
    "ptcorr_35to50_EB1": 18.849706931355676,
    "ptcorr_35to50_EB2": 14.45861171107289,
    "ptcorr_35to50_EE": 11.957877751872068,
    "ptcorr_50to100_EB1": 25.037491662076086,
    "ptcorr_50to100_EB2": 19.10147066262225,
    "ptcorr_50to100_EE": 14.529187168575158,
    "ptcorr_100to200_EB1": 12.759374954820005,
    "ptcorr_100to200_EB2": 9.571105906464993,
    "ptcorr_100to200_EE": 6.859570538217433
  }
}