{
  "Central": {
    "ptcorr_15to17_EB1": 25.869286596775055,
    "ptcorr_15to17_EB2": 13.659762509167194,
    "ptcorr_15to17_EE": 14.95826643705368,
    "ptcorr_17to20_EB1": 42.142839193344116,
    "ptcorr_17to20_EB2": 21.50493562221527,
    "ptcorr_17to20_EE": 25.33715619146824,
    "ptcorr_20to25_EB1": 55.7519451379776,
    "ptcorr_20to25_EB2": 30.94883167743683,
    "ptcorr_20to25_EE": 38.06637394428253,
    "ptcorr_25to35_EB1": 102.69296336174011,
    "ptcorr_25to35_EB2": 67.40929448604584,
    "ptcorr_25to35_EE": 73.97607898712158,
    "ptcorr_35to50_EB1": 108.82611608505249,
    "ptcorr_35to50_EB2": 79.00552606582642,
    "ptcorr_35to50_EE": 86.7332546710968,
    "ptcorr_50to100_EB1": 119.3918092250824,
    "ptcorr_50to100_EB2": 86.22780406475067,
    "ptcorr_50to100_EE": 92.67279815673828,
    "ptcorr_100to200_EB1": 24.431216180324554,
    "ptcorr_100to200_EB2": 15.688811130821705,
    "ptcorr_100to200_EE": 15.589608028531075
  },
  "MotherJetPt_Up": {
    "ptcorr_15to17_EB1": 11.877231523394585,
    "ptcorr_15to17_EB2": 7.698858954012394,
    "ptcorr_15to17_EE": 6.7215675339102745,
    "ptcorr_17to20_EB1": 22.993365436792374,
    "ptcorr_17to20_EB2": 10.369838502258062,
    "ptcorr_17to20_EE": 14.204842824488878,
    "ptcorr_20to25_EB1": 28.437703907489777,
    "ptcorr_20to25_EB2": 15.695344716310501,
    "ptcorr_20to25_EE": 20.326944768428802,
    "ptcorr_25to35_EB1": 58.34087133407593,
    "ptcorr_25to35_EB2": 37.70345810055733,
    "ptcorr_25to35_EE": 43.91254365444183,
    "ptcorr_35to50_EB1": 56.767041087150574,
    "ptcorr_35to50_EB2": 46.731905937194824,
    "ptcorr_35to50_EE": 56.285927057266235,
    "ptcorr_50to100_EB1": 78.6392571926117,
    "ptcorr_50to100_EB2": 57.601478815078735,
    "ptcorr_50to100_EE": 63.79515528678894,
    "ptcorr_100to200_EB1": 21.896758794784546,
    "ptcorr_100to200_EB2": 14.083061061799526,
    "ptcorr_100to200_EE": 14.672079637646675
  },
  "MotherJetPt_Down": {
    "ptcorr_15to17_EB1": 31.180253744125366,
    "ptcorr_15to17_EB2": 16.864880979061127,
    "ptcorr_15to17_EE": 18.1451723203063,
    "ptcorr_17to20_EB1": 51.091659903526306,
    "ptcorr_17to20_EB2": 25.730739772319794,
    "ptcorr_17to20_EE": 28.99258801341057,
    "ptcorr_20to25_EB1": 66.09762012958527,
    "ptcorr_20to25_EB2": 37.065263867378235,
    "ptcorr_20to25_EE": 45.77946388721466,
    "ptcorr_25to35_EB1": 117.29336047172546,
    "ptcorr_25to35_EB2": 77.1578996181488,
    "ptcorr_25to35_EE": 84.52995491027832,
    "ptcorr_35to50_EB1": 121.21025156974792,
    "ptcorr_35to50_EB2": 87.29440259933472,
    "ptcorr_35to50_EE": 99.05927586555481,
    "ptcorr_50to100_EB1": 131.68623232841492,
    "ptcorr_50to100_EB2": 95.03694891929626,
    "ptcorr_50to100_EE": 99.87356519699097,
    "ptcorr_100to200_EB1": 25.345133304595947,
    "ptcorr_100to200_EB2": 16.735440254211426,
    "ptcorr_100to200_EE": 16.323578521609306
  },
  "RequireHeavyTag": {
    "ptcorr_15to17_EB1": 4.011323589831591,
    "ptcorr_15to17_EB2": 3.2838983964174986,
    "ptcorr_15to17_EE": 2.8071555718779564,
    "ptcorr_17to20_EB1": 6.505208030343056,
    "ptcorr_17to20_EB2": 4.552922796458006,
    "ptcorr_17to20_EE": 3.9323861971497536,
    "ptcorr_20to25_EB1": 7.683563005179167,
    "ptcorr_20to25_EB2": 4.561797104775906,
    "ptcorr_20to25_EE": 6.430808834731579,
    "ptcorr_25to35_EB1": 12.69325653463602,
    "ptcorr_25to35_EB2": 9.43255029246211,
    "ptcorr_25to35_EE": 10.082644537091255,
    "ptcorr_35to50_EB1": 13.710957765579224,
    "ptcorr_35to50_EB2": 8.12918197736144,
    "ptcorr_35to50_EE": 11.344719901680946,
    "ptcorr_50to100_EB1": 16.255290627479553,
    "ptcorr_50to100_EB2": 12.545354962348938,
    "ptcorr_50to100_EE": 12.917175769805908,
    "ptcorr_100to200_EB1": 4.679772466421127,
    "ptcorr_100to200_EB2": 2.213430695235729,
    "ptcorr_100to200_EE": 2.9149132035672665
  },
  "Stat": {
    "ptcorr_15to17_EB1": 1.8555823141872312,
    "ptcorr_15to17_EB2": 1.3213436010360193,
    "ptcorr_15to17_EE": 1.3495950646731412,
    "ptcorr_17to20_EB1": 2.3434992814047493,
    "ptcorr_17to20_EB2": 1.646052352091371,
    "ptcorr_17to20_EE": 2.5678742555602905,
    "ptcorr_20to25_EB1": 2.670682334366427,
    "ptcorr_20to25_EB2": 1.9333908580968477,
    "ptcorr_20to25_EE": 2.1855554574019718,
    "ptcorr_25to35_EB1": 3.6502352882433757,
    "ptcorr_25to35_EB2": 2.97320997586671,
    "ptcorr_25to35_EE": 3.068809939783785,
    "ptcorr_35to50_EB1": 3.738555381120803,
    "ptcorr_35to50_EB2": 3.2254134557359673,
    "ptcorr_35to50_EE": 3.331926556580921,
    "ptcorr_50to100_EB1": 3.9556544922055754,
    "ptcorr_50to100_EB2": 3.356153504480327,
    "ptcorr_50to100_EE": 3.4456207026392285,
    "ptcorr_100to200_EB1": 1.7870620594575326,
    "ptcorr_100to200_EB2": 1.4492996379954581,
    "ptcorr_100to200_EE": 1.4006330098454571
  }
}