{
  "hyperparameters": {
    "signal": "MHc160_MA98",
    "channel": "Combined",
    "iteration": 0,
    "model_idx": 5,
    "num_hidden": 64,
    "optimizer": "Adam",
    "initial_lr": 0.001,
    "weight_decay": 2e-05,
    "scheduler": "ExponentialLR",
    "pilot_mode": false,
    "num_classes": 4,
    "model_type": "ParticleNet",
    "num_node_features": 9,
    "num_graph_features": 4,
    "dropout_p": 0.4,
    "batch_size": 1024,
    "train_folds": [
      0,
      1,
      2
    ],
    "valid_folds": [
      3
    ]
  },
  "training_summary": {
    "best_epoch": 56,
    "best_train_loss": 0.96739213704352,
    "best_valid_loss": 1.000574681367139,
    "best_train_acc": 0.5935441497107021,
    "best_valid_acc": 0.5774224654093691,
    "total_epochs": 64
  },
  "epoch_history": {
    "train_loss": [
      1.0645834128430527,
      1.037059782414629,
      1.0293864895632752,
      1.0209450641690478,
      1.0143708673709337,
      1.0125024990819558,
      1.0104446318114355,
      1.0042548022354736,
      1.0033302838752174,
      1.0001816104505175,
      1.0012967332241165,
      0.9985996872875252,
      0.9940437593466476,
      0.9947204481983484,
      0.9919609488568925,
      0.9898637714641824,
      0.9896702648749373,
      0.988721265584694,
      0.9856708451623462,
      0.9851829458280618,
      0.9840397748188374,
      0.9823485929203659,
      0.9843434443733511,
      0.9819605105604557,
      0.9805717033808208,
      0.9815182970160838,
      0.9801569571236757,
      0.978159894645446,
      0.9780784313866671,
      0.9777670300144539,
      0.9776260711834915,
      0.9753339496842877,
      0.9754146820611834,
      0.9743672235997143,
      0.9739664283552943,
      0.9751158710312127,
      0.9739855904626443,
      0.9730725361351089,
      0.9719323990779363,
      0.9727362988308277,
      0.9704883931819177,
      0.97093568818103,
      0.9726512671716435,
      0.9703915397216246,
      0.9709605960113702,
      0.9710358325329871,
      0.9680175604507582,
      0.9693491912798653,
      0.9697582637931139,
      0.969791108019309,
      0.9681789820751382,
      0.9692550315084866,
      0.9688929011166227,
      0.967472356602895,
      0.9687100211955921,
      0.9673239156125427,
      0.96739213704352,
      0.968157406598007,
      0.9678264014497573,
      0.9674570596476095,
      0.967347825257838,
      0.9670032583453135,
      0.96777963159988,
      0.9678725780351074
    ],
    "valid_loss": [
      1.1065143195719809,
      1.0782859744417839,
      1.0680997536828427,
      1.0607283560593948,
      1.053700393424572,
      1.052138117363632,
      1.0485002405935973,
      1.0403646315520603,
      1.041248697416857,
      1.0356520471266413,
      1.0392100015705743,
      1.0368462376223173,
      1.029034853553648,
      1.0315034957994214,
      1.027389010190135,
      1.0246542605383255,
      1.0254553224983067,
      1.0252903174442953,
      1.022357274194641,
      1.0209873340526192,
      1.018682906341775,
      1.0184411866333454,
      1.0214072890813446,
      1.017322050197301,
      1.0165369180394415,
      1.0161066345936156,
      1.0171536892225457,
      1.0148869921380346,
      1.0139119887767416,
      1.013083149664866,
      1.0142735711441757,
      1.0115883994684718,
      1.0113421527316004,
      1.0099410340926755,
      1.0082999803800023,
      1.0102191906485616,
      1.0087485197609316,
      1.0093555082169283,
      1.0045927694148435,
      1.006934938445115,
      1.0039455300984828,
      1.0073208288679885,
      1.0074642500392876,
      1.0044995096348797,
      1.004756345272631,
      1.00531647616128,
      1.0025263969317535,
      1.0037040967083484,
      1.0046702326714139,
      1.0037571925414193,
      1.0019325792028912,
      1.0032997750691683,
      1.0035958145850254,
      1.0017082397934514,
      1.0023483518629934,
      1.0026437939342807,
      1.000574681367139,
      1.0024065453935673,
      1.0025391142716857,
      1.0026037038125115,
      1.0030242531206508,
      1.0016622422930719,
      1.0010935562445513,
      1.0008810650403315
    ],
    "train_acc": [
      0.5402166459933588,
      0.5591288704669599,
      0.5586646840836075,
      0.5662823485904913,
      0.5703309783739223,
      0.5702674175828409,
      0.5718564373598773,
      0.5755371849888672,
      0.5758222455064447,
      0.5779967949952618,
      0.5757471282078939,
      0.5768372920791698,
      0.5803543225190104,
      0.5781739947764586,
      0.5818874858432783,
      0.5823786374107259,
      0.582761928241793,
      0.5829815018837107,
      0.584150635222694,
      0.5844260653173802,
      0.585548972626486,
      0.5851098253426504,
      0.5847361649344746,
      0.5857916592833424,
      0.5860593850397159,
      0.5849769255067528,
      0.5856240899250368,
      0.5873710486374878,
      0.5869415317765434,
      0.5874577224435079,
      0.5875598049261539,
      0.588609521021287,
      0.5885421080610492,
      0.5885266993844234,
      0.5887944251407968,
      0.5882435649514242,
      0.5895725633104001,
      0.5900097845096574,
      0.5908957834156413,
      0.5901542408530244,
      0.5909786050525051,
      0.5912482568934567,
      0.5903198841267517,
      0.5913233741920075,
      0.5915410217493471,
      0.5907937009329953,
      0.5926966724962827,
      0.5918626778739108,
      0.5918376387743939,
      0.5916276955553672,
      0.5928257201630238,
      0.592247894789556,
      0.591864603958489,
      0.5934131759593827,
      0.592613850859419,
      0.5941932402135642,
      0.5935441497107021,
      0.5932879804617981,
      0.5922190035208826,
      0.5928295723321803,
      0.5930607024815674,
      0.5928430549242278,
      0.5934439933126343,
      0.5930221807900028
    ],
    "valid_acc": [
      0.5166449891238535,
      0.5399221850963155,
      0.5392886775951382,
      0.5469860740474962,
      0.5512636512457112,
      0.5507030251384747,
      0.5529679546117103,
      0.556673693180544,
      0.5570044625838136,
      0.5601944251339896,
      0.5566400556141098,
      0.5576491826071357,
      0.5624032919965017,
      0.5594207611060031,
      0.5643430583275402,
      0.5644832148543494,
      0.5644439710268427,
      0.565060659744803,
      0.566579956495414,
      0.5666304128450653,
      0.5681497095956765,
      0.5669331509429731,
      0.5665126813625457,
      0.5680095530688674,
      0.5686823043975512,
      0.5683851725607159,
      0.5676171147938017,
      0.5697811315677348,
      0.5690915614558338,
      0.5702520574978136,
      0.5698932567891821,
      0.5714293723230104,
      0.5710537528311619,
      0.571255578229767,
      0.57258986836499,
      0.5713396721458525,
      0.5723992554885295,
      0.5725730495817729,
      0.574966923059673,
      0.5733747449151212,
      0.5747594913999955,
      0.5735429327472922,
      0.573464445092279,
      0.5742717466866997,
      0.5749332854932389,
      0.573615814141233,
      0.5759984750969883,
      0.5748940416657323,
      0.5743558406027852,
      0.5740643150270222,
      0.5769291144350011,
      0.5757966496983832,
      0.5755892180387057,
      0.5769010831296392,
      0.575303298724015,
      0.5769795707846523,
      0.5774224654093691,
      0.5760433251855672,
      0.5756116430829951,
      0.5751631421972059,
      0.5761834817123764,
      0.575594824299778,
      0.5766151638149485,
      0.5764301571995605
    ],