{
  "hyperparameters": {
    "signal": "MHc160_MA85",
    "channel": "Combined",
    "iteration": 1,
    "model_idx": 14,
    "num_hidden": 64,
    "optimizer": "RMSprop",
    "initial_lr": 0.0001,
    "weight_decay": 3e-05,
    "scheduler": "ExponentialLR",
    "pilot_mode": false,
    "num_classes": 4,
    "model_type": "ParticleNet",
    "num_node_features": 9,
    "num_graph_features": 4,
    "dropout_p": 0.4,
    "batch_size": 1024,
    "train_folds": [
      0,
      1,
      2
    ],
    "valid_folds": [
      3
    ]
  },
  "training_summary": {
    "best_epoch": 36,
    "best_train_loss": 0.970514760781197,
    "best_valid_loss": 1.0032779859645886,
    "best_train_acc": 0.5912020308635793,
    "best_valid_acc": 0.5742493216424103,
    "total_epochs": 44
  },
  "epoch_history": {
    "train_loss": [
      1.0422301004436931,
      1.0262499254372561,
      1.015372216711151,
      1.006099082406418,
      1.0016003288524675,
      0.9993222871627554,
      0.9958537581011089,
      0.9958862720456497,
      0.9927912858039162,
      0.9919562692826706,
      0.9920190024666322,
      0.9904356057141859,
      0.9869171689579562,
      0.9885935169563596,
      0.9859268822934454,
      0.9863301475195914,
      0.9821429177717467,
      0.9819697147056884,
      0.9808736836547377,
      0.9816367019788454,
      0.9799057190580456,
      0.978165678215046,
      0.9772304112008758,
      0.9764284281205053,
      0.9759850316711987,
      0.9751574735367347,
      0.9742398154053448,
      0.9738068349991628,
      0.9744273781922458,
      0.9727852086434475,
      0.9737152673899165,
      0.9729986541782609,
      0.9738292384985434,
      0.973243373835817,
      0.974267027071823,
      0.9729629016594286,
      0.970514760781197,
      0.9726440362906713,
      0.9735961797407361,
      0.9719646687828969,
      0.9707452763823903,
      0.971282558049838,
      0.9701613063296907,
      0.971155491224394
    ],
    "valid_loss": [
      1.0782173922706018,
      1.0663649900537044,
      1.0504549972742567,
      1.041750543669768,
      1.0360022633335504,
      1.035433907744419,
      1.0307958200545517,
      1.0309404273894256,
      1.0300374187506864,
      1.0268307057675528,
      1.0264227152849146,
      1.0255005624998796,
      1.0219725029537987,
      1.0217392862229397,
      1.019921763945799,
      1.0217721647507616,
      1.0163166533833228,
      1.0162933343107974,
      1.0143174329341986,
      1.018658791360848,
      1.0139826997291552,
      1.0126819646952223,
      1.0096625487882953,
      1.0126682448563047,
      1.0105147254503635,
      1.0104130417361827,
      1.0082554442406748,
      1.0069359363246835,
      1.0083955254025547,
      1.008754324400291,
      1.006771213568364,
      1.0065816727387749,
      1.0077474617769335,
      1.0054944221692137,
      1.0067251210277615,
      1.0067915320730583,
      1.0032779859645886,
      1.006451599714432,
      1.0075019559431864,
      1.0072281570371266,
      1.0049774048106144,
      1.0039678905564822,
      1.004394386593819,
      1.0043896912988441
    ],
    "train_acc": [
      0.5478092714007258,
      0.5619371017820135,
      0.5678694422829496,
      0.5728368144101944,
      0.573925052196892,
      0.5757683151382543,
      0.5772937741242093,
      0.5755641501729624,
      0.5787441158116136,
      0.5781624382689893,
      0.5791794109262925,
      0.5789193895082321,
      0.5820280900174889,
      0.5798920622202363,
      0.581935637957734,
      0.5797360493693999,
      0.5832877493316486,
      0.5829737975453978,
      0.5835477707497092,
      0.5834148709138116,
      0.582881345485643,
      0.5856202377558803,
      0.5868818231546183,
      0.587109101134849,
      0.5865640191992111,
      0.5876946308466298,
      0.5882743823046758,
      0.5880239913095063,
      0.5872766704931547,
      0.5884130603943081,
      0.5885998905983959,
      0.5883456474340701,
      0.5879045740656563,
      0.5886711557277903,
      0.5872208140403862,
      0.5880471043244451,
      0.5912020308635793,
      0.5881626693991386,
      0.5864600106319868,
      0.5890274813747621,
      0.5901214974151945,
      0.5905182708383091,
      0.5903718884103639,
      0.5903603319028945
    ],
    "valid_acc": [
      0.5258448635436055,
      0.5420805956091763,
      0.549251003520732,
      0.5548180207655911,
      0.5557879039311102,
      0.5567409683134125,
      0.5592918171013388,
      0.5566961182248334,
      0.5596281927656808,
      0.5597515305092727,
      0.5611026394277129,
      0.5605756508869105,
      0.5642029018007311,
      0.5622407104254031,
      0.563743188392797,
      0.5614614401363442,
      0.5653297602762766,
      0.5648027717354742,
      0.5659744802995986,
      0.5641356266678627,
      0.5649541407844281,
      0.5680768282017357,
      0.5697362814791559,
      0.5692485367658601,
      0.569584912430202,
      0.5696241562577086,
      0.5709584463929316,
      0.5713116408404907,
      0.5695680936469849,
      0.5705491893346489,
      0.5717096853766286,
      0.5714013410176485,
      0.5704090328078398,
      0.5722254613952863,
      0.5705604018567937,
      0.5705884331621555,
      0.5742493216424103,
      0.5704314578521292,
      0.5691924741551364,
      0.5707398022111093,
      0.5723207678335165,
      0.5736046016190882,
      0.5728533626353912,
      0.5730271567286346
    ],
    "epoch": [
      0,
      1,
      2,
      3,
      4,
      5,
      6,
      7,
      8,
      9,
      10,
      11,
      12,
      13,
      14,
      15,
      16,
      17,
      18,
      19,
      20,
      21,
      22,
      23,
      24,
      25,
      26,
      27,
      28,
      29,
      30,
      31,
      32,
      33,
      34,
      35,
      36,
      37,
      38,
      39,
      40,
      41,
      42,
      43
    ],
    "timestamp": [
      1762476635.9306905,
      1762476859.201643,
      1762477083.6223414,
      1762477308.4392755,
      1762477533.0519683,
      1762477757.3197052,
      1762477981.0888717,
      1762478205.0882666,
      1762478429.5672977,
      1762478654.1751087,
      1762478878.6544633,
      1762479100.6612616,
      1762479322.6572757,
      1762479543.4968507,
      1762479760.753367,
      1762479979.3194747,
      1762480197.6392431,
      1762480414.3161566,
      1762480630.2275326,
      1762480848.9225316,
      1762481065.6456912,
      1762481282.839712,
      1762481500.7890832,
      1762481718.0815022,
      1762481934.5241456,
      1762482153.3625243,
      1762482373.0537052,
      1762482589.7116997,
      1762482806.3412268,
      1762483022.1542225,
      1762483238.7181823,
      1762483454.8831894,
      1762483670.8301299,
      1762483886.9338903,
      1762484103.1767716,
      1762484318.806944,
      1762484534.5625613,
      1762484748.9702733,
      1762484964.355785,
      1762485179.4269698,
      1762485394.8553813,
      1762485609.251542,
      1762485824.6097689,
      1762486039.7868142
    ]
  }
}