{
  "hyperparameters": {
    "signal": "MHc160_MA85",
    "channel": "Combined",
    "iteration": 1,
    "model_idx": 2,
    "num_hidden": 96,
    "optimizer": "RMSprop",
    "initial_lr": 0.0001,
    "weight_decay": 0.00042,
    "scheduler": "ReduceLROnPlateau",
    "pilot_mode": false,
    "num_classes": 4,
    "model_type": "ParticleNet",
    "num_node_features": 9,
    "num_graph_features": 4,
    "dropout_p": 0.4,
    "batch_size": 1024,
    "train_folds": [
      0,
      1,
      2
    ],
    "valid_folds": [
      3
    ]
  },
  "training_summary": {
    "best_epoch": 24,
    "best_train_loss": 0.9758426133835629,
    "best_valid_loss": 1.0075784129368022,
    "best_train_acc": 0.590389223171568,
    "best_valid_acc": 0.5748547978382257,
    "total_epochs": 32
  },
  "epoch_history": {
    "train_loss": [
      1.0290937478223983,
      1.011812835356612,
      1.0065053383817297,
      0.9985253961229346,
      0.9929308394793833,
      0.9910112538422167,
      0.9897993527284444,
      0.9859898595479963,
      0.9873440355900321,
      0.9862558146546642,
      0.9823882375379608,
      0.9869627928953697,
      0.9813156351328284,
      0.9805022457797179,
      0.984515480399412,
      0.981850898720369,
      0.981636446343402,
      0.9779145032160776,
      0.9792883597853992,
      0.9767055668562654,
      0.9812146082406944,
      0.980010969249025,
      0.9802871979872637,
      0.9835247619374862,
      0.9758426133835629,
      0.9799218884948769,
      0.9761621396205469,
      0.9763574808372406,
      0.9791299115188192,
      0.9775483428325668,
      0.9793266631921785,
      0.9808517500675628
    ],
    "valid_loss": [
      1.0673724965724338,
      1.0465593685965986,
      1.037441792508522,
      1.02993868042797,
      1.028049634865421,
      1.0274756518001178,
      1.0261712487781744,
      1.0202646806187525,
      1.0231484875580532,
      1.0214892729504998,
      1.019584599387725,
      1.0269447382948604,
      1.0187035410198844,
      1.0134418702180619,
      1.0215968808956077,
      1.015858705105866,
      1.018351787488181,
      1.013175733983443,
      1.0097609498080424,
      1.0111276594379315,
      1.0174017596880516,
      1.0147471061037412,
      1.0134585575189903,
      1.0212081526110275,
      1.0075784129368022,
      1.0116642826278701,
      1.0130198885485426,
      1.0120548437943737,
      1.0107295928312465,
      1.0104776459051616,
      1.0147953631832827,
      1.0152230986785769
    ],
    "train_acc": [
      0.5628808832253442,
      0.5704099478416296,
      0.5766755009745987,
      0.5793412020308636,
      0.5811420911115049,
      0.5820069030871283,
      0.5812287649175251,
      0.5840755179241431,
      0.5829872801374454,
      0.5846995693274883,
      0.5879219088268604,
      0.58350347080441,
      0.5870436142591894,
      0.5890101466135581,
      0.5847457953573657,
      0.5869684969606386,
      0.5871726619259305,
      0.589614937171121,
      0.5893395070764348,
      0.5905356055995131,
      0.5876599613242217,
      0.5891160812653605,
      0.5860767198009199,
      0.5853698467607109,
      0.590389223171568,
      0.588199265006125,
      0.5904778230621663,
      0.5896939066388284,
      0.5886711557277903,
      0.5903198841267517,
      0.5872400748861684,
      0.5864446019553611
    ],
    "valid_acc": [
      0.5444408315206423,
      0.5517177583925729,
      0.557822976700379,
      0.5622799542529097,
      0.5625546610454556,
      0.563832888569955,
      0.5610073329894827,
      0.56507747852802,
      0.5642982082389613,
      0.5660193303881775,
      0.569753100262373,
      0.5636366694324221,
      0.5686318480478999,
      0.5722759177449376,
      0.5666920817168614,
      0.5693045993765837,
      0.5678469714977687,
      0.572175005045635,
      0.5728085125468123,
      0.5735429327472922,
      0.5693438432040904,
      0.5713733097122867,
      0.5689233736236629,
      0.5678637902809858,
      0.5748547978382257,
      0.5722422801785033,
      0.5727019935864374,
      0.57258986836499,
      0.5725057744489045,
      0.5736662704908843,
      0.5695120310362612,
      0.5686094230036104
    ],
    "epoch": [
      0,
      1,
      2,
      3,
      4,
      5,
      6,
      7,
      8,
      9,
      10,
      11,
      12,
      13,
      14,
      15,
      16,
      17,
      18,
      19,
      20,
      21,
      22,
      23,
      24,
      25,
      26,
      27,
      28,
      29,
      30,
      31
    ],
    "timestamp": [
      1762475940.8488073,
      1762476158.1515408,
      1762476380.2404995,
      1762476606.4091241,
      1762476834.3198464,
      1762477063.3052666,
      1762477291.520596,
      1762477519.2494333,
      1762477747.5603929,
      1762477975.8600273,
      1762478205.298572,
      1762478434.1594005,
      1762478662.176864,
      1762478890.6855721,
      1762479116.3702035,
      1762479342.5840375,
      1762479567.1965444,
      1762479792.0619543,
      1762480015.7452428,
      1762480238.906298,
      1762480460.678063,
      1762480682.8083653,
      1762480905.3518856,
      1762481127.5651734,
      1762481351.3051794,
      1762481574.7576396,
      1762481797.8069236,
      1762482019.3573263,
      1762482240.8182728,
      1762482462.1599069,
      1762482683.8007886,
      1762482905.3250344
    ]
  }
}