{
  "Central": {
    "ptcorr_10to12_EB1": 5537.810958862305,
    "ptcorr_10to12_EB2": 3250.9590072631836,
    "ptcorr_10to12_EE": 2343.4644165039062,
    "ptcorr_12to14_EB1": 5888.293685913086,
    "ptcorr_12to14_EB2": 3436.536262512207,
    "ptcorr_12to14_EE": 2383.0734786987305,
    "ptcorr_14to17_EB1": 8319.820190429688,
    "ptcorr_14to17_EB2": 4762.309616088867,
    "ptcorr_14to17_EE": 3561.6384811401367,
    "ptcorr_17to20_EB1": 7640.049652099609,
    "ptcorr_17to20_EB2": 4707.294036865234,
    "ptcorr_17to20_EE": 3421.9841079711914,
    "ptcorr_20to30_EB1": 23172.032348632812,
    "ptcorr_20to30_EB2": 14284.903289794922,
    "ptcorr_20to30_EE": 10155.509796142578,
    "ptcorr_30to50_EB1": 30169.767456054688,
    "ptcorr_30to50_EB2": 20813.053466796875,
    "ptcorr_30to50_EE": 17069.20684814453,
    "ptcorr_50to100_EB1": 17730.621032714844,
    "ptcorr_50to100_EB2": 15207.7451171875,
    "ptcorr_50to100_EE": 13870.22201538086,
    "ptcorr_100to200_EB1": 2416.06095123291,
    "ptcorr_100to200_EB2": 2217.0211601257324,
    "ptcorr_100to200_EE": 2155.1594314575195
  },
  "MotherJetPt_Up": {
    "ptcorr_10to12_EB1": 1824.4862213134766,
    "ptcorr_10to12_EB2": 993.237735748291,
    "ptcorr_10to12_EE": 666.1446781158447,
    "ptcorr_12to14_EB1": 1770.02388381958,
    "ptcorr_12to14_EB2": 998.9087972640991,
    "ptcorr_12to14_EE": 724.0252342224121,
    "ptcorr_14to17_EB1": 2411.5046730041504,
    "ptcorr_14to17_EB2": 1563.7574939727783,
    "ptcorr_14to17_EE": 1044.4458293914795,
    "ptcorr_17to20_EB1": 2139.7339363098145,
    "ptcorr_17to20_EB2": 1381.0751686096191,
    "ptcorr_17to20_EE": 1089.8229522705078,
    "ptcorr_20to30_EB1": 5974.081130981445,
    "ptcorr_20to30_EB2": 3810.048065185547,
    "ptcorr_20to30_EE": 2721.177059173584,
    "ptcorr_30to50_EB1": 8858.441131591797,
    "ptcorr_30to50_EB2": 6386.135955810547,
    "ptcorr_30to50_EE": 5564.417892456055,
    "ptcorr_50to100_EB1": 10849.031188964844,
    "ptcorr_50to100_EB2": 9377.107559204102,
    "ptcorr_50to100_EE": 8209.088348388672,
    "ptcorr_100to200_EB1": 2272.7528495788574,
    "ptcorr_100to200_EB2": 2048.125026702881,
    "ptcorr_100to200_EE": 2007.514446258545
  },
  "MotherJetPt_Down": {
    "ptcorr_10to12_EB1": 24240.850219726562,
    "ptcorr_10to12_EB2": 15306.360656738281,
    "ptcorr_10to12_EE": 11963.527770996094,
    "ptcorr_12to14_EB1": 25778.753540039062,
    "ptcorr_12to14_EB2": 16511.010223388672,
    "ptcorr_12to14_EE": 12419.95718383789,
    "ptcorr_14to17_EB1": 38061.84387207031,
    "ptcorr_14to17_EB2": 22862.048461914062,
    "ptcorr_14to17_EE": 17606.49658203125,
    "ptcorr_17to20_EB1": 34731.39953613281,
    "ptcorr_17to20_EB2": 20896.76837158203,
    "ptcorr_17to20_EE": 16858.33709716797,
    "ptcorr_20to30_EB1": 87181.23608398438,
    "ptcorr_20to30_EB2": 53132.65588378906,
    "ptcorr_20to30_EE": 42552.18103027344,
    "ptcorr_30to50_EB1": 68503.55444335938,
    "ptcorr_30to50_EB2": 49841.66638183594,
    "ptcorr_30to50_EE": 43480.98327636719,
    "ptcorr_50to100_EB1": 22868.068359375,
    "ptcorr_50to100_EB2": 20630.596557617188,
    "ptcorr_50to100_EE": 20003.972778320312,
    "ptcorr_100to200_EB1": 2501.9986305236816,
    "ptcorr_100to200_EB2": 2328.5436210632324,
    "ptcorr_100to200_EE": 2268.2027130126953
  },
  "RequireHeavyTag": {
    "ptcorr_10to12_EB1": 517.6265168190002,
    "ptcorr_10to12_EB2": 215.1039079427719,
    "ptcorr_10to12_EE": 139.31959223747253,
    "ptcorr_12to14_EB1": 465.17069244384766,
    "ptcorr_12to14_EB2": 338.6371885538101,
    "ptcorr_12to14_EE": 144.7088593840599,
    "ptcorr_14to17_EB1": 580.8419103622437,
    "ptcorr_14to17_EB2": 388.52731442451477,
    "ptcorr_14to17_EE": 238.7284164428711,
    "ptcorr_17to20_EB1": 470.21931433677673,
    "ptcorr_17to20_EB2": 327.7260231971741,
    "ptcorr_17to20_EE": 246.351100564003,
    "ptcorr_20to30_EB1": 1499.2615432739258,
    "ptcorr_20to30_EB2": 756.4273719787598,
    "ptcorr_20to30_EE": 615.6812176704407,
    "ptcorr_30to50_EB1": 1547.7569427490234,
    "ptcorr_30to50_EB2": 1066.9207611083984,
    "ptcorr_30to50_EE": 762.878776550293,
    "ptcorr_50to100_EB1": 1013.0184516906738,
    "ptcorr_50to100_EB2": 721.7286105155945,
    "ptcorr_50to100_EE": 681.9705076217651,
    "ptcorr_100to200_EB1": 162.22197663784027,
    "ptcorr_100to200_EB2": 97.41733515262604,
    "ptcorr_100to200_EE": 84.17743182182312
  },
  "Stat": {
    "ptcorr_10to12_EB1": 158.72547757027576,
    "ptcorr_10to12_EB2": 122.19986394800728,
    "ptcorr_10to12_EE": 110.28168574464068,
    "ptcorr_12to14_EB1": 161.32995466238506,
    "ptcorr_12to14_EB2": 123.937380183966,
    "ptcorr_12to14_EE": 107.60335936760309,
    "ptcorr_14to17_EB1": 191.08801514928933,
    "ptcorr_14to17_EB2": 147.93727798974592,
    "ptcorr_14to17_EE": 128.3921195568359,
    "ptcorr_17to20_EB1": 184.9862262522518,
    "ptcorr_17to20_EB2": 144.83175816303267,
    "ptcorr_17to20_EE": 125.53521420839279,
    "ptcorr_20to30_EB1": 313.4157548201379,
    "ptcorr_20to30_EB2": 250.55143667711795,
    "ptcorr_20to30_EE": 218.71729785475299,
    "ptcorr_30to50_EB1": 359.19614635195654,
    "ptcorr_30to50_EB2": 306.0222902347834,
    "ptcorr_30to50_EE": 282.9259822133183,
    "ptcorr_50to100_EB1": 291.70695343621065,
    "ptcorr_50to100_EB2": 278.04339620031266,
    "ptcorr_50to100_EE": 270.6891780994825,
    "ptcorr_100to200_EB1": 110.1723552758322,
    "ptcorr_100to200_EB2": 108.21127573073792,
    "ptcorr_100to200_EE": 109.62171195169893
  }
}