{
  "Central": {
    "ptcorr_10to12_EB1": 75.0927140712738,
    "ptcorr_10to12_EB2": 52.13747954368591,
    "ptcorr_10to12_EE": 46.35529088973999,
    "ptcorr_12to14_EB1": 65.85351097583771,
    "ptcorr_12to14_EB2": 45.66600036621094,
    "ptcorr_12to14_EE": 38.75780963897705,
    "ptcorr_14to17_EB1": 96.05657076835632,
    "ptcorr_14to17_EB2": 62.956689953804016,
    "ptcorr_14to17_EE": 51.74944758415222,
    "ptcorr_17to20_EB1": 93.43416166305542,
    "ptcorr_17to20_EB2": 57.29930794239044,
    "ptcorr_17to20_EE": 44.82251036167145,
    "ptcorr_20to30_EB1": 323.0595769882202,
    "ptcorr_20to30_EB2": 193.53665685653687,
    "ptcorr_20to30_EE": 138.09032583236694,
    "ptcorr_30to50_EB1": 631.244062423706,
    "ptcorr_30to50_EB2": 369.0319490432739,
    "ptcorr_30to50_EE": 213.93144845962524,
    "ptcorr_50to100_EB1": 604.025821685791,
    "ptcorr_50to100_EB2": 332.3866491317749,
    "ptcorr_50to100_EE": 166.854172706604,
    "ptcorr_100to200_EB1": 56.40101730823517,
    "ptcorr_100to200_EB2": 31.095867216587067,
    "ptcorr_100to200_EE": 12.200291931629181
  },
  "MotherJetPt_Up": {
    "ptcorr_10to12_EB1": 50.95963370800018,
    "ptcorr_10to12_EB2": 35.32124447822571,
    "ptcorr_10to12_EE": 29.95428043603897,
    "ptcorr_12to14_EB1": 44.555907011032104,
    "ptcorr_12to14_EB2": 29.97547334432602,
    "ptcorr_12to14_EE": 24.263081431388855,
    "ptcorr_14to17_EB1": 62.752675890922546,
    "ptcorr_14to17_EB2": 42.58307433128357,
    "ptcorr_14to17_EE": 33.346477806568146,
    "ptcorr_17to20_EB1": 61.945207476615906,
    "ptcorr_17to20_EB2": 37.14968299865723,
    "ptcorr_17to20_EE": 30.4603511095047,
    "ptcorr_20to30_EB1": 215.32159852981567,
    "ptcorr_20to30_EB2": 128.56994676589966,
    "ptcorr_20to30_EE": 86.84235215187073,
    "ptcorr_30to50_EB1": 406.9029712677002,
    "ptcorr_30to50_EB2": 244.04616737365723,
    "ptcorr_30to50_EE": 135.57549142837524,
    "ptcorr_50to100_EB1": 401.6329698562622,
    "ptcorr_50to100_EB2": 216.66251516342163,
    "ptcorr_50to100_EE": 109.16461634635925,
    "ptcorr_100to200_EB1": 49.153982520103455,
    "ptcorr_100to200_EB2": 26.966181337833405,
    "ptcorr_100to200_EE": 10.266434364020824
  },
  "MotherJetPt_Down": {
    "ptcorr_10to12_EB1": 95.16226887702942,
    "ptcorr_10to12_EB2": 64.42221140861511,
    "ptcorr_10to12_EE": 55.0425910949707,
    "ptcorr_12to14_EB1": 81.68079996109009,
    "ptcorr_12to14_EB2": 58.19366681575775,
    "ptcorr_12to14_EE": 49.346185088157654,
    "ptcorr_14to17_EB1": 121.0485212802887,
    "ptcorr_14to17_EB2": 78.86006546020508,
    "ptcorr_14to17_EE": 64.70474696159363,
    "ptcorr_17to20_EB1": 119.81785464286804,
    "ptcorr_17to20_EB2": 73.44906389713287,
    "ptcorr_17to20_EE": 56.632057547569275,
    "ptcorr_20to30_EB1": 407.30748558044434,
    "ptcorr_20to30_EB2": 248.94878101348877,
    "ptcorr_20to30_EE": 174.19728088378906,
    "ptcorr_30to50_EB1": 770.4521751403809,
    "ptcorr_30to50_EB2": 454.0468873977661,
    "ptcorr_30to50_EE": 275.93161487579346,
    "ptcorr_50to100_EB1": 716.2019939422607,
    "ptcorr_50to100_EB2": 399.76905155181885,
    "ptcorr_50to100_EE": 209.829195022583,
    "ptcorr_100to200_EB1": 61.81818497180939,
    "ptcorr_100to200_EB2": 34.58992946147919,
    "ptcorr_100to200_EE": 13.871007800102234
  },
  "RequireHeavyTag": {
    "ptcorr_10to12_EB1": 44.22253346443176,
    "ptcorr_10to12_EB2": 31.029608070850372,
    "ptcorr_10to12_EE": 26.52358865737915,
    "ptcorr_12to14_EB1": 40.13901400566101,
    "ptcorr_12to14_EB2": 28.64704704284668,
    "ptcorr_12to14_EE": 23.748185873031616,
    "ptcorr_14to17_EB1": 62.0015834569931,
    "ptcorr_14to17_EB2": 41.19159233570099,
    "ptcorr_14to17_EE": 32.761399269104004,
    "ptcorr_17to20_EB1": 65.09845006465912,
    "ptcorr_17to20_EB2": 39.754757046699524,
    "ptcorr_17to20_EE": 31.152716040611267,
    "ptcorr_20to30_EB1": 229.40957736968994,
    "ptcorr_20to30_EB2": 136.66280794143677,
    "ptcorr_20to30_EE": 97.56994247436523,
    "ptcorr_30to50_EB1": 462.5547466278076,
    "ptcorr_30to50_EB2": 266.1434745788574,
    "ptcorr_30to50_EE": 148.67781782150269,
    "ptcorr_50to100_EB1": 428.8795528411865,
    "ptcorr_50to100_EB2": 228.0274338722229,
    "ptcorr_50to100_EE": 106.24770474433899,
    "ptcorr_100to200_EB1": 38.12641894817352,
    "ptcorr_100to200_EB2": 19.541125178337097,
    "ptcorr_100to200_EE": 7.3171384781599045
  },
  "Stat": {
    "ptcorr_10to12_EB1": 2.0250643251835423,
    "ptcorr_10to12_EB2": 1.688555515194591,
    "ptcorr_10to12_EE": 1.5633737105406362,
    "ptcorr_12to14_EB1": 1.9097662995570002,
    "ptcorr_12to14_EB2": 1.5608548528235615,
    "ptcorr_12to14_EE": 1.4525383131012508,
    "ptcorr_14to17_EB1": 2.3146001248230834,
    "ptcorr_14to17_EB2": 1.8454593578170642,
    "ptcorr_14to17_EE": 1.7156612882398534,
    "ptcorr_17to20_EB1": 2.2739872835391757,
    "ptcorr_17to20_EB2": 1.7855613573820637,
    "ptcorr_17to20_EE": 1.5624633283806546,
    "ptcorr_20to30_EB1": 4.229049984357769,
    "ptcorr_20to30_EB2": 3.2899825415621606,
    "ptcorr_20to30_EE": 2.746315471048021,
    "ptcorr_30to50_EB1": 5.908476305907033,
    "ptcorr_30to50_EB2": 4.52838386262924,
    "ptcorr_30to50_EE": 3.409207652953947,
    "ptcorr_50to100_EB1": 5.777095771508221,
    "ptcorr_50to100_EB2": 4.323073353741389,
    "ptcorr_50to100_EE": 3.0139166570413423,
    "ptcorr_100to200_EB1": 1.8318149072340466,
    "ptcorr_100to200_EB2": 1.367407540181961,
    "ptcorr_100to200_EE": 0.8439282506930619
  }
}