{
  "Central": {
    "ptcorr_10to12_EB1": 30.961327135562897,
    "ptcorr_10to12_EB2": 19.214700371026993,
    "ptcorr_10to12_EE": 16.37317444384098,
    "ptcorr_12to14_EB1": 33.46848773956299,
    "ptcorr_12to14_EB2": 21.152013763785362,
    "ptcorr_12to14_EE": 17.20500737428665,
    "ptcorr_14to17_EB1": 50.98511028289795,
    "ptcorr_14to17_EB2": 33.62662094831467,
    "ptcorr_14to17_EE": 29.084413826465607,
    "ptcorr_17to20_EB1": 51.036818981170654,
    "ptcorr_17to20_EB2": 33.271971702575684,
    "ptcorr_17to20_EE": 23.28953742980957,
    "ptcorr_20to30_EB1": 189.37731981277466,
    "ptcorr_20to30_EB2": 115.72719097137451,
    "ptcorr_20to30_EE": 81.54248285293579,
    "ptcorr_30to50_EB1": 373.51176738739014,
    "ptcorr_30to50_EB2": 218.81128215789795,
    "ptcorr_30to50_EE": 135.9214105606079,
    "ptcorr_50to100_EB1": 520.103479385376,
    "ptcorr_50to100_EB2": 280.0193500518799,
    "ptcorr_50to100_EE": 148.51010012626648,
    "ptcorr_100to200_EB1": 181.91557598114014,
    "ptcorr_100to200_EB2": 96.68745040893555,
    "ptcorr_100to200_EE": 37.68158841133118
  },
  "MotherJetPt_Up": {
    "ptcorr_10to12_EB1": 21.772100687026978,
    "ptcorr_10to12_EB2": 12.772921442985535,
    "ptcorr_10to12_EE": 11.06608161330223,
    "ptcorr_12to14_EB1": 23.70687621831894,
    "ptcorr_12to14_EB2": 14.107984464615583,
    "ptcorr_12to14_EE": 12.663056924939156,
    "ptcorr_14to17_EB1": 33.81169259548187,
    "ptcorr_14to17_EB2": 23.3545303940773,
    "ptcorr_14to17_EE": 20.213648289442062,
    "ptcorr_17to20_EB1": 35.86504739522934,
    "ptcorr_17to20_EB2": 23.594880759716034,
    "ptcorr_17to20_EE": 16.978412598371506,
    "ptcorr_20to30_EB1": 136.96687293052673,
    "ptcorr_20to30_EB2": 80.8041775226593,
    "ptcorr_20to30_EE": 58.84844148159027,
    "ptcorr_30to50_EB1": 274.51941108703613,
    "ptcorr_30to50_EB2": 154.77622985839844,
    "ptcorr_30to50_EE": 97.3935112953186,
    "ptcorr_50to100_EB1": 419.45225715637207,
    "ptcorr_50to100_EB2": 222.46827745437622,
    "ptcorr_50to100_EE": 118.04220533370972,
    "ptcorr_100to200_EB1": 170.28799962997437,
    "ptcorr_100to200_EB2": 91.84801292419434,
    "ptcorr_100to200_EE": 33.570222556591034
  },
  "MotherJetPt_Down": {
    "ptcorr_10to12_EB1": 37.93376803398132,
    "ptcorr_10to12_EB2": 23.875497072935104,
    "ptcorr_10to12_EE": 20.358326718211174,
    "ptcorr_12to14_EB1": 39.44419705867767,
    "ptcorr_12to14_EB2": 24.846335396170616,
    "ptcorr_12to14_EE": 20.94411674141884,
    "ptcorr_14to17_EB1": 61.203176975250244,
    "ptcorr_14to17_EB2": 40.46733868122101,
    "ptcorr_14to17_EE": 33.91882610321045,
    "ptcorr_17to20_EB1": 62.35549342632294,
    "ptcorr_17to20_EB2": 37.99944078922272,
    "ptcorr_17to20_EE": 26.618359625339508,
    "ptcorr_20to30_EB1": 222.267897605896,
    "ptcorr_20to30_EB2": 137.85609483718872,
    "ptcorr_20to30_EE": 96.79083847999573,
    "ptcorr_30to50_EB1": 420.898850440979,
    "ptcorr_30to50_EB2": 247.72262716293335,
    "ptcorr_30to50_EE": 157.0093502998352,
    "ptcorr_50to100_EB1": 560.8235626220703,
    "ptcorr_50to100_EB2": 303.0006322860718,
    "ptcorr_50to100_EE": 164.68422842025757,
    "ptcorr_100to200_EB1": 186.80075025558472,
    "ptcorr_100to200_EB2": 99.27139449119568,
    "ptcorr_100to200_EE": 38.82864034175873
  },
  "RequireHeavyTag": {
    "ptcorr_10to12_EB1": 18.547728896141052,
    "ptcorr_10to12_EB2": 11.084331825375557,
    "ptcorr_10to12_EE": 10.447484657168388,
    "ptcorr_12to14_EB1": 20.14818847179413,
    "ptcorr_12to14_EB2": 12.809363264590502,
    "ptcorr_12to14_EE": 11.125312596559525,
    "ptcorr_14to17_EB1": 32.33302414417267,
    "ptcorr_14to17_EB2": 21.32538151741028,
    "ptcorr_14to17_EE": 18.679782658815384,
    "ptcorr_17to20_EB1": 32.078038424253464,
    "ptcorr_17to20_EB2": 20.752218186855316,
    "ptcorr_17to20_EE": 15.166316390037537,
    "ptcorr_20to30_EB1": 121.06782388687134,
    "ptcorr_20to30_EB2": 72.78612005710602,
    "ptcorr_20to30_EE": 49.22907817363739,
    "ptcorr_30to50_EB1": 231.4921269416809,
    "ptcorr_30to50_EB2": 137.48092079162598,
    "ptcorr_30to50_EE": 81.67714333534241,
    "ptcorr_50to100_EB1": 315.0675525665283,
    "ptcorr_50to100_EB2": 163.0849575996399,
    "ptcorr_50to100_EE": 82.4568293094635,
    "ptcorr_100to200_EB1": 112.92198991775513,
    "ptcorr_100to200_EB2": 58.64385676383972,
    "ptcorr_100to200_EE": 22.678019732236862
  },
  "Stat": {
    "ptcorr_10to12_EB1": 1.8244782295667326,
    "ptcorr_10to12_EB2": 1.3915092437239334,
    "ptcorr_10to12_EE": 1.2729356332530901,
    "ptcorr_12to14_EB1": 1.8301039186746382,
    "ptcorr_12to14_EB2": 1.475094454680388,
    "ptcorr_12to14_EE": 1.323975000555744,
    "ptcorr_14to17_EB1": 2.2688142889917917,
    "ptcorr_14to17_EB2": 1.8424199722600474,
    "ptcorr_14to17_EE": 1.7272375764611256,
    "ptcorr_17to20_EB1": 2.3026002997798654,
    "ptcorr_17to20_EB2": 1.8189706217108843,
    "ptcorr_17to20_EE": 1.4708164319250394,
    "ptcorr_20to30_EB1": 4.344901046965999,
    "ptcorr_20to30_EB2": 3.429330722658114,
    "ptcorr_20to30_EE": 2.8576524442097813,
    "ptcorr_30to50_EB1": 6.137593706854312,
    "ptcorr_30to50_EB2": 4.680221152945028,
    "ptcorr_30to50_EE": 3.6846210577484997,
    "ptcorr_50to100_EB1": 7.211519659652688,
    "ptcorr_50to100_EB2": 5.2814787789152495,
    "ptcorr_50to100_EE": 3.7730670396432155,
    "ptcorr_100to200_EB1": 4.268290797191253,
    "ptcorr_100to200_EB2": 3.0846686690398255,
    "ptcorr_100to200_EE": 1.892199208080057
  }
}