{
  "Central": {
    "ptcorr_10to12_EB1": 27.20087803900242,
    "ptcorr_10to12_EB2": 17.655448749661446,
    "ptcorr_10to12_EE": 12.005232708528638,
    "ptcorr_12to14_EB1": 25.16894468665123,
    "ptcorr_12to14_EB2": 14.313079163432121,
    "ptcorr_12to14_EE": 14.937016308307648,
    "ptcorr_14to17_EB1": 32.70111948251724,
    "ptcorr_14to17_EB2": 24.94869215786457,
    "ptcorr_14to17_EE": 16.781044095754623,
    "ptcorr_17to20_EB1": 26.098375976085663,
    "ptcorr_17to20_EB2": 17.588475346565247,
    "ptcorr_17to20_EE": 13.320600360631943,
    "ptcorr_20to30_EB1": 57.2852600812912,
    "ptcorr_20to30_EB2": 36.995205879211426,
    "ptcorr_20to30_EE": 27.52478888630867,
    "ptcorr_30to50_EB1": 63.997089087963104,
    "ptcorr_30to50_EB2": 47.22610819339752,
    "ptcorr_30to50_EE": 33.70420594513416,
    "ptcorr_50to100_EB1": 38.46548914909363,
    "ptcorr_50to100_EB2": 31.868080869317055,
    "ptcorr_50to100_EE": 29.93412020802498,
    "ptcorr_100to200_EB1": 11.762855149805546,
    "ptcorr_100to200_EB2": 6.846175730228424,
    "ptcorr_100to200_EE": 7.4039381593465805
  },
  "MotherJetPt_Up": {
    "ptcorr_10to12_EB1": 9.700579777359962,
    "ptcorr_10to12_EB2": 6.37492635846138,
    "ptcorr_10to12_EE": 5.7293374091386795,
    "ptcorr_12to14_EB1": 9.69151671603322,
    "ptcorr_12to14_EB2": 6.543657600879669,
    "ptcorr_12to14_EE": 5.486125215888023,
    "ptcorr_14to17_EB1": 12.860961958765984,
    "ptcorr_14to17_EB2": 11.800482869148254,
    "ptcorr_14to17_EE": 5.165408506989479,
    "ptcorr_17to20_EB1": 11.182224825024605,
    "ptcorr_17to20_EB2": 3.7361592203378677,
    "ptcorr_17to20_EE": 5.465863078832626,
    "ptcorr_20to30_EB1": 24.10124683380127,
    "ptcorr_20to30_EB2": 17.32183313369751,
    "ptcorr_20to30_EE": 11.675138726830482,
    "ptcorr_30to50_EB1": 36.02705192565918,
    "ptcorr_30to50_EB2": 23.861654371023178,
    "ptcorr_30to50_EE": 16.523992523550987,
    "ptcorr_50to100_EB1": 27.04768966138363,
    "ptcorr_50to100_EB2": 23.176318421959877,
    "ptcorr_50to100_EE": 20.500283770263195,
    "ptcorr_100to200_EB1": 11.330228202044964,
    "ptcorr_100to200_EB2": 6.449413016438484,
    "ptcorr_100to200_EE": 6.370565712451935
  },
  "MotherJetPt_Down": {
    "ptcorr_10to12_EB1": 39.487868905067444,
    "ptcorr_10to12_EB2": 29.553018361330032,
    "ptcorr_10to12_EE": 24.497598886489868,
    "ptcorr_12to14_EB1": 41.983786046504974,
    "ptcorr_12to14_EB2": 23.507891297340393,
    "ptcorr_12to14_EE": 27.46282160282135,
    "ptcorr_14to17_EB1": 51.85563349723816,
    "ptcorr_14to17_EB2": 37.11222979426384,
    "ptcorr_14to17_EE": 28.85050857067108,
    "ptcorr_17to20_EB1": 42.89166963100433,
    "ptcorr_17to20_EB2": 31.242423832416534,
    "ptcorr_17to20_EE": 26.180393755435944,
    "ptcorr_20to30_EB1": 90.98621201515198,
    "ptcorr_20to30_EB2": 65.16821026802063,
    "ptcorr_20to30_EE": 48.90672993659973,
    "ptcorr_30to50_EB1": 89.64255499839783,
    "ptcorr_30to50_EB2": 64.2146463394165,
    "ptcorr_30to50_EE": 51.63912498950958,
    "ptcorr_50to100_EB1": 44.42331087589264,
    "ptcorr_50to100_EB2": 36.43412348628044,
    "ptcorr_50to100_EE": 35.50339403748512,
    "ptcorr_100to200_EB1": 12.134011164307594,
    "ptcorr_100to200_EB2": 7.189936518669128,
    "ptcorr_100to200_EE": 7.926767826080322
  },
  "RequireHeavyTag": {
    "ptcorr_10to12_EB1": 7.0151466354727745,
    "ptcorr_10to12_EB2": 3.9605665877461433,
    "ptcorr_10to12_EE": 2.490469355136156,
    "ptcorr_12to14_EB1": 4.398878024891019,
    "ptcorr_12to14_EB2": 3.3548277989029884,
    "ptcorr_12to14_EE": 3.0628930181264877,
    "ptcorr_14to17_EB1": 8.720420790836215,
    "ptcorr_14to17_EB2": 8.506028652191162,
    "ptcorr_14to17_EE": 2.046000562608242,
    "ptcorr_17to20_EB1": 8.49155442416668,
    "ptcorr_17to20_EB2": 4.523607164621353,
    "ptcorr_17to20_EE": 1.7591951489448547,
    "ptcorr_20to30_EB1": 14.397697806358337,
    "ptcorr_20to30_EB2": 8.342348165810108,
    "ptcorr_20to30_EE": 7.710714787244797,
    "ptcorr_30to50_EB1": 12.96058101952076,
    "ptcorr_30to50_EB2": 9.590813875198364,
    "ptcorr_30to50_EE": 7.73847159743309,
    "ptcorr_50to100_EB1": 7.137676790356636,
    "ptcorr_50to100_EB2": 6.002198681235313,
    "ptcorr_50to100_EE": 5.61045715212822,
    "ptcorr_100to200_EB1": 1.9390244781970978,
    "ptcorr_100to200_EB2": 1.9434506595134735,
    "ptcorr_100to200_EE": 1.8788561522960663
  },
  "Stat": {
    "ptcorr_10to12_EB1": 2.69993705074096,
    "ptcorr_10to12_EB2": 2.0973223419807607,
    "ptcorr_10to12_EE": 1.798049096198762,
    "ptcorr_12to14_EB1": 2.6261551282318965,
    "ptcorr_12to14_EB2": 1.825663558430648,
    "ptcorr_12to14_EE": 2.0448342778357853,
    "ptcorr_14to17_EB1": 2.9139134812371825,
    "ptcorr_14to17_EB2": 2.624444247417618,
    "ptcorr_14to17_EE": 2.158506805765961,
    "ptcorr_17to20_EB1": 2.645040018216281,
    "ptcorr_17to20_EB2": 2.1326634712590673,
    "ptcorr_17to20_EE": 1.8988558351547853,
    "ptcorr_20to30_EB1": 3.930049448658778,
    "ptcorr_20to30_EB2": 3.2305253750499383,
    "ptcorr_20to30_EE": 2.6931413611147907,
    "ptcorr_30to50_EB1": 4.196010475424286,
    "ptcorr_30to50_EB2": 3.5568982679153702,
    "ptcorr_30to50_EE": 3.1129724975529,
    "ptcorr_50to100_EB1": 3.2331498564659653,
    "ptcorr_50to100_EB2": 2.9297739578197466,
    "ptcorr_50to100_EE": 2.8822841240338914,
    "ptcorr_100to200_EB1": 1.8582409461398313,
    "ptcorr_100to200_EB2": 1.3634723390707257,
    "ptcorr_100to200_EE": 1.313359653929168
  }
}