{
  "syst": "cjet",
  "observed": 61.670116543769836,
  "expected": 121.74784779548645,
  "difference": -0.4934603144084808,
  "max_bin_difference": 0.0,
  "max_bin_difference_bin": -1,
  "max_bin_difference_filtered": 0.0,
  "max_bin_difference_filtered_bin": -1,
  "snr_threshold": 3.0,
  "mass_range_min": 10.0,
  "mass_range_max": 160.0,
  "percentile_68_difference": 0.0,
  "percentile_95_difference": 0.0,
  "rms_bin_difference": 0.0,
  "chi2": 19.375784069258604,
  "ndf": 17,
  "chi2_per_ndf": 1.1397520040740354,
  "p_value": 0.3073936540157485,
  "closure_uncertainty_scale": 1.05,
  "recommended_systematic_pct": 5.000000000000004
}