{
  "Central": {
    "ptcorr_10to15_EB1": 16571.884258180857,
    "ptcorr_10to15_EB2": 9117.547912623733,
    "ptcorr_10to15_EE": 6671.319521035999,
    "ptcorr_15to20_EB1": 19189.496482424438,
    "ptcorr_15to20_EB2": 10344.478001974523,
    "ptcorr_15to20_EE": 8058.816682636738,
    "ptcorr_20to30_EB1": 47212.393570866436,
    "ptcorr_20to30_EB2": 22643.295785505325,
    "ptcorr_20to30_EE": 17523.723367217928,
    "ptcorr_30to50_EB1": 67207.39868081361,
    "ptcorr_30to50_EB2": 53376.34305180982,
    "ptcorr_30to50_EE": 48839.490519724786,
    "ptcorr_50to100_EB1": 17697.285418573767,
    "ptcorr_50to100_EB2": 15542.401891365647,
    "ptcorr_50to100_EE": 17920.17917843163
  },
  "MotherJetPt_Up": {
    "ptcorr_10to15_EB1": 4523.3130633197725,
    "ptcorr_10to15_EB2": 2299.5015334114432,
    "ptcorr_10to15_EE": 1832.0958900041878,
    "ptcorr_15to20_EB1": 4685.77722177282,
    "ptcorr_15to20_EB2": 2586.427771486342,
    "ptcorr_15to20_EE": 1966.8104569166899,
    "ptcorr_20to30_EB1": 9249.515888858587,
    "ptcorr_20to30_EB2": 6223.906941331923,
    "ptcorr_20to30_EE": 4434.474663227797,
    "ptcorr_30to50_EB1": 16649.337572976947,
    "ptcorr_30to50_EB2": 19143.99277357012,
    "ptcorr_30to50_EE": 25481.194485295564,
    "ptcorr_50to100_EB1": 10725.66229980439,
    "ptcorr_50to100_EB2": 9444.53409589827,
    "ptcorr_50to100_EE": 10397.314184501767
  },
  "MotherJetPt_Down": {
    "ptcorr_10to15_EB1": 59694.56047225371,
    "ptcorr_10to15_EB2": 36958.989853378385,
    "ptcorr_10to15_EE": 26250.087461117655,
    "ptcorr_15to20_EB1": 69845.24449578673,
    "ptcorr_15to20_EB2": 36761.39884494245,
    "ptcorr_15to20_EE": 27858.447099514306,
    "ptcorr_20to30_EB1": 120581.08265670761,
    "ptcorr_20to30_EB2": 57646.52164759487,
    "ptcorr_20to30_EE": 46930.12847617641,
    "ptcorr_30to50_EB1": 102648.31267594919,
    "ptcorr_30to50_EB2": 75534.67672296241,
    "ptcorr_30to50_EE": 71391.87615023926,
    "ptcorr_50to100_EB1": 22812.726195003837,
    "ptcorr_50to100_EB2": 19944.55878360197,
    "ptcorr_50to100_EE": 22820.221433397382
  },
  "RequireHeavyTag": {
    "ptcorr_10to15_EB1": 707.9900486879051,
    "ptcorr_10to15_EB2": 351.29128047451377,
    "ptcorr_10to15_EE": 236.04590041190386,
    "ptcorr_15to20_EB1": 725.5700554959476,
    "ptcorr_15to20_EB2": 422.74405885115266,
    "ptcorr_15to20_EE": 316.1426062323153,
    "ptcorr_20to30_EB1": 1323.4128086864948,
    "ptcorr_20to30_EB2": 817.5154113583267,
    "ptcorr_20to30_EE": 649.4800783805549,
    "ptcorr_30to50_EB1": 1692.5198002383113,
    "ptcorr_30to50_EB2": 1101.709557428956,
    "ptcorr_30to50_EE": 887.4336320534348,
    "ptcorr_50to100_EB1": 959.9264086894691,
    "ptcorr_50to100_EB2": 778.4545223601162,
    "ptcorr_50to100_EE": 722.3076571114361
  },
  "L1Prefire_Up": {
    "ptcorr_10to15_EB1": 16571.884258180857,
    "ptcorr_10to15_EB2": 9117.547912623733,
    "ptcorr_10to15_EE": 6671.319521035999,
    "ptcorr_15to20_EB1": 19189.496482424438,
    "ptcorr_15to20_EB2": 10344.478001974523,
    "ptcorr_15to20_EE": 8058.816682636738,
    "ptcorr_20to30_EB1": 47212.393570866436,
    "ptcorr_20to30_EB2": 22643.295785505325,
    "ptcorr_20to30_EE": 17523.723367217928,
    "ptcorr_30to50_EB1": 67207.39868081361,
    "ptcorr_30to50_EB2": 53376.34305180982,
    "ptcorr_30to50_EE": 48839.490519724786,
    "ptcorr_50to100_EB1": 17697.285418573767,
    "ptcorr_50to100_EB2": 15542.401891365647,
    "ptcorr_50to100_EE": 17920.17917843163
  },
  "L1Prefire_Down": {
    "ptcorr_10to15_EB1": 16571.884258180857,
    "ptcorr_10to15_EB2": 9117.547912623733,
    "ptcorr_10to15_EE": 6671.319521035999,
    "ptcorr_15to20_EB1": 19189.496482424438,
    "ptcorr_15to20_EB2": 10344.478001974523,
    "ptcorr_15to20_EE": 8058.816682636738,
    "ptcorr_20to30_EB1": 47212.393570866436,
    "ptcorr_20to30_EB2": 22643.295785505325,
    "ptcorr_20to30_EE": 17523.723367217928,
    "ptcorr_30to50_EB1": 67207.39868081361,
    "ptcorr_30to50_EB2": 53376.34305180982,
    "ptcorr_30to50_EE": 48839.490519724786,
    "ptcorr_50to100_EB1": 17697.285418573767,
    "ptcorr_50to100_EB2": 15542.401891365647,
    "ptcorr_50to100_EE": 17920.17917843163
  },
  "PileupReweight_Up": {
    "ptcorr_10to15_EB1": 16309.362374275923,
    "ptcorr_10to15_EB2": 8982.058627478778,
    "ptcorr_10to15_EE": 6601.8678158298135,
    "ptcorr_15to20_EB1": 18943.575685232878,
    "ptcorr_15to20_EB2": 10135.45243202895,
    "ptcorr_15to20_EE": 7929.140880659223,
    "ptcorr_20to30_EB1": 46576.14850361645,
    "ptcorr_20to30_EB2": 22269.807078517973,
    "ptcorr_20to30_EE": 17206.682333417237,
    "ptcorr_30to50_EB1": 66512.2781291008,
    "ptcorr_30to50_EB2": 52372.20232554525,
    "ptcorr_30to50_EE": 48162.9358054325,
    "ptcorr_50to100_EB1": 17422.262769535184,
    "ptcorr_50to100_EB2": 15302.152253314853,
    "ptcorr_50to100_EE": 17657.418846406043
  },
  "PileupReweight_Down": {
    "ptcorr_10to15_EB1": 16787.890452320687,
    "ptcorr_10to15_EB2": 9255.128653933294,
    "ptcorr_10to15_EE": 6729.1757788145915,
    "ptcorr_15to20_EB1": 19404.141188911162,
    "ptcorr_15to20_EB2": 10562.24078343995,
    "ptcorr_15to20_EE": 8173.171263637021,
    "ptcorr_20to30_EB1": 47826.64898831304,
    "ptcorr_20to30_EB2": 22983.48525557015,
    "ptcorr_20to30_EE": 17833.97561219521,
    "ptcorr_30to50_EB1": 67874.50980165601,
    "ptcorr_30to50_EB2": 54432.61007048562,
    "ptcorr_30to50_EE": 49502.65101525746,
    "ptcorr_50to100_EB1": 17975.223941618577,
    "ptcorr_50to100_EB2": 15795.483996505849,
    "ptcorr_50to100_EE": 18178.3560403632
  },
  "JetEn_Up": {
    "ptcorr_10to15_EB1": 17712.69833065942,
    "ptcorr_10to15_EB2": 9831.425871938467,
    "ptcorr_10to15_EE": 7050.380534335971,
    "ptcorr_15to20_EB1": 21202.031256996095,
    "ptcorr_15to20_EB2": 11106.85162955895,
    "ptcorr_15to20_EE": 8670.801170006394,
    "ptcorr_20to30_EB1": 51698.57913025841,
    "ptcorr_20to30_EB2": 24688.732327830046,
    "ptcorr_20to30_EE": 18826.38438878581,
    "ptcorr_30to50_EB1": 68901.89157337323,
    "ptcorr_30to50_EB2": 53771.6813159287,
    "ptcorr_30to50_EE": 49114.46896231547,
    "ptcorr_50to100_EB1": 17373.87372452393,
    "ptcorr_50to100_EB2": 15399.287522036582,
    "ptcorr_50to100_EE": 17598.983410693705
  },
  "JetEn_Down": {
    "ptcorr_10to15_EB1": 14708.4885757491,
    "ptcorr_10to15_EB2": 8050.744358405471,
    "ptcorr_10to15_EE": 6005.9636561870575,
    "ptcorr_15to20_EB1": 17123.429735090584,
    "ptcorr_15to20_EB2": 9206.144343666732,
    "ptcorr_15to20_EE": 7190.658276371658,
    "ptcorr_20to30_EB1": 41503.08664104715,
    "ptcorr_20to30_EB2": 20631.907604530454,
    "ptcorr_20to30_EE": 15814.223313063383,
    "ptcorr_30to50_EB1": 63682.4095531255,
    "ptcorr_30to50_EB2": 52592.93433966115,
    "ptcorr_30to50_EE": 48088.332724723965,
    "ptcorr_50to100_EB1": 17639.92087192461,
    "ptcorr_50to100_EB2": 15700.618588581681,
    "ptcorr_50to100_EE": 17926.47550702095
  },
  "JetRes_Up": {
    "ptcorr_10to15_EB1": 16532.126003436744,
    "ptcorr_10to15_EB2": 9019.944941088557,
    "ptcorr_10to15_EE": 6667.947988301516,
    "ptcorr_15to20_EB1": 19125.075412403792,
    "ptcorr_15to20_EB2": 10195.217297933996,
    "ptcorr_15to20_EE": 7990.096083883196,
    "ptcorr_20to30_EB1": 46995.29095630348,
    "ptcorr_20to30_EB2": 22581.00564758852,
    "ptcorr_20to30_EE": 17528.187440611422,
    "ptcorr_30to50_EB1": 66618.6605758816,
    "ptcorr_30to50_EB2": 52671.50676322356,
    "ptcorr_30to50_EE": 47718.54751591757,
    "ptcorr_50to100_EB1": 17380.925711680204,
    "ptcorr_50to100_EB2": 15224.18378219381,
    "ptcorr_50to100_EE": 17625.87901391089
  },
  "JetRes_Down": {
    "ptcorr_10to15_EB1": 16696.318610452116,
    "ptcorr_10to15_EB2": 9098.38459660858,
    "ptcorr_10to15_EE": 6678.917040355504,
    "ptcorr_15to20_EB1": 19256.577332027256,
    "ptcorr_15to20_EB2": 10368.514403231442,
    "ptcorr_15to20_EE": 7916.43560732156,
    "ptcorr_20to30_EB1": 47165.986024573445,
    "ptcorr_20to30_EB2": 22846.1303316392,
    "ptcorr_20to30_EE": 17655.904964894056,