{
  "Central": {
    "ptcorr_10to15_EB1": 22.422550896997564,
    "ptcorr_10to15_EB2": 14.236012820270844,
    "ptcorr_10to15_EE": 11.011925504193641,
    "ptcorr_15to20_EB1": 22.619368384359404,
    "ptcorr_15to20_EB2": 13.534333401010372,
    "ptcorr_15to20_EE": 12.081511884345673,
    "ptcorr_20to30_EB1": 43.884274456999265,
    "ptcorr_20to30_EB2": 29.051759189576842,
    "ptcorr_20to30_EE": 21.80960548587609,
    "ptcorr_30to50_EB1": 71.99584570270963,
    "ptcorr_30to50_EB2": 46.3304624411976,
    "ptcorr_30to50_EE": 35.4708565371111,
    "ptcorr_50to100_EB1": 53.0883145367261,
    "ptcorr_50to100_EB2": 37.880063483607955,
    "ptcorr_50to100_EE": 33.165924914879724
  },
  "MotherJetPt_Up": {
    "ptcorr_10to15_EB1": 14.83047296886798,
    "ptcorr_10to15_EB2": 9.511245383298956,
    "ptcorr_10to15_EE": 7.203113314928487,
    "ptcorr_15to20_EB1": 15.273198639275506,
    "ptcorr_15to20_EB2": 8.481743274838664,
    "ptcorr_15to20_EE": 7.889965684502386,
    "ptcorr_20to30_EB1": 28.912280657095835,
    "ptcorr_20to30_EB2": 19.765568375471048,
    "ptcorr_20to30_EE": 13.972612201119773,
    "ptcorr_30to50_EB1": 48.511041096644476,
    "ptcorr_30to50_EB2": 31.51959530718159,
    "ptcorr_30to50_EE": 25.197593017248437,
    "ptcorr_50to100_EB1": 38.931316498550586,
    "ptcorr_50to100_EB2": 28.74550292128697,
    "ptcorr_50to100_EE": 25.216037390520796
  },
  "MotherJetPt_Down": {
    "ptcorr_10to15_EB1": 29.29675144434441,
    "ptcorr_10to15_EB2": 19.668082137824968,
    "ptcorr_10to15_EE": 16.326859942055307,
    "ptcorr_15to20_EB1": 29.883367135655135,
    "ptcorr_15to20_EB2": 18.407366611645557,
    "ptcorr_15to20_EE": 16.31280874402728,
    "ptcorr_20to30_EB1": 57.35755060974043,
    "ptcorr_20to30_EB2": 37.75854611583054,
    "ptcorr_20to30_EE": 28.407417615293525,
    "ptcorr_30to50_EB1": 85.6843457443174,
    "ptcorr_30to50_EB2": 57.360623129527085,
    "ptcorr_30to50_EE": 46.429065674659796,
    "ptcorr_50to100_EB1": 59.53171829972416,
    "ptcorr_50to100_EB2": 43.228938831947744,
    "ptcorr_50to100_EE": 37.71521352662239
  },
  "RequireHeavyTag": {
    "ptcorr_10to15_EB1": 17.736635294626467,
    "ptcorr_10to15_EB2": 11.269605444162153,
    "ptcorr_10to15_EE": 8.64917546173092,
    "ptcorr_15to20_EB1": 18.480215525836684,
    "ptcorr_15to20_EB2": 11.236799380742013,
    "ptcorr_15to20_EE": 9.946762537001632,
    "ptcorr_20to30_EB1": 35.91392555553466,
    "ptcorr_20to30_EB2": 23.662525421823375,
    "ptcorr_20to30_EE": 16.397771114250645,
    "ptcorr_30to50_EB1": 59.02318433916662,
    "ptcorr_30to50_EB2": 36.25509483553469,
    "ptcorr_30to50_EE": 27.600329908542335,
    "ptcorr_50to100_EB1": 45.07069281570148,
    "ptcorr_50to100_EB2": 29.18956546112895,
    "ptcorr_50to100_EE": 24.570573445176706
  },
  "L1Prefire_Up": {
    "ptcorr_10to15_EB1": 22.422550896997564,
    "ptcorr_10to15_EB2": 14.236012820270844,
    "ptcorr_10to15_EE": 11.011925504193641,
    "ptcorr_15to20_EB1": 22.619368384359404,
    "ptcorr_15to20_EB2": 13.534333401010372,
    "ptcorr_15to20_EE": 12.081511884345673,
    "ptcorr_20to30_EB1": 43.884274456999265,
    "ptcorr_20to30_EB2": 29.051759189576842,
    "ptcorr_20to30_EE": 21.80960548587609,
    "ptcorr_30to50_EB1": 71.99584570270963,
    "ptcorr_30to50_EB2": 46.3304624411976,
    "ptcorr_30to50_EE": 35.4708565371111,
    "ptcorr_50to100_EB1": 53.0883145367261,
    "ptcorr_50to100_EB2": 37.880063483607955,
    "ptcorr_50to100_EE": 33.165924914879724
  },
  "L1Prefire_Down": {
    "ptcorr_10to15_EB1": 22.422550896997564,
    "ptcorr_10to15_EB2": 14.236012820270844,
    "ptcorr_10to15_EE": 11.011925504193641,
    "ptcorr_15to20_EB1": 22.619368384359404,
    "ptcorr_15to20_EB2": 13.534333401010372,
    "ptcorr_15to20_EE": 12.081511884345673,
    "ptcorr_20to30_EB1": 43.884274456999265,
    "ptcorr_20to30_EB2": 29.051759189576842,
    "ptcorr_20to30_EE": 21.80960548587609,
    "ptcorr_30to50_EB1": 71.99584570270963,
    "ptcorr_30to50_EB2": 46.3304624411976,
    "ptcorr_30to50_EE": 35.4708565371111,
    "ptcorr_50to100_EB1": 53.0883145367261,
    "ptcorr_50to100_EB2": 37.880063483607955,
    "ptcorr_50to100_EE": 33.165924914879724
  },
  "PileupReweight_Up": {
    "ptcorr_10to15_EB1": 22.063105195295066,
    "ptcorr_10to15_EB2": 13.964351601433009,
    "ptcorr_10to15_EE": 10.80453746765852,
    "ptcorr_15to20_EB1": 22.435124170966446,
    "ptcorr_15to20_EB2": 13.568376977927983,
    "ptcorr_15to20_EE": 11.772111246362329,
    "ptcorr_20to30_EB1": 43.278197199106216,
    "ptcorr_20to30_EB2": 29.553788712713867,
    "ptcorr_20to30_EE": 21.74677976826206,
    "ptcorr_30to50_EB1": 71.47693614894524,
    "ptcorr_30to50_EB2": 46.01956153148785,
    "ptcorr_30to50_EE": 35.113642192445695,
    "ptcorr_50to100_EB1": 52.33692631032318,
    "ptcorr_50to100_EB2": 38.11355068907142,
    "ptcorr_50to100_EE": 32.43944575591013
  },
  "PileupReweight_Down": {
    "ptcorr_10to15_EB1": 22.617542786028935,
    "ptcorr_10to15_EB2": 14.443088165251538,
    "ptcorr_10to15_EE": 11.302790506888414,
    "ptcorr_15to20_EB1": 22.585095993010327,
    "ptcorr_15to20_EB2": 13.512249374121893,
    "ptcorr_15to20_EE": 12.322268854564754,
    "ptcorr_20to30_EB1": 44.75008859447553,
    "ptcorr_20to30_EB2": 28.66183237187215,
    "ptcorr_20to30_EE": 21.838941354624694,
    "ptcorr_30to50_EB1": 72.51164147336385,
    "ptcorr_30to50_EB2": 46.670458849694114,
    "ptcorr_30to50_EE": 35.6912100680056,
    "ptcorr_50to100_EB1": 53.56318133196328,
    "ptcorr_50to100_EB2": 37.48895196444937,
    "ptcorr_50to100_EE": 33.76650205254555
  },
  "JetEn_Up": {
    "ptcorr_10to15_EB1": 22.018000748357736,
    "ptcorr_10to15_EB2": 13.588377156876959,
    "ptcorr_10to15_EE": 10.17440495302435,
    "ptcorr_15to20_EB1": 21.41881021950394,
    "ptcorr_15to20_EB2": 13.173367540235631,
    "ptcorr_15to20_EE": 10.761648871353827,
    "ptcorr_20to30_EB1": 42.393649227684364,
    "ptcorr_20to30_EB2": 27.71257455041632,
    "ptcorr_20to30_EE": 20.50089393404778,
    "ptcorr_30to50_EB1": 68.2821117962012,
    "ptcorr_30to50_EB2": 42.151688329991885,
    "ptcorr_30to50_EE": 35.603841043193825,
    "ptcorr_50to100_EB1": 50.26558801706415,
    "ptcorr_50to100_EB2": 35.631884080939926,
    "ptcorr_50to100_EE": 31.092617655638605
  },
  "JetEn_Down": {
    "ptcorr_10to15_EB1": 22.33168879605364,
    "ptcorr_10to15_EB2": 15.164976463885978,
    "ptcorr_10to15_EE": 10.714714460424148,
    "ptcorr_15to20_EB1": 24.030144493910484,
    "ptcorr_15to20_EB2": 14.0493930936791,
    "ptcorr_15to20_EE": 12.3001520591788,
    "ptcorr_20to30_EB1": 45.171945702051744,
    "ptcorr_20to30_EB2": 29.91641064558644,
    "ptcorr_20to30_EE": 22.61733249493409,
    "ptcorr_30to50_EB1": 77.32561122183688,
    "ptcorr_30to50_EB2": 51.60551143134944,
    "ptcorr_30to50_EE": 38.09375940752216,
    "ptcorr_50to100_EB1": 53.01504675182514,
    "ptcorr_50to100_EB2": 40.39785329939332,
    "ptcorr_50to100_EE": 34.23905280022882
  },
  "JetRes_Up": {
    "ptcorr_10to15_EB1": 22.209622037946247,
    "ptcorr_10to15_EB2": 15.115967147401534,
    "ptcorr_10to15_EE": 10.746337008313276,
    "ptcorr_15to20_EB1": 21.666853482834995,
    "ptcorr_15to20_EB2": 13.690511396154761,
    "ptcorr_15to20_EE": 12.139034650987014,
    "ptcorr_20to30_EB1": 43.70886790147051,
    "ptcorr_20to30_EB2": 28.148934757802635,
    "ptcorr_20to30_EE": 21.70022312551737,
    "ptcorr_30to50_EB1": 73.79568557604216,
    "ptcorr_30to50_EB2": 46.84207298140973,
    "ptcorr_30to50_EE": 35.264470009482466,
    "ptcorr_50to100_EB1": 52.01379018987063,
    "ptcorr_50to100_EB2": 37.53823853423819,
    "ptcorr_50to100_EE": 32.523217167239636
  },
  "JetRes_Down": {
    "ptcorr_10to15_EB1": 22.988793540978804,
    "ptcorr_10to15_EB2": 14.112226261640899,
    "ptcorr_10to15_EE": 10.672764394548722,
    "ptcorr_15to20_EB1": 22.05154931289144,
    "ptcorr_15to20_EB2": 13.740858603850938,
    "ptcorr_15to20_EE": 11.209348833072,
    "ptcorr_20to30_EB1": 44.94688917079475,
    "ptcorr_20to30_EB2": 29.531425048713572,