{
  "Central": {
    "ptcorr_10to15_EB1": 14.471613322210032,
    "ptcorr_10to15_EB2": 9.687852368399035,
    "ptcorr_10to15_EE": 8.208568973524962,
    "ptcorr_15to20_EB1": 17.13751140597742,
    "ptcorr_15to20_EB2": 12.022567173349671,
    "ptcorr_15to20_EE": 8.916103069088422,
    "ptcorr_20to30_EB1": 39.49199830938596,
    "ptcorr_20to30_EB2": 24.530464353447314,
    "ptcorr_20to30_EE": 16.459515548602212,
    "ptcorr_30to50_EB1": 65.68070960132172,
    "ptcorr_30to50_EB2": 38.568275394209195,
    "ptcorr_30to50_EE": 22.956361967138946,
    "ptcorr_50to100_EB1": 60.30198979016859,
    "ptcorr_50to100_EB2": 34.027283303497825,
    "ptcorr_50to100_EE": 18.813639523810707
  },
  "MotherJetPt_Up": {
    "ptcorr_10to15_EB1": 8.228627259552013,
    "ptcorr_10to15_EB2": 5.268488347879611,
    "ptcorr_10to15_EE": 4.660264142148662,
    "ptcorr_15to20_EB1": 9.134966250800062,
    "ptcorr_15to20_EB2": 7.009428481454961,
    "ptcorr_15to20_EE": 5.165230533340946,
    "ptcorr_20to30_EB1": 21.492925102822483,
    "ptcorr_20to30_EB2": 14.39701389259426,
    "ptcorr_20to30_EE": 9.150178470066749,
    "ptcorr_30to50_EB1": 40.780554015014786,
    "ptcorr_30to50_EB2": 24.22875612269854,
    "ptcorr_30to50_EE": 15.166515005286783,
    "ptcorr_50to100_EB1": 46.081227354938164,
    "ptcorr_50to100_EB2": 26.083556309575215,
    "ptcorr_50to100_EE": 13.255540484678932
  },
  "MotherJetPt_Down": {
    "ptcorr_10to15_EB1": 21.843488582817372,
    "ptcorr_10to15_EB2": 14.39871169545222,
    "ptcorr_10to15_EE": 12.154942220833618,
    "ptcorr_15to20_EB1": 25.804077129461803,
    "ptcorr_15to20_EB2": 17.502299911458977,
    "ptcorr_15to20_EE": 12.779150659276638,
    "ptcorr_20to30_EB1": 53.771833273232915,
    "ptcorr_20to30_EB2": 33.235936313751154,
    "ptcorr_20to30_EE": 22.6855474440963,
    "ptcorr_30to50_EB1": 83.13770031294553,
    "ptcorr_30to50_EB2": 49.32015511661302,
    "ptcorr_30to50_EE": 29.45916272152681,
    "ptcorr_50to100_EB1": 69.7136160468799,
    "ptcorr_50to100_EB2": 38.731434981455095,
    "ptcorr_50to100_EE": 22.071996538434178
  },
  "RequireHeavyTag": {
    "ptcorr_10to15_EB1": 9.12464643327985,
    "ptcorr_10to15_EB2": 5.9536554547376,
    "ptcorr_10to15_EE": 5.064529811614193,
    "ptcorr_15to20_EB1": 10.5726633425802,
    "ptcorr_15to20_EB2": 7.403402393916622,
    "ptcorr_15to20_EE": 5.832331893034279,
    "ptcorr_20to30_EB1": 24.74503499333514,
    "ptcorr_20to30_EB2": 16.91019639041042,
    "ptcorr_20to30_EE": 9.794996612879913,
    "ptcorr_30to50_EB1": 43.531778771663085,
    "ptcorr_30to50_EB2": 25.87966045946814,
    "ptcorr_30to50_EE": 15.076330109557603,
    "ptcorr_50to100_EB1": 38.17306336137699,
    "ptcorr_50to100_EB2": 21.807531814207323,
    "ptcorr_50to100_EE": 12.168548523797654
  },
  "L1Prefire_Up": {
    "ptcorr_10to15_EB1": 14.471613322210032,
    "ptcorr_10to15_EB2": 9.687852368399035,
    "ptcorr_10to15_EE": 8.208568973524962,
    "ptcorr_15to20_EB1": 17.13751140597742,
    "ptcorr_15to20_EB2": 12.022567173349671,
    "ptcorr_15to20_EE": 8.916103069088422,
    "ptcorr_20to30_EB1": 39.49199830938596,
    "ptcorr_20to30_EB2": 24.530464353447314,
    "ptcorr_20to30_EE": 16.459515548602212,
    "ptcorr_30to50_EB1": 65.68070960132172,
    "ptcorr_30to50_EB2": 38.568275394209195,
    "ptcorr_30to50_EE": 22.956361967138946,
    "ptcorr_50to100_EB1": 60.30198979016859,
    "ptcorr_50to100_EB2": 34.027283303497825,
    "ptcorr_50to100_EE": 18.813639523810707
  },
  "L1Prefire_Down": {
    "ptcorr_10to15_EB1": 14.471613322210032,
    "ptcorr_10to15_EB2": 9.687852368399035,
    "ptcorr_10to15_EE": 8.208568973524962,
    "ptcorr_15to20_EB1": 17.13751140597742,
    "ptcorr_15to20_EB2": 12.022567173349671,
    "ptcorr_15to20_EE": 8.916103069088422,
    "ptcorr_20to30_EB1": 39.49199830938596,
    "ptcorr_20to30_EB2": 24.530464353447314,
    "ptcorr_20to30_EE": 16.459515548602212,
    "ptcorr_30to50_EB1": 65.68070960132172,
    "ptcorr_30to50_EB2": 38.568275394209195,
    "ptcorr_30to50_EE": 22.956361967138946,
    "ptcorr_50to100_EB1": 60.30198979016859,
    "ptcorr_50to100_EB2": 34.027283303497825,
    "ptcorr_50to100_EE": 18.813639523810707
  },
  "PileupReweight_Up": {
    "ptcorr_10to15_EB1": 14.353536079870537,
    "ptcorr_10to15_EB2": 9.66551409184467,
    "ptcorr_10to15_EE": 8.242710477672517,
    "ptcorr_15to20_EB1": 17.032316380529664,
    "ptcorr_15to20_EB2": 11.863813881762326,
    "ptcorr_15to20_EE": 8.778480037581176,
    "ptcorr_20to30_EB1": 39.350279000238515,
    "ptcorr_20to30_EB2": 24.400842287926935,
    "ptcorr_20to30_EE": 16.40393783757463,
    "ptcorr_30to50_EB1": 65.55333933164366,
    "ptcorr_30to50_EB2": 38.336306321201846,
    "ptcorr_30to50_EE": 23.089386427542195,
    "ptcorr_50to100_EB1": 60.13083455769811,
    "ptcorr_50to100_EB2": 33.62682449014392,
    "ptcorr_50to100_EE": 18.839462605537847
  },
  "PileupReweight_Down": {
    "ptcorr_10to15_EB1": 14.573679699882632,
    "ptcorr_10to15_EB2": 9.753789640948526,
    "ptcorr_10to15_EE": 8.160894538887078,
    "ptcorr_15to20_EB1": 17.17937886719301,
    "ptcorr_15to20_EB2": 12.12946618112619,
    "ptcorr_15to20_EE": 9.083911206631456,
    "ptcorr_20to30_EB1": 39.78582148802525,
    "ptcorr_20to30_EB2": 24.674565849432838,
    "ptcorr_20to30_EE": 16.51153624447761,
    "ptcorr_30to50_EB1": 65.89096728348522,
    "ptcorr_30to50_EB2": 38.80620125256246,
    "ptcorr_30to50_EE": 22.716287456743885,
    "ptcorr_50to100_EB1": 60.47843189134437,
    "ptcorr_50to100_EB2": 34.38512923584494,
    "ptcorr_50to100_EE": 18.724301670648856
  },
  "JetEn_Up": {
    "ptcorr_10to15_EB1": 14.224803572578821,
    "ptcorr_10to15_EB2": 9.316063101694454,
    "ptcorr_10to15_EE": 7.839314115641173,
    "ptcorr_15to20_EB1": 17.011187235824764,
    "ptcorr_15to20_EB2": 11.513690008898266,
    "ptcorr_15to20_EE": 8.665674284333363,
    "ptcorr_20to30_EB1": 38.553354430769105,
    "ptcorr_20to30_EB2": 23.588939306384418,
    "ptcorr_20to30_EE": 15.685520215134602,
    "ptcorr_30to50_EB1": 62.419282425020356,
    "ptcorr_30to50_EB2": 37.18820717808558,
    "ptcorr_30to50_EE": 22.576161174220033,
    "ptcorr_50to100_EB1": 56.41187990969047,
    "ptcorr_50to100_EB2": 31.922379261173774,
    "ptcorr_50to100_EE": 18.20645977696404
  },
  "JetEn_Down": {
    "ptcorr_10to15_EB1": 14.774005609098822,
    "ptcorr_10to15_EB2": 9.916576885560062,
    "ptcorr_10to15_EE": 8.589145483623724,
    "ptcorr_15to20_EB1": 17.272617980954237,
    "ptcorr_15to20_EB2": 12.267239251872525,
    "ptcorr_15to20_EE": 9.089448303449899,
    "ptcorr_20to30_EB1": 40.732576058246195,
    "ptcorr_20to30_EB2": 24.999558569514193,
    "ptcorr_20to30_EE": 16.082224362471607,
    "ptcorr_30to50_EB1": 68.11914000764955,
    "ptcorr_30to50_EB2": 39.9632065698388,
    "ptcorr_30to50_EE": 23.45665560744237,
    "ptcorr_50to100_EB1": 63.61960986093618,
    "ptcorr_50to100_EB2": 34.98868178145494,
    "ptcorr_50to100_EE": 19.163224595948122
  },
  "JetRes_Up": {
    "ptcorr_10to15_EB1": 14.40574854024453,
    "ptcorr_10to15_EB2": 9.411921693652403,
    "ptcorr_10to15_EE": 8.269478928297758,
    "ptcorr_15to20_EB1": 17.155977475165855,
    "ptcorr_15to20_EB2": 11.946641032234766,
    "ptcorr_15to20_EE": 8.99315311666578,
    "ptcorr_20to30_EB1": 39.45484793098876,
    "ptcorr_20to30_EB2": 24.417358260136098,
    "ptcorr_20to30_EE": 16.32068207935663,
    "ptcorr_30to50_EB1": 65.06491645803908,
    "ptcorr_30to50_EB2": 37.96406196244061,
    "ptcorr_30to50_EE": 23.27139386185445,
    "ptcorr_50to100_EB1": 60.08184081729269,
    "ptcorr_50to100_EB2": 33.89116752712289,
    "ptcorr_50to100_EE": 18.353184054023586
  },
  "JetRes_Down": {
    "ptcorr_10to15_EB1": 14.230622959905304,
    "ptcorr_10to15_EB2": 9.702699605491944,
    "ptcorr_10to15_EE": 8.432843232934829,
    "ptcorr_15to20_EB1": 17.313103527296335,
    "ptcorr_15to20_EB2": 11.852980092749931,
    "ptcorr_15to20_EE": 8.762625818082597,
    "ptcorr_20to30_EB1": 39.57306676002918,
    "ptcorr_20to30_EB2": 24.568242551584262,
    "ptcorr_20to30_EE": 16.303438301489223,