{
  "Central": {
    "ptcorr_10to15_EB1": 10.976994698692579,
    "ptcorr_10to15_EB2": 6.703812196908984,
    "ptcorr_10to15_EE": 6.186943706357852,
    "ptcorr_15to20_EB1": 13.935985343763605,
    "ptcorr_15to20_EB2": 8.737081649887841,
    "ptcorr_15to20_EE": 6.592334235319868,
    "ptcorr_20to30_EB1": 32.70294112502597,
    "ptcorr_20to30_EB2": 19.31289423268754,
    "ptcorr_20to30_EE": 12.432874301739503,
    "ptcorr_30to50_EB1": 61.5510776314768,
    "ptcorr_30to50_EB2": 33.78112657921156,
    "ptcorr_30to50_EE": 22.181541232625023,
    "ptcorr_50to100_EB1": 57.69784161372809,
    "ptcorr_50to100_EB2": 31.269127735868096,
    "ptcorr_50to100_EE": 17.561575126834214
  },
  "MotherJetPt_Up": {
    "ptcorr_10to15_EB1": 6.061966700071935,
    "ptcorr_10to15_EB2": 3.7062262219842523,
    "ptcorr_10to15_EE": 3.5560849986504763,
    "ptcorr_15to20_EB1": 7.648922822787426,
    "ptcorr_15to20_EB2": 5.092634677595925,
    "ptcorr_15to20_EE": 3.801772236940451,
    "ptcorr_20to30_EB1": 18.436199239222333,
    "ptcorr_20to30_EB2": 10.351656259212177,
    "ptcorr_20to30_EE": 7.160110796627123,
    "ptcorr_30to50_EB1": 37.975137573783286,
    "ptcorr_30to50_EB2": 20.831420811999124,
    "ptcorr_30to50_EE": 13.820032117131632,
    "ptcorr_50to100_EB1": 43.61672184953932,
    "ptcorr_50to100_EB2": 23.18095449084649,
    "ptcorr_50to100_EE": 13.076212361163925
  },
  "MotherJetPt_Down": {
    "ptcorr_10to15_EB1": 16.787420005595777,
    "ptcorr_10to15_EB2": 10.76506185287144,
    "ptcorr_10to15_EE": 9.33719555917196,
    "ptcorr_15to20_EB1": 20.50708510761615,
    "ptcorr_15to20_EB2": 13.052511011890601,
    "ptcorr_15to20_EE": 10.152422605489846,
    "ptcorr_20to30_EB1": 45.68632916902425,
    "ptcorr_20to30_EB2": 26.804177731333766,
    "ptcorr_20to30_EE": 17.985288969415706,
    "ptcorr_30to50_EB1": 77.03431313851615,
    "ptcorr_30to50_EB2": 42.99825096176937,
    "ptcorr_30to50_EE": 28.00462421029806,
    "ptcorr_50to100_EB1": 65.8784016254358,
    "ptcorr_50to100_EB2": 36.23443037143443,
    "ptcorr_50to100_EE": 20.689008268993348
  },
  "RequireHeavyTag": {
    "ptcorr_10to15_EB1": 6.780284816515632,
    "ptcorr_10to15_EB2": 4.417836143169552,
    "ptcorr_10to15_EE": 4.055423807585612,
    "ptcorr_15to20_EB1": 8.868606958189048,
    "ptcorr_15to20_EB2": 5.85991163412109,
    "ptcorr_15to20_EE": 3.9766650155652314,
    "ptcorr_20to30_EB1": 21.37579911010107,
    "ptcorr_20to30_EB2": 12.45569707400864,
    "ptcorr_20to30_EE": 8.448008009348996,
    "ptcorr_30to50_EB1": 40.97038663941203,
    "ptcorr_30to50_EB2": 22.175066806492396,
    "ptcorr_30to50_EE": 14.31241568090627,
    "ptcorr_50to100_EB1": 37.343729781510774,
    "ptcorr_50to100_EB2": 19.91913907433627,
    "ptcorr_50to100_EE": 11.486579946475103
  },
  "L1Prefire_Up": {
    "ptcorr_10to15_EB1": 10.976994698692579,
    "ptcorr_10to15_EB2": 6.703812196908984,
    "ptcorr_10to15_EE": 6.186943706357852,
    "ptcorr_15to20_EB1": 13.935985343763605,
    "ptcorr_15to20_EB2": 8.737081649887841,
    "ptcorr_15to20_EE": 6.592334235319868,
    "ptcorr_20to30_EB1": 32.70294112502597,
    "ptcorr_20to30_EB2": 19.31289423268754,
    "ptcorr_20to30_EE": 12.432874301739503,
    "ptcorr_30to50_EB1": 61.5510776314768,
    "ptcorr_30to50_EB2": 33.78112657921156,
    "ptcorr_30to50_EE": 22.181541232625023,
    "ptcorr_50to100_EB1": 57.69784161372809,
    "ptcorr_50to100_EB2": 31.269127735868096,
    "ptcorr_50to100_EE": 17.561575126834214
  },
  "L1Prefire_Down": {
    "ptcorr_10to15_EB1": 10.976994698692579,
    "ptcorr_10to15_EB2": 6.703812196908984,
    "ptcorr_10to15_EE": 6.186943706357852,
    "ptcorr_15to20_EB1": 13.935985343763605,
    "ptcorr_15to20_EB2": 8.737081649887841,
    "ptcorr_15to20_EE": 6.592334235319868,
    "ptcorr_20to30_EB1": 32.70294112502597,
    "ptcorr_20to30_EB2": 19.31289423268754,
    "ptcorr_20to30_EE": 12.432874301739503,
    "ptcorr_30to50_EB1": 61.5510776314768,
    "ptcorr_30to50_EB2": 33.78112657921156,
    "ptcorr_30to50_EE": 22.181541232625023,
    "ptcorr_50to100_EB1": 57.69784161372809,
    "ptcorr_50to100_EB2": 31.269127735868096,
    "ptcorr_50to100_EE": 17.561575126834214
  },
  "PileupReweight_Up": {
    "ptcorr_10to15_EB1": 10.93111311038956,
    "ptcorr_10to15_EB2": 6.704602655256167,
    "ptcorr_10to15_EE": 6.1686882835347205,
    "ptcorr_15to20_EB1": 13.908980574458838,
    "ptcorr_15to20_EB2": 8.606066819746047,
    "ptcorr_15to20_EE": 6.45194729603827,
    "ptcorr_20to30_EB1": 32.64778869156726,
    "ptcorr_20to30_EB2": 19.200623359298334,
    "ptcorr_20to30_EE": 12.357638528803363,
    "ptcorr_30to50_EB1": 61.29422251973301,
    "ptcorr_30to50_EB2": 33.72430753009394,
    "ptcorr_30to50_EE": 21.98850530688651,
    "ptcorr_50to100_EB1": 57.586775911506265,
    "ptcorr_50to100_EB2": 30.958871460985392,
    "ptcorr_50to100_EE": 17.379161639604717
  },
  "PileupReweight_Down": {
    "ptcorr_10to15_EB1": 10.936697905068286,
    "ptcorr_10to15_EB2": 6.724208502098918,
    "ptcorr_10to15_EE": 6.191633141628699,
    "ptcorr_15to20_EB1": 13.873616337630665,
    "ptcorr_15to20_EB2": 8.86652619834058,
    "ptcorr_15to20_EE": 6.7046432341012405,
    "ptcorr_20to30_EB1": 32.72869045154948,
    "ptcorr_20to30_EB2": 19.4952543124964,
    "ptcorr_20to30_EE": 12.517358820419759,
    "ptcorr_30to50_EB1": 61.83985604575719,
    "ptcorr_30to50_EB2": 33.795000958954915,
    "ptcorr_30to50_EE": 22.457671118027065,
    "ptcorr_50to100_EB1": 57.84805109023,
    "ptcorr_50to100_EB2": 31.620836828355095,
    "ptcorr_50to100_EE": 17.76072420013952
  },
  "JetEn_Up": {
    "ptcorr_10to15_EB1": 10.81778344255872,
    "ptcorr_10to15_EB2": 6.3730275624548085,
    "ptcorr_10to15_EE": 6.198958317399956,
    "ptcorr_15to20_EB1": 13.750321642728522,
    "ptcorr_15to20_EB2": 8.646917866950389,
    "ptcorr_15to20_EE": 6.370108124800026,
    "ptcorr_20to30_EB1": 31.374900059774518,
    "ptcorr_20to30_EB2": 18.440378321509343,
    "ptcorr_20to30_EE": 12.122546198486816,
    "ptcorr_30to50_EB1": 59.03693870198913,
    "ptcorr_30to50_EB2": 31.90089607104892,
    "ptcorr_30to50_EE": 21.22322229325073,
    "ptcorr_50to100_EB1": 54.86019671126269,
    "ptcorr_50to100_EB2": 30.04297773214057,
    "ptcorr_50to100_EE": 17.042857146880124
  },
  "JetEn_Down": {
    "ptcorr_10to15_EB1": 11.276761467102915,
    "ptcorr_10to15_EB2": 6.681078940455336,
    "ptcorr_10to15_EE": 6.6093717677285895,
    "ptcorr_15to20_EB1": 14.314980402297806,
    "ptcorr_15to20_EB2": 8.84044239576906,
    "ptcorr_15to20_EE": 6.423039962071925,
    "ptcorr_20to30_EB1": 33.151532368327025,
    "ptcorr_20to30_EB2": 19.646389683999587,
    "ptcorr_20to30_EE": 12.979461552924477,
    "ptcorr_30to50_EB1": 63.839866476366296,
    "ptcorr_30to50_EB2": 35.12219399260357,
    "ptcorr_30to50_EE": 22.881598757754546,
    "ptcorr_50to100_EB1": 61.203837160079274,
    "ptcorr_50to100_EB2": 32.18197210499784,
    "ptcorr_50to100_EE": 17.660861531854607
  },
  "JetRes_Up": {
    "ptcorr_10to15_EB1": 10.932528491248377,
    "ptcorr_10to15_EB2": 6.759174573875498,
    "ptcorr_10to15_EE": 6.339188804267906,
    "ptcorr_15to20_EB1": 13.81709331984166,
    "ptcorr_15to20_EB2": 8.698733780242037,
    "ptcorr_15to20_EE": 6.252653220668435,
    "ptcorr_20to30_EB1": 32.35659563745139,
    "ptcorr_20to30_EB2": 19.443446153367404,
    "ptcorr_20to30_EE": 12.488113302795682,
    "ptcorr_30to50_EB1": 60.67794407153269,
    "ptcorr_30to50_EB2": 33.44047157553723,
    "ptcorr_30to50_EE": 21.7103895599721,
    "ptcorr_50to100_EB1": 57.99403570854338,
    "ptcorr_50to100_EB2": 31.137360107328277,
    "ptcorr_50to100_EE": 17.928149042709265
  },
  "JetRes_Down": {
    "ptcorr_10to15_EB1": 11.069179991143756,
    "ptcorr_10to15_EB2": 6.59802097408101,
    "ptcorr_10to15_EE": 6.1696584590827115,
    "ptcorr_15to20_EB1": 13.955713105679024,
    "ptcorr_15to20_EB2": 8.771783148346003,
    "ptcorr_15to20_EE": 6.4625144470483065,
    "ptcorr_20to30_EB1": 32.52444696536986,
    "ptcorr_20to30_EB2": 19.387802100682165,
    "ptcorr_20to30_EE": 12.928150846797507,