{
  "Central": {
    "ptcorr_10to15_EB1": 165.97784588299692,
    "ptcorr_10to15_EB2": 119.29289804585278,
    "ptcorr_10to15_EE": 95.62993256747723,
    "ptcorr_15to20_EB1": 173.4652354363352,
    "ptcorr_15to20_EB2": 102.6206401064992,
    "ptcorr_15to20_EE": 72.83634075894952,
    "ptcorr_20to30_EB1": 343.59850597567856,
    "ptcorr_20to30_EB2": 187.825888261199,
    "ptcorr_20to30_EE": 151.9017130471766,
    "ptcorr_30to50_EB1": 732.4555421676487,
    "ptcorr_30to50_EB2": 379.4476571455598,
    "ptcorr_30to50_EE": 228.68193851411343,
    "ptcorr_50to100_EB1": 607.2979538384825,
    "ptcorr_50to100_EB2": 340.5057448223233,
    "ptcorr_50to100_EE": 192.19268417358398
  },
  "MotherJetPt_Up": {
    "ptcorr_10to15_EB1": 102.61863446608186,
    "ptcorr_10to15_EB2": 75.41050860844553,
    "ptcorr_10to15_EE": 62.02684149518609,
    "ptcorr_15to20_EB1": 108.6721724588424,
    "ptcorr_15to20_EB2": 63.84438369423151,
    "ptcorr_15to20_EE": 49.84582328796387,
    "ptcorr_20to30_EB1": 220.1561895441264,
    "ptcorr_20to30_EB2": 128.03977999463677,
    "ptcorr_20to30_EE": 92.43601996824145,
    "ptcorr_30to50_EB1": 453.7983547896147,
    "ptcorr_30to50_EB2": 259.58035903051496,
    "ptcorr_30to50_EE": 154.64399589970708,
    "ptcorr_50to100_EB1": 439.00031899288297,
    "ptcorr_50to100_EB2": 223.99472810141742,
    "ptcorr_50to100_EE": 127.9398288950324
  },
  "MotherJetPt_Down": {
    "ptcorr_10to15_EB1": 206.55330612510443,
    "ptcorr_10to15_EB2": 148.43308557383716,
    "ptcorr_10to15_EE": 116.64544200524688,
    "ptcorr_15to20_EB1": 231.02615857310593,
    "ptcorr_15to20_EB2": 133.75652725435793,
    "ptcorr_15to20_EE": 94.18906939402223,
    "ptcorr_20to30_EB1": 458.0366234257817,
    "ptcorr_20to30_EB2": 258.29123491048813,
    "ptcorr_20to30_EE": 201.35181129351258,
    "ptcorr_30to50_EB1": 869.2170158606023,
    "ptcorr_30to50_EB2": 465.27190953306854,
    "ptcorr_30to50_EE": 290.6763094738126,
    "ptcorr_50to100_EB1": 715.4776039719582,
    "ptcorr_50to100_EB2": 400.34770519286394,
    "ptcorr_50to100_EE": 234.82297626882792
  },
  "RequireHeavyTag": {
    "ptcorr_10to15_EB1": 98.26051792502403,
    "ptcorr_10to15_EB2": 76.29406505264342,
    "ptcorr_10to15_EE": 58.50651505962014,
    "ptcorr_15to20_EB1": 104.70061786659062,
    "ptcorr_15to20_EB2": 65.2284884788096,
    "ptcorr_15to20_EE": 49.43767300248146,
    "ptcorr_20to30_EB1": 227.1808948945254,
    "ptcorr_20to30_EB2": 134.81615415215492,
    "ptcorr_20to30_EE": 103.72478903457522,
    "ptcorr_30to50_EB1": 519.3789204619825,
    "ptcorr_30to50_EB2": 266.45174837112427,
    "ptcorr_30to50_EE": 150.9419325478375,
    "ptcorr_50to100_EB1": 442.93706652894616,
    "ptcorr_50to100_EB2": 226.97710941545665,
    "ptcorr_50to100_EE": 123.15378546342254
  },
  "L1Prefire_Up": {
    "ptcorr_10to15_EB1": 165.97784588299692,
    "ptcorr_10to15_EB2": 119.29289804585278,
    "ptcorr_10to15_EE": 95.62993256747723,
    "ptcorr_15to20_EB1": 173.4652354363352,
    "ptcorr_15to20_EB2": 102.6206401064992,
    "ptcorr_15to20_EE": 72.83634075894952,
    "ptcorr_20to30_EB1": 343.59850597567856,
    "ptcorr_20to30_EB2": 187.825888261199,
    "ptcorr_20to30_EE": 151.9017130471766,
    "ptcorr_30to50_EB1": 732.4555421676487,
    "ptcorr_30to50_EB2": 379.4476571455598,
    "ptcorr_30to50_EE": 228.68193851411343,
    "ptcorr_50to100_EB1": 607.2979538384825,
    "ptcorr_50to100_EB2": 340.5057448223233,
    "ptcorr_50to100_EE": 192.19268417358398
  },
  "L1Prefire_Down": {
    "ptcorr_10to15_EB1": 165.97784588299692,
    "ptcorr_10to15_EB2": 119.29289804585278,
    "ptcorr_10to15_EE": 95.62993256747723,
    "ptcorr_15to20_EB1": 173.4652354363352,
    "ptcorr_15to20_EB2": 102.6206401064992,
    "ptcorr_15to20_EE": 72.83634075894952,
    "ptcorr_20to30_EB1": 343.59850597567856,
    "ptcorr_20to30_EB2": 187.825888261199,
    "ptcorr_20to30_EE": 151.9017130471766,
    "ptcorr_30to50_EB1": 732.4555421676487,
    "ptcorr_30to50_EB2": 379.4476571455598,
    "ptcorr_30to50_EE": 228.68193851411343,
    "ptcorr_50to100_EB1": 607.2979538384825,
    "ptcorr_50to100_EB2": 340.5057448223233,
    "ptcorr_50to100_EE": 192.19268417358398
  },
  "PileupReweight_Up": {
    "ptcorr_10to15_EB1": 165.02415819466114,
    "ptcorr_10to15_EB2": 113.76363018155098,
    "ptcorr_10to15_EE": 94.63001817464828,
    "ptcorr_15to20_EB1": 172.72558031231165,
    "ptcorr_15to20_EB2": 98.31860027462244,
    "ptcorr_15to20_EE": 69.7851324826479,
    "ptcorr_20to30_EB1": 345.68769509345293,
    "ptcorr_20to30_EB2": 183.75310998409986,
    "ptcorr_20to30_EE": 152.3776861652732,
    "ptcorr_30to50_EB1": 725.955913476646,
    "ptcorr_30to50_EB2": 379.2168544307351,
    "ptcorr_30to50_EE": 228.9121829122305,
    "ptcorr_50to100_EB1": 602.0432281047106,
    "ptcorr_50to100_EB2": 337.44575414061546,
    "ptcorr_50to100_EE": 192.82792023569345
  },
  "PileupReweight_Down": {
    "ptcorr_10to15_EB1": 166.38845092710108,
    "ptcorr_10to15_EB2": 125.75273864902556,
    "ptcorr_10to15_EE": 96.6139058386907,
    "ptcorr_15to20_EB1": 174.24373314715922,
    "ptcorr_15to20_EB2": 107.18450391571969,
    "ptcorr_15to20_EE": 76.095314161852,
    "ptcorr_20to30_EB1": 342.25975318904966,
    "ptcorr_20to30_EB2": 190.92283459287137,
    "ptcorr_20to30_EE": 150.4914601361379,
    "ptcorr_30to50_EB1": 738.9927778793499,
    "ptcorr_30to50_EB2": 380.6977506550029,
    "ptcorr_30to50_EE": 230.19039040617645,
    "ptcorr_50to100_EB1": 612.0882317232899,
    "ptcorr_50to100_EB2": 344.2990974080749,
    "ptcorr_50to100_EE": 188.55080696567893
  },
  "JetEn_Up": {
    "ptcorr_10to15_EB1": 163.91896398365498,
    "ptcorr_10to15_EB2": 109.9452690873295,
    "ptcorr_10to15_EE": 95.96148600429296,
    "ptcorr_15to20_EB1": 158.6628298740834,
    "ptcorr_15to20_EB2": 93.21632528305054,
    "ptcorr_15to20_EE": 73.21765273809433,
    "ptcorr_20to30_EB1": 338.11465826816857,
    "ptcorr_20to30_EB2": 179.97132998891175,
    "ptcorr_20to30_EE": 136.39595340564847,
    "ptcorr_30to50_EB1": 690.0125109497458,
    "ptcorr_30to50_EB2": 359.794680185616,
    "ptcorr_30to50_EE": 216.76396674662828,
    "ptcorr_50to100_EB1": 583.8283605873585,
    "ptcorr_50to100_EB2": 330.35276229307055,
    "ptcorr_50to100_EE": 183.79787980765104
  },
  "JetEn_Down": {
    "ptcorr_10to15_EB1": 172.77568868920207,
    "ptcorr_10to15_EB2": 122.83274891227484,
    "ptcorr_10to15_EE": 91.99074611626565,
    "ptcorr_15to20_EB1": 163.18960906751454,
    "ptcorr_15to20_EB2": 113.65793908573687,
    "ptcorr_15to20_EE": 77.17637263052166,
    "ptcorr_20to30_EB1": 381.18060124479234,
    "ptcorr_20to30_EB2": 206.8666189275682,
    "ptcorr_20to30_EE": 167.45932221785188,
    "ptcorr_30to50_EB1": 756.2517100274563,
    "ptcorr_30to50_EB2": 402.84407864138484,
    "ptcorr_30to50_EE": 248.56949265673757,
    "ptcorr_50to100_EB1": 626.2382061257958,
    "ptcorr_50to100_EB2": 332.10093414224684,
    "ptcorr_50to100_EE": 187.5028774254024
  },
  "JetRes_Up": {
    "ptcorr_10to15_EB1": 158.42379005812109,
    "ptcorr_10to15_EB2": 118.71363759599626,
    "ptcorr_10to15_EE": 96.61609058082104,
    "ptcorr_15to20_EB1": 170.97450420632958,
    "ptcorr_15to20_EB2": 108.63876109942794,
    "ptcorr_15to20_EE": 70.39006353914738,
    "ptcorr_20to30_EB1": 347.5370133072138,
    "ptcorr_20to30_EB2": 186.978029306978,
    "ptcorr_20to30_EE": 142.8167266175151,
    "ptcorr_30to50_EB1": 719.6308213286102,
    "ptcorr_30to50_EB2": 386.1208848953247,
    "ptcorr_30to50_EE": 224.1183269917965,
    "ptcorr_50to100_EB1": 610.1575976219028,
    "ptcorr_50to100_EB2": 338.91081529669464,
    "ptcorr_50to100_EE": 188.35222939029336
  },
  "JetRes_Down": {
    "ptcorr_10to15_EB1": 168.57124778442085,
    "ptcorr_10to15_EB2": 117.818753099069,
    "ptcorr_10to15_EE": 95.76907305791974,
    "ptcorr_15to20_EB1": 165.22600993141532,
    "ptcorr_15to20_EB2": 110.34922443330288,
    "ptcorr_15to20_EE": 75.98401033692062,
    "ptcorr_20to30_EB1": 341.5231682099402,
    "ptcorr_20to30_EB2": 199.797622743994,
    "ptcorr_20to30_EE": 156.91559224575758,