{
  "Central": {
    "ptcorr_10to15_EB1": 9.989304331305902,
    "ptcorr_10to15_EB2": 7.032719680806622,
    "ptcorr_10to15_EE": 5.725256249657832,
    "ptcorr_15to20_EB1": 13.522300440992694,
    "ptcorr_15to20_EB2": 9.608822241309099,
    "ptcorr_15to20_EE": 6.749204125138931,
    "ptcorr_20to30_EB1": 34.32897502894048,
    "ptcorr_20to30_EB2": 20.701054495642893,
    "ptcorr_20to30_EE": 13.619650944543537,
    "ptcorr_30to50_EB1": 60.14542644581525,
    "ptcorr_30to50_EB2": 33.95379348093411,
    "ptcorr_30to50_EE": 20.417318487074226,
    "ptcorr_50to100_EB1": 57.084990734176245,
    "ptcorr_50to100_EB2": 32.06358793977415,
    "ptcorr_50to100_EE": 17.519004284054972
  },
  "MotherJetPt_Up": {
    "ptcorr_10to15_EB1": 5.859667757933494,
    "ptcorr_10to15_EB2": 3.8153098285547458,
    "ptcorr_10to15_EE": 3.1800926791038364,
    "ptcorr_15to20_EB1": 7.144963251426816,
    "ptcorr_15to20_EB2": 5.475040332181379,
    "ptcorr_15to20_EE": 3.920543879037723,
    "ptcorr_20to30_EB1": 18.812863993574865,
    "ptcorr_20to30_EB2": 12.264029863348696,
    "ptcorr_20to30_EE": 7.639223900390789,
    "ptcorr_30to50_EB1": 37.142498025961686,
    "ptcorr_30to50_EB2": 21.034021359926555,
    "ptcorr_30to50_EE": 13.424016896518879,
    "ptcorr_50to100_EB1": 43.56445426668506,
    "ptcorr_50to100_EB2": 24.575834710733034,
    "ptcorr_50to100_EE": 12.167535156360827
  },
  "MotherJetPt_Down": {
    "ptcorr_10to15_EB1": 15.679116481274832,
    "ptcorr_10to15_EB2": 10.444678162515629,
    "ptcorr_10to15_EE": 8.700890518841334,
    "ptcorr_15to20_EB1": 20.57871487463126,
    "ptcorr_15to20_EB2": 13.903385210549459,
    "ptcorr_15to20_EE": 9.551853918412235,
    "ptcorr_20to30_EB1": 46.658228430431336,
    "ptcorr_20to30_EB2": 27.944560111907776,
    "ptcorr_20to30_EE": 18.970747636107262,
    "ptcorr_30to50_EB1": 76.04160399275133,
    "ptcorr_30to50_EB2": 43.65660098823719,
    "ptcorr_30to50_EE": 26.227177404682152,
    "ptcorr_50to100_EB1": 66.04132305301027,
    "ptcorr_50to100_EB2": 36.48609050374944,
    "ptcorr_50to100_EE": 20.449810261488892
  },
  "RequireHeavyTag": {
    "ptcorr_10to15_EB1": 6.266422885470092,
    "ptcorr_10to15_EB2": 4.416041989054065,
    "ptcorr_10to15_EE": 3.5784362454432994,
    "ptcorr_15to20_EB1": 8.403150317433756,
    "ptcorr_15to20_EB2": 5.923155420343392,
    "ptcorr_15to20_EE": 4.479045855696313,
    "ptcorr_20to30_EB1": 21.672853461757768,
    "ptcorr_20to30_EB2": 14.11672667885432,
    "ptcorr_20to30_EE": 8.346578519034665,
    "ptcorr_30to50_EB1": 40.261153110768646,
    "ptcorr_30to50_EB2": 22.81194963073358,
    "ptcorr_30to50_EE": 13.526965104683768,
    "ptcorr_50to100_EB1": 36.14982537430478,
    "ptcorr_50to100_EB2": 20.618882377282716,
    "ptcorr_50to100_EE": 11.256112334085628
  },
  "L1Prefire_Up": {
    "ptcorr_10to15_EB1": 9.989304331305902,
    "ptcorr_10to15_EB2": 7.032719680806622,
    "ptcorr_10to15_EE": 5.725256249657832,
    "ptcorr_15to20_EB1": 13.522300440992694,
    "ptcorr_15to20_EB2": 9.608822241309099,
    "ptcorr_15to20_EE": 6.749204125138931,
    "ptcorr_20to30_EB1": 34.32897502894048,
    "ptcorr_20to30_EB2": 20.701054495642893,
    "ptcorr_20to30_EE": 13.619650944543537,
    "ptcorr_30to50_EB1": 60.14542644581525,
    "ptcorr_30to50_EB2": 33.95379348093411,
    "ptcorr_30to50_EE": 20.417318487074226,
    "ptcorr_50to100_EB1": 57.084990734176245,
    "ptcorr_50to100_EB2": 32.06358793977415,
    "ptcorr_50to100_EE": 17.519004284054972
  },
  "L1Prefire_Down": {
    "ptcorr_10to15_EB1": 9.989304331305902,
    "ptcorr_10to15_EB2": 7.032719680806622,
    "ptcorr_10to15_EE": 5.725256249657832,
    "ptcorr_15to20_EB1": 13.522300440992694,
    "ptcorr_15to20_EB2": 9.608822241309099,
    "ptcorr_15to20_EE": 6.749204125138931,
    "ptcorr_20to30_EB1": 34.32897502894048,
    "ptcorr_20to30_EB2": 20.701054495642893,
    "ptcorr_20to30_EE": 13.619650944543537,
    "ptcorr_30to50_EB1": 60.14542644581525,
    "ptcorr_30to50_EB2": 33.95379348093411,
    "ptcorr_30to50_EE": 20.417318487074226,
    "ptcorr_50to100_EB1": 57.084990734176245,
    "ptcorr_50to100_EB2": 32.06358793977415,
    "ptcorr_50to100_EE": 17.519004284054972
  },
  "PileupReweight_Up": {
    "ptcorr_10to15_EB1": 9.94143729051575,
    "ptcorr_10to15_EB2": 6.963652919861488,
    "ptcorr_10to15_EE": 5.716233192943037,
    "ptcorr_15to20_EB1": 13.384969113976695,
    "ptcorr_15to20_EB2": 9.440704208100215,
    "ptcorr_15to20_EE": 6.622986653121188,
    "ptcorr_20to30_EB1": 34.10518541757483,
    "ptcorr_20to30_EB2": 20.503937578760087,
    "ptcorr_20to30_EE": 13.48404540377669,
    "ptcorr_30to50_EB1": 59.86819426040165,
    "ptcorr_30to50_EB2": 33.777072608005255,
    "ptcorr_30to50_EE": 20.409575134748593,
    "ptcorr_50to100_EB1": 56.8133971899515,
    "ptcorr_50to100_EB2": 31.581427550758235,
    "ptcorr_50to100_EE": 17.50580283999443
  },
  "PileupReweight_Down": {
    "ptcorr_10to15_EB1": 10.003083794843405,
    "ptcorr_10to15_EB2": 7.1457447673456045,
    "ptcorr_10to15_EE": 5.735528776596766,
    "ptcorr_15to20_EB1": 13.618104500041227,
    "ptcorr_15to20_EB2": 9.730351696751313,
    "ptcorr_15to20_EE": 6.907458968547871,
    "ptcorr_20to30_EB1": 34.73025819078612,
    "ptcorr_20to30_EB2": 20.875819438515464,
    "ptcorr_20to30_EE": 13.718351364979753,
    "ptcorr_30to50_EB1": 60.49072060032631,
    "ptcorr_30to50_EB2": 34.12275138887344,
    "ptcorr_30to50_EE": 20.31456519587664,
    "ptcorr_50to100_EB1": 57.35939161585702,
    "ptcorr_50to100_EB2": 32.520741842876305,
    "ptcorr_50to100_EE": 17.471380167349707
  },
  "JetEn_Up": {
    "ptcorr_10to15_EB1": 9.852234035672154,
    "ptcorr_10to15_EB2": 6.717713719117455,
    "ptcorr_10to15_EE": 5.711102344328538,
    "ptcorr_15to20_EB1": 13.584730161877815,
    "ptcorr_15to20_EB2": 9.346547097200528,
    "ptcorr_15to20_EE": 6.571500624995679,
    "ptcorr_20to30_EB1": 33.463676573417615,
    "ptcorr_20to30_EB2": 19.8085744837299,
    "ptcorr_20to30_EE": 12.924618256220128,
    "ptcorr_30to50_EB1": 57.29201914515579,
    "ptcorr_30to50_EB2": 32.70142412703717,
    "ptcorr_30to50_EE": 19.821465139393695,
    "ptcorr_50to100_EB1": 53.35653636744246,
    "ptcorr_50to100_EB2": 30.15565356699517,
    "ptcorr_50to100_EE": 16.861456817481667
  },
  "JetEn_Down": {
    "ptcorr_10to15_EB1": 10.272269498789683,
    "ptcorr_10to15_EB2": 7.234061077237129,
    "ptcorr_10to15_EE": 5.944986890652217,
    "ptcorr_15to20_EB1": 13.596181732893456,
    "ptcorr_15to20_EB2": 9.651947823469527,
    "ptcorr_15to20_EE": 6.851643726229668,
    "ptcorr_20to30_EB1": 35.616469448432326,
    "ptcorr_20to30_EB2": 20.79669398389524,
    "ptcorr_20to30_EE": 13.141217832046095,
    "ptcorr_30to50_EB1": 62.58683691069018,
    "ptcorr_30to50_EB2": 35.46695935196476,
    "ptcorr_30to50_EE": 20.778064247744624,
    "ptcorr_50to100_EB1": 60.303126439393964,
    "ptcorr_50to100_EB2": 32.91967225202825,
    "ptcorr_50to100_EE": 17.896382318460383
  },
  "JetRes_Up": {
    "ptcorr_10to15_EB1": 10.090655380918179,
    "ptcorr_10to15_EB2": 6.843407981097698,
    "ptcorr_10to15_EE": 5.73730764479842,
    "ptcorr_15to20_EB1": 13.618379844469018,
    "ptcorr_15to20_EB2": 9.599884327617474,
    "ptcorr_15to20_EE": 6.835570938652381,
    "ptcorr_20to30_EB1": 34.3393860712531,
    "ptcorr_20to30_EB2": 20.560125341580715,
    "ptcorr_20to30_EE": 13.46280723909149,
    "ptcorr_30to50_EB1": 59.65028752567014,
    "ptcorr_30to50_EB2": 33.31213623052463,
    "ptcorr_30to50_EE": 20.520620668539777,
    "ptcorr_50to100_EB1": 56.908303453121334,
    "ptcorr_50to100_EB2": 31.99830467981519,
    "ptcorr_50to100_EE": 17.186989898327738
  },
  "JetRes_Down": {
    "ptcorr_10to15_EB1": 9.80391716316808,
    "ptcorr_10to15_EB2": 6.924172988976352,
    "ptcorr_10to15_EE": 5.977815639926121,
    "ptcorr_15to20_EB1": 13.720544402080122,
    "ptcorr_15to20_EB2": 9.591210536658764,
    "ptcorr_15to20_EE": 6.712778314715251,
    "ptcorr_20to30_EB1": 34.647919309092686,
    "ptcorr_20to30_EB2": 20.511997157125734,
    "ptcorr_20to30_EE": 13.472754946735222,