{
  "Central": {
    "ptcorr_10to15_EB1": 32422.284901469946,
    "ptcorr_10to15_EB2": 22192.27431899309,
    "ptcorr_10to15_EE": 18912.658256351948,
    "ptcorr_15to20_EB1": 36446.01032009721,
    "ptcorr_15to20_EB2": 24927.73969298601,
    "ptcorr_15to20_EE": 23130.14353302121,
    "ptcorr_20to30_EB1": 84120.7509367764,
    "ptcorr_20to30_EB2": 59426.28169244528,
    "ptcorr_20to30_EE": 54824.13485378027,
    "ptcorr_30to50_EB1": 158080.15859162807,
    "ptcorr_30to50_EB2": 107588.98548847437,
    "ptcorr_30to50_EE": 100874.63396325707,
    "ptcorr_50to100_EB1": 150870.82514891028,
    "ptcorr_50to100_EB2": 103412.89326924086,
    "ptcorr_50to100_EE": 90643.2454816699
  },
  "MotherJetPt_Up": {
    "ptcorr_10to15_EB1": 9604.025955885649,
    "ptcorr_10to15_EB2": 6243.290352165699,
    "ptcorr_10to15_EE": 4580.886030644178,
    "ptcorr_15to20_EB1": 8868.20384261012,
    "ptcorr_15to20_EB2": 6319.550620049238,
    "ptcorr_15to20_EE": 6540.04000377655,
    "ptcorr_20to30_EB1": 21740.064679294825,
    "ptcorr_20to30_EB2": 15165.434194028378,
    "ptcorr_20to30_EE": 13449.485329180956,
    "ptcorr_30to50_EB1": 49187.00422102213,
    "ptcorr_30to50_EB2": 36119.16958281398,
    "ptcorr_30to50_EE": 36341.38237467408,
    "ptcorr_50to100_EB1": 96285.34071087837,
    "ptcorr_50to100_EB2": 62956.315478116274,
    "ptcorr_50to100_EE": 54611.094391047955
  },
  "MotherJetPt_Down": {
    "ptcorr_10to15_EB1": 187336.22594824433,
    "ptcorr_10to15_EB2": 127382.13196766376,
    "ptcorr_10to15_EE": 117173.73237904906,
    "ptcorr_15to20_EB1": 200407.60763591528,
    "ptcorr_15to20_EB2": 134079.30179664493,
    "ptcorr_15to20_EE": 125519.76451483369,
    "ptcorr_20to30_EB1": 334899.52797430754,
    "ptcorr_20to30_EB2": 235747.1717069745,
    "ptcorr_20to30_EE": 215911.9820356071,
    "ptcorr_30to50_EB1": 386003.90318626165,
    "ptcorr_30to50_EB2": 268404.5293856859,
    "ptcorr_30to50_EE": 262884.6464410722,
    "ptcorr_50to100_EB1": 201482.69753029943,
    "ptcorr_50to100_EB2": 140612.6808604598,
    "ptcorr_50to100_EE": 124530.67485451698
  },
  "RequireHeavyTag": {
    "ptcorr_10to15_EB1": 1179.745690703392,
    "ptcorr_10to15_EB2": 1061.9510469436646,
    "ptcorr_10to15_EE": 638.7668488919735,
    "ptcorr_15to20_EB1": 1394.1610430181026,
    "ptcorr_15to20_EB2": 942.1492305397987,
    "ptcorr_15to20_EE": 1240.916454076767,
    "ptcorr_20to30_EB1": 3188.2652349472046,
    "ptcorr_20to30_EB2": 2663.054583877325,
    "ptcorr_20to30_EE": 2328.5075119137764,
    "ptcorr_30to50_EB1": 6804.714771419764,
    "ptcorr_30to50_EB2": 4884.641213327646,
    "ptcorr_30to50_EE": 4755.851157695055,
    "ptcorr_50to100_EB1": 7092.217710882425,
    "ptcorr_50to100_EB2": 5103.996059715748,
    "ptcorr_50to100_EE": 4967.981474339962
  },
  "L1Prefire_Up": {
    "ptcorr_10to15_EB1": 32422.284901469946,
    "ptcorr_10to15_EB2": 22192.27431899309,
    "ptcorr_10to15_EE": 18912.658256351948,
    "ptcorr_15to20_EB1": 36446.01032009721,
    "ptcorr_15to20_EB2": 24927.73969298601,
    "ptcorr_15to20_EE": 23130.14353302121,
    "ptcorr_20to30_EB1": 84120.7509367764,
    "ptcorr_20to30_EB2": 59426.28169244528,
    "ptcorr_20to30_EE": 54824.13485378027,
    "ptcorr_30to50_EB1": 158080.15859162807,
    "ptcorr_30to50_EB2": 107588.98548847437,
    "ptcorr_30to50_EE": 100874.63396325707,
    "ptcorr_50to100_EB1": 150870.82514891028,
    "ptcorr_50to100_EB2": 103412.89326924086,
    "ptcorr_50to100_EE": 90643.2454816699
  },
  "L1Prefire_Down": {
    "ptcorr_10to15_EB1": 32422.284901469946,
    "ptcorr_10to15_EB2": 22192.27431899309,
    "ptcorr_10to15_EE": 18912.658256351948,
    "ptcorr_15to20_EB1": 36446.01032009721,
    "ptcorr_15to20_EB2": 24927.73969298601,
    "ptcorr_15to20_EE": 23130.14353302121,
    "ptcorr_20to30_EB1": 84120.7509367764,
    "ptcorr_20to30_EB2": 59426.28169244528,
    "ptcorr_20to30_EE": 54824.13485378027,
    "ptcorr_30to50_EB1": 158080.15859162807,
    "ptcorr_30to50_EB2": 107588.98548847437,
    "ptcorr_30to50_EE": 100874.63396325707,
    "ptcorr_50to100_EB1": 150870.82514891028,
    "ptcorr_50to100_EB2": 103412.89326924086,
    "ptcorr_50to100_EE": 90643.2454816699
  },
  "PileupReweight_Up": {
    "ptcorr_10to15_EB1": 32198.880761563778,
    "ptcorr_10to15_EB2": 21900.991466343403,
    "ptcorr_10to15_EE": 18707.924889743328,
    "ptcorr_15to20_EB1": 36124.90261077881,
    "ptcorr_15to20_EB2": 24866.774349451065,
    "ptcorr_15to20_EE": 22871.70276004076,
    "ptcorr_20to30_EB1": 83515.2767521739,
    "ptcorr_20to30_EB2": 58546.49679398537,
    "ptcorr_20to30_EE": 54278.537982046604,
    "ptcorr_30to50_EB1": 156966.87002331018,
    "ptcorr_30to50_EB2": 106310.56117129326,
    "ptcorr_30to50_EE": 99715.26081877947,
    "ptcorr_50to100_EB1": 149819.33467823267,
    "ptcorr_50to100_EB2": 102535.36302101612,
    "ptcorr_50to100_EE": 89894.28976911306
  },
  "PileupReweight_Down": {
    "ptcorr_10to15_EB1": 32730.134304963052,
    "ptcorr_10to15_EB2": 22515.921517774463,
    "ptcorr_10to15_EE": 19130.988647423685,
    "ptcorr_15to20_EB1": 36712.632797673345,
    "ptcorr_15to20_EB2": 24869.48340446502,
    "ptcorr_15to20_EE": 23311.93587359786,
    "ptcorr_20to30_EB1": 84879.14853018522,
    "ptcorr_20to30_EB2": 60273.43286072463,
    "ptcorr_20to30_EE": 55457.48387455195,
    "ptcorr_30to50_EB1": 159065.44504702836,
    "ptcorr_30to50_EB2": 108758.20454689115,
    "ptcorr_30to50_EE": 102086.05735198408,
    "ptcorr_50to100_EB1": 151833.74749667197,
    "ptcorr_50to100_EB2": 104419.86790718883,
    "ptcorr_50to100_EE": 91401.54300322384
  },
  "JetEn_Up": {
    "ptcorr_10to15_EB1": 33656.95135042071,
    "ptcorr_10to15_EB2": 23239.539964556694,
    "ptcorr_10to15_EE": 20640.869430869818,
    "ptcorr_15to20_EB1": 39152.02186354995,
    "ptcorr_15to20_EB2": 26627.973614037037,
    "ptcorr_15to20_EE": 25858.990263789892,
    "ptcorr_20to30_EB1": 90141.4265871346,
    "ptcorr_20to30_EB2": 63908.81720966101,
    "ptcorr_20to30_EE": 57384.596534222364,
    "ptcorr_30to50_EB1": 159014.28694716096,
    "ptcorr_30to50_EB2": 110465.13120695949,
    "ptcorr_30to50_EE": 101410.89131647348,
    "ptcorr_50to100_EB1": 146419.88240617514,
    "ptcorr_50to100_EB2": 99893.134172678,
    "ptcorr_50to100_EE": 88049.94453531504
  },
  "JetEn_Down": {
    "ptcorr_10to15_EB1": 29533.10702702403,
    "ptcorr_10to15_EB2": 20689.283278614283,
    "ptcorr_10to15_EE": 17591.65237250924,
    "ptcorr_15to20_EB1": 33755.69991183281,
    "ptcorr_15to20_EB2": 22680.620362907648,
    "ptcorr_15to20_EE": 21392.20991024375,
    "ptcorr_20to30_EB1": 77878.39911323786,
    "ptcorr_20to30_EB2": 55067.95138719678,
    "ptcorr_20to30_EE": 52267.454638153315,
    "ptcorr_30to50_EB1": 154700.55495345592,
    "ptcorr_30to50_EB2": 104292.60633483529,
    "ptcorr_30to50_EE": 99188.03218963742,
    "ptcorr_50to100_EB1": 155266.06264674664,
    "ptcorr_50to100_EB2": 106452.03588086367,
    "ptcorr_50to100_EE": 94043.66122567654
  },
  "JetRes_Up": {
    "ptcorr_10to15_EB1": 32137.28985926509,
    "ptcorr_10to15_EB2": 22455.634450376034,
    "ptcorr_10to15_EE": 18411.31752294302,
    "ptcorr_15to20_EB1": 36152.88231664896,
    "ptcorr_15to20_EB2": 24742.022986233234,
    "ptcorr_15to20_EE": 24103.753084093332,
    "ptcorr_20to30_EB1": 83767.09917834401,
    "ptcorr_20to30_EB2": 59021.10296949744,
    "ptcorr_20to30_EE": 55162.158044338226,
    "ptcorr_30to50_EB1": 157887.45424106717,
    "ptcorr_30to50_EB2": 108905.20397427678,
    "ptcorr_30to50_EE": 100155.9084739685,
    "ptcorr_50to100_EB1": 150365.17505687475,
    "ptcorr_50to100_EB2": 105231.05618190765,
    "ptcorr_50to100_EE": 90526.62768474221
  },
  "JetRes_Down": {
    "ptcorr_10to15_EB1": 32200.159467607737,
    "ptcorr_10to15_EB2": 21964.199049144983,
    "ptcorr_10to15_EE": 19492.784454762936,
    "ptcorr_15to20_EB1": 36729.064251720905,
    "ptcorr_15to20_EB2": 24589.549527049065,
    "ptcorr_15to20_EE": 23430.317910701036,
    "ptcorr_20to30_EB1": 84502.18866738677,
    "ptcorr_20to30_EB2": 59846.43625316024,
    "ptcorr_20to30_EE": 54954.56257504225,