{
  "Central": {
    "ptcorr_10to15_EB1": 147.51170728052966,
    "ptcorr_10to15_EB2": 96.03936278214678,
    "ptcorr_10to15_EE": 82.32409599702805,
    "ptcorr_15to20_EB1": 128.58832813659683,
    "ptcorr_15to20_EB2": 85.2189635608811,
    "ptcorr_15to20_EE": 72.67924829781987,
    "ptcorr_20to30_EB1": 208.22228085668758,
    "ptcorr_20to30_EB2": 145.17889716429636,
    "ptcorr_20to30_EE": 131.14258800796233,
    "ptcorr_30to50_EB1": 277.5247816387564,
    "ptcorr_30to50_EB2": 198.47983268811367,
    "ptcorr_30to50_EE": 175.58235516375862,
    "ptcorr_50to100_EB1": 236.4609781964682,
    "ptcorr_50to100_EB2": 163.80948648694903,
    "ptcorr_50to100_EE": 143.79370547202416
  },
  "MotherJetPt_Up": {
    "ptcorr_10to15_EB1": 58.39565106574446,
    "ptcorr_10to15_EB2": 39.24665759480558,
    "ptcorr_10to15_EE": 32.80132085992955,
    "ptcorr_15to20_EB1": 51.024388587567955,
    "ptcorr_15to20_EB2": 34.09650277392939,
    "ptcorr_15to20_EE": 28.93393639754504,
    "ptcorr_20to30_EB1": 84.02652407763526,
    "ptcorr_20to30_EB2": 60.368106418754905,
    "ptcorr_20to30_EE": 56.166800691979006,
    "ptcorr_30to50_EB1": 134.68435757653788,
    "ptcorr_30to50_EB2": 97.58299333741888,
    "ptcorr_30to50_EE": 88.88913798262365,
    "ptcorr_50to100_EB1": 159.60202584438957,
    "ptcorr_50to100_EB2": 111.72767413104884,
    "ptcorr_50to100_EE": 96.92833562754095
  },
  "MotherJetPt_Down": {
    "ptcorr_10to15_EB1": 243.3729200628586,
    "ptcorr_10to15_EB2": 155.4030434479937,
    "ptcorr_10to15_EE": 132.94585364637896,
    "ptcorr_15to20_EB1": 213.2502990453504,
    "ptcorr_15to20_EB2": 139.66227611294016,
    "ptcorr_15to20_EE": 120.22980500105768,
    "ptcorr_20to30_EB1": 326.53045697999187,
    "ptcorr_20to30_EB2": 227.02308509941213,
    "ptcorr_20to30_EE": 200.57589253620245,
    "ptcorr_30to50_EB1": 391.4275693728123,
    "ptcorr_30to50_EB2": 281.7980411958415,
    "ptcorr_30to50_EE": 247.06266825529747,
    "ptcorr_50to100_EB1": 288.4149688347243,
    "ptcorr_50to100_EB2": 204.1023933130782,
    "ptcorr_50to100_EE": 178.7778733386658
  },
  "RequireHeavyTag": {
    "ptcorr_10to15_EB1": 29.927818191004917,
    "ptcorr_10to15_EB2": 18.500985481310636,
    "ptcorr_10to15_EE": 13.036811786703765,
    "ptcorr_15to20_EB1": 21.743909911019728,
    "ptcorr_15to20_EB2": 12.172296276781708,
    "ptcorr_15to20_EE": 11.088750939583406,
    "ptcorr_20to30_EB1": 30.996326598105952,
    "ptcorr_20to30_EB2": 22.505612931912765,
    "ptcorr_20to30_EE": 21.227146468125284,
    "ptcorr_30to50_EB1": 39.45991016202606,
    "ptcorr_30to50_EB2": 26.7393692121841,
    "ptcorr_30to50_EE": 21.729164463467896,
    "ptcorr_50to100_EB1": 32.67017278820276,
    "ptcorr_50to100_EB2": 24.621904368745163,
    "ptcorr_50to100_EE": 18.934042842127383
  },
  "L1Prefire_Up": {
    "ptcorr_10to15_EB1": 147.51170728052966,
    "ptcorr_10to15_EB2": 96.03936278214678,
    "ptcorr_10to15_EE": 82.32409599702805,
    "ptcorr_15to20_EB1": 128.58832813659683,
    "ptcorr_15to20_EB2": 85.2189635608811,
    "ptcorr_15to20_EE": 72.67924829781987,
    "ptcorr_20to30_EB1": 208.22228085668758,
    "ptcorr_20to30_EB2": 145.17889716429636,
    "ptcorr_20to30_EE": 131.14258800796233,
    "ptcorr_30to50_EB1": 277.5247816387564,
    "ptcorr_30to50_EB2": 198.47983268811367,
    "ptcorr_30to50_EE": 175.58235516375862,
    "ptcorr_50to100_EB1": 236.4609781964682,
    "ptcorr_50to100_EB2": 163.80948648694903,
    "ptcorr_50to100_EE": 143.79370547202416
  },
  "L1Prefire_Down": {
    "ptcorr_10to15_EB1": 147.51170728052966,
    "ptcorr_10to15_EB2": 96.03936278214678,
    "ptcorr_10to15_EE": 82.32409599702805,
    "ptcorr_15to20_EB1": 128.58832813659683,
    "ptcorr_15to20_EB2": 85.2189635608811,
    "ptcorr_15to20_EE": 72.67924829781987,
    "ptcorr_20to30_EB1": 208.22228085668758,
    "ptcorr_20to30_EB2": 145.17889716429636,
    "ptcorr_20to30_EE": 131.14258800796233,
    "ptcorr_30to50_EB1": 277.5247816387564,
    "ptcorr_30to50_EB2": 198.47983268811367,
    "ptcorr_30to50_EE": 175.58235516375862,
    "ptcorr_50to100_EB1": 236.4609781964682,
    "ptcorr_50to100_EB2": 163.80948648694903,
    "ptcorr_50to100_EE": 143.79370547202416
  },
  "PileupReweight_Up": {
    "ptcorr_10to15_EB1": 145.4825025931932,
    "ptcorr_10to15_EB2": 95.31290895864367,
    "ptcorr_10to15_EE": 80.79931157827377,
    "ptcorr_15to20_EB1": 127.25249842042103,
    "ptcorr_15to20_EB2": 84.78722760826349,
    "ptcorr_15to20_EE": 71.58092053281143,
    "ptcorr_20to30_EB1": 206.28504959354177,
    "ptcorr_20to30_EB2": 142.77017692569643,
    "ptcorr_20to30_EE": 128.49583720089868,
    "ptcorr_30to50_EB1": 277.3226464688778,
    "ptcorr_30to50_EB2": 196.98408193374053,
    "ptcorr_30to50_EE": 174.14377215644345,
    "ptcorr_50to100_EB1": 233.66352643817663,
    "ptcorr_50to100_EB2": 162.8656968474388,
    "ptcorr_50to100_EE": 141.84502714779228
  },
  "PileupReweight_Down": {
    "ptcorr_10to15_EB1": 150.08565957235987,
    "ptcorr_10to15_EB2": 96.20579991844716,
    "ptcorr_10to15_EE": 83.99847304529976,
    "ptcorr_15to20_EB1": 130.0238575366384,
    "ptcorr_15to20_EB2": 85.3630094883556,
    "ptcorr_15to20_EE": 73.56526984254015,
    "ptcorr_20to30_EB1": 210.07511271158,
    "ptcorr_20to30_EB2": 147.28187298000557,
    "ptcorr_20to30_EE": 134.09131695123506,
    "ptcorr_30to50_EB1": 278.04684157157317,
    "ptcorr_30to50_EB2": 200.06574268947588,
    "ptcorr_30to50_EE": 176.9427414071106,
    "ptcorr_50to100_EB1": 238.9332723635889,
    "ptcorr_50to100_EB2": 164.57036427070852,
    "ptcorr_50to100_EE": 145.94993690217962
  },
  "JetEn_Up": {
    "ptcorr_10to15_EB1": 150.9351571665611,
    "ptcorr_10to15_EB2": 96.74832174694166,
    "ptcorr_10to15_EE": 81.09706715634093,
    "ptcorr_15to20_EB1": 126.83343263319694,
    "ptcorr_15to20_EB2": 82.01380254258402,
    "ptcorr_15to20_EE": 72.23706770013086,
    "ptcorr_20to30_EB1": 204.9715704564005,
    "ptcorr_20to30_EB2": 142.1807457243558,
    "ptcorr_20to30_EE": 129.09973057894967,
    "ptcorr_30to50_EB1": 267.17537199286744,
    "ptcorr_30to50_EB2": 191.8330207229592,
    "ptcorr_30to50_EE": 170.97388037340716,
    "ptcorr_50to100_EB1": 227.6102962240111,
    "ptcorr_50to100_EB2": 158.56673760525882,
    "ptcorr_50to100_EE": 137.52708718483336
  },
  "JetEn_Down": {
    "ptcorr_10to15_EB1": 144.65167461242527,
    "ptcorr_10to15_EB2": 92.65953175723553,
    "ptcorr_10to15_EE": 80.8348041032441,
    "ptcorr_15to20_EB1": 126.01598157105036,
    "ptcorr_15to20_EB2": 83.55106664961204,
    "ptcorr_15to20_EE": 73.2422986801248,
    "ptcorr_20to30_EB1": 203.6383922388777,
    "ptcorr_20to30_EB2": 142.56005644868128,
    "ptcorr_20to30_EE": 130.8615255341865,
    "ptcorr_30to50_EB1": 284.64903150848113,
    "ptcorr_30to50_EB2": 200.92098893225193,
    "ptcorr_30to50_EE": 180.60178914666176,
    "ptcorr_50to100_EB1": 245.78548736986704,
    "ptcorr_50to100_EB2": 168.34590599359944,
    "ptcorr_50to100_EE": 149.63992318091914
  },
  "JetRes_Up": {
    "ptcorr_10to15_EB1": 145.7999766007997,
    "ptcorr_10to15_EB2": 94.00614092382602,
    "ptcorr_10to15_EE": 80.86217113654129,
    "ptcorr_15to20_EB1": 124.84207447501831,
    "ptcorr_15to20_EB2": 83.25350903277285,
    "ptcorr_15to20_EE": 69.45437047304586,
    "ptcorr_20to30_EB1": 204.54856519494206,
    "ptcorr_20to30_EB2": 140.31760698719881,
    "ptcorr_20to30_EE": 126.70416650827974,
    "ptcorr_30to50_EB1": 271.64749231399037,
    "ptcorr_30to50_EB2": 196.2134240581654,
    "ptcorr_30to50_EE": 174.19376997370273,
    "ptcorr_50to100_EB1": 232.8121203489136,
    "ptcorr_50to100_EB2": 163.00235675903969,
    "ptcorr_50to100_EE": 145.35976772359572
  },
  "JetRes_Down": {
    "ptcorr_10to15_EB1": 151.03562211198732,
    "ptcorr_10to15_EB2": 95.56466408935376,
    "ptcorr_10to15_EE": 83.17590246489272,
    "ptcorr_15to20_EB1": 131.01880387682468,
    "ptcorr_15to20_EB2": 84.99288301495835,
    "ptcorr_15to20_EE": 72.41591862030327,
    "ptcorr_20to30_EB1": 209.68266414152458,
    "ptcorr_20to30_EB2": 146.287682057824,