{
  "Central": {
    "ptcorr_10to15_EB1": 133.6331903655082,
    "ptcorr_10to15_EB2": 86.33523781597614,
    "ptcorr_10to15_EE": 71.83347032824531,
    "ptcorr_15to20_EB1": 123.47088864655234,
    "ptcorr_15to20_EB2": 81.0702240371611,
    "ptcorr_15to20_EE": 68.24262081901543,
    "ptcorr_20to30_EB1": 208.1843375156168,
    "ptcorr_20to30_EB2": 140.86663246294484,
    "ptcorr_20to30_EE": 124.55215042317286,
    "ptcorr_30to50_EB1": 280.1189438798465,
    "ptcorr_30to50_EB2": 199.02233397378586,
    "ptcorr_30to50_EE": 174.38680393854156,
    "ptcorr_50to100_EB1": 236.41379358898848,
    "ptcorr_50to100_EB2": 163.57045469013974,
    "ptcorr_50to100_EE": 143.77023703674786
  },
  "MotherJetPt_Up": {
    "ptcorr_10to15_EB1": 52.26826352160424,
    "ptcorr_10to15_EB2": 34.20066231722012,
    "ptcorr_10to15_EE": 27.65113003156148,
    "ptcorr_15to20_EB1": 48.56703887763433,
    "ptcorr_15to20_EB2": 31.97891156701371,
    "ptcorr_15to20_EE": 26.85581492446363,
    "ptcorr_20to30_EB1": 84.99738228763454,
    "ptcorr_20to30_EB2": 58.331011342816055,
    "ptcorr_20to30_EE": 52.88608769583516,
    "ptcorr_30to50_EB1": 135.42422975879163,
    "ptcorr_30to50_EB2": 97.29419744946063,
    "ptcorr_30to50_EE": 88.4698406229727,
    "ptcorr_50to100_EB1": 160.07276788982563,
    "ptcorr_50to100_EB2": 110.95377646922134,
    "ptcorr_50to100_EE": 96.75123035698198
  },
  "MotherJetPt_Down": {
    "ptcorr_10to15_EB1": 222.39829597412609,
    "ptcorr_10to15_EB2": 140.89477698830888,
    "ptcorr_10to15_EE": 117.89843249693513,
    "ptcorr_15to20_EB1": 206.44935518410057,
    "ptcorr_15to20_EB2": 133.2531023682095,
    "ptcorr_15to20_EE": 112.5726404779125,
    "ptcorr_20to30_EB1": 325.40974465897307,
    "ptcorr_20to30_EB2": 222.3271452439949,
    "ptcorr_20to30_EE": 192.5071799531579,
    "ptcorr_30to50_EB1": 394.9485991897527,
    "ptcorr_30to50_EB2": 282.0348573073279,
    "ptcorr_30to50_EE": 246.32243261137046,
    "ptcorr_50to100_EB1": 288.4221114811953,
    "ptcorr_50to100_EB2": 203.21676469384693,
    "ptcorr_50to100_EE": 178.56789198005572
  },
  "RequireHeavyTag": {
    "ptcorr_10to15_EB1": 25.46540318825282,
    "ptcorr_10to15_EB2": 16.030424170196056,
    "ptcorr_10to15_EE": 11.170181162189692,
    "ptcorr_15to20_EB1": 20.00230013555847,
    "ptcorr_15to20_EB2": 11.925621531438082,
    "ptcorr_15to20_EE": 10.142431618878618,
    "ptcorr_20to30_EB1": 30.487388564506546,
    "ptcorr_20to30_EB2": 21.511350756743923,
    "ptcorr_20to30_EE": 19.803016867488623,
    "ptcorr_30to50_EB1": 39.80003772047348,
    "ptcorr_30to50_EB2": 27.641200844198465,
    "ptcorr_30to50_EE": 21.32604715367779,
    "ptcorr_50to100_EB1": 32.862267072778195,
    "ptcorr_50to100_EB2": 24.451181971700862,
    "ptcorr_50to100_EE": 18.408608401659876
  },
  "L1Prefire_Up": {
    "ptcorr_10to15_EB1": 133.6331903655082,
    "ptcorr_10to15_EB2": 86.33523781597614,
    "ptcorr_10to15_EE": 71.83347032824531,
    "ptcorr_15to20_EB1": 123.47088864655234,
    "ptcorr_15to20_EB2": 81.0702240371611,
    "ptcorr_15to20_EE": 68.24262081901543,
    "ptcorr_20to30_EB1": 208.1843375156168,
    "ptcorr_20to30_EB2": 140.86663246294484,
    "ptcorr_20to30_EE": 124.55215042317286,
    "ptcorr_30to50_EB1": 280.1189438798465,
    "ptcorr_30to50_EB2": 199.02233397378586,
    "ptcorr_30to50_EE": 174.38680393854156,
    "ptcorr_50to100_EB1": 236.41379358898848,
    "ptcorr_50to100_EB2": 163.57045469013974,
    "ptcorr_50to100_EE": 143.77023703674786
  },
  "L1Prefire_Down": {
    "ptcorr_10to15_EB1": 133.6331903655082,
    "ptcorr_10to15_EB2": 86.33523781597614,
    "ptcorr_10to15_EE": 71.83347032824531,
    "ptcorr_15to20_EB1": 123.47088864655234,
    "ptcorr_15to20_EB2": 81.0702240371611,
    "ptcorr_15to20_EE": 68.24262081901543,
    "ptcorr_20to30_EB1": 208.1843375156168,
    "ptcorr_20to30_EB2": 140.86663246294484,
    "ptcorr_20to30_EE": 124.55215042317286,
    "ptcorr_30to50_EB1": 280.1189438798465,
    "ptcorr_30to50_EB2": 199.02233397378586,
    "ptcorr_30to50_EE": 174.38680393854156,
    "ptcorr_50to100_EB1": 236.41379358898848,
    "ptcorr_50to100_EB2": 163.57045469013974,
    "ptcorr_50to100_EE": 143.77023703674786
  },
  "PileupReweight_Up": {
    "ptcorr_10to15_EB1": 131.92415335820988,
    "ptcorr_10to15_EB2": 85.6124633164145,
    "ptcorr_10to15_EE": 70.75503516476601,
    "ptcorr_15to20_EB1": 122.40962954424322,
    "ptcorr_15to20_EB2": 80.42578237503767,
    "ptcorr_15to20_EE": 67.19518806738779,
    "ptcorr_20to30_EB1": 205.81987572228536,
    "ptcorr_20to30_EB2": 138.6113972067833,
    "ptcorr_20to30_EE": 122.05283853271976,
    "ptcorr_30to50_EB1": 279.9217308033258,
    "ptcorr_30to50_EB2": 197.38337165210396,
    "ptcorr_30to50_EE": 172.84959764033556,
    "ptcorr_50to100_EB1": 233.83810950629413,
    "ptcorr_50to100_EB2": 162.72026709653437,
    "ptcorr_50to100_EE": 141.90985742444173
  },
  "PileupReweight_Down": {
    "ptcorr_10to15_EB1": 135.66122204784187,
    "ptcorr_10to15_EB2": 86.56946243304992,
    "ptcorr_10to15_EE": 72.98929959337693,
    "ptcorr_15to20_EB1": 124.51759497504099,
    "ptcorr_15to20_EB2": 81.37022550401161,
    "ptcorr_15to20_EE": 69.07370625066687,
    "ptcorr_20to30_EB1": 210.48679988019285,
    "ptcorr_20to30_EB2": 142.88216505135642,
    "ptcorr_20to30_EE": 127.30737620507716,
    "ptcorr_30to50_EB1": 280.66178912558826,
    "ptcorr_30to50_EB2": 200.7974060002889,
    "ptcorr_30to50_EE": 175.7563542763819,
    "ptcorr_50to100_EB1": 238.7197505562508,
    "ptcorr_50to100_EB2": 164.27108755538939,
    "ptcorr_50to100_EE": 145.92631821296527
  },
  "JetEn_Up": {
    "ptcorr_10to15_EB1": 137.01171273342334,
    "ptcorr_10to15_EB2": 86.86658813641407,
    "ptcorr_10to15_EE": 71.27205201098695,
    "ptcorr_15to20_EB1": 121.94700766960159,
    "ptcorr_15to20_EB2": 77.81751036434434,
    "ptcorr_15to20_EE": 67.92041082656942,
    "ptcorr_20to30_EB1": 205.31286427215673,
    "ptcorr_20to30_EB2": 137.99882362340577,
    "ptcorr_20to30_EE": 123.24051609216258,
    "ptcorr_30to50_EB1": 269.2373124519363,
    "ptcorr_30to50_EB2": 191.97344530699775,
    "ptcorr_30to50_EE": 169.0238016138319,
    "ptcorr_50to100_EB1": 227.89324374101125,
    "ptcorr_50to100_EB2": 157.7395941778086,
    "ptcorr_50to100_EE": 137.81136593874544
  },
  "JetEn_Down": {
    "ptcorr_10to15_EB1": 130.00316627812572,
    "ptcorr_10to15_EB2": 83.76981110824272,
    "ptcorr_10to15_EE": 70.50843288656324,
    "ptcorr_15to20_EB1": 121.57943046302535,
    "ptcorr_15to20_EB2": 79.57159120682627,
    "ptcorr_15to20_EE": 68.4732906918507,
    "ptcorr_20to30_EB1": 203.82876255107112,
    "ptcorr_20to30_EB2": 137.65400864183903,
    "ptcorr_20to30_EE": 124.6707748353947,
    "ptcorr_30to50_EB1": 286.7864473294467,
    "ptcorr_30to50_EB2": 201.38085078145377,
    "ptcorr_30to50_EE": 178.44605176779442,
    "ptcorr_50to100_EB1": 245.45147388218902,
    "ptcorr_50to100_EB2": 168.06487290281802,
    "ptcorr_50to100_EE": 150.82730021653697
  },
  "JetRes_Up": {
    "ptcorr_10to15_EB1": 132.20945450617,
    "ptcorr_10to15_EB2": 84.38471173588187,
    "ptcorr_10to15_EE": 70.94352894905023,
    "ptcorr_15to20_EB1": 119.98674769722857,
    "ptcorr_15to20_EB2": 78.72468184144236,
    "ptcorr_15to20_EE": 65.25801431993023,
    "ptcorr_20to30_EB1": 204.28194625652395,
    "ptcorr_20to30_EB2": 136.25519766029902,
    "ptcorr_20to30_EE": 121.1573783394415,
    "ptcorr_30to50_EB1": 273.68527304707095,
    "ptcorr_30to50_EB2": 196.36484503629617,
    "ptcorr_30to50_EE": 171.80116241029464,
    "ptcorr_50to100_EB1": 232.19822298758663,
    "ptcorr_50to100_EB2": 162.49465162330307,
    "ptcorr_50to100_EE": 145.06488989829086
  },
  "JetRes_Down": {
    "ptcorr_10to15_EB1": 136.5663923844695,
    "ptcorr_10to15_EB2": 85.78210240183398,
    "ptcorr_10to15_EE": 73.1020772238262,
    "ptcorr_15to20_EB1": 125.62966596824117,
    "ptcorr_15to20_EB2": 80.86526921670884,
    "ptcorr_15to20_EE": 68.58830932062119,
    "ptcorr_20to30_EB1": 210.05975622474216,
    "ptcorr_20to30_EB2": 141.68915722053498,