{
  "hyperparameters": {
    "signal": "MHc130_MA90",
    "channel": "Combined",
    "iteration": 3,
    "model_idx": 14,
    "num_hidden": 96,
    "optimizer": "RMSprop",
    "initial_lr": 0.0002,
    "weight_decay": 9e-05,
    "scheduler": "ReduceLROnPlateau",
    "pilot_mode": false,
    "num_classes": 4,
    "model_type": "ParticleNet",
    "num_node_features": 9,
    "num_graph_features": 4,
    "dropout_p": 0.4,
    "batch_size": 1024,
    "train_folds": [
      0,
      1,
      2
    ],
    "valid_folds": [
      3
    ]
  },
  "training_summary": {
    "best_epoch": 27,
    "best_train_loss": 0.9270240549389225,
    "best_valid_loss": 0.959957299709288,
    "best_train_acc": 0.6133308165828177,
    "best_valid_acc": 0.5965398156661359,
    "total_epochs": 35
  },
  "epoch_history": {
    "train_loss": [
      1.0042960429903005,
      0.9811057820410466,
      0.9705301746193922,
      0.9648317075574178,
      0.959002468390655,
      0.9538595399368919,
      0.9522310247942711,
      0.9530272783453861,
      0.9391246095392827,
      0.9416685869164062,
      0.9388831966291434,
      0.9392695465478186,
      0.9416717926660562,
      0.9352311236225185,
      0.938916463268249,
      0.9363472781221783,
      0.9401640399714289,
      0.9316240331851585,
      0.9376759769025713,
      0.9305345821798684,
      0.9313611099897937,
      0.930644317392482,
      0.9339791136401401,
      0.9330075052014729,
      0.9296286147420542,
      0.9302855094899029,
      0.932160648141336,
      0.9270240549389225,
      0.9278904437904913,
      0.9301904900325269,
      0.9301043243820835,
      0.9348777930156114,
      0.9332222953636565,
      0.9296186636295781,
      0.9300657750678575
    ],
    "valid_loss": [
      1.042226089016624,
      1.0148028756381338,
      1.0014909255759372,
      0.9970224960614921,
      0.9930130313528289,
      0.9848453654408431,
      0.9853350113007769,
      0.9879132994243596,
      0.973510496588508,
      0.9751126298328489,
      0.9734043701074696,
      0.9694799377408557,
      0.9713984729757521,
      0.9676367763318856,
      0.9686977669713294,
      0.9649491351501904,
      0.9715064979515412,
      0.9640619403148851,
      0.9715621164994409,
      0.9649944220302891,
      0.9615920637438399,
      0.9633397073334898,
      0.9666458146820675,
      0.9636719631624246,
      0.9618685186434569,
      0.9613217969807196,
      0.9613612011190973,
      0.959957299709288,
      0.962019390848473,
      0.9621730341902869,
      0.9615203153901809,
      0.9700513808968341,
      0.96198058945844,
      0.960339344296605,
      0.9615643829153399
    ],
    "train_acc": [
      0.56107228980639,
      0.5780526514480304,
      0.586367558572232,
      0.5881010346926354,
      0.5954336386819418,
      0.5957148470303628,
      0.5986983520420349,
      0.5926947464117044,
      0.6036040894627764,
      0.6023059084570521,
      0.6065009206684284,
      0.6059654691556816,
      0.6026545297657111,
      0.6073349152908003,
      0.6054146089663089,
      0.6072424632310454,
      0.6029415163678667,
      0.6107479371634167,
      0.601878317680686,
      0.6076199758083777,
      0.610162407451636,
      0.6097309645061134,
      0.6089701610977141,
      0.6073695848132084,
      0.6127125434332072,
      0.6101951508894659,
      0.6119498139402297,
      0.6133308165828177,
      0.6107922371087159,
      0.6095267995408215,
      0.6098850512723715,
      0.6063083122106058,
      0.6108249805465458,
      0.6099100903718884,
      0.6118188401889104
    ],
    "valid_acc": [
      0.5446482631803198,
      0.5615287152692127,
      0.5709472338707869,
      0.5728589688964636,
      0.5786222052788554,
      0.5800125580248021,
      0.5828212948220572,
      0.5774112528872245,
      0.5868634090552329,
      0.5856188190971677,
      0.5886854439037517,
      0.5903505034422443,
      0.5888087816473437,
      0.5920996568968224,
      0.5905523288408494,
      0.5920772318525329,
      0.5873063036799497,
      0.594992487610163,
      0.5853104747381876,
      0.5896497208081986,
      0.5950261251765973,
      0.59313681519521,
      0.5926883143094208,
      0.5924192137779473,
      0.5959455519924652,
      0.5946112618572421,
      0.5968145224586818,
      0.5965398156661359,
      0.5937759289574597,
      0.5940618482721504,
      0.5942076110600318,
      0.5898571524678762,
      0.5951831004866235,
      0.5938600228735452,
      0.5960913147803467
    ],
    "epoch": [
      0,
      1,
      2,
      3,
      4,
      5,
      6,
      7,
      8,
      9,
      10,
      11,
      12,
      13,
      14,
      15,
      16,
      17,
      18,
      19,
      20,
      21,
      22,
      23,
      24,
      25,
      26,
      27,
      28,
      29,
      30,
      31,
      32,
      33,
      34
    ],
    "timestamp": [
      1762513933.9462206,
      1762514154.078902,
      1762514375.9366815,
      1762514604.281044,
      1762514837.7079415,
      1762515071.665881,
      1762515305.9072175,
      1762515540.7488852,
      1762515773.3252966,
      1762516006.9446964,
      1762516240.2122762,
      1762516472.1900778,
      1762516704.975263,
      1762516936.7877276,
      1762517169.122391,
      1762517399.8833032,
      1762517631.4360175,
      1762517859.0129414,
      1762518088.827369,
      1762518316.2902093,
      1762518542.1165369,
      1762518767.5211709,
      1762518993.9207132,
      1762519218.4727423,
      1762519441.2955918,
      1762519663.0472622,
      1762519884.7327113,
      1762520102.864489,
      1762520321.3423247,
      1762520537.6588001,
      1762520753.8974576,
      1762520970.1331792,
      1762521186.1773498,
      1762521401.624933,
      1762521616.3644395
    ]
  }
}