{
  "hyperparameters": {
    "signal": "MHc130_MA90",
    "channel": "Combined",
    "iteration": 3,
    "model_idx": 1,
    "num_hidden": 96,
    "optimizer": "Adam",
    "initial_lr": 0.0006,
    "weight_decay": 6e-05,
    "scheduler": "ReduceLROnPlateau",
    "pilot_mode": false,
    "num_classes": 4,
    "model_type": "ParticleNet",
    "num_node_features": 9,
    "num_graph_features": 4,
    "dropout_p": 0.4,
    "batch_size": 1024,
    "train_folds": [
      0,
      1,
      2
    ],
    "valid_folds": [
      3
    ]
  },
  "training_summary": {
    "best_epoch": 67,
    "best_train_loss": 0.9030258288084774,
    "best_valid_loss": 0.9360375245565459,
    "best_train_acc": 0.6252513540374585,
    "best_valid_acc": 0.6095855851815307,
    "total_epochs": 75
  },
  "epoch_history": {
    "train_loss": [
      1.0673945623036465,
      1.0180958656807075,
      1.0065222084143395,
      0.9912953630182866,
      0.9847406028642285,
      0.9782184474689407,
      0.9789774724871173,
      0.9707027693697138,
      0.9665956816621883,
      0.9672711655978923,
      0.9600746000055637,
      0.955660710357959,
      0.9539991049163794,
      0.9503377395053609,
      0.9491723767460025,
      0.9470666947549926,
      0.9432061410645874,
      0.946377287840681,
      0.9402322512629535,
      0.9381277194238743,
      0.9383113127178634,
      0.9318677361054102,
      0.9330747434379987,
      0.9300775067049845,
      0.9261873574360018,
      0.9293338856720998,
      0.928526637651467,
      0.9235277340412269,
      0.9245978697819975,
      0.9252122284213485,
      0.9242176228771178,
      0.9209731646335088,
      0.9210084839644251,
      0.919269758752165,
      0.9183238879900869,
      0.9175316186928698,
      0.9209989906206908,
      0.9183974001801941,
      0.9184579758906517,
      0.9190434804944287,
      0.916063129100557,
      0.9169819002646633,
      0.9151601999681465,
      0.9154543671875087,
      0.9130631162257736,
      0.9167846662178575,
      0.912409750091999,
      0.9142409372793702,
      0.9134520151808435,
      0.9113627269326686,
      0.908465274736964,
      0.9086713110668525,
      0.9079044824870003,
      0.9086669163010431,
      0.9083757362048901,
      0.9080397136586279,
      0.9079665669957946,
      0.9085986236955155,
      0.9069267060814232,
      0.9077664446707496,
      0.906796315767444,
      0.9076008423038363,
      0.9063562038285586,
      0.9052078482489303,
      0.9052340134228513,
      0.903142782720025,
      0.9041873912825533,
      0.9030258288084774,
      0.9065466439129654,
      0.905161258212697,
      0.9022227830105882,
      0.903365573856459,
      0.9033766652422466,
      0.9052296568159174,
      0.9032217583632468
    ],
    "valid_loss": [
      1.1122958145413633,
      1.056386905501044,
      1.0432569723505882,
      1.0239916208563324,
      1.0201220103593138,
      1.010449810240655,
      1.014523892035555,
      1.0036479951747612,
      0.9985469032557748,
      1.0006226161140435,
      0.9919005132578548,
      0.9891865591082942,
      0.9877682310888003,
      0.9820092685223748,
      0.9814431549757308,
      0.9837814156372298,
      0.9769717426867638,
      0.9799402102761529,
      0.9724987340471213,
      0.9706883349106509,
      0.9714143168909397,
      0.965732812619489,
      0.9651820210794814,
      0.9616733988415723,
      0.957839729460154,
      0.9626943371700288,
      0.9648248077393262,
      0.9587017680637728,
      0.959018563560202,
      0.9586172624207809,
      0.9546730985575824,
      0.9536485390340964,
      0.9519093669415472,
      0.9532621888937088,
      0.9513416648288003,
      0.9495180018069571,
      0.952847738413342,
      0.9497483408977982,
      0.9508403991681426,
      0.9517779525754441,
      0.9495603904307518,
      0.9475793143663703,
      0.9480336652302392,
      0.9494888154763115,
      0.9463436639207612,
      0.9485431906647289,
      0.9450897749056342,
      0.9477224271488273,
      0.9454774173706375,
      0.9441848780375149,
      0.9417488841186274,
      0.9423846205739445,
      0.9409070895102213,
      0.940731492047995,
      0.942221675608726,
      0.9410024615612786,
      0.9411420905335829,
      0.9427681192510092,
      0.9408162710920244,
      0.9405758437082103,
      0.9396632223197922,
      0.940531711682306,
      0.9405302260265437,
      0.9399076709059107,
      0.9402066635122597,
      0.9370923602508578,
      0.936950813536233,
      0.9360375245565459,
      0.9388230723948482,
      0.9369417228661946,
      0.9363944116290049,
      0.9369264056500644,
      0.9373249886048911,
      0.9377909570453205,
      0.9384163052022084
    ],
    "train_acc": [
      0.510294922070618,
      0.5494464432922178,
      0.5588707751334777,
      0.5668621000485373,
      0.5752867939936979,
      0.5801405271308274,
      0.579071550189912,
      0.5849403298997665,
      0.5856799463778053,
      0.5853987380293844,
      0.5910094224057567,
      0.5953238518609829,
      0.5965449894835781,
      0.5976139664244936,
      0.5958978250652943,
      0.6000562416696842,
      0.6013139748992657,
      0.5986001217285454,
      0.6034268896815796,
      0.603540528671695,
      0.6019206915414069,
      0.6076989452760849,
      0.6072097197932156,
      0.6094651648343182,
      0.6123658482091265,
      0.6087486613712181,
      0.6103550159094586,
      0.6142341502500058,
      0.6121270137214265,
      0.6116782360146998,
      0.6126894304182685,
      0.6164549257687003,
      0.6149949536584051,
      0.6159136960022189,
      0.6166513863956794,
      0.6155958920468115,
      0.613656324876538,
      0.6153551314745334,
      0.6152010447082752,
      0.6146713714492631,
      0.617500789694677,
      0.6173312942517932,
      0.6171483162168617,
      0.6177165111674384,
      0.6194499872878417,
      0.6179303065556214,
      0.6198063129348136,
      0.6186487361032997,
      0.6194403568649507,
      0.6192727875066449,
      0.6209715941046403,
      0.6206884596716411,
      0.6214569674183533,
      0.6213548849357073,
      0.6207616508856136,
      0.6215937194234074,
      0.6216938758214751,
      0.6208098030000694,
      0.6224392705532485,
      0.6218941886176106,
      0.6225105356826429,
      0.6214415587417275,
      0.6228398961455195,
      0.6230151698421381,
      0.6221349491898889,
      0.6241245945591963,
      0.6238299036187277,
      0.6252513540374585,
      0.622221622995909,
      0.6238684253102922,
      0.6246388591415826,
      0.6240475511760673,
      0.6242401596338898,
      0.6230768045486413,
      0.6235159518324769
    ],