{
  "syst": "bjet",
  "observed": 43.502096239477396,
  "expected": 50.50392533289414,
  "difference": -0.13863930471274327,
  "max_bin_difference": 0.22087144271038162,
  "max_bin_difference_bin": 10,
  "max_bin_difference_filtered": 0.22087144271038162,
  "max_bin_difference_filtered_bin": 10,
  "snr_threshold": 3.0,
  "mass_range_min": 10.0,
  "mass_range_max": 160.0,
  "percentile_68_difference": 0.17209497049208264,
  "percentile_95_difference": 0.21618859584617298,
  "rms_bin_difference": 0.15580335467995232,
  "chi2": 3.6219289401308288,
  "ndf": 9,
  "chi2_per_ndf": 0.4024365489034254,
  "p_value": 0.9344909251500574,
  "closure_uncertainty_scale": 0.1,
  "recommended_systematic_pct": 90.0
}