{
  "syst": "TT",
  "observed": 43.5020961612463,
  "expected": 43.49419142305851,
  "difference": 0.00018174238741220072,
  "max_bin_difference": 0.0,
  "max_bin_difference_bin": -1,
  "max_bin_difference_filtered": 0.0,
  "max_bin_difference_filtered_bin": -1,
  "snr_threshold": 3.0,
  "mass_range_min": 10.0,
  "mass_range_max": 160.0,
  "percentile_68_difference": 0.0,
  "percentile_95_difference": 0.0,
  "rms_bin_difference": 0.0,
  "chi2": 9.945468932179613,
  "ndf": 7,
  "chi2_per_ndf": 1.420781276025659,
  "p_value": 0.1916848160651618,
  "closure_uncertainty_scale": 1.35,
  "recommended_systematic_pct": 35.00000000000001
}