{
  "syst": "TT",
  "observed": 43.502095934934914,
  "expected": 43.494191110134125,
  "difference": 0.00018174438008912726,
  "max_bin_difference": 5.157229942234302,
  "max_bin_difference_bin": 65,
  "max_bin_difference_filtered": 0.39580102046354443,
  "max_bin_difference_filtered_bin": 26,
  "snr_threshold": 3.0,
  "mass_range_min": 10.0,
  "mass_range_max": 160.0,
  "percentile_68_difference": 0.2083911079142319,
  "percentile_95_difference": 0.38112413732412836,
  "rms_bin_difference": 0.19460351804693446,
  "chi2": 14.754515136423684,
  "ndf": 6,
  "chi2_per_ndf": 2.459085856070614,
  "p_value": 0.022254418097861155,
  "closure_uncertainty_scale": 3.2,
  "recommended_systematic_pct": 220.00000000000003
}