{
  "syst": "TT",
  "observed": 43.50209652259946,
  "expected": 43.49419154797215,
  "difference": 0.00018174782300734831,
  "max_bin_difference": 0.10768140640597273,
  "max_bin_difference_bin": 3,
  "max_bin_difference_filtered": 0.10768140640597273,
  "max_bin_difference_filtered_bin": 3,
  "snr_threshold": 3.0,
  "mass_range_min": 10.0,
  "mass_range_max": 160.0,
  "percentile_68_difference": 0.06836899057767494,
  "percentile_95_difference": 0.10162334032599654,
  "rms_bin_difference": 0.06413428129462424,
  "chi2": 3.923201141147586,
  "ndf": 7,
  "chi2_per_ndf": 0.5604573058782265,
  "p_value": 0.7885794717445705,
  "closure_uncertainty_scale": 0.1,
  "recommended_systematic_pct": 90.0
}