{
  "syst": "ljet",
  "observed": 18.497015026165172,
  "expected": 56.54422602074919,
  "difference": -0.6728752637028298,
  "max_bin_difference": 96.3068664515999,
  "max_bin_difference_bin": 23,
  "max_bin_difference_filtered": 0.0,
  "max_bin_difference_filtered_bin": -1,
  "snr_threshold": 3.0,
  "mass_range_min": 10.0,
  "mass_range_max": 160.0,
  "percentile_68_difference": 0.0,
  "percentile_95_difference": 0.0,
  "rms_bin_difference": 0.0,
  "chi2": 22.781280286299992,
  "ndf": 10,
  "chi2_per_ndf": 2.2781280286299994,
  "p_value": 0.011583344481037988,
  "closure_uncertainty_scale": 2.1,
  "recommended_systematic_pct": 110.00000000000001
}