{
  "syst": "ljet",
  "observed": 18.497015103232116,
  "expected": 56.54422584659187,
  "difference": -0.6728752613323293,
  "max_bin_difference": 1.3150813247484503,
  "max_bin_difference_bin": 35,
  "max_bin_difference_filtered": 0.3569918970288158,
  "max_bin_difference_filtered_bin": 63,
  "snr_threshold": 3.0,
  "mass_range_min": 10.0,
  "mass_range_max": 160.0,
  "percentile_68_difference": 0.3569918970288158,
  "percentile_95_difference": 0.3569918970288158,
  "rms_bin_difference": 0.3569918970288158,
  "chi2": 3.5723588456772895,
  "ndf": 10,
  "chi2_per_ndf": 0.3572358845677289,
  "p_value": 0.9645841594938386,
  "closure_uncertainty_scale": 0.1,
  "recommended_systematic_pct": 90.0
}