{
  "syst": "ljet",
  "observed": 389.23126830440015,
  "expected": 777.8726094847079,
  "difference": -0.499620807368135,
  "max_bin_difference": 1.0,
  "max_bin_difference_bin": 135,
  "max_bin_difference_filtered": 0.7299176446196959,
  "max_bin_difference_filtered_bin": 78,
  "snr_threshold": 3.0,
  "mass_range_min": 10.0,
  "mass_range_max": 160.0,
  "percentile_68_difference": 0.5930907977590413,
  "percentile_95_difference": 0.6929473988824131,
  "rms_bin_difference": 0.5356977210927822,
  "chi2": 349.5103350814656,
  "ndf": 73,
  "chi2_per_ndf": 4.787812809335145,
  "p_value": 1.0423733445291626e-37,
  "closure_uncertainty_scale": 4.05,
  "recommended_systematic_pct": 305.0
}