{
  "syst": "ljet",
  "observed": 389.231257840991,
  "expected": 777.8726008823141,
  "difference": -0.4996208152858201,
  "max_bin_difference": 1.0,
  "max_bin_difference_bin": 73,
  "max_bin_difference_filtered": 0.8597086122530481,
  "max_bin_difference_filtered_bin": 41,
  "snr_threshold": 3.0,
  "mass_range_min": 10.0,
  "mass_range_max": 160.0,
  "percentile_68_difference": 0.783516230814631,
  "percentile_95_difference": 0.8319592232589716,
  "rms_bin_difference": 0.6706422841567441,
  "chi2": 2339.250379569216,
  "ndf": 43,
  "chi2_per_ndf": 54.40117161788874,
  "p_value": 0.0,
  "closure_uncertainty_scale": 5.0,
  "recommended_systematic_pct": 400.0
}