{
  "hyperparameters": {
    "signal": "MHc160_MA98",
    "channel": "Combined",
    "iteration": 2,
    "model_idx": 14,
    "num_hidden": 96,
    "optimizer": "Adam",
    "initial_lr": 0.0005,
    "weight_decay": 2e-05,
    "scheduler": "ReduceLROnPlateau",
    "pilot_mode": false,
    "num_classes": 4,
    "model_type": "ParticleNet",
    "num_node_features": 9,
    "num_graph_features": 4,
    "dropout_p": 0.4,
    "batch_size": 1024,
    "train_folds": [
      0,
      1,
      2
    ],
    "valid_folds": [
      3
    ]
  },
  "training_summary": {
    "best_epoch": 53,
    "best_train_loss": 0.9415278340890005,
    "best_valid_loss": 0.9756169650959551,
    "best_train_acc": 0.6076469409924729,
    "best_valid_acc": 0.5912531114748951,
    "total_epochs": 61
  },
  "epoch_history": {
    "train_loss": [
      1.1191136255952516,
      1.045926863073892,
      1.0255185874807828,
      1.020749781702401,
      1.0125979329968129,
      1.0066708062649659,
      1.0014396417947065,
      0.9957256743473273,
      0.9957530589190288,
      0.990094133344291,
      0.9899268431919829,
      0.9866227145679828,
      0.9855683538209604,
      0.9806611019608931,
      0.9797755558788306,
      0.976558933039691,
      0.9739897078372712,
      0.9760926005897189,
      0.9723773203282814,
      0.969362641205241,
      0.9668715668162516,
      0.9642149920169555,
      0.9647787178420618,
      0.9625372635559309,
      0.9594271854256713,
      0.9602778910492136,
      0.9580861500116159,
      0.9570694928088539,
      0.9553171383167884,
      0.9548036456002474,
      0.9574939865077272,
      0.9527040621447747,
      0.9528561485843524,
      0.9519142287555791,
      0.9523374546977271,
      0.9505152368170446,
      0.9499240077555754,
      0.9490298983747614,
      0.948457747197057,
      0.9475863061280068,
      0.947725698729449,
      0.9477328352914679,
      0.9472319918876391,
      0.9469775832555255,
      0.946848794931006,
      0.9462458406577371,
      0.9450979628704329,
      0.94482572719566,
      0.9451999694963791,
      0.9444642868890767,
      0.9450517466310053,
      0.9425732750730518,
      0.944501607610214,
      0.9415278340890005,
      0.9435385471913185,
      0.942804866282829,
      0.9430442646839119,
      0.9428986561478658,
      0.9420112200368989,
      0.9424291557342371,
      0.9410177456643514
    ],
    "valid_loss": [
      1.1623016708839728,
      1.0883376267995004,
      1.0644317626782036,
      1.0598338926573354,
      1.0520982745517498,
      1.0442277333763847,
      1.0401621699571113,
      1.0323766526548646,
      1.0333149700623743,
      1.0255487243681087,
      1.0280117355448306,
      1.0232176785512577,
      1.022993166084778,
      1.0156334241908511,
      1.0181762765972469,
      1.0126564040079336,
      1.0101093581120966,
      1.0143489129763636,
      1.010504217474822,
      1.0069434141339086,
      1.0044377637728041,
      0.9987194474546008,
      1.001544552813027,
      0.9983303932445036,
      0.9946102487678161,
      0.9969232279601069,
      0.9934754367686621,
      0.9927797695398839,
      0.9903811279684221,
      0.9910724289073537,
      0.9959930125819006,
      0.9899788600021786,
      0.9881023990996465,
      0.9888672726341403,
      0.9882252185275672,
      0.9869573639889857,
      0.9848400496897591,
      0.9842498298022082,
      0.9826596906168951,
      0.982995679875578,
      0.9848266105231831,
      0.9829971365316684,
      0.9823098194975282,
      0.9799533455877587,
      0.9801827599397969,
      0.9805775730228097,
      0.980963731115222,
      0.9800314021827506,
      0.9794053054237105,
      0.9792927003817317,
      0.9770092484159356,
      0.976198329647089,
      0.9781742126315653,
      0.9756169650959551,
      0.977273562889449,
      0.9779059236631837,
      0.9759446975748727,
      0.9771655741846361,
      0.9762901456882203,
      0.9777926999615358,
      0.9756372405716376
    ],
    "train_acc": [
      0.5050598241869997,
      0.5564362042266,
      0.566492291809518,
      0.5690424277910892,
      0.5723244759123862,
      0.5736650307788316,
      0.5761516059693214,
      0.5788038244335385,
      0.5788346417867901,
      0.5821378768384478,
      0.5809186653004307,
      0.5840081049639052,
      0.5829795757991325,
      0.5868336710401627,
      0.5867200320500474,
      0.5888791728622387,
      0.590381518833255,
      0.5891488247031904,
      0.5909997919828656,
      0.5930029199442206,
      0.5934825150041989,
      0.5957090687766281,
      0.5945649745371618,
      0.5963138593341911,
      0.5983035047034986,
      0.5967953804787476,
      0.5985596739524026,
      0.5991529080024962,
      0.6006591061426689,
      0.5996979899381342,
      0.5975908534095549,
      0.6020978913226037,
      0.6007554103715802,
      0.6022924258650045,
      0.6009345362373553,
      0.6030339684276216,
      0.6029935206514788,
      0.6031687943480974,
      0.6036580198309668,
      0.6039931585475782,
      0.6036503154926539,
      0.6042994059955161,
      0.6051911831552347,
      0.6039045586569798,
      0.6045247578911686,
      0.604605653443454,
      0.6055205436181114,
      0.6063641686633744,
      0.6055494348867847,
      0.6056553695385872,
      0.6064431381310816,
      0.6069131027681688,
      0.6058094563048453,
      0.6076469409924729,
      0.6071095633951478,
      0.6067936855243188,
      0.6073561022211608,
      0.6072039415394809,
      0.6078934798184857,
      0.6069593287980461,
      0.6089027481374762
    ],
    "valid_acc": [
      0.48812033278765726,
      0.5364463032314489,
      0.5478326194694234,
      0.5494416163971924,
      0.5532146300988945,
      0.5552048527795842,
      0.5578622205278856,
      0.5611699145605813,
      0.5609400578566143,
      0.5647971654744018,
      0.5618146345839033,
      0.5660417554324669,
      0.5648644406072701,
      0.5695288498194784,
      0.5684019913439329,
      0.5715695288498195,
      0.5731617069943713,
      0.5707173771668199,
      0.5737447581458973,
      0.5752640548965084,
      0.5752584486354361,
      0.5798331576704864,
      0.5771870024443299,
      0.5793005628686116,
      0.5821261184490839,
      0.57958087592223,
      0.5819971744444196,
      0.5817561052183078,
      0.5841724037404974,
      0.5832529769246294,
      0.5785661426681318,
      0.5846657547148656,
      0.5837631466822147,
      0.5848675801134707,
      0.584441504271971,
      0.5863756643419371,
      0.5865214271298186,
      0.5868465902720158,
      0.5876426793442917,
      0.5883098244119032,
      0.5867176462673513,
      0.5876034355167852,
      0.589133944789541,
      0.5887302939923307,
      0.5894703204538829,
      0.5883266431951203,
      0.5891619760949028,
      0.5903112596147377,
      0.5900926154329155,
      0.5900982216939878,
      0.5909727984212769,
      0.5914717556567174,
      0.590025340300047,
      0.5912531114748951,
      0.5909896172044939,
      0.5909727984212769,
      0.591802525059987,
      0.5919819254143027,
      0.5923799699504406,
      0.5901206467382774,
      0.5935012221649137
    ],
    "epoch": [
      0,
      1,
      2,
      3,
      4,
      5,
      6,
      7,
      8,
      9,
      10,
      11,
      12,
      13,
      14,
      15,
      16,
      17,
      18,
      19,
      20,
      21,
      22,
      23,
      24,
      25,
      26,
      27,
      28,
      29,
      30,
      31,
      32,
      33,
      34,
      35,
      36,
      37,
      38,
      39,
      40,
      41,
      42,
      43,
      44,
      45,
      46,
      47,
      48,
      49,
      50,
      51,
      52,
      53,
      54,
      55,
      56,
      57,
      58,
      59,
      60
    ],