{
  "hyperparameters": {
    "signal": "MHc160_MA98",
    "channel": "Combined",
    "iteration": 2,
    "model_idx": 3,
    "num_hidden": 96,
    "optimizer": "Adam",
    "initial_lr": 0.0005,
    "weight_decay": 0.00044,
    "scheduler": "ReduceLROnPlateau",
    "pilot_mode": false,
    "num_classes": 4,
    "model_type": "ParticleNet",
    "num_node_features": 9,
    "num_graph_features": 4,
    "dropout_p": 0.4,
    "batch_size": 1024,
    "train_folds": [
      0,
      1,
      2
    ],
    "valid_folds": [
      3
    ]
  },
  "training_summary": {
    "best_epoch": 80,
    "best_train_loss": 0.9250991107295247,
    "best_valid_loss": 0.9614290960237166,
    "best_train_acc": 0.6205786728506822,
    "best_valid_acc": 0.6035812795730272,
    "total_epochs": 81
  },
  "epoch_history": {
    "train_loss": [
      1.1162988250683223,
      1.0418078022706616,
      1.0291907184558244,
      1.0194129528350513,
      1.0110176941659237,
      1.0041679234196366,
      1.0018892443826566,
      0.9938903671035173,
      0.9933571648483649,
      0.9894254196314411,
      0.9840526653256203,
      0.9868760107735428,
      0.9797129274471723,
      0.9789670838682736,
      0.9756666900823271,
      0.9724576937685476,
      0.9700788052758742,
      0.9696551033911175,
      0.9667591160377521,
      0.9656873757928639,
      0.9619148823004758,
      0.9623803542929706,
      0.9612701323871511,
      0.960098819120919,
      0.9607317491434665,
      0.9580687893764386,
      0.9572667725162607,
      0.9587134048281285,
      0.9552556205446269,
      0.9543969901231474,
      0.9564117965666501,
      0.9548873515645503,
      0.9527208898084318,
      0.9548242891624749,
      0.9519791835854948,
      0.9517714924858863,
      0.9515801905443168,
      0.9497081562847427,
      0.9474386043368278,
      0.9477443494263109,
      0.946781580424841,
      0.9478925874329002,
      0.945840769470139,
      0.9456729434881606,
      0.9454012175927464,
      0.9476937445965886,
      0.943394922477789,
      0.9399893024130728,
      0.9399537321031464,
      0.9382391014617997,
      0.9403218609622302,
      0.9361954011394492,
      0.9387686976775022,
      0.9378709427629673,
      0.9387700920322758,
      0.9354255616692898,
      0.9366174532323693,
      0.9357802981021451,
      0.9337909429122212,
      0.9339584190683827,
      0.932536469333033,
      0.9324421727065942,
      0.9311609508706584,
      0.9298112503390092,
      0.932016554298102,
      0.9301249573236016,
      0.9316779536306452,
      0.9311876215312022,
      0.9296121989348881,
      0.9300018347673437,
      0.9279627077147672,
      0.9281259101576953,
      0.9303377608455293,
      0.9294458645784667,
      0.9294859369872905,
      0.9272479518671809,
      0.9286397291258254,
      0.9267512601725174,
      0.9277552812585508,
      0.9261829360853554,
      0.9250991107295247
    ],
    "valid_loss": [
      1.1590136044965291,
      1.0831304820535097,
      1.0713968256232935,
      1.0595900530643287,
      1.0498168790818672,
      1.0400232427084333,
      1.0391701252251484,
      1.0306126659963808,
      1.0293196339254687,
      1.0226851391823841,
      1.020202036536748,
      1.0231177135167524,
      1.0145750135812222,
      1.0141415545429964,
      1.012741196995758,
      1.0095324124608338,
      1.0068161145560721,
      1.006031830831094,
      1.0022158509074106,
      1.0031822627523113,
      0.995133459224508,
      1.0002568663483182,
      0.994020562765082,
      0.9945957230117604,
      0.9950151285009786,
      0.9955022054519159,
      0.993300507239884,
      0.9905780188033723,
      0.9896324673891896,
      0.9890431503409844,
      0.993639102619532,
      0.9889701314766222,
      0.9869638517887597,
      0.9903025936059727,
      0.9849511373388714,
      0.9855389147525738,
      0.9888694494915241,
      0.9886194579474521,
      0.9846158813698295,
      0.9835022565823582,
      0.9822283018472882,
      0.9823374372795436,
      0.9810445993096809,
      0.9789229729559824,
      0.9812761480033597,
      0.9830904981954355,
      0.9788749029628203,
      0.9789953826561434,
      0.9745174746117401,
      0.9761237198213707,
      0.9769682761566516,
      0.9729402777490651,
      0.9774662359402473,
      0.9737727814271612,
      0.9741352080357836,
      0.9713243121744536,
      0.9730743564065669,
      0.9720862635001121,
      0.969350871236102,
      0.9704604643848086,
      0.9674394943007703,
      0.9676801896963021,
      0.9687695255048142,
      0.9657415884848285,
      0.9690811480243557,
      0.9657723921246146,
      0.9688762088822086,
      0.9684866450820049,
      0.9654375826136496,
      0.9685383534646923,
      0.9638258266964381,
      0.963658931873241,
      0.9663910323750736,
      0.9668481538624719,
      0.966369365856128,
      0.9647046160751938,
      0.9636537159528863,
      0.9629327337213559,
      0.9620807981244078,
      0.9631661645707371,
      0.9614290960237166
    ],
    "train_acc": [
      0.5072517084370208,
      0.554587163031503,
      0.5643928596192516,
      0.5673031734169511,
      0.5714404030909805,
      0.5749689900382906,
      0.5766735748900206,
      0.5812518779324638,
      0.5825905067143309,
      0.5837923834911438,
      0.5860536067859812,
      0.5841544873918504,
      0.5878641262895137,
      0.5904566361318058,
      0.592648520381827,
      0.5946362396665562,
      0.5969032412151283,
      0.5969398368221145,
      0.5988485866391365,
      0.5992010601169518,
      0.6023713953327119,
      0.6002084023513641,
      0.6006321409585738,
      0.6031167900644853,
      0.6018937263573118,
      0.6032458377312264,
      0.6028702512384724,
      0.6042088800203395,
      0.6042358452044346,
      0.6051757744786089,
      0.6026410471736635,
      0.6054088307125742,
      0.6062813470265106,
      0.6044766057767129,
      0.6070190374199712,
      0.6080533448384785,
      0.6072366849773108,
      0.6084154487391851,
      0.6072097197932156,
      0.6083538140326818,
      0.6092975954760126,
      0.6087968134856738,
      0.6095190952025086,
      0.609139656540598,
      0.6107113415564305,
      0.6087371048637488,
      0.6110657411188241,
      0.6137333682596671,
      0.6126027566122484,
      0.6130900560105396,
      0.6121173832985354,
      0.6146636671109502,
      0.6140550243842308,
      0.614116659090734,
      0.6154341009422406,
      0.616545451743877,
      0.6137372204288235,
      0.6155843355393422,
      0.61604274366896,
      0.6156710093453623,
      0.6178340023267102,
      0.6166976124255569,
      0.6169056295600053,
      0.6187257794864288,
      0.6165415995747205,
      0.6183733060086134,
      0.6175893895852754,
      0.6175335331325069,
      0.6188008967849796,
      0.6181614367050086,
      0.6194634698798893,
      0.619588665377474,
      0.6180978759139272,
      0.6183675277548788,
      0.6179553456551384,
      0.6198852824025208,
      0.6197003782830112,
      0.6200104779001055,
      0.6195077698251885,
      0.6210563418260823,
      0.6205786728506822
    ],