process,threshold,initial_sensitivity,max_sensitivity,improvement
MHc-100_MA-95,0.7000000000000001,1.5277846362517546,2.164368310602339,0.41667107997130404
