{
  "syst": "Central",
  "observed": 53.28512988705188,
  "expected": 61.682882957029506,
  "difference": -0.13614397815724338,
  "max_bin_difference": 3.5454769037389235,
  "max_bin_difference_bin": 104,
  "max_bin_difference_filtered": 0.485821444512224,
  "max_bin_difference_filtered_bin": 26,
  "snr_threshold": 3.0,
  "mass_range_min": 10.0,
  "mass_range_max": 160.0,
  "percentile_68_difference": 0.2062290136555982,
  "percentile_95_difference": 0.3221172779283364,
  "rms_bin_difference": 0.19425475963106098,
  "chi2": 34.249075149007226,
  "ndf": 9,
  "chi2_per_ndf": 3.805452794334136,
  "p_value": 8.077333428182822e-05,
  "closure_uncertainty_scale": 3.9000000000000004,
  "recommended_systematic_pct": 290.00000000000006
}