{
  "syst": "Central",
  "observed": 53.28512831963599,
  "expected": 61.68288280960405,
  "difference": -0.13614400150345327,
  "max_bin_difference": 255.7022697031047,
  "max_bin_difference_bin": 151,
  "max_bin_difference_filtered": 0.7156375731274541,
  "max_bin_difference_filtered_bin": 75,
  "snr_threshold": 3.0,
  "mass_range_min": 10.0,
  "mass_range_max": 160.0,
  "percentile_68_difference": 0.25393278280764997,
  "percentile_95_difference": 0.49383277851616314,
  "rms_bin_difference": 0.26144487807169814,
  "chi2": 9.719146946474314,
  "ndf": 11,
  "chi2_per_ndf": 0.8835588133158467,
  "p_value": 0.5558130572500064,
  "closure_uncertainty_scale": 0.55,
  "recommended_systematic_pct": 44.99999999999999
}