{
  "observed": 137.3035135269165,
  "expected": 151.75849944353104,
  "difference": -0.09524992649254019,
  "max_bin_difference": 0.0,
  "max_bin_difference_bin": -1,
  "max_bin_difference_filtered": 0.0,
  "max_bin_difference_filtered_bin": -1,
  "snr_threshold": 3.0,
  "mass_range_min": 10.0,
  "mass_range_max": 160.0,
  "percentile_68_difference": 0.0,
  "percentile_95_difference": 0.0,
  "rms_bin_difference": 0.0,
  "chi2": 24.794687399204328,
  "ndf": 21,
  "chi2_per_ndf": 1.180699399962111,
  "p_value": 0.25616583414112293,
  "closure_uncertainty_scale": 1.25,
  "recommended_systematic_pct": 25.0
}