{
  "observed": 137.30351375043392,
  "expected": 151.75849969106184,
  "difference": -0.09524992649541382
}