{
  "syst": "Central",
  "observed": 62.31208608765155,
  "expected": 71.67183486570138,
  "difference": -0.1305917281954358,
  "max_bin_difference": 2.1667076605783855,
  "max_bin_difference_bin": 150,
  "max_bin_difference_filtered": 0.7150418242931947,
  "max_bin_difference_filtered_bin": 71,
  "snr_threshold": 3.0,
  "mass_range_min": 10.0,
  "mass_range_max": 160.0,
  "percentile_68_difference": 0.3390344627677033,
  "percentile_95_difference": 0.539507963955651,
  "rms_bin_difference": 0.30792840110509023,
  "chi2": 16.273752649976803,
  "ndf": 13,
  "chi2_per_ndf": 1.2518271269212926,
  "p_value": 0.23466284960401204,
  "closure_uncertainty_scale": 1.3,
  "recommended_systematic_pct": 30.000000000000004
}