{
  "syst": "Central",
  "observed": 60.58694018609822,
  "expected": 70.09007303090766,
  "difference": -0.13558457615843603,
  "max_bin_difference": 0.23093290618311335,
  "max_bin_difference_bin": 2,
  "max_bin_difference_filtered": 0.23093290618311335,
  "max_bin_difference_filtered_bin": 2,
  "snr_threshold": 3.0,
  "mass_range_min": 10.0,
  "mass_range_max": 160.0,
  "percentile_68_difference": 0.20955537694929038,
  "percentile_95_difference": 0.22880076134124194,
  "rms_bin_difference": 0.16975001770810966,
  "chi2": 13.18027013444052,
  "ndf": 12,
  "chi2_per_ndf": 1.0983558445367099,
  "p_value": 0.3560752357735705,
  "closure_uncertainty_scale": 1.05,
  "recommended_systematic_pct": 5.000000000000004
}