{
  "hyperparameters": {
    "signal": "MHc130_MA90",
    "channel": "Combined",
    "iteration": 0,
    "model_idx": 11,
    "num_hidden": 192,
    "optimizer": "Adadelta",
    "initial_lr": 0.0003,
    "weight_decay": 0.00029,
    "scheduler": "ReduceLROnPlateau",
    "pilot_mode": false,
    "num_classes": 4,
    "model_type": "ParticleNet",
    "num_node_features": 9,
    "num_graph_features": 4,
    "dropout_p": 0.4,
    "batch_size": 256,
    "train_folds": [
      0,
      1,
      2
    ],
    "valid_folds": [
      3
    ],
    "loss_type": "disco",
    "disco_lambda": 0.05
  },
  "training_summary": {
    "best_epoch": 2,
    "best_train_loss": 1.4400043336816108,
    "best_valid_loss": 0.9564395958269146,
    "best_train_acc": 0.25025924667716026,
    "best_valid_acc": 0.3225176790729165,
    "total_epochs": 10
  },
  "epoch_history": {
    "train_loss": [
      1.4586548964665653,
      1.4503364539798633,
      1.4400043336816108,
      1.422241878799392,
      1.4124447900835866,
      1.3977654825227963,
      1.39426054331307,
      1.3919378680661094,
      1.3747767857142856,
      1.3627739717895138
    ],
    "valid_loss": [
      1.0040093005543025,
      0.988737939109265,
      0.9564395958269146,
      0.9638948037590779,
      0.9653347176565251,
      0.9675095249229754,
      0.9989279088839679,
      1.0089291854643485,
      1.0217373270384023,
      1.0323527161504182
    ],
    "train_acc": [
      0.2487453930079937,
      0.25086380913853645,
      0.25025924667716026,
      0.25538408011198044,
      0.255733709782362,
      0.25743304193019867,
      0.256413035094738,
      0.2567720338702202,
      0.25815146788954735,
      0.2609555535018444
    ],
    "valid_acc": [
      0.27409353922121227,
      0.29715773090720177,
      0.3225176790729165,
      0.32002812065184116,
      0.3051590505056083,
      0.2899334055837244,
      0.26578903920017183,
      0.25836645858362317,
      0.253361119015608,
      0.2515592355921399
    ],
    "epoch": [
      0,
      1,
      2,
      3,
      4,
      5,
      6,
      7,
      8,
      9
    ],
    "timestamp": [
      1766987701.4381144,
      1766988032.0551345,
      1766988363.4637678,
      1766988694.8932798,
      1766989027.1779282,
      1766989357.1025631,
      1766989685.5467381,
      1766989992.0380359,
      1766990279.682979,
      1766990562.1352017
    ],
    "train_ce_loss": [
      1.429261299614486,
      1.4209397353526307,
      1.4110756687480266,
      1.3931661329008527,
      1.3834661950456335,
      1.3684359045014194,
      1.364969578738633,
      1.3627792080484988,
      1.3456401171836447,
      1.333463217295412
    ],
    "valid_ce_loss": [
      0.9727802659896477,
      0.95756176129823,
      0.924990141633111,
      0.9324533930966552,
      0.9340720707419473,
      0.936248451550032,
      0.9674335961872843,
      0.9773831531457918,
      0.9899754981759569,
      1.000683492482443
    ],
    "train_disco_term": [
      0.5878716904703969,
      0.5879338454511752,
      0.5785733221330903,
      0.5815162375886389,
      0.5795718150479453,
      0.5865928208755504,
      0.5858209393850576,
      0.5831737446205232,
      0.5827349733255555,
      0.5862163644612379
    ],
    "valid_disco_term": [
      0.6245804115290373,
      0.6235257156298194,
      0.6289908556975949,
      0.6288272319230396,
      0.6252529019830932,
      0.6252210255135113,
      0.6298858746361564,
      0.6309216054497471,
      0.6352381188894661,
      0.633383818285566
    ]
  }
}