{
  "hyperparameters": {
    "signal": "MHc115_MA87",
    "channel": "Combined",
    "iteration": 2,
    "model_idx": 12,
    "num_hidden": 256,
    "optimizer": "Adadelta",
    "initial_lr": 0.0016,
    "weight_decay": 0.00037,
    "scheduler": "ReduceLROnPlateau",
    "pilot_mode": false,
    "num_classes": 4,
    "model_type": "ParticleNet",
    "num_node_features": 9,
    "num_graph_features": 4,
    "dropout_p": 0.4,
    "batch_size": 256,
    "train_folds": [
      0,
      1,
      2
    ],
    "valid_folds": [
      3
    ],
    "loss_type": "disco",
    "disco_lambda": 0.05
  },
  "training_summary": {
    "best_epoch": 0,
    "best_train_loss": 1.433718120725684,
    "best_valid_loss": 0.9175928679990096,
    "best_train_acc": 0.2562101297080517,
    "best_valid_acc": 0.3004484996199608,
    "total_epochs": 8
  },
  "epoch_history": {
    "train_loss": [
      1.433718120725684,
      1.3573654777735562,
      1.2997367140007599,
      1.2546021620915653,
      1.2063909930661094,
      1.17158203125,
      1.1376317914133738,
      1.1136493161094225
    ],
    "valid_loss": [
      0.9175928679990096,
      1.0189883809694102,
      1.0966575515102333,
      1.2090532544633033,
      1.2696707282267825,
      1.295225653849857,
      1.2984668570505062,
      1.2986028966769365
    ],
    "train_acc": [
      0.2562101297080517,
      0.2691347487270832,
      0.2811273857951164,
      0.29010479897260666,
      0.30277902632951736,
      0.3133401572704315,
      0.3266153335571289,
      0.33136913925409317
    ],
    "valid_acc": [
      0.3004484996199608,
      0.251121290413721,
      0.25035836052848026,
      0.2500580940177315,
      0.25007957625348354,
      0.25012966511712875,
      0.25040064170480036,
      0.2507477022381863
    ],
    "epoch": [
      0,
      1,
      2,
      3,
      4,
      5,
      6,
      7
    ],
    "timestamp": [
      1767030414.962979,
      1767030751.494705,
      1767031089.1823483,
      1767031425.8646905,
      1767031763.1166425,
      1767032100.5155394,
      1767032437.8034465,
      1767032758.6546183
    ],
    "train_ce_loss": [
      1.4047446404184614,
      1.3281082558776833,
      1.271032371093437,
      1.2259468908005573,
      1.1780103203735814,
      1.1430079376443905,
      1.1091711497234356,
      1.0854336764674781
    ],
    "valid_ce_loss": [
      0.885829429916093,
      0.9879401759572433,
      1.0658366991285706,
      1.178401257108215,
      1.2391308894984319,
      1.264827576846304,
      1.2682057332614778,
      1.2685510341970014
    ],
    "train_disco_term": [
      0.5794702449105793,
      0.5851436209533715,
      0.5740881245730496,
      0.5731051103684678,
      0.5676134957006275,
      0.5714806321906464,
      0.5692132654342246,
      0.5643130311125317
    ],
    "valid_disco_term": [
      0.6352696157467197,
      0.620963313787336,
      0.6164176528092841,
      0.6130405889535454,
      0.6107965208799906,
      0.6079617451194307,
      0.6052226439957887,
      0.6010368682024344
    ]
  }
}