{
  "hyperparameters": {
    "signal": "MHc115_MA87",
    "channel": "Combined",
    "iteration": 2,
    "model_idx": 2,
    "num_hidden": 256,
    "optimizer": "Adam",
    "initial_lr": 0.0016,
    "weight_decay": 2e-05,
    "scheduler": "CyclicLR",
    "pilot_mode": false,
    "num_classes": 4,
    "model_type": "ParticleNet",
    "num_node_features": 9,
    "num_graph_features": 4,
    "dropout_p": 0.4,
    "batch_size": 256,
    "train_folds": [
      0,
      1,
      2
    ],
    "valid_folds": [
      3
    ],
    "loss_type": "disco",
    "disco_lambda": 0.05
  },
  "training_summary": {
    "best_epoch": 16,
    "best_train_loss": 0.6441134652830547,
    "best_valid_loss": 0.6261164705518266,
    "best_train_acc": 0.5802820399403572,
    "best_valid_acc": 0.5947535336017609,
    "total_epochs": 24
  },
  "epoch_history": {
    "train_loss": [
      0.9021098499240121,
      0.7269292303856383,
      0.7038465134640958,
      0.6905563586388678,
      0.6779136588145896,
      0.6713436787613982,
      0.6635301398651215,
      0.6568872886588146,
      0.6499067219557371,
      0.6561159081734422,
      0.6628479560457827,
      0.6670097003229484,
      0.6639089659716946,
      0.6596527563402356,
      0.6550678844509878,
      0.6490911141717325,
      0.6441134652830547,
      0.6503708859707447,
      0.6567797628941869,
      0.663031172824848,
      0.6596031119395896,
      0.6558685024458587,
      0.6512178090568009,
      0.6459204769424393
    ],
    "valid_loss": [
      0.8440027908540108,
      0.7227364123707086,
      0.684843251402949,
      0.6754903659014635,
      0.6666525182589679,
      0.6542868815677266,
      0.6509278525768871,
      0.6411944644551881,
      0.6343490170760894,
      0.6429779697471941,
      0.6463677312286806,
      0.6506891384930678,
      0.6439376616142165,
      0.6385230480785101,
      0.6361544971734705,
      0.6314874568455656,
      0.6261164705518266,
      0.632752002125055,
      0.6446345154668244,
      0.6425228924818442,
      0.643172519307741,
      0.6429937658175616,
      0.630478926107917,
      0.6302406418491417
    ],
    "train_acc": [
      0.4108472764492035,
      0.5026504993438721,
      0.5231587737798691,
      0.5351583957672119,
      0.5463778376579285,
      0.5541953518986702,
      0.5610102489590645,
      0.567765362560749,
      0.5743008852005005,
      0.569763608276844,
      0.5634017810225487,
      0.5622855424880981,
      0.564064234495163,
      0.5678932070732117,
      0.5723929777741432,
      0.5782625898718834,
      0.5802820399403572,
      0.5755593478679657,
      0.5681525394320488,
      0.5654608979821205,
      0.5696240365505219,
      0.571014903485775,
      0.5757900029420853,
      0.5793658420443535
    ],
    "valid_acc": [
      0.4421646576374769,
      0.5026442427188158,
      0.5407326593995094,
      0.542322613298893,
      0.5569840297102928,
      0.5700128301978111,
      0.5736955627799034,
      0.5822050124406815,
      0.5889772996306419,
      0.5824211537837982,
      0.5816555321216583,
      0.5745854526758194,
      0.5822332203388214,
      0.5822577327489853,
      0.5845763757824898,
      0.5891840904951096,
      0.5947535336017609,
      0.5899991542100906,
      0.5782950147986412,
      0.5824108868837357,
      0.5774643830955029,
      0.5854472294449806,
      0.5941645130515099,
      0.5902741402387619
    ],
    "epoch": [
      0,
      1,
      2,
      3,
      4,
      5,
      6,
      7,
      8,
      9,
      10,
      11,
      12,
      13,
      14,
      15,
      16,
      17,
      18,
      19,
      20,
      21,
      22,
      23
    ],
    "timestamp": [
      1767029895.9449716,
      1767030115.2294633,
      1767030442.7332768,
      1767030777.4233928,
      1767031113.2541513,
      1767031449.084338,
      1767031784.1008132,
      1767032120.7644017,
      1767032456.5728202,
      1767032774.7573617,
      1767033068.8527658,
      1767033359.4968424,
      1767033649.4191482,
      1767033940.2593148,
      1767034231.1551325,
      1767034516.8013287,
      1767034788.5315099,
      1767035059.800559,
      1767035330.9547505,
      1767035602.294478,
      1767035857.4521468,
      1767036109.6780245,
      1767036362.9515169,
      1767036604.624193
    ],
    "train_ce_loss": [
      0.8721421309698679,
      0.6963696710788008,
      0.6744639876403344,
      0.661494115257698,
      0.6491642822248233,
      0.6426356069585111,
      0.6352311525844876,
      0.6287299569616926,
      0.6215296635964721,
      0.6278096505573818,
      0.6343555891586292,
      0.6384421289148302,
      0.6351244726441914,
      0.6310692915981664,
      0.6262962076439321,
      0.6207353819286208,
      0.615953446458176,
      0.6221888322235966,
      0.6282471198622579,
      0.634415090899337,
      0.631284240259588,
      0.6272983780204344,
      0.6226646867747727,
      0.6177145202471492
    ],
    "valid_ce_loss": [
      0.8136797613451179,
      0.6930113034978719,
      0.6568347182072384,
      0.6468720182146824,
      0.6378669683152521,
      0.625588067977781,
      0.6229913771729654,
      0.6129294452847729,
      0.6065597171095055,
      0.6142108420985686,
      0.61810569669789,
      0.6219121557201298,
      0.6152238091847426,
      0.609945991614335,
      0.6078812723428431,
      0.6040085518968777,
      0.5983739241328038,
      0.6044458985118799,
      0.6158600436444853,
      0.61496825091226,
      0.6155083772372192,
      0.6145546969393609,
      0.6027539053958066,
      0.6021869727213618
    ],
    "train_disco_term": [
      0.5993549936448187,
      0.6111912862326961,
      0.5876502798864545,
      0.5812456184969848,
      0.5749878964344419,
      0.5741627215976773,
      0.565978571763517,
      0.5631463099214443,
      0.5675409529709163,
      0.5661252514026085,
      0.5698467977141175,
      0.5713504137601534,
      0.5756894724347309,
      0.5716687617693266,
      0.5754335191836836,
      0.5671151329681141,
      0.5632013741778747,
      0.5636415180464284,
      0.5706526632729272,
      0.5723221214527779,
      0.566377719158822,
      0.5714027916587957,
      0.571062077414301,
      0.5641184640872805
    ],
    "valid_disco_term": [
      0.6064615447966146,
      0.594502613210762,
      0.5601713104357182,
      0.5723671724783702,
      0.5757115428716364,
      0.5739757659464655,
      0.5587293326225079,
      0.5653001286194358,
      0.5557851637648025,
      0.5753420978049997,
      0.5652405836317741,
      0.5755396984832387,
      0.5742770428179016,
      0.5715419083938632,
      0.5654646523401771,
      0.5495788294979385,
      0.5548517561819352,
      0.5661218621256486,
      0.5754893309318684,
      0.5510931620505494,
      0.5532828902589603,
      0.5687818774874781,
      0.5545010492730309,
      0.5610733100960792
    ]
  }
}