{
  "syst": "Central",
  "observed": 458.6451111705974,
  "expected": 468.1542581348913,
  "difference": -0.020311995029540016,
  "max_bin_difference": 1.336501926451713,
  "max_bin_difference_bin": 135,
  "max_bin_difference_filtered": 1.336501926451713,
  "max_bin_difference_filtered_bin": 135,
  "snr_threshold": 3.0,
  "mass_range_min": 10.0,
  "mass_range_max": 160.0,
  "percentile_68_difference": 0.1744165859637999,
  "percentile_95_difference": 0.4756324652477813,
  "rms_bin_difference": 0.2497341850128119,
  "chi2": 159.3436431571847,
  "ndf": 60,
  "chi2_per_ndf": 2.655727385953078,
  "p_value": 6.056170235434814e-11,
  "closure_uncertainty_scale": 2.5500000000000003,
  "recommended_systematic_pct": 155.00000000000003
}