process,threshold,initial_sensitivity,max_sensitivity,improvement
MHc-100_MA-95,0.78,0.8444979700365656,1.1081365919072688,0.3121838432119475
