{
  "hyperparameters": {
    "signal": "MHc160_MA85",
    "channel": "Run3Mu",
    "iteration": 0,
    "model_idx": 17,
    "num_hidden": 128,
    "optimizer": "RMSprop",
    "initial_lr": 0.0012,
    "weight_decay": 0.0032,
    "scheduler": "ExponentialLR",
    "pilot_mode": false,
    "num_classes": 4,
    "model_type": "ParticleNet",
    "num_node_features": 9,
    "num_graph_features": 4,
    "dropout_p": 0.3,
    "batch_size": 1024,
    "train_folds": [
      0,
      1,
      2
    ],
    "valid_folds": [
      3
    ]
  },
  "training_summary": {
    "best_epoch": 12,
    "best_train_loss": 0.8641027621097546,
    "best_valid_loss": 0.8787411088684784,
    "best_train_acc": 0.6652493235407808,
    "best_valid_acc": 0.6619067602020617,
    "total_epochs": 20
  },
  "epoch_history": {
    "train_loss": [
      0.8727754590035928,
      1.0884205051234301,
      1.1940897210574215,
      1.2246054739288004,
      1.123837639450382,
      0.9234309438051433,
      0.8639177505221701,
      1.043716710031271,
      0.9831492496854397,
      0.9470918668541217,
      0.9297675535076124,
      0.9228795512141662,
      0.8641027621097546,
      1.105299352255016,
      1.4663968314643399,
      1.158383086244427,
      1.3054021033113548,
      1.2397432174575518,
      0.9993343373181084,
      0.8750726237702511
    ],
    "valid_loss": [
      0.8866830542583315,
      1.1037748335251591,
      1.2120864593429022,
      1.2619070812337037,
      1.1571285067364394,
      0.9418963094163797,
      0.8801517875296979,
      1.0573644489005078,
      1.0066779037181037,
      0.9713668039147895,
      0.9452623764400775,
      0.9411929778020968,
      0.8787411088684784,
      1.126609292766027,
      1.4759405136380235,
      1.1938079042399505,
      1.3653992384969014,
      1.279317129520806,
      1.030350796557067,
      0.8929549273720592
    ],
    "train_acc": [
      0.66832292887671,
      0.5808910638524294,
      0.6042420135557889,
      0.4132293357162643,
      0.5257993486585841,
      0.6733011053398416,
      0.6632899783877344,
      0.5327493900520979,
      0.5745826610473733,
      0.6298856474837595,
      0.6708738335088711,
      0.6137226149432933,
      0.6652493235407808,
      0.530290818777788,
      0.37846504399919245,
      0.5623101493139945,
      0.5633320761390259,
      0.5432660030141364,
      0.5725701068406498,
      0.6744044107175554
    ],
    "valid_acc": [
      0.664915517268682,
      0.571754897148015,
      0.5913236947536779,
      0.395730732078101,
      0.505585995027633,
      0.6693375983784383,
      0.6595947679298167,
      0.5281437552455304,
      0.5606145782197659,
      0.6177690858129187,
      0.6675402619202204,
      0.6051877306053935,
      0.6619067602020617,
      0.517023230771667,
      0.3826861866379515,
      0.5528234809735705,
      0.5372373275903023,
      0.521916419895802,
      0.5529026587911131,
      0.6704460878240353
    ],
    "epoch": [
      0,
      1,
      2,
      3,
      4,
      5,
      6,
      7,
      8,
      9,
      10,
      11,
      12,
      13,
      14,
      15,
      16,
      17,
      18,
      19
    ],
    "timestamp": [
      1760915607.273422,
      1760915980.741732,
      1760916355.248931,
      1760916720.9663718,
      1760917112.8480704,
      1760917442.6769242,
      1760917804.13491,
      1760918177.5317347,
      1760918492.6654537,
      1760918726.959316,
      1760918963.604353,
      1760919207.8766599,
      1760919451.8557303,
      1760919684.6961179,
      1760919885.6841352,
      1760920111.2570617,
      1760920340.8505569,
      1760920571.5980318,
      1760920792.2618706,
      1760920990.4831166
    ]
  }
}