{
  "hyperparameters": {
    "signal": "MHc160_MA85",
    "channel": "Run3Mu",
    "iteration": 0,
    "model_idx": 2,
    "num_hidden": 96,
    "optimizer": "Adadelta",
    "initial_lr": 0.0046,
    "weight_decay": 0.00958,
    "scheduler": "CyclicLR",
    "pilot_mode": false,
    "num_classes": 4,
    "model_type": "ParticleNet",
    "num_node_features": 9,
    "num_graph_features": 4,
    "dropout_p": 0.3,
    "batch_size": 1024,
    "train_folds": [
      0,
      1,
      2
    ],
    "valid_folds": [
      3
    ]
  },
  "training_summary": {
    "best_epoch": 80,
    "best_train_loss": 0.7981018059248346,
    "best_valid_loss": 0.8143481950612341,
    "best_train_acc": 0.6874594085344192,
    "best_valid_acc": 0.6819229124768404,
    "total_epochs": 81
  },
  "epoch_history": {
    "train_loss": [
      1.3581678328657802,
      1.460494301200467,
      1.218982373579791,
      1.0229042978628027,
      0.9682950907618025,
      0.9182254937928147,
      0.9001311082327257,
      0.8954911322177356,
      0.889184167878293,
      0.8879602856035916,
      0.8767364491398351,
      0.8688633423175848,
      0.8677037262212528,
      0.8656412481448446,
      0.8598387829528779,
      0.8560981125037302,
      0.8562466438760434,
      0.8553842361748523,
      0.8516734995421199,
      0.8526235223931159,
      0.8471549782225603,
      0.8468080498505451,
      0.8467459303807655,
      0.8447182712470845,
      0.8474858455814639,
      0.8474597190402422,
      0.841762371415486,
      0.8437219585253938,
      0.8419938555122569,
      0.8412077413534105,
      0.8382117726033833,
      0.8445991215564885,
      0.8393443626572434,
      0.838176117864156,
      0.8357433869984757,
      0.8331736151204582,
      0.8338807898973853,
      0.8342273002051127,
      0.8314248843304609,
      0.8347665748867165,
      0.832219392034882,
      0.8321020600922565,
      0.8311393246363148,
      0.8290627943761815,
      0.8297664915414893,
      0.8289336175364379,
      0.8281371575599238,
      0.8278337961506687,
      0.8258036518138564,
      0.8270979863602299,
      0.8250177389598708,
      0.8243529473349182,
      0.8230002292880395,
      0.8225959609591434,
      0.8207953559675844,
      0.8211527147014281,
      0.8213458878176012,
      0.819565388546028,
      0.8195473743325048,
      0.818727189248333,
      0.8160905766135159,
      0.8146872608525116,
      0.8153282898684184,
      0.8139467208052859,
      0.814031135940606,
      0.814216808429899,
      0.8125906464923672,
      0.8112085594438285,
      0.8081771261046862,
      0.8061434171495118,
      0.8057568866638176,
      0.80514190398807,
      0.806046140638715,
      0.806202940047768,
      0.8032378411160909,
      0.8014910851733448,
      0.8002398411346463,
      0.7982913878655673,
      0.7991276725313575,
      0.7993795077063234,
      0.7981018059248346
    ],
    "valid_loss": [
      1.3539364253312354,
      1.4344781955560182,
      1.225336960620062,
      1.0389195191371083,
      0.9849293739956634,
      0.9333506351008163,
      0.9157530851010297,
      0.9109946253648984,
      0.9048994240389824,
      0.9030583822373629,
      0.8922987441087529,
      0.8845386588187789,
      0.883928713197238,
      0.882254706676651,
      0.8764487448081311,
      0.8728006889641556,
      0.8729022585333275,
      0.8723961499511727,
      0.8686032135372697,
      0.8699639549364709,
      0.8641827081066765,
      0.8641883569684273,
      0.8640809952500114,
      0.8617732643913106,
      0.8641890806548396,
      0.8647424137019007,
      0.8587659370584135,
      0.8610623701936126,
      0.8592992705059258,
      0.8584985567967692,
      0.8551599613442141,
      0.8618039685089716,
      0.8563277783360862,
      0.8553698103483274,
      0.8528546605737429,
      0.8501696904731889,
      0.8504314685079664,
      0.8510554860245275,
      0.8481936781353054,
      0.8519515356928189,
      0.8495929585543095,
      0.8494165721333269,
      0.8481024284068607,
      0.8459497102111209,
      0.8466035832354333,
      0.8457670906633641,
      0.8449773885859856,
      0.8448006218369853,
      0.8427013771806066,
      0.8440058537130901,
      0.8417864145297265,
      0.8411154139381506,
      0.8395581212424559,
      0.8392463220995217,
      0.8373619412678899,
      0.8379138308082311,
      0.8383520049292521,
      0.8360941576903713,
      0.8362618236296794,
      0.8352023058865337,
      0.8329434297806267,
      0.8313850917869623,
      0.8317965424280367,
      0.8308317693716881,
      0.8309103508426313,
      0.8308402603034156,
      0.8292139114930561,
      0.8277536853214656,
      0.82466146703529,
      0.8227686940992237,
      0.8223055664491637,
      0.8217467814700432,
      0.8226406001544803,
      0.8226444225235467,
      0.8196579702212073,
      0.8181357271444879,
      0.8170128376682622,
      0.8147647339789253,
      0.815481462611384,
      0.8154562379717761,
      0.8143481950612341
    ],
    "train_acc": [
      0.3265596121372981,
      0.3433533284610533,
      0.6607296839225715,
      0.6628643059583186,
      0.6640536848052158,
      0.6662947249483168,
      0.66768755017692,
      0.6677125897315916,
      0.6690130816023437,
      0.6673213466898491,
      0.6684606464274033,
      0.6686468781152727,
      0.6685044656480784,
      0.6686265334771021,
      0.6697235789661481,
      0.6709692968110562,
      0.670405906830947,
      0.6707502007076804,
      0.6709708617832232,
      0.6705858786301485,
      0.6714012291291399,
      0.6715905907613433,
      0.6717877772543815,
      0.6721242462702801,
      0.6711821330257641,
      0.6716860540635284,
      0.6731226985128069,
      0.6728707379939248,
      0.6732478962861645,
      0.6737220828527565,
      0.6746125520157624,
      0.6729568114631082,
      0.6741571451151741,
      0.6746657610694394,
      0.6753293092682346,
      0.6760038122721987,
      0.6762980270395891,
      0.6755984844809535,
      0.6768895865187038,
      0.6758269704173311,
      0.6762307332364094,
      0.6765421626976365,
      0.6768676769083661,
      0.6776032138268421,
      0.6770226091528962,
      0.6770445187632338,
      0.6772542250336078,
      0.6777252816558658,
      0.6781932083337898,
      0.6773121290037857,
      0.6780899201707697,
      0.678495247962015,
      0.6788285870335796,
      0.6794232764570282,
      0.680061785101152,
      0.6796204629500664,
      0.6792777340455,
      0.680271491371526,
      0.6801353387929996,
      0.6807769773814573,
      0.6814248758585828,
      0.6817660397909823,
      0.6818395934828299,
      0.6817942092899878,
      0.6819021923695087,
      0.6817488250971456,
      0.6828881248346999,
      0.6830712265782353,
      0.6842543455364646,
      0.6850086621209441,
      0.6849257185960947,
      0.6854343345503601,
      0.6851855039758118,
      0.6850243118426139,
      0.685955470281961,
      0.6867520411149488,
      0.6870603406318418,
      0.6881307815940494,
      0.6873811599260707,
      0.6869742671626585,
      0.6874594085344192
    ],