{
  "hyperparameters": {
    "signal": "MHc160_MA85",
    "channel": "Run3Mu",
    "iteration": 0,
    "model_idx": 6,
    "num_hidden": 96,
    "optimizer": "Adadelta",
    "initial_lr": 0.0067,
    "weight_decay": 0.00109,
    "scheduler": "ExponentialLR",
    "pilot_mode": false,
    "num_classes": 4,
    "model_type": "ParticleNet",
    "num_node_features": 9,
    "num_graph_features": 4,
    "dropout_p": 0.3,
    "batch_size": 1024,
    "train_folds": [
      0,
      1,
      2
    ],
    "valid_folds": [
      3
    ]
  },
  "training_summary": {
    "best_epoch": 57,
    "best_train_loss": 0.8417630863566845,
    "best_valid_loss": 0.8602473603553822,
    "best_train_acc": 0.6731383482344766,
    "best_valid_acc": 0.669056517126162,
    "total_epochs": 65
  },
  "epoch_history": {
    "train_loss": [
      1.6500555648987345,
      1.276206212085932,
      1.1122964056436995,
      1.0254314550121395,
      0.9816487302679991,
      0.9512624833133959,
      0.9227208585655811,
      0.914087824444033,
      0.9085183140623313,
      0.8909083907835167,
      0.8967551243128553,
      0.8897379913523263,
      0.8855430563755882,
      0.88074663489319,
      0.8815584145875156,
      0.877328718137991,
      0.8747973329089911,
      0.8713961046521245,
      0.8751531691151293,
      0.8688937900912194,
      0.8692083710137746,
      0.8689703792456033,
      0.864370930519076,
      0.8636612642407782,
      0.8665026422160633,
      0.8594864403352905,
      0.8616276773042887,
      0.8588176494895863,
      0.8592611552581376,
      0.8622175202236614,
      0.8569174297860485,
      0.8607154107604946,
      0.8583773378290546,
      0.8530971325573863,
      0.8555541922468081,
      0.8542820241684914,
      0.8592086509632569,
      0.8534510139706433,
      0.8516880408893442,
      0.8613014224370376,
      0.8493121836615956,
      0.8548819705218229,
      0.8542091782054628,
      0.8516672571318122,
      0.8485553771629912,
      0.8470937292082525,
      0.8520649799767389,
      0.8474955712441954,
      0.8492211874341207,
      0.8497848936156909,
      0.8452096511382738,
      0.8482885786057871,
      0.8469985549639081,
      0.8440767356691659,
      0.8456443268350625,
      0.8443525865289684,
      0.8436876870295047,
      0.8417630863566845,
      0.8456566446239844,
      0.8441323615684372,
      0.8430772706667788,
      0.8465337242287807,
      0.844169966051507,
      0.842901050033593,
      0.8425367038745236
    ],
    "valid_loss": [
      1.6207290743891989,
      1.280918310716597,
      1.1275026842459308,
      1.0434344870288796,
      0.9997031969926625,
      0.9688528185625156,
      0.9397782187093441,
      0.9309638228355507,
      0.9251301294003691,
      0.9074273889830345,
      0.9138558383573102,
      0.906724221436556,
      0.9026111909111567,
      0.897997456134252,
      0.898998616240057,
      0.8948458672913899,
      0.8921328394216178,
      0.8889521269728885,
      0.8930168229781635,
      0.8865248450519493,
      0.8870092041390637,
      0.8869938184934515,
      0.8822987222749284,
      0.8816340922984633,
      0.8849221744394489,
      0.8774575216228124,
      0.8798744027564643,
      0.8769025971905391,
      0.8776041151186084,
      0.8809588353676053,
      0.8751267509567371,
      0.8794358818942074,
      0.8771418481600344,
      0.8713560646983907,
      0.8741757231095894,
      0.8728380364989171,
      0.8783922951590218,
      0.8720303688761525,
      0.8701819242095549,
      0.8809872604167388,
      0.867636745677417,
      0.8739828170662559,
      0.8733787087790539,
      0.8705354103477768,
      0.8672615151184166,
      0.865359301880368,
      0.8711061742096631,
      0.8660910575772583,
      0.8681107822658576,
      0.8688811028371237,
      0.8638562788999034,
      0.8671688516039292,
      0.8658543869908001,
      0.862757917922867,
      0.864417255960203,
      0.8630226001269227,
      0.8622219915274787,
      0.8602473603553822,
      0.8645574802906772,
      0.8628985663166646,
      0.8617616474725668,
      0.8656929005360678,
      0.8630980002772306,
      0.8617398953195796,
      0.8613405767556568
    ],
    "train_acc": [
      0.29819449161096667,
      0.6471019062925966,
      0.6617829101909423,
      0.6626749443261152,
      0.6633384925249104,
      0.6637735547873281,
      0.6651022161570856,
      0.6652634082902835,
      0.6648909449145447,
      0.6665670301053696,
      0.6658283632425598,
      0.6663213294751553,
      0.6667313521829015,
      0.6687329515844561,
      0.66737768568786,
      0.6680146293598168,
      0.6684716012325721,
      0.6702572344750849,
      0.6687736408607973,
      0.6686906973359479,
      0.6693229460914037,
      0.6709959013378947,
      0.670927042562548,
      0.6701351666460612,
      0.6698315620456691,
      0.6709865115048929,
      0.6708127995943592,
      0.6711993477196008,
      0.6708065397056914,
      0.6699426750695239,
      0.6714466133219821,
      0.6700631779263806,
      0.6706187430456549,
      0.6723042180694816,
      0.6712775963279493,
      0.67155616137367,
      0.6706453475724934,
      0.6714309636003124,
      0.6720506925784325,
      0.6693714602285799,
      0.6721211163259462,
      0.6706563023776622,
      0.670923912618214,
      0.6713887093518042,
      0.672229099405467,
      0.6723183028189844,
      0.6710193759203993,
      0.6720866869382728,
      0.672182150240458,
      0.6714153138786426,
      0.6725107943955216,
      0.6714200087951436,
      0.6717376981450385,
      0.6727205006658956,
      0.6723449073458229,
      0.6724779299800153,
      0.67202095810726,
      0.6731383482344766,
      0.6713714946579675,
      0.6721774553239571,
      0.6725921729482042,
      0.6715624212623379,
      0.6721258112424471,
      0.6725092294233547,
      0.6726109526142078
    ],
    "valid_acc": [
      0.3200288207255855,
      0.6456515542605583,
      0.6593216044592947,
      0.6602202726884037,
      0.6608101474290963,
      0.6611743653897924,
      0.6621918003452153,
      0.6623303615259148,
      0.6619701024560959,
      0.6634823987711602,
      0.6628173051038021,
      0.6632131941915153,
      0.6634903165529146,
      0.6653470363742894,
      0.6640287257122045,
      0.6646463126890371,
      0.664974900631839,
      0.6665940870005859,
      0.6652203518662212,
      0.6651332562669242,
      0.6657904321525282,
      0.6670849894693502,
      0.6670137294335619,
      0.666388224674975,
      0.6660279656051561,
      0.6671245783781216,
      0.6670018527609305,
      0.6672670984496983,
      0.666898921598125,
      0.6661308967679614,
      0.6674769196661863,
      0.6662259101490127,
      0.666748483744794,
      0.668427053476698,
      0.667377947394258,
      0.6676827819917972,
      0.6668316204532139,
      0.6675283852475891,
      0.6682093144784557,
      0.6654816386641118,
      0.6682132733693329,
      0.6667524426356712,
      0.6670216472153162,
      0.6673541940489952,
      0.6682568211689813,
      0.6683043278595069,
      0.6671404139416302,
      0.6680351232798619,
      0.6681855611331929,
      0.6673977418486436,
      0.6684547657128379,
      0.6674214951939065,
      0.6677857131546026,
      0.66870021694722,
      0.6682845334051212,
      0.6683874645679266,
      0.667856973190391,
      0.669056517126162,
      0.6673858651760123,
      0.6681182599882817,
      0.6684468479310837,
      0.6675085907932033,
      0.6679440687896879,
      0.668280574514244,
      0.6683320400956468
    ],