{
  "hyperparameters": {
    "signal": "MHc160_MA85",
    "channel": "Run1E2Mu",
    "iteration": 0,
    "model_idx": 9,
    "num_hidden": 128,
    "optimizer": "Adam",
    "initial_lr": 0.0021,
    "weight_decay": 9e-05,
    "scheduler": "ExponentialLR",
    "pilot_mode": false,
    "num_classes": 4,
    "model_type": "ParticleNet",
    "num_node_features": 9,
    "num_graph_features": 4,
    "dropout_p": 0.3,
    "batch_size": 1024,
    "train_folds": [
      0,
      1,
      2
    ],
    "valid_folds": [
      3
    ]
  },
  "training_summary": {
    "best_epoch": 79,
    "best_train_loss": 0.7239455651803655,
    "best_valid_loss": 0.7420863111168325,
    "best_train_acc": 0.7164092277038883,
    "best_valid_acc": 0.7095429675775017,
    "total_epochs": 81
  },
  "epoch_history": {
    "train_loss": [
      0.8126102142384867,
      0.7861125614274053,
      0.7753286793353912,
      0.7664611786661357,
      0.7660225226281693,
      0.7647417391555916,
      0.7616030560318706,
      0.7599565377936935,
      0.7561100516351666,
      0.7554559730516953,
      0.7540468429595595,
      0.7562304812469762,
      0.7542507051720028,
      0.7491190272535112,
      0.7484821515410528,
      0.7532219485569491,
      0.7485416940790989,
      0.7476209416601877,
      0.7476518246257454,
      0.7460158817985232,
      0.745038704856067,
      0.7458563627812576,
      0.7446183719532551,
      0.7429163333316474,
      0.7415112687116624,
      0.7475484243810013,
      0.7404366879140905,
      0.7417956079381166,
      0.7399094193566109,
      0.7458647193167526,
      0.7407552049493532,
      0.7382672391966201,
      0.7398978229579662,
      0.741718846075448,
      0.7387089977227768,
      0.7427050801434997,
      0.7376268888241985,
      0.7386354358652604,
      0.7404205150501354,
      0.7370374893404894,
      0.7403470723624042,
      0.7378030576778085,
      0.7354085906356266,
      0.7351357240609799,
      0.7353279521448131,
      0.7339114408017217,
      0.7353626910407308,
      0.7358287118725786,
      0.7329665319714731,
      0.734011481755948,
      0.7332186379426442,
      0.7332177816773029,
      0.7355831730038239,
      0.731845853041953,
      0.7295890343219666,
      0.7310426128259924,
      0.7331031740516151,
      0.7293844465140575,
      0.7300718045994872,
      0.7322567974247675,
      0.7299063830201739,
      0.7292596242402422,
      0.7284716073619973,
      0.7294354175140582,
      0.7283641206897343,
      0.7275350004715357,
      0.7312006425379678,
      0.7275202604823793,
      0.728471237326182,
      0.7294537125687026,
      0.7272672451877312,
      0.7277984767785831,
      0.7268568066186767,
      0.72603129645003,
      0.7257234806054835,
      0.7266116196320798,
      0.7266602531772949,
      0.7246592271941751,
      0.7251890152819573,
      0.7239455651803655,
      0.7250518211657765
    ],
    "valid_loss": [
      0.8289296094247284,
      0.8030227041537541,
      0.7915493021498538,
      0.7834453697968538,
      0.782344579851082,
      0.7817232105652729,
      0.7786590158501505,
      0.7762021805449254,
      0.7728631519769226,
      0.7726685111564445,
      0.771050831870556,
      0.7726945912078592,
      0.7708685458328238,
      0.7662251879823287,
      0.7654571410264367,
      0.7701357268575993,
      0.7653831770518267,
      0.764337338481163,
      0.7645863296428196,
      0.7633537009761501,
      0.7614152698093892,
      0.7629039672139964,
      0.7622423894011175,
      0.7604009506472026,
      0.7585307098331301,
      0.7647502508799188,
      0.7575772310536312,
      0.7597586748621965,
      0.7570440051613374,
      0.7630443047796439,
      0.7588372120673358,
      0.7560500102668166,
      0.7573798139063705,
      0.7586298235421979,
      0.7559174808390127,
      0.7604135585391568,
      0.7553816685723707,
      0.7563667297564162,
      0.7580428261654674,
      0.7549792430907556,
      0.7574026501423125,
      0.7546960680440038,
      0.7528740608455946,
      0.7524835985104459,
      0.7525972652758218,
      0.7513027341320152,
      0.7523498306956202,
      0.7535648350868833,
      0.7506238618088699,
      0.7517812116186804,
      0.7504503757756693,
      0.7505418553896064,
      0.7521121764159315,
      0.7494139025671213,
      0.7477772606607554,
      0.7486074587032737,
      0.7500508259360691,
      0.7470939361868122,
      0.7478480216387745,
      0.7496716865016178,
      0.7476078639081355,
      0.747202590264934,
      0.7459727417819493,
      0.7474454640582584,
      0.7463875710611093,
      0.7461472632326921,
      0.7489120013097423,
      0.745894405365854,
      0.7465972354799665,
      0.7474259804345728,
      0.7452538164934571,
      0.7457264178288833,
      0.7447116377668812,
      0.7447227486986606,
      0.7439735133012422,
      0.7448628243163656,
      0.7446755821592785,
      0.7431012073680141,
      0.7437967527580553,
      0.7420863111168325,
      0.7432957805319991
    ],
    "train_acc": [
      0.6790124482793368,
      0.6915604551314481,
      0.6953293241487062,
      0.6987387585794231,
      0.6995718988638335,
      0.7000206726828675,
      0.7016339730091635,
      0.7031787106686626,
      0.7035869701845894,
      0.703432184770154,
      0.7047172153584529,
      0.7039038128114538,
      0.7034675049318373,
      0.7058630429565884,
      0.7060895075226751,
      0.7047421472372881,
      0.7067824059886373,
      0.7066982608975684,
      0.7072291021511017,
      0.7079729032030192,
      0.70744725609091,
      0.7086148990830263,
      0.7082087172236691,
      0.7087187819115064,
      0.7091478179931292,
      0.7084424535877493,
      0.7097679984791554,
      0.7097160570649154,
      0.7088361695076889,
      0.7080061457081329,
      0.7087457914469112,
      0.7100775693080261,
      0.7100100454695141,
      0.7106603519757995,
      0.7109460297541197,
      0.7091353520537116,
      0.7115880256341267,
      0.7099497934289956,
      0.7096080189232961,
      0.7106821673697803,
      0.7094542723371455,
      0.7107808560568364,
      0.7118882470084342,
      0.7122684581606714,
      0.7124201270902524,
      0.7130288804651458,
      0.7120087510894711,
      0.7110239418754798,
      0.7131234138390626,
      0.7125156992924541,
      0.712249759251545,
      0.7128730562224256,
      0.7123037783223547,
      0.7136251679006216,
      0.7142588531543501,
      0.7134548000619142,
      0.7126600964240414,
      0.7142588531543501,
      0.7139981072548651,
      0.7131805493947267,
      0.7135275180418502,
      0.714144582043022,
      0.7144344151344815,
      0.7139440881840554,
      0.7151044593781781,
      0.714969411701154,
      0.713466227173047,
      0.7152363905703479,
      0.7149600622465908,
      0.7146577632157137,
      0.7152789825300248,
      0.7145299873366832,
      0.7152197693177911,
      0.7153890983282136,
      0.7155085635809657,
      0.7150774498427733,
      0.7149953824082741,
      0.716133938208416,
      0.716201462046928,
      0.7164092277038883,
      0.7157651541673116
    ],