{
  "hyperparameters": {
    "signal": "MHc130_MA90",
    "channel": "Run3Mu",
    "iteration": 1,
    "model_idx": 6,
    "num_hidden": 128,
    "optimizer": "RMSprop",
    "initial_lr": 0.0018,
    "weight_decay": 1e-05,
    "scheduler": "CyclicLR",
    "pilot_mode": false,
    "num_classes": 4,
    "model_type": "ParticleNet",
    "num_node_features": 9,
    "num_graph_features": 4,
    "dropout_p": 0.4,
    "batch_size": 1024,
    "train_folds": [
      0,
      1,
      2
    ],
    "valid_folds": [
      3
    ]
  },
  "training_summary": {
    "best_epoch": 8,
    "best_train_loss": 0.847083877205904,
    "best_valid_loss": 0.8783424260658816,
    "best_train_acc": 0.6507035785744744,
    "best_valid_acc": 0.6342446478354636,
    "total_epochs": 16
  },
  "epoch_history": {
    "train_loss": [
      0.8961539389083231,
      0.8836359127606973,
      0.8921075121677576,
      0.8854811709656089,
      0.8963162099298618,
      0.8660131484614051,
      0.8762903031488246,
      0.8618320377696754,
      0.847083877205904,
      0.8619241080225958,
      0.8727179896049535,
      0.8942621718165369,
      0.8718090834669743,
      0.8633180713229479,
      0.8657150998214366,
      0.8651788546552172
    ],
    "valid_loss": [
      0.9271370063706692,
      0.9164467186988243,
      0.9171674380353346,
      0.9151579483800343,
      0.9240742908598378,
      0.8933118204473289,
      0.9076457036412513,
      0.8901724283375799,
      0.8783424260658816,
      0.8924265371857083,
      0.8979049057770137,
      0.9251100137742777,
      0.9032474668515951,
      0.9003431055222372,
      0.8927596872129155,
      0.8915793770185169
    ],
    "train_acc": [
      0.617858197170691,
      0.6267589464361859,
      0.6244136845212713,
      0.6176332769470828,
      0.6139220932575478,
      0.6372411660239259,
      0.6333378629767255,
      0.6427681119352979,
      0.6507035785744744,
      0.6423440435970367,
      0.6303154974719904,
      0.6254633122314429,
      0.6375387167364076,
      0.6375410596554034,
      0.6440824894920083,
      0.6436841932627021
    ],
    "valid_acc": [
      0.602644521592762,
      0.6114552101414971,
      0.6157816527273684,
      0.6110804271211404,
      0.6079769607069592,
      0.6248158960601757,
      0.6233364894008732,
      0.6290831623796749,
      0.6342446478354636,
      0.6298721792646362,
      0.6222384409026354,
      0.6152096154857714,
      0.6213902477513019,
      0.6181552785229604,
      0.630878175792962,
      0.6301877860186208
    ],
    "epoch": [
      0,
      1,
      2,
      3,
      4,
      5,
      6,
      7,
      8,
      9,
      10,
      11,
      12,
      13,
      14,
      15
    ],
    "timestamp": [
      1762406135.0032759,
      1762406360.9835536,
      1762406581.6885543,
      1762406801.288233,
      1762407022.1249878,
      1762407243.7421377,
      1762407465.3513124,
      1762407687.0823452,
      1762407924.59408,
      1762408145.4473252,
      1762408365.5383306,
      1762408585.988517,
      1762408807.523321,
      1762409028.303568,
      1762409249.0158315,
      1762409468.8905823
    ]
  }
}