{
  "hyperparameters": {
    "signal": "MHc130_MA100",
    "channel": "Combined",
    "iteration": 2,
    "model_idx": 2,
    "num_hidden": 256,
    "optimizer": "RMSprop",
    "initial_lr": 0.0002,
    "weight_decay": 0.00019,
    "scheduler": "ExponentialLR",
    "pilot_mode": false,
    "num_classes": 4,
    "model_type": "ParticleNet",
    "num_node_features": 9,
    "num_graph_features": 4,
    "dropout_p": 0.4,
    "batch_size": 256,
    "train_folds": [
      0,
      1,
      2
    ],
    "valid_folds": [
      3
    ],
    "loss_type": "disco",
    "disco_lambda": 0.05
  },
  "training_summary": {
    "best_epoch": 15,
    "best_train_loss": 0.6702053541850707,
    "best_valid_loss": 0.6464720471070544,
    "best_train_acc": 0.5604910477995872,
    "best_valid_acc": 0.587383583188057,
    "total_epochs": 23
  },
  "epoch_history": {
    "train_loss": [
      0.7485342935622792,
      0.6987392250303666,
      0.6900589043175795,
      0.6850095930874558,
      0.681101402040084,
      0.6808129624006184,
      0.6777319594743816,
      0.6760871590658127,
      0.6751438531774514,
      0.6751502370665857,
      0.674151546626546,
      0.6726509876049028,
      0.6727466596731448,
      0.6723815702296819,
      0.6716989254361749,
      0.6702053541850707,
      0.6714603922813605,
      0.6697636580719964,
      0.6700435139686396,
      0.669570847366387,
      0.6692030404566034,
      0.6674732221731449,
      0.6672708356338339
    ],
    "valid_loss": [
      0.6997296323870669,
      0.6959377175510519,
      0.6743504892481436,
      0.6679949769879332,
      0.6654854651724939,
      0.6630549969059406,
      0.6615115326229889,
      0.6627772567295792,
      0.6549652401763614,
      0.6548423842628404,
      0.651893661045792,
      0.6588191570621906,
      0.6584158415841584,
      0.6570353592976486,
      0.654593288308323,
      0.6464720471070544,
      0.6545172058709777,
      0.6525978617148824,
      0.6491378935256807,
      0.6493432375464109,
      0.6526987207998144,
      0.6512700146967821,
      0.6480491713722153
    ],
    "train_acc": [
      0.4951735809445381,
      0.5316813066601753,
      0.5359200313687325,
      0.5438633784651756,
      0.5471604689955711,
      0.5483346059918404,
      0.551913857460022,
      0.5515182912349701,
      0.5543032363057137,
      0.5536190867424011,
      0.5559904724359512,
      0.557522788643837,
      0.5590894967317581,
      0.5574071481823921,
      0.5596602559089661,
      0.5604910477995872,
      0.558854341506958,
      0.5607442334294319,
      0.5593230053782463,
      0.5606471970677376,
      0.5615221783518791,
      0.5645008906722069,
      0.5625461637973785
    ],
    "valid_acc": [
      0.5280009508132935,
      0.5311543121933937,
      0.5545928403735161,
      0.560707725584507,
      0.5626239404082298,
      0.5776437819004059,
      0.5670337527990341,
      0.5659291744232178,
      0.5754844918847084,
      0.5716211721301079,
      0.5807265564799309,
      0.5739754214882851,
      0.5762502625584602,
      0.5719404518604279,
      0.5676172934472561,
      0.587383583188057,
      0.5751908794045448,
      0.5827405676245689,
      0.5829808861017227,
      0.5805647820234299,
      0.5763726867735386,
      0.5829109847545624,
      0.5848881080746651
    ],
    "epoch": [
      0,
      1,
      2,
      3,
      4,
      5,
      6,
      7,
      8,
      9,
      10,
      11,
      12,
      13,
      14,
      15,
      16,
      17,
      18,
      19,
      20,
      21,
      22
    ],
    "timestamp": [
      1767020529.0705442,
      1767020743.6796963,
      1767021065.7270515,
      1767021388.6645834,
      1767021711.0052824,
      1767022032.6192024,
      1767022354.8935714,
      1767022676.6847363,
      1767022998.5548265,
      1767023303.5068684,
      1767023603.8699875,
      1767023904.5385003,
      1767024205.796654,
      1767024506.3320622,
      1767024808.5397043,
      1767025109.8297484,
      1767025400.1310868,
      1767025645.0079217,
      1767025888.6557283,
      1767026131.877648,
      1767026356.0815074,
      1767026578.858334,
      1767026802.9249449
    ],
    "train_ce_loss": [
      0.7192599270242684,
      0.6694639596206139,
      0.6609240076356557,
      0.6560374457718205,
      0.6520247104943009,
      0.6515601418464849,
      0.6486110780559243,
      0.6470420688706657,
      0.6462937372943959,
      0.6462714569518085,
      0.6448927391754865,
      0.6438248751020264,
      0.6435371808786695,
      0.6434233078897631,
      0.6426850222024817,
      0.6411480446165105,
      0.6424243656990806,
      0.640929130762289,
      0.6410262588056154,
      0.6405589859182338,
      0.6400689916349552,
      0.6387091674147563,
      0.6383546939376387
    ],
    "valid_ce_loss": [
      0.6705138436048338,
      0.6671362269042742,
      0.6467226543638965,
      0.6397337765091716,
      0.6375827221587153,
      0.6349925490889219,
      0.633368439013415,
      0.6349182889013008,
      0.6267399233461607,
      0.6271362027909496,
      0.6239053813242676,
      0.6304386797812905,
      0.6308145394714753,
      0.6291219100798711,
      0.626885242656906,
      0.6183270469455435,
      0.6269798670074728,
      0.6243132606886401,
      0.621536581793634,
      0.6209528810612046,
      0.6248908068283949,
      0.6234888742465784,
      0.6203036371434089
    ],
    "train_disco_term": [
      0.5854865285196068,
      0.5855057585576398,
      0.5826984007451222,
      0.5794434078379992,
      0.5815342749176092,
      0.5850564139259999,
      0.5824183102841933,
      0.5809015222446657,
      0.5770026375674527,
      0.5775752500805332,
      0.5851757926991467,
      0.5765224478901907,
      0.5841902833313487,
      0.579166345061346,
      0.5802774801481739,
      0.581146802708454,
      0.5807213299476637,
      0.5766910747378117,
      0.5803452239440945,
      0.5802366626768146,
      0.5826807039575947,
      0.5752814258787742,
      0.5783235293816341
    ],
    "valid_disco_term": [
      0.5843153188724329,
      0.5760299082439725,
      0.5525566809838361,
      0.5652240725437013,
      0.5580549791897877,
      0.5612490383115145,
      0.5628611366937656,
      0.5571793327827265,
      0.5645063222044765,
      0.5541232021728365,
      0.5597658543303461,
      0.5676093198875389,
      0.5520259760393955,
      0.5582693785133929,
      0.5541606734884847,
      0.5629009990999014,
      0.5507457890132866,
      0.565692922266403,
      0.5520258361160165,
      0.5678074502708889,
      0.5561574804900896,
      0.5556232101256304,
      0.5549112488137613
    ]
  }
}