{
  "era": "2016postVFP",
  "channel": "SR3Mu",
  "histkey": "pair_lowM_onZ/mass",
  "systematic": "Central",
  "data": null,
  "samples": {
    "nonprompt_DoubleMuon_F": {
      "events": 1.9855317696928978,
      "stat_error": 0.7863109974596969,
      "systematics": {
        "nonprompt_rate": 0.5956595309078693
      },
      "syst_error": 0.5956595309078693,
      "total_error": 0.9864559095506734
    },
    "nonprompt_DoubleMuon_G": {
      "events": 32.89222329296172,
      "stat_error": 4.149147435960985,
      "systematics": {
        "nonprompt_rate": 9.867666987888514
      },
      "syst_error": 9.867666987888514,
      "total_error": 10.704497943818122
    },
    "nonprompt_DoubleMuon_H": {
      "events": 37.169608489610255,
      "stat_error": 4.783881444026372,
      "systematics": {
        "nonprompt_rate": 11.150882546883077
      },
      "syst_error": 11.150882546883077,
      "total_error": 12.133742342941087
    },
    "DYJets": {
      "events": -1.4821702241897583,
      "stat_error": 1.4821702241897583,
      "systematics": {
        "L1Prefire": 0.01477515697479248,
        "PileupReweight": 0.137689471244812,
        "PileupJetIDSF": 0.0,
        "MuonIDSF": 0.01683676242828369,
        "DblMuTrigSF": 0.005185842514038086,
        "JetEn": 0.0002199411392211914,
        "JetRes": 1.1920928955078125e-05,
        "MuonEn": 0.0,
        "ElectronEn": 0.0,
        "ElectronRes": 0.0,
        "UnclusteredEn": 0.0,
        "BtagSF_HFcorr": 0.02176642417907715,
        "BtagSF_HFuncorr": 0.009623169898986816,
        "BtagSF_LFcorr": 0.0007760524749755859,
        "BtagSF_LFuncorr": 0.0009919404983520508
      },
      "syst_error": 0.1416159688277077,
      "total_error": 1.4889202987741583
    },
    "TTG": {
      "events": 0.7660279646515846,
      "stat_error": 0.34996379776882697,
      "systematics": {
        "L1Prefire": 0.0032645455592099828,
        "PileupReweight": 0.033835254902212585,
        "PileupJetIDSF": 0.0019202760648153394,
        "MuonIDSF": 0.004639965221339369,
        "DblMuTrigSF": 0.0010207071927016383,
        "JetEn": 0.0013758354990215747,
        "JetRes": 3.1675926759303215e-05,
        "MuonEn": 0.12205519527196884,
        "ElectronEn": 0.0,
        "ElectronRes": 0.0,
        "UnclusteredEn": 0.0,
        "BtagSF_HFcorr": 0.01677648472155715,
        "BtagSF_HFuncorr": 0.005248562576165445,
        "BtagSF_LFcorr": 0.001212184124492478,
        "BtagSF_LFuncorr": 0.0016339664715868275
      },
      "syst_error": 0.1280400016310258,
      "total_error": 0.37265117974649364
    },
    "tZq": {
      "events": 9.102447472629137,
      "stat_error": 0.19972441924859816,
      "systematics": {
        "L1Prefire": 0.027087534158295682,
        "PileupReweight": 0.06186791128220124,
        "PileupJetIDSF": 0.004608372506130951,
        "MuonIDSF": 0.01325075765236379,
        "DblMuTrigSF": 0.00261789801832374,
        "JetEn": 0.05119690783499052,
        "JetRes": 0.02037957994219708,
        "MuonEn": 0.0880661289442651,
        "ElectronEn": 0.001594222616404295,
        "ElectronRes": 0.0,
        "UnclusteredEn": 0.0,
        "BtagSF_HFcorr": 0.03986549882758658,
        "BtagSF_HFuncorr": 0.014418649651434466,
        "BtagSF_LFcorr": 0.0030648535594841163,
        "BtagSF_LFuncorr": 0.0039248732658044945,
        "xsec": 0.31858566154201906
      },
      "syst_error": 0.3447875555097903,
      "total_error": 0.39845740309173144
    },
    "TTZToLLNuNu": {
      "events": 36.52201978955418,
      "stat_error": 0.3527162141625718,
      "systematics": {
        "L1Prefire": 0.07937514081090255,
        "PileupReweight": 0.09185590232297203,
        "PileupJetIDSF": 0.026167558786789294,
        "MuonIDSF": 0.06391297739538108,
        "DblMuTrigSF": 0.011574528520669933,
        "JetEn": 0.06423244882666511,
        "JetRes": 0.014958881991552092,
        "MuonEn": 0.2065043309844053,
        "ElectronEn": 0.0008994638919830322,
        "ElectronRes": 0.0,
        "UnclusteredEn": 0.0,
        "BtagSF_HFcorr": 0.11386517769990218,
        "BtagSF_HFuncorr": 0.04144893133357846,
        "BtagSF_LFcorr": 0.00790215096605305,
        "BtagSF_LFuncorr": 0.010305628375109984,
        "xsec": 2.7391514842165616
      },
      "syst_error": 2.7539859692325463,
      "total_error": 2.7764811266174503
    },
    "TTWToLNu": {
      "events": 2.9503606366106396,
      "stat_error": 0.11138962106307662,
      "systematics": {
        "L1Prefire": 0.0035049104465770665,
        "PileupReweight": 0.022762674645962613,
        "PileupJetIDSF": 0.0009614967857822323,
        "MuonIDSF": 0.0034243663097143474,
        "DblMuTrigSF": 0.0006624036077695525,
        "JetEn": 0.017656142990808074,
        "JetRes": 0.00955192567561824,
        "MuonEn": 0.03788766245449074,
        "ElectronEn": 0.0,
        "ElectronRes": 0.0,
        "UnclusteredEn": 0.0,
        "BtagSF_HFcorr": 0.01055018459035061,
        "BtagSF_HFuncorr": 0.00281159773348482,
        "BtagSF_LFcorr": 0.001442491294457181,
        "BtagSF_LFuncorr": 0.0018825308392878763,
        "xsec": 0.3540432763932771
      },
      "syst_error": 0.3575660004372414,
      "total_error": 0.37451447548694444
    },
    "TTHToNonbb": {
      "events": 9.946921395487152,
      "stat_error": 0.27287846081791833,
      "systematics": {
        "L1Prefire": 0.014143901785954718,
        "PileupReweight": 0.06297114459747861,
        "PileupJetIDSF": 0.004194774039184347,
        "MuonIDSF": 0.010219649890672804,
        "DblMuTrigSF": 0.002208598885224478,
        "JetEn": 0.030144259456986733,
        "JetRes": 0.00921232295325315,
        "MuonEn": 0.09903019472787865,
        "ElectronEn": 0.0,
        "ElectronRes": 0.0,
        "UnclusteredEn": 0.0,
        "BtagSF_HFcorr": 0.02968439777876873,
        "BtagSF_HFuncorr": 0.009523874366599792,
        "BtagSF_LFcorr": 0.005291738596773518,
        "BtagSF_LFuncorr": 0.007018593506386229,
        "xsec": 0.994692139548716
      },
      "syst_error": 1.002773372362212,
      "total_error": 1.039238707274243
    },
    "WZTo3LNu_amcatnlo": {
      "events": 17.622709442395717,
      "stat_error": 0.6516882135257079,
      "systematics": {
        "L1Prefire": 0.03365667417317954,
        "PileupReweight": 0.1629828757929488,
        "PileupJetIDSF": 0.009746422635008618,
        "MuonIDSF": 0.03219343891045101,
        "DblMuTrigSF": 0.0056085725598912384,
        "JetEn": 0.29915128415394554,
        "JetRes": 0.11593615453622245,
        "MuonEn": 0.2907671423091784,
        "ElectronEn": 0.0,
        "ElectronRes": 0.0,
        "UnclusteredEn": 0.0,
        "BtagSF_HFcorr": 0.13646978256232212,
        "BtagSF_HFuncorr": 0.057700715616829504,
        "BtagSF_LFcorr": 0.09659225852990598,
        "BtagSF_LFuncorr": 0.12413441288525795,
        "xsec": 3.7642123869617907
      },
      "syst_error": 3.7989899914076855,
      "total_error": 3.854480831767632
    },
    "ZZTo4L_powheg": {
      "events": 2.2249211213638773,
      "stat_error": 0.03176350677111545,
      "systematics": {
        "L1Prefire": 0.0026603352040757817,
        "PileupReweight": 0.007063077433101901,
        "PileupJetIDSF": 0.001239613994348912,
        "MuonIDSF": 0.0032380854147626157,
        "DblMuTrigSF": 0.0006282984748649743,
        "JetEn": 0.03268531693995087,
        "JetRes": 0.007051384323317383,
        "MuonEn": 0.01135635502234479,
        "ElectronEn": 0.0,
        "ElectronRes": 0.0,
        "UnclusteredEn": 0.0,
        "BtagSF_HFcorr": 0.006720177157796081,
        "BtagSF_HFuncorr": 0.0035314285748505674,
        "BtagSF_LFcorr": 0.011693573952819267,
        "BtagSF_LFuncorr": 0.01549507953267593,
        "xsec": 0.4672122452809345
      },
      "syst_error": 0.4690822431937891,
      "total_error": 0.47015643273501617
    },
    "WWZ": {
      "events": 0.48087741652852856,
      "stat_error": 0.01842183552798859,
      "systematics": {
        "L1Prefire": 0.0013725667275697544,