{
  "hyperparameters": {
    "signal": "MHc100_MA95",
    "channel": "Run3Mu",
    "iteration": 1,
    "model_idx": 12,
    "num_hidden": 128,
    "optimizer": "RMSprop",
    "initial_lr": 0.0005,
    "weight_decay": 1e-05,
    "scheduler": "ReduceLROnPlateau",
    "pilot_mode": false,
    "num_classes": 4,
    "model_type": "ParticleNet",
    "num_node_features": 9,
    "num_graph_features": 4,
    "dropout_p": 0.3,
    "batch_size": 1024,
    "train_folds": [
      0,
      1,
      2
    ],
    "valid_folds": [
      3
    ]
  },
  "training_summary": {
    "best_epoch": 9,
    "best_train_loss": 0.7145033328731875,
    "best_valid_loss": 0.7323982555384887,
    "best_train_acc": 0.7276884527726876,
    "best_valid_acc": 0.7189806468115302,
    "total_epochs": 17
  },
  "epoch_history": {
    "train_loss": [
      0.749588291306792,
      0.7366413241905408,
      0.7249008882956574,
      0.7217235646990087,
      0.7242061777872719,
      0.7200519306983393,
      0.7235462106314844,
      0.7171386578241621,
      0.7164117759079267,
      0.7145033328731875,
      0.715410188184087,
      0.7204897135174535,
      0.7212367182981283,
      0.7171800940659061,
      0.7173425600363401,
      0.7172672107643392,
      0.7141675482134319
    ],
    "valid_loss": [
      0.7679940483570089,
      0.7534956306977595,
      0.7424985176949713,
      0.7396611261366027,
      0.7417456511363997,
      0.7373888724984039,
      0.7406243192156061,
      0.7345779976885843,
      0.73361139111896,
      0.7323982555384887,
      0.7336198457782319,
      0.7377699450629657,
      0.7382107831747695,
      0.735469193461685,
      0.7355061778116736,
      0.7350400487459756,
      0.7324498620474378
    ],
    "train_acc": [
      0.7161681543220824,
      0.7189497087085311,
      0.7244290752891569,
      0.7258329885125416,
      0.7235391092457948,
      0.7260628690403473,
      0.7264651599640073,
      0.7271088254418632,
      0.7268904389404478,
      0.7276884527726876,
      0.7268116227594859,
      0.7259380767538243,
      0.7258132844673011,
      0.7267557946313045,
      0.7263584297189546,
      0.7273403479734389,
      0.7281285097830584
    ],
    "valid_acc": [
      0.7082128314403706,
      0.711286403260874,
      0.7162907557686199,
      0.7174129189030856,
      0.7150737038396957,
      0.7179946284691137,
      0.7181926572575488,
      0.7190837868055069,
      0.7185722124353828,
      0.7189806468115302,
      0.7185804636349009,
      0.718200908457067,
      0.7176563292888704,
      0.7183989372455021,
      0.7176480780893523,
      0.7186959804281547,
      0.7198181435626204
    ],
    "epoch": [
      0,
      1,
      2,
      3,
      4,
      5,
      6,
      7,
      8,
      9,
      10,
      11,
      12,
      13,
      14,
      15,
      16
    ],
    "timestamp": [
      1760726077.9974835,
      1760726434.290847,
      1760726818.1481776,
      1760727154.2923403,
      1760727513.283296,
      1760727867.4566271,
      1760728236.097835,
      1760728558.10155,
      1760728906.276645,
      1760729227.1523695,
      1760729548.9053655,
      1760729858.2173996,
      1760730133.7536993,
      1760730438.8548174,
      1760730727.1830049,
      1760731002.0572999,
      1760731243.7026112
    ]
  }
}