{
  "hyperparameters": {
    "signal": "MHc100_MA95",
    "channel": "Combined",
    "iteration": 3,
    "model_idx": 6,
    "num_hidden": 96,
    "optimizer": "Adam",
    "initial_lr": 0.0002,
    "weight_decay": 1e-05,
    "scheduler": "ExponentialLR",
    "pilot_mode": false,
    "num_classes": 4,
    "model_type": "ParticleNet",
    "num_node_features": 9,
    "num_graph_features": 4,
    "dropout_p": 0.4,
    "batch_size": 256,
    "train_folds": [
      0,
      1,
      2
    ],
    "valid_folds": [
      3
    ],
    "loss_type": "disco",
    "disco_lambda": 0.05
  },
  "training_summary": {
    "best_epoch": 30,
    "best_train_loss": 0.6604244336531155,
    "best_valid_loss": 0.6480015499491087,
    "best_train_acc": 0.57499860227108,
    "best_valid_acc": 0.5835303515195847,
    "total_epochs": 38
  },
  "epoch_history": {
    "train_loss": [
      1.0383726728723404,
      0.798433047587386,
      0.7530254143712006,
      0.7367565955072188,
      0.7228527498100304,
      0.7085811348309271,
      0.6980305494870821,
      0.6911064542173252,
      0.6871604293313069,
      0.6828803250854864,
      0.6799590971694529,
      0.677618909099544,
      0.6754606762917933,
      0.6750575845364741,
      0.6717607956164514,
      0.6716992781155016,
      0.6703522006791414,
      0.6698455903305471,
      0.668024256743921,
      0.6664095151025836,
      0.6674796524743541,
      0.6660352156155015,
      0.6640831295117782,
      0.6631061217705168,
      0.6613448957541793,
      0.6615128259166033,
      0.661476835581307,
      0.6620244081259499,
      0.6612958450085487,
      0.6603549760163374,
      0.6604244336531155,
      0.659758946381079,
      0.6596797676434271,
      0.6597094503941869,
      0.6586504440539513,
      0.6579995013297872,
      0.6588156285619301,
      0.6578537590235563
    ],
    "valid_loss": [
      1.0651674942231515,
      0.8145131393217705,
      0.7659431779888314,
      0.7356105320890185,
      0.7276007961219465,
      0.7008753494477608,
      0.6847456273898272,
      0.6753328350228323,
      0.6746746654241857,
      0.6710560221067616,
      0.6662174278581646,
      0.6668913935271787,
      0.6619771500708351,
      0.6611658015721281,
      0.660628788907763,
      0.6622232786366637,
      0.657960596218915,
      0.6569290698414118,
      0.6556598502145686,
      0.6561241149902344,
      0.6548235181351783,
      0.6536619159537302,
      0.6517213633362676,
      0.653165897852938,
      0.6506513138891945,
      0.6510261750557054,
      0.6502737125880281,
      0.6509746497785541,
      0.6512379713461433,
      0.6498327120928697,
      0.6480015499491087,
      0.6486060988735145,
      0.6501933353047975,
      0.6491069525060519,
      0.6486564421317946,
      0.6493830613687005,
      0.6487247305856624,
      0.6488293929838799
    ],
    "train_acc": [
      0.33158329501748085,
      0.43790577352046967,
      0.4772537685930729,
      0.49470730870962143,
      0.5140356197953224,
      0.5298014655709267,
      0.5420429036021233,
      0.5473839417099953,
      0.5530799701809883,
      0.5543162226676941,
      0.5582617074251175,
      0.5600982084870338,
      0.5636687129735947,
      0.5616049766540527,
      0.5655309036374092,
      0.566712312400341,
      0.5658594891428947,
      0.566078394651413,
      0.5673164129257202,
      0.5682146921753883,
      0.5679085031151772,
      0.5696721747517586,
      0.5726132839918137,
      0.5712185725569725,
      0.5726940557360649,
      0.5740319713950157,
      0.574498750269413,
      0.573965772986412,
      0.5748257264494896,
      0.5748087912797928,
      0.57499860227108,
      0.5747814327478409,
      0.5745196714997292,
      0.576583556830883,
      0.5758893713355064,
      0.576079897582531,
      0.5771365091204643,
      0.5770170986652374
    ],
    "valid_acc": [
      0.31230350583791733,
      0.43282788957003504,
      0.47648346051573753,
      0.4771224722317129,
      0.48854022938758135,
      0.5242251455783844,
      0.5507376044988632,
      0.5627299398183823,
      0.5650089979171753,
      0.567580483853817,
      0.5688626691699028,
      0.5693319663405418,
      0.5726306661963463,
      0.5727153569459915,
      0.5728176981210709,
      0.5737127959728241,
      0.5744681879878044,
      0.5755835473537445,
      0.5769332349300385,
      0.5781566202640533,
      0.5785426571965218,
      0.578723318874836,
      0.581223227083683,
      0.579723447561264,
      0.5817219913005829,
      0.5806317999958992,
      0.5817391127347946,
      0.5821460708975792,
      0.5818944200873375,
      0.5827061533927917,
      0.5835303515195847,
      0.5824205055832863,
      0.5820197314023972,
      0.5817174017429352,
      0.5833150446414948,
      0.5818427503108978,
      0.5816138982772827,
      0.5819673985242844
    ],
    "epoch": [
      0,
      1,
      2,
      3,
      4,
      5,
      6,
      7,
      8,
      9,
      10,
      11,
      12,
      13,
      14,
      15,
      16,
      17,
      18,
      19,
      20,
      21,
      22,
      23,
      24,
      25,
      26,
      27,
      28,
      29,
      30,
      31,
      32,
      33,
      34,
      35,
      36,
      37
    ],
    "timestamp": [
      1767050030.226379,
      1767050360.4387584,
      1767050692.9416435,
      1767051026.344615,
      1767051358.9598985,
      1767051690.5416856,
      1767052022.0192926,
      1767052353.3780265,
      1767052684.2831078,
      1767053017.0557458,
      1767053352.5037715,
      1767053686.981601,
      1767054021.1216104,
      1767054355.0053012,
      1767054689.2514699,
      1767055023.5337653,
      1767055341.1207771,
      1767055651.319695,
      1767055962.2985008,
      1767056272.5262244,
      1767056582.1943495,
      1767056890.4019434,
      1767057179.2133486,
      1767057468.3171022,
      1767057756.0703673,
      1767058044.0901518,
      1767058332.2286408,
      1767058619.3752627,
      1767058907.0938284,
      1767059194.0124042,
      1767059481.070789,
      1767059759.319643,
      1767060011.7809253,
      1767060259.5819855,
      1767060498.1091704,
      1767060726.2149587,
      1767060953.9826097,
      1767061182.0343895
    ],
    "train_ce_loss": [
      1.0088574479416148,
      0.7673790936955565,
      0.7218256844756813,
      0.705380443472268,
      0.6924190754042571,
      0.6783473865782961,
      0.6682327598605112,
      0.6614445337861504,
      0.6576187071829219,
      0.6532146551869923,
      0.6503334749252239,
      0.6481656666856407,
      0.6462014901239459,
      0.6455744475216851,
      0.6427594371660864,
      0.6424965275094864,
      0.6411758198201838,
      0.6408436613876407,
      0.6387090307600954,
      0.6374964854275202,
      0.6384619220230717,
      0.6371650913566079,
      0.6349769435211517,
      0.6343663492101304,
      0.6324278323664854,
      0.6329383799913806,
      0.6326043296729902,
      0.6327812414582377,
      0.6323321185756962,
      0.6315807221870654,
      0.6313112825970519,
      0.6306765872837925,
      0.6308651301998498,
      0.6308031794148014,
      0.6295295791060729,
      0.6292328064383707,
      0.6301528189954062,
      0.6290069801829143
    ],