{
  "Central": {
    "ptcorr_15to17_EB1": 14274.441101074219,
    "ptcorr_15to17_EB2": 7625.834686279297,
    "ptcorr_15to17_EE": 9521.086288452148,
    "ptcorr_17to20_EB1": 18554.361755371094,
    "ptcorr_17to20_EB2": 10558.559143066406,
    "ptcorr_17to20_EE": 15256.328033447266,
    "ptcorr_20to25_EB1": 21532.373657226562,
    "ptcorr_20to25_EB2": 14817.708862304688,
    "ptcorr_20to25_EE": 19731.54818725586,
    "ptcorr_25to35_EB1": 32995.47937011719,
    "ptcorr_25to35_EB2": 21517.950256347656,
    "ptcorr_25to35_EE": 27902.1396484375,
    "ptcorr_35to50_EB1": 28961.450439453125,
    "ptcorr_35to50_EB2": 18500.615234375,
    "ptcorr_35to50_EE": 21912.225708007812,
    "ptcorr_50to100_EB1": 17438.806365966797,
    "ptcorr_50to100_EB2": 12001.156982421875,
    "ptcorr_50to100_EE": 13109.34701538086,
    "ptcorr_100to200_EB1": 1125.2261505126953,
    "ptcorr_100to200_EB2": 1084.5930223464966,
    "ptcorr_100to200_EE": 990.7991743087769
  },
  "MotherJetPt_Up": {
    "ptcorr_15to17_EB1": 4547.50110244751,
    "ptcorr_15to17_EB2": 2182.4825382232666,
    "ptcorr_15to17_EE": 3449.0761756896973,
    "ptcorr_17to20_EB1": 5996.470375061035,
    "ptcorr_17to20_EB2": 3027.6196517944336,
    "ptcorr_17to20_EE": 4894.549285888672,
    "ptcorr_20to25_EB1": 6066.622695922852,
    "ptcorr_20to25_EB2": 5172.15421295166,
    "ptcorr_20to25_EE": 6771.863441467285,
    "ptcorr_25to35_EB1": 9674.822441101074,
    "ptcorr_25to35_EB2": 6265.576957702637,
    "ptcorr_25to35_EE": 9156.284927368164,
    "ptcorr_35to50_EB1": 9282.001388549805,
    "ptcorr_35to50_EB2": 5772.047882080078,
    "ptcorr_35to50_EE": 8292.142074584961,
    "ptcorr_50to100_EB1": 11311.877044677734,
    "ptcorr_50to100_EB2": 8424.836303710938,
    "ptcorr_50to100_EE": 8513.889907836914,
    "ptcorr_100to200_EB1": 1036.9982233047485,
    "ptcorr_100to200_EB2": 1083.6426439285278,
    "ptcorr_100to200_EE": 967.1259288787842
  },
  "MotherJetPt_Down": {
    "ptcorr_15to17_EB1": 24211.73681640625,
    "ptcorr_15to17_EB2": 13427.542022705078,
    "ptcorr_15to17_EE": 17186.56964111328,
    "ptcorr_17to20_EB1": 32696.685424804688,
    "ptcorr_17to20_EB2": 18512.059448242188,
    "ptcorr_17to20_EE": 24837.223999023438,
    "ptcorr_20to25_EB1": 38849.21496582031,
    "ptcorr_20to25_EB2": 25310.046752929688,
    "ptcorr_20to25_EE": 32866.13299560547,
    "ptcorr_25to35_EB1": 55277.47863769531,
    "ptcorr_25to35_EB2": 34792.67614746094,
    "ptcorr_25to35_EE": 43163.411865234375,
    "ptcorr_35to50_EB1": 38477.765869140625,
    "ptcorr_35to50_EB2": 24711.343811035156,
    "ptcorr_35to50_EE": 28413.474182128906,
    "ptcorr_50to100_EB1": 18999.846221923828,
    "ptcorr_50to100_EB2": 13206.299774169922,
    "ptcorr_50to100_EE": 14147.428192138672,
    "ptcorr_100to200_EB1": 1166.9215211868286,
    "ptcorr_100to200_EB2": 1129.4555130004883,
    "ptcorr_100to200_EE": 975.3171606063843
  },
  "RequireHeavyTag": {
    "ptcorr_15to17_EB1": 1373.917691230774,
    "ptcorr_15to17_EB2": 396.37828159332275,
    "ptcorr_15to17_EE": 305.497597694397,
    "ptcorr_17to20_EB1": 1427.974313735962,
    "ptcorr_17to20_EB2": 726.718165397644,
    "ptcorr_17to20_EE": 456.11985206604004,
    "ptcorr_20to25_EB1": 1358.3885707855225,
    "ptcorr_20to25_EB2": 867.5172271728516,
    "ptcorr_20to25_EE": 947.2979040145874,
    "ptcorr_25to35_EB1": 2137.854856491089,
    "ptcorr_25to35_EB2": 1084.3581495285034,
    "ptcorr_25to35_EE": 1166.8056077957153,
    "ptcorr_35to50_EB1": 1327.5691633224487,
    "ptcorr_35to50_EB2": 755.270260810852,
    "ptcorr_35to50_EE": 1052.91215133667,
    "ptcorr_50to100_EB1": 929.6292905807495,
    "ptcorr_50to100_EB2": 577.1687145233154,
    "ptcorr_50to100_EE": 515.7527885437012,
    "ptcorr_100to200_EB1": 30.974343299865723,
    "ptcorr_100to200_EB2": 41.68490219116211,
    "ptcorr_100to200_EE": 16.737751007080078
  },
  "Stat": {
    "ptcorr_15to17_EB1": 699.8195601643788,
    "ptcorr_15to17_EB2": 513.4544811803846,
    "ptcorr_15to17_EE": 591.1235804582221,
    "ptcorr_17to20_EB1": 769.1826378483719,
    "ptcorr_17to20_EB2": 589.8355081212206,
    "ptcorr_17to20_EE": 703.9247294742123,
    "ptcorr_20to25_EB1": 811.4036774828704,
    "ptcorr_20to25_EB2": 655.7037038151572,
    "ptcorr_20to25_EE": 777.5948058043999,
    "ptcorr_25to35_EB1": 981.7392541077057,
    "ptcorr_25to35_EB2": 799.3443671401914,
    "ptcorr_25to35_EE": 928.3668261472928,
    "ptcorr_35to50_EB1": 895.9522537119536,
    "ptcorr_35to50_EB2": 727.7040746273584,
    "ptcorr_35to50_EE": 808.6600097540155,
    "ptcorr_50to100_EB1": 712.0479976885889,
    "ptcorr_50to100_EB2": 584.4824848043912,
    "ptcorr_50to100_EE": 637.2818057866648,
    "ptcorr_100to200_EB1": 199.68685582769538,
    "ptcorr_100to200_EB2": 177.8226423953525,
    "ptcorr_100to200_EE": 184.08654264853033
  }
}