{
  "Central": {
    "ptcorr_15to17_EB1": 20829.134963989258,
    "ptcorr_15to17_EB2": 16189.812698364258,
    "ptcorr_15to17_EE": 15081.33413696289,
    "ptcorr_17to20_EB1": 45524.49459838867,
    "ptcorr_17to20_EB2": 29514.01693725586,
    "ptcorr_17to20_EE": 37415.47050476074,
    "ptcorr_20to25_EB1": 72775.72735595703,
    "ptcorr_20to25_EB2": 52806.782775878906,
    "ptcorr_20to25_EE": 60591.847717285156,
    "ptcorr_25to35_EB1": 168277.5869140625,
    "ptcorr_25to35_EB2": 130137.7646484375,
    "ptcorr_25to35_EE": 136185.81286621094,
    "ptcorr_35to50_EB1": 249893.69775390625,
    "ptcorr_35to50_EB2": 184081.5634765625,
    "ptcorr_35to50_EE": 222482.45947265625,
    "ptcorr_50to100_EB1": 454193.298828125,
    "ptcorr_50to100_EB2": 308683.6923828125,
    "ptcorr_50to100_EE": 334675.244140625,
    "ptcorr_100to200_EB1": 83108.63366699219,
    "ptcorr_100to200_EB2": 62531.878967285156,
    "ptcorr_100to200_EE": 46291.97929382324
  },
  "MotherJetPt_Up": {
    "ptcorr_15to17_EB1": 5386.446868896484,
    "ptcorr_15to17_EB2": 3703.8180236816406,
    "ptcorr_15to17_EE": 2748.5101776123047,
    "ptcorr_17to20_EB1": 13581.553237915039,
    "ptcorr_17to20_EB2": 10345.666763305664,
    "ptcorr_17to20_EE": 12264.397994995117,
    "ptcorr_20to25_EB1": 19710.286026000977,
    "ptcorr_20to25_EB2": 17786.437393188477,
    "ptcorr_20to25_EE": 15556.408874511719,
    "ptcorr_25to35_EB1": 47761.03114318848,
    "ptcorr_25to35_EB2": 36548.29656982422,
    "ptcorr_25to35_EE": 42642.22590637207,
    "ptcorr_35to50_EB1": 93774.96752929688,
    "ptcorr_35to50_EB2": 66081.28981018066,
    "ptcorr_35to50_EE": 86370.68145751953,
    "ptcorr_50to100_EB1": 266315.0947265625,
    "ptcorr_50to100_EB2": 194132.06982421875,
    "ptcorr_50to100_EE": 203577.46826171875,
    "ptcorr_100to200_EB1": 77781.64111328125,
    "ptcorr_100to200_EB2": 57895.45184326172,
    "ptcorr_100to200_EE": 44058.57174682617
  },
  "MotherJetPt_Down": {
    "ptcorr_15to17_EB1": 38674.411071777344,
    "ptcorr_15to17_EB2": 26901.376495361328,
    "ptcorr_15to17_EE": 27503.320343017578,
    "ptcorr_17to20_EB1": 73996.6128540039,
    "ptcorr_17to20_EB2": 44265.64953613281,
    "ptcorr_17to20_EE": 58492.05731201172,
    "ptcorr_20to25_EB1": 123647.11853027344,
    "ptcorr_20to25_EB2": 82777.50787353516,
    "ptcorr_20to25_EE": 100868.6083984375,
    "ptcorr_25to35_EB1": 255345.4677734375,
    "ptcorr_25to35_EB2": 186080.11181640625,
    "ptcorr_25to35_EE": 212229.17504882812,
    "ptcorr_35to50_EB1": 335943.5673828125,
    "ptcorr_35to50_EB2": 254856.85791015625,
    "ptcorr_35to50_EE": 293240.533203125,
    "ptcorr_50to100_EB1": 511107.556640625,
    "ptcorr_50to100_EB2": 353514.3349609375,
    "ptcorr_50to100_EE": 380742.4453125,
    "ptcorr_100to200_EB1": 83466.67517089844,
    "ptcorr_100to200_EB2": 63034.64764404297,
    "ptcorr_100to200_EE": 47729.92056274414
  },
  "RequireHeavyTag": {
    "ptcorr_15to17_EB1": 1037.1580505371094,
    "ptcorr_15to17_EB2": -326.6660614013672,
    "ptcorr_15to17_EE": 1036.6707305908203,
    "ptcorr_17to20_EB1": 2346.6329650878906,
    "ptcorr_17to20_EB2": 855.9008178710938,
    "ptcorr_17to20_EE": 2666.874053955078,
    "ptcorr_20to25_EB1": 2752.937759399414,
    "ptcorr_20to25_EB2": 1398.5672607421875,
    "ptcorr_20to25_EE": 1691.2830505371094,
    "ptcorr_25to35_EB1": 6955.764694213867,
    "ptcorr_25to35_EB2": 4701.094497680664,
    "ptcorr_25to35_EE": 3023.6053771972656,
    "ptcorr_35to50_EB1": 11145.275329589844,
    "ptcorr_35to50_EB2": 8151.686126708984,
    "ptcorr_35to50_EE": 10882.499542236328,
    "ptcorr_50to100_EB1": 13075.101684570312,
    "ptcorr_50to100_EB2": 10729.959289550781,
    "ptcorr_50to100_EE": 13830.262176513672,
    "ptcorr_100to200_EB1": 4166.903717041016,
    "ptcorr_100to200_EB2": 2426.876693725586,
    "ptcorr_100to200_EE": 1588.4885711669922
  },
  "Stat": {
    "ptcorr_15to17_EB1": 3494.524854339186,
    "ptcorr_15to17_EB2": 2683.2648451972373,
    "ptcorr_15to17_EE": 2917.1829610890404,
    "ptcorr_17to20_EB1": 4544.525238477766,
    "ptcorr_17to20_EB2": 3430.856914774855,
    "ptcorr_17to20_EE": 3931.4997149751393,
    "ptcorr_20to25_EB1": 5740.634764248566,
    "ptcorr_20to25_EB2": 4584.375101272834,
    "ptcorr_20to25_EE": 5315.632957802381,
    "ptcorr_25to35_EB1": 8487.443007066351,
    "ptcorr_25to35_EB2": 6681.568968241492,
    "ptcorr_25to35_EE": 7878.3648065575535,
    "ptcorr_35to50_EB1": 10263.255777781495,
    "ptcorr_35to50_EB2": 8462.892088890856,
    "ptcorr_35to50_EE": 9607.479753091444,
    "ptcorr_50to100_EB1": 13452.9187336767,
    "ptcorr_50to100_EB2": 11087.128943351201,
    "ptcorr_50to100_EE": 11895.67268545801,
    "ptcorr_100to200_EB1": 5703.538050804214,
    "ptcorr_100to200_EB2": 4943.082709983233,
    "ptcorr_100to200_EE": 4750.832915769479
  }
}