{
  "syst": "bjet",
  "observed": 105.36460193991661,
  "expected": 178.08822983503342,
  "difference": -0.4083572954960702,
  "max_bin_difference": 0.0,
  "max_bin_difference_bin": -1,
  "max_bin_difference_filtered": 0.0,
  "max_bin_difference_filtered_bin": -1,
  "snr_threshold": 3.0,
  "mass_range_min": 10.0,
  "mass_range_max": 160.0,
  "percentile_68_difference": 0.0,
  "percentile_95_difference": 0.0,
  "rms_bin_difference": 0.0,
  "chi2": 25.49635957155946,
  "ndf": 26,
  "chi2_per_ndf": 0.9806292142907485,
  "p_value": 0.4910384224190578,
  "closure_uncertainty_scale": 0.9,
  "recommended_systematic_pct": 9.999999999999998
}