{
  "timestamp": "2025-10-14 13:26:09",
  "sample": "Skim_TriLep_TTLL_powheg",
  "sample_type": "background",
  "channel": "Run1E2Mu",
  "pilot_mode": false,
  "separate_bjets": false,
  "eras": {
    "2016preVFP": {
      "events": 10153,
      "total_weight": 458.51534366514534
    },
    "2016postVFP": {
      "events": 11681,
      "total_weight": 378.7433958183974
    },
    "2017": {
      "events": 24601,
      "total_weight": 821.8095859955065
    },
    "2018": {
      "events": 34999,
      "total_weight": 1259.6855555661023
    }
  },
  "folds": {
    "fold_0": {
      "events": 16111,
      "total_weight": 579.107430246193
    },
    "fold_1": {
      "events": 14005,
      "total_weight": 501.1956590805203
    },
    "fold_2": {
      "events": 15810,
      "total_weight": 565.7942360097077
    },
    "fold_3": {
      "events": 18782,
      "total_weight": 673.101045524003
    },
    "fold_4": {
      "events": 16726,
      "total_weight": 599.5555101847276
    }
  },
  "total_events": 81434,
  "total_weight": 2918.7538810451515
}