{
  "timestamp": "2025-10-14 13:18:58",
  "sample": "TTToHcToWAToMuMu-MHc160_MA98",
  "sample_type": "signal",
  "channel": "Run3Mu",
  "pilot_mode": true,
  "separate_bjets": false,
  "eras": {
    "2016preVFP": {
      "events": 6280,
      "total_weight": 3.8373099919990636
    },
    "2016postVFP": {
      "events": 6186,
      "total_weight": 3.697083227827534
    },
    "2017": {
      "events": 12765,
      "total_weight": 9.137686686757661
    },
    "2018": {
      "events": 19539,
      "total_weight": 20.987021004373673
    }
  },
  "folds": {
    "fold_0": {
      "events": 8946,
      "total_weight": 7.5233289474927005
    },
    "fold_1": {
      "events": 7561,
      "total_weight": 6.366269443726196
    },
    "fold_2": {
      "events": 9057,
      "total_weight": 7.648190716732643
    },
    "fold_3": {
      "events": 9998,
      "total_weight": 8.368041252113471
    },
    "fold_4": {
      "events": 9208,
      "total_weight": 7.753270550892921
    }
  },
  "total_events": 44770,
  "total_weight": 37.65910091095793
}