{
  "timestamp": "2025-10-14 13:18:57",
  "sample": "TTToHcToWAToMuMu-MHc115_MA87",
  "sample_type": "signal",
  "channel": "Run3Mu",
  "pilot_mode": true,
  "separate_bjets": false,
  "eras": {
    "2016preVFP": {
      "events": 6362,
      "total_weight": 3.9123066881438717
    },
    "2016postVFP": {
      "events": 6404,
      "total_weight": 3.8029333977101487
    },
    "2017": {
      "events": 12776,
      "total_weight": 8.978058159344073
    },
    "2018": {
      "events": 19538,
      "total_weight": 20.318901813589036
    }
  },
  "folds": {
    "fold_0": {
      "events": 8962,
      "total_weight": 7.356329024070874
    },
    "fold_1": {
      "events": 7822,
      "total_weight": 6.410979744432552
    },
    "fold_2": {
      "events": 9111,
      "total_weight": 7.517320253093203
    },
    "fold_3": {
      "events": 9998,
      "total_weight": 8.188156453470583
    },
    "fold_4": {
      "events": 9187,
      "total_weight": 7.539414583719918
    }
  },
  "total_events": 45080,
  "total_weight": 37.01220005878713
}