{
  "timestamp": "2025-10-14 13:26:08",
  "sample": "Skim_TriLep_ZZTo4L_powheg",
  "sample_type": "background",
  "channel": "Run3Mu",
  "pilot_mode": false,
  "separate_bjets": false,
  "eras": {
    "2016preVFP": {
      "events": 29960,
      "total_weight": 14.483403714330052
    },
    "2016postVFP": {
      "events": 32189,
      "total_weight": 12.434890120908676
    },
    "2017": {
      "events": 65294,
      "total_weight": 33.823209697773564
    },
    "2018": {
      "events": 62752,
      "total_weight": 47.204027012398
    }
  },
  "folds": {
    "fold_0": {
      "events": 44239,
      "total_weight": 25.099980127855815
    },
    "fold_1": {
      "events": 28247,
      "total_weight": 15.956181897592614
    },
    "fold_2": {
      "events": 34389,
      "total_weight": 19.53795215606806
    },
    "fold_3": {
      "events": 45442,
      "total_weight": 25.8311941303582
    },
    "fold_4": {
      "events": 37878,
      "total_weight": 21.520222233535605
    }
  },
  "total_events": 190195,
  "total_weight": 107.94553054541029
}