{
  "timestamp": "2025-10-14 13:18:57",
  "sample": "TTToHcToWAToMuMu-MHc160_MA85",
  "sample_type": "signal",
  "channel": "Run3Mu",
  "pilot_mode": true,
  "separate_bjets": false,
  "eras": {
    "2016preVFP": {
      "events": 6672,
      "total_weight": 4.140233554557199
    },
    "2016postVFP": {
      "events": 6224,
      "total_weight": 3.7578013831735007
    },
    "2017": {
      "events": 12769,
      "total_weight": 9.010289958649082
    },
    "2018": {
      "events": 19001,
      "total_weight": 19.611215324141085
    }
  },
  "folds": {
    "fold_0": {
      "events": 8838,
      "total_weight": 7.22351979722589
    },
    "fold_1": {
      "events": 7658,
      "total_weight": 6.2703523907621275
    },
    "fold_2": {
      "events": 9028,
      "total_weight": 7.354742258758051
    },
    "fold_3": {
      "events": 9998,
      "total_weight": 8.199963989718526
    },
    "fold_4": {
      "events": 9144,
      "total_weight": 7.470961784056271
    }
  },
  "total_events": 44666,
  "total_weight": 36.51954022052087
}