{
  "Signal": {
    "precision": 0.6186687642157244,
    "recall": 0.6245326306948282,
    "f1-score": 0.6215868682678954,
    "support": 656.3244635407464
  },
  "Nonprompt": {
    "precision": 0.6115779152945122,
    "recall": 0.5945480177279429,
    "f1-score": 0.6029427396745485,
    "support": 673.101045524003
  },
  "Diboson": {
    "precision": 0.7156881739578803,
    "recall": 0.8569636117310468,
    "f1-score": 0.7799803211484201,
    "support": 705.4454485516762
  },
  "TTZ": {
    "precision": 0.707954357671957,
    "recall": 0.5623614604374995,
    "f1-score": 0.6268145933914351,
    "support": 616.2384854429401
  },
  "accuracy": 0.6643168937758168,
  "macro avg": {
    "precision": 0.6634723027850185,
    "recall": 0.6596014301478293,
    "f1-score": 0.6578311306205747,
    "support": 2651.1094430593657
  },
  "weighted avg": {
    "precision": 0.6634387990384394,
    "recall": 0.6643168937758168,
    "f1-score": 0.6602160103602513,
    "support": 2651.1094430593657
  }
}