{
  "syst": "TT",
  "observed": 18.549673158675432,
  "expected": 17.45077502183267,
  "difference": 0.06297130846440524,
  "max_bin_difference": 6.0183874683076874,
  "max_bin_difference_bin": 90,
  "max_bin_difference_filtered": 2.110901134287217,
  "max_bin_difference_filtered_bin": 40,
  "snr_threshold": 3.0,
  "mass_range_min": 10.0,
  "mass_range_max": 160.0,
  "percentile_68_difference": 0.3304738982071571,
  "percentile_95_difference": 0.894673623679109,
  "rms_bin_difference": 0.6021628961094665,
  "chi2": 3.2744150148513387,
  "ndf": 3,
  "chi2_per_ndf": 1.091471671617113,
  "p_value": 0.3512195022446643,
  "closure_uncertainty_scale": 0.6000000000000001,
  "recommended_systematic_pct": 39.99999999999999
}