{
  "syst": "TT",
  "observed": 18.500491784885526,
  "expected": 16.9242453428742,
  "difference": 0.0931354048631178,
  "max_bin_difference": 8.513431618917318,
  "max_bin_difference_bin": 87,
  "max_bin_difference_filtered": 1.9881429768279342,
  "max_bin_difference_filtered_bin": 40,
  "snr_threshold": 3.0,
  "mass_range_min": 10.0,
  "mass_range_max": 160.0,
  "percentile_68_difference": 0.3284624290215049,
  "percentile_95_difference": 0.9652179003272269,
  "rms_bin_difference": 0.6018647214883913,
  "chi2": 0.22968289043648482,
  "ndf": 3,
  "chi2_per_ndf": 0.07656096347882828,
  "p_value": 0.9726609258163815,
  "closure_uncertainty_scale": 0.1,
  "recommended_systematic_pct": 90.0
}