{
  "syst": "TT",
  "observed": 18.549673113506287,
  "expected": 17.450775216775583,
  "difference": 0.06297129400155958,
  "max_bin_difference": 19.009659704829264,
  "max_bin_difference_bin": 158,
  "max_bin_difference_filtered": 1.757283299560884,
  "max_bin_difference_filtered_bin": 37,
  "snr_threshold": 3.0,
  "mass_range_min": 10.0,
  "mass_range_max": 160.0,
  "percentile_68_difference": 1.4046553980123369,
  "percentile_95_difference": 1.710343960566854,
  "rms_bin_difference": 1.2364620438797125,
  "chi2": 0.6882810826693667,
  "ndf": 3,
  "chi2_per_ndf": 0.22942702755645558,
  "p_value": 0.8759568342570815,
  "closure_uncertainty_scale": 1.0,
  "recommended_systematic_pct": 0.0
}