{
  "hyperparameters": {
    "signal": "MHc130_MA90",
    "channel": "Combined",
    "iteration": 3,
    "model_idx": 6,
    "num_hidden": 96,
    "optimizer": "RMSprop",
    "initial_lr": 0.0006,
    "weight_decay": 0.00024,
    "scheduler": "CyclicLR",
    "pilot_mode": false,
    "num_classes": 4,
    "model_type": "ParticleNet",
    "num_node_features": 9,
    "num_graph_features": 4,
    "dropout_p": 0.4,
    "batch_size": 256,
    "train_folds": [
      0,
      1,
      2
    ],
    "valid_folds": [
      3
    ],
    "loss_type": "disco",
    "disco_lambda": 0.05
  },
  "training_summary": {
    "best_epoch": 8,
    "best_train_loss": 0.6977959073423252,
    "best_valid_loss": 0.6841662232304963,
    "best_train_acc": 0.5289737954735756,
    "best_valid_acc": 0.5376635491847992,
    "total_epochs": 16
  },
  "epoch_history": {
    "train_loss": [
      0.7832252386493161,
      0.7157052918408054,
      0.7140627226206308,
      0.7175551208681611,
      0.7167409972216945,
      0.7135998943294073,
      0.7110333010780775,
      0.7043606187072569,
      0.6977959073423252,
      0.7066612545117781,
      0.7135041674582067,
      0.7156258904825228,
      0.716705155300152,
      0.7121093007931231,
      0.7097087825322949,
      0.7046140351918693
    ],
    "valid_loss": [
      0.722932412590779,
      0.7049493386711873,
      0.7037242835676166,
      0.7146373802507427,
      0.7193189271738831,
      0.7127238528829225,
      0.7117338583502971,
      0.6953963158835827,
      0.6841662232304963,
      0.6938293886856294,
      0.6988354535170005,
      0.7932412590779049,
      0.7106632178937885,
      0.7092008456377916,
      0.695435752331371,
      0.6935763829190966
    ],
    "train_acc": [
      0.4543336406350136,
      0.5073737278580666,
      0.5085419937968254,
      0.5072910189628601,
      0.5066460222005844,
      0.5108037889003754,
      0.5135331377387047,
      0.5201100558042526,
      0.5289737954735756,
      0.5188122689723969,
      0.510932981967926,
      0.5068783462047577,
      0.5063420385122299,
      0.5118439793586731,
      0.5166382119059563,
      0.5239053145051003
    ],
    "valid_acc": [
      0.4919726103544235,
      0.5164835639297962,
      0.5210716500878334,
      0.5178376957774162,
      0.4938597269356251,
      0.5048166364431381,
      0.5077248066663742,
      0.5190886780619621,
      0.5376635491847992,
      0.5290820077061653,
      0.5176468715071678,
      0.46517634205520153,
      0.519904762506485,
      0.507053348235786,
      0.5304479897022247,
      0.5316954851150513
    ],
    "epoch": [
      0,
      1,
      2,
      3,
      4,
      5,
      6,
      7,
      8,
      9,
      10,
      11,
      12,
      13,
      14,
      15
    ],
    "timestamp": [
      1767351171.0025933,
      1767351490.5384986,
      1767351837.7733479,
      1767352185.2343743,
      1767352533.9906056,
      1767352881.6631134,
      1767353229.2403095,
      1767353576.7126153,
      1767353924.797985,
      1767354272.5370233,
      1767354620.224947,
      1767354968.394088,
      1767355309.054871,
      1767355635.61446,
      1767355961.7649364,
      1767356287.4928846
    ],
    "train_ce_loss": [
      0.7529025143765389,
      0.6861959635486719,
      0.6844327084018105,
      0.6878504479909741,
      0.6868329203962192,
      0.6840998149932699,
      0.6814675635298697,
      0.6748382901167073,
      0.6685023359433496,
      0.6772337553439531,
      0.6841049295247145,
      0.6862996130366456,
      0.6870966472524278,
      0.6828285840869313,
      0.6799620662960238,
      0.6753846885223157
    ],
    "valid_ce_loss": [
      0.693360840035996,
      0.6763851873471703,
      0.6750448232280536,
      0.6853483005518645,
      0.6896005925053442,
      0.6831923444611085,
      0.6805028412228739,
      0.6667453767338269,
      0.6557652003223627,
      0.6643704583107586,
      0.6690020773192527,
      0.7624325719727597,
      0.6813037983128722,
      0.6803565814986196,
      0.666413641259284,
      0.6645320768822247
    ],
    "train_disco_term": [
      0.6064546106615327,
      0.5901859059703386,
      0.5926012947747773,
      0.5940937429575934,
      0.5981622346809932,
      0.5900021710656697,
      0.5913145802665989,
      0.5904465356858668,
      0.5858711329455796,
      0.5885504592153439,
      0.587984710913661,
      0.5865242883789503,
      0.5921692438763325,
      0.5856143266415523,
      0.594933299217543,
      0.5845874542704469
    ],
    "valid_disco_term": [
      0.5914312740656692,
      0.5712826503834254,
      0.5735892574761955,
      0.5857817405756091,
      0.5943670372518015,
      0.5906294689212047,
      0.624619227427412,
      0.573018467893273,
      0.5680197574408121,
      0.5891774809381491,
      0.5966682061028312,
      0.6161736693285721,
      0.587189007970229,
      0.5768853012000171,
      0.5804419053692214,
      0.5808868602337972
    ]
  }
}