{
  "observed": 199.1100517772138,
  "expected": 208.9981485872413,
  "difference": -0.04731188709980338,
  "max_bin_difference": 11.818063164103307,
  "max_bin_difference_bin": 132,
  "max_bin_difference_filtered": 1.1299763033933976,
  "max_bin_difference_filtered_bin": 81,
  "snr_threshold": 3.0,
  "mass_range_min": 10.0,
  "mass_range_max": 160.0,
  "percentile_68_difference": 0.25662974639081637,
  "percentile_95_difference": 0.5701962625373946,
  "rms_bin_difference": 0.28358667014041705,
  "chi2": 56.93047225079082,
  "ndf": 28,
  "chi2_per_ndf": 2.033231151813958,
  "p_value": 0.0009892191001042152,
  "closure_uncertainty_scale": 2.0500000000000003,
  "recommended_systematic_pct": 105.00000000000003
}