{
  "observed": 199.11005183681846,
  "expected": 208.9981486380566,
  "difference": -0.04731188704624537,
  "max_bin_difference": 2.163911694182169,
  "max_bin_difference_bin": 155,
  "max_bin_difference_filtered": 0.6897599818446817,
  "max_bin_difference_filtered_bin": 13,
  "snr_threshold": 3.0,
  "mass_range_min": 10.0,
  "mass_range_max": 160.0,
  "percentile_68_difference": 0.1952313588029438,
  "percentile_95_difference": 0.4164063446797628,
  "rms_bin_difference": 0.22037347318730144,
  "chi2": 48.04307853137098,
  "ndf": 37,
  "chi2_per_ndf": 1.2984615819289453,
  "p_value": 0.10559122962256287,
  "closure_uncertainty_scale": 1.4000000000000001,
  "recommended_systematic_pct": 40.000000000000014
}