{
  "syst": "ljet",
  "observed": 553.8770718574524,
  "expected": 882.4600567817688,
  "difference": -0.3723488472924441,
  "max_bin_difference": 0.0,
  "max_bin_difference_bin": -1,
  "max_bin_difference_filtered": 0.0,
  "max_bin_difference_filtered_bin": -1,
  "snr_threshold": 3.0,
  "mass_range_min": 10.0,
  "mass_range_max": 160.0,
  "percentile_68_difference": 0.0,
  "percentile_95_difference": 0.0,
  "rms_bin_difference": 0.0,
  "chi2": 51.97548838581383,
  "ndf": 47,
  "chi2_per_ndf": 1.1058614550173156,
  "p_value": 0.28625412504293474,
  "closure_uncertainty_scale": 1.1,
  "recommended_systematic_pct": 10.000000000000009
}