{
  "syst": "ljet",
  "observed": 553.8770648483187,
  "expected": 882.4600488124415,
  "difference": -0.3723488495669678,
  "max_bin_difference": 0.6435011713706134,
  "max_bin_difference_bin": 159,
  "max_bin_difference_filtered": 0.6190454617402876,
  "max_bin_difference_filtered_bin": 146,
  "snr_threshold": 3.0,
  "mass_range_min": 10.0,
  "mass_range_max": 160.0,
  "percentile_68_difference": 0.4100700585536084,
  "percentile_95_difference": 0.5241526432086457,
  "rms_bin_difference": 0.372930524360628,
  "chi2": 146.37660048300208,
  "ndf": 105,
  "chi2_per_ndf": 1.394062861742877,
  "p_value": 0.0047590749059330485,
  "closure_uncertainty_scale": 1.4500000000000002,
  "recommended_systematic_pct": 45.000000000000014
}