{
  "Central": {
    "ptcorr_15to17_EB1": 2824.1267852783203,
    "ptcorr_15to17_EB2": 1883.1965141296387,
    "ptcorr_15to17_EE": 2734.8844604492188,
    "ptcorr_17to20_EB1": 3995.3854904174805,
    "ptcorr_17to20_EB2": 2533.6212577819824,
    "ptcorr_17to20_EE": 4183.563941955566,
    "ptcorr_20to25_EB1": 5774.050369262695,
    "ptcorr_20to25_EB2": 3675.797264099121,
    "ptcorr_20to25_EE": 5380.335952758789,
    "ptcorr_25to35_EB1": 7590.35334777832,
    "ptcorr_25to35_EB2": 5168.078460693359,
    "ptcorr_25to35_EE": 7094.290710449219,
    "ptcorr_35to50_EB1": 5666.897598266602,
    "ptcorr_35to50_EB2": 3660.139228820801,
    "ptcorr_35to50_EE": 4214.1253662109375,
    "ptcorr_50to100_EB1": 2669.2335357666016,
    "ptcorr_50to100_EB2": 1803.4440898895264,
    "ptcorr_50to100_EE": 2451.84383392334,
    "ptcorr_100to200_EB1": 189.68444454669952,
    "ptcorr_100to200_EB2": 141.12907749414444,
    "ptcorr_100to200_EE": 107.69689798355103
  },
  "MotherJetPt_Up": {
    "ptcorr_15to17_EB1": 766.0808515548706,
    "ptcorr_15to17_EB2": 409.6594429016113,
    "ptcorr_15to17_EE": 937.9029836654663,
    "ptcorr_17to20_EB1": 1030.636591911316,
    "ptcorr_17to20_EB2": 764.0951819419861,
    "ptcorr_17to20_EE": 1414.8050484657288,
    "ptcorr_20to25_EB1": 1607.3516960144043,
    "ptcorr_20to25_EB2": 833.3314542770386,
    "ptcorr_20to25_EE": 1450.12548828125,
    "ptcorr_25to35_EB1": 2011.1841087341309,
    "ptcorr_25to35_EB2": 1266.0056023597717,
    "ptcorr_25to35_EE": 2087.266498565674,
    "ptcorr_35to50_EB1": 2151.3153190612793,
    "ptcorr_35to50_EB2": 1227.978021621704,
    "ptcorr_35to50_EE": 1621.8506832122803,
    "ptcorr_50to100_EB1": 1761.465202331543,
    "ptcorr_50to100_EB2": 1233.9062232971191,
    "ptcorr_50to100_EE": 1692.9033966064453,
    "ptcorr_100to200_EB1": 175.7378088235855,
    "ptcorr_100to200_EB2": 131.78381711244583,
    "ptcorr_100to200_EE": 100.01993346214294
  },
  "MotherJetPt_Down": {
    "ptcorr_15to17_EB1": 5827.279067993164,
    "ptcorr_15to17_EB2": 3676.511573791504,
    "ptcorr_15to17_EE": 5528.223541259766,
    "ptcorr_17to20_EB1": 8136.11833190918,
    "ptcorr_17to20_EB2": 5511.814544677734,
    "ptcorr_17to20_EE": 8048.6263427734375,
    "ptcorr_20to25_EB1": 11927.243347167969,
    "ptcorr_20to25_EB2": 7193.563888549805,
    "ptcorr_20to25_EE": 9655.77670288086,
    "ptcorr_25to35_EB1": 12383.420379638672,
    "ptcorr_25to35_EB2": 8207.392013549805,
    "ptcorr_25to35_EE": 10714.233703613281,
    "ptcorr_35to50_EB1": 7298.2259521484375,
    "ptcorr_35to50_EB2": 4726.205131530762,
    "ptcorr_35to50_EE": 5424.870536804199,
    "ptcorr_50to100_EB1": 2958.0895767211914,
    "ptcorr_50to100_EB2": 2011.9709358215332,
    "ptcorr_50to100_EE": 2681.758893966675,
    "ptcorr_100to200_EB1": 207.35556089878082,
    "ptcorr_100to200_EB2": 152.508054792881,
    "ptcorr_100to200_EE": 116.78750038146973
  },
  "RequireHeavyTag": {
    "ptcorr_15to17_EB1": 174.22670924663544,
    "ptcorr_15to17_EB2": 80.91607296466827,
    "ptcorr_15to17_EE": 170.7359483242035,
    "ptcorr_17to20_EB1": 174.79887080192566,
    "ptcorr_17to20_EB2": 166.80758783221245,
    "ptcorr_17to20_EE": 258.85255193710327,
    "ptcorr_20to25_EB1": 417.22406220436096,
    "ptcorr_20to25_EB2": 190.7521014213562,
    "ptcorr_20to25_EE": 220.85836338996887,
    "ptcorr_25to35_EB1": 378.8915491104126,
    "ptcorr_25to35_EB2": 241.42842614650726,
    "ptcorr_25to35_EE": 347.8281090259552,
    "ptcorr_35to50_EB1": 323.02126288414,
    "ptcorr_35to50_EB2": 251.56580257415771,
    "ptcorr_35to50_EE": 62.43743550777435,
    "ptcorr_50to100_EB1": 162.4837896823883,
    "ptcorr_50to100_EB2": 73.86224830150604,
    "ptcorr_50to100_EE": 150.84990966320038,
    "ptcorr_100to200_EB1": 15.32570931315422,
    "ptcorr_100to200_EB2": 14.950263261795044,
    "ptcorr_100to200_EE": 16.38307023048401
  },
  "Stat": {
    "ptcorr_15to17_EB1": 141.30246020927015,
    "ptcorr_15to17_EB2": 113.27360844183342,
    "ptcorr_15to17_EE": 149.9414745460292,
    "ptcorr_17to20_EB1": 161.4510390871374,
    "ptcorr_17to20_EB2": 131.47374038536793,
    "ptcorr_17to20_EE": 174.70021436430048,
    "ptcorr_20to25_EB1": 192.518290800567,
    "ptcorr_20to25_EB2": 160.98009054086344,
    "ptcorr_20to25_EE": 199.92057817340302,
    "ptcorr_25to35_EB1": 225.29413685586508,
    "ptcorr_25to35_EB2": 191.8379308868619,
    "ptcorr_25to35_EE": 226.06625393057706,
    "ptcorr_35to50_EB1": 189.24434713957217,
    "ptcorr_35to50_EB2": 157.61115460598023,
    "ptcorr_35to50_EE": 179.23473354199206,
    "ptcorr_50to100_EB1": 139.39289554949627,
    "ptcorr_50to100_EB2": 114.42278154239916,
    "ptcorr_50to100_EE": 135.29946306271557,
    "ptcorr_100to200_EB1": 38.795483878520706,
    "ptcorr_100to200_EB2": 35.17089719010917,
    "ptcorr_100to200_EE": 37.72445229968136
  }
}