{
  "Central": {
    "ptcorr_15to17_EB1": 4028.2339935302734,
    "ptcorr_15to17_EB2": 2580.7973251342773,
    "ptcorr_15to17_EE": 2863.8787231445312,
    "ptcorr_17to20_EB1": 7385.9508056640625,
    "ptcorr_17to20_EB2": 4743.0322265625,
    "ptcorr_17to20_EE": 5480.400299072266,
    "ptcorr_20to25_EB1": 19001.68145751953,
    "ptcorr_20to25_EB2": 10660.134948730469,
    "ptcorr_20to25_EE": 11683.339965820312,
    "ptcorr_25to35_EB1": 68035.2216796875,
    "ptcorr_25to35_EB2": 29260.981079101562,
    "ptcorr_25to35_EE": 32990.56994628906,
    "ptcorr_35to50_EB1": 96661.06787109375,
    "ptcorr_35to50_EB2": 65409.850830078125,
    "ptcorr_35to50_EE": 72293.90893554688,
    "ptcorr_50to100_EB1": 25935.954833984375,
    "ptcorr_50to100_EB2": 20792.021850585938,
    "ptcorr_50to100_EE": 26343.231994628906,
    "ptcorr_100to200_EB1": 2703.44083404541,
    "ptcorr_100to200_EB2": 1779.698860168457,
    "ptcorr_100to200_EE": 2241.760353088379
  },
  "MotherJetPt_Up": {
    "ptcorr_15to17_EB1": 1387.847116470337,
    "ptcorr_15to17_EB2": 848.267879486084,
    "ptcorr_15to17_EE": 894.0154438018799,
    "ptcorr_17to20_EB1": 2388.695846557617,
    "ptcorr_17to20_EB2": 1343.9396133422852,
    "ptcorr_17to20_EE": 1697.4012489318848,
    "ptcorr_20to25_EB1": 5353.489242553711,
    "ptcorr_20to25_EB2": 2723.6365966796875,
    "ptcorr_20to25_EE": 3511.578056335449,
    "ptcorr_25to35_EB1": 15475.285461425781,
    "ptcorr_25to35_EB2": 9547.833953857422,
    "ptcorr_25to35_EE": 11600.668365478516,
    "ptcorr_35to50_EB1": 26167.59716796875,
    "ptcorr_35to50_EB2": 26259.689331054688,
    "ptcorr_35to50_EE": 33284.00891113281,
    "ptcorr_50to100_EB1": 12746.773712158203,
    "ptcorr_50to100_EB2": 10060.638427734375,
    "ptcorr_50to100_EE": 13528.894744873047,
    "ptcorr_100to200_EB1": 2464.3697814941406,
    "ptcorr_100to200_EB2": 1617.7748908996582,
    "ptcorr_100to200_EE": 2049.8698539733887
  },
  "MotherJetPt_Down": {
    "ptcorr_15to17_EB1": 6676.313262939453,
    "ptcorr_15to17_EB2": 4343.873123168945,
    "ptcorr_15to17_EE": 5312.672912597656,
    "ptcorr_17to20_EB1": 12235.11245727539,
    "ptcorr_17to20_EB2": 8526.538818359375,
    "ptcorr_17to20_EE": 10253.215515136719,
    "ptcorr_20to25_EB1": 30754.773803710938,
    "ptcorr_20to25_EB2": 19376.391845703125,
    "ptcorr_20to25_EE": 20108.118530273438,
    "ptcorr_25to35_EB1": 90084.85400390625,
    "ptcorr_25to35_EB2": 41510.1572265625,
    "ptcorr_25to35_EE": 45795.952880859375,
    "ptcorr_35to50_EB1": 107777.646484375,
    "ptcorr_35to50_EB2": 71621.34912109375,
    "ptcorr_35to50_EE": 81397.31884765625,
    "ptcorr_50to100_EB1": 31190.713134765625,
    "ptcorr_50to100_EB2": 24260.365356445312,
    "ptcorr_50to100_EE": 31132.514892578125,
    "ptcorr_100to200_EB1": 2820.810577392578,
    "ptcorr_100to200_EB2": 1868.6755599975586,
    "ptcorr_100to200_EE": 2373.363456726074
  },
  "RequireHeavyTag": {
    "ptcorr_15to17_EB1": 170.06016218662262,
    "ptcorr_15to17_EB2": 113.10905158519745,
    "ptcorr_15to17_EE": 128.99266296625137,
    "ptcorr_17to20_EB1": 244.41901791095734,
    "ptcorr_17to20_EB2": 151.7006516456604,
    "ptcorr_17to20_EE": 205.14574229717255,
    "ptcorr_20to25_EB1": 578.5576324462891,
    "ptcorr_20to25_EB2": 292.44149762392044,
    "ptcorr_20to25_EE": 299.47401189804077,
    "ptcorr_25to35_EB1": 1263.6808319091797,
    "ptcorr_25to35_EB2": 716.6556043624878,
    "ptcorr_25to35_EE": 809.506067276001,
    "ptcorr_35to50_EB1": 1255.5009231567383,
    "ptcorr_35to50_EB2": 912.1060009002686,
    "ptcorr_35to50_EE": 1153.4367504119873,
    "ptcorr_50to100_EB1": 1231.5446701049805,
    "ptcorr_50to100_EB2": 849.3284912109375,
    "ptcorr_50to100_EE": 889.1882209777832,
    "ptcorr_100to200_EB1": 169.00800907611847,
    "ptcorr_100to200_EB2": 116.37068665027618,
    "ptcorr_100to200_EE": 98.57375538349152
  },
  "Stat": {
    "ptcorr_15to17_EB1": 98.93311384153031,
    "ptcorr_15to17_EB2": 78.17777576108351,
    "ptcorr_15to17_EE": 87.85641626506256,
    "ptcorr_17to20_EB1": 132.07123674258193,
    "ptcorr_17to20_EB2": 105.10868175861502,
    "ptcorr_17to20_EE": 119.5184646467409,
    "ptcorr_20to25_EB1": 205.64337688350864,
    "ptcorr_20to25_EB2": 157.9224871510866,
    "ptcorr_20to25_EE": 173.15504381867783,
    "ptcorr_25to35_EB1": 364.4983808038896,
    "ptcorr_25to35_EB2": 251.47407232348337,
    "ptcorr_25to35_EE": 277.650906238287,
    "ptcorr_35to50_EB1": 422.3710526014298,
    "ptcorr_35to50_EB2": 351.3739383424243,
    "ptcorr_35to50_EE": 381.4829088295982,
    "ptcorr_50to100_EB1": 262.5018806449386,
    "ptcorr_50to100_EB2": 234.07222829978753,
    "ptcorr_50to100_EE": 273.1439119612632,
    "ptcorr_100to200_EB1": 89.30810324870073,
    "ptcorr_100to200_EB2": 76.64788698404053,
    "ptcorr_100to200_EE": 85.37140705392471
  }
}