{
  "Central": {
    "ptcorr_15to17_EB1": 1.5449308548122644,
    "ptcorr_15to17_EB2": 0.4757109619677067,
    "ptcorr_15to17_EE": 0.8580185668542981,
    "ptcorr_17to20_EB1": 2.7907493002712727,
    "ptcorr_17to20_EB2": 1.1530947834253311,
    "ptcorr_17to20_EE": 0.9927608408033848,
    "ptcorr_20to25_EB1": 4.577813000418246,
    "ptcorr_20to25_EB2": 3.3399642519652843,
    "ptcorr_20to25_EE": 3.099963802844286,
    "ptcorr_25to35_EB1": 7.877598077058792,
    "ptcorr_25to35_EB2": 5.668783813714981,
    "ptcorr_25to35_EE": 6.715866304934025,
    "ptcorr_35to50_EB1": 12.57912103831768,
    "ptcorr_35to50_EB2": 8.792508535087109,
    "ptcorr_35to50_EE": 8.446710981428623,
    "ptcorr_50to100_EB1": 15.98651310801506,
    "ptcorr_50to100_EB2": 12.015840534120798,
    "ptcorr_50to100_EE": 7.465961012989283,
    "ptcorr_100to200_EB1": 1.8725853252690285,
    "ptcorr_100to200_EB2": 1.2091908000875264,
    "ptcorr_100to200_EE": 0.43942976277321577
  },
  "MotherJetPt_Up": {
    "ptcorr_15to17_EB1": 1.0084644183516502,
    "ptcorr_15to17_EB2": 0.3176427502185106,
    "ptcorr_15to17_EE": 0.5113719282671809,
    "ptcorr_17to20_EB1": 1.6145712070865557,
    "ptcorr_17to20_EB2": 0.9528493881225586,
    "ptcorr_17to20_EE": 0.6492030136287212,
    "ptcorr_20to25_EB1": 2.883342101238668,
    "ptcorr_20to25_EB2": 2.360269281489309,
    "ptcorr_20to25_EE": 1.8734056493267417,
    "ptcorr_25to35_EB1": 5.471243180334568,
    "ptcorr_25to35_EB2": 3.5955968499183655,
    "ptcorr_25to35_EE": 4.629060108214617,
    "ptcorr_35to50_EB1": 9.265822753310204,
    "ptcorr_35to50_EB2": 5.497489653527737,
    "ptcorr_35to50_EE": 6.181712053716183,
    "ptcorr_50to100_EB1": 12.389664582908154,
    "ptcorr_50to100_EB2": 8.72530460730195,
    "ptcorr_50to100_EE": 5.288003794848919,
    "ptcorr_100to200_EB1": 1.7382991451304406,
    "ptcorr_100to200_EB2": 1.2690287560690194,
    "ptcorr_100to200_EE": 0.3882577074691653
  },
  "MotherJetPt_Down": {
    "ptcorr_15to17_EB1": 1.6501646433025599,
    "ptcorr_15to17_EB2": 0.582710100337863,
    "ptcorr_15to17_EE": 1.050708738155663,
    "ptcorr_17to20_EB1": 3.116850696504116,
    "ptcorr_17to20_EB2": 1.4691690914332867,
    "ptcorr_17to20_EE": 1.2053778618574142,
    "ptcorr_20to25_EB1": 5.004866191186011,
    "ptcorr_20to25_EB2": 3.6682100258767605,
    "ptcorr_20to25_EE": 3.596402805298567,
    "ptcorr_25to35_EB1": 9.284266766160727,
    "ptcorr_25to35_EB2": 6.368632834404707,
    "ptcorr_25to35_EE": 7.511123761534691,
    "ptcorr_35to50_EB1": 14.394002720713615,
    "ptcorr_35to50_EB2": 10.093602858483791,
    "ptcorr_35to50_EE": 9.24238196015358,
    "ptcorr_50to100_EB1": 17.572090357542038,
    "ptcorr_50to100_EB2": 12.63843297958374,
    "ptcorr_50to100_EE": 7.982155665755272,
    "ptcorr_100to200_EB1": 1.9332980054896325,
    "ptcorr_100to200_EB2": 1.2091908000875264,
    "ptcorr_100to200_EE": 0.6369368610903621
  },
  "RequireHeavyTag": {
    "ptcorr_15to17_EB1": 1.2543248618021607,
    "ptcorr_15to17_EB2": 0.23091631568968296,
    "ptcorr_15to17_EE": 0.5170626109465957,
    "ptcorr_17to20_EB1": 1.9918717234395444,
    "ptcorr_17to20_EB2": 0.9836979173123837,
    "ptcorr_17to20_EE": 0.8263207692652941,
    "ptcorr_20to25_EB1": 4.060043508419767,
    "ptcorr_20to25_EB2": 2.7993070520460606,
    "ptcorr_20to25_EE": 2.4593636505305767,
    "ptcorr_25to35_EB1": 6.922968663275242,
    "ptcorr_25to35_EB2": 4.8741249442100525,
    "ptcorr_25to35_EE": 5.500068758614361,
    "ptcorr_35to50_EB1": 10.321416612714529,
    "ptcorr_35to50_EB2": 7.178362548351288,
    "ptcorr_35to50_EE": 6.4766306057572365,
    "ptcorr_50to100_EB1": 13.046994626522064,
    "ptcorr_50to100_EB2": 9.068834971636534,
    "ptcorr_50to100_EE": 5.885867793112993,
    "ptcorr_100to200_EB1": 1.6162364308256656,
    "ptcorr_100to200_EB2": 0.8888523404020816,
    "ptcorr_100to200_EE": 0.3748622902203351
  },
  "Stat": {
    "ptcorr_15to17_EB1": 0.3592348507486358,
    "ptcorr_15to17_EB2": 0.21838329218161492,
    "ptcorr_15to17_EE": 0.2687847885461853,
    "ptcorr_17to20_EB1": 0.43975944639439835,
    "ptcorr_17to20_EB2": 0.31305518730068194,
    "ptcorr_17to20_EE": 0.350170063646319,
    "ptcorr_20to25_EB1": 0.6212001678661403,
    "ptcorr_20to25_EB2": 0.5329248394599573,
    "ptcorr_20to25_EE": 0.5486660039031068,
    "ptcorr_25to35_EB1": 0.9639901149279564,
    "ptcorr_25to35_EB2": 0.7415465675489199,
    "ptcorr_25to35_EE": 0.7769154814150407,
    "ptcorr_35to50_EB1": 1.1649636614364165,
    "ptcorr_35to50_EB2": 0.9406861149451806,
    "ptcorr_35to50_EE": 0.8659855216604929,
    "ptcorr_50to100_EB1": 1.2547959183723734,
    "ptcorr_50to100_EB2": 1.0725645607198535,
    "ptcorr_50to100_EE": 0.8716221383312805,
    "ptcorr_100to200_EB1": 0.383284398812445,
    "ptcorr_100to200_EB2": 0.31804329623008315,
    "ptcorr_100to200_EE": 0.21745381091393784
  }
}