{
  "Central": {
    "ptcorr_15to17_EB1": 1.489630757831037,
    "ptcorr_15to17_EB2": 1.0412610992789268,
    "ptcorr_15to17_EE": 1.0862507270649076,
    "ptcorr_17to20_EB1": 2.1568009220063686,
    "ptcorr_17to20_EB2": 1.8121232949197292,
    "ptcorr_17to20_EE": 1.7209066729992628,
    "ptcorr_20to25_EB1": 5.029338035732508,
    "ptcorr_20to25_EB2": 2.8636132329702377,
    "ptcorr_20to25_EE": 2.6477115340530872,
    "ptcorr_25to35_EB1": 12.9113247692585,
    "ptcorr_25to35_EB2": 7.293385177850723,
    "ptcorr_25to35_EE": 6.0800294280052185,
    "ptcorr_35to50_EB1": 16.4114810526371,
    "ptcorr_35to50_EB2": 10.851217597723007,
    "ptcorr_35to50_EE": 7.770486086606979,
    "ptcorr_50to100_EB1": 21.71905279159546,
    "ptcorr_50to100_EB2": 13.472748965024948,
    "ptcorr_50to100_EE": 8.681597992777824,
    "ptcorr_100to200_EB1": 5.680637866258621,
    "ptcorr_100to200_EB2": 3.4369099028408527,
    "ptcorr_100to200_EE": 1.6226237004157156
  },
  "MotherJetPt_Up": {
    "ptcorr_15to17_EB1": 0.8692615320906043,
    "ptcorr_15to17_EB2": 0.6342335972003639,
    "ptcorr_15to17_EE": 0.6698182816617191,
    "ptcorr_17to20_EB1": 1.1668050171574578,
    "ptcorr_17to20_EB2": 0.9393749386072159,
    "ptcorr_17to20_EE": 0.8395333075895905,
    "ptcorr_20to25_EB1": 2.781835062429309,
    "ptcorr_20to25_EB2": 1.7328270487487316,
    "ptcorr_20to25_EE": 1.4587332010269165,
    "ptcorr_25to35_EB1": 7.0659633576869965,
    "ptcorr_25to35_EB2": 4.411212250590324,
    "ptcorr_25to35_EE": 3.482021763920784,
    "ptcorr_35to50_EB1": 10.900411456823349,
    "ptcorr_35to50_EB2": 6.629100352525711,
    "ptcorr_35to50_EE": 5.472593575716019,
    "ptcorr_50to100_EB1": 16.291064232587814,
    "ptcorr_50to100_EB2": 9.958792254328728,
    "ptcorr_50to100_EE": 6.2058563977479935,
    "ptcorr_100to200_EB1": 5.11443854868412,
    "ptcorr_100to200_EB2": 3.109081745147705,
    "ptcorr_100to200_EE": 1.4078104516956955
  },
  "MotherJetPt_Down": {
    "ptcorr_15to17_EB1": 1.8350344710052013,
    "ptcorr_15to17_EB2": 1.1796802505850792,
    "ptcorr_15to17_EE": 1.3422594731673598,
    "ptcorr_17to20_EB1": 2.7311879359185696,
    "ptcorr_17to20_EB2": 2.1459933053702116,
    "ptcorr_17to20_EE": 1.9176036287099123,
    "ptcorr_20to25_EB1": 6.031159520149231,
    "ptcorr_20to25_EB2": 3.413199458271265,
    "ptcorr_20to25_EE": 3.101516354829073,
    "ptcorr_25to35_EB1": 14.857663720846176,
    "ptcorr_25to35_EB2": 8.73299589753151,
    "ptcorr_25to35_EE": 7.1715600192546844,
    "ptcorr_35to50_EB1": 18.125346928834915,
    "ptcorr_35to50_EB2": 11.981073945760727,
    "ptcorr_35to50_EE": 8.877543926239014,
    "ptcorr_50to100_EB1": 23.741777777671814,
    "ptcorr_50to100_EB2": 14.572623401880264,
    "ptcorr_50to100_EE": 9.450620964169502,
    "ptcorr_100to200_EB1": 5.832151010632515,
    "ptcorr_100to200_EB2": 3.6075310334563255,
    "ptcorr_100to200_EE": 1.8135211893822998
  },
  "RequireHeavyTag": {
    "ptcorr_15to17_EB1": 0.8622102867811918,
    "ptcorr_15to17_EB2": 0.6881465376354754,
    "ptcorr_15to17_EE": 0.6909345402382314,
    "ptcorr_17to20_EB1": 1.3842584732919931,
    "ptcorr_17to20_EB2": 1.0665504205971956,
    "ptcorr_17to20_EE": 1.0487892595119774,
    "ptcorr_20to25_EB1": 3.4266781508922577,
    "ptcorr_20to25_EB2": 1.8686126340180635,
    "ptcorr_20to25_EE": 1.4685524124652147,
    "ptcorr_25to35_EB1": 8.337364614009857,
    "ptcorr_25to35_EB2": 4.665890008211136,
    "ptcorr_25to35_EE": 3.871570363640785,
    "ptcorr_35to50_EB1": 11.147942215204239,
    "ptcorr_35to50_EB2": 7.326403982937336,
    "ptcorr_35to50_EE": 5.1163516491651535,
    "ptcorr_50to100_EB1": 13.101899862289429,
    "ptcorr_50to100_EB2": 8.67592915892601,
    "ptcorr_50to100_EE": 5.415125422179699,
    "ptcorr_100to200_EB1": 3.8412718772888184,
    "ptcorr_100to200_EB2": 2.400619223713875,
    "ptcorr_100to200_EE": 0.9800932144280523
  },
  "Stat": {
    "ptcorr_15to17_EB1": 0.19101608685140542,
    "ptcorr_15to17_EB2": 0.15901704065769123,
    "ptcorr_15to17_EE": 0.16272533824764499,
    "ptcorr_17to20_EB1": 0.22812307836758094,
    "ptcorr_17to20_EB2": 0.21187664096427375,
    "ptcorr_17to20_EE": 0.21191066895996885,
    "ptcorr_20to25_EB1": 0.3554920561133115,
    "ptcorr_20to25_EB2": 0.2694922696073112,
    "ptcorr_20to25_EE": 0.2496733662197613,
    "ptcorr_25to35_EB1": 0.5685027529852099,
    "ptcorr_25to35_EB2": 0.4236972395136199,
    "ptcorr_25to35_EE": 0.38926490163652083,
    "ptcorr_35to50_EB1": 0.6332996500919102,
    "ptcorr_35to50_EB2": 0.5213270150815709,
    "ptcorr_35to50_EE": 0.44621801667920974,
    "ptcorr_50to100_EB1": 0.7284925895145865,
    "ptcorr_50to100_EB2": 0.5803424518035374,
    "ptcorr_50to100_EE": 0.4676651971080771,
    "ptcorr_100to200_EB1": 0.37730057885514207,
    "ptcorr_100to200_EB2": 0.291005195437591,
    "ptcorr_100to200_EE": 0.19696360063887272
  }
}