{
  "Central": {
    "ptcorr_15to17_EB1": 1.946129301097244,
    "ptcorr_15to17_EB2": 1.3220848822966218,
    "ptcorr_15to17_EE": 1.6098007466644049,
    "ptcorr_17to20_EB1": 3.195297261700034,
    "ptcorr_17to20_EB2": 2.1200038380920887,
    "ptcorr_17to20_EE": 2.0714391274377704,
    "ptcorr_20to25_EB1": 6.573672786355019,
    "ptcorr_20to25_EB2": 3.691753514111042,
    "ptcorr_20to25_EE": 3.5166307874023914,
    "ptcorr_25to35_EB1": 15.700746178627014,
    "ptcorr_25to35_EB2": 8.594672679901123,
    "ptcorr_25to35_EE": 7.1701924949884415,
    "ptcorr_35to50_EB1": 18.62287074327469,
    "ptcorr_35to50_EB2": 11.90821461379528,
    "ptcorr_35to50_EE": 8.70655557513237,
    "ptcorr_50to100_EB1": 23.54892009496689,
    "ptcorr_50to100_EB2": 14.846043765544891,
    "ptcorr_50to100_EE": 9.86384665966034,
    "ptcorr_100to200_EB1": 6.1851638704538345,
    "ptcorr_100to200_EB2": 3.557456936687231,
    "ptcorr_100to200_EE": 1.7668197085149586
  },
  "MotherJetPt_Up": {
    "ptcorr_15to17_EB1": 1.084503382910043,
    "ptcorr_15to17_EB2": 0.8055976137984544,
    "ptcorr_15to17_EE": 0.9872550601139665,
    "ptcorr_17to20_EB1": 1.7630527659785002,
    "ptcorr_17to20_EB2": 1.0955995758995414,
    "ptcorr_17to20_EE": 0.9791111005470157,
    "ptcorr_20to25_EB1": 3.6148739233613014,
    "ptcorr_20to25_EB2": 2.2933028917759657,
    "ptcorr_20to25_EE": 1.9435182444285601,
    "ptcorr_25to35_EB1": 8.872498273849487,
    "ptcorr_25to35_EB2": 5.1662242859601974,
    "ptcorr_25to35_EE": 4.139348603785038,
    "ptcorr_35to50_EB1": 12.37258929014206,
    "ptcorr_35to50_EB2": 7.339428722858429,
    "ptcorr_35to50_EE": 6.1809994131326675,
    "ptcorr_50to100_EB1": 17.589833080768585,
    "ptcorr_50to100_EB2": 11.046801313757896,
    "ptcorr_50to100_EE": 7.209663152694702,
    "ptcorr_100to200_EB1": 5.576449483633041,
    "ptcorr_100to200_EB2": 3.221234507858753,
    "ptcorr_100to200_EE": 1.5425108140334487
  },
  "MotherJetPt_Down": {
    "ptcorr_15to17_EB1": 2.3762340690009296,
    "ptcorr_15to17_EB2": 1.5209260759875178,
    "ptcorr_15to17_EE": 1.925107255578041,
    "ptcorr_17to20_EB1": 3.915176760405302,
    "ptcorr_17to20_EB2": 2.5628833919763565,
    "ptcorr_17to20_EE": 2.367081893607974,
    "ptcorr_20to25_EB1": 7.90498261153698,
    "ptcorr_20to25_EB2": 4.399810455739498,
    "ptcorr_20to25_EE": 4.056327603757381,
    "ptcorr_25to35_EB1": 17.909923255443573,
    "ptcorr_25to35_EB2": 10.220707073807716,
    "ptcorr_25to35_EE": 8.469885125756264,
    "ptcorr_35to50_EB1": 20.572878539562225,
    "ptcorr_35to50_EB2": 13.14492154121399,
    "ptcorr_35to50_EE": 9.988478034734726,
    "ptcorr_50to100_EB1": 25.700053453445435,
    "ptcorr_50to100_EB2": 16.05502489209175,
    "ptcorr_50to100_EE": 10.685532748699188,
    "ptcorr_100to200_EB1": 6.3405566066503525,
    "ptcorr_100to200_EB2": 3.732447028160095,
    "ptcorr_100to200_EE": 1.9655412207357585
  },
  "RequireHeavyTag": {
    "ptcorr_15to17_EB1": 1.145972683094442,
    "ptcorr_15to17_EB2": 0.8280071739573032,
    "ptcorr_15to17_EE": 1.0416494021192193,
    "ptcorr_17to20_EB1": 2.000999282579869,
    "ptcorr_17to20_EB2": 1.2788470899686217,
    "ptcorr_17to20_EE": 1.2855851037893444,
    "ptcorr_20to25_EB1": 4.244531914591789,
    "ptcorr_20to25_EB2": 2.504208030179143,
    "ptcorr_20to25_EE": 1.9641805831342936,
    "ptcorr_25to35_EB1": 10.247999355196953,
    "ptcorr_25to35_EB2": 5.536683678627014,
    "ptcorr_25to35_EE": 4.592345662415028,
    "ptcorr_35to50_EB1": 12.678264915943146,
    "ptcorr_35to50_EB2": 8.076418712735176,
    "ptcorr_35to50_EE": 5.710884556174278,
    "ptcorr_50to100_EB1": 14.385975182056427,
    "ptcorr_50to100_EB2": 9.623224675655365,
    "ptcorr_50to100_EE": 6.05268020927906,
    "ptcorr_100to200_EB1": 4.246286891400814,
    "ptcorr_100to200_EB2": 2.494631204754114,
    "ptcorr_100to200_EE": 1.0763509352691472
  },
  "Stat": {
    "ptcorr_15to17_EB1": 0.2179897848335841,
    "ptcorr_15to17_EB2": 0.1837992369421969,
    "ptcorr_15to17_EE": 0.20037297583970168,
    "ptcorr_17to20_EB1": 0.280489849521918,
    "ptcorr_17to20_EB2": 0.2303524627194829,
    "ptcorr_17to20_EE": 0.23940971441272282,
    "ptcorr_20to25_EB1": 0.4102804269528662,
    "ptcorr_20to25_EB2": 0.3106007069182161,
    "ptcorr_20to25_EE": 0.29017774283173364,
    "ptcorr_25to35_EB1": 0.635453681025652,
    "ptcorr_25to35_EB2": 0.46855374986224413,
    "ptcorr_25to35_EE": 0.4258826499657156,
    "ptcorr_35to50_EB1": 0.6832382824040816,
    "ptcorr_35to50_EB2": 0.5516853811170489,
    "ptcorr_35to50_EE": 0.47588303930874537,
    "ptcorr_50to100_EB1": 0.7663213412678244,
    "ptcorr_50to100_EB2": 0.6184934350456287,
    "ptcorr_50to100_EE": 0.5087205793066507,
    "ptcorr_100to200_EB1": 0.39714427931094853,
    "ptcorr_100to200_EB2": 0.2996225357034445,
    "ptcorr_100to200_EE": 0.2073495627785711
  }
}