{
  "Central": {
    "ptcorr_15to17_EB1": 4734.527180671692,
    "ptcorr_15to17_EB2": 2995.923147201538,
    "ptcorr_15to17_EE": 3872.861967086792,
    "ptcorr_17to20_EB1": 8237.946044921875,
    "ptcorr_17to20_EB2": 4921.561973571777,
    "ptcorr_17to20_EE": 8709.134155273438,
    "ptcorr_20to25_EB1": 14868.166259765625,
    "ptcorr_20to25_EB2": 9589.265396118164,
    "ptcorr_20to25_EE": 13505.237030029297,
    "ptcorr_25to35_EB1": 32953.922119140625,
    "ptcorr_25to35_EB2": 23681.662841796875,
    "ptcorr_25to35_EE": 29718.830444335938,
    "ptcorr_35to50_EB1": 42514.62390136719,
    "ptcorr_35to50_EB2": 28840.03369140625,
    "ptcorr_35to50_EE": 36841.91955566406,
    "ptcorr_50to100_EB1": 65914.4990234375,
    "ptcorr_50to100_EB2": 43896.729248046875,
    "ptcorr_50to100_EE": 50625.7724609375,
    "ptcorr_100to200_EB1": 10237.151794433594,
    "ptcorr_100to200_EB2": 7678.357696533203,
    "ptcorr_100to200_EE": 7173.915191650391
  },
  "MotherJetPt_Up": {
    "ptcorr_15to17_EB1": 1371.4888439178467,
    "ptcorr_15to17_EB2": 988.2990479469299,
    "ptcorr_15to17_EE": 815.8718605041504,
    "ptcorr_17to20_EB1": 2010.852352142334,
    "ptcorr_17to20_EB2": 1561.995934009552,
    "ptcorr_17to20_EE": 2125.81073141098,
    "ptcorr_20to25_EB1": 3611.8705282211304,
    "ptcorr_20to25_EB2": 2025.861533164978,
    "ptcorr_20to25_EE": 3564.957621574402,
    "ptcorr_25to35_EB1": 8313.73087310791,
    "ptcorr_25to35_EB2": 6138.538467407227,
    "ptcorr_25to35_EE": 8693.977767944336,
    "ptcorr_35to50_EB1": 15607.490753173828,
    "ptcorr_35to50_EB2": 11980.113861083984,
    "ptcorr_35to50_EE": 15218.982238769531,
    "ptcorr_50to100_EB1": 42244.77478027344,
    "ptcorr_50to100_EB2": 28665.916564941406,
    "ptcorr_50to100_EE": 32747.70721435547,
    "ptcorr_100to200_EB1": 9495.859832763672,
    "ptcorr_100to200_EB2": 7030.279479980469,
    "ptcorr_100to200_EE": 6611.389404296875
  },
  "MotherJetPt_Down": {
    "ptcorr_15to17_EB1": 9366.010955810547,
    "ptcorr_15to17_EB2": 5289.85258102417,
    "ptcorr_15to17_EE": 7978.747108459473,
    "ptcorr_17to20_EB1": 15349.651428222656,
    "ptcorr_17to20_EB2": 10219.125457763672,
    "ptcorr_17to20_EE": 15341.0966796875,
    "ptcorr_20to25_EB1": 28570.459838867188,
    "ptcorr_20to25_EB2": 17443.418395996094,
    "ptcorr_20to25_EE": 23359.703735351562,
    "ptcorr_25to35_EB1": 51604.469970703125,
    "ptcorr_25to35_EB2": 36855.65905761719,
    "ptcorr_25to35_EE": 44313.49011230469,
    "ptcorr_35to50_EB1": 58896.71057128906,
    "ptcorr_35to50_EB2": 39124.311767578125,
    "ptcorr_35to50_EE": 49979.19519042969,
    "ptcorr_50to100_EB1": 75561.619140625,
    "ptcorr_50to100_EB2": 51099.44909667969,
    "ptcorr_50to100_EE": 57326.20275878906,
    "ptcorr_100to200_EB1": 10672.613510131836,
    "ptcorr_100to200_EB2": 7989.822372436523,
    "ptcorr_100to200_EE": 7318.137481689453
  },
  "RequireHeavyTag": {
    "ptcorr_15to17_EB1": 111.43666958808899,
    "ptcorr_15to17_EB2": 143.96109944581985,
    "ptcorr_15to17_EE": 229.59279580414295,
    "ptcorr_17to20_EB1": 236.21284985542297,
    "ptcorr_17to20_EB2": 171.54297280311584,
    "ptcorr_17to20_EE": 403.2801553308964,
    "ptcorr_20to25_EB1": 724.2862796783447,
    "ptcorr_20to25_EB2": 596.8772687911987,
    "ptcorr_20to25_EE": 378.6737222671509,
    "ptcorr_25to35_EB1": 1617.3855247497559,
    "ptcorr_25to35_EB2": 969.7498435974121,
    "ptcorr_25to35_EE": 1490.0403060913086,
    "ptcorr_35to50_EB1": 1908.250436782837,
    "ptcorr_35to50_EB2": 1481.5054264068604,
    "ptcorr_35to50_EE": 1766.291971206665,
    "ptcorr_50to100_EB1": 3876.493911743164,
    "ptcorr_50to100_EB2": 2378.2742462158203,
    "ptcorr_50to100_EE": 2142.814311981201,
    "ptcorr_100to200_EB1": 498.4339575767517,
    "ptcorr_100to200_EB2": 598.3523352146149,
    "ptcorr_100to200_EE": 305.375440120697
  },
  "Stat": {
    "ptcorr_15to17_EB1": 370.58932338024744,
    "ptcorr_15to17_EB2": 281.4314182045456,
    "ptcorr_15to17_EE": 366.58206297387403,
    "ptcorr_17to20_EB1": 465.6666019150863,
    "ptcorr_17to20_EB2": 386.9583401032739,
    "ptcorr_17to20_EE": 496.2014916565204,
    "ptcorr_20to25_EB1": 653.7507933234311,
    "ptcorr_20to25_EB2": 545.1642312052785,
    "ptcorr_20to25_EE": 661.7741296563148,
    "ptcorr_25to35_EB1": 972.5720446394783,
    "ptcorr_25to35_EB2": 821.1765258826669,
    "ptcorr_25to35_EE": 963.4190281505461,
    "ptcorr_35to50_EB1": 1122.5416899869244,
    "ptcorr_35to50_EB2": 922.4032706665116,
    "ptcorr_35to50_EE": 1058.8677130116157,
    "ptcorr_50to100_EB1": 1346.186295051882,
    "ptcorr_50to100_EB2": 1115.6770794044305,
    "ptcorr_50to100_EE": 1227.0750418757932,
    "ptcorr_100to200_EB1": 574.0208084960659,
    "ptcorr_100to200_EB2": 474.4587181953484,
    "ptcorr_100to200_EE": 462.6569534189207
  }
}