{
  "syst": "cjet",
  "observed": 36.2867691218853,
  "expected": 49.63590754568577,
  "difference": -0.268941157397267,
  "max_bin_difference": 0.0,
  "max_bin_difference_bin": -1,
  "max_bin_difference_filtered": 0.0,
  "max_bin_difference_filtered_bin": -1,
  "snr_threshold": 3.0,
  "mass_range_min": 10.0,
  "mass_range_max": 160.0,
  "percentile_68_difference": 0.0,
  "percentile_95_difference": 0.0,
  "rms_bin_difference": 0.0,
  "chi2": 11.219083432594024,
  "ndf": 8,
  "chi2_per_ndf": 1.402385429074253,
  "p_value": 0.1895919568420546,
  "closure_uncertainty_scale": 1.35,
  "recommended_systematic_pct": 35.00000000000001
}