{
  "syst": "Central",
  "observed": 39.285385550931096,
  "expected": 53.429709095245926,
  "difference": -0.2647276914628263,
  "max_bin_difference": 0.4144626601199212,
  "max_bin_difference_bin": 3,
  "max_bin_difference_filtered": 0.4144626601199212,
  "max_bin_difference_filtered_bin": 3,
  "snr_threshold": 3.0,
  "mass_range_min": 10.0,
  "mass_range_max": 160.0,
  "percentile_68_difference": 0.29567857333056013,
  "percentile_95_difference": 0.3889101419654289,
  "rms_bin_difference": 0.2777552426976256,
  "chi2": 9.82538295943511,
  "ndf": 9,
  "chi2_per_ndf": 1.0917092177150123,
  "p_value": 0.3648056602742841,
  "closure_uncertainty_scale": 0.9500000000000001,
  "recommended_systematic_pct": 4.999999999999993
}