{
  "observed": 61.53949126414955,
  "expected": 60.12218390777707,
  "difference": 0.023573783656071427,
  "max_bin_difference": 32.77589940744478,
  "max_bin_difference_bin": 113,
  "max_bin_difference_filtered": 1.7099196898476163,
  "max_bin_difference_filtered_bin": 55,
  "snr_threshold": 3.0,
  "mass_range_min": 10.0,
  "mass_range_max": 160.0,
  "percentile_68_difference": 0.3445046599326902,
  "percentile_95_difference": 1.0,
  "rms_bin_difference": 0.4797495515464345,
  "chi2": 229.9312435697891,
  "ndf": 138,
  "chi2_per_ndf": 1.6661684316651384,
  "p_value": 1.4858003463867635e-06,
  "closure_uncertainty_scale": 1.5,
  "recommended_systematic_pct": 50.0
}