{
  "nbins": 15,
  "bin_edges": [
    83.7626336756594,
    84.57259837233329,
    85.38256306900718,
    86.19252776568106,
    87.00249246235495,
    87.81245715902884,
    88.62242185570273,
    89.43238655237661,
    90.2423512490505,
    91.05231594572439,
    91.86228064239828,
    92.67224533907216,
    93.48221003574605,
    94.29217473241994,
    95.10213942909382,
    95.91210412576771
  ],
  "method": "UniformMass",
  "voigt_width": 1.2149470450108313,
  "mass_min": 83.7626336756594,
  "mass_max": 95.91210412576771,
  "binning_type": "uniform"
}