{
  "masspoint": "MHc130_MA90",
  "threshold": 0.8,
  "initial_sensitivity": 0.8326961725293973,
  "max_sensitivity": 1.2826862690537817,
  "improvement": 0.5404013028635579
}