2026-01-16 19:01:43,422 - INFO - [2016preVFP] MISSING_CENTRAL: SR1E2Mu/Central/bjets/3/px in Skim_TriLep_MuonEG_B.root
2026-01-16 19:01:43,423 - INFO - [2016preVFP] MISSING_CENTRAL: SR1E2Mu/Central/bjets/3/px in Skim_TriLep_MuonEG_C.root
2026-01-16 19:01:43,424 - INFO - [2016preVFP] MISSING_CENTRAL: SR1E2Mu/Central/bjets/3/px in Skim_TriLep_MuonEG_D.root
2026-01-16 19:01:43,424 - INFO - [2016preVFP] MISSING_CENTRAL: SR1E2Mu/Central/bjets/3/px in Skim_TriLep_MuonEG_E.root
2026-01-16 19:01:43,425 - INFO - [2016preVFP] MISSING_CENTRAL: SR1E2Mu/Central/bjets/3/px in Skim_TriLep_MuonEG_F.root
2026-01-16 19:01:43,425 - INFO - [2016postVFP] MISSING_CENTRAL: SR1E2Mu/Central/bjets/3/px in Skim_TriLep_MuonEG_F.root
2026-01-16 19:01:43,462 - INFO - [2016postVFP] MISSING_CENTRAL: SR1E2Mu/Central/bjets/3/px in Skim_TriLep_MuonEG_H.root
2026-01-16 19:01:43,482 - INFO - [2017] MISSING_CENTRAL: SR1E2Mu/Central/bjets/3/px in Skim_TriLep_MuonEG_B.root
2026-01-16 19:01:43,494 - INFO - [2018] MISSING_CENTRAL: SR1E2Mu/Central/bjets/3/px in Skim_TriLep_MuonEG_B.root
2026-01-16 19:01:43,495 - INFO - [2018] MISSING_CENTRAL: SR1E2Mu/Central/bjets/3/px in Skim_TriLep_MuonEG_C.root
2026-01-16 19:01:43,509 - INFO - [2016preVFP] MISSING_CENTRAL: SR1E2Mu/Central/bjets/3/px in Skim_TriLep_MuonEG_D.root
2026-01-16 19:01:43,512 - INFO - [2016preVFP] MISSING_CENTRAL: SR1E2Mu/Central/bjets/3/px in Skim_TriLep_DYJets.root
2026-01-16 19:01:43,512 - INFO - [2016preVFP] MISSING_CENTRAL: SR1E2Mu/Central/bjets/3/px in Skim_TriLep_DYJets10to50.root
2026-01-16 19:01:43,538 - INFO - [2016preVFP] MISSING_CENTRAL: SR1E2Mu/Central/bjets/3/px in Skim_TriLep_WWG.root
2026-01-16 19:01:43,676 - INFO - [2016preVFP] MISSING_CENTRAL: SR1E2Mu/Central/bjets/3/px in Skim_TriLep_WWW.root
2026-01-16 19:01:43,677 - INFO - [2016preVFP] MISSING_CENTRAL: SR1E2Mu/Central/bjets/3/px in Skim_TriLep_WWZ.root
2026-01-16 19:01:43,749 - INFO - [2016preVFP] MISSING_CENTRAL: SR1E2Mu/Central/bjets/3/px in Skim_TriLep_ggHToZZTo4L.root
2026-01-16 19:01:43,750 - INFO - [2016postVFP] MISSING_CENTRAL: SR1E2Mu/Central/bjets/3/px in Skim_TriLep_MuonEG_F.root
2026-01-16 19:01:43,750 - INFO - [2016postVFP] MISSING_CENTRAL: SR1E2Mu/Central/bjets/3/px in Skim_TriLep_MuonEG_G.root
2026-01-16 19:01:43,752 - INFO - [2016postVFP] MISSING_CENTRAL: SR1E2Mu/Central/bjets/3/px in Skim_TriLep_DYJets.root
2026-01-16 19:01:43,752 - INFO - [2016postVFP] MISSING_CENTRAL: SR1E2Mu/Central/bjets/3/px in Skim_TriLep_DYJets10to50.root
2026-01-16 19:01:43,753 - INFO - [2016postVFP] MISSING_CENTRAL: SR1E2Mu/Central/bjets/3/px in Skim_TriLep_TTG.root
2026-01-16 19:01:43,754 - INFO - [2016postVFP] MISSING_CENTRAL: SR1E2Mu/Central/bjets/3/px in Skim_TriLep_WWG.root
2026-01-16 19:01:43,883 - INFO - [2016postVFP] MISSING_CENTRAL: SR1E2Mu/Central/bjets/3/px in Skim_TriLep_WWW.root
2026-01-16 19:01:43,956 - INFO - [2016postVFP] MISSING_CENTRAL: SR1E2Mu/Central/bjets/3/px in Skim_TriLep_VBFHToZZTo4L.root
2026-01-16 19:01:43,957 - INFO - [2016postVFP] MISSING_CENTRAL: SR1E2Mu/Central/bjets/3/px in Skim_TriLep_ggHToZZTo4L.root
2026-01-16 19:01:43,962 - INFO - [2017] MISSING_CENTRAL: SR1E2Mu/Central/bjets/3/px in Skim_TriLep_DYJets.root
2026-01-16 19:01:43,963 - INFO - [2017] MISSING_CENTRAL: SR1E2Mu/Central/bjets/3/px in Skim_TriLep_DYJets10to50.root
2026-01-16 19:01:43,982 - INFO - [2017] MISSING_CENTRAL: SR1E2Mu/Central/bjets/3/px in Skim_TriLep_WWG.root
2026-01-16 19:01:44,114 - INFO - [2017] MISSING_CENTRAL: SR1E2Mu/Central/bjets/3/px in Skim_TriLep_WWW.root
2026-01-16 19:01:44,115 - INFO - [2017] MISSING_CENTRAL: SR1E2Mu/Central/bjets/3/px in Skim_TriLep_WWZ.root
2026-01-16 19:01:44,172 - INFO - [2017] MISSING_SYSTEMATIC: SR1E2Mu/JetEn_Down/bjets/3/px in Skim_TriLep_VBFHToZZTo4L.root
2026-01-16 19:01:44,190 - INFO - [2017] MISSING_CENTRAL: SR1E2Mu/Central/bjets/3/px in Skim_TriLep_ggHToZZTo4L.root
2026-01-16 19:01:44,195 - INFO - [2018] MISSING_CENTRAL: SR1E2Mu/Central/bjets/3/px in Skim_TriLep_MuonEG_C.root
2026-01-16 19:01:44,198 - INFO - [2018] MISSING_CENTRAL: SR1E2Mu/Central/bjets/3/px in Skim_TriLep_DYJets.root
2026-01-16 19:01:44,198 - INFO - [2018] MISSING_CENTRAL: SR1E2Mu/Central/bjets/3/px in Skim_TriLep_DYJets10to50.root
2026-01-16 19:01:44,234 - INFO - [2018] MISSING_CENTRAL: SR1E2Mu/Central/bjets/3/px in Skim_TriLep_WWG.root
2026-01-16 19:01:44,425 - INFO - [2018] MISSING_CENTRAL: SR1E2Mu/Central/bjets/3/px in Skim_TriLep_WWW.root
2026-01-16 19:01:44,498 - INFO - [2018] MISSING_CENTRAL: SR1E2Mu/Central/bjets/3/px in Skim_TriLep_VBFHToZZTo4L.root
2026-01-16 19:01:44,499 - INFO - [2018] MISSING_CENTRAL: SR1E2Mu/Central/bjets/3/px in Skim_TriLep_ggHToZZTo4L.root
2026-01-21 13:01:13,148 - INFO - [2016preVFP] MISSING_CENTRAL: SR1E2Mu/Central/bjets/3/px in Skim_TriLep_MuonEG_B.root
2026-01-21 13:01:13,149 - INFO - [2016preVFP] MISSING_CENTRAL: SR1E2Mu/Central/bjets/3/px in Skim_TriLep_MuonEG_C.root
2026-01-21 13:01:13,149 - INFO - [2016preVFP] MISSING_CENTRAL: SR1E2Mu/Central/bjets/3/px in Skim_TriLep_MuonEG_D.root
2026-01-21 13:01:13,150 - INFO - [2016preVFP] MISSING_CENTRAL: SR1E2Mu/Central/bjets/3/px in Skim_TriLep_MuonEG_E.root
2026-01-21 13:01:13,150 - INFO - [2016preVFP] MISSING_CENTRAL: SR1E2Mu/Central/bjets/3/px in Skim_TriLep_MuonEG_F.root
2026-01-21 13:01:13,151 - INFO - [2016postVFP] MISSING_CENTRAL: SR1E2Mu/Central/bjets/3/px in Skim_TriLep_MuonEG_F.root
2026-01-21 13:01:13,186 - INFO - [2016postVFP] MISSING_CENTRAL: SR1E2Mu/Central/bjets/3/px in Skim_TriLep_MuonEG_H.root
2026-01-21 13:01:13,206 - INFO - [2017] MISSING_CENTRAL: SR1E2Mu/Central/bjets/3/px in Skim_TriLep_MuonEG_B.root
2026-01-21 13:01:13,218 - INFO - [2018] MISSING_CENTRAL: SR1E2Mu/Central/bjets/3/px in Skim_TriLep_MuonEG_B.root
2026-01-21 13:01:13,218 - INFO - [2018] MISSING_CENTRAL: SR1E2Mu/Central/bjets/3/px in Skim_TriLep_MuonEG_C.root
2026-01-21 13:01:13,234 - INFO - [2016preVFP] MISSING_CENTRAL: SR1E2Mu/Central/bjets/3/px in Skim_TriLep_MuonEG_D.root
2026-01-21 13:01:13,236 - INFO - [2016preVFP] MISSING_CENTRAL: SR1E2Mu/Central/bjets/3/px in Skim_TriLep_DYJets.root
2026-01-21 13:01:13,237 - INFO - [2016preVFP] MISSING_CENTRAL: SR1E2Mu/Central/bjets/3/px in Skim_TriLep_DYJets10to50.root
2026-01-21 13:01:13,261 - INFO - [2016preVFP] MISSING_CENTRAL: SR1E2Mu/Central/bjets/3/px in Skim_TriLep_WWG.root
2026-01-21 13:01:13,383 - INFO - [2016preVFP] MISSING_CENTRAL: SR1E2Mu/Central/bjets/3/px in Skim_TriLep_WWW.root
2026-01-21 13:01:13,384 - INFO - [2016preVFP] MISSING_CENTRAL: SR1E2Mu/Central/bjets/3/px in Skim_TriLep_WWZ.root
2026-01-21 13:01:13,454 - INFO - [2016preVFP] MISSING_CENTRAL: SR1E2Mu/Central/bjets/3/px in Skim_TriLep_ggHToZZTo4L.root
2026-01-21 13:01:13,454 - INFO - [2016postVFP] MISSING_CENTRAL: SR1E2Mu/Central/bjets/3/px in Skim_TriLep_MuonEG_F.root
2026-01-21 13:01:13,455 - INFO - [2016postVFP] MISSING_CENTRAL: SR1E2Mu/Central/bjets/3/px in Skim_TriLep_MuonEG_G.root
2026-01-21 13:01:13,456 - INFO - [2016postVFP] MISSING_CENTRAL: SR1E2Mu/Central/bjets/3/px in Skim_TriLep_DYJets.root
2026-01-21 13:01:13,457 - INFO - [2016postVFP] MISSING_CENTRAL: SR1E2Mu/Central/bjets/3/px in Skim_TriLep_DYJets10to50.root
2026-01-21 13:01:13,457 - INFO - [2016postVFP] MISSING_CENTRAL: SR1E2Mu/Central/bjets/3/px in Skim_TriLep_TTG.root
2026-01-21 13:01:13,458 - INFO - [2016postVFP] MISSING_CENTRAL: SR1E2Mu/Central/bjets/3/px in Skim_TriLep_WWG.root
2026-01-21 13:01:13,577 - INFO - [2016postVFP] MISSING_CENTRAL: SR1E2Mu/Central/bjets/3/px in Skim_TriLep_WWW.root
2026-01-21 13:01:13,648 - INFO - [2016postVFP] MISSING_CENTRAL: SR1E2Mu/Central/bjets/3/px in Skim_TriLep_VBFHToZZTo4L.root
2026-01-21 13:01:13,650 - INFO - [2016postVFP] MISSING_CENTRAL: SR1E2Mu/Central/bjets/3/px in Skim_TriLep_ggHToZZTo4L.root
2026-01-21 13:01:13,654 - INFO - [2017] MISSING_CENTRAL: SR1E2Mu/Central/bjets/3/px in Skim_TriLep_DYJets.root
2026-01-21 13:01:13,655 - INFO - [2017] MISSING_CENTRAL: SR1E2Mu/Central/bjets/3/px in Skim_TriLep_DYJets10to50.root
2026-01-21 13:01:13,674 - INFO - [2017] MISSING_CENTRAL: SR1E2Mu/Central/bjets/3/px in Skim_TriLep_WWG.root
2026-01-21 13:01:13,804 - INFO - [2017] MISSING_CENTRAL: SR1E2Mu/Central/bjets/3/px in Skim_TriLep_WWW.root
2026-01-21 13:01:13,805 - INFO - [2017] MISSING_CENTRAL: SR1E2Mu/Central/bjets/3/px in Skim_TriLep_WWZ.root
2026-01-21 13:01:13,862 - INFO - [2017] MISSING_SYSTEMATIC: SR1E2Mu/JetEn_Down/bjets/3/px in Skim_TriLep_VBFHToZZTo4L.root
2026-01-21 13:01:13,879 - INFO - [2017] MISSING_CENTRAL: SR1E2Mu/Central/bjets/3/px in Skim_TriLep_ggHToZZTo4L.root
2026-01-21 13:01:13,881 - INFO - [2018] MISSING_CENTRAL: SR1E2Mu/Central/bjets/3/px in Skim_TriLep_MuonEG_C.root
2026-01-21 13:01:13,883 - INFO - [2018] MISSING_CENTRAL: SR1E2Mu/Central/bjets/3/px in Skim_TriLep_DYJets.root
2026-01-21 13:01:13,883 - INFO - [2018] MISSING_CENTRAL: SR1E2Mu/Central/bjets/3/px in Skim_TriLep_DYJets10to50.root
2026-01-21 13:01:13,903 - INFO - [2018] MISSING_CENTRAL: SR1E2Mu/Central/bjets/3/px in Skim_TriLep_WWG.root
2026-01-21 13:01:14,039 - INFO - [2018] MISSING_CENTRAL: SR1E2Mu/Central/bjets/3/px in Skim_TriLep_WWW.root
2026-01-21 13:01:14,119 - INFO - [2018] MISSING_CENTRAL: SR1E2Mu/Central/bjets/3/px in Skim_TriLep_VBFHToZZTo4L.root
2026-01-21 13:01:14,120 - INFO - [2018] MISSING_CENTRAL: SR1E2Mu/Central/bjets/3/px in Skim_TriLep_ggHToZZTo4L.root
2026-01-21 14:49:44,872 - INFO - [2016preVFP] MISSING_CENTRAL: SR1E2Mu/Central/bjets/3/px in Skim_TriLep_MuonEG_B.root
2026-01-21 14:49:44,873 - INFO - [2016preVFP] MISSING_CENTRAL: SR1E2Mu/Central/bjets/3/px in Skim_TriLep_MuonEG_C.root
2026-01-21 14:49:44,874 - INFO - [2016preVFP] MISSING_CENTRAL: SR1E2Mu/Central/bjets/3/px in Skim_TriLep_MuonEG_D.root
2026-01-21 14:49:44,874 - INFO - [2016preVFP] MISSING_CENTRAL: SR1E2Mu/Central/bjets/3/px in Skim_TriLep_MuonEG_E.root
2026-01-21 14:49:44,875 - INFO - [2016preVFP] MISSING_CENTRAL: SR1E2Mu/Central/bjets/3/px in Skim_TriLep_MuonEG_F.root
2026-01-21 14:49:44,875 - INFO - [2016postVFP] MISSING_CENTRAL: SR1E2Mu/Central/bjets/3/px in Skim_TriLep_MuonEG_F.root
2026-01-21 14:49:44,910 - INFO - [2016postVFP] MISSING_CENTRAL: SR1E2Mu/Central/bjets/3/px in Skim_TriLep_MuonEG_H.root
2026-01-21 14:49:44,932 - INFO - [2017] MISSING_CENTRAL: SR1E2Mu/Central/bjets/3/px in Skim_TriLep_MuonEG_B.root
2026-01-21 14:49:44,945 - INFO - [2018] MISSING_CENTRAL: SR1E2Mu/Central/bjets/3/px in Skim_TriLep_MuonEG_B.root
2026-01-21 14:49:44,945 - INFO - [2018] MISSING_CENTRAL: SR1E2Mu/Central/bjets/3/px in Skim_TriLep_MuonEG_C.root
2026-01-21 14:49:44,960 - INFO - [2016preVFP] MISSING_CENTRAL: SR1E2Mu/Central/bjets/3/px in Skim_TriLep_MuonEG_D.root
2026-01-21 14:49:44,962 - INFO - [2016preVFP] MISSING_CENTRAL: SR1E2Mu/Central/bjets/3/px in Skim_TriLep_DYJets.root
2026-01-21 14:49:44,962 - INFO - [2016preVFP] MISSING_CENTRAL: SR1E2Mu/Central/bjets/3/px in Skim_TriLep_DYJets10to50.root
2026-01-21 14:49:44,987 - INFO - [2016preVFP] MISSING_CENTRAL: SR1E2Mu/Central/bjets/3/px in Skim_TriLep_WWG.root
2026-01-21 14:49:45,105 - INFO - [2016preVFP] MISSING_CENTRAL: SR1E2Mu/Central/bjets/3/px in Skim_TriLep_WWW.root
2026-01-21 14:49:45,106 - INFO - [2016preVFP] MISSING_CENTRAL: SR1E2Mu/Central/bjets/3/px in Skim_TriLep_WWZ.root
2026-01-21 14:49:45,173 - INFO - [2016preVFP] MISSING_CENTRAL: SR1E2Mu/Central/bjets/3/px in Skim_TriLep_ggHToZZTo4L.root
2026-01-21 14:49:45,174 - INFO - [2016postVFP] MISSING_CENTRAL: SR1E2Mu/Central/bjets/3/px in Skim_TriLep_MuonEG_F.root
2026-01-21 14:49:45,175 - INFO - [2016postVFP] MISSING_CENTRAL: SR1E2Mu/Central/bjets/3/px in Skim_TriLep_MuonEG_G.root
2026-01-21 14:49:45,176 - INFO - [2016postVFP] MISSING_CENTRAL: SR1E2Mu/Central/bjets/3/px in Skim_TriLep_DYJets.root
2026-01-21 14:49:45,177 - INFO - [2016postVFP] MISSING_CENTRAL: SR1E2Mu/Central/bjets/3/px in Skim_TriLep_DYJets10to50.root
2026-01-21 14:49:45,177 - INFO - [2016postVFP] MISSING_CENTRAL: SR1E2Mu/Central/bjets/3/px in Skim_TriLep_TTG.root
2026-01-21 14:49:45,178 - INFO - [2016postVFP] MISSING_CENTRAL: SR1E2Mu/Central/bjets/3/px in Skim_TriLep_WWG.root
2026-01-21 14:49:45,301 - INFO - [2016postVFP] MISSING_CENTRAL: SR1E2Mu/Central/bjets/3/px in Skim_TriLep_WWW.root
2026-01-21 14:49:45,376 - INFO - [2016postVFP] MISSING_CENTRAL: SR1E2Mu/Central/bjets/3/px in Skim_TriLep_VBFHToZZTo4L.root
2026-01-21 14:49:45,377 - INFO - [2016postVFP] MISSING_CENTRAL: SR1E2Mu/Central/bjets/3/px in Skim_TriLep_ggHToZZTo4L.root
2026-01-21 14:49:45,382 - INFO - [2017] MISSING_CENTRAL: SR1E2Mu/Central/bjets/3/px in Skim_TriLep_DYJets.root
2026-01-21 14:49:45,383 - INFO - [2017] MISSING_CENTRAL: SR1E2Mu/Central/bjets/3/px in Skim_TriLep_DYJets10to50.root
2026-01-21 14:49:45,401 - INFO - [2017] MISSING_CENTRAL: SR1E2Mu/Central/bjets/3/px in Skim_TriLep_WWG.root
2026-01-21 14:49:45,532 - INFO - [2017] MISSING_CENTRAL: SR1E2Mu/Central/bjets/3/px in Skim_TriLep_WWW.root
2026-01-21 14:49:45,533 - INFO - [2017] MISSING_CENTRAL: SR1E2Mu/Central/bjets/3/px in Skim_TriLep_WWZ.root
2026-01-21 14:49:45,586 - INFO - [2017] MISSING_SYSTEMATIC: SR1E2Mu/JetEn_Down/bjets/3/px in Skim_TriLep_VBFHToZZTo4L.root
2026-01-21 14:49:45,601 - INFO - [2017] MISSING_CENTRAL: SR1E2Mu/Central/bjets/3/px in Skim_TriLep_ggHToZZTo4L.root
2026-01-21 14:49:45,605 - INFO - [2018] MISSING_CENTRAL: SR1E2Mu/Central/bjets/3/px in Skim_TriLep_MuonEG_C.root
2026-01-21 14:49:45,607 - INFO - [2018] MISSING_CENTRAL: SR1E2Mu/Central/bjets/3/px in Skim_TriLep_DYJets.root
2026-01-21 14:49:45,608 - INFO - [2018] MISSING_CENTRAL: SR1E2Mu/Central/bjets/3/px in Skim_TriLep_DYJets10to50.root
2026-01-21 14:49:45,627 - INFO - [2018] MISSING_CENTRAL: SR1E2Mu/Central/bjets/3/px in Skim_TriLep_WWG.root
2026-01-21 14:49:45,761 - INFO - [2018] MISSING_CENTRAL: SR1E2Mu/Central/bjets/3/px in Skim_TriLep_WWW.root
2026-01-21 14:49:45,833 - INFO - [2018] MISSING_CENTRAL: SR1E2Mu/Central/bjets/3/px in Skim_TriLep_VBFHToZZTo4L.root
2026-01-21 14:49:45,835 - INFO - [2018] MISSING_CENTRAL: SR1E2Mu/Central/bjets/3/px in Skim_TriLep_ggHToZZTo4L.root
2026-01-28 16:09:09,756 - INFO - [2016preVFP] MISSING_CENTRAL: SR1E2Mu/Central/bjets/3/px in Skim_TriLep_MuonEG_B.root
2026-01-28 16:09:09,757 - INFO - [2016preVFP] MISSING_CENTRAL: SR1E2Mu/Central/bjets/3/px in Skim_TriLep_MuonEG_C.root
2026-01-28 16:09:09,758 - INFO - [2016preVFP] MISSING_CENTRAL: SR1E2Mu/Central/bjets/3/px in Skim_TriLep_MuonEG_D.root
2026-01-28 16:09:09,758 - INFO - [2016preVFP] MISSING_CENTRAL: SR1E2Mu/Central/bjets/3/px in Skim_TriLep_MuonEG_E.root
2026-01-28 16:09:09,759 - INFO - [2016preVFP] MISSING_CENTRAL: SR1E2Mu/Central/bjets/3/px in Skim_TriLep_MuonEG_F.root
2026-01-28 16:09:09,760 - INFO - [2016postVFP] MISSING_CENTRAL: SR1E2Mu/Central/bjets/3/px in Skim_TriLep_MuonEG_F.root
2026-01-28 16:09:09,797 - INFO - [2016postVFP] MISSING_CENTRAL: SR1E2Mu/Central/bjets/3/px in Skim_TriLep_MuonEG_H.root
2026-01-28 16:09:09,831 - INFO - [2018] MISSING_CENTRAL: SR1E2Mu/Central/bjets/3/px in Skim_TriLep_MuonEG_C.root
2026-01-28 16:09:09,849 - INFO - [2016preVFP] MISSING_CENTRAL: SR1E2Mu/Central/bjets/3/px in Skim_TriLep_MuonEG_D.root
2026-01-28 16:09:09,852 - INFO - [2016preVFP] MISSING_CENTRAL: SR1E2Mu/Central/bjets/3/px in Skim_TriLep_DYJets.root
2026-01-28 16:09:09,852 - INFO - [2016preVFP] MISSING_CENTRAL: SR1E2Mu/Central/bjets/3/px in Skim_TriLep_DYJets10to50.root
2026-01-28 16:09:09,886 - INFO - [2016preVFP] MISSING_CENTRAL: SR1E2Mu/Central/bjets/3/px in Skim_TriLep_WWG.root
2026-01-28 16:09:10,072 - INFO - [2016preVFP] MISSING_CENTRAL: SR1E2Mu/Central/bjets/3/px in Skim_TriLep_WWW.root
2026-01-28 16:09:10,196 - INFO - [2016preVFP] MISSING_CENTRAL: SR1E2Mu/Central/bjets/3/px in Skim_TriLep_ggHToZZTo4L.root
2026-01-28 16:09:10,197 - INFO - [2016postVFP] MISSING_CENTRAL: SR1E2Mu/Central/bjets/3/px in Skim_TriLep_MuonEG_F.root
2026-01-28 16:09:10,198 - INFO - [2016postVFP] MISSING_CENTRAL: SR1E2Mu/Central/bjets/3/px in Skim_TriLep_MuonEG_G.root
2026-01-28 16:09:10,200 - INFO - [2016postVFP] MISSING_CENTRAL: SR1E2Mu/Central/bjets/3/px in Skim_TriLep_DYJets.root
2026-01-28 16:09:10,201 - INFO - [2016postVFP] MISSING_CENTRAL: SR1E2Mu/Central/bjets/3/px in Skim_TriLep_DYJets10to50.root
2026-01-28 16:09:10,202 - INFO - [2016postVFP] MISSING_CENTRAL: SR1E2Mu/Central/bjets/3/px in Skim_TriLep_TTG.root
2026-01-28 16:09:10,202 - INFO - [2016postVFP] MISSING_CENTRAL: SR1E2Mu/Central/bjets/3/px in Skim_TriLep_WWG.root
2026-01-28 16:09:10,399 - INFO - [2016postVFP] MISSING_CENTRAL: SR1E2Mu/Central/bjets/3/px in Skim_TriLep_WWW.root
2026-01-28 16:09:10,528 - INFO - [2017] MISSING_CENTRAL: SR1E2Mu/Central/bjets/3/px in Skim_TriLep_MuonEG_E.root
2026-01-28 16:09:10,530 - INFO - [2017] MISSING_CENTRAL: SR1E2Mu/Central/bjets/3/px in Skim_TriLep_DYJets.root
2026-01-28 16:09:10,530 - INFO - [2017] MISSING_CENTRAL: SR1E2Mu/Central/bjets/3/px in Skim_TriLep_DYJets10to50.root
2026-01-28 16:09:10,556 - INFO - [2017] MISSING_CENTRAL: SR1E2Mu/Central/bjets/3/px in Skim_TriLep_WWG.root
2026-01-28 16:09:10,721 - INFO - [2017] MISSING_CENTRAL: SR1E2Mu/Central/bjets/3/px in Skim_TriLep_WWW.root
2026-01-28 16:09:10,722 - INFO - [2017] MISSING_CENTRAL: SR1E2Mu/Central/bjets/3/px in Skim_TriLep_WWZ.root
2026-01-28 16:09:10,796 - INFO - [2017] MISSING_SYSTEMATIC: SR1E2Mu/JetEn_Down/bjets/3/px in Skim_TriLep_VBFHToZZTo4L.root
2026-01-28 16:09:10,817 - INFO - [2017] MISSING_CENTRAL: SR1E2Mu/Central/bjets/3/px in Skim_TriLep_ggHToZZTo4L.root
2026-01-28 16:09:10,820 - INFO - [2018] MISSING_CENTRAL: SR1E2Mu/Central/bjets/3/px in Skim_TriLep_MuonEG_C.root
2026-01-28 16:09:10,822 - INFO - [2018] MISSING_CENTRAL: SR1E2Mu/Central/bjets/3/px in Skim_TriLep_DYJets.root
2026-01-28 16:09:10,823 - INFO - [2018] MISSING_CENTRAL: SR1E2Mu/Central/bjets/3/px in Skim_TriLep_DYJets10to50.root
2026-01-28 16:09:10,843 - INFO - [2018] MISSING_CENTRAL: SR1E2Mu/Central/bjets/3/px in Skim_TriLep_WWG.root
2026-01-28 16:09:11,012 - INFO - [2018] MISSING_CENTRAL: SR1E2Mu/Central/bjets/3/px in Skim_TriLep_WWW.root
2026-01-28 16:09:11,124 - INFO - [2018] MISSING_SYSTEMATIC: SR1E2Mu/JetEn_Down/bjets/3/px in Skim_TriLep_VBFHToZZTo4L.root
2026-01-28 16:09:11,148 - INFO - [2018] MISSING_CENTRAL: SR1E2Mu/Central/bjets/3/px in Skim_TriLep_ggHToZZTo4L.root
2026-01-28 17:21:24,751 - INFO - [2016preVFP] MISSING_CENTRAL: SR1E2Mu/Central/bjets/3/px in Skim_TriLep_MuonEG_B.root
2026-01-28 17:21:24,752 - INFO - [2016preVFP] MISSING_CENTRAL: SR1E2Mu/Central/bjets/3/px in Skim_TriLep_MuonEG_C.root
2026-01-28 17:21:24,752 - INFO - [2016preVFP] MISSING_CENTRAL: SR1E2Mu/Central/bjets/3/px in Skim_TriLep_MuonEG_D.root
2026-01-28 17:21:24,753 - INFO - [2016preVFP] MISSING_CENTRAL: SR1E2Mu/Central/bjets/3/px in Skim_TriLep_MuonEG_E.root
2026-01-28 17:21:24,754 - INFO - [2016preVFP] MISSING_CENTRAL: SR1E2Mu/Central/bjets/3/px in Skim_TriLep_MuonEG_F.root
2026-01-28 17:21:24,754 - INFO - [2016postVFP] MISSING_CENTRAL: SR1E2Mu/Central/bjets/3/px in Skim_TriLep_MuonEG_F.root
2026-01-28 17:21:24,793 - INFO - [2016postVFP] MISSING_CENTRAL: SR1E2Mu/Central/bjets/3/px in Skim_TriLep_MuonEG_H.root
2026-01-28 17:21:24,830 - INFO - [2018] MISSING_CENTRAL: SR1E2Mu/Central/bjets/3/px in Skim_TriLep_MuonEG_C.root
2026-01-28 17:21:24,849 - INFO - [2016preVFP] MISSING_CENTRAL: SR1E2Mu/Central/bjets/3/px in Skim_TriLep_MuonEG_D.root
2026-01-28 17:21:24,851 - INFO - [2016preVFP] MISSING_CENTRAL: SR1E2Mu/Central/bjets/3/px in Skim_TriLep_DYJets.root
2026-01-28 17:21:24,852 - INFO - [2016preVFP] MISSING_CENTRAL: SR1E2Mu/Central/bjets/3/px in Skim_TriLep_DYJets10to50.root
2026-01-28 17:21:24,887 - INFO - [2016preVFP] MISSING_CENTRAL: SR1E2Mu/Central/bjets/3/px in Skim_TriLep_WWG.root
2026-01-28 17:21:25,076 - INFO - [2016preVFP] MISSING_CENTRAL: SR1E2Mu/Central/bjets/3/px in Skim_TriLep_WWW.root
2026-01-28 17:21:25,212 - INFO - [2016preVFP] MISSING_CENTRAL: SR1E2Mu/Central/bjets/3/px in Skim_TriLep_ggHToZZTo4L.root
2026-01-28 17:21:25,213 - INFO - [2016postVFP] MISSING_CENTRAL: SR1E2Mu/Central/bjets/3/px in Skim_TriLep_MuonEG_F.root
2026-01-28 17:21:25,213 - INFO - [2016postVFP] MISSING_CENTRAL: SR1E2Mu/Central/bjets/3/px in Skim_TriLep_MuonEG_G.root
2026-01-28 17:21:25,215 - INFO - [2016postVFP] MISSING_CENTRAL: SR1E2Mu/Central/bjets/3/px in Skim_TriLep_DYJets.root
2026-01-28 17:21:25,216 - INFO - [2016postVFP] MISSING_CENTRAL: SR1E2Mu/Central/bjets/3/px in Skim_TriLep_DYJets10to50.root
2026-01-28 17:21:25,217 - INFO - [2016postVFP] MISSING_CENTRAL: SR1E2Mu/Central/bjets/3/px in Skim_TriLep_TTG.root
2026-01-28 17:21:25,218 - INFO - [2016postVFP] MISSING_CENTRAL: SR1E2Mu/Central/bjets/3/px in Skim_TriLep_WWG.root
2026-01-28 17:21:25,427 - INFO - [2016postVFP] MISSING_CENTRAL: SR1E2Mu/Central/bjets/3/px in Skim_TriLep_WWW.root
2026-01-28 17:21:25,661 - INFO - [2017] MISSING_CENTRAL: SR1E2Mu/Central/bjets/3/px in Skim_TriLep_MuonEG_E.root
2026-01-28 17:21:25,666 - INFO - [2017] MISSING_CENTRAL: SR1E2Mu/Central/bjets/3/px in Skim_TriLep_DYJets.root
2026-01-28 17:21:25,667 - INFO - [2017] MISSING_CENTRAL: SR1E2Mu/Central/bjets/3/px in Skim_TriLep_DYJets10to50.root
2026-01-28 17:21:25,716 - INFO - [2017] MISSING_CENTRAL: SR1E2Mu/Central/bjets/3/px in Skim_TriLep_WWG.root
2026-01-28 17:21:25,910 - INFO - [2017] MISSING_CENTRAL: SR1E2Mu/Central/bjets/3/px in Skim_TriLep_WWW.root
2026-01-28 17:21:25,911 - INFO - [2017] MISSING_CENTRAL: SR1E2Mu/Central/bjets/3/px in Skim_TriLep_WWZ.root
2026-01-28 17:21:25,989 - INFO - [2017] MISSING_SYSTEMATIC: SR1E2Mu/JetEn_Down/bjets/3/px in Skim_TriLep_VBFHToZZTo4L.root
2026-01-28 17:21:26,012 - INFO - [2017] MISSING_CENTRAL: SR1E2Mu/Central/bjets/3/px in Skim_TriLep_ggHToZZTo4L.root
2026-01-28 17:21:26,015 - INFO - [2018] MISSING_CENTRAL: SR1E2Mu/Central/bjets/3/px in Skim_TriLep_MuonEG_C.root
2026-01-28 17:21:26,017 - INFO - [2018] MISSING_CENTRAL: SR1E2Mu/Central/bjets/3/px in Skim_TriLep_DYJets.root
2026-01-28 17:21:26,018 - INFO - [2018] MISSING_CENTRAL: SR1E2Mu/Central/bjets/3/px in Skim_TriLep_DYJets10to50.root
2026-01-28 17:21:26,046 - INFO - [2018] MISSING_CENTRAL: SR1E2Mu/Central/bjets/3/px in Skim_TriLep_WWG.root
2026-01-28 17:21:26,237 - INFO - [2018] MISSING_CENTRAL: SR1E2Mu/Central/bjets/3/px in Skim_TriLep_WWW.root
2026-01-28 17:21:26,348 - INFO - [2018] MISSING_SYSTEMATIC: SR1E2Mu/JetEn_Down/bjets/3/px in Skim_TriLep_VBFHToZZTo4L.root
2026-01-28 17:21:26,372 - INFO - [2018] MISSING_CENTRAL: SR1E2Mu/Central/bjets/3/px in Skim_TriLep_ggHToZZTo4L.root
2026-01-28 19:54:54,990 - INFO - [2016preVFP] MISSING_CENTRAL: SR1E2Mu/Central/bjets/3/px in Skim_TriLep_MuonEG_B.root
2026-01-28 19:54:54,992 - INFO - [2016preVFP] MISSING_CENTRAL: SR1E2Mu/Central/bjets/3/px in Skim_TriLep_MuonEG_C.root
2026-01-28 19:54:54,992 - INFO - [2016preVFP] MISSING_CENTRAL: SR1E2Mu/Central/bjets/3/px in Skim_TriLep_MuonEG_D.root
2026-01-28 19:54:54,993 - INFO - [2016preVFP] MISSING_CENTRAL: SR1E2Mu/Central/bjets/3/px in Skim_TriLep_MuonEG_E.root
2026-01-28 19:54:54,993 - INFO - [2016preVFP] MISSING_CENTRAL: SR1E2Mu/Central/bjets/3/px in Skim_TriLep_MuonEG_F.root
2026-01-28 19:54:54,994 - INFO - [2016postVFP] MISSING_CENTRAL: SR1E2Mu/Central/bjets/3/px in Skim_TriLep_MuonEG_F.root
2026-01-28 19:54:55,030 - INFO - [2016postVFP] MISSING_CENTRAL: SR1E2Mu/Central/bjets/3/px in Skim_TriLep_MuonEG_H.root
2026-01-28 19:54:55,066 - INFO - [2018] MISSING_CENTRAL: SR1E2Mu/Central/bjets/3/px in Skim_TriLep_MuonEG_C.root
2026-01-28 19:54:55,084 - INFO - [2016preVFP] MISSING_CENTRAL: SR1E2Mu/Central/bjets/3/px in Skim_TriLep_MuonEG_D.root
2026-01-28 19:54:55,087 - INFO - [2016preVFP] MISSING_CENTRAL: SR1E2Mu/Central/bjets/3/px in Skim_TriLep_DYJets.root
2026-01-28 19:54:55,088 - INFO - [2016preVFP] MISSING_CENTRAL: SR1E2Mu/Central/bjets/3/px in Skim_TriLep_DYJets10to50.root
2026-01-28 19:54:55,121 - INFO - [2016preVFP] MISSING_CENTRAL: SR1E2Mu/Central/bjets/3/px in Skim_TriLep_WWG.root
2026-01-28 19:54:55,309 - INFO - [2016preVFP] MISSING_CENTRAL: SR1E2Mu/Central/bjets/3/px in Skim_TriLep_WWW.root
2026-01-28 19:54:55,439 - INFO - [2016preVFP] MISSING_CENTRAL: SR1E2Mu/Central/bjets/3/px in Skim_TriLep_ggHToZZTo4L.root
2026-01-28 19:54:55,440 - INFO - [2016postVFP] MISSING_CENTRAL: SR1E2Mu/Central/bjets/3/px in Skim_TriLep_MuonEG_F.root
2026-01-28 19:54:55,441 - INFO - [2016postVFP] MISSING_CENTRAL: SR1E2Mu/Central/bjets/3/px in Skim_TriLep_MuonEG_G.root
2026-01-28 19:54:55,443 - INFO - [2016postVFP] MISSING_CENTRAL: SR1E2Mu/Central/bjets/3/px in Skim_TriLep_DYJets.root
2026-01-28 19:54:55,444 - INFO - [2016postVFP] MISSING_CENTRAL: SR1E2Mu/Central/bjets/3/px in Skim_TriLep_DYJets10to50.root
2026-01-28 19:54:55,444 - INFO - [2016postVFP] MISSING_CENTRAL: SR1E2Mu/Central/bjets/3/px in Skim_TriLep_TTG.root
2026-01-28 19:54:55,445 - INFO - [2016postVFP] MISSING_CENTRAL: SR1E2Mu/Central/bjets/3/px in Skim_TriLep_WWG.root
2026-01-28 19:54:55,627 - INFO - [2016postVFP] MISSING_CENTRAL: SR1E2Mu/Central/bjets/3/px in Skim_TriLep_WWW.root
2026-01-28 19:54:55,791 - INFO - [2017] MISSING_CENTRAL: SR1E2Mu/Central/bjets/3/px in Skim_TriLep_MuonEG_E.root
2026-01-28 19:54:55,793 - INFO - [2017] MISSING_CENTRAL: SR1E2Mu/Central/bjets/3/px in Skim_TriLep_DYJets.root
2026-01-28 19:54:55,793 - INFO - [2017] MISSING_CENTRAL: SR1E2Mu/Central/bjets/3/px in Skim_TriLep_DYJets10to50.root
2026-01-28 19:54:55,825 - INFO - [2017] MISSING_CENTRAL: SR1E2Mu/Central/bjets/3/px in Skim_TriLep_WWG.root
2026-01-28 19:54:56,031 - INFO - [2017] MISSING_CENTRAL: SR1E2Mu/Central/bjets/3/px in Skim_TriLep_WWW.root
2026-01-28 19:54:56,032 - INFO - [2017] MISSING_CENTRAL: SR1E2Mu/Central/bjets/3/px in Skim_TriLep_WWZ.root
2026-01-28 19:54:56,114 - INFO - [2017] MISSING_SYSTEMATIC: SR1E2Mu/JetEn_Down/bjets/3/px in Skim_TriLep_VBFHToZZTo4L.root
2026-01-28 19:54:56,138 - INFO - [2017] MISSING_CENTRAL: SR1E2Mu/Central/bjets/3/px in Skim_TriLep_ggHToZZTo4L.root
2026-01-28 19:54:56,142 - INFO - [2018] MISSING_CENTRAL: SR1E2Mu/Central/bjets/3/px in Skim_TriLep_MuonEG_C.root
2026-01-28 19:54:56,145 - INFO - [2018] MISSING_CENTRAL: SR1E2Mu/Central/bjets/3/px in Skim_TriLep_DYJets.root
2026-01-28 19:54:56,146 - INFO - [2018] MISSING_CENTRAL: SR1E2Mu/Central/bjets/3/px in Skim_TriLep_DYJets10to50.root
2026-01-28 19:54:56,174 - INFO - [2018] MISSING_CENTRAL: SR1E2Mu/Central/bjets/3/px in Skim_TriLep_WWG.root
2026-01-28 19:54:56,364 - INFO - [2018] MISSING_CENTRAL: SR1E2Mu/Central/bjets/3/px in Skim_TriLep_WWW.root
2026-01-28 19:54:56,462 - INFO - [2018] MISSING_SYSTEMATIC: SR1E2Mu/JetEn_Down/bjets/3/px in Skim_TriLep_VBFHToZZTo4L.root
2026-01-28 19:54:56,479 - INFO - [2018] MISSING_CENTRAL: SR1E2Mu/Central/bjets/3/px in Skim_TriLep_ggHToZZTo4L.root
2026-01-29 07:12:09,429 - INFO - [2016preVFP] MISSING_CENTRAL: SR1E2Mu/Central/bjets/3/px in Skim_TriLep_MuonEG_B.root
2026-01-29 07:12:09,430 - INFO - [2016preVFP] MISSING_CENTRAL: SR1E2Mu/Central/bjets/3/px in Skim_TriLep_MuonEG_C.root
2026-01-29 07:12:09,431 - INFO - [2016preVFP] MISSING_CENTRAL: SR1E2Mu/Central/bjets/3/px in Skim_TriLep_MuonEG_D.root
2026-01-29 07:12:09,431 - INFO - [2016preVFP] MISSING_CENTRAL: SR1E2Mu/Central/bjets/3/px in Skim_TriLep_MuonEG_E.root
2026-01-29 07:12:09,432 - INFO - [2016preVFP] MISSING_CENTRAL: SR1E2Mu/Central/bjets/3/px in Skim_TriLep_MuonEG_F.root
2026-01-29 07:12:09,432 - INFO - [2016postVFP] MISSING_CENTRAL: SR1E2Mu/Central/bjets/3/px in Skim_TriLep_MuonEG_F.root
2026-01-29 07:12:09,469 - INFO - [2016postVFP] MISSING_CENTRAL: SR1E2Mu/Central/bjets/3/px in Skim_TriLep_MuonEG_H.root
2026-01-29 07:12:09,502 - INFO - [2018] MISSING_CENTRAL: SR1E2Mu/Central/bjets/3/px in Skim_TriLep_MuonEG_C.root
2026-01-29 07:12:09,519 - INFO - [2016preVFP] MISSING_CENTRAL: SR1E2Mu/Central/bjets/3/px in Skim_TriLep_MuonEG_D.root
2026-01-29 07:12:09,522 - INFO - [2016preVFP] MISSING_CENTRAL: SR1E2Mu/Central/bjets/3/px in Skim_TriLep_DYJets.root
2026-01-29 07:12:09,522 - INFO - [2016preVFP] MISSING_CENTRAL: SR1E2Mu/Central/bjets/3/px in Skim_TriLep_DYJets10to50.root
2026-01-29 07:12:09,548 - INFO - [2016preVFP] MISSING_CENTRAL: SR1E2Mu/Central/bjets/3/px in Skim_TriLep_WWG.root
2026-01-29 07:12:09,672 - INFO - [2016preVFP] MISSING_CENTRAL: SR1E2Mu/Central/bjets/3/px in Skim_TriLep_WWW.root
2026-01-29 07:12:09,758 - INFO - [2016preVFP] MISSING_CENTRAL: SR1E2Mu/Central/bjets/3/px in Skim_TriLep_ggHToZZTo4L.root
2026-01-29 07:12:09,759 - INFO - [2016postVFP] MISSING_CENTRAL: SR1E2Mu/Central/bjets/3/px in Skim_TriLep_MuonEG_F.root
2026-01-29 07:12:09,759 - INFO - [2016postVFP] MISSING_CENTRAL: SR1E2Mu/Central/bjets/3/px in Skim_TriLep_MuonEG_G.root
2026-01-29 07:12:09,761 - INFO - [2016postVFP] MISSING_CENTRAL: SR1E2Mu/Central/bjets/3/px in Skim_TriLep_DYJets.root
2026-01-29 07:12:09,761 - INFO - [2016postVFP] MISSING_CENTRAL: SR1E2Mu/Central/bjets/3/px in Skim_TriLep_DYJets10to50.root
2026-01-29 07:12:09,762 - INFO - [2016postVFP] MISSING_CENTRAL: SR1E2Mu/Central/bjets/3/px in Skim_TriLep_TTG.root
2026-01-29 07:12:09,763 - INFO - [2016postVFP] MISSING_CENTRAL: SR1E2Mu/Central/bjets/3/px in Skim_TriLep_WWG.root
2026-01-29 07:12:09,887 - INFO - [2016postVFP] MISSING_CENTRAL: SR1E2Mu/Central/bjets/3/px in Skim_TriLep_WWW.root
2026-01-29 07:12:09,993 - INFO - [2017] MISSING_CENTRAL: SR1E2Mu/Central/bjets/3/px in Skim_TriLep_MuonEG_E.root
2026-01-29 07:12:09,996 - INFO - [2017] MISSING_CENTRAL: SR1E2Mu/Central/bjets/3/px in Skim_TriLep_DYJets.root
2026-01-29 07:12:09,997 - INFO - [2017] MISSING_CENTRAL: SR1E2Mu/Central/bjets/3/px in Skim_TriLep_DYJets10to50.root
2026-01-29 07:12:10,015 - INFO - [2017] MISSING_CENTRAL: SR1E2Mu/Central/bjets/3/px in Skim_TriLep_WWG.root
2026-01-29 07:12:10,169 - INFO - [2017] MISSING_CENTRAL: SR1E2Mu/Central/bjets/3/px in Skim_TriLep_WWW.root
2026-01-29 07:12:10,170 - INFO - [2017] MISSING_CENTRAL: SR1E2Mu/Central/bjets/3/px in Skim_TriLep_WWZ.root
2026-01-29 07:12:10,240 - INFO - [2017] MISSING_SYSTEMATIC: SR1E2Mu/JetEn_Down/bjets/3/px in Skim_TriLep_VBFHToZZTo4L.root
2026-01-29 07:12:10,269 - INFO - [2017] MISSING_CENTRAL: SR1E2Mu/Central/bjets/3/px in Skim_TriLep_ggHToZZTo4L.root
2026-01-29 07:12:10,276 - INFO - [2018] MISSING_CENTRAL: SR1E2Mu/Central/bjets/3/px in Skim_TriLep_MuonEG_C.root
2026-01-29 07:12:10,282 - INFO - [2018] MISSING_CENTRAL: SR1E2Mu/Central/bjets/3/px in Skim_TriLep_DYJets.root
2026-01-29 07:12:10,287 - INFO - [2018] MISSING_CENTRAL: SR1E2Mu/Central/bjets/3/px in Skim_TriLep_DYJets10to50.root
2026-01-29 07:12:10,312 - INFO - [2018] MISSING_CENTRAL: SR1E2Mu/Central/bjets/3/px in Skim_TriLep_WWG.root
2026-01-29 07:12:10,442 - INFO - [2018] MISSING_CENTRAL: SR1E2Mu/Central/bjets/3/px in Skim_TriLep_WWW.root
2026-01-29 07:12:10,511 - INFO - [2018] MISSING_SYSTEMATIC: SR1E2Mu/JetEn_Down/bjets/3/px in Skim_TriLep_VBFHToZZTo4L.root
2026-01-29 07:12:10,525 - INFO - [2018] MISSING_CENTRAL: SR1E2Mu/Central/bjets/3/px in Skim_TriLep_ggHToZZTo4L.root
2026-03-06 09:40:17,385 - INFO - [2016preVFP] MISSING_CENTRAL: SR1E2Mu/Central/bjets/3/px in Skim_TriLep_MuonEG_B.root
2026-03-06 09:40:17,386 - INFO - [2016preVFP] MISSING_CENTRAL: SR1E2Mu/Central/bjets/3/px in Skim_TriLep_MuonEG_C.root
2026-03-06 09:40:17,386 - INFO - [2016preVFP] MISSING_CENTRAL: SR1E2Mu/Central/bjets/3/px in Skim_TriLep_MuonEG_D.root
2026-03-06 09:40:17,387 - INFO - [2016preVFP] MISSING_CENTRAL: SR1E2Mu/Central/bjets/3/px in Skim_TriLep_MuonEG_E.root
2026-03-06 09:40:17,388 - INFO - [2016preVFP] MISSING_CENTRAL: SR1E2Mu/Central/bjets/3/px in Skim_TriLep_MuonEG_F.root
2026-03-06 09:40:17,389 - INFO - [2016postVFP] MISSING_CENTRAL: SR1E2Mu/Central/bjets/3/px in Skim_TriLep_MuonEG_F.root
2026-03-06 09:40:17,428 - INFO - [2016postVFP] MISSING_CENTRAL: SR1E2Mu/Central/bjets/3/px in Skim_TriLep_MuonEG_H.root
2026-03-06 09:40:17,463 - INFO - [2018] MISSING_CENTRAL: SR1E2Mu/Central/bjets/3/px in Skim_TriLep_MuonEG_C.root
2026-03-06 09:40:17,479 - INFO - [2016preVFP] MISSING_CENTRAL: SR1E2Mu/Central/bjets/3/px in Skim_TriLep_MuonEG_D.root
2026-03-06 09:40:17,481 - INFO - [2016preVFP] MISSING_CENTRAL: SR1E2Mu/Central/bjets/3/px in Skim_TriLep_DYJets.root
2026-03-06 09:40:17,481 - INFO - [2016preVFP] MISSING_CENTRAL: SR1E2Mu/Central/bjets/3/px in Skim_TriLep_DYJets10to50.root
2026-03-06 09:40:17,506 - INFO - [2016preVFP] MISSING_CENTRAL: SR1E2Mu/Central/bjets/3/px in Skim_TriLep_WWG.root
2026-03-06 09:40:17,633 - INFO - [2016preVFP] MISSING_CENTRAL: SR1E2Mu/Central/bjets/3/px in Skim_TriLep_WWW.root
2026-03-06 09:40:17,721 - INFO - [2016preVFP] MISSING_CENTRAL: SR1E2Mu/Central/bjets/3/px in Skim_TriLep_ggHToZZTo4L.root
2026-03-06 09:40:17,721 - INFO - [2016postVFP] MISSING_CENTRAL: SR1E2Mu/Central/bjets/3/px in Skim_TriLep_MuonEG_F.root
2026-03-06 09:40:17,722 - INFO - [2016postVFP] MISSING_CENTRAL: SR1E2Mu/Central/bjets/3/px in Skim_TriLep_MuonEG_G.root
2026-03-06 09:40:17,723 - INFO - [2016postVFP] MISSING_CENTRAL: SR1E2Mu/Central/bjets/3/px in Skim_TriLep_DYJets.root
2026-03-06 09:40:17,724 - INFO - [2016postVFP] MISSING_CENTRAL: SR1E2Mu/Central/bjets/3/px in Skim_TriLep_DYJets10to50.root
2026-03-06 09:40:17,724 - INFO - [2016postVFP] MISSING_CENTRAL: SR1E2Mu/Central/bjets/3/px in Skim_TriLep_TTG.root
2026-03-06 09:40:17,725 - INFO - [2016postVFP] MISSING_CENTRAL: SR1E2Mu/Central/bjets/3/px in Skim_TriLep_WWG.root
2026-03-06 09:40:17,852 - INFO - [2016postVFP] MISSING_CENTRAL: SR1E2Mu/Central/bjets/3/px in Skim_TriLep_WWW.root
2026-03-06 09:40:17,965 - INFO - [2017] MISSING_CENTRAL: SR1E2Mu/Central/bjets/3/px in Skim_TriLep_MuonEG_E.root
2026-03-06 09:40:17,967 - INFO - [2017] MISSING_CENTRAL: SR1E2Mu/Central/bjets/3/px in Skim_TriLep_DYJets.root
2026-03-06 09:40:17,968 - INFO - [2017] MISSING_CENTRAL: SR1E2Mu/Central/bjets/3/px in Skim_TriLep_DYJets10to50.root
2026-03-06 09:40:17,986 - INFO - [2017] MISSING_CENTRAL: SR1E2Mu/Central/bjets/3/px in Skim_TriLep_WWG.root
2026-03-06 09:40:18,115 - INFO - [2017] MISSING_CENTRAL: SR1E2Mu/Central/bjets/3/px in Skim_TriLep_WWW.root
2026-03-06 09:40:18,116 - INFO - [2017] MISSING_CENTRAL: SR1E2Mu/Central/bjets/3/px in Skim_TriLep_WWZ.root
2026-03-06 09:40:18,174 - INFO - [2017] MISSING_SYSTEMATIC: SR1E2Mu/JetEn_Down/bjets/3/px in Skim_TriLep_VBFHToZZTo4L.root
2026-03-06 09:40:18,189 - INFO - [2017] MISSING_CENTRAL: SR1E2Mu/Central/bjets/3/px in Skim_TriLep_ggHToZZTo4L.root
2026-03-06 09:40:18,192 - INFO - [2018] MISSING_CENTRAL: SR1E2Mu/Central/bjets/3/px in Skim_TriLep_MuonEG_C.root
2026-03-06 09:40:18,194 - INFO - [2018] MISSING_CENTRAL: SR1E2Mu/Central/bjets/3/px in Skim_TriLep_DYJets.root
2026-03-06 09:40:18,195 - INFO - [2018] MISSING_CENTRAL: SR1E2Mu/Central/bjets/3/px in Skim_TriLep_DYJets10to50.root
2026-03-06 09:40:18,213 - INFO - [2018] MISSING_CENTRAL: SR1E2Mu/Central/bjets/3/px in Skim_TriLep_WWG.root
2026-03-06 09:40:18,357 - INFO - [2018] MISSING_CENTRAL: SR1E2Mu/Central/bjets/3/px in Skim_TriLep_WWW.root
2026-03-06 09:40:18,436 - INFO - [2018] MISSING_SYSTEMATIC: SR1E2Mu/JetEn_Down/bjets/3/px in Skim_TriLep_VBFHToZZTo4L.root
2026-03-06 09:40:18,451 - INFO - [2018] MISSING_CENTRAL: SR1E2Mu/Central/bjets/3/px in Skim_TriLep_ggHToZZTo4L.root
2026-03-06 19:46:05,505 - INFO - [2016preVFP] MISSING_CENTRAL: SR1E2Mu/Central/bjets/3/px in Skim_TriLep_MuonEG_B.root
2026-03-06 19:46:05,506 - INFO - [2016preVFP] MISSING_CENTRAL: SR1E2Mu/Central/bjets/3/px in Skim_TriLep_MuonEG_C.root
2026-03-06 19:46:05,506 - INFO - [2016preVFP] MISSING_CENTRAL: SR1E2Mu/Central/bjets/3/px in Skim_TriLep_MuonEG_D.root
2026-03-06 19:46:05,506 - INFO - [2016preVFP] MISSING_CENTRAL: SR1E2Mu/Central/bjets/3/px in Skim_TriLep_MuonEG_E.root
2026-03-06 19:46:05,507 - INFO - [2016preVFP] MISSING_CENTRAL: SR1E2Mu/Central/bjets/3/px in Skim_TriLep_MuonEG_F.root
2026-03-06 19:46:05,507 - INFO - [2016postVFP] MISSING_CENTRAL: SR1E2Mu/Central/bjets/3/px in Skim_TriLep_MuonEG_F.root
2026-03-06 19:46:05,545 - INFO - [2016postVFP] MISSING_CENTRAL: SR1E2Mu/Central/bjets/3/px in Skim_TriLep_MuonEG_H.root
2026-03-06 19:46:05,581 - INFO - [2018] MISSING_CENTRAL: SR1E2Mu/Central/bjets/3/px in Skim_TriLep_MuonEG_C.root
2026-03-06 19:46:05,598 - INFO - [2016preVFP] MISSING_CENTRAL: SR1E2Mu/Central/bjets/3/px in Skim_TriLep_MuonEG_D.root
2026-03-06 19:46:05,600 - INFO - [2016preVFP] MISSING_CENTRAL: SR1E2Mu/Central/bjets/3/px in Skim_TriLep_DYJets.root
2026-03-06 19:46:05,601 - INFO - [2016preVFP] MISSING_CENTRAL: SR1E2Mu/Central/bjets/3/px in Skim_TriLep_DYJets10to50.root
2026-03-06 19:46:05,627 - INFO - [2016preVFP] MISSING_CENTRAL: SR1E2Mu/Central/bjets/3/px in Skim_TriLep_WWG.root
2026-03-06 19:46:05,754 - INFO - [2016preVFP] MISSING_CENTRAL: SR1E2Mu/Central/bjets/3/px in Skim_TriLep_WWW.root
2026-03-06 19:46:05,844 - INFO - [2016preVFP] MISSING_CENTRAL: SR1E2Mu/Central/bjets/3/px in Skim_TriLep_ggHToZZTo4L.root
2026-03-06 19:46:05,844 - INFO - [2016postVFP] MISSING_CENTRAL: SR1E2Mu/Central/bjets/3/px in Skim_TriLep_MuonEG_F.root
2026-03-06 19:46:05,845 - INFO - [2016postVFP] MISSING_CENTRAL: SR1E2Mu/Central/bjets/3/px in Skim_TriLep_MuonEG_G.root
2026-03-06 19:46:05,846 - INFO - [2016postVFP] MISSING_CENTRAL: SR1E2Mu/Central/bjets/3/px in Skim_TriLep_DYJets.root
2026-03-06 19:46:05,847 - INFO - [2016postVFP] MISSING_CENTRAL: SR1E2Mu/Central/bjets/3/px in Skim_TriLep_DYJets10to50.root
2026-03-06 19:46:05,847 - INFO - [2016postVFP] MISSING_CENTRAL: SR1E2Mu/Central/bjets/3/px in Skim_TriLep_TTG.root
2026-03-06 19:46:05,848 - INFO - [2016postVFP] MISSING_CENTRAL: SR1E2Mu/Central/bjets/3/px in Skim_TriLep_WWG.root
2026-03-06 19:46:05,981 - INFO - [2016postVFP] MISSING_CENTRAL: SR1E2Mu/Central/bjets/3/px in Skim_TriLep_WWW.root
2026-03-06 19:46:06,098 - INFO - [2017] MISSING_CENTRAL: SR1E2Mu/Central/bjets/3/px in Skim_TriLep_MuonEG_E.root
2026-03-06 19:46:06,100 - INFO - [2017] MISSING_CENTRAL: SR1E2Mu/Central/bjets/3/px in Skim_TriLep_DYJets.root
2026-03-06 19:46:06,100 - INFO - [2017] MISSING_CENTRAL: SR1E2Mu/Central/bjets/3/px in Skim_TriLep_DYJets10to50.root
2026-03-06 19:46:06,121 - INFO - [2017] MISSING_CENTRAL: SR1E2Mu/Central/bjets/3/px in Skim_TriLep_WWG.root
2026-03-06 19:46:06,256 - INFO - [2017] MISSING_CENTRAL: SR1E2Mu/Central/bjets/3/px in Skim_TriLep_WWW.root
2026-03-06 19:46:06,257 - INFO - [2017] MISSING_CENTRAL: SR1E2Mu/Central/bjets/3/px in Skim_TriLep_WWZ.root
2026-03-06 19:46:06,316 - INFO - [2017] MISSING_SYSTEMATIC: SR1E2Mu/JetEn_Down/bjets/3/px in Skim_TriLep_VBFHToZZTo4L.root
2026-03-06 19:46:06,331 - INFO - [2017] MISSING_CENTRAL: SR1E2Mu/Central/bjets/3/px in Skim_TriLep_ggHToZZTo4L.root
2026-03-06 19:46:06,334 - INFO - [2018] MISSING_CENTRAL: SR1E2Mu/Central/bjets/3/px in Skim_TriLep_MuonEG_C.root
2026-03-06 19:46:06,336 - INFO - [2018] MISSING_CENTRAL: SR1E2Mu/Central/bjets/3/px in Skim_TriLep_DYJets.root
2026-03-06 19:46:06,337 - INFO - [2018] MISSING_CENTRAL: SR1E2Mu/Central/bjets/3/px in Skim_TriLep_DYJets10to50.root
2026-03-06 19:46:06,357 - INFO - [2018] MISSING_CENTRAL: SR1E2Mu/Central/bjets/3/px in Skim_TriLep_WWG.root
2026-03-06 19:46:06,491 - INFO - [2018] MISSING_CENTRAL: SR1E2Mu/Central/bjets/3/px in Skim_TriLep_WWW.root
2026-03-06 19:46:06,567 - INFO - [2018] MISSING_SYSTEMATIC: SR1E2Mu/JetEn_Down/bjets/3/px in Skim_TriLep_VBFHToZZTo4L.root
2026-03-06 19:46:06,582 - INFO - [2018] MISSING_CENTRAL: SR1E2Mu/Central/bjets/3/px in Skim_TriLep_ggHToZZTo4L.root
2026-03-12 21:34:47,614 - INFO - [2016preVFP] MISSING_CENTRAL: SR1E2Mu/Central/bjets/3/px in Skim_TriLep_MuonEG_B.root
2026-03-12 21:34:47,615 - INFO - [2016preVFP] MISSING_CENTRAL: SR1E2Mu/Central/bjets/3/px in Skim_TriLep_MuonEG_C.root
2026-03-12 21:34:47,615 - INFO - [2016preVFP] MISSING_CENTRAL: SR1E2Mu/Central/bjets/3/px in Skim_TriLep_MuonEG_D.root
2026-03-12 21:34:47,616 - INFO - [2016preVFP] MISSING_CENTRAL: SR1E2Mu/Central/bjets/3/px in Skim_TriLep_MuonEG_E.root
2026-03-12 21:34:47,616 - INFO - [2016preVFP] MISSING_CENTRAL: SR1E2Mu/Central/bjets/3/px in Skim_TriLep_MuonEG_F.root
2026-03-12 21:34:47,617 - INFO - [2016postVFP] MISSING_CENTRAL: SR1E2Mu/Central/bjets/3/px in Skim_TriLep_MuonEG_F.root
2026-03-12 21:34:47,652 - INFO - [2016postVFP] MISSING_CENTRAL: SR1E2Mu/Central/bjets/3/px in Skim_TriLep_MuonEG_H.root
2026-03-12 21:34:47,684 - INFO - [2018] MISSING_CENTRAL: SR1E2Mu/Central/bjets/3/px in Skim_TriLep_MuonEG_C.root
2026-03-12 21:34:47,700 - INFO - [2016preVFP] MISSING_CENTRAL: SR1E2Mu/Central/bjets/3/px in Skim_TriLep_MuonEG_D.root
2026-03-12 21:34:47,702 - INFO - [2016preVFP] MISSING_CENTRAL: SR1E2Mu/Central/bjets/3/px in Skim_TriLep_DYJets.root
2026-03-12 21:34:47,703 - INFO - [2016preVFP] MISSING_CENTRAL: SR1E2Mu/Central/bjets/3/px in Skim_TriLep_DYJets10to50.root
2026-03-12 21:34:47,726 - INFO - [2016preVFP] MISSING_CENTRAL: SR1E2Mu/Central/bjets/3/px in Skim_TriLep_WWG.root
2026-03-12 21:34:47,844 - INFO - [2016preVFP] MISSING_CENTRAL: SR1E2Mu/Central/bjets/3/px in Skim_TriLep_WWW.root
2026-03-12 21:34:47,937 - INFO - [2016preVFP] MISSING_CENTRAL: SR1E2Mu/Central/bjets/3/px in Skim_TriLep_ggHToZZTo4L.root
2026-03-12 21:34:47,937 - INFO - [2016postVFP] MISSING_CENTRAL: SR1E2Mu/Central/bjets/3/px in Skim_TriLep_MuonEG_F.root
2026-03-12 21:34:47,938 - INFO - [2016postVFP] MISSING_CENTRAL: SR1E2Mu/Central/bjets/3/px in Skim_TriLep_MuonEG_G.root
2026-03-12 21:34:47,939 - INFO - [2016postVFP] MISSING_CENTRAL: SR1E2Mu/Central/bjets/3/px in Skim_TriLep_DYJets.root
2026-03-12 21:34:47,940 - INFO - [2016postVFP] MISSING_CENTRAL: SR1E2Mu/Central/bjets/3/px in Skim_TriLep_DYJets10to50.root
2026-03-12 21:34:47,941 - INFO - [2016postVFP] MISSING_CENTRAL: SR1E2Mu/Central/bjets/3/px in Skim_TriLep_TTG.root
2026-03-12 21:34:47,941 - INFO - [2016postVFP] MISSING_CENTRAL: SR1E2Mu/Central/bjets/3/px in Skim_TriLep_WWG.root
2026-03-12 21:34:48,078 - INFO - [2016postVFP] MISSING_CENTRAL: SR1E2Mu/Central/bjets/3/px in Skim_TriLep_WWW.root
2026-03-12 21:34:48,224 - INFO - [2017] MISSING_CENTRAL: SR1E2Mu/Central/bjets/3/px in Skim_TriLep_MuonEG_E.root
2026-03-12 21:34:48,225 - INFO - [2017] MISSING_CENTRAL: SR1E2Mu/Central/bjets/3/px in Skim_TriLep_DYJets.root
2026-03-12 21:34:48,226 - INFO - [2017] MISSING_CENTRAL: SR1E2Mu/Central/bjets/3/px in Skim_TriLep_DYJets10to50.root
2026-03-12 21:34:48,245 - INFO - [2017] MISSING_CENTRAL: SR1E2Mu/Central/bjets/3/px in Skim_TriLep_WWG.root
2026-03-12 21:34:48,401 - INFO - [2017] MISSING_CENTRAL: SR1E2Mu/Central/bjets/3/px in Skim_TriLep_WWW.root
2026-03-12 21:34:48,402 - INFO - [2017] MISSING_CENTRAL: SR1E2Mu/Central/bjets/3/px in Skim_TriLep_WWZ.root
2026-03-12 21:34:48,480 - INFO - [2017] MISSING_SYSTEMATIC: SR1E2Mu/JetEn_Down/bjets/3/px in Skim_TriLep_VBFHToZZTo4L.root
2026-03-12 21:34:48,497 - INFO - [2017] MISSING_CENTRAL: SR1E2Mu/Central/bjets/3/px in Skim_TriLep_ggHToZZTo4L.root
2026-03-12 21:34:48,500 - INFO - [2018] MISSING_CENTRAL: SR1E2Mu/Central/bjets/3/px in Skim_TriLep_MuonEG_C.root
2026-03-12 21:34:48,503 - INFO - [2018] MISSING_CENTRAL: SR1E2Mu/Central/bjets/3/px in Skim_TriLep_DYJets.root
2026-03-12 21:34:48,504 - INFO - [2018] MISSING_CENTRAL: SR1E2Mu/Central/bjets/3/px in Skim_TriLep_DYJets10to50.root
2026-03-12 21:34:48,531 - INFO - [2018] MISSING_CENTRAL: SR1E2Mu/Central/bjets/3/px in Skim_TriLep_WWG.root
2026-03-12 21:34:48,691 - INFO - [2018] MISSING_CENTRAL: SR1E2Mu/Central/bjets/3/px in Skim_TriLep_WWW.root
2026-03-12 21:34:48,766 - INFO - [2018] MISSING_SYSTEMATIC: SR1E2Mu/JetEn_Down/bjets/3/px in Skim_TriLep_VBFHToZZTo4L.root
2026-03-12 21:34:48,781 - INFO - [2018] MISSING_CENTRAL: SR1E2Mu/Central/bjets/3/px in Skim_TriLep_ggHToZZTo4L.root
2026-04-10 20:21:04,439 - INFO - [2016preVFP] MISSING_CENTRAL: SR1E2Mu/Central/bjets/3/px in Skim_TriLep_MuonEG_B.root
2026-04-10 20:21:04,440 - INFO - [2016preVFP] MISSING_CENTRAL: SR1E2Mu/Central/bjets/3/px in Skim_TriLep_MuonEG_C.root
2026-04-10 20:21:04,440 - INFO - [2016preVFP] MISSING_CENTRAL: SR1E2Mu/Central/bjets/3/px in Skim_TriLep_MuonEG_D.root
2026-04-10 20:21:04,441 - INFO - [2016preVFP] MISSING_CENTRAL: SR1E2Mu/Central/bjets/3/px in Skim_TriLep_MuonEG_E.root
2026-04-10 20:21:04,441 - INFO - [2016preVFP] MISSING_CENTRAL: SR1E2Mu/Central/bjets/3/px in Skim_TriLep_MuonEG_F.root
2026-04-10 20:21:04,442 - INFO - [2016postVFP] MISSING_CENTRAL: SR1E2Mu/Central/bjets/3/px in Skim_TriLep_MuonEG_F.root
2026-04-10 20:21:04,473 - INFO - [2016postVFP] MISSING_CENTRAL: SR1E2Mu/Central/bjets/3/px in Skim_TriLep_MuonEG_H.root
2026-04-10 20:21:04,505 - INFO - [2018] MISSING_CENTRAL: SR1E2Mu/Central/bjets/3/px in Skim_TriLep_MuonEG_C.root
2026-04-10 20:21:04,523 - INFO - [2016preVFP] MISSING_CENTRAL: SR1E2Mu/Central/bjets/3/px in Skim_TriLep_MuonEG_D.root
2026-04-10 20:21:04,525 - INFO - [2016preVFP] MISSING_CENTRAL: SR1E2Mu/Central/bjets/3/px in Skim_TriLep_DYJets.root
2026-04-10 20:21:04,526 - INFO - [2016preVFP] MISSING_CENTRAL: SR1E2Mu/Central/bjets/3/px in Skim_TriLep_DYJets10to50.root
2026-04-10 20:21:04,550 - INFO - [2016preVFP] MISSING_CENTRAL: SR1E2Mu/Central/bjets/3/px in Skim_TriLep_WWG.root
2026-04-10 20:21:04,666 - INFO - [2016preVFP] MISSING_CENTRAL: SR1E2Mu/Central/bjets/3/px in Skim_TriLep_WWW.root
2026-04-10 20:21:04,747 - INFO - [2016preVFP] MISSING_CENTRAL: SR1E2Mu/Central/bjets/3/px in Skim_TriLep_ggHToZZTo4L.root
2026-04-10 20:21:04,748 - INFO - [2016postVFP] MISSING_CENTRAL: SR1E2Mu/Central/bjets/3/px in Skim_TriLep_MuonEG_F.root
2026-04-10 20:21:04,748 - INFO - [2016postVFP] MISSING_CENTRAL: SR1E2Mu/Central/bjets/3/px in Skim_TriLep_MuonEG_G.root
2026-04-10 20:21:04,750 - INFO - [2016postVFP] MISSING_CENTRAL: SR1E2Mu/Central/bjets/3/px in Skim_TriLep_DYJets.root
2026-04-10 20:21:04,750 - INFO - [2016postVFP] MISSING_CENTRAL: SR1E2Mu/Central/bjets/3/px in Skim_TriLep_DYJets10to50.root
2026-04-10 20:21:04,751 - INFO - [2016postVFP] MISSING_CENTRAL: SR1E2Mu/Central/bjets/3/px in Skim_TriLep_TTG.root
2026-04-10 20:21:04,752 - INFO - [2016postVFP] MISSING_CENTRAL: SR1E2Mu/Central/bjets/3/px in Skim_TriLep_WWG.root
2026-04-10 20:21:04,872 - INFO - [2016postVFP] MISSING_CENTRAL: SR1E2Mu/Central/bjets/3/px in Skim_TriLep_WWW.root
2026-04-10 20:21:04,978 - INFO - [2017] MISSING_CENTRAL: SR1E2Mu/Central/bjets/3/px in Skim_TriLep_MuonEG_E.root
2026-04-10 20:21:04,979 - INFO - [2017] MISSING_CENTRAL: SR1E2Mu/Central/bjets/3/px in Skim_TriLep_DYJets.root
2026-04-10 20:21:04,980 - INFO - [2017] MISSING_CENTRAL: SR1E2Mu/Central/bjets/3/px in Skim_TriLep_DYJets10to50.root
2026-04-10 20:21:04,997 - INFO - [2017] MISSING_CENTRAL: SR1E2Mu/Central/bjets/3/px in Skim_TriLep_WWG.root
2026-04-10 20:21:05,120 - INFO - [2017] MISSING_CENTRAL: SR1E2Mu/Central/bjets/3/px in Skim_TriLep_WWW.root
2026-04-10 20:21:05,121 - INFO - [2017] MISSING_CENTRAL: SR1E2Mu/Central/bjets/3/px in Skim_TriLep_WWZ.root
2026-04-10 20:21:05,176 - INFO - [2017] MISSING_SYSTEMATIC: SR1E2Mu/JetEn_Down/bjets/3/px in Skim_TriLep_VBFHToZZTo4L.root
2026-04-10 20:21:05,190 - INFO - [2017] MISSING_CENTRAL: SR1E2Mu/Central/bjets/3/px in Skim_TriLep_ggHToZZTo4L.root
2026-04-10 20:21:05,193 - INFO - [2018] MISSING_CENTRAL: SR1E2Mu/Central/bjets/3/px in Skim_TriLep_MuonEG_C.root
2026-04-10 20:21:05,195 - INFO - [2018] MISSING_CENTRAL: SR1E2Mu/Central/bjets/3/px in Skim_TriLep_DYJets.root
2026-04-10 20:21:05,196 - INFO - [2018] MISSING_CENTRAL: SR1E2Mu/Central/bjets/3/px in Skim_TriLep_DYJets10to50.root
2026-04-10 20:21:05,214 - INFO - [2018] MISSING_CENTRAL: SR1E2Mu/Central/bjets/3/px in Skim_TriLep_WWG.root
2026-04-10 20:21:05,341 - INFO - [2018] MISSING_CENTRAL: SR1E2Mu/Central/bjets/3/px in Skim_TriLep_WWW.root
2026-04-10 20:21:05,414 - INFO - [2018] MISSING_SYSTEMATIC: SR1E2Mu/JetEn_Down/bjets/3/px in Skim_TriLep_VBFHToZZTo4L.root
2026-04-10 20:21:05,427 - INFO - [2018] MISSING_CENTRAL: SR1E2Mu/Central/bjets/3/px in Skim_TriLep_ggHToZZTo4L.root
2026-04-12 11:36:13,502 - INFO - [2016preVFP] MISSING_CENTRAL: SR1E2Mu/Central/bjets/3/px in Skim_TriLep_MuonEG_B.root
2026-04-12 11:36:13,503 - INFO - [2016preVFP] MISSING_CENTRAL: SR1E2Mu/Central/bjets/3/px in Skim_TriLep_MuonEG_C.root
2026-04-12 11:36:13,504 - INFO - [2016preVFP] MISSING_CENTRAL: SR1E2Mu/Central/bjets/3/px in Skim_TriLep_MuonEG_D.root
2026-04-12 11:36:13,505 - INFO - [2016preVFP] MISSING_CENTRAL: SR1E2Mu/Central/bjets/3/px in Skim_TriLep_MuonEG_E.root
2026-04-12 11:36:13,505 - INFO - [2016preVFP] MISSING_CENTRAL: SR1E2Mu/Central/bjets/3/px in Skim_TriLep_MuonEG_F.root
2026-04-12 11:36:13,506 - INFO - [2016postVFP] MISSING_CENTRAL: SR1E2Mu/Central/bjets/3/px in Skim_TriLep_MuonEG_F.root
2026-04-12 11:36:13,539 - INFO - [2016postVFP] MISSING_CENTRAL: SR1E2Mu/Central/bjets/3/px in Skim_TriLep_MuonEG_H.root
2026-04-12 11:36:13,575 - INFO - [2018] MISSING_CENTRAL: SR1E2Mu/Central/bjets/3/px in Skim_TriLep_MuonEG_C.root
2026-04-12 11:36:13,592 - INFO - [2016preVFP] MISSING_CENTRAL: SR1E2Mu/Central/bjets/3/px in Skim_TriLep_MuonEG_D.root
2026-04-12 11:36:13,594 - INFO - [2016preVFP] MISSING_CENTRAL: SR1E2Mu/Central/bjets/3/px in Skim_TriLep_DYJets.root
2026-04-12 11:36:13,595 - INFO - [2016preVFP] MISSING_CENTRAL: SR1E2Mu/Central/bjets/3/px in Skim_TriLep_DYJets10to50.root
2026-04-12 11:36:13,621 - INFO - [2016preVFP] MISSING_CENTRAL: SR1E2Mu/Central/bjets/3/px in Skim_TriLep_WWG.root
2026-04-12 11:36:13,735 - INFO - [2016preVFP] MISSING_CENTRAL: SR1E2Mu/Central/bjets/3/px in Skim_TriLep_WWW.root
2026-04-12 11:36:13,815 - INFO - [2016preVFP] MISSING_CENTRAL: SR1E2Mu/Central/bjets/3/px in Skim_TriLep_ggHToZZTo4L.root
2026-04-12 11:36:13,815 - INFO - [2016postVFP] MISSING_CENTRAL: SR1E2Mu/Central/bjets/3/px in Skim_TriLep_MuonEG_F.root
2026-04-12 11:36:13,816 - INFO - [2016postVFP] MISSING_CENTRAL: SR1E2Mu/Central/bjets/3/px in Skim_TriLep_MuonEG_G.root
2026-04-12 11:36:13,817 - INFO - [2016postVFP] MISSING_CENTRAL: SR1E2Mu/Central/bjets/3/px in Skim_TriLep_DYJets.root
2026-04-12 11:36:13,818 - INFO - [2016postVFP] MISSING_CENTRAL: SR1E2Mu/Central/bjets/3/px in Skim_TriLep_DYJets10to50.root
2026-04-12 11:36:13,819 - INFO - [2016postVFP] MISSING_CENTRAL: SR1E2Mu/Central/bjets/3/px in Skim_TriLep_TTG.root
2026-04-12 11:36:13,819 - INFO - [2016postVFP] MISSING_CENTRAL: SR1E2Mu/Central/bjets/3/px in Skim_TriLep_WWG.root
2026-04-12 11:36:13,943 - INFO - [2016postVFP] MISSING_CENTRAL: SR1E2Mu/Central/bjets/3/px in Skim_TriLep_WWW.root
2026-04-12 11:36:14,065 - INFO - [2017] MISSING_CENTRAL: SR1E2Mu/Central/bjets/3/px in Skim_TriLep_MuonEG_E.root
2026-04-12 11:36:14,067 - INFO - [2017] MISSING_CENTRAL: SR1E2Mu/Central/bjets/3/px in Skim_TriLep_DYJets.root
2026-04-12 11:36:14,067 - INFO - [2017] MISSING_CENTRAL: SR1E2Mu/Central/bjets/3/px in Skim_TriLep_DYJets10to50.root
2026-04-12 11:36:14,085 - INFO - [2017] MISSING_CENTRAL: SR1E2Mu/Central/bjets/3/px in Skim_TriLep_WWG.root
2026-04-12 11:36:14,214 - INFO - [2017] MISSING_CENTRAL: SR1E2Mu/Central/bjets/3/px in Skim_TriLep_WWW.root
2026-04-12 11:36:14,214 - INFO - [2017] MISSING_CENTRAL: SR1E2Mu/Central/bjets/3/px in Skim_TriLep_WWZ.root
2026-04-12 11:36:14,273 - INFO - [2017] MISSING_SYSTEMATIC: SR1E2Mu/JetEn_Down/bjets/3/px in Skim_TriLep_VBFHToZZTo4L.root
2026-04-12 11:36:14,288 - INFO - [2017] MISSING_CENTRAL: SR1E2Mu/Central/bjets/3/px in Skim_TriLep_ggHToZZTo4L.root
2026-04-12 11:36:14,291 - INFO - [2018] MISSING_CENTRAL: SR1E2Mu/Central/bjets/3/px in Skim_TriLep_MuonEG_C.root
2026-04-12 11:36:14,293 - INFO - [2018] MISSING_CENTRAL: SR1E2Mu/Central/bjets/3/px in Skim_TriLep_DYJets.root
2026-04-12 11:36:14,294 - INFO - [2018] MISSING_CENTRAL: SR1E2Mu/Central/bjets/3/px in Skim_TriLep_DYJets10to50.root
2026-04-12 11:36:14,313 - INFO - [2018] MISSING_CENTRAL: SR1E2Mu/Central/bjets/3/px in Skim_TriLep_WWG.root
2026-04-12 11:36:14,447 - INFO - [2018] MISSING_CENTRAL: SR1E2Mu/Central/bjets/3/px in Skim_TriLep_WWW.root
2026-04-12 11:36:14,523 - INFO - [2018] MISSING_SYSTEMATIC: SR1E2Mu/JetEn_Down/bjets/3/px in Skim_TriLep_VBFHToZZTo4L.root
2026-04-12 11:36:14,536 - INFO - [2018] MISSING_CENTRAL: SR1E2Mu/Central/bjets/3/px in Skim_TriLep_ggHToZZTo4L.root
2026-04-12 12:18:14,387 - INFO - [2016preVFP] MISSING_CENTRAL: SR1E2Mu/Central/bjets/3/px in Skim_TriLep_MuonEG_B.root
2026-04-12 12:18:14,388 - INFO - [2016preVFP] MISSING_CENTRAL: SR1E2Mu/Central/bjets/3/px in Skim_TriLep_MuonEG_C.root
2026-04-12 12:18:14,389 - INFO - [2016preVFP] MISSING_CENTRAL: SR1E2Mu/Central/bjets/3/px in Skim_TriLep_MuonEG_D.root
2026-04-12 12:18:14,389 - INFO - [2016preVFP] MISSING_CENTRAL: SR1E2Mu/Central/bjets/3/px in Skim_TriLep_MuonEG_E.root
2026-04-12 12:18:14,390 - INFO - [2016preVFP] MISSING_CENTRAL: SR1E2Mu/Central/bjets/3/px in Skim_TriLep_MuonEG_F.root
2026-04-12 12:18:14,390 - INFO - [2016postVFP] MISSING_CENTRAL: SR1E2Mu/Central/bjets/3/px in Skim_TriLep_MuonEG_F.root
2026-04-12 12:18:14,426 - INFO - [2016postVFP] MISSING_CENTRAL: SR1E2Mu/Central/bjets/3/px in Skim_TriLep_MuonEG_H.root
2026-04-12 12:18:14,459 - INFO - [2018] MISSING_CENTRAL: SR1E2Mu/Central/bjets/3/px in Skim_TriLep_MuonEG_C.root
2026-04-12 12:18:14,476 - INFO - [2016preVFP] MISSING_CENTRAL: SR1E2Mu/Central/bjets/3/px in Skim_TriLep_MuonEG_D.root
2026-04-12 12:18:14,478 - INFO - [2016preVFP] MISSING_CENTRAL: SR1E2Mu/Central/bjets/3/px in Skim_TriLep_DYJets.root
2026-04-12 12:18:14,479 - INFO - [2016preVFP] MISSING_CENTRAL: SR1E2Mu/Central/bjets/3/px in Skim_TriLep_DYJets10to50.root
2026-04-12 12:18:14,503 - INFO - [2016preVFP] MISSING_CENTRAL: SR1E2Mu/Central/bjets/3/px in Skim_TriLep_WWG.root
2026-04-12 12:18:14,626 - INFO - [2016preVFP] MISSING_CENTRAL: SR1E2Mu/Central/bjets/3/px in Skim_TriLep_WWW.root
2026-04-12 12:18:14,713 - INFO - [2016preVFP] MISSING_CENTRAL: SR1E2Mu/Central/bjets/3/px in Skim_TriLep_ggHToZZTo4L.root
2026-04-12 12:18:14,714 - INFO - [2016postVFP] MISSING_CENTRAL: SR1E2Mu/Central/bjets/3/px in Skim_TriLep_MuonEG_F.root
2026-04-12 12:18:14,714 - INFO - [2016postVFP] MISSING_CENTRAL: SR1E2Mu/Central/bjets/3/px in Skim_TriLep_MuonEG_G.root
2026-04-12 12:18:14,716 - INFO - [2016postVFP] MISSING_CENTRAL: SR1E2Mu/Central/bjets/3/px in Skim_TriLep_DYJets.root
2026-04-12 12:18:14,716 - INFO - [2016postVFP] MISSING_CENTRAL: SR1E2Mu/Central/bjets/3/px in Skim_TriLep_DYJets10to50.root
2026-04-12 12:18:14,717 - INFO - [2016postVFP] MISSING_CENTRAL: SR1E2Mu/Central/bjets/3/px in Skim_TriLep_TTG.root
2026-04-12 12:18:14,717 - INFO - [2016postVFP] MISSING_CENTRAL: SR1E2Mu/Central/bjets/3/px in Skim_TriLep_WWG.root
2026-04-12 12:18:14,843 - INFO - [2016postVFP] MISSING_CENTRAL: SR1E2Mu/Central/bjets/3/px in Skim_TriLep_WWW.root
2026-04-12 12:18:14,957 - INFO - [2017] MISSING_CENTRAL: SR1E2Mu/Central/bjets/3/px in Skim_TriLep_MuonEG_E.root
2026-04-12 12:18:14,958 - INFO - [2017] MISSING_CENTRAL: SR1E2Mu/Central/bjets/3/px in Skim_TriLep_DYJets.root
2026-04-12 12:18:14,959 - INFO - [2017] MISSING_CENTRAL: SR1E2Mu/Central/bjets/3/px in Skim_TriLep_DYJets10to50.root
2026-04-12 12:18:14,978 - INFO - [2017] MISSING_CENTRAL: SR1E2Mu/Central/bjets/3/px in Skim_TriLep_WWG.root
2026-04-12 12:18:15,104 - INFO - [2017] MISSING_CENTRAL: SR1E2Mu/Central/bjets/3/px in Skim_TriLep_WWW.root
2026-04-12 12:18:15,105 - INFO - [2017] MISSING_CENTRAL: SR1E2Mu/Central/bjets/3/px in Skim_TriLep_WWZ.root
2026-04-12 12:18:15,162 - INFO - [2017] MISSING_SYSTEMATIC: SR1E2Mu/JetEn_Down/bjets/3/px in Skim_TriLep_VBFHToZZTo4L.root
2026-04-12 12:18:15,176 - INFO - [2017] MISSING_CENTRAL: SR1E2Mu/Central/bjets/3/px in Skim_TriLep_ggHToZZTo4L.root
2026-04-12 12:18:15,179 - INFO - [2018] MISSING_CENTRAL: SR1E2Mu/Central/bjets/3/px in Skim_TriLep_MuonEG_C.root
2026-04-12 12:18:15,181 - INFO - [2018] MISSING_CENTRAL: SR1E2Mu/Central/bjets/3/px in Skim_TriLep_DYJets.root
2026-04-12 12:18:15,182 - INFO - [2018] MISSING_CENTRAL: SR1E2Mu/Central/bjets/3/px in Skim_TriLep_DYJets10to50.root
2026-04-12 12:18:15,200 - INFO - [2018] MISSING_CENTRAL: SR1E2Mu/Central/bjets/3/px in Skim_TriLep_WWG.root
2026-04-12 12:18:15,327 - INFO - [2018] MISSING_CENTRAL: SR1E2Mu/Central/bjets/3/px in Skim_TriLep_WWW.root
2026-04-12 12:18:15,405 - INFO - [2018] MISSING_SYSTEMATIC: SR1E2Mu/JetEn_Down/bjets/3/px in Skim_TriLep_VBFHToZZTo4L.root
2026-04-12 12:18:15,420 - INFO - [2018] MISSING_CENTRAL: SR1E2Mu/Central/bjets/3/px in Skim_TriLep_ggHToZZTo4L.root
2026-04-12 12:37:53,164 - INFO - [2016preVFP] MISSING_CENTRAL: SR1E2Mu/Central/bjets/3/px in Skim_TriLep_MuonEG_B.root
2026-04-12 12:37:53,164 - INFO - [2016preVFP] MISSING_CENTRAL: SR1E2Mu/Central/bjets/3/px in Skim_TriLep_MuonEG_C.root
2026-04-12 12:37:53,165 - INFO - [2016preVFP] MISSING_CENTRAL: SR1E2Mu/Central/bjets/3/px in Skim_TriLep_MuonEG_D.root
2026-04-12 12:37:53,165 - INFO - [2016preVFP] MISSING_CENTRAL: SR1E2Mu/Central/bjets/3/px in Skim_TriLep_MuonEG_E.root
2026-04-12 12:37:53,166 - INFO - [2016preVFP] MISSING_CENTRAL: SR1E2Mu/Central/bjets/3/px in Skim_TriLep_MuonEG_F.root
2026-04-12 12:37:53,166 - INFO - [2016postVFP] MISSING_CENTRAL: SR1E2Mu/Central/bjets/3/px in Skim_TriLep_MuonEG_F.root
2026-04-12 12:37:53,202 - INFO - [2016postVFP] MISSING_CENTRAL: SR1E2Mu/Central/bjets/3/px in Skim_TriLep_MuonEG_H.root
2026-04-12 12:37:53,235 - INFO - [2018] MISSING_CENTRAL: SR1E2Mu/Central/bjets/3/px in Skim_TriLep_MuonEG_C.root
2026-04-12 12:37:53,257 - INFO - [2016preVFP] MISSING_CENTRAL: SR1E2Mu/Central/bjets/3/px in Skim_TriLep_MuonEG_D.root
2026-04-12 12:37:53,259 - INFO - [2016preVFP] MISSING_CENTRAL: SR1E2Mu/Central/bjets/3/px in Skim_TriLep_DYJets.root
2026-04-12 12:37:53,260 - INFO - [2016preVFP] MISSING_CENTRAL: SR1E2Mu/Central/bjets/3/px in Skim_TriLep_DYJets10to50.root
2026-04-12 12:37:53,285 - INFO - [2016preVFP] MISSING_CENTRAL: SR1E2Mu/Central/bjets/3/px in Skim_TriLep_WWG.root
2026-04-12 12:37:53,404 - INFO - [2016preVFP] MISSING_CENTRAL: SR1E2Mu/Central/bjets/3/px in Skim_TriLep_WWW.root
2026-04-12 12:37:53,493 - INFO - [2016preVFP] MISSING_CENTRAL: SR1E2Mu/Central/bjets/3/px in Skim_TriLep_ggHToZZTo4L.root
2026-04-12 12:37:53,494 - INFO - [2016postVFP] MISSING_CENTRAL: SR1E2Mu/Central/bjets/3/px in Skim_TriLep_MuonEG_F.root
2026-04-12 12:37:53,495 - INFO - [2016postVFP] MISSING_CENTRAL: SR1E2Mu/Central/bjets/3/px in Skim_TriLep_MuonEG_G.root
2026-04-12 12:37:53,496 - INFO - [2016postVFP] MISSING_CENTRAL: SR1E2Mu/Central/bjets/3/px in Skim_TriLep_DYJets.root
2026-04-12 12:37:53,497 - INFO - [2016postVFP] MISSING_CENTRAL: SR1E2Mu/Central/bjets/3/px in Skim_TriLep_DYJets10to50.root
2026-04-12 12:37:53,497 - INFO - [2016postVFP] MISSING_CENTRAL: SR1E2Mu/Central/bjets/3/px in Skim_TriLep_TTG.root
2026-04-12 12:37:53,498 - INFO - [2016postVFP] MISSING_CENTRAL: SR1E2Mu/Central/bjets/3/px in Skim_TriLep_WWG.root
2026-04-12 12:37:53,625 - INFO - [2016postVFP] MISSING_CENTRAL: SR1E2Mu/Central/bjets/3/px in Skim_TriLep_WWW.root
2026-04-12 12:37:53,746 - INFO - [2017] MISSING_CENTRAL: SR1E2Mu/Central/bjets/3/px in Skim_TriLep_MuonEG_E.root
2026-04-12 12:37:53,748 - INFO - [2017] MISSING_CENTRAL: SR1E2Mu/Central/bjets/3/px in Skim_TriLep_DYJets.root
2026-04-12 12:37:53,748 - INFO - [2017] MISSING_CENTRAL: SR1E2Mu/Central/bjets/3/px in Skim_TriLep_DYJets10to50.root
2026-04-12 12:37:53,767 - INFO - [2017] MISSING_CENTRAL: SR1E2Mu/Central/bjets/3/px in Skim_TriLep_WWG.root
2026-04-12 12:37:53,897 - INFO - [2017] MISSING_CENTRAL: SR1E2Mu/Central/bjets/3/px in Skim_TriLep_WWW.root
2026-04-12 12:37:53,898 - INFO - [2017] MISSING_CENTRAL: SR1E2Mu/Central/bjets/3/px in Skim_TriLep_WWZ.root
2026-04-12 12:37:53,960 - INFO - [2017] MISSING_SYSTEMATIC: SR1E2Mu/JetEn_Down/bjets/3/px in Skim_TriLep_VBFHToZZTo4L.root
2026-04-12 12:37:53,976 - INFO - [2017] MISSING_CENTRAL: SR1E2Mu/Central/bjets/3/px in Skim_TriLep_ggHToZZTo4L.root
2026-04-12 12:37:53,979 - INFO - [2018] MISSING_CENTRAL: SR1E2Mu/Central/bjets/3/px in Skim_TriLep_MuonEG_C.root
2026-04-12 12:37:53,981 - INFO - [2018] MISSING_CENTRAL: SR1E2Mu/Central/bjets/3/px in Skim_TriLep_DYJets.root
2026-04-12 12:37:53,981 - INFO - [2018] MISSING_CENTRAL: SR1E2Mu/Central/bjets/3/px in Skim_TriLep_DYJets10to50.root
2026-04-12 12:37:54,001 - INFO - [2018] MISSING_CENTRAL: SR1E2Mu/Central/bjets/3/px in Skim_TriLep_WWG.root
2026-04-12 12:37:54,136 - INFO - [2018] MISSING_CENTRAL: SR1E2Mu/Central/bjets/3/px in Skim_TriLep_WWW.root
2026-04-12 12:37:54,219 - INFO - [2018] MISSING_SYSTEMATIC: SR1E2Mu/JetEn_Down/bjets/3/px in Skim_TriLep_VBFHToZZTo4L.root
2026-04-12 12:37:54,234 - INFO - [2018] MISSING_CENTRAL: SR1E2Mu/Central/bjets/3/px in Skim_TriLep_ggHToZZTo4L.root
2026-04-12 20:45:58,673 - INFO - [2016preVFP] MISSING_CENTRAL: SR1E2Mu/Central/bjets/3/px in Skim_TriLep_MuonEG_B.root
2026-04-12 20:45:58,674 - INFO - [2016preVFP] MISSING_CENTRAL: SR1E2Mu/Central/bjets/3/px in Skim_TriLep_MuonEG_C.root
2026-04-12 20:45:58,674 - INFO - [2016preVFP] MISSING_CENTRAL: SR1E2Mu/Central/bjets/3/px in Skim_TriLep_MuonEG_D.root
2026-04-12 20:45:58,675 - INFO - [2016preVFP] MISSING_CENTRAL: SR1E2Mu/Central/bjets/3/px in Skim_TriLep_MuonEG_E.root
2026-04-12 20:45:58,675 - INFO - [2016preVFP] MISSING_CENTRAL: SR1E2Mu/Central/bjets/3/px in Skim_TriLep_MuonEG_F.root
2026-04-12 20:45:58,676 - INFO - [2016postVFP] MISSING_CENTRAL: SR1E2Mu/Central/bjets/3/px in Skim_TriLep_MuonEG_F.root
2026-04-12 20:45:58,711 - INFO - [2016postVFP] MISSING_CENTRAL: SR1E2Mu/Central/bjets/3/px in Skim_TriLep_MuonEG_H.root
2026-04-12 20:45:58,744 - INFO - [2018] MISSING_CENTRAL: SR1E2Mu/Central/bjets/3/px in Skim_TriLep_MuonEG_C.root
2026-04-12 20:45:58,759 - INFO - [2016preVFP] MISSING_CENTRAL: SR1E2Mu/Central/bjets/3/px in Skim_TriLep_MuonEG_D.root
2026-04-12 20:45:58,762 - INFO - [2016preVFP] MISSING_CENTRAL: SR1E2Mu/Central/bjets/3/px in Skim_TriLep_DYJets.root
2026-04-12 20:45:58,762 - INFO - [2016preVFP] MISSING_CENTRAL: SR1E2Mu/Central/bjets/3/px in Skim_TriLep_DYJets10to50.root
2026-04-12 20:45:58,782 - INFO - [2016preVFP] MISSING_CENTRAL: SR1E2Mu/Central/bjets/3/px in Skim_TriLep_WWG.root
2026-04-12 20:45:58,912 - INFO - [2016preVFP] MISSING_CENTRAL: SR1E2Mu/Central/bjets/3/px in Skim_TriLep_WWW.root
2026-04-12 20:45:59,001 - INFO - [2016preVFP] MISSING_CENTRAL: SR1E2Mu/Central/bjets/3/px in Skim_TriLep_ggHToZZTo4L.root
2026-04-12 20:45:59,002 - INFO - [2016postVFP] MISSING_CENTRAL: SR1E2Mu/Central/bjets/3/px in Skim_TriLep_MuonEG_F.root
2026-04-12 20:45:59,003 - INFO - [2016postVFP] MISSING_CENTRAL: SR1E2Mu/Central/bjets/3/px in Skim_TriLep_MuonEG_G.root
2026-04-12 20:45:59,004 - INFO - [2016postVFP] MISSING_CENTRAL: SR1E2Mu/Central/bjets/3/px in Skim_TriLep_DYJets.root
2026-04-12 20:45:59,005 - INFO - [2016postVFP] MISSING_CENTRAL: SR1E2Mu/Central/bjets/3/px in Skim_TriLep_DYJets10to50.root
2026-04-12 20:45:59,005 - INFO - [2016postVFP] MISSING_CENTRAL: SR1E2Mu/Central/bjets/3/px in Skim_TriLep_TTG.root
2026-04-12 20:45:59,006 - INFO - [2016postVFP] MISSING_CENTRAL: SR1E2Mu/Central/bjets/3/px in Skim_TriLep_WWG.root
2026-04-12 20:45:59,134 - INFO - [2016postVFP] MISSING_CENTRAL: SR1E2Mu/Central/bjets/3/px in Skim_TriLep_WWW.root
2026-04-12 20:45:59,254 - INFO - [2017] MISSING_CENTRAL: SR1E2Mu/Central/bjets/3/px in Skim_TriLep_MuonEG_E.root
2026-04-12 20:45:59,256 - INFO - [2017] MISSING_CENTRAL: SR1E2Mu/Central/bjets/3/px in Skim_TriLep_DYJets.root
2026-04-12 20:45:59,257 - INFO - [2017] MISSING_CENTRAL: SR1E2Mu/Central/bjets/3/px in Skim_TriLep_DYJets10to50.root
2026-04-12 20:45:59,276 - INFO - [2017] MISSING_CENTRAL: SR1E2Mu/Central/bjets/3/px in Skim_TriLep_WWG.root
2026-04-12 20:45:59,407 - INFO - [2017] MISSING_CENTRAL: SR1E2Mu/Central/bjets/3/px in Skim_TriLep_WWW.root
2026-04-12 20:45:59,408 - INFO - [2017] MISSING_CENTRAL: SR1E2Mu/Central/bjets/3/px in Skim_TriLep_WWZ.root
2026-04-12 20:45:59,467 - INFO - [2017] MISSING_SYSTEMATIC: SR1E2Mu/JetEn_Down/bjets/3/px in Skim_TriLep_VBFHToZZTo4L.root
2026-04-12 20:45:59,482 - INFO - [2017] MISSING_CENTRAL: SR1E2Mu/Central/bjets/3/px in Skim_TriLep_ggHToZZTo4L.root
2026-04-12 20:45:59,485 - INFO - [2018] MISSING_CENTRAL: SR1E2Mu/Central/bjets/3/px in Skim_TriLep_MuonEG_C.root
2026-04-12 20:45:59,487 - INFO - [2018] MISSING_CENTRAL: SR1E2Mu/Central/bjets/3/px in Skim_TriLep_DYJets.root
2026-04-12 20:45:59,488 - INFO - [2018] MISSING_CENTRAL: SR1E2Mu/Central/bjets/3/px in Skim_TriLep_DYJets10to50.root
2026-04-12 20:45:59,507 - INFO - [2018] MISSING_CENTRAL: SR1E2Mu/Central/bjets/3/px in Skim_TriLep_WWG.root
2026-04-12 20:45:59,634 - INFO - [2018] MISSING_CENTRAL: SR1E2Mu/Central/bjets/3/px in Skim_TriLep_WWW.root
2026-04-12 20:45:59,709 - INFO - [2018] MISSING_SYSTEMATIC: SR1E2Mu/JetEn_Down/bjets/3/px in Skim_TriLep_VBFHToZZTo4L.root
2026-04-12 20:45:59,724 - INFO - [2018] MISSING_CENTRAL: SR1E2Mu/Central/bjets/3/px in Skim_TriLep_ggHToZZTo4L.root
2026-04-12 21:17:34,769 - INFO - [2016preVFP] MISSING_CENTRAL: SR1E2Mu/Central/bjets/3/px in Skim_TriLep_MuonEG_B.root
2026-04-12 21:17:34,769 - INFO - [2016preVFP] MISSING_CENTRAL: SR1E2Mu/Central/bjets/3/px in Skim_TriLep_MuonEG_C.root
2026-04-12 21:17:34,770 - INFO - [2016preVFP] MISSING_CENTRAL: SR1E2Mu/Central/bjets/3/px in Skim_TriLep_MuonEG_D.root
2026-04-12 21:17:34,770 - INFO - [2016preVFP] MISSING_CENTRAL: SR1E2Mu/Central/bjets/3/px in Skim_TriLep_MuonEG_E.root
2026-04-12 21:17:34,771 - INFO - [2016preVFP] MISSING_CENTRAL: SR1E2Mu/Central/bjets/3/px in Skim_TriLep_MuonEG_F.root
2026-04-12 21:17:34,771 - INFO - [2016postVFP] MISSING_CENTRAL: SR1E2Mu/Central/bjets/3/px in Skim_TriLep_MuonEG_F.root
2026-04-12 21:17:34,807 - INFO - [2016postVFP] MISSING_CENTRAL: SR1E2Mu/Central/bjets/3/px in Skim_TriLep_MuonEG_H.root
2026-04-12 21:17:34,841 - INFO - [2018] MISSING_CENTRAL: SR1E2Mu/Central/bjets/3/px in Skim_TriLep_MuonEG_C.root
2026-04-12 21:17:34,857 - INFO - [2016preVFP] MISSING_CENTRAL: SR1E2Mu/Central/bjets/3/px in Skim_TriLep_MuonEG_D.root
2026-04-12 21:17:34,859 - INFO - [2016preVFP] MISSING_CENTRAL: SR1E2Mu/Central/bjets/3/px in Skim_TriLep_DYJets.root
2026-04-12 21:17:34,860 - INFO - [2016preVFP] MISSING_CENTRAL: SR1E2Mu/Central/bjets/3/px in Skim_TriLep_DYJets10to50.root
2026-04-12 21:17:34,883 - INFO - [2016preVFP] MISSING_CENTRAL: SR1E2Mu/Central/bjets/3/px in Skim_TriLep_WWG.root
2026-04-12 21:17:35,000 - INFO - [2016preVFP] MISSING_CENTRAL: SR1E2Mu/Central/bjets/3/px in Skim_TriLep_WWW.root
2026-04-12 21:17:35,083 - INFO - [2016preVFP] MISSING_CENTRAL: SR1E2Mu/Central/bjets/3/px in Skim_TriLep_ggHToZZTo4L.root
2026-04-12 21:17:35,084 - INFO - [2016postVFP] MISSING_CENTRAL: SR1E2Mu/Central/bjets/3/px in Skim_TriLep_MuonEG_F.root
2026-04-12 21:17:35,085 - INFO - [2016postVFP] MISSING_CENTRAL: SR1E2Mu/Central/bjets/3/px in Skim_TriLep_MuonEG_G.root
2026-04-12 21:17:35,086 - INFO - [2016postVFP] MISSING_CENTRAL: SR1E2Mu/Central/bjets/3/px in Skim_TriLep_DYJets.root
2026-04-12 21:17:35,086 - INFO - [2016postVFP] MISSING_CENTRAL: SR1E2Mu/Central/bjets/3/px in Skim_TriLep_DYJets10to50.root
2026-04-12 21:17:35,087 - INFO - [2016postVFP] MISSING_CENTRAL: SR1E2Mu/Central/bjets/3/px in Skim_TriLep_TTG.root
2026-04-12 21:17:35,088 - INFO - [2016postVFP] MISSING_CENTRAL: SR1E2Mu/Central/bjets/3/px in Skim_TriLep_WWG.root
2026-04-12 21:17:35,205 - INFO - [2016postVFP] MISSING_CENTRAL: SR1E2Mu/Central/bjets/3/px in Skim_TriLep_WWW.root
2026-04-12 21:17:35,363 - INFO - [2017] MISSING_CENTRAL: SR1E2Mu/Central/bjets/3/px in Skim_TriLep_MuonEG_E.root
2026-04-12 21:17:35,365 - INFO - [2017] MISSING_CENTRAL: SR1E2Mu/Central/bjets/3/px in Skim_TriLep_DYJets.root
2026-04-12 21:17:35,366 - INFO - [2017] MISSING_CENTRAL: SR1E2Mu/Central/bjets/3/px in Skim_TriLep_DYJets10to50.root
2026-04-12 21:17:35,383 - INFO - [2017] MISSING_CENTRAL: SR1E2Mu/Central/bjets/3/px in Skim_TriLep_WWG.root
2026-04-12 21:17:35,517 - INFO - [2017] MISSING_CENTRAL: SR1E2Mu/Central/bjets/3/px in Skim_TriLep_WWW.root
2026-04-12 21:17:35,518 - INFO - [2017] MISSING_CENTRAL: SR1E2Mu/Central/bjets/3/px in Skim_TriLep_WWZ.root
2026-04-12 21:17:35,578 - INFO - [2017] MISSING_SYSTEMATIC: SR1E2Mu/JetEn_Down/bjets/3/px in Skim_TriLep_VBFHToZZTo4L.root
2026-04-12 21:17:35,593 - INFO - [2017] MISSING_CENTRAL: SR1E2Mu/Central/bjets/3/px in Skim_TriLep_ggHToZZTo4L.root
2026-04-12 21:17:35,597 - INFO - [2018] MISSING_CENTRAL: SR1E2Mu/Central/bjets/3/px in Skim_TriLep_MuonEG_C.root
2026-04-12 21:17:35,599 - INFO - [2018] MISSING_CENTRAL: SR1E2Mu/Central/bjets/3/px in Skim_TriLep_DYJets.root
2026-04-12 21:17:35,600 - INFO - [2018] MISSING_CENTRAL: SR1E2Mu/Central/bjets/3/px in Skim_TriLep_DYJets10to50.root
2026-04-12 21:17:35,620 - INFO - [2018] MISSING_CENTRAL: SR1E2Mu/Central/bjets/3/px in Skim_TriLep_WWG.root
2026-04-12 21:17:35,759 - INFO - [2018] MISSING_CENTRAL: SR1E2Mu/Central/bjets/3/px in Skim_TriLep_WWW.root
2026-04-12 21:17:35,842 - INFO - [2018] MISSING_SYSTEMATIC: SR1E2Mu/JetEn_Down/bjets/3/px in Skim_TriLep_VBFHToZZTo4L.root
2026-04-12 21:17:35,857 - INFO - [2018] MISSING_CENTRAL: SR1E2Mu/Central/bjets/3/px in Skim_TriLep_ggHToZZTo4L.root
2026-04-13 12:55:12,801 - INFO - [2016preVFP] MISSING_CENTRAL: SR1E2Mu/Central/bjets/3/px in Skim_TriLep_MuonEG_B.root
2026-04-13 12:55:12,802 - INFO - [2016preVFP] MISSING_CENTRAL: SR1E2Mu/Central/bjets/3/px in Skim_TriLep_MuonEG_C.root
2026-04-13 12:55:12,803 - INFO - [2016preVFP] MISSING_CENTRAL: SR1E2Mu/Central/bjets/3/px in Skim_TriLep_MuonEG_D.root
2026-04-13 12:55:12,803 - INFO - [2016preVFP] MISSING_CENTRAL: SR1E2Mu/Central/bjets/3/px in Skim_TriLep_MuonEG_E.root
2026-04-13 12:55:12,804 - INFO - [2016preVFP] MISSING_CENTRAL: SR1E2Mu/Central/bjets/3/px in Skim_TriLep_MuonEG_F.root
2026-04-13 12:55:12,804 - INFO - [2016postVFP] MISSING_CENTRAL: SR1E2Mu/Central/bjets/3/px in Skim_TriLep_MuonEG_F.root
2026-04-13 12:55:12,847 - INFO - [2016postVFP] MISSING_CENTRAL: SR1E2Mu/Central/bjets/3/px in Skim_TriLep_MuonEG_H.root
2026-04-13 12:55:12,880 - INFO - [2018] MISSING_CENTRAL: SR1E2Mu/Central/bjets/3/px in Skim_TriLep_MuonEG_C.root
2026-04-13 12:55:12,894 - INFO - [2016preVFP] MISSING_CENTRAL: SR1E2Mu/Central/bjets/3/px in Skim_TriLep_MuonEG_D.root
2026-04-13 12:55:12,896 - INFO - [2016preVFP] MISSING_CENTRAL: SR1E2Mu/Central/bjets/3/px in Skim_TriLep_DYJets.root
2026-04-13 12:55:12,897 - INFO - [2016preVFP] MISSING_CENTRAL: SR1E2Mu/Central/bjets/3/px in Skim_TriLep_DYJets10to50.root
2026-04-13 12:55:12,925 - INFO - [2016preVFP] MISSING_CENTRAL: SR1E2Mu/Central/bjets/3/px in Skim_TriLep_WWG.root
2026-04-13 12:55:13,076 - INFO - [2016preVFP] MISSING_CENTRAL: SR1E2Mu/Central/bjets/3/px in Skim_TriLep_WWW.root
2026-04-13 12:55:13,191 - INFO - [2016preVFP] MISSING_CENTRAL: SR1E2Mu/Central/bjets/3/px in Skim_TriLep_ggHToZZTo4L.root
2026-04-13 12:55:13,192 - INFO - [2016postVFP] MISSING_CENTRAL: SR1E2Mu/Central/bjets/3/px in Skim_TriLep_MuonEG_F.root
2026-04-13 12:55:13,192 - INFO - [2016postVFP] MISSING_CENTRAL: SR1E2Mu/Central/bjets/3/px in Skim_TriLep_MuonEG_G.root
2026-04-13 12:55:13,194 - INFO - [2016postVFP] MISSING_CENTRAL: SR1E2Mu/Central/bjets/3/px in Skim_TriLep_DYJets.root
2026-04-13 12:55:13,194 - INFO - [2016postVFP] MISSING_CENTRAL: SR1E2Mu/Central/bjets/3/px in Skim_TriLep_DYJets10to50.root
2026-04-13 12:55:13,195 - INFO - [2016postVFP] MISSING_CENTRAL: SR1E2Mu/Central/bjets/3/px in Skim_TriLep_TTG.root
2026-04-13 12:55:13,196 - INFO - [2016postVFP] MISSING_CENTRAL: SR1E2Mu/Central/bjets/3/px in Skim_TriLep_WWG.root
2026-04-13 12:55:13,359 - INFO - [2016postVFP] MISSING_CENTRAL: SR1E2Mu/Central/bjets/3/px in Skim_TriLep_WWW.root
2026-04-13 12:55:13,507 - INFO - [2017] MISSING_CENTRAL: SR1E2Mu/Central/bjets/3/px in Skim_TriLep_MuonEG_E.root
2026-04-13 12:55:13,509 - INFO - [2017] MISSING_CENTRAL: SR1E2Mu/Central/bjets/3/px in Skim_TriLep_DYJets.root
2026-04-13 12:55:13,510 - INFO - [2017] MISSING_CENTRAL: SR1E2Mu/Central/bjets/3/px in Skim_TriLep_DYJets10to50.root
2026-04-13 12:55:13,534 - INFO - [2017] MISSING_CENTRAL: SR1E2Mu/Central/bjets/3/px in Skim_TriLep_WWG.root
2026-04-13 12:55:13,700 - INFO - [2017] MISSING_CENTRAL: SR1E2Mu/Central/bjets/3/px in Skim_TriLep_WWW.root
2026-04-13 12:55:13,701 - INFO - [2017] MISSING_CENTRAL: SR1E2Mu/Central/bjets/3/px in Skim_TriLep_WWZ.root
2026-04-13 12:55:13,777 - INFO - [2017] MISSING_SYSTEMATIC: SR1E2Mu/JetEn_Down/bjets/3/px in Skim_TriLep_VBFHToZZTo4L.root
2026-04-13 12:55:13,794 - INFO - [2017] MISSING_CENTRAL: SR1E2Mu/Central/bjets/3/px in Skim_TriLep_ggHToZZTo4L.root
2026-04-13 12:55:13,798 - INFO - [2018] MISSING_CENTRAL: SR1E2Mu/Central/bjets/3/px in Skim_TriLep_MuonEG_C.root
2026-04-13 12:55:13,801 - INFO - [2018] MISSING_CENTRAL: SR1E2Mu/Central/bjets/3/px in Skim_TriLep_DYJets.root
2026-04-13 12:55:13,802 - INFO - [2018] MISSING_CENTRAL: SR1E2Mu/Central/bjets/3/px in Skim_TriLep_DYJets10to50.root
2026-04-13 12:55:13,826 - INFO - [2018] MISSING_CENTRAL: SR1E2Mu/Central/bjets/3/px in Skim_TriLep_WWG.root
2026-04-13 12:55:13,993 - INFO - [2018] MISSING_CENTRAL: SR1E2Mu/Central/bjets/3/px in Skim_TriLep_WWW.root
2026-04-13 12:55:14,091 - INFO - [2018] MISSING_SYSTEMATIC: SR1E2Mu/JetEn_Down/bjets/3/px in Skim_TriLep_VBFHToZZTo4L.root
2026-04-13 12:55:14,110 - INFO - [2018] MISSING_CENTRAL: SR1E2Mu/Central/bjets/3/px in Skim_TriLep_ggHToZZTo4L.root
2026-04-16 17:30:09,618 - INFO - [2016preVFP] MISSING_CENTRAL: SR1E2Mu/Central/bjets/3/px in Skim_TriLep_MuonEG_B.root
2026-04-16 17:30:09,618 - INFO - [2016preVFP] MISSING_CENTRAL: SR1E2Mu/Central/bjets/3/px in Skim_TriLep_MuonEG_C.root
2026-04-16 17:30:09,619 - INFO - [2016preVFP] MISSING_CENTRAL: SR1E2Mu/Central/bjets/3/px in Skim_TriLep_MuonEG_D.root
2026-04-16 17:30:09,619 - INFO - [2016preVFP] MISSING_CENTRAL: SR1E2Mu/Central/bjets/3/px in Skim_TriLep_MuonEG_E.root
2026-04-16 17:30:09,620 - INFO - [2016preVFP] MISSING_CENTRAL: SR1E2Mu/Central/bjets/3/px in Skim_TriLep_MuonEG_F.root
2026-04-16 17:30:09,620 - INFO - [2016postVFP] MISSING_CENTRAL: SR1E2Mu/Central/bjets/3/px in Skim_TriLep_MuonEG_F.root
2026-04-16 17:30:09,664 - INFO - [2016postVFP] MISSING_CENTRAL: SR1E2Mu/Central/bjets/3/px in Skim_TriLep_MuonEG_H.root
2026-04-16 17:30:09,700 - INFO - [2018] MISSING_CENTRAL: SR1E2Mu/Central/bjets/3/px in Skim_TriLep_MuonEG_C.root
2026-04-16 17:30:09,713 - INFO - [2016preVFP] MISSING_CENTRAL: SR1E2Mu/Central/bjets/3/px in Skim_TriLep_MuonEG_D.root
2026-04-16 17:30:09,716 - INFO - [2016preVFP] MISSING_CENTRAL: SR1E2Mu/Central/bjets/3/px in Skim_TriLep_DYJets.root
2026-04-16 17:30:09,716 - INFO - [2016preVFP] MISSING_CENTRAL: SR1E2Mu/Central/bjets/3/px in Skim_TriLep_DYJets10to50.root
2026-04-16 17:30:09,743 - INFO - [2016preVFP] MISSING_CENTRAL: SR1E2Mu/Central/bjets/3/px in Skim_TriLep_WWG.root
2026-04-16 17:30:09,886 - INFO - [2016preVFP] MISSING_CENTRAL: SR1E2Mu/Central/bjets/3/px in Skim_TriLep_WWW.root
2026-04-16 17:30:09,992 - INFO - [2016preVFP] MISSING_CENTRAL: SR1E2Mu/Central/bjets/3/px in Skim_TriLep_ggHToZZTo4L.root
2026-04-16 17:30:09,992 - INFO - [2016postVFP] MISSING_CENTRAL: SR1E2Mu/Central/bjets/3/px in Skim_TriLep_MuonEG_F.root
2026-04-16 17:30:09,993 - INFO - [2016postVFP] MISSING_CENTRAL: SR1E2Mu/Central/bjets/3/px in Skim_TriLep_MuonEG_G.root
2026-04-16 17:30:09,995 - INFO - [2016postVFP] MISSING_CENTRAL: SR1E2Mu/Central/bjets/3/px in Skim_TriLep_DYJets.root
2026-04-16 17:30:09,995 - INFO - [2016postVFP] MISSING_CENTRAL: SR1E2Mu/Central/bjets/3/px in Skim_TriLep_DYJets10to50.root
2026-04-16 17:30:09,996 - INFO - [2016postVFP] MISSING_CENTRAL: SR1E2Mu/Central/bjets/3/px in Skim_TriLep_TTG.root
2026-04-16 17:30:09,996 - INFO - [2016postVFP] MISSING_CENTRAL: SR1E2Mu/Central/bjets/3/px in Skim_TriLep_WWG.root
2026-04-16 17:30:10,151 - INFO - [2016postVFP] MISSING_CENTRAL: SR1E2Mu/Central/bjets/3/px in Skim_TriLep_WWW.root
2026-04-16 17:30:10,280 - INFO - [2017] MISSING_CENTRAL: SR1E2Mu/Central/bjets/3/px in Skim_TriLep_MuonEG_E.root
2026-04-16 17:30:10,282 - INFO - [2017] MISSING_CENTRAL: SR1E2Mu/Central/bjets/3/px in Skim_TriLep_DYJets.root
2026-04-16 17:30:10,283 - INFO - [2017] MISSING_CENTRAL: SR1E2Mu/Central/bjets/3/px in Skim_TriLep_DYJets10to50.root
2026-04-16 17:30:10,304 - INFO - [2017] MISSING_CENTRAL: SR1E2Mu/Central/bjets/3/px in Skim_TriLep_WWG.root
2026-04-16 17:30:10,458 - INFO - [2017] MISSING_CENTRAL: SR1E2Mu/Central/bjets/3/px in Skim_TriLep_WWW.root
2026-04-16 17:30:10,459 - INFO - [2017] MISSING_CENTRAL: SR1E2Mu/Central/bjets/3/px in Skim_TriLep_WWZ.root
2026-04-16 17:30:10,532 - INFO - [2017] MISSING_SYSTEMATIC: SR1E2Mu/JetEn_Down/bjets/3/px in Skim_TriLep_VBFHToZZTo4L.root
2026-04-16 17:30:10,549 - INFO - [2017] MISSING_CENTRAL: SR1E2Mu/Central/bjets/3/px in Skim_TriLep_ggHToZZTo4L.root
2026-04-16 17:30:10,552 - INFO - [2018] MISSING_CENTRAL: SR1E2Mu/Central/bjets/3/px in Skim_TriLep_MuonEG_C.root
2026-04-16 17:30:10,554 - INFO - [2018] MISSING_CENTRAL: SR1E2Mu/Central/bjets/3/px in Skim_TriLep_DYJets.root
2026-04-16 17:30:10,555 - INFO - [2018] MISSING_CENTRAL: SR1E2Mu/Central/bjets/3/px in Skim_TriLep_DYJets10to50.root
2026-04-16 17:30:10,578 - INFO - [2018] MISSING_CENTRAL: SR1E2Mu/Central/bjets/3/px in Skim_TriLep_WWG.root
2026-04-16 17:30:10,725 - INFO - [2018] MISSING_CENTRAL: SR1E2Mu/Central/bjets/3/px in Skim_TriLep_WWW.root
2026-04-16 17:30:10,788 - INFO - [2018] MISSING_SYSTEMATIC: SR1E2Mu/JetEn_Down/bjets/3/px in Skim_TriLep_VBFHToZZTo4L.root
2026-04-16 17:30:10,799 - INFO - [2018] MISSING_CENTRAL: SR1E2Mu/Central/bjets/3/px in Skim_TriLep_ggHToZZTo4L.root
2026-04-16 17:37:43,792 - INFO - [2016preVFP] MISSING_CENTRAL: SR1E2Mu/Central/bjets/3/px in Skim_TriLep_MuonEG_B.root
2026-04-16 17:37:43,793 - INFO - [2016preVFP] MISSING_CENTRAL: SR1E2Mu/Central/bjets/3/px in Skim_TriLep_MuonEG_C.root
2026-04-16 17:37:43,794 - INFO - [2016preVFP] MISSING_CENTRAL: SR1E2Mu/Central/bjets/3/px in Skim_TriLep_MuonEG_D.root
2026-04-16 17:37:43,794 - INFO - [2016preVFP] MISSING_CENTRAL: SR1E2Mu/Central/bjets/3/px in Skim_TriLep_MuonEG_E.root
2026-04-16 17:37:43,795 - INFO - [2016preVFP] MISSING_CENTRAL: SR1E2Mu/Central/bjets/3/px in Skim_TriLep_MuonEG_F.root
2026-04-16 17:37:43,795 - INFO - [2016postVFP] MISSING_CENTRAL: SR1E2Mu/Central/bjets/3/px in Skim_TriLep_MuonEG_F.root
2026-04-16 17:37:43,838 - INFO - [2016postVFP] MISSING_CENTRAL: SR1E2Mu/Central/bjets/3/px in Skim_TriLep_MuonEG_H.root
2026-04-16 17:37:43,872 - INFO - [2018] MISSING_CENTRAL: SR1E2Mu/Central/bjets/3/px in Skim_TriLep_MuonEG_C.root
2026-04-16 17:37:43,885 - INFO - [2016preVFP] MISSING_CENTRAL: SR1E2Mu/Central/bjets/3/px in Skim_TriLep_MuonEG_D.root
2026-04-16 17:37:43,888 - INFO - [2016preVFP] MISSING_CENTRAL: SR1E2Mu/Central/bjets/3/px in Skim_TriLep_DYJets.root
2026-04-16 17:37:43,889 - INFO - [2016preVFP] MISSING_CENTRAL: SR1E2Mu/Central/bjets/3/px in Skim_TriLep_DYJets10to50.root
2026-04-16 17:37:43,917 - INFO - [2016preVFP] MISSING_CENTRAL: SR1E2Mu/Central/bjets/3/px in Skim_TriLep_WWG.root
2026-04-16 17:37:44,065 - INFO - [2016preVFP] MISSING_CENTRAL: SR1E2Mu/Central/bjets/3/px in Skim_TriLep_WWW.root
2026-04-16 17:37:44,167 - INFO - [2016preVFP] MISSING_CENTRAL: SR1E2Mu/Central/bjets/3/px in Skim_TriLep_ggHToZZTo4L.root
2026-04-16 17:37:44,168 - INFO - [2016postVFP] MISSING_CENTRAL: SR1E2Mu/Central/bjets/3/px in Skim_TriLep_MuonEG_F.root
2026-04-16 17:37:44,168 - INFO - [2016postVFP] MISSING_CENTRAL: SR1E2Mu/Central/bjets/3/px in Skim_TriLep_MuonEG_G.root
2026-04-16 17:37:44,170 - INFO - [2016postVFP] MISSING_CENTRAL: SR1E2Mu/Central/bjets/3/px in Skim_TriLep_DYJets.root
2026-04-16 17:37:44,171 - INFO - [2016postVFP] MISSING_CENTRAL: SR1E2Mu/Central/bjets/3/px in Skim_TriLep_DYJets10to50.root
2026-04-16 17:37:44,171 - INFO - [2016postVFP] MISSING_CENTRAL: SR1E2Mu/Central/bjets/3/px in Skim_TriLep_TTG.root
2026-04-16 17:37:44,172 - INFO - [2016postVFP] MISSING_CENTRAL: SR1E2Mu/Central/bjets/3/px in Skim_TriLep_WWG.root
2026-04-16 17:37:44,391 - INFO - [2016postVFP] MISSING_CENTRAL: SR1E2Mu/Central/bjets/3/px in Skim_TriLep_WWW.root
2026-04-16 17:37:44,539 - INFO - [2017] MISSING_CENTRAL: SR1E2Mu/Central/bjets/3/px in Skim_TriLep_MuonEG_E.root
2026-04-16 17:37:44,541 - INFO - [2017] MISSING_CENTRAL: SR1E2Mu/Central/bjets/3/px in Skim_TriLep_DYJets.root
2026-04-16 17:37:44,541 - INFO - [2017] MISSING_CENTRAL: SR1E2Mu/Central/bjets/3/px in Skim_TriLep_DYJets10to50.root
2026-04-16 17:37:44,565 - INFO - [2017] MISSING_CENTRAL: SR1E2Mu/Central/bjets/3/px in Skim_TriLep_WWG.root
2026-04-16 17:37:44,737 - INFO - [2017] MISSING_CENTRAL: SR1E2Mu/Central/bjets/3/px in Skim_TriLep_WWW.root
2026-04-16 17:37:44,738 - INFO - [2017] MISSING_CENTRAL: SR1E2Mu/Central/bjets/3/px in Skim_TriLep_WWZ.root
2026-04-16 17:37:44,814 - INFO - [2017] MISSING_SYSTEMATIC: SR1E2Mu/JetEn_Down/bjets/3/px in Skim_TriLep_VBFHToZZTo4L.root
2026-04-16 17:37:44,832 - INFO - [2017] MISSING_CENTRAL: SR1E2Mu/Central/bjets/3/px in Skim_TriLep_ggHToZZTo4L.root
2026-04-16 17:37:44,835 - INFO - [2018] MISSING_CENTRAL: SR1E2Mu/Central/bjets/3/px in Skim_TriLep_MuonEG_C.root
2026-04-16 17:37:44,837 - INFO - [2018] MISSING_CENTRAL: SR1E2Mu/Central/bjets/3/px in Skim_TriLep_DYJets.root
2026-04-16 17:37:44,838 - INFO - [2018] MISSING_CENTRAL: SR1E2Mu/Central/bjets/3/px in Skim_TriLep_DYJets10to50.root
2026-04-16 17:37:44,853 - INFO - [2018] MISSING_CENTRAL: SR1E2Mu/Central/bjets/3/px in Skim_TriLep_WWG.root
2026-04-16 17:37:44,961 - INFO - [2018] MISSING_CENTRAL: SR1E2Mu/Central/bjets/3/px in Skim_TriLep_WWW.root
2026-04-16 17:37:45,028 - INFO - [2018] MISSING_SYSTEMATIC: SR1E2Mu/JetEn_Down/bjets/3/px in Skim_TriLep_VBFHToZZTo4L.root
2026-04-16 17:37:45,049 - INFO - [2018] MISSING_CENTRAL: SR1E2Mu/Central/bjets/3/px in Skim_TriLep_ggHToZZTo4L.root
2026-04-28 15:10:48,611 - INFO - [2016preVFP] MISSING_CENTRAL: SR1E2Mu/Central/bjets/3/px in Skim_TriLep_MuonEG_B.root
2026-04-28 15:10:48,612 - INFO - [2016preVFP] MISSING_CENTRAL: SR1E2Mu/Central/bjets/3/px in Skim_TriLep_MuonEG_C.root
2026-04-28 15:10:48,613 - INFO - [2016preVFP] MISSING_CENTRAL: SR1E2Mu/Central/bjets/3/px in Skim_TriLep_MuonEG_D.root
2026-04-28 15:10:48,613 - INFO - [2016preVFP] MISSING_CENTRAL: SR1E2Mu/Central/bjets/3/px in Skim_TriLep_MuonEG_E.root
2026-04-28 15:10:48,614 - INFO - [2016preVFP] MISSING_CENTRAL: SR1E2Mu/Central/bjets/3/px in Skim_TriLep_MuonEG_F.root
2026-04-28 15:10:48,614 - INFO - [2016postVFP] MISSING_CENTRAL: SR1E2Mu/Central/bjets/3/px in Skim_TriLep_MuonEG_F.root
2026-04-28 15:10:48,656 - INFO - [2016postVFP] MISSING_CENTRAL: SR1E2Mu/Central/bjets/3/px in Skim_TriLep_MuonEG_H.root
2026-04-28 15:10:48,693 - INFO - [2018] MISSING_CENTRAL: SR1E2Mu/Central/bjets/3/px in Skim_TriLep_MuonEG_C.root
2026-04-28 15:10:48,707 - INFO - [2016preVFP] MISSING_CENTRAL: SR1E2Mu/Central/bjets/3/px in Skim_TriLep_MuonEG_D.root
2026-04-28 15:10:48,709 - INFO - [2016preVFP] MISSING_CENTRAL: SR1E2Mu/Central/bjets/3/px in Skim_TriLep_DYJets.root
2026-04-28 15:10:48,710 - INFO - [2016preVFP] MISSING_CENTRAL: SR1E2Mu/Central/bjets/3/px in Skim_TriLep_DYJets10to50.root
2026-04-28 15:10:48,737 - INFO - [2016preVFP] MISSING_CENTRAL: SR1E2Mu/Central/bjets/3/px in Skim_TriLep_WWG.root
2026-04-28 15:10:48,890 - INFO - [2016preVFP] MISSING_CENTRAL: SR1E2Mu/Central/bjets/3/px in Skim_TriLep_WWW.root
2026-04-28 15:10:48,999 - INFO - [2016preVFP] MISSING_CENTRAL: SR1E2Mu/Central/bjets/3/px in Skim_TriLep_ggHToZZTo4L.root
2026-04-28 15:10:49,000 - INFO - [2016postVFP] MISSING_CENTRAL: SR1E2Mu/Central/bjets/3/px in Skim_TriLep_MuonEG_F.root
2026-04-28 15:10:49,000 - INFO - [2016postVFP] MISSING_CENTRAL: SR1E2Mu/Central/bjets/3/px in Skim_TriLep_MuonEG_G.root
2026-04-28 15:10:49,002 - INFO - [2016postVFP] MISSING_CENTRAL: SR1E2Mu/Central/bjets/3/px in Skim_TriLep_DYJets.root
2026-04-28 15:10:49,002 - INFO - [2016postVFP] MISSING_CENTRAL: SR1E2Mu/Central/bjets/3/px in Skim_TriLep_DYJets10to50.root
2026-04-28 15:10:49,003 - INFO - [2016postVFP] MISSING_CENTRAL: SR1E2Mu/Central/bjets/3/px in Skim_TriLep_TTG.root
2026-04-28 15:10:49,003 - INFO - [2016postVFP] MISSING_CENTRAL: SR1E2Mu/Central/bjets/3/px in Skim_TriLep_WWG.root
2026-04-28 15:10:49,156 - INFO - [2016postVFP] MISSING_CENTRAL: SR1E2Mu/Central/bjets/3/px in Skim_TriLep_WWW.root
2026-04-28 15:10:49,285 - INFO - [2017] MISSING_CENTRAL: SR1E2Mu/Central/bjets/3/px in Skim_TriLep_MuonEG_E.root
2026-04-28 15:10:49,287 - INFO - [2017] MISSING_CENTRAL: SR1E2Mu/Central/bjets/3/px in Skim_TriLep_DYJets.root
2026-04-28 15:10:49,287 - INFO - [2017] MISSING_CENTRAL: SR1E2Mu/Central/bjets/3/px in Skim_TriLep_DYJets10to50.root
2026-04-28 15:10:49,309 - INFO - [2017] MISSING_CENTRAL: SR1E2Mu/Central/bjets/3/px in Skim_TriLep_WWG.root
2026-04-28 15:10:49,466 - INFO - [2017] MISSING_CENTRAL: SR1E2Mu/Central/bjets/3/px in Skim_TriLep_WWW.root
2026-04-28 15:10:49,467 - INFO - [2017] MISSING_CENTRAL: SR1E2Mu/Central/bjets/3/px in Skim_TriLep_WWZ.root
2026-04-28 15:10:49,538 - INFO - [2017] MISSING_SYSTEMATIC: SR1E2Mu/JetEn_Down/bjets/3/px in Skim_TriLep_VBFHToZZTo4L.root
2026-04-28 15:10:49,554 - INFO - [2017] MISSING_CENTRAL: SR1E2Mu/Central/bjets/3/px in Skim_TriLep_ggHToZZTo4L.root
2026-04-28 15:10:49,558 - INFO - [2018] MISSING_CENTRAL: SR1E2Mu/Central/bjets/3/px in Skim_TriLep_MuonEG_C.root
2026-04-28 15:10:49,561 - INFO - [2018] MISSING_CENTRAL: SR1E2Mu/Central/bjets/3/px in Skim_TriLep_DYJets.root
2026-04-28 15:10:49,562 - INFO - [2018] MISSING_CENTRAL: SR1E2Mu/Central/bjets/3/px in Skim_TriLep_DYJets10to50.root
2026-04-28 15:10:49,586 - INFO - [2018] MISSING_CENTRAL: SR1E2Mu/Central/bjets/3/px in Skim_TriLep_WWG.root
2026-04-28 15:10:49,751 - INFO - [2018] MISSING_CENTRAL: SR1E2Mu/Central/bjets/3/px in Skim_TriLep_WWW.root
2026-04-28 15:10:49,846 - INFO - [2018] MISSING_SYSTEMATIC: SR1E2Mu/JetEn_Down/bjets/3/px in Skim_TriLep_VBFHToZZTo4L.root
2026-04-28 15:10:49,860 - INFO - [2018] MISSING_CENTRAL: SR1E2Mu/Central/bjets/3/px in Skim_TriLep_ggHToZZTo4L.root
2026-04-28 15:18:47,616 - INFO - [2016preVFP] MISSING_CENTRAL: SR1E2Mu/Central/bjets/3/px in Skim_TriLep_MuonEG_B.root
2026-04-28 15:18:47,617 - INFO - [2016preVFP] MISSING_CENTRAL: SR1E2Mu/Central/bjets/3/px in Skim_TriLep_MuonEG_C.root
2026-04-28 15:18:47,618 - INFO - [2016preVFP] MISSING_CENTRAL: SR1E2Mu/Central/bjets/3/px in Skim_TriLep_MuonEG_D.root
2026-04-28 15:18:47,618 - INFO - [2016preVFP] MISSING_CENTRAL: SR1E2Mu/Central/bjets/3/px in Skim_TriLep_MuonEG_E.root
2026-04-28 15:18:47,619 - INFO - [2016preVFP] MISSING_CENTRAL: SR1E2Mu/Central/bjets/3/px in Skim_TriLep_MuonEG_F.root
2026-04-28 15:18:47,620 - INFO - [2016postVFP] MISSING_CENTRAL: SR1E2Mu/Central/bjets/3/px in Skim_TriLep_MuonEG_F.root
2026-04-28 15:18:47,673 - INFO - [2016postVFP] MISSING_CENTRAL: SR1E2Mu/Central/bjets/3/px in Skim_TriLep_MuonEG_H.root
2026-04-28 15:18:47,717 - INFO - [2018] MISSING_CENTRAL: SR1E2Mu/Central/bjets/3/px in Skim_TriLep_MuonEG_C.root
2026-04-28 15:18:47,735 - INFO - [2016preVFP] MISSING_CENTRAL: SR1E2Mu/Central/bjets/3/px in Skim_TriLep_MuonEG_D.root
2026-04-28 15:18:47,738 - INFO - [2016preVFP] MISSING_CENTRAL: SR1E2Mu/Central/bjets/3/px in Skim_TriLep_DYJets.root
2026-04-28 15:18:47,739 - INFO - [2016preVFP] MISSING_CENTRAL: SR1E2Mu/Central/bjets/3/px in Skim_TriLep_DYJets10to50.root
2026-04-28 15:18:47,773 - INFO - [2016preVFP] MISSING_CENTRAL: SR1E2Mu/Central/bjets/3/px in Skim_TriLep_WWG.root
2026-04-28 15:18:47,941 - INFO - [2016preVFP] MISSING_CENTRAL: SR1E2Mu/Central/bjets/3/px in Skim_TriLep_WWW.root
2026-04-28 15:18:48,098 - INFO - [2016preVFP] MISSING_CENTRAL: SR1E2Mu/Central/bjets/3/px in Skim_TriLep_ggHToZZTo4L.root
2026-04-28 15:18:48,099 - INFO - [2016postVFP] MISSING_CENTRAL: SR1E2Mu/Central/bjets/3/px in Skim_TriLep_MuonEG_F.root
2026-04-28 15:18:48,100 - INFO - [2016postVFP] MISSING_CENTRAL: SR1E2Mu/Central/bjets/3/px in Skim_TriLep_MuonEG_G.root
2026-04-28 15:18:48,101 - INFO - [2016postVFP] MISSING_CENTRAL: SR1E2Mu/Central/bjets/3/px in Skim_TriLep_DYJets.root
2026-04-28 15:18:48,102 - INFO - [2016postVFP] MISSING_CENTRAL: SR1E2Mu/Central/bjets/3/px in Skim_TriLep_DYJets10to50.root
2026-04-28 15:18:48,102 - INFO - [2016postVFP] MISSING_CENTRAL: SR1E2Mu/Central/bjets/3/px in Skim_TriLep_TTG.root
2026-04-28 15:18:48,103 - INFO - [2016postVFP] MISSING_CENTRAL: SR1E2Mu/Central/bjets/3/px in Skim_TriLep_WWG.root
2026-04-28 15:18:48,276 - INFO - [2016postVFP] MISSING_CENTRAL: SR1E2Mu/Central/bjets/3/px in Skim_TriLep_WWW.root
2026-04-28 15:18:48,456 - INFO - [2017] MISSING_CENTRAL: SR1E2Mu/Central/bjets/3/px in Skim_TriLep_MuonEG_E.root
2026-04-28 15:18:48,458 - INFO - [2017] MISSING_CENTRAL: SR1E2Mu/Central/bjets/3/px in Skim_TriLep_DYJets.root
2026-04-28 15:18:48,459 - INFO - [2017] MISSING_CENTRAL: SR1E2Mu/Central/bjets/3/px in Skim_TriLep_DYJets10to50.root
2026-04-28 15:18:48,480 - INFO - [2017] MISSING_CENTRAL: SR1E2Mu/Central/bjets/3/px in Skim_TriLep_WWG.root
2026-04-28 15:18:48,639 - INFO - [2017] MISSING_CENTRAL: SR1E2Mu/Central/bjets/3/px in Skim_TriLep_WWW.root
2026-04-28 15:18:48,640 - INFO - [2017] MISSING_CENTRAL: SR1E2Mu/Central/bjets/3/px in Skim_TriLep_WWZ.root
2026-04-28 15:18:48,712 - INFO - [2017] MISSING_SYSTEMATIC: SR1E2Mu/JetEn_Down/bjets/3/px in Skim_TriLep_VBFHToZZTo4L.root
2026-04-28 15:18:48,728 - INFO - [2017] MISSING_CENTRAL: SR1E2Mu/Central/bjets/3/px in Skim_TriLep_ggHToZZTo4L.root
2026-04-28 15:18:48,732 - INFO - [2018] MISSING_CENTRAL: SR1E2Mu/Central/bjets/3/px in Skim_TriLep_MuonEG_C.root
2026-04-28 15:18:48,735 - INFO - [2018] MISSING_CENTRAL: SR1E2Mu/Central/bjets/3/px in Skim_TriLep_DYJets.root
2026-04-28 15:18:48,736 - INFO - [2018] MISSING_CENTRAL: SR1E2Mu/Central/bjets/3/px in Skim_TriLep_DYJets10to50.root
2026-04-28 15:18:48,758 - INFO - [2018] MISSING_CENTRAL: SR1E2Mu/Central/bjets/3/px in Skim_TriLep_WWG.root
2026-04-28 15:18:48,904 - INFO - [2018] MISSING_CENTRAL: SR1E2Mu/Central/bjets/3/px in Skim_TriLep_WWW.root
2026-04-28 15:18:48,999 - INFO - [2018] MISSING_SYSTEMATIC: SR1E2Mu/JetEn_Down/bjets/3/px in Skim_TriLep_VBFHToZZTo4L.root
2026-04-28 15:18:49,016 - INFO - [2018] MISSING_CENTRAL: SR1E2Mu/Central/bjets/3/px in Skim_TriLep_ggHToZZTo4L.root
2026-04-28 15:20:13,535 - INFO - [2016preVFP] MISSING_CENTRAL: SR1E2Mu/Central/bjets/3/px in Skim_TriLep_MuonEG_B.root
2026-04-28 15:20:13,536 - INFO - [2016preVFP] MISSING_CENTRAL: SR1E2Mu/Central/bjets/3/px in Skim_TriLep_MuonEG_C.root
2026-04-28 15:20:13,536 - INFO - [2016preVFP] MISSING_CENTRAL: SR1E2Mu/Central/bjets/3/px in Skim_TriLep_MuonEG_D.root
2026-04-28 15:20:13,537 - INFO - [2016preVFP] MISSING_CENTRAL: SR1E2Mu/Central/bjets/3/px in Skim_TriLep_MuonEG_E.root
2026-04-28 15:20:13,538 - INFO - [2016preVFP] MISSING_CENTRAL: SR1E2Mu/Central/bjets/3/px in Skim_TriLep_MuonEG_F.root
2026-04-28 15:20:13,538 - INFO - [2016postVFP] MISSING_CENTRAL: SR1E2Mu/Central/bjets/3/px in Skim_TriLep_MuonEG_F.root
2026-04-28 15:20:13,581 - INFO - [2016postVFP] MISSING_CENTRAL: SR1E2Mu/Central/bjets/3/px in Skim_TriLep_MuonEG_H.root
2026-04-28 15:20:13,616 - INFO - [2018] MISSING_CENTRAL: SR1E2Mu/Central/bjets/3/px in Skim_TriLep_MuonEG_C.root
2026-04-28 15:20:13,631 - INFO - [2016preVFP] MISSING_CENTRAL: SR1E2Mu/Central/bjets/3/px in Skim_TriLep_MuonEG_D.root
2026-04-28 15:20:13,633 - INFO - [2016preVFP] MISSING_CENTRAL: SR1E2Mu/Central/bjets/3/px in Skim_TriLep_DYJets.root
2026-04-28 15:20:13,634 - INFO - [2016preVFP] MISSING_CENTRAL: SR1E2Mu/Central/bjets/3/px in Skim_TriLep_DYJets10to50.root
2026-04-28 15:20:13,661 - INFO - [2016preVFP] MISSING_CENTRAL: SR1E2Mu/Central/bjets/3/px in Skim_TriLep_WWG.root
2026-04-28 15:20:13,807 - INFO - [2016preVFP] MISSING_CENTRAL: SR1E2Mu/Central/bjets/3/px in Skim_TriLep_WWW.root
2026-04-28 15:20:13,912 - INFO - [2016preVFP] MISSING_CENTRAL: SR1E2Mu/Central/bjets/3/px in Skim_TriLep_ggHToZZTo4L.root
2026-04-28 15:20:13,913 - INFO - [2016postVFP] MISSING_CENTRAL: SR1E2Mu/Central/bjets/3/px in Skim_TriLep_MuonEG_F.root
2026-04-28 15:20:13,913 - INFO - [2016postVFP] MISSING_CENTRAL: SR1E2Mu/Central/bjets/3/px in Skim_TriLep_MuonEG_G.root
2026-04-28 15:20:13,915 - INFO - [2016postVFP] MISSING_CENTRAL: SR1E2Mu/Central/bjets/3/px in Skim_TriLep_DYJets.root
2026-04-28 15:20:13,916 - INFO - [2016postVFP] MISSING_CENTRAL: SR1E2Mu/Central/bjets/3/px in Skim_TriLep_DYJets10to50.root
2026-04-28 15:20:13,916 - INFO - [2016postVFP] MISSING_CENTRAL: SR1E2Mu/Central/bjets/3/px in Skim_TriLep_TTG.root
2026-04-28 15:20:13,917 - INFO - [2016postVFP] MISSING_CENTRAL: SR1E2Mu/Central/bjets/3/px in Skim_TriLep_WWG.root
2026-04-28 15:20:14,065 - INFO - [2016postVFP] MISSING_CENTRAL: SR1E2Mu/Central/bjets/3/px in Skim_TriLep_WWW.root
2026-04-28 15:20:14,209 - INFO - [2017] MISSING_CENTRAL: SR1E2Mu/Central/bjets/3/px in Skim_TriLep_MuonEG_E.root
2026-04-28 15:20:14,211 - INFO - [2017] MISSING_CENTRAL: SR1E2Mu/Central/bjets/3/px in Skim_TriLep_DYJets.root
2026-04-28 15:20:14,212 - INFO - [2017] MISSING_CENTRAL: SR1E2Mu/Central/bjets/3/px in Skim_TriLep_DYJets10to50.root
2026-04-28 15:20:14,235 - INFO - [2017] MISSING_CENTRAL: SR1E2Mu/Central/bjets/3/px in Skim_TriLep_WWG.root
2026-04-28 15:20:14,396 - INFO - [2017] MISSING_CENTRAL: SR1E2Mu/Central/bjets/3/px in Skim_TriLep_WWW.root
2026-04-28 15:20:14,397 - INFO - [2017] MISSING_CENTRAL: SR1E2Mu/Central/bjets/3/px in Skim_TriLep_WWZ.root
2026-04-28 15:20:14,472 - INFO - [2017] MISSING_SYSTEMATIC: SR1E2Mu/JetEn_Down/bjets/3/px in Skim_TriLep_VBFHToZZTo4L.root
2026-04-28 15:20:14,489 - INFO - [2017] MISSING_CENTRAL: SR1E2Mu/Central/bjets/3/px in Skim_TriLep_ggHToZZTo4L.root
2026-04-28 15:20:14,492 - INFO - [2018] MISSING_CENTRAL: SR1E2Mu/Central/bjets/3/px in Skim_TriLep_MuonEG_C.root
2026-04-28 15:20:14,494 - INFO - [2018] MISSING_CENTRAL: SR1E2Mu/Central/bjets/3/px in Skim_TriLep_DYJets.root
2026-04-28 15:20:14,495 - INFO - [2018] MISSING_CENTRAL: SR1E2Mu/Central/bjets/3/px in Skim_TriLep_DYJets10to50.root
2026-04-28 15:20:14,518 - INFO - [2018] MISSING_CENTRAL: SR1E2Mu/Central/bjets/3/px in Skim_TriLep_WWG.root
2026-04-28 15:20:14,679 - INFO - [2018] MISSING_CENTRAL: SR1E2Mu/Central/bjets/3/px in Skim_TriLep_WWW.root
2026-04-28 15:20:14,776 - INFO - [2018] MISSING_SYSTEMATIC: SR1E2Mu/JetEn_Down/bjets/3/px in Skim_TriLep_VBFHToZZTo4L.root
2026-04-28 15:20:14,793 - INFO - [2018] MISSING_CENTRAL: SR1E2Mu/Central/bjets/3/px in Skim_TriLep_ggHToZZTo4L.root
2026-04-28 20:32:01,092 - INFO - [2016preVFP] MISSING_CENTRAL: SR1E2Mu/Central/bjets/3/px in Skim_TriLep_MuonEG_B.root
2026-04-28 20:32:01,092 - INFO - [2016preVFP] MISSING_CENTRAL: SR1E2Mu/Central/bjets/3/px in Skim_TriLep_MuonEG_C.root
2026-04-28 20:32:01,093 - INFO - [2016preVFP] MISSING_CENTRAL: SR1E2Mu/Central/bjets/3/px in Skim_TriLep_MuonEG_D.root
2026-04-28 20:32:01,093 - INFO - [2016preVFP] MISSING_CENTRAL: SR1E2Mu/Central/bjets/3/px in Skim_TriLep_MuonEG_E.root
2026-04-28 20:32:01,094 - INFO - [2016preVFP] MISSING_CENTRAL: SR1E2Mu/Central/bjets/3/px in Skim_TriLep_MuonEG_F.root
2026-04-28 20:32:01,094 - INFO - [2016postVFP] MISSING_CENTRAL: SR1E2Mu/Central/bjets/3/px in Skim_TriLep_MuonEG_F.root
2026-04-28 20:32:01,135 - INFO - [2016postVFP] MISSING_CENTRAL: SR1E2Mu/Central/bjets/3/px in Skim_TriLep_MuonEG_H.root
2026-04-28 20:32:01,169 - INFO - [2018] MISSING_CENTRAL: SR1E2Mu/Central/bjets/3/px in Skim_TriLep_MuonEG_C.root
2026-04-28 20:32:01,183 - INFO - [2016preVFP] MISSING_CENTRAL: SR1E2Mu/Central/bjets/3/px in Skim_TriLep_MuonEG_D.root
2026-04-28 20:32:01,185 - INFO - [2016preVFP] MISSING_CENTRAL: SR1E2Mu/Central/bjets/3/px in Skim_TriLep_DYJets.root
2026-04-28 20:32:01,186 - INFO - [2016preVFP] MISSING_CENTRAL: SR1E2Mu/Central/bjets/3/px in Skim_TriLep_DYJets10to50.root
2026-04-28 20:32:01,213 - INFO - [2016preVFP] MISSING_CENTRAL: SR1E2Mu/Central/bjets/3/px in Skim_TriLep_WWG.root
2026-04-28 20:32:01,355 - INFO - [2016preVFP] MISSING_CENTRAL: SR1E2Mu/Central/bjets/3/px in Skim_TriLep_WWW.root
2026-04-28 20:32:01,456 - INFO - [2016preVFP] MISSING_CENTRAL: SR1E2Mu/Central/bjets/3/px in Skim_TriLep_ggHToZZTo4L.root
2026-04-28 20:32:01,456 - INFO - [2016postVFP] MISSING_CENTRAL: SR1E2Mu/Central/bjets/3/px in Skim_TriLep_MuonEG_F.root
2026-04-28 20:32:01,457 - INFO - [2016postVFP] MISSING_CENTRAL: SR1E2Mu/Central/bjets/3/px in Skim_TriLep_MuonEG_G.root
2026-04-28 20:32:01,458 - INFO - [2016postVFP] MISSING_CENTRAL: SR1E2Mu/Central/bjets/3/px in Skim_TriLep_DYJets.root
2026-04-28 20:32:01,459 - INFO - [2016postVFP] MISSING_CENTRAL: SR1E2Mu/Central/bjets/3/px in Skim_TriLep_DYJets10to50.root
2026-04-28 20:32:01,459 - INFO - [2016postVFP] MISSING_CENTRAL: SR1E2Mu/Central/bjets/3/px in Skim_TriLep_TTG.root
2026-04-28 20:32:01,460 - INFO - [2016postVFP] MISSING_CENTRAL: SR1E2Mu/Central/bjets/3/px in Skim_TriLep_WWG.root
2026-04-28 20:32:01,605 - INFO - [2016postVFP] MISSING_CENTRAL: SR1E2Mu/Central/bjets/3/px in Skim_TriLep_WWW.root
2026-04-28 20:32:01,736 - INFO - [2017] MISSING_CENTRAL: SR1E2Mu/Central/bjets/3/px in Skim_TriLep_MuonEG_E.root
2026-04-28 20:32:01,739 - INFO - [2017] MISSING_CENTRAL: SR1E2Mu/Central/bjets/3/px in Skim_TriLep_DYJets.root
2026-04-28 20:32:01,739 - INFO - [2017] MISSING_CENTRAL: SR1E2Mu/Central/bjets/3/px in Skim_TriLep_DYJets10to50.root
2026-04-28 20:32:01,762 - INFO - [2017] MISSING_CENTRAL: SR1E2Mu/Central/bjets/3/px in Skim_TriLep_WWG.root
2026-04-28 20:32:01,920 - INFO - [2017] MISSING_CENTRAL: SR1E2Mu/Central/bjets/3/px in Skim_TriLep_WWW.root
2026-04-28 20:32:01,921 - INFO - [2017] MISSING_CENTRAL: SR1E2Mu/Central/bjets/3/px in Skim_TriLep_WWZ.root
2026-04-28 20:32:01,990 - INFO - [2017] MISSING_SYSTEMATIC: SR1E2Mu/JetEn_Down/bjets/3/px in Skim_TriLep_VBFHToZZTo4L.root
2026-04-28 20:32:02,006 - INFO - [2017] MISSING_CENTRAL: SR1E2Mu/Central/bjets/3/px in Skim_TriLep_ggHToZZTo4L.root
2026-04-28 20:32:02,009 - INFO - [2018] MISSING_CENTRAL: SR1E2Mu/Central/bjets/3/px in Skim_TriLep_MuonEG_C.root
2026-04-28 20:32:02,011 - INFO - [2018] MISSING_CENTRAL: SR1E2Mu/Central/bjets/3/px in Skim_TriLep_DYJets.root
2026-04-28 20:32:02,012 - INFO - [2018] MISSING_CENTRAL: SR1E2Mu/Central/bjets/3/px in Skim_TriLep_DYJets10to50.root
2026-04-28 20:32:02,034 - INFO - [2018] MISSING_CENTRAL: SR1E2Mu/Central/bjets/3/px in Skim_TriLep_WWG.root
2026-04-28 20:32:02,184 - INFO - [2018] MISSING_CENTRAL: SR1E2Mu/Central/bjets/3/px in Skim_TriLep_WWW.root
2026-04-28 20:32:02,278 - INFO - [2018] MISSING_SYSTEMATIC: SR1E2Mu/JetEn_Down/bjets/3/px in Skim_TriLep_VBFHToZZTo4L.root
2026-04-28 20:32:02,294 - INFO - [2018] MISSING_CENTRAL: SR1E2Mu/Central/bjets/3/px in Skim_TriLep_ggHToZZTo4L.root
2026-04-28 20:33:23,119 - INFO - [2016preVFP] MISSING_CENTRAL: SR1E2Mu/Central/bjets/3/px in Skim_TriLep_MuonEG_B.root
2026-04-28 20:33:23,119 - INFO - [2016preVFP] MISSING_CENTRAL: SR1E2Mu/Central/bjets/3/px in Skim_TriLep_MuonEG_C.root
2026-04-28 20:33:23,120 - INFO - [2016preVFP] MISSING_CENTRAL: SR1E2Mu/Central/bjets/3/px in Skim_TriLep_MuonEG_D.root
2026-04-28 20:33:23,120 - INFO - [2016preVFP] MISSING_CENTRAL: SR1E2Mu/Central/bjets/3/px in Skim_TriLep_MuonEG_E.root
2026-04-28 20:33:23,121 - INFO - [2016preVFP] MISSING_CENTRAL: SR1E2Mu/Central/bjets/3/px in Skim_TriLep_MuonEG_F.root
2026-04-28 20:33:23,121 - INFO - [2016postVFP] MISSING_CENTRAL: SR1E2Mu/Central/bjets/3/px in Skim_TriLep_MuonEG_F.root
2026-04-28 20:33:23,163 - INFO - [2016postVFP] MISSING_CENTRAL: SR1E2Mu/Central/bjets/3/px in Skim_TriLep_MuonEG_H.root
2026-04-28 20:33:23,198 - INFO - [2018] MISSING_CENTRAL: SR1E2Mu/Central/bjets/3/px in Skim_TriLep_MuonEG_C.root
2026-04-28 20:33:23,211 - INFO - [2016preVFP] MISSING_CENTRAL: SR1E2Mu/Central/bjets/3/px in Skim_TriLep_MuonEG_D.root
2026-04-28 20:33:23,214 - INFO - [2016preVFP] MISSING_CENTRAL: SR1E2Mu/Central/bjets/3/px in Skim_TriLep_DYJets.root
2026-04-28 20:33:23,214 - INFO - [2016preVFP] MISSING_CENTRAL: SR1E2Mu/Central/bjets/3/px in Skim_TriLep_DYJets10to50.root
2026-04-28 20:33:23,243 - INFO - [2016preVFP] MISSING_CENTRAL: SR1E2Mu/Central/bjets/3/px in Skim_TriLep_WWG.root
2026-04-28 20:33:23,395 - INFO - [2016preVFP] MISSING_CENTRAL: SR1E2Mu/Central/bjets/3/px in Skim_TriLep_WWW.root
2026-04-28 20:33:23,505 - INFO - [2016preVFP] MISSING_CENTRAL: SR1E2Mu/Central/bjets/3/px in Skim_TriLep_ggHToZZTo4L.root
2026-04-28 20:33:23,505 - INFO - [2016postVFP] MISSING_CENTRAL: SR1E2Mu/Central/bjets/3/px in Skim_TriLep_MuonEG_F.root
2026-04-28 20:33:23,506 - INFO - [2016postVFP] MISSING_CENTRAL: SR1E2Mu/Central/bjets/3/px in Skim_TriLep_MuonEG_G.root
2026-04-28 20:33:23,508 - INFO - [2016postVFP] MISSING_CENTRAL: SR1E2Mu/Central/bjets/3/px in Skim_TriLep_DYJets.root
2026-04-28 20:33:23,508 - INFO - [2016postVFP] MISSING_CENTRAL: SR1E2Mu/Central/bjets/3/px in Skim_TriLep_DYJets10to50.root
2026-04-28 20:33:23,509 - INFO - [2016postVFP] MISSING_CENTRAL: SR1E2Mu/Central/bjets/3/px in Skim_TriLep_TTG.root
2026-04-28 20:33:23,509 - INFO - [2016postVFP] MISSING_CENTRAL: SR1E2Mu/Central/bjets/3/px in Skim_TriLep_WWG.root
2026-04-28 20:33:23,665 - INFO - [2016postVFP] MISSING_CENTRAL: SR1E2Mu/Central/bjets/3/px in Skim_TriLep_WWW.root
2026-04-28 20:33:23,803 - INFO - [2017] MISSING_CENTRAL: SR1E2Mu/Central/bjets/3/px in Skim_TriLep_MuonEG_E.root
2026-04-28 20:33:23,805 - INFO - [2017] MISSING_CENTRAL: SR1E2Mu/Central/bjets/3/px in Skim_TriLep_DYJets.root
2026-04-28 20:33:23,806 - INFO - [2017] MISSING_CENTRAL: SR1E2Mu/Central/bjets/3/px in Skim_TriLep_DYJets10to50.root
2026-04-28 20:33:23,828 - INFO - [2017] MISSING_CENTRAL: SR1E2Mu/Central/bjets/3/px in Skim_TriLep_WWG.root
2026-04-28 20:33:23,988 - INFO - [2017] MISSING_CENTRAL: SR1E2Mu/Central/bjets/3/px in Skim_TriLep_WWW.root
2026-04-28 20:33:23,989 - INFO - [2017] MISSING_CENTRAL: SR1E2Mu/Central/bjets/3/px in Skim_TriLep_WWZ.root
2026-04-28 20:33:24,063 - INFO - [2017] MISSING_SYSTEMATIC: SR1E2Mu/JetEn_Down/bjets/3/px in Skim_TriLep_VBFHToZZTo4L.root
2026-04-28 20:33:24,081 - INFO - [2017] MISSING_CENTRAL: SR1E2Mu/Central/bjets/3/px in Skim_TriLep_ggHToZZTo4L.root
2026-04-28 20:33:24,084 - INFO - [2018] MISSING_CENTRAL: SR1E2Mu/Central/bjets/3/px in Skim_TriLep_MuonEG_C.root
2026-04-28 20:33:24,086 - INFO - [2018] MISSING_CENTRAL: SR1E2Mu/Central/bjets/3/px in Skim_TriLep_DYJets.root
2026-04-28 20:33:24,087 - INFO - [2018] MISSING_CENTRAL: SR1E2Mu/Central/bjets/3/px in Skim_TriLep_DYJets10to50.root
2026-04-28 20:33:24,110 - INFO - [2018] MISSING_CENTRAL: SR1E2Mu/Central/bjets/3/px in Skim_TriLep_WWG.root
2026-04-28 20:33:24,274 - INFO - [2018] MISSING_CENTRAL: SR1E2Mu/Central/bjets/3/px in Skim_TriLep_WWW.root
2026-04-28 20:33:24,370 - INFO - [2018] MISSING_SYSTEMATIC: SR1E2Mu/JetEn_Down/bjets/3/px in Skim_TriLep_VBFHToZZTo4L.root
2026-04-28 20:33:24,387 - INFO - [2018] MISSING_CENTRAL: SR1E2Mu/Central/bjets/3/px in Skim_TriLep_ggHToZZTo4L.root
2026-05-04 15:21:23,709 - INFO - [2016preVFP] MISSING_CENTRAL: SR1E2Mu/Central/bjets/3/px in Skim_TriLep_MuonEG_B.root
2026-05-04 15:21:23,710 - INFO - [2016preVFP] MISSING_CENTRAL: SR1E2Mu/Central/bjets/3/px in Skim_TriLep_MuonEG_C.root
2026-05-04 15:21:23,711 - INFO - [2016preVFP] MISSING_CENTRAL: SR1E2Mu/Central/bjets/3/px in Skim_TriLep_MuonEG_D.root
2026-05-04 15:21:23,711 - INFO - [2016preVFP] MISSING_CENTRAL: SR1E2Mu/Central/bjets/3/px in Skim_TriLep_MuonEG_E.root
2026-05-04 15:21:23,712 - INFO - [2016preVFP] MISSING_CENTRAL: SR1E2Mu/Central/bjets/3/px in Skim_TriLep_MuonEG_F.root
2026-05-04 15:21:23,712 - INFO - [2016postVFP] MISSING_CENTRAL: SR1E2Mu/Central/bjets/3/px in Skim_TriLep_MuonEG_F.root
2026-05-04 15:21:23,755 - INFO - [2016postVFP] MISSING_CENTRAL: SR1E2Mu/Central/bjets/3/px in Skim_TriLep_MuonEG_H.root
2026-05-04 15:21:23,787 - INFO - [2018] MISSING_CENTRAL: SR1E2Mu/Central/bjets/3/px in Skim_TriLep_MuonEG_C.root
2026-05-04 15:21:23,800 - INFO - [2016preVFP] MISSING_CENTRAL: SR1E2Mu/Central/bjets/3/px in Skim_TriLep_MuonEG_D.root
2026-05-04 15:21:23,802 - INFO - [2016preVFP] MISSING_CENTRAL: SR1E2Mu/Central/bjets/3/px in Skim_TriLep_DYJets.root
2026-05-04 15:21:23,802 - INFO - [2016preVFP] MISSING_CENTRAL: SR1E2Mu/Central/bjets/3/px in Skim_TriLep_DYJets10to50.root
2026-05-04 15:21:23,825 - INFO - [2016preVFP] MISSING_CENTRAL: SR1E2Mu/Central/bjets/3/px in Skim_TriLep_WWG.root
2026-05-04 15:21:23,957 - INFO - [2016preVFP] MISSING_CENTRAL: SR1E2Mu/Central/bjets/3/px in Skim_TriLep_WWW.root
2026-05-04 15:21:24,061 - INFO - [2016preVFP] MISSING_CENTRAL: SR1E2Mu/Central/bjets/3/px in Skim_TriLep_ggHToZZTo4L.root
2026-05-04 15:21:24,062 - INFO - [2016postVFP] MISSING_CENTRAL: SR1E2Mu/Central/bjets/3/px in Skim_TriLep_MuonEG_F.root
2026-05-04 15:21:24,063 - INFO - [2016postVFP] MISSING_CENTRAL: SR1E2Mu/Central/bjets/3/px in Skim_TriLep_MuonEG_G.root
2026-05-04 15:21:24,064 - INFO - [2016postVFP] MISSING_CENTRAL: SR1E2Mu/Central/bjets/3/px in Skim_TriLep_DYJets.root
2026-05-04 15:21:24,065 - INFO - [2016postVFP] MISSING_CENTRAL: SR1E2Mu/Central/bjets/3/px in Skim_TriLep_DYJets10to50.root
2026-05-04 15:21:24,065 - INFO - [2016postVFP] MISSING_CENTRAL: SR1E2Mu/Central/bjets/3/px in Skim_TriLep_TTG.root
2026-05-04 15:21:24,066 - INFO - [2016postVFP] MISSING_CENTRAL: SR1E2Mu/Central/bjets/3/px in Skim_TriLep_WWG.root
2026-05-04 15:21:24,213 - INFO - [2016postVFP] MISSING_CENTRAL: SR1E2Mu/Central/bjets/3/px in Skim_TriLep_WWW.root
2026-05-04 15:21:24,345 - INFO - [2017] MISSING_CENTRAL: SR1E2Mu/Central/bjets/3/px in Skim_TriLep_MuonEG_E.root
2026-05-04 15:21:24,347 - INFO - [2017] MISSING_CENTRAL: SR1E2Mu/Central/bjets/3/px in Skim_TriLep_DYJets.root
2026-05-04 15:21:24,348 - INFO - [2017] MISSING_CENTRAL: SR1E2Mu/Central/bjets/3/px in Skim_TriLep_DYJets10to50.root
2026-05-04 15:21:24,370 - INFO - [2017] MISSING_CENTRAL: SR1E2Mu/Central/bjets/3/px in Skim_TriLep_WWG.root
2026-05-04 15:21:24,519 - INFO - [2017] MISSING_CENTRAL: SR1E2Mu/Central/bjets/3/px in Skim_TriLep_WWW.root
2026-05-04 15:21:24,519 - INFO - [2017] MISSING_CENTRAL: SR1E2Mu/Central/bjets/3/px in Skim_TriLep_WWZ.root
2026-05-04 15:21:24,590 - INFO - [2017] MISSING_SYSTEMATIC: SR1E2Mu/JetEn_Down/bjets/3/px in Skim_TriLep_VBFHToZZTo4L.root
2026-05-04 15:21:24,608 - INFO - [2017] MISSING_CENTRAL: SR1E2Mu/Central/bjets/3/px in Skim_TriLep_ggHToZZTo4L.root
2026-05-04 15:21:24,610 - INFO - [2018] MISSING_CENTRAL: SR1E2Mu/Central/bjets/3/px in Skim_TriLep_MuonEG_C.root
2026-05-04 15:21:24,613 - INFO - [2018] MISSING_CENTRAL: SR1E2Mu/Central/bjets/3/px in Skim_TriLep_DYJets.root
2026-05-04 15:21:24,613 - INFO - [2018] MISSING_CENTRAL: SR1E2Mu/Central/bjets/3/px in Skim_TriLep_DYJets10to50.root
2026-05-04 15:21:24,637 - INFO - [2018] MISSING_CENTRAL: SR1E2Mu/Central/bjets/3/px in Skim_TriLep_WWG.root
2026-05-04 15:21:24,803 - INFO - [2018] MISSING_CENTRAL: SR1E2Mu/Central/bjets/3/px in Skim_TriLep_WWW.root
2026-05-04 15:21:24,902 - INFO - [2018] MISSING_SYSTEMATIC: SR1E2Mu/JetEn_Down/bjets/3/px in Skim_TriLep_VBFHToZZTo4L.root
2026-05-04 15:21:24,920 - INFO - [2018] MISSING_CENTRAL: SR1E2Mu/Central/bjets/3/px in Skim_TriLep_ggHToZZTo4L.root
2026-05-04 15:38:25,245 - INFO - [2016preVFP] MISSING_CENTRAL: SR1E2Mu/Central/bjets/3/px in Skim_TriLep_MuonEG_B.root
2026-05-04 15:38:25,246 - INFO - [2016preVFP] MISSING_CENTRAL: SR1E2Mu/Central/bjets/3/px in Skim_TriLep_MuonEG_C.root
2026-05-04 15:38:25,247 - INFO - [2016preVFP] MISSING_CENTRAL: SR1E2Mu/Central/bjets/3/px in Skim_TriLep_MuonEG_D.root
2026-05-04 15:38:25,247 - INFO - [2016preVFP] MISSING_CENTRAL: SR1E2Mu/Central/bjets/3/px in Skim_TriLep_MuonEG_E.root
2026-05-04 15:38:25,248 - INFO - [2016preVFP] MISSING_CENTRAL: SR1E2Mu/Central/bjets/3/px in Skim_TriLep_MuonEG_F.root
2026-05-04 15:38:25,248 - INFO - [2016postVFP] MISSING_CENTRAL: SR1E2Mu/Central/bjets/3/px in Skim_TriLep_MuonEG_F.root
2026-05-04 15:38:25,291 - INFO - [2016postVFP] MISSING_CENTRAL: SR1E2Mu/Central/bjets/3/px in Skim_TriLep_MuonEG_H.root
2026-05-04 15:38:25,327 - INFO - [2018] MISSING_CENTRAL: SR1E2Mu/Central/bjets/3/px in Skim_TriLep_MuonEG_C.root
2026-05-04 15:38:25,343 - INFO - [2016preVFP] MISSING_CENTRAL: SR1E2Mu/Central/bjets/3/px in Skim_TriLep_MuonEG_D.root
2026-05-04 15:38:25,345 - INFO - [2016preVFP] MISSING_CENTRAL: SR1E2Mu/Central/bjets/3/px in Skim_TriLep_DYJets.root
2026-05-04 15:38:25,346 - INFO - [2016preVFP] MISSING_CENTRAL: SR1E2Mu/Central/bjets/3/px in Skim_TriLep_DYJets10to50.root
2026-05-04 15:38:25,375 - INFO - [2016preVFP] MISSING_CENTRAL: SR1E2Mu/Central/bjets/3/px in Skim_TriLep_WWG.root
2026-05-04 15:38:25,537 - INFO - [2016preVFP] MISSING_CENTRAL: SR1E2Mu/Central/bjets/3/px in Skim_TriLep_WWW.root
2026-05-04 15:38:25,708 - INFO - [2016preVFP] MISSING_CENTRAL: SR1E2Mu/Central/bjets/3/px in Skim_TriLep_ggHToZZTo4L.root
2026-05-04 15:38:25,709 - INFO - [2016postVFP] MISSING_CENTRAL: SR1E2Mu/Central/bjets/3/px in Skim_TriLep_MuonEG_F.root
2026-05-04 15:38:25,709 - INFO - [2016postVFP] MISSING_CENTRAL: SR1E2Mu/Central/bjets/3/px in Skim_TriLep_MuonEG_G.root
2026-05-04 15:38:25,711 - INFO - [2016postVFP] MISSING_CENTRAL: SR1E2Mu/Central/bjets/3/px in Skim_TriLep_DYJets.root
2026-05-04 15:38:25,711 - INFO - [2016postVFP] MISSING_CENTRAL: SR1E2Mu/Central/bjets/3/px in Skim_TriLep_DYJets10to50.root
2026-05-04 15:38:25,712 - INFO - [2016postVFP] MISSING_CENTRAL: SR1E2Mu/Central/bjets/3/px in Skim_TriLep_TTG.root
2026-05-04 15:38:25,712 - INFO - [2016postVFP] MISSING_CENTRAL: SR1E2Mu/Central/bjets/3/px in Skim_TriLep_WWG.root
2026-05-04 15:38:25,869 - INFO - [2016postVFP] MISSING_CENTRAL: SR1E2Mu/Central/bjets/3/px in Skim_TriLep_WWW.root
2026-05-04 15:38:26,006 - INFO - [2017] MISSING_CENTRAL: SR1E2Mu/Central/bjets/3/px in Skim_TriLep_MuonEG_E.root
2026-05-04 15:38:26,008 - INFO - [2017] MISSING_CENTRAL: SR1E2Mu/Central/bjets/3/px in Skim_TriLep_DYJets.root
2026-05-04 15:38:26,009 - INFO - [2017] MISSING_CENTRAL: SR1E2Mu/Central/bjets/3/px in Skim_TriLep_DYJets10to50.root
2026-05-04 15:38:26,032 - INFO - [2017] MISSING_CENTRAL: SR1E2Mu/Central/bjets/3/px in Skim_TriLep_WWG.root
2026-05-04 15:38:26,199 - INFO - [2017] MISSING_CENTRAL: SR1E2Mu/Central/bjets/3/px in Skim_TriLep_WWW.root
2026-05-04 15:38:26,200 - INFO - [2017] MISSING_CENTRAL: SR1E2Mu/Central/bjets/3/px in Skim_TriLep_WWZ.root
2026-05-04 15:38:26,264 - INFO - [2017] MISSING_SYSTEMATIC: SR1E2Mu/JetEn_Down/bjets/3/px in Skim_TriLep_VBFHToZZTo4L.root
2026-05-04 15:38:26,279 - INFO - [2017] MISSING_CENTRAL: SR1E2Mu/Central/bjets/3/px in Skim_TriLep_ggHToZZTo4L.root
2026-05-04 15:38:26,281 - INFO - [2018] MISSING_CENTRAL: SR1E2Mu/Central/bjets/3/px in Skim_TriLep_MuonEG_C.root
2026-05-04 15:38:26,283 - INFO - [2018] MISSING_CENTRAL: SR1E2Mu/Central/bjets/3/px in Skim_TriLep_DYJets.root
2026-05-04 15:38:26,284 - INFO - [2018] MISSING_CENTRAL: SR1E2Mu/Central/bjets/3/px in Skim_TriLep_DYJets10to50.root
2026-05-04 15:38:26,302 - INFO - [2018] MISSING_CENTRAL: SR1E2Mu/Central/bjets/3/px in Skim_TriLep_WWG.root
2026-05-04 15:38:26,406 - INFO - [2018] MISSING_CENTRAL: SR1E2Mu/Central/bjets/3/px in Skim_TriLep_WWW.root
2026-05-04 15:38:26,468 - INFO - [2018] MISSING_SYSTEMATIC: SR1E2Mu/JetEn_Down/bjets/3/px in Skim_TriLep_VBFHToZZTo4L.root
2026-05-04 15:38:26,480 - INFO - [2018] MISSING_CENTRAL: SR1E2Mu/Central/bjets/3/px in Skim_TriLep_ggHToZZTo4L.root
2026-05-04 15:39:56,166 - INFO - [2016preVFP] MISSING_CENTRAL: SR1E2Mu/Central/bjets/3/px in Skim_TriLep_MuonEG_B.root
2026-05-04 15:39:56,167 - INFO - [2016preVFP] MISSING_CENTRAL: SR1E2Mu/Central/bjets/3/px in Skim_TriLep_MuonEG_C.root
2026-05-04 15:39:56,168 - INFO - [2016preVFP] MISSING_CENTRAL: SR1E2Mu/Central/bjets/3/px in Skim_TriLep_MuonEG_D.root
2026-05-04 15:39:56,168 - INFO - [2016preVFP] MISSING_CENTRAL: SR1E2Mu/Central/bjets/3/px in Skim_TriLep_MuonEG_E.root
2026-05-04 15:39:56,169 - INFO - [2016preVFP] MISSING_CENTRAL: SR1E2Mu/Central/bjets/3/px in Skim_TriLep_MuonEG_F.root
2026-05-04 15:39:56,170 - INFO - [2016postVFP] MISSING_CENTRAL: SR1E2Mu/Central/bjets/3/px in Skim_TriLep_MuonEG_F.root
2026-05-04 15:39:56,213 - INFO - [2016postVFP] MISSING_CENTRAL: SR1E2Mu/Central/bjets/3/px in Skim_TriLep_MuonEG_H.root
2026-05-04 15:39:56,252 - INFO - [2018] MISSING_CENTRAL: SR1E2Mu/Central/bjets/3/px in Skim_TriLep_MuonEG_C.root
2026-05-04 15:39:56,266 - INFO - [2016preVFP] MISSING_CENTRAL: SR1E2Mu/Central/bjets/3/px in Skim_TriLep_MuonEG_D.root
2026-05-04 15:39:56,268 - INFO - [2016preVFP] MISSING_CENTRAL: SR1E2Mu/Central/bjets/3/px in Skim_TriLep_DYJets.root
2026-05-04 15:39:56,269 - INFO - [2016preVFP] MISSING_CENTRAL: SR1E2Mu/Central/bjets/3/px in Skim_TriLep_DYJets10to50.root
2026-05-04 15:39:56,297 - INFO - [2016preVFP] MISSING_CENTRAL: SR1E2Mu/Central/bjets/3/px in Skim_TriLep_WWG.root
2026-05-04 15:39:56,445 - INFO - [2016preVFP] MISSING_CENTRAL: SR1E2Mu/Central/bjets/3/px in Skim_TriLep_WWW.root
2026-05-04 15:39:56,546 - INFO - [2016preVFP] MISSING_CENTRAL: SR1E2Mu/Central/bjets/3/px in Skim_TriLep_ggHToZZTo4L.root
2026-05-04 15:39:56,546 - INFO - [2016postVFP] MISSING_CENTRAL: SR1E2Mu/Central/bjets/3/px in Skim_TriLep_MuonEG_F.root
2026-05-04 15:39:56,547 - INFO - [2016postVFP] MISSING_CENTRAL: SR1E2Mu/Central/bjets/3/px in Skim_TriLep_MuonEG_G.root
2026-05-04 15:39:56,548 - INFO - [2016postVFP] MISSING_CENTRAL: SR1E2Mu/Central/bjets/3/px in Skim_TriLep_DYJets.root
2026-05-04 15:39:56,549 - INFO - [2016postVFP] MISSING_CENTRAL: SR1E2Mu/Central/bjets/3/px in Skim_TriLep_DYJets10to50.root
2026-05-04 15:39:56,549 - INFO - [2016postVFP] MISSING_CENTRAL: SR1E2Mu/Central/bjets/3/px in Skim_TriLep_TTG.root
2026-05-04 15:39:56,550 - INFO - [2016postVFP] MISSING_CENTRAL: SR1E2Mu/Central/bjets/3/px in Skim_TriLep_WWG.root
2026-05-04 15:39:56,738 - INFO - [2016postVFP] MISSING_CENTRAL: SR1E2Mu/Central/bjets/3/px in Skim_TriLep_WWW.root
2026-05-04 15:39:56,877 - INFO - [2017] MISSING_CENTRAL: SR1E2Mu/Central/bjets/3/px in Skim_TriLep_MuonEG_E.root
2026-05-04 15:39:56,880 - INFO - [2017] MISSING_CENTRAL: SR1E2Mu/Central/bjets/3/px in Skim_TriLep_DYJets.root
2026-05-04 15:39:56,881 - INFO - [2017] MISSING_CENTRAL: SR1E2Mu/Central/bjets/3/px in Skim_TriLep_DYJets10to50.root
2026-05-04 15:39:56,905 - INFO - [2017] MISSING_CENTRAL: SR1E2Mu/Central/bjets/3/px in Skim_TriLep_WWG.root
2026-05-04 15:39:57,074 - INFO - [2017] MISSING_CENTRAL: SR1E2Mu/Central/bjets/3/px in Skim_TriLep_WWW.root
2026-05-04 15:39:57,075 - INFO - [2017] MISSING_CENTRAL: SR1E2Mu/Central/bjets/3/px in Skim_TriLep_WWZ.root
2026-05-04 15:39:57,151 - INFO - [2017] MISSING_SYSTEMATIC: SR1E2Mu/JetEn_Down/bjets/3/px in Skim_TriLep_VBFHToZZTo4L.root
2026-05-04 15:39:57,171 - INFO - [2017] MISSING_CENTRAL: SR1E2Mu/Central/bjets/3/px in Skim_TriLep_ggHToZZTo4L.root
2026-05-04 15:39:57,174 - INFO - [2018] MISSING_CENTRAL: SR1E2Mu/Central/bjets/3/px in Skim_TriLep_MuonEG_C.root
2026-05-04 15:39:57,176 - INFO - [2018] MISSING_CENTRAL: SR1E2Mu/Central/bjets/3/px in Skim_TriLep_DYJets.root
2026-05-04 15:39:57,177 - INFO - [2018] MISSING_CENTRAL: SR1E2Mu/Central/bjets/3/px in Skim_TriLep_DYJets10to50.root
2026-05-04 15:39:57,200 - INFO - [2018] MISSING_CENTRAL: SR1E2Mu/Central/bjets/3/px in Skim_TriLep_WWG.root
2026-05-04 15:39:57,363 - INFO - [2018] MISSING_CENTRAL: SR1E2Mu/Central/bjets/3/px in Skim_TriLep_WWW.root
2026-05-04 15:39:57,461 - INFO - [2018] MISSING_SYSTEMATIC: SR1E2Mu/JetEn_Down/bjets/3/px in Skim_TriLep_VBFHToZZTo4L.root
2026-05-04 15:39:57,479 - INFO - [2018] MISSING_CENTRAL: SR1E2Mu/Central/bjets/3/px in Skim_TriLep_ggHToZZTo4L.root
2026-05-04 16:02:37,500 - INFO - [2016preVFP] MISSING_CENTRAL: SR1E2Mu/Central/bjets/3/px in Skim_TriLep_MuonEG_B.root
2026-05-04 16:02:37,501 - INFO - [2016preVFP] MISSING_CENTRAL: SR1E2Mu/Central/bjets/3/px in Skim_TriLep_MuonEG_C.root
2026-05-04 16:02:37,502 - INFO - [2016preVFP] MISSING_CENTRAL: SR1E2Mu/Central/bjets/3/px in Skim_TriLep_MuonEG_D.root
2026-05-04 16:02:37,502 - INFO - [2016preVFP] MISSING_CENTRAL: SR1E2Mu/Central/bjets/3/px in Skim_TriLep_MuonEG_E.root
2026-05-04 16:02:37,503 - INFO - [2016preVFP] MISSING_CENTRAL: SR1E2Mu/Central/bjets/3/px in Skim_TriLep_MuonEG_F.root
2026-05-04 16:02:37,503 - INFO - [2016postVFP] MISSING_CENTRAL: SR1E2Mu/Central/bjets/3/px in Skim_TriLep_MuonEG_F.root
2026-05-04 16:02:37,541 - INFO - [2016postVFP] MISSING_CENTRAL: SR1E2Mu/Central/bjets/3/px in Skim_TriLep_MuonEG_H.root
2026-05-04 16:02:37,573 - INFO - [2018] MISSING_CENTRAL: SR1E2Mu/Central/bjets/3/px in Skim_TriLep_MuonEG_C.root
2026-05-04 16:02:37,586 - INFO - [2016preVFP] MISSING_CENTRAL: SR1E2Mu/Central/bjets/3/px in Skim_TriLep_MuonEG_D.root
2026-05-04 16:02:37,588 - INFO - [2016preVFP] MISSING_CENTRAL: SR1E2Mu/Central/bjets/3/px in Skim_TriLep_DYJets.root
2026-05-04 16:02:37,589 - INFO - [2016preVFP] MISSING_CENTRAL: SR1E2Mu/Central/bjets/3/px in Skim_TriLep_DYJets10to50.root
2026-05-04 16:02:37,615 - INFO - [2016preVFP] MISSING_CENTRAL: SR1E2Mu/Central/bjets/3/px in Skim_TriLep_WWG.root
2026-05-04 16:02:37,758 - INFO - [2016preVFP] MISSING_CENTRAL: SR1E2Mu/Central/bjets/3/px in Skim_TriLep_WWW.root
2026-05-04 16:02:37,859 - INFO - [2016preVFP] MISSING_CENTRAL: SR1E2Mu/Central/bjets/3/px in Skim_TriLep_ggHToZZTo4L.root
2026-05-04 16:02:37,860 - INFO - [2016postVFP] MISSING_CENTRAL: SR1E2Mu/Central/bjets/3/px in Skim_TriLep_MuonEG_F.root
2026-05-04 16:02:37,860 - INFO - [2016postVFP] MISSING_CENTRAL: SR1E2Mu/Central/bjets/3/px in Skim_TriLep_MuonEG_G.root
2026-05-04 16:02:37,862 - INFO - [2016postVFP] MISSING_CENTRAL: SR1E2Mu/Central/bjets/3/px in Skim_TriLep_DYJets.root
2026-05-04 16:02:37,863 - INFO - [2016postVFP] MISSING_CENTRAL: SR1E2Mu/Central/bjets/3/px in Skim_TriLep_DYJets10to50.root
2026-05-04 16:02:37,863 - INFO - [2016postVFP] MISSING_CENTRAL: SR1E2Mu/Central/bjets/3/px in Skim_TriLep_TTG.root
2026-05-04 16:02:37,864 - INFO - [2016postVFP] MISSING_CENTRAL: SR1E2Mu/Central/bjets/3/px in Skim_TriLep_WWG.root
2026-05-04 16:02:38,016 - INFO - [2016postVFP] MISSING_CENTRAL: SR1E2Mu/Central/bjets/3/px in Skim_TriLep_WWW.root
2026-05-04 16:02:38,150 - INFO - [2017] MISSING_CENTRAL: SR1E2Mu/Central/bjets/3/px in Skim_TriLep_MuonEG_E.root
2026-05-04 16:02:38,152 - INFO - [2017] MISSING_CENTRAL: SR1E2Mu/Central/bjets/3/px in Skim_TriLep_DYJets.root
2026-05-04 16:02:38,153 - INFO - [2017] MISSING_CENTRAL: SR1E2Mu/Central/bjets/3/px in Skim_TriLep_DYJets10to50.root
2026-05-04 16:02:38,174 - INFO - [2017] MISSING_CENTRAL: SR1E2Mu/Central/bjets/3/px in Skim_TriLep_WWG.root
2026-05-04 16:02:38,326 - INFO - [2017] MISSING_CENTRAL: SR1E2Mu/Central/bjets/3/px in Skim_TriLep_WWW.root
2026-05-04 16:02:38,327 - INFO - [2017] MISSING_CENTRAL: SR1E2Mu/Central/bjets/3/px in Skim_TriLep_WWZ.root
2026-05-04 16:02:38,395 - INFO - [2017] MISSING_SYSTEMATIC: SR1E2Mu/JetEn_Down/bjets/3/px in Skim_TriLep_VBFHToZZTo4L.root
2026-05-04 16:02:38,412 - INFO - [2017] MISSING_CENTRAL: SR1E2Mu/Central/bjets/3/px in Skim_TriLep_ggHToZZTo4L.root
2026-05-04 16:02:38,415 - INFO - [2018] MISSING_CENTRAL: SR1E2Mu/Central/bjets/3/px in Skim_TriLep_MuonEG_C.root
2026-05-04 16:02:38,417 - INFO - [2018] MISSING_CENTRAL: SR1E2Mu/Central/bjets/3/px in Skim_TriLep_DYJets.root
2026-05-04 16:02:38,418 - INFO - [2018] MISSING_CENTRAL: SR1E2Mu/Central/bjets/3/px in Skim_TriLep_DYJets10to50.root
2026-05-04 16:02:38,440 - INFO - [2018] MISSING_CENTRAL: SR1E2Mu/Central/bjets/3/px in Skim_TriLep_WWG.root
2026-05-04 16:02:38,599 - INFO - [2018] MISSING_CENTRAL: SR1E2Mu/Central/bjets/3/px in Skim_TriLep_WWW.root
2026-05-04 16:02:38,695 - INFO - [2018] MISSING_SYSTEMATIC: SR1E2Mu/JetEn_Down/bjets/3/px in Skim_TriLep_VBFHToZZTo4L.root
2026-05-04 16:02:38,712 - INFO - [2018] MISSING_CENTRAL: SR1E2Mu/Central/bjets/3/px in Skim_TriLep_ggHToZZTo4L.root
2026-05-04 16:04:01,592 - INFO - [2016preVFP] MISSING_CENTRAL: SR1E2Mu/Central/bjets/3/px in Skim_TriLep_MuonEG_B.root
2026-05-04 16:04:01,592 - INFO - [2016preVFP] MISSING_CENTRAL: SR1E2Mu/Central/bjets/3/px in Skim_TriLep_MuonEG_C.root
2026-05-04 16:04:01,594 - INFO - [2016preVFP] MISSING_CENTRAL: SR1E2Mu/Central/bjets/3/px in Skim_TriLep_MuonEG_D.root
2026-05-04 16:04:01,595 - INFO - [2016preVFP] MISSING_CENTRAL: SR1E2Mu/Central/bjets/3/px in Skim_TriLep_MuonEG_E.root
2026-05-04 16:04:01,595 - INFO - [2016preVFP] MISSING_CENTRAL: SR1E2Mu/Central/bjets/3/px in Skim_TriLep_MuonEG_F.root
2026-05-04 16:04:01,596 - INFO - [2016postVFP] MISSING_CENTRAL: SR1E2Mu/Central/bjets/3/px in Skim_TriLep_MuonEG_F.root
2026-05-04 16:04:01,637 - INFO - [2016postVFP] MISSING_CENTRAL: SR1E2Mu/Central/bjets/3/px in Skim_TriLep_MuonEG_H.root
2026-05-04 16:04:01,672 - INFO - [2018] MISSING_CENTRAL: SR1E2Mu/Central/bjets/3/px in Skim_TriLep_MuonEG_C.root
2026-05-04 16:04:01,685 - INFO - [2016preVFP] MISSING_CENTRAL: SR1E2Mu/Central/bjets/3/px in Skim_TriLep_MuonEG_D.root
2026-05-04 16:04:01,688 - INFO - [2016preVFP] MISSING_CENTRAL: SR1E2Mu/Central/bjets/3/px in Skim_TriLep_DYJets.root
2026-05-04 16:04:01,688 - INFO - [2016preVFP] MISSING_CENTRAL: SR1E2Mu/Central/bjets/3/px in Skim_TriLep_DYJets10to50.root
2026-05-04 16:04:01,717 - INFO - [2016preVFP] MISSING_CENTRAL: SR1E2Mu/Central/bjets/3/px in Skim_TriLep_WWG.root
2026-05-04 16:04:01,868 - INFO - [2016preVFP] MISSING_CENTRAL: SR1E2Mu/Central/bjets/3/px in Skim_TriLep_WWW.root
2026-05-04 16:04:01,995 - INFO - [2016preVFP] MISSING_CENTRAL: SR1E2Mu/Central/bjets/3/px in Skim_TriLep_ggHToZZTo4L.root
2026-05-04 16:04:01,996 - INFO - [2016postVFP] MISSING_CENTRAL: SR1E2Mu/Central/bjets/3/px in Skim_TriLep_MuonEG_F.root
2026-05-04 16:04:01,997 - INFO - [2016postVFP] MISSING_CENTRAL: SR1E2Mu/Central/bjets/3/px in Skim_TriLep_MuonEG_G.root
2026-05-04 16:04:01,998 - INFO - [2016postVFP] MISSING_CENTRAL: SR1E2Mu/Central/bjets/3/px in Skim_TriLep_DYJets.root
2026-05-04 16:04:01,999 - INFO - [2016postVFP] MISSING_CENTRAL: SR1E2Mu/Central/bjets/3/px in Skim_TriLep_DYJets10to50.root
2026-05-04 16:04:02,000 - INFO - [2016postVFP] MISSING_CENTRAL: SR1E2Mu/Central/bjets/3/px in Skim_TriLep_TTG.root
2026-05-04 16:04:02,000 - INFO - [2016postVFP] MISSING_CENTRAL: SR1E2Mu/Central/bjets/3/px in Skim_TriLep_WWG.root
2026-05-04 16:04:02,179 - INFO - [2016postVFP] MISSING_CENTRAL: SR1E2Mu/Central/bjets/3/px in Skim_TriLep_WWW.root
2026-05-04 16:04:02,313 - INFO - [2017] MISSING_CENTRAL: SR1E2Mu/Central/bjets/3/px in Skim_TriLep_MuonEG_E.root
2026-05-04 16:04:02,315 - INFO - [2017] MISSING_CENTRAL: SR1E2Mu/Central/bjets/3/px in Skim_TriLep_DYJets.root
2026-05-04 16:04:02,316 - INFO - [2017] MISSING_CENTRAL: SR1E2Mu/Central/bjets/3/px in Skim_TriLep_DYJets10to50.root
2026-05-04 16:04:02,339 - INFO - [2017] MISSING_CENTRAL: SR1E2Mu/Central/bjets/3/px in Skim_TriLep_WWG.root
2026-05-04 16:04:02,489 - INFO - [2017] MISSING_CENTRAL: SR1E2Mu/Central/bjets/3/px in Skim_TriLep_WWW.root
2026-05-04 16:04:02,490 - INFO - [2017] MISSING_CENTRAL: SR1E2Mu/Central/bjets/3/px in Skim_TriLep_WWZ.root
2026-05-04 16:04:02,551 - INFO - [2017] MISSING_SYSTEMATIC: SR1E2Mu/JetEn_Down/bjets/3/px in Skim_TriLep_VBFHToZZTo4L.root
2026-05-04 16:04:02,562 - INFO - [2017] MISSING_CENTRAL: SR1E2Mu/Central/bjets/3/px in Skim_TriLep_ggHToZZTo4L.root
2026-05-04 16:04:02,563 - INFO - [2018] MISSING_CENTRAL: SR1E2Mu/Central/bjets/3/px in Skim_TriLep_MuonEG_C.root
2026-05-04 16:04:02,565 - INFO - [2018] MISSING_CENTRAL: SR1E2Mu/Central/bjets/3/px in Skim_TriLep_DYJets.root
2026-05-04 16:04:02,565 - INFO - [2018] MISSING_CENTRAL: SR1E2Mu/Central/bjets/3/px in Skim_TriLep_DYJets10to50.root
2026-05-04 16:04:02,581 - INFO - [2018] MISSING_CENTRAL: SR1E2Mu/Central/bjets/3/px in Skim_TriLep_WWG.root
2026-05-04 16:04:02,710 - INFO - [2018] MISSING_CENTRAL: SR1E2Mu/Central/bjets/3/px in Skim_TriLep_WWW.root
2026-05-04 16:04:02,775 - INFO - [2018] MISSING_SYSTEMATIC: SR1E2Mu/JetEn_Down/bjets/3/px in Skim_TriLep_VBFHToZZTo4L.root
2026-05-04 16:04:02,786 - INFO - [2018] MISSING_CENTRAL: SR1E2Mu/Central/bjets/3/px in Skim_TriLep_ggHToZZTo4L.root
2026-05-04 17:00:11,535 - INFO - [2016preVFP] MISSING_CENTRAL: SR1E2Mu/Central/bjets/3/px in Skim_TriLep_MuonEG_B.root
2026-05-04 17:00:11,536 - INFO - [2016preVFP] MISSING_CENTRAL: SR1E2Mu/Central/bjets/3/px in Skim_TriLep_MuonEG_C.root
2026-05-04 17:00:11,536 - INFO - [2016preVFP] MISSING_CENTRAL: SR1E2Mu/Central/bjets/3/px in Skim_TriLep_MuonEG_D.root
2026-05-04 17:00:11,537 - INFO - [2016preVFP] MISSING_CENTRAL: SR1E2Mu/Central/bjets/3/px in Skim_TriLep_MuonEG_E.root
2026-05-04 17:00:11,537 - INFO - [2016preVFP] MISSING_CENTRAL: SR1E2Mu/Central/bjets/3/px in Skim_TriLep_MuonEG_F.root
2026-05-04 17:00:11,538 - INFO - [2016postVFP] MISSING_CENTRAL: SR1E2Mu/Central/bjets/3/px in Skim_TriLep_MuonEG_F.root
2026-05-04 17:00:11,580 - INFO - [2016postVFP] MISSING_CENTRAL: SR1E2Mu/Central/bjets/3/px in Skim_TriLep_MuonEG_H.root
2026-05-04 17:00:11,614 - INFO - [2018] MISSING_CENTRAL: SR1E2Mu/Central/bjets/3/px in Skim_TriLep_MuonEG_C.root
2026-05-04 17:00:11,626 - INFO - [2016preVFP] MISSING_CENTRAL: SR1E2Mu/Central/bjets/3/px in Skim_TriLep_MuonEG_D.root
2026-05-04 17:00:11,629 - INFO - [2016preVFP] MISSING_CENTRAL: SR1E2Mu/Central/bjets/3/px in Skim_TriLep_DYJets.root
2026-05-04 17:00:11,629 - INFO - [2016preVFP] MISSING_CENTRAL: SR1E2Mu/Central/bjets/3/px in Skim_TriLep_DYJets10to50.root
2026-05-04 17:00:11,657 - INFO - [2016preVFP] MISSING_CENTRAL: SR1E2Mu/Central/bjets/3/px in Skim_TriLep_WWG.root
2026-05-04 17:00:11,804 - INFO - [2016preVFP] MISSING_CENTRAL: SR1E2Mu/Central/bjets/3/px in Skim_TriLep_WWW.root
2026-05-04 17:00:11,909 - INFO - [2016preVFP] MISSING_CENTRAL: SR1E2Mu/Central/bjets/3/px in Skim_TriLep_ggHToZZTo4L.root
2026-05-04 17:00:11,910 - INFO - [2016postVFP] MISSING_CENTRAL: SR1E2Mu/Central/bjets/3/px in Skim_TriLep_MuonEG_F.root
2026-05-04 17:00:11,911 - INFO - [2016postVFP] MISSING_CENTRAL: SR1E2Mu/Central/bjets/3/px in Skim_TriLep_MuonEG_G.root
2026-05-04 17:00:11,912 - INFO - [2016postVFP] MISSING_CENTRAL: SR1E2Mu/Central/bjets/3/px in Skim_TriLep_DYJets.root
2026-05-04 17:00:11,913 - INFO - [2016postVFP] MISSING_CENTRAL: SR1E2Mu/Central/bjets/3/px in Skim_TriLep_DYJets10to50.root
2026-05-04 17:00:11,914 - INFO - [2016postVFP] MISSING_CENTRAL: SR1E2Mu/Central/bjets/3/px in Skim_TriLep_TTG.root
2026-05-04 17:00:11,914 - INFO - [2016postVFP] MISSING_CENTRAL: SR1E2Mu/Central/bjets/3/px in Skim_TriLep_WWG.root
2026-05-04 17:00:12,063 - INFO - [2016postVFP] MISSING_CENTRAL: SR1E2Mu/Central/bjets/3/px in Skim_TriLep_WWW.root
2026-05-04 17:00:12,206 - INFO - [2017] MISSING_CENTRAL: SR1E2Mu/Central/bjets/3/px in Skim_TriLep_MuonEG_E.root
2026-05-04 17:00:12,208 - INFO - [2017] MISSING_CENTRAL: SR1E2Mu/Central/bjets/3/px in Skim_TriLep_DYJets.root
2026-05-04 17:00:12,208 - INFO - [2017] MISSING_CENTRAL: SR1E2Mu/Central/bjets/3/px in Skim_TriLep_DYJets10to50.root
2026-05-04 17:00:12,231 - INFO - [2017] MISSING_CENTRAL: SR1E2Mu/Central/bjets/3/px in Skim_TriLep_WWG.root
2026-05-04 17:00:12,392 - INFO - [2017] MISSING_CENTRAL: SR1E2Mu/Central/bjets/3/px in Skim_TriLep_WWW.root
2026-05-04 17:00:12,393 - INFO - [2017] MISSING_CENTRAL: SR1E2Mu/Central/bjets/3/px in Skim_TriLep_WWZ.root
2026-05-04 17:00:12,466 - INFO - [2017] MISSING_SYSTEMATIC: SR1E2Mu/JetEn_Down/bjets/3/px in Skim_TriLep_VBFHToZZTo4L.root
2026-05-04 17:00:12,484 - INFO - [2017] MISSING_CENTRAL: SR1E2Mu/Central/bjets/3/px in Skim_TriLep_ggHToZZTo4L.root
2026-05-04 17:00:12,487 - INFO - [2018] MISSING_CENTRAL: SR1E2Mu/Central/bjets/3/px in Skim_TriLep_MuonEG_C.root
2026-05-04 17:00:12,489 - INFO - [2018] MISSING_CENTRAL: SR1E2Mu/Central/bjets/3/px in Skim_TriLep_DYJets.root
2026-05-04 17:00:12,490 - INFO - [2018] MISSING_CENTRAL: SR1E2Mu/Central/bjets/3/px in Skim_TriLep_DYJets10to50.root
2026-05-04 17:00:12,513 - INFO - [2018] MISSING_CENTRAL: SR1E2Mu/Central/bjets/3/px in Skim_TriLep_WWG.root
2026-05-04 17:00:12,677 - INFO - [2018] MISSING_CENTRAL: SR1E2Mu/Central/bjets/3/px in Skim_TriLep_WWW.root
2026-05-04 17:00:12,774 - INFO - [2018] MISSING_SYSTEMATIC: SR1E2Mu/JetEn_Down/bjets/3/px in Skim_TriLep_VBFHToZZTo4L.root
2026-05-04 17:00:12,792 - INFO - [2018] MISSING_CENTRAL: SR1E2Mu/Central/bjets/3/px in Skim_TriLep_ggHToZZTo4L.root
2026-05-04 17:07:18,766 - INFO - [2016preVFP] MISSING_CENTRAL: SR1E2Mu/Central/bjets/3/px in Skim_TriLep_MuonEG_B.root
2026-05-04 17:07:18,767 - INFO - [2016preVFP] MISSING_CENTRAL: SR1E2Mu/Central/bjets/3/px in Skim_TriLep_MuonEG_C.root
2026-05-04 17:07:18,767 - INFO - [2016preVFP] MISSING_CENTRAL: SR1E2Mu/Central/bjets/3/px in Skim_TriLep_MuonEG_D.root
2026-05-04 17:07:18,768 - INFO - [2016preVFP] MISSING_CENTRAL: SR1E2Mu/Central/bjets/3/px in Skim_TriLep_MuonEG_E.root
2026-05-04 17:07:18,768 - INFO - [2016preVFP] MISSING_CENTRAL: SR1E2Mu/Central/bjets/3/px in Skim_TriLep_MuonEG_F.root
2026-05-04 17:07:18,769 - INFO - [2016postVFP] MISSING_CENTRAL: SR1E2Mu/Central/bjets/3/px in Skim_TriLep_MuonEG_F.root
2026-05-04 17:07:18,813 - INFO - [2016postVFP] MISSING_CENTRAL: SR1E2Mu/Central/bjets/3/px in Skim_TriLep_MuonEG_H.root
2026-05-04 17:07:18,850 - INFO - [2018] MISSING_CENTRAL: SR1E2Mu/Central/bjets/3/px in Skim_TriLep_MuonEG_C.root
2026-05-04 17:07:18,864 - INFO - [2016preVFP] MISSING_CENTRAL: SR1E2Mu/Central/bjets/3/px in Skim_TriLep_MuonEG_D.root
2026-05-04 17:07:18,867 - INFO - [2016preVFP] MISSING_CENTRAL: SR1E2Mu/Central/bjets/3/px in Skim_TriLep_DYJets.root
2026-05-04 17:07:18,867 - INFO - [2016preVFP] MISSING_CENTRAL: SR1E2Mu/Central/bjets/3/px in Skim_TriLep_DYJets10to50.root
2026-05-04 17:07:18,897 - INFO - [2016preVFP] MISSING_CENTRAL: SR1E2Mu/Central/bjets/3/px in Skim_TriLep_WWG.root
2026-05-04 17:07:19,055 - INFO - [2016preVFP] MISSING_CENTRAL: SR1E2Mu/Central/bjets/3/px in Skim_TriLep_WWW.root
2026-05-04 17:07:19,173 - INFO - [2016preVFP] MISSING_CENTRAL: SR1E2Mu/Central/bjets/3/px in Skim_TriLep_ggHToZZTo4L.root
2026-05-04 17:07:19,174 - INFO - [2016postVFP] MISSING_CENTRAL: SR1E2Mu/Central/bjets/3/px in Skim_TriLep_MuonEG_F.root
2026-05-04 17:07:19,174 - INFO - [2016postVFP] MISSING_CENTRAL: SR1E2Mu/Central/bjets/3/px in Skim_TriLep_MuonEG_G.root
2026-05-04 17:07:19,176 - INFO - [2016postVFP] MISSING_CENTRAL: SR1E2Mu/Central/bjets/3/px in Skim_TriLep_DYJets.root
2026-05-04 17:07:19,177 - INFO - [2016postVFP] MISSING_CENTRAL: SR1E2Mu/Central/bjets/3/px in Skim_TriLep_DYJets10to50.root
2026-05-04 17:07:19,177 - INFO - [2016postVFP] MISSING_CENTRAL: SR1E2Mu/Central/bjets/3/px in Skim_TriLep_TTG.root
2026-05-04 17:07:19,178 - INFO - [2016postVFP] MISSING_CENTRAL: SR1E2Mu/Central/bjets/3/px in Skim_TriLep_WWG.root
2026-05-04 17:07:19,337 - INFO - [2016postVFP] MISSING_CENTRAL: SR1E2Mu/Central/bjets/3/px in Skim_TriLep_WWW.root
2026-05-04 17:07:19,481 - INFO - [2017] MISSING_CENTRAL: SR1E2Mu/Central/bjets/3/px in Skim_TriLep_MuonEG_E.root
2026-05-04 17:07:19,483 - INFO - [2017] MISSING_CENTRAL: SR1E2Mu/Central/bjets/3/px in Skim_TriLep_DYJets.root
2026-05-04 17:07:19,483 - INFO - [2017] MISSING_CENTRAL: SR1E2Mu/Central/bjets/3/px in Skim_TriLep_DYJets10to50.root
2026-05-04 17:07:19,506 - INFO - [2017] MISSING_CENTRAL: SR1E2Mu/Central/bjets/3/px in Skim_TriLep_WWG.root
2026-05-04 17:07:19,668 - INFO - [2017] MISSING_CENTRAL: SR1E2Mu/Central/bjets/3/px in Skim_TriLep_WWW.root
2026-05-04 17:07:19,669 - INFO - [2017] MISSING_CENTRAL: SR1E2Mu/Central/bjets/3/px in Skim_TriLep_WWZ.root
2026-05-04 17:07:19,744 - INFO - [2017] MISSING_SYSTEMATIC: SR1E2Mu/JetEn_Down/bjets/3/px in Skim_TriLep_VBFHToZZTo4L.root
2026-05-04 17:07:19,762 - INFO - [2017] MISSING_CENTRAL: SR1E2Mu/Central/bjets/3/px in Skim_TriLep_ggHToZZTo4L.root
2026-05-04 17:07:19,765 - INFO - [2018] MISSING_CENTRAL: SR1E2Mu/Central/bjets/3/px in Skim_TriLep_MuonEG_C.root
2026-05-04 17:07:19,767 - INFO - [2018] MISSING_CENTRAL: SR1E2Mu/Central/bjets/3/px in Skim_TriLep_DYJets.root
2026-05-04 17:07:19,768 - INFO - [2018] MISSING_CENTRAL: SR1E2Mu/Central/bjets/3/px in Skim_TriLep_DYJets10to50.root
2026-05-04 17:07:19,791 - INFO - [2018] MISSING_CENTRAL: SR1E2Mu/Central/bjets/3/px in Skim_TriLep_WWG.root
2026-05-04 17:07:19,947 - INFO - [2018] MISSING_CENTRAL: SR1E2Mu/Central/bjets/3/px in Skim_TriLep_WWW.root
2026-05-04 17:07:20,041 - INFO - [2018] MISSING_SYSTEMATIC: SR1E2Mu/JetEn_Down/bjets/3/px in Skim_TriLep_VBFHToZZTo4L.root
2026-05-04 17:07:20,058 - INFO - [2018] MISSING_CENTRAL: SR1E2Mu/Central/bjets/3/px in Skim_TriLep_ggHToZZTo4L.root
2026-05-28 15:36:50,611 - INFO - [2016preVFP] MISSING_CENTRAL: SR1E2Mu/Central/bjets/3/px in Skim_TriLep_MuonEG_B.root
2026-05-28 15:36:50,615 - INFO - [2016preVFP] MISSING_CENTRAL: SR1E2Mu/Central/bjets/3/px in Skim_TriLep_MuonEG_C.root
2026-05-28 15:36:50,620 - INFO - [2016preVFP] MISSING_CENTRAL: SR1E2Mu/Central/bjets/3/px in Skim_TriLep_MuonEG_D.root
2026-05-28 15:36:50,623 - INFO - [2016preVFP] MISSING_CENTRAL: SR1E2Mu/Central/bjets/3/px in Skim_TriLep_MuonEG_E.root
2026-05-28 15:36:50,624 - INFO - [2016preVFP] MISSING_CENTRAL: SR1E2Mu/Central/bjets/3/px in Skim_TriLep_MuonEG_F.root
2026-05-28 15:36:50,625 - INFO - [2016postVFP] MISSING_CENTRAL: SR1E2Mu/Central/bjets/3/px in Skim_TriLep_MuonEG_F.root
2026-05-28 15:36:50,680 - INFO - [2016postVFP] MISSING_CENTRAL: SR1E2Mu/Central/bjets/3/px in Skim_TriLep_MuonEG_H.root
2026-05-28 15:36:50,726 - INFO - [2018] MISSING_CENTRAL: SR1E2Mu/Central/bjets/3/px in Skim_TriLep_MuonEG_C.root
2026-05-28 15:36:50,746 - INFO - [2016preVFP] MISSING_CENTRAL: SR1E2Mu/Central/bjets/3/px in Skim_TriLep_MuonEG_D.root
2026-05-28 15:36:50,751 - INFO - [2016preVFP] MISSING_CENTRAL: SR1E2Mu/Central/bjets/3/px in Skim_TriLep_DYJets.root
2026-05-28 15:36:50,752 - INFO - [2016preVFP] MISSING_CENTRAL: SR1E2Mu/Central/bjets/3/px in Skim_TriLep_DYJets10to50.root
2026-05-28 15:36:50,797 - INFO - [2016preVFP] MISSING_CENTRAL: SR1E2Mu/Central/bjets/3/px in Skim_TriLep_WWG.root
2026-05-28 15:36:51,088 - INFO - [2016preVFP] MISSING_CENTRAL: SR1E2Mu/Central/bjets/3/px in Skim_TriLep_WWW.root
2026-05-28 15:36:51,268 - INFO - [2016preVFP] MISSING_CENTRAL: SR1E2Mu/Central/bjets/3/px in Skim_TriLep_ggHToZZTo4L.root
2026-05-28 15:36:51,269 - INFO - [2016postVFP] MISSING_CENTRAL: SR1E2Mu/Central/bjets/3/px in Skim_TriLep_MuonEG_F.root
2026-05-28 15:36:51,270 - INFO - [2016postVFP] MISSING_CENTRAL: SR1E2Mu/Central/bjets/3/px in Skim_TriLep_MuonEG_G.root
2026-05-28 15:36:51,273 - INFO - [2016postVFP] MISSING_CENTRAL: SR1E2Mu/Central/bjets/3/px in Skim_TriLep_DYJets.root
2026-05-28 15:36:51,274 - INFO - [2016postVFP] MISSING_CENTRAL: SR1E2Mu/Central/bjets/3/px in Skim_TriLep_DYJets10to50.root
2026-05-28 15:36:51,276 - INFO - [2016postVFP] MISSING_CENTRAL: SR1E2Mu/Central/bjets/3/px in Skim_TriLep_TTG.root
2026-05-28 15:36:51,277 - INFO - [2016postVFP] MISSING_CENTRAL: SR1E2Mu/Central/bjets/3/px in Skim_TriLep_WWG.root
2026-05-28 15:36:51,531 - INFO - [2016postVFP] MISSING_CENTRAL: SR1E2Mu/Central/bjets/3/px in Skim_TriLep_WWW.root
2026-05-28 15:36:51,753 - INFO - [2017] MISSING_CENTRAL: SR1E2Mu/Central/bjets/3/px in Skim_TriLep_MuonEG_E.root
2026-05-28 15:36:51,757 - INFO - [2017] MISSING_CENTRAL: SR1E2Mu/Central/bjets/3/px in Skim_TriLep_DYJets.root
2026-05-28 15:36:51,758 - INFO - [2017] MISSING_CENTRAL: SR1E2Mu/Central/bjets/3/px in Skim_TriLep_DYJets10to50.root
2026-05-28 15:36:51,794 - INFO - [2017] MISSING_CENTRAL: SR1E2Mu/Central/bjets/3/px in Skim_TriLep_WWG.root
2026-05-28 15:36:52,051 - INFO - [2017] MISSING_CENTRAL: SR1E2Mu/Central/bjets/3/px in Skim_TriLep_WWW.root
2026-05-28 15:36:52,053 - INFO - [2017] MISSING_CENTRAL: SR1E2Mu/Central/bjets/3/px in Skim_TriLep_WWZ.root
2026-05-28 15:36:52,167 - INFO - [2017] MISSING_SYSTEMATIC: SR1E2Mu/JetEn_Down/bjets/3/px in Skim_TriLep_VBFHToZZTo4L.root
2026-05-28 15:36:52,193 - INFO - [2017] MISSING_CENTRAL: SR1E2Mu/Central/bjets/3/px in Skim_TriLep_ggHToZZTo4L.root
2026-05-28 15:36:52,199 - INFO - [2018] MISSING_CENTRAL: SR1E2Mu/Central/bjets/3/px in Skim_TriLep_MuonEG_C.root
2026-05-28 15:36:52,203 - INFO - [2018] MISSING_CENTRAL: SR1E2Mu/Central/bjets/3/px in Skim_TriLep_DYJets.root
2026-05-28 15:36:52,204 - INFO - [2018] MISSING_CENTRAL: SR1E2Mu/Central/bjets/3/px in Skim_TriLep_DYJets10to50.root
2026-05-28 15:36:52,241 - INFO - [2018] MISSING_CENTRAL: SR1E2Mu/Central/bjets/3/px in Skim_TriLep_WWG.root
2026-05-28 15:36:52,492 - INFO - [2018] MISSING_CENTRAL: SR1E2Mu/Central/bjets/3/px in Skim_TriLep_WWW.root
2026-05-28 15:36:52,640 - INFO - [2018] MISSING_SYSTEMATIC: SR1E2Mu/JetEn_Down/bjets/3/px in Skim_TriLep_VBFHToZZTo4L.root
2026-05-28 15:36:52,664 - INFO - [2018] MISSING_CENTRAL: SR1E2Mu/Central/bjets/3/px in Skim_TriLep_ggHToZZTo4L.root
2026-05-28 15:44:11,984 - INFO - [2016preVFP] MISSING_CENTRAL: SR1E2Mu/Central/bjets/3/px in Skim_TriLep_MuonEG_B.root
2026-05-28 15:44:11,986 - INFO - [2016preVFP] MISSING_CENTRAL: SR1E2Mu/Central/bjets/3/px in Skim_TriLep_MuonEG_C.root
2026-05-28 15:44:11,991 - INFO - [2016preVFP] MISSING_CENTRAL: SR1E2Mu/Central/bjets/3/px in Skim_TriLep_MuonEG_D.root
2026-05-28 15:44:12,003 - INFO - [2016preVFP] MISSING_CENTRAL: SR1E2Mu/Central/bjets/3/px in Skim_TriLep_MuonEG_E.root
2026-05-28 15:44:12,004 - INFO - [2016preVFP] MISSING_CENTRAL: SR1E2Mu/Central/bjets/3/px in Skim_TriLep_MuonEG_F.root
2026-05-28 15:44:12,005 - INFO - [2016postVFP] MISSING_CENTRAL: SR1E2Mu/Central/bjets/3/px in Skim_TriLep_MuonEG_F.root
2026-05-28 15:44:12,064 - INFO - [2016postVFP] MISSING_CENTRAL: SR1E2Mu/Central/bjets/3/px in Skim_TriLep_MuonEG_H.root
2026-05-28 15:44:12,111 - INFO - [2018] MISSING_CENTRAL: SR1E2Mu/Central/bjets/3/px in Skim_TriLep_MuonEG_C.root
2026-05-28 15:44:12,132 - INFO - [2016preVFP] MISSING_CENTRAL: SR1E2Mu/Central/bjets/3/px in Skim_TriLep_MuonEG_D.root
2026-05-28 15:44:12,137 - INFO - [2016preVFP] MISSING_CENTRAL: SR1E2Mu/Central/bjets/3/px in Skim_TriLep_DYJets.root
2026-05-28 15:44:12,138 - INFO - [2016preVFP] MISSING_CENTRAL: SR1E2Mu/Central/bjets/3/px in Skim_TriLep_DYJets10to50.root
2026-05-28 15:44:12,185 - INFO - [2016preVFP] MISSING_CENTRAL: SR1E2Mu/Central/bjets/3/px in Skim_TriLep_WWG.root
2026-05-28 15:44:12,447 - INFO - [2016preVFP] MISSING_CENTRAL: SR1E2Mu/Central/bjets/3/px in Skim_TriLep_WWW.root
2026-05-28 15:44:12,636 - INFO - [2016preVFP] MISSING_CENTRAL: SR1E2Mu/Central/bjets/3/px in Skim_TriLep_ggHToZZTo4L.root
2026-05-28 15:44:12,638 - INFO - [2016postVFP] MISSING_CENTRAL: SR1E2Mu/Central/bjets/3/px in Skim_TriLep_MuonEG_F.root
2026-05-28 15:44:12,639 - INFO - [2016postVFP] MISSING_CENTRAL: SR1E2Mu/Central/bjets/3/px in Skim_TriLep_MuonEG_G.root
2026-05-28 15:44:12,642 - INFO - [2016postVFP] MISSING_CENTRAL: SR1E2Mu/Central/bjets/3/px in Skim_TriLep_DYJets.root
2026-05-28 15:44:12,643 - INFO - [2016postVFP] MISSING_CENTRAL: SR1E2Mu/Central/bjets/3/px in Skim_TriLep_DYJets10to50.root
2026-05-28 15:44:12,645 - INFO - [2016postVFP] MISSING_CENTRAL: SR1E2Mu/Central/bjets/3/px in Skim_TriLep_TTG.root
2026-05-28 15:44:12,646 - INFO - [2016postVFP] MISSING_CENTRAL: SR1E2Mu/Central/bjets/3/px in Skim_TriLep_WWG.root
2026-05-28 15:44:12,916 - INFO - [2016postVFP] MISSING_CENTRAL: SR1E2Mu/Central/bjets/3/px in Skim_TriLep_WWW.root
2026-05-28 15:44:13,150 - INFO - [2017] MISSING_CENTRAL: SR1E2Mu/Central/bjets/3/px in Skim_TriLep_MuonEG_E.root
2026-05-28 15:44:13,154 - INFO - [2017] MISSING_CENTRAL: SR1E2Mu/Central/bjets/3/px in Skim_TriLep_DYJets.root
2026-05-28 15:44:13,155 - INFO - [2017] MISSING_CENTRAL: SR1E2Mu/Central/bjets/3/px in Skim_TriLep_DYJets10to50.root
2026-05-28 15:44:13,194 - INFO - [2017] MISSING_CENTRAL: SR1E2Mu/Central/bjets/3/px in Skim_TriLep_WWG.root
2026-05-28 15:44:13,460 - INFO - [2017] MISSING_CENTRAL: SR1E2Mu/Central/bjets/3/px in Skim_TriLep_WWW.root
2026-05-28 15:44:13,462 - INFO - [2017] MISSING_CENTRAL: SR1E2Mu/Central/bjets/3/px in Skim_TriLep_WWZ.root
2026-05-28 15:44:13,583 - INFO - [2017] MISSING_SYSTEMATIC: SR1E2Mu/JetEn_Down/bjets/3/px in Skim_TriLep_VBFHToZZTo4L.root
2026-05-28 15:44:13,611 - INFO - [2017] MISSING_CENTRAL: SR1E2Mu/Central/bjets/3/px in Skim_TriLep_ggHToZZTo4L.root
2026-05-28 15:44:13,617 - INFO - [2018] MISSING_CENTRAL: SR1E2Mu/Central/bjets/3/px in Skim_TriLep_MuonEG_C.root
2026-05-28 15:44:13,621 - INFO - [2018] MISSING_CENTRAL: SR1E2Mu/Central/bjets/3/px in Skim_TriLep_DYJets.root
2026-05-28 15:44:13,622 - INFO - [2018] MISSING_CENTRAL: SR1E2Mu/Central/bjets/3/px in Skim_TriLep_DYJets10to50.root
2026-05-28 15:44:13,660 - INFO - [2018] MISSING_CENTRAL: SR1E2Mu/Central/bjets/3/px in Skim_TriLep_WWG.root
2026-05-28 15:44:13,851 - INFO - [2018] MISSING_CENTRAL: SR1E2Mu/Central/bjets/3/px in Skim_TriLep_WWW.root
2026-05-28 15:44:13,960 - INFO - [2018] MISSING_SYSTEMATIC: SR1E2Mu/JetEn_Down/bjets/3/px in Skim_TriLep_VBFHToZZTo4L.root
2026-05-28 15:44:13,980 - INFO - [2018] MISSING_CENTRAL: SR1E2Mu/Central/bjets/3/px in Skim_TriLep_ggHToZZTo4L.root
2026-05-29 15:17:09,799 - INFO - [2016preVFP] MISSING_CENTRAL: SR1E2Mu/Central/bjets/3/px in Skim_TriLep_MuonEG_B.root
2026-05-29 15:17:09,800 - INFO - [2016preVFP] MISSING_CENTRAL: SR1E2Mu/Central/bjets/3/px in Skim_TriLep_MuonEG_C.root
2026-05-29 15:17:09,800 - INFO - [2016preVFP] MISSING_CENTRAL: SR1E2Mu/Central/bjets/3/px in Skim_TriLep_MuonEG_D.root
2026-05-29 15:17:09,801 - INFO - [2016preVFP] MISSING_CENTRAL: SR1E2Mu/Central/bjets/3/px in Skim_TriLep_MuonEG_E.root
2026-05-29 15:17:09,801 - INFO - [2016preVFP] MISSING_CENTRAL: SR1E2Mu/Central/bjets/3/px in Skim_TriLep_MuonEG_F.root
2026-05-29 15:17:09,801 - INFO - [2016postVFP] MISSING_CENTRAL: SR1E2Mu/Central/bjets/3/px in Skim_TriLep_MuonEG_F.root
2026-05-29 15:17:09,841 - INFO - [2016postVFP] MISSING_CENTRAL: SR1E2Mu/Central/bjets/3/px in Skim_TriLep_MuonEG_H.root
2026-05-29 15:17:09,875 - INFO - [2018] MISSING_CENTRAL: SR1E2Mu/Central/bjets/3/px in Skim_TriLep_MuonEG_C.root
2026-05-29 15:17:09,887 - INFO - [2016preVFP] MISSING_CENTRAL: SR1E2Mu/Central/bjets/3/px in Skim_TriLep_MuonEG_D.root
2026-05-29 15:17:09,890 - INFO - [2016preVFP] MISSING_CENTRAL: SR1E2Mu/Central/bjets/3/px in Skim_TriLep_DYJets.root
2026-05-29 15:17:09,890 - INFO - [2016preVFP] MISSING_CENTRAL: SR1E2Mu/Central/bjets/3/px in Skim_TriLep_DYJets10to50.root
2026-05-29 15:17:09,917 - INFO - [2016preVFP] MISSING_CENTRAL: SR1E2Mu/Central/bjets/3/px in Skim_TriLep_WWG.root
2026-05-29 15:17:10,061 - INFO - [2016preVFP] MISSING_CENTRAL: SR1E2Mu/Central/bjets/3/px in Skim_TriLep_WWW.root
2026-05-29 15:17:10,165 - INFO - [2016preVFP] MISSING_CENTRAL: SR1E2Mu/Central/bjets/3/px in Skim_TriLep_ggHToZZTo4L.root
2026-05-29 15:17:10,165 - INFO - [2016postVFP] MISSING_CENTRAL: SR1E2Mu/Central/bjets/3/px in Skim_TriLep_MuonEG_F.root
2026-05-29 15:17:10,166 - INFO - [2016postVFP] MISSING_CENTRAL: SR1E2Mu/Central/bjets/3/px in Skim_TriLep_MuonEG_G.root
2026-05-29 15:17:10,167 - INFO - [2016postVFP] MISSING_CENTRAL: SR1E2Mu/Central/bjets/3/px in Skim_TriLep_DYJets.root
2026-05-29 15:17:10,168 - INFO - [2016postVFP] MISSING_CENTRAL: SR1E2Mu/Central/bjets/3/px in Skim_TriLep_DYJets10to50.root
2026-05-29 15:17:10,168 - INFO - [2016postVFP] MISSING_CENTRAL: SR1E2Mu/Central/bjets/3/px in Skim_TriLep_TTG.root
2026-05-29 15:17:10,169 - INFO - [2016postVFP] MISSING_CENTRAL: SR1E2Mu/Central/bjets/3/px in Skim_TriLep_WWG.root
2026-05-29 15:17:10,316 - INFO - [2016postVFP] MISSING_CENTRAL: SR1E2Mu/Central/bjets/3/px in Skim_TriLep_WWW.root
2026-05-29 15:17:10,446 - INFO - [2017] MISSING_CENTRAL: SR1E2Mu/Central/bjets/3/px in Skim_TriLep_MuonEG_E.root
2026-05-29 15:17:10,447 - INFO - [2017] MISSING_CENTRAL: SR1E2Mu/Central/bjets/3/px in Skim_TriLep_DYJets.root
2026-05-29 15:17:10,448 - INFO - [2017] MISSING_CENTRAL: SR1E2Mu/Central/bjets/3/px in Skim_TriLep_DYJets10to50.root
2026-05-29 15:17:10,469 - INFO - [2017] MISSING_CENTRAL: SR1E2Mu/Central/bjets/3/px in Skim_TriLep_WWG.root
2026-05-29 15:17:10,628 - INFO - [2017] MISSING_CENTRAL: SR1E2Mu/Central/bjets/3/px in Skim_TriLep_WWW.root
2026-05-29 15:17:10,629 - INFO - [2017] MISSING_CENTRAL: SR1E2Mu/Central/bjets/3/px in Skim_TriLep_WWZ.root
2026-05-29 15:17:10,698 - INFO - [2017] MISSING_SYSTEMATIC: SR1E2Mu/JetEn_Down/bjets/3/px in Skim_TriLep_VBFHToZZTo4L.root
2026-05-29 15:17:10,715 - INFO - [2017] MISSING_CENTRAL: SR1E2Mu/Central/bjets/3/px in Skim_TriLep_ggHToZZTo4L.root
2026-05-29 15:17:10,718 - INFO - [2018] MISSING_CENTRAL: SR1E2Mu/Central/bjets/3/px in Skim_TriLep_MuonEG_C.root
2026-05-29 15:17:10,720 - INFO - [2018] MISSING_CENTRAL: SR1E2Mu/Central/bjets/3/px in Skim_TriLep_DYJets.root
2026-05-29 15:17:10,721 - INFO - [2018] MISSING_CENTRAL: SR1E2Mu/Central/bjets/3/px in Skim_TriLep_DYJets10to50.root
2026-05-29 15:17:10,743 - INFO - [2018] MISSING_CENTRAL: SR1E2Mu/Central/bjets/3/px in Skim_TriLep_WWG.root
2026-05-29 15:17:10,902 - INFO - [2018] MISSING_CENTRAL: SR1E2Mu/Central/bjets/3/px in Skim_TriLep_WWW.root
2026-05-29 15:17:10,997 - INFO - [2018] MISSING_SYSTEMATIC: SR1E2Mu/JetEn_Down/bjets/3/px in Skim_TriLep_VBFHToZZTo4L.root
2026-05-29 15:17:11,014 - INFO - [2018] MISSING_CENTRAL: SR1E2Mu/Central/bjets/3/px in Skim_TriLep_ggHToZZTo4L.root
2026-05-29 15:19:34,686 - INFO - [2016preVFP] MISSING_CENTRAL: SR1E2Mu/Central/bjets/3/px in Skim_TriLep_MuonEG_B.root
2026-05-29 15:19:34,687 - INFO - [2016preVFP] MISSING_CENTRAL: SR1E2Mu/Central/bjets/3/px in Skim_TriLep_MuonEG_C.root
2026-05-29 15:19:34,688 - INFO - [2016preVFP] MISSING_CENTRAL: SR1E2Mu/Central/bjets/3/px in Skim_TriLep_MuonEG_D.root
2026-05-29 15:19:34,688 - INFO - [2016preVFP] MISSING_CENTRAL: SR1E2Mu/Central/bjets/3/px in Skim_TriLep_MuonEG_E.root
2026-05-29 15:19:34,689 - INFO - [2016preVFP] MISSING_CENTRAL: SR1E2Mu/Central/bjets/3/px in Skim_TriLep_MuonEG_F.root
2026-05-29 15:19:34,689 - INFO - [2016postVFP] MISSING_CENTRAL: SR1E2Mu/Central/bjets/3/px in Skim_TriLep_MuonEG_F.root
2026-05-29 15:19:34,733 - INFO - [2016postVFP] MISSING_CENTRAL: SR1E2Mu/Central/bjets/3/px in Skim_TriLep_MuonEG_H.root
2026-05-29 15:19:34,768 - INFO - [2018] MISSING_CENTRAL: SR1E2Mu/Central/bjets/3/px in Skim_TriLep_MuonEG_C.root
2026-05-29 15:19:34,782 - INFO - [2016preVFP] MISSING_CENTRAL: SR1E2Mu/Central/bjets/3/px in Skim_TriLep_MuonEG_D.root
2026-05-29 15:19:34,785 - INFO - [2016preVFP] MISSING_CENTRAL: SR1E2Mu/Central/bjets/3/px in Skim_TriLep_DYJets.root
2026-05-29 15:19:34,785 - INFO - [2016preVFP] MISSING_CENTRAL: SR1E2Mu/Central/bjets/3/px in Skim_TriLep_DYJets10to50.root
2026-05-29 15:19:34,815 - INFO - [2016preVFP] MISSING_CENTRAL: SR1E2Mu/Central/bjets/3/px in Skim_TriLep_WWG.root
2026-05-29 15:19:34,968 - INFO - [2016preVFP] MISSING_CENTRAL: SR1E2Mu/Central/bjets/3/px in Skim_TriLep_WWW.root
2026-05-29 15:19:35,075 - INFO - [2016preVFP] MISSING_CENTRAL: SR1E2Mu/Central/bjets/3/px in Skim_TriLep_ggHToZZTo4L.root
2026-05-29 15:19:35,076 - INFO - [2016postVFP] MISSING_CENTRAL: SR1E2Mu/Central/bjets/3/px in Skim_TriLep_MuonEG_F.root
2026-05-29 15:19:35,076 - INFO - [2016postVFP] MISSING_CENTRAL: SR1E2Mu/Central/bjets/3/px in Skim_TriLep_MuonEG_G.root
2026-05-29 15:19:35,078 - INFO - [2016postVFP] MISSING_CENTRAL: SR1E2Mu/Central/bjets/3/px in Skim_TriLep_DYJets.root
2026-05-29 15:19:35,079 - INFO - [2016postVFP] MISSING_CENTRAL: SR1E2Mu/Central/bjets/3/px in Skim_TriLep_DYJets10to50.root
2026-05-29 15:19:35,079 - INFO - [2016postVFP] MISSING_CENTRAL: SR1E2Mu/Central/bjets/3/px in Skim_TriLep_TTG.root
2026-05-29 15:19:35,080 - INFO - [2016postVFP] MISSING_CENTRAL: SR1E2Mu/Central/bjets/3/px in Skim_TriLep_WWG.root
2026-05-29 15:19:35,241 - INFO - [2016postVFP] MISSING_CENTRAL: SR1E2Mu/Central/bjets/3/px in Skim_TriLep_WWW.root
2026-05-29 15:19:35,381 - INFO - [2017] MISSING_CENTRAL: SR1E2Mu/Central/bjets/3/px in Skim_TriLep_MuonEG_E.root
2026-05-29 15:19:35,383 - INFO - [2017] MISSING_CENTRAL: SR1E2Mu/Central/bjets/3/px in Skim_TriLep_DYJets.root
2026-05-29 15:19:35,383 - INFO - [2017] MISSING_CENTRAL: SR1E2Mu/Central/bjets/3/px in Skim_TriLep_DYJets10to50.root
2026-05-29 15:19:35,405 - INFO - [2017] MISSING_CENTRAL: SR1E2Mu/Central/bjets/3/px in Skim_TriLep_WWG.root
2026-05-29 15:19:35,562 - INFO - [2017] MISSING_CENTRAL: SR1E2Mu/Central/bjets/3/px in Skim_TriLep_WWW.root
2026-05-29 15:19:35,563 - INFO - [2017] MISSING_CENTRAL: SR1E2Mu/Central/bjets/3/px in Skim_TriLep_WWZ.root
2026-05-29 15:19:35,636 - INFO - [2017] MISSING_SYSTEMATIC: SR1E2Mu/JetEn_Down/bjets/3/px in Skim_TriLep_VBFHToZZTo4L.root
2026-05-29 15:19:35,653 - INFO - [2017] MISSING_CENTRAL: SR1E2Mu/Central/bjets/3/px in Skim_TriLep_ggHToZZTo4L.root
2026-05-29 15:19:35,656 - INFO - [2018] MISSING_CENTRAL: SR1E2Mu/Central/bjets/3/px in Skim_TriLep_MuonEG_C.root
2026-05-29 15:19:35,658 - INFO - [2018] MISSING_CENTRAL: SR1E2Mu/Central/bjets/3/px in Skim_TriLep_DYJets.root
2026-05-29 15:19:35,659 - INFO - [2018] MISSING_CENTRAL: SR1E2Mu/Central/bjets/3/px in Skim_TriLep_DYJets10to50.root
2026-05-29 15:19:35,681 - INFO - [2018] MISSING_CENTRAL: SR1E2Mu/Central/bjets/3/px in Skim_TriLep_WWG.root
2026-05-29 15:19:35,836 - INFO - [2018] MISSING_CENTRAL: SR1E2Mu/Central/bjets/3/px in Skim_TriLep_WWW.root
2026-05-29 15:19:35,927 - INFO - [2018] MISSING_SYSTEMATIC: SR1E2Mu/JetEn_Down/bjets/3/px in Skim_TriLep_VBFHToZZTo4L.root
2026-05-29 15:19:35,944 - INFO - [2018] MISSING_CENTRAL: SR1E2Mu/Central/bjets/3/px in Skim_TriLep_ggHToZZTo4L.root
2026-05-29 15:21:03,805 - INFO - [2016preVFP] MISSING_CENTRAL: SR1E2Mu/Central/bjets/3/px in Skim_TriLep_MuonEG_B.root
2026-05-29 15:21:03,806 - INFO - [2016preVFP] MISSING_CENTRAL: SR1E2Mu/Central/bjets/3/px in Skim_TriLep_MuonEG_C.root
2026-05-29 15:21:03,806 - INFO - [2016preVFP] MISSING_CENTRAL: SR1E2Mu/Central/bjets/3/px in Skim_TriLep_MuonEG_D.root
2026-05-29 15:21:03,807 - INFO - [2016preVFP] MISSING_CENTRAL: SR1E2Mu/Central/bjets/3/px in Skim_TriLep_MuonEG_E.root
2026-05-29 15:21:03,807 - INFO - [2016preVFP] MISSING_CENTRAL: SR1E2Mu/Central/bjets/3/px in Skim_TriLep_MuonEG_F.root
2026-05-29 15:21:03,808 - INFO - [2016postVFP] MISSING_CENTRAL: SR1E2Mu/Central/bjets/3/px in Skim_TriLep_MuonEG_F.root
2026-05-29 15:21:03,851 - INFO - [2016postVFP] MISSING_CENTRAL: SR1E2Mu/Central/bjets/3/px in Skim_TriLep_MuonEG_H.root
2026-05-29 15:21:03,887 - INFO - [2018] MISSING_CENTRAL: SR1E2Mu/Central/bjets/3/px in Skim_TriLep_MuonEG_C.root
2026-05-29 15:21:03,901 - INFO - [2016preVFP] MISSING_CENTRAL: SR1E2Mu/Central/bjets/3/px in Skim_TriLep_MuonEG_D.root
2026-05-29 15:21:03,904 - INFO - [2016preVFP] MISSING_CENTRAL: SR1E2Mu/Central/bjets/3/px in Skim_TriLep_DYJets.root
2026-05-29 15:21:03,904 - INFO - [2016preVFP] MISSING_CENTRAL: SR1E2Mu/Central/bjets/3/px in Skim_TriLep_DYJets10to50.root
2026-05-29 15:21:03,932 - INFO - [2016preVFP] MISSING_CENTRAL: SR1E2Mu/Central/bjets/3/px in Skim_TriLep_WWG.root
2026-05-29 15:21:04,073 - INFO - [2016preVFP] MISSING_CENTRAL: SR1E2Mu/Central/bjets/3/px in Skim_TriLep_WWW.root
2026-05-29 15:21:04,178 - INFO - [2016preVFP] MISSING_CENTRAL: SR1E2Mu/Central/bjets/3/px in Skim_TriLep_ggHToZZTo4L.root
2026-05-29 15:21:04,179 - INFO - [2016postVFP] MISSING_CENTRAL: SR1E2Mu/Central/bjets/3/px in Skim_TriLep_MuonEG_F.root
2026-05-29 15:21:04,179 - INFO - [2016postVFP] MISSING_CENTRAL: SR1E2Mu/Central/bjets/3/px in Skim_TriLep_MuonEG_G.root
2026-05-29 15:21:04,181 - INFO - [2016postVFP] MISSING_CENTRAL: SR1E2Mu/Central/bjets/3/px in Skim_TriLep_DYJets.root
2026-05-29 15:21:04,182 - INFO - [2016postVFP] MISSING_CENTRAL: SR1E2Mu/Central/bjets/3/px in Skim_TriLep_DYJets10to50.root
2026-05-29 15:21:04,182 - INFO - [2016postVFP] MISSING_CENTRAL: SR1E2Mu/Central/bjets/3/px in Skim_TriLep_TTG.root
2026-05-29 15:21:04,183 - INFO - [2016postVFP] MISSING_CENTRAL: SR1E2Mu/Central/bjets/3/px in Skim_TriLep_WWG.root
2026-05-29 15:21:04,332 - INFO - [2016postVFP] MISSING_CENTRAL: SR1E2Mu/Central/bjets/3/px in Skim_TriLep_WWW.root
2026-05-29 15:21:04,464 - INFO - [2017] MISSING_CENTRAL: SR1E2Mu/Central/bjets/3/px in Skim_TriLep_MuonEG_E.root
2026-05-29 15:21:04,466 - INFO - [2017] MISSING_CENTRAL: SR1E2Mu/Central/bjets/3/px in Skim_TriLep_DYJets.root
2026-05-29 15:21:04,466 - INFO - [2017] MISSING_CENTRAL: SR1E2Mu/Central/bjets/3/px in Skim_TriLep_DYJets10to50.root
2026-05-29 15:21:04,487 - INFO - [2017] MISSING_CENTRAL: SR1E2Mu/Central/bjets/3/px in Skim_TriLep_WWG.root
2026-05-29 15:21:04,640 - INFO - [2017] MISSING_CENTRAL: SR1E2Mu/Central/bjets/3/px in Skim_TriLep_WWW.root
2026-05-29 15:21:04,641 - INFO - [2017] MISSING_CENTRAL: SR1E2Mu/Central/bjets/3/px in Skim_TriLep_WWZ.root
2026-05-29 15:21:04,713 - INFO - [2017] MISSING_SYSTEMATIC: SR1E2Mu/JetEn_Down/bjets/3/px in Skim_TriLep_VBFHToZZTo4L.root
2026-05-29 15:21:04,730 - INFO - [2017] MISSING_CENTRAL: SR1E2Mu/Central/bjets/3/px in Skim_TriLep_ggHToZZTo4L.root
2026-05-29 15:21:04,733 - INFO - [2018] MISSING_CENTRAL: SR1E2Mu/Central/bjets/3/px in Skim_TriLep_MuonEG_C.root
2026-05-29 15:21:04,736 - INFO - [2018] MISSING_CENTRAL: SR1E2Mu/Central/bjets/3/px in Skim_TriLep_DYJets.root
2026-05-29 15:21:04,737 - INFO - [2018] MISSING_CENTRAL: SR1E2Mu/Central/bjets/3/px in Skim_TriLep_DYJets10to50.root
2026-05-29 15:21:04,759 - INFO - [2018] MISSING_CENTRAL: SR1E2Mu/Central/bjets/3/px in Skim_TriLep_WWG.root
2026-05-29 15:21:04,918 - INFO - [2018] MISSING_CENTRAL: SR1E2Mu/Central/bjets/3/px in Skim_TriLep_WWW.root
2026-05-29 15:21:05,013 - INFO - [2018] MISSING_SYSTEMATIC: SR1E2Mu/JetEn_Down/bjets/3/px in Skim_TriLep_VBFHToZZTo4L.root
2026-05-29 15:21:05,030 - INFO - [2018] MISSING_CENTRAL: SR1E2Mu/Central/bjets/3/px in Skim_TriLep_ggHToZZTo4L.root
2026-05-29 15:27:49,481 - INFO - [2016preVFP] MISSING_CENTRAL: SR1E2Mu/Central/bjets/3/px in Skim_TriLep_MuonEG_B.root
2026-05-29 15:27:49,482 - INFO - [2016preVFP] MISSING_CENTRAL: SR1E2Mu/Central/bjets/3/px in Skim_TriLep_MuonEG_C.root
2026-05-29 15:27:49,483 - INFO - [2016preVFP] MISSING_CENTRAL: SR1E2Mu/Central/bjets/3/px in Skim_TriLep_MuonEG_D.root
2026-05-29 15:27:49,483 - INFO - [2016preVFP] MISSING_CENTRAL: SR1E2Mu/Central/bjets/3/px in Skim_TriLep_MuonEG_E.root
2026-05-29 15:27:49,484 - INFO - [2016preVFP] MISSING_CENTRAL: SR1E2Mu/Central/bjets/3/px in Skim_TriLep_MuonEG_F.root
2026-05-29 15:27:49,484 - INFO - [2016postVFP] MISSING_CENTRAL: SR1E2Mu/Central/bjets/3/px in Skim_TriLep_MuonEG_F.root
2026-05-29 15:27:49,526 - INFO - [2016postVFP] MISSING_CENTRAL: SR1E2Mu/Central/bjets/3/px in Skim_TriLep_MuonEG_H.root
2026-05-29 15:27:49,561 - INFO - [2018] MISSING_CENTRAL: SR1E2Mu/Central/bjets/3/px in Skim_TriLep_MuonEG_C.root
2026-05-29 15:27:49,575 - INFO - [2016preVFP] MISSING_CENTRAL: SR1E2Mu/Central/bjets/3/px in Skim_TriLep_MuonEG_D.root
2026-05-29 15:27:49,577 - INFO - [2016preVFP] MISSING_CENTRAL: SR1E2Mu/Central/bjets/3/px in Skim_TriLep_DYJets.root
2026-05-29 15:27:49,578 - INFO - [2016preVFP] MISSING_CENTRAL: SR1E2Mu/Central/bjets/3/px in Skim_TriLep_DYJets10to50.root
2026-05-29 15:27:49,606 - INFO - [2016preVFP] MISSING_CENTRAL: SR1E2Mu/Central/bjets/3/px in Skim_TriLep_WWG.root
2026-05-29 15:27:49,747 - INFO - [2016preVFP] MISSING_CENTRAL: SR1E2Mu/Central/bjets/3/px in Skim_TriLep_WWW.root
2026-05-29 15:27:49,852 - INFO - [2016preVFP] MISSING_CENTRAL: SR1E2Mu/Central/bjets/3/px in Skim_TriLep_ggHToZZTo4L.root
2026-05-29 15:27:49,852 - INFO - [2016postVFP] MISSING_CENTRAL: SR1E2Mu/Central/bjets/3/px in Skim_TriLep_MuonEG_F.root
2026-05-29 15:27:49,853 - INFO - [2016postVFP] MISSING_CENTRAL: SR1E2Mu/Central/bjets/3/px in Skim_TriLep_MuonEG_G.root
2026-05-29 15:27:49,854 - INFO - [2016postVFP] MISSING_CENTRAL: SR1E2Mu/Central/bjets/3/px in Skim_TriLep_DYJets.root
2026-05-29 15:27:49,855 - INFO - [2016postVFP] MISSING_CENTRAL: SR1E2Mu/Central/bjets/3/px in Skim_TriLep_DYJets10to50.root
2026-05-29 15:27:49,855 - INFO - [2016postVFP] MISSING_CENTRAL: SR1E2Mu/Central/bjets/3/px in Skim_TriLep_TTG.root
2026-05-29 15:27:49,856 - INFO - [2016postVFP] MISSING_CENTRAL: SR1E2Mu/Central/bjets/3/px in Skim_TriLep_WWG.root
2026-05-29 15:27:50,006 - INFO - [2016postVFP] MISSING_CENTRAL: SR1E2Mu/Central/bjets/3/px in Skim_TriLep_WWW.root
2026-05-29 15:27:50,143 - INFO - [2017] MISSING_CENTRAL: SR1E2Mu/Central/bjets/3/px in Skim_TriLep_MuonEG_E.root
2026-05-29 15:27:50,145 - INFO - [2017] MISSING_CENTRAL: SR1E2Mu/Central/bjets/3/px in Skim_TriLep_DYJets.root
2026-05-29 15:27:50,145 - INFO - [2017] MISSING_CENTRAL: SR1E2Mu/Central/bjets/3/px in Skim_TriLep_DYJets10to50.root
2026-05-29 15:27:50,167 - INFO - [2017] MISSING_CENTRAL: SR1E2Mu/Central/bjets/3/px in Skim_TriLep_WWG.root
2026-05-29 15:27:50,300 - INFO - [2017] MISSING_CENTRAL: SR1E2Mu/Central/bjets/3/px in Skim_TriLep_WWW.root
2026-05-29 15:27:50,301 - INFO - [2017] MISSING_CENTRAL: SR1E2Mu/Central/bjets/3/px in Skim_TriLep_WWZ.root
2026-05-29 15:27:50,349 - INFO - [2017] MISSING_SYSTEMATIC: SR1E2Mu/JetEn_Down/bjets/3/px in Skim_TriLep_VBFHToZZTo4L.root
2026-05-29 15:27:50,360 - INFO - [2017] MISSING_CENTRAL: SR1E2Mu/Central/bjets/3/px in Skim_TriLep_ggHToZZTo4L.root
2026-05-29 15:27:50,362 - INFO - [2018] MISSING_CENTRAL: SR1E2Mu/Central/bjets/3/px in Skim_TriLep_MuonEG_C.root
2026-05-29 15:27:50,363 - INFO - [2018] MISSING_CENTRAL: SR1E2Mu/Central/bjets/3/px in Skim_TriLep_DYJets.root
2026-05-29 15:27:50,364 - INFO - [2018] MISSING_CENTRAL: SR1E2Mu/Central/bjets/3/px in Skim_TriLep_DYJets10to50.root
2026-05-29 15:27:50,379 - INFO - [2018] MISSING_CENTRAL: SR1E2Mu/Central/bjets/3/px in Skim_TriLep_WWG.root
2026-05-29 15:27:50,485 - INFO - [2018] MISSING_CENTRAL: SR1E2Mu/Central/bjets/3/px in Skim_TriLep_WWW.root
2026-05-29 15:27:50,584 - INFO - [2018] MISSING_SYSTEMATIC: SR1E2Mu/JetEn_Down/bjets/3/px in Skim_TriLep_VBFHToZZTo4L.root
2026-05-29 15:27:50,602 - INFO - [2018] MISSING_CENTRAL: SR1E2Mu/Central/bjets/3/px in Skim_TriLep_ggHToZZTo4L.root
2026-05-29 15:35:05,616 - INFO - [2016preVFP] MISSING_CENTRAL: SR1E2Mu/Central/bjets/3/px in Skim_TriLep_MuonEG_B.root
2026-05-29 15:35:05,617 - INFO - [2016preVFP] MISSING_CENTRAL: SR1E2Mu/Central/bjets/3/px in Skim_TriLep_MuonEG_C.root
2026-05-29 15:35:05,618 - INFO - [2016preVFP] MISSING_CENTRAL: SR1E2Mu/Central/bjets/3/px in Skim_TriLep_MuonEG_D.root
2026-05-29 15:35:05,618 - INFO - [2016preVFP] MISSING_CENTRAL: SR1E2Mu/Central/bjets/3/px in Skim_TriLep_MuonEG_E.root
2026-05-29 15:35:05,619 - INFO - [2016preVFP] MISSING_CENTRAL: SR1E2Mu/Central/bjets/3/px in Skim_TriLep_MuonEG_F.root
2026-05-29 15:35:05,619 - INFO - [2016postVFP] MISSING_CENTRAL: SR1E2Mu/Central/bjets/3/px in Skim_TriLep_MuonEG_F.root
2026-05-29 15:35:05,660 - INFO - [2016postVFP] MISSING_CENTRAL: SR1E2Mu/Central/bjets/3/px in Skim_TriLep_MuonEG_H.root
2026-05-29 15:35:05,698 - INFO - [2018] MISSING_CENTRAL: SR1E2Mu/Central/bjets/3/px in Skim_TriLep_MuonEG_C.root
2026-05-29 15:35:05,712 - INFO - [2016preVFP] MISSING_CENTRAL: SR1E2Mu/Central/bjets/3/px in Skim_TriLep_MuonEG_D.root
2026-05-29 15:35:05,715 - INFO - [2016preVFP] MISSING_CENTRAL: SR1E2Mu/Central/bjets/3/px in Skim_TriLep_DYJets.root
2026-05-29 15:35:05,715 - INFO - [2016preVFP] MISSING_CENTRAL: SR1E2Mu/Central/bjets/3/px in Skim_TriLep_DYJets10to50.root
2026-05-29 15:35:05,746 - INFO - [2016preVFP] MISSING_CENTRAL: SR1E2Mu/Central/bjets/3/px in Skim_TriLep_WWG.root
2026-05-29 15:35:05,902 - INFO - [2016preVFP] MISSING_CENTRAL: SR1E2Mu/Central/bjets/3/px in Skim_TriLep_WWW.root
2026-05-29 15:35:06,012 - INFO - [2016preVFP] MISSING_CENTRAL: SR1E2Mu/Central/bjets/3/px in Skim_TriLep_ggHToZZTo4L.root
2026-05-29 15:35:06,012 - INFO - [2016postVFP] MISSING_CENTRAL: SR1E2Mu/Central/bjets/3/px in Skim_TriLep_MuonEG_F.root
2026-05-29 15:35:06,013 - INFO - [2016postVFP] MISSING_CENTRAL: SR1E2Mu/Central/bjets/3/px in Skim_TriLep_MuonEG_G.root
2026-05-29 15:35:06,014 - INFO - [2016postVFP] MISSING_CENTRAL: SR1E2Mu/Central/bjets/3/px in Skim_TriLep_DYJets.root
2026-05-29 15:35:06,015 - INFO - [2016postVFP] MISSING_CENTRAL: SR1E2Mu/Central/bjets/3/px in Skim_TriLep_DYJets10to50.root
2026-05-29 15:35:06,016 - INFO - [2016postVFP] MISSING_CENTRAL: SR1E2Mu/Central/bjets/3/px in Skim_TriLep_TTG.root
2026-05-29 15:35:06,016 - INFO - [2016postVFP] MISSING_CENTRAL: SR1E2Mu/Central/bjets/3/px in Skim_TriLep_WWG.root
2026-05-29 15:35:06,172 - INFO - [2016postVFP] MISSING_CENTRAL: SR1E2Mu/Central/bjets/3/px in Skim_TriLep_WWW.root
2026-05-29 15:35:06,310 - INFO - [2017] MISSING_CENTRAL: SR1E2Mu/Central/bjets/3/px in Skim_TriLep_MuonEG_E.root
2026-05-29 15:35:06,312 - INFO - [2017] MISSING_CENTRAL: SR1E2Mu/Central/bjets/3/px in Skim_TriLep_DYJets.root
2026-05-29 15:35:06,312 - INFO - [2017] MISSING_CENTRAL: SR1E2Mu/Central/bjets/3/px in Skim_TriLep_DYJets10to50.root
2026-05-29 15:35:06,334 - INFO - [2017] MISSING_CENTRAL: SR1E2Mu/Central/bjets/3/px in Skim_TriLep_WWG.root
2026-05-29 15:35:06,492 - INFO - [2017] MISSING_CENTRAL: SR1E2Mu/Central/bjets/3/px in Skim_TriLep_WWW.root
2026-05-29 15:35:06,492 - INFO - [2017] MISSING_CENTRAL: SR1E2Mu/Central/bjets/3/px in Skim_TriLep_WWZ.root
2026-05-29 15:35:06,565 - INFO - [2017] MISSING_SYSTEMATIC: SR1E2Mu/JetEn_Down/bjets/3/px in Skim_TriLep_VBFHToZZTo4L.root
2026-05-29 15:35:06,582 - INFO - [2017] MISSING_CENTRAL: SR1E2Mu/Central/bjets/3/px in Skim_TriLep_ggHToZZTo4L.root
2026-05-29 15:35:06,585 - INFO - [2018] MISSING_CENTRAL: SR1E2Mu/Central/bjets/3/px in Skim_TriLep_MuonEG_C.root
2026-05-29 15:35:06,588 - INFO - [2018] MISSING_CENTRAL: SR1E2Mu/Central/bjets/3/px in Skim_TriLep_DYJets.root
2026-05-29 15:35:06,589 - INFO - [2018] MISSING_CENTRAL: SR1E2Mu/Central/bjets/3/px in Skim_TriLep_DYJets10to50.root
2026-05-29 15:35:06,612 - INFO - [2018] MISSING_CENTRAL: SR1E2Mu/Central/bjets/3/px in Skim_TriLep_WWG.root
2026-05-29 15:35:06,763 - INFO - [2018] MISSING_CENTRAL: SR1E2Mu/Central/bjets/3/px in Skim_TriLep_WWW.root
2026-05-29 15:35:06,833 - INFO - [2018] MISSING_SYSTEMATIC: SR1E2Mu/JetEn_Down/bjets/3/px in Skim_TriLep_VBFHToZZTo4L.root
2026-05-29 15:35:06,844 - INFO - [2018] MISSING_CENTRAL: SR1E2Mu/Central/bjets/3/px in Skim_TriLep_ggHToZZTo4L.root
2026-05-29 18:19:04,216 - INFO - [2016preVFP] MISSING_CENTRAL: SR1E2Mu/Central/bjets/3/px in Skim_TriLep_MuonEG_B.root
2026-05-29 18:19:04,217 - INFO - [2016preVFP] MISSING_CENTRAL: SR1E2Mu/Central/bjets/3/px in Skim_TriLep_MuonEG_C.root
2026-05-29 18:19:04,217 - INFO - [2016preVFP] MISSING_CENTRAL: SR1E2Mu/Central/bjets/3/px in Skim_TriLep_MuonEG_D.root
2026-05-29 18:19:04,218 - INFO - [2016preVFP] MISSING_CENTRAL: SR1E2Mu/Central/bjets/3/px in Skim_TriLep_MuonEG_E.root
2026-05-29 18:19:04,218 - INFO - [2016preVFP] MISSING_CENTRAL: SR1E2Mu/Central/bjets/3/px in Skim_TriLep_MuonEG_F.root
2026-05-29 18:19:04,219 - INFO - [2016postVFP] MISSING_CENTRAL: SR1E2Mu/Central/bjets/3/px in Skim_TriLep_MuonEG_F.root
2026-05-29 18:19:04,260 - INFO - [2016postVFP] MISSING_CENTRAL: SR1E2Mu/Central/bjets/3/px in Skim_TriLep_MuonEG_H.root
2026-05-29 18:19:04,295 - INFO - [2018] MISSING_CENTRAL: SR1E2Mu/Central/bjets/3/px in Skim_TriLep_MuonEG_C.root
2026-05-29 18:19:04,308 - INFO - [2016preVFP] MISSING_CENTRAL: SR1E2Mu/Central/bjets/3/px in Skim_TriLep_MuonEG_D.root
2026-05-29 18:19:04,311 - INFO - [2016preVFP] MISSING_CENTRAL: SR1E2Mu/Central/bjets/3/px in Skim_TriLep_DYJets.root
2026-05-29 18:19:04,311 - INFO - [2016preVFP] MISSING_CENTRAL: SR1E2Mu/Central/bjets/3/px in Skim_TriLep_DYJets10to50.root
2026-05-29 18:19:04,341 - INFO - [2016preVFP] MISSING_CENTRAL: SR1E2Mu/Central/bjets/3/px in Skim_TriLep_WWG.root
2026-05-29 18:19:04,494 - INFO - [2016preVFP] MISSING_CENTRAL: SR1E2Mu/Central/bjets/3/px in Skim_TriLep_WWW.root
2026-05-29 18:19:04,603 - INFO - [2016preVFP] MISSING_CENTRAL: SR1E2Mu/Central/bjets/3/px in Skim_TriLep_ggHToZZTo4L.root
2026-05-29 18:19:04,604 - INFO - [2016postVFP] MISSING_CENTRAL: SR1E2Mu/Central/bjets/3/px in Skim_TriLep_MuonEG_F.root
2026-05-29 18:19:04,605 - INFO - [2016postVFP] MISSING_CENTRAL: SR1E2Mu/Central/bjets/3/px in Skim_TriLep_MuonEG_G.root
2026-05-29 18:19:04,606 - INFO - [2016postVFP] MISSING_CENTRAL: SR1E2Mu/Central/bjets/3/px in Skim_TriLep_DYJets.root
2026-05-29 18:19:04,607 - INFO - [2016postVFP] MISSING_CENTRAL: SR1E2Mu/Central/bjets/3/px in Skim_TriLep_DYJets10to50.root
2026-05-29 18:19:04,607 - INFO - [2016postVFP] MISSING_CENTRAL: SR1E2Mu/Central/bjets/3/px in Skim_TriLep_TTG.root
2026-05-29 18:19:04,608 - INFO - [2016postVFP] MISSING_CENTRAL: SR1E2Mu/Central/bjets/3/px in Skim_TriLep_WWG.root
2026-05-29 18:19:04,763 - INFO - [2016postVFP] MISSING_CENTRAL: SR1E2Mu/Central/bjets/3/px in Skim_TriLep_WWW.root
2026-05-29 18:19:04,897 - INFO - [2017] MISSING_CENTRAL: SR1E2Mu/Central/bjets/3/px in Skim_TriLep_MuonEG_E.root
2026-05-29 18:19:04,898 - INFO - [2017] MISSING_CENTRAL: SR1E2Mu/Central/bjets/3/px in Skim_TriLep_DYJets.root
2026-05-29 18:19:04,899 - INFO - [2017] MISSING_CENTRAL: SR1E2Mu/Central/bjets/3/px in Skim_TriLep_DYJets10to50.root
2026-05-29 18:19:04,920 - INFO - [2017] MISSING_CENTRAL: SR1E2Mu/Central/bjets/3/px in Skim_TriLep_WWG.root
2026-05-29 18:19:05,073 - INFO - [2017] MISSING_CENTRAL: SR1E2Mu/Central/bjets/3/px in Skim_TriLep_WWW.root
2026-05-29 18:19:05,074 - INFO - [2017] MISSING_CENTRAL: SR1E2Mu/Central/bjets/3/px in Skim_TriLep_WWZ.root
2026-05-29 18:19:05,144 - INFO - [2017] MISSING_SYSTEMATIC: SR1E2Mu/JetEn_Down/bjets/3/px in Skim_TriLep_VBFHToZZTo4L.root
2026-05-29 18:19:05,160 - INFO - [2017] MISSING_CENTRAL: SR1E2Mu/Central/bjets/3/px in Skim_TriLep_ggHToZZTo4L.root
2026-05-29 18:19:05,163 - INFO - [2018] MISSING_CENTRAL: SR1E2Mu/Central/bjets/3/px in Skim_TriLep_MuonEG_C.root
2026-05-29 18:19:05,166 - INFO - [2018] MISSING_CENTRAL: SR1E2Mu/Central/bjets/3/px in Skim_TriLep_DYJets.root
2026-05-29 18:19:05,167 - INFO - [2018] MISSING_CENTRAL: SR1E2Mu/Central/bjets/3/px in Skim_TriLep_DYJets10to50.root
2026-05-29 18:19:05,188 - INFO - [2018] MISSING_CENTRAL: SR1E2Mu/Central/bjets/3/px in Skim_TriLep_WWG.root
2026-05-29 18:19:05,343 - INFO - [2018] MISSING_CENTRAL: SR1E2Mu/Central/bjets/3/px in Skim_TriLep_WWW.root
2026-05-29 18:19:05,430 - INFO - [2018] MISSING_SYSTEMATIC: SR1E2Mu/JetEn_Down/bjets/3/px in Skim_TriLep_VBFHToZZTo4L.root
2026-05-29 18:19:05,442 - INFO - [2018] MISSING_CENTRAL: SR1E2Mu/Central/bjets/3/px in Skim_TriLep_ggHToZZTo4L.root
2026-05-29 18:26:19,886 - INFO - [2016preVFP] MISSING_CENTRAL: SR1E2Mu/Central/bjets/3/px in Skim_TriLep_MuonEG_B.root
2026-05-29 18:26:19,886 - INFO - [2016preVFP] MISSING_CENTRAL: SR1E2Mu/Central/bjets/3/px in Skim_TriLep_MuonEG_C.root
2026-05-29 18:26:19,887 - INFO - [2016preVFP] MISSING_CENTRAL: SR1E2Mu/Central/bjets/3/px in Skim_TriLep_MuonEG_D.root
2026-05-29 18:26:19,887 - INFO - [2016preVFP] MISSING_CENTRAL: SR1E2Mu/Central/bjets/3/px in Skim_TriLep_MuonEG_E.root
2026-05-29 18:26:19,888 - INFO - [2016preVFP] MISSING_CENTRAL: SR1E2Mu/Central/bjets/3/px in Skim_TriLep_MuonEG_F.root
2026-05-29 18:26:19,888 - INFO - [2016postVFP] MISSING_CENTRAL: SR1E2Mu/Central/bjets/3/px in Skim_TriLep_MuonEG_F.root
2026-05-29 18:26:19,927 - INFO - [2016postVFP] MISSING_CENTRAL: SR1E2Mu/Central/bjets/3/px in Skim_TriLep_MuonEG_H.root
2026-05-29 18:26:19,962 - INFO - [2018] MISSING_CENTRAL: SR1E2Mu/Central/bjets/3/px in Skim_TriLep_MuonEG_C.root
2026-05-29 18:26:19,975 - INFO - [2016preVFP] MISSING_CENTRAL: SR1E2Mu/Central/bjets/3/px in Skim_TriLep_MuonEG_D.root
2026-05-29 18:26:19,977 - INFO - [2016preVFP] MISSING_CENTRAL: SR1E2Mu/Central/bjets/3/px in Skim_TriLep_DYJets.root
2026-05-29 18:26:19,978 - INFO - [2016preVFP] MISSING_CENTRAL: SR1E2Mu/Central/bjets/3/px in Skim_TriLep_DYJets10to50.root
2026-05-29 18:26:20,004 - INFO - [2016preVFP] MISSING_CENTRAL: SR1E2Mu/Central/bjets/3/px in Skim_TriLep_WWG.root
2026-05-29 18:26:20,152 - INFO - [2016preVFP] MISSING_CENTRAL: SR1E2Mu/Central/bjets/3/px in Skim_TriLep_WWW.root
2026-05-29 18:26:20,256 - INFO - [2016preVFP] MISSING_CENTRAL: SR1E2Mu/Central/bjets/3/px in Skim_TriLep_ggHToZZTo4L.root
2026-05-29 18:26:20,257 - INFO - [2016postVFP] MISSING_CENTRAL: SR1E2Mu/Central/bjets/3/px in Skim_TriLep_MuonEG_F.root
2026-05-29 18:26:20,257 - INFO - [2016postVFP] MISSING_CENTRAL: SR1E2Mu/Central/bjets/3/px in Skim_TriLep_MuonEG_G.root
2026-05-29 18:26:20,259 - INFO - [2016postVFP] MISSING_CENTRAL: SR1E2Mu/Central/bjets/3/px in Skim_TriLep_DYJets.root
2026-05-29 18:26:20,259 - INFO - [2016postVFP] MISSING_CENTRAL: SR1E2Mu/Central/bjets/3/px in Skim_TriLep_DYJets10to50.root
2026-05-29 18:26:20,260 - INFO - [2016postVFP] MISSING_CENTRAL: SR1E2Mu/Central/bjets/3/px in Skim_TriLep_TTG.root
2026-05-29 18:26:20,261 - INFO - [2016postVFP] MISSING_CENTRAL: SR1E2Mu/Central/bjets/3/px in Skim_TriLep_WWG.root
2026-05-29 18:26:20,411 - INFO - [2016postVFP] MISSING_CENTRAL: SR1E2Mu/Central/bjets/3/px in Skim_TriLep_WWW.root
2026-05-29 18:26:20,543 - INFO - [2017] MISSING_CENTRAL: SR1E2Mu/Central/bjets/3/px in Skim_TriLep_MuonEG_E.root
2026-05-29 18:26:20,545 - INFO - [2017] MISSING_CENTRAL: SR1E2Mu/Central/bjets/3/px in Skim_TriLep_DYJets.root
2026-05-29 18:26:20,545 - INFO - [2017] MISSING_CENTRAL: SR1E2Mu/Central/bjets/3/px in Skim_TriLep_DYJets10to50.root
2026-05-29 18:26:20,566 - INFO - [2017] MISSING_CENTRAL: SR1E2Mu/Central/bjets/3/px in Skim_TriLep_WWG.root
2026-05-29 18:26:20,725 - INFO - [2017] MISSING_CENTRAL: SR1E2Mu/Central/bjets/3/px in Skim_TriLep_WWW.root
2026-05-29 18:26:20,726 - INFO - [2017] MISSING_CENTRAL: SR1E2Mu/Central/bjets/3/px in Skim_TriLep_WWZ.root
2026-05-29 18:26:20,798 - INFO - [2017] MISSING_SYSTEMATIC: SR1E2Mu/JetEn_Down/bjets/3/px in Skim_TriLep_VBFHToZZTo4L.root
2026-05-29 18:26:20,815 - INFO - [2017] MISSING_CENTRAL: SR1E2Mu/Central/bjets/3/px in Skim_TriLep_ggHToZZTo4L.root
2026-05-29 18:26:20,818 - INFO - [2018] MISSING_CENTRAL: SR1E2Mu/Central/bjets/3/px in Skim_TriLep_MuonEG_C.root
2026-05-29 18:26:20,820 - INFO - [2018] MISSING_CENTRAL: SR1E2Mu/Central/bjets/3/px in Skim_TriLep_DYJets.root
2026-05-29 18:26:20,821 - INFO - [2018] MISSING_CENTRAL: SR1E2Mu/Central/bjets/3/px in Skim_TriLep_DYJets10to50.root
2026-05-29 18:26:20,843 - INFO - [2018] MISSING_CENTRAL: SR1E2Mu/Central/bjets/3/px in Skim_TriLep_WWG.root
2026-05-29 18:26:21,001 - INFO - [2018] MISSING_CENTRAL: SR1E2Mu/Central/bjets/3/px in Skim_TriLep_WWW.root
2026-05-29 18:26:21,096 - INFO - [2018] MISSING_SYSTEMATIC: SR1E2Mu/JetEn_Down/bjets/3/px in Skim_TriLep_VBFHToZZTo4L.root
2026-05-29 18:26:21,113 - INFO - [2018] MISSING_CENTRAL: SR1E2Mu/Central/bjets/3/px in Skim_TriLep_ggHToZZTo4L.root
2026-06-12 13:57:43,452 - INFO - [2016preVFP] MISSING_CENTRAL: SR1E2Mu/Central/bjets/3/px in Skim_TriLep_MuonEG_B.root
2026-06-12 13:57:43,452 - INFO - [2016preVFP] MISSING_CENTRAL: SR1E2Mu/Central/bjets/3/px in Skim_TriLep_MuonEG_C.root
2026-06-12 13:57:43,453 - INFO - [2016preVFP] MISSING_CENTRAL: SR1E2Mu/Central/bjets/3/px in Skim_TriLep_MuonEG_D.root
2026-06-12 13:57:43,454 - INFO - [2016preVFP] MISSING_CENTRAL: SR1E2Mu/Central/bjets/3/px in Skim_TriLep_MuonEG_E.root
2026-06-12 13:57:43,454 - INFO - [2016preVFP] MISSING_CENTRAL: SR1E2Mu/Central/bjets/3/px in Skim_TriLep_MuonEG_F.root
2026-06-12 13:57:43,455 - INFO - [2016postVFP] MISSING_CENTRAL: SR1E2Mu/Central/bjets/3/px in Skim_TriLep_MuonEG_F.root
2026-06-12 13:57:43,495 - INFO - [2016postVFP] MISSING_CENTRAL: SR1E2Mu/Central/bjets/3/px in Skim_TriLep_MuonEG_H.root
2026-06-12 13:57:43,528 - INFO - [2018] MISSING_CENTRAL: SR1E2Mu/Central/bjets/3/px in Skim_TriLep_MuonEG_C.root
2026-06-12 13:57:43,542 - INFO - [2016preVFP] MISSING_CENTRAL: SR1E2Mu/Central/bjets/3/px in Skim_TriLep_MuonEG_D.root
2026-06-12 13:57:43,544 - INFO - [2016preVFP] MISSING_CENTRAL: SR1E2Mu/Central/bjets/3/px in Skim_TriLep_DYJets.root
2026-06-12 13:57:43,544 - INFO - [2016preVFP] MISSING_CENTRAL: SR1E2Mu/Central/bjets/3/px in Skim_TriLep_DYJets10to50.root
2026-06-12 13:57:43,572 - INFO - [2016preVFP] MISSING_CENTRAL: SR1E2Mu/Central/bjets/3/px in Skim_TriLep_WWG.root
2026-06-12 13:57:43,721 - INFO - [2016preVFP] MISSING_CENTRAL: SR1E2Mu/Central/bjets/3/px in Skim_TriLep_WWW.root
2026-06-12 13:57:43,829 - INFO - [2016preVFP] MISSING_CENTRAL: SR1E2Mu/Central/bjets/3/px in Skim_TriLep_ggHToZZTo4L.root
2026-06-12 13:57:43,830 - INFO - [2016postVFP] MISSING_CENTRAL: SR1E2Mu/Central/bjets/3/px in Skim_TriLep_MuonEG_F.root
2026-06-12 13:57:43,831 - INFO - [2016postVFP] MISSING_CENTRAL: SR1E2Mu/Central/bjets/3/px in Skim_TriLep_MuonEG_G.root
2026-06-12 13:57:43,832 - INFO - [2016postVFP] MISSING_CENTRAL: SR1E2Mu/Central/bjets/3/px in Skim_TriLep_DYJets.root
2026-06-12 13:57:43,833 - INFO - [2016postVFP] MISSING_CENTRAL: SR1E2Mu/Central/bjets/3/px in Skim_TriLep_DYJets10to50.root
2026-06-12 13:57:43,833 - INFO - [2016postVFP] MISSING_CENTRAL: SR1E2Mu/Central/bjets/3/px in Skim_TriLep_TTG.root
2026-06-12 13:57:43,834 - INFO - [2016postVFP] MISSING_CENTRAL: SR1E2Mu/Central/bjets/3/px in Skim_TriLep_WWG.root
2026-06-12 13:57:43,988 - INFO - [2016postVFP] MISSING_CENTRAL: SR1E2Mu/Central/bjets/3/px in Skim_TriLep_WWW.root
2026-06-12 13:57:44,125 - INFO - [2017] MISSING_CENTRAL: SR1E2Mu/Central/bjets/3/px in Skim_TriLep_MuonEG_E.root
2026-06-12 13:57:44,126 - INFO - [2017] MISSING_CENTRAL: SR1E2Mu/Central/bjets/3/px in Skim_TriLep_DYJets.root
2026-06-12 13:57:44,127 - INFO - [2017] MISSING_CENTRAL: SR1E2Mu/Central/bjets/3/px in Skim_TriLep_DYJets10to50.root
2026-06-12 13:57:44,150 - INFO - [2017] MISSING_CENTRAL: SR1E2Mu/Central/bjets/3/px in Skim_TriLep_WWG.root
2026-06-12 13:57:44,304 - INFO - [2017] MISSING_CENTRAL: SR1E2Mu/Central/bjets/3/px in Skim_TriLep_WWW.root
2026-06-12 13:57:44,304 - INFO - [2017] MISSING_CENTRAL: SR1E2Mu/Central/bjets/3/px in Skim_TriLep_WWZ.root
2026-06-12 13:57:44,377 - INFO - [2017] MISSING_SYSTEMATIC: SR1E2Mu/JetEn_Down/bjets/3/px in Skim_TriLep_VBFHToZZTo4L.root
2026-06-12 13:57:44,394 - INFO - [2017] MISSING_CENTRAL: SR1E2Mu/Central/bjets/3/px in Skim_TriLep_ggHToZZTo4L.root
2026-06-12 13:57:44,397 - INFO - [2018] MISSING_CENTRAL: SR1E2Mu/Central/bjets/3/px in Skim_TriLep_MuonEG_C.root
2026-06-12 13:57:44,399 - INFO - [2018] MISSING_CENTRAL: SR1E2Mu/Central/bjets/3/px in Skim_TriLep_DYJets.root
2026-06-12 13:57:44,400 - INFO - [2018] MISSING_CENTRAL: SR1E2Mu/Central/bjets/3/px in Skim_TriLep_DYJets10to50.root
2026-06-12 13:57:44,422 - INFO - [2018] MISSING_CENTRAL: SR1E2Mu/Central/bjets/3/px in Skim_TriLep_WWG.root
2026-06-12 13:57:44,583 - INFO - [2018] MISSING_CENTRAL: SR1E2Mu/Central/bjets/3/px in Skim_TriLep_WWW.root
2026-06-12 13:57:44,681 - INFO - [2018] MISSING_SYSTEMATIC: SR1E2Mu/JetEn_Down/bjets/3/px in Skim_TriLep_VBFHToZZTo4L.root
2026-06-12 13:57:44,698 - INFO - [2018] MISSING_CENTRAL: SR1E2Mu/Central/bjets/3/px in Skim_TriLep_ggHToZZTo4L.root
2026-06-12 14:05:10,547 - INFO - [2016preVFP] MISSING_CENTRAL: SR1E2Mu/Central/bjets/3/px in Skim_TriLep_MuonEG_B.root
2026-06-12 14:05:10,548 - INFO - [2016preVFP] MISSING_CENTRAL: SR1E2Mu/Central/bjets/3/px in Skim_TriLep_MuonEG_C.root
2026-06-12 14:05:10,548 - INFO - [2016preVFP] MISSING_CENTRAL: SR1E2Mu/Central/bjets/3/px in Skim_TriLep_MuonEG_D.root
2026-06-12 14:05:10,549 - INFO - [2016preVFP] MISSING_CENTRAL: SR1E2Mu/Central/bjets/3/px in Skim_TriLep_MuonEG_E.root
2026-06-12 14:05:10,549 - INFO - [2016preVFP] MISSING_CENTRAL: SR1E2Mu/Central/bjets/3/px in Skim_TriLep_MuonEG_F.root
2026-06-12 14:05:10,550 - INFO - [2016postVFP] MISSING_CENTRAL: SR1E2Mu/Central/bjets/3/px in Skim_TriLep_MuonEG_F.root
2026-06-12 14:05:10,590 - INFO - [2016postVFP] MISSING_CENTRAL: SR1E2Mu/Central/bjets/3/px in Skim_TriLep_MuonEG_H.root
2026-06-12 14:05:10,625 - INFO - [2018] MISSING_CENTRAL: SR1E2Mu/Central/bjets/3/px in Skim_TriLep_MuonEG_C.root
2026-06-12 14:05:10,639 - INFO - [2016preVFP] MISSING_CENTRAL: SR1E2Mu/Central/bjets/3/px in Skim_TriLep_MuonEG_D.root
2026-06-12 14:05:10,642 - INFO - [2016preVFP] MISSING_CENTRAL: SR1E2Mu/Central/bjets/3/px in Skim_TriLep_DYJets.root
2026-06-12 14:05:10,643 - INFO - [2016preVFP] MISSING_CENTRAL: SR1E2Mu/Central/bjets/3/px in Skim_TriLep_DYJets10to50.root
2026-06-12 14:05:10,671 - INFO - [2016preVFP] MISSING_CENTRAL: SR1E2Mu/Central/bjets/3/px in Skim_TriLep_WWG.root
2026-06-12 14:05:10,797 - INFO - [2016preVFP] MISSING_CENTRAL: SR1E2Mu/Central/bjets/3/px in Skim_TriLep_WWW.root
2026-06-12 14:05:10,902 - INFO - [2016preVFP] MISSING_CENTRAL: SR1E2Mu/Central/bjets/3/px in Skim_TriLep_ggHToZZTo4L.root
2026-06-12 14:05:10,903 - INFO - [2016postVFP] MISSING_CENTRAL: SR1E2Mu/Central/bjets/3/px in Skim_TriLep_MuonEG_F.root
2026-06-12 14:05:10,903 - INFO - [2016postVFP] MISSING_CENTRAL: SR1E2Mu/Central/bjets/3/px in Skim_TriLep_MuonEG_G.root
2026-06-12 14:05:10,905 - INFO - [2016postVFP] MISSING_CENTRAL: SR1E2Mu/Central/bjets/3/px in Skim_TriLep_DYJets.root
2026-06-12 14:05:10,906 - INFO - [2016postVFP] MISSING_CENTRAL: SR1E2Mu/Central/bjets/3/px in Skim_TriLep_DYJets10to50.root
2026-06-12 14:05:10,906 - INFO - [2016postVFP] MISSING_CENTRAL: SR1E2Mu/Central/bjets/3/px in Skim_TriLep_TTG.root
2026-06-12 14:05:10,907 - INFO - [2016postVFP] MISSING_CENTRAL: SR1E2Mu/Central/bjets/3/px in Skim_TriLep_WWG.root
2026-06-12 14:05:11,066 - INFO - [2016postVFP] MISSING_CENTRAL: SR1E2Mu/Central/bjets/3/px in Skim_TriLep_WWW.root
2026-06-12 14:05:11,208 - INFO - [2017] MISSING_CENTRAL: SR1E2Mu/Central/bjets/3/px in Skim_TriLep_MuonEG_E.root
2026-06-12 14:05:11,210 - INFO - [2017] MISSING_CENTRAL: SR1E2Mu/Central/bjets/3/px in Skim_TriLep_DYJets.root
2026-06-12 14:05:11,211 - INFO - [2017] MISSING_CENTRAL: SR1E2Mu/Central/bjets/3/px in Skim_TriLep_DYJets10to50.root
2026-06-12 14:05:11,234 - INFO - [2017] MISSING_CENTRAL: SR1E2Mu/Central/bjets/3/px in Skim_TriLep_WWG.root
2026-06-12 14:05:11,397 - INFO - [2017] MISSING_CENTRAL: SR1E2Mu/Central/bjets/3/px in Skim_TriLep_WWW.root
2026-06-12 14:05:11,398 - INFO - [2017] MISSING_CENTRAL: SR1E2Mu/Central/bjets/3/px in Skim_TriLep_WWZ.root
2026-06-12 14:05:11,471 - INFO - [2017] MISSING_SYSTEMATIC: SR1E2Mu/JetEn_Down/bjets/3/px in Skim_TriLep_VBFHToZZTo4L.root
2026-06-12 14:05:11,489 - INFO - [2017] MISSING_CENTRAL: SR1E2Mu/Central/bjets/3/px in Skim_TriLep_ggHToZZTo4L.root
2026-06-12 14:05:11,492 - INFO - [2018] MISSING_CENTRAL: SR1E2Mu/Central/bjets/3/px in Skim_TriLep_MuonEG_C.root
2026-06-12 14:05:11,495 - INFO - [2018] MISSING_CENTRAL: SR1E2Mu/Central/bjets/3/px in Skim_TriLep_DYJets.root
2026-06-12 14:05:11,496 - INFO - [2018] MISSING_CENTRAL: SR1E2Mu/Central/bjets/3/px in Skim_TriLep_DYJets10to50.root
2026-06-12 14:05:11,519 - INFO - [2018] MISSING_CENTRAL: SR1E2Mu/Central/bjets/3/px in Skim_TriLep_WWG.root
2026-06-12 14:05:11,682 - INFO - [2018] MISSING_CENTRAL: SR1E2Mu/Central/bjets/3/px in Skim_TriLep_WWW.root
2026-06-12 14:05:11,780 - INFO - [2018] MISSING_SYSTEMATIC: SR1E2Mu/JetEn_Down/bjets/3/px in Skim_TriLep_VBFHToZZTo4L.root
2026-06-12 14:05:11,797 - INFO - [2018] MISSING_CENTRAL: SR1E2Mu/Central/bjets/3/px in Skim_TriLep_ggHToZZTo4L.root
2026-06-12 14:27:00,651 - INFO - [2016preVFP] MISSING_CENTRAL: SR1E2Mu/Central/bjets/3/px in Skim_TriLep_MuonEG_B.root
2026-06-12 14:27:00,652 - INFO - [2016preVFP] MISSING_CENTRAL: SR1E2Mu/Central/bjets/3/px in Skim_TriLep_MuonEG_C.root
2026-06-12 14:27:00,652 - INFO - [2016preVFP] MISSING_CENTRAL: SR1E2Mu/Central/bjets/3/px in Skim_TriLep_MuonEG_D.root
2026-06-12 14:27:00,653 - INFO - [2016preVFP] MISSING_CENTRAL: SR1E2Mu/Central/bjets/3/px in Skim_TriLep_MuonEG_E.root
2026-06-12 14:27:00,653 - INFO - [2016preVFP] MISSING_CENTRAL: SR1E2Mu/Central/bjets/3/px in Skim_TriLep_MuonEG_F.root
2026-06-12 14:27:00,654 - INFO - [2016postVFP] MISSING_CENTRAL: SR1E2Mu/Central/bjets/3/px in Skim_TriLep_MuonEG_F.root
2026-06-12 14:27:00,695 - INFO - [2016postVFP] MISSING_CENTRAL: SR1E2Mu/Central/bjets/3/px in Skim_TriLep_MuonEG_H.root
2026-06-12 14:27:00,731 - INFO - [2018] MISSING_CENTRAL: SR1E2Mu/Central/bjets/3/px in Skim_TriLep_MuonEG_C.root
2026-06-12 14:27:00,743 - INFO - [2016preVFP] MISSING_CENTRAL: SR1E2Mu/Central/bjets/3/px in Skim_TriLep_MuonEG_D.root
2026-06-12 14:27:00,746 - INFO - [2016preVFP] MISSING_CENTRAL: SR1E2Mu/Central/bjets/3/px in Skim_TriLep_DYJets.root
2026-06-12 14:27:00,746 - INFO - [2016preVFP] MISSING_CENTRAL: SR1E2Mu/Central/bjets/3/px in Skim_TriLep_DYJets10to50.root
2026-06-12 14:27:00,774 - INFO - [2016preVFP] MISSING_CENTRAL: SR1E2Mu/Central/bjets/3/px in Skim_TriLep_WWG.root
2026-06-12 14:27:00,921 - INFO - [2016preVFP] MISSING_CENTRAL: SR1E2Mu/Central/bjets/3/px in Skim_TriLep_WWW.root
2026-06-12 14:27:01,027 - INFO - [2016preVFP] MISSING_CENTRAL: SR1E2Mu/Central/bjets/3/px in Skim_TriLep_ggHToZZTo4L.root
2026-06-12 14:27:01,028 - INFO - [2016postVFP] MISSING_CENTRAL: SR1E2Mu/Central/bjets/3/px in Skim_TriLep_MuonEG_F.root
2026-06-12 14:27:01,028 - INFO - [2016postVFP] MISSING_CENTRAL: SR1E2Mu/Central/bjets/3/px in Skim_TriLep_MuonEG_G.root
2026-06-12 14:27:01,030 - INFO - [2016postVFP] MISSING_CENTRAL: SR1E2Mu/Central/bjets/3/px in Skim_TriLep_DYJets.root
2026-06-12 14:27:01,031 - INFO - [2016postVFP] MISSING_CENTRAL: SR1E2Mu/Central/bjets/3/px in Skim_TriLep_DYJets10to50.root
2026-06-12 14:27:01,031 - INFO - [2016postVFP] MISSING_CENTRAL: SR1E2Mu/Central/bjets/3/px in Skim_TriLep_TTG.root
2026-06-12 14:27:01,032 - INFO - [2016postVFP] MISSING_CENTRAL: SR1E2Mu/Central/bjets/3/px in Skim_TriLep_WWG.root
2026-06-12 14:27:01,181 - INFO - [2016postVFP] MISSING_CENTRAL: SR1E2Mu/Central/bjets/3/px in Skim_TriLep_WWW.root
2026-06-12 14:27:01,316 - INFO - [2017] MISSING_CENTRAL: SR1E2Mu/Central/bjets/3/px in Skim_TriLep_MuonEG_E.root
2026-06-12 14:27:01,318 - INFO - [2017] MISSING_CENTRAL: SR1E2Mu/Central/bjets/3/px in Skim_TriLep_DYJets.root
2026-06-12 14:27:01,319 - INFO - [2017] MISSING_CENTRAL: SR1E2Mu/Central/bjets/3/px in Skim_TriLep_DYJets10to50.root
2026-06-12 14:27:01,342 - INFO - [2017] MISSING_CENTRAL: SR1E2Mu/Central/bjets/3/px in Skim_TriLep_WWG.root
2026-06-12 14:27:01,509 - INFO - [2017] MISSING_CENTRAL: SR1E2Mu/Central/bjets/3/px in Skim_TriLep_WWW.root
2026-06-12 14:27:01,510 - INFO - [2017] MISSING_CENTRAL: SR1E2Mu/Central/bjets/3/px in Skim_TriLep_WWZ.root
2026-06-12 14:27:01,586 - INFO - [2017] MISSING_SYSTEMATIC: SR1E2Mu/JetEn_Down/bjets/3/px in Skim_TriLep_VBFHToZZTo4L.root
2026-06-12 14:27:01,604 - INFO - [2017] MISSING_CENTRAL: SR1E2Mu/Central/bjets/3/px in Skim_TriLep_ggHToZZTo4L.root
2026-06-12 14:27:01,607 - INFO - [2018] MISSING_CENTRAL: SR1E2Mu/Central/bjets/3/px in Skim_TriLep_MuonEG_C.root
2026-06-12 14:27:01,610 - INFO - [2018] MISSING_CENTRAL: SR1E2Mu/Central/bjets/3/px in Skim_TriLep_DYJets.root
2026-06-12 14:27:01,611 - INFO - [2018] MISSING_CENTRAL: SR1E2Mu/Central/bjets/3/px in Skim_TriLep_DYJets10to50.root
2026-06-12 14:27:01,634 - INFO - [2018] MISSING_CENTRAL: SR1E2Mu/Central/bjets/3/px in Skim_TriLep_WWG.root
2026-06-12 14:27:01,805 - INFO - [2018] MISSING_CENTRAL: SR1E2Mu/Central/bjets/3/px in Skim_TriLep_WWW.root
2026-06-12 14:27:01,904 - INFO - [2018] MISSING_SYSTEMATIC: SR1E2Mu/JetEn_Down/bjets/3/px in Skim_TriLep_VBFHToZZTo4L.root
2026-06-12 14:27:01,916 - INFO - [2018] MISSING_CENTRAL: SR1E2Mu/Central/bjets/3/px in Skim_TriLep_ggHToZZTo4L.root
2026-06-18 00:21:20,450 - INFO - [2016preVFP] MISSING_CENTRAL: SR1E2Mu/Central/bjets/3/px in Skim_TriLep_MuonEG_B.root
2026-06-18 00:21:20,451 - INFO - [2016preVFP] MISSING_CENTRAL: SR1E2Mu/Central/bjets/3/px in Skim_TriLep_MuonEG_C.root
2026-06-18 00:21:20,451 - INFO - [2016preVFP] MISSING_CENTRAL: SR1E2Mu/Central/bjets/3/px in Skim_TriLep_MuonEG_D.root
2026-06-18 00:21:20,452 - INFO - [2016preVFP] MISSING_CENTRAL: SR1E2Mu/Central/bjets/3/px in Skim_TriLep_MuonEG_E.root
2026-06-18 00:21:20,452 - INFO - [2016preVFP] MISSING_CENTRAL: SR1E2Mu/Central/bjets/3/px in Skim_TriLep_MuonEG_F.root
2026-06-18 00:21:20,453 - INFO - [2016postVFP] MISSING_CENTRAL: SR1E2Mu/Central/bjets/3/px in Skim_TriLep_MuonEG_F.root
2026-06-18 00:21:20,497 - INFO - [2016postVFP] MISSING_CENTRAL: SR1E2Mu/Central/bjets/3/px in Skim_TriLep_MuonEG_H.root
2026-06-18 00:21:20,532 - INFO - [2018] MISSING_CENTRAL: SR1E2Mu/Central/bjets/3/px in Skim_TriLep_MuonEG_C.root
2026-06-18 00:21:20,547 - INFO - [2016preVFP] MISSING_CENTRAL: SR1E2Mu/Central/bjets/3/px in Skim_TriLep_MuonEG_D.root
2026-06-18 00:21:20,550 - INFO - [2016preVFP] MISSING_CENTRAL: SR1E2Mu/Central/bjets/3/px in Skim_TriLep_DYJets.root
2026-06-18 00:21:20,550 - INFO - [2016preVFP] MISSING_CENTRAL: SR1E2Mu/Central/bjets/3/px in Skim_TriLep_DYJets10to50.root
2026-06-18 00:21:20,584 - INFO - [2016preVFP] MISSING_CENTRAL: SR1E2Mu/Central/bjets/3/px in Skim_TriLep_WWG.root
2026-06-18 00:21:20,741 - INFO - [2016preVFP] MISSING_CENTRAL: SR1E2Mu/Central/bjets/3/px in Skim_TriLep_WWW.root
2026-06-18 00:21:20,847 - INFO - [2016preVFP] MISSING_CENTRAL: SR1E2Mu/Central/bjets/3/px in Skim_TriLep_ggHToZZTo4L.root
2026-06-18 00:21:20,848 - INFO - [2016postVFP] MISSING_CENTRAL: SR1E2Mu/Central/bjets/3/px in Skim_TriLep_MuonEG_F.root
2026-06-18 00:21:20,849 - INFO - [2016postVFP] MISSING_CENTRAL: SR1E2Mu/Central/bjets/3/px in Skim_TriLep_MuonEG_G.root
2026-06-18 00:21:20,850 - INFO - [2016postVFP] MISSING_CENTRAL: SR1E2Mu/Central/bjets/3/px in Skim_TriLep_DYJets.root
2026-06-18 00:21:20,851 - INFO - [2016postVFP] MISSING_CENTRAL: SR1E2Mu/Central/bjets/3/px in Skim_TriLep_DYJets10to50.root
2026-06-18 00:21:20,852 - INFO - [2016postVFP] MISSING_CENTRAL: SR1E2Mu/Central/bjets/3/px in Skim_TriLep_TTG.root
2026-06-18 00:21:20,852 - INFO - [2016postVFP] MISSING_CENTRAL: SR1E2Mu/Central/bjets/3/px in Skim_TriLep_WWG.root
2026-06-18 00:21:21,005 - INFO - [2016postVFP] MISSING_CENTRAL: SR1E2Mu/Central/bjets/3/px in Skim_TriLep_WWW.root
2026-06-18 00:21:21,141 - INFO - [2017] MISSING_CENTRAL: SR1E2Mu/Central/bjets/3/px in Skim_TriLep_MuonEG_E.root
2026-06-18 00:21:21,143 - INFO - [2017] MISSING_CENTRAL: SR1E2Mu/Central/bjets/3/px in Skim_TriLep_DYJets.root
2026-06-18 00:21:21,144 - INFO - [2017] MISSING_CENTRAL: SR1E2Mu/Central/bjets/3/px in Skim_TriLep_DYJets10to50.root
2026-06-18 00:21:21,166 - INFO - [2017] MISSING_CENTRAL: SR1E2Mu/Central/bjets/3/px in Skim_TriLep_WWG.root
2026-06-18 00:21:21,318 - INFO - [2017] MISSING_CENTRAL: SR1E2Mu/Central/bjets/3/px in Skim_TriLep_WWW.root
2026-06-18 00:21:21,319 - INFO - [2017] MISSING_CENTRAL: SR1E2Mu/Central/bjets/3/px in Skim_TriLep_WWZ.root
2026-06-18 00:21:21,390 - INFO - [2017] MISSING_SYSTEMATIC: SR1E2Mu/JetEn_Down/bjets/3/px in Skim_TriLep_VBFHToZZTo4L.root
2026-06-18 00:21:21,407 - INFO - [2017] MISSING_CENTRAL: SR1E2Mu/Central/bjets/3/px in Skim_TriLep_ggHToZZTo4L.root
2026-06-18 00:21:21,411 - INFO - [2018] MISSING_CENTRAL: SR1E2Mu/Central/bjets/3/px in Skim_TriLep_MuonEG_C.root
2026-06-18 00:21:21,414 - INFO - [2018] MISSING_CENTRAL: SR1E2Mu/Central/bjets/3/px in Skim_TriLep_DYJets.root
2026-06-18 00:21:21,414 - INFO - [2018] MISSING_CENTRAL: SR1E2Mu/Central/bjets/3/px in Skim_TriLep_DYJets10to50.root
2026-06-18 00:21:21,436 - INFO - [2018] MISSING_CENTRAL: SR1E2Mu/Central/bjets/3/px in Skim_TriLep_WWG.root
2026-06-18 00:21:21,654 - INFO - [2018] MISSING_CENTRAL: SR1E2Mu/Central/bjets/3/px in Skim_TriLep_WWW.root
2026-06-18 00:21:21,751 - INFO - [2018] MISSING_SYSTEMATIC: SR1E2Mu/JetEn_Down/bjets/3/px in Skim_TriLep_VBFHToZZTo4L.root
2026-06-18 00:21:21,768 - INFO - [2018] MISSING_CENTRAL: SR1E2Mu/Central/bjets/3/px in Skim_TriLep_ggHToZZTo4L.root
2026-07-01 17:35:41,972 - INFO - [2016preVFP] MISSING_CENTRAL: SR1E2Mu/Central/bjets/3/px in Skim_TriLep_MuonEG_B.root
2026-07-01 17:35:41,976 - INFO - [2016preVFP] MISSING_CENTRAL: SR1E2Mu/Central/bjets/3/px in Skim_TriLep_MuonEG_C.root
2026-07-01 17:35:41,991 - INFO - [2016preVFP] MISSING_CENTRAL: SR1E2Mu/Central/bjets/3/px in Skim_TriLep_MuonEG_D.root
2026-07-01 17:35:41,992 - INFO - [2016preVFP] MISSING_CENTRAL: SR1E2Mu/Central/bjets/3/px in Skim_TriLep_MuonEG_E.root
2026-07-01 17:35:41,993 - INFO - [2016preVFP] MISSING_CENTRAL: SR1E2Mu/Central/bjets/3/px in Skim_TriLep_MuonEG_F.root
2026-07-01 17:35:41,996 - INFO - [2016postVFP] MISSING_CENTRAL: SR1E2Mu/Central/bjets/3/px in Skim_TriLep_MuonEG_F.root
2026-07-01 17:35:42,069 - INFO - [2016postVFP] MISSING_CENTRAL: SR1E2Mu/Central/bjets/3/px in Skim_TriLep_MuonEG_H.root
2026-07-01 17:35:42,120 - INFO - [2018] MISSING_CENTRAL: SR1E2Mu/Central/bjets/3/px in Skim_TriLep_MuonEG_C.root
2026-07-01 17:35:42,146 - INFO - [2016preVFP] MISSING_CENTRAL: SR1E2Mu/Central/bjets/3/px in Skim_TriLep_MuonEG_D.root
2026-07-01 17:35:42,155 - INFO - [2016preVFP] MISSING_CENTRAL: SR1E2Mu/Central/bjets/3/px in Skim_TriLep_DYJets.root
2026-07-01 17:35:42,157 - INFO - [2016preVFP] MISSING_CENTRAL: SR1E2Mu/Central/bjets/3/px in Skim_TriLep_DYJets10to50.root
2026-07-01 17:35:42,210 - INFO - [2016preVFP] MISSING_CENTRAL: SR1E2Mu/Central/bjets/3/px in Skim_TriLep_WWG.root
2026-07-01 17:35:42,637 - INFO - [2016preVFP] MISSING_CENTRAL: SR1E2Mu/Central/bjets/3/px in Skim_TriLep_WWW.root
2026-07-01 17:35:42,834 - INFO - [2016preVFP] MISSING_CENTRAL: SR1E2Mu/Central/bjets/3/px in Skim_TriLep_ggHToZZTo4L.root
2026-07-01 17:35:42,836 - INFO - [2016postVFP] MISSING_CENTRAL: SR1E2Mu/Central/bjets/3/px in Skim_TriLep_MuonEG_F.root
2026-07-01 17:35:42,837 - INFO - [2016postVFP] MISSING_CENTRAL: SR1E2Mu/Central/bjets/3/px in Skim_TriLep_MuonEG_G.root
2026-07-01 17:35:42,841 - INFO - [2016postVFP] MISSING_CENTRAL: SR1E2Mu/Central/bjets/3/px in Skim_TriLep_DYJets.root
2026-07-01 17:35:42,842 - INFO - [2016postVFP] MISSING_CENTRAL: SR1E2Mu/Central/bjets/3/px in Skim_TriLep_DYJets10to50.root
2026-07-01 17:35:42,843 - INFO - [2016postVFP] MISSING_CENTRAL: SR1E2Mu/Central/bjets/3/px in Skim_TriLep_TTG.root
2026-07-01 17:35:42,845 - INFO - [2016postVFP] MISSING_CENTRAL: SR1E2Mu/Central/bjets/3/px in Skim_TriLep_WWG.root
2026-07-01 17:35:43,264 - INFO - [2016postVFP] MISSING_CENTRAL: SR1E2Mu/Central/bjets/3/px in Skim_TriLep_WWW.root
2026-07-01 17:35:43,493 - INFO - [2017] MISSING_CENTRAL: SR1E2Mu/Central/bjets/3/px in Skim_TriLep_MuonEG_E.root
2026-07-01 17:35:43,496 - INFO - [2017] MISSING_CENTRAL: SR1E2Mu/Central/bjets/3/px in Skim_TriLep_DYJets.root
2026-07-01 17:35:43,497 - INFO - [2017] MISSING_CENTRAL: SR1E2Mu/Central/bjets/3/px in Skim_TriLep_DYJets10to50.root
2026-07-01 17:35:43,535 - INFO - [2017] MISSING_CENTRAL: SR1E2Mu/Central/bjets/3/px in Skim_TriLep_WWG.root
2026-07-01 17:35:43,953 - INFO - [2017] MISSING_CENTRAL: SR1E2Mu/Central/bjets/3/px in Skim_TriLep_WWW.root
2026-07-01 17:35:43,955 - INFO - [2017] MISSING_CENTRAL: SR1E2Mu/Central/bjets/3/px in Skim_TriLep_WWZ.root
2026-07-01 17:35:44,072 - INFO - [2017] MISSING_SYSTEMATIC: SR1E2Mu/JetEn_Down/bjets/3/px in Skim_TriLep_VBFHToZZTo4L.root
2026-07-01 17:35:44,098 - INFO - [2017] MISSING_CENTRAL: SR1E2Mu/Central/bjets/3/px in Skim_TriLep_ggHToZZTo4L.root
2026-07-01 17:35:44,104 - INFO - [2018] MISSING_CENTRAL: SR1E2Mu/Central/bjets/3/px in Skim_TriLep_MuonEG_C.root
2026-07-01 17:35:44,109 - INFO - [2018] MISSING_CENTRAL: SR1E2Mu/Central/bjets/3/px in Skim_TriLep_DYJets.root
2026-07-01 17:35:44,111 - INFO - [2018] MISSING_CENTRAL: SR1E2Mu/Central/bjets/3/px in Skim_TriLep_DYJets10to50.root
2026-07-01 17:35:44,148 - INFO - [2018] MISSING_CENTRAL: SR1E2Mu/Central/bjets/3/px in Skim_TriLep_WWG.root
2026-07-01 17:35:44,552 - INFO - [2018] MISSING_CENTRAL: SR1E2Mu/Central/bjets/3/px in Skim_TriLep_WWW.root
2026-07-01 17:35:44,665 - INFO - [2018] MISSING_SYSTEMATIC: SR1E2Mu/JetEn_Down/bjets/3/px in Skim_TriLep_VBFHToZZTo4L.root
2026-07-01 17:35:44,681 - INFO - [2018] MISSING_CENTRAL: SR1E2Mu/Central/bjets/3/px in Skim_TriLep_ggHToZZTo4L.root
