{
  "hyperparameters": {
    "signal": "MHc-130_MA-90",
    "channel": "Run1E2Mu",
    "iteration": 0,
    "model_idx": 9,
    "num_hidden": 128,
    "optimizer": "Adam",
    "initial_lr": 0.0003,
    "weight_decay": 0.0013,
    "scheduler": "ReduceLROnPlateau",
    "pilot_mode": false,
    "num_classes": 4,
    "model_type": "ParticleNet",
    "num_node_features": 9,
    "num_graph_features": 4,
    "dropout_p": 0.25,
    "batch_size": 1024,
    "train_folds": [
      0,
      1,
      2
    ],
    "valid_folds": [
      3
    ]
  },
  "training_summary": {
    "best_epoch": 28,
    "best_train_loss": 0.43581949257655267,
    "best_valid_loss": 0.45524863788241343,
    "best_train_acc": 0.8359445696339538,
    "best_valid_acc": 0.8277195292304234,
    "total_epochs": 36
  },
  "epoch_history": {
    "train_loss": [
      0.5003342430679689,
      0.4835505130487014,
      0.47859503999005526,
      0.47316217675218847,
      0.471899336544991,
      0.4605906060915758,
      0.45320571238917856,
      0.4509181585336861,
      0.45070768348979345,
      0.449256829267637,
      0.4469879567953257,
      0.44599935154302384,
      0.44383830423556203,
      0.4434183863157264,
      0.44400754351911703,
      0.44275355433628943,
      0.440864653280979,
      0.43877943986892887,
      0.44151138003708573,
      0.44021938586682074,
      0.43815262457688264,
      0.4407137850901071,
      0.43939909519564607,
      0.440001554627142,
      0.43924854218798,
      0.43673484741851126,
      0.4363569098788535,
      0.4370091099698258,
      0.43581949257655267,
      0.4374196362694309,
      0.43781734272710615,
      0.43597129308932614,
      0.4399739003273498,
      0.43700111174635226,
      0.4364385786473583,
      0.4359373537486494
    ],
    "valid_loss": [
      0.5220126212507415,
      0.5044732145000534,
      0.49926300051278116,
      0.4938890958390858,
      0.4931793679613914,
      0.48140397108205435,
      0.4734054352157969,
      0.4708890751533216,
      0.4707410597421843,
      0.4696132848255169,
      0.46704392424208724,
      0.4663389188200807,
      0.4636747330247727,
      0.4634175880801955,
      0.46370288959555295,
      0.4629931622446067,
      0.46086920891359967,
      0.4589058482553728,
      0.4611817238511949,
      0.45980911959255233,
      0.4579876190615275,
      0.4603603128879218,
      0.4588829248654081,
      0.45967982283554387,
      0.45913633596242326,
      0.45639512421348627,
      0.4556646319636624,
      0.45645297378116434,
      0.45524863788241343,
      0.45694898965280983,
      0.4573638982532881,
      0.45567879549649004,
      0.4593243965625082,
      0.4565902244462644,
      0.45602062850885755,
      0.4555896582327601
    ],
    "train_acc": [
      0.8175687493187803,
      0.820758758266521,
      0.8222770859261925,
      0.8232783203595319,
      0.8238917348731221,
      0.8281007216492232,
      0.8306266206690274,
      0.8311868049975539,
      0.8316620745070504,
      0.8313705758745593,
      0.8331221024402238,
      0.8330384550065524,
      0.8339382986111992,
      0.8342779578873193,
      0.833735516953814,
      0.8337418538806072,
      0.8347190079921321,
      0.835355235442178,
      0.8347506926260985,
      0.8345643869783759,
      0.8354439524172841,
      0.8342551449508635,
      0.834670847348503,
      0.8341791018293441,
      0.8348254683622592,
      0.8359686499557683,
      0.8361663620717188,
      0.8357164402693954,
      0.8359445696339538,
      0.835040923873231,
      0.8358330397223919,
      0.8355275998509555,
      0.8335885002522097,
      0.8358596548149237,
      0.8362956353783019,
      0.8363146461586817
    ],
    "valid_acc": [
      0.8091424350925643,
      0.8117435493970874,
      0.813108331593905,
      0.8144442125206725,
      0.8155167707647597,
      0.8198904962990318,
      0.8225173006213773,
      0.8232301986159503,
      0.8236219713877426,
      0.8231338610491161,
      0.8249674860711934,
      0.8247459096674749,
      0.8257670878759172,
      0.8263547470336058,
      0.825738186605867,
      0.8252179637449624,
      0.8265442109150464,
      0.8267208297875757,
      0.8260978468553812,
      0.8258570029382958,
      0.8267047735264367,
      0.8256803840657665,
      0.8262102406833545,
      0.8262038181788989,
      0.8260175655496861,
      0.8275043753311604,
      0.8281305695155826,
      0.8275429103578941,
      0.8277195292304234,
      0.8268557023811435,
      0.8273630802331369,
      0.8270901237937733,
      0.8253271463207078,
      0.8275204315922994,
      0.827494741574477,
      0.827742007996018
    ],
    "epoch": [
      0,
      1,
      2,
      3,
      4,
      5,
      6,
      7,
      8,
      9,
      10,
      11,
      12,
      13,
      14,
      15,
      16,
      17,
      18,
      19,
      20,
      21,
      22,
      23,
      24,
      25,
      26,
      27,
      28,
      29,
      30,
      31,
      32,
      33,
      34,
      35
    ],
    "timestamp": [
      1760526690.4829874,
      1760527060.800592,
      1760527397.3944914,
      1760527765.4672108,
      1760528120.7846346,
      1760528488.5544827,
      1760528884.8197336,
      1760529201.6048157,
      1760529492.1247163,
      1760529775.9776583,
      1760530073.973461,
      1760530301.379103,
      1760530557.7706861,
      1760530829.9288216,
      1760531100.2134645,
      1760531364.2409446,
      1760531584.721311,
      1760531807.9978585,
      1760532034.248323,
      1760532259.814428,
      1760532470.9927902,
      1760532647.4395654,
      1760532847.1001396,
      1760533047.6112573,
      1760533247.9562538,
      1760533415.4930182,
      1760533610.0948958,
      1760533808.968344,
      1760534002.7652414,
      1760534195.8484879,
      1760534356.80497,
      1760534558.005056,
      1760534758.1858828,
      1760534953.6607955,
      1760535143.9380813,
      1760535309.1818337
    ]
  }
}